,time,file,region_id,area_km2,pt in mask,vol_km3,thickness_m,std_thickness,mean_FL,mean_lat,mean_lon,mean_forcing,max_forcing,std_forcing,min_lat,max_lat,min_lon,max_lon,min_FL,max_FL,area_by_FL
2184102,2024-11-17 14:00:00,20241117T14.nc,126,600.5547,1,183.04906875,304.8,0.0,280.0,39.0,68.25,500006460.0,500006460.0,0.0,39.0,39.0,68.25,68.25,280,280,{280: 600.5546875}
200877,2024-02-08 12:00:00,20240208T12.nc,172,429.32773,1,130.85909157714843,304.8,0.0,290.0,56.250004,-23.499996,609468400.0,609468400.0,0.0,56.25,56.25,-23.5,-23.5,290,290,{290: 429.3277282714844}
2511770,2024-12-15 15:00:00,20241215T15.nc,121,623.19574,1,189.95006147460936,304.8,0.0,340.0,36.25,-72.99999,560187840.0,560187840.0,0.0,36.25,36.25,-73.0,-73.0,340,340,{340: 623.1957397460938}
1261324,2024-08-23 22:00:00,20240823T22.nc,209,193.48601,1,58.974535144042974,304.8,0.0,310.0,75.5,-89.49999,548116600.0,548116600.0,0.0,75.5,75.5,-89.5,-89.5,310,310,{310: 193.4860076904297}
1663890,2024-10-03 03:00:00,20241003T03.nc,201,2917.9082,6,889.3784203125,304.8,0.0,300.0,50.99955,-43.041443,674712100.0,990202000.0,145963460.0,50.75,51.25,-43.5,-42.75,300,300,{300: 2917.908203125}
1794031,2024-10-13 22:00:00,20241013T22.nc,171,1121.0942,2,341.70952382812504,304.8,0.0,330.0,43.5,-74.375,568967100.0,606178800.0,37211710.0,43.5,43.5,-74.5,-74.25,330,330,{330: 1121.09423828125}
2662917,2024-12-29 01:00:00,20241229T01.nc,180,1181.7786,2,360.2061064453125,304.8,0.0,290.0,40.12477,-29.499998,669771840.0,817615740.0,147843920.0,40.0,40.25,-29.5,-29.5,290,290,{290: 1181.778564453125}
487850,2024-03-31 13:00:00,20240331T13.nc,70,4623.442,8,1409.225089453125,304.8,0.0,320.0,41.59352,-82.68704,543580160.0,560195200.0,12534461.0,41.5,41.75,-83.25,-82.0,320,320,{320: 4623.44189453125}
758331,2024-05-18 02:00:00,20240518T02.nc,133,3268.1138,9,1992.2421539062475,609.5999999999992,152.39999999999964,325.0,61.97202,-6.9444957,528739460.0,551091800.0,14304910.0,61.75,62.0,-7.5,-6.25,320,330,"{320: 1813.9666748046875, 330: 1454.1470947265625}"
767814,2024-05-19 16:00:00,20240519T16.nc,358,3101.755,14,945.41488828125,304.8,0.0,270.0,73.33583,83.826485,521455600.0,533139900.0,9288422.0,73.0,73.75,83.0,84.5,270,270,{270: 3101.7548828125}
2556912,2024-12-19 10:00:00,20241219T10.nc,422,988.91785,3,301.42215966796874,304.8,0.0,290.0,64.75,31.75,510415330.0,515767700.0,7242123.0,64.75,64.75,31.5,32.0,290,290,{290: 988.9178466796875}
1802177,2024-10-14 13:00:00,20241014T13.nc,468,1132.7748,3,345.26975302734377,304.8,0.0,290.0,60.750004,-42.999996,640048450.0,761885400.0,86384410.0,60.75,60.75,-43.25,-42.75,290,290,{290: 1132.7747802734375}
1287286,2024-08-29 05:00:00,20240829T05.nc,86,544.0411,1,165.82372016601565,304.8,0.0,380.0,45.25,-38.749996,527703520.0,527703520.0,0.0,45.25,45.25,-38.75,-38.75,380,380,{380: 544.0410766601562}
763389,2024-05-18 23:00:00,20240518T23.nc,140,517.0837,1,157.60710541992188,304.8,0.0,390.0,48.0,88.49999,557872700.0,557872700.0,0.0,48.0,48.0,88.5,88.5,390,390,{390: 517.0836791992188}
74120,2024-01-15,20240115T00.nc,64,3910.4827,6,1191.9151166015629,304.8,0.0,400.0,32.5,54.124996,534447200.0,557562000.0,18107802.0,32.5,32.5,53.5,54.75,400,400,{400: 3910.482666015625}
1703308,2024-10-06 16:00:00,20241006T16.nc,45,696.0321,1,212.15058544921877,304.8,0.0,410.0,25.75,-82.75,842953540.0,842953540.0,0.0,25.75,25.75,-82.75,-82.75,410,410,{410: 696.0321044921875}
969810,2024-06-23 23:00:00,20240623T23.nc,141,462.36697,1,140.92945363769533,304.8,0.0,330.0,53.25,-19.5,540381500.0,540381500.0,0.0,53.25,53.25,-19.5,-19.5,330,330,{330: 462.3669738769531}
423222,2024-03-19 18:00:00,20240319T18.nc,164,1960.9543,4,597.6988845703125,304.8,0.0,300.0,50.624664,-4.1249995,601278850.0,663815200.0,41707660.0,50.5,50.75,-4.25,-4.0,300,300,{300: 1960.954345703125}
1451097,2024-09-16 17:00:00,20240916T17.nc,462,761.0598,2,231.9710314453125,304.8,0.0,300.0,60.499996,-82.875,528074720.0,543247940.0,15173216.0,60.5,60.5,-83.0,-82.75,300,300,{300: 761.059814453125}
1491186,2024-09-19 18:00:00,20240919T18.nc,618,386.97202,2,117.94907028808596,304.8,0.0,290.0,75.5,39.625,507059200.0,507825280.0,766064.0,75.5,75.5,39.5,39.75,290,290,{290: 386.9720153808594}
59585,2024-01-12 10:00:00,20240112T10.nc,230,8544.002,46,5208.423590624993,609.5999999999992,152.39999999999964,365.0,76.08907,3.6166894,874384800.0,1268535000.0,230010610.0,75.75,76.5,1.25,5.75,360,370,"{360: 1308.64892578125, 370: 7235.35302734375}"
2498569,2024-12-14 10:00:00,20241214T10.nc,445,446.00015,1,135.9408465087891,304.8,0.0,360.0,54.75,-39.249996,513844740.0,513844740.0,0.0,54.75,54.75,-39.25,-39.25,360,360,{360: 446.0001525878906}
2458423,2024-12-10 16:00:00,20241210T16.nc,110,683.8914,1,208.45010434570312,304.8,0.0,380.0,27.75,-86.24999,530809730.0,530809730.0,0.0,27.75,27.75,-86.25,-86.25,380,380,{380: 683.8914184570312}
771840,2024-05-20 12:00:00,20240520T12.nc,67,621.1961,1,189.34057309570312,304.8,0.0,360.0,36.5,-33.499996,512736700.0,512736700.0,0.0,36.5,36.5,-33.5,-33.5,360,360,{360: 621.1961059570312}
1750494,2024-10-10 14:00:00,20241010T14.nc,438,695.6448,2,212.03252753906253,304.8,0.0,340.0,63.25,-83.37499,630005760.0,694053300.0,64047584.0,63.25,63.25,-83.5,-83.25,340,340,{340: 695.644775390625}
2218379,2024-11-20 10:00:00,20241120T10.nc,208,587.6185,1,179.10612802734374,304.8,0.0,420.0,40.5,-33.499996,504745440.0,504745440.0,0.0,40.5,40.5,-33.5,-33.5,420,420,{420: 587.6185302734375}
792384,2024-05-23 22:00:00,20240523T22.nc,192,326.5865,1,99.54356118164064,304.8,0.0,300.0,65.0,36.75,505161380.0,505161380.0,0.0,65.0,65.0,36.75,36.75,300,300,{300: 326.58648681640625}
639942,2024-04-27 17:00:00,20240427T17.nc,170,1976.5557,4,1204.9083328124989,609.5999999999992,152.39999999999964,325.0,50.25,-83.49999,597022900.0,614049540.0,25974010.0,50.25,50.25,-83.75,-83.25,320,330,"{320: 988.27783203125, 330: 988.27783203125}"
960764,2024-06-22 06:00:00,20240622T06.nc,170,109836.555,368,100434.54560625005,914.4000000000004,248.86815786677104,330.0,67.19116,-0.679791,618203840.0,982667400.0,96012240.0,64.0,69.0,-5.0,3.0,320,340,"{320: 7285.2099609375, 330: 24267.5859375, 340: 78283.765625}"
2448867,2024-12-09 22:00:00,20241209T22.nc,219,1681.6414,3,512.5642857421875,304.8,0.0,350.0,43.5,-53.0,648836300.0,785546900.0,115800760.0,43.5,43.5,-53.25,-52.75,350,350,{350: 1681.641357421875}
401373,2024-03-16 05:00:00,20240316T05.nc,9,693.07587,1,211.24952416992187,304.8,0.0,360.0,26.250002,-80.5,616811000.0,616811000.0,0.0,26.25,26.25,-80.5,-80.5,360,360,{360: 693.0758666992188}
2377615,2024-12-03 09:00:00,20241203T09.nc,360,434.9185,1,132.56315500488282,304.8,0.0,290.0,55.75,28.249998,718326000.0,718326000.0,0.0,55.75,55.75,28.25,28.25,290,290,{290: 434.9184875488281}
1663475,2024-10-03 02:00:00,20241003T02.nc,221,2207.8962,5,672.9667740234376,304.8,0.0,330.0,55.14837,-68.45013,548804300.0,565715300.0,11685993.0,54.75,55.5,-68.5,-68.25,330,330,{330: 2207.896240234375}
2076762,2024-11-08 03:00:00,20241108T03.nc,226,558.2208,1,170.14570751953124,304.8,0.0,330.0,43.75,-8.749999,501947070.0,501947070.0,0.0,43.75,43.75,-8.75,-8.75,330,330,{330: 558.2208251953125}
1882061,2024-10-20 22:00:00,20241020T22.nc,52,8285.309,12,5050.724118749994,609.5999999999992,152.39999999999964,365.0,26.687216,-53.87506,772528830.0,1214062300.0,197962100.0,26.5,27.0,-54.25,-53.5,360,370,"{360: 5522.01953125, 370: 2763.28955078125}"
2608185,2024-12-24 10:00:00,20241224T10.nc,36,2887101.5,4901,7039908.297600001,2438.4000000000005,698.3845359112701,315.0,40.200264,56.219868,921341600.0,2656639200.0,350695870.0,34.25,45.5,49.0,62.75,280,350,"{280: 546.4305419921875, 290: 12295.8798828125, 300: 596389.1875, 310: 463836.46875, 320: 552777.75, 330: 692386.0, 340: 514763.8125, 350: 54106.16796875}"
953697,2024-06-21,20240621T00.nc,80,613.0792,1,186.86654736328128,304.8,0.0,410.0,37.5,-54.499996,2248014800.0,2248014800.0,0.0,37.5,37.5,-54.5,-54.5,410,410,{410: 613.0792236328125}
1058937,2024-07-13 03:00:00,20240713T03.nc,162,317.39105,1,96.74079272460938,304.8,0.0,330.0,65.75,41.249996,520447330.0,520447330.0,0.0,65.75,65.75,41.25,41.25,330,330,{330: 317.39105224609375}
514318,2024-04-05 04:00:00,20240405T04.nc,55,634.94366,1,193.5308289550781,304.8,0.0,410.0,34.75,-7.2499995,583098050.0,583098050.0,0.0,34.75,34.75,-7.25,-7.25,410,410,{410: 634.9436645507812}
918985,2024-06-14 18:00:00,20240614T18.nc,85,4484.5728,7,2733.795550781255,609.600000000001,152.40000000000057,375.0,33.999786,-45.785923,663189570.0,851660600.0,115991760.0,33.75,34.25,-46.0,-45.5,370,380,"{370: 1281.3099365234375, 380: 3203.2626953125}"
468575,2024-03-28 05:00:00,20240328T05.nc,170,2388.0342,6,727.87281796875,304.8,0.0,300.0,59.0,-68.12499,510168350.0,518141060.0,4846317.5,59.0,59.0,-68.75,-67.5,300,300,{300: 2388.0341796875}
1878446,2024-10-20 15:00:00,20241020T15.nc,125,3249.6462,5,1980.9843480468728,609.5999999999992,152.39999999999964,385.0,32.750004,-36.199997,852863400.0,1021845570.0,132066504.0,32.75,32.75,-36.5,-36.0,380,390,"{380: 1949.787841796875, 390: 1299.8585205078125}"
1034935,2024-07-07 20:00:00,20240707T20.nc,195,1498.5771,4,456.76631484375,304.8,0.0,350.0,60.99902,58.87549,615527700.0,708377400.0,60023600.0,60.75,61.25,58.75,59.0,350,350,{350: 1498.5771484375}
1413444,2024-09-13 19:00:00,20240913T19.nc,224,1258.2472,2,383.5137442382813,304.8,0.0,380.0,35.5,-70.875,578324000.0,579268700.0,944736.0,35.5,35.5,-71.0,-70.75,380,380,{380: 1258.2471923828125}
2147118,2024-11-14 10:00:00,20241114T10.nc,286,18464.746,40,11256.109218749983,609.5999999999992,152.39999999999964,385.0,53.317062,58.136326,2644446700.0,3177531600.0,399155000.0,52.75,53.75,56.75,59.5,380,390,"{380: 2763.37744140625, 390: 15701.3671875}"
411655,2024-03-17 19:00:00,20240317T19.nc,46,634.94366,1,193.5308289550781,304.8,0.0,310.0,34.75,62.25,500799500.0,500799500.0,0.0,34.75,34.75,62.25,62.25,310,310,{310: 634.9436645507812}
472754,2024-03-28 21:00:00,20240328T21.nc,31,46621.26,70,42630.48171562502,914.4000000000004,248.86815786677104,430.0,30.469578,-43.349796,684933760.0,1060350500.0,135735470.0,29.5,31.25,-45.0,-42.25,420,440,"{420: 1326.5157470703125, 430: 12616.4541015625, 440: 32678.287109375}"
1660093,2024-10-02 17:00:00,20241002T17.nc,368,988.91785,3,602.8443193359385,609.600000000001,152.40000000000057,305.0,64.75,-18.083332,551863800.0,628515800.0,54322796.0,64.75,64.75,-18.25,-18.0,300,310,"{300: 329.6392822265625, 310: 659.278564453125}"
1053219,2024-07-11 19:00:00,20240711T19.nc,41,667.5457,1,203.46793403320316,304.8,0.0,390.0,30.25,-83.24999,894391200.0,894391200.0,0.0,30.25,30.25,-83.25,-83.25,390,390,{390: 667.5457153320312}
105147,2024-01-21 02:00:00,20240121T02.nc,142,353.831,1,107.84768686523438,304.8,0.0,340.0,62.75,58.999996,509646270.0,509646270.0,0.0,62.75,62.75,59.0,59.0,340,340,{340: 353.83099365234375}
1694549,2024-10-05 20:00:00,20241005T20.nc,385,362.79333,1,110.57940849609376,304.8,0.0,280.0,62.000004,58.75,511715400.0,511715400.0,0.0,62.0,62.0,58.75,58.75,280,280,{280: 362.7933349609375}
931422,2024-06-16 23:00:00,20240616T23.nc,9,2167.9316,3,660.7855640625,304.8,0.0,440.0,20.750002,87.49999,558409000.0,576407230.0,20121052.0,20.75,20.75,87.25,87.75,440,440,{440: 2167.931640625}
321269,2024-03-01 20:00:00,20240301T20.nc,93,388008.0,722,1064383.5455999998,2743.2,786.9902159493472,310.0,45.70324,9.7747345,1068773200.0,3000377000.0,528983700.0,39.75,50.75,7.0,14.0,270,350,"{270: 35406.5390625, 280: 62543.77734375, 290: 69821.6328125, 300: 31331.298828125, 310: 20495.98046875, 320: 54559.359375, 330: 70769.984375, 340: 38524.26171875, 350: 4555.16357421875}"
1763034,2024-10-11 14:00:00,20241011T14.nc,115,636.85956,1,194.11479331054687,304.8,0.0,430.0,34.5,-43.749996,584024200.0,584024200.0,0.0,34.5,34.5,-43.75,-43.75,430,430,{430: 636.8595581054688}
1016419,2024-07-04 05:00:00,20240704T05.nc,117,16436.727,34,10019.828512499987,609.5999999999992,152.39999999999964,345.0,51.26339,30.657442,625942700.0,789994240.0,82924200.0,50.0,52.5,30.25,31.25,340,350,"{340: 5756.66259765625, 350: 10680.064453125}"
763616,2024-05-19,20240519T00.nc,141,2038.0892,4,621.2095983398438,304.8,0.0,280.0,48.75,3.3750002,555295550.0,600462800.0,39671990.0,48.75,48.75,3.0,3.75,280,280,{280: 2038.0892333984375}
732991,2024-05-13 13:00:00,20240513T13.nc,272,824.722,2,251.37526098632813,304.8,0.0,340.0,57.75,26.375,591678700.0,605241100.0,13562336.0,57.75,57.75,26.25,26.5,340,340,{340: 824.7219848632812}
1879225,2024-10-20 16:00:00,20241020T16.nc,261,1001.1785,2,305.15921528320314,304.8,0.0,300.0,49.62468,56.749996,591638100.0,636794750.0,45156670.0,49.5,49.75,56.75,56.75,300,300,{300: 1001.1785278320312}
2245912,2024-11-22 20:00:00,20241122T20.nc,300,418.04852,1,127.42118979492189,304.8,0.0,280.0,57.25,-61.999992,664945300.0,664945300.0,0.0,57.25,57.25,-62.0,-62.0,280,280,{280: 418.04852294921875}
2101808,2024-11-10 09:00:00,20241110T09.nc,177,569.7454,1,173.65840473632815,304.8,0.0,370.0,42.5,-24.0,527675000.0,527675000.0,0.0,42.5,42.5,-24.0,-24.0,370,370,{370: 569.7454223632812}
511093,2024-04-04 14:00:00,20240404T14.nc,271,713.65045,2,217.52065766601564,304.8,0.0,300.0,62.5,7.1249995,639231940.0,738703100.0,99471170.0,62.5,62.5,7.0,7.25,300,300,{300: 713.6504516601562}
291578,2024-02-25 06:00:00,20240225T06.nc,71,1159.769,2,353.497604296875,304.8,0.0,360.0,41.37476,27.500002,509576860.0,509766200.0,189344.0,41.25,41.5,27.5,27.5,360,360,{360: 1159.76904296875}
502770,2024-04-03 07:00:00,20240403T07.nc,96,4218.6963,7,3857.575886718752,914.4000000000004,248.86815786677104,370.0,38.75,34.25,671816700.0,835407740.0,101575990.0,38.75,38.75,34.0,34.75,360,380,"{360: 602.6708984375, 370: 1205.341796875, 380: 2410.68359375}"
2522449,2024-12-16 11:00:00,20241216T11.nc,302,491.5418,1,149.82194340820314,304.8,0.0,320.0,50.5,-34.25,1396001200.0,1396001200.0,0.0,50.5,50.5,-34.25,-34.25,320,320,{320: 491.54180908203125}
2628009,2024-12-26 04:00:00,20241226T04.nc,244,598.427,1,182.4005501953125,304.8,0.0,300.0,39.25,-51.749996,541592000.0,541592000.0,0.0,39.25,39.25,-51.75,-51.75,300,300,{300: 598.427001953125}
1047834,2024-07-10 12:00:00,20240710T12.nc,80,1908.3625,4,581.6689048828125,304.8,0.0,360.0,51.874657,-55.000343,524972740.0,544623040.0,19797250.0,51.75,52.0,-55.25,-54.75,360,360,{360: 1908.362548828125}
798212,2024-05-24 23:00:00,20240524T23.nc,61,19118.857,30,23309.710968750027,1219.2000000000014,340.77675977096834,365.0,34.440495,-72.150696,662371400.0,932144100.0,129565096.0,33.75,35.0,-72.75,-71.5,350,380,"{350: 3821.133056640625, 360: 638.7633056640625, 370: 5729.7470703125, 380: 8929.2138671875}"
521439,2024-04-06 07:00:00,20240406T07.nc,143,429.32773,1,130.85909157714843,304.8,0.0,280.0,56.250004,71.74999,582059000.0,582059000.0,0.0,56.25,56.25,71.75,71.75,280,280,{280: 429.3277282714844}
1955248,2024-10-27 06:00:00,20241027T06.nc,316,314.31363,1,95.80279416503907,304.8,0.0,300.0,66.0,13.249998,585883400.0,585883400.0,0.0,66.0,66.0,13.25,13.25,300,300,{300: 314.3136291503906}
1567348,2024-09-25 12:00:00,20240925T12.nc,374,403.77097,1,123.0693903076172,304.8,0.0,320.0,58.5,43.249992,526067260.0,526067260.0,0.0,58.5,58.5,43.25,43.25,320,320,{320: 403.7709655761719}
307796,2024-02-28 08:00:00,20240228T08.nc,169,488.93536,1,149.02749887695313,304.8,0.0,350.0,50.749996,35.999992,509423940.0,509423940.0,0.0,50.75,50.75,36.0,36.0,350,350,{350: 488.93536376953125}
2563957,2024-12-20 02:00:00,20241220T02.nc,301,60151.11,122,110004.348825,1828.8,520.5450989107478,295.0,50.343002,43.0723,652445800.0,927109000.0,103753770.0,48.5,51.75,41.0,44.5,270,320,"{270: 483.6945495605469, 280: 4431.13427734375, 290: 23695.09375, 300: 13336.29296875, 310: 8369.07421875, 320: 9835.814453125}"
1046543,2024-07-10 04:00:00,20240710T04.nc,112,27758.648,67,16921.67208750003,609.600000000001,152.40000000000057,355.0,57.57449,13.532475,650706400.0,854315970.0,84668060.0,56.75,58.25,12.5,14.5,350,360,"{350: 13641.8017578125, 360: 14116.84375}"
416322,2024-03-18 15:00:00,20240318T15.nc,32,653.5526,1,199.2028362304688,304.8,0.0,330.0,32.25,-27.25,636698900.0,636698900.0,0.0,32.25,32.25,-27.25,-27.25,330,330,{330: 653.5526123046875}
2539393,2024-12-17 23:00:00,20241217T23.nc,69,1273.7191,2,776.4591732421866,609.5999999999992,152.39999999999964,325.0,34.5,-83.74999,1069303550.0,1627082000.0,557778400.0,34.5,34.5,-83.75,-83.75,320,330,"{320: 636.8595581054688, 330: 636.8595581054688}"
2095584,2024-11-09 18:00:00,20241109T18.nc,483,321.33557,2,97.94308212890624,304.8,0.0,270.0,78.0,35.625,516619520.0,521023330.0,4403824.0,78.0,78.0,35.5,35.75,270,270,{270: 321.3355712890625}
2202103,2024-11-19 01:00:00,20241119T01.nc,328,36638.168,85,33501.94079062495,914.3999999999984,248.8681578667703,320.0,56.0955,-27.494448,744159940.0,1214980700.0,200638610.0,55.75,56.5,-30.75,-24.25,310,330,"{310: 10329.01953125, 320: 19395.16015625, 330: 6913.994140625}"
1250719,2024-08-21 10:00:00,20240821T10.nc,31,691.57794,1,210.79295668945312,304.8,0.0,440.0,26.500002,79.74999,529359260.0,529359260.0,0.0,26.5,26.5,79.75,79.75,440,440,{440: 691.5779418945312}
283980,2024-02-23 16:00:00,20240223T16.nc,140,2273.8694,7,693.0753884765626,304.8,0.0,290.0,65.14229,23.536577,539259460.0,565066750.0,19377656.0,65.0,65.25,23.0,24.0,290,290,{290: 2273.869384765625}
2473251,2024-12-11 23:00:00,20241211T23.nc,266,506.9824,1,154.52823288574217,304.8,0.0,360.0,49.0,-74.24999,669521540.0,669521540.0,0.0,49.0,49.0,-74.25,-74.25,360,360,{360: 506.9823913574219}
2487929,2024-12-13 13:00:00,20241213T13.nc,141,1820.6069,3,1109.8419867187488,609.5999999999992,152.39999999999964,295.0,38.250004,59.58333,582289200.0,610992300.0,27972842.0,38.25,38.25,59.5,59.75,290,300,"{290: 1213.7379150390625, 300: 606.8689575195312}"
912605,2024-06-13 17:00:00,20240613T17.nc,103,9874.531,16,9029.271375000004,914.4000000000004,248.86815786677104,350.0,36.99959,35.203175,1002527300.0,1740877300.0,398010700.0,36.75,37.25,34.5,35.75,340,360,"{340: 1851.4716796875, 350: 6173.611328125, 360: 1849.448486328125}"
2045692,2024-11-05 13:00:00,20241105T13.nc,386,766.9219,2,233.7577875,304.8,0.0,300.0,60.25,-72.125,673191700.0,705236200.0,32044576.0,60.25,60.25,-72.25,-72.0,300,300,{300: 766.921875}
2336304,2024-11-30,20241130T00.nc,399,908.445,2,276.8940382324219,304.8,0.0,270.0,54.0,-55.625,637143040.0,665503040.0,28360032.0,54.0,54.0,-55.75,-55.5,270,270,{270: 908.4450073242188}
593890,2024-04-19 20:00:00,20240419T20.nc,104,1695.5034,3,516.789441796875,304.8,0.0,360.0,42.999996,78.0,633706000.0,689982140.0,41884720.0,43.0,43.0,77.75,78.25,360,360,{360: 1695.50341796875}
2108236,2024-11-10 23:00:00,20241110T23.nc,167,615.12604,1,187.4904162597656,304.8,0.0,330.0,37.25,-65.74999,601297300.0,601297300.0,0.0,37.25,37.25,-65.75,-65.75,330,330,{330: 615.1260375976562}
2157241,2024-11-15 05:00:00,20241115T05.nc,269,486.31958,1,148.2302080078125,304.8,0.0,330.0,51.0,-42.499996,566949950.0,566949950.0,0.0,51.0,51.0,-42.5,-42.5,330,330,{330: 486.319580078125}
2511780,2024-12-15 15:00:00,20241215T15.nc,131,64873.656,106,118640.94255,1828.8,520.5450989107478,345.0,37.6198,-11.721559,722206850.0,1374900900.0,192919230.0,36.75,39.25,-13.0,-10.5,320,370,"{320: 3032.1474609375, 330: 30507.572265625, 340: 1843.331298828125, 350: 17797.3125, 360: 7990.35693359375, 370: 3702.943115234375}"
975064,2024-06-25 04:00:00,20240625T04.nc,125,467.75272,1,142.5710278564453,304.8,0.0,330.0,52.75,44.749996,607679500.0,607679500.0,0.0,52.75,52.75,44.75,44.75,330,330,{330: 467.7527160644531}
511189,2024-04-04 15:00:00,20240404T15.nc,17,7666.5215,11,2336.7557484375,304.8,0.0,350.0,25.590504,67.70417,648503900.0,891755400.0,100778230.0,25.25,26.0,67.25,68.25,350,350,{350: 7666.521484375}
281727,2024-02-23 05:00:00,20240223T05.nc,202,2969.7878,9,905.1913341796876,304.8,0.0,290.0,64.72096,22.08299,510066560.0,523489630.0,7196913.0,64.5,65.0,21.75,22.5,290,290,{290: 2969.787841796875}
566380,2024-04-15 02:00:00,20240415T02.nc,106,1934.7782,4,589.7203948242188,304.8,0.0,270.0,51.25,-69.625,613768300.0,649946240.0,34653330.0,51.25,51.25,-70.0,-69.25,270,270,{270: 1934.7781982421875}
318574,2024-03-01 09:00:00,20240301T09.nc,50,1292.5128,2,393.9579067382812,304.8,0.0,330.0,33.25,-77.37499,510921340.0,515310460.0,4389104.0,33.25,33.25,-77.5,-77.25,330,330,{330: 1292.5128173828125}
2274515,2024-11-25 05:00:00,20241125T05.nc,21,718.9983,1,219.1506791015625,304.8,0.0,440.0,21.5,-54.0,562963460.0,562963460.0,0.0,21.5,21.5,-54.0,-54.0,440,440,{440: 718.998291015625}
2477030,2024-12-12 08:00:00,20241212T08.nc,254,959.47723,2,292.4486608886719,304.8,0.0,370.0,51.624653,-41.749996,528786020.0,529079600.0,293600.0,51.5,51.75,-41.75,-41.75,370,370,{370: 959.4772338867188}
2601663,2024-12-23 19:00:00,20241223T19.nc,303,3489.9775,7,2127.4903078124976,609.5999999999992,152.39999999999964,365.0,49.821167,-17.964231,550472500.0,631947260.0,38376490.0,49.75,50.0,-18.25,-17.75,360,370,"{360: 1495.33642578125, 370: 1994.641357421875}"
919144,2024-06-14 18:00:00,20240614T18.nc,251,23980.541,69,29237.075606250037,1219.2000000000014,340.77675977096834,345.0,63.26094,58.084187,759449660.0,1314016800.0,221498400.0,62.5,64.25,55.75,60.25,330,360,"{330: 1403.3134765625, 340: 9024.712890625, 350: 8029.6787109375, 360: 5522.83203125}"
748925,2024-05-16 13:00:00,20240516T13.nc,2,559619.75,799,1364576.7984000004,2438.4000000000005,698.3845359112701,405.0,24.938469,-53.522667,816454400.0,1965575200.0,262836210.0,21.5,27.75,-58.25,-48.25,370,440,"{370: 6173.6279296875, 380: 39331.1796875, 390: 51155.23828125, 400: 119180.1875, 410: 101538.984375, 420: 113645.0546875, 430: 89092.546875, 440: 39502.96484375}"
2543281,2024-12-18 07:00:00,20241218T07.nc,314,553.5363,1,168.7178690917969,304.8,0.0,350.0,44.25,-56.749996,500317630.0,500317630.0,0.0,44.25,44.25,-56.75,-56.75,350,350,{350: 553.5363159179688}
1171838,2024-08-04 18:00:00,20240804T18.nc,76,60910.965,91,74262.64833749998,1219.1999999999996,340.77675977096794,425.0,29.979145,80.34145,832761100.0,1314100700.0,225926980.0,29.25,30.5,79.0,81.25,410,440,"{410: 5335.23779296875, 420: 18048.861328125, 430: 24095.32421875, 440: 13431.5322265625}"
389157,2024-03-13 23:00:00,20240313T23.nc,12,150801.34,218,91928.49915000016,609.600000000001,152.40000000000057,355.0,26.452423,24.43103,991192260.0,2025531800.0,373474940.0,24.5,27.75,18.25,31.75,350,360,"{350: 60067.33984375, 360: 90734.0}"
2446312,2024-12-09 17:00:00,20241209T17.nc,403,448.7495,1,136.778851171875,304.8,0.0,320.0,54.5,-30.5,1098836200.0,1098836200.0,0.0,54.5,54.5,-30.5,-30.5,320,320,{320: 448.74951171875}
222830,2024-02-12 05:00:00,20240212T05.nc,155,558.2208,1,170.14570751953124,304.8,0.0,280.0,43.75,18.0,501164350.0,501164350.0,0.0,43.75,43.75,18.0,18.0,280,280,{280: 558.2208251953125}
1437575,2024-09-15 17:00:00,20240915T17.nc,62,16023.241,23,24419.41960546876,1524.000000000001,431.0522938113196,420.0,25.640896,84.41292,1484862800.0,2383599400.0,499619780.0,25.25,26.0,84.25,84.75,400,440,"{400: 697.4903564453125, 410: 2788.48974609375, 420: 2788.48974609375, 430: 5571.1337890625, 440: 4177.6376953125}"
419862,2024-03-19 06:00:00,20240319T06.nc,210,18061.902,49,16515.803503125007,914.4000000000004,248.86815786677104,300.0,61.50872,63.177567,808215100.0,1222352100.0,200521070.0,61.25,62.0,61.0,64.75,290,310,"{290: 3330.442138671875, 300: 5182.990234375, 310: 9548.466796875}"
1240152,2024-08-19,20240819T00.nc,75,36469.785,65,44463.96206250005,1219.2000000000014,340.77675977096834,365.0,43.440598,22.160809,897843260.0,1460106200.0,258904160.0,43.0,44.25,20.75,23.5,350,380,"{350: 10687.3603515625, 360: 9547.7626953125, 370: 8415.046875, 380: 7819.6162109375}"
48079,2024-01-10 11:00:00,20240110T11.nc,103,1775.9272,3,541.302624609375,304.8,0.0,300.0,40.000004,8.499999,599297100.0,661504800.0,56123550.0,40.0,40.0,8.25,8.75,300,300,{300: 1775.92724609375}
2062558,2024-11-06 23:00:00,20241106T23.nc,179,576.5304,1,175.72646455078126,304.8,0.0,380.0,41.75,-17.75,1676388000.0,1676388000.0,0.0,41.75,41.75,-17.75,-17.75,380,380,{380: 576.5303955078125}
2452831,2024-12-10 05:00:00,20241210T05.nc,458,403.77097,1,123.0693903076172,304.8,0.0,290.0,58.5,63.249992,569122050.0,569122050.0,0.0,58.5,58.5,63.25,63.25,290,290,{290: 403.7709655761719}
395035,2024-03-15 04:00:00,20240315T04.nc,23,6484.651,10,1976.521587890625,304.8,0.0,350.0,32.949886,-86.07488,758592000.0,929433150.0,158394620.0,32.75,33.0,-87.0,-85.25,350,350,{350: 6484.65087890625}
2540498,2024-12-18 01:00:00,20241218T01.nc,410,3945.976,11,1202.7335074218752,304.8,0.0,300.0,62.33967,-56.70516,516328930.0,549654300.0,14696155.0,62.0,62.75,-57.5,-56.25,300,300,{300: 3945.97607421875}
158581,2024-01-31 01:00:00,20240131T01.nc,99,507578.28,1032,1392388.741125,2743.2,786.9902159493472,310.0,50.420433,44.853996,637986750.0,1178588500.0,133932150.0,46.5,52.75,40.0,50.5,270,350,"{270: 50967.89453125, 280: 108717.078125, 290: 165609.078125, 300: 47226.734375, 310: 28265.53515625, 320: 53162.51171875, 330: 40590.9453125, 340: 9679.0126953125, 350: 3359.4921875}"
210740,2024-02-10 04:00:00,20240210T04.nc,29,70497.984,105,128926.713825,1828.8,520.5450989107475,385.0,29.672117,9.578514,840387600.0,1562222800.0,239325180.0,28.75,30.5,7.5,11.0,360,410,"{360: 2691.927001953125, 370: 11445.29296875, 380: 14119.015625, 390: 4716.3212890625, 400: 15422.5029296875, 410: 22102.931640625}"
520669,2024-04-06 03:00:00,20240406T03.nc,201,3189.267,10,1944.1772179687475,609.5999999999992,152.39999999999964,325.0,65.6244,82.04903,594177800.0,815684600.0,121201920.0,65.5,65.75,81.5,82.75,320,330,"{320: 2230.951416015625, 330: 958.315673828125}"
1286989,2024-08-29 03:00:00,20240829T03.nc,166,77488.97,268,94474.55069999998,1219.1999999999996,340.7767597709678,315.0,68.01892,-76.47708,756494000.0,1205154400.0,198960340.0,67.0,68.75,-81.25,-72.5,300,330,"{300: 4093.37353515625, 310: 24948.27734375, 320: 34699.32421875, 330: 13747.990234375}"
1736953,2024-10-09 11:00:00,20241009T11.nc,243,1049.113,2,319.7696537109375,304.8,0.0,380.0,47.25,5.8749995,879247200.0,1062315400.0,183068200.0,47.25,47.25,5.75,6.0,380,380,{380: 1049.113037109375}
439284,2024-03-22 14:00:00,20240322T14.nc,126,558.2208,1,170.14570751953124,304.8,0.0,380.0,43.75,3.2499995,510729600.0,510729600.0,0.0,43.75,43.75,3.25,3.25,380,380,{380: 558.2208251953125}
2335181,2024-11-29 22:00:00,20241129T22.nc,515,6580.805,18,6017.488252734377,914.4000000000004,248.86815786677104,310.0,61.762875,-18.681313,649750500.0,1085637400.0,133645700.0,61.5,62.0,-19.25,-18.25,300,320,"{300: 2554.421875, 310: 362.7933349609375, 320: 3663.58984375}"
1893962,2024-10-21 22:00:00,20241021T22.nc,441,1054.0399,4,321.2713666992188,304.8,0.0,290.0,70.061935,55.75,657280260.0,778173900.0,94678830.0,70.0,70.25,55.5,56.0,290,290,{290: 1054.0399169921875}
156179,2024-01-30 14:00:00,20240130T14.nc,30,636.85956,1,194.11479331054687,304.8,0.0,330.0,34.5,-14.499999,510111870.0,510111870.0,0.0,34.5,34.5,-14.5,-14.5,330,330,{330: 636.8595581054688}
1916952,2024-10-23 19:00:00,20241023T19.nc,320,3877.4316,8,1181.8411640625,304.8,0.0,320.0,51.15593,53.499996,583877060.0,706598400.0,54288760.0,51.0,51.25,53.0,54.0,320,320,{320: 3877.431640625}
185461,2024-02-05 10:00:00,20240205T10.nc,22,667.5457,1,203.46793403320316,304.8,0.0,380.0,30.25,-5.9999995,507839740.0,507839740.0,0.0,30.25,30.25,-6.0,-6.0,380,380,{380: 667.5457153320312}
1596332,2024-09-27 08:00:00,20240927T08.nc,551,1862.783,7,567.7762458984375,304.8,0.0,290.0,69.85641,71.321785,553433400.0,624711500.0,35978580.0,69.75,70.0,71.0,71.75,290,290,{290: 1862.782958984375}
1398403,2024-09-12 18:00:00,20240912T18.nc,691,1281.8492,4,781.4152986328115,609.5999999999992,152.39999999999964,295.0,65.5,-52.8125,598750100.0,694319100.0,60710270.0,65.5,65.5,-53.0,-52.5,290,300,"{290: 320.4623107910156, 300: 961.386962890625}"
2356271,2024-12-01 10:00:00,20241201T10.nc,250,531.9394,1,162.1351267089844,304.8,0.0,320.0,46.5,16.5,530352320.0,530352320.0,0.0,46.5,46.5,16.5,16.5,320,320,{320: 531.9393920898438}
1116893,2024-07-25 05:00:00,20240725T05.nc,55,1262.1514,2,769.407473437499,609.5999999999992,152.39999999999964,385.0,35.25,-80.99999,576654200.0,634132740.0,57478544.0,35.25,35.25,-81.0,-81.0,380,390,"{380: 631.07568359375, 390: 631.07568359375}"
1768344,2024-10-11 23:00:00,20241011T23.nc,413,386.3847,1,117.77005795898438,304.8,0.0,320.0,60.0,-69.99999,1125752400.0,1125752400.0,0.0,60.0,60.0,-70.0,-70.0,320,320,{320: 386.38470458984375}
140792,2024-01-27 18:00:00,20240127T18.nc,12,8642.466,12,2634.22358203125,304.8,0.0,350.0,21.248657,19.31151,586743600.0,703206900.0,61026520.0,20.5,22.0,18.75,19.75,350,350,{350: 8642.4658203125}
2484938,2024-12-13 06:00:00,20241213T06.nc,73,698.9353,1,213.0354802734375,304.8,0.0,370.0,25.250002,-3.4999998,509174180.0,509174180.0,0.0,25.25,25.25,-3.5,-3.5,370,370,{370: 698.935302734375}
1018031,2024-07-04 14:00:00,20240704T14.nc,39,701.78534,1,213.90417143554689,304.8,0.0,440.0,24.75,86.99999,1514199300.0,1514199300.0,0.0,24.75,24.75,87.0,87.0,440,440,{440: 701.7853393554688}
528363,2024-04-07 13:00:00,20240407T13.nc,176,3310.2788,8,1008.9729808593752,304.8,0.0,300.0,57.62457,-67.12413,563781000.0,592416260.0,21353344.0,57.5,57.75,-67.75,-66.5,300,300,{300: 3310.27880859375}
2005339,2024-11-01 18:00:00,20241101T18.nc,134,7028.251,11,2142.2108976562504,304.8,0.0,390.0,34.22681,-86.70536,908034600.0,1496548400.0,334300500.0,34.0,34.5,-87.5,-86.0,390,390,{390: 7028.2509765625}
455886,2024-03-26 01:00:00,20240326T01.nc,27,1927.5908,3,587.52968203125,304.8,0.0,390.0,33.749516,-59.499996,4057982000.0,4262389000.0,240758080.0,33.5,34.0,-59.5,-59.5,390,390,{390: 1927.5908203125}
2568582,2024-12-20 13:00:00,20241220T13.nc,120,604.7757,1,184.3356320800781,304.8,0.0,300.0,38.5,45.0,604150700.0,604150700.0,0.0,38.5,38.5,45.0,45.0,300,300,{300: 604.7756958007812}
542096,2024-04-09 23:00:00,20240409T23.nc,86,1196.854,2,364.801100390625,304.8,0.0,330.0,39.25,-29.624998,762800000.0,805839100.0,43039070.0,39.25,39.25,-29.75,-29.5,330,330,{330: 1196.85400390625}
444139,2024-03-23 16:00:00,20240323T16.nc,35,646.2564,1,196.9789533691406,304.8,0.0,350.0,33.25,-37.75,1269989000.0,1269989000.0,0.0,33.25,33.25,-37.75,-37.75,350,350,{350: 646.2564086914062}
2347337,2024-11-30 19:00:00,20241130T19.nc,78,5228.421,8,3187.245379687496,609.5999999999992,152.39999999999964,325.0,32.25,-77.59374,767288600.0,1036251840.0,182031100.0,32.25,32.25,-78.0,-77.0,320,330,"{320: 1960.6578369140625, 330: 3267.76318359375}"
323264,2024-03-02 05:00:00,20240302T05.nc,50,664.12305,1,202.4247046875,304.8,0.0,350.0,30.75,-47.249996,509180800.0,509180800.0,0.0,30.75,30.75,-47.25,-47.25,350,350,{350: 664.123046875}
815787,2024-05-28,20240528T00.nc,99,985.6807,2,300.43548500976567,304.8,0.0,310.0,50.374672,10.5,639323500.0,679543200.0,40219616.0,50.25,50.5,10.5,10.5,310,310,{310: 985.6807250976562}
1705852,2024-10-06 21:00:00,20241006T21.nc,15,1417.352,2,864.0178101562516,609.600000000001,152.40000000000057,425.0,23.5,86.74999,550327600.0,565326000.0,14998416.0,23.5,23.5,86.75,86.75,420,430,"{420: 708.676025390625, 430: 708.676025390625}"
1869633,2024-10-19 22:00:00,20241019T22.nc,424,1652.2916,4,503.6184875976562,304.8,0.0,290.0,57.687183,-43.187172,516816260.0,526551600.0,5656317.5,57.5,57.75,-43.5,-43.0,290,290,{290: 1652.2916259765625}
781956,2024-05-22 03:00:00,20240522T03.nc,159,683.5744,2,208.3534776855469,304.8,0.0,290.0,63.75,81.62499,678921100.0,688626300.0,9705216.0,63.75,63.75,81.5,81.75,290,290,{290: 683.5744018554688}
1543750,2024-09-23 16:00:00,20240923T16.nc,360,531.9394,1,162.1351267089844,304.8,0.0,330.0,46.5,41.5,642772700.0,642772700.0,0.0,46.5,46.5,41.5,41.5,330,330,{330: 531.9393920898438}
1425082,2024-09-14 17:00:00,20240914T17.nc,450,772.7694,2,235.5401159179688,304.8,0.0,300.0,60.0,-50.625,579978400.0,603576770.0,23598432.0,60.0,60.0,-50.75,-50.5,300,300,{300: 772.7694091796875}
2428789,2024-12-08 06:00:00,20241208T06.nc,397,459.66086,1,140.1046295654297,304.8,0.0,300.0,53.5,47.0,715738000.0,715738000.0,0.0,53.5,53.5,47.0,47.0,300,300,{300: 459.6608581542969}
274887,2024-02-21 18:00:00,20240221T18.nc,43,30781.447,50,9382.1851265625,304.8,0.0,330.0,37.18113,-9.479815,609058050.0,742715400.0,61173176.0,36.25,38.25,-11.5,-8.0,330,330,{330: 30781.447265625}
989603,2024-06-28 08:00:00,20240628T08.nc,136,475.7644,1,145.0129904296875,304.8,0.0,360.0,52.000004,71.24999,557186000.0,557186000.0,0.0,52.0,52.0,71.25,71.25,360,360,{360: 475.764404296875}
1031423,2024-07-07 05:00:00,20240707T05.nc,101,28900.072,52,8808.7420265625,304.8,0.0,360.0,44.005,-45.103073,792723400.0,1095773200.0,178169860.0,42.75,44.75,-46.25,-44.25,360,360,{360: 28900.072265625}
453550,2024-03-25 13:00:00,20240325T13.nc,135,2190.4805,4,667.658446875,304.8,0.0,340.0,44.874725,4.625,524281660.0,551598140.0,21221064.0,44.75,45.0,4.5,4.75,340,340,{340: 2190.48046875}
283998,2024-02-23 16:00:00,20240223T16.nc,158,29478.309,126,26954.96537812501,914.4000000000004,248.86815786677104,280.0,72.371994,-69.65337,652411460.0,1124288600.0,132823944.0,71.75,73.0,-73.0,-66.0,270,290,"{270: 8452.22265625, 280: 16359.294921875, 290: 4666.79345703125}"
689061,2024-05-06 04:00:00,20240506T04.nc,35,1290.658,2,393.3925458984375,304.8,0.0,360.0,33.37482,-88.74999,764369300.0,817248960.0,52879710.0,33.25,33.5,-88.75,-88.75,360,360,{360: 1290.657958984375}
1276967,2024-08-27 07:00:00,20240827T07.nc,121,1285.0686,2,391.68891035156247,304.8,0.0,370.0,33.75,-48.374996,510341900.0,513622140.0,3280272.0,33.75,33.75,-48.5,-48.25,370,370,{370: 1285.068603515625}
2495433,2024-12-14 04:00:00,20241214T04.nc,436,473.10278,1,144.2017283203125,304.8,0.0,300.0,52.25,85.49999,624626000.0,624626000.0,0.0,52.25,52.25,85.5,85.5,300,300,{300: 473.102783203125}
1711621,2024-10-07 09:00:00,20241007T09.nc,430,335.72604,1,102.3292981201172,304.8,0.0,280.0,64.25,89.24999,514554000.0,514554000.0,0.0,64.25,64.25,89.25,89.25,280,280,{280: 335.7260437011719}
576075,2024-04-16 18:00:00,20240416T18.nc,62,262829.84,426,320442.14549999987,1219.1999999999996,340.77675977096794,335.0,37.006172,63.1141,804685950.0,1412927500.0,205988160.0,34.25,38.25,58.5,67.5,320,350,"{320: 72327.0703125, 330: 156080.53125, 340: 12294.240234375, 350: 22128.00390625}"
555194,2024-04-12 05:00:00,20240412T05.nc,24,2829.299,4,862.3703572265625,304.8,0.0,360.0,23.75,88.37499,627263200.0,701086100.0,73381470.0,23.75,23.75,88.0,88.75,360,360,{360: 2829.299072265625}
43886,2024-01-09 16:00:00,20240109T16.nc,40,1397.8706,2,426.070960546875,304.8,0.0,350.0,25.250002,41.624996,559918850.0,616782600.0,56863744.0,25.25,25.25,41.5,41.75,350,350,{350: 1397.87060546875}
1389939,2024-09-12 06:00:00,20240912T06.nc,115,693.07587,1,211.24952416992187,304.8,0.0,360.0,26.250002,-61.749996,726206300.0,726206300.0,0.0,26.25,26.25,-61.75,-61.75,360,360,{360: 693.0758666992188}
1789248,2024-10-13 13:00:00,20241013T13.nc,587,344.808,1,105.09748264160156,304.8,0.0,270.0,63.5,7.5,579917200.0,579917200.0,0.0,63.5,63.5,7.5,7.5,270,270,{270: 344.8080139160156}
1268019,2024-08-25 14:00:00,20240825T14.nc,106,2647.4426,5,806.9405126953125,304.8,0.0,380.0,46.749996,-25.249998,1576239400.0,1754921200.0,195476670.0,46.75,46.75,-25.75,-24.75,380,380,{380: 2647.442626953125}
839483,2024-06-01 17:00:00,20240601T17.nc,278,1318.4585,7,401.866149609375,304.8,0.0,280.0,75.8918,-1.5373092,544758200.0,589118850.0,26100972.0,75.75,76.0,-2.0,-1.0,280,280,{280: 1318.45849609375}
1566089,2024-09-25 10:00:00,20240925T10.nc,235,572.01794,1,174.35106943359375,304.8,0.0,340.0,42.25,78.74999,772070900.0,772070900.0,0.0,42.25,42.25,78.75,78.75,340,340,{340: 572.0179443359375}
1776801,2024-10-12 15:00:00,20241012T15.nc,571,18765.37,68,17159.05354218747,914.3999999999984,248.8681578667703,320.0,69.07493,-64.73141,701871200.0,1124751000.0,162835780.0,68.75,69.5,-67.75,-61.25,310,330,"{310: 1947.986328125, 320: 6076.80859375, 330: 10740.576171875}"
2654689,2024-12-28 10:00:00,20241228T10.nc,422,154729.0,309,235806.99600000013,1524.000000000001,431.0522938113196,300.0,49.603107,28.200302,948914940.0,1924560000.0,341804540.0,48.5,50.75,25.0,30.75,280,320,"{280: 33102.02734375, 290: 57031.5859375, 300: 33488.0, 310: 17533.998046875, 320: 13573.380859375}"
1052205,2024-07-11 13:00:00,20240711T13.nc,72,59506.562,121,36275.20050000006,609.600000000001,152.40000000000057,335.0,50.456184,62.89847,964324860.0,1916559600.0,387136900.0,48.5,51.75,59.5,64.75,330,340,"{330: 23243.001953125, 340: 36263.5703125}"
2529526,2024-12-17 02:00:00,20241217T02.nc,81,623.19574,1,189.95006147460936,304.8,0.0,270.0,36.25,-59.749992,593915700.0,593915700.0,0.0,36.25,36.25,-59.75,-59.75,270,270,{270: 623.1957397460938}
2392414,2024-12-04 21:00:00,20241204T21.nc,112,1254.3192,2,382.3164963867188,304.8,0.0,280.0,35.75,35.624996,521263260.0,525486530.0,4223264.0,35.75,35.75,35.5,35.75,280,280,{280: 1254.3192138671875}
2440612,2024-12-09 06:00:00,20241209T06.nc,541,329.63928,1,100.47405322265624,304.8,0.0,320.0,64.75,88.24999,1087377500.0,1087377500.0,0.0,64.75,64.75,88.25,88.25,320,320,{320: 329.6392822265625}
717583,2024-05-10 18:00:00,20240510T18.nc,147,558.2208,1,170.14570751953124,304.8,0.0,320.0,43.75,-62.25,579652350.0,579652350.0,0.0,43.75,43.75,-62.25,-62.25,320,320,{320: 558.2208251953125}
2011827,2024-11-02 11:00:00,20241102T11.nc,90,8708.744,14,5308.850428125009,609.600000000001,152.40000000000057,355.0,36.39266,-77.69633,647444350.0,761749400.0,83786340.0,36.25,36.5,-78.25,-77.0,350,360,"{350: 6223.958984375, 360: 2484.784423828125}"
2399856,2024-12-05 14:00:00,20241205T14.nc,35,720.22723,1,219.52526088867188,304.8,0.0,420.0,21.25,-80.24999,559908700.0,559908700.0,0.0,21.25,21.25,-80.25,-80.25,420,420,{420: 720.2272338867188}
2409665,2024-12-06 12:00:00,20241206T12.nc,12,3616.7832,5,1102.3955203125,304.8,0.0,440.0,20.5999,64.39985,1482422300.0,2881035300.0,837765700.0,20.5,20.75,64.0,64.75,440,440,{440: 3616.783203125}
896490,2024-06-10 21:00:00,20240610T21.nc,50,1303.4943,2,794.6101025390615,609.5999999999992,152.39999999999964,365.0,32.5,-71.0,1316495100.0,1402852200.0,86357180.0,32.5,32.5,-71.0,-71.0,360,370,"{360: 651.7471313476562, 370: 651.7471313476562}"
1783803,2024-10-13 04:00:00,20241013T04.nc,414,276.93582,1,84.41003840332031,304.8,0.0,320.0,69.0,89.0,521360580.0,521360580.0,0.0,69.0,69.0,89.0,89.0,320,320,{320: 276.9358215332031}
1906164,2024-10-22 23:00:00,20241022T23.nc,483,572.7109,2,174.56227514648438,304.8,0.0,290.0,68.25,57.124996,644783200.0,728743100.0,83959900.0,68.25,68.25,57.0,57.25,290,290,{290: 572.7108764648438}
1313600,2024-09-03 01:00:00,20240903T01.nc,50,8907.748,13,2715.0816046875,304.8,0.0,370.0,27.538122,-59.249996,877479700.0,1576812200.0,285191300.0,27.25,27.75,-59.75,-58.75,370,370,{370: 8907.748046875}
2116285,2024-11-11 16:00:00,20241111T16.nc,353,902.98065,2,275.22850268554686,304.8,0.0,300.0,54.25,-80.37499,516922530.0,520320400.0,3397856.0,54.25,54.25,-80.5,-80.25,300,300,{300: 902.9806518554688}
1721260,2024-10-08 05:00:00,20241008T05.nc,347,67659.3,174,82490.21474999997,1219.1999999999996,340.7767597709678,325.0,59.787495,58.889866,716171100.0,1074784100.0,143468400.0,59.5,60.25,54.5,62.25,310,340,"{310: 6972.423828125, 320: 20987.15625, 330: 33087.46875, 340: 6612.25}"
1850803,2024-10-18 16:00:00,20241018T16.nc,296,1044.1509,2,318.25718789062506,304.8,0.0,310.0,47.5,7.875,672593340.0,757608960.0,85015620.0,47.5,47.5,7.75,8.0,310,310,{310: 1044.15087890625}
1070749,2024-07-15 19:00:00,20240715T19.nc,233,270.62955,1,82.48788596191407,304.8,0.0,300.0,69.5,-37.999996,535560740.0,535560740.0,0.0,69.5,69.5,-38.0,-38.0,300,300,{300: 270.6295471191406}
1582058,2024-09-26 12:00:00,20240926T12.nc,372,465.06424,1,141.75158020019532,304.8,0.0,310.0,53.0,34.499996,509340860.0,509340860.0,0.0,53.0,53.0,34.5,34.5,310,310,{310: 465.0642395019531}
920943,2024-06-15 03:00:00,20240615T03.nc,79,539.23114,1,164.35765151367187,304.8,0.0,360.0,45.75,33.499996,504464450.0,504464450.0,0.0,45.75,45.75,33.5,33.5,360,360,{360: 539.2311401367188}
172990,2024-02-02 20:00:00,20240202T20.nc,160,329.63928,1,100.47405322265624,304.8,0.0,270.0,64.75,86.99999,599100800.0,599100800.0,0.0,64.75,64.75,87.0,87.0,270,270,{270: 329.6392822265625}
853300,2024-06-04 05:00:00,20240604T05.nc,84,5998.7886,11,1828.4307574218751,304.8,0.0,300.0,45.11337,-57.568314,571671400.0,633869400.0,38737372.0,45.0,45.25,-58.25,-57.0,300,300,{300: 5998.78857421875}
1623383,2024-09-29 07:00:00,20240929T07.nc,486,1048.8048,5,319.6757059570313,304.8,0.0,300.0,74.25,-75.75,572524900.0,613744960.0,27339416.0,74.25,74.25,-76.25,-75.25,300,300,{300: 1048.8048095703125}
448055,2024-03-24 11:00:00,20240324T11.nc,87,3489284.0,6220,11698871.3952,3352.8,963.862230819322,320.0,43.25932,77.54155,1192211300.0,3394098700.0,564876300.0,38.0,49.25,66.25,87.25,270,370,"{270: 36970.40625, 280: 105902.3203125, 290: 240900.34375, 300: 268298.03125, 310: 374594.6875, 320: 544916.125, 330: 633075.0625, 340: 513697.71875, 350: 433378.09375, 360: 335309.125, 370: 2242.16748046875}"
1132809,2024-07-28 08:00:00,20240728T08.nc,181,242.00348,1,73.76266040039063,304.8,0.0,350.0,71.75,20.249998,586597400.0,586597400.0,0.0,71.75,71.75,20.25,20.25,350,350,{350: 242.00347900390625}
1118751,2024-07-25 13:00:00,20240725T13.nc,153,374.64603,1,114.19210891113282,304.8,0.0,310.0,61.0,-37.75,969455300.0,969455300.0,0.0,61.0,61.0,-37.75,-37.75,310,310,{310: 374.6460266113281}
779364,2024-05-21 16:00:00,20240521T16.nc,139,583.21655,1,177.7644052734375,304.8,0.0,320.0,41.0,57.5,623863100.0,623863100.0,0.0,41.0,41.0,57.5,57.5,320,320,{320: 583.216552734375}
478393,2024-03-29 20:00:00,20240329T20.nc,110,491.5418,1,149.82194340820314,304.8,0.0,270.0,50.5,67.99999,528015170.0,528015170.0,0.0,50.5,50.5,68.0,68.0,270,270,{270: 491.54180908203125}
1870265,2024-10-19 23:00:00,20241019T23.nc,424,3570.4756,9,1088.28095859375,304.8,0.0,290.0,59.110657,66.02665,556554300.0,620909900.0,37610412.0,59.0,59.25,65.25,66.75,290,290,{290: 3570.4755859375}
430493,2024-03-21 01:00:00,20240321T01.nc,85,553.5363,1,168.7178690917969,304.8,0.0,330.0,44.25,60.499996,561511040.0,561511040.0,0.0,44.25,44.25,60.5,60.5,330,330,{330: 553.5363159179688}
1741470,2024-10-09 19:00:00,20241009T19.nc,371,383.46094,1,116.87889375,304.8,0.0,340.0,60.25,28.25,526800220.0,526800220.0,0.0,60.25,60.25,28.25,28.25,340,340,{340: 383.4609375}
2281990,2024-11-25 19:00:00,20241125T19.nc,215,1556.2527,3,474.3458185546875,304.8,0.0,300.0,47.83307,-31.66653,556823230.0,601911100.0,39822348.0,47.75,48.0,-31.75,-31.5,300,300,{300: 1556.252685546875}
914513,2024-06-14,20240614T00.nc,98,1780.2507,3,542.6204232421875,304.8,0.0,370.0,39.833126,-26.083433,556615360.0,614874700.0,46908748.0,39.75,40.0,-26.25,-26.0,370,370,{370: 1780.250732421875}
2145400,2024-11-14 07:00:00,20241114T07.nc,60,1355.0154,2,413.0086880859376,304.8,0.0,390.0,28.75,29.625002,546307460.0,562414660.0,16107232.0,28.75,28.75,29.5,29.75,390,390,{390: 1355.015380859375}
1298492,2024-08-31 10:00:00,20240831T10.nc,67,7060.347,11,6455.981450390627,914.4000000000004,248.86815786677104,430.0,33.84061,83.95443,603111900.0,753706750.0,72189260.0,33.5,34.0,83.75,84.25,420,440,"{420: 1283.189208984375, 430: 3851.43505859375, 440: 1925.7236328125}"
1370849,2024-09-10 21:00:00,20240910T21.nc,586,386.97202,2,117.94907028808596,304.8,0.0,340.0,75.5,81.37499,511014340.0,513925600.0,2911264.0,75.5,75.5,81.25,81.5,340,340,{340: 386.9720153808594}
1105347,2024-07-22 22:00:00,20240722T22.nc,222,2091.869,7,637.6016396484375,304.8,0.0,310.0,67.25,-42.249996,556855700.0,604988300.0,29938884.0,67.25,67.25,-43.0,-41.5,310,310,{310: 2091.868896484375}
1050671,2024-07-11 04:00:00,20240711T04.nc,16,1437.9966,2,438.301358203125,304.8,0.0,440.0,21.5,82.62499,671025900.0,744901800.0,73875940.0,21.5,21.5,82.5,82.75,440,440,{440: 1437.99658203125}
2171021,2024-11-16 10:00:00,20241116T10.nc,177,2400.015,5,731.5245392578125,304.8,0.0,300.0,51.599667,-65.70016,547962940.0,595869100.0,26721858.0,51.5,51.75,-66.0,-65.5,300,300,{300: 2400.014892578125}
1176627,2024-08-05 16:00:00,20240805T16.nc,123,429.32773,1,130.85909157714843,304.8,0.0,360.0,56.250004,-48.749996,508895680.0,508895680.0,0.0,56.25,56.25,-48.75,-48.75,360,360,{360: 429.3277282714844}
481466,2024-03-30 11:00:00,20240330T11.nc,114,551.17816,1,167.99910366210938,304.8,0.0,370.0,44.5,33.499996,702600700.0,702600700.0,0.0,44.5,44.5,33.5,33.5,370,370,{370: 551.1781616210938}
1658646,2024-10-02 14:00:00,20241002T14.nc,156,565.1678,1,172.26314106445315,304.8,0.0,300.0,43.0,42.749996,524999700.0,524999700.0,0.0,43.0,43.0,42.75,42.75,300,300,{300: 565.1677856445312}
2220241,2024-11-20 13:00:00,20241120T13.nc,413,461879.62,982,563123.6387999998,1219.1999999999996,340.77675977096794,285.0,52.473644,73.5459,921028800.0,2100074400.0,352828800.0,50.25,54.75,69.25,78.75,270,300,"{270: 101262.3359375, 280: 156246.375, 290: 135919.21875, 300: 68451.703125}"
636817,2024-04-27 06:00:00,20240427T06.nc,192,362.79333,1,110.57940849609376,304.8,0.0,310.0,62.000004,-38.999996,538918700.0,538918700.0,0.0,62.0,62.0,-39.0,-39.0,310,310,{310: 362.7933349609375}
711639,2024-05-09 19:00:00,20240509T19.nc,246,232.37628,1,70.82829067382814,304.8,0.0,280.0,72.5,49.999996,501109000.0,501109000.0,0.0,72.5,72.5,50.0,50.0,280,280,{280: 232.37628173828125}
1032226,2024-07-07 09:00:00,20240707T09.nc,82,29229.352,47,44545.53178125002,1524.000000000001,431.0522938113196,410.0,36.40688,-75.79402,705137340.0,1256793900.0,162139700.0,35.5,37.25,-76.25,-75.0,390,430,"{390: 7496.10986328125, 400: 9339.7138671875, 410: 6808.900390625, 420: 4961.427734375, 430: 623.1957397460938}"
186059,2024-02-05 12:00:00,20240205T12.nc,153,7362.627,15,2244.1286953125,304.8,0.0,270.0,50.564995,49.216618,774465400.0,1020911040.0,138848980.0,50.25,51.0,48.75,49.75,270,270,{270: 7362.626953125}
1426064,2024-09-14 19:00:00,20240914T19.nc,247,567.462,1,172.96241000976562,304.8,0.0,390.0,42.75,-37.499996,708257200.0,708257200.0,0.0,42.75,42.75,-37.5,-37.5,390,390,{390: 567.4619750976562}
1696330,2024-10-06,20241006T00.nc,410,37756.7,104,46032.96768749999,1219.1999999999996,340.7767597709678,325.0,61.974922,0.4955793,694821300.0,1112903200.0,144969300.0,61.5,62.5,-4.5,4.0,310,340,"{310: 1097.301025390625, 320: 6604.5732421875, 330: 27176.322265625, 340: 2878.50146484375}"
64971,2024-01-13 12:00:00,20240113T12.nc,29,711.3381,1,216.81584487304687,304.8,0.0,400.0,23.0,-20.999998,671264640.0,671264640.0,0.0,23.0,23.0,-21.0,-21.0,400,400,{400: 711.3380737304688}
482138,2024-03-30 13:00:00,20240330T13.nc,236,689.616,2,210.19496528320315,304.8,0.0,340.0,63.5,-69.37499,522065570.0,532716740.0,10651168.0,63.5,63.5,-69.5,-69.25,340,340,{340: 689.6160278320312}
1837461,2024-10-17 12:00:00,20241017T12.nc,437,609.7875,3,185.86322255859372,304.8,0.0,280.0,74.75001,-22.25,527586140.0,556641400.0,20646494.0,74.75,74.75,-22.5,-22.0,280,280,{280: 609.7874755859375}
473312,2024-03-28 23:00:00,20240328T23.nc,102,6121.712,11,3731.7955828125055,609.600000000001,152.40000000000057,355.0,43.931225,74.97644,548694340.0,607551360.0,37225744.0,43.75,44.25,74.5,75.5,350,360,"{350: 5005.2705078125, 360: 1116.441650390625}"
2141578,2024-11-13 23:00:00,20241113T23.nc,521,509.5497,2,155.31075256347657,304.8,0.0,300.0,70.75,-26.124998,603447550.0,606607600.0,3160064.0,70.75,70.75,-26.25,-26.0,300,300,{300: 509.5497131347656}
2650035,2024-12-28 02:00:00,20241228T02.nc,382,913.8921,2,557.1086179687493,609.5999999999992,152.39999999999964,275.0,53.75,42.499996,758767500.0,794680260.0,35912736.0,53.75,53.75,42.5,42.5,270,280,"{270: 456.946044921875, 280: 456.946044921875}"
735150,2024-05-13 21:00:00,20240513T21.nc,135,9072.219,17,8295.636825000003,914.4000000000004,248.86815786677104,300.0,46.32275,50.02891,633657100.0,892324350.0,91104910.0,46.0,46.75,49.5,50.5,290,310,"{290: 5338.8798828125, 300: 1598.259033203125, 310: 2135.079833984375}"
2087121,2024-11-09 01:00:00,20241109T01.nc,65,2038.9716,3,1242.957061523436,609.5999999999992,152.39999999999964,345.0,28.416536,-13.749998,524504060.0,552521660.0,20228676.0,28.25,28.5,-13.75,-13.75,340,350,"{340: 679.123046875, 350: 1359.8485107421875}"
453006,2024-03-25 11:00:00,20240325T11.nc,113,29420.156,50,44836.31812500002,1524.000000000001,431.0522938113194,390.0,40.40948,-51.90019,625144770.0,844445060.0,84571050.0,40.0,40.75,-52.75,-51.0,370,410,"{370: 589.802734375, 380: 12945.01171875, 390: 7057.9521484375, 400: 6474.72509765625, 410: 2352.658203125}"
793680,2024-05-24 05:00:00,20240524T05.nc,153,1862.9454,4,1703.4773053710942,914.4000000000004,248.86815786677104,340.0,52.93723,-20.75,544287170.0,616757900.0,43628228.0,52.75,53.0,-20.75,-20.75,330,350,"{330: 465.0642395019531, 340: 465.0642395019531, 350: 932.8169555664062}"
1825129,2024-10-16 09:00:00,20241016T09.nc,96,608.9507,1,185.608168359375,304.8,0.0,380.0,38.0,11.499998,929934200.0,929934200.0,0.0,38.0,38.0,11.5,11.5,380,380,{380: 608.95068359375}
764014,2024-05-19 02:00:00,20240519T02.nc,85,3323.555,6,1013.0195431640624,304.8,0.0,380.0,44.207832,82.33398,602241700.0,719609340.0,74916490.0,44.0,44.5,82.0,82.75,380,380,{380: 3323.554931640625}
2045530,2024-11-05 13:00:00,20241105T13.nc,221,2223.525,4,1355.4607804687523,609.600000000001,152.40000000000057,355.0,43.999474,-26.499998,1422435300.0,1826284000.0,350263870.0,43.75,44.25,-26.5,-26.5,350,360,"{350: 1114.104736328125, 360: 1109.420166015625}"
1635824,2024-09-30 10:00:00,20240930T10.nc,371,335.72604,1,102.3292981201172,304.8,0.0,280.0,64.25,-56.999996,592976500.0,592976500.0,0.0,64.25,64.25,-57.0,-57.0,280,280,{280: 335.7260437011719}
2587997,2024-12-22 09:00:00,20241222T09.nc,237,9499.503,19,5790.896985937509,609.600000000001,152.40000000000057,355.0,49.68207,-5.8926444,771229760.0,1003195300.0,142724800.0,49.25,50.25,-6.5,-5.25,350,360,"{350: 5494.8271484375, 360: 4004.67578125}"
516300,2024-04-05 11:00:00,20240405T11.nc,225,258327.03,557,472428.47475,1828.8,520.5450989107475,325.0,53.092857,-64.76825,1191355000.0,3098680000.0,623470100.0,50.25,54.75,-69.5,-57.25,300,350,"{300: 6924.6533203125, 310: 27214.388671875, 320: 30481.76171875, 330: 81958.078125, 340: 92173.140625, 350: 19575.021484375}"
215537,2024-02-10 22:00:00,20240210T22.nc,166,10180.228,20,9308.800061718752,914.4000000000004,248.86815786677104,290.0,48.799057,-60.02409,715128900.0,1020562600.0,132874760.0,48.5,49.25,-60.5,-59.5,280,300,"{280: 3057.114501953125, 290: 4585.671875, 300: 2537.442138671875}"
1571585,2024-09-25 19:00:00,20240925T19.nc,96,697.49036,1,212.59506064453123,304.8,0.0,360.0,25.5,-6.749999,519587040.0,519587040.0,0.0,25.5,25.5,-6.75,-6.75,360,360,{360: 697.4903564453125}
1352998,2024-09-09 14:00:00,20240909T14.nc,91,6195.3467,9,1888.34166796875,304.8,0.0,380.0,27.027721,-44.916588,1043088700.0,1556725500.0,297431740.0,27.0,27.25,-45.75,-44.0,380,380,{380: 6195.3466796875}
1101532,2024-07-22 05:00:00,20240722T05.nc,177,283.22095,1,86.3257447265625,304.8,0.0,320.0,68.5,-26.249998,851511230.0,851511230.0,0.0,68.5,68.5,-26.25,-26.25,320,320,{320: 283.220947265625}
2002907,2024-11-01 12:00:00,20241101T12.nc,161,9362.301,16,5707.25855625001,609.600000000001,152.40000000000057,375.0,40.780556,-49.452747,617798340.0,764898200.0,73982200.0,40.5,41.25,-50.0,-49.0,370,380,"{370: 1758.4647216796875, 380: 7603.8369140625}"
2421717,2024-12-07 16:00:00,20241207T16.nc,160,1722.8389,3,1050.2425734374983,609.5999999999992,152.39999999999964,275.0,42.0,69.416664,997228540.0,1113005600.0,143747500.0,42.0,42.0,69.25,69.5,270,280,"{270: 1148.5592041015625, 280: 574.2796020507812}"
418153,2024-03-18 23:00:00,20240318T23.nc,75,58791.945,94,89598.92465625005,1524.000000000001,431.0522938113196,350.0,35.96392,79.72495,727379200.0,1340988300.0,200479740.0,35.25,36.5,78.5,81.25,330,370,"{330: 5650.29248046875, 340: 8742.6201171875, 350: 21257.80078125, 360: 22516.046875, 370: 625.1836547851562}"
1901358,2024-10-22 14:00:00,20241022T14.nc,454,347.8224,1,106.01626376953126,304.8,0.0,280.0,63.25,71.49999,537988700.0,537988700.0,0.0,63.25,63.25,71.5,71.5,280,280,{280: 347.8223876953125}
1413277,2024-09-13 19:00:00,20240913T19.nc,56,1423.9868,2,434.031181640625,304.8,0.0,380.0,22.874886,0.49999997,575218300.0,626964400.0,51746110.0,22.75,23.0,0.5,0.5,380,380,{380: 1423.98681640625}
2579863,2024-12-21 14:00:00,20241221T14.nc,489,792.9082,3,241.6784203125,304.8,0.0,290.0,70.0,-35.5,514251620.0,522434100.0,6825877.0,70.0,70.0,-35.75,-35.25,290,290,{290: 792.908203125}
1150755,2024-08-01,20240801T00.nc,152,11138.302,28,13579.817503124996,1219.1999999999996,340.7767597709678,325.0,59.016575,55.410797,632952700.0,852862400.0,98374040.0,58.75,59.25,54.5,56.0,310,340,"{310: 1600.6820068359375, 320: 3997.375244140625, 330: 3959.79931640625, 340: 1580.44677734375}"
925618,2024-06-15 22:00:00,20240615T22.nc,168,1271.1128,3,387.4351792968751,304.8,0.0,270.0,56.750004,-4.249999,537773760.0,569602400.0,24529952.0,56.75,56.75,-4.5,-4.0,270,270,{270: 1271.11279296875}
257178,2024-02-18 02:00:00,20240218T02.nc,72,2315.0806,4,705.636556640625,304.8,0.0,320.0,41.5,-58.375,597926900.0,703167300.0,66214492.0,41.5,41.5,-58.75,-58.0,320,320,{320: 2315.08056640625}
1502251,2024-09-20 14:00:00,20240920T14.nc,620,242.00348,1,73.76266040039063,304.8,0.0,270.0,71.75,31.249998,509955520.0,509955520.0,0.0,71.75,71.75,31.25,31.25,270,270,{270: 242.00347900390625}
1926497,2024-10-24 14:00:00,20241024T14.nc,268,644.40155,1,196.4135925292969,304.8,0.0,400.0,33.5,-57.749996,551951100.0,551951100.0,0.0,33.5,33.5,-57.75,-57.75,400,400,{400: 644.4015502929688}
359853,2024-03-08 19:00:00,20240308T19.nc,161,2017.7312,4,1230.0089402343735,609.5999999999992,152.39999999999964,315.0,49.25,-30.625002,527689200.0,540545700.0,8375010.5,49.25,49.25,-30.75,-30.5,310,320,"{310: 1008.8656005859375, 320: 1008.8656005859375}"
1531757,2024-09-22 17:00:00,20240922T17.nc,209,10153.254,16,6189.423581250011,609.600000000001,152.40000000000057,375.0,34.79629,1.9991482,685179260.0,1102438900.0,197907570.0,34.5,35.25,1.25,2.5,370,380,"{370: 5075.6572265625, 380: 5077.59716796875}"
155540,2024-01-30 11:00:00,20240130T11.nc,146,951.5288,2,290.025980859375,304.8,0.0,300.0,52.000004,22.625,590053600.0,646900800.0,56847170.0,52.0,52.0,22.5,22.75,300,300,{300: 951.52880859375}
1837193,2024-10-17 12:00:00,20241017T12.nc,165,2190.4805,4,667.658446875,304.8,0.0,340.0,44.874725,3.8749995,942447200.0,1174074100.0,149540320.0,44.75,45.0,3.75,4.0,340,340,{340: 2190.48046875}
2105854,2024-11-10 18:00:00,20241110T18.nc,49,710.0138,1,216.41220439453127,304.8,0.0,400.0,23.25,-51.0,504461570.0,504461570.0,0.0,23.25,23.25,-51.0,-51.0,400,400,{400: 710.0137939453125}
842420,2024-06-02 06:00:00,20240602T06.nc,176,864.2544,2,263.42473945312497,304.8,0.0,340.0,56.0,-39.124996,501209100.0,501943680.0,734592.0,56.0,56.0,-39.25,-39.0,340,340,{340: 864.25439453125}
38146,2024-01-08 13:00:00,20240108T13.nc,138,2703.3862,5,823.992123046875,304.8,0.0,270.0,45.59973,40.299866,569105540.0,613085200.0,34426560.0,45.5,45.75,40.0,40.5,270,270,{270: 2703.38623046875}
484071,2024-03-30 21:00:00,20240330T21.nc,83,600.5547,1,183.04906875,304.8,0.0,330.0,39.0,-74.5,519881400.0,519881400.0,0.0,39.0,39.0,-74.5,-74.5,330,330,{330: 600.5546875}
2525085,2024-12-16 16:00:00,20241216T16.nc,514,1188.2291,3,362.17223759765625,304.8,0.0,300.0,59.166256,11.83313,708572500.0,744163140.0,42950004.0,59.0,59.25,11.75,12.0,300,300,{300: 1188.2291259765625}
2452598,2024-12-10 05:00:00,20241210T05.nc,222,562.86285,1,171.56059790039063,304.8,0.0,290.0,43.25,15.25,620681300.0,620681300.0,0.0,43.25,43.25,15.25,15.25,290,290,{290: 562.8628540039062}
2401088,2024-12-05 16:00:00,20241205T16.nc,390,454.2225,1,138.44701911621095,304.8,0.0,270.0,54.0,5.7499995,545758700.0,545758700.0,0.0,54.0,54.0,5.75,5.75,270,270,{270: 454.2225036621094}
1131857,2024-07-28 03:00:00,20240728T03.nc,180,2847.0117,11,1735.538343749998,609.5999999999992,152.39999999999964,345.0,70.42786,19.072697,569884740.0,633150000.0,38570732.0,70.0,70.75,18.5,19.75,340,350,"{340: 2337.4619140625, 350: 509.5497131347656}"
2534413,2024-12-17 12:00:00,20241217T12.nc,99,640.65497,1,195.2716343261719,304.8,0.0,390.0,34.0,-25.749998,583704770.0,583704770.0,0.0,34.0,34.0,-25.75,-25.75,390,390,{390: 640.6549682617188}
2325448,2024-11-29 05:00:00,20241129T05.nc,400,1680.69,4,512.2742941406251,304.8,0.0,300.0,57.06218,8.062184,683725800.0,773901400.0,72029170.0,57.0,57.25,7.75,8.25,300,300,{300: 1680.68994140625}
2492305,2024-12-13 22:00:00,20241213T22.nc,241,555.88385,1,169.43339750976563,304.8,0.0,390.0,44.0,-40.749996,747880400.0,747880400.0,0.0,44.0,44.0,-40.75,-40.75,390,390,{390: 555.8838500976562}
322064,2024-03-01 23:00:00,20240301T23.nc,195,17751.184,69,5410.560759375,304.8,0.0,270.0,70.49112,-86.27946,841042940.0,1067569900.0,147163340.0,68.5,72.5,-87.0,-85.0,270,270,{270: 17751.18359375}
1273298,2024-08-26 15:00:00,20240826T15.nc,41,1358.2461,2,413.993409375,304.8,0.0,390.0,28.500002,-70.37499,518492640.0,524210720.0,5718080.0,28.5,28.5,-70.5,-70.25,390,390,{390: 1358.24609375}
856250,2024-06-04 16:00:00,20240604T16.nc,257,1867.3701,6,569.17441171875,304.8,0.0,270.0,66.24835,-67.12334,623471550.0,704853250.0,51259148.0,66.0,66.5,-67.5,-66.75,270,270,{270: 1867.3701171875}
702063,2024-05-08 07:00:00,20240508T07.nc,147,165919.44,326,303433.4673,1828.8,520.5450989107475,315.0,48.78965,12.017792,790146600.0,1585239200.0,210777920.0,46.75,50.25,10.25,13.75,290,340,"{290: 10723.6640625, 300: 37236.2109375, 310: 38238.55859375, 320: 42687.0390625, 330: 29936.23828125, 340: 7097.7138671875}"
517381,2024-04-05 14:00:00,20240405T14.nc,275,395.1117,1,120.43004443359376,304.8,0.0,340.0,59.25,-67.74999,513922180.0,513922180.0,0.0,59.25,59.25,-67.75,-67.75,340,340,{340: 395.1116943359375}
671927,2024-05-03 07:00:00,20240503T07.nc,54,1266.0314,2,385.8863622070313,304.8,0.0,390.0,35.0,71.37499,529828960.0,540985500.0,11156512.0,35.0,35.0,71.25,71.5,390,390,{390: 1266.0313720703125}
1831097,2024-10-16 22:00:00,20241016T22.nc,343,1207.7748,4,736.2595060546887,609.600000000001,152.40000000000057,285.0,66.99872,-64.5,758600600.0,915219460.0,128482320.0,66.75,67.25,-64.5,-64.5,280,290,"{280: 301.9451599121094, 290: 905.82958984375}"
1526834,2024-09-22 08:00:00,20240922T08.nc,590,580.458,3,176.92360078125003,304.8,0.0,340.0,75.5,-79.49999,772772700.0,869254850.0,74213500.0,75.5,75.5,-79.75,-79.25,340,340,{340: 580.4580078125}
191653,2024-02-06 16:00:00,20240206T16.nc,7,1418.6898,2,432.41665693359374,304.8,0.0,370.0,23.374882,-66.25,977204860.0,1103681200.0,126476260.0,23.25,23.5,-66.25,-66.25,370,370,{370: 1418.6898193359375}
2443246,2024-12-09 12:00:00,20241209T12.nc,141,3672.2998,6,3357.950941406252,914.4000000000004,248.86815786677104,370.0,37.62479,-36.12507,618871100.0,725606140.0,81638940.0,37.5,37.75,-36.25,-36.0,360,380,"{360: 611.020751953125, 370: 1835.1207275390625, 380: 1226.158447265625}"
2153274,2024-11-14 22:00:00,20241114T22.nc,67,625.18365,1,190.55597797851564,304.8,0.0,330.0,36.0,72.0,532188800.0,532188800.0,0.0,36.0,36.0,72.0,72.0,330,330,{330: 625.1836547851562}
359752,2024-03-08 19:00:00,20240308T19.nc,51,625.18365,1,190.55597797851564,304.8,0.0,390.0,36.0,-24.249996,516234850.0,516234850.0,0.0,36.0,36.0,-24.25,-24.25,390,390,{390: 625.1836547851562}
999336,2024-06-30 09:00:00,20240630T09.nc,115,1058.977,2,322.776205078125,304.8,0.0,380.0,46.75,-67.12499,551428100.0,575187260.0,23759152.0,46.75,46.75,-67.25,-67.0,380,380,{380: 1058.97705078125}
2176433,2024-11-16 23:00:00,20241116T23.nc,188,48037.402,84,73209.00117187503,1524.000000000001,431.0522938113194,320.0,42.263226,76.28622,820289000.0,1443000400.0,226656130.0,41.5,42.75,75.0,77.75,300,340,"{300: 576.5303955078125, 310: 11465.0517578125, 320: 13156.2490234375, 330: 12570.62890625, 340: 10268.943359375}"
1258761,2024-08-23 09:00:00,20240823T09.nc,39,657.1262,1,200.2920720703125,304.8,0.0,370.0,31.75,-81.49999,558845760.0,558845760.0,0.0,31.75,31.75,-81.5,-81.5,370,370,{370: 657.126220703125}
119887,2024-01-23 17:00:00,20240123T17.nc,179,440.47607,1,134.257107421875,304.8,0.0,380.0,55.25,-3.9999993,510594080.0,510594080.0,0.0,55.25,55.25,-4.0,-4.0,380,380,{380: 440.47607421875}
1156256,2024-08-02,20240802T00.nc,197,295.7261,1,90.13731672363282,304.8,0.0,310.0,67.5,-78.99999,925926140.0,925926140.0,0.0,67.5,67.5,-79.0,-79.0,310,310,{310: 295.7261047363281}
1870411,2024-10-19 23:00:00,20241019T23.nc,573,515.9116,2,157.24986210937502,304.8,0.0,280.0,70.5,-64.12499,527601600.0,552692030.0,25090416.0,70.5,70.5,-64.25,-64.0,280,280,{280: 515.91162109375}
47500,2024-01-10 08:00:00,20240110T08.nc,166,3807.6667,9,2321.153649609372,609.5999999999992,152.39999999999964,325.0,56.804157,32.472923,594239940.0,707947800.0,75113890.0,56.5,57.25,32.25,32.75,320,330,"{320: 1694.80908203125, 330: 2112.857666015625}"
600496,2024-04-21 02:00:00,20240421T02.nc,91,22043.027,37,20156.144203124968,914.3999999999984,248.8681578667703,320.0,39.55947,-66.06077,682998700.0,1036053300.0,138423780.0,39.0,40.25,-67.0,-64.5,310,330,"{310: 10126.0400390625, 320: 10720.1318359375, 330: 1196.85400390625}"
2565662,2024-12-20 06:00:00,20241220T06.nc,240,5406.741,10,3295.9494421875056,609.600000000001,152.40000000000057,335.0,45.599068,21.274155,525965150.0,552443260.0,16951642.0,45.25,46.0,20.75,21.75,330,340,"{330: 4867.509765625, 340: 539.2311401367188}"
2073083,2024-11-07 19:00:00,20241107T19.nc,31,716.4994,1,218.38901396484377,304.8,0.0,370.0,22.0,-60.749992,591529100.0,591529100.0,0.0,22.0,22.0,-60.75,-60.75,370,370,{370: 716.4993896484375}
1251853,2024-08-21 16:00:00,20240821T16.nc,147,170.54825,1,51.98310607910156,304.8,0.0,290.0,77.25,75.24999,501949820.0,501949820.0,0.0,77.25,77.25,75.25,75.25,290,290,{290: 170.54824829101562}
590531,2024-04-19 05:00:00,20240419T05.nc,47,646.2564,1,196.9789533691406,304.8,0.0,330.0,33.25,-48.000004,505335460.0,505335460.0,0.0,33.25,33.25,-48.0,-48.0,330,330,{330: 646.2564086914062}
1692204,2024-10-05 16:00:00,20241005T16.nc,118,680.72546,1,207.4851213867188,304.8,0.0,430.0,28.25,-53.249996,514922620.0,514922620.0,0.0,28.25,28.25,-53.25,-53.25,430,430,{430: 680.7254638671875}
1354553,2024-09-09 17:00:00,20240909T17.nc,19,722.6439,1,220.26186708984372,304.8,0.0,420.0,20.75,-64.24999,1699750500.0,1699750500.0,0.0,20.75,20.75,-64.25,-64.25,420,420,{420: 722.6439208984375}
1796415,2024-10-14 03:00:00,20241014T03.nc,225,1413.9673,3,861.9544570312489,609.5999999999992,152.39999999999964,315.0,52.41635,-26.249998,548634430.0,608672400.0,43311930.0,52.25,52.5,-26.25,-26.25,310,320,"{310: 470.4322509765625, 320: 943.5350341796875}"
324971,2024-03-02 10:00:00,20240302T10.nc,253,1905.5732,5,580.81872421875,304.8,0.0,310.0,60.44892,5.2503843,697160400.0,1212649500.0,259902740.0,60.25,60.75,5.0,5.5,310,310,{310: 1905.5732421875}
824289,2024-05-29 15:00:00,20240529T15.nc,96,746893.6,1373,1365919.0613999998,1828.8,520.5450989107478,365.0,45.22081,-23.978916,1129204600.0,3057392400.0,519628770.0,42.25,47.75,-27.25,-20.25,340,390,"{340: 80658.484375, 350: 129184.65625, 360: 136926.125, 370: 159811.34375, 380: 171311.6875, 390: 69001.390625}"
2260043,2024-11-24 01:00:00,20241124T01.nc,113,591.97577,1,180.43421440429688,304.8,0.0,330.0,40.0,-10.0,748091650.0,748091650.0,0.0,40.0,40.0,-10.0,-10.0,330,330,{330: 591.9757690429688}
1083258,2024-07-18 13:00:00,20240718T13.nc,18,717.7556,1,218.7719115234375,304.8,0.0,440.0,21.75,49.999996,738784400.0,738784400.0,0.0,21.75,21.75,50.0,50.0,440,440,{440: 717.755615234375}
1878177,2024-10-20 14:00:00,20241020T14.nc,508,350.83005,1,106.9329985107422,304.8,0.0,300.0,63.0,22.999998,505045900.0,505045900.0,0.0,63.0,63.0,23.0,23.0,300,300,{300: 350.8300476074219}
1068587,2024-07-15 09:00:00,20240715T09.nc,123,1703.2644,4,519.1549904296876,304.8,0.0,360.0,56.56219,-17.31219,557305700.0,616976060.0,40154364.0,56.5,56.75,-17.5,-17.0,360,360,{360: 1703.264404296875}
2459669,2024-12-10 18:00:00,20241210T18.nc,371,398.0057,1,121.31213942871096,304.8,0.0,290.0,58.999996,41.249996,552102340.0,552102340.0,0.0,59.0,59.0,41.25,41.25,290,290,{290: 398.0057067871094}
2016309,2024-11-02 22:00:00,20241102T22.nc,197,553.5363,1,168.7178690917969,304.8,0.0,350.0,44.25,-18.999998,752572900.0,752572900.0,0.0,44.25,44.25,-19.0,-19.0,350,350,{350: 553.5363159179688}
2613675,2024-12-24 22:00:00,20241224T22.nc,265,5185.842,10,6322.578318750007,1219.2000000000014,340.77675977096834,295.0,47.849712,24.400288,687169900.0,863134400.0,104674460.0,47.75,48.0,24.0,24.75,280,310,"{280: 517.0836791992188, 290: 3629.58935546875, 300: 519.5845336914062, 310: 519.5845336914062}"
797237,2024-05-24 19:00:00,20240524T19.nc,156,558.2208,1,170.14570751953124,304.8,0.0,360.0,43.75,78.99999,504882140.0,504882140.0,0.0,43.75,43.75,79.0,79.0,360,360,{360: 558.2208251953125}
1415431,2024-09-13 23:00:00,20240913T23.nc,72,2834.704,4,1728.0356203125032,609.600000000001,152.40000000000057,375.0,23.5,-53.499996,569069500.0,631499140.0,53274620.0,23.5,23.5,-53.75,-53.25,370,380,"{370: 1417.35205078125, 380: 1417.35205078125}"
1894108,2024-10-21 23:00:00,20241021T23.nc,80,634.94366,1,193.5308289550781,304.8,0.0,330.0,34.75,-11.749999,913857540.0,913857540.0,0.0,34.75,34.75,-11.75,-11.75,330,330,{330: 634.9436645507812}
609949,2024-04-22 17:00:00,20240422T17.nc,26,667.5457,1,203.46793403320316,304.8,0.0,340.0,30.25,-17.499998,587148740.0,587148740.0,0.0,30.25,30.25,-17.5,-17.5,340,340,{340: 667.5457153320312}
2289443,2024-11-26 11:00:00,20241126T11.nc,293,3282.3076,7,3001.3420851562514,914.4000000000004,248.86815786677104,300.0,52.6425,-69.749794,599481150.0,853596700.0,109098210.0,52.5,52.75,-70.0,-69.5,290,310,"{290: 470.4322509765625, 300: 2344.12255859375, 310: 467.7527160644531}"
634207,2024-04-26 18:00:00,20240426T18.nc,79,6747.965,11,2056.779684375,304.8,0.0,410.0,37.454422,78.7272,594035840.0,726087230.0,76218900.0,37.25,37.5,77.75,79.75,410,410,{410: 6747.96484375}
546739,2024-04-10 17:00:00,20240410T17.nc,86,608.9507,1,185.608168359375,304.8,0.0,350.0,38.0,46.749996,584575100.0,584575100.0,0.0,38.0,38.0,46.75,46.75,350,350,{350: 608.95068359375}
634845,2024-04-26 21:00:00,20240426T21.nc,15,19126.201,28,5829.6661171875,304.8,0.0,340.0,27.872665,75.32848,698782400.0,911024100.0,117741540.0,27.25,28.75,74.25,76.75,340,340,{340: 19126.201171875}
489172,2024-03-31 18:00:00,20240331T18.nc,89,569.7454,1,173.65840473632815,304.8,0.0,330.0,42.5,4.25,503596960.0,503596960.0,0.0,42.5,42.5,4.25,4.25,330,330,{330: 569.7454223632812}
1933232,2024-10-25 05:00:00,20241025T05.nc,73,4898.2607,7,4478.969622656251,914.4000000000004,248.86815786677104,420.0,25.10687,54.607014,768617400.0,1109140700.0,163473300.0,24.75,25.25,54.5,54.75,410,430,"{410: 698.935302734375, 420: 2101.087646484375, 430: 2098.237548828125}"
2061465,2024-11-06 21:00:00,20241106T21.nc,41,46366.074,66,42397.13826562501,914.4000000000004,248.86815786677104,360.0,24.610867,3.8183906,1209219100.0,2153579000.0,384402050.0,23.5,25.5,2.5,4.5,350,370,"{350: 23891.78515625, 360: 21768.326171875, 370: 705.9600219726562}"
1103667,2024-07-22 15:00:00,20240722T15.nc,93,2987.8567,5,910.6987189453124,304.8,0.0,400.0,39.34979,-61.85032,675282600.0,750186500.0,44331996.0,39.25,39.5,-62.25,-61.5,400,400,{400: 2987.856689453125}
2556806,2024-12-19 10:00:00,20241219T10.nc,314,456.94604,1,139.27715449218752,304.8,0.0,370.0,53.75,-22.999998,575199360.0,575199360.0,0.0,53.75,53.75,-23.0,-23.0,370,370,{370: 456.946044921875}
10267,2024-01-03 02:00:00,20240103T02.nc,111,565.1678,1,172.26314106445315,304.8,0.0,330.0,43.0,20.249998,556565250.0,556565250.0,0.0,43.0,43.0,20.25,20.25,330,330,{330: 565.1677856445312}
933622,2024-06-17 10:00:00,20240617T10.nc,189,11538.039,26,10550.382918750003,914.4000000000004,248.86815786677104,360.0,54.950966,87.53805,685969500.0,1128831500.0,147916780.0,54.75,55.5,87.0,88.0,350,370,"{350: 3113.727783203125, 360: 5759.34228515625, 370: 2664.969970703125}"
773941,2024-05-20 17:00:00,20240520T17.nc,357,628.62726,2,191.60558833007812,304.8,0.0,290.0,66.0,58.625,543145000.0,564992500.0,21847488.0,66.0,66.0,58.5,58.75,290,290,{290: 628.6272583007812}
1320646,2024-09-04 09:00:00,20240904T09.nc,12,720.22723,1,219.52526088867188,304.8,0.0,400.0,21.25,-86.5,530836670.0,530836670.0,0.0,21.25,21.25,-86.5,-86.5,400,400,{400: 720.2272338867188}
677555,2024-05-04 05:00:00,20240504T05.nc,108,578.77014,1,176.40913916015626,304.8,0.0,380.0,41.5,75.75,558178100.0,558178100.0,0.0,41.5,41.5,75.75,75.75,380,380,{380: 578.7701416015625}
205040,2024-02-09 05:00:00,20240209T05.nc,325,286.35544,1,87.28113757324219,304.8,0.0,350.0,68.25,65.0,507822600.0,507822600.0,0.0,68.25,68.25,65.0,65.0,350,350,{350: 286.3554382324219}
2583114,2024-12-21 22:00:00,20241221T22.nc,43,694.5606,1,211.70207329101564,304.8,0.0,330.0,26.0,-82.49999,538625300.0,538625300.0,0.0,26.0,26.0,-82.5,-82.5,330,330,{330: 694.5606079101562}
1264202,2024-08-24 16:00:00,20240824T16.nc,149,344.808,1,105.09748264160156,304.8,0.0,280.0,63.5,-15.749999,764315900.0,764315900.0,0.0,63.5,63.5,-15.75,-15.75,280,280,{280: 344.8080139160156}
1867374,2024-10-19 18:00:00,20241019T18.nc,638,186.94986,1,56.98231721191407,304.8,0.0,280.0,76.0,-17.249998,547076400.0,547076400.0,0.0,76.0,76.0,-17.25,-17.25,280,280,{280: 186.94985961914062}
652279,2024-04-29 20:00:00,20240429T20.nc,62,1217.9014,2,371.21633671875,304.8,0.0,320.0,38.0,75.12499,563956300.0,582849600.0,18893312.0,38.0,38.0,75.0,75.25,320,320,{320: 1217.9013671875}
1306345,2024-09-01 17:00:00,20240901T17.nc,249,1481.737,5,451.6334560546875,304.8,0.0,330.0,67.44853,-18.649681,753177100.0,999472260.0,175199100.0,67.25,67.75,-18.75,-18.5,330,330,{330: 1481.737060546875}
1446738,2024-09-16 09:00:00,20240916T09.nc,290,459.66086,1,140.1046295654297,304.8,0.0,360.0,53.5,13.249999,1306132900.0,1306132900.0,0.0,53.5,53.5,13.25,13.25,360,360,{360: 459.6608581542969}
1041411,2024-07-09 02:00:00,20240709T02.nc,172,425.7921,3,129.7814364257813,304.8,0.0,330.0,79.41537,76.58268,510968860.0,515847400.0,3682890.0,79.25,79.5,76.5,76.75,330,330,{330: 425.7921142578125}
2122400,2024-11-12 05:00:00,20241112T05.nc,346,659.27856,2,401.8962128906257,609.600000000001,152.40000000000057,285.0,64.75,38.749996,672629300.0,815671400.0,143042130.0,64.75,64.75,38.75,38.75,280,290,"{280: 329.6392822265625, 290: 329.6392822265625}"
692017,2024-05-06 15:00:00,20240506T15.nc,126,1209.5514,2,368.6712641601562,304.8,0.0,380.0,38.5,-25.875,544680700.0,587569000.0,42888320.0,38.5,38.5,-26.0,-25.75,380,380,{380: 1209.5513916015625}
75465,2024-01-15 06:00:00,20240115T06.nc,93,4435792.5,11200,14872325.09400001,3352.800000000002,963.8622308193222,330.0,57.630444,-61.12577,978402100.0,3895803600.0,438645800.0,37.25,68.5,-87.75,-41.25,280,380,"{280: 31658.75390625, 290: 139700.546875, 300: 309504.5, 310: 453157.375, 320: 889522.3125, 330: 1184878.5, 340: 603489.9375, 350: 453718.25, 360: 303766.8125, 370: 61130.515625, 380: 5265.0517578125}"
2489240,2024-12-13 15:00:00,20241213T15.nc,544,261.13174,1,79.59295568847656,304.8,0.0,300.0,70.25,-36.75,994873100.0,994873100.0,0.0,70.25,70.25,-36.75,-36.75,300,300,{300: 261.1317443847656}
640039,2024-04-27 17:00:00,20240427T17.nc,270,5583.611,18,1701.884583984375,304.8,0.0,280.0,66.33278,-4.4627523,1039355300.0,1241726800.0,178499360.0,66.25,66.5,-6.5,-2.5,280,280,{280: 5583.61083984375}
2553853,2024-12-19 04:00:00,20241219T04.nc,116,1269.8873,2,387.0616579101562,304.8,0.0,340.0,34.75,-64.625,535476000.0,539225340.0,3749344.0,34.75,34.75,-64.75,-64.5,340,340,{340: 1269.8873291015625}
1863519,2024-10-19 13:00:00,20241019T13.nc,205,600.5547,1,183.04906875,304.8,0.0,380.0,39.0,-34.75,1108903700.0,1108903700.0,0.0,39.0,39.0,-34.75,-34.75,380,380,{380: 600.5546875}
1374782,2024-09-11 05:00:00,20240911T05.nc,348,501.87363,1,152.97108142089843,304.8,0.0,380.0,49.5,-17.75,509075100.0,509075100.0,0.0,49.5,49.5,-17.75,-17.75,380,380,{380: 501.8736267089844}
2545904,2024-12-18 12:00:00,20241218T12.nc,449,761.0598,2,231.9710314453125,304.8,0.0,290.0,60.499996,-50.374996,519700320.0,538184200.0,18483872.0,60.5,60.5,-50.5,-50.25,290,290,{290: 761.059814453125}
1007307,2024-07-02 04:00:00,20240702T04.nc,172,496.7972,2,151.42378981933595,304.8,0.0,300.0,71.25,-72.125,522287500.0,523155140.0,867632.0,71.25,71.25,-72.25,-72.0,300,300,{300: 496.7972106933594}
1674359,2024-10-04 01:00:00,20241004T01.nc,228,29767.125,61,9073.0197,304.8,0.0,300.0,50.838005,-32.733486,661206800.0,1004995460.0,117698210.0,50.25,51.25,-35.25,-29.25,300,300,{300: 29767.125}
1221186,2024-08-15 10:00:00,20240815T10.nc,117,133042.94,443,283860.4114500002,2133.6000000000013,609.6000000000004,350.0,67.0592,19.927544,952660600.0,2030270200.0,370713060.0,64.25,69.25,17.75,22.75,320,380,"{320: 2368.8984375, 330: 14368.0537109375, 340: 35801.296875, 350: 19802.15625, 360: 50599.09375, 370: 3697.528564453125, 380: 6405.9306640625}"
2143049,2024-11-14 02:00:00,20241114T02.nc,369,451.49033,1,137.61425134277343,304.8,0.0,330.0,54.25,-48.249996,600890560.0,600890560.0,0.0,54.25,54.25,-48.25,-48.25,330,330,{330: 451.4903259277344}
1045097,2024-07-09 20:00:00,20240709T20.nc,19,2135.325,3,650.8470451171876,304.8,0.0,390.0,22.916565,-86.333275,702474000.0,829757950.0,94543660.0,22.75,23.0,-86.5,-86.25,390,390,{390: 2135.324951171875}
1761782,2024-10-11 11:00:00,20241011T11.nc,294,1638.0217,4,998.5380457031238,609.5999999999992,152.39999999999964,295.0,58.0,66.25,780488100.0,950556800.0,156403470.0,58.0,58.0,66.0,66.5,290,300,"{290: 819.0108642578125, 300: 819.0108642578125}"
683217,2024-05-05 03:00:00,20240505T03.nc,126,1120132.0,2480,2731329.8688000008,2438.4000000000005,698.3845359112701,315.0,54.156796,-69.212105,814023700.0,2737067500.0,299901820.0,50.75,57.75,-79.25,-61.75,280,350,"{280: 6205.33251953125, 290: 49593.359375, 300: 136301.21875, 310: 204977.28125, 320: 310154.90625, 330: 298042.9375, 340: 102426.75, 350: 12430.3505859375}"
2599151,2024-12-23 13:00:00,20241223T13.nc,257,506.9824,1,154.52823288574217,304.8,0.0,400.0,49.0,-30.0,644853700.0,644853700.0,0.0,49.0,49.0,-30.0,-30.0,400,400,{400: 506.9823913574219}
2251305,2024-11-23 08:00:00,20241123T08.nc,159,560.5471,1,170.85476191406252,304.8,0.0,380.0,43.5,37.25,960366600.0,960366600.0,0.0,43.5,43.5,37.25,37.25,380,380,{380: 560.547119140625}
2206287,2024-11-19 10:00:00,20241119T10.nc,266,42537.703,86,64827.45956250003,1524.000000000001,431.0522938113196,340.0,50.19311,-5.650198,896610100.0,1572510100.0,313737900.0,49.25,51.25,-8.0,-3.0,320,360,"{320: 993.4532470703125, 330: 13791.0546875, 340: 17713.20703125, 350: 4504.01904296875, 360: 5535.96484375}"
1982329,2024-10-30 08:00:00,20241030T08.nc,337,2536.0269,8,772.980985546875,304.8,0.0,330.0,65.77856,-73.1856,700235800.0,1318840300.0,250200460.0,65.5,66.25,-73.5,-72.75,330,330,{330: 2536.02685546875}
1513674,2024-09-21 09:00:00,20240921T09.nc,215,623.19574,1,189.95006147460936,304.8,0.0,400.0,36.25,-61.749996,502590850.0,502590850.0,0.0,36.25,36.25,-61.75,-61.75,400,400,{400: 623.1957397460938}
2080372,2024-11-08 11:00:00,20241108T11.nc,77,2017.7529,3,1230.0221859375022,609.600000000001,152.40000000000057,425.0,29.5,-85.91666,580085950.0,650704900.0,52475810.0,29.5,29.5,-86.0,-85.75,420,430,"{420: 1345.1685791015625, 430: 672.5842895507812}"
2447763,2024-12-09 20:00:00,20241209T20.nc,200,568951.2,972,1213914.2536499996,2133.5999999999995,609.6,300.0,40.73865,60.517708,872643900.0,1806293400.0,295518080.0,38.75,42.5,54.5,66.0,270,330,"{270: 53706.734375, 280: 110995.0546875, 290: 197545.8125, 300: 161038.171875, 310: 31527.6171875, 320: 9425.9228515625, 330: 4711.869140625}"
305696,2024-02-27 23:00:00,20240227T23.nc,62,615.12604,1,187.4904162597656,304.8,0.0,310.0,37.25,-77.0,536219000.0,536219000.0,0.0,37.25,37.25,-77.0,-77.0,310,310,{310: 615.1260375976562}
2689147,2024-12-31 05:00:00,20241231T05.nc,116,621.1961,1,189.34057309570312,304.8,0.0,300.0,36.5,45.25,562937860.0,562937860.0,0.0,36.5,36.5,45.25,45.25,300,300,{300: 621.1961059570312}
2005371,2024-11-01 18:00:00,20241101T18.nc,166,621.1961,1,189.34057309570312,304.8,0.0,290.0,36.5,-34.499996,501129100.0,501129100.0,0.0,36.5,36.5,-34.5,-34.5,290,290,{290: 621.1961059570312}
930495,2024-06-16 19:00:00,20240616T19.nc,13,723.83167,1,220.62389150390624,304.8,0.0,390.0,20.5,-71.24999,2131162500.0,2131162500.0,0.0,20.5,20.5,-71.25,-71.25,390,390,{390: 723.8316650390625}
1363020,2024-09-10 09:00:00,20240910T09.nc,62,6355.005,9,5811.016464843752,914.4000000000004,248.86815786677104,410.0,23.972176,-40.24994,592750800.0,681122940.0,67167660.0,23.75,24.0,-40.75,-40.0,400,420,"{400: 705.9600219726562, 410: 2117.880126953125, 420: 3531.164794921875}"
1647010,2024-10-01 09:00:00,20241001T09.nc,399,503.17822,2,153.368722265625,304.8,0.0,300.0,71.0,-25.874998,728995840.0,830406500.0,101410690.0,71.0,71.0,-26.0,-25.75,300,300,{300: 503.17822265625}
1502833,2024-09-20 15:00:00,20240920T15.nc,572,386.3847,1,117.77005795898438,304.8,0.0,300.0,60.0,-39.499996,537481660.0,537481660.0,0.0,60.0,60.0,-39.5,-39.5,300,300,{300: 386.38470458984375}
2140843,2024-11-13 22:00:00,20241113T22.nc,282,2108.1099,4,1285.1037726562522,609.600000000001,152.40000000000057,285.0,47.0,22.687498,563328640.0,604114560.0,30867346.0,47.0,47.0,22.5,23.0,280,290,"{280: 1581.0823974609375, 290: 527.0274658203125}"
130094,2024-01-25 17:00:00,20240125T17.nc,54,2190930.8,3712,6010161.233400003,2743.2000000000016,786.9902159493473,370.0,40.0082,-78.39397,956710340.0,2471559700.0,359933150.0,33.0,44.75,-87.0,-63.75,330,410,"{330: 4229.1513671875, 340: 141405.75, 350: 380171.625, 360: 432427.9375, 370: 533888.5, 380: 516416.75, 390: 112349.3125, 400: 36418.71484375, 410: 33623.03125}"
1654223,2024-10-02 03:00:00,20241002T03.nc,48,1383.1559,2,843.1718267578115,609.5999999999992,152.39999999999964,415.0,26.500002,88.24999,617532540.0,706628100.0,89095550.0,26.5,26.5,88.25,88.25,410,420,"{410: 691.5779418945312, 420: 691.5779418945312}"
234475,2024-02-14 08:00:00,20240214T08.nc,145,1443.181,3,439.8815780273438,304.8,0.0,360.0,51.5,73.74999,513270270.0,522731200.0,8400861.0,51.5,51.5,73.5,74.0,360,360,{360: 1443.1810302734375}
1750217,2024-10-10 14:00:00,20241010T14.nc,157,634.94366,1,193.5308289550781,304.8,0.0,430.0,34.75,-63.5,953956740.0,953956740.0,0.0,34.75,34.75,-63.5,-63.5,430,430,{430: 634.9436645507812}
861589,2024-06-05 13:00:00,20240605T13.nc,63,3921.316,6,1195.217091796875,304.8,0.0,370.0,32.249996,-47.375,649203140.0,697752260.0,41343476.0,32.25,32.25,-48.0,-46.75,370,370,{370: 3921.31591796875}
2276076,2024-11-25 07:00:00,20241125T07.nc,588,209.76096,1,63.93513933105469,304.8,0.0,320.0,74.25,-29.249996,516541060.0,516541060.0,0.0,74.25,74.25,-29.25,-29.25,320,320,{320: 209.76095581054688}
1909071,2024-10-23 05:00:00,20241023T05.nc,171,2994.2512,5,912.6477720703124,304.8,0.0,330.0,39.1995,69.54961,687536830.0,985986000.0,169358130.0,39.0,39.5,69.25,69.75,330,330,{330: 2994.251220703125}
2658414,2024-12-28 16:00:00,20241228T16.nc,563,371.69342,1,113.29215454101562,304.8,0.0,270.0,61.25,-10.999999,570424900.0,570424900.0,0.0,61.25,61.25,-11.0,-11.0,270,270,{270: 371.69342041015625}
1565804,2024-09-25 09:00:00,20240925T09.nc,575,3408.0225,12,1038.76524609375,304.8,0.0,290.0,68.43423,-81.54316,622832200.0,710021760.0,59141076.0,68.0,68.75,-82.0,-81.0,290,290,{290: 3408.0224609375}
2080123,2024-11-08 10:00:00,20241108T10.nc,308,83673.92,176,51007.62277499994,609.5999999999992,152.39999999999964,275.0,52.027477,87.166824,847691140.0,1543908600.0,270829950.0,51.25,52.75,83.25,90.0,270,280,"{270: 52755.0390625, 280: 30918.880859375}"
11444,2024-01-03 07:00:00,20240103T07.nc,202,206.51366,1,62.9453625366211,304.8,0.0,270.0,74.5,-59.249996,511579420.0,511579420.0,0.0,74.5,74.5,-59.25,-59.25,270,270,{270: 206.51365661621094}
835206,2024-05-31 22:00:00,20240531T22.nc,5,13697.465,19,12524.961853125003,914.4000000000004,248.86815786677104,400.0,21.104452,44.21036,664868860.0,916695700.0,118394970.0,20.5,21.75,44.0,44.5,390,410,"{390: 5767.8115234375, 400: 7208.2109375, 410: 721.4424438476562}"
1204201,2024-08-11 10:00:00,20240811T10.nc,160,28657.16,90,26204.10724687501,914.4000000000004,248.86815786677104,290.0,65.63523,-41.04065,640919940.0,927019650.0,113216090.0,63.25,66.75,-42.75,-39.5,280,300,"{280: 3777.9013671875, 290: 11083.796875, 300: 13795.4619140625}"
306902,2024-02-28 04:00:00,20240228T04.nc,232,177.11903,1,53.98588150634766,304.8,0.0,300.0,76.75,40.25,989486460.0,989486460.0,0.0,76.75,76.75,40.25,40.25,300,300,{300: 177.11903381347656}
767697,2024-05-19 16:00:00,20240519T16.nc,236,1658078.8,3861,4043059.224000001,2438.4000000000005,698.3845359112701,335.0,55.936253,-7.34915,1133385500.0,3380577300.0,503766140.0,48.25,63.0,-22.0,12.75,300,370,"{300: 28673.68359375, 310: 100572.71875, 320: 119850.8359375, 330: 267066.53125, 340: 390716.75, 350: 278106.3125, 360: 318601.0, 370: 154490.984375}"
616840,2024-04-23 23:00:00,20240423T23.nc,38,636.85956,1,194.11479331054687,304.8,0.0,390.0,34.5,54.999996,2006233000.0,2006233000.0,0.0,34.5,34.5,55.0,55.0,390,390,{390: 636.8595581054688}
248295,2024-02-16 16:00:00,20240216T16.nc,93,627.1596,1,191.15824819335936,304.8,0.0,330.0,35.75,-37.499996,691584700.0,691584700.0,0.0,35.75,35.75,-37.5,-37.5,330,330,{330: 627.1596069335938}
1172190,2024-08-04 19:00:00,20240804T19.nc,204,344.808,1,105.09748264160156,304.8,0.0,330.0,63.5,72.0,515515400.0,515515400.0,0.0,63.5,63.5,72.0,72.0,330,330,{330: 344.8080139160156}
269264,2024-02-20 07:00:00,20240220T07.nc,157,1694.8171,4,516.5802638671876,304.8,0.0,290.0,56.75,80.87499,594408960.0,668751900.0,55097604.0,56.75,56.75,80.5,81.25,290,290,{290: 1694.817138671875}
584434,2024-04-18 04:00:00,20240418T04.nc,148,972.63916,2,296.460416015625,304.8,0.0,340.0,51.0,-86.37499,630959740.0,645254900.0,14295168.0,51.0,51.0,-86.5,-86.25,340,340,{340: 972.63916015625}
429526,2024-03-20 20:00:00,20240320T20.nc,78,608.9507,1,185.608168359375,304.8,0.0,400.0,38.0,78.49999,1359752200.0,1359752200.0,0.0,38.0,38.0,78.5,78.5,400,400,{400: 608.95068359375}
1847688,2024-10-18 10:00:00,20241018T10.nc,163,1139.4908,2,694.6336189453116,609.5999999999992,152.39999999999964,345.0,42.5,48.749996,641004700.0,660774000.0,19769376.0,42.5,42.5,48.75,48.75,340,350,"{340: 569.7454223632812, 350: 569.7454223632812}"
1173925,2024-08-05 04:00:00,20240805T04.nc,76,198341.31,396,241817.72820000027,1219.2000000000014,340.77675977096834,345.0,49.49533,-64.57077,890687600.0,1966920200.0,353322340.0,45.5,52.25,-71.5,-57.75,330,360,"{330: 15066.646484375, 340: 142173.6875, 350: 30081.66015625, 360: 11019.33203125}"
2120173,2024-11-12,20241112T00.nc,394,862.19543,3,262.79716845703126,304.8,0.0,300.0,68.16606,9.166969,637320400.0,708757760.0,58910710.0,68.0,68.25,9.0,9.25,300,300,{300: 862.1954345703125}
121395,2024-01-24 02:00:00,20240124T02.nc,134,448.7495,1,136.778851171875,304.8,0.0,270.0,54.5,36.499996,670093760.0,670093760.0,0.0,54.5,54.5,36.5,36.5,270,270,{270: 448.74951171875}
1340396,2024-09-07 23:00:00,20240907T23.nc,144,491.5418,1,149.82194340820314,304.8,0.0,320.0,50.5,-87.24999,515544130.0,515544130.0,0.0,50.5,50.5,-87.25,-87.25,320,320,{320: 491.54180908203125}
689004,2024-05-06 03:00:00,20240506T03.nc,210,626465.0,2497,1145679.192,1828.8,520.5450989107476,335.0,70.96454,-8.92581,743711400.0,1634834700.0,202487860.0,67.5,75.0,-18.75,1.25,310,360,"{310: 270.6295471191406, 320: 56569.109375, 330: 179664.28125, 340: 207292.765625, 350: 114768.421875, 360: 67899.7734375}"
579496,2024-04-17 09:00:00,20240417T09.nc,66,578.77014,1,176.40913916015626,304.8,0.0,310.0,41.5,80.24999,755615360.0,755615360.0,0.0,41.5,41.5,80.25,80.25,310,310,{310: 578.7701416015625}
1435294,2024-09-15 13:00:00,20240915T13.nc,129,658.8943,1,200.83097871093756,304.8,0.0,440.0,31.5,-60.749992,984206460.0,984206460.0,0.0,31.5,31.5,-60.75,-60.75,440,440,{440: 658.894287109375}
1553332,2024-09-24 11:00:00,20240924T11.nc,191,24863.953,45,22735.598737500008,914.4000000000004,248.86815786677104,350.0,44.35359,55.325794,681056960.0,1021368960.0,140001180.0,43.5,45.0,53.75,57.25,340,360,"{340: 10467.5439453125, 350: 12177.564453125, 360: 2218.84033203125}"
2282907,2024-11-25 21:00:00,20241125T21.nc,196,1615.2731,3,492.3352321289063,304.8,0.0,280.0,45.833084,-83.666534,569495550.0,573553150.0,2888065.2,45.75,46.0,-83.75,-83.5,280,280,{280: 1615.2730712890625}
1702532,2024-10-06 14:00:00,20241006T14.nc,175,602.6709,1,183.69408984375,304.8,0.0,340.0,38.75,67.99999,575391000.0,575391000.0,0.0,38.75,38.75,68.0,68.0,340,340,{340: 602.6708984375}
2155742,2024-11-15 02:00:00,20241115T02.nc,349,392.21017,1,119.54566120605467,304.8,0.0,300.0,59.5,-18.0,638495400.0,638495400.0,0.0,59.5,59.5,-18.0,-18.0,300,300,{300: 392.2101745605469}
1937120,2024-10-25 13:00:00,20241025T13.nc,207,574.2796,1,175.04042270507813,304.8,0.0,380.0,42.0,-51.749996,506617730.0,506617730.0,0.0,42.0,42.0,-51.75,-51.75,380,380,{380: 574.2796020507812}
888989,2024-06-09 17:00:00,20240609T17.nc,237,2733.8354,7,833.273044921875,304.8,0.0,370.0,59.642403,-23.321198,999004200.0,1649029000.0,346315550.0,59.5,59.75,-23.75,-23.0,370,370,{370: 2733.83544921875}
951100,2024-06-20 13:00:00,20240620T13.nc,100,555.88385,1,169.43339750976563,304.8,0.0,350.0,44.0,11.75,935464600.0,935464600.0,0.0,44.0,44.0,11.75,11.75,350,350,{350: 555.8838500976562}
1662628,2024-10-03,20241003T00.nc,168,1588.4656,3,968.3286152343736,609.5999999999992,152.39999999999964,315.0,46.75,46.333332,619162430.0,668764000.0,40063356.0,46.75,46.75,46.25,46.5,310,320,"{310: 529.488525390625, 320: 1058.97705078125}"
1460712,2024-09-17 10:00:00,20240917T10.nc,405,280.08105,1,85.36870546875001,304.8,0.0,320.0,68.75,10.999999,682606100.0,682606100.0,0.0,68.75,68.75,11.0,11.0,320,320,{320: 280.0810546875}
1610374,2024-09-28 07:00:00,20240928T07.nc,144,1271.8032,2,387.645622265625,304.8,0.0,440.0,34.62481,-59.749992,577861060.0,583223550.0,5362496.0,34.5,34.75,-59.75,-59.75,440,440,{440: 1271.80322265625}
2038522,2024-11-04 23:00:00,20241104T23.nc,278,562.86285,1,171.56059790039063,304.8,0.0,350.0,43.25,-23.249998,878410750.0,878410750.0,0.0,43.25,43.25,-23.25,-23.25,350,350,{350: 562.8628540039062}
1958620,2024-10-27 16:00:00,20241027T16.nc,131,1803.7803,3,549.79222734375,304.8,0.0,340.0,38.916473,-46.416763,773132600.0,1276916900.0,356560540.0,38.75,39.0,-46.5,-46.25,340,340,{340: 1803.7802734375}
2233930,2024-11-21 18:00:00,20241121T18.nc,144,583.21655,1,177.7644052734375,304.8,0.0,300.0,41.0,-44.749996,504453540.0,504453540.0,0.0,41.0,41.0,-44.75,-44.75,300,300,{300: 583.216552734375}
944066,2024-06-19 07:00:00,20240619T07.nc,203,163.96446,1,49.97636810302734,304.8,0.0,310.0,77.75,-42.0,509717950.0,509717950.0,0.0,77.75,77.75,-42.0,-42.0,310,310,{310: 163.96446228027344}
1168825,2024-08-04 06:00:00,20240804T06.nc,40,2829.299,4,2587.1110716796884,914.4000000000004,248.86815786677104,430.0,23.75,-83.93749,1511776100.0,1940363800.0,379674180.0,23.75,23.75,-84.0,-83.75,420,440,"{420: 707.3247680664062, 430: 707.3247680664062, 440: 1414.6495361328125}"
2514005,2024-12-15 19:00:00,20241215T19.nc,296,517.0837,1,157.60710541992188,304.8,0.0,290.0,48.0,45.5,864851800.0,864851800.0,0.0,48.0,48.0,45.5,45.5,290,290,{290: 517.0836791992188}
1678352,2024-10-04 10:00:00,20241004T10.nc,99,1725.0896,3,525.8073099609375,304.8,0.0,320.0,41.91645,66.91676,563673340.0,633024700.0,53820652.0,41.75,42.0,66.75,67.0,320,320,{320: 1725.089599609375}
58214,2024-01-12 04:00:00,20240112T04.nc,88,1660.6089,3,506.153588671875,304.8,0.0,340.0,44.25,-16.75,546109700.0,570318660.0,31488506.0,44.25,44.25,-17.0,-16.5,340,340,{340: 1660.60888671875}
1965044,2024-10-28 10:00:00,20241028T10.nc,421,600.02246,3,182.88684609375,304.8,0.0,300.0,74.99999,49.75,507966180.0,510247460.0,1912182.0,75.0,75.0,49.5,50.0,300,300,{300: 600.0224609375}
1564957,2024-09-25 08:00:00,20240925T08.nc,292,544.0411,1,165.82372016601565,304.8,0.0,350.0,45.25,71.24999,506559140.0,506559140.0,0.0,45.25,45.25,71.25,71.25,350,350,{350: 544.0410766601562}
739346,2024-05-14 16:00:00,20240514T16.nc,233,377.59158,1,115.08991457519532,304.8,0.0,300.0,60.750004,22.249998,509945400.0,509945400.0,0.0,60.75,60.75,22.25,22.25,300,300,{300: 377.5915832519531}
1519672,2024-09-21 19:00:00,20240921T19.nc,427,1141.5897,3,347.9565471679688,304.8,0.0,290.0,60.499996,60.249996,695096770.0,785559360.0,86633060.0,60.5,60.5,60.0,60.5,290,290,{290: 1141.5897216796875}
168405,2024-02-02,20240202T00.nc,205,522.2635,2,159.18591137695313,304.8,0.0,290.0,70.25,50.124996,552127360.0,576747600.0,24620192.0,70.25,70.25,50.0,50.25,290,290,{290: 522.2634887695312}
1192886,2024-08-09 01:00:00,20240809T01.nc,66,2315.0806,4,705.636556640625,304.8,0.0,360.0,41.5,-53.625,589950460.0,647568000.0,44669424.0,41.5,41.5,-54.0,-53.25,360,360,{360: 2315.08056640625}
1110495,2024-07-23 23:00:00,20240723T23.nc,124,475600.44,938,724815.0667500003,1524.000000000001,431.0522938113196,370.0,48.97512,-8.209583,1160184800.0,2726546700.0,447126140.0,47.5,51.0,-17.0,-2.0,350,390,"{350: 75837.75, 360: 153611.671875, 370: 119529.84375, 380: 107075.375, 390: 19545.78515625}"
2460861,2024-12-10 21:00:00,20241210T21.nc,286,459.66086,1,140.1046295654297,304.8,0.0,270.0,53.5,-62.499996,544668700.0,544668700.0,0.0,53.5,53.5,-62.5,-62.5,270,270,{270: 459.6608581542969}
272693,2024-02-21 05:00:00,20240221T05.nc,40,1826.852,3,1113.649010156252,609.600000000001,152.40000000000057,285.0,38.0,65.08333,795328700.0,937375550.0,102077490.0,38.0,38.0,65.0,65.25,280,290,"{280: 608.95068359375, 290: 1217.9013671875}"
2295093,2024-11-26 21:00:00,20241126T21.nc,161,591.97577,1,180.43421440429688,304.8,0.0,280.0,40.0,-86.74999,532574820.0,532574820.0,0.0,40.0,40.0,-86.75,-86.75,280,280,{280: 591.9757690429688}
1483628,2024-09-19 07:00:00,20240919T07.nc,215,1345.1686,2,410.00738291015625,304.8,0.0,380.0,29.5,-44.124996,608487000.0,620165900.0,11678912.0,29.5,29.5,-44.25,-44.0,380,380,{380: 1345.1685791015625}
795171,2024-05-24 12:00:00,20240524T12.nc,216,728.56036,2,222.06519887695316,304.8,0.0,290.0,61.87449,62.999996,964059500.0,1058514240.0,94454720.0,61.75,62.0,63.0,63.0,290,290,{290: 728.5603637695312}
2097840,2024-11-10,20241110T00.nc,16,80797.54,115,98508.35962499995,1219.1999999999996,340.77675977096794,425.0,24.60298,-78.30744,1221754000.0,2698113500.0,525645100.0,23.75,25.5,-79.75,-76.5,410,440,"{410: 2098.237548828125, 420: 21781.427734375, 430: 33717.08984375, 440: 23200.78515625}"
1174030,2024-08-05 04:00:00,20240805T04.nc,191,4516.371,26,1376.589909375,304.8,0.0,350.0,77.00291,47.234592,560535700.0,641555140.0,35359644.0,76.5,77.5,45.5,49.25,350,350,{350: 4516.37109375}
309371,2024-02-28 16:00:00,20240228T16.nc,133,908.445,2,276.8940382324219,304.8,0.0,330.0,54.0,-11.624999,558370500.0,586886660.0,28516176.0,54.0,54.0,-11.75,-11.5,330,330,{330: 908.4450073242188}
729724,2024-05-12 23:00:00,20240512T23.nc,136,980424.94,2475,2390668.1676000003,2438.4000000000005,698.3845359112701,305.0,58.552284,-12.082462,852231300.0,2525070300.0,267703600.0,52.0,67.75,-18.0,-3.25,270,340,"{270: 949.095703125, 280: 178960.71875, 290: 317990.0625, 300: 338950.21875, 310: 55332.12890625, 320: 47359.65625, 330: 27970.279296875, 340: 12912.810546875}"
1871995,2024-10-20 02:00:00,20241020T02.nc,304,47943.07,108,43839.143493750016,914.4000000000004,248.86815786677104,290.0,54.908497,-74.21135,655940740.0,1337169700.0,146875580.0,53.25,56.75,-76.0,-71.75,280,300,"{280: 6855.17236328125, 290: 37987.984375, 300: 3099.921875}"
1416964,2024-09-14 01:00:00,20240914T01.nc,488,603.8903,2,184.0657694824219,304.8,0.0,270.0,67.0,-80.87499,549446460.0,570222660.0,20776192.0,67.0,67.0,-81.0,-80.75,270,270,{270: 603.8903198242188}
2243345,2024-11-22 14:00:00,20241122T14.nc,381,353.831,1,107.84768686523438,304.8,0.0,290.0,62.75,61.0,576422660.0,576422660.0,0.0,62.75,62.75,61.0,61.0,290,290,{290: 353.83099365234375}
1900891,2024-10-22 13:00:00,20241022T13.nc,600,400.01495,2,121.92455786132813,304.8,0.0,280.0,75.0,8.125,712640100.0,733891800.0,21251648.0,75.0,75.0,8.0,8.25,280,280,{280: 400.01495361328125}
2637864,2024-12-27,20241227T00.nc,385,478.4169,1,145.82147131347656,304.8,0.0,360.0,51.75,-12.25,1905982200.0,1905982200.0,0.0,51.75,51.75,-12.25,-12.25,360,360,{360: 478.4169006347656}
347766,2024-03-06 13:00:00,20240306T13.nc,16,40744.32,61,37256.60649375001,914.4000000000004,248.86815786677104,330.0,30.18617,-18.023994,838460300.0,1692003000.0,268659650.0,29.25,31.0,-20.25,-15.5,320,340,"{320: 1997.509521484375, 330: 5335.1875, 340: 33411.61328125}"
1980556,2024-10-30 04:00:00,20241030T04.nc,125,1706.9529,3,520.2792380859375,304.8,0.0,330.0,42.583107,-36.33344,626321340.0,671106800.0,31947956.0,42.5,42.75,-36.5,-36.25,330,330,{330: 1706.952880859375}
2593916,2024-12-23 01:00:00,20241223T01.nc,146,1170.8462,2,356.873919140625,304.8,0.0,360.0,40.75,-47.124996,642223740.0,726671200.0,84447460.0,40.75,40.75,-47.25,-47.0,360,360,{360: 1170.84619140625}
1897173,2024-10-22 06:00:00,20241022T06.nc,82,40618.867,65,37141.89215625002,914.4000000000004,248.86815786677104,360.0,36.026237,-28.410757,716930800.0,1090318600.0,139845060.0,35.0,37.0,-29.0,-28.0,350,370,"{350: 8136.80322265625, 360: 18127.341796875, 370: 14354.728515625}"
2144937,2024-11-14 06:00:00,20241114T06.nc,83,621.1961,1,189.34057309570312,304.8,0.0,310.0,36.5,-0.75,525504400.0,525504400.0,0.0,36.5,36.5,-0.75,-0.75,310,310,{310: 621.1961059570312}
2461300,2024-12-10 22:00:00,20241210T22.nc,307,418.04852,1,127.42118979492189,304.8,0.0,370.0,57.25,85.74999,621847300.0,621847300.0,0.0,57.25,57.25,85.75,85.75,370,370,{370: 418.04852294921875}
2389643,2024-12-04 14:00:00,20241204T14.nc,93,615.12604,1,187.4904162597656,304.8,0.0,300.0,37.25,9.75,548534900.0,548534900.0,0.0,37.25,37.25,9.75,9.75,300,300,{300: 615.1260375976562}
1638784,2024-09-30 16:00:00,20240930T16.nc,283,2708.9248,6,825.6802804687501,304.8,0.0,290.0,54.248985,-4.1239896,685935170.0,853612000.0,98783490.0,54.0,54.5,-4.5,-3.75,290,290,{290: 2708.9248046875}
172013,2024-02-02 16:00:00,20240202T16.nc,21,11307.629,16,13786.261162500015,1219.2000000000014,340.77675977096834,365.0,23.859196,-42.92171,985031300.0,1609217500.0,318838200.0,23.5,24.0,-43.25,-42.5,350,380,"{350: 1413.2847900390625, 360: 4242.5703125, 370: 3533.894287109375, 380: 2117.880126953125}"
329296,2024-03-03 03:00:00,20240303T03.nc,170,1513723.6,3443,5075212.5699000005,3352.8,963.862230819322,350.0,55.24465,51.856308,904433800.0,1971104800.0,310929660.0,51.75,58.5,44.75,57.75,300,400,"{300: 25124.947265625, 310: 57647.796875, 320: 145327.328125, 330: 201182.21875, 340: 213699.859375, 350: 212370.75, 360: 220912.71875, 370: 194860.109375, 380: 165370.21875, 390: 62187.38671875, 400: 15040.2705078125}"
636370,2024-04-27 04:00:00,20240427T04.nc,114,524.5565,1,159.88482685546876,304.8,0.0,290.0,47.25,-53.0,808800260.0,808800260.0,0.0,47.25,47.25,-53.0,-53.0,290,290,{290: 524.5565185546875}
414518,2024-03-18 08:00:00,20240318T08.nc,207,2700.7195,6,823.1792982421874,304.8,0.0,270.0,54.374615,79.37538,578545660.0,627919600.0,34699270.0,54.25,54.5,79.0,79.75,270,270,{270: 2700.719482421875}
2438913,2024-12-09 03:00:00,20241209T03.nc,481,1061.4929,3,323.5430419921875,304.8,0.0,270.0,62.750008,-64.49999,1337767800.0,1545173800.0,258022850.0,62.75,62.75,-64.75,-64.25,270,270,{270: 1061.492919921875}
2594111,2024-12-23 01:00:00,20241223T01.nc,342,420.88043,1,128.28435571289063,304.8,0.0,320.0,57.000004,-32.5,544047740.0,544047740.0,0.0,57.0,57.0,-32.5,-32.5,320,320,{320: 420.88043212890625}
1057007,2024-07-12 17:00:00,20240712T17.nc,69,50089.008,86,30534.259162500053,609.600000000001,152.40000000000057,355.0,41.084824,-11.268962,797553540.0,1524915100.0,239979060.0,40.0,41.75,-13.75,-8.5,350,360,"{350: 23922.34375, 360: 26166.6640625}"
1356992,2024-09-09 21:00:00,20240909T21.nc,129,664.12305,1,202.4247046875,304.8,0.0,370.0,30.75,-69.99999,521476600.0,521476600.0,0.0,30.75,30.75,-70.0,-70.0,370,370,{370: 664.123046875}
1614776,2024-09-28 14:00:00,20240928T14.nc,625,522.2635,2,159.18591137695313,304.8,0.0,280.0,70.25,-32.875,570683800.0,579412600.0,8728832.0,70.25,70.25,-33.0,-32.75,280,280,{280: 522.2634887695312}
299917,2024-02-26 20:00:00,20240226T20.nc,133,501.87363,1,152.97108142089843,304.8,0.0,360.0,49.5,36.25,768855600.0,768855600.0,0.0,49.5,49.5,36.25,36.25,360,360,{360: 501.8736267089844}
1778798,2024-10-12 19:00:00,20241012T19.nc,173,560.5471,1,170.85476191406252,304.8,0.0,330.0,43.5,12.999998,863271740.0,863271740.0,0.0,43.5,43.5,13.0,13.0,330,330,{330: 560.547119140625}
2156404,2024-11-15 03:00:00,20241115T03.nc,470,509.5497,2,155.31075256347657,304.8,0.0,300.0,70.75,14.625,509590340.0,512963460.0,3373120.0,70.75,70.75,14.5,14.75,300,300,{300: 509.5497131347656}
798176,2024-05-24 23:00:00,20240524T23.nc,25,707.32477,1,215.59258930664063,304.8,0.0,390.0,23.75,-63.999996,544008100.0,544008100.0,0.0,23.75,23.75,-64.0,-64.0,390,390,{390: 707.3247680664062}
1514035,2024-09-21 09:00:00,20240921T09.nc,584,560.1621,2,170.73741093750002,304.8,0.0,300.0,68.75,40.875,538636700.0,555189950.0,16553296.0,68.75,68.75,40.75,41.0,300,300,{300: 560.162109375}
2656854,2024-12-28 14:00:00,20241228T14.nc,130,621.1961,1,189.34057309570312,304.8,0.0,330.0,36.5,-39.999996,780067100.0,780067100.0,0.0,36.5,36.5,-40.0,-40.0,330,330,{330: 621.1961059570312}
2195329,2024-11-18 10:00:00,20241118T10.nc,269,10149.721,20,12374.539481249996,1219.1999999999996,340.7767597709678,315.0,48.948673,-68.16346,695392450.0,1338817500.0,223267760.0,48.5,49.5,-68.5,-67.5,300,330,"{300: 1016.5046997070312, 310: 2027.919921875, 320: 2545.06201171875, 330: 4560.23388671875}"
2526011,2024-12-16 18:00:00,20241216T18.nc,441,440.47607,1,134.257107421875,304.8,0.0,290.0,55.25,17.249996,519243200.0,519243200.0,0.0,55.25,55.25,17.25,17.25,290,290,{290: 440.47607421875}
1985348,2024-10-30 16:00:00,20241030T16.nc,180,627.1596,1,191.15824819335936,304.8,0.0,320.0,35.75,-6.249999,517099900.0,517099900.0,0.0,35.75,35.75,-6.25,-6.25,320,320,{320: 627.1596069335938}
908792,2024-06-13 01:00:00,20240613T01.nc,206,1061.4929,3,323.5430419921875,304.8,0.0,390.0,62.750008,57.249996,536369250.0,553964540.0,21750314.0,62.75,62.75,57.0,57.5,390,390,{390: 1061.492919921875}
999778,2024-06-30 11:00:00,20240630T11.nc,191,275.0187,2,83.82570197753907,304.8,0.0,300.0,79.75,-87.87499,515485900.0,525108130.0,9622256.0,79.75,79.75,-88.0,-87.75,300,300,{300: 275.0187072753906}
335865,2024-03-04 05:00:00,20240304T05.nc,223,12992.896,46,3960.2348484375,304.8,0.0,270.0,68.54283,-35.748726,684195200.0,909891100.0,99425944.0,67.5,69.75,-36.5,-35.0,270,270,{270: 12992.896484375}
805776,2024-05-26 06:00:00,20240526T06.nc,124,551.17816,1,167.99910366210938,304.8,0.0,340.0,44.5,53.249996,526717280.0,526717280.0,0.0,44.5,44.5,53.25,53.25,340,340,{340: 551.1781616210938}
2159707,2024-11-15 10:00:00,20241115T10.nc,75,598.427,1,182.4005501953125,304.8,0.0,380.0,39.25,-38.249996,986851140.0,986851140.0,0.0,39.25,39.25,-38.25,-38.25,380,380,{380: 598.427001953125}
2567345,2024-12-20 10:00:00,20241220T10.nc,195,548.80963,1,167.27717563476563,304.8,0.0,290.0,44.75,-71.74999,580991900.0,580991900.0,0.0,44.75,44.75,-71.75,-71.75,290,290,{290: 548.8096313476562}
2285013,2024-11-26 01:00:00,20241126T01.nc,413,338.75986,1,103.25400446777344,304.8,0.0,320.0,64.0,21.249998,526957730.0,526957730.0,0.0,64.0,64.0,21.25,21.25,320,320,{320: 338.7598571777344}
1584737,2024-09-26 16:00:00,20240926T16.nc,359,12396.963,24,3778.5942890625,304.8,0.0,340.0,48.046833,-42.028282,1046927800.0,1554697600.0,299009280.0,47.0,48.75,-43.25,-40.5,340,340,{340: 12396.962890625}
254544,2024-02-17 15:00:00,20240217T15.nc,82,1887.3708,3,575.2706349609375,304.8,0.0,350.0,35.499996,-63.999996,609927940.0,689943940.0,64086370.0,35.5,35.5,-64.25,-63.75,350,350,{350: 1887.370849609375}
1827360,2024-10-16 14:00:00,20241016T14.nc,131,578.77014,1,176.40913916015626,304.8,0.0,330.0,41.5,35.5,561496260.0,561496260.0,0.0,41.5,41.5,35.5,35.5,330,330,{330: 578.7701416015625}
1383539,2024-09-11 20:00:00,20240911T20.nc,68,1351411.0,2033,3295280.5824000007,2438.4000000000005,698.3845359112701,385.0,30.539692,-30.640322,1294496100.0,3785338000.0,607780400.0,25.25,34.25,-35.5,-23.25,350,420,"{350: 75038.59375, 360: 356754.25, 370: 405116.5625, 380: 350317.96875, 390: 78707.328125, 400: 68815.421875, 410: 15963.40625, 420: 697.4903564453125}"
249199,2024-02-16 19:00:00,20240216T19.nc,124,611.02075,1,186.2391251953125,304.8,0.0,370.0,37.75,-25.499998,1152126100.0,1152126100.0,0.0,37.75,37.75,-25.5,-25.5,370,370,{370: 611.020751953125}
2536515,2024-12-17 16:00:00,20241217T16.nc,281,5170.7456,9,1576.043260546875,304.8,0.0,290.0,41.971684,-34.166805,614728700.0,712332740.0,64479830.0,41.75,42.25,-34.5,-33.75,290,290,{290: 5170.74560546875}
1410705,2024-09-13 15:00:00,20240913T15.nc,189,1290.658,2,393.3925458984375,304.8,0.0,380.0,33.37482,-55.749996,565705200.0,629887200.0,64182016.0,33.25,33.5,-55.75,-55.75,380,380,{380: 1290.657958984375}
1199220,2024-08-10 09:00:00,20240810T09.nc,97,2708.942,6,825.685489453125,304.8,0.0,320.0,54.25,-80.87499,550050240.0,575405250.0,18411246.0,54.25,54.25,-81.5,-80.25,320,320,{320: 2708.94189453125}
1565537,2024-09-25 09:00:00,20240925T09.nc,303,1102.3563,2,335.99820732421875,304.8,0.0,360.0,44.5,-57.874996,776385300.0,931959100.0,155573860.0,44.5,44.5,-58.0,-57.75,360,360,{360: 1102.3563232421875}
2325971,2024-11-29 06:00:00,20241129T06.nc,393,446.00015,1,135.9408465087891,304.8,0.0,330.0,54.75,53.749996,685233340.0,685233340.0,0.0,54.75,54.75,53.75,53.75,330,330,{330: 446.0001525878906}
629863,2024-04-26,20240426T00.nc,205,1132.8838,4,690.6059578125013,609.600000000001,152.40000000000057,285.0,68.5,64.49999,541187600.0,572893630.0,24793364.0,68.5,68.5,64.25,64.75,280,290,"{280: 566.44189453125, 290: 566.44189453125}"
1710613,2024-10-07 07:00:00,20241007T07.nc,345,398.0057,1,121.31213942871096,304.8,0.0,290.0,58.999996,-10.0,537482900.0,537482900.0,0.0,59.0,59.0,-10.0,-10.0,290,290,{290: 398.0057067871094}
2303649,2024-11-27 14:00:00,20241127T14.nc,209,562.86285,1,171.56059790039063,304.8,0.0,330.0,43.25,-58.999996,519245120.0,519245120.0,0.0,43.25,43.25,-59.0,-59.0,330,330,{330: 562.8628540039062}
707087,2024-05-09 04:00:00,20240509T04.nc,22,688.54266,1,209.86780385742188,304.8,0.0,330.0,27.0,-22.25,501478180.0,501478180.0,0.0,27.0,27.0,-22.25,-22.25,330,330,{330: 688.5426635742188}
273432,2024-02-21 08:00:00,20240221T08.nc,133,440.47607,1,134.257107421875,304.8,0.0,300.0,55.25,20.499998,645372800.0,645372800.0,0.0,55.25,55.25,20.5,20.5,300,300,{300: 440.47607421875}
142739,2024-01-28 04:00:00,20240128T04.nc,18,714935.8,1140,1525387.0495500008,2133.6000000000013,609.6000000000004,350.0,35.694057,-78.90464,797816200.0,1805136900.0,261267020.0,31.5,39.5,-82.25,-73.25,320,380,"{320: 1861.57666015625, 330: 79110.75, 340: 43319.35546875, 350: 236069.328125, 360: 204145.8125, 370: 115925.0390625, 380: 34503.93359375}"
473291,2024-03-28 23:00:00,20240328T23.nc,81,583.21655,1,177.7644052734375,304.8,0.0,290.0,41.0,-6.749999,557709200.0,557709200.0,0.0,41.0,41.0,-6.75,-6.75,290,290,{290: 583.216552734375}
256896,2024-02-18,20240218T00.nc,195,887.17834,3,270.41195947265624,304.8,0.0,410.0,67.5,60.75,532867500.0,547179000.0,13018930.0,67.5,67.5,60.5,61.0,410,410,{410: 887.1783447265625}
108927,2024-01-21 22:00:00,20240121T22.nc,169,9133.8125,23,8351.958150000004,914.4000000000004,248.86815786677104,280.0,59.074436,-8.892886,619408000.0,796364400.0,89523550.0,58.75,59.5,-9.5,-8.25,270,290,"{270: 2396.693359375, 280: 3965.556884765625, 290: 2771.562255859375}"
1820675,2024-10-16,20241016T00.nc,315,499.3049,1,152.1881338623047,304.8,0.0,290.0,49.75,29.999996,525296770.0,525296770.0,0.0,49.75,49.75,30.0,30.0,290,290,{290: 499.3049011230469}
1680803,2024-10-04 15:00:00,20241004T15.nc,421,254.77486,1,77.65537628173828,304.8,0.0,300.0,70.75,-78.49999,623920900.0,623920900.0,0.0,70.75,70.75,-78.5,-78.5,300,300,{300: 254.7748565673828}
1256165,2024-08-22 18:00:00,20240822T18.nc,141,359.81268,1,109.67090581054688,304.8,0.0,280.0,62.25,-19.749998,508199580.0,508199580.0,0.0,62.25,62.25,-19.75,-19.75,280,280,{280: 359.81268310546875}
1680299,2024-10-04 14:00:00,20241004T14.nc,358,719.62537,2,219.3418116210937,304.8,0.0,300.0,62.25,7.8749995,615025340.0,675815300.0,60789950.0,62.25,62.25,7.75,8.0,300,300,{300: 719.6253662109375}
1365178,2024-09-10 12:00:00,20240910T12.nc,474,123974.33,445,188936.8760625001,1524.000000000001,431.0522938113196,360.0,68.840225,31.708601,949080200.0,2002319500.0,312332060.0,67.0,70.0,29.5,33.75,340,380,"{340: 8631.6279296875, 350: 22735.412109375, 360: 27386.478515625, 370: 36228.078125, 380: 28992.73828125}"
410035,2024-03-17 13:00:00,20240317T13.nc,180,475.7644,1,145.0129904296875,304.8,0.0,280.0,52.000004,48.999996,540694660.0,540694660.0,0.0,52.0,52.0,49.0,49.0,280,280,{280: 475.764404296875}
1657695,2024-10-02 12:00:00,20241002T12.nc,130,26757.268,47,24466.84547343751,914.4000000000004,248.86815786677104,370.0,42.546867,10.81324,901178600.0,1301594200.0,215547790.0,42.25,43.0,9.75,11.75,360,380,"{360: 8520.9775390625, 370: 14241.25390625, 380: 3995.035400390625}"
1790439,2024-10-13 15:00:00,20241013T15.nc,401,448.7495,1,136.778851171875,304.8,0.0,280.0,54.5,22.25,810509700.0,810509700.0,0.0,54.5,54.5,22.25,22.25,280,280,{280: 448.74951171875}
1133721,2024-07-28 14:00:00,20240728T14.nc,28,106032.69,158,96956.28945000004,914.4000000000004,248.86815786677104,430.0,29.696394,70.48992,1040523600.0,1685057700.0,329154000.0,28.25,32.25,68.75,71.75,420,440,"{420: 12165.765625, 430: 45526.76171875, 440: 48340.1640625}"
306150,2024-02-28 01:00:00,20240228T01.nc,127,470.43225,1,143.38775009765624,304.8,0.0,320.0,52.5,75.75,685118340.0,685118340.0,0.0,52.5,52.5,75.75,75.75,320,320,{320: 470.4322509765625}
1984264,2024-10-30 14:00:00,20241030T14.nc,28,5030.4893,7,1533.29312578125,304.8,0.0,440.0,21.571218,-45.964203,1042701500.0,2356605700.0,582635900.0,21.25,21.75,-46.25,-45.75,440,440,{440: 5030.4892578125}
1292689,2024-08-30 09:00:00,20240830T09.nc,45,1374.0106,2,837.5968740234365,609.5999999999992,152.39999999999964,435.0,27.25,87.75,886674800.0,1029184450.0,142509600.0,27.25,27.25,87.75,87.75,430,440,"{430: 687.0053100585938, 440: 687.0053100585938}"
9845,2024-01-03,20240103T00.nc,79,1166.4331,2,355.528810546875,304.8,0.0,290.0,41.0,79.87499,508711940.0,510151700.0,1439760.0,41.0,41.0,79.75,80.0,290,290,{290: 1166.43310546875}
2252726,2024-11-23 11:00:00,20241123T11.nc,99,27011.346,45,24699.174510937508,914.4000000000004,248.86815786677104,350.0,39.030323,-21.585762,676452500.0,1307909000.0,169359340.0,38.25,40.0,-22.25,-20.25,340,360,"{340: 5409.16748046875, 350: 11435.6240234375, 360: 10166.556640625}"
2162052,2024-11-15 14:00:00,20241115T14.nc,401,470.43225,1,143.38775009765624,304.8,0.0,310.0,52.5,87.49999,525529630.0,525529630.0,0.0,52.5,52.5,87.5,87.5,310,310,{310: 470.4322509765625}
783501,2024-05-22 11:00:00,20240522T11.nc,25,49751.406,74,60656.91449999998,1219.1999999999996,340.7767597709678,395.0,29.535128,-35.431664,632069700.0,844255100.0,93644456.0,28.75,30.5,-36.25,-34.25,380,410,"{380: 2000.93212890625, 390: 4684.640625, 400: 17466.8046875, 410: 25599.02734375}"
2358339,2024-12-01 14:00:00,20241201T14.nc,126,619.18445,1,188.72741982421877,304.8,0.0,320.0,36.75,-4.2499995,586023500.0,586023500.0,0.0,36.75,36.75,-4.25,-4.25,320,320,{320: 619.1844482421875}
1084942,2024-07-18 20:00:00,20240718T20.nc,188,578.9692,2,176.4698052246094,304.8,0.0,340.0,68.0,-65.62499,536185630.0,545943400.0,9757792.0,68.0,68.0,-65.75,-65.5,340,340,{340: 578.9691772460938}
1186566,2024-08-07 16:00:00,20240807T16.nc,98,1036.6682,2,315.97647128906254,304.8,0.0,340.0,47.8747,14.25,527184220.0,551764900.0,24580704.0,47.75,48.0,14.25,14.25,340,340,{340: 1036.668212890625}
2520670,2024-12-16 08:00:00,20241216T08.nc,14,721.44244,1,219.89565688476563,304.8,0.0,380.0,21.0,-20.5,691794300.0,691794300.0,0.0,21.0,21.0,-20.5,-20.5,380,380,{380: 721.4424438476562}
1837438,2024-10-17 12:00:00,20241017T12.nc,414,235.58984,1,71.807784375,304.8,0.0,320.0,72.25001,-54.0,515290180.0,515290180.0,0.0,72.25,72.25,-54.0,-54.0,320,320,{320: 235.58984375}
1366197,2024-09-10 14:00:00,20240910T14.nc,382,446.00015,1,135.9408465087891,304.8,0.0,330.0,54.75,60.249996,516051260.0,516051260.0,0.0,54.75,54.75,60.25,60.25,330,330,{330: 446.0001525878906}
2103715,2024-11-10 13:00:00,20241110T13.nc,184,580.99884,1,177.08844653320313,304.8,0.0,300.0,41.25,6.4999995,547496700.0,547496700.0,0.0,41.25,41.25,6.5,6.5,300,300,{300: 580.9988403320312}
608591,2024-04-22 12:00:00,20240422T12.nc,202,1387.101,3,422.7883702148438,304.8,0.0,390.0,53.25,-12.249998,559726660.0,598100500.0,31249054.0,53.25,53.25,-12.5,-12.0,390,390,{390: 1387.1009521484375}
2028594,2024-11-04 03:00:00,20241104T03.nc,258,2283.1648,6,695.9086294921875,304.8,0.0,330.0,60.498714,83.12371,508251000.0,531366620.0,10541809.0,60.25,60.75,82.75,83.5,330,330,{330: 2283.164794921875}
2531940,2024-12-17 06:00:00,20241217T06.nc,501,420.88043,1,128.28435571289063,304.8,0.0,270.0,57.000004,41.5,938795300.0,938795300.0,0.0,57.0,57.0,41.5,41.5,270,270,{270: 420.88043212890625}
68040,2024-01-14 01:00:00,20240114T01.nc,194,440.47607,1,134.257107421875,304.8,0.0,360.0,55.25,-42.499996,535730900.0,535730900.0,0.0,55.25,55.25,-42.5,-42.5,360,360,{360: 440.47607421875}
948515,2024-06-20 01:00:00,20240620T01.nc,86,631.0757,1,192.351868359375,304.8,0.0,380.0,35.25,-83.49999,687566100.0,687566100.0,0.0,35.25,35.25,-83.5,-83.5,380,380,{380: 631.07568359375}
2146573,2024-11-14 09:00:00,20241114T09.nc,244,478.4169,1,145.82147131347656,304.8,0.0,310.0,51.75,21.249998,575490000.0,575490000.0,0.0,51.75,51.75,21.25,21.25,310,310,{310: 478.4169006347656}
2611305,2024-12-24 17:00:00,20241224T17.nc,70,644.40155,1,196.4135925292969,304.8,0.0,340.0,33.5,-41.249996,589784640.0,589784640.0,0.0,33.5,33.5,-41.25,-41.25,340,340,{340: 644.4015502929688}
1469637,2024-09-18 04:00:00,20240918T04.nc,102,688.54266,1,209.86780385742188,304.8,0.0,410.0,27.0,-50.249996,545366800.0,545366800.0,0.0,27.0,27.0,-50.25,-50.25,410,410,{410: 688.5426635742188}
2163959,2024-11-15 18:00:00,20241115T18.nc,360,853.0401,2,520.0132450195306,609.5999999999992,152.39999999999964,315.0,56.5,9.25,587985860.0,595331460.0,7345600.0,56.5,56.5,9.25,9.25,310,320,"{310: 426.5200500488281, 320: 426.5200500488281}"
2689324,2024-12-31 05:00:00,20241231T05.nc,295,983.0836,2,299.6438868164063,304.8,0.0,340.0,50.5,-34.875,2305898000.0,2376036900.0,70139010.0,50.5,50.5,-35.0,-34.75,340,340,{340: 983.0836181640625}
886743,2024-06-09 11:00:00,20240609T11.nc,146,1063.8788,2,324.2702534179688,304.8,0.0,330.0,46.5,2.8750002,515258530.0,524686270.0,9427744.0,46.5,46.5,2.75,3.0,330,330,{330: 1063.8787841796875}
209994,2024-02-10 01:00:00,20240210T01.nc,12,688.54266,1,209.86780385742188,304.8,0.0,330.0,27.0,5.9999995,508729150.0,508729150.0,0.0,27.0,27.0,6.0,6.0,330,330,{330: 688.5426635742188}
2435146,2024-12-08 20:00:00,20241208T20.nc,15,4261.3936,6,2597.7455109375046,609.600000000001,152.40000000000057,335.0,23.20811,-19.916769,1149733200.0,2315235800.0,663352600.0,23.0,23.5,-20.0,-19.75,330,340,"{330: 1421.351806640625, 340: 2840.041748046875}"
2039745,2024-11-05 01:00:00,20241105T01.nc,408,362.79333,1,110.57940849609376,304.8,0.0,280.0,62.000004,62.749996,512408260.0,512408260.0,0.0,62.0,62.0,62.75,62.75,280,280,{280: 362.7933349609375}
2671598,2024-12-29 18:00:00,20241229T18.nc,220,1083.2826,2,660.3690685546866,609.5999999999992,152.39999999999964,275.0,45.5,46.749996,690106430.0,698238600.0,8132160.0,45.5,45.5,46.75,46.75,270,280,"{270: 541.6412963867188, 280: 541.6412963867188}"
199494,2024-02-08 06:00:00,20240208T06.nc,270,409.50543,1,124.81725571289064,304.8,0.0,280.0,58.0,52.499996,514202560.0,514202560.0,0.0,58.0,58.0,52.5,52.5,280,280,{280: 409.50543212890625}
1478576,2024-09-18 21:00:00,20240918T21.nc,10,1447.6633,2,882.4955660156265,609.600000000001,152.40000000000057,405.0,20.5,-84.74999,1587847800.0,1975095600.0,387247740.0,20.5,20.5,-84.75,-84.75,400,410,"{400: 723.8316650390625, 410: 723.8316650390625}"
1109509,2024-07-23 19:00:00,20240723T19.nc,46,72007.56,110,109739.52525000004,1524.000000000001,431.0522938113196,420.0,32.086136,-83.86428,1302643800.0,4205142800.0,812669200.0,30.5,33.25,-85.5,-82.0,400,440,"{400: 648.0989990234375, 410: 6555.8427734375, 420: 7221.97119140625, 430: 28807.18359375, 440: 28774.455078125}"
1398378,2024-09-12 18:00:00,20240912T18.nc,664,341.7872,1,104.17673884277345,304.8,0.0,280.0,63.75,-19.5,707030000.0,707030000.0,0.0,63.75,63.75,-19.5,-19.5,280,280,{280: 341.7872009277344}
1945519,2024-10-26 08:00:00,20241026T08.nc,112,1716.043,3,523.0498968750001,304.8,0.0,330.0,42.24934,2.4999998,540017860.0,570888060.0,25501360.0,42.0,42.5,2.5,2.5,330,330,{330: 1716.04296875}
606299,2024-04-22 03:00:00,20240422T03.nc,31,1992.3691,3,607.2741140625001,304.8,0.0,380.0,30.75,15.749999,534867040.0,549743400.0,10606164.0,30.75,30.75,15.5,16.0,380,380,{380: 1992.369140625}
1383579,2024-09-11 20:00:00,20240911T20.nc,108,4077.943,6,2485.914123046872,609.5999999999992,152.39999999999964,435.0,28.416536,-88.49989,595728000.0,749570800.0,79451416.0,28.25,28.5,-88.75,-88.25,430,440,"{430: 3398.820068359375, 440: 679.123046875}"
1623110,2024-09-29 07:00:00,20240929T07.nc,209,527.02747,1,160.63797158203127,304.8,0.0,350.0,47.0,31.499998,698249340.0,698249340.0,0.0,47.0,47.0,31.5,31.5,350,350,{350: 527.0274658203125}
896564,2024-06-10 21:00:00,20240610T21.nc,124,539.23114,1,164.35765151367187,304.8,0.0,380.0,45.75,29.499998,509183460.0,509183460.0,0.0,45.75,45.75,29.5,29.5,380,380,{380: 539.2311401367188}
894338,2024-06-10 14:00:00,20240610T14.nc,243,478.4169,1,145.82147131347656,304.8,0.0,350.0,51.75,83.74999,550052860.0,550052860.0,0.0,51.75,51.75,83.75,83.75,350,350,{350: 478.4169006347656}
2405203,2024-12-06 02:00:00,20241206T02.nc,283,548.80963,1,167.27717563476563,304.8,0.0,280.0,44.75,-53.749996,615681600.0,615681600.0,0.0,44.75,44.75,-53.75,-53.75,280,280,{280: 548.8096313476562}
1843483,2024-10-18 02:00:00,20241018T02.nc,146,1130.3356,2,344.5262821289063,304.8,0.0,340.0,43.0,-29.124998,732082400.0,768284600.0,36202176.0,43.0,43.0,-29.25,-29.0,340,340,{340: 1130.3355712890625}
35389,2024-01-08 02:00:00,20240108T02.nc,98,546.43054,1,166.55202919921877,304.8,0.0,270.0,45.0,33.499996,513285980.0,513285980.0,0.0,45.0,45.0,33.5,33.5,270,270,{270: 546.4305419921875}
2391579,2024-12-04 19:00:00,20241204T19.nc,72,649.92926,1,198.09843852539063,304.8,0.0,370.0,32.75,-53.5,536507070.0,536507070.0,0.0,32.75,32.75,-53.5,-53.5,370,370,{370: 649.9292602539062}
1069067,2024-07-15 12:00:00,20240715T12.nc,60,4735.806,8,2886.9474304687465,609.5999999999992,152.39999999999964,395.0,40.0,-51.124996,734531600.0,913709600.0,132623896.0,40.0,40.0,-51.75,-50.5,390,400,"{390: 1183.9515380859375, 400: 3551.854736328125}"
689272,2024-05-06 05:00:00,20240506T05.nc,10,57902.375,82,52945.931700000016,914.4000000000004,248.86815786677104,370.0,23.965214,-27.279882,659743300.0,982793200.0,129300400.0,23.25,24.75,-28.25,-26.0,360,380,"{360: 12727.630859375, 370: 26833.900390625, 380: 18340.84375}"
1773217,2024-10-12 09:00:00,20241012T09.nc,373,781.51135,2,238.20466025390627,304.8,0.0,290.0,59.62454,-74.5,548255600.0,570586240.0,22330656.0,59.5,59.75,-74.5,-74.5,290,290,{290: 781.5113525390625}
2584079,2024-12-22,20241222T00.nc,140,4943.3594,8,3013.471874999996,609.5999999999992,152.39999999999964,325.0,36.90606,-51.031414,1040482500.0,1616217700.0,337291360.0,36.75,37.0,-51.25,-50.75,320,330,"{320: 1853.5068359375, 330: 3089.852294921875}"
2550633,2024-12-18 22:00:00,20241218T22.nc,174,1246.3915,2,379.9001229492188,304.8,0.0,330.0,36.25,-81.12499,590803600.0,666367400.0,75563840.0,36.25,36.25,-81.25,-81.0,330,330,{330: 1246.3914794921875}
1576996,2024-09-26 04:00:00,20240926T04.nc,417,400.8921,1,122.19190898437502,304.8,0.0,310.0,58.75,20.75,507636770.0,507636770.0,0.0,58.75,58.75,20.75,20.75,310,310,{310: 400.89208984375}
1104786,2024-07-22 20:00:00,20240722T20.nc,132,1520.9471,3,463.5846893554688,304.8,0.0,330.0,48.999996,55.25,595411500.0,644260600.0,46448204.0,49.0,49.0,55.0,55.5,330,330,{330: 1520.9471435546875}
2372992,2024-12-02 21:00:00,20241202T21.nc,316,320.4623,1,97.67691232910155,304.8,0.0,300.0,65.5,47.249996,517527580.0,517527580.0,0.0,65.5,65.5,47.25,47.25,300,300,{300: 320.4623107910156}
1103197,2024-07-22 13:00:00,20240722T13.nc,81,598.427,1,182.4005501953125,304.8,0.0,370.0,39.25,-52.25,633615170.0,633615170.0,0.0,39.25,39.25,-52.25,-52.25,370,370,{370: 598.427001953125}
696271,2024-05-07 09:00:00,20240507T09.nc,91,1830.9922,3,1116.1728374999984,609.5999999999992,152.39999999999964,365.0,37.83314,86.24999,860976450.0,1076146300.0,206566500.0,37.75,38.0,86.25,86.25,360,370,"{360: 611.020751953125, 370: 1219.971435546875}"
1544273,2024-09-23 17:00:00,20240923T17.nc,295,1121.0942,2,341.70952382812504,304.8,0.0,340.0,43.5,36.374996,587482700.0,660260800.0,72778130.0,43.5,43.5,36.25,36.5,340,340,{340: 1121.09423828125}
1351731,2024-09-09 11:00:00,20240909T11.nc,309,1202.6763,3,366.575726953125,304.8,0.0,310.0,58.750004,50.499996,667571460.0,741317760.0,58356324.0,58.75,58.75,50.25,50.75,310,310,{310: 1202.67626953125}
213390,2024-02-10 12:00:00,20240210T12.nc,136,514.573,1,156.8418498046875,304.8,0.0,300.0,48.25,9.25,564671740.0,564671740.0,0.0,48.25,48.25,9.25,9.25,300,300,{300: 514.572998046875}
2574317,2024-12-21 02:00:00,20241221T02.nc,151,567.462,1,172.96241000976562,304.8,0.0,290.0,42.75,30.999996,520418530.0,520418530.0,0.0,42.75,42.75,31.0,31.0,290,290,{290: 567.4619750976562}
1111152,2024-07-24 02:00:00,20240724T02.nc,157,332.68588,1,101.40265700683594,304.8,0.0,340.0,64.5,-10.249999,507190400.0,507190400.0,0.0,64.5,64.5,-10.25,-10.25,340,340,{340: 332.6858825683594}
663041,2024-05-01 16:00:00,20240501T16.nc,56,7592.1875,12,2314.09875,304.8,0.0,330.0,35.040287,-19.249805,853669950.0,1107872600.0,166013150.0,34.5,35.5,-19.75,-18.75,330,330,{330: 7592.1875}
1626782,2024-09-29 14:00:00,20240929T14.nc,354,456.94604,1,139.27715449218752,304.8,0.0,340.0,53.75,29.749998,500335840.0,500335840.0,0.0,53.75,53.75,29.75,29.75,340,340,{340: 456.946044921875}
398043,2024-03-15 14:00:00,20240315T14.nc,276,323.5275,1,98.61118088378907,304.8,0.0,300.0,65.25,-55.75,508037280.0,508037280.0,0.0,65.25,65.25,-55.75,-55.75,300,300,{300: 323.5274963378906}
471153,2024-03-28 15:00:00,20240328T15.nc,5,720.22723,1,219.52526088867188,304.8,0.0,350.0,21.25,15.999999,934056900.0,934056900.0,0.0,21.25,21.25,16.0,16.0,350,350,{350: 720.2272338867188}
703729,2024-05-08 13:00:00,20240508T13.nc,38,657.1262,1,200.2920720703125,304.8,0.0,390.0,31.75,-13.249998,563226560.0,563226560.0,0.0,31.75,31.75,-13.25,-13.25,390,390,{390: 657.126220703125}
1982047,2024-10-30 08:00:00,20241030T08.nc,49,704.5819,1,214.75656591796877,304.8,0.0,400.0,24.25,-59.749992,511509660.0,511509660.0,0.0,24.25,24.25,-59.75,-59.75,400,400,{400: 704.5819091796875}
2196156,2024-11-18 12:00:00,20241118T12.nc,111,623.19574,1,189.95006147460936,304.8,0.0,420.0,36.25,-72.25,530987460.0,530987460.0,0.0,36.25,36.25,-72.25,-72.25,420,420,{420: 623.1957397460938}
1824795,2024-10-16 08:00:00,20241016T08.nc,301,470.43225,1,143.38775009765624,304.8,0.0,390.0,52.5,6.2499995,619481000.0,619481000.0,0.0,52.5,52.5,6.25,6.25,390,390,{390: 470.4322509765625}
1907236,2024-10-23 01:00:00,20241023T01.nc,533,341.0965,2,103.96621215820312,304.8,0.0,280.0,77.25,14.875,509252030.0,511596400.0,2344384.0,77.25,77.25,14.75,15.0,280,280,{280: 341.09649658203125}
507218,2024-04-04 02:00:00,20240404T02.nc,80,6120.477,10,1865.5214050781249,304.8,0.0,330.0,37.62445,-58.599747,578200200.0,645050300.0,51060450.0,37.25,38.0,-59.0,-58.25,330,330,{330: 6120.47705078125}
2036674,2024-11-04 19:00:00,20241104T19.nc,430,365.76703,1,111.48579038085938,304.8,0.0,300.0,61.749996,58.999996,1579847000.0,1579847000.0,0.0,61.75,61.75,59.0,59.0,300,300,{300: 365.76702880859375}
2029421,2024-11-04 05:00:00,20241104T05.nc,223,529.4885,1,161.3881025390625,304.8,0.0,380.0,46.75,-80.74999,504072300.0,504072300.0,0.0,46.75,46.75,-80.75,-80.75,380,380,{380: 529.488525390625}
755873,2024-05-17 16:00:00,20240517T16.nc,112,244318.52,457,297873.13425000035,1219.2000000000014,340.77675977096834,295.0,46.147392,50.166637,760265660.0,1754365000.0,207765870.0,43.0,50.0,48.5,52.75,280,310,"{280: 58593.4140625, 290: 101903.796875, 300: 81645.1875, 310: 2176.154052734375}"
1591352,2024-09-27 01:00:00,20240927T01.nc,566,295.7261,1,90.13731672363282,304.8,0.0,290.0,67.5,-51.249996,519414340.0,519414340.0,0.0,67.5,67.5,-51.25,-51.25,290,290,{290: 295.7261047363281}
1114365,2024-07-24 16:00:00,20240724T16.nc,232,33121.996,104,10095.584409375,304.8,0.0,300.0,65.63215,-53.91276,607055400.0,836904450.0,86561190.0,64.25,67.25,-56.0,-51.75,300,300,{300: 33121.99609375}
679070,2024-05-04 12:00:00,20240504T12.nc,18,1348.4766,2,411.01565625,304.8,0.0,330.0,29.249998,17.625,559612160.0,589317060.0,29704880.0,29.25,29.25,17.5,17.75,330,330,{330: 1348.4765625}
405610,2024-03-16 20:00:00,20240316T20.nc,55,198388.84,318,241875.6782999999,1219.1999999999996,340.7767597709678,325.0,36.14787,66.76886,749977800.0,1277065200.0,180946220.0,33.75,37.5,63.25,70.0,310,340,"{310: 37928.42578125, 320: 79302.4140625, 330: 79294.40625, 340: 1863.58837890625}"
1985956,2024-10-30 17:00:00,20241030T17.nc,269,470.43225,1,143.38775009765624,304.8,0.0,340.0,52.5,-82.49999,571727800.0,571727800.0,0.0,52.5,52.5,-82.5,-82.5,340,340,{340: 470.4322509765625}
948548,2024-06-20 01:00:00,20240620T01.nc,119,526224.25,993,962358.9084,1828.8,520.5450989107478,345.0,46.596073,7.1096306,844414900.0,2237725000.0,290396670.0,42.25,50.0,2.75,12.0,320,370,"{320: 19840.91015625, 330: 182981.25, 340: 123380.4375, 350: 117231.140625, 360: 74997.140625, 370: 7793.3525390625}"
2615524,2024-12-25 02:00:00,20241225T02.nc,306,488.93536,1,149.02749887695313,304.8,0.0,320.0,50.749996,-26.75,609007200.0,609007200.0,0.0,50.75,50.75,-26.75,-26.75,320,320,{320: 488.93536376953125}
2344852,2024-11-30 15:00:00,20241130T15.nc,21,705.96,1,215.17661469726565,304.8,0.0,400.0,24.0,-64.24999,1196950000.0,1196950000.0,0.0,24.0,24.0,-64.25,-64.25,400,400,{400: 705.9600219726562}
589566,2024-04-18 23:00:00,20240418T23.nc,103,114443.39,216,139529.38184999998,1219.1999999999996,340.7767597709678,325.0,46.64072,46.746098,796156400.0,1341092600.0,210107260.0,43.0,49.75,45.75,47.25,310,340,"{310: 15428.2333984375, 320: 47438.45703125, 330: 38222.6796875, 340: 13354.0244140625}"
662497,2024-05-01 14:00:00,20240501T14.nc,229,171462.81,372,418094.92200000014,2438.4000000000005,698.3845359112701,325.0,53.365433,-1.5205644,996382600.0,1798280300.0,301414240.0,51.75,55.25,-2.75,0.0,290,360,"{290: 2763.36865234375, 300: 7330.07080078125, 310: 20121.001953125, 320: 38031.7890625, 330: 50196.78125, 340: 39533.140625, 350: 11158.658203125, 360: 2328.0009765625}"
1670587,2024-10-03 16:00:00,20241003T16.nc,376,7338.143,19,2236.6660066406253,304.8,0.0,340.0,60.006504,-64.72148,1074176400.0,1574234900.0,374607170.0,59.0,60.75,-65.25,-64.25,340,340,{340: 7338.14306640625}
98585,2024-01-19 19:00:00,20240119T19.nc,181,347.8224,1,106.01626376953126,304.8,0.0,290.0,63.25,-19.25,818851650.0,818851650.0,0.0,63.25,63.25,-19.25,-19.25,290,290,{290: 347.8223876953125}
428598,2024-03-20 15:00:00,20240320T15.nc,125,467.75272,1,142.5710278564453,304.8,0.0,270.0,52.75,-77.24999,500702180.0,500702180.0,0.0,52.75,52.75,-77.25,-77.25,270,270,{270: 467.7527160644531}
184461,2024-02-05 06:00:00,20240205T06.nc,88,1168.6396,2,356.20136484375,304.8,0.0,300.0,40.874763,58.999996,531328930.0,539232900.0,7903968.0,40.75,41.0,59.0,59.0,300,300,{300: 1168.6396484375}
512515,2024-04-04 20:00:00,20240404T20.nc,94,10676.932,18,3254.3287640625,304.8,0.0,330.0,39.858665,-47.384647,704136800.0,1235309800.0,194093340.0,39.25,40.5,-48.75,-46.25,330,330,{330: 10676.931640625}
1627868,2024-09-29 16:00:00,20240929T16.nc,321,548.80963,1,167.27717563476563,304.8,0.0,340.0,44.75,-43.25,602146560.0,602146560.0,0.0,44.75,44.75,-43.25,-43.25,340,340,{340: 548.8096313476562}
1541737,2024-09-23 12:00:00,20240923T12.nc,543,264.30273,1,80.5594734375,304.8,0.0,280.0,70.0,18.0,527578720.0,527578720.0,0.0,70.0,70.0,18.0,18.0,280,280,{280: 264.302734375}
85403,2024-01-17 03:00:00,20240117T03.nc,139,6881633.0,22316,25170260.860800005,3657.600000000001,1052.1856110021654,325.0,65.29194,37.5687,1463988200.0,5145115600.0,830377300.0,50.0,75.25,-1.75,59.0,270,380,"{270: 680014.875, 280: 866370.75, 290: 947644.125, 300: 843497.1875, 310: 736874.0625, 320: 830597.75, 330: 780632.0, 340: 598250.25, 350: 293681.0, 360: 240281.359375, 370: 51712.8046875, 380: 12076.3681640625}"
2532320,2024-12-17 07:00:00,20241217T07.nc,333,509.5223,1,155.30239958496094,304.8,0.0,290.0,48.75,66.99999,550484740.0,550484740.0,0.0,48.75,48.75,67.0,67.0,290,290,{290: 509.5223083496094}
698813,2024-05-07 17:00:00,20240507T17.nc,136,555.88385,1,169.43339750976563,304.8,0.0,350.0,44.0,54.249996,503904450.0,503904450.0,0.0,44.0,44.0,54.25,54.25,350,350,{350: 555.8838500976562}
731138,2024-05-13 06:00:00,20240513T06.nc,220,298.8384,1,91.0859471923828,304.8,0.0,310.0,67.25,24.75,501256700.0,501256700.0,0.0,67.25,67.25,24.75,24.75,310,310,{310: 298.8384094238281}
341436,2024-03-05 06:00:00,20240305T06.nc,87,27844.621,46,33948.162037499984,1219.1999999999996,340.77675977096794,335.0,38.434013,-72.5542,950056300.0,1360293000.0,282773100.0,38.0,38.75,-73.25,-72.0,320,350,"{320: 3630.73583984375, 330: 9686.80859375, 340: 8483.548828125, 350: 6043.5244140625}"
960171,2024-06-22 04:00:00,20240622T04.nc,22,718.9983,1,219.1506791015625,304.8,0.0,440.0,21.5,-84.49999,543383900.0,543383900.0,0.0,21.5,21.5,-84.5,-84.5,440,440,{440: 718.998291015625}
1928658,2024-10-24 18:00:00,20241024T18.nc,147,602.6709,1,183.69408984375,304.8,0.0,340.0,38.75,6.25,755653000.0,755653000.0,0.0,38.75,38.75,6.25,6.25,340,340,{340: 602.6708984375}
2023075,2024-11-03 14:00:00,20241103T14.nc,292,1121.0942,2,683.4190476562492,609.5999999999992,152.39999999999964,315.0,43.5,56.249996,973518600.0,1146193900.0,172675360.0,43.5,43.5,56.25,56.25,310,320,"{310: 560.547119140625, 320: 560.547119140625}"
1712476,2024-10-07 11:00:00,20241007T11.nc,262,494.13892,1,150.6135416015625,304.8,0.0,300.0,50.25,85.25,733702400.0,733702400.0,0.0,50.25,50.25,85.25,85.25,300,300,{300: 494.138916015625}
796163,2024-05-24 16:00:00,20240524T16.nc,44,3442.7134,5,1049.339037890625,304.8,0.0,380.0,27.000002,-45.999996,849109800.0,1047105150.0,176333820.0,27.0,27.0,-46.5,-45.5,380,380,{380: 3442.71337890625}
270414,2024-02-20 13:00:00,20240220T13.nc,136,900.23987,2,274.39311181640625,304.8,0.0,300.0,54.374615,-55.25,520674940.0,532904160.0,12229216.0,54.25,54.5,-55.25,-55.25,300,300,{300: 900.2398681640625}
1486705,2024-09-19 12:00:00,20240919T12.nc,325,555.88385,1,169.43339750976563,304.8,0.0,300.0,44.0,12.5,955949200.0,955949200.0,0.0,44.0,44.0,12.5,12.5,300,300,{300: 555.8838500976562}
1509113,2024-09-21 01:00:00,20240921T01.nc,199,15157.407,24,9239.95544531249,609.5999999999992,152.39999999999964,415.0,35.187103,-57.50053,1143632500.0,1571335200.0,238293570.0,35.0,35.5,-58.75,-56.75,410,420,"{410: 7578.7041015625, 420: 7578.7041015625}"
1157031,2024-08-02 05:00:00,20240802T05.nc,25,6500.191,9,1981.258191796875,304.8,0.0,410.0,20.83324,68.499855,626693900.0,759730800.0,72159380.0,20.75,21.0,67.75,69.0,410,410,{410: 6500.19091796875}
558388,2024-04-12 17:00:00,20240412T17.nc,30,701.78534,1,213.90417143554689,304.8,0.0,390.0,24.75,-66.74999,987307460.0,987307460.0,0.0,24.75,24.75,-66.75,-66.75,390,390,{390: 701.7853393554688}
1457930,2024-09-17 05:00:00,20240917T05.nc,398,420.88043,1,128.28435571289063,304.8,0.0,360.0,57.000004,52.5,1393589400.0,1393589400.0,0.0,57.0,57.0,52.5,52.5,360,360,{360: 420.88043212890625}
683933,2024-05-05 06:00:00,20240505T06.nc,210,58637.508,180,71490.84952499998,1219.1999999999996,340.77675977096794,285.0,65.06102,-85.94446,727991550.0,1125692000.0,157497120.0,64.25,66.0,-88.5,-83.5,270,300,"{270: 6769.53759765625, 280: 15498.341796875, 290: 21935.796875, 300: 14433.8271484375}"
658200,2024-04-30 20:00:00,20240430T20.nc,151,162884.88,338,347531.1693000002,2133.6000000000013,609.6000000000001,310.0,51.394077,-1.6013117,816468800.0,1849159300.0,300649440.0,49.0,53.25,-3.25,-0.75,280,340,"{280: 475.764404296875, 290: 38860.6875, 300: 39387.26171875, 310: 25514.099609375, 320: 33507.46484375, 330: 19962.25390625, 340: 5177.3359375}"
2171536,2024-11-16 12:00:00,20241116T12.nc,31,623.19574,1,189.95006147460936,304.8,0.0,300.0,36.25,80.24999,596591200.0,596591200.0,0.0,36.25,36.25,80.25,80.25,300,300,{300: 623.1957397460938}
2341512,2024-11-30 09:00:00,20241130T09.nc,85,623.19574,1,189.95006147460936,304.8,0.0,380.0,36.25,-63.999996,643295800.0,643295800.0,0.0,36.25,36.25,-64.0,-64.0,380,380,{380: 623.1957397460938}
763296,2024-05-18 23:00:00,20240518T23.nc,47,617.1612,1,188.11073188476564,304.8,0.0,350.0,37.0,-78.99999,913601900.0,913601900.0,0.0,37.0,37.0,-79.0,-79.0,350,350,{350: 617.1611938476562}
1162317,2024-08-03 02:00:00,20240803T02.nc,169,374.64603,1,114.19210891113282,304.8,0.0,320.0,61.0,57.999996,513120670.0,513120670.0,0.0,61.0,61.0,58.0,58.0,320,320,{320: 374.6460266113281}
972059,2024-06-24 11:00:00,20240624T11.nc,167,295.7261,1,90.13731672363282,304.8,0.0,330.0,67.5,56.499996,502470080.0,502470080.0,0.0,67.5,67.5,56.5,56.5,330,330,{330: 295.7261047363281}
1653604,2024-10-02 01:00:00,20241002T01.nc,243,462.36697,1,140.92945363769533,304.8,0.0,300.0,53.25,-45.25,533545000.0,533545000.0,0.0,53.25,53.25,-45.25,-45.25,300,300,{300: 462.3669738769531}
244110,2024-02-16 01:00:00,20240216T01.nc,86,625.18365,1,190.55597797851564,304.8,0.0,370.0,36.0,8.749999,522098750.0,522098750.0,0.0,36.0,36.0,8.75,8.75,370,370,{370: 625.1836547851562}
144255,2024-01-28 09:00:00,20240128T09.nc,229,3885.2788,8,1184.2329808593752,304.8,0.0,340.0,51.061234,0.5003372,980250100.0,1473914900.0,294206820.0,50.75,51.5,0.25,0.75,340,340,{340: 3885.27880859375}
2413713,2024-12-06 21:00:00,20241206T21.nc,364,261.13174,1,79.59295568847656,304.8,0.0,270.0,70.25,-3.0000002,620938600.0,620938600.0,0.0,70.25,70.25,-3.0,-3.0,270,270,{270: 261.1317443847656}
705247,2024-05-08 19:00:00,20240508T19.nc,47,646.2564,1,196.9789533691406,304.8,0.0,370.0,33.25,-71.49999,1245059100.0,1245059100.0,0.0,33.25,33.25,-71.5,-71.5,370,370,{370: 646.2564086914062}
205976,2024-02-09 08:00:00,20240209T08.nc,183,496.72662,1,151.40227485351565,304.8,0.0,330.0,50.0,15.5,572757570.0,572757570.0,0.0,50.0,50.0,15.5,15.5,330,330,{330: 496.72662353515625}
995550,2024-06-29 16:00:00,20240629T16.nc,125,1912.4824,3,582.9246421875,304.8,0.0,420.0,34.4165,-84.41675,547489600.0,601422300.0,38180184.0,34.25,34.5,-84.5,-84.25,420,420,{420: 1912.482421875}
1023612,2024-07-05 17:00:00,20240705T17.nc,21,42122.566,59,25677.91648124997,609.5999999999992,152.39999999999964,435.0,22.477037,-72.2344,3084375800.0,5083566600.0,1013012400.0,20.5,23.75,-73.25,-70.75,430,440,"{430: 4981.86572265625, 440: 37140.69921875}"
652762,2024-04-29 22:00:00,20240429T22.nc,72,445574.44,776,950677.6198499998,2133.5999999999995,609.6,370.0,41.971985,-66.0229,1351614300.0,3103658500.0,602477800.0,39.0,45.0,-71.0,-62.5,340,400,"{340: 3965.35107421875, 350: 26658.419921875, 360: 68890.8828125, 370: 91601.15625, 380: 110898.8125, 390: 107650.6015625, 400: 35909.19921875}"
2232391,2024-11-21 14:00:00,20241121T14.nc,432,311.23035,1,94.86300966796875,304.8,0.0,290.0,66.25,46.25,514951070.0,514951070.0,0.0,66.25,66.25,46.25,46.25,290,290,{290: 311.2303466796875}
1196380,2024-08-09 19:00:00,20240809T19.nc,112,252237.34,469,153763.88475000026,609.600000000001,152.40000000000057,355.0,45.85765,13.276184,852556860.0,2007434200.0,306623360.0,43.75,49.0,10.5,18.25,350,360,"{350: 126035.484375, 360: 126201.875}"
308007,2024-02-28 09:00:00,20240228T09.nc,134,1753975.8,3629,6415341.703200003,3657.600000000001,1052.1856110021654,325.0,51.265327,58.719517,1023043500.0,2316711200.0,388303460.0,48.5,53.25,46.25,68.25,270,380,"{270: 15037.3076171875, 280: 26483.044921875, 290: 47062.90625, 300: 107776.875, 310: 112794.78125, 320: 176713.96875, 330: 314110.4375, 340: 289180.8125, 350: 221145.53125, 360: 167670.71875, 370: 158956.03125, 380: 117043.25}"
449299,2024-03-24 16:00:00,20240324T16.nc,90,1269.8873,2,774.1233158203115,609.5999999999992,152.39999999999964,325.0,34.75,-1.4999999,525561820.0,547365100.0,21803296.0,34.75,34.75,-1.5,-1.5,320,330,"{320: 634.9436645507812, 330: 634.9436645507812}"
1134381,2024-07-28 17:00:00,20240728T17.nc,57,672.5843,1,205.00369145507813,304.8,0.0,410.0,29.5,-72.99999,1524766800.0,1524766800.0,0.0,29.5,29.5,-73.0,-73.0,410,410,{410: 672.5842895507812}
2554948,2024-12-19 06:00:00,20241219T06.nc,248,558.2208,1,170.14570751953124,304.8,0.0,290.0,43.75,-41.5,521925760.0,521925760.0,0.0,43.75,43.75,-41.5,-41.5,290,290,{290: 558.2208251953125}
1602846,2024-09-27 18:00:00,20240927T18.nc,257,1853.5068,3,1129.897767187502,609.600000000001,152.40000000000057,375.0,36.91648,-41.249996,1167652000.0,1271449600.0,111046110.0,36.75,37.0,-41.25,-41.25,370,380,"{370: 1236.345703125, 380: 617.1611938476562}"
356156,2024-03-08 03:00:00,20240308T03.nc,162,454.2225,1,138.44701911621095,304.8,0.0,290.0,54.0,41.249996,523837120.0,523837120.0,0.0,54.0,54.0,41.25,41.25,290,290,{290: 454.2225036621094}
2051863,2024-11-06 02:00:00,20241106T02.nc,284,819.01086,2,249.63451142578128,304.8,0.0,310.0,58.0,83.875,526108640.0,545824000.0,19715360.0,58.0,58.0,83.75,84.0,310,310,{310: 819.0108642578125}
1110747,2024-07-24,20240724T00.nc,151,420.88043,1,128.28435571289063,304.8,0.0,350.0,57.000004,26.0,640102000.0,640102000.0,0.0,57.0,57.0,26.0,26.0,350,350,{350: 420.88043212890625}
1546603,2024-09-23 21:00:00,20240923T21.nc,462,83734.375,227,102088.94999999995,1219.1999999999996,340.7767597709678,325.0,61.460285,-77.6121,971876350.0,1824836400.0,345321300.0,59.75,62.75,-81.0,-74.75,310,340,"{310: 713.6504516601562, 320: 16183.619140625, 330: 44375.640625, 340: 22461.46484375}"
346984,2024-03-06 09:00:00,20240306T09.nc,173,519.58453,1,158.36936586914064,304.8,0.0,350.0,47.75,48.25,511737380.0,511737380.0,0.0,47.75,47.75,48.25,48.25,350,350,{350: 519.5845336914062}
2573323,2024-12-21,20241221T00.nc,25,6324.4976,9,3855.413711718757,609.600000000001,152.40000000000057,375.0,24.583223,-65.83338,924927400.0,1620409300.0,381246270.0,24.5,24.75,-66.25,-65.5,370,380,"{370: 2812.76123046875, 380: 3511.73681640625}"
141489,2024-01-27 21:00:00,20240127T21.nc,118,2882.6519,5,1757.264571093748,609.5999999999992,152.39999999999964,275.0,41.75,69.4,577143200.0,638172900.0,42982556.0,41.75,41.75,69.0,69.75,270,280,"{270: 576.5303955078125, 280: 2306.12158203125}"
2572723,2024-12-20 22:00:00,20241220T22.nc,382,440.47607,1,134.257107421875,304.8,0.0,340.0,55.25,85.99999,929771460.0,929771460.0,0.0,55.25,55.25,86.0,86.0,340,340,{340: 440.47607421875}
592362,2024-04-19 13:00:00,20240419T13.nc,178,456.94604,1,139.27715449218752,304.8,0.0,330.0,53.75,-53.749996,504070180.0,504070180.0,0.0,53.75,53.75,-53.75,-53.75,330,330,{330: 456.946044921875}
1955613,2024-10-27 07:00:00,20241027T07.nc,324,2072.5906,15,631.7256076171875,304.8,0.0,300.0,79.69904,5.7937512,726659400.0,826212100.0,68116590.0,79.5,79.75,4.25,7.5,300,300,{300: 2072.590576171875}
2538676,2024-12-17 21:00:00,20241217T21.nc,139,1213.7379,2,369.9473165039063,304.8,0.0,320.0,38.25,74.37499,706469100.0,714730560.0,8261440.0,38.25,38.25,74.25,74.5,320,320,{320: 1213.7379150390625}
1303850,2024-09-01 09:00:00,20240901T09.nc,19,25503.504,36,31093.87196249999,1219.1999999999996,340.7767597709678,395.0,23.540184,-0.507529,775085700.0,1267310600.0,199722700.0,22.5,24.0,-1.0,0.5,380,410,"{380: 6399.24462890625, 390: 7086.625, 400: 8485.099609375, 410: 3532.529541015625}"
815212,2024-05-27 21:00:00,20240527T21.nc,91,109378.8,195,133354.62914999996,1219.1999999999996,340.7767597709678,325.0,43.449684,65.21838,856042050.0,1375267100.0,221145870.0,42.25,44.5,62.25,66.75,310,340,"{310: 28745.8671875, 320: 46566.734375, 330: 33512.65625, 340: 553.5363159179688}"
1257380,2024-08-23 01:00:00,20240823T01.nc,60,31873.871,50,19430.31181875004,609.600000000001,152.40000000000057,375.0,34.411213,-78.49356,759008960.0,1097020800.0,152080450.0,33.25,35.5,-79.5,-77.0,370,380,"{370: 21674.78125, 380: 10199.08984375}"
617462,2024-04-24 01:00:00,20240424T01.nc,198,341.7872,1,104.17673884277345,304.8,0.0,280.0,63.75,14.249999,502897800.0,502897800.0,0.0,63.75,63.75,14.25,14.25,280,280,{280: 341.7872009277344}
2194226,2024-11-18 08:00:00,20241118T08.nc,276,3067.2546,6,1869.7984277343785,609.600000000001,152.40000000000057,305.0,48.58306,-70.91673,601940500.0,727124200.0,72742170.0,48.5,48.75,-71.25,-70.75,300,310,"{300: 2555.202392578125, 310: 512.0525512695312}"
2573782,2024-12-21 01:00:00,20241221T01.nc,44,688.54266,1,209.86780385742188,304.8,0.0,320.0,27.0,-38.249996,669781440.0,669781440.0,0.0,27.0,27.0,-38.25,-38.25,320,320,{320: 688.5426635742188}
680213,2024-05-04 15:00:00,20240504T15.nc,50,16687.502,27,10172.701190625015,609.600000000001,152.40000000000057,335.0,36.888023,-45.481567,844390700.0,1066558700.0,152982660.0,36.5,37.25,-46.0,-44.75,330,340,"{330: 12361.3271484375, 340: 4326.1748046875}"
1557540,2024-09-24 19:00:00,20240924T19.nc,313,1088.0822,2,331.6474403320313,304.8,0.0,330.0,45.25,64.62499,528841470.0,530764400.0,1922944.0,45.25,45.25,64.5,64.75,330,330,{330: 1088.0821533203125}
2200649,2024-11-18 22:00:00,20241118T22.nc,116,33059.887,55,30229.96041562495,914.3999999999984,248.8681578667703,320.0,38.935486,-13.074147,979224000.0,1867086100.0,377631740.0,38.5,39.5,-14.5,-11.75,310,330,"{310: 7227.79541015625, 320: 11433.759765625, 330: 14398.3271484375}"
2088839,2024-11-09 04:00:00,20241109T04.nc,340,208306.89,599,253967.7610499999,1219.1999999999996,340.77675977096794,285.0,63.195595,-32.352432,751976300.0,1981475300.0,222289860.0,61.25,66.75,-37.5,-26.75,270,300,"{270: 26992.908203125, 280: 39574.72265625, 290: 84559.7421875, 300: 57179.515625}"
238168,2024-02-15 02:00:00,20240215T02.nc,146,514.573,1,156.8418498046875,304.8,0.0,320.0,48.25,-37.75,509578940.0,509578940.0,0.0,48.25,48.25,-37.75,-37.75,320,320,{320: 514.572998046875}
1080397,2024-07-17 21:00:00,20240717T21.nc,82,1847.4133,3,563.0915830078125,304.8,0.0,420.0,37.166485,-36.83324,533900160.0,544541060.0,9795815.0,37.0,37.25,-37.0,-36.75,420,420,{420: 1847.413330078125}
2625547,2024-12-26,20241226T00.nc,106,1266.0314,2,385.8863622070313,304.8,0.0,290.0,35.0,-57.875004,1006835100.0,1022598500.0,15763424.0,35.0,35.0,-58.0,-57.75,290,290,{290: 1266.0313720703125}
1531615,2024-09-22 17:00:00,20240922T17.nc,64,711.3381,1,216.81584487304687,304.8,0.0,410.0,23.0,-76.24999,721705660.0,721705660.0,0.0,23.0,23.0,-76.25,-76.25,410,410,{410: 711.3380737304688}
1361235,2024-09-10 05:00:00,20240910T05.nc,447,3747.6416,26,1142.28116015625,304.8,0.0,330.0,79.24999,33.125,555181900.0,630383900.0,30280858.0,79.25,79.25,30.0,36.25,330,330,{330: 3747.6416015625}
1531654,2024-09-22 17:00:00,20240922T17.nc,104,697.49036,1,212.59506064453123,304.8,0.0,440.0,25.5,-65.74999,1249694100.0,1249694100.0,0.0,25.5,25.5,-65.75,-65.75,440,440,{440: 697.4903564453125}
1713261,2024-10-07 13:00:00,20241007T13.nc,96,687.0053,1,209.39921850585935,304.8,0.0,420.0,27.25,-70.24999,1370336500.0,1370336500.0,0.0,27.25,27.25,-70.25,-70.25,420,420,{420: 687.0053100585938}
1601438,2024-09-27 16:00:00,20240927T16.nc,234,623.19574,1,189.95006147460936,304.8,0.0,380.0,36.25,-59.499996,505158140.0,505158140.0,0.0,36.25,36.25,-59.5,-59.5,380,380,{380: 623.1957397460938}
1270154,2024-08-26,20240826T00.nc,49,1392.0642,2,424.3011708984375,304.8,0.0,430.0,25.75,86.625,605125440.0,606140800.0,1015360.0,25.75,25.75,86.5,86.75,430,430,{430: 1392.064208984375}
1430532,2024-09-15 03:00:00,20240915T03.nc,315,908.445,2,276.8940382324219,304.8,0.0,350.0,54.0,-1.875,579949200.0,647990140.0,68040940.0,54.0,54.0,-2.0,-1.75,350,350,{350: 908.4450073242188}
592789,2024-04-19 15:00:00,20240419T15.nc,45,683.8914,1,208.45010434570312,304.8,0.0,390.0,27.75,-34.249996,596626300.0,596626300.0,0.0,27.75,27.75,-34.25,-34.25,390,390,{390: 683.8914184570312}
2021545,2024-11-03 11:00:00,20241103T11.nc,237,551.17816,1,167.99910366210938,304.8,0.0,330.0,44.5,-25.749998,641337660.0,641337660.0,0.0,44.5,44.5,-25.75,-25.75,330,330,{330: 551.1781616210938}
1632493,2024-09-30 04:00:00,20240930T04.nc,18,1435.5112,2,437.543823046875,304.8,0.0,440.0,21.75,-59.124996,575599400.0,643589200.0,67989740.0,21.75,21.75,-59.25,-59.0,440,440,{440: 1435.51123046875}
589704,2024-04-19,20240419T00.nc,62,14327.446,23,4367.00562890625,304.8,0.0,310.0,36.282166,25.55402,678567000.0,909459200.0,115066410.0,36.0,36.5,24.5,26.75,310,310,{310: 14327.4462890625}
1524129,2024-09-22 04:00:00,20240922T04.nc,57,700.36694,1,213.4718443359375,304.8,0.0,370.0,25.0,-52.25,666579500.0,666579500.0,0.0,25.0,25.0,-52.25,-52.25,370,370,{370: 700.366943359375}
748032,2024-05-16 08:00:00,20240516T08.nc,154,13351.252,36,12208.384785937506,914.4000000000004,248.86815786677104,330.0,61.317284,63.155273,698523800.0,1098866300.0,162600300.0,61.0,61.75,62.0,64.5,320,340,"{320: 3687.330322265625, 330: 6666.7548828125, 340: 2997.168212890625}"
678740,2024-05-04 10:00:00,20240504T10.nc,234,1793.0304,6,546.5156645507813,304.8,0.0,270.0,67.25,63.874996,514673660.0,528456640.0,10078659.0,67.25,67.25,63.25,64.5,270,270,{270: 1793.0303955078125}
2047656,2024-11-05 17:00:00,20241105T17.nc,381,13670.078,30,12499.919437500004,914.4000000000004,248.86815786677104,310.0,53.864315,-20.845215,1235588500.0,2289576400.0,541285700.0,53.25,54.5,-21.75,-19.75,300,320,"{300: 913.89208984375, 310: 6851.3896484375, 320: 5904.79736328125}"
2642888,2024-12-27 11:00:00,20241227T11.nc,359,1615.0839,4,492.2775612304688,304.8,0.0,300.0,58.5,-52.625,582860540.0,654663800.0,53275532.0,58.5,58.5,-53.0,-52.25,300,300,{300: 1615.0838623046875}
2227848,2024-11-21 05:00:00,20241121T05.nc,268,1461.5745,3,445.4878962890625,304.8,0.0,340.0,50.916367,29.416813,2194488000.0,2364693000.0,136265070.0,50.75,51.0,29.25,29.5,340,340,{340: 1461.574462890625}
308062,2024-02-28 09:00:00,20240228T09.nc,189,446.00015,1,135.9408465087891,304.8,0.0,330.0,54.75,28.75,942751800.0,942751800.0,0.0,54.75,54.75,28.75,28.75,330,330,{330: 446.0001525878906}
1324959,2024-09-05 03:00:00,20240905T03.nc,130,2862.5256,6,872.4978134765626,304.8,0.0,340.0,51.873726,-0.083333805,590630340.0,644141950.0,34396204.0,51.5,52.25,-0.25,0.0,340,340,{340: 2862.525634765625}
2128001,2024-11-12 18:00:00,20241112T18.nc,209,591.97577,1,180.43421440429688,304.8,0.0,290.0,40.0,0.0,514024400.0,514024400.0,0.0,40.0,40.0,0.0,0.0,290,290,{290: 591.9757690429688}
1383442,2024-09-11 19:00:00,20240911T19.nc,795,213.00418,1,64.92367434082031,304.8,0.0,290.0,74.0,-41.5,501528000.0,501528000.0,0.0,74.0,74.0,-41.5,-41.5,290,290,{290: 213.00418090820312}
623075,2024-04-24 21:00:00,20240424T21.nc,194,731.53406,2,222.9715807617188,304.8,0.0,300.0,61.749996,55.374996,534654000.0,566934100.0,32280064.0,61.75,61.75,55.25,55.5,300,300,{300: 731.5340576171875}
1031645,2024-07-07 06:00:00,20240707T06.nc,128,77708.69,175,71056.82385000003,914.4000000000004,248.86815786677104,350.0,54.913647,21.718609,806748540.0,1513462100.0,232070400.0,53.75,56.25,20.25,23.25,340,360,"{340: 7967.052734375, 350: 30972.638671875, 360: 38769.0}"
1372093,2024-09-11,20240911T00.nc,69,2815.5444,4,858.177943359375,304.8,0.0,440.0,24.374876,79.125,605028030.0,650337600.0,26824476.0,24.25,24.5,79.0,79.25,440,440,{440: 2815.54443359375}
756567,2024-05-17 18:00:00,20240517T18.nc,226,454.2225,1,138.44701911621095,304.8,0.0,270.0,54.0,45.749996,538415040.0,538415040.0,0.0,54.0,54.0,45.75,45.75,270,270,{270: 454.2225036621094}
1718415,2024-10-07 23:00:00,20241007T23.nc,347,8040.847,21,2450.850216796875,304.8,0.0,300.0,60.294586,71.35102,518575260.0,538975600.0,9804975.0,59.75,60.75,70.0,72.5,300,300,{300: 8040.84716796875}
250828,2024-02-17 01:00:00,20240217T01.nc,179,350.83005,1,106.9329985107422,304.8,0.0,320.0,63.0,-35.749996,2037212000.0,2037212000.0,0.0,63.0,63.0,-35.75,-35.75,320,320,{320: 350.8300476074219}
1079426,2024-07-17 16:00:00,20240717T16.nc,194,719.62537,2,219.3418116210937,304.8,0.0,330.0,62.25,6.8749995,550432000.0,553495400.0,3063424.0,62.25,62.25,6.75,7.0,330,330,{330: 719.6253662109375}
2569135,2024-12-20 14:00:00,20241220T14.nc,299,988.27783,2,301.227083203125,304.8,0.0,320.0,50.25,-40.874996,526001730.0,537519000.0,11517264.0,50.25,50.25,-41.0,-40.75,320,320,{320: 988.27783203125}
1525026,2024-09-22 05:00:00,20240922T05.nc,415,1348.9718,4,411.1666051757812,304.8,0.0,330.0,64.12444,78.249435,532154430.0,557054850.0,14499113.0,64.0,64.25,78.0,78.5,330,330,{330: 1348.9718017578125}
1188788,2024-08-08 04:00:00,20240808T04.nc,170,326.5865,1,99.54356118164064,304.8,0.0,320.0,65.0,5.4999995,512183580.0,512183580.0,0.0,65.0,65.0,5.5,5.5,320,320,{320: 326.58648681640625}
1552858,2024-09-24 10:00:00,20240924T10.nc,210,93943.44,175,85901.87925000003,914.4000000000004,248.86815786677104,330.0,45.97953,-81.769005,715026940.0,1245649200.0,166595900.0,44.5,47.5,-83.75,-79.5,320,340,"{320: 18060.619140625, 330: 58178.140625, 340: 17704.67578125}"
65137,2024-01-13 12:00:00,20240113T12.nc,197,3689.192,7,2248.931378906254,609.600000000001,152.40000000000057,285.0,47.000008,82.71428,608802100.0,758331460.0,93383050.0,47.0,47.0,82.25,83.25,280,290,"{280: 2635.13720703125, 290: 1054.054931640625}"
2528961,2024-12-17,20241217T00.nc,485,1069.8748,4,326.0978255859375,304.8,0.0,270.0,69.75,53.624996,570449500.0,590725250.0,19296782.0,69.75,69.75,53.25,54.0,270,270,{270: 1069.874755859375}
772488,2024-05-20 14:00:00,20240520T14.nc,73,3247.816,5,989.9342917968752,304.8,0.0,350.0,32.79989,-29.649942,728180740.0,926200800.0,155341760.0,32.75,33.0,-30.0,-29.25,350,350,{350: 3247.81591796875}
2527591,2024-12-16 22:00:00,20241216T22.nc,140,604.7757,1,184.3356320800781,304.8,0.0,290.0,38.5,84.0,516672500.0,516672500.0,0.0,38.5,38.5,84.0,84.0,290,290,{290: 604.7756958007812}
1162950,2024-08-03 05:00:00,20240803T05.nc,179,286.35544,1,87.28113757324219,304.8,0.0,340.0,68.25,4.5,601807800.0,601807800.0,0.0,68.25,68.25,4.5,4.5,340,340,{340: 286.3554382324219}
633615,2024-04-26 16:00:00,20240426T16.nc,73,617.1612,1,188.11073188476564,304.8,0.0,330.0,37.0,40.749996,545540860.0,545540860.0,0.0,37.0,37.0,40.75,40.75,330,330,{330: 617.1611938476562}
2331175,2024-11-29 15:00:00,20241129T15.nc,587,321.33557,2,97.94308212890624,304.8,0.0,300.0,78.0,-44.374996,502937860.0,503532960.0,595120.0,78.0,78.0,-44.5,-44.25,300,300,{300: 321.3355712890625}
872746,2024-06-07 05:00:00,20240607T05.nc,6,4346.5117,6,1324.816771875,304.8,0.0,440.0,20.374899,-61.999992,759113400.0,948968100.0,131906320.0,20.25,20.5,-62.25,-61.75,440,440,{440: 4346.51171875}
1278754,2024-08-27 14:00:00,20240827T14.nc,147,1039.1691,2,316.7387317382813,304.8,0.0,380.0,47.75,-44.375,559884900.0,581524400.0,21639520.0,47.75,47.75,-44.5,-44.25,380,380,{380: 1039.1690673828125}
1019394,2024-07-04 20:00:00,20240704T20.nc,129,136531.0,276,208073.2440000001,1524.000000000001,431.0522938113196,340.0,50.157257,32.41439,890175100.0,1751944300.0,322462140.0,47.75,52.5,30.5,33.75,320,360,"{320: 6776.6884765625, 330: 59814.73828125, 340: 35005.6171875, 350: 29944.33984375, 360: 4989.61328125}"
1381390,2024-09-11 17:00:00,20240911T17.nc,277,1927.6029,3,1175.066731054686,609.5999999999992,152.39999999999964,365.0,33.75,-38.66666,674867200.0,722351600.0,49905724.0,33.75,33.75,-38.75,-38.5,360,370,"{360: 642.5343017578125, 370: 1285.068603515625}"
2661321,2024-12-28 22:00:00,20241228T22.nc,120,634.94366,1,193.5308289550781,304.8,0.0,350.0,34.75,-42.499996,1151297400.0,1151297400.0,0.0,34.75,34.75,-42.5,-42.5,350,350,{350: 634.9436645507812}
1315664,2024-09-03 10:00:00,20240903T10.nc,41,2079.2144,3,633.744535546875,304.8,0.0,430.0,26.249643,-81.24999,526354460.0,539705700.0,9701640.0,26.0,26.5,-81.25,-81.25,430,430,{430: 2079.21435546875}
494602,2024-04-01 18:00:00,20240401T18.nc,40,2528.1826,4,770.59006171875,304.8,0.0,320.0,35.124813,-18.250187,535025470.0,540728000.0,4637993.5,35.0,35.25,-18.5,-18.0,320,320,{320: 2528.1826171875}
2481133,2024-12-12 19:00:00,20241212T19.nc,212,2055.7715,4,1253.1982968749985,609.5999999999992,152.39999999999964,315.0,48.312267,-36.06257,579425540.0,619915460.0,39593436.0,48.25,48.5,-36.25,-36.0,310,320,"{310: 514.572998046875, 320: 1541.198486328125}"
1566359,2024-09-25 10:00:00,20240925T10.nc,508,305.04605,1,92.97803635253908,304.8,0.0,360.0,66.75,43.25,816244860.0,816244860.0,0.0,66.75,66.75,43.25,43.25,360,360,{360: 305.0460510253906}
2672657,2024-12-29 20:00:00,20241229T20.nc,362,94215.92,208,172302.077925,1828.8,520.5450989107476,305.0,54.109093,-58.59513,777045000.0,1285675300.0,218808690.0,53.25,55.0,-61.5,-56.25,280,330,"{280: 1381.688720703125, 290: 6867.6962890625, 300: 12239.115234375, 310: 30656.646484375, 320: 31233.83984375, 330: 11836.93359375}"
423194,2024-03-19 18:00:00,20240319T18.nc,135,2211.787,4,674.1527109375,304.8,0.0,360.0,44.3123,-38.687695,1664626800.0,1792350600.0,98884420.0,44.25,44.5,-39.0,-38.5,360,360,{360: 2211.787109375}
2684789,2024-12-30 20:00:00,20241230T20.nc,126,646.2564,1,196.9789533691406,304.8,0.0,330.0,33.25,-68.5,549101250.0,549101250.0,0.0,33.25,33.25,-68.5,-68.5,330,330,{330: 646.2564086914062}
1616723,2024-09-28 18:00:00,20240928T18.nc,49,1418.6898,2,432.41665693359374,304.8,0.0,400.0,23.374882,-88.74999,770027600.0,934094140.0,164066560.0,23.25,23.5,-88.75,-88.75,400,400,{400: 1418.6898193359375}
2183824,2024-11-17 13:00:00,20241117T13.nc,405,1271.1128,3,387.4351792968751,304.8,0.0,300.0,56.750004,-47.5,605804100.0,675799300.0,49802800.0,56.75,56.75,-47.75,-47.25,300,300,{300: 1271.11279296875}
829044,2024-05-30 14:00:00,20240530T14.nc,156,475.7644,1,145.0129904296875,304.8,0.0,350.0,52.000004,-39.749996,521976700.0,521976700.0,0.0,52.0,52.0,-39.75,-39.75,350,350,{350: 475.764404296875}
869137,2024-06-06 15:00:00,20240606T15.nc,20,73516.03,104,67223.05897500002,914.4000000000004,248.86815786677104,430.0,23.81207,-50.960545,1130582300.0,1972681000.0,318278800.0,22.0,25.0,-52.0,-49.75,420,440,"{420: 7735.052734375, 430: 36076.39453125, 440: 29704.58203125}"
1779229,2024-10-12 20:00:00,20241012T20.nc,91,11405.483,17,6952.782679687512,609.600000000001,152.40000000000057,375.0,29.749336,-45.07419,802441700.0,1228389500.0,229075060.0,29.5,30.25,-45.75,-44.5,370,380,"{370: 2688.67041015625, 380: 8716.8125}"
540674,2024-04-09 17:00:00,20240409T17.nc,161,993.45325,2,302.8045497070313,304.8,0.0,300.0,50.0,-48.874996,664222340.0,748734300.0,84511900.0,50.0,50.0,-49.0,-48.75,300,300,{300: 993.4532470703125}
156337,2024-01-30 14:00:00,20240130T14.nc,192,761.0598,2,231.9710314453125,304.8,0.0,300.0,60.499996,-19.625,608946700.0,643321200.0,34374530.0,60.5,60.5,-19.75,-19.5,300,300,{300: 761.059814453125}
2125895,2024-11-12 13:00:00,20241112T13.nc,340,21526.707,46,19684.02090937501,914.4000000000004,248.86815786677104,340.0,52.723736,-0.8516208,796436000.0,1205753900.0,193797440.0,51.75,53.5,-2.75,1.0,330,350,"{330: 5607.5849609375, 340: 15456.7568359375, 350: 462.3669738769531}"
959838,2024-06-22 02:00:00,20240622T02.nc,115,22484.066,44,13706.286881250024,609.600000000001,152.40000000000057,355.0,48.59792,-38.3315,706674050.0,963643650.0,125443030.0,47.75,49.5,-39.25,-37.75,350,360,"{350: 11695.8740234375, 360: 10788.1943359375}"
2078609,2024-11-08 07:00:00,20241108T07.nc,219,4253.0645,8,3889.0021359374937,914.3999999999984,248.8681578667703,320.0,46.53112,-20.843662,551322500.0,609724740.0,32110606.0,46.5,46.75,-21.25,-20.5,310,330,"{310: 1063.8787841796875, 320: 2125.306640625, 330: 1063.8787841796875}"
1061534,2024-07-13 19:00:00,20240713T19.nc,28,19168.734,27,23370.52094999999,1219.1999999999996,340.7767597709678,395.0,23.258484,-82.62046,767744700.0,1164486700.0,155120140.0,22.75,23.75,-83.0,-82.25,380,410,"{380: 4253.353515625, 390: 3542.01513671875, 400: 7815.380859375, 410: 3557.9873046875}"
135533,2024-01-26 17:00:00,20240126T17.nc,35,2023618.2,3367,5551189.5834,2743.2,786.9902159493472,380.0,38.665047,-64.07485,1908328000.0,4776442000.0,1025980000.0,31.0,44.25,-81.5,-50.0,340,420,"{340: 13621.23046875, 350: 44748.44921875, 360: 141686.640625, 370: 186366.859375, 380: 144106.46875, 390: 255347.078125, 400: 477637.0625, 410: 669011.375, 420: 91093.09375}"
39330,2024-01-08 18:00:00,20240108T18.nc,135,1963.5608,4,598.4933291015625,304.8,0.0,290.0,50.562252,48.687744,519292260.0,572852500.0,30962648.0,50.5,50.75,48.5,49.0,290,290,{290: 1963.560791015625}
1290977,2024-08-29 23:00:00,20240829T23.nc,108,486.31958,1,148.2302080078125,304.8,0.0,360.0,51.0,-35.5,719284100.0,719284100.0,0.0,51.0,51.0,-35.5,-35.5,360,360,{360: 486.319580078125}
992603,2024-06-29,20240629T00.nc,173,2079.4197,7,633.8071177734375,304.8,0.0,300.0,67.39222,-52.321102,516862530.0,541815500.0,12660904.0,67.25,67.5,-52.75,-52.0,300,300,{300: 2079.419677734375}
1552431,2024-09-24 09:00:00,20240924T09.nc,282,504.4328,1,153.75111752929686,304.8,0.0,330.0,49.25,46.499996,794067100.0,794067100.0,0.0,49.25,49.25,46.5,46.5,330,330,{330: 504.43280029296875}
2572806,2024-12-20 23:00:00,20241220T23.nc,4,1435.5112,2,437.543823046875,304.8,0.0,320.0,21.75,-34.124996,548711200.0,557937400.0,9226208.0,21.75,21.75,-34.25,-34.0,320,320,{320: 1435.51123046875}
2068679,2024-11-07 11:00:00,20241107T11.nc,170,7202.365,12,8781.123693749998,1219.1999999999996,340.7767597709678,325.0,39.04111,10.895994,833494850.0,1329500500.0,272477860.0,38.75,39.25,10.5,11.0,310,340,"{310: 602.6708984375, 320: 2402.207275390625, 330: 2402.207275390625, 340: 1795.281005859375}"
2514918,2024-12-15 21:00:00,20241215T21.nc,125,615.12604,1,187.4904162597656,304.8,0.0,300.0,37.25,27.999998,618016260.0,618016260.0,0.0,37.25,37.25,28.0,28.0,300,300,{300: 615.1260375976562}
495989,2024-04-02 01:00:00,20240402T01.nc,30,89693.31,144,82015.56495000003,914.4000000000004,248.86815786677104,300.0,36.281815,-39.32948,856299100.0,1536632600.0,274851400.0,34.5,37.25,-42.25,-37.75,290,310,"{290: 30525.44140625, 300: 37452.5546875, 310: 21715.3125}"
2588966,2024-12-22 12:00:00,20241222T12.nc,70,4348.3726,7,2650.7679117187467,609.5999999999992,152.39999999999964,295.0,36.500004,87.60714,553142600.0,611515100.0,27869216.0,36.5,36.5,87.0,88.25,290,300,"{290: 3727.176513671875, 300: 621.1961059570312}"
746227,2024-05-15 23:00:00,20240515T23.nc,48,11369.908,19,6931.096040624992,609.5999999999992,152.39999999999964,325.0,39.24831,-82.68359,620333630.0,740360640.0,70341900.0,38.75,39.75,-83.25,-82.0,320,330,"{320: 594.137451171875, 330: 10775.7705078125}"
1362,2024-01-01 06:00:00,20240101T06.nc,143,509.5223,1,155.30239958496094,304.8,0.0,340.0,48.75,17.75,540240300.0,540240300.0,0.0,48.75,48.75,17.75,17.75,340,340,{340: 509.5223083496094}
596292,2024-04-20 08:00:00,20240420T08.nc,117,7025.0225,12,8564.907384374997,1219.1999999999996,340.77675977096794,335.0,40.74921,42.749836,845383600.0,1315402000.0,230742110.0,40.5,41.25,42.5,43.0,320,350,"{320: 587.6185302734375, 330: 2922.679931640625, 340: 1758.4647216796875, 350: 1756.2581787109375}"
1627999,2024-09-29 16:00:00,20240929T16.nc,454,395.1117,1,120.43004443359376,304.8,0.0,290.0,59.25,-16.25,775014660.0,775014660.0,0.0,59.25,59.25,-16.25,-16.25,290,290,{290: 395.1116943359375}
2093360,2024-11-09 13:00:00,20241109T13.nc,487,977.60895,4,297.97520727539063,304.8,0.0,290.0,71.56025,-33.811886,547299800.0,569470850.0,24068958.0,71.25,71.75,-34.0,-33.75,290,290,{290: 977.6089477539062}
1107609,2024-07-23 10:00:00,20240723T10.nc,23,128915.484,185,117880.31891250004,914.4000000000004,248.86815786677104,430.0,25.602549,75.47456,842542850.0,1623826800.0,302826300.0,24.0,26.5,72.0,78.0,420,440,"{420: 4159.900390625, 430: 49397.39453125, 440: 75358.203125}"
1789268,2024-10-13 13:00:00,20241013T13.nc,608,1342.9042,4,409.3171924804688,304.8,0.0,300.0,64.25,56.62499,1129408300.0,1168736000.0,48033810.0,64.25,64.25,56.25,57.0,300,300,{300: 1342.9041748046875}
1402660,2024-09-13 01:00:00,20240913T01.nc,467,344.808,1,105.09748264160156,304.8,0.0,300.0,63.5,-69.5,598761400.0,598761400.0,0.0,63.5,63.5,-69.5,-69.5,300,300,{300: 344.8080139160156}
2174711,2024-11-16 19:00:00,20241116T19.nc,173,1795.281,3,547.2016505859375,304.8,0.0,350.0,39.25,-45.75,2074734600.0,2114968800.0,29449538.0,39.25,39.25,-46.0,-45.5,350,350,{350: 1795.281005859375}
803942,2024-05-25 21:00:00,20240525T21.nc,76,960035.6,1782,2340950.868,2438.4000000000005,698.3845359112701,325.0,45.698605,43.250458,1132833500.0,2785358300.0,464931940.0,40.75,50.0,39.25,51.0,290,360,"{290: 504.43280029296875, 300: 43539.640625, 310: 155448.140625, 320: 222725.4375, 330: 230874.875, 340: 108857.515625, 350: 109530.203125, 360: 88555.3671875}"
1278467,2024-08-27 13:00:00,20240827T13.nc,149,1051.584,2,320.5227984375,304.8,0.0,360.0,47.124706,24.0,533508160.0,566838900.0,33330736.0,47.0,47.25,24.0,24.0,360,360,{360: 1051.583984375}
1685177,2024-10-05 02:00:00,20241005T02.nc,84,2046.9448,3,1247.8175648437525,609.600000000001,152.40000000000057,375.0,27.999998,-81.916664,1023951600.0,1275237900.0,284388500.0,28.0,28.0,-82.0,-81.75,370,380,"{370: 1364.6298828125, 380: 682.31494140625}"
2644634,2024-12-27 15:00:00,20241227T15.nc,280,578.77014,1,176.40913916015626,304.8,0.0,280.0,41.5,73.25,578014000.0,578014000.0,0.0,41.5,41.5,73.25,73.25,280,280,{280: 578.7701416015625}
653390,2024-04-30,20240430T00.nc,238,270.62955,1,82.48788596191407,304.8,0.0,290.0,69.5,-39.749996,506613760.0,506613760.0,0.0,69.5,69.5,-39.75,-39.75,290,290,{290: 270.6295471191406}
2454681,2024-12-10 09:00:00,20241210T09.nc,21,1440.4545,2,439.05052177734376,304.8,0.0,440.0,21.25,83.12499,1201520600.0,1264226300.0,62705600.0,21.25,21.25,83.0,83.25,440,440,{440: 1440.4544677734375}
2377446,2024-12-03 09:00:00,20241203T09.nc,187,11101.244,20,13534.636856250016,1219.2000000000014,340.77675977096834,345.0,44.087254,-10.412317,659245200.0,897461760.0,145675470.0,44.0,44.25,-11.0,-9.75,330,360,"{330: 2223.535400390625, 340: 555.8838500976562, 350: 4442.3759765625, 360: 3879.449462890625}"
1087341,2024-07-19 09:00:00,20240719T09.nc,248,25690.617,168,15661.00023749998,609.5999999999992,152.39999999999964,295.0,78.570694,-59.488827,642071000.0,1214452700.0,131447890.0,77.75,79.25,-62.25,-55.25,290,300,"{290: 6863.39794921875, 300: 18827.22265625}"
1319156,2024-09-04 01:00:00,20240904T01.nc,169,403.77097,1,123.0693903076172,304.8,0.0,330.0,58.5,10.749999,501240580.0,501240580.0,0.0,58.5,58.5,10.75,10.75,330,330,{330: 403.7709655761719}
2658608,2024-12-28 17:00:00,20241228T17.nc,140,640.65497,1,195.2716343261719,304.8,0.0,320.0,34.0,-53.749992,501789150.0,501789150.0,0.0,34.0,34.0,-53.75,-53.75,320,320,{320: 640.6549682617188}
452500,2024-03-25 09:00:00,20240325T09.nc,49,154821.34,254,141568.63672500005,914.4000000000004,248.86815786677104,400.0,37.864723,-60.10639,823250400.0,1866552200.0,265597180.0,35.0,42.0,-61.75,-58.25,390,410,"{390: 17633.802734375, 400: 72723.703125, 410: 64463.8203125}"
592407,2024-04-19 13:00:00,20240419T13.nc,225,359.81268,1,109.67090581054688,304.8,0.0,280.0,62.25,3.75,628863600.0,628863600.0,0.0,62.25,62.25,3.75,3.75,280,280,{280: 359.81268310546875}
1261970,2024-08-24 03:00:00,20240824T03.nc,90,240592.9,513,439996.3069500004,1828.8000000000015,520.545098910748,355.0,52.630295,-38.543053,1186388100.0,2658573300.0,546923100.0,51.75,53.5,-43.5,-34.25,330,380,"{330: 11591.533203125, 340: 31309.4296875, 350: 48378.28125, 360: 52091.0546875, 370: 53037.32421875, 380: 44185.3125}"
1436281,2024-09-15 14:00:00,20240915T14.nc,618,193.48601,1,58.974535144042974,304.8,0.0,290.0,75.5,65.0,507277250.0,507277250.0,0.0,75.5,75.5,65.0,65.0,290,290,{290: 193.4860076904297}
355413,2024-03-08,20240308T00.nc,16,8674433.0,18161,31727606.14080001,3657.600000000001,1052.1856110021654,325.0,47.696632,-4.3770566,1161831000.0,5058008000.0,592859000.0,30.0,71.0,-31.5,19.5,270,380,"{270: 205185.1875, 280: 668392.375, 290: 998097.875, 300: 836254.25, 310: 1221387.75, 320: 1629188.0, 330: 1690992.625, 340: 785850.125, 350: 343268.8125, 360: 162372.03125, 370: 77430.7265625, 380: 56013.3203125}"
2297666,2024-11-27 02:00:00,20241127T02.nc,116,617.1612,1,188.11073188476564,304.8,0.0,290.0,37.0,-73.5,543472640.0,543472640.0,0.0,37.0,37.0,-73.5,-73.5,290,290,{290: 617.1611938476562}
420498,2024-03-19 08:00:00,20240319T08.nc,242,1164.987,3,355.0880560546875,304.8,0.0,300.0,59.83292,2.416458,748581200.0,880735200.0,95257120.0,59.75,60.0,2.25,2.5,300,300,{300: 1164.987060546875}
2153198,2024-11-14 21:00:00,20241114T21.nc,540,26302.523,156,24051.02743125001,914.4000000000004,248.86815786677104,290.0,77.3905,-37.63215,561320900.0,652974300.0,40086224.0,77.0,78.0,-41.25,-34.25,280,300,"{280: 1738.35302734375, 290: 11993.658203125, 300: 12570.5146484375}"
262333,2024-02-18 23:00:00,20240218T23.nc,211,170.54825,1,51.98310607910156,304.8,0.0,270.0,77.25,58.999996,518327970.0,518327970.0,0.0,77.25,77.25,59.0,59.0,270,270,{270: 170.54824829101562}
2533335,2024-12-17 09:00:00,20241217T09.nc,369,880.95215,2,268.51421484375,304.8,0.0,330.0,55.25,-8.375,620495360.0,655363700.0,34868350.0,55.25,55.25,-8.5,-8.25,330,330,{330: 880.9521484375}
1471200,2024-09-18 07:00:00,20240918T07.nc,380,647.055,2,197.22236176757812,304.8,0.0,330.0,65.25,49.874996,794405000.0,879513200.0,85108260.0,65.25,65.25,49.75,50.0,330,330,{330: 647.0549926757812}
3691,2024-01-01 19:00:00,20240101T19.nc,108,1482.4167,3,451.84062480468754,304.8,0.0,330.0,50.249996,-13.999998,593469800.0,634147100.0,28964644.0,50.25,50.25,-14.25,-13.75,330,330,{330: 1482.416748046875}
646717,2024-04-28 19:00:00,20240428T19.nc,238,15291.663,99,4660.898908593751,304.8,0.0,300.0,78.45272,40.418766,571323650.0,654295600.0,43173280.0,77.5,79.25,37.75,43.0,300,300,{300: 15291.6630859375}
1423252,2024-09-14 14:00:00,20240914T14.nc,210,1155.3005,2,352.1356037109375,304.8,0.0,380.0,41.62476,-88.49999,710273150.0,731083800.0,20810592.0,41.5,41.75,-88.5,-88.5,380,380,{380: 1155.300537109375}
1838294,2024-10-17 14:00:00,20241017T14.nc,367,251.58911,1,76.6843611328125,304.8,0.0,290.0,71.0,-51.0,763182340.0,763182340.0,0.0,71.0,71.0,-51.0,-51.0,290,290,{290: 251.589111328125}
844875,2024-06-02 16:00:00,20240602T16.nc,64,288036.5,450,614554.6764000003,2133.6000000000013,609.6000000000001,380.0,34.05171,-82.5205,1585015800.0,3387775700.0,816003500.0,31.5,36.75,-84.0,-79.75,350,410,"{350: 18570.8046875, 360: 39769.23046875, 370: 77207.1640625, 380: 77265.5390625, 390: 39194.38671875, 400: 25704.19140625, 410: 10325.1650390625}"
591759,2024-04-19 11:00:00,20240419T11.nc,61,65520.01,103,79881.99828749998,1219.1999999999996,340.77675977096794,335.0,34.582863,67.52735,851702800.0,2760840700.0,335362750.0,33.0,35.75,65.0,69.5,320,350,"{320: 7674.54443359375, 330: 39552.43359375, 340: 17665.876953125, 350: 627.1596069335938}"
845914,2024-06-02 20:00:00,20240602T20.nc,97,4135.138,7,1260.390118359375,304.8,0.0,330.0,40.142635,66.42867,527808740.0,559685600.0,18999608.0,40.0,40.25,66.0,66.75,330,330,{330: 4135.13818359375}
1152587,2024-08-01 09:00:00,20240801T09.nc,115,1054.0549,2,321.27594316406254,304.8,0.0,390.0,47.0,-60.374996,512235600.0,513046300.0,810736.0,47.0,47.0,-60.5,-60.25,390,390,{390: 1054.054931640625}
2477692,2024-12-12 10:00:00,20241212T10.nc,201,159719.84,352,340778.2586250002,2133.6000000000013,609.6000000000004,350.0,54.0365,-51.364834,658410700.0,1115835500.0,139380270.0,52.75,55.0,-56.25,-48.25,320,380,"{320: 927.4312133789062, 330: 7400.498046875, 340: 459.6608581542969, 350: 17798.724609375, 360: 40878.828125, 370: 58866.875, 380: 33387.82421875}"
2647405,2024-12-27 21:00:00,20241227T21.nc,129,67284.875,109,82033.71959999998,1219.1999999999996,340.77675977096794,285.0,36.97918,30.227922,844161600.0,1691635000.0,311080420.0,36.0,38.0,28.25,32.25,270,300,"{270: 1238.368896484375, 280: 9892.70703125, 290: 31480.349609375, 300: 24673.44921875}"
2615487,2024-12-25 02:00:00,20241225T02.nc,268,1058.977,2,322.776205078125,304.8,0.0,290.0,46.75,36.375,563249150.0,589865860.0,26616672.0,46.75,46.75,36.25,36.5,290,290,{290: 1058.97705078125}
637027,2024-04-27 07:00:00,20240427T07.nc,165,1694.8171,4,516.5802638671876,304.8,0.0,290.0,56.75,84.125,895344700.0,1083672000.0,201999630.0,56.75,56.75,83.75,84.5,290,290,{290: 1694.817138671875}
195920,2024-02-07 16:00:00,20240207T16.nc,171,1997.2196,4,608.7525354492188,304.8,0.0,300.0,49.75,-73.12499,807009800.0,1046522050.0,150621810.0,49.75,49.75,-73.5,-72.75,300,300,{300: 1997.2196044921875}
2079457,2024-11-08 09:00:00,20241108T09.nc,137,648.099,1,197.54057490234376,304.8,0.0,400.0,33.0,-56.25,618247000.0,618247000.0,0.0,33.0,33.0,-56.25,-56.25,400,400,{400: 648.0989990234375}
786485,2024-05-22 22:00:00,20240522T22.nc,68,1232.2872,2,375.6011481445312,304.8,0.0,370.0,37.124794,-85.49999,563931140.0,584163500.0,20232384.0,37.0,37.25,-85.5,-85.5,370,370,{370: 1232.2872314453125}
431266,2024-03-21 04:00:00,20240321T04.nc,222,292.6081,1,89.18694682617188,304.8,0.0,300.0,67.75,25.999998,532886500.0,532886500.0,0.0,67.75,67.75,26.0,26.0,300,300,{300: 292.60809326171875}
1801490,2024-10-14 12:00:00,20241014T12.nc,392,432.1272,1,131.71236972656249,304.8,0.0,310.0,56.0,33.75,561235600.0,561235600.0,0.0,56.0,56.0,33.75,33.75,310,310,{310: 432.127197265625}
1906174,2024-10-22 23:00:00,20241022T23.nc,493,792.9082,3,241.6784203125,304.8,0.0,280.0,70.0,61.999992,547159000.0,592462800.0,34962550.0,70.0,70.0,61.75,62.25,280,280,{280: 792.908203125}
378957,2024-03-12 06:00:00,20240312T06.nc,189,16314.094,33,9945.071550000015,609.600000000001,152.40000000000057,285.0,50.225018,-65.5375,875942850.0,1035387460.0,166456850.0,49.75,50.75,-66.5,-64.75,280,290,"{280: 494.138916015625, 290: 15819.9541015625}"
251339,2024-02-17 04:00:00,20240217T04.nc,17,2065.628,3,629.60339296875,304.8,0.0,330.0,27.000002,6.2499995,536268900.0,542549100.0,6552799.0,27.0,27.0,6.0,6.5,330,330,{330: 2065.6279296875}
673870,2024-05-03 13:00:00,20240503T13.nc,256,137012.14,400,292329.1032375002,2133.6000000000013,609.6000000000001,330.0,63.67329,-9.943901,791565760.0,2422586400.0,322378050.0,62.0,64.75,-15.75,-3.75,300,360,"{300: 1342.9041748046875, 310: 6720.5576171875, 320: 25256.921875, 330: 45696.7421875, 340: 27991.61328125, 350: 24888.708984375, 360: 5114.6982421875}"
168470,2024-02-02 01:00:00,20240202T01.nc,59,4875.722,8,4458.360350390618,914.3999999999984,248.8681578667703,320.0,37.936916,83.656746,663271200.0,933133440.0,117011170.0,37.75,38.25,83.25,84.0,310,330,"{310: 611.020751953125, 320: 611.020751953125, 330: 3653.6806640625}"
172697,2024-02-02 19:00:00,20240202T19.nc,30,682.31494,1,207.96959414062505,304.8,0.0,380.0,28.0,-44.249996,2056989300.0,2056989300.0,0.0,28.0,28.0,-44.25,-44.25,380,380,{380: 682.31494140625}
2010748,2024-11-02 08:00:00,20241102T08.nc,7,725.0056,1,220.9817115234375,304.8,0.0,440.0,20.25,-34.25,510306400.0,510306400.0,0.0,20.25,20.25,-34.25,-34.25,440,440,{440: 725.005615234375}
887985,2024-06-09 14:00:00,20240609T14.nc,363,362.79333,1,110.57940849609376,304.8,0.0,340.0,62.000004,-25.5,727770400.0,727770400.0,0.0,62.0,62.0,-25.5,-25.5,340,340,{340: 362.7933349609375}
1794460,2024-10-13 23:00:00,20241013T23.nc,134,13025.504,22,7940.34718124999,609.5999999999992,152.39999999999964,315.0,39.987686,67.76148,551338200.0,614507260.0,31643692.0,39.5,40.25,66.5,68.75,310,320,"{310: 1183.940185546875, 320: 11841.564453125}"
326405,2024-03-02 16:00:00,20240302T16.nc,26,688.54266,1,209.86780385742188,304.8,0.0,330.0,27.0,-48.249996,737401860.0,737401860.0,0.0,27.0,27.0,-48.25,-48.25,330,330,{330: 688.5426635742188}
401075,2024-03-16 03:00:00,20240316T03.nc,215,1638.0217,4,499.2690228515625,304.8,0.0,380.0,58.0,75.875,588054460.0,637247600.0,37981868.0,58.0,58.0,75.5,76.25,380,380,{380: 1638.021728515625}
2179649,2024-11-17 05:00:00,20241117T05.nc,454,403.77097,1,123.0693903076172,304.8,0.0,290.0,58.5,-75.75,850325440.0,850325440.0,0.0,58.5,58.5,-75.75,-75.75,290,290,{290: 403.7709655761719}
1871935,2024-10-20 02:00:00,20241020T02.nc,243,512.05255,1,156.07361762695314,304.8,0.0,340.0,48.5,-0.5,500276860.0,500276860.0,0.0,48.5,48.5,-0.5,-0.5,340,340,{340: 512.0525512695312}
2529138,2024-12-17 01:00:00,20241217T01.nc,171,7275.4805,13,4435.132893750008,609.600000000001,152.40000000000057,285.0,43.59591,34.403774,542271900.0,583344400.0,26490574.0,43.5,43.75,34.0,34.75,280,290,"{280: 2800.4091796875, 290: 4475.07177734375}"
1433803,2024-09-15 10:00:00,20240915T10.nc,100,3354.5876,5,2044.9566292968784,609.600000000001,152.40000000000057,425.0,29.75,-64.7,695589570.0,773548200.0,72354810.0,29.75,29.75,-65.0,-64.5,420,430,"{420: 1341.8350830078125, 430: 2012.752685546875}"
230836,2024-02-13 15:00:00,20240213T15.nc,57,142000.97,234,173127.58109999992,1219.1999999999996,340.77675977096794,335.0,38.22449,-14.165901,686987140.0,1171373300.0,145359060.0,35.5,39.75,-18.5,-9.25,320,350,"{320: 9540.548828125, 330: 91203.171875, 340: 33839.2734375, 350: 7417.9560546875}"
1263908,2024-08-24 15:00:00,20240824T15.nc,20,701.78534,1,213.90417143554689,304.8,0.0,420.0,24.75,81.24999,1683284100.0,1683284100.0,0.0,24.75,24.75,81.25,81.25,420,420,{420: 701.7853393554688}
2359335,2024-12-01 15:00:00,20241201T15.nc,540,311.23035,1,94.86300966796875,304.8,0.0,290.0,66.25,84.74999,500783000.0,500783000.0,0.0,66.25,66.25,84.75,84.75,290,290,{290: 311.2303466796875}
718170,2024-05-10 20:00:00,20240510T20.nc,187,951.5288,2,290.025980859375,304.8,0.0,290.0,52.000004,-27.875,521269700.0,526129660.0,4859968.0,52.0,52.0,-28.0,-27.75,290,290,{290: 951.52880859375}
2066124,2024-11-07 06:00:00,20241107T06.nc,20,1440.4545,2,439.05052177734376,304.8,0.0,380.0,21.25,-55.374996,698793400.0,725756400.0,26963008.0,21.25,21.25,-55.5,-55.25,380,380,{380: 1440.4544677734375}
2081962,2024-11-08 14:00:00,20241108T14.nc,169,8320.874,13,5072.404804687509,609.600000000001,152.40000000000057,375.0,34.076084,-7.5204964,707433500.0,963207900.0,137229620.0,33.75,34.5,-8.25,-6.75,370,380,"{370: 1281.297607421875, 380: 7039.576171875}"
1915175,2024-10-23 16:00:00,20241023T16.nc,295,562.86285,1,171.56059790039063,304.8,0.0,300.0,43.25,67.99999,562253760.0,562253760.0,0.0,43.25,43.25,68.0,68.0,300,300,{300: 562.8628540039062}
118036,2024-01-23 10:00:00,20240123T10.nc,174,1054.0549,2,321.27594316406254,304.8,0.0,420.0,47.0,-18.124998,1650183200.0,1667951600.0,17768512.0,47.0,47.0,-18.25,-18.0,420,420,{420: 1054.054931640625}
2065385,2024-11-07 04:00:00,20241107T04.nc,417,7443.042,19,4537.278398437507,609.600000000001,152.40000000000057,355.0,59.533375,8.393342,528592670.0,572817800.0,21666248.0,58.75,60.25,8.25,8.75,350,360,"{350: 3538.52880859375, 360: 3904.513427734375}"
1670273,2024-10-03 16:00:00,20241003T16.nc,53,1431.7288,2,436.39092597656247,304.8,0.0,430.0,22.12489,-39.999996,1457476100.0,2373987000.0,916511040.0,22.0,22.25,-40.0,-40.0,430,430,{430: 1431.728759765625}
1085511,2024-07-19,20240719T00.nc,45,693.07587,1,211.24952416992187,304.8,0.0,430.0,26.250002,-84.25,518202880.0,518202880.0,0.0,26.25,26.25,-84.25,-84.25,430,430,{430: 693.0758666992188}
1728672,2024-10-08 18:00:00,20241008T18.nc,337,56865.023,117,86662.29571875004,1524.000000000001,431.0522938113196,360.0,51.018353,27.302118,839252200.0,1542467800.0,276442560.0,50.25,52.25,25.5,28.0,340,380,"{340: 977.8707275390625, 350: 9731.4111328125, 360: 18484.521484375, 370: 23830.861328125, 380: 3840.35986328125}"
1737091,2024-10-09 11:00:00,20241009T11.nc,381,761.0598,2,463.9420628906244,609.5999999999992,152.39999999999964,295.0,60.499996,1.5,558748800.0,601382700.0,42633936.0,60.5,60.5,1.5,1.5,290,300,"{290: 380.5299072265625, 300: 380.5299072265625}"
82872,2024-01-16 15:00:00,20240116T15.nc,58,649.92926,1,198.09843852539063,304.8,0.0,310.0,32.75,25.5,523355170.0,523355170.0,0.0,32.75,32.75,25.5,25.5,310,310,{310: 649.9292602539062}
358403,2024-03-08 13:00:00,20240308T13.nc,66,596.2879,1,181.74855278320317,304.8,0.0,290.0,39.5,63.99999,575868700.0,575868700.0,0.0,39.5,39.5,64.0,64.0,290,290,{290: 596.2879028320312}
147351,2024-01-29,20240129T00.nc,155,1281.8492,4,781.4152986328115,609.5999999999992,152.39999999999964,365.0,65.5,25.625,875348200.0,948472700.0,69579690.0,65.5,65.5,25.5,25.75,360,370,"{360: 640.9246215820312, 370: 640.9246215820312}"
1255727,2024-08-22 16:00:00,20240822T16.nc,58,3803.488,7,1159.3031537109375,304.8,0.0,340.0,45.321205,47.393196,562695900.0,607923140.0,33759784.0,45.25,45.5,47.0,48.0,340,340,{340: 3803.488037109375}
1105807,2024-07-23,20240723T00.nc,227,416305.22,2393,761338.98405,1828.8,520.5450989107476,335.0,76.95615,21.580652,729453060.0,1772440700.0,189697570.0,75.0,78.5,6.0,34.75,310,360,"{310: 34681.984375, 320: 84703.609375, 330: 109596.046875, 340: 108526.25, 350: 58872.9921875, 360: 19924.353515625}"
566954,2024-04-15 05:00:00,20240415T05.nc,105,527.02747,1,160.63797158203127,304.8,0.0,350.0,47.0,-41.749996,502017630.0,502017630.0,0.0,47.0,47.0,-41.75,-41.75,350,350,{350: 527.0274658203125}
390510,2024-03-14 05:00:00,20240314T05.nc,185,722.606,2,220.25031430664063,304.8,0.0,330.0,62.124485,27.749998,518555400.0,524316480.0,5761088.0,62.0,62.25,27.75,27.75,330,330,{330: 722.6060180664062}
1972134,2024-10-29 05:00:00,20241029T05.nc,153,1003.74725,2,305.94216284179686,304.8,0.0,340.0,49.5,-74.12499,771508300.0,830308860.0,58800576.0,49.5,49.5,-74.25,-74.0,340,340,{340: 1003.7472534179688}
2606775,2024-12-24 07:00:00,20241224T07.nc,119,1183.9515,2,360.86842880859376,304.8,0.0,290.0,40.0,-70.37499,570421800.0,608864640.0,38442816.0,40.0,40.0,-70.5,-70.25,290,290,{290: 1183.9515380859375}
2037733,2024-11-04 21:00:00,20241104T21.nc,513,2691.7563,17,820.4473347656251,304.8,0.0,290.0,78.17539,86.78923,587872800.0,720268700.0,59565668.0,78.0,78.25,85.5,88.5,290,290,{290: 2691.75634765625}
2322145,2024-11-28 23:00:00,20241128T23.nc,260,1078.4623,2,328.71530302734374,304.8,0.0,310.0,45.75,58.374992,546033900.0,579234050.0,33200096.0,45.75,45.75,58.25,58.5,310,310,{310: 1078.4622802734375}
1510536,2024-09-21 04:00:00,20240921T04.nc,78,1389.1212,2,846.8082931640639,609.600000000001,152.40000000000057,405.0,26.0,-59.249996,673529340.0,683932900.0,10403584.0,26.0,26.0,-59.25,-59.25,400,410,"{400: 694.5606079101562, 410: 694.5606079101562}"
1149685,2024-07-31 19:00:00,20240731T19.nc,229,578.9692,2,176.4698052246094,304.8,0.0,360.0,68.0,76.37499,1278099200.0,1280031100.0,1931840.0,68.0,68.0,76.25,76.5,360,360,{360: 578.9691772460938}
321985,2024-03-01 23:00:00,20240301T23.nc,113,558.2208,1,170.14570751953124,304.8,0.0,290.0,43.75,25.0,550844400.0,550844400.0,0.0,43.75,43.75,25.0,25.0,290,290,{290: 558.2208251953125}
945108,2024-06-19 12:00:00,20240619T12.nc,224,1672.1941,4,509.6847591796876,304.8,0.0,370.0,57.25,-63.624992,543142660.0,563187400.0,15655599.0,57.25,57.25,-64.0,-63.25,370,370,{370: 1672.194091796875}
1363605,2024-09-10 10:00:00,20240910T10.nc,62,1409.1638,2,859.0262636718766,609.600000000001,152.40000000000057,375.0,24.25,-6.4999986,656948740.0,723841000.0,66892256.0,24.25,24.25,-6.5,-6.5,370,380,"{370: 704.5819091796875, 380: 704.5819091796875}"
2457830,2024-12-10 14:00:00,20241210T14.nc,495,2116.7053,7,645.1717822265625,304.8,0.0,270.0,66.9625,51.108456,524715040.0,543176600.0,12766280.0,66.75,67.25,50.75,51.5,270,270,{270: 2116.705322265625}
1920600,2024-10-24 02:00:00,20241024T02.nc,283,858.65546,2,261.71818315429687,304.8,0.0,330.0,56.250004,-3.6250002,656674800.0,692871400.0,36196576.0,56.25,56.25,-3.75,-3.5,330,330,{330: 858.6554565429688}
2197507,2024-11-18 14:00:00,20241118T14.nc,391,819.01086,2,249.63451142578128,304.8,0.0,380.0,58.0,53.374996,1512776000.0,1535812900.0,23036992.0,58.0,58.0,53.25,53.5,380,380,{380: 819.0108642578125}
1207045,2024-08-12 01:00:00,20240812T01.nc,173,5614.16,20,1711.196015625,304.8,0.0,360.0,68.69842,60.722538,606126700.0,701533950.0,71355576.0,68.5,69.0,59.5,61.75,360,360,{360: 5614.16015625}
1285647,2024-08-28 20:00:00,20240828T20.nc,37,58885.613,84,89741.67464062505,1524.000000000001,431.0522938113196,420.0,24.88332,69.96372,2417756200.0,4908075500.0,1098828200.0,24.25,25.5,69.0,70.75,400,440,"{400: 6313.2041015625, 410: 7709.6708984375, 420: 11208.62890625, 430: 16825.640625, 440: 16828.46484375}"
2458355,2024-12-10 16:00:00,20241210T16.nc,42,4307.7627,6,2626.0121390625045,609.600000000001,152.40000000000057,405.0,21.708128,89.124886,890566340.0,1107215400.0,218891600.0,21.5,22.0,89.0,89.25,400,410,"{400: 1436.75390625, 410: 2871.0087890625}"
1220163,2024-08-15 04:00:00,20240815T04.nc,81,342031.7,623,521256.2917499996,1523.9999999999989,431.0522938113192,330.0,44.711205,-72.06613,856471360.0,2536735700.0,339652860.0,43.25,47.0,-77.0,-65.5,310,350,"{310: 22121.642578125, 320: 117451.421875, 330: 149484.796875, 340: 45875.30859375, 350: 7098.5068359375}"
1437463,2024-09-15 16:00:00,20240915T16.nc,582,830.8075,3,253.23012451171877,304.8,0.0,310.0,69.0,32.75,561152600.0,614214460.0,42918520.0,69.0,69.0,32.5,33.0,310,310,{310: 830.8074951171875}
2055554,2024-11-06 10:00:00,20241106T10.nc,183,62662.035,112,76397.55326249998,1219.1999999999996,340.7767597709678,325.0,43.61254,78.49994,673175600.0,1292039300.0,138485260.0,42.75,44.0,74.25,81.75,310,340,"{310: 6128.744140625, 320: 18425.85546875, 330: 37544.57421875, 340: 562.8628540039062}"
2444868,2024-12-09 15:00:00,20241209T15.nc,158,1292.5128,2,787.9158134765614,609.5999999999992,152.39999999999964,315.0,33.25,-16.499998,891181400.0,1013616640.0,122435260.0,33.25,33.25,-16.5,-16.5,310,320,"{310: 646.2564086914062, 320: 646.2564086914062}"
796097,2024-05-24 15:00:00,20240524T15.nc,294,534.9374,2,163.04891279296876,304.8,0.0,330.0,69.75,-32.375,834497400.0,846229000.0,11731616.0,69.75,69.75,-32.5,-32.25,330,330,{330: 534.9373779296875}
2387776,2024-12-04 09:00:00,20241204T09.nc,363,365.76703,1,111.48579038085938,304.8,0.0,270.0,61.749996,56.999996,800074500.0,800074500.0,0.0,61.75,61.75,57.0,57.0,270,270,{270: 365.76702880859375}
2227234,2024-11-21 04:00:00,20241121T04.nc,102,596.2879,1,181.74855278320317,304.8,0.0,330.0,39.5,-41.749996,508242850.0,508242850.0,0.0,39.5,39.5,-41.75,-41.75,330,330,{330: 596.2879028320312}
1445982,2024-09-16 08:00:00,20240916T08.nc,55,713.94586,1,217.61069868164063,304.8,0.0,370.0,22.5,-70.24999,567408640.0,567408640.0,0.0,22.5,22.5,-70.25,-70.25,370,370,{370: 713.9458618164062}
2037776,2024-11-04 22:00:00,20241104T22.nc,52,4978.042,7,3034.6143984375053,609.600000000001,152.40000000000057,375.0,23.035658,-62.071514,701890240.0,958302700.0,170305490.0,23.0,23.25,-62.5,-61.75,370,380,"{370: 2844.02783203125, 380: 2134.01416015625}"
249831,2024-02-16 21:00:00,20240216T21.nc,157,560.5471,1,170.85476191406252,304.8,0.0,300.0,43.5,2.25,503351650.0,503351650.0,0.0,43.5,43.5,2.25,2.25,300,300,{300: 560.547119140625}
885236,2024-06-09 05:00:00,20240609T05.nc,75,34234.695,54,31304.205393750013,914.4000000000004,248.86815786677104,430.0,34.874325,-76.54687,978329900.0,1507916700.0,306910820.0,34.5,35.25,-78.25,-75.5,420,440,"{420: 6333.98876953125, 430: 22826.943359375, 440: 5073.765625}"
1320212,2024-09-04 07:00:00,20240904T07.nc,44,1389.1212,2,846.8082931640614,609.5999999999992,152.39999999999964,435.0,26.0,67.74999,812913660.0,878721900.0,65808224.0,26.0,26.0,67.75,67.75,430,440,"{430: 694.5606079101562, 440: 694.5606079101562}"
264665,2024-02-19 10:00:00,20240219T10.nc,20,631.0757,1,192.351868359375,304.8,0.0,330.0,35.25,79.49999,543772800.0,543772800.0,0.0,35.25,35.25,79.5,79.5,330,330,{330: 631.07568359375}
337152,2024-03-04 10:00:00,20240304T10.nc,70,1213.7379,2,369.9473165039063,304.8,0.0,280.0,38.25,53.125,609797500.0,647384300.0,37586850.0,38.25,38.25,53.0,53.25,280,280,{280: 1213.7379150390625}
2281226,2024-11-25 17:00:00,20241125T17.nc,469,1431.7772,5,436.4056971679688,304.8,0.0,270.0,68.24999,14.25,535743650.0,553189000.0,18746636.0,68.25,68.25,13.75,14.75,270,270,{270: 1431.7772216796875}
724108,2024-05-11 21:00:00,20240511T21.nc,201,235.58984,1,71.807784375,304.8,0.0,270.0,72.25001,-23.249998,500941300.0,500941300.0,0.0,72.25,72.25,-23.25,-23.25,270,270,{270: 235.58984375}
1286395,2024-08-29,20240829T00.nc,72,100918.91,162,92280.24787500004,914.4000000000004,248.86815786677104,380.0,36.265728,-47.137573,1003262100.0,1828404900.0,312111940.0,34.75,38.0,-48.75,-45.75,370,390,"{370: 35022.1171875, 380: 44204.85546875, 390: 21691.93359375}"
2182197,2024-11-17 10:00:00,20241117T10.nc,319,448.7495,1,136.778851171875,304.8,0.0,300.0,54.5,-58.999996,553413700.0,553413700.0,0.0,54.5,54.5,-59.0,-59.0,300,300,{300: 448.74951171875}
883511,2024-06-08 21:00:00,20240608T21.nc,11,5767.8936,8,3516.1079109375064,609.600000000001,152.40000000000057,405.0,21.093653,-73.8438,650157950.0,871866900.0,117697830.0,21.0,21.25,-74.25,-73.5,400,410,"{400: 3604.781982421875, 410: 2163.112060546875}"
178355,2024-02-04 03:00:00,20240204T03.nc,148,514.573,1,156.8418498046875,304.8,0.0,370.0,48.25,79.25,575184960.0,575184960.0,0.0,48.25,48.25,79.25,79.25,370,370,{370: 514.572998046875}
903926,2024-06-12 04:00:00,20240612T04.nc,122,531.9394,1,162.1351267089844,304.8,0.0,350.0,46.5,16.999998,525909800.0,525909800.0,0.0,46.5,46.5,17.0,17.0,350,350,{350: 531.9393920898438}
1522822,2024-09-22 01:00:00,20240922T01.nc,255,956.8338,2,291.6429426269532,304.8,0.0,290.0,51.75,-48.625,662631040.0,792269100.0,129638110.0,51.75,51.75,-48.75,-48.5,290,290,{290: 956.8338012695312}
714038,2024-05-10 06:00:00,20240510T06.nc,89,8860.034,15,8101.615253906253,914.4000000000004,248.86815786677104,370.0,40.149292,-61.149834,730997100.0,1258295200.0,275660740.0,39.75,40.5,-61.5,-60.75,360,380,"{360: 589.802734375, 370: 2944.6455078125, 380: 5325.58642578125}"
1406164,2024-09-13 08:00:00,20240913T08.nc,45,1439.2256,2,438.67595859375,304.8,0.0,380.0,21.374893,-78.25,867990850.0,934497540.0,66506690.0,21.25,21.5,-78.25,-78.25,380,380,{380: 1439.2255859375}
1217558,2024-08-14 14:00:00,20240814T14.nc,98,178397.19,405,271877.31375000015,1524.000000000001,431.0522938113194,320.0,55.215847,37.533504,1347369100.0,2590184700.0,513382800.0,53.25,57.25,36.5,38.75,300,340,"{300: 902.9806518554688, 310: 18695.0703125, 320: 43304.25, 330: 61665.98046875, 340: 53828.9140625}"
273317,2024-02-21 08:00:00,20240221T08.nc,12,32439.72,52,29662.88061093751,914.4000000000004,248.86815786677104,290.0,36.16745,75.53229,1005295600.0,1516792800.0,299159870.0,35.75,36.75,74.25,77.5,280,300,"{280: 2496.7587890625, 290: 9981.0244140625, 300: 19961.94140625}"
1282534,2024-08-28 06:00:00,20240828T06.nc,149,913.8921,2,278.55430898437504,304.8,0.0,370.0,53.75,33.625,543042800.0,574158200.0,31115392.0,53.75,53.75,33.5,33.75,370,370,{370: 913.89208984375}
677234,2024-05-04 03:00:00,20240504T03.nc,208,393.4973,2,119.9379814453125,304.8,0.0,270.0,75.25,-80.625,526584160.0,538138560.0,11554400.0,75.25,75.25,-80.75,-80.5,270,270,{270: 393.497314453125}
1105706,2024-07-23,20240723T00.nc,122,517.0837,1,157.60710541992188,304.8,0.0,380.0,48.0,63.999996,554111300.0,554111300.0,0.0,48.0,48.0,64.0,64.0,380,380,{380: 517.0836791992188}
367081,2024-03-10 04:00:00,20240310T04.nc,182,359.81268,1,109.67090581054688,304.8,0.0,270.0,62.25,85.25,524532130.0,524532130.0,0.0,62.25,62.25,85.25,85.25,270,270,{270: 359.81268310546875}
308856,2024-02-28 13:00:00,20240228T13.nc,171,22233.258,96,6776.69698125,304.8,0.0,270.0,72.5453,-88.2025,744493060.0,1282763300.0,144973360.0,71.5,73.5,-89.75,-86.25,270,270,{270: 22233.2578125}
943124,2024-06-19 03:00:00,20240619T03.nc,58,405306.06,612,1111835.5906500006,2743.2000000000016,786.9902159493472,390.0,31.00781,-43.21321,1047264200.0,2600188400.0,479119800.0,29.25,32.75,-51.0,-39.25,350,430,"{350: 20565.716796875, 360: 39110.1640625, 370: 68203.046875, 380: 76160.2421875, 390: 52495.28125, 400: 61015.4296875, 410: 42257.921875, 420: 30993.939453125, 430: 14504.3125}"
1458843,2024-09-17 07:00:00,20240917T07.nc,167,646.2564,1,196.9789533691406,304.8,0.0,430.0,33.25,88.49999,2466257200.0,2466257200.0,0.0,33.25,33.25,88.5,88.5,430,430,{430: 646.2564086914062}
187418,2024-02-05 19:00:00,20240205T19.nc,128,3066.6846,7,934.72545703125,304.8,0.0,330.0,55.464092,9.21477,558279200.0,591951500.0,23430596.0,55.25,55.5,8.5,9.75,330,330,{330: 3066.6845703125}
212146,2024-02-10 08:00:00,20240210T08.nc,107,636.85956,1,194.11479331054687,304.8,0.0,410.0,34.5,-80.5,516741340.0,516741340.0,0.0,34.5,34.5,-80.5,-80.5,410,410,{410: 636.8595581054688}
1898769,2024-10-22 09:00:00,20241022T09.nc,388,13287.886,58,8100.29514843749,609.5999999999992,152.39999999999964,295.0,72.75219,5.3560257,642726300.0,938261800.0,114769030.0,72.5,73.0,1.75,8.25,290,300,"{290: 10789.697265625, 300: 2498.185302734375}"
902897,2024-06-11 23:00:00,20240611T23.nc,26,2103.9375,3,641.28015,304.8,0.0,390.0,24.833221,-40.083385,842830000.0,1153707500.0,223332220.0,24.75,25.0,-40.25,-40.0,390,390,{390: 2103.9375}
1608566,2024-09-28 04:00:00,20240928T04.nc,210,600.5547,1,183.04906875,304.8,0.0,380.0,39.0,-30.249998,561493060.0,561493060.0,0.0,39.0,39.0,-30.25,-30.25,380,380,{380: 600.5546875}
2582015,2024-12-21 19:00:00,20241221T19.nc,344,964.7549,2,294.05728828125,304.8,0.0,290.0,51.37466,9.749999,596057860.0,609900160.0,13842304.0,51.25,51.5,9.75,9.75,290,290,{290: 964.7548828125}
1176050,2024-08-05 13:00:00,20240805T13.nc,146,3541.4978,9,1079.4485302734374,304.8,0.0,310.0,59.38843,-49.471085,535215970.0,552547840.0,15644020.0,59.25,59.5,-50.25,-48.75,310,310,{310: 3541.497802734375}
1181785,2024-08-06 16:00:00,20240806T16.nc,30,64259.887,91,58759.24041562502,914.4000000000004,248.86815786677104,430.0,23.960217,-80.35488,2612384300.0,3547091000.0,482517920.0,23.0,24.75,-81.5,-79.25,420,440,"{420: 2819.7060546875, 430: 21881.623046875, 440: 39558.55078125}"
1603918,2024-09-27 20:00:00,20240927T20.nc,94,9645.562,14,8819.901457031254,914.4000000000004,248.86815786677104,430.0,26.927671,87.76776,1952490400.0,2897993200.0,762444200.0,26.25,27.25,87.5,88.0,420,440,"{420: 687.0053100585938, 430: 6207.46142578125, 440: 2751.095947265625}"
953145,2024-06-20 21:00:00,20240620T21.nc,207,792.9082,3,241.6784203125,304.8,0.0,300.0,70.0,-79.25,532544100.0,550880640.0,16212655.0,70.0,70.0,-79.5,-79.0,300,300,{300: 792.908203125}
2132296,2024-11-13 03:00:00,20241113T03.nc,340,4758.9814,11,1450.5375445312502,304.8,0.0,270.0,55.95431,78.18145,663387200.0,802699500.0,97603850.0,55.75,56.0,77.25,79.25,270,270,{270: 4758.9814453125}
558546,2024-04-12 17:00:00,20240412T17.nc,189,174561.64,340,319238.328375,1828.8,520.5450989107475,315.0,48.359226,66.195595,1025953900.0,1823691300.0,336252960.0,47.25,49.0,63.0,70.25,290,340,"{290: 9675.794921875, 300: 24703.662109375, 310: 45813.17578125, 320: 47298.96484375, 330: 33318.08203125, 340: 13751.955078125}"
1991597,2024-10-31 09:00:00,20241031T09.nc,124,572.01794,1,174.35106943359375,304.8,0.0,330.0,42.25,-87.49999,519847680.0,519847680.0,0.0,42.25,42.25,-87.5,-87.5,330,330,{330: 572.0179443359375}
1665193,2024-10-03 06:00:00,20241003T06.nc,173,1551.251,3,945.6425953124988,609.5999999999992,152.39999999999964,345.0,48.0,52.166668,977236030.0,1326595800.0,248016640.0,48.0,48.0,52.0,52.25,340,350,"{340: 517.0836791992188, 350: 1034.1673583984375}"
981966,2024-06-26 17:00:00,20240626T17.nc,126,2249.1357,4,685.53657421875,304.8,0.0,380.0,43.312305,-75.99999,757775040.0,1014434500.0,152637820.0,43.25,43.5,-76.25,-75.75,380,380,{380: 2249.1357421875}
812658,2024-05-27 10:00:00,20240527T10.nc,190,3754.6895,15,1144.4293453125,304.8,0.0,270.0,71.09881,-45.733036,514231140.0,534631780.0,8503933.0,70.75,71.25,-46.5,-45.0,270,270,{270: 3754.689453125}
2155642,2024-11-15 02:00:00,20241115T02.nc,247,504.4328,1,153.75111752929686,304.8,0.0,340.0,49.25,-55.499996,501348320.0,501348320.0,0.0,49.25,49.25,-55.5,-55.5,340,340,{340: 504.43280029296875}
2020269,2024-11-03 08:00:00,20241103T08.nc,210,6444.0234,11,1964.13834375,304.8,0.0,340.0,40.70406,54.135162,1393873000.0,2498336500.0,544849860.0,40.5,41.0,53.25,55.0,340,340,{340: 6444.0234375}
2614718,2024-12-25,20241225T00.nc,452,323.5275,1,98.61118088378907,304.8,0.0,290.0,65.25,20.999998,506654850.0,506654850.0,0.0,65.25,65.25,21.0,21.0,290,290,{290: 323.5274963378906}
627156,2024-04-25 13:00:00,20240425T13.nc,285,8672.805,31,2643.47086875,304.8,0.0,310.0,68.7647,-14.415085,691376700.0,1291600000.0,180255490.0,68.0,69.5,-15.25,-13.75,310,310,{310: 8672.8046875}
1642549,2024-10-01,20241001T00.nc,75,690.06683,1,210.33237084960936,304.8,0.0,410.0,26.749998,-45.5,584986240.0,584986240.0,0.0,26.75,26.75,-45.5,-45.5,410,410,{410: 690.0668334960938}
784459,2024-05-22 14:00:00,20240522T14.nc,285,1259.8093,3,383.9898826171875,304.8,0.0,360.0,57.082962,2.0835204,848719700.0,1146945700.0,214017070.0,57.0,57.25,2.0,2.25,360,360,{360: 1259.809326171875}
2196270,2024-11-18 12:00:00,20241118T12.nc,226,553.5363,1,168.7178690917969,304.8,0.0,290.0,44.25,37.499996,575034800.0,575034800.0,0.0,44.25,44.25,37.5,37.5,290,290,{290: 553.5363159179688}
2151926,2024-11-14 19:00:00,20241114T19.nc,332,429.32773,1,130.85909157714843,304.8,0.0,300.0,56.250004,-75.5,531967600.0,531967600.0,0.0,56.25,56.25,-75.5,-75.5,300,300,{300: 429.3277282714844}
230744,2024-02-13 14:00:00,20240213T14.nc,209,12599.933,32,3840.4594617187504,304.8,0.0,310.0,59.364887,-52.603462,977026400.0,1907045900.0,264834200.0,58.75,59.75,-53.75,-51.5,310,310,{310: 12599.9326171875}
129592,2024-01-25 14:00:00,20240125T14.nc,227,332.68588,1,101.40265700683594,304.8,0.0,280.0,64.5,68.5,564744450.0,564744450.0,0.0,64.5,64.5,68.5,68.5,280,280,{280: 332.6858825683594}
1963944,2024-10-28 07:00:00,20241028T07.nc,333,276.93582,1,84.41003840332031,304.8,0.0,290.0,69.0,27.249998,536014530.0,536014530.0,0.0,69.0,69.0,27.25,27.25,290,290,{290: 276.9358215332031}
1632855,2024-09-30 04:00:00,20240930T04.nc,384,317.39105,1,96.74079272460938,304.8,0.0,290.0,65.75,-40.749996,530475600.0,530475600.0,0.0,65.75,65.75,-40.75,-40.75,290,290,{290: 317.39105224609375}
1385184,2024-09-11 22:00:00,20240911T22.nc,332,1003.74725,2,305.94216284179686,304.8,0.0,290.0,49.5,82.62499,507768830.0,514486400.0,6717552.0,49.5,49.5,82.5,82.75,290,290,{290: 1003.7472534179688}
538214,2024-04-09 08:00:00,20240409T08.nc,132,454.2225,1,138.44701911621095,304.8,0.0,370.0,54.0,28.249998,508411230.0,508411230.0,0.0,54.0,54.0,28.25,28.25,370,370,{370: 454.2225036621094}
1931021,2024-10-24 23:00:00,20241024T23.nc,466,2449.802,11,746.6996501953125,304.8,0.0,300.0,73.25,-45.499996,527614430.0,554429100.0,17448952.0,73.25,73.25,-46.75,-44.25,300,300,{300: 2449.802001953125}
254212,2024-02-17 14:00:00,20240217T14.nc,48,648.099,1,197.54057490234376,304.8,0.0,370.0,33.0,-26.75,675857900.0,675857900.0,0.0,33.0,33.0,-26.75,-26.75,370,370,{370: 648.0989990234375}
1623192,2024-09-29 07:00:00,20240929T07.nc,291,33447.83,82,20389.79602500004,609.600000000001,152.40000000000057,335.0,58.12152,87.90091,730182340.0,1114833700.0,175020350.0,56.75,60.0,85.75,89.0,330,340,"{330: 7720.20751953125, 340: 25727.623046875}"
2464863,2024-12-11 05:00:00,20241211T05.nc,387,437.70145,1,133.41140090332033,304.8,0.0,300.0,55.5,65.24999,566712100.0,566712100.0,0.0,55.5,55.5,65.25,65.25,300,300,{300: 437.7014465332031}
1411939,2024-09-13 17:00:00,20240913T17.nc,25,2173.8428,3,662.58727734375,304.8,0.0,440.0,20.333242,87.16662,723465000.0,842793700.0,85978264.0,20.25,20.5,87.0,87.25,440,440,{440: 2173.8427734375}
2138550,2024-11-13 18:00:00,20241113T18.nc,32,713.94586,1,217.61069868164063,304.8,0.0,360.0,22.5,10.749998,606627460.0,606627460.0,0.0,22.5,22.5,10.75,10.75,360,360,{360: 713.9458618164062}
1256961,2024-08-22 23:00:00,20240822T23.nc,25,1422.6761,2,433.63168974609374,304.8,0.0,440.0,23.0,87.87499,545905900.0,562279360.0,16373456.0,23.0,23.0,87.75,88.0,440,440,{440: 1422.6761474609375}
1144958,2024-07-30 20:00:00,20240730T20.nc,44,25525.959,37,31121.24919374999,1219.1999999999996,340.7767597709678,385.0,26.776016,-78.46046,1213722100.0,3537815600.0,929672700.0,26.25,27.5,-79.25,-77.75,370,400,"{370: 3457.863525390625, 380: 8276.0849609375, 390: 6896.00390625, 400: 6896.00390625}"
822287,2024-05-29 06:00:00,20240529T06.nc,10,22757.277,32,13872.836268749985,609.5999999999992,152.39999999999964,435.0,23.030676,87.08571,1359526300.0,2255814100.0,470216030.0,22.5,23.5,86.25,87.75,430,440,"{430: 6400.69091796875, 440: 16356.583984375}"
2692090,2024-12-31 10:00:00,20241231T10.nc,214,124386.92,211,151652.53514999995,1219.1999999999996,340.77675977096794,285.0,40.27707,73.10757,632467500.0,1075851800.0,108896400.0,39.0,41.25,66.5,77.25,270,300,"{270: 28940.1484375, 280: 65515.671875, 290: 28758.056640625, 300: 1173.0416259765625}"
2216511,2024-11-20 07:00:00,20241120T07.nc,196,1175.237,2,358.2122560546875,304.8,0.0,300.0,40.5,61.125,613704200.0,668970940.0,55266720.0,40.5,40.5,61.0,61.25,300,300,{300: 1175.237060546875}
1253059,2024-08-22,20240822T00.nc,109,23985.197,59,21932.06437968751,914.4000000000004,248.86815786677104,300.0,58.25111,59.50433,627546600.0,808331840.0,86248110.0,57.5,59.25,58.0,61.25,290,310,"{290: 6574.830078125, 300: 14235.01171875, 310: 3175.35595703125}"
444308,2024-03-23 17:00:00,20240323T17.nc,33,7806.41,12,4758.787631250008,609.600000000001,152.40000000000057,305.0,32.666397,34.312035,629009540.0,757539100.0,92011740.0,32.5,33.0,33.5,35.0,300,310,"{300: 7156.48095703125, 310: 649.9292602539062}"
465552,2024-03-27 17:00:00,20240327T17.nc,103,602.6709,1,183.69408984375,304.8,0.0,300.0,38.75,35.249996,506556740.0,506556740.0,0.0,38.75,38.75,35.25,35.25,300,300,{300: 602.6708984375}
1824232,2024-10-16 07:00:00,20241016T07.nc,266,1008.8656,2,307.5022350585937,304.8,0.0,300.0,49.25,42.874992,504843140.0,505623700.0,780592.0,49.25,49.25,42.75,43.0,300,300,{300: 1008.8656005859375}
1336916,2024-09-07 08:00:00,20240907T08.nc,196,3839.3933,12,1170.2470810546874,304.8,0.0,360.0,65.54054,60.08447,696402240.0,923500600.0,140358460.0,65.25,65.75,59.5,60.75,360,360,{360: 3839.393310546875}
1475754,2024-09-18 16:00:00,20240918T16.nc,317,2393.708,4,1459.204401562498,609.5999999999992,152.39999999999964,385.0,39.25,-67.24999,691661440.0,928324200.0,141030460.0,39.25,39.25,-67.5,-67.0,380,390,"{380: 1196.85400390625, 390: 1196.85400390625}"
2439326,2024-12-09 04:00:00,20241209T04.nc,334,126776.984,249,154566.49935000017,1219.2000000000014,340.77675977096834,295.0,48.750347,23.721144,725779460.0,1250164400.0,198160370.0,46.75,52.25,19.25,27.75,280,310,"{280: 2590.3115234375, 290: 32243.7421875, 300: 91430.8828125, 310: 512.0525512695312}"
2219439,2024-11-20 12:00:00,20241120T12.nc,183,1801.6641,3,549.1472062500001,304.8,0.0,300.0,39.0,71.49999,605360300.0,666273300.0,63911996.0,39.0,39.0,71.25,71.75,300,300,{300: 1801.6640625}
681174,2024-05-04 18:00:00,20240504T18.nc,248,897.499,2,273.55770234375,304.8,0.0,300.0,54.5,19.375,503684300.0,503903600.0,219328.0,54.5,54.5,19.25,19.5,300,300,{300: 897.4990234375}
760957,2024-05-18 14:00:00,20240518T14.nc,177,353694.3,742,539030.1322500003,1524.000000000001,431.0522938113194,320.0,51.87531,-43.47447,873851700.0,2307067100.0,288325540.0,49.75,54.5,-48.0,-40.25,300,340,"{300: 19069.404296875, 310: 90353.1171875, 320: 101407.6640625, 330: 96392.671875, 340: 46471.46875}"
2379358,2024-12-03 13:00:00,20241203T13.nc,350,473.10278,1,144.2017283203125,304.8,0.0,290.0,52.25,16.749998,685079400.0,685079400.0,0.0,52.25,52.25,16.75,16.75,290,290,{290: 473.102783203125}
73288,2024-01-14 20:00:00,20240114T20.nc,235,377.59158,1,115.08991457519532,304.8,0.0,270.0,60.750004,25.249998,518813540.0,518813540.0,0.0,60.75,60.75,25.25,25.25,270,270,{270: 377.5915832519531}
468132,2024-03-28 03:00:00,20240328T03.nc,234,784.42035,2,239.09132241210935,304.8,0.0,270.0,59.5,-10.125,519328320.0,520421150.0,1092816.0,59.5,59.5,-10.25,-10.0,270,270,{270: 784.4203491210938}
1079617,2024-07-17 17:00:00,20240717T17.nc,168,3498.7952,8,1066.4327666015624,304.8,0.0,340.0,55.52949,24.936258,813885700.0,1266758900.0,239267400.0,55.25,56.0,24.5,25.25,340,340,{340: 3498.795166015625}
1698779,2024-10-06 06:00:00,20241006T06.nc,61,691.57794,1,210.79295668945312,304.8,0.0,360.0,26.500002,-4.999999,595789200.0,595789200.0,0.0,26.5,26.5,-5.0,-5.0,360,360,{360: 691.5779418945312}
1672028,2024-10-03 19:00:00,20241003T19.nc,412,859.0663,3,523.6868068359385,609.600000000001,152.40000000000057,335.0,68.25,-56.166664,616122750.0,694381630.0,77597650.0,68.25,68.25,-56.25,-56.0,330,340,"{330: 572.7108764648438, 340: 286.3554382324219}"
2255371,2024-11-23 16:00:00,20241123T16.nc,341,3033.198,7,924.5187498046876,304.8,0.0,290.0,55.888786,86.356155,594469060.0,631751800.0,27660616.0,55.25,56.5,86.25,86.5,290,290,{290: 3033.197998046875}
272278,2024-02-21 03:00:00,20240221T03.nc,6,3315.4243,5,1010.541331640625,304.8,0.0,300.0,30.899841,19.199919,630207000.0,711771000.0,67362150.0,30.75,31.0,19.0,19.5,300,300,{300: 3315.42431640625}
1501308,2024-09-20 13:00:00,20240920T13.nc,262,1198.9817,2,365.4496189453125,304.8,0.0,440.0,39.124775,-56.999996,817576450.0,1067320060.0,249743650.0,39.0,39.25,-57.0,-57.0,440,440,{440: 1198.981689453125}
234954,2024-02-14 10:00:00,20240214T10.nc,118,553.5363,1,168.7178690917969,304.8,0.0,370.0,44.25,64.24999,538359040.0,538359040.0,0.0,44.25,44.25,64.25,64.25,370,370,{370: 553.5363159179688}
1457883,2024-09-17 05:00:00,20240917T05.nc,349,21062.965,43,19259.975053125007,914.4000000000004,248.86815786677104,370.0,50.660133,-85.12944,1603266600.0,2380772400.0,578013400.0,50.25,51.25,-87.0,-83.0,360,380,"{360: 2938.75048828125, 370: 11255.7236328125, 380: 6868.4873046875}"
2500217,2024-12-14 14:00:00,20241214T14.nc,85,1275.6228,2,388.8098302734375,304.8,0.0,330.0,34.374813,-51.25,639167900.0,655382400.0,16214528.0,34.25,34.5,-51.25,-51.25,330,330,{330: 1275.622802734375}
128041,2024-01-25 09:00:00,20240125T09.nc,104,611.02075,1,186.2391251953125,304.8,0.0,290.0,37.75,34.499996,667266300.0,667266300.0,0.0,37.75,37.75,34.5,34.5,290,290,{290: 611.020751953125}
2575753,2024-12-21 05:00:00,20241221T05.nc,405,75110.52,353,68681.06263125002,914.4000000000004,248.86815786677104,280.0,73.98777,-59.619125,1281608000.0,2377428000.0,511528130.0,72.0,75.25,-64.75,-55.5,270,290,"{270: 62751.1328125, 280: 10461.83203125, 290: 1897.5660400390625}"
1906411,2024-10-23,20241023T00.nc,208,574.2796,1,175.04042270507813,304.8,0.0,330.0,42.0,9.75,677109600.0,677109600.0,0.0,42.0,42.0,9.75,9.75,330,330,{330: 574.2796020507812}
2403084,2024-12-05 21:00:00,20241205T21.nc,305,894.74963,2,272.7196883789063,304.8,0.0,290.0,54.624615,3.4999995,543852860.0,587121150.0,43268270.0,54.5,54.75,3.5,3.5,290,290,{290: 894.7496337890625}
1461521,2024-09-17 12:00:00,20240917T12.nc,226,1029.146,2,313.683699609375,304.8,0.0,330.0,48.25,45.625004,669404400.0,697740540.0,28336128.0,48.25,48.25,45.5,45.75,330,330,{330: 1029.14599609375}
260664,2024-02-18 15:00:00,20240218T15.nc,191,4077.0393,9,1242.6815806640627,304.8,0.0,360.0,54.109398,20.416779,665275260.0,802611300.0,94522830.0,53.75,54.5,20.25,20.75,360,360,{360: 4077.039306640625}
232930,2024-02-14 01:00:00,20240214T01.nc,224,186.94986,1,56.98231721191407,304.8,0.0,410.0,76.0,22.749996,509179740.0,509179740.0,0.0,76.0,76.0,22.75,22.75,410,410,{410: 186.94985961914062}
1127921,2024-07-27 08:00:00,20240727T08.nc,17,720.22723,1,219.52526088867188,304.8,0.0,430.0,21.25,77.74999,576164030.0,576164030.0,0.0,21.25,21.25,77.75,77.75,430,430,{430: 720.2272338867188}
2439952,2024-12-09 05:00:00,20241209T05.nc,400,462.36697,1,140.92945363769533,304.8,0.0,300.0,53.25,19.749998,536747520.0,536747520.0,0.0,53.25,53.25,19.75,19.75,300,300,{300: 462.3669738769531}
1613440,2024-09-28 12:00:00,20240928T12.nc,497,2218.6213,8,676.2357837890626,304.8,0.0,300.0,68.96702,-16.653193,530930020.0,568539800.0,21084276.0,68.75,69.25,-17.25,-16.0,300,300,{300: 2218.621337890625}
888154,2024-06-09 15:00:00,20240609T15.nc,127,602.6709,1,183.69408984375,304.8,0.0,350.0,38.75,47.749996,534754750.0,534754750.0,0.0,38.75,38.75,47.75,47.75,350,350,{350: 602.6708984375}
1288646,2024-08-29 11:00:00,20240829T11.nc,74,16165.972,27,14782.164503906257,914.4000000000004,248.86815786677104,400.0,39.212452,-37.37057,579872700.0,711066600.0,57494136.0,39.0,39.5,-38.0,-36.75,390,410,"{390: 4188.96630859375, 400: 7183.2177734375, 410: 4793.78759765625}"
2290240,2024-11-26 12:00:00,20241126T12.nc,592,1450.5465,5,442.12657587890624,304.8,0.0,300.0,67.94957,-34.400215,671641700.0,741660800.0,36987104.0,67.75,68.0,-34.75,-34.0,300,300,{300: 1450.5465087890625}
2308057,2024-11-27 23:00:00,20241127T23.nc,112,629.1236,1,191.75687211914064,304.8,0.0,330.0,35.5,58.75,725767600.0,725767600.0,0.0,35.5,35.5,58.75,58.75,330,330,{330: 629.1235961914062}
1238308,2024-08-18 15:00:00,20240818T15.nc,98,1458.9587,3,444.6906240234375,304.8,0.0,340.0,51.0,11.25,621266900.0,683721660.0,45851468.0,51.0,51.0,11.0,11.5,340,340,{340: 1458.958740234375}
1396579,2024-09-12 16:00:00,20240912T16.nc,434,8171.6074,14,4981.411884375008,609.600000000001,152.40000000000057,335.0,40.945724,21.357122,775359940.0,1166719100.0,176674420.0,40.5,41.25,21.0,21.75,330,340,"{330: 3508.1142578125, 340: 4663.4921875}"
664927,2024-05-01 23:00:00,20240501T23.nc,165,251.58911,1,76.6843611328125,304.8,0.0,290.0,71.0,-3.2499998,504989540.0,504989540.0,0.0,71.0,71.0,-3.25,-3.25,290,290,{290: 251.589111328125}
2679579,2024-12-30 09:00:00,20241230T09.nc,266,541.6413,1,165.0922671386719,304.8,0.0,300.0,45.5,-83.0,640608060.0,640608060.0,0.0,45.5,45.5,-83.0,-83.0,300,300,{300: 541.6412963867188}
875524,2024-06-07 14:00:00,20240607T14.nc,307,254.77486,1,77.65537628173828,304.8,0.0,310.0,70.75,-18.499998,1424733400.0,1424733400.0,0.0,70.75,70.75,-18.5,-18.5,310,310,{310: 254.7748565673828}
1272451,2024-08-26 11:00:00,20240826T11.nc,134,2465.5002,5,751.4844744140626,304.8,0.0,310.0,50.34968,74.100464,1180896500.0,1591206500.0,287958530.0,50.25,50.5,73.75,74.5,310,310,{310: 2465.500244140625}
2252259,2024-11-23 10:00:00,20241123T10.nc,82,623.19574,1,189.95006147460936,304.8,0.0,340.0,36.25,-19.749998,598960300.0,598960300.0,0.0,36.25,36.25,-19.75,-19.75,340,340,{340: 623.1957397460938}
1477956,2024-09-18 19:00:00,20240918T19.nc,527,933.69104,3,284.58902900390626,304.8,0.0,310.0,66.25,-68.25,1100652900.0,1165873500.0,46125616.0,66.25,66.25,-68.5,-68.0,310,310,{310: 933.6910400390625}
317239,2024-03-01 04:00:00,20240301T04.nc,139,3806.1152,8,1160.1039234375,304.8,0.0,270.0,52.000004,75.37499,571227140.0,620356100.0,35312970.0,52.0,52.0,74.5,76.25,270,270,{270: 3806.115234375}
2271064,2024-11-24 22:00:00,20241124T22.nc,229,1034.1674,2,315.21421083984376,304.8,0.0,330.0,48.0,15.375001,515827330.0,521373760.0,5546432.0,48.0,48.0,15.25,15.5,330,330,{330: 1034.1673583984375}
424397,2024-03-20,20240320T00.nc,15,674.2383,1,205.507828125,304.8,0.0,370.0,29.249998,-61.999992,514934140.0,514934140.0,0.0,29.25,29.25,-62.0,-62.0,370,370,{370: 674.23828125}
1042799,2024-07-09 10:00:00,20240709T10.nc,213,7957.551,30,2425.461478125,304.8,0.0,340.0,69.92338,8.860673,570374900.0,644097500.0,41458132.0,69.75,70.25,6.75,11.0,340,340,{340: 7957.55078125}
963883,2024-06-22 19:00:00,20240622T19.nc,162,499.3049,1,152.1881338623047,304.8,0.0,340.0,49.75,-33.999996,506420930.0,506420930.0,0.0,49.75,49.75,-34.0,-34.0,340,340,{340: 499.3049011230469}
955245,2024-06-21 07:00:00,20240621T07.nc,70,364892.4,604,444876.8216999999,1219.1999999999996,340.77675977096794,425.0,38.544796,-60.381855,800801150.0,1963495400.0,261846620.0,35.5,41.5,-65.5,-56.5,410,440,"{410: 21177.455078125, 420: 79515.71875, 430: 116290.109375, 440: 147909.15625}"
973949,2024-06-24 21:00:00,20240624T21.nc,198,270.62955,1,82.48788596191407,304.8,0.0,300.0,69.5,-38.249996,516283600.0,516283600.0,0.0,69.5,69.5,-38.25,-38.25,300,300,{300: 270.6295471191406}
1510641,2024-09-21 04:00:00,20240921T04.nc,183,619.18445,1,188.72741982421877,304.8,0.0,420.0,36.75,-52.499996,519043140.0,519043140.0,0.0,36.75,36.75,-52.5,-52.5,420,420,{420: 619.1844482421875}
1118555,2024-07-25 12:00:00,20240725T12.nc,221,292.6081,1,89.18694682617188,304.8,0.0,340.0,67.75,55.749996,579368400.0,579368400.0,0.0,67.75,67.75,55.75,55.75,340,340,{340: 292.60809326171875}
2360631,2024-12-01 18:00:00,20241201T18.nc,182,8965.71,15,8198.245188281253,914.4000000000004,248.86815786677104,300.0,39.333134,78.03355,661971840.0,1039085950.0,156449170.0,39.25,39.5,77.5,78.75,290,310,"{290: 1795.281005859375, 300: 5377.28662109375, 310: 1793.141845703125}"
553542,2024-04-11 21:00:00,20240411T21.nc,71,8231.071,13,5017.661057812494,609.5999999999992,152.39999999999964,325.0,34.98013,67.019104,575221700.0,681238340.0,50496984.0,34.5,35.25,66.5,67.5,320,330,"{320: 633.0156860351562, 330: 7598.0556640625}"
870134,2024-06-06 18:00:00,20240606T18.nc,51,685.4549,1,208.92665200195316,304.8,0.0,390.0,27.5,-15.25,3046517200.0,3046517200.0,0.0,27.5,27.5,-15.25,-15.25,390,390,{390: 685.4548950195312}
1306435,2024-09-01 18:00:00,20240901T18.nc,74,633.0157,1,192.94318110351568,304.8,0.0,400.0,35.0,-49.499996,644230000.0,644230000.0,0.0,35.0,35.0,-49.5,-49.5,400,400,{400: 633.0156860351562}
2427566,2024-12-08 04:00:00,20241208T04.nc,322,506.9824,1,154.52823288574217,304.8,0.0,280.0,49.0,14.749999,675102200.0,675102200.0,0.0,49.0,49.0,14.75,14.75,280,280,{280: 506.9823913574219}
532592,2024-04-08 08:00:00,20240408T08.nc,306,4124.491,14,1257.14492109375,304.8,0.0,300.0,67.583015,29.520567,607209900.0,793379460.0,73865144.0,67.0,68.25,29.0,30.0,300,300,{300: 4124.4912109375}
717876,2024-05-10 19:00:00,20240510T19.nc,170,5380.168,10,1639.875196875,304.8,0.0,360.0,45.873825,-24.051685,795806000.0,952451300.0,144354690.0,45.5,46.25,-24.75,-23.5,360,360,{360: 5380.16796875}
596582,2024-04-20 09:00:00,20240420T09.nc,182,456.94604,1,139.27715449218752,304.8,0.0,340.0,53.75,-10.749999,524500380.0,524500380.0,0.0,53.75,53.75,-10.75,-10.75,340,340,{340: 456.946044921875}
961080,2024-06-22 08:00:00,20240622T08.nc,69,29886.951,52,18219.085434375032,609.600000000001,152.40000000000057,405.0,41.945736,-63.69099,625688800.0,782739200.0,88300250.0,41.5,42.5,-65.0,-62.25,400,410,"{400: 18996.044921875, 410: 10890.9033203125}"
222092,2024-02-12 02:00:00,20240212T02.nc,137,6868.521,12,2093.5251996093752,304.8,0.0,270.0,42.20491,17.958357,716237060.0,1021566400.0,175037820.0,41.25,42.75,17.5,18.25,270,270,{270: 6868.52099609375}
712761,2024-05-10 01:00:00,20240510T01.nc,97,1709.2363,3,520.9752328125,304.8,0.0,290.0,42.499996,-84.74999,755690500.0,789863200.0,24731060.0,42.5,42.5,-85.0,-84.5,290,290,{290: 1709.236328125}
318003,2024-03-01 07:00:00,20240301T07.nc,77,5562.5205,9,1695.45625078125,304.8,0.0,330.0,36.888325,77.69452,537220350.0,572254140.0,23052206.0,36.5,37.25,77.25,78.0,330,330,{330: 5562.5205078125}
2604845,2024-12-24 03:00:00,20241224T03.nc,48,1303.4943,2,794.6101025390615,609.5999999999992,152.39999999999964,325.0,32.5,-39.749996,1011440000.0,1373574100.0,362134180.0,32.5,32.5,-39.75,-39.75,320,330,"{320: 651.7471313476562, 330: 651.7471313476562}"
1500464,2024-09-20 12:00:00,20240920T12.nc,88,693.07587,1,211.24952416992187,304.8,0.0,380.0,26.250002,-6.249999,630341100.0,630341100.0,0.0,26.25,26.25,-6.25,-6.25,380,380,{380: 693.0758666992188}
1592343,2024-09-27 03:00:00,20240927T03.nc,162,6808.805,10,4150.647635156244,609.5999999999992,152.39999999999964,415.0,28.224592,-67.02505,537620600.0,557354900.0,12906286.0,28.0,28.5,-67.25,-66.75,410,420,"{410: 682.31494140625, 420: 6126.490234375}"
1775083,2024-10-12 13:00:00,20241012T13.nc,90,694.5606,1,211.70207329101564,304.8,0.0,440.0,26.0,-50.999996,588887600.0,588887600.0,0.0,26.0,26.0,-51.0,-51.0,440,440,{440: 694.5606079101562}
2606054,2024-12-24 05:00:00,20241224T05.nc,348,374.64603,1,114.19210891113282,304.8,0.0,360.0,61.0,-24.499996,978774800.0,978774800.0,0.0,61.0,61.0,-24.5,-24.5,360,360,{360: 374.6460266113281}
189547,2024-02-06 06:00:00,20240206T06.nc,95,562.86285,1,171.56059790039063,304.8,0.0,360.0,43.25,-23.499998,610509950.0,610509950.0,0.0,43.25,43.25,-23.5,-23.5,360,360,{360: 562.8628540039062}
522958,2024-04-06 14:00:00,20240406T14.nc,19,4027.1719,6,2454.963975000004,609.600000000001,152.40000000000057,375.0,29.708248,-6.041649,566028100.0,618897300.0,43835660.0,29.5,29.75,-6.25,-5.75,370,380,"{370: 2685.3369140625, 380: 1341.8350830078125}"
54898,2024-01-11 13:00:00,20240111T13.nc,177,429.32773,1,130.85909157714843,304.8,0.0,330.0,56.250004,-32.0,690451100.0,690451100.0,0.0,56.25,56.25,-32.0,-32.0,330,330,{330: 429.3277282714844}
496001,2024-04-02 01:00:00,20240402T01.nc,43,619.18445,1,188.72741982421877,304.8,0.0,310.0,36.75,-42.0,600967400.0,600967400.0,0.0,36.75,36.75,-42.0,-42.0,310,310,{310: 619.1844482421875}
2263358,2024-11-24 06:00:00,20241124T06.nc,544,254.77486,1,77.65537628173828,304.8,0.0,280.0,70.75,-28.75,507239230.0,507239230.0,0.0,70.75,70.75,-28.75,-28.75,280,280,{280: 254.7748565673828}
1987993,2024-10-30 22:00:00,20241030T22.nc,376,2994.1729,9,2737.8716554687508,914.4000000000004,248.86815786677104,310.0,64.5,66.0,2312092700.0,2812096000.0,319394270.0,64.5,64.5,65.75,66.25,300,320,"{300: 998.0576171875, 310: 998.0576171875, 320: 998.0576171875}"
1934205,2024-10-25 07:00:00,20241025T07.nc,254,24016.725,49,21960.892982812507,914.4000000000004,248.86815786677104,370.0,50.626194,-59.528072,561951170.0,660257100.0,40589120.0,49.5,51.75,-60.75,-58.5,360,380,"{360: 1451.074462890625, 370: 9245.0439453125, 380: 13320.607421875}"
164749,2024-02-01 07:00:00,20240201T07.nc,88,4014.874,8,1223.73360234375,304.8,0.0,270.0,49.496174,-47.687977,515581700.0,531321660.0,11972349.0,48.75,50.0,-47.75,-47.5,270,270,{270: 4014.8740234375}
1110248,2024-07-23 22:00:00,20240723T22.nc,102,6735.796,12,6159.211769531252,914.4000000000004,248.86815786677104,350.0,43.415924,-85.91695,790112700.0,1047625600.0,160480530.0,43.0,43.75,-86.25,-85.5,340,360,"{340: 560.547119140625, 350: 3921.49267578125, 360: 2253.75634765625}"
1290685,2024-08-29 21:00:00,20240829T21.nc,103,32064.043,63,29319.36089062495,914.3999999999984,248.8681578667703,320.0,48.804077,-14.534422,804055100.0,1573975400.0,255189900.0,48.5,49.25,-16.25,-13.0,310,330,"{310: 509.5223083496094, 320: 16793.724609375, 330: 14760.791015625}"
893153,2024-06-10 10:00:00,20240610T10.nc,264,137.50935,1,41.912850988769534,304.8,0.0,310.0,79.75,12.749998,562709060.0,562709060.0,0.0,79.75,79.75,12.75,12.75,310,310,{310: 137.5093536376953}
1693004,2024-10-05 17:00:00,20241005T17.nc,384,3053617.8,8074,7445941.5216000015,2438.4000000000005,698.3845359112701,315.0,60.535378,2.6541805,948059600.0,2576422400.0,384486850.0,55.0,64.5,-31.25,28.5,280,350,"{280: 6191.52392578125, 290: 146246.96875, 300: 649080.875, 310: 351037.8125, 320: 596124.6875, 330: 802642.625, 340: 480598.65625, 350: 21694.72265625}"
275963,2024-02-22,20240222T00.nc,108,1173.7216,3,357.7503307617187,304.8,0.0,270.0,59.58292,-16.41646,1062684160.0,1536468500.0,381413860.0,59.5,59.75,-16.5,-16.25,270,270,{270: 1173.7215576171875}
1950212,2024-10-26 18:00:00,20241026T18.nc,286,89742.68,238,109414.27507500011,1219.2000000000014,340.77675977096834,295.0,60.715393,1.7383299,811322600.0,1642803200.0,296079800.0,57.5,63.5,0.5,4.5,280,310,"{280: 11973.294921875, 290: 27314.94921875, 300: 47805.484375, 310: 2648.952392578125}"
255497,2024-02-17 18:00:00,20240217T18.nc,157,565.1678,1,172.26314106445315,304.8,0.0,300.0,43.0,61.499996,645314600.0,645314600.0,0.0,43.0,43.0,61.5,61.5,300,300,{300: 565.1677856445312}
2272724,2024-11-25 01:00:00,20241125T01.nc,293,481.06033,1,146.6271895751953,304.8,0.0,300.0,51.5,-59.499996,642872450.0,642872450.0,0.0,51.5,51.5,-59.5,-59.5,300,300,{300: 481.0603332519531}
670224,2024-05-02 23:00:00,20240502T23.nc,53,21934.322,35,20056.744279687504,914.4000000000004,248.86815786677104,360.0,35.8053,56.59928,1097207900.0,1756996100.0,337036580.0,35.0,36.5,56.0,57.0,350,370,"{350: 5658.1005859375, 360: 9411.177734375, 370: 6865.0458984375}"
1856585,2024-10-19 01:00:00,20241019T01.nc,450,362.79333,1,110.57940849609376,304.8,0.0,360.0,62.000004,58.999996,518410500.0,518410500.0,0.0,62.0,62.0,59.0,59.0,360,360,{360: 362.7933349609375}
1053997,2024-07-12,20240712T00.nc,56,1317.7886,2,803.323914843749,609.5999999999992,152.39999999999964,385.0,31.5,-79.49999,547965600.0,563835500.0,15869936.0,31.5,31.5,-79.5,-79.5,380,390,"{380: 658.894287109375, 390: 658.894287109375}"
1635155,2024-09-30 09:00:00,20240930T09.nc,151,37861.695,73,57701.223656250026,1524.000000000001,431.0522938113196,340.0,47.840664,-40.949986,686059500.0,1260236000.0,168877800.0,47.25,48.25,-43.5,-39.25,320,360,"{320: 1039.1690673828125, 330: 3122.48876953125, 340: 15070.17578125, 350: 16571.56640625, 360: 2058.2919921875}"
1624841,2024-09-29 10:00:00,20240929T10.nc,466,283.22095,1,86.3257447265625,304.8,0.0,290.0,68.5,85.25,512252220.0,512252220.0,0.0,68.5,68.5,85.25,85.25,290,290,{290: 283.220947265625}
64717,2024-01-13 11:00:00,20240113T11.nc,37,708.676,1,216.0044525390625,304.8,0.0,370.0,23.5,-38.249996,618349500.0,618349500.0,0.0,23.5,23.5,-38.25,-38.25,370,370,{370: 708.676025390625}
1619830,2024-09-29,20240929T00.nc,379,314.31363,1,95.80279416503907,304.8,0.0,300.0,66.0,49.25,576811400.0,576811400.0,0.0,66.0,66.0,49.25,49.25,300,300,{300: 314.3136291503906}
611900,2024-04-23 02:00:00,20240423T02.nc,53,25272.586,40,15406.16838749998,609.5999999999992,152.39999999999964,345.0,35.145092,-12.73358,604878850.0,754534000.0,70600980.0,34.25,36.25,-15.25,-10.5,340,350,"{340: 1262.1513671875, 350: 24010.435546875}"
1403318,2024-09-13 03:00:00,20240913T03.nc,63,18295.365,26,16729.281970312506,914.4000000000004,248.86815786677104,420.0,24.413044,-65.80746,1222483200.0,2713697000.0,763712060.0,24.0,24.75,-66.5,-65.25,410,430,"{410: 4221.91162109375, 420: 9845.98828125, 430: 4227.46484375}"
2546765,2024-12-18 14:00:00,20241218T14.nc,356,434.9185,1,132.56315500488282,304.8,0.0,280.0,55.75,-75.5,654660860.0,654660860.0,0.0,55.75,55.75,-75.5,-75.5,280,280,{280: 434.9184875488281}
1466950,2024-09-17 22:00:00,20240917T22.nc,89,1359.8485,2,414.4818260742188,304.8,0.0,370.0,28.374851,-78.49999,630735740.0,642511600.0,11775904.0,28.25,28.5,-78.5,-78.5,370,370,{370: 1359.8485107421875}
91283,2024-01-18 08:00:00,20240118T08.nc,74,604.7757,1,184.3356320800781,304.8,0.0,360.0,38.5,30.5,515702340.0,515702340.0,0.0,38.5,38.5,30.5,30.5,360,360,{360: 604.7756958007812}
2686064,2024-12-30 22:00:00,20241230T22.nc,449,927.5126,3,282.7058323242188,304.8,0.0,290.0,66.41612,28.333052,1838325200.0,2038169300.0,158208340.0,66.25,66.5,28.25,28.5,290,290,{290: 927.5125732421875}
2510405,2024-12-15 12:00:00,20241215T12.nc,54,84020.63,132,102437.95552499995,1219.1999999999996,340.7767597709678,325.0,34.542736,11.426488,791598900.0,1651748500.0,257216180.0,33.75,35.0,8.25,14.5,310,340,"{310: 12083.0634765625, 320: 12069.640625, 330: 42030.2578125, 340: 17837.66796875}"
1997740,2024-10-31 23:00:00,20241031T23.nc,321,465.06424,1,141.75158020019532,304.8,0.0,290.0,53.0,58.999996,602081300.0,602081300.0,0.0,53.0,53.0,59.0,59.0,290,290,{290: 465.0642395019531}
1351010,2024-09-09 09:00:00,20240909T09.nc,463,170.54825,1,51.98310607910156,304.8,0.0,330.0,77.25,-81.99999,606670700.0,606670700.0,0.0,77.25,77.25,-82.0,-82.0,330,330,{330: 170.54824829101562}
432130,2024-03-21 08:00:00,20240321T08.nc,169,462.36697,1,140.92945363769533,304.8,0.0,410.0,53.25,-1.2499999,603360400.0,603360400.0,0.0,53.25,53.25,-1.25,-1.25,410,410,{410: 462.3669738769531}
1416216,2024-09-14,20240914T00.nc,291,517.0837,1,157.60710541992188,304.8,0.0,370.0,48.0,-24.499998,534824860.0,534824860.0,0.0,48.0,48.0,-24.5,-24.5,370,370,{370: 517.0836791992188}
95868,2024-01-19 07:00:00,20240119T07.nc,155,420.88043,1,128.28435571289063,304.8,0.0,400.0,57.000004,-22.249998,840282400.0,840282400.0,0.0,57.0,57.0,-22.25,-22.25,400,400,{400: 420.88043212890625}
918271,2024-06-14 16:00:00,20240614T16.nc,36,701.78534,1,213.90417143554689,304.8,0.0,430.0,24.75,-82.49999,1141636200.0,1141636200.0,0.0,24.75,24.75,-82.5,-82.5,430,430,{430: 701.7853393554688}
671608,2024-05-03 05:00:00,20240503T05.nc,206,286.35544,1,87.28113757324219,304.8,0.0,290.0,68.25,39.749996,559571800.0,559571800.0,0.0,68.25,68.25,39.75,39.75,290,290,{290: 286.3554382324219}
923594,2024-06-15 15:00:00,20240615T15.nc,176,19171.979,37,17530.857154687506,914.4000000000004,248.86815786677104,360.0,47.89075,36.581112,1542316900.0,2620593200.0,651048600.0,47.5,48.25,35.25,37.75,350,370,"{350: 517.0836791992188, 360: 12972.0185546875, 370: 5682.8798828125}"
2399932,2024-12-05 14:00:00,20241205T14.nc,112,1938.7693,3,1181.873757421877,609.600000000001,152.40000000000057,305.0,33.25,21.166664,1074769300.0,1362595500.0,271288320.0,33.25,33.25,21.0,21.25,300,310,"{300: 1292.5128173828125, 310: 646.2564086914062}"
2025678,2024-11-03 20:00:00,20241103T20.nc,110,2539.7747,4,774.1233158203124,304.8,0.0,330.0,34.75,-38.874996,711689200.0,837923700.0,106774100.0,34.75,34.75,-39.25,-38.5,330,330,{330: 2539.774658203125}
1333305,2024-09-06 16:00:00,20240906T16.nc,108,594.13745,1,181.09309511718752,304.8,0.0,410.0,39.75,-58.999996,502866200.0,502866200.0,0.0,39.75,39.75,-59.0,-59.0,410,410,{410: 594.137451171875}
1749794,2024-10-10 13:00:00,20241010T13.nc,256,506.9824,1,154.52823288574217,304.8,0.0,280.0,49.0,60.749992,549502400.0,549502400.0,0.0,49.0,49.0,60.75,60.75,280,280,{280: 506.9823913574219}
1494315,2024-09-20,20240920T00.nc,192,569.7454,1,173.65840473632815,304.8,0.0,360.0,42.5,-67.74999,636126660.0,636126660.0,0.0,42.5,42.5,-67.75,-67.75,360,360,{360: 569.7454223632812}
2380472,2024-12-03 15:00:00,20241203T15.nc,471,1545.5388,4,471.0802318359375,304.8,0.0,290.0,60.0,48.125,540647700.0,556709100.0,20761594.0,60.0,60.0,47.75,48.5,290,290,{290: 1545.538818359375}
1396856,2024-09-12 16:00:00,20240912T16.nc,714,597.6768,2,182.1718943847656,304.8,0.0,340.0,67.25,-69.12499,540974800.0,546195400.0,5220624.0,67.25,67.25,-69.25,-69.0,340,340,{340: 597.6768188476562}
819812,2024-05-28 17:00:00,20240528T17.nc,231,286.35544,1,87.28113757324219,304.8,0.0,280.0,68.25,-29.249996,874487900.0,874487900.0,0.0,68.25,68.25,-29.25,-29.25,280,280,{280: 286.3554382324219}
2661348,2024-12-28 22:00:00,20241228T22.nc,147,617.1612,1,188.11073188476564,304.8,0.0,330.0,37.0,-87.49999,523771070.0,523771070.0,0.0,37.0,37.0,-87.5,-87.5,330,330,{330: 617.1611938476562}
1161762,2024-08-03,20240803T00.nc,26,715.22943,1,218.0019306152344,304.8,0.0,410.0,22.25,-78.0,590638660.0,590638660.0,0.0,22.25,22.25,-78.0,-78.0,410,410,{410: 715.2294311523438}
1857818,2024-10-19 03:00:00,20241019T03.nc,523,225.93599,1,68.86528956298828,304.8,0.0,320.0,73.00001,65.49999,670593300.0,670593300.0,0.0,73.0,73.0,65.5,65.5,320,320,{320: 225.9359893798828}
1254205,2024-08-22 07:00:00,20240822T07.nc,59,1736.3104,3,529.2274174804687,304.8,0.0,420.0,41.5,-45.5,574850100.0,592045950.0,23575126.0,41.5,41.5,-45.75,-45.25,420,420,{420: 1736.3104248046875}
253959,2024-02-17 13:00:00,20240217T13.nc,75,629.1236,1,191.75687211914064,304.8,0.0,350.0,35.5,-28.499998,500368300.0,500368300.0,0.0,35.5,35.5,-28.5,-28.5,350,350,{350: 629.1235961914062}
1138960,2024-07-29 16:00:00,20240729T16.nc,37,679.12305,1,206.9967046875,304.8,0.0,400.0,28.500002,-83.0,681897800.0,681897800.0,0.0,28.5,28.5,-83.0,-83.0,400,400,{400: 679.123046875}
2327682,2024-11-29 09:00:00,20241129T09.nc,473,365.76703,1,111.48579038085938,304.8,0.0,300.0,61.749996,-16.999998,500155900.0,500155900.0,0.0,61.75,61.75,-17.0,-17.0,300,300,{300: 365.76702880859375}
2226261,2024-11-21 02:00:00,20241121T02.nc,77,611.02075,1,186.2391251953125,304.8,0.0,380.0,37.75,-39.249996,2342995200.0,2342995200.0,0.0,37.75,37.75,-39.25,-39.25,380,380,{380: 611.020751953125}
1661190,2024-10-02 20:00:00,20241002T20.nc,294,398.0057,1,121.31213942871096,304.8,0.0,280.0,58.999996,36.25,648697400.0,648697400.0,0.0,59.0,59.0,36.25,36.25,280,280,{280: 398.0057067871094}
1095076,2024-07-20 21:00:00,20240720T21.nc,121,587.6185,1,179.10612802734374,304.8,0.0,350.0,40.5,-84.49999,649120450.0,649120450.0,0.0,40.5,40.5,-84.5,-84.5,350,350,{350: 587.6185302734375}
1733862,2024-10-09 05:00:00,20241009T05.nc,262,454.2225,1,138.44701911621095,304.8,0.0,290.0,54.0,-58.249996,666253500.0,666253500.0,0.0,54.0,54.0,-58.25,-58.25,290,290,{290: 454.2225036621094}
1739019,2024-10-09 15:00:00,20241009T15.nc,153,1361.4509,2,414.9702427734375,304.8,0.0,420.0,28.25,-73.87499,525775420.0,528937020.0,3161600.0,28.25,28.25,-74.0,-73.75,420,420,{420: 1361.450927734375}
497922,2024-04-02 09:00:00,20240402T09.nc,262,647.055,2,197.22236176757812,304.8,0.0,270.0,65.25,75.875,592038000.0,625367900.0,33329824.0,65.25,65.25,75.75,76.0,270,270,{270: 647.0549926757812}
20930,2024-01-05 09:00:00,20240105T09.nc,157,913.8921,2,278.55430898437504,304.8,0.0,270.0,53.75,35.124996,543095900.0,584156900.0,41061056.0,53.75,53.75,35.0,35.25,270,270,{270: 913.89208984375}
881637,2024-06-08 14:00:00,20240608T14.nc,251,10622.768,22,6475.639115625011,609.600000000001,152.40000000000057,335.0,51.32825,32.759712,645405500.0,1070668700.0,140884060.0,50.75,51.75,31.75,33.75,330,340,"{330: 6261.66943359375, 340: 4361.0986328125}"
110087,2024-01-22 03:00:00,20240122T03.nc,214,350.83005,1,106.9329985107422,304.8,0.0,330.0,63.0,4.7499995,571715000.0,571715000.0,0.0,63.0,63.0,4.75,4.75,330,330,{330: 350.8300476074219}
2116214,2024-11-11 16:00:00,20241111T16.nc,280,501.87363,1,152.97108142089843,304.8,0.0,280.0,49.5,13.5,672448500.0,672448500.0,0.0,49.5,49.5,13.5,13.5,280,280,{280: 501.8736267089844}
1553248,2024-09-24 11:00:00,20240924T11.nc,106,20942.17,35,25532.69356874999,1219.1999999999996,340.77675977096794,425.0,39.254253,-35.714886,703029800.0,1018342700.0,149543710.0,38.5,40.0,-36.25,-35.25,410,440,"{410: 600.5546875, 420: 10172.9169921875, 430: 8390.607421875, 440: 1778.089111328125}"
1098719,2024-07-21 14:00:00,20240721T14.nc,189,4037.8076,12,1230.72376171875,304.8,0.0,360.0,64.18671,36.981846,1795459600.0,2011198500.0,128868490.0,64.0,64.5,36.0,38.0,360,360,{360: 4037.8076171875}
703585,2024-05-08 12:00:00,20240508T12.nc,243,4361.117,9,1329.26851875,304.8,0.0,340.0,51.16606,24.22272,643683460.0,749152260.0,89832900.0,51.0,51.5,23.75,24.75,340,340,{340: 4361.1171875}
2245611,2024-11-22 19:00:00,20241122T19.nc,431,760.8789,4,231.915890625,304.8,0.0,300.0,75.75,-53.874996,513582140.0,518152640.0,5925878.5,75.75,75.75,-54.25,-53.5,300,300,{300: 760.87890625}
277104,2024-02-22 06:00:00,20240222T06.nc,117,771693.6,1634,1646485.5182999994,2133.5999999999995,609.6,300.0,52.29958,-65.749016,861517200.0,1444893400.0,235258350.0,49.5,54.5,-69.75,-59.5,270,330,"{270: 60973.87109375, 280: 142346.078125, 290: 169359.6875, 300: 122816.8359375, 310: 100876.890625, 320: 105008.96875, 330: 70311.328125}"
1674009,2024-10-04,20241004T00.nc,318,1202.6763,3,733.151453906249,609.5999999999992,152.39999999999964,325.0,58.750004,30.83333,555072300.0,580276000.0,24169756.0,58.75,58.75,30.75,31.0,320,330,"{320: 801.7841796875, 330: 400.89208984375}"
1867706,2024-10-19 19:00:00,20241019T19.nc,320,501.87363,1,152.97108142089843,304.8,0.0,350.0,49.5,-15.0,722922750.0,722922750.0,0.0,49.5,49.5,-15.0,-15.0,350,350,{350: 501.8736267089844}
2502422,2024-12-14 18:00:00,20241214T18.nc,379,14279.221,31,21761.53235156251,1524.000000000001,431.0522938113196,290.0,53.41058,18.385906,1057189060.0,1485780200.0,251641520.0,53.25,53.75,17.75,19.0,270,310,"{270: 1849.4678955078125, 280: 4142.3427734375, 290: 4602.00390625, 300: 2766.08349609375, 310: 919.3217163085938}"
466513,2024-03-27 21:00:00,20240327T21.nc,81,625.18365,1,190.55597797851564,304.8,0.0,390.0,36.0,-77.0,565151500.0,565151500.0,0.0,36.0,36.0,-77.0,-77.0,390,390,{390: 625.1836547851562}
1706549,2024-10-06 22:00:00,20241006T22.nc,293,18415.842,45,11226.297159374986,609.5999999999992,152.39999999999964,295.0,58.017574,-2.2858102,918197250.0,1418140200.0,254889180.0,57.0,58.75,-3.5,-1.25,290,300,"{290: 412.3609924316406, 300: 18003.48046875}"
600275,2024-04-21 01:00:00,20240421T01.nc,67,1855.53,3,565.5655529296876,304.8,0.0,360.0,36.833153,87.416565,522732580.0,545313540.0,17076866.0,36.75,37.0,87.25,87.5,360,360,{360: 1855.530029296875}
44637,2024-01-09 19:00:00,20240109T19.nc,146,546.43054,1,166.55202919921877,304.8,0.0,360.0,45.0,80.99999,505864320.0,505864320.0,0.0,45.0,45.0,81.0,81.0,360,360,{360: 546.4305419921875}
339771,2024-03-04 22:00:00,20240304T22.nc,2,712.64874,1,217.2153367675781,304.8,0.0,330.0,22.75,-70.49999,549153400.0,549153400.0,0.0,22.75,22.75,-70.5,-70.5,330,330,{330: 712.6487426757812}
331545,2024-03-03 11:00:00,20240303T11.nc,153,1092.8611,2,333.1040583984376,304.8,0.0,340.0,45.0,-87.12499,610532200.0,633580500.0,23048288.0,45.0,45.0,-87.25,-87.0,340,340,{340: 1092.861083984375}
540845,2024-04-09 18:00:00,20240409T18.nc,64,627.1596,1,191.15824819335936,304.8,0.0,300.0,35.75,-57.999996,617394370.0,617394370.0,0.0,35.75,35.75,-58.0,-58.0,300,300,{300: 627.1596069335938}
2041589,2024-11-05 05:00:00,20241105T05.nc,237,541.6413,1,165.0922671386719,304.8,0.0,340.0,45.5,80.99999,501965920.0,501965920.0,0.0,45.5,45.5,81.0,81.0,340,340,{340: 541.6412963867188}
2120349,2024-11-12 01:00:00,20241112T01.nc,116,613.0792,1,186.86654736328128,304.8,0.0,330.0,37.5,-58.999996,526901950.0,526901950.0,0.0,37.5,37.5,-59.0,-59.0,330,330,{330: 613.0792236328125}
735409,2024-05-13 22:00:00,20240513T22.nc,163,440.47607,1,134.257107421875,304.8,0.0,340.0,55.25,-6.2499995,526996160.0,526996160.0,0.0,55.25,55.25,-6.25,-6.25,340,340,{340: 440.47607421875}
190718,2024-02-06 11:00:00,20240206T11.nc,207,437.70145,1,133.41140090332033,304.8,0.0,320.0,55.5,-27.749998,616009600.0,616009600.0,0.0,55.5,55.5,-27.75,-27.75,320,320,{320: 437.7014465332031}
481537,2024-03-30 11:00:00,20240330T11.nc,188,48815.367,110,59515.69567499998,1219.1999999999996,340.77675977096794,285.0,54.943207,45.2733,910651200.0,1901917600.0,306498460.0,53.5,56.0,44.5,46.5,270,300,"{270: 19168.443359375, 280: 14637.6669921875, 290: 10169.5849609375, 300: 4839.6708984375}"
253623,2024-02-17 12:00:00,20240217T12.nc,22,675.8794,1,206.008039453125,304.8,0.0,330.0,29.0,-36.75,585442500.0,585442500.0,0.0,29.0,29.0,-36.75,-36.75,330,330,{330: 675.87939453125}
679106,2024-05-04 12:00:00,20240504T12.nc,58,1810.1174,3,551.7237931640625,304.8,0.0,360.0,38.666473,73.416756,663501900.0,737387500.0,53586800.0,38.5,38.75,73.25,73.5,360,360,{360: 1810.117431640625}
2165542,2024-11-15 22:00:00,20241115T22.nc,62,1887.3708,3,1150.5412699218734,609.5999999999992,152.39999999999964,325.0,35.499996,-0.41666672,587613500.0,638331260.0,49479196.0,35.5,35.5,-0.5,-0.25,320,330,"{320: 1258.2471923828125, 330: 629.1235961914062}"
150320,2024-01-29 11:00:00,20240129T11.nc,193,87056.5,197,132674.10599999988,1523.9999999999989,431.0522938113192,310.0,55.108246,28.100224,947318140.0,1470455400.0,285115970.0,53.75,56.25,25.0,30.25,290,330,"{290: 9715.310546875, 300: 19019.798828125, 310: 26168.890625, 320: 26523.73046875, 330: 5628.77734375}"
2461028,2024-12-10 22:00:00,20241210T22.nc,30,1435.5112,2,875.0876460937488,609.5999999999992,152.39999999999964,365.0,21.75,-5.499999,1383042800.0,1469977300.0,86934590.0,21.75,21.75,-5.5,-5.5,360,370,"{360: 717.755615234375, 370: 717.755615234375}"
742141,2024-05-15 06:00:00,20240515T06.nc,74,578.77014,1,176.40913916015626,304.8,0.0,370.0,41.5,71.24999,524204500.0,524204500.0,0.0,41.5,41.5,71.25,71.25,370,370,{370: 578.7701416015625}
2433445,2024-12-08 16:00:00,20241208T16.nc,327,539.23114,1,164.35765151367187,304.8,0.0,300.0,45.75,13.749999,1266636700.0,1266636700.0,0.0,45.75,45.75,13.75,13.75,300,300,{300: 539.2311401367188}
443210,2024-03-23 11:00:00,20240323T11.nc,9,698.9353,1,213.0354802734375,304.8,0.0,350.0,25.250002,56.499996,532564600.0,532564600.0,0.0,25.25,25.25,56.5,56.5,350,350,{350: 698.935302734375}
2241500,2024-11-22 10:00:00,20241122T10.nc,265,514.573,1,156.8418498046875,304.8,0.0,370.0,48.25,45.0,924133250.0,924133250.0,0.0,48.25,48.25,45.0,45.0,370,370,{370: 514.572998046875}
1527988,2024-09-22 10:00:00,20240922T10.nc,560,477.59778,2,145.57180283203124,304.8,0.0,300.0,72.0,32.124996,544875970.0,588321700.0,43445776.0,72.0,72.0,32.0,32.25,300,300,{300: 477.5977783203125}
2333628,2024-11-29 20:00:00,20241129T20.nc,76,644.40155,1,196.4135925292969,304.8,0.0,350.0,33.5,-19.999998,607125570.0,607125570.0,0.0,33.5,33.5,-20.0,-20.0,350,350,{350: 644.4015502929688}
1588763,2024-09-26 22:00:00,20240926T22.nc,53,716.4994,1,218.38901396484377,304.8,0.0,420.0,22.0,87.99999,615113600.0,615113600.0,0.0,22.0,22.0,88.0,88.0,420,420,{420: 716.4993896484375}
90399,2024-01-18 03:00:00,20240118T03.nc,169,998.0576,3,304.20796171875,304.8,0.0,270.0,64.5,47.75,510563940.0,520315840.0,7673521.0,64.5,64.5,47.5,48.0,270,270,{270: 998.0576171875}
2450450,2024-12-10 01:00:00,20241210T01.nc,297,527.02747,1,160.63797158203127,304.8,0.0,280.0,47.0,24.75,817535400.0,817535400.0,0.0,47.0,47.0,24.75,24.75,280,280,{280: 527.0274658203125}
2438444,2024-12-09 02:00:00,20241209T02.nc,528,134762.45,650,205377.9785625001,1524.000000000001,431.0522938113196,290.0,74.4139,-13.2054405,760856640.0,1476215800.0,192508850.0,72.75,75.25,-26.0,-1.5,270,310,"{270: 4177.32958984375, 280: 23119.244140625, 290: 47630.40625, 300: 47306.4921875, 310: 12528.962890625}"
1273158,2024-08-26 14:00:00,20240826T14.nc,149,108006.75,251,131681.82960000017,1219.2000000000014,340.77675977096834,295.0,56.14428,80.87957,872458800.0,1526614900.0,253751180.0,54.75,57.75,79.0,83.5,280,310,"{280: 2196.8310546875, 290: 43444.859375, 300: 45103.6875, 310: 17261.353515625}"
1644114,2024-10-01 03:00:00,20241001T03.nc,197,31769.076,60,29049.64325156251,914.4000000000004,248.86815786677104,330.0,46.749107,-38.26915,1201682600.0,1876090200.0,344551260.0,46.25,47.0,-40.0,-35.75,320,340,"{320: 3184.273681640625, 330: 16945.951171875, 340: 11638.8515625}"
2609434,2024-12-24 12:00:00,20241224T12.nc,456,8379.902,28,10216.776937500012,1219.2000000000014,340.77675977096834,295.0,67.21397,-79.79254,533895170.0,612097860.0,25468842.0,67.0,67.25,-81.25,-78.0,280,310,"{280: 298.8384094238281, 290: 1793.0303955078125, 300: 1793.0303955078125, 310: 4495.0029296875}"
2223308,2024-11-20 19:00:00,20241120T19.nc,273,519.58453,1,158.36936586914064,304.8,0.0,330.0,47.75,-54.249996,833169000.0,833169000.0,0.0,47.75,47.75,-54.25,-54.25,330,330,{330: 519.5845336914062}
953817,2024-06-21,20240621T00.nc,203,1724.391,6,525.5943741210938,304.8,0.0,300.0,68.16606,-80.87499,515370340.0,540065000.0,14140495.0,68.0,68.25,-81.25,-80.5,300,300,{300: 1724.3909912109375}
2385048,2024-12-04 03:00:00,20241204T03.nc,327,409.50543,1,124.81725571289064,304.8,0.0,290.0,58.0,46.499996,549569150.0,549569150.0,0.0,58.0,58.0,46.5,46.5,290,290,{290: 409.50543212890625}
1215479,2024-08-14 01:00:00,20240814T01.nc,109,1123.9381,3,342.57633603515626,304.8,0.0,340.0,61.0,73.25,586372400.0,620472900.0,25312364.0,61.0,61.0,73.0,73.5,340,340,{340: 1123.9381103515625}
975830,2024-06-25 08:00:00,20240625T08.nc,175,2178.0312,9,1327.7278499999982,609.5999999999992,152.39999999999964,365.0,71.75,74.33333,520470400.0,534469440.0,8757867.0,71.75,71.75,73.75,75.0,360,370,"{360: 1452.020751953125, 370: 726.0104370117188}"
97248,2024-01-19 14:00:00,20240119T14.nc,32,693.07587,1,211.24952416992187,304.8,0.0,350.0,26.250002,-4.7499995,822093300.0,822093300.0,0.0,26.25,26.25,-4.75,-4.75,350,350,{350: 693.0758666992188}
1419505,2024-09-14 06:00:00,20240914T06.nc,454,3473.798,12,1058.813659570313,304.8,0.0,390.0,67.99864,38.792793,813625100.0,1263879400.0,213193100.0,67.75,68.25,38.25,39.5,390,390,{390: 3473.798095703125}
477804,2024-03-29 17:00:00,20240329T17.nc,224,597.6768,2,182.1718943847656,304.8,0.0,280.0,67.25,79.62499,568134000.0,570357800.0,2223840.0,67.25,67.25,79.5,79.75,280,280,{280: 597.6768188476562}
2378071,2024-12-03 10:00:00,20241203T10.nc,386,1297.169,4,395.37709453125,304.8,0.0,280.0,65.187065,75.43705,559370240.0,618526460.0,44096332.0,65.0,65.25,75.25,75.75,280,280,{280: 1297.1689453125}
2174088,2024-11-16 17:00:00,20241116T17.nc,474,251.58911,1,76.6843611328125,304.8,0.0,320.0,71.0,24.75,1004178000.0,1004178000.0,0.0,71.0,71.0,24.75,24.75,320,320,{320: 251.589111328125}
2224224,2024-11-20 21:00:00,20241120T21.nc,297,486.31958,1,148.2302080078125,304.8,0.0,330.0,51.0,24.499998,1201142000.0,1201142000.0,0.0,51.0,51.0,24.5,24.5,330,330,{330: 486.319580078125}
1707840,2024-10-07 01:00:00,20241007T01.nc,363,1150.3828,3,350.63668125000004,304.8,0.0,290.0,60.25,-13.249999,607192640.0,670673600.0,44891340.0,60.25,60.25,-13.5,-13.0,290,290,{290: 1150.3828125}
477695,2024-03-29 17:00:00,20240329T17.nc,111,11410.466,21,6955.819964062512,609.600000000001,152.40000000000057,355.0,45.3212,88.60659,663629950.0,818299900.0,103209220.0,45.25,45.5,87.5,89.5,350,360,"{350: 6518.89306640625, 360: 4891.56982421875}"
990304,2024-06-28 12:00:00,20240628T12.nc,169,1910.1804,7,582.2229919921875,304.8,0.0,300.0,69.320015,-85.32001,564195840.0,652722700.0,51734600.0,69.0,69.5,-85.75,-85.0,300,300,{300: 1910.180419921875}
2597260,2024-12-23 09:00:00,20241223T09.nc,153,1624.9136,3,495.27365742187504,304.8,0.0,340.0,45.499256,26.499998,706254900.0,798895040.0,104020900.0,45.25,45.75,26.5,26.5,340,340,{340: 1624.91357421875}
2611134,2024-12-24 16:00:00,20241224T16.nc,335,5185.597,13,1580.570016796875,304.8,0.0,330.0,58.92186,6.0371227,533258370.0,664005440.0,41327516.0,58.5,59.25,5.5,6.75,330,330,{330: 5185.59716796875}
197354,2024-02-07 22:00:00,20240207T22.nc,46,627.1596,1,191.15824819335936,304.8,0.0,330.0,35.75,-88.49999,517813300.0,517813300.0,0.0,35.75,35.75,-88.5,-88.5,330,330,{330: 627.1596069335938}
2507458,2024-12-15 05:00:00,20241215T05.nc,358,972.63916,2,296.460416015625,304.8,0.0,300.0,51.0,35.374996,539249900.0,544202500.0,4952592.0,51.0,51.0,35.25,35.5,300,300,{300: 972.63916015625}
625100,2024-04-25 07:00:00,20240425T07.nc,6,669.238,1,203.98373510742184,304.8,0.0,330.0,30.0,-45.25,516503550.0,516503550.0,0.0,30.0,30.0,-45.25,-45.25,330,330,{330: 669.2379760742188}
2235232,2024-11-21 21:00:00,20241121T21.nc,53,2022.7148,3,1233.0469687499983,609.5999999999992,152.39999999999964,325.0,29.249998,37.416664,859765440.0,1030017150.0,173784930.0,29.25,29.25,37.25,37.5,320,330,"{320: 674.23828125, 330: 1348.4765625}"
2316409,2024-11-28 13:00:00,20241128T13.nc,323,2058.2822,4,627.3644226562501,304.8,0.0,290.0,48.24939,-24.437498,572532100.0,683390900.0,72119340.0,48.0,48.5,-24.5,-24.25,290,290,{290: 2058.2822265625}
2080968,2024-11-08 12:00:00,20241108T12.nc,148,5691.309,9,3469.422016406256,609.600000000001,152.40000000000057,335.0,35.082996,12.694643,694476350.0,945658000.0,122899920.0,34.75,35.25,12.25,13.0,330,340,"{330: 3796.14208984375, 340: 1895.1669921875}"
166642,2024-02-01 15:00:00,20240201T15.nc,213,1445.5878,7,440.6151518554688,304.8,0.0,390.0,74.497765,43.746624,1634195600.0,1864662800.0,143377460.0,74.25,74.75,43.25,44.25,390,390,{390: 1445.5877685546875}
658356,2024-04-30 21:00:00,20240430T21.nc,83,2987.8567,5,910.6987189453124,304.8,0.0,330.0,39.34979,41.04989,593411700.0,658507260.0,55052624.0,39.25,39.5,40.75,41.25,330,330,{330: 2987.856689453125}
10630,2024-01-03 04:00:00,20240103T04.nc,43,20664.293,33,12596.95299375002,609.600000000001,152.40000000000057,375.0,35.869583,-19.71285,613814660.0,784506400.0,86463810.0,35.25,36.5,-20.5,-19.0,370,380,"{370: 1883.44287109375, 380: 18780.84765625}"
595891,2024-04-20 06:00:00,20240420T06.nc,178,52041.438,121,63448.92060000008,1219.2000000000014,340.77675977096834,295.0,56.171574,-34.897106,967867700.0,3351261000.0,572234300.0,55.0,57.5,-36.25,-33.5,280,310,"{280: 2567.543212890625, 290: 19605.25390625, 300: 28123.408203125, 310: 1745.2398681640625}"
1653460,2024-10-02 01:00:00,20241002T01.nc,95,644.40155,1,196.4135925292969,304.8,0.0,370.0,33.5,-42.999996,618337000.0,618337000.0,0.0,33.5,33.5,-43.0,-43.0,370,370,{370: 644.4015502929688}
1057325,2024-07-12 18:00:00,20240712T18.nc,189,21414.691,67,13054.395881249982,609.5999999999992,152.39999999999964,315.0,65.554855,67.727486,745019970.0,1193312400.0,175324660.0,64.75,67.0,66.75,68.5,310,320,"{310: 11742.7802734375, 320: 9671.91015625}"
157530,2024-01-30 20:00:00,20240130T20.nc,16,84076.41,128,76879.46587500002,914.4000000000004,248.86815786677104,290.0,31.78539,3.5781345,667488800.0,1554980000.0,158372420.0,31.0,32.5,0.5,7.5,280,300,"{280: 8547.89453125, 290: 64316.8046875, 300: 11211.6982421875}"
2534749,2024-12-17 12:00:00,20241217T12.nc,441,374.64603,1,114.19210891113282,304.8,0.0,280.0,61.0,6.7499986,558325400.0,558325400.0,0.0,61.0,61.0,6.75,6.75,280,280,{280: 374.6460266113281}
523485,2024-04-06 16:00:00,20240406T16.nc,62,623.19574,1,189.95006147460936,304.8,0.0,360.0,36.25,84.49999,602414400.0,602414400.0,0.0,36.25,36.25,84.5,84.5,360,360,{360: 623.1957397460938}
884802,2024-06-09 03:00:00,20240609T03.nc,86,583.21655,1,177.7644052734375,304.8,0.0,380.0,41.0,-12.999999,505601700.0,505601700.0,0.0,41.0,41.0,-13.0,-13.0,380,380,{380: 583.216552734375}
2174077,2024-11-16 17:00:00,20241116T17.nc,461,566.4419,2,172.651489453125,304.8,0.0,300.0,68.5,-14.375,1584800300.0,1607867800.0,23067584.0,68.5,68.5,-14.5,-14.25,300,300,{300: 566.44189453125}
1767167,2024-10-11 21:00:00,20241011T21.nc,262,67084.27,143,40894.57308749995,609.5999999999992,152.39999999999964,295.0,52.606564,-75.977875,773693400.0,1340246100.0,197351760.0,51.5,54.25,-79.25,-72.75,290,300,"{290: 15977.013671875, 300: 51107.2578125}"
12217,2024-01-03 11:00:00,20240103T11.nc,170,1088.38,3,331.7382254882813,304.8,0.0,270.0,62.000004,-39.999996,811205060.0,961350100.0,173476200.0,62.0,62.0,-40.25,-39.75,270,270,{270: 1088.3800048828125}
2279950,2024-11-25 15:00:00,20241125T15.nc,200,1179.6055,2,359.543746875,304.8,0.0,270.0,40.25,87.12499,528328960.0,532059840.0,3730896.0,40.25,40.25,87.0,87.25,270,270,{270: 1179.60546875}
361762,2024-03-09 05:00:00,20240309T05.nc,135,5173.3086,10,1576.824459375,304.8,0.0,300.0,47.97416,-78.125175,595634560.0,681998600.0,63284760.0,47.75,48.25,-78.5,-77.75,300,300,{300: 5173.30859375}
1396039,2024-09-12 15:00:00,20240912T15.nc,639,323.5275,1,98.61118088378907,304.8,0.0,340.0,65.25,-71.49999,871635260.0,871635260.0,0.0,65.25,65.25,-71.5,-71.5,340,340,{340: 323.5274963378906}
2601725,2024-12-23 19:00:00,20241223T19.nc,366,10346.014,25,3153.4649671875,304.8,0.0,330.0,57.619022,-23.892189,615314700.0,815975400.0,80615520.0,57.25,58.0,-25.5,-22.0,330,330,{330: 10346.013671875}
587243,2024-04-18 14:00:00,20240418T14.nc,230,486.31958,1,148.2302080078125,304.8,0.0,340.0,51.0,-83.74999,819082750.0,819082750.0,0.0,51.0,51.0,-83.75,-83.75,340,340,{340: 486.319580078125}
2252686,2024-11-23 11:00:00,20241123T11.nc,57,631.0757,1,192.351868359375,304.8,0.0,380.0,35.25,-14.25,1300870700.0,1300870700.0,0.0,35.25,35.25,-14.25,-14.25,380,380,{380: 631.07568359375}
388764,2024-03-13 20:00:00,20240313T20.nc,166,326.5865,1,99.54356118164064,304.8,0.0,330.0,65.0,5.75,708100030.0,708100030.0,0.0,65.0,65.0,5.75,5.75,330,330,{330: 326.58648681640625}
865505,2024-06-06 02:00:00,20240606T02.nc,21,12810.449,19,7809.24984374999,609.5999999999992,152.39999999999964,395.0,29.249619,-40.06588,650701100.0,869535600.0,115108800.0,29.0,29.5,-40.5,-39.75,390,400,"{390: 5392.2265625, 400: 7418.22412109375}"
1623381,2024-09-29 07:00:00,20240929T07.nc,484,3408.067,16,1038.778789453125,304.8,0.0,300.0,74.0,-79.375,1180526100.0,1563580000.0,238924740.0,74.0,74.0,-81.25,-77.5,300,300,{300: 3408.06689453125}
611610,2024-04-23,20240423T00.nc,144,451.49033,1,137.61425134277343,304.8,0.0,320.0,54.25,43.25,595280700.0,595280700.0,0.0,54.25,54.25,43.25,43.25,320,320,{320: 451.4903259277344}
1319473,2024-09-04 03:00:00,20240904T03.nc,72,2596.0566,4,1582.556128124998,609.5999999999992,152.39999999999964,395.0,32.87482,-70.062584,556651600.0,585406200.0,23148858.0,32.75,33.0,-70.25,-70.0,390,400,"{390: 648.0989990234375, 400: 1947.95751953125}"
944430,2024-06-19 09:00:00,20240619T09.nc,170,350.83005,1,106.9329985107422,304.8,0.0,300.0,63.0,-45.749996,506002800.0,506002800.0,0.0,63.0,63.0,-45.75,-45.75,300,300,{300: 350.8300476074219}
495852,2024-04-02,20240402T00.nc,142,1528.5669,3,465.907189453125,304.8,0.0,270.0,48.750004,7.499998,539455400.0,559708540.0,21724940.0,48.75,48.75,7.25,7.75,270,270,{270: 1528.56689453125}
818986,2024-05-28 14:00:00,20240528T14.nc,290,289077.28,1238,440553.7766250002,1524.000000000001,431.0522938113196,300.0,72.192184,-28.49974,632085800.0,941866500.0,92700040.0,66.5,75.0,-36.25,-21.5,280,320,"{280: 1616.3349609375, 290: 107065.984375, 300: 159479.90625, 310: 19804.767578125, 320: 1110.3154296875}"
1829610,2024-10-16 19:00:00,20241016T19.nc,177,553.5363,1,168.7178690917969,304.8,0.0,290.0,44.25,-5.5,535997120.0,535997120.0,0.0,44.25,44.25,-5.5,-5.5,290,290,{290: 553.5363159179688}
1382600,2024-09-11 18:00:00,20240911T18.nc,730,242.00348,1,73.76266040039063,304.8,0.0,340.0,71.75,-82.75,576819400.0,576819400.0,0.0,71.75,71.75,-82.75,-82.75,340,340,{340: 242.00347900390625}
1899077,2024-10-22 10:00:00,20241022T10.nc,237,429.32773,1,130.85909157714843,304.8,0.0,280.0,56.250004,-41.249996,558676500.0,558676500.0,0.0,56.25,56.25,-41.25,-41.25,280,280,{280: 429.3277282714844}
408355,2024-03-17 07:00:00,20240317T07.nc,237,4512496.0,13377,11003270.246400002,2438.4000000000005,698.3845359112701,305.0,63.182785,-68.9569,812988860.0,1865961200.0,222911950.0,55.5,76.25,-89.75,-52.75,270,340,"{270: 903650.875, 280: 991484.375, 290: 930750.5625, 300: 875727.5, 310: 530827.625, 320: 175630.953125, 330: 91501.375, 340: 12923.14453125}"
606609,2024-04-22 04:00:00,20240422T04.nc,141,517.0837,1,157.60710541992188,304.8,0.0,290.0,48.0,-42.499996,569311800.0,569311800.0,0.0,48.0,48.0,-42.5,-42.5,290,290,{290: 517.0836791992188}
1342347,2024-09-08 09:00:00,20240908T09.nc,169,1199.7899,3,365.6959666992188,304.8,0.0,370.0,58.83293,45.583534,918472960.0,1179798300.0,189090200.0,58.75,59.0,45.5,45.75,370,370,{370: 1199.7899169921875}
1957775,2024-10-27 14:00:00,20241027T14.nc,136,596.2879,1,181.74855278320317,304.8,0.0,350.0,39.5,-45.25,912168000.0,912168000.0,0.0,39.5,39.5,-45.25,-45.25,350,350,{350: 596.2879028320312}
604269,2024-04-21 17:00:00,20240421T17.nc,159,499.3049,1,152.1881338623047,304.8,0.0,340.0,49.75,-53.249996,509509200.0,509509200.0,0.0,49.75,49.75,-53.25,-53.25,340,340,{340: 499.3049011230469}
2179111,2024-11-17 04:00:00,20241117T04.nc,513,813.2841,2,247.8889993652344,304.8,0.0,340.0,58.25,-44.874996,639841000.0,680020350.0,40179330.0,58.25,58.25,-45.0,-44.75,340,340,{340: 813.2841186523438}
2064751,2024-11-07 03:00:00,20241107T03.nc,375,437.70145,1,133.41140090332033,304.8,0.0,310.0,55.5,88.49999,574960200.0,574960200.0,0.0,55.5,55.5,88.5,88.5,310,310,{310: 437.7014465332031}
2055713,2024-11-06 10:00:00,20241106T10.nc,345,2239.0183,6,682.4527810546875,304.8,0.0,300.0,61.124508,-25.749998,530531940.0,558505340.0,16195622.0,61.0,61.25,-26.0,-25.5,300,300,{300: 2239.018310546875}
2347083,2024-11-30 18:00:00,20241130T18.nc,405,972.63916,2,296.460416015625,304.8,0.0,270.0,51.0,-78.87499,1102773800.0,1155751400.0,52977664.0,51.0,51.0,-79.0,-78.75,270,270,{270: 972.63916015625}
1387296,2024-09-12 01:00:00,20240912T01.nc,410,440.47607,1,134.257107421875,304.8,0.0,290.0,55.25,-51.249996,508022140.0,508022140.0,0.0,55.25,55.25,-51.25,-51.25,290,290,{290: 440.47607421875}
51716,2024-01-11 02:00:00,20240111T02.nc,60,32162.941,51,29409.79362187501,914.4000000000004,248.86815786677104,310.0,35.30267,9.822324,878656000.0,1489817900.0,280937920.0,34.75,36.0,8.75,10.75,300,320,"{300: 10087.353515625, 310: 18279.43359375, 320: 3796.154052734375}"
1064166,2024-07-14 09:00:00,20240714T09.nc,132,737.46747,2,224.78008432617187,304.8,0.0,340.0,61.5,88.62499,617424800.0,709373700.0,91948960.0,61.5,61.5,88.5,88.75,340,340,{340: 737.4674682617188}
2395378,2024-12-05 03:00:00,20241205T03.nc,493,610.0921,2,185.95607270507816,304.8,0.0,290.0,66.75,73.87499,545095200.0,549704700.0,4609568.0,66.75,66.75,73.75,74.0,290,290,{290: 610.0921020507812}
1717856,2024-10-07 22:00:00,20241007T22.nc,227,1924.2413,4,2346.035033203124,1219.1999999999996,340.77675977096794,305.0,51.5,-59.749992,575081200.0,626533500.0,31214054.0,51.5,51.5,-59.75,-59.75,290,320,"{290: 481.0603332519531, 300: 481.0603332519531, 310: 481.0603332519531, 320: 481.0603332519531}"
373593,2024-03-11 07:00:00,20240311T07.nc,202,784.42035,2,239.09132241210935,304.8,0.0,310.0,59.5,42.374996,509624060.0,514506900.0,4882864.0,59.5,59.5,42.25,42.5,310,310,{310: 784.4203491210938}
2344302,2024-11-30 14:00:00,20241130T14.nc,102,617.1612,1,188.11073188476564,304.8,0.0,300.0,37.0,80.74999,517487700.0,517487700.0,0.0,37.0,37.0,80.75,80.75,300,300,{300: 617.1611938476562}
58499,2024-01-12 05:00:00,20240112T05.nc,175,317.39105,1,96.74079272460938,304.8,0.0,320.0,65.75,-13.75,525544400.0,525544400.0,0.0,65.75,65.75,-13.75,-13.75,320,320,{320: 317.39105224609375}
2104770,2024-11-10 15:00:00,20241110T15.nc,346,418.04852,1,127.42118979492189,304.8,0.0,290.0,57.25,39.999996,516239740.0,516239740.0,0.0,57.25,57.25,40.0,40.0,290,290,{290: 418.04852294921875}
1009578,2024-07-02 17:00:00,20240702T17.nc,119,546.43054,1,166.55202919921877,304.8,0.0,340.0,45.0,40.25,550250430.0,550250430.0,0.0,45.0,45.0,40.25,40.25,340,340,{340: 546.4305419921875}
1692495,2024-10-05 16:00:00,20241005T16.nc,412,409.50543,1,124.81725571289064,304.8,0.0,300.0,58.0,5.9999995,588820540.0,588820540.0,0.0,58.0,58.0,6.0,6.0,300,300,{300: 409.50543212890625}
624407,2024-04-25 04:00:00,20240425T04.nc,23,5805.141,9,3538.814022656256,609.600000000001,152.40000000000057,355.0,33.41603,65.16674,664564500.0,899599400.0,115549160.0,33.0,33.75,65.0,65.25,350,360,"{350: 1938.757080078125, 360: 3866.38427734375}"
1092596,2024-07-20 10:00:00,20240720T10.nc,58,51664.023,76,47241.58303125002,914.4000000000004,248.86815786677104,430.0,28.39386,84.83991,1325816200.0,2149337300.0,404562340.0,28.0,29.0,83.75,86.0,420,440,"{420: 10891.54296875, 430: 19710.359375, 440: 21062.1171875}"
605788,2024-04-22,20240422T00.nc,123,24701.744,51,7529.0916140625,304.8,0.0,270.0,51.181396,-60.458046,952986940.0,1385738800.0,217585310.0,50.25,52.0,-62.75,-58.25,270,270,{270: 24701.744140625}
1124691,2024-07-26 17:00:00,20240726T17.nc,42,664.12305,1,202.4247046875,304.8,0.0,430.0,30.75,83.0,629407360.0,629407360.0,0.0,30.75,30.75,83.0,83.0,430,430,{430: 664.123046875}
2132501,2024-11-13 04:00:00,20241113T04.nc,104,14928.631,24,13650.740057812503,914.4000000000004,248.86815786677104,290.0,36.395237,-3.9582834,651610300.0,883334800.0,97010240.0,36.0,36.75,-5.25,-3.25,280,300,"{280: 621.1961059570312, 290: 12437.8486328125, 300: 1869.587158203125}"
994131,2024-06-29 09:00:00,20240629T09.nc,164,5235.7197,12,1595.8473726562502,304.8,0.0,350.0,55.6246,4.3734055,760452350.0,938618900.0,138746610.0,55.5,55.75,3.25,5.5,350,350,{350: 5235.7197265625}
768071,2024-05-19 17:00:00,20240519T17.nc,254,456.94604,1,139.27715449218752,304.8,0.0,290.0,53.75,18.499996,518374270.0,518374270.0,0.0,53.75,53.75,18.5,18.5,290,290,{290: 456.946044921875}
1317950,2024-09-03 19:00:00,20240903T19.nc,142,1553.752,3,947.1671906249989,609.5999999999992,152.39999999999964,365.0,47.916397,-51.749996,1273857400.0,1717990700.0,327440100.0,47.75,48.0,-51.75,-51.75,360,370,"{360: 517.0836791992188, 370: 1036.668212890625}"
886032,2024-06-09 08:00:00,20240609T08.nc,203,383.46094,1,116.87889375,304.8,0.0,360.0,60.25,-55.499996,502385660.0,502385660.0,0.0,60.25,60.25,-55.5,-55.5,360,360,{360: 383.4609375}
280770,2024-02-23,20240223T00.nc,179,280.08105,1,85.36870546875001,304.8,0.0,330.0,68.75,46.499996,510463230.0,510463230.0,0.0,68.75,68.75,46.5,46.5,330,330,{330: 280.0810546875}
2614363,2024-12-25,20241225T00.nc,88,8614.54,13,7877.135411718753,914.4000000000004,248.86815786677104,340.0,30.961254,-34.500103,1078109400.0,1603345700.0,304631550.0,30.75,31.25,-34.75,-34.25,330,350,"{330: 5300.8466796875, 340: 2651.30126953125, 350: 662.3927001953125}"
1733309,2024-10-09 04:00:00,20241009T04.nc,177,10750.417,21,3276.72709921875,304.8,0.0,300.0,48.509968,-54.701015,592113340.0,674448500.0,45351790.0,48.0,49.0,-55.5,-54.0,300,300,{300: 10750.4169921875}
1064025,2024-07-14 08:00:00,20240714T08.nc,164,68788.45,247,62900.161537500026,914.4000000000004,248.86815786677104,330.0,68.82447,-72.86431,622759800.0,858705150.0,90165320.0,67.0,70.5,-77.0,-69.5,320,340,"{320: 7854.2158203125, 330: 23261.912109375, 340: 37672.3125}"
2652658,2024-12-28 07:00:00,20241228T07.nc,404,506.9824,1,154.52823288574217,304.8,0.0,280.0,49.0,30.5,632969200.0,632969200.0,0.0,49.0,49.0,30.5,30.5,280,280,{280: 506.9823913574219}
428211,2024-03-20 13:00:00,20240320T13.nc,148,465.06424,1,141.75158020019532,304.8,0.0,280.0,53.0,-3.9999993,562711740.0,562711740.0,0.0,53.0,53.0,-4.0,-4.0,280,280,{280: 465.0642395019531}
1324132,2024-09-04 23:00:00,20240904T23.nc,33,199051.61,290,424696.5137624999,2133.5999999999995,609.6,410.0,27.302486,-83.550354,1349726100.0,5476721700.0,1061504450.0,24.5,29.5,-85.0,-82.0,380,440,"{380: 7445.29638671875, 390: 14280.216796875, 400: 36141.37109375, 410: 20430.716796875, 420: 15680.3330078125, 430: 52944.6328125, 440: 52129.0390625}"
2052657,2024-11-06 04:00:00,20241106T04.nc,170,531.9394,1,162.1351267089844,304.8,0.0,360.0,46.5,-77.0,524354100.0,524354100.0,0.0,46.5,46.5,-77.0,-77.0,360,360,{360: 531.9393920898438}
262128,2024-02-18 22:00:00,20240218T22.nc,183,668.1278,3,203.6453557617188,304.8,0.0,350.0,73.25,88.24999,501768800.0,502344220.0,416392.1,73.25,73.25,88.0,88.5,350,350,{350: 668.1278076171875}
704685,2024-05-08 16:00:00,20240508T16.nc,196,553662.2,1437,1518806.11275,2743.2,786.9902159493472,310.0,60.06983,-72.75186,900384260.0,1950684800.0,331766600.0,58.0,63.5,-78.25,-65.5,270,350,"{270: 1914.366455078125, 280: 16965.65234375, 290: 57057.06640625, 300: 116684.1484375, 310: 104676.84375, 320: 108686.6328125, 330: 97071.2265625, 340: 48659.75390625, 350: 1946.506103515625}"
1562112,2024-09-25 03:00:00,20240925T03.nc,277,29499.717,54,26974.54103906251,914.4000000000004,248.86815786677104,330.0,45.012405,-84.032776,748985000.0,1127575600.0,171680260.0,44.5,46.0,-85.5,-82.75,320,340,"{320: 5471.44287109375, 330: 14774.974609375, 340: 9253.30078125}"
1459536,2024-09-17 08:00:00,20240917T08.nc,299,467.75272,1,142.5710278564453,304.8,0.0,380.0,52.75,2.7499998,515014750.0,515014750.0,0.0,52.75,52.75,2.75,2.75,380,380,{380: 467.7527160644531}
1112738,2024-07-24 10:00:00,20240724T10.nc,42,6685.5728,10,4075.525150781245,609.5999999999992,152.39999999999964,435.0,30.099466,84.525154,831735040.0,1347466600.0,279800770.0,29.75,30.5,84.25,84.75,430,440,"{430: 2007.701171875, 440: 4677.87109375}"
2577653,2024-12-21 10:00:00,20241221T10.nc,212,1114.1047,2,339.5791236328125,304.8,0.0,320.0,43.874733,33.249996,649314050.0,673632500.0,24318464.0,43.75,44.0,33.25,33.25,320,320,{320: 1114.104736328125}
1576029,2024-09-26 03:00:00,20240926T03.nc,86,2841.3794,4,1732.104878906248,609.5999999999992,152.39999999999964,435.0,23.187412,78.37505,609721700.0,692087100.0,49968948.0,23.0,23.25,78.25,78.5,430,440,"{430: 2131.36572265625, 440: 710.0137939453125}"
1433758,2024-09-15 10:00:00,20240915T10.nc,54,690.06683,1,210.33237084960936,304.8,0.0,440.0,26.749998,84.49999,1671842000.0,1671842000.0,0.0,26.75,26.75,84.5,84.5,440,440,{440: 690.0668334960938}
845518,2024-06-02 18:00:00,20240602T18.nc,188,126220.03,303,115415.59657500005,914.4000000000004,248.86815786677104,330.0,57.370308,-14.553693,703247400.0,1368120300.0,185832900.0,55.75,58.25,-24.25,-5.0,320,340,"{320: 16078.4951171875, 330: 76301.171875, 340: 33840.359375}"
2494081,2024-12-14 02:00:00,20241214T02.nc,162,657.1262,1,200.2920720703125,304.8,0.0,320.0,31.75,-16.25,559812540.0,559812540.0,0.0,31.75,31.75,-16.25,-16.25,320,320,{320: 657.126220703125}
1190288,2024-08-08 12:00:00,20240808T12.nc,181,11505.074,33,7013.493243750013,609.600000000001,152.40000000000057,355.0,63.178776,-35.09394,736491650.0,1061927200.0,145089120.0,62.75,63.75,-36.25,-34.0,350,360,"{350: 3160.4580078125, 360: 8344.6171875}"
206248,2024-02-09 09:00:00,20240209T09.nc,145,553.5363,1,168.7178690917969,304.8,0.0,390.0,44.25,10.75,933593100.0,933593100.0,0.0,44.25,44.25,10.75,10.75,390,390,{390: 553.5363159179688}
461665,2024-03-27 01:00:00,20240327T01.nc,125,1026.6255,2,312.915448828125,304.8,0.0,350.0,48.374695,-77.74999,675310850.0,696247040.0,20936192.0,48.25,48.5,-77.75,-77.75,350,350,{350: 1026.62548828125}
853024,2024-06-04 04:00:00,20240604T04.nc,19,1380.1337,2,420.6647416992187,304.8,0.0,380.0,26.749998,-61.374996,550033300.0,555796700.0,5763424.0,26.75,26.75,-61.5,-61.25,380,380,{380: 1380.1336669921875}
1107346,2024-07-23 08:00:00,20240723T08.nc,184,350.83005,1,106.9329985107422,304.8,0.0,340.0,63.0,-71.49999,728232640.0,728232640.0,0.0,63.0,63.0,-71.5,-71.5,340,340,{340: 350.8300476074219}
2366050,2024-12-02 05:00:00,20241202T05.nc,175,585.4231,1,178.4369595703125,304.8,0.0,370.0,40.75,-45.749996,518837200.0,518837200.0,0.0,40.75,40.75,-45.75,-45.75,370,370,{370: 585.423095703125}
1904578,2024-10-22 20:00:00,20241022T20.nc,262,491.5418,1,149.82194340820314,304.8,0.0,340.0,50.5,85.74999,723846460.0,723846460.0,0.0,50.5,50.5,85.75,85.75,340,340,{340: 491.54180908203125}
2558307,2024-12-19 14:00:00,20241219T14.nc,108,1875.551,3,571.6679525390625,304.8,0.0,330.0,36.0,-6.7499995,566287900.0,610217500.0,47265732.0,36.0,36.0,-7.0,-6.5,330,330,{330: 1875.551025390625}
2169033,2024-11-16 05:00:00,20241116T05.nc,282,13645.087,27,8318.04498281249,609.5999999999992,152.39999999999964,295.0,49.156174,-54.684505,725650600.0,964822400.0,113093336.0,48.75,49.5,-55.75,-53.75,290,300,"{290: 2012.6129150390625, 300: 11632.4736328125}"
1783886,2024-10-13 05:00:00,20241013T05.nc,34,722.6439,1,220.26186708984372,304.8,0.0,440.0,20.75,66.74999,779667700.0,779667700.0,0.0,20.75,20.75,66.75,66.75,440,440,{440: 722.6439208984375}
268435,2024-02-20 04:00:00,20240220T04.nc,19,4399.9014,7,1341.08993671875,304.8,0.0,320.0,35.5706,-5.427838,551335740.0,592647400.0,26798104.0,35.25,36.0,-5.75,-5.0,320,320,{320: 4399.9013671875}
1034830,2024-07-07 20:00:00,20240707T20.nc,87,596.2879,1,181.74855278320317,304.8,0.0,390.0,39.5,-69.5,668535040.0,668535040.0,0.0,39.5,39.5,-69.5,-69.5,390,390,{390: 596.2879028320312}
1781553,2024-10-13,20241013T00.nc,303,432.1272,1,131.71236972656249,304.8,0.0,340.0,56.0,-19.25,515921200.0,515921200.0,0.0,56.0,56.0,-19.25,-19.25,340,340,{340: 432.127197265625}
1943962,2024-10-26 04:00:00,20241026T04.nc,227,1926.8755,4,587.3116488281249,304.8,0.0,370.0,51.43725,-36.31275,587013760.0,632912260.0,39842244.0,51.25,51.5,-36.5,-36.0,370,370,{370: 1926.87548828125}
792538,2024-05-23 23:00:00,20240523T23.nc,145,18688.332,40,11392.40720625002,609.600000000001,152.40000000000057,285.0,52.797615,-1.7557535,754963800.0,1213047600.0,176819500.0,52.25,53.25,-2.5,-0.75,280,290,"{280: 8854.9609375, 290: 9833.3740234375}"
2341777,2024-11-30 09:00:00,20241130T09.nc,357,970.01416,2,295.660316015625,304.8,0.0,300.0,51.12466,-13.749998,633104640.0,663572740.0,30468128.0,51.0,51.25,-13.75,-13.75,300,300,{300: 970.01416015625}
262088,2024-02-18 22:00:00,20240218T22.nc,142,864.2544,2,263.42473945312497,304.8,0.0,310.0,56.0,-29.375,1374035100.0,1557924600.0,183889540.0,56.0,56.0,-29.5,-29.25,310,310,{310: 864.25439453125}
1287898,2024-08-29 08:00:00,20240829T08.nc,58,1338.476,2,407.9674702148437,304.8,0.0,430.0,30.0,86.12499,532544100.0,560462500.0,27918432.0,30.0,30.0,86.0,86.25,430,430,{430: 1338.4759521484375}
2273416,2024-11-25 02:00:00,20241125T02.nc,449,341.7872,1,104.17673884277345,304.8,0.0,300.0,63.75,30.750002,527729600.0,527729600.0,0.0,63.75,63.75,30.75,30.75,300,300,{300: 341.7872009277344}
1217731,2024-08-14 15:00:00,20240814T15.nc,74,512.05255,1,156.07361762695314,304.8,0.0,330.0,48.5,-72.49999,1121003300.0,1121003300.0,0.0,48.5,48.5,-72.5,-72.5,330,330,{330: 512.0525512695312}
2494472,2024-12-14 03:00:00,20241214T03.nc,28,704.5819,1,214.75656591796877,304.8,0.0,370.0,24.25,21.0,502043330.0,502043330.0,0.0,24.25,24.25,21.0,21.0,370,370,{370: 704.5819091796875}
1575284,2024-09-26 01:00:00,20240926T01.nc,371,347.8224,1,106.01626376953126,304.8,0.0,290.0,63.25,41.249996,503522460.0,503522460.0,0.0,63.25,63.25,41.25,41.25,290,290,{290: 347.8223876953125}
499698,2024-04-02 18:00:00,20240402T18.nc,20,4895.41,7,2984.2420312500053,609.600000000001,152.40000000000057,405.0,25.178469,59.785614,625253200.0,764272000.0,86052200.0,25.0,25.25,59.5,60.25,400,410,"{400: 3497.539794921875, 410: 1397.87060546875}"
2273120,2024-11-25 02:00:00,20241125T02.nc,149,7454.453,14,4544.234624999995,609.5999999999992,152.39999999999964,325.0,46.44591,19.571358,639234050.0,854199500.0,119764780.0,46.25,46.75,19.25,20.0,320,330,"{320: 2664.57861328125, 330: 4789.875}"
1277468,2024-08-27 09:00:00,20240827T09.nc,129,7310.2695,13,4456.340306250007,609.600000000001,152.40000000000057,355.0,43.307514,19.827711,731334700.0,1172949800.0,221466960.0,43.25,43.5,18.75,20.75,350,360,"{350: 1688.588623046875, 360: 5621.6806640625}"
2680577,2024-12-30 11:00:00,20241230T11.nc,166,596.2879,1,181.74855278320317,304.8,0.0,350.0,39.5,-40.749996,563877000.0,563877000.0,0.0,39.5,39.5,-40.75,-40.75,350,350,{350: 596.2879028320312}
1590851,2024-09-27 01:00:00,20240927T01.nc,56,715.22943,1,218.0019306152344,304.8,0.0,410.0,22.25,68.5,512911040.0,512911040.0,0.0,22.25,22.25,68.5,68.5,410,410,{410: 715.2294311523438}
1377708,2024-09-11 11:00:00,20240911T11.nc,106,691.57794,1,210.79295668945312,304.8,0.0,440.0,26.500002,-73.25,559451500.0,559451500.0,0.0,26.5,26.5,-73.25,-73.25,440,440,{440: 691.5779418945312}
1085746,2024-07-19 01:00:00,20240719T01.nc,112,426.52005,1,130.00331125488282,304.8,0.0,300.0,56.5,-72.25,561017540.0,561017540.0,0.0,56.5,56.5,-72.25,-72.25,300,300,{300: 426.5200500488281}
1301938,2024-09-01 01:00:00,20240901T01.nc,54,690.06683,1,210.33237084960936,304.8,0.0,440.0,26.749998,62.25,754751900.0,754751900.0,0.0,26.75,26.75,62.25,62.25,440,440,{440: 690.0668334960938}
2291101,2024-11-26 14:00:00,20241126T14.nc,203,580.99884,1,177.08844653320313,304.8,0.0,330.0,41.25,-2.7499998,506197540.0,506197540.0,0.0,41.25,41.25,-2.75,-2.75,330,330,{330: 580.9988403320312}
982605,2024-06-26 20:00:00,20240626T20.nc,32,101642.14,147,123922.09784999996,1219.1999999999996,340.77675977096794,425.0,26.511782,-70.364914,1115142300.0,2249948700.0,369741700.0,25.0,28.0,-71.5,-68.75,410,440,"{410: 688.5426635742188, 420: 13795.0166015625, 430: 32440.341796875, 440: 54718.2265625}"
619131,2024-04-24 08:00:00,20240424T08.nc,174,454.2225,1,138.44701911621095,304.8,0.0,310.0,54.0,59.499996,552331700.0,552331700.0,0.0,54.0,54.0,59.5,59.5,310,310,{310: 454.2225036621094}
1255404,2024-08-22 14:00:00,20240822T14.nc,52,4553.3965,8,2775.7504968749963,609.5999999999992,152.39999999999964,345.0,42.562313,74.99999,1545586700.0,2336292400.0,634522050.0,42.5,42.75,74.75,75.25,340,350,"{340: 2844.16015625, 350: 1709.236328125}"
610919,2024-04-22 20:00:00,20240422T20.nc,193,26770.027,95,40797.52167187497,1523.9999999999989,431.0522938113192,310.0,68.602165,-43.066742,962087300.0,1406166300.0,236785730.0,67.5,69.5,-43.75,-42.25,290,330,"{290: 280.0810546875, 300: 3637.8447265625, 310: 8937.166015625, 320: 10142.30078125, 330: 3772.63671875}"
1300655,2024-08-31 19:00:00,20240831T19.nc,86,638.7633,1,194.69505556640627,304.8,0.0,370.0,34.25,-43.25,568383200.0,568383200.0,0.0,34.25,34.25,-43.25,-43.25,370,370,{370: 638.7633056640625}
403786,2024-03-16 13:00:00,20240316T13.nc,33,3308.4775,5,1008.42395390625,304.8,0.0,410.0,31.099844,-59.95007,570960260.0,602982100.0,19990204.0,31.0,31.25,-60.25,-59.75,410,410,{410: 3308.4775390625}
180570,2024-02-04 13:00:00,20240204T13.nc,124,1520.9471,3,463.5846893554688,304.8,0.0,270.0,48.999996,66.749985,563159900.0,607059900.0,35796810.0,49.0,49.0,66.5,67.0,270,270,{270: 1520.9471435546875}
2028281,2024-11-04 02:00:00,20241104T02.nc,313,301.94516,1,92.03288474121096,304.8,0.0,290.0,67.0,62.749996,549735700.0,549735700.0,0.0,67.0,67.0,62.75,62.75,290,290,{290: 301.9451599121094}
1731754,2024-10-09,20241009T00.nc,403,257.9558,1,78.62493105468751,304.8,0.0,300.0,70.5,-29.249996,529360320.0,529360320.0,0.0,70.5,70.5,-29.25,-29.25,300,300,{300: 257.955810546875}
2385841,2024-12-04 05:00:00,20241204T05.nc,198,551.17816,1,167.99910366210938,304.8,0.0,290.0,44.5,17.499998,620006700.0,620006700.0,0.0,44.5,44.5,17.5,17.5,290,290,{290: 551.1781616210938}
2275318,2024-11-25 06:00:00,20241125T06.nc,344,426.52005,1,130.00331125488282,304.8,0.0,340.0,56.5,3.75,1094383100.0,1094383100.0,0.0,56.5,56.5,3.75,3.75,340,340,{340: 426.5200500488281}
2171140,2024-11-16 10:00:00,20241116T10.nc,297,3250.57,10,990.7737568359375,304.8,0.0,270.0,65.124405,68.25235,597232300.0,698444900.0,67035308.0,65.0,65.25,67.25,69.25,270,270,{270: 3250.570068359375}
965801,2024-06-23 05:00:00,20240623T05.nc,45,36935.07,61,33773.42829375001,914.4000000000004,248.86815786677104,400.0,38.413227,-56.226067,698978050.0,949671600.0,120011840.0,38.0,38.75,-57.75,-54.25,390,410,"{390: 4833.99609375, 400: 22397.48828125, 410: 9703.5888671875}"
1111730,2024-07-24 05:00:00,20240724T05.nc,183,347.8224,1,106.01626376953126,304.8,0.0,300.0,63.25,-38.249996,514631700.0,514631700.0,0.0,63.25,63.25,-38.25,-38.25,300,300,{300: 347.8223876953125}
1044530,2024-07-09 17:00:00,20240709T17.nc,261,3378.8083,13,1029.8607849609375,304.8,0.0,300.0,70.34308,-63.100834,527899680.0,549617400.0,16129548.0,70.0,70.75,-63.75,-62.25,300,300,{300: 3378.808349609375}
2062100,2024-11-06 22:00:00,20241106T22.nc,191,555.88385,1,169.43339750976563,304.8,0.0,270.0,44.0,47.5,569007940.0,569007940.0,0.0,44.0,44.0,47.5,47.5,270,270,{270: 555.8838500976562}
158708,2024-01-31 02:00:00,20240131T02.nc,33,3717.083,6,1132.9669007812502,304.8,0.0,290.0,36.707413,-14.583153,636636000.0,745296640.0,69463630.0,36.25,37.0,-14.75,-14.5,290,290,{290: 3717.0830078125}
164861,2024-02-01 07:00:00,20240201T07.nc,201,1194.0171,3,363.936408984375,304.8,0.0,290.0,59.0,34.25,629719500.0,663465150.0,27749732.0,59.0,59.0,34.0,34.5,290,290,{290: 1194.01708984375}
1041532,2024-07-09 03:00:00,20240709T03.nc,136,3821.623,15,1164.8307046875002,304.8,0.0,290.0,70.74998,-35.749996,557949950.0,590188400.0,20636904.0,70.75,70.75,-37.5,-34.0,290,290,{290: 3821.623046875}
1955331,2024-10-27 07:00:00,20241027T07.nc,34,14285.239,20,13062.422777343754,914.4000000000004,248.86815786677104,420.0,22.4371,-86.40018,2743429600.0,3434948400.0,408806940.0,22.0,22.75,-86.75,-86.0,410,430,"{410: 2143.12109375, 420: 7858.47119140625, 430: 4283.64794921875}"
1035901,2024-07-08 01:00:00,20240708T01.nc,178,560.1621,2,170.73741093750002,304.8,0.0,360.0,68.75,42.374996,667284600.0,771367700.0,104083100.0,68.75,68.75,42.25,42.5,360,360,{360: 560.162109375}
2351010,2024-12-01 01:00:00,20241201T01.nc,509,344.808,1,105.09748264160156,304.8,0.0,310.0,63.5,-9.999999,512919740.0,512919740.0,0.0,63.5,63.5,-10.0,-10.0,310,310,{310: 344.8080139160156}
1996098,2024-10-31 19:00:00,20241031T19.nc,373,819.01086,2,249.63451142578128,304.8,0.0,340.0,58.0,-23.124996,516509250.0,530338050.0,13828784.0,58.0,58.0,-23.25,-23.0,340,340,{340: 819.0108642578125}
2497757,2024-12-14 09:00:00,20241214T09.nc,107,627.1596,1,191.15824819335936,304.8,0.0,370.0,35.75,-52.499996,524544450.0,524544450.0,0.0,35.75,35.75,-52.5,-52.5,370,370,{370: 627.1596069335938}
1906171,2024-10-22 23:00:00,20241022T23.nc,490,840.24316,3,256.10611640625,304.8,0.0,280.0,68.75,40.25,778571300.0,1086435800.0,236892220.0,68.75,68.75,40.0,40.5,280,280,{280: 840.2431640625}
478830,2024-03-29 22:00:00,20240329T22.nc,188,301.94516,1,92.03288474121096,304.8,0.0,310.0,67.0,-84.25,1086658200.0,1086658200.0,0.0,67.0,67.0,-84.25,-84.25,310,310,{310: 301.9451599121094}
201923,2024-02-08 17:00:00,20240208T17.nc,74,6933.964,11,2113.4721867187504,304.8,0.0,330.0,35.340027,-1.6358837,556260200.0,597951200.0,21925280.0,35.0,35.75,-2.0,-1.25,330,330,{330: 6933.9638671875}
672123,2024-05-03 08:00:00,20240503T08.nc,17,2027.6382,3,618.024118359375,304.8,0.0,370.0,29.0,74.24999,696704300.0,981537200.0,203074850.0,29.0,29.0,74.0,74.5,370,370,{370: 2027.63818359375}
2088675,2024-11-09 04:00:00,20241109T04.nc,166,386309.56,719,706482.9279,1828.8,520.5450989107475,315.0,45.90795,3.6287026,774091260.0,1494990000.0,203687020.0,42.75,47.75,-5.25,10.25,290,340,"{290: 14712.1611328125, 300: 26433.2578125, 310: 89728.765625, 320: 133765.40625, 330: 99768.03125, 340: 21901.931640625}"
722001,2024-05-11 13:00:00,20240511T13.nc,230,440.47607,1,134.257107421875,304.8,0.0,320.0,55.25,81.99999,809670300.0,809670300.0,0.0,55.25,55.25,82.0,82.0,320,320,{320: 440.47607421875}
2453996,2024-12-10 07:00:00,20241210T07.nc,541,5566.2695,14,5089.796859375002,914.4000000000004,248.86815786677104,280.0,59.034714,66.69559,708909000.0,910549700.0,145543940.0,58.75,59.25,66.25,67.25,270,290,"{270: 1981.346435546875, 280: 1586.2347412109375, 290: 1998.687744140625}"
1032547,2024-07-07 10:00:00,20240707T10.nc,210,338.75986,1,103.25400446777344,304.8,0.0,290.0,64.0,-47.249996,510110240.0,510110240.0,0.0,64.0,64.0,-47.25,-47.25,290,290,{290: 338.7598571777344}
498612,2024-04-02 13:00:00,20240402T13.nc,65,602.6709,1,183.69408984375,304.8,0.0,330.0,38.75,9.75,686586900.0,686586900.0,0.0,38.75,38.75,9.75,9.75,330,330,{330: 602.6708984375}
927861,2024-06-16 09:00:00,20240616T09.nc,64,1246.3915,2,379.9001229492188,304.8,0.0,360.0,36.25,15.124999,593955100.0,686761600.0,92806560.0,36.25,36.25,15.0,15.25,360,360,{360: 1246.3914794921875}
698177,2024-05-07 15:00:00,20240507T15.nc,115,1175.237,2,358.2122560546875,304.8,0.0,340.0,40.5,-13.374999,695644400.0,749178700.0,53534270.0,40.5,40.5,-13.5,-13.25,340,340,{340: 1175.237060546875}
1421613,2024-09-14 10:00:00,20240914T10.nc,391,9146.36,27,5575.621270312493,609.5999999999992,152.39999999999964,345.0,63.99603,49.239906,631037630.0,860016400.0,79832100.0,63.25,64.5,48.75,49.75,340,350,"{340: 6424.18603515625, 350: 2722.17529296875}"
1830771,2024-10-16 21:00:00,20241016T21.nc,450,1669.455,9,508.8498706054688,304.8,0.0,300.0,76.11002,-69.22494,683068700.0,897830660.0,109768940.0,76.0,76.25,-70.0,-68.5,300,300,{300: 1669.4549560546875}
1956175,2024-10-27 09:00:00,20241027T09.nc,279,289.4846,1,88.2349026123047,304.8,0.0,320.0,68.0,15.999999,509120640.0,509120640.0,0.0,68.0,68.0,16.0,16.0,320,320,{320: 289.4845886230469}
2482335,2024-12-12 23:00:00,20241212T23.nc,146,2468.6448,4,1504.8858550781274,609.600000000001,152.40000000000057,305.0,37.0,57.0625,741374500.0,1142096600.0,231737810.0,37.0,37.0,56.75,57.25,300,310,"{300: 617.1611938476562, 310: 1851.483642578125}"
25063,2024-01-06 06:00:00,20240106T06.nc,117,34611.047,62,21098.894174999976,609.5999999999992,152.39999999999964,295.0,43.731384,-21.589928,697768000.0,1044887100.0,136009740.0,42.5,45.5,-22.75,-20.75,290,300,"{290: 12330.6884765625, 300: 22280.35546875}"
2278016,2024-11-25 11:00:00,20241125T11.nc,505,5053.2314,21,1540.22494453125,304.8,0.0,290.0,71.85634,-34.502842,610931260.0,719044100.0,48714710.0,71.75,72.0,-36.25,-33.0,290,290,{290: 5053.2314453125}
1547490,2024-09-23 23:00:00,20240923T23.nc,277,1681.6414,3,1025.1285714843768,609.600000000001,152.40000000000057,335.0,43.5,-69.416664,708277400.0,799091100.0,98656776.0,43.5,43.5,-69.5,-69.25,330,340,"{330: 560.547119140625, 340: 1121.09423828125}"
1059670,2024-07-13 08:00:00,20240713T08.nc,116,19046.525,54,11610.761878125018,609.600000000001,152.40000000000057,355.0,62.838234,46.566437,730614500.0,983600200.0,127538070.0,62.0,63.5,45.5,47.75,350,360,"{350: 4896.5615234375, 360: 14149.962890625}"
1531845,2024-09-22 17:00:00,20240922T17.nc,298,1161.9977,2,354.17689306640625,304.8,0.0,370.0,41.25,-36.874996,532415940.0,544117060.0,11701104.0,41.25,41.25,-37.0,-36.75,370,370,{370: 1161.9976806640625}
986471,2024-06-27 16:00:00,20240627T16.nc,39,1427.8917,2,435.2213973632813,304.8,0.0,400.0,22.5,56.374996,678822900.0,744756400.0,65933504.0,22.5,22.5,56.25,56.5,400,400,{400: 1427.8917236328125}
2037847,2024-11-04 22:00:00,20241104T22.nc,125,7665.1104,12,4672.651270312494,609.5999999999992,152.39999999999964,325.0,34.24951,-39.417656,656322100.0,933777300.0,137284620.0,34.0,34.5,-40.25,-38.75,320,330,"{320: 1277.5145263671875, 330: 6387.59619140625}"
270986,2024-02-20 18:00:00,20240220T18.nc,4,2952034.5,5102,8098021.040399999,2743.2,786.9902159493472,310.0,41.0617,22.746262,1266760000.0,3749943000.0,708751200.0,31.75,49.5,12.25,39.0,270,350,"{270: 259611.828125, 280: 471080.65625, 290: 517527.3125, 300: 388756.6875, 310: 320975.96875, 320: 372322.375, 330: 380555.90625, 340: 229221.28125, 350: 11982.4658203125}"
2309849,2024-11-28 02:00:00,20241128T02.nc,232,565.1678,1,172.26314106445315,304.8,0.0,310.0,43.0,65.0,505397200.0,505397200.0,0.0,43.0,43.0,65.0,65.0,310,310,{310: 565.1677856445312}
1413153,2024-09-13 18:00:00,20240913T18.nc,583,578.9692,2,176.4698052246094,304.8,0.0,280.0,68.0,8.125001,545548300.0,547541000.0,1992672.0,68.0,68.0,8.0,8.25,280,280,{280: 578.9691772460938}
812452,2024-05-27 09:00:00,20240527T09.nc,162,226912.4,794,276651.6057000004,1219.2000000000014,340.77675977096834,295.0,68.189865,-30.249287,680772350.0,1161799200.0,130654264.0,64.25,71.5,-34.5,-26.25,280,310,"{280: 18070.349609375, 290: 66811.515625, 300: 129078.5078125, 310: 12952.0390625}"
311716,2024-02-29 04:00:00,20240229T04.nc,105,496.72662,1,151.40227485351565,304.8,0.0,290.0,50.0,-72.25,517206270.0,517206270.0,0.0,50.0,50.0,-72.25,-72.25,290,290,{290: 496.72662353515625}
1450605,2024-09-16 16:00:00,20240916T16.nc,575,393.4973,2,119.9379814453125,304.8,0.0,290.0,75.25,-18.625,511770050.0,516489730.0,4719696.0,75.25,75.25,-18.75,-18.5,290,290,{290: 393.497314453125}
2511902,2024-12-15 15:00:00,20241215T15.nc,254,544.0411,1,165.82372016601565,304.8,0.0,310.0,45.25,-75.99999,581699140.0,581699140.0,0.0,45.25,45.25,-76.0,-76.0,310,310,{310: 544.0410766601562}
23407,2024-01-05 22:00:00,20240105T22.nc,131,454.2225,1,138.44701911621095,304.8,0.0,340.0,54.0,-28.0,755261950.0,755261950.0,0.0,54.0,54.0,-28.0,-28.0,340,340,{340: 454.2225036621094}
92434,2024-01-18 14:00:00,20240118T14.nc,100,536.8108,1,163.61992910156252,304.8,0.0,340.0,46.0,-31.75,550386800.0,550386800.0,0.0,46.0,46.0,-31.75,-31.75,340,340,{340: 536.810791015625}
1078067,2024-07-17 09:00:00,20240717T09.nc,146,838.92896,2,255.70554550781253,304.8,0.0,340.0,57.124577,56.5,544940600.0,573711800.0,28771200.0,57.0,57.25,56.5,56.5,340,340,{340: 838.928955078125}
669432,2024-05-02 19:00:00,20240502T19.nc,108,2767.6816,5,1687.178728124998,609.5999999999992,152.39999999999964,295.0,44.25,81.649994,526756860.0,539766800.0,14052053.0,44.25,44.25,81.25,82.0,290,300,"{290: 2214.145263671875, 300: 553.5363159179688}"
1525088,2024-09-22 05:00:00,20240922T05.nc,482,1649.1289,7,502.6544906250001,304.8,0.0,310.0,72.25001,72.99999,893807100.0,1203007700.0,206504540.0,72.25,72.25,72.25,73.75,310,310,{310: 1649.12890625}
1820586,2024-10-16,20241016T00.nc,225,1111.7677,2,338.86679501953125,304.8,0.0,330.0,44.0,-49.875,576477060.0,640903940.0,64426896.0,44.0,44.0,-50.0,-49.75,330,330,{330: 1111.7677001953125}
543202,2024-04-10 04:00:00,20240410T04.nc,10,4804.386,7,1464.376923046875,304.8,0.0,380.0,27.357002,58.14251,811008450.0,1018407400.0,130899300.0,27.25,27.5,57.5,58.75,380,380,{380: 4804.38623046875}
1805743,2024-10-14 20:00:00,20241014T20.nc,263,996063.94,2317,1214401.1525999997,1219.1999999999996,340.77675977096794,285.0,56.033405,15.927741,938544000.0,2229685800.0,386025470.0,50.25,60.5,5.25,27.75,270,300,"{270: 109232.078125, 280: 222501.15625, 290: 331389.09375, 300: 332941.5625}"
143014,2024-01-28 05:00:00,20240128T05.nc,96,565.1678,1,172.26314106445315,304.8,0.0,290.0,43.0,-87.99999,954696300.0,954696300.0,0.0,43.0,43.0,-88.0,-88.0,290,290,{290: 565.1677856445312}
1820598,2024-10-16,20241016T00.nc,237,551.17816,1,167.99910366210938,304.8,0.0,330.0,44.5,84.0,523266100.0,523266100.0,0.0,44.5,44.5,84.0,84.0,330,330,{330: 551.1781616210938}
1553462,2024-09-24 11:00:00,20240924T11.nc,323,892.0003,2,271.8816930175782,304.8,0.0,330.0,54.75,-40.625,585878400.0,586051460.0,173056.0,54.75,54.75,-40.75,-40.5,330,330,{330: 892.0003051757812}
1171063,2024-08-04 14:00:00,20240804T14.nc,235,52062.867,238,63475.04767499998,1219.1999999999996,340.7767597709678,325.0,73.54354,-55.513584,764233200.0,1222737400.0,183864450.0,72.75,74.75,-60.75,-49.5,310,340,"{310: 4628.4189453125, 320: 16105.162109375, 330: 24205.8671875, 340: 7123.419921875}"
994015,2024-06-29 09:00:00,20240629T09.nc,47,22852.535,32,20896.35814687501,914.4000000000004,248.86815786677104,430.0,22.46057,73.851166,873016800.0,1250633700.0,186536540.0,22.0,22.75,73.0,74.75,420,440,"{420: 3567.135009765625, 430: 14285.2119140625, 440: 5000.18798828125}"
768932,2024-05-19 21:00:00,20240519T21.nc,80,576.5304,1,175.72646455078126,304.8,0.0,340.0,41.75,76.24999,538378050.0,538378050.0,0.0,41.75,41.75,76.25,76.25,340,340,{340: 576.5303955078125}
1244483,2024-08-19 21:00:00,20240819T21.nc,75,527.02747,1,160.63797158203127,304.8,0.0,340.0,47.0,-72.99999,786574850.0,786574850.0,0.0,47.0,47.0,-73.0,-73.0,340,340,{340: 527.0274658203125}
2329750,2024-11-29 13:00:00,20241129T13.nc,402,892.0003,2,271.8816930175782,304.8,0.0,270.0,54.75,36.125,640317950.0,726649540.0,86331620.0,54.75,54.75,36.0,36.25,270,270,{270: 892.0003051757812}
180054,2024-02-04 11:00:00,20240204T11.nc,45,1228.2053,2,374.35698222656254,304.8,0.0,300.0,37.37479,80.24999,735354800.0,806395900.0,71041090.0,37.25,37.5,80.25,80.25,300,300,{300: 1228.205322265625}
1760140,2024-10-11 08:00:00,20241011T08.nc,9,723.83167,1,220.62389150390624,304.8,0.0,390.0,20.5,70.24999,680676900.0,680676900.0,0.0,20.5,20.5,70.25,70.25,390,390,{390: 723.8316650390625}
1889566,2024-10-21 14:00:00,20241021T14.nc,184,4064.7407,7,2477.865944531247,609.5999999999992,152.39999999999964,275.0,41.28506,51.39225,548967740.0,665929150.0,52335630.0,41.0,41.5,51.0,51.75,270,280,"{270: 578.7701416015625, 280: 3485.970703125}"
817492,2024-05-28 09:00:00,20240528T09.nc,163,486.31958,1,148.2302080078125,304.8,0.0,340.0,51.0,-23.499996,517979330.0,517979330.0,0.0,51.0,51.0,-23.5,-23.5,340,340,{340: 486.319580078125}
1707558,2024-10-07 01:00:00,20241007T01.nc,77,1904.831,3,580.59250546875,304.8,0.0,370.0,34.749996,-30.749998,593066000.0,654100900.0,54828636.0,34.75,34.75,-31.0,-30.5,370,370,{370: 1904.8310546875}
2269557,2024-11-24 19:00:00,20241124T19.nc,174,1578.6115,3,481.1607700195312,304.8,0.0,300.0,47.083073,-53.416534,548617600.0,595424400.0,34585464.0,47.0,47.25,-53.5,-53.25,300,300,{300: 1578.6114501953125}
2196073,2024-11-18 12:00:00,20241118T12.nc,27,721.44244,1,219.89565688476563,304.8,0.0,390.0,21.0,-50.5,601327300.0,601327300.0,0.0,21.0,21.0,-50.5,-50.5,390,390,{390: 721.4424438476562}
589882,2024-04-19 01:00:00,20240419T01.nc,53,39056.047,62,35712.84926249994,914.3999999999984,248.8681578667703,320.0,35.394207,0.34563556,635155300.0,875694700.0,108359470.0,34.75,35.75,-1.0,2.25,310,330,"{310: 6299.02001953125, 320: 22693.072265625, 330: 10063.953125}"
2043563,2024-11-05 09:00:00,20241105T09.nc,93,631.0757,1,192.351868359375,304.8,0.0,370.0,35.25,63.249992,514855700.0,514855700.0,0.0,35.25,35.25,63.25,63.25,370,370,{370: 631.07568359375}
2412022,2024-12-06 17:00:00,20241206T17.nc,230,580.99884,1,177.08844653320313,304.8,0.0,300.0,41.25,15.25,678474400.0,678474400.0,0.0,41.25,41.25,15.25,15.25,300,300,{300: 580.9988403320312}
1516128,2024-09-21 13:00:00,20240921T13.nc,311,11604.355,20,10611.022640625004,914.4000000000004,248.86815786677104,370.0,41.337086,5.749999,738231360.0,1159875100.0,163708660.0,41.0,41.5,5.25,6.25,360,380,"{360: 578.7701416015625, 370: 6965.27734375, 380: 4060.3056640625}"
1048974,2024-07-10 18:00:00,20240710T18.nc,29,698.9353,1,213.0354802734375,304.8,0.0,440.0,25.250002,73.99999,529599580.0,529599580.0,0.0,25.25,25.25,74.0,74.0,440,440,{440: 698.935302734375}
2251755,2024-11-23 09:00:00,20241123T09.nc,88,627.1596,1,191.15824819335936,304.8,0.0,390.0,35.75,-12.249998,605424900.0,605424900.0,0.0,35.75,35.75,-12.25,-12.25,390,390,{390: 627.1596069335938}
2257632,2024-11-23 20:00:00,20241123T20.nc,373,830.4174,2,506.2224588867181,609.5999999999992,152.39999999999964,275.0,57.499996,36.999996,679523260.0,823914000.0,144390700.0,57.5,57.5,37.0,37.0,270,280,"{270: 415.2087097167969, 280: 415.2087097167969}"
1640853,2024-09-30 20:00:00,20240930T20.nc,279,908.445,2,276.8940382324219,304.8,0.0,290.0,54.0,9.624999,621318500.0,685475200.0,64156670.0,54.0,54.0,9.5,9.75,290,290,{290: 908.4450073242188}
500385,2024-04-02 21:00:00,20240402T21.nc,8,62783.633,90,38272.90256249995,609.5999999999992,152.39999999999964,385.0,25.475946,73.44727,815760900.0,1566405100.0,244476240.0,24.75,26.5,72.25,75.0,380,390,"{380: 25743.830078125, 390: 37039.8125}"
1198964,2024-08-10 07:00:00,20240810T07.nc,236,1408.2604,10,429.2377625976563,304.8,0.0,330.0,79.5,-24.874998,590054300.0,596023230.0,4535837.5,79.5,79.5,-26.0,-23.75,330,330,{330: 1408.2603759765625}
1479758,2024-09-18 23:00:00,20240918T23.nc,206,37470.363,61,34262.90018437501,914.4000000000004,248.86815786677104,340.0,37.349594,-6.9386635,829295200.0,1662550000.0,272593250.0,36.5,38.0,-8.5,-5.5,330,350,"{330: 7389.453125, 340: 22738.4609375, 350: 7342.46044921875}"
1448786,2024-09-16 13:00:00,20240916T13.nc,281,448.7495,1,136.778851171875,304.8,0.0,420.0,54.5,-3.0000002,509167200.0,509167200.0,0.0,54.5,54.5,-3.0,-3.0,420,420,{420: 448.74951171875}
909928,2024-06-13 06:00:00,20240613T06.nc,249,5198.7466,29,1584.577958203125,304.8,0.0,300.0,76.58201,-30.445902,556405250.0,604757700.0,32851574.0,76.25,77.0,-31.75,-28.75,300,300,{300: 5198.74658203125}
1619463,2024-09-28 23:00:00,20240928T23.nc,469,786.9946,4,239.875962890625,304.8,0.0,280.0,75.25,48.874992,597310500.0,622229060.0,25666610.0,75.25,75.25,48.5,49.25,280,280,{280: 786.99462890625}
1480832,2024-09-19 01:00:00,20240919T01.nc,260,546.43054,1,166.55202919921877,304.8,0.0,330.0,45.0,12.999999,522521630.0,522521630.0,0.0,45.0,45.0,13.0,13.0,330,330,{330: 546.4305419921875}
1537382,2024-09-23 04:00:00,20240923T04.nc,164,613.0792,1,186.86654736328128,304.8,0.0,360.0,37.5,-89.24999,529207800.0,529207800.0,0.0,37.5,37.5,-89.25,-89.25,360,360,{360: 613.0792236328125}
1144709,2024-07-30 19:00:00,20240730T19.nc,64,682.31494,1,207.96959414062505,304.8,0.0,430.0,28.0,82.24999,784603650.0,784603650.0,0.0,28.0,28.0,82.25,82.25,430,430,{430: 682.31494140625}
331044,2024-03-03 09:00:00,20240303T09.nc,236,481.06033,1,146.6271895751953,304.8,0.0,300.0,51.5,37.499996,540655100.0,540655100.0,0.0,51.5,51.5,37.5,37.5,300,300,{300: 481.0603332519531}
2479510,2024-12-12 15:00:00,20241212T15.nc,53,2065.628,3,1259.206785937502,609.600000000001,152.40000000000057,375.0,27.000002,-48.416668,809462500.0,952030900.0,101639270.0,27.0,27.0,-48.5,-48.25,370,380,"{370: 1377.0853271484375, 380: 688.5426635742188}"
1158129,2024-08-02 10:00:00,20240802T10.nc,38,131191.34,188,199935.6078750001,1524.000000000001,431.0522938113196,420.0,25.423822,-84.20812,831004600.0,1519057500.0,260409940.0,24.0,27.5,-85.75,-82.75,400,440,"{400: 4193.5849609375, 410: 1393.5224609375, 420: 24339.158203125, 430: 41169.55078125, 440: 60095.5078125}"
1861366,2024-10-19 09:00:00,20241019T09.nc,533,289.4846,1,88.2349026123047,304.8,0.0,320.0,68.0,-71.24999,566109060.0,566109060.0,0.0,68.0,68.0,-71.25,-71.25,320,320,{320: 289.4845886230469}
631841,2024-04-26 09:00:00,20240426T09.nc,268,323.5275,1,98.61118088378907,304.8,0.0,340.0,65.25,-51.0,697802240.0,697802240.0,0.0,65.25,65.25,-51.0,-51.0,340,340,{340: 323.5274963378906}
2162950,2024-11-15 16:00:00,20241115T16.nc,242,546.43054,1,166.55202919921877,304.8,0.0,270.0,45.0,34.25,796976500.0,796976500.0,0.0,45.0,45.0,34.25,34.25,270,270,{270: 546.4305419921875}
1664107,2024-10-03 03:00:00,20241003T03.nc,422,238.79889,1,72.78590141601562,304.8,0.0,340.0,72.0,-56.999996,509326660.0,509326660.0,0.0,72.0,72.0,-57.0,-57.0,340,340,{340: 238.79888916015625}
2559223,2024-12-19 16:00:00,20241219T16.nc,126,627.1596,1,191.15824819335936,304.8,0.0,320.0,35.75,-42.249996,659832300.0,659832300.0,0.0,35.75,35.75,-42.25,-42.25,320,320,{320: 627.1596069335938}
2608268,2024-12-24 10:00:00,20241224T10.nc,121,567.462,1,172.96241000976562,304.8,0.0,290.0,42.75,28.499996,627410200.0,627410200.0,0.0,42.75,42.75,28.5,28.5,290,290,{290: 567.4619750976562}
1476488,2024-09-18 17:00:00,20240918T17.nc,369,565.1678,1,172.26314106445315,304.8,0.0,330.0,43.0,37.75,502426700.0,502426700.0,0.0,43.0,43.0,37.75,37.75,330,330,{330: 565.1677856445312}
706401,2024-05-09,20240509T00.nc,150,392.21017,1,119.54566120605467,304.8,0.0,330.0,59.5,61.749996,538231700.0,538231700.0,0.0,59.5,59.5,61.75,61.75,330,330,{330: 392.2101745605469}
1614884,2024-09-28 15:00:00,20240928T15.nc,93,696.0321,1,212.15058544921877,304.8,0.0,430.0,25.75,-45.0,792016000.0,792016000.0,0.0,25.75,25.75,-45.0,-45.0,430,430,{430: 696.0321044921875}
1187805,2024-08-07 22:00:00,20240807T22.nc,112,44412.336,94,40610.63998125001,914.4000000000004,248.86815786677104,340.0,52.306347,70.682625,626255000.0,827357060.0,87574490.0,51.75,53.0,69.5,72.25,330,350,"{330: 21738.3046875, 340: 13722.4912109375, 350: 8951.5390625}"
2270890,2024-11-24 22:00:00,20241124T22.nc,46,1283.1892,2,391.1160708984375,304.8,0.0,320.0,33.87482,-1.25,875124100.0,933371460.0,58247330.0,33.75,34.0,-1.25,-1.25,320,320,{320: 1283.189208984375}
1148940,2024-07-31 16:00:00,20240731T16.nc,125,297670.38,694,362919.7211999999,1219.1999999999996,340.7767597709678,325.0,56.238766,26.58021,847418000.0,1952909800.0,244739250.0,53.5,59.5,14.25,31.0,310,340,"{310: 39860.80078125, 320: 89442.1171875, 330: 98859.984375, 340: 69507.4296875}"
732615,2024-05-13 12:00:00,20240513T12.nc,215,5698.168,13,1736.801596875,304.8,0.0,370.0,55.433968,4.981891,1014154000.0,1968981000.0,404243800.0,54.75,56.5,4.75,5.5,370,370,{370: 5698.16796875}
2280650,2024-11-25 16:00:00,20241125T16.nc,368,1211.3129,3,369.2081616210937,304.8,0.0,270.0,58.5,72.25,562491300.0,601121800.0,34588324.0,58.5,58.5,72.0,72.5,270,270,{270: 1211.3128662109375}
1415607,2024-09-13 23:00:00,20240913T23.nc,251,580.99884,1,177.08844653320313,304.8,0.0,360.0,41.25,-85.74999,519923900.0,519923900.0,0.0,41.25,41.25,-85.75,-85.75,360,360,{360: 580.9988403320312}
1313785,2024-09-03 02:00:00,20240903T02.nc,33,701.78534,1,213.90417143554689,304.8,0.0,400.0,24.75,74.74999,578085500.0,578085500.0,0.0,24.75,24.75,74.75,74.75,400,400,{400: 701.7853393554688}
1016215,2024-07-04 04:00:00,20240704T04.nc,69,562.86285,1,171.56059790039063,304.8,0.0,350.0,43.25,-49.25,505043600.0,505043600.0,0.0,43.25,43.25,-49.25,-49.25,350,350,{350: 562.8628540039062}
2438326,2024-12-09 02:00:00,20241209T02.nc,408,398.0057,1,121.31213942871096,304.8,0.0,340.0,58.999996,-25.0,521942300.0,521942300.0,0.0,59.0,59.0,-25.0,-25.0,340,340,{340: 398.0057067871094}
578070,2024-04-17 03:00:00,20240417T03.nc,105,551.17816,1,167.99910366210938,304.8,0.0,350.0,44.5,-83.74999,561206000.0,561206000.0,0.0,44.5,44.5,-83.75,-83.75,350,350,{350: 551.1781616210938}
1228248,2024-08-16 18:00:00,20240816T18.nc,103,512.05255,1,156.07361762695314,304.8,0.0,340.0,48.5,-5.2500005,514662180.0,514662180.0,0.0,48.5,48.5,-5.25,-5.25,340,340,{340: 512.0525512695312}
2240144,2024-11-22 07:00:00,20241122T07.nc,285,514.573,1,156.8418498046875,304.8,0.0,320.0,48.25,40.499996,504374340.0,504374340.0,0.0,48.25,48.25,40.5,40.5,320,320,{320: 514.572998046875}
882070,2024-06-08 15:00:00,20240608T15.nc,362,127188.67,555,193835.5359375001,1524.000000000001,431.0522938113194,320.0,72.73746,6.0399165,625803260.0,991661700.0,106418750.0,71.75,73.75,-1.75,10.25,300,340,"{300: 5757.89306640625, 310: 21313.900390625, 320: 19248.291015625, 330: 37284.11328125, 340: 43584.48046875}"
1235900,2024-08-18 05:00:00,20240818T05.nc,162,905.83545,3,276.098644921875,304.8,0.0,330.0,67.0,66.74999,543449150.0,561488000.0,14210575.0,67.0,67.0,66.5,67.0,330,330,{330: 905.83544921875}
1170454,2024-08-04 12:00:00,20240804T12.nc,140,967.3891,2,294.8601974121094,304.8,0.0,360.0,51.25,18.624998,652011500.0,677413600.0,25402112.0,51.25,51.25,18.5,18.75,360,360,{360: 967.3890991210938}
350341,2024-03-07 01:00:00,20240307T01.nc,142,28101.172,68,8565.2371875,304.8,0.0,270.0,57.6337,-26.266947,1041153200.0,1824329500.0,281987620.0,55.75,59.5,-27.5,-24.5,270,270,{270: 28101.171875}
2051835,2024-11-06 02:00:00,20241106T02.nc,255,1287.9832,3,392.5772654296875,304.8,0.0,300.0,56.25,-56.749996,651821250.0,690803200.0,27823390.0,56.25,56.25,-57.0,-56.5,300,300,{300: 1287.983154296875}
2523132,2024-12-16 13:00:00,20241216T13.nc,28,713.94586,1,217.61069868164063,304.8,0.0,370.0,22.5,-24.499998,534550200.0,534550200.0,0.0,22.5,22.5,-24.5,-24.5,370,370,{370: 713.9458618164062}
637574,2024-04-27 09:00:00,20240427T09.nc,206,719.62537,2,219.3418116210937,304.8,0.0,350.0,62.25,-32.624996,507840640.0,513768060.0,5927424.0,62.25,62.25,-32.75,-32.5,350,350,{350: 719.6253662109375}
686536,2024-05-05 16:00:00,20240505T16.nc,260,4613.19,12,1406.100294140625,304.8,0.0,270.0,60.164658,71.79013,1886359700.0,2371213000.0,300351360.0,59.75,60.5,71.25,72.25,270,270,{270: 4613.18994140625}
2114688,2024-11-11 13:00:00,20241111T13.nc,162,16738.365,28,20407.414893749992,1219.1999999999996,340.7767597709678,325.0,39.318558,6.801709,663083840.0,938919550.0,126430480.0,38.75,40.0,6.0,7.5,310,340,"{310: 1201.109375, 320: 5984.14453125, 330: 7766.4892578125, 340: 1786.62255859375}"
2186815,2024-11-17 18:00:00,20241117T18.nc,594,216.24335,1,65.91097221679688,304.8,0.0,320.0,73.75,-89.49999,973725800.0,973725800.0,0.0,73.75,73.75,-89.5,-89.5,320,320,{320: 216.24334716796875}
1625709,2024-09-29 12:00:00,20240929T12.nc,303,426.52005,1,130.00331125488282,304.8,0.0,330.0,56.5,26.75,501177660.0,501177660.0,0.0,56.5,56.5,26.75,26.75,330,330,{330: 426.5200500488281}
857426,2024-06-04 20:00:00,20240604T20.nc,253,6193.182,22,3775.363825781245,609.5999999999992,152.39999999999964,275.0,68.635666,-61.985527,636342500.0,854216900.0,90691890.0,68.5,68.75,-63.25,-60.25,270,280,"{270: 4232.61474609375, 280: 1960.5673828125}"
941115,2024-06-18 18:00:00,20240618T18.nc,12,1444.0864,2,440.157542578125,304.8,0.0,430.0,20.874895,-76.75,1827772700.0,2293441000.0,465668350.0,20.75,21.0,-76.75,-76.75,430,430,{430: 1444.08642578125}
1052586,2024-07-11 15:00:00,20240711T15.nc,84,7083.5366,16,2159.061962109375,304.8,0.0,330.0,55.04566,77.89137,586385900.0,699447940.0,55099270.0,54.75,55.5,77.25,78.5,330,330,{330: 7083.53662109375}
774276,2024-05-20 18:00:00,20240520T18.nc,320,323.5275,1,98.61118088378907,304.8,0.0,280.0,65.25,-72.74999,662885500.0,662885500.0,0.0,65.25,65.25,-72.75,-72.75,280,280,{280: 323.5274963378906}
2578669,2024-12-21 12:00:00,20241221T12.nc,241,555.88385,1,169.43339750976563,304.8,0.0,300.0,44.0,32.749996,1085980400.0,1085980400.0,0.0,44.0,44.0,32.75,32.75,300,300,{300: 555.8838500976562}
1488693,2024-09-19 15:00:00,20240919T15.nc,285,85303.16,139,182002.8141750001,2133.6000000000013,609.6000000000001,400.0,37.419548,-63.71325,1094585100.0,2076410000.0,355030080.0,36.5,38.25,-65.25,-62.25,370,430,"{370: 617.1611938476562, 380: 9245.0654296875, 390: 14149.4306640625, 400: 18420.70703125, 410: 20245.27734375, 420: 17140.86328125, 430: 5484.6611328125}"
1735442,2024-10-09 08:00:00,20241009T08.nc,350,470.43225,1,143.38775009765624,304.8,0.0,350.0,52.5,-38.5,577440640.0,577440640.0,0.0,52.5,52.5,-38.5,-38.5,350,350,{350: 470.4322509765625}
2441576,2024-12-09 08:00:00,20241209T08.nc,339,514.573,1,156.8418498046875,304.8,0.0,300.0,48.25,21.249998,838108000.0,838108000.0,0.0,48.25,48.25,21.25,21.25,300,300,{300: 514.572998046875}
329321,2024-03-03 03:00:00,20240303T03.nc,196,813.2841,2,247.8889993652344,304.8,0.0,380.0,58.25,42.624996,526819650.0,545662400.0,18842736.0,58.25,58.25,42.5,42.75,380,380,{380: 813.2841186523438}
2459387,2024-12-10 18:00:00,20241210T18.nc,87,1350.1177,2,411.515867578125,304.8,0.0,370.0,29.124846,-49.25,1461422500.0,1493507600.0,32085120.0,29.0,29.25,-49.25,-49.25,370,370,{370: 1350.11767578125}
879865,2024-06-08 08:00:00,20240608T08.nc,208,372537.62,915,681296.8086,1828.8,520.5450989107476,335.0,58.163044,86.110634,1005616450.0,1988853200.0,361108830.0,55.5,60.5,82.0,89.5,310,360,"{310: 14863.7861328125, 320: 58273.99609375, 330: 89473.703125, 340: 99855.09375, 350: 82944.578125, 360: 27126.455078125}"
2424653,2024-12-07 22:00:00,20241207T22.nc,395,432.1272,1,131.71236972656249,304.8,0.0,310.0,56.0,-43.999996,541763300.0,541763300.0,0.0,56.0,56.0,-44.0,-44.0,310,310,{310: 432.127197265625}
1733538,2024-10-09 04:00:00,20241009T04.nc,409,3589.1562,12,1093.974825,304.8,0.0,280.0,67.22811,-86.396996,744252350.0,889861000.0,102223304.0,67.0,67.5,-87.25,-85.75,280,280,{280: 3589.15625}
810477,2024-05-27,20240527T00.nc,193,5240.3706,37,1597.264960546875,304.8,0.0,270.0,79.435905,85.92792,524797950.0,546857860.0,10237987.0,79.25,79.75,83.75,87.75,270,270,{270: 5240.37060546875}
423332,2024-03-19 19:00:00,20240319T19.nc,74,615.12604,1,187.4904162597656,304.8,0.0,350.0,37.25,-59.499996,588859260.0,588859260.0,0.0,37.25,37.25,-59.5,-59.5,350,350,{350: 615.1260375976562}
1427385,2024-09-14 21:00:00,20240914T21.nc,415,359.81268,1,109.67090581054688,304.8,0.0,330.0,62.25,-71.0,716860400.0,716860400.0,0.0,62.25,62.25,-71.0,-71.0,330,330,{330: 359.81268310546875}
1200235,2024-08-10 14:00:00,20240810T14.nc,66,3594.806,6,2191.3936816406285,609.600000000001,152.40000000000057,405.0,39.166172,-53.04132,537671360.0,560896100.0,18318304.0,39.0,39.5,-53.25,-52.75,400,410,"{400: 2994.251220703125, 410: 600.5546875}"
2287861,2024-11-26 08:00:00,20241126T08.nc,122,649.92926,1,198.09843852539063,304.8,0.0,330.0,32.75,-8.25,555802200.0,555802200.0,0.0,32.75,32.75,-8.25,-8.25,330,330,{330: 649.9292602539062}
199007,2024-02-08 05:00:00,20240208T05.nc,34,1955.2415,3,595.9575955078126,304.8,0.0,370.0,32.5,32.499996,846307650.0,858362600.0,8851785.0,32.5,32.5,32.25,32.75,370,370,{370: 1955.241455078125}
266562,2024-02-19 17:00:00,20240219T17.nc,138,446.00015,1,135.9408465087891,304.8,0.0,280.0,54.75,-50.499996,584779800.0,584779800.0,0.0,54.75,54.75,-50.5,-50.5,280,280,{280: 446.0001525878906}
2242662,2024-11-22 13:00:00,20241122T13.nc,96,613.0792,1,186.86654736328128,304.8,0.0,350.0,37.5,-17.499998,615482700.0,615482700.0,0.0,37.5,37.5,-17.5,-17.5,350,350,{350: 613.0792236328125}
937958,2024-06-18 05:00:00,20240618T05.nc,156,54144.156,128,33006.277650000055,609.600000000001,152.40000000000057,355.0,56.802364,-24.034824,800167200.0,1615022000.0,252117710.0,55.5,57.75,-25.75,-22.5,350,360,"{350: 40648.1015625, 360: 13496.05859375}"
1916905,2024-10-23 19:00:00,20241023T19.nc,271,517.0837,1,157.60710541992188,304.8,0.0,300.0,48.0,89.24999,639276000.0,639276000.0,0.0,48.0,48.0,89.25,89.25,300,300,{300: 517.0836791992188}
869164,2024-06-06 15:00:00,20240606T15.nc,47,287430.0,429,350434.6559999999,1219.1999999999996,340.77675977096794,425.0,29.806555,-27.053886,1146143400.0,3404971300.0,507898460.0,26.5,35.75,-30.5,-23.75,410,440,"{410: 2011.072998046875, 420: 63471.5078125, 430: 111175.1796875, 440: 110772.234375}"
1430838,2024-09-15 04:00:00,20240915T04.nc,114,679.12305,1,206.9967046875,304.8,0.0,360.0,28.500002,-26.249998,536873540.0,536873540.0,0.0,28.5,28.5,-26.25,-26.25,360,360,{360: 679.123046875}
2326393,2024-11-29 07:00:00,20241129T07.nc,255,529.4885,1,161.3881025390625,304.8,0.0,320.0,46.75,54.749996,859887900.0,859887900.0,0.0,46.75,46.75,54.75,54.75,320,320,{320: 529.488525390625}
291817,2024-02-25 07:00:00,20240225T07.nc,42,596.2879,1,181.74855278320317,304.8,0.0,340.0,39.5,-56.499996,510873200.0,510873200.0,0.0,39.5,39.5,-56.5,-56.5,340,340,{340: 596.2879028320312}
1236097,2024-08-18 06:00:00,20240818T06.nc,179,344.808,1,105.09748264160156,304.8,0.0,290.0,63.5,-49.749996,520749730.0,520749730.0,0.0,63.5,63.5,-49.75,-49.75,290,290,{290: 344.8080139160156}
2300220,2024-11-27 07:00:00,20241127T07.nc,486,1061.4929,3,323.5430419921875,304.8,0.0,300.0,62.750008,46.25,513373020.0,518543580.0,4615418.5,62.75,62.75,46.0,46.5,300,300,{300: 1061.492919921875}
1598484,2024-09-27 12:00:00,20240927T12.nc,90,67780.53,99,103297.52962500004,1524.000000000001,431.0522938113196,370.0,27.609274,-3.4070776,721327400.0,1524102100.0,205943060.0,26.25,29.25,-4.25,-2.5,350,390,"{350: 2071.711669921875, 360: 9574.689453125, 370: 33549.15234375, 380: 21901.07421875, 390: 683.8914184570312}"
1322772,2024-09-04 17:00:00,20240904T17.nc,63,1285.0686,2,391.68891035156247,304.8,0.0,380.0,33.75,-74.37499,530009150.0,553585660.0,23576496.0,33.75,33.75,-74.5,-74.25,380,380,{380: 1285.068603515625}
1390936,2024-09-12 07:00:00,20240912T07.nc,561,643.9898,2,196.28809321289063,304.8,0.0,350.0,65.37441,48.749996,896540800.0,1165611900.0,269071140.0,65.25,65.5,48.75,48.75,350,350,{350: 643.9898071289062}
553735,2024-04-11 22:00:00,20240411T22.nc,55,975802.25,1599,2379396.2064000005,2438.4000000000005,698.3845359112701,375.0,37.720707,-70.73736,721165700.0,1763159800.0,205625870.0,34.5,41.75,-77.25,-62.5,340,410,"{340: 5852.0029296875, 350: 73264.7109375, 360: 97063.453125, 370: 235923.890625, 380: 265666.6875, 390: 116497.671875, 400: 124507.3046875, 410: 57026.546875}"
982769,2024-06-26 20:00:00,20240626T20.nc,197,481.06033,1,146.6271895751953,304.8,0.0,340.0,51.5,-45.0,502133860.0,502133860.0,0.0,51.5,51.5,-45.0,-45.0,340,340,{340: 481.0603332519531}
1041318,2024-07-09 02:00:00,20240709T02.nc,75,524.5565,1,159.88482685546876,304.8,0.0,360.0,47.25,17.499998,651529800.0,651529800.0,0.0,47.25,47.25,17.5,17.5,360,360,{360: 524.5565185546875}
845651,2024-06-02 19:00:00,20240602T19.nc,94,1179.6055,2,359.543746875,304.8,0.0,330.0,40.25,66.62499,524217660.0,533425920.0,9208272.0,40.25,40.25,66.5,66.75,330,330,{330: 1179.60546875}
1741735,2024-10-09 20:00:00,20241009T20.nc,164,615.12604,1,187.4904162597656,304.8,0.0,360.0,37.25,-18.0,1157239200.0,1157239200.0,0.0,37.25,37.25,-18.0,-18.0,360,360,{360: 615.1260375976562}
1807498,2024-10-15,20241015T00.nc,121,35572.547,58,32527.53686250001,914.4000000000004,248.86815786677104,370.0,37.46882,34.366177,768370560.0,1453638100.0,228262770.0,37.0,38.0,33.25,35.5,360,380,"{360: 6743.81298828125, 370: 15935.7578125, 380: 12892.98046875}"
2105742,2024-11-10 17:00:00,20241110T17.nc,390,383.46094,1,116.87889375,304.8,0.0,320.0,60.25,-36.999996,575799700.0,575799700.0,0.0,60.25,60.25,-37.0,-37.0,320,320,{320: 383.4609375}
1324688,2024-09-05 02:00:00,20240905T02.nc,43,64496.63,93,98292.86245312504,1524.000000000001,431.0522938113194,390.0,26.157711,-66.336205,1033048800.0,2060742500.0,418837570.0,25.0,28.25,-67.0,-65.75,370,410,"{370: 10296.58203125, 380: 12427.892578125, 390: 13222.8212890625, 400: 18789.103515625, 410: 9760.2255859375}"
1219233,2024-08-14 23:00:00,20240814T23.nc,62,664.12305,1,202.4247046875,304.8,0.0,440.0,30.75,74.24999,532986300.0,532986300.0,0.0,30.75,30.75,74.25,74.25,440,440,{440: 664.123046875}
2514608,2024-12-15 20:00:00,20241215T20.nc,385,5161.3574,11,3146.363484374996,609.5999999999992,152.39999999999964,295.0,52.613277,0.84166497,640810900.0,746394750.0,65566332.0,52.5,52.75,0.0,1.5,290,300,"{290: 470.4322509765625, 300: 4690.92529296875}"
15245,2024-01-04 05:00:00,20240104T05.nc,106,536.8108,1,163.61992910156252,304.8,0.0,350.0,46.0,59.499996,785489900.0,785489900.0,0.0,46.0,46.0,59.5,59.5,350,350,{350: 536.810791015625}
2407638,2024-12-06 07:00:00,20241206T07.nc,264,560.5471,1,170.85476191406252,304.8,0.0,290.0,43.5,47.249996,1548846700.0,1548846700.0,0.0,43.5,43.5,47.25,47.25,290,290,{290: 560.547119140625}
23661,2024-01-06,20240106T00.nc,76,82397.49,145,150688.5337125,1828.8,520.5450989107476,335.0,42.656002,78.25682,657271900.0,1115195900.0,154712080.0,41.25,43.5,75.75,81.0,310,360,"{310: 6244.33349609375, 320: 13044.60546875, 330: 7896.1494140625, 340: 11321.560546875, 350: 21671.82421875, 360: 22219.03125}"
2071866,2024-11-07 16:00:00,20241107T16.nc,520,389.3012,1,118.65900834960938,304.8,0.0,280.0,59.750004,-62.74999,587376300.0,587376300.0,0.0,59.75,59.75,-62.75,-62.75,280,280,{280: 389.30120849609375}
1656062,2024-10-02 08:00:00,20241002T08.nc,134,1660.6089,3,1518.4607660156223,914.3999999999984,248.8681578667703,320.0,44.25,-77.49999,779669500.0,862901300.0,101809416.0,44.25,44.25,-77.5,-77.5,310,330,"{310: 553.5363159179688, 320: 553.5363159179688, 330: 553.5363159179688}"
1994885,2024-10-31 17:00:00,20241031T17.nc,139,633.0157,1,192.94318110351568,304.8,0.0,360.0,35.0,-24.749998,536509280.0,536509280.0,0.0,35.0,35.0,-24.75,-24.75,360,360,{360: 633.0156860351562}
2564373,2024-12-20 03:00:00,20241220T03.nc,271,1588.4554,3,484.16121943359377,304.8,0.0,270.0,46.749226,12.000001,560061800.0,583538050.0,19098542.0,46.5,47.0,12.0,12.0,270,270,{270: 1588.4554443359375}
410030,2024-03-17 13:00:00,20240317T13.nc,175,96596.28,204,88327.63957500004,914.4000000000004,248.86815786677104,280.0,52.207745,-68.787544,771613250.0,1182954800.0,158541120.0,51.5,52.75,-71.5,-65.5,270,290,"{270: 29366.4375, 280: 49730.48828125, 290: 17499.353515625}"
790062,2024-05-23 14:00:00,20240523T14.nc,51,1331.6814,2,405.8964896484375,304.8,0.0,380.0,30.499998,-46.875,673311800.0,736375000.0,63063170.0,30.5,30.5,-47.0,-46.75,380,380,{380: 1331.681396484375}
1415359,2024-09-13 22:00:00,20240913T22.nc,541,190.21973,1,57.97897265625,304.8,0.0,300.0,75.75,28.249998,597936600.0,597936600.0,0.0,75.75,75.75,28.25,28.25,300,300,{300: 190.2197265625}
95289,2024-01-19 05:00:00,20240119T05.nc,34,644.40155,1,196.4135925292969,304.8,0.0,330.0,33.5,5.9999995,503185280.0,503185280.0,0.0,33.5,33.5,6.0,6.0,330,330,{330: 644.4015502929688}
1969668,2024-10-28 22:00:00,20241028T22.nc,221,94254.61,179,114915.21974999996,1219.1999999999996,340.77675977096794,285.0,47.02047,80.263664,619290560.0,976543200.0,102022800.0,45.25,49.0,77.0,84.0,270,300,"{270: 2674.331298828125, 280: 38995.0625, 290: 45366.1796875, 300: 7219.0380859375}"
893231,2024-06-10 11:00:00,20240610T11.nc,82,7064.5283,12,4306.536464062494,609.5999999999992,152.39999999999964,345.0,40.374763,76.24976,625735230.0,808037000.0,94426380.0,40.25,40.5,75.75,76.75,340,350,"{340: 2942.4609375, 350: 4122.06689453125}"
284197,2024-02-23 18:00:00,20240223T18.nc,29,625.18365,1,190.55597797851564,304.8,0.0,360.0,36.0,-50.499996,504170050.0,504170050.0,0.0,36.0,36.0,-50.5,-50.5,360,360,{360: 625.1836547851562}
2371909,2024-12-02 18:00:00,20241202T18.nc,227,1536.1577,3,468.22087148437504,304.8,0.0,280.0,48.5,-42.249996,769480100.0,893095400.0,141900590.0,48.5,48.5,-42.5,-42.0,280,280,{280: 1536.15771484375}
629113,2024-04-25 20:00:00,20240425T20.nc,169,203.2625,1,61.95440906982422,304.8,0.0,270.0,74.75,-30.0,535348740.0,535348740.0,0.0,74.75,74.75,-30.0,-30.0,270,270,{270: 203.2624969482422}
518680,2024-04-05 19:00:00,20240405T19.nc,231,915.1382,3,278.93411835937496,304.8,0.0,300.0,66.75,-69.75,618053900.0,672424000.0,56796224.0,66.75,66.75,-70.0,-69.5,300,300,{300: 915.13818359375}
224267,2024-02-12 10:00:00,20240212T10.nc,173,529.4885,1,161.3881025390625,304.8,0.0,310.0,46.75,27.749998,528572670.0,528572670.0,0.0,46.75,46.75,27.75,27.75,310,310,{310: 529.488525390625}
1794900,2024-10-14,20241014T00.nc,70,2823.84,4,2582.1193763671886,914.4000000000004,248.86815786677104,420.0,24.0,73.18749,605994200.0,648639550.0,58128548.0,24.0,24.0,73.0,73.25,410,430,"{410: 705.9600219726562, 420: 705.9600219726562, 430: 1411.9200439453125}"
640323,2024-04-27 19:00:00,20240427T19.nc,17,703.1903,1,214.33240576171875,304.8,0.0,390.0,24.5,-53.749996,601541300.0,601541300.0,0.0,24.5,24.5,-53.75,-53.75,390,390,{390: 703.1903076171875}
2152456,2024-11-14 20:00:00,20241114T20.nc,335,892.0003,2,271.8816930175782,304.8,0.0,310.0,54.75,-46.375,546178050.0,552695500.0,6517408.0,54.75,54.75,-46.5,-46.25,310,310,{310: 892.0003051757812}
1335045,2024-09-06 23:00:00,20240906T23.nc,124,42164.29,80,64258.37653125003,1524.000000000001,431.0522938113196,360.0,46.99578,-39.431732,646270850.0,1025804900.0,126028940.0,46.75,47.5,-41.5,-37.5,340,380,"{340: 9988.7314453125, 350: 15798.3291015625, 360: 5282.57958984375, 370: 5285.041015625, 380: 5809.60693359375}"
2486050,2024-12-13 08:00:00,20241213T08.nc,231,529.4885,1,161.3881025390625,304.8,0.0,290.0,46.75,61.499996,649211600.0,649211600.0,0.0,46.75,46.75,61.5,61.5,290,290,{290: 529.488525390625}
171117,2024-02-02 12:00:00,20240202T12.nc,20,1392.0642,2,424.3011708984375,304.8,0.0,390.0,25.75,-38.624996,1018515600.0,1103235600.0,84720000.0,25.75,25.75,-38.75,-38.5,390,390,{390: 1392.064208984375}
1526768,2024-09-22 08:00:00,20240922T08.nc,523,4056.273,15,2472.7039898437465,609.5999999999992,152.39999999999964,295.0,69.51569,50.569443,560253760.0,668951300.0,44078396.0,69.25,69.75,49.5,51.75,290,300,"{290: 2441.977783203125, 300: 1614.294921875}"
1286218,2024-08-28 23:00:00,20240828T23.nc,52,642.5343,1,195.84445517578123,304.8,0.0,370.0,33.75,-38.749996,545403140.0,545403140.0,0.0,33.75,33.75,-38.75,-38.75,370,370,{370: 642.5343017578125}
656294,2024-04-30 13:00:00,20240430T13.nc,241,2177.3672,5,663.66151875,304.8,0.0,320.0,55.6991,-5.6001916,942395900.0,1101027500.0,133068216.0,55.5,56.0,-5.75,-5.5,320,320,{320: 2177.3671875}
1456786,2024-09-17 03:00:00,20240917T03.nc,349,415.2087,1,126.5556147216797,304.8,0.0,330.0,57.499996,-23.249998,502853400.0,502853400.0,0.0,57.5,57.5,-23.25,-23.25,330,330,{330: 415.2087097167969}
701845,2024-05-08 06:00:00,20240508T06.nc,170,4058.3796,8,1236.9941138671877,304.8,0.0,340.0,48.967987,17.03107,580876540.0,684495200.0,52035080.0,48.75,49.25,16.75,17.25,340,340,{340: 4058.379638671875}
306619,2024-02-28 03:00:00,20240228T03.nc,152,395.1117,1,120.43004443359376,304.8,0.0,330.0,59.25,57.749996,503255070.0,503255070.0,0.0,59.25,59.25,57.75,57.75,330,330,{330: 395.1116943359375}
1226059,2024-08-16 08:00:00,20240816T08.nc,188,778.6024,2,237.3180166992188,304.8,0.0,330.0,59.750004,-74.87499,512009100.0,516342270.0,4333184.0,59.75,59.75,-75.0,-74.75,330,330,{330: 778.6024169921875}
1018086,2024-07-04 14:00:00,20240704T14.nc,96,2147.233,4,654.476591015625,304.8,0.0,360.0,45.999435,-16.375282,549359170.0,589414500.0,29425766.0,45.75,46.25,-16.5,-16.25,360,360,{360: 2147.23291015625}
1343512,2024-09-08 15:00:00,20240908T15.nc,52,2494.771,4,1520.8123992187525,609.600000000001,152.40000000000057,375.0,36.187347,-34.31245,583960770.0,694114940.0,72487256.0,36.0,36.25,-34.5,-34.25,370,380,"{370: 1871.5751953125, 380: 623.1957397460938}"
1967231,2024-10-28 16:00:00,20241028T16.nc,142,694.5606,1,211.70207329101564,304.8,0.0,380.0,26.0,-46.749996,584675300.0,584675300.0,0.0,26.0,26.0,-46.75,-46.75,380,380,{380: 694.5606079101562}
271369,2024-02-20 20:00:00,20240220T20.nc,130,3389.5525,11,1033.1355990234376,304.8,0.0,270.0,66.50001,-27.5,556785100.0,599386900.0,33625772.0,66.5,66.5,-28.75,-26.25,270,270,{270: 3389.552490234375}
996367,2024-06-29 19:00:00,20240629T19.nc,127,295472.1,526,450299.4708750002,1524.000000000001,431.0522938113194,390.0,43.34865,-80.033875,1075668500.0,2738262300.0,455638240.0,41.0,45.25,-82.75,-76.5,370,410,"{370: 12283.0771484375, 380: 76234.421875, 390: 98324.046875, 400: 79002.7109375, 410: 29627.8203125}"
1428168,2024-09-14 23:00:00,20240914T23.nc,68,703.1903,1,214.33240576171875,304.8,0.0,400.0,24.5,86.99999,569519500.0,569519500.0,0.0,24.5,24.5,87.0,87.0,400,400,{400: 703.1903076171875}
2042776,2024-11-05 07:00:00,20241105T07.nc,328,488.93536,1,149.02749887695313,304.8,0.0,310.0,50.749996,86.99999,509408700.0,509408700.0,0.0,50.75,50.75,87.0,87.0,310,310,{310: 488.93536376953125}
2117764,2024-11-11 19:00:00,20241111T19.nc,316,86859.25,195,105898.79759999996,1219.1999999999996,340.77675977096794,285.0,54.74342,12.153023,788173600.0,1329647000.0,197548240.0,50.75,56.5,11.25,14.0,270,300,"{270: 9245.9404296875, 280: 43352.77734375, 290: 25495.73828125, 300: 8764.802734375}"
1555764,2024-09-24 16:00:00,20240924T16.nc,246,1058.977,2,322.776205078125,304.8,0.0,370.0,46.75,-18.625,528693950.0,533063580.0,4369616.0,46.75,46.75,-18.75,-18.5,370,370,{370: 1058.97705078125}
2402636,2024-12-05 20:00:00,20241205T20.nc,218,1088.0822,2,331.6474403320313,304.8,0.0,290.0,45.25,20.125,644901760.0,746424100.0,101522340.0,45.25,45.25,20.0,20.25,290,290,{290: 1088.0821533203125}
1969289,2024-10-28 21:00:00,20241028T21.nc,217,1095.2402,2,333.8292234375,304.8,0.0,360.0,44.874725,-39.749996,537536300.0,565160770.0,27624448.0,44.75,45.0,-39.75,-39.75,360,360,{360: 1095.240234375}
2419124,2024-12-07 09:00:00,20241207T09.nc,479,335.72604,1,102.3292981201172,304.8,0.0,300.0,64.25,-63.999996,1827919900.0,1827919900.0,0.0,64.25,64.25,-64.0,-64.0,300,300,{300: 335.7260437011719}
358060,2024-03-08 11:00:00,20240308T11.nc,178,19358.557,44,23601.95225624999,1219.1999999999996,340.7767597709678,315.0,55.29357,-3.340298,675099400.0,933225800.0,119223710.0,54.75,55.75,-3.75,-2.75,300,330,"{300: 2628.974853515625, 310: 6595.9931640625, 320: 7925.677734375, 330: 2207.9130859375}"
2538784,2024-12-17 21:00:00,20241217T21.nc,250,491.5418,1,149.82194340820314,304.8,0.0,280.0,50.5,-71.49999,696526200.0,696526200.0,0.0,50.5,50.5,-71.5,-71.5,280,280,{280: 491.54180908203125}
1623741,2024-09-29 08:00:00,20240929T08.nc,349,725.5867,2,221.1588169921875,304.8,0.0,300.0,62.000004,79.375,573289150.0,615084000.0,41794880.0,62.0,62.0,79.25,79.5,300,300,{300: 725.586669921875}
385653,2024-03-13 07:00:00,20240313T07.nc,112,546.43054,1,166.55202919921877,304.8,0.0,360.0,45.0,78.25,630142100.0,630142100.0,0.0,45.0,45.0,78.25,78.25,360,360,{360: 546.4305419921875}
2199125,2024-11-18 18:00:00,20241118T18.nc,137,625.18365,1,190.55597797851564,304.8,0.0,310.0,36.0,-13.25,645118340.0,645118340.0,0.0,36.0,36.0,-13.25,-13.25,310,310,{310: 625.1836547851562}
1222920,2024-08-15 18:00:00,20240815T18.nc,169,353.831,1,107.84768686523438,304.8,0.0,320.0,62.75,8.499999,540807040.0,540807040.0,0.0,62.75,62.75,8.5,8.5,320,320,{320: 353.83099365234375}
93498,2024-01-18 20:00:00,20240118T20.nc,8,16292.429,23,4965.93227109375,304.8,0.0,350.0,23.553146,10.740721,575800700.0,684444300.0,45775000.0,23.0,24.25,9.75,11.75,350,350,{350: 16292.4287109375}
822195,2024-05-29 05:00:00,20240529T05.nc,109,478.4169,1,145.82147131347656,304.8,0.0,350.0,51.75,-42.999996,522827550.0,522827550.0,0.0,51.75,51.75,-43.0,-43.0,350,350,{350: 478.4169006347656}
2489662,2024-12-13 16:00:00,20241213T16.nc,414,320.4623,1,97.67691232910155,304.8,0.0,290.0,65.5,-69.75,580856770.0,580856770.0,0.0,65.5,65.5,-69.75,-69.75,290,290,{290: 320.4623107910156}
2286694,2024-11-26 05:00:00,20241126T05.nc,307,92339.3,218,112580.07074999996,1219.1999999999996,340.77675977096794,285.0,56.75497,-12.499311,871839600.0,1503741600.0,238601970.0,55.75,57.75,-15.0,-8.75,270,300,"{270: 25489.1796875, 280: 25418.44140625, 290: 22006.634765625, 300: 19425.064453125}"
580521,2024-04-17 12:00:00,20240417T12.nc,187,440.47607,1,134.257107421875,304.8,0.0,320.0,55.25,34.25,590314400.0,590314400.0,0.0,55.25,55.25,34.25,34.25,320,320,{320: 440.47607421875}
2446586,2024-12-09 18:00:00,20241209T18.nc,115,2635.5771,4,803.3239148437501,304.8,0.0,330.0,31.5,9.875001,647210500.0,707604100.0,61864308.0,31.5,31.5,9.5,10.25,330,330,{330: 2635.5771484375}
2411791,2024-12-06 16:00:00,20241206T16.nc,366,286.35544,1,87.28113757324219,304.8,0.0,270.0,68.25,1.5,1182036500.0,1182036500.0,0.0,68.25,68.25,1.5,1.5,270,270,{270: 286.3554382324219}
880888,2024-06-08 12:00:00,20240608T12.nc,132,1736.3104,3,1587.6822524414067,914.4000000000004,248.86815786677104,370.0,41.5,-22.25,735426050.0,813844200.0,108593416.0,41.5,41.5,-22.25,-22.25,360,380,"{360: 578.7701416015625, 370: 578.7701416015625, 380: 578.7701416015625}"
2548571,2024-12-18 18:00:00,20241218T18.nc,298,1598.259,3,487.1493533203125,304.8,0.0,330.0,46.41641,34.91679,1047192060.0,1480999200.0,321813060.0,46.25,46.5,34.75,35.0,330,330,{330: 1598.259033203125}
1077636,2024-07-17 07:00:00,20240717T07.nc,138,4379.7725,10,1334.9546460937502,304.8,0.0,330.0,55.47422,-9.126029,525761020.0,549482940.0,14784915.0,55.25,55.75,-9.75,-8.5,330,330,{330: 4379.7724609375}
555268,2024-04-12 05:00:00,20240412T05.nc,98,574.2796,1,175.04042270507813,304.8,0.0,340.0,42.0,-80.24999,569745700.0,569745700.0,0.0,42.0,42.0,-80.25,-80.25,340,340,{340: 574.2796020507812}
569615,2024-04-15 15:00:00,20240415T15.nc,242,4581.7905,13,2793.0595054687547,609.600000000001,152.40000000000057,285.0,62.86453,-65.44437,536992900.0,574978750.0,25057644.0,62.5,63.0,-66.25,-64.5,280,290,"{280: 701.6600952148438, 290: 3880.13037109375}"
2197665,2024-11-18 15:00:00,20241118T15.nc,87,672.5843,1,205.00369145507813,304.8,0.0,330.0,29.5,-10.0,594680640.0,594680640.0,0.0,29.5,29.5,-10.0,-10.0,330,330,{330: 672.5842895507812}
1082066,2024-07-18 07:00:00,20240718T07.nc,41,687.0053,1,209.39921850585935,304.8,0.0,380.0,27.25,-85.49999,794508860.0,794508860.0,0.0,27.25,27.25,-85.5,-85.5,380,380,{380: 687.0053100585938}
1404084,2024-09-13 04:00:00,20240913T04.nc,368,1219.9261,3,371.8334897460937,304.8,0.0,340.0,58.250004,-23.499998,518836220.0,541879550.0,16836708.0,58.25,58.25,-23.75,-23.25,340,340,{340: 1219.9261474609375}
2345231,2024-11-30 15:00:00,20241130T15.nc,404,12391.949,25,15108.264487500015,1219.2000000000014,340.77675977096834,365.0,50.095932,8.627403,656043840.0,842731900.0,98180780.0,49.25,50.75,8.0,9.25,350,380,"{350: 491.54180908203125, 360: 5443.16943359375, 370: 5963.099609375, 380: 494.138916015625}"
1638220,2024-09-30 15:00:00,20240930T15.nc,220,1029.146,2,313.683699609375,304.8,0.0,340.0,48.25,-43.124996,966681860.0,977555460.0,10873568.0,48.25,48.25,-43.25,-43.0,340,340,{340: 1029.14599609375}
1016903,2024-07-04 07:00:00,20240704T07.nc,211,451.87198,2,137.73057912597656,304.8,0.0,330.0,73.00001,-15.624999,512829860.0,515299200.0,2469344.0,73.0,73.0,-15.75,-15.5,330,330,{330: 451.8719787597656}
310349,2024-02-28 21:00:00,20240228T21.nc,135,454.2225,1,138.44701911621095,304.8,0.0,370.0,54.0,76.75,502593180.0,502593180.0,0.0,54.0,54.0,76.75,76.75,370,370,{370: 454.2225036621094}
2379308,2024-12-03 13:00:00,20241203T13.nc,300,509.5223,1,155.30239958496094,304.8,0.0,280.0,48.75,7.749999,503172380.0,503172380.0,0.0,48.75,48.75,7.75,7.75,280,280,{280: 509.5223083496094}
1001267,2024-06-30 19:00:00,20240630T19.nc,84,615.12604,1,187.4904162597656,304.8,0.0,430.0,37.25,-75.75,1447755600.0,1447755600.0,0.0,37.25,37.25,-75.75,-75.75,430,430,{430: 615.1260375976562}
990140,2024-06-28 11:00:00,20240628T11.nc,176,585.2162,2,178.37389365234375,304.8,0.0,300.0,67.75,-39.625,503184830.0,504169730.0,984880.0,67.75,67.75,-39.75,-39.5,300,300,{300: 585.2161865234375}
731102,2024-05-13 06:00:00,20240513T06.nc,184,398.0057,1,121.31213942871096,304.8,0.0,320.0,58.999996,69.5,638718500.0,638718500.0,0.0,59.0,59.0,69.5,69.5,320,320,{320: 398.0057067871094}
747384,2024-05-16 05:00:00,20240516T05.nc,91,562.86285,1,171.56059790039063,304.8,0.0,360.0,43.25,76.24999,544555970.0,544555970.0,0.0,43.25,43.25,76.25,76.25,360,360,{360: 562.8628540039062}
1551424,2024-09-24 07:00:00,20240924T07.nc,196,583.21655,1,177.7644052734375,304.8,0.0,340.0,41.0,-66.25,512874300.0,512874300.0,0.0,41.0,41.0,-66.25,-66.25,340,340,{340: 583.216552734375}
2528170,2024-12-16 23:00:00,20241216T23.nc,184,1148.5592,2,700.1616908203138,609.600000000001,152.40000000000057,305.0,42.0,-36.25,869843460.0,944455900.0,74612380.0,42.0,42.0,-36.25,-36.25,300,310,"{300: 574.2796020507812, 310: 574.2796020507812}"
2673347,2024-12-29 22:00:00,20241229T22.nc,115,634.94366,1,193.5308289550781,304.8,0.0,330.0,34.75,-36.999996,545998140.0,545998140.0,0.0,34.75,34.75,-37.0,-37.0,330,330,{330: 634.9436645507812}
597034,2024-04-20 11:00:00,20240420T11.nc,171,475.7644,1,145.0129904296875,304.8,0.0,270.0,52.000004,13.750001,579169340.0,579169340.0,0.0,52.0,52.0,13.75,13.75,270,270,{270: 475.764404296875}
446917,2024-03-24 06:00:00,20240324T06.nc,164,501.87363,1,152.97108142089843,304.8,0.0,290.0,49.5,-38.749996,556005600.0,556005600.0,0.0,49.5,49.5,-38.75,-38.75,290,290,{290: 501.8736267089844}
995603,2024-06-29 16:00:00,20240629T16.nc,178,1085.6824,2,330.9159873046875,304.8,0.0,390.0,45.374725,-18.749998,1508483700.0,1862371700.0,353888000.0,45.25,45.5,-18.75,-18.75,390,390,{390: 1085.682373046875}
432213,2024-03-21 08:00:00,20240321T08.nc,253,87969.2,334,80439.03933750003,914.4000000000004,248.86815786677104,290.0,70.010376,-28.7562,603721700.0,1194518000.0,103910536.0,67.75,71.75,-32.5,-20.25,280,300,"{280: 4505.72998046875, 290: 41704.68359375, 300: 41758.7890625}"
2134869,2024-11-13 09:00:00,20241113T09.nc,298,1202.6763,3,733.151453906249,609.5999999999992,152.39999999999964,345.0,58.750004,18.083332,564134340.0,609793340.0,40712412.0,58.75,58.75,18.0,18.25,340,350,"{340: 801.7841796875, 350: 400.89208984375}"
2077788,2024-11-08 05:00:00,20241108T05.nc,299,1474.6255,3,449.465848828125,304.8,0.0,320.0,50.5,40.25,557825600.0,591256450.0,30977738.0,50.5,50.5,40.0,40.5,320,320,{320: 1474.62548828125}
1098278,2024-07-21 12:00:00,20240721T12.nc,190,14913.494,39,9091.266028125016,609.600000000001,152.40000000000057,355.0,60.333206,9.15878,610391940.0,743278300.0,59350004.0,59.5,61.25,8.75,9.75,350,360,"{350: 9893.48046875, 360: 5020.01171875}"
1787077,2024-10-13 10:00:00,20241013T10.nc,435,426.52005,1,130.00331125488282,304.8,0.0,340.0,56.5,23.499998,720204300.0,720204300.0,0.0,56.5,56.5,23.5,23.5,340,340,{340: 426.5200500488281}
1987563,2024-10-30 21:00:00,20241030T21.nc,307,406.64206,1,123.9444996826172,304.8,0.0,310.0,58.25,18.5,528614340.0,528614340.0,0.0,58.25,58.25,18.5,18.5,310,310,{310: 406.6420593261719}
1586639,2024-09-26 18:00:00,20240926T18.nc,698,267.4687,1,81.52445639648438,304.8,0.0,300.0,69.75,-59.499996,620568060.0,620568060.0,0.0,69.75,69.75,-59.5,-59.5,300,300,{300: 267.46868896484375}
1021200,2024-07-05 06:00:00,20240705T06.nc,36,5647.68,8,5164.238752734377,914.4000000000004,248.86815786677104,370.0,24.0,-62.406246,549630200.0,592693440.0,30414930.0,24.0,24.0,-62.75,-62.0,360,380,"{360: 705.9600219726562, 370: 2117.880126953125, 380: 2823.840087890625}"
1946060,2024-10-26 09:00:00,20241026T09.nc,217,5422.5337,11,4958.364807421867,914.3999999999984,248.8681578667703,320.0,50.363064,-1.36307,641538370.0,808839400.0,105345656.0,50.25,50.75,-1.75,-0.75,310,330,"{310: 494.138916015625, 320: 985.6807250976562, 330: 3942.713623046875}"
1240435,2024-08-19 01:00:00,20240819T01.nc,154,335.72604,1,102.3292981201172,304.8,0.0,300.0,64.25,68.5,562522050.0,562522050.0,0.0,64.25,64.25,68.5,68.5,300,300,{300: 335.7260437011719}
408935,2024-03-17 09:00:00,20240317T09.nc,221,434.9185,1,132.56315500488282,304.8,0.0,270.0,55.75,-56.749996,519255360.0,519255360.0,0.0,55.75,55.75,-56.75,-56.75,270,270,{270: 434.9184875488281}
473996,2024-03-29 02:00:00,20240329T02.nc,134,539.23114,1,164.35765151367187,304.8,0.0,330.0,45.75,-68.25,537306000.0,537306000.0,0.0,45.75,45.75,-68.25,-68.25,330,330,{330: 539.2311401367188}
1549024,2024-09-24 02:00:00,20240924T02.nc,234,560.5471,1,170.85476191406252,304.8,0.0,320.0,43.5,1.9999999,583979650.0,583979650.0,0.0,43.5,43.5,2.0,2.0,320,320,{320: 560.547119140625}
2062147,2024-11-06 22:00:00,20241106T22.nc,240,1019.0446,2,310.6047991699219,304.8,0.0,280.0,48.75,-85.87499,594882300.0,618098400.0,23216160.0,48.75,48.75,-86.0,-85.75,280,280,{280: 1019.0446166992188}
1580695,2024-09-26 10:00:00,20240926T10.nc,305,560.5471,1,170.85476191406252,304.8,0.0,380.0,43.5,-43.499996,587955460.0,587955460.0,0.0,43.5,43.5,-43.5,-43.5,380,380,{380: 560.547119140625}
1824612,2024-10-16 08:00:00,20241016T08.nc,113,623.19574,1,189.95006147460936,304.8,0.0,370.0,36.25,41.249996,821541250.0,821541250.0,0.0,36.25,36.25,41.25,41.25,370,370,{370: 623.1957397460938}
2301629,2024-11-27 10:00:00,20241127T10.nc,237,2341.6924,4,713.74783828125,304.8,0.0,370.0,40.75,6.8749995,557872300.0,648602050.0,54248530.0,40.75,40.75,6.5,7.25,370,370,{370: 2341.6923828125}
1705938,2024-10-06 21:00:00,20241006T21.nc,101,598.427,1,182.4005501953125,304.8,0.0,420.0,39.25,-45.25,516512160.0,516512160.0,0.0,39.25,39.25,-45.25,-45.25,420,420,{420: 598.427001953125}
1020456,2024-07-05 02:00:00,20240705T02.nc,19,717.7556,1,218.7719115234375,304.8,0.0,440.0,21.75,69.75,508511040.0,508511040.0,0.0,21.75,21.75,69.75,69.75,440,440,{440: 717.755615234375}
274378,2024-02-21 14:00:00,20240221T14.nc,148,254.77486,1,77.65537628173828,304.8,0.0,280.0,70.75,-19.5,570437800.0,570437800.0,0.0,70.75,70.75,-19.5,-19.5,280,280,{280: 254.7748565673828}
1419039,2024-09-14 05:00:00,20240914T05.nc,425,1533.1138,7,467.293076953125,304.8,0.0,280.0,73.53526,-22.107368,536821100.0,570843140.0,23381238.0,73.5,73.75,-22.75,-21.5,280,280,{280: 1533.11376953125}
423525,2024-03-19 20:00:00,20240319T20.nc,48,162230.47,259,197791.38749999995,1219.1999999999996,340.7767597709678,315.0,35.84709,9.682794,994893800.0,2423213300.0,394576260.0,35.25,36.5,6.0,15.5,300,330,"{300: 7514.0234375, 310: 56980.0546875, 320: 57622.6171875, 330: 40113.7734375}"
65628,2024-01-13 14:00:00,20240113T14.nc,123,560.5471,1,170.85476191406252,304.8,0.0,340.0,43.5,72.74999,787110500.0,787110500.0,0.0,43.5,43.5,72.75,72.75,340,340,{340: 560.547119140625}
1806140,2024-10-14 21:00:00,20241014T21.nc,195,1672.3254,3,509.7247939453125,304.8,0.0,340.0,43.833103,-68.58345,517466500.0,543228300.0,18410830.0,43.75,44.0,-68.75,-68.5,340,340,{340: 1672.325439453125}
655596,2024-04-30 11:00:00,20240430T11.nc,95,560.5471,1,170.85476191406252,304.8,0.0,340.0,43.5,-83.74999,509617180.0,509617180.0,0.0,43.5,43.5,-83.75,-83.75,340,340,{340: 560.547119140625}
1041776,2024-07-09 05:00:00,20240709T05.nc,102,443.24237,1,135.1002745605469,304.8,0.0,340.0,55.0,88.74999,506546800.0,506546800.0,0.0,55.0,55.0,88.75,88.75,340,340,{340: 443.24237060546875}
1894465,2024-10-21 23:00:00,20241021T23.nc,446,270.62955,1,82.48788596191407,304.8,0.0,290.0,69.5,-38.5,609156200.0,609156200.0,0.0,69.5,69.5,-38.5,-38.5,290,290,{290: 270.6295471191406}
1584647,2024-09-26 16:00:00,20240926T16.nc,268,1246.3915,2,759.8002458984365,609.5999999999992,152.39999999999964,365.0,36.25,-33.999996,823912450.0,889224100.0,65311710.0,36.25,36.25,-34.0,-34.0,360,370,"{360: 623.1957397460938, 370: 623.1957397460938}"
2031917,2024-11-04 10:00:00,20241104T10.nc,304,1706.0802,4,520.0132450195313,304.8,0.0,280.0,56.5,-79.87499,523320930.0,539128600.0,11856309.0,56.5,56.5,-80.25,-79.5,280,280,{280: 1706.0802001953125}
1864299,2024-10-19 14:00:00,20241019T14.nc,292,567.462,1,172.96241000976562,304.8,0.0,300.0,42.75,78.0,570555900.0,570555900.0,0.0,42.75,42.75,78.0,78.0,300,300,{300: 567.4619750976562}
1295242,2024-08-30 19:00:00,20240830T19.nc,199,437.70145,1,133.41140090332033,304.8,0.0,360.0,55.5,-62.749996,833423740.0,833423740.0,0.0,55.5,55.5,-62.75,-62.75,360,360,{360: 437.7014465332031}
1387909,2024-09-12 02:00:00,20240912T02.nc,383,2648.3892,6,807.229016015625,304.8,0.0,270.0,55.166317,1.958682,856706800.0,1065285950.0,139719580.0,55.0,55.25,1.5,2.25,270,270,{270: 2648.38916015625}
2237678,2024-11-22 02:00:00,20241122T02.nc,141,578.77014,1,176.40913916015626,304.8,0.0,300.0,41.5,-41.249996,726950000.0,726950000.0,0.0,41.5,41.5,-41.25,-41.25,300,300,{300: 578.7701416015625}
2292270,2024-11-26 16:00:00,20241126T16.nc,181,1217.9014,2,371.21633671875,304.8,0.0,380.0,38.0,5.375,1003911360.0,1210179500.0,206268100.0,38.0,38.0,5.25,5.5,380,380,{380: 1217.9013671875}
2106150,2024-11-10 18:00:00,20241110T18.nc,350,853.0401,2,260.00662250976563,304.8,0.0,340.0,56.5,-41.375,538401150.0,555802600.0,17401488.0,56.5,56.5,-41.5,-41.25,340,340,{340: 853.0401000976562}
2371703,2024-12-02 18:00:00,20241202T18.nc,19,43615.25,65,39881.78460000001,914.4000000000004,248.86815786677104,360.0,29.72665,-38.142838,1232557700.0,2092412200.0,365500540.0,28.5,30.75,-39.5,-36.75,350,370,"{350: 12743.2822265625, 360: 22132.130859375, 370: 8739.8408203125}"
2445616,2024-12-09 16:00:00,20241209T16.nc,302,574.2796,1,175.04042270507813,304.8,0.0,330.0,42.0,-77.24999,723203000.0,723203000.0,0.0,42.0,42.0,-77.25,-77.25,330,330,{330: 574.2796020507812}
645156,2024-04-28 13:00:00,20240428T13.nc,258,177.11903,1,53.98588150634766,304.8,0.0,270.0,76.75,60.499996,542422340.0,542422340.0,0.0,76.75,76.75,60.5,60.5,270,270,{270: 177.11903381347656}
2161906,2024-11-15 14:00:00,20241115T14.nc,253,546.43054,1,166.55202919921877,304.8,0.0,370.0,45.0,-44.249996,1360904000.0,1360904000.0,0.0,45.0,45.0,-44.25,-44.25,370,370,{370: 546.4305419921875}
1044355,2024-07-09 17:00:00,20240709T17.nc,84,1088.0822,2,331.6474403320313,304.8,0.0,330.0,45.25,-1.6249998,564820860.0,626043000.0,61222176.0,45.25,45.25,-1.75,-1.5,330,330,{330: 1088.0821533203125}
1210814,2024-08-12 23:00:00,20240812T23.nc,77,594.13745,1,181.09309511718752,304.8,0.0,370.0,39.75,-65.74999,809563700.0,809563700.0,0.0,39.75,39.75,-65.75,-65.75,370,370,{370: 594.137451171875}
1718749,2024-10-08,20241008T00.nc,222,465.06424,1,141.75158020019532,304.8,0.0,300.0,53.0,-1.9999999,556345900.0,556345900.0,0.0,53.0,53.0,-2.0,-2.0,300,300,{300: 465.0642395019531}
1789411,2024-10-13 14:00:00,20241013T14.nc,23,48880.637,68,89392.90843124999,1828.8,520.5450989107478,415.0,21.528147,-83.49989,708100540.0,1142964100.0,172368130.0,20.75,22.5,-84.0,-82.75,390,440,"{390: 1440.4544677734375, 400: 3589.96630859375, 410: 5748.13525390625, 420: 13644.4716796875, 430: 16543.91015625, 440: 7913.69189453125}"
2128668,2024-11-12 19:00:00,20241112T19.nc,423,403.77097,1,123.0693903076172,304.8,0.0,300.0,58.5,-36.75,705108300.0,705108300.0,0.0,58.5,58.5,-36.75,-36.75,300,300,{300: 403.7709655761719}
1850002,2024-10-18 15:00:00,20241018T15.nc,109,35623.152,55,65147.62100625,1828.8,520.5450989107475,395.0,33.054035,-55.569164,1204832000.0,2105444200.0,430740060.0,32.75,33.5,-57.0,-54.25,370,420,"{370: 648.0989990234375, 380: 1296.197998046875, 390: 9075.1806640625, 400: 10365.849609375, 410: 12295.3681640625, 420: 1942.454345703125}"
1840535,2024-10-17 19:00:00,20241017T19.nc,376,597.6768,2,182.1718943847656,304.8,0.0,310.0,67.25,39.125,627215000.0,699114500.0,71899520.0,67.25,67.25,39.0,39.25,310,310,{310: 597.6768188476562}
762926,2024-05-18 21:00:00,20240518T21.nc,164,66685.516,136,40651.49032500007,609.600000000001,152.40000000000057,335.0,50.59371,81.754585,549115900.0,700830200.0,40440380.0,49.0,52.0,78.5,83.5,330,340,"{330: 51173.8828125, 340: 15511.634765625}"
1302241,2024-09-01 02:00:00,20240901T02.nc,154,112281.42,222,136893.50955000016,1219.2000000000014,340.77675977096834,345.0,49.038067,0.22649133,750407740.0,1516478700.0,221638770.0,46.25,52.0,-2.0,2.75,330,360,"{330: 6376.9453125, 340: 32477.890625, 350: 65068.4375, 360: 8358.1396484375}"
1090643,2024-07-20,20240720T00.nc,72,625.18365,1,190.55597797851564,304.8,0.0,380.0,36.0,-75.24999,676635900.0,676635900.0,0.0,36.0,36.0,-75.25,-75.25,380,380,{380: 625.1836547851562}
1492612,2024-09-19 21:00:00,20240919T21.nc,204,14992.338,25,9139.329178125015,609.600000000001,152.40000000000057,335.0,39.09823,58.349648,898763700.0,1368896400.0,261478600.0,38.5,39.5,57.25,59.25,330,340,"{330: 14391.783203125, 340: 600.5546875}"
121408,2024-01-24 02:00:00,20240124T02.nc,147,389.3012,1,118.65900834960938,304.8,0.0,370.0,59.750004,72.74999,605386560.0,605386560.0,0.0,59.75,59.75,72.75,72.75,370,370,{370: 389.30120849609375}
2174001,2024-11-16 17:00:00,20241116T17.nc,383,5224.5625,12,4777.339950000002,914.4000000000004,248.86815786677104,310.0,55.707314,-56.124596,637802560.0,1013123460.0,163242580.0,55.5,56.0,-56.5,-55.75,300,320,"{300: 1750.8057861328125, 310: 2171.79296875, 320: 1301.964111328125}"
1276751,2024-08-27 06:00:00,20240827T06.nc,161,2125.3066,4,647.7934640625,304.8,0.0,360.0,46.562286,32.187717,600478460.0,664078600.0,41368900.0,46.5,46.75,32.0,32.5,360,360,{360: 2125.306640625}
1671046,2024-10-03 17:00:00,20241003T17.nc,330,420.88043,1,128.28435571289063,304.8,0.0,300.0,57.000004,-66.99999,988381060.0,988381060.0,0.0,57.0,57.0,-67.0,-67.0,300,300,{300: 420.88043212890625}
1642446,2024-09-30 23:00:00,20240930T23.nc,474,464.75256,2,141.65658134765627,304.8,0.0,290.0,72.5,10.874999,760475800.0,868485500.0,108009704.0,72.5,72.5,10.75,11.0,290,290,{290: 464.7525634765625}
2468035,2024-12-11 12:00:00,20241211T12.nc,419,659.27856,2,200.9481064453125,304.8,0.0,330.0,64.75,-17.875,690484600.0,724377700.0,33893150.0,64.75,64.75,-18.0,-17.75,330,330,{330: 659.278564453125}
580548,2024-04-17 12:00:00,20240417T12.nc,217,398.0057,1,121.31213942871096,304.8,0.0,290.0,58.999996,-36.999996,522333060.0,522333060.0,0.0,59.0,59.0,-37.0,-37.0,290,290,{290: 398.0057067871094}
1980784,2024-10-30 04:00:00,20241030T04.nc,359,653.173,2,398.1742447265632,609.600000000001,152.40000000000057,285.0,65.0,-74.5,559702500.0,590225400.0,30522912.0,65.0,65.0,-74.5,-74.5,280,290,"{280: 326.58648681640625, 290: 326.58648681640625}"
1156188,2024-08-02,20240802T00.nc,124,5913.064,13,3604.6037929687454,609.5999999999992,152.39999999999964,295.0,53.94203,38.09648,589392800.0,668214500.0,48598060.0,53.75,54.0,37.5,38.75,290,300,"{290: 2273.836181640625, 300: 3639.22705078125}"
1193672,2024-08-09 06:00:00,20240809T06.nc,14,723.83167,1,220.62389150390624,304.8,0.0,430.0,20.5,77.49999,527421200.0,527421200.0,0.0,20.5,20.5,77.5,77.5,430,430,{430: 723.8316650390625}
340357,2024-03-05 01:00:00,20240305T01.nc,27,11165.717,17,10209.931439062504,914.4000000000004,248.86815786677104,370.0,31.793465,-69.735085,2509234200.0,3087742000.0,412180350.0,31.25,32.25,-70.0,-69.5,360,380,"{360: 1971.3662109375, 370: 5260.50830078125, 380: 3933.84228515625}"
42676,2024-01-09 11:00:00,20240109T11.nc,132,15419.178,26,9399.530746874989,609.5999999999992,152.39999999999964,395.0,39.87296,-27.520626,843879360.0,1624297700.0,317059840.0,39.0,40.5,-28.25,-26.75,390,400,"{390: 4724.9072265625, 400: 10694.271484375}"
1165171,2024-08-03 13:00:00,20240803T13.nc,293,251.58911,1,76.6843611328125,304.8,0.0,330.0,71.0,-14.749999,505166900.0,505166900.0,0.0,71.0,71.0,-14.75,-14.75,330,330,{330: 251.589111328125}
59366,2024-01-12 09:00:00,20240112T09.nc,243,10705.537,58,6526.095421874991,609.5999999999992,152.39999999999964,365.0,76.1771,3.4419496,870297540.0,1361370600.0,271724960.0,75.75,76.5,0.5,5.75,360,370,"{360: 2223.757568359375, 370: 8481.779296875}"
725375,2024-05-12 04:00:00,20240512T04.nc,148,46847.305,130,42837.17540625001,914.4000000000004,248.86815786677104,330.0,62.172596,-10.316832,646447600.0,931005300.0,111679630.0,60.5,64.0,-11.25,-9.25,320,340,"{320: 8269.2578125, 330: 16947.962890625, 340: 21630.078125}"
1296989,2024-08-31 03:00:00,20240831T03.nc,161,475.7644,1,145.0129904296875,304.8,0.0,330.0,52.000004,15.999999,527348320.0,527348320.0,0.0,52.0,52.0,16.0,16.0,330,330,{330: 475.764404296875}
698856,2024-05-07 17:00:00,20240507T17.nc,179,1558.7537,3,475.1081162109375,304.8,0.0,300.0,47.749996,-32.249996,532724860.0,552904700.0,20349290.0,47.75,47.75,-32.5,-32.0,300,300,{300: 1558.753662109375}
2484206,2024-12-13 04:00:00,20241213T04.nc,207,11807.293,22,7197.725793750013,609.600000000001,152.40000000000057,335.0,46.010193,72.044334,627710850.0,961732200.0,107268376.0,45.5,46.5,71.25,73.0,330,340,"{330: 4284.763671875, 340: 7522.529296875}"
23911,2024-01-06 01:00:00,20240106T01.nc,150,930.1285,2,283.50316040039064,304.8,0.0,270.0,53.0,66.37499,504425060.0,506316300.0,1891232.0,53.0,53.0,66.25,66.5,270,270,{270: 930.1284790039062}
1750800,2024-10-10 15:00:00,20241010T15.nc,213,611.02075,1,186.2391251953125,304.8,0.0,380.0,37.75,-46.499996,526412860.0,526412860.0,0.0,37.75,37.75,-46.5,-46.5,380,380,{380: 611.020751953125}
589634,2024-04-18 23:00:00,20240418T23.nc,173,572.7109,2,174.56227514648438,304.8,0.0,280.0,68.25,3.6249998,507277470.0,512045820.0,4768352.0,68.25,68.25,3.5,3.75,280,280,{280: 572.7108764648438}
122340,2024-01-24 06:00:00,20240124T06.nc,240,353.831,1,107.84768686523438,304.8,0.0,270.0,62.75,3.75,529865600.0,529865600.0,0.0,62.75,62.75,3.75,3.75,270,270,{270: 353.83099365234375}
1928974,2024-10-24 19:00:00,20241024T19.nc,39,2418411.5,3689,4422790.9512,1828.8,520.5450989107478,365.0,31.75759,-28.337608,1550298500.0,4898059300.0,719618100.0,21.75,36.0,-36.0,-13.25,340,390,"{340: 5819.85791015625, 350: 375101.15625, 360: 623543.25, 370: 781195.0625, 380: 602793.0, 390: 29959.146484375}"
902323,2024-06-11 20:00:00,20240611T20.nc,215,446.00015,1,135.9408465087891,304.8,0.0,360.0,54.75,-30.5,1377097200.0,1377097200.0,0.0,54.75,54.75,-30.5,-30.5,360,360,{360: 446.0001525878906}
1872581,2024-10-20 03:00:00,20241020T03.nc,328,443.24237,1,135.1002745605469,304.8,0.0,310.0,55.0,-59.499996,535515970.0,535515970.0,0.0,55.0,55.0,-59.5,-59.5,310,310,{310: 443.24237060546875}
2285144,2024-11-26 02:00:00,20241126T02.nc,82,39766.062,60,48482.78339999999,1219.1999999999996,340.77675977096794,405.0,30.945713,-43.057297,902460200.0,1406369800.0,263624140.0,30.75,31.0,-46.75,-40.75,390,420,"{390: 4636.74853515625, 400: 11262.40625, 410: 17894.984375, 420: 5971.916015625}"
1879347,2024-10-20 16:00:00,20241020T16.nc,388,395.1117,1,120.43004443359376,304.8,0.0,390.0,59.25,38.749996,506996260.0,506996260.0,0.0,59.25,59.25,38.75,38.75,390,390,{390: 395.1116943359375}
1763919,2024-10-11 15:00:00,20241011T15.nc,462,1873.2301,5,1141.9210705078144,609.600000000001,152.40000000000057,305.0,61.0,-57.399998,992627900.0,1438068600.0,224005060.0,61.0,61.0,-57.75,-57.0,300,310,"{300: 1498.5841064453125, 310: 374.6460266113281}"
1314830,2024-09-03 06:00:00,20240903T06.nc,241,242.00348,1,73.76266040039063,304.8,0.0,320.0,71.75,-9.0,509807780.0,509807780.0,0.0,71.75,71.75,-9.0,-9.0,320,320,{320: 242.00347900390625}
2410183,2024-12-06 13:00:00,20241206T13.nc,84,685.4549,1,208.92665200195316,304.8,0.0,380.0,27.5,-17.5,579419100.0,579419100.0,0.0,27.5,27.5,-17.5,-17.5,380,380,{380: 685.4548950195312}
636045,2024-04-27 02:00:00,20240427T02.nc,169,465.06424,1,141.75158020019532,304.8,0.0,390.0,53.0,49.0,569153340.0,569153340.0,0.0,53.0,53.0,49.0,49.0,390,390,{390: 465.0642395019531}
2263134,2024-11-24 06:00:00,20241124T06.nc,318,454.2225,1,138.44701911621095,304.8,0.0,290.0,54.0,72.25,564671740.0,564671740.0,0.0,54.0,54.0,72.25,72.25,290,290,{290: 454.2225036621094}
1318077,2024-09-03 20:00:00,20240903T20.nc,46,698.9353,1,213.0354802734375,304.8,0.0,390.0,25.250002,-80.99999,1324429700.0,1324429700.0,0.0,25.25,25.25,-81.0,-81.0,390,390,{390: 698.935302734375}
468942,2024-03-28 07:00:00,20240328T07.nc,99,544.0411,1,165.82372016601565,304.8,0.0,330.0,45.25,24.499998,594533200.0,594533200.0,0.0,45.25,45.25,24.5,24.5,330,330,{330: 544.0410766601562}
2213875,2024-11-20 02:00:00,20241120T02.nc,33,2079.2275,3,1267.4971078124984,609.5999999999992,152.39999999999964,415.0,26.250002,-87.16666,1981313400.0,2176028400.0,195451340.0,26.25,26.25,-87.25,-87.0,410,420,"{410: 693.0758666992188, 420: 1386.1517333984375}"
2150344,2024-11-14 16:00:00,20241114T16.nc,351,478.4169,1,145.82147131347656,304.8,0.0,340.0,51.75,-51.249996,865391700.0,865391700.0,0.0,51.75,51.75,-51.25,-51.25,340,340,{340: 478.4169006347656}
2018401,2024-11-03 03:00:00,20241103T03.nc,383,280.08105,1,85.36870546875001,304.8,0.0,290.0,68.75,-8.499999,1201998600.0,1201998600.0,0.0,68.75,68.75,-8.5,-8.5,290,290,{290: 280.0810546875}
819592,2024-05-28 17:00:00,20240528T17.nc,11,1440.4545,2,439.05052177734376,304.8,0.0,410.0,21.25,-55.125,535024800.0,569838600.0,34813790.0,21.25,21.25,-55.25,-55.0,410,410,{410: 1440.4544677734375}
2314719,2024-11-28 10:00:00,20241128T10.nc,366,3356.8396,7,1023.1647099609374,304.8,0.0,320.0,51.642124,-88.89271,531449120.0,575767740.0,27891860.0,51.5,52.0,-89.25,-88.5,320,320,{320: 3356.839599609375}
1314120,2024-09-03 03:00:00,20240903T03.nc,164,1354.471,3,825.685489453124,609.5999999999992,152.39999999999964,315.0,54.25,21.583334,513478820.0,517844860.0,4218506.0,54.25,54.25,21.5,21.75,310,320,"{310: 902.9806518554688, 320: 451.4903259277344}"
1825503,2024-10-16 09:00:00,20241016T09.nc,474,251.58911,1,76.6843611328125,304.8,0.0,300.0,71.0,65.49999,506538720.0,506538720.0,0.0,71.0,71.0,65.5,65.5,300,300,{300: 251.589111328125}
832531,2024-05-31 09:00:00,20240531T09.nc,1,4339.4272,6,1322.6574246093749,304.8,0.0,400.0,20.624893,-80.5002,573986500.0,642314400.0,45905530.0,20.5,20.75,-81.0,-80.0,400,400,{400: 4339.42724609375}
1622042,2024-09-29 05:00:00,20240929T05.nc,203,8084.809,14,4928.499616406259,609.600000000001,152.40000000000057,335.0,41.641926,-47.499657,597734200.0,682653300.0,48295404.0,41.25,42.0,-47.75,-47.0,330,340,"{330: 5774.23046875, 340: 2310.5791015625}"
2166865,2024-11-16,20241116T00.nc,384,4440.6885,10,2707.0436953124968,609.5999999999992,152.39999999999964,315.0,54.92436,13.149097,932724100.0,1168183200.0,98907220.0,54.75,55.25,12.75,13.5,310,320,"{310: 1778.485107421875, 320: 2662.20361328125}"
80354,2024-01-16 05:00:00,20240116T05.nc,72,636.85956,1,194.11479331054687,304.8,0.0,360.0,34.5,-16.499998,672616450.0,672616450.0,0.0,34.5,34.5,-16.5,-16.5,360,360,{360: 636.8595581054688}
122594,2024-01-24 07:00:00,20240124T07.nc,241,522.2635,2,159.18591137695313,304.8,0.0,270.0,70.25,41.624992,683135200.0,777900740.0,94765470.0,70.25,70.25,41.5,41.75,270,270,{270: 522.2634887695312}
1606656,2024-09-28 01:00:00,20240928T01.nc,72,1416.0007,2,431.5970232421875,304.8,0.0,440.0,23.624884,-80.74999,2440736800.0,2696032000.0,255295100.0,23.5,23.75,-80.75,-80.75,440,440,{440: 1416.000732421875}
2298217,2024-11-27 03:00:00,20241127T03.nc,226,512.05255,1,156.07361762695314,304.8,0.0,290.0,48.5,-67.5,586708200.0,586708200.0,0.0,48.5,48.5,-67.5,-67.5,290,290,{290: 512.0525512695312}
22931,2024-01-05 20:00:00,20240105T20.nc,15,4162.8833,6,1268.846830078125,304.8,0.0,330.0,26.124508,-18.125134,670434240.0,888076500.0,110926790.0,25.75,26.5,-18.25,-18.0,330,330,{330: 4162.88330078125}
1254557,2024-08-22 09:00:00,20240822T09.nc,66,546.43054,1,166.55202919921877,304.8,0.0,360.0,45.0,-59.499996,560667400.0,560667400.0,0.0,45.0,45.0,-59.5,-59.5,360,360,{360: 546.4305419921875}
448785,2024-03-24 14:00:00,20240324T14.nc,111,15176.28,26,4625.73022734375,304.8,0.0,410.0,40.93828,-48.47412,803719230.0,1488483600.0,297584860.0,40.0,42.0,-49.5,-47.75,410,410,{410: 15176.2802734375}
834899,2024-05-31 20:00:00,20240531T20.nc,73,560.5471,1,170.85476191406252,304.8,0.0,350.0,43.5,-53.749996,618801540.0,618801540.0,0.0,43.5,43.5,-53.75,-53.75,350,350,{350: 560.547119140625}
1463177,2024-09-17 15:00:00,20240917T15.nc,180,2504.6865,4,1526.856904687498,609.5999999999992,152.39999999999964,345.0,35.8748,20.687601,570133600.0,673362050.0,71010456.0,35.75,36.0,20.5,20.75,340,350,"{340: 1877.52685546875, 350: 627.1596069335938}"
1518510,2024-09-21 17:00:00,20240921T17.nc,333,946.20557,2,576.8069132812492,609.5999999999992,152.39999999999964,315.0,52.25,14.249999,685699140.0,725531400.0,39832256.0,52.25,52.25,14.25,14.25,310,320,"{310: 473.102783203125, 320: 473.102783203125}"
1552659,2024-09-24 09:00:00,20240924T09.nc,523,1971.5646,14,600.9328825195313,304.8,0.0,340.0,79.5,-69.62499,571912000.0,606855300.0,26612678.0,79.5,79.5,-71.25,-68.0,340,340,{340: 1971.5645751953125}
1133183,2024-07-28 11:00:00,20240728T11.nc,31,701.78534,1,213.90417143554689,304.8,0.0,440.0,24.75,81.75,747113400.0,747113400.0,0.0,24.75,24.75,81.75,81.75,440,440,{440: 701.7853393554688}
1995590,2024-10-31 18:00:00,20241031T18.nc,323,943.53503,2,287.5894784179688,304.8,0.0,340.0,52.374645,-30.5,686334100.0,801451800.0,115117730.0,52.25,52.5,-30.5,-30.5,340,340,{340: 943.5350341796875}
2297320,2024-11-27 01:00:00,20241127T01.nc,288,1500.4834,3,457.34733984375,304.8,0.0,270.0,49.666378,-42.33319,637865700.0,696920800.0,43610020.0,49.5,49.75,-42.5,-42.25,270,270,{270: 1500.4833984375}
1327337,2024-09-05 14:00:00,20240905T14.nc,24,717.7556,1,218.7719115234375,304.8,0.0,400.0,21.75,68.74999,504323900.0,504323900.0,0.0,21.75,21.75,68.75,68.75,400,400,{400: 717.755615234375}
276476,2024-02-22 03:00:00,20240222T03.nc,133,761.0598,2,231.9710314453125,304.8,0.0,330.0,60.499996,76.37499,505250200.0,505935420.0,685216.0,60.5,60.5,76.25,76.5,330,330,{330: 761.059814453125}
1039836,2024-07-08 18:00:00,20240708T18.nc,322,2364.1924,17,720.6058382812499,304.8,0.0,340.0,79.630875,65.09476,588878340.0,674598500.0,53383876.0,79.5,79.75,63.5,66.75,340,340,{340: 2364.1923828125}
830707,2024-05-30 21:00:00,20240530T21.nc,142,772.7694,2,235.5401159179688,304.8,0.0,300.0,60.0,-57.625,506274180.0,506522100.0,247952.0,60.0,60.0,-57.75,-57.5,300,300,{300: 772.7694091796875}
814162,2024-05-27 16:00:00,20240527T16.nc,142,1581.0824,3,481.9139147460938,304.8,0.0,310.0,47.0,24.999998,673766340.0,875566850.0,146938800.0,47.0,47.0,24.75,25.25,310,310,{310: 1581.0823974609375}
1532306,2024-09-22 18:00:00,20240922T18.nc,157,642.5343,1,195.84445517578123,304.8,0.0,370.0,33.75,4.5,507556770.0,507556770.0,0.0,33.75,33.75,4.5,4.5,370,370,{370: 642.5343017578125}
650608,2024-04-29 13:00:00,20240429T13.nc,77,3586.2722,6,1093.0957716796877,304.8,0.0,410.0,39.33284,-69.16641,796237100.0,981634560.0,127241160.0,39.0,39.5,-69.5,-69.0,410,410,{410: 3586.272216796875}
513878,2024-04-05 02:00:00,20240405T02.nc,54,1258.2472,2,383.5137442382813,304.8,0.0,310.0,35.5,29.624998,510413120.0,514628830.0,4215728.0,35.5,35.5,29.5,29.75,310,310,{310: 1258.2471923828125}
1979436,2024-10-30 01:00:00,20241030T01.nc,148,1144.0359,2,348.7021388671875,304.8,0.0,330.0,42.25,-1.8749998,568703700.0,620743940.0,52040256.0,42.25,42.25,-2.0,-1.75,330,330,{330: 1144.035888671875}
2350768,2024-12-01 01:00:00,20241201T01.nc,262,569.7454,1,173.65840473632815,304.8,0.0,270.0,42.5,74.5,511979170.0,511979170.0,0.0,42.5,42.5,74.5,74.5,270,270,{270: 569.7454223632812}
2205886,2024-11-19 09:00:00,20241119T09.nc,360,467.75272,1,142.5710278564453,304.8,0.0,300.0,52.75,-53.749996,575093060.0,575093060.0,0.0,52.75,52.75,-53.75,-53.75,300,300,{300: 467.7527160644531}
644180,2024-04-28 10:00:00,20240428T10.nc,143,2176.154,4,663.2917552734375,304.8,0.0,410.0,45.24945,-45.375275,908891500.0,1407003600.0,307759000.0,45.0,45.5,-45.5,-45.25,410,410,{410: 2176.154052734375}
254065,2024-02-17 13:00:00,20240217T13.nc,184,434.9185,1,132.56315500488282,304.8,0.0,280.0,55.75,34.25,528112830.0,528112830.0,0.0,55.75,55.75,34.25,34.25,280,280,{280: 434.9184875488281}
763021,2024-05-18 22:00:00,20240518T22.nc,7,5357601.0,8767,13063974.278400004,2438.4000000000005,698.3845359112703,355.0,37.341705,-48.559868,1272616100.0,3651774200.0,575947200.0,26.25,45.5,-62.0,-36.75,320,390,"{320: 110518.9453125, 330: 661991.5625, 340: 611622.875, 350: 906823.875, 360: 936380.125, 370: 947130.0625, 380: 966005.25, 390: 217128.5}"
656001,2024-04-30 12:00:00,20240430T12.nc,233,398.0057,1,121.31213942871096,304.8,0.0,350.0,58.999996,2.25,612885400.0,612885400.0,0.0,59.0,59.0,2.25,2.25,350,350,{350: 398.0057067871094}
240193,2024-02-15 09:00:00,20240215T09.nc,291,235.58984,1,71.807784375,304.8,0.0,380.0,72.25001,51.000004,616726800.0,616726800.0,0.0,72.25,72.25,51.0,51.0,380,380,{380: 235.58984375}
2261411,2024-11-24 03:00:00,20241124T03.nc,303,967.3891,2,294.8601974121094,304.8,0.0,340.0,51.25,-6.624999,775992060.0,779606300.0,3614208.0,51.25,51.25,-6.75,-6.5,340,340,{340: 967.3890991210938}
247560,2024-02-16 13:00:00,20240216T13.nc,250,796.0114,2,242.6242788574219,304.8,0.0,300.0,58.999996,-50.124996,524413060.0,527821470.0,3408416.0,59.0,59.0,-50.25,-50.0,300,300,{300: 796.0114135742188}
1278998,2024-08-27 15:00:00,20240827T15.nc,113,320409.75,583,683626.2425999998,2133.5999999999995,609.5999999999998,390.0,44.65566,-45.952095,1056463940.0,2358005500.0,498990560.0,43.5,46.5,-52.0,-41.0,360,420,"{360: 9818.171875, 370: 41187.7265625, 380: 73185.71875, 390: 58628.3046875, 400: 42745.71484375, 410: 81474.9375, 420: 13369.171875}"
1819215,2024-10-15 21:00:00,20241015T21.nc,508,329.63928,1,100.47405322265624,304.8,0.0,300.0,64.75,-6.4999995,542945660.0,542945660.0,0.0,64.75,64.75,-6.5,-6.5,300,300,{300: 329.6392822265625}
263786,2024-02-19 06:00:00,20240219T06.nc,231,13250.832,39,4038.853603125001,304.8,0.0,340.0,63.913433,87.8996,787099200.0,1298815400.0,213203740.0,63.5,64.5,86.5,89.75,340,340,{340: 13250.83203125}
2030355,2024-11-04 07:00:00,20241104T07.nc,78,16951.188,24,10333.443899999987,609.5999999999992,152.39999999999964,415.0,23.93729,-3.9172678,698618050.0,898996350.0,127945610.0,23.75,24.25,-5.25,-3.0,410,420,"{410: 9178.8046875, 420: 7772.3837890625}"
1664938,2024-10-03 05:00:00,20241003T05.nc,389,1220.1842,4,371.9121454101563,304.8,0.0,320.0,66.75,54.375,534295740.0,548843840.0,13274460.0,66.75,66.75,54.0,54.75,320,320,{320: 1220.1842041015625}
1573846,2024-09-25 22:00:00,20240925T22.nc,553,639.0126,3,194.77103232421877,304.8,0.0,290.0,74.0,-15.25,630202300.0,731479400.0,88424760.0,74.0,74.0,-15.5,-15.0,290,290,{290: 639.0125732421875}
1194342,2024-08-09 09:00:00,20240809T09.nc,127,446.00015,1,135.9408465087891,304.8,0.0,340.0,54.75,47.749996,554873200.0,554873200.0,0.0,54.75,54.75,47.75,47.75,340,340,{340: 446.0001525878906}
2240600,2024-11-22 08:00:00,20241122T08.nc,252,1024.1051,2,312.1472352539063,304.8,0.0,320.0,48.5,-52.875,677699840.0,687917250.0,10217440.0,48.5,48.5,-53.0,-52.75,320,320,{320: 1024.1051025390625}
2587107,2024-12-22 07:00:00,20241222T07.nc,141,580.99884,1,177.08844653320313,304.8,0.0,330.0,41.25,42.249996,648620400.0,648620400.0,0.0,41.25,41.25,42.25,42.25,330,330,{330: 580.9988403320312}
1999098,2024-11-01 03:00:00,20241101T03.nc,51,691.57794,1,210.79295668945312,304.8,0.0,440.0,26.500002,1.5,503107650.0,503107650.0,0.0,26.5,26.5,1.5,1.5,440,440,{440: 691.5779418945312}
2145790,2024-11-14 07:00:00,20241114T07.nc,457,270.62955,1,82.48788596191407,304.8,0.0,290.0,69.5,31.75,508539330.0,508539330.0,0.0,69.5,69.5,31.75,31.75,290,290,{290: 270.6295471191406}
2152071,2024-11-14 19:00:00,20241114T19.nc,478,538.09827,2,164.01235166015624,304.8,0.0,300.0,69.62426,-14.749997,548466050.0,550887400.0,2421408.0,69.5,69.75,-14.75,-14.75,300,300,{300: 538.0982666015625}
318114,2024-03-01 07:00:00,20240301T07.nc,190,1456.3337,3,443.8905240234376,304.8,0.0,330.0,51.083035,-30.166512,503426780.0,504949000.0,1381684.0,51.0,51.25,-30.25,-30.0,330,330,{330: 1456.333740234375}
60626,2024-01-12 15:00:00,20240112T15.nc,264,190.21973,1,57.97897265625,304.8,0.0,290.0,75.75,-1.5000001,532195650.0,532195650.0,0.0,75.75,75.75,-1.5,-1.5,290,290,{290: 190.2197265625}
84737,2024-01-17,20240117T00.nc,83,611.02075,1,186.2391251953125,304.8,0.0,330.0,37.75,-7.749999,604067500.0,604067500.0,0.0,37.75,37.75,-7.75,-7.75,330,330,{330: 611.020751953125}
2583205,2024-12-21 22:00:00,20241221T22.nc,135,1250.3673,2,381.1119559570313,304.8,0.0,300.0,36.0,62.124992,584277250.0,584985150.0,707904.0,36.0,36.0,62.0,62.25,300,300,{300: 1250.3673095703125}
2616423,2024-12-25 04:00:00,20241225T04.nc,232,572.01794,1,174.35106943359375,304.8,0.0,330.0,42.25,-31.249998,583707650.0,583707650.0,0.0,42.25,42.25,-31.25,-31.25,330,330,{330: 572.0179443359375}
549400,2024-04-11 05:00:00,20240411T05.nc,185,13286.055,30,12148.768406250005,914.4000000000004,248.86815786677104,350.0,55.03128,8.30568,596293000.0,707623550.0,54226084.0,54.5,55.5,7.5,9.0,340,360,"{340: 5762.10009765625, 350: 5321.58203125, 360: 2202.3720703125}"
1078372,2024-07-17 11:00:00,20240717T11.nc,72,544.0411,1,165.82372016601565,304.8,0.0,340.0,45.25,72.99999,737098750.0,737098750.0,0.0,45.25,45.25,73.0,73.0,340,340,{340: 544.0410766601562}
349770,2024-03-06 23:00:00,20240306T23.nc,19,831150.4,1221,1520007.8058,1828.8,520.5450989107476,335.0,28.227516,15.411729,1013952830.0,2377801700.0,353916400.0,26.25,30.5,9.25,22.5,310,360,"{310: 11356.7255859375, 320: 95974.03125, 330: 127896.859375, 340: 173898.109375, 350: 221315.421875, 360: 200709.1875}"
2459443,2024-12-10 18:00:00,20241210T18.nc,143,1292.5128,2,787.9158134765614,609.5999999999992,152.39999999999964,325.0,33.25,-45.749996,960032500.0,963243100.0,3210528.0,33.25,33.25,-45.75,-45.75,320,330,"{320: 646.2564086914062, 330: 646.2564086914062}"
1581212,2024-09-26 11:00:00,20240926T11.nc,161,7130.8574,11,6520.456026562502,914.4000000000004,248.86815786677104,400.0,32.976574,-13.818487,782766460.0,1159353500.0,198269550.0,32.5,33.25,-14.0,-13.5,390,410,"{390: 646.2564086914062, 400: 2592.3837890625, 410: 3892.21728515625}"
2240322,2024-11-22 07:00:00,20241122T07.nc,467,11543.512,44,7036.924743750013,609.600000000001,152.40000000000057,285.0,70.14748,-81.49917,576133200.0,667847300.0,47522868.0,69.5,70.75,-83.75,-79.25,280,290,"{280: 3158.939208984375, 290: 8384.57421875}"
1626124,2024-09-29 13:00:00,20240929T13.nc,213,585.4231,1,178.4369595703125,304.8,0.0,390.0,40.75,-26.5,974002600.0,974002600.0,0.0,40.75,40.75,-26.5,-26.5,390,390,{390: 585.423095703125}
2650879,2024-12-28 04:00:00,20241228T04.nc,218,567.462,1,172.96241000976562,304.8,0.0,320.0,42.75,39.749996,542718000.0,542718000.0,0.0,42.75,42.75,39.75,39.75,320,320,{320: 567.4619750976562}
625790,2024-04-25 09:00:00,20240425T09.nc,161,551.17816,1,167.99910366210938,304.8,0.0,350.0,44.5,-56.249996,1312639900.0,1312639900.0,0.0,44.5,44.5,-56.25,-56.25,350,350,{350: 551.1781616210938}
145942,2024-01-28 17:00:00,20240128T17.nc,14,27197.896,41,24869.75654531251,914.4000000000004,248.86815786677104,370.0,30.8596,-28.981884,977973100.0,1606618100.0,327733630.0,30.75,31.0,-30.75,-27.75,360,380,"{360: 6629.11767578125, 370: 11938.640625, 380: 8630.138671875}"
266841,2024-02-19 19:00:00,20240219T19.nc,16,6519.252,10,1987.0679953125,304.8,0.0,370.0,32.474663,-46.075603,565351300.0,646046460.0,46485900.0,32.25,32.75,-46.75,-45.5,370,370,{370: 6519.251953125}
2349488,2024-11-30 22:00:00,20241130T22.nc,582,276.93582,1,84.41003840332031,304.8,0.0,300.0,69.0,-0.75,775396200.0,775396200.0,0.0,69.0,69.0,-0.75,-0.75,300,300,{300: 276.9358215332031}
618585,2024-04-24 06:00:00,20240424T06.nc,68,600.5547,1,183.04906875,304.8,0.0,350.0,39.0,-55.499996,505941200.0,505941200.0,0.0,39.0,39.0,-55.5,-55.5,350,350,{350: 600.5546875}
371312,2024-03-10 22:00:00,20240310T22.nc,103,133209.83,237,162409.42244999995,1219.1999999999996,340.77675977096794,285.0,43.325523,10.731983,1086669000.0,2472383500.0,436726560.0,42.0,45.0,9.0,12.25,270,300,"{270: 28702.052734375, 280: 39900.03515625, 290: 40472.6015625, 300: 24135.146484375}"
946055,2024-06-19 16:00:00,20240619T16.nc,27,722.6439,1,220.26186708984372,304.8,0.0,430.0,20.75,-51.499992,1080729900.0,1080729900.0,0.0,20.75,20.75,-51.5,-51.5,430,430,{430: 722.6439208984375}
2297793,2024-11-27 02:00:00,20241127T02.nc,244,517.0837,1,157.60710541992188,304.8,0.0,320.0,48.0,-29.749998,556854600.0,556854600.0,0.0,48.0,48.0,-29.75,-29.75,320,320,{320: 517.0836791992188}
305909,2024-02-28,20240228T00.nc,81,122215.39,215,186256.25531250008,1524.000000000001,431.0522938113196,290.0,42.61846,4.6498933,865671900.0,1672555500.0,234693090.0,41.0,44.75,2.5,6.75,270,310,"{270: 32105.5390625, 280: 37789.12890625, 290: 31769.822265625, 300: 14466.7255859375, 310: 6084.162109375}"
211925,2024-02-10 07:00:00,20240210T07.nc,242,998.6098,2,304.3762677246094,304.8,0.0,380.0,49.75,77.62499,960780900.0,962513900.0,1733024.0,49.75,49.75,77.5,77.75,380,380,{380: 998.6098022460938}
1377545,2024-09-11 10:00:00,20240911T10.nc,491,2129.1147,7,648.9541746093751,304.8,0.0,320.0,66.82018,42.78618,614693500.0,709215800.0,69060960.0,66.5,67.0,42.5,43.0,320,320,{320: 2129.11474609375}
2286134,2024-11-26 04:00:00,20241126T04.nc,188,536.8108,1,163.61992910156252,304.8,0.0,290.0,46.0,-39.499996,540656060.0,540656060.0,0.0,46.0,46.0,-39.5,-39.5,290,290,{290: 536.810791015625}
1157811,2024-08-02 08:00:00,20240802T08.nc,149,32292.693,84,19685.625871875032,609.600000000001,152.40000000000057,335.0,60.082367,-10.983293,714914900.0,1303120900.0,188894580.0,58.0,62.75,-13.0,-9.0,330,340,"{330: 2185.667236328125, 340: 30107.02734375}"
1306434,2024-09-01 18:00:00,20240901T18.nc,73,634.94366,1,193.5308289550781,304.8,0.0,370.0,34.75,-42.499996,514243230.0,514243230.0,0.0,34.75,34.75,-42.5,-42.5,370,370,{370: 634.9436645507812}
2542361,2024-12-18 05:00:00,20241218T05.nc,429,429.32773,1,130.85909157714843,304.8,0.0,310.0,56.250004,-54.499996,525750620.0,525750620.0,0.0,56.25,56.25,-54.5,-54.5,310,310,{310: 429.3277282714844}
1708740,2024-10-07 03:00:00,20241007T03.nc,353,1958.1345,5,596.8394021484376,304.8,0.0,300.0,59.548965,-1.0508163,527267900.0,546465340.0,10341391.0,59.25,59.75,-1.25,-0.75,300,300,{300: 1958.134521484375}
1032759,2024-07-07 11:00:00,20240707T11.nc,198,1103.2345,3,336.26587470703123,304.8,0.0,300.0,61.582882,7.666443,556959700.0,570367040.0,15191986.0,61.5,61.75,7.5,7.75,300,300,{300: 1103.2344970703125}
2054554,2024-11-06 08:00:00,20241106T08.nc,180,10142.139,20,3091.3238671875,304.8,0.0,340.0,48.986816,-66.85228,670591300.0,901189570.0,106722184.0,48.75,49.25,-68.5,-65.5,340,340,{340: 10142.138671875}
1342056,2024-09-08 08:00:00,20240908T08.nc,83,574.2796,1,175.04042270507813,304.8,0.0,360.0,42.0,-63.249992,794251140.0,794251140.0,0.0,42.0,42.0,-63.25,-63.25,360,360,{360: 574.2796020507812}
2301340,2024-11-27 09:00:00,20241127T09.nc,480,389.3012,1,118.65900834960938,304.8,0.0,340.0,59.750004,-60.499996,646587140.0,646587140.0,0.0,59.75,59.75,-60.5,-60.5,340,340,{340: 389.30120849609375}
1953767,2024-10-27 03:00:00,20241027T03.nc,42,2863.4578,4,1745.5638527343726,609.5999999999992,152.39999999999964,365.0,22.12489,-51.187443,665014500.0,836055300.0,114581580.0,22.0,22.25,-51.25,-51.0,360,370,"{360: 715.2294311523438, 370: 2148.228271484375}"
385323,2024-03-13 06:00:00,20240313T06.nc,124,1605.571,3,489.3780544921875,304.8,0.0,300.0,46.166412,79.333206,669819650.0,742823500.0,78424760.0,46.0,46.25,79.25,79.5,300,300,{300: 1605.571044921875}
981811,2024-06-26 16:00:00,20240626T16.nc,200,1307.5385,3,398.5377202148438,304.8,0.0,350.0,55.666306,-56.416836,523325600.0,534128930.0,13768455.0,55.5,55.75,-56.5,-56.25,350,350,{350: 1307.5384521484375}
747122,2024-05-16 04:00:00,20240516T04.nc,25,44636.555,68,40815.66560625002,914.4000000000004,248.86815786677104,350.0,31.836172,-28.139366,645624770.0,903052800.0,108559050.0,30.5,32.75,-29.5,-27.5,340,360,"{340: 13690.12890625, 350: 24345.5625, 360: 6600.86767578125}"
1531964,2024-09-22 17:00:00,20240922T17.nc,422,465.06424,1,141.75158020019532,304.8,0.0,300.0,53.0,-26.999998,539399230.0,539399230.0,0.0,53.0,53.0,-27.0,-27.0,300,300,{300: 465.0642395019531}
922867,2024-06-15 12:00:00,20240615T12.nc,205,377.59158,1,115.08991457519532,304.8,0.0,320.0,60.750004,-60.499996,529128700.0,529128700.0,0.0,60.75,60.75,-60.5,-60.5,320,320,{320: 377.5915832519531}
965366,2024-06-23 02:00:00,20240623T02.nc,71,1716.0538,3,523.0532083007813,304.8,0.0,380.0,42.25,-83.0,558031940.0,594657900.0,27153096.0,42.25,42.25,-83.25,-82.75,380,380,{380: 1716.0538330078125}
1580776,2024-09-26 10:00:00,20240926T10.nc,391,462.36697,1,140.92945363769533,304.8,0.0,350.0,53.25,14.249999,528419970.0,528419970.0,0.0,53.25,53.25,14.25,14.25,350,350,{350: 462.3669738769531}
645335,2024-04-28 14:00:00,20240428T14.nc,181,7140.8076,17,2176.51816171875,304.8,0.0,290.0,57.07318,49.80796,562646850.0,641612500.0,38673650.0,57.0,57.25,48.25,51.0,290,290,{290: 7140.8076171875}
622497,2024-04-24 19:00:00,20240424T19.nc,150,3906.2327,8,2381.239433203129,609.600000000001,152.40000000000057,335.0,50.811577,-56.093872,542332400.0,593225800.0,21757036.0,50.5,51.0,-56.25,-55.75,330,340,"{330: 3419.9130859375, 340: 486.319580078125}"
1975753,2024-10-29 15:00:00,20241029T15.nc,398,365.76703,1,111.48579038085938,304.8,0.0,300.0,61.749996,-79.49999,544080640.0,544080640.0,0.0,61.75,61.75,-79.5,-79.5,300,300,{300: 365.76702880859375}
2307375,2024-11-27 21:00:00,20241127T21.nc,443,420.88043,1,128.28435571289063,304.8,0.0,290.0,57.000004,-13.5,509431040.0,509431040.0,0.0,57.0,57.0,-13.5,-13.5,290,290,{290: 420.88043212890625}
923439,2024-06-15 15:00:00,20240615T15.nc,18,713.94586,1,217.61069868164063,304.8,0.0,400.0,22.5,-64.24999,619890800.0,619890800.0,0.0,22.5,22.5,-64.25,-64.25,400,400,{400: 713.9458618164062}
134890,2024-01-26 13:00:00,20240126T13.nc,269,8129.7246,31,4955.880121874994,609.5999999999992,152.39999999999964,275.0,70.15123,-3.1836746,769068540.0,1050552800.0,136330640.0,69.25,71.0,-4.75,-1.75,270,280,"{270: 3977.114501953125, 280: 4152.61083984375}"
1413026,2024-09-13 18:00:00,20240913T18.nc,451,3748.2375,9,1142.4628048828126,304.8,0.0,390.0,57.388466,-86.859634,929205500.0,1372841900.0,293129700.0,57.25,57.5,-87.75,-86.0,390,390,{390: 3748.237548828125}
7590,2024-01-02 13:00:00,20240102T13.nc,19,4055.2637,6,1236.0443671875,304.8,0.0,350.0,28.999796,-64.41686,585111000.0,675973900.0,64831684.0,28.75,29.25,-64.75,-64.0,350,350,{350: 4055.263671875}
924482,2024-06-15 18:00:00,20240615T18.nc,192,1533.6274,3,467.449644140625,304.8,0.0,310.0,48.583057,9.833469,534847500.0,551716800.0,19948060.0,48.5,48.75,9.75,10.0,310,310,{310: 1533.62744140625}
384261,2024-03-13 02:00:00,20240313T02.nc,135,527.02747,1,160.63797158203127,304.8,0.0,290.0,47.0,34.25,503894270.0,503894270.0,0.0,47.0,47.0,34.25,34.25,290,290,{290: 527.0274658203125}
517848,2024-04-05 16:00:00,20240405T16.nc,138,524.5565,1,159.88482685546876,304.8,0.0,300.0,47.25,-24.249996,609878300.0,609878300.0,0.0,47.25,47.25,-24.25,-24.25,300,300,{300: 524.5565185546875}
362643,2024-03-09 09:00:00,20240309T09.nc,67,57449.57,98,52531.88709375002,914.4000000000004,248.86815786677104,330.0,40.643715,0.4054692,715490900.0,1283640600.0,163882620.0,39.25,42.25,-1.75,2.0,320,340,"{320: 2301.59814453125, 330: 30423.966796875, 340: 24724.0}"
337512,2024-03-04 11:00:00,20240304T11.nc,175,446.00015,1,135.9408465087891,304.8,0.0,310.0,54.75,-84.25,508665660.0,508665660.0,0.0,54.75,54.75,-84.25,-84.25,310,310,{310: 446.0001525878906}
2486489,2024-12-13 09:00:00,20241213T09.nc,248,3914.2415,9,1193.0607955078126,304.8,0.0,320.0,55.74893,-47.002132,568062000.0,606668800.0,24626416.0,55.5,56.0,-47.75,-46.25,320,320,{320: 3914.241455078125}
557717,2024-04-12 14:00:00,20240412T14.nc,231,481.06033,1,146.6271895751953,304.8,0.0,360.0,51.5,-9.499999,675115800.0,675115800.0,0.0,51.5,51.5,-9.5,-9.5,360,360,{360: 481.0603332519531}
2395187,2024-12-05 03:00:00,20241205T03.nc,299,496.72662,1,151.40227485351565,304.8,0.0,300.0,50.0,-1.2499999,557687200.0,557687200.0,0.0,50.0,50.0,-1.25,-1.25,300,300,{300: 496.72662353515625}
1252192,2024-08-21 19:00:00,20240821T19.nc,33,4006.9282,6,1221.3117222656251,304.8,0.0,370.0,30.207613,-76.08372,1238318000.0,1877600900.0,402331100.0,29.75,30.5,-76.25,-75.75,370,370,{370: 4006.92822265625}
328814,2024-03-03 01:00:00,20240303T01.nc,148,1109.4202,2,338.1512666015625,304.8,0.0,290.0,44.124737,1.7499999,547955400.0,561789400.0,13833968.0,44.0,44.25,1.75,1.75,290,290,{290: 1109.420166015625}
857903,2024-06-04 22:00:00,20240604T22.nc,164,10279.771,22,9399.823045312503,914.4000000000004,248.86815786677104,330.0,52.794712,-54.594276,631837900.0,805329500.0,94132610.0,52.5,53.0,-56.25,-52.75,320,340,"{320: 1403.2581787109375, 330: 8408.759765625, 340: 467.7527160644531}"
2092771,2024-11-09 12:00:00,20241109T12.nc,443,392.21017,1,119.54566120605467,304.8,0.0,290.0,59.5,-20.249998,521457100.0,521457100.0,0.0,59.5,59.5,-20.25,-20.25,290,290,{290: 392.2101745605469}
2397362,2024-12-05 08:00:00,20241205T08.nc,161,572.01794,1,174.35106943359375,304.8,0.0,280.0,42.25,-69.5,502598300.0,502598300.0,0.0,42.25,42.25,-69.5,-69.5,280,280,{280: 572.0179443359375}
1906345,2024-10-23,20241023T00.nc,141,2562.6199,4,1562.1730746093776,609.600000000001,152.40000000000057,335.0,34.0,-6.7500005,842751200.0,1045611800.0,158843440.0,34.0,34.0,-7.0,-6.5,330,340,"{330: 1281.3099365234375, 340: 1281.3099365234375}"
2584852,2024-12-22 02:00:00,20241222T02.nc,89,672.5843,1,205.00369145507813,304.8,0.0,320.0,29.5,17.499998,521328300.0,521328300.0,0.0,29.5,29.5,17.5,17.5,320,320,{320: 672.5842895507812}
206500,2024-02-09 10:00:00,20240209T10.nc,92,619.18445,1,188.72741982421877,304.8,0.0,350.0,36.75,49.999996,542136300.0,542136300.0,0.0,36.75,36.75,50.0,50.0,350,350,{350: 619.1844482421875}
865192,2024-06-06,20240606T00.nc,153,972.63916,2,296.460416015625,304.8,0.0,300.0,51.0,-4.1249995,979473200.0,1042110340.0,62637120.0,51.0,51.0,-4.25,-4.0,300,300,{300: 972.63916015625}
1712551,2024-10-07 11:00:00,20241007T11.nc,338,6767.949,16,4125.741843749995,609.5999999999992,152.39999999999964,295.0,56.811565,0.655781,810568300.0,1097233000.0,157681780.0,56.5,57.0,-0.25,1.5,290,300,"{290: 420.88043212890625, 300: 6347.068359375}"
2090664,2024-11-09 08:00:00,20241109T08.nc,338,412.361,1,125.68763049316406,304.8,0.0,300.0,57.75,-83.49999,539163000.0,539163000.0,0.0,57.75,57.75,-83.5,-83.5,300,300,{300: 412.3609924316406}
30438,2024-01-07 05:00:00,20240107T05.nc,206,1079.438,3,329.012698828125,304.8,0.0,330.0,62.25,-30.249994,555338240.0,570000200.0,10378388.0,62.25,62.25,-30.5,-30.0,330,330,{330: 1079.43798828125}
1897445,2024-10-22 06:00:00,20241022T06.nc,360,257.9558,1,78.62493105468751,304.8,0.0,290.0,70.5,-8.499999,532585950.0,532585950.0,0.0,70.5,70.5,-8.5,-8.5,290,290,{290: 257.955810546875}
1856222,2024-10-19 01:00:00,20241019T01.nc,85,876009.5,1405,2136061.5648000003,2438.4000000000005,698.3845359112701,385.0,36.07749,-50.285755,1143668700.0,3579416600.0,536412830.0,31.75,40.25,-57.5,-43.0,350,420,"{350: 613.0792236328125, 360: 102227.3671875, 370: 237297.875, 380: 320113.875, 390: 59305.75, 400: 77664.4609375, 410: 61775.140625, 420: 17011.91796875}"
2173448,2024-11-16 16:00:00,20241116T16.nc,311,467.75272,1,142.5710278564453,304.8,0.0,330.0,52.75,-71.49999,1137665000.0,1137665000.0,0.0,52.75,52.75,-71.5,-71.5,330,330,{330: 467.7527160644531}
2176291,2024-11-16 23:00:00,20241116T23.nc,45,1277.5266,2,389.3901111328125,304.8,0.0,330.0,34.25,-55.874996,555907140.0,584439700.0,28532528.0,34.25,34.25,-56.0,-55.75,330,330,{330: 1277.526611328125}
648147,2024-04-29 02:00:00,20240429T02.nc,118,8954.395,17,2729.299453125,304.8,0.0,300.0,47.027508,9.278327,560772900.0,628543700.0,39402824.0,46.5,47.5,8.75,9.75,300,300,{300: 8954.39453125}
622040,2024-04-24 17:00:00,20240424T17.nc,302,649.2645,4,197.8958276367188,304.8,0.0,270.0,77.873726,-11.125,624508800.0,749141000.0,77009864.0,77.75,78.0,-11.25,-11.0,270,270,{270: 649.2645263671875}
1152625,2024-08-01 09:00:00,20240801T09.nc,153,2459.8804,6,749.771537109375,304.8,0.0,340.0,57.957504,70.08439,605299140.0,727272800.0,76084940.0,57.75,58.25,69.75,70.5,340,340,{340: 2459.88037109375}
1765391,2024-10-11 18:00:00,20241011T18.nc,131,619.18445,1,188.72741982421877,304.8,0.0,350.0,36.75,-6.9999995,550894100.0,550894100.0,0.0,36.75,36.75,-7.0,-7.0,350,350,{350: 619.1844482421875}
262631,2024-02-19 01:00:00,20240219T01.nc,111,9328.832,19,2843.4280031250005,304.8,0.0,300.0,50.55185,40.52592,749601100.0,918136200.0,115024780.0,50.25,50.75,39.75,41.5,300,300,{300: 9328.83203125}
2212835,2024-11-19 23:00:00,20241119T23.nc,442,2934.8196,7,894.5330080078126,304.8,0.0,300.0,57.14148,57.71342,949354200.0,1081627000.0,83610616.0,56.75,57.5,57.5,58.0,300,300,{300: 2934.819580078125}
818726,2024-05-28 14:00:00,20240528T14.nc,30,704.5819,1,214.75656591796877,304.8,0.0,420.0,24.25,-19.999998,763822660.0,763822660.0,0.0,24.25,24.25,-20.0,-20.0,420,420,{420: 704.5819091796875}
2166947,2024-11-16,20241116T00.nc,468,1378.3782,5,420.12966738281256,304.8,0.0,290.0,69.09931,21.299656,543745860.0,607219000.0,34048548.0,69.0,69.25,21.0,21.5,290,290,{290: 1378.378173828125}
1556657,2024-09-24 18:00:00,20240924T18.nc,24,1437.9966,2,876.6027164062489,609.5999999999992,152.39999999999964,395.0,21.5,-59.749992,726084500.0,811063360.0,84978850.0,21.5,21.5,-59.75,-59.75,390,400,"{390: 718.998291015625, 400: 718.998291015625}"
2362820,2024-12-01 22:00:00,20241201T22.nc,299,494.13892,1,150.6135416015625,304.8,0.0,310.0,50.25,77.0,592784000.0,592784000.0,0.0,50.25,50.25,77.0,77.0,310,310,{310: 494.138916015625}
419331,2024-03-19 04:00:00,20240319T04.nc,127,288089.47,581,526858.02045,1828.8,520.5450989107476,305.0,50.050304,-41.524025,591773000.0,912089700.0,92547560.0,47.25,51.75,-49.25,-34.75,280,330,"{280: 37579.67578125, 290: 64155.25390625, 300: 29291.4921875, 310: 18829.671875, 320: 98286.203125, 330: 39947.1640625}"
50823,2024-01-10 22:00:00,20240110T22.nc,143,5824.343,11,3550.519354687496,609.5999999999992,152.39999999999964,295.0,46.749374,13.159409,622889540.0,768219900.0,67999450.0,46.5,47.0,12.75,13.5,290,300,"{290: 2654.795166015625, 300: 3169.5478515625}"
2265879,2024-11-24 11:00:00,20241124T11.nc,428,628.62726,2,191.60558833007812,304.8,0.0,290.0,66.0,-67.375,568651140.0,598338370.0,29687232.0,66.0,66.0,-67.5,-67.25,290,290,{290: 628.6272583007812}
1742440,2024-10-09 22:00:00,20241009T22.nc,18,721.44244,1,219.89565688476563,304.8,0.0,380.0,21.0,-46.999996,771983740.0,771983740.0,0.0,21.0,21.0,-47.0,-47.0,380,380,{380: 721.4424438476562}
571380,2024-04-15 23:00:00,20240415T23.nc,58,30756.453,52,18749.13382499997,609.5999999999992,152.39999999999964,315.0,40.056847,23.196629,833523300.0,1254446700.0,214252000.0,39.5,40.5,22.0,24.5,310,320,"{310: 18936.537109375, 320: 11819.912109375}"
297043,2024-02-26 07:00:00,20240226T07.nc,182,2236.0657,6,1363.1056347656274,609.600000000001,152.40000000000057,285.0,61.16623,31.87434,562685500.0,621683900.0,42364760.0,61.0,61.25,31.5,32.25,280,290,"{280: 1492.678955078125, 290: 743.3868408203125}"
1062178,2024-07-13 22:00:00,20240713T22.nc,116,478.4169,1,145.82147131347656,304.8,0.0,360.0,51.75,19.749998,502893660.0,502893660.0,0.0,51.75,51.75,19.75,19.75,360,360,{360: 478.4169006347656}
1942558,2024-10-26 01:00:00,20241026T01.nc,115,585.4231,1,178.4369595703125,304.8,0.0,330.0,40.75,4.9999995,633225100.0,633225100.0,0.0,40.75,40.75,5.0,5.0,330,330,{330: 585.423095703125}
1328587,2024-09-05 18:00:00,20240905T18.nc,280,373.89972,2,113.96463442382812,304.8,0.0,300.0,76.0,43.625,502971400.0,505928500.0,2957120.0,76.0,76.0,43.5,43.75,300,300,{300: 373.89971923828125}
1191481,2024-08-08 17:00:00,20240808T17.nc,206,292.6081,1,89.18694682617188,304.8,0.0,310.0,67.75,5.9999995,789623000.0,789623000.0,0.0,67.75,67.75,6.0,6.0,310,310,{310: 292.60809326171875}
2305032,2024-11-27 17:00:00,20241127T17.nc,124,648.099,1,197.54057490234376,304.8,0.0,350.0,33.0,-56.749996,638644540.0,638644540.0,0.0,33.0,33.0,-56.75,-56.75,350,350,{350: 648.0989990234375}
1988362,2024-10-30 23:00:00,20241030T23.nc,367,1281.8492,4,390.7076493164063,304.8,0.0,270.0,65.5,-66.37499,636517600.0,677336200.0,38737950.0,65.5,65.5,-66.75,-66.0,270,270,{270: 1281.8492431640625}
1106702,2024-07-23 05:00:00,20240723T05.nc,133,2338.7637,5,2138.5655015625007,914.4000000000004,248.86815786677104,350.0,52.749996,68.399994,727132300.0,865280100.0,81665470.0,52.75,52.75,68.25,68.5,340,360,"{340: 467.7527160644531, 350: 935.5054321289062, 360: 935.5054321289062}"
2056851,2024-11-06 12:00:00,20241106T12.nc,463,683.5744,2,208.3534776855469,304.8,0.0,300.0,63.75,-57.87499,557652350.0,579499600.0,21847232.0,63.75,63.75,-58.0,-57.75,300,300,{300: 683.5744018554688}
2638908,2024-12-27 02:00:00,20241227T02.nc,430,459.66086,1,140.1046295654297,304.8,0.0,350.0,53.5,-52.25,1175651200.0,1175651200.0,0.0,53.5,53.5,-52.25,-52.25,350,350,{350: 459.6608581542969}
946355,2024-06-19 17:00:00,20240619T17.nc,20,299907.0,420,822704.8824,2743.2,786.9902159493472,400.0,22.455898,-46.113205,802500540.0,1904357500.0,263436370.0,20.5,24.75,-48.0,-44.5,360,440,"{360: 712.6487426757812, 370: 4978.0146484375, 380: 23584.01953125, 390: 59930.95703125, 400: 41979.42578125, 410: 31421.818359375, 420: 37182.94140625, 430: 39317.20703125, 440: 60799.9609375}"
1771437,2024-10-12 05:00:00,20241012T05.nc,489,406.525,2,123.90881813964845,304.8,0.0,280.0,74.75,-20.375,529698460.0,533572930.0,3874464.0,74.75,74.75,-20.5,-20.25,280,280,{280: 406.5249938964844}
1647795,2024-10-01 11:00:00,20241001T11.nc,283,807.54193,2,246.1387806152344,304.8,0.0,340.0,58.5,15.875,692350460.0,730954240.0,38603810.0,58.5,58.5,15.75,16.0,340,340,{340: 807.5419311523438}
980829,2024-06-26 12:00:00,20240626T12.nc,41,667.5457,1,203.46793403320316,304.8,0.0,420.0,30.25,82.49999,566869060.0,566869060.0,0.0,30.25,30.25,82.5,82.5,420,420,{420: 667.5457153320312}
434866,2024-03-21 20:00:00,20240321T20.nc,76,2444.083,4,1489.913001562498,609.5999999999992,152.39999999999964,295.0,37.75,75.75,691257400.0,819560960.0,120239270.0,37.75,37.75,75.5,76.0,290,300,"{290: 1222.04150390625, 300: 1222.04150390625}"
452829,2024-03-25 10:00:00,20240325T10.nc,172,517.0837,1,157.60710541992188,304.8,0.0,350.0,48.0,-34.25,526500480.0,526500480.0,0.0,48.0,48.0,-34.25,-34.25,350,350,{350: 517.0836791992188}
1059758,2024-07-13 09:00:00,20240713T09.nc,65,5344.246,11,4886.778628125002,914.4000000000004,248.86815786677104,350.0,51.04477,70.4101,674260400.0,906157440.0,122293760.0,50.75,51.25,70.0,71.0,340,360,"{340: 1453.708740234375, 350: 1940.0283203125, 360: 1950.5098876953125}"
36886,2024-01-08 08:00:00,20240108T08.nc,171,524.5565,1,159.88482685546876,304.8,0.0,300.0,47.25,31.249998,567013250.0,567013250.0,0.0,47.25,47.25,31.25,31.25,300,300,{300: 524.5565185546875}
1769484,2024-10-12 01:00:00,20241012T01.nc,561,140.82603,1,42.92377532958984,304.8,0.0,300.0,79.5,6.2499995,706886200.0,706886200.0,0.0,79.5,79.5,6.25,6.25,300,300,{300: 140.82603454589844}
1617685,2024-09-28 20:00:00,20240928T20.nc,30,39107.977,55,59600.55628125003,1524.000000000001,431.0522938113196,420.0,23.048632,68.27257,1307659300.0,2327890400.0,549175600.0,22.0,23.75,68.0,68.75,400,440,"{400: 4261.3125, 410: 7817.90673828125, 420: 10668.4208984375, 430: 12096.3134765625, 440: 4264.0283203125}"
179382,2024-02-04 08:00:00,20240204T08.nc,25,623.19574,1,189.95006147460936,304.8,0.0,330.0,36.25,-37.75,513846620.0,513846620.0,0.0,36.25,36.25,-37.75,-37.75,330,330,{330: 623.1957397460938}
2183076,2024-11-17 12:00:00,20241117T12.nc,150,560.5471,1,170.85476191406252,304.8,0.0,300.0,43.5,8.25,508357200.0,508357200.0,0.0,43.5,43.5,8.25,8.25,300,300,{300: 560.547119140625}
1508983,2024-09-21 01:00:00,20240921T01.nc,68,10488.326,15,15984.209085937508,1524.000000000001,431.0522938113196,420.0,25.199919,-31.716814,786766500.0,1213936100.0,212401940.0,25.0,25.25,-32.25,-31.25,400,440,"{400: 698.935302734375, 410: 2096.805908203125, 420: 4196.47509765625, 430: 2797.1728515625, 440: 698.935302734375}"
2504264,2024-12-14 22:00:00,20241214T22.nc,266,574.2796,1,175.04042270507813,304.8,0.0,270.0,42.0,19.749998,533525060.0,533525060.0,0.0,42.0,42.0,19.75,19.75,270,270,{270: 574.2796020507812}
346872,2024-03-06 09:00:00,20240306T09.nc,60,20197.857,34,18468.920826562506,914.4000000000004,248.86815786677104,280.0,39.75423,66.992134,861401200.0,1438823600.0,259167470.0,38.75,40.75,66.5,67.25,270,290,"{270: 5349.31982421875, 280: 7129.43505859375, 290: 7719.1015625}"
1440696,2024-09-15 22:00:00,20240915T22.nc,226,2427.4758,4,739.8946330078126,304.8,0.0,360.0,38.25,-65.37499,618007900.0,727097860.0,96675816.0,38.25,38.25,-65.75,-65.0,360,360,{360: 2427.475830078125}
2494604,2024-12-14 03:00:00,20241214T03.nc,160,658.8943,1,200.83097871093756,304.8,0.0,350.0,31.5,-19.749998,593663200.0,593663200.0,0.0,31.5,31.5,-19.75,-19.75,350,350,{350: 658.894287109375}
1877028,2024-10-20 12:00:00,20241020T12.nc,476,232.37628,1,70.82829067382814,304.8,0.0,300.0,72.5,7.2499995,598979140.0,598979140.0,0.0,72.5,72.5,7.25,7.25,300,300,{300: 232.37628173828125}
2094511,2024-11-09 16:00:00,20241109T16.nc,261,548.80963,1,167.27717563476563,304.8,0.0,290.0,44.75,1.9999996,579299140.0,579299140.0,0.0,44.75,44.75,2.0,2.0,290,290,{290: 548.8096313476562}
1317003,2024-09-03 15:00:00,20240903T15.nc,126,572.01794,1,174.35106943359375,304.8,0.0,360.0,42.25,23.75,523933440.0,523933440.0,0.0,42.25,42.25,23.75,23.75,360,360,{360: 572.0179443359375}
1137029,2024-07-29 06:00:00,20240729T06.nc,138,406.64206,1,123.9444996826172,304.8,0.0,370.0,58.25,-38.999996,577983360.0,577983360.0,0.0,58.25,58.25,-39.0,-39.0,370,370,{370: 406.6420593261719}
986721,2024-06-27 17:00:00,20240627T17.nc,76,674.2383,1,205.507828125,304.8,0.0,440.0,29.249998,-65.24999,522207680.0,522207680.0,0.0,29.25,29.25,-65.25,-65.25,440,440,{440: 674.23828125}
2678702,2024-12-30 08:00:00,20241230T08.nc,5,2167.9316,3,1321.5711281249985,609.5999999999992,152.39999999999964,415.0,20.750002,-79.08333,554661060.0,570008960.0,11002114.0,20.75,20.75,-79.25,-79.0,410,420,"{410: 722.6439208984375, 420: 1445.287841796875}"
523968,2024-04-06 18:00:00,20240406T18.nc,22,657.1262,1,200.2920720703125,304.8,0.0,350.0,31.75,-9.999999,589896400.0,589896400.0,0.0,31.75,31.75,-10.0,-10.0,350,350,{350: 657.126220703125}
1225989,2024-08-16 08:00:00,20240816T08.nc,116,1734.0707,3,528.5447428710938,304.8,0.0,400.0,41.583115,-45.083435,521514270.0,527907600.0,5108184.0,41.5,41.75,-45.25,-45.0,400,400,{400: 1734.0706787109375}
40794,2024-01-09 02:00:00,20240109T02.nc,60,417975.44,682,1146590.22015,2743.2,786.9902159493472,350.0,37.495113,-25.4383,1417759400.0,3171943200.0,650169400.0,34.75,40.5,-27.25,-23.75,310,390,"{310: 17314.212890625, 320: 57513.2421875, 330: 51321.0546875, 340: 32970.86328125, 350: 46023.62890625, 360: 33865.52734375, 370: 49491.1875, 380: 70312.890625, 390: 59162.8359375}"
1674614,2024-10-04 02:00:00,20241004T02.nc,75,703.1903,1,214.33240576171875,304.8,0.0,380.0,24.5,-49.25,673514500.0,673514500.0,0.0,24.5,24.5,-49.25,-49.25,380,380,{380: 703.1903076171875}
2388335,2024-12-04 11:00:00,20241204T11.nc,123,3131.846,5,1909.1732894531283,609.600000000001,152.40000000000057,335.0,35.84981,36.400024,1196393500.0,1558463200.0,209652500.0,35.75,36.0,36.25,36.5,330,340,"{330: 2504.6865234375, 340: 627.1596069335938}"
538585,2024-04-09 09:00:00,20240409T09.nc,274,206.51366,1,62.9453625366211,304.8,0.0,270.0,74.5,-76.49999,502135900.0,502135900.0,0.0,74.5,74.5,-76.5,-76.5,270,270,{270: 206.51365661621094}
654068,2024-04-30 04:00:00,20240430T04.nc,35,1859.5651,3,566.7954313476563,304.8,0.0,380.0,36.66649,87.66675,540994900.0,565469250.0,17803180.0,36.5,36.75,87.5,87.75,380,380,{380: 1859.5650634765625}
2552044,2024-12-19,20241219T00.nc,440,446.00015,1,135.9408465087891,304.8,0.0,300.0,54.75,6.4999995,548562100.0,548562100.0,0.0,54.75,54.75,6.5,6.5,300,300,{300: 446.0001525878906}
1792789,2024-10-13 19:00:00,20241013T19.nc,413,400.8921,1,122.19190898437502,304.8,0.0,290.0,58.75,69.99999,522568700.0,522568700.0,0.0,58.75,58.75,70.0,70.0,290,290,{290: 400.89208984375}
1096564,2024-07-21 04:00:00,20240721T04.nc,113,529.4885,1,161.3881025390625,304.8,0.0,350.0,46.75,-40.25,506319870.0,506319870.0,0.0,46.75,46.75,-40.25,-40.25,350,350,{350: 529.488525390625}
918736,2024-06-14 17:00:00,20240614T17.nc,173,1704.6694,3,519.583243359375,304.8,0.0,330.0,42.666443,19.166779,542818750.0,588868860.0,32582828.0,42.5,42.75,19.0,19.25,330,330,{330: 1704.66943359375}
2003219,2024-11-01 13:00:00,20241101T13.nc,51,1422.6761,2,433.63168974609374,304.8,0.0,380.0,23.0,-2.875,605756800.0,633166850.0,27410016.0,23.0,23.0,-3.0,-2.75,380,380,{380: 1422.6761474609375}
222616,2024-02-12 04:00:00,20240212T04.nc,174,512.05255,1,156.07361762695314,304.8,0.0,330.0,48.5,40.749996,539353900.0,539353900.0,0.0,48.5,48.5,40.75,40.75,330,330,{330: 512.0525512695312}
1884073,2024-10-21 02:00:00,20241021T02.nc,39,712.64874,1,217.2153367675781,304.8,0.0,370.0,22.75,-54.249996,604310800.0,604310800.0,0.0,22.75,22.75,-54.25,-54.25,370,370,{370: 712.6487426757812}
135009,2024-01-26 14:00:00,20240126T14.nc,109,596.2879,1,181.74855278320317,304.8,0.0,390.0,39.5,10.249999,608423940.0,608423940.0,0.0,39.5,39.5,10.25,10.25,390,390,{390: 596.2879028320312}
1081956,2024-07-18 06:00:00,20240718T06.nc,120,2795.7625,6,852.1483951171875,304.8,0.0,340.0,52.916344,73.04134,813740500.0,1100284400.0,230233890.0,52.75,53.0,72.75,73.5,340,340,{340: 2795.762451171875}
1190050,2024-08-08 11:00:00,20240808T11.nc,131,451.49033,1,137.61425134277343,304.8,0.0,340.0,54.25,42.499992,624831040.0,624831040.0,0.0,54.25,54.25,42.5,42.5,340,340,{340: 451.4903259277344}
2368519,2024-12-02 10:00:00,20241202T10.nc,350,311.23035,1,94.86300966796875,304.8,0.0,300.0,66.25,-37.75,607776450.0,607776450.0,0.0,66.25,66.25,-37.75,-37.75,300,300,{300: 311.2303466796875}
1675539,2024-10-04 04:00:00,20241004T04.nc,59,712.64874,1,217.2153367675781,304.8,0.0,430.0,22.75,-87.75,983457660.0,983457660.0,0.0,22.75,22.75,-87.75,-87.75,430,430,{430: 712.6487426757812}
606930,2024-04-22 06:00:00,20240422T06.nc,15,662.3927,1,201.89729501953124,304.8,0.0,350.0,31.0,28.249998,514176260.0,514176260.0,0.0,31.0,31.0,28.25,28.25,350,350,{350: 662.3927001953125}
1155091,2024-08-01 19:00:00,20240801T19.nc,187,3689.927,11,1124.6897501953126,304.8,0.0,310.0,64.27131,48.29796,611765060.0,876046300.0,115437380.0,64.0,64.5,47.5,49.0,310,310,{310: 3689.927001953125}
701193,2024-05-08 03:00:00,20240508T03.nc,202,434.9185,1,132.56315500488282,304.8,0.0,270.0,55.75,-63.5,503482400.0,503482400.0,0.0,55.75,55.75,-63.5,-63.5,270,270,{270: 434.9184875488281}
1738417,2024-10-09 14:00:00,20241009T14.nc,150,680.72546,1,207.4851213867188,304.8,0.0,430.0,28.25,-65.0,962738940.0,962738940.0,0.0,28.25,28.25,-65.0,-65.0,430,430,{430: 680.7254638671875}
1489107,2024-09-19 15:00:00,20240919T15.nc,708,528.60547,2,161.118946875,304.8,0.0,290.0,70.0,-78.37499,563780200.0,587482240.0,23701984.0,70.0,70.0,-78.5,-78.25,290,290,{290: 528.60546875}
777436,2024-05-21 09:00:00,20240521T09.nc,123,473.10278,1,144.2017283203125,304.8,0.0,320.0,52.25,12.499999,510308770.0,510308770.0,0.0,52.25,52.25,12.5,12.5,320,320,{320: 473.102783203125}
1663716,2024-10-03 03:00:00,20241003T03.nc,24,3568.4321,5,1087.658112890625,304.8,0.0,380.0,22.549929,-45.600037,661713600.0,914036200.0,142012050.0,22.5,22.75,-46.0,-45.25,380,380,{380: 3568.43212890625}
559851,2024-04-12 21:00:00,20240412T21.nc,284,9443.521,35,2878.3853484375004,304.8,0.0,270.0,69.56155,78.771454,619092350.0,684023550.0,52904500.0,69.25,70.0,77.0,80.5,270,270,{270: 9443.521484375}
1926470,2024-10-24 14:00:00,20241024T14.nc,241,657.1262,1,200.2920720703125,304.8,0.0,380.0,31.75,-33.75,1022622300.0,1022622300.0,0.0,31.75,31.75,-33.75,-33.75,380,380,{380: 657.126220703125}
1856424,2024-10-19 01:00:00,20241019T01.nc,288,504.4328,1,153.75111752929686,304.8,0.0,340.0,49.25,-1.9999999,506576860.0,506576860.0,0.0,49.25,49.25,-2.0,-2.0,340,340,{340: 504.43280029296875}
2124717,2024-11-12 11:00:00,20241112T11.nc,105,617.1612,1,188.11073188476564,304.8,0.0,360.0,37.0,-26.5,1863741300.0,1863741300.0,0.0,37.0,37.0,-26.5,-26.5,360,360,{360: 617.1611938476562}
342638,2024-03-05 11:00:00,20240305T11.nc,113,512.05255,1,156.07361762695314,304.8,0.0,340.0,48.5,-18.249998,569040500.0,569040500.0,0.0,48.5,48.5,-18.25,-18.25,340,340,{340: 512.0525512695312}
1338282,2024-09-07 14:00:00,20240907T14.nc,201,30314.541,72,18479.744203125032,609.600000000001,152.40000000000057,375.0,56.98519,-49.113842,747588600.0,1133443300.0,167776480.0,56.75,57.25,-52.5,-47.0,370,380,"{370: 10493.69140625, 380: 19820.849609375}"
978860,2024-06-26,20240626T00.nc,132,512.05255,1,156.07361762695314,304.8,0.0,340.0,48.5,-70.75,540255200.0,540255200.0,0.0,48.5,48.5,-70.75,-70.75,340,340,{340: 512.0525512695312}
2551286,2024-12-18 23:00:00,20241218T23.nc,222,596.2879,1,181.74855278320317,304.8,0.0,380.0,39.5,-70.49999,1754721300.0,1754721300.0,0.0,39.5,39.5,-70.5,-70.5,380,380,{380: 596.2879028320312}
752612,2024-05-17 03:00:00,20240517T03.nc,152,2015.172,4,1228.4488494140646,609.600000000001,152.40000000000057,305.0,49.31226,15.312581,519618750.0,543640770.0,15363587.0,49.25,49.5,15.25,15.5,300,310,"{300: 504.43280029296875, 310: 1510.7392578125}"
2261377,2024-11-24 03:00:00,20241124T03.nc,269,8867665.0,27997,27028642.92000001,3048.000000000001,875.4713473323958,315.0,64.24022,-71.5018,1025589440.0,2980547300.0,425272350.0,50.25,78.25,-88.75,-26.25,270,360,"{270: 236571.40625, 280: 378098.71875, 290: 835794.9375, 300: 1611826.75, 310: 1241749.375, 320: 1518176.25, 330: 1651525.625, 340: 1194238.5, 350: 196159.5, 360: 3523.758056640625}"
2542065,2024-12-18 05:00:00,20241218T05.nc,128,26395.81,41,24136.329164062507,914.4000000000004,248.86815786677104,280.0,33.57801,-45.08824,661412900.0,1006853800.0,116407096.0,33.0,34.25,-46.5,-43.0,270,290,"{270: 1290.657958984375, 280: 7101.3759765625, 290: 18003.775390625}"
2358927,2024-12-01 15:00:00,20241201T15.nc,125,627.1596,1,191.15824819335936,304.8,0.0,370.0,35.75,-55.749996,564267500.0,564267500.0,0.0,35.75,35.75,-55.75,-55.75,370,370,{370: 627.1596069335938}
711189,2024-05-09 18:00:00,20240509T18.nc,78,276794.06,455,506200.9815,1828.8,520.5450989107476,375.0,38.02755,-79.82487,1063298200.0,2391761400.0,439752800.0,34.25,40.75,-84.0,-75.25,350,400,"{350: 16347.35546875, 360: 45375.80859375, 370: 88624.4453125, 380: 94541.3984375, 390: 28843.775390625, 400: 3061.279052734375}"
821325,2024-05-29 01:00:00,20240529T01.nc,73,2328.4307,4,709.70566640625,304.8,0.0,400.0,41.124763,-9.250237,542470850.0,563694500.0,24918580.0,41.0,41.25,-9.5,-9.0,400,400,{400: 2328.4306640625}
902667,2024-06-11 22:00:00,20240611T22.nc,16,1440.4545,2,439.05052177734376,304.8,0.0,440.0,21.25,-60.124996,565215040.0,588205200.0,22990144.0,21.25,21.25,-60.25,-60.0,440,440,{440: 1440.4544677734375}
1868420,2024-10-19 20:00:00,20241019T20.nc,430,389.3012,1,118.65900834960938,304.8,0.0,330.0,59.750004,62.74999,1204112000.0,1204112000.0,0.0,59.75,59.75,62.75,62.75,330,330,{330: 389.30120849609375}
34772,2024-01-07 23:00:00,20240107T23.nc,128,19296.121,40,5881.457709375,304.8,0.0,330.0,51.35648,-22.236143,538231600.0,581182900.0,19675924.0,50.0,52.5,-22.75,-21.75,330,330,{330: 19296.12109375}
1363051,2024-09-10 09:00:00,20240910T09.nc,94,698.9353,1,213.0354802734375,304.8,0.0,390.0,25.250002,-41.25,779525440.0,779525440.0,0.0,25.25,25.25,-41.25,-41.25,390,390,{390: 698.935302734375}
1009143,2024-07-02 15:00:00,20240702T15.nc,78,555.88385,1,169.43339750976563,304.8,0.0,340.0,44.0,40.499996,505817400.0,505817400.0,0.0,44.0,44.0,40.5,40.5,340,340,{340: 555.8838500976562}
1200369,2024-08-10 14:00:00,20240810T14.nc,206,721.59796,4,219.9430586425781,304.8,0.0,330.0,76.5,62.874996,509820450.0,521775740.0,9374114.0,76.5,76.5,62.5,63.25,330,330,{330: 721.5979614257812}
1933267,2024-10-25 05:00:00,20241025T05.nc,108,8611.1045,13,5249.329298437493,609.5999999999992,152.39999999999964,365.0,31.000002,-24.153843,626299800.0,782405060.0,87769890.0,31.0,31.0,-25.25,-23.0,360,370,"{360: 4636.74853515625, 370: 3974.35595703125}"
421880,2024-03-19 13:00:00,20240319T13.nc,117,6790.7607,11,2069.82387421875,304.8,0.0,350.0,36.976753,56.044544,559400640.0,660654900.0,50632452.0,36.75,37.25,55.25,56.75,350,350,{350: 6790.7607421875}
2468177,2024-12-11 13:00:00,20241211T13.nc,100,683.8914,1,208.45010434570312,304.8,0.0,360.0,27.75,10.999998,697300900.0,697300900.0,0.0,27.75,27.75,11.0,11.0,360,360,{360: 683.8914184570312}
1787847,2024-10-13 11:00:00,20241013T11.nc,564,329.63928,1,100.47405322265624,304.8,0.0,300.0,64.75,-45.5,654543360.0,654543360.0,0.0,64.75,64.75,-45.5,-45.5,300,300,{300: 329.6392822265625}
784258,2024-05-22 14:00:00,20240522T14.nc,81,644.40155,1,196.4135925292969,304.8,0.0,390.0,33.5,-64.49999,503289630.0,503289630.0,0.0,33.5,33.5,-64.5,-64.5,390,390,{390: 644.4015502929688}
2253967,2024-11-23 13:00:00,20241123T13.nc,442,747.79944,4,227.92926884765623,304.8,0.0,340.0,76.0,-55.625,1271587200.0,1316570900.0,34720830.0,76.0,76.0,-56.0,-55.25,340,340,{340: 747.7994384765625}
2607065,2024-12-24 07:00:00,20241224T07.nc,414,380.5299,1,115.98551572265626,304.8,0.0,330.0,60.499996,-26.499998,845556740.0,845556740.0,0.0,60.5,60.5,-26.5,-26.5,330,330,{330: 380.5299072265625}
2642150,2024-12-27 09:00:00,20241227T09.nc,424,150.75987,1,45.95160911865235,304.8,0.0,280.0,78.75,-24.75,535265250.0,535265250.0,0.0,78.75,78.75,-24.75,-24.75,280,280,{280: 150.75987243652344}
491350,2024-04-01 03:00:00,20240401T03.nc,150,4709.4014,12,1435.4255367187502,304.8,0.0,270.0,59.4781,-19.50185,790329800.0,1099933300.0,176943970.0,59.25,59.75,-20.25,-18.75,270,270,{270: 4709.4013671875}
1561274,2024-09-25 01:00:00,20240925T01.nc,562,3384.9448,19,1031.731182421875,304.8,0.0,300.0,76.67005,-35.289974,590162100.0,669692800.0,48299210.0,76.5,76.75,-36.75,-33.75,300,300,{300: 3384.94482421875}
2091040,2024-11-09 09:00:00,20241109T09.nc,239,51898.812,109,79093.79025000003,1524.000000000001,431.0522938113194,320.0,51.928284,12.278285,924088900.0,1779489400.0,341741800.0,49.75,53.75,11.5,13.75,300,340,"{300: 2747.10595703125, 310: 6162.87109375, 320: 8894.4443359375, 330: 18433.333984375, 340: 15661.056640625}"
1722512,2024-10-08 08:00:00,20241008T08.nc,99,1396.4257,2,425.6305409179688,304.8,0.0,430.0,25.37487,-67.25,563159550.0,566912700.0,3753184.0,25.25,25.5,-67.25,-67.25,430,430,{430: 1396.4256591796875}
45477,2024-01-09 23:00:00,20240109T23.nc,143,96592.234,238,88323.93911250003,914.4000000000004,248.86815786677104,280.0,58.281467,-7.521485,872003460.0,1559013100.0,279482530.0,56.5,60.0,-12.0,-4.0,270,290,"{270: 37697.578125, 280: 37912.12890625, 290: 20982.525390625}"
1100767,2024-07-22 01:00:00,20240722T01.nc,75,8940.733,14,5450.27107968751,609.600000000001,152.40000000000057,405.0,34.267387,-85.48225,828437700.0,1332835500.0,218816110.0,34.0,34.5,-85.75,-85.0,400,410,"{400: 5108.17822265625, 410: 3832.5556640625}"
1912114,2024-10-23 10:00:00,20241023T10.nc,274,1013.9648,2,309.05646577148434,304.8,0.0,290.0,49.0,60.875,607973000.0,640083140.0,32110112.0,49.0,49.0,60.75,61.0,290,290,{290: 1013.9647827148438}
531397,2024-04-08 03:00:00,20240408T03.nc,205,5411.957,30,1649.564503125,304.8,0.0,270.0,76.49755,50.007965,574079900.0,723873660.0,50161220.0,76.25,76.75,47.75,53.0,270,270,{270: 5411.95703125}
426018,2024-03-20 06:00:00,20240320T06.nc,115,1736.3104,3,1058.4548349609393,609.600000000001,152.40000000000057,375.0,41.5,-0.1666667,544108350.0,568427600.0,31220324.0,41.5,41.5,-0.25,0.0,370,380,"{370: 578.7701416015625, 380: 1157.540283203125}"
1709044,2024-10-07 04:00:00,20241007T04.nc,192,1627.3237,3,496.0082730468751,304.8,0.0,370.0,45.41642,89.16679,586704300.0,649694700.0,47790760.0,45.25,45.5,89.0,89.25,370,370,{370: 1627.32373046875}
2051257,2024-11-06 01:00:00,20241106T01.nc,122,45022.727,82,54891.70822499998,1219.1999999999996,340.7767597709678,315.0,44.71103,10.910294,878234400.0,1409088000.0,219522820.0,43.25,45.75,10.0,11.75,300,330,"{300: 1107.06201171875, 310: 25908.1015625, 320: 12569.6142578125, 330: 5437.94873046875}"
866141,2024-06-06 04:00:00,20240606T04.nc,252,2053.175,11,625.8077548828124,304.8,0.0,290.0,76.02236,18.953278,533769630.0,559114300.0,19378536.0,76.0,76.25,17.75,20.0,290,290,{290: 2053.175048828125}
2461861,2024-12-10 23:00:00,20241210T23.nc,470,326.5865,1,99.54356118164064,304.8,0.0,270.0,65.0,-33.499996,563129860.0,563129860.0,0.0,65.0,65.0,-33.5,-33.5,270,270,{270: 326.58648681640625}
65816,2024-01-13 15:00:00,20240113T15.nc,74,1250.3673,2,381.1119559570313,304.8,0.0,330.0,36.0,-7.8749995,624673540.0,708732300.0,84058750.0,36.0,36.0,-8.0,-7.75,330,330,{330: 1250.3673095703125}
1699978,2024-10-06 08:00:00,20241006T08.nc,254,5709.9746,11,1740.4002609375,304.8,0.0,330.0,47.785202,27.796255,593545700.0,702525060.0,64995332.0,46.75,49.0,27.75,28.0,330,330,{330: 5709.974609375}
1472692,2024-09-18 11:00:00,20240918T11.nc,56,7608.816,11,4638.3341835937445,609.5999999999992,152.39999999999964,435.0,26.476929,-43.20475,598775230.0,748544830.0,68587430.0,26.25,26.75,-43.5,-42.75,430,440,"{430: 6224.162109375, 440: 1384.65380859375}"
2106220,2024-11-10 18:00:00,20241110T18.nc,423,289.4846,1,88.2349026123047,304.8,0.0,270.0,68.0,-34.75,526046140.0,526046140.0,0.0,68.0,68.0,-34.75,-34.75,270,270,{270: 289.4845886230469}
664646,2024-05-01 22:00:00,20240501T22.nc,66,1234.3224,2,376.2214637695313,304.8,0.0,350.0,37.0,46.124996,799168000.0,974841900.0,175673890.0,37.0,37.0,46.0,46.25,350,350,{350: 1234.3223876953125}
622793,2024-04-24 20:00:00,20240424T20.nc,184,64594.32,158,19688.34883125,304.8,0.0,270.0,58.00477,10.376044,743522400.0,1191145900.0,145919700.0,55.75,61.0,8.5,12.0,270,270,{270: 64594.3203125}
1353092,2024-09-09 14:00:00,20240909T14.nc,188,567.462,1,172.96241000976562,304.8,0.0,410.0,42.75,-54.999996,1384939000.0,1384939000.0,0.0,42.75,42.75,-55.0,-55.0,410,410,{410: 567.4619750976562}
2436221,2024-12-08 22:00:00,20241208T22.nc,161,1835.1207,3,559.3447977539063,304.8,0.0,330.0,37.66648,-41.166756,561996100.0,636475100.0,52669370.0,37.5,37.75,-41.25,-41.0,330,330,{330: 1835.1207275390625}
1899832,2024-10-22 12:00:00,20241022T12.nc,39,2735.5657,4,1667.6008347656275,609.600000000001,152.40000000000057,375.0,27.75,-4.437499,615842300.0,746324860.0,87659760.0,27.75,27.75,-4.75,-4.25,370,380,"{370: 683.8914184570312, 380: 2051.67431640625}"
1714598,2024-10-07 15:00:00,20241007T15.nc,421,701.6601,2,213.8659970214844,304.8,0.0,300.0,63.0,-9.125001,614035400.0,629244740.0,15209344.0,63.0,63.0,-9.25,-9.0,300,300,{300: 701.6600952148438}
2569071,2024-12-20 14:00:00,20241220T14.nc,234,541.6413,1,165.0922671386719,304.8,0.0,280.0,45.5,80.5,531348160.0,531348160.0,0.0,45.5,45.5,80.5,80.5,280,280,{280: 541.6412963867188}
1357348,2024-09-09 21:00:00,20240909T21.nc,491,225.93599,1,68.86528956298828,304.8,0.0,300.0,73.00001,-85.99999,922402500.0,922402500.0,0.0,73.0,73.0,-86.0,-86.0,300,300,{300: 225.9359893798828}
2022131,2024-11-03 12:00:00,20241103T12.nc,414,11647.716,27,3550.2237820312503,304.8,0.0,330.0,56.0627,-23.23808,732507650.0,1133156200.0,189233740.0,55.5,56.5,-24.5,-22.25,330,330,{330: 11647.7158203125}
1697072,2024-10-06 02:00:00,20241006T02.nc,220,483.69455,1,147.4300987060547,304.8,0.0,350.0,51.25,-85.74999,511160740.0,511160740.0,0.0,51.25,51.25,-85.75,-85.75,350,350,{350: 483.6945495605469}
1244619,2024-08-19 22:00:00,20240819T22.nc,26,711.3381,1,216.81584487304687,304.8,0.0,400.0,23.0,83.49999,570035900.0,570035900.0,0.0,23.0,23.0,83.5,83.5,400,400,{400: 711.3380737304688}
1445393,2024-09-16 07:00:00,20240916T07.nc,31,716.4994,1,218.38901396484377,304.8,0.0,400.0,22.0,-76.75,728998800.0,728998800.0,0.0,22.0,22.0,-76.75,-76.75,400,400,{400: 716.4993896484375}
1392447,2024-09-12 10:00:00,20240912T10.nc,71,4250.6914,6,1295.610740625,304.8,0.0,440.0,23.541443,-82.49999,682734900.0,813898000.0,109249780.0,23.25,23.75,-82.75,-82.25,440,440,{440: 4250.69140625}
338272,2024-03-04 14:00:00,20240304T14.nc,118,24509.871,43,14941.217418750026,609.600000000001,152.40000000000057,285.0,42.468506,80.4668,548371000.0,676498100.0,37144580.0,41.75,43.0,79.25,82.25,280,290,"{280: 13682.6435546875, 290: 10827.23046875}"
1821607,2024-10-16 02:00:00,20241016T02.nc,171,4064.752,7,1238.9363953125,304.8,0.0,340.0,41.285328,5.249452,556123800.0,686010100.0,55210804.0,41.0,41.5,4.75,5.75,340,340,{340: 4064.751953125}
2401265,2024-12-05 17:00:00,20241205T17.nc,89,3926.6953,6,2393.713462500004,609.600000000001,152.40000000000057,285.0,32.124825,16.791382,608851140.0,766925200.0,84863290.0,32.0,32.25,16.5,17.25,280,290,"{280: 655.345703125, 290: 3271.34912109375}"
1335465,2024-09-07 01:00:00,20240907T01.nc,98,587.6185,1,179.10612802734374,304.8,0.0,340.0,40.5,-81.99999,550286200.0,550286200.0,0.0,40.5,40.5,-82.0,-82.0,340,340,{340: 587.6185302734375}
1022682,2024-07-05 13:00:00,20240705T13.nc,72,675.8794,1,206.008039453125,304.8,0.0,440.0,29.0,-76.75,530160640.0,530160640.0,0.0,29.0,29.0,-76.75,-76.75,440,440,{440: 675.87939453125}
1330466,2024-09-06 02:00:00,20240906T02.nc,72,621.1961,1,189.34057309570312,304.8,0.0,370.0,36.5,-60.0,608071700.0,608071700.0,0.0,36.5,36.5,-60.0,-60.0,370,370,{370: 621.1961059570312}
743879,2024-05-15 13:00:00,20240515T13.nc,49,598.427,1,182.4005501953125,304.8,0.0,340.0,39.25,-82.49999,556029950.0,556029950.0,0.0,39.25,39.25,-82.5,-82.5,340,340,{340: 598.427001953125}
770415,2024-05-20 05:00:00,20240520T05.nc,110,74926.44,129,91350.31260000008,1219.2000000000014,340.77675977096834,365.0,41.25447,87.24531,774608600.0,1277424500.0,199848200.0,39.5,42.5,85.75,88.5,350,380,"{350: 15245.271484375, 360: 21568.2734375, 370: 20828.529296875, 380: 17284.361328125}"
1200174,2024-08-10 13:00:00,20240810T13.nc,210,321.33557,2,97.94308212890624,304.8,0.0,290.0,78.0,-41.375,544461440.0,564434240.0,19972800.0,78.0,78.0,-41.5,-41.25,290,290,{290: 321.3355712890625}
85505,2024-01-17 03:00:00,20240117T03.nc,242,1007.1781,3,306.98788505859375,304.8,0.0,290.0,64.25,-64.49999,577807040.0,598461500.0,22106610.0,64.25,64.25,-64.75,-64.25,290,290,{290: 1007.1781005859375}
1416780,2024-09-14 01:00:00,20240914T01.nc,303,49777.234,100,60688.40415000008,1219.2000000000014,340.77675977096834,365.0,49.89407,-1.0885694,1101680100.0,1931317800.0,416623900.0,49.0,50.5,-2.25,-0.25,350,380,"{350: 494.138916015625, 360: 7942.384765625, 370: 19436.345703125, 380: 21904.357421875}"
767892,2024-05-19 17:00:00,20240519T17.nc,73,638.7633,1,194.69505556640627,304.8,0.0,360.0,34.25,-38.749996,500361300.0,500361300.0,0.0,34.25,34.25,-38.75,-38.75,360,360,{360: 638.7633056640625}
552651,2024-04-11 17:00:00,20240411T17.nc,140,1063.8788,2,648.5405068359366,609.5999999999992,152.39999999999964,315.0,46.5,7.000001,603612700.0,651435970.0,47823330.0,46.5,46.5,7.0,7.0,310,320,"{310: 531.9393920898438, 320: 531.9393920898438}"
692667,2024-05-06 17:00:00,20240506T17.nc,167,524.5565,1,159.88482685546876,304.8,0.0,320.0,47.25,-59.249996,520351550.0,520351550.0,0.0,47.25,47.25,-59.25,-59.25,320,320,{320: 524.5565185546875}
2689445,2024-12-31 05:00:00,20241231T05.nc,419,1159.154,3,353.3101552734375,304.8,0.0,290.0,60.000008,-76.24999,514809200.0,515825470.0,925547.1,60.0,60.0,-76.5,-76.0,290,290,{290: 1159.154052734375}
1238853,2024-08-18 17:00:00,20240818T17.nc,227,386.97202,2,117.94907028808596,304.8,0.0,310.0,75.5,47.625,601306940.0,636162000.0,34855040.0,75.5,75.5,47.5,47.75,310,310,{310: 386.9720153808594}
544,2024-01-01 03:00:00,20240101T03.nc,9,205499.62,312,438453.9999000003,2133.6000000000013,609.6000000000004,350.0,31.526138,-18.588114,798351200.0,1734064000.0,256579540.0,30.0,33.5,-21.25,-15.25,320,380,"{320: 35574.23828125, 330: 63805.3046875, 340: 18418.646484375, 350: 35531.37109375, 360: 31685.08984375, 370: 13223.099609375, 380: 7261.869140625}"
1381703,2024-09-11 17:00:00,20240911T17.nc,595,395.1117,1,120.43004443359376,304.8,0.0,340.0,59.25,-84.74999,652733600.0,652733600.0,0.0,59.25,59.25,-84.75,-84.75,340,340,{340: 395.1116943359375}
1962093,2024-10-28 02:00:00,20241028T02.nc,237,886.48474,2,540.4010982421868,609.5999999999992,152.39999999999964,275.0,55.0,71.49999,595554050.0,676413200.0,80859140.0,55.0,55.0,71.5,71.5,270,280,"{270: 443.24237060546875, 280: 443.24237060546875}"
836283,2024-06-01 04:00:00,20240601T04.nc,172,603.0395,4,183.8064364746094,304.8,0.0,280.0,78.75,-47.375,505531460.0,508748160.0,2078979.5,78.75,78.75,-47.75,-47.0,280,280,{280: 603.0394897460938}
142826,2024-01-28 04:00:00,20240128T04.nc,106,2529.8127,5,771.0869244140625,304.8,0.0,330.0,49.099693,79.45015,1056868540.0,1445174500.0,319845540.0,49.0,49.25,79.25,79.75,330,330,{330: 2529.812744140625}
2078851,2024-11-08 07:00:00,20241108T07.nc,464,1003.54767,6,305.88132934570314,304.8,0.0,280.0,77.5,36.875,531902750.0,554514400.0,17170434.0,77.5,77.5,36.25,37.5,280,280,{280: 1003.5476684570312}
163573,2024-02-01 01:00:00,20240201T01.nc,163,29042.555,160,26556.51200625001,914.4000000000004,248.86815786677104,340.0,76.38715,76.31181,1064471360.0,2102402000.0,446850300.0,75.0,77.75,73.25,78.75,330,350,"{330: 10482.529296875, 340: 18382.90625, 350: 177.11903381347656}"
1222069,2024-08-15 15:00:00,20240815T15.nc,18,2139.2434,3,652.0413908203126,304.8,0.0,420.0,22.666565,-71.583275,3130086700.0,3346386200.0,157292460.0,22.5,22.75,-71.75,-71.5,420,420,{420: 2139.243408203125}
2609556,2024-12-24 13:00:00,20241224T13.nc,94,2419.1028,4,737.3425283203125,304.8,0.0,330.0,38.5,-67.375,637056800.0,671312260.0,27529142.0,38.5,38.5,-67.75,-67.0,330,330,{330: 2419.102783203125}
2398668,2024-12-05 11:00:00,20241205T11.nc,171,589.80273,1,179.7718734375,304.8,0.0,390.0,40.25,-22.25,1093061000.0,1093061000.0,0.0,40.25,40.25,-22.25,-22.25,390,390,{390: 589.802734375}
1536605,2024-09-23 02:00:00,20240923T02.nc,463,1291.0448,4,393.5104549804688,304.8,0.0,300.0,65.31206,85.25,619125200.0,692457100.0,46428200.0,65.25,65.5,85.0,85.5,300,300,{300: 1291.0447998046875}
2056513,2024-11-06 12:00:00,20241106T12.nc,120,682.31494,1,207.96959414062505,304.8,0.0,360.0,28.0,43.749996,568119000.0,568119000.0,0.0,28.0,28.0,43.75,43.75,360,360,{360: 682.31494140625}
329352,2024-03-03 03:00:00,20240303T03.nc,229,731.53406,2,222.9715807617188,304.8,0.0,310.0,61.749996,69.625,574565000.0,599119800.0,24554848.0,61.75,61.75,69.5,69.75,310,310,{310: 731.5340576171875}
952330,2024-06-20 18:00:00,20240620T18.nc,131,567.462,1,172.96241000976562,304.8,0.0,360.0,42.75,10.5,591894900.0,591894900.0,0.0,42.75,42.75,10.5,10.5,360,360,{360: 567.4619750976562}
794986,2024-05-24 12:00:00,20240524T12.nc,27,3468.3225,5,1057.1447009765625,304.8,0.0,380.0,26.149443,-72.59981,655480500.0,720302850.0,50897348.0,25.75,26.5,-72.75,-72.5,380,380,{380: 3468.322509765625}
6529,2024-01-02 08:00:00,20240102T08.nc,172,1044.1509,2,318.25718789062506,304.8,0.0,300.0,47.5,48.875,608289700.0,678282430.0,69992700.0,47.5,47.5,48.75,49.0,300,300,{300: 1044.15087890625}
1825831,2024-10-16 10:00:00,20241016T10.nc,303,335.72604,1,102.3292981201172,304.8,0.0,290.0,64.25,44.5,508872860.0,508872860.0,0.0,64.25,64.25,44.5,44.5,290,290,{290: 335.7260437011719}
1301091,2024-08-31 20:00:00,20240831T20.nc,258,11406.407,60,6953.345845312491,609.5999999999992,152.39999999999964,295.0,75.74873,-76.16072,558006600.0,630449100.0,37502176.0,75.25,76.5,-79.25,-73.5,290,300,"{290: 1295.55517578125, 300: 10110.8525390625}"
2455076,2024-12-10 09:00:00,20241210T09.nc,422,418.04852,1,127.42118979492189,304.8,0.0,280.0,57.25,-32.749996,505765600.0,505765600.0,0.0,57.25,57.25,-32.75,-32.75,280,280,{280: 418.04852294921875}
134383,2024-01-26 12:00:00,20240126T12.nc,39,636.85956,1,194.11479331054687,304.8,0.0,340.0,34.5,-17.25,519680830.0,519680830.0,0.0,34.5,34.5,-17.25,-17.25,340,340,{340: 636.8595581054688}
953166,2024-06-20 22:00:00,20240620T22.nc,9,2900.0225,4,883.92684609375,304.8,0.0,440.0,20.25,71.37499,551518460.0,570838700.0,18945580.0,20.25,20.25,71.0,71.75,440,440,{440: 2900.0224609375}
424422,2024-03-20,20240320T00.nc,40,636.85956,1,194.11479331054687,304.8,0.0,390.0,34.5,-47.749996,660226940.0,660226940.0,0.0,34.5,34.5,-47.75,-47.75,390,390,{390: 636.8595581054688}
474351,2024-03-29 03:00:00,20240329T03.nc,254,13741.772,81,4188.49224609375,304.8,0.0,270.0,77.307724,85.19133,622769150.0,794084000.0,81686520.0,76.75,78.0,82.5,87.75,270,270,{270: 13741.7724609375}
500310,2024-04-02 20:00:00,20240402T20.nc,180,18786.113,37,11452.014656249983,609.5999999999992,152.39999999999964,275.0,48.924194,23.611425,944214340.0,1547649800.0,251662660.0,48.5,49.5,22.25,25.25,270,280,"{270: 15736.5986328125, 280: 3049.51416015625}"
714645,2024-05-10 08:00:00,20240510T08.nc,202,332.68588,1,101.40265700683594,304.8,0.0,290.0,64.5,83.74999,513123100.0,513123100.0,0.0,64.5,64.5,83.75,83.75,290,290,{290: 332.6858825683594}
1070399,2024-07-15 18:00:00,20240715T18.nc,163,71320.7,150,65215.65093750002,914.4000000000004,248.86815786677104,350.0,52.023697,-52.275024,661157000.0,952152770.0,110644216.0,51.5,53.0,-56.0,-48.75,340,360,"{340: 22884.20703125, 350: 26185.10546875, 360: 22251.376953125}"
2088483,2024-11-09 03:00:00,20241109T03.nc,453,286.35544,1,87.28113757324219,304.8,0.0,300.0,68.25,-28.999998,532828100.0,532828100.0,0.0,68.25,68.25,-29.0,-29.0,300,300,{300: 286.3554382324219}
2057626,2024-11-06 14:00:00,20241106T14.nc,61,716.4994,1,218.38901396484377,304.8,0.0,410.0,22.0,-81.99999,739857540.0,739857540.0,0.0,22.0,22.0,-82.0,-82.0,410,410,{410: 716.4993896484375}
1595713,2024-09-27 07:00:00,20240927T07.nc,609,283.22095,1,86.3257447265625,304.8,0.0,310.0,68.5,80.5,993439360.0,993439360.0,0.0,68.5,68.5,80.5,80.5,310,310,{310: 283.220947265625}
24435,2024-01-06 04:00:00,20240106T04.nc,18,113746.81,171,138680.11380000017,1219.2000000000014,340.77675977096834,365.0,30.589714,-83.491234,671108860.0,1359630600.0,154105120.0,29.75,32.0,-87.0,-80.75,350,380,"{350: 32021.46875, 360: 19967.669921875, 370: 54433.609375, 380: 7324.0703125}"
2650688,2024-12-28 04:00:00,20241228T04.nc,25,1400.7339,2,426.943688671875,304.8,0.0,330.0,25.0,-39.374996,576036740.0,611221500.0,35184770.0,25.0,25.0,-39.5,-39.25,330,330,{330: 1400.73388671875}
507323,2024-04-04 02:00:00,20240404T02.nc,187,26064.33,60,15888.81561562498,609.5999999999992,152.39999999999964,345.0,55.795105,72.04448,605302340.0,740952060.0,81686050.0,55.5,56.0,69.75,75.0,340,350,"{340: 15654.19921875, 350: 10410.130859375}"
1112048,2024-07-24 07:00:00,20240724T07.nc,34,3501.8215,5,1067.3552033203125,304.8,0.0,440.0,24.999794,79.49999,883997800.0,1087104300.0,120899720.0,24.75,25.25,79.25,79.75,440,440,{440: 3501.821533203125}
419072,2024-03-19 03:00:00,20240319T03.nc,103,1116.4417,2,340.2914150390625,304.8,0.0,290.0,43.75,21.124998,529658880.0,531375460.0,1716560.0,43.75,43.75,21.0,21.25,290,290,{290: 1116.441650390625}
1544008,2024-09-23 17:00:00,20240923T17.nc,27,723.83167,1,220.62389150390624,304.8,0.0,400.0,20.5,-66.0,609915900.0,609915900.0,0.0,20.5,20.5,-66.0,-66.0,400,400,{400: 723.8316650390625}
1547126,2024-09-23 22:00:00,20240923T22.nc,454,755.18317,2,230.17982915039065,304.8,0.0,280.0,60.750004,25.374998,579766000.0,585970400.0,6204416.0,60.75,60.75,25.25,25.5,280,280,{280: 755.1831665039062}
2155373,2024-11-15 01:00:00,20241115T01.nc,543,464.75256,2,141.65658134765627,304.8,0.0,270.0,72.5,-76.12499,964576900.0,982176450.0,17599584.0,72.5,72.5,-76.25,-76.0,270,270,{270: 464.7525634765625}
2230630,2024-11-21 11:00:00,20241121T11.nc,39,11962.545,17,10938.551076562504,914.4000000000004,248.86815786677104,430.0,24.411476,-67.235504,599047230.0,783553200.0,87166230.0,24.25,24.75,-67.75,-66.75,420,440,"{420: 1409.163818359375, 430: 4926.49365234375, 440: 5626.88720703125}"
889310,2024-06-09 18:00:00,20240609T18.nc,262,317.39105,1,96.74079272460938,304.8,0.0,280.0,65.75,3.5,555996160.0,555996160.0,0.0,65.75,65.75,3.5,3.5,280,280,{280: 317.39105224609375}
123885,2024-01-24 13:00:00,20240124T13.nc,267,905.83545,3,276.098644921875,304.8,0.0,270.0,67.0,17.75,538396600.0,567263900.0,24114414.0,67.0,67.0,17.5,18.0,270,270,{270: 905.83544921875}
1736966,2024-10-09 11:00:00,20241009T11.nc,256,499.3049,1,152.1881338623047,304.8,0.0,390.0,49.75,35.749996,651276860.0,651276860.0,0.0,49.75,49.75,35.75,35.75,390,390,{390: 499.3049011230469}
2438389,2024-12-09 02:00:00,20241209T02.nc,472,1291.0448,4,393.5104549804688,304.8,0.0,380.0,65.31206,-19.937943,1052503800.0,1344021400.0,329247070.0,65.25,65.5,-20.25,-19.75,380,380,{380: 1291.0447998046875}
1997523,2024-10-31 23:00:00,20241031T23.nc,101,1931.3374,3,588.671640234375,304.8,0.0,380.0,33.58317,-30.833412,863988700.0,1123274500.0,243527680.0,33.5,33.75,-31.0,-30.75,380,380,{380: 1931.33740234375}
1156446,2024-08-02 01:00:00,20240802T01.nc,180,50514.812,181,30793.82969999996,609.5999999999992,152.39999999999964,325.0,68.82474,78.7495,652892100.0,873282940.0,108137910.0,68.25,69.5,75.0,81.75,320,330,"{320: 21748.6875, 330: 28766.125}"
2348390,2024-11-30 21:00:00,20241130T21.nc,29,1425.2975,2,868.861347070314,609.600000000001,152.40000000000057,405.0,22.75,86.99999,599943300.0,624211140.0,24267808.0,22.75,22.75,87.0,87.0,400,410,"{400: 712.6487426757812, 410: 712.6487426757812}"
2021055,2024-11-03 10:00:00,20241103T10.nc,134,1296.198,2,395.0811498046875,304.8,0.0,370.0,33.0,0.62499994,512683970.0,523702460.0,11018480.0,33.0,33.0,0.5,0.75,370,370,{370: 1296.197998046875}
1925649,2024-10-24 13:00:00,20241024T13.nc,58,707.32477,1,215.59258930664063,304.8,0.0,430.0,23.75,-54.749996,544725600.0,544725600.0,0.0,23.75,23.75,-54.75,-54.75,430,430,{430: 707.3247680664062}
2353558,2024-12-01 05:00:00,20241201T05.nc,544,437.70145,1,133.41140090332033,304.8,0.0,340.0,55.5,49.25,507231970.0,507231970.0,0.0,55.5,55.5,49.25,49.25,340,340,{340: 437.7014465332031}
1403286,2024-09-13 03:00:00,20240913T03.nc,31,1430.4589,2,872.007722460939,609.600000000001,152.40000000000057,405.0,22.25,-66.49999,1044288400.0,1052196540.0,7908128.0,22.25,22.25,-66.5,-66.5,400,410,"{400: 715.2294311523438, 410: 715.2294311523438}"
661673,2024-05-01 12:00:00,20240501T12.nc,41,2492.783,4,759.8002458984375,304.8,0.0,330.0,36.25,46.124996,579794560.0,621227840.0,35584776.0,36.25,36.25,45.75,46.5,330,330,{330: 2492.782958984375}
1688949,2024-10-05 10:00:00,20241005T10.nc,120,2079.2275,3,1901.2456617187504,914.4000000000004,248.86815786677104,410.0,26.250002,-81.99999,565759360.0,603608800.0,36128400.0,26.25,26.25,-82.0,-82.0,400,420,"{400: 693.0758666992188, 410: 693.0758666992188, 420: 693.0758666992188}"
809148,2024-05-26 18:00:00,20240526T18.nc,112,11085.763,24,6757.880939062491,609.5999999999992,152.39999999999964,295.0,53.288418,5.79116,760404800.0,1455503900.0,254991780.0,52.75,54.0,5.25,6.25,290,300,"{290: 2776.828857421875, 300: 8308.9345703125}"
2177734,2024-11-17 02:00:00,20241117T02.nc,151,583.21655,1,177.7644052734375,304.8,0.0,340.0,41.0,67.5,516826560.0,516826560.0,0.0,41.0,41.0,67.5,67.5,340,340,{340: 583.216552734375}
2016535,2024-11-02 22:00:00,20241102T22.nc,430,238.79889,1,72.78590141601562,304.8,0.0,280.0,72.0,73.5,860332350.0,860332350.0,0.0,72.0,72.0,73.5,73.5,280,280,{280: 238.79888916015625}
1279916,2024-08-27 18:00:00,20240827T18.nc,206,423.70428,1,129.1450659667969,304.8,0.0,330.0,56.75,-61.249996,557649860.0,557649860.0,0.0,56.75,56.75,-61.25,-61.25,330,330,{330: 423.70428466796875}
929875,2024-06-16 16:00:00,20240616T16.nc,272,5410.998,16,1649.2722046875,304.8,0.0,310.0,64.044014,22.186556,584818600.0,675744450.0,51453788.0,63.5,64.5,21.75,22.75,310,310,{310: 5410.998046875}
1787573,2024-10-13 11:00:00,20241013T11.nc,287,541.6413,1,165.0922671386719,304.8,0.0,330.0,45.5,36.75,637544450.0,637544450.0,0.0,45.5,45.5,36.75,36.75,330,330,{330: 541.6412963867188}
112210,2024-01-22 12:00:00,20240122T12.nc,143,551.17816,1,167.99910366210938,304.8,0.0,360.0,44.5,-85.74999,528305150.0,528305150.0,0.0,44.5,44.5,-85.75,-85.75,360,360,{360: 551.1781616210938}
1032179,2024-07-07 09:00:00,20240707T09.nc,33,171169.2,244,208689.49244999996,1219.1999999999996,340.77675977096794,425.0,24.782028,80.0277,1048480100.0,2640062500.0,519752860.0,23.5,26.75,77.75,83.0,410,440,"{410: 9161.8662109375, 420: 35768.94140625, 430: 63750.65234375, 440: 62487.72265625}"
328207,2024-03-02 23:00:00,20240302T23.nc,3,1492555.9,2134,3184517.214900002,2133.6000000000013,609.6000000000004,350.0,25.067047,-78.678566,1010832600.0,3216372700.0,449141900.0,21.5,30.25,-87.0,-69.25,320,380,"{320: 26572.205078125, 330: 408740.0625, 340: 121270.4375, 350: 478455.5625, 360: 218463.703125, 370: 126178.4375, 380: 112875.390625}"
1235481,2024-08-18 03:00:00,20240818T03.nc,178,466946.88,1493,711627.0375000003,1524.000000000001,431.0522938113196,300.0,66.09451,-35.900833,772014800.0,1703001100.0,222884620.0,64.0,67.75,-47.25,-24.25,280,320,"{280: 89997.6171875, 290: 173351.671875, 300: 156676.40625, 310: 40916.4375, 320: 6004.728515625}"
1395647,2024-09-12 15:00:00,20240912T15.nc,241,669.238,1,203.98373510742184,304.8,0.0,390.0,30.0,6.2499995,586331260.0,586331260.0,0.0,30.0,30.0,6.25,6.25,390,390,{390: 669.2379760742188}
855855,2024-06-04 15:00:00,20240604T15.nc,126,580.99884,1,177.08844653320313,304.8,0.0,340.0,41.25,12.999999,593004700.0,593004700.0,0.0,41.25,41.25,13.0,13.0,340,340,{340: 580.9988403320312}
396243,2024-03-15 08:00:00,20240315T08.nc,306,326.5865,1,99.54356118164064,304.8,0.0,310.0,65.0,-60.0,530528450.0,530528450.0,0.0,65.0,65.0,-60.0,-60.0,310,310,{310: 326.58648681640625}
831555,2024-05-31 02:00:00,20240531T02.nc,158,11200.348,73,3413.865965625,304.8,0.0,320.0,78.53945,31.387081,646640800.0,934833660.0,106847890.0,78.0,79.0,29.0,33.5,320,320,{320: 11200.34765625}
2358317,2024-12-01 14:00:00,20241201T14.nc,104,1904.831,3,580.59250546875,304.8,0.0,380.0,34.749996,-49.25,1354527000.0,1669892700.0,377914560.0,34.75,34.75,-49.5,-49.0,380,380,{380: 1904.8310546875}
203172,2024-02-08 22:00:00,20240208T22.nc,156,496.72662,1,151.40227485351565,304.8,0.0,350.0,50.0,21.0,518672830.0,518672830.0,0.0,50.0,50.0,21.0,21.0,350,350,{350: 496.72662353515625}
1243014,2024-08-19 13:00:00,20240819T13.nc,119,459.66086,1,140.1046295654297,304.8,0.0,360.0,53.5,-6.4999995,595802300.0,595802300.0,0.0,53.5,53.5,-6.5,-6.5,360,360,{360: 459.6608581542969}
380598,2024-03-12 11:00:00,20240312T11.nc,246,41343.836,101,37804.80358125001,914.4000000000004,248.86815786677104,290.0,57.98858,-79.09286,557427900.0,652033860.0,37429790.0,56.75,60.0,-80.75,-77.25,280,300,"{280: 3762.405029296875, 290: 19800.57421875, 300: 17780.859375}"
1745746,2024-10-10 05:00:00,20241010T05.nc,317,362.79333,1,110.57940849609376,304.8,0.0,350.0,62.000004,34.499996,725842560.0,725842560.0,0.0,62.0,62.0,34.5,34.5,350,350,{350: 362.7933349609375}
646528,2024-04-28 19:00:00,20240428T19.nc,38,648.099,1,197.54057490234376,304.8,0.0,320.0,33.0,35.0,532873800.0,532873800.0,0.0,33.0,33.0,35.0,35.0,320,320,{320: 648.0989990234375}
1846279,2024-10-18 07:00:00,20241018T07.nc,400,409.50543,1,124.81725571289064,304.8,0.0,350.0,58.0,18.749998,646774140.0,646774140.0,0.0,58.0,58.0,18.75,18.75,350,350,{350: 409.50543212890625}
1198110,2024-08-10 04:00:00,20240810T04.nc,31,713.94586,1,217.61069868164063,304.8,0.0,400.0,22.5,52.25,575556540.0,575556540.0,0.0,22.5,22.5,52.25,52.25,400,400,{400: 713.9458618164062}
402513,2024-03-16 08:00:00,20240316T08.nc,277,4245.4824,10,1294.0230421875,304.8,0.0,270.0,56.674316,-64.275444,559607740.0,633952100.0,44561692.0,56.5,57.0,-64.75,-63.75,270,270,{270: 4245.482421875}
772114,2024-05-20 13:00:00,20240520T13.nc,34,674.2383,1,205.507828125,304.8,0.0,350.0,29.249998,15.0,623617900.0,623617900.0,0.0,29.25,29.25,15.0,15.0,350,350,{350: 674.23828125}
1308542,2024-09-02 03:00:00,20240902T03.nc,155,2408.2314,6,1468.057889062498,609.5999999999992,152.39999999999964,325.0,58.70808,-65.166466,577647550.0,641773060.0,43937350.0,58.5,58.75,-65.5,-65.0,320,330,"{320: 1202.67626953125, 330: 1205.55517578125}"
906950,2024-06-12 17:00:00,20240612T17.nc,225,784.42035,2,239.09132241210935,304.8,0.0,290.0,59.5,15.875,539429700.0,566779200.0,27349504.0,59.5,59.5,15.75,16.0,290,290,{290: 784.4203491210938}
1341879,2024-09-08 07:00:00,20240908T07.nc,85,131859.45,247,120572.28393750003,914.4000000000004,248.86815786677104,370.0,46.2814,-62.428986,687682000.0,1335547100.0,149196800.0,43.75,48.0,-66.25,-58.25,360,380,"{360: 53559.26953125, 370: 64542.12109375, 380: 13758.080078125}"
722502,2024-05-11 15:00:00,20240511T15.nc,121,555.88385,1,169.43339750976563,304.8,0.0,360.0,44.0,-56.749996,552621760.0,552621760.0,0.0,44.0,44.0,-56.75,-56.75,360,360,{360: 555.8838500976562}
1054820,2024-07-12 05:00:00,20240712T05.nc,36,3478.689,5,2120.6087929687537,609.600000000001,152.40000000000057,425.0,25.799915,77.35004,709038700.0,942418700.0,159512700.0,25.75,26.0,77.25,77.5,420,430,"{420: 2086.624755859375, 430: 1392.064208984375}"
177256,2024-02-03 21:00:00,20240203T21.nc,20,3349.549,5,1020.9425572265624,304.8,0.0,350.0,29.89985,-10.800075,1085914900.0,1700452900.0,442564580.0,29.75,30.0,-11.0,-10.5,350,350,{350: 3349.549072265625}
268752,2024-02-20 05:00:00,20240220T05.nc,115,2048.2102,4,1248.5889410156271,609.600000000001,152.40000000000057,305.0,48.5,-35.5625,571902660.0,647305540.0,56717264.0,48.5,48.5,-35.75,-35.25,300,310,"{300: 512.0525512695312, 310: 1536.15771484375}"
259917,2024-02-18 13:00:00,20240218T13.nc,41,15563.367,24,18974.857274999995,1219.1999999999996,340.7767597709678,315.0,32.947033,18.021852,628126400.0,757241340.0,74580560.0,32.5,33.5,17.25,18.75,300,330,"{300: 649.9292602539062, 310: 5201.2275390625, 320: 4540.34130859375, 330: 5171.869140625}"
69501,2024-01-14 06:00:00,20240114T06.nc,184,2659412.0,6138,8916476.5536,3352.8,963.8622308193222,340.0,55.662754,-63.087208,1101519400.0,3171754500.0,476636540.0,45.5,61.5,-72.75,-55.5,290,390,"{290: 20041.05859375, 300: 107908.0, 310: 230514.515625, 320: 432735.375, 330: 621871.375, 340: 508517.1875, 350: 371203.625, 360: 246998.875, 370: 66056.3984375, 380: 48433.3515625, 390: 5132.27880859375}"
1007928,2024-07-02 08:00:00,20240702T08.nc,56,31534.238,55,38446.54331250004,1219.2000000000014,340.77675977096834,365.0,42.09522,25.40846,754714240.0,1223658800.0,184630960.0,41.25,43.25,25.0,25.75,350,380,"{350: 3477.06689453125, 360: 8668.0361328125, 370: 10849.9541015625, 380: 8539.1796875}"
1149186,2024-07-31 17:00:00,20240731T17.nc,151,400.8921,1,122.19190898437502,304.8,0.0,330.0,58.75,61.749996,502530100.0,502530100.0,0.0,58.75,58.75,61.75,61.75,330,330,{330: 400.89208984375}
2177636,2024-11-17 02:00:00,20241117T02.nc,53,634.94366,1,193.5308289550781,304.8,0.0,310.0,34.75,-13.5,649879500.0,649879500.0,0.0,34.75,34.75,-13.5,-13.5,310,310,{310: 634.9436645507812}
2514845,2024-12-15 21:00:00,20241215T21.nc,51,1328.2461,2,404.849409375,304.8,0.0,330.0,30.75,-24.374998,531471780.0,550614660.0,19142880.0,30.75,30.75,-24.5,-24.25,330,330,{330: 1328.24609375}
1262664,2024-08-24 08:00:00,20240824T08.nc,74,1190.4253,2,362.8416292968751,304.8,0.0,340.0,39.624775,-78.99999,523830720.0,539088000.0,15257280.0,39.5,39.75,-79.0,-79.0,340,340,{340: 1190.42529296875}
461047,2024-03-26 22:00:00,20240326T22.nc,204,5792.385,13,1765.5188765625,304.8,0.0,270.0,54.785408,-7.092675,597918300.0,781336960.0,75612760.0,54.25,55.25,-8.0,-6.5,270,270,{270: 5792.384765625}
1129968,2024-07-27 17:00:00,20240727T17.nc,127,22662.879,52,6907.645490625001,304.8,0.0,300.0,55.666504,51.361515,686678000.0,832242560.0,78583220.0,55.25,56.0,49.5,53.25,300,300,{300: 22662.87890625}
426740,2024-03-20 08:00:00,20240320T08.nc,95,574.2796,1,175.04042270507813,304.8,0.0,300.0,42.0,29.749998,878730750.0,878730750.0,0.0,42.0,42.0,29.75,29.75,300,300,{300: 574.2796020507812}
473951,2024-03-29 02:00:00,20240329T02.nc,89,3488.2104,6,2126.413089843747,609.5999999999992,152.39999999999964,315.0,41.208206,34.708355,546760400.0,631804800.0,41783796.0,41.0,41.25,34.5,35.0,310,320,"{310: 1161.9976806640625, 320: 2326.212890625}"
2006204,2024-11-01 20:00:00,20241101T20.nc,146,615.12604,1,187.4904162597656,304.8,0.0,330.0,37.25,89.24999,590532100.0,590532100.0,0.0,37.25,37.25,89.25,89.25,330,330,{330: 615.1260375976562}
2584254,2024-12-22,20241222T00.nc,317,20909.646,44,12746.520496874984,609.5999999999992,152.39999999999964,275.0,52.050648,58.88941,632113700.0,893265340.0,96347144.0,51.75,52.25,56.25,61.75,270,280,"{270: 11423.6328125, 280: 9486.009765625}"
2547877,2024-12-18 17:00:00,20241218T17.nc,100,1299.8585,2,396.19687705078127,304.8,0.0,330.0,32.75,-15.875,657354400.0,686390340.0,29035936.0,32.75,32.75,-16.0,-15.75,330,330,{330: 1299.8585205078125}
2205633,2024-11-19 09:00:00,20241119T09.nc,100,1949.7754,3,594.2915390625,304.8,0.0,400.0,32.749535,-41.499996,771620540.0,853678000.0,71338960.0,32.5,33.0,-41.5,-41.5,400,400,{400: 1949.775390625}
1679567,2024-10-04 13:00:00,20241004T13.nc,65,710.0138,1,216.41220439453127,304.8,0.0,420.0,23.25,-43.25,529801500.0,529801500.0,0.0,23.25,23.25,-43.25,-43.25,420,420,{420: 710.0137939453125}
1950641,2024-10-26 19:00:00,20241026T19.nc,323,1761.896,4,537.0258996093751,304.8,0.0,280.0,55.249214,-1.1253932,660384260.0,857480770.0,118982220.0,55.0,55.5,-1.25,-1.0,280,280,{280: 1761.89599609375}
1471274,2024-09-18 07:00:00,20240918T07.nc,456,200.00748,1,60.96227893066406,304.8,0.0,300.0,75.0,84.25,713540500.0,713540500.0,0.0,75.0,75.0,84.25,84.25,300,300,{300: 200.00747680664062}
143359,2024-01-28 06:00:00,20240128T06.nc,171,501.87363,1,152.97108142089843,304.8,0.0,290.0,49.5,-53.5,515531500.0,515531500.0,0.0,49.5,49.5,-53.5,-53.5,290,290,{290: 501.8736267089844}
1225088,2024-08-16 04:00:00,20240816T04.nc,151,462.36697,1,140.92945363769533,304.8,0.0,340.0,53.25,84.25,604635260.0,604635260.0,0.0,53.25,53.25,84.25,84.25,340,340,{340: 462.3669738769531}
228367,2024-02-13 05:00:00,20240213T05.nc,228,1234.2274,3,376.1925166992188,304.8,0.0,330.0,57.832947,14.583526,667004700.0,731128300.0,84308730.0,57.75,58.0,14.5,14.75,330,330,{330: 1234.2274169921875}
1618135,2024-09-28 21:00:00,20240928T21.nc,17,9385.961,13,14304.204468750006,1524.000000000001,431.0522938113196,420.0,20.884514,-69.46166,700376300.0,1003077600.0,163581820.0,20.75,21.0,-69.75,-69.0,400,440,"{400: 721.4424438476562, 410: 2165.52880859375, 420: 2888.172607421875, 430: 2888.172607421875, 440: 722.6439208984375}"
430629,2024-03-21 02:00:00,20240321T02.nc,12,1524123.6,2460,5574634.570799999,3657.6,1052.1856110021654,345.0,36.426193,1.9937885,953905800.0,2111293700.0,357056580.0,30.5,42.75,-3.0,8.0,290,400,"{290: 2974.988037109375, 300: 13681.888671875, 310: 50750.1953125, 320: 97522.4296875, 330: 153867.09375, 340: 241714.75, 350: 347887.875, 360: 198026.296875, 370: 171228.125, 380: 133808.75, 390: 105521.0546875, 400: 7140.07080078125}"
137088,2024-01-27 02:00:00,20240127T02.nc,42,3346.19,5,1019.9186941406252,304.8,0.0,430.0,30.0,58.749992,736967500.0,745972860.0,7001626.0,30.0,30.0,58.25,59.25,430,430,{430: 3346.18994140625}
273737,2024-02-21 10:00:00,20240221T10.nc,96,409.50543,1,124.81725571289064,304.8,0.0,280.0,58.0,25.25,531703360.0,531703360.0,0.0,58.0,58.0,25.25,25.25,280,280,{280: 409.50543212890625}
2178797,2024-11-17 04:00:00,20241117T04.nc,193,594.13745,1,181.09309511718752,304.8,0.0,300.0,39.75,88.74999,578481540.0,578481540.0,0.0,39.75,39.75,88.75,88.75,300,300,{300: 594.137451171875}
2246528,2024-11-22 22:00:00,20241122T22.nc,32,701.78534,1,213.90417143554689,304.8,0.0,350.0,24.75,47.749992,523455940.0,523455940.0,0.0,24.75,24.75,47.75,47.75,350,350,{350: 701.7853393554688}
2059588,2024-11-06 17:00:00,20241106T17.nc,134,1292.5128,2,393.9579067382812,304.8,0.0,360.0,33.25,-23.124998,597416300.0,623343900.0,25927552.0,33.25,33.25,-23.25,-23.0,360,360,{360: 1292.5128173828125}
1680751,2024-10-04 15:00:00,20241004T15.nc,369,371.69342,1,113.29215454101562,304.8,0.0,290.0,61.25,36.0,502439680.0,502439680.0,0.0,61.25,61.25,36.0,36.0,290,290,{290: 371.69342041015625}
910468,2024-06-13 09:00:00,20240613T09.nc,135,519.58453,1,158.36936586914064,304.8,0.0,340.0,47.75,87.99999,948785500.0,948785500.0,0.0,47.75,47.75,88.0,88.0,340,340,{340: 519.5845336914062}
2306453,2024-11-27 20:00:00,20241127T20.nc,28,720.22723,1,219.52526088867188,304.8,0.0,430.0,21.25,83.0,703936200.0,703936200.0,0.0,21.25,21.25,83.0,83.0,430,430,{430: 720.2272338867188}
27674,2024-01-06 18:00:00,20240106T18.nc,104,2857.8171,5,871.0626638671876,304.8,0.0,290.0,42.299843,64.350075,545367600.0,584860350.0,34746516.0,42.25,42.5,64.0,64.75,290,290,{290: 2857.817138671875}
2570684,2024-12-20 18:00:00,20241220T18.nc,159,611.02075,1,186.2391251953125,304.8,0.0,300.0,37.75,42.749996,577394750.0,577394750.0,0.0,37.75,37.75,42.75,42.75,300,300,{300: 611.020751953125}
94773,2024-01-19 02:00:00,20240119T02.nc,172,1039.1691,2,633.4774634765636,609.600000000001,152.40000000000057,355.0,47.75,74.5,741896800.0,797470300.0,55573470.0,47.75,47.75,74.5,74.5,350,360,"{350: 519.5845336914062, 360: 519.5845336914062}"
2376548,2024-12-03 07:00:00,20241203T07.nc,132,574.2796,1,175.04042270507813,304.8,0.0,370.0,42.0,-45.5,569036540.0,569036540.0,0.0,42.0,42.0,-45.5,-45.5,370,370,{370: 574.2796020507812}
380032,2024-03-12 09:00:00,20240312T09.nc,322,222.70927,1,67.88178680419922,304.8,0.0,290.0,73.25,-77.49999,504126560.0,504126560.0,0.0,73.25,73.25,-77.5,-77.5,290,290,{290: 222.7092742919922}
2325308,2024-11-29 05:00:00,20241129T05.nc,260,527.02747,1,160.63797158203127,304.8,0.0,300.0,47.0,62.25,857352900.0,857352900.0,0.0,47.0,47.0,62.25,62.25,300,300,{300: 527.0274658203125}
1700307,2024-10-06 09:00:00,20241006T09.nc,96,8168.706,12,7469.464816406253,914.4000000000004,248.86815786677104,420.0,28.25,-84.70832,668337860.0,1042208500.0,178269060.0,28.25,28.25,-85.75,-84.0,410,430,"{410: 1361.450927734375, 420: 2722.90185546875, 430: 4084.35302734375}"
1434115,2024-09-15 10:00:00,20240915T10.nc,417,4995.1016,16,3045.013912500005,609.600000000001,152.40000000000057,335.0,66.17135,-84.76712,581295200.0,659592300.0,45030748.0,66.0,66.25,-85.75,-83.75,330,340,"{330: 1867.382080078125, 340: 3127.72021484375}"
213529,2024-02-10 13:00:00,20240210T13.nc,52,651.74713,1,198.6525256347656,304.8,0.0,390.0,32.5,-31.0,793447700.0,793447700.0,0.0,32.5,32.5,-31.0,-31.0,390,390,{390: 651.7471313476562}
1183353,2024-08-07,20240807T00.nc,61,29264.688,54,26759.630250000013,914.4000000000004,248.86815786677104,330.0,45.464504,-5.745925,1037400600.0,1771005200.0,348730850.0,44.5,46.25,-6.5,-5.0,320,340,"{320: 7566.044921875, 330: 20608.169921875, 340: 1090.4716796875}"
1665668,2024-10-03 07:00:00,20241003T07.nc,201,996.0315,2,303.5903994140625,304.8,0.0,340.0,49.87468,-21.499996,521644640.0,527536900.0,5892256.0,49.75,50.0,-21.5,-21.5,340,340,{340: 996.031494140625}
422137,2024-03-19 14:00:00,20240319T14.nc,121,6774.468,11,2064.85777734375,304.8,0.0,410.0,37.15815,-44.3647,586128100.0,732793500.0,70769340.0,36.75,37.5,-45.0,-43.75,410,410,{410: 6774.4677734375}
265624,2024-02-19 13:00:00,20240219T13.nc,189,902.98065,2,275.22850268554686,304.8,0.0,270.0,54.25,57.874996,506646200.0,510298600.0,3652368.0,54.25,54.25,57.75,58.0,270,270,{270: 902.9806518554688}
165198,2024-02-01 09:00:00,20240201T09.nc,14,648.099,1,197.54057490234376,304.8,0.0,320.0,33.0,87.49999,542818800.0,542818800.0,0.0,33.0,33.0,87.5,87.5,320,320,{320: 648.0989990234375}
2384600,2024-12-04 02:00:00,20241204T02.nc,301,434.9185,1,132.56315500488282,304.8,0.0,280.0,55.75,2.7499998,650681500.0,650681500.0,0.0,55.75,55.75,2.75,2.75,280,280,{280: 434.9184875488281}
2531550,2024-12-17 06:00:00,20241217T06.nc,109,627.1596,1,191.15824819335936,304.8,0.0,270.0,35.75,-58.499992,578099100.0,578099100.0,0.0,35.75,35.75,-58.5,-58.5,270,270,{270: 627.1596069335938}
1877621,2024-10-20 13:00:00,20241020T13.nc,576,980.81354,4,298.95196625976564,304.8,0.0,290.0,71.49999,-71.875,519851200.0,539288500.0,14396468.0,71.5,71.5,-72.25,-71.5,290,290,{290: 980.8135375976562}
390179,2024-03-14 04:00:00,20240314T04.nc,39,1795.281,3,547.2016505859375,304.8,0.0,330.0,39.25,44.749996,558827650.0,580507260.0,28581798.0,39.25,39.25,44.5,45.0,330,330,{330: 1795.281005859375}
1468679,2024-09-18 02:00:00,20240918T02.nc,49,2838.7175,4,2595.723308789063,914.4000000000004,248.86815786677104,420.0,23.312408,-46.999996,1356645200.0,1791874000.0,507277820.0,23.25,23.5,-47.0,-47.0,410,430,"{410: 710.0137939453125, 420: 710.0137939453125, 430: 1418.6898193359375}"
70470,2024-01-14 09:00:00,20240114T09.nc,244,448.7495,1,136.778851171875,304.8,0.0,330.0,54.5,85.49999,595223360.0,595223360.0,0.0,54.5,54.5,85.5,85.5,330,330,{330: 448.74951171875}
2321881,2024-11-28 22:00:00,20241128T22.nc,563,264.30273,1,80.5594734375,304.8,0.0,290.0,70.0,23.499998,596379000.0,596379000.0,0.0,70.0,70.0,23.5,23.5,290,290,{290: 264.302734375}
1272028,2024-08-26 09:00:00,20240826T09.nc,169,695.6448,2,212.03252753906253,304.8,0.0,320.0,63.25,83.12499,1075748400.0,1082782500.0,7034144.0,63.25,63.25,83.0,83.25,320,320,{320: 695.644775390625}
2419015,2024-12-07 09:00:00,20241207T09.nc,369,454.2225,1,138.44701911621095,304.8,0.0,300.0,54.0,-40.999996,606931840.0,606931840.0,0.0,54.0,54.0,-41.0,-41.0,300,300,{300: 454.2225036621094}
1421518,2024-09-14 10:00:00,20240914T10.nc,294,426.52005,1,130.00331125488282,304.8,0.0,360.0,56.5,42.999996,607748200.0,607748200.0,0.0,56.5,56.5,43.0,43.0,360,360,{360: 426.5200500488281}
139995,2024-01-27 14:00:00,20240127T14.nc,28,687.0053,1,209.39921850585935,304.8,0.0,400.0,27.25,53.5,556057860.0,556057860.0,0.0,27.25,27.25,53.5,53.5,400,400,{400: 687.0053100585938}
1753361,2024-10-10 19:00:00,20241010T19.nc,313,412.361,1,125.68763049316406,304.8,0.0,290.0,57.75,-45.0,517255900.0,517255900.0,0.0,57.75,57.75,-45.0,-45.0,290,290,{290: 412.3609924316406}
902730,2024-06-11 22:00:00,20240611T22.nc,79,623.19574,1,189.95006147460936,304.8,0.0,440.0,36.25,-62.25,1987299500.0,1987299500.0,0.0,36.25,36.25,-62.25,-62.25,440,440,{440: 623.1957397460938}
811600,2024-05-27 05:00:00,20240527T05.nc,164,10062.516,21,6134.109525000011,609.600000000001,152.40000000000057,355.0,51.67684,14.547216,627148000.0,748236540.0,74456296.0,51.25,52.25,14.0,15.0,350,360,"{350: 6710.9716796875, 360: 3351.543701171875}"
878328,2024-06-08 01:00:00,20240608T01.nc,167,20677.252,48,18907.279185937507,914.4000000000004,248.86815786677104,330.0,56.11552,79.51686,649920640.0,884684000.0,103887176.0,55.5,57.0,78.75,80.5,320,340,"{320: 2598.33740234375, 330: 9495.3466796875, 340: 8583.56640625}"
144926,2024-01-28 12:00:00,20240128T12.nc,27,1310.6914,2,399.498740625,304.8,0.0,380.0,32.0,-42.124996,572200800.0,642678000.0,70477180.0,32.0,32.0,-42.25,-42.0,380,380,{380: 1310.69140625}
500214,2024-04-02 20:00:00,20240402T20.nc,80,318726.9,554,777183.6882000002,2438.4000000000005,698.3845359112703,355.0,41.802868,-64.09178,846404100.0,2522552600.0,315227420.0,38.5,45.25,-67.5,-60.5,320,390,"{320: 10893.3671875, 330: 30518.287109375, 340: 90070.21875, 350: 100874.671875, 360: 39486.29296875, 370: 29566.23828125, 380: 16739.04296875, 390: 578.7701416015625}"
480492,2024-03-30 07:00:00,20240330T07.nc,202,3849.8787,9,1173.4430162109377,304.8,0.0,310.0,56.387024,45.471573,619039000.0,741840900.0,72385290.0,56.0,56.75,45.25,45.75,310,310,{310: 3849.878662109375}
2122169,2024-11-12 05:00:00,20241112T05.nc,111,20496.678,34,24989.54949374999,1219.1999999999996,340.7767597709678,315.0,38.725864,6.484141,642664960.0,879683500.0,100131384.0,38.0,39.5,6.0,7.0,300,330,"{300: 1211.6446533203125, 310: 7855.64306640625, 320: 8428.755859375, 330: 3000.63427734375}"
2530308,2024-12-17 03:00:00,20241217T03.nc,375,465.06424,1,141.75158020019532,304.8,0.0,300.0,53.0,12.0,504076220.0,504076220.0,0.0,53.0,53.0,12.0,12.0,300,300,{300: 465.0642395019531}
979007,2024-06-26 01:00:00,20240626T01.nc,89,7749.5596,13,2362.06575703125,304.8,0.0,440.0,39.51875,-77.864784,1704026100.0,2982540000.0,758237300.0,39.25,39.75,-78.5,-77.25,440,440,{440: 7749.5595703125}
2226628,2024-11-21 02:00:00,20241121T02.nc,446,326.5865,1,99.54356118164064,304.8,0.0,320.0,65.0,22.500002,538309000.0,538309000.0,0.0,65.0,65.0,22.5,22.5,320,320,{320: 326.58648681640625}
1900034,2024-10-22 12:00:00,20241022T12.nc,241,499.3049,1,152.1881338623047,304.8,0.0,330.0,49.75,24.000002,630224260.0,630224260.0,0.0,49.75,49.75,24.0,24.0,330,330,{330: 499.3049011230469}
1750528,2024-10-10 14:00:00,20241010T14.nc,479,522.2635,2,159.18591137695313,304.8,0.0,300.0,70.25,35.874996,625665800.0,636367170.0,10701408.0,70.25,70.25,35.75,36.0,300,300,{300: 522.2634887695312}
349978,2024-03-07,20240307T00.nc,21,2065.628,3,629.60339296875,304.8,0.0,320.0,27.000002,-46.999996,532716930.0,555084700.0,23215052.0,27.0,27.0,-47.25,-46.75,320,320,{320: 2065.6279296875}
2082354,2024-11-08 14:00:00,20241108T14.nc,563,219.4784,1,66.89701435546876,304.8,0.0,280.0,73.5,43.25,510132200.0,510132200.0,0.0,73.5,73.5,43.25,43.25,280,280,{280: 219.4783935546875}
1643479,2024-10-01 02:00:00,20241001T02.nc,22,721.44244,1,219.89565688476563,304.8,0.0,370.0,21.0,-42.749996,671389440.0,671389440.0,0.0,21.0,21.0,-42.75,-42.75,370,370,{370: 721.4424438476562}
472663,2024-03-28 20:00:00,20240328T20.nc,210,446.00015,1,135.9408465087891,304.8,0.0,280.0,54.75,67.99999,507806660.0,507806660.0,0.0,54.75,54.75,68.0,68.0,280,280,{280: 446.0001525878906}
2564963,2024-12-20 04:00:00,20241220T04.nc,412,737.46747,2,224.78008432617187,304.8,0.0,360.0,61.5,37.374996,588241800.0,630801000.0,42559200.0,61.5,61.5,37.25,37.5,360,360,{360: 737.4674682617188}
1839572,2024-10-17 17:00:00,20241017T17.nc,294,33939.035,78,31033.85374687495,914.3999999999984,248.8681578667703,320.0,55.724213,-13.721803,709114430.0,1243866600.0,179135310.0,55.0,57.0,-14.5,-13.0,310,330,"{310: 2634.532470703125, 320: 15639.6572265625, 330: 15664.8525390625}"
267615,2024-02-19 23:00:00,20240219T23.nc,100,57875.715,109,52921.55365312502,914.4000000000004,248.86815786677104,280.0,46.567883,52.83291,626645200.0,951487940.0,101211150.0,44.75,49.25,50.75,56.25,270,290,"{270: 36510.4140625, 280: 17299.326171875, 290: 4065.97998046875}"
558632,2024-04-12 17:00:00,20240412T17.nc,277,420.88043,1,128.28435571289063,304.8,0.0,280.0,57.000004,-89.49999,620356800.0,620356800.0,0.0,57.0,57.0,-89.5,-89.5,280,280,{280: 420.88043212890625}
451363,2024-03-25 03:00:00,20240325T03.nc,63,583.21655,1,177.7644052734375,304.8,0.0,360.0,41.0,-14.749999,844356000.0,844356000.0,0.0,41.0,41.0,-14.75,-14.75,360,360,{360: 583.216552734375}
2184481,2024-11-17 14:00:00,20241117T14.nc,506,365.76703,1,111.48579038085938,304.8,0.0,310.0,61.749996,-50.499996,509195460.0,509195460.0,0.0,61.75,61.75,-50.5,-50.5,310,310,{310: 365.76702880859375}
1448040,2024-09-16 11:00:00,20240916T11.nc,494,442.35425,3,134.8295748046875,304.8,0.0,300.0,79.0,3.4999998,643117700.0,678635900.0,30768642.0,79.0,79.0,3.25,3.75,300,300,{300: 442.354248046875}
556941,2024-04-12 12:00:00,20240412T12.nc,9,21987.506,31,6701.7917859375,304.8,0.0,440.0,23.38659,59.475727,875743100.0,1257544000.0,207141230.0,23.0,23.75,58.5,60.5,440,440,{440: 21987.505859375}
857339,2024-06-04 20:00:00,20240604T20.nc,162,11784.689,25,7183.946690624991,609.5999999999992,152.39999999999964,325.0,52.40774,58.342133,600744500.0,855290900.0,85434790.0,52.0,53.0,57.75,59.5,320,330,"{320: 2341.43408203125, 330: 9443.2548828125}"
706587,2024-05-09 01:00:00,20240509T01.nc,176,383.46094,1,116.87889375,304.8,0.0,340.0,60.25,-2.5,508706370.0,508706370.0,0.0,60.25,60.25,-2.5,-2.5,340,340,{340: 383.4609375}
445424,2024-03-23 23:00:00,20240323T23.nc,52,35368.812,55,21560.828099999973,609.5999999999992,152.39999999999964,295.0,33.676178,38.713608,580675300.0,676450050.0,47779060.0,33.25,34.25,37.0,40.75,290,300,"{290: 34076.3046875, 300: 1292.5128173828125}"
578366,2024-04-17 04:00:00,20240417T04.nc,199,389.3012,1,118.65900834960938,304.8,0.0,300.0,59.750004,47.0,551636800.0,551636800.0,0.0,59.75,59.75,47.0,47.0,300,300,{300: 389.30120849609375}
1136889,2024-07-29 05:00:00,20240729T05.nc,189,4679.585,22,1426.33749609375,304.8,0.0,320.0,74.02068,-16.172426,562374900.0,631830340.0,37954590.0,73.75,74.25,-17.25,-15.0,320,320,{320: 4679.5849609375}
623897,2024-04-25 01:00:00,20240425T01.nc,124,95009.03,209,115835.01089999996,1219.1999999999996,340.77675977096794,285.0,53.9497,5.77473,733964500.0,1100895600.0,169888430.0,52.25,55.25,1.0,9.25,270,300,"{270: 64990.05078125, 280: 16562.169921875, 290: 13008.0654296875, 300: 448.74951171875}"
1041328,2024-07-09 02:00:00,20240709T02.nc,85,504.4328,1,153.75111752929686,304.8,0.0,300.0,49.25,-16.749998,517261120.0,517261120.0,0.0,49.25,49.25,-16.75,-16.75,300,300,{300: 504.43280029296875}
1569240,2024-09-25 15:00:00,20240925T15.nc,459,5005.429,13,3051.309639843746,609.5999999999992,152.39999999999964,275.0,60.113747,67.99999,590653000.0,785320800.0,89751256.0,59.75,60.5,67.75,68.25,270,280,"{270: 1156.2303466796875, 280: 3849.19921875}"
2002315,2024-11-01 10:00:00,20241101T10.nc,325,1095.1414,4,667.5981714843762,609.600000000001,152.40000000000057,285.0,69.25,-47.999996,542160260.0,588760400.0,31531320.0,69.25,69.25,-48.25,-47.75,280,290,"{280: 273.78533935546875, 290: 821.3560180664062}"
1767744,2024-10-11 22:00:00,20241011T22.nc,332,454.2225,1,138.44701911621095,304.8,0.0,300.0,54.0,-65.74999,1220938000.0,1220938000.0,0.0,54.0,54.0,-65.75,-65.75,300,300,{300: 454.2225036621094}
2649871,2024-12-28 02:00:00,20241228T02.nc,217,5760.781,10,3511.771952343756,609.600000000001,152.40000000000057,335.0,41.799458,-45.400116,1138147600.0,2000958600.0,524076960.0,41.5,42.0,-45.5,-45.25,330,340,"{330: 2880.39013671875, 340: 2880.39013671875}"
64367,2024-01-13 09:00:00,20240113T09.nc,225,418.04852,1,127.42118979492189,304.8,0.0,280.0,57.25,26.499998,554501500.0,554501500.0,0.0,57.25,57.25,26.5,26.5,280,280,{280: 418.04852294921875}
885903,2024-06-09 08:00:00,20240609T08.nc,73,42067.53,69,51288.73410000006,1219.2000000000014,340.77675977096834,365.0,37.905354,-9.922972,1094154800.0,2447131000.0,498175900.0,36.75,39.0,-11.5,-8.75,350,380,"{350: 13371.4931640625, 360: 17070.45703125, 370: 11012.4921875, 380: 613.0792236328125}"
2284221,2024-11-26,20241126T00.nc,73,5930.049,9,3614.9577656249953,609.5999999999992,152.39999999999964,365.0,31.499998,-56.444443,2400879000.0,3318382000.0,719755000.0,31.5,31.5,-57.0,-56.0,360,370,"{360: 2635.5771484375, 370: 3294.471435546875}"
155118,2024-01-30 10:00:00,20240130T10.nc,24,6249.754,10,5714.774971875002,914.4000000000004,248.86815786677104,370.0,36.023655,-12.200777,853864960.0,1105282300.0,176090300.0,35.5,36.5,-12.5,-11.75,360,380,"{360: 627.1596069335938, 370: 2508.62646484375, 380: 3113.96728515625}"
138265,2024-01-27 07:00:00,20240127T07.nc,63,1183.9515,2,360.86842880859376,304.8,0.0,290.0,40.0,45.124996,517436220.0,518505000.0,1068784.0,40.0,40.0,45.0,45.25,290,290,{290: 1183.9515380859375}
1987202,2024-10-30 20:00:00,20241030T20.nc,323,403.77097,1,123.0693903076172,304.8,0.0,310.0,58.5,-68.99999,538767000.0,538767000.0,0.0,58.5,58.5,-69.0,-69.0,310,310,{310: 403.7709655761719}
523421,2024-04-06 15:00:00,20240406T15.nc,260,944.2087,6,287.7948054199219,304.8,0.0,270.0,78.25001,-60.875,517047550.0,527455230.0,9570501.0,78.25,78.25,-61.5,-60.25,270,270,{270: 944.2086791992188}
91175,2024-01-18 07:00:00,20240118T07.nc,158,38974.492,90,23758.85043750004,609.600000000001,152.40000000000057,405.0,55.9133,-40.540493,681467900.0,1014352700.0,125573300.0,55.25,56.75,-42.0,-38.25,400,410,"{400: 23303.69140625, 410: 15670.806640625}"
2378737,2024-12-03 12:00:00,20241203T12.nc,169,1769.4082,3,539.3156203125001,304.8,0.0,270.0,40.25,59.499996,624084860.0,754930240.0,98143736.0,40.25,40.25,59.25,59.75,270,270,{270: 1769.408203125}
2270743,2024-11-24 21:00:00,20241124T21.nc,409,374.64603,1,114.19210891113282,304.8,0.0,320.0,61.0,58.75,1190780400.0,1190780400.0,0.0,61.0,61.0,58.75,58.75,320,320,{320: 374.6460266113281}
2307987,2024-11-27 23:00:00,20241127T23.nc,37,17120.203,24,10436.475825000018,609.600000000001,152.40000000000057,375.0,22.613823,-70.39598,705792960.0,1020979400.0,147180960.0,22.0,23.25,-71.25,-69.5,370,380,"{370: 715.2294311523438, 380: 16404.970703125}"
2222204,2024-11-20 17:00:00,20241120T17.nc,154,1198.9817,2,365.4496189453125,304.8,0.0,330.0,39.124775,-37.750004,613945340.0,657955140.0,44009760.0,39.0,39.25,-37.75,-37.75,330,330,{330: 1198.981689453125}
609696,2024-04-22 16:00:00,20240422T16.nc,80,8288.608,13,5052.735679687494,609.5999999999992,152.39999999999964,345.0,34.402866,-26.423738,875936000.0,1166419200.0,212429600.0,34.0,34.75,-27.0,-26.0,340,350,"{340: 7018.720703125, 350: 1269.8873291015625}"
1840273,2024-10-17 19:00:00,20241017T19.nc,105,1230.2521,2,749.9616650390637,609.600000000001,152.40000000000057,375.0,37.25,-59.499996,531691970.0,545248800.0,13556816.0,37.25,37.25,-59.5,-59.5,370,380,"{370: 615.1260375976562, 380: 615.1260375976562}"
2566489,2024-12-20 08:00:00,20241220T08.nc,190,553.5363,1,168.7178690917969,304.8,0.0,280.0,44.25,-84.49999,534780100.0,534780100.0,0.0,44.25,44.25,-84.5,-84.5,280,280,{280: 553.5363159179688}
448114,2024-03-24 11:00:00,20240324T11.nc,146,517.0837,1,157.60710541992188,304.8,0.0,380.0,48.0,-36.75,523549280.0,523549280.0,0.0,48.0,48.0,-36.75,-36.75,380,380,{380: 517.0836791992188}
1789519,2024-10-13 14:00:00,20241013T14.nc,131,2079.2275,3,1267.4971078124984,609.5999999999992,152.39999999999964,395.0,26.250002,-54.08333,1003448060.0,1448132100.0,316649400.0,26.25,26.25,-54.25,-54.0,390,400,"{390: 1386.1517333984375, 400: 693.0758666992188}"
1352160,2024-09-09 12:00:00,20240909T12.nc,302,3389.6182,8,2066.311232812497,609.5999999999992,152.39999999999964,325.0,56.74917,6.6254153,624427000.0,757884600.0,86084690.0,56.5,57.0,6.5,6.75,320,330,"{320: 1694.80908203125, 330: 1694.80908203125}"
2621884,2024-12-25 16:00:00,20241225T16.nc,260,519.58453,1,158.36936586914064,304.8,0.0,290.0,47.75,30.999996,613415600.0,613415600.0,0.0,47.75,47.75,31.0,31.0,290,290,{290: 519.5845336914062}
1742556,2024-10-09 22:00:00,20241009T22.nc,135,1230.2521,2,374.9808325195313,304.8,0.0,350.0,37.25,19.375,535550270.0,564481200.0,28930944.0,37.25,37.25,19.25,19.5,350,350,{350: 1230.2520751953125}
1474373,2024-09-18 14:00:00,20240918T14.nc,192,5353.827,8,1631.84651484375,304.8,0.0,380.0,29.999058,-5.4068785,661623800.0,774966900.0,91028216.0,29.5,30.5,-5.75,-5.0,380,380,{380: 5353.8271484375}
1076196,2024-07-16 23:00:00,20240716T23.nc,16,717.7556,1,218.7719115234375,304.8,0.0,440.0,21.75,85.74999,503907260.0,503907260.0,0.0,21.75,21.75,85.75,85.75,440,440,{440: 717.755615234375}
2410229,2024-12-06 13:00:00,20241206T13.nc,130,16993.822,27,20718.868106249996,1219.1999999999996,340.77675977096794,355.0,35.46131,-33.96424,1914303000.0,3196320800.0,637140500.0,34.75,36.0,-34.5,-33.25,340,370,"{340: 625.1836547851562, 350: 8817.298828125, 360: 6293.09228515625, 370: 1258.2471923828125}"
2180276,2024-11-17 06:00:00,20241117T06.nc,544,4049.9407,17,2468.8438347656293,609.600000000001,152.40000000000057,285.0,72.04244,41.462307,540886460.0,619598900.0,38407056.0,71.75,72.25,40.25,42.75,280,290,"{280: 2865.5732421875, 290: 1184.3673095703125}"
591122,2024-04-19 08:00:00,20240419T08.nc,46,1275.6228,2,388.8098302734375,304.8,0.0,350.0,34.374813,72.25,625772860.0,719342600.0,93569740.0,34.25,34.5,72.25,72.25,350,350,{350: 1275.622802734375}
2411363,2024-12-06 15:00:00,20241206T15.nc,389,4084166.5,13480,9958831.593600005,2438.4000000000005,698.3845359112701,305.0,66.0096,-60.290802,1120690600.0,3067654100.0,431951970.0,55.75,75.25,-70.0,-50.25,270,340,"{270: 706836.375, 280: 829385.0625, 290: 947412.5625, 300: 795609.5625, 310: 356006.1875, 320: 200659.96875, 330: 139853.921875, 340: 108402.6484375}"
1167427,2024-08-03 23:00:00,20240803T23.nc,126,504.4328,1,153.75111752929686,304.8,0.0,360.0,49.25,-64.24999,627505000.0,627505000.0,0.0,49.25,49.25,-64.25,-64.25,360,360,{360: 504.43280029296875}
305192,2024-02-27 20:00:00,20240227T20.nc,30,1242.3922,2,378.68114619140624,304.8,0.0,340.0,36.5,84.37499,534347460.0,555425540.0,21078080.0,36.5,36.5,84.25,84.5,340,340,{340: 1242.3922119140625}
1325088,2024-09-05 04:00:00,20240905T04.nc,88,674.2383,1,205.507828125,304.8,0.0,400.0,29.249998,-80.74999,506930800.0,506930800.0,0.0,29.25,29.25,-80.75,-80.75,400,400,{400: 674.23828125}
452692,2024-03-25 10:00:00,20240325T10.nc,28,653.5526,1,199.2028362304688,304.8,0.0,300.0,32.25,82.24999,586326850.0,586326850.0,0.0,32.25,32.25,82.25,82.25,300,300,{300: 653.5526123046875}
1992161,2024-10-31 11:00:00,20241031T11.nc,43,697.49036,1,212.59506064453123,304.8,0.0,420.0,25.5,-45.999996,1487702400.0,1487702400.0,0.0,25.5,25.5,-46.0,-46.0,420,420,{420: 697.4903564453125}
85949,2024-01-17 06:00:00,20240117T06.nc,10,91928.55,130,84059.46326250004,914.4000000000004,248.86815786677104,360.0,23.76637,-18.550375,609781400.0,781498400.0,72278550.0,22.0,25.5,-20.0,-16.75,350,370,"{350: 40406.86328125, 360: 11284.09375, 370: 40237.59375}"
801415,2024-05-25 12:00:00,20240525T12.nc,257,1037.4384,3,632.4224208984367,609.5999999999992,152.39999999999964,325.0,63.416183,-27.749996,585485250.0,602235400.0,19026254.0,63.25,63.5,-27.75,-27.75,320,330,"{320: 344.8080139160156, 330: 692.63037109375}"
619373,2024-04-24 09:00:00,20240424T09.nc,188,3137.4148,6,1912.5680589843728,609.5999999999992,152.39999999999964,325.0,47.4164,38.375,563176200.0,673727170.0,63070296.0,47.25,47.5,38.25,38.5,320,330,"{320: 1044.15087890625, 330: 2093.263916015625}"
599158,2024-04-20 19:00:00,20240420T19.nc,182,648.73004,3,197.73291665039065,304.8,0.0,300.0,73.75001,-16.75,503582750.0,505660160.0,1796017.1,73.75,73.75,-17.0,-16.5,300,300,{300: 648.7300415039062}
1253319,2024-08-22 02:00:00,20240822T02.nc,16,717.7556,1,218.7719115234375,304.8,0.0,440.0,21.75,89.49999,580275200.0,580275200.0,0.0,21.75,21.75,89.5,89.5,440,440,{440: 717.755615234375}
473468,2024-03-29,20240329T00.nc,34,3220.128,5,981.49499296875,304.8,0.0,300.0,33.549595,-12.800319,587669300.0,652004350.0,48386524.0,33.25,33.75,-13.0,-12.5,300,300,{300: 3220.1279296875}
1225474,2024-08-16 06:00:00,20240816T06.nc,77,5333.546,8,4876.994369531251,914.4000000000004,248.86815786677104,430.0,30.374838,74.75015,931567600.0,1393915500.0,221520690.0,30.25,30.5,74.5,75.0,420,440,"{420: 667.5457153320312, 430: 2666.77294921875, 440: 1999.2271728515625}"
288468,2024-02-24 13:00:00,20240224T13.nc,130,6350.667,16,3871.3665984375066,609.600000000001,152.40000000000057,285.0,59.0915,32.04837,739969000.0,988312770.0,158410880.0,58.5,59.5,31.5,32.5,280,290,"{280: 2759.978759765625, 290: 3590.68798828125}"
1363482,2024-09-10 09:00:00,20240910T09.nc,534,232.37628,1,70.82829067382814,304.8,0.0,340.0,72.5,11.499999,589335940.0,589335940.0,0.0,72.5,72.5,11.5,11.5,340,340,{340: 232.37628173828125}
1169768,2024-08-04 09:00:00,20240804T09.nc,241,541.2591,2,164.97577192382815,304.8,0.0,340.0,69.5,-65.37499,589318400.0,625441540.0,36123136.0,69.5,69.5,-65.5,-65.25,340,340,{340: 541.2590942382812}
1048129,2024-07-10 14:00:00,20240710T14.nc,14,4974.042,7,3032.175998437496,609.5999999999992,152.39999999999964,435.0,23.142477,-89.35698,1034996540.0,1497549300.0,452175420.0,22.75,23.5,-89.5,-89.25,430,440,"{430: 2130.02783203125, 440: 2844.01416015625}"
2239400,2024-11-22 06:00:00,20241122T06.nc,65,1238.3689,2,754.9096792968741,609.5999999999992,152.39999999999964,345.0,36.75,-27.249998,662764300.0,733899200.0,71134910.0,36.75,36.75,-27.25,-27.25,340,350,"{340: 619.1844482421875, 350: 619.1844482421875}"
316383,2024-03-01,20240301T00.nc,53,1213.7379,2,739.8946330078116,609.5999999999992,152.39999999999964,325.0,38.25,29.000002,637698560.0,709099100.0,71400480.0,38.25,38.25,29.0,29.0,320,330,"{320: 606.8689575195312, 330: 606.8689575195312}"
