Region,Hour of year,Cumulative contrail warming
European Airspace,0.0,0.1076
European Airspace,1.1112,7.5765
European Airspace,2.2225,13.5595
European Airspace,3.3337,18.7201
European Airspace,4.445,23.3483
European Airspace,5.5562,27.5565
European Airspace,6.6674,31.4186
European Airspace,7.7787,35.0439
European Airspace,8.8899,38.4323
European Airspace,10.0012,41.6004
European Airspace,11.1124,44.5754
European Airspace,12.2236,47.3798
European Airspace,13.3349,50.0369
European Airspace,14.4461,52.5554
European Airspace,15.5574,54.9662
European Airspace,16.6686,57.2767
European Airspace,17.7798,59.4888
European Airspace,18.8911,61.6069
European Airspace,20.0023,63.6315
European Airspace,21.1136,65.5723
European Airspace,22.2248,67.428
European Airspace,23.336,69.2091
European Airspace,24.4473,70.9166
European Airspace,25.5585,72.5598
European Airspace,26.6698,74.1327
European Airspace,27.781,75.6438
European Airspace,28.8922,77.0855
European Airspace,30.0035,78.4704
European Airspace,31.1147,79.8082
European Airspace,32.226,81.1016
European Airspace,33.3372,82.3479
European Airspace,34.4484,83.5466
European Airspace,35.5597,84.6984
European Airspace,36.6709,85.8076
European Airspace,37.7822,86.8741
European Airspace,38.8934,87.8986
European Airspace,40.0046,88.883
European Airspace,41.1159,89.833
European Airspace,42.2271,90.7436
European Airspace,43.3383,91.6218
European Airspace,44.4496,92.4669
European Airspace,45.5608,93.2819
European Airspace,46.6721,94.0689
European Airspace,47.7833,94.8222
European Airspace,48.8945,95.5474
European Airspace,50.0058,96.2443
European Airspace,51.117,96.913
European Airspace,52.2283,97.5537
European Airspace,53.3395,98.1666
European Airspace,54.4507,98.7547
European Airspace,55.562,99.3186
European Airspace,56.6732,99.8555
European Airspace,57.7845,100.3656
European Airspace,58.8957,100.8466
European Airspace,60.0069,101.302
European Airspace,61.1182,101.7323
European Airspace,62.2294,102.1352
European Airspace,63.3407,102.5156
European Airspace,64.4519,102.8676
European Airspace,65.5631,103.1955
European Airspace,66.6744,103.5012
European Airspace,67.7856,103.7838
European Airspace,68.8969,104.0415
European Airspace,70.0081,104.2739
European Airspace,71.1193,104.4819
European Airspace,72.2306,104.6686
European Airspace,73.3418,104.8349
European Airspace,74.4531,104.979
European Airspace,75.5643,105.1028
European Airspace,76.6755,105.2057
European Airspace,77.7868,105.2887
European Airspace,78.898,105.3535
European Airspace,80.0093,105.3995
European Airspace,81.1205,105.4299
European Airspace,82.2317,105.4416
European Airspace,83.343,105.4329
European Airspace,84.4542,105.4012
European Airspace,85.5655,105.342
European Airspace,86.6767,105.2562
European Airspace,87.7879,105.1449
European Airspace,88.8992,105.0041
European Airspace,90.0104,104.8284
European Airspace,91.1217,104.6139
European Airspace,92.2329,104.3569
European Airspace,93.3441,104.0524
European Airspace,94.4554,103.6886
European Airspace,95.5666,103.2604
European Airspace,96.6779,102.7438
European Airspace,97.7891,102.107
European Airspace,98.9003,101.2981
North Atlantic,0.0,0.1554
North Atlantic,1.1112,7.792
North Atlantic,2.2225,13.2097
North Atlantic,3.3337,17.8295
North Atlantic,4.445,21.9804
North Atlantic,5.5562,25.7827
North Atlantic,6.6674,29.292
North Atlantic,7.7787,32.5993
North Atlantic,8.8899,35.7277
North Atlantic,10.0012,38.6776
North Atlantic,11.1124,41.4738
North Atlantic,12.2236,44.1432
North Atlantic,13.3349,46.6786
North Atlantic,14.4461,49.0994
North Atlantic,15.5574,51.4316
North Atlantic,16.6686,53.6763
North Atlantic,17.7798,55.8394
North Atlantic,18.8911,57.9156
North Atlantic,20.0023,59.9103
North Atlantic,21.1136,61.8232
North Atlantic,22.2248,63.6601
North Atlantic,23.336,65.4301
North Atlantic,24.4473,67.1341
North Atlantic,25.5585,68.7718
North Atlantic,26.6698,70.3553
North Atlantic,27.781,71.8786
North Atlantic,28.8922,73.3443
North Atlantic,30.0035,74.7585
North Atlantic,31.1147,76.1214
North Atlantic,32.226,77.4397
North Atlantic,33.3372,78.7139
North Atlantic,34.4484,79.9454
North Atlantic,35.5597,81.1341
North Atlantic,36.6709,82.2811
North Atlantic,37.7822,83.387
North Atlantic,38.8934,84.4535
North Atlantic,40.0046,85.4867
North Atlantic,41.1159,86.4883
North Atlantic,42.2271,87.4584
North Atlantic,43.3383,88.3934
North Atlantic,44.4496,89.2927
North Atlantic,45.5608,90.1548
North Atlantic,46.6721,90.9863
North Atlantic,47.7833,91.788
North Atlantic,48.8945,92.5634
North Atlantic,50.0058,93.3055
North Atlantic,51.117,94.0172
North Atlantic,52.2283,94.7007
North Atlantic,53.3395,95.3556
North Atlantic,54.4507,95.9814
North Atlantic,55.562,96.5812
North Atlantic,56.6732,97.1508
North Atlantic,57.7845,97.6929
North Atlantic,58.8957,98.2127
North Atlantic,60.0069,98.7105
North Atlantic,61.1182,99.1838
North Atlantic,62.2294,99.6326
North Atlantic,63.3407,100.0601
North Atlantic,64.4519,100.4695
North Atlantic,65.5631,100.8578
North Atlantic,66.6744,101.2272
North Atlantic,67.7856,101.574
North Atlantic,68.8969,101.8991
North Atlantic,70.0081,102.2018
North Atlantic,71.1193,102.4829
North Atlantic,72.2306,102.7448
North Atlantic,73.3418,102.99
North Atlantic,74.4531,103.2137
North Atlantic,75.5643,103.4171
North Atlantic,76.6755,103.6035
North Atlantic,77.7868,103.7701
North Atlantic,78.898,103.9195
North Atlantic,80.0093,104.0499
North Atlantic,81.1205,104.1616
North Atlantic,82.2317,104.2556
North Atlantic,83.343,104.3294
North Atlantic,84.4542,104.3863
North Atlantic,85.5655,104.4272
North Atlantic,86.6767,104.4503
North Atlantic,87.7879,104.452
North Atlantic,88.8992,104.4292
North Atlantic,90.0104,104.3764
North Atlantic,91.1217,104.2907
North Atlantic,92.2329,104.1696
North Atlantic,93.3441,104.0097
North Atlantic,94.4554,103.7927
North Atlantic,95.5666,103.4979
North Atlantic,96.6779,103.0991
North Atlantic,97.7891,102.5274
North Atlantic,98.9003,101.6832
Continental Europe,0.0,0.1658
Continental Europe,1.1112,12.338
Continental Europe,2.2225,21.5164
Continental Europe,3.3337,29.0009
Continental Europe,4.445,35.401
Continental Europe,5.5562,40.9882
Continental Europe,6.6674,45.9434
Continental Europe,7.7787,50.4637
Continental Europe,8.8899,54.6338
Continental Europe,10.0012,58.4906
Continental Europe,11.1124,62.0452
Continental Europe,12.2236,65.313
Continental Europe,13.3349,68.3466
Continental Europe,14.4461,71.1418
Continental Europe,15.5574,73.7333
Continental Europe,16.6686,76.1344
Continental Europe,17.7798,78.3733
Continental Europe,18.8911,80.4736
Continental Europe,20.0023,82.4261
Continental Europe,21.1136,84.2461
Continental Europe,22.2248,85.941
Continental Europe,23.336,87.5281
Continental Europe,24.4473,89.0228
Continental Europe,25.5585,90.4212
Continental Europe,26.6698,91.747
Continental Europe,27.781,93.0012
Continental Europe,28.8922,94.1887
Continental Europe,30.0035,95.3098
Continental Europe,31.1147,96.3683
Continental Europe,32.226,97.3712
Continental Europe,33.3372,98.3184
Continental Europe,34.4484,99.2089
Continental Europe,35.5597,100.0551
Continental Europe,36.6709,100.8573
Continental Europe,37.7822,101.616
Continental Europe,38.8934,102.325
Continental Europe,40.0046,102.9948
Continental Europe,41.1159,103.6234
Continental Europe,42.2271,104.2139
Continental Europe,43.3383,104.7684
Continental Europe,44.4496,105.2912
Continental Europe,45.5608,105.7857
Continental Europe,46.6721,106.252
Continental Europe,47.7833,106.6935
Continental Europe,48.8945,107.1102
Continental Europe,50.0058,107.5017
Continental Europe,51.117,107.8683
Continental Europe,52.2283,108.2129
Continental Europe,53.3395,108.533
Continental Europe,54.4507,108.8319
Continental Europe,55.562,109.1114
Continental Europe,56.6732,109.3705
Continental Europe,57.7845,109.6098
Continental Europe,58.8957,109.8276
Continental Europe,60.0069,110.0252
Continental Europe,61.1182,110.2072
Continental Europe,62.2294,110.3722
Continental Europe,63.3407,110.5199
Continental Europe,64.4519,110.653
Continental Europe,65.5631,110.7717
Continental Europe,66.6744,110.876
Continental Europe,67.7856,110.9673
Continental Europe,68.8969,111.0459
Continental Europe,70.0081,111.1122
Continental Europe,71.1193,111.1666
Continental Europe,72.2306,111.2088
Continental Europe,73.3418,111.2409
Continental Europe,74.4531,111.2617
Continental Europe,75.5643,111.2709
Continental Europe,76.6755,111.272
Continental Europe,77.7868,111.2635
Continental Europe,78.898,111.2377
Continental Europe,80.0093,111.1914
Continental Europe,81.1205,111.1234
Continental Europe,82.2317,111.0292
Continental Europe,83.343,110.9058
Continental Europe,84.4542,110.7499
Continental Europe,85.5655,110.5626
Continental Europe,86.6767,110.3387
Continental Europe,87.7879,110.0714
Continental Europe,88.8992,109.7469
Continental Europe,90.0104,109.3697
Continental Europe,91.1217,108.935
Continental Europe,92.2329,108.4242
Continental Europe,93.3441,107.8234
Continental Europe,94.4554,107.1081
Continental Europe,95.5666,106.264
Continental Europe,96.6779,105.2623
Continental Europe,97.7891,104.0612
Continental Europe,98.9003,102.5115
Global,0.0,0.0476
Global,1.096,3.6432
Global,2.192,6.7349
Global,3.288,9.5867
Global,4.3841,12.2623
Global,5.4801,14.806
Global,6.5761,17.2392
Global,7.6721,19.5691
Global,8.7681,21.7956
Global,9.8641,23.931
Global,10.9602,25.9918
Global,12.0562,27.9796
Global,13.1522,29.8962
Global,14.2482,31.7542
Global,15.3442,33.5626
Global,16.4402,35.3247
Global,17.5362,37.0435
Global,18.6323,38.7218
Global,19.7283,40.365
Global,20.8243,41.9764
Global,21.9203,43.5545
Global,23.0163,45.098
Global,24.1123,46.6107
Global,25.2084,48.0957
Global,26.3044,49.5538
Global,27.4004,50.9859
Global,28.4964,52.3924
Global,29.5924,53.7774
Global,30.6884,55.1385
Global,31.7845,56.4746
Global,32.8805,57.7811
Global,33.9765,59.0622
Global,35.0725,60.3229
Global,36.1685,61.5613
Global,37.2645,62.7798
Global,38.3605,63.9771
Global,39.4566,65.1518
Global,40.5526,66.3032
Global,41.6486,67.4326
Global,42.7446,68.5427
Global,43.8406,69.63
Global,44.9366,70.6947
Global,46.0327,71.7387
Global,47.1287,72.7635
Global,48.2247,73.772
Global,49.3207,74.7602
Global,50.4167,75.731
Global,51.5127,76.6845
Global,52.6087,77.6201
Global,53.7048,78.5392
Global,54.8008,79.4385
Global,55.8968,80.3173
Global,56.9928,81.174
Global,58.0888,82.0093
Global,59.1848,82.8227
Global,60.2809,83.6143
Global,61.3769,84.3862
Global,62.4729,85.1398
Global,63.5689,85.8758
Global,64.6649,86.5943
Global,65.7609,87.2943
Global,66.8569,87.9768
Global,67.953,88.6407
Global,69.049,89.288
Global,70.145,89.9184
Global,71.241,90.5321
Global,72.337,91.1292
Global,73.433,91.71
Global,74.5291,92.2766
Global,75.6251,92.828
Global,76.7211,93.3636
Global,77.8171,93.8827
Global,78.9131,94.3874
Global,80.0091,94.8767
Global,81.1051,95.3491
Global,82.2012,95.8048
Global,83.2972,96.245
Global,84.3932,96.6686
Global,85.4892,97.0774
Global,86.5852,97.4711
Global,87.6812,97.8505
Global,88.7773,98.2122
Global,89.8733,98.5524
Global,90.9693,98.8702
Global,92.0653,99.1639
Global,93.1613,99.4326
Global,94.2573,99.6707
Global,95.3534,99.8744
Global,96.4494,100.0299
Global,97.5454,100.1186
Global,98.6414,100.1207
Global,99.7374,100.077
USA,0.0,0.1672
USA,1.1112,11.1225
USA,2.2225,19.3388
USA,3.3337,26.1183
USA,4.445,32.0787
USA,5.5562,37.3722
USA,6.6674,42.1383
USA,7.7787,46.546
USA,8.8899,50.6153
USA,10.0012,54.3782
USA,11.1124,57.8877
USA,12.2236,61.161
USA,13.3349,64.22
USA,14.4461,67.104
USA,15.5574,69.8146
USA,16.6686,72.3713
USA,17.7798,74.7806
USA,18.8911,77.0499
USA,20.0023,79.1963
USA,21.1136,81.2324
USA,22.2248,83.1692
USA,23.336,85.0119
USA,24.4473,86.7609
USA,25.5585,88.422
USA,26.6698,89.9982
USA,27.781,91.4975
USA,28.8922,92.9232
USA,30.0035,94.2822
USA,31.1147,95.5714
USA,32.226,96.7916
USA,33.3372,97.9444
USA,34.4484,99.0396
USA,35.5597,100.0858
USA,36.6709,101.0743
USA,37.7822,102.0117
USA,38.8934,102.8966
USA,40.0046,103.7286
USA,41.1159,104.5098
USA,42.2271,105.2459
USA,43.3383,105.9392
USA,44.4496,106.5935
USA,45.5608,107.2114
USA,46.6721,107.7935
USA,47.7833,108.3463
USA,48.8945,108.8667
USA,50.0058,109.3522
USA,51.117,109.8015
USA,52.2283,110.2174
USA,53.3395,110.6021
USA,54.4507,110.9585
USA,55.562,111.2862
USA,56.6732,111.5882
USA,57.7845,111.8633
USA,58.8957,112.1118
USA,60.0069,112.3353
USA,61.1182,112.5335
USA,62.2294,112.7095
USA,63.3407,112.8644
USA,64.4519,112.9991
USA,65.5631,113.1148
USA,66.6744,113.2133
USA,67.7856,113.2937
USA,68.8969,113.3584
USA,70.0081,113.4087
USA,71.1193,113.4443
USA,72.2306,113.4648
USA,73.3418,113.4718
USA,74.4531,113.4663
USA,75.5643,113.4473
USA,76.6755,113.411
USA,77.7868,113.3581
USA,78.898,113.2867
USA,80.0093,113.1974
USA,81.1205,113.0874
USA,82.2317,112.9562
USA,83.343,112.7978
USA,84.4542,112.6084
USA,85.5655,112.3852
USA,86.6767,112.1264
USA,87.7879,111.8259
USA,88.8992,111.4818
USA,90.0104,111.0802
USA,91.1217,110.6072
USA,92.2329,110.0475
USA,93.3441,109.3779
USA,94.4554,108.5781
USA,95.5666,107.6313
USA,96.6779,106.4763
USA,97.7891,105.0378
USA,98.9003,103.1103
East Asia,0.0,0.2554
East Asia,1.1112,13.1126
East Asia,2.2225,22.6787
East Asia,3.3337,30.5991
East Asia,4.445,37.5544
East Asia,5.5562,43.656
East Asia,6.6674,49.1222
East Asia,7.7787,54.0841
East Asia,8.8899,58.6676
East Asia,10.0012,62.9726
East Asia,11.1124,67.0004
East Asia,12.2236,70.7749
East Asia,13.3349,74.348
East Asia,14.4461,77.7296
East Asia,15.5574,80.9268
East Asia,16.6686,83.9679
East Asia,17.7798,86.876
East Asia,18.8911,89.6592
East Asia,20.0023,92.315
East Asia,21.1136,94.8421
East Asia,22.2248,97.2582
East Asia,23.336,99.5718
East Asia,24.4473,101.7908
East Asia,25.5585,103.9213
East Asia,26.6698,105.9576
East Asia,27.781,107.9011
East Asia,28.8922,109.7634
East Asia,30.0035,111.5434
East Asia,31.1147,113.2364
East Asia,32.226,114.8437
East Asia,33.3372,116.3644
East Asia,34.4484,117.7949
East Asia,35.5597,119.1477
East Asia,36.6709,120.428
East Asia,37.7822,121.6264
East Asia,38.8934,122.7504
East Asia,40.0046,123.799
East Asia,41.1159,124.7752
East Asia,42.2271,125.6827
East Asia,43.3383,126.5337
East Asia,44.4496,127.3253
East Asia,45.5608,128.0644
East Asia,46.6721,128.7509
East Asia,47.7833,129.3787
East Asia,48.8945,129.9549
East Asia,50.0058,130.4809
East Asia,51.117,130.9577
East Asia,52.2283,131.385
East Asia,53.3395,131.7638
East Asia,54.4507,132.0948
East Asia,55.562,132.3833
East Asia,56.6732,132.6307
East Asia,57.7845,132.8444
East Asia,58.8957,133.0241
East Asia,60.0069,133.1711
East Asia,61.1182,133.289
East Asia,62.2294,133.3817
East Asia,63.3407,133.4475
East Asia,64.4519,133.4888
East Asia,65.5631,133.5121
East Asia,66.6744,133.522
East Asia,67.7856,133.5234
East Asia,68.8969,133.5157
East Asia,70.0081,133.4892
East Asia,71.1193,133.4415
East Asia,72.2306,133.3663
East Asia,73.3418,133.2628
East Asia,74.4531,133.1275
East Asia,75.5643,132.9554
East Asia,76.6755,132.7422
East Asia,77.7868,132.4861
East Asia,78.898,132.1884
East Asia,80.0093,131.8398
East Asia,81.1205,131.4372
East Asia,82.2317,130.9799
East Asia,83.343,130.4688
East Asia,84.4542,129.8843
East Asia,85.5655,129.2236
East Asia,86.6767,128.4849
East Asia,87.7879,127.6527
East Asia,88.8992,126.7099
East Asia,90.0104,125.6544
East Asia,91.1217,124.4587
East Asia,92.2329,123.1085
East Asia,93.3441,121.5954
East Asia,94.4554,119.8507
East Asia,95.5666,117.8379
East Asia,96.6779,115.4008
East Asia,97.7891,112.2744
East Asia,98.9003,107.8873
Southeast Asia,0.0,0.0921
Southeast Asia,1.1112,6.874
Southeast Asia,2.2225,12.4941
Southeast Asia,3.3337,17.5517
Southeast Asia,4.445,22.2105
Southeast Asia,5.5562,26.56
Southeast Asia,6.6674,30.6566
Southeast Asia,7.7787,34.5391
Southeast Asia,8.8899,38.2568
Southeast Asia,10.0012,41.8161
Southeast Asia,11.1124,45.2473
Southeast Asia,12.2236,48.5664
Southeast Asia,13.3349,51.7698
Southeast Asia,14.4461,54.8562
Southeast Asia,15.5574,57.8355
Southeast Asia,16.6686,60.7201
Southeast Asia,17.7798,63.5159
Southeast Asia,18.8911,66.2227
Southeast Asia,20.0023,68.8273
Southeast Asia,21.1136,71.3507
Southeast Asia,22.2248,73.7976
Southeast Asia,23.336,76.1634
Southeast Asia,24.4473,78.4549
Southeast Asia,25.5585,80.6728
Southeast Asia,26.6698,82.8238
Southeast Asia,27.781,84.9111
Southeast Asia,28.8922,86.9353
Southeast Asia,30.0035,88.8892
Southeast Asia,31.1147,90.7797
Southeast Asia,32.226,92.6056
Southeast Asia,33.3372,94.3656
Southeast Asia,34.4484,96.0715
Southeast Asia,35.5597,97.7112
Southeast Asia,36.6709,99.2873
Southeast Asia,37.7822,100.8008
Southeast Asia,38.8934,102.2548
Southeast Asia,40.0046,103.6498
Southeast Asia,41.1159,104.9811
Southeast Asia,42.2271,106.25
Southeast Asia,43.3383,107.4581
Southeast Asia,44.4496,108.6051
Southeast Asia,45.5608,109.6889
Southeast Asia,46.6721,110.7126
Southeast Asia,47.7833,111.6829
Southeast Asia,48.8945,112.5937
Southeast Asia,50.0058,113.4383
Southeast Asia,51.117,114.2037
Southeast Asia,52.2283,114.9
Southeast Asia,53.3395,115.5226
Southeast Asia,54.4507,116.0784
Southeast Asia,55.562,116.5738
Southeast Asia,56.6732,117.0037
Southeast Asia,57.7845,117.3636
Southeast Asia,58.8957,117.6441
Southeast Asia,60.0069,117.864
Southeast Asia,61.1182,118.0271
Southeast Asia,62.2294,118.1359
Southeast Asia,63.3407,118.1937
Southeast Asia,64.4519,118.2136
Southeast Asia,65.5631,118.2021
Southeast Asia,66.6744,118.1592
Southeast Asia,67.7856,118.0895
Southeast Asia,68.8969,117.9929
Southeast Asia,70.0081,117.8705
Southeast Asia,71.1193,117.7154
Southeast Asia,72.2306,117.5302
Southeast Asia,73.3418,117.317
Southeast Asia,74.4531,117.0773
Southeast Asia,75.5643,116.8098
Southeast Asia,76.6755,116.5176
Southeast Asia,77.7868,116.1961
Southeast Asia,78.898,115.8463
Southeast Asia,80.0093,115.4681
Southeast Asia,81.1205,115.0593
Southeast Asia,82.2317,114.618
Southeast Asia,83.343,114.1358
Southeast Asia,84.4542,113.6164
Southeast Asia,85.5655,113.063
Southeast Asia,86.6767,112.4707
Southeast Asia,87.7879,111.8339
Southeast Asia,88.8992,111.1554
Southeast Asia,90.0104,110.4278
Southeast Asia,91.1217,109.641
Southeast Asia,92.2329,108.7879
Southeast Asia,93.3441,107.8669
Southeast Asia,94.4554,106.8676
Southeast Asia,95.5666,105.7869
Southeast Asia,96.6779,104.6139
Southeast Asia,97.7891,103.3146
Southeast Asia,98.9003,101.8429
Latin America,0.0,0.1036
Latin America,1.1112,5.4024
Latin America,2.2225,9.7773
Latin America,3.3337,13.7383
Latin America,4.445,17.4376
Latin America,5.5562,20.915
Latin America,6.6674,24.237
Latin America,7.7787,27.4309
Latin America,8.8899,30.4922
Latin America,10.0012,33.4544
Latin America,11.1124,36.3229
Latin America,12.2236,39.0977
Latin America,13.3349,41.7952
Latin America,14.4461,44.4151
Latin America,15.5574,46.9614
Latin America,16.6686,49.4407
Latin America,17.7798,51.8568
Latin America,18.8911,54.2032
Latin America,20.0023,56.4827
Latin America,21.1136,58.701
Latin America,22.2248,60.8682
Latin America,23.336,62.9832
Latin America,24.4473,65.0483
Latin America,25.5585,67.0594
Latin America,26.6698,69.0219
Latin America,27.781,70.9385
Latin America,28.8922,72.7998
Latin America,30.0035,74.6069
Latin America,31.1147,76.3621
Latin America,32.226,78.0736
Latin America,33.3372,79.7332
Latin America,34.4484,81.3435
Latin America,35.5597,82.9131
Latin America,36.6709,84.4422
Latin America,37.7822,85.9284
Latin America,38.8934,87.3641
Latin America,40.0046,88.7479
Latin America,41.1159,90.0827
Latin America,42.2271,91.3632
Latin America,43.3383,92.5957
Latin America,44.4496,93.7839
Latin America,45.5608,94.9197
Latin America,46.6721,96.0028
Latin America,47.7833,97.0385
Latin America,48.8945,98.0267
Latin America,50.0058,98.96
Latin America,51.117,99.8406
Latin America,52.2283,100.6735
Latin America,53.3395,101.4555
Latin America,54.4507,102.1905
Latin America,55.562,102.8673
Latin America,56.6732,103.4703
Latin America,57.7845,104.0148
Latin America,58.8957,104.5051
Latin America,60.0069,104.9318
Latin America,61.1182,105.3006
Latin America,62.2294,105.6119
Latin America,63.3407,105.8824
Latin America,64.4519,106.1187
Latin America,65.5631,106.3198
Latin America,66.6744,106.4858
Latin America,67.7856,106.6192
Latin America,68.8969,106.7274
Latin America,70.0081,106.811
Latin America,71.1193,106.8712
Latin America,72.2306,106.9081
Latin America,73.3418,106.924
Latin America,74.4531,106.9217
Latin America,75.5643,106.9023
Latin America,76.6755,106.8639
Latin America,77.7868,106.8073
Latin America,78.898,106.7296
Latin America,80.0093,106.6287
Latin America,81.1205,106.51
Latin America,82.2317,106.3715
Latin America,83.343,106.2138
Latin America,84.4542,106.0361
Latin America,85.5655,105.8361
Latin America,86.6767,105.6129
Latin America,87.7879,105.3664
Latin America,88.8992,105.0951
Latin America,90.0104,104.7979
Latin America,91.1217,104.474
Latin America,92.2329,104.1203
Latin America,93.3441,103.7348
Latin America,94.4554,103.3066
Latin America,95.5666,102.8302
Latin America,96.6779,102.2952
Latin America,97.7891,101.6879
Latin America,98.9003,100.9589
Africa & Middle East,0.0,0.174
Africa & Middle East,1.096,9.3929
Africa & Middle East,2.192,16.0445
Africa & Middle East,3.288,21.7663
Africa & Middle East,4.3841,26.8085
Africa & Middle East,5.4801,31.3663
Africa & Middle East,6.5761,35.5022
Africa & Middle East,7.6721,39.2977
Africa & Middle East,8.7681,42.842
Africa & Middle East,9.8641,46.1746
Africa & Middle East,10.9602,49.3357
Africa & Middle East,12.0562,52.3405
Africa & Middle East,13.1522,55.1961
Africa & Middle East,14.2482,57.9232
Africa & Middle East,15.3442,60.5283
Africa & Middle East,16.4402,63.0109
Africa & Middle East,17.5362,65.3821
Africa & Middle East,18.6323,67.6578
Africa & Middle East,19.7283,69.8466
Africa & Middle East,20.8243,71.9455
Africa & Middle East,21.9203,73.9543
Africa & Middle East,23.0163,75.8927
Africa & Middle East,24.1123,77.7549
Africa & Middle East,25.2084,79.5459
Africa & Middle East,26.3044,81.277
Africa & Middle East,27.4004,82.9406
Africa & Middle East,28.4964,84.5351
Africa & Middle East,29.5924,86.0622
Africa & Middle East,30.6884,87.5229
Africa & Middle East,31.7845,88.9207
Africa & Middle East,32.8805,90.2584
Africa & Middle East,33.9765,91.5451
Africa & Middle East,35.0725,92.7769
Africa & Middle East,36.1685,93.9522
Africa & Middle East,37.2645,95.0651
Africa & Middle East,38.3605,96.1324
Africa & Middle East,39.4566,97.1497
Africa & Middle East,40.5526,98.1169
Africa & Middle East,41.6486,99.0396
Africa & Middle East,42.7446,99.9185
Africa & Middle East,43.8406,100.748
Africa & Middle East,44.9366,101.529
Africa & Middle East,46.0327,102.2614
Africa & Middle East,47.1287,102.9559
Africa & Middle East,48.2247,103.6137
Africa & Middle East,49.3207,104.2336
Africa & Middle East,50.4167,104.8154
Africa & Middle East,51.5127,105.3573
Africa & Middle East,52.6087,105.8663
Africa & Middle East,53.7048,106.3435
Africa & Middle East,54.8008,106.7837
Africa & Middle East,55.8968,107.187
Africa & Middle East,56.9928,107.5527
Africa & Middle East,58.0888,107.8801
Africa & Middle East,59.1848,108.1772
Africa & Middle East,60.2809,108.4462
Africa & Middle East,61.3769,108.6891
Africa & Middle East,62.4729,108.9055
Africa & Middle East,63.5689,109.0999
Africa & Middle East,64.6649,109.2722
Africa & Middle East,65.7609,109.4233
Africa & Middle East,66.8569,109.5525
Africa & Middle East,67.953,109.6635
Africa & Middle East,69.049,109.7566
Africa & Middle East,70.145,109.8322
Africa & Middle East,71.241,109.8931
Africa & Middle East,72.337,109.9411
Africa & Middle East,73.433,109.9755
Africa & Middle East,74.5291,109.997
Africa & Middle East,75.6251,110.0066
Africa & Middle East,76.7211,110.0068
Africa & Middle East,77.8171,110.0045
Africa & Middle East,78.9131,109.9913
Africa & Middle East,80.0091,109.9635
Africa & Middle East,81.1051,109.9156
Africa & Middle East,82.2012,109.8455
Africa & Middle East,83.2972,109.7505
Africa & Middle East,84.3932,109.6291
Africa & Middle East,85.4892,109.4763
Africa & Middle East,86.5852,109.2893
Africa & Middle East,87.6812,109.0739
Africa & Middle East,88.7773,108.8229
Africa & Middle East,89.8733,108.526
Africa & Middle East,90.9693,108.1826
Africa & Middle East,92.0653,107.7804
Africa & Middle East,93.1613,107.3128
Africa & Middle East,94.2573,106.7597
Africa & Middle East,95.3534,106.1192
Africa & Middle East,96.4494,105.3371
Africa & Middle East,97.5454,104.3433
Africa & Middle East,98.6414,103.0485
Africa & Middle East,99.7374,100.9301
China,0.0,0.2198
China,1.1112,11.0171
China,2.2225,18.9433
China,3.3337,25.4675
China,4.445,31.1761
China,5.5562,36.2928
China,6.6674,40.9241
China,7.7787,45.1508
China,8.8899,49.1148
China,10.0012,52.8194
China,11.1124,56.2961
China,12.2236,59.5829
China,13.3349,62.6879
China,14.4461,65.6314
China,15.5574,68.4392
China,16.6686,71.1314
China,17.7798,73.7096
China,18.8911,76.1696
China,20.0023,78.5262
China,21.1136,80.794
China,22.2248,82.9807
China,23.336,85.0921
China,24.4473,87.1333
China,25.5585,89.1155
China,26.6698,91.04
China,27.781,92.891
China,28.8922,94.677
China,30.0035,96.4087
China,31.1147,98.0795
China,32.226,99.696
China,33.3372,101.2592
China,34.4484,102.7689
China,35.5597,104.2235
China,36.6709,105.6302
China,37.7822,106.9853
China,38.8934,108.2793
China,40.0046,109.5166
China,41.1159,110.7023
China,42.2271,111.8389
China,43.3383,112.9227
China,44.4496,113.9517
China,45.5608,114.9382
China,46.6721,115.876
China,47.7833,116.7668
China,48.8945,117.6094
China,50.0058,118.4033
China,51.117,119.147
China,52.2283,119.8409
China,53.3395,120.4842
China,54.4507,121.0774
China,55.562,121.6204
China,56.6732,122.1147
China,57.7845,122.5596
China,58.8957,122.9583
China,60.0069,123.3084
China,61.1182,123.613
China,62.2294,123.8742
China,63.3407,124.0964
China,64.4519,124.2808
China,65.5631,124.4247
China,66.6744,124.532
China,67.7856,124.6065
China,68.8969,124.6476
China,70.0081,124.6624
China,71.1193,124.6447
China,72.2306,124.5947
China,73.3418,124.5178
China,74.4531,124.4125
China,75.5643,124.2783
China,76.6755,124.1173
China,77.7868,123.9259
China,78.898,123.7038
China,80.0093,123.4493
China,81.1205,123.1584
China,82.2317,122.8259
China,83.343,122.4505
China,84.4542,122.0287
China,85.5655,121.5589
China,86.6767,121.0341
China,87.7879,120.4519
China,88.8992,119.8069
China,90.0104,119.0847
China,91.1217,118.2752
China,92.2329,117.3613
China,93.3441,116.3181
China,94.4554,115.1101
China,95.5666,113.6792
China,96.6779,111.9407
China,97.7891,109.678
China,98.9003,106.2883
India,0.0,0.2027
India,1.1112,10.0051
India,2.2225,17.4583
India,3.3337,23.9621
India,4.445,29.8162
India,5.5562,35.1507
India,6.6674,40.0884
India,7.7787,44.682
India,8.8899,48.9823
India,10.0012,53.0494
India,11.1124,56.8943
India,12.2236,60.5605
India,13.3349,64.0546
India,14.4461,67.3533
India,15.5574,70.4632
India,16.6686,73.3778
India,17.7798,76.1332
India,18.8911,78.7541
India,20.0023,81.2355
India,21.1136,83.5894
India,22.2248,85.8073
India,23.336,87.8877
India,24.4473,89.834
India,25.5585,91.6623
India,26.6698,93.3802
India,27.781,94.9827
India,28.8922,96.4835
India,30.0035,97.8762
India,31.1147,99.1679
India,32.226,100.3769
India,33.3372,101.4998
India,34.4484,102.5326
India,35.5597,103.4865
India,36.6709,104.3655
India,37.7822,105.1674
India,38.8934,105.9016
India,40.0046,106.5839
India,41.1159,107.2208
India,42.2271,107.8078
India,43.3383,108.347
India,44.4496,108.8402
India,45.5608,109.2919
India,46.6721,109.7009
India,47.7833,110.0713
India,48.8945,110.4084
India,50.0058,110.7067
India,51.117,110.9742
India,52.2283,111.2142
India,53.3395,111.4261
India,54.4507,111.6135
India,55.562,111.7745
India,56.6732,111.9132
India,57.7845,112.0294
India,58.8957,112.1255
India,60.0069,112.2027
India,61.1182,112.2636
India,62.2294,112.3115
India,63.3407,112.3488
India,64.4519,112.3764
India,65.5631,112.3954
India,66.6744,112.4075
India,67.7856,112.4148
India,68.8969,112.4183
India,70.0081,112.4192
India,71.1193,112.4192
India,72.2306,112.4192
India,73.3418,112.4191
India,74.4531,112.416
India,75.5643,112.4025
India,76.6755,112.3768
India,77.7868,112.3368
India,78.898,112.2752
India,80.0093,112.1909
India,81.1205,112.0788
India,82.2317,111.9348
India,83.343,111.7612
India,84.4542,111.5519
India,85.5655,111.2993
India,86.6767,110.9996
India,87.7879,110.6501
India,88.8992,110.2512
India,90.0104,109.7891
India,91.1217,109.2599
India,92.2329,108.6477
India,93.3441,107.949
India,94.4554,107.1617
India,95.5666,106.2459
India,96.6779,105.1765
India,97.7891,103.913
India,98.9003,102.3619
North Pacific,0.0,0.0592
North Pacific,1.1112,4.4592
North Pacific,2.2225,8.1565
North Pacific,3.3337,11.4791
North Pacific,4.445,14.5777
North Pacific,5.5562,17.5248
North Pacific,6.6674,20.3266
North Pacific,7.7787,22.9799
North Pacific,8.8899,25.5121
North Pacific,10.0012,27.9312
North Pacific,11.1124,30.2454
North Pacific,12.2236,32.4649
North Pacific,13.3349,34.6003
North Pacific,14.4461,36.6665
North Pacific,15.5574,38.6766
North Pacific,16.6686,40.6212
North Pacific,17.7798,42.5127
North Pacific,18.8911,44.3555
North Pacific,20.0023,46.1507
North Pacific,21.1136,47.9066
North Pacific,22.2248,49.6212
North Pacific,23.336,51.3008
North Pacific,24.4473,52.943
North Pacific,25.5585,54.5501
North Pacific,26.6698,56.1253
North Pacific,27.781,57.6651
North Pacific,28.8922,59.1677
North Pacific,30.0035,60.6354
North Pacific,31.1147,62.0743
North Pacific,32.226,63.4864
North Pacific,33.3372,64.8722
North Pacific,34.4484,66.2254
North Pacific,35.5597,67.5485
North Pacific,36.6709,68.8426
North Pacific,37.7822,70.1103
North Pacific,38.8934,71.3517
North Pacific,40.0046,72.5624
North Pacific,41.1159,73.7463
North Pacific,42.2271,74.9075
North Pacific,43.3383,76.0449
North Pacific,44.4496,77.1574
North Pacific,45.5608,78.2461
North Pacific,46.6721,79.3078
North Pacific,47.7833,80.3451
North Pacific,48.8945,81.358
North Pacific,50.0058,82.3439
North Pacific,51.117,83.3036
North Pacific,52.2283,84.2395
North Pacific,53.3395,85.1495
North Pacific,54.4507,86.0342
North Pacific,55.562,86.8967
North Pacific,56.6732,87.7313
North Pacific,57.7845,88.5384
North Pacific,58.8957,89.3153
North Pacific,60.0069,90.0641
North Pacific,61.1182,90.7874
North Pacific,62.2294,91.4865
North Pacific,63.3407,92.161
North Pacific,64.4519,92.8108
North Pacific,65.5631,93.4348
North Pacific,66.6744,94.0328
North Pacific,67.7856,94.6046
North Pacific,68.8969,95.1487
North Pacific,70.0081,95.67
North Pacific,71.1193,96.1671
North Pacific,72.2306,96.6414
North Pacific,73.3418,97.0904
North Pacific,74.4531,97.5153
North Pacific,75.5643,97.9179
North Pacific,76.6755,98.2954
North Pacific,77.7868,98.6492
North Pacific,78.898,98.9775
North Pacific,80.0093,99.282
North Pacific,81.1205,99.5647
North Pacific,82.2317,99.8236
North Pacific,83.343,100.0586
North Pacific,84.4542,100.2726
North Pacific,85.5655,100.4621
North Pacific,86.6767,100.6262
North Pacific,87.7879,100.7676
North Pacific,88.8992,100.8876
North Pacific,90.0104,100.9821
North Pacific,91.1217,101.0498
North Pacific,92.2329,101.0939
North Pacific,93.3441,101.1151
North Pacific,94.4554,101.1062
North Pacific,95.5666,101.0568
North Pacific,96.6779,100.9595
North Pacific,97.7891,100.8039
North Pacific,98.9003,100.548
Arctic,0.0,0.2132
Arctic,1.1114,9.0194
Arctic,2.2227,15.0388
Arctic,3.3341,20.0739
Arctic,4.4455,24.3886
Arctic,5.5568,28.2655
Arctic,6.6682,31.837
Arctic,7.7796,35.1268
Arctic,8.8909,38.1817
Arctic,10.0023,41.0499
Arctic,11.1137,43.7654
Arctic,12.2251,46.327
Arctic,13.3364,48.746
Arctic,14.4478,51.0268
Arctic,15.5592,53.1743
Arctic,16.6705,55.232
Arctic,17.7819,57.2191
Arctic,18.8933,59.1305
Arctic,20.0046,60.9711
Arctic,21.116,62.7388
Arctic,22.2274,64.4377
Arctic,23.3387,66.0741
Arctic,24.4501,67.6445
Arctic,25.5615,69.156
Arctic,26.6728,70.6196
Arctic,27.7842,72.0301
Arctic,28.8956,73.3861
Arctic,30.0069,74.6959
Arctic,31.1183,75.9601
Arctic,32.2297,77.1767
Arctic,33.3411,78.3426
Arctic,34.4524,79.4598
Arctic,35.5638,80.5396
Arctic,36.6752,81.5816
Arctic,37.7865,82.5898
Arctic,38.8979,83.5607
Arctic,40.0093,84.4918
Arctic,41.1206,85.3853
Arctic,42.232,86.2465
Arctic,43.3434,87.078
Arctic,44.4547,87.8781
Arctic,45.5661,88.645
Arctic,46.6775,89.3839
Arctic,47.7888,90.0941
Arctic,48.9002,90.7791
Arctic,50.0116,91.4408
Arctic,51.1229,92.0783
Arctic,52.2343,92.6929
Arctic,53.3457,93.2828
Arctic,54.4571,93.8486
Arctic,55.5684,94.3897
Arctic,56.6798,94.9106
Arctic,57.7912,95.4095
Arctic,58.9025,95.8885
Arctic,60.0139,96.3479
Arctic,61.1253,96.7856
Arctic,62.2366,97.202
Arctic,63.348,97.5977
Arctic,64.4594,97.9721
Arctic,65.5707,98.326
Arctic,66.6821,98.6608
Arctic,67.7935,98.9757
Arctic,68.9048,99.2716
Arctic,70.0162,99.5502
Arctic,71.1276,99.8095
Arctic,72.2389,100.0499
Arctic,73.3503,100.2749
Arctic,74.4617,100.4834
Arctic,75.573,100.6759
Arctic,76.6844,100.8535
Arctic,77.7958,101.0163
Arctic,78.9072,101.1645
Arctic,80.0185,101.2987
Arctic,81.1299,101.418
Arctic,82.2413,101.5185
Arctic,83.3526,101.6049
Arctic,84.464,101.6778
Arctic,85.5754,101.7385
Arctic,86.6867,101.7862
Arctic,87.7981,101.8205
Arctic,88.9095,101.8442
Arctic,90.0208,101.8577
Arctic,91.1322,101.8622
Arctic,92.2436,101.8623
Arctic,93.3549,101.8549
Arctic,94.4663,101.8216
Arctic,95.5777,101.7499
Arctic,96.689,101.6199
Arctic,97.8004,101.3938
Arctic,98.9118,100.9902
Honiara FIR,0.0,1.7861
Honiara FIR,1.3084,81.0595
Honiara FIR,2.6169,120.0557
Honiara FIR,3.9253,146.4459
Honiara FIR,5.2337,164.3846
Honiara FIR,6.5422,177.5686
Honiara FIR,7.8506,187.3358
Honiara FIR,9.1591,194.1109
Honiara FIR,10.4675,198.6161
Honiara FIR,11.7759,201.4729
Honiara FIR,13.0844,203.1297
Honiara FIR,14.3928,203.9293
Honiara FIR,15.7012,204.2456
Honiara FIR,17.0097,204.3307
Honiara FIR,18.3181,204.3336
Honiara FIR,19.6266,204.3336
Honiara FIR,20.935,204.3336
Honiara FIR,22.2434,204.3336
Honiara FIR,23.5519,204.3336
Honiara FIR,24.8603,204.3336
Honiara FIR,26.1687,204.3336
Honiara FIR,27.4772,204.3336
Honiara FIR,28.7856,204.3336
Honiara FIR,30.094,204.3336
Honiara FIR,31.4025,204.3336
Honiara FIR,32.7109,204.3336
Honiara FIR,34.0194,204.3336
Honiara FIR,35.3278,204.3336
Honiara FIR,36.6362,204.3336
Honiara FIR,37.9447,204.3336
Honiara FIR,39.2531,204.3336
Honiara FIR,40.5615,204.3336
Honiara FIR,41.87,204.3336
Honiara FIR,43.1784,204.3336
Honiara FIR,44.4868,204.3336
Honiara FIR,45.7953,204.3336
Honiara FIR,47.1037,204.3336
Honiara FIR,48.4122,204.3336
Honiara FIR,49.7206,204.3336
Honiara FIR,51.029,204.3336
Honiara FIR,52.3375,204.3336
Honiara FIR,53.6459,204.3336
Honiara FIR,54.9543,204.3336
Honiara FIR,56.2628,204.3336
Honiara FIR,57.5712,204.3336
Honiara FIR,58.8797,204.3336
Honiara FIR,60.1881,204.3336
Honiara FIR,61.4965,204.3336
Honiara FIR,62.805,204.3336
Honiara FIR,64.1134,204.3336
Honiara FIR,65.4218,204.3336
Honiara FIR,66.7303,204.3336
Honiara FIR,68.0387,204.3336
Honiara FIR,69.3471,204.3336
Honiara FIR,70.6556,204.3336
Honiara FIR,71.964,204.3336
Honiara FIR,73.2725,204.3336
Honiara FIR,74.5809,204.3336
Honiara FIR,75.8893,204.3336
Honiara FIR,77.1978,204.3336
Honiara FIR,78.5062,204.3336
Honiara FIR,79.8146,204.3336
Honiara FIR,81.1231,204.3336
Honiara FIR,82.4315,204.3336
Honiara FIR,83.7399,204.3336
Honiara FIR,85.0484,204.3336
Honiara FIR,86.3568,204.3336
Honiara FIR,87.6653,204.3336
Honiara FIR,88.9737,204.3336
Honiara FIR,90.2821,204.3336
Honiara FIR,91.5906,204.29
Honiara FIR,92.899,203.7827
Honiara FIR,94.2074,202.0391
Honiara FIR,95.5159,197.9542
Honiara FIR,96.8243,189.2361
Honiara FIR,98.1328,173.2869
Honiara FIR,99.4412,137.9327
Nauru FIR,0.0,159.6193
Nauru FIR,2.4691,1652.9388
Nauru FIR,4.9383,1849.484
Nauru FIR,7.4074,1886.9001
Nauru FIR,9.8765,1888.9117
Nauru FIR,12.3457,1888.9117
Nauru FIR,14.8148,1888.9117
Nauru FIR,17.284,1888.9117
Nauru FIR,19.7531,1888.9117
Nauru FIR,22.2222,1888.9117
Nauru FIR,24.6914,1888.9117
Nauru FIR,27.1605,1888.9117
Nauru FIR,29.6296,1888.9117
Nauru FIR,32.0988,1888.9117
Nauru FIR,34.5679,1888.9117
Nauru FIR,37.037,1888.9117
Nauru FIR,39.5062,1888.9117
Nauru FIR,41.9753,1888.9117
Nauru FIR,44.4444,1888.9117
Nauru FIR,46.9136,1888.9117
Nauru FIR,49.3827,1888.9117
Nauru FIR,51.8519,1888.9117
Nauru FIR,54.321,1888.9117
Nauru FIR,56.7901,1888.9117
Nauru FIR,59.2593,1888.9117
Nauru FIR,61.7284,1888.9117
Nauru FIR,64.1975,1888.9117
Nauru FIR,66.6667,1888.9117
Nauru FIR,69.1358,1888.9117
Nauru FIR,71.6049,1888.9117
Nauru FIR,74.0741,1888.9117
Nauru FIR,76.5432,1888.9117
Nauru FIR,79.0123,1888.9117
Nauru FIR,81.4815,1888.9117
Nauru FIR,83.9506,1888.9117
Nauru FIR,86.4198,1888.9117
Nauru FIR,88.8889,1888.9117
Nauru FIR,91.358,1888.9117
Nauru FIR,93.8272,1888.8165
Nauru FIR,96.2963,1848.6184
Nauru FIR,98.7654,1402.3597
Port Moresby FIR,0.0,0.5922
Port Moresby FIR,1.1197,24.8635
Port Moresby FIR,2.2393,39.8846
Port Moresby FIR,3.359,52.0971
Port Moresby FIR,4.4787,62.1943
Port Moresby FIR,5.5983,70.7571
Port Moresby FIR,6.718,78.188
Port Moresby FIR,7.8376,84.715
Port Moresby FIR,8.9573,90.4824
Port Moresby FIR,10.077,95.5632
Port Moresby FIR,11.1966,100.0516
Port Moresby FIR,12.3163,104.0321
Port Moresby FIR,13.436,107.5396
Port Moresby FIR,14.5556,110.6361
Port Moresby FIR,15.6753,113.3527
Port Moresby FIR,16.795,115.758
Port Moresby FIR,17.9146,117.8861
Port Moresby FIR,19.0343,119.7572
Port Moresby FIR,20.154,121.4139
Port Moresby FIR,21.2736,122.8814
Port Moresby FIR,22.3933,124.1633
Port Moresby FIR,23.5129,125.2772
Port Moresby FIR,24.6326,126.2241
Port Moresby FIR,25.7523,127.0268
Port Moresby FIR,26.8719,127.6951
Port Moresby FIR,27.9916,128.2443
Port Moresby FIR,29.1113,128.6911
Port Moresby FIR,30.2309,129.0444
Port Moresby FIR,31.3506,129.3146
Port Moresby FIR,32.4703,129.525
Port Moresby FIR,33.5899,129.6865
Port Moresby FIR,34.7096,129.8097
Port Moresby FIR,35.8293,129.903
Port Moresby FIR,36.9489,129.9741
Port Moresby FIR,38.0686,130.0242
Port Moresby FIR,39.1882,130.0581
Port Moresby FIR,40.3079,130.081
Port Moresby FIR,41.4276,130.0949
Port Moresby FIR,42.5472,130.1019
Port Moresby FIR,43.6669,130.1042
Port Moresby FIR,44.7866,130.1043
Port Moresby FIR,45.9062,130.1043
Port Moresby FIR,47.0259,130.1043
Port Moresby FIR,48.1456,130.1043
Port Moresby FIR,49.2652,130.1043
Port Moresby FIR,50.3849,130.1043
Port Moresby FIR,51.5045,130.1043
Port Moresby FIR,52.6242,130.1043
Port Moresby FIR,53.7439,130.1043
Port Moresby FIR,54.8635,130.1043
Port Moresby FIR,55.9832,130.1043
Port Moresby FIR,57.1029,130.1043
Port Moresby FIR,58.2225,130.1043
Port Moresby FIR,59.3422,130.1043
Port Moresby FIR,60.4619,130.1043
Port Moresby FIR,61.5815,130.1043
Port Moresby FIR,62.7012,130.1043
Port Moresby FIR,63.8209,130.1043
Port Moresby FIR,64.9405,130.1043
Port Moresby FIR,66.0602,130.1043
Port Moresby FIR,67.1798,130.1043
Port Moresby FIR,68.2995,130.1043
Port Moresby FIR,69.4192,130.1043
Port Moresby FIR,70.5388,130.1043
Port Moresby FIR,71.6585,130.1043
Port Moresby FIR,72.7782,130.1043
Port Moresby FIR,73.8978,130.1043
Port Moresby FIR,75.0175,130.1043
Port Moresby FIR,76.1372,130.1043
Port Moresby FIR,77.2568,130.1043
Port Moresby FIR,78.3765,130.1026
Port Moresby FIR,79.4962,130.094
Port Moresby FIR,80.6158,130.0748
Port Moresby FIR,81.7355,130.0412
Port Moresby FIR,82.8551,129.9829
Port Moresby FIR,83.9748,129.8904
Port Moresby FIR,85.0945,129.7559
Port Moresby FIR,86.2141,129.5615
Port Moresby FIR,87.3338,129.296
Port Moresby FIR,88.4535,128.9277
Port Moresby FIR,89.5731,128.4185
Port Moresby FIR,90.6928,127.7294
Port Moresby FIR,91.8125,126.8293
Port Moresby FIR,92.9321,125.6691
Port Moresby FIR,94.0518,124.2195
Port Moresby FIR,95.1714,122.3615
Port Moresby FIR,96.2911,119.9266
Port Moresby FIR,97.4108,116.5985
Port Moresby FIR,98.5304,111.9852
Port Moresby FIR,99.6501,104.5252
Nuuk FIR,0.0,0.3654
Nuuk FIR,1.1116,15.7758
Nuuk FIR,2.2233,24.3277
Nuuk FIR,3.3349,31.29
Nuuk FIR,4.4465,37.1159
Nuuk FIR,5.5581,42.2015
Nuuk FIR,6.6698,46.6969
Nuuk FIR,7.7814,50.7656
Nuuk FIR,8.893,54.4181
Nuuk FIR,10.0046,57.7595
Nuuk FIR,11.1163,60.8219
Nuuk FIR,12.2279,63.6602
Nuuk FIR,13.3395,66.3144
Nuuk FIR,14.4511,68.7797
Nuuk FIR,15.5628,71.0664
Nuuk FIR,16.6744,73.1779
Nuuk FIR,17.786,75.1596
Nuuk FIR,18.8976,77.0255
Nuuk FIR,20.0093,78.7845
Nuuk FIR,21.1209,80.4347
Nuuk FIR,22.2325,82.0044
Nuuk FIR,23.3441,83.5006
Nuuk FIR,24.4558,84.9151
Nuuk FIR,25.5674,86.2287
Nuuk FIR,26.679,87.449
Nuuk FIR,27.7906,88.6012
Nuuk FIR,28.9023,89.682
Nuuk FIR,30.0139,90.6939
Nuuk FIR,31.1255,91.6507
Nuuk FIR,32.2371,92.5512
Nuuk FIR,33.3488,93.3909
Nuuk FIR,34.4604,94.179
Nuuk FIR,35.572,94.918
Nuuk FIR,36.6836,95.6124
Nuuk FIR,37.7953,96.2631
Nuuk FIR,38.9069,96.8713
Nuuk FIR,40.0185,97.441
Nuuk FIR,41.1302,97.9773
Nuuk FIR,42.2418,98.4795
Nuuk FIR,43.3534,98.9452
Nuuk FIR,44.465,99.3771
Nuuk FIR,45.5767,99.774
Nuuk FIR,46.6883,100.141
Nuuk FIR,47.7999,100.4783
Nuuk FIR,48.9115,100.785
Nuuk FIR,50.0232,101.0612
Nuuk FIR,51.1348,101.3106
Nuuk FIR,52.2464,101.5327
Nuuk FIR,53.358,101.7306
Nuuk FIR,54.4697,101.906
Nuuk FIR,55.5813,102.0599
Nuuk FIR,56.6929,102.1952
Nuuk FIR,57.8045,102.3119
Nuuk FIR,58.9162,102.4114
Nuuk FIR,60.0278,102.4956
Nuuk FIR,61.1394,102.565
Nuuk FIR,62.251,102.6215
Nuuk FIR,63.3627,102.6654
Nuuk FIR,64.4743,102.6979
Nuuk FIR,65.5859,102.7206
Nuuk FIR,66.6975,102.7356
Nuuk FIR,67.8092,102.7449
Nuuk FIR,68.9208,102.7496
Nuuk FIR,70.0324,102.7515
Nuuk FIR,71.144,102.7519
Nuuk FIR,72.2557,102.7519
Nuuk FIR,73.3673,102.7519
Nuuk FIR,74.4789,102.7519
Nuuk FIR,75.5906,102.7519
Nuuk FIR,76.7022,102.7519
Nuuk FIR,77.8138,102.7519
Nuuk FIR,78.9254,102.7519
Nuuk FIR,80.0371,102.7519
Nuuk FIR,81.1487,102.7519
Nuuk FIR,82.2603,102.7519
Nuuk FIR,83.3719,102.7519
Nuuk FIR,84.4836,102.7519
Nuuk FIR,85.5952,102.7519
Nuuk FIR,86.7068,102.7519
Nuuk FIR,87.8184,102.7519
Nuuk FIR,88.9301,102.7519
Nuuk FIR,90.0417,102.7519
Nuuk FIR,91.1533,102.7519
Nuuk FIR,92.2649,102.7519
Nuuk FIR,93.3766,102.7519
Nuuk FIR,94.4882,102.7501
Nuuk FIR,95.5998,102.7312
Nuuk FIR,96.7114,102.6489
Nuuk FIR,97.8231,102.4447
Nuuk FIR,98.9347,101.9406
Reykjavik FIR,0.0,0.5913
Reykjavik FIR,1.1115,21.9
Reykjavik FIR,2.223,34.1797
Reykjavik FIR,3.3345,42.9969
Reykjavik FIR,4.446,50.0564
Reykjavik FIR,5.5575,55.9316
Reykjavik FIR,6.669,60.976
Reykjavik FIR,7.7805,65.4202
Reykjavik FIR,8.892,69.3645
Reykjavik FIR,10.0035,72.9249
Reykjavik FIR,11.115,76.0833
Reykjavik FIR,12.2265,78.9082
Reykjavik FIR,13.338,81.463
Reykjavik FIR,14.4495,83.7743
Reykjavik FIR,15.561,85.8825
Reykjavik FIR,16.6725,87.827
Reykjavik FIR,17.784,89.6292
Reykjavik FIR,18.8954,91.2867
Reykjavik FIR,20.0069,92.8141
Reykjavik FIR,21.1184,94.2275
Reykjavik FIR,22.2299,95.5313
Reykjavik FIR,23.3414,96.7359
Reykjavik FIR,24.4529,97.8589
Reykjavik FIR,25.5644,98.8851
Reykjavik FIR,26.6759,99.8175
Reykjavik FIR,27.7874,100.6831
Reykjavik FIR,28.8989,101.4854
Reykjavik FIR,30.0104,102.2216
Reykjavik FIR,31.1219,102.8995
Reykjavik FIR,32.2334,103.5232
Reykjavik FIR,33.3449,104.0984
Reykjavik FIR,34.4564,104.6311
Reykjavik FIR,35.5679,105.1179
Reykjavik FIR,36.6794,105.559
Reykjavik FIR,37.7909,105.9652
Reykjavik FIR,38.9024,106.3364
Reykjavik FIR,40.0139,106.6775
Reykjavik FIR,41.1254,106.9884
Reykjavik FIR,42.2369,107.2688
Reykjavik FIR,43.3484,107.5218
Reykjavik FIR,44.4599,107.7446
Reykjavik FIR,45.5714,107.9389
Reykjavik FIR,46.6829,108.106
Reykjavik FIR,47.7944,108.2531
Reykjavik FIR,48.9059,108.3795
Reykjavik FIR,50.0174,108.4885
Reykjavik FIR,51.1289,108.5845
Reykjavik FIR,52.2404,108.6641
Reykjavik FIR,53.3519,108.7299
Reykjavik FIR,54.4634,108.7836
Reykjavik FIR,55.5749,108.8268
Reykjavik FIR,56.6863,108.8611
Reykjavik FIR,57.7978,108.8868
Reykjavik FIR,58.9093,108.9049
Reykjavik FIR,60.0208,108.9181
Reykjavik FIR,61.1323,108.9269
Reykjavik FIR,62.2438,108.9321
Reykjavik FIR,63.3553,108.9348
Reykjavik FIR,64.4668,108.9359
Reykjavik FIR,65.5783,108.9361
Reykjavik FIR,66.6898,108.9362
Reykjavik FIR,67.8013,108.9362
Reykjavik FIR,68.9128,108.9362
Reykjavik FIR,70.0243,108.9362
Reykjavik FIR,71.1358,108.9362
Reykjavik FIR,72.2473,108.9362
Reykjavik FIR,73.3588,108.9362
Reykjavik FIR,74.4703,108.9362
Reykjavik FIR,75.5818,108.9362
Reykjavik FIR,76.6933,108.9362
Reykjavik FIR,77.8048,108.9362
Reykjavik FIR,78.9163,108.9362
Reykjavik FIR,80.0278,108.9362
Reykjavik FIR,81.1393,108.9362
Reykjavik FIR,82.2508,108.9362
Reykjavik FIR,83.3623,108.9362
Reykjavik FIR,84.4738,108.9361
Reykjavik FIR,85.5853,108.9346
Reykjavik FIR,86.6968,108.9279
Reykjavik FIR,87.8083,108.9123
Reykjavik FIR,88.9198,108.8808
Reykjavik FIR,90.0313,108.8258
Reykjavik FIR,91.1428,108.737
Reykjavik FIR,92.2543,108.6017
Reykjavik FIR,93.3658,108.4015
Reykjavik FIR,94.4772,108.1078
Reykjavik FIR,95.5887,107.6696
Reykjavik FIR,96.7002,107.0143
Reykjavik FIR,97.8117,106.0343
Reykjavik FIR,98.9232,104.4076
Edmonton FIR,0.0,0.2833
Edmonton FIR,1.1112,11.3464
Edmonton FIR,2.2225,18.6594
Edmonton FIR,3.3337,24.8252
Edmonton FIR,4.445,30.322
Edmonton FIR,5.5562,35.2999
Edmonton FIR,6.6674,39.8392
Edmonton FIR,7.7787,44.0634
Edmonton FIR,8.8899,47.9478
Edmonton FIR,10.0012,51.5518
Edmonton FIR,11.1124,54.9496
Edmonton FIR,12.2236,58.1203
Edmonton FIR,13.3349,61.0962
Edmonton FIR,14.4461,63.9257
Edmonton FIR,15.5574,66.6204
Edmonton FIR,16.6686,69.1686
Edmonton FIR,17.7798,71.5885
Edmonton FIR,18.8911,73.89
Edmonton FIR,20.0023,76.0754
Edmonton FIR,21.1136,78.1448
Edmonton FIR,22.2248,80.1041
Edmonton FIR,23.336,81.9622
Edmonton FIR,24.4473,83.7247
Edmonton FIR,25.5585,85.396
Edmonton FIR,26.6698,86.98
Edmonton FIR,27.781,88.4961
Edmonton FIR,28.8922,89.941
Edmonton FIR,30.0035,91.3122
Edmonton FIR,31.1147,92.6214
Edmonton FIR,32.226,93.8631
Edmonton FIR,33.3372,95.0402
Edmonton FIR,34.4484,96.1604
Edmonton FIR,35.5597,97.2317
Edmonton FIR,36.6709,98.2499
Edmonton FIR,37.7822,99.2206
Edmonton FIR,38.8934,100.1373
Edmonton FIR,40.0046,101.0047
Edmonton FIR,41.1159,101.8238
Edmonton FIR,42.2271,102.5991
Edmonton FIR,43.3383,103.3343
Edmonton FIR,44.4496,104.0326
Edmonton FIR,45.5608,104.6914
Edmonton FIR,46.6721,105.3139
Edmonton FIR,47.7833,105.902
Edmonton FIR,48.8945,106.4594
Edmonton FIR,50.0058,106.9844
Edmonton FIR,51.117,107.4799
Edmonton FIR,52.2283,107.9463
Edmonton FIR,53.3395,108.3806
Edmonton FIR,54.4507,108.7836
Edmonton FIR,55.562,109.159
Edmonton FIR,56.6732,109.5062
Edmonton FIR,57.7845,109.8289
Edmonton FIR,58.8957,110.1249
Edmonton FIR,60.0069,110.3957
Edmonton FIR,61.1182,110.6428
Edmonton FIR,62.2294,110.8677
Edmonton FIR,63.3407,111.0743
Edmonton FIR,64.4519,111.2611
Edmonton FIR,65.5631,111.4276
Edmonton FIR,66.6744,111.5741
Edmonton FIR,67.7856,111.7047
Edmonton FIR,68.8969,111.8172
Edmonton FIR,70.0081,111.9127
Edmonton FIR,71.1193,111.9925
Edmonton FIR,72.2306,112.0578
Edmonton FIR,73.3418,112.1094
Edmonton FIR,74.4531,112.1473
Edmonton FIR,75.5643,112.1718
Edmonton FIR,76.6755,112.1861
Edmonton FIR,77.7868,112.1927
Edmonton FIR,78.898,112.1938
Edmonton FIR,80.0093,112.1938
Edmonton FIR,81.1205,112.1917
Edmonton FIR,82.2317,112.1766
Edmonton FIR,83.343,112.1352
Edmonton FIR,84.4542,112.0608
Edmonton FIR,85.5655,111.9526
Edmonton FIR,86.6767,111.8101
Edmonton FIR,87.7879,111.6162
Edmonton FIR,88.8992,111.3632
Edmonton FIR,90.0104,111.0477
Edmonton FIR,91.1217,110.6555
Edmonton FIR,92.2329,110.1665
Edmonton FIR,93.3441,109.5537
Edmonton FIR,94.4554,108.7988
Edmonton FIR,95.5666,107.8819
Edmonton FIR,96.6779,106.7585
Edmonton FIR,97.7891,105.34
Edmonton FIR,98.9003,103.3714
Moncton FIR,0.0,0.6687
Moncton FIR,1.1112,27.6751
Moncton FIR,2.2225,43.1558
Moncton FIR,3.3337,54.4887
Moncton FIR,4.445,63.0464
Moncton FIR,5.5562,69.9413
Moncton FIR,6.6674,75.5197
Moncton FIR,7.7787,80.197
Moncton FIR,8.8899,84.0756
Moncton FIR,10.0012,87.4602
Moncton FIR,11.1124,90.4176
Moncton FIR,12.2236,92.9952
Moncton FIR,13.3349,95.2502
Moncton FIR,14.4461,97.2345
Moncton FIR,15.5574,98.9524
Moncton FIR,16.6686,100.4263
Moncton FIR,17.7798,101.696
Moncton FIR,18.8911,102.8268
Moncton FIR,20.0023,103.801
Moncton FIR,21.1136,104.6382
Moncton FIR,22.2248,105.3756
Moncton FIR,23.336,106.0256
Moncton FIR,24.4473,106.5865
Moncton FIR,25.5585,107.0784
Moncton FIR,26.6698,107.4955
Moncton FIR,27.781,107.8558
Moncton FIR,28.8922,108.1653
Moncton FIR,30.0035,108.4311
Moncton FIR,31.1147,108.6579
Moncton FIR,32.226,108.8512
Moncton FIR,33.3372,109.0115
Moncton FIR,34.4484,109.1437
Moncton FIR,35.5597,109.2538
Moncton FIR,36.6709,109.3437
Moncton FIR,37.7822,109.4138
Moncton FIR,38.8934,109.4676
Moncton FIR,40.0046,109.5074
Moncton FIR,41.1159,109.5356
Moncton FIR,42.2271,109.5548
Moncton FIR,43.3383,109.5678
Moncton FIR,44.4496,109.5765
Moncton FIR,45.5608,109.582
Moncton FIR,46.6721,109.5848
Moncton FIR,47.7833,109.586
Moncton FIR,48.8945,109.5863
Moncton FIR,50.0058,109.5863
Moncton FIR,51.117,109.5863
Moncton FIR,52.2283,109.5863
Moncton FIR,53.3395,109.5863
Moncton FIR,54.4507,109.5863
Moncton FIR,55.562,109.5863
Moncton FIR,56.6732,109.5863
Moncton FIR,57.7845,109.5863
Moncton FIR,58.8957,109.5863
Moncton FIR,60.0069,109.5863
Moncton FIR,61.1182,109.5863
Moncton FIR,62.2294,109.5863
Moncton FIR,63.3407,109.5863
Moncton FIR,64.4519,109.5863
Moncton FIR,65.5631,109.5863
Moncton FIR,66.6744,109.5863
Moncton FIR,67.7856,109.5863
Moncton FIR,68.8969,109.5863
Moncton FIR,70.0081,109.5863
Moncton FIR,71.1193,109.5863
Moncton FIR,72.2306,109.5863
Moncton FIR,73.3418,109.5863
Moncton FIR,74.4531,109.5863
Moncton FIR,75.5643,109.5863
Moncton FIR,76.6755,109.5863
Moncton FIR,77.7868,109.5863
Moncton FIR,78.898,109.5863
Moncton FIR,80.0093,109.5863
Moncton FIR,81.1205,109.5863
Moncton FIR,82.2317,109.5862
Moncton FIR,83.343,109.5854
Moncton FIR,84.4542,109.5825
Moncton FIR,85.5655,109.5755
Moncton FIR,86.6767,109.5608
Moncton FIR,87.7879,109.5343
Moncton FIR,88.8992,109.489
Moncton FIR,90.0104,109.4131
Moncton FIR,91.1217,109.3021
Moncton FIR,92.2329,109.1451
Moncton FIR,93.3441,108.9287
Moncton FIR,94.4554,108.6115
Moncton FIR,95.5666,108.1595
Moncton FIR,96.6779,107.4822
Moncton FIR,97.7891,106.4385
Moncton FIR,98.9003,104.7266
Gander FIR,0.0,0.2841
Gander FIR,1.1112,14.5143
Gander FIR,2.2225,23.6746
Gander FIR,3.3337,31.0102
Gander FIR,4.445,37.1897
Gander FIR,5.5562,42.6067
Gander FIR,6.6674,47.4186
Gander FIR,7.7787,51.6959
Gander FIR,8.8899,55.5574
Gander FIR,10.0012,59.0135
Gander FIR,11.1124,62.1707
Gander FIR,12.2236,65.1087
Gander FIR,13.3349,67.7983
Gander FIR,14.4461,70.296
Gander FIR,15.5574,72.623
Gander FIR,16.6686,74.7922
Gander FIR,17.7798,76.8183
Gander FIR,18.8911,78.719
Gander FIR,20.0023,80.4946
Gander FIR,21.1136,82.1462
Gander FIR,22.2248,83.6794
Gander FIR,23.336,85.1139
Gander FIR,24.4473,86.4584
Gander FIR,25.5585,87.7303
Gander FIR,26.6698,88.9234
Gander FIR,27.781,90.043
Gander FIR,28.8922,91.0936
Gander FIR,30.0035,92.0785
Gander FIR,31.1147,92.9989
Gander FIR,32.226,93.8648
Gander FIR,33.3372,94.6746
Gander FIR,34.4484,95.4334
Gander FIR,35.5597,96.1474
Gander FIR,36.6709,96.8149
Gander FIR,37.7822,97.4369
Gander FIR,38.8934,98.0149
Gander FIR,40.0046,98.5628
Gander FIR,41.1159,99.0759
Gander FIR,42.2271,99.5601
Gander FIR,43.3383,100.0149
Gander FIR,44.4496,100.4413
Gander FIR,45.5608,100.8393
Gander FIR,46.6721,101.2116
Gander FIR,47.7833,101.5567
Gander FIR,48.8945,101.8782
Gander FIR,50.0058,102.1752
Gander FIR,51.117,102.4495
Gander FIR,52.2283,102.7033
Gander FIR,53.3395,102.9345
Gander FIR,54.4507,103.1447
Gander FIR,55.562,103.3381
Gander FIR,56.6732,103.5162
Gander FIR,57.7845,103.6805
Gander FIR,58.8957,103.8285
Gander FIR,60.0069,103.9624
Gander FIR,61.1182,104.0839
Gander FIR,62.2294,104.1942
Gander FIR,63.3407,104.2944
Gander FIR,64.4519,104.3846
Gander FIR,65.5631,104.4639
Gander FIR,66.6744,104.5334
Gander FIR,67.7856,104.5941
Gander FIR,68.8969,104.6464
Gander FIR,70.0081,104.6912
Gander FIR,71.1193,104.7288
Gander FIR,72.2306,104.7598
Gander FIR,73.3418,104.7852
Gander FIR,74.4531,104.805
Gander FIR,75.5643,104.8199
Gander FIR,76.6755,104.8295
Gander FIR,77.7868,104.8348
Gander FIR,78.898,104.8371
Gander FIR,80.0093,104.8374
Gander FIR,81.1205,104.8374
Gander FIR,82.2317,104.8374
Gander FIR,83.343,104.8374
Gander FIR,84.4542,104.8374
Gander FIR,85.5655,104.8352
Gander FIR,86.6767,104.8273
Gander FIR,87.7879,104.809
Gander FIR,88.8992,104.7764
Gander FIR,90.0104,104.7252
Gander FIR,91.1217,104.6529
Gander FIR,92.2329,104.5535
Gander FIR,93.3441,104.4265
Gander FIR,94.4554,104.2522
Gander FIR,95.5666,104.0115
Gander FIR,96.6779,103.684
Gander FIR,97.7891,103.1998
Gander FIR,98.9003,102.347
Montreal FIR,0.0,0.3526
Montreal FIR,1.1112,17.2392
Montreal FIR,2.2225,28.2278
Montreal FIR,3.3337,37.0153
Montreal FIR,4.445,44.3815
Montreal FIR,5.5562,50.6944
Montreal FIR,6.6674,56.2868
Montreal FIR,7.7787,61.2274
Montreal FIR,8.8899,65.6675
Montreal FIR,10.0012,69.639
Montreal FIR,11.1124,73.204
Montreal FIR,12.2236,76.4164
Montreal FIR,13.3349,79.3076
Montreal FIR,14.4461,81.9433
Montreal FIR,15.5574,84.3895
Montreal FIR,16.6686,86.6008
Montreal FIR,17.7798,88.6266
Montreal FIR,18.8911,90.4802
Montreal FIR,20.0023,92.1704
Montreal FIR,21.1136,93.7167
Montreal FIR,22.2248,95.1484
Montreal FIR,23.336,96.4722
Montreal FIR,24.4473,97.6898
Montreal FIR,25.5585,98.8172
Montreal FIR,26.6698,99.847
Montreal FIR,27.781,100.8007
Montreal FIR,28.8922,101.6796
Montreal FIR,30.0035,102.492
Montreal FIR,31.1147,103.2368
Montreal FIR,32.226,103.9219
Montreal FIR,33.3372,104.5558
Montreal FIR,34.4484,105.1423
Montreal FIR,35.5597,105.6841
Montreal FIR,36.6709,106.18
Montreal FIR,37.7822,106.6369
Montreal FIR,38.8934,107.0589
Montreal FIR,40.0046,107.445
Montreal FIR,41.1159,107.7984
Montreal FIR,42.2271,108.1216
Montreal FIR,43.3383,108.4163
Montreal FIR,44.4496,108.6851
Montreal FIR,45.5608,108.9283
Montreal FIR,46.6721,109.1463
Montreal FIR,47.7833,109.3449
Montreal FIR,48.8945,109.5235
Montreal FIR,50.0058,109.6816
Montreal FIR,51.117,109.8205
Montreal FIR,52.2283,109.94
Montreal FIR,53.3395,110.0437
Montreal FIR,54.4507,110.1319
Montreal FIR,55.562,110.2041
Montreal FIR,56.6732,110.2631
Montreal FIR,57.7845,110.3117
Montreal FIR,58.8957,110.3504
Montreal FIR,60.0069,110.3802
Montreal FIR,61.1182,110.4008
Montreal FIR,62.2294,110.4145
Montreal FIR,63.3407,110.4229
Montreal FIR,64.4519,110.4276
Montreal FIR,65.5631,110.4296
Montreal FIR,66.6744,110.4301
Montreal FIR,67.7856,110.4302
Montreal FIR,68.8969,110.4302
Montreal FIR,70.0081,110.4302
Montreal FIR,71.1193,110.4302
Montreal FIR,72.2306,110.4302
Montreal FIR,73.3418,110.4302
Montreal FIR,74.4531,110.4302
Montreal FIR,75.5643,110.4302
Montreal FIR,76.6755,110.4302
Montreal FIR,77.7868,110.4302
Montreal FIR,78.898,110.4302
Montreal FIR,80.0093,110.4302
Montreal FIR,81.1205,110.4302
Montreal FIR,82.2317,110.4293
Montreal FIR,83.343,110.4251
Montreal FIR,84.4542,110.4132
Montreal FIR,85.5655,110.3907
Montreal FIR,86.6767,110.3509
Montreal FIR,87.7879,110.2828
Montreal FIR,88.8992,110.1798
Montreal FIR,90.0104,110.0329
Montreal FIR,91.1217,109.8376
Montreal FIR,92.2329,109.5761
Montreal FIR,93.3441,109.228
Montreal FIR,94.4554,108.7673
Montreal FIR,95.5666,108.1418
Montreal FIR,96.6779,107.2636
Montreal FIR,97.7891,106.0249
Montreal FIR,98.9003,104.1403
Vancouver FIR,0.0,0.3546
Vancouver FIR,1.1112,16.4837
Vancouver FIR,2.2225,27.7409
Vancouver FIR,3.3337,36.9962
Vancouver FIR,4.445,44.8223
Vancouver FIR,5.5562,51.661
Vancouver FIR,6.6674,57.7042
Vancouver FIR,7.7787,63.1625
Vancouver FIR,8.8899,68.1116
Vancouver FIR,10.0012,72.6656
Vancouver FIR,11.1124,76.8946
Vancouver FIR,12.2236,80.7793
Vancouver FIR,13.3349,84.3457
Vancouver FIR,14.4461,87.637
Vancouver FIR,15.5574,90.6804
Vancouver FIR,16.6686,93.4868
Vancouver FIR,17.7798,96.0626
Vancouver FIR,18.8911,98.4731
Vancouver FIR,20.0023,100.7241
Vancouver FIR,21.1136,102.8218
Vancouver FIR,22.2248,104.7476
Vancouver FIR,23.336,106.5174
Vancouver FIR,24.4473,108.1613
Vancouver FIR,25.5585,109.6866
Vancouver FIR,26.6698,111.0977
Vancouver FIR,27.781,112.3837
Vancouver FIR,28.8922,113.5605
Vancouver FIR,30.0035,114.6473
Vancouver FIR,31.1147,115.6469
Vancouver FIR,32.226,116.5618
Vancouver FIR,33.3372,117.372
Vancouver FIR,34.4484,118.1022
Vancouver FIR,35.5597,118.7632
Vancouver FIR,36.6709,119.3692
Vancouver FIR,37.7822,119.9274
Vancouver FIR,38.8934,120.4261
Vancouver FIR,40.0046,120.875
Vancouver FIR,41.1159,121.2709
Vancouver FIR,42.2271,121.6258
Vancouver FIR,43.3383,121.9379
Vancouver FIR,44.4496,122.2144
Vancouver FIR,45.5608,122.4535
Vancouver FIR,46.6721,122.6536
Vancouver FIR,47.7833,122.8248
Vancouver FIR,48.8945,122.9679
Vancouver FIR,50.0058,123.0846
Vancouver FIR,51.117,123.1801
Vancouver FIR,52.2283,123.2553
Vancouver FIR,53.3395,123.3121
Vancouver FIR,54.4507,123.3559
Vancouver FIR,55.562,123.3887
Vancouver FIR,56.6732,123.4113
Vancouver FIR,57.7845,123.4254
Vancouver FIR,58.8957,123.4334
Vancouver FIR,60.0069,123.4369
Vancouver FIR,61.1182,123.438
Vancouver FIR,62.2294,123.4381
Vancouver FIR,63.3407,123.4381
Vancouver FIR,64.4519,123.4381
Vancouver FIR,65.5631,123.4381
Vancouver FIR,66.6744,123.4381
Vancouver FIR,67.7856,123.4381
Vancouver FIR,68.8969,123.4381
Vancouver FIR,70.0081,123.4381
Vancouver FIR,71.1193,123.4381
Vancouver FIR,72.2306,123.4381
Vancouver FIR,73.3418,123.4381
Vancouver FIR,74.4531,123.4381
Vancouver FIR,75.5643,123.4372
Vancouver FIR,76.6755,123.4325
Vancouver FIR,77.7868,123.4212
Vancouver FIR,78.898,123.3999
Vancouver FIR,80.0093,123.3623
Vancouver FIR,81.1205,123.3086
Vancouver FIR,82.2317,123.2336
Vancouver FIR,83.343,123.1295
Vancouver FIR,84.4542,122.993
Vancouver FIR,85.5655,122.8166
Vancouver FIR,86.6767,122.5878
Vancouver FIR,87.7879,122.3022
Vancouver FIR,88.8992,121.9364
Vancouver FIR,90.0104,121.4637
Vancouver FIR,91.1217,120.8454
Vancouver FIR,92.2329,120.0349
Vancouver FIR,93.3441,119.0297
Vancouver FIR,94.4554,117.7615
Vancouver FIR,95.5666,116.1353
Vancouver FIR,96.6779,113.9241
Vancouver FIR,97.7891,111.0878
Vancouver FIR,98.9003,107.2536
Winnipeg FIR,0.0,0.4333
Winnipeg FIR,1.1112,20.2185
Winnipeg FIR,2.2225,32.2444
Winnipeg FIR,3.3337,41.4213
Winnipeg FIR,4.445,48.9733
Winnipeg FIR,5.5562,55.3859
Winnipeg FIR,6.6674,60.9313
Winnipeg FIR,7.7787,65.7996
Winnipeg FIR,8.8899,70.1475
Winnipeg FIR,10.0012,74.0565
Winnipeg FIR,11.1124,77.5406
Winnipeg FIR,12.2236,80.6892
Winnipeg FIR,13.3349,83.5599
Winnipeg FIR,14.4461,86.158
Winnipeg FIR,15.5574,88.5414
Winnipeg FIR,16.6686,90.7207
Winnipeg FIR,17.7798,92.7211
Winnipeg FIR,18.8911,94.5675
Winnipeg FIR,20.0023,96.2788
Winnipeg FIR,21.1136,97.859
Winnipeg FIR,22.2248,99.3245
Winnipeg FIR,23.336,100.6706
Winnipeg FIR,24.4473,101.9021
Winnipeg FIR,25.5585,103.0236
Winnipeg FIR,26.6698,104.0637
Winnipeg FIR,27.781,105.0131
Winnipeg FIR,28.8922,105.8767
Winnipeg FIR,30.0035,106.6522
Winnipeg FIR,31.1147,107.3655
Winnipeg FIR,32.226,108.0253
Winnipeg FIR,33.3372,108.629
Winnipeg FIR,34.4484,109.1801
Winnipeg FIR,35.5597,109.6851
Winnipeg FIR,36.6709,110.1456
Winnipeg FIR,37.7822,110.5659
Winnipeg FIR,38.8934,110.9473
Winnipeg FIR,40.0046,111.2949
Winnipeg FIR,41.1159,111.6092
Winnipeg FIR,42.2271,111.8959
Winnipeg FIR,43.3383,112.1572
Winnipeg FIR,44.4496,112.395
Winnipeg FIR,45.5608,112.6092
Winnipeg FIR,46.6721,112.7991
Winnipeg FIR,47.7833,112.9675
Winnipeg FIR,48.8945,113.1172
Winnipeg FIR,50.0058,113.2509
Winnipeg FIR,51.117,113.3679
Winnipeg FIR,52.2283,113.4703
Winnipeg FIR,53.3395,113.5577
Winnipeg FIR,54.4507,113.6318
Winnipeg FIR,55.562,113.6928
Winnipeg FIR,56.6732,113.7431
Winnipeg FIR,57.7845,113.7845
Winnipeg FIR,58.8957,113.8176
Winnipeg FIR,60.0069,113.8437
Winnipeg FIR,61.1182,113.8635
Winnipeg FIR,62.2294,113.8772
Winnipeg FIR,63.3407,113.8862
Winnipeg FIR,64.4519,113.8913
Winnipeg FIR,65.5631,113.8938
Winnipeg FIR,66.6744,113.8946
Winnipeg FIR,67.7856,113.8948
Winnipeg FIR,68.8969,113.8948
Winnipeg FIR,70.0081,113.8948
Winnipeg FIR,71.1193,113.8948
Winnipeg FIR,72.2306,113.8948
Winnipeg FIR,73.3418,113.8948
Winnipeg FIR,74.4531,113.8948
Winnipeg FIR,75.5643,113.8948
Winnipeg FIR,76.6755,113.8941
Winnipeg FIR,77.7868,113.89
Winnipeg FIR,78.898,113.8796
Winnipeg FIR,80.0093,113.8613
Winnipeg FIR,81.1205,113.8319
Winnipeg FIR,82.2317,113.7882
Winnipeg FIR,83.343,113.7255
Winnipeg FIR,84.4542,113.6393
Winnipeg FIR,85.5655,113.5198
Winnipeg FIR,86.6767,113.3643
Winnipeg FIR,87.7879,113.1634
Winnipeg FIR,88.8992,112.914
Winnipeg FIR,90.0104,112.6042
Winnipeg FIR,91.1217,112.2086
Winnipeg FIR,92.2329,111.72
Winnipeg FIR,93.3441,111.1314
Winnipeg FIR,94.4554,110.3927
Winnipeg FIR,95.5666,109.4727
Winnipeg FIR,96.6779,108.284
Winnipeg FIR,97.7891,106.7368
Winnipeg FIR,98.9003,104.5692
Toronto FIR,0.0,0.579
Toronto FIR,1.1112,24.2053
Toronto FIR,2.2225,39.131
Toronto FIR,3.3337,50.2549
Toronto FIR,4.445,59.3021
Toronto FIR,5.5562,66.8695
Toronto FIR,6.6674,73.2454
Toronto FIR,7.7787,78.808
Toronto FIR,8.8899,83.5888
Toronto FIR,10.0012,87.757
Toronto FIR,11.1124,91.4388
Toronto FIR,12.2236,94.672
Toronto FIR,13.3349,97.5647
Toronto FIR,14.4461,100.1572
Toronto FIR,15.5574,102.4692
Toronto FIR,16.6686,104.5383
Toronto FIR,17.7798,106.4179
Toronto FIR,18.8911,108.1192
Toronto FIR,20.0023,109.6484
Toronto FIR,21.1136,111.0078
Toronto FIR,22.2248,112.2201
Toronto FIR,23.336,113.3239
Toronto FIR,24.4473,114.3275
Toronto FIR,25.5585,115.2373
Toronto FIR,26.6698,116.0339
Toronto FIR,27.781,116.7383
Toronto FIR,28.8922,117.3689
Toronto FIR,30.0035,117.9235
Toronto FIR,31.1147,118.4112
Toronto FIR,32.226,118.8399
Toronto FIR,33.3372,119.2183
Toronto FIR,34.4484,119.5494
Toronto FIR,35.5597,119.8338
Toronto FIR,36.6709,120.0758
Toronto FIR,37.7822,120.281
Toronto FIR,38.8934,120.458
Toronto FIR,40.0046,120.6063
Toronto FIR,41.1159,120.7295
Toronto FIR,42.2271,120.8301
Toronto FIR,43.3383,120.9115
Toronto FIR,44.4496,120.9742
Toronto FIR,45.5608,121.0224
Toronto FIR,46.6721,121.0578
Toronto FIR,47.7833,121.0828
Toronto FIR,48.8945,121.0992
Toronto FIR,50.0058,121.1095
Toronto FIR,51.117,121.115
Toronto FIR,52.2283,121.117
Toronto FIR,53.3395,121.1174
Toronto FIR,54.4507,121.1174
Toronto FIR,55.562,121.1174
Toronto FIR,56.6732,121.1174
Toronto FIR,57.7845,121.1174
Toronto FIR,58.8957,121.1174
Toronto FIR,60.0069,121.1174
Toronto FIR,61.1182,121.1174
Toronto FIR,62.2294,121.1174
Toronto FIR,63.3407,121.1174
Toronto FIR,64.4519,121.1174
Toronto FIR,65.5631,121.1174
Toronto FIR,66.6744,121.1174
Toronto FIR,67.7856,121.1174
Toronto FIR,68.8969,121.1174
Toronto FIR,70.0081,121.1174
Toronto FIR,71.1193,121.1174
Toronto FIR,72.2306,121.1174
Toronto FIR,73.3418,121.1174
Toronto FIR,74.4531,121.1174
Toronto FIR,75.5643,121.1174
Toronto FIR,76.6755,121.1174
Toronto FIR,77.7868,121.1174
Toronto FIR,78.898,121.1174
Toronto FIR,80.0093,121.1172
Toronto FIR,81.1205,121.1151
Toronto FIR,82.2317,121.1073
Toronto FIR,83.343,121.0878
Toronto FIR,84.4542,121.0524
Toronto FIR,85.5655,120.9958
Toronto FIR,86.6767,120.9067
Toronto FIR,87.7879,120.7824
Toronto FIR,88.8992,120.5974
Toronto FIR,90.0104,120.3437
Toronto FIR,91.1217,120.001
Toronto FIR,92.2329,119.5291
Toronto FIR,93.3441,118.8829
Toronto FIR,94.4554,117.9554
Toronto FIR,95.5666,116.6978
Toronto FIR,96.6779,114.941
Toronto FIR,97.7891,112.3833
Toronto FIR,98.9003,108.3728
Alger FIR,0.0,1.1463
Alger FIR,1.1112,33.0643
Alger FIR,2.2225,48.5069
Alger FIR,3.3337,60.2081
Alger FIR,4.445,69.1368
Alger FIR,5.5562,76.1625
Alger FIR,6.6674,81.9451
Alger FIR,7.7787,86.8193
Alger FIR,8.8899,90.9092
Alger FIR,10.0012,94.3327
Alger FIR,11.1124,97.1882
Alger FIR,12.2236,99.5811
Alger FIR,13.3349,101.6063
Alger FIR,14.4461,103.3539
Alger FIR,15.5574,104.8291
Alger FIR,16.6686,106.0824
Alger FIR,17.7798,107.1479
Alger FIR,18.8911,108.0571
Alger FIR,20.0023,108.8288
Alger FIR,21.1136,109.4815
Alger FIR,22.2248,110.0333
Alger FIR,23.336,110.5002
Alger FIR,24.4473,110.8872
Alger FIR,25.5585,111.2064
Alger FIR,26.6698,111.4687
Alger FIR,27.781,111.6782
Alger FIR,28.8922,111.8369
Alger FIR,30.0035,111.9603
Alger FIR,31.1147,112.0579
Alger FIR,32.226,112.1256
Alger FIR,33.3372,112.1724
Alger FIR,34.4484,112.2029
Alger FIR,35.5597,112.2213
Alger FIR,36.6709,112.2315
Alger FIR,37.7822,112.2361
Alger FIR,38.8934,112.2377
Alger FIR,40.0046,112.238
Alger FIR,41.1159,112.238
Alger FIR,42.2271,112.238
Alger FIR,43.3383,112.238
Alger FIR,44.4496,112.238
Alger FIR,45.5608,112.238
Alger FIR,46.6721,112.238
Alger FIR,47.7833,112.238
Alger FIR,48.8945,112.238
Alger FIR,50.0058,112.238
Alger FIR,51.117,112.238
Alger FIR,52.2283,112.238
Alger FIR,53.3395,112.238
Alger FIR,54.4507,112.238
Alger FIR,55.562,112.238
Alger FIR,56.6732,112.238
Alger FIR,57.7845,112.238
Alger FIR,58.8957,112.238
Alger FIR,60.0069,112.238
Alger FIR,61.1182,112.238
Alger FIR,62.2294,112.238
Alger FIR,63.3407,112.238
Alger FIR,64.4519,112.238
Alger FIR,65.5631,112.238
Alger FIR,66.6744,112.238
Alger FIR,67.7856,112.238
Alger FIR,68.8969,112.238
Alger FIR,70.0081,112.238
Alger FIR,71.1193,112.238
Alger FIR,72.2306,112.238
Alger FIR,73.3418,112.238
Alger FIR,74.4531,112.238
Alger FIR,75.5643,112.238
Alger FIR,76.6755,112.238
Alger FIR,77.7868,112.238
Alger FIR,78.898,112.238
Alger FIR,80.0093,112.238
Alger FIR,81.1205,112.238
Alger FIR,82.2317,112.238
Alger FIR,83.343,112.238
Alger FIR,84.4542,112.238
Alger FIR,85.5655,112.238
Alger FIR,86.6767,112.2376
Alger FIR,87.7879,112.236
Alger FIR,88.8992,112.2313
Alger FIR,90.0104,112.2169
Alger FIR,91.1217,112.185
Alger FIR,92.2329,112.1244
Alger FIR,93.3441,112.0094
Alger FIR,94.4554,111.8036
Alger FIR,95.5666,111.4488
Alger FIR,96.6779,110.8143
Alger FIR,97.7891,109.5876
Alger FIR,98.9003,107.1593
Accra FIR,0.0,0.4729
Accra FIR,1.0964,20.4636
Accra FIR,2.1928,31.9749
Accra FIR,3.2892,41.2951
Accra FIR,4.3856,49.1872
Accra FIR,5.482,56.0115
Accra FIR,6.5783,61.9393
Accra FIR,7.6747,67.0593
Accra FIR,8.7711,71.5997
Accra FIR,9.8675,75.6637
Accra FIR,10.9639,79.3306
Accra FIR,12.0603,82.6567
Accra FIR,13.1567,85.6158
Accra FIR,14.2531,88.2858
Accra FIR,15.3495,90.7159
Accra FIR,16.4459,92.9076
Accra FIR,17.5423,94.9204
Accra FIR,18.6386,96.7539
Accra FIR,19.735,98.4241
Accra FIR,20.8314,99.918
Accra FIR,21.9278,101.2712
Accra FIR,23.0242,102.4885
Accra FIR,24.1206,103.5753
Accra FIR,25.217,104.5533
Accra FIR,26.3134,105.4419
Accra FIR,27.4098,106.2358
Accra FIR,28.5062,106.9471
Accra FIR,29.6026,107.5849
Accra FIR,30.6989,108.1525
Accra FIR,31.7953,108.6535
Accra FIR,32.8917,109.0927
Accra FIR,33.9881,109.4738
Accra FIR,35.0845,109.8044
Accra FIR,36.1809,110.0901
Accra FIR,37.2773,110.3296
Accra FIR,38.3737,110.5306
Accra FIR,39.4701,110.6907
Accra FIR,40.5665,110.8144
Accra FIR,41.6629,110.909
Accra FIR,42.7593,110.9821
Accra FIR,43.8556,111.0352
Accra FIR,44.952,111.0689
Accra FIR,46.0484,111.0882
Accra FIR,47.1448,111.0974
Accra FIR,48.2412,111.1003
Accra FIR,49.3376,111.1006
Accra FIR,50.434,111.1006
Accra FIR,51.5304,111.1006
Accra FIR,52.6268,111.1006
Accra FIR,53.7232,111.1006
Accra FIR,54.8196,111.1006
Accra FIR,55.9159,111.1006
Accra FIR,57.0123,111.1006
Accra FIR,58.1087,111.1006
Accra FIR,59.2051,111.1006
Accra FIR,60.3015,111.1006
Accra FIR,61.3979,111.1006
Accra FIR,62.4943,111.1006
Accra FIR,63.5907,111.1006
Accra FIR,64.6871,111.1006
Accra FIR,65.7835,111.1006
Accra FIR,66.8799,111.1006
Accra FIR,67.9762,111.1006
Accra FIR,69.0726,111.1006
Accra FIR,70.169,111.1006
Accra FIR,71.2654,111.1006
Accra FIR,72.3618,111.1006
Accra FIR,73.4582,111.1006
Accra FIR,74.5546,111.1006
Accra FIR,75.651,111.1006
Accra FIR,76.7474,111.1006
Accra FIR,77.8438,111.1006
Accra FIR,78.9402,111.1006
Accra FIR,80.0365,111.1006
Accra FIR,81.1329,111.1006
Accra FIR,82.2293,111.1006
Accra FIR,83.3257,111.1006
Accra FIR,84.4221,111.1006
Accra FIR,85.5185,111.1001
Accra FIR,86.6149,111.0963
Accra FIR,87.7113,111.0833
Accra FIR,88.8077,111.0541
Accra FIR,89.9041,110.9993
Accra FIR,91.0005,110.9042
Accra FIR,92.0968,110.739
Accra FIR,93.1932,110.4876
Accra FIR,94.2896,110.106
Accra FIR,95.386,109.5265
Accra FIR,96.4824,108.6917
Accra FIR,97.5788,107.3769
Accra FIR,98.6752,105.3589
Accra FIR,99.7716,101.5726
Kano FIR,0.0,0.475
Kano FIR,1.1114,21.0682
Kano FIR,2.2227,32.8072
Kano FIR,3.3341,41.4414
Kano FIR,4.4455,48.3677
Kano FIR,5.5568,54.2971
Kano FIR,6.6682,59.4195
Kano FIR,7.7796,63.922
Kano FIR,8.8909,67.8898
Kano FIR,10.0023,71.4957
Kano FIR,11.1137,74.7894
Kano FIR,12.2251,77.8089
Kano FIR,13.3364,80.5676
Kano FIR,14.4478,83.0798
Kano FIR,15.5592,85.3501
Kano FIR,16.6705,87.433
Kano FIR,17.7819,89.3347
Kano FIR,18.8933,91.0759
Kano FIR,20.0046,92.6676
Kano FIR,21.116,94.135
Kano FIR,22.2274,95.4747
Kano FIR,23.3387,96.7224
Kano FIR,24.4501,97.8577
Kano FIR,25.5615,98.8762
Kano FIR,26.6728,99.8029
Kano FIR,27.7842,100.6552
Kano FIR,28.8956,101.4231
Kano FIR,30.0069,102.1188
Kano FIR,31.1183,102.7495
Kano FIR,32.2297,103.3272
Kano FIR,33.3411,103.8536
Kano FIR,34.4524,104.3277
Kano FIR,35.5638,104.7502
Kano FIR,36.6752,105.1257
Kano FIR,37.7865,105.4559
Kano FIR,38.8979,105.7455
Kano FIR,40.0093,106.0019
Kano FIR,41.1206,106.2274
Kano FIR,42.232,106.4254
Kano FIR,43.3434,106.5967
Kano FIR,44.4547,106.7374
Kano FIR,45.5661,106.8519
Kano FIR,46.6775,106.9462
Kano FIR,47.7888,107.022
Kano FIR,48.9002,107.0809
Kano FIR,50.0116,107.1251
Kano FIR,51.1229,107.1575
Kano FIR,52.2343,107.1798
Kano FIR,53.3457,107.1944
Kano FIR,54.4571,107.2034
Kano FIR,55.5684,107.2079
Kano FIR,56.6798,107.2096
Kano FIR,57.7912,107.2098
Kano FIR,58.9025,107.2098
Kano FIR,60.0139,107.2098
Kano FIR,61.1253,107.2098
Kano FIR,62.2366,107.2098
Kano FIR,63.348,107.2098
Kano FIR,64.4594,107.2098
Kano FIR,65.5707,107.2098
Kano FIR,66.6821,107.2098
Kano FIR,67.7935,107.2098
Kano FIR,68.9048,107.2098
Kano FIR,70.0162,107.2098
Kano FIR,71.1276,107.2098
Kano FIR,72.2389,107.2098
Kano FIR,73.3503,107.2098
Kano FIR,74.4617,107.2098
Kano FIR,75.573,107.2098
Kano FIR,76.6844,107.2098
Kano FIR,77.7958,107.2098
Kano FIR,78.9072,107.2098
Kano FIR,80.0185,107.2098
Kano FIR,81.1299,107.2098
Kano FIR,82.2413,107.2098
Kano FIR,83.3526,107.2098
Kano FIR,84.464,107.2098
Kano FIR,85.5754,107.2098
Kano FIR,86.6867,107.2093
Kano FIR,87.7981,107.205
Kano FIR,88.9095,107.1906
Kano FIR,90.0208,107.1551
Kano FIR,91.1322,107.0885
Kano FIR,92.2436,106.9722
Kano FIR,93.3549,106.7825
Kano FIR,94.4663,106.4918
Kano FIR,95.5777,106.0745
Kano FIR,96.689,105.4665
Kano FIR,97.8004,104.5726
Kano FIR,98.9118,103.1939
Niamey FIR,0.0,0.5494
Niamey FIR,1.1115,22.4304
Niamey FIR,2.223,34.1242
Niamey FIR,3.3345,42.8481
Niamey FIR,4.446,49.8332
Niamey FIR,5.5575,55.7247
Niamey FIR,6.669,60.9087
Niamey FIR,7.7805,65.4316
Niamey FIR,8.892,69.3827
Niamey FIR,10.0035,72.8275
Niamey FIR,11.115,75.9056
Niamey FIR,12.2265,78.6429
Niamey FIR,13.338,81.0838
Niamey FIR,14.4495,83.2641
Niamey FIR,15.561,85.2341
Niamey FIR,16.6725,87.0082
Niamey FIR,17.784,88.6104
Niamey FIR,18.8954,90.0798
Niamey FIR,20.0069,91.401
Niamey FIR,21.1184,92.6051
Niamey FIR,22.2299,93.6848
Niamey FIR,23.3414,94.6609
Niamey FIR,24.4529,95.5273
Niamey FIR,25.5644,96.3061
Niamey FIR,26.6759,97.0062
Niamey FIR,27.7874,97.631
Niamey FIR,28.8989,98.1887
Niamey FIR,30.0104,98.6832
Niamey FIR,31.1219,99.1137
Niamey FIR,32.2334,99.4972
Niamey FIR,33.3449,99.8271
Niamey FIR,34.4564,100.1043
Niamey FIR,35.5679,100.3355
Niamey FIR,36.6794,100.5283
Niamey FIR,37.7909,100.689
Niamey FIR,38.9024,100.824
Niamey FIR,40.0139,100.935
Niamey FIR,41.1254,101.0188
Niamey FIR,42.2369,101.0813
Niamey FIR,43.3484,101.1273
Niamey FIR,44.4599,101.1604
Niamey FIR,45.5714,101.1836
Niamey FIR,46.6829,101.1977
Niamey FIR,47.7944,101.2047
Niamey FIR,48.9059,101.2081
Niamey FIR,50.0174,101.209
Niamey FIR,51.1289,101.2091
Niamey FIR,52.2404,101.2091
Niamey FIR,53.3519,101.2091
Niamey FIR,54.4634,101.2091
Niamey FIR,55.5749,101.2091
Niamey FIR,56.6863,101.2091
Niamey FIR,57.7978,101.2091
Niamey FIR,58.9093,101.2091
Niamey FIR,60.0208,101.2091
Niamey FIR,61.1323,101.2091
Niamey FIR,62.2438,101.2091
Niamey FIR,63.3553,101.2091
Niamey FIR,64.4668,101.2091
Niamey FIR,65.5783,101.2091
Niamey FIR,66.6898,101.2091
Niamey FIR,67.8013,101.2091
Niamey FIR,68.9128,101.2091
Niamey FIR,70.0243,101.2091
Niamey FIR,71.1358,101.2091
Niamey FIR,72.2473,101.2091
Niamey FIR,73.3588,101.2091
Niamey FIR,74.4703,101.2091
Niamey FIR,75.5818,101.2091
Niamey FIR,76.6933,101.2091
Niamey FIR,77.8048,101.2091
Niamey FIR,78.9163,101.2091
Niamey FIR,80.0278,101.2091
Niamey FIR,81.1393,101.2091
Niamey FIR,82.2508,101.2091
Niamey FIR,83.3623,101.2091
Niamey FIR,84.4738,101.2091
Niamey FIR,85.5853,101.2091
Niamey FIR,86.6968,101.2091
Niamey FIR,87.8083,101.2091
Niamey FIR,88.9198,101.2091
Niamey FIR,90.0313,101.2091
Niamey FIR,91.1428,101.2091
Niamey FIR,92.2543,101.2091
Niamey FIR,93.3658,101.2091
Niamey FIR,94.4772,101.209
Niamey FIR,95.5887,101.2086
Niamey FIR,96.7002,101.2022
Niamey FIR,97.8117,101.1612
Niamey FIR,98.9232,100.9876
Tunis FIR,0.0,2.0309
Tunis FIR,1.1112,62.1061
Tunis FIR,2.2225,89.3191
Tunis FIR,3.3337,106.2364
Tunis FIR,4.445,118.3245
Tunis FIR,5.5562,126.4122
Tunis FIR,6.6674,131.7147
Tunis FIR,7.7787,135.1716
Tunis FIR,8.8899,137.3445
Tunis FIR,10.0012,138.6676
Tunis FIR,11.1124,139.4342
Tunis FIR,12.2236,139.7997
Tunis FIR,13.3349,139.9566
Tunis FIR,14.4461,140.0105
Tunis FIR,15.5574,140.0196
Tunis FIR,16.6686,140.0203
Tunis FIR,17.7798,140.0203
Tunis FIR,18.8911,140.0203
Tunis FIR,20.0023,140.0203
Tunis FIR,21.1136,140.0203
Tunis FIR,22.2248,140.0203
Tunis FIR,23.336,140.0203
Tunis FIR,24.4473,140.0203
Tunis FIR,25.5585,140.0203
Tunis FIR,26.6698,140.0203
Tunis FIR,27.781,140.0203
Tunis FIR,28.8922,140.0203
Tunis FIR,30.0035,140.0203
Tunis FIR,31.1147,140.0203
Tunis FIR,32.226,140.0203
Tunis FIR,33.3372,140.0203
Tunis FIR,34.4484,140.0203
Tunis FIR,35.5597,140.0203
Tunis FIR,36.6709,140.0203
Tunis FIR,37.7822,140.0203
Tunis FIR,38.8934,140.0203
Tunis FIR,40.0046,140.0203
Tunis FIR,41.1159,140.0203
Tunis FIR,42.2271,140.0203
Tunis FIR,43.3383,140.0203
Tunis FIR,44.4496,140.0203
Tunis FIR,45.5608,140.0203
Tunis FIR,46.6721,140.0203
Tunis FIR,47.7833,140.0203
Tunis FIR,48.8945,140.0203
Tunis FIR,50.0058,140.0203
Tunis FIR,51.117,140.0203
Tunis FIR,52.2283,140.0203
Tunis FIR,53.3395,140.0203
Tunis FIR,54.4507,140.0203
Tunis FIR,55.562,140.0203
Tunis FIR,56.6732,140.0203
Tunis FIR,57.7845,140.0203
Tunis FIR,58.8957,140.0203
Tunis FIR,60.0069,140.0203
Tunis FIR,61.1182,140.0203
Tunis FIR,62.2294,140.0203
Tunis FIR,63.3407,140.0203
Tunis FIR,64.4519,140.0203
Tunis FIR,65.5631,140.0203
Tunis FIR,66.6744,140.0203
Tunis FIR,67.7856,140.0203
Tunis FIR,68.8969,140.0203
Tunis FIR,70.0081,140.0203
Tunis FIR,71.1193,140.0203
Tunis FIR,72.2306,140.0203
Tunis FIR,73.3418,140.0203
Tunis FIR,74.4531,140.0203
Tunis FIR,75.5643,140.0203
Tunis FIR,76.6755,140.0203
Tunis FIR,77.7868,140.0203
Tunis FIR,78.898,140.0203
Tunis FIR,80.0093,140.0203
Tunis FIR,81.1205,140.0203
Tunis FIR,82.2317,140.0203
Tunis FIR,83.343,140.0203
Tunis FIR,84.4542,140.0203
Tunis FIR,85.5655,140.0203
Tunis FIR,86.6767,140.0203
Tunis FIR,87.7879,140.0203
Tunis FIR,88.8992,140.0199
Tunis FIR,90.0104,140.0143
Tunis FIR,91.1217,139.9842
Tunis FIR,92.2329,139.8881
Tunis FIR,93.3441,139.646
Tunis FIR,94.4554,139.1261
Tunis FIR,95.5666,138.0047
Tunis FIR,96.6779,136.0407
Tunis FIR,97.7891,132.2768
Tunis FIR,98.9003,125.1621
Brussels FIR,0.0,0.4953
Brussels FIR,1.1112,26.4684
Brussels FIR,2.2225,43.3657
Brussels FIR,3.3337,55.6191
Brussels FIR,4.445,64.806
Brussels FIR,5.5562,72.1562
Brussels FIR,6.6674,78.1716
Brussels FIR,7.7787,83.1241
Brussels FIR,8.8899,87.2089
Brussels FIR,10.0012,90.5745
Brussels FIR,11.1124,93.4084
Brussels FIR,12.2236,95.7941
Brussels FIR,13.3349,97.8614
Brussels FIR,14.4461,99.6427
Brussels FIR,15.5574,101.1896
Brussels FIR,16.6686,102.5182
Brussels FIR,17.7798,103.6607
Brussels FIR,18.8911,104.6645
Brussels FIR,20.0023,105.5338
Brussels FIR,21.1136,106.3048
Brussels FIR,22.2248,106.9721
Brussels FIR,23.336,107.5375
Brussels FIR,24.4473,108.0133
Brussels FIR,25.5585,108.4181
Brussels FIR,26.6698,108.7694
Brussels FIR,27.781,109.0612
Brussels FIR,28.8922,109.3014
Brussels FIR,30.0035,109.4991
Brussels FIR,31.1147,109.6558
Brussels FIR,32.226,109.7843
Brussels FIR,33.3372,109.8898
Brussels FIR,34.4484,109.9733
Brussels FIR,35.5597,110.0372
Brussels FIR,36.6709,110.0871
Brussels FIR,37.7822,110.1253
Brussels FIR,38.8934,110.1523
Brussels FIR,40.0046,110.1709
Brussels FIR,41.1159,110.1828
Brussels FIR,42.2271,110.1897
Brussels FIR,43.3383,110.193
Brussels FIR,44.4496,110.1942
Brussels FIR,45.5608,110.1945
Brussels FIR,46.6721,110.1945
Brussels FIR,47.7833,110.1945
Brussels FIR,48.8945,110.1945
Brussels FIR,50.0058,110.1945
Brussels FIR,51.117,110.1945
Brussels FIR,52.2283,110.1945
Brussels FIR,53.3395,110.1945
Brussels FIR,54.4507,110.1945
Brussels FIR,55.562,110.1945
Brussels FIR,56.6732,110.1945
Brussels FIR,57.7845,110.1945
Brussels FIR,58.8957,110.1945
Brussels FIR,60.0069,110.1945
Brussels FIR,61.1182,110.1945
Brussels FIR,62.2294,110.1945
Brussels FIR,63.3407,110.1945
Brussels FIR,64.4519,110.1945
Brussels FIR,65.5631,110.1945
Brussels FIR,66.6744,110.1945
Brussels FIR,67.7856,110.1945
Brussels FIR,68.8969,110.1945
Brussels FIR,70.0081,110.1945
Brussels FIR,71.1193,110.1945
Brussels FIR,72.2306,110.1945
Brussels FIR,73.3418,110.1945
Brussels FIR,74.4531,110.1945
Brussels FIR,75.5643,110.1945
Brussels FIR,76.6755,110.1945
Brussels FIR,77.7868,110.1945
Brussels FIR,78.898,110.1945
Brussels FIR,80.0093,110.1945
Brussels FIR,81.1205,110.1945
Brussels FIR,82.2317,110.1945
Brussels FIR,83.343,110.1945
Brussels FIR,84.4542,110.1944
Brussels FIR,85.5655,110.1932
Brussels FIR,86.6767,110.1883
Brussels FIR,87.7879,110.175
Brussels FIR,88.8992,110.1496
Brussels FIR,90.0104,110.1028
Brussels FIR,91.1217,110.0217
Brussels FIR,92.2329,109.8892
Brussels FIR,93.3441,109.674
Brussels FIR,94.4554,109.3455
Brussels FIR,95.5666,108.8478
Brussels FIR,96.6779,108.1035
Brussels FIR,97.7891,106.8869
Brussels FIR,98.9003,104.8108
Langen FIR,0.0,0.6851
Langen FIR,1.1112,23.7386
Langen FIR,2.2225,38.3341
Langen FIR,3.3337,49.5776
Langen FIR,4.445,58.4918
Langen FIR,5.5562,65.7271
Langen FIR,6.6674,71.7703
Langen FIR,7.7787,76.7846
Langen FIR,8.8899,81.0666
Langen FIR,10.0012,84.7223
Langen FIR,11.1124,87.9059
Langen FIR,12.2236,90.758
Langen FIR,13.3349,93.2835
Langen FIR,14.4461,95.4717
Langen FIR,15.5574,97.3925
Langen FIR,16.6686,99.0964
Langen FIR,17.7798,100.5971
Langen FIR,18.8911,101.935
Langen FIR,20.0023,103.143
Langen FIR,21.1136,104.223
Langen FIR,22.2248,105.1778
Langen FIR,23.336,106.0223
Langen FIR,24.4473,106.7812
Langen FIR,25.5585,107.4558
Langen FIR,26.6698,108.0517
Langen FIR,27.781,108.5708
Langen FIR,28.8922,109.0263
Langen FIR,30.0035,109.4297
Langen FIR,31.1147,109.7803
Langen FIR,32.226,110.0811
Langen FIR,33.3372,110.3415
Langen FIR,34.4484,110.5665
Langen FIR,35.5597,110.76
Langen FIR,36.6709,110.9279
Langen FIR,37.7822,111.0688
Langen FIR,38.8934,111.185
Langen FIR,40.0046,111.2846
Langen FIR,41.1159,111.3691
Langen FIR,42.2271,111.4382
Langen FIR,43.3383,111.4944
Langen FIR,44.4496,111.5391
Langen FIR,45.5608,111.5733
Langen FIR,46.6721,111.6001
Langen FIR,47.7833,111.6205
Langen FIR,48.8945,111.6351
Langen FIR,50.0058,111.6452
Langen FIR,51.117,111.6515
Langen FIR,52.2283,111.6552
Langen FIR,53.3395,111.6573
Langen FIR,54.4507,111.6583
Langen FIR,55.562,111.6586
Langen FIR,56.6732,111.6587
Langen FIR,57.7845,111.6587
Langen FIR,58.8957,111.6587
Langen FIR,60.0069,111.6587
Langen FIR,61.1182,111.6587
Langen FIR,62.2294,111.6587
Langen FIR,63.3407,111.6587
Langen FIR,64.4519,111.6587
Langen FIR,65.5631,111.6587
Langen FIR,66.6744,111.6587
Langen FIR,67.7856,111.6587
Langen FIR,68.8969,111.6587
Langen FIR,70.0081,111.6587
Langen FIR,71.1193,111.6587
Langen FIR,72.2306,111.6587
Langen FIR,73.3418,111.6587
Langen FIR,74.4531,111.6587
Langen FIR,75.5643,111.6587
Langen FIR,76.6755,111.6587
Langen FIR,77.7868,111.6587
Langen FIR,78.898,111.6587
Langen FIR,80.0093,111.6587
Langen FIR,81.1205,111.6587
Langen FIR,82.2317,111.6583
Langen FIR,83.343,111.6569
Langen FIR,84.4542,111.6526
Langen FIR,85.5655,111.6406
Langen FIR,86.6767,111.6165
Langen FIR,87.7879,111.576
Langen FIR,88.8992,111.5124
Langen FIR,90.0104,111.4096
Langen FIR,91.1217,111.2522
Langen FIR,92.2329,111.0182
Langen FIR,93.3441,110.6957
Langen FIR,94.4554,110.2316
Langen FIR,95.5666,109.562
Langen FIR,96.6779,108.5922
Langen FIR,97.7891,107.0934
Langen FIR,98.9003,104.7763
Munchen FIR,0.0,0.4527
Munchen FIR,1.1112,25.6966
Munchen FIR,2.2225,41.1318
Munchen FIR,3.3337,52.4786
Munchen FIR,4.445,61.2175
Munchen FIR,5.5562,68.1957
Munchen FIR,6.6674,73.9745
Munchen FIR,7.7787,78.73
Munchen FIR,8.8899,82.8656
Munchen FIR,10.0012,86.4661
Munchen FIR,11.1124,89.5498
Munchen FIR,12.2236,92.2132
Munchen FIR,13.3349,94.5564
Munchen FIR,14.4461,96.619
Munchen FIR,15.5574,98.4563
Munchen FIR,16.6686,100.1174
Munchen FIR,17.7798,101.5877
Munchen FIR,18.8911,102.8972
Munchen FIR,20.0023,104.0783
Munchen FIR,21.1136,105.1373
Munchen FIR,22.2248,106.0836
Munchen FIR,23.336,106.9263
Munchen FIR,24.4473,107.6672
Munchen FIR,25.5585,108.3321
Munchen FIR,26.6698,108.9201
Munchen FIR,27.781,109.4375
Munchen FIR,28.8922,109.8962
Munchen FIR,30.0035,110.3026
Munchen FIR,31.1147,110.6611
Munchen FIR,32.226,110.9749
Munchen FIR,33.3372,111.2522
Munchen FIR,34.4484,111.4942
Munchen FIR,35.5597,111.7001
Munchen FIR,36.6709,111.8777
Munchen FIR,37.7822,112.0314
Munchen FIR,38.8934,112.1617
Munchen FIR,40.0046,112.2708
Munchen FIR,41.1159,112.3601
Munchen FIR,42.2271,112.4347
Munchen FIR,43.3383,112.4972
Munchen FIR,44.4496,112.5485
Munchen FIR,45.5608,112.5891
Munchen FIR,46.6721,112.6208
Munchen FIR,47.7833,112.6456
Munchen FIR,48.8945,112.6647
Munchen FIR,50.0058,112.6788
Munchen FIR,51.117,112.6888
Munchen FIR,52.2283,112.6956
Munchen FIR,53.3395,112.6998
Munchen FIR,54.4507,112.7021
Munchen FIR,55.562,112.7032
Munchen FIR,56.6732,112.7036
Munchen FIR,57.7845,112.7037
Munchen FIR,58.8957,112.7037
Munchen FIR,60.0069,112.7037
Munchen FIR,61.1182,112.7037
Munchen FIR,62.2294,112.7037
Munchen FIR,63.3407,112.7037
Munchen FIR,64.4519,112.7037
Munchen FIR,65.5631,112.7037
Munchen FIR,66.6744,112.7037
Munchen FIR,67.7856,112.7037
Munchen FIR,68.8969,112.7037
Munchen FIR,70.0081,112.7037
Munchen FIR,71.1193,112.7037
Munchen FIR,72.2306,112.7037
Munchen FIR,73.3418,112.7037
Munchen FIR,74.4531,112.7037
Munchen FIR,75.5643,112.7037
Munchen FIR,76.6755,112.7037
Munchen FIR,77.7868,112.7037
Munchen FIR,78.898,112.7037
Munchen FIR,80.0093,112.7037
Munchen FIR,81.1205,112.7035
Munchen FIR,82.2317,112.7027
Munchen FIR,83.343,112.7003
Munchen FIR,84.4542,112.6937
Munchen FIR,85.5655,112.6786
Munchen FIR,86.6767,112.6484
Munchen FIR,87.7879,112.5941
Munchen FIR,88.8992,112.5089
Munchen FIR,90.0104,112.3798
Munchen FIR,91.1217,112.1838
Munchen FIR,92.2329,111.9204
Munchen FIR,93.3441,111.5562
Munchen FIR,94.4554,111.0662
Munchen FIR,95.5666,110.3823
Munchen FIR,96.6779,109.3853
Munchen FIR,97.7891,107.8354
Munchen FIR,98.9003,105.4928
Bremen FIR,0.0,0.5314
Bremen FIR,1.1112,23.8183
Bremen FIR,2.2225,37.6629
Bremen FIR,3.3337,48.5626
Bremen FIR,4.445,57.4573
Bremen FIR,5.5562,64.6448
Bremen FIR,6.6674,70.6888
Bremen FIR,7.7787,75.8461
Bremen FIR,8.8899,80.2905
Bremen FIR,10.0012,84.152
Bremen FIR,11.1124,87.4257
Bremen FIR,12.2236,90.2108
Bremen FIR,13.3349,92.6267
Bremen FIR,14.4461,94.6955
Bremen FIR,15.5574,96.5229
Bremen FIR,16.6686,98.1332
Bremen FIR,17.7798,99.5633
Bremen FIR,18.8911,100.8288
Bremen FIR,20.0023,101.9513
Bremen FIR,21.1136,102.9358
Bremen FIR,22.2248,103.7994
Bremen FIR,23.336,104.5634
Bremen FIR,24.4473,105.2457
Bremen FIR,25.5585,105.864
Bremen FIR,26.6698,106.4139
Bremen FIR,27.781,106.8975
Bremen FIR,28.8922,107.32
Bremen FIR,30.0035,107.6831
Bremen FIR,31.1147,107.998
Bremen FIR,32.226,108.2738
Bremen FIR,33.3372,108.5124
Bremen FIR,34.4484,108.7192
Bremen FIR,35.5597,108.8983
Bremen FIR,36.6709,109.0538
Bremen FIR,37.7822,109.1918
Bremen FIR,38.8934,109.3125
Bremen FIR,40.0046,109.4146
Bremen FIR,41.1159,109.5006
Bremen FIR,42.2271,109.574
Bremen FIR,43.3383,109.6369
Bremen FIR,44.4496,109.6896
Bremen FIR,45.5608,109.7329
Bremen FIR,46.6721,109.7697
Bremen FIR,47.7833,109.8003
Bremen FIR,48.8945,109.8248
Bremen FIR,50.0058,109.8433
Bremen FIR,51.117,109.857
Bremen FIR,52.2283,109.8672
Bremen FIR,53.3395,109.8742
Bremen FIR,54.4507,109.8783
Bremen FIR,55.562,109.8808
Bremen FIR,56.6732,109.8822
Bremen FIR,57.7845,109.8826
Bremen FIR,58.8957,109.8827
Bremen FIR,60.0069,109.8827
Bremen FIR,61.1182,109.8827
Bremen FIR,62.2294,109.8827
Bremen FIR,63.3407,109.8827
Bremen FIR,64.4519,109.8827
Bremen FIR,65.5631,109.8827
Bremen FIR,66.6744,109.8827
Bremen FIR,67.7856,109.8827
Bremen FIR,68.8969,109.8827
Bremen FIR,70.0081,109.8827
Bremen FIR,71.1193,109.8827
Bremen FIR,72.2306,109.8827
Bremen FIR,73.3418,109.8827
Bremen FIR,74.4531,109.8827
Bremen FIR,75.5643,109.8827
Bremen FIR,76.6755,109.8827
Bremen FIR,77.7868,109.8827
Bremen FIR,78.898,109.8827
Bremen FIR,80.0093,109.8826
Bremen FIR,81.1205,109.8823
Bremen FIR,82.2317,109.881
Bremen FIR,83.343,109.8774
Bremen FIR,84.4542,109.8688
Bremen FIR,85.5655,109.853
Bremen FIR,86.6767,109.827
Bremen FIR,87.7879,109.7877
Bremen FIR,88.8992,109.7256
Bremen FIR,90.0104,109.6346
Bremen FIR,91.1217,109.5026
Bremen FIR,92.2329,109.3161
Bremen FIR,93.3441,109.0513
Bremen FIR,94.4554,108.6566
Bremen FIR,95.5666,108.0852
Bremen FIR,96.6779,107.2578
Bremen FIR,97.7891,106.0941
Bremen FIR,98.9003,104.3735
Tallinn FIR,0.0,0.4315
Tallinn FIR,1.1114,22.3644
Tallinn FIR,2.2227,35.9333
Tallinn FIR,3.3341,46.3856
Tallinn FIR,4.4455,54.7952
Tallinn FIR,5.5568,61.9087
Tallinn FIR,6.6682,67.9992
Tallinn FIR,7.7796,73.3866
Tallinn FIR,8.8909,78.069
Tallinn FIR,10.0023,82.1552
Tallinn FIR,11.1137,85.7207
Tallinn FIR,12.2251,88.8068
Tallinn FIR,13.3364,91.5044
Tallinn FIR,14.4478,93.8593
Tallinn FIR,15.5592,95.8837
Tallinn FIR,16.6705,97.6295
Tallinn FIR,17.7819,99.1482
Tallinn FIR,18.8933,100.4589
Tallinn FIR,20.0046,101.595
Tallinn FIR,21.116,102.595
Tallinn FIR,22.2274,103.4665
Tallinn FIR,23.3387,104.2129
Tallinn FIR,24.4501,104.8548
Tallinn FIR,25.5615,105.4086
Tallinn FIR,26.6728,105.8872
Tallinn FIR,27.7842,106.2959
Tallinn FIR,28.8956,106.6424
Tallinn FIR,30.0069,106.9282
Tallinn FIR,31.1183,107.167
Tallinn FIR,32.2297,107.3644
Tallinn FIR,33.3411,107.5224
Tallinn FIR,34.4524,107.6482
Tallinn FIR,35.5638,107.7494
Tallinn FIR,36.6752,107.8254
Tallinn FIR,37.7865,107.8836
Tallinn FIR,38.8979,107.9278
Tallinn FIR,40.0093,107.9606
Tallinn FIR,41.1206,107.9835
Tallinn FIR,42.232,107.9982
Tallinn FIR,43.3434,108.0063
Tallinn FIR,44.4547,108.01
Tallinn FIR,45.5661,108.0112
Tallinn FIR,46.6775,108.0114
Tallinn FIR,47.7888,108.0114
Tallinn FIR,48.9002,108.0114
Tallinn FIR,50.0116,108.0114
Tallinn FIR,51.1229,108.0114
Tallinn FIR,52.2343,108.0114
Tallinn FIR,53.3457,108.0114
Tallinn FIR,54.4571,108.0114
Tallinn FIR,55.5684,108.0114
Tallinn FIR,56.6798,108.0114
Tallinn FIR,57.7912,108.0114
Tallinn FIR,58.9025,108.0114
Tallinn FIR,60.0139,108.0114
Tallinn FIR,61.1253,108.0114
Tallinn FIR,62.2366,108.0114
Tallinn FIR,63.348,108.0114
Tallinn FIR,64.4594,108.0114
Tallinn FIR,65.5707,108.0114
Tallinn FIR,66.6821,108.0114
Tallinn FIR,67.7935,108.0114
Tallinn FIR,68.9048,108.0114
Tallinn FIR,70.0162,108.0114
Tallinn FIR,71.1276,108.0114
Tallinn FIR,72.2389,108.0114
Tallinn FIR,73.3503,108.0114
Tallinn FIR,74.4617,108.0114
Tallinn FIR,75.573,108.0114
Tallinn FIR,76.6844,108.0114
Tallinn FIR,77.7958,108.0114
Tallinn FIR,78.9072,108.0114
Tallinn FIR,80.0185,108.0114
Tallinn FIR,81.1299,108.0114
Tallinn FIR,82.2413,108.0114
Tallinn FIR,83.3526,108.0114
Tallinn FIR,84.464,108.0112
Tallinn FIR,85.5754,108.0104
Tallinn FIR,86.6867,108.0076
Tallinn FIR,87.7981,108.0003
Tallinn FIR,88.9095,107.9854
Tallinn FIR,90.0208,107.9556
Tallinn FIR,91.1322,107.9071
Tallinn FIR,92.2436,107.824
Tallinn FIR,93.3549,107.6926
Tallinn FIR,94.4663,107.4825
Tallinn FIR,95.5777,107.149
Tallinn FIR,96.689,106.6111
Tallinn FIR,97.8004,105.7092
Tallinn FIR,98.9118,104.1362
Helsinki FIR,0.0,0.4205
Helsinki FIR,1.1112,22.8707
Helsinki FIR,2.2225,36.8644
Helsinki FIR,3.3337,47.2888
Helsinki FIR,4.445,55.7311
Helsinki FIR,5.5562,62.5584
Helsinki FIR,6.6674,68.2775
Helsinki FIR,7.7787,73.1638
Helsinki FIR,8.8899,77.3949
Helsinki FIR,10.0012,81.1088
Helsinki FIR,11.1124,84.4018
Helsinki FIR,12.2236,87.3259
Helsinki FIR,13.3349,89.8941
Helsinki FIR,14.4461,92.1319
Helsinki FIR,15.5574,94.0886
Helsinki FIR,16.6686,95.8367
Helsinki FIR,17.7798,97.3874
Helsinki FIR,18.8911,98.7575
Helsinki FIR,20.0023,99.9789
Helsinki FIR,21.1136,101.0664
Helsinki FIR,22.2248,102.0422
Helsinki FIR,23.336,102.9305
Helsinki FIR,24.4473,103.7188
Helsinki FIR,25.5585,104.4267
Helsinki FIR,26.6698,105.0608
Helsinki FIR,27.781,105.6259
Helsinki FIR,28.8922,106.1285
Helsinki FIR,30.0035,106.5699
Helsinki FIR,31.1147,106.9537
Helsinki FIR,32.226,107.2804
Helsinki FIR,33.3372,107.5669
Helsinki FIR,34.4484,107.8139
Helsinki FIR,35.5597,108.0238
Helsinki FIR,36.6709,108.1991
Helsinki FIR,37.7822,108.3457
Helsinki FIR,38.8934,108.4698
Helsinki FIR,40.0046,108.5733
Helsinki FIR,41.1159,108.6564
Helsinki FIR,42.2271,108.7231
Helsinki FIR,43.3383,108.7766
Helsinki FIR,44.4496,108.8193
Helsinki FIR,45.5608,108.8517
Helsinki FIR,46.6721,108.8751
Helsinki FIR,47.7833,108.8924
Helsinki FIR,48.8945,108.905
Helsinki FIR,50.0058,108.913
Helsinki FIR,51.117,108.9176
Helsinki FIR,52.2283,108.9199
Helsinki FIR,53.3395,108.9209
Helsinki FIR,54.4507,108.921
Helsinki FIR,55.562,108.921
Helsinki FIR,56.6732,108.921
Helsinki FIR,57.7845,108.921
Helsinki FIR,58.8957,108.921
Helsinki FIR,60.0069,108.921
Helsinki FIR,61.1182,108.921
Helsinki FIR,62.2294,108.921
Helsinki FIR,63.3407,108.921
Helsinki FIR,64.4519,108.921
Helsinki FIR,65.5631,108.921
Helsinki FIR,66.6744,108.921
Helsinki FIR,67.7856,108.921
Helsinki FIR,68.8969,108.921
Helsinki FIR,70.0081,108.921
Helsinki FIR,71.1193,108.921
Helsinki FIR,72.2306,108.921
Helsinki FIR,73.3418,108.921
Helsinki FIR,74.4531,108.921
Helsinki FIR,75.5643,108.921
Helsinki FIR,76.6755,108.921
Helsinki FIR,77.7868,108.921
Helsinki FIR,78.898,108.921
Helsinki FIR,80.0093,108.921
Helsinki FIR,81.1205,108.9208
Helsinki FIR,82.2317,108.9198
Helsinki FIR,83.343,108.9162
Helsinki FIR,84.4542,108.9078
Helsinki FIR,85.5655,108.8921
Helsinki FIR,86.6767,108.8667
Helsinki FIR,87.7879,108.8283
Helsinki FIR,88.8992,108.7684
Helsinki FIR,90.0104,108.6846
Helsinki FIR,91.1217,108.5662
Helsinki FIR,92.2329,108.4014
Helsinki FIR,93.3441,108.1738
Helsinki FIR,94.4554,107.857
Helsinki FIR,95.5666,107.4027
Helsinki FIR,96.6779,106.7354
Helsinki FIR,97.7891,105.7573
Helsinki FIR,98.9003,104.0877
Shanwick FIR,0.0,0.3413
Shanwick FIR,1.1112,14.4004
Shanwick FIR,2.2225,23.3188
Shanwick FIR,3.3337,30.4979
Shanwick FIR,4.445,36.618
Shanwick FIR,5.5562,41.9987
Shanwick FIR,6.6674,46.6739
Shanwick FIR,7.7787,50.7664
Shanwick FIR,8.8899,54.4573
Shanwick FIR,10.0012,57.8505
Shanwick FIR,11.1124,60.9462
Shanwick FIR,12.2236,63.8299
Shanwick FIR,13.3349,66.5191
Shanwick FIR,14.4461,69.0443
Shanwick FIR,15.5574,71.3982
Shanwick FIR,16.6686,73.6046
Shanwick FIR,17.7798,75.6732
Shanwick FIR,18.8911,77.6244
Shanwick FIR,20.0023,79.4599
Shanwick FIR,21.1136,81.1775
Shanwick FIR,22.2248,82.7905
Shanwick FIR,23.336,84.3026
Shanwick FIR,24.4473,85.7274
Shanwick FIR,25.5585,87.0671
Shanwick FIR,26.6698,88.3418
Shanwick FIR,27.781,89.5515
Shanwick FIR,28.8922,90.6974
Shanwick FIR,30.0035,91.7773
Shanwick FIR,31.1147,92.8041
Shanwick FIR,32.226,93.7744
Shanwick FIR,33.3372,94.6841
Shanwick FIR,34.4484,95.5395
Shanwick FIR,35.5597,96.3486
Shanwick FIR,36.6709,97.109
Shanwick FIR,37.7822,97.8236
Shanwick FIR,38.8934,98.5012
Shanwick FIR,40.0046,99.1409
Shanwick FIR,41.1159,99.7421
Shanwick FIR,42.2271,100.3074
Shanwick FIR,43.3383,100.8421
Shanwick FIR,44.4496,101.3445
Shanwick FIR,45.5608,101.8165
Shanwick FIR,46.6721,102.2592
Shanwick FIR,47.7833,102.6767
Shanwick FIR,48.8945,103.0663
Shanwick FIR,50.0058,103.4267
Shanwick FIR,51.117,103.7592
Shanwick FIR,52.2283,104.0672
Shanwick FIR,53.3395,104.3511
Shanwick FIR,54.4507,104.6138
Shanwick FIR,55.562,104.8575
Shanwick FIR,56.6732,105.0816
Shanwick FIR,57.7845,105.2886
Shanwick FIR,58.8957,105.4788
Shanwick FIR,60.0069,105.6528
Shanwick FIR,61.1182,105.8112
Shanwick FIR,62.2294,105.9538
Shanwick FIR,63.3407,106.0798
Shanwick FIR,64.4519,106.1912
Shanwick FIR,65.5631,106.2908
Shanwick FIR,66.6744,106.377
Shanwick FIR,67.7856,106.4517
Shanwick FIR,68.8969,106.5164
Shanwick FIR,70.0081,106.5721
Shanwick FIR,71.1193,106.6193
Shanwick FIR,72.2306,106.6591
Shanwick FIR,73.3418,106.6917
Shanwick FIR,74.4531,106.7163
Shanwick FIR,75.5643,106.7345
Shanwick FIR,76.6755,106.7472
Shanwick FIR,77.7868,106.7545
Shanwick FIR,78.898,106.7577
Shanwick FIR,80.0093,106.7584
Shanwick FIR,81.1205,106.7584
Shanwick FIR,82.2317,106.7584
Shanwick FIR,83.343,106.7584
Shanwick FIR,84.4542,106.7584
Shanwick FIR,85.5655,106.7567
Shanwick FIR,86.6767,106.7471
Shanwick FIR,87.7879,106.7217
Shanwick FIR,88.8992,106.6742
Shanwick FIR,90.0104,106.5989
Shanwick FIR,91.1217,106.4838
Shanwick FIR,92.2329,106.3181
Shanwick FIR,93.3441,106.0922
Shanwick FIR,94.4554,105.7851
Shanwick FIR,95.5666,105.3681
Shanwick FIR,96.6779,104.7857
Shanwick FIR,97.7891,103.9568
Shanwick FIR,98.9003,102.7261
Scottish FIR,0.0,0.9961
Scottish FIR,1.1114,30.7961
Scottish FIR,2.2227,46.3221
Scottish FIR,3.3341,57.9911
Scottish FIR,4.4455,67.1616
Scottish FIR,5.5568,74.444
Scottish FIR,6.6682,80.6023
Scottish FIR,7.7796,85.9688
Scottish FIR,8.8909,90.7489
Scottish FIR,10.0023,95.0123
Scottish FIR,11.1137,98.8137
Scottish FIR,12.2251,102.2532
Scottish FIR,13.3364,105.3395
Scottish FIR,14.4478,108.1584
Scottish FIR,15.5592,110.7006
Scottish FIR,16.6705,113.0054
Scottish FIR,17.7819,115.0709
Scottish FIR,18.8933,116.948
Scottish FIR,20.0046,118.6323
Scottish FIR,21.116,120.1463
Scottish FIR,22.2274,121.4972
Scottish FIR,23.3387,122.7055
Scottish FIR,24.4501,123.803
Scottish FIR,25.5615,124.7684
Scottish FIR,26.6728,125.6337
Scottish FIR,27.7842,126.4048
Scottish FIR,28.8956,127.0935
Scottish FIR,30.0069,127.7041
Scottish FIR,31.1183,128.2408
Scottish FIR,32.2297,128.7115
Scottish FIR,33.3411,129.1193
Scottish FIR,34.4524,129.4699
Scottish FIR,35.5638,129.7716
Scottish FIR,36.6752,130.0268
Scottish FIR,37.7865,130.241
Scottish FIR,38.8979,130.4195
Scottish FIR,40.0093,130.5647
Scottish FIR,41.1206,130.6824
Scottish FIR,42.232,130.7785
Scottish FIR,43.3434,130.8536
Scottish FIR,44.4547,130.9099
Scottish FIR,45.5661,130.954
Scottish FIR,46.6775,130.9863
Scottish FIR,47.7888,131.0088
Scottish FIR,48.9002,131.0252
Scottish FIR,50.0116,131.0362
Scottish FIR,51.1229,131.0421
Scottish FIR,52.2343,131.0449
Scottish FIR,53.3457,131.0459
Scottish FIR,54.4571,131.0461
Scottish FIR,55.5684,131.0461
Scottish FIR,56.6798,131.0461
Scottish FIR,57.7912,131.0461
Scottish FIR,58.9025,131.0461
Scottish FIR,60.0139,131.0461
Scottish FIR,61.1253,131.0461
Scottish FIR,62.2366,131.0461
Scottish FIR,63.348,131.0461
Scottish FIR,64.4594,131.0461
Scottish FIR,65.5707,131.0461
Scottish FIR,66.6821,131.0461
Scottish FIR,67.7935,131.0461
Scottish FIR,68.9048,131.0461
Scottish FIR,70.0162,131.0461
Scottish FIR,71.1276,131.0461
Scottish FIR,72.2389,131.0461
Scottish FIR,73.3503,131.0461
Scottish FIR,74.4617,131.0461
Scottish FIR,75.573,131.0461
Scottish FIR,76.6844,131.0461
Scottish FIR,77.7958,131.0461
Scottish FIR,78.9072,131.0461
Scottish FIR,80.0185,131.0461
Scottish FIR,81.1299,131.0461
Scottish FIR,82.2413,131.0455
Scottish FIR,83.3526,131.0423
Scottish FIR,84.464,131.0319
Scottish FIR,85.5754,131.0106
Scottish FIR,86.6867,130.9716
Scottish FIR,87.7981,130.9079
Scottish FIR,88.9095,130.8051
Scottish FIR,90.0208,130.6389
Scottish FIR,91.1322,130.3719
Scottish FIR,92.2436,129.9738
Scottish FIR,93.3549,129.3837
Scottish FIR,94.4663,128.514
Scottish FIR,95.5777,127.171
Scottish FIR,96.689,125.0646
Scottish FIR,97.8004,121.7112
Scottish FIR,98.9118,115.934
London FIR,0.0,0.4044
London FIR,1.1112,21.8745
London FIR,2.2225,35.6569
London FIR,3.3337,46.6144
London FIR,4.445,55.9795
London FIR,5.5562,64.0615
London FIR,6.6674,71.0198
London FIR,7.7787,77.113
London FIR,8.8899,82.3777
London FIR,10.0012,87.0171
London FIR,11.1124,91.1265
London FIR,12.2236,94.7829
London FIR,13.3349,98.0982
London FIR,14.4461,101.0702
London FIR,15.5574,103.7248
London FIR,16.6686,106.1117
London FIR,17.7798,108.2548
London FIR,18.8911,110.1785
London FIR,20.0023,111.9032
London FIR,21.1136,113.4467
London FIR,22.2248,114.8366
London FIR,23.336,116.0815
London FIR,24.4473,117.1981
London FIR,25.5585,118.192
London FIR,26.6698,119.0871
London FIR,27.781,119.8858
London FIR,28.8922,120.5889
London FIR,30.0035,121.2172
London FIR,31.1147,121.7853
London FIR,32.226,122.2895
London FIR,33.3372,122.7333
London FIR,34.4484,123.135
London FIR,35.5597,123.4946
London FIR,36.6709,123.8113
London FIR,37.7822,124.0932
London FIR,38.8934,124.3425
London FIR,40.0046,124.5591
London FIR,41.1159,124.7445
London FIR,42.2271,124.9073
London FIR,43.3383,125.0476
London FIR,44.4496,125.167
London FIR,45.5608,125.2698
London FIR,46.6721,125.3577
London FIR,47.7833,125.4319
London FIR,48.8945,125.4931
London FIR,50.0058,125.543
London FIR,51.117,125.5835
London FIR,52.2283,125.617
London FIR,53.3395,125.6428
London FIR,54.4507,125.6603
London FIR,55.562,125.673
London FIR,56.6732,125.6817
London FIR,57.7845,125.6874
London FIR,58.8957,125.6906
London FIR,60.0069,125.692
London FIR,61.1182,125.6924
London FIR,62.2294,125.6924
London FIR,63.3407,125.6924
London FIR,64.4519,125.6924
London FIR,65.5631,125.6924
London FIR,66.6744,125.6924
London FIR,67.7856,125.6924
London FIR,68.8969,125.6924
London FIR,70.0081,125.6924
London FIR,71.1193,125.6924
London FIR,72.2306,125.6924
London FIR,73.3418,125.6924
London FIR,74.4531,125.6924
London FIR,75.5643,125.6924
London FIR,76.6755,125.6923
London FIR,77.7868,125.6918
London FIR,78.898,125.6899
London FIR,80.0093,125.6845
London FIR,81.1205,125.6731
London FIR,82.2317,125.6527
London FIR,83.343,125.6179
London FIR,84.4542,125.555
London FIR,85.5655,125.4607
London FIR,86.6767,125.3195
London FIR,87.7879,125.1198
London FIR,88.8992,124.8469
London FIR,90.0104,124.4694
London FIR,91.1217,123.9701
London FIR,92.2329,123.2939
London FIR,93.3441,122.3805
London FIR,94.4554,121.1655
London FIR,95.5666,119.5265
London FIR,96.6779,117.342
London FIR,97.7891,114.2291
London FIR,98.9003,109.5833
Amsterdam FIR,0.0,0.7122
Amsterdam FIR,1.1112,31.5416
Amsterdam FIR,2.2225,47.8337
Amsterdam FIR,3.3337,59.455
Amsterdam FIR,4.445,68.2761
Amsterdam FIR,5.5562,75.204
Amsterdam FIR,6.6674,80.7703
Amsterdam FIR,7.7787,85.2304
Amsterdam FIR,8.8899,88.8927
Amsterdam FIR,10.0012,91.8989
Amsterdam FIR,11.1124,94.4393
Amsterdam FIR,12.2236,96.6252
Amsterdam FIR,13.3349,98.5142
Amsterdam FIR,14.4461,100.1174
Amsterdam FIR,15.5574,101.4993
Amsterdam FIR,16.6686,102.6901
Amsterdam FIR,17.7798,103.6983
Amsterdam FIR,18.8911,104.5785
Amsterdam FIR,20.0023,105.3571
Amsterdam FIR,21.1136,106.0452
Amsterdam FIR,22.2248,106.6368
Amsterdam FIR,23.336,107.1372
Amsterdam FIR,24.4473,107.567
Amsterdam FIR,25.5585,107.9335
Amsterdam FIR,26.6698,108.2394
Amsterdam FIR,27.781,108.4993
Amsterdam FIR,28.8922,108.7141
Amsterdam FIR,30.0035,108.8918
Amsterdam FIR,31.1147,109.0361
Amsterdam FIR,32.226,109.1563
Amsterdam FIR,33.3372,109.2552
Amsterdam FIR,34.4484,109.3372
Amsterdam FIR,35.5597,109.4022
Amsterdam FIR,36.6709,109.4509
Amsterdam FIR,37.7822,109.487
Amsterdam FIR,38.8934,109.5131
Amsterdam FIR,40.0046,109.5323
Amsterdam FIR,41.1159,109.5457
Amsterdam FIR,42.2271,109.5548
Amsterdam FIR,43.3383,109.5605
Amsterdam FIR,44.4496,109.5637
Amsterdam FIR,45.5608,109.5651
Amsterdam FIR,46.6721,109.5656
Amsterdam FIR,47.7833,109.5657
Amsterdam FIR,48.8945,109.5657
Amsterdam FIR,50.0058,109.5657
Amsterdam FIR,51.117,109.5657
Amsterdam FIR,52.2283,109.5657
Amsterdam FIR,53.3395,109.5657
Amsterdam FIR,54.4507,109.5657
Amsterdam FIR,55.562,109.5657
Amsterdam FIR,56.6732,109.5657
Amsterdam FIR,57.7845,109.5657
Amsterdam FIR,58.8957,109.5657
Amsterdam FIR,60.0069,109.5657
Amsterdam FIR,61.1182,109.5657
Amsterdam FIR,62.2294,109.5657
Amsterdam FIR,63.3407,109.5657
Amsterdam FIR,64.4519,109.5657
Amsterdam FIR,65.5631,109.5657
Amsterdam FIR,66.6744,109.5657
Amsterdam FIR,67.7856,109.5657
Amsterdam FIR,68.8969,109.5657
Amsterdam FIR,70.0081,109.5657
Amsterdam FIR,71.1193,109.5657
Amsterdam FIR,72.2306,109.5657
Amsterdam FIR,73.3418,109.5657
Amsterdam FIR,74.4531,109.5657
Amsterdam FIR,75.5643,109.5657
Amsterdam FIR,76.6755,109.5657
Amsterdam FIR,77.7868,109.5657
Amsterdam FIR,78.898,109.5657
Amsterdam FIR,80.0093,109.5657
Amsterdam FIR,81.1205,109.5657
Amsterdam FIR,82.2317,109.5657
Amsterdam FIR,83.343,109.5655
Amsterdam FIR,84.4542,109.5645
Amsterdam FIR,85.5655,109.5614
Amsterdam FIR,86.6767,109.5539
Amsterdam FIR,87.7879,109.5387
Amsterdam FIR,88.8992,109.5101
Amsterdam FIR,90.0104,109.4607
Amsterdam FIR,91.1217,109.3838
Amsterdam FIR,92.2329,109.2626
Amsterdam FIR,93.3441,109.0712
Amsterdam FIR,94.4554,108.7845
Amsterdam FIR,95.5666,108.3799
Amsterdam FIR,96.6779,107.7598
Amsterdam FIR,97.7891,106.7502
Amsterdam FIR,98.9003,104.9132
Shannon FIR,0.0,0.5881
Shannon FIR,1.1114,26.2671
Shannon FIR,2.2227,41.0565
Shannon FIR,3.3341,52.4295
Shannon FIR,4.4455,61.7223
Shannon FIR,5.5568,69.3627
Shannon FIR,6.6682,75.8864
Shannon FIR,7.7796,81.4892
Shannon FIR,8.8909,86.3258
Shannon FIR,10.0023,90.5783
Shannon FIR,11.1137,94.307
Shannon FIR,12.2251,97.5623
Shannon FIR,13.3364,100.4875
Shannon FIR,14.4478,103.0993
Shannon FIR,15.5592,105.4506
Shannon FIR,16.6705,107.5649
Shannon FIR,17.7819,109.4322
Shannon FIR,18.8933,111.1082
Shannon FIR,20.0046,112.621
Shannon FIR,21.116,113.987
Shannon FIR,22.2274,115.2183
Shannon FIR,23.3387,116.3207
Shannon FIR,24.4501,117.2979
Shannon FIR,25.5615,118.1589
Shannon FIR,26.6728,118.9187
Shannon FIR,27.7842,119.5885
Shannon FIR,28.8956,120.1743
Shannon FIR,30.0069,120.687
Shannon FIR,31.1183,121.1351
Shannon FIR,32.2297,121.5195
Shannon FIR,33.3411,121.8479
Shannon FIR,34.4524,122.1221
Shannon FIR,35.5638,122.35
Shannon FIR,36.6752,122.5377
Shannon FIR,37.7865,122.6841
Shannon FIR,38.8979,122.8012
Shannon FIR,40.0093,122.8939
Shannon FIR,41.1206,122.9657
Shannon FIR,42.232,123.02
Shannon FIR,43.3434,123.0607
Shannon FIR,44.4547,123.0893
Shannon FIR,45.5661,123.1084
Shannon FIR,46.6775,123.1207
Shannon FIR,47.7888,123.1282
Shannon FIR,48.9002,123.1324
Shannon FIR,50.0116,123.1344
Shannon FIR,51.1229,123.1351
Shannon FIR,52.2343,123.1352
Shannon FIR,53.3457,123.1352
Shannon FIR,54.4571,123.1352
Shannon FIR,55.5684,123.1352
Shannon FIR,56.6798,123.1352
Shannon FIR,57.7912,123.1352
Shannon FIR,58.9025,123.1352
Shannon FIR,60.0139,123.1352
Shannon FIR,61.1253,123.1352
Shannon FIR,62.2366,123.1352
Shannon FIR,63.348,123.1352
Shannon FIR,64.4594,123.1352
Shannon FIR,65.5707,123.1352
Shannon FIR,66.6821,123.1352
Shannon FIR,67.7935,123.1352
Shannon FIR,68.9048,123.1352
Shannon FIR,70.0162,123.1352
Shannon FIR,71.1276,123.1352
Shannon FIR,72.2389,123.1352
Shannon FIR,73.3503,123.1352
Shannon FIR,74.4617,123.1352
Shannon FIR,75.573,123.1352
Shannon FIR,76.6844,123.1352
Shannon FIR,77.7958,123.1352
Shannon FIR,78.9072,123.1352
Shannon FIR,80.0185,123.1352
Shannon FIR,81.1299,123.1352
Shannon FIR,82.2413,123.1351
Shannon FIR,83.3526,123.1347
Shannon FIR,84.464,123.1321
Shannon FIR,85.5754,123.1257
Shannon FIR,86.6867,123.1119
Shannon FIR,87.7981,123.0866
Shannon FIR,88.9095,123.042
Shannon FIR,90.0208,122.9687
Shannon FIR,91.1322,122.8456
Shannon FIR,92.2436,122.6265
Shannon FIR,93.3549,122.2943
Shannon FIR,94.4663,121.7675
Shannon FIR,95.5777,120.8224
Shannon FIR,96.689,119.243
Shannon FIR,97.8004,116.6371
Shannon FIR,98.9118,111.6862
Copenhagen FIR,0.0,0.5976
Copenhagen FIR,1.1112,29.8713
Copenhagen FIR,2.2225,45.9501
Copenhagen FIR,3.3337,57.3013
Copenhagen FIR,4.445,66.1677
Copenhagen FIR,5.5562,73.3213
Copenhagen FIR,6.6674,79.1717
Copenhagen FIR,7.7787,84.1104
Copenhagen FIR,8.8899,88.2762
Copenhagen FIR,10.0012,91.8016
Copenhagen FIR,11.1124,94.8101
Copenhagen FIR,12.2236,97.3576
Copenhagen FIR,13.3349,99.507
Copenhagen FIR,14.4461,101.356
Copenhagen FIR,15.5574,102.9904
Copenhagen FIR,16.6686,104.4463
Copenhagen FIR,17.7798,105.7128
Copenhagen FIR,18.8911,106.8141
Copenhagen FIR,20.0023,107.8019
Copenhagen FIR,21.1136,108.6597
Copenhagen FIR,22.2248,109.3832
Copenhagen FIR,23.336,109.989
Copenhagen FIR,24.4473,110.5068
Copenhagen FIR,25.5585,110.9535
Copenhagen FIR,26.6698,111.3354
Copenhagen FIR,27.781,111.6613
Copenhagen FIR,28.8922,111.9395
Copenhagen FIR,30.0035,112.169
Copenhagen FIR,31.1147,112.3604
Copenhagen FIR,32.226,112.5185
Copenhagen FIR,33.3372,112.648
Copenhagen FIR,34.4484,112.7525
Copenhagen FIR,35.5597,112.8358
Copenhagen FIR,36.6709,112.9012
Copenhagen FIR,37.7822,112.9528
Copenhagen FIR,38.8934,112.9908
Copenhagen FIR,40.0046,113.018
Copenhagen FIR,41.1159,113.0367
Copenhagen FIR,42.2271,113.0489
Copenhagen FIR,43.3383,113.0558
Copenhagen FIR,44.4496,113.059
Copenhagen FIR,45.5608,113.0604
Copenhagen FIR,46.6721,113.0607
Copenhagen FIR,47.7833,113.0607
Copenhagen FIR,48.8945,113.0607
Copenhagen FIR,50.0058,113.0607
Copenhagen FIR,51.117,113.0607
Copenhagen FIR,52.2283,113.0607
Copenhagen FIR,53.3395,113.0607
Copenhagen FIR,54.4507,113.0607
Copenhagen FIR,55.562,113.0607
Copenhagen FIR,56.6732,113.0607
Copenhagen FIR,57.7845,113.0607
Copenhagen FIR,58.8957,113.0607
Copenhagen FIR,60.0069,113.0607
Copenhagen FIR,61.1182,113.0607
Copenhagen FIR,62.2294,113.0607
Copenhagen FIR,63.3407,113.0607
Copenhagen FIR,64.4519,113.0607
Copenhagen FIR,65.5631,113.0607
Copenhagen FIR,66.6744,113.0607
Copenhagen FIR,67.7856,113.0607
Copenhagen FIR,68.8969,113.0607
Copenhagen FIR,70.0081,113.0607
Copenhagen FIR,71.1193,113.0607
Copenhagen FIR,72.2306,113.0607
Copenhagen FIR,73.3418,113.0607
Copenhagen FIR,74.4531,113.0607
Copenhagen FIR,75.5643,113.0607
Copenhagen FIR,76.6755,113.0607
Copenhagen FIR,77.7868,113.0607
Copenhagen FIR,78.898,113.0607
Copenhagen FIR,80.0093,113.0607
Copenhagen FIR,81.1205,113.0607
Copenhagen FIR,82.2317,113.0604
Copenhagen FIR,83.343,113.0585
Copenhagen FIR,84.4542,113.0534
Copenhagen FIR,85.5655,113.0408
Copenhagen FIR,86.6767,113.0185
Copenhagen FIR,87.7879,112.9809
Copenhagen FIR,88.8992,112.9163
Copenhagen FIR,90.0104,112.8132
Copenhagen FIR,91.1217,112.6609
Copenhagen FIR,92.2329,112.43
Copenhagen FIR,93.3441,112.0934
Copenhagen FIR,94.4554,111.6388
Copenhagen FIR,95.5666,110.9984
Copenhagen FIR,96.6779,110.0892
Copenhagen FIR,97.7891,108.7158
Copenhagen FIR,98.9003,106.4215
Bodo Oceanic FIR,0.0,1.1233
Bodo Oceanic FIR,1.1422,41.1393
Bodo Oceanic FIR,2.2844,59.477
Bodo Oceanic FIR,3.4265,71.9305
Bodo Oceanic FIR,4.5687,81.1668
Bodo Oceanic FIR,5.7109,88.3817
Bodo Oceanic FIR,6.8531,94.0408
Bodo Oceanic FIR,7.9952,98.5191
Bodo Oceanic FIR,9.1374,102.0656
Bodo Oceanic FIR,10.2796,104.8566
Bodo Oceanic FIR,11.4218,107.0316
Bodo Oceanic FIR,12.564,108.6696
Bodo Oceanic FIR,13.7061,109.8829
Bodo Oceanic FIR,14.8483,110.7581
Bodo Oceanic FIR,15.9905,111.3637
Bodo Oceanic FIR,17.1327,111.7963
Bodo Oceanic FIR,18.2748,112.0786
Bodo Oceanic FIR,19.417,112.2479
Bodo Oceanic FIR,20.5592,112.335
Bodo Oceanic FIR,21.7014,112.3736
Bodo Oceanic FIR,22.8435,112.3827
Bodo Oceanic FIR,23.9857,112.3835
Bodo Oceanic FIR,25.1279,112.3836
Bodo Oceanic FIR,26.2701,112.3836
Bodo Oceanic FIR,27.4123,112.3836
Bodo Oceanic FIR,28.5544,112.3836
Bodo Oceanic FIR,29.6966,112.3836
Bodo Oceanic FIR,30.8388,112.3836
Bodo Oceanic FIR,31.981,112.3836
Bodo Oceanic FIR,33.1231,112.3836
Bodo Oceanic FIR,34.2653,112.3836
Bodo Oceanic FIR,35.4075,112.3836
Bodo Oceanic FIR,36.5497,112.3836
Bodo Oceanic FIR,37.6919,112.3836
Bodo Oceanic FIR,38.834,112.3836
Bodo Oceanic FIR,39.9762,112.3836
Bodo Oceanic FIR,41.1184,112.3836
Bodo Oceanic FIR,42.2606,112.3836
Bodo Oceanic FIR,43.4027,112.3836
Bodo Oceanic FIR,44.5449,112.3836
Bodo Oceanic FIR,45.6871,112.3836
Bodo Oceanic FIR,46.8293,112.3836
Bodo Oceanic FIR,47.9714,112.3836
Bodo Oceanic FIR,49.1136,112.3836
Bodo Oceanic FIR,50.2558,112.3836
Bodo Oceanic FIR,51.398,112.3836
Bodo Oceanic FIR,52.5402,112.3836
Bodo Oceanic FIR,53.6823,112.3836
Bodo Oceanic FIR,54.8245,112.3836
Bodo Oceanic FIR,55.9667,112.3836
Bodo Oceanic FIR,57.1089,112.3836
Bodo Oceanic FIR,58.251,112.3836
Bodo Oceanic FIR,59.3932,112.3836
Bodo Oceanic FIR,60.5354,112.3836
Bodo Oceanic FIR,61.6776,112.3836
Bodo Oceanic FIR,62.8198,112.3836
Bodo Oceanic FIR,63.9619,112.3836
Bodo Oceanic FIR,65.1041,112.3836
Bodo Oceanic FIR,66.2463,112.3836
Bodo Oceanic FIR,67.3885,112.3836
Bodo Oceanic FIR,68.5306,112.3836
Bodo Oceanic FIR,69.6728,112.3836
Bodo Oceanic FIR,70.815,112.3836
Bodo Oceanic FIR,71.9572,112.3836
Bodo Oceanic FIR,73.0993,112.3836
Bodo Oceanic FIR,74.2415,112.3836
Bodo Oceanic FIR,75.3837,112.3836
Bodo Oceanic FIR,76.5259,112.3836
Bodo Oceanic FIR,77.6681,112.3836
Bodo Oceanic FIR,78.8102,112.3836
Bodo Oceanic FIR,79.9524,112.3836
Bodo Oceanic FIR,81.0946,112.3836
Bodo Oceanic FIR,82.2368,112.3836
Bodo Oceanic FIR,83.3789,112.3836
Bodo Oceanic FIR,84.5211,112.3836
Bodo Oceanic FIR,85.6633,112.3836
Bodo Oceanic FIR,86.8055,112.3836
Bodo Oceanic FIR,87.9477,112.3836
Bodo Oceanic FIR,89.0898,112.3836
Bodo Oceanic FIR,90.232,112.3836
Bodo Oceanic FIR,91.3742,112.3836
Bodo Oceanic FIR,92.5164,112.3823
Bodo Oceanic FIR,93.6585,112.371
Bodo Oceanic FIR,94.8007,112.3166
Bodo Oceanic FIR,95.9429,112.1108
Bodo Oceanic FIR,97.0851,111.5469
Bodo Oceanic FIR,98.2272,110.0255
Bodo Oceanic FIR,99.3694,106.338
Polaris FIR,0.0,0.6058
Polaris FIR,1.1116,22.9157
Polaris FIR,2.2233,36.0309
Polaris FIR,3.3349,46.3396
Polaris FIR,4.4465,54.8805
Polaris FIR,5.5581,62.0898
Polaris FIR,6.6698,68.3853
Polaris FIR,7.7814,73.8074
Polaris FIR,8.893,78.4634
Polaris FIR,10.0046,82.5146
Polaris FIR,11.1163,86.0647
Polaris FIR,12.2279,89.1973
Polaris FIR,13.3395,91.9435
Polaris FIR,14.4511,94.3964
Polaris FIR,15.5628,96.6016
Polaris FIR,16.6744,98.5928
Polaris FIR,17.786,100.3928
Polaris FIR,18.8976,101.9992
Polaris FIR,20.0093,103.4463
Polaris FIR,21.1209,104.7547
Polaris FIR,22.2325,105.9559
Polaris FIR,23.3441,107.0349
Polaris FIR,24.4558,108.0063
Polaris FIR,25.5674,108.8978
Polaris FIR,26.679,109.7035
Polaris FIR,27.7906,110.4327
Polaris FIR,28.9023,111.0991
Polaris FIR,30.0139,111.7043
Polaris FIR,31.1255,112.2618
Polaris FIR,32.2371,112.7721
Polaris FIR,33.3488,113.2309
Polaris FIR,34.4604,113.6431
Polaris FIR,35.572,114.0194
Polaris FIR,36.6836,114.361
Polaris FIR,37.7953,114.6675
Polaris FIR,38.9069,114.9454
Polaris FIR,40.0185,115.1974
Polaris FIR,41.1302,115.4218
Polaris FIR,42.2418,115.6169
Polaris FIR,43.3534,115.7842
Polaris FIR,44.465,115.9285
Polaris FIR,45.5767,116.0513
Polaris FIR,46.6883,116.1564
Polaris FIR,47.7999,116.2454
Polaris FIR,48.9115,116.3173
Polaris FIR,50.0232,116.375
Polaris FIR,51.1348,116.4218
Polaris FIR,52.2464,116.4591
Polaris FIR,53.358,116.4872
Polaris FIR,54.4697,116.507
Polaris FIR,55.5813,116.5205
Polaris FIR,56.6929,116.5293
Polaris FIR,57.8045,116.5341
Polaris FIR,58.9162,116.5362
Polaris FIR,60.0278,116.5368
Polaris FIR,61.1394,116.5368
Polaris FIR,62.251,116.5368
Polaris FIR,63.3627,116.5368
Polaris FIR,64.4743,116.5368
Polaris FIR,65.5859,116.5368
Polaris FIR,66.6975,116.5368
Polaris FIR,67.8092,116.5368
Polaris FIR,68.9208,116.5368
Polaris FIR,70.0324,116.5368
Polaris FIR,71.144,116.5368
Polaris FIR,72.2557,116.5368
Polaris FIR,73.3673,116.5368
Polaris FIR,74.4789,116.5368
Polaris FIR,75.5906,116.5368
Polaris FIR,76.7022,116.5368
Polaris FIR,77.8138,116.5368
Polaris FIR,78.9254,116.5368
Polaris FIR,80.0371,116.5364
Polaris FIR,81.1487,116.5334
Polaris FIR,82.2603,116.525
Polaris FIR,83.3719,116.5052
Polaris FIR,84.4836,116.4701
Polaris FIR,85.5952,116.4121
Polaris FIR,86.7068,116.3196
Polaris FIR,87.8184,116.1804
Polaris FIR,88.9301,115.9867
Polaris FIR,90.0417,115.7269
Polaris FIR,91.1533,115.3754
Polaris FIR,92.2649,114.9222
Polaris FIR,93.3766,114.3213
Polaris FIR,94.4882,113.5535
Polaris FIR,95.5998,112.4761
Polaris FIR,96.7114,110.9543
Polaris FIR,97.8231,108.8031
Polaris FIR,98.9347,105.6706
Warszawa FIR,0.0,0.3286
Warszawa FIR,1.1112,20.3894
Warszawa FIR,2.2225,33.617
Warszawa FIR,3.3337,43.7121
Warszawa FIR,4.445,51.5659
Warszawa FIR,5.5562,58.0296
Warszawa FIR,6.6674,63.4914
Warszawa FIR,7.7787,68.2042
Warszawa FIR,8.8899,72.2943
Warszawa FIR,10.0012,75.8794
Warszawa FIR,11.1124,79.0346
Warszawa FIR,12.2236,81.8453
Warszawa FIR,13.3349,84.3883
Warszawa FIR,14.4461,86.6802
Warszawa FIR,15.5574,88.7516
Warszawa FIR,16.6686,90.6219
Warszawa FIR,17.7798,92.2959
Warszawa FIR,18.8911,93.7983
Warszawa FIR,20.0023,95.1618
Warszawa FIR,21.1136,96.4121
Warszawa FIR,22.2248,97.548
Warszawa FIR,23.336,98.5814
Warszawa FIR,24.4473,99.51
Warszawa FIR,25.5585,100.3432
Warszawa FIR,26.6698,101.0968
Warszawa FIR,27.781,101.7943
Warszawa FIR,28.8922,102.4301
Warszawa FIR,30.0035,103.0035
Warszawa FIR,31.1147,103.5212
Warszawa FIR,32.226,103.9954
Warszawa FIR,33.3372,104.4294
Warszawa FIR,34.4484,104.8271
Warszawa FIR,35.5597,105.1896
Warszawa FIR,36.6709,105.515
Warszawa FIR,37.7822,105.8065
Warszawa FIR,38.8934,106.0692
Warszawa FIR,40.0046,106.3038
Warszawa FIR,41.1159,106.5092
Warszawa FIR,42.2271,106.6891
Warszawa FIR,43.3383,106.8491
Warszawa FIR,44.4496,106.991
Warszawa FIR,45.5608,107.1162
Warszawa FIR,46.6721,107.2266
Warszawa FIR,47.7833,107.3217
Warszawa FIR,48.8945,107.4036
Warszawa FIR,50.0058,107.4735
Warszawa FIR,51.117,107.5299
Warszawa FIR,52.2283,107.5761
Warszawa FIR,53.3395,107.6132
Warszawa FIR,54.4507,107.6443
Warszawa FIR,55.562,107.6697
Warszawa FIR,56.6732,107.689
Warszawa FIR,57.7845,107.7036
Warszawa FIR,58.8957,107.7145
Warszawa FIR,60.0069,107.7221
Warszawa FIR,61.1182,107.7274
Warszawa FIR,62.2294,107.7306
Warszawa FIR,63.3407,107.7324
Warszawa FIR,64.4519,107.7332
Warszawa FIR,65.5631,107.7333
Warszawa FIR,66.6744,107.7334
Warszawa FIR,67.7856,107.7334
Warszawa FIR,68.8969,107.7334
Warszawa FIR,70.0081,107.7334
Warszawa FIR,71.1193,107.7334
Warszawa FIR,72.2306,107.7334
Warszawa FIR,73.3418,107.7334
Warszawa FIR,74.4531,107.7334
Warszawa FIR,75.5643,107.7334
Warszawa FIR,76.6755,107.7334
Warszawa FIR,77.7868,107.7334
Warszawa FIR,78.898,107.7334
Warszawa FIR,80.0093,107.7334
Warszawa FIR,81.1205,107.7333
Warszawa FIR,82.2317,107.7327
Warszawa FIR,83.343,107.7305
Warszawa FIR,84.4542,107.7255
Warszawa FIR,85.5655,107.7157
Warszawa FIR,86.6767,107.6978
Warszawa FIR,87.7879,107.6701
Warszawa FIR,88.8992,107.6306
Warszawa FIR,90.0104,107.5749
Warszawa FIR,91.1217,107.4913
Warszawa FIR,92.2329,107.372
Warszawa FIR,93.3441,107.208
Warszawa FIR,94.4554,106.965
Warszawa FIR,95.5666,106.5985
Warszawa FIR,96.6779,106.0481
Warszawa FIR,97.7891,105.1826
Warszawa FIR,98.9003,103.7716
Sweden FIR,0.0,0.3905
Sweden FIR,1.1114,22.539
Sweden FIR,2.2227,35.8724
Sweden FIR,3.3341,46.2175
Sweden FIR,4.4455,54.5542
Sweden FIR,5.5568,61.2333
Sweden FIR,6.6682,66.7129
Sweden FIR,7.7796,71.4475
Sweden FIR,8.8909,75.6404
Sweden FIR,10.0023,79.3569
Sweden FIR,11.1137,82.6152
Sweden FIR,12.2251,85.4875
Sweden FIR,13.3364,88.0508
Sweden FIR,14.4478,90.3675
Sweden FIR,15.5592,92.4897
Sweden FIR,16.6705,94.4362
Sweden FIR,17.7819,96.2159
Sweden FIR,18.8933,97.8122
Sweden FIR,20.0046,99.2601
Sweden FIR,21.116,100.5672
Sweden FIR,22.2274,101.7182
Sweden FIR,23.3387,102.746
Sweden FIR,24.4501,103.6798
Sweden FIR,25.5615,104.5243
Sweden FIR,26.6728,105.2816
Sweden FIR,27.7842,105.9606
Sweden FIR,28.8956,106.567
Sweden FIR,30.0069,107.1039
Sweden FIR,31.1183,107.583
Sweden FIR,32.2297,108.0122
Sweden FIR,33.3411,108.3994
Sweden FIR,34.4524,108.745
Sweden FIR,35.5638,109.0527
Sweden FIR,36.6752,109.3262
Sweden FIR,37.7865,109.5695
Sweden FIR,38.8979,109.7795
Sweden FIR,40.0093,109.9639
Sweden FIR,41.1206,110.1206
Sweden FIR,42.232,110.2567
Sweden FIR,43.3434,110.3748
Sweden FIR,44.4547,110.4746
Sweden FIR,45.5661,110.5592
Sweden FIR,46.6775,110.63
Sweden FIR,47.7888,110.6888
Sweden FIR,48.9002,110.7379
Sweden FIR,50.0116,110.7779
Sweden FIR,51.1229,110.8095
Sweden FIR,52.2343,110.834
Sweden FIR,53.3457,110.8528
Sweden FIR,54.4571,110.867
Sweden FIR,55.5684,110.8777
Sweden FIR,56.6798,110.8851
Sweden FIR,57.7912,110.8897
Sweden FIR,58.9025,110.8924
Sweden FIR,60.0139,110.8939
Sweden FIR,61.1253,110.8944
Sweden FIR,62.2366,110.8945
Sweden FIR,63.348,110.8945
Sweden FIR,64.4594,110.8945
Sweden FIR,65.5707,110.8945
Sweden FIR,66.6821,110.8945
Sweden FIR,67.7935,110.8945
Sweden FIR,68.9048,110.8945
Sweden FIR,70.0162,110.8945
Sweden FIR,71.1276,110.8945
Sweden FIR,72.2389,110.8945
Sweden FIR,73.3503,110.8945
Sweden FIR,74.4617,110.8945
Sweden FIR,75.573,110.8945
Sweden FIR,76.6844,110.8945
Sweden FIR,77.7958,110.8941
Sweden FIR,78.9072,110.8921
Sweden FIR,80.0185,110.8874
Sweden FIR,81.1299,110.8783
Sweden FIR,82.2413,110.8616
Sweden FIR,83.3526,110.8358
Sweden FIR,84.464,110.7972
Sweden FIR,85.5754,110.7402
Sweden FIR,86.6867,110.6592
Sweden FIR,87.7981,110.5521
Sweden FIR,88.9095,110.4105
Sweden FIR,90.0208,110.2162
Sweden FIR,91.1322,109.9572
Sweden FIR,92.2436,109.62
Sweden FIR,93.3549,109.1817
Sweden FIR,94.4663,108.6137
Sweden FIR,95.5777,107.8896
Sweden FIR,96.689,106.9737
Sweden FIR,97.8004,105.7857
Sweden FIR,98.9118,104.0705
Riga FIR,0.0,0.4934
Riga FIR,1.1112,23.1197
Riga FIR,2.2225,36.3874
Riga FIR,3.3337,46.5794
Riga FIR,4.445,54.8767
Riga FIR,5.5562,61.7435
Riga FIR,6.6674,67.5662
Riga FIR,7.7787,72.6497
Riga FIR,8.8899,77.0803
Riga FIR,10.0012,80.905
Riga FIR,11.1124,84.2134
Riga FIR,12.2236,87.1016
Riga FIR,13.3349,89.6254
Riga FIR,14.4461,91.855
Riga FIR,15.5574,93.8252
Riga FIR,16.6686,95.5287
Riga FIR,17.7798,96.995
Riga FIR,18.8911,98.2857
Riga FIR,20.0023,99.3854
Riga FIR,21.1136,100.3253
Riga FIR,22.2248,101.1407
Riga FIR,23.336,101.848
Riga FIR,24.4473,102.4483
Riga FIR,25.5585,102.9571
Riga FIR,26.6698,103.386
Riga FIR,27.781,103.7453
Riga FIR,28.8922,104.0508
Riga FIR,30.0035,104.3069
Riga FIR,31.1147,104.5164
Riga FIR,32.226,104.69
Riga FIR,33.3372,104.8324
Riga FIR,34.4484,104.951
Riga FIR,35.5597,105.0476
Riga FIR,36.6709,105.1239
Riga FIR,37.7822,105.1818
Riga FIR,38.8934,105.2241
Riga FIR,40.0046,105.2563
Riga FIR,41.1159,105.2794
Riga FIR,42.2271,105.2946
Riga FIR,43.3383,105.3044
Riga FIR,44.4496,105.3101
Riga FIR,45.5608,105.313
Riga FIR,46.6721,105.3143
Riga FIR,47.7833,105.3146
Riga FIR,48.8945,105.3146
Riga FIR,50.0058,105.3146
Riga FIR,51.117,105.3146
Riga FIR,52.2283,105.3146
Riga FIR,53.3395,105.3146
Riga FIR,54.4507,105.3146
Riga FIR,55.562,105.3146
Riga FIR,56.6732,105.3146
Riga FIR,57.7845,105.3146
Riga FIR,58.8957,105.3146
Riga FIR,60.0069,105.3146
Riga FIR,61.1182,105.3146
Riga FIR,62.2294,105.3146
Riga FIR,63.3407,105.3146
Riga FIR,64.4519,105.3146
Riga FIR,65.5631,105.3146
Riga FIR,66.6744,105.3146
Riga FIR,67.7856,105.3146
Riga FIR,68.8969,105.3146
Riga FIR,70.0081,105.3146
Riga FIR,71.1193,105.3146
Riga FIR,72.2306,105.3146
Riga FIR,73.3418,105.3146
Riga FIR,74.4531,105.3146
Riga FIR,75.5643,105.3146
Riga FIR,76.6755,105.3146
Riga FIR,77.7868,105.3146
Riga FIR,78.898,105.3146
Riga FIR,80.0093,105.3146
Riga FIR,81.1205,105.3146
Riga FIR,82.2317,105.3146
Riga FIR,83.343,105.3146
Riga FIR,84.4542,105.3145
Riga FIR,85.5655,105.314
Riga FIR,86.6767,105.3123
Riga FIR,87.7879,105.3079
Riga FIR,88.8992,105.2973
Riga FIR,90.0104,105.2786
Riga FIR,91.1217,105.2462
Riga FIR,92.2329,105.1907
Riga FIR,93.3441,105.0983
Riga FIR,94.4554,104.9482
Riga FIR,95.5666,104.7161
Riga FIR,96.6779,104.3459
Riga FIR,97.7891,103.7707
Riga FIR,98.9003,102.7977
Vilnius FIR,0.0,0.5679
Vilnius FIR,1.1114,23.8286
Vilnius FIR,2.2227,38.7402
Vilnius FIR,3.3341,49.8487
Vilnius FIR,4.4455,58.3308
Vilnius FIR,5.5568,65.1232
Vilnius FIR,6.6682,70.6355
Vilnius FIR,7.7796,75.2181
Vilnius FIR,8.8909,79.1335
Vilnius FIR,10.0023,82.5921
Vilnius FIR,11.1137,85.5768
Vilnius FIR,12.2251,88.1641
Vilnius FIR,13.3364,90.4372
Vilnius FIR,14.4478,92.4295
Vilnius FIR,15.5592,94.1749
Vilnius FIR,16.6705,95.7156
Vilnius FIR,17.7819,97.0656
Vilnius FIR,18.8933,98.2319
Vilnius FIR,20.0046,99.259
Vilnius FIR,21.116,100.1813
Vilnius FIR,22.2274,100.9913
Vilnius FIR,23.3387,101.6887
Vilnius FIR,24.4501,102.2874
Vilnius FIR,25.5615,102.7903
Vilnius FIR,26.6728,103.2232
Vilnius FIR,27.7842,103.5921
Vilnius FIR,28.8956,103.906
Vilnius FIR,30.0069,104.1757
Vilnius FIR,31.1183,104.3944
Vilnius FIR,32.2297,104.5776
Vilnius FIR,33.3411,104.7246
Vilnius FIR,34.4524,104.8418
Vilnius FIR,35.5638,104.9363
Vilnius FIR,36.6752,105.0133
Vilnius FIR,37.7865,105.0742
Vilnius FIR,38.8979,105.1202
Vilnius FIR,40.0093,105.1535
Vilnius FIR,41.1206,105.1768
Vilnius FIR,42.232,105.1927
Vilnius FIR,43.3434,105.2033
Vilnius FIR,44.4547,105.2096
Vilnius FIR,45.5661,105.2129
Vilnius FIR,46.6775,105.2141
Vilnius FIR,47.7888,105.2142
Vilnius FIR,48.9002,105.2143
Vilnius FIR,50.0116,105.2143
Vilnius FIR,51.1229,105.2143
Vilnius FIR,52.2343,105.2143
Vilnius FIR,53.3457,105.2143
Vilnius FIR,54.4571,105.2143
Vilnius FIR,55.5684,105.2143
Vilnius FIR,56.6798,105.2143
Vilnius FIR,57.7912,105.2143
Vilnius FIR,58.9025,105.2143
Vilnius FIR,60.0139,105.2143
Vilnius FIR,61.1253,105.2143
Vilnius FIR,62.2366,105.2143
Vilnius FIR,63.348,105.2143
Vilnius FIR,64.4594,105.2143
Vilnius FIR,65.5707,105.2143
Vilnius FIR,66.6821,105.2143
Vilnius FIR,67.7935,105.2143
Vilnius FIR,68.9048,105.2143
Vilnius FIR,70.0162,105.2143
Vilnius FIR,71.1276,105.2143
Vilnius FIR,72.2389,105.2143
Vilnius FIR,73.3503,105.2143
Vilnius FIR,74.4617,105.2143
Vilnius FIR,75.573,105.2143
Vilnius FIR,76.6844,105.2143
Vilnius FIR,77.7958,105.2143
Vilnius FIR,78.9072,105.2143
Vilnius FIR,80.0185,105.2143
Vilnius FIR,81.1299,105.2143
Vilnius FIR,82.2413,105.2143
Vilnius FIR,83.3526,105.2143
Vilnius FIR,84.464,105.2142
Vilnius FIR,85.5754,105.214
Vilnius FIR,86.6867,105.2123
Vilnius FIR,87.7981,105.2075
Vilnius FIR,88.9095,105.197
Vilnius FIR,90.0208,105.1761
Vilnius FIR,91.1322,105.1403
Vilnius FIR,92.2436,105.0807
Vilnius FIR,93.3549,104.9831
Vilnius FIR,94.4663,104.8401
Vilnius FIR,95.5777,104.6189
Vilnius FIR,96.689,104.2681
Vilnius FIR,97.8004,103.7193
Vilnius FIR,98.9118,102.7565
Cape Town FIR,0.0,1.7645
Cape Town FIR,1.2083,62.669
Cape Town FIR,2.4166,86.9354
Cape Town FIR,3.6249,101.0955
Cape Town FIR,4.8332,109.4733
Cape Town FIR,6.0415,114.4348
Cape Town FIR,7.2498,117.2968
Cape Town FIR,8.4581,118.9891
Cape Town FIR,9.6665,119.8353
Cape Town FIR,10.8748,120.2239
Cape Town FIR,12.0831,120.36
Cape Town FIR,13.2914,120.3885
Cape Town FIR,14.4997,120.39
Cape Town FIR,15.708,120.39
Cape Town FIR,16.9163,120.39
Cape Town FIR,18.1246,120.39
Cape Town FIR,19.3329,120.39
Cape Town FIR,20.5412,120.39
Cape Town FIR,21.7495,120.39
Cape Town FIR,22.9578,120.39
Cape Town FIR,24.1661,120.39
Cape Town FIR,25.3744,120.39
Cape Town FIR,26.5828,120.39
Cape Town FIR,27.7911,120.39
Cape Town FIR,28.9994,120.39
Cape Town FIR,30.2077,120.39
Cape Town FIR,31.416,120.39
Cape Town FIR,32.6243,120.39
Cape Town FIR,33.8326,120.39
Cape Town FIR,35.0409,120.39
Cape Town FIR,36.2492,120.39
Cape Town FIR,37.4575,120.39
Cape Town FIR,38.6658,120.39
Cape Town FIR,39.8741,120.39
Cape Town FIR,41.0824,120.39
Cape Town FIR,42.2907,120.39
Cape Town FIR,43.4991,120.39
Cape Town FIR,44.7074,120.39
Cape Town FIR,45.9157,120.39
Cape Town FIR,47.124,120.39
Cape Town FIR,48.3323,120.39
Cape Town FIR,49.5406,120.39
Cape Town FIR,50.7489,120.39
Cape Town FIR,51.9572,120.39
Cape Town FIR,53.1655,120.39
Cape Town FIR,54.3738,120.39
Cape Town FIR,55.5821,120.39
Cape Town FIR,56.7904,120.39
Cape Town FIR,57.9987,120.39
Cape Town FIR,59.207,120.39
Cape Town FIR,60.4154,120.39
Cape Town FIR,61.6237,120.39
Cape Town FIR,62.832,120.39
Cape Town FIR,64.0403,120.39
Cape Town FIR,65.2486,120.39
Cape Town FIR,66.4569,120.39
Cape Town FIR,67.6652,120.39
Cape Town FIR,68.8735,120.39
Cape Town FIR,70.0818,120.39
Cape Town FIR,71.2901,120.39
Cape Town FIR,72.4984,120.39
Cape Town FIR,73.7067,120.39
Cape Town FIR,74.915,120.39
Cape Town FIR,76.1233,120.39
Cape Town FIR,77.3317,120.39
Cape Town FIR,78.54,120.39
Cape Town FIR,79.7483,120.39
Cape Town FIR,80.9566,120.39
Cape Town FIR,82.1649,120.39
Cape Town FIR,83.3732,120.39
Cape Town FIR,84.5815,120.39
Cape Town FIR,85.7898,120.39
Cape Town FIR,86.9981,120.39
Cape Town FIR,88.2064,120.39
Cape Town FIR,89.4147,120.39
Cape Town FIR,90.623,120.3899
Cape Town FIR,91.8313,120.3881
Cape Town FIR,93.0396,120.3724
Cape Town FIR,94.248,120.2837
Cape Town FIR,95.4563,119.9897
Cape Town FIR,96.6646,119.3207
Cape Town FIR,97.8729,117.7051
Cape Town FIR,99.0812,113.3143
Johannesburg FIR,0.0,1.1421
Johannesburg FIR,1.1127,44.977
Johannesburg FIR,2.2253,64.7312
Johannesburg FIR,3.338,77.1681
Johannesburg FIR,4.4506,85.8825
Johannesburg FIR,5.5633,92.1272
Johannesburg FIR,6.6759,96.7806
Johannesburg FIR,7.7886,100.2542
Johannesburg FIR,8.9013,102.8903
Johannesburg FIR,10.0139,104.9178
Johannesburg FIR,11.1266,106.4617
Johannesburg FIR,12.2392,107.6011
Johannesburg FIR,13.3519,108.4172
Johannesburg FIR,14.4645,108.9994
Johannesburg FIR,15.5772,109.3924
Johannesburg FIR,16.6898,109.653
Johannesburg FIR,17.8025,109.8047
Johannesburg FIR,18.9152,109.8863
Johannesburg FIR,20.0278,109.9215
Johannesburg FIR,21.1405,109.9289
Johannesburg FIR,22.2531,109.9292
Johannesburg FIR,23.3658,109.9292
Johannesburg FIR,24.4784,109.9292
Johannesburg FIR,25.5911,109.9292
Johannesburg FIR,26.7038,109.9292
Johannesburg FIR,27.8164,109.9292
Johannesburg FIR,28.9291,109.9292
Johannesburg FIR,30.0417,109.9292
Johannesburg FIR,31.1544,109.9292
Johannesburg FIR,32.267,109.9292
Johannesburg FIR,33.3797,109.9292
Johannesburg FIR,34.4924,109.9292
Johannesburg FIR,35.605,109.9292
Johannesburg FIR,36.7177,109.9292
Johannesburg FIR,37.8303,109.9292
Johannesburg FIR,38.943,109.9292
Johannesburg FIR,40.0556,109.9292
Johannesburg FIR,41.1683,109.9292
Johannesburg FIR,42.2809,109.9292
Johannesburg FIR,43.3936,109.9292
Johannesburg FIR,44.5063,109.9292
Johannesburg FIR,45.6189,109.9292
Johannesburg FIR,46.7316,109.9292
Johannesburg FIR,47.8442,109.9292
Johannesburg FIR,48.9569,109.9292
Johannesburg FIR,50.0695,109.9292
Johannesburg FIR,51.1822,109.9292
Johannesburg FIR,52.2949,109.9292
Johannesburg FIR,53.4075,109.9292
Johannesburg FIR,54.5202,109.9292
Johannesburg FIR,55.6328,109.9292
Johannesburg FIR,56.7455,109.9292
Johannesburg FIR,57.8581,109.9292
Johannesburg FIR,58.9708,109.9292
Johannesburg FIR,60.0834,109.9292
Johannesburg FIR,61.1961,109.9292
Johannesburg FIR,62.3088,109.9292
Johannesburg FIR,63.4214,109.9292
Johannesburg FIR,64.5341,109.9292
Johannesburg FIR,65.6467,109.9292
Johannesburg FIR,66.7594,109.9292
Johannesburg FIR,67.872,109.9292
Johannesburg FIR,68.9847,109.9292
Johannesburg FIR,70.0974,109.9292
Johannesburg FIR,71.21,109.9292
Johannesburg FIR,72.3227,109.9292
Johannesburg FIR,73.4353,109.9292
Johannesburg FIR,74.548,109.9292
Johannesburg FIR,75.6606,109.9292
Johannesburg FIR,76.7733,109.9292
Johannesburg FIR,77.886,109.9292
Johannesburg FIR,78.9986,109.9292
Johannesburg FIR,80.1113,109.9292
Johannesburg FIR,81.2239,109.9292
Johannesburg FIR,82.3366,109.9292
Johannesburg FIR,83.4492,109.9292
Johannesburg FIR,84.5619,109.9292
Johannesburg FIR,85.6745,109.9292
Johannesburg FIR,86.7872,109.9292
Johannesburg FIR,87.8999,109.9292
Johannesburg FIR,89.0125,109.9292
Johannesburg FIR,90.1252,109.9292
Johannesburg FIR,91.2378,109.9292
Johannesburg FIR,92.3505,109.9292
Johannesburg FIR,93.4631,109.9282
Johannesburg FIR,94.5758,109.9174
Johannesburg FIR,95.6885,109.8496
Johannesburg FIR,96.8011,109.6089
Johannesburg FIR,97.9138,108.9618
Johannesburg FIR,99.0264,107.2774
Johannesburg Oceanic FIR,0.0,2.0423
Johannesburg Oceanic FIR,1.2239,55.4053
Johannesburg Oceanic FIR,2.4477,75.9505
Johannesburg Oceanic FIR,3.6716,88.4067
Johannesburg Oceanic FIR,4.8955,96.4473
Johannesburg Oceanic FIR,6.1193,101.2756
Johannesburg Oceanic FIR,7.3432,104.0585
Johannesburg Oceanic FIR,8.5671,105.5066
Johannesburg Oceanic FIR,9.7909,106.2407
Johannesburg Oceanic FIR,11.0148,106.5553
Johannesburg Oceanic FIR,12.2387,106.6382
Johannesburg Oceanic FIR,13.4625,106.6462
Johannesburg Oceanic FIR,14.6864,106.6466
Johannesburg Oceanic FIR,15.9102,106.6466
Johannesburg Oceanic FIR,17.1341,106.6466
Johannesburg Oceanic FIR,18.358,106.6466
Johannesburg Oceanic FIR,19.5818,106.6466
Johannesburg Oceanic FIR,20.8057,106.6466
Johannesburg Oceanic FIR,22.0296,106.6466
Johannesburg Oceanic FIR,23.2534,106.6466
Johannesburg Oceanic FIR,24.4773,106.6466
Johannesburg Oceanic FIR,25.7012,106.6466
Johannesburg Oceanic FIR,26.925,106.6466
Johannesburg Oceanic FIR,28.1489,106.6466
Johannesburg Oceanic FIR,29.3728,106.6466
Johannesburg Oceanic FIR,30.5966,106.6466
Johannesburg Oceanic FIR,31.8205,106.6466
Johannesburg Oceanic FIR,33.0444,106.6466
Johannesburg Oceanic FIR,34.2682,106.6466
Johannesburg Oceanic FIR,35.4921,106.6466
Johannesburg Oceanic FIR,36.716,106.6466
Johannesburg Oceanic FIR,37.9398,106.6466
Johannesburg Oceanic FIR,39.1637,106.6466
Johannesburg Oceanic FIR,40.3876,106.6466
Johannesburg Oceanic FIR,41.6114,106.6466
Johannesburg Oceanic FIR,42.8353,106.6466
Johannesburg Oceanic FIR,44.0592,106.6466
Johannesburg Oceanic FIR,45.283,106.6466
Johannesburg Oceanic FIR,46.5069,106.6466
Johannesburg Oceanic FIR,47.7307,106.6466
Johannesburg Oceanic FIR,48.9546,106.6466
Johannesburg Oceanic FIR,50.1785,106.6466
Johannesburg Oceanic FIR,51.4023,106.6466
Johannesburg Oceanic FIR,52.6262,106.6466
Johannesburg Oceanic FIR,53.8501,106.6466
Johannesburg Oceanic FIR,55.0739,106.6466
Johannesburg Oceanic FIR,56.2978,106.6466
Johannesburg Oceanic FIR,57.5217,106.6466
Johannesburg Oceanic FIR,58.7455,106.6466
Johannesburg Oceanic FIR,59.9694,106.6466
Johannesburg Oceanic FIR,61.1933,106.6466
Johannesburg Oceanic FIR,62.4171,106.6466
Johannesburg Oceanic FIR,63.641,106.6466
Johannesburg Oceanic FIR,64.8649,106.6466
Johannesburg Oceanic FIR,66.0887,106.6466
Johannesburg Oceanic FIR,67.3126,106.6466
Johannesburg Oceanic FIR,68.5365,106.6466
Johannesburg Oceanic FIR,69.7603,106.6466
Johannesburg Oceanic FIR,70.9842,106.6466
Johannesburg Oceanic FIR,72.2081,106.6466
Johannesburg Oceanic FIR,73.4319,106.6466
Johannesburg Oceanic FIR,74.6558,106.6466
Johannesburg Oceanic FIR,75.8797,106.6466
Johannesburg Oceanic FIR,77.1035,106.6466
Johannesburg Oceanic FIR,78.3274,106.6466
Johannesburg Oceanic FIR,79.5512,106.6466
Johannesburg Oceanic FIR,80.7751,106.6466
Johannesburg Oceanic FIR,81.999,106.6466
Johannesburg Oceanic FIR,83.2228,106.6466
Johannesburg Oceanic FIR,84.4467,106.6466
Johannesburg Oceanic FIR,85.6706,106.6466
Johannesburg Oceanic FIR,86.8944,106.6466
Johannesburg Oceanic FIR,88.1183,106.6466
Johannesburg Oceanic FIR,89.3422,106.6466
Johannesburg Oceanic FIR,90.566,106.6466
Johannesburg Oceanic FIR,91.7899,106.6466
Johannesburg Oceanic FIR,93.0138,106.6466
Johannesburg Oceanic FIR,94.2376,106.6466
Johannesburg Oceanic FIR,95.4615,106.6465
Johannesburg Oceanic FIR,96.6854,106.6427
Johannesburg Oceanic FIR,97.9092,106.5201
Johannesburg Oceanic FIR,99.1331,105.3139
Gaborone FIR,0.0,1.4305
Gaborone FIR,1.1357,53.7144
Gaborone FIR,2.2714,75.3653
Gaborone FIR,3.4071,88.2741
Gaborone FIR,4.5428,96.2859
Gaborone FIR,5.6785,101.4478
Gaborone FIR,6.8141,104.994
Gaborone FIR,7.9498,107.3271
Gaborone FIR,9.0855,108.7627
Gaborone FIR,10.2212,109.485
Gaborone FIR,11.3569,109.7527
Gaborone FIR,12.4926,109.8042
Gaborone FIR,13.6283,109.8058
Gaborone FIR,14.764,109.8058
Gaborone FIR,15.8997,109.8058
Gaborone FIR,17.0354,109.8058
Gaborone FIR,18.1711,109.8058
Gaborone FIR,19.3068,109.8058
Gaborone FIR,20.4424,109.8058
Gaborone FIR,21.5781,109.8058
Gaborone FIR,22.7138,109.8058
Gaborone FIR,23.8495,109.8058
Gaborone FIR,24.9852,109.8058
Gaborone FIR,26.1209,109.8058
Gaborone FIR,27.2566,109.8058
Gaborone FIR,28.3923,109.8058
Gaborone FIR,29.528,109.8058
Gaborone FIR,30.6637,109.8058
Gaborone FIR,31.7994,109.8058
Gaborone FIR,32.9351,109.8058
Gaborone FIR,34.0707,109.8058
Gaborone FIR,35.2064,109.8058
Gaborone FIR,36.3421,109.8058
Gaborone FIR,37.4778,109.8058
Gaborone FIR,38.6135,109.8058
Gaborone FIR,39.7492,109.8058
Gaborone FIR,40.8849,109.8058
Gaborone FIR,42.0206,109.8058
Gaborone FIR,43.1563,109.8058
Gaborone FIR,44.292,109.8058
Gaborone FIR,45.4277,109.8058
Gaborone FIR,46.5634,109.8058
Gaborone FIR,47.699,109.8058
Gaborone FIR,48.8347,109.8058
Gaborone FIR,49.9704,109.8058
Gaborone FIR,51.1061,109.8058
Gaborone FIR,52.2418,109.8058
Gaborone FIR,53.3775,109.8058
Gaborone FIR,54.5132,109.8058
Gaborone FIR,55.6489,109.8058
Gaborone FIR,56.7846,109.8058
Gaborone FIR,57.9203,109.8058
Gaborone FIR,59.056,109.8058
Gaborone FIR,60.1916,109.8058
Gaborone FIR,61.3273,109.8058
Gaborone FIR,62.463,109.8058
Gaborone FIR,63.5987,109.8058
Gaborone FIR,64.7344,109.8058
Gaborone FIR,65.8701,109.8058
Gaborone FIR,67.0058,109.8058
Gaborone FIR,68.1415,109.8058
Gaborone FIR,69.2772,109.8058
Gaborone FIR,70.4129,109.8058
Gaborone FIR,71.5486,109.8058
Gaborone FIR,72.6843,109.8058
Gaborone FIR,73.8199,109.8058
Gaborone FIR,74.9556,109.8058
Gaborone FIR,76.0913,109.8058
Gaborone FIR,77.227,109.8058
Gaborone FIR,78.3627,109.8058
Gaborone FIR,79.4984,109.8058
Gaborone FIR,80.6341,109.8058
Gaborone FIR,81.7698,109.8058
Gaborone FIR,82.9055,109.8058
Gaborone FIR,84.0412,109.8058
Gaborone FIR,85.1769,109.8058
Gaborone FIR,86.3126,109.8058
Gaborone FIR,87.4482,109.8058
Gaborone FIR,88.5839,109.8058
Gaborone FIR,89.7196,109.8058
Gaborone FIR,90.8553,109.8058
Gaborone FIR,91.991,109.8058
Gaborone FIR,93.1267,109.8058
Gaborone FIR,94.2624,109.8058
Gaborone FIR,95.3981,109.8058
Gaborone FIR,96.5338,109.7988
Gaborone FIR,97.6695,109.6653
Gaborone FIR,98.8052,108.6404
Gaborone FIR,99.9408,101.5885
Brazzaville FIR,0.0,0.3348
Brazzaville FIR,1.1116,15.8544
Brazzaville FIR,2.2233,25.9669
Brazzaville FIR,3.3349,34.3383
Brazzaville FIR,4.4465,41.462
Brazzaville FIR,5.5581,47.6021
Brazzaville FIR,6.6698,52.9713
Brazzaville FIR,7.7814,57.759
Brazzaville FIR,8.893,62.0313
Brazzaville FIR,10.0046,65.9471
Brazzaville FIR,11.1163,69.4922
Brazzaville FIR,12.2279,72.6984
Brazzaville FIR,13.3395,75.6225
Brazzaville FIR,14.4511,78.2762
Brazzaville FIR,15.5628,80.7096
Brazzaville FIR,16.6744,82.9362
Brazzaville FIR,17.786,84.9867
Brazzaville FIR,18.8976,86.8715
Brazzaville FIR,20.0093,88.6188
Brazzaville FIR,21.1209,90.2286
Brazzaville FIR,22.2325,91.699
Brazzaville FIR,23.3441,93.0556
Brazzaville FIR,24.4558,94.2938
Brazzaville FIR,25.5674,95.4263
Brazzaville FIR,26.679,96.4635
Brazzaville FIR,27.7906,97.4154
Brazzaville FIR,28.9023,98.2942
Brazzaville FIR,30.0139,99.1002
Brazzaville FIR,31.1255,99.8328
Brazzaville FIR,32.2371,100.5051
Brazzaville FIR,33.3488,101.1192
Brazzaville FIR,34.4604,101.6814
Brazzaville FIR,35.572,102.1989
Brazzaville FIR,36.6836,102.6665
Brazzaville FIR,37.7953,103.0862
Brazzaville FIR,38.9069,103.4664
Brazzaville FIR,40.0185,103.8026
Brazzaville FIR,41.1302,104.1013
Brazzaville FIR,42.2418,104.3652
Brazzaville FIR,43.3534,104.6001
Brazzaville FIR,44.465,104.8104
Brazzaville FIR,45.5767,104.993
Brazzaville FIR,46.6883,105.1524
Brazzaville FIR,47.7999,105.2885
Brazzaville FIR,48.9115,105.4034
Brazzaville FIR,50.0232,105.4991
Brazzaville FIR,51.1348,105.5782
Brazzaville FIR,52.2464,105.6431
Brazzaville FIR,53.358,105.6956
Brazzaville FIR,54.4697,105.7359
Brazzaville FIR,55.5813,105.7653
Brazzaville FIR,56.6929,105.7857
Brazzaville FIR,57.8045,105.7989
Brazzaville FIR,58.9162,105.8062
Brazzaville FIR,60.0278,105.8094
Brazzaville FIR,61.1394,105.8102
Brazzaville FIR,62.251,105.8102
Brazzaville FIR,63.3627,105.8102
Brazzaville FIR,64.4743,105.8102
Brazzaville FIR,65.5859,105.8102
Brazzaville FIR,66.6975,105.8102
Brazzaville FIR,67.8092,105.8102
Brazzaville FIR,68.9208,105.8102
Brazzaville FIR,70.0324,105.8102
Brazzaville FIR,71.144,105.8102
Brazzaville FIR,72.2557,105.8102
Brazzaville FIR,73.3673,105.8102
Brazzaville FIR,74.4789,105.8102
Brazzaville FIR,75.5906,105.8102
Brazzaville FIR,76.7022,105.8102
Brazzaville FIR,77.8138,105.8102
Brazzaville FIR,78.9254,105.8102
Brazzaville FIR,80.0371,105.8102
Brazzaville FIR,81.1487,105.8102
Brazzaville FIR,82.2603,105.8102
Brazzaville FIR,83.3719,105.809
Brazzaville FIR,84.4836,105.805
Brazzaville FIR,85.5952,105.7954
Brazzaville FIR,86.7068,105.7761
Brazzaville FIR,87.8184,105.7437
Brazzaville FIR,88.9301,105.6946
Brazzaville FIR,90.0417,105.6231
Brazzaville FIR,91.1533,105.5233
Brazzaville FIR,92.2649,105.3811
Brazzaville FIR,93.3766,105.1881
Brazzaville FIR,94.4882,104.9291
Brazzaville FIR,95.5998,104.5814
Brazzaville FIR,96.7114,104.1023
Brazzaville FIR,97.8231,103.4302
Brazzaville FIR,98.9347,102.3897
Mauritius FIR,0.0,0.7843
Mauritius FIR,1.1152,26.6336
Mauritius FIR,2.2305,40.6987
Mauritius FIR,3.3457,51.5149
Mauritius FIR,4.461,60.384
Mauritius FIR,5.5762,67.8904
Mauritius FIR,6.6914,74.3798
Mauritius FIR,7.8067,80.1012
Mauritius FIR,8.9219,85.1322
Mauritius FIR,10.0372,89.4621
Mauritius FIR,11.1524,93.1795
Mauritius FIR,12.2677,96.3727
Mauritius FIR,13.3829,99.1507
Mauritius FIR,14.4981,101.5439
Mauritius FIR,15.6134,103.5671
Mauritius FIR,16.7286,105.339
Mauritius FIR,17.8439,106.8586
Mauritius FIR,18.9591,108.1049
Mauritius FIR,20.0743,109.129
Mauritius FIR,21.1896,109.9613
Mauritius FIR,22.3048,110.5917
Mauritius FIR,23.4201,111.0708
Mauritius FIR,24.5353,111.4283
Mauritius FIR,25.6506,111.6776
Mauritius FIR,26.7658,111.8416
Mauritius FIR,27.881,111.9289
Mauritius FIR,28.9963,111.9652
Mauritius FIR,30.1115,111.9761
Mauritius FIR,31.2268,111.9777
Mauritius FIR,32.342,111.9778
Mauritius FIR,33.4572,111.9778
Mauritius FIR,34.5725,111.9778
Mauritius FIR,35.6877,111.9778
Mauritius FIR,36.803,111.9778
Mauritius FIR,37.9182,111.9778
Mauritius FIR,39.0335,111.9778
Mauritius FIR,40.1487,111.9778
Mauritius FIR,41.2639,111.9778
Mauritius FIR,42.3792,111.9778
Mauritius FIR,43.4944,111.9778
Mauritius FIR,44.6097,111.9778
Mauritius FIR,45.7249,111.9778
Mauritius FIR,46.8401,111.9778
Mauritius FIR,47.9554,111.9778
Mauritius FIR,49.0706,111.9778
Mauritius FIR,50.1859,111.9778
Mauritius FIR,51.3011,111.9778
Mauritius FIR,52.4164,111.9778
Mauritius FIR,53.5316,111.9778
Mauritius FIR,54.6468,111.9778
Mauritius FIR,55.7621,111.9778
Mauritius FIR,56.8773,111.9778
Mauritius FIR,57.9926,111.9778
Mauritius FIR,59.1078,111.9778
Mauritius FIR,60.223,111.9778
Mauritius FIR,61.3383,111.9778
Mauritius FIR,62.4535,111.9778
Mauritius FIR,63.5688,111.9778
Mauritius FIR,64.684,111.9778
Mauritius FIR,65.7993,111.9778
Mauritius FIR,66.9145,111.9778
Mauritius FIR,68.0297,111.9778
Mauritius FIR,69.145,111.9778
Mauritius FIR,70.2602,111.9778
Mauritius FIR,71.3755,111.9778
Mauritius FIR,72.4907,111.9778
Mauritius FIR,73.6059,111.9778
Mauritius FIR,74.7212,111.9778
Mauritius FIR,75.8364,111.9778
Mauritius FIR,76.9517,111.9778
Mauritius FIR,78.0669,111.9778
Mauritius FIR,79.1822,111.9778
Mauritius FIR,80.2974,111.9778
Mauritius FIR,81.4126,111.9778
Mauritius FIR,82.5279,111.9778
Mauritius FIR,83.6431,111.9778
Mauritius FIR,84.7584,111.9778
Mauritius FIR,85.8736,111.9778
Mauritius FIR,86.9888,111.9778
Mauritius FIR,88.1041,111.9778
Mauritius FIR,89.2193,111.9778
Mauritius FIR,90.3346,111.9778
Mauritius FIR,91.4498,111.9761
Mauritius FIR,92.5651,111.9587
Mauritius FIR,93.6803,111.8897
Mauritius FIR,94.7955,111.6812
Mauritius FIR,95.9108,111.2144
Mauritius FIR,97.026,110.3062
Mauritius FIR,98.1413,108.6825
Mauritius FIR,99.2565,105.3272
Lusaka FIR,0.0,1.0702
Lusaka FIR,1.1307,40.7111
Lusaka FIR,2.2615,60.8983
Lusaka FIR,3.3922,74.4595
Lusaka FIR,4.523,84.5584
Lusaka FIR,5.6537,92.3952
Lusaka FIR,6.7845,98.4877
Lusaka FIR,7.9152,103.1892
Lusaka FIR,9.0459,106.8266
Lusaka FIR,10.1767,109.6902
Lusaka FIR,11.3074,111.9856
Lusaka FIR,12.4382,113.7725
Lusaka FIR,13.5689,115.1518
Lusaka FIR,14.6996,116.2095
Lusaka FIR,15.8304,117.0121
Lusaka FIR,16.9611,117.5768
Lusaka FIR,18.0919,117.9612
Lusaka FIR,19.2226,118.1927
Lusaka FIR,20.3534,118.3237
Lusaka FIR,21.4841,118.3847
Lusaka FIR,22.6148,118.4054
Lusaka FIR,23.7456,118.4088
Lusaka FIR,24.8763,118.4089
Lusaka FIR,26.0071,118.4089
Lusaka FIR,27.1378,118.4089
Lusaka FIR,28.2686,118.4089
Lusaka FIR,29.3993,118.4089
Lusaka FIR,30.53,118.4089
Lusaka FIR,31.6608,118.4089
Lusaka FIR,32.7915,118.4089
Lusaka FIR,33.9223,118.4089
Lusaka FIR,35.053,118.4089
Lusaka FIR,36.1837,118.4089
Lusaka FIR,37.3145,118.4089
Lusaka FIR,38.4452,118.4089
Lusaka FIR,39.576,118.4089
Lusaka FIR,40.7067,118.4089
Lusaka FIR,41.8375,118.4089
Lusaka FIR,42.9682,118.4089
Lusaka FIR,44.0989,118.4089
Lusaka FIR,45.2297,118.4089
Lusaka FIR,46.3604,118.4089
Lusaka FIR,47.4912,118.4089
Lusaka FIR,48.6219,118.4089
Lusaka FIR,49.7527,118.4089
Lusaka FIR,50.8834,118.4089
Lusaka FIR,52.0141,118.4089
Lusaka FIR,53.1449,118.4089
Lusaka FIR,54.2756,118.4089
Lusaka FIR,55.4064,118.4089
Lusaka FIR,56.5371,118.4089
Lusaka FIR,57.6678,118.4089
Lusaka FIR,58.7986,118.4089
Lusaka FIR,59.9293,118.4089
Lusaka FIR,61.0601,118.4089
Lusaka FIR,62.1908,118.4089
Lusaka FIR,63.3216,118.4089
Lusaka FIR,64.4523,118.4089
Lusaka FIR,65.583,118.4089
Lusaka FIR,66.7138,118.4089
Lusaka FIR,67.8445,118.4089
Lusaka FIR,68.9753,118.4089
Lusaka FIR,70.106,118.4089
Lusaka FIR,71.2367,118.4089
Lusaka FIR,72.3675,118.4089
Lusaka FIR,73.4982,118.4089
Lusaka FIR,74.629,118.4089
Lusaka FIR,75.7597,118.4089
Lusaka FIR,76.8905,118.4089
Lusaka FIR,78.0212,118.4089
Lusaka FIR,79.1519,118.4089
Lusaka FIR,80.2827,118.4089
Lusaka FIR,81.4134,118.4089
Lusaka FIR,82.5442,118.4089
Lusaka FIR,83.6749,118.4089
Lusaka FIR,84.8057,118.4089
Lusaka FIR,85.9364,118.4089
Lusaka FIR,87.0671,118.4089
Lusaka FIR,88.1979,118.4089
Lusaka FIR,89.3286,118.4089
Lusaka FIR,90.4594,118.4084
Lusaka FIR,91.5901,118.3956
Lusaka FIR,92.7208,118.3382
Lusaka FIR,93.8516,118.1757
Lusaka FIR,94.9823,117.8337
Lusaka FIR,96.1131,117.1757
Lusaka FIR,97.2438,115.789
Lusaka FIR,98.3746,113.0796
Lusaka FIR,99.5053,106.6765
Antananarivo FIR,0.0,3.0581
Antananarivo FIR,1.1169,53.1859
Antananarivo FIR,2.2339,80.0927
Antananarivo FIR,3.3508,98.5655
Antananarivo FIR,4.4677,112.018
Antananarivo FIR,5.5846,122.2785
Antananarivo FIR,6.7016,130.4389
Antananarivo FIR,7.8185,136.6335
Antananarivo FIR,8.9354,141.3188
Antananarivo FIR,10.0524,144.9414
Antananarivo FIR,11.1693,147.6392
Antananarivo FIR,12.2862,149.5599
Antananarivo FIR,13.4031,150.8982
Antananarivo FIR,14.5201,151.7475
Antananarivo FIR,15.637,152.2766
Antananarivo FIR,16.7539,152.5761
Antananarivo FIR,17.8709,152.7054
Antananarivo FIR,18.9878,152.736
Antananarivo FIR,20.1047,152.7368
Antananarivo FIR,21.2216,152.7368
Antananarivo FIR,22.3386,152.7368
Antananarivo FIR,23.4555,152.7368
Antananarivo FIR,24.5724,152.7368
Antananarivo FIR,25.6894,152.7368
Antananarivo FIR,26.8063,152.7368
Antananarivo FIR,27.9232,152.7368
Antananarivo FIR,29.0401,152.7368
Antananarivo FIR,30.1571,152.7368
Antananarivo FIR,31.274,152.7368
Antananarivo FIR,32.3909,152.7368
Antananarivo FIR,33.5079,152.7368
Antananarivo FIR,34.6248,152.7368
Antananarivo FIR,35.7417,152.7368
Antananarivo FIR,36.8586,152.7368
Antananarivo FIR,37.9756,152.7368
Antananarivo FIR,39.0925,152.7368
Antananarivo FIR,40.2094,152.7368
Antananarivo FIR,41.3264,152.7368
Antananarivo FIR,42.4433,152.7368
Antananarivo FIR,43.5602,152.7368
Antananarivo FIR,44.6771,152.7368
Antananarivo FIR,45.7941,152.7368
Antananarivo FIR,46.911,152.7368
Antananarivo FIR,48.0279,152.7368
Antananarivo FIR,49.1449,152.7368
Antananarivo FIR,50.2618,152.7368
Antananarivo FIR,51.3787,152.7368
Antananarivo FIR,52.4956,152.7368
Antananarivo FIR,53.6126,152.7368
Antananarivo FIR,54.7295,152.7368
Antananarivo FIR,55.8464,152.7368
Antananarivo FIR,56.9634,152.7368
Antananarivo FIR,58.0803,152.7368
Antananarivo FIR,59.1972,152.7368
Antananarivo FIR,60.3141,152.7368
Antananarivo FIR,61.4311,152.7368
Antananarivo FIR,62.548,152.7368
Antananarivo FIR,63.6649,152.7368
Antananarivo FIR,64.7818,152.7368
Antananarivo FIR,65.8988,152.7368
Antananarivo FIR,67.0157,152.7368
Antananarivo FIR,68.1326,152.7368
Antananarivo FIR,69.2496,152.7368
Antananarivo FIR,70.3665,152.7368
Antananarivo FIR,71.4834,152.7368
Antananarivo FIR,72.6003,152.7368
Antananarivo FIR,73.7173,152.7368
Antananarivo FIR,74.8342,152.7368
Antananarivo FIR,75.9511,152.7368
Antananarivo FIR,77.0681,152.7368
Antananarivo FIR,78.185,152.7368
Antananarivo FIR,79.3019,152.7368
Antananarivo FIR,80.4188,152.7368
Antananarivo FIR,81.5358,152.7368
Antananarivo FIR,82.6527,152.7368
Antananarivo FIR,83.7696,152.7368
Antananarivo FIR,84.8866,152.7368
Antananarivo FIR,86.0035,152.7368
Antananarivo FIR,87.1204,152.7368
Antananarivo FIR,88.2373,152.7368
Antananarivo FIR,89.3543,152.7361
Antananarivo FIR,90.4712,152.7183
Antananarivo FIR,91.5881,152.6281
Antananarivo FIR,92.7051,152.366
Antananarivo FIR,93.822,151.7344
Antananarivo FIR,94.9389,150.5361
Antananarivo FIR,96.0558,148.1936
Antananarivo FIR,97.1728,143.9124
Antananarivo FIR,98.2897,136.3476
Antananarivo FIR,99.4066,120.8832
Luanda FIR,0.0,0.4579
Luanda FIR,1.1118,18.4674
Luanda FIR,2.2235,29.6984
Luanda FIR,3.3353,38.7562
Luanda FIR,4.447,46.4521
Luanda FIR,5.5588,53.1568
Luanda FIR,6.6705,59.0876
Luanda FIR,7.7823,64.4164
Luanda FIR,8.894,69.2312
Luanda FIR,10.0058,73.5919
Luanda FIR,11.1175,77.5299
Luanda FIR,12.2293,81.0649
Luanda FIR,13.3411,84.2052
Luanda FIR,14.4528,87.0337
Luanda FIR,15.5646,89.5909
Luanda FIR,16.6763,91.8644
Luanda FIR,17.7881,93.9039
Luanda FIR,18.8998,95.7422
Luanda FIR,20.0116,97.3882
Luanda FIR,21.1233,98.8475
Luanda FIR,22.2351,100.1414
Luanda FIR,23.3468,101.2817
Luanda FIR,24.4586,102.2892
Luanda FIR,25.5704,103.1734
Luanda FIR,26.6821,103.9316
Luanda FIR,27.7939,104.5692
Luanda FIR,28.9056,105.0987
Luanda FIR,30.0174,105.5402
Luanda FIR,31.1291,105.8971
Luanda FIR,32.2409,106.1881
Luanda FIR,33.3526,106.4253
Luanda FIR,34.4644,106.618
Luanda FIR,35.5761,106.7598
Luanda FIR,36.6879,106.8644
Luanda FIR,37.7997,106.9401
Luanda FIR,38.9114,106.9895
Luanda FIR,40.0232,107.0189
Luanda FIR,41.1349,107.0355
Luanda FIR,42.2467,107.0433
Luanda FIR,43.3584,107.0449
Luanda FIR,44.4702,107.045
Luanda FIR,45.5819,107.045
Luanda FIR,46.6937,107.045
Luanda FIR,47.8054,107.045
Luanda FIR,48.9172,107.045
Luanda FIR,50.029,107.045
Luanda FIR,51.1407,107.045
Luanda FIR,52.2525,107.045
Luanda FIR,53.3642,107.045
Luanda FIR,54.476,107.045
Luanda FIR,55.5877,107.045
Luanda FIR,56.6995,107.045
Luanda FIR,57.8112,107.045
Luanda FIR,58.923,107.045
Luanda FIR,60.0347,107.045
Luanda FIR,61.1465,107.045
Luanda FIR,62.2583,107.045
Luanda FIR,63.37,107.045
Luanda FIR,64.4818,107.045
Luanda FIR,65.5935,107.045
Luanda FIR,66.7053,107.045
Luanda FIR,67.817,107.045
Luanda FIR,68.9288,107.045
Luanda FIR,70.0405,107.045
Luanda FIR,71.1523,107.045
Luanda FIR,72.264,107.045
Luanda FIR,73.3758,107.045
Luanda FIR,74.4876,107.045
Luanda FIR,75.5993,107.045
Luanda FIR,76.7111,107.045
Luanda FIR,77.8228,107.045
Luanda FIR,78.9346,107.045
Luanda FIR,80.0463,107.045
Luanda FIR,81.1581,107.045
Luanda FIR,82.2698,107.045
Luanda FIR,83.3816,107.045
Luanda FIR,84.4933,107.045
Luanda FIR,85.6051,107.045
Luanda FIR,86.7169,107.0448
Luanda FIR,87.8286,107.0425
Luanda FIR,88.9404,107.0312
Luanda FIR,90.0521,107.0018
Luanda FIR,91.1639,106.9394
Luanda FIR,92.2756,106.8268
Luanda FIR,93.3874,106.6435
Luanda FIR,94.4991,106.3649
Luanda FIR,95.6109,105.9644
Luanda FIR,96.7226,105.381
Luanda FIR,97.8344,104.4553
Luanda FIR,98.9461,102.9094
Beira FIR,0.0,1.8426
Beira FIR,1.1154,51.0196
Beira FIR,2.2307,72.8644
Beira FIR,3.3461,87.5324
Beira FIR,4.4615,98.1861
Beira FIR,5.5769,106.2498
Beira FIR,6.6922,112.4528
Beira FIR,7.8076,117.3463
Beira FIR,8.923,121.1737
Beira FIR,10.0383,123.9095
Beira FIR,11.1537,125.882
Beira FIR,12.2691,127.3183
Beira FIR,13.3845,128.3437
Beira FIR,14.4998,129.0667
Beira FIR,15.6152,129.556
Beira FIR,16.7306,129.8522
Beira FIR,17.8459,130.0117
Beira FIR,18.9613,130.0827
Beira FIR,20.0767,130.1055
Beira FIR,21.1921,130.1077
Beira FIR,22.3074,130.1077
Beira FIR,23.4228,130.1077
Beira FIR,24.5382,130.1077
Beira FIR,25.6535,130.1077
Beira FIR,26.7689,130.1077
Beira FIR,27.8843,130.1077
Beira FIR,28.9997,130.1077
Beira FIR,30.115,130.1077
Beira FIR,31.2304,130.1077
Beira FIR,32.3458,130.1077
Beira FIR,33.4611,130.1077
Beira FIR,34.5765,130.1077
Beira FIR,35.6919,130.1077
Beira FIR,36.8072,130.1077
Beira FIR,37.9226,130.1077
Beira FIR,39.038,130.1077
Beira FIR,40.1534,130.1077
Beira FIR,41.2687,130.1077
Beira FIR,42.3841,130.1077
Beira FIR,43.4995,130.1077
Beira FIR,44.6148,130.1077
Beira FIR,45.7302,130.1077
Beira FIR,46.8456,130.1077
Beira FIR,47.961,130.1077
Beira FIR,49.0763,130.1077
Beira FIR,50.1917,130.1077
Beira FIR,51.3071,130.1077
Beira FIR,52.4224,130.1077
Beira FIR,53.5378,130.1077
Beira FIR,54.6532,130.1077
Beira FIR,55.7686,130.1077
Beira FIR,56.8839,130.1077
Beira FIR,57.9993,130.1077
Beira FIR,59.1147,130.1077
Beira FIR,60.23,130.1077
Beira FIR,61.3454,130.1077
Beira FIR,62.4608,130.1077
Beira FIR,63.5762,130.1077
Beira FIR,64.6915,130.1077
Beira FIR,65.8069,130.1077
Beira FIR,66.9223,130.1077
Beira FIR,68.0376,130.1077
Beira FIR,69.153,130.1077
Beira FIR,70.2684,130.1077
Beira FIR,71.3838,130.1077
Beira FIR,72.4991,130.1077
Beira FIR,73.6145,130.1077
Beira FIR,74.7299,130.1077
Beira FIR,75.8452,130.1077
Beira FIR,76.9606,130.1077
Beira FIR,78.076,130.1077
Beira FIR,79.1914,130.1077
Beira FIR,80.3067,130.1077
Beira FIR,81.4221,130.1077
Beira FIR,82.5375,130.1077
Beira FIR,83.6528,130.1077
Beira FIR,84.7682,130.1077
Beira FIR,85.8836,130.1077
Beira FIR,86.999,130.1077
Beira FIR,88.1143,130.1077
Beira FIR,89.2297,130.1077
Beira FIR,90.3451,130.1077
Beira FIR,91.4604,130.1068
Beira FIR,92.5758,130.073
Beira FIR,93.6912,129.8674
Beira FIR,94.8066,129.2543
Beira FIR,95.9219,127.9554
Beira FIR,97.0373,125.6066
Beira FIR,98.1527,121.2865
Beira FIR,99.268,112.7152
Seychelles FIR,0.0,0.5973
Seychelles FIR,1.1136,28.8178
Seychelles FIR,2.2271,44.1713
Seychelles FIR,3.3407,55.7966
Seychelles FIR,4.4542,64.6839
Seychelles FIR,5.5678,71.8896
Seychelles FIR,6.6814,78.0878
Seychelles FIR,7.7949,83.3437
Seychelles FIR,8.9085,87.9226
Seychelles FIR,10.022,91.872
Seychelles FIR,11.1356,95.2898
Seychelles FIR,12.2492,98.2356
Seychelles FIR,13.3627,100.8077
Seychelles FIR,14.4763,103.0817
Seychelles FIR,15.5898,105.084
Seychelles FIR,16.7034,106.8079
Seychelles FIR,17.817,108.2911
Seychelles FIR,18.9305,109.5765
Seychelles FIR,20.0441,110.674
Seychelles FIR,21.1576,111.6165
Seychelles FIR,22.2712,112.4137
Seychelles FIR,23.3848,113.0906
Seychelles FIR,24.4983,113.6486
Seychelles FIR,25.6119,114.1113
Seychelles FIR,26.7254,114.4823
Seychelles FIR,27.839,114.7775
Seychelles FIR,28.9526,115.0066
Seychelles FIR,30.0661,115.1823
Seychelles FIR,31.1797,115.3092
Seychelles FIR,32.2932,115.3982
Seychelles FIR,33.4068,115.458
Seychelles FIR,34.5204,115.4942
Seychelles FIR,35.6339,115.5137
Seychelles FIR,36.7475,115.5224
Seychelles FIR,37.861,115.5247
Seychelles FIR,38.9746,115.5249
Seychelles FIR,40.0882,115.5249
Seychelles FIR,41.2017,115.5249
Seychelles FIR,42.3153,115.5249
Seychelles FIR,43.4288,115.5249
Seychelles FIR,44.5424,115.5249
Seychelles FIR,45.656,115.5249
Seychelles FIR,46.7695,115.5249
Seychelles FIR,47.8831,115.5249
Seychelles FIR,48.9966,115.5249
Seychelles FIR,50.1102,115.5249
Seychelles FIR,51.2238,115.5249
Seychelles FIR,52.3373,115.5249
Seychelles FIR,53.4509,115.5249
Seychelles FIR,54.5644,115.5249
Seychelles FIR,55.678,115.5249
Seychelles FIR,56.7916,115.5249
Seychelles FIR,57.9051,115.5249
Seychelles FIR,59.0187,115.5249
Seychelles FIR,60.1322,115.5249
Seychelles FIR,61.2458,115.5249
Seychelles FIR,62.3594,115.5249
Seychelles FIR,63.4729,115.5249
Seychelles FIR,64.5865,115.5249
Seychelles FIR,65.7,115.5249
Seychelles FIR,66.8136,115.5249
Seychelles FIR,67.9272,115.5249
Seychelles FIR,69.0407,115.5249
Seychelles FIR,70.1543,115.5249
Seychelles FIR,71.2678,115.5249
Seychelles FIR,72.3814,115.5249
Seychelles FIR,73.495,115.5249
Seychelles FIR,74.6085,115.5249
Seychelles FIR,75.7221,115.5249
Seychelles FIR,76.8356,115.5249
Seychelles FIR,77.9492,115.5249
Seychelles FIR,79.0628,115.5249
Seychelles FIR,80.1763,115.5249
Seychelles FIR,81.2899,115.5248
Seychelles FIR,82.4034,115.5237
Seychelles FIR,83.517,115.5183
Seychelles FIR,84.6306,115.5017
Seychelles FIR,85.7441,115.4644
Seychelles FIR,86.8577,115.3919
Seychelles FIR,87.9712,115.2582
Seychelles FIR,89.0848,115.0547
Seychelles FIR,90.1984,114.7697
Seychelles FIR,91.3119,114.3784
Seychelles FIR,92.4255,113.8544
Seychelles FIR,93.539,113.1326
Seychelles FIR,94.6526,112.1878
Seychelles FIR,95.7662,110.9542
Seychelles FIR,96.8797,109.3536
Seychelles FIR,97.9933,107.2504
Seychelles FIR,99.1068,104.3698
N'Djamena FIR,0.0,0.6983
N'Djamena FIR,1.113,26.9775
N'Djamena FIR,2.2261,41.1201
N'Djamena FIR,3.3391,51.7765
N'Djamena FIR,4.4522,60.0767
N'Djamena FIR,5.5652,66.6496
N'Djamena FIR,6.6783,72.0613
N'Djamena FIR,7.7913,76.4751
N'Djamena FIR,8.9043,80.1381
N'Djamena FIR,10.0174,83.2256
N'Djamena FIR,11.1304,85.8953
N'Djamena FIR,12.2435,88.1908
N'Djamena FIR,13.3565,90.1613
N'Djamena FIR,14.4696,91.8938
N'Djamena FIR,15.5826,93.4087
N'Djamena FIR,16.6957,94.7245
N'Djamena FIR,17.8087,95.8698
N'Djamena FIR,18.9217,96.8627
N'Djamena FIR,20.0348,97.7195
N'Djamena FIR,21.1478,98.4644
N'Djamena FIR,22.2609,99.1235
N'Djamena FIR,23.3739,99.69
N'Djamena FIR,24.487,100.1835
N'Djamena FIR,25.6,100.6078
N'Djamena FIR,26.713,100.9587
N'Djamena FIR,27.8261,101.255
N'Djamena FIR,28.9391,101.5009
N'Djamena FIR,30.0522,101.7055
N'Djamena FIR,31.1652,101.8687
N'Djamena FIR,32.2783,101.9974
N'Djamena FIR,33.3913,102.0996
N'Djamena FIR,34.5043,102.1791
N'Djamena FIR,35.6174,102.2408
N'Djamena FIR,36.7304,102.2856
N'Djamena FIR,37.8435,102.3173
N'Djamena FIR,38.9565,102.3387
N'Djamena FIR,40.0696,102.3521
N'Djamena FIR,41.1826,102.3595
N'Djamena FIR,42.2957,102.3631
N'Djamena FIR,43.4087,102.3642
N'Djamena FIR,44.5217,102.3644
N'Djamena FIR,45.6348,102.3644
N'Djamena FIR,46.7478,102.3644
N'Djamena FIR,47.8609,102.3644
N'Djamena FIR,48.9739,102.3644
N'Djamena FIR,50.087,102.3644
N'Djamena FIR,51.2,102.3644
N'Djamena FIR,52.313,102.3644
N'Djamena FIR,53.4261,102.3644
N'Djamena FIR,54.5391,102.3644
N'Djamena FIR,55.6522,102.3644
N'Djamena FIR,56.7652,102.3644
N'Djamena FIR,57.8783,102.3644
N'Djamena FIR,58.9913,102.3644
N'Djamena FIR,60.1043,102.3644
N'Djamena FIR,61.2174,102.3644
N'Djamena FIR,62.3304,102.3644
N'Djamena FIR,63.4435,102.3644
N'Djamena FIR,64.5565,102.3644
N'Djamena FIR,65.6696,102.3644
N'Djamena FIR,66.7826,102.3644
N'Djamena FIR,67.8957,102.3644
N'Djamena FIR,69.0087,102.3644
N'Djamena FIR,70.1217,102.3644
N'Djamena FIR,71.2348,102.3644
N'Djamena FIR,72.3478,102.3644
N'Djamena FIR,73.4609,102.3644
N'Djamena FIR,74.5739,102.3644
N'Djamena FIR,75.687,102.3644
N'Djamena FIR,76.8,102.3644
N'Djamena FIR,77.913,102.3644
N'Djamena FIR,79.0261,102.3644
N'Djamena FIR,80.1391,102.3644
N'Djamena FIR,81.2522,102.3644
N'Djamena FIR,82.3652,102.3644
N'Djamena FIR,83.4783,102.3644
N'Djamena FIR,84.5913,102.3644
N'Djamena FIR,85.7043,102.3644
N'Djamena FIR,86.8174,102.3644
N'Djamena FIR,87.9304,102.3644
N'Djamena FIR,89.0435,102.3644
N'Djamena FIR,90.1565,102.3644
N'Djamena FIR,91.2696,102.3644
N'Djamena FIR,92.3826,102.3643
N'Djamena FIR,93.4957,102.3635
N'Djamena FIR,94.6087,102.3576
N'Djamena FIR,95.7217,102.3346
N'Djamena FIR,96.8348,102.259
N'Djamena FIR,97.9478,102.0382
N'Djamena FIR,99.0609,101.5161
Harare FIR,0.0,2.2478
Harare FIR,1.1295,59.9944
Harare FIR,2.2591,81.7095
Harare FIR,3.3886,94.1574
Harare FIR,4.5182,102.2153
Harare FIR,5.6477,107.7048
Harare FIR,6.7773,111.2781
Harare FIR,7.9068,113.4048
Harare FIR,9.0364,114.6438
Harare FIR,10.1659,115.3463
Harare FIR,11.2954,115.7015
Harare FIR,12.425,115.8442
Harare FIR,13.5545,115.8808
Harare FIR,14.6841,115.8821
Harare FIR,15.8136,115.8821
Harare FIR,16.9432,115.8821
Harare FIR,18.0727,115.8821
Harare FIR,19.2023,115.8821
Harare FIR,20.3318,115.8821
Harare FIR,21.4613,115.8821
Harare FIR,22.5909,115.8821
Harare FIR,23.7204,115.8821
Harare FIR,24.85,115.8821
Harare FIR,25.9795,115.8821
Harare FIR,27.1091,115.8821
Harare FIR,28.2386,115.8821
Harare FIR,29.3682,115.8821
Harare FIR,30.4977,115.8821
Harare FIR,31.6273,115.8821
Harare FIR,32.7568,115.8821
Harare FIR,33.8863,115.8821
Harare FIR,35.0159,115.8821
Harare FIR,36.1454,115.8821
Harare FIR,37.275,115.8821
Harare FIR,38.4045,115.8821
Harare FIR,39.5341,115.8821
Harare FIR,40.6636,115.8821
Harare FIR,41.7932,115.8821
Harare FIR,42.9227,115.8821
Harare FIR,44.0522,115.8821
Harare FIR,45.1818,115.8821
Harare FIR,46.3113,115.8821
Harare FIR,47.4409,115.8821
Harare FIR,48.5704,115.8821
Harare FIR,49.7,115.8821
Harare FIR,50.8295,115.8821
Harare FIR,51.9591,115.8821
Harare FIR,53.0886,115.8821
Harare FIR,54.2181,115.8821
Harare FIR,55.3477,115.8821
Harare FIR,56.4772,115.8821
Harare FIR,57.6068,115.8821
Harare FIR,58.7363,115.8821
Harare FIR,59.8659,115.8821
Harare FIR,60.9954,115.8821
Harare FIR,62.125,115.8821
Harare FIR,63.2545,115.8821
Harare FIR,64.384,115.8821
Harare FIR,65.5136,115.8821
Harare FIR,66.6431,115.8821
Harare FIR,67.7727,115.8821
Harare FIR,68.9022,115.8821
Harare FIR,70.0318,115.8821
Harare FIR,71.1613,115.8821
Harare FIR,72.2909,115.8821
Harare FIR,73.4204,115.8821
Harare FIR,74.5499,115.8821
Harare FIR,75.6795,115.8821
Harare FIR,76.809,115.8821
Harare FIR,77.9386,115.8821
Harare FIR,79.0681,115.8821
Harare FIR,80.1977,115.8821
Harare FIR,81.3272,115.8821
Harare FIR,82.4568,115.8821
Harare FIR,83.5863,115.8821
Harare FIR,84.7158,115.8821
Harare FIR,85.8454,115.8821
Harare FIR,86.9749,115.8821
Harare FIR,88.1045,115.8821
Harare FIR,89.234,115.8821
Harare FIR,90.3636,115.8821
Harare FIR,91.4931,115.8821
Harare FIR,92.6227,115.8821
Harare FIR,93.7522,115.8821
Harare FIR,94.8818,115.8821
Harare FIR,96.0113,115.8813
Harare FIR,97.1408,115.794
Harare FIR,98.2704,115.0567
Harare FIR,99.3999,110.8131
Lilongwe FIR,0.0,1.7604
Lilongwe FIR,1.1631,64.3714
Lilongwe FIR,2.3261,94.5629
Lilongwe FIR,3.4892,114.6125
Lilongwe FIR,4.6523,129.0019
Lilongwe FIR,5.8154,139.3982
Lilongwe FIR,6.9784,147.0749
Lilongwe FIR,8.1415,152.5221
Lilongwe FIR,9.3046,156.4575
Lilongwe FIR,10.4677,159.189
Lilongwe FIR,11.6307,160.9202
Lilongwe FIR,12.7938,162.0297
Lilongwe FIR,13.9569,162.707
Lilongwe FIR,15.1199,163.0796
Lilongwe FIR,16.283,163.2521
Lilongwe FIR,17.4461,163.322
Lilongwe FIR,18.6092,163.3355
Lilongwe FIR,19.7722,163.3358
Lilongwe FIR,20.9353,163.3358
Lilongwe FIR,22.0984,163.3358
Lilongwe FIR,23.2614,163.3358
Lilongwe FIR,24.4245,163.3358
Lilongwe FIR,25.5876,163.3358
Lilongwe FIR,26.7507,163.3358
Lilongwe FIR,27.9137,163.3358
Lilongwe FIR,29.0768,163.3358
Lilongwe FIR,30.2399,163.3358
Lilongwe FIR,31.403,163.3358
Lilongwe FIR,32.566,163.3358
Lilongwe FIR,33.7291,163.3358
Lilongwe FIR,34.8922,163.3358
Lilongwe FIR,36.0552,163.3358
Lilongwe FIR,37.2183,163.3358
Lilongwe FIR,38.3814,163.3358
Lilongwe FIR,39.5445,163.3358
Lilongwe FIR,40.7075,163.3358
Lilongwe FIR,41.8706,163.3358
Lilongwe FIR,43.0337,163.3358
Lilongwe FIR,44.1968,163.3358
Lilongwe FIR,45.3598,163.3358
Lilongwe FIR,46.5229,163.3358
Lilongwe FIR,47.686,163.3358
Lilongwe FIR,48.849,163.3358
Lilongwe FIR,50.0121,163.3358
Lilongwe FIR,51.1752,163.3358
Lilongwe FIR,52.3383,163.3358
Lilongwe FIR,53.5013,163.3358
Lilongwe FIR,54.6644,163.3358
Lilongwe FIR,55.8275,163.3358
Lilongwe FIR,56.9906,163.3358
Lilongwe FIR,58.1536,163.3358
Lilongwe FIR,59.3167,163.3358
Lilongwe FIR,60.4798,163.3358
Lilongwe FIR,61.6428,163.3358
Lilongwe FIR,62.8059,163.3358
Lilongwe FIR,63.969,163.3358
Lilongwe FIR,65.1321,163.3358
Lilongwe FIR,66.2951,163.3358
Lilongwe FIR,67.4582,163.3358
Lilongwe FIR,68.6213,163.3358
Lilongwe FIR,69.7843,163.3358
Lilongwe FIR,70.9474,163.3358
Lilongwe FIR,72.1105,163.3358
Lilongwe FIR,73.2736,163.3358
Lilongwe FIR,74.4366,163.3358
Lilongwe FIR,75.5997,163.3358
Lilongwe FIR,76.7628,163.3358
Lilongwe FIR,77.9259,163.3358
Lilongwe FIR,79.0889,163.3358
Lilongwe FIR,80.252,163.3358
Lilongwe FIR,81.4151,163.3358
Lilongwe FIR,82.5781,163.3358
Lilongwe FIR,83.7412,163.3358
Lilongwe FIR,84.9043,163.3358
Lilongwe FIR,86.0674,163.3358
Lilongwe FIR,87.2304,163.3358
Lilongwe FIR,88.3935,163.3358
Lilongwe FIR,89.5566,163.3358
Lilongwe FIR,90.7197,163.3291
Lilongwe FIR,91.8827,163.229
Lilongwe FIR,93.0458,162.8229
Lilongwe FIR,94.2089,161.7293
Lilongwe FIR,95.3719,159.366
Lilongwe FIR,96.535,154.7723
Lilongwe FIR,97.6981,146.3028
Lilongwe FIR,98.8612,131.0689
Windhoek FIR,0.0,3.1545
Windhoek FIR,1.1366,60.6121
Windhoek FIR,2.2733,82.1267
Windhoek FIR,3.4099,94.4402
Windhoek FIR,4.5465,102.0232
Windhoek FIR,5.6832,106.3368
Windhoek FIR,6.8198,108.8245
Windhoek FIR,7.9564,110.0722
Windhoek FIR,9.0931,110.6649
Windhoek FIR,10.2297,110.8356
Windhoek FIR,11.3663,110.8446
Windhoek FIR,12.503,110.8446
Windhoek FIR,13.6396,110.8446
Windhoek FIR,14.7762,110.8446
Windhoek FIR,15.9129,110.8446
Windhoek FIR,17.0495,110.8446
Windhoek FIR,18.1861,110.8446
Windhoek FIR,19.3228,110.8446
Windhoek FIR,20.4594,110.8446
Windhoek FIR,21.596,110.8446
Windhoek FIR,22.7327,110.8446
Windhoek FIR,23.8693,110.8446
Windhoek FIR,25.0059,110.8446
Windhoek FIR,26.1426,110.8446
Windhoek FIR,27.2792,110.8446
Windhoek FIR,28.4158,110.8446
Windhoek FIR,29.5525,110.8446
Windhoek FIR,30.6891,110.8446
Windhoek FIR,31.8257,110.8446
Windhoek FIR,32.9623,110.8446
Windhoek FIR,34.099,110.8446
Windhoek FIR,35.2356,110.8446
Windhoek FIR,36.3722,110.8446
Windhoek FIR,37.5089,110.8446
Windhoek FIR,38.6455,110.8446
Windhoek FIR,39.7821,110.8446
Windhoek FIR,40.9188,110.8446
Windhoek FIR,42.0554,110.8446
Windhoek FIR,43.192,110.8446
Windhoek FIR,44.3287,110.8446
Windhoek FIR,45.4653,110.8446
Windhoek FIR,46.6019,110.8446
Windhoek FIR,47.7386,110.8446
Windhoek FIR,48.8752,110.8446
Windhoek FIR,50.0118,110.8446
Windhoek FIR,51.1485,110.8446
Windhoek FIR,52.2851,110.8446
Windhoek FIR,53.4217,110.8446
Windhoek FIR,54.5584,110.8446
Windhoek FIR,55.695,110.8446
Windhoek FIR,56.8316,110.8446
Windhoek FIR,57.9683,110.8446
Windhoek FIR,59.1049,110.8446
Windhoek FIR,60.2415,110.8446
Windhoek FIR,61.3782,110.8446
Windhoek FIR,62.5148,110.8446
Windhoek FIR,63.6514,110.8446
Windhoek FIR,64.7881,110.8446
Windhoek FIR,65.9247,110.8446
Windhoek FIR,67.0613,110.8446
Windhoek FIR,68.198,110.8446
Windhoek FIR,69.3346,110.8446
Windhoek FIR,70.4712,110.8446
Windhoek FIR,71.6079,110.8446
Windhoek FIR,72.7445,110.8446
Windhoek FIR,73.8811,110.8446
Windhoek FIR,75.0178,110.8446
Windhoek FIR,76.1544,110.8446
Windhoek FIR,77.291,110.8446
Windhoek FIR,78.4277,110.8446
Windhoek FIR,79.5643,110.8446
Windhoek FIR,80.7009,110.8446
Windhoek FIR,81.8376,110.8446
Windhoek FIR,82.9742,110.8446
Windhoek FIR,84.1108,110.8446
Windhoek FIR,85.2475,110.8446
Windhoek FIR,86.3841,110.8446
Windhoek FIR,87.5207,110.8446
Windhoek FIR,88.6574,110.8446
Windhoek FIR,89.794,110.8446
Windhoek FIR,90.9306,110.8446
Windhoek FIR,92.0673,110.8446
Windhoek FIR,93.2039,110.8446
Windhoek FIR,94.3405,110.8446
Windhoek FIR,95.4771,110.8446
Windhoek FIR,96.6138,110.8419
Windhoek FIR,97.7504,110.7318
Windhoek FIR,98.887,109.8118
Kinshasa FIR,0.0,0.4754
Kinshasa FIR,1.112,19.3173
Kinshasa FIR,2.224,30.6733
Kinshasa FIR,3.336,39.7473
Kinshasa FIR,4.448,47.4011
Kinshasa FIR,5.5601,54.0748
Kinshasa FIR,6.6721,59.768
Kinshasa FIR,7.7841,64.7463
Kinshasa FIR,8.8961,69.175
Kinshasa FIR,10.0081,73.1582
Kinshasa FIR,11.1201,76.7033
Kinshasa FIR,12.2321,79.9219
Kinshasa FIR,13.3441,82.8547
Kinshasa FIR,14.4562,85.5364
Kinshasa FIR,15.5682,87.9883
Kinshasa FIR,16.6802,90.2158
Kinshasa FIR,17.7922,92.24
Kinshasa FIR,18.9042,94.0896
Kinshasa FIR,20.0162,95.7706
Kinshasa FIR,21.1282,97.2908
Kinshasa FIR,22.2402,98.6834
Kinshasa FIR,23.3523,99.9434
Kinshasa FIR,24.4643,101.0898
Kinshasa FIR,25.5763,102.1305
Kinshasa FIR,26.6883,103.053
Kinshasa FIR,27.8003,103.9022
Kinshasa FIR,28.9123,104.672
Kinshasa FIR,30.0243,105.3587
Kinshasa FIR,31.1363,105.9632
Kinshasa FIR,32.2483,106.5036
Kinshasa FIR,33.3604,106.9904
Kinshasa FIR,34.4724,107.4144
Kinshasa FIR,35.5844,107.7849
Kinshasa FIR,36.6964,108.1025
Kinshasa FIR,37.8084,108.374
Kinshasa FIR,38.9204,108.6042
Kinshasa FIR,40.0324,108.797
Kinshasa FIR,41.1444,108.9572
Kinshasa FIR,42.2565,109.0926
Kinshasa FIR,43.3685,109.2039
Kinshasa FIR,44.4805,109.2927
Kinshasa FIR,45.5925,109.3606
Kinshasa FIR,46.7045,109.4115
Kinshasa FIR,47.8165,109.4481
Kinshasa FIR,48.9285,109.4724
Kinshasa FIR,50.0405,109.4884
Kinshasa FIR,51.1526,109.4973
Kinshasa FIR,52.2646,109.5011
Kinshasa FIR,53.3766,109.5021
Kinshasa FIR,54.4886,109.5021
Kinshasa FIR,55.6006,109.5021
Kinshasa FIR,56.7126,109.5021
Kinshasa FIR,57.8246,109.5021
Kinshasa FIR,58.9366,109.5021
Kinshasa FIR,60.0487,109.5021
Kinshasa FIR,61.1607,109.5021
Kinshasa FIR,62.2727,109.5021
Kinshasa FIR,63.3847,109.5021
Kinshasa FIR,64.4967,109.5021
Kinshasa FIR,65.6087,109.5021
Kinshasa FIR,66.7207,109.5021
Kinshasa FIR,67.8327,109.5021
Kinshasa FIR,68.9447,109.5021
Kinshasa FIR,70.0568,109.5021
Kinshasa FIR,71.1688,109.5021
Kinshasa FIR,72.2808,109.5021
Kinshasa FIR,73.3928,109.5021
Kinshasa FIR,74.5048,109.5021
Kinshasa FIR,75.6168,109.5021
Kinshasa FIR,76.7288,109.5021
Kinshasa FIR,77.8408,109.5021
Kinshasa FIR,78.9529,109.5021
Kinshasa FIR,80.0649,109.502
Kinshasa FIR,81.1769,109.5004
Kinshasa FIR,82.2889,109.4943
Kinshasa FIR,83.4009,109.4819
Kinshasa FIR,84.5129,109.459
Kinshasa FIR,85.6249,109.4191
Kinshasa FIR,86.7369,109.3534
Kinshasa FIR,87.849,109.2587
Kinshasa FIR,88.961,109.124
Kinshasa FIR,90.073,108.9398
Kinshasa FIR,91.185,108.6893
Kinshasa FIR,92.297,108.3604
Kinshasa FIR,93.409,107.9395
Kinshasa FIR,94.521,107.3979
Kinshasa FIR,95.633,106.7058
Kinshasa FIR,96.745,105.8084
Kinshasa FIR,97.8571,104.6238
Kinshasa FIR,98.9691,102.915
Canarias FIR,0.0,2.0642
Canarias FIR,1.1112,43.3214
Canarias FIR,2.2225,61.5675
Canarias FIR,3.3337,74.2379
Canarias FIR,4.445,83.5624
Canarias FIR,5.5562,90.8505
Canarias FIR,6.6674,96.4853
Canarias FIR,7.7787,100.8664
Canarias FIR,8.8899,104.3242
Canarias FIR,10.0012,107.1051
Canarias FIR,11.1124,109.2845
Canarias FIR,12.2236,111.0143
Canarias FIR,13.3349,112.3925
Canarias FIR,14.4461,113.4594
Canarias FIR,15.5574,114.2944
Canarias FIR,16.6686,114.9361
Canarias FIR,17.7798,115.4169
Canarias FIR,18.8911,115.7692
Canarias FIR,20.0023,116.0224
Canarias FIR,21.1136,116.1852
Canarias FIR,22.2248,116.2853
Canarias FIR,23.336,116.3398
Canarias FIR,24.4473,116.3657
Canarias FIR,25.5585,116.3756
Canarias FIR,26.6698,116.3774
Canarias FIR,27.781,116.3775
Canarias FIR,28.8922,116.3775
Canarias FIR,30.0035,116.3775
Canarias FIR,31.1147,116.3775
Canarias FIR,32.226,116.3775
Canarias FIR,33.3372,116.3775
Canarias FIR,34.4484,116.3775
Canarias FIR,35.5597,116.3775
Canarias FIR,36.6709,116.3775
Canarias FIR,37.7822,116.3775
Canarias FIR,38.8934,116.3775
Canarias FIR,40.0046,116.3775
Canarias FIR,41.1159,116.3775
Canarias FIR,42.2271,116.3775
Canarias FIR,43.3383,116.3775
Canarias FIR,44.4496,116.3775
Canarias FIR,45.5608,116.3775
Canarias FIR,46.6721,116.3775
Canarias FIR,47.7833,116.3775
Canarias FIR,48.8945,116.3775
Canarias FIR,50.0058,116.3775
Canarias FIR,51.117,116.3775
Canarias FIR,52.2283,116.3775
Canarias FIR,53.3395,116.3775
Canarias FIR,54.4507,116.3775
Canarias FIR,55.562,116.3775
Canarias FIR,56.6732,116.3775
Canarias FIR,57.7845,116.3775
Canarias FIR,58.8957,116.3775
Canarias FIR,60.0069,116.3775
Canarias FIR,61.1182,116.3775
Canarias FIR,62.2294,116.3775
Canarias FIR,63.3407,116.3775
Canarias FIR,64.4519,116.3775
Canarias FIR,65.5631,116.3775
Canarias FIR,66.6744,116.3775
Canarias FIR,67.7856,116.3775
Canarias FIR,68.8969,116.3775
Canarias FIR,70.0081,116.3775
Canarias FIR,71.1193,116.3775
Canarias FIR,72.2306,116.3775
Canarias FIR,73.3418,116.3775
Canarias FIR,74.4531,116.3775
Canarias FIR,75.5643,116.3775
Canarias FIR,76.6755,116.3775
Canarias FIR,77.7868,116.3775
Canarias FIR,78.898,116.3775
Canarias FIR,80.0093,116.3775
Canarias FIR,81.1205,116.3775
Canarias FIR,82.2317,116.3775
Canarias FIR,83.343,116.3775
Canarias FIR,84.4542,116.3775
Canarias FIR,85.5655,116.3775
Canarias FIR,86.6767,116.3775
Canarias FIR,87.7879,116.3774
Canarias FIR,88.8992,116.3764
Canarias FIR,90.0104,116.3699
Canarias FIR,91.1217,116.3481
Canarias FIR,92.2329,116.2928
Canarias FIR,93.3441,116.171
Canarias FIR,94.4554,115.9251
Canarias FIR,95.5666,115.4749
Canarias FIR,96.6779,114.6627
Canarias FIR,97.7891,113.0762
Canarias FIR,98.9003,110.0044
Roberts FIR,0.0,0.902
Roberts FIR,1.1614,31.5413
Roberts FIR,2.3228,48.3235
Roberts FIR,3.4842,60.3423
Roberts FIR,4.6455,69.811
Roberts FIR,5.8069,77.1757
Roberts FIR,6.9683,82.953
Roberts FIR,8.1297,87.6513
Roberts FIR,9.2911,91.3545
Roberts FIR,10.4525,94.3224
Roberts FIR,11.6138,96.7271
Roberts FIR,12.7752,98.6653
Roberts FIR,13.9366,100.1829
Roberts FIR,15.098,101.3841
Roberts FIR,16.2594,102.3281
Roberts FIR,17.4208,103.0389
Roberts FIR,18.5821,103.5663
Roberts FIR,19.7435,103.9482
Roberts FIR,20.9049,104.2087
Roberts FIR,22.0663,104.3717
Roberts FIR,23.2277,104.4629
Roberts FIR,24.3891,104.5101
Roberts FIR,25.5504,104.5305
Roberts FIR,26.7118,104.5348
Roberts FIR,27.8732,104.5349
Roberts FIR,29.0346,104.5349
Roberts FIR,30.196,104.5349
Roberts FIR,31.3574,104.5349
Roberts FIR,32.5188,104.5349
Roberts FIR,33.6801,104.5349
Roberts FIR,34.8415,104.5349
Roberts FIR,36.0029,104.5349
Roberts FIR,37.1643,104.5349
Roberts FIR,38.3257,104.5349
Roberts FIR,39.4871,104.5349
Roberts FIR,40.6484,104.5349
Roberts FIR,41.8098,104.5349
Roberts FIR,42.9712,104.5349
Roberts FIR,44.1326,104.5349
Roberts FIR,45.294,104.5349
Roberts FIR,46.4554,104.5349
Roberts FIR,47.6167,104.5349
Roberts FIR,48.7781,104.5349
Roberts FIR,49.9395,104.5349
Roberts FIR,51.1009,104.5349
Roberts FIR,52.2623,104.5349
Roberts FIR,53.4237,104.5349
Roberts FIR,54.585,104.5349
Roberts FIR,55.7464,104.5349
Roberts FIR,56.9078,104.5349
Roberts FIR,58.0692,104.5349
Roberts FIR,59.2306,104.5349
Roberts FIR,60.392,104.5349
Roberts FIR,61.5534,104.5349
Roberts FIR,62.7147,104.5349
Roberts FIR,63.8761,104.5349
Roberts FIR,65.0375,104.5349
Roberts FIR,66.1989,104.5349
Roberts FIR,67.3603,104.5349
Roberts FIR,68.5217,104.5349
Roberts FIR,69.683,104.5349
Roberts FIR,70.8444,104.5349
Roberts FIR,72.0058,104.5349
Roberts FIR,73.1672,104.5349
Roberts FIR,74.3286,104.5349
Roberts FIR,75.49,104.5349
Roberts FIR,76.6513,104.5349
Roberts FIR,77.8127,104.5349
Roberts FIR,78.9741,104.5349
Roberts FIR,80.1355,104.5349
Roberts FIR,81.2969,104.5349
Roberts FIR,82.4583,104.5349
Roberts FIR,83.6196,104.5349
Roberts FIR,84.781,104.5349
Roberts FIR,85.9424,104.5349
Roberts FIR,87.1038,104.5349
Roberts FIR,88.2652,104.5349
Roberts FIR,89.4266,104.5349
Roberts FIR,90.588,104.5349
Roberts FIR,91.7493,104.5349
Roberts FIR,92.9107,104.5349
Roberts FIR,94.0721,104.5349
Roberts FIR,95.2335,104.5323
Roberts FIR,96.3949,104.501
Roberts FIR,97.5563,104.3243
Roberts FIR,98.7176,103.7154
Roberts FIR,99.879,100.8922
Casablanca FIR,0.0,1.5326
Casablanca FIR,1.1112,56.6092
Casablanca FIR,2.2225,81.6539
Casablanca FIR,3.3337,97.0759
Casablanca FIR,4.445,107.702
Casablanca FIR,5.5562,115.3538
Casablanca FIR,6.6674,121.1076
Casablanca FIR,7.7787,125.565
Casablanca FIR,8.8899,129.1275
Casablanca FIR,10.0012,131.9378
Casablanca FIR,11.1124,134.151
Casablanca FIR,12.2236,135.9581
Casablanca FIR,13.3349,137.3834
Casablanca FIR,14.4461,138.5141
Casablanca FIR,15.5574,139.3865
Casablanca FIR,16.6686,140.0657
Casablanca FIR,17.7798,140.5951
Casablanca FIR,18.8911,140.9879
Casablanca FIR,20.0023,141.271
Casablanca FIR,21.1136,141.4804
Casablanca FIR,22.2248,141.6272
Casablanca FIR,23.336,141.7273
Casablanca FIR,24.4473,141.7906
Casablanca FIR,25.5585,141.8263
Casablanca FIR,26.6698,141.8452
Casablanca FIR,27.781,141.8535
Casablanca FIR,28.8922,141.8565
Casablanca FIR,30.0035,141.8572
Casablanca FIR,31.1147,141.8572
Casablanca FIR,32.226,141.8572
Casablanca FIR,33.3372,141.8572
Casablanca FIR,34.4484,141.8572
Casablanca FIR,35.5597,141.8572
Casablanca FIR,36.6709,141.8572
Casablanca FIR,37.7822,141.8572
Casablanca FIR,38.8934,141.8572
Casablanca FIR,40.0046,141.8572
Casablanca FIR,41.1159,141.8572
Casablanca FIR,42.2271,141.8572
Casablanca FIR,43.3383,141.8572
Casablanca FIR,44.4496,141.8572
Casablanca FIR,45.5608,141.8572
Casablanca FIR,46.6721,141.8572
Casablanca FIR,47.7833,141.8572
Casablanca FIR,48.8945,141.8572
Casablanca FIR,50.0058,141.8572
Casablanca FIR,51.117,141.8572
Casablanca FIR,52.2283,141.8572
Casablanca FIR,53.3395,141.8572
Casablanca FIR,54.4507,141.8572
Casablanca FIR,55.562,141.8572
Casablanca FIR,56.6732,141.8572
Casablanca FIR,57.7845,141.8572
Casablanca FIR,58.8957,141.8572
Casablanca FIR,60.0069,141.8572
Casablanca FIR,61.1182,141.8572
Casablanca FIR,62.2294,141.8572
Casablanca FIR,63.3407,141.8572
Casablanca FIR,64.4519,141.8572
Casablanca FIR,65.5631,141.8572
Casablanca FIR,66.6744,141.8572
Casablanca FIR,67.7856,141.8572
Casablanca FIR,68.8969,141.8572
Casablanca FIR,70.0081,141.8572
Casablanca FIR,71.1193,141.8572
Casablanca FIR,72.2306,141.8572
Casablanca FIR,73.3418,141.8572
Casablanca FIR,74.4531,141.8572
Casablanca FIR,75.5643,141.8572
Casablanca FIR,76.6755,141.8572
Casablanca FIR,77.7868,141.8572
Casablanca FIR,78.898,141.8572
Casablanca FIR,80.0093,141.8572
Casablanca FIR,81.1205,141.8572
Casablanca FIR,82.2317,141.8572
Casablanca FIR,83.343,141.8569
Casablanca FIR,84.4542,141.8553
Casablanca FIR,85.5655,141.8495
Casablanca FIR,86.6767,141.8329
Casablanca FIR,87.7879,141.7904
Casablanca FIR,88.8992,141.7048
Casablanca FIR,90.0104,141.5433
Casablanca FIR,91.1217,141.2729
Casablanca FIR,92.2329,140.8469
Casablanca FIR,93.3441,140.1563
Casablanca FIR,94.4554,139.0869
Casablanca FIR,95.5666,137.47
Casablanca FIR,96.6779,134.9638
Casablanca FIR,97.7891,130.8593
Casablanca FIR,98.9003,123.3583
Dakar FIR,0.0,0.3589
Dakar FIR,1.1112,16.079
Dakar FIR,2.2225,25.9492
Dakar FIR,3.3337,33.3346
Dakar FIR,4.445,39.4972
Dakar FIR,5.5562,44.9192
Dakar FIR,6.6674,49.7538
Dakar FIR,7.7787,54.072
Dakar FIR,8.8899,57.9062
Dakar FIR,10.0012,61.363
Dakar FIR,11.1124,64.5062
Dakar FIR,12.2236,67.3822
Dakar FIR,13.3349,69.9986
Dakar FIR,14.4461,72.4
Dakar FIR,15.5574,74.63
Dakar FIR,16.6686,76.6829
Dakar FIR,17.7798,78.5671
Dakar FIR,18.8911,80.3226
Dakar FIR,20.0023,81.9553
Dakar FIR,21.1136,83.4549
Dakar FIR,22.2248,84.8401
Dakar FIR,23.336,86.1334
Dakar FIR,24.4473,87.3491
Dakar FIR,25.5585,88.4779
Dakar FIR,26.6698,89.53
Dakar FIR,27.781,90.5198
Dakar FIR,28.8922,91.4478
Dakar FIR,30.0035,92.3127
Dakar FIR,31.1147,93.1224
Dakar FIR,32.226,93.8763
Dakar FIR,33.3372,94.58
Dakar FIR,34.4484,95.2349
Dakar FIR,35.5597,95.8398
Dakar FIR,36.6709,96.3986
Dakar FIR,37.7822,96.9168
Dakar FIR,38.8934,97.4006
Dakar FIR,40.0046,97.8482
Dakar FIR,41.1159,98.2631
Dakar FIR,42.2271,98.646
Dakar FIR,43.3383,99.0007
Dakar FIR,44.4496,99.3296
Dakar FIR,45.5608,99.6334
Dakar FIR,46.6721,99.9137
Dakar FIR,47.7833,100.1698
Dakar FIR,48.8945,100.4054
Dakar FIR,50.0058,100.6179
Dakar FIR,51.117,100.8094
Dakar FIR,52.2283,100.9844
Dakar FIR,53.3395,101.1423
Dakar FIR,54.4507,101.2849
Dakar FIR,55.562,101.4147
Dakar FIR,56.6732,101.5309
Dakar FIR,57.7845,101.6347
Dakar FIR,58.8957,101.7266
Dakar FIR,60.0069,101.8067
Dakar FIR,61.1182,101.8762
Dakar FIR,62.2294,101.9364
Dakar FIR,63.3407,101.9878
Dakar FIR,64.4519,102.0311
Dakar FIR,65.5631,102.067
Dakar FIR,66.6744,102.0973
Dakar FIR,67.7856,102.1211
Dakar FIR,68.8969,102.1402
Dakar FIR,70.0081,102.1543
Dakar FIR,71.1193,102.1645
Dakar FIR,72.2306,102.1711
Dakar FIR,73.3418,102.1752
Dakar FIR,74.4531,102.1772
Dakar FIR,75.5643,102.1778
Dakar FIR,76.6755,102.1778
Dakar FIR,77.7868,102.1778
Dakar FIR,78.898,102.1778
Dakar FIR,80.0093,102.1778
Dakar FIR,81.1205,102.1778
Dakar FIR,82.2317,102.1778
Dakar FIR,83.343,102.1778
Dakar FIR,84.4542,102.1778
Dakar FIR,85.5655,102.1778
Dakar FIR,86.6767,102.1774
Dakar FIR,87.7879,102.1749
Dakar FIR,88.8992,102.1668
Dakar FIR,90.0104,102.1503
Dakar FIR,91.1217,102.1211
Dakar FIR,92.2329,102.0743
Dakar FIR,93.3441,102.0018
Dakar FIR,94.4554,101.8961
Dakar FIR,95.5666,101.7506
Dakar FIR,96.6779,101.5569
Dakar FIR,97.7891,101.2889
Dakar FIR,98.9003,100.879
Sal Oceanic FIR,0.0,0.768
Sal Oceanic FIR,1.1118,33.8229
Sal Oceanic FIR,2.2235,50.3567
Sal Oceanic FIR,3.3353,62.2294
Sal Oceanic FIR,4.447,71.2666
Sal Oceanic FIR,5.5588,78.2851
Sal Oceanic FIR,6.6705,83.8835
Sal Oceanic FIR,7.7823,88.3252
Sal Oceanic FIR,8.894,91.9862
Sal Oceanic FIR,10.0058,95.0955
Sal Oceanic FIR,11.1175,97.6028
Sal Oceanic FIR,12.2293,99.598
Sal Oceanic FIR,13.3411,101.2501
Sal Oceanic FIR,14.4528,102.6471
Sal Oceanic FIR,15.5646,103.7862
Sal Oceanic FIR,16.6763,104.7399
Sal Oceanic FIR,17.7881,105.506
Sal Oceanic FIR,18.8998,106.0985
Sal Oceanic FIR,20.0116,106.5523
Sal Oceanic FIR,21.1233,106.8684
Sal Oceanic FIR,22.2351,107.0852
Sal Oceanic FIR,23.3468,107.2361
Sal Oceanic FIR,24.4586,107.328
Sal Oceanic FIR,25.5704,107.3815
Sal Oceanic FIR,26.6821,107.4086
Sal Oceanic FIR,27.7939,107.4198
Sal Oceanic FIR,28.9056,107.4227
Sal Oceanic FIR,30.0174,107.4229
Sal Oceanic FIR,31.1291,107.4229
Sal Oceanic FIR,32.2409,107.4229
Sal Oceanic FIR,33.3526,107.4229
Sal Oceanic FIR,34.4644,107.4229
Sal Oceanic FIR,35.5761,107.4229
Sal Oceanic FIR,36.6879,107.4229
Sal Oceanic FIR,37.7997,107.4229
Sal Oceanic FIR,38.9114,107.4229
Sal Oceanic FIR,40.0232,107.4229
Sal Oceanic FIR,41.1349,107.4229
Sal Oceanic FIR,42.2467,107.4229
Sal Oceanic FIR,43.3584,107.4229
Sal Oceanic FIR,44.4702,107.4229
Sal Oceanic FIR,45.5819,107.4229
Sal Oceanic FIR,46.6937,107.4229
Sal Oceanic FIR,47.8054,107.4229
Sal Oceanic FIR,48.9172,107.4229
Sal Oceanic FIR,50.029,107.4229
Sal Oceanic FIR,51.1407,107.4229
Sal Oceanic FIR,52.2525,107.4229
Sal Oceanic FIR,53.3642,107.4229
Sal Oceanic FIR,54.476,107.4229
Sal Oceanic FIR,55.5877,107.4229
Sal Oceanic FIR,56.6995,107.4229
Sal Oceanic FIR,57.8112,107.4229
Sal Oceanic FIR,58.923,107.4229
Sal Oceanic FIR,60.0347,107.4229
Sal Oceanic FIR,61.1465,107.4229
Sal Oceanic FIR,62.2583,107.4229
Sal Oceanic FIR,63.37,107.4229
Sal Oceanic FIR,64.4818,107.4229
Sal Oceanic FIR,65.5935,107.4229
Sal Oceanic FIR,66.7053,107.4229
Sal Oceanic FIR,67.817,107.4229
Sal Oceanic FIR,68.9288,107.4229
Sal Oceanic FIR,70.0405,107.4229
Sal Oceanic FIR,71.1523,107.4229
Sal Oceanic FIR,72.264,107.4229
Sal Oceanic FIR,73.3758,107.4229
Sal Oceanic FIR,74.4876,107.4229
Sal Oceanic FIR,75.5993,107.4229
Sal Oceanic FIR,76.7111,107.4229
Sal Oceanic FIR,77.8228,107.4229
Sal Oceanic FIR,78.9346,107.4229
Sal Oceanic FIR,80.0463,107.4229
Sal Oceanic FIR,81.1581,107.4229
Sal Oceanic FIR,82.2698,107.4229
Sal Oceanic FIR,83.3816,107.4229
Sal Oceanic FIR,84.4933,107.4229
Sal Oceanic FIR,85.6051,107.4229
Sal Oceanic FIR,86.7169,107.4229
Sal Oceanic FIR,87.8286,107.4229
Sal Oceanic FIR,88.9404,107.4226
Sal Oceanic FIR,90.0521,107.42
Sal Oceanic FIR,91.1639,107.4099
Sal Oceanic FIR,92.2756,107.3798
Sal Oceanic FIR,93.3874,107.3112
Sal Oceanic FIR,94.4991,107.1741
Sal Oceanic FIR,95.6109,106.9092
Sal Oceanic FIR,96.7226,106.4668
Sal Oceanic FIR,97.8344,105.6853
Sal Oceanic FIR,98.9461,104.2089
Addis Abeba FIR,0.0,0.6055
Addis Abeba FIR,1.1112,23.931
Addis Abeba FIR,2.2225,36.9419
Addis Abeba FIR,3.3337,46.6362
Addis Abeba FIR,4.445,54.4244
Addis Abeba FIR,5.5562,60.9262
Addis Abeba FIR,6.6674,66.4163
Addis Abeba FIR,7.7787,71.1198
Addis Abeba FIR,8.8899,75.1622
Addis Abeba FIR,10.0012,78.6974
Addis Abeba FIR,11.1124,81.8196
Addis Abeba FIR,12.2236,84.5884
Addis Abeba FIR,13.3349,87.0217
Addis Abeba FIR,14.4461,89.1737
Addis Abeba FIR,15.5574,91.0666
Addis Abeba FIR,16.6686,92.76
Addis Abeba FIR,17.7798,94.2283
Addis Abeba FIR,18.8911,95.4954
Addis Abeba FIR,20.0023,96.5937
Addis Abeba FIR,21.1136,97.5694
Addis Abeba FIR,22.2248,98.4157
Addis Abeba FIR,23.336,99.1431
Addis Abeba FIR,24.4473,99.7767
Addis Abeba FIR,25.5585,100.3269
Addis Abeba FIR,26.6698,100.7912
Addis Abeba FIR,27.781,101.1813
Addis Abeba FIR,28.8922,101.5007
Addis Abeba FIR,30.0035,101.7569
Addis Abeba FIR,31.1147,101.9572
Addis Abeba FIR,32.226,102.1143
Addis Abeba FIR,33.3372,102.2411
Addis Abeba FIR,34.4484,102.3401
Addis Abeba FIR,35.5597,102.4152
Addis Abeba FIR,36.6709,102.4703
Addis Abeba FIR,37.7822,102.5092
Addis Abeba FIR,38.8934,102.5363
Addis Abeba FIR,40.0046,102.5544
Addis Abeba FIR,41.1159,102.5654
Addis Abeba FIR,42.2271,102.5707
Addis Abeba FIR,43.3383,102.5727
Addis Abeba FIR,44.4496,102.5731
Addis Abeba FIR,45.5608,102.5731
Addis Abeba FIR,46.6721,102.5731
Addis Abeba FIR,47.7833,102.5731
Addis Abeba FIR,48.8945,102.5731
Addis Abeba FIR,50.0058,102.5731
Addis Abeba FIR,51.117,102.5731
Addis Abeba FIR,52.2283,102.5731
Addis Abeba FIR,53.3395,102.5731
Addis Abeba FIR,54.4507,102.5731
Addis Abeba FIR,55.562,102.5731
Addis Abeba FIR,56.6732,102.5731
Addis Abeba FIR,57.7845,102.5731
Addis Abeba FIR,58.8957,102.5731
Addis Abeba FIR,60.0069,102.5731
Addis Abeba FIR,61.1182,102.5731
Addis Abeba FIR,62.2294,102.5731
Addis Abeba FIR,63.3407,102.5731
Addis Abeba FIR,64.4519,102.5731
Addis Abeba FIR,65.5631,102.5731
Addis Abeba FIR,66.6744,102.5731
Addis Abeba FIR,67.7856,102.5731
Addis Abeba FIR,68.8969,102.5731
Addis Abeba FIR,70.0081,102.5731
Addis Abeba FIR,71.1193,102.5731
Addis Abeba FIR,72.2306,102.5731
Addis Abeba FIR,73.3418,102.5731
Addis Abeba FIR,74.4531,102.5731
Addis Abeba FIR,75.5643,102.5731
Addis Abeba FIR,76.6755,102.5731
Addis Abeba FIR,77.7868,102.5731
Addis Abeba FIR,78.898,102.5731
Addis Abeba FIR,80.0093,102.5731
Addis Abeba FIR,81.1205,102.5731
Addis Abeba FIR,82.2317,102.5731
Addis Abeba FIR,83.343,102.5731
Addis Abeba FIR,84.4542,102.5731
Addis Abeba FIR,85.5655,102.5731
Addis Abeba FIR,86.6767,102.5731
Addis Abeba FIR,87.7879,102.5731
Addis Abeba FIR,88.8992,102.5731
Addis Abeba FIR,90.0104,102.5731
Addis Abeba FIR,91.1217,102.5731
Addis Abeba FIR,92.2329,102.5731
Addis Abeba FIR,93.3441,102.573
Addis Abeba FIR,94.4554,102.5713
Addis Abeba FIR,95.5666,102.5556
Addis Abeba FIR,96.6779,102.4873
Addis Abeba FIR,97.7891,102.2779
Addis Abeba FIR,98.9003,101.7405
Bujumbura FIR,0.0,4.8961
Bujumbura FIR,2.9376,104.4721
Bujumbura FIR,5.8752,115.8145
Bujumbura FIR,8.8127,116.0817
Bujumbura FIR,11.7503,116.0817
Bujumbura FIR,14.6879,116.0817
Bujumbura FIR,17.6255,116.0817
Bujumbura FIR,20.563,116.0817
Bujumbura FIR,23.5006,116.0817
Bujumbura FIR,26.4382,116.0817
Bujumbura FIR,29.3758,116.0817
Bujumbura FIR,32.3133,116.0817
Bujumbura FIR,35.2509,116.0817
Bujumbura FIR,38.1885,116.0817
Bujumbura FIR,41.1261,116.0817
Bujumbura FIR,44.0636,116.0817
Bujumbura FIR,47.0012,116.0817
Bujumbura FIR,49.9388,116.0817
Bujumbura FIR,52.8764,116.0817
Bujumbura FIR,55.814,116.0817
Bujumbura FIR,58.7515,116.0817
Bujumbura FIR,61.6891,116.0817
Bujumbura FIR,64.6267,116.0817
Bujumbura FIR,67.5643,116.0817
Bujumbura FIR,70.5018,116.0817
Bujumbura FIR,73.4394,116.0817
Bujumbura FIR,76.377,116.0817
Bujumbura FIR,79.3146,116.0817
Bujumbura FIR,82.2521,116.0817
Bujumbura FIR,85.1897,116.0817
Bujumbura FIR,88.1273,116.0817
Bujumbura FIR,91.0649,116.0817
Bujumbura FIR,94.0024,116.0817
Bujumbura FIR,96.94,116.08
Bujumbura FIR,99.8776,103.438
Mogadishu FIR/UIR,0.0,0.5574
Mogadishu FIR/UIR,1.1114,26.2919
Mogadishu FIR/UIR,2.2227,40.604
Mogadishu FIR/UIR,3.3341,51.3058
Mogadishu FIR/UIR,4.4455,59.4606
Mogadishu FIR/UIR,5.5568,65.9693
Mogadishu FIR/UIR,6.6682,71.3306
Mogadishu FIR/UIR,7.7796,75.756
Mogadishu FIR/UIR,8.8909,79.591
Mogadishu FIR/UIR,10.0023,82.8306
Mogadishu FIR/UIR,11.1137,85.5936
Mogadishu FIR/UIR,12.2251,87.9773
Mogadishu FIR/UIR,13.3364,90.0656
Mogadishu FIR/UIR,14.4478,91.8993
Mogadishu FIR/UIR,15.5592,93.4765
Mogadishu FIR/UIR,16.6705,94.8372
Mogadishu FIR/UIR,17.7819,96.0168
Mogadishu FIR/UIR,18.8933,97.021
Mogadishu FIR/UIR,20.0046,97.9036
Mogadishu FIR/UIR,21.116,98.6615
Mogadishu FIR/UIR,22.2274,99.3034
Mogadishu FIR/UIR,23.3387,99.8391
Mogadishu FIR/UIR,24.4501,100.2903
Mogadishu FIR/UIR,25.5615,100.6733
Mogadishu FIR/UIR,26.6728,100.9825
Mogadishu FIR/UIR,27.7842,101.2254
Mogadishu FIR/UIR,28.8956,101.4217
Mogadishu FIR/UIR,30.0069,101.5775
Mogadishu FIR/UIR,31.1183,101.7012
Mogadishu FIR/UIR,32.2297,101.7911
Mogadishu FIR/UIR,33.3411,101.8581
Mogadishu FIR/UIR,34.4524,101.9024
Mogadishu FIR/UIR,35.5638,101.9314
Mogadishu FIR/UIR,36.6752,101.9495
Mogadishu FIR/UIR,37.7865,101.9596
Mogadishu FIR/UIR,38.8979,101.9647
Mogadishu FIR/UIR,40.0093,101.9666
Mogadishu FIR/UIR,41.1206,101.9669
Mogadishu FIR/UIR,42.232,101.9669
Mogadishu FIR/UIR,43.3434,101.9669
Mogadishu FIR/UIR,44.4547,101.9669
Mogadishu FIR/UIR,45.5661,101.9669
Mogadishu FIR/UIR,46.6775,101.9669
Mogadishu FIR/UIR,47.7888,101.9669
Mogadishu FIR/UIR,48.9002,101.9669
Mogadishu FIR/UIR,50.0116,101.9669
Mogadishu FIR/UIR,51.1229,101.9669
Mogadishu FIR/UIR,52.2343,101.9669
Mogadishu FIR/UIR,53.3457,101.9669
Mogadishu FIR/UIR,54.4571,101.9669
Mogadishu FIR/UIR,55.5684,101.9669
Mogadishu FIR/UIR,56.6798,101.9669
Mogadishu FIR/UIR,57.7912,101.9669
Mogadishu FIR/UIR,58.9025,101.9669
Mogadishu FIR/UIR,60.0139,101.9669
Mogadishu FIR/UIR,61.1253,101.9669
Mogadishu FIR/UIR,62.2366,101.9669
Mogadishu FIR/UIR,63.348,101.9669
Mogadishu FIR/UIR,64.4594,101.9669
Mogadishu FIR/UIR,65.5707,101.9669
Mogadishu FIR/UIR,66.6821,101.9669
Mogadishu FIR/UIR,67.7935,101.9669
Mogadishu FIR/UIR,68.9048,101.9669
Mogadishu FIR/UIR,70.0162,101.9669
Mogadishu FIR/UIR,71.1276,101.9669
Mogadishu FIR/UIR,72.2389,101.9669
Mogadishu FIR/UIR,73.3503,101.9669
Mogadishu FIR/UIR,74.4617,101.9669
Mogadishu FIR/UIR,75.573,101.9669
Mogadishu FIR/UIR,76.6844,101.9669
Mogadishu FIR/UIR,77.7958,101.9669
Mogadishu FIR/UIR,78.9072,101.9669
Mogadishu FIR/UIR,80.0185,101.9669
Mogadishu FIR/UIR,81.1299,101.9669
Mogadishu FIR/UIR,82.2413,101.9669
Mogadishu FIR/UIR,83.3526,101.9669
Mogadishu FIR/UIR,84.464,101.9669
Mogadishu FIR/UIR,85.5754,101.9669
Mogadishu FIR/UIR,86.6867,101.9669
Mogadishu FIR/UIR,87.7981,101.9669
Mogadishu FIR/UIR,88.9095,101.9669
Mogadishu FIR/UIR,90.0208,101.9669
Mogadishu FIR/UIR,91.1322,101.9669
Mogadishu FIR/UIR,92.2436,101.9669
Mogadishu FIR/UIR,93.3549,101.9668
Mogadishu FIR/UIR,94.4663,101.9652
Mogadishu FIR/UIR,95.5777,101.9541
Mogadishu FIR/UIR,96.689,101.9075
Mogadishu FIR/UIR,97.8004,101.7762
Mogadishu FIR/UIR,98.9118,101.4273
Cairo FIR,0.0,1.3753
Cairo FIR,1.1112,50.4976
Cairo FIR,2.2225,69.4325
Cairo FIR,3.3337,81.1503
Cairo FIR,4.445,89.0025
Cairo FIR,5.5562,94.762
Cairo FIR,6.6674,98.7978
Cairo FIR,7.7787,101.8562
Cairo FIR,8.8899,104.114
Cairo FIR,10.0012,105.7985
Cairo FIR,11.1124,106.9935
Cairo FIR,12.2236,107.8646
Cairo FIR,13.3349,108.4878
Cairo FIR,14.4461,108.9158
Cairo FIR,15.5574,109.1831
Cairo FIR,16.6686,109.3422
Cairo FIR,17.7798,109.4367
Cairo FIR,18.8911,109.4836
Cairo FIR,20.0023,109.5006
Cairo FIR,21.1136,109.5034
Cairo FIR,22.2248,109.5036
Cairo FIR,23.336,109.5036
Cairo FIR,24.4473,109.5036
Cairo FIR,25.5585,109.5036
Cairo FIR,26.6698,109.5036
Cairo FIR,27.781,109.5036
Cairo FIR,28.8922,109.5036
Cairo FIR,30.0035,109.5036
Cairo FIR,31.1147,109.5036
Cairo FIR,32.226,109.5036
Cairo FIR,33.3372,109.5036
Cairo FIR,34.4484,109.5036
Cairo FIR,35.5597,109.5036
Cairo FIR,36.6709,109.5036
Cairo FIR,37.7822,109.5036
Cairo FIR,38.8934,109.5036
Cairo FIR,40.0046,109.5036
Cairo FIR,41.1159,109.5036
Cairo FIR,42.2271,109.5036
Cairo FIR,43.3383,109.5036
Cairo FIR,44.4496,109.5036
Cairo FIR,45.5608,109.5036
Cairo FIR,46.6721,109.5036
Cairo FIR,47.7833,109.5036
Cairo FIR,48.8945,109.5036
Cairo FIR,50.0058,109.5036
Cairo FIR,51.117,109.5036
Cairo FIR,52.2283,109.5036
Cairo FIR,53.3395,109.5036
Cairo FIR,54.4507,109.5036
Cairo FIR,55.562,109.5036
Cairo FIR,56.6732,109.5036
Cairo FIR,57.7845,109.5036
Cairo FIR,58.8957,109.5036
Cairo FIR,60.0069,109.5036
Cairo FIR,61.1182,109.5036
Cairo FIR,62.2294,109.5036
Cairo FIR,63.3407,109.5036
Cairo FIR,64.4519,109.5036
Cairo FIR,65.5631,109.5036
Cairo FIR,66.6744,109.5036
Cairo FIR,67.7856,109.5036
Cairo FIR,68.8969,109.5036
Cairo FIR,70.0081,109.5036
Cairo FIR,71.1193,109.5036
Cairo FIR,72.2306,109.5036
Cairo FIR,73.3418,109.5036
Cairo FIR,74.4531,109.5036
Cairo FIR,75.5643,109.5036
Cairo FIR,76.6755,109.5036
Cairo FIR,77.7868,109.5036
Cairo FIR,78.898,109.5036
Cairo FIR,80.0093,109.5036
Cairo FIR,81.1205,109.5036
Cairo FIR,82.2317,109.5036
Cairo FIR,83.343,109.5036
Cairo FIR,84.4542,109.5036
Cairo FIR,85.5655,109.5036
Cairo FIR,86.6767,109.5036
Cairo FIR,87.7879,109.5036
Cairo FIR,88.8992,109.5036
Cairo FIR,90.0104,109.5036
Cairo FIR,91.1217,109.5036
Cairo FIR,92.2329,109.5035
Cairo FIR,93.3441,109.5015
Cairo FIR,94.4554,109.479
Cairo FIR,95.5666,109.3887
Cairo FIR,96.6779,109.126
Cairo FIR,97.7891,108.5499
Cairo FIR,98.9003,107.0808
Asmara FIR,0.0,4.543
Asmara FIR,1.2707,78.1479
Asmara FIR,2.5414,96.5033
Asmara FIR,3.812,102.8598
Asmara FIR,5.0827,104.5651
Asmara FIR,6.3534,104.8673
Asmara FIR,7.6241,104.8754
Asmara FIR,8.8948,104.8754
Asmara FIR,10.1655,104.8754
Asmara FIR,11.4361,104.8754
Asmara FIR,12.7068,104.8754
Asmara FIR,13.9775,104.8754
Asmara FIR,15.2482,104.8754
Asmara FIR,16.5189,104.8754
Asmara FIR,17.7895,104.8754
Asmara FIR,19.0602,104.8754
Asmara FIR,20.3309,104.8754
Asmara FIR,21.6016,104.8754
Asmara FIR,22.8723,104.8754
Asmara FIR,24.143,104.8754
Asmara FIR,25.4136,104.8754
Asmara FIR,26.6843,104.8754
Asmara FIR,27.955,104.8754
Asmara FIR,29.2257,104.8754
Asmara FIR,30.4964,104.8754
Asmara FIR,31.767,104.8754
Asmara FIR,33.0377,104.8754
Asmara FIR,34.3084,104.8754
Asmara FIR,35.5791,104.8754
Asmara FIR,36.8498,104.8754
Asmara FIR,38.1205,104.8754
Asmara FIR,39.3911,104.8754
Asmara FIR,40.6618,104.8754
Asmara FIR,41.9325,104.8754
Asmara FIR,43.2032,104.8754
Asmara FIR,44.4739,104.8754
Asmara FIR,45.7445,104.8754
Asmara FIR,47.0152,104.8754
Asmara FIR,48.2859,104.8754
Asmara FIR,49.5566,104.8754
Asmara FIR,50.8273,104.8754
Asmara FIR,52.0979,104.8754
Asmara FIR,53.3686,104.8754
Asmara FIR,54.6393,104.8754
Asmara FIR,55.91,104.8754
Asmara FIR,57.1807,104.8754
Asmara FIR,58.4514,104.8754
Asmara FIR,59.722,104.8754
Asmara FIR,60.9927,104.8754
Asmara FIR,62.2634,104.8754
Asmara FIR,63.5341,104.8754
Asmara FIR,64.8048,104.8754
Asmara FIR,66.0754,104.8754
Asmara FIR,67.3461,104.8754
Asmara FIR,68.6168,104.8754
Asmara FIR,69.8875,104.8754
Asmara FIR,71.1582,104.8754
Asmara FIR,72.4289,104.8754
Asmara FIR,73.6995,104.8754
Asmara FIR,74.9702,104.8754
Asmara FIR,76.2409,104.8754
Asmara FIR,77.5116,104.8754
Asmara FIR,78.7823,104.8754
Asmara FIR,80.0529,104.8754
Asmara FIR,81.3236,104.8754
Asmara FIR,82.5943,104.8754
Asmara FIR,83.865,104.8754
Asmara FIR,85.1357,104.8754
Asmara FIR,86.4064,104.8754
Asmara FIR,87.677,104.8754
Asmara FIR,88.9477,104.8754
Asmara FIR,90.2184,104.8754
Asmara FIR,91.4891,104.8754
Asmara FIR,92.7598,104.8754
Asmara FIR,94.0304,104.8754
Asmara FIR,95.3011,104.8754
Asmara FIR,96.5718,104.8754
Asmara FIR,97.8425,104.8754
Asmara FIR,99.1132,104.7365
Nairobi FIR,0.0,0.6564
Nairobi FIR,1.1112,29.5083
Nairobi FIR,2.2225,44.8198
Nairobi FIR,3.3337,55.5989
Nairobi FIR,4.445,63.9392
Nairobi FIR,5.5562,70.5587
Nairobi FIR,6.6674,75.9597
Nairobi FIR,7.7787,80.4932
Nairobi FIR,8.8899,84.3123
Nairobi FIR,10.0012,87.4838
Nairobi FIR,11.1124,90.1953
Nairobi FIR,12.2236,92.5386
Nairobi FIR,13.3349,94.4992
Nairobi FIR,14.4461,96.0916
Nairobi FIR,15.5574,97.417
Nairobi FIR,16.6686,98.5141
Nairobi FIR,17.7798,99.4266
Nairobi FIR,18.8911,100.1638
Nairobi FIR,20.0023,100.7504
Nairobi FIR,21.1136,101.2109
Nairobi FIR,22.2248,101.5617
Nairobi FIR,23.336,101.829
Nairobi FIR,24.4473,102.0349
Nairobi FIR,25.5585,102.195
Nairobi FIR,26.6698,102.3076
Nairobi FIR,27.781,102.383
Nairobi FIR,28.8922,102.4328
Nairobi FIR,30.0035,102.4639
Nairobi FIR,31.1147,102.482
Nairobi FIR,32.226,102.4912
Nairobi FIR,33.3372,102.4952
Nairobi FIR,34.4484,102.4961
Nairobi FIR,35.5597,102.4961
Nairobi FIR,36.6709,102.4961
Nairobi FIR,37.7822,102.4961
Nairobi FIR,38.8934,102.4961
Nairobi FIR,40.0046,102.4961
Nairobi FIR,41.1159,102.4961
Nairobi FIR,42.2271,102.4961
Nairobi FIR,43.3383,102.4961
Nairobi FIR,44.4496,102.4961
Nairobi FIR,45.5608,102.4961
Nairobi FIR,46.6721,102.4961
Nairobi FIR,47.7833,102.4961
Nairobi FIR,48.8945,102.4961
Nairobi FIR,50.0058,102.4961
Nairobi FIR,51.117,102.4961
Nairobi FIR,52.2283,102.4961
Nairobi FIR,53.3395,102.4961
Nairobi FIR,54.4507,102.4961
Nairobi FIR,55.562,102.4961
Nairobi FIR,56.6732,102.4961
Nairobi FIR,57.7845,102.4961
Nairobi FIR,58.8957,102.4961
Nairobi FIR,60.0069,102.4961
Nairobi FIR,61.1182,102.4961
Nairobi FIR,62.2294,102.4961
Nairobi FIR,63.3407,102.4961
Nairobi FIR,64.4519,102.4961
Nairobi FIR,65.5631,102.4961
Nairobi FIR,66.6744,102.4961
Nairobi FIR,67.7856,102.4961
Nairobi FIR,68.8969,102.4961
Nairobi FIR,70.0081,102.4961
Nairobi FIR,71.1193,102.4961
Nairobi FIR,72.2306,102.4961
Nairobi FIR,73.3418,102.4961
Nairobi FIR,74.4531,102.4961
Nairobi FIR,75.5643,102.4961
Nairobi FIR,76.6755,102.4961
Nairobi FIR,77.7868,102.4961
Nairobi FIR,78.898,102.4961
Nairobi FIR,80.0093,102.4961
Nairobi FIR,81.1205,102.4961
Nairobi FIR,82.2317,102.4961
Nairobi FIR,83.343,102.4961
Nairobi FIR,84.4542,102.4961
Nairobi FIR,85.5655,102.4961
Nairobi FIR,86.6767,102.4961
Nairobi FIR,87.7879,102.4961
Nairobi FIR,88.8992,102.4961
Nairobi FIR,90.0104,102.4961
Nairobi FIR,91.1217,102.4961
Nairobi FIR,92.2329,102.4961
Nairobi FIR,93.3441,102.4961
Nairobi FIR,94.4554,102.4961
Nairobi FIR,95.5666,102.4947
Nairobi FIR,96.6779,102.482
Nairobi FIR,97.7891,102.4036
Nairobi FIR,98.9003,102.0775
Tripoli FIR,0.0,3.4371
Tripoli FIR,1.1121,58.1115
Tripoli FIR,2.2243,79.3239
Tripoli FIR,3.3364,92.2391
Tripoli FIR,4.4486,99.9583
Tripoli FIR,5.5607,105.1139
Tripoli FIR,6.6728,108.4149
Tripoli FIR,7.785,110.3536
Tripoli FIR,8.8971,111.5297
Tripoli FIR,10.0093,112.2178
Tripoli FIR,11.1214,112.5661
Tripoli FIR,12.2335,112.7034
Tripoli FIR,13.3457,112.7415
Tripoli FIR,14.4578,112.7463
Tripoli FIR,15.57,112.7463
Tripoli FIR,16.6821,112.7463
Tripoli FIR,17.7943,112.7463
Tripoli FIR,18.9064,112.7463
Tripoli FIR,20.0185,112.7463
Tripoli FIR,21.1307,112.7463
Tripoli FIR,22.2428,112.7463
Tripoli FIR,23.355,112.7463
Tripoli FIR,24.4671,112.7463
Tripoli FIR,25.5792,112.7463
Tripoli FIR,26.6914,112.7463
Tripoli FIR,27.8035,112.7463
Tripoli FIR,28.9157,112.7463
Tripoli FIR,30.0278,112.7463
Tripoli FIR,31.1399,112.7463
Tripoli FIR,32.2521,112.7463
Tripoli FIR,33.3642,112.7463
Tripoli FIR,34.4764,112.7463
Tripoli FIR,35.5885,112.7463
Tripoli FIR,36.7006,112.7463
Tripoli FIR,37.8128,112.7463
Tripoli FIR,38.9249,112.7463
Tripoli FIR,40.0371,112.7463
Tripoli FIR,41.1492,112.7463
Tripoli FIR,42.2614,112.7463
Tripoli FIR,43.3735,112.7463
Tripoli FIR,44.4856,112.7463
Tripoli FIR,45.5978,112.7463
Tripoli FIR,46.7099,112.7463
Tripoli FIR,47.8221,112.7463
Tripoli FIR,48.9342,112.7463
Tripoli FIR,50.0463,112.7463
Tripoli FIR,51.1585,112.7463
Tripoli FIR,52.2706,112.7463
Tripoli FIR,53.3828,112.7463
Tripoli FIR,54.4949,112.7463
Tripoli FIR,55.607,112.7463
Tripoli FIR,56.7192,112.7463
Tripoli FIR,57.8313,112.7463
Tripoli FIR,58.9435,112.7463
Tripoli FIR,60.0556,112.7463
Tripoli FIR,61.1677,112.7463
Tripoli FIR,62.2799,112.7463
Tripoli FIR,63.392,112.7463
Tripoli FIR,64.5042,112.7463
Tripoli FIR,65.6163,112.7463
Tripoli FIR,66.7285,112.7463
Tripoli FIR,67.8406,112.7463
Tripoli FIR,68.9527,112.7463
Tripoli FIR,70.0649,112.7463
Tripoli FIR,71.177,112.7463
Tripoli FIR,72.2892,112.7463
Tripoli FIR,73.4013,112.7463
Tripoli FIR,74.5134,112.7463
Tripoli FIR,75.6256,112.7463
Tripoli FIR,76.7377,112.7463
Tripoli FIR,77.8499,112.7463
Tripoli FIR,78.962,112.7463
Tripoli FIR,80.0741,112.7463
Tripoli FIR,81.1863,112.7463
Tripoli FIR,82.2984,112.7463
Tripoli FIR,83.4106,112.7463
Tripoli FIR,84.5227,112.7463
Tripoli FIR,85.6348,112.7463
Tripoli FIR,86.747,112.7463
Tripoli FIR,87.8591,112.7463
Tripoli FIR,88.9713,112.7463
Tripoli FIR,90.0834,112.7463
Tripoli FIR,91.1956,112.7463
Tripoli FIR,92.3077,112.7463
Tripoli FIR,93.4198,112.7463
Tripoli FIR,94.532,112.7445
Tripoli FIR,95.6441,112.71
Tripoli FIR,96.7563,112.5115
Tripoli FIR,97.8684,111.873
Tripoli FIR,98.9805,109.9191
Kigali FIR,0.0,3.7891
Kigali FIR,1.875,111.5975
Kigali FIR,3.75,122.5953
Kigali FIR,5.625,122.8759
Kigali FIR,7.5,122.8759
Kigali FIR,9.375,122.8759
Kigali FIR,11.25,122.8759
Kigali FIR,13.125,122.8759
Kigali FIR,15.0,122.8759
Kigali FIR,16.875,122.8759
Kigali FIR,18.75,122.8759
Kigali FIR,20.625,122.8759
Kigali FIR,22.5,122.8759
Kigali FIR,24.375,122.8759
Kigali FIR,26.25,122.8759
Kigali FIR,28.125,122.8759
Kigali FIR,30.0,122.8759
Kigali FIR,31.875,122.8759
Kigali FIR,33.75,122.8759
Kigali FIR,35.625,122.8759
Kigali FIR,37.5,122.8759
Kigali FIR,39.375,122.8759
Kigali FIR,41.25,122.8759
Kigali FIR,43.125,122.8759
Kigali FIR,45.0,122.8759
Kigali FIR,46.875,122.8759
Kigali FIR,48.75,122.8759
Kigali FIR,50.625,122.8759
Kigali FIR,52.5,122.8759
Kigali FIR,54.375,122.8759
Kigali FIR,56.25,122.8759
Kigali FIR,58.125,122.8759
Kigali FIR,60.0,122.8759
Kigali FIR,61.875,122.8759
Kigali FIR,63.75,122.8759
Kigali FIR,65.625,122.8759
Kigali FIR,67.5,122.8759
Kigali FIR,69.375,122.8759
Kigali FIR,71.25,122.8759
Kigali FIR,73.125,122.8759
Kigali FIR,75.0,122.8759
Kigali FIR,76.875,122.8759
Kigali FIR,78.75,122.8759
Kigali FIR,80.625,122.8759
Kigali FIR,82.5,122.8759
Kigali FIR,84.375,122.8759
Kigali FIR,86.25,122.8759
Kigali FIR,88.125,122.8759
Kigali FIR,90.0,122.8759
Kigali FIR,91.875,122.8759
Kigali FIR,93.75,122.8759
Kigali FIR,95.625,122.8759
Kigali FIR,97.5,122.8759
Kigali FIR,99.375,118.8982
Khartoum FIR,0.0,0.7741
Khartoum FIR,1.1112,24.9564
Khartoum FIR,2.2225,37.1524
Khartoum FIR,3.3337,46.3421
Khartoum FIR,4.445,53.8732
Khartoum FIR,5.5562,60.2573
Khartoum FIR,6.6674,65.6059
Khartoum FIR,7.7787,70.1665
Khartoum FIR,8.8899,74.092
Khartoum FIR,10.0012,77.4976
Khartoum FIR,11.1124,80.4864
Khartoum FIR,12.2236,83.0981
Khartoum FIR,13.3349,85.4221
Khartoum FIR,14.4461,87.5012
Khartoum FIR,15.5574,89.3452
Khartoum FIR,16.6686,91.0005
Khartoum FIR,17.7798,92.4766
Khartoum FIR,18.8911,93.7838
Khartoum FIR,20.0023,94.9439
Khartoum FIR,21.1136,95.9766
Khartoum FIR,22.2248,96.8957
Khartoum FIR,23.336,97.7105
Khartoum FIR,24.4473,98.4257
Khartoum FIR,25.5585,99.0491
Khartoum FIR,26.6698,99.5889
Khartoum FIR,27.781,100.0503
Khartoum FIR,28.8922,100.4614
Khartoum FIR,30.0035,100.8145
Khartoum FIR,31.1147,101.1188
Khartoum FIR,32.226,101.3735
Khartoum FIR,33.3372,101.5842
Khartoum FIR,34.4484,101.7532
Khartoum FIR,35.5597,101.8929
Khartoum FIR,36.6709,102.0052
Khartoum FIR,37.7822,102.0956
Khartoum FIR,38.8934,102.1675
Khartoum FIR,40.0046,102.2249
Khartoum FIR,41.1159,102.27
Khartoum FIR,42.2271,102.3055
Khartoum FIR,43.3383,102.3334
Khartoum FIR,44.4496,102.3539
Khartoum FIR,45.5608,102.3685
Khartoum FIR,46.6721,102.3786
Khartoum FIR,47.7833,102.3851
Khartoum FIR,48.8945,102.3886
Khartoum FIR,50.0058,102.3899
Khartoum FIR,51.117,102.3901
Khartoum FIR,52.2283,102.3901
Khartoum FIR,53.3395,102.3901
Khartoum FIR,54.4507,102.3901
Khartoum FIR,55.562,102.3901
Khartoum FIR,56.6732,102.3901
Khartoum FIR,57.7845,102.3901
Khartoum FIR,58.8957,102.3901
Khartoum FIR,60.0069,102.3901
Khartoum FIR,61.1182,102.3901
Khartoum FIR,62.2294,102.3901
Khartoum FIR,63.3407,102.3901
Khartoum FIR,64.4519,102.3901
Khartoum FIR,65.5631,102.3901
Khartoum FIR,66.6744,102.3901
Khartoum FIR,67.7856,102.3901
Khartoum FIR,68.8969,102.3901
Khartoum FIR,70.0081,102.3901
Khartoum FIR,71.1193,102.3901
Khartoum FIR,72.2306,102.3901
Khartoum FIR,73.3418,102.3901
Khartoum FIR,74.4531,102.3901
Khartoum FIR,75.5643,102.3901
Khartoum FIR,76.6755,102.3901
Khartoum FIR,77.7868,102.3901
Khartoum FIR,78.898,102.3901
Khartoum FIR,80.0093,102.3901
Khartoum FIR,81.1205,102.3901
Khartoum FIR,82.2317,102.3901
Khartoum FIR,83.343,102.3901
Khartoum FIR,84.4542,102.3901
Khartoum FIR,85.5655,102.3901
Khartoum FIR,86.6767,102.3901
Khartoum FIR,87.7879,102.3901
Khartoum FIR,88.8992,102.3901
Khartoum FIR,90.0104,102.3901
Khartoum FIR,91.1217,102.3901
Khartoum FIR,92.2329,102.3894
Khartoum FIR,93.3441,102.3864
Khartoum FIR,94.4554,102.3763
Khartoum FIR,95.5666,102.3491
Khartoum FIR,96.6779,102.2786
Khartoum FIR,97.7891,102.0988
Khartoum FIR,98.9003,101.6335
Dar-Es-Salaam FIR,0.0,0.9591
Dar-Es-Salaam FIR,1.1114,31.0757
Dar-Es-Salaam FIR,2.2227,47.1557
Dar-Es-Salaam FIR,3.3341,59.0072
Dar-Es-Salaam FIR,4.4455,68.18
Dar-Es-Salaam FIR,5.5568,75.8187
Dar-Es-Salaam FIR,6.6682,82.2707
Dar-Es-Salaam FIR,7.7796,87.6784
Dar-Es-Salaam FIR,8.8909,92.2413
Dar-Es-Salaam FIR,10.0023,96.1097
Dar-Es-Salaam FIR,11.1137,99.4429
Dar-Es-Salaam FIR,12.2251,102.323
Dar-Es-Salaam FIR,13.3364,104.7486
Dar-Es-Salaam FIR,14.4478,106.8614
Dar-Es-Salaam FIR,15.5592,108.6856
Dar-Es-Salaam FIR,16.6705,110.2345
Dar-Es-Salaam FIR,17.7819,111.5136
Dar-Es-Salaam FIR,18.8933,112.6199
Dar-Es-Salaam FIR,20.0046,113.5647
Dar-Es-Salaam FIR,21.116,114.3424
Dar-Es-Salaam FIR,22.2274,115.0017
Dar-Es-Salaam FIR,23.3387,115.5571
Dar-Es-Salaam FIR,24.4501,116.0158
Dar-Es-Salaam FIR,25.5615,116.3736
Dar-Es-Salaam FIR,26.6728,116.6499
Dar-Es-Salaam FIR,27.7842,116.8648
Dar-Es-Salaam FIR,28.8956,117.0258
Dar-Es-Salaam FIR,30.0069,117.1414
Dar-Es-Salaam FIR,31.1183,117.2188
Dar-Es-Salaam FIR,32.2297,117.273
Dar-Es-Salaam FIR,33.3411,117.3095
Dar-Es-Salaam FIR,34.4524,117.3319
Dar-Es-Salaam FIR,35.5638,117.343
Dar-Es-Salaam FIR,36.6752,117.3479
Dar-Es-Salaam FIR,37.7865,117.349
Dar-Es-Salaam FIR,38.8979,117.349
Dar-Es-Salaam FIR,40.0093,117.349
Dar-Es-Salaam FIR,41.1206,117.349
Dar-Es-Salaam FIR,42.232,117.349
Dar-Es-Salaam FIR,43.3434,117.349
Dar-Es-Salaam FIR,44.4547,117.349
Dar-Es-Salaam FIR,45.5661,117.349
Dar-Es-Salaam FIR,46.6775,117.349
Dar-Es-Salaam FIR,47.7888,117.349
Dar-Es-Salaam FIR,48.9002,117.349
Dar-Es-Salaam FIR,50.0116,117.349
Dar-Es-Salaam FIR,51.1229,117.349
Dar-Es-Salaam FIR,52.2343,117.349
Dar-Es-Salaam FIR,53.3457,117.349
Dar-Es-Salaam FIR,54.4571,117.349
Dar-Es-Salaam FIR,55.5684,117.349
Dar-Es-Salaam FIR,56.6798,117.349
Dar-Es-Salaam FIR,57.7912,117.349
Dar-Es-Salaam FIR,58.9025,117.349
Dar-Es-Salaam FIR,60.0139,117.349
Dar-Es-Salaam FIR,61.1253,117.349
Dar-Es-Salaam FIR,62.2366,117.349
Dar-Es-Salaam FIR,63.348,117.349
Dar-Es-Salaam FIR,64.4594,117.349
Dar-Es-Salaam FIR,65.5707,117.349
Dar-Es-Salaam FIR,66.6821,117.349
Dar-Es-Salaam FIR,67.7935,117.349
Dar-Es-Salaam FIR,68.9048,117.349
Dar-Es-Salaam FIR,70.0162,117.349
Dar-Es-Salaam FIR,71.1276,117.349
Dar-Es-Salaam FIR,72.2389,117.349
Dar-Es-Salaam FIR,73.3503,117.349
Dar-Es-Salaam FIR,74.4617,117.349
Dar-Es-Salaam FIR,75.573,117.349
Dar-Es-Salaam FIR,76.6844,117.349
Dar-Es-Salaam FIR,77.7958,117.349
Dar-Es-Salaam FIR,78.9072,117.349
Dar-Es-Salaam FIR,80.0185,117.349
Dar-Es-Salaam FIR,81.1299,117.349
Dar-Es-Salaam FIR,82.2413,117.349
Dar-Es-Salaam FIR,83.3526,117.349
Dar-Es-Salaam FIR,84.464,117.349
Dar-Es-Salaam FIR,85.5754,117.349
Dar-Es-Salaam FIR,86.6867,117.349
Dar-Es-Salaam FIR,87.7981,117.3485
Dar-Es-Salaam FIR,88.9095,117.3442
Dar-Es-Salaam FIR,90.0208,117.3276
Dar-Es-Salaam FIR,91.1322,117.2795
Dar-Es-Salaam FIR,92.2436,117.1575
Dar-Es-Salaam FIR,93.3549,116.9115
Dar-Es-Salaam FIR,94.4663,116.4531
Dar-Es-Salaam FIR,95.5777,115.715
Dar-Es-Salaam FIR,96.689,114.5012
Dar-Es-Salaam FIR,97.8004,112.4416
Dar-Es-Salaam FIR,98.9118,108.9002
Entebbe FIR,0.0,1.5281
Entebbe FIR,1.1686,51.0042
Entebbe FIR,2.3372,73.176
Entebbe FIR,3.5058,87.5054
Entebbe FIR,4.6744,97.8306
Entebbe FIR,5.843,105.4977
Entebbe FIR,7.0116,110.8907
Entebbe FIR,8.1802,114.4982
Entebbe FIR,9.3488,117.0164
Entebbe FIR,10.5173,118.658
Entebbe FIR,11.6859,119.7273
Entebbe FIR,12.8545,120.3436
Entebbe FIR,14.0231,120.6723
Entebbe FIR,15.1917,120.8299
Entebbe FIR,16.3603,120.8864
Entebbe FIR,17.5289,120.8992
Entebbe FIR,18.6975,120.8996
Entebbe FIR,19.8661,120.8996
Entebbe FIR,21.0347,120.8996
Entebbe FIR,22.2033,120.8996
Entebbe FIR,23.3719,120.8996
Entebbe FIR,24.5405,120.8996
Entebbe FIR,25.7091,120.8996
Entebbe FIR,26.8777,120.8996
Entebbe FIR,28.0463,120.8996
Entebbe FIR,29.2149,120.8996
Entebbe FIR,30.3834,120.8996
Entebbe FIR,31.552,120.8996
Entebbe FIR,32.7206,120.8996
Entebbe FIR,33.8892,120.8996
Entebbe FIR,35.0578,120.8996
Entebbe FIR,36.2264,120.8996
Entebbe FIR,37.395,120.8996
Entebbe FIR,38.5636,120.8996
Entebbe FIR,39.7322,120.8996
Entebbe FIR,40.9008,120.8996
Entebbe FIR,42.0694,120.8996
Entebbe FIR,43.238,120.8996
Entebbe FIR,44.4066,120.8996
Entebbe FIR,45.5752,120.8996
Entebbe FIR,46.7438,120.8996
Entebbe FIR,47.9124,120.8996
Entebbe FIR,49.0809,120.8996
Entebbe FIR,50.2495,120.8996
Entebbe FIR,51.4181,120.8996
Entebbe FIR,52.5867,120.8996
Entebbe FIR,53.7553,120.8996
Entebbe FIR,54.9239,120.8996
Entebbe FIR,56.0925,120.8996
Entebbe FIR,57.2611,120.8996
Entebbe FIR,58.4297,120.8996
Entebbe FIR,59.5983,120.8996
Entebbe FIR,60.7669,120.8996
Entebbe FIR,61.9355,120.8996
Entebbe FIR,63.1041,120.8996
Entebbe FIR,64.2727,120.8996
Entebbe FIR,65.4413,120.8996
Entebbe FIR,66.6099,120.8996
Entebbe FIR,67.7785,120.8996
Entebbe FIR,68.947,120.8996
Entebbe FIR,70.1156,120.8996
Entebbe FIR,71.2842,120.8996
Entebbe FIR,72.4528,120.8996
Entebbe FIR,73.6214,120.8996
Entebbe FIR,74.79,120.8996
Entebbe FIR,75.9586,120.8996
Entebbe FIR,77.1272,120.8996
Entebbe FIR,78.2958,120.8996
Entebbe FIR,79.4644,120.8996
Entebbe FIR,80.633,120.8996
Entebbe FIR,81.8016,120.8996
Entebbe FIR,82.9702,120.8996
Entebbe FIR,84.1388,120.8996
Entebbe FIR,85.3074,120.8996
Entebbe FIR,86.476,120.8996
Entebbe FIR,87.6446,120.8996
Entebbe FIR,88.8131,120.8996
Entebbe FIR,89.9817,120.8996
Entebbe FIR,91.1503,120.8996
Entebbe FIR,92.3189,120.8996
Entebbe FIR,93.4875,120.8995
Entebbe FIR,94.6561,120.8821
Entebbe FIR,95.8247,120.7445
Entebbe FIR,96.9933,120.0863
Entebbe FIR,98.1619,117.7186
Entebbe FIR,99.3305,111.3725
Albuquerque FIR,0.0,0.7262
Albuquerque FIR,1.1112,30.6559
Albuquerque FIR,2.2225,48.748
Albuquerque FIR,3.3337,62.2989
Albuquerque FIR,4.445,73.1411
Albuquerque FIR,5.5562,82.0309
Albuquerque FIR,6.6674,89.2233
Albuquerque FIR,7.7787,95.1897
Albuquerque FIR,8.8899,100.2978
Albuquerque FIR,10.0012,104.6795
Albuquerque FIR,11.1124,108.4895
Albuquerque FIR,12.2236,111.8354
Albuquerque FIR,13.3349,114.7856
Albuquerque FIR,14.4461,117.3498
Albuquerque FIR,15.5574,119.5801
Albuquerque FIR,16.6686,121.5598
Albuquerque FIR,17.7798,123.3506
Albuquerque FIR,18.8911,124.9362
Albuquerque FIR,20.0023,126.3298
Albuquerque FIR,21.1136,127.5548
Albuquerque FIR,22.2248,128.6396
Albuquerque FIR,23.336,129.6019
Albuquerque FIR,24.4473,130.4404
Albuquerque FIR,25.5585,131.1841
Albuquerque FIR,26.6698,131.8441
Albuquerque FIR,27.781,132.4248
Albuquerque FIR,28.8922,132.9384
Albuquerque FIR,30.0035,133.3919
Albuquerque FIR,31.1147,133.7853
Albuquerque FIR,32.226,134.13
Albuquerque FIR,33.3372,134.4236
Albuquerque FIR,34.4484,134.6725
Albuquerque FIR,35.5597,134.8849
Albuquerque FIR,36.6709,135.0635
Albuquerque FIR,37.7822,135.2089
Albuquerque FIR,38.8934,135.3214
Albuquerque FIR,40.0046,135.4096
Albuquerque FIR,41.1159,135.4784
Albuquerque FIR,42.2271,135.5305
Albuquerque FIR,43.3383,135.5691
Albuquerque FIR,44.4496,135.5973
Albuquerque FIR,45.5608,135.6162
Albuquerque FIR,46.6721,135.6286
Albuquerque FIR,47.7833,135.6357
Albuquerque FIR,48.8945,135.639
Albuquerque FIR,50.0058,135.6404
Albuquerque FIR,51.117,135.6409
Albuquerque FIR,52.2283,135.6409
Albuquerque FIR,53.3395,135.6409
Albuquerque FIR,54.4507,135.6409
Albuquerque FIR,55.562,135.6409
Albuquerque FIR,56.6732,135.6409
Albuquerque FIR,57.7845,135.6409
Albuquerque FIR,58.8957,135.6409
Albuquerque FIR,60.0069,135.6409
Albuquerque FIR,61.1182,135.6409
Albuquerque FIR,62.2294,135.6409
Albuquerque FIR,63.3407,135.6409
Albuquerque FIR,64.4519,135.6409
Albuquerque FIR,65.5631,135.6409
Albuquerque FIR,66.6744,135.6409
Albuquerque FIR,67.7856,135.6409
Albuquerque FIR,68.8969,135.6409
Albuquerque FIR,70.0081,135.6409
Albuquerque FIR,71.1193,135.6409
Albuquerque FIR,72.2306,135.6409
Albuquerque FIR,73.3418,135.6409
Albuquerque FIR,74.4531,135.6409
Albuquerque FIR,75.5643,135.6409
Albuquerque FIR,76.6755,135.6409
Albuquerque FIR,77.7868,135.6409
Albuquerque FIR,78.898,135.6409
Albuquerque FIR,80.0093,135.6409
Albuquerque FIR,81.1205,135.6409
Albuquerque FIR,82.2317,135.6406
Albuquerque FIR,83.343,135.639
Albuquerque FIR,84.4542,135.6332
Albuquerque FIR,85.5655,135.6165
Albuquerque FIR,86.6767,135.5792
Albuquerque FIR,87.7879,135.5093
Albuquerque FIR,88.8992,135.3965
Albuquerque FIR,90.0104,135.2219
Albuquerque FIR,91.1217,134.9532
Albuquerque FIR,92.2329,134.5304
Albuquerque FIR,93.3441,133.9014
Albuquerque FIR,94.4554,132.9122
Albuquerque FIR,95.5666,131.2803
Albuquerque FIR,96.6779,128.6874
Albuquerque FIR,97.7891,124.3662
Albuquerque FIR,98.9003,116.7235
Oakland Oceanic FIR,0.0,0.1135
Oakland Oceanic FIR,1.1112,6.8435
Oakland Oceanic FIR,2.2225,11.9726
Oakland Oceanic FIR,3.3337,16.5354
Oakland Oceanic FIR,4.445,20.6668
Oakland Oceanic FIR,5.5562,24.5002
Oakland Oceanic FIR,6.6674,28.0588
Oakland Oceanic FIR,7.7787,31.416
Oakland Oceanic FIR,8.8899,34.5875
Oakland Oceanic FIR,10.0012,37.5703
Oakland Oceanic FIR,11.1124,40.4105
Oakland Oceanic FIR,12.2236,43.106
Oakland Oceanic FIR,13.3349,45.6818
Oakland Oceanic FIR,14.4461,48.1484
Oakland Oceanic FIR,15.5574,50.5226
Oakland Oceanic FIR,16.6686,52.7991
Oakland Oceanic FIR,17.7798,54.9776
Oakland Oceanic FIR,18.8911,57.0691
Oakland Oceanic FIR,20.0023,59.0887
Oakland Oceanic FIR,21.1136,61.0326
Oakland Oceanic FIR,22.2248,62.8999
Oakland Oceanic FIR,23.336,64.6987
Oakland Oceanic FIR,24.4473,66.4377
Oakland Oceanic FIR,25.5585,68.1199
Oakland Oceanic FIR,26.6698,69.7529
Oakland Oceanic FIR,27.781,71.3393
Oakland Oceanic FIR,28.8922,72.8759
Oakland Oceanic FIR,30.0035,74.3586
Oakland Oceanic FIR,31.1147,75.7933
Oakland Oceanic FIR,32.226,77.1821
Oakland Oceanic FIR,33.3372,78.5261
Oakland Oceanic FIR,34.4484,79.8265
Oakland Oceanic FIR,35.5597,81.0844
Oakland Oceanic FIR,36.6709,82.2976
Oakland Oceanic FIR,37.7822,83.4697
Oakland Oceanic FIR,38.8934,84.5996
Oakland Oceanic FIR,40.0046,85.6872
Oakland Oceanic FIR,41.1159,86.7367
Oakland Oceanic FIR,42.2271,87.752
Oakland Oceanic FIR,43.3383,88.7321
Oakland Oceanic FIR,44.4496,89.68
Oakland Oceanic FIR,45.5608,90.5969
Oakland Oceanic FIR,46.6721,91.4842
Oakland Oceanic FIR,47.7833,92.3382
Oakland Oceanic FIR,48.8945,93.1612
Oakland Oceanic FIR,50.0058,93.9504
Oakland Oceanic FIR,51.117,94.7024
Oakland Oceanic FIR,52.2283,95.4242
Oakland Oceanic FIR,53.3395,96.1147
Oakland Oceanic FIR,54.4507,96.7717
Oakland Oceanic FIR,55.562,97.4021
Oakland Oceanic FIR,56.6732,98.0071
Oakland Oceanic FIR,57.7845,98.5848
Oakland Oceanic FIR,58.8957,99.1375
Oakland Oceanic FIR,60.0069,99.6617
Oakland Oceanic FIR,61.1182,100.158
Oakland Oceanic FIR,62.2294,100.6285
Oakland Oceanic FIR,63.3407,101.0746
Oakland Oceanic FIR,64.4519,101.4958
Oakland Oceanic FIR,65.5631,101.8928
Oakland Oceanic FIR,66.6744,102.2675
Oakland Oceanic FIR,67.7856,102.6155
Oakland Oceanic FIR,68.8969,102.9417
Oakland Oceanic FIR,70.0081,103.2472
Oakland Oceanic FIR,71.1193,103.5338
Oakland Oceanic FIR,72.2306,103.8014
Oakland Oceanic FIR,73.3418,104.0455
Oakland Oceanic FIR,74.4531,104.2673
Oakland Oceanic FIR,75.5643,104.4661
Oakland Oceanic FIR,76.6755,104.6448
Oakland Oceanic FIR,77.7868,104.8041
Oakland Oceanic FIR,78.898,104.9406
Oakland Oceanic FIR,80.0093,105.0564
Oakland Oceanic FIR,81.1205,105.1504
Oakland Oceanic FIR,82.2317,105.2234
Oakland Oceanic FIR,83.343,105.2741
Oakland Oceanic FIR,84.4542,105.3014
Oakland Oceanic FIR,85.5655,105.3071
Oakland Oceanic FIR,86.6767,105.2915
Oakland Oceanic FIR,87.7879,105.2503
Oakland Oceanic FIR,88.8992,105.1794
Oakland Oceanic FIR,90.0104,105.0722
Oakland Oceanic FIR,91.1217,104.9294
Oakland Oceanic FIR,92.2329,104.7416
Oakland Oceanic FIR,93.3441,104.4948
Oakland Oceanic FIR,94.4554,104.1825
Oakland Oceanic FIR,95.5666,103.7886
Oakland Oceanic FIR,96.6779,103.275
Oakland Oceanic FIR,97.7891,102.5868
Oakland Oceanic FIR,98.9003,101.6119
Chicago FIR,0.0,0.892
Chicago FIR,1.1112,30.6615
Chicago FIR,2.2225,46.1808
Chicago FIR,3.3337,58.0691
Chicago FIR,4.445,67.6301
Chicago FIR,5.5562,75.5966
Chicago FIR,6.6674,82.127
Chicago FIR,7.7787,87.657
Chicago FIR,8.8899,92.4168
Chicago FIR,10.0012,96.5345
Chicago FIR,11.1124,100.045
Chicago FIR,12.2236,103.1106
Chicago FIR,13.3349,105.8296
Chicago FIR,14.4461,108.2504
Chicago FIR,15.5574,110.4218
Chicago FIR,16.6686,112.3701
Chicago FIR,17.7798,114.141
Chicago FIR,18.8911,115.7153
Chicago FIR,20.0023,117.1249
Chicago FIR,21.1136,118.3817
Chicago FIR,22.2248,119.4957
Chicago FIR,23.336,120.4808
Chicago FIR,24.4473,121.3463
Chicago FIR,25.5585,122.1127
Chicago FIR,26.6698,122.791
Chicago FIR,27.781,123.3995
Chicago FIR,28.8922,123.94
Chicago FIR,30.0035,124.4163
Chicago FIR,31.1147,124.8364
Chicago FIR,32.226,125.2041
Chicago FIR,33.3372,125.5231
Chicago FIR,34.4484,125.8032
Chicago FIR,35.5597,126.047
Chicago FIR,36.6709,126.2514
Chicago FIR,37.7822,126.4218
Chicago FIR,38.8934,126.5634
Chicago FIR,40.0046,126.6791
Chicago FIR,41.1159,126.7723
Chicago FIR,42.2271,126.8464
Chicago FIR,43.3383,126.9058
Chicago FIR,44.4496,126.9534
Chicago FIR,45.5608,126.9908
Chicago FIR,46.6721,127.0197
Chicago FIR,47.7833,127.0405
Chicago FIR,48.8945,127.054
Chicago FIR,50.0058,127.0625
Chicago FIR,51.117,127.0677
Chicago FIR,52.2283,127.0706
Chicago FIR,53.3395,127.0718
Chicago FIR,54.4507,127.0722
Chicago FIR,55.562,127.0722
Chicago FIR,56.6732,127.0722
Chicago FIR,57.7845,127.0722
Chicago FIR,58.8957,127.0722
Chicago FIR,60.0069,127.0722
Chicago FIR,61.1182,127.0722
Chicago FIR,62.2294,127.0722
Chicago FIR,63.3407,127.0722
Chicago FIR,64.4519,127.0722
Chicago FIR,65.5631,127.0722
Chicago FIR,66.6744,127.0722
Chicago FIR,67.7856,127.0722
Chicago FIR,68.8969,127.0722
Chicago FIR,70.0081,127.0722
Chicago FIR,71.1193,127.0722
Chicago FIR,72.2306,127.0722
Chicago FIR,73.3418,127.0722
Chicago FIR,74.4531,127.0722
Chicago FIR,75.5643,127.0722
Chicago FIR,76.6755,127.0722
Chicago FIR,77.7868,127.0722
Chicago FIR,78.898,127.0722
Chicago FIR,80.0093,127.0722
Chicago FIR,81.1205,127.0719
Chicago FIR,82.2317,127.0698
Chicago FIR,83.343,127.0618
Chicago FIR,84.4542,127.0418
Chicago FIR,85.5655,126.9974
Chicago FIR,86.6767,126.9213
Chicago FIR,87.7879,126.7892
Chicago FIR,88.8992,126.5885
Chicago FIR,90.0104,126.2926
Chicago FIR,91.1217,125.8645
Chicago FIR,92.2329,125.3046
Chicago FIR,93.3441,124.5401
Chicago FIR,94.4554,123.4371
Chicago FIR,95.5666,121.8873
Chicago FIR,96.6779,119.7284
Chicago FIR,97.7891,116.5811
Chicago FIR,98.9003,111.7299
Boston FIR,0.0,0.3962
Boston FIR,1.1112,22.6209
Boston FIR,2.2225,36.5033
Boston FIR,3.3337,47.0843
Boston FIR,4.445,55.7541
Boston FIR,5.5562,63.1578
Boston FIR,6.6674,69.5626
Boston FIR,7.7787,75.0865
Boston FIR,8.8899,79.9085
Boston FIR,10.0012,84.119
Boston FIR,11.1124,87.882
Boston FIR,12.2236,91.2394
Boston FIR,13.3349,94.1652
Boston FIR,14.4461,96.7317
Boston FIR,15.5574,99.0041
Boston FIR,16.6686,101.0132
Boston FIR,17.7798,102.7757
Boston FIR,18.8911,104.3242
Boston FIR,20.0023,105.7248
Boston FIR,21.1136,106.9784
Boston FIR,22.2248,108.0758
Boston FIR,23.336,109.0199
Boston FIR,24.4473,109.8619
Boston FIR,25.5585,110.6143
Boston FIR,26.6698,111.2881
Boston FIR,27.781,111.8829
Boston FIR,28.8922,112.4091
Boston FIR,30.0035,112.881
Boston FIR,31.1147,113.3015
Boston FIR,32.226,113.6765
Boston FIR,33.3372,113.9989
Boston FIR,34.4484,114.2813
Boston FIR,35.5597,114.5306
Boston FIR,36.6709,114.7446
Boston FIR,37.7822,114.9309
Boston FIR,38.8934,115.0854
Boston FIR,40.0046,115.2152
Boston FIR,41.1159,115.3206
Boston FIR,42.2271,115.4051
Boston FIR,43.3383,115.4719
Boston FIR,44.4496,115.5246
Boston FIR,45.5608,115.565
Boston FIR,46.6721,115.596
Boston FIR,47.7833,115.6176
Boston FIR,48.8945,115.6319
Boston FIR,50.0058,115.6408
Boston FIR,51.117,115.6459
Boston FIR,52.2283,115.6486
Boston FIR,53.3395,115.6494
Boston FIR,54.4507,115.6495
Boston FIR,55.562,115.6495
Boston FIR,56.6732,115.6495
Boston FIR,57.7845,115.6495
Boston FIR,58.8957,115.6495
Boston FIR,60.0069,115.6495
Boston FIR,61.1182,115.6495
Boston FIR,62.2294,115.6495
Boston FIR,63.3407,115.6495
Boston FIR,64.4519,115.6495
Boston FIR,65.5631,115.6495
Boston FIR,66.6744,115.6495
Boston FIR,67.7856,115.6495
Boston FIR,68.8969,115.6495
Boston FIR,70.0081,115.6495
Boston FIR,71.1193,115.6495
Boston FIR,72.2306,115.6495
Boston FIR,73.3418,115.6495
Boston FIR,74.4531,115.6495
Boston FIR,75.5643,115.6495
Boston FIR,76.6755,115.6495
Boston FIR,77.7868,115.6495
Boston FIR,78.898,115.6495
Boston FIR,80.0093,115.649
Boston FIR,81.1205,115.6469
Boston FIR,82.2317,115.6407
Boston FIR,83.343,115.6267
Boston FIR,84.4542,115.6003
Boston FIR,85.5655,115.5566
Boston FIR,86.6767,115.491
Boston FIR,87.7879,115.3921
Boston FIR,88.8992,115.249
Boston FIR,90.0104,115.0409
Boston FIR,91.1217,114.7525
Boston FIR,92.2329,114.3427
Boston FIR,93.3441,113.7614
Boston FIR,94.4554,112.977
Boston FIR,95.5666,111.924
Boston FIR,96.6779,110.5066
Boston FIR,97.7891,108.6078
Boston FIR,98.9003,105.716
Washington FIR,0.0,0.5652
Washington FIR,1.1112,29.0345
Washington FIR,2.2225,45.724
Washington FIR,3.3337,58.2383
Washington FIR,4.445,68.1702
Washington FIR,5.5562,76.4522
Washington FIR,6.6674,83.3245
Washington FIR,7.7787,89.0834
Washington FIR,8.8899,93.8981
Washington FIR,10.0012,97.9647
Washington FIR,11.1124,101.487
Washington FIR,12.2236,104.5794
Washington FIR,13.3349,107.2736
Washington FIR,14.4461,109.6153
Washington FIR,15.5574,111.6766
Washington FIR,16.6686,113.4712
Washington FIR,17.7798,115.0567
Washington FIR,18.8911,116.48
Washington FIR,20.0023,117.736
Washington FIR,21.1136,118.8569
Washington FIR,22.2248,119.8462
Washington FIR,23.336,120.7089
Washington FIR,24.4473,121.465
Washington FIR,25.5585,122.1342
Washington FIR,26.6698,122.7201
Washington FIR,27.781,123.236
Washington FIR,28.8922,123.6851
Washington FIR,30.0035,124.0799
Washington FIR,31.1147,124.4177
Washington FIR,32.226,124.7113
Washington FIR,33.3372,124.9648
Washington FIR,34.4484,125.1877
Washington FIR,35.5597,125.3835
Washington FIR,36.6709,125.5508
Washington FIR,37.7822,125.6978
Washington FIR,38.8934,125.8262
Washington FIR,40.0046,125.9333
Washington FIR,41.1159,126.0233
Washington FIR,42.2271,126.0977
Washington FIR,43.3383,126.1578
Washington FIR,44.4496,126.2057
Washington FIR,45.5608,126.2442
Washington FIR,46.6721,126.2744
Washington FIR,47.7833,126.2969
Washington FIR,48.8945,126.3136
Washington FIR,50.0058,126.3255
Washington FIR,51.117,126.3338
Washington FIR,52.2283,126.3389
Washington FIR,53.3395,126.3419
Washington FIR,54.4507,126.3435
Washington FIR,55.562,126.344
Washington FIR,56.6732,126.3441
Washington FIR,57.7845,126.3441
Washington FIR,58.8957,126.3441
Washington FIR,60.0069,126.3441
Washington FIR,61.1182,126.3441
Washington FIR,62.2294,126.3441
Washington FIR,63.3407,126.3441
Washington FIR,64.4519,126.3441
Washington FIR,65.5631,126.3441
Washington FIR,66.6744,126.3441
Washington FIR,67.7856,126.3441
Washington FIR,68.8969,126.3441
Washington FIR,70.0081,126.3441
Washington FIR,71.1193,126.3441
Washington FIR,72.2306,126.3441
Washington FIR,73.3418,126.3441
Washington FIR,74.4531,126.3441
Washington FIR,75.5643,126.3441
Washington FIR,76.6755,126.3441
Washington FIR,77.7868,126.3441
Washington FIR,78.898,126.3439
Washington FIR,80.0093,126.3424
Washington FIR,81.1205,126.3373
Washington FIR,82.2317,126.3271
Washington FIR,83.343,126.3078
Washington FIR,84.4542,126.2732
Washington FIR,85.5655,126.2122
Washington FIR,86.6767,126.109
Washington FIR,87.7879,125.9548
Washington FIR,88.8992,125.725
Washington FIR,90.0104,125.407
Washington FIR,91.1217,124.966
Washington FIR,92.2329,124.3754
Washington FIR,93.3441,123.5931
Washington FIR,94.4554,122.4852
Washington FIR,95.5666,120.8509
Washington FIR,96.6779,118.5153
Washington FIR,97.7891,115.1226
Washington FIR,98.9003,110.1683
Denver FIR,0.0,0.4735
Denver FIR,1.1112,24.4511
Denver FIR,2.2225,39.3219
Denver FIR,3.3337,50.742
Denver FIR,4.445,59.9052
Denver FIR,5.5562,67.3269
Denver FIR,6.6674,73.5372
Denver FIR,7.7787,78.9636
Denver FIR,8.8899,83.6949
Denver FIR,10.0012,87.8275
Denver FIR,11.1124,91.4212
Denver FIR,12.2236,94.5221
Denver FIR,13.3349,97.2984
Denver FIR,14.4461,99.7608
Denver FIR,15.5574,101.9116
Denver FIR,16.6686,103.7699
Denver FIR,17.7798,105.403
Denver FIR,18.8911,106.835
Denver FIR,20.0023,108.0927
Denver FIR,21.1136,109.1948
Denver FIR,22.2248,110.1573
Denver FIR,23.336,111.0022
Denver FIR,24.4473,111.7372
Denver FIR,25.5585,112.3833
Denver FIR,26.6698,112.9558
Denver FIR,27.781,113.4696
Denver FIR,28.8922,113.9255
Denver FIR,30.0035,114.3301
Denver FIR,31.1147,114.6869
Denver FIR,32.226,114.9993
Denver FIR,33.3372,115.2756
Denver FIR,34.4484,115.5203
Denver FIR,35.5597,115.7388
Denver FIR,36.6709,115.934
Denver FIR,37.7822,116.1065
Denver FIR,38.8934,116.2566
Denver FIR,40.0046,116.3882
Denver FIR,41.1159,116.5011
Denver FIR,42.2271,116.5977
Denver FIR,43.3383,116.6812
Denver FIR,44.4496,116.7528
Denver FIR,45.5608,116.814
Denver FIR,46.6721,116.8644
Denver FIR,47.7833,116.9045
Denver FIR,48.8945,116.9371
Denver FIR,50.0058,116.9638
Denver FIR,51.117,116.9854
Denver FIR,52.2283,117.0018
Denver FIR,53.3395,117.014
Denver FIR,54.4507,117.023
Denver FIR,55.562,117.0289
Denver FIR,56.6732,117.0328
Denver FIR,57.7845,117.0352
Denver FIR,58.8957,117.0365
Denver FIR,60.0069,117.0369
Denver FIR,61.1182,117.0371
Denver FIR,62.2294,117.0371
Denver FIR,63.3407,117.0371
Denver FIR,64.4519,117.0371
Denver FIR,65.5631,117.0371
Denver FIR,66.6744,117.0371
Denver FIR,67.7856,117.0371
Denver FIR,68.8969,117.0371
Denver FIR,70.0081,117.0371
Denver FIR,71.1193,117.0371
Denver FIR,72.2306,117.0371
Denver FIR,73.3418,117.0371
Denver FIR,74.4531,117.0371
Denver FIR,75.5643,117.0371
Denver FIR,76.6755,117.0371
Denver FIR,77.7868,117.0371
Denver FIR,78.898,117.0371
Denver FIR,80.0093,117.0369
Denver FIR,81.1205,117.036
Denver FIR,82.2317,117.0335
Denver FIR,83.343,117.0277
Denver FIR,84.4542,117.0166
Denver FIR,85.5655,116.9968
Denver FIR,86.6767,116.9646
Denver FIR,87.7879,116.9134
Denver FIR,88.8992,116.8345
Denver FIR,90.0104,116.7199
Denver FIR,91.1217,116.5458
Denver FIR,92.2329,116.282
Denver FIR,93.3441,115.9023
Denver FIR,94.4554,115.3444
Denver FIR,95.5666,114.5152
Denver FIR,96.6779,113.2246
Denver FIR,97.7891,111.1716
Denver FIR,98.9003,107.7462
Fort Worth FIR,0.0,0.6506
Fort Worth FIR,1.1112,29.5301
Fort Worth FIR,2.2225,44.4881
Fort Worth FIR,3.3337,55.7298
Fort Worth FIR,4.445,64.512
Fort Worth FIR,5.5562,71.6925
Fort Worth FIR,6.6674,77.6032
Fort Worth FIR,7.7787,82.7371
Fort Worth FIR,8.8899,87.2314
Fort Worth FIR,10.0012,91.1712
Fort Worth FIR,11.1124,94.5726
Fort Worth FIR,12.2236,97.5227
Fort Worth FIR,13.3349,100.1314
Fort Worth FIR,14.4461,102.407
Fort Worth FIR,15.5574,104.4099
Fort Worth FIR,16.6686,106.1941
Fort Worth FIR,17.7798,107.7923
Fort Worth FIR,18.8911,109.2026
Fort Worth FIR,20.0023,110.4683
Fort Worth FIR,21.1136,111.5984
Fort Worth FIR,22.2248,112.6192
Fort Worth FIR,23.336,113.5235
Fort Worth FIR,24.4473,114.3299
Fort Worth FIR,25.5585,115.0398
Fort Worth FIR,26.6698,115.6579
Fort Worth FIR,27.781,116.2117
Fort Worth FIR,28.8922,116.704
Fort Worth FIR,30.0035,117.1263
Fort Worth FIR,31.1147,117.4905
Fort Worth FIR,32.226,117.812
Fort Worth FIR,33.3372,118.0867
Fort Worth FIR,34.4484,118.319
Fort Worth FIR,35.5597,118.5203
Fort Worth FIR,36.6709,118.6952
Fort Worth FIR,37.7822,118.8443
Fort Worth FIR,38.8934,118.9703
Fort Worth FIR,40.0046,119.0757
Fort Worth FIR,41.1159,119.1618
Fort Worth FIR,42.2271,119.2314
Fort Worth FIR,43.3383,119.2858
Fort Worth FIR,44.4496,119.3266
Fort Worth FIR,45.5608,119.3571
Fort Worth FIR,46.6721,119.3799
Fort Worth FIR,47.7833,119.3969
Fort Worth FIR,48.8945,119.4091
Fort Worth FIR,50.0058,119.4168
Fort Worth FIR,51.117,119.4212
Fort Worth FIR,52.2283,119.4234
Fort Worth FIR,53.3395,119.4242
Fort Worth FIR,54.4507,119.4245
Fort Worth FIR,55.562,119.4245
Fort Worth FIR,56.6732,119.4245
Fort Worth FIR,57.7845,119.4245
Fort Worth FIR,58.8957,119.4245
Fort Worth FIR,60.0069,119.4245
Fort Worth FIR,61.1182,119.4245
Fort Worth FIR,62.2294,119.4245
Fort Worth FIR,63.3407,119.4245
Fort Worth FIR,64.4519,119.4245
Fort Worth FIR,65.5631,119.4245
Fort Worth FIR,66.6744,119.4245
Fort Worth FIR,67.7856,119.4245
Fort Worth FIR,68.8969,119.4245
Fort Worth FIR,70.0081,119.4245
Fort Worth FIR,71.1193,119.4245
Fort Worth FIR,72.2306,119.4245
Fort Worth FIR,73.3418,119.4245
Fort Worth FIR,74.4531,119.4245
Fort Worth FIR,75.5643,119.4245
Fort Worth FIR,76.6755,119.4245
Fort Worth FIR,77.7868,119.4245
Fort Worth FIR,78.898,119.4245
Fort Worth FIR,80.0093,119.4245
Fort Worth FIR,81.1205,119.4245
Fort Worth FIR,82.2317,119.4245
Fort Worth FIR,83.343,119.4245
Fort Worth FIR,84.4542,119.4243
Fort Worth FIR,85.5655,119.4231
Fort Worth FIR,86.6767,119.4183
Fort Worth FIR,87.7879,119.4054
Fort Worth FIR,88.8992,119.3736
Fort Worth FIR,90.0104,119.3086
Fort Worth FIR,91.1217,119.1942
Fort Worth FIR,92.2329,118.9853
Fort Worth FIR,93.3441,118.6475
Fort Worth FIR,94.4554,118.0874
Fort Worth FIR,95.5666,117.1833
Fort Worth FIR,96.6779,115.7205
Fort Worth FIR,97.7891,113.4725
Fort Worth FIR,98.9003,109.6257
Houston FIR,0.0,0.6706
Houston FIR,1.1112,28.7446
Houston FIR,2.2225,43.283
Houston FIR,3.3337,54.0152
Houston FIR,4.445,62.3265
Houston FIR,5.5562,68.912
Houston FIR,6.6674,74.2895
Houston FIR,7.7787,78.8091
Houston FIR,8.8899,82.656
Houston FIR,10.0012,86.0006
Houston FIR,11.1124,88.9268
Houston FIR,12.2236,91.5037
Houston FIR,13.3349,93.8111
Houston FIR,14.4461,95.8555
Houston FIR,15.5574,97.6671
Houston FIR,16.6686,99.2641
Houston FIR,17.7798,100.7094
Houston FIR,18.8911,102.0266
Houston FIR,20.0023,103.2148
Houston FIR,21.1136,104.2718
Houston FIR,22.2248,105.2215
Houston FIR,23.336,106.0685
Houston FIR,24.4473,106.8303
Houston FIR,25.5585,107.5231
Houston FIR,26.6698,108.1498
Houston FIR,27.781,108.7199
Houston FIR,28.8922,109.2279
Houston FIR,30.0035,109.6792
Houston FIR,31.1147,110.0781
Houston FIR,32.226,110.4383
Houston FIR,33.3372,110.7604
Houston FIR,34.4484,111.0524
Houston FIR,35.5597,111.3165
Houston FIR,36.6709,111.552
Houston FIR,37.7822,111.7592
Houston FIR,38.8934,111.9403
Houston FIR,40.0046,112.0958
Houston FIR,41.1159,112.2315
Houston FIR,42.2271,112.3497
Houston FIR,43.3383,112.4509
Houston FIR,44.4496,112.5356
Houston FIR,45.5608,112.6069
Houston FIR,46.6721,112.6659
Houston FIR,47.7833,112.7153
Houston FIR,48.8945,112.7559
Houston FIR,50.0058,112.7892
Houston FIR,51.117,112.8146
Houston FIR,52.2283,112.8338
Houston FIR,53.3395,112.8481
Houston FIR,54.4507,112.8581
Houston FIR,55.562,112.8643
Houston FIR,56.6732,112.868
Houston FIR,57.7845,112.87
Houston FIR,58.8957,112.8708
Houston FIR,60.0069,112.871
Houston FIR,61.1182,112.871
Houston FIR,62.2294,112.871
Houston FIR,63.3407,112.871
Houston FIR,64.4519,112.871
Houston FIR,65.5631,112.871
Houston FIR,66.6744,112.871
Houston FIR,67.7856,112.871
Houston FIR,68.8969,112.871
Houston FIR,70.0081,112.871
Houston FIR,71.1193,112.871
Houston FIR,72.2306,112.871
Houston FIR,73.3418,112.871
Houston FIR,74.4531,112.871
Houston FIR,75.5643,112.871
Houston FIR,76.6755,112.871
Houston FIR,77.7868,112.871
Houston FIR,78.898,112.871
Houston FIR,80.0093,112.8708
Houston FIR,81.1205,112.8694
Houston FIR,82.2317,112.8635
Houston FIR,83.343,112.8479
Houston FIR,84.4542,112.8184
Houston FIR,85.5655,112.7708
Houston FIR,86.6767,112.6996
Houston FIR,87.7879,112.6014
Houston FIR,88.8992,112.4646
Houston FIR,90.0104,112.2827
Houston FIR,91.1217,112.0422
Houston FIR,92.2329,111.7225
Houston FIR,93.3441,111.2937
Houston FIR,94.4554,110.7463
Houston FIR,95.5666,110.0343
Houston FIR,96.6779,109.0748
Houston FIR,97.7891,107.6523
Houston FIR,98.9003,105.3992
Indianapolis FIR,0.0,0.7358
Indianapolis FIR,1.1112,30.6851
Indianapolis FIR,2.2225,46.9811
Indianapolis FIR,3.3337,58.9564
Indianapolis FIR,4.445,68.3182
Indianapolis FIR,5.5562,76.0093
Indianapolis FIR,6.6674,82.4792
Indianapolis FIR,7.7787,88.1109
Indianapolis FIR,8.8899,92.9389
Indianapolis FIR,10.0012,97.1543
Indianapolis FIR,11.1124,100.8219
Indianapolis FIR,12.2236,104.0074
Indianapolis FIR,13.3349,106.8619
Indianapolis FIR,14.4461,109.3865
Indianapolis FIR,15.5574,111.6453
Indianapolis FIR,16.6686,113.6803
Indianapolis FIR,17.7798,115.5128
Indianapolis FIR,18.8911,117.1564
Indianapolis FIR,20.0023,118.6119
Indianapolis FIR,21.1136,119.9115
Indianapolis FIR,22.2248,121.077
Indianapolis FIR,23.336,122.1244
Indianapolis FIR,24.4473,123.0741
Indianapolis FIR,25.5585,123.9224
Indianapolis FIR,26.6698,124.6776
Indianapolis FIR,27.781,125.3456
Indianapolis FIR,28.8922,125.942
Indianapolis FIR,30.0035,126.4645
Indianapolis FIR,31.1147,126.9218
Indianapolis FIR,32.226,127.3292
Indianapolis FIR,33.3372,127.6865
Indianapolis FIR,34.4484,127.9998
Indianapolis FIR,35.5597,128.2767
Indianapolis FIR,36.6709,128.5145
Indianapolis FIR,37.7822,128.7187
Indianapolis FIR,38.8934,128.8881
Indianapolis FIR,40.0046,129.0271
Indianapolis FIR,41.1159,129.1403
Indianapolis FIR,42.2271,129.2312
Indianapolis FIR,43.3383,129.3042
Indianapolis FIR,44.4496,129.3602
Indianapolis FIR,45.5608,129.4016
Indianapolis FIR,46.6721,129.4313
Indianapolis FIR,47.7833,129.4512
Indianapolis FIR,48.8945,129.464
Indianapolis FIR,50.0058,129.4714
Indianapolis FIR,51.117,129.4747
Indianapolis FIR,52.2283,129.476
Indianapolis FIR,53.3395,129.4763
Indianapolis FIR,54.4507,129.4763
Indianapolis FIR,55.562,129.4763
Indianapolis FIR,56.6732,129.4763
Indianapolis FIR,57.7845,129.4763
Indianapolis FIR,58.8957,129.4763
Indianapolis FIR,60.0069,129.4763
Indianapolis FIR,61.1182,129.4763
Indianapolis FIR,62.2294,129.4763
Indianapolis FIR,63.3407,129.4763
Indianapolis FIR,64.4519,129.4763
Indianapolis FIR,65.5631,129.4763
Indianapolis FIR,66.6744,129.4763
Indianapolis FIR,67.7856,129.4763
Indianapolis FIR,68.8969,129.4763
Indianapolis FIR,70.0081,129.4763
Indianapolis FIR,71.1193,129.4763
Indianapolis FIR,72.2306,129.4763
Indianapolis FIR,73.3418,129.4763
Indianapolis FIR,74.4531,129.4763
Indianapolis FIR,75.5643,129.4763
Indianapolis FIR,76.6755,129.4763
Indianapolis FIR,77.7868,129.4763
Indianapolis FIR,78.898,129.4763
Indianapolis FIR,80.0093,129.4763
Indianapolis FIR,81.1205,129.4763
Indianapolis FIR,82.2317,129.4763
Indianapolis FIR,83.343,129.4759
Indianapolis FIR,84.4542,129.4727
Indianapolis FIR,85.5655,129.4609
Indianapolis FIR,86.6767,129.4329
Indianapolis FIR,87.7879,129.3751
Indianapolis FIR,88.8992,129.2751
Indianapolis FIR,90.0104,129.109
Indianapolis FIR,91.1217,128.8513
Indianapolis FIR,92.2329,128.4394
Indianapolis FIR,93.3441,127.8101
Indianapolis FIR,94.4554,126.8863
Indianapolis FIR,95.5666,125.405
Indianapolis FIR,96.6779,123.0872
Indianapolis FIR,97.7891,119.4112
Indianapolis FIR,98.9003,113.3298
Jacksonville FIR,0.0,0.8111
Jacksonville FIR,1.1112,32.9912
Jacksonville FIR,2.2225,49.8916
Jacksonville FIR,3.3337,61.0843
Jacksonville FIR,4.445,69.6426
Jacksonville FIR,5.5562,76.3616
Jacksonville FIR,6.6674,81.9416
Jacksonville FIR,7.7787,86.6992
Jacksonville FIR,8.8899,90.696
Jacksonville FIR,10.0012,94.1523
Jacksonville FIR,11.1124,97.1497
Jacksonville FIR,12.2236,99.7943
Jacksonville FIR,13.3349,102.1147
Jacksonville FIR,14.4461,104.1535
Jacksonville FIR,15.5574,105.9458
Jacksonville FIR,16.6686,107.5076
Jacksonville FIR,17.7798,108.8932
Jacksonville FIR,18.8911,110.1312
Jacksonville FIR,20.0023,111.2419
Jacksonville FIR,21.1136,112.2288
Jacksonville FIR,22.2248,113.1203
Jacksonville FIR,23.336,113.9229
Jacksonville FIR,24.4473,114.6412
Jacksonville FIR,25.5585,115.2794
Jacksonville FIR,26.6698,115.8537
Jacksonville FIR,27.781,116.3686
Jacksonville FIR,28.8922,116.83
Jacksonville FIR,30.0035,117.2356
Jacksonville FIR,31.1147,117.5931
Jacksonville FIR,32.226,117.908
Jacksonville FIR,33.3372,118.1857
Jacksonville FIR,34.4484,118.4308
Jacksonville FIR,35.5597,118.6482
Jacksonville FIR,36.6709,118.8351
Jacksonville FIR,37.7822,118.9976
Jacksonville FIR,38.8934,119.1379
Jacksonville FIR,40.0046,119.2579
Jacksonville FIR,41.1159,119.3603
Jacksonville FIR,42.2271,119.4481
Jacksonville FIR,43.3383,119.5219
Jacksonville FIR,44.4496,119.5827
Jacksonville FIR,45.5608,119.632
Jacksonville FIR,46.6721,119.6701
Jacksonville FIR,47.7833,119.699
Jacksonville FIR,48.8945,119.7207
Jacksonville FIR,50.0058,119.7362
Jacksonville FIR,51.117,119.7462
Jacksonville FIR,52.2283,119.7526
Jacksonville FIR,53.3395,119.7562
Jacksonville FIR,54.4507,119.7577
Jacksonville FIR,55.562,119.7581
Jacksonville FIR,56.6732,119.7582
Jacksonville FIR,57.7845,119.7582
Jacksonville FIR,58.8957,119.7582
Jacksonville FIR,60.0069,119.7582
Jacksonville FIR,61.1182,119.7582
Jacksonville FIR,62.2294,119.7582
Jacksonville FIR,63.3407,119.7582
Jacksonville FIR,64.4519,119.7582
Jacksonville FIR,65.5631,119.7582
Jacksonville FIR,66.6744,119.7582
Jacksonville FIR,67.7856,119.7582
Jacksonville FIR,68.8969,119.7582
Jacksonville FIR,70.0081,119.7582
Jacksonville FIR,71.1193,119.7582
Jacksonville FIR,72.2306,119.7582
Jacksonville FIR,73.3418,119.7582
Jacksonville FIR,74.4531,119.7582
Jacksonville FIR,75.5643,119.7582
Jacksonville FIR,76.6755,119.7582
Jacksonville FIR,77.7868,119.7582
Jacksonville FIR,78.898,119.7582
Jacksonville FIR,80.0093,119.7578
Jacksonville FIR,81.1205,119.7562
Jacksonville FIR,82.2317,119.75
Jacksonville FIR,83.343,119.735
Jacksonville FIR,84.4542,119.7085
Jacksonville FIR,85.5655,119.6614
Jacksonville FIR,86.6767,119.5792
Jacksonville FIR,87.7879,119.4464
Jacksonville FIR,88.8992,119.2512
Jacksonville FIR,90.0104,118.9864
Jacksonville FIR,91.1217,118.6212
Jacksonville FIR,92.2329,118.1247
Jacksonville FIR,93.3441,117.4848
Jacksonville FIR,94.4554,116.6685
Jacksonville FIR,95.5666,115.5758
Jacksonville FIR,96.6779,114.0544
Jacksonville FIR,97.7891,111.8424
Jacksonville FIR,98.9003,108.0727
Kansas City FIR,0.0,0.6664
Kansas City FIR,1.1112,25.0504
Kansas City FIR,2.2225,39.363
Kansas City FIR,3.3337,50.0803
Kansas City FIR,4.445,58.9059
Kansas City FIR,5.5562,66.0971
Kansas City FIR,6.6674,72.2365
Kansas City FIR,7.7787,77.5216
Kansas City FIR,8.8899,82.1846
Kansas City FIR,10.0012,86.3133
Kansas City FIR,11.1124,89.9455
Kansas City FIR,12.2236,93.1671
Kansas City FIR,13.3349,96.0497
Kansas City FIR,14.4461,98.6416
Kansas City FIR,15.5574,100.963
Kansas City FIR,16.6686,103.0507
Kansas City FIR,17.7798,104.9172
Kansas City FIR,18.8911,106.5933
Kansas City FIR,20.0023,108.1023
Kansas City FIR,21.1136,109.4743
Kansas City FIR,22.2248,110.6923
Kansas City FIR,23.336,111.7884
Kansas City FIR,24.4473,112.7731
Kansas City FIR,25.5585,113.6627
Kansas City FIR,26.6698,114.4782
Kansas City FIR,27.781,115.2159
Kansas City FIR,28.8922,115.8714
Kansas City FIR,30.0035,116.4572
Kansas City FIR,31.1147,116.9877
Kansas City FIR,32.226,117.4635
Kansas City FIR,33.3372,117.8866
Kansas City FIR,34.4484,118.2617
Kansas City FIR,35.5597,118.5938
Kansas City FIR,36.6709,118.8854
Kansas City FIR,37.7822,119.1393
Kansas City FIR,38.8934,119.3638
Kansas City FIR,40.0046,119.5573
Kansas City FIR,41.1159,119.7204
Kansas City FIR,42.2271,119.8603
Kansas City FIR,43.3383,119.9778
Kansas City FIR,44.4496,120.0774
Kansas City FIR,45.5608,120.1578
Kansas City FIR,46.6721,120.2231
Kansas City FIR,47.7833,120.2764
Kansas City FIR,48.8945,120.3175
Kansas City FIR,50.0058,120.3491
Kansas City FIR,51.117,120.3737
Kansas City FIR,52.2283,120.3918
Kansas City FIR,53.3395,120.4042
Kansas City FIR,54.4507,120.4119
Kansas City FIR,55.562,120.4162
Kansas City FIR,56.6732,120.4182
Kansas City FIR,57.7845,120.419
Kansas City FIR,58.8957,120.4191
Kansas City FIR,60.0069,120.4191
Kansas City FIR,61.1182,120.4191
Kansas City FIR,62.2294,120.4191
Kansas City FIR,63.3407,120.4191
Kansas City FIR,64.4519,120.4191
Kansas City FIR,65.5631,120.4191
Kansas City FIR,66.6744,120.4191
Kansas City FIR,67.7856,120.4191
Kansas City FIR,68.8969,120.4191
Kansas City FIR,70.0081,120.4191
Kansas City FIR,71.1193,120.4191
Kansas City FIR,72.2306,120.4191
Kansas City FIR,73.3418,120.4191
Kansas City FIR,74.4531,120.4191
Kansas City FIR,75.5643,120.4191
Kansas City FIR,76.6755,120.4191
Kansas City FIR,77.7868,120.4191
Kansas City FIR,78.898,120.4191
Kansas City FIR,80.0093,120.419
Kansas City FIR,81.1205,120.4185
Kansas City FIR,82.2317,120.4162
Kansas City FIR,83.343,120.4077
Kansas City FIR,84.4542,120.3866
Kansas City FIR,85.5655,120.3462
Kansas City FIR,86.6767,120.2827
Kansas City FIR,87.7879,120.1831
Kansas City FIR,88.8992,120.0339
Kansas City FIR,90.0104,119.8152
Kansas City FIR,91.1217,119.5056
Kansas City FIR,92.2329,119.0867
Kansas City FIR,93.3441,118.509
Kansas City FIR,94.4554,117.7113
Kansas City FIR,95.5666,116.6408
Kansas City FIR,96.6779,115.1485
Kansas City FIR,97.7891,112.8518
Kansas City FIR,98.9003,108.9855
Los Angeles FIR,0.0,0.9886
Los Angeles FIR,1.1112,37.3661
Los Angeles FIR,2.2225,56.7511
Los Angeles FIR,3.3337,70.5334
Los Angeles FIR,4.445,81.0506
Los Angeles FIR,5.5562,89.2215
Los Angeles FIR,6.6674,95.7312
Los Angeles FIR,7.7787,101.0041
Los Angeles FIR,8.8899,105.4235
Los Angeles FIR,10.0012,109.1296
Los Angeles FIR,11.1124,112.2161
Los Angeles FIR,12.2236,114.8366
Los Angeles FIR,13.3349,117.0748
Los Angeles FIR,14.4461,118.9805
Los Angeles FIR,15.5574,120.5947
Los Angeles FIR,16.6686,121.9776
Los Angeles FIR,17.7798,123.1457
Los Angeles FIR,18.8911,124.1257
Los Angeles FIR,20.0023,124.9724
Los Angeles FIR,21.1136,125.6863
Los Angeles FIR,22.2248,126.2814
Los Angeles FIR,23.336,126.7631
Los Angeles FIR,24.4473,127.1622
Los Angeles FIR,25.5585,127.497
Los Angeles FIR,26.6698,127.7701
Los Angeles FIR,27.781,127.9912
Los Angeles FIR,28.8922,128.1683
Los Angeles FIR,30.0035,128.3013
Los Angeles FIR,31.1147,128.3998
Los Angeles FIR,32.226,128.4732
Los Angeles FIR,33.3372,128.5287
Los Angeles FIR,34.4484,128.5655
Los Angeles FIR,35.5597,128.5889
Los Angeles FIR,36.6709,128.6037
Los Angeles FIR,37.7822,128.6118
Los Angeles FIR,38.8934,128.6156
Los Angeles FIR,40.0046,128.6169
Los Angeles FIR,41.1159,128.6172
Los Angeles FIR,42.2271,128.6172
Los Angeles FIR,43.3383,128.6172
Los Angeles FIR,44.4496,128.6172
Los Angeles FIR,45.5608,128.6172
Los Angeles FIR,46.6721,128.6172
Los Angeles FIR,47.7833,128.6172
Los Angeles FIR,48.8945,128.6172
Los Angeles FIR,50.0058,128.6172
Los Angeles FIR,51.117,128.6172
Los Angeles FIR,52.2283,128.6172
Los Angeles FIR,53.3395,128.6172
Los Angeles FIR,54.4507,128.6172
Los Angeles FIR,55.562,128.6172
Los Angeles FIR,56.6732,128.6172
Los Angeles FIR,57.7845,128.6172
Los Angeles FIR,58.8957,128.6172
Los Angeles FIR,60.0069,128.6172
Los Angeles FIR,61.1182,128.6172
Los Angeles FIR,62.2294,128.6172
Los Angeles FIR,63.3407,128.6172
Los Angeles FIR,64.4519,128.6172
Los Angeles FIR,65.5631,128.6172
Los Angeles FIR,66.6744,128.6172
Los Angeles FIR,67.7856,128.6172
Los Angeles FIR,68.8969,128.6172
Los Angeles FIR,70.0081,128.6172
Los Angeles FIR,71.1193,128.6172
Los Angeles FIR,72.2306,128.6172
Los Angeles FIR,73.3418,128.6172
Los Angeles FIR,74.4531,128.6172
Los Angeles FIR,75.5643,128.6172
Los Angeles FIR,76.6755,128.6172
Los Angeles FIR,77.7868,128.6172
Los Angeles FIR,78.898,128.6172
Los Angeles FIR,80.0093,128.6172
Los Angeles FIR,81.1205,128.6172
Los Angeles FIR,82.2317,128.6172
Los Angeles FIR,83.343,128.6172
Los Angeles FIR,84.4542,128.6171
Los Angeles FIR,85.5655,128.6165
Los Angeles FIR,86.6767,128.6141
Los Angeles FIR,87.7879,128.607
Los Angeles FIR,88.8992,128.5892
Los Angeles FIR,90.0104,128.5515
Los Angeles FIR,91.1217,128.4684
Los Angeles FIR,92.2329,128.2909
Los Angeles FIR,93.3441,127.931
Los Angeles FIR,94.4554,127.2871
Los Angeles FIR,95.5666,126.2175
Los Angeles FIR,96.6779,124.345
Los Angeles FIR,97.7891,120.9921
Los Angeles FIR,98.9003,114.5589
Salt Lake City FIR,0.0,0.3085
Salt Lake City FIR,1.1112,18.2032
Salt Lake City FIR,2.2225,29.9544
Salt Lake City FIR,3.3337,39.2442
Salt Lake City FIR,4.445,47.1054
Salt Lake City FIR,5.5562,53.7925
Salt Lake City FIR,6.6674,59.6397
Salt Lake City FIR,7.7787,64.7358
Salt Lake City FIR,8.8899,69.1843
Salt Lake City FIR,10.0012,73.1561
Salt Lake City FIR,11.1124,76.7113
Salt Lake City FIR,12.2236,79.9001
Salt Lake City FIR,13.3349,82.7911
Salt Lake City FIR,14.4461,85.4116
Salt Lake City FIR,15.5574,87.767
Salt Lake City FIR,16.6686,89.9256
Salt Lake City FIR,17.7798,91.8783
Salt Lake City FIR,18.8911,93.6783
Salt Lake City FIR,20.0023,95.3139
Salt Lake City FIR,21.1136,96.8055
Salt Lake City FIR,22.2248,98.165
Salt Lake City FIR,23.336,99.398
Salt Lake City FIR,24.4473,100.5263
Salt Lake City FIR,25.5585,101.565
Salt Lake City FIR,26.6698,102.5174
Salt Lake City FIR,27.781,103.3885
Salt Lake City FIR,28.8922,104.1853
Salt Lake City FIR,30.0035,104.9154
Salt Lake City FIR,31.1147,105.5838
Salt Lake City FIR,32.226,106.1883
Salt Lake City FIR,33.3372,106.7375
Salt Lake City FIR,34.4484,107.2424
Salt Lake City FIR,35.5597,107.704
Salt Lake City FIR,36.6709,108.1185
Salt Lake City FIR,37.7822,108.4946
Salt Lake City FIR,38.8934,108.8354
Salt Lake City FIR,40.0046,109.1454
Salt Lake City FIR,41.1159,109.4262
Salt Lake City FIR,42.2271,109.6825
Salt Lake City FIR,43.3383,109.9143
Salt Lake City FIR,44.4496,110.1246
Salt Lake City FIR,45.5608,110.3134
Salt Lake City FIR,46.6721,110.4827
Salt Lake City FIR,47.7833,110.6322
Salt Lake City FIR,48.8945,110.7649
Salt Lake City FIR,50.0058,110.8838
Salt Lake City FIR,51.117,110.9903
Salt Lake City FIR,52.2283,111.0834
Salt Lake City FIR,53.3395,111.1642
Salt Lake City FIR,54.4507,111.2338
Salt Lake City FIR,55.562,111.2938
Salt Lake City FIR,56.6732,111.3443
Salt Lake City FIR,57.7845,111.387
Salt Lake City FIR,58.8957,111.4233
Salt Lake City FIR,60.0069,111.4526
Salt Lake City FIR,61.1182,111.4756
Salt Lake City FIR,62.2294,111.4937
Salt Lake City FIR,63.3407,111.5072
Salt Lake City FIR,64.4519,111.5169
Salt Lake City FIR,65.5631,111.5233
Salt Lake City FIR,66.6744,111.5273
Salt Lake City FIR,67.7856,111.5294
Salt Lake City FIR,68.8969,111.5302
Salt Lake City FIR,70.0081,111.5303
Salt Lake City FIR,71.1193,111.5303
Salt Lake City FIR,72.2306,111.5303
Salt Lake City FIR,73.3418,111.5303
Salt Lake City FIR,74.4531,111.5303
Salt Lake City FIR,75.5643,111.5303
Salt Lake City FIR,76.6755,111.5303
Salt Lake City FIR,77.7868,111.5303
Salt Lake City FIR,78.898,111.5298
Salt Lake City FIR,80.0093,111.5266
Salt Lake City FIR,81.1205,111.5182
Salt Lake City FIR,82.2317,111.5027
Salt Lake City FIR,83.343,111.476
Salt Lake City FIR,84.4542,111.4353
Salt Lake City FIR,85.5655,111.375
Salt Lake City FIR,86.6767,111.2887
Salt Lake City FIR,87.7879,111.1681
Salt Lake City FIR,88.8992,111.0068
Salt Lake City FIR,90.0104,110.7961
Salt Lake City FIR,91.1217,110.5226
Salt Lake City FIR,92.2329,110.176
Salt Lake City FIR,93.3441,109.7352
Salt Lake City FIR,94.4554,109.1637
Salt Lake City FIR,95.5666,108.427
Salt Lake City FIR,96.6779,107.4347
Salt Lake City FIR,97.7891,106.065
Salt Lake City FIR,98.9003,103.9544
Miami FIR/UIR,0.0,0.5338
Miami FIR/UIR,1.1112,26.2354
Miami FIR/UIR,2.2225,41.2354
Miami FIR/UIR,3.3337,52.4397
Miami FIR/UIR,4.445,61.2259
Miami FIR/UIR,5.5562,68.6765
Miami FIR/UIR,6.6674,75.1363
Miami FIR/UIR,7.7787,80.8013
Miami FIR/UIR,8.8899,85.8012
Miami FIR/UIR,10.0012,90.2836
Miami FIR/UIR,11.1124,94.2816
Miami FIR/UIR,12.2236,97.8507
Miami FIR/UIR,13.3349,101.0605
Miami FIR/UIR,14.4461,103.9961
Miami FIR/UIR,15.5574,106.6643
Miami FIR/UIR,16.6686,109.0711
Miami FIR/UIR,17.7798,111.2177
Miami FIR/UIR,18.8911,113.179
Miami FIR/UIR,20.0023,114.9635
Miami FIR/UIR,21.1136,116.5859
Miami FIR/UIR,22.2248,118.077
Miami FIR/UIR,23.336,119.4322
Miami FIR/UIR,24.4473,120.6538
Miami FIR/UIR,25.5585,121.7475
Miami FIR/UIR,26.6698,122.7275
Miami FIR/UIR,27.781,123.6179
Miami FIR/UIR,28.8922,124.4238
Miami FIR/UIR,30.0035,125.1341
Miami FIR/UIR,31.1147,125.7605
Miami FIR/UIR,32.226,126.3155
Miami FIR/UIR,33.3372,126.815
Miami FIR/UIR,34.4484,127.2609
Miami FIR/UIR,35.5597,127.6521
Miami FIR/UIR,36.6709,127.9908
Miami FIR/UIR,37.7822,128.2888
Miami FIR/UIR,38.8934,128.5426
Miami FIR/UIR,40.0046,128.7571
Miami FIR/UIR,41.1159,128.9346
Miami FIR/UIR,42.2271,129.0795
Miami FIR/UIR,43.3383,129.1968
Miami FIR/UIR,44.4496,129.2853
Miami FIR/UIR,45.5608,129.35
Miami FIR/UIR,46.6721,129.3967
Miami FIR/UIR,47.7833,129.4296
Miami FIR/UIR,48.8945,129.4499
Miami FIR/UIR,50.0058,129.4618
Miami FIR/UIR,51.117,129.4673
Miami FIR/UIR,52.2283,129.469
Miami FIR/UIR,53.3395,129.4692
Miami FIR/UIR,54.4507,129.4692
Miami FIR/UIR,55.562,129.4692
Miami FIR/UIR,56.6732,129.4692
Miami FIR/UIR,57.7845,129.4692
Miami FIR/UIR,58.8957,129.4692
Miami FIR/UIR,60.0069,129.4692
Miami FIR/UIR,61.1182,129.4692
Miami FIR/UIR,62.2294,129.4692
Miami FIR/UIR,63.3407,129.4692
Miami FIR/UIR,64.4519,129.4692
Miami FIR/UIR,65.5631,129.4692
Miami FIR/UIR,66.6744,129.4692
Miami FIR/UIR,67.7856,129.4692
Miami FIR/UIR,68.8969,129.4692
Miami FIR/UIR,70.0081,129.4692
Miami FIR/UIR,71.1193,129.4692
Miami FIR/UIR,72.2306,129.4692
Miami FIR/UIR,73.3418,129.4691
Miami FIR/UIR,74.4531,129.4681
Miami FIR/UIR,75.5643,129.463
Miami FIR/UIR,76.6755,129.4474
Miami FIR/UIR,77.7868,129.4147
Miami FIR/UIR,78.898,129.3606
Miami FIR/UIR,80.0093,129.2759
Miami FIR/UIR,81.1205,129.1555
Miami FIR/UIR,82.2317,128.9916
Miami FIR/UIR,83.343,128.7744
Miami FIR/UIR,84.4542,128.499
Miami FIR/UIR,85.5655,128.1558
Miami FIR/UIR,86.6767,127.7219
Miami FIR/UIR,87.7879,127.1855
Miami FIR/UIR,88.8992,126.5385
Miami FIR/UIR,90.0104,125.779
Miami FIR/UIR,91.1217,124.8569
Miami FIR/UIR,92.2329,123.7346
Miami FIR/UIR,93.3441,122.3636
Miami FIR/UIR,94.4554,120.6917
Miami FIR/UIR,95.5666,118.6162
Miami FIR/UIR,96.6779,116.0314
Miami FIR/UIR,97.7891,112.6759
Miami FIR/UIR,98.9003,108.1429
Memphis FIR,0.0,0.7168
Memphis FIR,1.1112,33.1875
Memphis FIR,2.2225,49.5615
Memphis FIR,3.3337,61.0016
Memphis FIR,4.445,70.0968
Memphis FIR,5.5562,77.5497
Memphis FIR,6.6674,83.835
Memphis FIR,7.7787,89.1724
Memphis FIR,8.8899,93.6907
Memphis FIR,10.0012,97.6461
Memphis FIR,11.1124,101.0768
Memphis FIR,12.2236,104.1135
Memphis FIR,13.3349,106.8543
Memphis FIR,14.4461,109.2594
Memphis FIR,15.5574,111.3736
Memphis FIR,16.6686,113.2673
Memphis FIR,17.7798,114.9719
Memphis FIR,18.8911,116.4959
Memphis FIR,20.0023,117.8779
Memphis FIR,21.1136,119.1311
Memphis FIR,22.2248,120.2717
Memphis FIR,23.336,121.3052
Memphis FIR,24.4473,122.2323
Memphis FIR,25.5585,123.0738
Memphis FIR,26.6698,123.832
Memphis FIR,27.781,124.5201
Memphis FIR,28.8922,125.1383
Memphis FIR,30.0035,125.6932
Memphis FIR,31.1147,126.1865
Memphis FIR,32.226,126.626
Memphis FIR,33.3372,127.0174
Memphis FIR,34.4484,127.3615
Memphis FIR,35.5597,127.6601
Memphis FIR,36.6709,127.9175
Memphis FIR,37.7822,128.1435
Memphis FIR,38.8934,128.3375
Memphis FIR,40.0046,128.5011
Memphis FIR,41.1159,128.6396
Memphis FIR,42.2271,128.7547
Memphis FIR,43.3383,128.8482
Memphis FIR,44.4496,128.9228
Memphis FIR,45.5608,128.9816
Memphis FIR,46.6721,129.0273
Memphis FIR,47.7833,129.0622
Memphis FIR,48.8945,129.0883
Memphis FIR,50.0058,129.1073
Memphis FIR,51.117,129.1199
Memphis FIR,52.2283,129.1279
Memphis FIR,53.3395,129.1322
Memphis FIR,54.4507,129.1341
Memphis FIR,55.562,129.1347
Memphis FIR,56.6732,129.1348
Memphis FIR,57.7845,129.1348
Memphis FIR,58.8957,129.1348
Memphis FIR,60.0069,129.1348
Memphis FIR,61.1182,129.1348
Memphis FIR,62.2294,129.1348
Memphis FIR,63.3407,129.1348
Memphis FIR,64.4519,129.1348
Memphis FIR,65.5631,129.1348
Memphis FIR,66.6744,129.1348
Memphis FIR,67.7856,129.1348
Memphis FIR,68.8969,129.1348
Memphis FIR,70.0081,129.1348
Memphis FIR,71.1193,129.1348
Memphis FIR,72.2306,129.1348
Memphis FIR,73.3418,129.1348
Memphis FIR,74.4531,129.1348
Memphis FIR,75.5643,129.1348
Memphis FIR,76.6755,129.1348
Memphis FIR,77.7868,129.1348
Memphis FIR,78.898,129.1348
Memphis FIR,80.0093,129.1348
Memphis FIR,81.1205,129.1348
Memphis FIR,82.2317,129.1348
Memphis FIR,83.343,129.1347
Memphis FIR,84.4542,129.133
Memphis FIR,85.5655,129.1262
Memphis FIR,86.6767,129.1092
Memphis FIR,87.7879,129.0737
Memphis FIR,88.8992,129.0027
Memphis FIR,90.0104,128.8745
Memphis FIR,91.1217,128.6594
Memphis FIR,92.2329,128.3392
Memphis FIR,93.3441,127.8495
Memphis FIR,94.4554,127.1187
Memphis FIR,95.5666,125.9393
Memphis FIR,96.6779,123.942
Memphis FIR,97.7891,120.7285
Memphis FIR,98.9003,115.1638
Minneapolis FIR,0.0,0.4772
Minneapolis FIR,1.1112,23.0844
Minneapolis FIR,2.2225,35.8921
Minneapolis FIR,3.3337,45.339
Minneapolis FIR,4.445,52.9107
Minneapolis FIR,5.5562,59.2042
Minneapolis FIR,6.6674,64.5755
Minneapolis FIR,7.7787,69.3115
Minneapolis FIR,8.8899,73.4923
Minneapolis FIR,10.0012,77.2005
Minneapolis FIR,11.1124,80.5223
Minneapolis FIR,12.2236,83.5303
Minneapolis FIR,13.3349,86.2718
Minneapolis FIR,14.4461,88.735
Minneapolis FIR,15.5574,90.9924
Minneapolis FIR,16.6686,93.069
Minneapolis FIR,17.7798,94.9702
Minneapolis FIR,18.8911,96.7118
Minneapolis FIR,20.0023,98.3006
Minneapolis FIR,21.1136,99.7373
Minneapolis FIR,22.2248,101.0501
Minneapolis FIR,23.336,102.2555
Minneapolis FIR,24.4473,103.3424
Minneapolis FIR,25.5585,104.3356
Minneapolis FIR,26.6698,105.2531
Minneapolis FIR,27.781,106.1012
Minneapolis FIR,28.8922,106.8755
Minneapolis FIR,30.0035,107.5827
Minneapolis FIR,31.1147,108.2322
Minneapolis FIR,32.226,108.8276
Minneapolis FIR,33.3372,109.3798
Minneapolis FIR,34.4484,109.8819
Minneapolis FIR,35.5597,110.3369
Minneapolis FIR,36.6709,110.7482
Minneapolis FIR,37.7822,111.1176
Minneapolis FIR,38.8934,111.4488
Minneapolis FIR,40.0046,111.7473
Minneapolis FIR,41.1159,112.0174
Minneapolis FIR,42.2271,112.2616
Minneapolis FIR,43.3383,112.4842
Minneapolis FIR,44.4496,112.6835
Minneapolis FIR,45.5608,112.8599
Minneapolis FIR,46.6721,113.0168
Minneapolis FIR,47.7833,113.157
Minneapolis FIR,48.8945,113.2812
Minneapolis FIR,50.0058,113.3916
Minneapolis FIR,51.117,113.4869
Minneapolis FIR,52.2283,113.5688
Minneapolis FIR,53.3395,113.6384
Minneapolis FIR,54.4507,113.6986
Minneapolis FIR,55.562,113.7486
Minneapolis FIR,56.6732,113.7899
Minneapolis FIR,57.7845,113.8232
Minneapolis FIR,58.8957,113.85
Minneapolis FIR,60.0069,113.8709
Minneapolis FIR,61.1182,113.8865
Minneapolis FIR,62.2294,113.8976
Minneapolis FIR,63.3407,113.9051
Minneapolis FIR,64.4519,113.9098
Minneapolis FIR,65.5631,113.9122
Minneapolis FIR,66.6744,113.9131
Minneapolis FIR,67.7856,113.9133
Minneapolis FIR,68.8969,113.9133
Minneapolis FIR,70.0081,113.9133
Minneapolis FIR,71.1193,113.9133
Minneapolis FIR,72.2306,113.9133
Minneapolis FIR,73.3418,113.9133
Minneapolis FIR,74.4531,113.9133
Minneapolis FIR,75.5643,113.9133
Minneapolis FIR,76.6755,113.9133
Minneapolis FIR,77.7868,113.913
Minneapolis FIR,78.898,113.9106
Minneapolis FIR,80.0093,113.9023
Minneapolis FIR,81.1205,113.8862
Minneapolis FIR,82.2317,113.861
Minneapolis FIR,83.343,113.8233
Minneapolis FIR,84.4542,113.769
Minneapolis FIR,85.5655,113.6932
Minneapolis FIR,86.6767,113.5898
Minneapolis FIR,87.7879,113.4497
Minneapolis FIR,88.8992,113.2629
Minneapolis FIR,90.0104,113.0297
Minneapolis FIR,91.1217,112.7378
Minneapolis FIR,92.2329,112.379
Minneapolis FIR,93.3441,111.9223
Minneapolis FIR,94.4554,111.3337
Minneapolis FIR,95.5666,110.5871
Minneapolis FIR,96.6779,109.5419
Minneapolis FIR,97.7891,107.9982
Minneapolis FIR,98.9003,105.4873
New York FIR,0.0,0.4913
New York FIR,1.1112,25.6682
New York FIR,2.2225,41.3334
New York FIR,3.3337,53.6446
New York FIR,4.445,63.9218
New York FIR,5.5562,72.5895
New York FIR,6.6674,79.8489
New York FIR,7.7787,86.049
New York FIR,8.8899,91.444
New York FIR,10.0012,96.0993
New York FIR,11.1124,100.1568
New York FIR,12.2236,103.7555
New York FIR,13.3349,106.9704
New York FIR,14.4461,109.8326
New York FIR,15.5574,112.4165
New York FIR,16.6686,114.7699
New York FIR,17.7798,116.9147
New York FIR,18.8911,118.8516
New York FIR,20.0023,120.5906
New York FIR,21.1136,122.1438
New York FIR,22.2248,123.5367
New York FIR,23.336,124.7921
New York FIR,24.4473,125.9368
New York FIR,25.5585,126.9704
New York FIR,26.6698,127.9042
New York FIR,27.781,128.7362
New York FIR,28.8922,129.4714
New York FIR,30.0035,130.1281
New York FIR,31.1147,130.7074
New York FIR,32.226,131.2132
New York FIR,33.3372,131.6636
New York FIR,34.4484,132.065
New York FIR,35.5597,132.4177
New York FIR,36.6709,132.7246
New York FIR,37.7822,132.9915
New York FIR,38.8934,133.2226
New York FIR,40.0046,133.423
New York FIR,41.1159,133.596
New York FIR,42.2271,133.7449
New York FIR,43.3383,133.869
New York FIR,44.4496,133.9746
New York FIR,45.5608,134.0596
New York FIR,46.6721,134.1279
New York FIR,47.7833,134.182
New York FIR,48.8945,134.2238
New York FIR,50.0058,134.2562
New York FIR,51.117,134.2789
New York FIR,52.2283,134.2938
New York FIR,53.3395,134.3033
New York FIR,54.4507,134.3089
New York FIR,55.562,134.3114
New York FIR,56.6732,134.3122
New York FIR,57.7845,134.3124
New York FIR,58.8957,134.3124
New York FIR,60.0069,134.3124
New York FIR,61.1182,134.3124
New York FIR,62.2294,134.3124
New York FIR,63.3407,134.3124
New York FIR,64.4519,134.3124
New York FIR,65.5631,134.3124
New York FIR,66.6744,134.3124
New York FIR,67.7856,134.3124
New York FIR,68.8969,134.3124
New York FIR,70.0081,134.3124
New York FIR,71.1193,134.3124
New York FIR,72.2306,134.3124
New York FIR,73.3418,134.3124
New York FIR,74.4531,134.3124
New York FIR,75.5643,134.3124
New York FIR,76.6755,134.3124
New York FIR,77.7868,134.3121
New York FIR,78.898,134.3101
New York FIR,80.0093,134.3036
New York FIR,81.1205,134.2875
New York FIR,82.2317,134.2562
New York FIR,83.343,134.203
New York FIR,84.4542,134.1208
New York FIR,85.5655,133.998
New York FIR,86.6767,133.8184
New York FIR,87.7879,133.5643
New York FIR,88.8992,133.2252
New York FIR,90.0104,132.7656
New York FIR,91.1217,132.1563
New York FIR,92.2329,131.3372
New York FIR,93.3441,130.2735
New York FIR,94.4554,128.8681
New York FIR,95.5666,126.885
New York FIR,96.6779,124.0413
New York FIR,97.7891,119.9512
New York FIR,98.9003,113.7493
Oakland FIR,0.0,0.7194
Oakland FIR,1.1112,32.0981
Oakland FIR,2.2225,51.0639
Oakland FIR,3.3337,65.1582
Oakland FIR,4.445,75.6391
Oakland FIR,5.5562,83.8093
Oakland FIR,6.6674,90.6226
Oakland FIR,7.7787,96.2026
Oakland FIR,8.8899,100.8406
Oakland FIR,10.0012,104.6984
Oakland FIR,11.1124,107.9265
Oakland FIR,12.2236,110.6242
Oakland FIR,13.3349,112.8702
Oakland FIR,14.4461,114.7616
Oakland FIR,15.5574,116.3453
Oakland FIR,16.6686,117.7177
Oakland FIR,17.7798,118.8995
Oakland FIR,18.8911,119.9363
Oakland FIR,20.0023,120.8379
Oakland FIR,21.1136,121.5854
Oakland FIR,22.2248,122.2181
Oakland FIR,23.336,122.7521
Oakland FIR,24.4473,123.208
Oakland FIR,25.5585,123.5944
Oakland FIR,26.6698,123.9146
Oakland FIR,27.781,124.1776
Oakland FIR,28.8922,124.3933
Oakland FIR,30.0035,124.5703
Oakland FIR,31.1147,124.7119
Oakland FIR,32.226,124.8229
Oakland FIR,33.3372,124.9084
Oakland FIR,34.4484,124.9729
Oakland FIR,35.5597,125.0185
Oakland FIR,36.6709,125.0504
Oakland FIR,37.7822,125.0706
Oakland FIR,38.8934,125.0832
Oakland FIR,40.0046,125.0907
Oakland FIR,41.1159,125.0949
Oakland FIR,42.2271,125.0967
Oakland FIR,43.3383,125.0973
Oakland FIR,44.4496,125.0974
Oakland FIR,45.5608,125.0974
Oakland FIR,46.6721,125.0974
Oakland FIR,47.7833,125.0974
Oakland FIR,48.8945,125.0974
Oakland FIR,50.0058,125.0974
Oakland FIR,51.117,125.0974
Oakland FIR,52.2283,125.0974
Oakland FIR,53.3395,125.0974
Oakland FIR,54.4507,125.0974
Oakland FIR,55.562,125.0974
Oakland FIR,56.6732,125.0974
Oakland FIR,57.7845,125.0974
Oakland FIR,58.8957,125.0974
Oakland FIR,60.0069,125.0974
Oakland FIR,61.1182,125.0974
Oakland FIR,62.2294,125.0974
Oakland FIR,63.3407,125.0974
Oakland FIR,64.4519,125.0974
Oakland FIR,65.5631,125.0974
Oakland FIR,66.6744,125.0974
Oakland FIR,67.7856,125.0974
Oakland FIR,68.8969,125.0974
Oakland FIR,70.0081,125.0974
Oakland FIR,71.1193,125.0974
Oakland FIR,72.2306,125.0974
Oakland FIR,73.3418,125.0974
Oakland FIR,74.4531,125.0974
Oakland FIR,75.5643,125.0974
Oakland FIR,76.6755,125.0974
Oakland FIR,77.7868,125.0974
Oakland FIR,78.898,125.0974
Oakland FIR,80.0093,125.0973
Oakland FIR,81.1205,125.0966
Oakland FIR,82.2317,125.094
Oakland FIR,83.343,125.0879
Oakland FIR,84.4542,125.075
Oakland FIR,85.5655,125.0504
Oakland FIR,86.6767,125.0049
Oakland FIR,87.7879,124.9305
Oakland FIR,88.8992,124.8084
Oakland FIR,90.0104,124.6204
Oakland FIR,91.1217,124.3407
Oakland FIR,92.2329,123.9063
Oakland FIR,93.3441,123.2622
Oakland FIR,94.4554,122.3221
Oakland FIR,95.5666,121.0186
Oakland FIR,96.6779,119.0973
Oakland FIR,97.7891,116.1343
Oakland FIR,98.9003,111.4068
Cleveland FIR,0.0,0.4884
Cleveland FIR,1.1112,26.8577
Cleveland FIR,2.2225,43.529
Cleveland FIR,3.3337,56.02
Cleveland FIR,4.445,66.2139
Cleveland FIR,5.5562,74.6137
Cleveland FIR,6.6674,81.6516
Cleveland FIR,7.7787,87.7025
Cleveland FIR,8.8899,92.8771
Cleveland FIR,10.0012,97.4069
Cleveland FIR,11.1124,101.3762
Cleveland FIR,12.2236,104.8564
Cleveland FIR,13.3349,107.9067
Cleveland FIR,14.4461,110.5952
Cleveland FIR,15.5574,112.9392
Cleveland FIR,16.6686,115.022
Cleveland FIR,17.7798,116.8664
Cleveland FIR,18.8911,118.5074
Cleveland FIR,20.0023,119.9568
Cleveland FIR,21.1136,121.2454
Cleveland FIR,22.2248,122.3909
Cleveland FIR,23.336,123.3969
Cleveland FIR,24.4473,124.286
Cleveland FIR,25.5585,125.0765
Cleveland FIR,26.6698,125.7679
Cleveland FIR,27.781,126.3724
Cleveland FIR,28.8922,126.8959
Cleveland FIR,30.0035,127.3484
Cleveland FIR,31.1147,127.7393
Cleveland FIR,32.226,128.0787
Cleveland FIR,33.3372,128.3731
Cleveland FIR,34.4484,128.6242
Cleveland FIR,35.5597,128.8353
Cleveland FIR,36.6709,129.0142
Cleveland FIR,37.7822,129.1665
Cleveland FIR,38.8934,129.2923
Cleveland FIR,40.0046,129.3966
Cleveland FIR,41.1159,129.4803
Cleveland FIR,42.2271,129.5472
Cleveland FIR,43.3383,129.6015
Cleveland FIR,44.4496,129.6448
Cleveland FIR,45.5608,129.678
Cleveland FIR,46.6721,129.7024
Cleveland FIR,47.7833,129.7201
Cleveland FIR,48.8945,129.7315
Cleveland FIR,50.0058,129.7387
Cleveland FIR,51.117,129.7427
Cleveland FIR,52.2283,129.7445
Cleveland FIR,53.3395,129.7451
Cleveland FIR,54.4507,129.7451
Cleveland FIR,55.562,129.7451
Cleveland FIR,56.6732,129.7451
Cleveland FIR,57.7845,129.7451
Cleveland FIR,58.8957,129.7451
Cleveland FIR,60.0069,129.7451
Cleveland FIR,61.1182,129.7451
Cleveland FIR,62.2294,129.7451
Cleveland FIR,63.3407,129.7451
Cleveland FIR,64.4519,129.7451
Cleveland FIR,65.5631,129.7451
Cleveland FIR,66.6744,129.7451
Cleveland FIR,67.7856,129.7451
Cleveland FIR,68.8969,129.7451
Cleveland FIR,70.0081,129.7451
Cleveland FIR,71.1193,129.7451
Cleveland FIR,72.2306,129.7451
Cleveland FIR,73.3418,129.7451
Cleveland FIR,74.4531,129.7451
Cleveland FIR,75.5643,129.7451
Cleveland FIR,76.6755,129.7451
Cleveland FIR,77.7868,129.7451
Cleveland FIR,78.898,129.7451
Cleveland FIR,80.0093,129.7451
Cleveland FIR,81.1205,129.7451
Cleveland FIR,82.2317,129.7445
Cleveland FIR,83.343,129.7411
Cleveland FIR,84.4542,129.7315
Cleveland FIR,85.5655,129.7107
Cleveland FIR,86.6767,129.6671
Cleveland FIR,87.7879,129.585
Cleveland FIR,88.8992,129.4427
Cleveland FIR,90.0104,129.2101
Cleveland FIR,91.1217,128.8439
Cleveland FIR,92.2329,128.3118
Cleveland FIR,93.3441,127.5147
Cleveland FIR,94.4554,126.3441
Cleveland FIR,95.5666,124.6285
Cleveland FIR,96.6779,121.9377
Cleveland FIR,97.7891,118.0126
Cleveland FIR,98.9003,111.8337
Seattle FIR,0.0,0.4055
Seattle FIR,1.1112,25.5273
Seattle FIR,2.2225,41.7354
Seattle FIR,3.3337,53.9997
Seattle FIR,4.445,63.9514
Seattle FIR,5.5562,72.2444
Seattle FIR,6.6674,79.2843
Seattle FIR,7.7787,85.3223
Seattle FIR,8.8899,90.448
Seattle FIR,10.0012,94.8845
Seattle FIR,11.1124,98.779
Seattle FIR,12.2236,102.3222
Seattle FIR,13.3349,105.5442
Seattle FIR,14.4461,108.4385
Seattle FIR,15.5574,111.0486
Seattle FIR,16.6686,113.4154
Seattle FIR,17.7798,115.4936
Seattle FIR,18.8911,117.3431
Seattle FIR,20.0023,118.9776
Seattle FIR,21.1136,120.4467
Seattle FIR,22.2248,121.7828
Seattle FIR,23.336,122.9902
Seattle FIR,24.4473,124.086
Seattle FIR,25.5585,125.0882
Seattle FIR,26.6698,125.9957
Seattle FIR,27.781,126.811
Seattle FIR,28.8922,127.5449
Seattle FIR,30.0035,128.2092
Seattle FIR,31.1147,128.8012
Seattle FIR,32.226,129.3307
Seattle FIR,33.3372,129.799
Seattle FIR,34.4484,130.2163
Seattle FIR,35.5597,130.5844
Seattle FIR,36.6709,130.9135
Seattle FIR,37.7822,131.2041
Seattle FIR,38.8934,131.4589
Seattle FIR,40.0046,131.6799
Seattle FIR,41.1159,131.8753
Seattle FIR,42.2271,132.048
Seattle FIR,43.3383,132.2001
Seattle FIR,44.4496,132.3312
Seattle FIR,45.5608,132.4441
Seattle FIR,46.6721,132.5405
Seattle FIR,47.7833,132.6201
Seattle FIR,48.8945,132.6855
Seattle FIR,50.0058,132.7382
Seattle FIR,51.117,132.7786
Seattle FIR,52.2283,132.8089
Seattle FIR,53.3395,132.8308
Seattle FIR,54.4507,132.8459
Seattle FIR,55.562,132.8558
Seattle FIR,56.6732,132.8613
Seattle FIR,57.7845,132.8638
Seattle FIR,58.8957,132.8645
Seattle FIR,60.0069,132.8645
Seattle FIR,61.1182,132.8645
Seattle FIR,62.2294,132.8645
Seattle FIR,63.3407,132.8645
Seattle FIR,64.4519,132.8645
Seattle FIR,65.5631,132.8645
Seattle FIR,66.6744,132.8645
Seattle FIR,67.7856,132.8645
Seattle FIR,68.8969,132.8645
Seattle FIR,70.0081,132.8645
Seattle FIR,71.1193,132.8645
Seattle FIR,72.2306,132.8645
Seattle FIR,73.3418,132.864
Seattle FIR,74.4531,132.8608
Seattle FIR,75.5643,132.8524
Seattle FIR,76.6755,132.8349
Seattle FIR,77.7868,132.8056
Seattle FIR,78.898,132.7594
Seattle FIR,80.0093,132.6898
Seattle FIR,81.1205,132.5914
Seattle FIR,82.2317,132.4617
Seattle FIR,83.343,132.2929
Seattle FIR,84.4542,132.0739
Seattle FIR,85.5655,131.7859
Seattle FIR,86.6767,131.418
Seattle FIR,87.7879,130.9713
Seattle FIR,88.8992,130.4476
Seattle FIR,90.0104,129.7995
Seattle FIR,91.1217,128.9949
Seattle FIR,92.2329,128.0122
Seattle FIR,93.3441,126.7902
Seattle FIR,94.4554,125.2673
Seattle FIR,95.5666,123.3694
Seattle FIR,96.6779,120.8688
Seattle FIR,97.7891,117.4631
Seattle FIR,98.9003,112.1419
Atlanta FIR,0.0,1.018
Atlanta FIR,1.1112,33.8691
Atlanta FIR,2.2225,50.2661
Atlanta FIR,3.3337,61.9666
Atlanta FIR,4.445,70.4286
Atlanta FIR,5.5562,77.2602
Atlanta FIR,6.6674,82.7623
Atlanta FIR,7.7787,87.4334
Atlanta FIR,8.8899,91.3764
Atlanta FIR,10.0012,94.7425
Atlanta FIR,11.1124,97.5938
Atlanta FIR,12.2236,100.058
Atlanta FIR,13.3349,102.2337
Atlanta FIR,14.4461,104.1482
Atlanta FIR,15.5574,105.8346
Atlanta FIR,16.6686,107.3386
Atlanta FIR,17.7798,108.657
Atlanta FIR,18.8911,109.8423
Atlanta FIR,20.0023,110.9004
Atlanta FIR,21.1136,111.8376
Atlanta FIR,22.2248,112.6859
Atlanta FIR,23.336,113.4364
Atlanta FIR,24.4473,114.0901
Atlanta FIR,25.5585,114.6674
Atlanta FIR,26.6698,115.1736
Atlanta FIR,27.781,115.6214
Atlanta FIR,28.8922,116.0157
Atlanta FIR,30.0035,116.3655
Atlanta FIR,31.1147,116.6723
Atlanta FIR,32.226,116.9341
Atlanta FIR,33.3372,117.164
Atlanta FIR,34.4484,117.3644
Atlanta FIR,35.5597,117.5349
Atlanta FIR,36.6709,117.6796
Atlanta FIR,37.7822,117.8001
Atlanta FIR,38.8934,117.9021
Atlanta FIR,40.0046,117.9878
Atlanta FIR,41.1159,118.0583
Atlanta FIR,42.2271,118.1153
Atlanta FIR,43.3383,118.1601
Atlanta FIR,44.4496,118.1941
Atlanta FIR,45.5608,118.2199
Atlanta FIR,46.6721,118.2388
Atlanta FIR,47.7833,118.2512
Atlanta FIR,48.8945,118.2593
Atlanta FIR,50.0058,118.2642
Atlanta FIR,51.117,118.2664
Atlanta FIR,52.2283,118.2672
Atlanta FIR,53.3395,118.2674
Atlanta FIR,54.4507,118.2674
Atlanta FIR,55.562,118.2674
Atlanta FIR,56.6732,118.2674
Atlanta FIR,57.7845,118.2674
Atlanta FIR,58.8957,118.2674
Atlanta FIR,60.0069,118.2674
Atlanta FIR,61.1182,118.2674
Atlanta FIR,62.2294,118.2674
Atlanta FIR,63.3407,118.2674
Atlanta FIR,64.4519,118.2674
Atlanta FIR,65.5631,118.2674
Atlanta FIR,66.6744,118.2674
Atlanta FIR,67.7856,118.2674
Atlanta FIR,68.8969,118.2674
Atlanta FIR,70.0081,118.2674
Atlanta FIR,71.1193,118.2674
Atlanta FIR,72.2306,118.2674
Atlanta FIR,73.3418,118.2674
Atlanta FIR,74.4531,118.2674
Atlanta FIR,75.5643,118.2674
Atlanta FIR,76.6755,118.2674
Atlanta FIR,77.7868,118.2674
Atlanta FIR,78.898,118.2674
Atlanta FIR,80.0093,118.2674
Atlanta FIR,81.1205,118.2674
Atlanta FIR,82.2317,118.2674
Atlanta FIR,83.343,118.2674
Atlanta FIR,84.4542,118.2673
Atlanta FIR,85.5655,118.2667
Atlanta FIR,86.6767,118.263
Atlanta FIR,87.7879,118.2537
Atlanta FIR,88.8992,118.2279
Atlanta FIR,90.0104,118.1777
Atlanta FIR,91.1217,118.0821
Atlanta FIR,92.2329,117.9143
Atlanta FIR,93.3441,117.6339
Atlanta FIR,94.4554,117.1781
Atlanta FIR,95.5666,116.4579
Atlanta FIR,96.6779,115.2828
Atlanta FIR,97.7891,113.2631
Atlanta FIR,98.9003,109.6438
New York Oceanic FIR,0.0,0.1714
New York Oceanic FIR,1.1112,9.1658
New York Oceanic FIR,2.2225,15.7432
New York Oceanic FIR,3.3337,21.4099
New York Oceanic FIR,4.445,26.4822
New York Oceanic FIR,5.5562,31.1371
New York Oceanic FIR,6.6674,35.4544
New York Oceanic FIR,7.7787,39.4876
New York Oceanic FIR,8.8899,43.2494
New York Oceanic FIR,10.0012,46.7878
New York Oceanic FIR,11.1124,50.1274
New York Oceanic FIR,12.2236,53.2802
New York Oceanic FIR,13.3349,56.2374
New York Oceanic FIR,14.4461,59.0464
New York Oceanic FIR,15.5574,61.6968
New York Oceanic FIR,16.6686,64.2067
New York Oceanic FIR,17.7798,66.594
New York Oceanic FIR,18.8911,68.8682
New York Oceanic FIR,20.0023,71.0357
New York Oceanic FIR,21.1136,73.1045
New York Oceanic FIR,22.2248,75.0723
New York Oceanic FIR,23.336,76.9344
New York Oceanic FIR,24.4473,78.7083
New York Oceanic FIR,25.5585,80.4051
New York Oceanic FIR,26.6698,82.0338
New York Oceanic FIR,27.781,83.5868
New York Oceanic FIR,28.8922,85.0574
New York Oceanic FIR,30.0035,86.4454
New York Oceanic FIR,31.1147,87.7685
New York Oceanic FIR,32.226,89.0238
New York Oceanic FIR,33.3372,90.2146
New York Oceanic FIR,34.4484,91.3393
New York Oceanic FIR,35.5597,92.3991
New York Oceanic FIR,36.6709,93.4074
New York Oceanic FIR,37.7822,94.362
New York Oceanic FIR,38.8934,95.2602
New York Oceanic FIR,40.0046,96.1107
New York Oceanic FIR,41.1159,96.9196
New York Oceanic FIR,42.2271,97.6835
New York Oceanic FIR,43.3383,98.3904
New York Oceanic FIR,44.4496,99.047
New York Oceanic FIR,45.5608,99.6596
New York Oceanic FIR,46.6721,100.2351
New York Oceanic FIR,47.7833,100.7703
New York Oceanic FIR,48.8945,101.2648
New York Oceanic FIR,50.0058,101.7239
New York Oceanic FIR,51.117,102.1466
New York Oceanic FIR,52.2283,102.5347
New York Oceanic FIR,53.3395,102.8943
New York Oceanic FIR,54.4507,103.2186
New York Oceanic FIR,55.562,103.5091
New York Oceanic FIR,56.6732,103.7722
New York Oceanic FIR,57.7845,104.0077
New York Oceanic FIR,58.8957,104.216
New York Oceanic FIR,60.0069,104.4024
New York Oceanic FIR,61.1182,104.5683
New York Oceanic FIR,62.2294,104.7145
New York Oceanic FIR,63.3407,104.8383
New York Oceanic FIR,64.4519,104.9429
New York Oceanic FIR,65.5631,105.0312
New York Oceanic FIR,66.6744,105.1041
New York Oceanic FIR,67.7856,105.1631
New York Oceanic FIR,68.8969,105.2113
New York Oceanic FIR,70.0081,105.2486
New York Oceanic FIR,71.1193,105.2741
New York Oceanic FIR,72.2306,105.2913
New York Oceanic FIR,73.3418,105.3012
New York Oceanic FIR,74.4531,105.3055
New York Oceanic FIR,75.5643,105.3059
New York Oceanic FIR,76.6755,105.3041
New York Oceanic FIR,77.7868,105.298
New York Oceanic FIR,78.898,105.2852
New York Oceanic FIR,80.0093,105.2648
New York Oceanic FIR,81.1205,105.2351
New York Oceanic FIR,82.2317,105.1945
New York Oceanic FIR,83.343,105.1429
New York Oceanic FIR,84.4542,105.0776
New York Oceanic FIR,85.5655,104.9976
New York Oceanic FIR,86.6767,104.9021
New York Oceanic FIR,87.7879,104.7881
New York Oceanic FIR,88.8992,104.6532
New York Oceanic FIR,90.0104,104.4921
New York Oceanic FIR,91.1217,104.3036
New York Oceanic FIR,92.2329,104.0829
New York Oceanic FIR,93.3441,103.8222
New York Oceanic FIR,94.4554,103.5096
New York Oceanic FIR,95.5666,103.1391
New York Oceanic FIR,96.6779,102.6939
New York Oceanic FIR,97.7891,102.1285
New York Oceanic FIR,98.9003,101.3782
Tirana FIR,0.0,1.4633
Tirana FIR,1.1116,49.6804
Tirana FIR,2.2233,71.2144
Tirana FIR,3.3349,84.648
Tirana FIR,4.4465,93.9604
Tirana FIR,5.5581,100.7045
Tirana FIR,6.6698,105.3763
Tirana FIR,7.7814,108.6882
Tirana FIR,8.893,111.0558
Tirana FIR,10.0046,112.715
Tirana FIR,11.1163,113.8042
Tirana FIR,12.2279,114.5366
Tirana FIR,13.3395,115.072
Tirana FIR,14.4511,115.4129
Tirana FIR,15.5628,115.6403
Tirana FIR,16.6744,115.7864
Tirana FIR,17.786,115.8753
Tirana FIR,18.8976,115.9225
Tirana FIR,20.0093,115.942
Tirana FIR,21.1209,115.9473
Tirana FIR,22.2325,115.9481
Tirana FIR,23.3441,115.9482
Tirana FIR,24.4558,115.9482
Tirana FIR,25.5674,115.9482
Tirana FIR,26.679,115.9482
Tirana FIR,27.7906,115.9482
Tirana FIR,28.9023,115.9482
Tirana FIR,30.0139,115.9482
Tirana FIR,31.1255,115.9482
Tirana FIR,32.2371,115.9482
Tirana FIR,33.3488,115.9482
Tirana FIR,34.4604,115.9482
Tirana FIR,35.572,115.9482
Tirana FIR,36.6836,115.9482
Tirana FIR,37.7953,115.9482
Tirana FIR,38.9069,115.9482
Tirana FIR,40.0185,115.9482
Tirana FIR,41.1302,115.9482
Tirana FIR,42.2418,115.9482
Tirana FIR,43.3534,115.9482
Tirana FIR,44.465,115.9482
Tirana FIR,45.5767,115.9482
Tirana FIR,46.6883,115.9482
Tirana FIR,47.7999,115.9482
Tirana FIR,48.9115,115.9482
Tirana FIR,50.0232,115.9482
Tirana FIR,51.1348,115.9482
Tirana FIR,52.2464,115.9482
Tirana FIR,53.358,115.9482
Tirana FIR,54.4697,115.9482
Tirana FIR,55.5813,115.9482
Tirana FIR,56.6929,115.9482
Tirana FIR,57.8045,115.9482
Tirana FIR,58.9162,115.9482
Tirana FIR,60.0278,115.9482
Tirana FIR,61.1394,115.9482
Tirana FIR,62.251,115.9482
Tirana FIR,63.3627,115.9482
Tirana FIR,64.4743,115.9482
Tirana FIR,65.5859,115.9482
Tirana FIR,66.6975,115.9482
Tirana FIR,67.8092,115.9482
Tirana FIR,68.9208,115.9482
Tirana FIR,70.0324,115.9482
Tirana FIR,71.144,115.9482
Tirana FIR,72.2557,115.9482
Tirana FIR,73.3673,115.9482
Tirana FIR,74.4789,115.9482
Tirana FIR,75.5906,115.9482
Tirana FIR,76.7022,115.9482
Tirana FIR,77.8138,115.9482
Tirana FIR,78.9254,115.9482
Tirana FIR,80.0371,115.9482
Tirana FIR,81.1487,115.9482
Tirana FIR,82.2603,115.9482
Tirana FIR,83.3719,115.9482
Tirana FIR,84.4836,115.9482
Tirana FIR,85.5952,115.9482
Tirana FIR,86.7068,115.9482
Tirana FIR,87.8184,115.9482
Tirana FIR,88.9301,115.9481
Tirana FIR,90.0417,115.9478
Tirana FIR,91.1533,115.945
Tirana FIR,92.2649,115.932
Tirana FIR,93.3766,115.8905
Tirana FIR,94.4882,115.7688
Tirana FIR,95.5998,115.4681
Tirana FIR,96.7114,114.9012
Tirana FIR,97.8231,113.7328
Tirana FIR,98.9347,110.6899
Sofia FIR,0.0,0.5211
Sofia FIR,1.1112,28.3987
Sofia FIR,2.2225,45.9935
Sofia FIR,3.3337,58.487
Sofia FIR,4.445,68.1946
Sofia FIR,5.5562,76.1817
Sofia FIR,6.6674,82.7308
Sofia FIR,7.7787,88.1944
Sofia FIR,8.8899,92.7751
Sofia FIR,10.0012,96.5602
Sofia FIR,11.1124,99.7477
Sofia FIR,12.2236,102.4349
Sofia FIR,13.3349,104.6881
Sofia FIR,14.4461,106.5737
Sofia FIR,15.5574,108.1817
Sofia FIR,16.6686,109.5195
Sofia FIR,17.7798,110.6252
Sofia FIR,18.8911,111.5334
Sofia FIR,20.0023,112.274
Sofia FIR,21.1136,112.8868
Sofia FIR,22.2248,113.3825
Sofia FIR,23.336,113.7881
Sofia FIR,24.4473,114.1186
Sofia FIR,25.5585,114.3883
Sofia FIR,26.6698,114.606
Sofia FIR,27.781,114.7804
Sofia FIR,28.8922,114.9174
Sofia FIR,30.0035,115.0238
Sofia FIR,31.1147,115.1018
Sofia FIR,32.226,115.1578
Sofia FIR,33.3372,115.1966
Sofia FIR,34.4484,115.2236
Sofia FIR,35.5597,115.2423
Sofia FIR,36.6709,115.2544
Sofia FIR,37.7822,115.2616
Sofia FIR,38.8934,115.2649
Sofia FIR,40.0046,115.266
Sofia FIR,41.1159,115.2663
Sofia FIR,42.2271,115.2664
Sofia FIR,43.3383,115.2664
Sofia FIR,44.4496,115.2664
Sofia FIR,45.5608,115.2664
Sofia FIR,46.6721,115.2664
Sofia FIR,47.7833,115.2664
Sofia FIR,48.8945,115.2664
Sofia FIR,50.0058,115.2664
Sofia FIR,51.117,115.2664
Sofia FIR,52.2283,115.2664
Sofia FIR,53.3395,115.2664
Sofia FIR,54.4507,115.2664
Sofia FIR,55.562,115.2664
Sofia FIR,56.6732,115.2664
Sofia FIR,57.7845,115.2664
Sofia FIR,58.8957,115.2664
Sofia FIR,60.0069,115.2664
Sofia FIR,61.1182,115.2664
Sofia FIR,62.2294,115.2664
Sofia FIR,63.3407,115.2664
Sofia FIR,64.4519,115.2664
Sofia FIR,65.5631,115.2664
Sofia FIR,66.6744,115.2664
Sofia FIR,67.7856,115.2664
Sofia FIR,68.8969,115.2664
Sofia FIR,70.0081,115.2664
Sofia FIR,71.1193,115.2664
Sofia FIR,72.2306,115.2664
Sofia FIR,73.3418,115.2664
Sofia FIR,74.4531,115.2664
Sofia FIR,75.5643,115.2664
Sofia FIR,76.6755,115.2664
Sofia FIR,77.7868,115.2664
Sofia FIR,78.898,115.2664
Sofia FIR,80.0093,115.2664
Sofia FIR,81.1205,115.2664
Sofia FIR,82.2317,115.2662
Sofia FIR,83.343,115.2656
Sofia FIR,84.4542,115.2637
Sofia FIR,85.5655,115.2589
Sofia FIR,86.6767,115.2491
Sofia FIR,87.7879,115.2306
Sofia FIR,88.8992,115.1977
Sofia FIR,90.0104,115.1429
Sofia FIR,91.1217,115.0522
Sofia FIR,92.2329,114.9041
Sofia FIR,93.3441,114.678
Sofia FIR,94.4554,114.3347
Sofia FIR,95.5666,113.7974
Sofia FIR,96.6779,112.9541
Sofia FIR,97.7891,111.5111
Sofia FIR,98.9003,108.5034
Nicosia FIR,0.0,3.1737
Nicosia FIR,1.1112,72.0459
Nicosia FIR,2.2225,100.3509
Nicosia FIR,3.3337,114.7435
Nicosia FIR,4.445,122.2954
Nicosia FIR,5.5562,126.6407
Nicosia FIR,6.6674,128.93
Nicosia FIR,7.7787,129.9529
Nicosia FIR,8.8899,130.4362
Nicosia FIR,10.0012,130.6502
Nicosia FIR,11.1124,130.7296
Nicosia FIR,12.2236,130.739
Nicosia FIR,13.3349,130.7393
Nicosia FIR,14.4461,130.7393
Nicosia FIR,15.5574,130.7393
Nicosia FIR,16.6686,130.7393
Nicosia FIR,17.7798,130.7393
Nicosia FIR,18.8911,130.7393
Nicosia FIR,20.0023,130.7393
Nicosia FIR,21.1136,130.7393
Nicosia FIR,22.2248,130.7393
Nicosia FIR,23.336,130.7393
Nicosia FIR,24.4473,130.7393
Nicosia FIR,25.5585,130.7393
Nicosia FIR,26.6698,130.7393
Nicosia FIR,27.781,130.7393
Nicosia FIR,28.8922,130.7393
Nicosia FIR,30.0035,130.7393
Nicosia FIR,31.1147,130.7393
Nicosia FIR,32.226,130.7393
Nicosia FIR,33.3372,130.7393
Nicosia FIR,34.4484,130.7393
Nicosia FIR,35.5597,130.7393
Nicosia FIR,36.6709,130.7393
Nicosia FIR,37.7822,130.7393
Nicosia FIR,38.8934,130.7393
Nicosia FIR,40.0046,130.7393
Nicosia FIR,41.1159,130.7393
Nicosia FIR,42.2271,130.7393
Nicosia FIR,43.3383,130.7393
Nicosia FIR,44.4496,130.7393
Nicosia FIR,45.5608,130.7393
Nicosia FIR,46.6721,130.7393
Nicosia FIR,47.7833,130.7393
Nicosia FIR,48.8945,130.7393
Nicosia FIR,50.0058,130.7393
Nicosia FIR,51.117,130.7393
Nicosia FIR,52.2283,130.7393
Nicosia FIR,53.3395,130.7393
Nicosia FIR,54.4507,130.7393
Nicosia FIR,55.562,130.7393
Nicosia FIR,56.6732,130.7393
Nicosia FIR,57.7845,130.7393
Nicosia FIR,58.8957,130.7393
Nicosia FIR,60.0069,130.7393
Nicosia FIR,61.1182,130.7393
Nicosia FIR,62.2294,130.7393
Nicosia FIR,63.3407,130.7393
Nicosia FIR,64.4519,130.7393
Nicosia FIR,65.5631,130.7393
Nicosia FIR,66.6744,130.7393
Nicosia FIR,67.7856,130.7393
Nicosia FIR,68.8969,130.7393
Nicosia FIR,70.0081,130.7393
Nicosia FIR,71.1193,130.7393
Nicosia FIR,72.2306,130.7393
Nicosia FIR,73.3418,130.7393
Nicosia FIR,74.4531,130.7393
Nicosia FIR,75.5643,130.7393
Nicosia FIR,76.6755,130.7393
Nicosia FIR,77.7868,130.7393
Nicosia FIR,78.898,130.7393
Nicosia FIR,80.0093,130.7393
Nicosia FIR,81.1205,130.7393
Nicosia FIR,82.2317,130.7393
Nicosia FIR,83.343,130.7393
Nicosia FIR,84.4542,130.7393
Nicosia FIR,85.5655,130.7393
Nicosia FIR,86.6767,130.7393
Nicosia FIR,87.7879,130.7393
Nicosia FIR,88.8992,130.7393
Nicosia FIR,90.0104,130.7393
Nicosia FIR,91.1217,130.7393
Nicosia FIR,92.2329,130.739
Nicosia FIR,93.3441,130.7266
Nicosia FIR,94.4554,130.6452
Nicosia FIR,95.5666,130.3234
Nicosia FIR,96.6779,129.3771
Nicosia FIR,97.7891,126.8416
Nicosia FIR,98.9003,120.9732
Zagreb FIR,0.0,0.5714
Zagreb FIR,1.1114,29.9048
Zagreb FIR,2.2227,47.5949
Zagreb FIR,3.3341,60.5078
Zagreb FIR,4.4455,70.3032
Zagreb FIR,5.5568,78.0903
Zagreb FIR,6.6682,84.4436
Zagreb FIR,7.7796,89.7727
Zagreb FIR,8.8909,94.2681
Zagreb FIR,10.0023,97.9737
Zagreb FIR,11.1137,101.1107
Zagreb FIR,12.2251,103.6696
Zagreb FIR,13.3364,105.7865
Zagreb FIR,14.4478,107.5461
Zagreb FIR,15.5592,109.0713
Zagreb FIR,16.6705,110.4113
Zagreb FIR,17.7819,111.5471
Zagreb FIR,18.8933,112.5042
Zagreb FIR,20.0046,113.3197
Zagreb FIR,21.116,114.0141
Zagreb FIR,22.2274,114.5982
Zagreb FIR,23.3387,115.0786
Zagreb FIR,24.4501,115.4829
Zagreb FIR,25.5615,115.8218
Zagreb FIR,26.6728,116.1068
Zagreb FIR,27.7842,116.3359
Zagreb FIR,28.8956,116.5242
Zagreb FIR,30.0069,116.6742
Zagreb FIR,31.1183,116.7927
Zagreb FIR,32.2297,116.8877
Zagreb FIR,33.3411,116.9622
Zagreb FIR,34.4524,117.0196
Zagreb FIR,35.5638,117.0633
Zagreb FIR,36.6752,117.0968
Zagreb FIR,37.7865,117.121
Zagreb FIR,38.8979,117.1383
Zagreb FIR,40.0093,117.1498
Zagreb FIR,41.1206,117.1569
Zagreb FIR,42.232,117.1608
Zagreb FIR,43.3434,117.1627
Zagreb FIR,44.4547,117.1634
Zagreb FIR,45.5661,117.1635
Zagreb FIR,46.6775,117.1636
Zagreb FIR,47.7888,117.1636
Zagreb FIR,48.9002,117.1636
Zagreb FIR,50.0116,117.1636
Zagreb FIR,51.1229,117.1636
Zagreb FIR,52.2343,117.1636
Zagreb FIR,53.3457,117.1636
Zagreb FIR,54.4571,117.1636
Zagreb FIR,55.5684,117.1636
Zagreb FIR,56.6798,117.1636
Zagreb FIR,57.7912,117.1636
Zagreb FIR,58.9025,117.1636
Zagreb FIR,60.0139,117.1636
Zagreb FIR,61.1253,117.1636
Zagreb FIR,62.2366,117.1636
Zagreb FIR,63.348,117.1636
Zagreb FIR,64.4594,117.1636
Zagreb FIR,65.5707,117.1636
Zagreb FIR,66.6821,117.1636
Zagreb FIR,67.7935,117.1636
Zagreb FIR,68.9048,117.1636
Zagreb FIR,70.0162,117.1636
Zagreb FIR,71.1276,117.1636
Zagreb FIR,72.2389,117.1636
Zagreb FIR,73.3503,117.1636
Zagreb FIR,74.4617,117.1636
Zagreb FIR,75.573,117.1636
Zagreb FIR,76.6844,117.1636
Zagreb FIR,77.7958,117.1636
Zagreb FIR,78.9072,117.1635
Zagreb FIR,80.0185,117.1632
Zagreb FIR,81.1299,117.1622
Zagreb FIR,82.2413,117.1596
Zagreb FIR,83.3526,117.154
Zagreb FIR,84.464,117.1433
Zagreb FIR,85.5754,117.1249
Zagreb FIR,86.6867,117.0908
Zagreb FIR,87.7981,117.0351
Zagreb FIR,88.9095,116.9464
Zagreb FIR,90.0208,116.8254
Zagreb FIR,91.1322,116.6491
Zagreb FIR,92.2436,116.3869
Zagreb FIR,93.3549,115.9945
Zagreb FIR,94.4663,115.4367
Zagreb FIR,95.5777,114.5918
Zagreb FIR,96.689,113.3263
Zagreb FIR,97.8004,111.3696
Zagreb FIR,98.9118,107.9955
Barcelona FIR,0.0,1.6007
Barcelona FIR,1.1112,67.6251
Barcelona FIR,2.2225,97.0893
Barcelona FIR,3.3337,115.7358
Barcelona FIR,4.445,129.2958
Barcelona FIR,5.5562,139.247
Barcelona FIR,6.6674,146.781
Barcelona FIR,7.7787,152.6822
Barcelona FIR,8.8899,157.1903
Barcelona FIR,10.0012,160.6997
Barcelona FIR,11.1124,163.5435
Barcelona FIR,12.2236,165.8415
Barcelona FIR,13.3349,167.6672
Barcelona FIR,14.4461,169.0879
Barcelona FIR,15.5574,170.1917
Barcelona FIR,16.6686,171.0544
Barcelona FIR,17.7798,171.7211
Barcelona FIR,18.8911,172.2459
Barcelona FIR,20.0023,172.6522
Barcelona FIR,21.1136,172.9722
Barcelona FIR,22.2248,173.2003
Barcelona FIR,23.336,173.3571
Barcelona FIR,24.4473,173.4728
Barcelona FIR,25.5585,173.5517
Barcelona FIR,26.6698,173.6034
Barcelona FIR,27.781,173.6338
Barcelona FIR,28.8922,173.6512
Barcelona FIR,30.0035,173.6607
Barcelona FIR,31.1147,173.6647
Barcelona FIR,32.226,173.6659
Barcelona FIR,33.3372,173.6662
Barcelona FIR,34.4484,173.6662
Barcelona FIR,35.5597,173.6662
Barcelona FIR,36.6709,173.6662
Barcelona FIR,37.7822,173.6662
Barcelona FIR,38.8934,173.6662
Barcelona FIR,40.0046,173.6662
Barcelona FIR,41.1159,173.6662
Barcelona FIR,42.2271,173.6662
Barcelona FIR,43.3383,173.6662
Barcelona FIR,44.4496,173.6662
Barcelona FIR,45.5608,173.6662
Barcelona FIR,46.6721,173.6662
Barcelona FIR,47.7833,173.6662
Barcelona FIR,48.8945,173.6662
Barcelona FIR,50.0058,173.6662
Barcelona FIR,51.117,173.6662
Barcelona FIR,52.2283,173.6662
Barcelona FIR,53.3395,173.6662
Barcelona FIR,54.4507,173.6662
Barcelona FIR,55.562,173.6662
Barcelona FIR,56.6732,173.6662
Barcelona FIR,57.7845,173.6662
Barcelona FIR,58.8957,173.6662
Barcelona FIR,60.0069,173.6662
Barcelona FIR,61.1182,173.6662
Barcelona FIR,62.2294,173.6662
Barcelona FIR,63.3407,173.6662
Barcelona FIR,64.4519,173.6662
Barcelona FIR,65.5631,173.6662
Barcelona FIR,66.6744,173.6662
Barcelona FIR,67.7856,173.6662
Barcelona FIR,68.8969,173.6662
Barcelona FIR,70.0081,173.6662
Barcelona FIR,71.1193,173.6662
Barcelona FIR,72.2306,173.6662
Barcelona FIR,73.3418,173.6662
Barcelona FIR,74.4531,173.6662
Barcelona FIR,75.5643,173.666
Barcelona FIR,76.6755,173.6648
Barcelona FIR,77.7868,173.6614
Barcelona FIR,78.898,173.6532
Barcelona FIR,80.0093,173.6347
Barcelona FIR,81.1205,173.5988
Barcelona FIR,82.2317,173.5405
Barcelona FIR,83.343,173.4516
Barcelona FIR,84.4542,173.3257
Barcelona FIR,85.5655,173.1496
Barcelona FIR,86.6767,172.8912
Barcelona FIR,87.7879,172.5249
Barcelona FIR,88.8992,171.9973
Barcelona FIR,90.0104,171.3004
Barcelona FIR,91.1217,170.3475
Barcelona FIR,92.2329,169.0437
Barcelona FIR,93.3441,167.2591
Barcelona FIR,94.4554,164.6961
Barcelona FIR,95.5666,160.8969
Barcelona FIR,96.6779,155.564
Barcelona FIR,97.7891,147.3777
Barcelona FIR,98.9003,133.6049
Madrid FIR,0.0,0.576
Madrid FIR,1.1112,30.3316
Madrid FIR,2.2225,49.2444
Madrid FIR,3.3337,63.1526
Madrid FIR,4.445,73.7856
Madrid FIR,5.5562,82.4324
Madrid FIR,6.6674,89.4254
Madrid FIR,7.7787,95.0
Madrid FIR,8.8899,99.4855
Madrid FIR,10.0012,103.1278
Madrid FIR,11.1124,106.1481
Madrid FIR,12.2236,108.7005
Madrid FIR,13.3349,110.8616
Madrid FIR,14.4461,112.6973
Madrid FIR,15.5574,114.3074
Madrid FIR,16.6686,115.7176
Madrid FIR,17.7798,116.9408
Madrid FIR,18.8911,117.9925
Madrid FIR,20.0023,118.9269
Madrid FIR,21.1136,119.763
Madrid FIR,22.2248,120.5097
Madrid FIR,23.336,121.1812
Madrid FIR,24.4473,121.7782
Madrid FIR,25.5585,122.3023
Madrid FIR,26.6698,122.7618
Madrid FIR,27.781,123.1688
Madrid FIR,28.8922,123.5291
Madrid FIR,30.0035,123.8521
Madrid FIR,31.1147,124.1384
Madrid FIR,32.226,124.3935
Madrid FIR,33.3372,124.6174
Madrid FIR,34.4484,124.8107
Madrid FIR,35.5597,124.9797
Madrid FIR,36.6709,125.1243
Madrid FIR,37.7822,125.2461
Madrid FIR,38.8934,125.3505
Madrid FIR,40.0046,125.4377
Madrid FIR,41.1159,125.5109
Madrid FIR,42.2271,125.5708
Madrid FIR,43.3383,125.6186
Madrid FIR,44.4496,125.6569
Madrid FIR,45.5608,125.6874
Madrid FIR,46.6721,125.7113
Madrid FIR,47.7833,125.7297
Madrid FIR,48.8945,125.7427
Madrid FIR,50.0058,125.7515
Madrid FIR,51.117,125.7571
Madrid FIR,52.2283,125.7603
Madrid FIR,53.3395,125.7619
Madrid FIR,54.4507,125.7625
Madrid FIR,55.562,125.7627
Madrid FIR,56.6732,125.7627
Madrid FIR,57.7845,125.7627
Madrid FIR,58.8957,125.7627
Madrid FIR,60.0069,125.7627
Madrid FIR,61.1182,125.7627
Madrid FIR,62.2294,125.7627
Madrid FIR,63.3407,125.7627
Madrid FIR,64.4519,125.7627
Madrid FIR,65.5631,125.7627
Madrid FIR,66.6744,125.7627
Madrid FIR,67.7856,125.7627
Madrid FIR,68.8969,125.7627
Madrid FIR,70.0081,125.7627
Madrid FIR,71.1193,125.7627
Madrid FIR,72.2306,125.7627
Madrid FIR,73.3418,125.7627
Madrid FIR,74.4531,125.7627
Madrid FIR,75.5643,125.7625
Madrid FIR,76.6755,125.7619
Madrid FIR,77.7868,125.7595
Madrid FIR,78.898,125.7534
Madrid FIR,80.0093,125.7406
Madrid FIR,81.1205,125.7199
Madrid FIR,82.2317,125.6879
Madrid FIR,83.343,125.6385
Madrid FIR,84.4542,125.5639
Madrid FIR,85.5655,125.4563
Madrid FIR,86.6767,125.3085
Madrid FIR,87.7879,125.1077
Madrid FIR,88.8992,124.8278
Madrid FIR,90.0104,124.4489
Madrid FIR,91.1217,123.943
Madrid FIR,92.2329,123.287
Madrid FIR,93.3441,122.4188
Madrid FIR,94.4554,121.2562
Madrid FIR,95.5666,119.6674
Madrid FIR,96.6779,117.5933
Madrid FIR,97.7891,114.7133
Madrid FIR,98.9003,110.5096
Bordeaux FIR,0.0,0.6095
Bordeaux FIR,1.1114,34.9572
Bordeaux FIR,2.2227,54.3673
Bordeaux FIR,3.3341,67.5934
Bordeaux FIR,4.4455,77.507
Bordeaux FIR,5.5568,85.038
Bordeaux FIR,6.6682,90.8779
Bordeaux FIR,7.7796,95.6091
Bordeaux FIR,8.8909,99.5516
Bordeaux FIR,10.0023,102.8296
Bordeaux FIR,11.1137,105.5303
Bordeaux FIR,12.2251,107.7769
Bordeaux FIR,13.3364,109.6428
Bordeaux FIR,14.4478,111.2091
Bordeaux FIR,15.5592,112.5368
Bordeaux FIR,16.6705,113.6952
Bordeaux FIR,17.7819,114.6692
Bordeaux FIR,18.8933,115.4932
Bordeaux FIR,20.0046,116.2054
Bordeaux FIR,21.116,116.8239
Bordeaux FIR,22.2274,117.3525
Bordeaux FIR,23.3387,117.7915
Bordeaux FIR,24.4501,118.157
Bordeaux FIR,25.5615,118.4647
Bordeaux FIR,26.6728,118.729
Bordeaux FIR,27.7842,118.9526
Bordeaux FIR,28.8956,119.1419
Bordeaux FIR,30.0069,119.3037
Bordeaux FIR,31.1183,119.4361
Bordeaux FIR,32.2297,119.5459
Bordeaux FIR,33.3411,119.6351
Bordeaux FIR,34.4524,119.7069
Bordeaux FIR,35.5638,119.7621
Bordeaux FIR,36.6752,119.8056
Bordeaux FIR,37.7865,119.8398
Bordeaux FIR,38.8979,119.8654
Bordeaux FIR,40.0093,119.8836
Bordeaux FIR,41.1206,119.897
Bordeaux FIR,42.232,119.9064
Bordeaux FIR,43.3434,119.9127
Bordeaux FIR,44.4547,119.9166
Bordeaux FIR,45.5661,119.9186
Bordeaux FIR,46.6775,119.9195
Bordeaux FIR,47.7888,119.9198
Bordeaux FIR,48.9002,119.9198
Bordeaux FIR,50.0116,119.9198
Bordeaux FIR,51.1229,119.9198
Bordeaux FIR,52.2343,119.9198
Bordeaux FIR,53.3457,119.9198
Bordeaux FIR,54.4571,119.9198
Bordeaux FIR,55.5684,119.9198
Bordeaux FIR,56.6798,119.9198
Bordeaux FIR,57.7912,119.9198
Bordeaux FIR,58.9025,119.9198
Bordeaux FIR,60.0139,119.9198
Bordeaux FIR,61.1253,119.9198
Bordeaux FIR,62.2366,119.9198
Bordeaux FIR,63.348,119.9198
Bordeaux FIR,64.4594,119.9198
Bordeaux FIR,65.5707,119.9198
Bordeaux FIR,66.6821,119.9198
Bordeaux FIR,67.7935,119.9198
Bordeaux FIR,68.9048,119.9198
Bordeaux FIR,70.0162,119.9198
Bordeaux FIR,71.1276,119.9198
Bordeaux FIR,72.2389,119.9198
Bordeaux FIR,73.3503,119.9198
Bordeaux FIR,74.4617,119.9198
Bordeaux FIR,75.573,119.9198
Bordeaux FIR,76.6844,119.9198
Bordeaux FIR,77.7958,119.9198
Bordeaux FIR,78.9072,119.9198
Bordeaux FIR,80.0185,119.9198
Bordeaux FIR,81.1299,119.9198
Bordeaux FIR,82.2413,119.9196
Bordeaux FIR,83.3526,119.9189
Bordeaux FIR,84.464,119.9167
Bordeaux FIR,85.5754,119.911
Bordeaux FIR,86.6867,119.8977
Bordeaux FIR,87.7981,119.8725
Bordeaux FIR,88.9095,119.8295
Bordeaux FIR,90.0208,119.7563
Bordeaux FIR,91.1322,119.6349
Bordeaux FIR,92.2436,119.4355
Bordeaux FIR,93.3549,119.109
Bordeaux FIR,94.4663,118.5965
Bordeaux FIR,95.5777,117.7656
Bordeaux FIR,96.689,116.3426
Bordeaux FIR,97.8004,114.0008
Bordeaux FIR,98.9118,109.7401
Reims FIR,0.0,0.6592
Reims FIR,1.1116,31.0891
Reims FIR,2.2233,49.5251
Reims FIR,3.3349,62.5775
Reims FIR,4.4465,72.5328
Reims FIR,5.5581,80.4178
Reims FIR,6.6698,86.6113
Reims FIR,7.7814,91.6477
Reims FIR,8.893,95.8045
Reims FIR,10.0046,99.3268
Reims FIR,11.1163,102.3813
Reims FIR,12.2279,104.9164
Reims FIR,13.3395,107.0184
Reims FIR,14.4511,108.7965
Reims FIR,15.5628,110.2889
Reims FIR,16.6744,111.5273
Reims FIR,17.786,112.5794
Reims FIR,18.8976,113.4792
Reims FIR,20.0093,114.2367
Reims FIR,21.1209,114.8783
Reims FIR,22.2325,115.4109
Reims FIR,23.3441,115.8434
Reims FIR,24.4558,116.1956
Reims FIR,25.5674,116.4839
Reims FIR,26.679,116.7169
Reims FIR,27.7906,116.9047
Reims FIR,28.9023,117.0553
Reims FIR,30.0139,117.1743
Reims FIR,31.1255,117.2642
Reims FIR,32.2371,117.3309
Reims FIR,33.3488,117.3801
Reims FIR,34.4604,117.4138
Reims FIR,35.572,117.4357
Reims FIR,36.6836,117.45
Reims FIR,37.7953,117.4583
Reims FIR,38.9069,117.4625
Reims FIR,40.0185,117.4645
Reims FIR,41.1302,117.4652
Reims FIR,42.2418,117.4654
Reims FIR,43.3534,117.4654
Reims FIR,44.465,117.4654
Reims FIR,45.5767,117.4654
Reims FIR,46.6883,117.4654
Reims FIR,47.7999,117.4654
Reims FIR,48.9115,117.4654
Reims FIR,50.0232,117.4654
Reims FIR,51.1348,117.4654
Reims FIR,52.2464,117.4654
Reims FIR,53.358,117.4654
Reims FIR,54.4697,117.4654
Reims FIR,55.5813,117.4654
Reims FIR,56.6929,117.4654
Reims FIR,57.8045,117.4654
Reims FIR,58.9162,117.4654
Reims FIR,60.0278,117.4654
Reims FIR,61.1394,117.4654
Reims FIR,62.251,117.4654
Reims FIR,63.3627,117.4654
Reims FIR,64.4743,117.4654
Reims FIR,65.5859,117.4654
Reims FIR,66.6975,117.4654
Reims FIR,67.8092,117.4654
Reims FIR,68.9208,117.4654
Reims FIR,70.0324,117.4654
Reims FIR,71.144,117.4654
Reims FIR,72.2557,117.4654
Reims FIR,73.3673,117.4654
Reims FIR,74.4789,117.4654
Reims FIR,75.5906,117.4654
Reims FIR,76.7022,117.4654
Reims FIR,77.8138,117.4654
Reims FIR,78.9254,117.4654
Reims FIR,80.0371,117.4654
Reims FIR,81.1487,117.4654
Reims FIR,82.2603,117.4654
Reims FIR,83.3719,117.4653
Reims FIR,84.4836,117.4649
Reims FIR,85.5952,117.4623
Reims FIR,86.7068,117.455
Reims FIR,87.8184,117.4369
Reims FIR,88.9301,117.3974
Reims FIR,90.0417,117.3282
Reims FIR,91.1533,117.2064
Reims FIR,92.2649,117.0003
Reims FIR,93.3766,116.6511
Reims FIR,94.4882,116.1179
Reims FIR,95.5998,115.33
Reims FIR,96.7114,114.0976
Reims FIR,97.8231,112.0834
Reims FIR,98.9347,108.4469
Paris FIR,0.0,0.725
Paris FIR,1.1112,28.7289
Paris FIR,2.2225,44.4674
Paris FIR,3.3337,56.1413
Paris FIR,4.445,65.6862
Paris FIR,5.5562,73.1796
Paris FIR,6.6674,79.2461
Paris FIR,7.7787,84.2891
Paris FIR,8.8899,88.5711
Paris FIR,10.0012,92.2438
Paris FIR,11.1124,95.2964
Paris FIR,12.2236,97.9132
Paris FIR,13.3349,100.14
Paris FIR,14.4461,102.0785
Paris FIR,15.5574,103.7656
Paris FIR,16.6686,105.233
Paris FIR,17.7798,106.5269
Paris FIR,18.8911,107.6633
Paris FIR,20.0023,108.667
Paris FIR,21.1136,109.5634
Paris FIR,22.2248,110.3617
Paris FIR,23.336,111.0639
Paris FIR,24.4473,111.6849
Paris FIR,25.5585,112.2332
Paris FIR,26.6698,112.713
Paris FIR,27.781,113.1286
Paris FIR,28.8922,113.4895
Paris FIR,30.0035,113.808
Paris FIR,31.1147,114.0816
Paris FIR,32.226,114.3176
Paris FIR,33.3372,114.5197
Paris FIR,34.4484,114.6937
Paris FIR,35.5597,114.8421
Paris FIR,36.6709,114.9664
Paris FIR,37.7822,115.0717
Paris FIR,38.8934,115.1603
Paris FIR,40.0046,115.2331
Paris FIR,41.1159,115.2924
Paris FIR,42.2271,115.3411
Paris FIR,43.3383,115.3799
Paris FIR,44.4496,115.4108
Paris FIR,45.5608,115.4337
Paris FIR,46.6721,115.4502
Paris FIR,47.7833,115.4616
Paris FIR,48.8945,115.4695
Paris FIR,50.0058,115.475
Paris FIR,51.117,115.4784
Paris FIR,52.2283,115.4803
Paris FIR,53.3395,115.4812
Paris FIR,54.4507,115.4815
Paris FIR,55.562,115.4816
Paris FIR,56.6732,115.4816
Paris FIR,57.7845,115.4816
Paris FIR,58.8957,115.4816
Paris FIR,60.0069,115.4816
Paris FIR,61.1182,115.4816
Paris FIR,62.2294,115.4816
Paris FIR,63.3407,115.4816
Paris FIR,64.4519,115.4816
Paris FIR,65.5631,115.4816
Paris FIR,66.6744,115.4816
Paris FIR,67.7856,115.4816
Paris FIR,68.8969,115.4816
Paris FIR,70.0081,115.4816
Paris FIR,71.1193,115.4816
Paris FIR,72.2306,115.4816
Paris FIR,73.3418,115.4816
Paris FIR,74.4531,115.4816
Paris FIR,75.5643,115.4816
Paris FIR,76.6755,115.4816
Paris FIR,77.7868,115.4816
Paris FIR,78.898,115.4816
Paris FIR,80.0093,115.4816
Paris FIR,81.1205,115.4816
Paris FIR,82.2317,115.4814
Paris FIR,83.343,115.4804
Paris FIR,84.4542,115.4775
Paris FIR,85.5655,115.4702
Paris FIR,86.6767,115.4547
Paris FIR,87.7879,115.4247
Paris FIR,88.8992,115.3697
Paris FIR,90.0104,115.2789
Paris FIR,91.1217,115.1386
Paris FIR,92.2329,114.9324
Paris FIR,93.3441,114.6125
Paris FIR,94.4554,114.1332
Paris FIR,95.5666,113.4025
Paris FIR,96.6779,112.2569
Paris FIR,97.7891,110.4986
Paris FIR,98.9003,107.5457
Marseille FIR,0.0,0.6722
Marseille FIR,1.1114,38.731
Marseille FIR,2.2227,59.954
Marseille FIR,3.3341,74.773
Marseille FIR,4.4455,85.6535
Marseille FIR,5.5568,94.0965
Marseille FIR,6.6682,100.8054
Marseille FIR,7.7796,106.128
Marseille FIR,8.8909,110.4602
Marseille FIR,10.0023,114.015
Marseille FIR,11.1137,117.0398
Marseille FIR,12.2251,119.6166
Marseille FIR,13.3364,121.7835
Marseille FIR,14.4478,123.6875
Marseille FIR,15.5592,125.355
Marseille FIR,16.6705,126.8082
Marseille FIR,17.7819,128.0567
Marseille FIR,18.8933,129.0966
Marseille FIR,20.0046,129.981
Marseille FIR,21.116,130.7367
Marseille FIR,22.2274,131.3856
Marseille FIR,23.3387,131.9426
Marseille FIR,24.4501,132.4137
Marseille FIR,25.5615,132.8206
Marseille FIR,26.6728,133.1613
Marseille FIR,27.7842,133.4418
Marseille FIR,28.8956,133.6716
Marseille FIR,30.0069,133.8623
Marseille FIR,31.1183,134.0168
Marseille FIR,32.2297,134.143
Marseille FIR,33.3411,134.2468
Marseille FIR,34.4524,134.3298
Marseille FIR,35.5638,134.3952
Marseille FIR,36.6752,134.4466
Marseille FIR,37.7865,134.4845
Marseille FIR,38.8979,134.511
Marseille FIR,40.0093,134.5299
Marseille FIR,41.1206,134.5422
Marseille FIR,42.232,134.5498
Marseille FIR,43.3434,134.5538
Marseille FIR,44.4547,134.5558
Marseille FIR,45.5661,134.5565
Marseille FIR,46.6775,134.5568
Marseille FIR,47.7888,134.5568
Marseille FIR,48.9002,134.5568
Marseille FIR,50.0116,134.5568
Marseille FIR,51.1229,134.5568
Marseille FIR,52.2343,134.5568
Marseille FIR,53.3457,134.5568
Marseille FIR,54.4571,134.5568
Marseille FIR,55.5684,134.5568
Marseille FIR,56.6798,134.5568
Marseille FIR,57.7912,134.5568
Marseille FIR,58.9025,134.5568
Marseille FIR,60.0139,134.5568
Marseille FIR,61.1253,134.5568
Marseille FIR,62.2366,134.5568
Marseille FIR,63.348,134.5568
Marseille FIR,64.4594,134.5568
Marseille FIR,65.5707,134.5568
Marseille FIR,66.6821,134.5568
Marseille FIR,67.7935,134.5568
Marseille FIR,68.9048,134.5568
Marseille FIR,70.0162,134.5568
Marseille FIR,71.1276,134.5568
Marseille FIR,72.2389,134.5568
Marseille FIR,73.3503,134.5568
Marseille FIR,74.4617,134.5568
Marseille FIR,75.573,134.5566
Marseille FIR,76.6844,134.5556
Marseille FIR,77.7958,134.5525
Marseille FIR,78.9072,134.5454
Marseille FIR,80.0185,134.5326
Marseille FIR,81.1299,134.5111
Marseille FIR,82.2413,134.4765
Marseille FIR,83.3526,134.4194
Marseille FIR,84.464,134.3358
Marseille FIR,85.5754,134.2167
Marseille FIR,86.6867,134.0507
Marseille FIR,87.7981,133.818
Marseille FIR,88.9095,133.4945
Marseille FIR,90.0208,133.0666
Marseille FIR,91.1322,132.4768
Marseille FIR,92.2436,131.6921
Marseille FIR,93.3549,130.6658
Marseille FIR,94.4663,129.2441
Marseille FIR,95.5777,127.2905
Marseille FIR,96.689,124.3741
Marseille FIR,97.8004,120.0582
Marseille FIR,98.9118,113.2545
Brest FIR,0.0,0.4822
Brest FIR,1.1116,27.8096
Brest FIR,2.2233,42.9976
Brest FIR,3.3349,54.8563
Brest FIR,4.4465,64.2817
Brest FIR,5.5581,71.9766
Brest FIR,6.6698,78.4109
Brest FIR,7.7814,83.8344
Brest FIR,8.893,88.4703
Brest FIR,10.0046,92.4962
Brest FIR,11.1163,95.9686
Brest FIR,12.2279,98.968
Brest FIR,13.3395,101.5962
Brest FIR,14.4511,103.915
Brest FIR,15.5628,105.9479
Brest FIR,16.6744,107.7071
Brest FIR,17.786,109.2376
Brest FIR,18.8976,110.5871
Brest FIR,20.0093,111.7573
Brest FIR,21.1209,112.7809
Brest FIR,22.2325,113.6957
Brest FIR,23.3441,114.5104
Brest FIR,24.4558,115.2243
Brest FIR,25.5674,115.8341
Brest FIR,26.679,116.3561
Brest FIR,27.7906,116.7983
Brest FIR,28.9023,117.1707
Brest FIR,30.0139,117.4873
Brest FIR,31.1255,117.759
Brest FIR,32.2371,117.9875
Brest FIR,33.3488,118.1796
Brest FIR,34.4604,118.3389
Brest FIR,35.572,118.4652
Brest FIR,36.6836,118.5701
Brest FIR,37.7953,118.6565
Brest FIR,38.9069,118.725
Brest FIR,40.0185,118.7788
Brest FIR,41.1302,118.8204
Brest FIR,42.2418,118.8523
Brest FIR,43.3534,118.8759
Brest FIR,44.465,118.8937
Brest FIR,45.5767,118.9059
Brest FIR,46.6883,118.9137
Brest FIR,47.7999,118.9178
Brest FIR,48.9115,118.9196
Brest FIR,50.0232,118.9205
Brest FIR,51.1348,118.9208
Brest FIR,52.2464,118.9208
Brest FIR,53.358,118.9208
Brest FIR,54.4697,118.9208
Brest FIR,55.5813,118.9208
Brest FIR,56.6929,118.9208
Brest FIR,57.8045,118.9208
Brest FIR,58.9162,118.9208
Brest FIR,60.0278,118.9208
Brest FIR,61.1394,118.9208
Brest FIR,62.251,118.9208
Brest FIR,63.3627,118.9208
Brest FIR,64.4743,118.9208
Brest FIR,65.5859,118.9208
Brest FIR,66.6975,118.9208
Brest FIR,67.8092,118.9208
Brest FIR,68.9208,118.9208
Brest FIR,70.0324,118.9208
Brest FIR,71.144,118.9208
Brest FIR,72.2557,118.9208
Brest FIR,73.3673,118.9208
Brest FIR,74.4789,118.9208
Brest FIR,75.5906,118.9208
Brest FIR,76.7022,118.9208
Brest FIR,77.8138,118.9208
Brest FIR,78.9254,118.9207
Brest FIR,80.0371,118.9203
Brest FIR,81.1487,118.919
Brest FIR,82.2603,118.9156
Brest FIR,83.3719,118.9081
Brest FIR,84.4836,118.8941
Brest FIR,85.5952,118.871
Brest FIR,86.7068,118.8329
Brest FIR,87.8184,118.773
Brest FIR,88.9301,118.6792
Brest FIR,90.0417,118.5361
Brest FIR,91.1533,118.3247
Brest FIR,92.2649,118.0232
Brest FIR,93.3766,117.5754
Brest FIR,94.4882,116.9523
Brest FIR,95.5998,116.0361
Brest FIR,96.7114,114.6435
Brest FIR,97.8231,112.5719
Brest FIR,98.9347,108.9956
Athinai FIR,0.0,0.8005
Athinai FIR,1.1112,40.1836
Athinai FIR,2.2225,63.7676
Athinai FIR,3.3337,78.0156
Athinai FIR,4.445,88.0249
Athinai FIR,5.5562,95.4225
Athinai FIR,6.6674,101.0156
Athinai FIR,7.7787,105.1107
Athinai FIR,8.8899,108.2517
Athinai FIR,10.0012,110.7145
Athinai FIR,11.1124,112.7094
Athinai FIR,12.2236,114.3249
Athinai FIR,13.3349,115.6096
Athinai FIR,14.4461,116.6395
Athinai FIR,15.5574,117.4796
Athinai FIR,16.6686,118.1703
Athinai FIR,17.7798,118.7313
Athinai FIR,18.8911,119.1767
Athinai FIR,20.0023,119.5244
Athinai FIR,21.1136,119.7907
Athinai FIR,22.2248,119.9868
Athinai FIR,23.336,120.1346
Athinai FIR,24.4473,120.2472
Athinai FIR,25.5585,120.3247
Athinai FIR,26.6698,120.3776
Athinai FIR,27.781,120.4132
Athinai FIR,28.8922,120.4367
Athinai FIR,30.0035,120.4518
Athinai FIR,31.1147,120.4604
Athinai FIR,32.226,120.4643
Athinai FIR,33.3372,120.4656
Athinai FIR,34.4484,120.4659
Athinai FIR,35.5597,120.4659
Athinai FIR,36.6709,120.4659
Athinai FIR,37.7822,120.4659
Athinai FIR,38.8934,120.4659
Athinai FIR,40.0046,120.4659
Athinai FIR,41.1159,120.4659
Athinai FIR,42.2271,120.4659
Athinai FIR,43.3383,120.4659
Athinai FIR,44.4496,120.4659
Athinai FIR,45.5608,120.4659
Athinai FIR,46.6721,120.4659
Athinai FIR,47.7833,120.4659
Athinai FIR,48.8945,120.4659
Athinai FIR,50.0058,120.4659
Athinai FIR,51.117,120.4659
Athinai FIR,52.2283,120.4659
Athinai FIR,53.3395,120.4659
Athinai FIR,54.4507,120.4659
Athinai FIR,55.562,120.4659
Athinai FIR,56.6732,120.4659
Athinai FIR,57.7845,120.4659
Athinai FIR,58.8957,120.4659
Athinai FIR,60.0069,120.4659
Athinai FIR,61.1182,120.4659
Athinai FIR,62.2294,120.4659
Athinai FIR,63.3407,120.4659
Athinai FIR,64.4519,120.4659
Athinai FIR,65.5631,120.4659
Athinai FIR,66.6744,120.4659
Athinai FIR,67.7856,120.4659
Athinai FIR,68.8969,120.4659
Athinai FIR,70.0081,120.4659
Athinai FIR,71.1193,120.4659
Athinai FIR,72.2306,120.4659
Athinai FIR,73.3418,120.4659
Athinai FIR,74.4531,120.4659
Athinai FIR,75.5643,120.4659
Athinai FIR,76.6755,120.4659
Athinai FIR,77.7868,120.4659
Athinai FIR,78.898,120.4659
Athinai FIR,80.0093,120.4659
Athinai FIR,81.1205,120.4658
Athinai FIR,82.2317,120.4656
Athinai FIR,83.343,120.4645
Athinai FIR,84.4542,120.4615
Athinai FIR,85.5655,120.4535
Athinai FIR,86.6767,120.4379
Athinai FIR,87.7879,120.4107
Athinai FIR,88.8992,120.3642
Athinai FIR,90.0104,120.2839
Athinai FIR,91.1217,120.1475
Athinai FIR,92.2329,119.9338
Athinai FIR,93.3441,119.6017
Athinai FIR,94.4554,119.0667
Athinai FIR,95.5666,118.2303
Athinai FIR,96.6779,116.8886
Athinai FIR,97.7891,114.5781
Athinai FIR,98.9003,110.536
Budapest FIR,0.0,0.443
Budapest FIR,1.1112,23.7345
Budapest FIR,2.2225,38.9433
Budapest FIR,3.3337,50.6947
Budapest FIR,4.445,59.9845
Budapest FIR,5.5562,67.4744
Budapest FIR,6.6674,73.7112
Budapest FIR,7.7787,79.0265
Budapest FIR,8.8899,83.5143
Budapest FIR,10.0012,87.3727
Budapest FIR,11.1124,90.7514
Budapest FIR,12.2236,93.6907
Budapest FIR,13.3349,96.2917
Budapest FIR,14.4461,98.5654
Budapest FIR,15.5574,100.5334
Budapest FIR,16.6686,102.2415
Budapest FIR,17.7798,103.7301
Budapest FIR,18.8911,105.0135
Budapest FIR,20.0023,106.1335
Budapest FIR,21.1136,107.1071
Budapest FIR,22.2248,107.9545
Budapest FIR,23.336,108.6982
Budapest FIR,24.4473,109.3403
Budapest FIR,25.5585,109.9005
Budapest FIR,26.6698,110.3848
Budapest FIR,27.781,110.8019
Budapest FIR,28.8922,111.1516
Budapest FIR,30.0035,111.4472
Budapest FIR,31.1147,111.6916
Budapest FIR,32.226,111.9008
Budapest FIR,33.3372,112.0757
Budapest FIR,34.4484,112.2204
Budapest FIR,35.5597,112.34
Budapest FIR,36.6709,112.4346
Budapest FIR,37.7822,112.5131
Budapest FIR,38.8934,112.5742
Budapest FIR,40.0046,112.6221
Budapest FIR,41.1159,112.6605
Budapest FIR,42.2271,112.6906
Budapest FIR,43.3383,112.7124
Budapest FIR,44.4496,112.728
Budapest FIR,45.5608,112.7382
Budapest FIR,46.6721,112.7444
Budapest FIR,47.7833,112.748
Budapest FIR,48.8945,112.7498
Budapest FIR,50.0058,112.7505
Budapest FIR,51.117,112.7507
Budapest FIR,52.2283,112.7507
Budapest FIR,53.3395,112.7507
Budapest FIR,54.4507,112.7507
Budapest FIR,55.562,112.7507
Budapest FIR,56.6732,112.7507
Budapest FIR,57.7845,112.7507
Budapest FIR,58.8957,112.7507
Budapest FIR,60.0069,112.7507
Budapest FIR,61.1182,112.7507
Budapest FIR,62.2294,112.7507
Budapest FIR,63.3407,112.7507
Budapest FIR,64.4519,112.7507
Budapest FIR,65.5631,112.7507
Budapest FIR,66.6744,112.7507
Budapest FIR,67.7856,112.7507
Budapest FIR,68.8969,112.7507
Budapest FIR,70.0081,112.7507
Budapest FIR,71.1193,112.7507
Budapest FIR,72.2306,112.7507
Budapest FIR,73.3418,112.7507
Budapest FIR,74.4531,112.7507
Budapest FIR,75.5643,112.7507
Budapest FIR,76.6755,112.7507
Budapest FIR,77.7868,112.7507
Budapest FIR,78.898,112.7507
Budapest FIR,80.0093,112.7507
Budapest FIR,81.1205,112.7506
Budapest FIR,82.2317,112.7505
Budapest FIR,83.343,112.7497
Budapest FIR,84.4542,112.7474
Budapest FIR,85.5655,112.7416
Budapest FIR,86.6767,112.7288
Budapest FIR,87.7879,112.7031
Budapest FIR,88.8992,112.6598
Budapest FIR,90.0104,112.5901
Budapest FIR,91.1217,112.4726
Budapest FIR,92.2329,112.2857
Budapest FIR,93.3441,112.0045
Budapest FIR,94.4554,111.5891
Budapest FIR,95.5666,110.9886
Budapest FIR,96.6779,110.0706
Budapest FIR,97.7891,108.6139
Budapest FIR,98.9003,106.1627
Brindisi FIR,0.0,1.0084
Brindisi FIR,1.1115,42.8644
Brindisi FIR,2.223,66.0229
Brindisi FIR,3.3345,82.1449
Brindisi FIR,4.446,93.7267
Brindisi FIR,5.5575,102.3792
Brindisi FIR,6.669,109.1201
Brindisi FIR,7.7805,113.9848
Brindisi FIR,8.892,117.7764
Brindisi FIR,10.0035,120.7246
Brindisi FIR,11.115,123.0814
Brindisi FIR,12.2265,124.9136
Brindisi FIR,13.338,126.3805
Brindisi FIR,14.4495,127.5271
Brindisi FIR,15.561,128.4388
Brindisi FIR,16.6725,129.1744
Brindisi FIR,17.784,129.7556
Brindisi FIR,18.8954,130.1884
Brindisi FIR,20.0069,130.4968
Brindisi FIR,21.1184,130.7157
Brindisi FIR,22.2299,130.8633
Brindisi FIR,23.3414,130.9581
Brindisi FIR,24.4529,131.0183
Brindisi FIR,25.5644,131.0532
Brindisi FIR,26.6759,131.0714
Brindisi FIR,27.7874,131.0784
Brindisi FIR,28.8989,131.0808
Brindisi FIR,30.0104,131.0813
Brindisi FIR,31.1219,131.0814
Brindisi FIR,32.2334,131.0814
Brindisi FIR,33.3449,131.0814
Brindisi FIR,34.4564,131.0814
Brindisi FIR,35.5679,131.0814
Brindisi FIR,36.6794,131.0814
Brindisi FIR,37.7909,131.0814
Brindisi FIR,38.9024,131.0814
Brindisi FIR,40.0139,131.0814
Brindisi FIR,41.1254,131.0814
Brindisi FIR,42.2369,131.0814
Brindisi FIR,43.3484,131.0814
Brindisi FIR,44.4599,131.0814
Brindisi FIR,45.5714,131.0814
Brindisi FIR,46.6829,131.0814
Brindisi FIR,47.7944,131.0814
Brindisi FIR,48.9059,131.0814
Brindisi FIR,50.0174,131.0814
Brindisi FIR,51.1289,131.0814
Brindisi FIR,52.2404,131.0814
Brindisi FIR,53.3519,131.0814
Brindisi FIR,54.4634,131.0814
Brindisi FIR,55.5749,131.0814
Brindisi FIR,56.6863,131.0814
Brindisi FIR,57.7978,131.0814
Brindisi FIR,58.9093,131.0814
Brindisi FIR,60.0208,131.0814
Brindisi FIR,61.1323,131.0814
Brindisi FIR,62.2438,131.0814
Brindisi FIR,63.3553,131.0814
Brindisi FIR,64.4668,131.0814
Brindisi FIR,65.5783,131.0814
Brindisi FIR,66.6898,131.0814
Brindisi FIR,67.8013,131.0814
Brindisi FIR,68.9128,131.0814
Brindisi FIR,70.0243,131.0814
Brindisi FIR,71.1358,131.0814
Brindisi FIR,72.2473,131.0814
Brindisi FIR,73.3588,131.0814
Brindisi FIR,74.4703,131.0814
Brindisi FIR,75.5818,131.0814
Brindisi FIR,76.6933,131.0814
Brindisi FIR,77.8048,131.0814
Brindisi FIR,78.9163,131.0814
Brindisi FIR,80.0278,131.0813
Brindisi FIR,81.1393,131.0807
Brindisi FIR,82.2508,131.0786
Brindisi FIR,83.3623,131.0726
Brindisi FIR,84.4738,131.0573
Brindisi FIR,85.5853,131.0307
Brindisi FIR,86.6968,130.9849
Brindisi FIR,87.8083,130.9041
Brindisi FIR,88.9198,130.7708
Brindisi FIR,90.0313,130.5524
Brindisi FIR,91.1428,130.2149
Brindisi FIR,92.2543,129.7292
Brindisi FIR,93.3658,129.0162
Brindisi FIR,94.4772,127.9094
Brindisi FIR,95.5887,126.2822
Brindisi FIR,96.7002,123.796
Brindisi FIR,97.8117,119.8613
Brindisi FIR,98.9232,113.5424
Milano FIR,0.0,0.6275
Milano FIR,1.1112,31.3715
Milano FIR,2.2225,49.1188
Milano FIR,3.3337,61.8437
Milano FIR,4.445,71.9193
Milano FIR,5.5562,80.0114
Milano FIR,6.6674,86.52
Milano FIR,7.7787,91.92
Milano FIR,8.8899,96.4932
Milano FIR,10.0012,100.3158
Milano FIR,11.1124,103.5061
Milano FIR,12.2236,106.1907
Milano FIR,13.3349,108.4868
Milano FIR,14.4461,110.4573
Milano FIR,15.5574,112.1328
Milano FIR,16.6686,113.5699
Milano FIR,17.7798,114.7916
Milano FIR,18.8911,115.8437
Milano FIR,20.0023,116.7607
Milano FIR,21.1136,117.5668
Milano FIR,22.2248,118.2604
Milano FIR,23.336,118.8639
Milano FIR,24.4473,119.3852
Milano FIR,25.5585,119.8344
Milano FIR,26.6698,120.2157
Milano FIR,27.781,120.5385
Milano FIR,28.8922,120.817
Milano FIR,30.0035,121.0585
Milano FIR,31.1147,121.2655
Milano FIR,32.226,121.439
Milano FIR,33.3372,121.5824
Milano FIR,34.4484,121.7012
Milano FIR,35.5597,121.799
Milano FIR,36.6709,121.8774
Milano FIR,37.7822,121.939
Milano FIR,38.8934,121.9863
Milano FIR,40.0046,122.0221
Milano FIR,41.1159,122.0491
Milano FIR,42.2271,122.0698
Milano FIR,43.3383,122.0852
Milano FIR,44.4496,122.0958
Milano FIR,45.5608,122.1027
Milano FIR,46.6721,122.1071
Milano FIR,47.7833,122.1093
Milano FIR,48.8945,122.1102
Milano FIR,50.0058,122.1103
Milano FIR,51.117,122.1104
Milano FIR,52.2283,122.1104
Milano FIR,53.3395,122.1104
Milano FIR,54.4507,122.1104
Milano FIR,55.562,122.1104
Milano FIR,56.6732,122.1104
Milano FIR,57.7845,122.1104
Milano FIR,58.8957,122.1104
Milano FIR,60.0069,122.1104
Milano FIR,61.1182,122.1104
Milano FIR,62.2294,122.1104
Milano FIR,63.3407,122.1104
Milano FIR,64.4519,122.1104
Milano FIR,65.5631,122.1104
Milano FIR,66.6744,122.1104
Milano FIR,67.7856,122.1104
Milano FIR,68.8969,122.1104
Milano FIR,70.0081,122.1104
Milano FIR,71.1193,122.1104
Milano FIR,72.2306,122.1104
Milano FIR,73.3418,122.1104
Milano FIR,74.4531,122.1104
Milano FIR,75.5643,122.1104
Milano FIR,76.6755,122.1103
Milano FIR,77.7868,122.11
Milano FIR,78.898,122.109
Milano FIR,80.0093,122.106
Milano FIR,81.1205,122.0995
Milano FIR,82.2317,122.0868
Milano FIR,83.343,122.0636
Milano FIR,84.4542,122.0205
Milano FIR,85.5655,121.9558
Milano FIR,86.6767,121.8631
Milano FIR,87.7879,121.7299
Milano FIR,88.8992,121.5469
Milano FIR,90.0104,121.2843
Milano FIR,91.1217,120.9136
Milano FIR,92.2329,120.4103
Milano FIR,93.3441,119.727
Milano FIR,94.4554,118.8171
Milano FIR,95.5666,117.543
Milano FIR,96.6779,115.8104
Milano FIR,97.7891,113.2072
Milano FIR,98.9003,109.1454
Roma FIR,0.0,0.8546
Roma FIR,1.1114,42.6044
Roma FIR,2.2227,66.0323
Roma FIR,3.3341,81.8277
Roma FIR,4.4455,93.5339
Roma FIR,5.5568,102.7077
Roma FIR,6.6682,109.6303
Roma FIR,7.7796,114.9973
Roma FIR,8.8909,119.055
Roma FIR,10.0023,122.3448
Roma FIR,11.1137,125.0147
Roma FIR,12.2251,127.1442
Roma FIR,13.3364,128.8665
Roma FIR,14.4478,130.2111
Roma FIR,15.5592,131.3152
Roma FIR,16.6705,132.234
Roma FIR,17.7819,132.9765
Roma FIR,18.8933,133.5739
Roma FIR,20.0046,134.0459
Roma FIR,21.116,134.4275
Roma FIR,22.2274,134.737
Roma FIR,23.3387,134.9847
Roma FIR,24.4501,135.1819
Roma FIR,25.5615,135.3362
Roma FIR,26.6728,135.453
Roma FIR,27.7842,135.5396
Roma FIR,28.8956,135.6024
Roma FIR,30.0069,135.6482
Roma FIR,31.1183,135.6799
Roma FIR,32.2297,135.7011
Roma FIR,33.3411,135.7138
Roma FIR,34.4524,135.7201
Roma FIR,35.5638,135.7225
Roma FIR,36.6752,135.7232
Roma FIR,37.7865,135.7233
Roma FIR,38.8979,135.7233
Roma FIR,40.0093,135.7233
Roma FIR,41.1206,135.7233
Roma FIR,42.232,135.7233
Roma FIR,43.3434,135.7233
Roma FIR,44.4547,135.7233
Roma FIR,45.5661,135.7233
Roma FIR,46.6775,135.7233
Roma FIR,47.7888,135.7233
Roma FIR,48.9002,135.7233
Roma FIR,50.0116,135.7233
Roma FIR,51.1229,135.7233
Roma FIR,52.2343,135.7233
Roma FIR,53.3457,135.7233
Roma FIR,54.4571,135.7233
Roma FIR,55.5684,135.7233
Roma FIR,56.6798,135.7233
Roma FIR,57.7912,135.7233
Roma FIR,58.9025,135.7233
Roma FIR,60.0139,135.7233
Roma FIR,61.1253,135.7233
Roma FIR,62.2366,135.7233
Roma FIR,63.348,135.7233
Roma FIR,64.4594,135.7233
Roma FIR,65.5707,135.7233
Roma FIR,66.6821,135.7233
Roma FIR,67.7935,135.7233
Roma FIR,68.9048,135.7233
Roma FIR,70.0162,135.7233
Roma FIR,71.1276,135.7233
Roma FIR,72.2389,135.7233
Roma FIR,73.3503,135.7233
Roma FIR,74.4617,135.7233
Roma FIR,75.573,135.7231
Roma FIR,76.6844,135.7224
Roma FIR,77.7958,135.7199
Roma FIR,78.9072,135.7147
Roma FIR,80.0185,135.7029
Roma FIR,81.1299,135.6793
Roma FIR,82.2413,135.6403
Roma FIR,83.3526,135.5811
Roma FIR,84.464,135.4933
Roma FIR,85.5754,135.3706
Roma FIR,86.6867,135.1999
Roma FIR,87.7981,134.9664
Roma FIR,88.9095,134.645
Roma FIR,90.0208,134.2215
Roma FIR,91.1322,133.6597
Roma FIR,92.2436,132.9081
Roma FIR,93.3549,131.9043
Roma FIR,94.4663,130.576
Roma FIR,95.5777,128.7368
Roma FIR,96.689,125.8814
Roma FIR,97.8004,121.493
Roma FIR,98.9118,114.6348
Ljubljana FIR,0.0,1.2458
Ljubljana FIR,1.1116,38.386
Ljubljana FIR,2.2233,58.274
Ljubljana FIR,3.3349,72.9651
Ljubljana FIR,4.4465,84.1427
Ljubljana FIR,5.5581,92.7266
Ljubljana FIR,6.6698,99.4943
Ljubljana FIR,7.7814,104.9345
Ljubljana FIR,8.893,109.2745
Ljubljana FIR,10.0046,112.7567
Ljubljana FIR,11.1163,115.5367
Ljubljana FIR,12.2279,117.7669
Ljubljana FIR,13.3395,119.536
Ljubljana FIR,14.4511,120.9968
Ljubljana FIR,15.5628,122.1587
Ljubljana FIR,16.6744,123.1036
Ljubljana FIR,17.786,123.8443
Ljubljana FIR,18.8976,124.4322
Ljubljana FIR,20.0093,124.8899
Ljubljana FIR,21.1209,125.2314
Ljubljana FIR,22.2325,125.4885
Ljubljana FIR,23.3441,125.6756
Ljubljana FIR,24.4558,125.8139
Ljubljana FIR,25.5674,125.915
Ljubljana FIR,26.679,125.9879
Ljubljana FIR,27.7906,126.0349
Ljubljana FIR,28.9023,126.0646
Ljubljana FIR,30.0139,126.0812
Ljubljana FIR,31.1255,126.0895
Ljubljana FIR,32.2371,126.0928
Ljubljana FIR,33.3488,126.0936
Ljubljana FIR,34.4604,126.0938
Ljubljana FIR,35.572,126.0938
Ljubljana FIR,36.6836,126.0938
Ljubljana FIR,37.7953,126.0938
Ljubljana FIR,38.9069,126.0938
Ljubljana FIR,40.0185,126.0938
Ljubljana FIR,41.1302,126.0938
Ljubljana FIR,42.2418,126.0938
Ljubljana FIR,43.3534,126.0938
Ljubljana FIR,44.465,126.0938
Ljubljana FIR,45.5767,126.0938
Ljubljana FIR,46.6883,126.0938
Ljubljana FIR,47.7999,126.0938
Ljubljana FIR,48.9115,126.0938
Ljubljana FIR,50.0232,126.0938
Ljubljana FIR,51.1348,126.0938
Ljubljana FIR,52.2464,126.0938
Ljubljana FIR,53.358,126.0938
Ljubljana FIR,54.4697,126.0938
Ljubljana FIR,55.5813,126.0938
Ljubljana FIR,56.6929,126.0938
Ljubljana FIR,57.8045,126.0938
Ljubljana FIR,58.9162,126.0938
Ljubljana FIR,60.0278,126.0938
Ljubljana FIR,61.1394,126.0938
Ljubljana FIR,62.251,126.0938
Ljubljana FIR,63.3627,126.0938
Ljubljana FIR,64.4743,126.0938
Ljubljana FIR,65.5859,126.0938
Ljubljana FIR,66.6975,126.0938
Ljubljana FIR,67.8092,126.0938
Ljubljana FIR,68.9208,126.0938
Ljubljana FIR,70.0324,126.0938
Ljubljana FIR,71.144,126.0938
Ljubljana FIR,72.2557,126.0938
Ljubljana FIR,73.3673,126.0938
Ljubljana FIR,74.4789,126.0938
Ljubljana FIR,75.5906,126.0938
Ljubljana FIR,76.7022,126.0938
Ljubljana FIR,77.8138,126.0938
Ljubljana FIR,78.9254,126.0938
Ljubljana FIR,80.0371,126.0938
Ljubljana FIR,81.1487,126.0938
Ljubljana FIR,82.2603,126.0938
Ljubljana FIR,83.3719,126.0938
Ljubljana FIR,84.4836,126.0937
Ljubljana FIR,85.5952,126.0926
Ljubljana FIR,86.7068,126.0883
Ljubljana FIR,87.8184,126.0748
Ljubljana FIR,88.9301,126.042
Ljubljana FIR,90.0417,125.9763
Ljubljana FIR,91.1533,125.8618
Ljubljana FIR,92.2649,125.6648
Ljubljana FIR,93.3766,125.33
Ljubljana FIR,94.4882,124.7328
Ljubljana FIR,95.5998,123.6907
Ljubljana FIR,96.7114,121.9148
Ljubljana FIR,97.8231,118.9565
Ljubljana FIR,98.9347,113.6538
Praha FIR,0.0,0.5989
Praha FIR,1.1112,25.7882
Praha FIR,2.2225,40.3098
Praha FIR,3.3337,51.6985
Praha FIR,4.445,60.8683
Praha FIR,5.5562,68.2694
Praha FIR,6.6674,74.2274
Praha FIR,7.7787,79.1537
Praha FIR,8.8899,83.3054
Praha FIR,10.0012,86.8206
Praha FIR,11.1124,89.8177
Praha FIR,12.2236,92.4398
Praha FIR,13.3349,94.7217
Praha FIR,14.4461,96.71
Praha FIR,15.5574,98.4497
Praha FIR,16.6686,99.9744
Praha FIR,17.7798,101.3306
Praha FIR,18.8911,102.5092
Praha FIR,20.0023,103.5436
Praha FIR,21.1136,104.474
Praha FIR,22.2248,105.2981
Praha FIR,23.336,106.0181
Praha FIR,24.4473,106.6543
Praha FIR,25.5585,107.2147
Praha FIR,26.6698,107.7103
Praha FIR,27.781,108.1515
Praha FIR,28.8922,108.542
Praha FIR,30.0035,108.8801
Praha FIR,31.1147,109.1741
Praha FIR,32.226,109.4238
Praha FIR,33.3372,109.6357
Praha FIR,34.4484,109.8136
Praha FIR,35.5597,109.964
Praha FIR,36.6709,110.0904
Praha FIR,37.7822,110.1946
Praha FIR,38.8934,110.2801
Praha FIR,40.0046,110.3509
Praha FIR,41.1159,110.4069
Praha FIR,42.2271,110.4505
Praha FIR,43.3383,110.4845
Praha FIR,44.4496,110.5113
Praha FIR,45.5608,110.5311
Praha FIR,46.6721,110.5441
Praha FIR,47.7833,110.5525
Praha FIR,48.8945,110.5573
Praha FIR,50.0058,110.5597
Praha FIR,51.117,110.5607
Praha FIR,52.2283,110.561
Praha FIR,53.3395,110.5611
Praha FIR,54.4507,110.5611
Praha FIR,55.562,110.5611
Praha FIR,56.6732,110.5611
Praha FIR,57.7845,110.5611
Praha FIR,58.8957,110.5611
Praha FIR,60.0069,110.5611
Praha FIR,61.1182,110.5611
Praha FIR,62.2294,110.5611
Praha FIR,63.3407,110.5611
Praha FIR,64.4519,110.5611
Praha FIR,65.5631,110.5611
Praha FIR,66.6744,110.5611
Praha FIR,67.7856,110.5611
Praha FIR,68.8969,110.5611
Praha FIR,70.0081,110.5611
Praha FIR,71.1193,110.5611
Praha FIR,72.2306,110.5611
Praha FIR,73.3418,110.5611
Praha FIR,74.4531,110.5611
Praha FIR,75.5643,110.5611
Praha FIR,76.6755,110.5611
Praha FIR,77.7868,110.5611
Praha FIR,78.898,110.5611
Praha FIR,80.0093,110.5611
Praha FIR,81.1205,110.5611
Praha FIR,82.2317,110.5611
Praha FIR,83.343,110.5609
Praha FIR,84.4542,110.5604
Praha FIR,85.5655,110.5585
Praha FIR,86.6767,110.5529
Praha FIR,87.7879,110.5409
Praha FIR,88.8992,110.5171
Praha FIR,90.0104,110.4739
Praha FIR,91.1217,110.3981
Praha FIR,92.2329,110.2702
Praha FIR,93.3441,110.0709
Praha FIR,94.4554,109.7635
Praha FIR,95.5666,109.2931
Praha FIR,96.6779,108.5657
Praha FIR,97.7891,107.3946
Praha FIR,98.9003,105.3087
Tel-Aviv FIR,0.0,11.5592
Tel-Aviv FIR,1.1114,131.8174
Tel-Aviv FIR,2.2227,134.8116
Tel-Aviv FIR,3.3341,134.8119
Tel-Aviv FIR,4.4455,134.8119
Tel-Aviv FIR,5.5568,134.8119
Tel-Aviv FIR,6.6682,134.8119
Tel-Aviv FIR,7.7796,134.8119
Tel-Aviv FIR,8.8909,134.8119
Tel-Aviv FIR,10.0023,134.8119
Tel-Aviv FIR,11.1137,134.8119
Tel-Aviv FIR,12.2251,134.8119
Tel-Aviv FIR,13.3364,134.8119
Tel-Aviv FIR,14.4478,134.8119
Tel-Aviv FIR,15.5592,134.8119
Tel-Aviv FIR,16.6705,134.8119
Tel-Aviv FIR,17.7819,134.8119
Tel-Aviv FIR,18.8933,134.8119
Tel-Aviv FIR,20.0046,134.8119
Tel-Aviv FIR,21.116,134.8119
Tel-Aviv FIR,22.2274,134.8119
Tel-Aviv FIR,23.3387,134.8119
Tel-Aviv FIR,24.4501,134.8119
Tel-Aviv FIR,25.5615,134.8119
Tel-Aviv FIR,26.6728,134.8119
Tel-Aviv FIR,27.7842,134.8119
Tel-Aviv FIR,28.8956,134.8119
Tel-Aviv FIR,30.0069,134.8119
Tel-Aviv FIR,31.1183,134.8119
Tel-Aviv FIR,32.2297,134.8119
Tel-Aviv FIR,33.3411,134.8119
Tel-Aviv FIR,34.4524,134.8119
Tel-Aviv FIR,35.5638,134.8119
Tel-Aviv FIR,36.6752,134.8119
Tel-Aviv FIR,37.7865,134.8119
Tel-Aviv FIR,38.8979,134.8119
Tel-Aviv FIR,40.0093,134.8119
Tel-Aviv FIR,41.1206,134.8119
Tel-Aviv FIR,42.232,134.8119
Tel-Aviv FIR,43.3434,134.8119
Tel-Aviv FIR,44.4547,134.8119
Tel-Aviv FIR,45.5661,134.8119
Tel-Aviv FIR,46.6775,134.8119
Tel-Aviv FIR,47.7888,134.8119
Tel-Aviv FIR,48.9002,134.8119
Tel-Aviv FIR,50.0116,134.8119
Tel-Aviv FIR,51.1229,134.8119
Tel-Aviv FIR,52.2343,134.8119
Tel-Aviv FIR,53.3457,134.8119
Tel-Aviv FIR,54.4571,134.8119
Tel-Aviv FIR,55.5684,134.8119
Tel-Aviv FIR,56.6798,134.8119
Tel-Aviv FIR,57.7912,134.8119
Tel-Aviv FIR,58.9025,134.8119
Tel-Aviv FIR,60.0139,134.8119
Tel-Aviv FIR,61.1253,134.8119
Tel-Aviv FIR,62.2366,134.8119
Tel-Aviv FIR,63.348,134.8119
Tel-Aviv FIR,64.4594,134.8119
Tel-Aviv FIR,65.5707,134.8119
Tel-Aviv FIR,66.6821,134.8119
Tel-Aviv FIR,67.7935,134.8119
Tel-Aviv FIR,68.9048,134.8119
Tel-Aviv FIR,70.0162,134.8119
Tel-Aviv FIR,71.1276,134.8119
Tel-Aviv FIR,72.2389,134.8119
Tel-Aviv FIR,73.3503,134.8119
Tel-Aviv FIR,74.4617,134.8119
Tel-Aviv FIR,75.573,134.8119
Tel-Aviv FIR,76.6844,134.8119
Tel-Aviv FIR,77.7958,134.8119
Tel-Aviv FIR,78.9072,134.8119
Tel-Aviv FIR,80.0185,134.8119
Tel-Aviv FIR,81.1299,134.8119
Tel-Aviv FIR,82.2413,134.8119
Tel-Aviv FIR,83.3526,134.8119
Tel-Aviv FIR,84.464,134.8119
Tel-Aviv FIR,85.5754,134.8119
Tel-Aviv FIR,86.6867,134.8119
Tel-Aviv FIR,87.7981,134.8119
Tel-Aviv FIR,88.9095,134.8119
Tel-Aviv FIR,90.0208,134.8119
Tel-Aviv FIR,91.1322,134.8119
Tel-Aviv FIR,92.2436,134.8119
Tel-Aviv FIR,93.3549,134.8119
Tel-Aviv FIR,94.4663,134.8119
Tel-Aviv FIR,95.5777,134.8119
Tel-Aviv FIR,96.689,134.8119
Tel-Aviv FIR,97.8004,134.8119
Tel-Aviv FIR,98.9118,134.8109
Malta FIR,0.0,3.2787
Malta FIR,1.1115,68.3491
Malta FIR,2.223,89.9489
Malta FIR,3.3345,102.3508
Malta FIR,4.446,109.6738
Malta FIR,5.5575,113.8492
Malta FIR,6.669,116.2496
Malta FIR,7.7805,117.6169
Malta FIR,8.892,118.3559
Malta FIR,10.0035,118.7212
Malta FIR,11.115,118.8699
Malta FIR,12.2265,118.9214
Malta FIR,13.338,118.9292
Malta FIR,14.4495,118.9295
Malta FIR,15.561,118.9295
Malta FIR,16.6725,118.9295
Malta FIR,17.784,118.9295
Malta FIR,18.8954,118.9295
Malta FIR,20.0069,118.9295
Malta FIR,21.1184,118.9295
Malta FIR,22.2299,118.9295
Malta FIR,23.3414,118.9295
Malta FIR,24.4529,118.9295
Malta FIR,25.5644,118.9295
Malta FIR,26.6759,118.9295
Malta FIR,27.7874,118.9295
Malta FIR,28.8989,118.9295
Malta FIR,30.0104,118.9295
Malta FIR,31.1219,118.9295
Malta FIR,32.2334,118.9295
Malta FIR,33.3449,118.9295
Malta FIR,34.4564,118.9295
Malta FIR,35.5679,118.9295
Malta FIR,36.6794,118.9295
Malta FIR,37.7909,118.9295
Malta FIR,38.9024,118.9295
Malta FIR,40.0139,118.9295
Malta FIR,41.1254,118.9295
Malta FIR,42.2369,118.9295
Malta FIR,43.3484,118.9295
Malta FIR,44.4599,118.9295
Malta FIR,45.5714,118.9295
Malta FIR,46.6829,118.9295
Malta FIR,47.7944,118.9295
Malta FIR,48.9059,118.9295
Malta FIR,50.0174,118.9295
Malta FIR,51.1289,118.9295
Malta FIR,52.2404,118.9295
Malta FIR,53.3519,118.9295
Malta FIR,54.4634,118.9295
Malta FIR,55.5749,118.9295
Malta FIR,56.6863,118.9295
Malta FIR,57.7978,118.9295
Malta FIR,58.9093,118.9295
Malta FIR,60.0208,118.9295
Malta FIR,61.1323,118.9295
Malta FIR,62.2438,118.9295
Malta FIR,63.3553,118.9295
Malta FIR,64.4668,118.9295
Malta FIR,65.5783,118.9295
Malta FIR,66.6898,118.9295
Malta FIR,67.8013,118.9295
Malta FIR,68.9128,118.9295
Malta FIR,70.0243,118.9295
Malta FIR,71.1358,118.9295
Malta FIR,72.2473,118.9295
Malta FIR,73.3588,118.9295
Malta FIR,74.4703,118.9295
Malta FIR,75.5818,118.9295
Malta FIR,76.6933,118.9295
Malta FIR,77.8048,118.9295
Malta FIR,78.9163,118.9295
Malta FIR,80.0278,118.9295
Malta FIR,81.1393,118.9295
Malta FIR,82.2508,118.9295
Malta FIR,83.3623,118.9295
Malta FIR,84.4738,118.9295
Malta FIR,85.5853,118.9295
Malta FIR,86.6968,118.9295
Malta FIR,87.8083,118.9295
Malta FIR,88.9198,118.9295
Malta FIR,90.0313,118.9294
Malta FIR,91.1428,118.9277
Malta FIR,92.2543,118.9141
Malta FIR,93.3658,118.8564
Malta FIR,94.4772,118.6909
Malta FIR,95.5887,118.3473
Malta FIR,96.7002,117.6226
Malta FIR,97.8117,116.0514
Malta FIR,98.9232,112.6081
Wien FIR,0.0,0.5726
Wien FIR,1.1112,25.3888
Wien FIR,2.2225,40.5071
Wien FIR,3.3337,51.9718
Wien FIR,4.445,60.8812
Wien FIR,5.5562,68.1514
Wien FIR,6.6674,74.3428
Wien FIR,7.7787,79.7522
Wien FIR,8.8899,84.4739
Wien FIR,10.0012,88.4868
Wien FIR,11.1124,91.9375
Wien FIR,12.2236,94.965
Wien FIR,13.3349,97.6543
Wien FIR,14.4461,100.0243
Wien FIR,15.5574,102.1234
Wien FIR,16.6686,103.9557
Wien FIR,17.7798,105.5576
Wien FIR,18.8911,106.9747
Wien FIR,20.0023,108.2173
Wien FIR,21.1136,109.3022
Wien FIR,22.2248,110.2484
Wien FIR,23.336,111.089
Wien FIR,24.4473,111.8244
Wien FIR,25.5585,112.4764
Wien FIR,26.6698,113.0467
Wien FIR,27.781,113.5481
Wien FIR,28.8922,113.9795
Wien FIR,30.0035,114.3538
Wien FIR,31.1147,114.6708
Wien FIR,32.226,114.9411
Wien FIR,33.3372,115.172
Wien FIR,34.4484,115.3694
Wien FIR,35.5597,115.5367
Wien FIR,36.6709,115.6766
Wien FIR,37.7822,115.7939
Wien FIR,38.8934,115.8893
Wien FIR,40.0046,115.9659
Wien FIR,41.1159,116.026
Wien FIR,42.2271,116.072
Wien FIR,43.3383,116.1059
Wien FIR,44.4496,116.1307
Wien FIR,45.5608,116.1485
Wien FIR,46.6721,116.1608
Wien FIR,47.7833,116.1685
Wien FIR,48.8945,116.1728
Wien FIR,50.0058,116.1749
Wien FIR,51.117,116.1758
Wien FIR,52.2283,116.1761
Wien FIR,53.3395,116.1762
Wien FIR,54.4507,116.1762
Wien FIR,55.562,116.1762
Wien FIR,56.6732,116.1762
Wien FIR,57.7845,116.1762
Wien FIR,58.8957,116.1762
Wien FIR,60.0069,116.1762
Wien FIR,61.1182,116.1762
Wien FIR,62.2294,116.1762
Wien FIR,63.3407,116.1762
Wien FIR,64.4519,116.1762
Wien FIR,65.5631,116.1762
Wien FIR,66.6744,116.1762
Wien FIR,67.7856,116.1762
Wien FIR,68.8969,116.1762
Wien FIR,70.0081,116.1762
Wien FIR,71.1193,116.1762
Wien FIR,72.2306,116.1762
Wien FIR,73.3418,116.1762
Wien FIR,74.4531,116.1762
Wien FIR,75.5643,116.1762
Wien FIR,76.6755,116.1762
Wien FIR,77.7868,116.1762
Wien FIR,78.898,116.1762
Wien FIR,80.0093,116.176
Wien FIR,81.1205,116.1754
Wien FIR,82.2317,116.1735
Wien FIR,83.343,116.1683
Wien FIR,84.4542,116.1573
Wien FIR,85.5655,116.1356
Wien FIR,86.6767,116.1002
Wien FIR,87.7879,116.0443
Wien FIR,88.8992,115.9529
Wien FIR,90.0104,115.8161
Wien FIR,91.1217,115.6092
Wien FIR,92.2329,115.3123
Wien FIR,93.3441,114.8941
Wien FIR,94.4554,114.2964
Wien FIR,95.5666,113.3974
Wien FIR,96.6779,112.0388
Wien FIR,97.7891,109.9853
Wien FIR,98.9003,106.72
Lisboa FIR,0.0,0.7213
Lisboa FIR,1.1115,34.1605
Lisboa FIR,2.223,52.8737
Lisboa FIR,3.3345,65.3291
Lisboa FIR,4.446,74.7613
Lisboa FIR,5.5575,82.2242
Lisboa FIR,6.669,88.3368
Lisboa FIR,7.7805,93.4287
Lisboa FIR,8.892,97.7058
Lisboa FIR,10.0035,101.2897
Lisboa FIR,11.115,104.3735
Lisboa FIR,12.2265,106.9218
Lisboa FIR,13.338,109.1006
Lisboa FIR,14.4495,110.9936
Lisboa FIR,15.561,112.6729
Lisboa FIR,16.6725,114.1511
Lisboa FIR,17.784,115.4427
Lisboa FIR,18.8954,116.5798
Lisboa FIR,20.0069,117.5641
Lisboa FIR,21.1184,118.4213
Lisboa FIR,22.2299,119.163
Lisboa FIR,23.3414,119.8082
Lisboa FIR,24.4529,120.3701
Lisboa FIR,25.5644,120.8575
Lisboa FIR,26.6759,121.2799
Lisboa FIR,27.7874,121.6385
Lisboa FIR,28.8989,121.9447
Lisboa FIR,30.0104,122.2043
Lisboa FIR,31.1219,122.4241
Lisboa FIR,32.2334,122.6048
Lisboa FIR,33.3449,122.7501
Lisboa FIR,34.4564,122.8654
Lisboa FIR,35.5679,122.9571
Lisboa FIR,36.6794,123.03
Lisboa FIR,37.7909,123.0852
Lisboa FIR,38.9024,123.1264
Lisboa FIR,40.0139,123.1565
Lisboa FIR,41.1254,123.1768
Lisboa FIR,42.2369,123.19
Lisboa FIR,43.3484,123.198
Lisboa FIR,44.4599,123.2026
Lisboa FIR,45.5714,123.2051
Lisboa FIR,46.6829,123.2061
Lisboa FIR,47.7944,123.2063
Lisboa FIR,48.9059,123.2063
Lisboa FIR,50.0174,123.2063
Lisboa FIR,51.1289,123.2063
Lisboa FIR,52.2404,123.2063
Lisboa FIR,53.3519,123.2063
Lisboa FIR,54.4634,123.2063
Lisboa FIR,55.5749,123.2063
Lisboa FIR,56.6863,123.2063
Lisboa FIR,57.7978,123.2063
Lisboa FIR,58.9093,123.2063
Lisboa FIR,60.0208,123.2063
Lisboa FIR,61.1323,123.2063
Lisboa FIR,62.2438,123.2063
Lisboa FIR,63.3553,123.2063
Lisboa FIR,64.4668,123.2063
Lisboa FIR,65.5783,123.2063
Lisboa FIR,66.6898,123.2063
Lisboa FIR,67.8013,123.2063
Lisboa FIR,68.9128,123.2063
Lisboa FIR,70.0243,123.2063
Lisboa FIR,71.1358,123.2063
Lisboa FIR,72.2473,123.2063
Lisboa FIR,73.3588,123.2063
Lisboa FIR,74.4703,123.2063
Lisboa FIR,75.5818,123.2063
Lisboa FIR,76.6933,123.2063
Lisboa FIR,77.8048,123.2063
Lisboa FIR,78.9163,123.2062
Lisboa FIR,80.0278,123.2058
Lisboa FIR,81.1393,123.2041
Lisboa FIR,82.2508,123.1998
Lisboa FIR,83.3623,123.1909
Lisboa FIR,84.4738,123.1741
Lisboa FIR,85.5853,123.1431
Lisboa FIR,86.6968,123.0906
Lisboa FIR,87.8083,122.9995
Lisboa FIR,88.9198,122.8573
Lisboa FIR,90.0313,122.659
Lisboa FIR,91.1428,122.3816
Lisboa FIR,92.2543,121.9962
Lisboa FIR,93.3658,121.4677
Lisboa FIR,94.4772,120.7124
Lisboa FIR,95.5887,119.6418
Lisboa FIR,96.7002,118.097
Lisboa FIR,97.8117,115.7538
Lisboa FIR,98.9232,111.7683
Santa Maria FIR,0.0,0.4382
Santa Maria FIR,1.1112,12.8155
Santa Maria FIR,2.2225,20.9548
Santa Maria FIR,3.3337,27.6289
Santa Maria FIR,4.445,33.5132
Santa Maria FIR,5.5562,38.7385
Santa Maria FIR,6.6674,43.4363
Santa Maria FIR,7.7787,47.7387
Santa Maria FIR,8.8899,51.7165
Santa Maria FIR,10.0012,55.3912
Santa Maria FIR,11.1124,58.7975
Santa Maria FIR,12.2236,61.9272
Santa Maria FIR,13.3349,64.8606
Santa Maria FIR,14.4461,67.6131
Santa Maria FIR,15.5574,70.1815
Santa Maria FIR,16.6686,72.5863
Santa Maria FIR,17.7798,74.8375
Santa Maria FIR,18.8911,76.9544
Santa Maria FIR,20.0023,78.96
Santa Maria FIR,21.1136,80.8586
Santa Maria FIR,22.2248,82.65
Santa Maria FIR,23.336,84.3427
Santa Maria FIR,24.4473,85.9441
Santa Maria FIR,25.5585,87.4459
Santa Maria FIR,26.6698,88.867
Santa Maria FIR,27.781,90.2028
Santa Maria FIR,28.8922,91.4539
Santa Maria FIR,30.0035,92.632
Santa Maria FIR,31.1147,93.7444
Santa Maria FIR,32.226,94.8008
Santa Maria FIR,33.3372,95.8058
Santa Maria FIR,34.4484,96.7522
Santa Maria FIR,35.5597,97.6411
Santa Maria FIR,36.6709,98.4729
Santa Maria FIR,37.7822,99.2543
Santa Maria FIR,38.8934,99.9885
Santa Maria FIR,40.0046,100.6773
Santa Maria FIR,41.1159,101.321
Santa Maria FIR,42.2271,101.9204
Santa Maria FIR,43.3383,102.4796
Santa Maria FIR,44.4496,103.0024
Santa Maria FIR,45.5608,103.489
Santa Maria FIR,46.6721,103.9432
Santa Maria FIR,47.7833,104.3681
Santa Maria FIR,48.8945,104.764
Santa Maria FIR,50.0058,105.1299
Santa Maria FIR,51.117,105.4697
Santa Maria FIR,52.2283,105.7885
Santa Maria FIR,53.3395,106.0827
Santa Maria FIR,54.4507,106.3552
Santa Maria FIR,55.562,106.6037
Santa Maria FIR,56.6732,106.8338
Santa Maria FIR,57.7845,107.0432
Santa Maria FIR,58.8957,107.2308
Santa Maria FIR,60.0069,107.4007
Santa Maria FIR,61.1182,107.5555
Santa Maria FIR,62.2294,107.696
Santa Maria FIR,63.3407,107.821
Santa Maria FIR,64.4519,107.9281
Santa Maria FIR,65.5631,108.0214
Santa Maria FIR,66.6744,108.1015
Santa Maria FIR,67.7856,108.1704
Santa Maria FIR,68.8969,108.2271
Santa Maria FIR,70.0081,108.273
Santa Maria FIR,71.1193,108.3095
Santa Maria FIR,72.2306,108.3355
Santa Maria FIR,73.3418,108.3535
Santa Maria FIR,74.4531,108.3652
Santa Maria FIR,75.5643,108.3717
Santa Maria FIR,76.6755,108.3742
Santa Maria FIR,77.7868,108.3745
Santa Maria FIR,78.898,108.3745
Santa Maria FIR,80.0093,108.3743
Santa Maria FIR,81.1205,108.3708
Santa Maria FIR,82.2317,108.3574
Santa Maria FIR,83.343,108.3326
Santa Maria FIR,84.4542,108.2941
Santa Maria FIR,85.5655,108.2344
Santa Maria FIR,86.6767,108.1528
Santa Maria FIR,87.7879,108.0452
Santa Maria FIR,88.8992,107.9067
Santa Maria FIR,90.0104,107.7304
Santa Maria FIR,91.1217,107.5049
Santa Maria FIR,92.2329,107.2194
Santa Maria FIR,93.3441,106.858
Santa Maria FIR,94.4554,106.414
Santa Maria FIR,95.5666,105.859
Santa Maria FIR,96.6779,105.1328
Santa Maria FIR,97.7891,104.1398
Santa Maria FIR,98.9003,102.6859
Sarajevo FIR,0.0,0.6732
Sarajevo FIR,1.1114,37.0972
Sarajevo FIR,2.2227,56.8431
Sarajevo FIR,3.3341,70.8583
Sarajevo FIR,4.4455,81.1354
Sarajevo FIR,5.5568,88.7033
Sarajevo FIR,6.6682,94.5087
Sarajevo FIR,7.7796,99.0521
Sarajevo FIR,8.8909,102.6876
Sarajevo FIR,10.0023,105.5884
Sarajevo FIR,11.1137,107.9223
Sarajevo FIR,12.2251,109.8268
Sarajevo FIR,13.3364,111.3415
Sarajevo FIR,14.4478,112.5308
Sarajevo FIR,15.5592,113.479
Sarajevo FIR,16.6705,114.2407
Sarajevo FIR,17.7819,114.8349
Sarajevo FIR,18.8933,115.2949
Sarajevo FIR,20.0046,115.6519
Sarajevo FIR,21.116,115.9117
Sarajevo FIR,22.2274,116.106
Sarajevo FIR,23.3387,116.2471
Sarajevo FIR,24.4501,116.3471
Sarajevo FIR,25.5615,116.419
Sarajevo FIR,26.6728,116.4653
Sarajevo FIR,27.7842,116.493
Sarajevo FIR,28.8956,116.5094
Sarajevo FIR,30.0069,116.5181
Sarajevo FIR,31.1183,116.5221
Sarajevo FIR,32.2297,116.5235
Sarajevo FIR,33.3411,116.5239
Sarajevo FIR,34.4524,116.524
Sarajevo FIR,35.5638,116.524
Sarajevo FIR,36.6752,116.524
Sarajevo FIR,37.7865,116.524
Sarajevo FIR,38.8979,116.524
Sarajevo FIR,40.0093,116.524
Sarajevo FIR,41.1206,116.524
Sarajevo FIR,42.232,116.524
Sarajevo FIR,43.3434,116.524
Sarajevo FIR,44.4547,116.524
Sarajevo FIR,45.5661,116.524
Sarajevo FIR,46.6775,116.524
Sarajevo FIR,47.7888,116.524
Sarajevo FIR,48.9002,116.524
Sarajevo FIR,50.0116,116.524
Sarajevo FIR,51.1229,116.524
Sarajevo FIR,52.2343,116.524
Sarajevo FIR,53.3457,116.524
Sarajevo FIR,54.4571,116.524
Sarajevo FIR,55.5684,116.524
Sarajevo FIR,56.6798,116.524
Sarajevo FIR,57.7912,116.524
Sarajevo FIR,58.9025,116.524
Sarajevo FIR,60.0139,116.524
Sarajevo FIR,61.1253,116.524
Sarajevo FIR,62.2366,116.524
Sarajevo FIR,63.348,116.524
Sarajevo FIR,64.4594,116.524
Sarajevo FIR,65.5707,116.524
Sarajevo FIR,66.6821,116.524
Sarajevo FIR,67.7935,116.524
Sarajevo FIR,68.9048,116.524
Sarajevo FIR,70.0162,116.524
Sarajevo FIR,71.1276,116.524
Sarajevo FIR,72.2389,116.524
Sarajevo FIR,73.3503,116.524
Sarajevo FIR,74.4617,116.524
Sarajevo FIR,75.573,116.524
Sarajevo FIR,76.6844,116.524
Sarajevo FIR,77.7958,116.524
Sarajevo FIR,78.9072,116.524
Sarajevo FIR,80.0185,116.524
Sarajevo FIR,81.1299,116.524
Sarajevo FIR,82.2413,116.524
Sarajevo FIR,83.3526,116.524
Sarajevo FIR,84.464,116.524
Sarajevo FIR,85.5754,116.5239
Sarajevo FIR,86.6867,116.5236
Sarajevo FIR,87.7981,116.522
Sarajevo FIR,88.9095,116.516
Sarajevo FIR,90.0208,116.5007
Sarajevo FIR,91.1322,116.4641
Sarajevo FIR,92.2436,116.3862
Sarajevo FIR,93.3549,116.2397
Sarajevo FIR,94.4663,115.9482
Sarajevo FIR,95.5777,115.4267
Sarajevo FIR,96.689,114.475
Sarajevo FIR,97.8004,112.6527
Sarajevo FIR,98.9118,109.1274
Bucarest FIR,0.0,0.4089
Bucarest FIR,1.1112,21.8162
Bucarest FIR,2.2225,35.22
Bucarest FIR,3.3337,45.3237
Bucarest FIR,4.445,53.6134
Bucarest FIR,5.5562,60.6353
Bucarest FIR,6.6674,66.5406
Bucarest FIR,7.7787,71.5603
Bucarest FIR,8.8899,75.9765
Bucarest FIR,10.0012,79.9012
Bucarest FIR,11.1124,83.408
Bucarest FIR,12.2236,86.5173
Bucarest FIR,13.3349,89.3002
Bucarest FIR,14.4461,91.8231
Bucarest FIR,15.5574,94.1016
Bucarest FIR,16.6686,96.1394
Bucarest FIR,17.7798,97.9403
Bucarest FIR,18.8911,99.5262
Bucarest FIR,20.0023,100.9407
Bucarest FIR,21.1136,102.2027
Bucarest FIR,22.2248,103.2931
Bucarest FIR,23.336,104.2627
Bucarest FIR,24.4473,105.1246
Bucarest FIR,25.5585,105.8757
Bucarest FIR,26.6698,106.538
Bucarest FIR,27.781,107.1127
Bucarest FIR,28.8922,107.6104
Bucarest FIR,30.0035,108.0361
Bucarest FIR,31.1147,108.4063
Bucarest FIR,32.226,108.7254
Bucarest FIR,33.3372,109.002
Bucarest FIR,34.4484,109.2353
Bucarest FIR,35.5597,109.4308
Bucarest FIR,36.6709,109.5954
Bucarest FIR,37.7822,109.7348
Bucarest FIR,38.8934,109.8533
Bucarest FIR,40.0046,109.9532
Bucarest FIR,41.1159,110.0348
Bucarest FIR,42.2271,110.1
Bucarest FIR,43.3383,110.1495
Bucarest FIR,44.4496,110.1878
Bucarest FIR,45.5608,110.2175
Bucarest FIR,46.6721,110.2397
Bucarest FIR,47.7833,110.2559
Bucarest FIR,48.8945,110.2675
Bucarest FIR,50.0058,110.2754
Bucarest FIR,51.117,110.2805
Bucarest FIR,52.2283,110.2835
Bucarest FIR,53.3395,110.2851
Bucarest FIR,54.4507,110.2856
Bucarest FIR,55.562,110.2858
Bucarest FIR,56.6732,110.2858
Bucarest FIR,57.7845,110.2858
Bucarest FIR,58.8957,110.2858
Bucarest FIR,60.0069,110.2858
Bucarest FIR,61.1182,110.2858
Bucarest FIR,62.2294,110.2858
Bucarest FIR,63.3407,110.2858
Bucarest FIR,64.4519,110.2858
Bucarest FIR,65.5631,110.2858
Bucarest FIR,66.6744,110.2858
Bucarest FIR,67.7856,110.2858
Bucarest FIR,68.8969,110.2858
Bucarest FIR,70.0081,110.2858
Bucarest FIR,71.1193,110.2858
Bucarest FIR,72.2306,110.2858
Bucarest FIR,73.3418,110.2858
Bucarest FIR,74.4531,110.2858
Bucarest FIR,75.5643,110.2858
Bucarest FIR,76.6755,110.2858
Bucarest FIR,77.7868,110.2858
Bucarest FIR,78.898,110.2858
Bucarest FIR,80.0093,110.2857
Bucarest FIR,81.1205,110.2851
Bucarest FIR,82.2317,110.2832
Bucarest FIR,83.343,110.279
Bucarest FIR,84.4542,110.2704
Bucarest FIR,85.5655,110.2555
Bucarest FIR,86.6767,110.2324
Bucarest FIR,87.7879,110.1962
Bucarest FIR,88.8992,110.1422
Bucarest FIR,90.0104,110.0625
Bucarest FIR,91.1217,109.9443
Bucarest FIR,92.2329,109.7633
Bucarest FIR,93.3441,109.5014
Bucarest FIR,94.4554,109.134
Bucarest FIR,95.5666,108.6109
Bucarest FIR,96.6779,107.8488
Bucarest FIR,97.7891,106.6752
Bucarest FIR,98.9003,104.7561
Switzerland FIR,0.0,0.5323
Switzerland FIR,1.1114,32.5523
Switzerland FIR,2.2227,52.5187
Switzerland FIR,3.3341,66.6471
Switzerland FIR,4.4455,76.8883
Switzerland FIR,5.5568,84.4791
Switzerland FIR,6.6682,90.4441
Switzerland FIR,7.7796,95.1945
Switzerland FIR,8.8909,99.0529
Switzerland FIR,10.0023,102.1935
Switzerland FIR,11.1137,104.8205
Switzerland FIR,12.2251,107.026
Switzerland FIR,13.3364,108.8614
Switzerland FIR,14.4478,110.394
Switzerland FIR,15.5592,111.6769
Switzerland FIR,16.6705,112.7254
Switzerland FIR,17.7819,113.594
Switzerland FIR,18.8933,114.3059
Switzerland FIR,20.0046,114.8908
Switzerland FIR,21.116,115.3807
Switzerland FIR,22.2274,115.7925
Switzerland FIR,23.3387,116.1315
Switzerland FIR,24.4501,116.409
Switzerland FIR,25.5615,116.6326
Switzerland FIR,26.6728,116.8107
Switzerland FIR,27.7842,116.9552
Switzerland FIR,28.8956,117.0673
Switzerland FIR,30.0069,117.1541
Switzerland FIR,31.1183,117.22
Switzerland FIR,32.2297,117.2668
Switzerland FIR,33.3411,117.2984
Switzerland FIR,34.4524,117.3194
Switzerland FIR,35.5638,117.3331
Switzerland FIR,36.6752,117.3409
Switzerland FIR,37.7865,117.3451
Switzerland FIR,38.8979,117.347
Switzerland FIR,40.0093,117.3476
Switzerland FIR,41.1206,117.3477
Switzerland FIR,42.232,117.3477
Switzerland FIR,43.3434,117.3477
Switzerland FIR,44.4547,117.3477
Switzerland FIR,45.5661,117.3477
Switzerland FIR,46.6775,117.3477
Switzerland FIR,47.7888,117.3477
Switzerland FIR,48.9002,117.3477
Switzerland FIR,50.0116,117.3477
Switzerland FIR,51.1229,117.3477
Switzerland FIR,52.2343,117.3477
Switzerland FIR,53.3457,117.3477
Switzerland FIR,54.4571,117.3477
Switzerland FIR,55.5684,117.3477
Switzerland FIR,56.6798,117.3477
Switzerland FIR,57.7912,117.3477
Switzerland FIR,58.9025,117.3477
Switzerland FIR,60.0139,117.3477
Switzerland FIR,61.1253,117.3477
Switzerland FIR,62.2366,117.3477
Switzerland FIR,63.348,117.3477
Switzerland FIR,64.4594,117.3477
Switzerland FIR,65.5707,117.3477
Switzerland FIR,66.6821,117.3477
Switzerland FIR,67.7935,117.3477
Switzerland FIR,68.9048,117.3477
Switzerland FIR,70.0162,117.3477
Switzerland FIR,71.1276,117.3477
Switzerland FIR,72.2389,117.3477
Switzerland FIR,73.3503,117.3477
Switzerland FIR,74.4617,117.3477
Switzerland FIR,75.573,117.3477
Switzerland FIR,76.6844,117.3477
Switzerland FIR,77.7958,117.3477
Switzerland FIR,78.9072,117.3477
Switzerland FIR,80.0185,117.3477
Switzerland FIR,81.1299,117.3477
Switzerland FIR,82.2413,117.3477
Switzerland FIR,83.3526,117.3476
Switzerland FIR,84.464,117.3468
Switzerland FIR,85.5754,117.3436
Switzerland FIR,86.6867,117.3355
Switzerland FIR,87.7981,117.3176
Switzerland FIR,88.9095,117.2864
Switzerland FIR,90.0208,117.2237
Switzerland FIR,91.1322,117.1126
Switzerland FIR,92.2436,116.93
Switzerland FIR,93.3549,116.6279
Switzerland FIR,94.4663,116.1165
Switzerland FIR,95.5777,115.249
Switzerland FIR,96.689,113.8303
Switzerland FIR,97.8004,111.589
Switzerland FIR,98.9118,107.8334
Ankara FIR,0.0,0.6767
Ankara FIR,1.1112,30.8239
Ankara FIR,2.2225,49.018
Ankara FIR,3.3337,62.2259
Ankara FIR,4.445,72.1071
Ankara FIR,5.5562,79.9964
Ankara FIR,6.6674,86.4782
Ankara FIR,7.7787,91.896
Ankara FIR,8.8899,96.453
Ankara FIR,10.0012,100.3385
Ankara FIR,11.1124,103.6536
Ankara FIR,12.2236,106.3986
Ankara FIR,13.3349,108.7526
Ankara FIR,14.4461,110.7323
Ankara FIR,15.5574,112.4078
Ankara FIR,16.6686,113.8236
Ankara FIR,17.7798,115.0179
Ankara FIR,18.8911,116.0249
Ankara FIR,20.0023,116.8677
Ankara FIR,21.1136,117.5689
Ankara FIR,22.2248,118.1357
Ankara FIR,23.336,118.5838
Ankara FIR,24.4473,118.9547
Ankara FIR,25.5585,119.2603
Ankara FIR,26.6698,119.5096
Ankara FIR,27.781,119.7194
Ankara FIR,28.8922,119.885
Ankara FIR,30.0035,120.0177
Ankara FIR,31.1147,120.1251
Ankara FIR,32.226,120.2101
Ankara FIR,33.3372,120.2767
Ankara FIR,34.4484,120.3283
Ankara FIR,35.5597,120.368
Ankara FIR,36.6709,120.3966
Ankara FIR,37.7822,120.4169
Ankara FIR,38.8934,120.4304
Ankara FIR,40.0046,120.4391
Ankara FIR,41.1159,120.4442
Ankara FIR,42.2271,120.4467
Ankara FIR,43.3383,120.4476
Ankara FIR,44.4496,120.4478
Ankara FIR,45.5608,120.4478
Ankara FIR,46.6721,120.4478
Ankara FIR,47.7833,120.4478
Ankara FIR,48.8945,120.4478
Ankara FIR,50.0058,120.4478
Ankara FIR,51.117,120.4478
Ankara FIR,52.2283,120.4478
Ankara FIR,53.3395,120.4478
Ankara FIR,54.4507,120.4478
Ankara FIR,55.562,120.4478
Ankara FIR,56.6732,120.4478
Ankara FIR,57.7845,120.4478
Ankara FIR,58.8957,120.4478
Ankara FIR,60.0069,120.4478
Ankara FIR,61.1182,120.4478
Ankara FIR,62.2294,120.4478
Ankara FIR,63.3407,120.4478
Ankara FIR,64.4519,120.4478
Ankara FIR,65.5631,120.4478
Ankara FIR,66.6744,120.4478
Ankara FIR,67.7856,120.4478
Ankara FIR,68.8969,120.4478
Ankara FIR,70.0081,120.4478
Ankara FIR,71.1193,120.4478
Ankara FIR,72.2306,120.4478
Ankara FIR,73.3418,120.4478
Ankara FIR,74.4531,120.4478
Ankara FIR,75.5643,120.4478
Ankara FIR,76.6755,120.4478
Ankara FIR,77.7868,120.4478
Ankara FIR,78.898,120.4478
Ankara FIR,80.0093,120.4475
Ankara FIR,81.1205,120.4462
Ankara FIR,82.2317,120.4419
Ankara FIR,83.343,120.4324
Ankara FIR,84.4542,120.4153
Ankara FIR,85.5655,120.3862
Ankara FIR,86.6767,120.3417
Ankara FIR,87.7879,120.2766
Ankara FIR,88.8992,120.1797
Ankara FIR,90.0104,120.0359
Ankara FIR,91.1217,119.8351
Ankara FIR,92.2329,119.558
Ankara FIR,93.3441,119.1474
Ankara FIR,94.4554,118.5397
Ankara FIR,95.5666,117.6104
Ankara FIR,96.6779,116.1579
Ankara FIR,97.7891,113.6084
Ankara FIR,98.9003,109.1354
Istanbul FIR,0.0,0.639
Istanbul FIR,1.1112,32.1358
Istanbul FIR,2.2225,51.8801
Istanbul FIR,3.3337,66.5264
Istanbul FIR,4.445,78.1555
Istanbul FIR,5.5562,87.2825
Istanbul FIR,6.6674,94.5377
Istanbul FIR,7.7787,100.2605
Istanbul FIR,8.8899,105.0419
Istanbul FIR,10.0012,108.9987
Istanbul FIR,11.1124,112.1772
Istanbul FIR,12.2236,114.7841
Istanbul FIR,13.3349,117.0222
Istanbul FIR,14.4461,118.8464
Istanbul FIR,15.5574,120.3408
Istanbul FIR,16.6686,121.5685
Istanbul FIR,17.7798,122.6034
Istanbul FIR,18.8911,123.4614
Istanbul FIR,20.0023,124.1621
Istanbul FIR,21.1136,124.7453
Istanbul FIR,22.2248,125.2341
Istanbul FIR,23.336,125.6177
Istanbul FIR,24.4473,125.9178
Istanbul FIR,25.5585,126.144
Istanbul FIR,26.6698,126.3181
Istanbul FIR,27.781,126.4468
Istanbul FIR,28.8922,126.5349
Istanbul FIR,30.0035,126.5951
Istanbul FIR,31.1147,126.6353
Istanbul FIR,32.226,126.6595
Istanbul FIR,33.3372,126.672
Istanbul FIR,34.4484,126.6764
Istanbul FIR,35.5597,126.6777
Istanbul FIR,36.6709,126.678
Istanbul FIR,37.7822,126.678
Istanbul FIR,38.8934,126.678
Istanbul FIR,40.0046,126.678
Istanbul FIR,41.1159,126.678
Istanbul FIR,42.2271,126.678
Istanbul FIR,43.3383,126.678
Istanbul FIR,44.4496,126.678
Istanbul FIR,45.5608,126.678
Istanbul FIR,46.6721,126.678
Istanbul FIR,47.7833,126.678
Istanbul FIR,48.8945,126.678
Istanbul FIR,50.0058,126.678
Istanbul FIR,51.117,126.678
Istanbul FIR,52.2283,126.678
Istanbul FIR,53.3395,126.678
Istanbul FIR,54.4507,126.678
Istanbul FIR,55.562,126.678
Istanbul FIR,56.6732,126.678
Istanbul FIR,57.7845,126.678
Istanbul FIR,58.8957,126.678
Istanbul FIR,60.0069,126.678
Istanbul FIR,61.1182,126.678
Istanbul FIR,62.2294,126.678
Istanbul FIR,63.3407,126.678
Istanbul FIR,64.4519,126.678
Istanbul FIR,65.5631,126.678
Istanbul FIR,66.6744,126.678
Istanbul FIR,67.7856,126.678
Istanbul FIR,68.8969,126.678
Istanbul FIR,70.0081,126.678
Istanbul FIR,71.1193,126.678
Istanbul FIR,72.2306,126.678
Istanbul FIR,73.3418,126.678
Istanbul FIR,74.4531,126.678
Istanbul FIR,75.5643,126.678
Istanbul FIR,76.6755,126.678
Istanbul FIR,77.7868,126.678
Istanbul FIR,78.898,126.678
Istanbul FIR,80.0093,126.678
Istanbul FIR,81.1205,126.678
Istanbul FIR,82.2317,126.6778
Istanbul FIR,83.343,126.6764
Istanbul FIR,84.4542,126.6707
Istanbul FIR,85.5655,126.6552
Istanbul FIR,86.6767,126.6229
Istanbul FIR,87.7879,126.5666
Istanbul FIR,88.8992,126.4695
Istanbul FIR,90.0104,126.3109
Istanbul FIR,91.1217,126.0582
Istanbul FIR,92.2329,125.6795
Istanbul FIR,93.3441,125.1074
Istanbul FIR,94.4554,124.2566
Istanbul FIR,95.5666,122.9649
Istanbul FIR,96.6779,121.0635
Istanbul FIR,97.7891,118.271
Istanbul FIR,98.9003,113.556
Chisinau FIR,0.0,1.0214
Chisinau FIR,1.1128,39.9325
Chisinau FIR,2.2256,57.3544
Chisinau FIR,3.3384,69.3936
Chisinau FIR,4.4511,78.2771
Chisinau FIR,5.5639,84.8474
Chisinau FIR,6.6767,90.0066
Chisinau FIR,7.7895,94.1736
Chisinau FIR,8.9023,97.4615
Chisinau FIR,10.0151,100.0791
Chisinau FIR,11.1279,102.1203
Chisinau FIR,12.2406,103.6545
Chisinau FIR,13.3534,104.8774
Chisinau FIR,14.4662,105.8209
Chisinau FIR,15.579,106.5387
Chisinau FIR,16.6918,107.0933
Chisinau FIR,17.8046,107.5003
Chisinau FIR,18.9174,107.784
Chisinau FIR,20.0301,107.9819
Chisinau FIR,21.1429,108.1169
Chisinau FIR,22.2557,108.2005
Chisinau FIR,23.3685,108.2454
Chisinau FIR,24.4813,108.2663
Chisinau FIR,25.5941,108.2747
Chisinau FIR,26.7069,108.2767
Chisinau FIR,27.8196,108.2769
Chisinau FIR,28.9324,108.277
Chisinau FIR,30.0452,108.277
Chisinau FIR,31.158,108.277
Chisinau FIR,32.2708,108.277
Chisinau FIR,33.3836,108.277
Chisinau FIR,34.4963,108.277
Chisinau FIR,35.6091,108.277
Chisinau FIR,36.7219,108.277
Chisinau FIR,37.8347,108.277
Chisinau FIR,38.9475,108.277
Chisinau FIR,40.0603,108.277
Chisinau FIR,41.1731,108.277
Chisinau FIR,42.2858,108.277
Chisinau FIR,43.3986,108.277
Chisinau FIR,44.5114,108.277
Chisinau FIR,45.6242,108.277
Chisinau FIR,46.737,108.277
Chisinau FIR,47.8498,108.277
Chisinau FIR,48.9626,108.277
Chisinau FIR,50.0753,108.277
Chisinau FIR,51.1881,108.277
Chisinau FIR,52.3009,108.277
Chisinau FIR,53.4137,108.277
Chisinau FIR,54.5265,108.277
Chisinau FIR,55.6393,108.277
Chisinau FIR,56.7521,108.277
Chisinau FIR,57.8648,108.277
Chisinau FIR,58.9776,108.277
Chisinau FIR,60.0904,108.277
Chisinau FIR,61.2032,108.277
Chisinau FIR,62.316,108.277
Chisinau FIR,63.4288,108.277
Chisinau FIR,64.5416,108.277
Chisinau FIR,65.6543,108.277
Chisinau FIR,66.7671,108.277
Chisinau FIR,67.8799,108.277
Chisinau FIR,68.9927,108.277
Chisinau FIR,70.1055,108.277
Chisinau FIR,71.2183,108.277
Chisinau FIR,72.3311,108.277
Chisinau FIR,73.4438,108.277
Chisinau FIR,74.5566,108.277
Chisinau FIR,75.6694,108.277
Chisinau FIR,76.7822,108.277
Chisinau FIR,77.895,108.277
Chisinau FIR,79.0078,108.277
Chisinau FIR,80.1206,108.277
Chisinau FIR,81.2333,108.277
Chisinau FIR,82.3461,108.277
Chisinau FIR,83.4589,108.277
Chisinau FIR,84.5717,108.277
Chisinau FIR,85.6845,108.277
Chisinau FIR,86.7973,108.277
Chisinau FIR,87.91,108.277
Chisinau FIR,89.0228,108.2769
Chisinau FIR,90.1356,108.2764
Chisinau FIR,91.2484,108.2732
Chisinau FIR,92.3612,108.2623
Chisinau FIR,93.474,108.2273
Chisinau FIR,94.5868,108.1417
Chisinau FIR,95.6995,107.9615
Chisinau FIR,96.8123,107.586
Chisinau FIR,97.9251,106.7555
Chisinau FIR,99.0379,104.9163
Skopje FIR,0.0,0.9655
Skopje FIR,1.1115,50.9444
Skopje FIR,2.223,74.5272
Skopje FIR,3.3345,88.3568
Skopje FIR,4.446,97.2574
Skopje FIR,5.5575,103.3371
Skopje FIR,6.669,107.4929
Skopje FIR,7.7805,110.3785
Skopje FIR,8.892,112.4517
Skopje FIR,10.0035,113.8828
Skopje FIR,11.115,114.8921
Skopje FIR,12.2265,115.6143
Skopje FIR,13.338,116.1047
Skopje FIR,14.4495,116.4265
Skopje FIR,15.561,116.6273
Skopje FIR,16.6725,116.7363
Skopje FIR,17.784,116.7938
Skopje FIR,18.8954,116.8197
Skopje FIR,20.0069,116.8299
Skopje FIR,21.1184,116.8317
Skopje FIR,22.2299,116.8318
Skopje FIR,23.3414,116.8318
Skopje FIR,24.4529,116.8318
Skopje FIR,25.5644,116.8318
Skopje FIR,26.6759,116.8318
Skopje FIR,27.7874,116.8318
Skopje FIR,28.8989,116.8318
Skopje FIR,30.0104,116.8318
Skopje FIR,31.1219,116.8318
Skopje FIR,32.2334,116.8318
Skopje FIR,33.3449,116.8318
Skopje FIR,34.4564,116.8318
Skopje FIR,35.5679,116.8318
Skopje FIR,36.6794,116.8318
Skopje FIR,37.7909,116.8318
Skopje FIR,38.9024,116.8318
Skopje FIR,40.0139,116.8318
Skopje FIR,41.1254,116.8318
Skopje FIR,42.2369,116.8318
Skopje FIR,43.3484,116.8318
Skopje FIR,44.4599,116.8318
Skopje FIR,45.5714,116.8318
Skopje FIR,46.6829,116.8318
Skopje FIR,47.7944,116.8318
Skopje FIR,48.9059,116.8318
Skopje FIR,50.0174,116.8318
Skopje FIR,51.1289,116.8318
Skopje FIR,52.2404,116.8318
Skopje FIR,53.3519,116.8318
Skopje FIR,54.4634,116.8318
Skopje FIR,55.5749,116.8318
Skopje FIR,56.6863,116.8318
Skopje FIR,57.7978,116.8318
Skopje FIR,58.9093,116.8318
Skopje FIR,60.0208,116.8318
Skopje FIR,61.1323,116.8318
Skopje FIR,62.2438,116.8318
Skopje FIR,63.3553,116.8318
Skopje FIR,64.4668,116.8318
Skopje FIR,65.5783,116.8318
Skopje FIR,66.6898,116.8318
Skopje FIR,67.8013,116.8318
Skopje FIR,68.9128,116.8318
Skopje FIR,70.0243,116.8318
Skopje FIR,71.1358,116.8318
Skopje FIR,72.2473,116.8318
Skopje FIR,73.3588,116.8318
Skopje FIR,74.4703,116.8318
Skopje FIR,75.5818,116.8318
Skopje FIR,76.6933,116.8318
Skopje FIR,77.8048,116.8318
Skopje FIR,78.9163,116.8318
Skopje FIR,80.0278,116.8318
Skopje FIR,81.1393,116.8318
Skopje FIR,82.2508,116.8318
Skopje FIR,83.3623,116.8318
Skopje FIR,84.4738,116.8318
Skopje FIR,85.5853,116.8318
Skopje FIR,86.6968,116.8318
Skopje FIR,87.8083,116.8318
Skopje FIR,88.9198,116.8318
Skopje FIR,90.0313,116.8314
Skopje FIR,91.1428,116.8277
Skopje FIR,92.2543,116.8096
Skopje FIR,93.3658,116.7498
Skopje FIR,94.4772,116.603
Skopje FIR,95.5887,116.2841
Skopje FIR,96.7002,115.6203
Skopje FIR,97.8117,114.2099
Skopje FIR,98.9232,110.9182
Beograd FIR,0.0,0.709
Beograd FIR,1.1112,31.9042
Beograd FIR,2.2225,49.6943
Beograd FIR,3.3337,62.2764
Beograd FIR,4.445,71.5074
Beograd FIR,5.5562,78.4868
Beograd FIR,6.6674,84.1008
Beograd FIR,7.7787,88.6711
Beograd FIR,8.8899,92.4762
Beograd FIR,10.0012,95.6306
Beograd FIR,11.1124,98.2395
Beograd FIR,12.2236,100.3907
Beograd FIR,13.3349,102.2162
Beograd FIR,14.4461,103.7924
Beograd FIR,15.5574,105.1458
Beograd FIR,16.6686,106.3022
Beograd FIR,17.7798,107.2875
Beograd FIR,18.8911,108.1259
Beograd FIR,20.0023,108.8193
Beograd FIR,21.1136,109.3966
Beograd FIR,22.2248,109.8848
Beograd FIR,23.336,110.2945
Beograd FIR,24.4473,110.6375
Beograd FIR,25.5585,110.9271
Beograd FIR,26.6698,111.1667
Beograd FIR,27.781,111.3614
Beograd FIR,28.8922,111.5151
Beograd FIR,30.0035,111.6402
Beograd FIR,31.1147,111.7408
Beograd FIR,32.226,111.8218
Beograd FIR,33.3372,111.8845
Beograd FIR,34.4484,111.933
Beograd FIR,35.5597,111.9691
Beograd FIR,36.6709,111.9966
Beograd FIR,37.7822,112.0167
Beograd FIR,38.8934,112.0305
Beograd FIR,40.0046,112.0394
Beograd FIR,41.1159,112.0445
Beograd FIR,42.2271,112.0473
Beograd FIR,43.3383,112.0487
Beograd FIR,44.4496,112.0492
Beograd FIR,45.5608,112.0492
Beograd FIR,46.6721,112.0492
Beograd FIR,47.7833,112.0492
Beograd FIR,48.8945,112.0492
Beograd FIR,50.0058,112.0492
Beograd FIR,51.117,112.0492
Beograd FIR,52.2283,112.0492
Beograd FIR,53.3395,112.0492
Beograd FIR,54.4507,112.0492
Beograd FIR,55.562,112.0492
Beograd FIR,56.6732,112.0492
Beograd FIR,57.7845,112.0492
Beograd FIR,58.8957,112.0492
Beograd FIR,60.0069,112.0492
Beograd FIR,61.1182,112.0492
Beograd FIR,62.2294,112.0492
Beograd FIR,63.3407,112.0492
Beograd FIR,64.4519,112.0492
Beograd FIR,65.5631,112.0492
Beograd FIR,66.6744,112.0492
Beograd FIR,67.7856,112.0492
Beograd FIR,68.8969,112.0492
Beograd FIR,70.0081,112.0492
Beograd FIR,71.1193,112.0492
Beograd FIR,72.2306,112.0492
Beograd FIR,73.3418,112.0492
Beograd FIR,74.4531,112.0492
Beograd FIR,75.5643,112.0492
Beograd FIR,76.6755,112.0492
Beograd FIR,77.7868,112.0492
Beograd FIR,78.898,112.0492
Beograd FIR,80.0093,112.0492
Beograd FIR,81.1205,112.0492
Beograd FIR,82.2317,112.0492
Beograd FIR,83.343,112.0492
Beograd FIR,84.4542,112.049
Beograd FIR,85.5655,112.048
Beograd FIR,86.6767,112.0449
Beograd FIR,87.7879,112.0355
Beograd FIR,88.8992,112.0156
Beograd FIR,90.0104,111.978
Beograd FIR,91.1217,111.909
Beograd FIR,92.2329,111.7865
Beograd FIR,93.3441,111.5773
Beograd FIR,94.4554,111.2352
Beograd FIR,95.5666,110.7037
Beograd FIR,96.6779,109.8561
Beograd FIR,97.7891,108.502
Beograd FIR,98.9003,106.2515
Bratislava  FIR,0.0,0.5548
Bratislava  FIR,1.1112,23.9164
Bratislava  FIR,2.2225,38.9079
Bratislava  FIR,3.3337,50.7259
Bratislava  FIR,4.445,60.0369
Bratislava  FIR,5.5562,67.5319
Bratislava  FIR,6.6674,73.7033
Bratislava  FIR,7.7787,78.878
Bratislava  FIR,8.8899,83.3669
Bratislava  FIR,10.0012,87.242
Bratislava  FIR,11.1124,90.5602
Bratislava  FIR,12.2236,93.4262
Bratislava  FIR,13.3349,95.9371
Bratislava  FIR,14.4461,98.1271
Bratislava  FIR,15.5574,100.0226
Bratislava  FIR,16.6686,101.6918
Bratislava  FIR,17.7798,103.1432
Bratislava  FIR,18.8911,104.3896
Bratislava  FIR,20.0023,105.484
Bratislava  FIR,21.1136,106.4392
Bratislava  FIR,22.2248,107.26
Bratislava  FIR,23.336,107.9735
Bratislava  FIR,24.4473,108.5859
Bratislava  FIR,25.5585,109.1182
Bratislava  FIR,26.6698,109.574
Bratislava  FIR,27.781,109.9604
Bratislava  FIR,28.8922,110.2893
Bratislava  FIR,30.0035,110.5655
Bratislava  FIR,31.1147,110.7928
Bratislava  FIR,32.226,110.9755
Bratislava  FIR,33.3372,111.1244
Bratislava  FIR,34.4484,111.242
Bratislava  FIR,35.5597,111.3368
Bratislava  FIR,36.6709,111.4098
Bratislava  FIR,37.7822,111.464
Bratislava  FIR,38.8934,111.5013
Bratislava  FIR,40.0046,111.5274
Bratislava  FIR,41.1159,111.5452
Bratislava  FIR,42.2271,111.5558
Bratislava  FIR,43.3383,111.5618
Bratislava  FIR,44.4496,111.5649
Bratislava  FIR,45.5608,111.566
Bratislava  FIR,46.6721,111.5663
Bratislava  FIR,47.7833,111.5664
Bratislava  FIR,48.8945,111.5664
Bratislava  FIR,50.0058,111.5664
Bratislava  FIR,51.117,111.5664
Bratislava  FIR,52.2283,111.5664
Bratislava  FIR,53.3395,111.5664
Bratislava  FIR,54.4507,111.5664
Bratislava  FIR,55.562,111.5664
Bratislava  FIR,56.6732,111.5664
Bratislava  FIR,57.7845,111.5664
Bratislava  FIR,58.8957,111.5664
Bratislava  FIR,60.0069,111.5664
Bratislava  FIR,61.1182,111.5664
Bratislava  FIR,62.2294,111.5664
Bratislava  FIR,63.3407,111.5664
Bratislava  FIR,64.4519,111.5664
Bratislava  FIR,65.5631,111.5664
Bratislava  FIR,66.6744,111.5664
Bratislava  FIR,67.7856,111.5664
Bratislava  FIR,68.8969,111.5664
Bratislava  FIR,70.0081,111.5664
Bratislava  FIR,71.1193,111.5664
Bratislava  FIR,72.2306,111.5664
Bratislava  FIR,73.3418,111.5664
Bratislava  FIR,74.4531,111.5664
Bratislava  FIR,75.5643,111.5664
Bratislava  FIR,76.6755,111.5664
Bratislava  FIR,77.7868,111.5664
Bratislava  FIR,78.898,111.5664
Bratislava  FIR,80.0093,111.5664
Bratislava  FIR,81.1205,111.5664
Bratislava  FIR,82.2317,111.5664
Bratislava  FIR,83.343,111.5664
Bratislava  FIR,84.4542,111.5663
Bratislava  FIR,85.5655,111.5658
Bratislava  FIR,86.6767,111.5634
Bratislava  FIR,87.7879,111.5567
Bratislava  FIR,88.8992,111.5418
Bratislava  FIR,90.0104,111.512
Bratislava  FIR,91.1217,111.4567
Bratislava  FIR,92.2329,111.3585
Bratislava  FIR,93.3441,111.1835
Bratislava  FIR,94.4554,110.9063
Bratislava  FIR,95.5666,110.4529
Bratislava  FIR,96.6779,109.6885
Bratislava  FIR,97.7891,108.36
Bratislava  FIR,98.9003,106.0595
Santo Domingo FIR,0.0,1.6596
Santo Domingo FIR,1.1112,61.7349
Santo Domingo FIR,2.2225,87.3003
Santo Domingo FIR,3.3337,103.3427
Santo Domingo FIR,4.445,114.7674
Santo Domingo FIR,5.5562,122.4545
Santo Domingo FIR,6.6674,127.7556
Santo Domingo FIR,7.7787,131.2875
Santo Domingo FIR,8.8899,133.7602
Santo Domingo FIR,10.0012,135.4365
Santo Domingo FIR,11.1124,136.5302
Santo Domingo FIR,12.2236,137.2446
Santo Domingo FIR,13.3349,137.6344
Santo Domingo FIR,14.4461,137.8166
Santo Domingo FIR,15.5574,137.8898
Santo Domingo FIR,16.6686,137.9044
Santo Domingo FIR,17.7798,137.9052
Santo Domingo FIR,18.8911,137.9052
Santo Domingo FIR,20.0023,137.9052
Santo Domingo FIR,21.1136,137.9052
Santo Domingo FIR,22.2248,137.9052
Santo Domingo FIR,23.336,137.9052
Santo Domingo FIR,24.4473,137.9052
Santo Domingo FIR,25.5585,137.9052
Santo Domingo FIR,26.6698,137.9052
Santo Domingo FIR,27.781,137.9052
Santo Domingo FIR,28.8922,137.9052
Santo Domingo FIR,30.0035,137.9052
Santo Domingo FIR,31.1147,137.9052
Santo Domingo FIR,32.226,137.9052
Santo Domingo FIR,33.3372,137.9052
Santo Domingo FIR,34.4484,137.9052
Santo Domingo FIR,35.5597,137.9052
Santo Domingo FIR,36.6709,137.9052
Santo Domingo FIR,37.7822,137.9052
Santo Domingo FIR,38.8934,137.9052
Santo Domingo FIR,40.0046,137.9052
Santo Domingo FIR,41.1159,137.9052
Santo Domingo FIR,42.2271,137.9052
Santo Domingo FIR,43.3383,137.9052
Santo Domingo FIR,44.4496,137.9052
Santo Domingo FIR,45.5608,137.9052
Santo Domingo FIR,46.6721,137.9052
Santo Domingo FIR,47.7833,137.9052
Santo Domingo FIR,48.8945,137.9052
Santo Domingo FIR,50.0058,137.9052
Santo Domingo FIR,51.117,137.9052
Santo Domingo FIR,52.2283,137.9052
Santo Domingo FIR,53.3395,137.9052
Santo Domingo FIR,54.4507,137.9052
Santo Domingo FIR,55.562,137.9052
Santo Domingo FIR,56.6732,137.9052
Santo Domingo FIR,57.7845,137.9052
Santo Domingo FIR,58.8957,137.9052
Santo Domingo FIR,60.0069,137.9052
Santo Domingo FIR,61.1182,137.9052
Santo Domingo FIR,62.2294,137.9052
Santo Domingo FIR,63.3407,137.9052
Santo Domingo FIR,64.4519,137.9052
Santo Domingo FIR,65.5631,137.9052
Santo Domingo FIR,66.6744,137.9052
Santo Domingo FIR,67.7856,137.9052
Santo Domingo FIR,68.8969,137.9052
Santo Domingo FIR,70.0081,137.9052
Santo Domingo FIR,71.1193,137.9052
Santo Domingo FIR,72.2306,137.9052
Santo Domingo FIR,73.3418,137.9052
Santo Domingo FIR,74.4531,137.9052
Santo Domingo FIR,75.5643,137.9052
Santo Domingo FIR,76.6755,137.9052
Santo Domingo FIR,77.7868,137.9052
Santo Domingo FIR,78.898,137.9052
Santo Domingo FIR,80.0093,137.9052
Santo Domingo FIR,81.1205,137.9052
Santo Domingo FIR,82.2317,137.9052
Santo Domingo FIR,83.343,137.9052
Santo Domingo FIR,84.4542,137.9052
Santo Domingo FIR,85.5655,137.9052
Santo Domingo FIR,86.6767,137.9052
Santo Domingo FIR,87.7879,137.9052
Santo Domingo FIR,88.8992,137.9052
Santo Domingo FIR,90.0104,137.9052
Santo Domingo FIR,91.1217,137.9023
Santo Domingo FIR,92.2329,137.8581
Santo Domingo FIR,93.3441,137.6628
Santo Domingo FIR,94.4554,137.1587
Santo Domingo FIR,95.5666,136.0176
Santo Domingo FIR,96.6779,133.737
Santo Domingo FIR,97.7891,129.5133
Santo Domingo FIR,98.9003,121.6023
Central America FIR,0.0,0.387
Central America FIR,1.1112,17.7164
Central America FIR,2.2225,28.8803
Central America FIR,3.3337,38.0372
Central America FIR,4.445,45.8845
Central America FIR,5.5562,52.8762
Central America FIR,6.6674,59.1162
Central America FIR,7.7787,64.7154
Central America FIR,8.8899,69.8037
Central America FIR,10.0012,74.497
Central America FIR,11.1124,78.8874
Central America FIR,12.2236,82.9513
Central America FIR,13.3349,86.6914
Central America FIR,14.4461,90.1288
Central America FIR,15.5574,93.318
Central America FIR,16.6686,96.2449
Central America FIR,17.7798,98.9368
Central America FIR,18.8911,101.4354
Central America FIR,20.0023,103.7589
Central America FIR,21.1136,105.8884
Central America FIR,22.2248,107.8407
Central America FIR,23.336,109.6212
Central America FIR,24.4473,111.261
Central America FIR,25.5585,112.7459
Central America FIR,26.6698,114.1006
Central America FIR,27.781,115.3424
Central America FIR,28.8922,116.4816
Central America FIR,30.0035,117.5113
Central America FIR,31.1147,118.4496
Central America FIR,32.226,119.2851
Central America FIR,33.3372,120.0273
Central America FIR,34.4484,120.694
Central America FIR,35.5597,121.2893
Central America FIR,36.6709,121.8076
Central America FIR,37.7822,122.2566
Central America FIR,38.8934,122.6423
Central America FIR,40.0046,122.9673
Central America FIR,41.1159,123.2378
Central America FIR,42.2271,123.4606
Central America FIR,43.3383,123.6432
Central America FIR,44.4496,123.7895
Central America FIR,45.5608,123.9053
Central America FIR,46.6721,123.9954
Central America FIR,47.7833,124.0638
Central America FIR,48.8945,124.1152
Central America FIR,50.0058,124.1522
Central America FIR,51.117,124.1761
Central America FIR,52.2283,124.1899
Central America FIR,53.3395,124.197
Central America FIR,54.4507,124.1999
Central America FIR,55.562,124.2004
Central America FIR,56.6732,124.2004
Central America FIR,57.7845,124.2004
Central America FIR,58.8957,124.2004
Central America FIR,60.0069,124.2004
Central America FIR,61.1182,124.2004
Central America FIR,62.2294,124.2004
Central America FIR,63.3407,124.2004
Central America FIR,64.4519,124.2004
Central America FIR,65.5631,124.2004
Central America FIR,66.6744,124.2004
Central America FIR,67.7856,124.2004
Central America FIR,68.8969,124.2004
Central America FIR,70.0081,124.2004
Central America FIR,71.1193,124.2004
Central America FIR,72.2306,124.2004
Central America FIR,73.3418,124.2004
Central America FIR,74.4531,124.2004
Central America FIR,75.5643,124.2004
Central America FIR,76.6755,124.2004
Central America FIR,77.7868,124.2004
Central America FIR,78.898,124.2004
Central America FIR,80.0093,124.2004
Central America FIR,81.1205,124.2004
Central America FIR,82.2317,124.1995
Central America FIR,83.343,124.1902
Central America FIR,84.4542,124.1545
Central America FIR,85.5655,124.0728
Central America FIR,86.6767,123.9344
Central America FIR,87.7879,123.6954
Central America FIR,88.8992,123.3348
Central America FIR,90.0104,122.8356
Central America FIR,91.1217,122.1515
Central America FIR,92.2329,121.2557
Central America FIR,93.3441,120.1032
Central America FIR,94.4554,118.6444
Central America FIR,95.5666,116.7648
Central America FIR,96.6779,114.3355
Central America FIR,97.7891,111.2143
Central America FIR,98.9003,106.9711
Kingston FIR,0.0,0.7049
Kingston FIR,1.1112,30.9286
Kingston FIR,2.2225,49.7187
Kingston FIR,3.3337,63.8707
Kingston FIR,4.445,75.3956
Kingston FIR,5.5562,84.7015
Kingston FIR,6.6674,92.1302
Kingston FIR,7.7787,98.4131
Kingston FIR,8.8899,103.7088
Kingston FIR,10.0012,108.1954
Kingston FIR,11.1124,111.9613
Kingston FIR,12.2236,115.135
Kingston FIR,13.3349,117.7808
Kingston FIR,14.4461,120.0013
Kingston FIR,15.5574,121.7961
Kingston FIR,16.6686,123.2234
Kingston FIR,17.7798,124.3596
Kingston FIR,18.8911,125.2623
Kingston FIR,20.0023,125.9456
Kingston FIR,21.1136,126.4385
Kingston FIR,22.2248,126.7939
Kingston FIR,23.336,127.0543
Kingston FIR,24.4473,127.2274
Kingston FIR,25.5585,127.3316
Kingston FIR,26.6698,127.3895
Kingston FIR,27.781,127.4177
Kingston FIR,28.8922,127.4273
Kingston FIR,30.0035,127.4288
Kingston FIR,31.1147,127.4288
Kingston FIR,32.226,127.4288
Kingston FIR,33.3372,127.4288
Kingston FIR,34.4484,127.4288
Kingston FIR,35.5597,127.4288
Kingston FIR,36.6709,127.4288
Kingston FIR,37.7822,127.4288
Kingston FIR,38.8934,127.4288
Kingston FIR,40.0046,127.4288
Kingston FIR,41.1159,127.4288
Kingston FIR,42.2271,127.4288
Kingston FIR,43.3383,127.4288
Kingston FIR,44.4496,127.4288
Kingston FIR,45.5608,127.4288
Kingston FIR,46.6721,127.4288
Kingston FIR,47.7833,127.4288
Kingston FIR,48.8945,127.4288
Kingston FIR,50.0058,127.4288
Kingston FIR,51.117,127.4288
Kingston FIR,52.2283,127.4288
Kingston FIR,53.3395,127.4288
Kingston FIR,54.4507,127.4288
Kingston FIR,55.562,127.4288
Kingston FIR,56.6732,127.4288
Kingston FIR,57.7845,127.4288
Kingston FIR,58.8957,127.4288
Kingston FIR,60.0069,127.4288
Kingston FIR,61.1182,127.4288
Kingston FIR,62.2294,127.4288
Kingston FIR,63.3407,127.4288
Kingston FIR,64.4519,127.4288
Kingston FIR,65.5631,127.4288
Kingston FIR,66.6744,127.4288
Kingston FIR,67.7856,127.4288
Kingston FIR,68.8969,127.4288
Kingston FIR,70.0081,127.4288
Kingston FIR,71.1193,127.4288
Kingston FIR,72.2306,127.4288
Kingston FIR,73.3418,127.4288
Kingston FIR,74.4531,127.4288
Kingston FIR,75.5643,127.4288
Kingston FIR,76.6755,127.4288
Kingston FIR,77.7868,127.4288
Kingston FIR,78.898,127.4288
Kingston FIR,80.0093,127.4288
Kingston FIR,81.1205,127.4288
Kingston FIR,82.2317,127.4288
Kingston FIR,83.343,127.4288
Kingston FIR,84.4542,127.4288
Kingston FIR,85.5655,127.4282
Kingston FIR,86.6767,127.4245
Kingston FIR,87.7879,127.4058
Kingston FIR,88.8992,127.348
Kingston FIR,90.0104,127.2032
Kingston FIR,91.1217,126.9182
Kingston FIR,92.2329,126.4362
Kingston FIR,93.3441,125.6845
Kingston FIR,94.4554,124.5128
Kingston FIR,95.5666,122.7682
Kingston FIR,96.6779,120.2445
Kingston FIR,97.7891,116.5456
Kingston FIR,98.9003,110.8596
Oceanica Mazatlan FIR,0.0,18.4536
Oceanica Mazatlan FIR,2.0275,165.4333
Oceanica Mazatlan FIR,4.0549,176.281
Oceanica Mazatlan FIR,6.0824,177.3873
Oceanica Mazatlan FIR,8.1098,177.4003
Oceanica Mazatlan FIR,10.1373,177.4003
Oceanica Mazatlan FIR,12.1647,177.4003
Oceanica Mazatlan FIR,14.1922,177.4003
Oceanica Mazatlan FIR,16.2196,177.4003
Oceanica Mazatlan FIR,18.2471,177.4003
Oceanica Mazatlan FIR,20.2746,177.4003
Oceanica Mazatlan FIR,22.302,177.4003
Oceanica Mazatlan FIR,24.3295,177.4003
Oceanica Mazatlan FIR,26.3569,177.4003
Oceanica Mazatlan FIR,28.3844,177.4003
Oceanica Mazatlan FIR,30.4118,177.4003
Oceanica Mazatlan FIR,32.4393,177.4003
Oceanica Mazatlan FIR,34.4667,177.4003
Oceanica Mazatlan FIR,36.4942,177.4003
Oceanica Mazatlan FIR,38.5216,177.4003
Oceanica Mazatlan FIR,40.5491,177.4003
Oceanica Mazatlan FIR,42.5766,177.4003
Oceanica Mazatlan FIR,44.604,177.4003
Oceanica Mazatlan FIR,46.6315,177.4003
Oceanica Mazatlan FIR,48.6589,177.4003
Oceanica Mazatlan FIR,50.6864,177.4003
Oceanica Mazatlan FIR,52.7138,177.4003
Oceanica Mazatlan FIR,54.7413,177.4003
Oceanica Mazatlan FIR,56.7687,177.4003
Oceanica Mazatlan FIR,58.7962,177.4003
Oceanica Mazatlan FIR,60.8237,177.4003
Oceanica Mazatlan FIR,62.8511,177.4003
Oceanica Mazatlan FIR,64.8786,177.4003
Oceanica Mazatlan FIR,66.906,177.4003
Oceanica Mazatlan FIR,68.9335,177.4003
Oceanica Mazatlan FIR,70.9609,177.4003
Oceanica Mazatlan FIR,72.9884,177.4003
Oceanica Mazatlan FIR,75.0158,177.4003
Oceanica Mazatlan FIR,77.0433,177.4003
Oceanica Mazatlan FIR,79.0707,177.4003
Oceanica Mazatlan FIR,81.0982,177.4003
Oceanica Mazatlan FIR,83.1257,177.4003
Oceanica Mazatlan FIR,85.1531,177.4003
Oceanica Mazatlan FIR,87.1806,177.4003
Oceanica Mazatlan FIR,89.208,177.4003
Oceanica Mazatlan FIR,91.2355,177.4003
Oceanica Mazatlan FIR,93.2629,177.4003
Oceanica Mazatlan FIR,95.2904,177.4003
Oceanica Mazatlan FIR,97.3178,176.9145
Oceanica Mazatlan FIR,99.3453,157.8955
Mexico FIR,0.0,0.4288
Mexico FIR,1.1112,20.7735
Mexico FIR,2.2225,32.5094
Mexico FIR,3.3337,41.3559
Mexico FIR,4.445,48.6383
Mexico FIR,5.5562,54.8372
Mexico FIR,6.6674,60.2758
Mexico FIR,7.7787,65.0661
Mexico FIR,8.8899,69.3787
Mexico FIR,10.0012,73.2645
Mexico FIR,11.1124,76.7884
Mexico FIR,12.2236,80.0246
Mexico FIR,13.3349,83.0053
Mexico FIR,14.4461,85.7748
Mexico FIR,15.5574,88.3586
Mexico FIR,16.6686,90.764
Mexico FIR,17.7798,93.0068
Mexico FIR,18.8911,95.0958
Mexico FIR,20.0023,97.04
Mexico FIR,21.1136,98.8723
Mexico FIR,22.2248,100.5607
Mexico FIR,23.336,102.134
Mexico FIR,24.4473,103.6067
Mexico FIR,25.5585,104.9878
Mexico FIR,26.6698,106.2699
Mexico FIR,27.781,107.4678
Mexico FIR,28.8922,108.5894
Mexico FIR,30.0035,109.6484
Mexico FIR,31.1147,110.6388
Mexico FIR,32.226,111.5621
Mexico FIR,33.3372,112.4329
Mexico FIR,34.4484,113.2476
Mexico FIR,35.5597,114.0155
Mexico FIR,36.6709,114.7374
Mexico FIR,37.7822,115.4125
Mexico FIR,38.8934,116.0393
Mexico FIR,40.0046,116.6177
Mexico FIR,41.1159,117.1524
Mexico FIR,42.2271,117.6401
Mexico FIR,43.3383,118.0843
Mexico FIR,44.4496,118.4886
Mexico FIR,45.5608,118.8591
Mexico FIR,46.6721,119.1953
Mexico FIR,47.7833,119.4991
Mexico FIR,48.8945,119.7763
Mexico FIR,50.0058,120.0266
Mexico FIR,51.117,120.2484
Mexico FIR,52.2283,120.4392
Mexico FIR,53.3395,120.6068
Mexico FIR,54.4507,120.7526
Mexico FIR,55.562,120.8801
Mexico FIR,56.6732,120.9896
Mexico FIR,57.7845,121.0791
Mexico FIR,58.8957,121.153
Mexico FIR,60.0069,121.2123
Mexico FIR,61.1182,121.2553
Mexico FIR,62.2294,121.2858
Mexico FIR,63.3407,121.3054
Mexico FIR,64.4519,121.3173
Mexico FIR,65.5631,121.3225
Mexico FIR,66.6744,121.3239
Mexico FIR,67.7856,121.3239
Mexico FIR,68.8969,121.3239
Mexico FIR,70.0081,121.3239
Mexico FIR,71.1193,121.3239
Mexico FIR,72.2306,121.3238
Mexico FIR,73.3418,121.3214
Mexico FIR,74.4531,121.3116
Mexico FIR,75.5643,121.2874
Mexico FIR,76.6755,121.2453
Mexico FIR,77.7868,121.1812
Mexico FIR,78.898,121.0941
Mexico FIR,80.0093,120.9755
Mexico FIR,81.1205,120.8187
Mexico FIR,82.2317,120.6163
Mexico FIR,83.343,120.3725
Mexico FIR,84.4542,120.0782
Mexico FIR,85.5655,119.7187
Mexico FIR,86.6767,119.3008
Mexico FIR,87.7879,118.8156
Mexico FIR,88.8992,118.2528
Mexico FIR,90.0104,117.6049
Mexico FIR,91.1217,116.8454
Mexico FIR,92.2329,115.9586
Mexico FIR,93.3441,114.9201
Mexico FIR,94.4554,113.7022
Mexico FIR,95.5666,112.2594
Mexico FIR,96.6779,110.4834
Mexico FIR,97.7891,108.2494
Mexico FIR,98.9003,105.1687
Panama FIR,0.0,0.5436
Panama FIR,1.1112,21.0746
Panama FIR,2.2225,34.3619
Panama FIR,3.3337,44.754
Panama FIR,4.445,53.657
Panama FIR,5.5562,61.5425
Panama FIR,6.6674,68.5084
Panama FIR,7.7787,74.7995
Panama FIR,8.8899,80.5043
Panama FIR,10.0012,85.6869
Panama FIR,11.1124,90.4594
Panama FIR,12.2236,94.8449
Panama FIR,13.3349,98.9464
Panama FIR,14.4461,102.7356
Panama FIR,15.5574,106.1749
Panama FIR,16.6686,109.3492
Panama FIR,17.7798,112.2506
Panama FIR,18.8911,114.892
Panama FIR,20.0023,117.3352
Panama FIR,21.1136,119.5947
Panama FIR,22.2248,121.6482
Panama FIR,23.336,123.5011
Panama FIR,24.4473,125.1963
Panama FIR,25.5585,126.7522
Panama FIR,26.6698,128.1605
Panama FIR,27.781,129.423
Panama FIR,28.8922,130.5619
Panama FIR,30.0035,131.5963
Panama FIR,31.1147,132.5099
Panama FIR,32.226,133.3046
Panama FIR,33.3372,134.0067
Panama FIR,34.4484,134.5889
Panama FIR,35.5597,135.0804
Panama FIR,36.6709,135.4948
Panama FIR,37.7822,135.8415
Panama FIR,38.8934,136.1254
Panama FIR,40.0046,136.3446
Panama FIR,41.1159,136.5066
Panama FIR,42.2271,136.6288
Panama FIR,43.3383,136.7112
Panama FIR,44.4496,136.7603
Panama FIR,45.5608,136.7844
Panama FIR,46.6721,136.792
Panama FIR,47.7833,136.793
Panama FIR,48.8945,136.793
Panama FIR,50.0058,136.793
Panama FIR,51.117,136.793
Panama FIR,52.2283,136.793
Panama FIR,53.3395,136.793
Panama FIR,54.4507,136.793
Panama FIR,55.562,136.793
Panama FIR,56.6732,136.793
Panama FIR,57.7845,136.793
Panama FIR,58.8957,136.793
Panama FIR,60.0069,136.793
Panama FIR,61.1182,136.793
Panama FIR,62.2294,136.793
Panama FIR,63.3407,136.793
Panama FIR,64.4519,136.793
Panama FIR,65.5631,136.793
Panama FIR,66.6744,136.793
Panama FIR,67.7856,136.793
Panama FIR,68.8969,136.793
Panama FIR,70.0081,136.793
Panama FIR,71.1193,136.793
Panama FIR,72.2306,136.793
Panama FIR,73.3418,136.793
Panama FIR,74.4531,136.793
Panama FIR,75.5643,136.793
Panama FIR,76.6755,136.7908
Panama FIR,77.7868,136.7752
Panama FIR,78.898,136.733
Panama FIR,80.0093,136.6495
Panama FIR,81.1205,136.5127
Panama FIR,82.2317,136.3051
Panama FIR,83.343,136.003
Panama FIR,84.4542,135.597
Panama FIR,85.5655,135.0728
Panama FIR,86.6767,134.4079
Panama FIR,87.7879,133.5842
Panama FIR,88.8992,132.5886
Panama FIR,90.0104,131.3968
Panama FIR,91.1217,129.9836
Panama FIR,92.2329,128.3324
Panama FIR,93.3441,126.3782
Panama FIR,94.4554,124.0844
Panama FIR,95.5666,121.3357
Panama FIR,96.6779,118.0066
Panama FIR,97.7891,113.8186
Panama FIR,98.9003,108.537
Port-Au-Prince FIR,0.0,3.2829
Port-Au-Prince FIR,1.1699,76.3318
Port-Au-Prince FIR,2.3398,102.5544
Port-Au-Prince FIR,3.5096,117.3923
Port-Au-Prince FIR,4.6795,125.4525
Port-Au-Prince FIR,5.8494,129.9311
Port-Au-Prince FIR,7.0193,132.437
Port-Au-Prince FIR,8.1891,133.6779
Port-Au-Prince FIR,9.359,134.1133
Port-Au-Prince FIR,10.5289,134.1779
Port-Au-Prince FIR,11.6988,134.1787
Port-Au-Prince FIR,12.8686,134.1787
Port-Au-Prince FIR,14.0385,134.1787
Port-Au-Prince FIR,15.2084,134.1787
Port-Au-Prince FIR,16.3783,134.1787
Port-Au-Prince FIR,17.5481,134.1787
Port-Au-Prince FIR,18.718,134.1787
Port-Au-Prince FIR,19.8879,134.1787
Port-Au-Prince FIR,21.0578,134.1787
Port-Au-Prince FIR,22.2276,134.1787
Port-Au-Prince FIR,23.3975,134.1787
Port-Au-Prince FIR,24.5674,134.1787
Port-Au-Prince FIR,25.7373,134.1787
Port-Au-Prince FIR,26.9071,134.1787
Port-Au-Prince FIR,28.077,134.1787
Port-Au-Prince FIR,29.2469,134.1787
Port-Au-Prince FIR,30.4168,134.1787
Port-Au-Prince FIR,31.5866,134.1787
Port-Au-Prince FIR,32.7565,134.1787
Port-Au-Prince FIR,33.9264,134.1787
Port-Au-Prince FIR,35.0963,134.1787
Port-Au-Prince FIR,36.2661,134.1787
Port-Au-Prince FIR,37.436,134.1787
Port-Au-Prince FIR,38.6059,134.1787
Port-Au-Prince FIR,39.7758,134.1787
Port-Au-Prince FIR,40.9456,134.1787
Port-Au-Prince FIR,42.1155,134.1787
Port-Au-Prince FIR,43.2854,134.1787
Port-Au-Prince FIR,44.4553,134.1787
Port-Au-Prince FIR,45.6252,134.1787
Port-Au-Prince FIR,46.795,134.1787
Port-Au-Prince FIR,47.9649,134.1787
Port-Au-Prince FIR,49.1348,134.1787
Port-Au-Prince FIR,50.3047,134.1787
Port-Au-Prince FIR,51.4745,134.1787
Port-Au-Prince FIR,52.6444,134.1787
Port-Au-Prince FIR,53.8143,134.1787
Port-Au-Prince FIR,54.9842,134.1787
Port-Au-Prince FIR,56.154,134.1787
Port-Au-Prince FIR,57.3239,134.1787
Port-Au-Prince FIR,58.4938,134.1787
Port-Au-Prince FIR,59.6637,134.1787
Port-Au-Prince FIR,60.8335,134.1787
Port-Au-Prince FIR,62.0034,134.1787
Port-Au-Prince FIR,63.1733,134.1787
Port-Au-Prince FIR,64.3432,134.1787
Port-Au-Prince FIR,65.513,134.1787
Port-Au-Prince FIR,66.6829,134.1787
Port-Au-Prince FIR,67.8528,134.1787
Port-Au-Prince FIR,69.0227,134.1787
Port-Au-Prince FIR,70.1925,134.1787
Port-Au-Prince FIR,71.3624,134.1787
Port-Au-Prince FIR,72.5323,134.1787
Port-Au-Prince FIR,73.7022,134.1787
Port-Au-Prince FIR,74.872,134.1787
Port-Au-Prince FIR,76.0419,134.1787
Port-Au-Prince FIR,77.2118,134.1787
Port-Au-Prince FIR,78.3817,134.1787
Port-Au-Prince FIR,79.5515,134.1787
Port-Au-Prince FIR,80.7214,134.1787
Port-Au-Prince FIR,81.8913,134.1787
Port-Au-Prince FIR,83.0612,134.1787
Port-Au-Prince FIR,84.2311,134.1787
Port-Au-Prince FIR,85.4009,134.1787
Port-Au-Prince FIR,86.5708,134.1787
Port-Au-Prince FIR,87.7407,134.1787
Port-Au-Prince FIR,88.9106,134.1787
Port-Au-Prince FIR,90.0804,134.1787
Port-Au-Prince FIR,91.2503,134.1787
Port-Au-Prince FIR,92.4202,134.1787
Port-Au-Prince FIR,93.5901,134.1787
Port-Au-Prince FIR,94.7599,134.1765
Port-Au-Prince FIR,95.9298,134.0834
Port-Au-Prince FIR,97.0997,133.3811
Port-Au-Prince FIR,98.2696,130.2116
Port-Au-Prince FIR,99.4394,119.1882
Habana FIR/UIR,0.0,1.1369
Habana FIR/UIR,1.1112,34.8177
Habana FIR/UIR,2.2225,50.3218
Habana FIR/UIR,3.3337,61.7829
Habana FIR/UIR,4.445,71.3502
Habana FIR/UIR,5.5562,79.2198
Habana FIR/UIR,6.6674,85.9772
Habana FIR/UIR,7.7787,91.6992
Habana FIR/UIR,8.8899,96.4493
Habana FIR/UIR,10.0012,100.5289
Habana FIR/UIR,11.1124,104.0735
Habana FIR/UIR,12.2236,107.0946
Habana FIR/UIR,13.3349,109.6837
Habana FIR/UIR,14.4461,111.9337
Habana FIR/UIR,15.5574,113.8768
Habana FIR/UIR,16.6686,115.5667
Habana FIR/UIR,17.7798,117.0416
Habana FIR/UIR,18.8911,118.3048
Habana FIR/UIR,20.0023,119.3978
Habana FIR/UIR,21.1136,120.3022
Habana FIR/UIR,22.2248,121.0494
Habana FIR/UIR,23.336,121.6611
Habana FIR/UIR,24.4473,122.1601
Habana FIR/UIR,25.5585,122.5557
Habana FIR/UIR,26.6698,122.8591
Habana FIR/UIR,27.781,123.0947
Habana FIR/UIR,28.8922,123.2707
Habana FIR/UIR,30.0035,123.3931
Habana FIR/UIR,31.1147,123.4741
Habana FIR/UIR,32.226,123.5238
Habana FIR/UIR,33.3372,123.5483
Habana FIR/UIR,34.4484,123.5578
Habana FIR/UIR,35.5597,123.5598
Habana FIR/UIR,36.6709,123.5599
Habana FIR/UIR,37.7822,123.5599
Habana FIR/UIR,38.8934,123.5599
Habana FIR/UIR,40.0046,123.5599
Habana FIR/UIR,41.1159,123.5599
Habana FIR/UIR,42.2271,123.5599
Habana FIR/UIR,43.3383,123.5599
Habana FIR/UIR,44.4496,123.5599
Habana FIR/UIR,45.5608,123.5599
Habana FIR/UIR,46.6721,123.5599
Habana FIR/UIR,47.7833,123.5599
Habana FIR/UIR,48.8945,123.5599
Habana FIR/UIR,50.0058,123.5599
Habana FIR/UIR,51.117,123.5599
Habana FIR/UIR,52.2283,123.5599
Habana FIR/UIR,53.3395,123.5599
Habana FIR/UIR,54.4507,123.5599
Habana FIR/UIR,55.562,123.5599
Habana FIR/UIR,56.6732,123.5599
Habana FIR/UIR,57.7845,123.5599
Habana FIR/UIR,58.8957,123.5599
Habana FIR/UIR,60.0069,123.5599
Habana FIR/UIR,61.1182,123.5599
Habana FIR/UIR,62.2294,123.5599
Habana FIR/UIR,63.3407,123.5599
Habana FIR/UIR,64.4519,123.5599
Habana FIR/UIR,65.5631,123.5599
Habana FIR/UIR,66.6744,123.5599
Habana FIR/UIR,67.7856,123.5599
Habana FIR/UIR,68.8969,123.5599
Habana FIR/UIR,70.0081,123.5599
Habana FIR/UIR,71.1193,123.5599
Habana FIR/UIR,72.2306,123.5599
Habana FIR/UIR,73.3418,123.5599
Habana FIR/UIR,74.4531,123.5599
Habana FIR/UIR,75.5643,123.5599
Habana FIR/UIR,76.6755,123.5599
Habana FIR/UIR,77.7868,123.5599
Habana FIR/UIR,78.898,123.5599
Habana FIR/UIR,80.0093,123.5599
Habana FIR/UIR,81.1205,123.5599
Habana FIR/UIR,82.2317,123.5599
Habana FIR/UIR,83.343,123.5598
Habana FIR/UIR,84.4542,123.5573
Habana FIR/UIR,85.5655,123.5456
Habana FIR/UIR,86.6767,123.5102
Habana FIR/UIR,87.7879,123.4271
Habana FIR/UIR,88.8992,123.2733
Habana FIR/UIR,90.0104,123.0182
Habana FIR/UIR,91.1217,122.6549
Habana FIR/UIR,92.2329,122.106
Habana FIR/UIR,93.3441,121.3223
Habana FIR/UIR,94.4554,120.2502
Habana FIR/UIR,95.5666,118.8441
Habana FIR/UIR,96.6779,116.929
Habana FIR/UIR,97.7891,114.1558
Habana FIR/UIR,98.9003,109.6778
Nadi FIR,0.0,0.3823
Nadi FIR,1.1112,18.7424
Nadi FIR,2.2225,30.5673
Nadi FIR,3.3337,40.0421
Nadi FIR,4.445,48.0133
Nadi FIR,5.5562,55.0389
Nadi FIR,6.6674,61.2442
Nadi FIR,7.7787,66.7741
Nadi FIR,8.8899,71.674
Nadi FIR,10.0012,76.0432
Nadi FIR,11.1124,80.0392
Nadi FIR,12.2236,83.6559
Nadi FIR,13.3349,86.9375
Nadi FIR,14.4461,89.891
Nadi FIR,15.5574,92.6039
Nadi FIR,16.6686,95.0428
Nadi FIR,17.7798,97.2573
Nadi FIR,18.8911,99.2737
Nadi FIR,20.0023,101.114
Nadi FIR,21.1136,102.7919
Nadi FIR,22.2248,104.3258
Nadi FIR,23.336,105.7191
Nadi FIR,24.4473,106.9772
Nadi FIR,25.5585,108.0848
Nadi FIR,26.6698,109.0658
Nadi FIR,27.781,109.9318
Nadi FIR,28.8922,110.6992
Nadi FIR,30.0035,111.3769
Nadi FIR,31.1147,111.9805
Nadi FIR,32.226,112.4981
Nadi FIR,33.3372,112.9447
Nadi FIR,34.4484,113.3255
Nadi FIR,35.5597,113.6579
Nadi FIR,36.6709,113.9411
Nadi FIR,37.7822,114.1841
Nadi FIR,38.8934,114.3872
Nadi FIR,40.0046,114.556
Nadi FIR,41.1159,114.6952
Nadi FIR,42.2271,114.8058
Nadi FIR,43.3383,114.8949
Nadi FIR,44.4496,114.9672
Nadi FIR,45.5608,115.0252
Nadi FIR,46.6721,115.0712
Nadi FIR,47.7833,115.1058
Nadi FIR,48.8945,115.1313
Nadi FIR,50.0058,115.1501
Nadi FIR,51.117,115.1632
Nadi FIR,52.2283,115.1716
Nadi FIR,53.3395,115.176
Nadi FIR,54.4507,115.1778
Nadi FIR,55.562,115.1781
Nadi FIR,56.6732,115.1781
Nadi FIR,57.7845,115.1781
Nadi FIR,58.8957,115.1781
Nadi FIR,60.0069,115.1781
Nadi FIR,61.1182,115.1781
Nadi FIR,62.2294,115.1781
Nadi FIR,63.3407,115.1781
Nadi FIR,64.4519,115.1781
Nadi FIR,65.5631,115.1781
Nadi FIR,66.6744,115.1781
Nadi FIR,67.7856,115.1781
Nadi FIR,68.8969,115.1781
Nadi FIR,70.0081,115.1781
Nadi FIR,71.1193,115.1781
Nadi FIR,72.2306,115.1781
Nadi FIR,73.3418,115.1781
Nadi FIR,74.4531,115.1781
Nadi FIR,75.5643,115.1781
Nadi FIR,76.6755,115.1781
Nadi FIR,77.7868,115.1781
Nadi FIR,78.898,115.1781
Nadi FIR,80.0093,115.1781
Nadi FIR,81.1205,115.1779
Nadi FIR,82.2317,115.1758
Nadi FIR,83.343,115.1678
Nadi FIR,84.4542,115.1483
Nadi FIR,85.5655,115.1112
Nadi FIR,86.6767,115.0488
Nadi FIR,87.7879,114.9531
Nadi FIR,88.8992,114.8133
Nadi FIR,90.0104,114.6099
Nadi FIR,91.1217,114.3137
Nadi FIR,92.2329,113.9005
Nadi FIR,93.3441,113.3362
Nadi FIR,94.4554,112.5947
Nadi FIR,95.5666,111.5872
Nadi FIR,96.6779,110.2662
Nadi FIR,97.7891,108.4759
Nadi FIR,98.9003,105.7224
Tahiti Oceanic FIR,0.0,1.9947
Tahiti Oceanic FIR,1.1218,51.0351
Tahiti Oceanic FIR,2.2435,71.8354
Tahiti Oceanic FIR,3.3653,84.5214
Tahiti Oceanic FIR,4.487,92.479
Tahiti Oceanic FIR,5.6088,97.3962
Tahiti Oceanic FIR,6.7305,100.6896
Tahiti Oceanic FIR,7.8523,102.7546
Tahiti Oceanic FIR,8.9741,104.0799
Tahiti Oceanic FIR,10.0958,104.9566
Tahiti Oceanic FIR,11.2176,105.5673
Tahiti Oceanic FIR,12.3393,105.9943
Tahiti Oceanic FIR,13.4611,106.284
Tahiti Oceanic FIR,14.5828,106.4608
Tahiti Oceanic FIR,15.7046,106.5558
Tahiti Oceanic FIR,16.8264,106.5892
Tahiti Oceanic FIR,17.9481,106.596
Tahiti Oceanic FIR,19.0699,106.5961
Tahiti Oceanic FIR,20.1916,106.5961
Tahiti Oceanic FIR,21.3134,106.5961
Tahiti Oceanic FIR,22.4351,106.5961
Tahiti Oceanic FIR,23.5569,106.5961
Tahiti Oceanic FIR,24.6787,106.5961
Tahiti Oceanic FIR,25.8004,106.5961
Tahiti Oceanic FIR,26.9222,106.5961
Tahiti Oceanic FIR,28.0439,106.5961
Tahiti Oceanic FIR,29.1657,106.5961
Tahiti Oceanic FIR,30.2875,106.5961
Tahiti Oceanic FIR,31.4092,106.5961
Tahiti Oceanic FIR,32.531,106.5961
Tahiti Oceanic FIR,33.6527,106.5961
Tahiti Oceanic FIR,34.7745,106.5961
Tahiti Oceanic FIR,35.8962,106.5961
Tahiti Oceanic FIR,37.018,106.5961
Tahiti Oceanic FIR,38.1398,106.5961
Tahiti Oceanic FIR,39.2615,106.5961
Tahiti Oceanic FIR,40.3833,106.5961
Tahiti Oceanic FIR,41.505,106.5961
Tahiti Oceanic FIR,42.6268,106.5961
Tahiti Oceanic FIR,43.7485,106.5961
Tahiti Oceanic FIR,44.8703,106.5961
Tahiti Oceanic FIR,45.9921,106.5961
Tahiti Oceanic FIR,47.1138,106.5961
Tahiti Oceanic FIR,48.2356,106.5961
Tahiti Oceanic FIR,49.3573,106.5961
Tahiti Oceanic FIR,50.4791,106.5961
Tahiti Oceanic FIR,51.6008,106.5961
Tahiti Oceanic FIR,52.7226,106.5961
Tahiti Oceanic FIR,53.8444,106.5961
Tahiti Oceanic FIR,54.9661,106.5961
Tahiti Oceanic FIR,56.0879,106.5961
Tahiti Oceanic FIR,57.2096,106.5961
Tahiti Oceanic FIR,58.3314,106.5961
Tahiti Oceanic FIR,59.4531,106.5961
Tahiti Oceanic FIR,60.5749,106.5961
Tahiti Oceanic FIR,61.6967,106.5961
Tahiti Oceanic FIR,62.8184,106.5961
Tahiti Oceanic FIR,63.9402,106.5961
Tahiti Oceanic FIR,65.0619,106.5961
Tahiti Oceanic FIR,66.1837,106.5961
Tahiti Oceanic FIR,67.3054,106.5961
Tahiti Oceanic FIR,68.4272,106.5961
Tahiti Oceanic FIR,69.549,106.5961
Tahiti Oceanic FIR,70.6707,106.5961
Tahiti Oceanic FIR,71.7925,106.5961
Tahiti Oceanic FIR,72.9142,106.5961
Tahiti Oceanic FIR,74.036,106.5961
Tahiti Oceanic FIR,75.1577,106.5961
Tahiti Oceanic FIR,76.2795,106.5961
Tahiti Oceanic FIR,77.4013,106.5961
Tahiti Oceanic FIR,78.523,106.5961
Tahiti Oceanic FIR,79.6448,106.5961
Tahiti Oceanic FIR,80.7665,106.5961
Tahiti Oceanic FIR,81.8883,106.5961
Tahiti Oceanic FIR,83.01,106.5961
Tahiti Oceanic FIR,84.1318,106.5961
Tahiti Oceanic FIR,85.2536,106.5961
Tahiti Oceanic FIR,86.3753,106.5961
Tahiti Oceanic FIR,87.4971,106.5961
Tahiti Oceanic FIR,88.6188,106.5961
Tahiti Oceanic FIR,89.7406,106.5961
Tahiti Oceanic FIR,90.8624,106.5961
Tahiti Oceanic FIR,91.9841,106.5961
Tahiti Oceanic FIR,93.1059,106.5961
Tahiti Oceanic FIR,94.2276,106.5961
Tahiti Oceanic FIR,95.3494,106.5961
Tahiti Oceanic FIR,96.4711,106.5956
Tahiti Oceanic FIR,97.5929,106.5518
Tahiti Oceanic FIR,98.7147,106.0754
Tahiti Oceanic FIR,99.8364,102.4454
New Zealand FIR,0.0,4.7702
New Zealand FIR,1.1141,79.2866
New Zealand FIR,2.2282,101.6613
New Zealand FIR,3.3422,116.6022
New Zealand FIR,4.4563,127.1088
New Zealand FIR,5.5704,134.761
New Zealand FIR,6.6845,140.7334
New Zealand FIR,7.7985,145.5128
New Zealand FIR,8.9126,149.431
New Zealand FIR,10.0267,152.6141
New Zealand FIR,11.1408,155.1318
New Zealand FIR,12.2548,157.2253
New Zealand FIR,13.3689,158.8935
New Zealand FIR,14.483,160.2808
New Zealand FIR,15.5971,161.43
New Zealand FIR,16.7112,162.3917
New Zealand FIR,17.8252,163.2122
New Zealand FIR,18.9393,163.8848
New Zealand FIR,20.0534,164.4463
New Zealand FIR,21.1675,164.8877
New Zealand FIR,22.2815,165.2413
New Zealand FIR,23.3956,165.5171
New Zealand FIR,24.5097,165.7302
New Zealand FIR,25.6238,165.8864
New Zealand FIR,26.7378,166.0021
New Zealand FIR,27.8519,166.0869
New Zealand FIR,28.966,166.1431
New Zealand FIR,30.0801,166.1766
New Zealand FIR,31.1942,166.1938
New Zealand FIR,32.3082,166.2008
New Zealand FIR,33.4223,166.2022
New Zealand FIR,34.5364,166.2023
New Zealand FIR,35.6505,166.2023
New Zealand FIR,36.7645,166.2023
New Zealand FIR,37.8786,166.2023
New Zealand FIR,38.9927,166.2023
New Zealand FIR,40.1068,166.2023
New Zealand FIR,41.2208,166.2023
New Zealand FIR,42.3349,166.2023
New Zealand FIR,43.449,166.2023
New Zealand FIR,44.5631,166.2023
New Zealand FIR,45.6771,166.2023
New Zealand FIR,46.7912,166.2023
New Zealand FIR,47.9053,166.2023
New Zealand FIR,49.0194,166.2023
New Zealand FIR,50.1335,166.2023
New Zealand FIR,51.2475,166.2023
New Zealand FIR,52.3616,166.2023
New Zealand FIR,53.4757,166.2023
New Zealand FIR,54.5898,166.2023
New Zealand FIR,55.7038,166.2023
New Zealand FIR,56.8179,166.2023
New Zealand FIR,57.932,166.2023
New Zealand FIR,59.0461,166.2023
New Zealand FIR,60.1601,166.2023
New Zealand FIR,61.2742,166.2023
New Zealand FIR,62.3883,166.2023
New Zealand FIR,63.5024,166.2023
New Zealand FIR,64.6165,166.2023
New Zealand FIR,65.7305,166.2023
New Zealand FIR,66.8446,166.2023
New Zealand FIR,67.9587,166.2023
New Zealand FIR,69.0728,166.2023
New Zealand FIR,70.1868,166.2023
New Zealand FIR,71.3009,166.2023
New Zealand FIR,72.415,166.2023
New Zealand FIR,73.5291,166.2023
New Zealand FIR,74.6431,166.2023
New Zealand FIR,75.7572,166.2023
New Zealand FIR,76.8713,166.2023
New Zealand FIR,77.9854,166.2016
New Zealand FIR,79.0995,166.1972
New Zealand FIR,80.2135,166.1798
New Zealand FIR,81.3276,166.1356
New Zealand FIR,82.4417,166.0604
New Zealand FIR,83.5558,165.9357
New Zealand FIR,84.6698,165.7539
New Zealand FIR,85.7839,165.4802
New Zealand FIR,86.898,165.0841
New Zealand FIR,88.0121,164.5204
New Zealand FIR,89.1261,163.7094
New Zealand FIR,90.2402,162.6222
New Zealand FIR,91.3543,161.2347
New Zealand FIR,92.4684,159.4499
New Zealand FIR,93.5825,157.0306
New Zealand FIR,94.6965,153.8247
New Zealand FIR,95.8106,149.4745
New Zealand FIR,96.9247,143.3213
New Zealand FIR,98.0388,134.7611
New Zealand FIR,99.1528,121.2088
Auckland Oceanic FIR,0.0,0.4906
Auckland Oceanic FIR,1.1112,18.1647
Auckland Oceanic FIR,2.2225,28.8248
Auckland Oceanic FIR,3.3337,37.403
Auckland Oceanic FIR,4.445,44.6216
Auckland Oceanic FIR,5.5562,50.7339
Auckland Oceanic FIR,6.6674,56.1186
Auckland Oceanic FIR,7.7787,60.9196
Auckland Oceanic FIR,8.8899,65.2734
Auckland Oceanic FIR,10.0012,69.1843
Auckland Oceanic FIR,11.1124,72.7639
Auckland Oceanic FIR,12.2236,76.033
Auckland Oceanic FIR,13.3349,79.0044
Auckland Oceanic FIR,14.4461,81.7421
Auckland Oceanic FIR,15.5574,84.2615
Auckland Oceanic FIR,16.6686,86.6207
Auckland Oceanic FIR,17.7798,88.8278
Auckland Oceanic FIR,18.8911,90.8633
Auckland Oceanic FIR,20.0023,92.7286
Auckland Oceanic FIR,21.1136,94.4642
Auckland Oceanic FIR,22.2248,96.0606
Auckland Oceanic FIR,23.336,97.5284
Auckland Oceanic FIR,24.4473,98.8884
Auckland Oceanic FIR,25.5585,100.1527
Auckland Oceanic FIR,26.6698,101.3151
Auckland Oceanic FIR,27.781,102.3955
Auckland Oceanic FIR,28.8922,103.374
Auckland Oceanic FIR,30.0035,104.2663
Auckland Oceanic FIR,31.1147,105.0739
Auckland Oceanic FIR,32.226,105.8078
Auckland Oceanic FIR,33.3372,106.4674
Auckland Oceanic FIR,34.4484,107.0623
Auckland Oceanic FIR,35.5597,107.5879
Auckland Oceanic FIR,36.6709,108.0583
Auckland Oceanic FIR,37.7822,108.481
Auckland Oceanic FIR,38.8934,108.8546
Auckland Oceanic FIR,40.0046,109.1812
Auckland Oceanic FIR,41.1159,109.4643
Auckland Oceanic FIR,42.2271,109.7057
Auckland Oceanic FIR,43.3383,109.9146
Auckland Oceanic FIR,44.4496,110.0949
Auckland Oceanic FIR,45.5608,110.2452
Auckland Oceanic FIR,46.6721,110.369
Auckland Oceanic FIR,47.7833,110.4697
Auckland Oceanic FIR,48.8945,110.5477
Auckland Oceanic FIR,50.0058,110.6074
Auckland Oceanic FIR,51.117,110.6528
Auckland Oceanic FIR,52.2283,110.6868
Auckland Oceanic FIR,53.3395,110.71
Auckland Oceanic FIR,54.4507,110.7243
Auckland Oceanic FIR,55.562,110.7324
Auckland Oceanic FIR,56.6732,110.7361
Auckland Oceanic FIR,57.7845,110.7368
Auckland Oceanic FIR,58.8957,110.7368
Auckland Oceanic FIR,60.0069,110.7368
Auckland Oceanic FIR,61.1182,110.7368
Auckland Oceanic FIR,62.2294,110.7368
Auckland Oceanic FIR,63.3407,110.7368
Auckland Oceanic FIR,64.4519,110.7368
Auckland Oceanic FIR,65.5631,110.7368
Auckland Oceanic FIR,66.6744,110.7368
Auckland Oceanic FIR,67.7856,110.7368
Auckland Oceanic FIR,68.8969,110.7368
Auckland Oceanic FIR,70.0081,110.7368
Auckland Oceanic FIR,71.1193,110.7368
Auckland Oceanic FIR,72.2306,110.7368
Auckland Oceanic FIR,73.3418,110.7368
Auckland Oceanic FIR,74.4531,110.7368
Auckland Oceanic FIR,75.5643,110.7368
Auckland Oceanic FIR,76.6755,110.7368
Auckland Oceanic FIR,77.7868,110.7368
Auckland Oceanic FIR,78.898,110.7368
Auckland Oceanic FIR,80.0093,110.7367
Auckland Oceanic FIR,81.1205,110.736
Auckland Oceanic FIR,82.2317,110.7327
Auckland Oceanic FIR,83.343,110.7238
Auckland Oceanic FIR,84.4542,110.7049
Auckland Oceanic FIR,85.5655,110.671
Auckland Oceanic FIR,86.6767,110.6167
Auckland Oceanic FIR,87.7879,110.5368
Auckland Oceanic FIR,88.8992,110.4248
Auckland Oceanic FIR,90.0104,110.2638
Auckland Oceanic FIR,91.1217,110.0473
Auckland Oceanic FIR,92.2329,109.767
Auckland Oceanic FIR,93.3441,109.3988
Auckland Oceanic FIR,94.4554,108.8967
Auckland Oceanic FIR,95.5666,108.2362
Auckland Oceanic FIR,96.6779,107.3324
Auckland Oceanic FIR,97.7891,106.0226
Auckland Oceanic FIR,98.9003,104.0696
Kabul FIR,0.0,1.9365
Kabul FIR,1.1115,43.3721
Kabul FIR,2.223,60.7969
Kabul FIR,3.3345,72.6904
Kabul FIR,4.446,81.1612
Kabul FIR,5.5575,87.258
Kabul FIR,6.669,91.7132
Kabul FIR,7.7805,94.9622
Kabul FIR,8.892,97.3967
Kabul FIR,10.0035,99.2335
Kabul FIR,11.115,100.5498
Kabul FIR,12.2265,101.4963
Kabul FIR,13.338,102.1597
Kabul FIR,14.4495,102.6202
Kabul FIR,15.561,102.9121
Kabul FIR,16.6725,103.0748
Kabul FIR,17.784,103.1538
Kabul FIR,18.8954,103.1794
Kabul FIR,20.0069,103.1842
Kabul FIR,21.1184,103.1843
Kabul FIR,22.2299,103.1843
Kabul FIR,23.3414,103.1843
Kabul FIR,24.4529,103.1843
Kabul FIR,25.5644,103.1843
Kabul FIR,26.6759,103.1843
Kabul FIR,27.7874,103.1843
Kabul FIR,28.8989,103.1843
Kabul FIR,30.0104,103.1843
Kabul FIR,31.1219,103.1843
Kabul FIR,32.2334,103.1843
Kabul FIR,33.3449,103.1843
Kabul FIR,34.4564,103.1843
Kabul FIR,35.5679,103.1843
Kabul FIR,36.6794,103.1843
Kabul FIR,37.7909,103.1843
Kabul FIR,38.9024,103.1843
Kabul FIR,40.0139,103.1843
Kabul FIR,41.1254,103.1843
Kabul FIR,42.2369,103.1843
Kabul FIR,43.3484,103.1843
Kabul FIR,44.4599,103.1843
Kabul FIR,45.5714,103.1843
Kabul FIR,46.6829,103.1843
Kabul FIR,47.7944,103.1843
Kabul FIR,48.9059,103.1843
Kabul FIR,50.0174,103.1843
Kabul FIR,51.1289,103.1843
Kabul FIR,52.2404,103.1843
Kabul FIR,53.3519,103.1843
Kabul FIR,54.4634,103.1843
Kabul FIR,55.5749,103.1843
Kabul FIR,56.6863,103.1843
Kabul FIR,57.7978,103.1843
Kabul FIR,58.9093,103.1843
Kabul FIR,60.0208,103.1843
Kabul FIR,61.1323,103.1843
Kabul FIR,62.2438,103.1843
Kabul FIR,63.3553,103.1843
Kabul FIR,64.4668,103.1843
Kabul FIR,65.5783,103.1843
Kabul FIR,66.6898,103.1843
Kabul FIR,67.8013,103.1843
Kabul FIR,68.9128,103.1843
Kabul FIR,70.0243,103.1843
Kabul FIR,71.1358,103.1843
Kabul FIR,72.2473,103.1843
Kabul FIR,73.3588,103.1843
Kabul FIR,74.4703,103.1843
Kabul FIR,75.5818,103.1843
Kabul FIR,76.6933,103.1843
Kabul FIR,77.8048,103.1843
Kabul FIR,78.9163,103.1843
Kabul FIR,80.0278,103.1843
Kabul FIR,81.1393,103.1843
Kabul FIR,82.2508,103.1843
Kabul FIR,83.3623,103.1843
Kabul FIR,84.4738,103.1843
Kabul FIR,85.5853,103.1843
Kabul FIR,86.6968,103.1843
Kabul FIR,87.8083,103.1843
Kabul FIR,88.9198,103.1843
Kabul FIR,90.0313,103.1843
Kabul FIR,91.1428,103.1843
Kabul FIR,92.2543,103.1843
Kabul FIR,93.3658,103.1843
Kabul FIR,94.4772,103.1843
Kabul FIR,95.5887,103.1833
Kabul FIR,96.7002,103.1628
Kabul FIR,97.8117,103.0308
Kabul FIR,98.9232,102.5207
Bahrain FIR,0.0,3.2052
Bahrain FIR,1.1112,78.9601
Bahrain FIR,2.2225,104.5088
Bahrain FIR,3.3337,117.9945
Bahrain FIR,4.445,124.3607
Bahrain FIR,5.5562,127.1905
Bahrain FIR,6.6674,128.3971
Bahrain FIR,7.7787,128.8501
Bahrain FIR,8.8899,128.9441
Bahrain FIR,10.0012,128.9489
Bahrain FIR,11.1124,128.9489
Bahrain FIR,12.2236,128.9489
Bahrain FIR,13.3349,128.9489
Bahrain FIR,14.4461,128.9489
Bahrain FIR,15.5574,128.9489
Bahrain FIR,16.6686,128.9489
Bahrain FIR,17.7798,128.9489
Bahrain FIR,18.8911,128.9489
Bahrain FIR,20.0023,128.9489
Bahrain FIR,21.1136,128.9489
Bahrain FIR,22.2248,128.9489
Bahrain FIR,23.336,128.9489
Bahrain FIR,24.4473,128.9489
Bahrain FIR,25.5585,128.9489
Bahrain FIR,26.6698,128.9489
Bahrain FIR,27.781,128.9489
Bahrain FIR,28.8922,128.9489
Bahrain FIR,30.0035,128.9489
Bahrain FIR,31.1147,128.9489
Bahrain FIR,32.226,128.9489
Bahrain FIR,33.3372,128.9489
Bahrain FIR,34.4484,128.9489
Bahrain FIR,35.5597,128.9489
Bahrain FIR,36.6709,128.9489
Bahrain FIR,37.7822,128.9489
Bahrain FIR,38.8934,128.9489
Bahrain FIR,40.0046,128.9489
Bahrain FIR,41.1159,128.9489
Bahrain FIR,42.2271,128.9489
Bahrain FIR,43.3383,128.9489
Bahrain FIR,44.4496,128.9489
Bahrain FIR,45.5608,128.9489
Bahrain FIR,46.6721,128.9489
Bahrain FIR,47.7833,128.9489
Bahrain FIR,48.8945,128.9489
Bahrain FIR,50.0058,128.9489
Bahrain FIR,51.117,128.9489
Bahrain FIR,52.2283,128.9489
Bahrain FIR,53.3395,128.9489
Bahrain FIR,54.4507,128.9489
Bahrain FIR,55.562,128.9489
Bahrain FIR,56.6732,128.9489
Bahrain FIR,57.7845,128.9489
Bahrain FIR,58.8957,128.9489
Bahrain FIR,60.0069,128.9489
Bahrain FIR,61.1182,128.9489
Bahrain FIR,62.2294,128.9489
Bahrain FIR,63.3407,128.9489
Bahrain FIR,64.4519,128.9489
Bahrain FIR,65.5631,128.9489
Bahrain FIR,66.6744,128.9489
Bahrain FIR,67.7856,128.9489
Bahrain FIR,68.8969,128.9489
Bahrain FIR,70.0081,128.9489
Bahrain FIR,71.1193,128.9489
Bahrain FIR,72.2306,128.9489
Bahrain FIR,73.3418,128.9489
Bahrain FIR,74.4531,128.9489
Bahrain FIR,75.5643,128.9489
Bahrain FIR,76.6755,128.9489
Bahrain FIR,77.7868,128.9489
Bahrain FIR,78.898,128.9489
Bahrain FIR,80.0093,128.9489
Bahrain FIR,81.1205,128.9489
Bahrain FIR,82.2317,128.9489
Bahrain FIR,83.343,128.9489
Bahrain FIR,84.4542,128.9489
Bahrain FIR,85.5655,128.9489
Bahrain FIR,86.6767,128.9489
Bahrain FIR,87.7879,128.9489
Bahrain FIR,88.8992,128.9489
Bahrain FIR,90.0104,128.9489
Bahrain FIR,91.1217,128.9489
Bahrain FIR,92.2329,128.9489
Bahrain FIR,93.3441,128.9489
Bahrain FIR,94.4554,128.9488
Bahrain FIR,95.5666,128.9371
Bahrain FIR,96.6779,128.7303
Bahrain FIR,97.7891,127.6447
Bahrain FIR,98.9003,123.4695
Jeddah FIR,0.0,1.2485
Jeddah FIR,1.1112,41.3301
Jeddah FIR,2.2225,58.8452
Jeddah FIR,3.3337,69.9462
Jeddah FIR,4.445,77.3655
Jeddah FIR,5.5562,82.8754
Jeddah FIR,6.6674,86.9276
Jeddah FIR,7.7787,90.0791
Jeddah FIR,8.8899,92.6724
Jeddah FIR,10.0012,94.778
Jeddah FIR,11.1124,96.5043
Jeddah FIR,12.2236,97.901
Jeddah FIR,13.3349,99.0295
Jeddah FIR,14.4461,99.9455
Jeddah FIR,15.5574,100.6847
Jeddah FIR,16.6686,101.2993
Jeddah FIR,17.7798,101.7876
Jeddah FIR,18.8911,102.1625
Jeddah FIR,20.0023,102.4497
Jeddah FIR,21.1136,102.6591
Jeddah FIR,22.2248,102.8083
Jeddah FIR,23.336,102.9096
Jeddah FIR,24.4473,102.9764
Jeddah FIR,25.5585,103.0188
Jeddah FIR,26.6698,103.0455
Jeddah FIR,27.781,103.0597
Jeddah FIR,28.8922,103.066
Jeddah FIR,30.0035,103.0679
Jeddah FIR,31.1147,103.0681
Jeddah FIR,32.226,103.0681
Jeddah FIR,33.3372,103.0681
Jeddah FIR,34.4484,103.0681
Jeddah FIR,35.5597,103.0681
Jeddah FIR,36.6709,103.0681
Jeddah FIR,37.7822,103.0681
Jeddah FIR,38.8934,103.0681
Jeddah FIR,40.0046,103.0681
Jeddah FIR,41.1159,103.0681
Jeddah FIR,42.2271,103.0681
Jeddah FIR,43.3383,103.0681
Jeddah FIR,44.4496,103.0681
Jeddah FIR,45.5608,103.0681
Jeddah FIR,46.6721,103.0681
Jeddah FIR,47.7833,103.0681
Jeddah FIR,48.8945,103.0681
Jeddah FIR,50.0058,103.0681
Jeddah FIR,51.117,103.0681
Jeddah FIR,52.2283,103.0681
Jeddah FIR,53.3395,103.0681
Jeddah FIR,54.4507,103.0681
Jeddah FIR,55.562,103.0681
Jeddah FIR,56.6732,103.0681
Jeddah FIR,57.7845,103.0681
Jeddah FIR,58.8957,103.0681
Jeddah FIR,60.0069,103.0681
Jeddah FIR,61.1182,103.0681
Jeddah FIR,62.2294,103.0681
Jeddah FIR,63.3407,103.0681
Jeddah FIR,64.4519,103.0681
Jeddah FIR,65.5631,103.0681
Jeddah FIR,66.6744,103.0681
Jeddah FIR,67.7856,103.0681
Jeddah FIR,68.8969,103.0681
Jeddah FIR,70.0081,103.0681
Jeddah FIR,71.1193,103.0681
Jeddah FIR,72.2306,103.0681
Jeddah FIR,73.3418,103.0681
Jeddah FIR,74.4531,103.0681
Jeddah FIR,75.5643,103.0681
Jeddah FIR,76.6755,103.0681
Jeddah FIR,77.7868,103.0681
Jeddah FIR,78.898,103.0681
Jeddah FIR,80.0093,103.0681
Jeddah FIR,81.1205,103.0681
Jeddah FIR,82.2317,103.0681
Jeddah FIR,83.343,103.0681
Jeddah FIR,84.4542,103.0681
Jeddah FIR,85.5655,103.0681
Jeddah FIR,86.6767,103.0681
Jeddah FIR,87.7879,103.0681
Jeddah FIR,88.8992,103.0681
Jeddah FIR,90.0104,103.0681
Jeddah FIR,91.1217,103.0681
Jeddah FIR,92.2329,103.0681
Jeddah FIR,93.3441,103.0681
Jeddah FIR,94.4554,103.0681
Jeddah FIR,95.5666,103.0677
Jeddah FIR,96.6779,103.0619
Jeddah FIR,97.7891,103.0202
Jeddah FIR,98.9003,102.7599
Tehran FIR,0.0,0.8962
Tehran FIR,1.1112,35.0637
Tehran FIR,2.2225,54.6199
Tehran FIR,3.3337,67.7655
Tehran FIR,4.445,77.9958
Tehran FIR,5.5562,85.9463
Tehran FIR,6.6674,92.233
Tehran FIR,7.7787,97.3421
Tehran FIR,8.8899,101.5772
Tehran FIR,10.0012,105.1281
Tehran FIR,11.1124,108.0877
Tehran FIR,12.2236,110.528
Tehran FIR,13.3349,112.5107
Tehran FIR,14.4461,114.1442
Tehran FIR,15.5574,115.5022
Tehran FIR,16.6686,116.6266
Tehran FIR,17.7798,117.5416
Tehran FIR,18.8911,118.2954
Tehran FIR,20.0023,118.8981
Tehran FIR,21.1136,119.3771
Tehran FIR,22.2248,119.7458
Tehran FIR,23.336,120.0329
Tehran FIR,24.4473,120.2474
Tehran FIR,25.5585,120.4071
Tehran FIR,26.6698,120.5162
Tehran FIR,27.781,120.5919
Tehran FIR,28.8922,120.6431
Tehran FIR,30.0035,120.6735
Tehran FIR,31.1147,120.6903
Tehran FIR,32.226,120.6984
Tehran FIR,33.3372,120.7013
Tehran FIR,34.4484,120.7019
Tehran FIR,35.5597,120.7019
Tehran FIR,36.6709,120.7019
Tehran FIR,37.7822,120.7019
Tehran FIR,38.8934,120.7019
Tehran FIR,40.0046,120.7019
Tehran FIR,41.1159,120.7019
Tehran FIR,42.2271,120.7019
Tehran FIR,43.3383,120.7019
Tehran FIR,44.4496,120.7019
Tehran FIR,45.5608,120.7019
Tehran FIR,46.6721,120.7019
Tehran FIR,47.7833,120.7019
Tehran FIR,48.8945,120.7019
Tehran FIR,50.0058,120.7019
Tehran FIR,51.117,120.7019
Tehran FIR,52.2283,120.7019
Tehran FIR,53.3395,120.7019
Tehran FIR,54.4507,120.7019
Tehran FIR,55.562,120.7019
Tehran FIR,56.6732,120.7019
Tehran FIR,57.7845,120.7019
Tehran FIR,58.8957,120.7019
Tehran FIR,60.0069,120.7019
Tehran FIR,61.1182,120.7019
Tehran FIR,62.2294,120.7019
Tehran FIR,63.3407,120.7019
Tehran FIR,64.4519,120.7019
Tehran FIR,65.5631,120.7019
Tehran FIR,66.6744,120.7019
Tehran FIR,67.7856,120.7019
Tehran FIR,68.8969,120.7019
Tehran FIR,70.0081,120.7019
Tehran FIR,71.1193,120.7019
Tehran FIR,72.2306,120.7019
Tehran FIR,73.3418,120.7019
Tehran FIR,74.4531,120.7019
Tehran FIR,75.5643,120.7019
Tehran FIR,76.6755,120.7019
Tehran FIR,77.7868,120.7019
Tehran FIR,78.898,120.7019
Tehran FIR,80.0093,120.7019
Tehran FIR,81.1205,120.7019
Tehran FIR,82.2317,120.7019
Tehran FIR,83.343,120.7019
Tehran FIR,84.4542,120.7019
Tehran FIR,85.5655,120.7019
Tehran FIR,86.6767,120.7012
Tehran FIR,87.7879,120.6957
Tehran FIR,88.8992,120.675
Tehran FIR,90.0104,120.6182
Tehran FIR,91.1217,120.5001
Tehran FIR,92.2329,120.2957
Tehran FIR,93.3441,119.9511
Tehran FIR,94.4554,119.3732
Tehran FIR,95.5666,118.4373
Tehran FIR,96.6779,116.9878
Tehran FIR,97.7891,114.5898
Tehran FIR,98.9003,110.5346
Amman FIR,0.0,4.5143
Amman FIR,1.1112,85.1716
Amman FIR,2.2225,102.7376
Amman FIR,3.3337,108.7764
Amman FIR,4.445,110.1224
Amman FIR,5.5562,110.2647
Amman FIR,6.6674,110.2656
Amman FIR,7.7787,110.2656
Amman FIR,8.8899,110.2656
Amman FIR,10.0012,110.2656
Amman FIR,11.1124,110.2656
Amman FIR,12.2236,110.2656
Amman FIR,13.3349,110.2656
Amman FIR,14.4461,110.2656
Amman FIR,15.5574,110.2656
Amman FIR,16.6686,110.2656
Amman FIR,17.7798,110.2656
Amman FIR,18.8911,110.2656
Amman FIR,20.0023,110.2656
Amman FIR,21.1136,110.2656
Amman FIR,22.2248,110.2656
Amman FIR,23.336,110.2656
Amman FIR,24.4473,110.2656
Amman FIR,25.5585,110.2656
Amman FIR,26.6698,110.2656
Amman FIR,27.781,110.2656
Amman FIR,28.8922,110.2656
Amman FIR,30.0035,110.2656
Amman FIR,31.1147,110.2656
Amman FIR,32.226,110.2656
Amman FIR,33.3372,110.2656
Amman FIR,34.4484,110.2656
Amman FIR,35.5597,110.2656
Amman FIR,36.6709,110.2656
Amman FIR,37.7822,110.2656
Amman FIR,38.8934,110.2656
Amman FIR,40.0046,110.2656
Amman FIR,41.1159,110.2656
Amman FIR,42.2271,110.2656
Amman FIR,43.3383,110.2656
Amman FIR,44.4496,110.2656
Amman FIR,45.5608,110.2656
Amman FIR,46.6721,110.2656
Amman FIR,47.7833,110.2656
Amman FIR,48.8945,110.2656
Amman FIR,50.0058,110.2656
Amman FIR,51.117,110.2656
Amman FIR,52.2283,110.2656
Amman FIR,53.3395,110.2656
Amman FIR,54.4507,110.2656
Amman FIR,55.562,110.2656
Amman FIR,56.6732,110.2656
Amman FIR,57.7845,110.2656
Amman FIR,58.8957,110.2656
Amman FIR,60.0069,110.2656
Amman FIR,61.1182,110.2656
Amman FIR,62.2294,110.2656
Amman FIR,63.3407,110.2656
Amman FIR,64.4519,110.2656
Amman FIR,65.5631,110.2656
Amman FIR,66.6744,110.2656
Amman FIR,67.7856,110.2656
Amman FIR,68.8969,110.2656
Amman FIR,70.0081,110.2656
Amman FIR,71.1193,110.2656
Amman FIR,72.2306,110.2656
Amman FIR,73.3418,110.2656
Amman FIR,74.4531,110.2656
Amman FIR,75.5643,110.2656
Amman FIR,76.6755,110.2656
Amman FIR,77.7868,110.2656
Amman FIR,78.898,110.2656
Amman FIR,80.0093,110.2656
Amman FIR,81.1205,110.2656
Amman FIR,82.2317,110.2656
Amman FIR,83.343,110.2656
Amman FIR,84.4542,110.2656
Amman FIR,85.5655,110.2656
Amman FIR,86.6767,110.2656
Amman FIR,87.7879,110.2656
Amman FIR,88.8992,110.2656
Amman FIR,90.0104,110.2656
Amman FIR,91.1217,110.2656
Amman FIR,92.2329,110.2656
Amman FIR,93.3441,110.2656
Amman FIR,94.4554,110.2656
Amman FIR,95.5666,110.2656
Amman FIR,96.6779,110.2656
Amman FIR,97.7891,110.2656
Amman FIR,98.9003,110.2298
Kuwait FIR,0.0,3.5623
Kuwait FIR,1.1112,91.6518
Kuwait FIR,2.2225,114.5488
Kuwait FIR,3.3337,123.4468
Kuwait FIR,4.445,127.0895
Kuwait FIR,5.5562,128.4549
Kuwait FIR,6.6674,128.7186
Kuwait FIR,7.7787,128.725
Kuwait FIR,8.8899,128.725
Kuwait FIR,10.0012,128.725
Kuwait FIR,11.1124,128.725
Kuwait FIR,12.2236,128.725
Kuwait FIR,13.3349,128.725
Kuwait FIR,14.4461,128.725
Kuwait FIR,15.5574,128.725
Kuwait FIR,16.6686,128.725
Kuwait FIR,17.7798,128.725
Kuwait FIR,18.8911,128.725
Kuwait FIR,20.0023,128.725
Kuwait FIR,21.1136,128.725
Kuwait FIR,22.2248,128.725
Kuwait FIR,23.336,128.725
Kuwait FIR,24.4473,128.725
Kuwait FIR,25.5585,128.725
Kuwait FIR,26.6698,128.725
Kuwait FIR,27.781,128.725
Kuwait FIR,28.8922,128.725
Kuwait FIR,30.0035,128.725
Kuwait FIR,31.1147,128.725
Kuwait FIR,32.226,128.725
Kuwait FIR,33.3372,128.725
Kuwait FIR,34.4484,128.725
Kuwait FIR,35.5597,128.725
Kuwait FIR,36.6709,128.725
Kuwait FIR,37.7822,128.725
Kuwait FIR,38.8934,128.725
Kuwait FIR,40.0046,128.725
Kuwait FIR,41.1159,128.725
Kuwait FIR,42.2271,128.725
Kuwait FIR,43.3383,128.725
Kuwait FIR,44.4496,128.725
Kuwait FIR,45.5608,128.725
Kuwait FIR,46.6721,128.725
Kuwait FIR,47.7833,128.725
Kuwait FIR,48.8945,128.725
Kuwait FIR,50.0058,128.725
Kuwait FIR,51.117,128.725
Kuwait FIR,52.2283,128.725
Kuwait FIR,53.3395,128.725
Kuwait FIR,54.4507,128.725
Kuwait FIR,55.562,128.725
Kuwait FIR,56.6732,128.725
Kuwait FIR,57.7845,128.725
Kuwait FIR,58.8957,128.725
Kuwait FIR,60.0069,128.725
Kuwait FIR,61.1182,128.725
Kuwait FIR,62.2294,128.725
Kuwait FIR,63.3407,128.725
Kuwait FIR,64.4519,128.725
Kuwait FIR,65.5631,128.725
Kuwait FIR,66.6744,128.725
Kuwait FIR,67.7856,128.725
Kuwait FIR,68.8969,128.725
Kuwait FIR,70.0081,128.725
Kuwait FIR,71.1193,128.725
Kuwait FIR,72.2306,128.725
Kuwait FIR,73.3418,128.725
Kuwait FIR,74.4531,128.725
Kuwait FIR,75.5643,128.725
Kuwait FIR,76.6755,128.725
Kuwait FIR,77.7868,128.725
Kuwait FIR,78.898,128.725
Kuwait FIR,80.0093,128.725
Kuwait FIR,81.1205,128.725
Kuwait FIR,82.2317,128.725
Kuwait FIR,83.343,128.725
Kuwait FIR,84.4542,128.725
Kuwait FIR,85.5655,128.725
Kuwait FIR,86.6767,128.725
Kuwait FIR,87.7879,128.725
Kuwait FIR,88.8992,128.725
Kuwait FIR,90.0104,128.725
Kuwait FIR,91.1217,128.725
Kuwait FIR,92.2329,128.725
Kuwait FIR,93.3441,128.725
Kuwait FIR,94.4554,128.725
Kuwait FIR,95.5666,128.725
Kuwait FIR,96.6779,128.7184
Kuwait FIR,97.7891,128.2311
Kuwait FIR,98.9003,125.0097
Beirut FIR,0.0,8.4635
Beirut FIR,1.1158,111.3676
Beirut FIR,2.2315,116.2097
Beirut FIR,3.3473,116.2225
Beirut FIR,4.463,116.2225
Beirut FIR,5.5788,116.2225
Beirut FIR,6.6946,116.2225
Beirut FIR,7.8103,116.2225
Beirut FIR,8.9261,116.2225
Beirut FIR,10.0418,116.2225
Beirut FIR,11.1576,116.2225
Beirut FIR,12.2734,116.2225
Beirut FIR,13.3891,116.2225
Beirut FIR,14.5049,116.2225
Beirut FIR,15.6206,116.2225
Beirut FIR,16.7364,116.2225
Beirut FIR,17.8522,116.2225
Beirut FIR,18.9679,116.2225
Beirut FIR,20.0837,116.2225
Beirut FIR,21.1994,116.2225
Beirut FIR,22.3152,116.2225
Beirut FIR,23.431,116.2225
Beirut FIR,24.5467,116.2225
Beirut FIR,25.6625,116.2225
Beirut FIR,26.7782,116.2225
Beirut FIR,27.894,116.2225
Beirut FIR,29.0098,116.2225
Beirut FIR,30.1255,116.2225
Beirut FIR,31.2413,116.2225
Beirut FIR,32.357,116.2225
Beirut FIR,33.4728,116.2225
Beirut FIR,34.5886,116.2225
Beirut FIR,35.7043,116.2225
Beirut FIR,36.8201,116.2225
Beirut FIR,37.9358,116.2225
Beirut FIR,39.0516,116.2225
Beirut FIR,40.1674,116.2225
Beirut FIR,41.2831,116.2225
Beirut FIR,42.3989,116.2225
Beirut FIR,43.5146,116.2225
Beirut FIR,44.6304,116.2225
Beirut FIR,45.7462,116.2225
Beirut FIR,46.8619,116.2225
Beirut FIR,47.9777,116.2225
Beirut FIR,49.0934,116.2225
Beirut FIR,50.2092,116.2225
Beirut FIR,51.325,116.2225
Beirut FIR,52.4407,116.2225
Beirut FIR,53.5565,116.2225
Beirut FIR,54.6722,116.2225
Beirut FIR,55.788,116.2225
Beirut FIR,56.9038,116.2225
Beirut FIR,58.0195,116.2225
Beirut FIR,59.1353,116.2225
Beirut FIR,60.251,116.2225
Beirut FIR,61.3668,116.2225
Beirut FIR,62.4826,116.2225
Beirut FIR,63.5983,116.2225
Beirut FIR,64.7141,116.2225
Beirut FIR,65.8298,116.2225
Beirut FIR,66.9456,116.2225
Beirut FIR,68.0614,116.2225
Beirut FIR,69.1771,116.2225
Beirut FIR,70.2929,116.2225
Beirut FIR,71.4086,116.2225
Beirut FIR,72.5244,116.2225
Beirut FIR,73.6402,116.2225
Beirut FIR,74.7559,116.2225
Beirut FIR,75.8717,116.2225
Beirut FIR,76.9874,116.2225
Beirut FIR,78.1032,116.2225
Beirut FIR,79.219,116.2225
Beirut FIR,80.3347,116.2225
Beirut FIR,81.4505,116.2225
Beirut FIR,82.5662,116.2225
Beirut FIR,83.682,116.2225
Beirut FIR,84.7978,116.2225
Beirut FIR,85.9135,116.2225
Beirut FIR,87.0293,116.2225
Beirut FIR,88.145,116.2225
Beirut FIR,89.2608,116.2225
Beirut FIR,90.3766,116.2225
Beirut FIR,91.4923,116.2225
Beirut FIR,92.6081,116.2225
Beirut FIR,93.7238,116.2225
Beirut FIR,94.8396,116.2225
Beirut FIR,95.9554,116.2225
Beirut FIR,97.0711,116.2225
Beirut FIR,98.1869,116.2225
Beirut FIR,99.3026,115.9786
Emirates FIR,0.0,2.3952
Emirates FIR,1.1112,65.664
Emirates FIR,2.2225,89.6839
Emirates FIR,3.3337,101.9097
Emirates FIR,4.445,107.5826
Emirates FIR,5.5562,109.9285
Emirates FIR,6.6674,111.0595
Emirates FIR,7.7787,111.4995
Emirates FIR,8.8899,111.6368
Emirates FIR,10.0012,111.6526
Emirates FIR,11.1124,111.6527
Emirates FIR,12.2236,111.6527
Emirates FIR,13.3349,111.6527
Emirates FIR,14.4461,111.6527
Emirates FIR,15.5574,111.6527
Emirates FIR,16.6686,111.6527
Emirates FIR,17.7798,111.6527
Emirates FIR,18.8911,111.6527
Emirates FIR,20.0023,111.6527
Emirates FIR,21.1136,111.6527
Emirates FIR,22.2248,111.6527
Emirates FIR,23.336,111.6527
Emirates FIR,24.4473,111.6527
Emirates FIR,25.5585,111.6527
Emirates FIR,26.6698,111.6527
Emirates FIR,27.781,111.6527
Emirates FIR,28.8922,111.6527
Emirates FIR,30.0035,111.6527
Emirates FIR,31.1147,111.6527
Emirates FIR,32.226,111.6527
Emirates FIR,33.3372,111.6527
Emirates FIR,34.4484,111.6527
Emirates FIR,35.5597,111.6527
Emirates FIR,36.6709,111.6527
Emirates FIR,37.7822,111.6527
Emirates FIR,38.8934,111.6527
Emirates FIR,40.0046,111.6527
Emirates FIR,41.1159,111.6527
Emirates FIR,42.2271,111.6527
Emirates FIR,43.3383,111.6527
Emirates FIR,44.4496,111.6527
Emirates FIR,45.5608,111.6527
Emirates FIR,46.6721,111.6527
Emirates FIR,47.7833,111.6527
Emirates FIR,48.8945,111.6527
Emirates FIR,50.0058,111.6527
Emirates FIR,51.117,111.6527
Emirates FIR,52.2283,111.6527
Emirates FIR,53.3395,111.6527
Emirates FIR,54.4507,111.6527
Emirates FIR,55.562,111.6527
Emirates FIR,56.6732,111.6527
Emirates FIR,57.7845,111.6527
Emirates FIR,58.8957,111.6527
Emirates FIR,60.0069,111.6527
Emirates FIR,61.1182,111.6527
Emirates FIR,62.2294,111.6527
Emirates FIR,63.3407,111.6527
Emirates FIR,64.4519,111.6527
Emirates FIR,65.5631,111.6527
Emirates FIR,66.6744,111.6527
Emirates FIR,67.7856,111.6527
Emirates FIR,68.8969,111.6527
Emirates FIR,70.0081,111.6527
Emirates FIR,71.1193,111.6527
Emirates FIR,72.2306,111.6527
Emirates FIR,73.3418,111.6527
Emirates FIR,74.4531,111.6527
Emirates FIR,75.5643,111.6527
Emirates FIR,76.6755,111.6527
Emirates FIR,77.7868,111.6527
Emirates FIR,78.898,111.6527
Emirates FIR,80.0093,111.6527
Emirates FIR,81.1205,111.6527
Emirates FIR,82.2317,111.6527
Emirates FIR,83.343,111.6527
Emirates FIR,84.4542,111.6527
Emirates FIR,85.5655,111.6527
Emirates FIR,86.6767,111.6527
Emirates FIR,87.7879,111.6527
Emirates FIR,88.8992,111.6527
Emirates FIR,90.0104,111.6527
Emirates FIR,91.1217,111.6527
Emirates FIR,92.2329,111.6527
Emirates FIR,93.3441,111.6527
Emirates FIR,94.4554,111.6527
Emirates FIR,95.5666,111.6527
Emirates FIR,96.6779,111.6494
Emirates FIR,97.7891,111.4695
Emirates FIR,98.9003,110.1375
Muscat FIR,0.0,2.5289
Muscat FIR,1.1112,47.3177
Muscat FIR,2.2225,65.5289
Muscat FIR,3.3337,77.2153
Muscat FIR,4.445,85.6894
Muscat FIR,5.5562,91.7239
Muscat FIR,6.6674,96.1335
Muscat FIR,7.7787,99.3832
Muscat FIR,8.8899,101.7717
Muscat FIR,10.0012,103.6109
Muscat FIR,11.1124,105.0129
Muscat FIR,12.2236,106.0481
Muscat FIR,13.3349,106.8122
Muscat FIR,14.4461,107.3601
Muscat FIR,15.5574,107.7294
Muscat FIR,16.6686,107.9767
Muscat FIR,17.7798,108.1262
Muscat FIR,18.8911,108.214
Muscat FIR,20.0023,108.2621
Muscat FIR,21.1136,108.287
Muscat FIR,22.2248,108.2979
Muscat FIR,23.336,108.3009
Muscat FIR,24.4473,108.3013
Muscat FIR,25.5585,108.3013
Muscat FIR,26.6698,108.3013
Muscat FIR,27.781,108.3013
Muscat FIR,28.8922,108.3013
Muscat FIR,30.0035,108.3013
Muscat FIR,31.1147,108.3013
Muscat FIR,32.226,108.3013
Muscat FIR,33.3372,108.3013
Muscat FIR,34.4484,108.3013
Muscat FIR,35.5597,108.3013
Muscat FIR,36.6709,108.3013
Muscat FIR,37.7822,108.3013
Muscat FIR,38.8934,108.3013
Muscat FIR,40.0046,108.3013
Muscat FIR,41.1159,108.3013
Muscat FIR,42.2271,108.3013
Muscat FIR,43.3383,108.3013
Muscat FIR,44.4496,108.3013
Muscat FIR,45.5608,108.3013
Muscat FIR,46.6721,108.3013
Muscat FIR,47.7833,108.3013
Muscat FIR,48.8945,108.3013
Muscat FIR,50.0058,108.3013
Muscat FIR,51.117,108.3013
Muscat FIR,52.2283,108.3013
Muscat FIR,53.3395,108.3013
Muscat FIR,54.4507,108.3013
Muscat FIR,55.562,108.3013
Muscat FIR,56.6732,108.3013
Muscat FIR,57.7845,108.3013
Muscat FIR,58.8957,108.3013
Muscat FIR,60.0069,108.3013
Muscat FIR,61.1182,108.3013
Muscat FIR,62.2294,108.3013
Muscat FIR,63.3407,108.3013
Muscat FIR,64.4519,108.3013
Muscat FIR,65.5631,108.3013
Muscat FIR,66.6744,108.3013
Muscat FIR,67.7856,108.3013
Muscat FIR,68.8969,108.3013
Muscat FIR,70.0081,108.3013
Muscat FIR,71.1193,108.3013
Muscat FIR,72.2306,108.3013
Muscat FIR,73.3418,108.3013
Muscat FIR,74.4531,108.3013
Muscat FIR,75.5643,108.3013
Muscat FIR,76.6755,108.3013
Muscat FIR,77.7868,108.3013
Muscat FIR,78.898,108.3013
Muscat FIR,80.0093,108.3013
Muscat FIR,81.1205,108.3013
Muscat FIR,82.2317,108.3013
Muscat FIR,83.343,108.3013
Muscat FIR,84.4542,108.3013
Muscat FIR,85.5655,108.3013
Muscat FIR,86.6767,108.3013
Muscat FIR,87.7879,108.3013
Muscat FIR,88.8992,108.3013
Muscat FIR,90.0104,108.3013
Muscat FIR,91.1217,108.3013
Muscat FIR,92.2329,108.3013
Muscat FIR,93.3441,108.3011
Muscat FIR,94.4554,108.297
Muscat FIR,95.5666,108.2648
Muscat FIR,96.6779,108.1464
Muscat FIR,97.7891,107.7627
Muscat FIR,98.9003,106.4466
Karachi FIR,0.0,1.567
Karachi FIR,1.1112,47.2982
Karachi FIR,2.2225,67.6008
Karachi FIR,3.3337,80.726
Karachi FIR,4.445,89.6847
Karachi FIR,5.5562,95.6052
Karachi FIR,6.6674,99.7611
Karachi FIR,7.7787,102.8015
Karachi FIR,8.8899,104.9654
Karachi FIR,10.0012,106.5947
Karachi FIR,11.1124,107.813
Karachi FIR,12.2236,108.7013
Karachi FIR,13.3349,109.3621
Karachi FIR,14.4461,109.8412
Karachi FIR,15.5574,110.1789
Karachi FIR,16.6686,110.4088
Karachi FIR,17.7798,110.5546
Karachi FIR,18.8911,110.6381
Karachi FIR,20.0023,110.678
Karachi FIR,21.1136,110.6961
Karachi FIR,22.2248,110.7012
Karachi FIR,23.336,110.7017
Karachi FIR,24.4473,110.7017
Karachi FIR,25.5585,110.7017
Karachi FIR,26.6698,110.7017
Karachi FIR,27.781,110.7017
Karachi FIR,28.8922,110.7017
Karachi FIR,30.0035,110.7017
Karachi FIR,31.1147,110.7017
Karachi FIR,32.226,110.7017
Karachi FIR,33.3372,110.7017
Karachi FIR,34.4484,110.7017
Karachi FIR,35.5597,110.7017
Karachi FIR,36.6709,110.7017
Karachi FIR,37.7822,110.7017
Karachi FIR,38.8934,110.7017
Karachi FIR,40.0046,110.7017
Karachi FIR,41.1159,110.7017
Karachi FIR,42.2271,110.7017
Karachi FIR,43.3383,110.7017
Karachi FIR,44.4496,110.7017
Karachi FIR,45.5608,110.7017
Karachi FIR,46.6721,110.7017
Karachi FIR,47.7833,110.7017
Karachi FIR,48.8945,110.7017
Karachi FIR,50.0058,110.7017
Karachi FIR,51.117,110.7017
Karachi FIR,52.2283,110.7017
Karachi FIR,53.3395,110.7017
Karachi FIR,54.4507,110.7017
Karachi FIR,55.562,110.7017
Karachi FIR,56.6732,110.7017
Karachi FIR,57.7845,110.7017
Karachi FIR,58.8957,110.7017
Karachi FIR,60.0069,110.7017
Karachi FIR,61.1182,110.7017
Karachi FIR,62.2294,110.7017
Karachi FIR,63.3407,110.7017
Karachi FIR,64.4519,110.7017
Karachi FIR,65.5631,110.7017
Karachi FIR,66.6744,110.7017
Karachi FIR,67.7856,110.7017
Karachi FIR,68.8969,110.7017
Karachi FIR,70.0081,110.7017
Karachi FIR,71.1193,110.7017
Karachi FIR,72.2306,110.7017
Karachi FIR,73.3418,110.7017
Karachi FIR,74.4531,110.7017
Karachi FIR,75.5643,110.7017
Karachi FIR,76.6755,110.7017
Karachi FIR,77.7868,110.7017
Karachi FIR,78.898,110.7017
Karachi FIR,80.0093,110.7017
Karachi FIR,81.1205,110.7017
Karachi FIR,82.2317,110.7017
Karachi FIR,83.343,110.7017
Karachi FIR,84.4542,110.7017
Karachi FIR,85.5655,110.7017
Karachi FIR,86.6767,110.7017
Karachi FIR,87.7879,110.7017
Karachi FIR,88.8992,110.7017
Karachi FIR,90.0104,110.7017
Karachi FIR,91.1217,110.7017
Karachi FIR,92.2329,110.7017
Karachi FIR,93.3441,110.7016
Karachi FIR,94.4554,110.6956
Karachi FIR,95.5666,110.644
Karachi FIR,96.6779,110.3918
Karachi FIR,97.7891,109.7432
Karachi FIR,98.9003,107.9593
Lahore FIR,0.0,2.2254
Lahore FIR,1.1115,56.3408
Lahore FIR,2.223,78.5275
Lahore FIR,3.3345,92.5006
Lahore FIR,4.446,101.276
Lahore FIR,5.5575,106.9969
Lahore FIR,6.669,110.9515
Lahore FIR,7.7805,113.7814
Lahore FIR,8.892,115.7597
Lahore FIR,10.0035,117.0572
Lahore FIR,11.115,117.8948
Lahore FIR,12.2265,118.3881
Lahore FIR,13.338,118.6459
Lahore FIR,14.4495,118.7743
Lahore FIR,15.561,118.8227
Lahore FIR,16.6725,118.8369
Lahore FIR,17.784,118.8383
Lahore FIR,18.8954,118.8383
Lahore FIR,20.0069,118.8383
Lahore FIR,21.1184,118.8383
Lahore FIR,22.2299,118.8383
Lahore FIR,23.3414,118.8383
Lahore FIR,24.4529,118.8383
Lahore FIR,25.5644,118.8383
Lahore FIR,26.6759,118.8383
Lahore FIR,27.7874,118.8383
Lahore FIR,28.8989,118.8383
Lahore FIR,30.0104,118.8383
Lahore FIR,31.1219,118.8383
Lahore FIR,32.2334,118.8383
Lahore FIR,33.3449,118.8383
Lahore FIR,34.4564,118.8383
Lahore FIR,35.5679,118.8383
Lahore FIR,36.6794,118.8383
Lahore FIR,37.7909,118.8383
Lahore FIR,38.9024,118.8383
Lahore FIR,40.0139,118.8383
Lahore FIR,41.1254,118.8383
Lahore FIR,42.2369,118.8383
Lahore FIR,43.3484,118.8383
Lahore FIR,44.4599,118.8383
Lahore FIR,45.5714,118.8383
Lahore FIR,46.6829,118.8383
Lahore FIR,47.7944,118.8383
Lahore FIR,48.9059,118.8383
Lahore FIR,50.0174,118.8383
Lahore FIR,51.1289,118.8383
Lahore FIR,52.2404,118.8383
Lahore FIR,53.3519,118.8383
Lahore FIR,54.4634,118.8383
Lahore FIR,55.5749,118.8383
Lahore FIR,56.6863,118.8383
Lahore FIR,57.7978,118.8383
Lahore FIR,58.9093,118.8383
Lahore FIR,60.0208,118.8383
Lahore FIR,61.1323,118.8383
Lahore FIR,62.2438,118.8383
Lahore FIR,63.3553,118.8383
Lahore FIR,64.4668,118.8383
Lahore FIR,65.5783,118.8383
Lahore FIR,66.6898,118.8383
Lahore FIR,67.8013,118.8383
Lahore FIR,68.9128,118.8383
Lahore FIR,70.0243,118.8383
Lahore FIR,71.1358,118.8383
Lahore FIR,72.2473,118.8383
Lahore FIR,73.3588,118.8383
Lahore FIR,74.4703,118.8383
Lahore FIR,75.5818,118.8383
Lahore FIR,76.6933,118.8383
Lahore FIR,77.8048,118.8383
Lahore FIR,78.9163,118.8383
Lahore FIR,80.0278,118.8383
Lahore FIR,81.1393,118.8383
Lahore FIR,82.2508,118.8383
Lahore FIR,83.3623,118.8383
Lahore FIR,84.4738,118.8383
Lahore FIR,85.5853,118.8383
Lahore FIR,86.6968,118.8383
Lahore FIR,87.8083,118.8383
Lahore FIR,88.9198,118.8383
Lahore FIR,90.0313,118.8383
Lahore FIR,91.1428,118.8383
Lahore FIR,92.2543,118.8383
Lahore FIR,93.3658,118.8382
Lahore FIR,94.4772,118.8297
Lahore FIR,95.5887,118.7429
Lahore FIR,96.7002,118.4065
Lahore FIR,97.8117,117.3864
Lahore FIR,98.9232,114.0366
Baghdad FIR,0.0,2.5524
Baghdad FIR,1.1112,54.3056
Baghdad FIR,2.2225,74.3874
Baghdad FIR,3.3337,87.2317
Baghdad FIR,4.445,95.4002
Baghdad FIR,5.5562,101.0896
Baghdad FIR,6.6674,105.2248
Baghdad FIR,7.7787,108.1231
Baghdad FIR,8.8899,110.2093
Baghdad FIR,10.0012,111.6282
Baghdad FIR,11.1124,112.6211
Baghdad FIR,12.2236,113.2939
Baghdad FIR,13.3349,113.7143
Baghdad FIR,14.4461,113.9722
Baghdad FIR,15.5574,114.1141
Baghdad FIR,16.6686,114.1812
Baghdad FIR,17.7798,114.2025
Baghdad FIR,18.8911,114.2059
Baghdad FIR,20.0023,114.2061
Baghdad FIR,21.1136,114.2061
Baghdad FIR,22.2248,114.2061
Baghdad FIR,23.336,114.2061
Baghdad FIR,24.4473,114.2061
Baghdad FIR,25.5585,114.2061
Baghdad FIR,26.6698,114.2061
Baghdad FIR,27.781,114.2061
Baghdad FIR,28.8922,114.2061
Baghdad FIR,30.0035,114.2061
Baghdad FIR,31.1147,114.2061
Baghdad FIR,32.226,114.2061
Baghdad FIR,33.3372,114.2061
Baghdad FIR,34.4484,114.2061
Baghdad FIR,35.5597,114.2061
Baghdad FIR,36.6709,114.2061
Baghdad FIR,37.7822,114.2061
Baghdad FIR,38.8934,114.2061
Baghdad FIR,40.0046,114.2061
Baghdad FIR,41.1159,114.2061
Baghdad FIR,42.2271,114.2061
Baghdad FIR,43.3383,114.2061
Baghdad FIR,44.4496,114.2061
Baghdad FIR,45.5608,114.2061
Baghdad FIR,46.6721,114.2061
Baghdad FIR,47.7833,114.2061
Baghdad FIR,48.8945,114.2061
Baghdad FIR,50.0058,114.2061
Baghdad FIR,51.117,114.2061
Baghdad FIR,52.2283,114.2061
Baghdad FIR,53.3395,114.2061
Baghdad FIR,54.4507,114.2061
Baghdad FIR,55.562,114.2061
Baghdad FIR,56.6732,114.2061
Baghdad FIR,57.7845,114.2061
Baghdad FIR,58.8957,114.2061
Baghdad FIR,60.0069,114.2061
Baghdad FIR,61.1182,114.2061
Baghdad FIR,62.2294,114.2061
Baghdad FIR,63.3407,114.2061
Baghdad FIR,64.4519,114.2061
Baghdad FIR,65.5631,114.2061
Baghdad FIR,66.6744,114.2061
Baghdad FIR,67.7856,114.2061
Baghdad FIR,68.8969,114.2061
Baghdad FIR,70.0081,114.2061
Baghdad FIR,71.1193,114.2061
Baghdad FIR,72.2306,114.2061
Baghdad FIR,73.3418,114.2061
Baghdad FIR,74.4531,114.2061
Baghdad FIR,75.5643,114.2061
Baghdad FIR,76.6755,114.2061
Baghdad FIR,77.7868,114.2061
Baghdad FIR,78.898,114.2061
Baghdad FIR,80.0093,114.2061
Baghdad FIR,81.1205,114.2061
Baghdad FIR,82.2317,114.2061
Baghdad FIR,83.343,114.2061
Baghdad FIR,84.4542,114.2061
Baghdad FIR,85.5655,114.2061
Baghdad FIR,86.6767,114.2061
Baghdad FIR,87.7879,114.2061
Baghdad FIR,88.8992,114.2061
Baghdad FIR,90.0104,114.2061
Baghdad FIR,91.1217,114.2061
Baghdad FIR,92.2329,114.2061
Baghdad FIR,93.3441,114.2061
Baghdad FIR,94.4554,114.2043
Baghdad FIR,95.5666,114.177
Baghdad FIR,96.6779,114.0384
Baghdad FIR,97.7891,113.5727
Baghdad FIR,98.9003,112.1279
Damascus FIR,0.0,3.7149
Damascus FIR,1.1112,60.2866
Damascus FIR,2.2225,82.1546
Damascus FIR,3.3337,94.8665
Damascus FIR,4.445,101.523
Damascus FIR,5.5562,105.3315
Damascus FIR,6.6674,107.4838
Damascus FIR,7.7787,108.6073
Damascus FIR,8.8899,109.1254
Damascus FIR,10.0012,109.318
Damascus FIR,11.1124,109.3602
Damascus FIR,12.2236,109.3623
Damascus FIR,13.3349,109.3624
Damascus FIR,14.4461,109.3624
Damascus FIR,15.5574,109.3624
Damascus FIR,16.6686,109.3624
Damascus FIR,17.7798,109.3624
Damascus FIR,18.8911,109.3624
Damascus FIR,20.0023,109.3624
Damascus FIR,21.1136,109.3624
Damascus FIR,22.2248,109.3624
Damascus FIR,23.336,109.3624
Damascus FIR,24.4473,109.3624
Damascus FIR,25.5585,109.3624
Damascus FIR,26.6698,109.3624
Damascus FIR,27.781,109.3624
Damascus FIR,28.8922,109.3624
Damascus FIR,30.0035,109.3624
Damascus FIR,31.1147,109.3624
Damascus FIR,32.226,109.3624
Damascus FIR,33.3372,109.3624
Damascus FIR,34.4484,109.3624
Damascus FIR,35.5597,109.3624
Damascus FIR,36.6709,109.3624
Damascus FIR,37.7822,109.3624
Damascus FIR,38.8934,109.3624
Damascus FIR,40.0046,109.3624
Damascus FIR,41.1159,109.3624
Damascus FIR,42.2271,109.3624
Damascus FIR,43.3383,109.3624
Damascus FIR,44.4496,109.3624
Damascus FIR,45.5608,109.3624
Damascus FIR,46.6721,109.3624
Damascus FIR,47.7833,109.3624
Damascus FIR,48.8945,109.3624
Damascus FIR,50.0058,109.3624
Damascus FIR,51.117,109.3624
Damascus FIR,52.2283,109.3624
Damascus FIR,53.3395,109.3624
Damascus FIR,54.4507,109.3624
Damascus FIR,55.562,109.3624
Damascus FIR,56.6732,109.3624
Damascus FIR,57.7845,109.3624
Damascus FIR,58.8957,109.3624
Damascus FIR,60.0069,109.3624
Damascus FIR,61.1182,109.3624
Damascus FIR,62.2294,109.3624
Damascus FIR,63.3407,109.3624
Damascus FIR,64.4519,109.3624
Damascus FIR,65.5631,109.3624
Damascus FIR,66.6744,109.3624
Damascus FIR,67.7856,109.3624
Damascus FIR,68.8969,109.3624
Damascus FIR,70.0081,109.3624
Damascus FIR,71.1193,109.3624
Damascus FIR,72.2306,109.3624
Damascus FIR,73.3418,109.3624
Damascus FIR,74.4531,109.3624
Damascus FIR,75.5643,109.3624
Damascus FIR,76.6755,109.3624
Damascus FIR,77.7868,109.3624
Damascus FIR,78.898,109.3624
Damascus FIR,80.0093,109.3624
Damascus FIR,81.1205,109.3624
Damascus FIR,82.2317,109.3624
Damascus FIR,83.343,109.3624
Damascus FIR,84.4542,109.3624
Damascus FIR,85.5655,109.3624
Damascus FIR,86.6767,109.3624
Damascus FIR,87.7879,109.3624
Damascus FIR,88.8992,109.3624
Damascus FIR,90.0104,109.3624
Damascus FIR,91.1217,109.3624
Damascus FIR,92.2329,109.3624
Damascus FIR,93.3441,109.3624
Damascus FIR,94.4554,109.3624
Damascus FIR,95.5666,109.3623
Damascus FIR,96.6779,109.3606
Damascus FIR,97.7891,109.2992
Damascus FIR,98.9003,108.577
Sanaa FIR,0.0,1.0817
Sanaa FIR,1.1114,38.1487
Sanaa FIR,2.2227,57.1111
Sanaa FIR,3.3341,69.3955
Sanaa FIR,4.4455,78.3233
Sanaa FIR,5.5568,85.0247
Sanaa FIR,6.6682,90.0963
Sanaa FIR,7.7796,93.8182
Sanaa FIR,8.8909,96.6772
Sanaa FIR,10.0023,98.9015
Sanaa FIR,11.1137,100.5448
Sanaa FIR,12.2251,101.7438
Sanaa FIR,13.3364,102.59
Sanaa FIR,14.4478,103.1571
Sanaa FIR,15.5592,103.508
Sanaa FIR,16.6705,103.7239
Sanaa FIR,17.7819,103.8463
Sanaa FIR,18.8933,103.9109
Sanaa FIR,20.0046,103.936
Sanaa FIR,21.116,103.9432
Sanaa FIR,22.2274,103.9443
Sanaa FIR,23.3387,103.9443
Sanaa FIR,24.4501,103.9443
Sanaa FIR,25.5615,103.9443
Sanaa FIR,26.6728,103.9443
Sanaa FIR,27.7842,103.9443
Sanaa FIR,28.8956,103.9443
Sanaa FIR,30.0069,103.9443
Sanaa FIR,31.1183,103.9443
Sanaa FIR,32.2297,103.9443
Sanaa FIR,33.3411,103.9443
Sanaa FIR,34.4524,103.9443
Sanaa FIR,35.5638,103.9443
Sanaa FIR,36.6752,103.9443
Sanaa FIR,37.7865,103.9443
Sanaa FIR,38.8979,103.9443
Sanaa FIR,40.0093,103.9443
Sanaa FIR,41.1206,103.9443
Sanaa FIR,42.232,103.9443
Sanaa FIR,43.3434,103.9443
Sanaa FIR,44.4547,103.9443
Sanaa FIR,45.5661,103.9443
Sanaa FIR,46.6775,103.9443
Sanaa FIR,47.7888,103.9443
Sanaa FIR,48.9002,103.9443
Sanaa FIR,50.0116,103.9443
Sanaa FIR,51.1229,103.9443
Sanaa FIR,52.2343,103.9443
Sanaa FIR,53.3457,103.9443
Sanaa FIR,54.4571,103.9443
Sanaa FIR,55.5684,103.9443
Sanaa FIR,56.6798,103.9443
Sanaa FIR,57.7912,103.9443
Sanaa FIR,58.9025,103.9443
Sanaa FIR,60.0139,103.9443
Sanaa FIR,61.1253,103.9443
Sanaa FIR,62.2366,103.9443
Sanaa FIR,63.348,103.9443
Sanaa FIR,64.4594,103.9443
Sanaa FIR,65.5707,103.9443
Sanaa FIR,66.6821,103.9443
Sanaa FIR,67.7935,103.9443
Sanaa FIR,68.9048,103.9443
Sanaa FIR,70.0162,103.9443
Sanaa FIR,71.1276,103.9443
Sanaa FIR,72.2389,103.9443
Sanaa FIR,73.3503,103.9443
Sanaa FIR,74.4617,103.9443
Sanaa FIR,75.573,103.9443
Sanaa FIR,76.6844,103.9443
Sanaa FIR,77.7958,103.9443
Sanaa FIR,78.9072,103.9443
Sanaa FIR,80.0185,103.9443
Sanaa FIR,81.1299,103.9443
Sanaa FIR,82.2413,103.9443
Sanaa FIR,83.3526,103.9443
Sanaa FIR,84.464,103.9443
Sanaa FIR,85.5754,103.9443
Sanaa FIR,86.6867,103.9443
Sanaa FIR,87.7981,103.9443
Sanaa FIR,88.9095,103.9443
Sanaa FIR,90.0208,103.9443
Sanaa FIR,91.1322,103.9443
Sanaa FIR,92.2436,103.9443
Sanaa FIR,93.3549,103.9443
Sanaa FIR,94.4663,103.9438
Sanaa FIR,95.5777,103.935
Sanaa FIR,96.689,103.8712
Sanaa FIR,97.8004,103.6567
Sanaa FIR,98.9118,103.0703
Alaska FIR,0.0,0.1626
Alaska FIR,1.1112,8.7057
Alaska FIR,2.2225,15.179
Alaska FIR,3.3337,20.7189
Alaska FIR,4.445,25.6043
Alaska FIR,5.5562,30.0333
Alaska FIR,6.6674,34.0986
Alaska FIR,7.7787,37.8819
Alaska FIR,8.8899,41.428
Alaska FIR,10.0012,44.7897
Alaska FIR,11.1124,47.9421
Alaska FIR,12.2236,50.9174
Alaska FIR,13.3349,53.7227
Alaska FIR,14.4461,56.3684
Alaska FIR,15.5574,58.8658
Alaska FIR,16.6686,61.2488
Alaska FIR,17.7798,63.5299
Alaska FIR,18.8911,65.6997
Alaska FIR,20.0023,67.7791
Alaska FIR,21.1136,69.7587
Alaska FIR,22.2248,71.6417
Alaska FIR,23.336,73.4421
Alaska FIR,24.4473,75.1692
Alaska FIR,25.5585,76.8213
Alaska FIR,26.6698,78.4064
Alaska FIR,27.781,79.9245
Alaska FIR,28.8922,81.3727
Alaska FIR,30.0035,82.7599
Alaska FIR,31.1147,84.0829
Alaska FIR,32.226,85.3518
Alaska FIR,33.3372,86.5696
Alaska FIR,34.4484,87.7317
Alaska FIR,35.5597,88.8386
Alaska FIR,36.6709,89.8908
Alaska FIR,37.7822,90.8857
Alaska FIR,38.8934,91.8276
Alaska FIR,40.0046,92.7271
Alaska FIR,41.1159,93.5849
Alaska FIR,42.2271,94.3972
Alaska FIR,43.3383,95.1674
Alaska FIR,44.4496,95.8984
Alaska FIR,45.5608,96.5927
Alaska FIR,46.6721,97.2486
Alaska FIR,47.7833,97.8679
Alaska FIR,48.8945,98.4572
Alaska FIR,50.0058,99.0155
Alaska FIR,51.117,99.5403
Alaska FIR,52.2283,100.0335
Alaska FIR,53.3395,100.4934
Alaska FIR,54.4507,100.9265
Alaska FIR,55.562,101.3323
Alaska FIR,56.6732,101.7113
Alaska FIR,57.7845,102.0647
Alaska FIR,58.8957,102.3915
Alaska FIR,60.0069,102.6918
Alaska FIR,61.1182,102.97
Alaska FIR,62.2294,103.2279
Alaska FIR,63.3407,103.4648
Alaska FIR,64.4519,103.6819
Alaska FIR,65.5631,103.8767
Alaska FIR,66.6744,104.0519
Alaska FIR,67.7856,104.21
Alaska FIR,68.8969,104.3515
Alaska FIR,70.0081,104.4778
Alaska FIR,71.1193,104.5887
Alaska FIR,72.2306,104.6859
Alaska FIR,73.3418,104.7702
Alaska FIR,74.4531,104.8415
Alaska FIR,75.5643,104.8992
Alaska FIR,76.6755,104.9449
Alaska FIR,77.7868,104.9797
Alaska FIR,78.898,105.0062
Alaska FIR,80.0093,105.0245
Alaska FIR,81.1205,105.0355
Alaska FIR,82.2317,105.0409
Alaska FIR,83.343,105.0426
Alaska FIR,84.4542,105.0427
Alaska FIR,85.5655,105.0427
Alaska FIR,86.6767,105.0395
Alaska FIR,87.7879,105.0199
Alaska FIR,88.8992,104.979
Alaska FIR,90.0104,104.9054
Alaska FIR,91.1217,104.8006
Alaska FIR,92.2329,104.6488
Alaska FIR,93.3441,104.4474
Alaska FIR,94.4554,104.186
Alaska FIR,95.5666,103.8344
Alaska FIR,96.6779,103.3538
Alaska FIR,97.7891,102.6764
Alaska FIR,98.9003,101.7491
Taipei FIR,0.0,0.695
Taipei FIR,1.1112,29.3309
Taipei FIR,2.2225,46.115
Taipei FIR,3.3337,59.0375
Taipei FIR,4.445,69.276
Taipei FIR,5.5562,77.8183
Taipei FIR,6.6674,85.2137
Taipei FIR,7.7787,91.528
Taipei FIR,8.8899,96.9036
Taipei FIR,10.0012,101.5424
Taipei FIR,11.1124,105.5452
Taipei FIR,12.2236,108.9912
Taipei FIR,13.3349,111.9059
Taipei FIR,14.4461,114.3304
Taipei FIR,15.5574,116.3463
Taipei FIR,16.6686,117.995
Taipei FIR,17.7798,119.3833
Taipei FIR,18.8911,120.5152
Taipei FIR,20.0023,121.425
Taipei FIR,21.1136,122.1444
Taipei FIR,22.2248,122.6883
Taipei FIR,23.336,123.0996
Taipei FIR,24.4473,123.4077
Taipei FIR,25.5585,123.6338
Taipei FIR,26.6698,123.7911
Taipei FIR,27.781,123.8949
Taipei FIR,28.8922,123.9563
Taipei FIR,30.0035,123.9875
Taipei FIR,31.1147,123.9993
Taipei FIR,32.226,124.0016
Taipei FIR,33.3372,124.0016
Taipei FIR,34.4484,124.0016
Taipei FIR,35.5597,124.0016
Taipei FIR,36.6709,124.0016
Taipei FIR,37.7822,124.0016
Taipei FIR,38.8934,124.0016
Taipei FIR,40.0046,124.0016
Taipei FIR,41.1159,124.0016
Taipei FIR,42.2271,124.0016
Taipei FIR,43.3383,124.0016
Taipei FIR,44.4496,124.0016
Taipei FIR,45.5608,124.0016
Taipei FIR,46.6721,124.0016
Taipei FIR,47.7833,124.0016
Taipei FIR,48.8945,124.0016
Taipei FIR,50.0058,124.0016
Taipei FIR,51.117,124.0016
Taipei FIR,52.2283,124.0016
Taipei FIR,53.3395,124.0016
Taipei FIR,54.4507,124.0016
Taipei FIR,55.562,124.0016
Taipei FIR,56.6732,124.0016
Taipei FIR,57.7845,124.0016
Taipei FIR,58.8957,124.0016
Taipei FIR,60.0069,124.0016
Taipei FIR,61.1182,124.0016
Taipei FIR,62.2294,124.0016
Taipei FIR,63.3407,124.0016
Taipei FIR,64.4519,124.0016
Taipei FIR,65.5631,124.0016
Taipei FIR,66.6744,124.0016
Taipei FIR,67.7856,124.0016
Taipei FIR,68.8969,124.0016
Taipei FIR,70.0081,124.0016
Taipei FIR,71.1193,124.0016
Taipei FIR,72.2306,124.0016
Taipei FIR,73.3418,124.0016
Taipei FIR,74.4531,124.0016
Taipei FIR,75.5643,124.0016
Taipei FIR,76.6755,124.0016
Taipei FIR,77.7868,124.0016
Taipei FIR,78.898,124.0016
Taipei FIR,80.0093,124.0016
Taipei FIR,81.1205,124.0016
Taipei FIR,82.2317,124.0016
Taipei FIR,83.343,124.0016
Taipei FIR,84.4542,124.0016
Taipei FIR,85.5655,124.0016
Taipei FIR,86.6767,124.0015
Taipei FIR,87.7879,123.9991
Taipei FIR,88.8992,123.9803
Taipei FIR,90.0104,123.916
Taipei FIR,91.1217,123.7627
Taipei FIR,92.2329,123.4599
Taipei FIR,93.3441,122.9018
Taipei FIR,94.4554,122.0132
Taipei FIR,95.5666,120.6188
Taipei FIR,96.6779,118.5321
Taipei FIR,97.7891,115.418
Taipei FIR,98.9003,110.4597
Fukuoka FIR,0.0,0.3041
Fukuoka FIR,1.1112,16.1846
Fukuoka FIR,2.2225,26.1652
Fukuoka FIR,3.3337,34.3806
Fukuoka FIR,4.445,41.2562
Fukuoka FIR,5.5562,47.2616
Fukuoka FIR,6.6674,52.6959
Fukuoka FIR,7.7787,57.5836
Fukuoka FIR,8.8899,62.021
Fukuoka FIR,10.0012,66.0703
Fukuoka FIR,11.1124,69.7898
Fukuoka FIR,12.2236,73.2418
Fukuoka FIR,13.3349,76.429
Fukuoka FIR,14.4461,79.391
Fukuoka FIR,15.5574,82.1765
Fukuoka FIR,16.6686,84.7874
Fukuoka FIR,17.7798,87.2437
Fukuoka FIR,18.8911,89.5544
Fukuoka FIR,20.0023,91.7218
Fukuoka FIR,21.1136,93.7558
Fukuoka FIR,22.2248,95.6552
Fukuoka FIR,23.336,97.4145
Fukuoka FIR,24.4473,99.0567
Fukuoka FIR,25.5585,100.5886
Fukuoka FIR,26.6698,102.0199
Fukuoka FIR,27.781,103.3601
Fukuoka FIR,28.8922,104.6057
Fukuoka FIR,30.0035,105.7761
Fukuoka FIR,31.1147,106.8546
Fukuoka FIR,32.226,107.8419
Fukuoka FIR,33.3372,108.7478
Fukuoka FIR,34.4484,109.5746
Fukuoka FIR,35.5597,110.3319
Fukuoka FIR,36.6709,111.0284
Fukuoka FIR,37.7822,111.6628
Fukuoka FIR,38.8934,112.243
Fukuoka FIR,40.0046,112.7693
Fukuoka FIR,41.1159,113.2464
Fukuoka FIR,42.2271,113.6817
Fukuoka FIR,43.3383,114.0763
Fukuoka FIR,44.4496,114.4316
Fukuoka FIR,45.5608,114.7449
Fukuoka FIR,46.6721,115.0242
Fukuoka FIR,47.7833,115.2718
Fukuoka FIR,48.8945,115.4843
Fukuoka FIR,50.0058,115.6651
Fukuoka FIR,51.117,115.8206
Fukuoka FIR,52.2283,115.9512
Fukuoka FIR,53.3395,116.0599
Fukuoka FIR,54.4507,116.1464
Fukuoka FIR,55.562,116.2153
Fukuoka FIR,56.6732,116.2685
Fukuoka FIR,57.7845,116.3087
Fukuoka FIR,58.8957,116.3377
Fukuoka FIR,60.0069,116.3558
Fukuoka FIR,61.1182,116.3659
Fukuoka FIR,62.2294,116.3706
Fukuoka FIR,63.3407,116.3721
Fukuoka FIR,64.4519,116.3723
Fukuoka FIR,65.5631,116.3723
Fukuoka FIR,66.6744,116.3723
Fukuoka FIR,67.7856,116.3723
Fukuoka FIR,68.8969,116.3723
Fukuoka FIR,70.0081,116.3723
Fukuoka FIR,71.1193,116.3723
Fukuoka FIR,72.2306,116.3723
Fukuoka FIR,73.3418,116.3723
Fukuoka FIR,74.4531,116.3723
Fukuoka FIR,75.5643,116.3722
Fukuoka FIR,76.6755,116.3697
Fukuoka FIR,77.7868,116.3615
Fukuoka FIR,78.898,116.344
Fukuoka FIR,80.0093,116.3136
Fukuoka FIR,81.1205,116.266
Fukuoka FIR,82.2317,116.1931
Fukuoka FIR,83.343,116.0897
Fukuoka FIR,84.4542,115.9613
Fukuoka FIR,85.5655,115.7881
Fukuoka FIR,86.6767,115.5574
Fukuoka FIR,87.7879,115.2626
Fukuoka FIR,88.8992,114.9003
Fukuoka FIR,90.0104,114.4613
Fukuoka FIR,91.1217,113.9441
Fukuoka FIR,92.2329,113.3211
Fukuoka FIR,93.3441,112.5733
Fukuoka FIR,94.4554,111.6664
Fukuoka FIR,95.5666,110.5609
Fukuoka FIR,96.6779,109.1596
Fukuoka FIR,97.7891,107.2603
Fukuoka FIR,98.9003,104.6897
Incheon FIR,0.0,0.9091
Incheon FIR,1.1112,40.338
Incheon FIR,2.2225,62.6696
Incheon FIR,3.3337,79.1492
Incheon FIR,4.445,92.4383
Incheon FIR,5.5562,103.19
Incheon FIR,6.6674,112.0249
Incheon FIR,7.7787,119.4519
Incheon FIR,8.8899,125.8019
Incheon FIR,10.0012,131.2911
Incheon FIR,11.1124,136.0282
Incheon FIR,12.2236,140.1439
Incheon FIR,13.3349,143.6224
Incheon FIR,14.4461,146.5596
Incheon FIR,15.5574,149.0342
Incheon FIR,16.6686,151.1608
Incheon FIR,17.7798,152.9715
Incheon FIR,18.8911,154.5059
Incheon FIR,20.0023,155.7989
Incheon FIR,21.1136,156.8867
Incheon FIR,22.2248,157.7938
Incheon FIR,23.336,158.5319
Incheon FIR,24.4473,159.1206
Incheon FIR,25.5585,159.5913
Incheon FIR,26.6698,159.96
Incheon FIR,27.781,160.2514
Incheon FIR,28.8922,160.4674
Incheon FIR,30.0035,160.6255
Incheon FIR,31.1147,160.741
Incheon FIR,32.226,160.8184
Incheon FIR,33.3372,160.8672
Incheon FIR,34.4484,160.8936
Incheon FIR,35.5597,160.9057
Incheon FIR,36.6709,160.9096
Incheon FIR,37.7822,160.91
Incheon FIR,38.8934,160.91
Incheon FIR,40.0046,160.91
Incheon FIR,41.1159,160.91
Incheon FIR,42.2271,160.91
Incheon FIR,43.3383,160.91
Incheon FIR,44.4496,160.91
Incheon FIR,45.5608,160.91
Incheon FIR,46.6721,160.91
Incheon FIR,47.7833,160.91
Incheon FIR,48.8945,160.91
Incheon FIR,50.0058,160.91
Incheon FIR,51.117,160.91
Incheon FIR,52.2283,160.91
Incheon FIR,53.3395,160.91
Incheon FIR,54.4507,160.91
Incheon FIR,55.562,160.91
Incheon FIR,56.6732,160.91
Incheon FIR,57.7845,160.91
Incheon FIR,58.8957,160.91
Incheon FIR,60.0069,160.91
Incheon FIR,61.1182,160.91
Incheon FIR,62.2294,160.91
Incheon FIR,63.3407,160.91
Incheon FIR,64.4519,160.91
Incheon FIR,65.5631,160.91
Incheon FIR,66.6744,160.91
Incheon FIR,67.7856,160.91
Incheon FIR,68.8969,160.91
Incheon FIR,70.0081,160.91
Incheon FIR,71.1193,160.91
Incheon FIR,72.2306,160.91
Incheon FIR,73.3418,160.91
Incheon FIR,74.4531,160.91
Incheon FIR,75.5643,160.91
Incheon FIR,76.6755,160.91
Incheon FIR,77.7868,160.91
Incheon FIR,78.898,160.91
Incheon FIR,80.0093,160.91
Incheon FIR,81.1205,160.9099
Incheon FIR,82.2317,160.9081
Incheon FIR,83.343,160.898
Incheon FIR,84.4542,160.8704
Incheon FIR,85.5655,160.8062
Incheon FIR,86.6767,160.6883
Incheon FIR,87.7879,160.489
Incheon FIR,88.8992,160.1628
Incheon FIR,90.0104,159.6339
Incheon FIR,91.1217,158.7973
Incheon FIR,92.2329,157.6421
Incheon FIR,93.3441,156.0031
Incheon FIR,94.4554,153.6277
Incheon FIR,95.5666,150.2897
Incheon FIR,96.6779,145.4926
Incheon FIR,97.7891,138.6221
Incheon FIR,98.9003,127.6486
Manila FIR,0.0,0.1943
Manila FIR,1.1112,12.2866
Manila FIR,2.2225,21.113
Manila FIR,3.3337,28.6069
Manila FIR,4.445,35.1639
Manila FIR,5.5562,41.1089
Manila FIR,6.6674,46.5766
Manila FIR,7.7787,51.6385
Manila FIR,8.8899,56.3787
Manila FIR,10.0012,60.8265
Manila FIR,11.1124,64.9924
Manila FIR,12.2236,68.8924
Manila FIR,13.3349,72.5708
Manila FIR,14.4461,76.023
Manila FIR,15.5574,79.2893
Manila FIR,16.6686,82.3976
Manila FIR,17.7798,85.3262
Manila FIR,18.8911,88.1106
Manila FIR,20.0023,90.7361
Manila FIR,21.1136,93.2215
Manila FIR,22.2248,95.5901
Manila FIR,23.336,97.8419
Manila FIR,24.4473,99.9668
Manila FIR,25.5585,101.9656
Manila FIR,26.6698,103.8524
Manila FIR,27.781,105.6207
Manila FIR,28.8922,107.2894
Manila FIR,30.0035,108.8462
Manila FIR,31.1147,110.2964
Manila FIR,32.226,111.6451
Manila FIR,33.3372,112.8923
Manila FIR,34.4484,114.047
Manila FIR,35.5597,115.1111
Manila FIR,36.6709,116.0799
Manila FIR,37.7822,116.9737
Manila FIR,38.8934,117.7943
Manila FIR,40.0046,118.5283
Manila FIR,41.1159,119.1823
Manila FIR,42.2271,119.7713
Manila FIR,43.3383,120.2803
Manila FIR,44.4496,120.718
Manila FIR,45.5608,121.0963
Manila FIR,46.6721,121.4217
Manila FIR,47.7833,121.6953
Manila FIR,48.8945,121.9222
Manila FIR,50.0058,122.1075
Manila FIR,51.117,122.2562
Manila FIR,52.2283,122.3682
Manila FIR,53.3395,122.4519
Manila FIR,54.4507,122.5089
Manila FIR,55.562,122.5449
Manila FIR,56.6732,122.5628
Manila FIR,57.7845,122.5698
Manila FIR,58.8957,122.5709
Manila FIR,60.0069,122.5709
Manila FIR,61.1182,122.5709
Manila FIR,62.2294,122.5709
Manila FIR,63.3407,122.5709
Manila FIR,64.4519,122.5709
Manila FIR,65.5631,122.5709
Manila FIR,66.6744,122.5709
Manila FIR,67.7856,122.5709
Manila FIR,68.8969,122.5709
Manila FIR,70.0081,122.5709
Manila FIR,71.1193,122.5709
Manila FIR,72.2306,122.5703
Manila FIR,73.3418,122.5655
Manila FIR,74.4531,122.5508
Manila FIR,75.5643,122.52
Manila FIR,76.6755,122.4666
Manila FIR,77.7868,122.3837
Manila FIR,78.898,122.2721
Manila FIR,80.0093,122.1282
Manila FIR,81.1205,121.9469
Manila FIR,82.2317,121.7235
Manila FIR,83.343,121.4499
Manila FIR,84.4542,121.1242
Manila FIR,85.5655,120.7381
Manila FIR,86.6767,120.2816
Manila FIR,87.7879,119.7566
Manila FIR,88.8992,119.1366
Manila FIR,90.0104,118.3862
Manila FIR,91.1217,117.4806
Manila FIR,92.2329,116.4394
Manila FIR,93.3441,115.2342
Manila FIR,94.4554,113.8395
Manila FIR,95.5666,112.1802
Manila FIR,96.6779,110.2064
Manila FIR,97.7891,107.8166
Manila FIR,98.9003,104.7823
Cordoba FIR,0.0,0.8925
Cordoba FIR,1.1112,35.4502
Cordoba FIR,2.2225,53.5316
Cordoba FIR,3.3337,65.9652
Cordoba FIR,4.445,75.357
Cordoba FIR,5.5562,82.3495
Cordoba FIR,6.6674,87.7022
Cordoba FIR,7.7787,92.0737
Cordoba FIR,8.8899,95.5606
Cordoba FIR,10.0012,98.3044
Cordoba FIR,11.1124,100.5345
Cordoba FIR,12.2236,102.3011
Cordoba FIR,13.3349,103.7011
Cordoba FIR,14.4461,104.8032
Cordoba FIR,15.5574,105.6626
Cordoba FIR,16.6686,106.3453
Cordoba FIR,17.7798,106.8768
Cordoba FIR,18.8911,107.2882
Cordoba FIR,20.0023,107.5972
Cordoba FIR,21.1136,107.8178
Cordoba FIR,22.2248,107.9722
Cordoba FIR,23.336,108.0719
Cordoba FIR,24.4473,108.13
Cordoba FIR,25.5585,108.1628
Cordoba FIR,26.6698,108.1792
Cordoba FIR,27.781,108.1856
Cordoba FIR,28.8922,108.1873
Cordoba FIR,30.0035,108.1876
Cordoba FIR,31.1147,108.1876
Cordoba FIR,32.226,108.1876
Cordoba FIR,33.3372,108.1876
Cordoba FIR,34.4484,108.1876
Cordoba FIR,35.5597,108.1876
Cordoba FIR,36.6709,108.1876
Cordoba FIR,37.7822,108.1876
Cordoba FIR,38.8934,108.1876
Cordoba FIR,40.0046,108.1876
Cordoba FIR,41.1159,108.1876
Cordoba FIR,42.2271,108.1876
Cordoba FIR,43.3383,108.1876
Cordoba FIR,44.4496,108.1876
Cordoba FIR,45.5608,108.1876
Cordoba FIR,46.6721,108.1876
Cordoba FIR,47.7833,108.1876
Cordoba FIR,48.8945,108.1876
Cordoba FIR,50.0058,108.1876
Cordoba FIR,51.117,108.1876
Cordoba FIR,52.2283,108.1876
Cordoba FIR,53.3395,108.1876
Cordoba FIR,54.4507,108.1876
Cordoba FIR,55.562,108.1876
Cordoba FIR,56.6732,108.1876
Cordoba FIR,57.7845,108.1876
Cordoba FIR,58.8957,108.1876
Cordoba FIR,60.0069,108.1876
Cordoba FIR,61.1182,108.1876
Cordoba FIR,62.2294,108.1876
Cordoba FIR,63.3407,108.1876
Cordoba FIR,64.4519,108.1876
Cordoba FIR,65.5631,108.1876
Cordoba FIR,66.6744,108.1876
Cordoba FIR,67.7856,108.1876
Cordoba FIR,68.8969,108.1876
Cordoba FIR,70.0081,108.1876
Cordoba FIR,71.1193,108.1876
Cordoba FIR,72.2306,108.1876
Cordoba FIR,73.3418,108.1876
Cordoba FIR,74.4531,108.1876
Cordoba FIR,75.5643,108.1876
Cordoba FIR,76.6755,108.1876
Cordoba FIR,77.7868,108.1876
Cordoba FIR,78.898,108.1876
Cordoba FIR,80.0093,108.1876
Cordoba FIR,81.1205,108.1876
Cordoba FIR,82.2317,108.1876
Cordoba FIR,83.343,108.1876
Cordoba FIR,84.4542,108.1876
Cordoba FIR,85.5655,108.1876
Cordoba FIR,86.6767,108.1876
Cordoba FIR,87.7879,108.1876
Cordoba FIR,88.8992,108.1876
Cordoba FIR,90.0104,108.1876
Cordoba FIR,91.1217,108.1874
Cordoba FIR,92.2329,108.1851
Cordoba FIR,93.3441,108.1727
Cordoba FIR,94.4554,108.1293
Cordoba FIR,95.5666,108.0071
Cordoba FIR,96.6779,107.7105
Cordoba FIR,97.7891,107.0461
Cordoba FIR,98.9003,105.6053
Ezeiza FIR,0.0,1.3903
Ezeiza FIR,1.1112,47.6162
Ezeiza FIR,2.2225,68.6335
Ezeiza FIR,3.3337,83.3454
Ezeiza FIR,4.445,94.7447
Ezeiza FIR,5.5562,103.4097
Ezeiza FIR,6.6674,110.1095
Ezeiza FIR,7.7787,115.3555
Ezeiza FIR,8.8899,119.5135
Ezeiza FIR,10.0012,122.9505
Ezeiza FIR,11.1124,125.8048
Ezeiza FIR,12.2236,128.2191
Ezeiza FIR,13.3349,130.2062
Ezeiza FIR,14.4461,131.8755
Ezeiza FIR,15.5574,133.2427
Ezeiza FIR,16.6686,134.3567
Ezeiza FIR,17.7798,135.2689
Ezeiza FIR,18.8911,135.9978
Ezeiza FIR,20.0023,136.5966
Ezeiza FIR,21.1136,137.064
Ezeiza FIR,22.2248,137.4208
Ezeiza FIR,23.336,137.6846
Ezeiza FIR,24.4473,137.8817
Ezeiza FIR,25.5585,138.0198
Ezeiza FIR,26.6698,138.1176
Ezeiza FIR,27.781,138.1778
Ezeiza FIR,28.8922,138.2082
Ezeiza FIR,30.0035,138.2237
Ezeiza FIR,31.1147,138.2293
Ezeiza FIR,32.226,138.2303
Ezeiza FIR,33.3372,138.2304
Ezeiza FIR,34.4484,138.2304
Ezeiza FIR,35.5597,138.2304
Ezeiza FIR,36.6709,138.2304
Ezeiza FIR,37.7822,138.2304
Ezeiza FIR,38.8934,138.2304
Ezeiza FIR,40.0046,138.2304
Ezeiza FIR,41.1159,138.2304
Ezeiza FIR,42.2271,138.2304
Ezeiza FIR,43.3383,138.2304
Ezeiza FIR,44.4496,138.2304
Ezeiza FIR,45.5608,138.2304
Ezeiza FIR,46.6721,138.2304
Ezeiza FIR,47.7833,138.2304
Ezeiza FIR,48.8945,138.2304
Ezeiza FIR,50.0058,138.2304
Ezeiza FIR,51.117,138.2304
Ezeiza FIR,52.2283,138.2304
Ezeiza FIR,53.3395,138.2304
Ezeiza FIR,54.4507,138.2304
Ezeiza FIR,55.562,138.2304
Ezeiza FIR,56.6732,138.2304
Ezeiza FIR,57.7845,138.2304
Ezeiza FIR,58.8957,138.2304
Ezeiza FIR,60.0069,138.2304
Ezeiza FIR,61.1182,138.2304
Ezeiza FIR,62.2294,138.2304
Ezeiza FIR,63.3407,138.2304
Ezeiza FIR,64.4519,138.2304
Ezeiza FIR,65.5631,138.2304
Ezeiza FIR,66.6744,138.2304
Ezeiza FIR,67.7856,138.2304
Ezeiza FIR,68.8969,138.2304
Ezeiza FIR,70.0081,138.2304
Ezeiza FIR,71.1193,138.2304
Ezeiza FIR,72.2306,138.2304
Ezeiza FIR,73.3418,138.2304
Ezeiza FIR,74.4531,138.2304
Ezeiza FIR,75.5643,138.2304
Ezeiza FIR,76.6755,138.2304
Ezeiza FIR,77.7868,138.2304
Ezeiza FIR,78.898,138.2304
Ezeiza FIR,80.0093,138.2304
Ezeiza FIR,81.1205,138.2297
Ezeiza FIR,82.2317,138.2253
Ezeiza FIR,83.343,138.2127
Ezeiza FIR,84.4542,138.1835
Ezeiza FIR,85.5655,138.1259
Ezeiza FIR,86.6767,138.0191
Ezeiza FIR,87.7879,137.8354
Ezeiza FIR,88.8992,137.5608
Ezeiza FIR,90.0104,137.1694
Ezeiza FIR,91.1217,136.6297
Ezeiza FIR,92.2329,135.877
Ezeiza FIR,93.3441,134.812
Ezeiza FIR,94.4554,133.3397
Ezeiza FIR,95.5666,131.3024
Ezeiza FIR,96.6779,128.4263
Ezeiza FIR,97.7891,124.0452
Ezeiza FIR,98.9003,116.7229
Mendoza FIR,0.0,2.1537
Mendoza FIR,1.1186,71.9761
Mendoza FIR,2.2372,94.7588
Mendoza FIR,3.3559,106.6236
Mendoza FIR,4.4745,113.5375
Mendoza FIR,5.5931,117.6933
Mendoza FIR,6.7117,119.8041
Mendoza FIR,7.8303,120.9459
Mendoza FIR,8.949,121.579
Mendoza FIR,10.0676,121.8738
Mendoza FIR,11.1862,121.9783
Mendoza FIR,12.3048,122.0082
Mendoza FIR,13.4234,122.013
Mendoza FIR,14.5421,122.0132
Mendoza FIR,15.6607,122.0132
Mendoza FIR,16.7793,122.0132
Mendoza FIR,17.8979,122.0132
Mendoza FIR,19.0165,122.0132
Mendoza FIR,20.1352,122.0132
Mendoza FIR,21.2538,122.0132
Mendoza FIR,22.3724,122.0132
Mendoza FIR,23.491,122.0132
Mendoza FIR,24.6096,122.0132
Mendoza FIR,25.7283,122.0132
Mendoza FIR,26.8469,122.0132
Mendoza FIR,27.9655,122.0132
Mendoza FIR,29.0841,122.0132
Mendoza FIR,30.2027,122.0132
Mendoza FIR,31.3214,122.0132
Mendoza FIR,32.44,122.0132
Mendoza FIR,33.5586,122.0132
Mendoza FIR,34.6772,122.0132
Mendoza FIR,35.7959,122.0132
Mendoza FIR,36.9145,122.0132
Mendoza FIR,38.0331,122.0132
Mendoza FIR,39.1517,122.0132
Mendoza FIR,40.2703,122.0132
Mendoza FIR,41.389,122.0132
Mendoza FIR,42.5076,122.0132
Mendoza FIR,43.6262,122.0132
Mendoza FIR,44.7448,122.0132
Mendoza FIR,45.8634,122.0132
Mendoza FIR,46.9821,122.0132
Mendoza FIR,48.1007,122.0132
Mendoza FIR,49.2193,122.0132
Mendoza FIR,50.3379,122.0132
Mendoza FIR,51.4565,122.0132
Mendoza FIR,52.5752,122.0132
Mendoza FIR,53.6938,122.0132
Mendoza FIR,54.8124,122.0132
Mendoza FIR,55.931,122.0132
Mendoza FIR,57.0496,122.0132
Mendoza FIR,58.1683,122.0132
Mendoza FIR,59.2869,122.0132
Mendoza FIR,60.4055,122.0132
Mendoza FIR,61.5241,122.0132
Mendoza FIR,62.6427,122.0132
Mendoza FIR,63.7614,122.0132
Mendoza FIR,64.88,122.0132
Mendoza FIR,65.9986,122.0132
Mendoza FIR,67.1172,122.0132
Mendoza FIR,68.2358,122.0132
Mendoza FIR,69.3545,122.0132
Mendoza FIR,70.4731,122.0132
Mendoza FIR,71.5917,122.0132
Mendoza FIR,72.7103,122.0132
Mendoza FIR,73.8289,122.0132
Mendoza FIR,74.9476,122.0132
Mendoza FIR,76.0662,122.0132
Mendoza FIR,77.1848,122.0132
Mendoza FIR,78.3034,122.0132
Mendoza FIR,79.422,122.0132
Mendoza FIR,80.5407,122.0132
Mendoza FIR,81.6593,122.0132
Mendoza FIR,82.7779,122.0132
Mendoza FIR,83.8965,122.0132
Mendoza FIR,85.0151,122.0132
Mendoza FIR,86.1338,122.0132
Mendoza FIR,87.2524,122.0132
Mendoza FIR,88.371,122.0132
Mendoza FIR,89.4896,122.0132
Mendoza FIR,90.6082,122.0132
Mendoza FIR,91.7269,122.0131
Mendoza FIR,92.8455,122.0126
Mendoza FIR,93.9641,122.0051
Mendoza FIR,95.0827,121.9526
Mendoza FIR,96.2014,121.7007
Mendoza FIR,97.32,120.8139
Mendoza FIR,98.4386,117.842
Mendoza FIR,99.5572,109.531
Resistencia FIR,0.0,1.2565
Resistencia FIR,1.1114,43.1287
Resistencia FIR,2.2227,61.6469
Resistencia FIR,3.3341,73.9572
Resistencia FIR,4.4455,82.7556
Resistencia FIR,5.5568,89.5016
Resistencia FIR,6.6682,94.77
Resistencia FIR,7.7796,98.8547
Resistencia FIR,8.8909,102.1053
Resistencia FIR,10.0023,104.5372
Resistencia FIR,11.1137,106.4351
Resistencia FIR,12.2251,107.8376
Resistencia FIR,13.3364,108.885
Resistencia FIR,14.4478,109.6727
Resistencia FIR,15.5592,110.2431
Resistencia FIR,16.6705,110.6536
Resistencia FIR,17.7819,110.9166
Resistencia FIR,18.8933,111.0918
Resistencia FIR,20.0046,111.1927
Resistencia FIR,21.116,111.2477
Resistencia FIR,22.2274,111.2735
Resistencia FIR,23.3387,111.2815
Resistencia FIR,24.4501,111.283
Resistencia FIR,25.5615,111.2831
Resistencia FIR,26.6728,111.2831
Resistencia FIR,27.7842,111.2831
Resistencia FIR,28.8956,111.2831
Resistencia FIR,30.0069,111.2831
Resistencia FIR,31.1183,111.2831
Resistencia FIR,32.2297,111.2831
Resistencia FIR,33.3411,111.2831
Resistencia FIR,34.4524,111.2831
Resistencia FIR,35.5638,111.2831
Resistencia FIR,36.6752,111.2831
Resistencia FIR,37.7865,111.2831
Resistencia FIR,38.8979,111.2831
Resistencia FIR,40.0093,111.2831
Resistencia FIR,41.1206,111.2831
Resistencia FIR,42.232,111.2831
Resistencia FIR,43.3434,111.2831
Resistencia FIR,44.4547,111.2831
Resistencia FIR,45.5661,111.2831
Resistencia FIR,46.6775,111.2831
Resistencia FIR,47.7888,111.2831
Resistencia FIR,48.9002,111.2831
Resistencia FIR,50.0116,111.2831
Resistencia FIR,51.1229,111.2831
Resistencia FIR,52.2343,111.2831
Resistencia FIR,53.3457,111.2831
Resistencia FIR,54.4571,111.2831
Resistencia FIR,55.5684,111.2831
Resistencia FIR,56.6798,111.2831
Resistencia FIR,57.7912,111.2831
Resistencia FIR,58.9025,111.2831
Resistencia FIR,60.0139,111.2831
Resistencia FIR,61.1253,111.2831
Resistencia FIR,62.2366,111.2831
Resistencia FIR,63.348,111.2831
Resistencia FIR,64.4594,111.2831
Resistencia FIR,65.5707,111.2831
Resistencia FIR,66.6821,111.2831
Resistencia FIR,67.7935,111.2831
Resistencia FIR,68.9048,111.2831
Resistencia FIR,70.0162,111.2831
Resistencia FIR,71.1276,111.2831
Resistencia FIR,72.2389,111.2831
Resistencia FIR,73.3503,111.2831
Resistencia FIR,74.4617,111.2831
Resistencia FIR,75.573,111.2831
Resistencia FIR,76.6844,111.2831
Resistencia FIR,77.7958,111.2831
Resistencia FIR,78.9072,111.2831
Resistencia FIR,80.0185,111.2831
Resistencia FIR,81.1299,111.2831
Resistencia FIR,82.2413,111.2831
Resistencia FIR,83.3526,111.2831
Resistencia FIR,84.464,111.2831
Resistencia FIR,85.5754,111.2831
Resistencia FIR,86.6867,111.2831
Resistencia FIR,87.7981,111.2831
Resistencia FIR,88.9095,111.2831
Resistencia FIR,90.0208,111.2831
Resistencia FIR,91.1322,111.2829
Resistencia FIR,92.2436,111.2771
Resistencia FIR,93.3549,111.239
Resistencia FIR,94.4663,111.1029
Resistencia FIR,95.5777,110.7993
Resistencia FIR,96.689,110.1915
Resistencia FIR,97.8004,108.9944
Resistencia FIR,98.9118,106.7086
Comodoro Rivadavia FIR,0.0,3.0175
Comodoro Rivadavia FIR,1.122,74.4568
Comodoro Rivadavia FIR,2.244,110.1322
Comodoro Rivadavia FIR,3.3661,135.2557
Comodoro Rivadavia FIR,4.4881,153.8468
Comodoro Rivadavia FIR,5.6101,167.3029
Comodoro Rivadavia FIR,6.7321,177.065
Comodoro Rivadavia FIR,7.8541,184.5903
Comodoro Rivadavia FIR,8.9762,190.1389
Comodoro Rivadavia FIR,10.0982,193.963
Comodoro Rivadavia FIR,11.2202,196.7606
Comodoro Rivadavia FIR,12.3422,198.7834
Comodoro Rivadavia FIR,13.4642,200.1862
Comodoro Rivadavia FIR,14.5863,201.1287
Comodoro Rivadavia FIR,15.7083,201.7223
Comodoro Rivadavia FIR,16.8303,202.089
Comodoro Rivadavia FIR,17.9523,202.2984
Comodoro Rivadavia FIR,19.0743,202.4085
Comodoro Rivadavia FIR,20.1964,202.4545
Comodoro Rivadavia FIR,21.3184,202.473
Comodoro Rivadavia FIR,22.4404,202.4778
Comodoro Rivadavia FIR,23.5624,202.4783
Comodoro Rivadavia FIR,24.6844,202.4784
Comodoro Rivadavia FIR,25.8065,202.4784
Comodoro Rivadavia FIR,26.9285,202.4784
Comodoro Rivadavia FIR,28.0505,202.4784
Comodoro Rivadavia FIR,29.1725,202.4784
Comodoro Rivadavia FIR,30.2945,202.4784
Comodoro Rivadavia FIR,31.4165,202.4784
Comodoro Rivadavia FIR,32.5386,202.4784
Comodoro Rivadavia FIR,33.6606,202.4784
Comodoro Rivadavia FIR,34.7826,202.4784
Comodoro Rivadavia FIR,35.9046,202.4784
Comodoro Rivadavia FIR,37.0266,202.4784
Comodoro Rivadavia FIR,38.1487,202.4784
Comodoro Rivadavia FIR,39.2707,202.4784
Comodoro Rivadavia FIR,40.3927,202.4784
Comodoro Rivadavia FIR,41.5147,202.4784
Comodoro Rivadavia FIR,42.6367,202.4784
Comodoro Rivadavia FIR,43.7588,202.4784
Comodoro Rivadavia FIR,44.8808,202.4784
Comodoro Rivadavia FIR,46.0028,202.4784
Comodoro Rivadavia FIR,47.1248,202.4784
Comodoro Rivadavia FIR,48.2468,202.4784
Comodoro Rivadavia FIR,49.3689,202.4784
Comodoro Rivadavia FIR,50.4909,202.4784
Comodoro Rivadavia FIR,51.6129,202.4784
Comodoro Rivadavia FIR,52.7349,202.4784
Comodoro Rivadavia FIR,53.8569,202.4784
Comodoro Rivadavia FIR,54.979,202.4784
Comodoro Rivadavia FIR,56.101,202.4784
Comodoro Rivadavia FIR,57.223,202.4784
Comodoro Rivadavia FIR,58.345,202.4784
Comodoro Rivadavia FIR,59.467,202.4784
Comodoro Rivadavia FIR,60.5891,202.4784
Comodoro Rivadavia FIR,61.7111,202.4784
Comodoro Rivadavia FIR,62.8331,202.4784
Comodoro Rivadavia FIR,63.9551,202.4784
Comodoro Rivadavia FIR,65.0771,202.4784
Comodoro Rivadavia FIR,66.1992,202.4784
Comodoro Rivadavia FIR,67.3212,202.4784
Comodoro Rivadavia FIR,68.4432,202.4784
Comodoro Rivadavia FIR,69.5652,202.4784
Comodoro Rivadavia FIR,70.6872,202.4784
Comodoro Rivadavia FIR,71.8093,202.4784
Comodoro Rivadavia FIR,72.9313,202.4784
Comodoro Rivadavia FIR,74.0533,202.4784
Comodoro Rivadavia FIR,75.1753,202.4784
Comodoro Rivadavia FIR,76.2973,202.4784
Comodoro Rivadavia FIR,77.4194,202.4782
Comodoro Rivadavia FIR,78.5414,202.4774
Comodoro Rivadavia FIR,79.6634,202.4739
Comodoro Rivadavia FIR,80.7854,202.4633
Comodoro Rivadavia FIR,81.9074,202.4325
Comodoro Rivadavia FIR,83.0295,202.3627
Comodoro Rivadavia FIR,84.1515,202.2362
Comodoro Rivadavia FIR,85.2735,202.0079
Comodoro Rivadavia FIR,86.3955,201.6382
Comodoro Rivadavia FIR,87.5175,201.1016
Comodoro Rivadavia FIR,88.6396,200.2934
Comodoro Rivadavia FIR,89.7616,199.1189
Comodoro Rivadavia FIR,90.8836,197.5211
Comodoro Rivadavia FIR,92.0056,195.3983
Comodoro Rivadavia FIR,93.1276,192.4627
Comodoro Rivadavia FIR,94.2496,188.3356
Comodoro Rivadavia FIR,95.3717,182.4725
Comodoro Rivadavia FIR,96.4937,174.235
Comodoro Rivadavia FIR,97.6157,162.1584
Comodoro Rivadavia FIR,98.7377,144.2659
Comodoro Rivadavia FIR,99.8597,109.2865
Atlantico FIR,0.0,0.3946
Atlantico FIR,1.1124,17.9779
Atlantico FIR,2.2248,28.796
Atlantico FIR,3.3372,37.4964
Atlantico FIR,4.4496,44.8464
Atlantico FIR,5.562,51.051
Atlantico FIR,6.6744,56.4882
Atlantico FIR,7.7868,61.2565
Atlantico FIR,8.8992,65.5358
Atlantico FIR,10.0116,69.3789
Atlantico FIR,11.124,72.7969
Atlantico FIR,12.2364,75.8825
Atlantico FIR,13.3488,78.7014
Atlantico FIR,14.4612,81.2958
Atlantico FIR,15.5736,83.6604
Atlantico FIR,16.686,85.8253
Atlantico FIR,17.7984,87.8015
Atlantico FIR,18.9108,89.5763
Atlantico FIR,20.0232,91.1918
Atlantico FIR,21.1356,92.6666
Atlantico FIR,22.248,94.0197
Atlantico FIR,23.3604,95.2529
Atlantico FIR,24.4728,96.3603
Atlantico FIR,25.5852,97.3618
Atlantico FIR,26.6976,98.2359
Atlantico FIR,27.81,99.0031
Atlantico FIR,28.9224,99.6841
Atlantico FIR,30.0348,100.2855
Atlantico FIR,31.1472,100.8171
Atlantico FIR,32.2596,101.2887
Atlantico FIR,33.372,101.6986
Atlantico FIR,34.4844,102.044
Atlantico FIR,35.5968,102.3351
Atlantico FIR,36.7092,102.5843
Atlantico FIR,37.8216,102.7937
Atlantico FIR,38.934,102.9669
Atlantico FIR,40.0463,103.1025
Atlantico FIR,41.1587,103.2128
Atlantico FIR,42.2711,103.301
Atlantico FIR,43.3835,103.3678
Atlantico FIR,44.4959,103.4153
Atlantico FIR,45.6083,103.4451
Atlantico FIR,46.7207,103.4634
Atlantico FIR,47.8331,103.4724
Atlantico FIR,48.9455,103.4759
Atlantico FIR,50.0579,103.4764
Atlantico FIR,51.1703,103.4764
Atlantico FIR,52.2827,103.4764
Atlantico FIR,53.3951,103.4764
Atlantico FIR,54.5075,103.4764
Atlantico FIR,55.6199,103.4764
Atlantico FIR,56.7323,103.4764
Atlantico FIR,57.8447,103.4764
Atlantico FIR,58.9571,103.4764
Atlantico FIR,60.0695,103.4764
Atlantico FIR,61.1819,103.4764
Atlantico FIR,62.2943,103.4764
Atlantico FIR,63.4067,103.4764
Atlantico FIR,64.5191,103.4764
Atlantico FIR,65.6315,103.4764
Atlantico FIR,66.7439,103.4764
Atlantico FIR,67.8563,103.4764
Atlantico FIR,68.9687,103.4764
Atlantico FIR,70.0811,103.4764
Atlantico FIR,71.1935,103.4764
Atlantico FIR,72.3059,103.4764
Atlantico FIR,73.4183,103.4764
Atlantico FIR,74.5307,103.4764
Atlantico FIR,75.6431,103.4764
Atlantico FIR,76.7555,103.4764
Atlantico FIR,77.8679,103.4764
Atlantico FIR,78.9803,103.4764
Atlantico FIR,80.0927,103.4764
Atlantico FIR,81.2051,103.4764
Atlantico FIR,82.3175,103.4764
Atlantico FIR,83.4299,103.4764
Atlantico FIR,84.5423,103.4764
Atlantico FIR,85.6547,103.4764
Atlantico FIR,86.7671,103.4764
Atlantico FIR,87.8795,103.4763
Atlantico FIR,88.9919,103.4753
Atlantico FIR,90.1043,103.4692
Atlantico FIR,91.2167,103.4519
Atlantico FIR,92.3291,103.4129
Atlantico FIR,93.4415,103.3408
Atlantico FIR,94.5539,103.2177
Atlantico FIR,95.6663,103.0272
Atlantico FIR,96.7787,102.7313
Atlantico FIR,97.8911,102.2596
Atlantico FIR,99.0035,101.4887
Amazonica FIR,0.0,0.179
Amazonica FIR,1.1112,9.6553
Amazonica FIR,2.2225,16.7133
Amazonica FIR,3.3337,22.8852
Amazonica FIR,4.445,28.3611
Amazonica FIR,5.5562,33.3025
Amazonica FIR,6.6674,37.8123
Amazonica FIR,7.7787,41.9596
Amazonica FIR,8.8899,45.8386
Amazonica FIR,10.0012,49.5094
Amazonica FIR,11.1124,52.9719
Amazonica FIR,12.2236,56.2416
Amazonica FIR,13.3349,59.3328
Amazonica FIR,14.4461,62.2511
Amazonica FIR,15.5574,65.0184
Amazonica FIR,16.6686,67.6517
Amazonica FIR,17.7798,70.14
Amazonica FIR,18.8911,72.4859
Amazonica FIR,20.0023,74.7171
Amazonica FIR,21.1136,76.8439
Amazonica FIR,22.2248,78.8561
Amazonica FIR,23.336,80.7528
Amazonica FIR,24.4473,82.5421
Amazonica FIR,25.5585,84.2246
Amazonica FIR,26.6698,85.8061
Amazonica FIR,27.781,87.3084
Amazonica FIR,28.8922,88.733
Amazonica FIR,30.0035,90.0804
Amazonica FIR,31.1147,91.3475
Amazonica FIR,32.226,92.5436
Amazonica FIR,33.3372,93.6716
Amazonica FIR,34.4484,94.7317
Amazonica FIR,35.5597,95.7273
Amazonica FIR,36.6709,96.6608
Amazonica FIR,37.7822,97.5331
Amazonica FIR,38.8934,98.3431
Amazonica FIR,40.0046,99.0975
Amazonica FIR,41.1159,99.7978
Amazonica FIR,42.2271,100.4464
Amazonica FIR,43.3383,101.0393
Amazonica FIR,44.4496,101.5848
Amazonica FIR,45.5608,102.086
Amazonica FIR,46.6721,102.5484
Amazonica FIR,47.7833,102.9757
Amazonica FIR,48.8945,103.3691
Amazonica FIR,50.0058,103.7306
Amazonica FIR,51.117,104.0617
Amazonica FIR,52.2283,104.3574
Amazonica FIR,53.3395,104.625
Amazonica FIR,54.4507,104.8641
Amazonica FIR,55.562,105.0736
Amazonica FIR,56.6732,105.2618
Amazonica FIR,57.7845,105.4303
Amazonica FIR,58.8957,105.5787
Amazonica FIR,60.0069,105.709
Amazonica FIR,61.1182,105.8212
Amazonica FIR,62.2294,105.9146
Amazonica FIR,63.3407,105.9887
Amazonica FIR,64.4519,106.0493
Amazonica FIR,65.5631,106.0953
Amazonica FIR,66.6744,106.1304
Amazonica FIR,67.7856,106.1562
Amazonica FIR,68.8969,106.1738
Amazonica FIR,70.0081,106.1847
Amazonica FIR,71.1193,106.1903
Amazonica FIR,72.2306,106.1924
Amazonica FIR,73.3418,106.1927
Amazonica FIR,74.4531,106.1927
Amazonica FIR,75.5643,106.1927
Amazonica FIR,76.6755,106.1927
Amazonica FIR,77.7868,106.1927
Amazonica FIR,78.898,106.1927
Amazonica FIR,80.0093,106.1922
Amazonica FIR,81.1205,106.1873
Amazonica FIR,82.2317,106.1732
Amazonica FIR,83.343,106.1487
Amazonica FIR,84.4542,106.106
Amazonica FIR,85.5655,106.0428
Amazonica FIR,86.6767,105.9568
Amazonica FIR,87.7879,105.8428
Amazonica FIR,88.8992,105.697
Amazonica FIR,90.0104,105.5133
Amazonica FIR,91.1217,105.2883
Amazonica FIR,92.2329,105.0198
Amazonica FIR,93.3441,104.6914
Amazonica FIR,94.4554,104.295
Amazonica FIR,95.5666,103.8055
Amazonica FIR,96.6779,103.2067
Amazonica FIR,97.7891,102.4753
Amazonica FIR,98.9003,101.5166
Brasilia FIR,0.0,0.3086
Brasilia FIR,1.1112,16.2985
Brasilia FIR,2.2225,26.8662
Brasilia FIR,3.3337,35.1868
Brasilia FIR,4.445,42.2925
Brasilia FIR,5.5562,48.3688
Brasilia FIR,6.6674,53.7527
Brasilia FIR,7.7787,58.5931
Brasilia FIR,8.8899,62.9434
Brasilia FIR,10.0012,66.8966
Brasilia FIR,11.1124,70.5241
Brasilia FIR,12.2236,73.8551
Brasilia FIR,13.3349,76.8967
Brasilia FIR,14.4461,79.7022
Brasilia FIR,15.5574,82.2788
Brasilia FIR,16.6686,84.6529
Brasilia FIR,17.7798,86.8674
Brasilia FIR,18.8911,88.9001
Brasilia FIR,20.0023,90.7408
Brasilia FIR,21.1136,92.419
Brasilia FIR,22.2248,93.96
Brasilia FIR,23.336,95.3782
Brasilia FIR,24.4473,96.684
Brasilia FIR,25.5585,97.8698
Brasilia FIR,26.6698,98.9588
Brasilia FIR,27.781,99.9543
Brasilia FIR,28.8922,100.8499
Brasilia FIR,30.0035,101.6558
Brasilia FIR,31.1147,102.3837
Brasilia FIR,32.226,103.0444
Brasilia FIR,33.3372,103.6341
Brasilia FIR,34.4484,104.1636
Brasilia FIR,35.5597,104.6235
Brasilia FIR,36.6709,105.0301
Brasilia FIR,37.7822,105.3799
Brasilia FIR,38.8934,105.6842
Brasilia FIR,40.0046,105.9535
Brasilia FIR,41.1159,106.1848
Brasilia FIR,42.2271,106.3839
Brasilia FIR,43.3383,106.5496
Brasilia FIR,44.4496,106.6844
Brasilia FIR,45.5608,106.7936
Brasilia FIR,46.6721,106.8817
Brasilia FIR,47.7833,106.9506
Brasilia FIR,48.8945,106.9996
Brasilia FIR,50.0058,107.0341
Brasilia FIR,51.117,107.0578
Brasilia FIR,52.2283,107.0721
Brasilia FIR,53.3395,107.08
Brasilia FIR,54.4507,107.0834
Brasilia FIR,55.562,107.0845
Brasilia FIR,56.6732,107.0846
Brasilia FIR,57.7845,107.0846
Brasilia FIR,58.8957,107.0846
Brasilia FIR,60.0069,107.0846
Brasilia FIR,61.1182,107.0846
Brasilia FIR,62.2294,107.0846
Brasilia FIR,63.3407,107.0846
Brasilia FIR,64.4519,107.0846
Brasilia FIR,65.5631,107.0846
Brasilia FIR,66.6744,107.0846
Brasilia FIR,67.7856,107.0846
Brasilia FIR,68.8969,107.0846
Brasilia FIR,70.0081,107.0846
Brasilia FIR,71.1193,107.0846
Brasilia FIR,72.2306,107.0846
Brasilia FIR,73.3418,107.0846
Brasilia FIR,74.4531,107.0846
Brasilia FIR,75.5643,107.0846
Brasilia FIR,76.6755,107.0846
Brasilia FIR,77.7868,107.0846
Brasilia FIR,78.898,107.0846
Brasilia FIR,80.0093,107.0846
Brasilia FIR,81.1205,107.0846
Brasilia FIR,82.2317,107.0846
Brasilia FIR,83.343,107.0846
Brasilia FIR,84.4542,107.0846
Brasilia FIR,85.5655,107.0846
Brasilia FIR,86.6767,107.0839
Brasilia FIR,87.7879,107.0776
Brasilia FIR,88.8992,107.0546
Brasilia FIR,90.0104,107.0039
Brasilia FIR,91.1217,106.9086
Brasilia FIR,92.2329,106.7472
Brasilia FIR,93.3441,106.5026
Brasilia FIR,94.4554,106.1366
Brasilia FIR,95.5666,105.6237
Brasilia FIR,96.6779,104.9394
Brasilia FIR,97.7891,104.0089
Brasilia FIR,98.9003,102.6402
Curitiba FIR,0.0,0.7363
Curitiba FIR,1.1112,19.3834
Curitiba FIR,2.2225,29.8105
Curitiba FIR,3.3337,38.1637
Curitiba FIR,4.445,45.1898
Curitiba FIR,5.5562,51.2714
Curitiba FIR,6.6674,56.6782
Curitiba FIR,7.7787,61.4881
Curitiba FIR,8.8899,65.7857
Curitiba FIR,10.0012,69.6701
Curitiba FIR,11.1124,73.1829
Curitiba FIR,12.2236,76.3976
Curitiba FIR,13.3349,79.3454
Curitiba FIR,14.4461,82.0679
Curitiba FIR,15.5574,84.5648
Curitiba FIR,16.6686,86.839
Curitiba FIR,17.7798,88.9113
Curitiba FIR,18.8911,90.8155
Curitiba FIR,20.0023,92.5603
Curitiba FIR,21.1136,94.1751
Curitiba FIR,22.2248,95.6641
Curitiba FIR,23.336,97.0329
Curitiba FIR,24.4473,98.2972
Curitiba FIR,25.5585,99.4623
Curitiba FIR,26.6698,100.5459
Curitiba FIR,27.781,101.546
Curitiba FIR,28.8922,102.4637
Curitiba FIR,30.0035,103.3059
Curitiba FIR,31.1147,104.0821
Curitiba FIR,32.226,104.7874
Curitiba FIR,33.3372,105.4342
Curitiba FIR,34.4484,106.0353
Curitiba FIR,35.5597,106.5859
Curitiba FIR,36.6709,107.0855
Curitiba FIR,37.7822,107.5345
Curitiba FIR,38.8934,107.9426
Curitiba FIR,40.0046,108.3116
Curitiba FIR,41.1159,108.6404
Curitiba FIR,42.2271,108.9332
Curitiba FIR,43.3383,109.1891
Curitiba FIR,44.4496,109.409
Curitiba FIR,45.5608,109.6013
Curitiba FIR,46.6721,109.7662
Curitiba FIR,47.7833,109.9059
Curitiba FIR,48.8945,110.0227
Curitiba FIR,50.0058,110.1229
Curitiba FIR,51.117,110.2046
Curitiba FIR,52.2283,110.2708
Curitiba FIR,53.3395,110.3231
Curitiba FIR,54.4507,110.3628
Curitiba FIR,55.562,110.3932
Curitiba FIR,56.6732,110.4145
Curitiba FIR,57.7845,110.4288
Curitiba FIR,58.8957,110.4373
Curitiba FIR,60.0069,110.442
Curitiba FIR,61.1182,110.444
Curitiba FIR,62.2294,110.4445
Curitiba FIR,63.3407,110.4445
Curitiba FIR,64.4519,110.4445
Curitiba FIR,65.5631,110.4445
Curitiba FIR,66.6744,110.4445
Curitiba FIR,67.7856,110.4445
Curitiba FIR,68.8969,110.4445
Curitiba FIR,70.0081,110.4445
Curitiba FIR,71.1193,110.4445
Curitiba FIR,72.2306,110.4445
Curitiba FIR,73.3418,110.4445
Curitiba FIR,74.4531,110.4445
Curitiba FIR,75.5643,110.4445
Curitiba FIR,76.6755,110.4445
Curitiba FIR,77.7868,110.4445
Curitiba FIR,78.898,110.4445
Curitiba FIR,80.0093,110.4445
Curitiba FIR,81.1205,110.4445
Curitiba FIR,82.2317,110.4444
Curitiba FIR,83.343,110.443
Curitiba FIR,84.4542,110.4356
Curitiba FIR,85.5655,110.4159
Curitiba FIR,86.6767,110.3785
Curitiba FIR,87.7879,110.3175
Curitiba FIR,88.8992,110.2277
Curitiba FIR,90.0104,110.094
Curitiba FIR,91.1217,109.9095
Curitiba FIR,92.2329,109.6413
Curitiba FIR,93.3441,109.2573
Curitiba FIR,94.4554,108.7386
Curitiba FIR,95.5666,108.0436
Curitiba FIR,96.6779,107.0969
Curitiba FIR,97.7891,105.7688
Curitiba FIR,98.9003,103.8499
Recife FIR,0.0,0.6507
Recife FIR,1.1112,17.0884
Recife FIR,2.2225,27.0802
Recife FIR,3.3337,34.9772
Recife FIR,4.445,41.6288
Recife FIR,5.5562,47.4785
Recife FIR,6.6674,52.696
Recife FIR,7.7787,57.3404
Recife FIR,8.8899,61.5346
Recife FIR,10.0012,65.3168
Recife FIR,11.1124,68.7674
Recife FIR,12.2236,71.9425
Recife FIR,13.3349,74.7961
Recife FIR,14.4461,77.4175
Recife FIR,15.5574,79.8232
Recife FIR,16.6686,82.0016
Recife FIR,17.7798,83.9734
Recife FIR,18.8911,85.7785
Recife FIR,20.0023,87.4269
Recife FIR,21.1136,88.9376
Recife FIR,22.2248,90.317
Recife FIR,23.336,91.5868
Recife FIR,24.4473,92.7372
Recife FIR,25.5585,93.7811
Recife FIR,26.6698,94.723
Recife FIR,27.781,95.5795
Recife FIR,28.8922,96.3617
Recife FIR,30.0035,97.0648
Recife FIR,31.1147,97.6948
Recife FIR,32.226,98.259
Recife FIR,33.3372,98.7575
Recife FIR,34.4484,99.2059
Recife FIR,35.5597,99.6113
Recife FIR,36.6709,99.9711
Recife FIR,37.7822,100.2931
Recife FIR,38.8934,100.5765
Recife FIR,40.0046,100.8242
Recife FIR,41.1159,101.0429
Recife FIR,42.2271,101.2329
Recife FIR,43.3383,101.3977
Recife FIR,44.4496,101.5396
Recife FIR,45.5608,101.6618
Recife FIR,46.6721,101.7641
Recife FIR,47.7833,101.8485
Recife FIR,48.8945,101.9173
Recife FIR,50.0058,101.973
Recife FIR,51.117,102.0171
Recife FIR,52.2283,102.049
Recife FIR,53.3395,102.0706
Recife FIR,54.4507,102.0846
Recife FIR,55.562,102.093
Recife FIR,56.6732,102.0981
Recife FIR,57.7845,102.1009
Recife FIR,58.8957,102.1021
Recife FIR,60.0069,102.1023
Recife FIR,61.1182,102.1024
Recife FIR,62.2294,102.1024
Recife FIR,63.3407,102.1024
Recife FIR,64.4519,102.1024
Recife FIR,65.5631,102.1024
Recife FIR,66.6744,102.1024
Recife FIR,67.7856,102.1024
Recife FIR,68.8969,102.1024
Recife FIR,70.0081,102.1024
Recife FIR,71.1193,102.1024
Recife FIR,72.2306,102.1024
Recife FIR,73.3418,102.1024
Recife FIR,74.4531,102.1024
Recife FIR,75.5643,102.1024
Recife FIR,76.6755,102.1024
Recife FIR,77.7868,102.1024
Recife FIR,78.898,102.1024
Recife FIR,80.0093,102.1024
Recife FIR,81.1205,102.1024
Recife FIR,82.2317,102.1024
Recife FIR,83.343,102.1024
Recife FIR,84.4542,102.1024
Recife FIR,85.5655,102.1024
Recife FIR,86.6767,102.1024
Recife FIR,87.7879,102.1024
Recife FIR,88.8992,102.1024
Recife FIR,90.0104,102.1024
Recife FIR,91.1217,102.1022
Recife FIR,92.2329,102.1005
Recife FIR,93.3441,102.0895
Recife FIR,94.4554,102.0577
Recife FIR,95.5666,101.9798
Recife FIR,96.6779,101.8275
Recife FIR,97.7891,101.5459
Recife FIR,98.9003,101.0685
Punta Arenas FIR,0.0,2.0224
Punta Arenas FIR,1.2584,59.0533
Punta Arenas FIR,2.5167,82.9316
Punta Arenas FIR,3.7751,97.5304
Punta Arenas FIR,5.0334,107.1592
Punta Arenas FIR,6.2918,113.2941
Punta Arenas FIR,7.5501,117.2252
Punta Arenas FIR,8.8085,119.8242
Punta Arenas FIR,10.0669,121.5455
Punta Arenas FIR,11.3252,122.5849
Punta Arenas FIR,12.5836,123.2034
Punta Arenas FIR,13.8419,123.5386
Punta Arenas FIR,15.1003,123.6745
Punta Arenas FIR,16.3586,123.7238
Punta Arenas FIR,17.617,123.7361
Punta Arenas FIR,18.8753,123.7375
Punta Arenas FIR,20.1337,123.7376
Punta Arenas FIR,21.3921,123.7376
Punta Arenas FIR,22.6504,123.7376
Punta Arenas FIR,23.9088,123.7376
Punta Arenas FIR,25.1671,123.7376
Punta Arenas FIR,26.4255,123.7376
Punta Arenas FIR,27.6838,123.7376
Punta Arenas FIR,28.9422,123.7376
Punta Arenas FIR,30.2006,123.7376
Punta Arenas FIR,31.4589,123.7376
Punta Arenas FIR,32.7173,123.7376
Punta Arenas FIR,33.9756,123.7376
Punta Arenas FIR,35.234,123.7376
Punta Arenas FIR,36.4923,123.7376
Punta Arenas FIR,37.7507,123.7376
Punta Arenas FIR,39.009,123.7376
Punta Arenas FIR,40.2674,123.7376
Punta Arenas FIR,41.5258,123.7376
Punta Arenas FIR,42.7841,123.7376
Punta Arenas FIR,44.0425,123.7376
Punta Arenas FIR,45.3008,123.7376
Punta Arenas FIR,46.5592,123.7376
Punta Arenas FIR,47.8175,123.7376
Punta Arenas FIR,49.0759,123.7376
Punta Arenas FIR,50.3343,123.7376
Punta Arenas FIR,51.5926,123.7376
Punta Arenas FIR,52.851,123.7376
Punta Arenas FIR,54.1093,123.7376
Punta Arenas FIR,55.3677,123.7376
Punta Arenas FIR,56.626,123.7376
Punta Arenas FIR,57.8844,123.7376
Punta Arenas FIR,59.1427,123.7376
Punta Arenas FIR,60.4011,123.7376
Punta Arenas FIR,61.6595,123.7376
Punta Arenas FIR,62.9178,123.7376
Punta Arenas FIR,64.1762,123.7376
Punta Arenas FIR,65.4345,123.7376
Punta Arenas FIR,66.6929,123.7376
Punta Arenas FIR,67.9512,123.7376
Punta Arenas FIR,69.2096,123.7376
Punta Arenas FIR,70.468,123.7376
Punta Arenas FIR,71.7263,123.7376
Punta Arenas FIR,72.9847,123.7376
Punta Arenas FIR,74.243,123.7376
Punta Arenas FIR,75.5014,123.7376
Punta Arenas FIR,76.7597,123.7376
Punta Arenas FIR,78.0181,123.7376
Punta Arenas FIR,79.2764,123.7376
Punta Arenas FIR,80.5348,123.7376
Punta Arenas FIR,81.7932,123.7376
Punta Arenas FIR,83.0515,123.7376
Punta Arenas FIR,84.3099,123.7376
Punta Arenas FIR,85.5682,123.7376
Punta Arenas FIR,86.8266,123.7376
Punta Arenas FIR,88.0849,123.7376
Punta Arenas FIR,89.3433,123.7375
Punta Arenas FIR,90.6017,123.7368
Punta Arenas FIR,91.86,123.7267
Punta Arenas FIR,93.1184,123.6732
Punta Arenas FIR,94.3767,123.4692
Punta Arenas FIR,95.6351,123.0031
Punta Arenas FIR,96.8934,121.8106
Punta Arenas FIR,98.1518,119.0014
Punta Arenas FIR,99.4101,111.2814
Santiago FIR,0.0,1.9199
Santiago FIR,1.1112,52.1286
Santiago FIR,2.2225,74.1696
Santiago FIR,3.3337,88.878
Santiago FIR,4.445,99.2231
Santiago FIR,5.5562,106.9061
Santiago FIR,6.6674,112.7526
Santiago FIR,7.7787,117.3444
Santiago FIR,8.8899,121.0666
Santiago FIR,10.0012,123.9653
Santiago FIR,11.1124,126.106
Santiago FIR,12.2236,127.715
Santiago FIR,13.3349,128.9414
Santiago FIR,14.4461,129.8688
Santiago FIR,15.5574,130.554
Santiago FIR,16.6686,131.0433
Santiago FIR,17.7798,131.394
Santiago FIR,18.8911,131.6369
Santiago FIR,20.0023,131.8012
Santiago FIR,21.1136,131.9057
Santiago FIR,22.2248,131.9673
Santiago FIR,23.336,132.0009
Santiago FIR,24.4473,132.016
Santiago FIR,25.5585,132.0216
Santiago FIR,26.6698,132.0225
Santiago FIR,27.781,132.0225
Santiago FIR,28.8922,132.0225
Santiago FIR,30.0035,132.0225
Santiago FIR,31.1147,132.0225
Santiago FIR,32.226,132.0225
Santiago FIR,33.3372,132.0225
Santiago FIR,34.4484,132.0225
Santiago FIR,35.5597,132.0225
Santiago FIR,36.6709,132.0225
Santiago FIR,37.7822,132.0225
Santiago FIR,38.8934,132.0225
Santiago FIR,40.0046,132.0225
Santiago FIR,41.1159,132.0225
Santiago FIR,42.2271,132.0225
Santiago FIR,43.3383,132.0225
Santiago FIR,44.4496,132.0225
Santiago FIR,45.5608,132.0225
Santiago FIR,46.6721,132.0225
Santiago FIR,47.7833,132.0225
Santiago FIR,48.8945,132.0225
Santiago FIR,50.0058,132.0225
Santiago FIR,51.117,132.0225
Santiago FIR,52.2283,132.0225
Santiago FIR,53.3395,132.0225
Santiago FIR,54.4507,132.0225
Santiago FIR,55.562,132.0225
Santiago FIR,56.6732,132.0225
Santiago FIR,57.7845,132.0225
Santiago FIR,58.8957,132.0225
Santiago FIR,60.0069,132.0225
Santiago FIR,61.1182,132.0225
Santiago FIR,62.2294,132.0225
Santiago FIR,63.3407,132.0225
Santiago FIR,64.4519,132.0225
Santiago FIR,65.5631,132.0225
Santiago FIR,66.6744,132.0225
Santiago FIR,67.7856,132.0225
Santiago FIR,68.8969,132.0225
Santiago FIR,70.0081,132.0225
Santiago FIR,71.1193,132.0225
Santiago FIR,72.2306,132.0225
Santiago FIR,73.3418,132.0225
Santiago FIR,74.4531,132.0225
Santiago FIR,75.5643,132.0225
Santiago FIR,76.6755,132.0225
Santiago FIR,77.7868,132.0225
Santiago FIR,78.898,132.0225
Santiago FIR,80.0093,132.0225
Santiago FIR,81.1205,132.0225
Santiago FIR,82.2317,132.0225
Santiago FIR,83.343,132.0225
Santiago FIR,84.4542,132.0225
Santiago FIR,85.5655,132.0223
Santiago FIR,86.6767,132.02
Santiago FIR,87.7879,132.0093
Santiago FIR,88.8992,131.9794
Santiago FIR,90.0104,131.913
Santiago FIR,91.1217,131.7869
Santiago FIR,92.2329,131.5596
Santiago FIR,93.3441,131.1756
Santiago FIR,94.4554,130.521
Santiago FIR,95.5666,129.3819
Santiago FIR,96.6779,127.4577
Santiago FIR,97.7891,124.1795
Santiago FIR,98.9003,118.1758
Antofagasta FIR,0.0,1.1938
Antofagasta FIR,1.1112,41.4002
Antofagasta FIR,2.2225,60.7357
Antofagasta FIR,3.3337,73.4504
Antofagasta FIR,4.445,82.6011
Antofagasta FIR,5.5562,89.2142
Antofagasta FIR,6.6674,94.0296
Antofagasta FIR,7.7787,97.6803
Antofagasta FIR,8.8899,100.3271
Antofagasta FIR,10.0012,102.278
Antofagasta FIR,11.1124,103.7366
Antofagasta FIR,12.2236,104.8332
Antofagasta FIR,13.3349,105.6462
Antofagasta FIR,14.4461,106.2179
Antofagasta FIR,15.5574,106.6085
Antofagasta FIR,16.6686,106.8712
Antofagasta FIR,17.7798,107.0396
Antofagasta FIR,18.8911,107.1404
Antofagasta FIR,20.0023,107.2001
Antofagasta FIR,21.1136,107.23
Antofagasta FIR,22.2248,107.2417
Antofagasta FIR,23.336,107.2453
Antofagasta FIR,24.4473,107.2456
Antofagasta FIR,25.5585,107.2456
Antofagasta FIR,26.6698,107.2456
Antofagasta FIR,27.781,107.2456
Antofagasta FIR,28.8922,107.2456
Antofagasta FIR,30.0035,107.2456
Antofagasta FIR,31.1147,107.2456
Antofagasta FIR,32.226,107.2456
Antofagasta FIR,33.3372,107.2456
Antofagasta FIR,34.4484,107.2456
Antofagasta FIR,35.5597,107.2456
Antofagasta FIR,36.6709,107.2456
Antofagasta FIR,37.7822,107.2456
Antofagasta FIR,38.8934,107.2456
Antofagasta FIR,40.0046,107.2456
Antofagasta FIR,41.1159,107.2456
Antofagasta FIR,42.2271,107.2456
Antofagasta FIR,43.3383,107.2456
Antofagasta FIR,44.4496,107.2456
Antofagasta FIR,45.5608,107.2456
Antofagasta FIR,46.6721,107.2456
Antofagasta FIR,47.7833,107.2456
Antofagasta FIR,48.8945,107.2456
Antofagasta FIR,50.0058,107.2456
Antofagasta FIR,51.117,107.2456
Antofagasta FIR,52.2283,107.2456
Antofagasta FIR,53.3395,107.2456
Antofagasta FIR,54.4507,107.2456
Antofagasta FIR,55.562,107.2456
Antofagasta FIR,56.6732,107.2456
Antofagasta FIR,57.7845,107.2456
Antofagasta FIR,58.8957,107.2456
Antofagasta FIR,60.0069,107.2456
Antofagasta FIR,61.1182,107.2456
Antofagasta FIR,62.2294,107.2456
Antofagasta FIR,63.3407,107.2456
Antofagasta FIR,64.4519,107.2456
Antofagasta FIR,65.5631,107.2456
Antofagasta FIR,66.6744,107.2456
Antofagasta FIR,67.7856,107.2456
Antofagasta FIR,68.8969,107.2456
Antofagasta FIR,70.0081,107.2456
Antofagasta FIR,71.1193,107.2456
Antofagasta FIR,72.2306,107.2456
Antofagasta FIR,73.3418,107.2456
Antofagasta FIR,74.4531,107.2456
Antofagasta FIR,75.5643,107.2456
Antofagasta FIR,76.6755,107.2456
Antofagasta FIR,77.7868,107.2456
Antofagasta FIR,78.898,107.2456
Antofagasta FIR,80.0093,107.2456
Antofagasta FIR,81.1205,107.2456
Antofagasta FIR,82.2317,107.2456
Antofagasta FIR,83.343,107.2456
Antofagasta FIR,84.4542,107.2456
Antofagasta FIR,85.5655,107.2456
Antofagasta FIR,86.6767,107.2456
Antofagasta FIR,87.7879,107.2456
Antofagasta FIR,88.8992,107.2456
Antofagasta FIR,90.0104,107.2456
Antofagasta FIR,91.1217,107.2456
Antofagasta FIR,92.2329,107.2447
Antofagasta FIR,93.3441,107.2393
Antofagasta FIR,94.4554,107.218
Antofagasta FIR,95.5666,107.1459
Antofagasta FIR,96.6779,106.9377
Antofagasta FIR,97.7891,106.4
Antofagasta FIR,98.9003,104.9097
Isla De Pascua FIR,0.0,1.2743
Isla De Pascua FIR,1.3646,41.3185
Isla De Pascua FIR,2.7292,60.3943
Isla De Pascua FIR,4.0938,73.7611
Isla De Pascua FIR,5.4584,83.2993
Isla De Pascua FIR,6.823,90.1724
Isla De Pascua FIR,8.1876,95.3237
Isla De Pascua FIR,9.5522,98.9992
Isla De Pascua FIR,10.9168,101.5606
Isla De Pascua FIR,12.2814,103.2438
Isla De Pascua FIR,13.6461,104.2473
Isla De Pascua FIR,15.0107,104.7894
Isla De Pascua FIR,16.3753,105.0395
Isla De Pascua FIR,17.7399,105.1141
Isla De Pascua FIR,19.1045,105.1226
Isla De Pascua FIR,20.4691,105.1228
Isla De Pascua FIR,21.8337,105.1228
Isla De Pascua FIR,23.1983,105.1228
Isla De Pascua FIR,24.5629,105.1228
Isla De Pascua FIR,25.9275,105.1228
Isla De Pascua FIR,27.2921,105.1228
Isla De Pascua FIR,28.6567,105.1228
Isla De Pascua FIR,30.0213,105.1228
Isla De Pascua FIR,31.3859,105.1228
Isla De Pascua FIR,32.7505,105.1228
Isla De Pascua FIR,34.1151,105.1228
Isla De Pascua FIR,35.4797,105.1228
Isla De Pascua FIR,36.8443,105.1228
Isla De Pascua FIR,38.209,105.1228
Isla De Pascua FIR,39.5736,105.1228
Isla De Pascua FIR,40.9382,105.1228
Isla De Pascua FIR,42.3028,105.1228
Isla De Pascua FIR,43.6674,105.1228
Isla De Pascua FIR,45.032,105.1228
Isla De Pascua FIR,46.3966,105.1228
Isla De Pascua FIR,47.7612,105.1228
Isla De Pascua FIR,49.1258,105.1228
Isla De Pascua FIR,50.4904,105.1228
Isla De Pascua FIR,51.855,105.1228
Isla De Pascua FIR,53.2196,105.1228
Isla De Pascua FIR,54.5842,105.1228
Isla De Pascua FIR,55.9488,105.1228
Isla De Pascua FIR,57.3134,105.1228
Isla De Pascua FIR,58.678,105.1228
Isla De Pascua FIR,60.0426,105.1228
Isla De Pascua FIR,61.4072,105.1228
Isla De Pascua FIR,62.7719,105.1228
Isla De Pascua FIR,64.1365,105.1228
Isla De Pascua FIR,65.5011,105.1228
Isla De Pascua FIR,66.8657,105.1228
Isla De Pascua FIR,68.2303,105.1228
Isla De Pascua FIR,69.5949,105.1228
Isla De Pascua FIR,70.9595,105.1228
Isla De Pascua FIR,72.3241,105.1228
Isla De Pascua FIR,73.6887,105.1228
Isla De Pascua FIR,75.0533,105.1228
Isla De Pascua FIR,76.4179,105.1228
Isla De Pascua FIR,77.7825,105.1228
Isla De Pascua FIR,79.1471,105.1228
Isla De Pascua FIR,80.5117,105.1228
Isla De Pascua FIR,81.8763,105.1228
Isla De Pascua FIR,83.2409,105.1228
Isla De Pascua FIR,84.6055,105.1228
Isla De Pascua FIR,85.9701,105.1228
Isla De Pascua FIR,87.3348,105.1228
Isla De Pascua FIR,88.6994,105.1228
Isla De Pascua FIR,90.064,105.1228
Isla De Pascua FIR,91.4286,105.1228
Isla De Pascua FIR,92.7932,105.1228
Isla De Pascua FIR,94.1578,105.1227
Isla De Pascua FIR,95.5224,105.1201
Isla De Pascua FIR,96.887,105.082
Isla De Pascua FIR,98.2516,104.7713
Isla De Pascua FIR,99.6162,102.505
Puerto Montt FIR,0.0,2.3061
Puerto Montt FIR,1.1605,57.344
Puerto Montt FIR,2.3211,85.2559
Puerto Montt FIR,3.4816,104.1781
Puerto Montt FIR,4.6422,117.8751
Puerto Montt FIR,5.8027,128.049
Puerto Montt FIR,6.9632,135.5378
Puerto Montt FIR,8.1238,140.9804
Puerto Montt FIR,9.2843,145.0879
Puerto Montt FIR,10.4449,148.2583
Puerto Montt FIR,11.6054,150.5197
Puerto Montt FIR,12.766,152.101
Puerto Montt FIR,13.9265,153.1953
Puerto Montt FIR,15.087,153.9068
Puerto Montt FIR,16.2476,154.3648
Puerto Montt FIR,17.4081,154.6421
Puerto Montt FIR,18.5687,154.8057
Puerto Montt FIR,19.7292,154.9046
Puerto Montt FIR,20.8897,154.9496
Puerto Montt FIR,22.0503,154.9673
Puerto Montt FIR,23.2108,154.9728
Puerto Montt FIR,24.3714,154.9743
Puerto Montt FIR,25.5319,154.9745
Puerto Montt FIR,26.6925,154.9745
Puerto Montt FIR,27.853,154.9745
Puerto Montt FIR,29.0135,154.9745
Puerto Montt FIR,30.1741,154.9745
Puerto Montt FIR,31.3346,154.9745
Puerto Montt FIR,32.4952,154.9745
Puerto Montt FIR,33.6557,154.9745
Puerto Montt FIR,34.8162,154.9745
Puerto Montt FIR,35.9768,154.9745
Puerto Montt FIR,37.1373,154.9745
Puerto Montt FIR,38.2979,154.9745
Puerto Montt FIR,39.4584,154.9745
Puerto Montt FIR,40.619,154.9745
Puerto Montt FIR,41.7795,154.9745
Puerto Montt FIR,42.94,154.9745
Puerto Montt FIR,44.1006,154.9745
Puerto Montt FIR,45.2611,154.9745
Puerto Montt FIR,46.4217,154.9745
Puerto Montt FIR,47.5822,154.9745
Puerto Montt FIR,48.7427,154.9745
Puerto Montt FIR,49.9033,154.9745
Puerto Montt FIR,51.0638,154.9745
Puerto Montt FIR,52.2244,154.9745
Puerto Montt FIR,53.3849,154.9745
Puerto Montt FIR,54.5455,154.9745
Puerto Montt FIR,55.706,154.9745
Puerto Montt FIR,56.8665,154.9745
Puerto Montt FIR,58.0271,154.9745
Puerto Montt FIR,59.1876,154.9745
Puerto Montt FIR,60.3482,154.9745
Puerto Montt FIR,61.5087,154.9745
Puerto Montt FIR,62.6692,154.9745
Puerto Montt FIR,63.8298,154.9745
Puerto Montt FIR,64.9903,154.9745
Puerto Montt FIR,66.1509,154.9745
Puerto Montt FIR,67.3114,154.9745
Puerto Montt FIR,68.472,154.9745
Puerto Montt FIR,69.6325,154.9745
Puerto Montt FIR,70.793,154.9745
Puerto Montt FIR,71.9536,154.9745
Puerto Montt FIR,73.1141,154.9745
Puerto Montt FIR,74.2747,154.9745
Puerto Montt FIR,75.4352,154.9745
Puerto Montt FIR,76.5957,154.9745
Puerto Montt FIR,77.7563,154.9745
Puerto Montt FIR,78.9168,154.9745
Puerto Montt FIR,80.0774,154.9745
Puerto Montt FIR,81.2379,154.9745
Puerto Montt FIR,82.3985,154.9745
Puerto Montt FIR,83.559,154.9745
Puerto Montt FIR,84.7195,154.9744
Puerto Montt FIR,85.8801,154.9735
Puerto Montt FIR,87.0406,154.9677
Puerto Montt FIR,88.2012,154.9416
Puerto Montt FIR,89.3617,154.8513
Puerto Montt FIR,90.5222,154.6199
Puerto Montt FIR,91.6828,154.1583
Puerto Montt FIR,92.8433,153.3955
Puerto Montt FIR,94.0039,152.0634
Puerto Montt FIR,95.1644,149.7765
Puerto Montt FIR,96.325,145.9645
Puerto Montt FIR,97.4855,140.0879
Puerto Montt FIR,98.646,129.9486
Puerto Montt FIR,99.8066,108.4822
Guayaquil FIR/UIR,0.0,0.5609
Guayaquil FIR/UIR,1.1112,26.8063
Guayaquil FIR/UIR,2.2225,41.3568
Guayaquil FIR/UIR,3.3337,52.4072
Guayaquil FIR/UIR,4.445,61.2608
Guayaquil FIR/UIR,5.5562,68.6057
Guayaquil FIR/UIR,6.6674,74.8954
Guayaquil FIR/UIR,7.7787,80.2123
Guayaquil FIR/UIR,8.8899,84.786
Guayaquil FIR/UIR,10.0012,88.7369
Guayaquil FIR/UIR,11.1124,92.2328
Guayaquil FIR/UIR,12.2236,95.2893
Guayaquil FIR/UIR,13.3349,97.9535
Guayaquil FIR/UIR,14.4461,100.2651
Guayaquil FIR/UIR,15.5574,102.2673
Guayaquil FIR/UIR,16.6686,104.0102
Guayaquil FIR/UIR,17.7798,105.5338
Guayaquil FIR/UIR,18.8911,106.8789
Guayaquil FIR/UIR,20.0023,108.0453
Guayaquil FIR/UIR,21.1136,109.035
Guayaquil FIR/UIR,22.2248,109.8645
Guayaquil FIR/UIR,23.336,110.5663
Guayaquil FIR/UIR,24.4473,111.1515
Guayaquil FIR/UIR,25.5585,111.6309
Guayaquil FIR/UIR,26.6698,112.0225
Guayaquil FIR/UIR,27.781,112.346
Guayaquil FIR/UIR,28.8922,112.6021
Guayaquil FIR/UIR,30.0035,112.8051
Guayaquil FIR/UIR,31.1147,112.9565
Guayaquil FIR/UIR,32.226,113.0681
Guayaquil FIR/UIR,33.3372,113.1469
Guayaquil FIR/UIR,34.4484,113.2
Guayaquil FIR/UIR,35.5597,113.2323
Guayaquil FIR/UIR,36.6709,113.2482
Guayaquil FIR/UIR,37.7822,113.2539
Guayaquil FIR/UIR,38.8934,113.2549
Guayaquil FIR/UIR,40.0046,113.255
Guayaquil FIR/UIR,41.1159,113.255
Guayaquil FIR/UIR,42.2271,113.255
Guayaquil FIR/UIR,43.3383,113.255
Guayaquil FIR/UIR,44.4496,113.255
Guayaquil FIR/UIR,45.5608,113.255
Guayaquil FIR/UIR,46.6721,113.255
Guayaquil FIR/UIR,47.7833,113.255
Guayaquil FIR/UIR,48.8945,113.255
Guayaquil FIR/UIR,50.0058,113.255
Guayaquil FIR/UIR,51.117,113.255
Guayaquil FIR/UIR,52.2283,113.255
Guayaquil FIR/UIR,53.3395,113.255
Guayaquil FIR/UIR,54.4507,113.255
Guayaquil FIR/UIR,55.562,113.255
Guayaquil FIR/UIR,56.6732,113.255
Guayaquil FIR/UIR,57.7845,113.255
Guayaquil FIR/UIR,58.8957,113.255
Guayaquil FIR/UIR,60.0069,113.255
Guayaquil FIR/UIR,61.1182,113.255
Guayaquil FIR/UIR,62.2294,113.255
Guayaquil FIR/UIR,63.3407,113.255
Guayaquil FIR/UIR,64.4519,113.255
Guayaquil FIR/UIR,65.5631,113.255
Guayaquil FIR/UIR,66.6744,113.255
Guayaquil FIR/UIR,67.7856,113.255
Guayaquil FIR/UIR,68.8969,113.255
Guayaquil FIR/UIR,70.0081,113.255
Guayaquil FIR/UIR,71.1193,113.255
Guayaquil FIR/UIR,72.2306,113.255
Guayaquil FIR/UIR,73.3418,113.255
Guayaquil FIR/UIR,74.4531,113.255
Guayaquil FIR/UIR,75.5643,113.255
Guayaquil FIR/UIR,76.6755,113.255
Guayaquil FIR/UIR,77.7868,113.255
Guayaquil FIR/UIR,78.898,113.255
Guayaquil FIR/UIR,80.0093,113.255
Guayaquil FIR/UIR,81.1205,113.255
Guayaquil FIR/UIR,82.2317,113.255
Guayaquil FIR/UIR,83.343,113.255
Guayaquil FIR/UIR,84.4542,113.255
Guayaquil FIR/UIR,85.5655,113.255
Guayaquil FIR/UIR,86.6767,113.255
Guayaquil FIR/UIR,87.7879,113.255
Guayaquil FIR/UIR,88.8992,113.2549
Guayaquil FIR/UIR,90.0104,113.2513
Guayaquil FIR/UIR,91.1217,113.2261
Guayaquil FIR/UIR,92.2329,113.1436
Guayaquil FIR/UIR,93.3441,112.9572
Guayaquil FIR/UIR,94.4554,112.6022
Guayaquil FIR/UIR,95.5666,112.0159
Guayaquil FIR/UIR,96.6779,111.0821
Guayaquil FIR/UIR,97.7891,109.5419
Guayaquil FIR/UIR,98.9003,106.7698
Asuncion FIR/UIR,0.0,1.9602
Asuncion FIR/UIR,1.113,54.2487
Asuncion FIR/UIR,2.2261,75.1125
Asuncion FIR/UIR,3.3391,87.923
Asuncion FIR/UIR,4.4522,96.2149
Asuncion FIR/UIR,5.5652,101.8642
Asuncion FIR/UIR,6.6783,105.5129
Asuncion FIR/UIR,7.7913,107.9156
Asuncion FIR/UIR,8.9043,109.4287
Asuncion FIR/UIR,10.0174,110.3901
Asuncion FIR/UIR,11.1304,110.9516
Asuncion FIR/UIR,12.2435,111.2847
Asuncion FIR/UIR,13.3565,111.4632
Asuncion FIR/UIR,14.4696,111.5216
Asuncion FIR/UIR,15.5826,111.5298
Asuncion FIR/UIR,16.6957,111.53
Asuncion FIR/UIR,17.8087,111.53
Asuncion FIR/UIR,18.9217,111.53
Asuncion FIR/UIR,20.0348,111.53
Asuncion FIR/UIR,21.1478,111.53
Asuncion FIR/UIR,22.2609,111.53
Asuncion FIR/UIR,23.3739,111.53
Asuncion FIR/UIR,24.487,111.53
Asuncion FIR/UIR,25.6,111.53
Asuncion FIR/UIR,26.713,111.53
Asuncion FIR/UIR,27.8261,111.53
Asuncion FIR/UIR,28.9391,111.53
Asuncion FIR/UIR,30.0522,111.53
Asuncion FIR/UIR,31.1652,111.53
Asuncion FIR/UIR,32.2783,111.53
Asuncion FIR/UIR,33.3913,111.53
Asuncion FIR/UIR,34.5043,111.53
Asuncion FIR/UIR,35.6174,111.53
Asuncion FIR/UIR,36.7304,111.53
Asuncion FIR/UIR,37.8435,111.53
Asuncion FIR/UIR,38.9565,111.53
Asuncion FIR/UIR,40.0696,111.53
Asuncion FIR/UIR,41.1826,111.53
Asuncion FIR/UIR,42.2957,111.53
Asuncion FIR/UIR,43.4087,111.53
Asuncion FIR/UIR,44.5217,111.53
Asuncion FIR/UIR,45.6348,111.53
Asuncion FIR/UIR,46.7478,111.53
Asuncion FIR/UIR,47.8609,111.53
Asuncion FIR/UIR,48.9739,111.53
Asuncion FIR/UIR,50.087,111.53
Asuncion FIR/UIR,51.2,111.53
Asuncion FIR/UIR,52.313,111.53
Asuncion FIR/UIR,53.4261,111.53
Asuncion FIR/UIR,54.5391,111.53
Asuncion FIR/UIR,55.6522,111.53
Asuncion FIR/UIR,56.7652,111.53
Asuncion FIR/UIR,57.8783,111.53
Asuncion FIR/UIR,58.9913,111.53
Asuncion FIR/UIR,60.1043,111.53
Asuncion FIR/UIR,61.2174,111.53
Asuncion FIR/UIR,62.3304,111.53
Asuncion FIR/UIR,63.4435,111.53
Asuncion FIR/UIR,64.5565,111.53
Asuncion FIR/UIR,65.6696,111.53
Asuncion FIR/UIR,66.7826,111.53
Asuncion FIR/UIR,67.8957,111.53
Asuncion FIR/UIR,69.0087,111.53
Asuncion FIR/UIR,70.1217,111.53
Asuncion FIR/UIR,71.2348,111.53
Asuncion FIR/UIR,72.3478,111.53
Asuncion FIR/UIR,73.4609,111.53
Asuncion FIR/UIR,74.5739,111.53
Asuncion FIR/UIR,75.687,111.53
Asuncion FIR/UIR,76.8,111.53
Asuncion FIR/UIR,77.913,111.53
Asuncion FIR/UIR,79.0261,111.53
Asuncion FIR/UIR,80.1391,111.53
Asuncion FIR/UIR,81.2522,111.53
Asuncion FIR/UIR,82.3652,111.53
Asuncion FIR/UIR,83.4783,111.53
Asuncion FIR/UIR,84.5913,111.53
Asuncion FIR/UIR,85.7043,111.53
Asuncion FIR/UIR,86.8174,111.53
Asuncion FIR/UIR,87.9304,111.53
Asuncion FIR/UIR,89.0435,111.53
Asuncion FIR/UIR,90.1565,111.53
Asuncion FIR/UIR,91.2696,111.53
Asuncion FIR/UIR,92.3826,111.53
Asuncion FIR/UIR,93.4957,111.53
Asuncion FIR/UIR,94.6087,111.5286
Asuncion FIR/UIR,95.7217,111.4923
Asuncion FIR/UIR,96.8348,111.2736
Asuncion FIR/UIR,97.9478,110.5087
Asuncion FIR/UIR,99.0609,108.1569
Barranquilla FIR,0.0,0.669
Barranquilla FIR,1.1112,21.1503
Barranquilla FIR,2.2225,34.1381
Barranquilla FIR,3.3337,44.5161
Barranquilla FIR,4.445,53.3388
Barranquilla FIR,5.5562,61.0286
Barranquilla FIR,6.6674,67.7915
Barranquilla FIR,7.7787,73.854
Barranquilla FIR,8.8899,79.2758
Barranquilla FIR,10.0012,84.1901
Barranquilla FIR,11.1124,88.6523
Barranquilla FIR,12.2236,92.6843
Barranquilla FIR,13.3349,96.3154
Barranquilla FIR,14.4461,99.6577
Barranquilla FIR,15.5574,102.74
Barranquilla FIR,16.6686,105.5666
Barranquilla FIR,17.7798,108.1379
Barranquilla FIR,18.8911,110.5149
Barranquilla FIR,20.0023,112.6991
Barranquilla FIR,21.1136,114.719
Barranquilla FIR,22.2248,116.5751
Barranquilla FIR,23.336,118.2688
Barranquilla FIR,24.4473,119.8037
Barranquilla FIR,25.5585,121.1945
Barranquilla FIR,26.6698,122.4542
Barranquilla FIR,27.781,123.5707
Barranquilla FIR,28.8922,124.5607
Barranquilla FIR,30.0035,125.4324
Barranquilla FIR,31.1147,126.2038
Barranquilla FIR,32.226,126.8678
Barranquilla FIR,33.3372,127.4479
Barranquilla FIR,34.4484,127.9557
Barranquilla FIR,35.5597,128.3902
Barranquilla FIR,36.6709,128.754
Barranquilla FIR,37.7822,129.0508
Barranquilla FIR,38.8934,129.2962
Barranquilla FIR,40.0046,129.4952
Barranquilla FIR,41.1159,129.6464
Barranquilla FIR,42.2271,129.7636
Barranquilla FIR,43.3383,129.8467
Barranquilla FIR,44.4496,129.9012
Barranquilla FIR,45.5608,129.933
Barranquilla FIR,46.6721,129.9477
Barranquilla FIR,47.7833,129.9519
Barranquilla FIR,48.8945,129.9524
Barranquilla FIR,50.0058,129.9524
Barranquilla FIR,51.117,129.9524
Barranquilla FIR,52.2283,129.9524
Barranquilla FIR,53.3395,129.9524
Barranquilla FIR,54.4507,129.9524
Barranquilla FIR,55.562,129.9524
Barranquilla FIR,56.6732,129.9524
Barranquilla FIR,57.7845,129.9524
Barranquilla FIR,58.8957,129.9524
Barranquilla FIR,60.0069,129.9524
Barranquilla FIR,61.1182,129.9524
Barranquilla FIR,62.2294,129.9524
Barranquilla FIR,63.3407,129.9524
Barranquilla FIR,64.4519,129.9524
Barranquilla FIR,65.5631,129.9524
Barranquilla FIR,66.6744,129.9524
Barranquilla FIR,67.7856,129.9524
Barranquilla FIR,68.8969,129.9524
Barranquilla FIR,70.0081,129.9524
Barranquilla FIR,71.1193,129.9524
Barranquilla FIR,72.2306,129.9524
Barranquilla FIR,73.3418,129.9524
Barranquilla FIR,74.4531,129.9524
Barranquilla FIR,75.5643,129.9524
Barranquilla FIR,76.6755,129.9524
Barranquilla FIR,77.7868,129.9515
Barranquilla FIR,78.898,129.9422
Barranquilla FIR,80.0093,129.9104
Barranquilla FIR,81.1205,129.8485
Barranquilla FIR,82.2317,129.7494
Barranquilla FIR,83.343,129.5909
Barranquilla FIR,84.4542,129.3699
Barranquilla FIR,85.5655,129.0724
Barranquilla FIR,86.6767,128.6595
Barranquilla FIR,87.7879,128.105
Barranquilla FIR,88.8992,127.4177
Barranquilla FIR,90.0104,126.5546
Barranquilla FIR,91.1217,125.5039
Barranquilla FIR,92.2329,124.2366
Barranquilla FIR,93.3441,122.6987
Barranquilla FIR,94.4554,120.8215
Barranquilla FIR,95.5666,118.535
Barranquilla FIR,96.6779,115.6549
Barranquilla FIR,97.7891,112.1057
Barranquilla FIR,98.9003,107.4125
Bogota FIR,0.0,0.2569
Bogota FIR,1.1112,12.7069
Bogota FIR,2.2225,21.1594
Bogota FIR,3.3337,28.2423
Bogota FIR,4.445,34.4633
Bogota FIR,5.5562,40.049
Bogota FIR,6.6674,45.1447
Bogota FIR,7.7787,49.8752
Bogota FIR,8.8899,54.2188
Bogota FIR,10.0012,58.2865
Bogota FIR,11.1124,62.1267
Bogota FIR,12.2236,65.7146
Bogota FIR,13.3349,69.0701
Bogota FIR,14.4461,72.2499
Bogota FIR,15.5574,75.2513
Bogota FIR,16.6686,78.0868
Bogota FIR,17.7798,80.7521
Bogota FIR,18.8911,83.2654
Bogota FIR,20.0023,85.6517
Bogota FIR,21.1136,87.9082
Bogota FIR,22.2248,90.0292
Bogota FIR,23.336,92.0372
Bogota FIR,24.4473,93.9157
Bogota FIR,25.5585,95.6769
Bogota FIR,26.6698,97.341
Bogota FIR,27.781,98.9209
Bogota FIR,28.8922,100.4121
Bogota FIR,30.0035,101.8108
Bogota FIR,31.1147,103.1221
Bogota FIR,32.226,104.3579
Bogota FIR,33.3372,105.5207
Bogota FIR,34.4484,106.6136
Bogota FIR,35.5597,107.6302
Bogota FIR,36.6709,108.5777
Bogota FIR,37.7822,109.4687
Bogota FIR,38.8934,110.2969
Bogota FIR,40.0046,111.0634
Bogota FIR,41.1159,111.7755
Bogota FIR,42.2271,112.4289
Bogota FIR,43.3383,113.0275
Bogota FIR,44.4496,113.5848
Bogota FIR,45.5608,114.0931
Bogota FIR,46.6721,114.561
Bogota FIR,47.7833,114.9852
Bogota FIR,48.8945,115.3696
Bogota FIR,50.0058,115.7161
Bogota FIR,51.117,116.0278
Bogota FIR,52.2283,116.3092
Bogota FIR,53.3395,116.5564
Bogota FIR,54.4507,116.7739
Bogota FIR,55.562,116.9661
Bogota FIR,56.6732,117.1323
Bogota FIR,57.7845,117.2747
Bogota FIR,58.8957,117.3933
Bogota FIR,60.0069,117.488
Bogota FIR,61.1182,117.5603
Bogota FIR,62.2294,117.6136
Bogota FIR,63.3407,117.6508
Bogota FIR,64.4519,117.6747
Bogota FIR,65.5631,117.6881
Bogota FIR,66.6744,117.6941
Bogota FIR,67.7856,117.6951
Bogota FIR,68.8969,117.6951
Bogota FIR,70.0081,117.6951
Bogota FIR,71.1193,117.6951
Bogota FIR,72.2306,117.6951
Bogota FIR,73.3418,117.6951
Bogota FIR,74.4531,117.6951
Bogota FIR,75.5643,117.6949
Bogota FIR,76.6755,117.6874
Bogota FIR,77.7868,117.6589
Bogota FIR,78.898,117.6027
Bogota FIR,80.0093,117.5168
Bogota FIR,81.1205,117.394
Bogota FIR,82.2317,117.2292
Bogota FIR,83.343,117.0218
Bogota FIR,84.4542,116.7652
Bogota FIR,85.5655,116.4485
Bogota FIR,86.6767,116.0745
Bogota FIR,87.7879,115.6189
Bogota FIR,88.8992,115.0892
Bogota FIR,90.0104,114.4739
Bogota FIR,91.1217,113.7607
Bogota FIR,92.2329,112.9448
Bogota FIR,93.3441,111.9908
Bogota FIR,94.4554,110.8878
Bogota FIR,95.5666,109.5996
Bogota FIR,96.6779,108.0606
Bogota FIR,97.7891,106.1837
Bogota FIR,98.9003,103.8101
La Paz FIR,0.0,0.6764
La Paz FIR,1.1112,22.0876
La Paz FIR,2.2225,34.6999
La Paz FIR,3.3337,44.3837
La Paz FIR,4.445,52.6385
La Paz FIR,5.5562,59.8064
La Paz FIR,6.6674,66.0104
La Paz FIR,7.7787,71.372
La Paz FIR,8.8899,76.1448
La Paz FIR,10.0012,80.373
La Paz FIR,11.1124,84.104
La Paz FIR,12.2236,87.4438
La Paz FIR,13.3349,90.4514
La Paz FIR,14.4461,93.1423
La Paz FIR,15.5574,95.5677
La Paz FIR,16.6686,97.7441
La Paz FIR,17.7798,99.7016
La Paz FIR,18.8911,101.4549
La Paz FIR,20.0023,103.0212
La Paz FIR,21.1136,104.3953
La Paz FIR,22.2248,105.5859
La Paz FIR,23.336,106.6243
La Paz FIR,24.4473,107.5513
La Paz FIR,25.5585,108.3652
La Paz FIR,26.6698,109.0788
La Paz FIR,27.781,109.6939
La Paz FIR,28.8922,110.2138
La Paz FIR,30.0035,110.6564
La Paz FIR,31.1147,111.028
La Paz FIR,32.226,111.3281
La Paz FIR,33.3372,111.5588
La Paz FIR,34.4484,111.7431
La Paz FIR,35.5597,111.8838
La Paz FIR,36.6709,111.9841
La Paz FIR,37.7822,112.0513
La Paz FIR,38.8934,112.0907
La Paz FIR,40.0046,112.1129
La Paz FIR,41.1159,112.1227
La Paz FIR,42.2271,112.1255
La Paz FIR,43.3383,112.1256
La Paz FIR,44.4496,112.1256
La Paz FIR,45.5608,112.1256
La Paz FIR,46.6721,112.1256
La Paz FIR,47.7833,112.1256
La Paz FIR,48.8945,112.1256
La Paz FIR,50.0058,112.1256
La Paz FIR,51.117,112.1256
La Paz FIR,52.2283,112.1256
La Paz FIR,53.3395,112.1256
La Paz FIR,54.4507,112.1256
La Paz FIR,55.562,112.1256
La Paz FIR,56.6732,112.1256
La Paz FIR,57.7845,112.1256
La Paz FIR,58.8957,112.1256
La Paz FIR,60.0069,112.1256
La Paz FIR,61.1182,112.1256
La Paz FIR,62.2294,112.1256
La Paz FIR,63.3407,112.1256
La Paz FIR,64.4519,112.1256
La Paz FIR,65.5631,112.1256
La Paz FIR,66.6744,112.1256
La Paz FIR,67.7856,112.1256
La Paz FIR,68.8969,112.1256
La Paz FIR,70.0081,112.1256
La Paz FIR,71.1193,112.1256
La Paz FIR,72.2306,112.1256
La Paz FIR,73.3418,112.1256
La Paz FIR,74.4531,112.1256
La Paz FIR,75.5643,112.1256
La Paz FIR,76.6755,112.1256
La Paz FIR,77.7868,112.1256
La Paz FIR,78.898,112.1256
La Paz FIR,80.0093,112.1256
La Paz FIR,81.1205,112.1256
La Paz FIR,82.2317,112.1256
La Paz FIR,83.343,112.1256
La Paz FIR,84.4542,112.1256
La Paz FIR,85.5655,112.1256
La Paz FIR,86.6767,112.1256
La Paz FIR,87.7879,112.1252
La Paz FIR,88.8992,112.1184
La Paz FIR,90.0104,112.0868
La Paz FIR,91.1217,112.0083
La Paz FIR,92.2329,111.8436
La Paz FIR,93.3441,111.568
La Paz FIR,94.4554,111.1456
La Paz FIR,95.5666,110.5198
La Paz FIR,96.6779,109.5645
La Paz FIR,97.7891,108.1025
La Paz FIR,98.9003,105.6951
Paramaribo FIR,0.0,1.0509
Paramaribo FIR,1.1366,38.1027
Paramaribo FIR,2.2733,54.9717
Paramaribo FIR,3.4099,66.9821
Paramaribo FIR,4.5465,76.3117
Paramaribo FIR,5.6832,83.3422
Paramaribo FIR,6.8198,88.5652
Paramaribo FIR,7.9564,92.6705
Paramaribo FIR,9.0931,95.8678
Paramaribo FIR,10.2297,98.323
Paramaribo FIR,11.3663,100.2435
Paramaribo FIR,12.503,101.6683
Paramaribo FIR,13.6396,102.7186
Paramaribo FIR,14.7762,103.4404
Paramaribo FIR,15.9129,103.9218
Paramaribo FIR,17.0495,104.2139
Paramaribo FIR,18.1861,104.3786
Paramaribo FIR,19.3228,104.4586
Paramaribo FIR,20.4594,104.4928
Paramaribo FIR,21.596,104.5027
Paramaribo FIR,22.7327,104.5034
Paramaribo FIR,23.8693,104.5034
Paramaribo FIR,25.0059,104.5034
Paramaribo FIR,26.1426,104.5034
Paramaribo FIR,27.2792,104.5034
Paramaribo FIR,28.4158,104.5034
Paramaribo FIR,29.5525,104.5034
Paramaribo FIR,30.6891,104.5034
Paramaribo FIR,31.8257,104.5034
Paramaribo FIR,32.9623,104.5034
Paramaribo FIR,34.099,104.5034
Paramaribo FIR,35.2356,104.5034
Paramaribo FIR,36.3722,104.5034
Paramaribo FIR,37.5089,104.5034
Paramaribo FIR,38.6455,104.5034
Paramaribo FIR,39.7821,104.5034
Paramaribo FIR,40.9188,104.5034
Paramaribo FIR,42.0554,104.5034
Paramaribo FIR,43.192,104.5034
Paramaribo FIR,44.3287,104.5034
Paramaribo FIR,45.4653,104.5034
Paramaribo FIR,46.6019,104.5034
Paramaribo FIR,47.7386,104.5034
Paramaribo FIR,48.8752,104.5034
Paramaribo FIR,50.0118,104.5034
Paramaribo FIR,51.1485,104.5034
Paramaribo FIR,52.2851,104.5034
Paramaribo FIR,53.4217,104.5034
Paramaribo FIR,54.5584,104.5034
Paramaribo FIR,55.695,104.5034
Paramaribo FIR,56.8316,104.5034
Paramaribo FIR,57.9683,104.5034
Paramaribo FIR,59.1049,104.5034
Paramaribo FIR,60.2415,104.5034
Paramaribo FIR,61.3782,104.5034
Paramaribo FIR,62.5148,104.5034
Paramaribo FIR,63.6514,104.5034
Paramaribo FIR,64.7881,104.5034
Paramaribo FIR,65.9247,104.5034
Paramaribo FIR,67.0613,104.5034
Paramaribo FIR,68.198,104.5034
Paramaribo FIR,69.3346,104.5034
Paramaribo FIR,70.4712,104.5034
Paramaribo FIR,71.6079,104.5034
Paramaribo FIR,72.7445,104.5034
Paramaribo FIR,73.8811,104.5034
Paramaribo FIR,75.0178,104.5034
Paramaribo FIR,76.1544,104.5034
Paramaribo FIR,77.291,104.5034
Paramaribo FIR,78.4277,104.5034
Paramaribo FIR,79.5643,104.5034
Paramaribo FIR,80.7009,104.5034
Paramaribo FIR,81.8376,104.5034
Paramaribo FIR,82.9742,104.5034
Paramaribo FIR,84.1108,104.5034
Paramaribo FIR,85.2475,104.5034
Paramaribo FIR,86.3841,104.5034
Paramaribo FIR,87.5207,104.5034
Paramaribo FIR,88.6574,104.5034
Paramaribo FIR,89.794,104.5034
Paramaribo FIR,90.9306,104.5034
Paramaribo FIR,92.0673,104.5034
Paramaribo FIR,93.2039,104.5034
Paramaribo FIR,94.3405,104.5034
Paramaribo FIR,95.4771,104.5033
Paramaribo FIR,96.6138,104.4929
Paramaribo FIR,97.7504,104.3668
Paramaribo FIR,98.887,103.7284
Cayenne FIR,0.0,1.6618
Cayenne FIR,1.2319,41.5514
Cayenne FIR,2.4637,58.8416
Cayenne FIR,3.6956,70.6471
Cayenne FIR,4.9275,79.4795
Cayenne FIR,6.1594,86.0276
Cayenne FIR,7.3912,91.0002
Cayenne FIR,8.6231,94.7919
Cayenne FIR,9.855,97.7196
Cayenne FIR,11.0869,99.9029
Cayenne FIR,12.3187,101.4368
Cayenne FIR,13.5506,102.4794
Cayenne FIR,14.7825,103.1407
Cayenne FIR,16.0144,103.5008
Cayenne FIR,17.2462,103.7033
Cayenne FIR,18.4781,103.8031
Cayenne FIR,19.71,103.8358
Cayenne FIR,20.9419,103.8408
Cayenne FIR,22.1737,103.8408
Cayenne FIR,23.4056,103.8408
Cayenne FIR,24.6375,103.8408
Cayenne FIR,25.8694,103.8408
Cayenne FIR,27.1012,103.8408
Cayenne FIR,28.3331,103.8408
Cayenne FIR,29.565,103.8408
Cayenne FIR,30.7969,103.8408
Cayenne FIR,32.0287,103.8408
Cayenne FIR,33.2606,103.8408
Cayenne FIR,34.4925,103.8408
Cayenne FIR,35.7244,103.8408
Cayenne FIR,36.9562,103.8408
Cayenne FIR,38.1881,103.8408
Cayenne FIR,39.42,103.8408
Cayenne FIR,40.6519,103.8408
Cayenne FIR,41.8837,103.8408
Cayenne FIR,43.1156,103.8408
Cayenne FIR,44.3475,103.8408
Cayenne FIR,45.5794,103.8408
Cayenne FIR,46.8112,103.8408
Cayenne FIR,48.0431,103.8408
Cayenne FIR,49.275,103.8408
Cayenne FIR,50.5069,103.8408
Cayenne FIR,51.7387,103.8408
Cayenne FIR,52.9706,103.8408
Cayenne FIR,54.2025,103.8408
Cayenne FIR,55.4344,103.8408
Cayenne FIR,56.6662,103.8408
Cayenne FIR,57.8981,103.8408
Cayenne FIR,59.13,103.8408
Cayenne FIR,60.3619,103.8408
Cayenne FIR,61.5937,103.8408
Cayenne FIR,62.8256,103.8408
Cayenne FIR,64.0575,103.8408
Cayenne FIR,65.2894,103.8408
Cayenne FIR,66.5212,103.8408
Cayenne FIR,67.7531,103.8408
Cayenne FIR,68.985,103.8408
Cayenne FIR,70.2169,103.8408
Cayenne FIR,71.4487,103.8408
Cayenne FIR,72.6806,103.8408
Cayenne FIR,73.9125,103.8408
Cayenne FIR,75.1444,103.8408
Cayenne FIR,76.3762,103.8408
Cayenne FIR,77.6081,103.8408
Cayenne FIR,78.84,103.8408
Cayenne FIR,80.0719,103.8408
Cayenne FIR,81.3037,103.8408
Cayenne FIR,82.5356,103.8408
Cayenne FIR,83.7675,103.8408
Cayenne FIR,84.9994,103.8408
Cayenne FIR,86.2312,103.8408
Cayenne FIR,87.4631,103.8408
Cayenne FIR,88.695,103.8408
Cayenne FIR,89.9269,103.8408
Cayenne FIR,91.1587,103.8408
Cayenne FIR,92.3906,103.8408
Cayenne FIR,93.6225,103.8408
Cayenne FIR,94.8544,103.8408
Cayenne FIR,96.0862,103.8408
Cayenne FIR,97.3181,103.828
Cayenne FIR,98.55,103.5011
Cayenne FIR,99.7819,101.4348
Lima FIR,0.0,0.358
Lima FIR,1.1112,15.7448
Lima FIR,2.2225,26.1521
Lima FIR,3.3337,34.6248
Lima FIR,4.445,41.9876
Lima FIR,5.5562,48.493
Lima FIR,6.6674,54.294
Lima FIR,7.7787,59.4998
Lima FIR,8.8899,64.1864
Lima FIR,10.0012,68.4666
Lima FIR,11.1124,72.3288
Lima FIR,12.2236,75.9144
Lima FIR,13.3349,79.2438
Lima FIR,14.4461,82.3519
Lima FIR,15.5574,85.2263
Lima FIR,16.6686,87.8988
Lima FIR,17.7798,90.3855
Lima FIR,18.8911,92.6738
Lima FIR,20.0023,94.78
Lima FIR,21.1136,96.705
Lima FIR,22.2248,98.4686
Lima FIR,23.336,100.089
Lima FIR,24.4473,101.5731
Lima FIR,25.5585,102.941
Lima FIR,26.6698,104.2029
Lima FIR,27.781,105.357
Lima FIR,28.8922,106.4057
Lima FIR,30.0035,107.3607
Lima FIR,31.1147,108.2323
Lima FIR,32.226,109.0298
Lima FIR,33.3372,109.7578
Lima FIR,34.4484,110.4243
Lima FIR,35.5597,111.0209
Lima FIR,36.6709,111.5535
Lima FIR,37.7822,112.0175
Lima FIR,38.8934,112.4239
Lima FIR,40.0046,112.7803
Lima FIR,41.1159,113.0896
Lima FIR,42.2271,113.3558
Lima FIR,43.3383,113.5798
Lima FIR,44.4496,113.769
Lima FIR,45.5608,113.9271
Lima FIR,46.6721,114.0593
Lima FIR,47.7833,114.1648
Lima FIR,48.8945,114.2472
Lima FIR,50.0058,114.3127
Lima FIR,51.117,114.3623
Lima FIR,52.2283,114.3971
Lima FIR,53.3395,114.4177
Lima FIR,54.4507,114.429
Lima FIR,55.562,114.4347
Lima FIR,56.6732,114.4369
Lima FIR,57.7845,114.4371
Lima FIR,58.8957,114.4371
Lima FIR,60.0069,114.4371
Lima FIR,61.1182,114.4371
Lima FIR,62.2294,114.4371
Lima FIR,63.3407,114.4371
Lima FIR,64.4519,114.4371
Lima FIR,65.5631,114.4371
Lima FIR,66.6744,114.4371
Lima FIR,67.7856,114.4371
Lima FIR,68.8969,114.4371
Lima FIR,70.0081,114.4371
Lima FIR,71.1193,114.4371
Lima FIR,72.2306,114.4371
Lima FIR,73.3418,114.4371
Lima FIR,74.4531,114.4371
Lima FIR,75.5643,114.4371
Lima FIR,76.6755,114.4371
Lima FIR,77.7868,114.4371
Lima FIR,78.898,114.4371
Lima FIR,80.0093,114.4371
Lima FIR,81.1205,114.4354
Lima FIR,82.2317,114.4257
Lima FIR,83.343,114.3983
Lima FIR,84.4542,114.3485
Lima FIR,85.5655,114.2691
Lima FIR,86.6767,114.1541
Lima FIR,87.7879,113.9878
Lima FIR,88.8992,113.7613
Lima FIR,90.0104,113.4679
Lima FIR,91.1217,113.0826
Lima FIR,92.2329,112.5844
Lima FIR,93.3441,111.9355
Lima FIR,94.4554,111.1031
Lima FIR,95.5666,110.0446
Lima FIR,96.6779,108.6904
Lima FIR,97.7891,106.9403
Lima FIR,98.9003,104.5502
Montevideo FIR,0.0,1.5839
Montevideo FIR,1.1112,51.4784
Montevideo FIR,2.2225,75.2487
Montevideo FIR,3.3337,91.2585
Montevideo FIR,4.445,102.6681
Montevideo FIR,5.5562,111.1019
Montevideo FIR,6.6674,117.2153
Montevideo FIR,7.7787,121.9038
Montevideo FIR,8.8899,125.5379
Montevideo FIR,10.0012,128.3068
Montevideo FIR,11.1124,130.3686
Montevideo FIR,12.2236,131.9355
Montevideo FIR,13.3349,133.0795
Montevideo FIR,14.4461,133.9198
Montevideo FIR,15.5574,134.5239
Montevideo FIR,16.6686,134.929
Montevideo FIR,17.7798,135.192
Montevideo FIR,18.8911,135.3488
Montevideo FIR,20.0023,135.4337
Montevideo FIR,21.1136,135.4689
Montevideo FIR,22.2248,135.4806
Montevideo FIR,23.336,135.4826
Montevideo FIR,24.4473,135.4827
Montevideo FIR,25.5585,135.4827
Montevideo FIR,26.6698,135.4827
Montevideo FIR,27.781,135.4827
Montevideo FIR,28.8922,135.4827
Montevideo FIR,30.0035,135.4827
Montevideo FIR,31.1147,135.4827
Montevideo FIR,32.226,135.4827
Montevideo FIR,33.3372,135.4827
Montevideo FIR,34.4484,135.4827
Montevideo FIR,35.5597,135.4827
Montevideo FIR,36.6709,135.4827
Montevideo FIR,37.7822,135.4827
Montevideo FIR,38.8934,135.4827
Montevideo FIR,40.0046,135.4827
Montevideo FIR,41.1159,135.4827
Montevideo FIR,42.2271,135.4827
Montevideo FIR,43.3383,135.4827
Montevideo FIR,44.4496,135.4827
Montevideo FIR,45.5608,135.4827
Montevideo FIR,46.6721,135.4827
Montevideo FIR,47.7833,135.4827
Montevideo FIR,48.8945,135.4827
Montevideo FIR,50.0058,135.4827
Montevideo FIR,51.117,135.4827
Montevideo FIR,52.2283,135.4827
Montevideo FIR,53.3395,135.4827
Montevideo FIR,54.4507,135.4827
Montevideo FIR,55.562,135.4827
Montevideo FIR,56.6732,135.4827
Montevideo FIR,57.7845,135.4827
Montevideo FIR,58.8957,135.4827
Montevideo FIR,60.0069,135.4827
Montevideo FIR,61.1182,135.4827
Montevideo FIR,62.2294,135.4827
Montevideo FIR,63.3407,135.4827
Montevideo FIR,64.4519,135.4827
Montevideo FIR,65.5631,135.4827
Montevideo FIR,66.6744,135.4827
Montevideo FIR,67.7856,135.4827
Montevideo FIR,68.8969,135.4827
Montevideo FIR,70.0081,135.4827
Montevideo FIR,71.1193,135.4827
Montevideo FIR,72.2306,135.4827
Montevideo FIR,73.3418,135.4827
Montevideo FIR,74.4531,135.4827
Montevideo FIR,75.5643,135.4827
Montevideo FIR,76.6755,135.4827
Montevideo FIR,77.7868,135.4827
Montevideo FIR,78.898,135.4827
Montevideo FIR,80.0093,135.4827
Montevideo FIR,81.1205,135.4827
Montevideo FIR,82.2317,135.4827
Montevideo FIR,83.343,135.4827
Montevideo FIR,84.4542,135.4827
Montevideo FIR,85.5655,135.4827
Montevideo FIR,86.6767,135.4827
Montevideo FIR,87.7879,135.4827
Montevideo FIR,88.8992,135.4826
Montevideo FIR,90.0104,135.4806
Montevideo FIR,91.1217,135.4633
Montevideo FIR,92.2329,135.387
Montevideo FIR,93.3441,135.1675
Montevideo FIR,94.4554,134.6703
Montevideo FIR,95.5666,133.5234
Montevideo FIR,96.6779,131.3612
Montevideo FIR,97.7891,127.5658
Montevideo FIR,98.9003,120.0829
Maiquetia FIR,0.0,0.5329
Maiquetia FIR,1.1114,20.9148
Maiquetia FIR,2.2227,33.5861
Maiquetia FIR,3.3341,43.501
Maiquetia FIR,4.4455,51.8729
Maiquetia FIR,5.5568,59.1722
Maiquetia FIR,6.6682,65.4783
Maiquetia FIR,7.7796,71.0127
Maiquetia FIR,8.8909,75.8964
Maiquetia FIR,10.0023,80.3058
Maiquetia FIR,11.1137,84.2468
Maiquetia FIR,12.2251,87.7416
Maiquetia FIR,13.3364,90.8865
Maiquetia FIR,14.4478,93.6558
Maiquetia FIR,15.5592,96.1018
Maiquetia FIR,16.6705,98.2453
Maiquetia FIR,17.7819,100.136
Maiquetia FIR,18.8933,101.8194
Maiquetia FIR,20.0046,103.3207
Maiquetia FIR,21.116,104.6487
Maiquetia FIR,22.2274,105.8374
Maiquetia FIR,23.3387,106.8844
Maiquetia FIR,24.4501,107.7977
Maiquetia FIR,25.5615,108.5714
Maiquetia FIR,26.6728,109.2472
Maiquetia FIR,27.7842,109.8214
Maiquetia FIR,28.8956,110.3089
Maiquetia FIR,30.0069,110.722
Maiquetia FIR,31.1183,111.056
Maiquetia FIR,32.2297,111.326
Maiquetia FIR,33.3411,111.5479
Maiquetia FIR,34.4524,111.7229
Maiquetia FIR,35.5638,111.8592
Maiquetia FIR,36.6752,111.9634
Maiquetia FIR,37.7865,112.0424
Maiquetia FIR,38.8979,112.0986
Maiquetia FIR,40.0093,112.134
Maiquetia FIR,41.1206,112.1563
Maiquetia FIR,42.232,112.1702
Maiquetia FIR,43.3434,112.1775
Maiquetia FIR,44.4547,112.1798
Maiquetia FIR,45.5661,112.1801
Maiquetia FIR,46.6775,112.1801
Maiquetia FIR,47.7888,112.1801
Maiquetia FIR,48.9002,112.1801
Maiquetia FIR,50.0116,112.1801
Maiquetia FIR,51.1229,112.1801
Maiquetia FIR,52.2343,112.1801
Maiquetia FIR,53.3457,112.1801
Maiquetia FIR,54.4571,112.1801
Maiquetia FIR,55.5684,112.1801
Maiquetia FIR,56.6798,112.1801
Maiquetia FIR,57.7912,112.1801
Maiquetia FIR,58.9025,112.1801
Maiquetia FIR,60.0139,112.1801
Maiquetia FIR,61.1253,112.1801
Maiquetia FIR,62.2366,112.1801
Maiquetia FIR,63.348,112.1801
Maiquetia FIR,64.4594,112.1801
Maiquetia FIR,65.5707,112.1801
Maiquetia FIR,66.6821,112.1801
Maiquetia FIR,67.7935,112.1801
Maiquetia FIR,68.9048,112.1801
Maiquetia FIR,70.0162,112.1801
Maiquetia FIR,71.1276,112.1801
Maiquetia FIR,72.2389,112.1801
Maiquetia FIR,73.3503,112.1801
Maiquetia FIR,74.4617,112.1801
Maiquetia FIR,75.573,112.1801
Maiquetia FIR,76.6844,112.1801
Maiquetia FIR,77.7958,112.1801
Maiquetia FIR,78.9072,112.1801
Maiquetia FIR,80.0185,112.1801
Maiquetia FIR,81.1299,112.1801
Maiquetia FIR,82.2413,112.1801
Maiquetia FIR,83.3526,112.1801
Maiquetia FIR,84.464,112.1801
Maiquetia FIR,85.5754,112.1799
Maiquetia FIR,86.6867,112.1751
Maiquetia FIR,87.7981,112.1531
Maiquetia FIR,88.9095,112.101
Maiquetia FIR,90.0208,111.993
Maiquetia FIR,91.1322,111.8001
Maiquetia FIR,92.2436,111.5181
Maiquetia FIR,93.3549,111.1154
Maiquetia FIR,94.4663,110.5547
Maiquetia FIR,95.5777,109.759
Maiquetia FIR,96.689,108.6438
Maiquetia FIR,97.8004,107.1372
Maiquetia FIR,98.9118,104.9408
Georgetown FIR,0.0,1.1643
Georgetown FIR,1.1211,29.921
Georgetown FIR,2.2422,46.0494
Georgetown FIR,3.3633,57.5791
Georgetown FIR,4.4844,66.64
Georgetown FIR,5.6055,73.938
Georgetown FIR,6.7266,79.9853
Georgetown FIR,7.8477,85.0904
Georgetown FIR,8.9688,89.4095
Georgetown FIR,10.0899,92.9387
Georgetown FIR,11.211,95.8489
Georgetown FIR,12.3321,98.2979
Georgetown FIR,13.4532,100.3232
Georgetown FIR,14.5743,102.0365
Georgetown FIR,15.6954,103.4828
Georgetown FIR,16.8165,104.6693
Georgetown FIR,17.9376,105.6298
Georgetown FIR,19.0587,106.3817
Georgetown FIR,20.1798,106.9763
Georgetown FIR,21.3009,107.4188
Georgetown FIR,22.422,107.745
Georgetown FIR,23.5432,107.9772
Georgetown FIR,24.6643,108.1397
Georgetown FIR,25.7854,108.2484
Georgetown FIR,26.9065,108.3082
Georgetown FIR,28.0276,108.3381
Georgetown FIR,29.1487,108.3502
Georgetown FIR,30.2698,108.3535
Georgetown FIR,31.3909,108.3538
Georgetown FIR,32.512,108.3538
Georgetown FIR,33.6331,108.3538
Georgetown FIR,34.7542,108.3538
Georgetown FIR,35.8753,108.3538
Georgetown FIR,36.9964,108.3538
Georgetown FIR,38.1175,108.3538
Georgetown FIR,39.2386,108.3538
Georgetown FIR,40.3597,108.3538
Georgetown FIR,41.4808,108.3538
Georgetown FIR,42.6019,108.3538
Georgetown FIR,43.723,108.3538
Georgetown FIR,44.8441,108.3538
Georgetown FIR,45.9652,108.3538
Georgetown FIR,47.0863,108.3538
Georgetown FIR,48.2074,108.3538
Georgetown FIR,49.3285,108.3538
Georgetown FIR,50.4496,108.3538
Georgetown FIR,51.5707,108.3538
Georgetown FIR,52.6918,108.3538
Georgetown FIR,53.8129,108.3538
Georgetown FIR,54.934,108.3538
Georgetown FIR,56.0551,108.3538
Georgetown FIR,57.1762,108.3538
Georgetown FIR,58.2973,108.3538
Georgetown FIR,59.4184,108.3538
Georgetown FIR,60.5395,108.3538
Georgetown FIR,61.6606,108.3538
Georgetown FIR,62.7817,108.3538
Georgetown FIR,63.9028,108.3538
Georgetown FIR,65.0239,108.3538
Georgetown FIR,66.145,108.3538
Georgetown FIR,67.2661,108.3538
Georgetown FIR,68.3872,108.3538
Georgetown FIR,69.5083,108.3538
Georgetown FIR,70.6295,108.3538
Georgetown FIR,71.7506,108.3538
Georgetown FIR,72.8717,108.3538
Georgetown FIR,73.9928,108.3538
Georgetown FIR,75.1139,108.3538
Georgetown FIR,76.235,108.3538
Georgetown FIR,77.3561,108.3538
Georgetown FIR,78.4772,108.3538
Georgetown FIR,79.5983,108.3538
Georgetown FIR,80.7194,108.3538
Georgetown FIR,81.8405,108.3538
Georgetown FIR,82.9616,108.3538
Georgetown FIR,84.0827,108.3538
Georgetown FIR,85.2038,108.3538
Georgetown FIR,86.3249,108.3538
Georgetown FIR,87.446,108.3538
Georgetown FIR,88.5671,108.3538
Georgetown FIR,89.6882,108.3538
Georgetown FIR,90.8093,108.3538
Georgetown FIR,91.9304,108.3538
Georgetown FIR,93.0515,108.3503
Georgetown FIR,94.1726,108.3171
Georgetown FIR,95.2937,108.1938
Georgetown FIR,96.4148,107.889
Georgetown FIR,97.5359,107.2164
Georgetown FIR,98.657,105.6248
Georgetown FIR,99.7781,101.8066
San Juan Oceanic FIR/UIR,0.0,1.1385
San Juan Oceanic FIR/UIR,1.1112,31.5554
San Juan Oceanic FIR/UIR,2.2225,47.3632
San Juan Oceanic FIR/UIR,3.3337,59.1839
San Juan Oceanic FIR/UIR,4.445,68.8168
San Juan Oceanic FIR/UIR,5.5562,76.7655
San Juan Oceanic FIR/UIR,6.6674,83.3803
San Juan Oceanic FIR/UIR,7.7787,88.9065
San Juan Oceanic FIR/UIR,8.8899,93.59
San Juan Oceanic FIR/UIR,10.0012,97.5146
San Juan Oceanic FIR/UIR,11.1124,100.8042
San Juan Oceanic FIR/UIR,12.2236,103.6006
San Juan Oceanic FIR/UIR,13.3349,105.9919
San Juan Oceanic FIR/UIR,14.4461,108.007
San Juan Oceanic FIR/UIR,15.5574,109.6499
San Juan Oceanic FIR/UIR,16.6686,111.0064
San Juan Oceanic FIR/UIR,17.7798,112.1156
San Juan Oceanic FIR/UIR,18.8911,112.9589
San Juan Oceanic FIR/UIR,20.0023,113.6275
San Juan Oceanic FIR/UIR,21.1136,114.1356
San Juan Oceanic FIR/UIR,22.2248,114.5167
San Juan Oceanic FIR/UIR,23.336,114.7832
San Juan Oceanic FIR/UIR,24.4473,114.9658
San Juan Oceanic FIR/UIR,25.5585,115.0837
San Juan Oceanic FIR/UIR,26.6698,115.1544
San Juan Oceanic FIR/UIR,27.781,115.1943
San Juan Oceanic FIR/UIR,28.8922,115.2137
San Juan Oceanic FIR/UIR,30.0035,115.2206
San Juan Oceanic FIR/UIR,31.1147,115.2216
San Juan Oceanic FIR/UIR,32.226,115.2216
San Juan Oceanic FIR/UIR,33.3372,115.2216
San Juan Oceanic FIR/UIR,34.4484,115.2216
San Juan Oceanic FIR/UIR,35.5597,115.2216
San Juan Oceanic FIR/UIR,36.6709,115.2216
San Juan Oceanic FIR/UIR,37.7822,115.2216
San Juan Oceanic FIR/UIR,38.8934,115.2216
San Juan Oceanic FIR/UIR,40.0046,115.2216
San Juan Oceanic FIR/UIR,41.1159,115.2216
San Juan Oceanic FIR/UIR,42.2271,115.2216
San Juan Oceanic FIR/UIR,43.3383,115.2216
San Juan Oceanic FIR/UIR,44.4496,115.2216
San Juan Oceanic FIR/UIR,45.5608,115.2216
San Juan Oceanic FIR/UIR,46.6721,115.2216
San Juan Oceanic FIR/UIR,47.7833,115.2216
San Juan Oceanic FIR/UIR,48.8945,115.2216
San Juan Oceanic FIR/UIR,50.0058,115.2216
San Juan Oceanic FIR/UIR,51.117,115.2216
San Juan Oceanic FIR/UIR,52.2283,115.2216
San Juan Oceanic FIR/UIR,53.3395,115.2216
San Juan Oceanic FIR/UIR,54.4507,115.2216
San Juan Oceanic FIR/UIR,55.562,115.2216
San Juan Oceanic FIR/UIR,56.6732,115.2216
San Juan Oceanic FIR/UIR,57.7845,115.2216
San Juan Oceanic FIR/UIR,58.8957,115.2216
San Juan Oceanic FIR/UIR,60.0069,115.2216
San Juan Oceanic FIR/UIR,61.1182,115.2216
San Juan Oceanic FIR/UIR,62.2294,115.2216
San Juan Oceanic FIR/UIR,63.3407,115.2216
San Juan Oceanic FIR/UIR,64.4519,115.2216
San Juan Oceanic FIR/UIR,65.5631,115.2216
San Juan Oceanic FIR/UIR,66.6744,115.2216
San Juan Oceanic FIR/UIR,67.7856,115.2216
San Juan Oceanic FIR/UIR,68.8969,115.2216
San Juan Oceanic FIR/UIR,70.0081,115.2216
San Juan Oceanic FIR/UIR,71.1193,115.2216
San Juan Oceanic FIR/UIR,72.2306,115.2216
San Juan Oceanic FIR/UIR,73.3418,115.2216
San Juan Oceanic FIR/UIR,74.4531,115.2216
San Juan Oceanic FIR/UIR,75.5643,115.2216
San Juan Oceanic FIR/UIR,76.6755,115.2216
San Juan Oceanic FIR/UIR,77.7868,115.2216
San Juan Oceanic FIR/UIR,78.898,115.2216
San Juan Oceanic FIR/UIR,80.0093,115.2216
San Juan Oceanic FIR/UIR,81.1205,115.2216
San Juan Oceanic FIR/UIR,82.2317,115.2216
San Juan Oceanic FIR/UIR,83.343,115.2216
San Juan Oceanic FIR/UIR,84.4542,115.2216
San Juan Oceanic FIR/UIR,85.5655,115.2216
San Juan Oceanic FIR/UIR,86.6767,115.2216
San Juan Oceanic FIR/UIR,87.7879,115.2215
San Juan Oceanic FIR/UIR,88.8992,115.2201
San Juan Oceanic FIR/UIR,90.0104,115.2104
San Juan Oceanic FIR/UIR,91.1217,115.1736
San Juan Oceanic FIR/UIR,92.2329,115.0664
San Juan Oceanic FIR/UIR,93.3441,114.8574
San Juan Oceanic FIR/UIR,94.4554,114.4882
San Juan Oceanic FIR/UIR,95.5666,113.8308
San Juan Oceanic FIR/UIR,96.6779,112.7377
San Juan Oceanic FIR/UIR,97.7891,110.9402
San Juan Oceanic FIR/UIR,98.9003,107.9749
Curacao FIR,0.0,1.0252
Curacao FIR,1.1218,35.3997
Curacao FIR,2.2435,53.712
Curacao FIR,3.3653,67.0312
Curacao FIR,4.487,77.3644
Curacao FIR,5.6088,85.5024
Curacao FIR,6.7305,91.7963
Curacao FIR,7.8523,96.6284
Curacao FIR,8.9741,100.5234
Curacao FIR,10.0958,103.6237
Curacao FIR,11.2176,106.0936
Curacao FIR,12.3393,107.9699
Curacao FIR,13.4611,109.3579
Curacao FIR,14.5828,110.3941
Curacao FIR,15.7046,111.1554
Curacao FIR,16.8264,111.71
Curacao FIR,17.9481,112.0787
Curacao FIR,19.0699,112.2965
Curacao FIR,20.1916,112.4259
Curacao FIR,21.3134,112.4971
Curacao FIR,22.4351,112.5269
Curacao FIR,23.5569,112.536
Curacao FIR,24.6787,112.5378
Curacao FIR,25.8004,112.5379
Curacao FIR,26.9222,112.5379
Curacao FIR,28.0439,112.5379
Curacao FIR,29.1657,112.5379
Curacao FIR,30.2875,112.5379
Curacao FIR,31.4092,112.5379
Curacao FIR,32.531,112.5379
Curacao FIR,33.6527,112.5379
Curacao FIR,34.7745,112.5379
Curacao FIR,35.8962,112.5379
Curacao FIR,37.018,112.5379
Curacao FIR,38.1398,112.5379
Curacao FIR,39.2615,112.5379
Curacao FIR,40.3833,112.5379
Curacao FIR,41.505,112.5379
Curacao FIR,42.6268,112.5379
Curacao FIR,43.7485,112.5379
Curacao FIR,44.8703,112.5379
Curacao FIR,45.9921,112.5379
Curacao FIR,47.1138,112.5379
Curacao FIR,48.2356,112.5379
Curacao FIR,49.3573,112.5379
Curacao FIR,50.4791,112.5379
Curacao FIR,51.6008,112.5379
Curacao FIR,52.7226,112.5379
Curacao FIR,53.8444,112.5379
Curacao FIR,54.9661,112.5379
Curacao FIR,56.0879,112.5379
Curacao FIR,57.2096,112.5379
Curacao FIR,58.3314,112.5379
Curacao FIR,59.4531,112.5379
Curacao FIR,60.5749,112.5379
Curacao FIR,61.6967,112.5379
Curacao FIR,62.8184,112.5379
Curacao FIR,63.9402,112.5379
Curacao FIR,65.0619,112.5379
Curacao FIR,66.1837,112.5379
Curacao FIR,67.3054,112.5379
Curacao FIR,68.4272,112.5379
Curacao FIR,69.549,112.5379
Curacao FIR,70.6707,112.5379
Curacao FIR,71.7925,112.5379
Curacao FIR,72.9142,112.5379
Curacao FIR,74.036,112.5379
Curacao FIR,75.1577,112.5379
Curacao FIR,76.2795,112.5379
Curacao FIR,77.4013,112.5379
Curacao FIR,78.523,112.5379
Curacao FIR,79.6448,112.5379
Curacao FIR,80.7665,112.5379
Curacao FIR,81.8883,112.5379
Curacao FIR,83.01,112.5379
Curacao FIR,84.1318,112.5379
Curacao FIR,85.2536,112.5379
Curacao FIR,86.3753,112.5379
Curacao FIR,87.4971,112.5379
Curacao FIR,88.6188,112.5379
Curacao FIR,89.7406,112.5378
Curacao FIR,90.8624,112.5352
Curacao FIR,91.9841,112.5149
Curacao FIR,93.1059,112.4399
Curacao FIR,94.2276,112.2373
Curacao FIR,95.3494,111.8261
Curacao FIR,96.4711,111.0027
Curacao FIR,97.5929,109.598
Curacao FIR,98.7147,107.1977
Curacao FIR,99.8364,101.9689
Piarco FIR,0.0,0.5088
Piarco FIR,1.1112,19.6042
Piarco FIR,2.2225,31.8577
Piarco FIR,3.3337,41.5173
Piarco FIR,4.445,49.6006
Piarco FIR,5.5562,56.5665
Piarco FIR,6.6674,62.6137
Piarco FIR,7.7787,67.9351
Piarco FIR,8.8899,72.6521
Piarco FIR,10.0012,76.8742
Piarco FIR,11.1124,80.6672
Piarco FIR,12.2236,84.0665
Piarco FIR,13.3349,87.1327
Piarco FIR,14.4461,89.8744
Piarco FIR,15.5574,92.3503
Piarco FIR,16.6686,94.5251
Piarco FIR,17.7798,96.4882
Piarco FIR,18.8911,98.2338
Piarco FIR,20.0023,99.7858
Piarco FIR,21.1136,101.1567
Piarco FIR,22.2248,102.3549
Piarco FIR,23.336,103.4018
Piarco FIR,24.4473,104.3054
Piarco FIR,25.5585,105.0813
Piarco FIR,26.6698,105.7411
Piarco FIR,27.781,106.2929
Piarco FIR,28.8922,106.7519
Piarco FIR,30.0035,107.1222
Piarco FIR,31.1147,107.423
Piarco FIR,32.226,107.6585
Piarco FIR,33.3372,107.84
Piarco FIR,34.4484,107.9763
Piarco FIR,35.5597,108.0767
Piarco FIR,36.6709,108.147
Piarco FIR,37.7822,108.1891
Piarco FIR,38.8934,108.212
Piarco FIR,40.0046,108.2227
Piarco FIR,41.1159,108.2265
Piarco FIR,42.2271,108.2271
Piarco FIR,43.3383,108.2271
Piarco FIR,44.4496,108.2271
Piarco FIR,45.5608,108.2271
Piarco FIR,46.6721,108.2271
Piarco FIR,47.7833,108.2271
Piarco FIR,48.8945,108.2271
Piarco FIR,50.0058,108.2271
Piarco FIR,51.117,108.2271
Piarco FIR,52.2283,108.2271
Piarco FIR,53.3395,108.2271
Piarco FIR,54.4507,108.2271
Piarco FIR,55.562,108.2271
Piarco FIR,56.6732,108.2271
Piarco FIR,57.7845,108.2271
Piarco FIR,58.8957,108.2271
Piarco FIR,60.0069,108.2271
Piarco FIR,61.1182,108.2271
Piarco FIR,62.2294,108.2271
Piarco FIR,63.3407,108.2271
Piarco FIR,64.4519,108.2271
Piarco FIR,65.5631,108.2271
Piarco FIR,66.6744,108.2271
Piarco FIR,67.7856,108.2271
Piarco FIR,68.8969,108.2271
Piarco FIR,70.0081,108.2271
Piarco FIR,71.1193,108.2271
Piarco FIR,72.2306,108.2271
Piarco FIR,73.3418,108.2271
Piarco FIR,74.4531,108.2271
Piarco FIR,75.5643,108.2271
Piarco FIR,76.6755,108.2271
Piarco FIR,77.7868,108.2271
Piarco FIR,78.898,108.2271
Piarco FIR,80.0093,108.2271
Piarco FIR,81.1205,108.2271
Piarco FIR,82.2317,108.2271
Piarco FIR,83.343,108.2271
Piarco FIR,84.4542,108.2271
Piarco FIR,85.5655,108.2271
Piarco FIR,86.6767,108.2269
Piarco FIR,87.7879,108.2239
Piarco FIR,88.8992,108.2084
Piarco FIR,90.0104,108.1698
Piarco FIR,91.1217,108.0889
Piarco FIR,92.2329,107.942
Piarco FIR,93.3441,107.7188
Piarco FIR,94.4554,107.4004
Piarco FIR,95.5666,106.9346
Piarco FIR,96.6779,106.2839
Piarco FIR,97.7891,105.3031
Piarco FIR,98.9003,103.6887
Almaty FIR,0.0,0.3998
Almaty FIR,1.1112,21.1621
Almaty FIR,2.2225,34.1831
Almaty FIR,3.3337,44.0607
Almaty FIR,4.445,51.9608
Almaty FIR,5.5562,58.5404
Almaty FIR,6.6674,64.2477
Almaty FIR,7.7787,69.2435
Almaty FIR,8.8899,73.6833
Almaty FIR,10.0012,77.5716
Almaty FIR,11.1124,81.0258
Almaty FIR,12.2236,84.0921
Almaty FIR,13.3349,86.8332
Almaty FIR,14.4461,89.2628
Almaty FIR,15.5574,91.4554
Almaty FIR,16.6686,93.4183
Almaty FIR,17.7798,95.1601
Almaty FIR,18.8911,96.6971
Almaty FIR,20.0023,98.0775
Almaty FIR,21.1136,99.3177
Almaty FIR,22.2248,100.4045
Almaty FIR,23.336,101.3756
Almaty FIR,24.4473,102.2207
Almaty FIR,25.5585,102.9521
Almaty FIR,26.6698,103.6002
Almaty FIR,27.781,104.175
Almaty FIR,28.8922,104.6781
Almaty FIR,30.0035,105.1103
Almaty FIR,31.1147,105.4809
Almaty FIR,32.226,105.8
Almaty FIR,33.3372,106.0742
Almaty FIR,34.4484,106.3043
Almaty FIR,35.5597,106.4967
Almaty FIR,36.6709,106.6561
Almaty FIR,37.7822,106.7867
Almaty FIR,38.8934,106.8919
Almaty FIR,40.0046,106.9758
Almaty FIR,41.1159,107.0399
Almaty FIR,42.2271,107.0883
Almaty FIR,43.3383,107.1236
Almaty FIR,44.4496,107.1503
Almaty FIR,45.5608,107.168
Almaty FIR,46.6721,107.1783
Almaty FIR,47.7833,107.1834
Almaty FIR,48.8945,107.1855
Almaty FIR,50.0058,107.1859
Almaty FIR,51.117,107.186
Almaty FIR,52.2283,107.186
Almaty FIR,53.3395,107.186
Almaty FIR,54.4507,107.186
Almaty FIR,55.562,107.186
Almaty FIR,56.6732,107.186
Almaty FIR,57.7845,107.186
Almaty FIR,58.8957,107.186
Almaty FIR,60.0069,107.186
Almaty FIR,61.1182,107.186
Almaty FIR,62.2294,107.186
Almaty FIR,63.3407,107.186
Almaty FIR,64.4519,107.186
Almaty FIR,65.5631,107.186
Almaty FIR,66.6744,107.186
Almaty FIR,67.7856,107.186
Almaty FIR,68.8969,107.186
Almaty FIR,70.0081,107.186
Almaty FIR,71.1193,107.186
Almaty FIR,72.2306,107.186
Almaty FIR,73.3418,107.186
Almaty FIR,74.4531,107.186
Almaty FIR,75.5643,107.186
Almaty FIR,76.6755,107.186
Almaty FIR,77.7868,107.186
Almaty FIR,78.898,107.186
Almaty FIR,80.0093,107.186
Almaty FIR,81.1205,107.186
Almaty FIR,82.2317,107.186
Almaty FIR,83.343,107.1856
Almaty FIR,84.4542,107.1841
Almaty FIR,85.5655,107.1794
Almaty FIR,86.6767,107.1691
Almaty FIR,87.7879,107.1491
Almaty FIR,88.8992,107.115
Almaty FIR,90.0104,107.0613
Almaty FIR,91.1217,106.9796
Almaty FIR,92.2329,106.857
Almaty FIR,93.3441,106.6788
Almaty FIR,94.4554,106.415
Almaty FIR,95.5666,106.0451
Almaty FIR,96.6779,105.503
Almaty FIR,97.7891,104.6487
Almaty FIR,98.9003,103.2625
Nur-Sultan FIR,0.0,0.3244
Nur-Sultan FIR,1.1112,15.9674
Nur-Sultan FIR,2.2225,26.531
Nur-Sultan FIR,3.3337,35.1062
Nur-Sultan FIR,4.445,42.4522
Nur-Sultan FIR,5.5562,48.8824
Nur-Sultan FIR,6.6674,54.5232
Nur-Sultan FIR,7.7787,59.4603
Nur-Sultan FIR,8.8899,63.959
Nur-Sultan FIR,10.0012,68.0603
Nur-Sultan FIR,11.1124,71.7601
Nur-Sultan FIR,12.2236,75.111
Nur-Sultan FIR,13.3349,78.1421
Nur-Sultan FIR,14.4461,80.8761
Nur-Sultan FIR,15.5574,83.3724
Nur-Sultan FIR,16.6686,85.6751
Nur-Sultan FIR,17.7798,87.7809
Nur-Sultan FIR,18.8911,89.6717
Nur-Sultan FIR,20.0023,91.3769
Nur-Sultan FIR,21.1136,92.9391
Nur-Sultan FIR,22.2248,94.3531
Nur-Sultan FIR,23.336,95.6439
Nur-Sultan FIR,24.4473,96.8186
Nur-Sultan FIR,25.5585,97.8735
Nur-Sultan FIR,26.6698,98.8197
Nur-Sultan FIR,27.781,99.6735
Nur-Sultan FIR,28.8922,100.4387
Nur-Sultan FIR,30.0035,101.1213
Nur-Sultan FIR,31.1147,101.7377
Nur-Sultan FIR,32.226,102.2896
Nur-Sultan FIR,33.3372,102.7829
Nur-Sultan FIR,34.4484,103.2225
Nur-Sultan FIR,35.5597,103.6127
Nur-Sultan FIR,36.6709,103.9541
Nur-Sultan FIR,37.7822,104.2501
Nur-Sultan FIR,38.8934,104.5049
Nur-Sultan FIR,40.0046,104.724
Nur-Sultan FIR,41.1159,104.9106
Nur-Sultan FIR,42.2271,105.0683
Nur-Sultan FIR,43.3383,105.2011
Nur-Sultan FIR,44.4496,105.3094
Nur-Sultan FIR,45.5608,105.3957
Nur-Sultan FIR,46.6721,105.4641
Nur-Sultan FIR,47.7833,105.5172
Nur-Sultan FIR,48.8945,105.5585
Nur-Sultan FIR,50.0058,105.5907
Nur-Sultan FIR,51.117,105.6139
Nur-Sultan FIR,52.2283,105.6306
Nur-Sultan FIR,53.3395,105.6419
Nur-Sultan FIR,54.4507,105.6488
Nur-Sultan FIR,55.562,105.6528
Nur-Sultan FIR,56.6732,105.6546
Nur-Sultan FIR,57.7845,105.6552
Nur-Sultan FIR,58.8957,105.6553
Nur-Sultan FIR,60.0069,105.6553
Nur-Sultan FIR,61.1182,105.6553
Nur-Sultan FIR,62.2294,105.6553
Nur-Sultan FIR,63.3407,105.6553
Nur-Sultan FIR,64.4519,105.6553
Nur-Sultan FIR,65.5631,105.6553
Nur-Sultan FIR,66.6744,105.6553
Nur-Sultan FIR,67.7856,105.6553
Nur-Sultan FIR,68.8969,105.6553
Nur-Sultan FIR,70.0081,105.6553
Nur-Sultan FIR,71.1193,105.6553
Nur-Sultan FIR,72.2306,105.6553
Nur-Sultan FIR,73.3418,105.6553
Nur-Sultan FIR,74.4531,105.6553
Nur-Sultan FIR,75.5643,105.6553
Nur-Sultan FIR,76.6755,105.6553
Nur-Sultan FIR,77.7868,105.6553
Nur-Sultan FIR,78.898,105.6553
Nur-Sultan FIR,80.0093,105.6553
Nur-Sultan FIR,81.1205,105.6553
Nur-Sultan FIR,82.2317,105.6553
Nur-Sultan FIR,83.343,105.655
Nur-Sultan FIR,84.4542,105.6538
Nur-Sultan FIR,85.5655,105.6502
Nur-Sultan FIR,86.6767,105.6423
Nur-Sultan FIR,87.7879,105.6268
Nur-Sultan FIR,88.8992,105.5998
Nur-Sultan FIR,90.0104,105.5547
Nur-Sultan FIR,91.1217,105.4854
Nur-Sultan FIR,92.2329,105.3847
Nur-Sultan FIR,93.3441,105.2438
Nur-Sultan FIR,94.4554,105.0425
Nur-Sultan FIR,95.5666,104.7508
Nur-Sultan FIR,96.6779,104.3391
Nur-Sultan FIR,97.7891,103.7267
Nur-Sultan FIR,98.9003,102.6747
Shymkent FIR,0.0,0.5205
Shymkent FIR,1.1112,22.4303
Shymkent FIR,2.2225,36.2301
Shymkent FIR,3.3337,47.2146
Shymkent FIR,4.445,56.3323
Shymkent FIR,5.5562,63.8347
Shymkent FIR,6.6674,70.2316
Shymkent FIR,7.7787,75.7079
Shymkent FIR,8.8899,80.3937
Shymkent FIR,10.0012,84.4659
Shymkent FIR,11.1124,87.9976
Shymkent FIR,12.2236,91.0484
Shymkent FIR,13.3349,93.7271
Shymkent FIR,14.4461,96.0808
Shymkent FIR,15.5574,98.1676
Shymkent FIR,16.6686,99.997
Shymkent FIR,17.7798,101.589
Shymkent FIR,18.8911,102.9656
Shymkent FIR,20.0023,104.1734
Shymkent FIR,21.1136,105.2229
Shymkent FIR,22.2248,106.1324
Shymkent FIR,23.336,106.9293
Shymkent FIR,24.4473,107.6161
Shymkent FIR,25.5585,108.202
Shymkent FIR,26.6698,108.6933
Shymkent FIR,27.781,109.1025
Shymkent FIR,28.8922,109.4449
Shymkent FIR,30.0035,109.7264
Shymkent FIR,31.1147,109.9576
Shymkent FIR,32.226,110.1455
Shymkent FIR,33.3372,110.2958
Shymkent FIR,34.4484,110.4117
Shymkent FIR,35.5597,110.4988
Shymkent FIR,36.6709,110.5653
Shymkent FIR,37.7822,110.6128
Shymkent FIR,38.8934,110.6459
Shymkent FIR,40.0046,110.6673
Shymkent FIR,41.1159,110.6801
Shymkent FIR,42.2271,110.6867
Shymkent FIR,43.3383,110.6897
Shymkent FIR,44.4496,110.6902
Shymkent FIR,45.5608,110.6903
Shymkent FIR,46.6721,110.6903
Shymkent FIR,47.7833,110.6903
Shymkent FIR,48.8945,110.6903
Shymkent FIR,50.0058,110.6903
Shymkent FIR,51.117,110.6903
Shymkent FIR,52.2283,110.6903
Shymkent FIR,53.3395,110.6903
Shymkent FIR,54.4507,110.6903
Shymkent FIR,55.562,110.6903
Shymkent FIR,56.6732,110.6903
Shymkent FIR,57.7845,110.6903
Shymkent FIR,58.8957,110.6903
Shymkent FIR,60.0069,110.6903
Shymkent FIR,61.1182,110.6903
Shymkent FIR,62.2294,110.6903
Shymkent FIR,63.3407,110.6903
Shymkent FIR,64.4519,110.6903
Shymkent FIR,65.5631,110.6903
Shymkent FIR,66.6744,110.6903
Shymkent FIR,67.7856,110.6903
Shymkent FIR,68.8969,110.6903
Shymkent FIR,70.0081,110.6903
Shymkent FIR,71.1193,110.6903
Shymkent FIR,72.2306,110.6903
Shymkent FIR,73.3418,110.6903
Shymkent FIR,74.4531,110.6903
Shymkent FIR,75.5643,110.6903
Shymkent FIR,76.6755,110.6903
Shymkent FIR,77.7868,110.6903
Shymkent FIR,78.898,110.6903
Shymkent FIR,80.0093,110.6903
Shymkent FIR,81.1205,110.6903
Shymkent FIR,82.2317,110.6903
Shymkent FIR,83.343,110.6902
Shymkent FIR,84.4542,110.6899
Shymkent FIR,85.5655,110.6873
Shymkent FIR,86.6767,110.6782
Shymkent FIR,87.7879,110.6579
Shymkent FIR,88.8992,110.619
Shymkent FIR,90.0104,110.5561
Shymkent FIR,91.1217,110.4503
Shymkent FIR,92.2329,110.2912
Shymkent FIR,93.3441,110.0568
Shymkent FIR,94.4554,109.7178
Shymkent FIR,95.5666,109.2046
Shymkent FIR,96.6779,108.4121
Shymkent FIR,97.7891,107.1362
Shymkent FIR,98.9003,104.8699
Aktobe FIR,0.0,0.4021
Aktobe FIR,1.1112,19.0965
Aktobe FIR,2.2225,30.4692
Aktobe FIR,3.3337,39.3304
Aktobe FIR,4.445,46.7874
Aktobe FIR,5.5562,53.2936
Aktobe FIR,6.6674,58.9173
Aktobe FIR,7.7787,63.8729
Aktobe FIR,8.8899,68.2324
Aktobe FIR,10.0012,72.1059
Aktobe FIR,11.1124,75.5132
Aktobe FIR,12.2236,78.5512
Aktobe FIR,13.3349,81.262
Aktobe FIR,14.4461,83.7158
Aktobe FIR,15.5574,85.9504
Aktobe FIR,16.6686,87.9463
Aktobe FIR,17.7798,89.7381
Aktobe FIR,18.8911,91.3482
Aktobe FIR,20.0023,92.8026
Aktobe FIR,21.1136,94.1223
Aktobe FIR,22.2248,95.3115
Aktobe FIR,23.336,96.3757
Aktobe FIR,24.4473,97.3431
Aktobe FIR,25.5585,98.2175
Aktobe FIR,26.6698,98.9998
Aktobe FIR,27.781,99.7009
Aktobe FIR,28.8922,100.3293
Aktobe FIR,30.0035,100.8903
Aktobe FIR,31.1147,101.3844
Aktobe FIR,32.226,101.8232
Aktobe FIR,33.3372,102.2083
Aktobe FIR,34.4484,102.5387
Aktobe FIR,35.5597,102.8239
Aktobe FIR,36.6709,103.0751
Aktobe FIR,37.7822,103.2983
Aktobe FIR,38.8934,103.4949
Aktobe FIR,40.0046,103.659
Aktobe FIR,41.1159,103.7954
Aktobe FIR,42.2271,103.9108
Aktobe FIR,43.3383,104.0058
Aktobe FIR,44.4496,104.0844
Aktobe FIR,45.5608,104.1477
Aktobe FIR,46.6721,104.1986
Aktobe FIR,47.7833,104.2382
Aktobe FIR,48.8945,104.2678
Aktobe FIR,50.0058,104.2887
Aktobe FIR,51.117,104.3026
Aktobe FIR,52.2283,104.3112
Aktobe FIR,53.3395,104.3161
Aktobe FIR,54.4507,104.3184
Aktobe FIR,55.562,104.3192
Aktobe FIR,56.6732,104.3194
Aktobe FIR,57.7845,104.3194
Aktobe FIR,58.8957,104.3194
Aktobe FIR,60.0069,104.3194
Aktobe FIR,61.1182,104.3194
Aktobe FIR,62.2294,104.3194
Aktobe FIR,63.3407,104.3194
Aktobe FIR,64.4519,104.3194
Aktobe FIR,65.5631,104.3194
Aktobe FIR,66.6744,104.3194
Aktobe FIR,67.7856,104.3194
Aktobe FIR,68.8969,104.3194
Aktobe FIR,70.0081,104.3194
Aktobe FIR,71.1193,104.3194
Aktobe FIR,72.2306,104.3194
Aktobe FIR,73.3418,104.3194
Aktobe FIR,74.4531,104.3194
Aktobe FIR,75.5643,104.3194
Aktobe FIR,76.6755,104.3194
Aktobe FIR,77.7868,104.3194
Aktobe FIR,78.898,104.3194
Aktobe FIR,80.0093,104.3194
Aktobe FIR,81.1205,104.3194
Aktobe FIR,82.2317,104.3194
Aktobe FIR,83.343,104.3194
Aktobe FIR,84.4542,104.3193
Aktobe FIR,85.5655,104.3184
Aktobe FIR,86.6767,104.3157
Aktobe FIR,87.7879,104.3087
Aktobe FIR,88.8992,104.2939
Aktobe FIR,90.0104,104.2684
Aktobe FIR,91.1217,104.2271
Aktobe FIR,92.2329,104.1612
Aktobe FIR,93.3441,104.0597
Aktobe FIR,94.4554,103.9106
Aktobe FIR,95.5666,103.6799
Aktobe FIR,96.6779,103.3474
Aktobe FIR,97.7891,102.8312
Aktobe FIR,98.9003,102.0162
Baku FIR,0.0,1.1903
Baku FIR,1.1112,43.1806
Baku FIR,2.2225,63.1018
Baku FIR,3.3337,76.0632
Baku FIR,4.445,85.5823
Baku FIR,5.5562,92.9097
Baku FIR,6.6674,98.531
Baku FIR,7.7787,102.7284
Baku FIR,8.8899,105.8509
Baku FIR,10.0012,108.2286
Baku FIR,11.1124,109.9307
Baku FIR,12.2236,111.1635
Baku FIR,13.3349,112.0873
Baku FIR,14.4461,112.7722
Baku FIR,15.5574,113.2619
Baku FIR,16.6686,113.6072
Baku FIR,17.7798,113.8482
Baku FIR,18.8911,114.0082
Baku FIR,20.0023,114.1115
Baku FIR,21.1136,114.1795
Baku FIR,22.2248,114.2198
Baku FIR,23.336,114.2424
Baku FIR,24.4473,114.2531
Baku FIR,25.5585,114.2557
Baku FIR,26.6698,114.2561
Baku FIR,27.781,114.2561
Baku FIR,28.8922,114.2561
Baku FIR,30.0035,114.2561
Baku FIR,31.1147,114.2561
Baku FIR,32.226,114.2561
Baku FIR,33.3372,114.2561
Baku FIR,34.4484,114.2561
Baku FIR,35.5597,114.2561
Baku FIR,36.6709,114.2561
Baku FIR,37.7822,114.2561
Baku FIR,38.8934,114.2561
Baku FIR,40.0046,114.2561
Baku FIR,41.1159,114.2561
Baku FIR,42.2271,114.2561
Baku FIR,43.3383,114.2561
Baku FIR,44.4496,114.2561
Baku FIR,45.5608,114.2561
Baku FIR,46.6721,114.2561
Baku FIR,47.7833,114.2561
Baku FIR,48.8945,114.2561
Baku FIR,50.0058,114.2561
Baku FIR,51.117,114.2561
Baku FIR,52.2283,114.2561
Baku FIR,53.3395,114.2561
Baku FIR,54.4507,114.2561
Baku FIR,55.562,114.2561
Baku FIR,56.6732,114.2561
Baku FIR,57.7845,114.2561
Baku FIR,58.8957,114.2561
Baku FIR,60.0069,114.2561
Baku FIR,61.1182,114.2561
Baku FIR,62.2294,114.2561
Baku FIR,63.3407,114.2561
Baku FIR,64.4519,114.2561
Baku FIR,65.5631,114.2561
Baku FIR,66.6744,114.2561
Baku FIR,67.7856,114.2561
Baku FIR,68.8969,114.2561
Baku FIR,70.0081,114.2561
Baku FIR,71.1193,114.2561
Baku FIR,72.2306,114.2561
Baku FIR,73.3418,114.2561
Baku FIR,74.4531,114.2561
Baku FIR,75.5643,114.2561
Baku FIR,76.6755,114.2561
Baku FIR,77.7868,114.2561
Baku FIR,78.898,114.2561
Baku FIR,80.0093,114.2561
Baku FIR,81.1205,114.2561
Baku FIR,82.2317,114.2561
Baku FIR,83.343,114.2561
Baku FIR,84.4542,114.2561
Baku FIR,85.5655,114.2561
Baku FIR,86.6767,114.2561
Baku FIR,87.7879,114.2561
Baku FIR,88.8992,114.256
Baku FIR,90.0104,114.2544
Baku FIR,91.1217,114.245
Baku FIR,92.2329,114.212
Baku FIR,93.3441,114.1255
Baku FIR,94.4554,113.943
Baku FIR,95.5666,113.5905
Baku FIR,96.6779,112.9412
Baku FIR,97.7891,111.6835
Baku FIR,98.9003,109.0664
Bishkek FIR,0.0,0.9311
Bishkek FIR,1.116,35.11
Bishkek FIR,2.232,52.9321
Bishkek FIR,3.3481,65.1547
Bishkek FIR,4.4641,74.511
Bishkek FIR,5.5801,81.6639
Bishkek FIR,6.6961,87.3101
Bishkek FIR,7.8121,91.7601
Bishkek FIR,8.9282,95.3785
Bishkek FIR,10.0442,98.2494
Bishkek FIR,11.1602,100.441
Bishkek FIR,12.2762,102.1257
Bishkek FIR,13.3922,103.4646
Bishkek FIR,14.5083,104.4992
Bishkek FIR,15.6243,105.2595
Bishkek FIR,16.7403,105.7876
Bishkek FIR,17.8563,106.1818
Bishkek FIR,18.9723,106.4454
Bishkek FIR,20.0884,106.6137
Bishkek FIR,21.2044,106.7078
Bishkek FIR,22.3204,106.7487
Bishkek FIR,23.4364,106.7617
Bishkek FIR,24.5524,106.7642
Bishkek FIR,25.6684,106.7644
Bishkek FIR,26.7845,106.7644
Bishkek FIR,27.9005,106.7644
Bishkek FIR,29.0165,106.7644
Bishkek FIR,30.1325,106.7644
Bishkek FIR,31.2485,106.7644
Bishkek FIR,32.3646,106.7644
Bishkek FIR,33.4806,106.7644
Bishkek FIR,34.5966,106.7644
Bishkek FIR,35.7126,106.7644
Bishkek FIR,36.8286,106.7644
Bishkek FIR,37.9447,106.7644
Bishkek FIR,39.0607,106.7644
Bishkek FIR,40.1767,106.7644
Bishkek FIR,41.2927,106.7644
Bishkek FIR,42.4087,106.7644
Bishkek FIR,43.5248,106.7644
Bishkek FIR,44.6408,106.7644
Bishkek FIR,45.7568,106.7644
Bishkek FIR,46.8728,106.7644
Bishkek FIR,47.9888,106.7644
Bishkek FIR,49.1049,106.7644
Bishkek FIR,50.2209,106.7644
Bishkek FIR,51.3369,106.7644
Bishkek FIR,52.4529,106.7644
Bishkek FIR,53.5689,106.7644
Bishkek FIR,54.685,106.7644
Bishkek FIR,55.801,106.7644
Bishkek FIR,56.917,106.7644
Bishkek FIR,58.033,106.7644
Bishkek FIR,59.149,106.7644
Bishkek FIR,60.2651,106.7644
Bishkek FIR,61.3811,106.7644
Bishkek FIR,62.4971,106.7644
Bishkek FIR,63.6131,106.7644
Bishkek FIR,64.7291,106.7644
Bishkek FIR,65.8452,106.7644
Bishkek FIR,66.9612,106.7644
Bishkek FIR,68.0772,106.7644
Bishkek FIR,69.1932,106.7644
Bishkek FIR,70.3092,106.7644
Bishkek FIR,71.4252,106.7644
Bishkek FIR,72.5413,106.7644
Bishkek FIR,73.6573,106.7644
Bishkek FIR,74.7733,106.7644
Bishkek FIR,75.8893,106.7644
Bishkek FIR,77.0053,106.7644
Bishkek FIR,78.1214,106.7644
Bishkek FIR,79.2374,106.7644
Bishkek FIR,80.3534,106.7644
Bishkek FIR,81.4694,106.7644
Bishkek FIR,82.5854,106.7644
Bishkek FIR,83.7015,106.7644
Bishkek FIR,84.8175,106.7644
Bishkek FIR,85.9335,106.7644
Bishkek FIR,87.0495,106.7644
Bishkek FIR,88.1655,106.7644
Bishkek FIR,89.2816,106.7644
Bishkek FIR,90.3976,106.7644
Bishkek FIR,91.5136,106.7644
Bishkek FIR,92.6296,106.7641
Bishkek FIR,93.7456,106.7592
Bishkek FIR,94.8617,106.7224
Bishkek FIR,95.9777,106.5831
Bishkek FIR,97.0937,106.2119
Bishkek FIR,98.2097,105.3456
Bishkek FIR,99.3257,103.403
Osh FIR,0.0,0.9717
Osh FIR,1.1439,38.4125
Osh FIR,2.2879,57.5446
Osh FIR,3.4318,70.7926
Osh FIR,4.5758,80.4115
Osh FIR,5.7197,87.4858
Osh FIR,6.8637,92.6035
Osh FIR,8.0076,96.5537
Osh FIR,9.1516,99.5149
Osh FIR,10.2955,101.7286
Osh FIR,11.4395,103.4282
Osh FIR,12.5834,104.6041
Osh FIR,13.7274,105.3872
Osh FIR,14.8713,105.9231
Osh FIR,16.0153,106.2915
Osh FIR,17.1592,106.5159
Osh FIR,18.3031,106.6364
Osh FIR,19.4471,106.6932
Osh FIR,20.591,106.7118
Osh FIR,21.735,106.7144
Osh FIR,22.8789,106.7145
Osh FIR,24.0229,106.7145
Osh FIR,25.1668,106.7145
Osh FIR,26.3108,106.7145
Osh FIR,27.4547,106.7145
Osh FIR,28.5987,106.7145
Osh FIR,29.7426,106.7145
Osh FIR,30.8866,106.7145
Osh FIR,32.0305,106.7145
Osh FIR,33.1745,106.7145
Osh FIR,34.3184,106.7145
Osh FIR,35.4623,106.7145
Osh FIR,36.6063,106.7145
Osh FIR,37.7502,106.7145
Osh FIR,38.8942,106.7145
Osh FIR,40.0381,106.7145
Osh FIR,41.1821,106.7145
Osh FIR,42.326,106.7145
Osh FIR,43.47,106.7145
Osh FIR,44.6139,106.7145
Osh FIR,45.7579,106.7145
Osh FIR,46.9018,106.7145
Osh FIR,48.0458,106.7145
Osh FIR,49.1897,106.7145
Osh FIR,50.3337,106.7145
Osh FIR,51.4776,106.7145
Osh FIR,52.6215,106.7145
Osh FIR,53.7655,106.7145
Osh FIR,54.9094,106.7145
Osh FIR,56.0534,106.7145
Osh FIR,57.1973,106.7145
Osh FIR,58.3413,106.7145
Osh FIR,59.4852,106.7145
Osh FIR,60.6292,106.7145
Osh FIR,61.7731,106.7145
Osh FIR,62.9171,106.7145
Osh FIR,64.061,106.7145
Osh FIR,65.205,106.7145
Osh FIR,66.3489,106.7145
Osh FIR,67.4929,106.7145
Osh FIR,68.6368,106.7145
Osh FIR,69.7807,106.7145
Osh FIR,70.9247,106.7145
Osh FIR,72.0686,106.7145
Osh FIR,73.2126,106.7145
Osh FIR,74.3565,106.7145
Osh FIR,75.5005,106.7145
Osh FIR,76.6444,106.7145
Osh FIR,77.7884,106.7145
Osh FIR,78.9323,106.7145
Osh FIR,80.0763,106.7145
Osh FIR,81.2202,106.7145
Osh FIR,82.3642,106.7145
Osh FIR,83.5081,106.7145
Osh FIR,84.652,106.7145
Osh FIR,85.796,106.7145
Osh FIR,86.9399,106.7145
Osh FIR,88.0839,106.7145
Osh FIR,89.2278,106.7145
Osh FIR,90.3718,106.7145
Osh FIR,91.5157,106.7145
Osh FIR,92.6597,106.7145
Osh FIR,93.8036,106.7145
Osh FIR,94.9476,106.7141
Osh FIR,96.0915,106.7037
Osh FIR,97.2355,106.5928
Osh FIR,98.3794,106.0669
Osh FIR,99.5234,104.0823
Yerevan FIR,0.0,1.4036
Yerevan FIR,1.1114,56.7176
Yerevan FIR,2.2227,78.985
Yerevan FIR,3.3341,91.441
Yerevan FIR,4.4455,99.7534
Yerevan FIR,5.5568,105.36
Yerevan FIR,6.6682,108.9604
Yerevan FIR,7.7796,111.3963
Yerevan FIR,8.8909,112.9154
Yerevan FIR,10.0023,113.8656
Yerevan FIR,11.1137,114.4459
Yerevan FIR,12.2251,114.8088
Yerevan FIR,13.3364,115.032
Yerevan FIR,14.4478,115.1591
Yerevan FIR,15.5592,115.2212
Yerevan FIR,16.6705,115.2395
Yerevan FIR,17.7819,115.2421
Yerevan FIR,18.8933,115.2422
Yerevan FIR,20.0046,115.2423
Yerevan FIR,21.116,115.2423
Yerevan FIR,22.2274,115.2423
Yerevan FIR,23.3387,115.2423
Yerevan FIR,24.4501,115.2423
Yerevan FIR,25.5615,115.2423
Yerevan FIR,26.6728,115.2423
Yerevan FIR,27.7842,115.2423
Yerevan FIR,28.8956,115.2423
Yerevan FIR,30.0069,115.2423
Yerevan FIR,31.1183,115.2423
Yerevan FIR,32.2297,115.2423
Yerevan FIR,33.3411,115.2423
Yerevan FIR,34.4524,115.2423
Yerevan FIR,35.5638,115.2423
Yerevan FIR,36.6752,115.2423
Yerevan FIR,37.7865,115.2423
Yerevan FIR,38.8979,115.2423
Yerevan FIR,40.0093,115.2423
Yerevan FIR,41.1206,115.2423
Yerevan FIR,42.232,115.2423
Yerevan FIR,43.3434,115.2423
Yerevan FIR,44.4547,115.2423
Yerevan FIR,45.5661,115.2423
Yerevan FIR,46.6775,115.2423
Yerevan FIR,47.7888,115.2423
Yerevan FIR,48.9002,115.2423
Yerevan FIR,50.0116,115.2423
Yerevan FIR,51.1229,115.2423
Yerevan FIR,52.2343,115.2423
Yerevan FIR,53.3457,115.2423
Yerevan FIR,54.4571,115.2423
Yerevan FIR,55.5684,115.2423
Yerevan FIR,56.6798,115.2423
Yerevan FIR,57.7912,115.2423
Yerevan FIR,58.9025,115.2423
Yerevan FIR,60.0139,115.2423
Yerevan FIR,61.1253,115.2423
Yerevan FIR,62.2366,115.2423
Yerevan FIR,63.348,115.2423
Yerevan FIR,64.4594,115.2423
Yerevan FIR,65.5707,115.2423
Yerevan FIR,66.6821,115.2423
Yerevan FIR,67.7935,115.2423
Yerevan FIR,68.9048,115.2423
Yerevan FIR,70.0162,115.2423
Yerevan FIR,71.1276,115.2423
Yerevan FIR,72.2389,115.2423
Yerevan FIR,73.3503,115.2423
Yerevan FIR,74.4617,115.2423
Yerevan FIR,75.573,115.2423
Yerevan FIR,76.6844,115.2423
Yerevan FIR,77.7958,115.2423
Yerevan FIR,78.9072,115.2423
Yerevan FIR,80.0185,115.2423
Yerevan FIR,81.1299,115.2423
Yerevan FIR,82.2413,115.2423
Yerevan FIR,83.3526,115.2423
Yerevan FIR,84.464,115.2423
Yerevan FIR,85.5754,115.2423
Yerevan FIR,86.6867,115.2423
Yerevan FIR,87.7981,115.2423
Yerevan FIR,88.9095,115.2423
Yerevan FIR,90.0208,115.2423
Yerevan FIR,91.1322,115.2423
Yerevan FIR,92.2436,115.2422
Yerevan FIR,93.3549,115.2418
Yerevan FIR,94.4663,115.234
Yerevan FIR,95.5777,115.1831
Yerevan FIR,96.689,114.9726
Yerevan FIR,97.8004,114.3001
Yerevan FIR,98.9118,111.9647
Yakutsk FIR,0.0,0.6505
Yakutsk FIR,1.1116,25.876
Yakutsk FIR,2.2233,39.265
Yakutsk FIR,3.3349,48.6103
Yakutsk FIR,4.4465,55.8687
Yakutsk FIR,5.5581,61.6585
Yakutsk FIR,6.6698,66.5859
Yakutsk FIR,7.7814,70.8307
Yakutsk FIR,8.893,74.5557
Yakutsk FIR,10.0046,77.8768
Yakutsk FIR,11.1163,80.9134
Yakutsk FIR,12.2279,83.6578
Yakutsk FIR,13.3395,86.1586
Yakutsk FIR,14.4511,88.4587
Yakutsk FIR,15.5628,90.5835
Yakutsk FIR,16.6744,92.5674
Yakutsk FIR,17.786,94.3855
Yakutsk FIR,18.8976,96.0631
Yakutsk FIR,20.0093,97.6024
Yakutsk FIR,21.1209,99.0151
Yakutsk FIR,22.2325,100.3233
Yakutsk FIR,23.3441,101.5327
Yakutsk FIR,24.4558,102.6542
Yakutsk FIR,25.5674,103.6877
Yakutsk FIR,26.679,104.6433
Yakutsk FIR,27.7906,105.5252
Yakutsk FIR,28.9023,106.3343
Yakutsk FIR,30.0139,107.0839
Yakutsk FIR,31.1255,107.765
Yakutsk FIR,32.2371,108.3865
Yakutsk FIR,33.3488,108.959
Yakutsk FIR,34.4604,109.4841
Yakutsk FIR,35.572,109.9546
Yakutsk FIR,36.6836,110.3757
Yakutsk FIR,37.7953,110.7546
Yakutsk FIR,38.9069,111.0908
Yakutsk FIR,40.0185,111.3915
Yakutsk FIR,41.1302,111.6579
Yakutsk FIR,42.2418,111.8928
Yakutsk FIR,43.3534,112.0959
Yakutsk FIR,44.465,112.2698
Yakutsk FIR,45.5767,112.4189
Yakutsk FIR,46.6883,112.5479
Yakutsk FIR,47.7999,112.6596
Yakutsk FIR,48.9115,112.7532
Yakutsk FIR,50.0232,112.8316
Yakutsk FIR,51.1348,112.8971
Yakutsk FIR,52.2464,112.9496
Yakutsk FIR,53.358,112.9873
Yakutsk FIR,54.4697,113.0139
Yakutsk FIR,55.5813,113.0323
Yakutsk FIR,56.6929,113.0439
Yakutsk FIR,57.8045,113.0502
Yakutsk FIR,58.9162,113.0527
Yakutsk FIR,60.0278,113.0533
Yakutsk FIR,61.1394,113.0534
Yakutsk FIR,62.251,113.0535
Yakutsk FIR,63.3627,113.0535
Yakutsk FIR,64.4743,113.0535
Yakutsk FIR,65.5859,113.0535
Yakutsk FIR,66.6975,113.0535
Yakutsk FIR,67.8092,113.0535
Yakutsk FIR,68.9208,113.0535
Yakutsk FIR,70.0324,113.0535
Yakutsk FIR,71.144,113.0535
Yakutsk FIR,72.2557,113.0535
Yakutsk FIR,73.3673,113.0535
Yakutsk FIR,74.4789,113.0535
Yakutsk FIR,75.5906,113.0535
Yakutsk FIR,76.7022,113.0535
Yakutsk FIR,77.8138,113.0534
Yakutsk FIR,78.9254,113.0523
Yakutsk FIR,80.0371,113.0465
Yakutsk FIR,81.1487,113.0318
Yakutsk FIR,82.2603,113.0038
Yakutsk FIR,83.3719,112.9569
Yakutsk FIR,84.4836,112.8841
Yakutsk FIR,85.5952,112.7775
Yakutsk FIR,86.7068,112.6299
Yakutsk FIR,87.8184,112.4289
Yakutsk FIR,88.9301,112.1697
Yakutsk FIR,90.0417,111.8362
Yakutsk FIR,91.1533,111.4275
Yakutsk FIR,92.2649,110.917
Yakutsk FIR,93.3766,110.2821
Yakutsk FIR,94.4882,109.508
Yakutsk FIR,95.5998,108.5592
Yakutsk FIR,96.7114,107.365
Yakutsk FIR,97.8231,105.8219
Yakutsk FIR,98.9347,103.6888
Tibilisi FIR,0.0,0.8909
Tibilisi FIR,1.1112,38.5018
Tibilisi FIR,2.2225,58.4556
Tibilisi FIR,3.3337,71.8887
Tibilisi FIR,4.445,81.2608
Tibilisi FIR,5.5562,87.8951
Tibilisi FIR,6.6674,92.8363
Tibilisi FIR,7.7787,96.5708
Tibilisi FIR,8.8899,99.3606
Tibilisi FIR,10.0012,101.5228
Tibilisi FIR,11.1124,103.223
Tibilisi FIR,12.2236,104.529
Tibilisi FIR,13.3349,105.4388
Tibilisi FIR,14.4461,106.0904
Tibilisi FIR,15.5574,106.5961
Tibilisi FIR,16.6686,106.9858
Tibilisi FIR,17.7798,107.277
Tibilisi FIR,18.8911,107.4875
Tibilisi FIR,20.0023,107.637
Tibilisi FIR,21.1136,107.7448
Tibilisi FIR,22.2248,107.8149
Tibilisi FIR,23.336,107.8587
Tibilisi FIR,24.4473,107.8836
Tibilisi FIR,25.5585,107.8955
Tibilisi FIR,26.6698,107.9003
Tibilisi FIR,27.781,107.9014
Tibilisi FIR,28.8922,107.9015
Tibilisi FIR,30.0035,107.9015
Tibilisi FIR,31.1147,107.9015
Tibilisi FIR,32.226,107.9015
Tibilisi FIR,33.3372,107.9015
Tibilisi FIR,34.4484,107.9015
Tibilisi FIR,35.5597,107.9015
Tibilisi FIR,36.6709,107.9015
Tibilisi FIR,37.7822,107.9015
Tibilisi FIR,38.8934,107.9015
Tibilisi FIR,40.0046,107.9015
Tibilisi FIR,41.1159,107.9015
Tibilisi FIR,42.2271,107.9015
Tibilisi FIR,43.3383,107.9015
Tibilisi FIR,44.4496,107.9015
Tibilisi FIR,45.5608,107.9015
Tibilisi FIR,46.6721,107.9015
Tibilisi FIR,47.7833,107.9015
Tibilisi FIR,48.8945,107.9015
Tibilisi FIR,50.0058,107.9015
Tibilisi FIR,51.117,107.9015
Tibilisi FIR,52.2283,107.9015
Tibilisi FIR,53.3395,107.9015
Tibilisi FIR,54.4507,107.9015
Tibilisi FIR,55.562,107.9015
Tibilisi FIR,56.6732,107.9015
Tibilisi FIR,57.7845,107.9015
Tibilisi FIR,58.8957,107.9015
Tibilisi FIR,60.0069,107.9015
Tibilisi FIR,61.1182,107.9015
Tibilisi FIR,62.2294,107.9015
Tibilisi FIR,63.3407,107.9015
Tibilisi FIR,64.4519,107.9015
Tibilisi FIR,65.5631,107.9015
Tibilisi FIR,66.6744,107.9015
Tibilisi FIR,67.7856,107.9015
Tibilisi FIR,68.8969,107.9015
Tibilisi FIR,70.0081,107.9015
Tibilisi FIR,71.1193,107.9015
Tibilisi FIR,72.2306,107.9015
Tibilisi FIR,73.3418,107.9015
Tibilisi FIR,74.4531,107.9015
Tibilisi FIR,75.5643,107.9015
Tibilisi FIR,76.6755,107.9015
Tibilisi FIR,77.7868,107.9015
Tibilisi FIR,78.898,107.9015
Tibilisi FIR,80.0093,107.9015
Tibilisi FIR,81.1205,107.9015
Tibilisi FIR,82.2317,107.9015
Tibilisi FIR,83.343,107.9015
Tibilisi FIR,84.4542,107.9015
Tibilisi FIR,85.5655,107.9015
Tibilisi FIR,86.6767,107.9015
Tibilisi FIR,87.7879,107.9015
Tibilisi FIR,88.8992,107.9015
Tibilisi FIR,90.0104,107.9002
Tibilisi FIR,91.1217,107.8935
Tibilisi FIR,92.2329,107.8727
Tibilisi FIR,93.3441,107.8241
Tibilisi FIR,94.4554,107.7261
Tibilisi FIR,95.5666,107.5513
Tibilisi FIR,96.6779,107.2239
Tibilisi FIR,97.7891,106.5658
Tibilisi FIR,98.9003,105.2479
Khabarovsk FIR,0.0,0.4911
Khabarovsk FIR,1.1112,17.7163
Khabarovsk FIR,2.2225,28.3208
Khabarovsk FIR,3.3337,37.0052
Khabarovsk FIR,4.445,44.6187
Khabarovsk FIR,5.5562,51.4783
Khabarovsk FIR,6.6674,57.5864
Khabarovsk FIR,7.7787,63.0674
Khabarovsk FIR,8.8899,68.0425
Khabarovsk FIR,10.0012,72.6148
Khabarovsk FIR,11.1124,76.7744
Khabarovsk FIR,12.2236,80.5862
Khabarovsk FIR,13.3349,84.0955
Khabarovsk FIR,14.4461,87.3523
Khabarovsk FIR,15.5574,90.3767
Khabarovsk FIR,16.6686,93.1773
Khabarovsk FIR,17.7798,95.7713
Khabarovsk FIR,18.8911,98.186
Khabarovsk FIR,20.0023,100.4302
Khabarovsk FIR,21.1136,102.5059
Khabarovsk FIR,22.2248,104.4212
Khabarovsk FIR,23.336,106.2096
Khabarovsk FIR,24.4473,107.868
Khabarovsk FIR,25.5585,109.3663
Khabarovsk FIR,26.6698,110.7247
Khabarovsk FIR,27.781,111.9591
Khabarovsk FIR,28.8922,113.0907
Khabarovsk FIR,30.0035,114.1322
Khabarovsk FIR,31.1147,115.0657
Khabarovsk FIR,32.226,115.91
Khabarovsk FIR,33.3372,116.6624
Khabarovsk FIR,34.4484,117.3379
Khabarovsk FIR,35.5597,117.9331
Khabarovsk FIR,36.6709,118.4636
Khabarovsk FIR,37.7822,118.9356
Khabarovsk FIR,38.8934,119.3455
Khabarovsk FIR,40.0046,119.6971
Khabarovsk FIR,41.1159,119.9963
Khabarovsk FIR,42.2271,120.2504
Khabarovsk FIR,43.3383,120.4622
Khabarovsk FIR,44.4496,120.6297
Khabarovsk FIR,45.5608,120.758
Khabarovsk FIR,46.6721,120.8568
Khabarovsk FIR,47.7833,120.9309
Khabarovsk FIR,48.8945,120.9839
Khabarovsk FIR,50.0058,121.0217
Khabarovsk FIR,51.117,121.0466
Khabarovsk FIR,52.2283,121.0611
Khabarovsk FIR,53.3395,121.0686
Khabarovsk FIR,54.4507,121.072
Khabarovsk FIR,55.562,121.073
Khabarovsk FIR,56.6732,121.0732
Khabarovsk FIR,57.7845,121.0732
Khabarovsk FIR,58.8957,121.0733
Khabarovsk FIR,60.0069,121.0733
Khabarovsk FIR,61.1182,121.0733
Khabarovsk FIR,62.2294,121.0733
Khabarovsk FIR,63.3407,121.0733
Khabarovsk FIR,64.4519,121.0733
Khabarovsk FIR,65.5631,121.0733
Khabarovsk FIR,66.6744,121.0733
Khabarovsk FIR,67.7856,121.0733
Khabarovsk FIR,68.8969,121.0733
Khabarovsk FIR,70.0081,121.0733
Khabarovsk FIR,71.1193,121.0733
Khabarovsk FIR,72.2306,121.0733
Khabarovsk FIR,73.3418,121.0733
Khabarovsk FIR,74.4531,121.0733
Khabarovsk FIR,75.5643,121.0733
Khabarovsk FIR,76.6755,121.0732
Khabarovsk FIR,77.7868,121.0727
Khabarovsk FIR,78.898,121.0707
Khabarovsk FIR,80.0093,121.0648
Khabarovsk FIR,81.1205,121.0504
Khabarovsk FIR,82.2317,121.0234
Khabarovsk FIR,83.343,120.9761
Khabarovsk FIR,84.4542,120.9028
Khabarovsk FIR,85.5655,120.7941
Khabarovsk FIR,86.6767,120.6451
Khabarovsk FIR,87.7879,120.4441
Khabarovsk FIR,88.8992,120.1764
Khabarovsk FIR,90.0104,119.8232
Khabarovsk FIR,91.1217,119.3482
Khabarovsk FIR,92.2329,118.7111
Khabarovsk FIR,93.3441,117.8998
Khabarovsk FIR,94.4554,116.8325
Khabarovsk FIR,95.5666,115.4399
Khabarovsk FIR,96.6779,113.5881
Khabarovsk FIR,97.7891,111.0761
Khabarovsk FIR,98.9003,107.3061
Magadan FIR,0.0,0.8241
Magadan FIR,1.1115,15.8036
Magadan FIR,2.223,24.2692
Magadan FIR,3.3345,31.0543
Magadan FIR,4.446,36.8602
Magadan FIR,5.5575,41.9559
Magadan FIR,6.669,46.4807
Magadan FIR,7.7805,50.5084
Magadan FIR,8.892,54.1387
Magadan FIR,10.0035,57.4807
Magadan FIR,11.115,60.5681
Magadan FIR,12.2265,63.4321
Magadan FIR,13.338,66.0673
Magadan FIR,14.4495,68.5495
Magadan FIR,15.561,70.8739
Magadan FIR,16.6725,73.0656
Magadan FIR,17.784,75.1257
Magadan FIR,18.8954,77.0602
Magadan FIR,20.0069,78.8807
Magadan FIR,21.1184,80.5829
Magadan FIR,22.2299,82.1781
Magadan FIR,23.3414,83.6856
Magadan FIR,24.4529,85.1074
Magadan FIR,25.5644,86.4444
Magadan FIR,26.6759,87.7095
Magadan FIR,27.7874,88.9033
Magadan FIR,28.8989,90.0235
Magadan FIR,30.0104,91.0651
Magadan FIR,31.1219,92.0482
Magadan FIR,32.2334,92.9769
Magadan FIR,33.3449,93.8476
Magadan FIR,34.4564,94.669
Magadan FIR,35.5679,95.4452
Magadan FIR,36.6794,96.1762
Magadan FIR,37.7909,96.8549
Magadan FIR,38.9024,97.4864
Magadan FIR,40.0139,98.0738
Magadan FIR,41.1254,98.6155
Magadan FIR,42.2369,99.1106
Magadan FIR,43.3484,99.5667
Magadan FIR,44.4599,99.9857
Magadan FIR,45.5714,100.3778
Magadan FIR,46.6829,100.7391
Magadan FIR,47.7944,101.0675
Magadan FIR,48.9059,101.3675
Magadan FIR,50.0174,101.638
Magadan FIR,51.1289,101.8845
Magadan FIR,52.2404,102.1081
Magadan FIR,53.3519,102.3076
Magadan FIR,54.4634,102.484
Magadan FIR,55.5749,102.6403
Magadan FIR,56.6863,102.7744
Magadan FIR,57.7978,102.8898
Magadan FIR,58.9093,102.9879
Magadan FIR,60.0208,103.0706
Magadan FIR,61.1323,103.1368
Magadan FIR,62.2438,103.1905
Magadan FIR,63.3553,103.2338
Magadan FIR,64.4668,103.2654
Magadan FIR,65.5783,103.2879
Magadan FIR,66.6898,103.3029
Magadan FIR,67.8013,103.3116
Magadan FIR,68.9128,103.3155
Magadan FIR,70.0243,103.3168
Magadan FIR,71.1358,103.317
Magadan FIR,72.2473,103.3171
Magadan FIR,73.3588,103.3171
Magadan FIR,74.4703,103.3171
Magadan FIR,75.5818,103.3171
Magadan FIR,76.6933,103.3171
Magadan FIR,77.8048,103.3171
Magadan FIR,78.9163,103.3171
Magadan FIR,80.0278,103.3171
Magadan FIR,81.1393,103.3171
Magadan FIR,82.2508,103.3171
Magadan FIR,83.3623,103.3171
Magadan FIR,84.4738,103.3171
Magadan FIR,85.5853,103.3171
Magadan FIR,86.6968,103.3171
Magadan FIR,87.8083,103.3171
Magadan FIR,88.9198,103.3171
Magadan FIR,90.0313,103.3171
Magadan FIR,91.1428,103.3169
Magadan FIR,92.2543,103.312
Magadan FIR,93.3658,103.2838
Magadan FIR,94.4772,103.2101
Magadan FIR,95.5887,103.0767
Magadan FIR,96.7002,102.8522
Magadan FIR,97.8117,102.4577
Magadan FIR,98.9232,101.7932
Petropavlovsk-Kamchatsky FIR,0.0,0.486
Petropavlovsk-Kamchatsky FIR,1.1116,18.0248
Petropavlovsk-Kamchatsky FIR,2.2233,29.3264
Petropavlovsk-Kamchatsky FIR,3.3349,38.3917
Petropavlovsk-Kamchatsky FIR,4.4465,46.1592
Petropavlovsk-Kamchatsky FIR,5.5581,52.9016
Petropavlovsk-Kamchatsky FIR,6.6698,58.8847
Petropavlovsk-Kamchatsky FIR,7.7814,64.2777
Petropavlovsk-Kamchatsky FIR,8.893,69.0845
Petropavlovsk-Kamchatsky FIR,10.0046,73.4035
Petropavlovsk-Kamchatsky FIR,11.1163,77.2946
Petropavlovsk-Kamchatsky FIR,12.2279,80.8398
Petropavlovsk-Kamchatsky FIR,13.3395,84.119
Petropavlovsk-Kamchatsky FIR,14.4511,87.1091
Petropavlovsk-Kamchatsky FIR,15.5628,89.8349
Petropavlovsk-Kamchatsky FIR,16.6744,92.3121
Petropavlovsk-Kamchatsky FIR,17.786,94.582
Petropavlovsk-Kamchatsky FIR,18.8976,96.6569
Petropavlovsk-Kamchatsky FIR,20.0093,98.5558
Petropavlovsk-Kamchatsky FIR,21.1209,100.2848
Petropavlovsk-Kamchatsky FIR,22.2325,101.8642
Petropavlovsk-Kamchatsky FIR,23.3441,103.3271
Petropavlovsk-Kamchatsky FIR,24.4558,104.6756
Petropavlovsk-Kamchatsky FIR,25.5674,105.9161
Petropavlovsk-Kamchatsky FIR,26.679,107.0561
Petropavlovsk-Kamchatsky FIR,27.7906,108.0929
Petropavlovsk-Kamchatsky FIR,28.9023,109.0354
Petropavlovsk-Kamchatsky FIR,30.0139,109.8834
Petropavlovsk-Kamchatsky FIR,31.1255,110.6522
Petropavlovsk-Kamchatsky FIR,32.2371,111.3525
Petropavlovsk-Kamchatsky FIR,33.3488,111.9814
Petropavlovsk-Kamchatsky FIR,34.4604,112.5421
Petropavlovsk-Kamchatsky FIR,35.572,113.0441
Petropavlovsk-Kamchatsky FIR,36.6836,113.4786
Petropavlovsk-Kamchatsky FIR,37.7953,113.8519
Petropavlovsk-Kamchatsky FIR,38.9069,114.1717
Petropavlovsk-Kamchatsky FIR,40.0185,114.4448
Petropavlovsk-Kamchatsky FIR,41.1302,114.6766
Petropavlovsk-Kamchatsky FIR,42.2418,114.8696
Petropavlovsk-Kamchatsky FIR,43.3534,115.0243
Petropavlovsk-Kamchatsky FIR,44.465,115.1491
Petropavlovsk-Kamchatsky FIR,45.5767,115.245
Petropavlovsk-Kamchatsky FIR,46.6883,115.3147
Petropavlovsk-Kamchatsky FIR,47.7999,115.362
Petropavlovsk-Kamchatsky FIR,48.9115,115.3925
Petropavlovsk-Kamchatsky FIR,50.0232,115.411
Petropavlovsk-Kamchatsky FIR,51.1348,115.4207
Petropavlovsk-Kamchatsky FIR,52.2464,115.4249
Petropavlovsk-Kamchatsky FIR,53.358,115.426
Petropavlovsk-Kamchatsky FIR,54.4697,115.4261
Petropavlovsk-Kamchatsky FIR,55.5813,115.4261
Petropavlovsk-Kamchatsky FIR,56.6929,115.4261
Petropavlovsk-Kamchatsky FIR,57.8045,115.4261
Petropavlovsk-Kamchatsky FIR,58.9162,115.4261
Petropavlovsk-Kamchatsky FIR,60.0278,115.4261
Petropavlovsk-Kamchatsky FIR,61.1394,115.4261
Petropavlovsk-Kamchatsky FIR,62.251,115.4261
Petropavlovsk-Kamchatsky FIR,63.3627,115.4261
Petropavlovsk-Kamchatsky FIR,64.4743,115.4261
Petropavlovsk-Kamchatsky FIR,65.5859,115.4261
Petropavlovsk-Kamchatsky FIR,66.6975,115.4261
Petropavlovsk-Kamchatsky FIR,67.8092,115.4261
Petropavlovsk-Kamchatsky FIR,68.9208,115.4261
Petropavlovsk-Kamchatsky FIR,70.0324,115.4261
Petropavlovsk-Kamchatsky FIR,71.144,115.4261
Petropavlovsk-Kamchatsky FIR,72.2557,115.4261
Petropavlovsk-Kamchatsky FIR,73.3673,115.4261
Petropavlovsk-Kamchatsky FIR,74.4789,115.4261
Petropavlovsk-Kamchatsky FIR,75.5906,115.4261
Petropavlovsk-Kamchatsky FIR,76.7022,115.4261
Petropavlovsk-Kamchatsky FIR,77.8138,115.4261
Petropavlovsk-Kamchatsky FIR,78.9254,115.4261
Petropavlovsk-Kamchatsky FIR,80.0371,115.4261
Petropavlovsk-Kamchatsky FIR,81.1487,115.4261
Petropavlovsk-Kamchatsky FIR,82.2603,115.426
Petropavlovsk-Kamchatsky FIR,83.3719,115.4257
Petropavlovsk-Kamchatsky FIR,84.4836,115.4227
Petropavlovsk-Kamchatsky FIR,85.5952,115.4113
Petropavlovsk-Kamchatsky FIR,86.7068,115.3825
Petropavlovsk-Kamchatsky FIR,87.8184,115.3249
Petropavlovsk-Kamchatsky FIR,88.9301,115.2166
Petropavlovsk-Kamchatsky FIR,90.0417,115.0383
Petropavlovsk-Kamchatsky FIR,91.1533,114.7614
Petropavlovsk-Kamchatsky FIR,92.2649,114.3615
Petropavlovsk-Kamchatsky FIR,93.3766,113.8168
Petropavlovsk-Kamchatsky FIR,94.4882,113.1037
Petropavlovsk-Kamchatsky FIR,95.5998,112.1065
Petropavlovsk-Kamchatsky FIR,96.7114,110.7435
Petropavlovsk-Kamchatsky FIR,97.8231,108.7571
Petropavlovsk-Kamchatsky FIR,98.9347,105.6616
Irkutsk FIR,0.0,0.5044
Irkutsk FIR,1.1112,24.3336
Irkutsk FIR,2.2225,38.2035
Irkutsk FIR,3.3337,48.6726
Irkutsk FIR,4.445,57.2395
Irkutsk FIR,5.5562,64.5736
Irkutsk FIR,6.6674,70.9847
Irkutsk FIR,7.7787,76.5964
Irkutsk FIR,8.8899,81.5913
Irkutsk FIR,10.0012,86.0296
Irkutsk FIR,11.1124,90.0078
Irkutsk FIR,12.2236,93.6302
Irkutsk FIR,13.3349,96.9207
Irkutsk FIR,14.4461,99.9354
Irkutsk FIR,15.5574,102.7149
Irkutsk FIR,16.6686,105.2992
Irkutsk FIR,17.7798,107.6747
Irkutsk FIR,18.8911,109.865
Irkutsk FIR,20.0023,111.8887
Irkutsk FIR,21.1136,113.7282
Irkutsk FIR,22.2248,115.3949
Irkutsk FIR,23.336,116.9086
Irkutsk FIR,24.4473,118.2902
Irkutsk FIR,25.5585,119.5395
Irkutsk FIR,26.6698,120.6729
Irkutsk FIR,27.781,121.708
Irkutsk FIR,28.8922,122.6349
Irkutsk FIR,30.0035,123.4668
Irkutsk FIR,31.1147,124.2221
Irkutsk FIR,32.226,124.8965
Irkutsk FIR,33.3372,125.4948
Irkutsk FIR,34.4484,126.0166
Irkutsk FIR,35.5597,126.4757
Irkutsk FIR,36.6709,126.8812
Irkutsk FIR,37.7822,127.2377
Irkutsk FIR,38.8934,127.548
Irkutsk FIR,40.0046,127.8206
Irkutsk FIR,41.1159,128.0546
Irkutsk FIR,42.2271,128.2526
Irkutsk FIR,43.3383,128.4181
Irkutsk FIR,44.4496,128.5545
Irkutsk FIR,45.5608,128.6617
Irkutsk FIR,46.6721,128.7448
Irkutsk FIR,47.7833,128.8081
Irkutsk FIR,48.8945,128.8549
Irkutsk FIR,50.0058,128.8856
Irkutsk FIR,51.117,128.9055
Irkutsk FIR,52.2283,128.9167
Irkutsk FIR,53.3395,128.9226
Irkutsk FIR,54.4507,128.9248
Irkutsk FIR,55.562,128.9254
Irkutsk FIR,56.6732,128.9255
Irkutsk FIR,57.7845,128.9255
Irkutsk FIR,58.8957,128.9255
Irkutsk FIR,60.0069,128.9255
Irkutsk FIR,61.1182,128.9255
Irkutsk FIR,62.2294,128.9255
Irkutsk FIR,63.3407,128.9255
Irkutsk FIR,64.4519,128.9255
Irkutsk FIR,65.5631,128.9255
Irkutsk FIR,66.6744,128.9255
Irkutsk FIR,67.7856,128.9255
Irkutsk FIR,68.8969,128.9255
Irkutsk FIR,70.0081,128.9251
Irkutsk FIR,71.1193,128.9227
Irkutsk FIR,72.2306,128.9156
Irkutsk FIR,73.3418,128.8985
Irkutsk FIR,74.4531,128.8673
Irkutsk FIR,75.5643,128.8165
Irkutsk FIR,76.6755,128.7419
Irkutsk FIR,77.7868,128.6398
Irkutsk FIR,78.898,128.5088
Irkutsk FIR,80.0093,128.3381
Irkutsk FIR,81.1205,128.1237
Irkutsk FIR,82.2317,127.8629
Irkutsk FIR,83.343,127.5458
Irkutsk FIR,84.4542,127.1557
Irkutsk FIR,85.5655,126.6907
Irkutsk FIR,86.6767,126.1485
Irkutsk FIR,87.7879,125.5178
Irkutsk FIR,88.8992,124.7706
Irkutsk FIR,90.0104,123.8779
Irkutsk FIR,91.1217,122.8487
Irkutsk FIR,92.2329,121.6678
Irkutsk FIR,93.3441,120.3277
Irkutsk FIR,94.4554,118.7598
Irkutsk FIR,95.5666,116.9017
Irkutsk FIR,96.6779,114.5949
Irkutsk FIR,97.7891,111.7226
Irkutsk FIR,98.9003,107.8003
Kiev FIR,0.0,0.7043
Kiev FIR,1.1112,24.1717
Kiev FIR,2.2225,37.2563
Kiev FIR,3.3337,47.0324
Kiev FIR,4.445,54.93
Kiev FIR,5.5562,61.435
Kiev FIR,6.6674,66.9568
Kiev FIR,7.7787,71.7253
Kiev FIR,8.8899,75.8721
Kiev FIR,10.0012,79.4689
Kiev FIR,11.1124,82.6385
Kiev FIR,12.2236,85.4227
Kiev FIR,13.3349,87.8597
Kiev FIR,14.4461,90.0442
Kiev FIR,15.5574,91.9947
Kiev FIR,16.6686,93.751
Kiev FIR,17.7798,95.3138
Kiev FIR,18.8911,96.7007
Kiev FIR,20.0023,97.9436
Kiev FIR,21.1136,99.0631
Kiev FIR,22.2248,100.0612
Kiev FIR,23.336,100.9574
Kiev FIR,24.4473,101.7562
Kiev FIR,25.5585,102.4485
Kiev FIR,26.6698,103.0423
Kiev FIR,27.781,103.5639
Kiev FIR,28.8922,104.0064
Kiev FIR,30.0035,104.3818
Kiev FIR,31.1147,104.7081
Kiev FIR,32.226,104.9855
Kiev FIR,33.3372,105.223
Kiev FIR,34.4484,105.423
Kiev FIR,35.5597,105.5882
Kiev FIR,36.6709,105.727
Kiev FIR,37.7822,105.8426
Kiev FIR,38.8934,105.9338
Kiev FIR,40.0046,106.0059
Kiev FIR,41.1159,106.0635
Kiev FIR,42.2271,106.1091
Kiev FIR,43.3383,106.144
Kiev FIR,44.4496,106.1692
Kiev FIR,45.5608,106.1865
Kiev FIR,46.6721,106.1962
Kiev FIR,47.7833,106.201
Kiev FIR,48.8945,106.2032
Kiev FIR,50.0058,106.2039
Kiev FIR,51.117,106.204
Kiev FIR,52.2283,106.204
Kiev FIR,53.3395,106.204
Kiev FIR,54.4507,106.204
Kiev FIR,55.562,106.204
Kiev FIR,56.6732,106.204
Kiev FIR,57.7845,106.204
Kiev FIR,58.8957,106.204
Kiev FIR,60.0069,106.204
Kiev FIR,61.1182,106.204
Kiev FIR,62.2294,106.204
Kiev FIR,63.3407,106.204
Kiev FIR,64.4519,106.204
Kiev FIR,65.5631,106.204
Kiev FIR,66.6744,106.204
Kiev FIR,67.7856,106.204
Kiev FIR,68.8969,106.204
Kiev FIR,70.0081,106.204
Kiev FIR,71.1193,106.204
Kiev FIR,72.2306,106.204
Kiev FIR,73.3418,106.204
Kiev FIR,74.4531,106.204
Kiev FIR,75.5643,106.204
Kiev FIR,76.6755,106.204
Kiev FIR,77.7868,106.204
Kiev FIR,78.898,106.204
Kiev FIR,80.0093,106.204
Kiev FIR,81.1205,106.204
Kiev FIR,82.2317,106.204
Kiev FIR,83.343,106.204
Kiev FIR,84.4542,106.2038
Kiev FIR,85.5655,106.2029
Kiev FIR,86.6767,106.1998
Kiev FIR,87.7879,106.1913
Kiev FIR,88.8992,106.1737
Kiev FIR,90.0104,106.1391
Kiev FIR,91.1217,106.0785
Kiev FIR,92.2329,105.9823
Kiev FIR,93.3441,105.8391
Kiev FIR,94.4554,105.6264
Kiev FIR,95.5666,105.3021
Kiev FIR,96.6779,104.8065
Kiev FIR,97.7891,104.0835
Kiev FIR,98.9003,102.9106
Dnipro FIR,0.0,0.7448
Dnipro FIR,1.1161,30.1397
Dnipro FIR,2.2323,45.625
Dnipro FIR,3.3484,57.0971
Dnipro FIR,4.4646,66.0054
Dnipro FIR,5.5807,73.1196
Dnipro FIR,6.6969,78.8483
Dnipro FIR,7.813,83.5607
Dnipro FIR,8.9292,87.4479
Dnipro FIR,10.0453,90.7158
Dnipro FIR,11.1615,93.3734
Dnipro FIR,12.2776,95.5631
Dnipro FIR,13.3938,97.4313
Dnipro FIR,14.5099,99.0081
Dnipro FIR,15.6261,100.3165
Dnipro FIR,16.7422,101.4222
Dnipro FIR,17.8584,102.3406
Dnipro FIR,18.9745,103.0922
Dnipro FIR,20.0907,103.706
Dnipro FIR,21.2068,104.1981
Dnipro FIR,22.323,104.5821
Dnipro FIR,23.4391,104.8886
Dnipro FIR,24.5553,105.1256
Dnipro FIR,25.6714,105.3072
Dnipro FIR,26.7876,105.4376
Dnipro FIR,27.9037,105.5219
Dnipro FIR,29.0199,105.5749
Dnipro FIR,30.136,105.6069
Dnipro FIR,31.2522,105.6226
Dnipro FIR,32.3683,105.6289
Dnipro FIR,33.4845,105.6305
Dnipro FIR,34.6006,105.6307
Dnipro FIR,35.7168,105.6307
Dnipro FIR,36.8329,105.6307
Dnipro FIR,37.9491,105.6307
Dnipro FIR,39.0652,105.6307
Dnipro FIR,40.1814,105.6307
Dnipro FIR,41.2975,105.6307
Dnipro FIR,42.4137,105.6307
Dnipro FIR,43.5298,105.6307
Dnipro FIR,44.646,105.6307
Dnipro FIR,45.7621,105.6307
Dnipro FIR,46.8783,105.6307
Dnipro FIR,47.9944,105.6307
Dnipro FIR,49.1106,105.6307
Dnipro FIR,50.2267,105.6307
Dnipro FIR,51.3429,105.6307
Dnipro FIR,52.459,105.6307
Dnipro FIR,53.5752,105.6307
Dnipro FIR,54.6913,105.6307
Dnipro FIR,55.8075,105.6307
Dnipro FIR,56.9236,105.6307
Dnipro FIR,58.0398,105.6307
Dnipro FIR,59.1559,105.6307
Dnipro FIR,60.2721,105.6307
Dnipro FIR,61.3882,105.6307
Dnipro FIR,62.5044,105.6307
Dnipro FIR,63.6205,105.6307
Dnipro FIR,64.7367,105.6307
Dnipro FIR,65.8528,105.6307
Dnipro FIR,66.969,105.6307
Dnipro FIR,68.0851,105.6307
Dnipro FIR,69.2013,105.6307
Dnipro FIR,70.3174,105.6307
Dnipro FIR,71.4336,105.6307
Dnipro FIR,72.5497,105.6307
Dnipro FIR,73.6659,105.6307
Dnipro FIR,74.782,105.6307
Dnipro FIR,75.8982,105.6307
Dnipro FIR,77.0143,105.6307
Dnipro FIR,78.1304,105.6307
Dnipro FIR,79.2466,105.6307
Dnipro FIR,80.3627,105.6307
Dnipro FIR,81.4789,105.6307
Dnipro FIR,82.595,105.6307
Dnipro FIR,83.7112,105.6307
Dnipro FIR,84.8273,105.6307
Dnipro FIR,85.9435,105.6307
Dnipro FIR,87.0596,105.6307
Dnipro FIR,88.1758,105.6307
Dnipro FIR,89.2919,105.6307
Dnipro FIR,90.4081,105.6302
Dnipro FIR,91.5242,105.6273
Dnipro FIR,92.6404,105.616
Dnipro FIR,93.7565,105.5848
Dnipro FIR,94.8727,105.5143
Dnipro FIR,95.9888,105.3532
Dnipro FIR,97.105,105.0038
Dnipro FIR,98.2211,104.3009
Dnipro FIR,99.3373,102.6731
Simferopol FIR,0.0,1.2558
Simferopol FIR,1.112,37.7935
Simferopol FIR,2.224,55.4805
Simferopol FIR,3.336,67.8997
Simferopol FIR,4.448,77.4464
Simferopol FIR,5.5601,85.0047
Simferopol FIR,6.6721,91.1272
Simferopol FIR,7.7841,96.3261
Simferopol FIR,8.8961,100.5142
Simferopol FIR,10.0081,104.0781
Simferopol FIR,11.1201,107.0806
Simferopol FIR,12.2321,109.5923
Simferopol FIR,13.3441,111.6915
Simferopol FIR,14.4562,113.3981
Simferopol FIR,15.5682,114.7466
Simferopol FIR,16.6802,115.8483
Simferopol FIR,17.7922,116.7455
Simferopol FIR,18.9042,117.4755
Simferopol FIR,20.0162,118.052
Simferopol FIR,21.1282,118.4901
Simferopol FIR,22.2402,118.8174
Simferopol FIR,23.3523,119.0573
Simferopol FIR,24.4643,119.2129
Simferopol FIR,25.5763,119.3151
Simferopol FIR,26.6883,119.3741
Simferopol FIR,27.8003,119.4027
Simferopol FIR,28.9123,119.4138
Simferopol FIR,30.0243,119.4159
Simferopol FIR,31.1363,119.4161
Simferopol FIR,32.2483,119.4161
Simferopol FIR,33.3604,119.4161
Simferopol FIR,34.4724,119.4161
Simferopol FIR,35.5844,119.4161
Simferopol FIR,36.6964,119.4161
Simferopol FIR,37.8084,119.4161
Simferopol FIR,38.9204,119.4161
Simferopol FIR,40.0324,119.4161
Simferopol FIR,41.1444,119.4161
Simferopol FIR,42.2565,119.4161
Simferopol FIR,43.3685,119.4161
Simferopol FIR,44.4805,119.4161
Simferopol FIR,45.5925,119.4161
Simferopol FIR,46.7045,119.4161
Simferopol FIR,47.8165,119.4161
Simferopol FIR,48.9285,119.4161
Simferopol FIR,50.0405,119.4161
Simferopol FIR,51.1526,119.4161
Simferopol FIR,52.2646,119.4161
Simferopol FIR,53.3766,119.4161
Simferopol FIR,54.4886,119.4161
Simferopol FIR,55.6006,119.4161
Simferopol FIR,56.7126,119.4161
Simferopol FIR,57.8246,119.4161
Simferopol FIR,58.9366,119.4161
Simferopol FIR,60.0487,119.4161
Simferopol FIR,61.1607,119.4161
Simferopol FIR,62.2727,119.4161
Simferopol FIR,63.3847,119.4161
Simferopol FIR,64.4967,119.4161
Simferopol FIR,65.6087,119.4161
Simferopol FIR,66.7207,119.4161
Simferopol FIR,67.8327,119.4161
Simferopol FIR,68.9447,119.4161
Simferopol FIR,70.0568,119.4161
Simferopol FIR,71.1688,119.4161
Simferopol FIR,72.2808,119.4161
Simferopol FIR,73.3928,119.4161
Simferopol FIR,74.5048,119.4161
Simferopol FIR,75.6168,119.4161
Simferopol FIR,76.7288,119.4161
Simferopol FIR,77.8408,119.4161
Simferopol FIR,78.9529,119.4161
Simferopol FIR,80.0649,119.4161
Simferopol FIR,81.1769,119.4161
Simferopol FIR,82.2889,119.4161
Simferopol FIR,83.4009,119.4161
Simferopol FIR,84.5129,119.416
Simferopol FIR,85.6249,119.4148
Simferopol FIR,86.7369,119.4098
Simferopol FIR,87.849,119.3917
Simferopol FIR,88.961,119.3396
Simferopol FIR,90.073,119.2317
Simferopol FIR,91.185,119.0486
Simferopol FIR,92.297,118.747
Simferopol FIR,93.409,118.2861
Simferopol FIR,94.521,117.6176
Simferopol FIR,95.633,116.6573
Simferopol FIR,96.745,115.1457
Simferopol FIR,97.8571,112.7742
Simferopol FIR,98.9691,108.7617
Lvov FIR,0.0,0.5916
Lvov FIR,1.1114,28.351
Lvov FIR,2.2227,43.9559
Lvov FIR,3.3341,54.9354
Lvov FIR,4.4455,63.2594
Lvov FIR,5.5568,70.0345
Lvov FIR,6.6682,75.6238
Lvov FIR,7.7796,80.3279
Lvov FIR,8.8909,84.2931
Lvov FIR,10.0023,87.649
Lvov FIR,11.1137,90.5779
Lvov FIR,12.2251,93.0675
Lvov FIR,13.3364,95.204
Lvov FIR,14.4478,97.0948
Lvov FIR,15.5592,98.7635
Lvov FIR,16.6705,100.2096
Lvov FIR,17.7819,101.464
Lvov FIR,18.8933,102.5538
Lvov FIR,20.0046,103.4919
Lvov FIR,21.116,104.3099
Lvov FIR,22.2274,105.0139
Lvov FIR,23.3387,105.6284
Lvov FIR,24.4501,106.1673
Lvov FIR,25.5615,106.631
Lvov FIR,26.6728,107.0173
Lvov FIR,27.7842,107.3361
Lvov FIR,28.8956,107.599
Lvov FIR,30.0069,107.8122
Lvov FIR,31.1183,107.9886
Lvov FIR,32.2297,108.133
Lvov FIR,33.3411,108.2486
Lvov FIR,34.4524,108.3371
Lvov FIR,35.5638,108.4047
Lvov FIR,36.6752,108.4561
Lvov FIR,37.7865,108.4945
Lvov FIR,38.8979,108.5221
Lvov FIR,40.0093,108.5415
Lvov FIR,41.1206,108.5542
Lvov FIR,42.232,108.5619
Lvov FIR,43.3434,108.5657
Lvov FIR,44.4547,108.5673
Lvov FIR,45.5661,108.5679
Lvov FIR,46.6775,108.568
Lvov FIR,47.7888,108.568
Lvov FIR,48.9002,108.568
Lvov FIR,50.0116,108.568
Lvov FIR,51.1229,108.568
Lvov FIR,52.2343,108.568
Lvov FIR,53.3457,108.568
Lvov FIR,54.4571,108.568
Lvov FIR,55.5684,108.568
Lvov FIR,56.6798,108.568
Lvov FIR,57.7912,108.568
Lvov FIR,58.9025,108.568
Lvov FIR,60.0139,108.568
Lvov FIR,61.1253,108.568
Lvov FIR,62.2366,108.568
Lvov FIR,63.348,108.568
Lvov FIR,64.4594,108.568
Lvov FIR,65.5707,108.568
Lvov FIR,66.6821,108.568
Lvov FIR,67.7935,108.568
Lvov FIR,68.9048,108.568
Lvov FIR,70.0162,108.568
Lvov FIR,71.1276,108.568
Lvov FIR,72.2389,108.568
Lvov FIR,73.3503,108.568
Lvov FIR,74.4617,108.568
Lvov FIR,75.573,108.568
Lvov FIR,76.6844,108.568
Lvov FIR,77.7958,108.568
Lvov FIR,78.9072,108.568
Lvov FIR,80.0185,108.568
Lvov FIR,81.1299,108.568
Lvov FIR,82.2413,108.568
Lvov FIR,83.3526,108.568
Lvov FIR,84.464,108.568
Lvov FIR,85.5754,108.5679
Lvov FIR,86.6867,108.5677
Lvov FIR,87.7981,108.5664
Lvov FIR,88.9095,108.5608
Lvov FIR,90.0208,108.544
Lvov FIR,91.1322,108.5038
Lvov FIR,92.2436,108.4312
Lvov FIR,93.3549,108.3081
Lvov FIR,94.4663,108.1089
Lvov FIR,95.5777,107.7983
Lvov FIR,96.689,107.2955
Lvov FIR,97.8004,106.4471
Lvov FIR,98.9118,104.8174
Odessa FIR,0.0,0.7561
Odessa FIR,1.1112,32.644
Odessa FIR,2.2225,50.5582
Odessa FIR,3.3337,63.2228
Odessa FIR,4.445,72.7501
Odessa FIR,5.5562,80.0538
Odessa FIR,6.6674,85.7849
Odessa FIR,7.7787,90.3117
Odessa FIR,8.8899,93.9139
Odessa FIR,10.0012,96.8981
Odessa FIR,11.1124,99.3311
Odessa FIR,12.2236,101.2971
Odessa FIR,13.3349,102.9131
Odessa FIR,14.4461,104.2622
Odessa FIR,15.5574,105.381
Odessa FIR,16.6686,106.2919
Odessa FIR,17.7798,107.0204
Odessa FIR,18.8911,107.5899
Odessa FIR,20.0023,108.0201
Odessa FIR,21.1136,108.3505
Odessa FIR,22.2248,108.6032
Odessa FIR,23.336,108.7915
Odessa FIR,24.4473,108.9345
Odessa FIR,25.5585,109.0394
Odessa FIR,26.6698,109.1088
Odessa FIR,27.781,109.1567
Odessa FIR,28.8922,109.1862
Odessa FIR,30.0035,109.2008
Odessa FIR,31.1147,109.2078
Odessa FIR,32.226,109.2105
Odessa FIR,33.3372,109.2111
Odessa FIR,34.4484,109.2111
Odessa FIR,35.5597,109.2111
Odessa FIR,36.6709,109.2111
Odessa FIR,37.7822,109.2111
Odessa FIR,38.8934,109.2111
Odessa FIR,40.0046,109.2111
Odessa FIR,41.1159,109.2111
Odessa FIR,42.2271,109.2111
Odessa FIR,43.3383,109.2111
Odessa FIR,44.4496,109.2111
Odessa FIR,45.5608,109.2111
Odessa FIR,46.6721,109.2111
Odessa FIR,47.7833,109.2111
Odessa FIR,48.8945,109.2111
Odessa FIR,50.0058,109.2111
Odessa FIR,51.117,109.2111
Odessa FIR,52.2283,109.2111
Odessa FIR,53.3395,109.2111
Odessa FIR,54.4507,109.2111
Odessa FIR,55.562,109.2111
Odessa FIR,56.6732,109.2111
Odessa FIR,57.7845,109.2111
Odessa FIR,58.8957,109.2111
Odessa FIR,60.0069,109.2111
Odessa FIR,61.1182,109.2111
Odessa FIR,62.2294,109.2111
Odessa FIR,63.3407,109.2111
Odessa FIR,64.4519,109.2111
Odessa FIR,65.5631,109.2111
Odessa FIR,66.6744,109.2111
Odessa FIR,67.7856,109.2111
Odessa FIR,68.8969,109.2111
Odessa FIR,70.0081,109.2111
Odessa FIR,71.1193,109.2111
Odessa FIR,72.2306,109.2111
Odessa FIR,73.3418,109.2111
Odessa FIR,74.4531,109.2111
Odessa FIR,75.5643,109.2111
Odessa FIR,76.6755,109.2111
Odessa FIR,77.7868,109.2111
Odessa FIR,78.898,109.2111
Odessa FIR,80.0093,109.2111
Odessa FIR,81.1205,109.2111
Odessa FIR,82.2317,109.2111
Odessa FIR,83.343,109.2111
Odessa FIR,84.4542,109.2111
Odessa FIR,85.5655,109.2111
Odessa FIR,86.6767,109.2111
Odessa FIR,87.7879,109.2107
Odessa FIR,88.8992,109.2087
Odessa FIR,90.0104,109.2015
Odessa FIR,91.1217,109.1819
Odessa FIR,92.2329,109.1378
Odessa FIR,93.3441,109.0555
Odessa FIR,94.4554,108.8988
Odessa FIR,95.5666,108.6025
Odessa FIR,96.6779,108.0939
Odessa FIR,97.7891,107.1758
Odessa FIR,98.9003,105.3468
Arkhangelsk FIR,0.0,0.5198
Arkhangelsk FIR,1.1137,24.5031
Arkhangelsk FIR,2.2274,37.9462
Arkhangelsk FIR,3.3411,47.8509
Arkhangelsk FIR,4.4548,55.9862
Arkhangelsk FIR,5.5684,62.7156
Arkhangelsk FIR,6.6821,68.4882
Arkhangelsk FIR,7.7958,73.3724
Arkhangelsk FIR,8.9095,77.5244
Arkhangelsk FIR,10.0232,81.0854
Arkhangelsk FIR,11.1369,84.1348
Arkhangelsk FIR,12.2506,86.7787
Arkhangelsk FIR,13.3643,89.0614
Arkhangelsk FIR,14.478,91.0432
Arkhangelsk FIR,15.5916,92.7618
Arkhangelsk FIR,16.7053,94.2715
Arkhangelsk FIR,17.819,95.5976
Arkhangelsk FIR,18.9327,96.7434
Arkhangelsk FIR,20.0464,97.7274
Arkhangelsk FIR,21.1601,98.5708
Arkhangelsk FIR,22.2738,99.2766
Arkhangelsk FIR,23.3875,99.8702
Arkhangelsk FIR,24.5012,100.3708
Arkhangelsk FIR,25.6148,100.7912
Arkhangelsk FIR,26.7285,101.1444
Arkhangelsk FIR,27.8422,101.443
Arkhangelsk FIR,28.9559,101.6868
Arkhangelsk FIR,30.0696,101.8817
Arkhangelsk FIR,31.1833,102.0351
Arkhangelsk FIR,32.297,102.1603
Arkhangelsk FIR,33.4107,102.2584
Arkhangelsk FIR,34.5244,102.3334
Arkhangelsk FIR,35.6381,102.3887
Arkhangelsk FIR,36.7517,102.4279
Arkhangelsk FIR,37.8654,102.4554
Arkhangelsk FIR,38.9791,102.4726
Arkhangelsk FIR,40.0928,102.4813
Arkhangelsk FIR,41.2065,102.4856
Arkhangelsk FIR,42.3202,102.4874
Arkhangelsk FIR,43.4339,102.4877
Arkhangelsk FIR,44.5476,102.4877
Arkhangelsk FIR,45.6613,102.4877
Arkhangelsk FIR,46.7749,102.4877
Arkhangelsk FIR,47.8886,102.4877
Arkhangelsk FIR,49.0023,102.4877
Arkhangelsk FIR,50.116,102.4877
Arkhangelsk FIR,51.2297,102.4877
Arkhangelsk FIR,52.3434,102.4877
Arkhangelsk FIR,53.4571,102.4877
Arkhangelsk FIR,54.5708,102.4877
Arkhangelsk FIR,55.6845,102.4877
Arkhangelsk FIR,56.7981,102.4877
Arkhangelsk FIR,57.9118,102.4877
Arkhangelsk FIR,59.0255,102.4877
Arkhangelsk FIR,60.1392,102.4877
Arkhangelsk FIR,61.2529,102.4877
Arkhangelsk FIR,62.3666,102.4877
Arkhangelsk FIR,63.4803,102.4877
Arkhangelsk FIR,64.594,102.4877
Arkhangelsk FIR,65.7077,102.4877
Arkhangelsk FIR,66.8213,102.4877
Arkhangelsk FIR,67.935,102.4877
Arkhangelsk FIR,69.0487,102.4877
Arkhangelsk FIR,70.1624,102.4877
Arkhangelsk FIR,71.2761,102.4877
Arkhangelsk FIR,72.3898,102.4877
Arkhangelsk FIR,73.5035,102.4877
Arkhangelsk FIR,74.6172,102.4877
Arkhangelsk FIR,75.7309,102.4877
Arkhangelsk FIR,76.8445,102.4877
Arkhangelsk FIR,77.9582,102.4877
Arkhangelsk FIR,79.0719,102.4877
Arkhangelsk FIR,80.1856,102.4877
Arkhangelsk FIR,81.2993,102.4877
Arkhangelsk FIR,82.413,102.4877
Arkhangelsk FIR,83.5267,102.4877
Arkhangelsk FIR,84.6404,102.4877
Arkhangelsk FIR,85.7541,102.4877
Arkhangelsk FIR,86.8677,102.4877
Arkhangelsk FIR,87.9814,102.4877
Arkhangelsk FIR,89.0951,102.4877
Arkhangelsk FIR,90.2088,102.4877
Arkhangelsk FIR,91.3225,102.4876
Arkhangelsk FIR,92.4362,102.4861
Arkhangelsk FIR,93.5499,102.4794
Arkhangelsk FIR,94.6636,102.4585
Arkhangelsk FIR,95.7773,102.4081
Arkhangelsk FIR,96.891,102.2937
Arkhangelsk FIR,98.0046,102.047
Arkhangelsk FIR,99.1183,101.4787
Kotlas FIR,0.0,0.3865
Kotlas FIR,1.1118,21.2149
Kotlas FIR,2.2235,35.3995
Kotlas FIR,3.3353,46.25
Kotlas FIR,4.447,55.0198
Kotlas FIR,5.5588,62.4834
Kotlas FIR,6.6705,68.9898
Kotlas FIR,7.7823,74.5629
Kotlas FIR,8.894,79.3166
Kotlas FIR,10.0058,83.3003
Kotlas FIR,11.1175,86.7008
Kotlas FIR,12.2293,89.6095
Kotlas FIR,13.3411,92.0548
Kotlas FIR,14.4528,94.1597
Kotlas FIR,15.5646,95.9324
Kotlas FIR,16.6763,97.4089
Kotlas FIR,17.7881,98.6214
Kotlas FIR,18.8998,99.6072
Kotlas FIR,20.0116,100.3927
Kotlas FIR,21.1233,101.013
Kotlas FIR,22.2351,101.5054
Kotlas FIR,23.3468,101.8919
Kotlas FIR,24.4586,102.1855
Kotlas FIR,25.5704,102.397
Kotlas FIR,26.6821,102.5448
Kotlas FIR,27.7939,102.6404
Kotlas FIR,28.9056,102.7006
Kotlas FIR,30.0174,102.734
Kotlas FIR,31.1291,102.7491
Kotlas FIR,32.2409,102.7548
Kotlas FIR,33.3526,102.7558
Kotlas FIR,34.4644,102.7559
Kotlas FIR,35.5761,102.7559
Kotlas FIR,36.6879,102.7559
Kotlas FIR,37.7997,102.7559
Kotlas FIR,38.9114,102.7559
Kotlas FIR,40.0232,102.7559
Kotlas FIR,41.1349,102.7559
Kotlas FIR,42.2467,102.7559
Kotlas FIR,43.3584,102.7559
Kotlas FIR,44.4702,102.7559
Kotlas FIR,45.5819,102.7559
Kotlas FIR,46.6937,102.7559
Kotlas FIR,47.8054,102.7559
Kotlas FIR,48.9172,102.7559
Kotlas FIR,50.029,102.7559
Kotlas FIR,51.1407,102.7559
Kotlas FIR,52.2525,102.7559
Kotlas FIR,53.3642,102.7559
Kotlas FIR,54.476,102.7559
Kotlas FIR,55.5877,102.7559
Kotlas FIR,56.6995,102.7559
Kotlas FIR,57.8112,102.7559
Kotlas FIR,58.923,102.7559
Kotlas FIR,60.0347,102.7559
Kotlas FIR,61.1465,102.7559
Kotlas FIR,62.2583,102.7559
Kotlas FIR,63.37,102.7559
Kotlas FIR,64.4818,102.7559
Kotlas FIR,65.5935,102.7559
Kotlas FIR,66.7053,102.7559
Kotlas FIR,67.817,102.7559
Kotlas FIR,68.9288,102.7559
Kotlas FIR,70.0405,102.7559
Kotlas FIR,71.1523,102.7559
Kotlas FIR,72.264,102.7559
Kotlas FIR,73.3758,102.7559
Kotlas FIR,74.4876,102.7559
Kotlas FIR,75.5993,102.7559
Kotlas FIR,76.7111,102.7559
Kotlas FIR,77.8228,102.7559
Kotlas FIR,78.9346,102.7559
Kotlas FIR,80.0463,102.7559
Kotlas FIR,81.1581,102.7559
Kotlas FIR,82.2698,102.7559
Kotlas FIR,83.3816,102.7559
Kotlas FIR,84.4933,102.7559
Kotlas FIR,85.6051,102.7559
Kotlas FIR,86.7169,102.7559
Kotlas FIR,87.8286,102.7559
Kotlas FIR,88.9404,102.7559
Kotlas FIR,90.0521,102.7559
Kotlas FIR,91.1639,102.7559
Kotlas FIR,92.2756,102.7558
Kotlas FIR,93.3874,102.7551
Kotlas FIR,94.4991,102.7499
Kotlas FIR,95.6109,102.7297
Kotlas FIR,96.7226,102.6676
Kotlas FIR,97.8344,102.4883
Kotlas FIR,98.9461,102.0472
Sankt-Peterburg FIR,0.0,0.2606
Sankt-Peterburg FIR,1.1112,15.04
Sankt-Peterburg FIR,2.2225,25.731
Sankt-Peterburg FIR,3.3337,34.3866
Sankt-Peterburg FIR,4.445,41.7083
Sankt-Peterburg FIR,5.5562,47.9672
Sankt-Peterburg FIR,6.6674,53.4989
Sankt-Peterburg FIR,7.7787,58.4409
Sankt-Peterburg FIR,8.8899,62.9215
Sankt-Peterburg FIR,10.0012,66.9373
Sankt-Peterburg FIR,11.1124,70.5457
Sankt-Peterburg FIR,12.2236,73.8128
Sankt-Peterburg FIR,13.3349,76.747
Sankt-Peterburg FIR,14.4461,79.4283
Sankt-Peterburg FIR,15.5574,81.8776
Sankt-Peterburg FIR,16.6686,84.1159
Sankt-Peterburg FIR,17.7798,86.1022
Sankt-Peterburg FIR,18.8911,87.8899
Sankt-Peterburg FIR,20.0023,89.4854
Sankt-Peterburg FIR,21.1136,90.9357
Sankt-Peterburg FIR,22.2248,92.2577
Sankt-Peterburg FIR,23.336,93.4451
Sankt-Peterburg FIR,24.4473,94.5059
Sankt-Peterburg FIR,25.5585,95.4494
Sankt-Peterburg FIR,26.6698,96.3011
Sankt-Peterburg FIR,27.781,97.0745
Sankt-Peterburg FIR,28.8922,97.7752
Sankt-Peterburg FIR,30.0035,98.4069
Sankt-Peterburg FIR,31.1147,98.9754
Sankt-Peterburg FIR,32.226,99.4893
Sankt-Peterburg FIR,33.3372,99.9557
Sankt-Peterburg FIR,34.4484,100.3698
Sankt-Peterburg FIR,35.5597,100.7415
Sankt-Peterburg FIR,36.6709,101.0739
Sankt-Peterburg FIR,37.7822,101.3734
Sankt-Peterburg FIR,38.8934,101.6403
Sankt-Peterburg FIR,40.0046,101.8751
Sankt-Peterburg FIR,41.1159,102.082
Sankt-Peterburg FIR,42.2271,102.2639
Sankt-Peterburg FIR,43.3383,102.4256
Sankt-Peterburg FIR,44.4496,102.5678
Sankt-Peterburg FIR,45.5608,102.693
Sankt-Peterburg FIR,46.6721,102.8046
Sankt-Peterburg FIR,47.7833,102.9017
Sankt-Peterburg FIR,48.8945,102.9871
Sankt-Peterburg FIR,50.0058,103.0606
Sankt-Peterburg FIR,51.117,103.1244
Sankt-Peterburg FIR,52.2283,103.1771
Sankt-Peterburg FIR,53.3395,103.2199
Sankt-Peterburg FIR,54.4507,103.2542
Sankt-Peterburg FIR,55.562,103.2802
Sankt-Peterburg FIR,56.6732,103.3
Sankt-Peterburg FIR,57.7845,103.3154
Sankt-Peterburg FIR,58.8957,103.3268
Sankt-Peterburg FIR,60.0069,103.3348
Sankt-Peterburg FIR,61.1182,103.3398
Sankt-Peterburg FIR,62.2294,103.3426
Sankt-Peterburg FIR,63.3407,103.344
Sankt-Peterburg FIR,64.4519,103.3444
Sankt-Peterburg FIR,65.5631,103.3444
Sankt-Peterburg FIR,66.6744,103.3444
Sankt-Peterburg FIR,67.7856,103.3444
Sankt-Peterburg FIR,68.8969,103.3444
Sankt-Peterburg FIR,70.0081,103.3444
Sankt-Peterburg FIR,71.1193,103.3444
Sankt-Peterburg FIR,72.2306,103.3444
Sankt-Peterburg FIR,73.3418,103.3444
Sankt-Peterburg FIR,74.4531,103.3444
Sankt-Peterburg FIR,75.5643,103.3444
Sankt-Peterburg FIR,76.6755,103.3444
Sankt-Peterburg FIR,77.7868,103.3444
Sankt-Peterburg FIR,78.898,103.3444
Sankt-Peterburg FIR,80.0093,103.3444
Sankt-Peterburg FIR,81.1205,103.3444
Sankt-Peterburg FIR,82.2317,103.3444
Sankt-Peterburg FIR,83.343,103.3444
Sankt-Peterburg FIR,84.4542,103.3444
Sankt-Peterburg FIR,85.5655,103.3441
Sankt-Peterburg FIR,86.6767,103.3426
Sankt-Peterburg FIR,87.7879,103.3376
Sankt-Peterburg FIR,88.8992,103.3263
Sankt-Peterburg FIR,90.0104,103.3064
Sankt-Peterburg FIR,91.1217,103.2738
Sankt-Peterburg FIR,92.2329,103.2225
Sankt-Peterburg FIR,93.3441,103.1437
Sankt-Peterburg FIR,94.4554,103.0288
Sankt-Peterburg FIR,95.5666,102.863
Sankt-Peterburg FIR,96.6779,102.6217
Sankt-Peterburg FIR,97.7891,102.2487
Sankt-Peterburg FIR,98.9003,101.6227
Murmansk FIR,0.0,0.7268
Murmansk FIR,1.1163,31.249
Murmansk FIR,2.2326,47.0128
Murmansk FIR,3.3488,58.2607
Murmansk FIR,4.4651,66.8038
Murmansk FIR,5.5814,73.4985
Murmansk FIR,6.6977,78.9413
Murmansk FIR,7.814,83.4028
Murmansk FIR,8.9302,87.034
Murmansk FIR,10.0465,90.02
Murmansk FIR,11.1628,92.5201
Murmansk FIR,12.2791,94.5814
Murmansk FIR,13.3953,96.2895
Murmansk FIR,14.5116,97.7006
Murmansk FIR,15.6279,98.8846
Murmansk FIR,16.7442,99.8635
Murmansk FIR,17.8605,100.6647
Murmansk FIR,18.9767,101.3052
Murmansk FIR,20.093,101.8233
Murmansk FIR,21.2093,102.2367
Murmansk FIR,22.3256,102.5577
Murmansk FIR,23.4419,102.8131
Murmansk FIR,24.5581,103.0217
Murmansk FIR,25.6744,103.1852
Murmansk FIR,26.7907,103.3086
Murmansk FIR,27.907,103.3964
Murmansk FIR,29.0233,103.459
Murmansk FIR,30.1395,103.5034
Murmansk FIR,31.2558,103.5336
Murmansk FIR,32.3721,103.5526
Murmansk FIR,33.4884,103.5644
Murmansk FIR,34.6047,103.5708
Murmansk FIR,35.7209,103.5733
Murmansk FIR,36.8372,103.5739
Murmansk FIR,37.9535,103.5739
Murmansk FIR,39.0698,103.574
Murmansk FIR,40.186,103.574
Murmansk FIR,41.3023,103.574
Murmansk FIR,42.4186,103.574
Murmansk FIR,43.5349,103.574
Murmansk FIR,44.6512,103.574
Murmansk FIR,45.7674,103.574
Murmansk FIR,46.8837,103.574
Murmansk FIR,48.0,103.574
Murmansk FIR,49.1163,103.574
Murmansk FIR,50.2326,103.574
Murmansk FIR,51.3488,103.574
Murmansk FIR,52.4651,103.574
Murmansk FIR,53.5814,103.574
Murmansk FIR,54.6977,103.574
Murmansk FIR,55.814,103.574
Murmansk FIR,56.9302,103.574
Murmansk FIR,58.0465,103.574
Murmansk FIR,59.1628,103.574
Murmansk FIR,60.2791,103.574
Murmansk FIR,61.3953,103.574
Murmansk FIR,62.5116,103.574
Murmansk FIR,63.6279,103.574
Murmansk FIR,64.7442,103.574
Murmansk FIR,65.8605,103.574
Murmansk FIR,66.9767,103.574
Murmansk FIR,68.093,103.574
Murmansk FIR,69.2093,103.574
Murmansk FIR,70.3256,103.574
Murmansk FIR,71.4419,103.574
Murmansk FIR,72.5581,103.574
Murmansk FIR,73.6744,103.574
Murmansk FIR,74.7907,103.574
Murmansk FIR,75.907,103.574
Murmansk FIR,77.0233,103.574
Murmansk FIR,78.1395,103.574
Murmansk FIR,79.2558,103.574
Murmansk FIR,80.3721,103.574
Murmansk FIR,81.4884,103.574
Murmansk FIR,82.6047,103.574
Murmansk FIR,83.7209,103.574
Murmansk FIR,84.8372,103.574
Murmansk FIR,85.9535,103.574
Murmansk FIR,87.0698,103.574
Murmansk FIR,88.186,103.574
Murmansk FIR,89.3023,103.574
Murmansk FIR,90.4186,103.574
Murmansk FIR,91.5349,103.574
Murmansk FIR,92.6512,103.5739
Murmansk FIR,93.7674,103.573
Murmansk FIR,94.8837,103.5659
Murmansk FIR,96.0,103.5279
Murmansk FIR,97.1163,103.4205
Murmansk FIR,98.2326,103.1334
Murmansk FIR,99.3488,102.2024
Vologda FIR,0.0,0.3754
Vologda FIR,1.1115,18.5304
Vologda FIR,2.223,30.3048
Vologda FIR,3.3345,39.8499
Vologda FIR,4.446,47.9074
Vologda FIR,5.5575,54.7948
Vologda FIR,6.669,60.7589
Vologda FIR,7.7805,65.9426
Vologda FIR,8.892,70.528
Vologda FIR,10.0035,74.5551
Vologda FIR,11.115,78.1248
Vologda FIR,12.2265,81.2398
Vologda FIR,13.338,83.998
Vologda FIR,14.4495,86.4332
Vologda FIR,15.561,88.5811
Vologda FIR,16.6725,90.4678
Vologda FIR,17.784,92.1594
Vologda FIR,18.8954,93.6642
Vologda FIR,20.0069,94.9836
Vologda FIR,21.1184,96.1296
Vologda FIR,22.2299,97.1184
Vologda FIR,23.3414,97.9735
Vologda FIR,24.4529,98.7262
Vologda FIR,25.5644,99.3876
Vologda FIR,26.6759,99.964
Vologda FIR,27.7874,100.4603
Vologda FIR,28.8989,100.8802
Vologda FIR,30.0104,101.2336
Vologda FIR,31.1219,101.5268
Vologda FIR,32.2334,101.7728
Vologda FIR,33.3449,101.9757
Vologda FIR,34.4564,102.1412
Vologda FIR,35.5679,102.2735
Vologda FIR,36.6794,102.3791
Vologda FIR,37.7909,102.4587
Vologda FIR,38.9024,102.5173
Vologda FIR,40.0139,102.5595
Vologda FIR,41.1254,102.5885
Vologda FIR,42.2369,102.6079
Vologda FIR,43.3484,102.6199
Vologda FIR,44.4599,102.6271
Vologda FIR,45.5714,102.6308
Vologda FIR,46.6829,102.6321
Vologda FIR,47.7944,102.6324
Vologda FIR,48.9059,102.6324
Vologda FIR,50.0174,102.6324
Vologda FIR,51.1289,102.6324
Vologda FIR,52.2404,102.6324
Vologda FIR,53.3519,102.6324
Vologda FIR,54.4634,102.6324
Vologda FIR,55.5749,102.6324
Vologda FIR,56.6863,102.6324
Vologda FIR,57.7978,102.6324
Vologda FIR,58.9093,102.6324
Vologda FIR,60.0208,102.6324
Vologda FIR,61.1323,102.6324
Vologda FIR,62.2438,102.6324
Vologda FIR,63.3553,102.6324
Vologda FIR,64.4668,102.6324
Vologda FIR,65.5783,102.6324
Vologda FIR,66.6898,102.6324
Vologda FIR,67.8013,102.6324
Vologda FIR,68.9128,102.6324
Vologda FIR,70.0243,102.6324
Vologda FIR,71.1358,102.6324
Vologda FIR,72.2473,102.6324
Vologda FIR,73.3588,102.6324
Vologda FIR,74.4703,102.6324
Vologda FIR,75.5818,102.6324
Vologda FIR,76.6933,102.6324
Vologda FIR,77.8048,102.6324
Vologda FIR,78.9163,102.6324
Vologda FIR,80.0278,102.6324
Vologda FIR,81.1393,102.6324
Vologda FIR,82.2508,102.6324
Vologda FIR,83.3623,102.6324
Vologda FIR,84.4738,102.6324
Vologda FIR,85.5853,102.6324
Vologda FIR,86.6968,102.6324
Vologda FIR,87.8083,102.6324
Vologda FIR,88.9198,102.6323
Vologda FIR,90.0313,102.6319
Vologda FIR,91.1428,102.6297
Vologda FIR,92.2543,102.6221
Vologda FIR,93.3658,102.6027
Vologda FIR,94.4772,102.5626
Vologda FIR,95.5887,102.4849
Vologda FIR,96.7002,102.3501
Vologda FIR,97.8117,102.1139
Vologda FIR,98.9232,101.6278
Kaliningrad FIR,0.0,1.1345
Kaliningrad FIR,1.1119,32.9727
Kaliningrad FIR,2.2238,50.0426
Kaliningrad FIR,3.3356,62.0944
Kaliningrad FIR,4.4475,71.0007
Kaliningrad FIR,5.5594,77.887
Kaliningrad FIR,6.6713,83.3266
Kaliningrad FIR,7.7832,87.6716
Kaliningrad FIR,8.8951,91.1801
Kaliningrad FIR,10.0069,94.1318
Kaliningrad FIR,11.1188,96.5373
Kaliningrad FIR,12.2307,98.5069
Kaliningrad FIR,13.3426,100.1687
Kaliningrad FIR,14.4545,101.5547
Kaliningrad FIR,15.5664,102.7064
Kaliningrad FIR,16.6782,103.6453
Kaliningrad FIR,17.7901,104.4183
Kaliningrad FIR,18.902,105.0588
Kaliningrad FIR,20.0139,105.5803
Kaliningrad FIR,21.1258,105.9921
Kaliningrad FIR,22.2377,106.3161
Kaliningrad FIR,23.3495,106.5758
Kaliningrad FIR,24.4614,106.78
Kaliningrad FIR,25.5733,106.9422
Kaliningrad FIR,26.6852,107.0673
Kaliningrad FIR,27.7971,107.1602
Kaliningrad FIR,28.909,107.2245
Kaliningrad FIR,30.0208,107.2636
Kaliningrad FIR,31.1327,107.2855
Kaliningrad FIR,32.2446,107.2958
Kaliningrad FIR,33.3565,107.2986
Kaliningrad FIR,34.4684,107.2991
Kaliningrad FIR,35.5803,107.2992
Kaliningrad FIR,36.6921,107.2992
Kaliningrad FIR,37.804,107.2992
Kaliningrad FIR,38.9159,107.2992
Kaliningrad FIR,40.0278,107.2992
Kaliningrad FIR,41.1397,107.2992
Kaliningrad FIR,42.2516,107.2992
Kaliningrad FIR,43.3634,107.2992
Kaliningrad FIR,44.4753,107.2992
Kaliningrad FIR,45.5872,107.2992
Kaliningrad FIR,46.6991,107.2992
Kaliningrad FIR,47.811,107.2992
Kaliningrad FIR,48.9229,107.2992
Kaliningrad FIR,50.0347,107.2992
Kaliningrad FIR,51.1466,107.2992
Kaliningrad FIR,52.2585,107.2992
Kaliningrad FIR,53.3704,107.2992
Kaliningrad FIR,54.4823,107.2992
Kaliningrad FIR,55.5942,107.2992
Kaliningrad FIR,56.706,107.2992
Kaliningrad FIR,57.8179,107.2992
Kaliningrad FIR,58.9298,107.2992
Kaliningrad FIR,60.0417,107.2992
Kaliningrad FIR,61.1536,107.2992
Kaliningrad FIR,62.2655,107.2992
Kaliningrad FIR,63.3773,107.2992
Kaliningrad FIR,64.4892,107.2992
Kaliningrad FIR,65.6011,107.2992
Kaliningrad FIR,66.713,107.2992
Kaliningrad FIR,67.8249,107.2992
Kaliningrad FIR,68.9368,107.2992
Kaliningrad FIR,70.0486,107.2992
Kaliningrad FIR,71.1605,107.2992
Kaliningrad FIR,72.2724,107.2992
Kaliningrad FIR,73.3843,107.2992
Kaliningrad FIR,74.4962,107.2992
Kaliningrad FIR,75.6081,107.2992
Kaliningrad FIR,76.7199,107.2992
Kaliningrad FIR,77.8318,107.2992
Kaliningrad FIR,78.9437,107.2992
Kaliningrad FIR,80.0556,107.2992
Kaliningrad FIR,81.1675,107.2992
Kaliningrad FIR,82.2794,107.2992
Kaliningrad FIR,83.3912,107.2992
Kaliningrad FIR,84.5031,107.2992
Kaliningrad FIR,85.615,107.2992
Kaliningrad FIR,86.7269,107.2991
Kaliningrad FIR,87.8388,107.2988
Kaliningrad FIR,88.9507,107.2966
Kaliningrad FIR,90.0625,107.2885
Kaliningrad FIR,91.1744,107.2673
Kaliningrad FIR,92.2863,107.2219
Kaliningrad FIR,93.3982,107.1352
Kaliningrad FIR,94.5101,106.9805
Kaliningrad FIR,95.622,106.7049
Kaliningrad FIR,96.7338,106.2104
Kaliningrad FIR,97.8457,105.3924
Kaliningrad FIR,98.9576,103.7036
Minsk FIR,0.0,0.3846
Minsk FIR,1.1114,20.6892
Minsk FIR,2.2227,33.7055
Minsk FIR,3.3341,43.7168
Minsk FIR,4.4455,51.6826
Minsk FIR,5.5568,58.2327
Minsk FIR,6.6682,63.7487
Minsk FIR,7.7796,68.5858
Minsk FIR,8.8909,72.7874
Minsk FIR,10.0023,76.4896
Minsk FIR,11.1137,79.7788
Minsk FIR,12.2251,82.673
Minsk FIR,13.3364,85.2166
Minsk FIR,14.4478,87.503
Minsk FIR,15.5592,89.5205
Minsk FIR,16.6705,91.3294
Minsk FIR,17.7819,92.9702
Minsk FIR,18.8933,94.4362
Minsk FIR,20.0046,95.7341
Minsk FIR,21.116,96.8896
Minsk FIR,22.2274,97.9196
Minsk FIR,23.3387,98.8446
Minsk FIR,24.4501,99.6581
Minsk FIR,25.5615,100.3722
Minsk FIR,26.6728,101.0072
Minsk FIR,27.7842,101.5716
Minsk FIR,28.8956,102.068
Minsk FIR,30.0069,102.5007
Minsk FIR,31.1183,102.8747
Minsk FIR,32.2297,103.2014
Minsk FIR,33.3411,103.4858
Minsk FIR,34.4524,103.7307
Minsk FIR,35.5638,103.9401
Minsk FIR,36.6752,104.1206
Minsk FIR,37.7865,104.2767
Minsk FIR,38.8979,104.411
Minsk FIR,40.0093,104.5245
Minsk FIR,41.1206,104.618
Minsk FIR,42.232,104.6947
Minsk FIR,43.3434,104.7572
Minsk FIR,44.4547,104.8075
Minsk FIR,45.5661,104.8491
Minsk FIR,46.6775,104.8818
Minsk FIR,47.7888,104.9079
Minsk FIR,48.9002,104.9272
Minsk FIR,50.0116,104.941
Minsk FIR,51.1229,104.9504
Minsk FIR,52.2343,104.9565
Minsk FIR,53.3457,104.9602
Minsk FIR,54.4571,104.9624
Minsk FIR,55.5684,104.9634
Minsk FIR,56.6798,104.9638
Minsk FIR,57.7912,104.9639
Minsk FIR,58.9025,104.9639
Minsk FIR,60.0139,104.9639
Minsk FIR,61.1253,104.9639
Minsk FIR,62.2366,104.9639
Minsk FIR,63.348,104.9639
Minsk FIR,64.4594,104.9639
Minsk FIR,65.5707,104.9639
Minsk FIR,66.6821,104.9639
Minsk FIR,67.7935,104.9639
Minsk FIR,68.9048,104.9639
Minsk FIR,70.0162,104.9639
Minsk FIR,71.1276,104.9639
Minsk FIR,72.2389,104.9639
Minsk FIR,73.3503,104.9639
Minsk FIR,74.4617,104.9639
Minsk FIR,75.573,104.9639
Minsk FIR,76.6844,104.9639
Minsk FIR,77.7958,104.9639
Minsk FIR,78.9072,104.9639
Minsk FIR,80.0185,104.9639
Minsk FIR,81.1299,104.9639
Minsk FIR,82.2413,104.9639
Minsk FIR,83.3526,104.9639
Minsk FIR,84.464,104.9638
Minsk FIR,85.5754,104.9635
Minsk FIR,86.6867,104.9623
Minsk FIR,87.7981,104.9591
Minsk FIR,88.9095,104.9524
Minsk FIR,90.0208,104.9393
Minsk FIR,91.1322,104.915
Minsk FIR,92.2436,104.8734
Minsk FIR,93.3549,104.8019
Minsk FIR,94.4663,104.6806
Minsk FIR,95.5777,104.4927
Minsk FIR,96.689,104.1873
Minsk FIR,97.8004,103.6891
Minsk FIR,98.9118,102.7282
Krasnoyarsk FIR,0.0,0.3408
Krasnoyarsk FIR,1.1112,14.7477
Krasnoyarsk FIR,2.2225,23.5105
Krasnoyarsk FIR,3.3337,30.5308
Krasnoyarsk FIR,4.445,36.6284
Krasnoyarsk FIR,5.5562,42.0418
Krasnoyarsk FIR,6.6674,46.8826
Krasnoyarsk FIR,7.7787,51.2981
Krasnoyarsk FIR,8.8899,55.3451
Krasnoyarsk FIR,10.0012,59.047
Krasnoyarsk FIR,11.1124,62.4795
Krasnoyarsk FIR,12.2236,65.683
Krasnoyarsk FIR,13.3349,68.6603
Krasnoyarsk FIR,14.4461,71.4316
Krasnoyarsk FIR,15.5574,74.0275
Krasnoyarsk FIR,16.6686,76.4649
Krasnoyarsk FIR,17.7798,78.7368
Krasnoyarsk FIR,18.8911,80.8597
Krasnoyarsk FIR,20.0023,82.8474
Krasnoyarsk FIR,21.1136,84.7046
Krasnoyarsk FIR,22.2248,86.4383
Krasnoyarsk FIR,23.336,88.0712
Krasnoyarsk FIR,24.4473,89.6098
Krasnoyarsk FIR,25.5585,91.0589
Krasnoyarsk FIR,26.6698,92.4298
Krasnoyarsk FIR,27.781,93.7138
Krasnoyarsk FIR,28.8922,94.9126
Krasnoyarsk FIR,30.0035,96.0522
Krasnoyarsk FIR,31.1147,97.1212
Krasnoyarsk FIR,32.226,98.1247
Krasnoyarsk FIR,33.3372,99.0642
Krasnoyarsk FIR,34.4484,99.9443
Krasnoyarsk FIR,35.5597,100.768
Krasnoyarsk FIR,36.6709,101.541
Krasnoyarsk FIR,37.7822,102.2631
Krasnoyarsk FIR,38.8934,102.9372
Krasnoyarsk FIR,40.0046,103.5702
Krasnoyarsk FIR,41.1159,104.1575
Krasnoyarsk FIR,42.2271,104.7034
Krasnoyarsk FIR,43.3383,105.2125
Krasnoyarsk FIR,44.4496,105.6823
Krasnoyarsk FIR,45.5608,106.1159
Krasnoyarsk FIR,46.6721,106.5157
Krasnoyarsk FIR,47.7833,106.8842
Krasnoyarsk FIR,48.8945,107.2257
Krasnoyarsk FIR,50.0058,107.5363
Krasnoyarsk FIR,51.117,107.8183
Krasnoyarsk FIR,52.2283,108.075
Krasnoyarsk FIR,53.3395,108.3055
Krasnoyarsk FIR,54.4507,108.51
Krasnoyarsk FIR,55.562,108.6911
Krasnoyarsk FIR,56.6732,108.8487
Krasnoyarsk FIR,57.7845,108.9877
Krasnoyarsk FIR,58.8957,109.109
Krasnoyarsk FIR,60.0069,109.2148
Krasnoyarsk FIR,61.1182,109.3023
Krasnoyarsk FIR,62.2294,109.3729
Krasnoyarsk FIR,63.3407,109.4313
Krasnoyarsk FIR,64.4519,109.4773
Krasnoyarsk FIR,65.5631,109.5112
Krasnoyarsk FIR,66.6744,109.5358
Krasnoyarsk FIR,67.7856,109.5532
Krasnoyarsk FIR,68.8969,109.5636
Krasnoyarsk FIR,70.0081,109.5688
Krasnoyarsk FIR,71.1193,109.5706
Krasnoyarsk FIR,72.2306,109.5708
Krasnoyarsk FIR,73.3418,109.5708
Krasnoyarsk FIR,74.4531,109.5708
Krasnoyarsk FIR,75.5643,109.5708
Krasnoyarsk FIR,76.6755,109.5708
Krasnoyarsk FIR,77.7868,109.5708
Krasnoyarsk FIR,78.898,109.5705
Krasnoyarsk FIR,80.0093,109.5663
Krasnoyarsk FIR,81.1205,109.5537
Krasnoyarsk FIR,82.2317,109.5268
Krasnoyarsk FIR,83.343,109.4836
Krasnoyarsk FIR,84.4542,109.4162
Krasnoyarsk FIR,85.5655,109.3243
Krasnoyarsk FIR,86.6767,109.2054
Krasnoyarsk FIR,87.7879,109.0509
Krasnoyarsk FIR,88.8992,108.8588
Krasnoyarsk FIR,90.0104,108.6161
Krasnoyarsk FIR,91.1217,108.3214
Krasnoyarsk FIR,92.2329,107.9598
Krasnoyarsk FIR,93.3441,107.5117
Krasnoyarsk FIR,94.4554,106.9583
Krasnoyarsk FIR,95.5666,106.281
Krasnoyarsk FIR,96.6779,105.4631
Krasnoyarsk FIR,97.7891,104.4173
Krasnoyarsk FIR,98.9003,102.9639
Novosibirsk FIR,0.0,0.2969
Novosibirsk FIR,1.1112,15.2175
Novosibirsk FIR,2.2225,25.2341
Novosibirsk FIR,3.3337,33.4495
Novosibirsk FIR,4.445,40.3939
Novosibirsk FIR,5.5562,46.4716
Novosibirsk FIR,6.6674,51.8304
Novosibirsk FIR,7.7787,56.6759
Novosibirsk FIR,8.8899,61.0373
Novosibirsk FIR,10.0012,64.9667
Novosibirsk FIR,11.1124,68.5095
Novosibirsk FIR,12.2236,71.7303
Novosibirsk FIR,13.3349,74.678
Novosibirsk FIR,14.4461,77.3919
Novosibirsk FIR,15.5574,79.9024
Novosibirsk FIR,16.6686,82.2082
Novosibirsk FIR,17.7798,84.3101
Novosibirsk FIR,18.8911,86.2304
Novosibirsk FIR,20.0023,88.0074
Novosibirsk FIR,21.1136,89.6539
Novosibirsk FIR,22.2248,91.1813
Novosibirsk FIR,23.336,92.6022
Novosibirsk FIR,24.4473,93.9226
Novosibirsk FIR,25.5585,95.1366
Novosibirsk FIR,26.6698,96.2686
Novosibirsk FIR,27.781,97.307
Novosibirsk FIR,28.8922,98.2532
Novosibirsk FIR,30.0035,99.1261
Novosibirsk FIR,31.1147,99.9326
Novosibirsk FIR,32.226,100.6799
Novosibirsk FIR,33.3372,101.364
Novosibirsk FIR,34.4484,101.9858
Novosibirsk FIR,35.5597,102.5476
Novosibirsk FIR,36.6709,103.0552
Novosibirsk FIR,37.7822,103.5179
Novosibirsk FIR,38.8934,103.9338
Novosibirsk FIR,40.0046,104.3079
Novosibirsk FIR,41.1159,104.6458
Novosibirsk FIR,42.2271,104.9507
Novosibirsk FIR,43.3383,105.2209
Novosibirsk FIR,44.4496,105.4622
Novosibirsk FIR,45.5608,105.6804
Novosibirsk FIR,46.6721,105.8766
Novosibirsk FIR,47.7833,106.0546
Novosibirsk FIR,48.8945,106.2147
Novosibirsk FIR,50.0058,106.3567
Novosibirsk FIR,51.117,106.4813
Novosibirsk FIR,52.2283,106.59
Novosibirsk FIR,53.3395,106.6841
Novosibirsk FIR,54.4507,106.765
Novosibirsk FIR,55.562,106.8327
Novosibirsk FIR,56.6732,106.8906
Novosibirsk FIR,57.7845,106.939
Novosibirsk FIR,58.8957,106.9782
Novosibirsk FIR,60.0069,107.0095
Novosibirsk FIR,61.1182,107.0344
Novosibirsk FIR,62.2294,107.0538
Novosibirsk FIR,63.3407,107.0687
Novosibirsk FIR,64.4519,107.0791
Novosibirsk FIR,65.5631,107.0861
Novosibirsk FIR,66.6744,107.0903
Novosibirsk FIR,67.7856,107.0926
Novosibirsk FIR,68.8969,107.0935
Novosibirsk FIR,70.0081,107.0937
Novosibirsk FIR,71.1193,107.0937
Novosibirsk FIR,72.2306,107.0937
Novosibirsk FIR,73.3418,107.0937
Novosibirsk FIR,74.4531,107.0937
Novosibirsk FIR,75.5643,107.0937
Novosibirsk FIR,76.6755,107.0937
Novosibirsk FIR,77.7868,107.0937
Novosibirsk FIR,78.898,107.0936
Novosibirsk FIR,80.0093,107.0928
Novosibirsk FIR,81.1205,107.0902
Novosibirsk FIR,82.2317,107.0847
Novosibirsk FIR,83.343,107.0746
Novosibirsk FIR,84.4542,107.0582
Novosibirsk FIR,85.5655,107.0327
Novosibirsk FIR,86.6767,106.9954
Novosibirsk FIR,87.7879,106.9425
Novosibirsk FIR,88.8992,106.8694
Novosibirsk FIR,90.0104,106.7678
Novosibirsk FIR,91.1217,106.6313
Novosibirsk FIR,92.2329,106.4527
Novosibirsk FIR,93.3441,106.2071
Novosibirsk FIR,94.4554,105.8733
Novosibirsk FIR,95.5666,105.4232
Novosibirsk FIR,96.6779,104.8147
Novosibirsk FIR,97.7891,103.9337
Novosibirsk FIR,98.9003,102.6382
Rostov-Na-Donu FIR,0.0,0.2495
Rostov-Na-Donu FIR,1.1112,15.1101
Rostov-Na-Donu FIR,2.2225,25.5859
Rostov-Na-Donu FIR,3.3337,34.1159
Rostov-Na-Donu FIR,4.445,41.4111
Rostov-Na-Donu FIR,5.5562,47.7097
Rostov-Na-Donu FIR,6.6674,53.3137
Rostov-Na-Donu FIR,7.7787,58.3726
Rostov-Na-Donu FIR,8.8899,62.8991
Rostov-Na-Donu FIR,10.0012,66.9328
Rostov-Na-Donu FIR,11.1124,70.5872
Rostov-Na-Donu FIR,12.2236,73.9137
Rostov-Na-Donu FIR,13.3349,76.9595
Rostov-Na-Donu FIR,14.4461,79.76
Rostov-Na-Donu FIR,15.5574,82.3181
Rostov-Na-Donu FIR,16.6686,84.6673
Rostov-Na-Donu FIR,17.7798,86.8456
Rostov-Na-Donu FIR,18.8911,88.8535
Rostov-Na-Donu FIR,20.0023,90.651
Rostov-Na-Donu FIR,21.1136,92.2644
Rostov-Na-Donu FIR,22.2248,93.7549
Rostov-Na-Donu FIR,23.336,95.1217
Rostov-Na-Donu FIR,24.4473,96.3632
Rostov-Na-Donu FIR,25.5585,97.4876
Rostov-Na-Donu FIR,26.6698,98.5159
Rostov-Na-Donu FIR,27.781,99.4473
Rostov-Na-Donu FIR,28.8922,100.2865
Rostov-Na-Donu FIR,30.0035,101.0297
Rostov-Na-Donu FIR,31.1147,101.7015
Rostov-Na-Donu FIR,32.226,102.3011
Rostov-Na-Donu FIR,33.3372,102.8364
Rostov-Na-Donu FIR,34.4484,103.3182
Rostov-Na-Donu FIR,35.5597,103.7453
Rostov-Na-Donu FIR,36.6709,104.1224
Rostov-Na-Donu FIR,37.7822,104.4575
Rostov-Na-Donu FIR,38.8934,104.7503
Rostov-Na-Donu FIR,40.0046,105.0008
Rostov-Na-Donu FIR,41.1159,105.2201
Rostov-Na-Donu FIR,42.2271,105.4126
Rostov-Na-Donu FIR,43.3383,105.5792
Rostov-Na-Donu FIR,44.4496,105.7175
Rostov-Na-Donu FIR,45.5608,105.8335
Rostov-Na-Donu FIR,46.6721,105.9284
Rostov-Na-Donu FIR,47.7833,106.0075
Rostov-Na-Donu FIR,48.8945,106.0713
Rostov-Na-Donu FIR,50.0058,106.1232
Rostov-Na-Donu FIR,51.117,106.1635
Rostov-Na-Donu FIR,52.2283,106.1921
Rostov-Na-Donu FIR,53.3395,106.2125
Rostov-Na-Donu FIR,54.4507,106.2258
Rostov-Na-Donu FIR,55.562,106.2331
Rostov-Na-Donu FIR,56.6732,106.237
Rostov-Na-Donu FIR,57.7845,106.2384
Rostov-Na-Donu FIR,58.8957,106.2387
Rostov-Na-Donu FIR,60.0069,106.2388
Rostov-Na-Donu FIR,61.1182,106.2388
Rostov-Na-Donu FIR,62.2294,106.2388
Rostov-Na-Donu FIR,63.3407,106.2388
Rostov-Na-Donu FIR,64.4519,106.2388
Rostov-Na-Donu FIR,65.5631,106.2388
Rostov-Na-Donu FIR,66.6744,106.2388
Rostov-Na-Donu FIR,67.7856,106.2388
Rostov-Na-Donu FIR,68.8969,106.2388
Rostov-Na-Donu FIR,70.0081,106.2388
Rostov-Na-Donu FIR,71.1193,106.2388
Rostov-Na-Donu FIR,72.2306,106.2388
Rostov-Na-Donu FIR,73.3418,106.2388
Rostov-Na-Donu FIR,74.4531,106.2388
Rostov-Na-Donu FIR,75.5643,106.2388
Rostov-Na-Donu FIR,76.6755,106.2388
Rostov-Na-Donu FIR,77.7868,106.2388
Rostov-Na-Donu FIR,78.898,106.2388
Rostov-Na-Donu FIR,80.0093,106.2388
Rostov-Na-Donu FIR,81.1205,106.2386
Rostov-Na-Donu FIR,82.2317,106.2375
Rostov-Na-Donu FIR,83.343,106.2342
Rostov-Na-Donu FIR,84.4542,106.2271
Rostov-Na-Donu FIR,85.5655,106.2137
Rostov-Na-Donu FIR,86.6767,106.19
Rostov-Na-Donu FIR,87.7879,106.1537
Rostov-Na-Donu FIR,88.8992,106.1001
Rostov-Na-Donu FIR,90.0104,106.0255
Rostov-Na-Donu FIR,91.1217,105.9151
Rostov-Na-Donu FIR,92.2329,105.7656
Rostov-Na-Donu FIR,93.3441,105.5668
Rostov-Na-Donu FIR,94.4554,105.2938
Rostov-Na-Donu FIR,95.5666,104.9164
Rostov-Na-Donu FIR,96.6779,104.3982
Rostov-Na-Donu FIR,97.7891,103.6733
Rostov-Na-Donu FIR,98.9003,102.5718
Yekaterinburg FIR,0.0,0.2247
Yekaterinburg FIR,1.1112,12.0752
Yekaterinburg FIR,2.2225,20.4597
Yekaterinburg FIR,3.3337,27.573
Yekaterinburg FIR,4.445,33.8888
Yekaterinburg FIR,5.5562,39.5693
Yekaterinburg FIR,6.6674,44.6933
Yekaterinburg FIR,7.7787,49.4058
Yekaterinburg FIR,8.8899,53.7403
Yekaterinburg FIR,10.0012,57.7738
Yekaterinburg FIR,11.1124,61.4823
Yekaterinburg FIR,12.2236,64.8954
Yekaterinburg FIR,13.3349,68.0496
Yekaterinburg FIR,14.4461,70.9494
Yekaterinburg FIR,15.5574,73.6324
Yekaterinburg FIR,16.6686,76.1213
Yekaterinburg FIR,17.7798,78.4464
Yekaterinburg FIR,18.8911,80.6064
Yekaterinburg FIR,20.0023,82.5802
Yekaterinburg FIR,21.1136,84.4098
Yekaterinburg FIR,22.2248,86.1121
Yekaterinburg FIR,23.336,87.6788
Yekaterinburg FIR,24.4473,89.1238
Yekaterinburg FIR,25.5585,90.4475
Yekaterinburg FIR,26.6698,91.6658
Yekaterinburg FIR,27.781,92.7893
Yekaterinburg FIR,28.8922,93.821
Yekaterinburg FIR,30.0035,94.7618
Yekaterinburg FIR,31.1147,95.6267
Yekaterinburg FIR,32.226,96.4276
Yekaterinburg FIR,33.3372,97.1641
Yekaterinburg FIR,34.4484,97.8397
Yekaterinburg FIR,35.5597,98.4578
Yekaterinburg FIR,36.6709,99.0255
Yekaterinburg FIR,37.7822,99.5428
Yekaterinburg FIR,38.8934,100.0098
Yekaterinburg FIR,40.0046,100.435
Yekaterinburg FIR,41.1159,100.8242
Yekaterinburg FIR,42.2271,101.1768
Yekaterinburg FIR,43.3383,101.4931
Yekaterinburg FIR,44.4496,101.7791
Yekaterinburg FIR,45.5608,102.0372
Yekaterinburg FIR,46.6721,102.269
Yekaterinburg FIR,47.7833,102.4724
Yekaterinburg FIR,48.8945,102.6532
Yekaterinburg FIR,50.0058,102.8144
Yekaterinburg FIR,51.117,102.9558
Yekaterinburg FIR,52.2283,103.0793
Yekaterinburg FIR,53.3395,103.1867
Yekaterinburg FIR,54.4507,103.28
Yekaterinburg FIR,55.562,103.361
Yekaterinburg FIR,56.6732,103.4313
Yekaterinburg FIR,57.7845,103.491
Yekaterinburg FIR,58.8957,103.5413
Yekaterinburg FIR,60.0069,103.5828
Yekaterinburg FIR,61.1182,103.6167
Yekaterinburg FIR,62.2294,103.6437
Yekaterinburg FIR,63.3407,103.6647
Yekaterinburg FIR,64.4519,103.6799
Yekaterinburg FIR,65.5631,103.691
Yekaterinburg FIR,66.6744,103.6987
Yekaterinburg FIR,67.7856,103.7038
Yekaterinburg FIR,68.8969,103.7069
Yekaterinburg FIR,70.0081,103.7086
Yekaterinburg FIR,71.1193,103.7093
Yekaterinburg FIR,72.2306,103.7094
Yekaterinburg FIR,73.3418,103.7094
Yekaterinburg FIR,74.4531,103.7094
Yekaterinburg FIR,75.5643,103.7094
Yekaterinburg FIR,76.6755,103.7094
Yekaterinburg FIR,77.7868,103.7094
Yekaterinburg FIR,78.898,103.7094
Yekaterinburg FIR,80.0093,103.7094
Yekaterinburg FIR,81.1205,103.7094
Yekaterinburg FIR,82.2317,103.7094
Yekaterinburg FIR,83.343,103.7093
Yekaterinburg FIR,84.4542,103.7085
Yekaterinburg FIR,85.5655,103.7059
Yekaterinburg FIR,86.6767,103.6999
Yekaterinburg FIR,87.7879,103.6882
Yekaterinburg FIR,88.8992,103.6685
Yekaterinburg FIR,90.0104,103.6338
Yekaterinburg FIR,91.1217,103.5794
Yekaterinburg FIR,92.2329,103.4993
Yekaterinburg FIR,93.3441,103.3881
Yekaterinburg FIR,94.4554,103.2369
Yekaterinburg FIR,95.5666,103.0336
Yekaterinburg FIR,96.6779,102.7433
Yekaterinburg FIR,97.7891,102.3392
Yekaterinburg FIR,98.9003,101.7355
Tyumen FIR,0.0,0.3329
Tyumen FIR,1.1114,14.5741
Tyumen FIR,2.2227,24.389
Tyumen FIR,3.3341,32.4152
Tyumen FIR,4.4455,39.1555
Tyumen FIR,5.5568,44.9699
Tyumen FIR,6.6682,50.1901
Tyumen FIR,7.7796,54.8244
Tyumen FIR,8.8909,59.0254
Tyumen FIR,10.0023,62.829
Tyumen FIR,11.1137,66.3237
Tyumen FIR,12.2251,69.5345
Tyumen FIR,13.3364,72.4576
Tyumen FIR,14.4478,75.1228
Tyumen FIR,15.5592,77.5821
Tyumen FIR,16.6705,79.8366
Tyumen FIR,17.7819,81.9077
Tyumen FIR,18.8933,83.8118
Tyumen FIR,20.0046,85.5516
Tyumen FIR,21.116,87.1552
Tyumen FIR,22.2274,88.6398
Tyumen FIR,23.3387,90.0136
Tyumen FIR,24.4501,91.2711
Tyumen FIR,25.5615,92.4338
Tyumen FIR,26.6728,93.506
Tyumen FIR,27.7842,94.4855
Tyumen FIR,28.8956,95.3904
Tyumen FIR,30.0069,96.223
Tyumen FIR,31.1183,96.9907
Tyumen FIR,32.2297,97.699
Tyumen FIR,33.3411,98.3591
Tyumen FIR,34.4524,98.966
Tyumen FIR,35.5638,99.5244
Tyumen FIR,36.6752,100.0349
Tyumen FIR,37.7865,100.4991
Tyumen FIR,38.8979,100.9246
Tyumen FIR,40.0093,101.31
Tyumen FIR,41.1206,101.661
Tyumen FIR,42.232,101.978
Tyumen FIR,43.3434,102.2582
Tyumen FIR,44.4547,102.5104
Tyumen FIR,45.5661,102.7371
Tyumen FIR,46.6775,102.9405
Tyumen FIR,47.7888,103.1209
Tyumen FIR,48.9002,103.2805
Tyumen FIR,50.0116,103.4236
Tyumen FIR,51.1229,103.548
Tyumen FIR,52.2343,103.6546
Tyumen FIR,53.3457,103.7474
Tyumen FIR,54.4571,103.8268
Tyumen FIR,55.5684,103.894
Tyumen FIR,56.6798,103.9518
Tyumen FIR,57.7912,103.9993
Tyumen FIR,58.9025,104.0383
Tyumen FIR,60.0139,104.0703
Tyumen FIR,61.1253,104.0957
Tyumen FIR,62.2366,104.1153
Tyumen FIR,63.348,104.1299
Tyumen FIR,64.4594,104.1405
Tyumen FIR,65.5707,104.1482
Tyumen FIR,66.6821,104.1535
Tyumen FIR,67.7935,104.1569
Tyumen FIR,68.9048,104.1587
Tyumen FIR,70.0162,104.1594
Tyumen FIR,71.1276,104.1596
Tyumen FIR,72.2389,104.1596
Tyumen FIR,73.3503,104.1596
Tyumen FIR,74.4617,104.1596
Tyumen FIR,75.573,104.1596
Tyumen FIR,76.6844,104.1596
Tyumen FIR,77.7958,104.1596
Tyumen FIR,78.9072,104.1596
Tyumen FIR,80.0185,104.1596
Tyumen FIR,81.1299,104.1596
Tyumen FIR,82.2413,104.1596
Tyumen FIR,83.3526,104.1596
Tyumen FIR,84.464,104.1594
Tyumen FIR,85.5754,104.1579
Tyumen FIR,86.6867,104.1531
Tyumen FIR,87.7981,104.1424
Tyumen FIR,88.9095,104.1227
Tyumen FIR,90.0208,104.0903
Tyumen FIR,91.1322,104.0388
Tyumen FIR,92.2436,103.9605
Tyumen FIR,93.3549,103.8415
Tyumen FIR,94.4663,103.6725
Tyumen FIR,95.5777,103.4261
Tyumen FIR,96.689,103.0769
Tyumen FIR,97.8004,102.562
Tyumen FIR,98.9118,101.7457
Ashgabat FIR,0.0,1.2034
Ashgabat FIR,1.1134,49.5555
Ashgabat FIR,2.2269,70.4611
Ashgabat FIR,3.3403,83.3903
Ashgabat FIR,4.4537,92.0385
Ashgabat FIR,5.5672,97.6553
Ashgabat FIR,6.6806,101.3901
Ashgabat FIR,7.794,103.8948
Ashgabat FIR,8.9074,105.4046
Ashgabat FIR,10.0209,106.3024
Ashgabat FIR,11.1343,106.7918
Ashgabat FIR,12.2477,107.0182
Ashgabat FIR,13.3612,107.0876
Ashgabat FIR,14.4746,107.0978
Ashgabat FIR,15.588,107.0981
Ashgabat FIR,16.7015,107.0981
Ashgabat FIR,17.8149,107.0981
Ashgabat FIR,18.9283,107.0981
Ashgabat FIR,20.0418,107.0981
Ashgabat FIR,21.1552,107.0981
Ashgabat FIR,22.2686,107.0981
Ashgabat FIR,23.382,107.0981
Ashgabat FIR,24.4955,107.0981
Ashgabat FIR,25.6089,107.0981
Ashgabat FIR,26.7223,107.0981
Ashgabat FIR,27.8358,107.0981
Ashgabat FIR,28.9492,107.0981
Ashgabat FIR,30.0626,107.0981
Ashgabat FIR,31.1761,107.0981
Ashgabat FIR,32.2895,107.0981
Ashgabat FIR,33.4029,107.0981
Ashgabat FIR,34.5164,107.0981
Ashgabat FIR,35.6298,107.0981
Ashgabat FIR,36.7432,107.0981
Ashgabat FIR,37.8566,107.0981
Ashgabat FIR,38.9701,107.0981
Ashgabat FIR,40.0835,107.0981
Ashgabat FIR,41.1969,107.0981
Ashgabat FIR,42.3104,107.0981
Ashgabat FIR,43.4238,107.0981
Ashgabat FIR,44.5372,107.0981
Ashgabat FIR,45.6507,107.0981
Ashgabat FIR,46.7641,107.0981
Ashgabat FIR,47.8775,107.0981
Ashgabat FIR,48.991,107.0981
Ashgabat FIR,50.1044,107.0981
Ashgabat FIR,51.2178,107.0981
Ashgabat FIR,52.3312,107.0981
Ashgabat FIR,53.4447,107.0981
Ashgabat FIR,54.5581,107.0981
Ashgabat FIR,55.6715,107.0981
Ashgabat FIR,56.785,107.0981
Ashgabat FIR,57.8984,107.0981
Ashgabat FIR,59.0118,107.0981
Ashgabat FIR,60.1253,107.0981
Ashgabat FIR,61.2387,107.0981
Ashgabat FIR,62.3521,107.0981
Ashgabat FIR,63.4656,107.0981
Ashgabat FIR,64.579,107.0981
Ashgabat FIR,65.6924,107.0981
Ashgabat FIR,66.8058,107.0981
Ashgabat FIR,67.9193,107.0981
Ashgabat FIR,69.0327,107.0981
Ashgabat FIR,70.1461,107.0981
Ashgabat FIR,71.2596,107.0981
Ashgabat FIR,72.373,107.0981
Ashgabat FIR,73.4864,107.0981
Ashgabat FIR,74.5999,107.0981
Ashgabat FIR,75.7133,107.0981
Ashgabat FIR,76.8267,107.0981
Ashgabat FIR,77.9402,107.0981
Ashgabat FIR,79.0536,107.0981
Ashgabat FIR,80.167,107.0981
Ashgabat FIR,81.2804,107.0981
Ashgabat FIR,82.3939,107.0981
Ashgabat FIR,83.5073,107.0981
Ashgabat FIR,84.6207,107.0981
Ashgabat FIR,85.7342,107.0981
Ashgabat FIR,86.8476,107.0981
Ashgabat FIR,87.961,107.0981
Ashgabat FIR,89.0745,107.0981
Ashgabat FIR,90.1879,107.0981
Ashgabat FIR,91.3013,107.0981
Ashgabat FIR,92.4148,107.0981
Ashgabat FIR,93.5282,107.0981
Ashgabat FIR,94.6416,107.098
Ashgabat FIR,95.755,107.0962
Ashgabat FIR,96.8685,107.0552
Ashgabat FIR,97.9819,106.7805
Ashgabat FIR,99.0953,105.5615
Turkmenbashi FIR,0.0,1.2386
Turkmenbashi FIR,1.1137,47.9844
Turkmenbashi FIR,2.2274,68.0944
Turkmenbashi FIR,3.3411,81.0488
Turkmenbashi FIR,4.4548,90.0641
Turkmenbashi FIR,5.5684,95.8746
Turkmenbashi FIR,6.6821,99.8641
Turkmenbashi FIR,7.7958,102.6133
Turkmenbashi FIR,8.9095,104.3713
Turkmenbashi FIR,10.0232,105.5534
Turkmenbashi FIR,11.1369,106.3281
Turkmenbashi FIR,12.2506,106.7757
Turkmenbashi FIR,13.3643,107.0066
Turkmenbashi FIR,14.478,107.0904
Turkmenbashi FIR,15.5916,107.1128
Turkmenbashi FIR,16.7053,107.1144
Turkmenbashi FIR,17.819,107.1144
Turkmenbashi FIR,18.9327,107.1144
Turkmenbashi FIR,20.0464,107.1144
Turkmenbashi FIR,21.1601,107.1144
Turkmenbashi FIR,22.2738,107.1144
Turkmenbashi FIR,23.3875,107.1144
Turkmenbashi FIR,24.5012,107.1144
Turkmenbashi FIR,25.6148,107.1144
Turkmenbashi FIR,26.7285,107.1144
Turkmenbashi FIR,27.8422,107.1144
Turkmenbashi FIR,28.9559,107.1144
Turkmenbashi FIR,30.0696,107.1144
Turkmenbashi FIR,31.1833,107.1144
Turkmenbashi FIR,32.297,107.1144
Turkmenbashi FIR,33.4107,107.1144
Turkmenbashi FIR,34.5244,107.1144
Turkmenbashi FIR,35.6381,107.1144
Turkmenbashi FIR,36.7517,107.1144
Turkmenbashi FIR,37.8654,107.1144
Turkmenbashi FIR,38.9791,107.1144
Turkmenbashi FIR,40.0928,107.1144
Turkmenbashi FIR,41.2065,107.1144
Turkmenbashi FIR,42.3202,107.1144
Turkmenbashi FIR,43.4339,107.1144
Turkmenbashi FIR,44.5476,107.1144
Turkmenbashi FIR,45.6613,107.1144
Turkmenbashi FIR,46.7749,107.1144
Turkmenbashi FIR,47.8886,107.1144
Turkmenbashi FIR,49.0023,107.1144
Turkmenbashi FIR,50.116,107.1144
Turkmenbashi FIR,51.2297,107.1144
Turkmenbashi FIR,52.3434,107.1144
Turkmenbashi FIR,53.4571,107.1144
Turkmenbashi FIR,54.5708,107.1144
Turkmenbashi FIR,55.6845,107.1144
Turkmenbashi FIR,56.7981,107.1144
Turkmenbashi FIR,57.9118,107.1144
Turkmenbashi FIR,59.0255,107.1144
Turkmenbashi FIR,60.1392,107.1144
Turkmenbashi FIR,61.2529,107.1144
Turkmenbashi FIR,62.3666,107.1144
Turkmenbashi FIR,63.4803,107.1144
Turkmenbashi FIR,64.594,107.1144
Turkmenbashi FIR,65.7077,107.1144
Turkmenbashi FIR,66.8213,107.1144
Turkmenbashi FIR,67.935,107.1144
Turkmenbashi FIR,69.0487,107.1144
Turkmenbashi FIR,70.1624,107.1144
Turkmenbashi FIR,71.2761,107.1144
Turkmenbashi FIR,72.3898,107.1144
Turkmenbashi FIR,73.5035,107.1144
Turkmenbashi FIR,74.6172,107.1144
Turkmenbashi FIR,75.7309,107.1144
Turkmenbashi FIR,76.8445,107.1144
Turkmenbashi FIR,77.9582,107.1144
Turkmenbashi FIR,79.0719,107.1144
Turkmenbashi FIR,80.1856,107.1144
Turkmenbashi FIR,81.2993,107.1144
Turkmenbashi FIR,82.413,107.1144
Turkmenbashi FIR,83.5267,107.1144
Turkmenbashi FIR,84.6404,107.1144
Turkmenbashi FIR,85.7541,107.1144
Turkmenbashi FIR,86.8677,107.1144
Turkmenbashi FIR,87.9814,107.1144
Turkmenbashi FIR,89.0951,107.1144
Turkmenbashi FIR,90.2088,107.1144
Turkmenbashi FIR,91.3225,107.1144
Turkmenbashi FIR,92.4362,107.1144
Turkmenbashi FIR,93.5499,107.1144
Turkmenbashi FIR,94.6636,107.1134
Turkmenbashi FIR,95.7773,107.1028
Turkmenbashi FIR,96.891,107.0231
Turkmenbashi FIR,98.0046,106.6661
Turkmenbashi FIR,99.1183,105.3003
Dashoguz FIR,0.0,1.9487
Dashoguz FIR,1.1463,57.1246
Dashoguz FIR,2.2925,81.9498
Dashoguz FIR,3.4388,97.5791
Dashoguz FIR,4.5851,106.1505
Dashoguz FIR,5.7313,110.8841
Dashoguz FIR,6.8776,113.4607
Dashoguz FIR,8.0239,114.7451
Dashoguz FIR,9.1701,115.2718
Dashoguz FIR,10.3164,115.4106
Dashoguz FIR,11.4627,115.4227
Dashoguz FIR,12.609,115.423
Dashoguz FIR,13.7552,115.423
Dashoguz FIR,14.9015,115.423
Dashoguz FIR,16.0478,115.423
Dashoguz FIR,17.194,115.423
Dashoguz FIR,18.3403,115.423
Dashoguz FIR,19.4866,115.423
Dashoguz FIR,20.6328,115.423
Dashoguz FIR,21.7791,115.423
Dashoguz FIR,22.9254,115.423
Dashoguz FIR,24.0716,115.423
Dashoguz FIR,25.2179,115.423
Dashoguz FIR,26.3642,115.423
Dashoguz FIR,27.5104,115.423
Dashoguz FIR,28.6567,115.423
Dashoguz FIR,29.803,115.423
Dashoguz FIR,30.9493,115.423
Dashoguz FIR,32.0955,115.423
Dashoguz FIR,33.2418,115.423
Dashoguz FIR,34.3881,115.423
Dashoguz FIR,35.5343,115.423
Dashoguz FIR,36.6806,115.423
Dashoguz FIR,37.8269,115.423
Dashoguz FIR,38.9731,115.423
Dashoguz FIR,40.1194,115.423
Dashoguz FIR,41.2657,115.423
Dashoguz FIR,42.4119,115.423
Dashoguz FIR,43.5582,115.423
Dashoguz FIR,44.7045,115.423
Dashoguz FIR,45.8507,115.423
Dashoguz FIR,46.997,115.423
Dashoguz FIR,48.1433,115.423
Dashoguz FIR,49.2896,115.423
Dashoguz FIR,50.4358,115.423
Dashoguz FIR,51.5821,115.423
Dashoguz FIR,52.7284,115.423
Dashoguz FIR,53.8746,115.423
Dashoguz FIR,55.0209,115.423
Dashoguz FIR,56.1672,115.423
Dashoguz FIR,57.3134,115.423
Dashoguz FIR,58.4597,115.423
Dashoguz FIR,59.606,115.423
Dashoguz FIR,60.7522,115.423
Dashoguz FIR,61.8985,115.423
Dashoguz FIR,63.0448,115.423
Dashoguz FIR,64.191,115.423
Dashoguz FIR,65.3373,115.423
Dashoguz FIR,66.4836,115.423
Dashoguz FIR,67.6299,115.423
Dashoguz FIR,68.7761,115.423
Dashoguz FIR,69.9224,115.423
Dashoguz FIR,71.0687,115.423
Dashoguz FIR,72.2149,115.423
Dashoguz FIR,73.3612,115.423
Dashoguz FIR,74.5075,115.423
Dashoguz FIR,75.6537,115.423
Dashoguz FIR,76.8,115.423
Dashoguz FIR,77.9463,115.423
Dashoguz FIR,79.0925,115.423
Dashoguz FIR,80.2388,115.423
Dashoguz FIR,81.3851,115.423
Dashoguz FIR,82.5313,115.423
Dashoguz FIR,83.6776,115.423
Dashoguz FIR,84.8239,115.423
Dashoguz FIR,85.9701,115.423
Dashoguz FIR,87.1164,115.423
Dashoguz FIR,88.2627,115.423
Dashoguz FIR,89.409,115.423
Dashoguz FIR,90.5552,115.423
Dashoguz FIR,91.7015,115.423
Dashoguz FIR,92.8478,115.423
Dashoguz FIR,93.994,115.423
Dashoguz FIR,95.1403,115.4226
Dashoguz FIR,96.2866,115.4042
Dashoguz FIR,97.4328,115.1834
Dashoguz FIR,98.5791,113.6853
Dashoguz FIR,99.7254,105.7885
Turkmenabat FIR,0.0,1.7283
Turkmenabat FIR,1.1168,49.5185
Turkmenabat FIR,2.2336,70.2046
Turkmenabat FIR,3.3504,83.0109
Turkmenabat FIR,4.4672,91.3579
Turkmenabat FIR,5.584,97.1441
Turkmenabat FIR,6.7008,101.2562
Turkmenabat FIR,7.8176,103.9114
Turkmenabat FIR,8.9344,105.4247
Turkmenabat FIR,10.0512,106.2601
Turkmenabat FIR,11.168,106.6863
Turkmenabat FIR,12.2848,106.839
Turkmenabat FIR,13.4016,106.8818
Turkmenabat FIR,14.5184,106.8835
Turkmenabat FIR,15.6352,106.8835
Turkmenabat FIR,16.752,106.8835
Turkmenabat FIR,17.8688,106.8835
Turkmenabat FIR,18.9856,106.8835
Turkmenabat FIR,20.1024,106.8835
Turkmenabat FIR,21.2192,106.8835
Turkmenabat FIR,22.336,106.8835
Turkmenabat FIR,23.4528,106.8835
Turkmenabat FIR,24.5696,106.8835
Turkmenabat FIR,25.6864,106.8835
Turkmenabat FIR,26.8032,106.8835
Turkmenabat FIR,27.92,106.8835
Turkmenabat FIR,29.0368,106.8835
Turkmenabat FIR,30.1536,106.8835
Turkmenabat FIR,31.2704,106.8835
Turkmenabat FIR,32.3872,106.8835
Turkmenabat FIR,33.504,106.8835
Turkmenabat FIR,34.6208,106.8835
Turkmenabat FIR,35.7376,106.8835
Turkmenabat FIR,36.8544,106.8835
Turkmenabat FIR,37.9711,106.8835
Turkmenabat FIR,39.0879,106.8835
Turkmenabat FIR,40.2047,106.8835
Turkmenabat FIR,41.3215,106.8835
Turkmenabat FIR,42.4383,106.8835
Turkmenabat FIR,43.5551,106.8835
Turkmenabat FIR,44.6719,106.8835
Turkmenabat FIR,45.7887,106.8835
Turkmenabat FIR,46.9055,106.8835
Turkmenabat FIR,48.0223,106.8835
Turkmenabat FIR,49.1391,106.8835
Turkmenabat FIR,50.2559,106.8835
Turkmenabat FIR,51.3727,106.8835
Turkmenabat FIR,52.4895,106.8835
Turkmenabat FIR,53.6063,106.8835
Turkmenabat FIR,54.7231,106.8835
Turkmenabat FIR,55.8399,106.8835
Turkmenabat FIR,56.9567,106.8835
Turkmenabat FIR,58.0735,106.8835
Turkmenabat FIR,59.1903,106.8835
Turkmenabat FIR,60.3071,106.8835
Turkmenabat FIR,61.4239,106.8835
Turkmenabat FIR,62.5407,106.8835
Turkmenabat FIR,63.6575,106.8835
Turkmenabat FIR,64.7743,106.8835
Turkmenabat FIR,65.8911,106.8835
Turkmenabat FIR,67.0079,106.8835
Turkmenabat FIR,68.1247,106.8835
Turkmenabat FIR,69.2415,106.8835
Turkmenabat FIR,70.3583,106.8835
Turkmenabat FIR,71.4751,106.8835
Turkmenabat FIR,72.5919,106.8835
Turkmenabat FIR,73.7087,106.8835
Turkmenabat FIR,74.8255,106.8835
Turkmenabat FIR,75.9423,106.8835
Turkmenabat FIR,77.0591,106.8835
Turkmenabat FIR,78.1759,106.8835
Turkmenabat FIR,79.2927,106.8835
Turkmenabat FIR,80.4095,106.8835
Turkmenabat FIR,81.5263,106.8835
Turkmenabat FIR,82.6431,106.8835
Turkmenabat FIR,83.7599,106.8835
Turkmenabat FIR,84.8767,106.8835
Turkmenabat FIR,85.9935,106.8835
Turkmenabat FIR,87.1103,106.8835
Turkmenabat FIR,88.2271,106.8835
Turkmenabat FIR,89.3439,106.8835
Turkmenabat FIR,90.4607,106.8835
Turkmenabat FIR,91.5775,106.8835
Turkmenabat FIR,92.6943,106.8835
Turkmenabat FIR,93.8111,106.8835
Turkmenabat FIR,94.9279,106.8835
Turkmenabat FIR,96.0447,106.8812
Turkmenabat FIR,97.1615,106.8223
Turkmenabat FIR,98.2783,106.4359
Turkmenabat FIR,99.3951,104.7214
Dushanbe FIR,0.0,2.5202
Dushanbe FIR,1.1207,50.457
Dushanbe FIR,2.2414,68.8874
Dushanbe FIR,3.3621,80.4689
Dushanbe FIR,4.4828,88.2486
Dushanbe FIR,5.6035,93.6414
Dushanbe FIR,6.7243,97.6434
Dushanbe FIR,7.845,100.6637
Dushanbe FIR,8.9657,102.9131
Dushanbe FIR,10.0864,104.5325
Dushanbe FIR,11.2071,105.6352
Dushanbe FIR,12.3278,106.3657
Dushanbe FIR,13.4485,106.8093
Dushanbe FIR,14.5692,107.037
Dushanbe FIR,15.6899,107.1188
Dushanbe FIR,16.8106,107.1388
Dushanbe FIR,17.9314,107.1398
Dushanbe FIR,19.0521,107.1398
Dushanbe FIR,20.1728,107.1398
Dushanbe FIR,21.2935,107.1398
Dushanbe FIR,22.4142,107.1398
Dushanbe FIR,23.5349,107.1398
Dushanbe FIR,24.6556,107.1398
Dushanbe FIR,25.7763,107.1398
Dushanbe FIR,26.897,107.1398
Dushanbe FIR,28.0177,107.1398
Dushanbe FIR,29.1385,107.1398
Dushanbe FIR,30.2592,107.1398
Dushanbe FIR,31.3799,107.1398
Dushanbe FIR,32.5006,107.1398
Dushanbe FIR,33.6213,107.1398
Dushanbe FIR,34.742,107.1398
Dushanbe FIR,35.8627,107.1398
Dushanbe FIR,36.9834,107.1398
Dushanbe FIR,38.1041,107.1398
Dushanbe FIR,39.2248,107.1398
Dushanbe FIR,40.3456,107.1398
Dushanbe FIR,41.4663,107.1398
Dushanbe FIR,42.587,107.1398
Dushanbe FIR,43.7077,107.1398
Dushanbe FIR,44.8284,107.1398
Dushanbe FIR,45.9491,107.1398
Dushanbe FIR,47.0698,107.1398
Dushanbe FIR,48.1905,107.1398
Dushanbe FIR,49.3112,107.1398
Dushanbe FIR,50.4319,107.1398
Dushanbe FIR,51.5527,107.1398
Dushanbe FIR,52.6734,107.1398
Dushanbe FIR,53.7941,107.1398
Dushanbe FIR,54.9148,107.1398
Dushanbe FIR,56.0355,107.1398
Dushanbe FIR,57.1562,107.1398
Dushanbe FIR,58.2769,107.1398
Dushanbe FIR,59.3976,107.1398
Dushanbe FIR,60.5183,107.1398
Dushanbe FIR,61.639,107.1398
Dushanbe FIR,62.7597,107.1398
Dushanbe FIR,63.8805,107.1398
Dushanbe FIR,65.0012,107.1398
Dushanbe FIR,66.1219,107.1398
Dushanbe FIR,67.2426,107.1398
Dushanbe FIR,68.3633,107.1398
Dushanbe FIR,69.484,107.1398
Dushanbe FIR,70.6047,107.1398
Dushanbe FIR,71.7254,107.1398
Dushanbe FIR,72.8461,107.1398
Dushanbe FIR,73.9668,107.1398
Dushanbe FIR,75.0876,107.1398
Dushanbe FIR,76.2083,107.1398
Dushanbe FIR,77.329,107.1398
Dushanbe FIR,78.4497,107.1398
Dushanbe FIR,79.5704,107.1398
Dushanbe FIR,80.6911,107.1398
Dushanbe FIR,81.8118,107.1398
Dushanbe FIR,82.9325,107.1398
Dushanbe FIR,84.0532,107.1398
Dushanbe FIR,85.1739,107.1398
Dushanbe FIR,86.2947,107.1398
Dushanbe FIR,87.4154,107.1398
Dushanbe FIR,88.5361,107.1398
Dushanbe FIR,89.6568,107.1398
Dushanbe FIR,90.7775,107.1398
Dushanbe FIR,91.8982,107.1398
Dushanbe FIR,93.0189,107.1398
Dushanbe FIR,94.1396,107.1398
Dushanbe FIR,95.2603,107.1397
Dushanbe FIR,96.381,107.13
Dushanbe FIR,97.5018,106.9861
Dushanbe FIR,98.6225,106.2595
Dushanbe FIR,99.7432,102.9588
Samarkand FIR,0.0,1.1315
Samarkand FIR,1.113,41.2376
Samarkand FIR,2.2261,59.8907
Samarkand FIR,3.3391,72.7588
Samarkand FIR,4.4522,81.9316
Samarkand FIR,5.5652,88.7807
Samarkand FIR,6.6783,93.9226
Samarkand FIR,7.7913,97.7595
Samarkand FIR,8.9043,100.7645
Samarkand FIR,10.0174,102.9769
Samarkand FIR,11.1304,104.5732
Samarkand FIR,12.2435,105.7745
Samarkand FIR,13.3565,106.6277
Samarkand FIR,14.4696,107.2132
Samarkand FIR,15.5826,107.6208
Samarkand FIR,16.6957,107.8753
Samarkand FIR,17.8087,108.0401
Samarkand FIR,18.9217,108.1385
Samarkand FIR,20.0348,108.1924
Samarkand FIR,21.1478,108.2124
Samarkand FIR,22.2609,108.2163
Samarkand FIR,23.3739,108.2164
Samarkand FIR,24.487,108.2164
Samarkand FIR,25.6,108.2164
Samarkand FIR,26.713,108.2164
Samarkand FIR,27.8261,108.2164
Samarkand FIR,28.9391,108.2164
Samarkand FIR,30.0522,108.2164
Samarkand FIR,31.1652,108.2164
Samarkand FIR,32.2783,108.2164
Samarkand FIR,33.3913,108.2164
Samarkand FIR,34.5043,108.2164
Samarkand FIR,35.6174,108.2164
Samarkand FIR,36.7304,108.2164
Samarkand FIR,37.8435,108.2164
Samarkand FIR,38.9565,108.2164
Samarkand FIR,40.0696,108.2164
Samarkand FIR,41.1826,108.2164
Samarkand FIR,42.2957,108.2164
Samarkand FIR,43.4087,108.2164
Samarkand FIR,44.5217,108.2164
Samarkand FIR,45.6348,108.2164
Samarkand FIR,46.7478,108.2164
Samarkand FIR,47.8609,108.2164
Samarkand FIR,48.9739,108.2164
Samarkand FIR,50.087,108.2164
Samarkand FIR,51.2,108.2164
Samarkand FIR,52.313,108.2164
Samarkand FIR,53.4261,108.2164
Samarkand FIR,54.5391,108.2164
Samarkand FIR,55.6522,108.2164
Samarkand FIR,56.7652,108.2164
Samarkand FIR,57.8783,108.2164
Samarkand FIR,58.9913,108.2164
Samarkand FIR,60.1043,108.2164
Samarkand FIR,61.2174,108.2164
Samarkand FIR,62.3304,108.2164
Samarkand FIR,63.4435,108.2164
Samarkand FIR,64.5565,108.2164
Samarkand FIR,65.6696,108.2164
Samarkand FIR,66.7826,108.2164
Samarkand FIR,67.8957,108.2164
Samarkand FIR,69.0087,108.2164
Samarkand FIR,70.1217,108.2164
Samarkand FIR,71.2348,108.2164
Samarkand FIR,72.3478,108.2164
Samarkand FIR,73.4609,108.2164
Samarkand FIR,74.5739,108.2164
Samarkand FIR,75.687,108.2164
Samarkand FIR,76.8,108.2164
Samarkand FIR,77.913,108.2164
Samarkand FIR,79.0261,108.2164
Samarkand FIR,80.1391,108.2164
Samarkand FIR,81.2522,108.2164
Samarkand FIR,82.3652,108.2164
Samarkand FIR,83.4783,108.2164
Samarkand FIR,84.5913,108.2164
Samarkand FIR,85.7043,108.2164
Samarkand FIR,86.8174,108.2164
Samarkand FIR,87.9304,108.2164
Samarkand FIR,89.0435,108.2164
Samarkand FIR,90.1565,108.2164
Samarkand FIR,91.2696,108.2164
Samarkand FIR,92.3826,108.2163
Samarkand FIR,93.4957,108.2132
Samarkand FIR,94.6087,108.1806
Samarkand FIR,95.7217,108.069
Samarkand FIR,96.8348,107.7657
Samarkand FIR,97.9478,106.9708
Samarkand FIR,99.0609,105.011
Tashkent FIR,0.0,0.7921
Tashkent FIR,1.1114,25.872
Tashkent FIR,2.2227,41.1629
Tashkent FIR,3.3341,52.9612
Tashkent FIR,4.4455,62.4503
Tashkent FIR,5.5568,70.3187
Tashkent FIR,6.6682,76.9746
Tashkent FIR,7.7796,82.5467
Tashkent FIR,8.8909,87.25
Tashkent FIR,10.0023,91.2737
Tashkent FIR,11.1137,94.684
Tashkent FIR,12.2251,97.6482
Tashkent FIR,13.3364,100.1624
Tashkent FIR,14.4478,102.3021
Tashkent FIR,15.5592,104.1227
Tashkent FIR,16.6705,105.6726
Tashkent FIR,17.7819,106.9959
Tashkent FIR,18.8933,108.1309
Tashkent FIR,20.0046,109.0849
Tashkent FIR,21.116,109.8641
Tashkent FIR,22.2274,110.5058
Tashkent FIR,23.3387,111.0372
Tashkent FIR,24.4501,111.4731
Tashkent FIR,25.5615,111.8153
Tashkent FIR,26.6728,112.0847
Tashkent FIR,27.7842,112.3011
Tashkent FIR,28.8956,112.4678
Tashkent FIR,30.0069,112.5941
Tashkent FIR,31.1183,112.6862
Tashkent FIR,32.2297,112.7515
Tashkent FIR,33.3411,112.7922
Tashkent FIR,34.4524,112.8173
Tashkent FIR,35.5638,112.831
Tashkent FIR,36.6752,112.8373
Tashkent FIR,37.7865,112.8391
Tashkent FIR,38.8979,112.8392
Tashkent FIR,40.0093,112.8393
Tashkent FIR,41.1206,112.8393
Tashkent FIR,42.232,112.8393
Tashkent FIR,43.3434,112.8393
Tashkent FIR,44.4547,112.8393
Tashkent FIR,45.5661,112.8393
Tashkent FIR,46.6775,112.8393
Tashkent FIR,47.7888,112.8393
Tashkent FIR,48.9002,112.8393
Tashkent FIR,50.0116,112.8393
Tashkent FIR,51.1229,112.8393
Tashkent FIR,52.2343,112.8393
Tashkent FIR,53.3457,112.8393
Tashkent FIR,54.4571,112.8393
Tashkent FIR,55.5684,112.8393
Tashkent FIR,56.6798,112.8393
Tashkent FIR,57.7912,112.8393
Tashkent FIR,58.9025,112.8393
Tashkent FIR,60.0139,112.8393
Tashkent FIR,61.1253,112.8393
Tashkent FIR,62.2366,112.8393
Tashkent FIR,63.348,112.8393
Tashkent FIR,64.4594,112.8393
Tashkent FIR,65.5707,112.8393
Tashkent FIR,66.6821,112.8393
Tashkent FIR,67.7935,112.8393
Tashkent FIR,68.9048,112.8393
Tashkent FIR,70.0162,112.8393
Tashkent FIR,71.1276,112.8393
Tashkent FIR,72.2389,112.8393
Tashkent FIR,73.3503,112.8393
Tashkent FIR,74.4617,112.8393
Tashkent FIR,75.573,112.8393
Tashkent FIR,76.6844,112.8393
Tashkent FIR,77.7958,112.8393
Tashkent FIR,78.9072,112.8393
Tashkent FIR,80.0185,112.8393
Tashkent FIR,81.1299,112.8393
Tashkent FIR,82.2413,112.8393
Tashkent FIR,83.3526,112.8393
Tashkent FIR,84.464,112.8393
Tashkent FIR,85.5754,112.8392
Tashkent FIR,86.6867,112.839
Tashkent FIR,87.7981,112.8368
Tashkent FIR,88.9095,112.8258
Tashkent FIR,90.0208,112.7949
Tashkent FIR,91.1322,112.7274
Tashkent FIR,92.2436,112.5962
Tashkent FIR,93.3549,112.3753
Tashkent FIR,94.4663,112.0258
Tashkent FIR,95.5777,111.4152
Tashkent FIR,96.689,110.4196
Tashkent FIR,97.8004,108.8324
Tashkent FIR,98.9118,106.274
Moscow FIR,0.0,0.1756
Moscow FIR,1.1112,11.6941
Moscow FIR,2.2225,20.0258
Moscow FIR,3.3337,26.8958
Moscow FIR,4.445,32.8341
Moscow FIR,5.5562,38.1782
Moscow FIR,6.6674,43.0286
Moscow FIR,7.7787,47.4634
Moscow FIR,8.8899,51.5198
Moscow FIR,10.0012,55.2771
Moscow FIR,11.1124,58.7677
Moscow FIR,12.2236,62.0465
Moscow FIR,13.3349,65.0917
Moscow FIR,14.4461,67.9407
Moscow FIR,15.5574,70.5729
Moscow FIR,16.6686,73.0224
Moscow FIR,17.7798,75.3186
Moscow FIR,18.8911,77.4653
Moscow FIR,20.0023,79.4862
Moscow FIR,21.1136,81.3593
Moscow FIR,22.2248,83.0737
Moscow FIR,23.336,84.6638
Moscow FIR,24.4473,86.1458
Moscow FIR,25.5585,87.5311
Moscow FIR,26.6698,88.8222
Moscow FIR,27.781,90.022
Moscow FIR,28.8922,91.1395
Moscow FIR,30.0035,92.1776
Moscow FIR,31.1147,93.1349
Moscow FIR,32.226,94.0179
Moscow FIR,33.3372,94.8374
Moscow FIR,34.4484,95.6008
Moscow FIR,35.5597,96.3098
Moscow FIR,36.6709,96.9677
Moscow FIR,37.7822,97.5769
Moscow FIR,38.8934,98.1418
Moscow FIR,40.0046,98.6692
Moscow FIR,41.1159,99.1507
Moscow FIR,42.2271,99.5912
Moscow FIR,43.3383,99.9945
Moscow FIR,44.4496,100.3661
Moscow FIR,45.5608,100.7051
Moscow FIR,46.6721,101.0132
Moscow FIR,47.7833,101.2922
Moscow FIR,48.8945,101.5442
Moscow FIR,50.0058,101.7719
Moscow FIR,51.117,101.9747
Moscow FIR,52.2283,102.1549
Moscow FIR,53.3395,102.315
Moscow FIR,54.4507,102.4571
Moscow FIR,55.562,102.5822
Moscow FIR,56.6732,102.6904
Moscow FIR,57.7845,102.7855
Moscow FIR,58.8957,102.8666
Moscow FIR,60.0069,102.9353
Moscow FIR,61.1182,102.9935
Moscow FIR,62.2294,103.0428
Moscow FIR,63.3407,103.0834
Moscow FIR,64.4519,103.116
Moscow FIR,65.5631,103.1419
Moscow FIR,66.6744,103.1621
Moscow FIR,67.7856,103.1771
Moscow FIR,68.8969,103.1882
Moscow FIR,70.0081,103.196
Moscow FIR,71.1193,103.2014
Moscow FIR,72.2306,103.2044
Moscow FIR,73.3418,103.2058
Moscow FIR,74.4531,103.2063
Moscow FIR,75.5643,103.2064
Moscow FIR,76.6755,103.2064
Moscow FIR,77.7868,103.2064
Moscow FIR,78.898,103.2064
Moscow FIR,80.0093,103.2064
Moscow FIR,81.1205,103.2064
Moscow FIR,82.2317,103.2064
Moscow FIR,83.343,103.2064
Moscow FIR,84.4542,103.206
Moscow FIR,85.5655,103.2041
Moscow FIR,86.6767,103.1986
Moscow FIR,87.7879,103.1876
Moscow FIR,88.8992,103.1681
Moscow FIR,90.0104,103.1362
Moscow FIR,91.1217,103.0877
Moscow FIR,92.2329,103.0193
Moscow FIR,93.3441,102.9223
Moscow FIR,94.4554,102.7908
Moscow FIR,95.5666,102.6008
Moscow FIR,96.6779,102.3229
Moscow FIR,97.7891,101.9147
Moscow FIR,98.9003,101.2586
Syktyvkar FIR,0.0,0.2925
Syktyvkar FIR,1.1112,16.2876
Syktyvkar FIR,2.2225,27.2634
Syktyvkar FIR,3.3337,36.3653
Syktyvkar FIR,4.445,44.02
Syktyvkar FIR,5.5562,50.6322
Syktyvkar FIR,6.6674,56.4764
Syktyvkar FIR,7.7787,61.6924
Syktyvkar FIR,8.8899,66.3771
Syktyvkar FIR,10.0012,70.5459
Syktyvkar FIR,11.1124,74.2427
Syktyvkar FIR,12.2236,77.5393
Syktyvkar FIR,13.3349,80.4881
Syktyvkar FIR,14.4461,83.0971
Syktyvkar FIR,15.5574,85.4307
Syktyvkar FIR,16.6686,87.4864
Syktyvkar FIR,17.7798,89.306
Syktyvkar FIR,18.8911,90.9221
Syktyvkar FIR,20.0023,92.3688
Syktyvkar FIR,21.1136,93.6609
Syktyvkar FIR,22.2248,94.7992
Syktyvkar FIR,23.336,95.8195
Syktyvkar FIR,24.4473,96.7367
Syktyvkar FIR,25.5585,97.54
Syktyvkar FIR,26.6698,98.2459
Syktyvkar FIR,27.781,98.8588
Syktyvkar FIR,28.8922,99.3954
Syktyvkar FIR,30.0035,99.8707
Syktyvkar FIR,31.1147,100.2958
Syktyvkar FIR,32.226,100.6738
Syktyvkar FIR,33.3372,101.0017
Syktyvkar FIR,34.4484,101.2837
Syktyvkar FIR,35.5597,101.5273
Syktyvkar FIR,36.6709,101.7382
Syktyvkar FIR,37.7822,101.9219
Syktyvkar FIR,38.8934,102.078
Syktyvkar FIR,40.0046,102.206
Syktyvkar FIR,41.1159,102.3131
Syktyvkar FIR,42.2271,102.401
Syktyvkar FIR,43.3383,102.4701
Syktyvkar FIR,44.4496,102.5238
Syktyvkar FIR,45.5608,102.5644
Syktyvkar FIR,46.6721,102.5939
Syktyvkar FIR,47.7833,102.6147
Syktyvkar FIR,48.8945,102.6291
Syktyvkar FIR,50.0058,102.6383
Syktyvkar FIR,51.117,102.6439
Syktyvkar FIR,52.2283,102.6468
Syktyvkar FIR,53.3395,102.648
Syktyvkar FIR,54.4507,102.6483
Syktyvkar FIR,55.562,102.6483
Syktyvkar FIR,56.6732,102.6483
Syktyvkar FIR,57.7845,102.6483
Syktyvkar FIR,58.8957,102.6483
Syktyvkar FIR,60.0069,102.6483
Syktyvkar FIR,61.1182,102.6483
Syktyvkar FIR,62.2294,102.6483
Syktyvkar FIR,63.3407,102.6483
Syktyvkar FIR,64.4519,102.6483
Syktyvkar FIR,65.5631,102.6483
Syktyvkar FIR,66.6744,102.6483
Syktyvkar FIR,67.7856,102.6483
Syktyvkar FIR,68.8969,102.6483
Syktyvkar FIR,70.0081,102.6483
Syktyvkar FIR,71.1193,102.6483
Syktyvkar FIR,72.2306,102.6483
Syktyvkar FIR,73.3418,102.6483
Syktyvkar FIR,74.4531,102.6483
Syktyvkar FIR,75.5643,102.6483
Syktyvkar FIR,76.6755,102.6483
Syktyvkar FIR,77.7868,102.6483
Syktyvkar FIR,78.898,102.6483
Syktyvkar FIR,80.0093,102.6483
Syktyvkar FIR,81.1205,102.6483
Syktyvkar FIR,82.2317,102.6483
Syktyvkar FIR,83.343,102.6483
Syktyvkar FIR,84.4542,102.6483
Syktyvkar FIR,85.5655,102.6483
Syktyvkar FIR,86.6767,102.6483
Syktyvkar FIR,87.7879,102.6483
Syktyvkar FIR,88.8992,102.6483
Syktyvkar FIR,90.0104,102.6481
Syktyvkar FIR,91.1217,102.6465
Syktyvkar FIR,92.2329,102.6406
Syktyvkar FIR,93.3441,102.6242
Syktyvkar FIR,94.4554,102.5828
Syktyvkar FIR,95.5666,102.4915
Syktyvkar FIR,96.6779,102.3274
Syktyvkar FIR,97.7891,102.0412
Syktyvkar FIR,98.9003,101.4733
Samara FIR,0.0,0.298
Samara FIR,1.1112,14.0959
Samara FIR,2.2225,23.923
Samara FIR,3.3337,32.193
Samara FIR,4.445,39.349
Samara FIR,5.5562,45.6768
Samara FIR,6.6674,51.2754
Samara FIR,7.7787,56.192
Samara FIR,8.8899,60.6479
Samara FIR,10.0012,64.7245
Samara FIR,11.1124,68.3675
Samara FIR,12.2236,71.6461
Samara FIR,13.3349,74.6125
Samara FIR,14.4461,77.3105
Samara FIR,15.5574,79.7557
Samara FIR,16.6686,81.9741
Samara FIR,17.7798,84.01
Samara FIR,18.8911,85.8724
Samara FIR,20.0023,87.5702
Samara FIR,21.1136,89.1205
Samara FIR,22.2248,90.5601
Samara FIR,23.336,91.8762
Samara FIR,24.4473,93.0988
Samara FIR,25.5585,94.2298
Samara FIR,26.6698,95.2556
Samara FIR,27.781,96.197
Samara FIR,28.8922,97.0516
Samara FIR,30.0035,97.8284
Samara FIR,31.1147,98.5356
Samara FIR,32.226,99.1819
Samara FIR,33.3372,99.7612
Samara FIR,34.4484,100.29
Samara FIR,35.5597,100.7713
Samara FIR,36.6709,101.2029
Samara FIR,37.7822,101.5846
Samara FIR,38.8934,101.9247
Samara FIR,40.0046,102.2251
Samara FIR,41.1159,102.4961
Samara FIR,42.2271,102.7377
Samara FIR,43.3383,102.9537
Samara FIR,44.4496,103.1443
Samara FIR,45.5608,103.3105
Samara FIR,46.6721,103.4567
Samara FIR,47.7833,103.5806
Samara FIR,48.8945,103.688
Samara FIR,50.0058,103.7794
Samara FIR,51.117,103.8575
Samara FIR,52.2283,103.9242
Samara FIR,53.3395,103.9796
Samara FIR,54.4507,104.0257
Samara FIR,55.562,104.0638
Samara FIR,56.6732,104.0947
Samara FIR,57.7845,104.1185
Samara FIR,58.8957,104.1361
Samara FIR,60.0069,104.1491
Samara FIR,61.1182,104.158
Samara FIR,62.2294,104.1639
Samara FIR,63.3407,104.1677
Samara FIR,64.4519,104.17
Samara FIR,65.5631,104.1712
Samara FIR,66.6744,104.1717
Samara FIR,67.7856,104.1717
Samara FIR,68.8969,104.1717
Samara FIR,70.0081,104.1717
Samara FIR,71.1193,104.1717
Samara FIR,72.2306,104.1717
Samara FIR,73.3418,104.1717
Samara FIR,74.4531,104.1717
Samara FIR,75.5643,104.1717
Samara FIR,76.6755,104.1717
Samara FIR,77.7868,104.1717
Samara FIR,78.898,104.1717
Samara FIR,80.0093,104.1717
Samara FIR,81.1205,104.1717
Samara FIR,82.2317,104.1717
Samara FIR,83.343,104.1716
Samara FIR,84.4542,104.1711
Samara FIR,85.5655,104.1697
Samara FIR,86.6767,104.1664
Samara FIR,87.7879,104.1591
Samara FIR,88.8992,104.1454
Samara FIR,90.0104,104.1211
Samara FIR,91.1217,104.0795
Samara FIR,92.2329,104.0157
Samara FIR,93.3441,103.9237
Samara FIR,94.4554,103.7842
Samara FIR,95.5666,103.5761
Samara FIR,96.6779,103.2647
Samara FIR,97.7891,102.7872
Samara FIR,98.9003,101.9943
Mumbai FIR,0.0,0.3305
Mumbai FIR,1.1112,16.2841
Mumbai FIR,2.2225,27.0149
Mumbai FIR,3.3337,35.8637
Mumbai FIR,4.445,43.3874
Mumbai FIR,5.5562,50.0256
Mumbai FIR,6.6674,55.9517
Mumbai FIR,7.7787,61.3505
Mumbai FIR,8.8899,66.2157
Mumbai FIR,10.0012,70.5992
Mumbai FIR,11.1124,74.5585
Mumbai FIR,12.2236,78.1696
Mumbai FIR,13.3349,81.4396
Mumbai FIR,14.4461,84.3662
Mumbai FIR,15.5574,87.0296
Mumbai FIR,16.6686,89.4591
Mumbai FIR,17.7798,91.6727
Mumbai FIR,18.8911,93.6977
Mumbai FIR,20.0023,95.5295
Mumbai FIR,21.1136,97.1728
Mumbai FIR,22.2248,98.6702
Mumbai FIR,23.336,100.0162
Mumbai FIR,24.4473,101.2021
Mumbai FIR,25.5585,102.2753
Mumbai FIR,26.6698,103.243
Mumbai FIR,27.781,104.1104
Mumbai FIR,28.8922,104.8812
Mumbai FIR,30.0035,105.5658
Mumbai FIR,31.1147,106.1695
Mumbai FIR,32.226,106.7006
Mumbai FIR,33.3372,107.1627
Mumbai FIR,34.4484,107.5641
Mumbai FIR,35.5597,107.9043
Mumbai FIR,36.6709,108.1936
Mumbai FIR,37.7822,108.4378
Mumbai FIR,38.8934,108.6425
Mumbai FIR,40.0046,108.8127
Mumbai FIR,41.1159,108.951
Mumbai FIR,42.2271,109.0632
Mumbai FIR,43.3383,109.1495
Mumbai FIR,44.4496,109.212
Mumbai FIR,45.5608,109.2575
Mumbai FIR,46.6721,109.2889
Mumbai FIR,47.7833,109.3076
Mumbai FIR,48.8945,109.3186
Mumbai FIR,50.0058,109.3241
Mumbai FIR,51.117,109.3262
Mumbai FIR,52.2283,109.3264
Mumbai FIR,53.3395,109.3264
Mumbai FIR,54.4507,109.3264
Mumbai FIR,55.562,109.3264
Mumbai FIR,56.6732,109.3264
Mumbai FIR,57.7845,109.3264
Mumbai FIR,58.8957,109.3264
Mumbai FIR,60.0069,109.3264
Mumbai FIR,61.1182,109.3264
Mumbai FIR,62.2294,109.3264
Mumbai FIR,63.3407,109.3264
Mumbai FIR,64.4519,109.3264
Mumbai FIR,65.5631,109.3264
Mumbai FIR,66.6744,109.3264
Mumbai FIR,67.7856,109.3264
Mumbai FIR,68.8969,109.3264
Mumbai FIR,70.0081,109.3264
Mumbai FIR,71.1193,109.3264
Mumbai FIR,72.2306,109.3264
Mumbai FIR,73.3418,109.3264
Mumbai FIR,74.4531,109.3264
Mumbai FIR,75.5643,109.3264
Mumbai FIR,76.6755,109.3264
Mumbai FIR,77.7868,109.3264
Mumbai FIR,78.898,109.3264
Mumbai FIR,80.0093,109.3263
Mumbai FIR,81.1205,109.3256
Mumbai FIR,82.2317,109.3212
Mumbai FIR,83.343,109.3089
Mumbai FIR,84.4542,109.2844
Mumbai FIR,85.5655,109.2391
Mumbai FIR,86.6767,109.1683
Mumbai FIR,87.7879,109.0652
Mumbai FIR,88.8992,108.9238
Mumbai FIR,90.0104,108.727
Mumbai FIR,91.1217,108.4669
Mumbai FIR,92.2329,108.1334
Mumbai FIR,93.3441,107.7143
Mumbai FIR,94.4554,107.1936
Mumbai FIR,95.5666,106.5577
Mumbai FIR,96.6779,105.7379
Mumbai FIR,97.7891,104.6739
Mumbai FIR,98.9003,103.1399
Colombo FIR,0.0,0.4957
Colombo FIR,1.1112,19.3749
Colombo FIR,2.2225,30.3699
Colombo FIR,3.3337,38.9583
Colombo FIR,4.445,46.0678
Colombo FIR,5.5562,52.1593
Colombo FIR,6.6674,57.5502
Colombo FIR,7.7787,62.3271
Colombo FIR,8.8899,66.6418
Colombo FIR,10.0012,70.5615
Colombo FIR,11.1124,74.1291
Colombo FIR,12.2236,77.3943
Colombo FIR,13.3349,80.4041
Colombo FIR,14.4461,83.1608
Colombo FIR,15.5574,85.7111
Colombo FIR,16.6686,88.0761
Colombo FIR,17.7798,90.2367
Colombo FIR,18.8911,92.2414
Colombo FIR,20.0023,94.0889
Colombo FIR,21.1136,95.8012
Colombo FIR,22.2248,97.3716
Colombo FIR,23.336,98.8169
Colombo FIR,24.4473,100.1696
Colombo FIR,25.5585,101.4259
Colombo FIR,26.6698,102.5942
Colombo FIR,27.781,103.6774
Colombo FIR,28.8922,104.6719
Colombo FIR,30.0035,105.5925
Colombo FIR,31.1147,106.4367
Colombo FIR,32.226,107.2045
Colombo FIR,33.3372,107.9064
Colombo FIR,34.4484,108.5487
Colombo FIR,35.5597,109.1388
Colombo FIR,36.6709,109.6712
Colombo FIR,37.7822,110.1529
Colombo FIR,38.8934,110.5831
Colombo FIR,40.0046,110.9689
Colombo FIR,41.1159,111.3078
Colombo FIR,42.2271,111.6081
Colombo FIR,43.3383,111.8704
Colombo FIR,44.4496,112.0929
Colombo FIR,45.5608,112.2794
Colombo FIR,46.6721,112.4368
Colombo FIR,47.7833,112.5631
Colombo FIR,48.8945,112.6647
Colombo FIR,50.0058,112.7441
Colombo FIR,51.117,112.8041
Colombo FIR,52.2283,112.8485
Colombo FIR,53.3395,112.8786
Colombo FIR,54.4507,112.898
Colombo FIR,55.562,112.9102
Colombo FIR,56.6732,112.917
Colombo FIR,57.7845,112.92
Colombo FIR,58.8957,112.921
Colombo FIR,60.0069,112.9211
Colombo FIR,61.1182,112.9211
Colombo FIR,62.2294,112.9211
Colombo FIR,63.3407,112.9211
Colombo FIR,64.4519,112.9211
Colombo FIR,65.5631,112.9211
Colombo FIR,66.6744,112.9211
Colombo FIR,67.7856,112.9211
Colombo FIR,68.8969,112.9211
Colombo FIR,70.0081,112.9211
Colombo FIR,71.1193,112.9211
Colombo FIR,72.2306,112.9211
Colombo FIR,73.3418,112.9209
Colombo FIR,74.4531,112.9196
Colombo FIR,75.5643,112.9159
Colombo FIR,76.6755,112.9074
Colombo FIR,77.7868,112.8893
Colombo FIR,78.898,112.8593
Colombo FIR,80.0093,112.8129
Colombo FIR,81.1205,112.7473
Colombo FIR,82.2317,112.6606
Colombo FIR,83.343,112.5486
Colombo FIR,84.4542,112.4086
Colombo FIR,85.5655,112.236
Colombo FIR,86.6767,112.0243
Colombo FIR,87.7879,111.771
Colombo FIR,88.8992,111.4711
Colombo FIR,90.0104,111.1222
Colombo FIR,91.1217,110.7058
Colombo FIR,92.2329,110.205
Colombo FIR,93.3441,109.6175
Colombo FIR,94.4554,108.9013
Colombo FIR,95.5666,108.0066
Colombo FIR,96.6779,106.8873
Colombo FIR,97.7891,105.3899
Colombo FIR,98.9003,103.403
Phnom Penh FIR,0.0,0.5662
Phnom Penh FIR,1.1112,25.897
Phnom Penh FIR,2.2225,40.2628
Phnom Penh FIR,3.3337,51.1347
Phnom Penh FIR,4.445,59.8401
Phnom Penh FIR,5.5562,66.8688
Phnom Penh FIR,6.6674,72.7699
Phnom Penh FIR,7.7787,77.7456
Phnom Penh FIR,8.8899,82.1295
Phnom Penh FIR,10.0012,85.9644
Phnom Penh FIR,11.1124,89.3334
Phnom Penh FIR,12.2236,92.3123
Phnom Penh FIR,13.3349,94.944
Phnom Penh FIR,14.4461,97.1896
Phnom Penh FIR,15.5574,99.1321
Phnom Penh FIR,16.6686,100.8283
Phnom Penh FIR,17.7798,102.305
Phnom Penh FIR,18.8911,103.5606
Phnom Penh FIR,20.0023,104.6449
Phnom Penh FIR,21.1136,105.5516
Phnom Penh FIR,22.2248,106.3326
Phnom Penh FIR,23.336,107.0018
Phnom Penh FIR,24.4473,107.5661
Phnom Penh FIR,25.5585,108.0227
Phnom Penh FIR,26.6698,108.3944
Phnom Penh FIR,27.781,108.682
Phnom Penh FIR,28.8922,108.9007
Phnom Penh FIR,30.0035,109.0657
Phnom Penh FIR,31.1147,109.1855
Phnom Penh FIR,32.226,109.2697
Phnom Penh FIR,33.3372,109.3237
Phnom Penh FIR,34.4484,109.3557
Phnom Penh FIR,35.5597,109.3708
Phnom Penh FIR,36.6709,109.3767
Phnom Penh FIR,37.7822,109.3775
Phnom Penh FIR,38.8934,109.3775
Phnom Penh FIR,40.0046,109.3775
Phnom Penh FIR,41.1159,109.3775
Phnom Penh FIR,42.2271,109.3775
Phnom Penh FIR,43.3383,109.3775
Phnom Penh FIR,44.4496,109.3775
Phnom Penh FIR,45.5608,109.3775
Phnom Penh FIR,46.6721,109.3775
Phnom Penh FIR,47.7833,109.3775
Phnom Penh FIR,48.8945,109.3775
Phnom Penh FIR,50.0058,109.3775
Phnom Penh FIR,51.117,109.3775
Phnom Penh FIR,52.2283,109.3775
Phnom Penh FIR,53.3395,109.3775
Phnom Penh FIR,54.4507,109.3775
Phnom Penh FIR,55.562,109.3775
Phnom Penh FIR,56.6732,109.3775
Phnom Penh FIR,57.7845,109.3775
Phnom Penh FIR,58.8957,109.3775
Phnom Penh FIR,60.0069,109.3775
Phnom Penh FIR,61.1182,109.3775
Phnom Penh FIR,62.2294,109.3775
Phnom Penh FIR,63.3407,109.3775
Phnom Penh FIR,64.4519,109.3775
Phnom Penh FIR,65.5631,109.3775
Phnom Penh FIR,66.6744,109.3775
Phnom Penh FIR,67.7856,109.3775
Phnom Penh FIR,68.8969,109.3775
Phnom Penh FIR,70.0081,109.3775
Phnom Penh FIR,71.1193,109.3775
Phnom Penh FIR,72.2306,109.3775
Phnom Penh FIR,73.3418,109.3775
Phnom Penh FIR,74.4531,109.3775
Phnom Penh FIR,75.5643,109.3775
Phnom Penh FIR,76.6755,109.3775
Phnom Penh FIR,77.7868,109.3775
Phnom Penh FIR,78.898,109.3775
Phnom Penh FIR,80.0093,109.3775
Phnom Penh FIR,81.1205,109.3775
Phnom Penh FIR,82.2317,109.3775
Phnom Penh FIR,83.343,109.3775
Phnom Penh FIR,84.4542,109.3775
Phnom Penh FIR,85.5655,109.3775
Phnom Penh FIR,86.6767,109.3775
Phnom Penh FIR,87.7879,109.3775
Phnom Penh FIR,88.8992,109.3775
Phnom Penh FIR,90.0104,109.3775
Phnom Penh FIR,91.1217,109.3764
Phnom Penh FIR,92.2329,109.3642
Phnom Penh FIR,93.3441,109.3173
Phnom Penh FIR,94.4554,109.1819
Phnom Penh FIR,95.5666,108.9087
Phnom Penh FIR,96.6779,108.3891
Phnom Penh FIR,97.7891,107.464
Phnom Penh FIR,98.9003,105.5901
Kolkata FIR,0.0,0.7644
Kolkata FIR,1.1112,25.4802
Kolkata FIR,2.2225,39.3908
Kolkata FIR,3.3337,50.2585
Kolkata FIR,4.445,59.3206
Kolkata FIR,5.5562,67.008
Kolkata FIR,6.6674,73.5808
Kolkata FIR,7.7787,79.2473
Kolkata FIR,8.8899,84.159
Kolkata FIR,10.0012,88.5509
Kolkata FIR,11.1124,92.4779
Kolkata FIR,12.2236,96.0341
Kolkata FIR,13.3349,99.2268
Kolkata FIR,14.4461,102.0652
Kolkata FIR,15.5574,104.5868
Kolkata FIR,16.6686,106.8285
Kolkata FIR,17.7798,108.8224
Kolkata FIR,18.8911,110.6106
Kolkata FIR,20.0023,112.1615
Kolkata FIR,21.1136,113.5142
Kolkata FIR,22.2248,114.6861
Kolkata FIR,23.336,115.6809
Kolkata FIR,24.4473,116.5431
Kolkata FIR,25.5585,117.292
Kolkata FIR,26.6698,117.9225
Kolkata FIR,27.781,118.4524
Kolkata FIR,28.8922,118.8846
Kolkata FIR,30.0035,119.2405
Kolkata FIR,31.1147,119.5261
Kolkata FIR,32.226,119.7551
Kolkata FIR,33.3372,119.935
Kolkata FIR,34.4484,120.0692
Kolkata FIR,35.5597,120.1676
Kolkata FIR,36.6709,120.232
Kolkata FIR,37.7822,120.2735
Kolkata FIR,38.8934,120.2977
Kolkata FIR,40.0046,120.3113
Kolkata FIR,41.1159,120.3178
Kolkata FIR,42.2271,120.3202
Kolkata FIR,43.3383,120.3207
Kolkata FIR,44.4496,120.3207
Kolkata FIR,45.5608,120.3207
Kolkata FIR,46.6721,120.3207
Kolkata FIR,47.7833,120.3207
Kolkata FIR,48.8945,120.3207
Kolkata FIR,50.0058,120.3207
Kolkata FIR,51.117,120.3207
Kolkata FIR,52.2283,120.3207
Kolkata FIR,53.3395,120.3207
Kolkata FIR,54.4507,120.3207
Kolkata FIR,55.562,120.3207
Kolkata FIR,56.6732,120.3207
Kolkata FIR,57.7845,120.3207
Kolkata FIR,58.8957,120.3207
Kolkata FIR,60.0069,120.3207
Kolkata FIR,61.1182,120.3207
Kolkata FIR,62.2294,120.3207
Kolkata FIR,63.3407,120.3207
Kolkata FIR,64.4519,120.3207
Kolkata FIR,65.5631,120.3207
Kolkata FIR,66.6744,120.3207
Kolkata FIR,67.7856,120.3207
Kolkata FIR,68.8969,120.3207
Kolkata FIR,70.0081,120.3207
Kolkata FIR,71.1193,120.3207
Kolkata FIR,72.2306,120.3207
Kolkata FIR,73.3418,120.3207
Kolkata FIR,74.4531,120.3207
Kolkata FIR,75.5643,120.3207
Kolkata FIR,76.6755,120.3207
Kolkata FIR,77.7868,120.3207
Kolkata FIR,78.898,120.3207
Kolkata FIR,80.0093,120.3207
Kolkata FIR,81.1205,120.3206
Kolkata FIR,82.2317,120.3194
Kolkata FIR,83.343,120.3132
Kolkata FIR,84.4542,120.2952
Kolkata FIR,85.5655,120.2532
Kolkata FIR,86.6767,120.1731
Kolkata FIR,87.7879,120.0354
Kolkata FIR,88.8992,119.8258
Kolkata FIR,90.0104,119.5264
Kolkata FIR,91.1217,119.1064
Kolkata FIR,92.2329,118.5592
Kolkata FIR,93.3441,117.8452
Kolkata FIR,94.4554,116.8987
Kolkata FIR,95.5666,115.6277
Kolkata FIR,96.6779,113.879
Kolkata FIR,97.7891,111.4813
Kolkata FIR,98.9003,107.7557
Dhaka FIR,0.0,1.7173
Dhaka FIR,1.1112,41.0119
Dhaka FIR,2.2225,61.5131
Dhaka FIR,3.3337,76.4095
Dhaka FIR,4.445,87.2898
Dhaka FIR,5.5562,95.1451
Dhaka FIR,6.6674,101.1617
Dhaka FIR,7.7787,105.42
Dhaka FIR,8.8899,108.557
Dhaka FIR,10.0012,110.8508
Dhaka FIR,11.1124,112.526
Dhaka FIR,12.2236,113.7401
Dhaka FIR,13.3349,114.5263
Dhaka FIR,14.4461,115.0062
Dhaka FIR,15.5574,115.3027
Dhaka FIR,16.6686,115.4898
Dhaka FIR,17.7798,115.5979
Dhaka FIR,18.8911,115.647
Dhaka FIR,20.0023,115.6599
Dhaka FIR,21.1136,115.6607
Dhaka FIR,22.2248,115.6607
Dhaka FIR,23.336,115.6607
Dhaka FIR,24.4473,115.6607
Dhaka FIR,25.5585,115.6607
Dhaka FIR,26.6698,115.6607
Dhaka FIR,27.781,115.6607
Dhaka FIR,28.8922,115.6607
Dhaka FIR,30.0035,115.6607
Dhaka FIR,31.1147,115.6607
Dhaka FIR,32.226,115.6607
Dhaka FIR,33.3372,115.6607
Dhaka FIR,34.4484,115.6607
Dhaka FIR,35.5597,115.6607
Dhaka FIR,36.6709,115.6607
Dhaka FIR,37.7822,115.6607
Dhaka FIR,38.8934,115.6607
Dhaka FIR,40.0046,115.6607
Dhaka FIR,41.1159,115.6607
Dhaka FIR,42.2271,115.6607
Dhaka FIR,43.3383,115.6607
Dhaka FIR,44.4496,115.6607
Dhaka FIR,45.5608,115.6607
Dhaka FIR,46.6721,115.6607
Dhaka FIR,47.7833,115.6607
Dhaka FIR,48.8945,115.6607
Dhaka FIR,50.0058,115.6607
Dhaka FIR,51.117,115.6607
Dhaka FIR,52.2283,115.6607
Dhaka FIR,53.3395,115.6607
Dhaka FIR,54.4507,115.6607
Dhaka FIR,55.562,115.6607
Dhaka FIR,56.6732,115.6607
Dhaka FIR,57.7845,115.6607
Dhaka FIR,58.8957,115.6607
Dhaka FIR,60.0069,115.6607
Dhaka FIR,61.1182,115.6607
Dhaka FIR,62.2294,115.6607
Dhaka FIR,63.3407,115.6607
Dhaka FIR,64.4519,115.6607
Dhaka FIR,65.5631,115.6607
Dhaka FIR,66.6744,115.6607
Dhaka FIR,67.7856,115.6607
Dhaka FIR,68.8969,115.6607
Dhaka FIR,70.0081,115.6607
Dhaka FIR,71.1193,115.6607
Dhaka FIR,72.2306,115.6607
Dhaka FIR,73.3418,115.6607
Dhaka FIR,74.4531,115.6607
Dhaka FIR,75.5643,115.6607
Dhaka FIR,76.6755,115.6607
Dhaka FIR,77.7868,115.6607
Dhaka FIR,78.898,115.6607
Dhaka FIR,80.0093,115.6607
Dhaka FIR,81.1205,115.6607
Dhaka FIR,82.2317,115.6607
Dhaka FIR,83.343,115.6607
Dhaka FIR,84.4542,115.6607
Dhaka FIR,85.5655,115.6607
Dhaka FIR,86.6767,115.6607
Dhaka FIR,87.7879,115.6607
Dhaka FIR,88.8992,115.6607
Dhaka FIR,90.0104,115.6607
Dhaka FIR,91.1217,115.6607
Dhaka FIR,92.2329,115.6606
Dhaka FIR,93.3441,115.6518
Dhaka FIR,94.4554,115.602
Dhaka FIR,95.5666,115.4404
Dhaka FIR,96.6779,114.957
Dhaka FIR,97.7891,113.7186
Dhaka FIR,98.9003,110.9473
Hong Kong FIR,0.0,1.4356
Hong Kong FIR,1.1112,42.4717
Hong Kong FIR,2.2225,64.4942
Hong Kong FIR,3.3337,80.9627
Hong Kong FIR,4.445,94.0369
Hong Kong FIR,5.5562,104.7218
Hong Kong FIR,6.6674,113.6553
Hong Kong FIR,7.7787,121.0434
Hong Kong FIR,8.8899,127.2174
Hong Kong FIR,10.0012,132.41
Hong Kong FIR,11.1124,136.6255
Hong Kong FIR,12.2236,139.9985
Hong Kong FIR,13.3349,142.7794
Hong Kong FIR,14.4461,145.0768
Hong Kong FIR,15.5574,146.876
Hong Kong FIR,16.6686,148.2907
Hong Kong FIR,17.7798,149.4259
Hong Kong FIR,18.8911,150.3257
Hong Kong FIR,20.0023,151.0145
Hong Kong FIR,21.1136,151.5078
Hong Kong FIR,22.2248,151.8571
Hong Kong FIR,23.336,152.1035
Hong Kong FIR,24.4473,152.2638
Hong Kong FIR,25.5585,152.355
Hong Kong FIR,26.6698,152.4003
Hong Kong FIR,27.781,152.4164
Hong Kong FIR,28.8922,152.4191
Hong Kong FIR,30.0035,152.4192
Hong Kong FIR,31.1147,152.4192
Hong Kong FIR,32.226,152.4192
Hong Kong FIR,33.3372,152.4192
Hong Kong FIR,34.4484,152.4192
Hong Kong FIR,35.5597,152.4192
Hong Kong FIR,36.6709,152.4192
Hong Kong FIR,37.7822,152.4192
Hong Kong FIR,38.8934,152.4192
Hong Kong FIR,40.0046,152.4192
Hong Kong FIR,41.1159,152.4192
Hong Kong FIR,42.2271,152.4192
Hong Kong FIR,43.3383,152.4192
Hong Kong FIR,44.4496,152.4192
Hong Kong FIR,45.5608,152.4192
Hong Kong FIR,46.6721,152.4192
Hong Kong FIR,47.7833,152.4192
Hong Kong FIR,48.8945,152.4192
Hong Kong FIR,50.0058,152.4192
Hong Kong FIR,51.117,152.4192
Hong Kong FIR,52.2283,152.4192
Hong Kong FIR,53.3395,152.4192
Hong Kong FIR,54.4507,152.4192
Hong Kong FIR,55.562,152.4192
Hong Kong FIR,56.6732,152.4192
Hong Kong FIR,57.7845,152.4192
Hong Kong FIR,58.8957,152.4192
Hong Kong FIR,60.0069,152.4192
Hong Kong FIR,61.1182,152.4192
Hong Kong FIR,62.2294,152.4192
Hong Kong FIR,63.3407,152.4192
Hong Kong FIR,64.4519,152.4192
Hong Kong FIR,65.5631,152.4192
Hong Kong FIR,66.6744,152.4192
Hong Kong FIR,67.7856,152.4192
Hong Kong FIR,68.8969,152.4192
Hong Kong FIR,70.0081,152.4192
Hong Kong FIR,71.1193,152.4192
Hong Kong FIR,72.2306,152.4192
Hong Kong FIR,73.3418,152.4192
Hong Kong FIR,74.4531,152.4192
Hong Kong FIR,75.5643,152.4192
Hong Kong FIR,76.6755,152.4192
Hong Kong FIR,77.7868,152.4192
Hong Kong FIR,78.898,152.4192
Hong Kong FIR,80.0093,152.4192
Hong Kong FIR,81.1205,152.4192
Hong Kong FIR,82.2317,152.4192
Hong Kong FIR,83.343,152.4192
Hong Kong FIR,84.4542,152.4192
Hong Kong FIR,85.5655,152.4191
Hong Kong FIR,86.6767,152.4164
Hong Kong FIR,87.7879,152.3965
Hong Kong FIR,88.8992,152.3315
Hong Kong FIR,90.0104,152.1448
Hong Kong FIR,91.1217,151.7562
Hong Kong FIR,92.2329,151.0835
Hong Kong FIR,93.3441,149.9736
Hong Kong FIR,94.4554,148.2554
Hong Kong FIR,95.5666,145.5663
Hong Kong FIR,96.6779,141.3224
Hong Kong FIR,97.7891,134.91
Hong Kong FIR,98.9003,123.732
Delhi FIR,0.0,1.8705
Delhi FIR,1.1112,60.9397
Delhi FIR,2.2225,85.5595
Delhi FIR,3.3337,99.8066
Delhi FIR,4.445,109.1256
Delhi FIR,5.5562,116.0901
Delhi FIR,6.6674,121.536
Delhi FIR,7.7787,125.5618
Delhi FIR,8.8899,128.6337
Delhi FIR,10.0012,130.9709
Delhi FIR,11.1124,132.8222
Delhi FIR,12.2236,134.3126
Delhi FIR,13.3349,135.5047
Delhi FIR,14.4461,136.4656
Delhi FIR,15.5574,137.2178
Delhi FIR,16.6686,137.7907
Delhi FIR,17.7798,138.219
Delhi FIR,18.8911,138.5391
Delhi FIR,20.0023,138.7761
Delhi FIR,21.1136,138.9472
Delhi FIR,22.2248,139.0708
Delhi FIR,23.336,139.1592
Delhi FIR,24.4473,139.2169
Delhi FIR,25.5585,139.252
Delhi FIR,26.6698,139.2723
Delhi FIR,27.781,139.2832
Delhi FIR,28.8922,139.2877
Delhi FIR,30.0035,139.2888
Delhi FIR,31.1147,139.2888
Delhi FIR,32.226,139.2888
Delhi FIR,33.3372,139.2888
Delhi FIR,34.4484,139.2888
Delhi FIR,35.5597,139.2888
Delhi FIR,36.6709,139.2888
Delhi FIR,37.7822,139.2888
Delhi FIR,38.8934,139.2888
Delhi FIR,40.0046,139.2888
Delhi FIR,41.1159,139.2888
Delhi FIR,42.2271,139.2888
Delhi FIR,43.3383,139.2888
Delhi FIR,44.4496,139.2888
Delhi FIR,45.5608,139.2888
Delhi FIR,46.6721,139.2888
Delhi FIR,47.7833,139.2888
Delhi FIR,48.8945,139.2888
Delhi FIR,50.0058,139.2888
Delhi FIR,51.117,139.2888
Delhi FIR,52.2283,139.2888
Delhi FIR,53.3395,139.2888
Delhi FIR,54.4507,139.2888
Delhi FIR,55.562,139.2888
Delhi FIR,56.6732,139.2888
Delhi FIR,57.7845,139.2888
Delhi FIR,58.8957,139.2888
Delhi FIR,60.0069,139.2888
Delhi FIR,61.1182,139.2888
Delhi FIR,62.2294,139.2888
Delhi FIR,63.3407,139.2888
Delhi FIR,64.4519,139.2888
Delhi FIR,65.5631,139.2888
Delhi FIR,66.6744,139.2888
Delhi FIR,67.7856,139.2888
Delhi FIR,68.8969,139.2888
Delhi FIR,70.0081,139.2888
Delhi FIR,71.1193,139.2888
Delhi FIR,72.2306,139.2888
Delhi FIR,73.3418,139.2888
Delhi FIR,74.4531,139.2888
Delhi FIR,75.5643,139.2888
Delhi FIR,76.6755,139.2888
Delhi FIR,77.7868,139.2888
Delhi FIR,78.898,139.2888
Delhi FIR,80.0093,139.2888
Delhi FIR,81.1205,139.2888
Delhi FIR,82.2317,139.2888
Delhi FIR,83.343,139.2888
Delhi FIR,84.4542,139.2888
Delhi FIR,85.5655,139.2888
Delhi FIR,86.6767,139.2888
Delhi FIR,87.7879,139.2888
Delhi FIR,88.8992,139.2888
Delhi FIR,90.0104,139.2888
Delhi FIR,91.1217,139.2875
Delhi FIR,92.2329,139.2756
Delhi FIR,93.3441,139.2296
Delhi FIR,94.4554,139.0789
Delhi FIR,95.5666,138.6191
Delhi FIR,96.6779,137.5008
Delhi FIR,97.7891,134.4857
Delhi FIR,98.9003,125.8065
Vientiane FIR,0.0,0.6918
Vientiane FIR,1.1112,27.5399
Vientiane FIR,2.2225,41.9377
Vientiane FIR,3.3337,52.5534
Vientiane FIR,4.445,61.0944
Vientiane FIR,5.5562,68.3056
Vientiane FIR,6.6674,74.3995
Vientiane FIR,7.7787,79.6545
Vientiane FIR,8.8899,84.1659
Vientiane FIR,10.0012,88.0862
Vientiane FIR,11.1124,91.4838
Vientiane FIR,12.2236,94.4453
Vientiane FIR,13.3349,97.0888
Vientiane FIR,14.4461,99.4566
Vientiane FIR,15.5574,101.5522
Vientiane FIR,16.6686,103.4052
Vientiane FIR,17.7798,105.0511
Vientiane FIR,18.8911,106.517
Vientiane FIR,20.0023,107.7998
Vientiane FIR,21.1136,108.9293
Vientiane FIR,22.2248,109.9093
Vientiane FIR,23.336,110.7448
Vientiane FIR,24.4473,111.455
Vientiane FIR,25.5585,112.0506
Vientiane FIR,26.6698,112.5511
Vientiane FIR,27.781,112.9568
Vientiane FIR,28.8922,113.2776
Vientiane FIR,30.0035,113.5324
Vientiane FIR,31.1147,113.7253
Vientiane FIR,32.226,113.8694
Vientiane FIR,33.3372,113.9773
Vientiane FIR,34.4484,114.0533
Vientiane FIR,35.5597,114.1019
Vientiane FIR,36.6709,114.1288
Vientiane FIR,37.7822,114.1427
Vientiane FIR,38.8934,114.1476
Vientiane FIR,40.0046,114.1483
Vientiane FIR,41.1159,114.1483
Vientiane FIR,42.2271,114.1483
Vientiane FIR,43.3383,114.1483
Vientiane FIR,44.4496,114.1483
Vientiane FIR,45.5608,114.1483
Vientiane FIR,46.6721,114.1483
Vientiane FIR,47.7833,114.1483
Vientiane FIR,48.8945,114.1483
Vientiane FIR,50.0058,114.1483
Vientiane FIR,51.117,114.1483
Vientiane FIR,52.2283,114.1483
Vientiane FIR,53.3395,114.1483
Vientiane FIR,54.4507,114.1483
Vientiane FIR,55.562,114.1483
Vientiane FIR,56.6732,114.1483
Vientiane FIR,57.7845,114.1483
Vientiane FIR,58.8957,114.1483
Vientiane FIR,60.0069,114.1483
Vientiane FIR,61.1182,114.1483
Vientiane FIR,62.2294,114.1483
Vientiane FIR,63.3407,114.1483
Vientiane FIR,64.4519,114.1483
Vientiane FIR,65.5631,114.1483
Vientiane FIR,66.6744,114.1483
Vientiane FIR,67.7856,114.1483
Vientiane FIR,68.8969,114.1483
Vientiane FIR,70.0081,114.1483
Vientiane FIR,71.1193,114.1483
Vientiane FIR,72.2306,114.1483
Vientiane FIR,73.3418,114.1483
Vientiane FIR,74.4531,114.1483
Vientiane FIR,75.5643,114.1483
Vientiane FIR,76.6755,114.1483
Vientiane FIR,77.7868,114.1483
Vientiane FIR,78.898,114.1483
Vientiane FIR,80.0093,114.1483
Vientiane FIR,81.1205,114.1483
Vientiane FIR,82.2317,114.1483
Vientiane FIR,83.343,114.1483
Vientiane FIR,84.4542,114.1483
Vientiane FIR,85.5655,114.1483
Vientiane FIR,86.6767,114.1483
Vientiane FIR,87.7879,114.1483
Vientiane FIR,88.8992,114.1479
Vientiane FIR,90.0104,114.1409
Vientiane FIR,91.1217,114.106
Vientiane FIR,92.2329,113.9988
Vientiane FIR,93.3441,113.7595
Vientiane FIR,94.4554,113.3266
Vientiane FIR,95.5666,112.6288
Vientiane FIR,96.6779,111.5192
Vientiane FIR,97.7891,109.6806
Vientiane FIR,98.9003,106.7047
Kathmandu FIR,0.0,2.7888
Kathmandu FIR,1.1702,79.2532
Kathmandu FIR,2.3403,100.6664
Kathmandu FIR,3.5105,109.3838
Kathmandu FIR,4.6806,113.096
Kathmandu FIR,5.8508,114.1026
Kathmandu FIR,7.021,114.2103
Kathmandu FIR,8.1911,114.2103
Kathmandu FIR,9.3613,114.2103
Kathmandu FIR,10.5314,114.2103
Kathmandu FIR,11.7016,114.2103
Kathmandu FIR,12.8718,114.2103
Kathmandu FIR,14.0419,114.2103
Kathmandu FIR,15.2121,114.2103
Kathmandu FIR,16.3823,114.2103
Kathmandu FIR,17.5524,114.2103
Kathmandu FIR,18.7226,114.2103
Kathmandu FIR,19.8927,114.2103
Kathmandu FIR,21.0629,114.2103
Kathmandu FIR,22.2331,114.2103
Kathmandu FIR,23.4032,114.2103
Kathmandu FIR,24.5734,114.2103
Kathmandu FIR,25.7435,114.2103
Kathmandu FIR,26.9137,114.2103
Kathmandu FIR,28.0839,114.2103
Kathmandu FIR,29.254,114.2103
Kathmandu FIR,30.4242,114.2103
Kathmandu FIR,31.5943,114.2103
Kathmandu FIR,32.7645,114.2103
Kathmandu FIR,33.9347,114.2103
Kathmandu FIR,35.1048,114.2103
Kathmandu FIR,36.275,114.2103
Kathmandu FIR,37.4451,114.2103
Kathmandu FIR,38.6153,114.2103
Kathmandu FIR,39.7855,114.2103
Kathmandu FIR,40.9556,114.2103
Kathmandu FIR,42.1258,114.2103
Kathmandu FIR,43.296,114.2103
Kathmandu FIR,44.4661,114.2103
Kathmandu FIR,45.6363,114.2103
Kathmandu FIR,46.8064,114.2103
Kathmandu FIR,47.9766,114.2103
Kathmandu FIR,49.1468,114.2103
Kathmandu FIR,50.3169,114.2103
Kathmandu FIR,51.4871,114.2103
Kathmandu FIR,52.6572,114.2103
Kathmandu FIR,53.8274,114.2103
Kathmandu FIR,54.9976,114.2103
Kathmandu FIR,56.1677,114.2103
Kathmandu FIR,57.3379,114.2103
Kathmandu FIR,58.508,114.2103
Kathmandu FIR,59.6782,114.2103
Kathmandu FIR,60.8484,114.2103
Kathmandu FIR,62.0185,114.2103
Kathmandu FIR,63.1887,114.2103
Kathmandu FIR,64.3588,114.2103
Kathmandu FIR,65.529,114.2103
Kathmandu FIR,66.6992,114.2103
Kathmandu FIR,67.8693,114.2103
Kathmandu FIR,69.0395,114.2103
Kathmandu FIR,70.2097,114.2103
Kathmandu FIR,71.3798,114.2103
Kathmandu FIR,72.55,114.2103
Kathmandu FIR,73.7201,114.2103
Kathmandu FIR,74.8903,114.2103
Kathmandu FIR,76.0605,114.2103
Kathmandu FIR,77.2306,114.2103
Kathmandu FIR,78.4008,114.2103
Kathmandu FIR,79.5709,114.2103
Kathmandu FIR,80.7411,114.2103
Kathmandu FIR,81.9113,114.2103
Kathmandu FIR,83.0814,114.2103
Kathmandu FIR,84.2516,114.2103
Kathmandu FIR,85.4217,114.2103
Kathmandu FIR,86.5919,114.2103
Kathmandu FIR,87.7621,114.2103
Kathmandu FIR,88.9322,114.2103
Kathmandu FIR,90.1024,114.2103
Kathmandu FIR,91.2725,114.2103
Kathmandu FIR,92.4427,114.2103
Kathmandu FIR,93.6129,114.2103
Kathmandu FIR,94.783,114.2103
Kathmandu FIR,95.9532,114.2103
Kathmandu FIR,97.1234,114.2103
Kathmandu FIR,98.2935,114.1651
Kathmandu FIR,99.4637,111.7597
Chennai FIR,0.0,0.3632
Chennai FIR,1.1112,12.2364
Chennai FIR,2.2225,20.4821
Chennai FIR,3.3337,27.5799
Chennai FIR,4.445,33.9352
Chennai FIR,5.5562,39.7311
Chennai FIR,6.6674,45.0822
Chennai FIR,7.7787,50.0526
Chennai FIR,8.8899,54.7108
Chennai FIR,10.0012,59.0778
Chennai FIR,11.1124,63.1702
Chennai FIR,12.2236,67.0245
Chennai FIR,13.3349,70.6379
Chennai FIR,14.4461,74.0118
Chennai FIR,15.5574,77.1816
Chennai FIR,16.6686,80.1506
Chennai FIR,17.7798,82.9024
Chennai FIR,18.8911,85.4694
Chennai FIR,20.0023,87.8671
Chennai FIR,21.1136,90.1035
Chennai FIR,22.2248,92.1913
Chennai FIR,23.336,94.1114
Chennai FIR,24.4473,95.9058
Chennai FIR,25.5585,97.5735
Chennai FIR,26.6698,99.1226
Chennai FIR,27.781,100.5658
Chennai FIR,28.8922,101.8931
Chennai FIR,30.0035,103.1106
Chennai FIR,31.1147,104.2377
Chennai FIR,32.226,105.2751
Chennai FIR,33.3372,106.2279
Chennai FIR,34.4484,107.0967
Chennai FIR,35.5597,107.8944
Chennai FIR,36.6709,108.6271
Chennai FIR,37.7822,109.289
Chennai FIR,38.8934,109.8852
Chennai FIR,40.0046,110.4169
Chennai FIR,41.1159,110.896
Chennai FIR,42.2271,111.3223
Chennai FIR,43.3383,111.7046
Chennai FIR,44.4496,112.0437
Chennai FIR,45.5608,112.3435
Chennai FIR,46.6721,112.6021
Chennai FIR,47.7833,112.8237
Chennai FIR,48.8945,113.014
Chennai FIR,50.0058,113.1756
Chennai FIR,51.117,113.3093
Chennai FIR,52.2283,113.4148
Chennai FIR,53.3395,113.496
Chennai FIR,54.4507,113.5595
Chennai FIR,55.562,113.6073
Chennai FIR,56.6732,113.6431
Chennai FIR,57.7845,113.6676
Chennai FIR,58.8957,113.6834
Chennai FIR,60.0069,113.6929
Chennai FIR,61.1182,113.6972
Chennai FIR,62.2294,113.6987
Chennai FIR,63.3407,113.699
Chennai FIR,64.4519,113.699
Chennai FIR,65.5631,113.699
Chennai FIR,66.6744,113.699
Chennai FIR,67.7856,113.699
Chennai FIR,68.8969,113.699
Chennai FIR,70.0081,113.699
Chennai FIR,71.1193,113.699
Chennai FIR,72.2306,113.699
Chennai FIR,73.3418,113.699
Chennai FIR,74.4531,113.6989
Chennai FIR,75.5643,113.6983
Chennai FIR,76.6755,113.6945
Chennai FIR,77.7868,113.683
Chennai FIR,78.898,113.6606
Chennai FIR,80.0093,113.624
Chennai FIR,81.1205,113.5684
Chennai FIR,82.2317,113.486
Chennai FIR,83.343,113.3701
Chennai FIR,84.4542,113.2209
Chennai FIR,85.5655,113.0312
Chennai FIR,86.6767,112.7948
Chennai FIR,87.7879,112.5115
Chennai FIR,88.8992,112.1743
Chennai FIR,90.0104,111.7759
Chennai FIR,91.1217,111.3
Chennai FIR,92.2329,110.72
Chennai FIR,93.3441,110.0243
Chennai FIR,94.4554,109.2034
Chennai FIR,95.5666,108.2153
Chennai FIR,96.6779,107.0219
Chennai FIR,97.7891,105.485
Chennai FIR,98.9003,103.4198
Male FIR,0.0,0.9943
Male FIR,1.1139,40.6951
Male FIR,2.2279,61.5289
Male FIR,3.3418,76.4265
Male FIR,4.4558,88.0215
Male FIR,5.5697,97.4707
Male FIR,6.6837,105.1682
Male FIR,7.7976,111.6859
Male FIR,8.9116,117.2167
Male FIR,10.0255,121.9125
Male FIR,11.1395,125.8781
Male FIR,12.2534,129.1943
Male FIR,13.3674,131.964
Male FIR,14.4813,134.2717
Male FIR,15.5953,136.1463
Male FIR,16.7092,137.6572
Male FIR,17.8232,138.8221
Male FIR,18.9371,139.7353
Male FIR,20.0511,140.4482
Male FIR,21.165,140.9994
Male FIR,22.279,141.4082
Male FIR,23.3929,141.699
Male FIR,24.5068,141.8958
Male FIR,25.6208,142.0143
Male FIR,26.7347,142.0823
Male FIR,27.8487,142.1174
Male FIR,28.9626,142.1305
Male FIR,30.0766,142.1323
Male FIR,31.1905,142.1323
Male FIR,32.3045,142.1323
Male FIR,33.4184,142.1323
Male FIR,34.5324,142.1323
Male FIR,35.6463,142.1323
Male FIR,36.7603,142.1323
Male FIR,37.8742,142.1323
Male FIR,38.9882,142.1323
Male FIR,40.1021,142.1323
Male FIR,41.2161,142.1323
Male FIR,42.33,142.1323
Male FIR,43.444,142.1323
Male FIR,44.5579,142.1323
Male FIR,45.6718,142.1323
Male FIR,46.7858,142.1323
Male FIR,47.8997,142.1323
Male FIR,49.0137,142.1323
Male FIR,50.1276,142.1323
Male FIR,51.2416,142.1323
Male FIR,52.3555,142.1323
Male FIR,53.4695,142.1323
Male FIR,54.5834,142.1323
Male FIR,55.6974,142.1323
Male FIR,56.8113,142.1323
Male FIR,57.9253,142.1323
Male FIR,59.0392,142.1323
Male FIR,60.1532,142.1323
Male FIR,61.2671,142.1323
Male FIR,62.3811,142.1323
Male FIR,63.495,142.1323
Male FIR,64.609,142.1323
Male FIR,65.7229,142.1323
Male FIR,66.8369,142.1323
Male FIR,67.9508,142.1323
Male FIR,69.0647,142.1323
Male FIR,70.1787,142.1323
Male FIR,71.2926,142.1323
Male FIR,72.4066,142.1323
Male FIR,73.5205,142.1323
Male FIR,74.6345,142.1323
Male FIR,75.7484,142.1323
Male FIR,76.8624,142.1323
Male FIR,77.9763,142.1323
Male FIR,79.0903,142.1323
Male FIR,80.2042,142.1323
Male FIR,81.3182,142.1323
Male FIR,82.4321,142.1323
Male FIR,83.5461,142.1306
Male FIR,84.66,142.1121
Male FIR,85.774,142.052
Male FIR,86.8879,141.892
Male FIR,88.0019,141.6039
Male FIR,89.1158,141.1317
Male FIR,90.2298,140.4131
Male FIR,91.3437,139.3798
Male FIR,92.4576,138.0032
Male FIR,93.5716,136.1743
Male FIR,94.6855,133.7785
Male FIR,95.7995,130.6491
Male FIR,96.9134,126.4246
Male FIR,98.0274,120.6034
Male FIR,99.1413,112.1955
Bangkok FIR,0.0,0.2888
Bangkok FIR,1.1112,14.4792
Bangkok FIR,2.2225,24.0579
Bangkok FIR,3.3337,31.9032
Bangkok FIR,4.445,38.6813
Bangkok FIR,5.5562,44.6851
Bangkok FIR,6.6674,50.0659
Bangkok FIR,7.7787,54.9922
Bangkok FIR,8.8899,59.56
Bangkok FIR,10.0012,63.7976
Bangkok FIR,11.1124,67.7377
Bangkok FIR,12.2236,71.4146
Bangkok FIR,13.3349,74.8362
Bangkok FIR,14.4461,78.0235
Bangkok FIR,15.5574,80.9854
Bangkok FIR,16.6686,83.7573
Bangkok FIR,17.7798,86.3766
Bangkok FIR,18.8911,88.857
Bangkok FIR,20.0023,91.2064
Bangkok FIR,21.1136,93.4006
Bangkok FIR,22.2248,95.4477
Bangkok FIR,23.336,97.3649
Bangkok FIR,24.4473,99.1424
Bangkok FIR,25.5585,100.7965
Bangkok FIR,26.6698,102.347
Bangkok FIR,27.781,103.7778
Bangkok FIR,28.8922,105.0977
Bangkok FIR,30.0035,106.3121
Bangkok FIR,31.1147,107.4304
Bangkok FIR,32.226,108.4524
Bangkok FIR,33.3372,109.3828
Bangkok FIR,34.4484,110.2361
Bangkok FIR,35.5597,111.0179
Bangkok FIR,36.6709,111.7252
Bangkok FIR,37.7822,112.3649
Bangkok FIR,38.8934,112.9435
Bangkok FIR,40.0046,113.4609
Bangkok FIR,41.1159,113.9204
Bangkok FIR,42.2271,114.3261
Bangkok FIR,43.3383,114.6787
Bangkok FIR,44.4496,114.9857
Bangkok FIR,45.5608,115.2516
Bangkok FIR,46.6721,115.4757
Bangkok FIR,47.7833,115.6608
Bangkok FIR,48.8945,115.8095
Bangkok FIR,50.0058,115.926
Bangkok FIR,51.117,116.0166
Bangkok FIR,52.2283,116.0831
Bangkok FIR,53.3395,116.1289
Bangkok FIR,54.4507,116.1611
Bangkok FIR,55.562,116.1813
Bangkok FIR,56.6732,116.1922
Bangkok FIR,57.7845,116.1963
Bangkok FIR,58.8957,116.197
Bangkok FIR,60.0069,116.197
Bangkok FIR,61.1182,116.197
Bangkok FIR,62.2294,116.197
Bangkok FIR,63.3407,116.197
Bangkok FIR,64.4519,116.197
Bangkok FIR,65.5631,116.197
Bangkok FIR,66.6744,116.197
Bangkok FIR,67.7856,116.197
Bangkok FIR,68.8969,116.197
Bangkok FIR,70.0081,116.197
Bangkok FIR,71.1193,116.197
Bangkok FIR,72.2306,116.197
Bangkok FIR,73.3418,116.197
Bangkok FIR,74.4531,116.197
Bangkok FIR,75.5643,116.197
Bangkok FIR,76.6755,116.1964
Bangkok FIR,77.7868,116.1906
Bangkok FIR,78.898,116.1714
Bangkok FIR,80.0093,116.1318
Bangkok FIR,81.1205,116.0671
Bangkok FIR,82.2317,115.972
Bangkok FIR,83.343,115.8339
Bangkok FIR,84.4542,115.6539
Bangkok FIR,85.5655,115.4223
Bangkok FIR,86.6767,115.1374
Bangkok FIR,87.7879,114.7923
Bangkok FIR,88.8992,114.3839
Bangkok FIR,90.0104,113.8911
Bangkok FIR,91.1217,113.308
Bangkok FIR,92.2329,112.6162
Bangkok FIR,93.3441,111.7772
Bangkok FIR,94.4554,110.7798
Bangkok FIR,95.5666,109.5903
Bangkok FIR,96.6779,108.1311
Bangkok FIR,97.7891,106.3094
Bangkok FIR,98.9003,103.9151
Ho Chi Minh FIR,0.0,0.2988
Ho Chi Minh FIR,1.1112,15.0556
Ho Chi Minh FIR,2.2225,25.0566
Ho Chi Minh FIR,3.3337,33.2541
Ho Chi Minh FIR,4.445,40.4387
Ho Chi Minh FIR,5.5562,46.8601
Ho Chi Minh FIR,6.6674,52.6733
Ho Chi Minh FIR,7.7787,57.9963
Ho Chi Minh FIR,8.8899,62.8416
Ho Chi Minh FIR,10.0012,67.2622
Ho Chi Minh FIR,11.1124,71.3637
Ho Chi Minh FIR,12.2236,75.1733
Ho Chi Minh FIR,13.3349,78.7131
Ho Chi Minh FIR,14.4461,82.0316
Ho Chi Minh FIR,15.5574,85.1262
Ho Chi Minh FIR,16.6686,87.9548
Ho Chi Minh FIR,17.7798,90.5712
Ho Chi Minh FIR,18.8911,93.0129
Ho Chi Minh FIR,20.0023,95.2524
Ho Chi Minh FIR,21.1136,97.3296
Ho Chi Minh FIR,22.2248,99.2398
Ho Chi Minh FIR,23.336,101.019
Ho Chi Minh FIR,24.4473,102.658
Ho Chi Minh FIR,25.5585,104.1594
Ho Chi Minh FIR,26.6698,105.5502
Ho Chi Minh FIR,27.781,106.8321
Ho Chi Minh FIR,28.8922,107.9947
Ho Chi Minh FIR,30.0035,109.0617
Ho Chi Minh FIR,31.1147,110.0512
Ho Chi Minh FIR,32.226,110.9689
Ho Chi Minh FIR,33.3372,111.811
Ho Chi Minh FIR,34.4484,112.5813
Ho Chi Minh FIR,35.5597,113.2807
Ho Chi Minh FIR,36.6709,113.902
Ho Chi Minh FIR,37.7822,114.4602
Ho Chi Minh FIR,38.8934,114.9531
Ho Chi Minh FIR,40.0046,115.3927
Ho Chi Minh FIR,41.1159,115.7813
Ho Chi Minh FIR,42.2271,116.126
Ho Chi Minh FIR,43.3383,116.4286
Ho Chi Minh FIR,44.4496,116.6958
Ho Chi Minh FIR,45.5608,116.9231
Ho Chi Minh FIR,46.6721,117.1141
Ho Chi Minh FIR,47.7833,117.2743
Ho Chi Minh FIR,48.8945,117.4045
Ho Chi Minh FIR,50.0058,117.5075
Ho Chi Minh FIR,51.117,117.5885
Ho Chi Minh FIR,52.2283,117.6491
Ho Chi Minh FIR,53.3395,117.6905
Ho Chi Minh FIR,54.4507,117.7187
Ho Chi Minh FIR,55.562,117.7361
Ho Chi Minh FIR,56.6732,117.7458
Ho Chi Minh FIR,57.7845,117.7498
Ho Chi Minh FIR,58.8957,117.7509
Ho Chi Minh FIR,60.0069,117.751
Ho Chi Minh FIR,61.1182,117.751
Ho Chi Minh FIR,62.2294,117.751
Ho Chi Minh FIR,63.3407,117.751
Ho Chi Minh FIR,64.4519,117.751
Ho Chi Minh FIR,65.5631,117.751
Ho Chi Minh FIR,66.6744,117.751
Ho Chi Minh FIR,67.7856,117.751
Ho Chi Minh FIR,68.8969,117.751
Ho Chi Minh FIR,70.0081,117.751
Ho Chi Minh FIR,71.1193,117.751
Ho Chi Minh FIR,72.2306,117.751
Ho Chi Minh FIR,73.3418,117.751
Ho Chi Minh FIR,74.4531,117.751
Ho Chi Minh FIR,75.5643,117.7509
Ho Chi Minh FIR,76.6755,117.7499
Ho Chi Minh FIR,77.7868,117.7461
Ho Chi Minh FIR,78.898,117.7358
Ho Chi Minh FIR,80.0093,117.7143
Ho Chi Minh FIR,81.1205,117.6773
Ho Chi Minh FIR,82.2317,117.619
Ho Chi Minh FIR,83.343,117.5313
Ho Chi Minh FIR,84.4542,117.4121
Ho Chi Minh FIR,85.5655,117.2525
Ho Chi Minh FIR,86.6767,117.0396
Ho Chi Minh FIR,87.7879,116.7669
Ho Chi Minh FIR,88.8992,116.4162
Ho Chi Minh FIR,90.0104,115.9808
Ho Chi Minh FIR,91.1217,115.4338
Ho Chi Minh FIR,92.2329,114.7657
Ho Chi Minh FIR,93.3441,113.952
Ho Chi Minh FIR,94.4554,112.9268
Ho Chi Minh FIR,95.5666,111.6062
Ho Chi Minh FIR,96.6779,109.9603
Ho Chi Minh FIR,97.7891,107.862
Ho Chi Minh FIR,98.9003,105.0131
Hanoi FIR,0.0,1.2214
Hanoi FIR,1.1112,43.755
Hanoi FIR,2.2225,63.6982
Hanoi FIR,3.3337,77.9824
Hanoi FIR,4.445,89.0404
Hanoi FIR,5.5562,97.8347
Hanoi FIR,6.6674,104.9777
Hanoi FIR,7.7787,110.8765
Hanoi FIR,8.8899,115.7131
Hanoi FIR,10.0012,119.4889
Hanoi FIR,11.1124,122.4727
Hanoi FIR,12.2236,125.018
Hanoi FIR,13.3349,127.062
Hanoi FIR,14.4461,128.6604
Hanoi FIR,15.5574,129.96
Hanoi FIR,16.6686,130.9378
Hanoi FIR,17.7798,131.6626
Hanoi FIR,18.8911,132.1912
Hanoi FIR,20.0023,132.5697
Hanoi FIR,21.1136,132.832
Hanoi FIR,22.2248,132.9948
Hanoi FIR,23.336,133.0907
Hanoi FIR,24.4473,133.1405
Hanoi FIR,25.5585,133.1574
Hanoi FIR,26.6698,133.1608
Hanoi FIR,27.781,133.161
Hanoi FIR,28.8922,133.161
Hanoi FIR,30.0035,133.161
Hanoi FIR,31.1147,133.161
Hanoi FIR,32.226,133.161
Hanoi FIR,33.3372,133.161
Hanoi FIR,34.4484,133.161
Hanoi FIR,35.5597,133.161
Hanoi FIR,36.6709,133.161
Hanoi FIR,37.7822,133.161
Hanoi FIR,38.8934,133.161
Hanoi FIR,40.0046,133.161
Hanoi FIR,41.1159,133.161
Hanoi FIR,42.2271,133.161
Hanoi FIR,43.3383,133.161
Hanoi FIR,44.4496,133.161
Hanoi FIR,45.5608,133.161
Hanoi FIR,46.6721,133.161
Hanoi FIR,47.7833,133.161
Hanoi FIR,48.8945,133.161
Hanoi FIR,50.0058,133.161
Hanoi FIR,51.117,133.161
Hanoi FIR,52.2283,133.161
Hanoi FIR,53.3395,133.161
Hanoi FIR,54.4507,133.161
Hanoi FIR,55.562,133.161
Hanoi FIR,56.6732,133.161
Hanoi FIR,57.7845,133.161
Hanoi FIR,58.8957,133.161
Hanoi FIR,60.0069,133.161
Hanoi FIR,61.1182,133.161
Hanoi FIR,62.2294,133.161
Hanoi FIR,63.3407,133.161
Hanoi FIR,64.4519,133.161
Hanoi FIR,65.5631,133.161
Hanoi FIR,66.6744,133.161
Hanoi FIR,67.7856,133.161
Hanoi FIR,68.8969,133.161
Hanoi FIR,70.0081,133.161
Hanoi FIR,71.1193,133.161
Hanoi FIR,72.2306,133.161
Hanoi FIR,73.3418,133.161
Hanoi FIR,74.4531,133.161
Hanoi FIR,75.5643,133.161
Hanoi FIR,76.6755,133.161
Hanoi FIR,77.7868,133.161
Hanoi FIR,78.898,133.161
Hanoi FIR,80.0093,133.161
Hanoi FIR,81.1205,133.161
Hanoi FIR,82.2317,133.161
Hanoi FIR,83.343,133.161
Hanoi FIR,84.4542,133.161
Hanoi FIR,85.5655,133.161
Hanoi FIR,86.6767,133.161
Hanoi FIR,87.7879,133.161
Hanoi FIR,88.8992,133.1603
Hanoi FIR,90.0104,133.1393
Hanoi FIR,91.1217,133.031
Hanoi FIR,92.2329,132.7624
Hanoi FIR,93.3441,132.2199
Hanoi FIR,94.4554,131.2686
Hanoi FIR,95.5666,129.6801
Hanoi FIR,96.6779,127.1788
Hanoi FIR,97.7891,123.1712
Hanoi FIR,98.9003,116.3438
Yangon FIR,0.0,0.3835
Yangon FIR,1.1112,18.0373
Yangon FIR,2.2225,29.2421
Yangon FIR,3.3337,38.2137
Yangon FIR,4.445,45.9267
Yangon FIR,5.5562,52.7313
Yangon FIR,6.6674,58.7892
Yangon FIR,7.7787,64.2352
Yangon FIR,8.8899,69.1589
Yangon FIR,10.0012,73.6715
Yangon FIR,11.1124,77.7981
Yangon FIR,12.2236,81.5871
Yangon FIR,13.3349,85.0171
Yangon FIR,14.4461,88.1345
Yangon FIR,15.5574,90.9725
Yangon FIR,16.6686,93.5594
Yangon FIR,17.7798,95.9257
Yangon FIR,18.8911,98.113
Yangon FIR,20.0023,100.1252
Yangon FIR,21.1136,101.9459
Yangon FIR,22.2248,103.575
Yangon FIR,23.336,105.0598
Yangon FIR,24.4473,106.4076
Yangon FIR,25.5585,107.6244
Yangon FIR,26.6698,108.7029
Yangon FIR,27.781,109.6457
Yangon FIR,28.8922,110.4832
Yangon FIR,30.0035,111.2366
Yangon FIR,31.1147,111.9008
Yangon FIR,32.226,112.477
Yangon FIR,33.3372,112.971
Yangon FIR,34.4484,113.394
Yangon FIR,35.5597,113.7506
Yangon FIR,36.6709,114.044
Yangon FIR,37.7822,114.2939
Yangon FIR,38.8934,114.4972
Yangon FIR,40.0046,114.6553
Yangon FIR,41.1159,114.7744
Yangon FIR,42.2271,114.862
Yangon FIR,43.3383,114.9246
Yangon FIR,44.4496,114.9654
Yangon FIR,45.5608,114.9899
Yangon FIR,46.6721,115.0043
Yangon FIR,47.7833,115.0104
Yangon FIR,48.8945,115.0121
Yangon FIR,50.0058,115.0122
Yangon FIR,51.117,115.0122
Yangon FIR,52.2283,115.0122
Yangon FIR,53.3395,115.0122
Yangon FIR,54.4507,115.0122
Yangon FIR,55.562,115.0122
Yangon FIR,56.6732,115.0122
Yangon FIR,57.7845,115.0122
Yangon FIR,58.8957,115.0122
Yangon FIR,60.0069,115.0122
Yangon FIR,61.1182,115.0122
Yangon FIR,62.2294,115.0122
Yangon FIR,63.3407,115.0122
Yangon FIR,64.4519,115.0122
Yangon FIR,65.5631,115.0122
Yangon FIR,66.6744,115.0122
Yangon FIR,67.7856,115.0122
Yangon FIR,68.8969,115.0122
Yangon FIR,70.0081,115.0122
Yangon FIR,71.1193,115.0122
Yangon FIR,72.2306,115.0122
Yangon FIR,73.3418,115.0122
Yangon FIR,74.4531,115.0122
Yangon FIR,75.5643,115.0122
Yangon FIR,76.6755,115.0122
Yangon FIR,77.7868,115.0122
Yangon FIR,78.898,115.0122
Yangon FIR,80.0093,115.0122
Yangon FIR,81.1205,115.0111
Yangon FIR,82.2317,115.0048
Yangon FIR,83.343,114.9856
Yangon FIR,84.4542,114.9432
Yangon FIR,85.5655,114.8638
Yangon FIR,86.6767,114.7394
Yangon FIR,87.7879,114.5573
Yangon FIR,88.8992,114.3098
Yangon FIR,90.0104,113.9768
Yangon FIR,91.1217,113.5437
Yangon FIR,92.2329,112.9899
Yangon FIR,93.3441,112.3024
Yangon FIR,94.4554,111.4507
Yangon FIR,95.5666,110.4089
Yangon FIR,96.6779,109.0802
Yangon FIR,97.7891,107.3701
Yangon FIR,98.9003,105.0333
U-Jung Pandang FIR,0.0,0.2126
U-Jung Pandang FIR,1.1112,11.2414
U-Jung Pandang FIR,2.2225,19.7285
U-Jung Pandang FIR,3.3337,27.0487
U-Jung Pandang FIR,4.445,33.66
U-Jung Pandang FIR,5.5562,39.6892
U-Jung Pandang FIR,6.6674,45.2886
U-Jung Pandang FIR,7.7787,50.4905
U-Jung Pandang FIR,8.8899,55.3654
U-Jung Pandang FIR,10.0012,59.9216
U-Jung Pandang FIR,11.1124,64.156
U-Jung Pandang FIR,12.2236,68.1242
U-Jung Pandang FIR,13.3349,71.8302
U-Jung Pandang FIR,14.4461,75.3055
U-Jung Pandang FIR,15.5574,78.5809
U-Jung Pandang FIR,16.6686,81.6632
U-Jung Pandang FIR,17.7798,84.5703
U-Jung Pandang FIR,18.8911,87.3201
U-Jung Pandang FIR,20.0023,89.8911
U-Jung Pandang FIR,21.1136,92.3037
U-Jung Pandang FIR,22.2248,94.5846
U-Jung Pandang FIR,23.336,96.7285
U-Jung Pandang FIR,24.4473,98.7513
U-Jung Pandang FIR,25.5585,100.6679
U-Jung Pandang FIR,26.6698,102.4714
U-Jung Pandang FIR,27.781,104.1528
U-Jung Pandang FIR,28.8922,105.7089
U-Jung Pandang FIR,30.0035,107.1631
U-Jung Pandang FIR,31.1147,108.5106
U-Jung Pandang FIR,32.226,109.7597
U-Jung Pandang FIR,33.3372,110.9254
U-Jung Pandang FIR,34.4484,112.0023
U-Jung Pandang FIR,35.5597,112.9979
U-Jung Pandang FIR,36.6709,113.9223
U-Jung Pandang FIR,37.7822,114.7682
U-Jung Pandang FIR,38.8934,115.5447
U-Jung Pandang FIR,40.0046,116.2676
U-Jung Pandang FIR,41.1159,116.9202
U-Jung Pandang FIR,42.2271,117.5102
U-Jung Pandang FIR,43.3383,118.0434
U-Jung Pandang FIR,44.4496,118.5269
U-Jung Pandang FIR,45.5608,118.9585
U-Jung Pandang FIR,46.6721,119.3488
U-Jung Pandang FIR,47.7833,119.6975
U-Jung Pandang FIR,48.8945,120.0027
U-Jung Pandang FIR,50.0058,120.2694
U-Jung Pandang FIR,51.117,120.5021
U-Jung Pandang FIR,52.2283,120.7028
U-Jung Pandang FIR,53.3395,120.8755
U-Jung Pandang FIR,54.4507,121.0205
U-Jung Pandang FIR,55.562,121.1421
U-Jung Pandang FIR,56.6732,121.245
U-Jung Pandang FIR,57.7845,121.33
U-Jung Pandang FIR,58.8957,121.3965
U-Jung Pandang FIR,60.0069,121.446
U-Jung Pandang FIR,61.1182,121.4816
U-Jung Pandang FIR,62.2294,121.5062
U-Jung Pandang FIR,63.3407,121.5223
U-Jung Pandang FIR,64.4519,121.5303
U-Jung Pandang FIR,65.5631,121.5328
U-Jung Pandang FIR,66.6744,121.533
U-Jung Pandang FIR,67.7856,121.533
U-Jung Pandang FIR,68.8969,121.533
U-Jung Pandang FIR,70.0081,121.533
U-Jung Pandang FIR,71.1193,121.5329
U-Jung Pandang FIR,72.2306,121.5308
U-Jung Pandang FIR,73.3418,121.5196
U-Jung Pandang FIR,74.4531,121.4967
U-Jung Pandang FIR,75.5643,121.4577
U-Jung Pandang FIR,76.6755,121.4004
U-Jung Pandang FIR,77.7868,121.3222
U-Jung Pandang FIR,78.898,121.2198
U-Jung Pandang FIR,80.0093,121.0935
U-Jung Pandang FIR,81.1205,120.9331
U-Jung Pandang FIR,82.2317,120.733
U-Jung Pandang FIR,83.343,120.4905
U-Jung Pandang FIR,84.4542,120.2
U-Jung Pandang FIR,85.5655,119.8511
U-Jung Pandang FIR,86.6767,119.4377
U-Jung Pandang FIR,87.7879,118.9395
U-Jung Pandang FIR,88.8992,118.3491
U-Jung Pandang FIR,90.0104,117.6615
U-Jung Pandang FIR,91.1217,116.8675
U-Jung Pandang FIR,92.2329,115.9368
U-Jung Pandang FIR,93.3441,114.8337
U-Jung Pandang FIR,94.4554,113.5253
U-Jung Pandang FIR,95.5666,112.0025
U-Jung Pandang FIR,96.6779,110.1359
U-Jung Pandang FIR,97.7891,107.8327
U-Jung Pandang FIR,98.9003,104.7832
Kota Kinabalu FIR,0.0,0.4966
Kota Kinabalu FIR,1.1112,19.9822
Kota Kinabalu FIR,2.2225,31.8607
Kota Kinabalu FIR,3.3337,41.3838
Kota Kinabalu FIR,4.445,49.5365
Kota Kinabalu FIR,5.5562,56.798
Kota Kinabalu FIR,6.6674,63.2268
Kota Kinabalu FIR,7.7787,68.9617
Kota Kinabalu FIR,8.8899,74.1524
Kota Kinabalu FIR,10.0012,78.8991
Kota Kinabalu FIR,11.1124,83.2524
Kota Kinabalu FIR,12.2236,87.2242
Kota Kinabalu FIR,13.3349,90.8722
Kota Kinabalu FIR,14.4461,94.2446
Kota Kinabalu FIR,15.5574,97.3263
Kota Kinabalu FIR,16.6686,100.194
Kota Kinabalu FIR,17.7798,102.8415
Kota Kinabalu FIR,18.8911,105.2761
Kota Kinabalu FIR,20.0023,107.5277
Kota Kinabalu FIR,21.1136,109.6286
Kota Kinabalu FIR,22.2248,111.5856
Kota Kinabalu FIR,23.336,113.3999
Kota Kinabalu FIR,24.4473,115.0886
Kota Kinabalu FIR,25.5585,116.6542
Kota Kinabalu FIR,26.6698,118.1244
Kota Kinabalu FIR,27.781,119.4668
Kota Kinabalu FIR,28.8922,120.7121
Kota Kinabalu FIR,30.0035,121.8703
Kota Kinabalu FIR,31.1147,122.9255
Kota Kinabalu FIR,32.226,123.8924
Kota Kinabalu FIR,33.3372,124.7714
Kota Kinabalu FIR,34.4484,125.5653
Kota Kinabalu FIR,35.5597,126.2763
Kota Kinabalu FIR,36.6709,126.9084
Kota Kinabalu FIR,37.7822,127.4796
Kota Kinabalu FIR,38.8934,127.9915
Kota Kinabalu FIR,40.0046,128.4355
Kota Kinabalu FIR,41.1159,128.8176
Kota Kinabalu FIR,42.2271,129.1527
Kota Kinabalu FIR,43.3383,129.4468
Kota Kinabalu FIR,44.4496,129.6938
Kota Kinabalu FIR,45.5608,129.9049
Kota Kinabalu FIR,46.6721,130.0725
Kota Kinabalu FIR,47.7833,130.2035
Kota Kinabalu FIR,48.8945,130.3024
Kota Kinabalu FIR,50.0058,130.3744
Kota Kinabalu FIR,51.117,130.4226
Kota Kinabalu FIR,52.2283,130.4536
Kota Kinabalu FIR,53.3395,130.471
Kota Kinabalu FIR,54.4507,130.4793
Kota Kinabalu FIR,55.562,130.4816
Kota Kinabalu FIR,56.6732,130.4818
Kota Kinabalu FIR,57.7845,130.4818
Kota Kinabalu FIR,58.8957,130.4818
Kota Kinabalu FIR,60.0069,130.4818
Kota Kinabalu FIR,61.1182,130.4818
Kota Kinabalu FIR,62.2294,130.4818
Kota Kinabalu FIR,63.3407,130.4818
Kota Kinabalu FIR,64.4519,130.4818
Kota Kinabalu FIR,65.5631,130.4818
Kota Kinabalu FIR,66.6744,130.4818
Kota Kinabalu FIR,67.7856,130.4818
Kota Kinabalu FIR,68.8969,130.4818
Kota Kinabalu FIR,70.0081,130.4818
Kota Kinabalu FIR,71.1193,130.4816
Kota Kinabalu FIR,72.2306,130.4799
Kota Kinabalu FIR,73.3418,130.4729
Kota Kinabalu FIR,74.4531,130.4553
Kota Kinabalu FIR,75.5643,130.4183
Kota Kinabalu FIR,76.6755,130.3568
Kota Kinabalu FIR,77.7868,130.2617
Kota Kinabalu FIR,78.898,130.1286
Kota Kinabalu FIR,80.0093,129.9518
Kota Kinabalu FIR,81.1205,129.7197
Kota Kinabalu FIR,82.2317,129.4306
Kota Kinabalu FIR,83.343,129.0855
Kota Kinabalu FIR,84.4542,128.675
Kota Kinabalu FIR,85.5655,128.1783
Kota Kinabalu FIR,86.6767,127.5729
Kota Kinabalu FIR,87.7879,126.8645
Kota Kinabalu FIR,88.8992,126.0374
Kota Kinabalu FIR,90.0104,125.0676
Kota Kinabalu FIR,91.1217,123.9103
Kota Kinabalu FIR,92.2329,122.5607
Kota Kinabalu FIR,93.3441,121.0095
Kota Kinabalu FIR,94.4554,119.196
Kota Kinabalu FIR,95.5666,117.0728
Kota Kinabalu FIR,96.6779,114.5176
Kota Kinabalu FIR,97.7891,111.2652
Kota Kinabalu FIR,98.9003,106.9531
Jakarta FIR,0.0,0.2287
Jakarta FIR,1.1112,11.1716
Jakarta FIR,2.2225,18.9211
Jakarta FIR,3.3337,25.5294
Jakarta FIR,4.445,31.4643
Jakarta FIR,5.5562,36.9042
Jakarta FIR,6.6674,41.885
Jakarta FIR,7.7787,46.4478
Jakarta FIR,8.8899,50.7009
Jakarta FIR,10.0012,54.6829
Jakarta FIR,11.1124,58.4358
Jakarta FIR,12.2236,61.9703
Jakarta FIR,13.3349,65.2936
Jakarta FIR,14.4461,68.4256
Jakarta FIR,15.5574,71.3962
Jakarta FIR,16.6686,74.2254
Jakarta FIR,17.7798,76.9325
Jakarta FIR,18.8911,79.5092
Jakarta FIR,20.0023,81.953
Jakarta FIR,21.1136,84.2855
Jakarta FIR,22.2248,86.5096
Jakarta FIR,23.336,88.613
Jakarta FIR,24.4473,90.6212
Jakarta FIR,25.5585,92.5291
Jakarta FIR,26.6698,94.3493
Jakarta FIR,27.781,96.0849
Jakarta FIR,28.8922,97.7453
Jakarta FIR,30.0035,99.3349
Jakarta FIR,31.1147,100.8483
Jakarta FIR,32.226,102.2819
Jakarta FIR,33.3372,103.6299
Jakarta FIR,34.4484,104.891
Jakarta FIR,35.5597,106.0851
Jakarta FIR,36.6709,107.2171
Jakarta FIR,37.7822,108.2918
Jakarta FIR,38.8934,109.305
Jakarta FIR,40.0046,110.2587
Jakarta FIR,41.1159,111.151
Jakarta FIR,42.2271,111.9826
Jakarta FIR,43.3383,112.7644
Jakarta FIR,44.4496,113.4947
Jakarta FIR,45.5608,114.1739
Jakarta FIR,46.6721,114.8121
Jakarta FIR,47.7833,115.4047
Jakarta FIR,48.8945,115.9569
Jakarta FIR,50.0058,116.4594
Jakarta FIR,51.117,116.9115
Jakarta FIR,52.2283,117.3148
Jakarta FIR,53.3395,117.6765
Jakarta FIR,54.4507,117.996
Jakarta FIR,55.562,118.2804
Jakarta FIR,56.6732,118.5283
Jakarta FIR,57.7845,118.7357
Jakarta FIR,58.8957,118.9084
Jakarta FIR,60.0069,119.05
Jakarta FIR,61.1182,119.1616
Jakarta FIR,62.2294,119.2474
Jakarta FIR,63.3407,119.3094
Jakarta FIR,64.4519,119.3515
Jakarta FIR,65.5631,119.3733
Jakarta FIR,66.6744,119.3795
Jakarta FIR,67.7856,119.3796
Jakarta FIR,68.8969,119.3764
Jakarta FIR,70.0081,119.3609
Jakarta FIR,71.1193,119.3273
Jakarta FIR,72.2306,119.2749
Jakarta FIR,73.3418,119.2053
Jakarta FIR,74.4531,119.1135
Jakarta FIR,75.5643,118.9982
Jakarta FIR,76.6755,118.8572
Jakarta FIR,77.7868,118.6882
Jakarta FIR,78.898,118.487
Jakarta FIR,80.0093,118.2561
Jakarta FIR,81.1205,117.9912
Jakarta FIR,82.2317,117.6912
Jakarta FIR,83.343,117.3517
Jakarta FIR,84.4542,116.9696
Jakarta FIR,85.5655,116.547
Jakarta FIR,86.6767,116.0758
Jakarta FIR,87.7879,115.538
Jakarta FIR,88.8992,114.9373
Jakarta FIR,90.0104,114.2677
Jakarta FIR,91.1217,113.5072
Jakarta FIR,92.2329,112.6417
Jakarta FIR,93.3441,111.6639
Jakarta FIR,94.4554,110.5178
Jakarta FIR,95.5666,109.1822
Jakarta FIR,96.6779,107.6279
Jakarta FIR,97.7891,105.7226
Jakarta FIR,98.9003,103.3739
Kuala Lumpur FIR,0.0,0.2395
Kuala Lumpur FIR,1.1112,13.2629
Kuala Lumpur FIR,2.2225,22.6696
Kuala Lumpur FIR,3.3337,30.6004
Kuala Lumpur FIR,4.445,37.3979
Kuala Lumpur FIR,5.5562,43.3992
Kuala Lumpur FIR,6.6674,48.8328
Kuala Lumpur FIR,7.7787,53.8346
Kuala Lumpur FIR,8.8899,58.4653
Kuala Lumpur FIR,10.0012,62.7392
Kuala Lumpur FIR,11.1124,66.6811
Kuala Lumpur FIR,12.2236,70.3217
Kuala Lumpur FIR,13.3349,73.731
Kuala Lumpur FIR,14.4461,76.9133
Kuala Lumpur FIR,15.5574,79.8669
Kuala Lumpur FIR,16.6686,82.6289
Kuala Lumpur FIR,17.7798,85.2339
Kuala Lumpur FIR,18.8911,87.7017
Kuala Lumpur FIR,20.0023,90.02
Kuala Lumpur FIR,21.1136,92.2199
Kuala Lumpur FIR,22.2248,94.3019
Kuala Lumpur FIR,23.336,96.2601
Kuala Lumpur FIR,24.4473,98.1107
Kuala Lumpur FIR,25.5585,99.8335
Kuala Lumpur FIR,26.6698,101.4448
Kuala Lumpur FIR,27.781,102.9507
Kuala Lumpur FIR,28.8922,104.3559
Kuala Lumpur FIR,30.0035,105.6679
Kuala Lumpur FIR,31.1147,106.8845
Kuala Lumpur FIR,32.226,108.0148
Kuala Lumpur FIR,33.3372,109.0688
Kuala Lumpur FIR,34.4484,110.0608
Kuala Lumpur FIR,35.5597,110.9726
Kuala Lumpur FIR,36.6709,111.8191
Kuala Lumpur FIR,37.7822,112.5962
Kuala Lumpur FIR,38.8934,113.3037
Kuala Lumpur FIR,40.0046,113.9584
Kuala Lumpur FIR,41.1159,114.5612
Kuala Lumpur FIR,42.2271,115.1135
Kuala Lumpur FIR,43.3383,115.6184
Kuala Lumpur FIR,44.4496,116.0693
Kuala Lumpur FIR,45.5608,116.477
Kuala Lumpur FIR,46.6721,116.8406
Kuala Lumpur FIR,47.7833,117.1539
Kuala Lumpur FIR,48.8945,117.429
Kuala Lumpur FIR,50.0058,117.6615
Kuala Lumpur FIR,51.117,117.8617
Kuala Lumpur FIR,52.2283,118.0375
Kuala Lumpur FIR,53.3395,118.1801
Kuala Lumpur FIR,54.4507,118.2932
Kuala Lumpur FIR,55.562,118.3771
Kuala Lumpur FIR,56.6732,118.4397
Kuala Lumpur FIR,57.7845,118.4849
Kuala Lumpur FIR,58.8957,118.5142
Kuala Lumpur FIR,60.0069,118.5291
Kuala Lumpur FIR,61.1182,118.5358
Kuala Lumpur FIR,62.2294,118.5376
Kuala Lumpur FIR,63.3407,118.5377
Kuala Lumpur FIR,64.4519,118.5377
Kuala Lumpur FIR,65.5631,118.5377
Kuala Lumpur FIR,66.6744,118.5377
Kuala Lumpur FIR,67.7856,118.5377
Kuala Lumpur FIR,68.8969,118.5377
Kuala Lumpur FIR,70.0081,118.5377
Kuala Lumpur FIR,71.1193,118.5377
Kuala Lumpur FIR,72.2306,118.5374
Kuala Lumpur FIR,73.3418,118.5323
Kuala Lumpur FIR,74.4531,118.5159
Kuala Lumpur FIR,75.5643,118.4805
Kuala Lumpur FIR,76.6755,118.4181
Kuala Lumpur FIR,77.7868,118.3252
Kuala Lumpur FIR,78.898,118.1934
Kuala Lumpur FIR,80.0093,118.023
Kuala Lumpur FIR,81.1205,117.8103
Kuala Lumpur FIR,82.2317,117.5531
Kuala Lumpur FIR,83.343,117.2446
Kuala Lumpur FIR,84.4542,116.8815
Kuala Lumpur FIR,85.5655,116.4595
Kuala Lumpur FIR,86.6767,115.9756
Kuala Lumpur FIR,87.7879,115.4252
Kuala Lumpur FIR,88.8992,114.797
Kuala Lumpur FIR,90.0104,114.0831
Kuala Lumpur FIR,91.1217,113.2842
Kuala Lumpur FIR,92.2329,112.376
Kuala Lumpur FIR,93.3441,111.3579
Kuala Lumpur FIR,94.4554,110.2011
Kuala Lumpur FIR,95.5666,108.8617
Kuala Lumpur FIR,96.6779,107.3324
Kuala Lumpur FIR,97.7891,105.5368
Kuala Lumpur FIR,98.9003,103.2714
Singapore FIR,0.0,0.3142
Singapore FIR,1.1112,13.7667
Singapore FIR,2.2225,23.3844
Singapore FIR,3.3337,31.4532
Singapore FIR,4.445,38.5607
Singapore FIR,5.5562,45.0523
Singapore FIR,6.6674,51.0448
Singapore FIR,7.7787,56.5873
Singapore FIR,8.8899,61.6834
Singapore FIR,10.0012,66.4395
Singapore FIR,11.1124,70.9125
Singapore FIR,12.2236,75.0981
Singapore FIR,13.3349,79.0253
Singapore FIR,14.4461,82.6757
Singapore FIR,15.5574,86.1008
Singapore FIR,16.6686,89.3135
Singapore FIR,17.7798,92.3193
Singapore FIR,18.8911,95.1453
Singapore FIR,20.0023,97.8109
Singapore FIR,21.1136,100.3179
Singapore FIR,22.2248,102.6693
Singapore FIR,23.336,104.8808
Singapore FIR,24.4473,106.9568
Singapore FIR,25.5585,108.8911
Singapore FIR,26.6698,110.7096
Singapore FIR,27.781,112.4012
Singapore FIR,28.8922,113.9725
Singapore FIR,30.0035,115.448
Singapore FIR,31.1147,116.8196
Singapore FIR,32.226,118.0821
Singapore FIR,33.3372,119.2357
Singapore FIR,34.4484,120.2816
Singapore FIR,35.5597,121.2322
Singapore FIR,36.6709,122.0993
Singapore FIR,37.7822,122.8848
Singapore FIR,38.8934,123.5821
Singapore FIR,40.0046,124.1992
Singapore FIR,41.1159,124.747
Singapore FIR,42.2271,125.2346
Singapore FIR,43.3383,125.6676
Singapore FIR,44.4496,126.0518
Singapore FIR,45.5608,126.3794
Singapore FIR,46.6721,126.664
Singapore FIR,47.7833,126.904
Singapore FIR,48.8945,127.1001
Singapore FIR,50.0058,127.2587
Singapore FIR,51.117,127.3842
Singapore FIR,52.2283,127.4784
Singapore FIR,53.3395,127.5441
Singapore FIR,54.4507,127.5876
Singapore FIR,55.562,127.6129
Singapore FIR,56.6732,127.6273
Singapore FIR,57.7845,127.6344
Singapore FIR,58.8957,127.6365
Singapore FIR,60.0069,127.6366
Singapore FIR,61.1182,127.6366
Singapore FIR,62.2294,127.6366
Singapore FIR,63.3407,127.6366
Singapore FIR,64.4519,127.6366
Singapore FIR,65.5631,127.6366
Singapore FIR,66.6744,127.6365
Singapore FIR,67.7856,127.6344
Singapore FIR,68.8969,127.6243
Singapore FIR,70.0081,127.602
Singapore FIR,71.1193,127.5622
Singapore FIR,72.2306,127.4984
Singapore FIR,73.3418,127.4086
Singapore FIR,74.4531,127.2901
Singapore FIR,75.5643,127.14
Singapore FIR,76.6755,126.9537
Singapore FIR,77.7868,126.7257
Singapore FIR,78.898,126.4518
Singapore FIR,80.0093,126.1241
Singapore FIR,81.1205,125.749
Singapore FIR,82.2317,125.3078
Singapore FIR,83.343,124.8058
Singapore FIR,84.4542,124.2338
Singapore FIR,85.5655,123.5812
Singapore FIR,86.6767,122.8473
Singapore FIR,87.7879,122.0264
Singapore FIR,88.8992,121.1051
Singapore FIR,90.0104,120.067
Singapore FIR,91.1217,118.9066
Singapore FIR,92.2329,117.597
Singapore FIR,93.3441,116.1079
Singapore FIR,94.4554,114.4578
Singapore FIR,95.5666,112.6164
Singapore FIR,96.6779,110.4768
Singapore FIR,97.7891,107.9672
Singapore FIR,98.9003,104.8427
Brisbane FIR,0.0,0.5162
Brisbane FIR,1.1112,16.8363
Brisbane FIR,2.2225,27.8011
Brisbane FIR,3.3337,36.6057
Brisbane FIR,4.445,44.066
Brisbane FIR,5.5562,50.7388
Brisbane FIR,6.6674,56.809
Brisbane FIR,7.7787,62.298
Brisbane FIR,8.8899,67.3122
Brisbane FIR,10.0012,71.9164
Brisbane FIR,11.1124,76.1276
Brisbane FIR,12.2236,79.9281
Brisbane FIR,13.3349,83.3891
Brisbane FIR,14.4461,86.5667
Brisbane FIR,15.5574,89.4879
Brisbane FIR,16.6686,92.1618
Brisbane FIR,17.7798,94.6368
Brisbane FIR,18.8911,96.9164
Brisbane FIR,20.0023,99.0122
Brisbane FIR,21.1136,100.9413
Brisbane FIR,22.2248,102.7195
Brisbane FIR,23.336,104.3417
Brisbane FIR,24.4473,105.8298
Brisbane FIR,25.5585,107.2021
Brisbane FIR,26.6698,108.4523
Brisbane FIR,27.781,109.6022
Brisbane FIR,28.8922,110.6577
Brisbane FIR,30.0035,111.6093
Brisbane FIR,31.1147,112.4638
Brisbane FIR,32.226,113.2296
Brisbane FIR,33.3372,113.9261
Brisbane FIR,34.4484,114.5538
Brisbane FIR,35.5597,115.1175
Brisbane FIR,36.6709,115.6207
Brisbane FIR,37.7822,116.0719
Brisbane FIR,38.8934,116.4697
Brisbane FIR,40.0046,116.8168
Brisbane FIR,41.1159,117.1173
Brisbane FIR,42.2271,117.372
Brisbane FIR,43.3383,117.5903
Brisbane FIR,44.4496,117.7723
Brisbane FIR,45.5608,117.9258
Brisbane FIR,46.6721,118.0523
Brisbane FIR,47.7833,118.1526
Brisbane FIR,48.8945,118.2316
Brisbane FIR,50.0058,118.292
Brisbane FIR,51.117,118.336
Brisbane FIR,52.2283,118.366
Brisbane FIR,53.3395,118.3867
Brisbane FIR,54.4507,118.4001
Brisbane FIR,55.562,118.4071
Brisbane FIR,56.6732,118.4102
Brisbane FIR,57.7845,118.4108
Brisbane FIR,58.8957,118.4109
Brisbane FIR,60.0069,118.4109
Brisbane FIR,61.1182,118.4109
Brisbane FIR,62.2294,118.4109
Brisbane FIR,63.3407,118.4109
Brisbane FIR,64.4519,118.4109
Brisbane FIR,65.5631,118.4109
Brisbane FIR,66.6744,118.4109
Brisbane FIR,67.7856,118.4109
Brisbane FIR,68.8969,118.4109
Brisbane FIR,70.0081,118.4109
Brisbane FIR,71.1193,118.4109
Brisbane FIR,72.2306,118.4109
Brisbane FIR,73.3418,118.4109
Brisbane FIR,74.4531,118.4109
Brisbane FIR,75.5643,118.4109
Brisbane FIR,76.6755,118.4109
Brisbane FIR,77.7868,118.4108
Brisbane FIR,78.898,118.41
Brisbane FIR,80.0093,118.4061
Brisbane FIR,81.1205,118.3962
Brisbane FIR,82.2317,118.3744
Brisbane FIR,83.343,118.3338
Brisbane FIR,84.4542,118.2667
Brisbane FIR,85.5655,118.1691
Brisbane FIR,86.6767,118.0217
Brisbane FIR,87.7879,117.8189
Brisbane FIR,88.8992,117.5402
Brisbane FIR,90.0104,117.1622
Brisbane FIR,91.1217,116.6799
Brisbane FIR,92.2329,116.0562
Brisbane FIR,93.3441,115.2559
Brisbane FIR,94.4554,114.2668
Brisbane FIR,95.5666,113.0082
Brisbane FIR,96.6779,111.4015
Brisbane FIR,97.7891,109.2358
Brisbane FIR,98.9003,106.0591
Melbourne FIR,0.0,0.4129
Melbourne FIR,1.1112,16.9629
Melbourne FIR,2.2225,27.1409
Melbourne FIR,3.3337,35.576
Melbourne FIR,4.445,42.7162
Melbourne FIR,5.5562,48.8665
Melbourne FIR,6.6674,54.3289
Melbourne FIR,7.7787,59.2117
Melbourne FIR,8.8899,63.5874
Melbourne FIR,10.0012,67.5946
Melbourne FIR,11.1124,71.2782
Melbourne FIR,12.2236,74.6527
Melbourne FIR,13.3349,77.7679
Melbourne FIR,14.4461,80.628
Melbourne FIR,15.5574,83.2833
Melbourne FIR,16.6686,85.7528
Melbourne FIR,17.7798,88.0498
Melbourne FIR,18.8911,90.1748
Melbourne FIR,20.0023,92.1559
Melbourne FIR,21.1136,93.9953
Melbourne FIR,22.2248,95.6969
Melbourne FIR,23.336,97.2943
Melbourne FIR,24.4473,98.7902
Melbourne FIR,25.5585,100.1796
Melbourne FIR,26.6698,101.474
Melbourne FIR,27.781,102.6879
Melbourne FIR,28.8922,103.8083
Melbourne FIR,30.0035,104.857
Melbourne FIR,31.1147,105.8368
Melbourne FIR,32.226,106.7501
Melbourne FIR,33.3372,107.5984
Melbourne FIR,34.4484,108.387
Melbourne FIR,35.5597,109.1172
Melbourne FIR,36.6709,109.7965
Melbourne FIR,37.7822,110.4248
Melbourne FIR,38.8934,110.9944
Melbourne FIR,40.0046,111.515
Melbourne FIR,41.1159,111.9885
Melbourne FIR,42.2271,112.4139
Melbourne FIR,43.3383,112.7991
Melbourne FIR,44.4496,113.1501
Melbourne FIR,45.5608,113.4692
Melbourne FIR,46.6721,113.7559
Melbourne FIR,47.7833,114.0137
Melbourne FIR,48.8945,114.2423
Melbourne FIR,50.0058,114.4478
Melbourne FIR,51.117,114.6293
Melbourne FIR,52.2283,114.7893
Melbourne FIR,53.3395,114.9249
Melbourne FIR,54.4507,115.0397
Melbourne FIR,55.562,115.1366
Melbourne FIR,56.6732,115.217
Melbourne FIR,57.7845,115.2825
Melbourne FIR,58.8957,115.3346
Melbourne FIR,60.0069,115.3747
Melbourne FIR,61.1182,115.4038
Melbourne FIR,62.2294,115.4249
Melbourne FIR,63.3407,115.4389
Melbourne FIR,64.4519,115.4479
Melbourne FIR,65.5631,115.4527
Melbourne FIR,66.6744,115.4542
Melbourne FIR,67.7856,115.4544
Melbourne FIR,68.8969,115.4544
Melbourne FIR,70.0081,115.4544
Melbourne FIR,71.1193,115.4544
Melbourne FIR,72.2306,115.4544
Melbourne FIR,73.3418,115.4544
Melbourne FIR,74.4531,115.4544
Melbourne FIR,75.5643,115.4544
Melbourne FIR,76.6755,115.4544
Melbourne FIR,77.7868,115.4542
Melbourne FIR,78.898,115.4507
Melbourne FIR,80.0093,115.4397
Melbourne FIR,81.1205,115.415
Melbourne FIR,82.2317,115.3725
Melbourne FIR,83.343,115.3046
Melbourne FIR,84.4542,115.206
Melbourne FIR,85.5655,115.0713
Melbourne FIR,86.6767,114.8896
Melbourne FIR,87.7879,114.6541
Melbourne FIR,88.8992,114.3489
Melbourne FIR,90.0104,113.9645
Melbourne FIR,91.1217,113.4884
Melbourne FIR,92.2329,112.9138
Melbourne FIR,93.3441,112.2119
Melbourne FIR,94.4554,111.3516
Melbourne FIR,95.5666,110.2878
Melbourne FIR,96.6779,108.9873
Melbourne FIR,97.7891,107.2964
Melbourne FIR,98.9003,104.9405
Beijing FIR,0.0,1.0716
Beijing FIR,1.1112,53.1245
Beijing FIR,2.2225,79.7903
Beijing FIR,3.3337,97.3168
Beijing FIR,4.445,110.2371
Beijing FIR,5.5562,120.4919
Beijing FIR,6.6674,128.8776
Beijing FIR,7.7787,135.7128
Beijing FIR,8.8899,141.3388
Beijing FIR,10.0012,146.0533
Beijing FIR,11.1124,150.0044
Beijing FIR,12.2236,153.3306
Beijing FIR,13.3349,156.1153
Beijing FIR,14.4461,158.4781
Beijing FIR,15.5574,160.5081
Beijing FIR,16.6686,162.2499
Beijing FIR,17.7798,163.697
Beijing FIR,18.8911,164.9398
Beijing FIR,20.0023,166.0058
Beijing FIR,21.1136,166.9028
Beijing FIR,22.2248,167.6717
Beijing FIR,23.336,168.3327
Beijing FIR,24.4473,168.8783
Beijing FIR,25.5585,169.3383
Beijing FIR,26.6698,169.7223
Beijing FIR,27.781,170.0446
Beijing FIR,28.8922,170.3041
Beijing FIR,30.0035,170.513
Beijing FIR,31.1147,170.6819
Beijing FIR,32.226,170.8157
Beijing FIR,33.3372,170.9189
Beijing FIR,34.4484,170.9966
Beijing FIR,35.5597,171.0544
Beijing FIR,36.6709,171.0953
Beijing FIR,37.7822,171.1236
Beijing FIR,38.8934,171.1427
Beijing FIR,40.0046,171.1546
Beijing FIR,41.1159,171.1611
Beijing FIR,42.2271,171.164
Beijing FIR,43.3383,171.165
Beijing FIR,44.4496,171.1652
Beijing FIR,45.5608,171.1652
Beijing FIR,46.6721,171.1652
Beijing FIR,47.7833,171.1652
Beijing FIR,48.8945,171.1652
Beijing FIR,50.0058,171.1652
Beijing FIR,51.117,171.1652
Beijing FIR,52.2283,171.1652
Beijing FIR,53.3395,171.1652
Beijing FIR,54.4507,171.1652
Beijing FIR,55.562,171.1652
Beijing FIR,56.6732,171.1652
Beijing FIR,57.7845,171.1652
Beijing FIR,58.8957,171.1652
Beijing FIR,60.0069,171.1652
Beijing FIR,61.1182,171.1652
Beijing FIR,62.2294,171.1652
Beijing FIR,63.3407,171.1652
Beijing FIR,64.4519,171.1652
Beijing FIR,65.5631,171.1652
Beijing FIR,66.6744,171.1652
Beijing FIR,67.7856,171.1652
Beijing FIR,68.8969,171.1652
Beijing FIR,70.0081,171.1652
Beijing FIR,71.1193,171.1652
Beijing FIR,72.2306,171.1652
Beijing FIR,73.3418,171.1652
Beijing FIR,74.4531,171.1652
Beijing FIR,75.5643,171.1652
Beijing FIR,76.6755,171.1645
Beijing FIR,77.7868,171.1613
Beijing FIR,78.898,171.1529
Beijing FIR,80.0093,171.1351
Beijing FIR,81.1205,171.1038
Beijing FIR,82.2317,171.0509
Beijing FIR,83.343,170.963
Beijing FIR,84.4542,170.8293
Beijing FIR,85.5655,170.6367
Beijing FIR,86.6767,170.3602
Beijing FIR,87.7879,169.9664
Beijing FIR,88.8992,169.44
Beijing FIR,90.0104,168.7264
Beijing FIR,91.1217,167.7695
Beijing FIR,92.2329,166.4497
Beijing FIR,93.3441,164.6786
Beijing FIR,94.4554,162.1994
Beijing FIR,95.5666,158.6235
Beijing FIR,96.6779,153.3573
Beijing FIR,97.7891,145.32
Beijing FIR,98.9003,132.4193
Guangzhou FIR,0.0,1.3226
Guangzhou FIR,1.1112,36.6024
Guangzhou FIR,2.2225,50.2897
Guangzhou FIR,3.3337,60.0373
Guangzhou FIR,4.445,67.6131
Guangzhou FIR,5.5562,73.9032
Guangzhou FIR,6.6674,79.1717
Guangzhou FIR,7.7787,83.6574
Guangzhou FIR,8.8899,87.5148
Guangzhou FIR,10.0012,90.875
Guangzhou FIR,11.1124,93.7698
Guangzhou FIR,12.2236,96.2748
Guangzhou FIR,13.3349,98.4718
Guangzhou FIR,14.4461,100.4124
Guangzhou FIR,15.5574,102.1237
Guangzhou FIR,16.6686,103.6195
Guangzhou FIR,17.7798,104.9171
Guangzhou FIR,18.8911,106.0348
Guangzhou FIR,20.0023,107.0049
Guangzhou FIR,21.1136,107.8175
Guangzhou FIR,22.2248,108.4881
Guangzhou FIR,23.336,109.0367
Guangzhou FIR,24.4473,109.4847
Guangzhou FIR,25.5585,109.8508
Guangzhou FIR,26.6698,110.1388
Guangzhou FIR,27.781,110.3591
Guangzhou FIR,28.8922,110.5247
Guangzhou FIR,30.0035,110.647
Guangzhou FIR,31.1147,110.734
Guangzhou FIR,32.226,110.7925
Guangzhou FIR,33.3372,110.8281
Guangzhou FIR,34.4484,110.8474
Guangzhou FIR,35.5597,110.8553
Guangzhou FIR,36.6709,110.8575
Guangzhou FIR,37.7822,110.8576
Guangzhou FIR,38.8934,110.8576
Guangzhou FIR,40.0046,110.8576
Guangzhou FIR,41.1159,110.8576
Guangzhou FIR,42.2271,110.8576
Guangzhou FIR,43.3383,110.8576
Guangzhou FIR,44.4496,110.8576
Guangzhou FIR,45.5608,110.8576
Guangzhou FIR,46.6721,110.8576
Guangzhou FIR,47.7833,110.8576
Guangzhou FIR,48.8945,110.8576
Guangzhou FIR,50.0058,110.8576
Guangzhou FIR,51.117,110.8576
Guangzhou FIR,52.2283,110.8576
Guangzhou FIR,53.3395,110.8576
Guangzhou FIR,54.4507,110.8576
Guangzhou FIR,55.562,110.8576
Guangzhou FIR,56.6732,110.8576
Guangzhou FIR,57.7845,110.8576
Guangzhou FIR,58.8957,110.8576
Guangzhou FIR,60.0069,110.8576
Guangzhou FIR,61.1182,110.8576
Guangzhou FIR,62.2294,110.8576
Guangzhou FIR,63.3407,110.8576
Guangzhou FIR,64.4519,110.8576
Guangzhou FIR,65.5631,110.8576
Guangzhou FIR,66.6744,110.8576
Guangzhou FIR,67.7856,110.8576
Guangzhou FIR,68.8969,110.8576
Guangzhou FIR,70.0081,110.8576
Guangzhou FIR,71.1193,110.8576
Guangzhou FIR,72.2306,110.8576
Guangzhou FIR,73.3418,110.8576
Guangzhou FIR,74.4531,110.8576
Guangzhou FIR,75.5643,110.8576
Guangzhou FIR,76.6755,110.8576
Guangzhou FIR,77.7868,110.8576
Guangzhou FIR,78.898,110.8576
Guangzhou FIR,80.0093,110.8576
Guangzhou FIR,81.1205,110.8576
Guangzhou FIR,82.2317,110.8576
Guangzhou FIR,83.343,110.8576
Guangzhou FIR,84.4542,110.8576
Guangzhou FIR,85.5655,110.8576
Guangzhou FIR,86.6767,110.8576
Guangzhou FIR,87.7879,110.8576
Guangzhou FIR,88.8992,110.8576
Guangzhou FIR,90.0104,110.8576
Guangzhou FIR,91.1217,110.8575
Guangzhou FIR,92.2329,110.8511
Guangzhou FIR,93.3441,110.8081
Guangzhou FIR,94.4554,110.6619
Guangzhou FIR,95.5666,110.3046
Guangzhou FIR,96.6779,109.6719
Guangzhou FIR,97.7891,108.5305
Guangzhou FIR,98.9003,106.2808
Wuhan FIR,0.0,1.5388
Wuhan FIR,1.1112,53.8987
Wuhan FIR,2.2225,78.9685
Wuhan FIR,3.3337,95.6272
Wuhan FIR,4.445,107.4561
Wuhan FIR,5.5562,116.2106
Wuhan FIR,6.6674,122.8467
Wuhan FIR,7.7787,128.1057
Wuhan FIR,8.8899,132.3487
Wuhan FIR,10.0012,135.7364
Wuhan FIR,11.1124,138.4237
Wuhan FIR,12.2236,140.5648
Wuhan FIR,13.3349,142.3367
Wuhan FIR,14.4461,143.7787
Wuhan FIR,15.5574,144.9915
Wuhan FIR,16.6686,145.9896
Wuhan FIR,17.7798,146.831
Wuhan FIR,18.8911,147.5032
Wuhan FIR,20.0023,148.0525
Wuhan FIR,21.1136,148.4887
Wuhan FIR,22.2248,148.8306
Wuhan FIR,23.336,149.0862
Wuhan FIR,24.4473,149.2837
Wuhan FIR,25.5585,149.437
Wuhan FIR,26.6698,149.5478
Wuhan FIR,27.781,149.6266
Wuhan FIR,28.8922,149.684
Wuhan FIR,30.0035,149.7243
Wuhan FIR,31.1147,149.7513
Wuhan FIR,32.226,149.766
Wuhan FIR,33.3372,149.7727
Wuhan FIR,34.4484,149.7752
Wuhan FIR,35.5597,149.7758
Wuhan FIR,36.6709,149.7758
Wuhan FIR,37.7822,149.7758
Wuhan FIR,38.8934,149.7758
Wuhan FIR,40.0046,149.7758
Wuhan FIR,41.1159,149.7758
Wuhan FIR,42.2271,149.7758
Wuhan FIR,43.3383,149.7758
Wuhan FIR,44.4496,149.7758
Wuhan FIR,45.5608,149.7758
Wuhan FIR,46.6721,149.7758
Wuhan FIR,47.7833,149.7758
Wuhan FIR,48.8945,149.7758
Wuhan FIR,50.0058,149.7758
Wuhan FIR,51.117,149.7758
Wuhan FIR,52.2283,149.7758
Wuhan FIR,53.3395,149.7758
Wuhan FIR,54.4507,149.7758
Wuhan FIR,55.562,149.7758
Wuhan FIR,56.6732,149.7758
Wuhan FIR,57.7845,149.7758
Wuhan FIR,58.8957,149.7758
Wuhan FIR,60.0069,149.7758
Wuhan FIR,61.1182,149.7758
Wuhan FIR,62.2294,149.7758
Wuhan FIR,63.3407,149.7758
Wuhan FIR,64.4519,149.7758
Wuhan FIR,65.5631,149.7758
Wuhan FIR,66.6744,149.7758
Wuhan FIR,67.7856,149.7758
Wuhan FIR,68.8969,149.7758
Wuhan FIR,70.0081,149.7758
Wuhan FIR,71.1193,149.7758
Wuhan FIR,72.2306,149.7758
Wuhan FIR,73.3418,149.7758
Wuhan FIR,74.4531,149.7758
Wuhan FIR,75.5643,149.7758
Wuhan FIR,76.6755,149.7758
Wuhan FIR,77.7868,149.7758
Wuhan FIR,78.898,149.7758
Wuhan FIR,80.0093,149.7758
Wuhan FIR,81.1205,149.7758
Wuhan FIR,82.2317,149.7758
Wuhan FIR,83.343,149.7758
Wuhan FIR,84.4542,149.7758
Wuhan FIR,85.5655,149.7756
Wuhan FIR,86.6767,149.7732
Wuhan FIR,87.7879,149.7613
Wuhan FIR,88.8992,149.7326
Wuhan FIR,90.0104,149.6659
Wuhan FIR,91.1217,149.526
Wuhan FIR,92.2329,149.2765
Wuhan FIR,93.3441,148.8846
Wuhan FIR,94.4554,148.1834
Wuhan FIR,95.5666,147.0068
Wuhan FIR,96.6779,144.8416
Wuhan FIR,97.7891,140.4131
Wuhan FIR,98.9003,130.4826
Sanya FIR,0.0,0.9471
Sanya FIR,1.1112,40.2741
Sanya FIR,2.2225,60.4714
Sanya FIR,3.3337,76.0358
Sanya FIR,4.445,88.3466
Sanya FIR,5.5562,98.5851
Sanya FIR,6.6674,107.3258
Sanya FIR,7.7787,114.8851
Sanya FIR,8.8899,121.4733
Sanya FIR,10.0012,127.1784
Sanya FIR,11.1124,132.1398
Sanya FIR,12.2236,136.4525
Sanya FIR,13.3349,140.1917
Sanya FIR,14.4461,143.3936
Sanya FIR,15.5574,146.1605
Sanya FIR,16.6686,148.4702
Sanya FIR,17.7798,150.3918
Sanya FIR,18.8911,151.9949
Sanya FIR,20.0023,153.3363
Sanya FIR,21.1136,154.4454
Sanya FIR,22.2248,155.3361
Sanya FIR,23.336,156.0202
Sanya FIR,24.4473,156.5459
Sanya FIR,25.5585,156.9153
Sanya FIR,26.6698,157.1616
Sanya FIR,27.781,157.3202
Sanya FIR,28.8922,157.4149
Sanya FIR,30.0035,157.4674
Sanya FIR,31.1147,157.4922
Sanya FIR,32.226,157.5002
Sanya FIR,33.3372,157.5016
Sanya FIR,34.4484,157.5016
Sanya FIR,35.5597,157.5016
Sanya FIR,36.6709,157.5016
Sanya FIR,37.7822,157.5016
Sanya FIR,38.8934,157.5016
Sanya FIR,40.0046,157.5016
Sanya FIR,41.1159,157.5016
Sanya FIR,42.2271,157.5016
Sanya FIR,43.3383,157.5016
Sanya FIR,44.4496,157.5016
Sanya FIR,45.5608,157.5016
Sanya FIR,46.6721,157.5016
Sanya FIR,47.7833,157.5016
Sanya FIR,48.8945,157.5016
Sanya FIR,50.0058,157.5016
Sanya FIR,51.117,157.5016
Sanya FIR,52.2283,157.5016
Sanya FIR,53.3395,157.5016
Sanya FIR,54.4507,157.5016
Sanya FIR,55.562,157.5016
Sanya FIR,56.6732,157.5016
Sanya FIR,57.7845,157.5016
Sanya FIR,58.8957,157.5016
Sanya FIR,60.0069,157.5016
Sanya FIR,61.1182,157.5016
Sanya FIR,62.2294,157.5016
Sanya FIR,63.3407,157.5016
Sanya FIR,64.4519,157.5016
Sanya FIR,65.5631,157.5016
Sanya FIR,66.6744,157.5016
Sanya FIR,67.7856,157.5016
Sanya FIR,68.8969,157.5016
Sanya FIR,70.0081,157.5016
Sanya FIR,71.1193,157.5016
Sanya FIR,72.2306,157.5016
Sanya FIR,73.3418,157.5016
Sanya FIR,74.4531,157.5016
Sanya FIR,75.5643,157.5016
Sanya FIR,76.6755,157.5016
Sanya FIR,77.7868,157.5016
Sanya FIR,78.898,157.5016
Sanya FIR,80.0093,157.5016
Sanya FIR,81.1205,157.5016
Sanya FIR,82.2317,157.5016
Sanya FIR,83.343,157.5012
Sanya FIR,84.4542,157.4973
Sanya FIR,85.5655,157.4777
Sanya FIR,86.6767,157.4153
Sanya FIR,87.7879,157.2647
Sanya FIR,88.8992,156.9523
Sanya FIR,90.0104,156.3683
Sanya FIR,91.1217,155.459
Sanya FIR,92.2329,154.1158
Sanya FIR,93.3441,152.1238
Sanya FIR,94.4554,149.3155
Sanya FIR,95.5666,145.2909
Sanya FIR,96.6779,139.8743
Sanya FIR,97.7891,132.2825
Sanya FIR,98.9003,120.7108
Pyongyang FIR,0.0,5.2273
Pyongyang FIR,1.1137,104.5753
Pyongyang FIR,2.2274,150.8172
Pyongyang FIR,3.3411,179.9012
Pyongyang FIR,4.4548,199.5413
Pyongyang FIR,5.5684,213.5358
Pyongyang FIR,6.6821,224.3648
Pyongyang FIR,7.7958,232.1066
Pyongyang FIR,8.9095,237.3565
Pyongyang FIR,10.0232,240.9582
Pyongyang FIR,11.1369,243.3968
Pyongyang FIR,12.2506,245.0809
Pyongyang FIR,13.3643,246.098
Pyongyang FIR,14.478,246.719
Pyongyang FIR,15.5916,247.0479
Pyongyang FIR,16.7053,247.1925
Pyongyang FIR,17.819,247.2331
Pyongyang FIR,18.9327,247.2362
Pyongyang FIR,20.0464,247.2362
Pyongyang FIR,21.1601,247.2362
Pyongyang FIR,22.2738,247.2362
Pyongyang FIR,23.3875,247.2362
Pyongyang FIR,24.5012,247.2362
Pyongyang FIR,25.6148,247.2362
Pyongyang FIR,26.7285,247.2362
Pyongyang FIR,27.8422,247.2362
Pyongyang FIR,28.9559,247.2362
Pyongyang FIR,30.0696,247.2362
Pyongyang FIR,31.1833,247.2362
Pyongyang FIR,32.297,247.2362
Pyongyang FIR,33.4107,247.2362
Pyongyang FIR,34.5244,247.2362
Pyongyang FIR,35.6381,247.2362
Pyongyang FIR,36.7517,247.2362
Pyongyang FIR,37.8654,247.2362
Pyongyang FIR,38.9791,247.2362
Pyongyang FIR,40.0928,247.2362
Pyongyang FIR,41.2065,247.2362
Pyongyang FIR,42.3202,247.2362
Pyongyang FIR,43.4339,247.2362
Pyongyang FIR,44.5476,247.2362
Pyongyang FIR,45.6613,247.2362
Pyongyang FIR,46.7749,247.2362
Pyongyang FIR,47.8886,247.2362
Pyongyang FIR,49.0023,247.2362
Pyongyang FIR,50.116,247.2362
Pyongyang FIR,51.2297,247.2362
Pyongyang FIR,52.3434,247.2362
Pyongyang FIR,53.4571,247.2362
Pyongyang FIR,54.5708,247.2362
Pyongyang FIR,55.6845,247.2362
Pyongyang FIR,56.7981,247.2362
Pyongyang FIR,57.9118,247.2362
Pyongyang FIR,59.0255,247.2362
Pyongyang FIR,60.1392,247.2362
Pyongyang FIR,61.2529,247.2362
Pyongyang FIR,62.3666,247.2362
Pyongyang FIR,63.4803,247.2362
Pyongyang FIR,64.594,247.2362
Pyongyang FIR,65.7077,247.2362
Pyongyang FIR,66.8213,247.2362
Pyongyang FIR,67.935,247.2362
Pyongyang FIR,69.0487,247.2362
Pyongyang FIR,70.1624,247.2362
Pyongyang FIR,71.2761,247.2362
Pyongyang FIR,72.3898,247.2362
Pyongyang FIR,73.5035,247.2362
Pyongyang FIR,74.6172,247.2362
Pyongyang FIR,75.7309,247.2362
Pyongyang FIR,76.8445,247.2362
Pyongyang FIR,77.9582,247.2362
Pyongyang FIR,79.0719,247.2362
Pyongyang FIR,80.1856,247.2362
Pyongyang FIR,81.2993,247.2362
Pyongyang FIR,82.413,247.2362
Pyongyang FIR,83.5267,247.2362
Pyongyang FIR,84.6404,247.2362
Pyongyang FIR,85.7541,247.2362
Pyongyang FIR,86.8677,247.2362
Pyongyang FIR,87.9814,247.2355
Pyongyang FIR,89.0951,247.2234
Pyongyang FIR,90.2088,247.1464
Pyongyang FIR,91.3225,246.8934
Pyongyang FIR,92.4362,246.2542
Pyongyang FIR,93.5499,244.8243
Pyongyang FIR,94.6636,242.0901
Pyongyang FIR,95.7773,237.2973
Pyongyang FIR,96.891,228.7643
Pyongyang FIR,98.0046,211.6827
Pyongyang FIR,99.1183,178.0656
Lanzhou FIR,0.0,0.9225
Lanzhou FIR,1.1112,31.4996
Lanzhou FIR,2.2225,48.1485
Lanzhou FIR,3.3337,60.0823
Lanzhou FIR,4.445,69.6175
Lanzhou FIR,5.5562,77.3122
Lanzhou FIR,6.6674,83.7427
Lanzhou FIR,7.7787,89.0903
Lanzhou FIR,8.8899,93.6619
Lanzhou FIR,10.0012,97.6493
Lanzhou FIR,11.1124,101.1806
Lanzhou FIR,12.2236,104.3085
Lanzhou FIR,13.3349,107.0753
Lanzhou FIR,14.4461,109.5411
Lanzhou FIR,15.5574,111.7485
Lanzhou FIR,16.6686,113.7288
Lanzhou FIR,17.7798,115.5118
Lanzhou FIR,18.8911,117.0813
Lanzhou FIR,20.0023,118.4858
Lanzhou FIR,21.1136,119.7511
Lanzhou FIR,22.2248,120.8871
Lanzhou FIR,23.336,121.8933
Lanzhou FIR,24.4473,122.7896
Lanzhou FIR,25.5585,123.597
Lanzhou FIR,26.6698,124.322
Lanzhou FIR,27.781,124.9759
Lanzhou FIR,28.8922,125.5552
Lanzhou FIR,30.0035,126.0727
Lanzhou FIR,31.1147,126.5312
Lanzhou FIR,32.226,126.9353
Lanzhou FIR,33.3372,127.2964
Lanzhou FIR,34.4484,127.6149
Lanzhou FIR,35.5597,127.8902
Lanzhou FIR,36.6709,128.1235
Lanzhou FIR,37.7822,128.3191
Lanzhou FIR,38.8934,128.4798
Lanzhou FIR,40.0046,128.6147
Lanzhou FIR,41.1159,128.7294
Lanzhou FIR,42.2271,128.8255
Lanzhou FIR,43.3383,128.9049
Lanzhou FIR,44.4496,128.9666
Lanzhou FIR,45.5608,129.0134
Lanzhou FIR,46.6721,129.0483
Lanzhou FIR,47.7833,129.0728
Lanzhou FIR,48.8945,129.0889
Lanzhou FIR,50.0058,129.099
Lanzhou FIR,51.117,129.1047
Lanzhou FIR,52.2283,129.1072
Lanzhou FIR,53.3395,129.108
Lanzhou FIR,54.4507,129.108
Lanzhou FIR,55.562,129.108
Lanzhou FIR,56.6732,129.108
Lanzhou FIR,57.7845,129.108
Lanzhou FIR,58.8957,129.108
Lanzhou FIR,60.0069,129.108
Lanzhou FIR,61.1182,129.108
Lanzhou FIR,62.2294,129.108
Lanzhou FIR,63.3407,129.108
Lanzhou FIR,64.4519,129.108
Lanzhou FIR,65.5631,129.108
Lanzhou FIR,66.6744,129.108
Lanzhou FIR,67.7856,129.108
Lanzhou FIR,68.8969,129.108
Lanzhou FIR,70.0081,129.108
Lanzhou FIR,71.1193,129.108
Lanzhou FIR,72.2306,129.108
Lanzhou FIR,73.3418,129.108
Lanzhou FIR,74.4531,129.108
Lanzhou FIR,75.5643,129.108
Lanzhou FIR,76.6755,129.108
Lanzhou FIR,77.7868,129.108
Lanzhou FIR,78.898,129.1079
Lanzhou FIR,80.0093,129.1059
Lanzhou FIR,81.1205,129.0973
Lanzhou FIR,82.2317,129.0772
Lanzhou FIR,83.343,129.0412
Lanzhou FIR,84.4542,128.9805
Lanzhou FIR,85.5655,128.8898
Lanzhou FIR,86.6767,128.7541
Lanzhou FIR,87.7879,128.5633
Lanzhou FIR,88.8992,128.3036
Lanzhou FIR,90.0104,127.941
Lanzhou FIR,91.1217,127.4461
Lanzhou FIR,92.2329,126.7897
Lanzhou FIR,93.3441,125.9135
Lanzhou FIR,94.4554,124.7144
Lanzhou FIR,95.5666,122.9724
Lanzhou FIR,96.6779,120.4935
Lanzhou FIR,97.7891,116.8688
Lanzhou FIR,98.9003,111.0747
Ulaanbaatar FIR,0.0,0.9275
Ulaanbaatar FIR,1.1112,26.5151
Ulaanbaatar FIR,2.2225,40.6522
Ulaanbaatar FIR,3.3337,51.2033
Ulaanbaatar FIR,4.445,59.8598
Ulaanbaatar FIR,5.5562,67.2266
Ulaanbaatar FIR,6.6674,73.6478
Ulaanbaatar FIR,7.7787,79.3119
Ulaanbaatar FIR,8.8899,84.3997
Ulaanbaatar FIR,10.0012,89.0119
Ulaanbaatar FIR,11.1124,93.1215
Ulaanbaatar FIR,12.2236,96.7828
Ulaanbaatar FIR,13.3349,100.104
Ulaanbaatar FIR,14.4461,103.0749
Ulaanbaatar FIR,15.5574,105.7678
Ulaanbaatar FIR,16.6686,108.2461
Ulaanbaatar FIR,17.7798,110.5189
Ulaanbaatar FIR,18.8911,112.6232
Ulaanbaatar FIR,20.0023,114.5539
Ulaanbaatar FIR,21.1136,116.3275
Ulaanbaatar FIR,22.2248,117.9303
Ulaanbaatar FIR,23.336,119.376
Ulaanbaatar FIR,24.4473,120.7008
Ulaanbaatar FIR,25.5585,121.9011
Ulaanbaatar FIR,26.6698,122.9812
Ulaanbaatar FIR,27.781,123.9605
Ulaanbaatar FIR,28.8922,124.8404
Ulaanbaatar FIR,30.0035,125.6362
Ulaanbaatar FIR,31.1147,126.364
Ulaanbaatar FIR,32.226,127.0114
Ulaanbaatar FIR,33.3372,127.5777
Ulaanbaatar FIR,34.4484,128.0846
Ulaanbaatar FIR,35.5597,128.5324
Ulaanbaatar FIR,36.6709,128.9245
Ulaanbaatar FIR,37.7822,129.2786
Ulaanbaatar FIR,38.8934,129.5888
Ulaanbaatar FIR,40.0046,129.856
Ulaanbaatar FIR,41.1159,130.0809
Ulaanbaatar FIR,42.2271,130.2712
Ulaanbaatar FIR,43.3383,130.4353
Ulaanbaatar FIR,44.4496,130.571
Ulaanbaatar FIR,45.5608,130.6811
Ulaanbaatar FIR,46.6721,130.7693
Ulaanbaatar FIR,47.7833,130.8395
Ulaanbaatar FIR,48.8945,130.8939
Ulaanbaatar FIR,50.0058,130.9327
Ulaanbaatar FIR,51.117,130.9592
Ulaanbaatar FIR,52.2283,130.9758
Ulaanbaatar FIR,53.3395,130.9842
Ulaanbaatar FIR,54.4507,130.9875
Ulaanbaatar FIR,55.562,130.9883
Ulaanbaatar FIR,56.6732,130.9884
Ulaanbaatar FIR,57.7845,130.9884
Ulaanbaatar FIR,58.8957,130.9884
Ulaanbaatar FIR,60.0069,130.9884
Ulaanbaatar FIR,61.1182,130.9884
Ulaanbaatar FIR,62.2294,130.9884
Ulaanbaatar FIR,63.3407,130.9884
Ulaanbaatar FIR,64.4519,130.9884
Ulaanbaatar FIR,65.5631,130.9884
Ulaanbaatar FIR,66.6744,130.9884
Ulaanbaatar FIR,67.7856,130.9883
Ulaanbaatar FIR,68.8969,130.988
Ulaanbaatar FIR,70.0081,130.986
Ulaanbaatar FIR,71.1193,130.9797
Ulaanbaatar FIR,72.2306,130.9666
Ulaanbaatar FIR,73.3418,130.9414
Ulaanbaatar FIR,74.4531,130.9021
Ulaanbaatar FIR,75.5643,130.8445
Ulaanbaatar FIR,76.6755,130.7685
Ulaanbaatar FIR,77.7868,130.6698
Ulaanbaatar FIR,78.898,130.5428
Ulaanbaatar FIR,80.0093,130.3788
Ulaanbaatar FIR,81.1205,130.1718
Ulaanbaatar FIR,82.2317,129.9166
Ulaanbaatar FIR,83.343,129.608
Ulaanbaatar FIR,84.4542,129.2412
Ulaanbaatar FIR,85.5655,128.8123
Ulaanbaatar FIR,86.6767,128.2885
Ulaanbaatar FIR,87.7879,127.653
Ulaanbaatar FIR,88.8992,126.9151
Ulaanbaatar FIR,90.0104,126.0596
Ulaanbaatar FIR,91.1217,125.0459
Ulaanbaatar FIR,92.2329,123.8332
Ulaanbaatar FIR,93.3441,122.4247
Ulaanbaatar FIR,94.4554,120.7339
Ulaanbaatar FIR,95.5666,118.65
Ulaanbaatar FIR,96.6779,116.0744
Ulaanbaatar FIR,97.7891,112.8558
Ulaanbaatar FIR,98.9003,108.3428
Kunming FIR,0.0,0.72
Kunming FIR,1.1112,30.2389
Kunming FIR,2.2225,44.588
Kunming FIR,3.3337,54.522
Kunming FIR,4.445,62.1794
Kunming FIR,5.5562,68.4664
Kunming FIR,6.6674,73.7422
Kunming FIR,7.7787,78.185
Kunming FIR,8.8899,82.104
Kunming FIR,10.0012,85.5867
Kunming FIR,11.1124,88.6294
Kunming FIR,12.2236,91.2613
Kunming FIR,13.3349,93.583
Kunming FIR,14.4461,95.6366
Kunming FIR,15.5574,97.475
Kunming FIR,16.6686,99.0767
Kunming FIR,17.7798,100.4862
Kunming FIR,18.8911,101.7452
Kunming FIR,20.0023,102.873
Kunming FIR,21.1136,103.8619
Kunming FIR,22.2248,104.7297
Kunming FIR,23.336,105.4955
Kunming FIR,24.4473,106.1627
Kunming FIR,25.5585,106.7461
Kunming FIR,26.6698,107.2558
Kunming FIR,27.781,107.6935
Kunming FIR,28.8922,108.0713
Kunming FIR,30.0035,108.3932
Kunming FIR,31.1147,108.6678
Kunming FIR,32.226,108.8966
Kunming FIR,33.3372,109.0886
Kunming FIR,34.4484,109.2433
Kunming FIR,35.5597,109.3689
Kunming FIR,36.6709,109.4683
Kunming FIR,37.7822,109.5439
Kunming FIR,38.8934,109.6006
Kunming FIR,40.0046,109.6423
Kunming FIR,41.1159,109.6714
Kunming FIR,42.2271,109.692
Kunming FIR,43.3383,109.7052
Kunming FIR,44.4496,109.7118
Kunming FIR,45.5608,109.7148
Kunming FIR,46.6721,109.7158
Kunming FIR,47.7833,109.7159
Kunming FIR,48.8945,109.7159
Kunming FIR,50.0058,109.7159
Kunming FIR,51.117,109.7159
Kunming FIR,52.2283,109.7159
Kunming FIR,53.3395,109.7159
Kunming FIR,54.4507,109.7159
Kunming FIR,55.562,109.7159
Kunming FIR,56.6732,109.7159
Kunming FIR,57.7845,109.7159
Kunming FIR,58.8957,109.7159
Kunming FIR,60.0069,109.7159
Kunming FIR,61.1182,109.7159
Kunming FIR,62.2294,109.7159
Kunming FIR,63.3407,109.7159
Kunming FIR,64.4519,109.7159
Kunming FIR,65.5631,109.7159
Kunming FIR,66.6744,109.7159
Kunming FIR,67.7856,109.7159
Kunming FIR,68.8969,109.7159
Kunming FIR,70.0081,109.7159
Kunming FIR,71.1193,109.7159
Kunming FIR,72.2306,109.7159
Kunming FIR,73.3418,109.7159
Kunming FIR,74.4531,109.7159
Kunming FIR,75.5643,109.7159
Kunming FIR,76.6755,109.7159
Kunming FIR,77.7868,109.7159
Kunming FIR,78.898,109.7159
Kunming FIR,80.0093,109.7159
Kunming FIR,81.1205,109.7159
Kunming FIR,82.2317,109.7159
Kunming FIR,83.343,109.7159
Kunming FIR,84.4542,109.7159
Kunming FIR,85.5655,109.7159
Kunming FIR,86.6767,109.7159
Kunming FIR,87.7879,109.7159
Kunming FIR,88.8992,109.7159
Kunming FIR,90.0104,109.7158
Kunming FIR,91.1217,109.7145
Kunming FIR,92.2329,109.7062
Kunming FIR,93.3441,109.6733
Kunming FIR,94.4554,109.5822
Kunming FIR,95.5666,109.3939
Kunming FIR,96.6779,109.0156
Kunming FIR,97.7891,108.27
Kunming FIR,98.9003,106.784
Shanghai FIR,0.0,0.8648
Shanghai FIR,1.1112,41.1492
Shanghai FIR,2.2225,64.6744
Shanghai FIR,3.3337,81.3765
Shanghai FIR,4.445,93.6532
Shanghai FIR,5.5562,103.1815
Shanghai FIR,6.6674,110.7575
Shanghai FIR,7.7787,117.0354
Shanghai FIR,8.8899,122.3067
Shanghai FIR,10.0012,126.8592
Shanghai FIR,11.1124,130.6607
Shanghai FIR,12.2236,133.9184
Shanghai FIR,13.3349,136.7384
Shanghai FIR,14.4461,139.2092
Shanghai FIR,15.5574,141.4019
Shanghai FIR,16.6686,143.331
Shanghai FIR,17.7798,145.027
Shanghai FIR,18.8911,146.5125
Shanghai FIR,20.0023,147.8094
Shanghai FIR,21.1136,148.9576
Shanghai FIR,22.2248,149.9865
Shanghai FIR,23.336,150.8922
Shanghai FIR,24.4473,151.6778
Shanghai FIR,25.5585,152.3628
Shanghai FIR,26.6698,152.9721
Shanghai FIR,27.781,153.4986
Shanghai FIR,28.8922,153.9477
Shanghai FIR,30.0035,154.3359
Shanghai FIR,31.1147,154.6727
Shanghai FIR,32.226,154.9561
Shanghai FIR,33.3372,155.1956
Shanghai FIR,34.4484,155.3973
Shanghai FIR,35.5597,155.5643
Shanghai FIR,36.6709,155.6982
Shanghai FIR,37.7822,155.8059
Shanghai FIR,38.8934,155.8951
Shanghai FIR,40.0046,155.9644
Shanghai FIR,41.1159,156.0178
Shanghai FIR,42.2271,156.0579
Shanghai FIR,43.3383,156.0843
Shanghai FIR,44.4496,156.0999
Shanghai FIR,45.5608,156.1081
Shanghai FIR,46.6721,156.1118
Shanghai FIR,47.7833,156.1129
Shanghai FIR,48.8945,156.113
Shanghai FIR,50.0058,156.113
Shanghai FIR,51.117,156.113
Shanghai FIR,52.2283,156.113
Shanghai FIR,53.3395,156.113
Shanghai FIR,54.4507,156.113
Shanghai FIR,55.562,156.113
Shanghai FIR,56.6732,156.113
Shanghai FIR,57.7845,156.113
Shanghai FIR,58.8957,156.113
Shanghai FIR,60.0069,156.113
Shanghai FIR,61.1182,156.113
Shanghai FIR,62.2294,156.113
Shanghai FIR,63.3407,156.113
Shanghai FIR,64.4519,156.113
Shanghai FIR,65.5631,156.113
Shanghai FIR,66.6744,156.113
Shanghai FIR,67.7856,156.113
Shanghai FIR,68.8969,156.113
Shanghai FIR,70.0081,156.113
Shanghai FIR,71.1193,156.113
Shanghai FIR,72.2306,156.113
Shanghai FIR,73.3418,156.113
Shanghai FIR,74.4531,156.113
Shanghai FIR,75.5643,156.113
Shanghai FIR,76.6755,156.113
Shanghai FIR,77.7868,156.113
Shanghai FIR,78.898,156.1126
Shanghai FIR,80.0093,156.1095
Shanghai FIR,81.1205,156.1001
Shanghai FIR,82.2317,156.0806
Shanghai FIR,83.343,156.0432
Shanghai FIR,84.4542,155.9792
Shanghai FIR,85.5655,155.8778
Shanghai FIR,86.6767,155.7283
Shanghai FIR,87.7879,155.5215
Shanghai FIR,88.8992,155.2471
Shanghai FIR,90.0104,154.8704
Shanghai FIR,91.1217,154.3577
Shanghai FIR,92.2329,153.633
Shanghai FIR,93.3441,152.5878
Shanghai FIR,94.4554,151.114
Shanghai FIR,95.5666,148.9558
Shanghai FIR,96.6779,145.3793
Shanghai FIR,97.7891,139.3568
Shanghai FIR,98.9003,128.017
Urumqi FIR,0.0,0.5794
Urumqi FIR,1.1112,23.7407
Urumqi FIR,2.2225,37.3238
Urumqi FIR,3.3337,47.8039
Urumqi FIR,4.445,56.2141
Urumqi FIR,5.5562,63.2281
Urumqi FIR,6.6674,69.2119
Urumqi FIR,7.7787,74.4957
Urumqi FIR,8.8899,79.1684
Urumqi FIR,10.0012,83.2855
Urumqi FIR,11.1124,86.9202
Urumqi FIR,12.2236,90.1835
Urumqi FIR,13.3349,93.1077
Urumqi FIR,14.4461,95.7268
Urumqi FIR,15.5574,98.0887
Urumqi FIR,16.6686,100.2079
Urumqi FIR,17.7798,102.1076
Urumqi FIR,18.8911,103.8259
Urumqi FIR,20.0023,105.3583
Urumqi FIR,21.1136,106.7448
Urumqi FIR,22.2248,107.9933
Urumqi FIR,23.336,109.1143
Urumqi FIR,24.4473,110.1264
Urumqi FIR,25.5585,111.0318
Urumqi FIR,26.6698,111.8517
Urumqi FIR,27.781,112.5819
Urumqi FIR,28.8922,113.2241
Urumqi FIR,30.0035,113.794
Urumqi FIR,31.1147,114.2996
Urumqi FIR,32.226,114.7509
Urumqi FIR,33.3372,115.1489
Urumqi FIR,34.4484,115.4948
Urumqi FIR,35.5597,115.7989
Urumqi FIR,36.6709,116.0649
Urumqi FIR,37.7822,116.2984
Urumqi FIR,38.8934,116.4949
Urumqi FIR,40.0046,116.661
Urumqi FIR,41.1159,116.8032
Urumqi FIR,42.2271,116.9197
Urumqi FIR,43.3383,117.015
Urumqi FIR,44.4496,117.0921
Urumqi FIR,45.5608,117.1528
Urumqi FIR,46.6721,117.1996
Urumqi FIR,47.7833,117.2349
Urumqi FIR,48.8945,117.26
Urumqi FIR,50.0058,117.277
Urumqi FIR,51.117,117.2872
Urumqi FIR,52.2283,117.2927
Urumqi FIR,53.3395,117.2952
Urumqi FIR,54.4507,117.2959
Urumqi FIR,55.562,117.296
Urumqi FIR,56.6732,117.296
Urumqi FIR,57.7845,117.296
Urumqi FIR,58.8957,117.296
Urumqi FIR,60.0069,117.296
Urumqi FIR,61.1182,117.296
Urumqi FIR,62.2294,117.296
Urumqi FIR,63.3407,117.296
Urumqi FIR,64.4519,117.296
Urumqi FIR,65.5631,117.296
Urumqi FIR,66.6744,117.296
Urumqi FIR,67.7856,117.296
Urumqi FIR,68.8969,117.296
Urumqi FIR,70.0081,117.296
Urumqi FIR,71.1193,117.296
Urumqi FIR,72.2306,117.296
Urumqi FIR,73.3418,117.296
Urumqi FIR,74.4531,117.296
Urumqi FIR,75.5643,117.296
Urumqi FIR,76.6755,117.296
Urumqi FIR,77.7868,117.2959
Urumqi FIR,78.898,117.2951
Urumqi FIR,80.0093,117.2918
Urumqi FIR,81.1205,117.2844
Urumqi FIR,82.2317,117.269
Urumqi FIR,83.343,117.2431
Urumqi FIR,84.4542,117.2001
Urumqi FIR,85.5655,117.1323
Urumqi FIR,86.6767,117.0317
Urumqi FIR,87.7879,116.894
Urumqi FIR,88.8992,116.7124
Urumqi FIR,90.0104,116.4737
Urumqi FIR,91.1217,116.1646
Urumqi FIR,92.2329,115.7609
Urumqi FIR,93.3441,115.2374
Urumqi FIR,94.4554,114.5812
Urumqi FIR,95.5666,113.7053
Urumqi FIR,96.6779,112.4273
Urumqi FIR,97.7891,110.4235
Urumqi FIR,98.9003,107.2353
Shenyang FIR,0.0,1.0992
Shenyang FIR,1.1112,45.0555
Shenyang FIR,2.2225,68.8133
Shenyang FIR,3.3337,85.0452
Shenyang FIR,4.445,97.1108
Shenyang FIR,5.5562,106.5823
Shenyang FIR,6.6674,114.0631
Shenyang FIR,7.7787,120.0829
Shenyang FIR,8.8899,125.0744
Shenyang FIR,10.0012,129.2277
Shenyang FIR,11.1124,132.713
Shenyang FIR,12.2236,135.7538
Shenyang FIR,13.3349,138.3739
Shenyang FIR,14.4461,140.6387
Shenyang FIR,15.5574,142.6106
Shenyang FIR,16.6686,144.3745
Shenyang FIR,17.7798,145.948
Shenyang FIR,18.8911,147.3335
Shenyang FIR,20.0023,148.5284
Shenyang FIR,21.1136,149.5465
Shenyang FIR,22.2248,150.4273
Shenyang FIR,23.336,151.1955
Shenyang FIR,24.4473,151.8665
Shenyang FIR,25.5585,152.4557
Shenyang FIR,26.6698,152.9807
Shenyang FIR,27.781,153.441
Shenyang FIR,28.8922,153.8346
Shenyang FIR,30.0035,154.1759
Shenyang FIR,31.1147,154.4626
Shenyang FIR,32.226,154.7019
Shenyang FIR,33.3372,154.8978
Shenyang FIR,34.4484,155.0583
Shenyang FIR,35.5597,155.1835
Shenyang FIR,36.6709,155.2835
Shenyang FIR,37.7822,155.3599
Shenyang FIR,38.8934,155.4189
Shenyang FIR,40.0046,155.4601
Shenyang FIR,41.1159,155.4878
Shenyang FIR,42.2271,155.5049
Shenyang FIR,43.3383,155.5152
Shenyang FIR,44.4496,155.5207
Shenyang FIR,45.5608,155.5233
Shenyang FIR,46.6721,155.524
Shenyang FIR,47.7833,155.5241
Shenyang FIR,48.8945,155.5241
Shenyang FIR,50.0058,155.5241
Shenyang FIR,51.117,155.5241
Shenyang FIR,52.2283,155.5241
Shenyang FIR,53.3395,155.5241
Shenyang FIR,54.4507,155.5241
Shenyang FIR,55.562,155.5241
Shenyang FIR,56.6732,155.5241
Shenyang FIR,57.7845,155.5241
Shenyang FIR,58.8957,155.5241
Shenyang FIR,60.0069,155.5241
Shenyang FIR,61.1182,155.5241
Shenyang FIR,62.2294,155.5241
Shenyang FIR,63.3407,155.5241
Shenyang FIR,64.4519,155.5241
Shenyang FIR,65.5631,155.5241
Shenyang FIR,66.6744,155.5241
Shenyang FIR,67.7856,155.5241
Shenyang FIR,68.8969,155.5241
Shenyang FIR,70.0081,155.5241
Shenyang FIR,71.1193,155.5241
Shenyang FIR,72.2306,155.5241
Shenyang FIR,73.3418,155.524
Shenyang FIR,74.4531,155.5232
Shenyang FIR,75.5643,155.5205
Shenyang FIR,76.6755,155.5137
Shenyang FIR,77.7868,155.4994
Shenyang FIR,78.898,155.4732
Shenyang FIR,80.0093,155.4316
Shenyang FIR,81.1205,155.371
Shenyang FIR,82.2317,155.2861
Shenyang FIR,83.343,155.1663
Shenyang FIR,84.4542,155.0026
Shenyang FIR,85.5655,154.7838
Shenyang FIR,86.6767,154.4996
Shenyang FIR,87.7879,154.132
Shenyang FIR,88.8992,153.6542
Shenyang FIR,90.0104,153.0427
Shenyang FIR,91.1217,152.2804
Shenyang FIR,92.2329,151.3267
Shenyang FIR,93.3441,150.1495
Shenyang FIR,94.4554,148.6198
Shenyang FIR,95.5666,146.486
Shenyang FIR,96.6779,143.3525
Shenyang FIR,97.7891,138.1335
Shenyang FIR,98.9003,128.6778
