Hour,Flight distance,Contrail warming,Warming per flight distance,Region
6,0.00791794,0.0031084,0.39257688,European Airspace
7,0.00983239,0.00106356,0.10816904,European Airspace
8,0.01082011,-0.00045148,-0.04172572,European Airspace
9,0.01156303,-0.00089404,-0.07731848,European Airspace
10,0.01232597,-0.00050649,-0.04109133,European Airspace
11,0.01293373,0.00094757,0.0732634,European Airspace
12,0.01334972,0.00418575,0.31354564,European Airspace
13,0.01309724,0.00924846,0.70613773,European Airspace
14,0.01278139,0.01494203,1.16904627,European Airspace
15,0.01255616,0.02108727,1.67943696,European Airspace
16,0.01212381,0.02545931,2.09994384,European Airspace
17,0.01172878,0.02880587,2.45599954,European Airspace
18,0.01127489,0.03149575,2.79344189,European Airspace
19,0.01021371,0.03045675,2.98194771,European Airspace
20,0.00938148,0.02773605,2.95646905,European Airspace
21,0.00851432,0.02456683,2.8853537,European Airspace
22,0.00663964,0.0192335,2.89676868,European Airspace
23,0.00460763,0.01434282,3.11284,European Airspace
0,0.0032814,0.01074492,3.27449455,European Airspace
1,0.00245107,0.00721575,2.94392321,European Airspace
2,0.00258457,0.00613446,2.37349829,European Airspace
3,0.00333788,0.00674495,2.02073282,European Airspace
4,0.004258,0.00720197,1.691398,European Airspace
5,0.00549358,0.00578282,1.05265139,European Airspace
6,0.00242667,0.00818528,3.37305326,North Atlantic
7,0.00229347,0.00504505,2.19974311,North Atlantic
8,0.00203588,0.00276638,1.35881058,North Atlantic
9,0.00172686,0.00141774,0.82099354,North Atlantic
10,0.00153632,0.00064428,0.4193681,North Atlantic
11,0.0017136,0.00039071,0.2280054,North Atlantic
12,0.00205165,0.0009481,0.46211443,North Atlantic
13,0.00239366,0.00185204,0.77372685,North Atlantic
14,0.00267486,0.00243967,0.91207431,North Atlantic
15,0.0028338,0.00330444,1.16608048,North Atlantic
16,0.00274584,0.00379,1.38027005,North Atlantic
17,0.0025009,0.00450916,1.80301929,North Atlantic
18,0.00219551,0.00541633,2.46700235,North Atlantic
19,0.00185197,0.00565444,3.05320921,North Atlantic
20,0.0015402,0.00538594,3.49691731,North Atlantic
21,0.00130409,0.00516778,3.96274816,North Atlantic
22,0.00114788,0.00492335,4.2890882,North Atlantic
23,0.00107774,0.00527006,4.88991446,North Atlantic
0,0.0011489,0.00623688,5.4285719,North Atlantic
1,0.00138771,0.0078128,5.62999338,North Atlantic
2,0.00173369,0.00952313,5.49297952,North Atlantic
3,0.00212823,0.01138789,5.35088045,North Atlantic
4,0.00245418,0.01214133,4.94720935,North Atlantic
5,0.0025691,0.0109269,4.25319686,North Atlantic
6,0.00516468,0.000375,0.07260772,Continental Europe
7,0.00687067,-0.00059208,-0.08617548,Continental Europe
8,0.00761569,-0.00137703,-0.18081424,Continental Europe
9,0.00808844,-0.00158699,-0.19620465,Continental Europe
10,0.00870844,-0.00117716,-0.13517462,Continental Europe
11,0.00927962,-0.00019302,-0.02080089,Continental Europe
12,0.00928034,0.00171865,0.1851926,Continental Europe
13,0.00884711,0.00422148,0.47715933,Continental Europe
14,0.00851875,0.00779714,0.9152915,Continental Europe
15,0.00843663,0.01237886,1.46727478,Continental Europe
16,0.00826924,0.01593372,1.92686721,Continental Europe
17,0.00826743,0.01961325,2.37235295,Continental Europe
18,0.00799781,0.02208069,2.7608422,Continental Europe
19,0.007273,0.02094014,2.87916178,Continental Europe
20,0.00687925,0.01999274,2.90623979,Continental Europe
21,0.00647488,0.01831919,2.82927143,Continental Europe
22,0.00484,0.01397617,2.88763965,Continental Europe
23,0.00293963,0.00950712,3.23411771,Continental Europe
0,0.0016367,0.00601924,3.67766953,Continental Europe
1,0.00088983,0.00308732,3.46957388,Continental Europe
2,0.00073167,0.00215227,2.94156203,Continental Europe
3,0.00109436,0.00233444,2.1331466,Continental Europe
4,0.00171998,0.00239068,1.38994558,Continental Europe
5,0.00293304,0.00159614,0.54419201,Continental Europe
6,0.03609894,0.02550254,0.70646228,Global
7,0.03653596,0.02055969,0.56272484,Global
8,0.03663744,0.01989028,0.54289482,Global
9,0.03681186,0.02245719,0.61005313,Global
10,0.03757315,0.02511796,0.6685081,Global
11,0.03853867,0.02728186,0.70790874,Global
12,0.04075721,0.02975955,0.73016638,Global
13,0.0437799,0.03437295,0.78513078,Global
14,0.04693964,0.03996056,0.85131808,Global
15,0.04897483,0.0460769,0.94082815,Global
16,0.04931954,0.05016419,1.0171259,Global
17,0.0483937,0.05199086,1.07433118,Global
18,0.04784441,0.05470392,1.1433712,Global
19,0.04663564,0.05613389,1.2036692,Global
20,0.04527841,0.05597358,1.23620899,Global
21,0.04392852,0.05450725,1.24081682,Global
22,0.04112078,0.05360376,1.30356858,Global
23,0.03875325,0.05315585,1.37164871,Global
0,0.03908266,0.05281988,1.35149128,Global
1,0.04029958,0.05069297,1.25790326,Global
2,0.04094422,0.04900983,1.19699022,Global
3,0.04032302,0.04768219,1.18250538,Global
4,0.03888491,0.04372549,1.12448475,Global
5,0.03654374,0.03485687,0.95383989,Global
6,0.0047186,0.00946927,2.00679438,USA
7,0.00323466,0.00692412,2.14060348,USA
8,0.00284342,0.00643721,2.26389352,USA
9,0.00305539,0.00615899,2.01577766,USA
10,0.00323547,0.00479534,1.48211429,USA
11,0.00394657,0.00272529,0.69054671,USA
12,0.00596538,0.00049217,0.0825047,USA
13,0.00885077,-0.00119414,-0.1349199,USA
14,0.01161958,-0.00270982,-0.23321106,USA
15,0.01387044,-0.00326274,-0.23522983,USA
16,0.01537418,-0.00312225,-0.20308373,USA
17,0.0162414,-0.00271323,-0.16705625,USA
18,0.0168601,-0.0022282,-0.13215819,USA
19,0.01667433,-0.00088458,-0.05305034,USA
20,0.01625435,0.00131457,0.08087503,USA
21,0.01635332,0.00473149,0.28932927,USA
22,0.01634069,0.01021956,0.62540544,USA
23,0.01604868,0.01646324,1.02583132,USA
0,0.01513608,0.02158341,1.42595747,USA
1,0.01417426,0.02390566,1.68655502,USA
2,0.01299366,0.02426741,1.86763539,USA
3,0.01166888,0.02314696,1.98364821,USA
4,0.01015773,0.02011725,1.98048692,USA
5,0.00743895,0.01486324,1.99802856,USA
6,0.00765285,-0.00079269,-0.10358116,East Asia
7,0.00765636,0.0001917,0.02503835,East Asia
8,0.00728442,0.00164037,0.22518847,East Asia
9,0.00711907,0.00308507,0.43335208,East Asia
10,0.00720593,0.00386367,0.53617935,East Asia
11,0.00704771,0.00417798,0.5928141,East Asia
12,0.006831,0.00424613,0.62159775,East Asia
13,0.00662162,0.00412444,0.62287501,East Asia
14,0.0062616,0.00390435,0.62353847,East Asia
15,0.00568067,0.00338238,0.59541867,East Asia
16,0.00470709,0.00261938,0.55647419,East Asia
17,0.00362071,0.00209772,0.57936788,East Asia
18,0.00306454,0.0020857,0.68059223,East Asia
19,0.00298844,0.00220323,0.73725026,East Asia
20,0.00300277,0.00170169,0.56670662,East Asia
21,0.00281622,0.00070481,0.250269,East Asia
22,0.00236168,-2.86e-06,-0.00120991,East Asia
23,0.00246713,-0.00024198,-0.09808064,East Asia
0,0.00409621,-0.00066728,-0.16290205,East Asia
1,0.00591285,-0.00122745,-0.20759034,East Asia
2,0.00692718,-0.00164924,-0.23808159,East Asia
3,0.0072768,-0.00154578,-0.21242556,East Asia
4,0.00741853,-0.0014493,-0.19536213,East Asia
5,0.00751722,-0.00122673,-0.16318898,East Asia
6,0.00325619,-0.00136007,-0.41768757,Southeast Asia
7,0.0033284,-0.00102782,-0.30880281,Southeast Asia
8,0.00343385,-8.88e-05,-0.02586121,Southeast Asia
9,0.00326586,0.00159369,0.48798451,Southeast Asia
10,0.00321079,0.00318193,0.99101149,Southeast Asia
11,0.00309238,0.00450187,1.45579614,Southeast Asia
12,0.00305696,0.0051568,1.68690492,Southeast Asia
13,0.00315488,0.00583549,1.84966832,Southeast Asia
14,0.00317208,0.00649825,2.04857774,Southeast Asia
15,0.0029102,0.00603288,2.07301007,Southeast Asia
16,0.00256891,0.0048913,1.9040355,Southeast Asia
17,0.00220337,0.00386604,1.75459905,Southeast Asia
18,0.00211801,0.00429204,2.02644704,Southeast Asia
19,0.0021237,0.00536677,2.52708325,Southeast Asia
20,0.00200724,0.00535477,2.66773159,Southeast Asia
21,0.0018579,0.00376791,2.0280512,Southeast Asia
22,0.00156822,0.00184112,1.17402146,Southeast Asia
23,0.00150563,0.00032317,0.2146381,Southeast Asia
0,0.00196332,-0.00064036,-0.32616323,Southeast Asia
1,0.00225014,-0.00101572,-0.45140443,Southeast Asia
2,0.00267048,-0.00110769,-0.4147915,Southeast Asia
3,0.00315265,-0.00127935,-0.40580186,Southeast Asia
4,0.00329859,-0.0013516,-0.40975127,Southeast Asia
5,0.00323231,-0.00135134,-0.41807097,Southeast Asia
6,0.00128306,0.00230148,1.79374546,Latin America
7,0.00137478,0.00235588,1.71363494,Latin America
8,0.00140586,0.0020165,1.43435537,Latin America
9,0.00132045,0.00131651,0.99702119,Latin America
10,0.00133896,0.00056509,0.42203574,Latin America
11,0.00137503,5.488e-05,0.03990915,Latin America
12,0.00131768,-0.0001347,-0.10222486,Latin America
13,0.0013555,-0.00012263,-0.09047157,Latin America
14,0.0015168,-0.00015298,-0.10085847,Latin America
15,0.00152197,-0.00018236,-0.11981857,Latin America
16,0.00155918,-0.00017693,-0.11347718,Latin America
17,0.00150854,-0.00018297,-0.12129177,Latin America
18,0.00170486,-0.0002002,-0.11743067,Latin America
19,0.00184002,6.117e-05,0.03324604,Latin America
20,0.00176388,0.00066548,0.37727945,Latin America
21,0.00170898,0.00129202,0.75601933,Latin America
22,0.00173217,0.0018708,1.08003362,Latin America
23,0.00163555,0.00208166,1.27275654,Latin America
0,0.00161473,0.00215206,1.33276817,Latin America
1,0.00162378,0.00215032,1.32426732,Latin America
2,0.00152656,0.00213135,1.39618212,Latin America
3,0.00148641,0.00206271,1.38770951,Latin America
4,0.00152812,0.00236657,1.54867745,Latin America
5,0.00133022,0.00238666,1.79419271,Latin America
6,0.00275119,-0.0002441,-0.08872561,Africa & Middle East
7,0.0033011,-0.00041987,-0.12719257,Africa & Middle East
8,0.00377568,-0.00053452,-0.14156788,Africa & Middle East
9,0.00386442,-0.00047288,-0.12236693,Africa & Middle East
10,0.00395641,-0.0003727,-0.09420035,Africa & Middle East
11,0.00401887,-0.0003272,-0.08141664,Africa & Middle East
12,0.00428832,-0.00014386,-0.03354645,Africa & Middle East
13,0.00454814,0.00031399,0.0690377,Africa & Middle East
14,0.00477114,0.00114613,0.24022152,Africa & Middle East
15,0.00461328,0.00203031,0.44010104,Africa & Middle East
16,0.00440444,0.0028806,0.65402174,Africa & Middle East
17,0.00431726,0.00365229,0.84597353,Africa & Middle East
18,0.0042508,0.00370342,0.87122816,Africa & Middle East
19,0.00405346,0.00343017,0.84623181,Africa & Middle East
20,0.00381559,0.00320991,0.84126224,Africa & Middle East
21,0.00348299,0.00319407,0.91704733,Africa & Middle East
22,0.00326066,0.00339096,1.03996234,Africa & Middle East
23,0.00304858,0.00359671,1.17979751,Africa & Middle East
0,0.00329744,0.00369251,1.1198114,Africa & Middle East
1,0.00356709,0.00334593,0.93799997,Africa & Middle East
2,0.00341203,0.0024738,0.72502465,Africa & Middle East
3,0.00290569,0.00159901,0.55030236,Africa & Middle East
4,0.00248585,0.00077774,0.31286803,Africa & Middle East
5,0.00236631,0.00015786,0.06670996,Africa & Middle East
6,0.00791284,-0.00072584,-0.09172958,China
7,0.00778151,0.00015656,0.02011951,China
8,0.00744118,0.00156315,0.2100668,China
9,0.00728955,0.00290881,0.39903828,China
10,0.00737606,0.00386787,0.52438208,China
11,0.00726166,0.00438007,0.60317673,China
12,0.00700482,0.004541,0.64826786,China
13,0.00687426,0.00454491,0.66114929,China
14,0.0066975,0.00445293,0.66486474,China
15,0.00623315,0.00387791,0.62214277,China
16,0.00531455,0.00298679,0.56200237,China
17,0.00425474,0.00251465,0.59102355,China
18,0.00364488,0.00273378,0.75003423,China
19,0.0036717,0.00322896,0.87941856,China
20,0.00397312,0.00304392,0.76612841,China
21,0.00387497,0.00224754,0.5800163,China
22,0.00331945,0.00118952,0.35834847,China
23,0.00297469,0.00029277,0.09841952,China
0,0.00425371,-0.00050975,-0.11983627,China
1,0.00609488,-0.00128251,-0.21042423,China
2,0.00717338,-0.00168776,-0.23528148,China
3,0.0075368,-0.00153784,-0.20404486,China
4,0.00764999,-0.0013496,-0.17641818,China
5,0.00780144,-0.00112391,-0.14406467,China
6,0.00188933,-0.00031449,-0.16645865,India
7,0.00178395,-0.0002591,-0.14524087,India
8,0.00169468,-0.00012883,-0.07602029,India
9,0.00166308,-5.281e-05,-0.03175302,India
10,0.00168893,0.00014613,0.08652513,India
11,0.00166675,0.00053298,0.3197731,India
12,0.0015324,0.00072087,0.47042036,India
13,0.00147481,0.00069531,0.47145607,India
14,0.00154743,0.00101097,0.65332087,India
15,0.0017093,0.00128888,0.75404144,India
16,0.00186057,0.00141324,0.75957478,India
17,0.00193061,0.00146197,0.75725906,India
18,0.0018177,0.00133886,0.73656428,India
19,0.00169352,0.00120831,0.71348803,India
20,0.00177771,0.00153901,0.86572534,India
21,0.00194051,0.00186948,0.96339403,India
22,0.00183199,0.00199575,1.08939333,India
23,0.00149546,0.00143667,0.96069044,India
0,0.0011449,0.00046388,0.40517419,India
1,0.00132,3.499e-05,0.02650894,India
2,0.00166637,-0.00012719,-0.07632482,India
3,0.00185347,-0.00019318,-0.10422752,India
4,0.00189348,-0.00024471,-0.12923737,India
5,0.00197352,-0.00031509,-0.1596608,India
6,0.01561876,0.01752233,1.12187748,North Pacific
7,0.0165504,0.01320093,0.79762,North Pacific
8,0.01709873,0.01130434,0.66112165,North Pacific
9,0.01760693,0.01128287,0.64081973,North Pacific
10,0.01825097,0.01189589,0.65179532,North Pacific
11,0.01928533,0.01297684,0.67288631,North Pacific
12,0.02097228,0.01547989,0.73811182,North Pacific
13,0.02251386,0.02024768,0.89934328,North Pacific
14,0.02405701,0.02586458,1.07513684,North Pacific
15,0.02530162,0.03269709,1.29229206,North Pacific
16,0.02564624,0.03808011,1.48482234,North Pacific
17,0.02541828,0.04148918,1.63225729,North Pacific
18,0.02520802,0.04460237,1.76937265,North Pacific
19,0.02413522,0.04524845,1.87478923,North Pacific
20,0.02297489,0.04421536,1.92450808,North Pacific
21,0.02198261,0.04220413,1.91988667,North Pacific
22,0.02006286,0.0404899,2.01815164,North Pacific
23,0.01801519,0.03886483,2.15733648,North Pacific
0,0.01671245,0.03825082,2.2887625,North Pacific
1,0.01604358,0.03647443,2.27345897,North Pacific
2,0.01597292,0.03518671,2.20289774,North Pacific
3,0.01595586,0.03476914,2.17908323,North Pacific
4,0.01574806,0.03200954,2.03260188,North Pacific
5,0.01498008,0.02486339,1.65976303,North Pacific
6,0.00017653,0.00042689,2.41813798,Arctic
7,0.0001676,0.0003605,2.15091465,Arctic
8,0.00019391,0.00041353,2.13260748,Arctic
9,0.00022635,0.00045594,2.01436111,Arctic
10,0.00025985,0.00045077,1.73469936,Arctic
11,0.00027684,0.00048911,1.76678814,Arctic
12,0.00029654,0.0005812,1.95989741,Arctic
13,0.00032305,0.00069073,2.13812978,Arctic
14,0.00034869,0.00072496,2.07909395,Arctic
15,0.00033208,0.00061516,1.85242911,Arctic
16,0.00028202,0.00045273,1.60531713,Arctic
17,0.00025069,0.00046264,1.84547559,Arctic
18,0.00021731,0.0004176,1.92162267,Arctic
19,0.00019674,0.00037182,1.8898757,Arctic
20,0.00018481,0.00037943,2.05312029,Arctic
21,0.00018202,0.00037944,2.08456241,Arctic
22,0.00021316,0.00037714,1.76927276,Arctic
23,0.00026885,0.00047481,1.76609401,Arctic
0,0.00029229,0.00058291,1.99427618,Arctic
1,0.00029544,0.00058895,1.99345419,Arctic
2,0.00027595,0.00060329,2.18624527,Arctic
3,0.00023498,0.00057528,2.44818986,Arctic
4,0.00020645,0.00051598,2.49927282,Arctic
5,0.00019695,0.00050368,2.55744963,Arctic
6,1.09e-06,1.72e-06,1.58951814,Honiara FIR
7,6.5e-07,1.81e-06,2.77850832,Honiara FIR
8,7.1e-07,5.8e-07,0.81563314,Honiara FIR
9,7.8e-07,1.26e-06,1.60087144,Honiara FIR
10,2.39e-06,6.28e-06,2.62850654,Honiara FIR
11,1.97e-06,5.74e-06,2.91711649,Honiara FIR
12,8.4e-07,3.4e-06,4.04055133,Honiara FIR
13,1.49e-06,3.83e-06,2.56737622,Honiara FIR
14,5.01e-06,7.31e-06,1.45969139,Honiara FIR
15,1.92e-06,4.56e-06,2.36863134,Honiara FIR
16,8.07e-06,3.237e-05,4.01398659,Honiara FIR
17,6.59e-06,2.943e-05,4.46593185,Honiara FIR
18,1.9e-06,5.29e-06,2.77579375,Honiara FIR
19,2.18e-06,6.2e-07,0.28510146,Honiara FIR
20,1.09e-06,-1.08e-06,-0.98908111,Honiara FIR
21,7.3e-07,-6.2e-07,-0.85389461,Honiara FIR
22,3.7e-07,-4.4e-07,-1.17739134,Honiara FIR
23,2.77e-06,-1.085e-05,-3.91437747,Honiara FIR
0,6.76e-06,-1.287e-05,-1.90233876,Honiara FIR
1,5.31e-06,-4.93e-06,-0.92898656,Honiara FIR
2,9.79e-06,-1.097e-05,-1.11986501,Honiara FIR
3,5.13e-06,-2.67e-06,-0.52026999,Honiara FIR
4,3.71e-06,-4.2e-06,-1.13363601,Honiara FIR
5,2.51e-06,-9e-08,-0.03406679,Honiara FIR
6,9.7e-07,2.4e-07,0.24251171,Nauru FIR
7,4.7e-07,5.2e-07,1.11013701,Nauru FIR
8,4.2e-07,1.5e-06,3.60801254,Nauru FIR
9,5.6e-07,5e-08,0.08766292,Nauru FIR
10,7.4e-07,3.5e-07,0.47153642,Nauru FIR
11,3.7e-07,1.3e-07,0.34466842,Nauru FIR
12,5.5e-07,1e-08,0.01394249,Nauru FIR
13,8.2e-07,1.4e-07,0.17287825,Nauru FIR
14,2.4e-07,3.8e-07,1.55213961,Nauru FIR
15,4.2e-07,7.6e-07,1.81974413,Nauru FIR
16,1.13e-06,2.69e-06,2.37805447,Nauru FIR
17,8.2e-07,2.11e-06,2.58685233,Nauru FIR
18,2.58e-06,2.26e-06,0.87804691,Nauru FIR
19,2.69e-06,-1.9e-07,-0.07221124,Nauru FIR
20,8.3e-07,-4e-07,-0.48164543,Nauru FIR
21,2.6e-07,-1e-08,-0.05588303,Nauru FIR
22,1.6e-07,-5e-08,-0.29466448,Nauru FIR
23,4.5e-07,-8e-07,-1.79973448,Nauru FIR
0,5.2e-07,-8e-07,-1.54444277,Nauru FIR
1,1.95e-06,-2.35e-06,-1.20777884,Nauru FIR
2,1.75e-06,-4.03e-06,-2.2971203,Nauru FIR
3,4.6e-07,-1.07e-06,-2.33303682,Nauru FIR
4,1.01e-06,-1.35e-06,-1.32712497,Nauru FIR
5,1.28e-06,7.5e-07,0.59093711,Nauru FIR
6,1.106e-05,4.03e-06,0.3638491,Port Moresby FIR
7,6.57e-06,8.14e-06,1.23897035,Port Moresby FIR
8,1.144e-05,2.037e-05,1.7809051,Port Moresby FIR
9,5.18e-06,1.444e-05,2.78880364,Port Moresby FIR
10,1.83e-06,7.04e-06,3.85701937,Port Moresby FIR
11,1.55e-06,5.19e-06,3.35272352,Port Moresby FIR
12,3.83e-06,1.688e-05,4.41318113,Port Moresby FIR
13,9.74e-06,5.658e-05,5.80605063,Port Moresby FIR
14,9.98e-06,4.117e-05,4.12447614,Port Moresby FIR
15,2.326e-05,5.637e-05,2.42356532,Port Moresby FIR
16,2.693e-05,0.00012738,4.72941247,Port Moresby FIR
17,4.066e-05,0.00019911,4.89705212,Port Moresby FIR
18,4.045e-05,0.00013497,3.33687623,Port Moresby FIR
19,3.402e-05,8.348e-05,2.45363108,Port Moresby FIR
20,1.551e-05,1.308e-05,0.84321395,Port Moresby FIR
21,6.24e-06,-3.11e-06,-0.49771352,Port Moresby FIR
22,4.36e-06,-3.77e-06,-0.86584953,Port Moresby FIR
23,8.68e-06,-7.35e-06,-0.84724225,Port Moresby FIR
0,9.15e-06,-1.463e-05,-1.59850077,Port Moresby FIR
1,1.237e-05,-2.045e-05,-1.65268735,Port Moresby FIR
2,1.556e-05,-1.362e-05,-0.87509805,Port Moresby FIR
3,3.426e-05,-4.462e-05,-1.30250043,Port Moresby FIR
4,3.341e-05,-3.746e-05,-1.1213696,Port Moresby FIR
5,2.518e-05,-1.675e-05,-0.66494703,Port Moresby FIR
6,9.593e-05,0.00020548,2.14187668,Nuuk FIR
7,0.00010668,0.00022348,2.09478954,Nuuk FIR
8,0.00010032,0.00016162,1.61104407,Nuuk FIR
9,7.928e-05,9.401e-05,1.18580041,Nuuk FIR
10,7.052e-05,9.45e-05,1.34011435,Nuuk FIR
11,6.776e-05,9.374e-05,1.38331572,Nuuk FIR
12,8.608e-05,0.00016772,1.94839388,Nuuk FIR
13,0.00015643,0.00029889,1.9106827,Nuuk FIR
14,0.00019944,0.00036419,1.82607636,Nuuk FIR
15,0.00020113,0.00034029,1.69187703,Nuuk FIR
16,0.00017149,0.00030841,1.79841028,Nuuk FIR
17,0.00016557,0.0003098,1.87111228,Nuuk FIR
18,0.00014577,0.00032709,2.2438361,Nuuk FIR
19,0.00013923,0.00034505,2.47832429,Nuuk FIR
20,0.00010865,0.00028089,2.58527327,Nuuk FIR
21,6.413e-05,0.00022981,3.58362468,Nuuk FIR
22,4.803e-05,0.00014897,3.10135319,Nuuk FIR
23,3.646e-05,0.00012548,3.44132689,Nuuk FIR
0,2.896e-05,0.00011617,4.01164398,Nuuk FIR
1,3.316e-05,0.00011209,3.38055246,Nuuk FIR
2,5.03e-05,0.00010923,2.17161276,Nuuk FIR
3,5.965e-05,0.00012073,2.02406798,Nuuk FIR
4,6.002e-05,0.00012124,2.01991818,Nuuk FIR
5,8.909e-05,0.00018795,2.10969542,Nuuk FIR
6,0.00010477,0.00019349,1.84677283,Reykjavik FIR
7,9.997e-05,0.00020509,2.05146662,Reykjavik FIR
8,0.00012419,0.00019598,1.57807208,Reykjavik FIR
9,0.00017901,0.00019233,1.07441182,Reykjavik FIR
10,0.00013402,0.00012795,0.95474665,Reykjavik FIR
11,0.0001591,0.00013185,0.82875181,Reykjavik FIR
12,0.00021521,0.00024472,1.13714805,Reykjavik FIR
13,0.00023455,0.00043092,1.8372232,Reykjavik FIR
14,0.0002399,0.00044289,1.84611624,Reykjavik FIR
15,0.00023515,0.00042986,1.82802077,Reykjavik FIR
16,0.00020255,0.00043477,2.14644828,Reykjavik FIR
17,0.00015195,0.00043475,2.86119754,Reykjavik FIR
18,0.00015369,0.0004325,2.81413449,Reykjavik FIR
19,0.00011942,0.0004079,3.41553238,Reykjavik FIR
20,7.93e-05,0.00032395,4.08541129,Reykjavik FIR
21,5.839e-05,0.00026249,4.49573009,Reykjavik FIR
22,4.099e-05,0.00016887,4.11958167,Reykjavik FIR
23,3.561e-05,0.00017021,4.78035489,Reykjavik FIR
0,3.166e-05,0.00018383,5.80636577,Reykjavik FIR
1,2.597e-05,0.00014387,5.53970818,Reykjavik FIR
2,2.436e-05,0.00011437,4.69522222,Reykjavik FIR
3,3.783e-05,0.00012421,3.28305054,Reykjavik FIR
4,6.761e-05,0.00016451,2.43317012,Reykjavik FIR
5,8.348e-05,0.00021396,2.56320209,Reykjavik FIR
6,0.00017315,0.00065923,3.80731988,Edmonton FIR
7,0.00014905,0.0005922,3.97328917,Edmonton FIR
8,0.00012805,0.00047873,3.73849237,Edmonton FIR
9,0.00013426,0.00050844,3.78705666,Edmonton FIR
10,0.00019661,0.00065271,3.3198018,Edmonton FIR
11,0.00020207,0.00044625,2.20840204,Edmonton FIR
12,0.00016369,0.00025765,1.57395208,Edmonton FIR
13,0.00015403,9.191e-05,0.59671395,Edmonton FIR
14,0.00021471,5.31e-06,0.02471807,Edmonton FIR
15,0.00028103,-2.7e-06,-0.00959866,Edmonton FIR
16,0.00032639,1.8e-06,0.00551661,Edmonton FIR
17,0.00035984,-2.447e-05,-0.06800176,Edmonton FIR
18,0.0003748,2.697e-05,0.07196574,Edmonton FIR
19,0.0003726,5.197e-05,0.1394767,Edmonton FIR
20,0.00038733,0.00010816,0.27924613,Edmonton FIR
21,0.00041743,0.00017104,0.40975435,Edmonton FIR
22,0.00043206,0.00025805,0.59725982,Edmonton FIR
23,0.00040092,0.00038461,0.9593251,Edmonton FIR
0,0.0003591,0.00058421,1.62685847,Edmonton FIR
1,0.00033287,0.00067732,2.03479098,Edmonton FIR
2,0.00030584,0.00093681,3.06311451,Edmonton FIR
3,0.00026437,0.00106092,4.01299127,Edmonton FIR
4,0.00022964,0.00098934,4.30828409,Edmonton FIR
5,0.00018997,0.00081264,4.27781056,Edmonton FIR
6,0.00012847,0.00053821,4.1893145,Moncton FIR
7,7.084e-05,0.00025947,3.66270715,Moncton FIR
8,4.036e-05,0.0001054,2.6113822,Moncton FIR
9,3.617e-05,4.642e-05,1.28349831,Moncton FIR
10,4.449e-05,1.811e-05,0.40702102,Moncton FIR
11,4.392e-05,-5.9e-06,-0.13438527,Moncton FIR
12,4.323e-05,-2.57e-05,-0.5944898,Moncton FIR
13,5.14e-05,-1.651e-05,-0.32113329,Moncton FIR
14,7.076e-05,-2.822e-05,-0.3987581,Moncton FIR
15,0.00011485,-4.691e-05,-0.40843601,Moncton FIR
16,0.00015765,-7.978e-05,-0.50604219,Moncton FIR
17,0.00016344,-5.19e-05,-0.31757633,Moncton FIR
18,0.00015695,-1.489e-05,-0.09487454,Moncton FIR
19,0.00012848,4.694e-05,0.36535521,Moncton FIR
20,9.833e-05,0.0001054,1.07187589,Moncton FIR
21,8.488e-05,0.00016116,1.89861988,Moncton FIR
22,0.00010502,0.00036737,3.49817193,Moncton FIR
23,0.00014939,0.00070389,4.71183578,Moncton FIR
0,0.0002194,0.0011836,5.39467204,Moncton FIR
1,0.00028309,0.00154238,5.44846786,Moncton FIR
2,0.00026634,0.00133291,5.00452358,Moncton FIR
3,0.00024256,0.00119827,4.94012101,Moncton FIR
4,0.00022522,0.00100454,4.46032743,Moncton FIR
5,0.00020192,0.00085481,4.23336372,Moncton FIR
6,0.00092255,0.00349279,3.78601429,Gander FIR
7,0.00076072,0.0022286,2.92957592,Gander FIR
8,0.00052216,0.00102455,1.96213951,Gander FIR
9,0.00036186,0.00045368,1.25374461,Gander FIR
10,0.00028532,0.00016703,0.58540914,Gander FIR
11,0.00026889,0.00011336,0.42157689,Gander FIR
12,0.00036382,0.00017231,0.47362338,Gander FIR
13,0.00062686,0.00032864,0.52426272,Gander FIR
14,0.00090242,0.00041748,0.46262747,Gander FIR
15,0.0010396,0.00047366,0.45561379,Gander FIR
16,0.00102893,0.00069822,0.67858789,Gander FIR
17,0.00092125,0.00085429,0.92731322,Gander FIR
18,0.0007263,0.00090603,1.24746058,Gander FIR
19,0.00061582,0.00114008,1.85133631,Gander FIR
20,0.00053137,0.00138284,2.60237628,Gander FIR
21,0.00046123,0.00148089,3.21074208,Gander FIR
22,0.00035728,0.00136618,3.82385885,Gander FIR
23,0.00031659,0.00145102,4.58324242,Gander FIR
0,0.000374,0.00194348,5.19649564,Gander FIR
1,0.00057056,0.00308253,5.40259336,Gander FIR
2,0.00084563,0.00454121,5.37017889,Gander FIR
3,0.00101488,0.00543192,5.35228064,Gander FIR
4,0.001007,0.00515768,5.12182896,Gander FIR
5,0.00096552,0.00427697,4.42973156,Gander FIR
6,0.0001594,0.00048208,3.02441026,Montreal FIR
7,0.00013776,0.00032934,2.3906073,Montreal FIR
8,0.00016324,0.00030476,1.86687895,Montreal FIR
9,0.00014089,0.00018324,1.30056638,Montreal FIR
10,0.00010247,4.931e-05,0.48117262,Montreal FIR
11,0.00010639,1.127e-05,0.10595406,Montreal FIR
12,0.00010358,-1.622e-05,-0.15658098,Montreal FIR
13,0.00011492,-1.412e-05,-0.12290973,Montreal FIR
14,0.00018277,-5e-06,-0.02736176,Montreal FIR
15,0.00029949,6.26e-06,0.02091306,Montreal FIR
16,0.00039806,1.168e-05,0.02933226,Montreal FIR
17,0.00042808,1.301e-05,0.0303859,Montreal FIR
18,0.00045194,3.957e-05,0.08755528,Montreal FIR
19,0.00040194,0.00010794,0.26854916,Montreal FIR
20,0.00035694,0.00019143,0.53631588,Montreal FIR
21,0.00032915,0.00026584,0.80765304,Montreal FIR
22,0.00030491,0.00037651,1.23481695,Montreal FIR
23,0.00026717,0.00045615,1.70735882,Montreal FIR
0,0.00026385,0.00059833,2.26768487,Montreal FIR
1,0.00025838,0.00079334,3.07044785,Montreal FIR
2,0.00024315,0.00078213,3.21666755,Montreal FIR
3,0.00025146,0.00075593,3.0061825,Montreal FIR
4,0.00024474,0.00080007,3.26902789,Montreal FIR
5,0.00020542,0.00067719,3.29666649,Montreal FIR
6,8.086e-05,0.00036312,4.49073172,Vancouver FIR
7,6.352e-05,0.00026829,4.22350025,Vancouver FIR
8,4.695e-05,0.00020109,4.28293834,Vancouver FIR
9,3.498e-05,0.00014222,4.06535903,Vancouver FIR
10,5.715e-05,0.0002674,4.67918129,Vancouver FIR
11,6.386e-05,0.0003095,4.84649042,Vancouver FIR
12,4.241e-05,0.00015832,3.73323409,Vancouver FIR
13,3.584e-05,6.618e-05,1.84671031,Vancouver FIR
14,6.683e-05,9.6e-07,0.01431511,Vancouver FIR
15,9.048e-05,-6.72e-06,-0.0742573,Vancouver FIR
16,0.00011779,-2.648e-05,-0.22479691,Vancouver FIR
17,0.00013938,-5.436e-05,-0.38999513,Vancouver FIR
18,0.00016975,-4.906e-05,-0.28898534,Vancouver FIR
19,0.00017627,-5.126e-05,-0.29080261,Vancouver FIR
20,0.00017196,-5.614e-05,-0.32646109,Vancouver FIR
21,0.00017239,-4.408e-05,-0.25572177,Vancouver FIR
22,0.00018809,1.356e-05,0.0720964,Vancouver FIR
23,0.00016975,0.00012241,0.72113492,Vancouver FIR
0,0.0001378,0.0001845,1.33885712,Vancouver FIR
1,0.00013046,0.00023998,1.83954062,Vancouver FIR
2,0.00013262,0.00040069,3.02144589,Vancouver FIR
3,0.00012038,0.00044453,3.69282972,Vancouver FIR
4,0.00011289,0.00045918,4.06741528,Vancouver FIR
5,9.401e-05,0.00043049,4.57917552,Vancouver FIR
6,0.00014507,0.00047016,3.24094067,Winnipeg FIR
7,0.00013585,0.00046066,3.39097545,Winnipeg FIR
8,0.00013753,0.00042842,3.11508464,Winnipeg FIR
9,0.00013612,0.00037843,2.78013494,Winnipeg FIR
10,8.849e-05,0.00019028,2.15027614,Winnipeg FIR
11,6.63e-05,9.654e-05,1.45614943,Winnipeg FIR
12,8.8e-05,4.115e-05,0.46768894,Winnipeg FIR
13,0.00011999,-1.693e-05,-0.14109964,Winnipeg FIR
14,0.0001367,-3.498e-05,-0.25587825,Winnipeg FIR
15,0.00019183,-7.382e-05,-0.38481152,Winnipeg FIR
16,0.00025992,-7.697e-05,-0.29611669,Winnipeg FIR
17,0.00028273,-4.12e-05,-0.14573249,Winnipeg FIR
18,0.00030381,-6.02e-06,-0.01980038,Winnipeg FIR
19,0.00032983,3.073e-05,0.0931772,Winnipeg FIR
20,0.00034181,9.819e-05,0.28727417,Winnipeg FIR
21,0.00033476,0.00020596,0.61523705,Winnipeg FIR
22,0.00029888,0.00030834,1.03164839,Winnipeg FIR
23,0.00027337,0.00040374,1.47691799,Winnipeg FIR
0,0.00025556,0.00057187,2.23767265,Winnipeg FIR
1,0.00023333,0.00072786,3.11947505,Winnipeg FIR
2,0.00023742,0.00084827,3.57285753,Winnipeg FIR
3,0.00024884,0.00102021,4.09991679,Winnipeg FIR
4,0.00020383,0.00082322,4.03878775,Winnipeg FIR
5,0.00016355,0.00057934,3.54226468,Winnipeg FIR
6,7.005e-05,0.00013773,1.96609585,Toronto FIR
7,5.911e-05,0.00013086,2.21370949,Toronto FIR
8,5.335e-05,0.00013462,2.52329925,Toronto FIR
9,4.873e-05,0.00010387,2.13175713,Toronto FIR
10,6.522e-05,6.442e-05,0.98780275,Toronto FIR
11,0.0001107,2.3e-05,0.20772557,Toronto FIR
12,0.00017068,-2.311e-05,-0.13542198,Toronto FIR
13,0.0002095,-8.047e-05,-0.3841141,Toronto FIR
14,0.00022767,-9.805e-05,-0.43066697,Toronto FIR
15,0.00022983,-6.293e-05,-0.27379232,Toronto FIR
16,0.00022229,-5.559e-05,-0.25008109,Toronto FIR
17,0.00024999,-3.429e-05,-0.13716187,Toronto FIR
18,0.00027147,-2.302e-05,-0.08480102,Toronto FIR
19,0.00030924,1.981e-05,0.06407371,Toronto FIR
20,0.00029404,7.655e-05,0.26032979,Toronto FIR
21,0.00029724,0.00013533,0.45529078,Toronto FIR
22,0.00030603,0.00024544,0.80199666,Toronto FIR
23,0.00032893,0.00041887,1.27343885,Toronto FIR
0,0.00030219,0.00055832,1.84755707,Toronto FIR
1,0.00028784,0.00059255,2.05858608,Toronto FIR
2,0.00025606,0.00051346,2.00521996,Toronto FIR
3,0.00022277,0.00047928,2.15144745,Toronto FIR
4,0.00018832,0.00042478,2.25563436,Toronto FIR
5,0.0001223,0.00027547,2.25233539,Toronto FIR
6,5.109e-05,-1.66e-06,-0.03248135,Alger FIR
7,5.029e-05,-5.6e-06,-0.11130955,Alger FIR
8,5.687e-05,-1.293e-05,-0.22738024,Alger FIR
9,7.426e-05,-1.773e-05,-0.23879895,Alger FIR
10,8.423e-05,-1.037e-05,-0.12307672,Alger FIR
11,0.00010851,-2.297e-05,-0.21173386,Alger FIR
12,0.00012403,-1.576e-05,-0.12708022,Alger FIR
13,0.00014069,1.14e-06,0.00811618,Alger FIR
14,0.00013076,2.644e-05,0.20216751,Alger FIR
15,0.00012924,6.143e-05,0.4752726,Alger FIR
16,0.00013345,9.795e-05,0.73396762,Alger FIR
17,0.00012697,0.0001104,0.86949233,Alger FIR
18,0.00010193,0.00010126,0.99336977,Alger FIR
19,8.277e-05,9.372e-05,1.13226832,Alger FIR
20,8.387e-05,7.197e-05,0.85810616,Alger FIR
21,8.75e-05,8.709e-05,0.99535254,Alger FIR
22,9.318e-05,0.00011079,1.18899264,Alger FIR
23,9.356e-05,0.0001214,1.29761354,Alger FIR
0,0.00011525,0.00011955,1.03733582,Alger FIR
1,0.0001669,0.00013673,0.8192159,Alger FIR
2,0.00020038,0.0001401,0.69917583,Alger FIR
3,0.00017394,9.97e-05,0.57320134,Alger FIR
4,0.00011833,4.299e-05,0.36332012,Alger FIR
5,8.226e-05,1.105e-05,0.13429437,Alger FIR
6,0.00050123,1.63e-06,0.00326059,Accra FIR
7,0.00050303,-5.1e-07,-0.00100433,Accra FIR
8,0.00050807,-3.16e-06,-0.00620991,Accra FIR
9,0.00050947,-3.29e-06,-0.00646718,Accra FIR
10,0.00053249,-6.05e-06,-0.01136112,Accra FIR
11,0.00056753,-1.223e-05,-0.02155549,Accra FIR
12,0.0006028,-8.71e-06,-0.01444776,Accra FIR
13,0.00063388,-8.2e-06,-0.01293272,Accra FIR
14,0.00068401,2.8e-07,0.0004045,Accra FIR
15,0.00070006,8.67e-06,0.01238742,Accra FIR
16,0.00069839,2.073e-05,0.0296803,Accra FIR
17,0.00067645,3.544e-05,0.05238971,Accra FIR
18,0.00065963,6.993e-05,0.10601805,Accra FIR
19,0.00064589,5.883e-05,0.09107655,Accra FIR
20,0.00063638,3.528e-05,0.0554309,Accra FIR
21,0.00063202,4.741e-05,0.07501793,Accra FIR
22,0.00060216,9.336e-05,0.15504186,Accra FIR
23,0.00057412,0.00010264,0.17877307,Accra FIR
0,0.00056857,9.042e-05,0.1590253,Accra FIR
1,0.00057689,6.26e-05,0.10851015,Accra FIR
2,0.00058215,7.996e-05,0.13734616,Accra FIR
3,0.00056459,7.289e-05,0.12910539,Accra FIR
4,0.00053973,4.671e-05,0.08654377,Accra FIR
5,0.00050141,1.582e-05,0.03155021,Accra FIR
6,1.594e-05,7.45e-06,0.46764582,Kano FIR
7,3.165e-05,2.95e-06,0.09306347,Kano FIR
8,2.519e-05,2.42e-06,0.09619492,Kano FIR
9,2.964e-05,1.79e-06,0.06054571,Kano FIR
10,3.453e-05,1.65e-06,0.04776665,Kano FIR
11,5.413e-05,1.54e-06,0.02837776,Kano FIR
12,4.078e-05,1.447e-05,0.35476489,Kano FIR
13,5.061e-05,1.28e-05,0.25289841,Kano FIR
14,5.2e-05,1.66e-05,0.31933554,Kano FIR
15,4.901e-05,1.919e-05,0.39147819,Kano FIR
16,4.098e-05,5.422e-05,1.3230054,Kano FIR
17,3.415e-05,6.052e-05,1.77242435,Kano FIR
18,3.852e-05,5.441e-05,1.41253079,Kano FIR
19,3.675e-05,5.704e-05,1.55227251,Kano FIR
20,2.926e-05,4.621e-05,1.57909674,Kano FIR
21,2.573e-05,3.99e-05,1.55064631,Kano FIR
22,2.976e-05,7.532e-05,2.53053429,Kano FIR
23,3.401e-05,0.00016247,4.7764915,Kano FIR
0,3.702e-05,0.00024642,6.65698307,Kano FIR
1,2.772e-05,0.00014315,5.16396326,Kano FIR
2,1.766e-05,6.418e-05,3.6353271,Kano FIR
3,2.044e-05,6.021e-05,2.94603713,Kano FIR
4,1.999e-05,5.896e-05,2.94909578,Kano FIR
5,1.45e-05,2.843e-05,1.96026869,Kano FIR
6,1.315e-05,3.6e-06,0.27359979,Niamey FIR
7,1.391e-05,4.51e-06,0.32432378,Niamey FIR
8,1.378e-05,3.81e-06,0.27629067,Niamey FIR
9,1.334e-05,7.2e-06,0.53949329,Niamey FIR
10,1.525e-05,1.779e-05,1.1669171,Niamey FIR
11,1.863e-05,1.77e-05,0.94990916,Niamey FIR
12,1.866e-05,2.241e-05,1.20092239,Niamey FIR
13,2.388e-05,2.04e-05,0.85421703,Niamey FIR
14,3.522e-05,2.795e-05,0.79368138,Niamey FIR
15,3.948e-05,4.713e-05,1.19371684,Niamey FIR
16,3.146e-05,5.317e-05,1.69012584,Niamey FIR
17,2.957e-05,6.51e-05,2.20185297,Niamey FIR
18,2.897e-05,8.286e-05,2.86048768,Niamey FIR
19,3.884e-05,9.77e-05,2.51565353,Niamey FIR
20,2.829e-05,6.188e-05,2.18726577,Niamey FIR
21,2.822e-05,5.829e-05,2.06564947,Niamey FIR
22,2.54e-05,5e-05,1.96851257,Niamey FIR
23,4.453e-05,8.31e-05,1.86618861,Niamey FIR
0,7.686e-05,0.00013342,1.73597586,Niamey FIR
1,8.874e-05,0.00015509,1.74765983,Niamey FIR
2,7.49e-05,0.00011112,1.4835826,Niamey FIR
3,5.758e-05,8.099e-05,1.40644867,Niamey FIR
4,3.399e-05,4.165e-05,1.2251749,Niamey FIR
5,1.454e-05,1.575e-05,1.08351548,Niamey FIR
6,1.525e-05,-3.69e-06,-0.24163334,Tunis FIR
7,1.996e-05,-4.68e-06,-0.23456876,Tunis FIR
8,2.472e-05,-6.53e-06,-0.26412272,Tunis FIR
9,3.021e-05,-6.74e-06,-0.22310125,Tunis FIR
10,3.396e-05,-7.77e-06,-0.22874962,Tunis FIR
11,3.474e-05,-9.44e-06,-0.27177345,Tunis FIR
12,3.453e-05,-8.55e-06,-0.24771401,Tunis FIR
13,2.799e-05,-5.25e-06,-0.18753239,Tunis FIR
14,2.74e-05,-1.73e-06,-0.06321838,Tunis FIR
15,3.024e-05,7.21e-06,0.23847137,Tunis FIR
16,4.31e-05,1.408e-05,0.32663,Tunis FIR
17,4.207e-05,2.339e-05,0.55594491,Tunis FIR
18,2.959e-05,1.698e-05,0.5737519,Tunis FIR
19,2.74e-05,1.845e-05,0.67349925,Tunis FIR
20,2.135e-05,2.063e-05,0.9663995,Tunis FIR
21,2.287e-05,1.881e-05,0.82243876,Tunis FIR
22,2.301e-05,1.927e-05,0.8373735,Tunis FIR
23,2.449e-05,2.304e-05,0.94080232,Tunis FIR
0,1.754e-05,1.734e-05,0.98814341,Tunis FIR
1,1.374e-05,1.185e-05,0.86240236,Tunis FIR
2,1.945e-05,1.411e-05,0.72576316,Tunis FIR
3,1.753e-05,1.101e-05,0.62841825,Tunis FIR
4,2.046e-05,5.06e-06,0.24754416,Tunis FIR
5,1.687e-05,-2.1e-07,-0.0126823,Tunis FIR
6,0.0001222,3.634e-05,0.2973696,Brussels FIR
7,0.00016475,5.142e-05,0.3121158,Brussels FIR
8,0.00016999,1.837e-05,0.10808164,Brussels FIR
9,0.0001722,1.644e-05,0.09545268,Brussels FIR
10,0.0001817,1.111e-05,0.06113187,Brussels FIR
11,0.00017476,4.135e-05,0.2366353,Brussels FIR
12,0.00017863,7.287e-05,0.40795389,Brussels FIR
13,0.00017553,0.00011296,0.64354541,Brussels FIR
14,0.00016723,0.00018612,1.11291357,Brussels FIR
15,0.00016784,0.00028412,1.69287441,Brussels FIR
16,0.00016892,0.00034861,2.063702,Brussels FIR
17,0.0001686,0.00043034,2.55238997,Brussels FIR
18,0.00017276,0.00044957,2.60223771,Brussels FIR
19,0.00015408,0.00044352,2.87854962,Brussels FIR
20,0.00015292,0.00046433,3.03638534,Brussels FIR
21,0.0001512,0.00047716,3.15589349,Brussels FIR
22,0.00011795,0.0003535,2.99714222,Brussels FIR
23,8.231e-05,0.00028019,3.40410672,Brussels FIR
0,4.455e-05,0.00014563,3.26877635,Brussels FIR
1,2.476e-05,8.086e-05,3.26568532,Brussels FIR
2,1.813e-05,5.079e-05,2.8018162,Brussels FIR
3,2.84e-05,5.196e-05,1.82976764,Brussels FIR
4,3.684e-05,4.844e-05,1.31472157,Brussels FIR
5,6.892e-05,3.593e-05,0.52140691,Brussels FIR
6,0.00037101,-2.08e-06,-0.00561803,Langen FIR
7,0.00046813,-1.23e-05,-0.02627549,Langen FIR
8,0.00048006,-5.284e-05,-0.11007309,Langen FIR
9,0.00052964,-6.302e-05,-0.11898165,Langen FIR
10,0.00056489,4.1e-07,0.00072821,Langen FIR
11,0.00057176,6.419e-05,0.11225962,Langen FIR
12,0.00053627,0.00019045,0.35514385,Langen FIR
13,0.00052053,0.00037726,0.72477071,Langen FIR
14,0.0005228,0.00056706,1.08465385,Langen FIR
15,0.00052593,0.00085383,1.62347485,Langen FIR
16,0.00053179,0.00105477,1.98341876,Langen FIR
17,0.00052431,0.00115022,2.19377545,Langen FIR
18,0.00051943,0.00126274,2.4310248,Langen FIR
19,0.00045306,0.00112674,2.48695879,Langen FIR
20,0.00044654,0.00121497,2.72086934,Langen FIR
21,0.00042213,0.00122102,2.89253036,Langen FIR
22,0.00027359,0.00093174,3.4055402,Langen FIR
23,0.00017449,0.00077282,4.42907585,Langen FIR
0,0.00010286,0.00046575,4.52811158,Langen FIR
1,6.021e-05,0.00022377,3.71658617,Langen FIR
2,4.32e-05,0.00015049,3.48368803,Langen FIR
3,7.291e-05,0.00015928,2.18456346,Langen FIR
4,0.00012855,0.00016255,1.26442157,Langen FIR
5,0.00021787,9.15e-05,0.41996454,Langen FIR
6,0.00023417,-5.74e-05,-0.24512072,Munchen FIR
7,0.00028023,-7.585e-05,-0.27066071,Munchen FIR
8,0.00028922,-9.237e-05,-0.3193745,Munchen FIR
9,0.00031364,-6.749e-05,-0.21518394,Munchen FIR
10,0.00033991,-1.714e-05,-0.05042789,Munchen FIR
11,0.00036326,5.714e-05,0.15730526,Munchen FIR
12,0.00034629,0.0001773,0.51198548,Munchen FIR
13,0.00033166,0.00034381,1.03663324,Munchen FIR
14,0.0003291,0.00050883,1.54613052,Munchen FIR
15,0.00032976,0.00079268,2.40381519,Munchen FIR
16,0.00033372,0.00088859,2.66271404,Munchen FIR
17,0.00033617,0.00098789,2.93869955,Munchen FIR
18,0.00032877,0.00102231,3.10954715,Munchen FIR
19,0.00029428,0.00086247,2.93075034,Munchen FIR
20,0.0002782,0.000796,2.86130038,Munchen FIR
21,0.00026446,0.00071871,2.71761644,Munchen FIR
22,0.00018368,0.00051647,2.8117599,Munchen FIR
23,0.0001175,0.00042838,3.64592248,Munchen FIR
0,7.775e-05,0.00034762,4.47082976,Munchen FIR
1,4.196e-05,0.00016716,3.98362171,Munchen FIR
2,3.213e-05,0.00010804,3.36227341,Munchen FIR
3,4.992e-05,9.982e-05,1.9998001,Munchen FIR
4,8.669e-05,0.00010398,1.19949899,Munchen FIR
5,0.00015228,4.457e-05,0.29267641,Munchen FIR
6,0.00019871,2.934e-05,0.14767072,Bremen FIR
7,0.00025736,1.92e-06,0.00744313,Bremen FIR
8,0.00027105,-1.742e-05,-0.06426283,Bremen FIR
9,0.0002933,-2.302e-05,-0.07848354,Bremen FIR
10,0.00033033,2.293e-05,0.06941338,Bremen FIR
11,0.00032493,0.00013962,0.42968771,Bremen FIR
12,0.00030674,0.00026311,0.85777706,Bremen FIR
13,0.00029535,0.00040471,1.37030507,Bremen FIR
14,0.00030699,0.00059306,1.93187148,Bremen FIR
15,0.00028768,0.00075833,2.63601253,Bremen FIR
16,0.00029385,0.00079377,2.70127529,Bremen FIR
17,0.00029944,0.00096209,3.21292649,Bremen FIR
18,0.0003079,0.0011733,3.81058451,Bremen FIR
19,0.00028357,0.00103034,3.63349528,Bremen FIR
20,0.00028485,0.00113958,4.00064842,Bremen FIR
21,0.00025758,0.00106873,4.14905396,Bremen FIR
22,0.00014961,0.00073359,4.90320043,Bremen FIR
23,8.444e-05,0.0004939,5.84921652,Bremen FIR
0,4.331e-05,0.00028422,6.56280265,Bremen FIR
1,2.082e-05,7.789e-05,3.74139174,Bremen FIR
2,2.157e-05,8.023e-05,3.71863935,Bremen FIR
3,4.362e-05,0.00012587,2.88544177,Bremen FIR
4,6.245e-05,0.00012801,2.04996643,Bremen FIR
5,0.00011403,5.872e-05,0.51499972,Bremen FIR
6,3.468e-05,1.468e-05,0.42334361,Tallinn FIR
7,3.431e-05,4.063e-05,1.18406185,Tallinn FIR
8,3.015e-05,3.908e-05,1.29620676,Tallinn FIR
9,3.448e-05,3.487e-05,1.01143141,Tallinn FIR
10,3.65e-05,3.072e-05,0.84180459,Tallinn FIR
11,4.116e-05,4.355e-05,1.05801402,Tallinn FIR
12,5.608e-05,7.412e-05,1.32154178,Tallinn FIR
13,6.39e-05,0.00013136,2.05566538,Tallinn FIR
14,7.16e-05,0.00020424,2.85269254,Tallinn FIR
15,6.976e-05,0.00028057,4.02178046,Tallinn FIR
16,5.529e-05,0.00026768,4.84101221,Tallinn FIR
17,4.035e-05,0.00019859,4.92175562,Tallinn FIR
18,2.818e-05,0.00011786,4.18211408,Tallinn FIR
19,3.352e-05,0.00019812,5.90993294,Tallinn FIR
20,3.437e-05,0.00017392,5.0597424,Tallinn FIR
21,3.299e-05,0.00017199,5.21314585,Tallinn FIR
22,2.986e-05,0.00017042,5.70764763,Tallinn FIR
23,1.71e-05,0.00011654,6.81380108,Tallinn FIR
0,1.352e-05,8.782e-05,6.49755441,Tallinn FIR
1,1.436e-05,9.235e-05,6.43107002,Tallinn FIR
2,2.274e-05,7.784e-05,3.42226465,Tallinn FIR
3,3.454e-05,6.659e-05,1.92793955,Tallinn FIR
4,3.359e-05,3.723e-05,1.10827979,Tallinn FIR
5,2.432e-05,3.229e-05,1.3279489,Tallinn FIR
6,4.524e-05,2.1e-05,0.46420332,Helsinki FIR
7,4.345e-05,3.477e-05,0.80018351,Helsinki FIR
8,3.845e-05,1.549e-05,0.40288187,Helsinki FIR
9,4.172e-05,2.882e-05,0.69088509,Helsinki FIR
10,5.125e-05,4.062e-05,0.79258012,Helsinki FIR
11,7.077e-05,7.16e-05,1.01170143,Helsinki FIR
12,9.713e-05,8.296e-05,0.85410222,Helsinki FIR
13,8.929e-05,0.00014326,1.60448267,Helsinki FIR
14,7.95e-05,0.00013456,1.69252824,Helsinki FIR
15,7.947e-05,0.0001635,2.0572676,Helsinki FIR
16,7.042e-05,0.00024508,3.48022895,Helsinki FIR
17,5.15e-05,0.00017906,3.4771357,Helsinki FIR
18,4.561e-05,0.00014545,3.18871338,Helsinki FIR
19,4.021e-05,0.00014131,3.51399667,Helsinki FIR
20,4.257e-05,0.00010184,2.39215603,Helsinki FIR
21,3.751e-05,0.00013033,3.47433793,Helsinki FIR
22,3.297e-05,0.00013755,4.17209931,Helsinki FIR
23,1.89e-05,9.065e-05,4.79635886,Helsinki FIR
0,1.054e-05,5.374e-05,5.10005584,Helsinki FIR
1,1.303e-05,6.28e-05,4.81899406,Helsinki FIR
2,1.782e-05,6.123e-05,3.43656538,Helsinki FIR
3,2.837e-05,4.606e-05,1.62370948,Helsinki FIR
4,3.231e-05,2.796e-05,0.86537677,Helsinki FIR
5,3.501e-05,2.447e-05,0.6990859,Helsinki FIR
6,0.00063869,0.00211357,3.30923971,Shanwick FIR
7,0.00065569,0.00137839,2.10218468,Shanwick FIR
8,0.00061896,0.0009754,1.57586617,Shanwick FIR
9,0.00049211,0.00057429,1.16700436,Shanwick FIR
10,0.00041123,0.00034151,0.83045939,Shanwick FIR
11,0.00053091,0.00028023,0.52782897,Shanwick FIR
12,0.00073409,0.00063362,0.86313632,Shanwick FIR
13,0.0007552,0.00109814,1.45410497,Shanwick FIR
14,0.00068793,0.00125747,1.82790734,Shanwick FIR
15,0.00061968,0.00174419,2.81468397,Shanwick FIR
16,0.00049995,0.00177308,3.54651146,Shanwick FIR
17,0.00039386,0.00174984,4.44281233,Shanwick FIR
18,0.00034989,0.00201896,5.77030085,Shanwick FIR
19,0.00029341,0.00198383,6.76123292,Shanwick FIR
20,0.00023287,0.00163913,7.03893028,Shanwick FIR
21,0.00017147,0.00132622,7.73438146,Shanwick FIR
22,0.00013751,0.00104405,7.59245454,Shanwick FIR
23,0.00012399,0.00092309,7.44466134,Shanwick FIR
0,0.00011741,0.00083791,7.13684687,Shanwick FIR
1,9.943e-05,0.00065792,6.61663322,Shanwick FIR
2,0.00017249,0.00103524,6.00176165,Shanwick FIR
3,0.00033837,0.00187179,5.53183249,Shanwick FIR
4,0.00059012,0.00301928,5.11635963,Shanwick FIR
5,0.00067388,0.00299918,4.45059218,Shanwick FIR
6,6.296e-05,6.626e-05,1.05234181,Scottish FIR
7,9.348e-05,3.993e-05,0.42710984,Scottish FIR
8,0.00010971,7.61e-06,0.06940129,Scottish FIR
9,0.00012657,-6.51e-06,-0.05142446,Scottish FIR
10,0.00020014,-5.469e-05,-0.27324864,Scottish FIR
11,0.00021071,-3.559e-05,-0.16887908,Scottish FIR
12,0.00020114,0.00010587,0.52634531,Scottish FIR
13,0.00018832,0.00013227,0.70235391,Scottish FIR
14,0.00019464,0.00025334,1.30156355,Scottish FIR
15,0.00016235,0.00027966,1.72258011,Scottish FIR
16,0.00012854,0.00022982,1.78801586,Scottish FIR
17,0.00011425,0.00027116,2.37345278,Scottish FIR
18,0.00010715,0.00032084,2.99433383,Scottish FIR
19,8.896e-05,0.00024908,2.79990546,Scottish FIR
20,7.34e-05,0.0002064,2.81187463,Scottish FIR
21,6.985e-05,0.00022364,3.2018243,Scottish FIR
22,6.154e-05,0.00022327,3.62784233,Scottish FIR
23,3.738e-05,0.00015004,4.01439092,Scottish FIR
0,2.127e-05,8.689e-05,4.08520256,Scottish FIR
1,1.431e-05,5.614e-05,3.92380238,Scottish FIR
2,1.32e-05,5.619e-05,4.25500189,Scottish FIR
3,1.9e-05,6.794e-05,3.5763225,Scottish FIR
4,2.818e-05,8.325e-05,2.95425032,Scottish FIR
5,4.323e-05,8.002e-05,1.85134498,Scottish FIR
6,0.0004636,0.00020348,0.43891327,London FIR
7,0.00071476,6.471e-05,0.09053148,London FIR
8,0.00078921,6.24e-06,0.00790154,London FIR
9,0.00074547,-8.44e-05,-0.11321254,London FIR
10,0.00082244,-0.00015876,-0.19303465,London FIR
11,0.00084393,-2.63e-05,-0.03116059,London FIR
12,0.00082844,0.00010035,0.12113315,London FIR
13,0.00081787,0.00028007,0.34244335,London FIR
14,0.00079664,0.00052788,0.66263028,London FIR
15,0.00073606,0.00070755,0.96126196,London FIR
16,0.00071147,0.00084555,1.18845296,London FIR
17,0.00072839,0.00113872,1.56334046,London FIR
18,0.0007089,0.00132023,1.86236731,London FIR
19,0.00064685,0.00137627,2.12764583,London FIR
20,0.00053541,0.00115547,2.15812448,London FIR
21,0.00050773,0.00109476,2.15619526,London FIR
22,0.00045928,0.0010035,2.18491688,London FIR
23,0.00029912,0.00064699,2.16298314,London FIR
0,0.00014546,0.00033125,2.27731716,London FIR
1,9.3e-05,0.00020524,2.20698615,London FIR
2,6.348e-05,0.00017683,2.78570841,London FIR
3,7.731e-05,0.00022537,2.91516603,London FIR
4,0.00010819,0.00025536,2.3603123,London FIR
5,0.00021278,0.00024288,1.14149021,London FIR
6,0.000146,2.65e-05,0.18149358,Amsterdam FIR
7,0.0002123,3.749e-05,0.17660029,Amsterdam FIR
8,0.00023617,2.681e-05,0.11352905,Amsterdam FIR
9,0.00023698,3.049e-05,0.12868149,Amsterdam FIR
10,0.00024977,5.985e-05,0.23963039,Amsterdam FIR
11,0.0002581,0.0001112,0.43085866,Amsterdam FIR
12,0.00024621,0.00018555,0.75363601,Amsterdam FIR
13,0.00023279,0.00023692,1.01773339,Amsterdam FIR
14,0.00024582,0.00038581,1.56949536,Amsterdam FIR
15,0.00023284,0.00051057,2.19273239,Amsterdam FIR
16,0.00022643,0.00059634,2.63368675,Amsterdam FIR
17,0.00023429,0.00069615,2.97133272,Amsterdam FIR
18,0.00024811,0.00073501,2.96244025,Amsterdam FIR
19,0.00022439,0.00077899,3.47159968,Amsterdam FIR
20,0.00021409,0.00073253,3.42163652,Amsterdam FIR
21,0.0002018,0.00067039,3.32201755,Amsterdam FIR
22,0.00012967,0.00047625,3.67272053,Amsterdam FIR
23,8.472e-05,0.00037328,4.40613537,Amsterdam FIR
0,3.973e-05,0.00018045,4.54223767,Amsterdam FIR
1,2.432e-05,8.701e-05,3.57732899,Amsterdam FIR
2,1.78e-05,7.69e-05,4.3193282,Amsterdam FIR
3,2.239e-05,6.424e-05,2.86908256,Amsterdam FIR
4,3.667e-05,6.508e-05,1.77490804,Amsterdam FIR
5,6.203e-05,3.952e-05,0.63708358,Amsterdam FIR
6,0.00016677,0.00032265,1.93462049,Shannon FIR
7,0.00017771,0.00016355,0.92033758,Shannon FIR
8,0.00017959,0.00010212,0.56863928,Shannon FIR
9,0.00017047,5.1e-05,0.29916476,Shannon FIR
10,0.00017002,1.483e-05,0.08725262,Shannon FIR
11,0.00019921,3.96e-06,0.01989496,Shannon FIR
12,0.00019346,3.796e-05,0.19621519,Shannon FIR
13,0.00018132,0.00010082,0.55602408,Shannon FIR
14,0.00017558,0.00020097,1.14462671,Shannon FIR
15,0.00014888,0.0002827,1.89885749,Shannon FIR
16,0.00012663,0.00026601,2.10068269,Shannon FIR
17,0.00012134,0.00037323,3.07579874,Shannon FIR
18,0.00012128,0.00053484,4.41002859,Shannon FIR
19,0.00010152,0.00051102,5.03373749,Shannon FIR
20,7.209e-05,0.00034329,4.76170759,Shannon FIR
21,6.112e-05,0.00031671,5.18164883,Shannon FIR
22,4.979e-05,0.00020633,4.14414712,Shannon FIR
23,4e-05,0.00013942,3.48589343,Shannon FIR
0,2.813e-05,0.000121,4.30097613,Shannon FIR
1,1.983e-05,0.00011976,6.03896642,Shannon FIR
2,1.903e-05,0.00010794,5.6714437,Shannon FIR
3,4.272e-05,0.00019263,4.50953981,Shannon FIR
4,9.159e-05,0.00028214,3.08047002,Shannon FIR
5,0.00014966,0.00040742,2.72220948,Shannon FIR
6,7.815e-05,2.619e-05,0.33515325,Copenhagen FIR
7,0.00010031,4.61e-06,0.0459412,Copenhagen FIR
8,0.00010652,1.413e-05,0.13264855,Copenhagen FIR
9,0.00011387,8.16e-06,0.07169954,Copenhagen FIR
10,0.00011934,3.494e-05,0.29275062,Copenhagen FIR
11,0.00013747,4.204e-05,0.30579146,Copenhagen FIR
12,0.00013166,0.00011528,0.87558639,Copenhagen FIR
13,0.00013251,0.00014783,1.11557793,Copenhagen FIR
14,0.00013485,0.00019987,1.48216834,Copenhagen FIR
15,0.00012039,0.00024659,2.04829363,Copenhagen FIR
16,0.0001264,0.00027859,2.20405658,Copenhagen FIR
17,0.00012952,0.00034466,2.66093273,Copenhagen FIR
18,0.00012689,0.00044067,3.47283392,Copenhagen FIR
19,0.00011753,0.0003886,3.30638391,Copenhagen FIR
20,0.00011241,0.00037752,3.35847631,Copenhagen FIR
21,0.00010773,0.00040687,3.77694617,Copenhagen FIR
22,6.993e-05,0.00026904,3.84729705,Copenhagen FIR
23,3.706e-05,0.00017999,4.85708046,Copenhagen FIR
0,1.794e-05,0.00010121,5.64047404,Copenhagen FIR
1,6.68e-06,2.67e-05,3.99375813,Copenhagen FIR
2,9.84e-06,3.084e-05,3.13415106,Copenhagen FIR
3,1.478e-05,3.568e-05,2.41406805,Copenhagen FIR
4,2.093e-05,3.677e-05,1.75702403,Copenhagen FIR
5,4.572e-05,1.67e-05,0.3651955,Copenhagen FIR
6,7.3e-06,1.178e-05,1.61477035,Bodo Oceanic FIR
7,8.74e-06,1.147e-05,1.31218333,Bodo Oceanic FIR
8,1.111e-05,1.744e-05,1.56919912,Bodo Oceanic FIR
9,1.54e-05,3.56e-05,2.3117974,Bodo Oceanic FIR
10,1.13e-05,1.137e-05,1.00548157,Bodo Oceanic FIR
11,8.51e-06,9.32e-06,1.09503976,Bodo Oceanic FIR
12,1.592e-05,1.852e-05,1.16354482,Bodo Oceanic FIR
13,2.477e-05,4.979e-05,2.00989138,Bodo Oceanic FIR
14,1.567e-05,2.968e-05,1.89439156,Bodo Oceanic FIR
15,1.036e-05,1.626e-05,1.56941268,Bodo Oceanic FIR
16,6.98e-06,1.171e-05,1.67738665,Bodo Oceanic FIR
17,4.67e-06,8.68e-06,1.85754715,Bodo Oceanic FIR
18,3.14e-06,1.017e-05,3.23763054,Bodo Oceanic FIR
19,1.83e-06,4.01e-06,2.19393469,Bodo Oceanic FIR
20,2.03e-06,5.16e-06,2.53804202,Bodo Oceanic FIR
21,2.12e-06,5.44e-06,2.55877114,Bodo Oceanic FIR
22,2.46e-06,6.85e-06,2.78777375,Bodo Oceanic FIR
23,2.71e-06,7.83e-06,2.88823017,Bodo Oceanic FIR
0,2.33e-06,1.215e-05,5.22318549,Bodo Oceanic FIR
1,3.42e-06,1.197e-05,3.49743378,Bodo Oceanic FIR
2,4.82e-06,1.806e-05,3.74744146,Bodo Oceanic FIR
3,6.56e-06,1.605e-05,2.44830058,Bodo Oceanic FIR
4,9.04e-06,2.755e-05,3.04934398,Bodo Oceanic FIR
5,8.4e-06,1.842e-05,2.19372142,Bodo Oceanic FIR
6,0.00010334,3.433e-05,0.33217004,Polaris FIR
7,0.00012464,2.953e-05,0.2369118,Polaris FIR
8,0.00014035,2.222e-05,0.15833009,Polaris FIR
9,0.00013814,2.689e-05,0.19467187,Polaris FIR
10,0.00016103,3.658e-05,0.22718042,Polaris FIR
11,0.00015235,4.523e-05,0.29687428,Polaris FIR
12,0.00016724,7.32e-05,0.43770424,Polaris FIR
13,0.00017164,0.00012732,0.74177477,Polaris FIR
14,0.00017152,0.00013234,0.77157368,Polaris FIR
15,0.00016895,0.00019153,1.13362327,Polaris FIR
16,0.00015936,0.00023372,1.46665746,Polaris FIR
17,0.00015507,0.00024536,1.58219847,Polaris FIR
18,0.00014339,0.00023307,1.62538691,Polaris FIR
19,0.00013063,0.00025161,1.92612268,Polaris FIR
20,0.00010559,0.00022055,2.08870013,Polaris FIR
21,9.92e-05,0.00018924,1.90756194,Polaris FIR
22,6.737e-05,0.00013706,2.03448628,Polaris FIR
23,3.051e-05,7.108e-05,2.32925301,Polaris FIR
0,1.52e-05,4.294e-05,2.82618143,Polaris FIR
1,1.06e-05,3.807e-05,3.59221812,Polaris FIR
2,1.325e-05,4.399e-05,3.32044119,Polaris FIR
3,1.92e-05,3.668e-05,1.91034504,Polaris FIR
4,2.05e-05,3.818e-05,1.86194014,Polaris FIR
5,5.17e-05,2.063e-05,0.39901873,Polaris FIR
6,0.00021704,8.18e-06,0.03769926,Warszawa FIR
7,0.00026493,-9.66e-06,-0.03646535,Warszawa FIR
8,0.00027252,5.7e-06,0.02089789,Warszawa FIR
9,0.00029999,6.185e-05,0.20618521,Warszawa FIR
10,0.0003488,9.385e-05,0.2690659,Warszawa FIR
11,0.00039071,0.00022191,0.56795301,Warszawa FIR
12,0.00039701,0.00046319,1.16669308,Warszawa FIR
13,0.00042091,0.00075139,1.78515072,Warszawa FIR
14,0.00042427,0.00113876,2.6840552,Warszawa FIR
15,0.0003835,0.00122939,3.20567939,Warszawa FIR
16,0.0003419,0.00136421,3.990122,Warszawa FIR
17,0.00032242,0.00145107,4.50057003,Warszawa FIR
18,0.00028914,0.00155281,5.37051957,Warszawa FIR
19,0.00028814,0.00162136,5.62706565,Warszawa FIR
20,0.00028468,0.00135227,4.75007918,Warszawa FIR
21,0.00021998,0.00095826,4.35604849,Warszawa FIR
22,0.00018972,0.00087929,4.63472918,Warszawa FIR
23,0.00011315,0.00054421,4.80974639,Warszawa FIR
0,8.423e-05,0.00045379,5.38749458,Warszawa FIR
1,5.094e-05,0.00029247,5.74148733,Warszawa FIR
2,4.583e-05,0.00017809,3.88614805,Warszawa FIR
3,7.752e-05,0.00018953,2.44505285,Warszawa FIR
4,0.00011799,0.00015451,1.30957297,Warszawa FIR
5,0.0001698,6.542e-05,0.38527897,Warszawa FIR
6,0.00019728,3.933e-05,0.19936188,Sweden FIR
7,0.00023523,8.419e-05,0.35789067,Sweden FIR
8,0.00022733,6.633e-05,0.29176738,Sweden FIR
9,0.00023033,7.142e-05,0.3100751,Sweden FIR
10,0.00023358,0.00010206,0.4369396,Sweden FIR
11,0.00024509,0.00014068,0.57400316,Sweden FIR
12,0.00028866,0.00021138,0.73228555,Sweden FIR
13,0.00032535,0.00042178,1.29638242,Sweden FIR
14,0.00031493,0.00059622,1.89318862,Sweden FIR
15,0.00031384,0.00073148,2.33072757,Sweden FIR
16,0.00028748,0.00081734,2.84315674,Sweden FIR
17,0.00026707,0.00080191,3.00259365,Sweden FIR
18,0.00025633,0.00092078,3.5921993,Sweden FIR
19,0.00023569,0.00085127,3.61182829,Sweden FIR
20,0.00021793,0.00086825,3.98401384,Sweden FIR
21,0.00018633,0.00082277,4.41571606,Sweden FIR
22,0.00013342,0.00061732,4.6269749,Sweden FIR
23,7.564e-05,0.0003971,5.24961753,Sweden FIR
0,4.961e-05,0.00031223,6.29392119,Sweden FIR
1,2.655e-05,0.00016107,6.06678351,Sweden FIR
2,3.299e-05,0.00012009,3.63984429,Sweden FIR
3,5.392e-05,0.00014096,2.61434681,Sweden FIR
4,6.735e-05,9.716e-05,1.44264546,Sweden FIR
5,0.00011825,6.607e-05,0.55875737,Sweden FIR
6,3.564e-05,2.603e-05,0.7305199,Riga FIR
7,3.406e-05,3.561e-05,1.04527125,Riga FIR
8,3.519e-05,3.514e-05,0.99831461,Riga FIR
9,4.897e-05,7.048e-05,1.43916016,Riga FIR
10,4.66e-05,6.145e-05,1.31864797,Riga FIR
11,5.498e-05,6.801e-05,1.23715575,Riga FIR
12,5.781e-05,0.00013298,2.30008508,Riga FIR
13,6.99e-05,0.00020213,2.89186519,Riga FIR
14,8.368e-05,0.00030184,3.60703259,Riga FIR
15,7.231e-05,0.00032804,4.53676046,Riga FIR
16,5.996e-05,0.00030213,5.03848307,Riga FIR
17,4.688e-05,0.00025852,5.51396331,Riga FIR
18,3.885e-05,0.00027201,7.00166851,Riga FIR
19,6.51e-05,0.00042225,6.48602913,Riga FIR
20,4.82e-05,0.00023408,4.85601119,Riga FIR
21,4.182e-05,0.0002099,5.01923092,Riga FIR
22,3.471e-05,0.0001968,5.66974896,Riga FIR
23,1.947e-05,0.0001273,6.53718305,Riga FIR
0,2.513e-05,0.00018702,7.44308987,Riga FIR
1,1.856e-05,0.00013622,7.33922684,Riga FIR
2,1.594e-05,5.515e-05,3.45910812,Riga FIR
3,2.083e-05,5.948e-05,2.8556213,Riga FIR
4,2.778e-05,2.756e-05,0.99216544,Riga FIR
5,2.874e-05,2.89e-05,1.00566523,Riga FIR
6,2.912e-05,3.551e-05,1.21942316,Vilnius FIR
7,3.063e-05,2.583e-05,0.84329877,Vilnius FIR
8,3.331e-05,1.997e-05,0.59956381,Vilnius FIR
9,3.727e-05,5.195e-05,1.39402197,Vilnius FIR
10,4.011e-05,5.216e-05,1.30039133,Vilnius FIR
11,4.441e-05,7.804e-05,1.75732698,Vilnius FIR
12,5.012e-05,0.00011954,2.38501322,Vilnius FIR
13,5.103e-05,0.00016452,3.22372577,Vilnius FIR
14,6.141e-05,0.00025498,4.15187431,Vilnius FIR
15,5.304e-05,0.00024266,4.57531303,Vilnius FIR
16,4.422e-05,0.00021603,4.8857452,Vilnius FIR
17,3.783e-05,0.00017999,4.75829769,Vilnius FIR
18,3.281e-05,0.00019471,5.93476308,Vilnius FIR
19,4.314e-05,0.00023653,5.48304823,Vilnius FIR
20,3.259e-05,0.00015618,4.79264422,Vilnius FIR
21,2.588e-05,0.00011545,4.4604375,Vilnius FIR
22,2.417e-05,0.00010213,4.22505017,Vilnius FIR
23,1.414e-05,7.525e-05,5.32219169,Vilnius FIR
0,1.331e-05,9.414e-05,7.07516286,Vilnius FIR
1,9.64e-06,6.048e-05,6.27464018,Vilnius FIR
2,9.84e-06,3.9e-05,3.96308677,Vilnius FIR
3,1.578e-05,4.28e-05,2.71211825,Vilnius FIR
4,2.084e-05,2.72e-05,1.30514381,Vilnius FIR
5,2.332e-05,2.381e-05,1.02073308,Vilnius FIR
6,2.966e-05,-4.31e-06,-0.14536737,Cape Town FIR
7,2.699e-05,-1.48e-06,-0.05470291,Cape Town FIR
8,3.241e-05,-7.5e-07,-0.02327844,Cape Town FIR
9,3.998e-05,5e-08,0.00124547,Cape Town FIR
10,3.587e-05,1.1e-06,0.03080461,Cape Town FIR
11,3.515e-05,8.1e-07,0.02315301,Cape Town FIR
12,2.952e-05,-5e-07,-0.01698162,Cape Town FIR
13,2.722e-05,1.56e-06,0.05718445,Cape Town FIR
14,3.465e-05,8.6e-06,0.2482017,Cape Town FIR
15,3.095e-05,1.656e-05,0.5352968,Cape Town FIR
16,2.912e-05,2.938e-05,1.00876075,Cape Town FIR
17,3.454e-05,3.281e-05,0.94999105,Cape Town FIR
18,2.822e-05,2.189e-05,0.77555698,Cape Town FIR
19,2.309e-05,2.22e-05,0.96158089,Cape Town FIR
20,1.879e-05,1.263e-05,0.67231608,Cape Town FIR
21,1.164e-05,6.54e-06,0.56179661,Cape Town FIR
22,6.1e-06,2.38e-06,0.38916605,Cape Town FIR
23,2.23e-06,3.9e-07,0.17485643,Cape Town FIR
0,1.98e-06,5.2e-07,0.26443481,Cape Town FIR
1,2.55e-06,3e-07,0.11871448,Cape Town FIR
2,1.89e-06,2e-07,0.10355384,Cape Town FIR
3,9.2e-07,2.5e-07,0.27335805,Cape Town FIR
4,1.06e-06,-4e-08,-0.0403239,Cape Town FIR
5,1.654e-05,-2.82e-06,-0.17055814,Cape Town FIR
6,7.491e-05,-2.28e-06,-0.03042622,Johannesburg FIR
7,6.3e-05,9e-08,0.00147401,Johannesburg FIR
8,7.129e-05,2.1e-06,0.02941822,Johannesburg FIR
9,8.766e-05,2.83e-06,0.03230712,Johannesburg FIR
10,8.518e-05,3.12e-06,0.0365736,Johannesburg FIR
11,7.521e-05,3.01e-06,0.04008509,Johannesburg FIR
12,7.602e-05,2.2e-06,0.02888936,Johannesburg FIR
13,9.566e-05,7.59e-06,0.07933351,Johannesburg FIR
14,9.027e-05,1.292e-05,0.14313733,Johannesburg FIR
15,7.548e-05,1.641e-05,0.21746613,Johannesburg FIR
16,7.726e-05,3.405e-05,0.44067979,Johannesburg FIR
17,7.368e-05,2.849e-05,0.38661867,Johannesburg FIR
18,7.852e-05,3.26e-05,0.41521286,Johannesburg FIR
19,7.174e-05,2.969e-05,0.41389312,Johannesburg FIR
20,4.981e-05,1.554e-05,0.31203257,Johannesburg FIR
21,2.605e-05,8.8e-06,0.3378534,Johannesburg FIR
22,1.618e-05,3.4e-06,0.20992686,Johannesburg FIR
23,1.164e-05,3.68e-06,0.31594957,Johannesburg FIR
0,6.82e-06,1.13e-06,0.16632649,Johannesburg FIR
1,6.86e-06,1.22e-06,0.17836439,Johannesburg FIR
2,1.068e-05,2.72e-06,0.25471927,Johannesburg FIR
3,1.094e-05,1.56e-06,0.14289903,Johannesburg FIR
4,1.197e-05,5.3e-07,0.04446274,Johannesburg FIR
5,4.986e-05,-6.7e-07,-0.01337512,Johannesburg FIR
6,2.15e-06,-2.1e-07,-0.09854688,Johannesburg Oceanic FIR
7,1.98e-06,5.4e-07,0.27199385,Johannesburg Oceanic FIR
8,2.47e-06,8.9e-07,0.36152499,Johannesburg Oceanic FIR
9,3.49e-06,3.2e-06,0.91808336,Johannesburg Oceanic FIR
10,4.43e-06,1.8e-06,0.40734369,Johannesburg Oceanic FIR
11,5.24e-06,6.65e-06,1.2684756,Johannesburg Oceanic FIR
12,9.96e-06,8.3e-06,0.83385939,Johannesburg Oceanic FIR
13,1.2e-05,4e-06,0.33315843,Johannesburg Oceanic FIR
14,1.193e-05,4.36e-06,0.36546717,Johannesburg Oceanic FIR
15,6.1e-06,3.34e-06,0.54823057,Johannesburg Oceanic FIR
16,2.85e-06,1.13e-06,0.39640913,Johannesburg Oceanic FIR
17,7.9e-07,2.5e-07,0.32078454,Johannesburg Oceanic FIR
18,1.15e-06,1.01e-06,0.87560655,Johannesburg Oceanic FIR
19,4.06e-06,8.24e-06,2.0281504,Johannesburg Oceanic FIR
20,5.67e-06,2.671e-05,4.7132509,Johannesburg Oceanic FIR
21,1.001e-05,4.586e-05,4.5808003,Johannesburg Oceanic FIR
22,1.228e-05,4.521e-05,3.68106871,Johannesburg Oceanic FIR
23,9.96e-06,3.334e-05,3.34639071,Johannesburg Oceanic FIR
0,7.93e-06,7.94e-06,1.00119255,Johannesburg Oceanic FIR
1,7.21e-06,3.34e-06,0.46311497,Johannesburg Oceanic FIR
2,1.012e-05,8.77e-06,0.86708297,Johannesburg Oceanic FIR
3,1.023e-05,9.06e-06,0.88581809,Johannesburg Oceanic FIR
4,7.51e-06,4.28e-06,0.57071793,Johannesburg Oceanic FIR
5,3.47e-06,1.29e-06,0.37052548,Johannesburg Oceanic FIR
6,1.995e-05,3.2e-07,0.01601379,Gaborone FIR
7,1.917e-05,-2e-07,-0.0106876,Gaborone FIR
8,2.077e-05,2.19e-06,0.10540184,Gaborone FIR
9,1.285e-05,6.5e-07,0.05069667,Gaborone FIR
10,1.641e-05,3.1e-07,0.01859754,Gaborone FIR
11,2.17e-05,1.17e-06,0.05380023,Gaborone FIR
12,1.844e-05,2.6e-07,0.01425972,Gaborone FIR
13,2.065e-05,1.32e-06,0.06383152,Gaborone FIR
14,1.416e-05,2.33e-06,0.16455082,Gaborone FIR
15,1.506e-05,7.25e-06,0.48125228,Gaborone FIR
16,1.301e-05,9.61e-06,0.73858162,Gaborone FIR
17,9.11e-06,1.197e-05,1.31398275,Gaborone FIR
18,1.38e-05,9.28e-06,0.67222638,Gaborone FIR
19,2.271e-05,1.035e-05,0.45597276,Gaborone FIR
20,2.571e-05,1.791e-05,0.69645292,Gaborone FIR
21,1.74e-05,1.952e-05,1.12182665,Gaborone FIR
22,7.83e-06,1.09e-05,1.39155374,Gaborone FIR
23,7.42e-06,4.79e-06,0.64534773,Gaborone FIR
0,3.05e-06,3.31e-06,1.08478584,Gaborone FIR
1,1.64e-06,8.8e-07,0.53595121,Gaborone FIR
2,4.91e-06,3.5e-06,0.71195969,Gaborone FIR
3,1.008e-05,3.47e-06,0.34418586,Gaborone FIR
4,7.24e-06,5.9e-07,0.08084183,Gaborone FIR
5,1.813e-05,-2.2e-07,-0.01203172,Gaborone FIR
6,1.142e-05,-2e-08,-0.00197862,Brazzaville FIR
7,7.59e-06,1.11e-06,0.14580105,Brazzaville FIR
8,1.049e-05,5.7e-07,0.05458301,Brazzaville FIR
9,2.921e-05,-6.28e-06,-0.21485894,Brazzaville FIR
10,3.942e-05,-1.949e-05,-0.49454496,Brazzaville FIR
11,2.817e-05,-1.061e-05,-0.37655667,Brazzaville FIR
12,2.333e-05,-1.363e-05,-0.58436375,Brazzaville FIR
13,2.479e-05,-9.61e-06,-0.38756033,Brazzaville FIR
14,2.307e-05,9.51e-06,0.41206866,Brazzaville FIR
15,2.772e-05,3.064e-05,1.10518597,Brazzaville FIR
16,3.325e-05,9.468e-05,2.84770234,Brazzaville FIR
17,2.667e-05,0.00011229,4.20999053,Brazzaville FIR
18,1.885e-05,8.878e-05,4.70873291,Brazzaville FIR
19,1.362e-05,4.63e-05,3.39784899,Brazzaville FIR
20,1.053e-05,5.794e-05,5.50234796,Brazzaville FIR
21,1.76e-05,8.9e-05,5.05572359,Brazzaville FIR
22,3.881e-05,0.00022388,5.76827564,Brazzaville FIR
23,6.095e-05,0.00049152,8.06500355,Brazzaville FIR
0,5.29e-05,0.00048289,9.12892886,Brazzaville FIR
1,4.017e-05,0.00033066,8.23068083,Brazzaville FIR
2,3.671e-05,0.00025564,6.96413595,Brazzaville FIR
3,3.1e-05,0.00014731,4.75276006,Brazzaville FIR
4,3.494e-05,0.00010163,2.9086837,Brazzaville FIR
5,2.41e-05,3.551e-05,1.47343122,Brazzaville FIR
6,9.11e-06,-3.92e-06,-0.43006542,Mauritius FIR
7,9.12e-06,-3.16e-06,-0.34676297,Mauritius FIR
8,8.43e-06,-1e-06,-0.11832573,Mauritius FIR
9,1.011e-05,-1.25e-06,-0.12370353,Mauritius FIR
10,8.69e-06,-2.03e-06,-0.23306959,Mauritius FIR
11,6.98e-06,2.81e-06,0.40287058,Mauritius FIR
12,9.51e-06,1.577e-05,1.65758875,Mauritius FIR
13,1.193e-05,2.04e-05,1.70984451,Mauritius FIR
14,1.654e-05,4.16e-05,2.51523291,Mauritius FIR
15,1.42e-05,4.045e-05,2.84954448,Mauritius FIR
16,1.462e-05,2.415e-05,1.65214803,Mauritius FIR
17,1.278e-05,3.207e-05,2.50939612,Mauritius FIR
18,1.347e-05,3.008e-05,2.23215561,Mauritius FIR
19,1.694e-05,4.287e-05,2.5314055,Mauritius FIR
20,1.936e-05,7.192e-05,3.71414621,Mauritius FIR
21,1.12e-05,3.705e-05,3.30950204,Mauritius FIR
22,1.027e-05,2.951e-05,2.87278551,Mauritius FIR
23,1.451e-05,4.005e-05,2.76108195,Mauritius FIR
0,1.836e-05,2.852e-05,1.55351737,Mauritius FIR
1,1.454e-05,8.34e-06,0.57354997,Mauritius FIR
2,1.018e-05,-5.7e-07,-0.05644578,Mauritius FIR
3,5.55e-06,-3.8e-06,-0.68400757,Mauritius FIR
4,5.58e-06,-1.107e-05,-1.98462382,Mauritius FIR
5,7.31e-06,-4.99e-06,-0.68173437,Mauritius FIR
6,1.034e-05,-1.76e-06,-0.17028616,Lusaka FIR
7,1.493e-05,-7.02e-06,-0.47022276,Lusaka FIR
8,9.32e-06,-3.88e-06,-0.41614427,Lusaka FIR
9,1.024e-05,-1.69e-06,-0.16504959,Lusaka FIR
10,8.42e-06,-4.44e-06,-0.52738471,Lusaka FIR
11,4.18e-06,-3.95e-06,-0.94538349,Lusaka FIR
12,2.74e-06,-1.04e-06,-0.38152555,Lusaka FIR
13,6.3e-06,-3.1e-07,-0.04993211,Lusaka FIR
14,6.23e-06,3.23e-06,0.51849203,Lusaka FIR
15,8.36e-06,9.41e-06,1.12555089,Lusaka FIR
16,6.86e-06,1.716e-05,2.50191698,Lusaka FIR
17,5.26e-06,1.519e-05,2.88601892,Lusaka FIR
18,5.91e-06,1.071e-05,1.81041066,Lusaka FIR
19,1.262e-05,1.614e-05,1.27890692,Lusaka FIR
20,1.646e-05,2.732e-05,1.66009305,Lusaka FIR
21,1.379e-05,4.548e-05,3.2971577,Lusaka FIR
22,1.147e-05,4.246e-05,3.70073164,Lusaka FIR
23,6.24e-06,2.393e-05,3.83310344,Lusaka FIR
0,4.84e-06,1.26e-05,2.60088956,Lusaka FIR
1,4.24e-06,1.604e-05,3.78268154,Lusaka FIR
2,4.23e-06,1.254e-05,2.96670062,Lusaka FIR
3,3.99e-06,4.28e-06,1.07060479,Lusaka FIR
4,1.28e-05,6.17e-06,0.48175868,Lusaka FIR
5,9.25e-06,-1.53e-06,-0.16520895,Lusaka FIR
6,2.25e-05,-1.335e-05,-0.5933839,Antananarivo FIR
7,2.757e-05,-1.289e-05,-0.46754452,Antananarivo FIR
8,2.357e-05,-8.24e-06,-0.34955983,Antananarivo FIR
9,1.335e-05,-2.77e-06,-0.207419,Antananarivo FIR
10,1.324e-05,-2.81e-06,-0.21230412,Antananarivo FIR
11,1.847e-05,-2.65e-06,-0.1433395,Antananarivo FIR
12,1.587e-05,2.22e-06,0.13959176,Antananarivo FIR
13,2.011e-05,4.86e-06,0.24167195,Antananarivo FIR
14,2.868e-05,2.074e-05,0.7230789,Antananarivo FIR
15,2.778e-05,2.851e-05,1.02598025,Antananarivo FIR
16,1.269e-05,1.412e-05,1.11248836,Antananarivo FIR
17,9.24e-06,1.29e-05,1.39570397,Antananarivo FIR
18,1.676e-05,1.212e-05,0.72305407,Antananarivo FIR
19,2.187e-05,9.75e-06,0.44561113,Antananarivo FIR
20,1.751e-05,1.687e-05,0.9629729,Antananarivo FIR
21,1.446e-05,2.246e-05,1.55354029,Antananarivo FIR
22,3.89e-06,6.73e-06,1.732039,Antananarivo FIR
23,5.46e-06,3.38e-06,0.62019936,Antananarivo FIR
0,9.3e-06,8.38e-06,0.90062273,Antananarivo FIR
1,1.582e-05,1.535e-05,0.97036974,Antananarivo FIR
2,2.377e-05,1.31e-05,0.55123736,Antananarivo FIR
3,2.237e-05,-9.7e-07,-0.04351981,Antananarivo FIR
4,1.344e-05,-3.94e-06,-0.29317737,Antananarivo FIR
5,1.289e-05,-5.45e-06,-0.42259992,Antananarivo FIR
6,3.355e-05,-1.29e-05,-0.38447496,Luanda FIR
7,1.602e-05,-1.249e-05,-0.77947152,Luanda FIR
8,1.38e-05,-3.28e-06,-0.2374862,Luanda FIR
9,1.492e-05,-2.26e-06,-0.15120347,Luanda FIR
10,2.388e-05,-5.44e-06,-0.2279961,Luanda FIR
11,1.934e-05,-5.04e-06,-0.26036135,Luanda FIR
12,1.968e-05,-5.92e-06,-0.30059726,Luanda FIR
13,1.865e-05,-1.89e-06,-0.101184,Luanda FIR
14,1.93e-05,4.47e-06,0.23182606,Luanda FIR
15,1.423e-05,1.338e-05,0.93995643,Luanda FIR
16,1.713e-05,3.841e-05,2.24171117,Luanda FIR
17,2.893e-05,8.312e-05,2.8736025,Luanda FIR
18,2.663e-05,7.767e-05,2.91681685,Luanda FIR
19,1.567e-05,3.822e-05,2.43928392,Luanda FIR
20,2.823e-05,8.306e-05,2.94185577,Luanda FIR
21,4.431e-05,0.00014245,3.21472865,Luanda FIR
22,3.832e-05,0.00017473,4.55980177,Luanda FIR
23,2.731e-05,0.00012428,4.55144497,Luanda FIR
0,2.462e-05,7.697e-05,3.12579723,Luanda FIR
1,2.391e-05,9.343e-05,3.90765182,Luanda FIR
2,2.245e-05,8.446e-05,3.7619849,Luanda FIR
3,3.623e-05,0.0001331,3.67357996,Luanda FIR
4,3.661e-05,6.578e-05,1.79683746,Luanda FIR
5,3.076e-05,1.287e-05,0.41836876,Luanda FIR
6,8.71e-06,-3.16e-06,-0.36259013,Beira FIR
7,1.01e-05,-4.41e-06,-0.43705761,Beira FIR
8,7.76e-06,-1.73e-06,-0.22337956,Beira FIR
9,1.353e-05,-1.69e-06,-0.12513386,Beira FIR
10,1.993e-05,-3.99e-06,-0.20040531,Beira FIR
11,1.914e-05,-3.42e-06,-0.17862829,Beira FIR
12,1.65e-05,-2.4e-06,-0.14570844,Beira FIR
13,3.634e-05,1.17e-06,0.03219366,Beira FIR
14,4.453e-05,1.044e-05,0.23444448,Beira FIR
15,2.376e-05,1.77e-05,0.74521217,Beira FIR
16,1.081e-05,1.673e-05,1.54745259,Beira FIR
17,1.005e-05,1.255e-05,1.24912946,Beira FIR
18,1.014e-05,7.47e-06,0.73678739,Beira FIR
19,1.505e-05,1.795e-05,1.1922974,Beira FIR
20,1.992e-05,2.931e-05,1.47165002,Beira FIR
21,8.99e-06,1.433e-05,1.59403074,Beira FIR
22,7.22e-06,1.227e-05,1.7000309,Beira FIR
23,6.99e-06,4.07e-06,0.58153158,Beira FIR
0,2.08e-06,2.25e-06,1.08048042,Beira FIR
1,3.3e-06,9.58e-06,2.90316714,Beira FIR
2,4.97e-06,4.69e-06,0.94392884,Beira FIR
3,6.68e-06,5.4e-07,0.08032341,Beira FIR
4,1.1e-05,-4.7e-07,-0.0428925,Beira FIR
5,8.06e-06,-9.6e-07,-0.11853945,Beira FIR
6,2.112e-05,-1.144e-05,-0.54182412,Seychelles FIR
7,2.17e-05,-2.82e-06,-0.1300808,Seychelles FIR
8,1.992e-05,-5.73e-06,-0.28766846,Seychelles FIR
9,1.295e-05,-4.7e-07,-0.03609313,Seychelles FIR
10,1.364e-05,-8.21e-06,-0.60148887,Seychelles FIR
11,1.421e-05,-1.065e-05,-0.74911677,Seychelles FIR
12,1.045e-05,7.77e-06,0.74373339,Seychelles FIR
13,7.17e-06,7.51e-06,1.04818888,Seychelles FIR
14,4.82e-06,1.468e-05,3.0468876,Seychelles FIR
15,1.292e-05,0.00010575,8.18646242,Seychelles FIR
16,1.549e-05,0.00019114,12.3434185,Seychelles FIR
17,1.023e-05,6.859e-05,6.70265735,Seychelles FIR
18,7.92e-06,4.379e-05,5.53206469,Seychelles FIR
19,1.336e-05,4.399e-05,3.29162122,Seychelles FIR
20,2.205e-05,6.011e-05,2.72619172,Seychelles FIR
21,2.343e-05,0.00013871,5.92096228,Seychelles FIR
22,2.097e-05,0.00013368,6.37470692,Seychelles FIR
23,1.139e-05,6.485e-05,5.69573167,Seychelles FIR
0,1.61e-05,5.531e-05,3.43477218,Seychelles FIR
1,2.357e-05,4.618e-05,1.95895027,Seychelles FIR
2,2.498e-05,2.293e-05,0.9181359,Seychelles FIR
3,2.043e-05,-1.74e-05,-0.85176852,Seychelles FIR
4,2.062e-05,-2.674e-05,-1.29681389,Seychelles FIR
5,1.826e-05,-1.25e-05,-0.68434441,Seychelles FIR
6,1.034e-05,3.55e-06,0.3432589,N'Djamena FIR
7,5.43e-06,4.5e-07,0.0831257,N'Djamena FIR
8,4.66e-06,3.28e-06,0.70501454,N'Djamena FIR
9,1.942e-05,1.68e-06,0.08648292,N'Djamena FIR
10,2.808e-05,9.22e-06,0.3281889,N'Djamena FIR
11,2.363e-05,9.49e-06,0.40174384,N'Djamena FIR
12,2.08e-05,2.247e-05,1.07996534,N'Djamena FIR
13,1.949e-05,1.937e-05,0.99384207,N'Djamena FIR
14,2.703e-05,2.298e-05,0.85012602,N'Djamena FIR
15,3.16e-05,3.584e-05,1.13446735,N'Djamena FIR
16,2.093e-05,3.641e-05,1.73954072,N'Djamena FIR
17,1.479e-05,1.943e-05,1.31367929,N'Djamena FIR
18,8.91e-06,9.79e-06,1.09862245,N'Djamena FIR
19,6.81e-06,1.517e-05,2.22643011,N'Djamena FIR
20,1.619e-05,2.225e-05,1.37484615,N'Djamena FIR
21,1.328e-05,1.584e-05,1.19238229,N'Djamena FIR
22,1.461e-05,2.875e-05,1.9675955,N'Djamena FIR
23,2.929e-05,0.00012617,4.30846058,N'Djamena FIR
0,6.287e-05,0.00028533,4.53820519,N'Djamena FIR
1,6.923e-05,0.00031588,4.56260203,N'Djamena FIR
2,5.236e-05,0.00012166,2.32337502,N'Djamena FIR
3,4.037e-05,7.085e-05,1.75512604,N'Djamena FIR
4,2.896e-05,4.411e-05,1.52328068,N'Djamena FIR
5,1.469e-05,1.269e-05,0.86386686,N'Djamena FIR
6,5.12e-06,-3.7e-07,-0.07279267,Harare FIR
7,1.41e-05,-4.7e-07,-0.03302434,Harare FIR
8,1.829e-05,-2.97e-06,-0.16236478,Harare FIR
9,1.113e-05,3.2e-07,0.02834389,Harare FIR
10,2.118e-05,-2e-07,-0.00960438,Harare FIR
11,1.065e-05,-2.4e-07,-0.02270941,Harare FIR
12,1.494e-05,-1.3e-07,-0.00882891,Harare FIR
13,1.835e-05,1.83e-06,0.09964315,Harare FIR
14,1.89e-05,1.123e-05,0.59426721,Harare FIR
15,1.132e-05,7.55e-06,0.66709078,Harare FIR
16,1.27e-05,8.12e-06,0.63915186,Harare FIR
17,1.089e-05,1.3e-05,1.19391987,Harare FIR
18,1.293e-05,1.109e-05,0.85738584,Harare FIR
19,1.471e-05,1.212e-05,0.82375593,Harare FIR
20,6.12e-06,7.8e-06,1.27390046,Harare FIR
21,5.41e-06,4.18e-06,0.77199117,Harare FIR
22,8.48e-06,6.91e-06,0.81501139,Harare FIR
23,6.43e-06,3.87e-06,0.60261034,Harare FIR
0,3.19e-06,2.36e-06,0.74078131,Harare FIR
1,5.6e-06,4.27e-06,0.76272834,Harare FIR
2,7.25e-06,4.53e-06,0.62454431,Harare FIR
3,5.47e-06,8.5e-07,0.15556704,Harare FIR
4,3.49e-06,4.6e-07,0.13185974,Harare FIR
5,4.78e-06,2.1e-07,0.04469413,Harare FIR
6,3.79e-06,-4.53e-06,-1.19530587,Lilongwe FIR
7,5.7e-06,-5.26e-06,-0.92216836,Lilongwe FIR
8,2.38e-06,-4.44e-06,-1.86712465,Lilongwe FIR
9,4.67e-06,-7.91e-06,-1.69463362,Lilongwe FIR
10,4.66e-06,-6.52e-06,-1.3997332,Lilongwe FIR
11,8.07e-06,-4.78e-06,-0.59192174,Lilongwe FIR
12,5.28e-06,-1.44e-06,-0.2719428,Lilongwe FIR
13,7.71e-06,-7e-08,-0.00868022,Lilongwe FIR
14,6.62e-06,1.5e-06,0.22695494,Lilongwe FIR
15,1.082e-05,1.537e-05,1.42092217,Lilongwe FIR
16,4.71e-06,1.538e-05,3.26250434,Lilongwe FIR
17,3.21e-06,8.59e-06,2.67669303,Lilongwe FIR
18,3.77e-06,1.026e-05,2.71993002,Lilongwe FIR
19,1.96e-06,9.26e-06,4.72854531,Lilongwe FIR
20,4.07e-06,1.151e-05,2.82568817,Lilongwe FIR
21,4.01e-06,1.111e-05,2.77142244,Lilongwe FIR
22,1.37e-06,4.61e-06,3.35533441,Lilongwe FIR
23,2.07e-06,4.44e-06,2.14581361,Lilongwe FIR
0,5.07e-06,9.33e-06,1.84089032,Lilongwe FIR
1,1.39e-06,6.21e-06,4.48229566,Lilongwe FIR
2,2.16e-06,3.51e-06,1.62623547,Lilongwe FIR
3,2.24e-06,2.42e-06,1.07811271,Lilongwe FIR
4,1.36e-06,-1.34e-06,-0.98703415,Lilongwe FIR
5,1.14e-06,-1.71e-06,-1.49380316,Lilongwe FIR
6,8.44e-06,-6.9e-07,-0.08210815,Windhoek FIR
7,1.373e-05,-1e-08,-0.00083074,Windhoek FIR
8,8.73e-06,3.7e-07,0.04203945,Windhoek FIR
9,6.06e-06,9.5e-07,0.15608638,Windhoek FIR
10,1.056e-05,1.81e-06,0.17160414,Windhoek FIR
11,1.1e-05,3.1e-07,0.02800419,Windhoek FIR
12,9.79e-06,7.7e-07,0.0786047,Windhoek FIR
13,9.47e-06,5.2e-07,0.05531031,Windhoek FIR
14,8.43e-06,3.44e-06,0.408672,Windhoek FIR
15,8.67e-06,2.31e-06,0.26697567,Windhoek FIR
16,6.18e-06,3.52e-06,0.57008243,Windhoek FIR
17,5.82e-06,8.81e-06,1.51414171,Windhoek FIR
18,1.205e-05,5.84e-06,0.4844475,Windhoek FIR
19,1.77e-05,9.46e-06,0.53465119,Windhoek FIR
20,1.275e-05,5.43e-06,0.42622041,Windhoek FIR
21,1.153e-05,7.86e-06,0.68131789,Windhoek FIR
22,7.95e-06,3.93e-06,0.49503279,Windhoek FIR
23,3.63e-06,1.47e-06,0.40452178,Windhoek FIR
0,4.34e-06,1.04e-06,0.24071166,Windhoek FIR
1,4.27e-06,3.4e-07,0.07874418,Windhoek FIR
2,4.42e-06,5.88e-06,1.33220257,Windhoek FIR
3,3.57e-06,2.71e-06,0.75947261,Windhoek FIR
4,1.13e-05,2.05e-06,0.18112745,Windhoek FIR
5,1.197e-05,-3.2e-07,-0.02701422,Windhoek FIR
6,1.959e-05,-2.963e-05,-1.51237415,Kinshasa FIR
7,1.231e-05,-2.409e-05,-1.95677059,Kinshasa FIR
8,2.023e-05,-1.594e-05,-0.78800848,Kinshasa FIR
9,1.605e-05,-1.29e-05,-0.80386475,Kinshasa FIR
10,1.643e-05,-1.105e-05,-0.67290027,Kinshasa FIR
11,1.452e-05,-8.47e-06,-0.58322656,Kinshasa FIR
12,1.482e-05,-5.01e-06,-0.33777999,Kinshasa FIR
13,1.279e-05,5.8e-07,0.04524426,Kinshasa FIR
14,1.27e-05,8.13e-06,0.63972796,Kinshasa FIR
15,1.496e-05,4.466e-05,2.9862014,Kinshasa FIR
16,1.47e-05,6.63e-05,4.51060064,Kinshasa FIR
17,1.328e-05,4.958e-05,3.73371327,Kinshasa FIR
18,8.15e-06,4.839e-05,5.93457451,Kinshasa FIR
19,1.108e-05,4.216e-05,3.80455982,Kinshasa FIR
20,1.72e-05,6.841e-05,3.97767854,Kinshasa FIR
21,2.574e-05,0.00015116,5.87314403,Kinshasa FIR
22,3.358e-05,0.00026305,7.83424569,Kinshasa FIR
23,2.872e-05,0.00032053,11.16080183,Kinshasa FIR
0,2.188e-05,0.00022678,10.36613624,Kinshasa FIR
1,2.219e-05,0.00016635,7.49673485,Kinshasa FIR
2,2.404e-05,0.00017765,7.38886061,Kinshasa FIR
3,2.458e-05,0.000149,6.06134183,Kinshasa FIR
4,1.944e-05,4.298e-05,2.21097842,Kinshasa FIR
5,2.529e-05,4.36e-06,0.17233622,Kinshasa FIR
6,4.193e-05,1.316e-05,0.31395692,Canarias FIR
7,6.271e-05,1.46e-06,0.02333297,Canarias FIR
8,8.476e-05,-6.95e-06,-0.08205807,Canarias FIR
9,0.00011109,-6.83e-06,-0.06146004,Canarias FIR
10,0.00012792,-1.188e-05,-0.09287796,Canarias FIR
11,0.00015184,-9.71e-06,-0.06395348,Canarias FIR
12,0.00015718,-1.024e-05,-0.06516778,Canarias FIR
13,0.00015808,-1.245e-05,-0.07878039,Canarias FIR
14,0.00016128,-8.77e-06,-0.05438527,Canarias FIR
15,0.00014878,9.84e-06,0.06611093,Canarias FIR
16,0.00014638,1.909e-05,0.13038696,Canarias FIR
17,0.00013638,3.948e-05,0.28948866,Canarias FIR
18,0.00014224,5.894e-05,0.41434688,Canarias FIR
19,0.00014562,8.961e-05,0.61537908,Canarias FIR
20,0.00011612,7.492e-05,0.64521581,Canarias FIR
21,8.693e-05,4.434e-05,0.51006724,Canarias FIR
22,7.04e-05,4.033e-05,0.57285787,Canarias FIR
23,6.186e-05,3.42e-05,0.55288576,Canarias FIR
0,6.734e-05,5.178e-05,0.76889376,Canarias FIR
1,0.00010119,8.649e-05,0.85468102,Canarias FIR
2,0.00012909,0.00014137,1.09510935,Canarias FIR
3,8.356e-05,9.942e-05,1.18978776,Canarias FIR
4,5.615e-05,4.446e-05,0.79184445,Canarias FIR
5,4.389e-05,2.59e-05,0.5901666,Canarias FIR
6,1.32e-06,2.38e-06,1.80255349,Roberts FIR
7,3.55e-06,4.4e-06,1.24006096,Roberts FIR
8,4.32e-06,5.55e-06,1.28628487,Roberts FIR
9,5.43e-06,7.86e-06,1.44799711,Roberts FIR
10,4.28e-06,1.43e-06,0.33417089,Roberts FIR
11,2.26e-06,7.5e-07,0.33281618,Roberts FIR
12,1.37e-06,5.3e-07,0.38523427,Roberts FIR
13,4.67e-06,7.6e-07,0.16245478,Roberts FIR
14,9.55e-06,1.1e-07,0.01191072,Roberts FIR
15,4.01e-06,1.7e-07,0.04283162,Roberts FIR
16,4.6e-06,3.49e-06,0.75918701,Roberts FIR
17,1.126e-05,1.491e-05,1.32353489,Roberts FIR
18,9.55e-06,3.164e-05,3.31291094,Roberts FIR
19,3.74e-06,1.424e-05,3.80742044,Roberts FIR
20,1.81e-06,3.72e-06,2.05722253,Roberts FIR
21,2.79e-06,9.33e-06,3.34092485,Roberts FIR
22,3.17e-06,1.108e-05,3.49560602,Roberts FIR
23,3.2e-06,8.33e-06,2.60300773,Roberts FIR
0,7.04e-06,2.888e-05,4.10205979,Roberts FIR
1,5.76e-06,1.614e-05,2.8011873,Roberts FIR
2,7.43e-06,2.254e-05,3.03345271,Roberts FIR
3,6.6e-06,1.996e-05,3.02373382,Roberts FIR
4,3.55e-06,1.261e-05,3.55190987,Roberts FIR
5,2.3e-06,8.73e-06,3.78934143,Roberts FIR
6,7.11e-05,6.92e-06,0.09731248,Casablanca FIR
7,0.00012125,-1.604e-05,-0.13229989,Casablanca FIR
8,0.00018663,-5.697e-05,-0.30526978,Casablanca FIR
9,0.00021041,-6.229e-05,-0.29603448,Casablanca FIR
10,0.00023251,-6.185e-05,-0.2660251,Casablanca FIR
11,0.0002594,-6.457e-05,-0.24892392,Casablanca FIR
12,0.00029114,-7.841e-05,-0.26932586,Casablanca FIR
13,0.00028387,-9.335e-05,-0.32884661,Casablanca FIR
14,0.00027822,-4.476e-05,-0.16086302,Casablanca FIR
15,0.00027205,-7.9e-07,-0.00289284,Casablanca FIR
16,0.00026669,8.617e-05,0.32311256,Casablanca FIR
17,0.00026952,0.00016582,0.61525451,Casablanca FIR
18,0.00027369,0.00027163,0.99247472,Casablanca FIR
19,0.00025173,0.00030706,1.21978546,Casablanca FIR
20,0.00021298,0.000226,1.06111488,Casablanca FIR
21,0.00018561,0.00020813,1.12134588,Casablanca FIR
22,0.00016597,0.00019222,1.15813583,Casablanca FIR
23,0.00013178,0.00013542,1.02760612,Casablanca FIR
0,0.00010199,0.0001002,0.98242945,Casablanca FIR
1,7.798e-05,0.00013684,1.75475584,Casablanca FIR
2,5.825e-05,7.901e-05,1.35628984,Casablanca FIR
3,5.055e-05,5.196e-05,1.02783818,Casablanca FIR
4,3.826e-05,4.653e-05,1.21620049,Casablanca FIR
5,5.446e-05,2.523e-05,0.46333299,Casablanca FIR
6,9.443e-05,0.00026722,2.82995707,Dakar FIR
7,7.759e-05,0.00011483,1.47992491,Dakar FIR
8,7.436e-05,1.75e-05,0.23535049,Dakar FIR
9,6.417e-05,-8.32e-06,-0.12966595,Dakar FIR
10,6.88e-05,2.02e-06,0.02941178,Dakar FIR
11,6.308e-05,1.588e-05,0.25178994,Dakar FIR
12,6.63e-05,2.363e-05,0.3564526,Dakar FIR
13,7.815e-05,1.994e-05,0.25513511,Dakar FIR
14,8.486e-05,1.673e-05,0.19715087,Dakar FIR
15,8.837e-05,1.712e-05,0.19369216,Dakar FIR
16,0.00010681,2.444e-05,0.22886128,Dakar FIR
17,9.657e-05,5.601e-05,0.57999654,Dakar FIR
18,6.966e-05,7.957e-05,1.14220049,Dakar FIR
19,6.263e-05,0.00011607,1.85328984,Dakar FIR
20,6.438e-05,0.00012253,1.90327482,Dakar FIR
21,6.626e-05,0.00015273,2.30504194,Dakar FIR
22,9.206e-05,0.00028601,3.10674475,Dakar FIR
23,0.00012528,0.00043372,3.46207849,Dakar FIR
0,0.00017687,0.00044916,2.53943082,Dakar FIR
1,0.00019114,0.000551,2.88279172,Dakar FIR
2,0.00016839,0.00047889,2.84397606,Dakar FIR
3,0.00018714,0.00042364,2.26368968,Dakar FIR
4,0.00021062,0.00050544,2.39974468,Dakar FIR
5,0.00014914,0.00042715,2.86401609,Dakar FIR
6,2.867e-05,6.494e-05,2.26488759,Sal Oceanic FIR
7,3.389e-05,3.457e-05,1.02006074,Sal Oceanic FIR
8,3.061e-05,-5.57e-06,-0.18198054,Sal Oceanic FIR
9,2.931e-05,-1.067e-05,-0.36398334,Sal Oceanic FIR
10,2.165e-05,-6.74e-06,-0.31154847,Sal Oceanic FIR
11,2.171e-05,-6.21e-06,-0.28623259,Sal Oceanic FIR
12,2.083e-05,-6.02e-06,-0.28923558,Sal Oceanic FIR
13,2.177e-05,-6.28e-06,-0.28862465,Sal Oceanic FIR
14,2.826e-05,-8.92e-06,-0.31558466,Sal Oceanic FIR
15,4.425e-05,-1.203e-05,-0.27186394,Sal Oceanic FIR
16,3.139e-05,-5.78e-06,-0.18407865,Sal Oceanic FIR
17,2.598e-05,7.19e-06,0.27694782,Sal Oceanic FIR
18,1.647e-05,1.679e-05,1.01942564,Sal Oceanic FIR
19,1.017e-05,2.167e-05,2.13074624,Sal Oceanic FIR
20,1.625e-05,3.348e-05,2.05959296,Sal Oceanic FIR
21,2.107e-05,7.161e-05,3.39863924,Sal Oceanic FIR
22,1.763e-05,5.949e-05,3.37479639,Sal Oceanic FIR
23,1.885e-05,4.321e-05,2.29211055,Sal Oceanic FIR
0,3.298e-05,0.00011711,3.55083884,Sal Oceanic FIR
1,5.193e-05,0.00013754,2.6487113,Sal Oceanic FIR
2,7.05e-05,0.00019528,2.76989486,Sal Oceanic FIR
3,9.974e-05,0.00018901,1.89511283,Sal Oceanic FIR
4,7.828e-05,0.00016696,2.13284142,Sal Oceanic FIR
5,4.356e-05,0.0001171,2.688518,Sal Oceanic FIR
6,2.154e-05,1.15e-06,0.05352784,Addis Abeba FIR
7,4.118e-05,5.89e-06,0.14300899,Addis Abeba FIR
8,3.903e-05,6.33e-06,0.16227606,Addis Abeba FIR
9,4.531e-05,7.67e-06,0.16923274,Addis Abeba FIR
10,4.708e-05,5.96e-06,0.1265095,Addis Abeba FIR
11,3.171e-05,2.28e-06,0.07196412,Addis Abeba FIR
12,1.934e-05,1.63e-06,0.08425421,Addis Abeba FIR
13,2.22e-05,4.23e-06,0.19068901,Addis Abeba FIR
14,2.728e-05,2.011e-05,0.73705688,Addis Abeba FIR
15,2.615e-05,2.808e-05,1.07404308,Addis Abeba FIR
16,3.357e-05,4.607e-05,1.372333,Addis Abeba FIR
17,4.239e-05,8.422e-05,1.98673276,Addis Abeba FIR
18,3.837e-05,7.918e-05,2.06345279,Addis Abeba FIR
19,2.207e-05,3.774e-05,1.71049462,Addis Abeba FIR
20,2.588e-05,4.072e-05,1.57340836,Addis Abeba FIR
21,5.582e-05,5.922e-05,1.06084904,Addis Abeba FIR
22,9.411e-05,0.00010986,1.1673791,Addis Abeba FIR
23,8.349e-05,8.681e-05,1.03970102,Addis Abeba FIR
0,5.591e-05,7.649e-05,1.36821282,Addis Abeba FIR
1,3.924e-05,4.966e-05,1.26548114,Addis Abeba FIR
2,4.502e-05,4.289e-05,0.95260312,Addis Abeba FIR
3,5.754e-05,2.292e-05,0.39824171,Addis Abeba FIR
4,6.603e-05,8.24e-06,0.12482756,Addis Abeba FIR
5,3.175e-05,1.04e-06,0.03273399,Addis Abeba FIR
6,8.8e-07,-4.5e-07,-0.5135948,Bujumbura FIR
7,1.6e-07,-1.2e-07,-0.74980194,Bujumbura FIR
8,6e-08,2e-07,3.13097374,Bujumbura FIR
9,1.3e-07,7e-08,0.55908643,Bujumbura FIR
10,8e-08,4e-08,0.42032767,Bujumbura FIR
11,1.7e-07,-1e-07,-0.60226744,Bujumbura FIR
12,1.8e-07,1.5e-07,0.83979802,Bujumbura FIR
13,1.1e-07,2.2e-07,2.08695118,Bujumbura FIR
14,1.3e-07,-0.0,-8.3e-07,Bujumbura FIR
15,8e-08,1e-08,0.17257061,Bujumbura FIR
16,3.5e-07,1.6e-07,0.4617657,Bujumbura FIR
17,4.5e-07,5.2e-07,1.15671473,Bujumbura FIR
18,3e-07,8.1e-07,2.72450657,Bujumbura FIR
19,1.9e-07,1e-08,0.02795208,Bujumbura FIR
20,4.6e-07,1.86e-06,4.05268942,Bujumbura FIR
21,6.3e-07,3.22e-06,5.13018897,Bujumbura FIR
22,2e-07,9.2e-07,4.62189061,Bujumbura FIR
23,8e-08,4e-07,5.12609533,Bujumbura FIR
0,1.2e-07,1.06e-06,8.66772076,Bujumbura FIR
1,6e-08,4.3e-07,7.30436348,Bujumbura FIR
2,1.2e-07,3.2e-07,2.72381506,Bujumbura FIR
3,2.1e-07,1.64e-06,7.92346498,Bujumbura FIR
4,8e-08,8e-08,0.99483715,Bujumbura FIR
5,5.2e-07,-3e-07,-0.57409455,Bujumbura FIR
6,2.913e-05,2.66e-06,0.09145944,Mogadishu FIR/UIR
7,2.783e-05,9.2e-07,0.03304411,Mogadishu FIR/UIR
8,3.863e-05,1.058e-05,0.27383806,Mogadishu FIR/UIR
9,6.484e-05,9.18e-06,0.14159301,Mogadishu FIR/UIR
10,6.391e-05,2.417e-05,0.37811636,Mogadishu FIR/UIR
11,3.807e-05,1.577e-05,0.41431588,Mogadishu FIR/UIR
12,1.56e-05,1.312e-05,0.84109957,Mogadishu FIR/UIR
13,1.665e-05,1.194e-05,0.71687758,Mogadishu FIR/UIR
14,3.129e-05,2.253e-05,0.72016852,Mogadishu FIR/UIR
15,2.975e-05,3.33e-05,1.11925996,Mogadishu FIR/UIR
16,4.603e-05,8.023e-05,1.74311135,Mogadishu FIR/UIR
17,6.576e-05,0.00020562,3.12672505,Mogadishu FIR/UIR
18,3.654e-05,8.64e-05,2.36437452,Mogadishu FIR/UIR
19,1.592e-05,4.499e-05,2.82519431,Mogadishu FIR/UIR
20,1.916e-05,4.307e-05,2.24775798,Mogadishu FIR/UIR
21,3.356e-05,4.292e-05,1.27910316,Mogadishu FIR/UIR
22,6.27e-05,0.00016776,2.67550537,Mogadishu FIR/UIR
23,8.093e-05,0.0002344,2.8963397,Mogadishu FIR/UIR
0,5.456e-05,0.00012048,2.20833849,Mogadishu FIR/UIR
1,4.739e-05,5.795e-05,1.22299235,Mogadishu FIR/UIR
2,4.451e-05,3.514e-05,0.78943263,Mogadishu FIR/UIR
3,5.483e-05,1e-05,0.18242033,Mogadishu FIR/UIR
4,5.445e-05,5.01e-06,0.09199512,Mogadishu FIR/UIR
5,3.52e-05,3.21e-06,0.09111707,Mogadishu FIR/UIR
6,0.00011159,-8.17e-06,-0.07323256,Cairo FIR
7,0.00012003,-5.92e-06,-0.04934385,Cairo FIR
8,0.000141,-4.71e-06,-0.03340734,Cairo FIR
9,0.00018305,-4.06e-06,-0.02215448,Cairo FIR
10,0.00016311,-5.62e-06,-0.03445149,Cairo FIR
11,0.00016024,-2.27e-06,-0.01418682,Cairo FIR
12,0.00016967,3.8e-07,0.00223693,Cairo FIR
13,0.00020825,7.96e-06,0.03820135,Cairo FIR
14,0.00022892,2.541e-05,0.11100222,Cairo FIR
15,0.00021377,4.848e-05,0.22676891,Cairo FIR
16,0.00019357,6.927e-05,0.35783057,Cairo FIR
17,0.0001892,6.098e-05,0.32229307,Cairo FIR
18,0.00020935,7.089e-05,0.3386207,Cairo FIR
19,0.00019399,5.954e-05,0.30690242,Cairo FIR
20,0.00015777,4.605e-05,0.29184803,Cairo FIR
21,0.00014621,4.204e-05,0.28752821,Cairo FIR
22,0.00015951,3.962e-05,0.24840879,Cairo FIR
23,0.00017789,4.489e-05,0.25232671,Cairo FIR
0,0.00023049,6.275e-05,0.2722457,Cairo FIR
1,0.00029678,7.098e-05,0.23917599,Cairo FIR
2,0.00027136,5.307e-05,0.19555696,Cairo FIR
3,0.00019279,2.56e-05,0.13280038,Cairo FIR
4,0.00013435,4.9e-07,0.0036457,Cairo FIR
5,0.00011132,-6.37e-06,-0.05722217,Cairo FIR
6,2.49e-06,-5e-08,-0.01830529,Asmara FIR
7,1.36e-06,6e-08,0.04202824,Asmara FIR
8,9.8e-07,3.3e-07,0.33382824,Asmara FIR
9,1.25e-06,3.5e-07,0.28315492,Asmara FIR
10,3.71e-06,9e-08,0.02514624,Asmara FIR
11,3.85e-06,1.9e-07,0.04926518,Asmara FIR
12,3.01e-06,-1.3e-07,-0.04471148,Asmara FIR
13,1.85e-06,5.2e-07,0.28318539,Asmara FIR
14,2.1e-06,1.05e-06,0.50067929,Asmara FIR
15,2.58e-06,3.52e-06,1.36283446,Asmara FIR
16,3.25e-06,4.34e-06,1.33789867,Asmara FIR
17,1.23e-06,2.12e-06,1.72132515,Asmara FIR
18,1.11e-06,7e-07,0.63124439,Asmara FIR
19,1.79e-06,3.7e-07,0.20613375,Asmara FIR
20,3.87e-06,1.53e-06,0.39622069,Asmara FIR
21,9.45e-06,6.39e-06,0.67623153,Asmara FIR
22,1.088e-05,4.61e-06,0.42361038,Asmara FIR
23,1.091e-05,3.13e-06,0.2866809,Asmara FIR
0,7.25e-06,1.58e-06,0.21732948,Asmara FIR
1,7.64e-06,1.68e-06,0.21916543,Asmara FIR
2,9.27e-06,2.34e-06,0.25228361,Asmara FIR
3,1.893e-05,3.68e-06,0.19461648,Asmara FIR
4,1.094e-05,-1e-07,-0.00953133,Asmara FIR
5,4.39e-06,1.2e-07,0.02711448,Asmara FIR
6,2.568e-05,2.03e-06,0.07917343,Nairobi FIR
7,3.573e-05,2.9e-06,0.08109502,Nairobi FIR
8,3.782e-05,7.06e-06,0.18658731,Nairobi FIR
9,3.361e-05,1.278e-05,0.38032194,Nairobi FIR
10,3.679e-05,5.73e-06,0.15574003,Nairobi FIR
11,4.145e-05,5.08e-06,0.12257712,Nairobi FIR
12,3.092e-05,2.11e-06,0.06840243,Nairobi FIR
13,2.103e-05,7.36e-06,0.34984501,Nairobi FIR
14,1.753e-05,4.52e-06,0.25805434,Nairobi FIR
15,3.622e-05,2.392e-05,0.66021076,Nairobi FIR
16,4.775e-05,6.071e-05,1.27159887,Nairobi FIR
17,4.581e-05,5.466e-05,1.19336234,Nairobi FIR
18,2.93e-05,1.77e-05,0.60408537,Nairobi FIR
19,2.157e-05,1.748e-05,0.81063002,Nairobi FIR
20,2.278e-05,2.442e-05,1.0720497,Nairobi FIR
21,3.254e-05,2.796e-05,0.85934211,Nairobi FIR
22,4.868e-05,3.231e-05,0.66366089,Nairobi FIR
23,3.537e-05,4.731e-05,1.33758182,Nairobi FIR
0,2.57e-05,3.763e-05,1.46436738,Nairobi FIR
1,1.951e-05,1.56e-05,0.799877,Nairobi FIR
2,2.529e-05,1.58e-05,0.62464749,Nairobi FIR
3,3.926e-05,1.117e-05,0.28459894,Nairobi FIR
4,2.58e-05,2.04e-06,0.07893195,Nairobi FIR
5,3.163e-05,2.18e-06,0.06900514,Nairobi FIR
6,1.001e-05,-7.4e-07,-0.07428339,Tripoli FIR
7,9.18e-06,-9.4e-07,-0.10222004,Tripoli FIR
8,1.222e-05,-1.36e-06,-0.11151963,Tripoli FIR
9,1.524e-05,-2.23e-06,-0.14613353,Tripoli FIR
10,1.561e-05,-1.22e-06,-0.07784685,Tripoli FIR
11,1.517e-05,-1.37e-06,-0.09050228,Tripoli FIR
12,1.476e-05,6.3e-07,0.04275805,Tripoli FIR
13,2.061e-05,-5.5e-07,-0.02645688,Tripoli FIR
14,1.857e-05,1.52e-06,0.08169547,Tripoli FIR
15,1.721e-05,4.99e-06,0.29023347,Tripoli FIR
16,1.904e-05,5.74e-06,0.30150042,Tripoli FIR
17,1.897e-05,9.45e-06,0.49830998,Tripoli FIR
18,1.908e-05,8.02e-06,0.42024616,Tripoli FIR
19,1.685e-05,7.25e-06,0.4301572,Tripoli FIR
20,1.275e-05,5.72e-06,0.44829702,Tripoli FIR
21,1.489e-05,6.88e-06,0.4622046,Tripoli FIR
22,1.888e-05,8.6e-06,0.45553949,Tripoli FIR
23,2.457e-05,8.51e-06,0.34620512,Tripoli FIR
0,3.015e-05,1.328e-05,0.44038721,Tripoli FIR
1,3.801e-05,1.504e-05,0.39552178,Tripoli FIR
2,3.594e-05,2.41e-05,0.67073016,Tripoli FIR
3,2.863e-05,1.326e-05,0.46327937,Tripoli FIR
4,2.046e-05,4.21e-06,0.20587395,Tripoli FIR
5,1.472e-05,1.9e-07,0.01280178,Tripoli FIR
6,7.5e-07,-4.6e-07,-0.61625403,Kigali FIR
7,3e-07,-2e-07,-0.669413,Kigali FIR
8,3.1e-07,1.2e-07,0.39318511,Kigali FIR
9,2.3e-07,-2.5e-07,-1.06059884,Kigali FIR
10,2e-07,-1.1e-07,-0.52946316,Kigali FIR
11,7.9e-07,-1.1e-07,-0.13497798,Kigali FIR
12,4.7e-07,-1e-07,-0.21275501,Kigali FIR
13,1.3e-07,-0.0,-0.01675662,Kigali FIR
14,9e-08,3.1e-07,3.56983166,Kigali FIR
15,4.4e-07,1e-08,0.0277026,Kigali FIR
16,5.4e-07,8.6e-07,1.57766247,Kigali FIR
17,6.8e-07,6.9e-07,1.01759336,Kigali FIR
18,7.3e-07,4.5e-07,0.61684935,Kigali FIR
19,2.9e-07,3.9e-07,1.34754464,Kigali FIR
20,5e-07,1.12e-06,2.2577765,Kigali FIR
21,5.8e-07,2.92e-06,5.07427152,Kigali FIR
22,3.5e-07,3.7e-07,1.07129042,Kigali FIR
23,4.4e-07,4.4e-07,1.01306457,Kigali FIR
0,6.1e-07,1.05e-06,1.70004823,Kigali FIR
1,1.5e-07,3.7e-07,2.47450238,Kigali FIR
2,2e-07,4e-07,1.9906887,Kigali FIR
3,2.1e-07,1.28e-06,5.97045623,Kigali FIR
4,2.1e-07,-1e-08,-0.03233538,Kigali FIR
5,7.5e-07,-3.2e-07,-0.42911833,Kigali FIR
6,2.758e-05,3.41e-06,0.12368039,Khartoum FIR
7,2.982e-05,1.67e-06,0.0559751,Khartoum FIR
8,5.965e-05,4.24e-06,0.07099788,Khartoum FIR
9,5.625e-05,7.85e-06,0.13951223,Khartoum FIR
10,4.907e-05,9.84e-06,0.20047401,Khartoum FIR
11,3.876e-05,4.24e-06,0.10931702,Khartoum FIR
12,3.044e-05,6.25e-06,0.20546725,Khartoum FIR
13,2.456e-05,1.07e-05,0.43576489,Khartoum FIR
14,2.838e-05,3.256e-05,1.14723224,Khartoum FIR
15,5.297e-05,7.727e-05,1.45860603,Khartoum FIR
16,6.611e-05,0.00011671,1.76533507,Khartoum FIR
17,5.268e-05,0.0001266,2.40313313,Khartoum FIR
18,2.537e-05,4.798e-05,1.89112644,Khartoum FIR
19,1.892e-05,2.334e-05,1.23361086,Khartoum FIR
20,3.05e-05,2.249e-05,0.73730569,Khartoum FIR
21,6.075e-05,9.388e-05,1.54548563,Khartoum FIR
22,9.216e-05,0.00012265,1.33080852,Khartoum FIR
23,0.00012622,0.00010413,0.8249893,Khartoum FIR
0,0.00012268,8.976e-05,0.73163656,Khartoum FIR
1,8.907e-05,8.898e-05,0.99901882,Khartoum FIR
2,7.681e-05,5.226e-05,0.68033062,Khartoum FIR
3,7.31e-05,3.378e-05,0.46216922,Khartoum FIR
4,5.897e-05,9.8e-06,0.16614132,Khartoum FIR
5,4.439e-05,1.91e-06,0.04305301,Khartoum FIR
6,2.647e-05,-7.68e-06,-0.29017758,Dar-Es-Salaam FIR
7,1.287e-05,-4.14e-06,-0.32196373,Dar-Es-Salaam FIR
8,1.668e-05,6.3e-07,0.03765719,Dar-Es-Salaam FIR
9,2.174e-05,-2.17e-06,-0.09984323,Dar-Es-Salaam FIR
10,2.379e-05,-5.22e-06,-0.21956178,Dar-Es-Salaam FIR
11,2.924e-05,-2.82e-06,-0.09660539,Dar-Es-Salaam FIR
12,4.39e-05,-4.67e-06,-0.1064625,Dar-Es-Salaam FIR
13,1.839e-05,1.54e-06,0.08362095,Dar-Es-Salaam FIR
14,2.448e-05,7.19e-06,0.29358902,Dar-Es-Salaam FIR
15,3.702e-05,5.53e-05,1.49385632,Dar-Es-Salaam FIR
16,4.224e-05,8.39e-05,1.98655296,Dar-Es-Salaam FIR
17,2.153e-05,4.552e-05,2.11413642,Dar-Es-Salaam FIR
18,1.753e-05,2.764e-05,1.57650313,Dar-Es-Salaam FIR
19,1.835e-05,3.2e-05,1.74390422,Dar-Es-Salaam FIR
20,2.378e-05,3.531e-05,1.48470913,Dar-Es-Salaam FIR
21,3.125e-05,6.271e-05,2.00653979,Dar-Es-Salaam FIR
22,1.803e-05,3.26e-05,1.80814969,Dar-Es-Salaam FIR
23,1.57e-05,2.701e-05,1.72021586,Dar-Es-Salaam FIR
0,2.093e-05,3.548e-05,1.69564171,Dar-Es-Salaam FIR
1,1.737e-05,1.761e-05,1.01416399,Dar-Es-Salaam FIR
2,1.221e-05,1.971e-05,1.61504185,Dar-Es-Salaam FIR
3,1.194e-05,1.301e-05,1.08985602,Dar-Es-Salaam FIR
4,1.488e-05,6.7e-07,0.04487505,Dar-Es-Salaam FIR
5,2.163e-05,-3.75e-06,-0.17313386,Dar-Es-Salaam FIR
6,3.46e-06,-1.72e-06,-0.49778456,Entebbe FIR
7,9.81e-06,-1.045e-05,-1.0661075,Entebbe FIR
8,2.65e-06,-5.1e-07,-0.19047089,Entebbe FIR
9,2.53e-06,-8.9e-07,-0.35162304,Entebbe FIR
10,1.73e-06,-4e-07,-0.22946328,Entebbe FIR
11,6.99e-06,-8.9e-07,-0.12673672,Entebbe FIR
12,2.75e-06,7e-08,0.02472513,Entebbe FIR
13,1.51e-06,-9e-08,-0.05809594,Entebbe FIR
14,1.52e-06,1.71e-06,1.12588932,Entebbe FIR
15,1.94e-06,2.44e-06,1.25921385,Entebbe FIR
16,2.8e-06,7.63e-06,2.7197697,Entebbe FIR
17,5.14e-06,1.237e-05,2.4081705,Entebbe FIR
18,3.29e-06,3.32e-06,1.0111797,Entebbe FIR
19,1.27e-06,3.31e-06,2.59919027,Entebbe FIR
20,2.71e-06,5.01e-06,1.85122045,Entebbe FIR
21,4.92e-06,8.8e-06,1.78759921,Entebbe FIR
22,8.12e-06,1.271e-05,1.56468309,Entebbe FIR
23,3.25e-06,4.56e-06,1.40235107,Entebbe FIR
0,4.65e-06,2.104e-05,4.52973382,Entebbe FIR
1,3.15e-06,8.91e-06,2.82728428,Entebbe FIR
2,7.1e-06,1.924e-05,2.70828037,Entebbe FIR
3,3.13e-06,3.38e-06,1.08064886,Entebbe FIR
4,2.09e-06,2.6e-07,0.12461523,Entebbe FIR
5,2.65e-06,-1.57e-06,-0.59278081,Entebbe FIR
6,0.0003893,0.0004862,1.24889909,Albuquerque FIR
7,0.00028036,0.00034098,1.21622318,Albuquerque FIR
8,0.00023331,0.00031376,1.34485676,Albuquerque FIR
9,0.00019486,0.00026477,1.35878974,Albuquerque FIR
10,0.00015743,0.0002278,1.44699964,Albuquerque FIR
11,9.249e-05,0.00012375,1.3379903,Albuquerque FIR
12,8.26e-05,4.24e-05,0.51334583,Albuquerque FIR
13,0.00020895,-2.037e-05,-0.09747069,Albuquerque FIR
14,0.00044183,-9.239e-05,-0.20911142,Albuquerque FIR
15,0.00073707,-0.00020606,-0.27956571,Albuquerque FIR
16,0.00089065,-0.00023498,-0.26382751,Albuquerque FIR
17,0.00094516,-0.00019183,-0.20296417,Albuquerque FIR
18,0.0009805,-0.00019504,-0.19892253,Albuquerque FIR
19,0.00096485,-0.00018185,-0.18847916,Albuquerque FIR
20,0.0008818,-0.00012507,-0.14183819,Albuquerque FIR
21,0.00085366,-5.368e-05,-0.06288276,Albuquerque FIR
22,0.00085207,0.00010574,0.1241001,Albuquerque FIR
23,0.00082254,0.00034948,0.42488114,Albuquerque FIR
0,0.00078398,0.00056966,0.72663286,Albuquerque FIR
1,0.00072463,0.00068775,0.94909747,Albuquerque FIR
2,0.00068921,0.00070378,1.02114316,Albuquerque FIR
3,0.00065729,0.00071016,1.08042913,Albuquerque FIR
4,0.00064548,0.00070492,1.09209158,Albuquerque FIR
5,0.00052207,0.00062838,1.203637,Albuquerque FIR
6,0.00056601,0.00114245,2.01843463,Oakland Oceanic FIR
7,0.00047731,0.00098282,2.05908672,Oakland Oceanic FIR
8,0.00050713,0.00105014,2.07076663,Oakland Oceanic FIR
9,0.00060286,0.00148915,2.47013572,Oakland Oceanic FIR
10,0.00074401,0.00208613,2.80388967,Oakland Oceanic FIR
11,0.00085758,0.00251258,2.92984901,Oakland Oceanic FIR
12,0.00087186,0.00254882,2.92341683,Oakland Oceanic FIR
13,0.00081832,0.00220315,2.69228151,Oakland Oceanic FIR
14,0.00075067,0.00173224,2.30758779,Oakland Oceanic FIR
15,0.00071667,0.00129238,1.80331441,Oakland Oceanic FIR
16,0.00071171,0.00079132,1.11185776,Oakland Oceanic FIR
17,0.00071394,0.0003844,0.53841652,Oakland Oceanic FIR
18,0.00074015,0.0001554,0.20996092,Oakland Oceanic FIR
19,0.00077132,-1.506e-05,-0.01953087,Oakland Oceanic FIR
20,0.00082698,-3.882e-05,-0.04694296,Oakland Oceanic FIR
21,0.00088362,-9.739e-05,-0.11022128,Oakland Oceanic FIR
22,0.00093892,-2.006e-05,-0.02136625,Oakland Oceanic FIR
23,0.00095374,0.00015895,0.16665822,Oakland Oceanic FIR
0,0.00095268,0.00044965,0.47198358,Oakland Oceanic FIR
1,0.00093557,0.00072271,0.77247605,Oakland Oceanic FIR
2,0.00092265,0.00120058,1.30122316,Oakland Oceanic FIR
3,0.00089102,0.00160074,1.79652564,Oakland Oceanic FIR
4,0.00079458,0.00158751,1.99792704,Oakland Oceanic FIR
5,0.00067531,0.00136426,2.02018545,Oakland Oceanic FIR
6,0.00013475,0.00028967,2.14975384,Chicago FIR
7,8.062e-05,0.00020639,2.55992516,Chicago FIR
8,9.51e-05,0.00032586,3.42656254,Chicago FIR
9,0.0001376,0.00041404,3.00909375,Chicago FIR
10,0.00017252,0.00033093,1.91820215,Chicago FIR
11,0.00019339,0.00019353,1.00073314,Chicago FIR
12,0.00033445,2.418e-05,0.07228424,Chicago FIR
13,0.00051747,-9.061e-05,-0.17509155,Chicago FIR
14,0.00061116,-0.00021056,-0.34451873,Chicago FIR
15,0.00061699,-0.00026036,-0.42198846,Chicago FIR
16,0.00062864,-0.00022635,-0.36005683,Chicago FIR
17,0.00066776,-0.00019687,-0.2948169,Chicago FIR
18,0.00072058,-0.00019866,-0.27569314,Chicago FIR
19,0.00077485,-0.00015665,-0.20216296,Chicago FIR
20,0.00072807,1.23e-06,0.00168765,Chicago FIR
21,0.00071675,0.00018231,0.25435111,Chicago FIR
22,0.00073794,0.00044473,0.60266066,Chicago FIR
23,0.0007317,0.00078302,1.07012829,Chicago FIR
0,0.00071155,0.00114927,1.61516844,Chicago FIR
1,0.00066943,0.00122829,1.83484212,Chicago FIR
2,0.00064248,0.00140055,2.17990655,Chicago FIR
3,0.00053711,0.00129304,2.40740985,Chicago FIR
4,0.00040733,0.00088205,2.16545507,Chicago FIR
5,0.00025949,0.00055089,2.12294588,Chicago FIR
6,0.00012159,0.00040867,3.36121961,Boston FIR
7,7.535e-05,0.00023504,3.11912054,Boston FIR
8,5.147e-05,0.00012798,2.48642468,Boston FIR
9,6.14e-05,8.393e-05,1.366844,Boston FIR
10,9.309e-05,4.466e-05,0.47977812,Boston FIR
11,0.00021498,1.559e-05,0.07253799,Boston FIR
12,0.0002918,-8.16e-06,-0.02796284,Boston FIR
13,0.0003207,-4.187e-05,-0.13054612,Boston FIR
14,0.00035973,-5.225e-05,-0.14525256,Boston FIR
15,0.00040211,-6.845e-05,-0.17022741,Boston FIR
16,0.00049558,-0.00012563,-0.25350503,Boston FIR
17,0.00053232,-0.00014168,-0.26615867,Boston FIR
18,0.0005517,-7.761e-05,-0.14067864,Boston FIR
19,0.00053449,3.964e-05,0.07416389,Boston FIR
20,0.00050482,0.00018004,0.35663532,Boston FIR
21,0.00048202,0.00032571,0.67570788,Boston FIR
22,0.00049452,0.0005914,1.19592237,Boston FIR
23,0.0005544,0.00102805,1.85433506,Boston FIR
0,0.00056467,0.00139535,2.47106255,Boston FIR
1,0.00051063,0.00147507,2.88870808,Boston FIR
2,0.0004491,0.00125244,2.78877934,Boston FIR
3,0.00039517,0.00105217,2.66256268,Boston FIR
4,0.00034358,0.00097363,2.83375356,Boston FIR
5,0.00023233,0.00066872,2.87833834,Boston FIR
6,0.00013727,0.00034142,2.48730088,Washington FIR
7,7.215e-05,0.00016749,2.3213561,Washington FIR
8,6.224e-05,0.00010513,1.6891374,Washington FIR
9,7.895e-05,0.00011143,1.41143086,Washington FIR
10,0.00012404,8.141e-05,0.65632697,Washington FIR
11,0.00034726,-5.7e-07,-0.00164118,Washington FIR
12,0.00063595,-0.00011406,-0.17935575,Washington FIR
13,0.00086998,-0.00023922,-0.27497096,Washington FIR
14,0.00100285,-0.00031866,-0.31775671,Washington FIR
15,0.0009917,-0.00026333,-0.26553503,Washington FIR
16,0.00100004,-0.00023069,-0.23068252,Washington FIR
17,0.00099004,-0.00018143,-0.18325575,Washington FIR
18,0.00103014,-0.00010208,-0.09909475,Washington FIR
19,0.00099828,5.156e-05,0.05164514,Washington FIR
20,0.00103249,0.0002759,0.2672187,Washington FIR
21,0.00104892,0.00065922,0.62847916,Washington FIR
22,0.00101739,0.00108921,1.07058431,Washington FIR
23,0.00100213,0.00140259,1.39960157,Washington FIR
0,0.00092178,0.00158325,1.71760101,Washington FIR
1,0.0008231,0.00146397,1.77859767,Washington FIR
2,0.00074377,0.0013186,1.77285379,Washington FIR
3,0.00067644,0.00120826,1.78619024,Washington FIR
4,0.00054596,0.00103256,1.89126956,Washington FIR
5,0.00029775,0.00063873,2.14518769,Washington FIR
6,0.00041187,0.00082006,1.9910685,Denver FIR
7,0.00031316,0.00071406,2.28015878,Denver FIR
8,0.00030951,0.0007547,2.43835914,Denver FIR
9,0.00028717,0.00070207,2.4448015,Denver FIR
10,0.00020838,0.00049373,2.36934731,Denver FIR
11,0.00013453,0.00027149,2.01799846,Denver FIR
12,0.00011706,9.821e-05,0.83903041,Denver FIR
13,0.00028393,-3.03e-06,-0.01065951,Denver FIR
14,0.0005065,-0.00010679,-0.2108349,Denver FIR
15,0.00082863,-0.00019361,-0.23365143,Denver FIR
16,0.00110461,-0.00017678,-0.16003447,Denver FIR
17,0.00113966,-0.00015566,-0.13657976,Denver FIR
18,0.00122348,-0.00013999,-0.11441799,Denver FIR
19,0.001092,-9.871e-05,-0.09039525,Denver FIR
20,0.00097955,-8.96e-06,-0.00914564,Denver FIR
21,0.00103108,0.00010998,0.10666754,Denver FIR
22,0.00102279,0.00047325,0.46270471,Denver FIR
23,0.00101806,0.00090956,0.89342129,Denver FIR
0,0.00097172,0.00139708,1.43773035,Denver FIR
1,0.00097702,0.00184006,1.88333191,Denver FIR
2,0.00087609,0.00191482,2.18565234,Denver FIR
3,0.00084151,0.00177041,2.10384463,Denver FIR
4,0.000777,0.00162297,2.08875255,Denver FIR
5,0.00057965,0.00123171,2.12491542,Denver FIR
6,0.00016818,0.00021555,1.28166441,Fort Worth FIR
7,8.477e-05,9.029e-05,1.06513433,Fort Worth FIR
8,8.674e-05,0.0001098,1.26584618,Fort Worth FIR
9,0.00010394,0.00012302,1.18352828,Fort Worth FIR
10,0.00011665,0.00013238,1.13487198,Fort Worth FIR
11,0.00013047,9.546e-05,0.73165878,Fort Worth FIR
12,0.00019522,3.373e-05,0.17276985,Fort Worth FIR
13,0.00042472,-7.45e-06,-0.01755181,Fort Worth FIR
14,0.00058139,-7.102e-05,-0.12215903,Fort Worth FIR
15,0.00065226,-4.816e-05,-0.0738326,Fort Worth FIR
16,0.00072863,-4.86e-06,-0.00667666,Fort Worth FIR
17,0.00075662,-7.81e-06,-0.01032455,Fort Worth FIR
18,0.00076225,-2.448e-05,-0.03211865,Fort Worth FIR
19,0.0007666,-2.055e-05,-0.026805,Fort Worth FIR
20,0.00072303,2.089e-05,0.02889694,Fort Worth FIR
21,0.00075445,5.619e-05,0.07447994,Fort Worth FIR
22,0.00075927,0.00018449,0.24297721,Fort Worth FIR
23,0.00076439,0.00040015,0.52349304,Fort Worth FIR
0,0.00068331,0.00058433,0.85514731,Fort Worth FIR
1,0.00064972,0.00060896,0.93726371,Fort Worth FIR
2,0.00060346,0.00062706,1.03910293,Fort Worth FIR
3,0.0005109,0.00056156,1.09915463,Fort Worth FIR
4,0.00043367,0.00050159,1.15662391,Fort Worth FIR
5,0.00034456,0.00044664,1.29625768,Fort Worth FIR
6,0.00012982,0.00012462,0.95992443,Houston FIR
7,8.608e-05,7.531e-05,0.87492004,Houston FIR
8,8.992e-05,9.64e-05,1.07201262,Houston FIR
9,0.00010062,0.00014749,1.46578036,Houston FIR
10,0.00011307,0.00012369,1.0939287,Houston FIR
11,0.0001303,8.253e-05,0.6334115,Houston FIR
12,0.00025895,4.277e-05,0.16515005,Houston FIR
13,0.00046636,1.426e-05,0.03057659,Houston FIR
14,0.00058359,-2.897e-05,-0.04964392,Houston FIR
15,0.00060572,-1.375e-05,-0.0227002,Houston FIR
16,0.00073782,-5.29e-06,-0.00717449,Houston FIR
17,0.00073918,8.75e-06,0.01183353,Houston FIR
18,0.0007738,-2.74e-06,-0.00353689,Houston FIR
19,0.00075356,1.581e-05,0.02097412,Houston FIR
20,0.00074795,4.242e-05,0.0567167,Houston FIR
21,0.00077137,0.00010572,0.13705857,Houston FIR
22,0.00078571,0.0003156,0.40167345,Houston FIR
23,0.00078316,0.0005401,0.68963422,Houston FIR
0,0.00073696,0.00076357,1.03611546,Houston FIR
1,0.00067492,0.00081131,1.2020913,Houston FIR
2,0.00062015,0.00082593,1.33182058,Houston FIR
3,0.00047011,0.00066575,1.41616558,Houston FIR
4,0.0003757,0.0004861,1.29384715,Houston FIR
5,0.00026097,0.00031341,1.20093039,Houston FIR
6,0.00014767,0.00022436,1.51934627,Indianapolis FIR
7,7.999e-05,0.00011706,1.46343077,Indianapolis FIR
8,7.043e-05,0.00014596,2.07227707,Indianapolis FIR
9,0.00012974,0.00020822,1.60490633,Indianapolis FIR
10,0.00021516,0.00025044,1.16396341,Indianapolis FIR
11,0.00028441,0.00015585,0.54796763,Indianapolis FIR
12,0.0004147,-1.715e-05,-0.04136033,Indianapolis FIR
13,0.00055011,-0.00014388,-0.26155774,Indianapolis FIR
14,0.00065425,-0.00024278,-0.37108118,Indianapolis FIR
15,0.00068457,-0.00023456,-0.34264087,Indianapolis FIR
16,0.00062735,-0.00021707,-0.34601223,Indianapolis FIR
17,0.00061063,-0.00013903,-0.22768109,Indianapolis FIR
18,0.00062991,-0.00010972,-0.17418591,Indianapolis FIR
19,0.00064362,1.35e-06,0.00209439,Indianapolis FIR
20,0.00068973,0.00015971,0.23155161,Indianapolis FIR
21,0.00069798,0.00043307,0.62046022,Indianapolis FIR
22,0.00067955,0.0007335,1.07938605,Indianapolis FIR
23,0.00069219,0.00100534,1.45240107,Indianapolis FIR
0,0.0006217,0.00117322,1.88711379,Indianapolis FIR
1,0.00056244,0.00107727,1.91535705,Indianapolis FIR
2,0.0005176,0.00108492,2.09606243,Indianapolis FIR
3,0.0004484,0.00094011,2.09657204,Indianapolis FIR
4,0.00041849,0.0008299,1.98305931,Indianapolis FIR
5,0.00027921,0.00052856,1.89305351,Indianapolis FIR
6,9.841e-05,0.00028607,2.90693923,Jacksonville FIR
7,5.217e-05,0.00013351,2.55891081,Jacksonville FIR
8,4.664e-05,9.464e-05,2.02919449,Jacksonville FIR
9,7.974e-05,0.00012514,1.56937429,Jacksonville FIR
10,0.00011637,0.00010516,0.90364912,Jacksonville FIR
11,0.00025031,3.963e-05,0.15834191,Jacksonville FIR
12,0.00052732,-7.972e-05,-0.15118217,Jacksonville FIR
13,0.00078164,-0.00015347,-0.19634306,Jacksonville FIR
14,0.00087757,-0.00017548,-0.19996524,Jacksonville FIR
15,0.00097564,-0.00016496,-0.16907548,Jacksonville FIR
16,0.0010132,-0.0001628,-0.16067945,Jacksonville FIR
17,0.0010585,-0.00015901,-0.15021903,Jacksonville FIR
18,0.00103381,-8.867e-05,-0.08576696,Jacksonville FIR
19,0.00097176,-1.897e-05,-0.01952629,Jacksonville FIR
20,0.00097141,0.00015481,0.15936582,Jacksonville FIR
21,0.00097951,0.00049785,0.50826454,Jacksonville FIR
22,0.00097085,0.00091723,0.94477831,Jacksonville FIR
23,0.00093153,0.00131296,1.40947048,Jacksonville FIR
0,0.00083981,0.00143338,1.70679433,Jacksonville FIR
1,0.00075351,0.00151465,2.01011573,Jacksonville FIR
2,0.00065867,0.00140009,2.12564446,Jacksonville FIR
3,0.00060913,0.00138081,2.26686477,Jacksonville FIR
4,0.00045696,0.00104883,2.29520385,Jacksonville FIR
5,0.00023556,0.00060132,2.5526751,Jacksonville FIR
6,0.0002486,0.00072278,2.90732846,Kansas City FIR
7,0.00015452,0.00043803,2.83469268,Kansas City FIR
8,0.00017969,0.00053114,2.95593555,Kansas City FIR
9,0.00024561,0.00068269,2.77951911,Kansas City FIR
10,0.00025235,0.00066507,2.63554146,Kansas City FIR
11,0.0001798,0.0003376,1.87763032,Kansas City FIR
12,0.00027096,7.843e-05,0.28943806,Kansas City FIR
13,0.0004623,-7.538e-05,-0.163048,Kansas City FIR
14,0.0006177,-0.00024561,-0.39762391,Kansas City FIR
15,0.00067638,-0.00024397,-0.36069497,Kansas City FIR
16,0.00071462,-0.00020185,-0.28245789,Kansas City FIR
17,0.0007873,-0.00016532,-0.20998345,Kansas City FIR
18,0.00081516,-0.00015903,-0.19508756,Kansas City FIR
19,0.00083143,-6.706e-05,-0.08065623,Kansas City FIR
20,0.0008067,0.00012598,0.15616638,Kansas City FIR
21,0.0008089,0.00032424,0.40084076,Kansas City FIR
22,0.00083697,0.00068931,0.82358189,Kansas City FIR
23,0.0008133,0.00114355,1.40606762,Kansas City FIR
0,0.0007397,0.00143841,1.9445775,Kansas City FIR
1,0.00069305,0.00156986,2.26512763,Kansas City FIR
2,0.00064775,0.00161924,2.49980301,Kansas City FIR
3,0.0005362,0.00136913,2.5533871,Kansas City FIR
4,0.00045894,0.00114735,2.50001888,Kansas City FIR
5,0.0003949,0.00103667,2.62517723,Kansas City FIR
6,0.00049277,0.00033026,0.67021288,Los Angeles FIR
7,0.00037345,0.00028379,0.75991567,Los Angeles FIR
8,0.00025795,0.00022295,0.86433892,Los Angeles FIR
9,0.00017463,0.00018012,1.03138343,Los Angeles FIR
10,9.644e-05,0.00010046,1.04174452,Los Angeles FIR
11,6.675e-05,6.189e-05,0.92722817,Los Angeles FIR
12,6.76e-05,4.179e-05,0.61829751,Los Angeles FIR
13,9.056e-05,1.695e-05,0.18718828,Los Angeles FIR
14,0.00031167,-2.711e-05,-0.08697057,Los Angeles FIR
15,0.00060855,-7.797e-05,-0.12812313,Los Angeles FIR
16,0.00077277,-9.417e-05,-0.12186669,Los Angeles FIR
17,0.00083106,-8.474e-05,-0.10196559,Los Angeles FIR
18,0.00090241,-6.957e-05,-0.07709429,Los Angeles FIR
19,0.00090315,-6.663e-05,-0.07377907,Los Angeles FIR
20,0.00086591,-6.035e-05,-0.06969509,Los Angeles FIR
21,0.00085401,-5.033e-05,-0.05893067,Los Angeles FIR
22,0.00083301,-8.54e-06,-0.01025301,Los Angeles FIR
23,0.00079534,8.914e-05,0.11208171,Los Angeles FIR
0,0.00078934,0.00021305,0.26991103,Los Angeles FIR
1,0.00078628,0.00034676,0.44101546,Los Angeles FIR
2,0.00073397,0.00041439,0.56458172,Los Angeles FIR
3,0.00068066,0.00041323,0.60710705,Los Angeles FIR
4,0.00066592,0.0004089,0.61403829,Los Angeles FIR
5,0.0006031,0.00039136,0.64891912,Los Angeles FIR
6,0.00035435,0.00125786,3.54973797,Salt Lake City FIR
7,0.00028886,0.00123284,4.26796196,Salt Lake City FIR
8,0.00024721,0.00115838,4.68574468,Salt Lake City FIR
9,0.00018243,0.00080237,4.39821475,Salt Lake City FIR
10,9.727e-05,0.00036352,3.73707978,Salt Lake City FIR
11,8.658e-05,0.0002035,2.35042678,Salt Lake City FIR
12,0.00010716,0.00013829,1.29048512,Salt Lake City FIR
13,0.0001398,6.82e-05,0.4878385,Salt Lake City FIR
14,0.00026997,-3.35e-05,-0.12410776,Salt Lake City FIR
15,0.00057824,-0.00014079,-0.24348911,Salt Lake City FIR
16,0.00076533,-8.836e-05,-0.11544779,Salt Lake City FIR
17,0.00079922,-3.277e-05,-0.04100585,Salt Lake City FIR
18,0.00082058,4.55e-06,0.00554767,Salt Lake City FIR
19,0.00080578,-2.39e-06,-0.0029703,Salt Lake City FIR
20,0.00074794,-8.23e-06,-0.01100104,Salt Lake City FIR
21,0.00074033,8.77e-05,0.11845545,Salt Lake City FIR
22,0.00075764,0.0003297,0.4351673,Salt Lake City FIR
23,0.00071346,0.00063741,0.89339773,Salt Lake City FIR
0,0.00068145,0.00102667,1.50660924,Salt Lake City FIR
1,0.00066487,0.00151266,2.27512933,Salt Lake City FIR
2,0.00062389,0.00188527,3.02177595,Salt Lake City FIR
3,0.00065724,0.00224091,3.40959714,Salt Lake City FIR
4,0.00062235,0.00215856,3.46839486,Salt Lake City FIR
5,0.00046884,0.00165457,3.52910313,Salt Lake City FIR
6,0.00014161,0.00016861,1.19068192,Miami FIR/UIR
7,0.00011195,0.00014905,1.33135604,Miami FIR/UIR
8,0.00011712,0.00014615,1.24781365,Miami FIR/UIR
9,0.00014466,0.00012065,0.83397711,Miami FIR/UIR
10,0.00015513,5.458e-05,0.35187284,Miami FIR/UIR
11,0.00021008,7.18e-06,0.03417865,Miami FIR/UIR
12,0.00031705,-4.731e-05,-0.14922438,Miami FIR/UIR
13,0.00046792,-7.841e-05,-0.16757656,Miami FIR/UIR
14,0.00056868,-7.416e-05,-0.13041202,Miami FIR/UIR
15,0.00067025,-7.883e-05,-0.11761801,Miami FIR/UIR
16,0.00080944,-0.0001186,-0.14651867,Miami FIR/UIR
17,0.00089784,-0.00014476,-0.1612365,Miami FIR/UIR
18,0.0008582,-0.0001243,-0.14483765,Miami FIR/UIR
19,0.00080672,-6.973e-05,-0.08643994,Miami FIR/UIR
20,0.00080362,-7.16e-06,-0.0089081,Miami FIR/UIR
21,0.00081262,0.00017487,0.2151891,Miami FIR/UIR
22,0.00078985,0.00037754,0.47798259,Miami FIR/UIR
23,0.0007383,0.00054085,0.73256679,Miami FIR/UIR
0,0.00063556,0.00049806,0.78365913,Miami FIR/UIR
1,0.00055732,0.00044451,0.79757904,Miami FIR/UIR
2,0.00048362,0.00038199,0.78985738,Miami FIR/UIR
3,0.00043065,0.00043949,1.02051828,Miami FIR/UIR
4,0.0003233,0.00034595,1.07004724,Miami FIR/UIR
5,0.00021449,0.00024161,1.12643225,Miami FIR/UIR
6,0.00016802,0.00023385,1.39181687,Memphis FIR
7,7.499e-05,0.00011251,1.50035788,Memphis FIR
8,7.713e-05,0.00011381,1.47550771,Memphis FIR
9,0.00015826,0.00018905,1.19456969,Memphis FIR
10,0.00022692,0.00025205,1.11072802,Memphis FIR
11,0.0001756,0.00015425,0.87839578,Memphis FIR
12,0.00030505,2.172e-05,0.07120454,Memphis FIR
13,0.00051877,-5.073e-05,-0.09778358,Memphis FIR
14,0.00070317,-0.00014391,-0.20466355,Memphis FIR
15,0.00072474,-0.00020252,-0.27944201,Memphis FIR
16,0.00068209,-0.00015829,-0.23207308,Memphis FIR
17,0.00071957,-0.00016026,-0.22271228,Memphis FIR
18,0.00070603,-0.00013089,-0.18539388,Memphis FIR
19,0.00072623,-3.904e-05,-0.05376248,Memphis FIR
20,0.00073265,9.812e-05,0.13392356,Memphis FIR
21,0.00074704,0.00025962,0.34752774,Memphis FIR
22,0.00080512,0.00047234,0.58667725,Memphis FIR
23,0.00074382,0.00080827,1.08664763,Memphis FIR
0,0.0006521,0.00095889,1.47045394,Memphis FIR
1,0.00062236,0.00103625,1.66504924,Memphis FIR
2,0.00057401,0.00104282,1.81672546,Memphis FIR
3,0.00048924,0.00089386,1.82703,Memphis FIR
4,0.00043866,0.00073755,1.68135485,Memphis FIR
5,0.00031963,0.00048315,1.51156422,Memphis FIR
6,0.00020869,0.00070669,3.3863707,Minneapolis FIR
7,0.00015583,0.00056504,3.62611467,Minneapolis FIR
8,0.00016777,0.00065146,3.88301559,Minneapolis FIR
9,0.00021864,0.00066829,3.05664322,Minneapolis FIR
10,0.00021562,0.00053098,2.4625442,Minneapolis FIR
11,0.00017253,0.00027369,1.58635887,Minneapolis FIR
12,0.00024075,7.356e-05,0.30552263,Minneapolis FIR
13,0.000443,-5.147e-05,-0.11617825,Minneapolis FIR
14,0.00054391,-0.00012991,-0.23883535,Minneapolis FIR
15,0.00061463,-0.00014142,-0.23008951,Minneapolis FIR
16,0.00065639,-0.00011375,-0.17329954,Minneapolis FIR
17,0.00077691,-0.00012949,-0.16667478,Minneapolis FIR
18,0.00083214,-0.00013285,-0.15964326,Minneapolis FIR
19,0.00083382,-3.595e-05,-0.04311127,Minneapolis FIR
20,0.00072583,8.843e-05,0.12183041,Minneapolis FIR
21,0.00072192,0.00034458,0.47731314,Minneapolis FIR
22,0.00075742,0.00083332,1.10020243,Minneapolis FIR
23,0.00073995,0.00128185,1.73235139,Minneapolis FIR
0,0.00078701,0.00183124,2.32684195,Minneapolis FIR
1,0.00072379,0.0022291,3.07973615,Minneapolis FIR
2,0.00072522,0.00237842,3.27958757,Minneapolis FIR
3,0.00062534,0.00215775,3.45054916,Minneapolis FIR
4,0.00049839,0.00160998,3.23037219,Minneapolis FIR
5,0.00035365,0.00107718,3.04587939,Minneapolis FIR
6,8.741e-05,0.00018821,2.15320697,New York FIR
7,4.65e-05,9.208e-05,1.98017819,New York FIR
8,3.377e-05,4.829e-05,1.42980969,New York FIR
9,5.7e-05,4.768e-05,0.83640047,New York FIR
10,0.00010698,3.533e-05,0.33024583,New York FIR
11,0.0002547,4.01e-06,0.01576074,New York FIR
12,0.00033812,-3.456e-05,-0.10220671,New York FIR
13,0.0004031,-0.00010234,-0.25387698,New York FIR
14,0.00045804,-0.00017044,-0.37210043,New York FIR
15,0.00045942,-0.00017953,-0.39078012,New York FIR
16,0.00045633,-0.0001668,-0.36553377,New York FIR
17,0.00046012,-0.00012697,-0.27596168,New York FIR
18,0.00047562,-7.796e-05,-0.16390949,New York FIR
19,0.00048693,-9.53e-06,-0.01957355,New York FIR
20,0.00049823,0.00010792,0.2166048,New York FIR
21,0.00050391,0.00022691,0.45031058,New York FIR
22,0.00050168,0.00041663,0.83047317,New York FIR
23,0.000502,0.00061665,1.22840517,New York FIR
0,0.00048999,0.0007065,1.44185867,New York FIR
1,0.00043232,0.00065423,1.51329148,New York FIR
2,0.00039737,0.00058958,1.4837212,New York FIR
3,0.00035344,0.00049303,1.39494639,New York FIR
4,0.00027631,0.00043988,1.59195886,New York FIR
5,0.00017604,0.00031212,1.77297685,New York FIR
6,0.00033747,0.00034384,1.01887629,Oakland FIR
7,0.00026759,0.00028517,1.06569454,Oakland FIR
8,0.00018421,0.0002504,1.35931106,Oakland FIR
9,0.00012509,0.00017929,1.43327912,Oakland FIR
10,8.199e-05,0.00011653,1.42135146,Oakland FIR
11,5.831e-05,7.898e-05,1.35460448,Oakland FIR
12,5.966e-05,6.325e-05,1.06008876,Oakland FIR
13,5.856e-05,3.229e-05,0.55140782,Oakland FIR
14,0.00022438,-2.159e-05,-0.09622499,Oakland FIR
15,0.00040615,-5.827e-05,-0.14347903,Oakland FIR
16,0.0005084,-7.08e-05,-0.13926046,Oakland FIR
17,0.00057226,-6.564e-05,-0.11469967,Oakland FIR
18,0.00060098,-5.65e-05,-0.09401472,Oakland FIR
19,0.0006102,-5.002e-05,-0.08198098,Oakland FIR
20,0.00062658,-5.485e-05,-0.08754555,Oakland FIR
21,0.00062226,-5.547e-05,-0.08913728,Oakland FIR
22,0.00058979,2.5e-06,0.00423848,Oakland FIR
23,0.00054037,7.099e-05,0.13137356,Oakland FIR
0,0.00054439,0.00021086,0.38733785,Oakland FIR
1,0.00054129,0.00035573,0.65717941,Oakland FIR
2,0.00050831,0.00044429,0.87406371,Oakland FIR
3,0.0004866,0.00049193,1.01096029,Oakland FIR
4,0.00048032,0.00052216,1.08711582,Oakland FIR
5,0.00043227,0.00046527,1.07632853,Oakland FIR
6,8.561e-05,0.00023494,2.74430323,Cleveland FIR
7,4.268e-05,0.00013097,3.06876946,Cleveland FIR
8,4.319e-05,0.00012783,2.95972023,Cleveland FIR
9,8.54e-05,0.00022561,2.64195456,Cleveland FIR
10,0.00014799,0.00019001,1.28390765,Cleveland FIR
11,0.00027854,9.589e-05,0.34424064,Cleveland FIR
12,0.00039193,-5.089e-05,-0.12983283,Cleveland FIR
13,0.00047099,-0.00017827,-0.37849117,Cleveland FIR
14,0.00051014,-0.00022473,-0.44052389,Cleveland FIR
15,0.00055496,-0.00022659,-0.40830055,Cleveland FIR
16,0.00051365,-0.00020659,-0.40220219,Cleveland FIR
17,0.00051454,-0.00017182,-0.33393219,Cleveland FIR
18,0.00053984,-0.00014894,-0.27589518,Cleveland FIR
19,0.00056903,-8.68e-06,-0.01526276,Cleveland FIR
20,0.00059253,0.00015863,0.26771728,Cleveland FIR
21,0.0006254,0.00039981,0.63928107,Cleveland FIR
22,0.00059222,0.00072595,1.22582221,Cleveland FIR
23,0.00061552,0.00106711,1.73368043,Cleveland FIR
0,0.0005718,0.00129196,2.25946131,Cleveland FIR
1,0.00053239,0.00125671,2.36049824,Cleveland FIR
2,0.0004787,0.0010616,2.21769695,Cleveland FIR
3,0.00042644,0.0010418,2.44300885,Cleveland FIR
4,0.00034085,0.00089487,2.62544092,Cleveland FIR
5,0.000195,0.00054527,2.79618973,Cleveland FIR
6,0.00029077,0.00080681,2.7747823,Seattle FIR
7,0.00020722,0.00062512,3.01666227,Seattle FIR
8,0.00013398,0.00041827,3.1217667,Seattle FIR
9,7.163e-05,0.00028967,4.04391483,Seattle FIR
10,5.179e-05,0.00018034,3.48226705,Seattle FIR
11,5.863e-05,0.0001989,3.39232595,Seattle FIR
12,5.548e-05,0.00010221,1.84219494,Seattle FIR
13,7.562e-05,4.667e-05,0.61720135,Seattle FIR
14,0.00021017,-6.919e-05,-0.32919265,Seattle FIR
15,0.00034866,-0.00018679,-0.53573813,Seattle FIR
16,0.00042662,-0.00025707,-0.60258079,Seattle FIR
17,0.00047358,-0.00024798,-0.5236324,Seattle FIR
18,0.00050128,-0.00024343,-0.48560763,Seattle FIR
19,0.0005102,-0.00018702,-0.3665642,Seattle FIR
20,0.00051831,-0.00016636,-0.32097032,Seattle FIR
21,0.00051331,-0.00012188,-0.23742925,Seattle FIR
22,0.00049686,1.237e-05,0.02490256,Seattle FIR
23,0.00046831,0.00018814,0.40173509,Seattle FIR
0,0.00046163,0.00043054,0.9326503,Seattle FIR
1,0.00044575,0.00066175,1.48456755,Seattle FIR
2,0.00041529,0.00096953,2.33456898,Seattle FIR
3,0.00041112,0.00112832,2.74453115,Seattle FIR
4,0.00039868,0.00114081,2.86147182,Seattle FIR
5,0.00037139,0.0010401,2.80052779,Seattle FIR
6,8.337e-05,0.00014075,1.68825943,Atlanta FIR
7,4.268e-05,7.229e-05,1.69373523,Atlanta FIR
8,3.757e-05,4.709e-05,1.25329786,Atlanta FIR
9,5.727e-05,5.594e-05,0.97680743,Atlanta FIR
10,0.00010563,6.702e-05,0.6344446,Atlanta FIR
11,0.00021545,5.202e-05,0.24146896,Atlanta FIR
12,0.00049806,1.199e-05,0.02407737,Atlanta FIR
13,0.000735,-3.9e-06,-0.00530376,Atlanta FIR
14,0.00085022,-1.496e-05,-0.01759498,Atlanta FIR
15,0.00086976,5.32e-06,0.00611994,Atlanta FIR
16,0.00084509,1.656e-05,0.01959403,Atlanta FIR
17,0.00082927,2.11e-05,0.02544624,Atlanta FIR
18,0.00086518,2.115e-05,0.02444892,Atlanta FIR
19,0.00085967,5.009e-05,0.05827179,Atlanta FIR
20,0.00087955,0.00012967,0.14742289,Atlanta FIR
21,0.00087222,0.00029252,0.33537689,Atlanta FIR
22,0.00085996,0.00053987,0.62778284,Atlanta FIR
23,0.00085256,0.00069021,0.80958201,Atlanta FIR
0,0.00077208,0.00077974,1.00991988,Atlanta FIR
1,0.00072393,0.00076585,1.0578947,Atlanta FIR
2,0.00061999,0.00075382,1.21584783,Atlanta FIR
3,0.00053219,0.00077365,1.45370676,Atlanta FIR
4,0.00041986,0.00065009,1.54833277,Atlanta FIR
5,0.00021599,0.00034193,1.58308308,Atlanta FIR
6,0.00041901,0.0016397,3.9132469,New York Oceanic FIR
7,0.00034996,0.00112049,3.20175818,New York Oceanic FIR
8,0.00028121,0.00065139,2.31638287,New York Oceanic FIR
9,0.00020723,0.00028361,1.36859609,New York Oceanic FIR
10,0.00014364,7.646e-05,0.53231352,New York Oceanic FIR
11,0.00011469,-1.049e-05,-0.09143159,New York Oceanic FIR
12,0.0001153,-3.732e-05,-0.32371363,New York Oceanic FIR
13,0.00015193,-6.012e-05,-0.39570102,New York Oceanic FIR
14,0.00023472,-8.125e-05,-0.34614841,New York Oceanic FIR
15,0.00037458,-9.972e-05,-0.26622373,New York Oceanic FIR
16,0.00050546,-4.49e-05,-0.08883481,New York Oceanic FIR
17,0.00056175,7.725e-05,0.13751099,New York Oceanic FIR
18,0.00053866,0.00030581,0.5677239,New York Oceanic FIR
19,0.00048096,0.0005265,1.09468589,New York Oceanic FIR
20,0.00047215,0.00089114,1.8873965,New York Oceanic FIR
21,0.00046124,0.00117692,2.55164573,New York Oceanic FIR
22,0.00040853,0.00129585,3.17194775,New York Oceanic FIR
23,0.0003907,0.00150759,3.85863619,New York Oceanic FIR
0,0.00041613,0.00183379,4.40676263,New York Oceanic FIR
1,0.00045663,0.00232953,5.10155975,New York Oceanic FIR
2,0.00048026,0.00245714,5.11632799,New York Oceanic FIR
3,0.00048884,0.00238132,4.87136573,New York Oceanic FIR
4,0.0004885,0.00230146,4.71126371,New York Oceanic FIR
5,0.00046928,0.00208093,4.43434868,New York Oceanic FIR
6,1.831e-05,-5.66e-06,-0.30919888,Tirana FIR
7,2.616e-05,-1.295e-05,-0.49485197,Tirana FIR
8,3.057e-05,-1.425e-05,-0.46609805,Tirana FIR
9,3.064e-05,-6.86e-06,-0.22383481,Tirana FIR
10,3.665e-05,-4.46e-06,-0.12160212,Tirana FIR
11,3.69e-05,7e-07,0.01898393,Tirana FIR
12,3.717e-05,1.728e-05,0.46502888,Tirana FIR
13,3.995e-05,3.38e-05,0.84595716,Tirana FIR
14,3.857e-05,5.441e-05,1.41080618,Tirana FIR
15,3.416e-05,6.079e-05,1.77982093,Tirana FIR
16,3.435e-05,6.712e-05,1.95374653,Tirana FIR
17,3.438e-05,6.468e-05,1.88156498,Tirana FIR
18,3.296e-05,6.568e-05,1.99253189,Tirana FIR
19,3.415e-05,5.964e-05,1.74654474,Tirana FIR
20,2.985e-05,4.794e-05,1.60624431,Tirana FIR
21,1.998e-05,2.941e-05,1.47217392,Tirana FIR
22,1.709e-05,2.657e-05,1.5547056,Tirana FIR
23,1.59e-05,2.755e-05,1.73312403,Tirana FIR
0,9.5e-06,1.509e-05,1.58889883,Tirana FIR
1,7.38e-06,1.07e-05,1.44907963,Tirana FIR
2,6.21e-06,7.41e-06,1.19392904,Tirana FIR
3,9.52e-06,9.38e-06,0.9850656,Tirana FIR
4,9.5e-06,5.08e-06,0.5346669,Tirana FIR
5,1.274e-05,-3.23e-06,-0.25371988,Tirana FIR
6,0.00011843,-4.757e-05,-0.40164729,Sofia FIR
7,0.00013241,-5.453e-05,-0.41184126,Sofia FIR
8,0.00014235,-3.921e-05,-0.27548529,Sofia FIR
9,0.00019839,-1.888e-05,-0.09515681,Sofia FIR
10,0.00026067,-7.9e-07,-0.00304041,Sofia FIR
11,0.00021823,4.861e-05,0.22277005,Sofia FIR
12,0.00022948,0.00014969,0.65231075,Sofia FIR
13,0.00021874,0.00035344,1.6158404,Sofia FIR
14,0.0002146,0.00054147,2.52316379,Sofia FIR
15,0.00022352,0.00068169,3.04979794,Sofia FIR
16,0.00024057,0.00083794,3.48315279,Sofia FIR
17,0.00020926,0.00076936,3.67659015,Sofia FIR
18,0.00015504,0.00059337,3.82717811,Sofia FIR
19,0.0001345,0.00052247,3.88456216,Sofia FIR
20,0.00013362,0.00055932,4.18591465,Sofia FIR
21,0.00010297,0.00038288,3.71846288,Sofia FIR
22,0.00010558,0.00028783,2.72624913,Sofia FIR
23,0.00013178,0.00037271,2.82821653,Sofia FIR
0,9.493e-05,0.00030082,3.16889835,Sofia FIR
1,6.592e-05,0.00020735,3.14566873,Sofia FIR
2,6.764e-05,0.00011255,1.66378879,Sofia FIR
3,0.00013114,0.00011964,0.91226392,Sofia FIR
4,0.00013183,6.03e-05,0.45737481,Sofia FIR
5,0.00010688,-2.6e-05,-0.24323498,Sofia FIR
6,8.708e-05,-1.459e-05,-0.16754137,Nicosia FIR
7,9.222e-05,-1.571e-05,-0.17033644,Nicosia FIR
8,9.33e-05,-1.441e-05,-0.15443214,Nicosia FIR
9,0.00011843,-1.875e-05,-0.158279,Nicosia FIR
10,0.00012528,-1.33e-05,-0.10613245,Nicosia FIR
11,0.00011777,-8.17e-06,-0.06934605,Nicosia FIR
12,0.00012319,-4.25e-06,-0.03448284,Nicosia FIR
13,0.0001355,1.862e-05,0.13741216,Nicosia FIR
14,0.00012399,2.466e-05,0.19887625,Nicosia FIR
15,0.00012411,3.949e-05,0.31819201,Nicosia FIR
16,0.00011975,5.904e-05,0.49303932,Nicosia FIR
17,0.00012102,6.836e-05,0.56488916,Nicosia FIR
18,0.00012663,5.836e-05,0.46085145,Nicosia FIR
19,0.00011199,5.624e-05,0.5021979,Nicosia FIR
20,0.00010226,4.426e-05,0.43276725,Nicosia FIR
21,8.771e-05,3.536e-05,0.40316432,Nicosia FIR
22,6.654e-05,2.131e-05,0.32020052,Nicosia FIR
23,7.52e-05,3.074e-05,0.40883803,Nicosia FIR
0,8.976e-05,3.541e-05,0.39447851,Nicosia FIR
1,6.92e-05,2.565e-05,0.37067006,Nicosia FIR
2,6.668e-05,1.711e-05,0.25655215,Nicosia FIR
3,7.219e-05,5.13e-06,0.07112391,Nicosia FIR
4,6.353e-05,-4.8e-06,-0.07550667,Nicosia FIR
5,8.301e-05,-1.529e-05,-0.1841702,Nicosia FIR
6,9.648e-05,-3.672e-05,-0.38060949,Zagreb FIR
7,0.00010859,-5.608e-05,-0.51641939,Zagreb FIR
8,0.00013668,-6.507e-05,-0.476051,Zagreb FIR
9,0.00015146,-6.661e-05,-0.43979372,Zagreb FIR
10,0.0001665,-3.924e-05,-0.23568505,Zagreb FIR
11,0.00020003,-2.504e-05,-0.12515908,Zagreb FIR
12,0.00019658,2.151e-05,0.1094191,Zagreb FIR
13,0.00017663,0.00010576,0.59876002,Zagreb FIR
14,0.00017398,0.00016542,0.95080977,Zagreb FIR
15,0.00018463,0.00036256,1.96367937,Zagreb FIR
16,0.00016646,0.00044162,2.65300144,Zagreb FIR
17,0.00015766,0.00049231,3.12261295,Zagreb FIR
18,0.00014855,0.00056561,3.80741942,Zagreb FIR
19,0.00013815,0.00051539,3.73069157,Zagreb FIR
20,0.00012506,0.00040016,3.19970585,Zagreb FIR
21,0.00011137,0.00031812,2.85632173,Zagreb FIR
22,8.976e-05,0.00023714,2.64192201,Zagreb FIR
23,6.407e-05,0.00019247,3.00385409,Zagreb FIR
0,3.784e-05,0.00013667,3.61192589,Zagreb FIR
1,2.308e-05,6.942e-05,3.00813184,Zagreb FIR
2,1.794e-05,4.606e-05,2.56732185,Zagreb FIR
3,2.667e-05,4.138e-05,1.55143303,Zagreb FIR
4,4.267e-05,4.604e-05,1.07891916,Zagreb FIR
5,6.349e-05,5.02e-06,0.07907957,Zagreb FIR
6,0.00019416,-3.983e-05,-0.20516466,Barcelona FIR
7,0.0002781,-0.00010252,-0.36864915,Barcelona FIR
8,0.00032466,-0.00014326,-0.44126999,Barcelona FIR
9,0.00035624,-0.00015379,-0.43171965,Barcelona FIR
10,0.00038199,-0.00015716,-0.41141951,Barcelona FIR
11,0.00037099,-0.00014673,-0.39551459,Barcelona FIR
12,0.00038605,-0.00014751,-0.38209003,Barcelona FIR
13,0.00034709,-0.00012487,-0.35977651,Barcelona FIR
14,0.00031347,-5.918e-05,-0.1887828,Barcelona FIR
15,0.00033248,4.975e-05,0.14964441,Barcelona FIR
16,0.00032008,0.00018796,0.58721395,Barcelona FIR
17,0.00033941,0.00034967,1.03023709,Barcelona FIR
18,0.00034413,0.00039885,1.1590116,Barcelona FIR
19,0.00034047,0.00041734,1.22578119,Barcelona FIR
20,0.00031284,0.000416,1.32976232,Barcelona FIR
21,0.00027411,0.00035982,1.31270118,Barcelona FIR
22,0.00022174,0.0002497,1.12611741,Barcelona FIR
23,0.00012879,0.00015858,1.23134612,Barcelona FIR
0,5.596e-05,0.0001014,1.81188771,Barcelona FIR
1,2.934e-05,5.23e-05,1.78246747,Barcelona FIR
2,1.929e-05,3.644e-05,1.88928889,Barcelona FIR
3,2.412e-05,3.527e-05,1.4624841,Barcelona FIR
4,2.709e-05,2.335e-05,0.86189048,Barcelona FIR
5,6.931e-05,2.8e-06,0.04043303,Barcelona FIR
6,0.00027256,-3.45e-06,-0.01267228,Madrid FIR
7,0.00048396,-0.00012121,-0.2504558,Madrid FIR
8,0.00059663,-0.00021603,-0.36207924,Madrid FIR
9,0.00061221,-0.00023434,-0.38278361,Madrid FIR
10,0.00059035,-0.0001988,-0.3367557,Madrid FIR
11,0.00064397,-0.00020804,-0.32306159,Madrid FIR
12,0.00069149,-0.00018685,-0.27020982,Madrid FIR
13,0.00066612,-9.783e-05,-0.14686672,Madrid FIR
14,0.00064551,6.689e-05,0.10363035,Madrid FIR
15,0.000639,0.00035767,0.55974065,Madrid FIR
16,0.00063083,0.00071231,1.12916794,Madrid FIR
17,0.00059887,0.00108343,1.80912191,Madrid FIR
18,0.00056873,0.00130017,2.28608742,Madrid FIR
19,0.0005994,0.00138028,2.30276204,Madrid FIR
20,0.00061095,0.00152609,2.4979186,Madrid FIR
21,0.00054013,0.00138445,2.56316015,Madrid FIR
22,0.00041095,0.00114406,2.78392448,Madrid FIR
23,0.00024113,0.00070075,2.90614631,Madrid FIR
0,0.00011996,0.0003993,3.32859123,Madrid FIR
1,5.166e-05,0.00018366,3.55494969,Madrid FIR
2,3.81e-05,0.00010338,2.71382687,Madrid FIR
3,4.946e-05,8.383e-05,1.6950254,Madrid FIR
4,6.867e-05,0.00010135,1.47576276,Madrid FIR
5,0.0001002,7.8e-05,0.77840535,Madrid FIR
6,0.00020174,2.99e-06,0.01484308,Bordeaux FIR
7,0.00031633,-2.502e-05,-0.07908432,Bordeaux FIR
8,0.00032476,-7.092e-05,-0.21838367,Bordeaux FIR
9,0.00033011,-7.36e-05,-0.2229638,Bordeaux FIR
10,0.00034638,-6.507e-05,-0.18785696,Bordeaux FIR
11,0.00035889,-4.194e-05,-0.1168617,Bordeaux FIR
12,0.00037167,-2.215e-05,-0.0595927,Bordeaux FIR
13,0.00034059,3.455e-05,0.10143661,Bordeaux FIR
14,0.00030637,0.00016122,0.52622202,Bordeaux FIR
15,0.00031906,0.00036112,1.1318398,Bordeaux FIR
16,0.00034213,0.00064709,1.89132122,Bordeaux FIR
17,0.00034134,0.00084718,2.48191804,Bordeaux FIR
18,0.00032699,0.00095278,2.9137612,Bordeaux FIR
19,0.00030397,0.00089641,2.94900662,Bordeaux FIR
20,0.00033052,0.00104066,3.14854093,Bordeaux FIR
21,0.00032888,0.00100487,3.05539527,Bordeaux FIR
22,0.0001944,0.00062603,3.22028256,Bordeaux FIR
23,9.2e-05,0.000339,3.68458206,Bordeaux FIR
0,4.068e-05,0.00016702,4.10560239,Bordeaux FIR
1,1.934e-05,8.609e-05,4.45155748,Bordeaux FIR
2,1.616e-05,5.227e-05,3.23495232,Bordeaux FIR
3,2.068e-05,6.963e-05,3.36764883,Bordeaux FIR
4,3.544e-05,9.027e-05,2.54693357,Bordeaux FIR
5,7.115e-05,4.455e-05,0.62607215,Bordeaux FIR
6,7.356e-05,-1.22e-06,-0.01655379,Reims FIR
7,9.606e-05,-1.202e-05,-0.12508248,Reims FIR
8,9.183e-05,-2.926e-05,-0.31859286,Reims FIR
9,0.00011586,-4.561e-05,-0.39366866,Reims FIR
10,0.00012858,-3.375e-05,-0.26249848,Reims FIR
11,0.00012399,-1.79e-05,-0.144347,Reims FIR
12,0.00012199,1.824e-05,0.14948771,Reims FIR
13,0.00011237,5.115e-05,0.45516039,Reims FIR
14,0.00010541,9.491e-05,0.90042019,Reims FIR
15,0.00011327,0.00015444,1.36345279,Reims FIR
16,0.00011616,0.00021874,1.88302786,Reims FIR
17,0.00011335,0.00027827,2.45503485,Reims FIR
18,0.00010839,0.00031304,2.88811211,Reims FIR
19,9.64e-05,0.00031772,3.295928,Reims FIR
20,9.841e-05,0.00031339,3.18450849,Reims FIR
21,0.00010292,0.00030828,2.99534873,Reims FIR
22,6.084e-05,0.00017094,2.80942345,Reims FIR
23,2.779e-05,9.49e-05,3.4142704,Reims FIR
0,1.59e-05,6.145e-05,3.86539247,Reims FIR
1,7.78e-06,3.794e-05,4.87882864,Reims FIR
2,6.3e-06,2.357e-05,3.73983532,Reims FIR
3,1.62e-05,4.57e-05,2.82013711,Reims FIR
4,2.48e-05,4.351e-05,1.75402747,Reims FIR
5,3.777e-05,2.174e-05,0.57563667,Reims FIR
6,0.00034892,5.436e-05,0.15580841,Paris FIR
7,0.00049615,4.183e-05,0.08430678,Paris FIR
8,0.00051627,-3.301e-05,-0.06394328,Paris FIR
9,0.00052019,-5.872e-05,-0.11288601,Paris FIR
10,0.00056093,-8.7e-06,-0.01550537,Paris FIR
11,0.00055657,8.361e-05,0.15022718,Paris FIR
12,0.00057154,0.00017273,0.30221363,Paris FIR
13,0.00056248,0.00033844,0.60168439,Paris FIR
14,0.00052621,0.000589,1.11931443,Paris FIR
15,0.00052604,0.00083921,1.59532741,Paris FIR
16,0.00052663,0.00108561,2.06144179,Paris FIR
17,0.00051958,0.00135122,2.6005881,Paris FIR
18,0.00051494,0.00140256,2.72371687,Paris FIR
19,0.00045301,0.00122281,2.69930869,Paris FIR
20,0.00047958,0.00127174,2.651801,Paris FIR
21,0.00047535,0.00124802,2.62545244,Paris FIR
22,0.000295,0.00076034,2.57738278,Paris FIR
23,0.00014676,0.00041899,2.85494675,Paris FIR
0,6.665e-05,0.00022393,3.35984831,Paris FIR
1,3.364e-05,0.00011872,3.52950211,Paris FIR
2,2.409e-05,7.994e-05,3.31844248,Paris FIR
3,4.39e-05,8.689e-05,1.97917481,Paris FIR
4,8.328e-05,0.000107,1.28491827,Paris FIR
5,0.0001555,8.88e-05,0.57109013,Paris FIR
6,0.00028459,-6.96e-05,-0.24457422,Marseille FIR
7,0.00035382,-0.00013437,-0.37976661,Marseille FIR
8,0.00038294,-0.00017668,-0.46137709,Marseille FIR
9,0.00046147,-0.00020181,-0.43731412,Marseille FIR
10,0.00048928,-0.00020798,-0.42508293,Marseille FIR
11,0.00050935,-0.00020994,-0.41216244,Marseille FIR
12,0.00050489,-0.00017785,-0.35226773,Marseille FIR
13,0.00046341,-7.141e-05,-0.15410517,Marseille FIR
14,0.0004305,7.606e-05,0.17668031,Marseille FIR
15,0.00044559,0.00031192,0.70002504,Marseille FIR
16,0.00044695,0.00057597,1.2886826,Marseille FIR
17,0.0004547,0.00084831,1.86565235,Marseille FIR
18,0.00043789,0.00098475,2.24882262,Marseille FIR
19,0.0003804,0.00095946,2.5222229,Marseille FIR
20,0.00036259,0.00089468,2.46747937,Marseille FIR
21,0.00033816,0.00076377,2.25859096,Marseille FIR
22,0.00022755,0.00047458,2.08560894,Marseille FIR
23,0.00011215,0.00028451,2.53680411,Marseille FIR
0,4.972e-05,0.00014301,2.87608629,Marseille FIR
1,3.115e-05,8.379e-05,2.69010546,Marseille FIR
2,3.307e-05,6.896e-05,2.08527453,Marseille FIR
3,6.408e-05,8.887e-05,1.38684344,Marseille FIR
4,9.043e-05,7.543e-05,0.83414927,Marseille FIR
5,0.00015045,2.976e-05,0.19782222,Marseille FIR
6,0.00015422,3.57e-05,0.23149966,Brest FIR
7,0.00026857,-7.006e-05,-0.2608485,Brest FIR
8,0.00031651,-4.085e-05,-0.12906843,Brest FIR
9,0.00028131,1.342e-05,0.04769822,Brest FIR
10,0.00028358,1.02e-06,0.0036001,Brest FIR
11,0.00034539,6.362e-05,0.18418399,Brest FIR
12,0.00035864,0.00013366,0.37269597,Brest FIR
13,0.00036433,0.00019454,0.53396738,Brest FIR
14,0.00033051,0.00033654,1.01822251,Brest FIR
15,0.0003033,0.0005132,1.6920468,Brest FIR
16,0.00029717,0.00071263,2.3980163,Brest FIR
17,0.00031091,0.00099034,3.18531706,Brest FIR
18,0.00029956,0.00121851,4.06767494,Brest FIR
19,0.00025193,0.00123206,4.89041158,Brest FIR
20,0.00023556,0.00122154,5.18577771,Brest FIR
21,0.00025033,0.00137239,5.48224765,Brest FIR
22,0.00024026,0.00129007,5.36954778,Brest FIR
23,0.00014223,0.00077265,5.43246124,Brest FIR
0,7.754e-05,0.00045136,5.82063224,Brest FIR
1,3.64e-05,0.00018149,4.98530755,Brest FIR
2,2.019e-05,0.00010532,5.21556343,Brest FIR
3,2.867e-05,0.00011226,3.91577008,Brest FIR
4,4.644e-05,0.00011932,2.56934259,Brest FIR
5,7.791e-05,9.035e-05,1.15971192,Brest FIR
6,0.00023961,-9.356e-05,-0.39046462,Athinai FIR
7,0.00031497,-0.00013597,-0.43168675,Athinai FIR
8,0.00032737,-0.00014208,-0.43399274,Athinai FIR
9,0.00034326,-9.114e-05,-0.26552453,Athinai FIR
10,0.00041988,-8.183e-05,-0.19487673,Athinai FIR
11,0.00040892,-4.409e-05,-0.10781707,Athinai FIR
12,0.00040868,2.711e-05,0.0663269,Athinai FIR
13,0.0004021,0.0001772,0.44068049,Athinai FIR
14,0.0003914,0.00034102,0.87127786,Athinai FIR
15,0.00037335,0.00042601,1.14105114,Athinai FIR
16,0.00041524,0.0005828,1.4035177,Athinai FIR
17,0.00042904,0.00068391,1.59403702,Athinai FIR
18,0.00042447,0.00062948,1.4829845,Athinai FIR
19,0.00036997,0.00054806,1.4813499,Athinai FIR
20,0.00030553,0.00041004,1.34208563,Athinai FIR
21,0.00024769,0.00036678,1.48081016,Athinai FIR
22,0.00022129,0.0003211,1.4510247,Athinai FIR
23,0.00019218,0.00026057,1.35590781,Athinai FIR
0,0.00015579,0.00019393,1.24486726,Athinai FIR
1,0.00012629,0.00012704,1.00594348,Athinai FIR
2,0.0001486,9.583e-05,0.64483951,Athinai FIR
3,0.00017434,6.15e-05,0.35278053,Athinai FIR
4,0.0001765,-1.047e-05,-0.05934083,Athinai FIR
5,0.00018334,-5.555e-05,-0.30296304,Athinai FIR
6,0.00012786,-4.778e-05,-0.37369393,Budapest FIR
7,0.0001164,-4.523e-05,-0.3886003,Budapest FIR
8,0.00012865,-4.167e-05,-0.32391938,Budapest FIR
9,0.00016045,-3.172e-05,-0.19770873,Budapest FIR
10,0.00019951,-3.82e-06,-0.01915952,Budapest FIR
11,0.00023413,3.613e-05,0.15432815,Budapest FIR
12,0.00022031,0.00011814,0.53625146,Budapest FIR
13,0.0001973,0.00022648,1.14792667,Budapest FIR
14,0.00017925,0.00029398,1.6400984,Budapest FIR
15,0.00018795,0.0004207,2.23833487,Budapest FIR
16,0.00019508,0.0005911,3.03013005,Budapest FIR
17,0.00019171,0.00059314,3.09387987,Budapest FIR
18,0.00016322,0.0006051,3.70728581,Budapest FIR
19,0.00014234,0.00067392,4.73464539,Budapest FIR
20,0.00012526,0.00054472,4.34867693,Budapest FIR
21,0.00011223,0.00040979,3.65131144,Budapest FIR
22,0.00012419,0.00044201,3.55921425,Budapest FIR
23,0.00010234,0.00037784,3.69186445,Budapest FIR
0,7.44e-05,0.00032609,4.38297892,Budapest FIR
1,3.758e-05,0.00015953,4.24462537,Budapest FIR
2,3.007e-05,8.613e-05,2.86431688,Budapest FIR
3,5.498e-05,7.11e-05,1.29299457,Budapest FIR
4,0.00011624,6.73e-05,0.57894111,Budapest FIR
5,0.00013663,1.074e-05,0.07860726,Budapest FIR
6,5.912e-05,-1.463e-05,-0.24743339,Brindisi FIR
7,7.035e-05,-3.29e-05,-0.4676626,Brindisi FIR
8,9.205e-05,-5.431e-05,-0.5900019,Brindisi FIR
9,9.293e-05,-4.446e-05,-0.47845271,Brindisi FIR
10,9.341e-05,-3.466e-05,-0.37105644,Brindisi FIR
11,0.00012012,-3.029e-05,-0.25212056,Brindisi FIR
12,0.00012247,-1.74e-05,-0.14210162,Brindisi FIR
13,0.00011149,1.843e-05,0.16528255,Brindisi FIR
14,0.00010707,4.673e-05,0.43643875,Brindisi FIR
15,0.00010954,0.00011827,1.07965974,Brindisi FIR
16,0.00010112,0.000156,1.54278438,Brindisi FIR
17,0.00010114,0.00016361,1.61770282,Brindisi FIR
18,0.000103,0.0001819,1.7659952,Brindisi FIR
19,9.12e-05,0.00018247,2.00079296,Brindisi FIR
20,7.719e-05,0.00014433,1.86969146,Brindisi FIR
21,6.873e-05,0.00011198,1.62916243,Brindisi FIR
22,5.719e-05,8.04e-05,1.40589268,Brindisi FIR
23,3.589e-05,7.155e-05,1.99344263,Brindisi FIR
0,2.211e-05,4.111e-05,1.85944866,Brindisi FIR
1,1.545e-05,2.675e-05,1.73103193,Brindisi FIR
2,1.64e-05,2.138e-05,1.30328018,Brindisi FIR
3,1.872e-05,1.674e-05,0.8943449,Brindisi FIR
4,2.98e-05,1.052e-05,0.35290415,Brindisi FIR
5,4.604e-05,-5.25e-06,-0.11412233,Brindisi FIR
6,0.00025406,-3.052e-05,-0.12011202,Milano FIR
7,0.0002798,-6.529e-05,-0.23333382,Milano FIR
8,0.00031928,-0.000102,-0.31945547,Milano FIR
9,0.00038165,-0.00012188,-0.31935638,Milano FIR
10,0.00041727,-9.297e-05,-0.22280493,Milano FIR
11,0.00042792,-7.621e-05,-0.17809914,Milano FIR
12,0.00041591,-5.157e-05,-0.12399686,Milano FIR
13,0.00039127,2.945e-05,0.07525615,Milano FIR
14,0.00036391,0.00016162,0.44411679,Milano FIR
15,0.00038608,0.00041144,1.06570012,Milano FIR
16,0.00035618,0.00058802,1.6508939,Milano FIR
17,0.00036784,0.00077221,2.0993377,Milano FIR
18,0.00037904,0.00088275,2.32887313,Milano FIR
19,0.00032441,0.00074269,2.28936781,Milano FIR
20,0.0003032,0.00067979,2.24203248,Milano FIR
21,0.00030383,0.00060309,1.98495851,Milano FIR
22,0.00021273,0.00036799,1.72987134,Milano FIR
23,9.613e-05,0.0002074,2.15751518,Milano FIR
0,4.586e-05,0.00011568,2.52247966,Milano FIR
1,2.525e-05,7.161e-05,2.83553715,Milano FIR
2,2.136e-05,5.768e-05,2.6999951,Milano FIR
3,2.884e-05,5.593e-05,1.93931289,Milano FIR
4,4.945e-05,5.882e-05,1.18946991,Milano FIR
5,0.00013049,2.634e-05,0.20186802,Milano FIR
6,0.00024023,-6.441e-05,-0.26810052,Roma FIR
7,0.0002594,-9.448e-05,-0.36421576,Roma FIR
8,0.00032471,-0.00013299,-0.40956772,Roma FIR
9,0.00034552,-0.00014749,-0.4268542,Roma FIR
10,0.00034492,-0.00011831,-0.34301365,Roma FIR
11,0.00035922,-9.344e-05,-0.26011937,Roma FIR
12,0.00036538,-7.528e-05,-0.20603199,Roma FIR
13,0.0003492,-1.227e-05,-0.03514099,Roma FIR
14,0.00032152,8.058e-05,0.2506179,Roma FIR
15,0.00033182,0.00021055,0.6345236,Roma FIR
16,0.00030583,0.00034297,1.12145867,Roma FIR
17,0.00030964,0.000405,1.30794441,Roma FIR
18,0.00034232,0.00054492,1.59186214,Roma FIR
19,0.00032848,0.00052471,1.59741947,Roma FIR
20,0.00027282,0.00039772,1.45781913,Roma FIR
21,0.00028218,0.00038334,1.35851359,Roma FIR
22,0.00019945,0.00026148,1.31100117,Roma FIR
23,0.00010545,0.00017228,1.6337746,Roma FIR
0,5.099e-05,8.32e-05,1.63178299,Roma FIR
1,2.979e-05,5.16e-05,1.73248863,Roma FIR
2,3.14e-05,4.197e-05,1.33667815,Roma FIR
3,3.176e-05,3.341e-05,1.05193089,Roma FIR
4,3.983e-05,1.263e-05,0.31706363,Roma FIR
5,0.00010941,-1.055e-05,-0.09645307,Roma FIR
6,2.704e-05,-1.114e-05,-0.41191166,Ljubljana FIR
7,2.895e-05,-1.742e-05,-0.60187447,Ljubljana FIR
8,3.509e-05,-2.409e-05,-0.68651969,Ljubljana FIR
9,4.108e-05,-2.786e-05,-0.67803785,Ljubljana FIR
10,4.562e-05,-2.153e-05,-0.47183461,Ljubljana FIR
11,5.031e-05,-1.137e-05,-0.22604015,Ljubljana FIR
12,4.834e-05,3.14e-06,0.06501759,Ljubljana FIR
13,4.254e-05,2.098e-05,0.49306555,Ljubljana FIR
14,4.154e-05,4.345e-05,1.04597719,Ljubljana FIR
15,4.622e-05,8.589e-05,1.85831387,Ljubljana FIR
16,4.402e-05,0.00011796,2.67994903,Ljubljana FIR
17,4.465e-05,0.000157,3.51577114,Ljubljana FIR
18,4.014e-05,0.00015639,3.89653619,Ljubljana FIR
19,3.216e-05,0.00013868,4.31258775,Ljubljana FIR
20,3.209e-05,0.00011161,3.47777079,Ljubljana FIR
21,2.906e-05,8.314e-05,2.86066679,Ljubljana FIR
22,2.602e-05,6.996e-05,2.68881471,Ljubljana FIR
23,1.884e-05,5.568e-05,2.95589248,Ljubljana FIR
0,1.14e-05,4.572e-05,4.0097305,Ljubljana FIR
1,5.7e-06,2.011e-05,3.52871405,Ljubljana FIR
2,4.73e-06,1.503e-05,3.1748691,Ljubljana FIR
3,5.21e-06,1.107e-05,2.12328041,Ljubljana FIR
4,1.001e-05,1.019e-05,1.01842402,Ljubljana FIR
5,1.684e-05,6.7e-07,0.04002993,Ljubljana FIR
6,0.00011939,-2.56e-05,-0.21441285,Praha FIR
7,0.00014702,-2.835e-05,-0.19282252,Praha FIR
8,0.00013866,-3.578e-05,-0.25804709,Praha FIR
9,0.00017211,-2.694e-05,-0.1565514,Praha FIR
10,0.00020446,7.04e-06,0.0344211,Praha FIR
11,0.00023292,5.312e-05,0.22807542,Praha FIR
12,0.0002152,0.00015147,0.70388898,Praha FIR
13,0.00018762,0.00023146,1.2336356,Praha FIR
14,0.0001946,0.00035723,1.83566992,Praha FIR
15,0.00017901,0.00051616,2.8833694,Praha FIR
16,0.00018843,0.00062293,3.30584353,Praha FIR
17,0.00018876,0.00069592,3.68681579,Praha FIR
18,0.00017156,0.00072128,4.20428517,Praha FIR
19,0.00015005,0.00064368,4.28970829,Praha FIR
20,0.00014687,0.00060601,4.12611696,Praha FIR
21,0.00013443,0.00049443,3.67809105,Praha FIR
22,0.0001129,0.00044117,3.90763207,Praha FIR
23,7.937e-05,0.00034152,4.30303619,Praha FIR
0,5.231e-05,0.00023168,4.42870455,Praha FIR
1,2.382e-05,9.781e-05,4.10581002,Praha FIR
2,1.915e-05,7.156e-05,3.73611258,Praha FIR
3,3.244e-05,5.959e-05,1.83663662,Praha FIR
4,6.426e-05,6.047e-05,0.94091421,Praha FIR
5,9.512e-05,2.597e-05,0.2730195,Praha FIR
6,1.507e-05,-4.3e-07,-0.0286041,Tel-Aviv FIR
7,1.281e-05,-1.1e-07,-0.00861137,Tel-Aviv FIR
8,1.709e-05,-1.7e-07,-0.00971774,Tel-Aviv FIR
9,2.142e-05,-2e-07,-0.00944817,Tel-Aviv FIR
10,2.151e-05,-1.8e-07,-0.00823183,Tel-Aviv FIR
11,1.812e-05,-1.3e-07,-0.00693339,Tel-Aviv FIR
12,2.065e-05,-1.3e-07,-0.00622494,Tel-Aviv FIR
13,2.208e-05,1.4e-07,0.00653223,Tel-Aviv FIR
14,2.142e-05,-2e-08,-0.00107273,Tel-Aviv FIR
15,2.13e-05,3.1e-07,0.01447883,Tel-Aviv FIR
16,1.821e-05,2.4e-07,0.01310779,Tel-Aviv FIR
17,1.826e-05,8.3e-07,0.04521253,Tel-Aviv FIR
18,1.901e-05,1.08e-06,0.05664922,Tel-Aviv FIR
19,1.629e-05,7e-07,0.04297928,Tel-Aviv FIR
20,1.636e-05,8.9e-07,0.05440843,Tel-Aviv FIR
21,1.375e-05,1.6e-07,0.01171949,Tel-Aviv FIR
22,1.017e-05,5e-08,0.00490941,Tel-Aviv FIR
23,1.182e-05,1.7e-07,0.01429546,Tel-Aviv FIR
0,1.09e-05,2e-08,0.0017386,Tel-Aviv FIR
1,1.076e-05,6.7e-07,0.06210688,Tel-Aviv FIR
2,8.28e-06,6.5e-07,0.07791285,Tel-Aviv FIR
3,1.06e-05,1.4e-07,0.01276321,Tel-Aviv FIR
4,1.21e-05,6e-08,0.00525521,Tel-Aviv FIR
5,1.414e-05,-3e-08,-0.00234135,Tel-Aviv FIR
6,1.892e-05,-3.58e-06,-0.18916605,Malta FIR
7,2.034e-05,-3.57e-06,-0.17551804,Malta FIR
8,2.907e-05,-2.81e-06,-0.09652954,Malta FIR
9,4.852e-05,-4.22e-06,-0.08695139,Malta FIR
10,5.368e-05,-2.94e-06,-0.05470167,Malta FIR
11,5.362e-05,-2.09e-06,-0.03896336,Malta FIR
12,5.631e-05,2.8e-07,0.00493518,Malta FIR
13,4.144e-05,4.6e-07,0.01113537,Malta FIR
14,3.373e-05,4.99e-06,0.14788233,Malta FIR
15,4.301e-05,1.66e-05,0.38594623,Malta FIR
16,6.022e-05,3.285e-05,0.54553445,Malta FIR
17,6.989e-05,5.231e-05,0.74844263,Malta FIR
18,4.495e-05,3.827e-05,0.85148821,Malta FIR
19,2.259e-05,1.711e-05,0.75721672,Malta FIR
20,2.081e-05,1.401e-05,0.67336012,Malta FIR
21,2.255e-05,1.782e-05,0.79030615,Malta FIR
22,3.172e-05,1.763e-05,0.55578988,Malta FIR
23,3.356e-05,2.243e-05,0.66826994,Malta FIR
0,3.532e-05,2.959e-05,0.83778318,Malta FIR
1,2.27e-05,1.073e-05,0.47254884,Malta FIR
2,1.937e-05,8.39e-06,0.43323492,Malta FIR
3,3.038e-05,8.04e-06,0.2647361,Malta FIR
4,3.665e-05,3.9e-07,0.01060955,Malta FIR
5,2.523e-05,-1.62e-06,-0.06401924,Malta FIR
6,0.00016509,-2.26e-05,-0.13686723,Wien FIR
7,0.00018191,-5.024e-05,-0.2761914,Wien FIR
8,0.00019543,-5.865e-05,-0.30010778,Wien FIR
9,0.00022122,-7.656e-05,-0.34609217,Wien FIR
10,0.00025415,-4.805e-05,-0.18904455,Wien FIR
11,0.00028385,-8.89e-06,-0.03131788,Wien FIR
12,0.00026792,5.122e-05,0.19116586,Wien FIR
13,0.00024472,0.00015658,0.63984282,Wien FIR
14,0.0002405,0.00027488,1.14293914,Wien FIR
15,0.00025031,0.00053249,2.12731185,Wien FIR
16,0.00023816,0.00064168,2.69427613,Wien FIR
17,0.0002524,0.00070993,2.81270829,Wien FIR
18,0.00023079,0.0008372,3.62755388,Wien FIR
19,0.00019555,0.00073048,3.73553983,Wien FIR
20,0.00018337,0.0006075,3.31296034,Wien FIR
21,0.00017281,0.00048032,2.77950556,Wien FIR
22,0.00013436,0.00037179,2.76709836,Wien FIR
23,8.352e-05,0.00026187,3.13526951,Wien FIR
0,5.876e-05,0.00021475,3.65486004,Wien FIR
1,2.92e-05,0.00012327,4.22197214,Wien FIR
2,2.191e-05,8.191e-05,3.73824316,Wien FIR
3,3.361e-05,6.887e-05,2.04885435,Wien FIR
4,7.696e-05,7.62e-05,0.99014343,Wien FIR
5,0.00013128,3.751e-05,0.28570486,Wien FIR
6,8.995e-05,2.424e-05,0.26948966,Lisboa FIR
7,0.00017107,1.1e-07,0.0006692,Lisboa FIR
8,0.0002752,-6.827e-05,-0.24808831,Lisboa FIR
9,0.00030311,-9.111e-05,-0.30057919,Lisboa FIR
10,0.0003127,-7.695e-05,-0.24609411,Lisboa FIR
11,0.00034099,-9.925e-05,-0.29105977,Lisboa FIR
12,0.00037163,-0.00010326,-0.27785287,Lisboa FIR
13,0.00035624,-4.415e-05,-0.12392553,Lisboa FIR
14,0.00033191,7.547e-05,0.22738555,Lisboa FIR
15,0.0003197,0.00018298,0.57234905,Lisboa FIR
16,0.00032998,0.00042645,1.29235193,Lisboa FIR
17,0.0003488,0.00073292,2.10128605,Lisboa FIR
18,0.00032565,0.00082622,2.53716333,Lisboa FIR
19,0.0002806,0.00073795,2.62993546,Lisboa FIR
20,0.00025186,0.00067413,2.67662832,Lisboa FIR
21,0.00023793,0.00062745,2.63705861,Lisboa FIR
22,0.0002071,0.0005164,2.49347712,Lisboa FIR
23,0.00015207,0.00035139,2.31067694,Lisboa FIR
0,0.00010784,0.0002967,2.75136155,Lisboa FIR
1,5.85e-05,0.00025265,4.31875573,Lisboa FIR
2,2.989e-05,0.00011998,4.01468981,Lisboa FIR
3,3.199e-05,8.868e-05,2.77202139,Lisboa FIR
4,4.537e-05,9.475e-05,2.08845046,Lisboa FIR
5,5.512e-05,7.975e-05,1.446828,Lisboa FIR
6,0.00023181,0.00072199,3.1145462,Santa Maria FIR
7,0.0002251,0.00040434,1.79623826,Santa Maria FIR
8,0.00021872,0.00015488,0.70811218,Santa Maria FIR
9,0.00021538,5.431e-05,0.25216423,Santa Maria FIR
10,0.00018851,3.501e-05,0.18572657,Santa Maria FIR
11,0.00016107,2.112e-05,0.13113699,Santa Maria FIR
12,0.00018792,5.03e-06,0.02674926,Santa Maria FIR
13,0.00024592,3.905e-05,0.15879351,Santa Maria FIR
14,0.00029165,8.214e-05,0.28164594,Santa Maria FIR
15,0.00028493,0.00017949,0.62993233,Santa Maria FIR
16,0.0002487,0.00029491,1.1857743,Santa Maria FIR
17,0.00022841,0.00050221,2.19870506,Santa Maria FIR
18,0.00021106,0.00076814,3.63933992,Santa Maria FIR
19,0.00016515,0.00071499,4.32919807,Santa Maria FIR
20,0.00011785,0.00058205,4.93895994,Santa Maria FIR
21,8.199e-05,0.00042086,5.13278917,Santa Maria FIR
22,5.425e-05,0.00024791,4.56956181,Santa Maria FIR
23,5.273e-05,0.00023094,4.37962907,Santa Maria FIR
0,7.745e-05,0.00037692,4.86653112,Santa Maria FIR
1,0.00013453,0.00063107,4.69100538,Santa Maria FIR
2,0.0001948,0.00101574,5.2142772,Santa Maria FIR
3,0.00022695,0.00125907,5.54783012,Santa Maria FIR
4,0.00022227,0.00121353,5.45979265,Santa Maria FIR
5,0.00022468,0.00101159,4.50236125,Santa Maria FIR
6,5.068e-05,-8.4e-06,-0.16579737,Sarajevo FIR
7,5.197e-05,-1.171e-05,-0.22523356,Sarajevo FIR
8,6.239e-05,-3.163e-05,-0.50690738,Sarajevo FIR
9,7.278e-05,-3.86e-05,-0.53029704,Sarajevo FIR
10,7.996e-05,-2.77e-05,-0.34638242,Sarajevo FIR
11,9.562e-05,-2.185e-05,-0.22848515,Sarajevo FIR
12,8.97e-05,2.311e-05,0.25763981,Sarajevo FIR
13,8.063e-05,5.907e-05,0.73265531,Sarajevo FIR
14,7.823e-05,0.0001202,1.53635438,Sarajevo FIR
15,8.669e-05,0.00023194,2.67538482,Sarajevo FIR
16,8.211e-05,0.00025639,3.12237965,Sarajevo FIR
17,8.492e-05,0.0003045,3.58564843,Sarajevo FIR
18,7.386e-05,0.00031017,4.19931474,Sarajevo FIR
19,6.529e-05,0.0002869,4.39401468,Sarajevo FIR
20,5.824e-05,0.00021943,3.7677083,Sarajevo FIR
21,5.225e-05,0.00014987,2.8682522,Sarajevo FIR
22,5.19e-05,0.00013671,2.63412062,Sarajevo FIR
23,4.028e-05,9.68e-05,2.40348373,Sarajevo FIR
0,2.266e-05,6.052e-05,2.67149306,Sarajevo FIR
1,1.426e-05,4.886e-05,3.42642424,Sarajevo FIR
2,1.157e-05,2.533e-05,2.18801547,Sarajevo FIR
3,1.452e-05,1.92e-05,1.32210926,Sarajevo FIR
4,2.468e-05,1.733e-05,0.70209387,Sarajevo FIR
5,3.509e-05,-5.2e-07,-0.01491042,Sarajevo FIR
6,0.00017194,-2.363e-05,-0.13740306,Bucarest FIR
7,0.0001573,-3e-05,-0.1907016,Bucarest FIR
8,0.00017631,-2.43e-05,-0.13782155,Bucarest FIR
9,0.00021526,-1.306e-05,-0.06065605,Bucarest FIR
10,0.00030792,3.562e-05,0.11566889,Bucarest FIR
11,0.00030286,6.937e-05,0.22904613,Bucarest FIR
12,0.00031694,0.00020754,0.6548335,Bucarest FIR
13,0.0002915,0.00052304,1.79426606,Bucarest FIR
14,0.00025772,0.00074706,2.89877525,Bucarest FIR
15,0.00027008,0.00087681,3.24655142,Bucarest FIR
16,0.00029781,0.0010188,3.42100824,Bucarest FIR
17,0.00027024,0.00099926,3.69772699,Bucarest FIR
18,0.00021367,0.00080319,3.75904192,Bucarest FIR
19,0.00017746,0.00090779,5.11536667,Bucarest FIR
20,0.00014831,0.00068257,4.60219086,Bucarest FIR
21,0.00013929,0.00053408,3.83433147,Bucarest FIR
22,0.00016473,0.00056194,3.41120727,Bucarest FIR
23,0.00018228,0.00061707,3.38533579,Bucarest FIR
0,0.00013239,0.00053808,4.06426537,Bucarest FIR
1,7.792e-05,0.00028768,3.69196162,Bucarest FIR
2,6.859e-05,0.00016078,2.34422412,Bucarest FIR
3,0.00013898,0.00015612,1.1233627,Bucarest FIR
4,0.00022236,0.00012789,0.57513961,Bucarest FIR
5,0.00018741,1.84e-05,0.09820115,Bucarest FIR
6,8.793e-05,-3.96e-06,-0.04509025,Switzerland FIR
7,0.00011046,-1.433e-05,-0.1297129,Switzerland FIR
8,0.00012166,-3.659e-05,-0.30076832,Switzerland FIR
9,0.00014115,-4.381e-05,-0.31036592,Switzerland FIR
10,0.00015437,-3.383e-05,-0.21912903,Switzerland FIR
11,0.00016158,-1.776e-05,-0.10991513,Switzerland FIR
12,0.00015576,1.65e-05,0.10594908,Switzerland FIR
13,0.00014427,6.721e-05,0.46589682,Switzerland FIR
14,0.00013039,0.00012943,0.99266587,Switzerland FIR
15,0.00014168,0.00019981,1.41026635,Switzerland FIR
16,0.0001439,0.00022908,1.59190034,Switzerland FIR
17,0.00014371,0.00026672,1.85600391,Switzerland FIR
18,0.00013313,0.00028205,2.11863283,Switzerland FIR
19,0.00011989,0.00030605,2.55272615,Switzerland FIR
20,0.00012137,0.00030229,2.49065771,Switzerland FIR
21,0.00012244,0.00028807,2.3528326,Switzerland FIR
22,6.986e-05,0.00017172,2.45787329,Switzerland FIR
23,3.064e-05,9.914e-05,3.23538666,Switzerland FIR
0,1.429e-05,4.635e-05,3.24381452,Switzerland FIR
1,7.49e-06,3.444e-05,4.59970443,Switzerland FIR
2,6.94e-06,2.613e-05,3.76429105,Switzerland FIR
3,1.312e-05,2.844e-05,2.16650433,Switzerland FIR
4,2.342e-05,2.946e-05,1.25763398,Switzerland FIR
5,4.754e-05,1.838e-05,0.38662204,Switzerland FIR
6,0.00036053,-0.00019646,-0.54492313,Ankara FIR
7,0.00042139,-0.00022348,-0.53033754,Ankara FIR
8,0.00055488,-0.00027761,-0.5003162,Ankara FIR
9,0.0006025,-0.00025899,-0.42985222,Ankara FIR
10,0.00050806,-0.00013806,-0.27173865,Ankara FIR
11,0.00046238,-3.04e-06,-0.00658271,Ankara FIR
12,0.00049217,0.00013553,0.27537266,Ankara FIR
13,0.00056844,0.00043062,0.75754884,Ankara FIR
14,0.00065417,0.0009065,1.38573065,Ankara FIR
15,0.0006339,0.00103523,1.63311678,Ankara FIR
16,0.00055594,0.00093857,1.68825483,Ankara FIR
17,0.00050526,0.00077225,1.52841746,Ankara FIR
18,0.00052117,0.00085422,1.63904586,Ankara FIR
19,0.00046777,0.00071905,1.53717648,Ankara FIR
20,0.0004274,0.00080927,1.89348431,Ankara FIR
21,0.00033774,0.00065195,1.93032494,Ankara FIR
22,0.00029585,0.00051366,1.7362208,Ankara FIR
23,0.00033186,0.00064693,1.9493998,Ankara FIR
0,0.00046791,0.00083308,1.78042793,Ankara FIR
1,0.00051838,0.00082258,1.58681909,Ankara FIR
2,0.00062076,0.00047494,0.76509374,Ankara FIR
3,0.00056801,0.00013276,0.23372389,Ankara FIR
4,0.00040463,-0.0001318,-0.32573124,Ankara FIR
5,0.00033014,-0.0001596,-0.48343487,Ankara FIR
6,0.00024596,-9.773e-05,-0.39734512,Istanbul FIR
7,0.00025343,-0.0001029,-0.40603295,Istanbul FIR
8,0.00025914,-0.00011137,-0.42975327,Istanbul FIR
9,0.0002873,-9.881e-05,-0.3439214,Istanbul FIR
10,0.00031151,-7.125e-05,-0.22872438,Istanbul FIR
11,0.00028632,-2.617e-05,-0.09140274,Istanbul FIR
12,0.00030162,3.128e-05,0.10371184,Istanbul FIR
13,0.00028869,0.00011077,0.38368749,Istanbul FIR
14,0.00028709,0.00021906,0.76303923,Istanbul FIR
15,0.00029786,0.00030342,1.01869521,Istanbul FIR
16,0.00031404,0.00036301,1.15593215,Istanbul FIR
17,0.0003013,0.0003747,1.24361454,Istanbul FIR
18,0.00029535,0.00035018,1.18565197,Istanbul FIR
19,0.00029005,0.0003521,1.21393385,Istanbul FIR
20,0.0002725,0.00033878,1.24323341,Istanbul FIR
21,0.00025163,0.00031705,1.26002022,Istanbul FIR
22,0.00021099,0.00029534,1.39982308,Istanbul FIR
23,0.00016903,0.00029274,1.73189748,Istanbul FIR
0,0.00014722,0.00027766,1.88602823,Istanbul FIR
1,9.765e-05,0.00015773,1.61525801,Istanbul FIR
2,0.00011543,7.264e-05,0.62928924,Istanbul FIR
3,0.00017112,3.563e-05,0.20819765,Istanbul FIR
4,0.00022773,-2.395e-05,-0.10514507,Istanbul FIR
5,0.00022232,-6.716e-05,-0.30210574,Istanbul FIR
6,4.32e-06,-9.3e-07,-0.2155947,Chisinau FIR
7,5.55e-06,2.08e-06,0.37464461,Chisinau FIR
8,5.51e-06,7.11e-06,1.29082935,Chisinau FIR
9,6.57e-06,1.68e-06,0.25644522,Chisinau FIR
10,8.35e-06,9.02e-06,1.0796269,Chisinau FIR
11,9.14e-06,9.34e-06,1.0216744,Chisinau FIR
12,1.149e-05,1.853e-05,1.61258006,Chisinau FIR
13,1.062e-05,1.95e-05,1.83665495,Chisinau FIR
14,8.17e-06,3.469e-05,4.24380949,Chisinau FIR
15,8.73e-06,4.61e-05,5.27828609,Chisinau FIR
16,7.74e-06,4.541e-05,5.86759857,Chisinau FIR
17,5.93e-06,2.655e-05,4.47537236,Chisinau FIR
18,7.62e-06,3.332e-05,4.37227804,Chisinau FIR
19,8.37e-06,4.572e-05,5.46534173,Chisinau FIR
20,5.18e-06,2.145e-05,4.14186116,Chisinau FIR
21,3.4e-06,1.579e-05,4.63976627,Chisinau FIR
22,3.52e-06,1.803e-05,5.1212957,Chisinau FIR
23,4.26e-06,1.599e-05,3.75020349,Chisinau FIR
0,2.99e-06,1.123e-05,3.75641389,Chisinau FIR
1,2.5e-06,7.36e-06,2.94003744,Chisinau FIR
2,4.16e-06,1.454e-05,3.49521524,Chisinau FIR
3,5.19e-06,7.08e-06,1.36475409,Chisinau FIR
4,4.95e-06,1.79e-06,0.36116003,Chisinau FIR
5,4.97e-06,8.2e-07,0.16411391,Chisinau FIR
6,1.896e-05,-6.86e-06,-0.36180847,Skopje FIR
7,2.341e-05,-1.141e-05,-0.48742002,Skopje FIR
8,2.551e-05,-1.449e-05,-0.56804979,Skopje FIR
9,2.415e-05,-1.464e-05,-0.60601319,Skopje FIR
10,2.759e-05,-6.58e-06,-0.23847361,Skopje FIR
11,2.96e-05,-2.91e-06,-0.09847188,Skopje FIR
12,2.877e-05,3.71e-06,0.12882351,Skopje FIR
13,2.743e-05,2.416e-05,0.88100341,Skopje FIR
14,2.672e-05,5.676e-05,2.12445196,Skopje FIR
15,2.56e-05,6.374e-05,2.48980512,Skopje FIR
16,2.692e-05,6.641e-05,2.46675877,Skopje FIR
17,2.928e-05,7.419e-05,2.53409928,Skopje FIR
18,2.908e-05,8.371e-05,2.87843508,Skopje FIR
19,2.932e-05,7.387e-05,2.51962094,Skopje FIR
20,2.597e-05,7.187e-05,2.76713624,Skopje FIR
21,2.128e-05,4.86e-05,2.28391317,Skopje FIR
22,1.863e-05,2.866e-05,1.53815369,Skopje FIR
23,1.536e-05,2.354e-05,1.53296372,Skopje FIR
0,8.59e-06,1.661e-05,1.9334699,Skopje FIR
1,6.47e-06,1.201e-05,1.85625494,Skopje FIR
2,7.41e-06,8.02e-06,1.08310743,Skopje FIR
3,9.86e-06,5.91e-06,0.59909422,Skopje FIR
4,9.02e-06,1.2e-06,0.1325744,Skopje FIR
5,1.337e-05,-2.88e-06,-0.21526036,Skopje FIR
6,0.00011273,-1.049e-05,-0.09306162,Beograd FIR
7,0.0001286,-2.855e-05,-0.22201269,Beograd FIR
8,0.00014439,-3.197e-05,-0.22140152,Beograd FIR
9,0.00015245,-2.647e-05,-0.17360704,Beograd FIR
10,0.00018939,-2.558e-05,-0.13507481,Beograd FIR
11,0.00023082,-5.72e-06,-0.02477736,Beograd FIR
12,0.00020888,8.274e-05,0.39612468,Beograd FIR
13,0.00018292,0.00017796,0.97289641,Beograd FIR
14,0.00017055,0.00028224,1.6549361,Beograd FIR
15,0.00018989,0.00045376,2.38955663,Beograd FIR
16,0.00019082,0.00058887,3.08600909,Beograd FIR
17,0.00018554,0.00063141,3.40301341,Beograd FIR
18,0.00016686,0.0005709,3.42150407,Beograd FIR
19,0.00015025,0.00055112,3.66804049,Beograd FIR
20,0.00013935,0.00047867,3.43508674,Beograd FIR
21,0.00011236,0.00028836,2.56637267,Beograd FIR
22,0.00010649,0.00022773,2.13841888,Beograd FIR
23,8.738e-05,0.00020618,2.35947708,Beograd FIR
0,5.344e-05,0.00013291,2.48716757,Beograd FIR
1,3.704e-05,8.804e-05,2.37677015,Beograd FIR
2,3.177e-05,5.271e-05,1.65919338,Beograd FIR
3,4.865e-05,4.148e-05,0.85261855,Beograd FIR
4,7.152e-05,2.597e-05,0.36304275,Beograd FIR
5,8.998e-05,1.02e-06,0.01132242,Beograd FIR
6,4.325e-05,-1.112e-05,-0.25721158,Bratislava  FIR
7,4.561e-05,-7.15e-06,-0.15683735,Bratislava  FIR
8,4.587e-05,-4.9e-06,-0.10671792,Bratislava  FIR
9,6.386e-05,1.25e-06,0.01951861,Bratislava  FIR
10,7.669e-05,4.5e-06,0.05872629,Bratislava  FIR
11,9.284e-05,2.201e-05,0.23702588,Bratislava  FIR
12,9.09e-05,4.93e-05,0.54235033,Bratislava  FIR
13,8.228e-05,7.175e-05,0.87212938,Bratislava  FIR
14,7.813e-05,0.00012174,1.55819951,Bratislava  FIR
15,7.533e-05,0.00019022,2.5251085,Bratislava  FIR
16,8.153e-05,0.00028301,3.47108495,Bratislava  FIR
17,7.436e-05,0.00026336,3.54154094,Bratislava  FIR
18,6.413e-05,0.0002967,4.6266282,Bratislava  FIR
19,5.314e-05,0.00026804,5.04386056,Bratislava  FIR
20,4.655e-05,0.00023173,4.97759107,Bratislava  FIR
21,4.452e-05,0.00020308,4.561973,Bratislava  FIR
22,4.535e-05,0.00018559,4.09215259,Bratislava  FIR
23,3.912e-05,0.00017992,4.59971869,Bratislava  FIR
0,2.954e-05,0.00016729,5.66375395,Bratislava  FIR
1,1.486e-05,7.229e-05,4.86490015,Bratislava  FIR
2,1.172e-05,4.718e-05,4.02602468,Bratislava  FIR
3,1.715e-05,2.846e-05,1.6596682,Bratislava  FIR
4,3.349e-05,3.067e-05,0.91579104,Bratislava  FIR
5,3.951e-05,9.87e-06,0.24988732,Bratislava  FIR
6,1.141e-05,5.09e-06,0.44607809,Santo Domingo FIR
7,1.114e-05,9.36e-06,0.84023438,Santo Domingo FIR
8,1.042e-05,5.57e-06,0.53413913,Santo Domingo FIR
9,1.035e-05,2.91e-06,0.28070014,Santo Domingo FIR
10,7.86e-06,8e-07,0.10159332,Santo Domingo FIR
11,1.041e-05,-2.95e-06,-0.28329242,Santo Domingo FIR
12,1.128e-05,-1.74e-06,-0.15463163,Santo Domingo FIR
13,1.376e-05,-2.5e-07,-0.01796122,Santo Domingo FIR
14,1.706e-05,-7.1e-07,-0.04158584,Santo Domingo FIR
15,2.972e-05,-2.24e-06,-0.07536263,Santo Domingo FIR
16,3.562e-05,-2.74e-06,-0.07691403,Santo Domingo FIR
17,5.085e-05,-5.17e-06,-0.10157036,Santo Domingo FIR
18,5.304e-05,-5.12e-06,-0.09656158,Santo Domingo FIR
19,6.288e-05,-5.7e-06,-0.0906648,Santo Domingo FIR
20,7.393e-05,-1.12e-06,-0.01521399,Santo Domingo FIR
21,5.205e-05,5.8e-06,0.11150893,Santo Domingo FIR
22,4.486e-05,1.803e-05,0.40180124,Santo Domingo FIR
23,3.714e-05,3.176e-05,0.85508942,Santo Domingo FIR
0,2.059e-05,1.332e-05,0.64685383,Santo Domingo FIR
1,1.601e-05,1.149e-05,0.71733887,Santo Domingo FIR
2,1.844e-05,1.205e-05,0.65364021,Santo Domingo FIR
3,1.46e-05,9.2e-06,0.63017982,Santo Domingo FIR
4,1.079e-05,1.024e-05,0.94925499,Santo Domingo FIR
5,9.51e-06,5.46e-06,0.57440858,Santo Domingo FIR
6,4.972e-05,4.316e-05,0.86794235,Central America FIR
7,6.665e-05,5.825e-05,0.87395779,Central America FIR
8,9.669e-05,0.00012906,1.33470299,Central America FIR
9,0.00010364,0.00018198,1.75595808,Central America FIR
10,8.335e-05,0.00013092,1.57066499,Central America FIR
11,4.688e-05,3.34e-05,0.71248054,Central America FIR
12,4.522e-05,-3.3e-07,-0.00730487,Central America FIR
13,7.561e-05,-1.433e-05,-0.18952378,Central America FIR
14,9.543e-05,-1.483e-05,-0.15538046,Central America FIR
15,0.00013195,-1.521e-05,-0.11529979,Central America FIR
16,0.00012963,-3.378e-05,-0.26056677,Central America FIR
17,0.00015334,-3.138e-05,-0.20464515,Central America FIR
18,0.0001859,-3.377e-05,-0.18166501,Central America FIR
19,0.00019007,-4.255e-05,-0.22386903,Central America FIR
20,0.00017007,-2.455e-05,-0.14433433,Central America FIR
21,0.00015673,1.289e-05,0.08227244,Central America FIR
22,0.00015995,8.754e-05,0.54730161,Central America FIR
23,0.00013007,0.00014484,1.11355683,Central America FIR
0,0.00010993,0.00011041,1.00436866,Central America FIR
1,0.00011589,0.0001074,0.926745,Central America FIR
2,0.00011218,0.00012511,1.1152062,Central America FIR
3,9.987e-05,0.00012051,1.20660077,Central America FIR
4,9.955e-05,0.00015396,1.5466265,Central America FIR
5,5.755e-05,6.365e-05,1.10599063,Central America FIR
6,2.988e-05,3.582e-05,1.19887165,Kingston FIR
7,2.923e-05,5.996e-05,2.05150134,Kingston FIR
8,4.313e-05,8.352e-05,1.93660072,Kingston FIR
9,3.979e-05,5.355e-05,1.34595883,Kingston FIR
10,4.315e-05,4.462e-05,1.03403495,Kingston FIR
11,2.403e-05,5.43e-06,0.22579822,Kingston FIR
12,2.156e-05,-5.23e-06,-0.24253911,Kingston FIR
13,2.873e-05,-1.298e-05,-0.45168822,Kingston FIR
14,4.629e-05,-1.815e-05,-0.39200114,Kingston FIR
15,5.815e-05,-1.932e-05,-0.33227699,Kingston FIR
16,6.401e-05,-1.931e-05,-0.3017362,Kingston FIR
17,7.295e-05,-1.875e-05,-0.25703226,Kingston FIR
18,7.817e-05,-1.486e-05,-0.19004565,Kingston FIR
19,6.085e-05,-1.474e-05,-0.24219277,Kingston FIR
20,5.777e-05,-4.88e-06,-0.08455031,Kingston FIR
21,6.532e-05,6.71e-06,0.10275113,Kingston FIR
22,6.513e-05,3.365e-05,0.51671782,Kingston FIR
23,5.639e-05,4.35e-05,0.77147636,Kingston FIR
0,6.49e-05,7.162e-05,1.10352869,Kingston FIR
1,6.34e-05,7.533e-05,1.18816448,Kingston FIR
2,5.301e-05,6.299e-05,1.18830475,Kingston FIR
3,3.226e-05,5.361e-05,1.66154544,Kingston FIR
4,2.919e-05,4.199e-05,1.43828081,Kingston FIR
5,3.947e-05,5.494e-05,1.39202978,Kingston FIR
6,7.5e-06,9.36e-06,1.24784656,Oceanica Mazatlan FIR
7,5.27e-06,7.24e-06,1.37292621,Oceanica Mazatlan FIR
8,1.55e-06,1.08e-06,0.69488854,Oceanica Mazatlan FIR
9,4.4e-07,1.19e-06,2.71065665,Oceanica Mazatlan FIR
10,3.4e-07,3.8e-07,1.11489206,Oceanica Mazatlan FIR
11,8.5e-07,3.27e-06,3.85062774,Oceanica Mazatlan FIR
12,1.06e-06,5e-07,0.47159781,Oceanica Mazatlan FIR
13,1.38e-06,4.4e-07,0.31792716,Oceanica Mazatlan FIR
14,1.49e-06,2.5e-07,0.16711175,Oceanica Mazatlan FIR
15,6.8e-07,-1.2e-07,-0.17497189,Oceanica Mazatlan FIR
16,1.29e-06,1e-08,0.00653089,Oceanica Mazatlan FIR
17,2.3e-06,-2.24e-06,-0.97083287,Oceanica Mazatlan FIR
18,3.8e-06,-5.14e-06,-1.35268527,Oceanica Mazatlan FIR
19,2.74e-06,-2.82e-06,-1.03084645,Oceanica Mazatlan FIR
20,8.3e-07,-2.7e-07,-0.32773592,Oceanica Mazatlan FIR
21,5.8e-07,1.8e-07,0.31812343,Oceanica Mazatlan FIR
22,7.8e-07,6e-08,0.07286245,Oceanica Mazatlan FIR
23,5.2e-07,6e-08,0.12161192,Oceanica Mazatlan FIR
0,2.1e-07,2.3e-07,1.11665163,Oceanica Mazatlan FIR
1,2.4e-07,2.1e-07,0.87988243,Oceanica Mazatlan FIR
2,1.9e-07,3e-08,0.13965736,Oceanica Mazatlan FIR
3,3.7e-07,5.5e-07,1.48210846,Oceanica Mazatlan FIR
4,2e-07,3.3e-07,1.64794717,Oceanica Mazatlan FIR
5,2.49e-06,1.33e-06,0.53466283,Oceanica Mazatlan FIR
6,0.00034515,0.00038492,1.11522033,Mexico FIR
7,0.00020975,0.00019328,0.92145867,Mexico FIR
8,0.000196,0.00018481,0.94288622,Mexico FIR
9,0.00026628,0.0002877,1.08046056,Mexico FIR
10,0.00030233,0.00035263,1.16638853,Mexico FIR
11,0.00028244,0.00027596,0.97707778,Mexico FIR
12,0.00033236,0.0001274,0.38331744,Mexico FIR
13,0.0004517,-1.65e-05,-0.03653537,Mexico FIR
14,0.00055032,-8.39e-05,-0.15246214,Mexico FIR
15,0.00063195,-0.00012451,-0.19702724,Mexico FIR
16,0.00071814,-8.784e-05,-0.12231977,Mexico FIR
17,0.00087186,-7.179e-05,-0.08233896,Mexico FIR
18,0.00094265,-9.192e-05,-0.0975086,Mexico FIR
19,0.00094243,-9.723e-05,-0.10317034,Mexico FIR
20,0.00093777,-8.514e-05,-0.09078463,Mexico FIR
21,0.00091607,-3.033e-05,-0.0331063,Mexico FIR
22,0.00089527,0.00010006,0.11176558,Mexico FIR
23,0.0008793,0.00034467,0.39198216,Mexico FIR
0,0.00082571,0.00059119,0.71597927,Mexico FIR
1,0.00076197,0.0006815,0.89438675,Mexico FIR
2,0.00069745,0.00065236,0.93534773,Mexico FIR
3,0.00063981,0.00059403,0.92844711,Mexico FIR
4,0.00057635,0.0005661,0.98222709,Mexico FIR
5,0.00048163,0.00051539,1.07010322,Mexico FIR
6,4.59e-05,0.00010835,2.36031338,Panama FIR
7,7.109e-05,0.00013603,1.91342248,Panama FIR
8,7.47e-05,0.00014146,1.89372669,Panama FIR
9,7.241e-05,0.00014307,1.97587795,Panama FIR
10,4.454e-05,7.629e-05,1.71298785,Panama FIR
11,5.333e-05,1.342e-05,0.25158614,Panama FIR
12,4.388e-05,-2.156e-05,-0.49134654,Panama FIR
13,5.225e-05,-3.73e-05,-0.71398347,Panama FIR
14,6.654e-05,-6.351e-05,-0.95445547,Panama FIR
15,9.567e-05,-6.164e-05,-0.64429553,Panama FIR
16,9.453e-05,-6.278e-05,-0.66416729,Panama FIR
17,4.94e-05,-3.538e-05,-0.71619882,Panama FIR
18,9.136e-05,-4.54e-05,-0.49696709,Panama FIR
19,0.0001183,-6.225e-05,-0.5261758,Panama FIR
20,6.31e-05,-2.523e-05,-0.39981956,Panama FIR
21,7.02e-05,1.862e-05,0.26526168,Panama FIR
22,0.00011944,9.065e-05,0.75898144,Panama FIR
23,6.859e-05,0.00013499,1.96817972,Panama FIR
0,0.00010111,0.00014517,1.43585309,Panama FIR
1,0.00015036,0.00020941,1.39274439,Panama FIR
2,6.721e-05,0.00011264,1.67582732,Panama FIR
3,6.228e-05,0.00010246,1.6450248,Panama FIR
4,8.748e-05,0.00014729,1.68357582,Panama FIR
5,4.232e-05,0.00010156,2.39981707,Panama FIR
6,1.72e-06,1.1e-06,0.64006822,Port-Au-Prince FIR
7,1.65e-06,9e-07,0.54414669,Port-Au-Prince FIR
8,1.99e-06,3.12e-06,1.56296455,Port-Au-Prince FIR
9,2.21e-06,1.26e-06,0.57162062,Port-Au-Prince FIR
10,2e-06,9.8e-07,0.49304243,Port-Au-Prince FIR
11,1.38e-06,-1.5e-07,-0.11105985,Port-Au-Prince FIR
12,2.44e-06,-6.1e-07,-0.25077339,Port-Au-Prince FIR
13,2.73e-06,-2.6e-07,-0.09573476,Port-Au-Prince FIR
14,5.31e-06,-3.9e-07,-0.07357295,Port-Au-Prince FIR
15,7.48e-06,-4.6e-07,-0.06174053,Port-Au-Prince FIR
16,7.6e-06,-7.8e-07,-0.10309665,Port-Au-Prince FIR
17,1.074e-05,-2.55e-06,-0.2371986,Port-Au-Prince FIR
18,1.176e-05,-9.7e-07,-0.08269105,Port-Au-Prince FIR
19,1.162e-05,-7e-07,-0.06012726,Port-Au-Prince FIR
20,1.266e-05,1.48e-06,0.11710566,Port-Au-Prince FIR
21,1.328e-05,4.89e-06,0.36833062,Port-Au-Prince FIR
22,1.166e-05,7.28e-06,0.62441079,Port-Au-Prince FIR
23,8.4e-06,8.73e-06,1.03954348,Port-Au-Prince FIR
0,4.97e-06,3.75e-06,0.75494433,Port-Au-Prince FIR
1,4.78e-06,5.27e-06,1.10318102,Port-Au-Prince FIR
2,4.43e-06,3.92e-06,0.88420108,Port-Au-Prince FIR
3,2.3e-06,2.86e-06,1.24280792,Port-Au-Prince FIR
4,1.9e-06,3.38e-06,1.77557273,Port-Au-Prince FIR
5,1.98e-06,3.43e-06,1.72822618,Port-Au-Prince FIR
6,3.132e-05,3.048e-05,0.97320858,Habana FIR/UIR
7,2.917e-05,3.726e-05,1.27728539,Habana FIR/UIR
8,4.154e-05,7.41e-05,1.78407054,Habana FIR/UIR
9,4.67e-05,5.353e-05,1.14638735,Habana FIR/UIR
10,4.861e-05,3.508e-05,0.72159115,Habana FIR/UIR
11,4.278e-05,6.27e-06,0.14652719,Habana FIR/UIR
12,3.575e-05,-4.91e-06,-0.13743371,Habana FIR/UIR
13,4.448e-05,-8.19e-06,-0.18419179,Habana FIR/UIR
14,7.844e-05,-9.82e-06,-0.12520325,Habana FIR/UIR
15,0.00010225,-1.077e-05,-0.10533502,Habana FIR/UIR
16,0.00015244,-1.685e-05,-0.11052906,Habana FIR/UIR
17,0.00018309,-2.585e-05,-0.14116385,Habana FIR/UIR
18,0.00015101,-2.037e-05,-0.13488058,Habana FIR/UIR
19,0.00014422,-1.665e-05,-0.11547743,Habana FIR/UIR
20,0.00014284,-5.96e-06,-0.04169116,Habana FIR/UIR
21,0.00014807,2.013e-05,0.13592841,Habana FIR/UIR
22,0.00013355,7.167e-05,0.53666735,Habana FIR/UIR
23,0.00014608,0.00012458,0.85281042,Habana FIR/UIR
0,0.00012273,0.00012219,0.99561608,Habana FIR/UIR
1,9.859e-05,8.642e-05,0.87659472,Habana FIR/UIR
2,8.288e-05,8.022e-05,0.96800129,Habana FIR/UIR
3,5.504e-05,6.375e-05,1.15819878,Habana FIR/UIR
4,4.439e-05,4.38e-05,0.98667828,Habana FIR/UIR
5,5.487e-05,4.627e-05,0.84335931,Habana FIR/UIR
6,8.39e-05,0.00016155,1.92547491,Nadi FIR
7,6.011e-05,0.00012528,2.08429577,Nadi FIR
8,3.979e-05,7.766e-05,1.9515736,Nadi FIR
9,3.056e-05,5.094e-05,1.66691166,Nadi FIR
10,2.743e-05,4.953e-05,1.80578519,Nadi FIR
11,2.596e-05,5.725e-05,2.20502851,Nadi FIR
12,2.665e-05,5.063e-05,1.90017421,Nadi FIR
13,2.052e-05,4.749e-05,2.31431675,Nadi FIR
14,3.083e-05,5.977e-05,1.93877816,Nadi FIR
15,4.583e-05,8.417e-05,1.83652673,Nadi FIR
16,6.864e-05,0.00011548,1.68251759,Nadi FIR
17,7.871e-05,7.356e-05,0.9346263,Nadi FIR
18,7.057e-05,1.916e-05,0.27153361,Nadi FIR
19,4.744e-05,-6.95e-06,-0.14654776,Nadi FIR
20,2.955e-05,-1.075e-05,-0.36373039,Nadi FIR
21,2.438e-05,-8.15e-06,-0.33416324,Nadi FIR
22,2.516e-05,-9.01e-06,-0.35820135,Nadi FIR
23,2.835e-05,-7.09e-06,-0.25008219,Nadi FIR
0,3.121e-05,-1.39e-05,-0.44523888,Nadi FIR
1,3.319e-05,-1.213e-05,-0.36567405,Nadi FIR
2,4.616e-05,-2.097e-05,-0.4542244,Nadi FIR
3,7.039e-05,-1.169e-05,-0.16604102,Nadi FIR
4,8.908e-05,4e-05,0.44903631,Nadi FIR
5,9.464e-05,0.00013051,1.37895699,Nadi FIR
6,8e-06,4.56e-06,0.56980693,Tahiti Oceanic FIR
7,8.44e-06,5.86e-06,0.69412573,Tahiti Oceanic FIR
8,1.145e-05,4.21e-06,0.36780824,Tahiti Oceanic FIR
9,1.223e-05,5.34e-06,0.43677987,Tahiti Oceanic FIR
10,1.392e-05,6.19e-06,0.44445965,Tahiti Oceanic FIR
11,1.932e-05,1.065e-05,0.55123864,Tahiti Oceanic FIR
12,2.591e-05,2.37e-05,0.9146101,Tahiti Oceanic FIR
13,2.796e-05,2.105e-05,0.75268068,Tahiti Oceanic FIR
14,2.077e-05,1.667e-05,0.80264176,Tahiti Oceanic FIR
15,1.55e-05,5.21e-06,0.33629331,Tahiti Oceanic FIR
16,8.37e-06,-0.0,-0.00023185,Tahiti Oceanic FIR
17,3.79e-06,-1.8e-07,-0.04743563,Tahiti Oceanic FIR
18,6.29e-06,-9e-08,-0.01431011,Tahiti Oceanic FIR
19,1.005e-05,-1.02e-06,-0.10153918,Tahiti Oceanic FIR
20,1.225e-05,-1.56e-06,-0.12715535,Tahiti Oceanic FIR
21,9.45e-06,1.3e-07,0.01350901,Tahiti Oceanic FIR
22,7.11e-06,1.94e-06,0.27248251,Tahiti Oceanic FIR
23,6.38e-06,-1.1e-07,-0.01739368,Tahiti Oceanic FIR
0,6.91e-06,-2e-08,-0.00343481,Tahiti Oceanic FIR
1,7.45e-06,1.68e-06,0.22556271,Tahiti Oceanic FIR
2,7.56e-06,3.98e-06,0.52580945,Tahiti Oceanic FIR
3,9.17e-06,2.49e-06,0.27177023,Tahiti Oceanic FIR
4,7.61e-06,1.6e-06,0.2107314,Tahiti Oceanic FIR
5,7.61e-06,5.81e-06,0.76307766,Tahiti Oceanic FIR
6,0.00011997,8.357e-05,0.69661886,New Zealand FIR
7,0.00010369,9.315e-05,0.89840153,New Zealand FIR
8,9.606e-05,8.986e-05,0.93542415,New Zealand FIR
9,6.978e-05,6.862e-05,0.98337226,New Zealand FIR
10,3.777e-05,3.753e-05,0.99366701,New Zealand FIR
11,3.12e-05,2.489e-05,0.7977376,New Zealand FIR
12,3.062e-05,2.157e-05,0.70444345,New Zealand FIR
13,1.752e-05,9.97e-06,0.56917678,New Zealand FIR
14,7.9e-06,4.51e-06,0.57112889,New Zealand FIR
15,6.63e-06,3.06e-06,0.4605027,New Zealand FIR
16,1.213e-05,6.56e-06,0.54043992,New Zealand FIR
17,1.474e-05,3.95e-06,0.26806943,New Zealand FIR
18,4.048e-05,-6.5e-06,-0.16048418,New Zealand FIR
19,9.557e-05,-1.994e-05,-0.20860064,New Zealand FIR
20,0.00011232,-2.545e-05,-0.22658381,New Zealand FIR
21,0.00011267,-3.072e-05,-0.27263678,New Zealand FIR
22,0.00012483,-3.2e-05,-0.2563521,New Zealand FIR
23,0.00011999,-2.275e-05,-0.18961428,New Zealand FIR
0,0.00011804,-1.256e-05,-0.10642187,New Zealand FIR
1,0.0001094,-6.36e-06,-0.05810394,New Zealand FIR
2,0.000126,-1.11e-06,-0.00884073,New Zealand FIR
3,0.00012373,1.851e-05,0.14956084,New Zealand FIR
4,0.00012917,3.964e-05,0.30687884,New Zealand FIR
5,0.00013521,8.965e-05,0.66307456,New Zealand FIR
6,8.497e-05,0.0001896,2.23147278,Auckland Oceanic FIR
7,6.251e-05,0.00016863,2.69757234,Auckland Oceanic FIR
8,5.733e-05,0.00014081,2.45606461,Auckland Oceanic FIR
9,6.039e-05,0.00017648,2.9223043,Auckland Oceanic FIR
10,8.129e-05,0.00023908,2.94104219,Auckland Oceanic FIR
11,9.79e-05,0.00023176,2.36727765,Auckland Oceanic FIR
12,7.785e-05,0.00019311,2.48046807,Auckland Oceanic FIR
13,6.66e-05,0.00014088,2.11512183,Auckland Oceanic FIR
14,6.721e-05,0.00013846,2.06006337,Auckland Oceanic FIR
15,6.548e-05,9.866e-05,1.50666047,Auckland Oceanic FIR
16,5.989e-05,6.186e-05,1.03292031,Auckland Oceanic FIR
17,4.231e-05,1.721e-05,0.40669992,Auckland Oceanic FIR
18,2.933e-05,3.32e-06,0.11312611,Auckland Oceanic FIR
19,4.976e-05,-1.532e-05,-0.30794357,Auckland Oceanic FIR
20,6.141e-05,-1.125e-05,-0.18323323,Auckland Oceanic FIR
21,4.777e-05,-4.37e-06,-0.09137713,Auckland Oceanic FIR
22,5.303e-05,-9.09e-06,-0.17136885,Auckland Oceanic FIR
23,6.95e-05,-5.85e-06,-0.08414199,Auckland Oceanic FIR
0,6.925e-05,-2.8e-06,-0.04046693,Auckland Oceanic FIR
1,6.207e-05,1.031e-05,0.16610759,Auckland Oceanic FIR
2,7.034e-05,3.081e-05,0.4379681,Auckland Oceanic FIR
3,9.37e-05,4.954e-05,0.52871747,Auckland Oceanic FIR
4,9.135e-05,6.138e-05,0.67199536,Auckland Oceanic FIR
5,9.985e-05,0.00012127,1.21455999,Auckland Oceanic FIR
6,2.595e-05,2.59e-06,0.09982,Kabul FIR
7,2.141e-05,3.03e-06,0.14158041,Kabul FIR
8,3.186e-05,5.47e-06,0.17170237,Kabul FIR
9,3.248e-05,6.07e-06,0.18673108,Kabul FIR
10,2.988e-05,4.26e-06,0.14243224,Kabul FIR
11,3.892e-05,1.148e-05,0.29504745,Kabul FIR
12,4.01e-05,2.766e-05,0.689782,Kabul FIR
13,2.152e-05,2.07e-05,0.96211224,Kabul FIR
14,1.252e-05,9.39e-06,0.75042698,Kabul FIR
15,1.988e-05,1.122e-05,0.5644512,Kabul FIR
16,3.108e-05,1.994e-05,0.64162292,Kabul FIR
17,3.313e-05,2.743e-05,0.82813754,Kabul FIR
18,4.063e-05,3.252e-05,0.80047749,Kabul FIR
19,3.554e-05,2.759e-05,0.77633239,Kabul FIR
20,2.236e-05,2.15e-05,0.96165733,Kabul FIR
21,3.051e-05,2.791e-05,0.91468489,Kabul FIR
22,6.345e-05,5.677e-05,0.8946891,Kabul FIR
23,8.97e-05,7.999e-05,0.89178991,Kabul FIR
0,6.16e-05,4.244e-05,0.68897332,Kabul FIR
1,3.992e-05,1.62e-05,0.40585709,Kabul FIR
2,4.696e-05,5.27e-06,0.11217468,Kabul FIR
3,5.916e-05,7.8e-07,0.01317427,Kabul FIR
4,4.796e-05,8.2e-07,0.01714009,Kabul FIR
5,3.401e-05,1.82e-06,0.05362051,Kabul FIR
6,0.00019382,-1.745e-05,-0.09001685,Bahrain FIR
7,0.00017914,-1.314e-05,-0.07335379,Bahrain FIR
8,0.00011279,-6.4e-06,-0.05671927,Bahrain FIR
9,8.401e-05,-3.6e-06,-0.04287498,Bahrain FIR
10,7.963e-05,-3.48e-06,-0.04367202,Bahrain FIR
11,9.375e-05,-4.27e-06,-0.04559135,Bahrain FIR
12,0.00013955,1.29e-06,0.00927839,Bahrain FIR
13,0.00015059,1.513e-05,0.10045567,Bahrain FIR
14,0.0001487,2.288e-05,0.15387194,Bahrain FIR
15,0.00016319,3.647e-05,0.2234544,Bahrain FIR
16,0.0001469,3.683e-05,0.25070068,Bahrain FIR
17,0.00010162,2.447e-05,0.24079093,Bahrain FIR
18,0.00011398,2.088e-05,0.18321295,Bahrain FIR
19,0.00013649,2.817e-05,0.20639775,Bahrain FIR
20,0.00015554,2.984e-05,0.19182958,Bahrain FIR
21,0.00015867,1.782e-05,0.11232847,Bahrain FIR
22,8.121e-05,9.54e-06,0.11751283,Bahrain FIR
23,0.00010127,1.64e-05,0.16190742,Bahrain FIR
0,0.00020691,4.253e-05,0.205546,Bahrain FIR
1,0.00013249,2.391e-05,0.18043704,Bahrain FIR
2,0.00017638,8.48e-06,0.04807777,Bahrain FIR
3,0.00013251,-6.1e-07,-0.00463422,Bahrain FIR
4,8.739e-05,-5.48e-06,-0.06274636,Bahrain FIR
5,0.00012972,-1.264e-05,-0.09743208,Bahrain FIR
6,0.000358,1.72e-06,0.00480493,Jeddah FIR
7,0.00037215,8.26e-06,0.02218704,Jeddah FIR
8,0.00042956,6.77e-06,0.01575633,Jeddah FIR
9,0.00038738,1.223e-05,0.03156547,Jeddah FIR
10,0.00036398,1.138e-05,0.0312752,Jeddah FIR
11,0.00038484,2.06e-05,0.05353928,Jeddah FIR
12,0.00043334,4.189e-05,0.0966771,Jeddah FIR
13,0.00043969,8.625e-05,0.1961713,Jeddah FIR
14,0.00047743,0.00014147,0.29631267,Jeddah FIR
15,0.00045936,0.00018105,0.39413622,Jeddah FIR
16,0.0004369,0.0001478,0.33830233,Jeddah FIR
17,0.00043522,0.00014482,0.3327542,Jeddah FIR
18,0.00044024,0.00013331,0.30281674,Jeddah FIR
19,0.00044631,0.00012386,0.27751085,Jeddah FIR
20,0.00046581,0.00014416,0.30949191,Jeddah FIR
21,0.00040719,0.00011941,0.29325113,Jeddah FIR
22,0.00036254,0.00010114,0.2789774,Jeddah FIR
23,0.00033635,8.581e-05,0.25513054,Jeddah FIR
0,0.00037183,9.115e-05,0.24514375,Jeddah FIR
1,0.0003719,9.015e-05,0.24239927,Jeddah FIR
2,0.00035831,6.081e-05,0.16969916,Jeddah FIR
3,0.00029575,2.793e-05,0.09442714,Jeddah FIR
4,0.00025321,4.87e-06,0.01924793,Jeddah FIR
5,0.00030024,-1.77e-06,-0.00591143,Jeddah FIR
6,0.00030075,-3.771e-05,-0.12538768,Tehran FIR
7,0.00042216,-5.613e-05,-0.13296786,Tehran FIR
8,0.00032569,-4.339e-05,-0.13322451,Tehran FIR
9,0.00025574,-2.417e-05,-0.09450446,Tehran FIR
10,0.00026404,-1.521e-05,-0.05761303,Tehran FIR
11,0.00025094,-3.36e-06,-0.01338036,Tehran FIR
12,0.00028327,3.55e-05,0.12532603,Tehran FIR
13,0.00031577,9.065e-05,0.28707589,Tehran FIR
14,0.00033976,0.00013663,0.40213865,Tehran FIR
15,0.00035552,0.00019513,0.5488507,Tehran FIR
16,0.00035279,0.00018127,0.51382221,Tehran FIR
17,0.00032611,0.00015201,0.46612709,Tehran FIR
18,0.00031414,0.00013902,0.44253301,Tehran FIR
19,0.00034734,0.00015113,0.43510442,Tehran FIR
20,0.00035625,0.0001669,0.46850103,Tehran FIR
21,0.00028164,0.00013416,0.47634528,Tehran FIR
22,0.00021045,9.07e-05,0.43095697,Tehran FIR
23,0.00026792,0.00011512,0.42969512,Tehran FIR
0,0.00044178,0.0001668,0.37755294,Tehran FIR
1,0.00063509,0.00018919,0.2978941,Tehran FIR
2,0.00054254,7.112e-05,0.13108166,Tehran FIR
3,0.00033637,-3.647e-05,-0.10841903,Tehran FIR
4,0.00023152,-3.782e-05,-0.16334858,Tehran FIR
5,0.00020665,-2.524e-05,-0.12215301,Tehran FIR
6,1.222e-05,-1.24e-06,-0.10148122,Amman FIR
7,1.231e-05,7e-08,0.00582335,Amman FIR
8,1.5e-05,1.5e-07,0.00968837,Amman FIR
9,1.612e-05,2.5e-07,0.01556496,Amman FIR
10,1.253e-05,-6e-08,-0.00466068,Amman FIR
11,1.252e-05,-3e-07,-0.02418439,Amman FIR
12,1.608e-05,6.9e-07,0.04279046,Amman FIR
13,1.85e-05,1.72e-06,0.09291543,Amman FIR
14,1.591e-05,2.27e-06,0.14236223,Amman FIR
15,1.398e-05,2.62e-06,0.18750833,Amman FIR
16,1.646e-05,3.04e-06,0.1845039,Amman FIR
17,1.595e-05,4.43e-06,0.27786551,Amman FIR
18,1.727e-05,3.3e-06,0.19095556,Amman FIR
19,2.223e-05,2.97e-06,0.13382448,Amman FIR
20,1.657e-05,3.02e-06,0.18238462,Amman FIR
21,1.623e-05,3.13e-06,0.19274262,Amman FIR
22,1.326e-05,2.61e-06,0.19660583,Amman FIR
23,1.552e-05,3.81e-06,0.24531198,Amman FIR
0,1.194e-05,3.3e-06,0.27660935,Amman FIR
1,1.019e-05,2.38e-06,0.23323762,Amman FIR
2,9.83e-06,1.46e-06,0.14832211,Amman FIR
3,8.32e-06,8e-07,0.09652878,Amman FIR
4,5.27e-06,-2e-08,-0.00457014,Amman FIR
5,6.05e-06,-5.5e-07,-0.09102102,Amman FIR
6,4.511e-05,-5.19e-06,-0.11503853,Kuwait FIR
7,7.632e-05,-9.39e-06,-0.12308036,Kuwait FIR
8,4.571e-05,-2.67e-06,-0.05842153,Kuwait FIR
9,2.609e-05,-1.37e-06,-0.05251829,Kuwait FIR
10,2.073e-05,-1.58e-06,-0.07628116,Kuwait FIR
11,2.155e-05,-1.33e-06,-0.06191256,Kuwait FIR
12,3.832e-05,-8.9e-07,-0.02321555,Kuwait FIR
13,5.528e-05,7.23e-06,0.13070204,Kuwait FIR
14,5.685e-05,1.371e-05,0.24108813,Kuwait FIR
15,5.336e-05,1.209e-05,0.22664543,Kuwait FIR
16,3.576e-05,7.25e-06,0.20264446,Kuwait FIR
17,2.419e-05,8.47e-06,0.35037997,Kuwait FIR
18,2.813e-05,6.12e-06,0.21765153,Kuwait FIR
19,3.604e-05,9.57e-06,0.2653882,Kuwait FIR
20,4.565e-05,1.225e-05,0.268385,Kuwait FIR
21,3.112e-05,8.83e-06,0.28388231,Kuwait FIR
22,2.162e-05,6.58e-06,0.3041381,Kuwait FIR
23,2.257e-05,5e-06,0.22166245,Kuwait FIR
0,5.701e-05,1.186e-05,0.20800128,Kuwait FIR
1,6.416e-05,1.142e-05,0.17798734,Kuwait FIR
2,4.939e-05,4.47e-06,0.09050821,Kuwait FIR
3,3.521e-05,9e-08,0.00249931,Kuwait FIR
4,1.823e-05,-3.1e-07,-0.01698287,Kuwait FIR
5,2.217e-05,-1.01e-06,-0.04535477,Kuwait FIR
6,6.06e-06,-7e-08,-0.01223975,Beirut FIR
7,5.73e-06,-2.4e-07,-0.04199837,Beirut FIR
8,5.39e-06,7e-08,0.01221285,Beirut FIR
9,6.91e-06,1.9e-07,0.02724558,Beirut FIR
10,6.15e-06,9e-08,0.01428632,Beirut FIR
11,7.33e-06,-8e-08,-0.01093861,Beirut FIR
12,7.88e-06,-4e-08,-0.00552855,Beirut FIR
13,7.71e-06,7e-08,0.00945876,Beirut FIR
14,6.98e-06,7.1e-07,0.10213879,Beirut FIR
15,6.61e-06,6.1e-07,0.09167619,Beirut FIR
16,7.8e-06,1.49e-06,0.1909742,Beirut FIR
17,6.09e-06,1.07e-06,0.17518438,Beirut FIR
18,7.51e-06,3.4e-07,0.04497949,Beirut FIR
19,8e-06,8.8e-07,0.10947482,Beirut FIR
20,5.86e-06,5e-07,0.08494102,Beirut FIR
21,5.7e-06,1.8e-07,0.03084776,Beirut FIR
22,4.26e-06,4e-08,0.00949332,Beirut FIR
23,3.65e-06,1.5e-07,0.04104065,Beirut FIR
0,5.47e-06,3e-07,0.05445845,Beirut FIR
1,4.09e-06,3.6e-07,0.08840575,Beirut FIR
2,6e-06,2e-07,0.03402318,Beirut FIR
3,3.58e-06,1e-08,0.00315179,Beirut FIR
4,2.18e-06,2e-08,0.00837704,Beirut FIR
5,2.28e-06,-2e-08,-0.0103997,Beirut FIR
6,0.00011886,-9.4e-07,-0.00790772,Emirates FIR
7,0.00011523,-1.88e-06,-0.01632667,Emirates FIR
8,0.00012024,-4.4e-07,-0.00368649,Emirates FIR
9,0.00011141,-2.9e-07,-0.00259067,Emirates FIR
10,9.762e-05,3.9e-07,0.00401351,Emirates FIR
11,0.0001111,1.23e-06,0.01102745,Emirates FIR
12,0.00012338,3.57e-06,0.0289501,Emirates FIR
13,9.381e-05,4.88e-06,0.05203669,Emirates FIR
14,8.931e-05,9.3e-06,0.10411756,Emirates FIR
15,0.00011943,9.41e-06,0.07874958,Emirates FIR
16,0.00013914,1.447e-05,0.10396214,Emirates FIR
17,0.00012179,1.373e-05,0.11275692,Emirates FIR
18,0.00013744,1.574e-05,0.1145331,Emirates FIR
19,0.00016782,1.371e-05,0.08171169,Emirates FIR
20,0.00017997,1.824e-05,0.10133412,Emirates FIR
21,0.00013639,1.556e-05,0.11410483,Emirates FIR
22,7.182e-05,6.85e-06,0.09541891,Emirates FIR
23,0.00011733,1.252e-05,0.1066982,Emirates FIR
0,0.00013358,1.362e-05,0.10197308,Emirates FIR
1,0.00011699,6.86e-06,0.05864025,Emirates FIR
2,0.00014988,2.87e-06,0.01914053,Emirates FIR
3,0.00013405,-1.27e-06,-0.00946722,Emirates FIR
4,0.00010313,-2.87e-06,-0.02783885,Emirates FIR
5,0.00011465,-9e-07,-0.00789028,Emirates FIR
6,0.00017498,-5.18e-06,-0.02958633,Muscat FIR
7,0.00025474,-2.7e-06,-0.01061749,Muscat FIR
8,0.00032251,-2.63e-06,-0.00816784,Muscat FIR
9,0.00022509,-2.5e-06,-0.01109676,Muscat FIR
10,0.0001595,-2.37e-06,-0.01484729,Muscat FIR
11,0.00016578,1.22e-06,0.00735357,Muscat FIR
12,0.00015951,9.16e-06,0.05745773,Muscat FIR
13,0.00015291,2.538e-05,0.16600461,Muscat FIR
14,0.00016353,3.017e-05,0.18446257,Muscat FIR
15,0.00014532,4.054e-05,0.27898242,Muscat FIR
16,0.00017296,4.669e-05,0.26992847,Muscat FIR
17,0.00022226,8.195e-05,0.36870988,Muscat FIR
18,0.0002984,0.00010885,0.36478791,Muscat FIR
19,0.00044938,0.0001571,0.34958611,Muscat FIR
20,0.00041671,0.00012842,0.30817543,Muscat FIR
21,0.0002623,7.357e-05,0.28049484,Muscat FIR
22,0.00018301,6.422e-05,0.35093349,Muscat FIR
23,0.00023341,7.594e-05,0.32534662,Muscat FIR
0,0.00032173,0.00010765,0.33458854,Muscat FIR
1,0.00041841,9.22e-05,0.22035207,Muscat FIR
2,0.00037395,2.307e-05,0.06167991,Muscat FIR
3,0.00023373,-7.06e-06,-0.03020246,Muscat FIR
4,0.0001538,-8.87e-06,-0.05764226,Muscat FIR
5,0.00011619,-5.15e-06,-0.04436127,Muscat FIR
6,0.0001126,-4.84e-06,-0.04302092,Karachi FIR
7,0.00014019,-1.95e-06,-0.01393974,Karachi FIR
8,0.00012312,9.5e-07,0.00769971,Karachi FIR
9,9.499e-05,6.9e-07,0.00723207,Karachi FIR
10,8.402e-05,4.32e-06,0.05139293,Karachi FIR
11,9.799e-05,7.36e-06,0.07513782,Karachi FIR
12,9.88e-05,2.078e-05,0.21036614,Karachi FIR
13,9.7e-05,3.211e-05,0.33105473,Karachi FIR
14,9.564e-05,3.336e-05,0.3488089,Karachi FIR
15,9.501e-05,3.942e-05,0.4148651,Karachi FIR
16,9.033e-05,3.294e-05,0.3646819,Karachi FIR
17,0.00011419,3.811e-05,0.33376774,Karachi FIR
18,0.00013493,4.392e-05,0.32547297,Karachi FIR
19,0.00013476,4.285e-05,0.31794144,Karachi FIR
20,0.0001573,5.403e-05,0.34349149,Karachi FIR
21,0.00015242,6.035e-05,0.39596363,Karachi FIR
22,0.00017155,5.468e-05,0.31873887,Karachi FIR
23,0.00015951,5.66e-05,0.35482447,Karachi FIR
0,0.00017048,4.838e-05,0.28379077,Karachi FIR
1,0.00019203,1.96e-05,0.1020778,Karachi FIR
2,0.00018136,1.88e-06,0.0103552,Karachi FIR
3,0.00013382,-7.21e-06,-0.05387379,Karachi FIR
4,0.00012945,-9.22e-06,-0.07125968,Karachi FIR
5,0.00010229,-8.75e-06,-0.08556829,Karachi FIR
6,4.864e-05,-9.11e-06,-0.18734808,Lahore FIR
7,3.63e-05,-5.22e-06,-0.14376438,Lahore FIR
8,3.749e-05,-6.43e-06,-0.17158758,Lahore FIR
9,3.453e-05,-3.76e-06,-0.10895511,Lahore FIR
10,4.559e-05,5.4e-07,0.01181415,Lahore FIR
11,4.478e-05,1.063e-05,0.23740246,Lahore FIR
12,3.604e-05,1.856e-05,0.51485763,Lahore FIR
13,2.903e-05,2.036e-05,0.70132817,Lahore FIR
14,1.858e-05,9.74e-06,0.52431154,Lahore FIR
15,2.351e-05,1.571e-05,0.66815864,Lahore FIR
16,3.364e-05,1.907e-05,0.56691698,Lahore FIR
17,3.594e-05,2.854e-05,0.79408907,Lahore FIR
18,3.145e-05,2.167e-05,0.68913142,Lahore FIR
19,4.065e-05,2.911e-05,0.7161189,Lahore FIR
20,3.956e-05,2.881e-05,0.72837036,Lahore FIR
21,6.352e-05,3.48e-05,0.54793416,Lahore FIR
22,9.439e-05,8.411e-05,0.89101935,Lahore FIR
23,9.49e-05,6.84e-05,0.72071267,Lahore FIR
0,5.97e-05,3.685e-05,0.61724798,Lahore FIR
1,4.195e-05,6.13e-06,0.14613522,Lahore FIR
2,4.62e-05,-1.46e-06,-0.03151603,Lahore FIR
3,5.593e-05,-8.06e-06,-0.14415846,Lahore FIR
4,5.49e-05,-1.089e-05,-0.19838609,Lahore FIR
5,5.254e-05,-9.96e-06,-0.18956086,Lahore FIR
6,0.00011069,-1.29e-05,-0.11654525,Baghdad FIR
7,0.00022501,-2.618e-05,-0.11634026,Baghdad FIR
8,0.00025666,-1.789e-05,-0.06970647,Baghdad FIR
9,0.00012877,-5.67e-06,-0.04405765,Baghdad FIR
10,7.858e-05,-4.87e-06,-0.06202085,Baghdad FIR
11,8.223e-05,1.07e-06,0.01299442,Baghdad FIR
12,0.00013073,5.78e-06,0.04420699,Baghdad FIR
13,0.00021118,3.303e-05,0.15643385,Baghdad FIR
14,0.00029134,9.196e-05,0.31563167,Baghdad FIR
15,0.00022806,9.254e-05,0.4057901,Baghdad FIR
16,0.00010536,4.625e-05,0.43895285,Baghdad FIR
17,0.00010116,4.956e-05,0.48986647,Baghdad FIR
18,0.0001327,4.737e-05,0.35696552,Baghdad FIR
19,0.00018292,5.37e-05,0.29359541,Baghdad FIR
20,0.00016603,5.431e-05,0.32707108,Baghdad FIR
21,0.00010489,4.83e-05,0.46045119,Baghdad FIR
22,7.473e-05,2.68e-05,0.35860942,Baghdad FIR
23,6.692e-05,1.971e-05,0.2945396,Baghdad FIR
0,0.00014445,4.24e-05,0.29351342,Baghdad FIR
1,0.0003516,0.00010029,0.28524834,Baghdad FIR
2,0.00026202,5.427e-05,0.20710485,Baghdad FIR
3,0.00012619,5.65e-06,0.04474704,Baghdad FIR
4,5.284e-05,-2.21e-06,-0.04177551,Baghdad FIR
5,4.019e-05,-1.51e-06,-0.03757884,Baghdad FIR
6,1.064e-05,4.5e-07,0.0424214,Damascus FIR
7,2.014e-05,-1.56e-06,-0.07767232,Damascus FIR
8,3.169e-05,-7e-07,-0.02213241,Damascus FIR
9,2.555e-05,5.4e-07,0.02112712,Damascus FIR
10,1.471e-05,1.24e-06,0.08431477,Damascus FIR
11,1.719e-05,1.1e-06,0.0637655,Damascus FIR
12,1.994e-05,1.13e-06,0.05654886,Damascus FIR
13,2.752e-05,5.08e-06,0.1847406,Damascus FIR
14,3.426e-05,1.44e-05,0.4201807,Damascus FIR
15,2.393e-05,1.443e-05,0.60304962,Damascus FIR
16,2.101e-05,1.036e-05,0.49298312,Damascus FIR
17,1.962e-05,1.245e-05,0.63440285,Damascus FIR
18,2.301e-05,5.73e-06,0.24882233,Damascus FIR
19,2.759e-05,6.98e-06,0.25293917,Damascus FIR
20,1.827e-05,7.98e-06,0.43707435,Damascus FIR
21,1.738e-05,6.51e-06,0.37427077,Damascus FIR
22,1.184e-05,6.72e-06,0.56748186,Damascus FIR
23,9.19e-06,4.79e-06,0.5213673,Damascus FIR
0,1.69e-05,5.3e-06,0.31358855,Damascus FIR
1,2.538e-05,5.22e-06,0.20587439,Damascus FIR
2,3.578e-05,6.75e-06,0.18874875,Damascus FIR
3,1.449e-05,1.94e-06,0.13367024,Damascus FIR
4,8.01e-06,-1.1e-07,-0.01407493,Damascus FIR
5,6.68e-06,-3.5e-07,-0.05250929,Damascus FIR
6,1.161e-05,-2.4e-07,-0.02086977,Sanaa FIR
7,2.427e-05,-1.3e-06,-0.05370087,Sanaa FIR
8,4.148e-05,-1.58e-06,-0.0380467,Sanaa FIR
9,4.493e-05,-1.4e-06,-0.03106256,Sanaa FIR
10,2.582e-05,5e-07,0.01930205,Sanaa FIR
11,1.334e-05,2.58e-06,0.19348546,Sanaa FIR
12,1.131e-05,1.93e-06,0.17025268,Sanaa FIR
13,1.737e-05,9.33e-06,0.53706179,Sanaa FIR
14,1.824e-05,1.157e-05,0.63434977,Sanaa FIR
15,2.657e-05,1.976e-05,0.74345207,Sanaa FIR
16,1.816e-05,2.164e-05,1.19191643,Sanaa FIR
17,2.283e-05,2.959e-05,1.29610798,Sanaa FIR
18,4.095e-05,9.563e-05,2.33543672,Sanaa FIR
19,2.735e-05,4.141e-05,1.51433117,Sanaa FIR
20,1.775e-05,1.688e-05,0.95119231,Sanaa FIR
21,1.576e-05,2.755e-05,1.74877342,Sanaa FIR
22,2.476e-05,2.463e-05,0.99499042,Sanaa FIR
23,4.436e-05,6.161e-05,1.38891971,Sanaa FIR
0,4.975e-05,7.463e-05,1.50001585,Sanaa FIR
1,4.941e-05,5.276e-05,1.06779402,Sanaa FIR
2,4.538e-05,2.53e-05,0.55741904,Sanaa FIR
3,4.171e-05,3.62e-06,0.08672899,Sanaa FIR
4,1.852e-05,-1.15e-06,-0.0620173,Sanaa FIR
5,9.52e-06,-3.8e-07,-0.04037875,Sanaa FIR
6,0.0001924,0.0006767,3.51720895,Alaska FIR
7,0.00019444,0.00078843,4.05481427,Alaska FIR
8,0.00018465,0.00086087,4.66210972,Alaska FIR
9,0.00017989,0.00090368,5.0234544,Alaska FIR
10,0.00017888,0.0008207,4.58799554,Alaska FIR
11,0.0002283,0.0009975,4.36928515,Alaska FIR
12,0.00029246,0.00114536,3.9163014,Alaska FIR
13,0.00034532,0.00117128,3.39182712,Alaska FIR
14,0.00036617,0.00094982,2.59394691,Alaska FIR
15,0.00038015,0.0007283,1.9158181,Alaska FIR
16,0.00033716,0.00046419,1.37677941,Alaska FIR
17,0.00027864,0.00027842,0.9991999,Alaska FIR
18,0.00023426,0.00015171,0.64763609,Alaska FIR
19,0.0002183,9.609e-05,0.44016906,Alaska FIR
20,0.00023056,9.381e-05,0.40685834,Alaska FIR
21,0.0002569,9.214e-05,0.35864915,Alaska FIR
22,0.00027539,0.00012013,0.43621424,Alaska FIR
23,0.00032829,0.00020079,0.61162089,Alaska FIR
0,0.00038189,0.00035532,0.93043483,Alaska FIR
1,0.00038459,0.00043963,1.14313323,Alaska FIR
2,0.00034122,0.0004327,1.26810517,Alaska FIR
3,0.00029147,0.00039838,1.36682286,Alaska FIR
4,0.00022604,0.00040717,1.80135223,Alaska FIR
5,0.00018894,0.00049484,2.61907266,Alaska FIR
6,0.00035669,-2.305e-05,-0.06462453,Taipei FIR
7,0.00035148,4.76e-06,0.01355239,Taipei FIR
8,0.00033138,2.896e-05,0.08739927,Taipei FIR
9,0.000315,8.998e-05,0.28566039,Taipei FIR
10,0.00035361,0.00016612,0.46977668,Taipei FIR
11,0.00033765,0.00017781,0.52659664,Taipei FIR
12,0.00033245,0.00018819,0.5660632,Taipei FIR
13,0.00034252,0.00019337,0.56455601,Taipei FIR
14,0.00032559,0.00016207,0.49777965,Taipei FIR
15,0.00025575,8.796e-05,0.34392944,Taipei FIR
16,0.00022408,9.84e-05,0.43912497,Taipei FIR
17,0.00018335,7.008e-05,0.38222224,Taipei FIR
18,0.00015694,0.00011437,0.72871555,Taipei FIR
19,0.00022126,0.0001471,0.66483479,Taipei FIR
20,0.00028641,0.00010516,0.36716652,Taipei FIR
21,0.00026101,4.826e-05,0.18488928,Taipei FIR
22,0.0002033,-8.53e-06,-0.04194973,Taipei FIR
23,0.00014482,-1.839e-05,-0.12697846,Taipei FIR
0,0.00019612,-1.341e-05,-0.0683656,Taipei FIR
1,0.00025354,-1.773e-05,-0.06992434,Taipei FIR
2,0.00027939,-2.607e-05,-0.09331474,Taipei FIR
3,0.00033178,-2.694e-05,-0.08118999,Taipei FIR
4,0.00036312,-4.385e-05,-0.12074594,Taipei FIR
5,0.00039011,-3.01e-05,-0.07714517,Taipei FIR
6,0.0018139,0.00012266,0.06762319,Fukuoka FIR
7,0.00180162,0.00049442,0.27442952,Fukuoka FIR
8,0.00173525,0.00097208,0.56019544,Fukuoka FIR
9,0.00173299,0.00143712,0.8292712,Fukuoka FIR
10,0.0017176,0.00148084,0.86215252,Fukuoka FIR
11,0.00167176,0.00141171,0.84444875,Fukuoka FIR
12,0.00161961,0.00123648,0.76344322,Fukuoka FIR
13,0.00126193,0.00097692,0.77414616,Fukuoka FIR
14,0.00094579,0.00087686,0.92711569,Fukuoka FIR
15,0.00078085,0.00081887,1.04868492,Fukuoka FIR
16,0.00065467,0.00081874,1.25062382,Fukuoka FIR
17,0.00062166,0.00083585,1.34455341,Fukuoka FIR
18,0.00061874,0.00061227,0.98954309,Fukuoka FIR
19,0.00062021,0.00037141,0.5988496,Fukuoka FIR
20,0.00065238,0.00018389,0.28187858,Fukuoka FIR
21,0.00067322,-8.84e-06,-0.0131239,Fukuoka FIR
22,0.00058022,-6.576e-05,-0.11333491,Fukuoka FIR
23,0.00075469,-7.845e-05,-0.10394772,Fukuoka FIR
0,0.00103812,-0.00011243,-0.10829949,Fukuoka FIR
1,0.00116794,-0.00011924,-0.10209388,Fukuoka FIR
2,0.00143212,-0.00016876,-0.1178374,Fukuoka FIR
3,0.00176919,-0.00022729,-0.12846969,Fukuoka FIR
4,0.00203255,-0.00019585,-0.09635832,Fukuoka FIR
5,0.00202972,-6.268e-05,-0.03088259,Fukuoka FIR
6,0.00035166,-3.408e-05,-0.09690628,Incheon FIR
7,0.00037523,8.21e-06,0.021875,Incheon FIR
8,0.00040804,7.064e-05,0.1731226,Incheon FIR
9,0.00036429,0.00011677,0.32055133,Incheon FIR
10,0.00035538,0.00015072,0.42410295,Incheon FIR
11,0.00041127,0.00018823,0.45767713,Incheon FIR
12,0.00039928,0.00021418,0.5364196,Incheon FIR
13,0.00036908,0.00020375,0.55205012,Incheon FIR
14,0.00028592,0.00017393,0.60831901,Incheon FIR
15,0.00020839,0.00016,0.76778448,Incheon FIR
16,0.00013075,0.00012025,0.91965717,Incheon FIR
17,6.263e-05,5.654e-05,0.9026738,Incheon FIR
18,7.58e-05,5.932e-05,0.78263217,Incheon FIR
19,0.00011443,6.734e-05,0.58846111,Incheon FIR
20,0.00018124,5.335e-05,0.29437575,Incheon FIR
21,0.00021816,9.48e-06,0.04345111,Incheon FIR
22,0.00023783,-1.454e-05,-0.06112073,Incheon FIR
23,0.00028879,-3.069e-05,-0.10626227,Incheon FIR
0,0.00032004,-4.938e-05,-0.15430936,Incheon FIR
1,0.00032299,-7.694e-05,-0.23821149,Incheon FIR
2,0.00039827,-0.0001059,-0.26588841,Incheon FIR
3,0.00039709,-8.855e-05,-0.22299602,Incheon FIR
4,0.0003636,-7.499e-05,-0.20624113,Incheon FIR
5,0.00033939,-5.687e-05,-0.16756989,Incheon FIR
6,0.00040354,-0.00018549,-0.45965779,Manila FIR
7,0.00041565,-0.00011738,-0.28240718,Manila FIR
8,0.00042246,0.00013285,0.31445553,Manila FIR
9,0.00039479,0.00033215,0.84134066,Manila FIR
10,0.00038588,0.00043929,1.13842495,Manila FIR
11,0.00035422,0.00056847,1.6048193,Manila FIR
12,0.000368,0.00058884,1.60009915,Manila FIR
13,0.00043463,0.00059961,1.37959435,Manila FIR
14,0.00043871,0.00063078,1.43780201,Manila FIR
15,0.00039522,0.00045919,1.16186118,Manila FIR
16,0.00037291,0.00031006,0.83145582,Manila FIR
17,0.00037956,0.00041102,1.08289199,Manila FIR
18,0.00039367,0.00058753,1.49245507,Manila FIR
19,0.00043427,0.0007935,1.82722211,Manila FIR
20,0.00038663,0.00059129,1.52933922,Manila FIR
21,0.00037489,0.00026032,0.69439784,Manila FIR
22,0.00026859,-1.091e-05,-0.04061154,Manila FIR
23,0.00020062,-4.625e-05,-0.23054554,Manila FIR
0,0.00022756,-4.455e-05,-0.19578394,Manila FIR
1,0.00025397,-5.267e-05,-0.20740487,Manila FIR
2,0.00030125,-8.788e-05,-0.2917149,Manila FIR
3,0.00035623,-0.0001343,-0.37699781,Manila FIR
4,0.00041894,-0.00019113,-0.45623418,Manila FIR
5,0.00040341,-0.00019392,-0.48070305,Manila FIR
6,3.315e-05,2.882e-05,0.8693486,Cordoba FIR
7,2.737e-05,2.859e-05,1.04432194,Cordoba FIR
8,2.594e-05,2.576e-05,0.99270745,Cordoba FIR
9,3.977e-05,2.824e-05,0.71010465,Cordoba FIR
10,4.211e-05,1.792e-05,0.42556619,Cordoba FIR
11,4.11e-05,6.87e-06,0.16725113,Cordoba FIR
12,4.217e-05,-4.93e-06,-0.11688781,Cordoba FIR
13,4.752e-05,3.28e-06,0.06898966,Cordoba FIR
14,3.291e-05,4.66e-06,0.14172544,Cordoba FIR
15,2.37e-05,3.84e-06,0.16189441,Cordoba FIR
16,3.476e-05,5.39e-06,0.15509263,Cordoba FIR
17,3.381e-05,3.99e-06,0.11800766,Cordoba FIR
18,2.593e-05,5.4e-06,0.20840649,Cordoba FIR
19,2.9e-05,1.144e-05,0.39428767,Cordoba FIR
20,2.848e-05,2.022e-05,0.71010474,Cordoba FIR
21,3.822e-05,3.278e-05,0.85756931,Cordoba FIR
22,3.802e-05,4.255e-05,1.11921868,Cordoba FIR
23,3.555e-05,3.622e-05,1.01888414,Cordoba FIR
0,4.661e-05,5.422e-05,1.16335421,Cordoba FIR
1,4.073e-05,4.737e-05,1.16301547,Cordoba FIR
2,3.458e-05,3.971e-05,1.14825805,Cordoba FIR
3,3.068e-05,2.893e-05,0.94319328,Cordoba FIR
4,2.349e-05,3.736e-05,1.59091556,Cordoba FIR
5,2.181e-05,2.434e-05,1.11598453,Cordoba FIR
6,7.22e-06,6.16e-06,0.85280832,Ezeiza FIR
7,1.246e-05,1.007e-05,0.80844214,Ezeiza FIR
8,2.051e-05,1.085e-05,0.52881098,Ezeiza FIR
9,3.518e-05,1.284e-05,0.36497766,Ezeiza FIR
10,4.29e-05,6.02e-06,0.14041552,Ezeiza FIR
11,5.413e-05,-8.65e-06,-0.15980809,Ezeiza FIR
12,6.084e-05,-2.338e-05,-0.38430514,Ezeiza FIR
13,5.812e-05,-1.754e-05,-0.30187564,Ezeiza FIR
14,6.262e-05,-1.778e-05,-0.28392354,Ezeiza FIR
15,5.598e-05,-2.488e-05,-0.44450583,Ezeiza FIR
16,6.602e-05,-1.402e-05,-0.21240566,Ezeiza FIR
17,6.514e-05,-1.144e-05,-0.17563546,Ezeiza FIR
18,5.573e-05,-3.74e-06,-0.06707541,Ezeiza FIR
19,6.504e-05,1.685e-05,0.2589827,Ezeiza FIR
20,6.604e-05,4.761e-05,0.72097398,Ezeiza FIR
21,5.412e-05,5.299e-05,0.97905968,Ezeiza FIR
22,5.945e-05,7.185e-05,1.20857893,Ezeiza FIR
23,5.834e-05,7.167e-05,1.22842231,Ezeiza FIR
0,6.485e-05,8.577e-05,1.32256988,Ezeiza FIR
1,6.893e-05,7.726e-05,1.12080097,Ezeiza FIR
2,5.221e-05,6.407e-05,1.22710073,Ezeiza FIR
3,3.866e-05,4.324e-05,1.11847385,Ezeiza FIR
4,2.658e-05,2.991e-05,1.12521299,Ezeiza FIR
5,1.555e-05,1.764e-05,1.13431645,Ezeiza FIR
6,5.56e-06,5.11e-06,0.91939151,Mendoza FIR
7,2.6e-06,2.41e-06,0.92549681,Mendoza FIR
8,4.2e-06,3.86e-06,0.91876592,Mendoza FIR
9,6.08e-06,3.42e-06,0.56341808,Mendoza FIR
10,5.75e-06,9.2e-07,0.16008269,Mendoza FIR
11,1.623e-05,-1.68e-06,-0.10354058,Mendoza FIR
12,2.045e-05,-3.02e-06,-0.14775432,Mendoza FIR
13,1.889e-05,-2.73e-06,-0.1447041,Mendoza FIR
14,1.448e-05,-2.94e-06,-0.20313203,Mendoza FIR
15,1.134e-05,-1e-06,-0.08844242,Mendoza FIR
16,1.734e-05,-2.48e-06,-0.1433058,Mendoza FIR
17,2.12e-05,3.5e-07,0.01670871,Mendoza FIR
18,1.388e-05,-7.5e-07,-0.05390375,Mendoza FIR
19,1.395e-05,1.89e-06,0.1355155,Mendoza FIR
20,1.579e-05,6.39e-06,0.40480354,Mendoza FIR
21,1.548e-05,1.308e-05,0.84511548,Mendoza FIR
22,1.372e-05,1.669e-05,1.21632572,Mendoza FIR
23,1.657e-05,1.961e-05,1.18379518,Mendoza FIR
0,1.925e-05,1.728e-05,0.89777091,Mendoza FIR
1,1.572e-05,1.571e-05,0.99977449,Mendoza FIR
2,1.377e-05,1.119e-05,0.81296644,Mendoza FIR
3,9.76e-06,9.66e-06,0.98955025,Mendoza FIR
4,6.31e-06,6.03e-06,0.95509984,Mendoza FIR
5,6.88e-06,5e-06,0.72694552,Mendoza FIR
6,9.54e-06,8.85e-06,0.92803567,Resistencia FIR
7,9.58e-06,1.034e-05,1.07921527,Resistencia FIR
8,8.34e-06,7.7e-06,0.92344928,Resistencia FIR
9,1.102e-05,5.59e-06,0.50717264,Resistencia FIR
10,1.338e-05,4.76e-06,0.35568731,Resistencia FIR
11,1.253e-05,4e-08,0.0034577,Resistencia FIR
12,1.5e-05,-2.37e-06,-0.15785371,Resistencia FIR
13,1.662e-05,-2.4e-07,-0.0146555,Resistencia FIR
14,1.354e-05,1.05e-06,0.07734302,Resistencia FIR
15,1.188e-05,7.4e-07,0.06205089,Resistencia FIR
16,1.674e-05,9.9e-07,0.05902432,Resistencia FIR
17,1.497e-05,2.43e-06,0.16235356,Resistencia FIR
18,1.559e-05,1.91e-06,0.12240786,Resistencia FIR
19,1.526e-05,4.88e-06,0.31980788,Resistencia FIR
20,1.371e-05,1.205e-05,0.87844303,Resistencia FIR
21,1.59e-05,2.237e-05,1.40714092,Resistencia FIR
22,1.647e-05,2.56e-05,1.55458148,Resistencia FIR
23,1.188e-05,2.265e-05,1.90736306,Resistencia FIR
0,1.671e-05,3.068e-05,1.83601818,Resistencia FIR
1,1.422e-05,1.749e-05,1.23004404,Resistencia FIR
2,1.729e-05,2.74e-05,1.58467121,Resistencia FIR
3,1.16e-05,2.417e-05,2.08460238,Resistencia FIR
4,1.435e-05,2.472e-05,1.72229387,Resistencia FIR
5,8.7e-06,1.53e-05,1.75881763,Resistencia FIR
6,3.18e-06,1.037e-05,3.2596057,Comodoro Rivadavia FIR
7,6.85e-06,1.408e-05,2.05717993,Comodoro Rivadavia FIR
8,4.29e-06,3.04e-06,0.70932502,Comodoro Rivadavia FIR
9,5.39e-06,-1.97e-06,-0.36513005,Comodoro Rivadavia FIR
10,1.721e-05,-7.66e-06,-0.4449538,Comodoro Rivadavia FIR
11,1.43e-05,-1.194e-05,-0.83483837,Comodoro Rivadavia FIR
12,1.023e-05,-9.33e-06,-0.91195747,Comodoro Rivadavia FIR
13,1.375e-05,-1.337e-05,-0.97245679,Comodoro Rivadavia FIR
14,1.425e-05,-1.32e-05,-0.92644331,Comodoro Rivadavia FIR
15,1.108e-05,-1.047e-05,-0.94505846,Comodoro Rivadavia FIR
16,1.236e-05,-9.07e-06,-0.73381774,Comodoro Rivadavia FIR
17,1.502e-05,-8.06e-06,-0.53653907,Comodoro Rivadavia FIR
18,1.628e-05,-7.57e-06,-0.46479685,Comodoro Rivadavia FIR
19,1.463e-05,-4.21e-06,-0.28761748,Comodoro Rivadavia FIR
20,1.221e-05,8.05e-06,0.65917261,Comodoro Rivadavia FIR
21,1.225e-05,2.604e-05,2.1259237,Comodoro Rivadavia FIR
22,1.177e-05,2.27e-05,1.92892894,Comodoro Rivadavia FIR
23,7.06e-06,1.793e-05,2.54015251,Comodoro Rivadavia FIR
0,1.153e-05,3.687e-05,3.19856237,Comodoro Rivadavia FIR
1,1.023e-05,2.816e-05,2.75387578,Comodoro Rivadavia FIR
2,5.26e-06,1.281e-05,2.43592857,Comodoro Rivadavia FIR
3,3.84e-06,1.5e-05,3.90893428,Comodoro Rivadavia FIR
4,5.53e-06,2.016e-05,3.64849271,Comodoro Rivadavia FIR
5,7.24e-06,2.347e-05,3.2399505,Comodoro Rivadavia FIR
6,0.00012524,0.00022309,1.78136105,Atlantico FIR
7,8.535e-05,9.839e-05,1.15275194,Atlantico FIR
8,4.91e-05,1.874e-05,0.38170973,Atlantico FIR
9,3.41e-05,-4.69e-06,-0.13759886,Atlantico FIR
10,2.364e-05,-3.7e-06,-0.15658493,Atlantico FIR
11,1.208e-05,-1.32e-06,-0.10912348,Atlantico FIR
12,5.78e-06,-6.3e-07,-0.10958877,Atlantico FIR
13,8.34e-06,-2.33e-06,-0.2790627,Atlantico FIR
14,1.548e-05,-2.92e-06,-0.18844114,Atlantico FIR
15,3.151e-05,2.22e-06,0.0704231,Atlantico FIR
16,4.666e-05,9.32e-06,0.1997329,Atlantico FIR
17,6.733e-05,5.35e-06,0.07946033,Atlantico FIR
18,6.406e-05,3.135e-05,0.48936243,Atlantico FIR
19,4.424e-05,6.796e-05,1.53627606,Atlantico FIR
20,4.399e-05,8.862e-05,2.01479127,Atlantico FIR
21,5.097e-05,8.298e-05,1.62808362,Atlantico FIR
22,7.154e-05,0.00012242,1.71106938,Atlantico FIR
23,8.416e-05,0.00020719,2.46198883,Atlantico FIR
0,6.696e-05,0.00017037,2.54428125,Atlantico FIR
1,5.731e-05,0.00011667,2.0356093,Atlantico FIR
2,5.58e-05,9.363e-05,1.67801682,Atlantico FIR
3,5.284e-05,0.00010359,1.96027981,Atlantico FIR
4,7.128e-05,0.0001463,2.05249291,Atlantico FIR
5,0.00012543,0.00021822,1.73969711,Atlantico FIR
6,0.00022924,0.00063656,2.77680169,Amazonica FIR
7,0.00021968,0.00062889,2.86276354,Amazonica FIR
8,0.00020662,0.00044998,2.17774642,Amazonica FIR
9,0.00022058,0.00040978,1.85770656,Amazonica FIR
10,0.00015083,0.00010797,0.71586474,Amazonica FIR
11,8.889e-05,7.2e-07,0.00806095,Amazonica FIR
12,7.376e-05,-2.81e-06,-0.0380315,Amazonica FIR
13,7.276e-05,-1.13e-06,-0.01559494,Amazonica FIR
14,7.446e-05,-8.28e-06,-0.11118602,Amazonica FIR
15,0.00010697,-3.016e-05,-0.28191784,Amazonica FIR
16,0.00010435,-2.544e-05,-0.24384266,Amazonica FIR
17,9.624e-05,-2.221e-05,-0.23081148,Amazonica FIR
18,0.00010974,-2.279e-05,-0.20767672,Amazonica FIR
19,0.00011478,1.338e-05,0.11654664,Amazonica FIR
20,0.00011183,7.881e-05,0.70471079,Amazonica FIR
21,0.00010345,0.00017425,1.68429648,Amazonica FIR
22,9.02e-05,0.00023035,2.55379347,Amazonica FIR
23,6.939e-05,0.00022192,3.19791132,Amazonica FIR
0,9.315e-05,0.00022307,2.39481349,Amazonica FIR
1,8.517e-05,0.00026137,3.06885764,Amazonica FIR
2,8.869e-05,0.00031205,3.51839743,Amazonica FIR
3,0.00013065,0.00037624,2.87965712,Amazonica FIR
4,0.00020389,0.00052268,2.56348237,Amazonica FIR
5,0.00022792,0.00062738,2.75257194,Amazonica FIR
6,6.624e-05,0.00010999,1.66033774,Brasilia FIR
7,0.00010876,0.00015191,1.39684325,Brasilia FIR
8,0.0002035,0.00019037,0.93549707,Brasilia FIR
9,0.00021435,5.863e-05,0.27353818,Brasilia FIR
10,0.00021244,-2.078e-05,-0.09780079,Brasilia FIR
11,0.00024322,-1.479e-05,-0.06081838,Brasilia FIR
12,0.0002256,1.13e-06,0.00500655,Brasilia FIR
13,0.00022356,1.214e-05,0.05431575,Brasilia FIR
14,0.00024751,1.92e-05,0.07758635,Brasilia FIR
15,0.00018826,1.279e-05,0.06794393,Brasilia FIR
16,0.00018164,8.31e-06,0.04574198,Brasilia FIR
17,0.00017266,3.3e-06,0.01913309,Brasilia FIR
18,0.00018996,1.403e-05,0.07387097,Brasilia FIR
19,0.00021254,4.82e-05,0.22680633,Brasilia FIR
20,0.00021159,0.00012346,0.58346852,Brasilia FIR
21,0.0001997,0.00018779,0.94037568,Brasilia FIR
22,0.00021621,0.00019754,0.91365356,Brasilia FIR
23,0.00023112,0.00019684,0.85170307,Brasilia FIR
0,0.00019894,0.00019268,0.96851653,Brasilia FIR
1,0.0002168,0.00019999,0.92244663,Brasilia FIR
2,0.00023411,0.00023474,1.00268544,Brasilia FIR
3,0.00023151,0.00022234,0.96042504,Brasilia FIR
4,0.00018309,0.00019909,1.08737233,Brasilia FIR
5,8.909e-05,0.00016545,1.8572303,Brasilia FIR
6,4.827e-05,7.215e-05,1.49477074,Curitiba FIR
7,4.777e-05,5.838e-05,1.22218943,Curitiba FIR
8,8.351e-05,4.575e-05,0.54786528,Curitiba FIR
9,0.00013307,2.687e-05,0.20194077,Curitiba FIR
10,0.00022653,-4.38e-06,-0.01932714,Curitiba FIR
11,0.00023519,-1.006e-05,-0.04279572,Curitiba FIR
12,0.00023169,-7.46e-06,-0.03218981,Curitiba FIR
13,0.00020668,-1.29e-06,-0.00626407,Curitiba FIR
14,0.00023577,5.23e-06,0.02219033,Curitiba FIR
15,0.00023609,2.52e-06,0.01068329,Curitiba FIR
16,0.00022921,1.2e-07,0.00050285,Curitiba FIR
17,0.00021205,-6.27e-06,-0.02955477,Curitiba FIR
18,0.00023779,9.94e-06,0.04181814,Curitiba FIR
19,0.00025608,5.355e-05,0.20913072,Curitiba FIR
20,0.00024224,0.00012552,0.51814436,Curitiba FIR
21,0.00025097,0.00017995,0.71701252,Curitiba FIR
22,0.00025772,0.0001977,0.76712221,Curitiba FIR
23,0.00026906,0.00022447,0.8342813,Curitiba FIR
0,0.00022852,0.00017223,0.75366397,Curitiba FIR
1,0.00021116,0.00014564,0.68974605,Curitiba FIR
2,0.00017504,0.00015508,0.88594861,Curitiba FIR
3,0.00013243,0.00013364,1.00918914,Curitiba FIR
4,9.415e-05,9.473e-05,1.00620894,Curitiba FIR
5,5.851e-05,6.852e-05,1.17101083,Curitiba FIR
6,0.00019887,0.00020287,1.02009325,Recife FIR
7,0.00024049,0.00027951,1.16226632,Recife FIR
8,0.00021146,0.00014796,0.69970844,Recife FIR
9,0.00012059,1.373e-05,0.11389403,Recife FIR
10,9.856e-05,-2.2e-07,-0.00223159,Recife FIR
11,0.00010517,3.99e-06,0.0379384,Recife FIR
12,8.092e-05,1.099e-05,0.13577449,Recife FIR
13,0.0001281,1.818e-05,0.14188988,Recife FIR
14,0.00017925,3.084e-05,0.172051,Recife FIR
15,0.00017912,3.843e-05,0.21455867,Recife FIR
16,0.0001746,3.2e-05,0.1832851,Recife FIR
17,0.00019686,2.091e-05,0.10620615,Recife FIR
18,0.00024071,5.486e-05,0.22789055,Recife FIR
19,0.00025882,0.00015114,0.58396386,Recife FIR
20,0.00026299,0.00023739,0.9026628,Recife FIR
21,0.00024204,0.00025929,1.07128957,Recife FIR
22,0.00023289,0.00025607,1.09954343,Recife FIR
23,0.00018294,0.0002133,1.16597749,Recife FIR
0,0.00017002,0.00018855,1.10903215,Recife FIR
1,0.00015014,0.00014296,0.95212364,Recife FIR
2,0.00014933,0.0001827,1.22346412,Recife FIR
3,0.00019285,0.00025898,1.34290998,Recife FIR
4,0.00020436,0.00026457,1.29463302,Recife FIR
5,0.0001893,0.00021309,1.12565325,Recife FIR
6,1.87e-06,6.77e-06,3.61733922,Punta Arenas FIR
7,2.6e-06,1.381e-05,5.30542436,Punta Arenas FIR
8,4.02e-06,2.434e-05,6.05214882,Punta Arenas FIR
9,2.95e-06,1.124e-05,3.81202725,Punta Arenas FIR
10,1.78e-06,1.8e-07,0.09998941,Punta Arenas FIR
11,4.26e-06,-1.42e-06,-0.33348902,Punta Arenas FIR
12,5.51e-06,-2.74e-06,-0.49689497,Punta Arenas FIR
13,6.67e-06,-7.4e-07,-0.11048987,Punta Arenas FIR
14,6.71e-06,-1.72e-06,-0.25639675,Punta Arenas FIR
15,4.37e-06,-1.18e-06,-0.2702382,Punta Arenas FIR
16,3.87e-06,4.5e-07,0.11729836,Punta Arenas FIR
17,4.35e-06,6.5e-07,0.14927535,Punta Arenas FIR
18,3.63e-06,1.26e-06,0.34673984,Punta Arenas FIR
19,2.41e-06,1.91e-06,0.79129866,Punta Arenas FIR
20,3.55e-06,2.2e-07,0.06106715,Punta Arenas FIR
21,4.44e-06,9.75e-06,2.19498075,Punta Arenas FIR
22,4.95e-06,1.671e-05,3.37457079,Punta Arenas FIR
23,4.33e-06,1.592e-05,3.67465856,Punta Arenas FIR
0,2.81e-06,9.62e-06,3.42349326,Punta Arenas FIR
1,2.82e-06,9.19e-06,3.26305472,Punta Arenas FIR
2,1.86e-06,5.52e-06,2.96884834,Punta Arenas FIR
3,1.38e-06,4.13e-06,2.99457586,Punta Arenas FIR
4,1.97e-06,3.96e-06,2.01459813,Punta Arenas FIR
5,1.88e-06,6.36e-06,3.38095518,Punta Arenas FIR
6,2.699e-05,1.64e-05,0.60749891,Santiago FIR
7,1.635e-05,4.76e-06,0.29139557,Santiago FIR
8,1.746e-05,5.86e-06,0.33546829,Santiago FIR
9,3.883e-05,6.34e-06,0.16318853,Santiago FIR
10,5.409e-05,7.78e-06,0.14386584,Santiago FIR
11,5.259e-05,-1.06e-06,-0.02022291,Santiago FIR
12,5.483e-05,-6.36e-06,-0.11591124,Santiago FIR
13,4.995e-05,-6.19e-06,-0.12395917,Santiago FIR
14,5.055e-05,-4.76e-06,-0.09418025,Santiago FIR
15,5.759e-05,-2.82e-06,-0.04899726,Santiago FIR
16,6.886e-05,-5.01e-06,-0.07279453,Santiago FIR
17,6.645e-05,-2.17e-06,-0.03268569,Santiago FIR
18,5.674e-05,-3.8e-07,-0.00674781,Santiago FIR
19,6.166e-05,1.94e-06,0.0314452,Santiago FIR
20,6.749e-05,2.6e-06,0.03847453,Santiago FIR
21,6.467e-05,6.65e-06,0.10278987,Santiago FIR
22,5.935e-05,1.399e-05,0.23564166,Santiago FIR
23,6.112e-05,1.743e-05,0.2851953,Santiago FIR
0,6.156e-05,2.281e-05,0.3705958,Santiago FIR
1,5.58e-05,2.684e-05,0.48099603,Santiago FIR
2,5.981e-05,2.223e-05,0.37162714,Santiago FIR
3,6.031e-05,2.256e-05,0.37403126,Santiago FIR
4,4.235e-05,1.841e-05,0.43467512,Santiago FIR
5,2.282e-05,1.058e-05,0.46364831,Santiago FIR
6,5.025e-05,3.15e-05,0.62698519,Antofagasta FIR
7,5.71e-05,4.384e-05,0.76769567,Antofagasta FIR
8,6.065e-05,3.781e-05,0.62351528,Antofagasta FIR
9,4.991e-05,2.477e-05,0.49624023,Antofagasta FIR
10,5.768e-05,1.088e-05,0.18869271,Antofagasta FIR
11,8.182e-05,8.01e-06,0.09793771,Antofagasta FIR
12,7.235e-05,-1.7e-06,-0.02354128,Antofagasta FIR
13,5.553e-05,-7.4e-07,-0.01335985,Antofagasta FIR
14,5.7e-05,6.6e-07,0.0115845,Antofagasta FIR
15,4.756e-05,2.05e-06,0.04311374,Antofagasta FIR
16,4.453e-05,1.09e-06,0.02442413,Antofagasta FIR
17,4.515e-05,6.9e-07,0.01531809,Antofagasta FIR
18,3.465e-05,-2.6e-07,-0.00751098,Antofagasta FIR
19,3.836e-05,-3.9e-07,-0.01020343,Antofagasta FIR
20,6.234e-05,3.27e-06,0.05240274,Antofagasta FIR
21,5.872e-05,8.17e-06,0.1390873,Antofagasta FIR
22,4.998e-05,1.925e-05,0.38504184,Antofagasta FIR
23,5.561e-05,1.774e-05,0.31905375,Antofagasta FIR
0,4.879e-05,8.24e-06,0.16888332,Antofagasta FIR
1,5.844e-05,2.177e-05,0.3724968,Antofagasta FIR
2,7.798e-05,4.895e-05,0.62771142,Antofagasta FIR
3,6.036e-05,2.31e-05,0.38271457,Antofagasta FIR
4,5.003e-05,1.687e-05,0.33729991,Antofagasta FIR
5,6.564e-05,4.369e-05,0.66559588,Antofagasta FIR
6,4.6e-07,2.8e-07,0.61200014,Isla De Pascua FIR
7,1.24e-06,4e-06,3.21710829,Isla De Pascua FIR
8,3.59e-06,2.696e-05,7.51870573,Isla De Pascua FIR
9,6.74e-06,4.164e-05,6.17723413,Isla De Pascua FIR
10,8.9e-06,5.605e-05,6.30102548,Isla De Pascua FIR
11,8.76e-06,3.993e-05,4.55983673,Isla De Pascua FIR
12,6.27e-06,2.005e-05,3.19602632,Isla De Pascua FIR
13,6.22e-06,1.193e-05,1.91899029,Isla De Pascua FIR
14,6.29e-06,5.64e-06,0.89592781,Isla De Pascua FIR
15,4.42e-06,1.89e-06,0.427976,Isla De Pascua FIR
16,4e-06,1.77e-06,0.44108474,Isla De Pascua FIR
17,4.57e-06,1.35e-06,0.29613025,Isla De Pascua FIR
18,3.69e-06,2.34e-06,0.63396241,Isla De Pascua FIR
19,2.82e-06,1.72e-06,0.61175037,Isla De Pascua FIR
20,2.41e-06,2.79e-06,1.15824285,Isla De Pascua FIR
21,5.03e-06,7.99e-06,1.58902348,Isla De Pascua FIR
22,1.031e-05,2.689e-05,2.60906708,Isla De Pascua FIR
23,1.052e-05,3.908e-05,3.71617225,Isla De Pascua FIR
0,6.4e-06,2.921e-05,4.56240977,Isla De Pascua FIR
1,3.81e-06,2.04e-05,5.34917929,Isla De Pascua FIR
2,2.85e-06,1.48e-05,5.19581592,Isla De Pascua FIR
3,1.4e-06,5.85e-06,4.18040204,Isla De Pascua FIR
4,7.3e-07,3.14e-06,4.27286401,Isla De Pascua FIR
5,5.4e-07,1.63e-06,3.04431651,Isla De Pascua FIR
6,4.5e-06,1.909e-05,4.2380962,Puerto Montt FIR
7,6.39e-06,3.06e-05,4.78879715,Puerto Montt FIR
8,4.79e-06,1.931e-05,4.02804013,Puerto Montt FIR
9,4.11e-06,2.96e-06,0.71943122,Puerto Montt FIR
10,7.02e-06,5.06e-06,0.72063297,Puerto Montt FIR
11,8.03e-06,2e-07,0.0253598,Puerto Montt FIR
12,1.276e-05,-6.71e-06,-0.52544466,Puerto Montt FIR
13,1.402e-05,-4.95e-06,-0.35278238,Puerto Montt FIR
14,1.417e-05,-8.4e-06,-0.59263014,Puerto Montt FIR
15,1.65e-05,-4.54e-06,-0.27506611,Puerto Montt FIR
16,1.792e-05,-4.17e-06,-0.23263901,Puerto Montt FIR
17,1.98e-05,-1.164e-05,-0.58774637,Puerto Montt FIR
18,1.888e-05,-4.78e-06,-0.2533274,Puerto Montt FIR
19,1.76e-05,-2.88e-06,-0.16364338,Puerto Montt FIR
20,1.753e-05,3.99e-06,0.22737209,Puerto Montt FIR
21,1.603e-05,1.433e-05,0.89396231,Puerto Montt FIR
22,1.094e-05,1.589e-05,1.45271918,Puerto Montt FIR
23,6.91e-06,1.205e-05,1.74355608,Puerto Montt FIR
0,7.74e-06,1.003e-05,1.29685254,Puerto Montt FIR
1,9.86e-06,2.32e-05,2.35381507,Puerto Montt FIR
2,8.98e-06,2.118e-05,2.35876438,Puerto Montt FIR
3,6.56e-06,1.389e-05,2.11927866,Puerto Montt FIR
4,4.68e-06,1.292e-05,2.76174898,Puerto Montt FIR
5,3.01e-06,9.54e-06,3.17037584,Puerto Montt FIR
6,4.076e-05,4.71e-05,1.15564481,Guayaquil FIR/UIR
7,3.986e-05,4.597e-05,1.15332671,Guayaquil FIR/UIR
8,4.535e-05,4.253e-05,0.93770532,Guayaquil FIR/UIR
9,4.273e-05,3.702e-05,0.86632126,Guayaquil FIR/UIR
10,4.136e-05,3.743e-05,0.90499677,Guayaquil FIR/UIR
11,2.458e-05,1.145e-05,0.46585284,Guayaquil FIR/UIR
12,2.26e-05,4.52e-06,0.2002291,Guayaquil FIR/UIR
13,1.559e-05,-5.8e-07,-0.03729794,Guayaquil FIR/UIR
14,2.984e-05,1.23e-06,0.04126723,Guayaquil FIR/UIR
15,2.845e-05,-1.39e-06,-0.04900642,Guayaquil FIR/UIR
16,3.603e-05,-5.93e-06,-0.16460774,Guayaquil FIR/UIR
17,3.28e-05,-6.36e-06,-0.1937821,Guayaquil FIR/UIR
18,4.575e-05,-7.22e-06,-0.15781513,Guayaquil FIR/UIR
19,3.941e-05,-8.59e-06,-0.21804274,Guayaquil FIR/UIR
20,4.583e-05,-5.1e-06,-0.11131953,Guayaquil FIR/UIR
21,3.631e-05,3.75e-06,0.10316919,Guayaquil FIR/UIR
22,2.37e-05,1.487e-05,0.62732774,Guayaquil FIR/UIR
23,4.091e-05,3.036e-05,0.74218835,Guayaquil FIR/UIR
0,4.956e-05,4.861e-05,0.98097032,Guayaquil FIR/UIR
1,3.715e-05,3.545e-05,0.95419434,Guayaquil FIR/UIR
2,5.006e-05,3.545e-05,0.70816155,Guayaquil FIR/UIR
3,3.103e-05,2.234e-05,0.71993893,Guayaquil FIR/UIR
4,3.3e-05,3.429e-05,1.03921851,Guayaquil FIR/UIR
5,4.953e-05,5.825e-05,1.17606,Guayaquil FIR/UIR
6,1.389e-05,2.227e-05,1.60273771,Asuncion FIR/UIR
7,8.45e-06,5.34e-06,0.63157184,Asuncion FIR/UIR
8,7.31e-06,4.9e-06,0.67036988,Asuncion FIR/UIR
9,9.61e-06,5.41e-06,0.5624168,Asuncion FIR/UIR
10,1.376e-05,2.22e-06,0.16163148,Asuncion FIR/UIR
11,1.838e-05,-6.5e-07,-0.03548879,Asuncion FIR/UIR
12,1.325e-05,6.4e-07,0.04837845,Asuncion FIR/UIR
13,8.14e-06,1.24e-06,0.15184477,Asuncion FIR/UIR
14,6.15e-06,6.6e-07,0.10745769,Asuncion FIR/UIR
15,6e-06,1.22e-06,0.20250328,Asuncion FIR/UIR
16,7.56e-06,1.8e-07,0.02427364,Asuncion FIR/UIR
17,6.27e-06,7e-08,0.01043958,Asuncion FIR/UIR
18,7.44e-06,5e-08,0.0061981,Asuncion FIR/UIR
19,7.37e-06,3.48e-06,0.47189158,Asuncion FIR/UIR
20,5.65e-06,1.91e-06,0.33804017,Asuncion FIR/UIR
21,9.96e-06,8.59e-06,0.86237648,Asuncion FIR/UIR
22,1.113e-05,7.82e-06,0.70258664,Asuncion FIR/UIR
23,6.87e-06,8.15e-06,1.18712581,Asuncion FIR/UIR
0,8.83e-06,6.65e-06,0.7525496,Asuncion FIR/UIR
1,7.37e-06,3.72e-06,0.50548336,Asuncion FIR/UIR
2,8.99e-06,9.29e-06,1.03368006,Asuncion FIR/UIR
3,9.05e-06,8.71e-06,0.96147516,Asuncion FIR/UIR
4,5.95e-06,3.88e-06,0.65106647,Asuncion FIR/UIR
5,7.11e-06,8.67e-06,1.21915887,Asuncion FIR/UIR
6,4.507e-05,0.00010658,2.36478058,Barranquilla FIR
7,3.641e-05,0.00010624,2.91789909,Barranquilla FIR
8,2.904e-05,0.00010549,3.63217858,Barranquilla FIR
9,3.41e-05,9.614e-05,2.81920493,Barranquilla FIR
10,2.683e-05,3.779e-05,1.40843064,Barranquilla FIR
11,1.437e-05,-1.2e-06,-0.08318222,Barranquilla FIR
12,3.722e-05,-2.923e-05,-0.78524286,Barranquilla FIR
13,5.21e-05,-4.202e-05,-0.80666954,Barranquilla FIR
14,6.584e-05,-4.297e-05,-0.65265259,Barranquilla FIR
15,7.218e-05,-3.8e-05,-0.52648478,Barranquilla FIR
16,7.435e-05,-3.869e-05,-0.52030963,Barranquilla FIR
17,5.966e-05,-2.401e-05,-0.40240018,Barranquilla FIR
18,8.644e-05,-5.827e-05,-0.67414754,Barranquilla FIR
19,9.059e-05,-6.558e-05,-0.72397273,Barranquilla FIR
20,6.55e-05,-1.973e-05,-0.30120745,Barranquilla FIR
21,7.209e-05,3.713e-05,0.51502583,Barranquilla FIR
22,7.693e-05,0.00011771,1.52995848,Barranquilla FIR
23,6.993e-05,0.00014617,2.09014837,Barranquilla FIR
0,6.65e-05,0.00020324,3.05643586,Barranquilla FIR
1,5.913e-05,0.00023866,4.03624205,Barranquilla FIR
2,6.218e-05,0.00019073,3.06735593,Barranquilla FIR
3,5.399e-05,0.00013404,2.48265332,Barranquilla FIR
4,5.878e-05,0.00015305,2.60353425,Barranquilla FIR
5,3.823e-05,0.00011401,2.98230484,Barranquilla FIR
6,8.947e-05,0.00014239,1.59140535,Bogota FIR
7,8.086e-05,0.0001409,1.74245339,Bogota FIR
8,8.033e-05,0.00019341,2.40758472,Bogota FIR
9,6.668e-05,0.00015088,2.2626667,Bogota FIR
10,9.602e-05,0.00014472,1.50713615,Bogota FIR
11,9.816e-05,4.913e-05,0.50049094,Bogota FIR
12,9.278e-05,-1.038e-05,-0.11190481,Bogota FIR
13,0.00010308,-1.73e-05,-0.16778918,Bogota FIR
14,0.0001063,-2.312e-05,-0.21749396,Bogota FIR
15,0.00011776,-2.666e-05,-0.22640814,Bogota FIR
16,0.00012611,-2.835e-05,-0.22477541,Bogota FIR
17,0.00010702,-3.715e-05,-0.34714643,Bogota FIR
18,0.00012327,-4.809e-05,-0.39014508,Bogota FIR
19,0.00015196,-4.019e-05,-0.26446819,Bogota FIR
20,0.00013206,-5.67e-06,-0.04296298,Bogota FIR
21,0.00014447,4.459e-05,0.30865047,Bogota FIR
22,0.00015639,0.00010274,0.65690329,Bogota FIR
23,0.00014651,0.00015654,1.06841905,Bogota FIR
0,0.00014302,0.00018916,1.3226057,Bogota FIR
1,0.00014227,0.00015717,1.10471879,Bogota FIR
2,0.00012366,0.00017702,1.43144599,Bogota FIR
3,0.00013924,0.00016401,1.17787637,Bogota FIR
4,0.00016521,0.00020957,1.26849427,Bogota FIR
5,0.00012521,0.00016962,1.35465194,Bogota FIR
6,5.001e-05,0.00014025,2.80442101,La Paz FIR
7,6.198e-05,8.46e-05,1.36495706,La Paz FIR
8,6.079e-05,6.58e-05,1.08235333,La Paz FIR
9,2.219e-05,2.566e-05,1.15613104,La Paz FIR
10,3.127e-05,1.627e-05,0.52023889,La Paz FIR
11,3.307e-05,1.08e-06,0.03277956,La Paz FIR
12,3.106e-05,4.03e-06,0.12987901,La Paz FIR
13,2.502e-05,2.38e-06,0.09519291,La Paz FIR
14,2.085e-05,-4.13e-06,-0.19807014,La Paz FIR
15,1.777e-05,-7.32e-06,-0.41171279,La Paz FIR
16,1.381e-05,-3.1e-07,-0.02254328,La Paz FIR
17,2.109e-05,-2.37e-06,-0.11245641,La Paz FIR
18,2.895e-05,-2.5e-07,-0.00873524,La Paz FIR
19,1.699e-05,-4.34e-06,-0.25524917,La Paz FIR
20,1.829e-05,1.757e-05,0.96107578,La Paz FIR
21,1.696e-05,2.298e-05,1.35506167,La Paz FIR
22,2.152e-05,4.337e-05,2.01539861,La Paz FIR
23,1.923e-05,3.596e-05,1.87029114,La Paz FIR
0,1.782e-05,3.617e-05,2.02922082,La Paz FIR
1,3.671e-05,6.811e-05,1.85527687,La Paz FIR
2,3.85e-05,5.52e-05,1.43367,La Paz FIR
3,2.568e-05,2.988e-05,1.16322501,La Paz FIR
4,2.377e-05,4.004e-05,1.68460922,La Paz FIR
5,4.396e-05,0.00012487,2.84041312,La Paz FIR
6,1.514e-05,3.337e-05,2.20408676,Paramaribo FIR
7,1.516e-05,4.169e-05,2.75045654,Paramaribo FIR
8,1.376e-05,2.702e-05,1.96389937,Paramaribo FIR
9,1.057e-05,7.67e-06,0.72581288,Paramaribo FIR
10,7.18e-06,1.63e-06,0.22773326,Paramaribo FIR
11,2.96e-06,8.9e-07,0.30176324,Paramaribo FIR
12,2.52e-06,-2.7e-07,-0.10646934,Paramaribo FIR
13,2.73e-06,1.1e-07,0.03995737,Paramaribo FIR
14,3.86e-06,1.29e-06,0.33383829,Paramaribo FIR
15,3.26e-06,-1.4e-07,-0.04374099,Paramaribo FIR
16,3.65e-06,1.13e-06,0.30802443,Paramaribo FIR
17,7.86e-06,-6.9e-07,-0.08780893,Paramaribo FIR
18,4.8e-06,9e-08,0.01844542,Paramaribo FIR
19,4.77e-06,3.08e-06,0.64552593,Paramaribo FIR
20,5.04e-06,8.21e-06,1.62814128,Paramaribo FIR
21,3.68e-06,7.04e-06,1.91197696,Paramaribo FIR
22,4.1e-06,3.46e-06,0.84210912,Paramaribo FIR
23,3.31e-06,7.35e-06,2.21791996,Paramaribo FIR
0,2.91e-06,3.6e-06,1.23607705,Paramaribo FIR
1,2.68e-06,3.51e-06,1.30767698,Paramaribo FIR
2,2.95e-06,3.3e-06,1.11999972,Paramaribo FIR
3,3.44e-06,3.95e-06,1.14787738,Paramaribo FIR
4,8.64e-06,2.222e-05,2.57245289,Paramaribo FIR
5,1.803e-05,3.433e-05,1.90371492,Paramaribo FIR
6,1.16e-05,3.219e-05,2.77547287,Cayenne FIR
7,5.78e-06,8.06e-06,1.39524933,Cayenne FIR
8,4.21e-06,5.23e-06,1.24090328,Cayenne FIR
9,2.98e-06,1.13e-06,0.37809872,Cayenne FIR
10,2.31e-06,-9.1e-07,-0.39205584,Cayenne FIR
11,1.47e-06,-1.46e-06,-0.99908226,Cayenne FIR
12,4.5e-07,-2.5e-07,-0.54385714,Cayenne FIR
13,3.2e-07,-1e-08,-0.04117586,Cayenne FIR
14,9.1e-07,2.3e-07,0.25528944,Cayenne FIR
15,2.81e-06,9e-08,0.03267536,Cayenne FIR
16,2.38e-06,-2.2e-07,-0.0933883,Cayenne FIR
17,4.73e-06,-1.4e-06,-0.29625097,Cayenne FIR
18,4.78e-06,3.4e-07,0.07146003,Cayenne FIR
19,4.16e-06,4.17e-06,1.00166829,Cayenne FIR
20,3.27e-06,7.16e-06,2.19109117,Cayenne FIR
21,5.75e-06,1.992e-05,3.46503758,Cayenne FIR
22,5.51e-06,2.05e-05,3.72191797,Cayenne FIR
23,9.41e-06,2.105e-05,2.23568635,Cayenne FIR
0,7.01e-06,2.342e-05,3.34104524,Cayenne FIR
1,3.96e-06,8.13e-06,2.05128766,Cayenne FIR
2,6.82e-06,1.069e-05,1.56822822,Cayenne FIR
3,7.33e-06,1.215e-05,1.65784164,Cayenne FIR
4,6.72e-06,1.246e-05,1.85464884,Cayenne FIR
5,1.567e-05,3.44e-05,2.19529448,Cayenne FIR
6,0.00014993,0.00023219,1.5485823,Lima FIR
7,0.00014686,0.00025149,1.71247033,Lima FIR
8,0.00011329,0.00023289,2.05559631,Lima FIR
9,9.734e-05,0.00014783,1.51864974,Lima FIR
10,9.343e-05,9.817e-05,1.05077337,Lima FIR
11,0.00010658,2.281e-05,0.21405143,Lima FIR
12,0.00010553,-2.6e-06,-0.02466842,Lima FIR
13,0.00012623,2e-07,0.00158002,Lima FIR
14,0.00014338,-4.75e-06,-0.03312445,Lima FIR
15,0.00014717,-1.697e-05,-0.11530205,Lima FIR
16,0.00012732,-1.434e-05,-0.11264494,Lima FIR
17,0.00013481,-3.223e-05,-0.23909314,Lima FIR
18,0.00012766,-4.178e-05,-0.32727105,Lima FIR
19,0.00013581,-5.251e-05,-0.3866592,Lima FIR
20,0.00014356,-3.903e-05,-0.27189346,Lima FIR
21,0.00013022,3.577e-05,0.2746513,Lima FIR
22,0.00011946,9.605e-05,0.80398934,Lima FIR
23,0.00012405,0.00014189,1.14386594,Lima FIR
0,0.00013978,0.00015954,1.14135321,Lima FIR
1,0.00014636,0.00018313,1.25123545,Lima FIR
2,0.00015045,0.00018124,1.20461195,Lima FIR
3,0.00014543,0.00016095,1.10676247,Lima FIR
4,0.00016498,0.00018925,1.14706232,Lima FIR
5,0.00016051,0.00026237,1.63465887,Lima FIR
6,6.62e-06,6.92e-06,1.04537879,Montevideo FIR
7,1.271e-05,1.597e-05,1.25696758,Montevideo FIR
8,4.92e-06,2.41e-06,0.49083558,Montevideo FIR
9,1.283e-05,3.96e-06,0.30895566,Montevideo FIR
10,1.704e-05,1.44e-06,0.08447948,Montevideo FIR
11,2.186e-05,-5.94e-06,-0.27185149,Montevideo FIR
12,1.709e-05,-4.77e-06,-0.27888652,Montevideo FIR
13,1.555e-05,-3.94e-06,-0.2533264,Montevideo FIR
14,1.003e-05,-3.64e-06,-0.36317867,Montevideo FIR
15,1.355e-05,-4.44e-06,-0.32796325,Montevideo FIR
16,2.12e-05,-5.76e-06,-0.27192261,Montevideo FIR
17,1.93e-05,-2.52e-06,-0.13053985,Montevideo FIR
18,1.883e-05,-3.9e-07,-0.02093772,Montevideo FIR
19,1.61e-05,3.22e-06,0.20001336,Montevideo FIR
20,1.457e-05,1.549e-05,1.06368228,Montevideo FIR
21,1.453e-05,1.482e-05,1.02044001,Montevideo FIR
22,1.174e-05,1.734e-05,1.47635717,Montevideo FIR
23,1.459e-05,2.244e-05,1.53853148,Montevideo FIR
0,1.568e-05,2.497e-05,1.59218433,Montevideo FIR
1,1.058e-05,1.316e-05,1.24346032,Montevideo FIR
2,1.127e-05,1.892e-05,1.67806963,Montevideo FIR
3,1.71e-05,2.729e-05,1.59618023,Montevideo FIR
4,1.21e-05,1.626e-05,1.34368323,Montevideo FIR
5,8.4e-06,1.023e-05,1.2187889,Montevideo FIR
6,1.853e-05,4.875e-05,2.63107432,Maiquetia FIR
7,2.627e-05,4.591e-05,1.74770244,Maiquetia FIR
8,1.841e-05,4.674e-05,2.53934737,Maiquetia FIR
9,1.215e-05,2.997e-05,2.4671162,Maiquetia FIR
10,6.03e-06,8.87e-06,1.47098067,Maiquetia FIR
11,9.04e-06,-1.08e-06,-0.11915464,Maiquetia FIR
12,1.007e-05,-8.65e-06,-0.8596824,Maiquetia FIR
13,8.52e-06,-4.35e-06,-0.51011087,Maiquetia FIR
14,1.095e-05,-6.15e-06,-0.56205157,Maiquetia FIR
15,1.084e-05,-2.01e-06,-0.1851162,Maiquetia FIR
16,1.947e-05,-3.9e-07,-0.01985536,Maiquetia FIR
17,2.025e-05,-3.37e-06,-0.16646747,Maiquetia FIR
18,2.399e-05,-1.455e-05,-0.60669497,Maiquetia FIR
19,3.135e-05,-1.699e-05,-0.54193917,Maiquetia FIR
20,2.989e-05,4.16e-06,0.13900561,Maiquetia FIR
21,2.825e-05,3.541e-05,1.25351673,Maiquetia FIR
22,2.288e-05,7.916e-05,3.45966847,Maiquetia FIR
23,2.234e-05,0.00011398,5.10282921,Maiquetia FIR
0,2.064e-05,0.00010171,4.92689879,Maiquetia FIR
1,1.838e-05,6.284e-05,3.41878408,Maiquetia FIR
2,2.304e-05,6.237e-05,2.70751629,Maiquetia FIR
3,2.358e-05,7.18e-05,3.04447251,Maiquetia FIR
4,2.189e-05,7.37e-05,3.36764748,Maiquetia FIR
5,1.595e-05,5.684e-05,3.56269692,Maiquetia FIR
6,2.271e-05,3.752e-05,1.65257241,Georgetown FIR
7,2.876e-05,7.01e-05,2.43760933,Georgetown FIR
8,2.696e-05,5.931e-05,2.20008754,Georgetown FIR
9,1.351e-05,1.318e-05,0.9749839,Georgetown FIR
10,7.36e-06,1.07e-06,0.14554414,Georgetown FIR
11,6.97e-06,-9.5e-07,-0.13631995,Georgetown FIR
12,4.25e-06,-2.63e-06,-0.61749999,Georgetown FIR
13,6.24e-06,-8.3e-07,-0.13346211,Georgetown FIR
14,6.29e-06,-4.2e-07,-0.06697309,Georgetown FIR
15,5.64e-06,-4.9e-07,-0.08662418,Georgetown FIR
16,4.39e-06,2.5e-07,0.05767059,Georgetown FIR
17,1.23e-05,-3.57e-06,-0.29033188,Georgetown FIR
18,1.404e-05,-4.97e-06,-0.35392321,Georgetown FIR
19,7.77e-06,5.99e-06,0.7718352,Georgetown FIR
20,1.182e-05,8.48e-06,0.71709627,Georgetown FIR
21,7.78e-06,1.13e-05,1.45192886,Georgetown FIR
22,5.51e-06,1.147e-05,2.08181013,Georgetown FIR
23,2.71e-06,8.51e-06,3.13999672,Georgetown FIR
0,3.13e-06,7.44e-06,2.38048911,Georgetown FIR
1,4.85e-06,7.1e-06,1.46279887,Georgetown FIR
2,6.89e-06,3.136e-05,4.54861004,Georgetown FIR
3,6.28e-06,2.013e-05,3.20737339,Georgetown FIR
4,1.825e-05,5.173e-05,2.83533323,Georgetown FIR
5,2.664e-05,6.202e-05,2.3274859,Georgetown FIR
6,6.124e-05,8.577e-05,1.40054642,San Juan Oceanic FIR/UIR
7,7.081e-05,9.321e-05,1.31640478,San Juan Oceanic FIR/UIR
8,5.722e-05,4.806e-05,0.83997943,San Juan Oceanic FIR/UIR
9,4.193e-05,3.329e-05,0.79396365,San Juan Oceanic FIR/UIR
10,2.284e-05,2.43e-06,0.1061985,San Juan Oceanic FIR/UIR
11,1.918e-05,-3.19e-06,-0.16630537,San Juan Oceanic FIR/UIR
12,3.082e-05,-4.53e-06,-0.14682464,San Juan Oceanic FIR/UIR
13,3.065e-05,-2.77e-06,-0.09049477,San Juan Oceanic FIR/UIR
14,3.72e-05,-5.02e-06,-0.1348915,San Juan Oceanic FIR/UIR
15,5.609e-05,-7.69e-06,-0.1371616,San Juan Oceanic FIR/UIR
16,7.715e-05,-1.001e-05,-0.12975402,San Juan Oceanic FIR/UIR
17,9.21e-05,-1.782e-05,-0.19350202,San Juan Oceanic FIR/UIR
18,0.00011855,-2.75e-05,-0.23198073,San Juan Oceanic FIR/UIR
19,0.00013216,-1.725e-05,-0.13055315,San Juan Oceanic FIR/UIR
20,0.00012498,3.83e-06,0.03063308,San Juan Oceanic FIR/UIR
21,0.00011427,5.508e-05,0.48202675,San Juan Oceanic FIR/UIR
22,0.00010948,0.00010841,0.99027591,San Juan Oceanic FIR/UIR
23,7.808e-05,0.00011735,1.50291341,San Juan Oceanic FIR/UIR
0,6.228e-05,9.749e-05,1.56552648,San Juan Oceanic FIR/UIR
1,5.514e-05,8.302e-05,1.50556314,San Juan Oceanic FIR/UIR
2,5.969e-05,7.075e-05,1.18529746,San Juan Oceanic FIR/UIR
3,5.064e-05,6.795e-05,1.34197357,San Juan Oceanic FIR/UIR
4,3.809e-05,7.253e-05,1.9043012,San Juan Oceanic FIR/UIR
5,4.053e-05,6.143e-05,1.51575216,San Juan Oceanic FIR/UIR
6,1.04e-05,2.843e-05,2.73308702,Curacao FIR
7,1.118e-05,3.983e-05,3.56164909,Curacao FIR
8,8.08e-06,1.978e-05,2.44687804,Curacao FIR
9,3.9e-06,8.02e-06,2.05574581,Curacao FIR
10,2.12e-06,1.79e-06,0.84733905,Curacao FIR
11,3.33e-06,-9e-07,-0.26894206,Curacao FIR
12,6.49e-06,-5.15e-06,-0.79377848,Curacao FIR
13,4.72e-06,-5.6e-07,-0.1182526,Curacao FIR
14,1.083e-05,-1.93e-06,-0.1784687,Curacao FIR
15,1.761e-05,-2.99e-06,-0.16999939,Curacao FIR
16,1.931e-05,4.5e-07,0.0235256,Curacao FIR
17,2.194e-05,-9.3e-07,-0.04243284,Curacao FIR
18,3.625e-05,-1.274e-05,-0.35134807,Curacao FIR
19,3.858e-05,-9.21e-06,-0.23862327,Curacao FIR
20,4.96e-05,-2.83e-06,-0.05706624,Curacao FIR
21,3.645e-05,2.327e-05,0.63847265,Curacao FIR
22,3.221e-05,5.225e-05,1.62180534,Curacao FIR
23,3.262e-05,7.11e-05,2.17966478,Curacao FIR
0,2.119e-05,8.569e-05,4.04430889,Curacao FIR
1,1.479e-05,4.004e-05,2.70675057,Curacao FIR
2,1.696e-05,2.836e-05,1.67263997,Curacao FIR
3,1.258e-05,3.756e-05,2.98516785,Curacao FIR
4,1.159e-05,4.962e-05,4.28271637,Curacao FIR
5,1.025e-05,3.436e-05,3.35265733,Curacao FIR
6,8.133e-05,0.00015813,1.94441249,Piarco FIR
7,7.822e-05,0.00012934,1.65343815,Piarco FIR
8,5.746e-05,0.00010959,1.9074519,Piarco FIR
9,3.113e-05,3.243e-05,1.04195645,Piarco FIR
10,1.843e-05,2.93e-06,0.15884844,Piarco FIR
11,2.344e-05,-6.86e-06,-0.29249188,Piarco FIR
12,2.406e-05,-3.67e-06,-0.15273687,Piarco FIR
13,2.507e-05,-3.8e-06,-0.15149283,Piarco FIR
14,2.986e-05,-7.14e-06,-0.23901158,Piarco FIR
15,2.774e-05,-3.39e-06,-0.12238903,Piarco FIR
16,4.055e-05,-3.09e-06,-0.07626415,Piarco FIR
17,5.26e-05,-4.22e-06,-0.08029754,Piarco FIR
18,7.907e-05,-1.152e-05,-0.14570002,Piarco FIR
19,8.634e-05,2.81e-06,0.03252745,Piarco FIR
20,7.581e-05,2.95e-05,0.38905514,Piarco FIR
21,6.825e-05,5.635e-05,0.82561333,Piarco FIR
22,6.985e-05,0.00012359,1.76937756,Piarco FIR
23,7.32e-05,0.00012626,1.72490241,Piarco FIR
0,5.254e-05,8.674e-05,1.65085476,Piarco FIR
1,5.149e-05,0.00012501,2.42796914,Piarco FIR
2,4.272e-05,9.517e-05,2.22753235,Piarco FIR
3,3.955e-05,0.0001091,2.75873045,Piarco FIR
4,3.725e-05,0.00012067,3.24000978,Piarco FIR
5,5.006e-05,0.00010484,2.09419989,Piarco FIR
6,2.177e-05,1.63e-05,0.7489148,Almaty FIR
7,2.633e-05,1.35e-05,0.51274558,Almaty FIR
8,2.65e-05,3.357e-05,1.26667044,Almaty FIR
9,2.628e-05,5.081e-05,1.93328007,Almaty FIR
10,3.106e-05,0.00010114,3.2556893,Almaty FIR
11,3.864e-05,0.00013757,3.56036339,Almaty FIR
12,3.194e-05,0.0001643,5.14414316,Almaty FIR
13,4.106e-05,0.00022576,5.49795438,Almaty FIR
14,4.31e-05,0.00028308,6.56875756,Almaty FIR
15,2.536e-05,0.00013101,5.16610334,Almaty FIR
16,2.755e-05,0.00011823,4.29197421,Almaty FIR
17,3.041e-05,0.00011543,3.79574041,Almaty FIR
18,4.958e-05,0.00022634,4.56538422,Almaty FIR
19,3.65e-05,0.00015806,4.3310065,Almaty FIR
20,2.723e-05,0.00010601,3.89252296,Almaty FIR
21,3.359e-05,0.00015537,4.6260999,Almaty FIR
22,5.46e-05,0.00025035,4.58544908,Almaty FIR
23,5.424e-05,0.00018594,3.42787568,Almaty FIR
0,3.657e-05,6.899e-05,1.88624582,Almaty FIR
1,3.07e-05,2.406e-05,0.78377583,Almaty FIR
2,3.631e-05,2.847e-05,0.78388866,Almaty FIR
3,4.055e-05,8.42e-06,0.20773224,Almaty FIR
4,4.828e-05,1.839e-05,0.38090729,Almaty FIR
5,3.774e-05,2.157e-05,0.57136028,Almaty FIR
6,2.746e-05,5.689e-05,2.07164736,Nur-Sultan FIR
7,2.902e-05,6.085e-05,2.09689507,Nur-Sultan FIR
8,3.018e-05,5.91e-05,1.95833063,Nur-Sultan FIR
9,2.857e-05,9.997e-05,3.49976674,Nur-Sultan FIR
10,4.465e-05,0.00022623,5.06660214,Nur-Sultan FIR
11,3.944e-05,0.00019108,4.84451295,Nur-Sultan FIR
12,4.749e-05,0.00026164,5.50967386,Nur-Sultan FIR
13,4.479e-05,0.00030298,6.763844,Nur-Sultan FIR
14,4.367e-05,0.00029696,6.79960751,Nur-Sultan FIR
15,4.092e-05,0.00029554,7.22321104,Nur-Sultan FIR
16,4.864e-05,0.00032675,6.71785286,Nur-Sultan FIR
17,6.504e-05,0.00045537,7.0015901,Nur-Sultan FIR
18,5.522e-05,0.0003325,6.02135189,Nur-Sultan FIR
19,3.261e-05,0.00019833,6.08226247,Nur-Sultan FIR
20,3.009e-05,0.00019282,6.4074825,Nur-Sultan FIR
21,4.016e-05,0.00024002,5.97663082,Nur-Sultan FIR
22,5.716e-05,0.0003366,5.88842811,Nur-Sultan FIR
23,8.838e-05,0.00038944,4.4061872,Nur-Sultan FIR
0,9.367e-05,0.00034968,3.7329801,Nur-Sultan FIR
1,6.57e-05,0.00019106,2.90779646,Nur-Sultan FIR
2,5.893e-05,6.75e-05,1.14529374,Nur-Sultan FIR
3,5.986e-05,7.245e-05,1.21037165,Nur-Sultan FIR
4,4.585e-05,5.285e-05,1.15256839,Nur-Sultan FIR
5,3.085e-05,4.183e-05,1.35567866,Nur-Sultan FIR
6,3.54e-05,-1.337e-05,-0.37786548,Shymkent FIR
7,1.93e-05,1.63e-06,0.08469098,Shymkent FIR
8,2.503e-05,2.092e-05,0.83555716,Shymkent FIR
9,3.87e-05,3.123e-05,0.80689576,Shymkent FIR
10,4.011e-05,7.934e-05,1.97805784,Shymkent FIR
11,3.876e-05,0.00012224,3.15413424,Shymkent FIR
12,3.983e-05,0.00016543,4.1536094,Shymkent FIR
13,3.719e-05,0.00022646,6.0886547,Shymkent FIR
14,3.839e-05,0.00026734,6.96352086,Shymkent FIR
15,3.927e-05,0.00019556,4.98017405,Shymkent FIR
16,3.279e-05,0.00017292,5.27408981,Shymkent FIR
17,3.195e-05,0.0001693,5.29878791,Shymkent FIR
18,2.754e-05,0.00013773,5.00157982,Shymkent FIR
19,2.252e-05,0.00012472,5.53778796,Shymkent FIR
20,2.4e-05,0.00010455,4.35650753,Shymkent FIR
21,3.808e-05,0.00016422,4.31284794,Shymkent FIR
22,6.227e-05,0.00025787,4.14106997,Shymkent FIR
23,7.008e-05,0.0002041,2.91227568,Shymkent FIR
0,7.284e-05,0.0001407,1.93174017,Shymkent FIR
1,6.672e-05,6.383e-05,0.95663634,Shymkent FIR
2,5.562e-05,2.16e-06,0.03881533,Shymkent FIR
3,5.696e-05,-2.71e-05,-0.47577504,Shymkent FIR
4,4.497e-05,-2.791e-05,-0.62071946,Shymkent FIR
5,3.58e-05,-1.382e-05,-0.38602191,Shymkent FIR
6,4.893e-05,5.121e-05,1.04664319,Aktobe FIR
7,4.656e-05,6.328e-05,1.3592308,Aktobe FIR
8,4.667e-05,8.368e-05,1.79326666,Aktobe FIR
9,5.855e-05,0.00015416,2.63285911,Aktobe FIR
10,6.545e-05,0.0002306,3.52326551,Aktobe FIR
11,7.169e-05,0.00030984,4.32200096,Aktobe FIR
12,6.478e-05,0.00037815,5.83778404,Aktobe FIR
13,6.658e-05,0.00050101,7.52550674,Aktobe FIR
14,7.283e-05,0.00059425,8.15905918,Aktobe FIR
15,7.324e-05,0.00065553,8.95027582,Aktobe FIR
16,8.087e-05,0.0006737,8.3310568,Aktobe FIR
17,7.612e-05,0.0005548,7.28868787,Aktobe FIR
18,4.692e-05,0.0003305,7.04390897,Aktobe FIR
19,4.58e-05,0.00031504,6.87806642,Aktobe FIR
20,5.417e-05,0.00046963,8.6702639,Aktobe FIR
21,6.939e-05,0.00052142,7.51417146,Aktobe FIR
22,7.387e-05,0.0004502,6.09457164,Aktobe FIR
23,8.219e-05,0.00038683,4.70650111,Aktobe FIR
0,8.836e-05,0.00030597,3.46274765,Aktobe FIR
1,0.00010483,0.00031213,2.97764277,Aktobe FIR
2,0.00011038,0.00021961,1.98964452,Aktobe FIR
3,7.756e-05,0.00010304,1.32849223,Aktobe FIR
4,5.675e-05,2.629e-05,0.46318257,Aktobe FIR
5,5.716e-05,4.206e-05,0.73590692,Aktobe FIR
6,1.795e-05,-6.24e-06,-0.34738597,Baku FIR
7,2.77e-05,-1.086e-05,-0.39220693,Baku FIR
8,3.998e-05,-2.152e-05,-0.53828569,Baku FIR
9,3.23e-05,-7.47e-06,-0.23136,Baku FIR
10,2.942e-05,7.79e-06,0.26477908,Baku FIR
11,2.774e-05,1.27e-05,0.45785779,Baku FIR
12,2.685e-05,2.468e-05,0.91890902,Baku FIR
13,4.155e-05,5.178e-05,1.24635547,Baku FIR
14,4.532e-05,7.242e-05,1.59791167,Baku FIR
15,4.821e-05,9.285e-05,1.92611211,Baku FIR
16,5.04e-05,8.57e-05,1.70033453,Baku FIR
17,4.05e-05,8.247e-05,2.03603902,Baku FIR
18,2.505e-05,4.521e-05,1.80442395,Baku FIR
19,2.643e-05,5.537e-05,2.09518104,Baku FIR
20,2.896e-05,5.252e-05,1.81341721,Baku FIR
21,2.759e-05,6.609e-05,2.39560741,Baku FIR
22,2.975e-05,6.657e-05,2.23765478,Baku FIR
23,3.01e-05,4.498e-05,1.49431687,Baku FIR
0,5.608e-05,7.776e-05,1.38669761,Baku FIR
1,7.879e-05,0.00012386,1.57196572,Baku FIR
2,7.261e-05,7.747e-05,1.06695921,Baku FIR
3,3.416e-05,-1.46e-06,-0.04275087,Baku FIR
4,2.418e-05,-7.66e-06,-0.31697601,Baku FIR
5,2.068e-05,-1.379e-05,-0.6665854,Baku FIR
6,2.54e-06,6.2e-07,0.24430568,Bishkek FIR
7,3.09e-06,9.7e-07,0.31358386,Bishkek FIR
8,3.7e-06,2.37e-06,0.63945417,Bishkek FIR
9,3.64e-06,4.3e-06,1.1802666,Bishkek FIR
10,3.26e-06,2.78e-06,0.85481716,Bishkek FIR
11,3.41e-06,8.63e-06,2.53571305,Bishkek FIR
12,3.11e-06,1.182e-05,3.79993369,Bishkek FIR
13,4.67e-06,1.48e-05,3.16954011,Bishkek FIR
14,4.17e-06,1.824e-05,4.37032985,Bishkek FIR
15,4.05e-06,1.576e-05,3.89671917,Bishkek FIR
16,2.96e-06,1.034e-05,3.49862983,Bishkek FIR
17,2.7e-06,9.79e-06,3.63067657,Bishkek FIR
18,5.42e-06,1.732e-05,3.19338102,Bishkek FIR
19,4.66e-06,1.478e-05,3.17231899,Bishkek FIR
20,4e-06,1.491e-05,3.72803544,Bishkek FIR
21,3.61e-06,8.53e-06,2.36032161,Bishkek FIR
22,4.37e-06,1.442e-05,3.29952762,Bishkek FIR
23,6.02e-06,1.167e-05,1.93964904,Bishkek FIR
0,4.02e-06,4.68e-06,1.16494293,Bishkek FIR
1,3.72e-06,1.94e-06,0.52174298,Bishkek FIR
2,2.62e-06,1.08e-06,0.41023016,Bishkek FIR
3,4.31e-06,3.7e-07,0.08499507,Bishkek FIR
4,3.14e-06,1.4e-07,0.04497043,Bishkek FIR
5,2.76e-06,-4.4e-07,-0.15774243,Bishkek FIR
6,2.21e-06,1.11e-06,0.50330712,Osh FIR
7,2.16e-06,1.11e-06,0.51255504,Osh FIR
8,2.76e-06,1.02e-06,0.36881139,Osh FIR
9,4.75e-06,3.81e-06,0.80221109,Osh FIR
10,2.99e-06,2.87e-06,0.9589397,Osh FIR
11,2.63e-06,4.54e-06,1.72406496,Osh FIR
12,2.56e-06,6.31e-06,2.4627196,Osh FIR
13,2.76e-06,6.64e-06,2.40890235,Osh FIR
14,3.18e-06,8.3e-06,2.60655868,Osh FIR
15,3.24e-06,9.78e-06,3.01644682,Osh FIR
16,2.83e-06,8.89e-06,3.14554437,Osh FIR
17,3.53e-06,7.69e-06,2.17604513,Osh FIR
18,7.61e-06,1.692e-05,2.22482798,Osh FIR
19,4.39e-06,1.798e-05,4.09343261,Osh FIR
20,2.8e-06,9.88e-06,3.52921674,Osh FIR
21,4.13e-06,6.29e-06,1.5224445,Osh FIR
22,3.76e-06,1.302e-05,3.46396881,Osh FIR
23,3.96e-06,8.58e-06,2.16876285,Osh FIR
0,3.66e-06,4.85e-06,1.32754315,Osh FIR
1,3.22e-06,2.82e-06,0.87559924,Osh FIR
2,1.55e-06,6.9e-07,0.44665232,Osh FIR
3,3.3e-06,-8.4e-07,-0.25523846,Osh FIR
4,2.6e-06,-2.3e-07,-0.08990227,Osh FIR
5,1.73e-06,3.3e-07,0.18938191,Osh FIR
6,3.15e-06,-8.2e-07,-0.26011167,Yerevan FIR
7,6.2e-06,-6e-07,-0.09742816,Yerevan FIR
8,8.52e-06,-1.71e-06,-0.20028731,Yerevan FIR
9,7.39e-06,-3.11e-06,-0.42129301,Yerevan FIR
10,7.04e-06,1.93e-06,0.2737086,Yerevan FIR
11,5.42e-06,2.21e-06,0.40762888,Yerevan FIR
12,6.09e-06,3.9e-06,0.64073375,Yerevan FIR
13,9.66e-06,1.036e-05,1.07316742,Yerevan FIR
14,1.28e-05,1.48e-05,1.15595424,Yerevan FIR
15,9.43e-06,1.184e-05,1.25586449,Yerevan FIR
16,1.086e-05,1.286e-05,1.18391044,Yerevan FIR
17,7.11e-06,1.237e-05,1.739656,Yerevan FIR
18,7.69e-06,7.73e-06,1.00421971,Yerevan FIR
19,4.44e-06,6.91e-06,1.55652854,Yerevan FIR
20,4.61e-06,7.06e-06,1.53251614,Yerevan FIR
21,4.75e-06,8.68e-06,1.83004016,Yerevan FIR
22,4.19e-06,7.26e-06,1.73351301,Yerevan FIR
23,5.35e-06,7.64e-06,1.42751201,Yerevan FIR
0,1.09e-05,1.455e-05,1.3345608,Yerevan FIR
1,1.217e-05,1.64e-05,1.3475025,Yerevan FIR
2,1.303e-05,1.033e-05,0.7928663,Yerevan FIR
3,9.58e-06,-3e-08,-0.00320132,Yerevan FIR
4,4.59e-06,-1.4e-06,-0.30439848,Yerevan FIR
5,3.76e-06,-1.76e-06,-0.46857083,Yerevan FIR
6,0.00013967,0.00023602,1.68983032,Yakutsk FIR
7,0.00015215,0.00035526,2.33489232,Yakutsk FIR
8,0.00010094,0.0003554,3.52084531,Yakutsk FIR
9,5.505e-05,0.00022993,4.17709304,Yakutsk FIR
10,3.761e-05,0.00016474,4.37992714,Yakutsk FIR
11,2.727e-05,7.38e-05,2.70674279,Yakutsk FIR
12,1.972e-05,6.715e-05,3.40486103,Yakutsk FIR
13,1.836e-05,6.938e-05,3.77813847,Yakutsk FIR
14,3.876e-05,0.00012241,3.15849358,Yakutsk FIR
15,6.366e-05,0.00018111,2.84498947,Yakutsk FIR
16,6.167e-05,0.00014808,2.40131812,Yakutsk FIR
17,4.564e-05,8.296e-05,1.81774116,Yakutsk FIR
18,3.945e-05,8.147e-05,2.0654433,Yakutsk FIR
19,4.135e-05,7.6e-05,1.83801092,Yakutsk FIR
20,5.705e-05,6.95e-05,1.21828929,Yakutsk FIR
21,6.146e-05,2.668e-05,0.43420359,Yakutsk FIR
22,5.383e-05,-4.48e-06,-0.08318253,Yakutsk FIR
23,5.102e-05,-1.89e-06,-0.03696127,Yakutsk FIR
0,5.55e-05,2.098e-05,0.37803137,Yakutsk FIR
1,6.244e-05,4.636e-05,0.74249011,Yakutsk FIR
2,9.608e-05,6.632e-05,0.69023202,Yakutsk FIR
3,0.00011505,0.00010688,0.92899511,Yakutsk FIR
4,0.00010793,0.00012526,1.1606062,Yakutsk FIR
5,0.00010825,0.00014424,1.33244265,Yakutsk FIR
6,1.2e-05,-1.68e-06,-0.14008754,Tibilisi FIR
7,1.283e-05,-2.16e-06,-0.16799188,Tibilisi FIR
8,1.609e-05,-2.21e-06,-0.13719113,Tibilisi FIR
9,1.619e-05,-4.86e-06,-0.3004678,Tibilisi FIR
10,1.536e-05,6e-07,0.03931589,Tibilisi FIR
11,1.485e-05,3.84e-06,0.25863741,Tibilisi FIR
12,1.687e-05,1.57e-05,0.93094857,Tibilisi FIR
13,2.076e-05,2.949e-05,1.4205719,Tibilisi FIR
14,2.84e-05,5.898e-05,2.07703054,Tibilisi FIR
15,2.465e-05,6.944e-05,2.81680918,Tibilisi FIR
16,2.732e-05,7.343e-05,2.68712898,Tibilisi FIR
17,1.966e-05,5.526e-05,2.81089738,Tibilisi FIR
18,1.419e-05,5.247e-05,3.69716788,Tibilisi FIR
19,1.322e-05,3.697e-05,2.79575099,Tibilisi FIR
20,1.521e-05,3.722e-05,2.44651571,Tibilisi FIR
21,1.635e-05,5.352e-05,3.27426987,Tibilisi FIR
22,1.499e-05,4.292e-05,2.86270753,Tibilisi FIR
23,1.964e-05,3.114e-05,1.58499974,Tibilisi FIR
0,3.29e-05,5.234e-05,1.59075245,Tibilisi FIR
1,4.108e-05,6.958e-05,1.69379127,Tibilisi FIR
2,3.803e-05,4.166e-05,1.09559308,Tibilisi FIR
3,2.516e-05,5.83e-06,0.23166098,Tibilisi FIR
4,1.713e-05,-3.52e-06,-0.20532436,Tibilisi FIR
5,1.629e-05,-9.51e-06,-0.58370002,Tibilisi FIR
6,0.0002033,8.777e-05,0.43174413,Khabarovsk FIR
7,0.00014716,0.00014719,1.00021021,Khabarovsk FIR
8,0.00011086,0.00019559,1.7643247,Khabarovsk FIR
9,7.11e-05,0.00017079,2.40199576,Khabarovsk FIR
10,6.108e-05,0.00016027,2.62382784,Khabarovsk FIR
11,6.417e-05,0.00021412,3.33653954,Khabarovsk FIR
12,6.69e-05,0.0002238,3.34542712,Khabarovsk FIR
13,6.31e-05,0.00018294,2.89904341,Khabarovsk FIR
14,4.894e-05,0.00011809,2.41296965,Khabarovsk FIR
15,4.388e-05,9.914e-05,2.25913104,Khabarovsk FIR
16,7.461e-05,0.00019656,2.63456222,Khabarovsk FIR
17,0.00011264,0.00024713,2.19400501,Khabarovsk FIR
18,0.00011215,0.00018418,1.64225648,Khabarovsk FIR
19,0.00010024,9.978e-05,0.99542296,Khabarovsk FIR
20,0.00010108,4.053e-05,0.40099021,Khabarovsk FIR
21,9.756e-05,-1.043e-05,-0.10686883,Khabarovsk FIR
22,8.732e-05,-9.33e-06,-0.10688126,Khabarovsk FIR
23,9.047e-05,-4.79e-06,-0.05289798,Khabarovsk FIR
0,8.751e-05,7.8e-07,0.00894634,Khabarovsk FIR
1,9.458e-05,6.5e-07,0.00687617,Khabarovsk FIR
2,0.00010281,-8.65e-06,-0.08413855,Khabarovsk FIR
3,0.00012897,8.21e-06,0.06368334,Khabarovsk FIR
4,0.00021393,5.28e-06,0.02467811,Khabarovsk FIR
5,0.00026641,3.294e-05,0.12364074,Khabarovsk FIR
6,5.216e-05,0.00012012,2.30280325,Magadan FIR
7,3.74e-05,0.0001035,2.76708748,Magadan FIR
8,3.002e-05,0.00012015,4.00197606,Magadan FIR
9,2.805e-05,0.00013872,4.94462546,Magadan FIR
10,3.763e-05,0.00017368,4.6158053,Magadan FIR
11,4.459e-05,0.00019369,4.34331968,Magadan FIR
12,6.462e-05,0.0002029,3.14015776,Magadan FIR
13,9.736e-05,0.00031342,3.21904429,Magadan FIR
14,0.0001048,0.00034478,3.28999684,Magadan FIR
15,9.65e-05,0.00026777,2.77472842,Magadan FIR
16,8.657e-05,0.0002115,2.44313663,Magadan FIR
17,6.45e-05,0.00013345,2.06896675,Magadan FIR
18,4.238e-05,7.275e-05,1.71666807,Magadan FIR
19,3.002e-05,3.875e-05,1.29086473,Magadan FIR
20,2.604e-05,2.453e-05,0.94183326,Magadan FIR
21,2.882e-05,3.597e-05,1.24813908,Magadan FIR
22,3.728e-05,5.417e-05,1.45305495,Magadan FIR
23,4.742e-05,6.652e-05,1.40266656,Magadan FIR
0,9.286e-05,0.00013701,1.47552867,Magadan FIR
1,0.0001342,0.00020685,1.54134507,Magadan FIR
2,0.00014806,0.00027775,1.87596265,Magadan FIR
3,0.00013719,0.00028658,2.08894064,Magadan FIR
4,0.00012241,0.0002235,1.82585256,Magadan FIR
5,8.077e-05,0.00016338,2.02284489,Magadan FIR
6,6.458e-05,0.00010187,1.57738285,Petropavlovsk-Kamchatsky FIR
7,4.635e-05,0.00011866,2.56029845,Petropavlovsk-Kamchatsky FIR
8,3.651e-05,0.00013773,3.77280442,Petropavlovsk-Kamchatsky FIR
9,4.288e-05,0.00019862,4.63242586,Petropavlovsk-Kamchatsky FIR
10,3.788e-05,0.00020635,5.44666181,Petropavlovsk-Kamchatsky FIR
11,3.139e-05,0.00016595,5.28746329,Petropavlovsk-Kamchatsky FIR
12,4.12e-05,0.00017725,4.30238725,Petropavlovsk-Kamchatsky FIR
13,5.845e-05,0.00020631,3.52961958,Petropavlovsk-Kamchatsky FIR
14,7.069e-05,0.00023775,3.36323907,Petropavlovsk-Kamchatsky FIR
15,8.016e-05,0.00022951,2.8631101,Petropavlovsk-Kamchatsky FIR
16,7.386e-05,0.00018031,2.44127107,Petropavlovsk-Kamchatsky FIR
17,5.666e-05,0.00011259,1.98727544,Petropavlovsk-Kamchatsky FIR
18,5.896e-05,7.461e-05,1.26536007,Petropavlovsk-Kamchatsky FIR
19,5.873e-05,2.326e-05,0.39611333,Petropavlovsk-Kamchatsky FIR
20,4.157e-05,4.52e-06,0.10881518,Petropavlovsk-Kamchatsky FIR
21,3.673e-05,-3.91e-06,-0.10645263,Petropavlovsk-Kamchatsky FIR
22,4.387e-05,-5.8e-06,-0.1321576,Petropavlovsk-Kamchatsky FIR
23,4.618e-05,-8.63e-06,-0.18694884,Petropavlovsk-Kamchatsky FIR
0,3.982e-05,3.02e-06,0.07590861,Petropavlovsk-Kamchatsky FIR
1,5.787e-05,-4.3e-06,-0.07424434,Petropavlovsk-Kamchatsky FIR
2,8.65e-05,3.97e-06,0.0458728,Petropavlovsk-Kamchatsky FIR
3,0.00010139,2.86e-05,0.28210495,Petropavlovsk-Kamchatsky FIR
4,8.024e-05,3.017e-05,0.37603737,Petropavlovsk-Kamchatsky FIR
5,6.629e-05,5.052e-05,0.76215282,Petropavlovsk-Kamchatsky FIR
6,7.982e-05,4.889e-05,0.61247597,Irkutsk FIR
7,8.318e-05,0.0001017,1.22269417,Irkutsk FIR
8,7.405e-05,0.00011639,1.57165308,Irkutsk FIR
9,7.674e-05,0.00023081,3.0075362,Irkutsk FIR
10,5.586e-05,0.0002719,4.86743856,Irkutsk FIR
11,2.747e-05,0.00014829,5.39825517,Irkutsk FIR
12,2.328e-05,0.00011174,4.80030347,Irkutsk FIR
13,2.361e-05,0.00013379,5.66579571,Irkutsk FIR
14,2.248e-05,0.00010789,4.80017972,Irkutsk FIR
15,2.01e-05,9.548e-05,4.7501506,Irkutsk FIR
16,2.137e-05,9.568e-05,4.47738253,Irkutsk FIR
17,4.695e-05,0.00019531,4.15973308,Irkutsk FIR
18,6.155e-05,0.0002554,4.14920084,Irkutsk FIR
19,6.984e-05,0.00024235,3.46997965,Irkutsk FIR
20,8.896e-05,0.00021947,2.46710946,Irkutsk FIR
21,0.00010037,0.0001465,1.45951411,Irkutsk FIR
22,8.453e-05,1.642e-05,0.19422995,Irkutsk FIR
23,6.288e-05,-3.259e-05,-0.51830253,Irkutsk FIR
0,6.596e-05,-6.894e-05,-1.04516999,Irkutsk FIR
1,6.977e-05,-7.003e-05,-1.00371368,Irkutsk FIR
2,8.4e-05,-5.398e-05,-0.64271091,Irkutsk FIR
3,9.609e-05,-4.349e-05,-0.45265965,Irkutsk FIR
4,7.208e-05,-1.186e-05,-0.1644801,Irkutsk FIR
5,6.121e-05,-4.77e-06,-0.07793942,Irkutsk FIR
6,2.748e-05,7.3e-06,0.26544421,Kiev FIR
7,2.56e-05,1.66e-06,0.06474045,Kiev FIR
8,3.67e-05,6.18e-06,0.16836917,Kiev FIR
9,4.274e-05,3.796e-05,0.88815382,Kiev FIR
10,4.473e-05,3.674e-05,0.82133329,Kiev FIR
11,5.005e-05,6.646e-05,1.32784752,Kiev FIR
12,5.011e-05,8.098e-05,1.61595688,Kiev FIR
13,4.5e-05,0.00012499,2.7776762,Kiev FIR
14,4.499e-05,0.00014827,3.29527314,Kiev FIR
15,4.826e-05,0.00016874,3.49611219,Kiev FIR
16,4.257e-05,0.000168,3.94617421,Kiev FIR
17,3.118e-05,0.00012885,4.13172804,Kiev FIR
18,3.681e-05,0.00016792,4.562086,Kiev FIR
19,3.717e-05,0.00019361,5.20927322,Kiev FIR
20,2.378e-05,0.0001131,4.75555165,Kiev FIR
21,2.221e-05,9.37e-05,4.21822536,Kiev FIR
22,2.621e-05,0.00012302,4.69389677,Kiev FIR
23,2.765e-05,9.62e-05,3.47863288,Kiev FIR
0,1.921e-05,7.049e-05,3.67018714,Kiev FIR
1,1.925e-05,5.944e-05,3.08719289,Kiev FIR
2,2.671e-05,6.716e-05,2.51434484,Kiev FIR
3,2.626e-05,5.5e-05,2.09414839,Kiev FIR
4,2.22e-05,1.298e-05,0.58459054,Kiev FIR
5,2.825e-05,7.37e-06,0.26097143,Kiev FIR
6,4.29e-06,7e-07,0.1636963,Dnipro FIR
7,5.14e-06,3.64e-06,0.70799549,Dnipro FIR
8,8.39e-06,4.17e-06,0.49671647,Dnipro FIR
9,9.35e-06,6.25e-06,0.66854577,Dnipro FIR
10,1.063e-05,1.859e-05,1.74850946,Dnipro FIR
11,1.145e-05,2.247e-05,1.96267934,Dnipro FIR
12,1.208e-05,2.632e-05,2.17945961,Dnipro FIR
13,1.352e-05,2.965e-05,2.19367301,Dnipro FIR
14,1.355e-05,5.476e-05,4.04057197,Dnipro FIR
15,1.474e-05,7.539e-05,5.11558644,Dnipro FIR
16,1.305e-05,7.052e-05,5.4053673,Dnipro FIR
17,1.034e-05,6.222e-05,6.01514014,Dnipro FIR
18,1.221e-05,6.699e-05,5.48712184,Dnipro FIR
19,1.237e-05,6.837e-05,5.52815372,Dnipro FIR
20,9.76e-06,5.185e-05,5.31254389,Dnipro FIR
21,7.21e-06,4.12e-05,5.71361346,Dnipro FIR
22,6.24e-06,3.202e-05,5.12810518,Dnipro FIR
23,6.81e-06,3.448e-05,5.06449482,Dnipro FIR
0,5.64e-06,1.566e-05,2.77885492,Dnipro FIR
1,7.23e-06,2.074e-05,2.86679503,Dnipro FIR
2,8.59e-06,2.774e-05,3.23066113,Dnipro FIR
3,5.23e-06,1.375e-05,2.62934389,Dnipro FIR
4,4.04e-06,5.14e-06,1.27076868,Dnipro FIR
5,4.22e-06,2.42e-06,0.57350205,Dnipro FIR
6,9.84e-06,-6.75e-06,-0.68611673,Simferopol FIR
7,1.218e-05,-9.41e-06,-0.7725521,Simferopol FIR
8,1.486e-05,-1.218e-05,-0.81982541,Simferopol FIR
9,2.426e-05,-1.461e-05,-0.60216543,Simferopol FIR
10,2.368e-05,-6.6e-06,-0.27894188,Simferopol FIR
11,2.122e-05,1.21e-06,0.05694135,Simferopol FIR
12,1.754e-05,9.62e-06,0.54859889,Simferopol FIR
13,2.209e-05,3.114e-05,1.4099701,Simferopol FIR
14,2.557e-05,5.971e-05,2.33535825,Simferopol FIR
15,2.961e-05,7.273e-05,2.45652426,Simferopol FIR
16,2.475e-05,9.144e-05,3.69484673,Simferopol FIR
17,1.883e-05,6.017e-05,3.19468637,Simferopol FIR
18,2.133e-05,7.39e-05,3.46474451,Simferopol FIR
19,2.181e-05,8.714e-05,3.9950017,Simferopol FIR
20,2.034e-05,6.926e-05,3.40483083,Simferopol FIR
21,1.253e-05,4.159e-05,3.32042859,Simferopol FIR
22,1.037e-05,4.417e-05,4.2596706,Simferopol FIR
23,1.031e-05,4.632e-05,4.49356217,Simferopol FIR
0,9.99e-06,3.135e-05,3.13912968,Simferopol FIR
1,1.157e-05,3.194e-05,2.76054338,Simferopol FIR
2,1.131e-05,2.801e-05,2.47702185,Simferopol FIR
3,1.201e-05,9.94e-06,0.82791421,Simferopol FIR
4,1.39e-05,-3e-06,-0.21558947,Simferopol FIR
5,1.329e-05,-1.216e-05,-0.91496371,Simferopol FIR
6,3.032e-05,5.57e-06,0.18367264,Lvov FIR
7,2.855e-05,1.866e-05,0.65364915,Lvov FIR
8,3.588e-05,2.879e-05,0.80233057,Lvov FIR
9,4.302e-05,4.248e-05,0.98752352,Lvov FIR
10,5.12e-05,3.925e-05,0.76662095,Lvov FIR
11,5.172e-05,4.688e-05,0.90653198,Lvov FIR
12,5.23e-05,7.665e-05,1.46547762,Lvov FIR
13,5.289e-05,0.0001558,2.94561266,Lvov FIR
14,5.365e-05,0.00020297,3.78301662,Lvov FIR
15,5.282e-05,0.00026641,5.04366634,Lvov FIR
16,4.302e-05,0.00024118,5.60634186,Lvov FIR
17,3.228e-05,0.00019432,6.01952047,Lvov FIR
18,3.778e-05,0.00021658,5.73183119,Lvov FIR
19,3.756e-05,0.00024735,6.58578007,Lvov FIR
20,2.269e-05,0.00012525,5.52043772,Lvov FIR
21,2.239e-05,0.00011446,5.11294035,Lvov FIR
22,2.504e-05,0.00012121,4.84112602,Lvov FIR
23,2.176e-05,9.349e-05,4.29613774,Lvov FIR
0,1.183e-05,5.548e-05,4.68976765,Lvov FIR
1,8.44e-06,3.121e-05,3.69790575,Lvov FIR
2,1.114e-05,3.259e-05,2.92699651,Lvov FIR
3,1.514e-05,2.423e-05,1.6002096,Lvov FIR
4,2.671e-05,1.156e-05,0.4329732,Lvov FIR
5,3.245e-05,7.98e-06,0.24596661,Lvov FIR
6,1.284e-05,-5.5e-06,-0.4285408,Odessa FIR
7,1.309e-05,-1.94e-06,-0.14809894,Odessa FIR
8,1.543e-05,3.49e-06,0.22632843,Odessa FIR
9,2.189e-05,4.57e-06,0.2089366,Odessa FIR
10,2.431e-05,2.422e-05,0.99630463,Odessa FIR
11,1.878e-05,1.936e-05,1.03069241,Odessa FIR
12,2.048e-05,2.823e-05,1.37810565,Odessa FIR
13,1.901e-05,5.827e-05,3.06583496,Odessa FIR
14,1.97e-05,6.421e-05,3.25910558,Odessa FIR
15,2.321e-05,0.00010589,4.56178846,Odessa FIR
16,1.512e-05,8.175e-05,5.40648414,Odessa FIR
17,1.178e-05,6.679e-05,5.67147785,Odessa FIR
18,1.554e-05,6.365e-05,4.09594749,Odessa FIR
19,1.78e-05,9.64e-05,5.41700895,Odessa FIR
20,1.598e-05,8.824e-05,5.52170688,Odessa FIR
21,1.241e-05,7.604e-05,6.12906927,Odessa FIR
22,1.572e-05,8.276e-05,5.26400661,Odessa FIR
23,1.593e-05,8.645e-05,5.42684014,Odessa FIR
0,9.99e-06,4.91e-05,4.91471772,Odessa FIR
1,1.145e-05,3.793e-05,3.31290002,Odessa FIR
2,1.649e-05,5.343e-05,3.23907446,Odessa FIR
3,1.451e-05,3.281e-05,2.26071415,Odessa FIR
4,1.327e-05,9.33e-06,0.70332934,Odessa FIR
5,1.509e-05,-2.29e-06,-0.15177619,Odessa FIR
6,4.88e-06,1.016e-05,2.08448532,Arkhangelsk FIR
7,5.82e-06,1.064e-05,1.82895424,Arkhangelsk FIR
8,1.383e-05,2.582e-05,1.86694771,Arkhangelsk FIR
9,2.423e-05,4.877e-05,2.01287755,Arkhangelsk FIR
10,5.011e-05,7.886e-05,1.57368113,Arkhangelsk FIR
11,6.016e-05,0.0001176,1.95478682,Arkhangelsk FIR
12,3.896e-05,7.607e-05,1.95256399,Arkhangelsk FIR
13,2.588e-05,4.657e-05,1.79921527,Arkhangelsk FIR
14,2.179e-05,5.431e-05,2.49280909,Arkhangelsk FIR
15,2.082e-05,9.586e-05,4.60348634,Arkhangelsk FIR
16,2.623e-05,0.00014115,5.3809484,Arkhangelsk FIR
17,3.326e-05,0.00025448,7.6507195,Arkhangelsk FIR
18,1.92e-05,0.00013878,7.22947784,Arkhangelsk FIR
19,1.377e-05,0.00010339,7.5095493,Arkhangelsk FIR
20,1.122e-05,0.00011051,9.84611941,Arkhangelsk FIR
21,6.7e-06,3.055e-05,4.55808681,Arkhangelsk FIR
22,1.098e-05,5.979e-05,5.44717757,Arkhangelsk FIR
23,1.926e-05,0.00013349,6.93123628,Arkhangelsk FIR
0,1.69e-05,9.717e-05,5.7503813,Arkhangelsk FIR
1,2.485e-05,8.337e-05,3.35537021,Arkhangelsk FIR
2,2.697e-05,6.665e-05,2.47124401,Arkhangelsk FIR
3,1.627e-05,6.308e-05,3.87592406,Arkhangelsk FIR
4,6.9e-06,2.321e-05,3.36218711,Arkhangelsk FIR
5,7.68e-06,1.488e-05,1.93675958,Arkhangelsk FIR
6,6.52e-06,2.435e-05,3.73386125,Kotlas FIR
7,7.28e-06,3.12e-05,4.28499433,Kotlas FIR
8,7.36e-06,4.475e-05,6.07923135,Kotlas FIR
9,9.25e-06,3.885e-05,4.20152107,Kotlas FIR
10,1.133e-05,6.17e-05,5.44826694,Kotlas FIR
11,1.478e-05,7.451e-05,5.04178348,Kotlas FIR
12,1.245e-05,7.11e-05,5.71032233,Kotlas FIR
13,1.287e-05,7.85e-05,6.10078903,Kotlas FIR
14,1.539e-05,0.00011693,7.5970293,Kotlas FIR
15,1.319e-05,0.00011411,8.65369003,Kotlas FIR
16,1.463e-05,0.00012653,8.64964346,Kotlas FIR
17,1.168e-05,0.00012629,10.81068747,Kotlas FIR
18,8.66e-06,8.694e-05,10.04026369,Kotlas FIR
19,6.82e-06,8.02e-05,11.76462519,Kotlas FIR
20,8.3e-06,0.00010583,12.74617394,Kotlas FIR
21,7.19e-06,7.838e-05,10.89823277,Kotlas FIR
22,9.64e-06,8.875e-05,9.20589874,Kotlas FIR
23,9.65e-06,7.832e-05,8.11646162,Kotlas FIR
0,1.441e-05,8.777e-05,6.0891559,Kotlas FIR
1,2e-05,9.383e-05,4.69200682,Kotlas FIR
2,1.781e-05,7.835e-05,4.39956935,Kotlas FIR
3,9.4e-06,4.298e-05,4.57322319,Kotlas FIR
4,4.75e-06,2.114e-05,4.44849514,Kotlas FIR
5,4.88e-06,2.326e-05,4.76795427,Kotlas FIR
6,5.544e-05,8.738e-05,1.57606548,Sankt-Peterburg FIR
7,5.519e-05,9.795e-05,1.77468503,Sankt-Peterburg FIR
8,5.502e-05,0.00012067,2.19334422,Sankt-Peterburg FIR
9,7.065e-05,0.00014089,1.994039,Sankt-Peterburg FIR
10,7.226e-05,0.00018141,2.5103947,Sankt-Peterburg FIR
11,9.893e-05,0.00026406,2.66919932,Sankt-Peterburg FIR
12,0.00010313,0.00027773,2.6930166,Sankt-Peterburg FIR
13,9.705e-05,0.00029887,3.07964131,Sankt-Peterburg FIR
14,0.0001077,0.00043049,3.99727881,Sankt-Peterburg FIR
15,0.00011016,0.0005211,4.73048329,Sankt-Peterburg FIR
16,0.00010468,0.00056462,5.3938432,Sankt-Peterburg FIR
17,8.866e-05,0.00053364,6.01913333,Sankt-Peterburg FIR
18,6.861e-05,0.00041353,6.0274671,Sankt-Peterburg FIR
19,8.362e-05,0.00063346,7.57521742,Sankt-Peterburg FIR
20,7.235e-05,0.00052989,7.32382726,Sankt-Peterburg FIR
21,5.731e-05,0.00043288,7.5527053,Sankt-Peterburg FIR
22,7.677e-05,0.00057281,7.46173249,Sankt-Peterburg FIR
23,5.461e-05,0.00043155,7.90182372,Sankt-Peterburg FIR
0,4.438e-05,0.00029329,6.60852481,Sankt-Peterburg FIR
1,5.502e-05,0.00030656,5.57194854,Sankt-Peterburg FIR
2,6.365e-05,0.00026486,4.16131529,Sankt-Peterburg FIR
3,6.339e-05,0.00018538,2.92467726,Sankt-Peterburg FIR
4,5.77e-05,0.00015255,2.64359799,Sankt-Peterburg FIR
5,4.044e-05,7.928e-05,1.96057874,Sankt-Peterburg FIR
6,3.27e-06,6.79e-06,2.07451333,Murmansk FIR
7,4.95e-06,1.205e-05,2.43719779,Murmansk FIR
8,7.13e-06,8.27e-06,1.15956046,Murmansk FIR
9,1.212e-05,1.374e-05,1.1336018,Murmansk FIR
10,1.627e-05,2.301e-05,1.4138136,Murmansk FIR
11,1.93e-05,4.697e-05,2.43311801,Murmansk FIR
12,2.176e-05,5.179e-05,2.37964606,Murmansk FIR
13,3.812e-05,0.00010772,2.82603181,Murmansk FIR
14,3.57e-05,8.773e-05,2.45745083,Murmansk FIR
15,1.767e-05,4.515e-05,2.5550435,Murmansk FIR
16,9.25e-06,2.229e-05,2.41060937,Murmansk FIR
17,7.56e-06,2.691e-05,3.55995231,Murmansk FIR
18,4.78e-06,1.918e-05,4.01247661,Murmansk FIR
19,3.92e-06,1.411e-05,3.60097622,Murmansk FIR
20,3.56e-06,1.211e-05,3.40162346,Murmansk FIR
21,5.52e-06,1.173e-05,2.12469183,Murmansk FIR
22,1.501e-05,3.878e-05,2.58393262,Murmansk FIR
23,1.484e-05,4.707e-05,3.1720892,Murmansk FIR
0,1.075e-05,3.833e-05,3.56606097,Murmansk FIR
1,1.347e-05,1.923e-05,1.42739997,Murmansk FIR
2,1.559e-05,2.782e-05,1.78472006,Murmansk FIR
3,1.539e-05,4.448e-05,2.88958249,Murmansk FIR
4,1.538e-05,3.171e-05,2.0613733,Murmansk FIR
5,1.152e-05,1.739e-05,1.50975511,Murmansk FIR
6,2.301e-05,6.86e-05,2.98201074,Vologda FIR
7,2.651e-05,0.00010352,3.9045434,Vologda FIR
8,2.507e-05,0.00012662,5.05153788,Vologda FIR
9,3.247e-05,0.0001527,4.70346501,Vologda FIR
10,3.133e-05,0.00018471,5.89586937,Vologda FIR
11,4.329e-05,0.00024827,5.73554559,Vologda FIR
12,4.181e-05,0.0002476,5.9217826,Vologda FIR
13,3.913e-05,0.00024843,6.34891025,Vologda FIR
14,5.712e-05,0.00036996,6.47646988,Vologda FIR
15,5.819e-05,0.00048672,8.36478988,Vologda FIR
16,5.5e-05,0.00049095,8.92698094,Vologda FIR
17,4.602e-05,0.00048134,10.45962634,Vologda FIR
18,3.481e-05,0.00035122,10.08980484,Vologda FIR
19,3.203e-05,0.00031613,9.86878062,Vologda FIR
20,4.146e-05,0.00051832,12.50198748,Vologda FIR
21,2.881e-05,0.00029136,10.1142935,Vologda FIR
22,4.269e-05,0.0004206,9.85218721,Vologda FIR
23,4.652e-05,0.00044026,9.46313236,Vologda FIR
0,3.779e-05,0.00029607,7.83384205,Vologda FIR
1,5.431e-05,0.00028622,5.26988143,Vologda FIR
2,6.121e-05,0.00029181,4.76764829,Vologda FIR
3,4.733e-05,0.00021375,4.5158947,Vologda FIR
4,3.054e-05,0.00012957,4.24310399,Vologda FIR
5,2.048e-05,7.049e-05,3.44218577,Vologda FIR
6,9.95e-06,8.07e-06,0.81173077,Kaliningrad FIR
7,1.16e-05,5.92e-06,0.510342,Kaliningrad FIR
8,1.021e-05,5.84e-06,0.57227901,Kaliningrad FIR
9,1.009e-05,9.21e-06,0.91272572,Kaliningrad FIR
10,1.174e-05,6.48e-06,0.55219103,Kaliningrad FIR
11,1.621e-05,1.452e-05,0.89569477,Kaliningrad FIR
12,1.632e-05,2.444e-05,1.49753719,Kaliningrad FIR
13,1.714e-05,4.88e-05,2.84691606,Kaliningrad FIR
14,1.742e-05,6.126e-05,3.51658511,Kaliningrad FIR
15,1.732e-05,6.863e-05,3.9628954,Kaliningrad FIR
16,1.56e-05,8.43e-05,5.40513395,Kaliningrad FIR
17,1.254e-05,5.353e-05,4.26928504,Kaliningrad FIR
18,1.039e-05,4.833e-05,4.65105442,Kaliningrad FIR
19,1.588e-05,7.81e-05,4.91962268,Kaliningrad FIR
20,1.329e-05,7.167e-05,5.391928,Kaliningrad FIR
21,7.99e-06,4.652e-05,5.82389073,Kaliningrad FIR
22,5.85e-06,3.547e-05,6.06837827,Kaliningrad FIR
23,3.43e-06,2.02e-05,5.89686321,Kaliningrad FIR
0,2.64e-06,2.128e-05,8.0540199,Kaliningrad FIR
1,2.41e-06,1.373e-05,5.69089036,Kaliningrad FIR
2,2.31e-06,8.58e-06,3.71150393,Kaliningrad FIR
3,3.44e-06,7.97e-06,2.31904778,Kaliningrad FIR
4,4.3e-06,5.23e-06,1.21717431,Kaliningrad FIR
5,5.59e-06,6.01e-06,1.07534613,Kaliningrad FIR
6,6.486e-05,7.627e-05,1.17588494,Minsk FIR
7,8.398e-05,0.00011919,1.41916904,Minsk FIR
8,0.00010079,0.00015978,1.58526066,Minsk FIR
9,0.00012135,0.00022744,1.87423597,Minsk FIR
10,0.00011171,0.00020214,1.80953169,Minsk FIR
11,0.00010774,0.00024568,2.28031797,Minsk FIR
12,0.00012934,0.00044405,3.43325621,Minsk FIR
13,0.00016417,0.00069874,4.25622958,Minsk FIR
14,0.00020429,0.00099652,4.87795169,Minsk FIR
15,0.00017171,0.00101166,5.89157155,Minsk FIR
16,0.00013258,0.00079667,6.00875369,Minsk FIR
17,0.00011347,0.00072879,6.42299943,Minsk FIR
18,0.00010896,0.00082794,7.59850142,Minsk FIR
19,0.00010722,0.00084166,7.8496274,Minsk FIR
20,8.777e-05,0.00066426,7.56794214,Minsk FIR
21,6.724e-05,0.00035728,5.31313731,Minsk FIR
22,5.676e-05,0.00041528,7.31576225,Minsk FIR
23,5.091e-05,0.00041087,8.07129805,Minsk FIR
0,4.589e-05,0.00038357,8.35828483,Minsk FIR
1,4.729e-05,0.00035061,7.41350385,Minsk FIR
2,4.585e-05,0.000197,4.29652514,Minsk FIR
3,7.291e-05,0.00016599,2.27680548,Minsk FIR
4,7.53e-05,0.0001321,1.75435114,Minsk FIR
5,4.65e-05,3.284e-05,0.7062773,Minsk FIR
6,8.763e-05,0.00015936,1.81855366,Krasnoyarsk FIR
7,0.00011359,0.00026346,2.3194718,Krasnoyarsk FIR
8,0.00014957,0.00043921,2.93643363,Krasnoyarsk FIR
9,0.0001662,0.00056348,3.39032374,Krasnoyarsk FIR
10,0.00013633,0.0006651,4.87864296,Krasnoyarsk FIR
11,8.947e-05,0.00058128,6.49708278,Krasnoyarsk FIR
12,5.215e-05,0.00033907,6.50180806,Krasnoyarsk FIR
13,3.312e-05,0.00019898,6.00864238,Krasnoyarsk FIR
14,4.026e-05,0.00025146,6.24622823,Krasnoyarsk FIR
15,4.736e-05,0.00021547,4.54993067,Krasnoyarsk FIR
16,4.966e-05,0.00026769,5.39100047,Krasnoyarsk FIR
17,6.294e-05,0.00040278,6.39967862,Krasnoyarsk FIR
18,0.00010517,0.0006522,6.20162851,Krasnoyarsk FIR
19,0.00014339,0.00071506,4.98687927,Krasnoyarsk FIR
20,0.00012393,0.00051504,4.15574543,Krasnoyarsk FIR
21,0.00015661,0.00058519,3.73663331,Krasnoyarsk FIR
22,0.00019637,0.00052555,2.67629155,Krasnoyarsk FIR
23,0.00017205,0.00015806,0.91867011,Krasnoyarsk FIR
0,0.00012305,5.399e-05,0.43877803,Krasnoyarsk FIR
1,0.00011574,2.078e-05,0.17956297,Krasnoyarsk FIR
2,0.00011504,3.131e-05,0.27220233,Krasnoyarsk FIR
3,0.00011302,3.534e-05,0.31273106,Krasnoyarsk FIR
4,0.00010616,0.00011198,1.05482183,Krasnoyarsk FIR
5,9.62e-05,0.00013928,1.44780407,Krasnoyarsk FIR
6,7.66e-05,0.00019877,2.5949211,Novosibirsk FIR
7,6.748e-05,0.0001806,2.67632887,Novosibirsk FIR
8,9.588e-05,0.00032107,3.34855214,Novosibirsk FIR
9,0.00010587,0.00057328,5.41487068,Novosibirsk FIR
10,0.00013486,0.00089834,6.66139806,Novosibirsk FIR
11,0.00014446,0.00113892,7.88405307,Novosibirsk FIR
12,0.00010547,0.00086877,8.23682091,Novosibirsk FIR
13,7.585e-05,0.00069252,9.13040374,Novosibirsk FIR
14,7.212e-05,0.00056399,7.8204735,Novosibirsk FIR
15,6.146e-05,0.00052365,8.52016056,Novosibirsk FIR
16,5.958e-05,0.00049273,8.26941636,Novosibirsk FIR
17,0.00010442,0.00085812,8.21808689,Novosibirsk FIR
18,0.00014242,0.00112118,7.8720946,Novosibirsk FIR
19,0.0001217,0.00091575,7.52444553,Novosibirsk FIR
20,0.00012312,0.00085856,6.97353129,Novosibirsk FIR
21,0.00013801,0.00087323,6.32748823,Novosibirsk FIR
22,0.00023167,0.00122693,5.29595081,Novosibirsk FIR
23,0.00030591,0.00132343,4.32617132,Novosibirsk FIR
0,0.00023129,0.00056557,2.44528122,Novosibirsk FIR
1,0.00016914,0.00029912,1.76846844,Novosibirsk FIR
2,0.00018561,0.00024989,1.34630716,Novosibirsk FIR
3,0.00013072,0.00020571,1.57360338,Novosibirsk FIR
4,0.00011803,0.00022111,1.87333958,Novosibirsk FIR
5,0.00010286,0.00025616,2.49046419,Novosibirsk FIR
6,0.00014159,2.173e-05,0.15343484,Rostov-Na-Donu FIR
7,0.00018747,5.377e-05,0.28681724,Rostov-Na-Donu FIR
8,0.00024142,0.00011779,0.48790559,Rostov-Na-Donu FIR
9,0.00027488,0.00025822,0.9394166,Rostov-Na-Donu FIR
10,0.00026089,0.00038782,1.48651491,Rostov-Na-Donu FIR
11,0.00022626,0.00054825,2.42305025,Rostov-Na-Donu FIR
12,0.00024023,0.00078115,3.25174169,Rostov-Na-Donu FIR
13,0.00023931,0.00101009,4.22083429,Rostov-Na-Donu FIR
14,0.00023357,0.00120777,5.17091635,Rostov-Na-Donu FIR
15,0.00021362,0.00125634,5.8812451,Rostov-Na-Donu FIR
16,0.00024719,0.00140881,5.69927745,Rostov-Na-Donu FIR
17,0.00021893,0.00121316,5.5412881,Rostov-Na-Donu FIR
18,0.00020961,0.00125197,5.97298737,Rostov-Na-Donu FIR
19,0.00020228,0.00129205,6.38728765,Rostov-Na-Donu FIR
20,0.00016144,0.00093541,5.7940305,Rostov-Na-Donu FIR
21,0.00012988,0.00076422,5.88414218,Rostov-Na-Donu FIR
22,0.00013477,0.00074198,5.5056443,Rostov-Na-Donu FIR
23,0.00015704,0.00067224,4.28065904,Rostov-Na-Donu FIR
0,0.00016185,0.00066354,4.09964288,Rostov-Na-Donu FIR
1,0.0001917,0.00071997,3.75581746,Rostov-Na-Donu FIR
2,0.00018065,0.00037813,2.09311091,Rostov-Na-Donu FIR
3,0.00016615,0.00019072,1.14787761,Rostov-Na-Donu FIR
4,0.00013747,7.077e-05,0.51481437,Rostov-Na-Donu FIR
5,0.00012748,1.807e-05,0.14172287,Rostov-Na-Donu FIR
6,0.00010719,0.00022417,2.09137681,Yekaterinburg FIR
7,9.625e-05,0.00027978,2.90666441,Yekaterinburg FIR
8,8.143e-05,0.00028904,3.5493974,Yekaterinburg FIR
9,8.708e-05,0.0003576,4.10648645,Yekaterinburg FIR
10,0.00011151,0.00058524,5.24847598,Yekaterinburg FIR
11,0.00011563,0.00077701,6.71996072,Yekaterinburg FIR
12,0.00013251,0.00086969,6.563301,Yekaterinburg FIR
13,0.00012971,0.00089782,6.92151434,Yekaterinburg FIR
14,0.00010508,0.00072658,6.91453303,Yekaterinburg FIR
15,0.00010239,0.00076235,7.44545483,Yekaterinburg FIR
16,0.00013892,0.00118818,8.55271599,Yekaterinburg FIR
17,0.00012506,0.00094769,7.57799878,Yekaterinburg FIR
18,0.00010535,0.00089021,8.45010746,Yekaterinburg FIR
19,0.00010885,0.00094471,8.67893016,Yekaterinburg FIR
20,0.00011785,0.00105888,8.98463625,Yekaterinburg FIR
21,0.00015533,0.00130798,8.42057005,Yekaterinburg FIR
22,0.00013907,0.00107365,7.72000564,Yekaterinburg FIR
23,0.00016611,0.00099191,5.971533,Yekaterinburg FIR
0,0.00021712,0.00102502,4.72091044,Yekaterinburg FIR
1,0.00022101,0.00068588,3.10341832,Yekaterinburg FIR
2,0.00018377,0.00042517,2.31362651,Yekaterinburg FIR
3,0.00016613,0.00035377,2.12950474,Yekaterinburg FIR
4,0.00013998,0.00023327,1.66639384,Yekaterinburg FIR
5,0.00010215,0.00017832,1.74572756,Yekaterinburg FIR
6,7.238e-05,0.00024805,3.4269844,Tyumen FIR
7,7.32e-05,0.00021441,2.92917944,Tyumen FIR
8,7.845e-05,0.000241,3.07205879,Tyumen FIR
9,0.00011921,0.00037845,3.1747212,Tyumen FIR
10,0.00013714,0.00055816,4.06998872,Tyumen FIR
11,0.00013951,0.00079177,5.67541106,Tyumen FIR
12,0.0001363,0.00098118,7.19862259,Tyumen FIR
13,8.584e-05,0.00071665,8.34871805,Tyumen FIR
14,5.236e-05,0.00043897,8.38423102,Tyumen FIR
15,5.325e-05,0.00043321,8.13566644,Tyumen FIR
16,6.858e-05,0.00060772,8.86193916,Tyumen FIR
17,9.542e-05,0.00092965,9.74295781,Tyumen FIR
18,0.00010349,0.00090906,8.78400138,Tyumen FIR
19,8.429e-05,0.00076677,9.09660106,Tyumen FIR
20,7.456e-05,0.00072172,9.67913151,Tyumen FIR
21,8.839e-05,0.00077114,8.72387876,Tyumen FIR
22,0.00010381,0.00074261,7.15349165,Tyumen FIR
23,0.00012821,0.00057932,4.51853236,Tyumen FIR
0,0.00017864,0.00069765,3.9053525,Tyumen FIR
1,0.00016144,0.00049075,3.03988324,Tyumen FIR
2,0.00010511,0.00025853,2.45969202,Tyumen FIR
3,0.00010543,0.00021559,2.04486687,Tyumen FIR
4,8.46e-05,0.00024491,2.8949872,Tyumen FIR
5,8.289e-05,0.00021073,2.54224502,Tyumen FIR
6,9.12e-06,1.25e-06,0.13655978,Ashgabat FIR
7,6.85e-06,1.5e-07,0.02136998,Ashgabat FIR
8,7.61e-06,1.21e-06,0.15864336,Ashgabat FIR
9,8.4e-06,7.5e-06,0.89318517,Ashgabat FIR
10,8.21e-06,5.19e-06,0.63261416,Ashgabat FIR
11,9.05e-06,8.83e-06,0.97549182,Ashgabat FIR
12,1.345e-05,1.344e-05,0.99941071,Ashgabat FIR
13,1.014e-05,2.177e-05,2.147274,Ashgabat FIR
14,7.68e-06,1.641e-05,2.13576484,Ashgabat FIR
15,1.141e-05,1.556e-05,1.363777,Ashgabat FIR
16,1.329e-05,2.193e-05,1.64980611,Ashgabat FIR
17,1.785e-05,2.668e-05,1.49492008,Ashgabat FIR
18,1.919e-05,2.61e-05,1.36043493,Ashgabat FIR
19,1.016e-05,1.114e-05,1.0958863,Ashgabat FIR
20,5.52e-06,1.034e-05,1.87322826,Ashgabat FIR
21,1.14e-05,1.157e-05,1.01468942,Ashgabat FIR
22,1.428e-05,1.691e-05,1.18450333,Ashgabat FIR
23,2.138e-05,2.434e-05,1.13846151,Ashgabat FIR
0,3.279e-05,2.906e-05,0.88623721,Ashgabat FIR
1,2.866e-05,1.753e-05,0.61170515,Ashgabat FIR
2,2.299e-05,7.96e-06,0.34606997,Ashgabat FIR
3,1.916e-05,-8.7e-07,-0.04538243,Ashgabat FIR
4,1.091e-05,-2.87e-06,-0.26312735,Ashgabat FIR
5,7.51e-06,-2.6e-07,-0.03417102,Ashgabat FIR
6,7.03e-06,-1.83e-06,-0.25976269,Turkmenbashi FIR
7,1.14e-05,-1.21e-06,-0.10595272,Turkmenbashi FIR
8,7.79e-06,-1.48e-06,-0.18999045,Turkmenbashi FIR
9,7.1e-06,3.03e-06,0.42633263,Turkmenbashi FIR
10,9.12e-06,7.7e-06,0.84346962,Turkmenbashi FIR
11,9.86e-06,9.66e-06,0.97912502,Turkmenbashi FIR
12,1.049e-05,1.518e-05,1.44778968,Turkmenbashi FIR
13,1.299e-05,2.315e-05,1.78231075,Turkmenbashi FIR
14,1.342e-05,3.6e-05,2.68167347,Turkmenbashi FIR
15,1.451e-05,2.923e-05,2.01501569,Turkmenbashi FIR
16,1.879e-05,3.83e-05,2.03868267,Turkmenbashi FIR
17,2.135e-05,4.272e-05,2.00050563,Turkmenbashi FIR
18,1.258e-05,2.039e-05,1.62050397,Turkmenbashi FIR
19,7.97e-06,2.102e-05,2.63754205,Turkmenbashi FIR
20,8.14e-06,2.353e-05,2.8894906,Turkmenbashi FIR
21,1.346e-05,2.29e-05,1.70069853,Turkmenbashi FIR
22,1.419e-05,3.313e-05,2.33489793,Turkmenbashi FIR
23,1.879e-05,2.319e-05,1.23434435,Turkmenbashi FIR
0,2.927e-05,3.48e-05,1.18898533,Turkmenbashi FIR
1,3.867e-05,3.702e-05,0.95722904,Turkmenbashi FIR
2,2.939e-05,1.394e-05,0.47442532,Turkmenbashi FIR
3,1.717e-05,-3.29e-06,-0.19179006,Turkmenbashi FIR
4,1.115e-05,-3.98e-06,-0.35748101,Turkmenbashi FIR
5,7.26e-06,-2.21e-06,-0.30413763,Turkmenbashi FIR
6,1.7e-06,-4.5e-07,-0.26431424,Dashoguz FIR
7,2.95e-06,7.4e-07,0.24962345,Dashoguz FIR
8,4.63e-06,1.7e-06,0.36685945,Dashoguz FIR
9,4.12e-06,1.86e-06,0.45179972,Dashoguz FIR
10,3.48e-06,3.12e-06,0.89689957,Dashoguz FIR
11,3.34e-06,4.6e-06,1.37593779,Dashoguz FIR
12,3.67e-06,5.63e-06,1.53617775,Dashoguz FIR
13,3.29e-06,1.058e-05,3.20979976,Dashoguz FIR
14,3.34e-06,9.3e-06,2.78860836,Dashoguz FIR
15,4.12e-06,1.201e-05,2.91744617,Dashoguz FIR
16,3.05e-06,7.18e-06,2.35507127,Dashoguz FIR
17,3.5e-06,8.29e-06,2.36767425,Dashoguz FIR
18,2.64e-06,8.4e-06,3.17863068,Dashoguz FIR
19,2.4e-06,5.73e-06,2.38760982,Dashoguz FIR
20,3.34e-06,1.947e-05,5.83217386,Dashoguz FIR
21,3.07e-06,8.31e-06,2.71075724,Dashoguz FIR
22,3.67e-06,1.058e-05,2.88085747,Dashoguz FIR
23,6.86e-06,1.295e-05,1.88835051,Dashoguz FIR
0,7.07e-06,1.062e-05,1.50250071,Dashoguz FIR
1,7.68e-06,5.29e-06,0.68919349,Dashoguz FIR
2,7.53e-06,1.11e-06,0.14809507,Dashoguz FIR
3,5.16e-06,-1.19e-06,-0.23014071,Dashoguz FIR
4,2.06e-06,-1.59e-06,-0.77022163,Dashoguz FIR
5,2.62e-06,-9.1e-07,-0.34904113,Dashoguz FIR
6,5.76e-06,2.7e-07,0.04637155,Turkmenabat FIR
7,4.59e-06,1.6e-07,0.03481418,Turkmenabat FIR
8,5.02e-06,1.16e-06,0.23097244,Turkmenabat FIR
9,6.26e-06,1.23e-06,0.19618252,Turkmenabat FIR
10,6.66e-06,5.92e-06,0.88760164,Turkmenabat FIR
11,9.45e-06,6.52e-06,0.68928492,Turkmenabat FIR
12,9.66e-06,9.63e-06,0.99697597,Turkmenabat FIR
13,6.23e-06,1.622e-05,2.60168968,Turkmenabat FIR
14,4.43e-06,8.2e-06,1.85076704,Turkmenabat FIR
15,5.66e-06,8.43e-06,1.48925843,Turkmenabat FIR
16,8.67e-06,1.385e-05,1.59653345,Turkmenabat FIR
17,9.8e-06,1.281e-05,1.30763464,Turkmenabat FIR
18,1.288e-05,1.538e-05,1.19449296,Turkmenabat FIR
19,6.42e-06,5.09e-06,0.79252505,Turkmenabat FIR
20,5.46e-06,6.64e-06,1.2155083,Turkmenabat FIR
21,7.29e-06,9.14e-06,1.2538176,Turkmenabat FIR
22,1.269e-05,1.147e-05,0.90401881,Turkmenabat FIR
23,1.846e-05,2.362e-05,1.27922602,Turkmenabat FIR
0,2.077e-05,1.924e-05,0.92644257,Turkmenabat FIR
1,1.543e-05,7.71e-06,0.49982767,Turkmenabat FIR
2,1.689e-05,1.56e-06,0.0923751,Turkmenabat FIR
3,1.28e-05,-5.9e-07,-0.04578513,Turkmenabat FIR
4,8.19e-06,-1.23e-06,-0.14959736,Turkmenabat FIR
5,6.74e-06,5.9e-07,0.08740321,Turkmenabat FIR
6,2.2e-06,4.1e-07,0.18734426,Dushanbe FIR
7,1.8e-06,1.09e-06,0.60332569,Dushanbe FIR
8,2.06e-06,2.8e-07,0.13419207,Dushanbe FIR
9,3.05e-06,1.71e-06,0.56175442,Dushanbe FIR
10,2.87e-06,3.33e-06,1.15868903,Dushanbe FIR
11,2.21e-06,9e-07,0.40762265,Dushanbe FIR
12,2.36e-06,3.32e-06,1.40373845,Dushanbe FIR
13,2.2e-06,2.19e-06,0.99249618,Dushanbe FIR
14,1.69e-06,3.02e-06,1.78103026,Dushanbe FIR
15,1.76e-06,2.39e-06,1.35874933,Dushanbe FIR
16,1.89e-06,2.05e-06,1.08376972,Dushanbe FIR
17,2.19e-06,3.35e-06,1.53208354,Dushanbe FIR
18,3.08e-06,7.08e-06,2.30148856,Dushanbe FIR
19,2.39e-06,5.56e-06,2.32192921,Dushanbe FIR
20,2.59e-06,3.31e-06,1.27724666,Dushanbe FIR
21,3.5e-06,3.76e-06,1.07455583,Dushanbe FIR
22,4.53e-06,7.73e-06,1.70725196,Dushanbe FIR
23,5.01e-06,6.55e-06,1.30770186,Dushanbe FIR
0,4.12e-06,2.41e-06,0.5844703,Dushanbe FIR
1,3.11e-06,1.38e-06,0.44521906,Dushanbe FIR
2,2.99e-06,1.9e-07,0.06467832,Dushanbe FIR
3,3.32e-06,-3.7e-07,-0.11033783,Dushanbe FIR
4,4.21e-06,4e-08,0.01039641,Dushanbe FIR
5,2.38e-06,-8e-08,-0.03356757,Dushanbe FIR
6,7.38e-06,-2.38e-06,-0.32168752,Samarkand FIR
7,7.07e-06,-1.1e-07,-0.01562322,Samarkand FIR
8,9.44e-06,1.81e-06,0.19194099,Samarkand FIR
9,1.092e-05,4.15e-06,0.37998704,Samarkand FIR
10,1.052e-05,8.33e-06,0.79248042,Samarkand FIR
11,1.158e-05,1.78e-05,1.53722823,Samarkand FIR
12,1.363e-05,3.01e-05,2.20917423,Samarkand FIR
13,1.31e-05,4.304e-05,3.28664173,Samarkand FIR
14,7.06e-06,1.658e-05,2.34802596,Samarkand FIR
15,8.15e-06,2.064e-05,2.53149383,Samarkand FIR
16,1.196e-05,3.91e-05,3.26922646,Samarkand FIR
17,1.271e-05,3.563e-05,2.80344194,Samarkand FIR
18,1.109e-05,3.229e-05,2.91157496,Samarkand FIR
19,6.25e-06,1.637e-05,2.62055455,Samarkand FIR
20,1.063e-05,2.612e-05,2.45684528,Samarkand FIR
21,1.157e-05,4.13e-05,3.57075873,Samarkand FIR
22,1.702e-05,4.154e-05,2.44114905,Samarkand FIR
23,2.573e-05,4.65e-05,1.80699846,Samarkand FIR
0,2.587e-05,3.111e-05,1.20227382,Samarkand FIR
1,1.76e-05,1.296e-05,0.73649934,Samarkand FIR
2,1.643e-05,7.4e-07,0.0450258,Samarkand FIR
3,1.247e-05,-3.49e-06,-0.27995309,Samarkand FIR
4,1.221e-05,-4.3e-06,-0.35241989,Samarkand FIR
5,7.71e-06,-2.77e-06,-0.35902039,Samarkand FIR
6,1.682e-05,-1.091e-05,-0.64872747,Tashkent FIR
7,1.398e-05,-1.53e-06,-0.10936797,Tashkent FIR
8,1.529e-05,6.3e-06,0.41171995,Tashkent FIR
9,2.178e-05,1.412e-05,0.64837124,Tashkent FIR
10,2.056e-05,2.351e-05,1.14352152,Tashkent FIR
11,1.869e-05,2.573e-05,1.37635997,Tashkent FIR
12,2.078e-05,5.812e-05,2.79687492,Tashkent FIR
13,2.299e-05,8.248e-05,3.5880335,Tashkent FIR
14,2.175e-05,9.013e-05,4.1435718,Tashkent FIR
15,2.708e-05,0.00010172,3.75699289,Tashkent FIR
16,2.313e-05,8.576e-05,3.70803191,Tashkent FIR
17,2.302e-05,6.876e-05,2.98772927,Tashkent FIR
18,2.026e-05,7.366e-05,3.63532539,Tashkent FIR
19,1.52e-05,4.756e-05,3.12822063,Tashkent FIR
20,1.726e-05,6.348e-05,3.67823837,Tashkent FIR
21,2.108e-05,6.598e-05,3.12968894,Tashkent FIR
22,2.712e-05,7.413e-05,2.73352534,Tashkent FIR
23,3.915e-05,7.971e-05,2.03616351,Tashkent FIR
0,4.07e-05,6.905e-05,1.69643171,Tashkent FIR
1,3.126e-05,2.53e-05,0.80924596,Tashkent FIR
2,3.362e-05,7.6e-07,0.02259549,Tashkent FIR
3,2.986e-05,-1.578e-05,-0.52830009,Tashkent FIR
4,2.837e-05,-2.069e-05,-0.72927374,Tashkent FIR
5,1.995e-05,-1.012e-05,-0.50747008,Tashkent FIR
6,0.00038138,0.00053661,1.40703479,Moscow FIR
7,0.00040755,0.00062739,1.5394327,Moscow FIR
8,0.00042184,0.00075089,1.78004688,Moscow FIR
9,0.00044752,0.00086004,1.92177502,Moscow FIR
10,0.00043202,0.00110389,2.55519979,Moscow FIR
11,0.00042824,0.00133522,3.11794547,Moscow FIR
12,0.00045255,0.00170903,3.77645483,Moscow FIR
13,0.00048673,0.00199666,4.1022291,Moscow FIR
14,0.00050377,0.002458,4.87922474,Moscow FIR
15,0.00057582,0.00328833,5.71070083,Moscow FIR
16,0.00052375,0.00314983,6.01403906,Moscow FIR
17,0.00045402,0.0027633,6.08628098,Moscow FIR
18,0.00045483,0.00294059,6.46528258,Moscow FIR
19,0.0004528,0.0030967,6.8390678,Moscow FIR
20,0.00045963,0.00296699,6.45519636,Moscow FIR
21,0.0003519,0.00219357,6.2334933,Moscow FIR
22,0.00032299,0.00203787,6.30941288,Moscow FIR
23,0.0002809,0.00162741,5.7934545,Moscow FIR
0,0.00021646,0.00129161,5.96694992,Moscow FIR
1,0.00024116,0.00111021,4.60364902,Moscow FIR
2,0.00027723,0.00086151,3.10752036,Moscow FIR
3,0.00028741,0.00069118,2.40488982,Moscow FIR
4,0.00031701,0.00058931,1.85896813,Moscow FIR
5,0.00036315,0.00050146,1.38087995,Moscow FIR
6,3.027e-05,0.00010027,3.31287693,Syktyvkar FIR
7,2.462e-05,0.00010016,4.06876679,Syktyvkar FIR
8,3.283e-05,0.00012905,3.93027711,Syktyvkar FIR
9,5.1e-05,0.00015451,3.02965993,Syktyvkar FIR
10,7.19e-05,0.00024119,3.35469123,Syktyvkar FIR
11,6.59e-05,0.00030781,4.67066059,Syktyvkar FIR
12,5.396e-05,0.0002789,5.16841622,Syktyvkar FIR
13,4.999e-05,0.00030278,6.0572947,Syktyvkar FIR
14,4.695e-05,0.00029757,6.33752512,Syktyvkar FIR
15,4.109e-05,0.00030154,7.3390577,Syktyvkar FIR
16,4.842e-05,0.00043364,8.95668899,Syktyvkar FIR
17,5.658e-05,0.00047263,8.3531994,Syktyvkar FIR
18,4.309e-05,0.00039891,9.25755867,Syktyvkar FIR
19,3.157e-05,0.00031458,9.96548699,Syktyvkar FIR
20,3.154e-05,0.00034023,10.78655211,Syktyvkar FIR
21,3.069e-05,0.000333,10.8511614,Syktyvkar FIR
22,3.018e-05,0.00020507,6.79584706,Syktyvkar FIR
23,4.503e-05,0.00029009,6.44219013,Syktyvkar FIR
0,6.346e-05,0.00035836,5.64727462,Syktyvkar FIR
1,7.635e-05,0.00030942,4.05269387,Syktyvkar FIR
2,5.817e-05,0.00017981,3.09125868,Syktyvkar FIR
3,3.265e-05,0.00011573,3.54423052,Syktyvkar FIR
4,1.851e-05,4.482e-05,2.42149578,Syktyvkar FIR
5,2.378e-05,7.99e-05,3.35957602,Syktyvkar FIR
6,9.368e-05,0.00017721,1.89166676,Samara FIR
7,0.00010025,0.00022112,2.20561751,Samara FIR
8,0.00010411,0.00023716,2.27807615,Samara FIR
9,0.00010563,0.00033352,3.15737864,Samara FIR
10,0.0001003,0.00033637,3.35364451,Samara FIR
11,0.00010073,0.00041574,4.12720684,Samara FIR
12,0.00010119,0.0005094,5.03386268,Samara FIR
13,0.0001209,0.00071424,5.90780385,Samara FIR
14,0.00011216,0.00074405,6.63397939,Samara FIR
15,0.00013217,0.00097054,7.34296824,Samara FIR
16,0.00016096,0.0013065,8.11696858,Samara FIR
17,0.00014274,0.00119417,8.36621332,Samara FIR
18,0.00012636,0.0010014,7.9252437,Samara FIR
19,0.00012496,0.00108318,8.6685199,Samara FIR
20,0.00014248,0.00126573,8.88331064,Samara FIR
21,0.00014883,0.001316,8.8425379,Samara FIR
22,0.00015228,0.001242,8.15579967,Samara FIR
23,0.00016366,0.00109524,6.69209728,Samara FIR
0,0.00017007,0.00085008,4.99843268,Samara FIR
1,0.0001519,0.00049149,3.23560041,Samara FIR
2,0.00017077,0.00042491,2.48813172,Samara FIR
3,0.00015222,0.00030437,1.9995011,Samara FIR
4,0.00014261,0.00022993,1.61232003,Samara FIR
5,0.00010793,0.00012696,1.17625572,Samara FIR
6,0.00055124,-4.004e-05,-0.07263061,Mumbai FIR
7,0.00065534,-6.122e-05,-0.09341257,Mumbai FIR
8,0.00067601,-4.931e-05,-0.07293899,Mumbai FIR
9,0.00061569,-3.374e-05,-0.05480177,Mumbai FIR
10,0.00052128,2.57e-06,0.0049366,Mumbai FIR
11,0.00047819,5.181e-05,0.10834217,Mumbai FIR
12,0.00052665,0.00014422,0.27383695,Mumbai FIR
13,0.00052803,0.00018562,0.3515276,Mumbai FIR
14,0.0005256,0.0002143,0.40772234,Mumbai FIR
15,0.00054968,0.00027148,0.49387459,Mumbai FIR
16,0.0006614,0.00039943,0.60390836,Mumbai FIR
17,0.00072255,0.00039685,0.54922647,Mumbai FIR
18,0.00078147,0.00047498,0.60780173,Mumbai FIR
19,0.00072948,0.00045849,0.62850848,Mumbai FIR
20,0.00069392,0.00035744,0.51509505,Mumbai FIR
21,0.00072406,0.00038121,0.52649138,Mumbai FIR
22,0.00066335,0.00044762,0.67479084,Mumbai FIR
23,0.00065392,0.00063107,0.96505574,Mumbai FIR
0,0.00068207,0.00045401,0.66564482,Mumbai FIR
1,0.00077585,0.00012187,0.15708627,Mumbai FIR
2,0.00080708,-2.364e-05,-0.02929374,Mumbai FIR
3,0.00070397,-4.086e-05,-0.05804707,Mumbai FIR
4,0.00054937,-3.051e-05,-0.05553433,Mumbai FIR
5,0.00055852,-1.678e-05,-0.03003456,Mumbai FIR
6,6.324e-05,-7.438e-05,-1.17619543,Colombo FIR
7,3.095e-05,-2.749e-05,-0.88819528,Colombo FIR
8,3.462e-05,-1.391e-05,-0.40181699,Colombo FIR
9,4.226e-05,-1.078e-05,-0.25504506,Colombo FIR
10,5.229e-05,2.41e-05,0.46095069,Colombo FIR
11,5.856e-05,0.00011782,2.01186171,Colombo FIR
12,6.189e-05,0.00025574,4.13213301,Colombo FIR
13,4.388e-05,0.00014975,3.41252231,Colombo FIR
14,5.543e-05,0.00017748,3.20201626,Colombo FIR
15,8.282e-05,0.00032983,3.98235772,Colombo FIR
16,9.624e-05,0.00038874,4.03947371,Colombo FIR
17,8.479e-05,0.00028686,3.3829932,Colombo FIR
18,6.899e-05,0.00019012,2.75574668,Colombo FIR
19,5.874e-05,0.00016228,2.76253892,Colombo FIR
20,0.00010223,0.00052721,5.1572442,Colombo FIR
21,0.00016291,0.00113502,6.96734709,Colombo FIR
22,0.00010055,0.00052098,5.18151097,Colombo FIR
23,6.94e-05,0.00017642,2.54196287,Colombo FIR
0,5.54e-05,5.554e-05,1.00246348,Colombo FIR
1,2.274e-05,-2.238e-05,-0.98393855,Colombo FIR
2,1.64e-05,-2.2e-05,-1.34168737,Colombo FIR
3,5.562e-05,-5.073e-05,-0.91210745,Colombo FIR
4,7.671e-05,-0.00011627,-1.51573028,Colombo FIR
5,6.884e-05,-0.00011445,-1.6625539,Colombo FIR
6,5.799e-05,7.7e-07,0.01331125,Phnom Penh FIR
7,6.285e-05,4.6e-06,0.07325644,Phnom Penh FIR
8,6.852e-05,8.1e-06,0.11827453,Phnom Penh FIR
9,6.125e-05,2.729e-05,0.44561809,Phnom Penh FIR
10,6.104e-05,2.356e-05,0.38602986,Phnom Penh FIR
11,5.009e-05,2.134e-05,0.42598506,Phnom Penh FIR
12,5.471e-05,4.065e-05,0.74305546,Phnom Penh FIR
13,6.339e-05,4.856e-05,0.76600653,Phnom Penh FIR
14,5.798e-05,4.443e-05,0.76632393,Phnom Penh FIR
15,4.752e-05,3.874e-05,0.81516479,Phnom Penh FIR
16,5.555e-05,4.255e-05,0.76599738,Phnom Penh FIR
17,3.615e-05,3.006e-05,0.83165849,Phnom Penh FIR
18,3.366e-05,2.339e-05,0.695067,Phnom Penh FIR
19,2.41e-05,1.667e-05,0.69173658,Phnom Penh FIR
20,2.05e-05,3.972e-05,1.93788815,Phnom Penh FIR
21,1.235e-05,1.597e-05,1.29326355,Phnom Penh FIR
22,9.98e-06,7.28e-06,0.72889394,Phnom Penh FIR
23,1.273e-05,3.8e-06,0.29846807,Phnom Penh FIR
0,2.491e-05,7.4e-07,0.02961653,Phnom Penh FIR
1,2.822e-05,1.89e-06,0.06695098,Phnom Penh FIR
2,4.982e-05,1.78e-06,0.03578439,Phnom Penh FIR
3,5.114e-05,1.01e-06,0.01967785,Phnom Penh FIR
4,6.421e-05,9.7e-07,0.01506061,Phnom Penh FIR
5,5.218e-05,2.03e-06,0.03891724,Phnom Penh FIR
6,0.00039344,-6.61e-05,-0.16801011,Kolkata FIR
7,0.00033252,-3.543e-05,-0.10655817,Kolkata FIR
8,0.00033998,-1.754e-05,-0.05159544,Kolkata FIR
9,0.00033749,-1.61e-06,-0.00478506,Kolkata FIR
10,0.00037355,3.171e-05,0.0848845,Kolkata FIR
11,0.00033829,9.763e-05,0.28859251,Kolkata FIR
12,0.00026895,0.00010964,0.40767013,Kolkata FIR
13,0.0002654,8.867e-05,0.33408303,Kolkata FIR
14,0.00028748,0.00013297,0.46255223,Kolkata FIR
15,0.00032199,0.00016658,0.5173681,Kolkata FIR
16,0.0003385,0.00017919,0.52937523,Kolkata FIR
17,0.00029719,0.00018576,0.62506049,Kolkata FIR
18,0.00026353,0.0001673,0.63483196,Kolkata FIR
19,0.00029519,0.00018136,0.6143801,Kolkata FIR
20,0.000364,0.00028482,0.78247754,Kolkata FIR
21,0.00037253,0.00034015,0.91306247,Kolkata FIR
22,0.00031792,0.00018873,0.59363998,Kolkata FIR
23,0.00020682,8.251e-05,0.39895594,Kolkata FIR
0,0.00015209,1.685e-05,0.11079598,Kolkata FIR
1,0.00018328,-1.206e-05,-0.06579434,Kolkata FIR
2,0.00026472,-1.655e-05,-0.0625126,Kolkata FIR
3,0.00032894,-3.896e-05,-0.11845043,Kolkata FIR
4,0.0004095,-5.372e-05,-0.1311778,Kolkata FIR
5,0.00042945,-7.774e-05,-0.18101579,Kolkata FIR
6,5.254e-05,-2.64e-06,-0.05031981,Dhaka FIR
7,4.212e-05,-1.91e-06,-0.04523334,Dhaka FIR
8,3.843e-05,-4.8e-07,-0.01242266,Dhaka FIR
9,4.702e-05,8.6e-07,0.01835005,Dhaka FIR
10,4.427e-05,6.21e-06,0.14033659,Dhaka FIR
11,4.569e-05,1.532e-05,0.33525014,Dhaka FIR
12,3.784e-05,1.312e-05,0.34665542,Dhaka FIR
13,3.465e-05,1.246e-05,0.35964582,Dhaka FIR
14,3.388e-05,1.306e-05,0.38533733,Dhaka FIR
15,3.723e-05,2.205e-05,0.59222127,Dhaka FIR
16,3.214e-05,1.871e-05,0.58227268,Dhaka FIR
17,3.471e-05,1.382e-05,0.39811075,Dhaka FIR
18,3.481e-05,1.086e-05,0.31210568,Dhaka FIR
19,3.626e-05,1.169e-05,0.32256369,Dhaka FIR
20,4.325e-05,2.001e-05,0.4627229,Dhaka FIR
21,4.574e-05,2.075e-05,0.45358658,Dhaka FIR
22,3.36e-05,1.02e-05,0.30352675,Dhaka FIR
23,2.787e-05,2.96e-06,0.10602979,Dhaka FIR
0,2.293e-05,-1.2e-07,-0.00515701,Dhaka FIR
1,2.683e-05,-7e-07,-0.02608387,Dhaka FIR
2,2.637e-05,-6.4e-07,-0.0242731,Dhaka FIR
3,3.458e-05,-5.5e-07,-0.01603623,Dhaka FIR
4,5.847e-05,-5.07e-06,-0.0867624,Dhaka FIR
5,5.137e-05,-3.87e-06,-0.07537353,Dhaka FIR
6,0.00031559,-5.757e-05,-0.18243044,Hong Kong FIR
7,0.00029583,-3.52e-05,-0.11897951,Hong Kong FIR
8,0.00027216,3.31e-06,0.01215732,Hong Kong FIR
9,0.00029149,4.738e-05,0.16254238,Hong Kong FIR
10,0.00027945,0.00011149,0.39895527,Hong Kong FIR
11,0.00027432,8.156e-05,0.29733225,Hong Kong FIR
12,0.00029332,0.00013854,0.47233595,Hong Kong FIR
13,0.00030299,0.00015454,0.51006482,Hong Kong FIR
14,0.00029414,0.00014633,0.49747527,Hong Kong FIR
15,0.00025409,0.0001045,0.4112811,Hong Kong FIR
16,0.00021196,8.039e-05,0.37926768,Hong Kong FIR
17,0.00019432,8.092e-05,0.41640273,Hong Kong FIR
18,0.00019649,6.544e-05,0.33303875,Hong Kong FIR
19,0.00020175,0.00014331,0.71031486,Hong Kong FIR
20,0.00021301,0.00013466,0.63218058,Hong Kong FIR
21,0.00021356,5.388e-05,0.25230727,Hong Kong FIR
22,0.00015222,6.1e-07,0.00402525,Hong Kong FIR
23,9.478e-05,-1.106e-05,-0.11665851,Hong Kong FIR
0,7.975e-05,-1.373e-05,-0.17213497,Hong Kong FIR
1,0.00017338,-3.893e-05,-0.22452816,Hong Kong FIR
2,0.00023879,-5.45e-05,-0.22824591,Hong Kong FIR
3,0.0002467,-5.979e-05,-0.24236417,Hong Kong FIR
4,0.00028803,-7.221e-05,-0.25071681,Hong Kong FIR
5,0.000283,-5.936e-05,-0.20974763,Hong Kong FIR
6,0.00025374,-1.489e-05,-0.05869991,Delhi FIR
7,0.00024608,-1.927e-05,-0.07832125,Delhi FIR
8,0.00022651,-2.096e-05,-0.09254439,Delhi FIR
9,0.00024156,-1.838e-05,-0.07610892,Delhi FIR
10,0.00024159,-8.08e-06,-0.03342439,Delhi FIR
11,0.00024158,1.998e-05,0.08271335,Delhi FIR
12,0.00023877,4.241e-05,0.17760488,Delhi FIR
13,0.00023119,4.297e-05,0.18588034,Delhi FIR
14,0.00022711,3.767e-05,0.16585721,Delhi FIR
15,0.00021603,2.596e-05,0.12018574,Delhi FIR
16,0.00021799,3.67e-05,0.16834747,Delhi FIR
17,0.00022796,4.416e-05,0.19372917,Delhi FIR
18,0.00020204,4.433e-05,0.21939346,Delhi FIR
19,0.00017399,3.724e-05,0.21401022,Delhi FIR
20,0.00015254,4.546e-05,0.29799129,Delhi FIR
21,0.00016627,5.143e-05,0.30928029,Delhi FIR
22,0.00017647,5.728e-05,0.32459698,Delhi FIR
23,0.00012504,3.702e-05,0.29608611,Delhi FIR
0,0.00011097,1.917e-05,0.17272485,Delhi FIR
1,0.00015222,5.83e-06,0.03830019,Delhi FIR
2,0.00020598,-8.04e-06,-0.03901706,Delhi FIR
3,0.00025468,-1.42e-05,-0.05575686,Delhi FIR
4,0.00025789,-1.427e-05,-0.0553472,Delhi FIR
5,0.00025009,-1.634e-05,-0.06532498,Delhi FIR
6,7.902e-05,-7.85e-06,-0.09934668,Vientiane FIR
7,8.395e-05,-7.09e-06,-0.08441136,Vientiane FIR
8,8.559e-05,-1.26e-06,-0.01476837,Vientiane FIR
9,8.071e-05,2.008e-05,0.24877733,Vientiane FIR
10,9.553e-05,3.569e-05,0.37357132,Vientiane FIR
11,9.1e-05,4.449e-05,0.48894173,Vientiane FIR
12,7.967e-05,4.351e-05,0.54610257,Vientiane FIR
13,9.632e-05,5.335e-05,0.5538376,Vientiane FIR
14,9.972e-05,6.537e-05,0.65553419,Vientiane FIR
15,8.527e-05,6.771e-05,0.79405333,Vientiane FIR
16,9.62e-05,7.247e-05,0.75328506,Vientiane FIR
17,8.325e-05,5.025e-05,0.60361943,Vientiane FIR
18,8.465e-05,6.255e-05,0.73884843,Vientiane FIR
19,7.898e-05,8.736e-05,1.10610871,Vientiane FIR
20,7.084e-05,7.396e-05,1.04415241,Vientiane FIR
21,7.565e-05,7.259e-05,0.95954915,Vientiane FIR
22,5.432e-05,2.293e-05,0.42209426,Vientiane FIR
23,3.335e-05,7.31e-06,0.21914779,Vientiane FIR
0,3.504e-05,1.42e-06,0.04063419,Vientiane FIR
1,3.669e-05,1.54e-06,0.04204274,Vientiane FIR
2,4.801e-05,-1.87e-06,-0.03897081,Vientiane FIR
3,7.162e-05,-3.31e-06,-0.04626066,Vientiane FIR
4,7.214e-05,-2.11e-06,-0.02923589,Vientiane FIR
5,8.243e-05,-9.62e-06,-0.11666513,Vientiane FIR
6,1.259e-05,-4e-07,-0.0321059,Kathmandu FIR
7,1.158e-05,-1.8e-07,-0.01513757,Kathmandu FIR
8,1.083e-05,-2.2e-07,-0.02047096,Kathmandu FIR
9,1.149e-05,-1.7e-07,-0.0147054,Kathmandu FIR
10,1.242e-05,2.1e-07,0.0170302,Kathmandu FIR
11,1.061e-05,4.7e-07,0.04400391,Kathmandu FIR
12,1.303e-05,2.59e-06,0.1989114,Kathmandu FIR
13,1.098e-05,3.35e-06,0.30511791,Kathmandu FIR
14,8.22e-06,9.5e-07,0.11511787,Kathmandu FIR
15,7.48e-06,1e-06,0.13360484,Kathmandu FIR
16,7.52e-06,2.07e-06,0.27537178,Kathmandu FIR
17,8.4e-06,2.48e-06,0.29569262,Kathmandu FIR
18,8.1e-06,2.27e-06,0.2800594,Kathmandu FIR
19,5.17e-06,1.19e-06,0.23105472,Kathmandu FIR
20,3.76e-06,1.2e-06,0.31982867,Kathmandu FIR
21,5.29e-06,1.49e-06,0.28187449,Kathmandu FIR
22,3.79e-06,6.6e-07,0.17499129,Kathmandu FIR
23,2.23e-06,6.7e-07,0.30034492,Kathmandu FIR
0,1.73e-06,2e-07,0.11443499,Kathmandu FIR
1,1.72e-06,7e-08,0.04190508,Kathmandu FIR
2,2.9e-06,6e-08,0.02017942,Kathmandu FIR
3,8.15e-06,-1.1e-07,-0.01291959,Kathmandu FIR
4,1.033e-05,-1.4e-07,-0.01340966,Kathmandu FIR
5,1.146e-05,-5.6e-07,-0.0491708,Kathmandu FIR
6,0.00052676,-0.00019709,-0.37415397,Chennai FIR
7,0.00048927,-0.00015294,-0.31260077,Chennai FIR
8,0.00043256,-5.737e-05,-0.13263812,Chennai FIR
9,0.00042636,-2.997e-05,-0.07028977,Chennai FIR
10,0.00043619,8.044e-05,0.18442372,Chennai FIR
11,0.00046122,0.00027076,0.58705817,Chennai FIR
12,0.00037235,0.00034069,0.91496934,Chennai FIR
13,0.0003704,0.00038992,1.05272253,Chennai FIR
14,0.00042077,0.00061991,1.4732649,Chennai FIR
15,0.00053434,0.00083905,1.5702581,Chennai FIR
16,0.0005938,0.00085896,1.44654656,Chennai FIR
17,0.00062236,0.00083648,1.34404603,Chennai FIR
18,0.00054742,0.00064657,1.18112553,Chennai FIR
19,0.00048472,0.00052021,1.07322398,Chennai FIR
20,0.00053651,0.00083046,1.54788166,Chennai FIR
21,0.00058818,0.00108925,1.85189864,Chennai FIR
22,0.00055129,0.00123667,2.24324188,Chennai FIR
23,0.0003907,0.0007037,1.80111894,Chennai FIR
0,0.00028754,0.00016909,0.58804105,Chennai FIR
1,0.00031911,-6.47e-06,-0.02027814,Chennai FIR
2,0.00044528,-7.842e-05,-0.1761204,Chennai FIR
3,0.00048666,-9.295e-05,-0.19099771,Chennai FIR
4,0.00049182,-0.00014224,-0.28921903,Chennai FIR
5,0.00053626,-0.00019234,-0.35866535,Chennai FIR
6,1.209e-05,-1.199e-05,-0.99209757,Male FIR
7,1.677e-05,-9.93e-06,-0.59197874,Male FIR
8,7.05e-06,-5.44e-06,-0.77161281,Male FIR
9,1.552e-05,-7.03e-06,-0.45321603,Male FIR
10,1.437e-05,-5.83e-06,-0.40539978,Male FIR
11,1.147e-05,1.008e-05,0.87946738,Male FIR
12,9.06e-06,2.132e-05,2.35288812,Male FIR
13,5.33e-06,1.018e-05,1.90903915,Male FIR
14,5.3e-06,1.256e-05,2.37166337,Male FIR
15,1.545e-05,3.986e-05,2.57973775,Male FIR
16,1.141e-05,3.895e-05,3.41232334,Male FIR
17,1.549e-05,5.851e-05,3.77726133,Male FIR
18,8.75e-06,2.016e-05,2.30441574,Male FIR
19,6.54e-06,2.196e-05,3.35653226,Male FIR
20,5.65e-06,3.061e-05,5.41329252,Male FIR
21,4.22e-06,4.112e-05,9.74979154,Male FIR
22,1.764e-05,0.00011656,6.60818105,Male FIR
23,1.5e-05,5.261e-05,3.50665732,Male FIR
0,3.42e-06,6.37e-06,1.86280133,Male FIR
1,3.98e-06,2.7e-07,0.068331,Male FIR
2,6.25e-06,-7.02e-06,-1.12416659,Male FIR
3,1.397e-05,-3.299e-05,-2.36225254,Male FIR
4,1.372e-05,-2.194e-05,-1.59944336,Male FIR
5,1.604e-05,-2.185e-05,-1.36229741,Male FIR
6,0.00045011,-6.522e-05,-0.14490028,Bangkok FIR
7,0.00043999,-7.931e-05,-0.18025899,Bangkok FIR
8,0.00049869,-3.297e-05,-0.06611542,Bangkok FIR
9,0.00047212,5.633e-05,0.11931313,Bangkok FIR
10,0.00049281,0.00017594,0.35701138,Bangkok FIR
11,0.000464,0.00031186,0.67211972,Bangkok FIR
12,0.00049245,0.00036208,0.73526764,Bangkok FIR
13,0.00045412,0.00035381,0.77911303,Bangkok FIR
14,0.00043888,0.00030064,0.68501141,Bangkok FIR
15,0.0004047,0.00052903,1.30721663,Bangkok FIR
16,0.00039027,0.00045721,1.17151176,Bangkok FIR
17,0.00029884,0.00025783,0.86275137,Bangkok FIR
18,0.0002881,0.0002927,1.01598091,Bangkok FIR
19,0.00025293,0.00027142,1.07312693,Bangkok FIR
20,0.0002058,0.00029605,1.438547,Bangkok FIR
21,0.00021593,0.00036314,1.68171361,Bangkok FIR
22,0.00018689,0.00023881,1.27782109,Bangkok FIR
23,0.00015683,4.612e-05,0.2940887,Bangkok FIR
0,0.00020681,-1.968e-05,-0.0951381,Bangkok FIR
1,0.00028881,-6.365e-05,-0.22038363,Bangkok FIR
2,0.00034364,-5.986e-05,-0.17419389,Bangkok FIR
3,0.00042278,-5.28e-05,-0.12489529,Bangkok FIR
4,0.00042588,-5.244e-05,-0.12314244,Bangkok FIR
5,0.00041612,-3.305e-05,-0.07942885,Bangkok FIR
6,0.00035357,-0.00010453,-0.2956355,Ho Chi Minh FIR
7,0.00037548,-8.729e-05,-0.23247912,Ho Chi Minh FIR
8,0.0003989,2.14e-05,0.0536377,Ho Chi Minh FIR
9,0.00038648,0.0002761,0.71439633,Ho Chi Minh FIR
10,0.00035877,0.00043643,1.21644604,Ho Chi Minh FIR
11,0.00035553,0.00060072,1.68965096,Ho Chi Minh FIR
12,0.00035027,0.00069686,1.98951223,Ho Chi Minh FIR
13,0.00036186,0.00080886,2.23527903,Ho Chi Minh FIR
14,0.00032523,0.00080928,2.48832575,Ho Chi Minh FIR
15,0.0003142,0.00058776,1.87064099,Ho Chi Minh FIR
16,0.00028288,0.00043647,1.54297453,Ho Chi Minh FIR
17,0.00027035,0.00036641,1.3552976,Ho Chi Minh FIR
18,0.0002557,0.00045375,1.77451432,Ho Chi Minh FIR
19,0.0002343,0.00062407,2.66350881,Ho Chi Minh FIR
20,0.00023359,0.00058339,2.49750534,Ho Chi Minh FIR
21,0.00016929,0.00034032,2.01026798,Ho Chi Minh FIR
22,0.00012687,9.311e-05,0.7339084,Ho Chi Minh FIR
23,0.00010127,-1.153e-05,-0.11382911,Ho Chi Minh FIR
0,0.00015281,-4.612e-05,-0.3018198,Ho Chi Minh FIR
1,0.00023488,-8.467e-05,-0.36048671,Ho Chi Minh FIR
2,0.00031305,-9.958e-05,-0.31808591,Ho Chi Minh FIR
3,0.00043486,-0.00015191,-0.34933225,Ho Chi Minh FIR
4,0.00039071,-0.0001217,-0.31148942,Ho Chi Minh FIR
5,0.00036924,-0.00011274,-0.30534134,Ho Chi Minh FIR
6,0.000124,-6.82e-06,-0.05500538,Hanoi FIR
7,0.00012313,-4.49e-06,-0.03644867,Hanoi FIR
8,0.00012896,-4.22e-06,-0.03270881,Hanoi FIR
9,0.00012876,4.6e-06,0.03574595,Hanoi FIR
10,0.00014203,2.475e-05,0.17427202,Hanoi FIR
11,0.00012392,3.509e-05,0.28316205,Hanoi FIR
12,0.00012007,2.405e-05,0.20032535,Hanoi FIR
13,0.0001443,3.551e-05,0.24610637,Hanoi FIR
14,0.0001513,3.861e-05,0.25516835,Hanoi FIR
15,0.00013164,3.621e-05,0.27506914,Hanoi FIR
16,0.00012638,1.75e-05,0.13846334,Hanoi FIR
17,0.0001087,1.67e-05,0.15365893,Hanoi FIR
18,0.00010454,1.659e-05,0.15865207,Hanoi FIR
19,8.702e-05,3.108e-05,0.35713372,Hanoi FIR
20,7.004e-05,2.394e-05,0.34186762,Hanoi FIR
21,6.241e-05,1.556e-05,0.24926834,Hanoi FIR
22,5.744e-05,5.59e-06,0.09723876,Hanoi FIR
23,3.911e-05,-1.62e-06,-0.0413789,Hanoi FIR
0,6.885e-05,-4.97e-06,-0.07217415,Hanoi FIR
1,9.692e-05,-4.01e-06,-0.04136485,Hanoi FIR
2,9.43e-05,-1.173e-05,-0.12434723,Hanoi FIR
3,0.00012385,-1.265e-05,-0.10212121,Hanoi FIR
4,0.00011568,-5.95e-06,-0.05142938,Hanoi FIR
5,0.00012627,-4.42e-06,-0.03500984,Hanoi FIR
6,0.00013986,-2.736e-05,-0.19562976,Yangon FIR
7,0.00014492,-2.056e-05,-0.14189729,Yangon FIR
8,0.00013761,-9.46e-06,-0.06876417,Yangon FIR
9,0.0001169,1.217e-05,0.10410338,Yangon FIR
10,0.00012265,4.988e-05,0.40669788,Yangon FIR
11,0.00014119,0.00011091,0.78557063,Yangon FIR
12,0.00013338,0.0001249,0.93643015,Yangon FIR
13,0.00010835,0.00010016,0.92439221,Yangon FIR
14,0.00011316,9.955e-05,0.87978991,Yangon FIR
15,0.00012589,0.000109,0.86582663,Yangon FIR
16,0.00012925,0.00019418,1.5023465,Yangon FIR
17,0.00013421,0.00015489,1.15415056,Yangon FIR
18,0.00014309,0.00015141,1.05810142,Yangon FIR
19,0.0001679,0.00017354,1.03358034,Yangon FIR
20,0.00018637,0.00022794,1.22305826,Yangon FIR
21,0.0001851,0.00021944,1.18553614,Yangon FIR
22,0.00018286,0.0002416,1.32123862,Yangon FIR
23,0.00016021,9.24e-05,0.57673807,Yangon FIR
0,0.00012235,-2.17e-06,-0.01770037,Yangon FIR
1,0.00010317,-1.863e-05,-0.18061574,Yangon FIR
2,0.00011186,-2.256e-05,-0.20166773,Yangon FIR
3,0.00012366,-2.247e-05,-0.18172775,Yangon FIR
4,0.0001575,-2.48e-05,-0.15747705,Yangon FIR
5,0.00017909,-3.76e-05,-0.20993137,Yangon FIR
6,0.00044047,-0.00025028,-0.56820307,U-Jung Pandang FIR
7,0.00042409,-0.00010888,-0.25673009,U-Jung Pandang FIR
8,0.00037425,0.00011728,0.31336441,U-Jung Pandang FIR
9,0.00033712,0.00036317,1.07726751,U-Jung Pandang FIR
10,0.00034278,0.000613,1.7883064,U-Jung Pandang FIR
11,0.00031522,0.00066608,2.11307648,U-Jung Pandang FIR
12,0.00025949,0.00069798,2.68983389,U-Jung Pandang FIR
13,0.00027873,0.00067061,2.40592698,U-Jung Pandang FIR
14,0.00026735,0.00060011,2.2446399,U-Jung Pandang FIR
15,0.00028738,0.00089975,3.13091129,U-Jung Pandang FIR
16,0.00025812,0.00086434,3.34855579,U-Jung Pandang FIR
17,0.00025704,0.00090426,3.51796671,U-Jung Pandang FIR
18,0.00028193,0.00100791,3.57498865,U-Jung Pandang FIR
19,0.00027407,0.00092683,3.38180141,U-Jung Pandang FIR
20,0.00020925,0.0006755,3.22823138,U-Jung Pandang FIR
21,0.00017176,0.00021268,1.23825068,U-Jung Pandang FIR
22,0.0001293,2.146e-05,0.16598718,U-Jung Pandang FIR
23,0.00018683,-7.133e-05,-0.38180765,U-Jung Pandang FIR
0,0.00031639,-0.00016724,-0.5285954,U-Jung Pandang FIR
1,0.0003091,-0.0001694,-0.54805108,U-Jung Pandang FIR
2,0.00032597,-0.00015556,-0.47721975,U-Jung Pandang FIR
3,0.0003473,-0.0001537,-0.44256249,U-Jung Pandang FIR
4,0.00038105,-0.00019724,-0.51762966,U-Jung Pandang FIR
5,0.00039975,-0.00022078,-0.55228792,U-Jung Pandang FIR
6,6.36e-05,-4.991e-05,-0.78479287,Kota Kinabalu FIR
7,8.028e-05,-5.383e-05,-0.67051618,Kota Kinabalu FIR
8,8.207e-05,-2.446e-05,-0.29805817,Kota Kinabalu FIR
9,7.916e-05,5.325e-05,0.67261827,Kota Kinabalu FIR
10,8.261e-05,0.00012889,1.56028916,Kota Kinabalu FIR
11,8.288e-05,0.00017729,2.1390846,Kota Kinabalu FIR
12,8.404e-05,0.00013622,1.62093316,Kota Kinabalu FIR
13,7.947e-05,0.00014886,1.87321612,Kota Kinabalu FIR
14,8.767e-05,0.00024131,2.75242178,Kota Kinabalu FIR
15,8.81e-05,0.00023539,2.67200475,Kota Kinabalu FIR
16,5.747e-05,9.18e-05,1.59727013,Kota Kinabalu FIR
17,4.084e-05,8.663e-05,2.12096861,Kota Kinabalu FIR
18,3.258e-05,7.091e-05,2.17629695,Kota Kinabalu FIR
19,3.874e-05,0.00013129,3.38930583,Kota Kinabalu FIR
20,4.757e-05,0.00018945,3.98230766,Kota Kinabalu FIR
21,1.965e-05,4.436e-05,2.25790743,Kota Kinabalu FIR
22,2.303e-05,2.191e-05,0.95162918,Kota Kinabalu FIR
23,3.196e-05,-1.202e-05,-0.37605392,Kota Kinabalu FIR
0,3.153e-05,-7.08e-06,-0.22448894,Kota Kinabalu FIR
1,5.292e-05,-1.98e-05,-0.3742136,Kota Kinabalu FIR
2,7.934e-05,-3.875e-05,-0.48835125,Kota Kinabalu FIR
3,8.695e-05,-4.144e-05,-0.47660217,Kota Kinabalu FIR
4,8.61e-05,-6.595e-05,-0.7659397,Kota Kinabalu FIR
5,8.138e-05,-6.18e-05,-0.75944227,Kota Kinabalu FIR
6,0.00049328,-0.00021524,-0.43635321,Jakarta FIR
7,0.00045631,-0.00015032,-0.32942337,Jakarta FIR
8,0.00046705,-6.511e-05,-0.13940675,Jakarta FIR
9,0.00047937,0.00021689,0.45244033,Jakarta FIR
10,0.00048562,0.00054576,1.12384513,Jakarta FIR
11,0.00041912,0.0006918,1.65061918,Jakarta FIR
12,0.00043851,0.00088968,2.02885623,Jakarta FIR
13,0.00046767,0.00125525,2.68402612,Jakarta FIR
14,0.00048932,0.00150343,3.07250781,Jakarta FIR
15,0.00037708,0.0011984,3.17813898,Jakarta FIR
16,0.00028741,0.0010816,3.76328507,Jakarta FIR
17,0.00018167,0.00066093,3.63814178,Jakarta FIR
18,0.00017218,0.00080287,4.66306578,Jakarta FIR
19,0.0001491,0.00088446,5.93213469,Jakarta FIR
20,0.00013649,0.00068379,5.00964148,Jakarta FIR
21,0.00011615,0.00053669,4.62084119,Jakarta FIR
22,0.00012661,0.00028432,2.24557722,Jakarta FIR
23,0.00020536,8.816e-05,0.42930736,Jakarta FIR
0,0.00035057,-0.00011884,-0.33898938,Jakarta FIR
1,0.00038704,-0.00025268,-0.65285958,Jakarta FIR
2,0.00040093,-0.00016988,-0.4237254,Jakarta FIR
3,0.00048597,-0.000246,-0.50620941,Jakarta FIR
4,0.00048062,-0.00020333,-0.42304523,Jakarta FIR
5,0.00049,-0.00022295,-0.455008,Jakarta FIR
6,0.00026492,-8.118e-05,-0.30644951,Kuala Lumpur FIR
7,0.00029425,-9.075e-05,-0.30841965,Kuala Lumpur FIR
8,0.00030767,-4.208e-05,-0.136756,Kuala Lumpur FIR
9,0.00031071,6.222e-05,0.20025421,Kuala Lumpur FIR
10,0.00026028,0.00014768,0.56740269,Kuala Lumpur FIR
11,0.00028224,0.00029762,1.05450899,Kuala Lumpur FIR
12,0.00029343,0.0004428,1.50902661,Kuala Lumpur FIR
13,0.00028099,0.00051086,1.81803876,Kuala Lumpur FIR
14,0.00029324,0.00055325,1.88669592,Kuala Lumpur FIR
15,0.00022322,0.00044216,1.98084107,Kuala Lumpur FIR
16,0.00018158,0.00032214,1.77414135,Kuala Lumpur FIR
17,0.00015703,0.00021551,1.37235413,Kuala Lumpur FIR
18,0.00011462,0.00029881,2.60701955,Kuala Lumpur FIR
19,9.752e-05,0.00036304,3.72272593,Kuala Lumpur FIR
20,9.831e-05,0.00033759,3.43401586,Kuala Lumpur FIR
21,9.277e-05,0.00029588,3.18931674,Kuala Lumpur FIR
22,0.00012398,0.00025091,2.02388748,Kuala Lumpur FIR
23,0.00017768,7.406e-05,0.41682491,Kuala Lumpur FIR
0,0.00023125,-6.788e-05,-0.29353764,Kuala Lumpur FIR
1,0.00020672,-7.863e-05,-0.38037143,Kuala Lumpur FIR
2,0.00023264,-6.968e-05,-0.29952261,Kuala Lumpur FIR
3,0.00025855,-6.889e-05,-0.26644042,Kuala Lumpur FIR
4,0.00023943,-5.264e-05,-0.21985237,Kuala Lumpur FIR
5,0.00022715,-4.407e-05,-0.19403845,Kuala Lumpur FIR
6,0.00022854,-0.00015367,-0.67239963,Singapore FIR
7,0.00027445,-0.00014597,-0.53187278,Singapore FIR
8,0.00031421,-7.602e-05,-0.24193401,Singapore FIR
9,0.0002898,0.00017675,0.60988635,Singapore FIR
10,0.00025667,0.00043558,1.69702585,Singapore FIR
11,0.00027708,0.00069001,2.49024768,Singapore FIR
12,0.00025118,0.00070016,2.78749309,Singapore FIR
13,0.00024542,0.00069489,2.8314286,Singapore FIR
14,0.00026666,0.00098253,3.68459466,Singapore FIR
15,0.00025898,0.00079021,3.05121127,Singapore FIR
16,0.00020993,0.00062053,2.95595328,Singapore FIR
17,0.0001411,0.00040104,2.84230856,Singapore FIR
18,0.00010454,0.00038125,3.64688224,Singapore FIR
19,0.00013204,0.00059543,4.50935553,Singapore FIR
20,0.00012681,0.00056529,4.45765638,Singapore FIR
21,9.764e-05,0.00041252,4.22496466,Singapore FIR
22,7.49e-05,0.00014704,1.96318942,Singapore FIR
23,0.00010904,-3.944e-05,-0.3616897,Singapore FIR
0,0.00016452,-0.00015123,-0.91920523,Singapore FIR
1,0.00019673,-0.0001575,-0.80055955,Singapore FIR
2,0.00023993,-0.00021882,-0.91200591,Singapore FIR
3,0.00024795,-0.00019991,-0.80627506,Singapore FIR
4,0.00026835,-0.00019783,-0.73722967,Singapore FIR
5,0.00024074,-0.00018804,-0.78110955,Singapore FIR
6,0.00061693,7.709e-05,0.12496221,Brisbane FIR
7,0.00054849,0.00012382,0.22574807,Brisbane FIR
8,0.00050238,0.0001748,0.34794965,Brisbane FIR
9,0.00050277,0.00023899,0.47534431,Brisbane FIR
10,0.00045775,0.00030292,0.66176293,Brisbane FIR
11,0.00038585,0.00025861,0.67025175,Brisbane FIR
12,0.00030113,0.00017115,0.56835197,Brisbane FIR
13,0.00025657,0.00014913,0.58122557,Brisbane FIR
14,0.0002283,0.00015387,0.673988,Brisbane FIR
15,0.00023399,0.00021315,0.91096815,Brisbane FIR
16,0.00025132,0.00024597,0.97872256,Brisbane FIR
17,0.00027715,0.00027334,0.98626661,Brisbane FIR
18,0.0002899,0.0002616,0.90237365,Brisbane FIR
19,0.00031258,0.00017675,0.56543863,Brisbane FIR
20,0.00037516,8.2e-05,0.21856099,Brisbane FIR
21,0.00046843,-1.431e-05,-0.03054372,Brisbane FIR
22,0.00052409,-5.092e-05,-0.09715476,Brisbane FIR
23,0.00048798,-2.656e-05,-0.05442506,Brisbane FIR
0,0.00052292,-3.417e-05,-0.06534474,Brisbane FIR
1,0.00061985,-2.967e-05,-0.04786059,Brisbane FIR
2,0.00069522,-1.731e-05,-0.02489925,Brisbane FIR
3,0.0006822,-3.056e-05,-0.04480088,Brisbane FIR
4,0.00066507,-6.18e-06,-0.00929653,Brisbane FIR
5,0.00061625,2.016e-05,0.03271067,Brisbane FIR
6,0.00071655,3.394e-05,0.04736244,Melbourne FIR
7,0.00078086,9.131e-05,0.11692959,Melbourne FIR
8,0.00079869,0.00024032,0.30089705,Melbourne FIR
9,0.0007296,0.0003056,0.4188563,Melbourne FIR
10,0.00068266,0.00034043,0.49868962,Melbourne FIR
11,0.00059412,0.00037039,0.62342444,Melbourne FIR
12,0.00050244,0.00038006,0.75643,Melbourne FIR
13,0.00041963,0.00045932,1.09459027,Melbourne FIR
14,0.00036606,0.00038106,1.04097078,Melbourne FIR
15,0.000316,0.00025731,0.81425124,Melbourne FIR
16,0.00028964,0.00022381,0.77270852,Melbourne FIR
17,0.0002966,0.00021312,0.71855291,Melbourne FIR
18,0.00033844,0.00028137,0.8313745,Melbourne FIR
19,0.00037983,0.00047407,1.24811158,Melbourne FIR
20,0.00037781,0.00043407,1.14888787,Melbourne FIR
21,0.000422,8.511e-05,0.20169451,Melbourne FIR
22,0.00049383,2.318e-05,0.04693233,Melbourne FIR
23,0.00059158,-1.599e-05,-0.0270366,Melbourne FIR
0,0.00068157,-2.427e-05,-0.03561206,Melbourne FIR
1,0.0007287,-5.279e-05,-0.07244763,Melbourne FIR
2,0.00071697,-3.421e-05,-0.04772128,Melbourne FIR
3,0.00068049,-4.787e-05,-0.07035126,Melbourne FIR
4,0.00065864,-3.329e-05,-0.05054966,Melbourne FIR
5,0.00068473,-2.371e-05,-0.03462588,Melbourne FIR
6,0.00040558,-0.00017535,-0.43234953,Beijing FIR
7,0.00043091,-4.367e-05,-0.1013401,Beijing FIR
8,0.00039677,0.00015367,0.38731144,Beijing FIR
9,0.00035447,0.00032278,0.91058987,Beijing FIR
10,0.00033669,0.00043039,1.27831224,Beijing FIR
11,0.00031717,0.00052532,1.65626617,Beijing FIR
12,0.00031078,0.00052782,1.69834943,Beijing FIR
13,0.00032241,0.00056018,1.73749684,Beijing FIR
14,0.00034431,0.00060068,1.74456954,Beijing FIR
15,0.00029422,0.00049038,1.66670611,Beijing FIR
16,0.00024005,0.00033471,1.39433893,Beijing FIR
17,0.00019127,0.00024959,1.30493257,Beijing FIR
18,0.00017308,0.00027802,1.60626969,Beijing FIR
19,0.00019476,0.00027381,1.40582666,Beijing FIR
20,0.00018731,0.00020004,1.06796803,Beijing FIR
21,0.00013755,5.603e-05,0.40732327,Beijing FIR
22,0.00010638,-6.86e-06,-0.06449639,Beijing FIR
23,0.00014205,-4.955e-05,-0.34881162,Beijing FIR
0,0.00025516,-0.00017089,-0.66972225,Beijing FIR
1,0.00037328,-0.00029268,-0.78406487,Beijing FIR
2,0.00039821,-0.00036088,-0.90627288,Beijing FIR
3,0.00040458,-0.00033673,-0.83229248,Beijing FIR
4,0.00037379,-0.0002614,-0.69933931,Beijing FIR
5,0.00037917,-0.00024705,-0.6515554,Beijing FIR
6,0.00101329,1.26e-06,0.00123951,Guangzhou FIR
7,0.00099961,6.55e-06,0.0065539,Guangzhou FIR
8,0.00094778,1.231e-05,0.01298658,Guangzhou FIR
9,0.00094045,2.907e-05,0.03091366,Guangzhou FIR
10,0.00098899,5.05e-05,0.05105991,Guangzhou FIR
11,0.00097333,5.862e-05,0.06023117,Guangzhou FIR
12,0.00093717,8.39e-05,0.08953009,Guangzhou FIR
13,0.00095845,9.241e-05,0.09641558,Guangzhou FIR
14,0.00098166,8.517e-05,0.08676084,Guangzhou FIR
15,0.00095156,8.163e-05,0.08578302,Guangzhou FIR
16,0.00081386,4.836e-05,0.05941511,Guangzhou FIR
17,0.00064197,4.219e-05,0.06571664,Guangzhou FIR
18,0.00046766,6.629e-05,0.14174537,Guangzhou FIR
19,0.00035161,8.11e-05,0.23066554,Guangzhou FIR
20,0.00027897,7.002e-05,0.25100625,Guangzhou FIR
21,0.00026498,5.381e-05,0.20306893,Guangzhou FIR
22,0.00024956,2.093e-05,0.08385055,Guangzhou FIR
23,0.00027474,1.405e-05,0.05115044,Guangzhou FIR
0,0.00049683,7.39e-06,0.01487116,Guangzhou FIR
1,0.00080308,9.68e-06,0.01205649,Guangzhou FIR
2,0.00096377,8.22e-06,0.00852746,Guangzhou FIR
3,0.00094013,1.501e-05,0.0159686,Guangzhou FIR
4,0.00091253,1.528e-05,0.01674812,Guangzhou FIR
5,0.00095243,3.53e-06,0.00370884,Guangzhou FIR
6,0.00042067,-6.847e-05,-0.16275831,Wuhan FIR
7,0.00043044,-3.377e-05,-0.07846222,Wuhan FIR
8,0.00040768,5.395e-05,0.13233137,Wuhan FIR
9,0.00040403,0.00017051,0.42201645,Wuhan FIR
10,0.00041212,0.00025903,0.62852468,Wuhan FIR
11,0.00041915,0.00029551,0.70501813,Wuhan FIR
12,0.00036837,0.00025148,0.68268628,Wuhan FIR
13,0.00040316,0.00028571,0.70866641,Wuhan FIR
14,0.00042975,0.00029028,0.67545275,Wuhan FIR
15,0.00040906,0.00026526,0.64847153,Wuhan FIR
16,0.00031159,0.00017754,0.56978077,Wuhan FIR
17,0.00020445,0.00011498,0.56238413,Wuhan FIR
18,0.00014139,7.741e-05,0.54750697,Wuhan FIR
19,0.00010826,6.241e-05,0.57651522,Wuhan FIR
20,0.0001011,4.648e-05,0.45970218,Wuhan FIR
21,7.175e-05,2.141e-05,0.29839795,Wuhan FIR
22,6.824e-05,1.016e-05,0.14888197,Wuhan FIR
23,6.476e-05,-3.71e-06,-0.05735227,Wuhan FIR
0,0.00017012,-3.62e-05,-0.21281394,Wuhan FIR
1,0.00035401,-8.745e-05,-0.24702203,Wuhan FIR
2,0.00045749,-0.00013815,-0.30198027,Wuhan FIR
3,0.0004158,-0.00011886,-0.28585053,Wuhan FIR
4,0.00037129,-8.863e-05,-0.23871345,Wuhan FIR
5,0.0003607,-8.835e-05,-0.24493225,Wuhan FIR
6,0.0001627,-8.661e-05,-0.53231951,Sanya FIR
7,0.00015754,-6.631e-05,-0.42093403,Sanya FIR
8,0.00015435,-1.293e-05,-0.08376887,Sanya FIR
9,0.00015132,6.11e-05,0.40379178,Sanya FIR
10,0.00015358,0.00012617,0.82153995,Sanya FIR
11,0.00014967,0.00014916,0.99654953,Sanya FIR
12,0.00014362,0.00015046,1.0476264,Sanya FIR
13,0.00016784,0.00019887,1.18483477,Sanya FIR
14,0.00016827,0.00019036,1.13131406,Sanya FIR
15,0.00015566,0.00020787,1.33538387,Sanya FIR
16,0.00013446,0.00012859,0.95636355,Sanya FIR
17,0.00015529,0.00010367,0.66757446,Sanya FIR
18,0.00013691,0.00011225,0.81987971,Sanya FIR
19,0.00012592,0.00014512,1.15256295,Sanya FIR
20,0.00011402,0.00013129,1.15143292,Sanya FIR
21,0.00012218,7.233e-05,0.59201491,Sanya FIR
22,8.666e-05,1.502e-05,0.17332086,Sanya FIR
23,4.974e-05,-9.85e-06,-0.19796802,Sanya FIR
0,5.514e-05,-2.025e-05,-0.36724909,Sanya FIR
1,6.906e-05,-4.186e-05,-0.60618086,Sanya FIR
2,0.0001344,-8.755e-05,-0.65140719,Sanya FIR
3,0.0001536,-9.112e-05,-0.59323427,Sanya FIR
4,0.00015749,-9.287e-05,-0.5896991,Sanya FIR
5,0.00015855,-8.794e-05,-0.5546297,Sanya FIR
6,3.535e-05,-2.064e-05,-0.58399386,Pyongyang FIR
7,3.672e-05,-2e-07,-0.0054133,Pyongyang FIR
8,2.15e-05,1.332e-05,0.6194034,Pyongyang FIR
9,1.594e-05,1.336e-05,0.83805955,Pyongyang FIR
10,1.508e-05,2.212e-05,1.46705253,Pyongyang FIR
11,1.441e-05,2.396e-05,1.66249788,Pyongyang FIR
12,1.494e-05,2.407e-05,1.61054356,Pyongyang FIR
13,1.196e-05,1.965e-05,1.64254344,Pyongyang FIR
14,9.83e-06,1.677e-05,1.70641111,Pyongyang FIR
15,1.074e-05,1.501e-05,1.39711085,Pyongyang FIR
16,1.001e-05,1.238e-05,1.23691297,Pyongyang FIR
17,9.9e-06,1.319e-05,1.33307498,Pyongyang FIR
18,1.525e-05,1.454e-05,0.95336904,Pyongyang FIR
19,2.025e-05,1.535e-05,0.75814384,Pyongyang FIR
20,9.93e-06,2.34e-06,0.23524254,Pyongyang FIR
21,6.57e-06,-3.3e-07,-0.050342,Pyongyang FIR
22,5.29e-06,-1.91e-06,-0.36055811,Pyongyang FIR
23,8.63e-06,-3.9e-06,-0.45136531,Pyongyang FIR
0,7.98e-06,-3.18e-06,-0.3982704,Pyongyang FIR
1,1.004e-05,-6.95e-06,-0.69269903,Pyongyang FIR
2,2.003e-05,-1.674e-05,-0.83540247,Pyongyang FIR
3,2.166e-05,-1.858e-05,-0.85799545,Pyongyang FIR
4,2.225e-05,-1.627e-05,-0.73092885,Pyongyang FIR
5,2.726e-05,-2.249e-05,-0.82496486,Pyongyang FIR
6,0.00023012,-6.331e-05,-0.27510333,Lanzhou FIR
7,0.00021488,-1.826e-05,-0.08499396,Lanzhou FIR
8,0.00018546,4.892e-05,0.26377145,Lanzhou FIR
9,0.0001812,0.00014004,0.77287508,Lanzhou FIR
10,0.00017452,0.00019476,1.11602687,Lanzhou FIR
11,0.0001694,0.00026331,1.55431668,Lanzhou FIR
12,0.00016191,0.0002739,1.69171898,Lanzhou FIR
13,0.0001953,0.00033496,1.71514977,Lanzhou FIR
14,0.00020022,0.00033537,1.67496568,Lanzhou FIR
15,0.00018684,0.00034679,1.85604903,Lanzhou FIR
16,0.00015189,0.00026666,1.75555029,Lanzhou FIR
17,9.935e-05,0.00014038,1.41289688,Lanzhou FIR
18,9.704e-05,0.00010972,1.13058637,Lanzhou FIR
19,0.00016733,0.0002136,1.276516,Lanzhou FIR
20,0.00024114,0.0002594,1.07575899,Lanzhou FIR
21,0.00019779,0.00016048,0.81133086,Lanzhou FIR
22,9.179e-05,3.722e-05,0.40548314,Lanzhou FIR
23,7.654e-05,8.16e-06,0.10661168,Lanzhou FIR
0,0.00013316,-3.87e-05,-0.2906508,Lanzhou FIR
1,0.00018304,-0.0001014,-0.55399325,Lanzhou FIR
2,0.00020038,-0.00010436,-0.52082516,Lanzhou FIR
3,0.00020472,-9.415e-05,-0.45989521,Lanzhou FIR
4,0.00021807,-9.913e-05,-0.45459328,Lanzhou FIR
5,0.00022359,-7.953e-05,-0.35570983,Lanzhou FIR
6,0.00015448,-2.208e-05,-0.14296187,Ulaanbaatar FIR
7,0.00013416,6.043e-05,0.45043651,Ulaanbaatar FIR
8,0.00014503,0.00019254,1.32757529,Ulaanbaatar FIR
9,0.00012476,0.0002767,2.21787964,Ulaanbaatar FIR
10,7.349e-05,0.00021757,2.96063841,Ulaanbaatar FIR
11,4.948e-05,0.00017888,3.61539198,Ulaanbaatar FIR
12,4.762e-05,0.0002052,4.30867766,Ulaanbaatar FIR
13,4.294e-05,0.00018316,4.26561121,Ulaanbaatar FIR
14,4.067e-05,0.00017062,4.19512498,Ulaanbaatar FIR
15,4.83e-05,0.00021669,4.48607331,Ulaanbaatar FIR
16,4.603e-05,0.00017757,3.85803736,Ulaanbaatar FIR
17,4.515e-05,0.00017988,3.98436291,Ulaanbaatar FIR
18,8.059e-05,0.00023319,2.89341635,Ulaanbaatar FIR
19,0.0001622,0.00049052,3.02416888,Ulaanbaatar FIR
20,0.00025523,0.00059351,2.32542131,Ulaanbaatar FIR
21,0.00026757,0.00036212,1.35333981,Ulaanbaatar FIR
22,0.00020255,6.409e-05,0.31641216,Ulaanbaatar FIR
23,0.00012227,-6.873e-05,-0.56211669,Ulaanbaatar FIR
0,0.00011117,-0.00010881,-0.97880767,Ulaanbaatar FIR
1,0.00011225,-0.0001235,-1.10025075,Ulaanbaatar FIR
2,0.00010562,-9.196e-05,-0.87066763,Ulaanbaatar FIR
3,0.00012115,-0.00011214,-0.92558873,Ulaanbaatar FIR
4,0.00012765,-7.688e-05,-0.60230178,Ulaanbaatar FIR
5,0.00013021,-3.305e-05,-0.25382549,Ulaanbaatar FIR
6,0.00046443,6.19e-06,0.01333392,Kunming FIR
7,0.00046616,8.94e-06,0.01917549,Kunming FIR
8,0.00041898,1.419e-05,0.03386866,Kunming FIR
9,0.00041631,2.049e-05,0.04921809,Kunming FIR
10,0.00043403,2.831e-05,0.06522285,Kunming FIR
11,0.0004254,4.444e-05,0.10445949,Kunming FIR
12,0.00041273,4.829e-05,0.11700632,Kunming FIR
13,0.00040926,4.67e-05,0.11411915,Kunming FIR
14,0.00043288,5.194e-05,0.11997694,Kunming FIR
15,0.00042479,5.346e-05,0.12584202,Kunming FIR
16,0.0003824,5.153e-05,0.13476229,Kunming FIR
17,0.00033193,4.106e-05,0.12371554,Kunming FIR
18,0.0002716,5.699e-05,0.20982488,Kunming FIR
19,0.00023521,8.399e-05,0.35708152,Kunming FIR
20,0.00021425,6.522e-05,0.30443161,Kunming FIR
21,0.00018111,4.058e-05,0.22404392,Kunming FIR
22,0.00014892,3.537e-05,0.23748542,Kunming FIR
23,0.00015705,1.927e-05,0.12268111,Kunming FIR
0,0.00031836,1.762e-05,0.05534438,Kunming FIR
1,0.0004247,1.483e-05,0.03491065,Kunming FIR
2,0.00047748,1.266e-05,0.02652278,Kunming FIR
3,0.00044365,1.54e-05,0.03471612,Kunming FIR
4,0.0004303,1.208e-05,0.02806777,Kunming FIR
5,0.00044951,1.365e-05,0.03035547,Kunming FIR
6,0.0015073,-0.00016904,-0.11214851,Shanghai FIR
7,0.0014979,-4.566e-05,-0.03048236,Shanghai FIR
8,0.00140507,0.00013642,0.09708934,Shanghai FIR
9,0.00142729,0.00032742,0.22940143,Shanghai FIR
10,0.00151312,0.00049868,0.32956925,Shanghai FIR
11,0.00150043,0.00053407,0.35594249,Shanghai FIR
12,0.00142807,0.00052821,0.3698771,Shanghai FIR
13,0.0013774,0.00050356,0.36558488,Shanghai FIR
14,0.00139354,0.00053344,0.38279301,Shanghai FIR
15,0.00135058,0.0004416,0.32697013,Shanghai FIR
16,0.00110808,0.00033289,0.30042269,Shanghai FIR
17,0.00065786,0.00021689,0.32968658,Shanghai FIR
18,0.00036251,0.00012719,0.35087093,Shanghai FIR
19,0.00028398,9.732e-05,0.34269279,Shanghai FIR
20,0.00028193,8.421e-05,0.29870161,Shanghai FIR
21,0.00026219,3.032e-05,0.11565369,Shanghai FIR
22,0.00022444,-1.01e-06,-0.0045184,Shanghai FIR
23,0.00027731,-1.27e-05,-0.04579075,Shanghai FIR
0,0.00080067,-9.996e-05,-0.12484342,Shanghai FIR
1,0.0013386,-0.00019235,-0.14369446,Shanghai FIR
2,0.00145066,-0.00027258,-0.18790429,Shanghai FIR
3,0.0014337,-0.00021289,-0.1484905,Shanghai FIR
4,0.00142045,-0.00021086,-0.14844565,Shanghai FIR
5,0.00142279,-0.00019037,-0.13379922,Shanghai FIR
6,7.156e-05,-2.568e-05,-0.35889253,Urumqi FIR
7,5.202e-05,-2.43e-06,-0.0467923,Urumqi FIR
8,5.154e-05,3.216e-05,0.62393177,Urumqi FIR
9,5.519e-05,7.301e-05,1.32278219,Urumqi FIR
10,5.688e-05,0.00013998,2.4610096,Urumqi FIR
11,6.102e-05,0.00020183,3.30729692,Urumqi FIR
12,6.66e-05,0.00027484,4.12665471,Urumqi FIR
13,5.241e-05,0.00023318,4.44923563,Urumqi FIR
14,6.358e-05,0.00031739,4.99190178,Urumqi FIR
15,5.552e-05,0.00025733,4.63512978,Urumqi FIR
16,4.533e-05,0.00021174,4.67121821,Urumqi FIR
17,4.929e-05,0.00018837,3.82184073,Urumqi FIR
18,5.963e-05,0.00017441,2.92510176,Urumqi FIR
19,0.0001075,0.0002891,2.6894378,Urumqi FIR
20,0.00011751,0.00030464,2.59248504,Urumqi FIR
21,0.00014163,0.00037758,2.66607843,Urumqi FIR
22,0.00012783,0.00022714,1.77694599,Urumqi FIR
23,8.267e-05,7.382e-05,0.89301382,Urumqi FIR
0,4.5e-05,9.6e-07,0.02141714,Urumqi FIR
1,4.892e-05,-4.316e-05,-0.88225034,Urumqi FIR
2,6.671e-05,-8.699e-05,-1.30406394,Urumqi FIR
3,8.104e-05,-8.512e-05,-1.05040992,Urumqi FIR
4,0.00010364,-6.115e-05,-0.58998215,Urumqi FIR
5,0.0001062,-4.898e-05,-0.46119959,Urumqi FIR
6,0.00032746,-4.79e-05,-0.14628295,Shenyang FIR
7,0.00032291,7.65e-05,0.23691271,Shenyang FIR
8,0.00029488,0.00022351,0.75797997,Shenyang FIR
9,0.00029575,0.00035632,1.20479091,Shenyang FIR
10,0.00028433,0.00044298,1.55797322,Shenyang FIR
11,0.00024346,0.00046278,1.90086086,Shenyang FIR
12,0.00023842,0.00046193,1.93748286,Shenyang FIR
13,0.00023146,0.00044239,1.9112921,Shenyang FIR
14,0.00020002,0.00037597,1.87969649,Shenyang FIR
15,0.00019672,0.00036618,1.86140729,Shenyang FIR
16,0.0001412,0.00023921,1.69410445,Shenyang FIR
17,8.822e-05,0.0001449,1.64253076,Shenyang FIR
18,8.167e-05,0.00011243,1.37671569,Shenyang FIR
19,7.859e-05,7.21e-05,0.91744096,Shenyang FIR
20,6.838e-05,3.253e-05,0.47568369,Shenyang FIR
21,4.782e-05,4.73e-06,0.09899784,Shenyang FIR
22,4.967e-05,-9.31e-06,-0.1874334,Shenyang FIR
23,5.255e-05,-1.647e-05,-0.3134991,Shenyang FIR
0,0.00011863,-9.141e-05,-0.77060743,Shenyang FIR
1,0.00023031,-0.0002457,-1.06680115,Shenyang FIR
2,0.00025275,-0.00025625,-1.01381955,Shenyang FIR
3,0.00025212,-0.00020347,-0.80703374,Shenyang FIR
4,0.00026889,-0.00015794,-0.58736387,Shenyang FIR
5,0.00030334,-0.00012596,-0.41525164,Shenyang FIR
