Date,Airport,Big Hits
2019-12-31 00:00:00,London Heathrow Airport,94
2019-12-31 00:00:00,Charles de Gaulle International Airport,53
2019-12-31 00:00:00,Amsterdam Airport Schiphol,40
2019-12-31 00:00:00,Frankfurt am Main Airport,34
2019-12-31 00:00:00,Adolfo Suárez Madrid–Barajas Airport,35
2019-12-31 00:00:00,London Gatwick Airport,29
2019-12-31 00:00:00,Zürich Airport,18
2019-12-31 00:00:00,Munich Airport,15
2019-12-31 00:00:00,Paris-Orly Airport,16
2019-12-31 00:00:00,Dublin Airport,19
2019-12-31 00:00:00,Malpensa International Airport,13
2019-12-31 00:00:00,Humberto Delgado Airport (Lisbon Portela Airport),22
2019-12-31 00:00:00,Rome–Fiumicino Leonardo da Vinci International Airport,15
2019-12-31 00:00:00,Manchester Airport,9
2019-12-31 00:00:00,Brussels Airport,7
2019-12-31 00:00:00,Josep Tarradellas Barcelona-El Prat Airport,9
2019-12-31 00:00:00,Helsinki Vantaa Airport,5
2019-12-31 00:00:00,Düsseldorf Airport,4
2019-12-31 00:00:00,Copenhagen Kastrup Airport,4
2019-12-31 00:00:00,Vienna International Airport,5
2019-12-30 00:00:00,London Heathrow Airport,107
2019-12-30 00:00:00,Charles de Gaulle International Airport,75
2019-12-30 00:00:00,Adolfo Suárez Madrid–Barajas Airport,57
2019-12-30 00:00:00,Frankfurt am Main Airport,57
2019-12-30 00:00:00,Amsterdam Airport Schiphol,48
2019-12-30 00:00:00,London Gatwick Airport,20
2019-12-30 00:00:00,Munich Airport,25
2019-12-30 00:00:00,Zürich Airport,20
2019-12-30 00:00:00,Humberto Delgado Airport (Lisbon Portela Airport),23
2019-12-30 00:00:00,Paris-Orly Airport,15
2019-12-30 00:00:00,Rome–Fiumicino Leonardo da Vinci International Airport,18
2019-12-30 00:00:00,Helsinki Vantaa Airport,61
2019-12-30 00:00:00,Malpensa International Airport,20
2019-12-30 00:00:00,Dublin Airport,14
2019-12-30 00:00:00,Josep Tarradellas Barcelona-El Prat Airport,16
2019-12-30 00:00:00,Brussels Airport,12
2019-12-30 00:00:00,Manchester Airport,7
2019-12-30 00:00:00,Copenhagen Kastrup Airport,11
2019-12-30 00:00:00,Vienna International Airport,10
2019-12-30 00:00:00,Düsseldorf Airport,11
2019-12-29 00:00:00,London Heathrow Airport,110
2019-12-29 00:00:00,Charles de Gaulle International Airport,68
2019-12-29 00:00:00,Frankfurt am Main Airport,58
2019-12-29 00:00:00,Adolfo Suárez Madrid–Barajas Airport,61
2019-12-29 00:00:00,Amsterdam Airport Schiphol,64
2019-12-29 00:00:00,Rome–Fiumicino Leonardo da Vinci International Airport,21
2019-12-29 00:00:00,Munich Airport,21
2019-12-29 00:00:00,London Gatwick Airport,38
2019-12-29 00:00:00,Paris-Orly Airport,19
2019-12-29 00:00:00,Humberto Delgado Airport (Lisbon Portela Airport),26
2019-12-29 00:00:00,Malpensa International Airport,14
2019-12-29 00:00:00,Zürich Airport,13
2019-12-29 00:00:00,Copenhagen Kastrup Airport,28
2019-12-29 00:00:00,Dublin Airport,20
2019-12-29 00:00:00,Manchester Airport,19
2019-12-29 00:00:00,Helsinki Vantaa Airport,28
2019-12-29 00:00:00,Josep Tarradellas Barcelona-El Prat Airport,20
2019-12-29 00:00:00,Brussels Airport,13
2019-12-29 00:00:00,Vienna International Airport,6
2019-12-29 00:00:00,Düsseldorf Airport,12
2019-12-28 00:00:00,London Heathrow Airport,170
2019-12-28 00:00:00,Charles de Gaulle International Airport,89
2019-12-28 00:00:00,Frankfurt am Main Airport,67
2019-12-28 00:00:00,Amsterdam Airport Schiphol,61
2019-12-28 00:00:00,Adolfo Suárez Madrid–Barajas Airport,58
2019-12-28 00:00:00,London Gatwick Airport,50
2019-12-28 00:00:00,Munich Airport,29
2019-12-28 00:00:00,Zürich Airport,23
2019-12-28 00:00:00,Rome–Fiumicino Leonardo da Vinci International Airport,20
2019-12-28 00:00:00,Dublin Airport,51
2019-12-28 00:00:00,Malpensa International Airport,12
2019-12-28 00:00:00,Paris-Orly Airport,30
2019-12-28 00:00:00,Humberto Delgado Airport (Lisbon Portela Airport),18
2019-12-28 00:00:00,Copenhagen Kastrup Airport,23
2019-12-28 00:00:00,Manchester Airport,27
2019-12-28 00:00:00,Josep Tarradellas Barcelona-El Prat Airport,38
2019-12-28 00:00:00,Helsinki Vantaa Airport,24
2019-12-28 00:00:00,Brussels Airport,17
2019-12-28 00:00:00,Düsseldorf Airport,7
2019-12-28 00:00:00,Vienna International Airport,6
2019-12-27 00:00:00,London Heathrow Airport,143
2019-12-27 00:00:00,Charles de Gaulle International Airport,67
2019-12-27 00:00:00,Frankfurt am Main Airport,60
2019-12-27 00:00:00,Amsterdam Airport Schiphol,53
2019-12-27 00:00:00,Adolfo Suárez Madrid–Barajas Airport,41
2019-12-27 00:00:00,London Gatwick Airport,41
2019-12-27 00:00:00,Munich Airport,23
2019-12-27 00:00:00,Rome–Fiumicino Leonardo da Vinci International Airport,19
2019-12-27 00:00:00,Zürich Airport,17
2019-12-27 00:00:00,Paris-Orly Airport,18
2019-12-27 00:00:00,Malpensa International Airport,12
2019-12-27 00:00:00,Copenhagen Kastrup Airport,18
2019-12-27 00:00:00,Dublin Airport,39
2019-12-27 00:00:00,Manchester Airport,21
2019-12-27 00:00:00,Josep Tarradellas Barcelona-El Prat Airport,21
2019-12-27 00:00:00,Vienna International Airport,11
2019-12-27 00:00:00,Humberto Delgado Airport (Lisbon Portela Airport),21
2019-12-27 00:00:00,Helsinki Vantaa Airport,11
2019-12-27 00:00:00,Brussels Airport,7
2019-12-27 00:00:00,Düsseldorf Airport,6
2019-12-26 00:00:00,London Heathrow Airport,137
2019-12-26 00:00:00,Charles de Gaulle International Airport,85
2019-12-26 00:00:00,Frankfurt am Main Airport,77
2019-12-26 00:00:00,Adolfo Suárez Madrid–Barajas Airport,73
2019-12-26 00:00:00,Amsterdam Airport Schiphol,67
2019-12-26 00:00:00,Munich Airport,30
2019-12-26 00:00:00,Rome–Fiumicino Leonardo da Vinci International Airport,27
2019-12-26 00:00:00,London Gatwick Airport,36
2019-12-26 00:00:00,Paris-Orly Airport,26
2019-12-26 00:00:00,Zürich Airport,15
2019-12-26 00:00:00,Josep Tarradellas Barcelona-El Prat Airport,30
2019-12-26 00:00:00,Humberto Delgado Airport (Lisbon Portela Airport),36
2019-12-26 00:00:00,Copenhagen Kastrup Airport,16
2019-12-26 00:00:00,Dublin Airport,24
2019-12-26 00:00:00,Helsinki Vantaa Airport,17
2019-12-26 00:00:00,Malpensa International Airport,8
2019-12-26 00:00:00,Vienna International Airport,17
2019-12-26 00:00:00,Brussels Airport,12
2019-12-26 00:00:00,Düsseldorf Airport,14
2019-12-26 00:00:00,Manchester Airport,17
2019-12-25 00:00:00,London Heathrow Airport,74
2019-12-25 00:00:00,Charles de Gaulle International Airport,69
2019-12-25 00:00:00,Adolfo Suárez Madrid–Barajas Airport,62
2019-12-25 00:00:00,Frankfurt am Main Airport,39
2019-12-25 00:00:00,Amsterdam Airport Schiphol,45
2019-12-25 00:00:00,Paris-Orly Airport,37
2019-12-25 00:00:00,Zürich Airport,20
2019-12-25 00:00:00,Malpensa International Airport,13
2019-12-25 00:00:00,Humberto Delgado Airport (Lisbon Portela Airport),49
2019-12-25 00:00:00,Munich Airport,13
2019-12-25 00:00:00,Rome–Fiumicino Leonardo da Vinci International Airport,12
2019-12-25 00:00:00,Brussels Airport,14
2019-12-25 00:00:00,London Gatwick Airport,15
2019-12-25 00:00:00,Josep Tarradellas Barcelona-El Prat Airport,21
2019-12-25 00:00:00,Vienna International Airport,7
2019-12-25 00:00:00,Düsseldorf Airport,7
2019-12-25 00:00:00,Copenhagen Kastrup Airport,6
2019-12-25 00:00:00,Helsinki Vantaa Airport,11
2019-12-25 00:00:00,Manchester Airport,2
2019-12-24 00:00:00,London Heathrow Airport,41
2019-12-24 00:00:00,Adolfo Suárez Madrid–Barajas Airport,43
2019-12-24 00:00:00,Charles de Gaulle International Airport,29
2019-12-24 00:00:00,Frankfurt am Main Airport,27
2019-12-24 00:00:00,Amsterdam Airport Schiphol,25
2019-12-24 00:00:00,Paris-Orly Airport,21
2019-12-24 00:00:00,Rome–Fiumicino Leonardo da Vinci International Airport,16
2019-12-24 00:00:00,Humberto Delgado Airport (Lisbon Portela Airport),23
2019-12-24 00:00:00,Zürich Airport,8
2019-12-24 00:00:00,London Gatwick Airport,10
2019-12-24 00:00:00,Munich Airport,9
2019-12-24 00:00:00,Malpensa International Airport,8
2019-12-24 00:00:00,Helsinki Vantaa Airport,11
2019-12-24 00:00:00,Josep Tarradellas Barcelona-El Prat Airport,8
2019-12-24 00:00:00,Copenhagen Kastrup Airport,3
2019-12-24 00:00:00,Düsseldorf Airport,6
2019-12-24 00:00:00,Vienna International Airport,6
2019-12-24 00:00:00,Brussels Airport,6
2019-12-24 00:00:00,Manchester Airport,3
2019-12-24 00:00:00,Dublin Airport,4
2019-12-23 00:00:00,Charles de Gaulle International Airport,50
2019-12-23 00:00:00,London Heathrow Airport,61
2019-12-23 00:00:00,Frankfurt am Main Airport,44
2019-12-23 00:00:00,Adolfo Suárez Madrid–Barajas Airport,43
2019-12-23 00:00:00,Amsterdam Airport Schiphol,26
2019-12-23 00:00:00,Munich Airport,22
2019-12-23 00:00:00,Humberto Delgado Airport (Lisbon Portela Airport),33
2019-12-23 00:00:00,Zürich Airport,15
2019-12-23 00:00:00,Helsinki Vantaa Airport,33
2019-12-23 00:00:00,Rome–Fiumicino Leonardo da Vinci International Airport,16
2019-12-23 00:00:00,Josep Tarradellas Barcelona-El Prat Airport,14
2019-12-23 00:00:00,London Gatwick Airport,15
2019-12-23 00:00:00,Malpensa International Airport,11
2019-12-23 00:00:00,Paris-Orly Airport,9
2019-12-23 00:00:00,Brussels Airport,5
2019-12-23 00:00:00,Vienna International Airport,11
2019-12-23 00:00:00,Copenhagen Kastrup Airport,10
2019-12-23 00:00:00,Dublin Airport,10
2019-12-23 00:00:00,Manchester Airport,3
2019-12-23 00:00:00,Düsseldorf Airport,7
2019-12-22 00:00:00,London Heathrow Airport,60
2019-12-22 00:00:00,Frankfurt am Main Airport,57
2019-12-22 00:00:00,Charles de Gaulle International Airport,45
2019-12-22 00:00:00,Amsterdam Airport Schiphol,37
2019-12-22 00:00:00,Adolfo Suárez Madrid–Barajas Airport,29
2019-12-22 00:00:00,Munich Airport,24
2019-12-22 00:00:00,Zürich Airport,14
2019-12-22 00:00:00,Rome–Fiumicino Leonardo da Vinci International Airport,13
2019-12-22 00:00:00,Malpensa International Airport,13
2019-12-22 00:00:00,Copenhagen Kastrup Airport,14
2019-12-22 00:00:00,Helsinki Vantaa Airport,16
2019-12-22 00:00:00,London Gatwick Airport,7
2019-12-22 00:00:00,Vienna International Airport,12
2019-12-22 00:00:00,Brussels Airport,8
2019-12-22 00:00:00,Josep Tarradellas Barcelona-El Prat Airport,7
2019-12-22 00:00:00,Humberto Delgado Airport (Lisbon Portela Airport),5
2019-12-22 00:00:00,Düsseldorf Airport,8
2019-12-22 00:00:00,Paris-Orly Airport,3
2019-12-22 00:00:00,Dublin Airport,4
2019-12-22 00:00:00,Manchester Airport,3
2019-12-21 00:00:00,London Heathrow Airport,75
2019-12-21 00:00:00,Frankfurt am Main Airport,72
2019-12-21 00:00:00,Charles de Gaulle International Airport,50
2019-12-21 00:00:00,Amsterdam Airport Schiphol,32
2019-12-21 00:00:00,Adolfo Suárez Madrid–Barajas Airport,28
2019-12-21 00:00:00,Zürich Airport,21
2019-12-21 00:00:00,Munich Airport,35
2019-12-21 00:00:00,Rome–Fiumicino Leonardo da Vinci International Airport,26
2019-12-21 00:00:00,Brussels Airport,19
2019-12-21 00:00:00,London Gatwick Airport,13
2019-12-21 00:00:00,Helsinki Vantaa Airport,19
2019-12-21 00:00:00,Copenhagen Kastrup Airport,16
2019-12-21 00:00:00,Vienna International Airport,27
2019-12-21 00:00:00,Malpensa International Airport,14
2019-12-21 00:00:00,Humberto Delgado Airport (Lisbon Portela Airport),11
2019-12-21 00:00:00,Josep Tarradellas Barcelona-El Prat Airport,11
2019-12-21 00:00:00,Manchester Airport,8
2019-12-21 00:00:00,Paris-Orly Airport,4
2019-12-21 00:00:00,Düsseldorf Airport,8
2019-12-21 00:00:00,Dublin Airport,7
2019-12-20 00:00:00,Frankfurt am Main Airport,120
2019-12-20 00:00:00,London Heathrow Airport,102
2019-12-20 00:00:00,Charles de Gaulle International Airport,76
2019-12-20 00:00:00,Adolfo Suárez Madrid–Barajas Airport,66
2019-12-20 00:00:00,Amsterdam Airport Schiphol,58
2019-12-20 00:00:00,Munich Airport,54
2019-12-20 00:00:00,Zürich Airport,28
2019-12-20 00:00:00,Rome–Fiumicino Leonardo da Vinci International Airport,34
2019-12-20 00:00:00,Malpensa International Airport,38
2019-12-20 00:00:00,Copenhagen Kastrup Airport,28
2019-12-20 00:00:00,Helsinki Vantaa Airport,45
2019-12-20 00:00:00,London Gatwick Airport,24
2019-12-20 00:00:00,Paris-Orly Airport,16
2019-12-20 00:00:00,Brussels Airport,25
2019-12-20 00:00:00,Josep Tarradellas Barcelona-El Prat Airport,29
2019-12-20 00:00:00,Humberto Delgado Airport (Lisbon Portela Airport),19
2019-12-20 00:00:00,Manchester Airport,20
2019-12-20 00:00:00,Vienna International Airport,18
2019-12-20 00:00:00,Düsseldorf Airport,20
2019-12-20 00:00:00,Dublin Airport,10
2019-12-19 00:00:00,London Heathrow Airport,158
2019-12-19 00:00:00,Frankfurt am Main Airport,147
2019-12-19 00:00:00,Charles de Gaulle International Airport,96
2019-12-19 00:00:00,Amsterdam Airport Schiphol,86
2019-12-19 00:00:00,Munich Airport,82
2019-12-19 00:00:00,Adolfo Suárez Madrid–Barajas Airport,40
2019-12-19 00:00:00,Zürich Airport,42
2019-12-19 00:00:00,Rome–Fiumicino Leonardo da Vinci International Airport,50
2019-12-19 00:00:00,Malpensa International Airport,34
2019-12-19 00:00:00,London Gatwick Airport,36
2019-12-19 00:00:00,Vienna International Airport,77
2019-12-19 00:00:00,Humberto Delgado Airport (Lisbon Portela Airport),27
2019-12-19 00:00:00,Copenhagen Kastrup Airport,43
2019-12-19 00:00:00,Brussels Airport,31
2019-12-19 00:00:00,Manchester Airport,20
2019-12-19 00:00:00,Helsinki Vantaa Airport,39
2019-12-19 00:00:00,Düsseldorf Airport,44
2019-12-19 00:00:00,Josep Tarradellas Barcelona-El Prat Airport,23
2019-12-19 00:00:00,Paris-Orly Airport,15
2019-12-19 00:00:00,Dublin Airport,23
2019-12-18 00:00:00,London Heathrow Airport,113
2019-12-18 00:00:00,Frankfurt am Main Airport,90
2019-12-18 00:00:00,Charles de Gaulle International Airport,77
2019-12-18 00:00:00,Amsterdam Airport Schiphol,50
2019-12-18 00:00:00,Adolfo Suárez Madrid–Barajas Airport,51
2019-12-18 00:00:00,Munich Airport,41
2019-12-18 00:00:00,Malpensa International Airport,45
2019-12-18 00:00:00,Zürich Airport,30
2019-12-18 00:00:00,London Gatwick Airport,22
2019-12-18 00:00:00,Rome–Fiumicino Leonardo da Vinci International Airport,46
2019-12-18 00:00:00,Helsinki Vantaa Airport,20
2019-12-18 00:00:00,Copenhagen Kastrup Airport,14
2019-12-18 00:00:00,Humberto Delgado Airport (Lisbon Portela Airport),22
2019-12-18 00:00:00,Paris-Orly Airport,10
2019-12-18 00:00:00,Vienna International Airport,29
2019-12-18 00:00:00,Brussels Airport,21
2019-12-18 00:00:00,Manchester Airport,17
2019-12-18 00:00:00,Josep Tarradellas Barcelona-El Prat Airport,22
2019-12-18 00:00:00,Düsseldorf Airport,20
2019-12-18 00:00:00,Dublin Airport,6
2019-12-17 00:00:00,London Heathrow Airport,141
2019-12-17 00:00:00,Frankfurt am Main Airport,113
2019-12-17 00:00:00,Charles de Gaulle International Airport,86
2019-12-17 00:00:00,Amsterdam Airport Schiphol,80
2019-12-17 00:00:00,Munich Airport,46
2019-12-17 00:00:00,Zürich Airport,23
2019-12-17 00:00:00,Adolfo Suárez Madrid–Barajas Airport,28
2019-12-17 00:00:00,Rome–Fiumicino Leonardo da Vinci International Airport,28
2019-12-17 00:00:00,London Gatwick Airport,40
2019-12-17 00:00:00,Helsinki Vantaa Airport,46
2019-12-17 00:00:00,Malpensa International Airport,28
2019-12-17 00:00:00,Brussels Airport,32
2019-12-17 00:00:00,Copenhagen Kastrup Airport,35
2019-12-17 00:00:00,Düsseldorf Airport,42
2019-12-17 00:00:00,Humberto Delgado Airport (Lisbon Portela Airport),36
2019-12-17 00:00:00,Manchester Airport,21
2019-12-17 00:00:00,Paris-Orly Airport,17
2019-12-17 00:00:00,Josep Tarradellas Barcelona-El Prat Airport,22
2019-12-17 00:00:00,Vienna International Airport,38
2019-12-17 00:00:00,Dublin Airport,15
2019-12-16 00:00:00,London Heathrow Airport,267
2019-12-16 00:00:00,Frankfurt am Main Airport,182
2019-12-16 00:00:00,Charles de Gaulle International Airport,172
2019-12-16 00:00:00,Amsterdam Airport Schiphol,125
2019-12-16 00:00:00,Munich Airport,106
2019-12-16 00:00:00,Adolfo Suárez Madrid–Barajas Airport,102
2019-12-16 00:00:00,Zürich Airport,55
2019-12-16 00:00:00,London Gatwick Airport,113
2019-12-16 00:00:00,Rome–Fiumicino Leonardo da Vinci International Airport,97
2019-12-16 00:00:00,Brussels Airport,85
2019-12-16 00:00:00,Malpensa International Airport,65
2019-12-16 00:00:00,Humberto Delgado Airport (Lisbon Portela Airport),50
2019-12-16 00:00:00,Paris-Orly Airport,50
2019-12-16 00:00:00,Josep Tarradellas Barcelona-El Prat Airport,85
2019-12-16 00:00:00,Manchester Airport,32
2019-12-16 00:00:00,Düsseldorf Airport,60
2019-12-16 00:00:00,Vienna International Airport,80
2019-12-16 00:00:00,Copenhagen Kastrup Airport,50
2019-12-16 00:00:00,Helsinki Vantaa Airport,22
2019-12-16 00:00:00,Dublin Airport,27
2019-12-15 00:00:00,London Heathrow Airport,178
2019-12-15 00:00:00,Charles de Gaulle International Airport,119
2019-12-15 00:00:00,Frankfurt am Main Airport,109
2019-12-15 00:00:00,Adolfo Suárez Madrid–Barajas Airport,143
2019-12-15 00:00:00,Amsterdam Airport Schiphol,79
2019-12-15 00:00:00,Rome–Fiumicino Leonardo da Vinci International Airport,43
2019-12-15 00:00:00,Munich Airport,35
2019-12-15 00:00:00,Humberto Delgado Airport (Lisbon Portela Airport),79
2019-12-15 00:00:00,London Gatwick Airport,70
2019-12-15 00:00:00,Zürich Airport,33
2019-12-15 00:00:00,Malpensa International Airport,31
2019-12-15 00:00:00,Brussels Airport,52
2019-12-15 00:00:00,Josep Tarradellas Barcelona-El Prat Airport,71
2019-12-15 00:00:00,Paris-Orly Airport,47
2019-12-15 00:00:00,Copenhagen Kastrup Airport,26
2019-12-15 00:00:00,Helsinki Vantaa Airport,19
2019-12-15 00:00:00,Dublin Airport,18
2019-12-15 00:00:00,Düsseldorf Airport,26
2019-12-15 00:00:00,Vienna International Airport,33
2019-12-15 00:00:00,Manchester Airport,14
2019-12-14 00:00:00,London Heathrow Airport,125
2019-12-14 00:00:00,Charles de Gaulle International Airport,82
2019-12-14 00:00:00,Frankfurt am Main Airport,66
2019-12-14 00:00:00,Adolfo Suárez Madrid–Barajas Airport,78
2019-12-14 00:00:00,Amsterdam Airport Schiphol,42
2019-12-14 00:00:00,Rome–Fiumicino Leonardo da Vinci International Airport,29
2019-12-14 00:00:00,Munich Airport,26
2019-12-14 00:00:00,Zürich Airport,25
2019-12-14 00:00:00,London Gatwick Airport,34
2019-12-14 00:00:00,Malpensa International Airport,20
2019-12-14 00:00:00,Helsinki Vantaa Airport,29
2019-12-14 00:00:00,Humberto Delgado Airport (Lisbon Portela Airport),42
2019-12-14 00:00:00,Paris-Orly Airport,17
2019-12-14 00:00:00,Josep Tarradellas Barcelona-El Prat Airport,23
2019-12-14 00:00:00,Manchester Airport,16
2019-12-14 00:00:00,Brussels Airport,16
2019-12-14 00:00:00,Copenhagen Kastrup Airport,12
2019-12-14 00:00:00,Düsseldorf Airport,15
2019-12-14 00:00:00,Vienna International Airport,16
2019-12-14 00:00:00,Dublin Airport,11
2019-12-13 00:00:00,London Heathrow Airport,51
2019-12-13 00:00:00,Charles de Gaulle International Airport,40
2019-12-13 00:00:00,Frankfurt am Main Airport,32
2019-12-13 00:00:00,Adolfo Suárez Madrid–Barajas Airport,29
2019-12-13 00:00:00,Amsterdam Airport Schiphol,28
2019-12-13 00:00:00,Munich Airport,14
2019-12-13 00:00:00,Helsinki Vantaa Airport,25
2019-12-13 00:00:00,London Gatwick Airport,8
2019-12-13 00:00:00,Humberto Delgado Airport (Lisbon Portela Airport),15
2019-12-13 00:00:00,Copenhagen Kastrup Airport,8
2019-12-13 00:00:00,Rome–Fiumicino Leonardo da Vinci International Airport,7
2019-12-13 00:00:00,Zürich Airport,10
2019-12-13 00:00:00,Brussels Airport,8
2019-12-13 00:00:00,Malpensa International Airport,5
2019-12-13 00:00:00,Josep Tarradellas Barcelona-El Prat Airport,7
2019-12-13 00:00:00,Paris-Orly Airport,6
2019-12-13 00:00:00,Vienna International Airport,6
2019-12-13 00:00:00,Düsseldorf Airport,3
2019-12-13 00:00:00,Manchester Airport,2
2019-12-13 00:00:00,Dublin Airport,2
2019-12-12 00:00:00,London Heathrow Airport,63
2019-12-12 00:00:00,Charles de Gaulle International Airport,50
2019-12-12 00:00:00,Amsterdam Airport Schiphol,40
2019-12-12 00:00:00,Frankfurt am Main Airport,42
2019-12-12 00:00:00,Adolfo Suárez Madrid–Barajas Airport,39
2019-12-12 00:00:00,Rome–Fiumicino Leonardo da Vinci International Airport,19
2019-12-12 00:00:00,London Gatwick Airport,29
2019-12-12 00:00:00,Paris-Orly Airport,20
2019-12-12 00:00:00,Munich Airport,14
2019-12-12 00:00:00,Zürich Airport,14
2019-12-12 00:00:00,Brussels Airport,10
2019-12-12 00:00:00,Josep Tarradellas Barcelona-El Prat Airport,19
2019-12-12 00:00:00,Humberto Delgado Airport (Lisbon Portela Airport),26
2019-12-12 00:00:00,Helsinki Vantaa Airport,22
2019-12-12 00:00:00,Malpensa International Airport,7
2019-12-12 00:00:00,Manchester Airport,9
2019-12-12 00:00:00,Copenhagen Kastrup Airport,12
2019-12-12 00:00:00,Vienna International Airport,7
2019-12-12 00:00:00,Düsseldorf Airport,4
2019-12-12 00:00:00,Dublin Airport,2
2019-12-11 00:00:00,London Heathrow Airport,153
2019-12-11 00:00:00,Frankfurt am Main Airport,130
2019-12-11 00:00:00,Charles de Gaulle International Airport,102
2019-12-11 00:00:00,Amsterdam Airport Schiphol,75
2019-12-11 00:00:00,Adolfo Suárez Madrid–Barajas Airport,47
2019-12-11 00:00:00,Zürich Airport,38
2019-12-11 00:00:00,Munich Airport,51
2019-12-11 00:00:00,Helsinki Vantaa Airport,77
2019-12-11 00:00:00,London Gatwick Airport,35
2019-12-11 00:00:00,Brussels Airport,49
2019-12-11 00:00:00,Malpensa International Airport,26
2019-12-11 00:00:00,Vienna International Airport,61
2019-12-11 00:00:00,Copenhagen Kastrup Airport,52
2019-12-11 00:00:00,Paris-Orly Airport,14
2019-12-11 00:00:00,Rome–Fiumicino Leonardo da Vinci International Airport,34
2019-12-11 00:00:00,Josep Tarradellas Barcelona-El Prat Airport,29
2019-12-11 00:00:00,Manchester Airport,15
2019-12-11 00:00:00,Humberto Delgado Airport (Lisbon Portela Airport),12
2019-12-11 00:00:00,Düsseldorf Airport,36
2019-12-11 00:00:00,Dublin Airport,18
2019-12-10 00:00:00,London Heathrow Airport,153
2019-12-10 00:00:00,Charles de Gaulle International Airport,75
2019-12-10 00:00:00,Frankfurt am Main Airport,64
2019-12-10 00:00:00,Amsterdam Airport Schiphol,50
2019-12-10 00:00:00,Adolfo Suárez Madrid–Barajas Airport,58
2019-12-10 00:00:00,Munich Airport,27
2019-12-10 00:00:00,Rome–Fiumicino Leonardo da Vinci International Airport,19
2019-12-10 00:00:00,London Gatwick Airport,41
2019-12-10 00:00:00,Brussels Airport,29
2019-12-10 00:00:00,Malpensa International Airport,14
2019-12-10 00:00:00,Zürich Airport,16
2019-12-10 00:00:00,Josep Tarradellas Barcelona-El Prat Airport,34
2019-12-10 00:00:00,Humberto Delgado Airport (Lisbon Portela Airport),40
2019-12-10 00:00:00,Helsinki Vantaa Airport,17
2019-12-10 00:00:00,Manchester Airport,25
2019-12-10 00:00:00,Paris-Orly Airport,13
2019-12-10 00:00:00,Vienna International Airport,10
2019-12-10 00:00:00,Düsseldorf Airport,15
2019-12-10 00:00:00,Dublin Airport,35
2019-12-10 00:00:00,Copenhagen Kastrup Airport,14
2019-12-09 00:00:00,London Heathrow Airport,100
2019-12-09 00:00:00,Charles de Gaulle International Airport,56
2019-12-09 00:00:00,Frankfurt am Main Airport,42
2019-12-09 00:00:00,Amsterdam Airport Schiphol,30
2019-12-09 00:00:00,Adolfo Suárez Madrid–Barajas Airport,23
2019-12-09 00:00:00,Munich Airport,13
2019-12-09 00:00:00,Zürich Airport,12
2019-12-09 00:00:00,London Gatwick Airport,13
2019-12-09 00:00:00,Rome–Fiumicino Leonardo da Vinci International Airport,13
2019-12-09 00:00:00,Malpensa International Airport,12
2019-12-09 00:00:00,Helsinki Vantaa Airport,17
2019-12-09 00:00:00,Brussels Airport,9
2019-12-09 00:00:00,Humberto Delgado Airport (Lisbon Portela Airport),12
2019-12-09 00:00:00,Paris-Orly Airport,8
2019-12-09 00:00:00,Copenhagen Kastrup Airport,6
2019-12-09 00:00:00,Josep Tarradellas Barcelona-El Prat Airport,5
2019-12-09 00:00:00,Manchester Airport,4
2019-12-09 00:00:00,Düsseldorf Airport,3
2019-12-09 00:00:00,Vienna International Airport,3
2019-12-09 00:00:00,Dublin Airport,3
2019-12-08 00:00:00,London Heathrow Airport,148
2019-12-08 00:00:00,Frankfurt am Main Airport,120
2019-12-08 00:00:00,Charles de Gaulle International Airport,98
2019-12-08 00:00:00,Amsterdam Airport Schiphol,80
2019-12-08 00:00:00,Adolfo Suárez Madrid–Barajas Airport,78
2019-12-08 00:00:00,Munich Airport,61
2019-12-08 00:00:00,Rome–Fiumicino Leonardo da Vinci International Airport,36
2019-12-08 00:00:00,Helsinki Vantaa Airport,61
2019-12-08 00:00:00,Copenhagen Kastrup Airport,51
2019-12-08 00:00:00,Malpensa International Airport,33
2019-12-08 00:00:00,Brussels Airport,49
2019-12-08 00:00:00,London Gatwick Airport,50
2019-12-08 00:00:00,Paris-Orly Airport,28
2019-12-08 00:00:00,Zürich Airport,31
2019-12-08 00:00:00,Josep Tarradellas Barcelona-El Prat Airport,53
2019-12-08 00:00:00,Manchester Airport,24
2019-12-08 00:00:00,Düsseldorf Airport,35
2019-12-08 00:00:00,Humberto Delgado Airport (Lisbon Portela Airport),48
2019-12-08 00:00:00,Vienna International Airport,39
2019-12-08 00:00:00,Dublin Airport,17
2019-12-07 00:00:00,London Heathrow Airport,143
2019-12-07 00:00:00,Frankfurt am Main Airport,91
2019-12-07 00:00:00,Charles de Gaulle International Airport,80
2019-12-07 00:00:00,Amsterdam Airport Schiphol,53
2019-12-07 00:00:00,Munich Airport,42
2019-12-07 00:00:00,Adolfo Suárez Madrid–Barajas Airport,25
2019-12-07 00:00:00,Zürich Airport,19
2019-12-07 00:00:00,Malpensa International Airport,22
2019-12-07 00:00:00,London Gatwick Airport,28
2019-12-07 00:00:00,Rome–Fiumicino Leonardo da Vinci International Airport,18
2019-12-07 00:00:00,Brussels Airport,16
2019-12-07 00:00:00,Helsinki Vantaa Airport,38
2019-12-07 00:00:00,Copenhagen Kastrup Airport,22
2019-12-07 00:00:00,Manchester Airport,24
2019-12-07 00:00:00,Paris-Orly Airport,9
2019-12-07 00:00:00,Düsseldorf Airport,13
2019-12-07 00:00:00,Dublin Airport,29
2019-12-07 00:00:00,Humberto Delgado Airport (Lisbon Portela Airport),11
2019-12-07 00:00:00,Vienna International Airport,14
2019-12-07 00:00:00,Josep Tarradellas Barcelona-El Prat Airport,10
2019-12-06 00:00:00,London Heathrow Airport,160
2019-12-06 00:00:00,Charles de Gaulle International Airport,106
2019-12-06 00:00:00,Frankfurt am Main Airport,108
2019-12-06 00:00:00,Amsterdam Airport Schiphol,82
2019-12-06 00:00:00,Munich Airport,78
2019-12-06 00:00:00,Adolfo Suárez Madrid–Barajas Airport,33
2019-12-06 00:00:00,Zürich Airport,38
2019-12-06 00:00:00,Helsinki Vantaa Airport,65
2019-12-06 00:00:00,London Gatwick Airport,47
2019-12-06 00:00:00,Copenhagen Kastrup Airport,63
2019-12-06 00:00:00,Rome–Fiumicino Leonardo da Vinci International Airport,30
2019-12-06 00:00:00,Malpensa International Airport,24
2019-12-06 00:00:00,Brussels Airport,42
2019-12-06 00:00:00,Vienna International Airport,48
2019-12-06 00:00:00,Manchester Airport,20
2019-12-06 00:00:00,Paris-Orly Airport,9
2019-12-06 00:00:00,Düsseldorf Airport,27
2019-12-06 00:00:00,Humberto Delgado Airport (Lisbon Portela Airport),18
2019-12-06 00:00:00,Josep Tarradellas Barcelona-El Prat Airport,18
2019-12-06 00:00:00,Dublin Airport,20
2019-12-05 00:00:00,London Heathrow Airport,122
2019-12-05 00:00:00,Charles de Gaulle International Airport,71
2019-12-05 00:00:00,Frankfurt am Main Airport,70
2019-12-05 00:00:00,Amsterdam Airport Schiphol,53
2019-12-05 00:00:00,Munich Airport,33
2019-12-05 00:00:00,Adolfo Suárez Madrid–Barajas Airport,34
2019-12-05 00:00:00,Rome–Fiumicino Leonardo da Vinci International Airport,19
2019-12-05 00:00:00,Zürich Airport,17
2019-12-05 00:00:00,London Gatwick Airport,36
2019-12-05 00:00:00,Brussels Airport,22
2019-12-05 00:00:00,Malpensa International Airport,11
2019-12-05 00:00:00,Helsinki Vantaa Airport,40
2019-12-05 00:00:00,Copenhagen Kastrup Airport,32
2019-12-05 00:00:00,Humberto Delgado Airport (Lisbon Portela Airport),27
2019-12-05 00:00:00,Josep Tarradellas Barcelona-El Prat Airport,14
2019-12-05 00:00:00,Dublin Airport,30
2019-12-05 00:00:00,Vienna International Airport,8
2019-12-05 00:00:00,Manchester Airport,29
2019-12-05 00:00:00,Düsseldorf Airport,5
2019-12-05 00:00:00,Paris-Orly Airport,3
2019-12-04 00:00:00,London Heathrow Airport,86
2019-12-04 00:00:00,Charles de Gaulle International Airport,44
2019-12-04 00:00:00,Frankfurt am Main Airport,40
2019-12-04 00:00:00,Amsterdam Airport Schiphol,33
2019-12-04 00:00:00,Adolfo Suárez Madrid–Barajas Airport,28
2019-12-04 00:00:00,Rome–Fiumicino Leonardo da Vinci International Airport,20
2019-12-04 00:00:00,Munich Airport,14
2019-12-04 00:00:00,Malpensa International Airport,14
2019-12-04 00:00:00,Zürich Airport,11
2019-12-04 00:00:00,Brussels Airport,9
2019-12-04 00:00:00,Helsinki Vantaa Airport,16
2019-12-04 00:00:00,London Gatwick Airport,14
2019-12-04 00:00:00,Dublin Airport,10
2019-12-04 00:00:00,Copenhagen Kastrup Airport,6
2019-12-04 00:00:00,Paris-Orly Airport,5
2019-12-04 00:00:00,Manchester Airport,4
2019-12-04 00:00:00,Humberto Delgado Airport (Lisbon Portela Airport),5
2019-12-04 00:00:00,Vienna International Airport,3
2019-12-04 00:00:00,Josep Tarradellas Barcelona-El Prat Airport,10
2019-12-04 00:00:00,Düsseldorf Airport,3
2019-12-03 00:00:00,London Heathrow Airport,60
2019-12-03 00:00:00,Charles de Gaulle International Airport,51
2019-12-03 00:00:00,Frankfurt am Main Airport,55
2019-12-03 00:00:00,Amsterdam Airport Schiphol,31
2019-12-03 00:00:00,Adolfo Suárez Madrid–Barajas Airport,17
2019-12-03 00:00:00,Munich Airport,16
2019-12-03 00:00:00,Rome–Fiumicino Leonardo da Vinci International Airport,12
2019-12-03 00:00:00,Zürich Airport,12
2019-12-03 00:00:00,London Gatwick Airport,10
2019-12-03 00:00:00,Helsinki Vantaa Airport,12
2019-12-03 00:00:00,Humberto Delgado Airport (Lisbon Portela Airport),12
2019-12-03 00:00:00,Brussels Airport,11
2019-12-03 00:00:00,Copenhagen Kastrup Airport,13
2019-12-03 00:00:00,Malpensa International Airport,9
2019-12-03 00:00:00,Vienna International Airport,12
2019-12-03 00:00:00,Josep Tarradellas Barcelona-El Prat Airport,5
2019-12-03 00:00:00,Dublin Airport,6
2019-12-03 00:00:00,Paris-Orly Airport,2
2019-12-03 00:00:00,Düsseldorf Airport,3
2019-12-03 00:00:00,Manchester Airport,4
2019-12-02 00:00:00,London Heathrow Airport,130
2019-12-02 00:00:00,Charles de Gaulle International Airport,66
2019-12-02 00:00:00,Frankfurt am Main Airport,71
2019-12-02 00:00:00,Amsterdam Airport Schiphol,47
2019-12-02 00:00:00,Munich Airport,34
2019-12-02 00:00:00,Zürich Airport,25
2019-12-02 00:00:00,Adolfo Suárez Madrid–Barajas Airport,27
2019-12-02 00:00:00,London Gatwick Airport,18
2019-12-02 00:00:00,Malpensa International Airport,21
2019-12-02 00:00:00,Dublin Airport,21
2019-12-02 00:00:00,Rome–Fiumicino Leonardo da Vinci International Airport,17
2019-12-02 00:00:00,Brussels Airport,16
2019-12-02 00:00:00,Humberto Delgado Airport (Lisbon Portela Airport),12
2019-12-02 00:00:00,Paris-Orly Airport,9
2019-12-02 00:00:00,Copenhagen Kastrup Airport,14
2019-12-02 00:00:00,Vienna International Airport,20
2019-12-02 00:00:00,Manchester Airport,8
2019-12-02 00:00:00,Düsseldorf Airport,13
2019-12-02 00:00:00,Helsinki Vantaa Airport,10
2019-12-02 00:00:00,Josep Tarradellas Barcelona-El Prat Airport,10
2019-12-01 00:00:00,London Heathrow Airport,148
2019-12-01 00:00:00,Frankfurt am Main Airport,99
2019-12-01 00:00:00,Charles de Gaulle International Airport,74
2019-12-01 00:00:00,Amsterdam Airport Schiphol,59
2019-12-01 00:00:00,Munich Airport,46
2019-12-01 00:00:00,Adolfo Suárez Madrid–Barajas Airport,41
2019-12-01 00:00:00,Rome–Fiumicino Leonardo da Vinci International Airport,28
2019-12-01 00:00:00,Zürich Airport,22
2019-12-01 00:00:00,Malpensa International Airport,28
2019-12-01 00:00:00,London Gatwick Airport,20
2019-12-01 00:00:00,Dublin Airport,23
2019-12-01 00:00:00,Paris-Orly Airport,12
2019-12-01 00:00:00,Copenhagen Kastrup Airport,26
2019-12-01 00:00:00,Helsinki Vantaa Airport,22
2019-12-01 00:00:00,Brussels Airport,15
2019-12-01 00:00:00,Josep Tarradellas Barcelona-El Prat Airport,20
2019-12-01 00:00:00,Vienna International Airport,17
2019-12-01 00:00:00,Humberto Delgado Airport (Lisbon Portela Airport),12
2019-12-01 00:00:00,Düsseldorf Airport,10
2019-12-01 00:00:00,Manchester Airport,4
2019-11-30 00:00:00,London Heathrow Airport,116
2019-11-30 00:00:00,Frankfurt am Main Airport,63
2019-11-30 00:00:00,Charles de Gaulle International Airport,60
2019-11-30 00:00:00,Amsterdam Airport Schiphol,48
2019-11-30 00:00:00,Adolfo Suárez Madrid–Barajas Airport,36
2019-11-30 00:00:00,Zürich Airport,19
2019-11-30 00:00:00,Rome–Fiumicino Leonardo da Vinci International Airport,21
2019-11-30 00:00:00,Munich Airport,17
2019-11-30 00:00:00,London Gatwick Airport,18
2019-11-30 00:00:00,Malpensa International Airport,14
2019-11-30 00:00:00,Paris-Orly Airport,14
2019-11-30 00:00:00,Helsinki Vantaa Airport,11
2019-11-30 00:00:00,Humberto Delgado Airport (Lisbon Portela Airport),16
2019-11-30 00:00:00,Copenhagen Kastrup Airport,8
2019-11-30 00:00:00,Dublin Airport,10
2019-11-30 00:00:00,Josep Tarradellas Barcelona-El Prat Airport,16
2019-11-30 00:00:00,Brussels Airport,9
2019-11-30 00:00:00,Vienna International Airport,7
2019-11-30 00:00:00,Düsseldorf Airport,6
2019-11-30 00:00:00,Manchester Airport,6
2019-11-29 00:00:00,London Heathrow Airport,60
2019-11-29 00:00:00,Frankfurt am Main Airport,37
2019-11-29 00:00:00,Adolfo Suárez Madrid–Barajas Airport,48
2019-11-29 00:00:00,Charles de Gaulle International Airport,31
2019-11-29 00:00:00,Amsterdam Airport Schiphol,24
2019-11-29 00:00:00,Munich Airport,16
2019-11-29 00:00:00,London Gatwick Airport,14
2019-11-29 00:00:00,Paris-Orly Airport,12
2019-11-29 00:00:00,Malpensa International Airport,9
2019-11-29 00:00:00,Helsinki Vantaa Airport,14
2019-11-29 00:00:00,Rome–Fiumicino Leonardo da Vinci International Airport,10
2019-11-29 00:00:00,Humberto Delgado Airport (Lisbon Portela Airport),20
2019-11-29 00:00:00,Brussels Airport,6
2019-11-29 00:00:00,Zürich Airport,6
2019-11-29 00:00:00,Copenhagen Kastrup Airport,5
2019-11-29 00:00:00,Josep Tarradellas Barcelona-El Prat Airport,12
2019-11-29 00:00:00,Vienna International Airport,5
2019-11-29 00:00:00,Düsseldorf Airport,3
2019-11-29 00:00:00,Dublin Airport,3
2019-11-29 00:00:00,Manchester Airport,1
2019-11-28 00:00:00,London Heathrow Airport,64
2019-11-28 00:00:00,Frankfurt am Main Airport,61
2019-11-28 00:00:00,Charles de Gaulle International Airport,50
2019-11-28 00:00:00,Amsterdam Airport Schiphol,36
2019-11-28 00:00:00,Adolfo Suárez Madrid–Barajas Airport,39
2019-11-28 00:00:00,Helsinki Vantaa Airport,52
2019-11-28 00:00:00,Munich Airport,22
2019-11-28 00:00:00,Zürich Airport,12
2019-11-28 00:00:00,Rome–Fiumicino Leonardo da Vinci International Airport,21
2019-11-28 00:00:00,Brussels Airport,12
2019-11-28 00:00:00,Copenhagen Kastrup Airport,16
2019-11-28 00:00:00,Malpensa International Airport,13
2019-11-28 00:00:00,London Gatwick Airport,11
2019-11-28 00:00:00,Josep Tarradellas Barcelona-El Prat Airport,23
2019-11-28 00:00:00,Paris-Orly Airport,8
2019-11-28 00:00:00,Vienna International Airport,17
2019-11-28 00:00:00,Humberto Delgado Airport (Lisbon Portela Airport),27
2019-11-28 00:00:00,Manchester Airport,5
2019-11-28 00:00:00,Düsseldorf Airport,10
2019-11-28 00:00:00,Dublin Airport,3
2019-11-27 00:00:00,London Heathrow Airport,97
2019-11-27 00:00:00,Frankfurt am Main Airport,104
2019-11-27 00:00:00,Charles de Gaulle International Airport,71
2019-11-27 00:00:00,Amsterdam Airport Schiphol,48
2019-11-27 00:00:00,Adolfo Suárez Madrid–Barajas Airport,30
2019-11-27 00:00:00,Helsinki Vantaa Airport,81
2019-11-27 00:00:00,Malpensa International Airport,38
2019-11-27 00:00:00,Rome–Fiumicino Leonardo da Vinci International Airport,30
2019-11-27 00:00:00,Munich Airport,37
2019-11-27 00:00:00,Brussels Airport,26
2019-11-27 00:00:00,Zürich Airport,24
2019-11-27 00:00:00,Copenhagen Kastrup Airport,30
2019-11-27 00:00:00,London Gatwick Airport,11
2019-11-27 00:00:00,Düsseldorf Airport,20
2019-11-27 00:00:00,Vienna International Airport,33
2019-11-27 00:00:00,Manchester Airport,10
2019-11-27 00:00:00,Humberto Delgado Airport (Lisbon Portela Airport),10
2019-11-27 00:00:00,Josep Tarradellas Barcelona-El Prat Airport,14
2019-11-27 00:00:00,Paris-Orly Airport,5
2019-11-27 00:00:00,Dublin Airport,3
2019-11-26 00:00:00,London Heathrow Airport,228
2019-11-26 00:00:00,Frankfurt am Main Airport,164
2019-11-26 00:00:00,Charles de Gaulle International Airport,132
2019-11-26 00:00:00,Amsterdam Airport Schiphol,135
2019-11-26 00:00:00,Adolfo Suárez Madrid–Barajas Airport,75
2019-11-26 00:00:00,Munich Airport,75
2019-11-26 00:00:00,Helsinki Vantaa Airport,100
2019-11-26 00:00:00,Zürich Airport,33
2019-11-26 00:00:00,Brussels Airport,68
2019-11-26 00:00:00,Rome–Fiumicino Leonardo da Vinci International Airport,27
2019-11-26 00:00:00,Manchester Airport,44
2019-11-26 00:00:00,Malpensa International Airport,30
2019-11-26 00:00:00,London Gatwick Airport,74
2019-11-26 00:00:00,Humberto Delgado Airport (Lisbon Portela Airport),46
2019-11-26 00:00:00,Copenhagen Kastrup Airport,88
2019-11-26 00:00:00,Vienna International Airport,40
2019-11-26 00:00:00,Josep Tarradellas Barcelona-El Prat Airport,52
2019-11-26 00:00:00,Dublin Airport,41
2019-11-26 00:00:00,Paris-Orly Airport,33
2019-11-26 00:00:00,Düsseldorf Airport,45
2019-11-25 00:00:00,London Heathrow Airport,171
2019-11-25 00:00:00,Frankfurt am Main Airport,169
2019-11-25 00:00:00,Charles de Gaulle International Airport,130
2019-11-25 00:00:00,Amsterdam Airport Schiphol,124
2019-11-25 00:00:00,Adolfo Suárez Madrid–Barajas Airport,105
2019-11-25 00:00:00,Munich Airport,73
2019-11-25 00:00:00,London Gatwick Airport,68
2019-11-25 00:00:00,Humberto Delgado Airport (Lisbon Portela Airport),101
2019-11-25 00:00:00,Malpensa International Airport,29
2019-11-25 00:00:00,Brussels Airport,61
2019-11-25 00:00:00,Zürich Airport,32
2019-11-25 00:00:00,Rome–Fiumicino Leonardo da Vinci International Airport,25
2019-11-25 00:00:00,Copenhagen Kastrup Airport,76
2019-11-25 00:00:00,Helsinki Vantaa Airport,53
2019-11-25 00:00:00,Vienna International Airport,49
2019-11-25 00:00:00,Paris-Orly Airport,24
2019-11-25 00:00:00,Düsseldorf Airport,52
2019-11-25 00:00:00,Manchester Airport,40
2019-11-25 00:00:00,Josep Tarradellas Barcelona-El Prat Airport,53
2019-11-25 00:00:00,Dublin Airport,46
2019-11-24 00:00:00,London Heathrow Airport,246
2019-11-24 00:00:00,Frankfurt am Main Airport,142
2019-11-24 00:00:00,Charles de Gaulle International Airport,155
2019-11-24 00:00:00,Amsterdam Airport Schiphol,139
2019-11-24 00:00:00,Munich Airport,88
2019-11-24 00:00:00,Adolfo Suárez Madrid–Barajas Airport,46
2019-11-24 00:00:00,Rome–Fiumicino Leonardo da Vinci International Airport,76
2019-11-24 00:00:00,Zürich Airport,42
2019-11-24 00:00:00,Malpensa International Airport,52
2019-11-24 00:00:00,London Gatwick Airport,69
2019-11-24 00:00:00,Copenhagen Kastrup Airport,62
2019-11-24 00:00:00,Brussels Airport,64
2019-11-24 00:00:00,Josep Tarradellas Barcelona-El Prat Airport,58
2019-11-24 00:00:00,Helsinki Vantaa Airport,39
2019-11-24 00:00:00,Paris-Orly Airport,20
2019-11-24 00:00:00,Humberto Delgado Airport (Lisbon Portela Airport),29
2019-11-24 00:00:00,Vienna International Airport,50
2019-11-24 00:00:00,Düsseldorf Airport,29
2019-11-24 00:00:00,Dublin Airport,32
2019-11-24 00:00:00,Manchester Airport,26
2019-11-23 00:00:00,London Heathrow Airport,169
2019-11-23 00:00:00,Frankfurt am Main Airport,126
2019-11-23 00:00:00,Charles de Gaulle International Airport,124
2019-11-23 00:00:00,Amsterdam Airport Schiphol,81
2019-11-23 00:00:00,Munich Airport,70
2019-11-23 00:00:00,Zürich Airport,40
2019-11-23 00:00:00,Helsinki Vantaa Airport,56
2019-11-23 00:00:00,Brussels Airport,38
2019-11-23 00:00:00,Adolfo Suárez Madrid–Barajas Airport,36
2019-11-23 00:00:00,Rome–Fiumicino Leonardo da Vinci International Airport,43
2019-11-23 00:00:00,London Gatwick Airport,27
2019-11-23 00:00:00,Malpensa International Airport,30
2019-11-23 00:00:00,Paris-Orly Airport,14
2019-11-23 00:00:00,Copenhagen Kastrup Airport,27
2019-11-23 00:00:00,Manchester Airport,26
2019-11-23 00:00:00,Vienna International Airport,39
2019-11-23 00:00:00,Josep Tarradellas Barcelona-El Prat Airport,31
2019-11-23 00:00:00,Humberto Delgado Airport (Lisbon Portela Airport),20
2019-11-23 00:00:00,Düsseldorf Airport,20
2019-11-23 00:00:00,Dublin Airport,21
2019-11-22 00:00:00,London Heathrow Airport,168
2019-11-22 00:00:00,Frankfurt am Main Airport,159
2019-11-22 00:00:00,Charles de Gaulle International Airport,113
2019-11-22 00:00:00,Amsterdam Airport Schiphol,78
2019-11-22 00:00:00,Munich Airport,71
2019-11-22 00:00:00,Zürich Airport,37
2019-11-22 00:00:00,Adolfo Suárez Madrid–Barajas Airport,42
2019-11-22 00:00:00,Rome–Fiumicino Leonardo da Vinci International Airport,33
2019-11-22 00:00:00,Copenhagen Kastrup Airport,49
2019-11-22 00:00:00,Malpensa International Airport,38
2019-11-22 00:00:00,Josep Tarradellas Barcelona-El Prat Airport,51
2019-11-22 00:00:00,Brussels Airport,34
2019-11-22 00:00:00,Helsinki Vantaa Airport,60
2019-11-22 00:00:00,Vienna International Airport,55
2019-11-22 00:00:00,London Gatwick Airport,30
2019-11-22 00:00:00,Humberto Delgado Airport (Lisbon Portela Airport),21
2019-11-22 00:00:00,Paris-Orly Airport,19
2019-11-22 00:00:00,Düsseldorf Airport,28
2019-11-22 00:00:00,Dublin Airport,13
2019-11-22 00:00:00,Manchester Airport,13
2019-11-21 00:00:00,London Heathrow Airport,135
2019-11-21 00:00:00,Frankfurt am Main Airport,116
2019-11-21 00:00:00,Charles de Gaulle International Airport,85
2019-11-21 00:00:00,Amsterdam Airport Schiphol,88
2019-11-21 00:00:00,Adolfo Suárez Madrid–Barajas Airport,66
2019-11-21 00:00:00,Munich Airport,56
2019-11-21 00:00:00,Zürich Airport,25
2019-11-21 00:00:00,Rome–Fiumicino Leonardo da Vinci International Airport,43
2019-11-21 00:00:00,Vienna International Airport,47
2019-11-21 00:00:00,Copenhagen Kastrup Airport,42
2019-11-21 00:00:00,Brussels Airport,38
2019-11-21 00:00:00,Josep Tarradellas Barcelona-El Prat Airport,75
2019-11-21 00:00:00,Humberto Delgado Airport (Lisbon Portela Airport),23
2019-11-21 00:00:00,Malpensa International Airport,22
2019-11-21 00:00:00,London Gatwick Airport,26
2019-11-21 00:00:00,Helsinki Vantaa Airport,45
2019-11-21 00:00:00,Paris-Orly Airport,18
2019-11-21 00:00:00,Düsseldorf Airport,16
2019-11-21 00:00:00,Dublin Airport,14
2019-11-21 00:00:00,Manchester Airport,11
2019-11-20 00:00:00,London Heathrow Airport,148
2019-11-20 00:00:00,Frankfurt am Main Airport,113
2019-11-20 00:00:00,Charles de Gaulle International Airport,82
2019-11-20 00:00:00,Amsterdam Airport Schiphol,74
2019-11-20 00:00:00,Adolfo Suárez Madrid–Barajas Airport,61
2019-11-20 00:00:00,Munich Airport,40
2019-11-20 00:00:00,Zürich Airport,27
2019-11-20 00:00:00,Rome–Fiumicino Leonardo da Vinci International Airport,33
2019-11-20 00:00:00,Malpensa International Airport,26
2019-11-20 00:00:00,Helsinki Vantaa Airport,42
2019-11-20 00:00:00,London Gatwick Airport,48
2019-11-20 00:00:00,Copenhagen Kastrup Airport,34
2019-11-20 00:00:00,Paris-Orly Airport,16
2019-11-20 00:00:00,Humberto Delgado Airport (Lisbon Portela Airport),23
2019-11-20 00:00:00,Brussels Airport,24
2019-11-20 00:00:00,Vienna International Airport,28
2019-11-20 00:00:00,Düsseldorf Airport,27
2019-11-20 00:00:00,Dublin Airport,34
2019-11-20 00:00:00,Josep Tarradellas Barcelona-El Prat Airport,42
2019-11-20 00:00:00,Manchester Airport,17
2019-11-19 00:00:00,London Heathrow Airport,182
2019-11-19 00:00:00,Frankfurt am Main Airport,98
2019-11-19 00:00:00,Charles de Gaulle International Airport,105
2019-11-19 00:00:00,Amsterdam Airport Schiphol,74
2019-11-19 00:00:00,Adolfo Suárez Madrid–Barajas Airport,95
2019-11-19 00:00:00,Munich Airport,50
2019-11-19 00:00:00,Zürich Airport,34
2019-11-19 00:00:00,Rome–Fiumicino Leonardo da Vinci International Airport,36
2019-11-19 00:00:00,London Gatwick Airport,49
2019-11-19 00:00:00,Brussels Airport,41
2019-11-19 00:00:00,Humberto Delgado Airport (Lisbon Portela Airport),74
2019-11-19 00:00:00,Helsinki Vantaa Airport,32
2019-11-19 00:00:00,Malpensa International Airport,30
2019-11-19 00:00:00,Josep Tarradellas Barcelona-El Prat Airport,39
2019-11-19 00:00:00,Copenhagen Kastrup Airport,16
2019-11-19 00:00:00,Vienna International Airport,28
2019-11-19 00:00:00,Düsseldorf Airport,25
2019-11-19 00:00:00,Manchester Airport,19
2019-11-19 00:00:00,Dublin Airport,22
2019-11-19 00:00:00,Paris-Orly Airport,17
2019-11-18 00:00:00,London Heathrow Airport,145
2019-11-18 00:00:00,Frankfurt am Main Airport,86
2019-11-18 00:00:00,Charles de Gaulle International Airport,74
2019-11-18 00:00:00,Amsterdam Airport Schiphol,62
2019-11-18 00:00:00,Adolfo Suárez Madrid–Barajas Airport,42
2019-11-18 00:00:00,Munich Airport,34
2019-11-18 00:00:00,Rome–Fiumicino Leonardo da Vinci International Airport,28
2019-11-18 00:00:00,Zürich Airport,23
2019-11-18 00:00:00,London Gatwick Airport,22
2019-11-18 00:00:00,Paris-Orly Airport,13
2019-11-18 00:00:00,Helsinki Vantaa Airport,83
2019-11-18 00:00:00,Malpensa International Airport,14
2019-11-18 00:00:00,Humberto Delgado Airport (Lisbon Portela Airport),19
2019-11-18 00:00:00,Copenhagen Kastrup Airport,34
2019-11-18 00:00:00,Dublin Airport,20
2019-11-18 00:00:00,Manchester Airport,8
2019-11-18 00:00:00,Josep Tarradellas Barcelona-El Prat Airport,11
2019-11-18 00:00:00,Brussels Airport,9
2019-11-18 00:00:00,Düsseldorf Airport,13
2019-11-18 00:00:00,Vienna International Airport,9
2019-11-17 00:00:00,London Heathrow Airport,154
2019-11-17 00:00:00,Frankfurt am Main Airport,120
2019-11-17 00:00:00,Charles de Gaulle International Airport,80
2019-11-17 00:00:00,Amsterdam Airport Schiphol,75
2019-11-17 00:00:00,Adolfo Suárez Madrid–Barajas Airport,35
2019-11-17 00:00:00,Munich Airport,61
2019-11-17 00:00:00,Malpensa International Airport,37
2019-11-17 00:00:00,London Gatwick Airport,26
2019-11-17 00:00:00,Zürich Airport,23
2019-11-17 00:00:00,Rome–Fiumicino Leonardo da Vinci International Airport,34
2019-11-17 00:00:00,Copenhagen Kastrup Airport,47
2019-11-17 00:00:00,Helsinki Vantaa Airport,49
2019-11-17 00:00:00,Brussels Airport,30
2019-11-17 00:00:00,Humberto Delgado Airport (Lisbon Portela Airport),15
2019-11-17 00:00:00,Manchester Airport,18
2019-11-17 00:00:00,Vienna International Airport,44
2019-11-17 00:00:00,Düsseldorf Airport,28
2019-11-17 00:00:00,Dublin Airport,15
2019-11-17 00:00:00,Josep Tarradellas Barcelona-El Prat Airport,17
2019-11-17 00:00:00,Paris-Orly Airport,6
2019-11-16 00:00:00,London Heathrow Airport,141
2019-11-16 00:00:00,Frankfurt am Main Airport,103
2019-11-16 00:00:00,Charles de Gaulle International Airport,89
2019-11-16 00:00:00,Amsterdam Airport Schiphol,66
2019-11-16 00:00:00,Munich Airport,44
2019-11-16 00:00:00,Zürich Airport,36
2019-11-16 00:00:00,Adolfo Suárez Madrid–Barajas Airport,31
2019-11-16 00:00:00,Rome–Fiumicino Leonardo da Vinci International Airport,40
2019-11-16 00:00:00,Malpensa International Airport,34
2019-11-16 00:00:00,London Gatwick Airport,24
2019-11-16 00:00:00,Brussels Airport,24
2019-11-16 00:00:00,Copenhagen Kastrup Airport,20
2019-11-16 00:00:00,Vienna International Airport,33
2019-11-16 00:00:00,Josep Tarradellas Barcelona-El Prat Airport,22
2019-11-16 00:00:00,Paris-Orly Airport,9
2019-11-16 00:00:00,Helsinki Vantaa Airport,31
2019-11-16 00:00:00,Manchester Airport,12
2019-11-16 00:00:00,Düsseldorf Airport,19
2019-11-16 00:00:00,Humberto Delgado Airport (Lisbon Portela Airport),7
2019-11-16 00:00:00,Dublin Airport,8
2019-11-15 00:00:00,London Heathrow Airport,161
2019-11-15 00:00:00,Frankfurt am Main Airport,128
2019-11-15 00:00:00,Charles de Gaulle International Airport,95
2019-11-15 00:00:00,Amsterdam Airport Schiphol,62
2019-11-15 00:00:00,Adolfo Suárez Madrid–Barajas Airport,40
2019-11-15 00:00:00,Munich Airport,52
2019-11-15 00:00:00,London Gatwick Airport,35
2019-11-15 00:00:00,Zürich Airport,27
2019-11-15 00:00:00,Rome–Fiumicino Leonardo da Vinci International Airport,33
2019-11-15 00:00:00,Malpensa International Airport,30
2019-11-15 00:00:00,Dublin Airport,24
2019-11-15 00:00:00,Copenhagen Kastrup Airport,38
2019-11-15 00:00:00,Helsinki Vantaa Airport,47
2019-11-15 00:00:00,Brussels Airport,24
2019-11-15 00:00:00,Vienna International Airport,32
2019-11-15 00:00:00,Humberto Delgado Airport (Lisbon Portela Airport),17
2019-11-15 00:00:00,Josep Tarradellas Barcelona-El Prat Airport,19
2019-11-15 00:00:00,Manchester Airport,14
2019-11-15 00:00:00,Düsseldorf Airport,16
2019-11-15 00:00:00,Paris-Orly Airport,10
2019-11-14 00:00:00,London Heathrow Airport,99
2019-11-14 00:00:00,Frankfurt am Main Airport,67
2019-11-14 00:00:00,Charles de Gaulle International Airport,59
2019-11-14 00:00:00,Amsterdam Airport Schiphol,33
2019-11-14 00:00:00,Adolfo Suárez Madrid–Barajas Airport,33
2019-11-14 00:00:00,Munich Airport,21
2019-11-14 00:00:00,Zürich Airport,17
2019-11-14 00:00:00,Rome–Fiumicino Leonardo da Vinci International Airport,24
2019-11-14 00:00:00,London Gatwick Airport,17
2019-11-14 00:00:00,Brussels Airport,15
2019-11-14 00:00:00,Malpensa International Airport,14
2019-11-14 00:00:00,Humberto Delgado Airport (Lisbon Portela Airport),13
2019-11-14 00:00:00,Dublin Airport,13
2019-11-14 00:00:00,Josep Tarradellas Barcelona-El Prat Airport,17
2019-11-14 00:00:00,Helsinki Vantaa Airport,16
2019-11-14 00:00:00,Vienna International Airport,16
2019-11-14 00:00:00,Paris-Orly Airport,8
2019-11-14 00:00:00,Copenhagen Kastrup Airport,9
2019-11-14 00:00:00,Düsseldorf Airport,8
2019-11-14 00:00:00,Manchester Airport,5
2019-11-13 00:00:00,London Heathrow Airport,135
2019-11-13 00:00:00,Frankfurt am Main Airport,91
2019-11-13 00:00:00,Charles de Gaulle International Airport,87
2019-11-13 00:00:00,Amsterdam Airport Schiphol,55
2019-11-13 00:00:00,Adolfo Suárez Madrid–Barajas Airport,45
2019-11-13 00:00:00,Munich Airport,50
2019-11-13 00:00:00,Zürich Airport,32
2019-11-13 00:00:00,Malpensa International Airport,40
2019-11-13 00:00:00,London Gatwick Airport,28
2019-11-13 00:00:00,Rome–Fiumicino Leonardo da Vinci International Airport,31
2019-11-13 00:00:00,Manchester Airport,19
2019-11-13 00:00:00,Copenhagen Kastrup Airport,23
2019-11-13 00:00:00,Vienna International Airport,37
2019-11-13 00:00:00,Humberto Delgado Airport (Lisbon Portela Airport),17
2019-11-13 00:00:00,Helsinki Vantaa Airport,41
2019-11-13 00:00:00,Josep Tarradellas Barcelona-El Prat Airport,19
2019-11-13 00:00:00,Brussels Airport,20
2019-11-13 00:00:00,Dublin Airport,13
2019-11-13 00:00:00,Düsseldorf Airport,18
2019-11-13 00:00:00,Paris-Orly Airport,8
2019-11-12 00:00:00,London Heathrow Airport,132
2019-11-12 00:00:00,Frankfurt am Main Airport,118
2019-11-12 00:00:00,Charles de Gaulle International Airport,79
2019-11-12 00:00:00,Amsterdam Airport Schiphol,57
2019-11-12 00:00:00,Adolfo Suárez Madrid–Barajas Airport,47
2019-11-12 00:00:00,Munich Airport,47
2019-11-12 00:00:00,Malpensa International Airport,36
2019-11-12 00:00:00,London Gatwick Airport,27
2019-11-12 00:00:00,Brussels Airport,34
2019-11-12 00:00:00,Zürich Airport,28
2019-11-12 00:00:00,Rome–Fiumicino Leonardo da Vinci International Airport,33
2019-11-12 00:00:00,Copenhagen Kastrup Airport,26
2019-11-12 00:00:00,Josep Tarradellas Barcelona-El Prat Airport,19
2019-11-12 00:00:00,Düsseldorf Airport,26
2019-11-12 00:00:00,Paris-Orly Airport,14
2019-11-12 00:00:00,Humberto Delgado Airport (Lisbon Portela Airport),17
2019-11-12 00:00:00,Manchester Airport,11
2019-11-12 00:00:00,Vienna International Airport,33
2019-11-12 00:00:00,Dublin Airport,10
2019-11-12 00:00:00,Helsinki Vantaa Airport,17
2019-11-11 00:00:00,London Heathrow Airport,104
2019-11-11 00:00:00,Frankfurt am Main Airport,89
2019-11-11 00:00:00,Charles de Gaulle International Airport,66
2019-11-11 00:00:00,Amsterdam Airport Schiphol,57
2019-11-11 00:00:00,Munich Airport,45
2019-11-11 00:00:00,Adolfo Suárez Madrid–Barajas Airport,49
2019-11-11 00:00:00,Zürich Airport,27
2019-11-11 00:00:00,Rome–Fiumicino Leonardo da Vinci International Airport,49
2019-11-11 00:00:00,Malpensa International Airport,34
2019-11-11 00:00:00,London Gatwick Airport,27
2019-11-11 00:00:00,Helsinki Vantaa Airport,32
2019-11-11 00:00:00,Josep Tarradellas Barcelona-El Prat Airport,27
2019-11-11 00:00:00,Humberto Delgado Airport (Lisbon Portela Airport),25
2019-11-11 00:00:00,Vienna International Airport,27
2019-11-11 00:00:00,Copenhagen Kastrup Airport,26
2019-11-11 00:00:00,Brussels Airport,17
2019-11-11 00:00:00,Paris-Orly Airport,10
2019-11-11 00:00:00,Manchester Airport,9
2019-11-11 00:00:00,Dublin Airport,11
2019-11-11 00:00:00,Düsseldorf Airport,16
2019-11-10 00:00:00,London Heathrow Airport,100
2019-11-10 00:00:00,Frankfurt am Main Airport,67
2019-11-10 00:00:00,Charles de Gaulle International Airport,58
2019-11-10 00:00:00,Amsterdam Airport Schiphol,42
2019-11-10 00:00:00,Adolfo Suárez Madrid–Barajas Airport,32
2019-11-10 00:00:00,Munich Airport,19
2019-11-10 00:00:00,Rome–Fiumicino Leonardo da Vinci International Airport,35
2019-11-10 00:00:00,London Gatwick Airport,16
2019-11-10 00:00:00,Malpensa International Airport,21
2019-11-10 00:00:00,Zürich Airport,15
2019-11-10 00:00:00,Copenhagen Kastrup Airport,15
2019-11-10 00:00:00,Josep Tarradellas Barcelona-El Prat Airport,19
2019-11-10 00:00:00,Humberto Delgado Airport (Lisbon Portela Airport),21
2019-11-10 00:00:00,Helsinki Vantaa Airport,18
2019-11-10 00:00:00,Paris-Orly Airport,9
2019-11-10 00:00:00,Brussels Airport,13
2019-11-10 00:00:00,Manchester Airport,7
2019-11-10 00:00:00,Vienna International Airport,14
2019-11-10 00:00:00,Düsseldorf Airport,6
2019-11-10 00:00:00,Dublin Airport,3
2019-11-09 00:00:00,London Heathrow Airport,101
2019-11-09 00:00:00,Frankfurt am Main Airport,71
2019-11-09 00:00:00,Charles de Gaulle International Airport,55
2019-11-09 00:00:00,Adolfo Suárez Madrid–Barajas Airport,39
2019-11-09 00:00:00,Amsterdam Airport Schiphol,41
2019-11-09 00:00:00,Munich Airport,31
2019-11-09 00:00:00,Rome–Fiumicino Leonardo da Vinci International Airport,27
2019-11-09 00:00:00,London Gatwick Airport,24
2019-11-09 00:00:00,Malpensa International Airport,23
2019-11-09 00:00:00,Zürich Airport,23
2019-11-09 00:00:00,Brussels Airport,19
2019-11-09 00:00:00,Vienna International Airport,24
2019-11-09 00:00:00,Josep Tarradellas Barcelona-El Prat Airport,17
2019-11-09 00:00:00,Copenhagen Kastrup Airport,14
2019-11-09 00:00:00,Humberto Delgado Airport (Lisbon Portela Airport),16
2019-11-09 00:00:00,Paris-Orly Airport,11
2019-11-09 00:00:00,Dublin Airport,12
2019-11-09 00:00:00,Manchester Airport,10
2019-11-09 00:00:00,Helsinki Vantaa Airport,14
2019-11-09 00:00:00,Düsseldorf Airport,10
2019-11-08 00:00:00,London Heathrow Airport,78
2019-11-08 00:00:00,Charles de Gaulle International Airport,43
2019-11-08 00:00:00,Frankfurt am Main Airport,40
2019-11-08 00:00:00,Amsterdam Airport Schiphol,29
2019-11-08 00:00:00,Adolfo Suárez Madrid–Barajas Airport,34
2019-11-08 00:00:00,London Gatwick Airport,15
2019-11-08 00:00:00,Copenhagen Kastrup Airport,20
2019-11-08 00:00:00,Humberto Delgado Airport (Lisbon Portela Airport),21
2019-11-08 00:00:00,Zürich Airport,10
2019-11-08 00:00:00,Munich Airport,9
2019-11-08 00:00:00,Helsinki Vantaa Airport,18
2019-11-08 00:00:00,Josep Tarradellas Barcelona-El Prat Airport,10
2019-11-08 00:00:00,Brussels Airport,5
2019-11-08 00:00:00,Paris-Orly Airport,6
2019-11-08 00:00:00,Vienna International Airport,13
2019-11-08 00:00:00,Malpensa International Airport,6
2019-11-08 00:00:00,Rome–Fiumicino Leonardo da Vinci International Airport,7
2019-11-08 00:00:00,Manchester Airport,5
2019-11-08 00:00:00,Düsseldorf Airport,5
2019-11-08 00:00:00,Dublin Airport,5
2019-11-07 00:00:00,London Heathrow Airport,101
2019-11-07 00:00:00,Charles de Gaulle International Airport,59
2019-11-07 00:00:00,Frankfurt am Main Airport,53
2019-11-07 00:00:00,Amsterdam Airport Schiphol,48
2019-11-07 00:00:00,Zürich Airport,22
2019-11-07 00:00:00,Adolfo Suárez Madrid–Barajas Airport,20
2019-11-07 00:00:00,Rome–Fiumicino Leonardo da Vinci International Airport,22
2019-11-07 00:00:00,Brussels Airport,20
2019-11-07 00:00:00,Munich Airport,16
2019-11-07 00:00:00,Helsinki Vantaa Airport,18
2019-11-07 00:00:00,Malpensa International Airport,16
2019-11-07 00:00:00,Josep Tarradellas Barcelona-El Prat Airport,12
2019-11-07 00:00:00,London Gatwick Airport,14
2019-11-07 00:00:00,Copenhagen Kastrup Airport,17
2019-11-07 00:00:00,Manchester Airport,8
2019-11-07 00:00:00,Vienna International Airport,18
2019-11-07 00:00:00,Humberto Delgado Airport (Lisbon Portela Airport),8
2019-11-07 00:00:00,Paris-Orly Airport,7
2019-11-07 00:00:00,Dublin Airport,4
2019-11-07 00:00:00,Düsseldorf Airport,6
2019-11-06 00:00:00,London Heathrow Airport,71
2019-11-06 00:00:00,Frankfurt am Main Airport,69
2019-11-06 00:00:00,Charles de Gaulle International Airport,50
2019-11-06 00:00:00,Amsterdam Airport Schiphol,41
2019-11-06 00:00:00,Adolfo Suárez Madrid–Barajas Airport,29
2019-11-06 00:00:00,Zürich Airport,24
2019-11-06 00:00:00,Munich Airport,26
2019-11-06 00:00:00,London Gatwick Airport,14
2019-11-06 00:00:00,Malpensa International Airport,24
2019-11-06 00:00:00,Rome–Fiumicino Leonardo da Vinci International Airport,24
2019-11-06 00:00:00,Copenhagen Kastrup Airport,13
2019-11-06 00:00:00,Brussels Airport,16
2019-11-06 00:00:00,Humberto Delgado Airport (Lisbon Portela Airport),8
2019-11-06 00:00:00,Paris-Orly Airport,5
2019-11-06 00:00:00,Vienna International Airport,17
2019-11-06 00:00:00,Helsinki Vantaa Airport,7
2019-11-06 00:00:00,Josep Tarradellas Barcelona-El Prat Airport,10
2019-11-06 00:00:00,Manchester Airport,12
2019-11-06 00:00:00,Düsseldorf Airport,9
2019-11-06 00:00:00,Dublin Airport,4
2019-11-05 00:00:00,London Heathrow Airport,49
2019-11-05 00:00:00,Charles de Gaulle International Airport,36
2019-11-05 00:00:00,Frankfurt am Main Airport,37
2019-11-05 00:00:00,Amsterdam Airport Schiphol,27
2019-11-05 00:00:00,Adolfo Suárez Madrid–Barajas Airport,22
2019-11-05 00:00:00,Rome–Fiumicino Leonardo da Vinci International Airport,15
2019-11-05 00:00:00,Zürich Airport,10
2019-11-05 00:00:00,Munich Airport,11
2019-11-05 00:00:00,Malpensa International Airport,13
2019-11-05 00:00:00,Brussels Airport,9
2019-11-05 00:00:00,Copenhagen Kastrup Airport,12
2019-11-05 00:00:00,Josep Tarradellas Barcelona-El Prat Airport,7
2019-11-05 00:00:00,London Gatwick Airport,7
2019-11-05 00:00:00,Vienna International Airport,7
2019-11-05 00:00:00,Manchester Airport,3
2019-11-05 00:00:00,Humberto Delgado Airport (Lisbon Portela Airport),6
2019-11-05 00:00:00,Paris-Orly Airport,3
2019-11-05 00:00:00,Helsinki Vantaa Airport,4
2019-11-05 00:00:00,Dublin Airport,3
2019-11-05 00:00:00,Düsseldorf Airport,1
2019-11-04 00:00:00,London Heathrow Airport,107
2019-11-04 00:00:00,Frankfurt am Main Airport,61
2019-11-04 00:00:00,Charles de Gaulle International Airport,53
2019-11-04 00:00:00,Amsterdam Airport Schiphol,35
2019-11-04 00:00:00,Adolfo Suárez Madrid–Barajas Airport,31
2019-11-04 00:00:00,Zürich Airport,20
2019-11-04 00:00:00,Munich Airport,26
2019-11-04 00:00:00,Rome–Fiumicino Leonardo da Vinci International Airport,25
2019-11-04 00:00:00,Malpensa International Airport,19
2019-11-04 00:00:00,Helsinki Vantaa Airport,28
2019-11-04 00:00:00,Manchester Airport,9
2019-11-04 00:00:00,London Gatwick Airport,11
2019-11-04 00:00:00,Copenhagen Kastrup Airport,13
2019-11-04 00:00:00,Josep Tarradellas Barcelona-El Prat Airport,12
2019-11-04 00:00:00,Humberto Delgado Airport (Lisbon Portela Airport),10
2019-11-04 00:00:00,Vienna International Airport,19
2019-11-04 00:00:00,Brussels Airport,10
2019-11-04 00:00:00,Paris-Orly Airport,7
2019-11-04 00:00:00,Dublin Airport,9
2019-11-04 00:00:00,Düsseldorf Airport,10
2019-11-03 00:00:00,London Heathrow Airport,123
2019-11-03 00:00:00,Frankfurt am Main Airport,136
2019-11-03 00:00:00,Charles de Gaulle International Airport,82
2019-11-03 00:00:00,Amsterdam Airport Schiphol,74
2019-11-03 00:00:00,Munich Airport,61
2019-11-03 00:00:00,Adolfo Suárez Madrid–Barajas Airport,40
2019-11-03 00:00:00,Zürich Airport,33
2019-11-03 00:00:00,Rome–Fiumicino Leonardo da Vinci International Airport,48
2019-11-03 00:00:00,Malpensa International Airport,41
2019-11-03 00:00:00,Copenhagen Kastrup Airport,45
2019-11-03 00:00:00,London Gatwick Airport,22
2019-11-03 00:00:00,Josep Tarradellas Barcelona-El Prat Airport,27
2019-11-03 00:00:00,Paris-Orly Airport,12
2019-11-03 00:00:00,Brussels Airport,33
2019-11-03 00:00:00,Helsinki Vantaa Airport,43
2019-11-03 00:00:00,Vienna International Airport,39
2019-11-03 00:00:00,Manchester Airport,12
2019-11-03 00:00:00,Düsseldorf Airport,24
2019-11-03 00:00:00,Humberto Delgado Airport (Lisbon Portela Airport),12
2019-11-03 00:00:00,Dublin Airport,9
2019-11-02 00:00:00,London Heathrow Airport,160
2019-11-02 00:00:00,Frankfurt am Main Airport,154
2019-11-02 00:00:00,Charles de Gaulle International Airport,119
2019-11-02 00:00:00,Amsterdam Airport Schiphol,76
2019-11-02 00:00:00,Adolfo Suárez Madrid–Barajas Airport,66
2019-11-02 00:00:00,Munich Airport,78
2019-11-02 00:00:00,Zürich Airport,47
2019-11-02 00:00:00,Rome–Fiumicino Leonardo da Vinci International Airport,64
2019-11-02 00:00:00,London Gatwick Airport,50
2019-11-02 00:00:00,Brussels Airport,47
2019-11-02 00:00:00,Malpensa International Airport,45
2019-11-02 00:00:00,Copenhagen Kastrup Airport,34
2019-11-02 00:00:00,Paris-Orly Airport,24
2019-11-02 00:00:00,Josep Tarradellas Barcelona-El Prat Airport,53
2019-11-02 00:00:00,Helsinki Vantaa Airport,47
2019-11-02 00:00:00,Vienna International Airport,50
2019-11-02 00:00:00,Humberto Delgado Airport (Lisbon Portela Airport),23
2019-11-02 00:00:00,Dublin Airport,19
2019-11-02 00:00:00,Manchester Airport,22
2019-11-02 00:00:00,Düsseldorf Airport,42
2019-11-01 00:00:00,London Heathrow Airport,204
2019-11-01 00:00:00,Frankfurt am Main Airport,153
2019-11-01 00:00:00,Charles de Gaulle International Airport,159
2019-11-01 00:00:00,Amsterdam Airport Schiphol,120
2019-11-01 00:00:00,Munich Airport,67
2019-11-01 00:00:00,Adolfo Suárez Madrid–Barajas Airport,117
2019-11-01 00:00:00,Zürich Airport,44
2019-11-01 00:00:00,London Gatwick Airport,90
2019-11-01 00:00:00,Copenhagen Kastrup Airport,64
2019-11-01 00:00:00,Josep Tarradellas Barcelona-El Prat Airport,124
2019-11-01 00:00:00,Rome–Fiumicino Leonardo da Vinci International Airport,64
2019-11-01 00:00:00,Humberto Delgado Airport (Lisbon Portela Airport),70
2019-11-01 00:00:00,Brussels Airport,55
2019-11-01 00:00:00,Malpensa International Airport,43
2019-11-01 00:00:00,Dublin Airport,38
2019-11-01 00:00:00,Paris-Orly Airport,54
2019-11-01 00:00:00,Manchester Airport,46
2019-11-01 00:00:00,Düsseldorf Airport,47
2019-11-01 00:00:00,Vienna International Airport,35
2019-11-01 00:00:00,Helsinki Vantaa Airport,40
2019-10-31 00:00:00,London Heathrow Airport,126
2019-10-31 00:00:00,Charles de Gaulle International Airport,62
2019-10-31 00:00:00,Frankfurt am Main Airport,57
2019-10-31 00:00:00,Adolfo Suárez Madrid–Barajas Airport,51
2019-10-31 00:00:00,Amsterdam Airport Schiphol,38
2019-10-31 00:00:00,Munich Airport,30
2019-10-31 00:00:00,London Gatwick Airport,36
2019-10-31 00:00:00,Zürich Airport,21
2019-10-31 00:00:00,Paris-Orly Airport,21
2019-10-31 00:00:00,Humberto Delgado Airport (Lisbon Portela Airport),56
2019-10-31 00:00:00,Rome–Fiumicino Leonardo da Vinci International Airport,27
2019-10-31 00:00:00,Josep Tarradellas Barcelona-El Prat Airport,36
2019-10-31 00:00:00,Malpensa International Airport,14
2019-10-31 00:00:00,Brussels Airport,14
2019-10-31 00:00:00,Dublin Airport,20
2019-10-31 00:00:00,Vienna International Airport,12
2019-10-31 00:00:00,Copenhagen Kastrup Airport,10
2019-10-31 00:00:00,Manchester Airport,12
2019-10-31 00:00:00,Helsinki Vantaa Airport,7
2019-10-31 00:00:00,Düsseldorf Airport,4
2019-10-30 00:00:00,London Heathrow Airport,137
2019-10-30 00:00:00,Frankfurt am Main Airport,102
2019-10-30 00:00:00,Charles de Gaulle International Airport,97
2019-10-30 00:00:00,Amsterdam Airport Schiphol,55
2019-10-30 00:00:00,Adolfo Suárez Madrid–Barajas Airport,88
2019-10-30 00:00:00,Zürich Airport,41
2019-10-30 00:00:00,Munich Airport,47
2019-10-30 00:00:00,Rome–Fiumicino Leonardo da Vinci International Airport,53
2019-10-30 00:00:00,Malpensa International Airport,32
2019-10-30 00:00:00,Paris-Orly Airport,35
2019-10-30 00:00:00,Humberto Delgado Airport (Lisbon Portela Airport),77
2019-10-30 00:00:00,London Gatwick Airport,36
2019-10-30 00:00:00,Brussels Airport,26
2019-10-30 00:00:00,Dublin Airport,26
2019-10-30 00:00:00,Josep Tarradellas Barcelona-El Prat Airport,60
2019-10-30 00:00:00,Copenhagen Kastrup Airport,12
2019-10-30 00:00:00,Vienna International Airport,39
2019-10-30 00:00:00,Manchester Airport,18
2019-10-30 00:00:00,Helsinki Vantaa Airport,8
2019-10-30 00:00:00,Düsseldorf Airport,13
2019-10-29 00:00:00,London Heathrow Airport,99
2019-10-29 00:00:00,Frankfurt am Main Airport,96
2019-10-29 00:00:00,Charles de Gaulle International Airport,88
2019-10-29 00:00:00,Amsterdam Airport Schiphol,46
2019-10-29 00:00:00,Zürich Airport,34
2019-10-29 00:00:00,Munich Airport,45
2019-10-29 00:00:00,Rome–Fiumicino Leonardo da Vinci International Airport,67
2019-10-29 00:00:00,Malpensa International Airport,45
2019-10-29 00:00:00,Adolfo Suárez Madrid–Barajas Airport,42
2019-10-29 00:00:00,London Gatwick Airport,39
2019-10-29 00:00:00,Paris-Orly Airport,21
2019-10-29 00:00:00,Humberto Delgado Airport (Lisbon Portela Airport),39
2019-10-29 00:00:00,Josep Tarradellas Barcelona-El Prat Airport,59
2019-10-29 00:00:00,Dublin Airport,22
2019-10-29 00:00:00,Brussels Airport,25
2019-10-29 00:00:00,Copenhagen Kastrup Airport,10
2019-10-29 00:00:00,Vienna International Airport,28
2019-10-29 00:00:00,Manchester Airport,21
2019-10-29 00:00:00,Düsseldorf Airport,15
2019-10-29 00:00:00,Helsinki Vantaa Airport,6
2019-10-28 00:00:00,London Heathrow Airport,165
2019-10-28 00:00:00,Charles de Gaulle International Airport,129
2019-10-28 00:00:00,Frankfurt am Main Airport,129
2019-10-28 00:00:00,Amsterdam Airport Schiphol,71
2019-10-28 00:00:00,Munich Airport,63
2019-10-28 00:00:00,Zürich Airport,33
2019-10-28 00:00:00,London Gatwick Airport,71
2019-10-28 00:00:00,Rome–Fiumicino Leonardo da Vinci International Airport,90
2019-10-28 00:00:00,Adolfo Suárez Madrid–Barajas Airport,92
2019-10-28 00:00:00,Paris-Orly Airport,58
2019-10-28 00:00:00,Josep Tarradellas Barcelona-El Prat Airport,91
2019-10-28 00:00:00,Humberto Delgado Airport (Lisbon Portela Airport),77
2019-10-28 00:00:00,Malpensa International Airport,41
2019-10-28 00:00:00,Brussels Airport,43
2019-10-28 00:00:00,Manchester Airport,33
2019-10-28 00:00:00,Dublin Airport,32
2019-10-28 00:00:00,Vienna International Airport,48
2019-10-28 00:00:00,Düsseldorf Airport,37
2019-10-28 00:00:00,Copenhagen Kastrup Airport,20
2019-10-28 00:00:00,Helsinki Vantaa Airport,17
2019-10-27 00:00:00,London Heathrow Airport,92
2019-10-27 00:00:00,Charles de Gaulle International Airport,91
2019-10-27 00:00:00,Frankfurt am Main Airport,59
2019-10-27 00:00:00,Amsterdam Airport Schiphol,45
2019-10-27 00:00:00,Adolfo Suárez Madrid–Barajas Airport,51
2019-10-27 00:00:00,Munich Airport,23
2019-10-27 00:00:00,Malpensa International Airport,19
2019-10-27 00:00:00,London Gatwick Airport,31
2019-10-27 00:00:00,Helsinki Vantaa Airport,30
2019-10-27 00:00:00,Rome–Fiumicino Leonardo da Vinci International Airport,29
2019-10-27 00:00:00,Brussels Airport,24
2019-10-27 00:00:00,Paris-Orly Airport,24
2019-10-27 00:00:00,Josep Tarradellas Barcelona-El Prat Airport,50
2019-10-27 00:00:00,Copenhagen Kastrup Airport,14
2019-10-27 00:00:00,Humberto Delgado Airport (Lisbon Portela Airport),27
2019-10-27 00:00:00,Düsseldorf Airport,27
2019-10-27 00:00:00,Vienna International Airport,19
2019-10-27 00:00:00,Manchester Airport,10
2019-10-27 00:00:00,Zürich Airport,10
2019-10-27 00:00:00,Dublin Airport,8
2019-10-26 00:00:00,London Heathrow Airport,146
2019-10-26 00:00:00,Charles de Gaulle International Airport,68
2019-10-26 00:00:00,Frankfurt am Main Airport,63
2019-10-26 00:00:00,Amsterdam Airport Schiphol,67
2019-10-26 00:00:00,Adolfo Suárez Madrid–Barajas Airport,47
2019-10-26 00:00:00,Munich Airport,34
2019-10-26 00:00:00,Helsinki Vantaa Airport,59
2019-10-26 00:00:00,London Gatwick Airport,78
2019-10-26 00:00:00,Rome–Fiumicino Leonardo da Vinci International Airport,34
2019-10-26 00:00:00,Malpensa International Airport,21
2019-10-26 00:00:00,Manchester Airport,54
2019-10-26 00:00:00,Zürich Airport,18
2019-10-26 00:00:00,Brussels Airport,30
2019-10-26 00:00:00,Copenhagen Kastrup Airport,39
2019-10-26 00:00:00,Josep Tarradellas Barcelona-El Prat Airport,45
2019-10-26 00:00:00,Dublin Airport,36
2019-10-26 00:00:00,Paris-Orly Airport,13
2019-10-26 00:00:00,Humberto Delgado Airport (Lisbon Portela Airport),41
2019-10-26 00:00:00,Düsseldorf Airport,16
2019-10-26 00:00:00,Vienna International Airport,10
2019-10-25 00:00:00,London Heathrow Airport,139
2019-10-25 00:00:00,Charles de Gaulle International Airport,88
2019-10-25 00:00:00,Frankfurt am Main Airport,94
2019-10-25 00:00:00,Amsterdam Airport Schiphol,104
2019-10-25 00:00:00,Munich Airport,54
2019-10-25 00:00:00,London Gatwick Airport,82
2019-10-25 00:00:00,Adolfo Suárez Madrid–Barajas Airport,45
2019-10-25 00:00:00,Rome–Fiumicino Leonardo da Vinci International Airport,32
2019-10-25 00:00:00,Manchester Airport,81
2019-10-25 00:00:00,Malpensa International Airport,30
2019-10-25 00:00:00,Helsinki Vantaa Airport,50
2019-10-25 00:00:00,Copenhagen Kastrup Airport,83
2019-10-25 00:00:00,Humberto Delgado Airport (Lisbon Portela Airport),40
2019-10-25 00:00:00,Josep Tarradellas Barcelona-El Prat Airport,43
2019-10-25 00:00:00,Zürich Airport,16
2019-10-25 00:00:00,Dublin Airport,56
2019-10-25 00:00:00,Brussels Airport,43
2019-10-25 00:00:00,Paris-Orly Airport,13
2019-10-25 00:00:00,Vienna International Airport,26
2019-10-25 00:00:00,Düsseldorf Airport,27
2019-10-24 00:00:00,London Heathrow Airport,85
2019-10-24 00:00:00,Charles de Gaulle International Airport,71
2019-10-24 00:00:00,Frankfurt am Main Airport,51
2019-10-24 00:00:00,Adolfo Suárez Madrid–Barajas Airport,46
2019-10-24 00:00:00,Amsterdam Airport Schiphol,37
2019-10-24 00:00:00,Munich Airport,23
2019-10-24 00:00:00,Rome–Fiumicino Leonardo da Vinci International Airport,29
2019-10-24 00:00:00,Humberto Delgado Airport (Lisbon Portela Airport),31
2019-10-24 00:00:00,London Gatwick Airport,32
2019-10-24 00:00:00,Brussels Airport,19
2019-10-24 00:00:00,Malpensa International Airport,14
2019-10-24 00:00:00,Copenhagen Kastrup Airport,29
2019-10-24 00:00:00,Josep Tarradellas Barcelona-El Prat Airport,26
2019-10-24 00:00:00,Paris-Orly Airport,7
2019-10-24 00:00:00,Vienna International Airport,11
2019-10-24 00:00:00,Zürich Airport,8
2019-10-24 00:00:00,Helsinki Vantaa Airport,19
2019-10-24 00:00:00,Dublin Airport,17
2019-10-24 00:00:00,Manchester Airport,13
2019-10-24 00:00:00,Düsseldorf Airport,5
2019-10-23 00:00:00,London Heathrow Airport,68
2019-10-23 00:00:00,Frankfurt am Main Airport,63
2019-10-23 00:00:00,Charles de Gaulle International Airport,46
2019-10-23 00:00:00,Amsterdam Airport Schiphol,36
2019-10-23 00:00:00,Adolfo Suárez Madrid–Barajas Airport,35
2019-10-23 00:00:00,Rome–Fiumicino Leonardo da Vinci International Airport,44
2019-10-23 00:00:00,Munich Airport,30
2019-10-23 00:00:00,Malpensa International Airport,20
2019-10-23 00:00:00,Humberto Delgado Airport (Lisbon Portela Airport),20
2019-10-23 00:00:00,London Gatwick Airport,25
2019-10-23 00:00:00,Vienna International Airport,16
2019-10-23 00:00:00,Zürich Airport,8
2019-10-23 00:00:00,Paris-Orly Airport,14
2019-10-23 00:00:00,Dublin Airport,19
2019-10-23 00:00:00,Josep Tarradellas Barcelona-El Prat Airport,31
2019-10-23 00:00:00,Copenhagen Kastrup Airport,9
2019-10-23 00:00:00,Manchester Airport,14
2019-10-23 00:00:00,Helsinki Vantaa Airport,9
2019-10-23 00:00:00,Brussels Airport,11
2019-10-23 00:00:00,Düsseldorf Airport,6
2019-10-22 00:00:00,London Heathrow Airport,89
2019-10-22 00:00:00,Frankfurt am Main Airport,76
2019-10-22 00:00:00,Charles de Gaulle International Airport,74
2019-10-22 00:00:00,Amsterdam Airport Schiphol,59
2019-10-22 00:00:00,Adolfo Suárez Madrid–Barajas Airport,51
2019-10-22 00:00:00,Munich Airport,44
2019-10-22 00:00:00,Rome–Fiumicino Leonardo da Vinci International Airport,56
2019-10-22 00:00:00,Malpensa International Airport,34
2019-10-22 00:00:00,Brussels Airport,30
2019-10-22 00:00:00,Zürich Airport,14
2019-10-22 00:00:00,Josep Tarradellas Barcelona-El Prat Airport,48
2019-10-22 00:00:00,Vienna International Airport,39
2019-10-22 00:00:00,London Gatwick Airport,36
2019-10-22 00:00:00,Copenhagen Kastrup Airport,17
2019-10-22 00:00:00,Düsseldorf Airport,32
2019-10-22 00:00:00,Helsinki Vantaa Airport,22
2019-10-22 00:00:00,Manchester Airport,16
2019-10-22 00:00:00,Humberto Delgado Airport (Lisbon Portela Airport),13
2019-10-22 00:00:00,Dublin Airport,11
2019-10-22 00:00:00,Paris-Orly Airport,21
2019-10-21 00:00:00,London Heathrow Airport,91
2019-10-21 00:00:00,Frankfurt am Main Airport,76
2019-10-21 00:00:00,Charles de Gaulle International Airport,65
2019-10-21 00:00:00,Amsterdam Airport Schiphol,42
2019-10-21 00:00:00,Adolfo Suárez Madrid–Barajas Airport,30
2019-10-21 00:00:00,Munich Airport,43
2019-10-21 00:00:00,Rome–Fiumicino Leonardo da Vinci International Airport,35
2019-10-21 00:00:00,Vienna International Airport,38
2019-10-21 00:00:00,Zürich Airport,16
2019-10-21 00:00:00,Copenhagen Kastrup Airport,22
2019-10-21 00:00:00,London Gatwick Airport,25
2019-10-21 00:00:00,Manchester Airport,14
2019-10-21 00:00:00,Brussels Airport,17
2019-10-21 00:00:00,Malpensa International Airport,17
2019-10-21 00:00:00,Helsinki Vantaa Airport,20
2019-10-21 00:00:00,Josep Tarradellas Barcelona-El Prat Airport,43
2019-10-21 00:00:00,Paris-Orly Airport,13
2019-10-21 00:00:00,Düsseldorf Airport,21
2019-10-21 00:00:00,Humberto Delgado Airport (Lisbon Portela Airport),11
2019-10-21 00:00:00,Dublin Airport,9
2019-10-20 00:00:00,London Heathrow Airport,116
2019-10-20 00:00:00,Frankfurt am Main Airport,81
2019-10-20 00:00:00,Charles de Gaulle International Airport,74
2019-10-20 00:00:00,Amsterdam Airport Schiphol,49
2019-10-20 00:00:00,Munich Airport,47
2019-10-20 00:00:00,Adolfo Suárez Madrid–Barajas Airport,29
2019-10-20 00:00:00,Malpensa International Airport,22
2019-10-20 00:00:00,Zürich Airport,23
2019-10-20 00:00:00,Rome–Fiumicino Leonardo da Vinci International Airport,25
2019-10-20 00:00:00,Copenhagen Kastrup Airport,31
2019-10-20 00:00:00,London Gatwick Airport,21
2019-10-20 00:00:00,Josep Tarradellas Barcelona-El Prat Airport,21
2019-10-20 00:00:00,Helsinki Vantaa Airport,25
2019-10-20 00:00:00,Vienna International Airport,26
2019-10-20 00:00:00,Dublin Airport,14
2019-10-20 00:00:00,Paris-Orly Airport,14
2019-10-20 00:00:00,Manchester Airport,11
2019-10-20 00:00:00,Humberto Delgado Airport (Lisbon Portela Airport),8
2019-10-20 00:00:00,Düsseldorf Airport,15
2019-10-20 00:00:00,Brussels Airport,14
2019-10-19 00:00:00,London Heathrow Airport,120
2019-10-19 00:00:00,Charles de Gaulle International Airport,86
2019-10-19 00:00:00,Frankfurt am Main Airport,83
2019-10-19 00:00:00,Amsterdam Airport Schiphol,52
2019-10-19 00:00:00,Adolfo Suárez Madrid–Barajas Airport,40
2019-10-19 00:00:00,Malpensa International Airport,33
2019-10-19 00:00:00,Rome–Fiumicino Leonardo da Vinci International Airport,41
2019-10-19 00:00:00,Munich Airport,38
2019-10-19 00:00:00,Helsinki Vantaa Airport,38
2019-10-19 00:00:00,Zürich Airport,14
2019-10-19 00:00:00,London Gatwick Airport,24
2019-10-19 00:00:00,Brussels Airport,21
2019-10-19 00:00:00,Copenhagen Kastrup Airport,23
2019-10-19 00:00:00,Josep Tarradellas Barcelona-El Prat Airport,27
2019-10-19 00:00:00,Vienna International Airport,23
2019-10-19 00:00:00,Düsseldorf Airport,32
2019-10-19 00:00:00,Manchester Airport,12
2019-10-19 00:00:00,Paris-Orly Airport,9
2019-10-19 00:00:00,Dublin Airport,11
2019-10-19 00:00:00,Humberto Delgado Airport (Lisbon Portela Airport),8
2019-10-18 00:00:00,London Heathrow Airport,151
2019-10-18 00:00:00,Frankfurt am Main Airport,132
2019-10-18 00:00:00,Charles de Gaulle International Airport,119
2019-10-18 00:00:00,Amsterdam Airport Schiphol,100
2019-10-18 00:00:00,Munich Airport,56
2019-10-18 00:00:00,Adolfo Suárez Madrid–Barajas Airport,95
2019-10-18 00:00:00,Malpensa International Airport,41
2019-10-18 00:00:00,London Gatwick Airport,73
2019-10-18 00:00:00,Josep Tarradellas Barcelona-El Prat Airport,77
2019-10-18 00:00:00,Rome–Fiumicino Leonardo da Vinci International Airport,38
2019-10-18 00:00:00,Humberto Delgado Airport (Lisbon Portela Airport),74
2019-10-18 00:00:00,Brussels Airport,61
2019-10-18 00:00:00,Zürich Airport,33
2019-10-18 00:00:00,Paris-Orly Airport,40
2019-10-18 00:00:00,Düsseldorf Airport,43
2019-10-18 00:00:00,Copenhagen Kastrup Airport,24
2019-10-18 00:00:00,Dublin Airport,36
2019-10-18 00:00:00,Vienna International Airport,24
2019-10-18 00:00:00,Helsinki Vantaa Airport,24
2019-10-18 00:00:00,Manchester Airport,41
2019-10-17 00:00:00,London Heathrow Airport,68
2019-10-17 00:00:00,Charles de Gaulle International Airport,69
2019-10-17 00:00:00,Frankfurt am Main Airport,63
2019-10-17 00:00:00,Adolfo Suárez Madrid–Barajas Airport,53
2019-10-17 00:00:00,Amsterdam Airport Schiphol,37
2019-10-17 00:00:00,Munich Airport,29
2019-10-17 00:00:00,London Gatwick Airport,30
2019-10-17 00:00:00,Humberto Delgado Airport (Lisbon Portela Airport),55
2019-10-17 00:00:00,Rome–Fiumicino Leonardo da Vinci International Airport,21
2019-10-17 00:00:00,Zürich Airport,16
2019-10-17 00:00:00,Malpensa International Airport,17
2019-10-17 00:00:00,Paris-Orly Airport,15
2019-10-17 00:00:00,Vienna International Airport,14
2019-10-17 00:00:00,Josep Tarradellas Barcelona-El Prat Airport,32
2019-10-17 00:00:00,Helsinki Vantaa Airport,11
2019-10-17 00:00:00,Brussels Airport,13
2019-10-17 00:00:00,Düsseldorf Airport,10
2019-10-17 00:00:00,Dublin Airport,12
2019-10-17 00:00:00,Copenhagen Kastrup Airport,6
2019-10-17 00:00:00,Manchester Airport,7
2019-10-16 00:00:00,London Heathrow Airport,75
2019-10-16 00:00:00,Frankfurt am Main Airport,58
2019-10-16 00:00:00,Charles de Gaulle International Airport,44
2019-10-16 00:00:00,Amsterdam Airport Schiphol,42
2019-10-16 00:00:00,Adolfo Suárez Madrid–Barajas Airport,27
2019-10-16 00:00:00,Munich Airport,19
2019-10-16 00:00:00,Helsinki Vantaa Airport,69
2019-10-16 00:00:00,Humberto Delgado Airport (Lisbon Portela Airport),20
2019-10-16 00:00:00,Zürich Airport,14
2019-10-16 00:00:00,Rome–Fiumicino Leonardo da Vinci International Airport,13
2019-10-16 00:00:00,London Gatwick Airport,12
2019-10-16 00:00:00,Copenhagen Kastrup Airport,16
2019-10-16 00:00:00,Brussels Airport,9
2019-10-16 00:00:00,Paris-Orly Airport,7
2019-10-16 00:00:00,Malpensa International Airport,6
2019-10-16 00:00:00,Dublin Airport,7
2019-10-16 00:00:00,Vienna International Airport,6
2019-10-16 00:00:00,Josep Tarradellas Barcelona-El Prat Airport,8
2019-10-16 00:00:00,Düsseldorf Airport,6
2019-10-16 00:00:00,Manchester Airport,2
2019-10-15 00:00:00,London Heathrow Airport,91
2019-10-15 00:00:00,Frankfurt am Main Airport,65
2019-10-15 00:00:00,Charles de Gaulle International Airport,58
2019-10-15 00:00:00,Amsterdam Airport Schiphol,60
2019-10-15 00:00:00,Adolfo Suárez Madrid–Barajas Airport,42
2019-10-15 00:00:00,Munich Airport,28
2019-10-15 00:00:00,Brussels Airport,27
2019-10-15 00:00:00,Copenhagen Kastrup Airport,62
2019-10-15 00:00:00,Humberto Delgado Airport (Lisbon Portela Airport),41
2019-10-15 00:00:00,Zürich Airport,15
2019-10-15 00:00:00,Josep Tarradellas Barcelona-El Prat Airport,24
2019-10-15 00:00:00,Malpensa International Airport,12
2019-10-15 00:00:00,Vienna International Airport,14
2019-10-15 00:00:00,Helsinki Vantaa Airport,38
2019-10-15 00:00:00,London Gatwick Airport,18
2019-10-15 00:00:00,Rome–Fiumicino Leonardo da Vinci International Airport,11
2019-10-15 00:00:00,Paris-Orly Airport,13
2019-10-15 00:00:00,Manchester Airport,13
2019-10-15 00:00:00,Düsseldorf Airport,15
2019-10-15 00:00:00,Dublin Airport,11
2019-10-14 00:00:00,London Heathrow Airport,128
2019-10-14 00:00:00,Frankfurt am Main Airport,85
2019-10-14 00:00:00,Charles de Gaulle International Airport,74
2019-10-14 00:00:00,Amsterdam Airport Schiphol,54
2019-10-14 00:00:00,Adolfo Suárez Madrid–Barajas Airport,46
2019-10-14 00:00:00,Munich Airport,49
2019-10-14 00:00:00,Rome–Fiumicino Leonardo da Vinci International Airport,30
2019-10-14 00:00:00,Zürich Airport,22
2019-10-14 00:00:00,London Gatwick Airport,39
2019-10-14 00:00:00,Vienna International Airport,23
2019-10-14 00:00:00,Malpensa International Airport,17
2019-10-14 00:00:00,Helsinki Vantaa Airport,28
2019-10-14 00:00:00,Josep Tarradellas Barcelona-El Prat Airport,19
2019-10-14 00:00:00,Copenhagen Kastrup Airport,27
2019-10-14 00:00:00,Brussels Airport,23
2019-10-14 00:00:00,Manchester Airport,23
2019-10-14 00:00:00,Dublin Airport,24
2019-10-14 00:00:00,Humberto Delgado Airport (Lisbon Portela Airport),16
2019-10-14 00:00:00,Düsseldorf Airport,21
2019-10-14 00:00:00,Paris-Orly Airport,8
2019-10-13 00:00:00,London Heathrow Airport,147
2019-10-13 00:00:00,Frankfurt am Main Airport,87
2019-10-13 00:00:00,Charles de Gaulle International Airport,88
2019-10-13 00:00:00,Amsterdam Airport Schiphol,48
2019-10-13 00:00:00,Munich Airport,47
2019-10-13 00:00:00,Adolfo Suárez Madrid–Barajas Airport,31
2019-10-13 00:00:00,Rome–Fiumicino Leonardo da Vinci International Airport,34
2019-10-13 00:00:00,London Gatwick Airport,48
2019-10-13 00:00:00,Malpensa International Airport,20
2019-10-13 00:00:00,Helsinki Vantaa Airport,70
2019-10-13 00:00:00,Zürich Airport,24
2019-10-13 00:00:00,Copenhagen Kastrup Airport,43
2019-10-13 00:00:00,Manchester Airport,28
2019-10-13 00:00:00,Brussels Airport,26
2019-10-13 00:00:00,Düsseldorf Airport,23
2019-10-13 00:00:00,Josep Tarradellas Barcelona-El Prat Airport,23
2019-10-13 00:00:00,Vienna International Airport,20
2019-10-13 00:00:00,Dublin Airport,25
2019-10-13 00:00:00,Humberto Delgado Airport (Lisbon Portela Airport),15
2019-10-13 00:00:00,Paris-Orly Airport,7
2019-10-12 00:00:00,London Heathrow Airport,126
2019-10-12 00:00:00,Frankfurt am Main Airport,99
2019-10-12 00:00:00,Charles de Gaulle International Airport,76
2019-10-12 00:00:00,Adolfo Suárez Madrid–Barajas Airport,55
2019-10-12 00:00:00,Munich Airport,49
2019-10-12 00:00:00,Amsterdam Airport Schiphol,39
2019-10-12 00:00:00,Rome–Fiumicino Leonardo da Vinci International Airport,41
2019-10-12 00:00:00,Zürich Airport,21
2019-10-12 00:00:00,London Gatwick Airport,46
2019-10-12 00:00:00,Malpensa International Airport,23
2019-10-12 00:00:00,Helsinki Vantaa Airport,45
2019-10-12 00:00:00,Manchester Airport,41
2019-10-12 00:00:00,Josep Tarradellas Barcelona-El Prat Airport,42
2019-10-12 00:00:00,Copenhagen Kastrup Airport,39
2019-10-12 00:00:00,Dublin Airport,47
2019-10-12 00:00:00,Humberto Delgado Airport (Lisbon Portela Airport),26
2019-10-12 00:00:00,Brussels Airport,11
2019-10-12 00:00:00,Vienna International Airport,21
2019-10-12 00:00:00,Düsseldorf Airport,17
2019-10-12 00:00:00,Paris-Orly Airport,8
2019-10-11 00:00:00,London Heathrow Airport,167
2019-10-11 00:00:00,Frankfurt am Main Airport,102
2019-10-11 00:00:00,Charles de Gaulle International Airport,79
2019-10-11 00:00:00,Amsterdam Airport Schiphol,75
2019-10-11 00:00:00,Munich Airport,59
2019-10-11 00:00:00,Adolfo Suárez Madrid–Barajas Airport,30
2019-10-11 00:00:00,Rome–Fiumicino Leonardo da Vinci International Airport,27
2019-10-11 00:00:00,Copenhagen Kastrup Airport,86
2019-10-11 00:00:00,London Gatwick Airport,46
2019-10-11 00:00:00,Helsinki Vantaa Airport,49
2019-10-11 00:00:00,Josep Tarradellas Barcelona-El Prat Airport,41
2019-10-11 00:00:00,Manchester Airport,34
2019-10-11 00:00:00,Brussels Airport,39
2019-10-11 00:00:00,Zürich Airport,20
2019-10-11 00:00:00,Malpensa International Airport,17
2019-10-11 00:00:00,Düsseldorf Airport,29
2019-10-11 00:00:00,Vienna International Airport,33
2019-10-11 00:00:00,Humberto Delgado Airport (Lisbon Portela Airport),14
2019-10-11 00:00:00,Dublin Airport,41
2019-10-11 00:00:00,Paris-Orly Airport,11
2019-10-10 00:00:00,London Heathrow Airport,62
2019-10-10 00:00:00,Frankfurt am Main Airport,42
2019-10-10 00:00:00,Adolfo Suárez Madrid–Barajas Airport,30
2019-10-10 00:00:00,Amsterdam Airport Schiphol,26
2019-10-10 00:00:00,Charles de Gaulle International Airport,25
2019-10-10 00:00:00,Munich Airport,19
2019-10-10 00:00:00,Zürich Airport,14
2019-10-10 00:00:00,Helsinki Vantaa Airport,12
2019-10-10 00:00:00,London Gatwick Airport,11
2019-10-10 00:00:00,Malpensa International Airport,9
2019-10-10 00:00:00,Humberto Delgado Airport (Lisbon Portela Airport),9
2019-10-10 00:00:00,Josep Tarradellas Barcelona-El Prat Airport,8
2019-10-10 00:00:00,Copenhagen Kastrup Airport,6
2019-10-10 00:00:00,Vienna International Airport,11
2019-10-10 00:00:00,Brussels Airport,7
2019-10-10 00:00:00,Rome–Fiumicino Leonardo da Vinci International Airport,10
2019-10-10 00:00:00,Düsseldorf Airport,10
2019-10-10 00:00:00,Paris-Orly Airport,2
2019-10-10 00:00:00,Manchester Airport,4
2019-10-10 00:00:00,Dublin Airport,9
2019-10-09 00:00:00,Frankfurt am Main Airport,37
2019-10-09 00:00:00,London Heathrow Airport,25
2019-10-09 00:00:00,Charles de Gaulle International Airport,25
2019-10-09 00:00:00,Amsterdam Airport Schiphol,27
2019-10-09 00:00:00,Adolfo Suárez Madrid–Barajas Airport,19
2019-10-09 00:00:00,Munich Airport,13
2019-10-09 00:00:00,Rome–Fiumicino Leonardo da Vinci International Airport,11
2019-10-09 00:00:00,Malpensa International Airport,6
2019-10-09 00:00:00,Josep Tarradellas Barcelona-El Prat Airport,7
2019-10-09 00:00:00,Zürich Airport,7
2019-10-09 00:00:00,Vienna International Airport,12
2019-10-09 00:00:00,Copenhagen Kastrup Airport,7
2019-10-09 00:00:00,London Gatwick Airport,5
2019-10-09 00:00:00,Brussels Airport,4
2019-10-09 00:00:00,Helsinki Vantaa Airport,6
2019-10-09 00:00:00,Manchester Airport,2
2019-10-09 00:00:00,Düsseldorf Airport,6
2019-10-09 00:00:00,Humberto Delgado Airport (Lisbon Portela Airport),3
2019-10-09 00:00:00,Dublin Airport,1
2019-10-09 00:00:00,Paris-Orly Airport,1
2019-10-08 00:00:00,London Heathrow Airport,44
2019-10-08 00:00:00,Charles de Gaulle International Airport,35
2019-10-08 00:00:00,Frankfurt am Main Airport,37
2019-10-08 00:00:00,Adolfo Suárez Madrid–Barajas Airport,27
2019-10-08 00:00:00,Amsterdam Airport Schiphol,21
2019-10-08 00:00:00,Munich Airport,14
2019-10-08 00:00:00,Zürich Airport,10
2019-10-08 00:00:00,Rome–Fiumicino Leonardo da Vinci International Airport,11
2019-10-08 00:00:00,Josep Tarradellas Barcelona-El Prat Airport,7
2019-10-08 00:00:00,Copenhagen Kastrup Airport,8
2019-10-08 00:00:00,Brussels Airport,7
2019-10-08 00:00:00,Vienna International Airport,7
2019-10-08 00:00:00,Malpensa International Airport,6
2019-10-08 00:00:00,Manchester Airport,4
2019-10-08 00:00:00,London Gatwick Airport,3
2019-10-08 00:00:00,Helsinki Vantaa Airport,5
2019-10-08 00:00:00,Düsseldorf Airport,2
2019-10-08 00:00:00,Dublin Airport,1
2019-10-08 00:00:00,Paris-Orly Airport,1
2019-10-08 00:00:00,Humberto Delgado Airport (Lisbon Portela Airport),1
2019-10-07 00:00:00,London Heathrow Airport,72
2019-10-07 00:00:00,Frankfurt am Main Airport,52
2019-10-07 00:00:00,Charles de Gaulle International Airport,42
2019-10-07 00:00:00,Amsterdam Airport Schiphol,34
2019-10-07 00:00:00,Munich Airport,21
2019-10-07 00:00:00,Rome–Fiumicino Leonardo da Vinci International Airport,22
2019-10-07 00:00:00,Adolfo Suárez Madrid–Barajas Airport,16
2019-10-07 00:00:00,London Gatwick Airport,10
2019-10-07 00:00:00,Zürich Airport,8
2019-10-07 00:00:00,Helsinki Vantaa Airport,11
2019-10-07 00:00:00,Vienna International Airport,11
2019-10-07 00:00:00,Copenhagen Kastrup Airport,9
2019-10-07 00:00:00,Malpensa International Airport,7
2019-10-07 00:00:00,Josep Tarradellas Barcelona-El Prat Airport,9
2019-10-07 00:00:00,Paris-Orly Airport,3
2019-10-07 00:00:00,Düsseldorf Airport,4
2019-10-07 00:00:00,Manchester Airport,3
2019-10-07 00:00:00,Dublin Airport,3
2019-10-07 00:00:00,Brussels Airport,2
2019-10-07 00:00:00,Humberto Delgado Airport (Lisbon Portela Airport),2
2019-10-06 00:00:00,London Heathrow Airport,62
2019-10-06 00:00:00,Charles de Gaulle International Airport,35
2019-10-06 00:00:00,Frankfurt am Main Airport,36
2019-10-06 00:00:00,Amsterdam Airport Schiphol,27
2019-10-06 00:00:00,Munich Airport,14
2019-10-06 00:00:00,Malpensa International Airport,14
2019-10-06 00:00:00,Adolfo Suárez Madrid–Barajas Airport,23
2019-10-06 00:00:00,Rome–Fiumicino Leonardo da Vinci International Airport,16
2019-10-06 00:00:00,Josep Tarradellas Barcelona-El Prat Airport,34
2019-10-06 00:00:00,London Gatwick Airport,14
2019-10-06 00:00:00,Helsinki Vantaa Airport,15
2019-10-06 00:00:00,Düsseldorf Airport,14
2019-10-06 00:00:00,Copenhagen Kastrup Airport,9
2019-10-06 00:00:00,Manchester Airport,12
2019-10-06 00:00:00,Zürich Airport,7
2019-10-06 00:00:00,Vienna International Airport,5
2019-10-06 00:00:00,Brussels Airport,9
2019-10-06 00:00:00,Dublin Airport,9
2019-10-06 00:00:00,Humberto Delgado Airport (Lisbon Portela Airport),14
2019-10-06 00:00:00,Paris-Orly Airport,11
2019-10-05 00:00:00,London Heathrow Airport,44
2019-10-05 00:00:00,Charles de Gaulle International Airport,44
2019-10-05 00:00:00,Frankfurt am Main Airport,35
2019-10-05 00:00:00,Amsterdam Airport Schiphol,19
2019-10-05 00:00:00,Adolfo Suárez Madrid–Barajas Airport,17
2019-10-05 00:00:00,Helsinki Vantaa Airport,15
2019-10-05 00:00:00,Rome–Fiumicino Leonardo da Vinci International Airport,16
2019-10-05 00:00:00,Malpensa International Airport,13
2019-10-05 00:00:00,Copenhagen Kastrup Airport,6
2019-10-05 00:00:00,Vienna International Airport,10
2019-10-05 00:00:00,Brussels Airport,6
2019-10-05 00:00:00,Munich Airport,12
2019-10-05 00:00:00,Manchester Airport,4
2019-10-05 00:00:00,Josep Tarradellas Barcelona-El Prat Airport,7
2019-10-05 00:00:00,Düsseldorf Airport,9
2019-10-05 00:00:00,London Gatwick Airport,8
2019-10-05 00:00:00,Zürich Airport,9
2019-10-05 00:00:00,Dublin Airport,3
2019-10-05 00:00:00,Humberto Delgado Airport (Lisbon Portela Airport),1
2019-10-05 00:00:00,Paris-Orly Airport,1
2019-10-04 00:00:00,London Heathrow Airport,72
2019-10-04 00:00:00,Frankfurt am Main Airport,41
2019-10-04 00:00:00,Charles de Gaulle International Airport,33
2019-10-04 00:00:00,Amsterdam Airport Schiphol,24
2019-10-04 00:00:00,Adolfo Suárez Madrid–Barajas Airport,19
2019-10-04 00:00:00,Helsinki Vantaa Airport,15
2019-10-04 00:00:00,Munich Airport,13
2019-10-04 00:00:00,Malpensa International Airport,10
2019-10-04 00:00:00,Rome–Fiumicino Leonardo da Vinci International Airport,15
2019-10-04 00:00:00,London Gatwick Airport,9
2019-10-04 00:00:00,Zürich Airport,8
2019-10-04 00:00:00,Vienna International Airport,10
2019-10-04 00:00:00,Humberto Delgado Airport (Lisbon Portela Airport),11
2019-10-04 00:00:00,Copenhagen Kastrup Airport,5
2019-10-04 00:00:00,Brussels Airport,5
2019-10-04 00:00:00,Josep Tarradellas Barcelona-El Prat Airport,17
2019-10-04 00:00:00,Paris-Orly Airport,3
2019-10-04 00:00:00,Düsseldorf Airport,3
2019-10-04 00:00:00,Dublin Airport,7
2019-10-04 00:00:00,Manchester Airport,2
2019-10-03 00:00:00,Frankfurt am Main Airport,54
2019-10-03 00:00:00,London Heathrow Airport,46
2019-10-03 00:00:00,Charles de Gaulle International Airport,35
2019-10-03 00:00:00,Amsterdam Airport Schiphol,26
2019-10-03 00:00:00,Munich Airport,25
2019-10-03 00:00:00,Helsinki Vantaa Airport,20
2019-10-03 00:00:00,Rome–Fiumicino Leonardo da Vinci International Airport,13
2019-10-03 00:00:00,Adolfo Suárez Madrid–Barajas Airport,12
2019-10-03 00:00:00,Copenhagen Kastrup Airport,9
2019-10-03 00:00:00,Malpensa International Airport,11
2019-10-03 00:00:00,Vienna International Airport,17
2019-10-03 00:00:00,London Gatwick Airport,7
2019-10-03 00:00:00,Brussels Airport,8
2019-10-03 00:00:00,Josep Tarradellas Barcelona-El Prat Airport,11
2019-10-03 00:00:00,Manchester Airport,5
2019-10-03 00:00:00,Zürich Airport,6
2019-10-03 00:00:00,Humberto Delgado Airport (Lisbon Portela Airport),4
2019-10-03 00:00:00,Paris-Orly Airport,3
2019-10-03 00:00:00,Dublin Airport,3
2019-10-03 00:00:00,Düsseldorf Airport,7
2019-10-02 00:00:00,London Heathrow Airport,61
2019-10-02 00:00:00,Frankfurt am Main Airport,51
2019-10-02 00:00:00,Charles de Gaulle International Airport,38
2019-10-02 00:00:00,Amsterdam Airport Schiphol,35
2019-10-02 00:00:00,Munich Airport,21
2019-10-02 00:00:00,Adolfo Suárez Madrid–Barajas Airport,20
2019-10-02 00:00:00,Malpensa International Airport,16
2019-10-02 00:00:00,Copenhagen Kastrup Airport,12
2019-10-02 00:00:00,Manchester Airport,10
2019-10-02 00:00:00,Zürich Airport,9
2019-10-02 00:00:00,London Gatwick Airport,13
2019-10-02 00:00:00,Rome–Fiumicino Leonardo da Vinci International Airport,14
2019-10-02 00:00:00,Josep Tarradellas Barcelona-El Prat Airport,24
2019-10-02 00:00:00,Vienna International Airport,9
2019-10-02 00:00:00,Helsinki Vantaa Airport,12
2019-10-02 00:00:00,Paris-Orly Airport,5
2019-10-02 00:00:00,Humberto Delgado Airport (Lisbon Portela Airport),15
2019-10-02 00:00:00,Düsseldorf Airport,6
2019-10-02 00:00:00,Dublin Airport,16
2019-10-02 00:00:00,Brussels Airport,4
2019-10-01 00:00:00,London Heathrow Airport,27
2019-10-01 00:00:00,Frankfurt am Main Airport,26
2019-10-01 00:00:00,Charles de Gaulle International Airport,25
2019-10-01 00:00:00,Amsterdam Airport Schiphol,15
2019-10-01 00:00:00,Adolfo Suárez Madrid–Barajas Airport,12
2019-10-01 00:00:00,Zürich Airport,6
2019-10-01 00:00:00,Josep Tarradellas Barcelona-El Prat Airport,14
2019-10-01 00:00:00,Rome–Fiumicino Leonardo da Vinci International Airport,6
2019-10-01 00:00:00,Munich Airport,7
2019-10-01 00:00:00,Copenhagen Kastrup Airport,5
2019-10-01 00:00:00,Brussels Airport,3
2019-10-01 00:00:00,Malpensa International Airport,3
2019-10-01 00:00:00,London Gatwick Airport,4
2019-10-01 00:00:00,Vienna International Airport,5
2019-10-01 00:00:00,Düsseldorf Airport,3
2019-10-01 00:00:00,Humberto Delgado Airport (Lisbon Portela Airport),4
2019-10-01 00:00:00,Helsinki Vantaa Airport,3
2019-10-01 00:00:00,Dublin Airport,3
2019-10-01 00:00:00,Paris-Orly Airport,1
2019-09-30 00:00:00,London Heathrow Airport,99
2019-09-30 00:00:00,Charles de Gaulle International Airport,45
2019-09-30 00:00:00,Frankfurt am Main Airport,34
2019-09-30 00:00:00,Amsterdam Airport Schiphol,31
2019-09-30 00:00:00,Adolfo Suárez Madrid–Barajas Airport,23
2019-09-30 00:00:00,Munich Airport,19
2019-09-30 00:00:00,Rome–Fiumicino Leonardo da Vinci International Airport,12
2019-09-30 00:00:00,Malpensa International Airport,15
2019-09-30 00:00:00,London Gatwick Airport,21
2019-09-30 00:00:00,Humberto Delgado Airport (Lisbon Portela Airport),11
2019-09-30 00:00:00,Helsinki Vantaa Airport,9
2019-09-30 00:00:00,Vienna International Airport,10
2019-09-30 00:00:00,Brussels Airport,9
2019-09-30 00:00:00,Zürich Airport,7
2019-09-30 00:00:00,Copenhagen Kastrup Airport,8
2019-09-30 00:00:00,Josep Tarradellas Barcelona-El Prat Airport,8
2019-09-30 00:00:00,Dublin Airport,10
2019-09-30 00:00:00,Manchester Airport,8
2019-09-30 00:00:00,Düsseldorf Airport,3
2019-09-29 00:00:00,London Heathrow Airport,47
2019-09-29 00:00:00,Frankfurt am Main Airport,43
2019-09-29 00:00:00,Charles de Gaulle International Airport,29
2019-09-29 00:00:00,Amsterdam Airport Schiphol,30
2019-09-29 00:00:00,Adolfo Suárez Madrid–Barajas Airport,23
2019-09-29 00:00:00,Munich Airport,22
2019-09-29 00:00:00,Rome–Fiumicino Leonardo da Vinci International Airport,14
2019-09-29 00:00:00,Malpensa International Airport,10
2019-09-29 00:00:00,Copenhagen Kastrup Airport,15
2019-09-29 00:00:00,Helsinki Vantaa Airport,19
2019-09-29 00:00:00,Vienna International Airport,8
2019-09-29 00:00:00,Josep Tarradellas Barcelona-El Prat Airport,16
2019-09-29 00:00:00,Zürich Airport,4
2019-09-29 00:00:00,Humberto Delgado Airport (Lisbon Portela Airport),7
2019-09-29 00:00:00,London Gatwick Airport,7
2019-09-29 00:00:00,Dublin Airport,4
2019-09-29 00:00:00,Düsseldorf Airport,7
2019-09-29 00:00:00,Paris-Orly Airport,4
2019-09-29 00:00:00,Brussels Airport,4
2019-09-29 00:00:00,Manchester Airport,6
2019-09-28 00:00:00,London Heathrow Airport,109
2019-09-28 00:00:00,Charles de Gaulle International Airport,71
2019-09-28 00:00:00,Frankfurt am Main Airport,49
2019-09-28 00:00:00,Amsterdam Airport Schiphol,56
2019-09-28 00:00:00,Adolfo Suárez Madrid–Barajas Airport,23
2019-09-28 00:00:00,Malpensa International Airport,20
2019-09-28 00:00:00,Munich Airport,14
2019-09-28 00:00:00,London Gatwick Airport,46
2019-09-28 00:00:00,Manchester Airport,26
2019-09-28 00:00:00,Brussels Airport,25
2019-09-28 00:00:00,Rome–Fiumicino Leonardo da Vinci International Airport,20
2019-09-28 00:00:00,Josep Tarradellas Barcelona-El Prat Airport,25
2019-09-28 00:00:00,Zürich Airport,9
2019-09-28 00:00:00,Humberto Delgado Airport (Lisbon Portela Airport),17
2019-09-28 00:00:00,Düsseldorf Airport,31
2019-09-28 00:00:00,Copenhagen Kastrup Airport,17
2019-09-28 00:00:00,Vienna International Airport,11
2019-09-28 00:00:00,Paris-Orly Airport,6
2019-09-28 00:00:00,Dublin Airport,21
2019-09-28 00:00:00,Helsinki Vantaa Airport,11
2019-09-27 00:00:00,London Heathrow Airport,59
2019-09-27 00:00:00,Frankfurt am Main Airport,72
2019-09-27 00:00:00,Charles de Gaulle International Airport,57
2019-09-27 00:00:00,Amsterdam Airport Schiphol,41
2019-09-27 00:00:00,Munich Airport,26
2019-09-27 00:00:00,Adolfo Suárez Madrid–Barajas Airport,19
2019-09-27 00:00:00,Josep Tarradellas Barcelona-El Prat Airport,28
2019-09-27 00:00:00,Rome–Fiumicino Leonardo da Vinci International Airport,22
2019-09-27 00:00:00,Brussels Airport,29
2019-09-27 00:00:00,Zürich Airport,19
2019-09-27 00:00:00,London Gatwick Airport,20
2019-09-27 00:00:00,Düsseldorf Airport,39
2019-09-27 00:00:00,Copenhagen Kastrup Airport,16
2019-09-27 00:00:00,Malpensa International Airport,13
2019-09-27 00:00:00,Helsinki Vantaa Airport,18
2019-09-27 00:00:00,Vienna International Airport,15
2019-09-27 00:00:00,Manchester Airport,14
2019-09-27 00:00:00,Humberto Delgado Airport (Lisbon Portela Airport),19
2019-09-27 00:00:00,Dublin Airport,10
2019-09-27 00:00:00,Paris-Orly Airport,8
2019-09-26 00:00:00,London Heathrow Airport,83
2019-09-26 00:00:00,Frankfurt am Main Airport,35
2019-09-26 00:00:00,Charles de Gaulle International Airport,30
2019-09-26 00:00:00,Amsterdam Airport Schiphol,25
2019-09-26 00:00:00,Adolfo Suárez Madrid–Barajas Airport,19
2019-09-26 00:00:00,Munich Airport,21
2019-09-26 00:00:00,Zürich Airport,12
2019-09-26 00:00:00,Copenhagen Kastrup Airport,22
2019-09-26 00:00:00,Manchester Airport,9
2019-09-26 00:00:00,Josep Tarradellas Barcelona-El Prat Airport,15
2019-09-26 00:00:00,London Gatwick Airport,23
2019-09-26 00:00:00,Brussels Airport,10
2019-09-26 00:00:00,Rome–Fiumicino Leonardo da Vinci International Airport,10
2019-09-26 00:00:00,Dublin Airport,11
2019-09-26 00:00:00,Vienna International Airport,10
2019-09-26 00:00:00,Humberto Delgado Airport (Lisbon Portela Airport),15
2019-09-26 00:00:00,Paris-Orly Airport,3
2019-09-26 00:00:00,Düsseldorf Airport,9
2019-09-26 00:00:00,Helsinki Vantaa Airport,6
2019-09-26 00:00:00,Malpensa International Airport,2
2019-09-25 00:00:00,London Heathrow Airport,53
2019-09-25 00:00:00,Frankfurt am Main Airport,49
2019-09-25 00:00:00,Charles de Gaulle International Airport,37
2019-09-25 00:00:00,Amsterdam Airport Schiphol,34
2019-09-25 00:00:00,Adolfo Suárez Madrid–Barajas Airport,40
2019-09-25 00:00:00,Munich Airport,23
2019-09-25 00:00:00,Zürich Airport,11
2019-09-25 00:00:00,Rome–Fiumicino Leonardo da Vinci International Airport,18
2019-09-25 00:00:00,Josep Tarradellas Barcelona-El Prat Airport,40
2019-09-25 00:00:00,London Gatwick Airport,34
2019-09-25 00:00:00,Copenhagen Kastrup Airport,16
2019-09-25 00:00:00,Brussels Airport,17
2019-09-25 00:00:00,Humberto Delgado Airport (Lisbon Portela Airport),51
2019-09-25 00:00:00,Manchester Airport,21
2019-09-25 00:00:00,Malpensa International Airport,11
2019-09-25 00:00:00,Dublin Airport,22
2019-09-25 00:00:00,Paris-Orly Airport,15
2019-09-25 00:00:00,Vienna International Airport,12
2019-09-25 00:00:00,Helsinki Vantaa Airport,13
2019-09-25 00:00:00,Düsseldorf Airport,8
2019-09-24 00:00:00,London Heathrow Airport,56
2019-09-24 00:00:00,Frankfurt am Main Airport,51
2019-09-24 00:00:00,Charles de Gaulle International Airport,25
2019-09-24 00:00:00,Amsterdam Airport Schiphol,30
2019-09-24 00:00:00,Adolfo Suárez Madrid–Barajas Airport,19
2019-09-24 00:00:00,Munich Airport,18
2019-09-24 00:00:00,Zürich Airport,8
2019-09-24 00:00:00,Rome–Fiumicino Leonardo da Vinci International Airport,8
2019-09-24 00:00:00,Malpensa International Airport,7
2019-09-24 00:00:00,Düsseldorf Airport,11
2019-09-24 00:00:00,Josep Tarradellas Barcelona-El Prat Airport,6
2019-09-24 00:00:00,London Gatwick Airport,9
2019-09-24 00:00:00,Vienna International Airport,10
2019-09-24 00:00:00,Humberto Delgado Airport (Lisbon Portela Airport),5
2019-09-24 00:00:00,Copenhagen Kastrup Airport,9
2019-09-24 00:00:00,Brussels Airport,5
2019-09-24 00:00:00,Dublin Airport,3
2019-09-24 00:00:00,Helsinki Vantaa Airport,4
2019-09-24 00:00:00,Manchester Airport,2
2019-09-23 00:00:00,London Heathrow Airport,102
2019-09-23 00:00:00,Frankfurt am Main Airport,102
2019-09-23 00:00:00,Amsterdam Airport Schiphol,75
2019-09-23 00:00:00,Charles de Gaulle International Airport,54
2019-09-23 00:00:00,Munich Airport,49
2019-09-23 00:00:00,Rome–Fiumicino Leonardo da Vinci International Airport,47
2019-09-23 00:00:00,Malpensa International Airport,35
2019-09-23 00:00:00,Adolfo Suárez Madrid–Barajas Airport,49
2019-09-23 00:00:00,Josep Tarradellas Barcelona-El Prat Airport,55
2019-09-23 00:00:00,London Gatwick Airport,42
2019-09-23 00:00:00,Manchester Airport,32
2019-09-23 00:00:00,Zürich Airport,30
2019-09-23 00:00:00,Düsseldorf Airport,36
2019-09-23 00:00:00,Copenhagen Kastrup Airport,23
2019-09-23 00:00:00,Brussels Airport,30
2019-09-23 00:00:00,Dublin Airport,27
2019-09-23 00:00:00,Vienna International Airport,36
2019-09-23 00:00:00,Humberto Delgado Airport (Lisbon Portela Airport),32
2019-09-23 00:00:00,Paris-Orly Airport,25
2019-09-23 00:00:00,Helsinki Vantaa Airport,20
2019-09-22 00:00:00,London Heathrow Airport,161
2019-09-22 00:00:00,Charles de Gaulle International Airport,94
2019-09-22 00:00:00,Frankfurt am Main Airport,79
2019-09-22 00:00:00,Adolfo Suárez Madrid–Barajas Airport,56
2019-09-22 00:00:00,Amsterdam Airport Schiphol,56
2019-09-22 00:00:00,Rome–Fiumicino Leonardo da Vinci International Airport,62
2019-09-22 00:00:00,Munich Airport,52
2019-09-22 00:00:00,London Gatwick Airport,74
2019-09-22 00:00:00,Josep Tarradellas Barcelona-El Prat Airport,56
2019-09-22 00:00:00,Brussels Airport,41
2019-09-22 00:00:00,Malpensa International Airport,43
2019-09-22 00:00:00,Manchester Airport,37
2019-09-22 00:00:00,Humberto Delgado Airport (Lisbon Portela Airport),44
2019-09-22 00:00:00,Copenhagen Kastrup Airport,31
2019-09-22 00:00:00,Zürich Airport,22
2019-09-22 00:00:00,Düsseldorf Airport,30
2019-09-22 00:00:00,Vienna International Airport,24
2019-09-22 00:00:00,Dublin Airport,26
2019-09-22 00:00:00,Helsinki Vantaa Airport,25
2019-09-22 00:00:00,Paris-Orly Airport,31
2019-09-21 00:00:00,London Heathrow Airport,51
2019-09-21 00:00:00,Charles de Gaulle International Airport,65
2019-09-21 00:00:00,Frankfurt am Main Airport,48
2019-09-21 00:00:00,Amsterdam Airport Schiphol,29
2019-09-21 00:00:00,Adolfo Suárez Madrid–Barajas Airport,38
2019-09-21 00:00:00,Munich Airport,32
2019-09-21 00:00:00,Josep Tarradellas Barcelona-El Prat Airport,54
2019-09-21 00:00:00,Malpensa International Airport,18
2019-09-21 00:00:00,Helsinki Vantaa Airport,29
2019-09-21 00:00:00,Brussels Airport,16
2019-09-21 00:00:00,Humberto Delgado Airport (Lisbon Portela Airport),22
2019-09-21 00:00:00,Vienna International Airport,12
2019-09-21 00:00:00,London Gatwick Airport,32
2019-09-21 00:00:00,Rome–Fiumicino Leonardo da Vinci International Airport,19
2019-09-21 00:00:00,Copenhagen Kastrup Airport,7
2019-09-21 00:00:00,Düsseldorf Airport,15
2019-09-21 00:00:00,Zürich Airport,12
2019-09-21 00:00:00,Manchester Airport,13
2019-09-21 00:00:00,Dublin Airport,19
2019-09-21 00:00:00,Paris-Orly Airport,14
2019-09-20 00:00:00,London Heathrow Airport,53
2019-09-20 00:00:00,Charles de Gaulle International Airport,35
2019-09-20 00:00:00,Frankfurt am Main Airport,33
2019-09-20 00:00:00,Amsterdam Airport Schiphol,20
2019-09-20 00:00:00,Adolfo Suárez Madrid–Barajas Airport,26
2019-09-20 00:00:00,Munich Airport,16
2019-09-20 00:00:00,Copenhagen Kastrup Airport,23
2019-09-20 00:00:00,London Gatwick Airport,10
2019-09-20 00:00:00,Rome–Fiumicino Leonardo da Vinci International Airport,23
2019-09-20 00:00:00,Zürich Airport,7
2019-09-20 00:00:00,Malpensa International Airport,9
2019-09-20 00:00:00,Vienna International Airport,12
2019-09-20 00:00:00,Josep Tarradellas Barcelona-El Prat Airport,19
2019-09-20 00:00:00,Helsinki Vantaa Airport,35
2019-09-20 00:00:00,Humberto Delgado Airport (Lisbon Portela Airport),11
2019-09-20 00:00:00,Manchester Airport,6
2019-09-20 00:00:00,Dublin Airport,4
2019-09-20 00:00:00,Paris-Orly Airport,4
2019-09-20 00:00:00,Brussels Airport,3
2019-09-20 00:00:00,Düsseldorf Airport,3
2019-09-19 00:00:00,London Heathrow Airport,58
2019-09-19 00:00:00,Frankfurt am Main Airport,40
2019-09-19 00:00:00,Amsterdam Airport Schiphol,37
2019-09-19 00:00:00,Charles de Gaulle International Airport,33
2019-09-19 00:00:00,Adolfo Suárez Madrid–Barajas Airport,20
2019-09-19 00:00:00,Munich Airport,16
2019-09-19 00:00:00,Copenhagen Kastrup Airport,25
2019-09-19 00:00:00,Malpensa International Airport,9
2019-09-19 00:00:00,London Gatwick Airport,26
2019-09-19 00:00:00,Manchester Airport,13
2019-09-19 00:00:00,Brussels Airport,14
2019-09-19 00:00:00,Humberto Delgado Airport (Lisbon Portela Airport),15
2019-09-19 00:00:00,Rome–Fiumicino Leonardo da Vinci International Airport,13
2019-09-19 00:00:00,Zürich Airport,6
2019-09-19 00:00:00,Josep Tarradellas Barcelona-El Prat Airport,12
2019-09-19 00:00:00,Dublin Airport,9
2019-09-19 00:00:00,Vienna International Airport,5
2019-09-19 00:00:00,Helsinki Vantaa Airport,4
2019-09-19 00:00:00,Paris-Orly Airport,2
2019-09-19 00:00:00,Düsseldorf Airport,5
2019-09-18 00:00:00,London Heathrow Airport,129
2019-09-18 00:00:00,Charles de Gaulle International Airport,59
2019-09-18 00:00:00,Frankfurt am Main Airport,47
2019-09-18 00:00:00,Amsterdam Airport Schiphol,37
2019-09-18 00:00:00,Munich Airport,20
2019-09-18 00:00:00,London Gatwick Airport,25
2019-09-18 00:00:00,Dublin Airport,35
2019-09-18 00:00:00,Rome–Fiumicino Leonardo da Vinci International Airport,18
2019-09-18 00:00:00,Malpensa International Airport,11
2019-09-18 00:00:00,Manchester Airport,19
2019-09-18 00:00:00,Adolfo Suárez Madrid–Barajas Airport,11
2019-09-18 00:00:00,Copenhagen Kastrup Airport,12
2019-09-18 00:00:00,Brussels Airport,9
2019-09-18 00:00:00,Düsseldorf Airport,7
2019-09-18 00:00:00,Zürich Airport,6
2019-09-18 00:00:00,Vienna International Airport,7
2019-09-18 00:00:00,Paris-Orly Airport,4
2019-09-18 00:00:00,Josep Tarradellas Barcelona-El Prat Airport,2
2019-09-18 00:00:00,Helsinki Vantaa Airport,6
2019-09-18 00:00:00,Humberto Delgado Airport (Lisbon Portela Airport),4
2019-09-17 00:00:00,London Heathrow Airport,79
2019-09-17 00:00:00,Charles de Gaulle International Airport,42
2019-09-17 00:00:00,Frankfurt am Main Airport,34
2019-09-17 00:00:00,Amsterdam Airport Schiphol,32
2019-09-17 00:00:00,Adolfo Suárez Madrid–Barajas Airport,23
2019-09-17 00:00:00,London Gatwick Airport,20
2019-09-17 00:00:00,Munich Airport,15
2019-09-17 00:00:00,Malpensa International Airport,9
2019-09-17 00:00:00,Rome–Fiumicino Leonardo da Vinci International Airport,8
2019-09-17 00:00:00,Josep Tarradellas Barcelona-El Prat Airport,9
2019-09-17 00:00:00,Dublin Airport,14
2019-09-17 00:00:00,Zürich Airport,7
2019-09-17 00:00:00,Brussels Airport,5
2019-09-17 00:00:00,Manchester Airport,8
2019-09-17 00:00:00,Vienna International Airport,6
2019-09-17 00:00:00,Copenhagen Kastrup Airport,2
2019-09-17 00:00:00,Paris-Orly Airport,3
2019-09-17 00:00:00,Düsseldorf Airport,3
2019-09-17 00:00:00,Humberto Delgado Airport (Lisbon Portela Airport),1
2019-09-16 00:00:00,London Heathrow Airport,140
2019-09-16 00:00:00,Amsterdam Airport Schiphol,56
2019-09-16 00:00:00,Charles de Gaulle International Airport,57
2019-09-16 00:00:00,Frankfurt am Main Airport,49
2019-09-16 00:00:00,London Gatwick Airport,38
2019-09-16 00:00:00,Manchester Airport,48
2019-09-16 00:00:00,Munich Airport,37
2019-09-16 00:00:00,Adolfo Suárez Madrid–Barajas Airport,24
2019-09-16 00:00:00,Dublin Airport,63
2019-09-16 00:00:00,Zürich Airport,10
2019-09-16 00:00:00,Vienna International Airport,21
2019-09-16 00:00:00,Brussels Airport,18
2019-09-16 00:00:00,Josep Tarradellas Barcelona-El Prat Airport,15
2019-09-16 00:00:00,Malpensa International Airport,9
2019-09-16 00:00:00,Copenhagen Kastrup Airport,27
2019-09-16 00:00:00,Rome–Fiumicino Leonardo da Vinci International Airport,7
2019-09-16 00:00:00,Düsseldorf Airport,14
2019-09-16 00:00:00,Humberto Delgado Airport (Lisbon Portela Airport),8
2019-09-16 00:00:00,Helsinki Vantaa Airport,5
2019-09-16 00:00:00,Paris-Orly Airport,1
2019-09-15 00:00:00,London Heathrow Airport,114
2019-09-15 00:00:00,Frankfurt am Main Airport,72
2019-09-15 00:00:00,Charles de Gaulle International Airport,70
2019-09-15 00:00:00,Munich Airport,35
2019-09-15 00:00:00,Amsterdam Airport Schiphol,25
2019-09-15 00:00:00,Adolfo Suárez Madrid–Barajas Airport,27
2019-09-15 00:00:00,Rome–Fiumicino Leonardo da Vinci International Airport,33
2019-09-15 00:00:00,Josep Tarradellas Barcelona-El Prat Airport,37
2019-09-15 00:00:00,Helsinki Vantaa Airport,42
2019-09-15 00:00:00,Zürich Airport,17
2019-09-15 00:00:00,London Gatwick Airport,27
2019-09-15 00:00:00,Malpensa International Airport,28
2019-09-15 00:00:00,Copenhagen Kastrup Airport,46
2019-09-15 00:00:00,Brussels Airport,13
2019-09-15 00:00:00,Manchester Airport,18
2019-09-15 00:00:00,Dublin Airport,31
2019-09-15 00:00:00,Vienna International Airport,24
2019-09-15 00:00:00,Düsseldorf Airport,12
2019-09-15 00:00:00,Paris-Orly Airport,11
2019-09-15 00:00:00,Humberto Delgado Airport (Lisbon Portela Airport),3
2019-09-14 00:00:00,London Heathrow Airport,79
2019-09-14 00:00:00,Charles de Gaulle International Airport,47
2019-09-14 00:00:00,Frankfurt am Main Airport,41
2019-09-14 00:00:00,Amsterdam Airport Schiphol,23
2019-09-14 00:00:00,Munich Airport,20
2019-09-14 00:00:00,Adolfo Suárez Madrid–Barajas Airport,26
2019-09-14 00:00:00,Zürich Airport,20
2019-09-14 00:00:00,Malpensa International Airport,19
2019-09-14 00:00:00,London Gatwick Airport,27
2019-09-14 00:00:00,Rome–Fiumicino Leonardo da Vinci International Airport,23
2019-09-14 00:00:00,Josep Tarradellas Barcelona-El Prat Airport,34
2019-09-14 00:00:00,Manchester Airport,14
2019-09-14 00:00:00,Copenhagen Kastrup Airport,11
2019-09-14 00:00:00,Brussels Airport,8
2019-09-14 00:00:00,Dublin Airport,12
2019-09-14 00:00:00,Helsinki Vantaa Airport,16
2019-09-14 00:00:00,Humberto Delgado Airport (Lisbon Portela Airport),13
2019-09-14 00:00:00,Düsseldorf Airport,11
2019-09-14 00:00:00,Vienna International Airport,7
2019-09-14 00:00:00,Paris-Orly Airport,9
2019-09-13 00:00:00,London Heathrow Airport,50
2019-09-13 00:00:00,Frankfurt am Main Airport,34
2019-09-13 00:00:00,Charles de Gaulle International Airport,37
2019-09-13 00:00:00,Amsterdam Airport Schiphol,32
2019-09-13 00:00:00,Munich Airport,25
2019-09-13 00:00:00,Adolfo Suárez Madrid–Barajas Airport,25
2019-09-13 00:00:00,London Gatwick Airport,18
2019-09-13 00:00:00,Josep Tarradellas Barcelona-El Prat Airport,25
2019-09-13 00:00:00,Copenhagen Kastrup Airport,14
2019-09-13 00:00:00,Rome–Fiumicino Leonardo da Vinci International Airport,9
2019-09-13 00:00:00,Vienna International Airport,9
2019-09-13 00:00:00,Malpensa International Airport,5
2019-09-13 00:00:00,Humberto Delgado Airport (Lisbon Portela Airport),10
2019-09-13 00:00:00,Paris-Orly Airport,13
2019-09-13 00:00:00,Zürich Airport,5
2019-09-13 00:00:00,Dublin Airport,10
2019-09-13 00:00:00,Helsinki Vantaa Airport,6
2019-09-13 00:00:00,Düsseldorf Airport,6
2019-09-13 00:00:00,Manchester Airport,6
2019-09-13 00:00:00,Brussels Airport,8
2019-09-12 00:00:00,London Heathrow Airport,38
2019-09-12 00:00:00,Frankfurt am Main Airport,34
2019-09-12 00:00:00,Charles de Gaulle International Airport,32
2019-09-12 00:00:00,Amsterdam Airport Schiphol,19
2019-09-12 00:00:00,Adolfo Suárez Madrid–Barajas Airport,18
2019-09-12 00:00:00,Munich Airport,11
2019-09-12 00:00:00,Malpensa International Airport,7
2019-09-12 00:00:00,Zürich Airport,6
2019-09-12 00:00:00,Brussels Airport,6
2019-09-12 00:00:00,Copenhagen Kastrup Airport,7
2019-09-12 00:00:00,Vienna International Airport,9
2019-09-12 00:00:00,Rome–Fiumicino Leonardo da Vinci International Airport,6
2019-09-12 00:00:00,Josep Tarradellas Barcelona-El Prat Airport,7
2019-09-12 00:00:00,Helsinki Vantaa Airport,5
2019-09-12 00:00:00,London Gatwick Airport,3
2019-09-12 00:00:00,Manchester Airport,2
2019-09-12 00:00:00,Dublin Airport,2
2019-09-12 00:00:00,Paris-Orly Airport,1
2019-09-12 00:00:00,Düsseldorf Airport,1
2019-09-12 00:00:00,Humberto Delgado Airport (Lisbon Portela Airport),1
2019-09-11 00:00:00,London Heathrow Airport,42
2019-09-11 00:00:00,Frankfurt am Main Airport,42
2019-09-11 00:00:00,Charles de Gaulle International Airport,29
2019-09-11 00:00:00,Amsterdam Airport Schiphol,26
2019-09-11 00:00:00,Munich Airport,16
2019-09-11 00:00:00,Adolfo Suárez Madrid–Barajas Airport,13
2019-09-11 00:00:00,Helsinki Vantaa Airport,18
2019-09-11 00:00:00,Malpensa International Airport,11
2019-09-11 00:00:00,London Gatwick Airport,17
2019-09-11 00:00:00,Copenhagen Kastrup Airport,10
2019-09-11 00:00:00,Humberto Delgado Airport (Lisbon Portela Airport),14
2019-09-11 00:00:00,Rome–Fiumicino Leonardo da Vinci International Airport,7
2019-09-11 00:00:00,Zürich Airport,6
2019-09-11 00:00:00,Vienna International Airport,7
2019-09-11 00:00:00,Düsseldorf Airport,12
2019-09-11 00:00:00,Josep Tarradellas Barcelona-El Prat Airport,11
2019-09-11 00:00:00,Brussels Airport,7
2019-09-11 00:00:00,Manchester Airport,8
2019-09-11 00:00:00,Paris-Orly Airport,4
2019-09-11 00:00:00,Dublin Airport,1
2019-09-10 00:00:00,Frankfurt am Main Airport,56
2019-09-10 00:00:00,Charles de Gaulle International Airport,40
2019-09-10 00:00:00,London Heathrow Airport,28
2019-09-10 00:00:00,Amsterdam Airport Schiphol,32
2019-09-10 00:00:00,Adolfo Suárez Madrid–Barajas Airport,16
2019-09-10 00:00:00,Rome–Fiumicino Leonardo da Vinci International Airport,20
2019-09-10 00:00:00,Munich Airport,26
2019-09-10 00:00:00,Malpensa International Airport,15
2019-09-10 00:00:00,Brussels Airport,15
2019-09-10 00:00:00,Josep Tarradellas Barcelona-El Prat Airport,18
2019-09-10 00:00:00,Helsinki Vantaa Airport,15
2019-09-10 00:00:00,Zürich Airport,9
2019-09-10 00:00:00,London Gatwick Airport,13
2019-09-10 00:00:00,Manchester Airport,14
2019-09-10 00:00:00,Vienna International Airport,11
2019-09-10 00:00:00,Copenhagen Kastrup Airport,10
2019-09-10 00:00:00,Düsseldorf Airport,12
2019-09-10 00:00:00,Dublin Airport,8
2019-09-10 00:00:00,Paris-Orly Airport,4
2019-09-10 00:00:00,Humberto Delgado Airport (Lisbon Portela Airport),6
2019-09-09 00:00:00,Frankfurt am Main Airport,67
2019-09-09 00:00:00,Charles de Gaulle International Airport,47
2019-09-09 00:00:00,London Heathrow Airport,30
2019-09-09 00:00:00,Amsterdam Airport Schiphol,33
2019-09-09 00:00:00,Adolfo Suárez Madrid–Barajas Airport,25
2019-09-09 00:00:00,Rome–Fiumicino Leonardo da Vinci International Airport,21
2019-09-09 00:00:00,Munich Airport,28
2019-09-09 00:00:00,Helsinki Vantaa Airport,32
2019-09-09 00:00:00,Zürich Airport,17
2019-09-09 00:00:00,Vienna International Airport,17
2019-09-09 00:00:00,Malpensa International Airport,16
2019-09-09 00:00:00,Josep Tarradellas Barcelona-El Prat Airport,17
2019-09-09 00:00:00,Manchester Airport,15
2019-09-09 00:00:00,Copenhagen Kastrup Airport,18
2019-09-09 00:00:00,Brussels Airport,13
2019-09-09 00:00:00,Dublin Airport,6
2019-09-09 00:00:00,London Gatwick Airport,6
2019-09-09 00:00:00,Paris-Orly Airport,9
2019-09-09 00:00:00,Düsseldorf Airport,12
2019-09-09 00:00:00,Humberto Delgado Airport (Lisbon Portela Airport),6
2019-09-08 00:00:00,London Heathrow Airport,99
2019-09-08 00:00:00,Charles de Gaulle International Airport,62
2019-09-08 00:00:00,Frankfurt am Main Airport,70
2019-09-08 00:00:00,Amsterdam Airport Schiphol,41
2019-09-08 00:00:00,Rome–Fiumicino Leonardo da Vinci International Airport,31
2019-09-08 00:00:00,Munich Airport,26
2019-09-08 00:00:00,London Gatwick Airport,21
2019-09-08 00:00:00,Zürich Airport,19
2019-09-08 00:00:00,Helsinki Vantaa Airport,27
2019-09-08 00:00:00,Malpensa International Airport,12
2019-09-08 00:00:00,Adolfo Suárez Madrid–Barajas Airport,15
2019-09-08 00:00:00,Manchester Airport,12
2019-09-08 00:00:00,Josep Tarradellas Barcelona-El Prat Airport,21
2019-09-08 00:00:00,Vienna International Airport,12
2019-09-08 00:00:00,Copenhagen Kastrup Airport,11
2019-09-08 00:00:00,Dublin Airport,12
2019-09-08 00:00:00,Düsseldorf Airport,9
2019-09-08 00:00:00,Brussels Airport,6
2019-09-08 00:00:00,Paris-Orly Airport,6
2019-09-08 00:00:00,Humberto Delgado Airport (Lisbon Portela Airport),9
2019-09-07 00:00:00,London Heathrow Airport,107
2019-09-07 00:00:00,Frankfurt am Main Airport,90
2019-09-07 00:00:00,Charles de Gaulle International Airport,65
2019-09-07 00:00:00,Amsterdam Airport Schiphol,42
2019-09-07 00:00:00,Munich Airport,40
2019-09-07 00:00:00,Rome–Fiumicino Leonardo da Vinci International Airport,38
2019-09-07 00:00:00,Adolfo Suárez Madrid–Barajas Airport,26
2019-09-07 00:00:00,Zürich Airport,20
2019-09-07 00:00:00,Malpensa International Airport,21
2019-09-07 00:00:00,Josep Tarradellas Barcelona-El Prat Airport,32
2019-09-07 00:00:00,Vienna International Airport,24
2019-09-07 00:00:00,Helsinki Vantaa Airport,32
2019-09-07 00:00:00,London Gatwick Airport,14
2019-09-07 00:00:00,Copenhagen Kastrup Airport,20
2019-09-07 00:00:00,Düsseldorf Airport,21
2019-09-07 00:00:00,Brussels Airport,14
2019-09-07 00:00:00,Manchester Airport,8
2019-09-07 00:00:00,Humberto Delgado Airport (Lisbon Portela Airport),7
2019-09-07 00:00:00,Dublin Airport,6
2019-09-07 00:00:00,Paris-Orly Airport,5
2019-09-06 00:00:00,London Heathrow Airport,147
2019-09-06 00:00:00,Frankfurt am Main Airport,82
2019-09-06 00:00:00,Charles de Gaulle International Airport,64
2019-09-06 00:00:00,Amsterdam Airport Schiphol,53
2019-09-06 00:00:00,Munich Airport,41
2019-09-06 00:00:00,Rome–Fiumicino Leonardo da Vinci International Airport,23
2019-09-06 00:00:00,Adolfo Suárez Madrid–Barajas Airport,30
2019-09-06 00:00:00,Dublin Airport,34
2019-09-06 00:00:00,London Gatwick Airport,51
2019-09-06 00:00:00,Brussels Airport,25
2019-09-06 00:00:00,Zürich Airport,16
2019-09-06 00:00:00,Vienna International Airport,30
2019-09-06 00:00:00,Malpensa International Airport,13
2019-09-06 00:00:00,Copenhagen Kastrup Airport,18
2019-09-06 00:00:00,Josep Tarradellas Barcelona-El Prat Airport,27
2019-09-06 00:00:00,Manchester Airport,18
2019-09-06 00:00:00,Helsinki Vantaa Airport,13
2019-09-06 00:00:00,Humberto Delgado Airport (Lisbon Portela Airport),13
2019-09-06 00:00:00,Paris-Orly Airport,9
2019-09-06 00:00:00,Düsseldorf Airport,10
2019-09-05 00:00:00,London Heathrow Airport,85
2019-09-05 00:00:00,Frankfurt am Main Airport,47
2019-09-05 00:00:00,Charles de Gaulle International Airport,40
2019-09-05 00:00:00,Amsterdam Airport Schiphol,21
2019-09-05 00:00:00,Adolfo Suárez Madrid–Barajas Airport,25
2019-09-05 00:00:00,Munich Airport,15
2019-09-05 00:00:00,Dublin Airport,28
2019-09-05 00:00:00,London Gatwick Airport,11
2019-09-05 00:00:00,Rome–Fiumicino Leonardo da Vinci International Airport,12
2019-09-05 00:00:00,Zürich Airport,9
2019-09-05 00:00:00,Humberto Delgado Airport (Lisbon Portela Airport),12
2019-09-05 00:00:00,Helsinki Vantaa Airport,11
2019-09-05 00:00:00,Brussels Airport,8
2019-09-05 00:00:00,Malpensa International Airport,9
2019-09-05 00:00:00,Manchester Airport,7
2019-09-05 00:00:00,Copenhagen Kastrup Airport,5
2019-09-05 00:00:00,Vienna International Airport,5
2019-09-05 00:00:00,Paris-Orly Airport,7
2019-09-05 00:00:00,Josep Tarradellas Barcelona-El Prat Airport,5
2019-09-05 00:00:00,Düsseldorf Airport,2
2019-09-04 00:00:00,London Heathrow Airport,54
2019-09-04 00:00:00,Charles de Gaulle International Airport,42
2019-09-04 00:00:00,Frankfurt am Main Airport,30
2019-09-04 00:00:00,Adolfo Suárez Madrid–Barajas Airport,19
2019-09-04 00:00:00,Amsterdam Airport Schiphol,13
2019-09-04 00:00:00,Malpensa International Airport,9
2019-09-04 00:00:00,Rome–Fiumicino Leonardo da Vinci International Airport,7
2019-09-04 00:00:00,Munich Airport,7
2019-09-04 00:00:00,Dublin Airport,9
2019-09-04 00:00:00,Copenhagen Kastrup Airport,9
2019-09-04 00:00:00,Paris-Orly Airport,6
2019-09-04 00:00:00,Düsseldorf Airport,5
2019-09-04 00:00:00,Josep Tarradellas Barcelona-El Prat Airport,6
2019-09-04 00:00:00,Vienna International Airport,5
2019-09-04 00:00:00,London Gatwick Airport,4
2019-09-04 00:00:00,Zürich Airport,3
2019-09-04 00:00:00,Brussels Airport,4
2019-09-04 00:00:00,Humberto Delgado Airport (Lisbon Portela Airport),3
2019-09-04 00:00:00,Helsinki Vantaa Airport,9
2019-09-04 00:00:00,Manchester Airport,1
2019-09-03 00:00:00,London Heathrow Airport,66
2019-09-03 00:00:00,Frankfurt am Main Airport,33
2019-09-03 00:00:00,Charles de Gaulle International Airport,35
2019-09-03 00:00:00,Amsterdam Airport Schiphol,21
2019-09-03 00:00:00,Adolfo Suárez Madrid–Barajas Airport,18
2019-09-03 00:00:00,Munich Airport,13
2019-09-03 00:00:00,Rome–Fiumicino Leonardo da Vinci International Airport,14
2019-09-03 00:00:00,Helsinki Vantaa Airport,20
2019-09-03 00:00:00,Brussels Airport,9
2019-09-03 00:00:00,Malpensa International Airport,10
2019-09-03 00:00:00,Düsseldorf Airport,12
2019-09-03 00:00:00,Vienna International Airport,10
2019-09-03 00:00:00,Copenhagen Kastrup Airport,12
2019-09-03 00:00:00,Zürich Airport,6
2019-09-03 00:00:00,Humberto Delgado Airport (Lisbon Portela Airport),8
2019-09-03 00:00:00,London Gatwick Airport,6
2019-09-03 00:00:00,Manchester Airport,3
2019-09-03 00:00:00,Paris-Orly Airport,4
2019-09-03 00:00:00,Dublin Airport,4
2019-09-03 00:00:00,Josep Tarradellas Barcelona-El Prat Airport,5
2019-09-02 00:00:00,London Heathrow Airport,70
2019-09-02 00:00:00,Charles de Gaulle International Airport,38
2019-09-02 00:00:00,Frankfurt am Main Airport,31
2019-09-02 00:00:00,Adolfo Suárez Madrid–Barajas Airport,26
2019-09-02 00:00:00,Rome–Fiumicino Leonardo da Vinci International Airport,22
2019-09-02 00:00:00,Amsterdam Airport Schiphol,19
2019-09-02 00:00:00,Josep Tarradellas Barcelona-El Prat Airport,16
2019-09-02 00:00:00,Malpensa International Airport,11
2019-09-02 00:00:00,Munich Airport,15
2019-09-02 00:00:00,Humberto Delgado Airport (Lisbon Portela Airport),14
2019-09-02 00:00:00,Zürich Airport,8
2019-09-02 00:00:00,Dublin Airport,22
2019-09-02 00:00:00,London Gatwick Airport,12
2019-09-02 00:00:00,Helsinki Vantaa Airport,14
2019-09-02 00:00:00,Manchester Airport,12
2019-09-02 00:00:00,Copenhagen Kastrup Airport,3
2019-09-02 00:00:00,Brussels Airport,6
2019-09-02 00:00:00,Paris-Orly Airport,5
2019-09-02 00:00:00,Vienna International Airport,3
2019-09-02 00:00:00,Düsseldorf Airport,3
2019-09-01 00:00:00,London Heathrow Airport,50
2019-09-01 00:00:00,Frankfurt am Main Airport,35
2019-09-01 00:00:00,Charles de Gaulle International Airport,31
2019-09-01 00:00:00,Amsterdam Airport Schiphol,25
2019-09-01 00:00:00,Adolfo Suárez Madrid–Barajas Airport,21
2019-09-01 00:00:00,Rome–Fiumicino Leonardo da Vinci International Airport,14
2019-09-01 00:00:00,Malpensa International Airport,12
2019-09-01 00:00:00,Josep Tarradellas Barcelona-El Prat Airport,16
2019-09-01 00:00:00,Humberto Delgado Airport (Lisbon Portela Airport),13
2019-09-01 00:00:00,Munich Airport,8
2019-09-01 00:00:00,Vienna International Airport,10
2019-09-01 00:00:00,Helsinki Vantaa Airport,13
2019-09-01 00:00:00,Zürich Airport,12
2019-09-01 00:00:00,London Gatwick Airport,10
2019-09-01 00:00:00,Düsseldorf Airport,8
2019-09-01 00:00:00,Copenhagen Kastrup Airport,5
2019-09-01 00:00:00,Manchester Airport,5
2019-09-01 00:00:00,Brussels Airport,4
2019-09-01 00:00:00,Dublin Airport,1
2019-08-31 00:00:00,London Heathrow Airport,92
2019-08-31 00:00:00,Charles de Gaulle International Airport,44
2019-08-31 00:00:00,Frankfurt am Main Airport,41
2019-08-31 00:00:00,Amsterdam Airport Schiphol,24
2019-08-31 00:00:00,Adolfo Suárez Madrid–Barajas Airport,29
2019-08-31 00:00:00,London Gatwick Airport,41
2019-08-31 00:00:00,Josep Tarradellas Barcelona-El Prat Airport,29
2019-08-31 00:00:00,Munich Airport,6
2019-08-31 00:00:00,Rome–Fiumicino Leonardo da Vinci International Airport,13
2019-08-31 00:00:00,Humberto Delgado Airport (Lisbon Portela Airport),29
2019-08-31 00:00:00,Dublin Airport,21
2019-08-31 00:00:00,Paris-Orly Airport,8
2019-08-31 00:00:00,Zürich Airport,7
2019-08-31 00:00:00,Helsinki Vantaa Airport,8
2019-08-31 00:00:00,Düsseldorf Airport,7
2019-08-31 00:00:00,Malpensa International Airport,5
2019-08-31 00:00:00,Copenhagen Kastrup Airport,7
2019-08-31 00:00:00,Vienna International Airport,6
2019-08-31 00:00:00,Brussels Airport,6
2019-08-31 00:00:00,Manchester Airport,16
2019-08-30 00:00:00,London Heathrow Airport,85
2019-08-30 00:00:00,Charles de Gaulle International Airport,34
2019-08-30 00:00:00,Frankfurt am Main Airport,26
2019-08-30 00:00:00,Munich Airport,17
2019-08-30 00:00:00,Amsterdam Airport Schiphol,17
2019-08-30 00:00:00,Rome–Fiumicino Leonardo da Vinci International Airport,10
2019-08-30 00:00:00,Adolfo Suárez Madrid–Barajas Airport,8
2019-08-30 00:00:00,Zürich Airport,6
2019-08-30 00:00:00,Brussels Airport,11
2019-08-30 00:00:00,London Gatwick Airport,14
2019-08-30 00:00:00,Manchester Airport,9
2019-08-30 00:00:00,Malpensa International Airport,3
2019-08-30 00:00:00,Dublin Airport,12
2019-08-30 00:00:00,Paris-Orly Airport,6
2019-08-30 00:00:00,Copenhagen Kastrup Airport,14
2019-08-30 00:00:00,Josep Tarradellas Barcelona-El Prat Airport,5
2019-08-30 00:00:00,Humberto Delgado Airport (Lisbon Portela Airport),3
2019-08-30 00:00:00,Helsinki Vantaa Airport,10
2019-08-30 00:00:00,Düsseldorf Airport,3
2019-08-30 00:00:00,Vienna International Airport,2
2019-08-29 00:00:00,London Heathrow Airport,61
2019-08-29 00:00:00,Charles de Gaulle International Airport,43
2019-08-29 00:00:00,Frankfurt am Main Airport,31
2019-08-29 00:00:00,Amsterdam Airport Schiphol,29
2019-08-29 00:00:00,Adolfo Suárez Madrid–Barajas Airport,24
2019-08-29 00:00:00,Rome–Fiumicino Leonardo da Vinci International Airport,18
2019-08-29 00:00:00,Munich Airport,19
2019-08-29 00:00:00,London Gatwick Airport,20
2019-08-29 00:00:00,Zürich Airport,11
2019-08-29 00:00:00,Manchester Airport,18
2019-08-29 00:00:00,Josep Tarradellas Barcelona-El Prat Airport,19
2019-08-29 00:00:00,Malpensa International Airport,10
2019-08-29 00:00:00,Copenhagen Kastrup Airport,12
2019-08-29 00:00:00,Helsinki Vantaa Airport,17
2019-08-29 00:00:00,Brussels Airport,10
2019-08-29 00:00:00,Vienna International Airport,9
2019-08-29 00:00:00,Humberto Delgado Airport (Lisbon Portela Airport),8
2019-08-29 00:00:00,Dublin Airport,23
2019-08-29 00:00:00,Paris-Orly Airport,2
2019-08-29 00:00:00,Düsseldorf Airport,12
2019-08-28 00:00:00,London Heathrow Airport,78
2019-08-28 00:00:00,Frankfurt am Main Airport,44
2019-08-28 00:00:00,Charles de Gaulle International Airport,59
2019-08-28 00:00:00,Amsterdam Airport Schiphol,23
2019-08-28 00:00:00,Malpensa International Airport,34
2019-08-28 00:00:00,Rome–Fiumicino Leonardo da Vinci International Airport,29
2019-08-28 00:00:00,Munich Airport,36
2019-08-28 00:00:00,Manchester Airport,31
2019-08-28 00:00:00,London Gatwick Airport,28
2019-08-28 00:00:00,Zürich Airport,19
2019-08-28 00:00:00,Adolfo Suárez Madrid–Barajas Airport,13
2019-08-28 00:00:00,Paris-Orly Airport,10
2019-08-28 00:00:00,Josep Tarradellas Barcelona-El Prat Airport,19
2019-08-28 00:00:00,Düsseldorf Airport,13
2019-08-28 00:00:00,Copenhagen Kastrup Airport,19
2019-08-28 00:00:00,Brussels Airport,9
2019-08-28 00:00:00,Dublin Airport,15
2019-08-28 00:00:00,Humberto Delgado Airport (Lisbon Portela Airport),4
2019-08-28 00:00:00,Helsinki Vantaa Airport,9
2019-08-28 00:00:00,Vienna International Airport,15
2019-08-27 00:00:00,London Heathrow Airport,64
2019-08-27 00:00:00,Charles de Gaulle International Airport,33
2019-08-27 00:00:00,Frankfurt am Main Airport,30
2019-08-27 00:00:00,Adolfo Suárez Madrid–Barajas Airport,15
2019-08-27 00:00:00,London Gatwick Airport,18
2019-08-27 00:00:00,Amsterdam Airport Schiphol,11
2019-08-27 00:00:00,Josep Tarradellas Barcelona-El Prat Airport,30
2019-08-27 00:00:00,Paris-Orly Airport,14
2019-08-27 00:00:00,Zürich Airport,11
2019-08-27 00:00:00,Munich Airport,15
2019-08-27 00:00:00,Rome–Fiumicino Leonardo da Vinci International Airport,17
2019-08-27 00:00:00,Malpensa International Airport,12
2019-08-27 00:00:00,Dublin Airport,18
2019-08-27 00:00:00,Brussels Airport,4
2019-08-27 00:00:00,Humberto Delgado Airport (Lisbon Portela Airport),10
2019-08-27 00:00:00,Düsseldorf Airport,4
2019-08-27 00:00:00,Vienna International Airport,10
2019-08-27 00:00:00,Manchester Airport,6
2019-08-27 00:00:00,Copenhagen Kastrup Airport,7
2019-08-27 00:00:00,Helsinki Vantaa Airport,4
2019-08-26 00:00:00,London Heathrow Airport,56
2019-08-26 00:00:00,Charles de Gaulle International Airport,41
2019-08-26 00:00:00,Frankfurt am Main Airport,27
2019-08-26 00:00:00,Adolfo Suárez Madrid–Barajas Airport,27
2019-08-26 00:00:00,Amsterdam Airport Schiphol,18
2019-08-26 00:00:00,Rome–Fiumicino Leonardo da Vinci International Airport,11
2019-08-26 00:00:00,Josep Tarradellas Barcelona-El Prat Airport,21
2019-08-26 00:00:00,Munich Airport,13
2019-08-26 00:00:00,Zürich Airport,7
2019-08-26 00:00:00,Humberto Delgado Airport (Lisbon Portela Airport),14
2019-08-26 00:00:00,Helsinki Vantaa Airport,12
2019-08-26 00:00:00,Brussels Airport,8
2019-08-26 00:00:00,Vienna International Airport,5
2019-08-26 00:00:00,Manchester Airport,5
2019-08-26 00:00:00,Malpensa International Airport,3
2019-08-26 00:00:00,Düsseldorf Airport,5
2019-08-26 00:00:00,London Gatwick Airport,4
2019-08-26 00:00:00,Paris-Orly Airport,3
2019-08-26 00:00:00,Copenhagen Kastrup Airport,3
2019-08-26 00:00:00,Dublin Airport,2
2019-08-25 00:00:00,London Heathrow Airport,45
2019-08-25 00:00:00,Charles de Gaulle International Airport,26
2019-08-25 00:00:00,Frankfurt am Main Airport,26
2019-08-25 00:00:00,Amsterdam Airport Schiphol,21
2019-08-25 00:00:00,Adolfo Suárez Madrid–Barajas Airport,12
2019-08-25 00:00:00,Munich Airport,9
2019-08-25 00:00:00,Rome–Fiumicino Leonardo da Vinci International Airport,7
2019-08-25 00:00:00,Malpensa International Airport,8
2019-08-25 00:00:00,Zürich Airport,7
2019-08-25 00:00:00,Düsseldorf Airport,7
2019-08-25 00:00:00,Humberto Delgado Airport (Lisbon Portela Airport),10
2019-08-25 00:00:00,Helsinki Vantaa Airport,10
2019-08-25 00:00:00,Manchester Airport,6
2019-08-25 00:00:00,London Gatwick Airport,7
2019-08-25 00:00:00,Josep Tarradellas Barcelona-El Prat Airport,5
2019-08-25 00:00:00,Vienna International Airport,8
2019-08-25 00:00:00,Copenhagen Kastrup Airport,9
2019-08-25 00:00:00,Brussels Airport,3
2019-08-25 00:00:00,Dublin Airport,3
2019-08-25 00:00:00,Paris-Orly Airport,1
2019-08-24 00:00:00,London Heathrow Airport,71
2019-08-24 00:00:00,Charles de Gaulle International Airport,37
2019-08-24 00:00:00,Frankfurt am Main Airport,33
2019-08-24 00:00:00,Amsterdam Airport Schiphol,28
2019-08-24 00:00:00,Adolfo Suárez Madrid–Barajas Airport,19
2019-08-24 00:00:00,Rome–Fiumicino Leonardo da Vinci International Airport,13
2019-08-24 00:00:00,Zürich Airport,13
2019-08-24 00:00:00,Munich Airport,12
2019-08-24 00:00:00,Josep Tarradellas Barcelona-El Prat Airport,18
2019-08-24 00:00:00,Humberto Delgado Airport (Lisbon Portela Airport),11
2019-08-24 00:00:00,London Gatwick Airport,23
2019-08-24 00:00:00,Vienna International Airport,9
2019-08-24 00:00:00,Paris-Orly Airport,5
2019-08-24 00:00:00,Copenhagen Kastrup Airport,12
2019-08-24 00:00:00,Dublin Airport,9
2019-08-24 00:00:00,Manchester Airport,10
2019-08-24 00:00:00,Düsseldorf Airport,8
2019-08-24 00:00:00,Helsinki Vantaa Airport,9
2019-08-24 00:00:00,Brussels Airport,2
2019-08-24 00:00:00,Malpensa International Airport,5
2019-08-23 00:00:00,London Heathrow Airport,85
2019-08-23 00:00:00,Charles de Gaulle International Airport,49
2019-08-23 00:00:00,Frankfurt am Main Airport,53
2019-08-23 00:00:00,Amsterdam Airport Schiphol,38
2019-08-23 00:00:00,Munich Airport,18
2019-08-23 00:00:00,Adolfo Suárez Madrid–Barajas Airport,19
2019-08-23 00:00:00,London Gatwick Airport,32
2019-08-23 00:00:00,Rome–Fiumicino Leonardo da Vinci International Airport,18
2019-08-23 00:00:00,Humberto Delgado Airport (Lisbon Portela Airport),25
2019-08-23 00:00:00,Manchester Airport,19
2019-08-23 00:00:00,Josep Tarradellas Barcelona-El Prat Airport,12
2019-08-23 00:00:00,Helsinki Vantaa Airport,18
2019-08-23 00:00:00,Malpensa International Airport,6
2019-08-23 00:00:00,Zürich Airport,6
2019-08-23 00:00:00,Dublin Airport,14
2019-08-23 00:00:00,Copenhagen Kastrup Airport,14
2019-08-23 00:00:00,Vienna International Airport,7
2019-08-23 00:00:00,Paris-Orly Airport,6
2019-08-23 00:00:00,Düsseldorf Airport,8
2019-08-23 00:00:00,Brussels Airport,8
2019-08-22 00:00:00,London Heathrow Airport,122
2019-08-22 00:00:00,Frankfurt am Main Airport,58
2019-08-22 00:00:00,Charles de Gaulle International Airport,55
2019-08-22 00:00:00,Amsterdam Airport Schiphol,39
2019-08-22 00:00:00,London Gatwick Airport,25
2019-08-22 00:00:00,Rome–Fiumicino Leonardo da Vinci International Airport,15
2019-08-22 00:00:00,Munich Airport,15
2019-08-22 00:00:00,Zürich Airport,13
2019-08-22 00:00:00,Adolfo Suárez Madrid–Barajas Airport,13
2019-08-22 00:00:00,Malpensa International Airport,12
2019-08-22 00:00:00,Manchester Airport,17
2019-08-22 00:00:00,Brussels Airport,12
2019-08-22 00:00:00,Dublin Airport,29
2019-08-22 00:00:00,Josep Tarradellas Barcelona-El Prat Airport,12
2019-08-22 00:00:00,Vienna International Airport,4
2019-08-22 00:00:00,Helsinki Vantaa Airport,13
2019-08-22 00:00:00,Copenhagen Kastrup Airport,9
2019-08-22 00:00:00,Humberto Delgado Airport (Lisbon Portela Airport),8
2019-08-22 00:00:00,Düsseldorf Airport,7
2019-08-22 00:00:00,Paris-Orly Airport,4
2019-08-21 00:00:00,London Heathrow Airport,59
2019-08-21 00:00:00,Frankfurt am Main Airport,48
2019-08-21 00:00:00,Charles de Gaulle International Airport,49
2019-08-21 00:00:00,Amsterdam Airport Schiphol,30
2019-08-21 00:00:00,Rome–Fiumicino Leonardo da Vinci International Airport,18
2019-08-21 00:00:00,Adolfo Suárez Madrid–Barajas Airport,12
2019-08-21 00:00:00,Malpensa International Airport,13
2019-08-21 00:00:00,Humberto Delgado Airport (Lisbon Portela Airport),11
2019-08-21 00:00:00,Manchester Airport,12
2019-08-21 00:00:00,Zürich Airport,9
2019-08-21 00:00:00,London Gatwick Airport,15
2019-08-21 00:00:00,Munich Airport,17
2019-08-21 00:00:00,Josep Tarradellas Barcelona-El Prat Airport,18
2019-08-21 00:00:00,Copenhagen Kastrup Airport,7
2019-08-21 00:00:00,Düsseldorf Airport,6
2019-08-21 00:00:00,Helsinki Vantaa Airport,6
2019-08-21 00:00:00,Vienna International Airport,8
2019-08-21 00:00:00,Brussels Airport,8
2019-08-21 00:00:00,Dublin Airport,11
2019-08-21 00:00:00,Paris-Orly Airport,4
2019-08-20 00:00:00,London Heathrow Airport,55
2019-08-20 00:00:00,Frankfurt am Main Airport,33
2019-08-20 00:00:00,Charles de Gaulle International Airport,36
2019-08-20 00:00:00,Amsterdam Airport Schiphol,20
2019-08-20 00:00:00,Rome–Fiumicino Leonardo da Vinci International Airport,19
2019-08-20 00:00:00,Munich Airport,15
2019-08-20 00:00:00,Malpensa International Airport,8
2019-08-20 00:00:00,Adolfo Suárez Madrid–Barajas Airport,10
2019-08-20 00:00:00,Zürich Airport,8
2019-08-20 00:00:00,London Gatwick Airport,11
2019-08-20 00:00:00,Copenhagen Kastrup Airport,14
2019-08-20 00:00:00,Brussels Airport,6
2019-08-20 00:00:00,Manchester Airport,6
2019-08-20 00:00:00,Josep Tarradellas Barcelona-El Prat Airport,15
2019-08-20 00:00:00,Vienna International Airport,11
2019-08-20 00:00:00,Humberto Delgado Airport (Lisbon Portela Airport),5
2019-08-20 00:00:00,Paris-Orly Airport,3
2019-08-20 00:00:00,Düsseldorf Airport,6
2019-08-20 00:00:00,Helsinki Vantaa Airport,5
2019-08-20 00:00:00,Dublin Airport,5
2019-08-19 00:00:00,London Heathrow Airport,71
2019-08-19 00:00:00,Charles de Gaulle International Airport,52
2019-08-19 00:00:00,Frankfurt am Main Airport,41
2019-08-19 00:00:00,Amsterdam Airport Schiphol,38
2019-08-19 00:00:00,Rome–Fiumicino Leonardo da Vinci International Airport,21
2019-08-19 00:00:00,Adolfo Suárez Madrid–Barajas Airport,28
2019-08-19 00:00:00,Zürich Airport,12
2019-08-19 00:00:00,London Gatwick Airport,27
2019-08-19 00:00:00,Josep Tarradellas Barcelona-El Prat Airport,27
2019-08-19 00:00:00,Munich Airport,14
2019-08-19 00:00:00,Dublin Airport,23
2019-08-19 00:00:00,Humberto Delgado Airport (Lisbon Portela Airport),33
2019-08-19 00:00:00,Brussels Airport,13
2019-08-19 00:00:00,Manchester Airport,17
2019-08-19 00:00:00,Paris-Orly Airport,15
2019-08-19 00:00:00,Copenhagen Kastrup Airport,9
2019-08-19 00:00:00,Düsseldorf Airport,6
2019-08-19 00:00:00,Vienna International Airport,5
2019-08-19 00:00:00,Malpensa International Airport,5
2019-08-19 00:00:00,Helsinki Vantaa Airport,3
2019-08-18 00:00:00,London Heathrow Airport,71
2019-08-18 00:00:00,Charles de Gaulle International Airport,31
2019-08-18 00:00:00,Frankfurt am Main Airport,23
2019-08-18 00:00:00,Rome–Fiumicino Leonardo da Vinci International Airport,13
2019-08-18 00:00:00,Amsterdam Airport Schiphol,13
2019-08-18 00:00:00,Malpensa International Airport,10
2019-08-18 00:00:00,Dublin Airport,16
2019-08-18 00:00:00,Adolfo Suárez Madrid–Barajas Airport,11
2019-08-18 00:00:00,Munich Airport,7
2019-08-18 00:00:00,Brussels Airport,9
2019-08-18 00:00:00,Zürich Airport,8
2019-08-18 00:00:00,London Gatwick Airport,6
2019-08-18 00:00:00,Manchester Airport,6
2019-08-18 00:00:00,Josep Tarradellas Barcelona-El Prat Airport,5
2019-08-18 00:00:00,Copenhagen Kastrup Airport,4
2019-08-18 00:00:00,Humberto Delgado Airport (Lisbon Portela Airport),5
2019-08-18 00:00:00,Paris-Orly Airport,2
2019-08-18 00:00:00,Vienna International Airport,2
2019-08-18 00:00:00,Düsseldorf Airport,2
2019-08-18 00:00:00,Helsinki Vantaa Airport,3
2019-08-17 00:00:00,London Heathrow Airport,49
2019-08-17 00:00:00,Charles de Gaulle International Airport,38
2019-08-17 00:00:00,Frankfurt am Main Airport,33
2019-08-17 00:00:00,Amsterdam Airport Schiphol,34
2019-08-17 00:00:00,London Gatwick Airport,32
2019-08-17 00:00:00,Rome–Fiumicino Leonardo da Vinci International Airport,16
2019-08-17 00:00:00,Munich Airport,8
2019-08-17 00:00:00,Adolfo Suárez Madrid–Barajas Airport,15
2019-08-17 00:00:00,Zürich Airport,10
2019-08-17 00:00:00,Copenhagen Kastrup Airport,10
2019-08-17 00:00:00,Vienna International Airport,8
2019-08-17 00:00:00,Manchester Airport,10
2019-08-17 00:00:00,Brussels Airport,9
2019-08-17 00:00:00,Dublin Airport,13
2019-08-17 00:00:00,Malpensa International Airport,6
2019-08-17 00:00:00,Josep Tarradellas Barcelona-El Prat Airport,9
2019-08-17 00:00:00,Düsseldorf Airport,5
2019-08-17 00:00:00,Humberto Delgado Airport (Lisbon Portela Airport),11
2019-08-17 00:00:00,Paris-Orly Airport,7
2019-08-17 00:00:00,Helsinki Vantaa Airport,5
2019-08-16 00:00:00,London Heathrow Airport,57
2019-08-16 00:00:00,Frankfurt am Main Airport,40
2019-08-16 00:00:00,Charles de Gaulle International Airport,35
2019-08-16 00:00:00,Adolfo Suárez Madrid–Barajas Airport,38
2019-08-16 00:00:00,Amsterdam Airport Schiphol,23
2019-08-16 00:00:00,Munich Airport,17
2019-08-16 00:00:00,Rome–Fiumicino Leonardo da Vinci International Airport,11
2019-08-16 00:00:00,Josep Tarradellas Barcelona-El Prat Airport,20
2019-08-16 00:00:00,Copenhagen Kastrup Airport,17
2019-08-16 00:00:00,London Gatwick Airport,14
2019-08-16 00:00:00,Zürich Airport,6
2019-08-16 00:00:00,Humberto Delgado Airport (Lisbon Portela Airport),25
2019-08-16 00:00:00,Dublin Airport,11
2019-08-16 00:00:00,Helsinki Vantaa Airport,9
2019-08-16 00:00:00,Vienna International Airport,5
2019-08-16 00:00:00,Düsseldorf Airport,4
2019-08-16 00:00:00,Brussels Airport,8
2019-08-16 00:00:00,Paris-Orly Airport,7
2019-08-16 00:00:00,Manchester Airport,8
2019-08-16 00:00:00,Malpensa International Airport,3
2019-08-15 00:00:00,Frankfurt am Main Airport,46
2019-08-15 00:00:00,London Heathrow Airport,37
2019-08-15 00:00:00,Charles de Gaulle International Airport,31
2019-08-15 00:00:00,Amsterdam Airport Schiphol,21
2019-08-15 00:00:00,Munich Airport,8
2019-08-15 00:00:00,Rome–Fiumicino Leonardo da Vinci International Airport,10
2019-08-15 00:00:00,Vienna International Airport,8
2019-08-15 00:00:00,Adolfo Suárez Madrid–Barajas Airport,12
2019-08-15 00:00:00,Zürich Airport,6
2019-08-15 00:00:00,Malpensa International Airport,5
2019-08-15 00:00:00,Brussels Airport,6
2019-08-15 00:00:00,Josep Tarradellas Barcelona-El Prat Airport,9
2019-08-15 00:00:00,Copenhagen Kastrup Airport,5
2019-08-15 00:00:00,Helsinki Vantaa Airport,7
2019-08-15 00:00:00,Manchester Airport,6
2019-08-15 00:00:00,London Gatwick Airport,3
2019-08-15 00:00:00,Dublin Airport,4
2019-08-15 00:00:00,Humberto Delgado Airport (Lisbon Portela Airport),5
2019-08-15 00:00:00,Düsseldorf Airport,2
2019-08-15 00:00:00,Paris-Orly Airport,3
2019-08-14 00:00:00,Frankfurt am Main Airport,29
2019-08-14 00:00:00,London Heathrow Airport,24
2019-08-14 00:00:00,Charles de Gaulle International Airport,16
2019-08-14 00:00:00,Amsterdam Airport Schiphol,9
2019-08-14 00:00:00,Adolfo Suárez Madrid–Barajas Airport,10
2019-08-14 00:00:00,Munich Airport,5
2019-08-14 00:00:00,Malpensa International Airport,4
2019-08-14 00:00:00,Helsinki Vantaa Airport,5
2019-08-14 00:00:00,Zürich Airport,2
2019-08-14 00:00:00,Vienna International Airport,4
2019-08-14 00:00:00,Rome–Fiumicino Leonardo da Vinci International Airport,6
2019-08-14 00:00:00,Manchester Airport,3
2019-08-14 00:00:00,Copenhagen Kastrup Airport,3
2019-08-14 00:00:00,Josep Tarradellas Barcelona-El Prat Airport,4
2019-08-14 00:00:00,London Gatwick Airport,1
2019-08-14 00:00:00,Düsseldorf Airport,1
2019-08-14 00:00:00,Paris-Orly Airport,2
2019-08-14 00:00:00,Dublin Airport,1
2019-08-14 00:00:00,Humberto Delgado Airport (Lisbon Portela Airport),2
2019-08-13 00:00:00,London Heathrow Airport,27
2019-08-13 00:00:00,Frankfurt am Main Airport,22
2019-08-13 00:00:00,Charles de Gaulle International Airport,18
2019-08-13 00:00:00,Amsterdam Airport Schiphol,11
2019-08-13 00:00:00,Adolfo Suárez Madrid–Barajas Airport,12
2019-08-13 00:00:00,Munich Airport,9
2019-08-13 00:00:00,Malpensa International Airport,7
2019-08-13 00:00:00,Rome–Fiumicino Leonardo da Vinci International Airport,4
2019-08-13 00:00:00,London Gatwick Airport,7
2019-08-13 00:00:00,Vienna International Airport,4
2019-08-13 00:00:00,Brussels Airport,3
2019-08-13 00:00:00,Zürich Airport,2
2019-08-13 00:00:00,Copenhagen Kastrup Airport,3
2019-08-13 00:00:00,Düsseldorf Airport,2
2019-08-13 00:00:00,Josep Tarradellas Barcelona-El Prat Airport,5
2019-08-13 00:00:00,Helsinki Vantaa Airport,4
2019-08-13 00:00:00,Manchester Airport,1
2019-08-12 00:00:00,Frankfurt am Main Airport,23
2019-08-12 00:00:00,London Heathrow Airport,20
2019-08-12 00:00:00,Charles de Gaulle International Airport,18
2019-08-12 00:00:00,Amsterdam Airport Schiphol,12
2019-08-12 00:00:00,Adolfo Suárez Madrid–Barajas Airport,13
2019-08-12 00:00:00,Rome–Fiumicino Leonardo da Vinci International Airport,8
2019-08-12 00:00:00,Munich Airport,8
2019-08-12 00:00:00,London Gatwick Airport,9
2019-08-12 00:00:00,Josep Tarradellas Barcelona-El Prat Airport,10
2019-08-12 00:00:00,Malpensa International Airport,5
2019-08-12 00:00:00,Zürich Airport,3
2019-08-12 00:00:00,Manchester Airport,4
2019-08-12 00:00:00,Copenhagen Kastrup Airport,4
2019-08-12 00:00:00,Brussels Airport,2
2019-08-12 00:00:00,Vienna International Airport,6
2019-08-12 00:00:00,Dublin Airport,4
2019-08-12 00:00:00,Humberto Delgado Airport (Lisbon Portela Airport),6
2019-08-12 00:00:00,Helsinki Vantaa Airport,3
2019-08-12 00:00:00,Düsseldorf Airport,1
2019-08-11 00:00:00,London Heathrow Airport,27
2019-08-11 00:00:00,Frankfurt am Main Airport,23
2019-08-11 00:00:00,Charles de Gaulle International Airport,22
2019-08-11 00:00:00,Amsterdam Airport Schiphol,14
2019-08-11 00:00:00,Adolfo Suárez Madrid–Barajas Airport,10
2019-08-11 00:00:00,London Gatwick Airport,8
2019-08-11 00:00:00,Josep Tarradellas Barcelona-El Prat Airport,10
2019-08-11 00:00:00,Humberto Delgado Airport (Lisbon Portela Airport),7
2019-08-11 00:00:00,Rome–Fiumicino Leonardo da Vinci International Airport,4
2019-08-11 00:00:00,Munich Airport,4
2019-08-11 00:00:00,Vienna International Airport,5
2019-08-11 00:00:00,Malpensa International Airport,4
2019-08-11 00:00:00,Manchester Airport,3
2019-08-11 00:00:00,Brussels Airport,4
2019-08-11 00:00:00,Zürich Airport,2
2019-08-11 00:00:00,Düsseldorf Airport,4
2019-08-11 00:00:00,Copenhagen Kastrup Airport,3
2019-08-11 00:00:00,Paris-Orly Airport,2
2019-08-11 00:00:00,Dublin Airport,1
2019-08-11 00:00:00,Helsinki Vantaa Airport,1
2019-08-10 00:00:00,London Heathrow Airport,26
2019-08-10 00:00:00,Frankfurt am Main Airport,18
2019-08-10 00:00:00,Charles de Gaulle International Airport,15
2019-08-10 00:00:00,Adolfo Suárez Madrid–Barajas Airport,17
2019-08-10 00:00:00,Amsterdam Airport Schiphol,8
2019-08-10 00:00:00,Manchester Airport,8
2019-08-10 00:00:00,Humberto Delgado Airport (Lisbon Portela Airport),7
2019-08-10 00:00:00,Zürich Airport,4
2019-08-10 00:00:00,Rome–Fiumicino Leonardo da Vinci International Airport,4
2019-08-10 00:00:00,Copenhagen Kastrup Airport,6
2019-08-10 00:00:00,Brussels Airport,4
2019-08-10 00:00:00,London Gatwick Airport,5
2019-08-10 00:00:00,Munich Airport,2
2019-08-10 00:00:00,Düsseldorf Airport,5
2019-08-10 00:00:00,Josep Tarradellas Barcelona-El Prat Airport,3
2019-08-10 00:00:00,Helsinki Vantaa Airport,7
2019-08-10 00:00:00,Vienna International Airport,2
2019-08-10 00:00:00,Paris-Orly Airport,1
2019-08-10 00:00:00,Malpensa International Airport,2
2019-08-10 00:00:00,Dublin Airport,1
2019-08-09 00:00:00,London Heathrow Airport,55
2019-08-09 00:00:00,Charles de Gaulle International Airport,38
2019-08-09 00:00:00,Amsterdam Airport Schiphol,25
2019-08-09 00:00:00,Frankfurt am Main Airport,20
2019-08-09 00:00:00,Rome–Fiumicino Leonardo da Vinci International Airport,13
2019-08-09 00:00:00,Adolfo Suárez Madrid–Barajas Airport,9
2019-08-09 00:00:00,Munich Airport,8
2019-08-09 00:00:00,Zürich Airport,6
2019-08-09 00:00:00,Copenhagen Kastrup Airport,11
2019-08-09 00:00:00,Vienna International Airport,8
2019-08-09 00:00:00,Humberto Delgado Airport (Lisbon Portela Airport),8
2019-08-09 00:00:00,London Gatwick Airport,7
2019-08-09 00:00:00,Malpensa International Airport,6
2019-08-09 00:00:00,Brussels Airport,6
2019-08-09 00:00:00,Josep Tarradellas Barcelona-El Prat Airport,5
2019-08-09 00:00:00,Manchester Airport,7
2019-08-09 00:00:00,Dublin Airport,9
2019-08-09 00:00:00,Helsinki Vantaa Airport,4
2019-08-09 00:00:00,Paris-Orly Airport,1
2019-08-09 00:00:00,Düsseldorf Airport,1
2019-08-08 00:00:00,London Heathrow Airport,67
2019-08-08 00:00:00,Charles de Gaulle International Airport,39
2019-08-08 00:00:00,Frankfurt am Main Airport,34
2019-08-08 00:00:00,Rome–Fiumicino Leonardo da Vinci International Airport,25
2019-08-08 00:00:00,Amsterdam Airport Schiphol,25
2019-08-08 00:00:00,London Gatwick Airport,29
2019-08-08 00:00:00,Adolfo Suárez Madrid–Barajas Airport,20
2019-08-08 00:00:00,Munich Airport,13
2019-08-08 00:00:00,Zürich Airport,10
2019-08-08 00:00:00,Dublin Airport,31
2019-08-08 00:00:00,Brussels Airport,16
2019-08-08 00:00:00,Paris-Orly Airport,9
2019-08-08 00:00:00,Malpensa International Airport,7
2019-08-08 00:00:00,Humberto Delgado Airport (Lisbon Portela Airport),21
2019-08-08 00:00:00,Josep Tarradellas Barcelona-El Prat Airport,10
2019-08-08 00:00:00,Vienna International Airport,6
2019-08-08 00:00:00,Manchester Airport,14
2019-08-08 00:00:00,Düsseldorf Airport,10
2019-08-08 00:00:00,Copenhagen Kastrup Airport,7
2019-08-08 00:00:00,Helsinki Vantaa Airport,5
2019-08-07 00:00:00,London Heathrow Airport,74
2019-08-07 00:00:00,Frankfurt am Main Airport,51
2019-08-07 00:00:00,Adolfo Suárez Madrid–Barajas Airport,51
2019-08-07 00:00:00,Charles de Gaulle International Airport,41
2019-08-07 00:00:00,Amsterdam Airport Schiphol,38
2019-08-07 00:00:00,Josep Tarradellas Barcelona-El Prat Airport,47
2019-08-07 00:00:00,Paris-Orly Airport,27
2019-08-07 00:00:00,Munich Airport,15
2019-08-07 00:00:00,London Gatwick Airport,43
2019-08-07 00:00:00,Rome–Fiumicino Leonardo da Vinci International Airport,15
2019-08-07 00:00:00,Humberto Delgado Airport (Lisbon Portela Airport),57
2019-08-07 00:00:00,Malpensa International Airport,10
2019-08-07 00:00:00,Manchester Airport,25
2019-08-07 00:00:00,Vienna International Airport,15
2019-08-07 00:00:00,Dublin Airport,23
2019-08-07 00:00:00,Copenhagen Kastrup Airport,7
2019-08-07 00:00:00,Brussels Airport,13
2019-08-07 00:00:00,Düsseldorf Airport,9
2019-08-07 00:00:00,Helsinki Vantaa Airport,5
2019-08-07 00:00:00,Zürich Airport,6
2019-08-06 00:00:00,London Heathrow Airport,88
2019-08-06 00:00:00,Frankfurt am Main Airport,54
2019-08-06 00:00:00,Charles de Gaulle International Airport,55
2019-08-06 00:00:00,Amsterdam Airport Schiphol,44
2019-08-06 00:00:00,Munich Airport,25
2019-08-06 00:00:00,Zürich Airport,18
2019-08-06 00:00:00,Adolfo Suárez Madrid–Barajas Airport,30
2019-08-06 00:00:00,Vienna International Airport,19
2019-08-06 00:00:00,Brussels Airport,24
2019-08-06 00:00:00,Rome–Fiumicino Leonardo da Vinci International Airport,17
2019-08-06 00:00:00,London Gatwick Airport,43
2019-08-06 00:00:00,Humberto Delgado Airport (Lisbon Portela Airport),39
2019-08-06 00:00:00,Malpensa International Airport,14
2019-08-06 00:00:00,Manchester Airport,23
2019-08-06 00:00:00,Paris-Orly Airport,16
2019-08-06 00:00:00,Copenhagen Kastrup Airport,16
2019-08-06 00:00:00,Josep Tarradellas Barcelona-El Prat Airport,31
2019-08-06 00:00:00,Dublin Airport,20
2019-08-06 00:00:00,Düsseldorf Airport,17
2019-08-06 00:00:00,Helsinki Vantaa Airport,12
2019-08-05 00:00:00,London Heathrow Airport,60
2019-08-05 00:00:00,Frankfurt am Main Airport,29
2019-08-05 00:00:00,Charles de Gaulle International Airport,30
2019-08-05 00:00:00,Amsterdam Airport Schiphol,21
2019-08-05 00:00:00,Zürich Airport,6
2019-08-05 00:00:00,Adolfo Suárez Madrid–Barajas Airport,15
2019-08-05 00:00:00,Munich Airport,14
2019-08-05 00:00:00,London Gatwick Airport,34
2019-08-05 00:00:00,Manchester Airport,32
2019-08-05 00:00:00,Brussels Airport,6
2019-08-05 00:00:00,Vienna International Airport,13
2019-08-05 00:00:00,Copenhagen Kastrup Airport,5
2019-08-05 00:00:00,Dublin Airport,11
2019-08-05 00:00:00,Paris-Orly Airport,4
2019-08-05 00:00:00,Josep Tarradellas Barcelona-El Prat Airport,14
2019-08-05 00:00:00,Düsseldorf Airport,4
2019-08-05 00:00:00,Malpensa International Airport,3
2019-08-05 00:00:00,Helsinki Vantaa Airport,6
2019-08-05 00:00:00,Humberto Delgado Airport (Lisbon Portela Airport),8
2019-08-05 00:00:00,Rome–Fiumicino Leonardo da Vinci International Airport,2
2019-08-04 00:00:00,London Heathrow Airport,76
2019-08-04 00:00:00,Charles de Gaulle International Airport,37
2019-08-04 00:00:00,Amsterdam Airport Schiphol,36
2019-08-04 00:00:00,Frankfurt am Main Airport,33
2019-08-04 00:00:00,Adolfo Suárez Madrid–Barajas Airport,33
2019-08-04 00:00:00,London Gatwick Airport,37
2019-08-04 00:00:00,Humberto Delgado Airport (Lisbon Portela Airport),19
2019-08-04 00:00:00,Munich Airport,14
2019-08-04 00:00:00,Manchester Airport,19
2019-08-04 00:00:00,Zürich Airport,8
2019-08-04 00:00:00,Brussels Airport,11
2019-08-04 00:00:00,Vienna International Airport,9
2019-08-04 00:00:00,Rome–Fiumicino Leonardo da Vinci International Airport,11
2019-08-04 00:00:00,Dublin Airport,21
2019-08-04 00:00:00,Josep Tarradellas Barcelona-El Prat Airport,17
2019-08-04 00:00:00,Paris-Orly Airport,8
2019-08-04 00:00:00,Copenhagen Kastrup Airport,9
2019-08-04 00:00:00,Malpensa International Airport,9
2019-08-04 00:00:00,Düsseldorf Airport,4
2019-08-04 00:00:00,Helsinki Vantaa Airport,5
2019-08-03 00:00:00,London Heathrow Airport,62
2019-08-03 00:00:00,Charles de Gaulle International Airport,39
2019-08-03 00:00:00,Frankfurt am Main Airport,20
2019-08-03 00:00:00,Amsterdam Airport Schiphol,19
2019-08-03 00:00:00,Adolfo Suárez Madrid–Barajas Airport,12
2019-08-03 00:00:00,Munich Airport,10
2019-08-03 00:00:00,Malpensa International Airport,9
2019-08-03 00:00:00,Rome–Fiumicino Leonardo da Vinci International Airport,12
2019-08-03 00:00:00,London Gatwick Airport,14
2019-08-03 00:00:00,Vienna International Airport,7
2019-08-03 00:00:00,Zürich Airport,6
2019-08-03 00:00:00,Josep Tarradellas Barcelona-El Prat Airport,7
2019-08-03 00:00:00,Manchester Airport,10
2019-08-03 00:00:00,Brussels Airport,6
2019-08-03 00:00:00,Dublin Airport,9
2019-08-03 00:00:00,Humberto Delgado Airport (Lisbon Portela Airport),6
2019-08-03 00:00:00,Helsinki Vantaa Airport,2
2019-08-03 00:00:00,Düsseldorf Airport,2
2019-08-03 00:00:00,Copenhagen Kastrup Airport,1
2019-08-02 00:00:00,London Heathrow Airport,39
2019-08-02 00:00:00,Frankfurt am Main Airport,21
2019-08-02 00:00:00,Charles de Gaulle International Airport,20
2019-08-02 00:00:00,Amsterdam Airport Schiphol,15
2019-08-02 00:00:00,Adolfo Suárez Madrid–Barajas Airport,17
2019-08-02 00:00:00,Munich Airport,10
2019-08-02 00:00:00,Malpensa International Airport,6
2019-08-02 00:00:00,Rome–Fiumicino Leonardo da Vinci International Airport,7
2019-08-02 00:00:00,London Gatwick Airport,10
2019-08-02 00:00:00,Josep Tarradellas Barcelona-El Prat Airport,5
2019-08-02 00:00:00,Düsseldorf Airport,5
2019-08-02 00:00:00,Vienna International Airport,3
2019-08-02 00:00:00,Brussels Airport,5
2019-08-02 00:00:00,Zürich Airport,3
2019-08-02 00:00:00,Manchester Airport,5
2019-08-02 00:00:00,Copenhagen Kastrup Airport,7
2019-08-02 00:00:00,Paris-Orly Airport,2
2019-08-02 00:00:00,Dublin Airport,9
2019-08-02 00:00:00,Helsinki Vantaa Airport,2
2019-08-02 00:00:00,Humberto Delgado Airport (Lisbon Portela Airport),5
2019-08-01 00:00:00,London Heathrow Airport,32
2019-08-01 00:00:00,Frankfurt am Main Airport,26
2019-08-01 00:00:00,Charles de Gaulle International Airport,27
2019-08-01 00:00:00,Amsterdam Airport Schiphol,9
2019-08-01 00:00:00,Adolfo Suárez Madrid–Barajas Airport,9
2019-08-01 00:00:00,Paris-Orly Airport,7
2019-08-01 00:00:00,Munich Airport,8
2019-08-01 00:00:00,Malpensa International Airport,8
2019-08-01 00:00:00,Rome–Fiumicino Leonardo da Vinci International Airport,6
2019-08-01 00:00:00,Zürich Airport,5
2019-08-01 00:00:00,London Gatwick Airport,7
2019-08-01 00:00:00,Brussels Airport,4
2019-08-01 00:00:00,Dublin Airport,4
2019-08-01 00:00:00,Vienna International Airport,6
2019-08-01 00:00:00,Josep Tarradellas Barcelona-El Prat Airport,5
2019-08-01 00:00:00,Manchester Airport,3
2019-08-01 00:00:00,Humberto Delgado Airport (Lisbon Portela Airport),2
2019-08-01 00:00:00,Helsinki Vantaa Airport,2
2019-08-01 00:00:00,Copenhagen Kastrup Airport,1
2019-07-31 00:00:00,Charles de Gaulle International Airport,40
2019-07-31 00:00:00,London Heathrow Airport,36
2019-07-31 00:00:00,Frankfurt am Main Airport,18
2019-07-31 00:00:00,Adolfo Suárez Madrid–Barajas Airport,22
2019-07-31 00:00:00,Rome–Fiumicino Leonardo da Vinci International Airport,14
2019-07-31 00:00:00,London Gatwick Airport,16
2019-07-31 00:00:00,Zürich Airport,11
2019-07-31 00:00:00,Malpensa International Airport,10
2019-07-31 00:00:00,Amsterdam Airport Schiphol,13
2019-07-31 00:00:00,Josep Tarradellas Barcelona-El Prat Airport,7
2019-07-31 00:00:00,Manchester Airport,4
2019-07-31 00:00:00,Düsseldorf Airport,5
2019-07-31 00:00:00,Paris-Orly Airport,4
2019-07-31 00:00:00,Humberto Delgado Airport (Lisbon Portela Airport),17
2019-07-31 00:00:00,Copenhagen Kastrup Airport,4
2019-07-31 00:00:00,Brussels Airport,4
2019-07-31 00:00:00,Munich Airport,2
2019-07-31 00:00:00,Dublin Airport,2
2019-07-31 00:00:00,Helsinki Vantaa Airport,2
2019-07-31 00:00:00,Vienna International Airport,1
2019-07-30 00:00:00,London Heathrow Airport,29
2019-07-30 00:00:00,Frankfurt am Main Airport,16
2019-07-30 00:00:00,Charles de Gaulle International Airport,15
2019-07-30 00:00:00,Amsterdam Airport Schiphol,9
2019-07-30 00:00:00,Adolfo Suárez Madrid–Barajas Airport,10
2019-07-30 00:00:00,Munich Airport,7
2019-07-30 00:00:00,Copenhagen Kastrup Airport,5
2019-07-30 00:00:00,London Gatwick Airport,6
2019-07-30 00:00:00,Rome–Fiumicino Leonardo da Vinci International Airport,6
2019-07-30 00:00:00,Malpensa International Airport,3
2019-07-30 00:00:00,Zürich Airport,1
2019-07-30 00:00:00,Humberto Delgado Airport (Lisbon Portela Airport),3
2019-07-30 00:00:00,Brussels Airport,1
2019-07-30 00:00:00,Düsseldorf Airport,1
2019-07-30 00:00:00,Josep Tarradellas Barcelona-El Prat Airport,1
2019-07-29 00:00:00,London Heathrow Airport,29
2019-07-29 00:00:00,Frankfurt am Main Airport,17
2019-07-29 00:00:00,Charles de Gaulle International Airport,14
2019-07-29 00:00:00,Amsterdam Airport Schiphol,12
2019-07-29 00:00:00,Adolfo Suárez Madrid–Barajas Airport,6
2019-07-29 00:00:00,Zürich Airport,4
2019-07-29 00:00:00,Rome–Fiumicino Leonardo da Vinci International Airport,6
2019-07-29 00:00:00,Munich Airport,6
2019-07-29 00:00:00,Manchester Airport,4
2019-07-29 00:00:00,Josep Tarradellas Barcelona-El Prat Airport,3
2019-07-29 00:00:00,Malpensa International Airport,3
2019-07-29 00:00:00,Brussels Airport,2
2019-07-29 00:00:00,Copenhagen Kastrup Airport,3
2019-07-29 00:00:00,Helsinki Vantaa Airport,9
2019-07-29 00:00:00,Dublin Airport,3
2019-07-29 00:00:00,Humberto Delgado Airport (Lisbon Portela Airport),3
2019-07-29 00:00:00,Vienna International Airport,2
2019-07-29 00:00:00,Paris-Orly Airport,1
2019-07-28 00:00:00,London Heathrow Airport,58
2019-07-28 00:00:00,Frankfurt am Main Airport,38
2019-07-28 00:00:00,Charles de Gaulle International Airport,34
2019-07-28 00:00:00,Amsterdam Airport Schiphol,26
2019-07-28 00:00:00,Adolfo Suárez Madrid–Barajas Airport,16
2019-07-28 00:00:00,Rome–Fiumicino Leonardo da Vinci International Airport,16
2019-07-28 00:00:00,Munich Airport,16
2019-07-28 00:00:00,Malpensa International Airport,11
2019-07-28 00:00:00,Zürich Airport,10
2019-07-28 00:00:00,Düsseldorf Airport,9
2019-07-28 00:00:00,London Gatwick Airport,9
2019-07-28 00:00:00,Copenhagen Kastrup Airport,9
2019-07-28 00:00:00,Manchester Airport,7
2019-07-28 00:00:00,Josep Tarradellas Barcelona-El Prat Airport,9
2019-07-28 00:00:00,Humberto Delgado Airport (Lisbon Portela Airport),6
2019-07-28 00:00:00,Vienna International Airport,4
2019-07-28 00:00:00,Brussels Airport,7
2019-07-28 00:00:00,Helsinki Vantaa Airport,6
2019-07-28 00:00:00,Dublin Airport,4
2019-07-28 00:00:00,Paris-Orly Airport,3
2019-07-27 00:00:00,London Heathrow Airport,33
2019-07-27 00:00:00,Charles de Gaulle International Airport,19
2019-07-27 00:00:00,Frankfurt am Main Airport,14
2019-07-27 00:00:00,Amsterdam Airport Schiphol,12
2019-07-27 00:00:00,Munich Airport,10
2019-07-27 00:00:00,Zürich Airport,5
2019-07-27 00:00:00,Malpensa International Airport,3
2019-07-27 00:00:00,Adolfo Suárez Madrid–Barajas Airport,6
2019-07-27 00:00:00,Brussels Airport,3
2019-07-27 00:00:00,Rome–Fiumicino Leonardo da Vinci International Airport,5
2019-07-27 00:00:00,Josep Tarradellas Barcelona-El Prat Airport,6
2019-07-27 00:00:00,London Gatwick Airport,8
2019-07-27 00:00:00,Dublin Airport,6
2019-07-27 00:00:00,Copenhagen Kastrup Airport,3
2019-07-27 00:00:00,Manchester Airport,2
2019-07-27 00:00:00,Düsseldorf Airport,1
2019-07-27 00:00:00,Helsinki Vantaa Airport,1
2019-07-27 00:00:00,Vienna International Airport,1
2019-07-27 00:00:00,Paris-Orly Airport,1
2019-07-26 00:00:00,London Heathrow Airport,23
2019-07-26 00:00:00,Charles de Gaulle International Airport,13
2019-07-26 00:00:00,Amsterdam Airport Schiphol,14
2019-07-26 00:00:00,Frankfurt am Main Airport,13
2019-07-26 00:00:00,Adolfo Suárez Madrid–Barajas Airport,15
2019-07-26 00:00:00,Humberto Delgado Airport (Lisbon Portela Airport),8
2019-07-26 00:00:00,Zürich Airport,4
2019-07-26 00:00:00,Malpensa International Airport,5
2019-07-26 00:00:00,Munich Airport,5
2019-07-26 00:00:00,Copenhagen Kastrup Airport,2
2019-07-26 00:00:00,Düsseldorf Airport,2
2019-07-26 00:00:00,London Gatwick Airport,10
2019-07-26 00:00:00,Brussels Airport,4
2019-07-26 00:00:00,Paris-Orly Airport,3
2019-07-26 00:00:00,Helsinki Vantaa Airport,2
2019-07-26 00:00:00,Rome–Fiumicino Leonardo da Vinci International Airport,2
2019-07-26 00:00:00,Josep Tarradellas Barcelona-El Prat Airport,3
2019-07-26 00:00:00,Vienna International Airport,4
2019-07-26 00:00:00,Dublin Airport,2
2019-07-26 00:00:00,Manchester Airport,1
2019-07-25 00:00:00,London Heathrow Airport,20
2019-07-25 00:00:00,Frankfurt am Main Airport,18
2019-07-25 00:00:00,Charles de Gaulle International Airport,27
2019-07-25 00:00:00,Adolfo Suárez Madrid–Barajas Airport,19
2019-07-25 00:00:00,London Gatwick Airport,16
2019-07-25 00:00:00,Amsterdam Airport Schiphol,6
2019-07-25 00:00:00,Rome–Fiumicino Leonardo da Vinci International Airport,6
2019-07-25 00:00:00,Munich Airport,5
2019-07-25 00:00:00,Zürich Airport,3
2019-07-25 00:00:00,Brussels Airport,3
2019-07-25 00:00:00,Malpensa International Airport,4
2019-07-25 00:00:00,Copenhagen Kastrup Airport,5
2019-07-25 00:00:00,Manchester Airport,3
2019-07-25 00:00:00,Düsseldorf Airport,3
2019-07-25 00:00:00,Humberto Delgado Airport (Lisbon Portela Airport),4
2019-07-25 00:00:00,Josep Tarradellas Barcelona-El Prat Airport,5
2019-07-25 00:00:00,Vienna International Airport,1
2019-07-25 00:00:00,Paris-Orly Airport,3
2019-07-25 00:00:00,Helsinki Vantaa Airport,1
2019-07-24 00:00:00,London Heathrow Airport,34
2019-07-24 00:00:00,Charles de Gaulle International Airport,22
2019-07-24 00:00:00,Frankfurt am Main Airport,16
2019-07-24 00:00:00,Adolfo Suárez Madrid–Barajas Airport,11
2019-07-24 00:00:00,Amsterdam Airport Schiphol,9
2019-07-24 00:00:00,Munich Airport,6
2019-07-24 00:00:00,Rome–Fiumicino Leonardo da Vinci International Airport,6
2019-07-24 00:00:00,Zürich Airport,4
2019-07-24 00:00:00,Manchester Airport,5
2019-07-24 00:00:00,Malpensa International Airport,3
2019-07-24 00:00:00,Brussels Airport,5
2019-07-24 00:00:00,Dublin Airport,16
2019-07-24 00:00:00,London Gatwick Airport,3
2019-07-24 00:00:00,Josep Tarradellas Barcelona-El Prat Airport,6
2019-07-24 00:00:00,Düsseldorf Airport,3
2019-07-24 00:00:00,Vienna International Airport,2
2019-07-24 00:00:00,Helsinki Vantaa Airport,1
2019-07-24 00:00:00,Paris-Orly Airport,2
2019-07-24 00:00:00,Humberto Delgado Airport (Lisbon Portela Airport),1
2019-07-23 00:00:00,London Heathrow Airport,31
2019-07-23 00:00:00,Charles de Gaulle International Airport,24
2019-07-23 00:00:00,Frankfurt am Main Airport,18
2019-07-23 00:00:00,Amsterdam Airport Schiphol,15
2019-07-23 00:00:00,Adolfo Suárez Madrid–Barajas Airport,11
2019-07-23 00:00:00,Munich Airport,6
2019-07-23 00:00:00,Rome–Fiumicino Leonardo da Vinci International Airport,6
2019-07-23 00:00:00,Malpensa International Airport,6
2019-07-23 00:00:00,Zürich Airport,6
2019-07-23 00:00:00,London Gatwick Airport,7
2019-07-23 00:00:00,Josep Tarradellas Barcelona-El Prat Airport,3
2019-07-23 00:00:00,Vienna International Airport,2
2019-07-23 00:00:00,Helsinki Vantaa Airport,3
2019-07-23 00:00:00,Manchester Airport,2
2019-07-23 00:00:00,Copenhagen Kastrup Airport,2
2019-07-23 00:00:00,Brussels Airport,1
2019-07-23 00:00:00,Düsseldorf Airport,2
2019-07-23 00:00:00,Humberto Delgado Airport (Lisbon Portela Airport),1
2019-07-22 00:00:00,London Heathrow Airport,35
2019-07-22 00:00:00,Frankfurt am Main Airport,14
2019-07-22 00:00:00,Charles de Gaulle International Airport,21
2019-07-22 00:00:00,Amsterdam Airport Schiphol,17
2019-07-22 00:00:00,Adolfo Suárez Madrid–Barajas Airport,17
2019-07-22 00:00:00,Rome–Fiumicino Leonardo da Vinci International Airport,18
2019-07-22 00:00:00,Copenhagen Kastrup Airport,15
2019-07-22 00:00:00,Munich Airport,5
2019-07-22 00:00:00,Josep Tarradellas Barcelona-El Prat Airport,10
2019-07-22 00:00:00,London Gatwick Airport,12
2019-07-22 00:00:00,Zürich Airport,8
2019-07-22 00:00:00,Vienna International Airport,3
2019-07-22 00:00:00,Paris-Orly Airport,6
2019-07-22 00:00:00,Manchester Airport,13
2019-07-22 00:00:00,Malpensa International Airport,10
2019-07-22 00:00:00,Humberto Delgado Airport (Lisbon Portela Airport),5
2019-07-22 00:00:00,Brussels Airport,4
2019-07-22 00:00:00,Düsseldorf Airport,4
2019-07-22 00:00:00,Dublin Airport,7
2019-07-22 00:00:00,Helsinki Vantaa Airport,4
2019-07-21 00:00:00,London Heathrow Airport,75
2019-07-21 00:00:00,Charles de Gaulle International Airport,32
2019-07-21 00:00:00,Frankfurt am Main Airport,26
2019-07-21 00:00:00,Amsterdam Airport Schiphol,29
2019-07-21 00:00:00,Munich Airport,19
2019-07-21 00:00:00,Malpensa International Airport,12
2019-07-21 00:00:00,Zürich Airport,9
2019-07-21 00:00:00,London Gatwick Airport,25
2019-07-21 00:00:00,Rome–Fiumicino Leonardo da Vinci International Airport,9
2019-07-21 00:00:00,Düsseldorf Airport,11
2019-07-21 00:00:00,Adolfo Suárez Madrid–Barajas Airport,21
2019-07-21 00:00:00,Paris-Orly Airport,16
2019-07-21 00:00:00,Copenhagen Kastrup Airport,11
2019-07-21 00:00:00,Josep Tarradellas Barcelona-El Prat Airport,13
2019-07-21 00:00:00,Humberto Delgado Airport (Lisbon Portela Airport),33
2019-07-21 00:00:00,Manchester Airport,9
2019-07-21 00:00:00,Helsinki Vantaa Airport,7
2019-07-21 00:00:00,Dublin Airport,18
2019-07-21 00:00:00,Brussels Airport,6
2019-07-21 00:00:00,Vienna International Airport,4
2019-07-20 00:00:00,London Heathrow Airport,76
2019-07-20 00:00:00,Frankfurt am Main Airport,48
2019-07-20 00:00:00,Charles de Gaulle International Airport,41
2019-07-20 00:00:00,Amsterdam Airport Schiphol,27
2019-07-20 00:00:00,Munich Airport,21
2019-07-20 00:00:00,London Gatwick Airport,52
2019-07-20 00:00:00,Adolfo Suárez Madrid–Barajas Airport,15
2019-07-20 00:00:00,Düsseldorf Airport,27
2019-07-20 00:00:00,Zürich Airport,8
2019-07-20 00:00:00,Brussels Airport,20
2019-07-20 00:00:00,Malpensa International Airport,8
2019-07-20 00:00:00,Rome–Fiumicino Leonardo da Vinci International Airport,11
2019-07-20 00:00:00,Josep Tarradellas Barcelona-El Prat Airport,17
2019-07-20 00:00:00,Copenhagen Kastrup Airport,21
2019-07-20 00:00:00,Helsinki Vantaa Airport,14
2019-07-20 00:00:00,Manchester Airport,15
2019-07-20 00:00:00,Paris-Orly Airport,7
2019-07-20 00:00:00,Humberto Delgado Airport (Lisbon Portela Airport),9
2019-07-20 00:00:00,Dublin Airport,9
2019-07-20 00:00:00,Vienna International Airport,5
2019-07-19 00:00:00,London Heathrow Airport,86
2019-07-19 00:00:00,Frankfurt am Main Airport,40
2019-07-19 00:00:00,Charles de Gaulle International Airport,35
2019-07-19 00:00:00,Amsterdam Airport Schiphol,38
2019-07-19 00:00:00,Rome–Fiumicino Leonardo da Vinci International Airport,21
2019-07-19 00:00:00,London Gatwick Airport,59
2019-07-19 00:00:00,Malpensa International Airport,11
2019-07-19 00:00:00,Zürich Airport,15
2019-07-19 00:00:00,Düsseldorf Airport,12
2019-07-19 00:00:00,Manchester Airport,24
2019-07-19 00:00:00,Munich Airport,14
2019-07-19 00:00:00,Copenhagen Kastrup Airport,13
2019-07-19 00:00:00,Brussels Airport,10
2019-07-19 00:00:00,Humberto Delgado Airport (Lisbon Portela Airport),13
2019-07-19 00:00:00,Adolfo Suárez Madrid–Barajas Airport,14
2019-07-19 00:00:00,Dublin Airport,16
2019-07-19 00:00:00,Vienna International Airport,14
2019-07-19 00:00:00,Josep Tarradellas Barcelona-El Prat Airport,11
2019-07-19 00:00:00,Paris-Orly Airport,3
2019-07-19 00:00:00,Helsinki Vantaa Airport,7
2019-07-18 00:00:00,London Heathrow Airport,94
2019-07-18 00:00:00,Charles de Gaulle International Airport,54
2019-07-18 00:00:00,Frankfurt am Main Airport,45
2019-07-18 00:00:00,Amsterdam Airport Schiphol,53
2019-07-18 00:00:00,Rome–Fiumicino Leonardo da Vinci International Airport,26
2019-07-18 00:00:00,Munich Airport,22
2019-07-18 00:00:00,London Gatwick Airport,52
2019-07-18 00:00:00,Adolfo Suárez Madrid–Barajas Airport,28
2019-07-18 00:00:00,Manchester Airport,33
2019-07-18 00:00:00,Zürich Airport,12
2019-07-18 00:00:00,Brussels Airport,19
2019-07-18 00:00:00,Malpensa International Airport,17
2019-07-18 00:00:00,Copenhagen Kastrup Airport,16
2019-07-18 00:00:00,Josep Tarradellas Barcelona-El Prat Airport,27
2019-07-18 00:00:00,Humberto Delgado Airport (Lisbon Portela Airport),18
2019-07-18 00:00:00,Dublin Airport,31
2019-07-18 00:00:00,Vienna International Airport,9
2019-07-18 00:00:00,Helsinki Vantaa Airport,7
2019-07-18 00:00:00,Paris-Orly Airport,3
2019-07-18 00:00:00,Düsseldorf Airport,7
2019-07-17 00:00:00,London Heathrow Airport,86
2019-07-17 00:00:00,Frankfurt am Main Airport,59
2019-07-17 00:00:00,Charles de Gaulle International Airport,49
2019-07-17 00:00:00,Amsterdam Airport Schiphol,27
2019-07-17 00:00:00,Munich Airport,26
2019-07-17 00:00:00,Adolfo Suárez Madrid–Barajas Airport,22
2019-07-17 00:00:00,Rome–Fiumicino Leonardo da Vinci International Airport,21
2019-07-17 00:00:00,Zürich Airport,19
2019-07-17 00:00:00,Malpensa International Airport,19
2019-07-17 00:00:00,London Gatwick Airport,25
2019-07-17 00:00:00,Vienna International Airport,20
2019-07-17 00:00:00,Humberto Delgado Airport (Lisbon Portela Airport),23
2019-07-17 00:00:00,Helsinki Vantaa Airport,8
2019-07-17 00:00:00,Düsseldorf Airport,15
2019-07-17 00:00:00,Manchester Airport,14
2019-07-17 00:00:00,Brussels Airport,16
2019-07-17 00:00:00,Josep Tarradellas Barcelona-El Prat Airport,33
2019-07-17 00:00:00,Paris-Orly Airport,12
2019-07-17 00:00:00,Copenhagen Kastrup Airport,6
2019-07-17 00:00:00,Dublin Airport,13
2019-07-16 00:00:00,London Heathrow Airport,74
2019-07-16 00:00:00,Charles de Gaulle International Airport,55
2019-07-16 00:00:00,Frankfurt am Main Airport,31
2019-07-16 00:00:00,Amsterdam Airport Schiphol,24
2019-07-16 00:00:00,Rome–Fiumicino Leonardo da Vinci International Airport,15
2019-07-16 00:00:00,Adolfo Suárez Madrid–Barajas Airport,21
2019-07-16 00:00:00,London Gatwick Airport,24
2019-07-16 00:00:00,Zürich Airport,12
2019-07-16 00:00:00,Munich Airport,10
2019-07-16 00:00:00,Brussels Airport,13
2019-07-16 00:00:00,Copenhagen Kastrup Airport,9
2019-07-16 00:00:00,Dublin Airport,10
2019-07-16 00:00:00,Humberto Delgado Airport (Lisbon Portela Airport),16
2019-07-16 00:00:00,Malpensa International Airport,11
2019-07-16 00:00:00,Manchester Airport,7
2019-07-16 00:00:00,Düsseldorf Airport,6
2019-07-16 00:00:00,Josep Tarradellas Barcelona-El Prat Airport,9
2019-07-16 00:00:00,Vienna International Airport,4
2019-07-16 00:00:00,Helsinki Vantaa Airport,5
2019-07-16 00:00:00,Paris-Orly Airport,6
2019-07-15 00:00:00,London Heathrow Airport,66
2019-07-15 00:00:00,Frankfurt am Main Airport,40
2019-07-15 00:00:00,Charles de Gaulle International Airport,31
2019-07-15 00:00:00,Amsterdam Airport Schiphol,20
2019-07-15 00:00:00,Munich Airport,15
2019-07-15 00:00:00,Vienna International Airport,14
2019-07-15 00:00:00,London Gatwick Airport,19
2019-07-15 00:00:00,Rome–Fiumicino Leonardo da Vinci International Airport,9
2019-07-15 00:00:00,Manchester Airport,15
2019-07-15 00:00:00,Adolfo Suárez Madrid–Barajas Airport,8
2019-07-15 00:00:00,Zürich Airport,6
2019-07-15 00:00:00,Copenhagen Kastrup Airport,9
2019-07-15 00:00:00,Malpensa International Airport,5
2019-07-15 00:00:00,Josep Tarradellas Barcelona-El Prat Airport,8
2019-07-15 00:00:00,Dublin Airport,14
2019-07-15 00:00:00,Brussels Airport,6
2019-07-15 00:00:00,Humberto Delgado Airport (Lisbon Portela Airport),10
2019-07-15 00:00:00,Helsinki Vantaa Airport,3
2019-07-15 00:00:00,Düsseldorf Airport,1
2019-07-15 00:00:00,Paris-Orly Airport,1
2019-07-14 00:00:00,London Heathrow Airport,39
2019-07-14 00:00:00,Charles de Gaulle International Airport,31
2019-07-14 00:00:00,Frankfurt am Main Airport,34
2019-07-14 00:00:00,Amsterdam Airport Schiphol,21
2019-07-14 00:00:00,Munich Airport,12
2019-07-14 00:00:00,Zürich Airport,11
2019-07-14 00:00:00,Copenhagen Kastrup Airport,12
2019-07-14 00:00:00,London Gatwick Airport,8
2019-07-14 00:00:00,Malpensa International Airport,6
2019-07-14 00:00:00,Rome–Fiumicino Leonardo da Vinci International Airport,6
2019-07-14 00:00:00,Düsseldorf Airport,6
2019-07-14 00:00:00,Manchester Airport,5
2019-07-14 00:00:00,Adolfo Suárez Madrid–Barajas Airport,6
2019-07-14 00:00:00,Vienna International Airport,4
2019-07-14 00:00:00,Dublin Airport,5
2019-07-14 00:00:00,Brussels Airport,5
2019-07-14 00:00:00,Josep Tarradellas Barcelona-El Prat Airport,3
2019-07-14 00:00:00,Helsinki Vantaa Airport,3
2019-07-14 00:00:00,Humberto Delgado Airport (Lisbon Portela Airport),2
2019-07-13 00:00:00,London Heathrow Airport,80
2019-07-13 00:00:00,Charles de Gaulle International Airport,31
2019-07-13 00:00:00,Frankfurt am Main Airport,33
2019-07-13 00:00:00,Amsterdam Airport Schiphol,26
2019-07-13 00:00:00,Munich Airport,13
2019-07-13 00:00:00,Adolfo Suárez Madrid–Barajas Airport,15
2019-07-13 00:00:00,Zürich Airport,8
2019-07-13 00:00:00,Dublin Airport,12
2019-07-13 00:00:00,Helsinki Vantaa Airport,10
2019-07-13 00:00:00,Vienna International Airport,9
2019-07-13 00:00:00,Rome–Fiumicino Leonardo da Vinci International Airport,6
2019-07-13 00:00:00,London Gatwick Airport,8
2019-07-13 00:00:00,Manchester Airport,6
2019-07-13 00:00:00,Josep Tarradellas Barcelona-El Prat Airport,7
2019-07-13 00:00:00,Brussels Airport,6
2019-07-13 00:00:00,Copenhagen Kastrup Airport,7
2019-07-13 00:00:00,Malpensa International Airport,4
2019-07-13 00:00:00,Düsseldorf Airport,5
2019-07-13 00:00:00,Paris-Orly Airport,1
2019-07-13 00:00:00,Humberto Delgado Airport (Lisbon Portela Airport),1
2019-07-12 00:00:00,London Heathrow Airport,36
2019-07-12 00:00:00,Frankfurt am Main Airport,21
2019-07-12 00:00:00,Amsterdam Airport Schiphol,20
2019-07-12 00:00:00,Charles de Gaulle International Airport,20
2019-07-12 00:00:00,Malpensa International Airport,12
2019-07-12 00:00:00,Munich Airport,11
2019-07-12 00:00:00,Brussels Airport,8
2019-07-12 00:00:00,Zürich Airport,6
2019-07-12 00:00:00,Vienna International Airport,10
2019-07-12 00:00:00,Rome–Fiumicino Leonardo da Vinci International Airport,5
2019-07-12 00:00:00,Copenhagen Kastrup Airport,6
2019-07-12 00:00:00,Manchester Airport,5
2019-07-12 00:00:00,Adolfo Suárez Madrid–Barajas Airport,2
2019-07-12 00:00:00,Helsinki Vantaa Airport,3
2019-07-12 00:00:00,Josep Tarradellas Barcelona-El Prat Airport,3
2019-07-12 00:00:00,Düsseldorf Airport,2
2019-07-12 00:00:00,Paris-Orly Airport,2
2019-07-12 00:00:00,London Gatwick Airport,1
2019-07-11 00:00:00,London Heathrow Airport,34
2019-07-11 00:00:00,Charles de Gaulle International Airport,25
2019-07-11 00:00:00,Frankfurt am Main Airport,21
2019-07-11 00:00:00,Amsterdam Airport Schiphol,14
2019-07-11 00:00:00,Zürich Airport,6
2019-07-11 00:00:00,Munich Airport,5
2019-07-11 00:00:00,Rome–Fiumicino Leonardo da Vinci International Airport,4
2019-07-11 00:00:00,Malpensa International Airport,4
2019-07-11 00:00:00,Brussels Airport,4
2019-07-11 00:00:00,Vienna International Airport,4
2019-07-11 00:00:00,Helsinki Vantaa Airport,4
2019-07-11 00:00:00,Adolfo Suárez Madrid–Barajas Airport,2
2019-07-11 00:00:00,Manchester Airport,4
2019-07-11 00:00:00,Humberto Delgado Airport (Lisbon Portela Airport),3
2019-07-11 00:00:00,London Gatwick Airport,5
2019-07-11 00:00:00,Dublin Airport,2
2019-07-11 00:00:00,Josep Tarradellas Barcelona-El Prat Airport,1
2019-07-10 00:00:00,Charles de Gaulle International Airport,21
2019-07-10 00:00:00,London Heathrow Airport,27
2019-07-10 00:00:00,Frankfurt am Main Airport,25
2019-07-10 00:00:00,Amsterdam Airport Schiphol,21
2019-07-10 00:00:00,Adolfo Suárez Madrid–Barajas Airport,9
2019-07-10 00:00:00,Munich Airport,7
2019-07-10 00:00:00,Copenhagen Kastrup Airport,7
2019-07-10 00:00:00,Vienna International Airport,4
2019-07-10 00:00:00,Rome–Fiumicino Leonardo da Vinci International Airport,4
2019-07-10 00:00:00,Zürich Airport,6
2019-07-10 00:00:00,Dublin Airport,16
2019-07-10 00:00:00,London Gatwick Airport,10
2019-07-10 00:00:00,Humberto Delgado Airport (Lisbon Portela Airport),9
2019-07-10 00:00:00,Brussels Airport,3
2019-07-10 00:00:00,Manchester Airport,5
2019-07-10 00:00:00,Malpensa International Airport,5
2019-07-10 00:00:00,Helsinki Vantaa Airport,3
2019-07-10 00:00:00,Paris-Orly Airport,2
2019-07-10 00:00:00,Josep Tarradellas Barcelona-El Prat Airport,11
2019-07-09 00:00:00,London Heathrow Airport,42
2019-07-09 00:00:00,Charles de Gaulle International Airport,28
2019-07-09 00:00:00,Amsterdam Airport Schiphol,21
2019-07-09 00:00:00,Frankfurt am Main Airport,22
2019-07-09 00:00:00,Adolfo Suárez Madrid–Barajas Airport,14
2019-07-09 00:00:00,Munich Airport,7
2019-07-09 00:00:00,Malpensa International Airport,5
2019-07-09 00:00:00,Brussels Airport,6
2019-07-09 00:00:00,Rome–Fiumicino Leonardo da Vinci International Airport,5
2019-07-09 00:00:00,London Gatwick Airport,8
2019-07-09 00:00:00,Josep Tarradellas Barcelona-El Prat Airport,8
2019-07-09 00:00:00,Zürich Airport,2
2019-07-09 00:00:00,Düsseldorf Airport,4
2019-07-09 00:00:00,Vienna International Airport,4
2019-07-09 00:00:00,Dublin Airport,8
2019-07-09 00:00:00,Copenhagen Kastrup Airport,1
2019-07-09 00:00:00,Humberto Delgado Airport (Lisbon Portela Airport),2
2019-07-09 00:00:00,Manchester Airport,3
2019-07-08 00:00:00,London Heathrow Airport,63
2019-07-08 00:00:00,Frankfurt am Main Airport,39
2019-07-08 00:00:00,Charles de Gaulle International Airport,35
2019-07-08 00:00:00,Amsterdam Airport Schiphol,27
2019-07-08 00:00:00,Munich Airport,19
2019-07-08 00:00:00,Adolfo Suárez Madrid–Barajas Airport,14
2019-07-08 00:00:00,London Gatwick Airport,17
2019-07-08 00:00:00,Rome–Fiumicino Leonardo da Vinci International Airport,12
2019-07-08 00:00:00,Manchester Airport,8
2019-07-08 00:00:00,Vienna International Airport,6
2019-07-08 00:00:00,Brussels Airport,9
2019-07-08 00:00:00,Humberto Delgado Airport (Lisbon Portela Airport),8
2019-07-08 00:00:00,Dublin Airport,8
2019-07-08 00:00:00,Zürich Airport,3
2019-07-08 00:00:00,Düsseldorf Airport,6
2019-07-08 00:00:00,Copenhagen Kastrup Airport,3
2019-07-08 00:00:00,Malpensa International Airport,3
2019-07-08 00:00:00,Josep Tarradellas Barcelona-El Prat Airport,6
2019-07-08 00:00:00,Helsinki Vantaa Airport,3
2019-07-08 00:00:00,Paris-Orly Airport,4
2019-07-07 00:00:00,London Heathrow Airport,83
2019-07-07 00:00:00,Charles de Gaulle International Airport,30
2019-07-07 00:00:00,Frankfurt am Main Airport,27
2019-07-07 00:00:00,Amsterdam Airport Schiphol,19
2019-07-07 00:00:00,Rome–Fiumicino Leonardo da Vinci International Airport,21
2019-07-07 00:00:00,Dublin Airport,30
2019-07-07 00:00:00,Zürich Airport,12
2019-07-07 00:00:00,London Gatwick Airport,17
2019-07-07 00:00:00,Adolfo Suárez Madrid–Barajas Airport,11
2019-07-07 00:00:00,Manchester Airport,11
2019-07-07 00:00:00,Munich Airport,9
2019-07-07 00:00:00,Düsseldorf Airport,7
2019-07-07 00:00:00,Malpensa International Airport,6
2019-07-07 00:00:00,Brussels Airport,7
2019-07-07 00:00:00,Josep Tarradellas Barcelona-El Prat Airport,7
2019-07-07 00:00:00,Paris-Orly Airport,5
2019-07-07 00:00:00,Copenhagen Kastrup Airport,6
2019-07-07 00:00:00,Vienna International Airport,2
2019-07-07 00:00:00,Helsinki Vantaa Airport,4
2019-07-07 00:00:00,Humberto Delgado Airport (Lisbon Portela Airport),3
2019-07-06 00:00:00,London Heathrow Airport,56
2019-07-06 00:00:00,Charles de Gaulle International Airport,20
2019-07-06 00:00:00,Frankfurt am Main Airport,10
2019-07-06 00:00:00,Adolfo Suárez Madrid–Barajas Airport,11
2019-07-06 00:00:00,London Gatwick Airport,9
2019-07-06 00:00:00,Amsterdam Airport Schiphol,8
2019-07-06 00:00:00,Munich Airport,10
2019-07-06 00:00:00,Josep Tarradellas Barcelona-El Prat Airport,7
2019-07-06 00:00:00,Rome–Fiumicino Leonardo da Vinci International Airport,5
2019-07-06 00:00:00,Dublin Airport,7
2019-07-06 00:00:00,Malpensa International Airport,4
2019-07-06 00:00:00,Manchester Airport,3
2019-07-06 00:00:00,Paris-Orly Airport,3
2019-07-06 00:00:00,Humberto Delgado Airport (Lisbon Portela Airport),5
2019-07-06 00:00:00,Brussels Airport,4
2019-07-06 00:00:00,Zürich Airport,3
2019-07-06 00:00:00,Düsseldorf Airport,2
2019-07-06 00:00:00,Helsinki Vantaa Airport,1
2019-07-06 00:00:00,Vienna International Airport,1
2019-07-05 00:00:00,London Heathrow Airport,39
2019-07-05 00:00:00,Amsterdam Airport Schiphol,23
2019-07-05 00:00:00,Charles de Gaulle International Airport,21
2019-07-05 00:00:00,Frankfurt am Main Airport,18
2019-07-05 00:00:00,Adolfo Suárez Madrid–Barajas Airport,19
2019-07-05 00:00:00,Munich Airport,8
2019-07-05 00:00:00,Rome–Fiumicino Leonardo da Vinci International Airport,9
2019-07-05 00:00:00,Humberto Delgado Airport (Lisbon Portela Airport),10
2019-07-05 00:00:00,Manchester Airport,7
2019-07-05 00:00:00,Malpensa International Airport,5
2019-07-05 00:00:00,Josep Tarradellas Barcelona-El Prat Airport,7
2019-07-05 00:00:00,London Gatwick Airport,6
2019-07-05 00:00:00,Dublin Airport,10
2019-07-05 00:00:00,Zürich Airport,3
2019-07-05 00:00:00,Brussels Airport,5
2019-07-05 00:00:00,Düsseldorf Airport,2
2019-07-05 00:00:00,Vienna International Airport,2
2019-07-05 00:00:00,Paris-Orly Airport,1
2019-07-05 00:00:00,Helsinki Vantaa Airport,1
2019-07-04 00:00:00,London Heathrow Airport,36
2019-07-04 00:00:00,Charles de Gaulle International Airport,20
2019-07-04 00:00:00,Adolfo Suárez Madrid–Barajas Airport,15
2019-07-04 00:00:00,Frankfurt am Main Airport,11
2019-07-04 00:00:00,Amsterdam Airport Schiphol,12
2019-07-04 00:00:00,Munich Airport,3
2019-07-04 00:00:00,Manchester Airport,7
2019-07-04 00:00:00,Malpensa International Airport,3
2019-07-04 00:00:00,Zürich Airport,2
2019-07-04 00:00:00,Dublin Airport,5
2019-07-04 00:00:00,Brussels Airport,4
2019-07-04 00:00:00,Helsinki Vantaa Airport,6
2019-07-04 00:00:00,Paris-Orly Airport,2
2019-07-04 00:00:00,Humberto Delgado Airport (Lisbon Portela Airport),3
2019-07-04 00:00:00,Vienna International Airport,2
2019-07-04 00:00:00,London Gatwick Airport,6
2019-07-04 00:00:00,Rome–Fiumicino Leonardo da Vinci International Airport,1
2019-07-04 00:00:00,Josep Tarradellas Barcelona-El Prat Airport,4
2019-07-04 00:00:00,Copenhagen Kastrup Airport,8
2019-07-03 00:00:00,London Heathrow Airport,63
2019-07-03 00:00:00,Frankfurt am Main Airport,29
2019-07-03 00:00:00,Amsterdam Airport Schiphol,23
2019-07-03 00:00:00,Charles de Gaulle International Airport,17
2019-07-03 00:00:00,Adolfo Suárez Madrid–Barajas Airport,16
2019-07-03 00:00:00,Dublin Airport,15
2019-07-03 00:00:00,Munich Airport,9
2019-07-03 00:00:00,Manchester Airport,11
2019-07-03 00:00:00,Brussels Airport,7
2019-07-03 00:00:00,Vienna International Airport,4
2019-07-03 00:00:00,Rome–Fiumicino Leonardo da Vinci International Airport,3
2019-07-03 00:00:00,Zürich Airport,2
2019-07-03 00:00:00,London Gatwick Airport,5
2019-07-03 00:00:00,Humberto Delgado Airport (Lisbon Portela Airport),12
2019-07-03 00:00:00,Malpensa International Airport,3
2019-07-03 00:00:00,Paris-Orly Airport,3
2019-07-03 00:00:00,Düsseldorf Airport,2
2019-07-03 00:00:00,Helsinki Vantaa Airport,1
2019-07-03 00:00:00,Copenhagen Kastrup Airport,1
2019-07-02 00:00:00,London Heathrow Airport,44
2019-07-02 00:00:00,Charles de Gaulle International Airport,27
2019-07-02 00:00:00,Adolfo Suárez Madrid–Barajas Airport,21
2019-07-02 00:00:00,London Gatwick Airport,16
2019-07-02 00:00:00,Amsterdam Airport Schiphol,11
2019-07-02 00:00:00,Rome–Fiumicino Leonardo da Vinci International Airport,10
2019-07-02 00:00:00,Munich Airport,6
2019-07-02 00:00:00,Frankfurt am Main Airport,8
2019-07-02 00:00:00,Malpensa International Airport,5
2019-07-02 00:00:00,Zürich Airport,6
2019-07-02 00:00:00,Josep Tarradellas Barcelona-El Prat Airport,5
2019-07-02 00:00:00,Brussels Airport,5
2019-07-02 00:00:00,Dublin Airport,5
2019-07-02 00:00:00,Humberto Delgado Airport (Lisbon Portela Airport),4
2019-07-02 00:00:00,Düsseldorf Airport,2
2019-07-02 00:00:00,Paris-Orly Airport,3
2019-07-02 00:00:00,Manchester Airport,1
2019-07-02 00:00:00,Helsinki Vantaa Airport,2
2019-07-02 00:00:00,Vienna International Airport,1
2019-07-01 00:00:00,London Heathrow Airport,30
2019-07-01 00:00:00,Frankfurt am Main Airport,22
2019-07-01 00:00:00,Amsterdam Airport Schiphol,18
2019-07-01 00:00:00,Charles de Gaulle International Airport,11
2019-07-01 00:00:00,Adolfo Suárez Madrid–Barajas Airport,11
2019-07-01 00:00:00,Rome–Fiumicino Leonardo da Vinci International Airport,11
2019-07-01 00:00:00,Munich Airport,7
2019-07-01 00:00:00,Malpensa International Airport,7
2019-07-01 00:00:00,Zürich Airport,6
2019-07-01 00:00:00,London Gatwick Airport,7
2019-07-01 00:00:00,Dublin Airport,10
2019-07-01 00:00:00,Josep Tarradellas Barcelona-El Prat Airport,5
2019-07-01 00:00:00,Vienna International Airport,5
2019-07-01 00:00:00,Humberto Delgado Airport (Lisbon Portela Airport),4
2019-07-01 00:00:00,Brussels Airport,3
2019-07-01 00:00:00,Helsinki Vantaa Airport,5
2019-07-01 00:00:00,Copenhagen Kastrup Airport,6
2019-07-01 00:00:00,Manchester Airport,4
2019-07-01 00:00:00,Düsseldorf Airport,4
2019-06-30 00:00:00,London Heathrow Airport,38
2019-06-30 00:00:00,Charles de Gaulle International Airport,21
2019-06-30 00:00:00,Adolfo Suárez Madrid–Barajas Airport,21
2019-06-30 00:00:00,Frankfurt am Main Airport,17
2019-06-30 00:00:00,Amsterdam Airport Schiphol,17
2019-06-30 00:00:00,Rome–Fiumicino Leonardo da Vinci International Airport,10
2019-06-30 00:00:00,Zürich Airport,8
2019-06-30 00:00:00,Düsseldorf Airport,7
2019-06-30 00:00:00,Munich Airport,6
2019-06-30 00:00:00,London Gatwick Airport,5
2019-06-30 00:00:00,Manchester Airport,5
2019-06-30 00:00:00,Dublin Airport,7
2019-06-30 00:00:00,Malpensa International Airport,4
2019-06-30 00:00:00,Vienna International Airport,3
2019-06-30 00:00:00,Josep Tarradellas Barcelona-El Prat Airport,2
2019-06-30 00:00:00,Brussels Airport,2
2019-06-30 00:00:00,Copenhagen Kastrup Airport,1
2019-06-30 00:00:00,Humberto Delgado Airport (Lisbon Portela Airport),2
2019-06-30 00:00:00,Helsinki Vantaa Airport,1
2019-06-30 00:00:00,Paris-Orly Airport,1
2019-06-29 00:00:00,Frankfurt am Main Airport,27
2019-06-29 00:00:00,Charles de Gaulle International Airport,17
2019-06-29 00:00:00,London Heathrow Airport,18
2019-06-29 00:00:00,Amsterdam Airport Schiphol,17
2019-06-29 00:00:00,Adolfo Suárez Madrid–Barajas Airport,10
2019-06-29 00:00:00,Munich Airport,5
2019-06-29 00:00:00,Manchester Airport,6
2019-06-29 00:00:00,Vienna International Airport,4
2019-06-29 00:00:00,Rome–Fiumicino Leonardo da Vinci International Airport,4
2019-06-29 00:00:00,London Gatwick Airport,4
2019-06-29 00:00:00,Malpensa International Airport,3
2019-06-29 00:00:00,Zürich Airport,1
2019-06-29 00:00:00,Josep Tarradellas Barcelona-El Prat Airport,3
2019-06-29 00:00:00,Brussels Airport,2
2019-06-29 00:00:00,Helsinki Vantaa Airport,3
2019-06-29 00:00:00,Dublin Airport,2
2019-06-29 00:00:00,Copenhagen Kastrup Airport,1
2019-06-29 00:00:00,Düsseldorf Airport,1
2019-06-29 00:00:00,Paris-Orly Airport,1
2019-06-28 00:00:00,London Heathrow Airport,24
2019-06-28 00:00:00,Adolfo Suárez Madrid–Barajas Airport,17
2019-06-28 00:00:00,Frankfurt am Main Airport,11
2019-06-28 00:00:00,Amsterdam Airport Schiphol,13
2019-06-28 00:00:00,Charles de Gaulle International Airport,13
2019-06-28 00:00:00,Rome–Fiumicino Leonardo da Vinci International Airport,6
2019-06-28 00:00:00,Josep Tarradellas Barcelona-El Prat Airport,8
2019-06-28 00:00:00,London Gatwick Airport,4
2019-06-28 00:00:00,Copenhagen Kastrup Airport,6
2019-06-28 00:00:00,Manchester Airport,3
2019-06-28 00:00:00,Munich Airport,4
2019-06-28 00:00:00,Düsseldorf Airport,3
2019-06-28 00:00:00,Vienna International Airport,2
2019-06-28 00:00:00,Brussels Airport,3
2019-06-28 00:00:00,Zürich Airport,3
2019-06-28 00:00:00,Paris-Orly Airport,1
2019-06-28 00:00:00,Malpensa International Airport,1
2019-06-28 00:00:00,Humberto Delgado Airport (Lisbon Portela Airport),2
2019-06-28 00:00:00,Dublin Airport,1
2019-06-27 00:00:00,London Heathrow Airport,27
2019-06-27 00:00:00,Frankfurt am Main Airport,21
2019-06-27 00:00:00,Charles de Gaulle International Airport,17
2019-06-27 00:00:00,Adolfo Suárez Madrid–Barajas Airport,14
2019-06-27 00:00:00,Amsterdam Airport Schiphol,11
2019-06-27 00:00:00,London Gatwick Airport,10
2019-06-27 00:00:00,Rome–Fiumicino Leonardo da Vinci International Airport,8
2019-06-27 00:00:00,Zürich Airport,6
2019-06-27 00:00:00,Humberto Delgado Airport (Lisbon Portela Airport),14
2019-06-27 00:00:00,Josep Tarradellas Barcelona-El Prat Airport,7
2019-06-27 00:00:00,Copenhagen Kastrup Airport,6
2019-06-27 00:00:00,Brussels Airport,3
2019-06-27 00:00:00,Manchester Airport,3
2019-06-27 00:00:00,Malpensa International Airport,2
2019-06-27 00:00:00,Vienna International Airport,3
2019-06-27 00:00:00,Munich Airport,2
2019-06-27 00:00:00,Düsseldorf Airport,1
2019-06-26 00:00:00,London Heathrow Airport,25
2019-06-26 00:00:00,Frankfurt am Main Airport,22
2019-06-26 00:00:00,Charles de Gaulle International Airport,20
2019-06-26 00:00:00,Amsterdam Airport Schiphol,11
2019-06-26 00:00:00,Munich Airport,6
2019-06-26 00:00:00,Malpensa International Airport,5
2019-06-26 00:00:00,Zürich Airport,5
2019-06-26 00:00:00,Adolfo Suárez Madrid–Barajas Airport,4
2019-06-26 00:00:00,Rome–Fiumicino Leonardo da Vinci International Airport,6
2019-06-26 00:00:00,Josep Tarradellas Barcelona-El Prat Airport,4
2019-06-26 00:00:00,Brussels Airport,3
2019-06-26 00:00:00,Manchester Airport,2
2019-06-26 00:00:00,Copenhagen Kastrup Airport,3
2019-06-26 00:00:00,Humberto Delgado Airport (Lisbon Portela Airport),3
2019-06-26 00:00:00,Vienna International Airport,3
2019-06-26 00:00:00,London Gatwick Airport,2
2019-06-26 00:00:00,Dublin Airport,2
2019-06-26 00:00:00,Paris-Orly Airport,1
2019-06-26 00:00:00,Helsinki Vantaa Airport,1
2019-06-25 00:00:00,London Heathrow Airport,46
2019-06-25 00:00:00,Frankfurt am Main Airport,36
2019-06-25 00:00:00,Charles de Gaulle International Airport,24
2019-06-25 00:00:00,Munich Airport,23
2019-06-25 00:00:00,Amsterdam Airport Schiphol,23
2019-06-25 00:00:00,Adolfo Suárez Madrid–Barajas Airport,17
2019-06-25 00:00:00,Zürich Airport,10
2019-06-25 00:00:00,Manchester Airport,19
2019-06-25 00:00:00,Brussels Airport,13
2019-06-25 00:00:00,Rome–Fiumicino Leonardo da Vinci International Airport,9
2019-06-25 00:00:00,London Gatwick Airport,14
2019-06-25 00:00:00,Malpensa International Airport,8
2019-06-25 00:00:00,Vienna International Airport,12
2019-06-25 00:00:00,Düsseldorf Airport,10
2019-06-25 00:00:00,Copenhagen Kastrup Airport,25
2019-06-25 00:00:00,Helsinki Vantaa Airport,22
2019-06-25 00:00:00,Dublin Airport,13
2019-06-25 00:00:00,Paris-Orly Airport,4
2019-06-25 00:00:00,Josep Tarradellas Barcelona-El Prat Airport,9
2019-06-25 00:00:00,Humberto Delgado Airport (Lisbon Portela Airport),5
2019-06-24 00:00:00,London Heathrow Airport,72
2019-06-24 00:00:00,Charles de Gaulle International Airport,44
2019-06-24 00:00:00,Frankfurt am Main Airport,34
2019-06-24 00:00:00,Adolfo Suárez Madrid–Barajas Airport,32
2019-06-24 00:00:00,Amsterdam Airport Schiphol,39
2019-06-24 00:00:00,Rome–Fiumicino Leonardo da Vinci International Airport,24
2019-06-24 00:00:00,Munich Airport,18
2019-06-24 00:00:00,Humberto Delgado Airport (Lisbon Portela Airport),29
2019-06-24 00:00:00,Zürich Airport,12
2019-06-24 00:00:00,Dublin Airport,32
2019-06-24 00:00:00,London Gatwick Airport,44
2019-06-24 00:00:00,Manchester Airport,22
2019-06-24 00:00:00,Malpensa International Airport,11
2019-06-24 00:00:00,Josep Tarradellas Barcelona-El Prat Airport,28
2019-06-24 00:00:00,Vienna International Airport,8
2019-06-24 00:00:00,Brussels Airport,23
2019-06-24 00:00:00,Copenhagen Kastrup Airport,22
2019-06-24 00:00:00,Helsinki Vantaa Airport,9
2019-06-24 00:00:00,Paris-Orly Airport,9
2019-06-24 00:00:00,Düsseldorf Airport,3
2019-06-23 00:00:00,London Heathrow Airport,75
2019-06-23 00:00:00,Charles de Gaulle International Airport,50
2019-06-23 00:00:00,Adolfo Suárez Madrid–Barajas Airport,48
2019-06-23 00:00:00,Frankfurt am Main Airport,37
2019-06-23 00:00:00,Amsterdam Airport Schiphol,44
2019-06-23 00:00:00,Rome–Fiumicino Leonardo da Vinci International Airport,15
2019-06-23 00:00:00,Humberto Delgado Airport (Lisbon Portela Airport),67
2019-06-23 00:00:00,Munich Airport,22
2019-06-23 00:00:00,Malpensa International Airport,20
2019-06-23 00:00:00,Josep Tarradellas Barcelona-El Prat Airport,47
2019-06-23 00:00:00,London Gatwick Airport,56
2019-06-23 00:00:00,Dublin Airport,50
2019-06-23 00:00:00,Paris-Orly Airport,23
2019-06-23 00:00:00,Manchester Airport,37
2019-06-23 00:00:00,Düsseldorf Airport,13
2019-06-23 00:00:00,Brussels Airport,19
2019-06-23 00:00:00,Vienna International Airport,10
2019-06-23 00:00:00,Copenhagen Kastrup Airport,23
2019-06-23 00:00:00,Zürich Airport,7
2019-06-23 00:00:00,Helsinki Vantaa Airport,12
2019-06-22 00:00:00,London Heathrow Airport,61
2019-06-22 00:00:00,Frankfurt am Main Airport,58
2019-06-22 00:00:00,Charles de Gaulle International Airport,34
2019-06-22 00:00:00,Amsterdam Airport Schiphol,32
2019-06-22 00:00:00,Adolfo Suárez Madrid–Barajas Airport,36
2019-06-22 00:00:00,London Gatwick Airport,52
2019-06-22 00:00:00,Munich Airport,19
2019-06-22 00:00:00,Humberto Delgado Airport (Lisbon Portela Airport),54
2019-06-22 00:00:00,Malpensa International Airport,11
2019-06-22 00:00:00,Zürich Airport,13
2019-06-22 00:00:00,Vienna International Airport,16
2019-06-22 00:00:00,Brussels Airport,21
2019-06-22 00:00:00,Manchester Airport,25
2019-06-22 00:00:00,Dublin Airport,29
2019-06-22 00:00:00,Josep Tarradellas Barcelona-El Prat Airport,28
2019-06-22 00:00:00,Rome–Fiumicino Leonardo da Vinci International Airport,13
2019-06-22 00:00:00,Paris-Orly Airport,17
2019-06-22 00:00:00,Copenhagen Kastrup Airport,17
2019-06-22 00:00:00,Düsseldorf Airport,13
2019-06-22 00:00:00,Helsinki Vantaa Airport,9
2019-06-21 00:00:00,London Heathrow Airport,48
2019-06-21 00:00:00,Frankfurt am Main Airport,39
2019-06-21 00:00:00,Charles de Gaulle International Airport,42
2019-06-21 00:00:00,Adolfo Suárez Madrid–Barajas Airport,32
2019-06-21 00:00:00,Amsterdam Airport Schiphol,20
2019-06-21 00:00:00,Rome–Fiumicino Leonardo da Vinci International Airport,35
2019-06-21 00:00:00,Munich Airport,17
2019-06-21 00:00:00,London Gatwick Airport,16
2019-06-21 00:00:00,Josep Tarradellas Barcelona-El Prat Airport,23
2019-06-21 00:00:00,Malpensa International Airport,7
2019-06-21 00:00:00,Copenhagen Kastrup Airport,10
2019-06-21 00:00:00,Zürich Airport,8
2019-06-21 00:00:00,Düsseldorf Airport,9
2019-06-21 00:00:00,Humberto Delgado Airport (Lisbon Portela Airport),17
2019-06-21 00:00:00,Vienna International Airport,9
2019-06-21 00:00:00,Manchester Airport,6
2019-06-21 00:00:00,Dublin Airport,5
2019-06-21 00:00:00,Paris-Orly Airport,11
2019-06-21 00:00:00,Helsinki Vantaa Airport,6
2019-06-21 00:00:00,Brussels Airport,6
2019-06-20 00:00:00,Frankfurt am Main Airport,38
2019-06-20 00:00:00,London Heathrow Airport,42
2019-06-20 00:00:00,Charles de Gaulle International Airport,24
2019-06-20 00:00:00,Amsterdam Airport Schiphol,25
2019-06-20 00:00:00,Adolfo Suárez Madrid–Barajas Airport,17
2019-06-20 00:00:00,Munich Airport,13
2019-06-20 00:00:00,Rome–Fiumicino Leonardo da Vinci International Airport,12
2019-06-20 00:00:00,Zürich Airport,7
2019-06-20 00:00:00,London Gatwick Airport,9
2019-06-20 00:00:00,Malpensa International Airport,5
2019-06-20 00:00:00,Vienna International Airport,8
2019-06-20 00:00:00,Copenhagen Kastrup Airport,5
2019-06-20 00:00:00,Dublin Airport,7
2019-06-20 00:00:00,Manchester Airport,6
2019-06-20 00:00:00,Brussels Airport,5
2019-06-20 00:00:00,Paris-Orly Airport,3
2019-06-20 00:00:00,Helsinki Vantaa Airport,6
2019-06-20 00:00:00,Josep Tarradellas Barcelona-El Prat Airport,7
2019-06-20 00:00:00,Humberto Delgado Airport (Lisbon Portela Airport),1
2019-06-19 00:00:00,London Heathrow Airport,83
2019-06-19 00:00:00,Frankfurt am Main Airport,47
2019-06-19 00:00:00,Charles de Gaulle International Airport,49
2019-06-19 00:00:00,Amsterdam Airport Schiphol,20
2019-06-19 00:00:00,Rome–Fiumicino Leonardo da Vinci International Airport,20
2019-06-19 00:00:00,Munich Airport,20
2019-06-19 00:00:00,Malpensa International Airport,12
2019-06-19 00:00:00,Adolfo Suárez Madrid–Barajas Airport,13
2019-06-19 00:00:00,London Gatwick Airport,15
2019-06-19 00:00:00,Josep Tarradellas Barcelona-El Prat Airport,21
2019-06-19 00:00:00,Zürich Airport,12
2019-06-19 00:00:00,Dublin Airport,12
2019-06-19 00:00:00,Vienna International Airport,18
2019-06-19 00:00:00,Düsseldorf Airport,9
2019-06-19 00:00:00,Manchester Airport,8
2019-06-19 00:00:00,Paris-Orly Airport,6
2019-06-19 00:00:00,Helsinki Vantaa Airport,14
2019-06-19 00:00:00,Humberto Delgado Airport (Lisbon Portela Airport),5
2019-06-19 00:00:00,Copenhagen Kastrup Airport,4
2019-06-19 00:00:00,Brussels Airport,6
2019-06-18 00:00:00,London Heathrow Airport,62
2019-06-18 00:00:00,Charles de Gaulle International Airport,27
2019-06-18 00:00:00,Adolfo Suárez Madrid–Barajas Airport,20
2019-06-18 00:00:00,Frankfurt am Main Airport,29
2019-06-18 00:00:00,Munich Airport,20
2019-06-18 00:00:00,Amsterdam Airport Schiphol,14
2019-06-18 00:00:00,London Gatwick Airport,12
2019-06-18 00:00:00,Zürich Airport,10
2019-06-18 00:00:00,Malpensa International Airport,10
2019-06-18 00:00:00,Brussels Airport,12
2019-06-18 00:00:00,Josep Tarradellas Barcelona-El Prat Airport,13
2019-06-18 00:00:00,Vienna International Airport,13
2019-06-18 00:00:00,Rome–Fiumicino Leonardo da Vinci International Airport,10
2019-06-18 00:00:00,Manchester Airport,10
2019-06-18 00:00:00,Copenhagen Kastrup Airport,15
2019-06-18 00:00:00,Düsseldorf Airport,7
2019-06-18 00:00:00,Dublin Airport,7
2019-06-18 00:00:00,Helsinki Vantaa Airport,11
2019-06-18 00:00:00,Humberto Delgado Airport (Lisbon Portela Airport),2
2019-06-18 00:00:00,Paris-Orly Airport,2
2019-06-17 00:00:00,London Heathrow Airport,86
2019-06-17 00:00:00,Amsterdam Airport Schiphol,43
2019-06-17 00:00:00,Charles de Gaulle International Airport,33
2019-06-17 00:00:00,Frankfurt am Main Airport,42
2019-06-17 00:00:00,Adolfo Suárez Madrid–Barajas Airport,21
2019-06-17 00:00:00,Rome–Fiumicino Leonardo da Vinci International Airport,17
2019-06-17 00:00:00,London Gatwick Airport,31
2019-06-17 00:00:00,Zürich Airport,18
2019-06-17 00:00:00,Munich Airport,25
2019-06-17 00:00:00,Manchester Airport,20
2019-06-17 00:00:00,Malpensa International Airport,14
2019-06-17 00:00:00,Copenhagen Kastrup Airport,8
2019-06-17 00:00:00,Brussels Airport,14
2019-06-17 00:00:00,Dublin Airport,7
2019-06-17 00:00:00,Josep Tarradellas Barcelona-El Prat Airport,19
2019-06-17 00:00:00,Vienna International Airport,11
2019-06-17 00:00:00,Helsinki Vantaa Airport,10
2019-06-17 00:00:00,Humberto Delgado Airport (Lisbon Portela Airport),16
2019-06-17 00:00:00,Düsseldorf Airport,12
2019-06-17 00:00:00,Paris-Orly Airport,2
2019-06-16 00:00:00,London Heathrow Airport,36
2019-06-16 00:00:00,Charles de Gaulle International Airport,29
2019-06-16 00:00:00,Adolfo Suárez Madrid–Barajas Airport,24
2019-06-16 00:00:00,Amsterdam Airport Schiphol,15
2019-06-16 00:00:00,Munich Airport,14
2019-06-16 00:00:00,Frankfurt am Main Airport,18
2019-06-16 00:00:00,Rome–Fiumicino Leonardo da Vinci International Airport,17
2019-06-16 00:00:00,Zürich Airport,6
2019-06-16 00:00:00,Josep Tarradellas Barcelona-El Prat Airport,13
2019-06-16 00:00:00,Malpensa International Airport,5
2019-06-16 00:00:00,Humberto Delgado Airport (Lisbon Portela Airport),10
2019-06-16 00:00:00,Düsseldorf Airport,4
2019-06-16 00:00:00,Manchester Airport,4
2019-06-16 00:00:00,Paris-Orly Airport,4
2019-06-16 00:00:00,London Gatwick Airport,5
2019-06-16 00:00:00,Copenhagen Kastrup Airport,11
2019-06-16 00:00:00,Dublin Airport,2
2019-06-16 00:00:00,Vienna International Airport,4
2019-06-16 00:00:00,Brussels Airport,4
2019-06-16 00:00:00,Helsinki Vantaa Airport,5
2019-06-15 00:00:00,London Heathrow Airport,26
2019-06-15 00:00:00,Charles de Gaulle International Airport,14
2019-06-15 00:00:00,Adolfo Suárez Madrid–Barajas Airport,12
2019-06-15 00:00:00,Frankfurt am Main Airport,21
2019-06-15 00:00:00,Amsterdam Airport Schiphol,10
2019-06-15 00:00:00,Rome–Fiumicino Leonardo da Vinci International Airport,10
2019-06-15 00:00:00,Munich Airport,10
2019-06-15 00:00:00,London Gatwick Airport,8
2019-06-15 00:00:00,Malpensa International Airport,8
2019-06-15 00:00:00,Vienna International Airport,8
2019-06-15 00:00:00,Humberto Delgado Airport (Lisbon Portela Airport),7
2019-06-15 00:00:00,Paris-Orly Airport,2
2019-06-15 00:00:00,Manchester Airport,5
2019-06-15 00:00:00,Copenhagen Kastrup Airport,8
2019-06-15 00:00:00,Dublin Airport,4
2019-06-15 00:00:00,Josep Tarradellas Barcelona-El Prat Airport,5
2019-06-15 00:00:00,Helsinki Vantaa Airport,4
2019-06-15 00:00:00,Düsseldorf Airport,2
2019-06-15 00:00:00,Brussels Airport,1
2019-06-15 00:00:00,Zürich Airport,1
2019-06-14 00:00:00,London Heathrow Airport,27
2019-06-14 00:00:00,Frankfurt am Main Airport,20
2019-06-14 00:00:00,Adolfo Suárez Madrid–Barajas Airport,19
2019-06-14 00:00:00,Charles de Gaulle International Airport,14
2019-06-14 00:00:00,London Gatwick Airport,10
2019-06-14 00:00:00,Rome–Fiumicino Leonardo da Vinci International Airport,7
2019-06-14 00:00:00,Malpensa International Airport,6
2019-06-14 00:00:00,Munich Airport,5
2019-06-14 00:00:00,Amsterdam Airport Schiphol,6
2019-06-14 00:00:00,Zürich Airport,2
2019-06-14 00:00:00,Humberto Delgado Airport (Lisbon Portela Airport),5
2019-06-14 00:00:00,Düsseldorf Airport,7
2019-06-14 00:00:00,Paris-Orly Airport,4
2019-06-14 00:00:00,Manchester Airport,5
2019-06-14 00:00:00,Vienna International Airport,3
2019-06-14 00:00:00,Brussels Airport,4
2019-06-14 00:00:00,Josep Tarradellas Barcelona-El Prat Airport,6
2019-06-14 00:00:00,Helsinki Vantaa Airport,1
2019-06-14 00:00:00,Copenhagen Kastrup Airport,1
2019-06-13 00:00:00,London Heathrow Airport,51
2019-06-13 00:00:00,Charles de Gaulle International Airport,30
2019-06-13 00:00:00,Adolfo Suárez Madrid–Barajas Airport,28
2019-06-13 00:00:00,Frankfurt am Main Airport,18
2019-06-13 00:00:00,Amsterdam Airport Schiphol,22
2019-06-13 00:00:00,Munich Airport,7
2019-06-13 00:00:00,Rome–Fiumicino Leonardo da Vinci International Airport,8
2019-06-13 00:00:00,Malpensa International Airport,7
2019-06-13 00:00:00,London Gatwick Airport,10
2019-06-13 00:00:00,Manchester Airport,5
2019-06-13 00:00:00,Dublin Airport,7
2019-06-13 00:00:00,Zürich Airport,6
2019-06-13 00:00:00,Josep Tarradellas Barcelona-El Prat Airport,11
2019-06-13 00:00:00,Brussels Airport,2
2019-06-13 00:00:00,Helsinki Vantaa Airport,4
2019-06-13 00:00:00,Vienna International Airport,3
2019-06-13 00:00:00,Humberto Delgado Airport (Lisbon Portela Airport),5
2019-06-13 00:00:00,Düsseldorf Airport,3
2019-06-13 00:00:00,Copenhagen Kastrup Airport,2
2019-06-13 00:00:00,Paris-Orly Airport,1
2019-06-12 00:00:00,Charles de Gaulle International Airport,18
2019-06-12 00:00:00,Amsterdam Airport Schiphol,22
2019-06-12 00:00:00,London Heathrow Airport,23
2019-06-12 00:00:00,Frankfurt am Main Airport,23
2019-06-12 00:00:00,Adolfo Suárez Madrid–Barajas Airport,21
2019-06-12 00:00:00,Rome–Fiumicino Leonardo da Vinci International Airport,6
2019-06-12 00:00:00,Munich Airport,8
2019-06-12 00:00:00,London Gatwick Airport,9
2019-06-12 00:00:00,Manchester Airport,8
2019-06-12 00:00:00,Malpensa International Airport,4
2019-06-12 00:00:00,Humberto Delgado Airport (Lisbon Portela Airport),4
2019-06-12 00:00:00,Brussels Airport,5
2019-06-12 00:00:00,Zürich Airport,5
2019-06-12 00:00:00,Josep Tarradellas Barcelona-El Prat Airport,6
2019-06-12 00:00:00,Helsinki Vantaa Airport,5
2019-06-12 00:00:00,Dublin Airport,3
2019-06-12 00:00:00,Düsseldorf Airport,2
2019-06-12 00:00:00,Vienna International Airport,3
2019-06-12 00:00:00,Paris-Orly Airport,1
2019-06-12 00:00:00,Copenhagen Kastrup Airport,3
2019-06-11 00:00:00,London Heathrow Airport,81
2019-06-11 00:00:00,Frankfurt am Main Airport,53
2019-06-11 00:00:00,Charles de Gaulle International Airport,45
2019-06-11 00:00:00,Amsterdam Airport Schiphol,32
2019-06-11 00:00:00,Munich Airport,23
2019-06-11 00:00:00,Rome–Fiumicino Leonardo da Vinci International Airport,13
2019-06-11 00:00:00,Dublin Airport,17
2019-06-11 00:00:00,Adolfo Suárez Madrid–Barajas Airport,11
2019-06-11 00:00:00,Zürich Airport,11
2019-06-11 00:00:00,Brussels Airport,14
2019-06-11 00:00:00,Manchester Airport,14
2019-06-11 00:00:00,London Gatwick Airport,11
2019-06-11 00:00:00,Malpensa International Airport,8
2019-06-11 00:00:00,Josep Tarradellas Barcelona-El Prat Airport,5
2019-06-11 00:00:00,Copenhagen Kastrup Airport,7
2019-06-11 00:00:00,Helsinki Vantaa Airport,8
2019-06-11 00:00:00,Vienna International Airport,3
2019-06-11 00:00:00,Humberto Delgado Airport (Lisbon Portela Airport),3
2019-06-11 00:00:00,Düsseldorf Airport,4
2019-06-10 00:00:00,London Heathrow Airport,69
2019-06-10 00:00:00,Charles de Gaulle International Airport,33
2019-06-10 00:00:00,Frankfurt am Main Airport,32
2019-06-10 00:00:00,Adolfo Suárez Madrid–Barajas Airport,31
2019-06-10 00:00:00,Amsterdam Airport Schiphol,23
2019-06-10 00:00:00,Rome–Fiumicino Leonardo da Vinci International Airport,20
2019-06-10 00:00:00,Munich Airport,18
2019-06-10 00:00:00,London Gatwick Airport,14
2019-06-10 00:00:00,Malpensa International Airport,11
2019-06-10 00:00:00,Zürich Airport,10
2019-06-10 00:00:00,Manchester Airport,10
2019-06-10 00:00:00,Copenhagen Kastrup Airport,14
2019-06-10 00:00:00,Dublin Airport,7
2019-06-10 00:00:00,Paris-Orly Airport,4
2019-06-10 00:00:00,Josep Tarradellas Barcelona-El Prat Airport,8
2019-06-10 00:00:00,Vienna International Airport,5
2019-06-10 00:00:00,Brussels Airport,6
2019-06-10 00:00:00,Humberto Delgado Airport (Lisbon Portela Airport),4
2019-06-10 00:00:00,Düsseldorf Airport,7
2019-06-10 00:00:00,Helsinki Vantaa Airport,4
2019-06-09 00:00:00,London Heathrow Airport,44
2019-06-09 00:00:00,Frankfurt am Main Airport,31
2019-06-09 00:00:00,Adolfo Suárez Madrid–Barajas Airport,30
2019-06-09 00:00:00,Charles de Gaulle International Airport,37
2019-06-09 00:00:00,Amsterdam Airport Schiphol,19
2019-06-09 00:00:00,Rome–Fiumicino Leonardo da Vinci International Airport,23
2019-06-09 00:00:00,Munich Airport,9
2019-06-09 00:00:00,Josep Tarradellas Barcelona-El Prat Airport,28
2019-06-09 00:00:00,London Gatwick Airport,14
2019-06-09 00:00:00,Manchester Airport,12
2019-06-09 00:00:00,Brussels Airport,11
2019-06-09 00:00:00,Zürich Airport,7
2019-06-09 00:00:00,Vienna International Airport,5
2019-06-09 00:00:00,Humberto Delgado Airport (Lisbon Portela Airport),8
2019-06-09 00:00:00,Düsseldorf Airport,4
2019-06-09 00:00:00,Paris-Orly Airport,6
2019-06-09 00:00:00,Malpensa International Airport,6
2019-06-09 00:00:00,Helsinki Vantaa Airport,5
2019-06-09 00:00:00,Dublin Airport,3
2019-06-09 00:00:00,Copenhagen Kastrup Airport,6
2019-06-08 00:00:00,London Heathrow Airport,31
2019-06-08 00:00:00,Charles de Gaulle International Airport,21
2019-06-08 00:00:00,Frankfurt am Main Airport,18
2019-06-08 00:00:00,Adolfo Suárez Madrid–Barajas Airport,18
2019-06-08 00:00:00,Amsterdam Airport Schiphol,9
2019-06-08 00:00:00,Zürich Airport,7
2019-06-08 00:00:00,Malpensa International Airport,7
2019-06-08 00:00:00,Paris-Orly Airport,6
2019-06-08 00:00:00,London Gatwick Airport,6
2019-06-08 00:00:00,Humberto Delgado Airport (Lisbon Portela Airport),11
2019-06-08 00:00:00,Vienna International Airport,4
2019-06-08 00:00:00,Helsinki Vantaa Airport,4
2019-06-08 00:00:00,Rome–Fiumicino Leonardo da Vinci International Airport,3
2019-06-08 00:00:00,Manchester Airport,4
2019-06-08 00:00:00,Copenhagen Kastrup Airport,3
2019-06-08 00:00:00,Munich Airport,2
2019-06-08 00:00:00,Josep Tarradellas Barcelona-El Prat Airport,6
2019-06-08 00:00:00,Brussels Airport,5
2019-06-08 00:00:00,Dublin Airport,2
2019-06-08 00:00:00,Düsseldorf Airport,2
2019-06-07 00:00:00,London Heathrow Airport,24
2019-06-07 00:00:00,Adolfo Suárez Madrid–Barajas Airport,21
2019-06-07 00:00:00,Frankfurt am Main Airport,13
2019-06-07 00:00:00,Charles de Gaulle International Airport,12
2019-06-07 00:00:00,Amsterdam Airport Schiphol,9
2019-06-07 00:00:00,Josep Tarradellas Barcelona-El Prat Airport,12
2019-06-07 00:00:00,London Gatwick Airport,11
2019-06-07 00:00:00,Rome–Fiumicino Leonardo da Vinci International Airport,7
2019-06-07 00:00:00,Humberto Delgado Airport (Lisbon Portela Airport),11
2019-06-07 00:00:00,Manchester Airport,6
2019-06-07 00:00:00,Zürich Airport,3
2019-06-07 00:00:00,Düsseldorf Airport,5
2019-06-07 00:00:00,Munich Airport,4
2019-06-07 00:00:00,Malpensa International Airport,3
2019-06-07 00:00:00,Copenhagen Kastrup Airport,1
2019-06-07 00:00:00,Helsinki Vantaa Airport,2
2019-06-07 00:00:00,Vienna International Airport,1
2019-06-07 00:00:00,Paris-Orly Airport,1
2019-06-06 00:00:00,London Heathrow Airport,36
2019-06-06 00:00:00,Frankfurt am Main Airport,27
2019-06-06 00:00:00,Charles de Gaulle International Airport,20
2019-06-06 00:00:00,Adolfo Suárez Madrid–Barajas Airport,21
2019-06-06 00:00:00,Amsterdam Airport Schiphol,13
2019-06-06 00:00:00,Rome–Fiumicino Leonardo da Vinci International Airport,5
2019-06-06 00:00:00,Josep Tarradellas Barcelona-El Prat Airport,14
2019-06-06 00:00:00,Malpensa International Airport,3
2019-06-06 00:00:00,Copenhagen Kastrup Airport,5
2019-06-06 00:00:00,Paris-Orly Airport,3
2019-06-06 00:00:00,London Gatwick Airport,7
2019-06-06 00:00:00,Vienna International Airport,3
2019-06-06 00:00:00,Zürich Airport,1
2019-06-06 00:00:00,Manchester Airport,2
2019-06-06 00:00:00,Humberto Delgado Airport (Lisbon Portela Airport),5
2019-06-06 00:00:00,Brussels Airport,4
2019-06-06 00:00:00,Munich Airport,2
2019-06-06 00:00:00,Düsseldorf Airport,1
2019-06-06 00:00:00,Dublin Airport,1
2019-06-05 00:00:00,London Heathrow Airport,45
2019-06-05 00:00:00,Frankfurt am Main Airport,29
2019-06-05 00:00:00,Charles de Gaulle International Airport,21
2019-06-05 00:00:00,Adolfo Suárez Madrid–Barajas Airport,19
2019-06-05 00:00:00,Amsterdam Airport Schiphol,10
2019-06-05 00:00:00,Rome–Fiumicino Leonardo da Vinci International Airport,10
2019-06-05 00:00:00,Zürich Airport,7
2019-06-05 00:00:00,Munich Airport,10
2019-06-05 00:00:00,Malpensa International Airport,4
2019-06-05 00:00:00,Copenhagen Kastrup Airport,3
2019-06-05 00:00:00,Humberto Delgado Airport (Lisbon Portela Airport),4
2019-06-05 00:00:00,Düsseldorf Airport,2
2019-06-05 00:00:00,Dublin Airport,3
2019-06-05 00:00:00,Helsinki Vantaa Airport,2
2019-06-05 00:00:00,Josep Tarradellas Barcelona-El Prat Airport,4
2019-06-05 00:00:00,London Gatwick Airport,4
2019-06-05 00:00:00,Brussels Airport,2
2019-06-05 00:00:00,Manchester Airport,2
2019-06-05 00:00:00,Paris-Orly Airport,1
2019-06-05 00:00:00,Vienna International Airport,1
2019-06-04 00:00:00,London Heathrow Airport,97
2019-06-04 00:00:00,Charles de Gaulle International Airport,33
2019-06-04 00:00:00,Frankfurt am Main Airport,28
2019-06-04 00:00:00,Amsterdam Airport Schiphol,36
2019-06-04 00:00:00,Adolfo Suárez Madrid–Barajas Airport,29
2019-06-04 00:00:00,Rome–Fiumicino Leonardo da Vinci International Airport,18
2019-06-04 00:00:00,Zürich Airport,14
2019-06-04 00:00:00,Munich Airport,17
2019-06-04 00:00:00,Humberto Delgado Airport (Lisbon Portela Airport),31
2019-06-04 00:00:00,Manchester Airport,17
2019-06-04 00:00:00,Dublin Airport,24
2019-06-04 00:00:00,London Gatwick Airport,27
2019-06-04 00:00:00,Brussels Airport,13
2019-06-04 00:00:00,Malpensa International Airport,6
2019-06-04 00:00:00,Vienna International Airport,8
2019-06-04 00:00:00,Paris-Orly Airport,5
2019-06-04 00:00:00,Copenhagen Kastrup Airport,23
2019-06-04 00:00:00,Josep Tarradellas Barcelona-El Prat Airport,10
2019-06-04 00:00:00,Helsinki Vantaa Airport,6
2019-06-04 00:00:00,Düsseldorf Airport,3
2019-06-03 00:00:00,London Heathrow Airport,50
2019-06-03 00:00:00,Charles de Gaulle International Airport,25
2019-06-03 00:00:00,Frankfurt am Main Airport,27
2019-06-03 00:00:00,Amsterdam Airport Schiphol,15
2019-06-03 00:00:00,Adolfo Suárez Madrid–Barajas Airport,17
2019-06-03 00:00:00,Rome–Fiumicino Leonardo da Vinci International Airport,11
2019-06-03 00:00:00,Zürich Airport,6
2019-06-03 00:00:00,Humberto Delgado Airport (Lisbon Portela Airport),18
2019-06-03 00:00:00,Malpensa International Airport,6
2019-06-03 00:00:00,Manchester Airport,8
2019-06-03 00:00:00,Josep Tarradellas Barcelona-El Prat Airport,12
2019-06-03 00:00:00,Brussels Airport,4
2019-06-03 00:00:00,Munich Airport,9
2019-06-03 00:00:00,Helsinki Vantaa Airport,7
2019-06-03 00:00:00,London Gatwick Airport,7
2019-06-03 00:00:00,Vienna International Airport,3
2019-06-03 00:00:00,Dublin Airport,3
2019-06-03 00:00:00,Paris-Orly Airport,2
2019-06-03 00:00:00,Düsseldorf Airport,1
2019-06-03 00:00:00,Copenhagen Kastrup Airport,1
2019-06-02 00:00:00,London Heathrow Airport,61
2019-06-02 00:00:00,Frankfurt am Main Airport,34
2019-06-02 00:00:00,Charles de Gaulle International Airport,28
2019-06-02 00:00:00,Adolfo Suárez Madrid–Barajas Airport,38
2019-06-02 00:00:00,Amsterdam Airport Schiphol,19
2019-06-02 00:00:00,Humberto Delgado Airport (Lisbon Portela Airport),38
2019-06-02 00:00:00,Josep Tarradellas Barcelona-El Prat Airport,17
2019-06-02 00:00:00,Rome–Fiumicino Leonardo da Vinci International Airport,9
2019-06-02 00:00:00,London Gatwick Airport,26
2019-06-02 00:00:00,Zürich Airport,8
2019-06-02 00:00:00,Malpensa International Airport,8
2019-06-02 00:00:00,Munich Airport,8
2019-06-02 00:00:00,Brussels Airport,12
2019-06-02 00:00:00,Paris-Orly Airport,7
2019-06-02 00:00:00,Manchester Airport,10
2019-06-02 00:00:00,Copenhagen Kastrup Airport,11
2019-06-02 00:00:00,Dublin Airport,6
2019-06-02 00:00:00,Vienna International Airport,6
2019-06-02 00:00:00,Düsseldorf Airport,4
2019-06-02 00:00:00,Helsinki Vantaa Airport,6
2019-06-01 00:00:00,London Heathrow Airport,46
2019-06-01 00:00:00,Charles de Gaulle International Airport,25
2019-06-01 00:00:00,Frankfurt am Main Airport,22
2019-06-01 00:00:00,Amsterdam Airport Schiphol,20
2019-06-01 00:00:00,Adolfo Suárez Madrid–Barajas Airport,21
2019-06-01 00:00:00,Humberto Delgado Airport (Lisbon Portela Airport),19
2019-06-01 00:00:00,Munich Airport,6
2019-06-01 00:00:00,Malpensa International Airport,5
2019-06-01 00:00:00,London Gatwick Airport,8
2019-06-01 00:00:00,Vienna International Airport,3
2019-06-01 00:00:00,Paris-Orly Airport,4
2019-06-01 00:00:00,Helsinki Vantaa Airport,7
2019-06-01 00:00:00,Dublin Airport,16
2019-06-01 00:00:00,Copenhagen Kastrup Airport,3
2019-06-01 00:00:00,Josep Tarradellas Barcelona-El Prat Airport,10
2019-06-01 00:00:00,Manchester Airport,9
2019-06-01 00:00:00,Rome–Fiumicino Leonardo da Vinci International Airport,2
2019-06-01 00:00:00,Düsseldorf Airport,3
2019-06-01 00:00:00,Brussels Airport,1
2019-05-31 00:00:00,London Heathrow Airport,62
2019-05-31 00:00:00,Frankfurt am Main Airport,42
2019-05-31 00:00:00,Charles de Gaulle International Airport,27
2019-05-31 00:00:00,Amsterdam Airport Schiphol,17
2019-05-31 00:00:00,Adolfo Suárez Madrid–Barajas Airport,11
2019-05-31 00:00:00,London Gatwick Airport,39
2019-05-31 00:00:00,Munich Airport,7
2019-05-31 00:00:00,Brussels Airport,7
2019-05-31 00:00:00,Manchester Airport,24
2019-05-31 00:00:00,Zürich Airport,2
2019-05-31 00:00:00,Dublin Airport,26
2019-05-31 00:00:00,Rome–Fiumicino Leonardo da Vinci International Airport,4
2019-05-31 00:00:00,Copenhagen Kastrup Airport,13
2019-05-31 00:00:00,Humberto Delgado Airport (Lisbon Portela Airport),11
2019-05-31 00:00:00,Josep Tarradellas Barcelona-El Prat Airport,11
2019-05-31 00:00:00,Vienna International Airport,2
2019-05-31 00:00:00,Düsseldorf Airport,2
2019-05-31 00:00:00,Paris-Orly Airport,3
2019-05-31 00:00:00,Helsinki Vantaa Airport,4
2019-05-31 00:00:00,Malpensa International Airport,1
2019-05-30 00:00:00,London Heathrow Airport,90
2019-05-30 00:00:00,Charles de Gaulle International Airport,59
2019-05-30 00:00:00,Frankfurt am Main Airport,43
2019-05-30 00:00:00,Amsterdam Airport Schiphol,31
2019-05-30 00:00:00,London Gatwick Airport,28
2019-05-30 00:00:00,Munich Airport,18
2019-05-30 00:00:00,Rome–Fiumicino Leonardo da Vinci International Airport,15
2019-05-30 00:00:00,Adolfo Suárez Madrid–Barajas Airport,17
2019-05-30 00:00:00,Brussels Airport,14
2019-05-30 00:00:00,Zürich Airport,9
2019-05-30 00:00:00,Düsseldorf Airport,7
2019-05-30 00:00:00,Malpensa International Airport,4
2019-05-30 00:00:00,Paris-Orly Airport,4
2019-05-30 00:00:00,Manchester Airport,7
2019-05-30 00:00:00,Vienna International Airport,4
2019-05-30 00:00:00,Humberto Delgado Airport (Lisbon Portela Airport),6
2019-05-30 00:00:00,Copenhagen Kastrup Airport,24
2019-05-30 00:00:00,Helsinki Vantaa Airport,7
2019-05-30 00:00:00,Dublin Airport,14
2019-05-30 00:00:00,Josep Tarradellas Barcelona-El Prat Airport,10
2019-05-29 00:00:00,London Heathrow Airport,145
2019-05-29 00:00:00,Charles de Gaulle International Airport,76
2019-05-29 00:00:00,Frankfurt am Main Airport,65
2019-05-29 00:00:00,Amsterdam Airport Schiphol,54
2019-05-29 00:00:00,London Gatwick Airport,31
2019-05-29 00:00:00,Rome–Fiumicino Leonardo da Vinci International Airport,21
2019-05-29 00:00:00,Dublin Airport,60
2019-05-29 00:00:00,Zürich Airport,20
2019-05-29 00:00:00,Munich Airport,21
2019-05-29 00:00:00,Malpensa International Airport,13
2019-05-29 00:00:00,Manchester Airport,19
2019-05-29 00:00:00,Adolfo Suárez Madrid–Barajas Airport,16
2019-05-29 00:00:00,Brussels Airport,13
2019-05-29 00:00:00,Düsseldorf Airport,11
2019-05-29 00:00:00,Vienna International Airport,12
2019-05-29 00:00:00,Josep Tarradellas Barcelona-El Prat Airport,16
2019-05-29 00:00:00,Paris-Orly Airport,9
2019-05-29 00:00:00,Copenhagen Kastrup Airport,6
2019-05-29 00:00:00,Humberto Delgado Airport (Lisbon Portela Airport),9
2019-05-29 00:00:00,Helsinki Vantaa Airport,7
2019-05-28 00:00:00,London Heathrow Airport,60
2019-05-28 00:00:00,Charles de Gaulle International Airport,39
2019-05-28 00:00:00,Frankfurt am Main Airport,38
2019-05-28 00:00:00,Amsterdam Airport Schiphol,21
2019-05-28 00:00:00,Rome–Fiumicino Leonardo da Vinci International Airport,20
2019-05-28 00:00:00,Zürich Airport,17
2019-05-28 00:00:00,Adolfo Suárez Madrid–Barajas Airport,19
2019-05-28 00:00:00,London Gatwick Airport,13
2019-05-28 00:00:00,Malpensa International Airport,12
2019-05-28 00:00:00,Munich Airport,12
2019-05-28 00:00:00,Josep Tarradellas Barcelona-El Prat Airport,13
2019-05-28 00:00:00,Brussels Airport,5
2019-05-28 00:00:00,Dublin Airport,5
2019-05-28 00:00:00,Paris-Orly Airport,3
2019-05-28 00:00:00,Copenhagen Kastrup Airport,4
2019-05-28 00:00:00,Vienna International Airport,4
2019-05-28 00:00:00,Manchester Airport,3
2019-05-28 00:00:00,Helsinki Vantaa Airport,5
2019-05-28 00:00:00,Düsseldorf Airport,5
2019-05-28 00:00:00,Humberto Delgado Airport (Lisbon Portela Airport),2
2019-05-27 00:00:00,London Heathrow Airport,72
2019-05-27 00:00:00,Charles de Gaulle International Airport,63
2019-05-27 00:00:00,Frankfurt am Main Airport,44
2019-05-27 00:00:00,Amsterdam Airport Schiphol,42
2019-05-27 00:00:00,Adolfo Suárez Madrid–Barajas Airport,45
2019-05-27 00:00:00,Rome–Fiumicino Leonardo da Vinci International Airport,23
2019-05-27 00:00:00,Munich Airport,19
2019-05-27 00:00:00,Malpensa International Airport,17
2019-05-27 00:00:00,Josep Tarradellas Barcelona-El Prat Airport,69
2019-05-27 00:00:00,London Gatwick Airport,43
2019-05-27 00:00:00,Manchester Airport,28
2019-05-27 00:00:00,Copenhagen Kastrup Airport,12
2019-05-27 00:00:00,Brussels Airport,22
2019-05-27 00:00:00,Humberto Delgado Airport (Lisbon Portela Airport),34
2019-05-27 00:00:00,Zürich Airport,8
2019-05-27 00:00:00,Vienna International Airport,15
2019-05-27 00:00:00,Dublin Airport,16
2019-05-27 00:00:00,Düsseldorf Airport,18
2019-05-27 00:00:00,Helsinki Vantaa Airport,13
2019-05-27 00:00:00,Paris-Orly Airport,22
2019-05-26 00:00:00,London Heathrow Airport,88
2019-05-26 00:00:00,Frankfurt am Main Airport,63
2019-05-26 00:00:00,Charles de Gaulle International Airport,63
2019-05-26 00:00:00,Amsterdam Airport Schiphol,49
2019-05-26 00:00:00,Adolfo Suárez Madrid–Barajas Airport,27
2019-05-26 00:00:00,Munich Airport,31
2019-05-26 00:00:00,London Gatwick Airport,39
2019-05-26 00:00:00,Josep Tarradellas Barcelona-El Prat Airport,20
2019-05-26 00:00:00,Copenhagen Kastrup Airport,29
2019-05-26 00:00:00,Malpensa International Airport,16
2019-05-26 00:00:00,Brussels Airport,19
2019-05-26 00:00:00,Rome–Fiumicino Leonardo da Vinci International Airport,26
2019-05-26 00:00:00,Zürich Airport,11
2019-05-26 00:00:00,Manchester Airport,25
2019-05-26 00:00:00,Helsinki Vantaa Airport,16
2019-05-26 00:00:00,Humberto Delgado Airport (Lisbon Portela Airport),18
2019-05-26 00:00:00,Dublin Airport,23
2019-05-26 00:00:00,Vienna International Airport,13
2019-05-26 00:00:00,Paris-Orly Airport,10
2019-05-26 00:00:00,Düsseldorf Airport,14
2019-05-25 00:00:00,London Heathrow Airport,47
2019-05-25 00:00:00,Frankfurt am Main Airport,44
2019-05-25 00:00:00,Charles de Gaulle International Airport,37
2019-05-25 00:00:00,Amsterdam Airport Schiphol,29
2019-05-25 00:00:00,Munich Airport,24
2019-05-25 00:00:00,Adolfo Suárez Madrid–Barajas Airport,22
2019-05-25 00:00:00,Zürich Airport,12
2019-05-25 00:00:00,Copenhagen Kastrup Airport,8
2019-05-25 00:00:00,Rome–Fiumicino Leonardo da Vinci International Airport,13
2019-05-25 00:00:00,Josep Tarradellas Barcelona-El Prat Airport,18
2019-05-25 00:00:00,Malpensa International Airport,8
2019-05-25 00:00:00,Vienna International Airport,5
2019-05-25 00:00:00,Paris-Orly Airport,4
2019-05-25 00:00:00,Humberto Delgado Airport (Lisbon Portela Airport),6
2019-05-25 00:00:00,London Gatwick Airport,5
2019-05-25 00:00:00,Dublin Airport,5
2019-05-25 00:00:00,Brussels Airport,4
2019-05-25 00:00:00,Helsinki Vantaa Airport,4
2019-05-25 00:00:00,Düsseldorf Airport,6
2019-05-25 00:00:00,Manchester Airport,4
2019-05-24 00:00:00,London Heathrow Airport,77
2019-05-24 00:00:00,Frankfurt am Main Airport,71
2019-05-24 00:00:00,Charles de Gaulle International Airport,56
2019-05-24 00:00:00,Amsterdam Airport Schiphol,47
2019-05-24 00:00:00,Adolfo Suárez Madrid–Barajas Airport,35
2019-05-24 00:00:00,Rome–Fiumicino Leonardo da Vinci International Airport,32
2019-05-24 00:00:00,Munich Airport,25
2019-05-24 00:00:00,Malpensa International Airport,25
2019-05-24 00:00:00,Brussels Airport,22
2019-05-24 00:00:00,Josep Tarradellas Barcelona-El Prat Airport,38
2019-05-24 00:00:00,Zürich Airport,18
2019-05-24 00:00:00,Humberto Delgado Airport (Lisbon Portela Airport),37
2019-05-24 00:00:00,Vienna International Airport,29
2019-05-24 00:00:00,London Gatwick Airport,25
2019-05-24 00:00:00,Copenhagen Kastrup Airport,9
2019-05-24 00:00:00,Paris-Orly Airport,8
2019-05-24 00:00:00,Manchester Airport,15
2019-05-24 00:00:00,Dublin Airport,14
2019-05-24 00:00:00,Düsseldorf Airport,13
2019-05-24 00:00:00,Helsinki Vantaa Airport,7
2019-05-23 00:00:00,London Heathrow Airport,86
2019-05-23 00:00:00,Frankfurt am Main Airport,53
2019-05-23 00:00:00,Charles de Gaulle International Airport,48
2019-05-23 00:00:00,Amsterdam Airport Schiphol,37
2019-05-23 00:00:00,Adolfo Suárez Madrid–Barajas Airport,27
2019-05-23 00:00:00,Munich Airport,22
2019-05-23 00:00:00,Zürich Airport,11
2019-05-23 00:00:00,Humberto Delgado Airport (Lisbon Portela Airport),25
2019-05-23 00:00:00,Rome–Fiumicino Leonardo da Vinci International Airport,10
2019-05-23 00:00:00,London Gatwick Airport,19
2019-05-23 00:00:00,Josep Tarradellas Barcelona-El Prat Airport,23
2019-05-23 00:00:00,Brussels Airport,7
2019-05-23 00:00:00,Malpensa International Airport,8
2019-05-23 00:00:00,Copenhagen Kastrup Airport,18
2019-05-23 00:00:00,Vienna International Airport,10
2019-05-23 00:00:00,Manchester Airport,13
2019-05-23 00:00:00,Helsinki Vantaa Airport,7
2019-05-23 00:00:00,Paris-Orly Airport,5
2019-05-23 00:00:00,Düsseldorf Airport,6
2019-05-23 00:00:00,Dublin Airport,6
2019-05-22 00:00:00,London Heathrow Airport,88
2019-05-22 00:00:00,Frankfurt am Main Airport,51
2019-05-22 00:00:00,Charles de Gaulle International Airport,45
2019-05-22 00:00:00,Adolfo Suárez Madrid–Barajas Airport,35
2019-05-22 00:00:00,Amsterdam Airport Schiphol,33
2019-05-22 00:00:00,Zürich Airport,12
2019-05-22 00:00:00,Munich Airport,15
2019-05-22 00:00:00,Rome–Fiumicino Leonardo da Vinci International Airport,11
2019-05-22 00:00:00,Josep Tarradellas Barcelona-El Prat Airport,18
2019-05-22 00:00:00,Manchester Airport,16
2019-05-22 00:00:00,Malpensa International Airport,5
2019-05-22 00:00:00,Humberto Delgado Airport (Lisbon Portela Airport),25
2019-05-22 00:00:00,Copenhagen Kastrup Airport,7
2019-05-22 00:00:00,London Gatwick Airport,20
2019-05-22 00:00:00,Vienna International Airport,8
2019-05-22 00:00:00,Brussels Airport,9
2019-05-22 00:00:00,Dublin Airport,10
2019-05-22 00:00:00,Düsseldorf Airport,3
2019-05-22 00:00:00,Helsinki Vantaa Airport,7
2019-05-22 00:00:00,Paris-Orly Airport,3
2019-05-21 00:00:00,London Heathrow Airport,65
2019-05-21 00:00:00,Charles de Gaulle International Airport,58
2019-05-21 00:00:00,Frankfurt am Main Airport,46
2019-05-21 00:00:00,Amsterdam Airport Schiphol,24
2019-05-21 00:00:00,Adolfo Suárez Madrid–Barajas Airport,25
2019-05-21 00:00:00,Zürich Airport,17
2019-05-21 00:00:00,Munich Airport,21
2019-05-21 00:00:00,Rome–Fiumicino Leonardo da Vinci International Airport,19
2019-05-21 00:00:00,Malpensa International Airport,13
2019-05-21 00:00:00,Brussels Airport,14
2019-05-21 00:00:00,London Gatwick Airport,13
2019-05-21 00:00:00,Vienna International Airport,9
2019-05-21 00:00:00,Josep Tarradellas Barcelona-El Prat Airport,10
2019-05-21 00:00:00,Copenhagen Kastrup Airport,6
2019-05-21 00:00:00,Dublin Airport,7
2019-05-21 00:00:00,Helsinki Vantaa Airport,5
2019-05-21 00:00:00,Düsseldorf Airport,2
2019-05-21 00:00:00,Manchester Airport,6
2019-05-21 00:00:00,Humberto Delgado Airport (Lisbon Portela Airport),2
2019-05-20 00:00:00,London Heathrow Airport,68
2019-05-20 00:00:00,Frankfurt am Main Airport,40
2019-05-20 00:00:00,Charles de Gaulle International Airport,29
2019-05-20 00:00:00,Amsterdam Airport Schiphol,19
2019-05-20 00:00:00,Adolfo Suárez Madrid–Barajas Airport,14
2019-05-20 00:00:00,Munich Airport,16
2019-05-20 00:00:00,Zürich Airport,8
2019-05-20 00:00:00,Malpensa International Airport,8
2019-05-20 00:00:00,London Gatwick Airport,14
2019-05-20 00:00:00,Josep Tarradellas Barcelona-El Prat Airport,11
2019-05-20 00:00:00,Rome–Fiumicino Leonardo da Vinci International Airport,8
2019-05-20 00:00:00,Copenhagen Kastrup Airport,8
2019-05-20 00:00:00,Manchester Airport,14
2019-05-20 00:00:00,Brussels Airport,6
2019-05-20 00:00:00,Vienna International Airport,11
2019-05-20 00:00:00,Paris-Orly Airport,4
2019-05-20 00:00:00,Düsseldorf Airport,6
2019-05-20 00:00:00,Helsinki Vantaa Airport,16
2019-05-20 00:00:00,Humberto Delgado Airport (Lisbon Portela Airport),7
2019-05-20 00:00:00,Dublin Airport,1
2019-05-19 00:00:00,London Heathrow Airport,100
2019-05-19 00:00:00,Charles de Gaulle International Airport,57
2019-05-19 00:00:00,Frankfurt am Main Airport,52
2019-05-19 00:00:00,Adolfo Suárez Madrid–Barajas Airport,42
2019-05-19 00:00:00,Amsterdam Airport Schiphol,32
2019-05-19 00:00:00,Munich Airport,20
2019-05-19 00:00:00,Zürich Airport,16
2019-05-19 00:00:00,Rome–Fiumicino Leonardo da Vinci International Airport,21
2019-05-19 00:00:00,Humberto Delgado Airport (Lisbon Portela Airport),14
2019-05-19 00:00:00,Josep Tarradellas Barcelona-El Prat Airport,15
2019-05-19 00:00:00,Brussels Airport,13
2019-05-19 00:00:00,Copenhagen Kastrup Airport,14
2019-05-19 00:00:00,London Gatwick Airport,12
2019-05-19 00:00:00,Helsinki Vantaa Airport,21
2019-05-19 00:00:00,Malpensa International Airport,11
2019-05-19 00:00:00,Manchester Airport,9
2019-05-19 00:00:00,Paris-Orly Airport,8
2019-05-19 00:00:00,Vienna International Airport,5
2019-05-19 00:00:00,Düsseldorf Airport,12
2019-05-19 00:00:00,Dublin Airport,6
2019-05-18 00:00:00,London Heathrow Airport,46
2019-05-18 00:00:00,Frankfurt am Main Airport,38
2019-05-18 00:00:00,Charles de Gaulle International Airport,32
2019-05-18 00:00:00,Adolfo Suárez Madrid–Barajas Airport,35
2019-05-18 00:00:00,Amsterdam Airport Schiphol,23
2019-05-18 00:00:00,Munich Airport,20
2019-05-18 00:00:00,Paris-Orly Airport,12
2019-05-18 00:00:00,London Gatwick Airport,15
2019-05-18 00:00:00,Rome–Fiumicino Leonardo da Vinci International Airport,12
2019-05-18 00:00:00,Helsinki Vantaa Airport,18
2019-05-18 00:00:00,Josep Tarradellas Barcelona-El Prat Airport,8
2019-05-18 00:00:00,Zürich Airport,6
2019-05-18 00:00:00,Humberto Delgado Airport (Lisbon Portela Airport),14
2019-05-18 00:00:00,Malpensa International Airport,8
2019-05-18 00:00:00,Düsseldorf Airport,9
2019-05-18 00:00:00,Copenhagen Kastrup Airport,6
2019-05-18 00:00:00,Brussels Airport,5
2019-05-18 00:00:00,Vienna International Airport,9
2019-05-18 00:00:00,Manchester Airport,12
2019-05-18 00:00:00,Dublin Airport,3
2019-05-17 00:00:00,Frankfurt am Main Airport,52
2019-05-17 00:00:00,London Heathrow Airport,38
2019-05-17 00:00:00,Charles de Gaulle International Airport,39
2019-05-17 00:00:00,Amsterdam Airport Schiphol,24
2019-05-17 00:00:00,Adolfo Suárez Madrid–Barajas Airport,16
2019-05-17 00:00:00,Zürich Airport,9
2019-05-17 00:00:00,Munich Airport,12
2019-05-17 00:00:00,Rome–Fiumicino Leonardo da Vinci International Airport,16
2019-05-17 00:00:00,Paris-Orly Airport,12
2019-05-17 00:00:00,Humberto Delgado Airport (Lisbon Portela Airport),14
2019-05-17 00:00:00,Brussels Airport,10
2019-05-17 00:00:00,Malpensa International Airport,10
2019-05-17 00:00:00,London Gatwick Airport,12
2019-05-17 00:00:00,Vienna International Airport,10
2019-05-17 00:00:00,Josep Tarradellas Barcelona-El Prat Airport,14
2019-05-17 00:00:00,Copenhagen Kastrup Airport,4
2019-05-17 00:00:00,Düsseldorf Airport,5
2019-05-17 00:00:00,Manchester Airport,5
2019-05-17 00:00:00,Helsinki Vantaa Airport,4
2019-05-17 00:00:00,Dublin Airport,3
2019-05-16 00:00:00,London Heathrow Airport,35
2019-05-16 00:00:00,Frankfurt am Main Airport,35
2019-05-16 00:00:00,Charles de Gaulle International Airport,26
2019-05-16 00:00:00,Adolfo Suárez Madrid–Barajas Airport,34
2019-05-16 00:00:00,Amsterdam Airport Schiphol,20
2019-05-16 00:00:00,Munich Airport,15
2019-05-16 00:00:00,Zürich Airport,10
2019-05-16 00:00:00,Copenhagen Kastrup Airport,8
2019-05-16 00:00:00,Josep Tarradellas Barcelona-El Prat Airport,20
2019-05-16 00:00:00,Humberto Delgado Airport (Lisbon Portela Airport),17
2019-05-16 00:00:00,Brussels Airport,6
2019-05-16 00:00:00,Malpensa International Airport,3
2019-05-16 00:00:00,Rome–Fiumicino Leonardo da Vinci International Airport,3
2019-05-16 00:00:00,London Gatwick Airport,10
2019-05-16 00:00:00,Düsseldorf Airport,4
2019-05-16 00:00:00,Helsinki Vantaa Airport,5
2019-05-16 00:00:00,Vienna International Airport,5
2019-05-16 00:00:00,Paris-Orly Airport,4
2019-05-16 00:00:00,Manchester Airport,2
2019-05-16 00:00:00,Dublin Airport,2
2019-05-15 00:00:00,London Heathrow Airport,41
2019-05-15 00:00:00,Frankfurt am Main Airport,46
2019-05-15 00:00:00,Charles de Gaulle International Airport,30
2019-05-15 00:00:00,Adolfo Suárez Madrid–Barajas Airport,39
2019-05-15 00:00:00,Amsterdam Airport Schiphol,23
2019-05-15 00:00:00,Zürich Airport,9
2019-05-15 00:00:00,Munich Airport,10
2019-05-15 00:00:00,London Gatwick Airport,21
2019-05-15 00:00:00,Humberto Delgado Airport (Lisbon Portela Airport),40
2019-05-15 00:00:00,Malpensa International Airport,6
2019-05-15 00:00:00,Josep Tarradellas Barcelona-El Prat Airport,16
2019-05-15 00:00:00,Brussels Airport,10
2019-05-15 00:00:00,Rome–Fiumicino Leonardo da Vinci International Airport,4
2019-05-15 00:00:00,Copenhagen Kastrup Airport,4
2019-05-15 00:00:00,Dublin Airport,14
2019-05-15 00:00:00,Paris-Orly Airport,7
2019-05-15 00:00:00,Düsseldorf Airport,5
2019-05-15 00:00:00,Vienna International Airport,4
2019-05-15 00:00:00,Helsinki Vantaa Airport,3
2019-05-15 00:00:00,Manchester Airport,6
2019-05-14 00:00:00,London Heathrow Airport,37
2019-05-14 00:00:00,Charles de Gaulle International Airport,29
2019-05-14 00:00:00,Frankfurt am Main Airport,27
2019-05-14 00:00:00,Amsterdam Airport Schiphol,23
2019-05-14 00:00:00,Adolfo Suárez Madrid–Barajas Airport,18
2019-05-14 00:00:00,Rome–Fiumicino Leonardo da Vinci International Airport,10
2019-05-14 00:00:00,Munich Airport,10
2019-05-14 00:00:00,Malpensa International Airport,11
2019-05-14 00:00:00,Humberto Delgado Airport (Lisbon Portela Airport),8
2019-05-14 00:00:00,Zürich Airport,7
2019-05-14 00:00:00,Brussels Airport,10
2019-05-14 00:00:00,Vienna International Airport,11
2019-05-14 00:00:00,Copenhagen Kastrup Airport,7
2019-05-14 00:00:00,London Gatwick Airport,6
2019-05-14 00:00:00,Josep Tarradellas Barcelona-El Prat Airport,3
2019-05-14 00:00:00,Düsseldorf Airport,4
2019-05-14 00:00:00,Manchester Airport,8
2019-05-14 00:00:00,Paris-Orly Airport,1
2019-05-14 00:00:00,Dublin Airport,6
2019-05-13 00:00:00,London Heathrow Airport,35
2019-05-13 00:00:00,Frankfurt am Main Airport,36
2019-05-13 00:00:00,Charles de Gaulle International Airport,26
2019-05-13 00:00:00,Amsterdam Airport Schiphol,19
2019-05-13 00:00:00,Adolfo Suárez Madrid–Barajas Airport,18
2019-05-13 00:00:00,Zürich Airport,10
2019-05-13 00:00:00,Rome–Fiumicino Leonardo da Vinci International Airport,13
2019-05-13 00:00:00,Munich Airport,8
2019-05-13 00:00:00,Malpensa International Airport,11
2019-05-13 00:00:00,Vienna International Airport,9
2019-05-13 00:00:00,Brussels Airport,5
2019-05-13 00:00:00,Copenhagen Kastrup Airport,3
2019-05-13 00:00:00,Helsinki Vantaa Airport,3
2019-05-13 00:00:00,Josep Tarradellas Barcelona-El Prat Airport,3
2019-05-13 00:00:00,Humberto Delgado Airport (Lisbon Portela Airport),4
2019-05-13 00:00:00,Dublin Airport,5
2019-05-13 00:00:00,Manchester Airport,4
2019-05-13 00:00:00,London Gatwick Airport,3
2019-05-12 00:00:00,London Heathrow Airport,70
2019-05-12 00:00:00,Frankfurt am Main Airport,61
2019-05-12 00:00:00,Charles de Gaulle International Airport,42
2019-05-12 00:00:00,Amsterdam Airport Schiphol,43
2019-05-12 00:00:00,Adolfo Suárez Madrid–Barajas Airport,28
2019-05-12 00:00:00,Munich Airport,22
2019-05-12 00:00:00,Zürich Airport,13
2019-05-12 00:00:00,Manchester Airport,21
2019-05-12 00:00:00,Brussels Airport,12
2019-05-12 00:00:00,Rome–Fiumicino Leonardo da Vinci International Airport,11
2019-05-12 00:00:00,Vienna International Airport,18
2019-05-12 00:00:00,Dublin Airport,19
2019-05-12 00:00:00,Copenhagen Kastrup Airport,8
2019-05-12 00:00:00,Malpensa International Airport,8
2019-05-12 00:00:00,Humberto Delgado Airport (Lisbon Portela Airport),17
2019-05-12 00:00:00,Josep Tarradellas Barcelona-El Prat Airport,15
2019-05-12 00:00:00,London Gatwick Airport,12
2019-05-12 00:00:00,Düsseldorf Airport,8
2019-05-12 00:00:00,Helsinki Vantaa Airport,6
2019-05-12 00:00:00,Paris-Orly Airport,7
2019-05-11 00:00:00,London Heathrow Airport,37
2019-05-11 00:00:00,Charles de Gaulle International Airport,40
2019-05-11 00:00:00,Frankfurt am Main Airport,41
2019-05-11 00:00:00,Amsterdam Airport Schiphol,25
2019-05-11 00:00:00,Adolfo Suárez Madrid–Barajas Airport,30
2019-05-11 00:00:00,Zürich Airport,16
2019-05-11 00:00:00,Rome–Fiumicino Leonardo da Vinci International Airport,19
2019-05-11 00:00:00,London Gatwick Airport,17
2019-05-11 00:00:00,Malpensa International Airport,14
2019-05-11 00:00:00,Humberto Delgado Airport (Lisbon Portela Airport),22
2019-05-11 00:00:00,Josep Tarradellas Barcelona-El Prat Airport,12
2019-05-11 00:00:00,Munich Airport,9
2019-05-11 00:00:00,Paris-Orly Airport,5
2019-05-11 00:00:00,Copenhagen Kastrup Airport,3
2019-05-11 00:00:00,Vienna International Airport,7
2019-05-11 00:00:00,Brussels Airport,4
2019-05-11 00:00:00,Dublin Airport,4
2019-05-11 00:00:00,Düsseldorf Airport,6
2019-05-11 00:00:00,Manchester Airport,2
2019-05-10 00:00:00,London Heathrow Airport,66
2019-05-10 00:00:00,Amsterdam Airport Schiphol,31
2019-05-10 00:00:00,Charles de Gaulle International Airport,35
2019-05-10 00:00:00,Frankfurt am Main Airport,25
2019-05-10 00:00:00,Adolfo Suárez Madrid–Barajas Airport,34
2019-05-10 00:00:00,Malpensa International Airport,10
2019-05-10 00:00:00,Munich Airport,8
2019-05-10 00:00:00,Rome–Fiumicino Leonardo da Vinci International Airport,10
2019-05-10 00:00:00,Copenhagen Kastrup Airport,5
2019-05-10 00:00:00,Josep Tarradellas Barcelona-El Prat Airport,17
2019-05-10 00:00:00,London Gatwick Airport,14
2019-05-10 00:00:00,Humberto Delgado Airport (Lisbon Portela Airport),11
2019-05-10 00:00:00,Brussels Airport,7
2019-05-10 00:00:00,Vienna International Airport,4
2019-05-10 00:00:00,Manchester Airport,3
2019-05-10 00:00:00,Helsinki Vantaa Airport,3
2019-05-10 00:00:00,Paris-Orly Airport,6
2019-05-10 00:00:00,Dublin Airport,3
2019-05-10 00:00:00,Zürich Airport,3
2019-05-10 00:00:00,Düsseldorf Airport,1
2019-05-09 00:00:00,London Heathrow Airport,45
2019-05-09 00:00:00,Frankfurt am Main Airport,33
2019-05-09 00:00:00,Amsterdam Airport Schiphol,25
2019-05-09 00:00:00,Charles de Gaulle International Airport,30
2019-05-09 00:00:00,Adolfo Suárez Madrid–Barajas Airport,30
2019-05-09 00:00:00,Humberto Delgado Airport (Lisbon Portela Airport),20
2019-05-09 00:00:00,Zürich Airport,8
2019-05-09 00:00:00,Rome–Fiumicino Leonardo da Vinci International Airport,19
2019-05-09 00:00:00,Munich Airport,10
2019-05-09 00:00:00,Josep Tarradellas Barcelona-El Prat Airport,19
2019-05-09 00:00:00,Brussels Airport,5
2019-05-09 00:00:00,Vienna International Airport,8
2019-05-09 00:00:00,Malpensa International Airport,11
2019-05-09 00:00:00,Copenhagen Kastrup Airport,5
2019-05-09 00:00:00,Helsinki Vantaa Airport,6
2019-05-09 00:00:00,Düsseldorf Airport,7
2019-05-09 00:00:00,London Gatwick Airport,5
2019-05-09 00:00:00,Paris-Orly Airport,4
2019-05-09 00:00:00,Manchester Airport,1
2019-05-08 00:00:00,London Heathrow Airport,59
2019-05-08 00:00:00,Frankfurt am Main Airport,74
2019-05-08 00:00:00,Adolfo Suárez Madrid–Barajas Airport,74
2019-05-08 00:00:00,Charles de Gaulle International Airport,54
2019-05-08 00:00:00,Amsterdam Airport Schiphol,32
2019-05-08 00:00:00,Humberto Delgado Airport (Lisbon Portela Airport),82
2019-05-08 00:00:00,London Gatwick Airport,41
2019-05-08 00:00:00,Rome–Fiumicino Leonardo da Vinci International Airport,34
2019-05-08 00:00:00,Josep Tarradellas Barcelona-El Prat Airport,43
2019-05-08 00:00:00,Malpensa International Airport,23
2019-05-08 00:00:00,Zürich Airport,23
2019-05-08 00:00:00,Manchester Airport,30
2019-05-08 00:00:00,Brussels Airport,25
2019-05-08 00:00:00,Paris-Orly Airport,30
2019-05-08 00:00:00,Düsseldorf Airport,14
2019-05-08 00:00:00,Dublin Airport,16
2019-05-08 00:00:00,Munich Airport,23
2019-05-08 00:00:00,Copenhagen Kastrup Airport,7
2019-05-08 00:00:00,Helsinki Vantaa Airport,6
2019-05-08 00:00:00,Vienna International Airport,19
2019-05-07 00:00:00,London Heathrow Airport,62
2019-05-07 00:00:00,Adolfo Suárez Madrid–Barajas Airport,70
2019-05-07 00:00:00,Charles de Gaulle International Airport,45
2019-05-07 00:00:00,Frankfurt am Main Airport,36
2019-05-07 00:00:00,Amsterdam Airport Schiphol,27
2019-05-07 00:00:00,Humberto Delgado Airport (Lisbon Portela Airport),67
2019-05-07 00:00:00,Josep Tarradellas Barcelona-El Prat Airport,33
2019-05-07 00:00:00,Zürich Airport,13
2019-05-07 00:00:00,Munich Airport,13
2019-05-07 00:00:00,Malpensa International Airport,12
2019-05-07 00:00:00,London Gatwick Airport,39
2019-05-07 00:00:00,Rome–Fiumicino Leonardo da Vinci International Airport,10
2019-05-07 00:00:00,Paris-Orly Airport,19
2019-05-07 00:00:00,Brussels Airport,14
2019-05-07 00:00:00,Dublin Airport,24
2019-05-07 00:00:00,Vienna International Airport,4
2019-05-07 00:00:00,Manchester Airport,16
2019-05-07 00:00:00,Helsinki Vantaa Airport,5
2019-05-07 00:00:00,Copenhagen Kastrup Airport,3
2019-05-07 00:00:00,Düsseldorf Airport,2
2019-05-06 00:00:00,London Heathrow Airport,45
2019-05-06 00:00:00,Frankfurt am Main Airport,30
2019-05-06 00:00:00,Amsterdam Airport Schiphol,28
2019-05-06 00:00:00,Adolfo Suárez Madrid–Barajas Airport,40
2019-05-06 00:00:00,Charles de Gaulle International Airport,27
2019-05-06 00:00:00,Rome–Fiumicino Leonardo da Vinci International Airport,10
2019-05-06 00:00:00,Paris-Orly Airport,12
2019-05-06 00:00:00,London Gatwick Airport,24
2019-05-06 00:00:00,Josep Tarradellas Barcelona-El Prat Airport,22
2019-05-06 00:00:00,Humberto Delgado Airport (Lisbon Portela Airport),29
2019-05-06 00:00:00,Zürich Airport,3
2019-05-06 00:00:00,Munich Airport,4
2019-05-06 00:00:00,Vienna International Airport,3
2019-05-06 00:00:00,Helsinki Vantaa Airport,4
2019-05-06 00:00:00,Copenhagen Kastrup Airport,2
2019-05-06 00:00:00,Malpensa International Airport,2
2019-05-06 00:00:00,Manchester Airport,6
2019-05-06 00:00:00,Brussels Airport,2
2019-05-06 00:00:00,Dublin Airport,4
2019-05-06 00:00:00,Düsseldorf Airport,1
2019-05-05 00:00:00,London Heathrow Airport,61
2019-05-05 00:00:00,Frankfurt am Main Airport,35
2019-05-05 00:00:00,Charles de Gaulle International Airport,37
2019-05-05 00:00:00,Amsterdam Airport Schiphol,32
2019-05-05 00:00:00,Adolfo Suárez Madrid–Barajas Airport,31
2019-05-05 00:00:00,Rome–Fiumicino Leonardo da Vinci International Airport,19
2019-05-05 00:00:00,Malpensa International Airport,13
2019-05-05 00:00:00,Munich Airport,14
2019-05-05 00:00:00,London Gatwick Airport,14
2019-05-05 00:00:00,Zürich Airport,9
2019-05-05 00:00:00,Humberto Delgado Airport (Lisbon Portela Airport),18
2019-05-05 00:00:00,Manchester Airport,7
2019-05-05 00:00:00,Josep Tarradellas Barcelona-El Prat Airport,10
2019-05-05 00:00:00,Vienna International Airport,6
2019-05-05 00:00:00,Paris-Orly Airport,5
2019-05-05 00:00:00,Dublin Airport,8
2019-05-05 00:00:00,Brussels Airport,6
2019-05-05 00:00:00,Copenhagen Kastrup Airport,5
2019-05-05 00:00:00,Düsseldorf Airport,3
2019-05-05 00:00:00,Helsinki Vantaa Airport,5
2019-05-04 00:00:00,London Heathrow Airport,73
2019-05-04 00:00:00,Charles de Gaulle International Airport,44
2019-05-04 00:00:00,Frankfurt am Main Airport,48
2019-05-04 00:00:00,Amsterdam Airport Schiphol,32
2019-05-04 00:00:00,Adolfo Suárez Madrid–Barajas Airport,27
2019-05-04 00:00:00,Munich Airport,21
2019-05-04 00:00:00,Zürich Airport,13
2019-05-04 00:00:00,Rome–Fiumicino Leonardo da Vinci International Airport,10
2019-05-04 00:00:00,Brussels Airport,15
2019-05-04 00:00:00,Malpensa International Airport,9
2019-05-04 00:00:00,Humberto Delgado Airport (Lisbon Portela Airport),10
2019-05-04 00:00:00,London Gatwick Airport,17
2019-05-04 00:00:00,Manchester Airport,11
2019-05-04 00:00:00,Vienna International Airport,12
2019-05-04 00:00:00,Copenhagen Kastrup Airport,7
2019-05-04 00:00:00,Josep Tarradellas Barcelona-El Prat Airport,5
2019-05-04 00:00:00,Dublin Airport,5
2019-05-04 00:00:00,Paris-Orly Airport,4
2019-05-04 00:00:00,Düsseldorf Airport,10
2019-05-04 00:00:00,Helsinki Vantaa Airport,4
2019-05-03 00:00:00,London Heathrow Airport,73
2019-05-03 00:00:00,Frankfurt am Main Airport,46
2019-05-03 00:00:00,Amsterdam Airport Schiphol,36
2019-05-03 00:00:00,Charles de Gaulle International Airport,38
2019-05-03 00:00:00,Adolfo Suárez Madrid–Barajas Airport,25
2019-05-03 00:00:00,Munich Airport,24
2019-05-03 00:00:00,Rome–Fiumicino Leonardo da Vinci International Airport,20
2019-05-03 00:00:00,London Gatwick Airport,15
2019-05-03 00:00:00,Vienna International Airport,9
2019-05-03 00:00:00,Dublin Airport,13
2019-05-03 00:00:00,Humberto Delgado Airport (Lisbon Portela Airport),10
2019-05-03 00:00:00,Josep Tarradellas Barcelona-El Prat Airport,7
2019-05-03 00:00:00,Zürich Airport,7
2019-05-03 00:00:00,Paris-Orly Airport,6
2019-05-03 00:00:00,Brussels Airport,7
2019-05-03 00:00:00,Manchester Airport,5
2019-05-03 00:00:00,Malpensa International Airport,5
2019-05-03 00:00:00,Copenhagen Kastrup Airport,3
2019-05-03 00:00:00,Helsinki Vantaa Airport,2
2019-05-03 00:00:00,Düsseldorf Airport,1
2019-05-02 00:00:00,London Heathrow Airport,60
2019-05-02 00:00:00,Frankfurt am Main Airport,37
2019-05-02 00:00:00,Charles de Gaulle International Airport,31
2019-05-02 00:00:00,Amsterdam Airport Schiphol,29
2019-05-02 00:00:00,Adolfo Suárez Madrid–Barajas Airport,23
2019-05-02 00:00:00,Zürich Airport,14
2019-05-02 00:00:00,Munich Airport,8
2019-05-02 00:00:00,Rome–Fiumicino Leonardo da Vinci International Airport,13
2019-05-02 00:00:00,London Gatwick Airport,10
2019-05-02 00:00:00,Malpensa International Airport,9
2019-05-02 00:00:00,Josep Tarradellas Barcelona-El Prat Airport,10
2019-05-02 00:00:00,Humberto Delgado Airport (Lisbon Portela Airport),6
2019-05-02 00:00:00,Vienna International Airport,9
2019-05-02 00:00:00,Brussels Airport,4
2019-05-02 00:00:00,Paris-Orly Airport,3
2019-05-02 00:00:00,Helsinki Vantaa Airport,8
2019-05-02 00:00:00,Dublin Airport,3
2019-05-02 00:00:00,Copenhagen Kastrup Airport,2
2019-05-02 00:00:00,Düsseldorf Airport,1
2019-05-01 00:00:00,London Heathrow Airport,58
2019-05-01 00:00:00,Frankfurt am Main Airport,44
2019-05-01 00:00:00,Amsterdam Airport Schiphol,31
2019-05-01 00:00:00,Charles de Gaulle International Airport,28
2019-05-01 00:00:00,Adolfo Suárez Madrid–Barajas Airport,30
2019-05-01 00:00:00,Zürich Airport,19
2019-05-01 00:00:00,Munich Airport,22
2019-05-01 00:00:00,Rome–Fiumicino Leonardo da Vinci International Airport,8
2019-05-01 00:00:00,Vienna International Airport,9
2019-05-01 00:00:00,Malpensa International Airport,7
2019-05-01 00:00:00,Humberto Delgado Airport (Lisbon Portela Airport),7
2019-05-01 00:00:00,Helsinki Vantaa Airport,7
2019-05-01 00:00:00,London Gatwick Airport,7
2019-05-01 00:00:00,Dublin Airport,4
2019-05-01 00:00:00,Brussels Airport,3
2019-05-01 00:00:00,Düsseldorf Airport,6
2019-05-01 00:00:00,Copenhagen Kastrup Airport,6
2019-05-01 00:00:00,Josep Tarradellas Barcelona-El Prat Airport,2
2019-05-01 00:00:00,Manchester Airport,1
2019-05-01 00:00:00,Paris-Orly Airport,2
2019-04-30 00:00:00,London Heathrow Airport,51
2019-04-30 00:00:00,Charles de Gaulle International Airport,28
2019-04-30 00:00:00,Frankfurt am Main Airport,25
2019-04-30 00:00:00,Adolfo Suárez Madrid–Barajas Airport,32
2019-04-30 00:00:00,Zürich Airport,13
2019-04-30 00:00:00,Amsterdam Airport Schiphol,16
2019-04-30 00:00:00,Munich Airport,15
2019-04-30 00:00:00,Rome–Fiumicino Leonardo da Vinci International Airport,13
2019-04-30 00:00:00,Humberto Delgado Airport (Lisbon Portela Airport),18
2019-04-30 00:00:00,Josep Tarradellas Barcelona-El Prat Airport,10
2019-04-30 00:00:00,Paris-Orly Airport,4
2019-04-30 00:00:00,Copenhagen Kastrup Airport,4
2019-04-30 00:00:00,Brussels Airport,3
2019-04-30 00:00:00,Vienna International Airport,7
2019-04-30 00:00:00,Düsseldorf Airport,3
2019-04-30 00:00:00,London Gatwick Airport,6
2019-04-30 00:00:00,Malpensa International Airport,6
2019-04-30 00:00:00,Manchester Airport,6
2019-04-30 00:00:00,Helsinki Vantaa Airport,3
2019-04-30 00:00:00,Dublin Airport,2
2019-04-29 00:00:00,London Heathrow Airport,45
2019-04-29 00:00:00,Frankfurt am Main Airport,37
2019-04-29 00:00:00,Amsterdam Airport Schiphol,25
2019-04-29 00:00:00,Charles de Gaulle International Airport,26
2019-04-29 00:00:00,Adolfo Suárez Madrid–Barajas Airport,22
2019-04-29 00:00:00,Zürich Airport,11
2019-04-29 00:00:00,Rome–Fiumicino Leonardo da Vinci International Airport,7
2019-04-29 00:00:00,Munich Airport,9
2019-04-29 00:00:00,London Gatwick Airport,5
2019-04-29 00:00:00,Malpensa International Airport,4
2019-04-29 00:00:00,Dublin Airport,5
2019-04-29 00:00:00,Copenhagen Kastrup Airport,3
2019-04-29 00:00:00,Humberto Delgado Airport (Lisbon Portela Airport),6
2019-04-29 00:00:00,Paris-Orly Airport,2
2019-04-29 00:00:00,Vienna International Airport,4
2019-04-29 00:00:00,Josep Tarradellas Barcelona-El Prat Airport,2
2019-04-29 00:00:00,Brussels Airport,4
2019-04-29 00:00:00,Manchester Airport,3
2019-04-29 00:00:00,Helsinki Vantaa Airport,2
2019-04-29 00:00:00,Düsseldorf Airport,1
2019-04-28 00:00:00,London Heathrow Airport,104
2019-04-28 00:00:00,Charles de Gaulle International Airport,62
2019-04-28 00:00:00,Frankfurt am Main Airport,63
2019-04-28 00:00:00,Amsterdam Airport Schiphol,40
2019-04-28 00:00:00,Adolfo Suárez Madrid–Barajas Airport,29
2019-04-28 00:00:00,London Gatwick Airport,26
2019-04-28 00:00:00,Munich Airport,21
2019-04-28 00:00:00,Zürich Airport,11
2019-04-28 00:00:00,Rome–Fiumicino Leonardo da Vinci International Airport,14
2019-04-28 00:00:00,Malpensa International Airport,10
2019-04-28 00:00:00,Josep Tarradellas Barcelona-El Prat Airport,29
2019-04-28 00:00:00,Humberto Delgado Airport (Lisbon Portela Airport),21
2019-04-28 00:00:00,Manchester Airport,9
2019-04-28 00:00:00,Brussels Airport,10
2019-04-28 00:00:00,Paris-Orly Airport,11
2019-04-28 00:00:00,Vienna International Airport,9
2019-04-28 00:00:00,Copenhagen Kastrup Airport,9
2019-04-28 00:00:00,Dublin Airport,10
2019-04-28 00:00:00,Helsinki Vantaa Airport,19
2019-04-28 00:00:00,Düsseldorf Airport,2
2019-04-27 00:00:00,London Heathrow Airport,38
2019-04-27 00:00:00,Charles de Gaulle International Airport,42
2019-04-27 00:00:00,Frankfurt am Main Airport,33
2019-04-27 00:00:00,Adolfo Suárez Madrid–Barajas Airport,24
2019-04-27 00:00:00,Amsterdam Airport Schiphol,19
2019-04-27 00:00:00,Zürich Airport,7
2019-04-27 00:00:00,Munich Airport,8
2019-04-27 00:00:00,Rome–Fiumicino Leonardo da Vinci International Airport,8
2019-04-27 00:00:00,Brussels Airport,8
2019-04-27 00:00:00,Malpensa International Airport,8
2019-04-27 00:00:00,London Gatwick Airport,7
2019-04-27 00:00:00,Humberto Delgado Airport (Lisbon Portela Airport),11
2019-04-27 00:00:00,Vienna International Airport,5
2019-04-27 00:00:00,Helsinki Vantaa Airport,10
2019-04-27 00:00:00,Paris-Orly Airport,4
2019-04-27 00:00:00,Josep Tarradellas Barcelona-El Prat Airport,6
2019-04-27 00:00:00,Dublin Airport,2
2019-04-27 00:00:00,Copenhagen Kastrup Airport,3
2019-04-27 00:00:00,Düsseldorf Airport,3
2019-04-27 00:00:00,Manchester Airport,1
2019-04-26 00:00:00,London Heathrow Airport,55
2019-04-26 00:00:00,Frankfurt am Main Airport,57
2019-04-26 00:00:00,Charles de Gaulle International Airport,34
2019-04-26 00:00:00,Amsterdam Airport Schiphol,31
2019-04-26 00:00:00,Rome–Fiumicino Leonardo da Vinci International Airport,23
2019-04-26 00:00:00,Adolfo Suárez Madrid–Barajas Airport,21
2019-04-26 00:00:00,Munich Airport,26
2019-04-26 00:00:00,London Gatwick Airport,16
2019-04-26 00:00:00,Düsseldorf Airport,15
2019-04-26 00:00:00,Vienna International Airport,17
2019-04-26 00:00:00,Brussels Airport,12
2019-04-26 00:00:00,Malpensa International Airport,9
2019-04-26 00:00:00,Josep Tarradellas Barcelona-El Prat Airport,8
2019-04-26 00:00:00,Manchester Airport,8
2019-04-26 00:00:00,Zürich Airport,10
2019-04-26 00:00:00,Dublin Airport,7
2019-04-26 00:00:00,Helsinki Vantaa Airport,8
2019-04-26 00:00:00,Paris-Orly Airport,4
2019-04-26 00:00:00,Copenhagen Kastrup Airport,6
2019-04-26 00:00:00,Humberto Delgado Airport (Lisbon Portela Airport),8
2019-04-25 00:00:00,London Heathrow Airport,46
2019-04-25 00:00:00,Frankfurt am Main Airport,52
2019-04-25 00:00:00,Charles de Gaulle International Airport,35
2019-04-25 00:00:00,Rome–Fiumicino Leonardo da Vinci International Airport,38
2019-04-25 00:00:00,Amsterdam Airport Schiphol,12
2019-04-25 00:00:00,Adolfo Suárez Madrid–Barajas Airport,20
2019-04-25 00:00:00,Brussels Airport,17
2019-04-25 00:00:00,Zürich Airport,16
2019-04-25 00:00:00,Malpensa International Airport,6
2019-04-25 00:00:00,Humberto Delgado Airport (Lisbon Portela Airport),10
2019-04-25 00:00:00,Josep Tarradellas Barcelona-El Prat Airport,19
2019-04-25 00:00:00,Paris-Orly Airport,6
2019-04-25 00:00:00,Munich Airport,17
2019-04-25 00:00:00,London Gatwick Airport,5
2019-04-25 00:00:00,Copenhagen Kastrup Airport,6
2019-04-25 00:00:00,Helsinki Vantaa Airport,5
2019-04-25 00:00:00,Vienna International Airport,9
2019-04-25 00:00:00,Düsseldorf Airport,4
2019-04-25 00:00:00,Manchester Airport,1
2019-04-24 00:00:00,London Heathrow Airport,48
2019-04-24 00:00:00,Adolfo Suárez Madrid–Barajas Airport,30
2019-04-24 00:00:00,Frankfurt am Main Airport,28
2019-04-24 00:00:00,Charles de Gaulle International Airport,28
2019-04-24 00:00:00,Amsterdam Airport Schiphol,16
2019-04-24 00:00:00,Zürich Airport,17
2019-04-24 00:00:00,Malpensa International Airport,10
2019-04-24 00:00:00,Rome–Fiumicino Leonardo da Vinci International Airport,25
2019-04-24 00:00:00,Humberto Delgado Airport (Lisbon Portela Airport),12
2019-04-24 00:00:00,Paris-Orly Airport,6
2019-04-24 00:00:00,Munich Airport,18
2019-04-24 00:00:00,Josep Tarradellas Barcelona-El Prat Airport,10
2019-04-24 00:00:00,London Gatwick Airport,8
2019-04-24 00:00:00,Düsseldorf Airport,5
2019-04-24 00:00:00,Brussels Airport,9
2019-04-24 00:00:00,Manchester Airport,5
2019-04-24 00:00:00,Copenhagen Kastrup Airport,2
2019-04-24 00:00:00,Vienna International Airport,10
2019-04-24 00:00:00,Helsinki Vantaa Airport,4
2019-04-24 00:00:00,Dublin Airport,1
2019-04-23 00:00:00,London Heathrow Airport,75
2019-04-23 00:00:00,Frankfurt am Main Airport,54
2019-04-23 00:00:00,Charles de Gaulle International Airport,45
2019-04-23 00:00:00,Adolfo Suárez Madrid–Barajas Airport,34
2019-04-23 00:00:00,Amsterdam Airport Schiphol,36
2019-04-23 00:00:00,Munich Airport,24
2019-04-23 00:00:00,Rome–Fiumicino Leonardo da Vinci International Airport,14
2019-04-23 00:00:00,London Gatwick Airport,25
2019-04-23 00:00:00,Josep Tarradellas Barcelona-El Prat Airport,23
2019-04-23 00:00:00,Humberto Delgado Airport (Lisbon Portela Airport),24
2019-04-23 00:00:00,Zürich Airport,12
2019-04-23 00:00:00,Paris-Orly Airport,10
2019-04-23 00:00:00,Brussels Airport,14
2019-04-23 00:00:00,Malpensa International Airport,6
2019-04-23 00:00:00,Vienna International Airport,13
2019-04-23 00:00:00,Copenhagen Kastrup Airport,12
2019-04-23 00:00:00,Düsseldorf Airport,14
2019-04-23 00:00:00,Manchester Airport,15
2019-04-23 00:00:00,Helsinki Vantaa Airport,9
2019-04-23 00:00:00,Dublin Airport,3
2019-04-22 00:00:00,London Heathrow Airport,78
2019-04-22 00:00:00,Charles de Gaulle International Airport,52
2019-04-22 00:00:00,Frankfurt am Main Airport,42
2019-04-22 00:00:00,Adolfo Suárez Madrid–Barajas Airport,43
2019-04-22 00:00:00,Amsterdam Airport Schiphol,33
2019-04-22 00:00:00,Rome–Fiumicino Leonardo da Vinci International Airport,16
2019-04-22 00:00:00,Munich Airport,17
2019-04-22 00:00:00,London Gatwick Airport,20
2019-04-22 00:00:00,Zürich Airport,12
2019-04-22 00:00:00,Manchester Airport,12
2019-04-22 00:00:00,Dublin Airport,15
2019-04-22 00:00:00,Humberto Delgado Airport (Lisbon Portela Airport),32
2019-04-22 00:00:00,Josep Tarradellas Barcelona-El Prat Airport,17
2019-04-22 00:00:00,Brussels Airport,8
2019-04-22 00:00:00,Malpensa International Airport,9
2019-04-22 00:00:00,Paris-Orly Airport,10
2019-04-22 00:00:00,Helsinki Vantaa Airport,7
2019-04-22 00:00:00,Copenhagen Kastrup Airport,4
2019-04-22 00:00:00,Düsseldorf Airport,4
2019-04-22 00:00:00,Vienna International Airport,7
2019-04-21 00:00:00,London Heathrow Airport,84
2019-04-21 00:00:00,Charles de Gaulle International Airport,65
2019-04-21 00:00:00,Frankfurt am Main Airport,50
2019-04-21 00:00:00,Amsterdam Airport Schiphol,28
2019-04-21 00:00:00,Rome–Fiumicino Leonardo da Vinci International Airport,62
2019-04-21 00:00:00,Adolfo Suárez Madrid–Barajas Airport,31
2019-04-21 00:00:00,Malpensa International Airport,42
2019-04-21 00:00:00,Munich Airport,21
2019-04-21 00:00:00,Zürich Airport,25
2019-04-21 00:00:00,London Gatwick Airport,19
2019-04-21 00:00:00,Paris-Orly Airport,22
2019-04-21 00:00:00,Copenhagen Kastrup Airport,9
2019-04-21 00:00:00,Josep Tarradellas Barcelona-El Prat Airport,46
2019-04-21 00:00:00,Manchester Airport,8
2019-04-21 00:00:00,Dublin Airport,13
2019-04-21 00:00:00,Brussels Airport,10
2019-04-21 00:00:00,Humberto Delgado Airport (Lisbon Portela Airport),10
2019-04-21 00:00:00,Vienna International Airport,10
2019-04-21 00:00:00,Helsinki Vantaa Airport,4
2019-04-21 00:00:00,Düsseldorf Airport,4
2019-04-20 00:00:00,London Heathrow Airport,65
2019-04-20 00:00:00,Charles de Gaulle International Airport,33
2019-04-20 00:00:00,Amsterdam Airport Schiphol,20
2019-04-20 00:00:00,Frankfurt am Main Airport,19
2019-04-20 00:00:00,Adolfo Suárez Madrid–Barajas Airport,23
2019-04-20 00:00:00,Rome–Fiumicino Leonardo da Vinci International Airport,22
2019-04-20 00:00:00,Munich Airport,14
2019-04-20 00:00:00,London Gatwick Airport,12
2019-04-20 00:00:00,Dublin Airport,16
2019-04-20 00:00:00,Zürich Airport,10
2019-04-20 00:00:00,Malpensa International Airport,7
2019-04-20 00:00:00,Paris-Orly Airport,12
2019-04-20 00:00:00,Manchester Airport,6
2019-04-20 00:00:00,Josep Tarradellas Barcelona-El Prat Airport,13
2019-04-20 00:00:00,Brussels Airport,6
2019-04-20 00:00:00,Vienna International Airport,7
2019-04-20 00:00:00,Humberto Delgado Airport (Lisbon Portela Airport),6
2019-04-20 00:00:00,Copenhagen Kastrup Airport,2
2019-04-20 00:00:00,Helsinki Vantaa Airport,2
2019-04-20 00:00:00,Düsseldorf Airport,1
2019-04-19 00:00:00,London Heathrow Airport,70
2019-04-19 00:00:00,Charles de Gaulle International Airport,44
2019-04-19 00:00:00,Frankfurt am Main Airport,32
2019-04-19 00:00:00,Amsterdam Airport Schiphol,22
2019-04-19 00:00:00,Adolfo Suárez Madrid–Barajas Airport,22
2019-04-19 00:00:00,Rome–Fiumicino Leonardo da Vinci International Airport,21
2019-04-19 00:00:00,Munich Airport,13
2019-04-19 00:00:00,London Gatwick Airport,13
2019-04-19 00:00:00,Zürich Airport,10
2019-04-19 00:00:00,Brussels Airport,9
2019-04-19 00:00:00,Malpensa International Airport,9
2019-04-19 00:00:00,Humberto Delgado Airport (Lisbon Portela Airport),10
2019-04-19 00:00:00,Copenhagen Kastrup Airport,5
2019-04-19 00:00:00,Paris-Orly Airport,7
2019-04-19 00:00:00,Dublin Airport,12
2019-04-19 00:00:00,Josep Tarradellas Barcelona-El Prat Airport,17
2019-04-19 00:00:00,Helsinki Vantaa Airport,11
2019-04-19 00:00:00,Manchester Airport,3
2019-04-19 00:00:00,Vienna International Airport,2
2019-04-19 00:00:00,Düsseldorf Airport,2
2019-04-18 00:00:00,London Heathrow Airport,57
2019-04-18 00:00:00,Adolfo Suárez Madrid–Barajas Airport,67
2019-04-18 00:00:00,Charles de Gaulle International Airport,48
2019-04-18 00:00:00,Frankfurt am Main Airport,29
2019-04-18 00:00:00,Amsterdam Airport Schiphol,25
2019-04-18 00:00:00,Munich Airport,13
2019-04-18 00:00:00,Humberto Delgado Airport (Lisbon Portela Airport),36
2019-04-18 00:00:00,Rome–Fiumicino Leonardo da Vinci International Airport,19
2019-04-18 00:00:00,Brussels Airport,24
2019-04-18 00:00:00,Zürich Airport,10
2019-04-18 00:00:00,Josep Tarradellas Barcelona-El Prat Airport,49
2019-04-18 00:00:00,London Gatwick Airport,29
2019-04-18 00:00:00,Paris-Orly Airport,32
2019-04-18 00:00:00,Copenhagen Kastrup Airport,7
2019-04-18 00:00:00,Vienna International Airport,8
2019-04-18 00:00:00,Malpensa International Airport,11
2019-04-18 00:00:00,Helsinki Vantaa Airport,9
2019-04-18 00:00:00,Dublin Airport,8
2019-04-18 00:00:00,Manchester Airport,9
2019-04-18 00:00:00,Düsseldorf Airport,4
2019-04-17 00:00:00,London Heathrow Airport,60
2019-04-17 00:00:00,Charles de Gaulle International Airport,46
2019-04-17 00:00:00,Frankfurt am Main Airport,44
2019-04-17 00:00:00,Adolfo Suárez Madrid–Barajas Airport,81
2019-04-17 00:00:00,Amsterdam Airport Schiphol,31
2019-04-17 00:00:00,Rome–Fiumicino Leonardo da Vinci International Airport,18
2019-04-17 00:00:00,Malpensa International Airport,18
2019-04-17 00:00:00,Humberto Delgado Airport (Lisbon Portela Airport),34
2019-04-17 00:00:00,Zürich Airport,12
2019-04-17 00:00:00,Copenhagen Kastrup Airport,10
2019-04-17 00:00:00,Josep Tarradellas Barcelona-El Prat Airport,49
2019-04-17 00:00:00,Paris-Orly Airport,23
2019-04-17 00:00:00,London Gatwick Airport,27
2019-04-17 00:00:00,Brussels Airport,20
2019-04-17 00:00:00,Munich Airport,10
2019-04-17 00:00:00,Düsseldorf Airport,7
2019-04-17 00:00:00,Helsinki Vantaa Airport,8
2019-04-17 00:00:00,Dublin Airport,17
2019-04-17 00:00:00,Vienna International Airport,7
2019-04-17 00:00:00,Manchester Airport,13
2019-04-16 00:00:00,London Heathrow Airport,76
2019-04-16 00:00:00,Adolfo Suárez Madrid–Barajas Airport,48
2019-04-16 00:00:00,Charles de Gaulle International Airport,33
2019-04-16 00:00:00,Frankfurt am Main Airport,25
2019-04-16 00:00:00,Zürich Airport,26
2019-04-16 00:00:00,Amsterdam Airport Schiphol,14
2019-04-16 00:00:00,Humberto Delgado Airport (Lisbon Portela Airport),49
2019-04-16 00:00:00,Josep Tarradellas Barcelona-El Prat Airport,22
2019-04-16 00:00:00,Munich Airport,8
2019-04-16 00:00:00,Rome–Fiumicino Leonardo da Vinci International Airport,12
2019-04-16 00:00:00,London Gatwick Airport,22
2019-04-16 00:00:00,Malpensa International Airport,12
2019-04-16 00:00:00,Paris-Orly Airport,11
2019-04-16 00:00:00,Manchester Airport,18
2019-04-16 00:00:00,Dublin Airport,16
2019-04-16 00:00:00,Düsseldorf Airport,6
2019-04-16 00:00:00,Copenhagen Kastrup Airport,3
2019-04-16 00:00:00,Helsinki Vantaa Airport,5
2019-04-16 00:00:00,Vienna International Airport,3
2019-04-16 00:00:00,Brussels Airport,6
2019-04-15 00:00:00,London Heathrow Airport,87
2019-04-15 00:00:00,Frankfurt am Main Airport,37
2019-04-15 00:00:00,Adolfo Suárez Madrid–Barajas Airport,38
2019-04-15 00:00:00,Charles de Gaulle International Airport,33
2019-04-15 00:00:00,Amsterdam Airport Schiphol,28
2019-04-15 00:00:00,Rome–Fiumicino Leonardo da Vinci International Airport,17
2019-04-15 00:00:00,Zürich Airport,12
2019-04-15 00:00:00,Humberto Delgado Airport (Lisbon Portela Airport),23
2019-04-15 00:00:00,Josep Tarradellas Barcelona-El Prat Airport,26
2019-04-15 00:00:00,Munich Airport,12
2019-04-15 00:00:00,Malpensa International Airport,8
2019-04-15 00:00:00,Brussels Airport,17
2019-04-15 00:00:00,London Gatwick Airport,32
2019-04-15 00:00:00,Paris-Orly Airport,22
2019-04-15 00:00:00,Vienna International Airport,5
2019-04-15 00:00:00,Manchester Airport,10
2019-04-15 00:00:00,Dublin Airport,19
2019-04-15 00:00:00,Copenhagen Kastrup Airport,2
2019-04-15 00:00:00,Düsseldorf Airport,5
2019-04-15 00:00:00,Helsinki Vantaa Airport,3
2019-04-14 00:00:00,Adolfo Suárez Madrid–Barajas Airport,44
2019-04-14 00:00:00,Frankfurt am Main Airport,27
2019-04-14 00:00:00,London Heathrow Airport,22
2019-04-14 00:00:00,Humberto Delgado Airport (Lisbon Portela Airport),74
2019-04-14 00:00:00,Zürich Airport,12
2019-04-14 00:00:00,Charles de Gaulle International Airport,13
2019-04-14 00:00:00,Amsterdam Airport Schiphol,14
2019-04-14 00:00:00,Munich Airport,8
2019-04-14 00:00:00,Paris-Orly Airport,14
2019-04-14 00:00:00,Rome–Fiumicino Leonardo da Vinci International Airport,8
2019-04-14 00:00:00,Malpensa International Airport,7
2019-04-14 00:00:00,Josep Tarradellas Barcelona-El Prat Airport,9
2019-04-14 00:00:00,London Gatwick Airport,11
2019-04-14 00:00:00,Manchester Airport,12
2019-04-14 00:00:00,Dublin Airport,22
2019-04-14 00:00:00,Copenhagen Kastrup Airport,6
2019-04-14 00:00:00,Vienna International Airport,3
2019-04-14 00:00:00,Brussels Airport,3
2019-04-14 00:00:00,Helsinki Vantaa Airport,1
2019-04-13 00:00:00,London Heathrow Airport,54
2019-04-13 00:00:00,Charles de Gaulle International Airport,38
2019-04-13 00:00:00,Frankfurt am Main Airport,28
2019-04-13 00:00:00,Amsterdam Airport Schiphol,25
2019-04-13 00:00:00,Adolfo Suárez Madrid–Barajas Airport,26
2019-04-13 00:00:00,Munich Airport,15
2019-04-13 00:00:00,Zürich Airport,10
2019-04-13 00:00:00,Rome–Fiumicino Leonardo da Vinci International Airport,9
2019-04-13 00:00:00,London Gatwick Airport,8
2019-04-13 00:00:00,Humberto Delgado Airport (Lisbon Portela Airport),17
2019-04-13 00:00:00,Malpensa International Airport,5
2019-04-13 00:00:00,Copenhagen Kastrup Airport,5
2019-04-13 00:00:00,Brussels Airport,4
2019-04-13 00:00:00,Dublin Airport,7
2019-04-13 00:00:00,Josep Tarradellas Barcelona-El Prat Airport,7
2019-04-13 00:00:00,Manchester Airport,3
2019-04-13 00:00:00,Vienna International Airport,5
2019-04-13 00:00:00,Paris-Orly Airport,3
2019-04-13 00:00:00,Helsinki Vantaa Airport,2
2019-04-13 00:00:00,Düsseldorf Airport,1
2019-04-12 00:00:00,London Heathrow Airport,51
2019-04-12 00:00:00,Frankfurt am Main Airport,54
2019-04-12 00:00:00,Charles de Gaulle International Airport,28
2019-04-12 00:00:00,Amsterdam Airport Schiphol,29
2019-04-12 00:00:00,Adolfo Suárez Madrid–Barajas Airport,27
2019-04-12 00:00:00,Rome–Fiumicino Leonardo da Vinci International Airport,18
2019-04-12 00:00:00,Munich Airport,12
2019-04-12 00:00:00,Malpensa International Airport,11
2019-04-12 00:00:00,Zürich Airport,9
2019-04-12 00:00:00,Humberto Delgado Airport (Lisbon Portela Airport),13
2019-04-12 00:00:00,Paris-Orly Airport,7
2019-04-12 00:00:00,Josep Tarradellas Barcelona-El Prat Airport,9
2019-04-12 00:00:00,Brussels Airport,7
2019-04-12 00:00:00,Vienna International Airport,5
2019-04-12 00:00:00,Copenhagen Kastrup Airport,5
2019-04-12 00:00:00,Düsseldorf Airport,4
2019-04-12 00:00:00,London Gatwick Airport,4
2019-04-12 00:00:00,Manchester Airport,6
2019-04-12 00:00:00,Dublin Airport,4
2019-04-12 00:00:00,Helsinki Vantaa Airport,1
2019-04-11 00:00:00,London Heathrow Airport,44
2019-04-11 00:00:00,Frankfurt am Main Airport,48
2019-04-11 00:00:00,Charles de Gaulle International Airport,24
2019-04-11 00:00:00,Amsterdam Airport Schiphol,20
2019-04-11 00:00:00,Adolfo Suárez Madrid–Barajas Airport,16
2019-04-11 00:00:00,Zürich Airport,9
2019-04-11 00:00:00,Munich Airport,18
2019-04-11 00:00:00,Vienna International Airport,12
2019-04-11 00:00:00,Brussels Airport,7
2019-04-11 00:00:00,Malpensa International Airport,9
2019-04-11 00:00:00,Rome–Fiumicino Leonardo da Vinci International Airport,11
2019-04-11 00:00:00,Copenhagen Kastrup Airport,6
2019-04-11 00:00:00,Humberto Delgado Airport (Lisbon Portela Airport),8
2019-04-11 00:00:00,London Gatwick Airport,4
2019-04-11 00:00:00,Josep Tarradellas Barcelona-El Prat Airport,10
2019-04-11 00:00:00,Düsseldorf Airport,7
2019-04-11 00:00:00,Dublin Airport,2
2019-04-11 00:00:00,Manchester Airport,2
2019-04-11 00:00:00,Helsinki Vantaa Airport,1
2019-04-11 00:00:00,Paris-Orly Airport,1
2019-04-10 00:00:00,London Heathrow Airport,49
2019-04-10 00:00:00,Charles de Gaulle International Airport,37
2019-04-10 00:00:00,Frankfurt am Main Airport,42
2019-04-10 00:00:00,Amsterdam Airport Schiphol,26
2019-04-10 00:00:00,Adolfo Suárez Madrid–Barajas Airport,27
2019-04-10 00:00:00,Zürich Airport,17
2019-04-10 00:00:00,Munich Airport,17
2019-04-10 00:00:00,Rome–Fiumicino Leonardo da Vinci International Airport,7
2019-04-10 00:00:00,Copenhagen Kastrup Airport,9
2019-04-10 00:00:00,London Gatwick Airport,4
2019-04-10 00:00:00,Malpensa International Airport,5
2019-04-10 00:00:00,Düsseldorf Airport,4
2019-04-10 00:00:00,Humberto Delgado Airport (Lisbon Portela Airport),5
2019-04-10 00:00:00,Helsinki Vantaa Airport,4
2019-04-10 00:00:00,Brussels Airport,3
2019-04-10 00:00:00,Dublin Airport,4
2019-04-10 00:00:00,Vienna International Airport,4
2019-04-10 00:00:00,Manchester Airport,2
2019-04-10 00:00:00,Josep Tarradellas Barcelona-El Prat Airport,1
2019-04-10 00:00:00,Paris-Orly Airport,2
2019-04-09 00:00:00,London Heathrow Airport,52
2019-04-09 00:00:00,Frankfurt am Main Airport,34
2019-04-09 00:00:00,Charles de Gaulle International Airport,20
2019-04-09 00:00:00,Amsterdam Airport Schiphol,23
2019-04-09 00:00:00,Zürich Airport,13
2019-04-09 00:00:00,Adolfo Suárez Madrid–Barajas Airport,16
2019-04-09 00:00:00,Munich Airport,14
2019-04-09 00:00:00,London Gatwick Airport,5
2019-04-09 00:00:00,Rome–Fiumicino Leonardo da Vinci International Airport,5
2019-04-09 00:00:00,Copenhagen Kastrup Airport,5
2019-04-09 00:00:00,Paris-Orly Airport,5
2019-04-09 00:00:00,Düsseldorf Airport,10
2019-04-09 00:00:00,Josep Tarradellas Barcelona-El Prat Airport,5
2019-04-09 00:00:00,Malpensa International Airport,3
2019-04-09 00:00:00,Manchester Airport,5
2019-04-09 00:00:00,Vienna International Airport,8
2019-04-09 00:00:00,Brussels Airport,3
2019-04-09 00:00:00,Dublin Airport,4
2019-04-09 00:00:00,Humberto Delgado Airport (Lisbon Portela Airport),1
2019-04-09 00:00:00,Helsinki Vantaa Airport,1
2019-04-08 00:00:00,London Heathrow Airport,58
2019-04-08 00:00:00,Frankfurt am Main Airport,49
2019-04-08 00:00:00,Charles de Gaulle International Airport,33
2019-04-08 00:00:00,Amsterdam Airport Schiphol,27
2019-04-08 00:00:00,Adolfo Suárez Madrid–Barajas Airport,22
2019-04-08 00:00:00,Munich Airport,27
2019-04-08 00:00:00,Zürich Airport,10
2019-04-08 00:00:00,Rome–Fiumicino Leonardo da Vinci International Airport,12
2019-04-08 00:00:00,London Gatwick Airport,10
2019-04-08 00:00:00,Brussels Airport,12
2019-04-08 00:00:00,Copenhagen Kastrup Airport,7
2019-04-08 00:00:00,Vienna International Airport,13
2019-04-08 00:00:00,Malpensa International Airport,6
2019-04-08 00:00:00,Manchester Airport,6
2019-04-08 00:00:00,Humberto Delgado Airport (Lisbon Portela Airport),5
2019-04-08 00:00:00,Josep Tarradellas Barcelona-El Prat Airport,5
2019-04-08 00:00:00,Dublin Airport,5
2019-04-08 00:00:00,Düsseldorf Airport,15
2019-04-08 00:00:00,Paris-Orly Airport,4
2019-04-08 00:00:00,Helsinki Vantaa Airport,1
2019-04-07 00:00:00,London Heathrow Airport,57
2019-04-07 00:00:00,Frankfurt am Main Airport,35
2019-04-07 00:00:00,Adolfo Suárez Madrid–Barajas Airport,30
2019-04-07 00:00:00,Amsterdam Airport Schiphol,29
2019-04-07 00:00:00,Charles de Gaulle International Airport,24
2019-04-07 00:00:00,Zürich Airport,13
2019-04-07 00:00:00,Munich Airport,7
2019-04-07 00:00:00,Rome–Fiumicino Leonardo da Vinci International Airport,6
2019-04-07 00:00:00,Copenhagen Kastrup Airport,5
2019-04-07 00:00:00,Dublin Airport,8
2019-04-07 00:00:00,London Gatwick Airport,5
2019-04-07 00:00:00,Vienna International Airport,4
2019-04-07 00:00:00,Malpensa International Airport,2
2019-04-07 00:00:00,Brussels Airport,4
2019-04-07 00:00:00,Humberto Delgado Airport (Lisbon Portela Airport),7
2019-04-07 00:00:00,Josep Tarradellas Barcelona-El Prat Airport,2
2019-04-07 00:00:00,Manchester Airport,4
2019-04-07 00:00:00,Düsseldorf Airport,1
2019-04-06 00:00:00,London Heathrow Airport,93
2019-04-06 00:00:00,Frankfurt am Main Airport,65
2019-04-06 00:00:00,Charles de Gaulle International Airport,43
2019-04-06 00:00:00,Amsterdam Airport Schiphol,33
2019-04-06 00:00:00,Zürich Airport,21
2019-04-06 00:00:00,Adolfo Suárez Madrid–Barajas Airport,18
2019-04-06 00:00:00,Munich Airport,23
2019-04-06 00:00:00,Paris-Orly Airport,8
2019-04-06 00:00:00,Brussels Airport,13
2019-04-06 00:00:00,London Gatwick Airport,8
2019-04-06 00:00:00,Rome–Fiumicino Leonardo da Vinci International Airport,6
2019-04-06 00:00:00,Dublin Airport,11
2019-04-06 00:00:00,Humberto Delgado Airport (Lisbon Portela Airport),7
2019-04-06 00:00:00,Malpensa International Airport,5
2019-04-06 00:00:00,Vienna International Airport,6
2019-04-06 00:00:00,Düsseldorf Airport,7
2019-04-06 00:00:00,Manchester Airport,16
2019-04-06 00:00:00,Josep Tarradellas Barcelona-El Prat Airport,3
2019-04-06 00:00:00,Copenhagen Kastrup Airport,2
2019-04-06 00:00:00,Helsinki Vantaa Airport,1
2019-04-05 00:00:00,London Heathrow Airport,107
2019-04-05 00:00:00,Charles de Gaulle International Airport,61
2019-04-05 00:00:00,Frankfurt am Main Airport,55
2019-04-05 00:00:00,Adolfo Suárez Madrid–Barajas Airport,32
2019-04-05 00:00:00,Amsterdam Airport Schiphol,26
2019-04-05 00:00:00,Zürich Airport,16
2019-04-05 00:00:00,Copenhagen Kastrup Airport,15
2019-04-05 00:00:00,London Gatwick Airport,18
2019-04-05 00:00:00,Dublin Airport,10
2019-04-05 00:00:00,Paris-Orly Airport,8
2019-04-05 00:00:00,Manchester Airport,15
2019-04-05 00:00:00,Munich Airport,8
2019-04-05 00:00:00,Josep Tarradellas Barcelona-El Prat Airport,19
2019-04-05 00:00:00,Brussels Airport,22
2019-04-05 00:00:00,Rome–Fiumicino Leonardo da Vinci International Airport,4
2019-04-05 00:00:00,Malpensa International Airport,7
2019-04-05 00:00:00,Humberto Delgado Airport (Lisbon Portela Airport),3
2019-04-05 00:00:00,Vienna International Airport,2
2019-04-05 00:00:00,Helsinki Vantaa Airport,4
2019-04-05 00:00:00,Düsseldorf Airport,7
2019-04-04 00:00:00,London Heathrow Airport,39
2019-04-04 00:00:00,Frankfurt am Main Airport,27
2019-04-04 00:00:00,Charles de Gaulle International Airport,19
2019-04-04 00:00:00,Amsterdam Airport Schiphol,16
2019-04-04 00:00:00,Adolfo Suárez Madrid–Barajas Airport,17
2019-04-04 00:00:00,Zürich Airport,10
2019-04-04 00:00:00,Rome–Fiumicino Leonardo da Vinci International Airport,6
2019-04-04 00:00:00,London Gatwick Airport,6
2019-04-04 00:00:00,Brussels Airport,4
2019-04-04 00:00:00,Munich Airport,3
2019-04-04 00:00:00,Malpensa International Airport,3
2019-04-04 00:00:00,Copenhagen Kastrup Airport,5
2019-04-04 00:00:00,Paris-Orly Airport,3
2019-04-04 00:00:00,Josep Tarradellas Barcelona-El Prat Airport,4
2019-04-04 00:00:00,Humberto Delgado Airport (Lisbon Portela Airport),3
2019-04-04 00:00:00,Manchester Airport,2
2019-04-04 00:00:00,Vienna International Airport,2
2019-04-04 00:00:00,Helsinki Vantaa Airport,3
2019-04-04 00:00:00,Düsseldorf Airport,2
2019-04-03 00:00:00,London Heathrow Airport,52
2019-04-03 00:00:00,Charles de Gaulle International Airport,36
2019-04-03 00:00:00,Frankfurt am Main Airport,32
2019-04-03 00:00:00,Amsterdam Airport Schiphol,25
2019-04-03 00:00:00,Adolfo Suárez Madrid–Barajas Airport,19
2019-04-03 00:00:00,Rome–Fiumicino Leonardo da Vinci International Airport,14
2019-04-03 00:00:00,London Gatwick Airport,11
2019-04-03 00:00:00,Malpensa International Airport,6
2019-04-03 00:00:00,Munich Airport,11
2019-04-03 00:00:00,Zürich Airport,6
2019-04-03 00:00:00,Josep Tarradellas Barcelona-El Prat Airport,7
2019-04-03 00:00:00,Copenhagen Kastrup Airport,11
2019-04-03 00:00:00,Brussels Airport,6
2019-04-03 00:00:00,Humberto Delgado Airport (Lisbon Portela Airport),5
2019-04-03 00:00:00,Düsseldorf Airport,7
2019-04-03 00:00:00,Vienna International Airport,5
2019-04-03 00:00:00,Helsinki Vantaa Airport,11
2019-04-03 00:00:00,Dublin Airport,1
2019-04-03 00:00:00,Manchester Airport,1
2019-04-02 00:00:00,London Heathrow Airport,109
2019-04-02 00:00:00,Frankfurt am Main Airport,81
2019-04-02 00:00:00,Charles de Gaulle International Airport,68
2019-04-02 00:00:00,Amsterdam Airport Schiphol,59
2019-04-02 00:00:00,Munich Airport,54
2019-04-02 00:00:00,Zürich Airport,37
2019-04-02 00:00:00,London Gatwick Airport,23
2019-04-02 00:00:00,Dublin Airport,30
2019-04-02 00:00:00,Adolfo Suárez Madrid–Barajas Airport,16
2019-04-02 00:00:00,Manchester Airport,17
2019-04-02 00:00:00,Brussels Airport,18
2019-04-02 00:00:00,Rome–Fiumicino Leonardo da Vinci International Airport,15
2019-04-02 00:00:00,Copenhagen Kastrup Airport,17
2019-04-02 00:00:00,Josep Tarradellas Barcelona-El Prat Airport,11
2019-04-02 00:00:00,Malpensa International Airport,8
2019-04-02 00:00:00,Vienna International Airport,24
2019-04-02 00:00:00,Düsseldorf Airport,24
2019-04-02 00:00:00,Helsinki Vantaa Airport,11
2019-04-02 00:00:00,Humberto Delgado Airport (Lisbon Portela Airport),2
2019-04-02 00:00:00,Paris-Orly Airport,2
2019-04-01 00:00:00,London Heathrow Airport,120
2019-04-01 00:00:00,Charles de Gaulle International Airport,52
2019-04-01 00:00:00,Frankfurt am Main Airport,43
2019-04-01 00:00:00,Amsterdam Airport Schiphol,35
2019-04-01 00:00:00,Adolfo Suárez Madrid–Barajas Airport,35
2019-04-01 00:00:00,Zürich Airport,20
2019-04-01 00:00:00,London Gatwick Airport,26
2019-04-01 00:00:00,Rome–Fiumicino Leonardo da Vinci International Airport,24
2019-04-01 00:00:00,Munich Airport,13
2019-04-01 00:00:00,Dublin Airport,31
2019-04-01 00:00:00,Josep Tarradellas Barcelona-El Prat Airport,20
2019-04-01 00:00:00,Manchester Airport,18
2019-04-01 00:00:00,Malpensa International Airport,13
2019-04-01 00:00:00,Brussels Airport,10
2019-04-01 00:00:00,Humberto Delgado Airport (Lisbon Portela Airport),14
2019-04-01 00:00:00,Vienna International Airport,7
2019-04-01 00:00:00,Helsinki Vantaa Airport,8
2019-04-01 00:00:00,Copenhagen Kastrup Airport,6
2019-04-01 00:00:00,Paris-Orly Airport,5
2019-04-01 00:00:00,Düsseldorf Airport,3
2019-03-31 00:00:00,London Heathrow Airport,69
2019-03-31 00:00:00,Frankfurt am Main Airport,31
2019-03-31 00:00:00,Charles de Gaulle International Airport,31
2019-03-31 00:00:00,Amsterdam Airport Schiphol,23
2019-03-31 00:00:00,Adolfo Suárez Madrid–Barajas Airport,15
2019-03-31 00:00:00,Rome–Fiumicino Leonardo da Vinci International Airport,16
2019-03-31 00:00:00,Munich Airport,13
2019-03-31 00:00:00,Zürich Airport,12
2019-03-31 00:00:00,Malpensa International Airport,7
2019-03-31 00:00:00,Dublin Airport,12
2019-03-31 00:00:00,Josep Tarradellas Barcelona-El Prat Airport,8
2019-03-31 00:00:00,London Gatwick Airport,7
2019-03-31 00:00:00,Brussels Airport,6
2019-03-31 00:00:00,Copenhagen Kastrup Airport,6
2019-03-31 00:00:00,Vienna International Airport,4
2019-03-31 00:00:00,Manchester Airport,5
2019-03-31 00:00:00,Helsinki Vantaa Airport,3
2019-03-31 00:00:00,Humberto Delgado Airport (Lisbon Portela Airport),4
2019-03-31 00:00:00,Paris-Orly Airport,2
2019-03-31 00:00:00,Düsseldorf Airport,2
2019-03-30 00:00:00,London Heathrow Airport,87
2019-03-30 00:00:00,Charles de Gaulle International Airport,52
2019-03-30 00:00:00,Frankfurt am Main Airport,64
2019-03-30 00:00:00,Amsterdam Airport Schiphol,36
2019-03-30 00:00:00,Munich Airport,29
2019-03-30 00:00:00,Adolfo Suárez Madrid–Barajas Airport,23
2019-03-30 00:00:00,Zürich Airport,17
2019-03-30 00:00:00,London Gatwick Airport,14
2019-03-30 00:00:00,Rome–Fiumicino Leonardo da Vinci International Airport,16
2019-03-30 00:00:00,Manchester Airport,12
2019-03-30 00:00:00,Malpensa International Airport,13
2019-03-30 00:00:00,Copenhagen Kastrup Airport,15
2019-03-30 00:00:00,Paris-Orly Airport,7
2019-03-30 00:00:00,Brussels Airport,11
2019-03-30 00:00:00,Dublin Airport,10
2019-03-30 00:00:00,Helsinki Vantaa Airport,13
2019-03-30 00:00:00,Humberto Delgado Airport (Lisbon Portela Airport),6
2019-03-30 00:00:00,Düsseldorf Airport,15
2019-03-30 00:00:00,Vienna International Airport,21
2019-03-30 00:00:00,Josep Tarradellas Barcelona-El Prat Airport,9
2019-03-29 00:00:00,London Heathrow Airport,102
2019-03-29 00:00:00,Frankfurt am Main Airport,69
2019-03-29 00:00:00,Charles de Gaulle International Airport,43
2019-03-29 00:00:00,Amsterdam Airport Schiphol,40
2019-03-29 00:00:00,Zürich Airport,22
2019-03-29 00:00:00,Munich Airport,39
2019-03-29 00:00:00,Adolfo Suárez Madrid–Barajas Airport,17
2019-03-29 00:00:00,Vienna International Airport,34
2019-03-29 00:00:00,Rome–Fiumicino Leonardo da Vinci International Airport,19
2019-03-29 00:00:00,Copenhagen Kastrup Airport,19
2019-03-29 00:00:00,Malpensa International Airport,18
2019-03-29 00:00:00,London Gatwick Airport,11
2019-03-29 00:00:00,Düsseldorf Airport,18
2019-03-29 00:00:00,Josep Tarradellas Barcelona-El Prat Airport,11
2019-03-29 00:00:00,Brussels Airport,8
2019-03-29 00:00:00,Paris-Orly Airport,6
2019-03-29 00:00:00,Manchester Airport,7
2019-03-29 00:00:00,Helsinki Vantaa Airport,18
2019-03-29 00:00:00,Dublin Airport,6
2019-03-29 00:00:00,Humberto Delgado Airport (Lisbon Portela Airport),3
2019-03-28 00:00:00,London Heathrow Airport,111
2019-03-28 00:00:00,Frankfurt am Main Airport,56
2019-03-28 00:00:00,Charles de Gaulle International Airport,46
2019-03-28 00:00:00,Amsterdam Airport Schiphol,37
2019-03-28 00:00:00,Munich Airport,22
2019-03-28 00:00:00,Zürich Airport,17
2019-03-28 00:00:00,London Gatwick Airport,17
2019-03-28 00:00:00,Dublin Airport,15
2019-03-28 00:00:00,Rome–Fiumicino Leonardo da Vinci International Airport,8
2019-03-28 00:00:00,Adolfo Suárez Madrid–Barajas Airport,8
2019-03-28 00:00:00,Copenhagen Kastrup Airport,9
2019-03-28 00:00:00,Brussels Airport,10
2019-03-28 00:00:00,Malpensa International Airport,6
2019-03-28 00:00:00,Manchester Airport,7
2019-03-28 00:00:00,Düsseldorf Airport,6
2019-03-28 00:00:00,Vienna International Airport,7
2019-03-28 00:00:00,Paris-Orly Airport,3
2019-03-28 00:00:00,Helsinki Vantaa Airport,5
2019-03-28 00:00:00,Josep Tarradellas Barcelona-El Prat Airport,2
2019-03-28 00:00:00,Humberto Delgado Airport (Lisbon Portela Airport),1
2019-03-27 00:00:00,London Heathrow Airport,83
2019-03-27 00:00:00,Charles de Gaulle International Airport,39
2019-03-27 00:00:00,Frankfurt am Main Airport,26
2019-03-27 00:00:00,Amsterdam Airport Schiphol,28
2019-03-27 00:00:00,Adolfo Suárez Madrid–Barajas Airport,13
2019-03-27 00:00:00,London Gatwick Airport,11
2019-03-27 00:00:00,Zürich Airport,6
2019-03-27 00:00:00,Munich Airport,9
2019-03-27 00:00:00,Rome–Fiumicino Leonardo da Vinci International Airport,7
2019-03-27 00:00:00,Malpensa International Airport,5
2019-03-27 00:00:00,Dublin Airport,10
2019-03-27 00:00:00,Brussels Airport,7
2019-03-27 00:00:00,Manchester Airport,5
2019-03-27 00:00:00,Vienna International Airport,5
2019-03-27 00:00:00,Humberto Delgado Airport (Lisbon Portela Airport),3
2019-03-27 00:00:00,Copenhagen Kastrup Airport,3
2019-03-27 00:00:00,Düsseldorf Airport,2
2019-03-27 00:00:00,Josep Tarradellas Barcelona-El Prat Airport,2
2019-03-27 00:00:00,Paris-Orly Airport,1
2019-03-27 00:00:00,Helsinki Vantaa Airport,3
2019-03-26 00:00:00,London Heathrow Airport,66
2019-03-26 00:00:00,Charles de Gaulle International Airport,28
2019-03-26 00:00:00,Frankfurt am Main Airport,27
2019-03-26 00:00:00,Amsterdam Airport Schiphol,25
2019-03-26 00:00:00,Adolfo Suárez Madrid–Barajas Airport,21
2019-03-26 00:00:00,Munich Airport,17
2019-03-26 00:00:00,Zürich Airport,12
2019-03-26 00:00:00,Rome–Fiumicino Leonardo da Vinci International Airport,10
2019-03-26 00:00:00,London Gatwick Airport,8
2019-03-26 00:00:00,Josep Tarradellas Barcelona-El Prat Airport,8
2019-03-26 00:00:00,Humberto Delgado Airport (Lisbon Portela Airport),9
2019-03-26 00:00:00,Malpensa International Airport,5
2019-03-26 00:00:00,Brussels Airport,5
2019-03-26 00:00:00,Copenhagen Kastrup Airport,3
2019-03-26 00:00:00,Paris-Orly Airport,3
2019-03-26 00:00:00,Dublin Airport,4
2019-03-26 00:00:00,Vienna International Airport,3
2019-03-26 00:00:00,Manchester Airport,2
2019-03-26 00:00:00,Helsinki Vantaa Airport,3
2019-03-26 00:00:00,Düsseldorf Airport,1
2019-03-25 00:00:00,London Heathrow Airport,78
2019-03-25 00:00:00,Charles de Gaulle International Airport,28
2019-03-25 00:00:00,Frankfurt am Main Airport,26
2019-03-25 00:00:00,Amsterdam Airport Schiphol,17
2019-03-25 00:00:00,London Gatwick Airport,17
2019-03-25 00:00:00,Munich Airport,13
2019-03-25 00:00:00,Adolfo Suárez Madrid–Barajas Airport,13
2019-03-25 00:00:00,Rome–Fiumicino Leonardo da Vinci International Airport,11
2019-03-25 00:00:00,Zürich Airport,12
2019-03-25 00:00:00,Malpensa International Airport,9
2019-03-25 00:00:00,Dublin Airport,11
2019-03-25 00:00:00,Paris-Orly Airport,7
2019-03-25 00:00:00,Copenhagen Kastrup Airport,5
2019-03-25 00:00:00,Josep Tarradellas Barcelona-El Prat Airport,4
2019-03-25 00:00:00,Manchester Airport,4
2019-03-25 00:00:00,Düsseldorf Airport,3
2019-03-25 00:00:00,Humberto Delgado Airport (Lisbon Portela Airport),4
2019-03-25 00:00:00,Brussels Airport,1
2019-03-25 00:00:00,Helsinki Vantaa Airport,2
2019-03-24 00:00:00,London Heathrow Airport,99
2019-03-24 00:00:00,Frankfurt am Main Airport,39
2019-03-24 00:00:00,Charles de Gaulle International Airport,35
2019-03-24 00:00:00,Amsterdam Airport Schiphol,23
2019-03-24 00:00:00,Munich Airport,14
2019-03-24 00:00:00,Zürich Airport,13
2019-03-24 00:00:00,Adolfo Suárez Madrid–Barajas Airport,12
2019-03-24 00:00:00,London Gatwick Airport,15
2019-03-24 00:00:00,Rome–Fiumicino Leonardo da Vinci International Airport,9
2019-03-24 00:00:00,Dublin Airport,13
2019-03-24 00:00:00,Malpensa International Airport,8
2019-03-24 00:00:00,Humberto Delgado Airport (Lisbon Portela Airport),9
2019-03-24 00:00:00,Vienna International Airport,8
2019-03-24 00:00:00,Copenhagen Kastrup Airport,5
2019-03-24 00:00:00,Paris-Orly Airport,5
2019-03-24 00:00:00,Josep Tarradellas Barcelona-El Prat Airport,4
2019-03-24 00:00:00,Helsinki Vantaa Airport,4
2019-03-24 00:00:00,Manchester Airport,2
2019-03-24 00:00:00,Düsseldorf Airport,3
2019-03-24 00:00:00,Brussels Airport,2
2019-03-23 00:00:00,London Heathrow Airport,110
2019-03-23 00:00:00,Charles de Gaulle International Airport,76
2019-03-23 00:00:00,Frankfurt am Main Airport,63
2019-03-23 00:00:00,Amsterdam Airport Schiphol,29
2019-03-23 00:00:00,Adolfo Suárez Madrid–Barajas Airport,25
2019-03-23 00:00:00,Zürich Airport,17
2019-03-23 00:00:00,Munich Airport,29
2019-03-23 00:00:00,London Gatwick Airport,14
2019-03-23 00:00:00,Malpensa International Airport,10
2019-03-23 00:00:00,Rome–Fiumicino Leonardo da Vinci International Airport,11
2019-03-23 00:00:00,Manchester Airport,20
2019-03-23 00:00:00,Brussels Airport,9
2019-03-23 00:00:00,Copenhagen Kastrup Airport,23
2019-03-23 00:00:00,Paris-Orly Airport,7
2019-03-23 00:00:00,Josep Tarradellas Barcelona-El Prat Airport,15
2019-03-23 00:00:00,Helsinki Vantaa Airport,31
2019-03-23 00:00:00,Humberto Delgado Airport (Lisbon Portela Airport),11
2019-03-23 00:00:00,Dublin Airport,22
2019-03-23 00:00:00,Düsseldorf Airport,10
2019-03-23 00:00:00,Vienna International Airport,8
2019-03-22 00:00:00,London Heathrow Airport,43
2019-03-22 00:00:00,Frankfurt am Main Airport,41
2019-03-22 00:00:00,Charles de Gaulle International Airport,39
2019-03-22 00:00:00,Amsterdam Airport Schiphol,21
2019-03-22 00:00:00,Adolfo Suárez Madrid–Barajas Airport,18
2019-03-22 00:00:00,London Gatwick Airport,15
2019-03-22 00:00:00,Zürich Airport,9
2019-03-22 00:00:00,Humberto Delgado Airport (Lisbon Portela Airport),16
2019-03-22 00:00:00,Munich Airport,11
2019-03-22 00:00:00,Paris-Orly Airport,8
2019-03-22 00:00:00,Malpensa International Airport,10
2019-03-22 00:00:00,Rome–Fiumicino Leonardo da Vinci International Airport,9
2019-03-22 00:00:00,Brussels Airport,5
2019-03-22 00:00:00,Copenhagen Kastrup Airport,14
2019-03-22 00:00:00,Josep Tarradellas Barcelona-El Prat Airport,9
2019-03-22 00:00:00,Manchester Airport,9
2019-03-22 00:00:00,Vienna International Airport,4
2019-03-22 00:00:00,Düsseldorf Airport,4
2019-03-22 00:00:00,Dublin Airport,17
2019-03-22 00:00:00,Helsinki Vantaa Airport,6
2019-03-21 00:00:00,London Heathrow Airport,97
2019-03-21 00:00:00,Frankfurt am Main Airport,39
2019-03-21 00:00:00,Charles de Gaulle International Airport,34
2019-03-21 00:00:00,Amsterdam Airport Schiphol,26
2019-03-21 00:00:00,Adolfo Suárez Madrid–Barajas Airport,19
2019-03-21 00:00:00,Munich Airport,19
2019-03-21 00:00:00,Rome–Fiumicino Leonardo da Vinci International Airport,11
2019-03-21 00:00:00,Humberto Delgado Airport (Lisbon Portela Airport),14
2019-03-21 00:00:00,London Gatwick Airport,13
2019-03-21 00:00:00,Zürich Airport,9
2019-03-21 00:00:00,Malpensa International Airport,10
2019-03-21 00:00:00,Brussels Airport,8
2019-03-21 00:00:00,Manchester Airport,8
2019-03-21 00:00:00,Josep Tarradellas Barcelona-El Prat Airport,5
2019-03-21 00:00:00,Dublin Airport,15
2019-03-21 00:00:00,Vienna International Airport,5
2019-03-21 00:00:00,Copenhagen Kastrup Airport,7
2019-03-21 00:00:00,Helsinki Vantaa Airport,2
2019-03-21 00:00:00,Paris-Orly Airport,1
2019-03-21 00:00:00,Düsseldorf Airport,2
2019-03-20 00:00:00,London Heathrow Airport,69
2019-03-20 00:00:00,Frankfurt am Main Airport,62
2019-03-20 00:00:00,Charles de Gaulle International Airport,55
2019-03-20 00:00:00,Amsterdam Airport Schiphol,61
2019-03-20 00:00:00,Adolfo Suárez Madrid–Barajas Airport,17
2019-03-20 00:00:00,Munich Airport,26
2019-03-20 00:00:00,Copenhagen Kastrup Airport,40
2019-03-20 00:00:00,Vienna International Airport,12
2019-03-20 00:00:00,Brussels Airport,14
2019-03-20 00:00:00,Helsinki Vantaa Airport,36
2019-03-20 00:00:00,Rome–Fiumicino Leonardo da Vinci International Airport,6
2019-03-20 00:00:00,Manchester Airport,10
2019-03-20 00:00:00,Josep Tarradellas Barcelona-El Prat Airport,13
2019-03-20 00:00:00,Malpensa International Airport,7
2019-03-20 00:00:00,London Gatwick Airport,19
2019-03-20 00:00:00,Zürich Airport,4
2019-03-20 00:00:00,Düsseldorf Airport,7
2019-03-20 00:00:00,Dublin Airport,24
2019-03-20 00:00:00,Humberto Delgado Airport (Lisbon Portela Airport),5
2019-03-20 00:00:00,Paris-Orly Airport,2
2019-03-19 00:00:00,London Heathrow Airport,80
2019-03-19 00:00:00,Frankfurt am Main Airport,41
2019-03-19 00:00:00,Charles de Gaulle International Airport,33
2019-03-19 00:00:00,Amsterdam Airport Schiphol,25
2019-03-19 00:00:00,Munich Airport,18
2019-03-19 00:00:00,Adolfo Suárez Madrid–Barajas Airport,13
2019-03-19 00:00:00,Zürich Airport,15
2019-03-19 00:00:00,Helsinki Vantaa Airport,15
2019-03-19 00:00:00,Rome–Fiumicino Leonardo da Vinci International Airport,10
2019-03-19 00:00:00,Dublin Airport,12
2019-03-19 00:00:00,Vienna International Airport,9
2019-03-19 00:00:00,London Gatwick Airport,7
2019-03-19 00:00:00,Brussels Airport,7
2019-03-19 00:00:00,Malpensa International Airport,4
2019-03-19 00:00:00,Manchester Airport,3
2019-03-19 00:00:00,Copenhagen Kastrup Airport,1
2019-03-19 00:00:00,Humberto Delgado Airport (Lisbon Portela Airport),3
2019-03-19 00:00:00,Düsseldorf Airport,2
2019-03-19 00:00:00,Josep Tarradellas Barcelona-El Prat Airport,2
2019-03-19 00:00:00,Paris-Orly Airport,2
2019-03-18 00:00:00,London Heathrow Airport,69
2019-03-18 00:00:00,Frankfurt am Main Airport,46
2019-03-18 00:00:00,Charles de Gaulle International Airport,39
2019-03-18 00:00:00,Amsterdam Airport Schiphol,36
2019-03-18 00:00:00,Munich Airport,23
2019-03-18 00:00:00,Adolfo Suárez Madrid–Barajas Airport,16
2019-03-18 00:00:00,Zürich Airport,13
2019-03-18 00:00:00,Helsinki Vantaa Airport,13
2019-03-18 00:00:00,London Gatwick Airport,8
2019-03-18 00:00:00,Rome–Fiumicino Leonardo da Vinci International Airport,11
2019-03-18 00:00:00,Brussels Airport,6
2019-03-18 00:00:00,Dublin Airport,12
2019-03-18 00:00:00,Copenhagen Kastrup Airport,6
2019-03-18 00:00:00,Malpensa International Airport,5
2019-03-18 00:00:00,Vienna International Airport,6
2019-03-18 00:00:00,Humberto Delgado Airport (Lisbon Portela Airport),6
2019-03-18 00:00:00,Manchester Airport,3
2019-03-18 00:00:00,Düsseldorf Airport,2
2019-03-18 00:00:00,Josep Tarradellas Barcelona-El Prat Airport,3
2019-03-17 00:00:00,London Heathrow Airport,90
2019-03-17 00:00:00,Charles de Gaulle International Airport,57
2019-03-17 00:00:00,Frankfurt am Main Airport,67
2019-03-17 00:00:00,Adolfo Suárez Madrid–Barajas Airport,28
2019-03-17 00:00:00,Amsterdam Airport Schiphol,29
2019-03-17 00:00:00,Munich Airport,29
2019-03-17 00:00:00,Rome–Fiumicino Leonardo da Vinci International Airport,20
2019-03-17 00:00:00,Malpensa International Airport,13
2019-03-17 00:00:00,Copenhagen Kastrup Airport,22
2019-03-17 00:00:00,London Gatwick Airport,12
2019-03-17 00:00:00,Düsseldorf Airport,17
2019-03-17 00:00:00,Zürich Airport,11
2019-03-17 00:00:00,Helsinki Vantaa Airport,28
2019-03-17 00:00:00,Humberto Delgado Airport (Lisbon Portela Airport),11
2019-03-17 00:00:00,Brussels Airport,10
2019-03-17 00:00:00,Manchester Airport,6
2019-03-17 00:00:00,Dublin Airport,8
2019-03-17 00:00:00,Josep Tarradellas Barcelona-El Prat Airport,7
2019-03-17 00:00:00,Paris-Orly Airport,5
2019-03-17 00:00:00,Vienna International Airport,15
2019-03-16 00:00:00,London Heathrow Airport,105
2019-03-16 00:00:00,Frankfurt am Main Airport,63
2019-03-16 00:00:00,Charles de Gaulle International Airport,51
2019-03-16 00:00:00,Amsterdam Airport Schiphol,47
2019-03-16 00:00:00,Adolfo Suárez Madrid–Barajas Airport,30
2019-03-16 00:00:00,London Gatwick Airport,39
2019-03-16 00:00:00,Munich Airport,38
2019-03-16 00:00:00,Rome–Fiumicino Leonardo da Vinci International Airport,10
2019-03-16 00:00:00,Paris-Orly Airport,12
2019-03-16 00:00:00,Zürich Airport,9
2019-03-16 00:00:00,Manchester Airport,21
2019-03-16 00:00:00,Helsinki Vantaa Airport,12
2019-03-16 00:00:00,Brussels Airport,9
2019-03-16 00:00:00,Copenhagen Kastrup Airport,16
2019-03-16 00:00:00,Düsseldorf Airport,12
2019-03-16 00:00:00,Dublin Airport,17
2019-03-16 00:00:00,Malpensa International Airport,5
2019-03-16 00:00:00,Vienna International Airport,13
2019-03-16 00:00:00,Josep Tarradellas Barcelona-El Prat Airport,10
2019-03-16 00:00:00,Humberto Delgado Airport (Lisbon Portela Airport),6
2019-03-15 00:00:00,London Heathrow Airport,202
2019-03-15 00:00:00,Frankfurt am Main Airport,101
2019-03-15 00:00:00,Charles de Gaulle International Airport,102
2019-03-15 00:00:00,Amsterdam Airport Schiphol,56
2019-03-15 00:00:00,Munich Airport,46
2019-03-15 00:00:00,Adolfo Suárez Madrid–Barajas Airport,39
2019-03-15 00:00:00,Zürich Airport,29
2019-03-15 00:00:00,London Gatwick Airport,49
2019-03-15 00:00:00,Malpensa International Airport,22
2019-03-15 00:00:00,Manchester Airport,47
2019-03-15 00:00:00,Dublin Airport,76
2019-03-15 00:00:00,Paris-Orly Airport,14
2019-03-15 00:00:00,Rome–Fiumicino Leonardo da Vinci International Airport,12
2019-03-15 00:00:00,Brussels Airport,22
2019-03-15 00:00:00,Düsseldorf Airport,21
2019-03-15 00:00:00,Helsinki Vantaa Airport,21
2019-03-15 00:00:00,Josep Tarradellas Barcelona-El Prat Airport,31
2019-03-15 00:00:00,Humberto Delgado Airport (Lisbon Portela Airport),21
2019-03-15 00:00:00,Copenhagen Kastrup Airport,25
2019-03-15 00:00:00,Vienna International Airport,16
2019-03-14 00:00:00,London Heathrow Airport,113
2019-03-14 00:00:00,Frankfurt am Main Airport,60
2019-03-14 00:00:00,Charles de Gaulle International Airport,63
2019-03-14 00:00:00,Amsterdam Airport Schiphol,41
2019-03-14 00:00:00,London Gatwick Airport,38
2019-03-14 00:00:00,Adolfo Suárez Madrid–Barajas Airport,28
2019-03-14 00:00:00,Munich Airport,21
2019-03-14 00:00:00,Zürich Airport,22
2019-03-14 00:00:00,Rome–Fiumicino Leonardo da Vinci International Airport,15
2019-03-14 00:00:00,Malpensa International Airport,14
2019-03-14 00:00:00,Copenhagen Kastrup Airport,12
2019-03-14 00:00:00,Brussels Airport,11
2019-03-14 00:00:00,Dublin Airport,23
2019-03-14 00:00:00,Humberto Delgado Airport (Lisbon Portela Airport),15
2019-03-14 00:00:00,Manchester Airport,16
2019-03-14 00:00:00,Helsinki Vantaa Airport,18
2019-03-14 00:00:00,Josep Tarradellas Barcelona-El Prat Airport,26
2019-03-14 00:00:00,Düsseldorf Airport,7
2019-03-14 00:00:00,Paris-Orly Airport,6
2019-03-14 00:00:00,Vienna International Airport,2
2019-03-13 00:00:00,London Heathrow Airport,122
2019-03-13 00:00:00,Frankfurt am Main Airport,83
2019-03-13 00:00:00,Charles de Gaulle International Airport,62
2019-03-13 00:00:00,Amsterdam Airport Schiphol,44
2019-03-13 00:00:00,Zürich Airport,28
2019-03-13 00:00:00,Adolfo Suárez Madrid–Barajas Airport,28
2019-03-13 00:00:00,Munich Airport,27
2019-03-13 00:00:00,Malpensa International Airport,21
2019-03-13 00:00:00,London Gatwick Airport,20
2019-03-13 00:00:00,Rome–Fiumicino Leonardo da Vinci International Airport,24
2019-03-13 00:00:00,Dublin Airport,20
2019-03-13 00:00:00,Copenhagen Kastrup Airport,11
2019-03-13 00:00:00,Brussels Airport,14
2019-03-13 00:00:00,Manchester Airport,12
2019-03-13 00:00:00,Vienna International Airport,14
2019-03-13 00:00:00,Düsseldorf Airport,12
2019-03-13 00:00:00,Josep Tarradellas Barcelona-El Prat Airport,11
2019-03-13 00:00:00,Humberto Delgado Airport (Lisbon Portela Airport),7
2019-03-13 00:00:00,Helsinki Vantaa Airport,19
2019-03-13 00:00:00,Paris-Orly Airport,2
2019-03-12 00:00:00,London Heathrow Airport,85
2019-03-12 00:00:00,Charles de Gaulle International Airport,56
2019-03-12 00:00:00,Frankfurt am Main Airport,43
2019-03-12 00:00:00,Adolfo Suárez Madrid–Barajas Airport,46
2019-03-12 00:00:00,Amsterdam Airport Schiphol,27
2019-03-12 00:00:00,Rome–Fiumicino Leonardo da Vinci International Airport,19
2019-03-12 00:00:00,Zürich Airport,15
2019-03-12 00:00:00,Brussels Airport,12
2019-03-12 00:00:00,London Gatwick Airport,15
2019-03-12 00:00:00,Josep Tarradellas Barcelona-El Prat Airport,21
2019-03-12 00:00:00,Malpensa International Airport,8
2019-03-12 00:00:00,Munich Airport,23
2019-03-12 00:00:00,Copenhagen Kastrup Airport,12
2019-03-12 00:00:00,Helsinki Vantaa Airport,13
2019-03-12 00:00:00,Manchester Airport,11
2019-03-12 00:00:00,Vienna International Airport,5
2019-03-12 00:00:00,Dublin Airport,6
2019-03-12 00:00:00,Paris-Orly Airport,8
2019-03-12 00:00:00,Humberto Delgado Airport (Lisbon Portela Airport),12
2019-03-12 00:00:00,Düsseldorf Airport,9
2019-03-11 00:00:00,London Heathrow Airport,89
2019-03-11 00:00:00,Charles de Gaulle International Airport,40
2019-03-11 00:00:00,Frankfurt am Main Airport,46
2019-03-11 00:00:00,Amsterdam Airport Schiphol,27
2019-03-11 00:00:00,Adolfo Suárez Madrid–Barajas Airport,21
2019-03-11 00:00:00,Zürich Airport,19
2019-03-11 00:00:00,Malpensa International Airport,21
2019-03-11 00:00:00,London Gatwick Airport,15
2019-03-11 00:00:00,Munich Airport,12
2019-03-11 00:00:00,Rome–Fiumicino Leonardo da Vinci International Airport,9
2019-03-11 00:00:00,Paris-Orly Airport,7
2019-03-11 00:00:00,Brussels Airport,8
2019-03-11 00:00:00,Josep Tarradellas Barcelona-El Prat Airport,7
2019-03-11 00:00:00,Humberto Delgado Airport (Lisbon Portela Airport),8
2019-03-11 00:00:00,Copenhagen Kastrup Airport,5
2019-03-11 00:00:00,Düsseldorf Airport,10
2019-03-11 00:00:00,Manchester Airport,4
2019-03-11 00:00:00,Vienna International Airport,4
2019-03-11 00:00:00,Dublin Airport,3
2019-03-11 00:00:00,Helsinki Vantaa Airport,3
2019-03-10 00:00:00,London Heathrow Airport,67
2019-03-10 00:00:00,Charles de Gaulle International Airport,49
2019-03-10 00:00:00,Frankfurt am Main Airport,50
2019-03-10 00:00:00,Amsterdam Airport Schiphol,45
2019-03-10 00:00:00,Adolfo Suárez Madrid–Barajas Airport,28
2019-03-10 00:00:00,Zürich Airport,20
2019-03-10 00:00:00,Munich Airport,21
2019-03-10 00:00:00,Rome–Fiumicino Leonardo da Vinci International Airport,24
2019-03-10 00:00:00,Malpensa International Airport,19
2019-03-10 00:00:00,London Gatwick Airport,20
2019-03-10 00:00:00,Paris-Orly Airport,10
2019-03-10 00:00:00,Manchester Airport,8
2019-03-10 00:00:00,Josep Tarradellas Barcelona-El Prat Airport,16
2019-03-10 00:00:00,Brussels Airport,10
2019-03-10 00:00:00,Copenhagen Kastrup Airport,8
2019-03-10 00:00:00,Vienna International Airport,12
2019-03-10 00:00:00,Dublin Airport,6
2019-03-10 00:00:00,Humberto Delgado Airport (Lisbon Portela Airport),8
2019-03-10 00:00:00,Düsseldorf Airport,9
2019-03-10 00:00:00,Helsinki Vantaa Airport,2
2019-03-09 00:00:00,London Heathrow Airport,140
2019-03-09 00:00:00,Charles de Gaulle International Airport,107
2019-03-09 00:00:00,Frankfurt am Main Airport,120
2019-03-09 00:00:00,Amsterdam Airport Schiphol,83
2019-03-09 00:00:00,Adolfo Suárez Madrid–Barajas Airport,110
2019-03-09 00:00:00,Zürich Airport,27
2019-03-09 00:00:00,Munich Airport,46
2019-03-09 00:00:00,Paris-Orly Airport,55
2019-03-09 00:00:00,Rome–Fiumicino Leonardo da Vinci International Airport,42
2019-03-09 00:00:00,London Gatwick Airport,79
2019-03-09 00:00:00,Brussels Airport,48
2019-03-09 00:00:00,Josep Tarradellas Barcelona-El Prat Airport,57
2019-03-09 00:00:00,Malpensa International Airport,23
2019-03-09 00:00:00,Vienna International Airport,24
2019-03-09 00:00:00,Manchester Airport,40
2019-03-09 00:00:00,Humberto Delgado Airport (Lisbon Portela Airport),74
2019-03-09 00:00:00,Copenhagen Kastrup Airport,24
2019-03-09 00:00:00,Helsinki Vantaa Airport,19
2019-03-09 00:00:00,Düsseldorf Airport,29
2019-03-09 00:00:00,Dublin Airport,30
2019-03-08 00:00:00,London Heathrow Airport,82
2019-03-08 00:00:00,Frankfurt am Main Airport,73
2019-03-08 00:00:00,Charles de Gaulle International Airport,50
2019-03-08 00:00:00,Amsterdam Airport Schiphol,44
2019-03-08 00:00:00,Munich Airport,30
2019-03-08 00:00:00,Zürich Airport,19
2019-03-08 00:00:00,Rome–Fiumicino Leonardo da Vinci International Airport,21
2019-03-08 00:00:00,Malpensa International Airport,17
2019-03-08 00:00:00,Copenhagen Kastrup Airport,18
2019-03-08 00:00:00,Adolfo Suárez Madrid–Barajas Airport,17
2019-03-08 00:00:00,Brussels Airport,14
2019-03-08 00:00:00,Vienna International Airport,15
2019-03-08 00:00:00,London Gatwick Airport,12
2019-03-08 00:00:00,Düsseldorf Airport,20
2019-03-08 00:00:00,Josep Tarradellas Barcelona-El Prat Airport,12
2019-03-08 00:00:00,Humberto Delgado Airport (Lisbon Portela Airport),13
2019-03-08 00:00:00,Manchester Airport,11
2019-03-08 00:00:00,Paris-Orly Airport,4
2019-03-08 00:00:00,Helsinki Vantaa Airport,6
2019-03-08 00:00:00,Dublin Airport,3
2019-03-07 00:00:00,London Heathrow Airport,88
2019-03-07 00:00:00,Frankfurt am Main Airport,87
2019-03-07 00:00:00,Charles de Gaulle International Airport,55
2019-03-07 00:00:00,Amsterdam Airport Schiphol,58
2019-03-07 00:00:00,Adolfo Suárez Madrid–Barajas Airport,24
2019-03-07 00:00:00,Rome–Fiumicino Leonardo da Vinci International Airport,34
2019-03-07 00:00:00,Zürich Airport,27
2019-03-07 00:00:00,Munich Airport,37
2019-03-07 00:00:00,Malpensa International Airport,27
2019-03-07 00:00:00,Vienna International Airport,24
2019-03-07 00:00:00,London Gatwick Airport,15
2019-03-07 00:00:00,Copenhagen Kastrup Airport,18
2019-03-07 00:00:00,Brussels Airport,23
2019-03-07 00:00:00,Helsinki Vantaa Airport,39
2019-03-07 00:00:00,Düsseldorf Airport,23
2019-03-07 00:00:00,Josep Tarradellas Barcelona-El Prat Airport,14
2019-03-07 00:00:00,Manchester Airport,11
2019-03-07 00:00:00,Humberto Delgado Airport (Lisbon Portela Airport),9
2019-03-07 00:00:00,Paris-Orly Airport,4
2019-03-07 00:00:00,Dublin Airport,4
2019-03-06 00:00:00,London Heathrow Airport,190
2019-03-06 00:00:00,Frankfurt am Main Airport,122
2019-03-06 00:00:00,Charles de Gaulle International Airport,113
2019-03-06 00:00:00,Amsterdam Airport Schiphol,75
2019-03-06 00:00:00,Munich Airport,87
2019-03-06 00:00:00,Zürich Airport,53
2019-03-06 00:00:00,Rome–Fiumicino Leonardo da Vinci International Airport,74
2019-03-06 00:00:00,Adolfo Suárez Madrid–Barajas Airport,62
2019-03-06 00:00:00,Malpensa International Airport,42
2019-03-06 00:00:00,London Gatwick Airport,32
2019-03-06 00:00:00,Brussels Airport,45
2019-03-06 00:00:00,Josep Tarradellas Barcelona-El Prat Airport,58
2019-03-06 00:00:00,Vienna International Airport,67
2019-03-06 00:00:00,Copenhagen Kastrup Airport,28
2019-03-06 00:00:00,Humberto Delgado Airport (Lisbon Portela Airport),26
2019-03-06 00:00:00,Manchester Airport,11
2019-03-06 00:00:00,Düsseldorf Airport,39
2019-03-06 00:00:00,Helsinki Vantaa Airport,18
2019-03-06 00:00:00,Dublin Airport,12
2019-03-06 00:00:00,Paris-Orly Airport,23
2019-03-05 00:00:00,London Heathrow Airport,113
2019-03-05 00:00:00,Frankfurt am Main Airport,70
2019-03-05 00:00:00,Charles de Gaulle International Airport,62
2019-03-05 00:00:00,Adolfo Suárez Madrid–Barajas Airport,85
2019-03-05 00:00:00,Amsterdam Airport Schiphol,41
2019-03-05 00:00:00,Zürich Airport,25
2019-03-05 00:00:00,Rome–Fiumicino Leonardo da Vinci International Airport,27
2019-03-05 00:00:00,London Gatwick Airport,40
2019-03-05 00:00:00,Paris-Orly Airport,27
2019-03-05 00:00:00,Humberto Delgado Airport (Lisbon Portela Airport),62
2019-03-05 00:00:00,Munich Airport,23
2019-03-05 00:00:00,Malpensa International Airport,16
2019-03-05 00:00:00,Josep Tarradellas Barcelona-El Prat Airport,23
2019-03-05 00:00:00,Copenhagen Kastrup Airport,17
2019-03-05 00:00:00,Vienna International Airport,15
2019-03-05 00:00:00,Brussels Airport,21
2019-03-05 00:00:00,Düsseldorf Airport,22
2019-03-05 00:00:00,Manchester Airport,17
2019-03-05 00:00:00,Dublin Airport,18
2019-03-05 00:00:00,Helsinki Vantaa Airport,6
2019-03-04 00:00:00,London Heathrow Airport,65
2019-03-04 00:00:00,Frankfurt am Main Airport,60
2019-03-04 00:00:00,Adolfo Suárez Madrid–Barajas Airport,59
2019-03-04 00:00:00,Charles de Gaulle International Airport,40
2019-03-04 00:00:00,Amsterdam Airport Schiphol,33
2019-03-04 00:00:00,Humberto Delgado Airport (Lisbon Portela Airport),90
2019-03-04 00:00:00,London Gatwick Airport,24
2019-03-04 00:00:00,Munich Airport,15
2019-03-04 00:00:00,Rome–Fiumicino Leonardo da Vinci International Airport,11
2019-03-04 00:00:00,Zürich Airport,11
2019-03-04 00:00:00,Brussels Airport,18
2019-03-04 00:00:00,Malpensa International Airport,16
2019-03-04 00:00:00,Josep Tarradellas Barcelona-El Prat Airport,32
2019-03-04 00:00:00,Paris-Orly Airport,27
2019-03-04 00:00:00,Vienna International Airport,16
2019-03-04 00:00:00,Helsinki Vantaa Airport,9
2019-03-04 00:00:00,Manchester Airport,8
2019-03-04 00:00:00,Düsseldorf Airport,12
2019-03-04 00:00:00,Copenhagen Kastrup Airport,6
2019-03-04 00:00:00,Dublin Airport,13
2019-03-03 00:00:00,London Heathrow Airport,163
2019-03-03 00:00:00,Frankfurt am Main Airport,117
2019-03-03 00:00:00,Charles de Gaulle International Airport,107
2019-03-03 00:00:00,Amsterdam Airport Schiphol,103
2019-03-03 00:00:00,Adolfo Suárez Madrid–Barajas Airport,48
2019-03-03 00:00:00,Munich Airport,69
2019-03-03 00:00:00,Zürich Airport,38
2019-03-03 00:00:00,Malpensa International Airport,27
2019-03-03 00:00:00,Paris-Orly Airport,23
2019-03-03 00:00:00,London Gatwick Airport,59
2019-03-03 00:00:00,Rome–Fiumicino Leonardo da Vinci International Airport,31
2019-03-03 00:00:00,Brussels Airport,44
2019-03-03 00:00:00,Düsseldorf Airport,40
2019-03-03 00:00:00,Humberto Delgado Airport (Lisbon Portela Airport),39
2019-03-03 00:00:00,Josep Tarradellas Barcelona-El Prat Airport,42
2019-03-03 00:00:00,Copenhagen Kastrup Airport,59
2019-03-03 00:00:00,Manchester Airport,44
2019-03-03 00:00:00,Vienna International Airport,42
2019-03-03 00:00:00,Dublin Airport,38
2019-03-03 00:00:00,Helsinki Vantaa Airport,33
2019-03-02 00:00:00,London Heathrow Airport,83
2019-03-02 00:00:00,Charles de Gaulle International Airport,44
2019-03-02 00:00:00,Frankfurt am Main Airport,40
2019-03-02 00:00:00,Adolfo Suárez Madrid–Barajas Airport,39
2019-03-02 00:00:00,Amsterdam Airport Schiphol,28
2019-03-02 00:00:00,Munich Airport,18
2019-03-02 00:00:00,London Gatwick Airport,28
2019-03-02 00:00:00,Rome–Fiumicino Leonardo da Vinci International Airport,12
2019-03-02 00:00:00,Humberto Delgado Airport (Lisbon Portela Airport),21
2019-03-02 00:00:00,Zürich Airport,8
2019-03-02 00:00:00,Malpensa International Airport,7
2019-03-02 00:00:00,Paris-Orly Airport,8
2019-03-02 00:00:00,Copenhagen Kastrup Airport,12
2019-03-02 00:00:00,Josep Tarradellas Barcelona-El Prat Airport,11
2019-03-02 00:00:00,Brussels Airport,9
2019-03-02 00:00:00,Dublin Airport,17
2019-03-02 00:00:00,Manchester Airport,13
2019-03-02 00:00:00,Düsseldorf Airport,2
2019-03-02 00:00:00,Helsinki Vantaa Airport,3
2019-03-02 00:00:00,Vienna International Airport,1
2019-03-01 00:00:00,London Heathrow Airport,68
2019-03-01 00:00:00,Frankfurt am Main Airport,45
2019-03-01 00:00:00,Charles de Gaulle International Airport,42
2019-03-01 00:00:00,Adolfo Suárez Madrid–Barajas Airport,54
2019-03-01 00:00:00,Amsterdam Airport Schiphol,35
2019-03-01 00:00:00,Humberto Delgado Airport (Lisbon Portela Airport),50
2019-03-01 00:00:00,Paris-Orly Airport,20
2019-03-01 00:00:00,Zürich Airport,8
2019-03-01 00:00:00,Munich Airport,13
2019-03-01 00:00:00,London Gatwick Airport,22
2019-03-01 00:00:00,Rome–Fiumicino Leonardo da Vinci International Airport,8
2019-03-01 00:00:00,Copenhagen Kastrup Airport,15
2019-03-01 00:00:00,Düsseldorf Airport,12
2019-03-01 00:00:00,Josep Tarradellas Barcelona-El Prat Airport,22
2019-03-01 00:00:00,Brussels Airport,11
2019-03-01 00:00:00,Malpensa International Airport,4
2019-03-01 00:00:00,Dublin Airport,7
2019-03-01 00:00:00,Manchester Airport,9
2019-03-01 00:00:00,Helsinki Vantaa Airport,1
2019-02-28 00:00:00,London Heathrow Airport,60
2019-02-28 00:00:00,Frankfurt am Main Airport,48
2019-02-28 00:00:00,Adolfo Suárez Madrid–Barajas Airport,39
2019-02-28 00:00:00,Charles de Gaulle International Airport,29
2019-02-28 00:00:00,Amsterdam Airport Schiphol,33
2019-02-28 00:00:00,Munich Airport,15
2019-02-28 00:00:00,Humberto Delgado Airport (Lisbon Portela Airport),45
2019-02-28 00:00:00,Paris-Orly Airport,11
2019-02-28 00:00:00,Copenhagen Kastrup Airport,15
2019-02-28 00:00:00,Zürich Airport,7
2019-02-28 00:00:00,Brussels Airport,8
2019-02-28 00:00:00,Malpensa International Airport,5
2019-02-28 00:00:00,London Gatwick Airport,12
2019-02-28 00:00:00,Josep Tarradellas Barcelona-El Prat Airport,9
2019-02-28 00:00:00,Manchester Airport,8
2019-02-28 00:00:00,Vienna International Airport,4
2019-02-28 00:00:00,Dublin Airport,5
2019-02-28 00:00:00,Helsinki Vantaa Airport,4
2019-02-28 00:00:00,Rome–Fiumicino Leonardo da Vinci International Airport,2
2019-02-28 00:00:00,Düsseldorf Airport,3
2019-02-27 00:00:00,London Heathrow Airport,34
2019-02-27 00:00:00,Frankfurt am Main Airport,31
2019-02-27 00:00:00,Charles de Gaulle International Airport,34
2019-02-27 00:00:00,Amsterdam Airport Schiphol,30
2019-02-27 00:00:00,Adolfo Suárez Madrid–Barajas Airport,25
2019-02-27 00:00:00,Munich Airport,13
2019-02-27 00:00:00,Zürich Airport,8
2019-02-27 00:00:00,Rome–Fiumicino Leonardo da Vinci International Airport,8
2019-02-27 00:00:00,Malpensa International Airport,6
2019-02-27 00:00:00,Josep Tarradellas Barcelona-El Prat Airport,7
2019-02-27 00:00:00,Humberto Delgado Airport (Lisbon Portela Airport),21
2019-02-27 00:00:00,Copenhagen Kastrup Airport,7
2019-02-27 00:00:00,Brussels Airport,6
2019-02-27 00:00:00,London Gatwick Airport,6
2019-02-27 00:00:00,Paris-Orly Airport,4
2019-02-27 00:00:00,Manchester Airport,2
2019-02-27 00:00:00,Dublin Airport,4
2019-02-27 00:00:00,Vienna International Airport,3
2019-02-27 00:00:00,Düsseldorf Airport,3
2019-02-27 00:00:00,Helsinki Vantaa Airport,2
2019-02-26 00:00:00,London Heathrow Airport,42
2019-02-26 00:00:00,Frankfurt am Main Airport,37
2019-02-26 00:00:00,Charles de Gaulle International Airport,33
2019-02-26 00:00:00,Adolfo Suárez Madrid–Barajas Airport,26
2019-02-26 00:00:00,Amsterdam Airport Schiphol,19
2019-02-26 00:00:00,Rome–Fiumicino Leonardo da Vinci International Airport,12
2019-02-26 00:00:00,Munich Airport,12
2019-02-26 00:00:00,Malpensa International Airport,12
2019-02-26 00:00:00,Humberto Delgado Airport (Lisbon Portela Airport),10
2019-02-26 00:00:00,Brussels Airport,8
2019-02-26 00:00:00,Zürich Airport,4
2019-02-26 00:00:00,Copenhagen Kastrup Airport,6
2019-02-26 00:00:00,Manchester Airport,3
2019-02-26 00:00:00,Helsinki Vantaa Airport,5
2019-02-26 00:00:00,London Gatwick Airport,3
2019-02-26 00:00:00,Josep Tarradellas Barcelona-El Prat Airport,5
2019-02-26 00:00:00,Paris-Orly Airport,2
2019-02-26 00:00:00,Vienna International Airport,2
2019-02-26 00:00:00,Düsseldorf Airport,4
2019-02-25 00:00:00,London Heathrow Airport,113
2019-02-25 00:00:00,Charles de Gaulle International Airport,48
2019-02-25 00:00:00,Frankfurt am Main Airport,54
2019-02-25 00:00:00,Amsterdam Airport Schiphol,43
2019-02-25 00:00:00,Adolfo Suárez Madrid–Barajas Airport,27
2019-02-25 00:00:00,Munich Airport,26
2019-02-25 00:00:00,Copenhagen Kastrup Airport,24
2019-02-25 00:00:00,London Gatwick Airport,19
2019-02-25 00:00:00,Malpensa International Airport,12
2019-02-25 00:00:00,Zürich Airport,11
2019-02-25 00:00:00,Humberto Delgado Airport (Lisbon Portela Airport),13
2019-02-25 00:00:00,Rome–Fiumicino Leonardo da Vinci International Airport,11
2019-02-25 00:00:00,Brussels Airport,15
2019-02-25 00:00:00,Josep Tarradellas Barcelona-El Prat Airport,10
2019-02-25 00:00:00,Dublin Airport,15
2019-02-25 00:00:00,Helsinki Vantaa Airport,39
2019-02-25 00:00:00,Paris-Orly Airport,6
2019-02-25 00:00:00,Vienna International Airport,8
2019-02-25 00:00:00,Düsseldorf Airport,11
2019-02-25 00:00:00,Manchester Airport,6
2019-02-24 00:00:00,London Heathrow Airport,102
2019-02-24 00:00:00,Charles de Gaulle International Airport,47
2019-02-24 00:00:00,Frankfurt am Main Airport,34
2019-02-24 00:00:00,Amsterdam Airport Schiphol,34
2019-02-24 00:00:00,Adolfo Suárez Madrid–Barajas Airport,23
2019-02-24 00:00:00,Malpensa International Airport,19
2019-02-24 00:00:00,London Gatwick Airport,23
2019-02-24 00:00:00,Munich Airport,17
2019-02-24 00:00:00,Copenhagen Kastrup Airport,12
2019-02-24 00:00:00,Rome–Fiumicino Leonardo da Vinci International Airport,13
2019-02-24 00:00:00,Paris-Orly Airport,10
2019-02-24 00:00:00,Zürich Airport,10
2019-02-24 00:00:00,Brussels Airport,12
2019-02-24 00:00:00,Düsseldorf Airport,7
2019-02-24 00:00:00,Dublin Airport,12
2019-02-24 00:00:00,Humberto Delgado Airport (Lisbon Portela Airport),5
2019-02-24 00:00:00,Josep Tarradellas Barcelona-El Prat Airport,6
2019-02-24 00:00:00,Manchester Airport,4
2019-02-24 00:00:00,Helsinki Vantaa Airport,10
2019-02-24 00:00:00,Vienna International Airport,4
2019-02-23 00:00:00,London Heathrow Airport,68
2019-02-23 00:00:00,Charles de Gaulle International Airport,60
2019-02-23 00:00:00,Frankfurt am Main Airport,48
2019-02-23 00:00:00,Amsterdam Airport Schiphol,37
2019-02-23 00:00:00,Adolfo Suárez Madrid–Barajas Airport,40
2019-02-23 00:00:00,Zürich Airport,19
2019-02-23 00:00:00,Munich Airport,29
2019-02-23 00:00:00,Rome–Fiumicino Leonardo da Vinci International Airport,10
2019-02-23 00:00:00,Copenhagen Kastrup Airport,12
2019-02-23 00:00:00,Helsinki Vantaa Airport,23
2019-02-23 00:00:00,Josep Tarradellas Barcelona-El Prat Airport,15
2019-02-23 00:00:00,Brussels Airport,12
2019-02-23 00:00:00,Vienna International Airport,14
2019-02-23 00:00:00,Malpensa International Airport,8
2019-02-23 00:00:00,Düsseldorf Airport,15
2019-02-23 00:00:00,Paris-Orly Airport,9
2019-02-23 00:00:00,Humberto Delgado Airport (Lisbon Portela Airport),11
2019-02-23 00:00:00,London Gatwick Airport,17
2019-02-23 00:00:00,Manchester Airport,8
2019-02-23 00:00:00,Dublin Airport,2
2019-02-22 00:00:00,London Heathrow Airport,96
2019-02-22 00:00:00,Charles de Gaulle International Airport,47
2019-02-22 00:00:00,Frankfurt am Main Airport,41
2019-02-22 00:00:00,Adolfo Suárez Madrid–Barajas Airport,46
2019-02-22 00:00:00,Amsterdam Airport Schiphol,31
2019-02-22 00:00:00,London Gatwick Airport,26
2019-02-22 00:00:00,Munich Airport,17
2019-02-22 00:00:00,Zürich Airport,12
2019-02-22 00:00:00,Humberto Delgado Airport (Lisbon Portela Airport),34
2019-02-22 00:00:00,Copenhagen Kastrup Airport,17
2019-02-22 00:00:00,Malpensa International Airport,10
2019-02-22 00:00:00,Paris-Orly Airport,8
2019-02-22 00:00:00,Brussels Airport,7
2019-02-22 00:00:00,Düsseldorf Airport,13
2019-02-22 00:00:00,Dublin Airport,20
2019-02-22 00:00:00,Vienna International Airport,4
2019-02-22 00:00:00,Josep Tarradellas Barcelona-El Prat Airport,8
2019-02-22 00:00:00,Rome–Fiumicino Leonardo da Vinci International Airport,4
2019-02-22 00:00:00,Helsinki Vantaa Airport,8
2019-02-22 00:00:00,Manchester Airport,14
2019-02-21 00:00:00,London Heathrow Airport,57
2019-02-21 00:00:00,Charles de Gaulle International Airport,34
2019-02-21 00:00:00,Frankfurt am Main Airport,33
2019-02-21 00:00:00,Amsterdam Airport Schiphol,22
2019-02-21 00:00:00,Adolfo Suárez Madrid–Barajas Airport,19
2019-02-21 00:00:00,Munich Airport,11
2019-02-21 00:00:00,London Gatwick Airport,12
2019-02-21 00:00:00,Copenhagen Kastrup Airport,11
2019-02-21 00:00:00,Humberto Delgado Airport (Lisbon Portela Airport),14
2019-02-21 00:00:00,Zürich Airport,6
2019-02-21 00:00:00,Rome–Fiumicino Leonardo da Vinci International Airport,7
2019-02-21 00:00:00,Paris-Orly Airport,7
2019-02-21 00:00:00,Malpensa International Airport,6
2019-02-21 00:00:00,Helsinki Vantaa Airport,6
2019-02-21 00:00:00,Dublin Airport,10
2019-02-21 00:00:00,Manchester Airport,4
2019-02-21 00:00:00,Brussels Airport,2
2019-02-21 00:00:00,Düsseldorf Airport,4
2019-02-21 00:00:00,Josep Tarradellas Barcelona-El Prat Airport,3
2019-02-21 00:00:00,Vienna International Airport,5
2019-02-20 00:00:00,London Heathrow Airport,121
2019-02-20 00:00:00,Frankfurt am Main Airport,55
2019-02-20 00:00:00,Charles de Gaulle International Airport,53
2019-02-20 00:00:00,Amsterdam Airport Schiphol,43
2019-02-20 00:00:00,Adolfo Suárez Madrid–Barajas Airport,23
2019-02-20 00:00:00,Munich Airport,23
2019-02-20 00:00:00,London Gatwick Airport,20
2019-02-20 00:00:00,Copenhagen Kastrup Airport,29
2019-02-20 00:00:00,Josep Tarradellas Barcelona-El Prat Airport,9
2019-02-20 00:00:00,Paris-Orly Airport,10
2019-02-20 00:00:00,Zürich Airport,9
2019-02-20 00:00:00,Malpensa International Airport,6
2019-02-20 00:00:00,Dublin Airport,11
2019-02-20 00:00:00,Rome–Fiumicino Leonardo da Vinci International Airport,5
2019-02-20 00:00:00,Humberto Delgado Airport (Lisbon Portela Airport),10
2019-02-20 00:00:00,Manchester Airport,6
2019-02-20 00:00:00,Brussels Airport,10
2019-02-20 00:00:00,Vienna International Airport,9
2019-02-20 00:00:00,Helsinki Vantaa Airport,10
2019-02-20 00:00:00,Düsseldorf Airport,4
2019-02-19 00:00:00,London Heathrow Airport,186
2019-02-19 00:00:00,Frankfurt am Main Airport,60
2019-02-19 00:00:00,Charles de Gaulle International Airport,62
2019-02-19 00:00:00,Amsterdam Airport Schiphol,67
2019-02-19 00:00:00,Adolfo Suárez Madrid–Barajas Airport,31
2019-02-19 00:00:00,London Gatwick Airport,37
2019-02-19 00:00:00,Zürich Airport,24
2019-02-19 00:00:00,Rome–Fiumicino Leonardo da Vinci International Airport,19
2019-02-19 00:00:00,Munich Airport,25
2019-02-19 00:00:00,Dublin Airport,27
2019-02-19 00:00:00,Brussels Airport,13
2019-02-19 00:00:00,Malpensa International Airport,9
2019-02-19 00:00:00,Copenhagen Kastrup Airport,9
2019-02-19 00:00:00,Manchester Airport,11
2019-02-19 00:00:00,Paris-Orly Airport,6
2019-02-19 00:00:00,Düsseldorf Airport,10
2019-02-19 00:00:00,Josep Tarradellas Barcelona-El Prat Airport,5
2019-02-19 00:00:00,Humberto Delgado Airport (Lisbon Portela Airport),4
2019-02-19 00:00:00,Vienna International Airport,4
2019-02-19 00:00:00,Helsinki Vantaa Airport,4
2019-02-18 00:00:00,London Heathrow Airport,136
2019-02-18 00:00:00,Frankfurt am Main Airport,64
2019-02-18 00:00:00,Charles de Gaulle International Airport,75
2019-02-18 00:00:00,Amsterdam Airport Schiphol,40
2019-02-18 00:00:00,Adolfo Suárez Madrid–Barajas Airport,31
2019-02-18 00:00:00,London Gatwick Airport,26
2019-02-18 00:00:00,Helsinki Vantaa Airport,43
2019-02-18 00:00:00,Munich Airport,16
2019-02-18 00:00:00,Paris-Orly Airport,18
2019-02-18 00:00:00,Rome–Fiumicino Leonardo da Vinci International Airport,11
2019-02-18 00:00:00,Zürich Airport,12
2019-02-18 00:00:00,Malpensa International Airport,10
2019-02-18 00:00:00,Copenhagen Kastrup Airport,17
2019-02-18 00:00:00,Brussels Airport,14
2019-02-18 00:00:00,Humberto Delgado Airport (Lisbon Portela Airport),11
2019-02-18 00:00:00,Dublin Airport,8
2019-02-18 00:00:00,Josep Tarradellas Barcelona-El Prat Airport,9
2019-02-18 00:00:00,Düsseldorf Airport,18
2019-02-18 00:00:00,Manchester Airport,8
2019-02-18 00:00:00,Vienna International Airport,4
2019-02-17 00:00:00,London Heathrow Airport,167
2019-02-17 00:00:00,Charles de Gaulle International Airport,100
2019-02-17 00:00:00,Frankfurt am Main Airport,100
2019-02-17 00:00:00,Amsterdam Airport Schiphol,105
2019-02-17 00:00:00,Adolfo Suárez Madrid–Barajas Airport,65
2019-02-17 00:00:00,Munich Airport,69
2019-02-17 00:00:00,London Gatwick Airport,76
2019-02-17 00:00:00,Rome–Fiumicino Leonardo da Vinci International Airport,25
2019-02-17 00:00:00,Zürich Airport,30
2019-02-17 00:00:00,Manchester Airport,51
2019-02-17 00:00:00,Brussels Airport,29
2019-02-17 00:00:00,Copenhagen Kastrup Airport,52
2019-02-17 00:00:00,Malpensa International Airport,20
2019-02-17 00:00:00,Humberto Delgado Airport (Lisbon Portela Airport),38
2019-02-17 00:00:00,Josep Tarradellas Barcelona-El Prat Airport,33
2019-02-17 00:00:00,Helsinki Vantaa Airport,20
2019-02-17 00:00:00,Dublin Airport,47
2019-02-17 00:00:00,Vienna International Airport,27
2019-02-17 00:00:00,Düsseldorf Airport,21
2019-02-17 00:00:00,Paris-Orly Airport,12
2019-02-16 00:00:00,London Heathrow Airport,257
2019-02-16 00:00:00,Charles de Gaulle International Airport,84
2019-02-16 00:00:00,Frankfurt am Main Airport,79
2019-02-16 00:00:00,Amsterdam Airport Schiphol,85
2019-02-16 00:00:00,London Gatwick Airport,86
2019-02-16 00:00:00,Adolfo Suárez Madrid–Barajas Airport,66
2019-02-16 00:00:00,Munich Airport,51
2019-02-16 00:00:00,Rome–Fiumicino Leonardo da Vinci International Airport,20
2019-02-16 00:00:00,Paris-Orly Airport,31
2019-02-16 00:00:00,Zürich Airport,24
2019-02-16 00:00:00,Copenhagen Kastrup Airport,33
2019-02-16 00:00:00,Humberto Delgado Airport (Lisbon Portela Airport),50
2019-02-16 00:00:00,Manchester Airport,40
2019-02-16 00:00:00,Josep Tarradellas Barcelona-El Prat Airport,32
2019-02-16 00:00:00,Malpensa International Airport,12
2019-02-16 00:00:00,Düsseldorf Airport,15
2019-02-16 00:00:00,Dublin Airport,45
2019-02-16 00:00:00,Helsinki Vantaa Airport,22
2019-02-16 00:00:00,Vienna International Airport,11
2019-02-16 00:00:00,Brussels Airport,17
2019-02-15 00:00:00,London Heathrow Airport,90
2019-02-15 00:00:00,Frankfurt am Main Airport,48
2019-02-15 00:00:00,Charles de Gaulle International Airport,46
2019-02-15 00:00:00,Amsterdam Airport Schiphol,37
2019-02-15 00:00:00,Adolfo Suárez Madrid–Barajas Airport,53
2019-02-15 00:00:00,Munich Airport,25
2019-02-15 00:00:00,Rome–Fiumicino Leonardo da Vinci International Airport,18
2019-02-15 00:00:00,Copenhagen Kastrup Airport,20
2019-02-15 00:00:00,Malpensa International Airport,18
2019-02-15 00:00:00,Helsinki Vantaa Airport,38
2019-02-15 00:00:00,Humberto Delgado Airport (Lisbon Portela Airport),59
2019-02-15 00:00:00,London Gatwick Airport,20
2019-02-15 00:00:00,Josep Tarradellas Barcelona-El Prat Airport,24
2019-02-15 00:00:00,Paris-Orly Airport,13
2019-02-15 00:00:00,Manchester Airport,11
2019-02-15 00:00:00,Zürich Airport,7
2019-02-15 00:00:00,Brussels Airport,6
2019-02-15 00:00:00,Düsseldorf Airport,7
2019-02-15 00:00:00,Vienna International Airport,7
2019-02-15 00:00:00,Dublin Airport,14
2019-02-14 00:00:00,London Heathrow Airport,118
2019-02-14 00:00:00,Charles de Gaulle International Airport,60
2019-02-14 00:00:00,Frankfurt am Main Airport,60
2019-02-14 00:00:00,Amsterdam Airport Schiphol,54
2019-02-14 00:00:00,Adolfo Suárez Madrid–Barajas Airport,30
2019-02-14 00:00:00,Munich Airport,26
2019-02-14 00:00:00,Zürich Airport,23
2019-02-14 00:00:00,London Gatwick Airport,24
2019-02-14 00:00:00,Helsinki Vantaa Airport,44
2019-02-14 00:00:00,Rome–Fiumicino Leonardo da Vinci International Airport,15
2019-02-14 00:00:00,Copenhagen Kastrup Airport,12
2019-02-14 00:00:00,Malpensa International Airport,12
2019-02-14 00:00:00,Brussels Airport,12
2019-02-14 00:00:00,Dublin Airport,15
2019-02-14 00:00:00,Humberto Delgado Airport (Lisbon Portela Airport),14
2019-02-14 00:00:00,Vienna International Airport,9
2019-02-14 00:00:00,Paris-Orly Airport,9
2019-02-14 00:00:00,Manchester Airport,7
2019-02-14 00:00:00,Josep Tarradellas Barcelona-El Prat Airport,6
2019-02-14 00:00:00,Düsseldorf Airport,7
2019-02-13 00:00:00,London Heathrow Airport,168
2019-02-13 00:00:00,Charles de Gaulle International Airport,83
2019-02-13 00:00:00,Frankfurt am Main Airport,66
2019-02-13 00:00:00,Amsterdam Airport Schiphol,58
2019-02-13 00:00:00,Adolfo Suárez Madrid–Barajas Airport,41
2019-02-13 00:00:00,Zürich Airport,24
2019-02-13 00:00:00,Munich Airport,27
2019-02-13 00:00:00,London Gatwick Airport,43
2019-02-13 00:00:00,Malpensa International Airport,15
2019-02-13 00:00:00,Copenhagen Kastrup Airport,31
2019-02-13 00:00:00,Josep Tarradellas Barcelona-El Prat Airport,16
2019-02-13 00:00:00,Rome–Fiumicino Leonardo da Vinci International Airport,9
2019-02-13 00:00:00,Dublin Airport,24
2019-02-13 00:00:00,Paris-Orly Airport,9
2019-02-13 00:00:00,Düsseldorf Airport,12
2019-02-13 00:00:00,Manchester Airport,16
2019-02-13 00:00:00,Helsinki Vantaa Airport,17
2019-02-13 00:00:00,Humberto Delgado Airport (Lisbon Portela Airport),15
2019-02-13 00:00:00,Vienna International Airport,6
2019-02-13 00:00:00,Brussels Airport,3
2019-02-12 00:00:00,London Heathrow Airport,98
2019-02-12 00:00:00,Charles de Gaulle International Airport,43
2019-02-12 00:00:00,Frankfurt am Main Airport,40
2019-02-12 00:00:00,Amsterdam Airport Schiphol,28
2019-02-12 00:00:00,Adolfo Suárez Madrid–Barajas Airport,31
2019-02-12 00:00:00,Zürich Airport,19
2019-02-12 00:00:00,London Gatwick Airport,21
2019-02-12 00:00:00,Munich Airport,18
2019-02-12 00:00:00,Rome–Fiumicino Leonardo da Vinci International Airport,12
2019-02-12 00:00:00,Paris-Orly Airport,12
2019-02-12 00:00:00,Helsinki Vantaa Airport,13
2019-02-12 00:00:00,Malpensa International Airport,7
2019-02-12 00:00:00,Copenhagen Kastrup Airport,10
2019-02-12 00:00:00,Humberto Delgado Airport (Lisbon Portela Airport),15
2019-02-12 00:00:00,Brussels Airport,8
2019-02-12 00:00:00,Josep Tarradellas Barcelona-El Prat Airport,6
2019-02-12 00:00:00,Manchester Airport,5
2019-02-12 00:00:00,Vienna International Airport,4
2019-02-12 00:00:00,Düsseldorf Airport,4
2019-02-12 00:00:00,Dublin Airport,6
2019-02-11 00:00:00,London Heathrow Airport,187
2019-02-11 00:00:00,Frankfurt am Main Airport,84
2019-02-11 00:00:00,Charles de Gaulle International Airport,79
2019-02-11 00:00:00,Amsterdam Airport Schiphol,80
2019-02-11 00:00:00,Zürich Airport,32
2019-02-11 00:00:00,Munich Airport,36
2019-02-11 00:00:00,Adolfo Suárez Madrid–Barajas Airport,26
2019-02-11 00:00:00,London Gatwick Airport,30
2019-02-11 00:00:00,Paris-Orly Airport,18
2019-02-11 00:00:00,Helsinki Vantaa Airport,21
2019-02-11 00:00:00,Malpensa International Airport,16
2019-02-11 00:00:00,Dublin Airport,22
2019-02-11 00:00:00,Rome–Fiumicino Leonardo da Vinci International Airport,12
2019-02-11 00:00:00,Manchester Airport,16
2019-02-11 00:00:00,Copenhagen Kastrup Airport,13
2019-02-11 00:00:00,Josep Tarradellas Barcelona-El Prat Airport,17
2019-02-11 00:00:00,Brussels Airport,11
2019-02-11 00:00:00,Vienna International Airport,12
2019-02-11 00:00:00,Düsseldorf Airport,12
2019-02-11 00:00:00,Humberto Delgado Airport (Lisbon Portela Airport),7
2019-02-10 00:00:00,London Heathrow Airport,127
2019-02-10 00:00:00,Frankfurt am Main Airport,108
2019-02-10 00:00:00,Charles de Gaulle International Airport,91
2019-02-10 00:00:00,Amsterdam Airport Schiphol,70
2019-02-10 00:00:00,Adolfo Suárez Madrid–Barajas Airport,48
2019-02-10 00:00:00,Malpensa International Airport,54
2019-02-10 00:00:00,Zürich Airport,52
2019-02-10 00:00:00,Rome–Fiumicino Leonardo da Vinci International Airport,57
2019-02-10 00:00:00,London Gatwick Airport,35
2019-02-10 00:00:00,Munich Airport,37
2019-02-10 00:00:00,Josep Tarradellas Barcelona-El Prat Airport,39
2019-02-10 00:00:00,Copenhagen Kastrup Airport,25
2019-02-10 00:00:00,Humberto Delgado Airport (Lisbon Portela Airport),50
2019-02-10 00:00:00,Helsinki Vantaa Airport,17
2019-02-10 00:00:00,Vienna International Airport,58
2019-02-10 00:00:00,Düsseldorf Airport,22
2019-02-10 00:00:00,Brussels Airport,21
2019-02-10 00:00:00,Manchester Airport,14
2019-02-10 00:00:00,Paris-Orly Airport,12
2019-02-10 00:00:00,Dublin Airport,13
2019-02-09 00:00:00,London Heathrow Airport,247
2019-02-09 00:00:00,Charles de Gaulle International Airport,171
2019-02-09 00:00:00,Frankfurt am Main Airport,128
2019-02-09 00:00:00,Adolfo Suárez Madrid–Barajas Airport,116
2019-02-09 00:00:00,Amsterdam Airport Schiphol,100
2019-02-09 00:00:00,Zürich Airport,63
2019-02-09 00:00:00,Rome–Fiumicino Leonardo da Vinci International Airport,48
2019-02-09 00:00:00,Munich Airport,61
2019-02-09 00:00:00,London Gatwick Airport,101
2019-02-09 00:00:00,Paris-Orly Airport,55
2019-02-09 00:00:00,Copenhagen Kastrup Airport,45
2019-02-09 00:00:00,Helsinki Vantaa Airport,45
2019-02-09 00:00:00,Humberto Delgado Airport (Lisbon Portela Airport),87
2019-02-09 00:00:00,Brussels Airport,42
2019-02-09 00:00:00,Malpensa International Airport,28
2019-02-09 00:00:00,Josep Tarradellas Barcelona-El Prat Airport,73
2019-02-09 00:00:00,Düsseldorf Airport,27
2019-02-09 00:00:00,Dublin Airport,29
2019-02-09 00:00:00,Manchester Airport,36
2019-02-09 00:00:00,Vienna International Airport,19
2019-02-08 00:00:00,London Heathrow Airport,180
2019-02-08 00:00:00,Charles de Gaulle International Airport,103
2019-02-08 00:00:00,Frankfurt am Main Airport,108
2019-02-08 00:00:00,Amsterdam Airport Schiphol,99
2019-02-08 00:00:00,Adolfo Suárez Madrid–Barajas Airport,101
2019-02-08 00:00:00,Munich Airport,64
2019-02-08 00:00:00,Zürich Airport,38
2019-02-08 00:00:00,London Gatwick Airport,87
2019-02-08 00:00:00,Copenhagen Kastrup Airport,72
2019-02-08 00:00:00,Paris-Orly Airport,49
2019-02-08 00:00:00,Malpensa International Airport,28
2019-02-08 00:00:00,Humberto Delgado Airport (Lisbon Portela Airport),76
2019-02-08 00:00:00,Manchester Airport,39
2019-02-08 00:00:00,Josep Tarradellas Barcelona-El Prat Airport,57
2019-02-08 00:00:00,Rome–Fiumicino Leonardo da Vinci International Airport,22
2019-02-08 00:00:00,Brussels Airport,39
2019-02-08 00:00:00,Dublin Airport,38
2019-02-08 00:00:00,Helsinki Vantaa Airport,25
2019-02-08 00:00:00,Vienna International Airport,19
2019-02-08 00:00:00,Düsseldorf Airport,22
2019-02-07 00:00:00,London Heathrow Airport,147
2019-02-07 00:00:00,Charles de Gaulle International Airport,127
2019-02-07 00:00:00,Frankfurt am Main Airport,163
2019-02-07 00:00:00,Amsterdam Airport Schiphol,118
2019-02-07 00:00:00,Zürich Airport,62
2019-02-07 00:00:00,Adolfo Suárez Madrid–Barajas Airport,53
2019-02-07 00:00:00,Munich Airport,76
2019-02-07 00:00:00,London Gatwick Airport,58
2019-02-07 00:00:00,Rome–Fiumicino Leonardo da Vinci International Airport,61
2019-02-07 00:00:00,Copenhagen Kastrup Airport,48
2019-02-07 00:00:00,Manchester Airport,28
2019-02-07 00:00:00,Brussels Airport,43
2019-02-07 00:00:00,Paris-Orly Airport,19
2019-02-07 00:00:00,Düsseldorf Airport,37
2019-02-07 00:00:00,Vienna International Airport,42
2019-02-07 00:00:00,Josep Tarradellas Barcelona-El Prat Airport,43
2019-02-07 00:00:00,Humberto Delgado Airport (Lisbon Portela Airport),26
2019-02-07 00:00:00,Helsinki Vantaa Airport,33
2019-02-07 00:00:00,Malpensa International Airport,22
2019-02-07 00:00:00,Dublin Airport,21
2019-02-06 00:00:00,London Heathrow Airport,234
2019-02-06 00:00:00,Frankfurt am Main Airport,121
2019-02-06 00:00:00,Charles de Gaulle International Airport,137
2019-02-06 00:00:00,Amsterdam Airport Schiphol,91
2019-02-06 00:00:00,Adolfo Suárez Madrid–Barajas Airport,116
2019-02-06 00:00:00,Zürich Airport,44
2019-02-06 00:00:00,London Gatwick Airport,89
2019-02-06 00:00:00,Munich Airport,56
2019-02-06 00:00:00,Paris-Orly Airport,53
2019-02-06 00:00:00,Manchester Airport,49
2019-02-06 00:00:00,Humberto Delgado Airport (Lisbon Portela Airport),79
2019-02-06 00:00:00,Malpensa International Airport,22
2019-02-06 00:00:00,Josep Tarradellas Barcelona-El Prat Airport,61
2019-02-06 00:00:00,Dublin Airport,50
2019-02-06 00:00:00,Brussels Airport,34
2019-02-06 00:00:00,Rome–Fiumicino Leonardo da Vinci International Airport,20
2019-02-06 00:00:00,Vienna International Airport,19
2019-02-06 00:00:00,Copenhagen Kastrup Airport,39
2019-02-06 00:00:00,Düsseldorf Airport,23
2019-02-06 00:00:00,Helsinki Vantaa Airport,11
2019-02-05 00:00:00,London Heathrow Airport,160
2019-02-05 00:00:00,Charles de Gaulle International Airport,61
2019-02-05 00:00:00,Frankfurt am Main Airport,52
2019-02-05 00:00:00,Amsterdam Airport Schiphol,46
2019-02-05 00:00:00,Adolfo Suárez Madrid–Barajas Airport,46
2019-02-05 00:00:00,Zürich Airport,26
2019-02-05 00:00:00,London Gatwick Airport,36
2019-02-05 00:00:00,Paris-Orly Airport,15
2019-02-05 00:00:00,Munich Airport,19
2019-02-05 00:00:00,Humberto Delgado Airport (Lisbon Portela Airport),22
2019-02-05 00:00:00,Malpensa International Airport,9
2019-02-05 00:00:00,Rome–Fiumicino Leonardo da Vinci International Airport,8
2019-02-05 00:00:00,Brussels Airport,9
2019-02-05 00:00:00,Dublin Airport,25
2019-02-05 00:00:00,Josep Tarradellas Barcelona-El Prat Airport,7
2019-02-05 00:00:00,Düsseldorf Airport,6
2019-02-05 00:00:00,Copenhagen Kastrup Airport,4
2019-02-05 00:00:00,Manchester Airport,13
2019-02-05 00:00:00,Helsinki Vantaa Airport,2
2019-02-05 00:00:00,Vienna International Airport,2
2019-02-04 00:00:00,London Heathrow Airport,105
2019-02-04 00:00:00,Charles de Gaulle International Airport,64
2019-02-04 00:00:00,Frankfurt am Main Airport,58
2019-02-04 00:00:00,Amsterdam Airport Schiphol,45
2019-02-04 00:00:00,Adolfo Suárez Madrid–Barajas Airport,40
2019-02-04 00:00:00,Zürich Airport,22
2019-02-04 00:00:00,Munich Airport,19
2019-02-04 00:00:00,Malpensa International Airport,14
2019-02-04 00:00:00,London Gatwick Airport,15
2019-02-04 00:00:00,Brussels Airport,12
2019-02-04 00:00:00,Paris-Orly Airport,12
2019-02-04 00:00:00,Rome–Fiumicino Leonardo da Vinci International Airport,7
2019-02-04 00:00:00,Dublin Airport,9
2019-02-04 00:00:00,Humberto Delgado Airport (Lisbon Portela Airport),7
2019-02-04 00:00:00,Copenhagen Kastrup Airport,11
2019-02-04 00:00:00,Vienna International Airport,6
2019-02-04 00:00:00,Manchester Airport,4
2019-02-04 00:00:00,Josep Tarradellas Barcelona-El Prat Airport,6
2019-02-04 00:00:00,Helsinki Vantaa Airport,7
2019-02-04 00:00:00,Düsseldorf Airport,7
2019-02-03 00:00:00,London Heathrow Airport,132
2019-02-03 00:00:00,Charles de Gaulle International Airport,81
2019-02-03 00:00:00,Frankfurt am Main Airport,79
2019-02-03 00:00:00,Adolfo Suárez Madrid–Barajas Airport,55
2019-02-03 00:00:00,Amsterdam Airport Schiphol,57
2019-02-03 00:00:00,Malpensa International Airport,29
2019-02-03 00:00:00,Munich Airport,38
2019-02-03 00:00:00,Zürich Airport,27
2019-02-03 00:00:00,Rome–Fiumicino Leonardo da Vinci International Airport,32
2019-02-03 00:00:00,Paris-Orly Airport,20
2019-02-03 00:00:00,London Gatwick Airport,17
2019-02-03 00:00:00,Copenhagen Kastrup Airport,19
2019-02-03 00:00:00,Manchester Airport,11
2019-02-03 00:00:00,Vienna International Airport,25
2019-02-03 00:00:00,Josep Tarradellas Barcelona-El Prat Airport,17
2019-02-03 00:00:00,Brussels Airport,17
2019-02-03 00:00:00,Düsseldorf Airport,16
2019-02-03 00:00:00,Humberto Delgado Airport (Lisbon Portela Airport),13
2019-02-03 00:00:00,Dublin Airport,10
2019-02-03 00:00:00,Helsinki Vantaa Airport,10
2019-02-02 00:00:00,London Heathrow Airport,97
2019-02-02 00:00:00,Charles de Gaulle International Airport,82
2019-02-02 00:00:00,Frankfurt am Main Airport,68
2019-02-02 00:00:00,Amsterdam Airport Schiphol,48
2019-02-02 00:00:00,Adolfo Suárez Madrid–Barajas Airport,42
2019-02-02 00:00:00,Zürich Airport,25
2019-02-02 00:00:00,Munich Airport,39
2019-02-02 00:00:00,Rome–Fiumicino Leonardo da Vinci International Airport,32
2019-02-02 00:00:00,Paris-Orly Airport,14
2019-02-02 00:00:00,Vienna International Airport,36
2019-02-02 00:00:00,Copenhagen Kastrup Airport,20
2019-02-02 00:00:00,London Gatwick Airport,15
2019-02-02 00:00:00,Humberto Delgado Airport (Lisbon Portela Airport),13
2019-02-02 00:00:00,Brussels Airport,18
2019-02-02 00:00:00,Josep Tarradellas Barcelona-El Prat Airport,24
2019-02-02 00:00:00,Malpensa International Airport,16
2019-02-02 00:00:00,Manchester Airport,8
2019-02-02 00:00:00,Düsseldorf Airport,14
2019-02-02 00:00:00,Helsinki Vantaa Airport,9
2019-02-02 00:00:00,Dublin Airport,5
2019-02-01 00:00:00,London Heathrow Airport,90
2019-02-01 00:00:00,Frankfurt am Main Airport,86
2019-02-01 00:00:00,Charles de Gaulle International Airport,62
2019-02-01 00:00:00,Amsterdam Airport Schiphol,51
2019-02-01 00:00:00,Zürich Airport,32
2019-02-01 00:00:00,Adolfo Suárez Madrid–Barajas Airport,30
2019-02-01 00:00:00,Munich Airport,41
2019-02-01 00:00:00,London Gatwick Airport,17
2019-02-01 00:00:00,Rome–Fiumicino Leonardo da Vinci International Airport,31
2019-02-01 00:00:00,Malpensa International Airport,25
2019-02-01 00:00:00,Josep Tarradellas Barcelona-El Prat Airport,32
2019-02-01 00:00:00,Brussels Airport,16
2019-02-01 00:00:00,Düsseldorf Airport,21
2019-02-01 00:00:00,Humberto Delgado Airport (Lisbon Portela Airport),11
2019-02-01 00:00:00,Paris-Orly Airport,5
2019-02-01 00:00:00,Copenhagen Kastrup Airport,14
2019-02-01 00:00:00,Vienna International Airport,30
2019-02-01 00:00:00,Manchester Airport,6
2019-02-01 00:00:00,Helsinki Vantaa Airport,10
2019-02-01 00:00:00,Dublin Airport,4
2019-01-31 00:00:00,Frankfurt am Main Airport,51
2019-01-31 00:00:00,London Heathrow Airport,54
2019-01-31 00:00:00,Charles de Gaulle International Airport,54
2019-01-31 00:00:00,Adolfo Suárez Madrid–Barajas Airport,76
2019-01-31 00:00:00,Amsterdam Airport Schiphol,25
2019-01-31 00:00:00,Rome–Fiumicino Leonardo da Vinci International Airport,15
2019-01-31 00:00:00,Zürich Airport,8
2019-01-31 00:00:00,Humberto Delgado Airport (Lisbon Portela Airport),38
2019-01-31 00:00:00,London Gatwick Airport,19
2019-01-31 00:00:00,Brussels Airport,10
2019-01-31 00:00:00,Helsinki Vantaa Airport,13
2019-01-31 00:00:00,Munich Airport,12
2019-01-31 00:00:00,Copenhagen Kastrup Airport,16
2019-01-31 00:00:00,Paris-Orly Airport,21
2019-01-31 00:00:00,Malpensa International Airport,9
2019-01-31 00:00:00,Josep Tarradellas Barcelona-El Prat Airport,28
2019-01-31 00:00:00,Vienna International Airport,6
2019-01-31 00:00:00,Manchester Airport,8
2019-01-31 00:00:00,Düsseldorf Airport,6
2019-01-31 00:00:00,Dublin Airport,6
2019-01-30 00:00:00,London Heathrow Airport,43
2019-01-30 00:00:00,Charles de Gaulle International Airport,43
2019-01-30 00:00:00,Adolfo Suárez Madrid–Barajas Airport,35
2019-01-30 00:00:00,Frankfurt am Main Airport,43
2019-01-30 00:00:00,Amsterdam Airport Schiphol,26
2019-01-30 00:00:00,Zürich Airport,19
2019-01-30 00:00:00,Munich Airport,30
2019-01-30 00:00:00,Paris-Orly Airport,12
2019-01-30 00:00:00,Rome–Fiumicino Leonardo da Vinci International Airport,12
2019-01-30 00:00:00,Malpensa International Airport,9
2019-01-30 00:00:00,Brussels Airport,10
2019-01-30 00:00:00,Humberto Delgado Airport (Lisbon Portela Airport),11
2019-01-30 00:00:00,Josep Tarradellas Barcelona-El Prat Airport,13
2019-01-30 00:00:00,Copenhagen Kastrup Airport,12
2019-01-30 00:00:00,London Gatwick Airport,5
2019-01-30 00:00:00,Dublin Airport,3
2019-01-30 00:00:00,Helsinki Vantaa Airport,6
2019-01-30 00:00:00,Düsseldorf Airport,3
2019-01-30 00:00:00,Vienna International Airport,14
2019-01-30 00:00:00,Manchester Airport,7
2019-01-29 00:00:00,London Heathrow Airport,61
2019-01-29 00:00:00,Charles de Gaulle International Airport,31
2019-01-29 00:00:00,Frankfurt am Main Airport,32
2019-01-29 00:00:00,Amsterdam Airport Schiphol,27
2019-01-29 00:00:00,Adolfo Suárez Madrid–Barajas Airport,30
2019-01-29 00:00:00,Zürich Airport,15
2019-01-29 00:00:00,Rome–Fiumicino Leonardo da Vinci International Airport,13
2019-01-29 00:00:00,Copenhagen Kastrup Airport,10
2019-01-29 00:00:00,Josep Tarradellas Barcelona-El Prat Airport,16
2019-01-29 00:00:00,London Gatwick Airport,10
2019-01-29 00:00:00,Munich Airport,10
2019-01-29 00:00:00,Humberto Delgado Airport (Lisbon Portela Airport),12
2019-01-29 00:00:00,Paris-Orly Airport,12
2019-01-29 00:00:00,Brussels Airport,9
2019-01-29 00:00:00,Malpensa International Airport,9
2019-01-29 00:00:00,Vienna International Airport,3
2019-01-29 00:00:00,Düsseldorf Airport,4
2019-01-29 00:00:00,Helsinki Vantaa Airport,2
2019-01-29 00:00:00,Manchester Airport,4
2019-01-29 00:00:00,Dublin Airport,4
2019-01-28 00:00:00,London Heathrow Airport,55
2019-01-28 00:00:00,Frankfurt am Main Airport,57
2019-01-28 00:00:00,Charles de Gaulle International Airport,40
2019-01-28 00:00:00,Amsterdam Airport Schiphol,39
2019-01-28 00:00:00,Adolfo Suárez Madrid–Barajas Airport,33
2019-01-28 00:00:00,Zürich Airport,19
2019-01-28 00:00:00,Malpensa International Airport,29
2019-01-28 00:00:00,London Gatwick Airport,13
2019-01-28 00:00:00,Munich Airport,17
2019-01-28 00:00:00,Rome–Fiumicino Leonardo da Vinci International Airport,21
2019-01-28 00:00:00,Josep Tarradellas Barcelona-El Prat Airport,18
2019-01-28 00:00:00,Humberto Delgado Airport (Lisbon Portela Airport),16
2019-01-28 00:00:00,Vienna International Airport,15
2019-01-28 00:00:00,Brussels Airport,10
2019-01-28 00:00:00,Copenhagen Kastrup Airport,6
2019-01-28 00:00:00,Manchester Airport,8
2019-01-28 00:00:00,Düsseldorf Airport,12
2019-01-28 00:00:00,Helsinki Vantaa Airport,6
2019-01-28 00:00:00,Paris-Orly Airport,5
2019-01-28 00:00:00,Dublin Airport,3
2019-01-27 00:00:00,London Heathrow Airport,73
2019-01-27 00:00:00,Frankfurt am Main Airport,73
2019-01-27 00:00:00,Charles de Gaulle International Airport,61
2019-01-27 00:00:00,Amsterdam Airport Schiphol,38
2019-01-27 00:00:00,Adolfo Suárez Madrid–Barajas Airport,40
2019-01-27 00:00:00,Malpensa International Airport,32
2019-01-27 00:00:00,Rome–Fiumicino Leonardo da Vinci International Airport,44
2019-01-27 00:00:00,Munich Airport,30
2019-01-27 00:00:00,Zürich Airport,19
2019-01-27 00:00:00,London Gatwick Airport,17
2019-01-27 00:00:00,Humberto Delgado Airport (Lisbon Portela Airport),16
2019-01-27 00:00:00,Brussels Airport,20
2019-01-27 00:00:00,Josep Tarradellas Barcelona-El Prat Airport,25
2019-01-27 00:00:00,Copenhagen Kastrup Airport,12
2019-01-27 00:00:00,Düsseldorf Airport,14
2019-01-27 00:00:00,Vienna International Airport,24
2019-01-27 00:00:00,Paris-Orly Airport,9
2019-01-27 00:00:00,Manchester Airport,8
2019-01-27 00:00:00,Dublin Airport,6
2019-01-27 00:00:00,Helsinki Vantaa Airport,5
2019-01-26 00:00:00,London Heathrow Airport,226
2019-01-26 00:00:00,Frankfurt am Main Airport,186
2019-01-26 00:00:00,Charles de Gaulle International Airport,174
2019-01-26 00:00:00,Amsterdam Airport Schiphol,137
2019-01-26 00:00:00,Zürich Airport,69
2019-01-26 00:00:00,Munich Airport,78
2019-01-26 00:00:00,London Gatwick Airport,84
2019-01-26 00:00:00,Brussels Airport,59
2019-01-26 00:00:00,Adolfo Suárez Madrid–Barajas Airport,66
2019-01-26 00:00:00,Paris-Orly Airport,36
2019-01-26 00:00:00,Malpensa International Airport,27
2019-01-26 00:00:00,Rome–Fiumicino Leonardo da Vinci International Airport,33
2019-01-26 00:00:00,Düsseldorf Airport,50
2019-01-26 00:00:00,Manchester Airport,48
2019-01-26 00:00:00,Vienna International Airport,38
2019-01-26 00:00:00,Copenhagen Kastrup Airport,51
2019-01-26 00:00:00,Josep Tarradellas Barcelona-El Prat Airport,44
2019-01-26 00:00:00,Helsinki Vantaa Airport,26
2019-01-26 00:00:00,Humberto Delgado Airport (Lisbon Portela Airport),36
2019-01-26 00:00:00,Dublin Airport,35
2019-01-25 00:00:00,London Heathrow Airport,133
2019-01-25 00:00:00,Frankfurt am Main Airport,79
2019-01-25 00:00:00,Charles de Gaulle International Airport,68
2019-01-25 00:00:00,Amsterdam Airport Schiphol,61
2019-01-25 00:00:00,Zürich Airport,21
2019-01-25 00:00:00,Munich Airport,30
2019-01-25 00:00:00,Adolfo Suárez Madrid–Barajas Airport,21
2019-01-25 00:00:00,London Gatwick Airport,35
2019-01-25 00:00:00,Brussels Airport,24
2019-01-25 00:00:00,Malpensa International Airport,16
2019-01-25 00:00:00,Copenhagen Kastrup Airport,25
2019-01-25 00:00:00,Rome–Fiumicino Leonardo da Vinci International Airport,14
2019-01-25 00:00:00,Vienna International Airport,16
2019-01-25 00:00:00,Humberto Delgado Airport (Lisbon Portela Airport),16
2019-01-25 00:00:00,Paris-Orly Airport,7
2019-01-25 00:00:00,Dublin Airport,18
2019-01-25 00:00:00,Helsinki Vantaa Airport,9
2019-01-25 00:00:00,Düsseldorf Airport,12
2019-01-25 00:00:00,Manchester Airport,10
2019-01-25 00:00:00,Josep Tarradellas Barcelona-El Prat Airport,7
2019-01-24 00:00:00,London Heathrow Airport,136
2019-01-24 00:00:00,Charles de Gaulle International Airport,91
2019-01-24 00:00:00,Frankfurt am Main Airport,74
2019-01-24 00:00:00,Amsterdam Airport Schiphol,55
2019-01-24 00:00:00,Zürich Airport,27
2019-01-24 00:00:00,Adolfo Suárez Madrid–Barajas Airport,31
2019-01-24 00:00:00,Munich Airport,29
2019-01-24 00:00:00,Malpensa International Airport,17
2019-01-24 00:00:00,Rome–Fiumicino Leonardo da Vinci International Airport,21
2019-01-24 00:00:00,London Gatwick Airport,20
2019-01-24 00:00:00,Manchester Airport,17
2019-01-24 00:00:00,Helsinki Vantaa Airport,30
2019-01-24 00:00:00,Brussels Airport,15
2019-01-24 00:00:00,Copenhagen Kastrup Airport,21
2019-01-24 00:00:00,Dublin Airport,22
2019-01-24 00:00:00,Vienna International Airport,20
2019-01-24 00:00:00,Humberto Delgado Airport (Lisbon Portela Airport),9
2019-01-24 00:00:00,Josep Tarradellas Barcelona-El Prat Airport,13
2019-01-24 00:00:00,Paris-Orly Airport,6
2019-01-24 00:00:00,Düsseldorf Airport,10
2019-01-23 00:00:00,London Heathrow Airport,111
2019-01-23 00:00:00,Charles de Gaulle International Airport,61
2019-01-23 00:00:00,Frankfurt am Main Airport,64
2019-01-23 00:00:00,Amsterdam Airport Schiphol,50
2019-01-23 00:00:00,London Gatwick Airport,27
2019-01-23 00:00:00,Munich Airport,33
2019-01-23 00:00:00,Zürich Airport,20
2019-01-23 00:00:00,Adolfo Suárez Madrid–Barajas Airport,12
2019-01-23 00:00:00,Copenhagen Kastrup Airport,43
2019-01-23 00:00:00,Malpensa International Airport,9
2019-01-23 00:00:00,Brussels Airport,11
2019-01-23 00:00:00,Dublin Airport,19
2019-01-23 00:00:00,Rome–Fiumicino Leonardo da Vinci International Airport,13
2019-01-23 00:00:00,Manchester Airport,14
2019-01-23 00:00:00,Paris-Orly Airport,8
2019-01-23 00:00:00,Vienna International Airport,11
2019-01-23 00:00:00,Düsseldorf Airport,11
2019-01-23 00:00:00,Josep Tarradellas Barcelona-El Prat Airport,3
2019-01-23 00:00:00,Humberto Delgado Airport (Lisbon Portela Airport),6
2019-01-23 00:00:00,Helsinki Vantaa Airport,10
2019-01-22 00:00:00,London Heathrow Airport,134
2019-01-22 00:00:00,Frankfurt am Main Airport,78
2019-01-22 00:00:00,Charles de Gaulle International Airport,58
2019-01-22 00:00:00,Amsterdam Airport Schiphol,48
2019-01-22 00:00:00,Zürich Airport,30
2019-01-22 00:00:00,Adolfo Suárez Madrid–Barajas Airport,36
2019-01-22 00:00:00,London Gatwick Airport,35
2019-01-22 00:00:00,Munich Airport,33
2019-01-22 00:00:00,Rome–Fiumicino Leonardo da Vinci International Airport,15
2019-01-22 00:00:00,Brussels Airport,11
2019-01-22 00:00:00,Paris-Orly Airport,12
2019-01-22 00:00:00,Copenhagen Kastrup Airport,33
2019-01-22 00:00:00,Josep Tarradellas Barcelona-El Prat Airport,9
2019-01-22 00:00:00,Malpensa International Airport,7
2019-01-22 00:00:00,Düsseldorf Airport,14
2019-01-22 00:00:00,Humberto Delgado Airport (Lisbon Portela Airport),23
2019-01-22 00:00:00,Dublin Airport,17
2019-01-22 00:00:00,Vienna International Airport,10
2019-01-22 00:00:00,Helsinki Vantaa Airport,9
2019-01-22 00:00:00,Manchester Airport,9
2019-01-21 00:00:00,London Heathrow Airport,172
2019-01-21 00:00:00,Frankfurt am Main Airport,73
2019-01-21 00:00:00,Charles de Gaulle International Airport,62
2019-01-21 00:00:00,Amsterdam Airport Schiphol,57
2019-01-21 00:00:00,Zürich Airport,26
2019-01-21 00:00:00,London Gatwick Airport,31
2019-01-21 00:00:00,Munich Airport,20
2019-01-21 00:00:00,Rome–Fiumicino Leonardo da Vinci International Airport,20
2019-01-21 00:00:00,Adolfo Suárez Madrid–Barajas Airport,13
2019-01-21 00:00:00,Malpensa International Airport,10
2019-01-21 00:00:00,Humberto Delgado Airport (Lisbon Portela Airport),15
2019-01-21 00:00:00,Brussels Airport,8
2019-01-21 00:00:00,Copenhagen Kastrup Airport,8
2019-01-21 00:00:00,Dublin Airport,13
2019-01-21 00:00:00,Manchester Airport,9
2019-01-21 00:00:00,Vienna International Airport,9
2019-01-21 00:00:00,Düsseldorf Airport,4
2019-01-21 00:00:00,Paris-Orly Airport,4
2019-01-21 00:00:00,Josep Tarradellas Barcelona-El Prat Airport,3
2019-01-21 00:00:00,Helsinki Vantaa Airport,4
2019-01-20 00:00:00,London Heathrow Airport,89
2019-01-20 00:00:00,Frankfurt am Main Airport,50
2019-01-20 00:00:00,Charles de Gaulle International Airport,50
2019-01-20 00:00:00,Amsterdam Airport Schiphol,42
2019-01-20 00:00:00,Adolfo Suárez Madrid–Barajas Airport,26
2019-01-20 00:00:00,Munich Airport,26
2019-01-20 00:00:00,Zürich Airport,18
2019-01-20 00:00:00,Malpensa International Airport,18
2019-01-20 00:00:00,Rome–Fiumicino Leonardo da Vinci International Airport,16
2019-01-20 00:00:00,London Gatwick Airport,15
2019-01-20 00:00:00,Copenhagen Kastrup Airport,14
2019-01-20 00:00:00,Paris-Orly Airport,11
2019-01-20 00:00:00,Manchester Airport,10
2019-01-20 00:00:00,Dublin Airport,16
2019-01-20 00:00:00,Humberto Delgado Airport (Lisbon Portela Airport),11
2019-01-20 00:00:00,Düsseldorf Airport,8
2019-01-20 00:00:00,Brussels Airport,9
2019-01-20 00:00:00,Josep Tarradellas Barcelona-El Prat Airport,10
2019-01-20 00:00:00,Vienna International Airport,10
2019-01-20 00:00:00,Helsinki Vantaa Airport,3
2019-01-19 00:00:00,London Heathrow Airport,98
2019-01-19 00:00:00,Charles de Gaulle International Airport,83
2019-01-19 00:00:00,Frankfurt am Main Airport,84
2019-01-19 00:00:00,Amsterdam Airport Schiphol,52
2019-01-19 00:00:00,Adolfo Suárez Madrid–Barajas Airport,29
2019-01-19 00:00:00,Zürich Airport,23
2019-01-19 00:00:00,Munich Airport,34
2019-01-19 00:00:00,London Gatwick Airport,21
2019-01-19 00:00:00,Malpensa International Airport,17
2019-01-19 00:00:00,Rome–Fiumicino Leonardo da Vinci International Airport,28
2019-01-19 00:00:00,Brussels Airport,20
2019-01-19 00:00:00,Vienna International Airport,24
2019-01-19 00:00:00,Copenhagen Kastrup Airport,16
2019-01-19 00:00:00,Paris-Orly Airport,8
2019-01-19 00:00:00,Düsseldorf Airport,14
2019-01-19 00:00:00,Manchester Airport,10
2019-01-19 00:00:00,Josep Tarradellas Barcelona-El Prat Airport,13
2019-01-19 00:00:00,Helsinki Vantaa Airport,8
2019-01-19 00:00:00,Humberto Delgado Airport (Lisbon Portela Airport),6
2019-01-19 00:00:00,Dublin Airport,3
2019-01-18 00:00:00,London Heathrow Airport,67
2019-01-18 00:00:00,Charles de Gaulle International Airport,63
2019-01-18 00:00:00,Frankfurt am Main Airport,71
2019-01-18 00:00:00,Amsterdam Airport Schiphol,52
2019-01-18 00:00:00,Adolfo Suárez Madrid–Barajas Airport,35
2019-01-18 00:00:00,Zürich Airport,20
2019-01-18 00:00:00,Munich Airport,21
2019-01-18 00:00:00,Malpensa International Airport,16
2019-01-18 00:00:00,Copenhagen Kastrup Airport,14
2019-01-18 00:00:00,London Gatwick Airport,11
2019-01-18 00:00:00,Rome–Fiumicino Leonardo da Vinci International Airport,10
2019-01-18 00:00:00,Brussels Airport,11
2019-01-18 00:00:00,Josep Tarradellas Barcelona-El Prat Airport,38
2019-01-18 00:00:00,Vienna International Airport,11
2019-01-18 00:00:00,Düsseldorf Airport,12
2019-01-18 00:00:00,Humberto Delgado Airport (Lisbon Portela Airport),6
2019-01-18 00:00:00,Paris-Orly Airport,10
2019-01-18 00:00:00,Manchester Airport,4
2019-01-18 00:00:00,Helsinki Vantaa Airport,4
2019-01-18 00:00:00,Dublin Airport,1
2019-01-17 00:00:00,London Heathrow Airport,99
2019-01-17 00:00:00,Frankfurt am Main Airport,59
2019-01-17 00:00:00,Charles de Gaulle International Airport,54
2019-01-17 00:00:00,Amsterdam Airport Schiphol,45
2019-01-17 00:00:00,Adolfo Suárez Madrid–Barajas Airport,27
2019-01-17 00:00:00,Zürich Airport,15
2019-01-17 00:00:00,Rome–Fiumicino Leonardo da Vinci International Airport,17
2019-01-17 00:00:00,Copenhagen Kastrup Airport,12
2019-01-17 00:00:00,Munich Airport,15
2019-01-17 00:00:00,Helsinki Vantaa Airport,13
2019-01-17 00:00:00,Malpensa International Airport,11
2019-01-17 00:00:00,Brussels Airport,7
2019-01-17 00:00:00,London Gatwick Airport,8
2019-01-17 00:00:00,Josep Tarradellas Barcelona-El Prat Airport,11
2019-01-17 00:00:00,Vienna International Airport,7
2019-01-17 00:00:00,Paris-Orly Airport,4
2019-01-17 00:00:00,Humberto Delgado Airport (Lisbon Portela Airport),6
2019-01-17 00:00:00,Manchester Airport,7
2019-01-17 00:00:00,Dublin Airport,7
2019-01-17 00:00:00,Düsseldorf Airport,3
2019-01-16 00:00:00,London Heathrow Airport,196
2019-01-16 00:00:00,Frankfurt am Main Airport,127
2019-01-16 00:00:00,Charles de Gaulle International Airport,125
2019-01-16 00:00:00,Amsterdam Airport Schiphol,84
2019-01-16 00:00:00,Adolfo Suárez Madrid–Barajas Airport,56
2019-01-16 00:00:00,Munich Airport,72
2019-01-16 00:00:00,Zürich Airport,46
2019-01-16 00:00:00,Brussels Airport,48
2019-01-16 00:00:00,London Gatwick Airport,52
2019-01-16 00:00:00,Malpensa International Airport,23
2019-01-16 00:00:00,Copenhagen Kastrup Airport,27
2019-01-16 00:00:00,Paris-Orly Airport,18
2019-01-16 00:00:00,Rome–Fiumicino Leonardo da Vinci International Airport,23
2019-01-16 00:00:00,Josep Tarradellas Barcelona-El Prat Airport,31
2019-01-16 00:00:00,Humberto Delgado Airport (Lisbon Portela Airport),23
2019-01-16 00:00:00,Düsseldorf Airport,36
2019-01-16 00:00:00,Manchester Airport,16
2019-01-16 00:00:00,Helsinki Vantaa Airport,13
2019-01-16 00:00:00,Dublin Airport,12
2019-01-16 00:00:00,Vienna International Airport,23
2019-01-15 00:00:00,London Heathrow Airport,139
2019-01-15 00:00:00,Charles de Gaulle International Airport,72
2019-01-15 00:00:00,Amsterdam Airport Schiphol,52
2019-01-15 00:00:00,Frankfurt am Main Airport,38
2019-01-15 00:00:00,Adolfo Suárez Madrid–Barajas Airport,37
2019-01-15 00:00:00,Munich Airport,27
2019-01-15 00:00:00,London Gatwick Airport,33
2019-01-15 00:00:00,Zürich Airport,18
2019-01-15 00:00:00,Brussels Airport,13
2019-01-15 00:00:00,Rome–Fiumicino Leonardo da Vinci International Airport,11
2019-01-15 00:00:00,Paris-Orly Airport,12
2019-01-15 00:00:00,Humberto Delgado Airport (Lisbon Portela Airport),38
2019-01-15 00:00:00,Copenhagen Kastrup Airport,14
2019-01-15 00:00:00,Malpensa International Airport,8
2019-01-15 00:00:00,Dublin Airport,26
2019-01-15 00:00:00,Manchester Airport,15
2019-01-15 00:00:00,Düsseldorf Airport,6
2019-01-15 00:00:00,Vienna International Airport,5
2019-01-15 00:00:00,Josep Tarradellas Barcelona-El Prat Airport,13
2019-01-15 00:00:00,Helsinki Vantaa Airport,3
2019-01-14 00:00:00,London Heathrow Airport,104
2019-01-14 00:00:00,Charles de Gaulle International Airport,61
2019-01-14 00:00:00,Frankfurt am Main Airport,51
2019-01-14 00:00:00,Amsterdam Airport Schiphol,52
2019-01-14 00:00:00,Adolfo Suárez Madrid–Barajas Airport,23
2019-01-14 00:00:00,Munich Airport,21
2019-01-14 00:00:00,London Gatwick Airport,20
2019-01-14 00:00:00,Zürich Airport,17
2019-01-14 00:00:00,Malpensa International Airport,12
2019-01-14 00:00:00,Brussels Airport,11
2019-01-14 00:00:00,Vienna International Airport,8
2019-01-14 00:00:00,Rome–Fiumicino Leonardo da Vinci International Airport,7
2019-01-14 00:00:00,Manchester Airport,6
2019-01-14 00:00:00,Humberto Delgado Airport (Lisbon Portela Airport),7
2019-01-14 00:00:00,Dublin Airport,8
2019-01-14 00:00:00,Copenhagen Kastrup Airport,4
2019-01-14 00:00:00,Josep Tarradellas Barcelona-El Prat Airport,4
2019-01-14 00:00:00,Düsseldorf Airport,4
2019-01-14 00:00:00,Paris-Orly Airport,5
2019-01-14 00:00:00,Helsinki Vantaa Airport,5
2019-01-13 00:00:00,London Heathrow Airport,179
2019-01-13 00:00:00,Charles de Gaulle International Airport,112
2019-01-13 00:00:00,Frankfurt am Main Airport,89
2019-01-13 00:00:00,Amsterdam Airport Schiphol,77
2019-01-13 00:00:00,Zürich Airport,40
2019-01-13 00:00:00,Adolfo Suárez Madrid–Barajas Airport,54
2019-01-13 00:00:00,Munich Airport,40
2019-01-13 00:00:00,London Gatwick Airport,51
2019-01-13 00:00:00,Malpensa International Airport,23
2019-01-13 00:00:00,Rome–Fiumicino Leonardo da Vinci International Airport,25
2019-01-13 00:00:00,Copenhagen Kastrup Airport,19
2019-01-13 00:00:00,Düsseldorf Airport,21
2019-01-13 00:00:00,Vienna International Airport,18
2019-01-13 00:00:00,Brussels Airport,19
2019-01-13 00:00:00,Helsinki Vantaa Airport,19
2019-01-13 00:00:00,Dublin Airport,25
2019-01-13 00:00:00,Paris-Orly Airport,24
2019-01-13 00:00:00,Josep Tarradellas Barcelona-El Prat Airport,45
2019-01-13 00:00:00,Manchester Airport,26
2019-01-13 00:00:00,Humberto Delgado Airport (Lisbon Portela Airport),19
2019-01-12 00:00:00,London Heathrow Airport,236
2019-01-12 00:00:00,Charles de Gaulle International Airport,109
2019-01-12 00:00:00,Frankfurt am Main Airport,103
2019-01-12 00:00:00,Amsterdam Airport Schiphol,82
2019-01-12 00:00:00,Adolfo Suárez Madrid–Barajas Airport,49
2019-01-12 00:00:00,Munich Airport,40
2019-01-12 00:00:00,Zürich Airport,34
2019-01-12 00:00:00,London Gatwick Airport,51
2019-01-12 00:00:00,Rome–Fiumicino Leonardo da Vinci International Airport,32
2019-01-12 00:00:00,Malpensa International Airport,21
2019-01-12 00:00:00,Dublin Airport,56
2019-01-12 00:00:00,Helsinki Vantaa Airport,22
2019-01-12 00:00:00,Manchester Airport,32
2019-01-12 00:00:00,Brussels Airport,16
2019-01-12 00:00:00,Copenhagen Kastrup Airport,17
2019-01-12 00:00:00,Paris-Orly Airport,12
2019-01-12 00:00:00,Humberto Delgado Airport (Lisbon Portela Airport),27
2019-01-12 00:00:00,Düsseldorf Airport,15
2019-01-12 00:00:00,Josep Tarradellas Barcelona-El Prat Airport,20
2019-01-12 00:00:00,Vienna International Airport,13
2019-01-11 00:00:00,London Heathrow Airport,152
2019-01-11 00:00:00,Frankfurt am Main Airport,90
2019-01-11 00:00:00,Charles de Gaulle International Airport,80
2019-01-11 00:00:00,Amsterdam Airport Schiphol,53
2019-01-11 00:00:00,Adolfo Suárez Madrid–Barajas Airport,33
2019-01-11 00:00:00,Zürich Airport,31
2019-01-11 00:00:00,Munich Airport,35
2019-01-11 00:00:00,London Gatwick Airport,27
2019-01-11 00:00:00,Rome–Fiumicino Leonardo da Vinci International Airport,23
2019-01-11 00:00:00,Copenhagen Kastrup Airport,31
2019-01-11 00:00:00,Malpensa International Airport,21
2019-01-11 00:00:00,Helsinki Vantaa Airport,27
2019-01-11 00:00:00,Humberto Delgado Airport (Lisbon Portela Airport),16
2019-01-11 00:00:00,Vienna International Airport,18
2019-01-11 00:00:00,Düsseldorf Airport,18
2019-01-11 00:00:00,Brussels Airport,13
2019-01-11 00:00:00,Manchester Airport,10
2019-01-11 00:00:00,Josep Tarradellas Barcelona-El Prat Airport,12
2019-01-11 00:00:00,Dublin Airport,11
2019-01-11 00:00:00,Paris-Orly Airport,5
2019-01-10 00:00:00,London Heathrow Airport,114
2019-01-10 00:00:00,Charles de Gaulle International Airport,67
2019-01-10 00:00:00,Frankfurt am Main Airport,60
2019-01-10 00:00:00,Amsterdam Airport Schiphol,57
2019-01-10 00:00:00,Zürich Airport,21
2019-01-10 00:00:00,Adolfo Suárez Madrid–Barajas Airport,21
2019-01-10 00:00:00,Rome–Fiumicino Leonardo da Vinci International Airport,16
2019-01-10 00:00:00,London Gatwick Airport,19
2019-01-10 00:00:00,Munich Airport,14
2019-01-10 00:00:00,Copenhagen Kastrup Airport,15
2019-01-10 00:00:00,Helsinki Vantaa Airport,19
2019-01-10 00:00:00,Malpensa International Airport,11
2019-01-10 00:00:00,Brussels Airport,8
2019-01-10 00:00:00,Manchester Airport,8
2019-01-10 00:00:00,Paris-Orly Airport,8
2019-01-10 00:00:00,Vienna International Airport,7
2019-01-10 00:00:00,Dublin Airport,9
2019-01-10 00:00:00,Humberto Delgado Airport (Lisbon Portela Airport),6
2019-01-10 00:00:00,Düsseldorf Airport,6
2019-01-10 00:00:00,Josep Tarradellas Barcelona-El Prat Airport,3
2019-01-09 00:00:00,London Heathrow Airport,58
2019-01-09 00:00:00,Frankfurt am Main Airport,51
2019-01-09 00:00:00,Charles de Gaulle International Airport,44
2019-01-09 00:00:00,Amsterdam Airport Schiphol,35
2019-01-09 00:00:00,Adolfo Suárez Madrid–Barajas Airport,29
2019-01-09 00:00:00,Zürich Airport,13
2019-01-09 00:00:00,Munich Airport,15
2019-01-09 00:00:00,London Gatwick Airport,14
2019-01-09 00:00:00,Rome–Fiumicino Leonardo da Vinci International Airport,11
2019-01-09 00:00:00,Copenhagen Kastrup Airport,18
2019-01-09 00:00:00,Humberto Delgado Airport (Lisbon Portela Airport),14
2019-01-09 00:00:00,Malpensa International Airport,10
2019-01-09 00:00:00,Helsinki Vantaa Airport,19
2019-01-09 00:00:00,Brussels Airport,10
2019-01-09 00:00:00,Paris-Orly Airport,5
2019-01-09 00:00:00,Dublin Airport,6
2019-01-09 00:00:00,Josep Tarradellas Barcelona-El Prat Airport,4
2019-01-09 00:00:00,Manchester Airport,7
2019-01-09 00:00:00,Vienna International Airport,4
2019-01-09 00:00:00,Düsseldorf Airport,4
2019-01-08 00:00:00,London Heathrow Airport,137
2019-01-08 00:00:00,Frankfurt am Main Airport,81
2019-01-08 00:00:00,Charles de Gaulle International Airport,65
2019-01-08 00:00:00,Amsterdam Airport Schiphol,56
2019-01-08 00:00:00,Munich Airport,34
2019-01-08 00:00:00,Adolfo Suárez Madrid–Barajas Airport,31
2019-01-08 00:00:00,Rome–Fiumicino Leonardo da Vinci International Airport,31
2019-01-08 00:00:00,Zürich Airport,19
2019-01-08 00:00:00,London Gatwick Airport,28
2019-01-08 00:00:00,Helsinki Vantaa Airport,33
2019-01-08 00:00:00,Dublin Airport,25
2019-01-08 00:00:00,Brussels Airport,14
2019-01-08 00:00:00,Copenhagen Kastrup Airport,13
2019-01-08 00:00:00,Josep Tarradellas Barcelona-El Prat Airport,28
2019-01-08 00:00:00,Paris-Orly Airport,16
2019-01-08 00:00:00,Vienna International Airport,8
2019-01-08 00:00:00,Düsseldorf Airport,16
2019-01-08 00:00:00,Humberto Delgado Airport (Lisbon Portela Airport),23
2019-01-08 00:00:00,Malpensa International Airport,8
2019-01-08 00:00:00,Manchester Airport,11
2019-01-07 00:00:00,London Heathrow Airport,214
2019-01-07 00:00:00,Charles de Gaulle International Airport,113
2019-01-07 00:00:00,Frankfurt am Main Airport,97
2019-01-07 00:00:00,Amsterdam Airport Schiphol,94
2019-01-07 00:00:00,Adolfo Suárez Madrid–Barajas Airport,34
2019-01-07 00:00:00,London Gatwick Airport,50
2019-01-07 00:00:00,Munich Airport,47
2019-01-07 00:00:00,Dublin Airport,43
2019-01-07 00:00:00,Zürich Airport,16
2019-01-07 00:00:00,Copenhagen Kastrup Airport,55
2019-01-07 00:00:00,Humberto Delgado Airport (Lisbon Portela Airport),28
2019-01-07 00:00:00,Manchester Airport,23
2019-01-07 00:00:00,Helsinki Vantaa Airport,59
2019-01-07 00:00:00,Rome–Fiumicino Leonardo da Vinci International Airport,12
2019-01-07 00:00:00,Brussels Airport,23
2019-01-07 00:00:00,Malpensa International Airport,14
2019-01-07 00:00:00,Düsseldorf Airport,23
2019-01-07 00:00:00,Vienna International Airport,17
2019-01-07 00:00:00,Paris-Orly Airport,8
2019-01-07 00:00:00,Josep Tarradellas Barcelona-El Prat Airport,14
2019-01-06 00:00:00,London Heathrow Airport,151
2019-01-06 00:00:00,Charles de Gaulle International Airport,80
2019-01-06 00:00:00,Frankfurt am Main Airport,69
2019-01-06 00:00:00,Amsterdam Airport Schiphol,47
2019-01-06 00:00:00,Adolfo Suárez Madrid–Barajas Airport,34
2019-01-06 00:00:00,Munich Airport,28
2019-01-06 00:00:00,London Gatwick Airport,31
2019-01-06 00:00:00,Zürich Airport,20
2019-01-06 00:00:00,Rome–Fiumicino Leonardo da Vinci International Airport,18
2019-01-06 00:00:00,Malpensa International Airport,17
2019-01-06 00:00:00,Dublin Airport,23
2019-01-06 00:00:00,Humberto Delgado Airport (Lisbon Portela Airport),15
2019-01-06 00:00:00,Copenhagen Kastrup Airport,9
2019-01-06 00:00:00,Manchester Airport,10
2019-01-06 00:00:00,Brussels Airport,11
2019-01-06 00:00:00,Paris-Orly Airport,8
2019-01-06 00:00:00,Vienna International Airport,8
2019-01-06 00:00:00,Düsseldorf Airport,8
2019-01-06 00:00:00,Josep Tarradellas Barcelona-El Prat Airport,6
2019-01-06 00:00:00,Helsinki Vantaa Airport,11
2019-01-05 00:00:00,London Heathrow Airport,53
2019-01-05 00:00:00,Charles de Gaulle International Airport,52
2019-01-05 00:00:00,Adolfo Suárez Madrid–Barajas Airport,52
2019-01-05 00:00:00,Frankfurt am Main Airport,42
2019-01-05 00:00:00,Amsterdam Airport Schiphol,28
2019-01-05 00:00:00,Rome–Fiumicino Leonardo da Vinci International Airport,19
2019-01-05 00:00:00,London Gatwick Airport,23
2019-01-05 00:00:00,Paris-Orly Airport,20
2019-01-05 00:00:00,Zürich Airport,15
2019-01-05 00:00:00,Humberto Delgado Airport (Lisbon Portela Airport),22
2019-01-05 00:00:00,Munich Airport,13
2019-01-05 00:00:00,Malpensa International Airport,9
2019-01-05 00:00:00,Düsseldorf Airport,7
2019-01-05 00:00:00,Josep Tarradellas Barcelona-El Prat Airport,9
2019-01-05 00:00:00,Copenhagen Kastrup Airport,5
2019-01-05 00:00:00,Brussels Airport,4
2019-01-05 00:00:00,Vienna International Airport,7
2019-01-05 00:00:00,Manchester Airport,4
2019-01-05 00:00:00,Dublin Airport,3
2019-01-05 00:00:00,Helsinki Vantaa Airport,1
2019-01-04 00:00:00,London Heathrow Airport,188
2019-01-04 00:00:00,Charles de Gaulle International Airport,92
2019-01-04 00:00:00,Amsterdam Airport Schiphol,76
2019-01-04 00:00:00,Frankfurt am Main Airport,71
2019-01-04 00:00:00,Adolfo Suárez Madrid–Barajas Airport,56
2019-01-04 00:00:00,Munich Airport,31
2019-01-04 00:00:00,London Gatwick Airport,46
2019-01-04 00:00:00,Paris-Orly Airport,27
2019-01-04 00:00:00,Dublin Airport,39
2019-01-04 00:00:00,Zürich Airport,19
2019-01-04 00:00:00,Brussels Airport,25
2019-01-04 00:00:00,Humberto Delgado Airport (Lisbon Portela Airport),28
2019-01-04 00:00:00,Manchester Airport,30
2019-01-04 00:00:00,Copenhagen Kastrup Airport,26
2019-01-04 00:00:00,Malpensa International Airport,15
2019-01-04 00:00:00,Josep Tarradellas Barcelona-El Prat Airport,26
2019-01-04 00:00:00,Rome–Fiumicino Leonardo da Vinci International Airport,10
2019-01-04 00:00:00,Düsseldorf Airport,11
2019-01-04 00:00:00,Vienna International Airport,7
2019-01-04 00:00:00,Helsinki Vantaa Airport,20
2019-01-03 00:00:00,London Heathrow Airport,137
2019-01-03 00:00:00,Charles de Gaulle International Airport,77
2019-01-03 00:00:00,Amsterdam Airport Schiphol,67
2019-01-03 00:00:00,Frankfurt am Main Airport,58
2019-01-03 00:00:00,Adolfo Suárez Madrid–Barajas Airport,48
2019-01-03 00:00:00,Rome–Fiumicino Leonardo da Vinci International Airport,19
2019-01-03 00:00:00,Munich Airport,22
2019-01-03 00:00:00,London Gatwick Airport,25
2019-01-03 00:00:00,Paris-Orly Airport,17
2019-01-03 00:00:00,Copenhagen Kastrup Airport,23
2019-01-03 00:00:00,Zürich Airport,13
2019-01-03 00:00:00,Dublin Airport,20
2019-01-03 00:00:00,Brussels Airport,15
2019-01-03 00:00:00,Humberto Delgado Airport (Lisbon Portela Airport),16
2019-01-03 00:00:00,Malpensa International Airport,8
2019-01-03 00:00:00,Manchester Airport,11
2019-01-03 00:00:00,Düsseldorf Airport,8
2019-01-03 00:00:00,Helsinki Vantaa Airport,16
2019-01-03 00:00:00,Vienna International Airport,3
2019-01-03 00:00:00,Josep Tarradellas Barcelona-El Prat Airport,3
2019-01-02 00:00:00,London Heathrow Airport,114
2019-01-02 00:00:00,Charles de Gaulle International Airport,52
2019-01-02 00:00:00,Frankfurt am Main Airport,39
2019-01-02 00:00:00,Amsterdam Airport Schiphol,42
2019-01-02 00:00:00,Adolfo Suárez Madrid–Barajas Airport,39
2019-01-02 00:00:00,Munich Airport,21
2019-01-02 00:00:00,London Gatwick Airport,23
2019-01-02 00:00:00,Zürich Airport,20
2019-01-02 00:00:00,Paris-Orly Airport,15
2019-01-02 00:00:00,Malpensa International Airport,11
2019-01-02 00:00:00,Rome–Fiumicino Leonardo da Vinci International Airport,9
2019-01-02 00:00:00,Dublin Airport,14
2019-01-02 00:00:00,Humberto Delgado Airport (Lisbon Portela Airport),14
2019-01-02 00:00:00,Copenhagen Kastrup Airport,7
2019-01-02 00:00:00,Düsseldorf Airport,6
2019-01-02 00:00:00,Manchester Airport,6
2019-01-02 00:00:00,Brussels Airport,6
2019-01-02 00:00:00,Josep Tarradellas Barcelona-El Prat Airport,5
2019-01-02 00:00:00,Vienna International Airport,4
2019-01-02 00:00:00,Helsinki Vantaa Airport,3
2019-01-01 00:00:00,London Heathrow Airport,36
2019-01-01 00:00:00,Charles de Gaulle International Airport,30
2019-01-01 00:00:00,Frankfurt am Main Airport,28
2019-01-01 00:00:00,Amsterdam Airport Schiphol,25
2019-01-01 00:00:00,Adolfo Suárez Madrid–Barajas Airport,22
2019-01-01 00:00:00,Rome–Fiumicino Leonardo da Vinci International Airport,11
2019-01-01 00:00:00,Zürich Airport,8
2019-01-01 00:00:00,Munich Airport,8
2019-01-01 00:00:00,London Gatwick Airport,7
2019-01-01 00:00:00,Copenhagen Kastrup Airport,7
2019-01-01 00:00:00,Paris-Orly Airport,5
2019-01-01 00:00:00,Humberto Delgado Airport (Lisbon Portela Airport),4
2019-01-01 00:00:00,Dublin Airport,4
2019-01-01 00:00:00,Helsinki Vantaa Airport,5
2019-01-01 00:00:00,Düsseldorf Airport,3
2019-01-01 00:00:00,Malpensa International Airport,2
2019-01-01 00:00:00,Vienna International Airport,2
2019-01-01 00:00:00,Brussels Airport,1
