date,fir_code,fir_name,big_hit_count
2019-01-01,BIRD,Reykjavik FIR,9
2019-01-01,EBBU,Brussels FIR,1
2019-01-01,EDGG,Langen FIR,33
2019-01-01,EDMM,Munchen FIR,13
2019-01-01,EDWW,Bremen FIR,1
2019-01-01,EETT,Tallinn FIR,1
2019-01-01,EFIN,Helsinki FIR,5
2019-01-01,EGPX,Scottish FIR,0
2019-01-01,EGTT,London FIR,44
2019-01-01,EHAA,Amsterdam FIR,25
2019-01-01,EISN,Shannon FIR,4
2019-01-01,EKDK,Copenhagen FIR,7
2019-01-01,ENOR,Polaris FIR,3
2019-01-01,EPWW,Warszawa FIR,5
2019-01-01,ESAA,Sweden FIR,5
2019-01-01,EVRR,Riga FIR,3
2019-01-01,EYVL,Vilnius FIR,1
2019-01-01,GCCC,Canarias FIR,1
2019-01-01,GMMM,Casablanca FIR,0
2019-01-01,LAAA,Tirana FIR,0
2019-01-01,LBSR,Sofia FIR,1
2019-01-01,LDZO,Zagreb FIR,0
2019-01-01,LECB,Barcelona FIR,0
2019-01-01,LECM,Madrid FIR,22
2019-01-01,LFBB,Bordeaux FIR,0
2019-01-01,LFEE,Reims FIR,0
2019-01-01,LFFF,Paris FIR,35
2019-01-01,LFMM,Marseille FIR,0
2019-01-01,LFRR,Brest FIR,0
2019-01-01,LGGG,Athinai FIR,6
2019-01-01,LHCC,Budapest FIR,1
2019-01-01,LIBB,Brindisi FIR,0
2019-01-01,LIMM,Milano FIR,5
2019-01-01,LIRR,Roma FIR,11
2019-01-01,LJLA,Ljubljana FIR,0
2019-01-01,LKAA,Praha FIR,1
2019-01-01,LMMM,Malta FIR,0
2019-01-01,LOVV,Wien FIR,2
2019-01-01,LPPC,Lisboa FIR,4
2019-01-01,LPPO,Santa Maria FIR,0
2019-01-01,LQSB,Sarajevo FIR,0
2019-01-01,LRBB,Bucarest FIR,1
2019-01-01,LSAS,Switzerland FIR,8
2019-01-01,LUUU,Chisinau FIR,0
2019-01-01,LWSS,Skopje FIR,0
2019-01-01,LYBA,Beograd FIR,0
2019-01-01,LZBB,Bratislava  FIR,0
2019-01-01,UKBV,Kiev FIR,2
2019-01-01,UKDV,Dnipro FIR,0
2019-01-01,UKLV,Lvov FIR,0
2019-01-01,UKOV,Odessa FIR,0
2019-01-01,ULLL,Sankt-Peterburg FIR,0
2019-01-01,UMKK,Kaliningrad FIR,0
2019-01-01,UMMV,Minsk FIR,0
2019-01-01,UNKL,Krasnoyarsk FIR,0
2019-01-01,UNNT,Novosibirsk FIR,0
2019-01-01,URRV,Rostov-Na-Donu FIR,0
2019-01-01,USSV,Yekaterinburg FIR,0
2019-01-01,UUWV,Moscow FIR,28
2019-01-02,BIRD,Reykjavik FIR,13
2019-01-02,EBBU,Brussels FIR,7
2019-01-02,EDGG,Langen FIR,49
2019-01-02,EDMM,Munchen FIR,23
2019-01-02,EDWW,Bremen FIR,1
2019-01-02,EETT,Tallinn FIR,0
2019-01-02,EFIN,Helsinki FIR,3
2019-01-02,EGPX,Scottish FIR,0
2019-01-02,EGTT,London FIR,149
2019-01-02,EHAA,Amsterdam FIR,42
2019-01-02,EISN,Shannon FIR,18
2019-01-02,EKDK,Copenhagen FIR,7
2019-01-02,ENOR,Polaris FIR,2
2019-01-02,EPWW,Warszawa FIR,4
2019-01-02,ESAA,Sweden FIR,5
2019-01-02,EVRR,Riga FIR,0
2019-01-02,EYVL,Vilnius FIR,0
2019-01-02,GCCC,Canarias FIR,2
2019-01-02,GMMM,Casablanca FIR,0
2019-01-02,LAAA,Tirana FIR,0
2019-01-02,LBSR,Sofia FIR,0
2019-01-02,LDZO,Zagreb FIR,0
2019-01-02,LECB,Barcelona FIR,5
2019-01-02,LECM,Madrid FIR,40
2019-01-02,LFBB,Bordeaux FIR,0
2019-01-02,LFEE,Reims FIR,0
2019-01-02,LFFF,Paris FIR,67
2019-01-02,LFMM,Marseille FIR,0
2019-01-02,LFRR,Brest FIR,0
2019-01-02,LGGG,Athinai FIR,2
2019-01-02,LHCC,Budapest FIR,0
2019-01-02,LIBB,Brindisi FIR,0
2019-01-02,LIMM,Milano FIR,11
2019-01-02,LIRR,Roma FIR,9
2019-01-02,LJLA,Ljubljana FIR,0
2019-01-02,LKAA,Praha FIR,0
2019-01-02,LMMM,Malta FIR,0
2019-01-02,LOVV,Wien FIR,4
2019-01-02,LPPC,Lisboa FIR,15
2019-01-02,LPPO,Santa Maria FIR,3
2019-01-02,LQSB,Sarajevo FIR,0
2019-01-02,LRBB,Bucarest FIR,3
2019-01-02,LSAS,Switzerland FIR,24
2019-01-02,LUUU,Chisinau FIR,0
2019-01-02,LWSS,Skopje FIR,0
2019-01-02,LYBA,Beograd FIR,0
2019-01-02,LZBB,Bratislava  FIR,0
2019-01-02,UKBV,Kiev FIR,0
2019-01-02,UKDV,Dnipro FIR,0
2019-01-02,UKLV,Lvov FIR,0
2019-01-02,UKOV,Odessa FIR,0
2019-01-02,ULLL,Sankt-Peterburg FIR,0
2019-01-02,UMKK,Kaliningrad FIR,0
2019-01-02,UMMV,Minsk FIR,0
2019-01-02,URRV,Rostov-Na-Donu FIR,0
2019-01-02,USSV,Yekaterinburg FIR,0
2019-01-02,UUWV,Moscow FIR,5
2019-01-02,UWWW,Samara FIR,0
2019-01-03,BIRD,Reykjavik FIR,48
2019-01-03,EBBU,Brussels FIR,20
2019-01-03,EDGG,Langen FIR,75
2019-01-03,EDMM,Munchen FIR,24
2019-01-03,EDWW,Bremen FIR,8
2019-01-03,EETT,Tallinn FIR,0
2019-01-03,EFIN,Helsinki FIR,19
2019-01-03,EGPX,Scottish FIR,6
2019-01-03,EGTT,London FIR,190
2019-01-03,EHAA,Amsterdam FIR,67
2019-01-03,EISN,Shannon FIR,22
2019-01-03,EKDK,Copenhagen FIR,24
2019-01-03,ENOR,Polaris FIR,15
2019-01-03,EPWW,Warszawa FIR,14
2019-01-03,ESAA,Sweden FIR,24
2019-01-03,EVRR,Riga FIR,0
2019-01-03,EYVL,Vilnius FIR,0
2019-01-03,GCCC,Canarias FIR,25
2019-01-03,GMMM,Casablanca FIR,0
2019-01-03,LAAA,Tirana FIR,0
2019-01-03,LBSR,Sofia FIR,0
2019-01-03,LDZO,Zagreb FIR,0
2019-01-03,LECB,Barcelona FIR,3
2019-01-03,LECM,Madrid FIR,48
2019-01-03,LFBB,Bordeaux FIR,2
2019-01-03,LFEE,Reims FIR,0
2019-01-03,LFFF,Paris FIR,94
2019-01-03,LFMM,Marseille FIR,1
2019-01-03,LFRR,Brest FIR,2
2019-01-03,LGGG,Athinai FIR,1
2019-01-03,LHCC,Budapest FIR,1
2019-01-03,LIBB,Brindisi FIR,0
2019-01-03,LIMM,Milano FIR,8
2019-01-03,LIRR,Roma FIR,19
2019-01-03,LJLA,Ljubljana FIR,0
2019-01-03,LKAA,Praha FIR,2
2019-01-03,LMMM,Malta FIR,0
2019-01-03,LOVV,Wien FIR,3
2019-01-03,LPPC,Lisboa FIR,17
2019-01-03,LPPO,Santa Maria FIR,5
2019-01-03,LQSB,Sarajevo FIR,0
2019-01-03,LRBB,Bucarest FIR,0
2019-01-03,LSAS,Switzerland FIR,18
2019-01-03,LUUU,Chisinau FIR,0
2019-01-03,LWSS,Skopje FIR,0
2019-01-03,LYBA,Beograd FIR,2
2019-01-03,LZBB,Bratislava  FIR,0
2019-01-03,UKBV,Kiev FIR,0
2019-01-03,UKDV,Dnipro FIR,0
2019-01-03,UKLV,Lvov FIR,0
2019-01-03,UKOV,Odessa FIR,0
2019-01-03,ULLL,Sankt-Peterburg FIR,0
2019-01-03,UMMV,Minsk FIR,0
2019-01-03,UNNT,Novosibirsk FIR,1
2019-01-03,URRV,Rostov-Na-Donu FIR,0
2019-01-03,USSV,Yekaterinburg FIR,0
2019-01-03,UUWV,Moscow FIR,10
2019-01-03,UWWW,Samara FIR,0
2019-01-04,BIRD,Reykjavik FIR,16
2019-01-04,EBBU,Brussels FIR,34
2019-01-04,EDGG,Langen FIR,101
2019-01-04,EDMM,Munchen FIR,43
2019-01-04,EDWW,Bremen FIR,17
2019-01-04,EETT,Tallinn FIR,4
2019-01-04,EFIN,Helsinki FIR,21
2019-01-04,EGPX,Scottish FIR,26
2019-01-04,EGTT,London FIR,335
2019-01-04,EHAA,Amsterdam FIR,77
2019-01-04,EISN,Shannon FIR,44
2019-01-04,EKDK,Copenhagen FIR,28
2019-01-04,ENOB,Bodo Oceanic FIR,0
2019-01-04,ENOR,Polaris FIR,35
2019-01-04,EPWW,Warszawa FIR,25
2019-01-04,ESAA,Sweden FIR,37
2019-01-04,EVRR,Riga FIR,3
2019-01-04,EYVL,Vilnius FIR,6
2019-01-04,GCCC,Canarias FIR,83
2019-01-04,GMMM,Casablanca FIR,0
2019-01-04,LAAA,Tirana FIR,0
2019-01-04,LBSR,Sofia FIR,2
2019-01-04,LDZO,Zagreb FIR,1
2019-01-04,LECB,Barcelona FIR,34
2019-01-04,LECM,Madrid FIR,72
2019-01-04,LFBB,Bordeaux FIR,4
2019-01-04,LFEE,Reims FIR,6
2019-01-04,LFFF,Paris FIR,122
2019-01-04,LFMM,Marseille FIR,7
2019-01-04,LFRR,Brest FIR,1
2019-01-04,LGGG,Athinai FIR,9
2019-01-04,LHCC,Budapest FIR,6
2019-01-04,LIBB,Brindisi FIR,0
2019-01-04,LIMM,Milano FIR,26
2019-01-04,LIRR,Roma FIR,12
2019-01-04,LJLA,Ljubljana FIR,0
2019-01-04,LKAA,Praha FIR,4
2019-01-04,LMMM,Malta FIR,1
2019-01-04,LOVV,Wien FIR,7
2019-01-04,LPPC,Lisboa FIR,35
2019-01-04,LPPO,Santa Maria FIR,8
2019-01-04,LQSB,Sarajevo FIR,0
2019-01-04,LRBB,Bucarest FIR,3
2019-01-04,LSAS,Switzerland FIR,28
2019-01-04,LUUU,Chisinau FIR,3
2019-01-04,LWSS,Skopje FIR,0
2019-01-04,LYBA,Beograd FIR,0
2019-01-04,LZBB,Bratislava  FIR,3
2019-01-04,UKBV,Kiev FIR,1
2019-01-04,UKDV,Dnipro FIR,0
2019-01-04,UKLV,Lvov FIR,0
2019-01-04,UKOV,Odessa FIR,0
2019-01-04,ULLL,Sankt-Peterburg FIR,1
2019-01-04,UMKK,Kaliningrad FIR,0
2019-01-04,UMMV,Minsk FIR,0
2019-01-04,UNNT,Novosibirsk FIR,0
2019-01-04,URRV,Rostov-Na-Donu FIR,0
2019-01-04,USSV,Yekaterinburg FIR,1
2019-01-04,UUWV,Moscow FIR,7
2019-01-04,UWWW,Samara FIR,0
2019-01-05,BIRD,Reykjavik FIR,2
2019-01-05,EBBU,Brussels FIR,9
2019-01-05,EDGG,Langen FIR,60
2019-01-05,EDMM,Munchen FIR,19
2019-01-05,EDWW,Bremen FIR,3
2019-01-05,EETT,Tallinn FIR,0
2019-01-05,EFIN,Helsinki FIR,1
2019-01-05,EGPX,Scottish FIR,10
2019-01-05,EGTT,London FIR,92
2019-01-05,EHAA,Amsterdam FIR,28
2019-01-05,EISN,Shannon FIR,6
2019-01-05,EKDK,Copenhagen FIR,5
2019-01-05,ENOR,Polaris FIR,7
2019-01-05,EPWW,Warszawa FIR,4
2019-01-05,ESAA,Sweden FIR,5
2019-01-05,EVRR,Riga FIR,1
2019-01-05,EYVL,Vilnius FIR,0
2019-01-05,GCCC,Canarias FIR,124
2019-01-05,GMMM,Casablanca FIR,0
2019-01-05,LAAA,Tirana FIR,0
2019-01-05,LBSR,Sofia FIR,0
2019-01-05,LDZO,Zagreb FIR,0
2019-01-05,LECB,Barcelona FIR,9
2019-01-05,LECM,Madrid FIR,55
2019-01-05,LFBB,Bordeaux FIR,1
2019-01-05,LFEE,Reims FIR,0
2019-01-05,LFFF,Paris FIR,72
2019-01-05,LFMM,Marseille FIR,0
2019-01-05,LFRR,Brest FIR,1
2019-01-05,LGGG,Athinai FIR,1
2019-01-05,LHCC,Budapest FIR,1
2019-01-05,LIBB,Brindisi FIR,1
2019-01-05,LIMM,Milano FIR,11
2019-01-05,LIRR,Roma FIR,20
2019-01-05,LJLA,Ljubljana FIR,0
2019-01-05,LKAA,Praha FIR,2
2019-01-05,LMMM,Malta FIR,0
2019-01-05,LOVV,Wien FIR,7
2019-01-05,LPPC,Lisboa FIR,32
2019-01-05,LPPO,Santa Maria FIR,7
2019-01-05,LQSB,Sarajevo FIR,0
2019-01-05,LRBB,Bucarest FIR,0
2019-01-05,LSAS,Switzerland FIR,18
2019-01-05,LUUU,Chisinau FIR,0
2019-01-05,LWSS,Skopje FIR,0
2019-01-05,LYBA,Beograd FIR,0
2019-01-05,LZBB,Bratislava  FIR,0
2019-01-05,UKBV,Kiev FIR,0
2019-01-05,UKDV,Dnipro FIR,0
2019-01-05,UKLV,Lvov FIR,0
2019-01-05,UKOV,Odessa FIR,0
2019-01-05,ULLL,Sankt-Peterburg FIR,0
2019-01-05,UMMV,Minsk FIR,0
2019-01-05,UNNT,Novosibirsk FIR,0
2019-01-05,URRV,Rostov-Na-Donu FIR,0
2019-01-05,USSV,Yekaterinburg FIR,1
2019-01-05,UUWV,Moscow FIR,2
2019-01-05,UWWW,Samara FIR,0
2019-01-06,BIRD,Reykjavik FIR,24
2019-01-06,EBBU,Brussels FIR,19
2019-01-06,EDGG,Langen FIR,89
2019-01-06,EDMM,Munchen FIR,31
2019-01-06,EDWW,Bremen FIR,5
2019-01-06,EETT,Tallinn FIR,0
2019-01-06,EFIN,Helsinki FIR,29
2019-01-06,EGPX,Scottish FIR,15
2019-01-06,EGTT,London FIR,200
2019-01-06,EHAA,Amsterdam FIR,47
2019-01-06,EISN,Shannon FIR,33
2019-01-06,EKDK,Copenhagen FIR,9
2019-01-06,ENOR,Polaris FIR,5
2019-01-06,EPWW,Warszawa FIR,11
2019-01-06,ESAA,Sweden FIR,4
2019-01-06,EVRR,Riga FIR,0
2019-01-06,EYVL,Vilnius FIR,3
2019-01-06,GCCC,Canarias FIR,5
2019-01-06,GMMM,Casablanca FIR,0
2019-01-06,LAAA,Tirana FIR,0
2019-01-06,LBSR,Sofia FIR,0
2019-01-06,LDZO,Zagreb FIR,0
2019-01-06,LECB,Barcelona FIR,6
2019-01-06,LECM,Madrid FIR,36
2019-01-06,LFBB,Bordeaux FIR,0
2019-01-06,LFEE,Reims FIR,0
2019-01-06,LFFF,Paris FIR,88
2019-01-06,LFMM,Marseille FIR,1
2019-01-06,LFRR,Brest FIR,0
2019-01-06,LGGG,Athinai FIR,1
2019-01-06,LHCC,Budapest FIR,4
2019-01-06,LIBB,Brindisi FIR,0
2019-01-06,LIMM,Milano FIR,17
2019-01-06,LIRR,Roma FIR,18
2019-01-06,LJLA,Ljubljana FIR,0
2019-01-06,LKAA,Praha FIR,2
2019-01-06,LMMM,Malta FIR,1
2019-01-06,LOVV,Wien FIR,8
2019-01-06,LPPC,Lisboa FIR,15
2019-01-06,LPPO,Santa Maria FIR,1
2019-01-06,LQSB,Sarajevo FIR,0
2019-01-06,LRBB,Bucarest FIR,1
2019-01-06,LSAS,Switzerland FIR,25
2019-01-06,LUUU,Chisinau FIR,1
2019-01-06,LWSS,Skopje FIR,0
2019-01-06,LYBA,Beograd FIR,0
2019-01-06,LZBB,Bratislava  FIR,0
2019-01-06,UKBV,Kiev FIR,0
2019-01-06,UKDV,Dnipro FIR,0
2019-01-06,UKLV,Lvov FIR,0
2019-01-06,UKOV,Odessa FIR,0
2019-01-06,ULLL,Sankt-Peterburg FIR,0
2019-01-06,UMKK,Kaliningrad FIR,0
2019-01-06,UMMV,Minsk FIR,0
2019-01-06,UNNT,Novosibirsk FIR,2
2019-01-06,URRV,Rostov-Na-Donu FIR,0
2019-01-06,USSV,Yekaterinburg FIR,0
2019-01-06,UUWV,Moscow FIR,2
2019-01-06,UWWW,Samara FIR,0
2019-01-07,BIRD,Reykjavik FIR,13
2019-01-07,EBBU,Brussels FIR,30
2019-01-07,EDGG,Langen FIR,140
2019-01-07,EDMM,Munchen FIR,54
2019-01-07,EDWW,Bremen FIR,45
2019-01-07,EETT,Tallinn FIR,13
2019-01-07,EFIN,Helsinki FIR,67
2019-01-07,EGPX,Scottish FIR,32
2019-01-07,EGTT,London FIR,347
2019-01-07,EHAA,Amsterdam FIR,96
2019-01-07,EISN,Shannon FIR,49
2019-01-07,EKDK,Copenhagen FIR,56
2019-01-07,ENOB,Bodo Oceanic FIR,0
2019-01-07,ENOR,Polaris FIR,63
2019-01-07,EPWW,Warszawa FIR,47
2019-01-07,ESAA,Sweden FIR,92
2019-01-07,EVRR,Riga FIR,6
2019-01-07,EYVL,Vilnius FIR,12
2019-01-07,GCCC,Canarias FIR,64
2019-01-07,GMMM,Casablanca FIR,0
2019-01-07,LAAA,Tirana FIR,0
2019-01-07,LBSR,Sofia FIR,5
2019-01-07,LDZO,Zagreb FIR,0
2019-01-07,LECB,Barcelona FIR,27
2019-01-07,LECM,Madrid FIR,52
2019-01-07,LFBB,Bordeaux FIR,4
2019-01-07,LFEE,Reims FIR,4
2019-01-07,LFFF,Paris FIR,123
2019-01-07,LFMM,Marseille FIR,4
2019-01-07,LFRR,Brest FIR,0
2019-01-07,LGGG,Athinai FIR,7
2019-01-07,LHCC,Budapest FIR,17
2019-01-07,LIBB,Brindisi FIR,0
2019-01-07,LIMM,Milano FIR,23
2019-01-07,LIRR,Roma FIR,15
2019-01-07,LJLA,Ljubljana FIR,0
2019-01-07,LKAA,Praha FIR,19
2019-01-07,LMMM,Malta FIR,0
2019-01-07,LOVV,Wien FIR,18
2019-01-07,LPPC,Lisboa FIR,42
2019-01-07,LPPO,Santa Maria FIR,0
2019-01-07,LQSB,Sarajevo FIR,2
2019-01-07,LRBB,Bucarest FIR,11
2019-01-07,LSAS,Switzerland FIR,25
2019-01-07,LUUU,Chisinau FIR,1
2019-01-07,LWSS,Skopje FIR,0
2019-01-07,LYBA,Beograd FIR,1
2019-01-07,LZBB,Bratislava  FIR,2
2019-01-07,UKBV,Kiev FIR,5
2019-01-07,UKDV,Dnipro FIR,0
2019-01-07,UKLV,Lvov FIR,0
2019-01-07,UKOV,Odessa FIR,0
2019-01-07,ULLL,Sankt-Peterburg FIR,7
2019-01-07,UMKK,Kaliningrad FIR,0
2019-01-07,UMMV,Minsk FIR,0
2019-01-07,UNNT,Novosibirsk FIR,1
2019-01-07,URRV,Rostov-Na-Donu FIR,0
2019-01-07,USSV,Yekaterinburg FIR,0
2019-01-07,UUWV,Moscow FIR,31
2019-01-07,UWWW,Samara FIR,0
2019-01-08,BIRD,Reykjavik FIR,17
2019-01-08,EBBU,Brussels FIR,22
2019-01-08,EDGG,Langen FIR,114
2019-01-08,EDMM,Munchen FIR,53
2019-01-08,EDWW,Bremen FIR,10
2019-01-08,EETT,Tallinn FIR,3
2019-01-08,EFIN,Helsinki FIR,34
2019-01-08,EGPX,Scottish FIR,11
2019-01-08,EGTT,London FIR,214
2019-01-08,EHAA,Amsterdam FIR,60
2019-01-08,EISN,Shannon FIR,28
2019-01-08,EKDK,Copenhagen FIR,13
2019-01-08,ENOR,Polaris FIR,8
2019-01-08,EPWW,Warszawa FIR,8
2019-01-08,ESAA,Sweden FIR,14
2019-01-08,EVRR,Riga FIR,2
2019-01-08,EYVL,Vilnius FIR,1
2019-01-08,GCCC,Canarias FIR,10
2019-01-08,GMMM,Casablanca FIR,0
2019-01-08,LAAA,Tirana FIR,1
2019-01-08,LBSR,Sofia FIR,3
2019-01-08,LDZO,Zagreb FIR,2
2019-01-08,LECB,Barcelona FIR,47
2019-01-08,LECM,Madrid FIR,42
2019-01-08,LFBB,Bordeaux FIR,4
2019-01-08,LFEE,Reims FIR,2
2019-01-08,LFFF,Paris FIR,82
2019-01-08,LFMM,Marseille FIR,3
2019-01-08,LFRR,Brest FIR,1
2019-01-08,LGGG,Athinai FIR,12
2019-01-08,LHCC,Budapest FIR,2
2019-01-08,LIBB,Brindisi FIR,3
2019-01-08,LIMM,Milano FIR,17
2019-01-08,LIRR,Roma FIR,32
2019-01-08,LJLA,Ljubljana FIR,0
2019-01-08,LKAA,Praha FIR,7
2019-01-08,LMMM,Malta FIR,0
2019-01-08,LOVV,Wien FIR,8
2019-01-08,LPPC,Lisboa FIR,29
2019-01-08,LPPO,Santa Maria FIR,0
2019-01-08,LQSB,Sarajevo FIR,0
2019-01-08,LRBB,Bucarest FIR,5
2019-01-08,LSAS,Switzerland FIR,27
2019-01-08,LUUU,Chisinau FIR,0
2019-01-08,LWSS,Skopje FIR,0
2019-01-08,LYBA,Beograd FIR,0
2019-01-08,LZBB,Bratislava  FIR,1
2019-01-08,UKBV,Kiev FIR,0
2019-01-08,UKDV,Dnipro FIR,0
2019-01-08,UKLV,Lvov FIR,1
2019-01-08,UKOV,Odessa FIR,0
2019-01-08,ULLL,Sankt-Peterburg FIR,10
2019-01-08,UMKK,Kaliningrad FIR,0
2019-01-08,UMMV,Minsk FIR,0
2019-01-08,UNNT,Novosibirsk FIR,1
2019-01-08,URRV,Rostov-Na-Donu FIR,0
2019-01-08,USSV,Yekaterinburg FIR,2
2019-01-08,UUWV,Moscow FIR,18
2019-01-08,UWWW,Samara FIR,0
2019-01-09,BIRD,Reykjavik FIR,8
2019-01-09,EBBU,Brussels FIR,17
2019-01-09,EDGG,Langen FIR,70
2019-01-09,EDMM,Munchen FIR,23
2019-01-09,EDWW,Bremen FIR,2
2019-01-09,EETT,Tallinn FIR,0
2019-01-09,EFIN,Helsinki FIR,22
2019-01-09,EGPX,Scottish FIR,3
2019-01-09,EGTT,London FIR,87
2019-01-09,EHAA,Amsterdam FIR,35
2019-01-09,EISN,Shannon FIR,8
2019-01-09,EKDK,Copenhagen FIR,18
2019-01-09,ENOR,Polaris FIR,26
2019-01-09,EPWW,Warszawa FIR,6
2019-01-09,ESAA,Sweden FIR,19
2019-01-09,EVRR,Riga FIR,0
2019-01-09,EYVL,Vilnius FIR,2
2019-01-09,GCCC,Canarias FIR,6
2019-01-09,GMMM,Casablanca FIR,0
2019-01-09,LAAA,Tirana FIR,0
2019-01-09,LBSR,Sofia FIR,1
2019-01-09,LDZO,Zagreb FIR,0
2019-01-09,LECB,Barcelona FIR,4
2019-01-09,LECM,Madrid FIR,31
2019-01-09,LFBB,Bordeaux FIR,0
2019-01-09,LFEE,Reims FIR,0
2019-01-09,LFFF,Paris FIR,49
2019-01-09,LFMM,Marseille FIR,1
2019-01-09,LFRR,Brest FIR,0
2019-01-09,LGGG,Athinai FIR,11
2019-01-09,LHCC,Budapest FIR,2
2019-01-09,LIBB,Brindisi FIR,1
2019-01-09,LIMM,Milano FIR,13
2019-01-09,LIRR,Roma FIR,14
2019-01-09,LJLA,Ljubljana FIR,2
2019-01-09,LKAA,Praha FIR,2
2019-01-09,LMMM,Malta FIR,0
2019-01-09,LOVV,Wien FIR,4
2019-01-09,LPPC,Lisboa FIR,15
2019-01-09,LPPO,Santa Maria FIR,0
2019-01-09,LQSB,Sarajevo FIR,0
2019-01-09,LRBB,Bucarest FIR,3
2019-01-09,LSAS,Switzerland FIR,14
2019-01-09,LUUU,Chisinau FIR,0
2019-01-09,LWSS,Skopje FIR,0
2019-01-09,LYBA,Beograd FIR,0
2019-01-09,LZBB,Bratislava  FIR,1
2019-01-09,UKBV,Kiev FIR,0
2019-01-09,UKDV,Dnipro FIR,0
2019-01-09,UKLV,Lvov FIR,0
2019-01-09,UKOV,Odessa FIR,0
2019-01-09,ULLL,Sankt-Peterburg FIR,0
2019-01-09,UMKK,Kaliningrad FIR,0
2019-01-09,UMMV,Minsk FIR,0
2019-01-09,UNNT,Novosibirsk FIR,0
2019-01-09,URRV,Rostov-Na-Donu FIR,0
2019-01-09,USSV,Yekaterinburg FIR,1
2019-01-09,UUWV,Moscow FIR,3
2019-01-09,UWWW,Samara FIR,0
2019-01-10,BIRD,Reykjavik FIR,10
2019-01-10,EBBU,Brussels FIR,15
2019-01-10,EDGG,Langen FIR,81
2019-01-10,EDMM,Munchen FIR,21
2019-01-10,EDWW,Bremen FIR,3
2019-01-10,EETT,Tallinn FIR,1
2019-01-10,EFIN,Helsinki FIR,25
2019-01-10,EGPX,Scottish FIR,4
2019-01-10,EGTT,London FIR,148
2019-01-10,EHAA,Amsterdam FIR,58
2019-01-10,EISN,Shannon FIR,12
2019-01-10,EKDK,Copenhagen FIR,15
2019-01-10,ENOR,Polaris FIR,13
2019-01-10,EPWW,Warszawa FIR,8
2019-01-10,ESAA,Sweden FIR,16
2019-01-10,EVRR,Riga FIR,1
2019-01-10,EYVL,Vilnius FIR,1
2019-01-10,GCCC,Canarias FIR,2
2019-01-10,GMMM,Casablanca FIR,0
2019-01-10,LAAA,Tirana FIR,0
2019-01-10,LBSR,Sofia FIR,0
2019-01-10,LDZO,Zagreb FIR,1
2019-01-10,LECB,Barcelona FIR,3
2019-01-10,LECM,Madrid FIR,22
2019-01-10,LFBB,Bordeaux FIR,0
2019-01-10,LFEE,Reims FIR,0
2019-01-10,LFFF,Paris FIR,75
2019-01-10,LFMM,Marseille FIR,1
2019-01-10,LFRR,Brest FIR,0
2019-01-10,LGGG,Athinai FIR,1
2019-01-10,LHCC,Budapest FIR,0
2019-01-10,LIBB,Brindisi FIR,0
2019-01-10,LIMM,Milano FIR,11
2019-01-10,LIRR,Roma FIR,16
2019-01-10,LJLA,Ljubljana FIR,0
2019-01-10,LKAA,Praha FIR,0
2019-01-10,LMMM,Malta FIR,0
2019-01-10,LOVV,Wien FIR,7
2019-01-10,LPPC,Lisboa FIR,6
2019-01-10,LPPO,Santa Maria FIR,0
2019-01-10,LQSB,Sarajevo FIR,0
2019-01-10,LRBB,Bucarest FIR,1
2019-01-10,LSAS,Switzerland FIR,22
2019-01-10,LUUU,Chisinau FIR,0
2019-01-10,LWSS,Skopje FIR,0
2019-01-10,LYBA,Beograd FIR,0
2019-01-10,LZBB,Bratislava  FIR,0
2019-01-10,UKBV,Kiev FIR,1
2019-01-10,UKDV,Dnipro FIR,0
2019-01-10,UKLV,Lvov FIR,0
2019-01-10,UKOV,Odessa FIR,0
2019-01-10,ULLL,Sankt-Peterburg FIR,0
2019-01-10,UMMV,Minsk FIR,0
2019-01-10,UNNT,Novosibirsk FIR,1
2019-01-10,URRV,Rostov-Na-Donu FIR,0
2019-01-10,USSV,Yekaterinburg FIR,1
2019-01-10,UUWV,Moscow FIR,4
2019-01-10,UWWW,Samara FIR,0
2019-01-11,BIRD,Reykjavik FIR,14
2019-01-11,EBBU,Brussels FIR,22
2019-01-11,EDGG,Langen FIR,121
2019-01-11,EDMM,Munchen FIR,39
2019-01-11,EDWW,Bremen FIR,20
2019-01-11,EETT,Tallinn FIR,4
2019-01-11,EFIN,Helsinki FIR,27
2019-01-11,EGPX,Scottish FIR,7
2019-01-11,EGTT,London FIR,206
2019-01-11,EHAA,Amsterdam FIR,58
2019-01-11,EISN,Shannon FIR,16
2019-01-11,EKDK,Copenhagen FIR,31
2019-01-11,ENOB,Bodo Oceanic FIR,0
2019-01-11,ENOR,Polaris FIR,23
2019-01-11,EPWW,Warszawa FIR,23
2019-01-11,ESAA,Sweden FIR,26
2019-01-11,EVRR,Riga FIR,7
2019-01-11,EYVL,Vilnius FIR,8
2019-01-11,GCCC,Canarias FIR,7
2019-01-11,GMMM,Casablanca FIR,0
2019-01-11,LAAA,Tirana FIR,0
2019-01-11,LBSR,Sofia FIR,8
2019-01-11,LDZO,Zagreb FIR,0
2019-01-11,LECB,Barcelona FIR,16
2019-01-11,LECM,Madrid FIR,34
2019-01-11,LFBB,Bordeaux FIR,0
2019-01-11,LFEE,Reims FIR,2
2019-01-11,LFFF,Paris FIR,85
2019-01-11,LFMM,Marseille FIR,5
2019-01-11,LFRR,Brest FIR,0
2019-01-11,LGGG,Athinai FIR,9
2019-01-11,LHCC,Budapest FIR,6
2019-01-11,LIBB,Brindisi FIR,1
2019-01-11,LIMM,Milano FIR,28
2019-01-11,LIRR,Roma FIR,26
2019-01-11,LJLA,Ljubljana FIR,0
2019-01-11,LKAA,Praha FIR,16
2019-01-11,LMMM,Malta FIR,0
2019-01-11,LOVV,Wien FIR,19
2019-01-11,LPPC,Lisboa FIR,17
2019-01-11,LPPO,Santa Maria FIR,0
2019-01-11,LQSB,Sarajevo FIR,0
2019-01-11,LRBB,Bucarest FIR,5
2019-01-11,LSAS,Switzerland FIR,38
2019-01-11,LUUU,Chisinau FIR,1
2019-01-11,LWSS,Skopje FIR,0
2019-01-11,LYBA,Beograd FIR,1
2019-01-11,LZBB,Bratislava  FIR,1
2019-01-11,UKBV,Kiev FIR,2
2019-01-11,UKDV,Dnipro FIR,0
2019-01-11,UKLV,Lvov FIR,1
2019-01-11,UKOV,Odessa FIR,0
2019-01-11,ULLL,Sankt-Peterburg FIR,10
2019-01-11,UMKK,Kaliningrad FIR,0
2019-01-11,UMMV,Minsk FIR,2
2019-01-11,UNKL,Krasnoyarsk FIR,1
2019-01-11,UNNT,Novosibirsk FIR,0
2019-01-11,URRV,Rostov-Na-Donu FIR,0
2019-01-11,USSV,Yekaterinburg FIR,0
2019-01-11,UUWV,Moscow FIR,91
2019-01-11,UWWW,Samara FIR,0
2019-01-12,BIRD,Reykjavik FIR,14
2019-01-12,EBBU,Brussels FIR,32
2019-01-12,EDGG,Langen FIR,134
2019-01-12,EDMM,Munchen FIR,48
2019-01-12,EDWW,Bremen FIR,22
2019-01-12,EETT,Tallinn FIR,1
2019-01-12,EFIN,Helsinki FIR,22
2019-01-12,EGPX,Scottish FIR,41
2019-01-12,EGTT,London FIR,381
2019-01-12,EHAA,Amsterdam FIR,83
2019-01-12,EISN,Shannon FIR,70
2019-01-12,EKDK,Copenhagen FIR,22
2019-01-12,ENOR,Polaris FIR,22
2019-01-12,EPWW,Warszawa FIR,25
2019-01-12,ESAA,Sweden FIR,16
2019-01-12,EVRR,Riga FIR,1
2019-01-12,EYVL,Vilnius FIR,4
2019-01-12,GCCC,Canarias FIR,188
2019-01-12,GMMM,Casablanca FIR,0
2019-01-12,LAAA,Tirana FIR,1
2019-01-12,LBSR,Sofia FIR,10
2019-01-12,LDZO,Zagreb FIR,1
2019-01-12,LECB,Barcelona FIR,46
2019-01-12,LECM,Madrid FIR,81
2019-01-12,LFBB,Bordeaux FIR,3
2019-01-12,LFEE,Reims FIR,0
2019-01-12,LFFF,Paris FIR,122
2019-01-12,LFMM,Marseille FIR,10
2019-01-12,LFRR,Brest FIR,1
2019-01-12,LGGG,Athinai FIR,15
2019-01-12,LHCC,Budapest FIR,7
2019-01-12,LIBB,Brindisi FIR,3
2019-01-12,LIMM,Milano FIR,33
2019-01-12,LIRR,Roma FIR,37
2019-01-12,LJLA,Ljubljana FIR,1
2019-01-12,LKAA,Praha FIR,11
2019-01-12,LMMM,Malta FIR,3
2019-01-12,LOVV,Wien FIR,29
2019-01-12,LPPC,Lisboa FIR,53
2019-01-12,LPPO,Santa Maria FIR,0
2019-01-12,LQSB,Sarajevo FIR,0
2019-01-12,LRBB,Bucarest FIR,16
2019-01-12,LSAS,Switzerland FIR,72
2019-01-12,LUUU,Chisinau FIR,1
2019-01-12,LWSS,Skopje FIR,3
2019-01-12,LYBA,Beograd FIR,1
2019-01-12,LZBB,Bratislava  FIR,1
2019-01-12,UKBV,Kiev FIR,5
2019-01-12,UKDV,Dnipro FIR,0
2019-01-12,UKLV,Lvov FIR,0
2019-01-12,UKOV,Odessa FIR,0
2019-01-12,ULLL,Sankt-Peterburg FIR,0
2019-01-12,UMMV,Minsk FIR,0
2019-01-12,UNNT,Novosibirsk FIR,2
2019-01-12,URRV,Rostov-Na-Donu FIR,0
2019-01-12,USSV,Yekaterinburg FIR,0
2019-01-12,UUWV,Moscow FIR,19
2019-01-12,UWWW,Samara FIR,0
2019-01-13,BIRD,Reykjavik FIR,3
2019-01-13,EBBU,Brussels FIR,31
2019-01-13,EDGG,Langen FIR,128
2019-01-13,EDMM,Munchen FIR,50
2019-01-13,EDWW,Bremen FIR,30
2019-01-13,EETT,Tallinn FIR,1
2019-01-13,EFIN,Helsinki FIR,19
2019-01-13,EGPX,Scottish FIR,11
2019-01-13,EGTT,London FIR,317
2019-01-13,EHAA,Amsterdam FIR,82
2019-01-13,EISN,Shannon FIR,27
2019-01-13,EKDK,Copenhagen FIR,26
2019-01-13,ENOB,Bodo Oceanic FIR,0
2019-01-13,ENOR,Polaris FIR,12
2019-01-13,EPWW,Warszawa FIR,14
2019-01-13,ESAA,Sweden FIR,8
2019-01-13,EVRR,Riga FIR,4
2019-01-13,EYVL,Vilnius FIR,1
2019-01-13,GCCC,Canarias FIR,79
2019-01-13,GMMM,Casablanca FIR,0
2019-01-13,LAAA,Tirana FIR,1
2019-01-13,LBSR,Sofia FIR,2
2019-01-13,LDZO,Zagreb FIR,2
2019-01-13,LECB,Barcelona FIR,75
2019-01-13,LECM,Madrid FIR,77
2019-01-13,LFBB,Bordeaux FIR,12
2019-01-13,LFEE,Reims FIR,11
2019-01-13,LFFF,Paris FIR,140
2019-01-13,LFMM,Marseille FIR,18
2019-01-13,LFRR,Brest FIR,2
2019-01-13,LGGG,Athinai FIR,16
2019-01-13,LHCC,Budapest FIR,5
2019-01-13,LIBB,Brindisi FIR,0
2019-01-13,LIMM,Milano FIR,45
2019-01-13,LIRR,Roma FIR,33
2019-01-13,LJLA,Ljubljana FIR,1
2019-01-13,LKAA,Praha FIR,6
2019-01-13,LMMM,Malta FIR,2
2019-01-13,LOVV,Wien FIR,19
2019-01-13,LPPC,Lisboa FIR,32
2019-01-13,LPPO,Santa Maria FIR,1
2019-01-13,LQSB,Sarajevo FIR,0
2019-01-13,LRBB,Bucarest FIR,15
2019-01-13,LSAS,Switzerland FIR,56
2019-01-13,LUUU,Chisinau FIR,0
2019-01-13,LWSS,Skopje FIR,0
2019-01-13,LYBA,Beograd FIR,0
2019-01-13,LZBB,Bratislava  FIR,1
2019-01-13,UKBV,Kiev FIR,0
2019-01-13,UKDV,Dnipro FIR,1
2019-01-13,UKLV,Lvov FIR,0
2019-01-13,UKOV,Odessa FIR,0
2019-01-13,ULLL,Sankt-Peterburg FIR,0
2019-01-13,UMKK,Kaliningrad FIR,0
2019-01-13,UMMV,Minsk FIR,0
2019-01-13,UNNT,Novosibirsk FIR,1
2019-01-13,URRV,Rostov-Na-Donu FIR,0
2019-01-13,USSV,Yekaterinburg FIR,0
2019-01-13,UUWV,Moscow FIR,17
2019-01-14,BIRD,Reykjavik FIR,10
2019-01-14,EBBU,Brussels FIR,17
2019-01-14,EDGG,Langen FIR,61
2019-01-14,EDMM,Munchen FIR,24
2019-01-14,EDWW,Bremen FIR,3
2019-01-14,EETT,Tallinn FIR,0
2019-01-14,EFIN,Helsinki FIR,5
2019-01-14,EGPX,Scottish FIR,2
2019-01-14,EGTT,London FIR,136
2019-01-14,EHAA,Amsterdam FIR,52
2019-01-14,EISN,Shannon FIR,8
2019-01-14,EKDK,Copenhagen FIR,4
2019-01-14,ENOB,Bodo Oceanic FIR,0
2019-01-14,ENOR,Polaris FIR,2
2019-01-14,EPWW,Warszawa FIR,4
2019-01-14,ESAA,Sweden FIR,3
2019-01-14,EVRR,Riga FIR,0
2019-01-14,EYVL,Vilnius FIR,0
2019-01-14,GCCC,Canarias FIR,5
2019-01-14,GMMM,Casablanca FIR,0
2019-01-14,LAAA,Tirana FIR,0
2019-01-14,LBSR,Sofia FIR,0
2019-01-14,LDZO,Zagreb FIR,0
2019-01-14,LECB,Barcelona FIR,4
2019-01-14,LECM,Madrid FIR,23
2019-01-14,LFBB,Bordeaux FIR,0
2019-01-14,LFEE,Reims FIR,4
2019-01-14,LFFF,Paris FIR,66
2019-01-14,LFMM,Marseille FIR,0
2019-01-14,LFRR,Brest FIR,0
2019-01-14,LGGG,Athinai FIR,1
2019-01-14,LHCC,Budapest FIR,2
2019-01-14,LIBB,Brindisi FIR,1
2019-01-14,LIMM,Milano FIR,12
2019-01-14,LIRR,Roma FIR,7
2019-01-14,LJLA,Ljubljana FIR,0
2019-01-14,LKAA,Praha FIR,1
2019-01-14,LMMM,Malta FIR,0
2019-01-14,LOVV,Wien FIR,8
2019-01-14,LPPC,Lisboa FIR,8
2019-01-14,LPPO,Santa Maria FIR,0
2019-01-14,LQSB,Sarajevo FIR,0
2019-01-14,LRBB,Bucarest FIR,1
2019-01-14,LSAS,Switzerland FIR,19
2019-01-14,LUUU,Chisinau FIR,0
2019-01-14,LWSS,Skopje FIR,0
2019-01-14,LYBA,Beograd FIR,0
2019-01-14,LZBB,Bratislava  FIR,0
2019-01-14,UKBV,Kiev FIR,0
2019-01-14,UKDV,Dnipro FIR,0
2019-01-14,UKLV,Lvov FIR,0
2019-01-14,UKOV,Odessa FIR,0
2019-01-14,ULLL,Sankt-Peterburg FIR,0
2019-01-14,UMKK,Kaliningrad FIR,0
2019-01-14,UMMV,Minsk FIR,0
2019-01-14,UNKL,Krasnoyarsk FIR,1
2019-01-14,UNNT,Novosibirsk FIR,3
2019-01-14,URRV,Rostov-Na-Donu FIR,0
2019-01-14,USSV,Yekaterinburg FIR,0
2019-01-14,UUWV,Moscow FIR,3
2019-01-14,UWWW,Samara FIR,0
2019-01-15,BIRD,Reykjavik FIR,5
2019-01-15,EBBU,Brussels FIR,19
2019-01-15,EDGG,Langen FIR,60
2019-01-15,EDMM,Munchen FIR,36
2019-01-15,EDWW,Bremen FIR,5
2019-01-15,EETT,Tallinn FIR,0
2019-01-15,EFIN,Helsinki FIR,5
2019-01-15,EGPX,Scottish FIR,16
2019-01-15,EGTT,London FIR,232
2019-01-15,EHAA,Amsterdam FIR,55
2019-01-15,EISN,Shannon FIR,30
2019-01-15,EKDK,Copenhagen FIR,16
2019-01-15,ENOB,Bodo Oceanic FIR,0
2019-01-15,ENOR,Polaris FIR,24
2019-01-15,EPWW,Warszawa FIR,7
2019-01-15,ESAA,Sweden FIR,19
2019-01-15,EVRR,Riga FIR,3
2019-01-15,EYVL,Vilnius FIR,2
2019-01-15,GCCC,Canarias FIR,55
2019-01-15,GMMM,Casablanca FIR,0
2019-01-15,LAAA,Tirana FIR,0
2019-01-15,LBSR,Sofia FIR,1
2019-01-15,LDZO,Zagreb FIR,0
2019-01-15,LECB,Barcelona FIR,23
2019-01-15,LECM,Madrid FIR,68
2019-01-15,LFBB,Bordeaux FIR,5
2019-01-15,LFEE,Reims FIR,0
2019-01-15,LFFF,Paris FIR,84
2019-01-15,LFMM,Marseille FIR,1
2019-01-15,LFRR,Brest FIR,0
2019-01-15,LGGG,Athinai FIR,3
2019-01-15,LHCC,Budapest FIR,4
2019-01-15,LIBB,Brindisi FIR,1
2019-01-15,LIMM,Milano FIR,11
2019-01-15,LIRR,Roma FIR,13
2019-01-15,LJLA,Ljubljana FIR,1
2019-01-15,LKAA,Praha FIR,4
2019-01-15,LMMM,Malta FIR,0
2019-01-15,LOVV,Wien FIR,5
2019-01-15,LPPC,Lisboa FIR,64
2019-01-15,LPPO,Santa Maria FIR,0
2019-01-15,LQSB,Sarajevo FIR,0
2019-01-15,LRBB,Bucarest FIR,3
2019-01-15,LSAS,Switzerland FIR,19
2019-01-15,LUUU,Chisinau FIR,1
2019-01-15,LWSS,Skopje FIR,0
2019-01-15,LYBA,Beograd FIR,0
2019-01-15,LZBB,Bratislava  FIR,0
2019-01-15,UKBV,Kiev FIR,0
2019-01-15,UKDV,Dnipro FIR,0
2019-01-15,UKLV,Lvov FIR,0
2019-01-15,ULLL,Sankt-Peterburg FIR,0
2019-01-15,UMKK,Kaliningrad FIR,0
2019-01-15,UMMV,Minsk FIR,0
2019-01-15,USSV,Yekaterinburg FIR,0
2019-01-15,UUWV,Moscow FIR,10
2019-01-15,UWWW,Samara FIR,0
2019-01-16,BIRD,Reykjavik FIR,11
2019-01-16,EBBU,Brussels FIR,77
2019-01-16,EDGG,Langen FIR,218
2019-01-16,EDMM,Munchen FIR,89
2019-01-16,EDWW,Bremen FIR,68
2019-01-16,EETT,Tallinn FIR,1
2019-01-16,EFIN,Helsinki FIR,15
2019-01-16,EGPX,Scottish FIR,9
2019-01-16,EGTT,London FIR,360
2019-01-16,EHAA,Amsterdam FIR,94
2019-01-16,EISN,Shannon FIR,12
2019-01-16,EKDK,Copenhagen FIR,31
2019-01-16,ENOR,Polaris FIR,10
2019-01-16,EPWW,Warszawa FIR,31
2019-01-16,ESAA,Sweden FIR,14
2019-01-16,EVRR,Riga FIR,3
2019-01-16,EYVL,Vilnius FIR,1
2019-01-16,GCCC,Canarias FIR,51
2019-01-16,GMMM,Casablanca FIR,0
2019-01-16,LAAA,Tirana FIR,3
2019-01-16,LBSR,Sofia FIR,11
2019-01-16,LDZO,Zagreb FIR,3
2019-01-16,LECB,Barcelona FIR,50
2019-01-16,LECM,Madrid FIR,86
2019-01-16,LFBB,Bordeaux FIR,7
2019-01-16,LFEE,Reims FIR,32
2019-01-16,LFFF,Paris FIR,151
2019-01-16,LFMM,Marseille FIR,14
2019-01-16,LFRR,Brest FIR,3
2019-01-16,LGGG,Athinai FIR,24
2019-01-16,LHCC,Budapest FIR,24
2019-01-16,LIBB,Brindisi FIR,1
2019-01-16,LIMM,Milano FIR,71
2019-01-16,LIRR,Roma FIR,31
2019-01-16,LJLA,Ljubljana FIR,1
2019-01-16,LKAA,Praha FIR,14
2019-01-16,LMMM,Malta FIR,9
2019-01-16,LOVV,Wien FIR,29
2019-01-16,LPPC,Lisboa FIR,37
2019-01-16,LPPO,Santa Maria FIR,0
2019-01-16,LQSB,Sarajevo FIR,0
2019-01-16,LRBB,Bucarest FIR,26
2019-01-16,LSAS,Switzerland FIR,72
2019-01-16,LUUU,Chisinau FIR,3
2019-01-16,LWSS,Skopje FIR,3
2019-01-16,LYBA,Beograd FIR,8
2019-01-16,LZBB,Bratislava  FIR,2
2019-01-16,UKBV,Kiev FIR,3
2019-01-16,UKDV,Dnipro FIR,0
2019-01-16,UKLV,Lvov FIR,0
2019-01-16,UKOV,Odessa FIR,0
2019-01-16,ULLL,Sankt-Peterburg FIR,1
2019-01-16,UMKK,Kaliningrad FIR,1
2019-01-16,UMMV,Minsk FIR,0
2019-01-16,UNNT,Novosibirsk FIR,1
2019-01-16,URRV,Rostov-Na-Donu FIR,0
2019-01-16,USSV,Yekaterinburg FIR,0
2019-01-16,UUWV,Moscow FIR,23
2019-01-17,BIRD,Reykjavik FIR,2
2019-01-17,EBBU,Brussels FIR,17
2019-01-17,EDGG,Langen FIR,75
2019-01-17,EDMM,Munchen FIR,34
2019-01-17,EDWW,Bremen FIR,7
2019-01-17,EETT,Tallinn FIR,0
2019-01-17,EFIN,Helsinki FIR,13
2019-01-17,EGPX,Scottish FIR,5
2019-01-17,EGTT,London FIR,118
2019-01-17,EHAA,Amsterdam FIR,45
2019-01-17,EISN,Shannon FIR,8
2019-01-17,EKDK,Copenhagen FIR,12
2019-01-17,ENOB,Bodo Oceanic FIR,0
2019-01-17,ENOR,Polaris FIR,4
2019-01-17,EPWW,Warszawa FIR,9
2019-01-17,ESAA,Sweden FIR,6
2019-01-17,EVRR,Riga FIR,2
2019-01-17,EYVL,Vilnius FIR,3
2019-01-17,GCCC,Canarias FIR,14
2019-01-17,GMMM,Casablanca FIR,0
2019-01-17,LAAA,Tirana FIR,0
2019-01-17,LBSR,Sofia FIR,3
2019-01-17,LDZO,Zagreb FIR,2
2019-01-17,LECB,Barcelona FIR,14
2019-01-17,LECM,Madrid FIR,28
2019-01-17,LFBB,Bordeaux FIR,1
2019-01-17,LFEE,Reims FIR,0
2019-01-17,LFFF,Paris FIR,58
2019-01-17,LFMM,Marseille FIR,3
2019-01-17,LFRR,Brest FIR,0
2019-01-17,LGGG,Athinai FIR,3
2019-01-17,LHCC,Budapest FIR,1
2019-01-17,LIBB,Brindisi FIR,0
2019-01-17,LIMM,Milano FIR,18
2019-01-17,LIRR,Roma FIR,20
2019-01-17,LJLA,Ljubljana FIR,1
2019-01-17,LKAA,Praha FIR,2
2019-01-17,LMMM,Malta FIR,0
2019-01-17,LOVV,Wien FIR,7
2019-01-17,LPPC,Lisboa FIR,8
2019-01-17,LPPO,Santa Maria FIR,0
2019-01-17,LQSB,Sarajevo FIR,0
2019-01-17,LRBB,Bucarest FIR,0
2019-01-17,LSAS,Switzerland FIR,17
2019-01-17,LUUU,Chisinau FIR,1
2019-01-17,LWSS,Skopje FIR,0
2019-01-17,LYBA,Beograd FIR,0
2019-01-17,LZBB,Bratislava  FIR,0
2019-01-17,UKBV,Kiev FIR,6
2019-01-17,UKLV,Lvov FIR,0
2019-01-17,ULLL,Sankt-Peterburg FIR,1
2019-01-17,UMMV,Minsk FIR,0
2019-01-17,UNNT,Novosibirsk FIR,2
2019-01-17,URRV,Rostov-Na-Donu FIR,0
2019-01-17,USSV,Yekaterinburg FIR,0
2019-01-17,UUWV,Moscow FIR,35
2019-01-17,UWWW,Samara FIR,0
2019-01-18,BIRD,Reykjavik FIR,15
2019-01-18,EBBU,Brussels FIR,30
2019-01-18,EDGG,Langen FIR,112
2019-01-18,EDMM,Munchen FIR,28
2019-01-18,EDWW,Bremen FIR,8
2019-01-18,EETT,Tallinn FIR,1
2019-01-18,EFIN,Helsinki FIR,4
2019-01-18,EGPX,Scottish FIR,0
2019-01-18,EGTT,London FIR,91
2019-01-18,EHAA,Amsterdam FIR,56
2019-01-18,EISN,Shannon FIR,1
2019-01-18,EKDK,Copenhagen FIR,16
2019-01-18,ENOB,Bodo Oceanic FIR,0
2019-01-18,ENOR,Polaris FIR,4
2019-01-18,EPWW,Warszawa FIR,3
2019-01-18,ESAA,Sweden FIR,11
2019-01-18,EVRR,Riga FIR,0
2019-01-18,EYVL,Vilnius FIR,0
2019-01-18,GCCC,Canarias FIR,5
2019-01-18,GMMM,Casablanca FIR,0
2019-01-18,LAAA,Tirana FIR,0
2019-01-18,LBSR,Sofia FIR,5
2019-01-18,LDZO,Zagreb FIR,2
2019-01-18,LECB,Barcelona FIR,49
2019-01-18,LECM,Madrid FIR,46
2019-01-18,LFBB,Bordeaux FIR,2
2019-01-18,LFEE,Reims FIR,4
2019-01-18,LFFF,Paris FIR,73
2019-01-18,LFMM,Marseille FIR,14
2019-01-18,LFRR,Brest FIR,0
2019-01-18,LGGG,Athinai FIR,15
2019-01-18,LHCC,Budapest FIR,3
2019-01-18,LIBB,Brindisi FIR,2
2019-01-18,LIMM,Milano FIR,26
2019-01-18,LIRR,Roma FIR,10
2019-01-18,LJLA,Ljubljana FIR,0
2019-01-18,LKAA,Praha FIR,2
2019-01-18,LMMM,Malta FIR,2
2019-01-18,LOVV,Wien FIR,11
2019-01-18,LPPC,Lisboa FIR,6
2019-01-18,LPPO,Santa Maria FIR,0
2019-01-18,LQSB,Sarajevo FIR,0
2019-01-18,LRBB,Bucarest FIR,11
2019-01-18,LSAS,Switzerland FIR,27
2019-01-18,LUUU,Chisinau FIR,0
2019-01-18,LWSS,Skopje FIR,1
2019-01-18,LYBA,Beograd FIR,0
2019-01-18,LZBB,Bratislava  FIR,0
2019-01-18,UKBV,Kiev FIR,1
2019-01-18,UKDV,Dnipro FIR,0
2019-01-18,UKLV,Lvov FIR,0
2019-01-18,UKOV,Odessa FIR,0
2019-01-18,ULLL,Sankt-Peterburg FIR,0
2019-01-18,UMKK,Kaliningrad FIR,0
2019-01-18,UMMV,Minsk FIR,0
2019-01-18,UNKL,Krasnoyarsk FIR,1
2019-01-18,UNNT,Novosibirsk FIR,1
2019-01-18,URRV,Rostov-Na-Donu FIR,0
2019-01-18,USSV,Yekaterinburg FIR,0
2019-01-18,UUWV,Moscow FIR,2
2019-01-18,UWWW,Samara FIR,0
2019-01-19,BIRD,Reykjavik FIR,6
2019-01-19,EBBU,Brussels FIR,30
2019-01-19,EDGG,Langen FIR,118
2019-01-19,EDMM,Munchen FIR,45
2019-01-19,EDWW,Bremen FIR,10
2019-01-19,EETT,Tallinn FIR,0
2019-01-19,EFIN,Helsinki FIR,8
2019-01-19,EGPX,Scottish FIR,4
2019-01-19,EGTT,London FIR,142
2019-01-19,EHAA,Amsterdam FIR,52
2019-01-19,EISN,Shannon FIR,3
2019-01-19,EKDK,Copenhagen FIR,18
2019-01-19,ENOR,Polaris FIR,6
2019-01-19,EPWW,Warszawa FIR,10
2019-01-19,ESAA,Sweden FIR,9
2019-01-19,EVRR,Riga FIR,1
2019-01-19,EYVL,Vilnius FIR,1
2019-01-19,GCCC,Canarias FIR,1
2019-01-19,GMMM,Casablanca FIR,0
2019-01-19,LAAA,Tirana FIR,5
2019-01-19,LBSR,Sofia FIR,22
2019-01-19,LDZO,Zagreb FIR,2
2019-01-19,LECB,Barcelona FIR,18
2019-01-19,LECM,Madrid FIR,36
2019-01-19,LFBB,Bordeaux FIR,0
2019-01-19,LFEE,Reims FIR,5
2019-01-19,LFFF,Paris FIR,91
2019-01-19,LFMM,Marseille FIR,5
2019-01-19,LFRR,Brest FIR,0
2019-01-19,LGGG,Athinai FIR,25
2019-01-19,LHCC,Budapest FIR,9
2019-01-19,LIBB,Brindisi FIR,8
2019-01-19,LIMM,Milano FIR,35
2019-01-19,LIRR,Roma FIR,37
2019-01-19,LJLA,Ljubljana FIR,3
2019-01-19,LKAA,Praha FIR,10
2019-01-19,LMMM,Malta FIR,1
2019-01-19,LOVV,Wien FIR,25
2019-01-19,LPPC,Lisboa FIR,8
2019-01-19,LPPO,Santa Maria FIR,0
2019-01-19,LQSB,Sarajevo FIR,3
2019-01-19,LRBB,Bucarest FIR,27
2019-01-19,LSAS,Switzerland FIR,28
2019-01-19,LUUU,Chisinau FIR,4
2019-01-19,LWSS,Skopje FIR,3
2019-01-19,LYBA,Beograd FIR,5
2019-01-19,LZBB,Bratislava  FIR,0
2019-01-19,UKBV,Kiev FIR,2
2019-01-19,UKDV,Dnipro FIR,0
2019-01-19,UKLV,Lvov FIR,0
2019-01-19,UKOV,Odessa FIR,0
2019-01-19,ULLL,Sankt-Peterburg FIR,1
2019-01-19,UMMV,Minsk FIR,0
2019-01-19,UNNT,Novosibirsk FIR,2
2019-01-19,URRV,Rostov-Na-Donu FIR,0
2019-01-19,USSV,Yekaterinburg FIR,0
2019-01-19,UUWV,Moscow FIR,16
2019-01-19,UWWW,Samara FIR,0
2019-01-20,BIRD,Reykjavik FIR,5
2019-01-20,EBBU,Brussels FIR,20
2019-01-20,EDGG,Langen FIR,64
2019-01-20,EDMM,Munchen FIR,27
2019-01-20,EDWW,Bremen FIR,7
2019-01-20,EETT,Tallinn FIR,0
2019-01-20,EFIN,Helsinki FIR,4
2019-01-20,EGPX,Scottish FIR,1
2019-01-20,EGTT,London FIR,120
2019-01-20,EHAA,Amsterdam FIR,44
2019-01-20,EISN,Shannon FIR,20
2019-01-20,EKDK,Copenhagen FIR,15
2019-01-20,ENOB,Bodo Oceanic FIR,0
2019-01-20,ENOR,Polaris FIR,3
2019-01-20,EPWW,Warszawa FIR,8
2019-01-20,ESAA,Sweden FIR,7
2019-01-20,EVRR,Riga FIR,1
2019-01-20,EYVL,Vilnius FIR,2
2019-01-20,GCCC,Canarias FIR,1
2019-01-20,GMMM,Casablanca FIR,0
2019-01-20,LAAA,Tirana FIR,1
2019-01-20,LBSR,Sofia FIR,9
2019-01-20,LDZO,Zagreb FIR,0
2019-01-20,LECB,Barcelona FIR,10
2019-01-20,LECM,Madrid FIR,27
2019-01-20,LFBB,Bordeaux FIR,0
2019-01-20,LFEE,Reims FIR,2
2019-01-20,LFFF,Paris FIR,61
2019-01-20,LFMM,Marseille FIR,0
2019-01-20,LFRR,Brest FIR,0
2019-01-20,LGGG,Athinai FIR,7
2019-01-20,LHCC,Budapest FIR,8
2019-01-20,LIBB,Brindisi FIR,0
2019-01-20,LIMM,Milano FIR,21
2019-01-20,LIRR,Roma FIR,17
2019-01-20,LJLA,Ljubljana FIR,0
2019-01-20,LKAA,Praha FIR,1
2019-01-20,LMMM,Malta FIR,0
2019-01-20,LOVV,Wien FIR,10
2019-01-20,LPPC,Lisboa FIR,11
2019-01-20,LPPO,Santa Maria FIR,1
2019-01-20,LQSB,Sarajevo FIR,0
2019-01-20,LRBB,Bucarest FIR,28
2019-01-20,LSAS,Switzerland FIR,20
2019-01-20,LUUU,Chisinau FIR,5
2019-01-20,LWSS,Skopje FIR,0
2019-01-20,LYBA,Beograd FIR,0
2019-01-20,LZBB,Bratislava  FIR,0
2019-01-20,UKBV,Kiev FIR,4
2019-01-20,UKDV,Dnipro FIR,0
2019-01-20,UKLV,Lvov FIR,1
2019-01-20,UKOV,Odessa FIR,0
2019-01-20,ULLL,Sankt-Peterburg FIR,0
2019-01-20,UMKK,Kaliningrad FIR,0
2019-01-20,UMMV,Minsk FIR,0
2019-01-20,UNNT,Novosibirsk FIR,1
2019-01-20,URRV,Rostov-Na-Donu FIR,0
2019-01-20,USSV,Yekaterinburg FIR,0
2019-01-20,UUWV,Moscow FIR,7
2019-01-20,UWWW,Samara FIR,0
2019-01-21,BIRD,Reykjavik FIR,2
2019-01-21,EBBU,Brussels FIR,10
2019-01-21,EDGG,Langen FIR,84
2019-01-21,EDMM,Munchen FIR,24
2019-01-21,EDWW,Bremen FIR,2
2019-01-21,EETT,Tallinn FIR,0
2019-01-21,EFIN,Helsinki FIR,4
2019-01-21,EGPX,Scottish FIR,8
2019-01-21,EGTT,London FIR,229
2019-01-21,EHAA,Amsterdam FIR,58
2019-01-21,EISN,Shannon FIR,16
2019-01-21,EKDK,Copenhagen FIR,8
2019-01-21,ENOB,Bodo Oceanic FIR,0
2019-01-21,ENOR,Polaris FIR,4
2019-01-21,EPWW,Warszawa FIR,7
2019-01-21,ESAA,Sweden FIR,6
2019-01-21,EVRR,Riga FIR,0
2019-01-21,EYVL,Vilnius FIR,1
2019-01-21,GCCC,Canarias FIR,5
2019-01-21,GMMM,Casablanca FIR,0
2019-01-21,LAAA,Tirana FIR,3
2019-01-21,LBSR,Sofia FIR,2
2019-01-21,LDZO,Zagreb FIR,0
2019-01-21,LECB,Barcelona FIR,4
2019-01-21,LECM,Madrid FIR,14
2019-01-21,LFBB,Bordeaux FIR,1
2019-01-21,LFEE,Reims FIR,0
2019-01-21,LFFF,Paris FIR,69
2019-01-21,LFMM,Marseille FIR,2
2019-01-21,LFRR,Brest FIR,0
2019-01-21,LGGG,Athinai FIR,11
2019-01-21,LHCC,Budapest FIR,0
2019-01-21,LIBB,Brindisi FIR,3
2019-01-21,LIMM,Milano FIR,15
2019-01-21,LIRR,Roma FIR,20
2019-01-21,LJLA,Ljubljana FIR,0
2019-01-21,LKAA,Praha FIR,1
2019-01-21,LMMM,Malta FIR,0
2019-01-21,LOVV,Wien FIR,9
2019-01-21,LPPC,Lisboa FIR,17
2019-01-21,LPPO,Santa Maria FIR,0
2019-01-21,LQSB,Sarajevo FIR,0
2019-01-21,LRBB,Bucarest FIR,3
2019-01-21,LSAS,Switzerland FIR,29
2019-01-21,LUUU,Chisinau FIR,0
2019-01-21,LWSS,Skopje FIR,2
2019-01-21,LYBA,Beograd FIR,2
2019-01-21,LZBB,Bratislava  FIR,0
2019-01-21,UKBV,Kiev FIR,0
2019-01-21,UKDV,Dnipro FIR,0
2019-01-21,UKLV,Lvov FIR,0
2019-01-21,UKOV,Odessa FIR,0
2019-01-21,ULLL,Sankt-Peterburg FIR,0
2019-01-21,UMKK,Kaliningrad FIR,0
2019-01-21,UMMV,Minsk FIR,0
2019-01-21,UNKL,Krasnoyarsk FIR,1
2019-01-21,UNNT,Novosibirsk FIR,3
2019-01-21,URRV,Rostov-Na-Donu FIR,0
2019-01-21,UUWV,Moscow FIR,4
2019-01-21,UWWW,Samara FIR,0
2019-01-22,BIRD,Reykjavik FIR,3
2019-01-22,EBBU,Brussels FIR,21
2019-01-22,EDGG,Langen FIR,122
2019-01-22,EDMM,Munchen FIR,46
2019-01-22,EDWW,Bremen FIR,42
2019-01-22,EETT,Tallinn FIR,0
2019-01-22,EFIN,Helsinki FIR,10
2019-01-22,EGPX,Scottish FIR,11
2019-01-22,EGTT,London FIR,200
2019-01-22,EHAA,Amsterdam FIR,49
2019-01-22,EISN,Shannon FIR,20
2019-01-22,EKDK,Copenhagen FIR,37
2019-01-22,ENOR,Polaris FIR,32
2019-01-22,EPWW,Warszawa FIR,10
2019-01-22,ESAA,Sweden FIR,24
2019-01-22,EVRR,Riga FIR,2
2019-01-22,EYVL,Vilnius FIR,1
2019-01-22,GCCC,Canarias FIR,81
2019-01-22,GMMM,Casablanca FIR,0
2019-01-22,LAAA,Tirana FIR,0
2019-01-22,LBSR,Sofia FIR,5
2019-01-22,LDZO,Zagreb FIR,0
2019-01-22,LECB,Barcelona FIR,12
2019-01-22,LECM,Madrid FIR,57
2019-01-22,LFBB,Bordeaux FIR,2
2019-01-22,LFEE,Reims FIR,0
2019-01-22,LFFF,Paris FIR,71
2019-01-22,LFMM,Marseille FIR,0
2019-01-22,LFRR,Brest FIR,0
2019-01-22,LGGG,Athinai FIR,1
2019-01-22,LHCC,Budapest FIR,3
2019-01-22,LIBB,Brindisi FIR,1
2019-01-22,LIMM,Milano FIR,8
2019-01-22,LIRR,Roma FIR,15
2019-01-22,LJLA,Ljubljana FIR,1
2019-01-22,LKAA,Praha FIR,2
2019-01-22,LMMM,Malta FIR,0
2019-01-22,LOVV,Wien FIR,10
2019-01-22,LPPC,Lisboa FIR,41
2019-01-22,LPPO,Santa Maria FIR,5
2019-01-22,LQSB,Sarajevo FIR,0
2019-01-22,LRBB,Bucarest FIR,15
2019-01-22,LSAS,Switzerland FIR,33
2019-01-22,LUUU,Chisinau FIR,1
2019-01-22,LWSS,Skopje FIR,1
2019-01-22,LYBA,Beograd FIR,1
2019-01-22,LZBB,Bratislava  FIR,1
2019-01-22,UKBV,Kiev FIR,1
2019-01-22,UKDV,Dnipro FIR,0
2019-01-22,UKLV,Lvov FIR,0
2019-01-22,UKOV,Odessa FIR,0
2019-01-22,ULLL,Sankt-Peterburg FIR,0
2019-01-22,UMKK,Kaliningrad FIR,0
2019-01-22,UMMV,Minsk FIR,0
2019-01-22,USSV,Yekaterinburg FIR,0
2019-01-22,UUWV,Moscow FIR,4
2019-01-22,UWWW,Samara FIR,0
2019-01-23,BIRD,Reykjavik FIR,7
2019-01-23,EBBU,Brussels FIR,25
2019-01-23,EDGG,Langen FIR,89
2019-01-23,EDMM,Munchen FIR,42
2019-01-23,EDWW,Bremen FIR,25
2019-01-23,EETT,Tallinn FIR,3
2019-01-23,EFIN,Helsinki FIR,13
2019-01-23,EGPX,Scottish FIR,8
2019-01-23,EGTT,London FIR,175
2019-01-23,EHAA,Amsterdam FIR,50
2019-01-23,EISN,Shannon FIR,23
2019-01-23,EKDK,Copenhagen FIR,45
2019-01-23,ENOR,Polaris FIR,40
2019-01-23,EPWW,Warszawa FIR,10
2019-01-23,ESAA,Sweden FIR,41
2019-01-23,EVRR,Riga FIR,0
2019-01-23,EYVL,Vilnius FIR,3
2019-01-23,GCCC,Canarias FIR,51
2019-01-23,GMMM,Casablanca FIR,0
2019-01-23,LAAA,Tirana FIR,0
2019-01-23,LBSR,Sofia FIR,2
2019-01-23,LDZO,Zagreb FIR,1
2019-01-23,LECB,Barcelona FIR,3
2019-01-23,LECM,Madrid FIR,21
2019-01-23,LFBB,Bordeaux FIR,0
2019-01-23,LFEE,Reims FIR,2
2019-01-23,LFFF,Paris FIR,69
2019-01-23,LFMM,Marseille FIR,2
2019-01-23,LFRR,Brest FIR,0
2019-01-23,LGGG,Athinai FIR,12
2019-01-23,LHCC,Budapest FIR,4
2019-01-23,LIBB,Brindisi FIR,0
2019-01-23,LIMM,Milano FIR,12
2019-01-23,LIRR,Roma FIR,13
2019-01-23,LJLA,Ljubljana FIR,0
2019-01-23,LKAA,Praha FIR,6
2019-01-23,LMMM,Malta FIR,0
2019-01-23,LOVV,Wien FIR,11
2019-01-23,LPPC,Lisboa FIR,10
2019-01-23,LPPO,Santa Maria FIR,0
2019-01-23,LQSB,Sarajevo FIR,0
2019-01-23,LRBB,Bucarest FIR,12
2019-01-23,LSAS,Switzerland FIR,24
2019-01-23,LUUU,Chisinau FIR,1
2019-01-23,LWSS,Skopje FIR,0
2019-01-23,LYBA,Beograd FIR,0
2019-01-23,LZBB,Bratislava  FIR,0
2019-01-23,UKBV,Kiev FIR,0
2019-01-23,UKDV,Dnipro FIR,0
2019-01-23,UKLV,Lvov FIR,0
2019-01-23,UKOV,Odessa FIR,0
2019-01-23,ULLL,Sankt-Peterburg FIR,0
2019-01-23,UMKK,Kaliningrad FIR,0
2019-01-23,UMMV,Minsk FIR,1
2019-01-23,URRV,Rostov-Na-Donu FIR,0
2019-01-23,USSV,Yekaterinburg FIR,0
2019-01-23,UUWV,Moscow FIR,6
2019-01-24,BIRD,Reykjavik FIR,3
2019-01-24,EBBU,Brussels FIR,21
2019-01-24,EDGG,Langen FIR,112
2019-01-24,EDMM,Munchen FIR,40
2019-01-24,EDWW,Bremen FIR,18
2019-01-24,EETT,Tallinn FIR,3
2019-01-24,EFIN,Helsinki FIR,33
2019-01-24,EGPX,Scottish FIR,6
2019-01-24,EGTT,London FIR,198
2019-01-24,EHAA,Amsterdam FIR,56
2019-01-24,EISN,Shannon FIR,27
2019-01-24,EKDK,Copenhagen FIR,22
2019-01-24,ENOB,Bodo Oceanic FIR,0
2019-01-24,ENOR,Polaris FIR,9
2019-01-24,EPWW,Warszawa FIR,19
2019-01-24,ESAA,Sweden FIR,26
2019-01-24,EVRR,Riga FIR,6
2019-01-24,EYVL,Vilnius FIR,4
2019-01-24,GCCC,Canarias FIR,7
2019-01-24,GMMM,Casablanca FIR,0
2019-01-24,LAAA,Tirana FIR,0
2019-01-24,LBSR,Sofia FIR,12
2019-01-24,LDZO,Zagreb FIR,2
2019-01-24,LECB,Barcelona FIR,14
2019-01-24,LECM,Madrid FIR,33
2019-01-24,LFBB,Bordeaux FIR,0
2019-01-24,LFEE,Reims FIR,0
2019-01-24,LFFF,Paris FIR,97
2019-01-24,LFMM,Marseille FIR,1
2019-01-24,LFRR,Brest FIR,0
2019-01-24,LGGG,Athinai FIR,8
2019-01-24,LHCC,Budapest FIR,8
2019-01-24,LIBB,Brindisi FIR,0
2019-01-24,LIMM,Milano FIR,27
2019-01-24,LIRR,Roma FIR,22
2019-01-24,LJLA,Ljubljana FIR,1
2019-01-24,LKAA,Praha FIR,10
2019-01-24,LMMM,Malta FIR,0
2019-01-24,LOVV,Wien FIR,20
2019-01-24,LPPC,Lisboa FIR,10
2019-01-24,LPPO,Santa Maria FIR,0
2019-01-24,LQSB,Sarajevo FIR,0
2019-01-24,LRBB,Bucarest FIR,25
2019-01-24,LSAS,Switzerland FIR,33
2019-01-24,LUUU,Chisinau FIR,3
2019-01-24,LWSS,Skopje FIR,0
2019-01-24,LYBA,Beograd FIR,1
2019-01-24,LZBB,Bratislava  FIR,0
2019-01-24,UKBV,Kiev FIR,8
2019-01-24,UKLV,Lvov FIR,0
2019-01-24,UKOV,Odessa FIR,0
2019-01-24,ULLL,Sankt-Peterburg FIR,14
2019-01-24,UMMV,Minsk FIR,0
2019-01-24,UNKL,Krasnoyarsk FIR,2
2019-01-24,UNNT,Novosibirsk FIR,2
2019-01-24,URRV,Rostov-Na-Donu FIR,0
2019-01-24,USSV,Yekaterinburg FIR,0
2019-01-24,UUWV,Moscow FIR,90
2019-01-25,BIRD,Reykjavik FIR,1
2019-01-25,EBBU,Brussels FIR,31
2019-01-25,EDGG,Langen FIR,109
2019-01-25,EDMM,Munchen FIR,42
2019-01-25,EDWW,Bremen FIR,33
2019-01-25,EETT,Tallinn FIR,6
2019-01-25,EFIN,Helsinki FIR,9
2019-01-25,EGPX,Scottish FIR,12
2019-01-25,EGTT,London FIR,236
2019-01-25,EHAA,Amsterdam FIR,64
2019-01-25,EISN,Shannon FIR,22
2019-01-25,EKDK,Copenhagen FIR,28
2019-01-25,ENOB,Bodo Oceanic FIR,0
2019-01-25,ENOR,Polaris FIR,19
2019-01-25,EPWW,Warszawa FIR,30
2019-01-25,ESAA,Sweden FIR,17
2019-01-25,EVRR,Riga FIR,5
2019-01-25,EYVL,Vilnius FIR,10
2019-01-25,GCCC,Canarias FIR,24
2019-01-25,GMMM,Casablanca FIR,0
2019-01-25,LAAA,Tirana FIR,0
2019-01-25,LBSR,Sofia FIR,9
2019-01-25,LDZO,Zagreb FIR,3
2019-01-25,LECB,Barcelona FIR,13
2019-01-25,LECM,Madrid FIR,25
2019-01-25,LFBB,Bordeaux FIR,4
2019-01-25,LFEE,Reims FIR,0
2019-01-25,LFFF,Paris FIR,75
2019-01-25,LFMM,Marseille FIR,2
2019-01-25,LFRR,Brest FIR,1
2019-01-25,LGGG,Athinai FIR,7
2019-01-25,LHCC,Budapest FIR,15
2019-01-25,LIBB,Brindisi FIR,0
2019-01-25,LIMM,Milano FIR,31
2019-01-25,LIRR,Roma FIR,15
2019-01-25,LJLA,Ljubljana FIR,1
2019-01-25,LKAA,Praha FIR,14
2019-01-25,LMMM,Malta FIR,0
2019-01-25,LOVV,Wien FIR,16
2019-01-25,LPPC,Lisboa FIR,17
2019-01-25,LPPO,Santa Maria FIR,0
2019-01-25,LQSB,Sarajevo FIR,0
2019-01-25,LRBB,Bucarest FIR,13
2019-01-25,LSAS,Switzerland FIR,27
2019-01-25,LUUU,Chisinau FIR,2
2019-01-25,LWSS,Skopje FIR,0
2019-01-25,LYBA,Beograd FIR,0
2019-01-25,LZBB,Bratislava  FIR,6
2019-01-25,UKBV,Kiev FIR,15
2019-01-25,UKDV,Dnipro FIR,1
2019-01-25,UKLV,Lvov FIR,1
2019-01-25,UKOV,Odessa FIR,0
2019-01-25,ULLL,Sankt-Peterburg FIR,3
2019-01-25,UMKK,Kaliningrad FIR,0
2019-01-25,UMMV,Minsk FIR,2
2019-01-25,UNNT,Novosibirsk FIR,1
2019-01-25,URRV,Rostov-Na-Donu FIR,0
2019-01-25,USSV,Yekaterinburg FIR,1
2019-01-25,UUWV,Moscow FIR,119
2019-01-25,UWWW,Samara FIR,2
2019-01-26,BIRD,Reykjavik FIR,0
2019-01-26,EBBU,Brussels FIR,93
2019-01-26,EDGG,Langen FIR,298
2019-01-26,EDMM,Munchen FIR,111
2019-01-26,EDWW,Bremen FIR,90
2019-01-26,EETT,Tallinn FIR,0
2019-01-26,EFIN,Helsinki FIR,26
2019-01-26,EGPX,Scottish FIR,27
2019-01-26,EGTT,London FIR,554
2019-01-26,EHAA,Amsterdam FIR,158
2019-01-26,EISN,Shannon FIR,38
2019-01-26,EKDK,Copenhagen FIR,64
2019-01-26,ENOR,Polaris FIR,35
2019-01-26,EPWW,Warszawa FIR,57
2019-01-26,ESAA,Sweden FIR,41
2019-01-26,EVRR,Riga FIR,2
2019-01-26,EYVL,Vilnius FIR,9
2019-01-26,GCCC,Canarias FIR,117
2019-01-26,GMMM,Casablanca FIR,0
2019-01-26,LAAA,Tirana FIR,3
2019-01-26,LBSR,Sofia FIR,20
2019-01-26,LDZO,Zagreb FIR,4
2019-01-26,LECB,Barcelona FIR,90
2019-01-26,LECM,Madrid FIR,105
2019-01-26,LFBB,Bordeaux FIR,11
2019-01-26,LFEE,Reims FIR,13
2019-01-26,LFFF,Paris FIR,222
2019-01-26,LFMM,Marseille FIR,43
2019-01-26,LFRR,Brest FIR,9
2019-01-26,LGGG,Athinai FIR,20
2019-01-26,LHCC,Budapest FIR,20
2019-01-26,LIBB,Brindisi FIR,8
2019-01-26,LIMM,Milano FIR,88
2019-01-26,LIRR,Roma FIR,44
2019-01-26,LJLA,Ljubljana FIR,2
2019-01-26,LKAA,Praha FIR,17
2019-01-26,LMMM,Malta FIR,6
2019-01-26,LOVV,Wien FIR,98
2019-01-26,LPPC,Lisboa FIR,55
2019-01-26,LPPO,Santa Maria FIR,0
2019-01-26,LQSB,Sarajevo FIR,3
2019-01-26,LRBB,Bucarest FIR,41
2019-01-26,LSAS,Switzerland FIR,138
2019-01-26,LUUU,Chisinau FIR,3
2019-01-26,LWSS,Skopje FIR,3
2019-01-26,LYBA,Beograd FIR,9
2019-01-26,LZBB,Bratislava  FIR,5
2019-01-26,UKBV,Kiev FIR,5
2019-01-26,UKDV,Dnipro FIR,1
2019-01-26,UKLV,Lvov FIR,0
2019-01-26,UKOV,Odessa FIR,0
2019-01-26,ULLL,Sankt-Peterburg FIR,5
2019-01-26,UMMV,Minsk FIR,0
2019-01-26,UNNT,Novosibirsk FIR,0
2019-01-26,URRV,Rostov-Na-Donu FIR,0
2019-01-26,USSV,Yekaterinburg FIR,0
2019-01-26,UUWV,Moscow FIR,52
2019-01-27,BIRD,Reykjavik FIR,0
2019-01-27,EBBU,Brussels FIR,35
2019-01-27,EDGG,Langen FIR,101
2019-01-27,EDMM,Munchen FIR,36
2019-01-27,EDWW,Bremen FIR,24
2019-01-27,EETT,Tallinn FIR,0
2019-01-27,EFIN,Helsinki FIR,5
2019-01-27,EGPX,Scottish FIR,3
2019-01-27,EGTT,London FIR,114
2019-01-27,EHAA,Amsterdam FIR,39
2019-01-27,EISN,Shannon FIR,6
2019-01-27,EKDK,Copenhagen FIR,12
2019-01-27,ENOB,Bodo Oceanic FIR,0
2019-01-27,ENOR,Polaris FIR,2
2019-01-27,EPWW,Warszawa FIR,17
2019-01-27,ESAA,Sweden FIR,7
2019-01-27,EVRR,Riga FIR,2
2019-01-27,EYVL,Vilnius FIR,2
2019-01-27,GCCC,Canarias FIR,3
2019-01-27,GMMM,Casablanca FIR,0
2019-01-27,LAAA,Tirana FIR,2
2019-01-27,LBSR,Sofia FIR,16
2019-01-27,LDZO,Zagreb FIR,3
2019-01-27,LECB,Barcelona FIR,27
2019-01-27,LECM,Madrid FIR,44
2019-01-27,LFBB,Bordeaux FIR,0
2019-01-27,LFEE,Reims FIR,12
2019-01-27,LFFF,Paris FIR,70
2019-01-27,LFMM,Marseille FIR,6
2019-01-27,LFRR,Brest FIR,0
2019-01-27,LGGG,Athinai FIR,35
2019-01-27,LHCC,Budapest FIR,11
2019-01-27,LIBB,Brindisi FIR,1
2019-01-27,LIMM,Milano FIR,55
2019-01-27,LIRR,Roma FIR,78
2019-01-27,LJLA,Ljubljana FIR,3
2019-01-27,LKAA,Praha FIR,11
2019-01-27,LMMM,Malta FIR,4
2019-01-27,LOVV,Wien FIR,25
2019-01-27,LPPC,Lisboa FIR,17
2019-01-27,LPPO,Santa Maria FIR,1
2019-01-27,LQSB,Sarajevo FIR,0
2019-01-27,LRBB,Bucarest FIR,39
2019-01-27,LSAS,Switzerland FIR,30
2019-01-27,LUUU,Chisinau FIR,5
2019-01-27,LWSS,Skopje FIR,5
2019-01-27,LYBA,Beograd FIR,3
2019-01-27,LZBB,Bratislava  FIR,3
2019-01-27,UKBV,Kiev FIR,5
2019-01-27,UKDV,Dnipro FIR,1
2019-01-27,UKLV,Lvov FIR,0
2019-01-27,UKOV,Odessa FIR,0
2019-01-27,ULLL,Sankt-Peterburg FIR,2
2019-01-27,UMMV,Minsk FIR,1
2019-01-27,UNNT,Novosibirsk FIR,3
2019-01-27,USSV,Yekaterinburg FIR,1
2019-01-27,UUWV,Moscow FIR,33
2019-01-28,BIRD,Reykjavik FIR,0
2019-01-28,EBBU,Brussels FIR,16
2019-01-28,EDGG,Langen FIR,80
2019-01-28,EDMM,Munchen FIR,26
2019-01-28,EDWW,Bremen FIR,12
2019-01-28,EETT,Tallinn FIR,1
2019-01-28,EFIN,Helsinki FIR,6
2019-01-28,EGPX,Scottish FIR,3
2019-01-28,EGTT,London FIR,87
2019-01-28,EHAA,Amsterdam FIR,41
2019-01-28,EISN,Shannon FIR,3
2019-01-28,EKDK,Copenhagen FIR,7
2019-01-28,ENOB,Bodo Oceanic FIR,0
2019-01-28,ENOR,Polaris FIR,6
2019-01-28,EPWW,Warszawa FIR,15
2019-01-28,ESAA,Sweden FIR,8
2019-01-28,EVRR,Riga FIR,1
2019-01-28,EYVL,Vilnius FIR,5
2019-01-28,GCCC,Canarias FIR,10
2019-01-28,GMMM,Casablanca FIR,0
2019-01-28,LAAA,Tirana FIR,0
2019-01-28,LBSR,Sofia FIR,7
2019-01-28,LDZO,Zagreb FIR,3
2019-01-28,LECB,Barcelona FIR,18
2019-01-28,LECM,Madrid FIR,34
2019-01-28,LFBB,Bordeaux FIR,0
2019-01-28,LFEE,Reims FIR,0
2019-01-28,LFFF,Paris FIR,45
2019-01-28,LFMM,Marseille FIR,3
2019-01-28,LFRR,Brest FIR,0
2019-01-28,LGGG,Athinai FIR,19
2019-01-28,LHCC,Budapest FIR,6
2019-01-28,LIBB,Brindisi FIR,0
2019-01-28,LIMM,Milano FIR,41
2019-01-28,LIRR,Roma FIR,22
2019-01-28,LJLA,Ljubljana FIR,2
2019-01-28,LKAA,Praha FIR,8
2019-01-28,LMMM,Malta FIR,0
2019-01-28,LOVV,Wien FIR,15
2019-01-28,LPPC,Lisboa FIR,18
2019-01-28,LPPO,Santa Maria FIR,0
2019-01-28,LQSB,Sarajevo FIR,0
2019-01-28,LRBB,Bucarest FIR,10
2019-01-28,LSAS,Switzerland FIR,29
2019-01-28,LUUU,Chisinau FIR,3
2019-01-28,LWSS,Skopje FIR,1
2019-01-28,LYBA,Beograd FIR,2
2019-01-28,LZBB,Bratislava  FIR,0
2019-01-28,UKBV,Kiev FIR,0
2019-01-28,UKDV,Dnipro FIR,0
2019-01-28,UKLV,Lvov FIR,0
2019-01-28,UKOV,Odessa FIR,0
2019-01-28,ULLL,Sankt-Peterburg FIR,0
2019-01-28,ULMM,Murmansk FIR,0
2019-01-28,UMKK,Kaliningrad FIR,0
2019-01-28,UMMV,Minsk FIR,0
2019-01-28,UNKL,Krasnoyarsk FIR,1
2019-01-28,UNNT,Novosibirsk FIR,2
2019-01-28,URRV,Rostov-Na-Donu FIR,0
2019-01-28,UUWV,Moscow FIR,42
2019-01-28,UWWW,Samara FIR,0
2019-01-29,BIRD,Reykjavik FIR,3
2019-01-29,EBBU,Brussels FIR,15
2019-01-29,EDGG,Langen FIR,43
2019-01-29,EDMM,Munchen FIR,17
2019-01-29,EDWW,Bremen FIR,6
2019-01-29,EETT,Tallinn FIR,0
2019-01-29,EFIN,Helsinki FIR,3
2019-01-29,EGPX,Scottish FIR,1
2019-01-29,EGTT,London FIR,85
2019-01-29,EHAA,Amsterdam FIR,28
2019-01-29,EISN,Shannon FIR,5
2019-01-29,EKDK,Copenhagen FIR,10
2019-01-29,ENOR,Polaris FIR,6
2019-01-29,EPWW,Warszawa FIR,2
2019-01-29,ESAA,Sweden FIR,3
2019-01-29,EVRR,Riga FIR,0
2019-01-29,EYVL,Vilnius FIR,0
2019-01-29,GCCC,Canarias FIR,58
2019-01-29,GMMM,Casablanca FIR,0
2019-01-29,LAAA,Tirana FIR,1
2019-01-29,LBSR,Sofia FIR,1
2019-01-29,LDZO,Zagreb FIR,1
2019-01-29,LECB,Barcelona FIR,17
2019-01-29,LECM,Madrid FIR,35
2019-01-29,LFBB,Bordeaux FIR,1
2019-01-29,LFEE,Reims FIR,2
2019-01-29,LFFF,Paris FIR,45
2019-01-29,LFMM,Marseille FIR,14
2019-01-29,LFRR,Brest FIR,0
2019-01-29,LGGG,Athinai FIR,1
2019-01-29,LHCC,Budapest FIR,3
2019-01-29,LIBB,Brindisi FIR,2
2019-01-29,LIMM,Milano FIR,15
2019-01-29,LIRR,Roma FIR,14
2019-01-29,LJLA,Ljubljana FIR,0
2019-01-29,LKAA,Praha FIR,5
2019-01-29,LMMM,Malta FIR,0
2019-01-29,LOVV,Wien FIR,3
2019-01-29,LPPC,Lisboa FIR,21
2019-01-29,LPPO,Santa Maria FIR,0
2019-01-29,LQSB,Sarajevo FIR,0
2019-01-29,LRBB,Bucarest FIR,2
2019-01-29,LSAS,Switzerland FIR,18
2019-01-29,LUUU,Chisinau FIR,1
2019-01-29,LWSS,Skopje FIR,0
2019-01-29,LYBA,Beograd FIR,0
2019-01-29,LZBB,Bratislava  FIR,0
2019-01-29,UKBV,Kiev FIR,0
2019-01-29,UKDV,Dnipro FIR,0
2019-01-29,UKLV,Lvov FIR,0
2019-01-29,UKOV,Odessa FIR,0
2019-01-29,ULLL,Sankt-Peterburg FIR,0
2019-01-29,UMMV,Minsk FIR,0
2019-01-29,URRV,Rostov-Na-Donu FIR,0
2019-01-29,USSV,Yekaterinburg FIR,0
2019-01-29,UUWV,Moscow FIR,3
2019-01-29,UWWW,Samara FIR,0
2019-01-30,BIRD,Reykjavik FIR,0
2019-01-30,EBBU,Brussels FIR,15
2019-01-30,EDGG,Langen FIR,55
2019-01-30,EDMM,Munchen FIR,42
2019-01-30,EDWW,Bremen FIR,22
2019-01-30,EETT,Tallinn FIR,0
2019-01-30,EFIN,Helsinki FIR,6
2019-01-30,EGPX,Scottish FIR,3
2019-01-30,EGTT,London FIR,61
2019-01-30,EHAA,Amsterdam FIR,27
2019-01-30,EISN,Shannon FIR,3
2019-01-30,EKDK,Copenhagen FIR,12
2019-01-30,ENOR,Polaris FIR,4
2019-01-30,EPWW,Warszawa FIR,6
2019-01-30,ESAA,Sweden FIR,11
2019-01-30,EVRR,Riga FIR,2
2019-01-30,EYVL,Vilnius FIR,1
2019-01-30,GCCC,Canarias FIR,28
2019-01-30,GMMM,Casablanca FIR,0
2019-01-30,LAAA,Tirana FIR,0
2019-01-30,LBSR,Sofia FIR,1
2019-01-30,LDZO,Zagreb FIR,0
2019-01-30,LECB,Barcelona FIR,17
2019-01-30,LECM,Madrid FIR,51
2019-01-30,LFBB,Bordeaux FIR,0
2019-01-30,LFEE,Reims FIR,2
2019-01-30,LFFF,Paris FIR,59
2019-01-30,LFMM,Marseille FIR,4
2019-01-30,LFRR,Brest FIR,0
2019-01-30,LGGG,Athinai FIR,3
2019-01-30,LHCC,Budapest FIR,8
2019-01-30,LIBB,Brindisi FIR,0
2019-01-30,LIMM,Milano FIR,14
2019-01-30,LIRR,Roma FIR,13
2019-01-30,LJLA,Ljubljana FIR,0
2019-01-30,LKAA,Praha FIR,3
2019-01-30,LMMM,Malta FIR,0
2019-01-30,LOVV,Wien FIR,16
2019-01-30,LPPC,Lisboa FIR,14
2019-01-30,LPPO,Santa Maria FIR,1
2019-01-30,LQSB,Sarajevo FIR,0
2019-01-30,LRBB,Bucarest FIR,6
2019-01-30,LSAS,Switzerland FIR,19
2019-01-30,LUUU,Chisinau FIR,5
2019-01-30,LWSS,Skopje FIR,0
2019-01-30,LYBA,Beograd FIR,0
2019-01-30,LZBB,Bratislava  FIR,2
2019-01-30,UKBV,Kiev FIR,0
2019-01-30,UKDV,Dnipro FIR,0
2019-01-30,UKLV,Lvov FIR,0
2019-01-30,UKOV,Odessa FIR,0
2019-01-30,ULLL,Sankt-Peterburg FIR,0
2019-01-30,UMKK,Kaliningrad FIR,0
2019-01-30,UMMV,Minsk FIR,0
2019-01-30,UNNT,Novosibirsk FIR,1
2019-01-30,URRV,Rostov-Na-Donu FIR,0
2019-01-30,UUWV,Moscow FIR,17
2019-01-30,UWWW,Samara FIR,0
2019-01-31,BIRD,Reykjavik FIR,9
2019-01-31,EBBU,Brussels FIR,16
2019-01-31,EDGG,Langen FIR,60
2019-01-31,EDMM,Munchen FIR,25
2019-01-31,EDWW,Bremen FIR,15
2019-01-31,EETT,Tallinn FIR,2
2019-01-31,EFIN,Helsinki FIR,15
2019-01-31,EGPX,Scottish FIR,6
2019-01-31,EGTT,London FIR,102
2019-01-31,EHAA,Amsterdam FIR,28
2019-01-31,EISN,Shannon FIR,10
2019-01-31,EKDK,Copenhagen FIR,17
2019-01-31,ENOR,Polaris FIR,10
2019-01-31,EPWW,Warszawa FIR,7
2019-01-31,ESAA,Sweden FIR,13
2019-01-31,EVRR,Riga FIR,1
2019-01-31,EYVL,Vilnius FIR,2
2019-01-31,GCCC,Canarias FIR,178
2019-01-31,GMMM,Casablanca FIR,0
2019-01-31,LAAA,Tirana FIR,0
2019-01-31,LBSR,Sofia FIR,0
2019-01-31,LDZO,Zagreb FIR,0
2019-01-31,LECB,Barcelona FIR,36
2019-01-31,LECM,Madrid FIR,110
2019-01-31,LFBB,Bordeaux FIR,8
2019-01-31,LFEE,Reims FIR,0
2019-01-31,LFFF,Paris FIR,76
2019-01-31,LFMM,Marseille FIR,2
2019-01-31,LFRR,Brest FIR,4
2019-01-31,LGGG,Athinai FIR,3
2019-01-31,LHCC,Budapest FIR,2
2019-01-31,LIBB,Brindisi FIR,0
2019-01-31,LIMM,Milano FIR,15
2019-01-31,LIRR,Roma FIR,18
2019-01-31,LJLA,Ljubljana FIR,0
2019-01-31,LKAA,Praha FIR,4
2019-01-31,LMMM,Malta FIR,0
2019-01-31,LOVV,Wien FIR,6
2019-01-31,LPPC,Lisboa FIR,77
2019-01-31,LPPO,Santa Maria FIR,2
2019-01-31,LQSB,Sarajevo FIR,0
2019-01-31,LRBB,Bucarest FIR,2
2019-01-31,LSAS,Switzerland FIR,13
2019-01-31,LUUU,Chisinau FIR,0
2019-01-31,LWSS,Skopje FIR,0
2019-01-31,LYBA,Beograd FIR,0
2019-01-31,LZBB,Bratislava  FIR,0
2019-01-31,UKBV,Kiev FIR,1
2019-01-31,UKLV,Lvov FIR,0
2019-01-31,UKOV,Odessa FIR,0
2019-01-31,ULLL,Sankt-Peterburg FIR,1
2019-01-31,UMMV,Minsk FIR,0
2019-01-31,UNNT,Novosibirsk FIR,1
2019-01-31,URRV,Rostov-Na-Donu FIR,0
2019-01-31,USSV,Yekaterinburg FIR,1
2019-01-31,UUWV,Moscow FIR,34
2019-01-31,UWWW,Samara FIR,0
2019-02-01,BIRD,Reykjavik FIR,6
2019-02-01,EBBU,Brussels FIR,29
2019-02-01,EDGG,Langen FIR,138
2019-02-01,EDMM,Munchen FIR,64
2019-02-01,EDWW,Bremen FIR,26
2019-02-01,EETT,Tallinn FIR,1
2019-02-01,EFIN,Helsinki FIR,10
2019-02-01,EGPX,Scottish FIR,6
2019-02-01,EGTT,London FIR,143
2019-02-01,EHAA,Amsterdam FIR,56
2019-02-01,EISN,Shannon FIR,4
2019-02-01,EKDK,Copenhagen FIR,15
2019-02-01,ENOB,Bodo Oceanic FIR,0
2019-02-01,ENOR,Polaris FIR,3
2019-02-01,EPWW,Warszawa FIR,15
2019-02-01,ESAA,Sweden FIR,13
2019-02-01,EVRR,Riga FIR,1
2019-02-01,EYVL,Vilnius FIR,0
2019-02-01,GCCC,Canarias FIR,3
2019-02-01,GMMM,Casablanca FIR,0
2019-02-01,LAAA,Tirana FIR,2
2019-02-01,LBSR,Sofia FIR,18
2019-02-01,LDZO,Zagreb FIR,1
2019-02-01,LECB,Barcelona FIR,46
2019-02-01,LECM,Madrid FIR,40
2019-02-01,LFBB,Bordeaux FIR,4
2019-02-01,LFEE,Reims FIR,20
2019-02-01,LFFF,Paris FIR,70
2019-02-01,LFMM,Marseille FIR,8
2019-02-01,LFRR,Brest FIR,0
2019-02-01,LGGG,Athinai FIR,38
2019-02-01,LHCC,Budapest FIR,27
2019-02-01,LIBB,Brindisi FIR,6
2019-02-01,LIMM,Milano FIR,64
2019-02-01,LIRR,Roma FIR,63
2019-02-01,LJLA,Ljubljana FIR,1
2019-02-01,LKAA,Praha FIR,8
2019-02-01,LMMM,Malta FIR,16
2019-02-01,LOVV,Wien FIR,32
2019-02-01,LPPC,Lisboa FIR,12
2019-02-01,LPPO,Santa Maria FIR,0
2019-02-01,LQSB,Sarajevo FIR,3
2019-02-01,LRBB,Bucarest FIR,34
2019-02-01,LSAS,Switzerland FIR,43
2019-02-01,LUUU,Chisinau FIR,4
2019-02-01,LWSS,Skopje FIR,5
2019-02-01,LYBA,Beograd FIR,6
2019-02-01,LZBB,Bratislava  FIR,1
2019-02-01,UKBV,Kiev FIR,5
2019-02-01,UKDV,Dnipro FIR,0
2019-02-01,UKLV,Lvov FIR,1
2019-02-01,UKOV,Odessa FIR,0
2019-02-01,ULLL,Sankt-Peterburg FIR,3
2019-02-01,UMKK,Kaliningrad FIR,0
2019-02-01,UMMV,Minsk FIR,0
2019-02-01,UNNT,Novosibirsk FIR,0
2019-02-01,URRV,Rostov-Na-Donu FIR,0
2019-02-01,USSV,Yekaterinburg FIR,1
2019-02-01,UUWV,Moscow FIR,28
2019-02-01,UWWW,Samara FIR,0
2019-02-02,BIRD,Reykjavik FIR,7
2019-02-02,EBBU,Brussels FIR,22
2019-02-02,EDGG,Langen FIR,107
2019-02-02,EDMM,Munchen FIR,51
2019-02-02,EDWW,Bremen FIR,28
2019-02-02,EETT,Tallinn FIR,3
2019-02-02,EFIN,Helsinki FIR,9
2019-02-02,EGPX,Scottish FIR,4
2019-02-02,EGTT,London FIR,139
2019-02-02,EHAA,Amsterdam FIR,50
2019-02-02,EISN,Shannon FIR,7
2019-02-02,EKDK,Copenhagen FIR,20
2019-02-02,ENOR,Polaris FIR,7
2019-02-02,EPWW,Warszawa FIR,23
2019-02-02,ESAA,Sweden FIR,12
2019-02-02,EVRR,Riga FIR,5
2019-02-02,EYVL,Vilnius FIR,11
2019-02-02,GCCC,Canarias FIR,0
2019-02-02,GMMM,Casablanca FIR,0
2019-02-02,LAAA,Tirana FIR,0
2019-02-02,LBSR,Sofia FIR,12
2019-02-02,LDZO,Zagreb FIR,3
2019-02-02,LECB,Barcelona FIR,27
2019-02-02,LECM,Madrid FIR,46
2019-02-02,LFBB,Bordeaux FIR,1
2019-02-02,LFEE,Reims FIR,9
2019-02-02,LFFF,Paris FIR,96
2019-02-02,LFMM,Marseille FIR,10
2019-02-02,LFRR,Brest FIR,0
2019-02-02,LGGG,Athinai FIR,17
2019-02-02,LHCC,Budapest FIR,12
2019-02-02,LIBB,Brindisi FIR,2
2019-02-02,LIMM,Milano FIR,37
2019-02-02,LIRR,Roma FIR,37
2019-02-02,LJLA,Ljubljana FIR,3
2019-02-02,LKAA,Praha FIR,11
2019-02-02,LMMM,Malta FIR,5
2019-02-02,LOVV,Wien FIR,41
2019-02-02,LPPC,Lisboa FIR,15
2019-02-02,LPPO,Santa Maria FIR,3
2019-02-02,LQSB,Sarajevo FIR,0
2019-02-02,LRBB,Bucarest FIR,27
2019-02-02,LSAS,Switzerland FIR,35
2019-02-02,LUUU,Chisinau FIR,5
2019-02-02,LWSS,Skopje FIR,4
2019-02-02,LYBA,Beograd FIR,5
2019-02-02,LZBB,Bratislava  FIR,2
2019-02-02,UKBV,Kiev FIR,17
2019-02-02,UKDV,Dnipro FIR,1
2019-02-02,UKLV,Lvov FIR,1
2019-02-02,UKOV,Odessa FIR,0
2019-02-02,ULLL,Sankt-Peterburg FIR,4
2019-02-02,UMMV,Minsk FIR,1
2019-02-02,UNKL,Krasnoyarsk FIR,0
2019-02-02,UNNT,Novosibirsk FIR,1
2019-02-02,URRV,Rostov-Na-Donu FIR,0
2019-02-02,USSV,Yekaterinburg FIR,0
2019-02-02,UUWV,Moscow FIR,118
2019-02-03,BIRD,Reykjavik FIR,3
2019-02-03,EBBU,Brussels FIR,31
2019-02-03,EDGG,Langen FIR,115
2019-02-03,EDMM,Munchen FIR,44
2019-02-03,EDWW,Bremen FIR,21
2019-02-03,EETT,Tallinn FIR,4
2019-02-03,EFIN,Helsinki FIR,10
2019-02-03,EGPX,Scottish FIR,6
2019-02-03,EGTT,London FIR,170
2019-02-03,EHAA,Amsterdam FIR,60
2019-02-03,EISN,Shannon FIR,12
2019-02-03,EKDK,Copenhagen FIR,19
2019-02-03,ENOR,Polaris FIR,7
2019-02-03,EPWW,Warszawa FIR,33
2019-02-03,ESAA,Sweden FIR,12
2019-02-03,EVRR,Riga FIR,3
2019-02-03,EYVL,Vilnius FIR,6
2019-02-03,GCCC,Canarias FIR,7
2019-02-03,GMMM,Casablanca FIR,0
2019-02-03,LAAA,Tirana FIR,0
2019-02-03,LBSR,Sofia FIR,15
2019-02-03,LDZO,Zagreb FIR,3
2019-02-03,LECB,Barcelona FIR,23
2019-02-03,LECM,Madrid FIR,59
2019-02-03,LFBB,Bordeaux FIR,0
2019-02-03,LFEE,Reims FIR,2
2019-02-03,LFFF,Paris FIR,101
2019-02-03,LFMM,Marseille FIR,7
2019-02-03,LFRR,Brest FIR,0
2019-02-03,LGGG,Athinai FIR,18
2019-02-03,LHCC,Budapest FIR,16
2019-02-03,LIBB,Brindisi FIR,0
2019-02-03,LIMM,Milano FIR,44
2019-02-03,LIRR,Roma FIR,34
2019-02-03,LJLA,Ljubljana FIR,1
2019-02-03,LKAA,Praha FIR,17
2019-02-03,LMMM,Malta FIR,0
2019-02-03,LOVV,Wien FIR,26
2019-02-03,LPPC,Lisboa FIR,16
2019-02-03,LPPO,Santa Maria FIR,8
2019-02-03,LQSB,Sarajevo FIR,0
2019-02-03,LRBB,Bucarest FIR,24
2019-02-03,LSAS,Switzerland FIR,36
2019-02-03,LUUU,Chisinau FIR,5
2019-02-03,LWSS,Skopje FIR,0
2019-02-03,LYBA,Beograd FIR,0
2019-02-03,LZBB,Bratislava  FIR,4
2019-02-03,UKBV,Kiev FIR,29
2019-02-03,UKDV,Dnipro FIR,1
2019-02-03,UKLV,Lvov FIR,0
2019-02-03,UKOV,Odessa FIR,0
2019-02-03,ULLL,Sankt-Peterburg FIR,2
2019-02-03,UMKK,Kaliningrad FIR,0
2019-02-03,UMMV,Minsk FIR,1
2019-02-03,UNNT,Novosibirsk FIR,2
2019-02-03,URRV,Rostov-Na-Donu FIR,0
2019-02-03,USSV,Yekaterinburg FIR,1
2019-02-03,UUWV,Moscow FIR,141
2019-02-04,BIRD,Reykjavik FIR,7
2019-02-04,EBBU,Brussels FIR,16
2019-02-04,EDGG,Langen FIR,78
2019-02-04,EDMM,Munchen FIR,23
2019-02-04,EDWW,Bremen FIR,9
2019-02-04,EETT,Tallinn FIR,2
2019-02-04,EFIN,Helsinki FIR,7
2019-02-04,EGPX,Scottish FIR,1
2019-02-04,EGTT,London FIR,131
2019-02-04,EHAA,Amsterdam FIR,46
2019-02-04,EISN,Shannon FIR,10
2019-02-04,EKDK,Copenhagen FIR,11
2019-02-04,ENOB,Bodo Oceanic FIR,0
2019-02-04,ENOR,Polaris FIR,6
2019-02-04,EPWW,Warszawa FIR,5
2019-02-04,ESAA,Sweden FIR,10
2019-02-04,EVRR,Riga FIR,4
2019-02-04,EYVL,Vilnius FIR,1
2019-02-04,GCCC,Canarias FIR,16
2019-02-04,GMMM,Casablanca FIR,0
2019-02-04,LAAA,Tirana FIR,0
2019-02-04,LBSR,Sofia FIR,2
2019-02-04,LDZO,Zagreb FIR,0
2019-02-04,LECB,Barcelona FIR,6
2019-02-04,LECM,Madrid FIR,41
2019-02-04,LFBB,Bordeaux FIR,0
2019-02-04,LFEE,Reims FIR,2
2019-02-04,LFFF,Paris FIR,78
2019-02-04,LFMM,Marseille FIR,1
2019-02-04,LFRR,Brest FIR,0
2019-02-04,LGGG,Athinai FIR,4
2019-02-04,LHCC,Budapest FIR,4
2019-02-04,LIBB,Brindisi FIR,1
2019-02-04,LIMM,Milano FIR,19
2019-02-04,LIRR,Roma FIR,7
2019-02-04,LJLA,Ljubljana FIR,1
2019-02-04,LKAA,Praha FIR,1
2019-02-04,LMMM,Malta FIR,0
2019-02-04,LOVV,Wien FIR,6
2019-02-04,LPPC,Lisboa FIR,9
2019-02-04,LPPO,Santa Maria FIR,0
2019-02-04,LQSB,Sarajevo FIR,0
2019-02-04,LRBB,Bucarest FIR,3
2019-02-04,LSAS,Switzerland FIR,26
2019-02-04,LUUU,Chisinau FIR,0
2019-02-04,LWSS,Skopje FIR,0
2019-02-04,LYBA,Beograd FIR,0
2019-02-04,LZBB,Bratislava  FIR,1
2019-02-04,UKBV,Kiev FIR,2
2019-02-04,UKDV,Dnipro FIR,0
2019-02-04,UKLV,Lvov FIR,0
2019-02-04,UKOV,Odessa FIR,0
2019-02-04,ULLL,Sankt-Peterburg FIR,0
2019-02-04,UMMV,Minsk FIR,0
2019-02-04,UNNT,Novosibirsk FIR,0
2019-02-04,URRV,Rostov-Na-Donu FIR,0
2019-02-04,USSV,Yekaterinburg FIR,0
2019-02-04,UUWV,Moscow FIR,44
2019-02-04,UWWW,Samara FIR,1
2019-02-05,BIRD,Reykjavik FIR,13
2019-02-05,EBBU,Brussels FIR,19
2019-02-05,EDGG,Langen FIR,68
2019-02-05,EDMM,Munchen FIR,26
2019-02-05,EDWW,Bremen FIR,1
2019-02-05,EETT,Tallinn FIR,0
2019-02-05,EFIN,Helsinki FIR,3
2019-02-05,EGPX,Scottish FIR,16
2019-02-05,EGTT,London FIR,235
2019-02-05,EHAA,Amsterdam FIR,46
2019-02-05,EISN,Shannon FIR,28
2019-02-05,EKDK,Copenhagen FIR,4
2019-02-05,ENOR,Polaris FIR,4
2019-02-05,EPWW,Warszawa FIR,7
2019-02-05,ESAA,Sweden FIR,2
2019-02-05,EVRR,Riga FIR,1
2019-02-05,EYVL,Vilnius FIR,0
2019-02-05,GCCC,Canarias FIR,66
2019-02-05,GMMM,Casablanca FIR,0
2019-02-05,LAAA,Tirana FIR,0
2019-02-05,LBSR,Sofia FIR,0
2019-02-05,LDZO,Zagreb FIR,1
2019-02-05,LECB,Barcelona FIR,9
2019-02-05,LECM,Madrid FIR,54
2019-02-05,LFBB,Bordeaux FIR,0
2019-02-05,LFEE,Reims FIR,0
2019-02-05,LFFF,Paris FIR,77
2019-02-05,LFMM,Marseille FIR,1
2019-02-05,LFRR,Brest FIR,0
2019-02-05,LGGG,Athinai FIR,5
2019-02-05,LHCC,Budapest FIR,1
2019-02-05,LIBB,Brindisi FIR,1
2019-02-05,LIMM,Milano FIR,9
2019-02-05,LIRR,Roma FIR,8
2019-02-05,LJLA,Ljubljana FIR,0
2019-02-05,LKAA,Praha FIR,0
2019-02-05,LMMM,Malta FIR,1
2019-02-05,LOVV,Wien FIR,2
2019-02-05,LPPC,Lisboa FIR,38
2019-02-05,LPPO,Santa Maria FIR,2
2019-02-05,LQSB,Sarajevo FIR,0
2019-02-05,LRBB,Bucarest FIR,3
2019-02-05,LSAS,Switzerland FIR,27
2019-02-05,LUUU,Chisinau FIR,0
2019-02-05,LWSS,Skopje FIR,0
2019-02-05,LYBA,Beograd FIR,0
2019-02-05,LZBB,Bratislava  FIR,0
2019-02-05,UKBV,Kiev FIR,0
2019-02-05,UKDV,Dnipro FIR,1
2019-02-05,UKLV,Lvov FIR,0
2019-02-05,ULLL,Sankt-Peterburg FIR,0
2019-02-05,UMMV,Minsk FIR,0
2019-02-05,UNNT,Novosibirsk FIR,0
2019-02-05,USSV,Yekaterinburg FIR,0
2019-02-05,UUWV,Moscow FIR,2
2019-02-06,BIRD,Reykjavik FIR,6
2019-02-06,EBBU,Brussels FIR,63
2019-02-06,EDGG,Langen FIR,185
2019-02-06,EDMM,Munchen FIR,66
2019-02-06,EDWW,Bremen FIR,59
2019-02-06,EETT,Tallinn FIR,1
2019-02-06,EFIN,Helsinki FIR,13
2019-02-06,EGPX,Scottish FIR,31
2019-02-06,EGTT,London FIR,540
2019-02-06,EHAA,Amsterdam FIR,100
2019-02-06,EISN,Shannon FIR,54
2019-02-06,EKDK,Copenhagen FIR,44
2019-02-06,ENOB,Bodo Oceanic FIR,0
2019-02-06,ENOR,Polaris FIR,29
2019-02-06,EPWW,Warszawa FIR,42
2019-02-06,ESAA,Sweden FIR,38
2019-02-06,EVRR,Riga FIR,3
2019-02-06,EYVL,Vilnius FIR,5
2019-02-06,GCCC,Canarias FIR,143
2019-02-06,GMMM,Casablanca FIR,0
2019-02-06,LAAA,Tirana FIR,1
2019-02-06,LBSR,Sofia FIR,10
2019-02-06,LDZO,Zagreb FIR,2
2019-02-06,LECB,Barcelona FIR,97
2019-02-06,LECM,Madrid FIR,186
2019-02-06,LFBB,Bordeaux FIR,16
2019-02-06,LFEE,Reims FIR,8
2019-02-06,LFFF,Paris FIR,198
2019-02-06,LFMM,Marseille FIR,19
2019-02-06,LFRR,Brest FIR,8
2019-02-06,LGGG,Athinai FIR,9
2019-02-06,LHCC,Budapest FIR,13
2019-02-06,LIBB,Brindisi FIR,3
2019-02-06,LIMM,Milano FIR,48
2019-02-06,LIRR,Roma FIR,25
2019-02-06,LJLA,Ljubljana FIR,0
2019-02-06,LKAA,Praha FIR,6
2019-02-06,LMMM,Malta FIR,3
2019-02-06,LOVV,Wien FIR,21
2019-02-06,LPPC,Lisboa FIR,116
2019-02-06,LPPO,Santa Maria FIR,1
2019-02-06,LQSB,Sarajevo FIR,0
2019-02-06,LRBB,Bucarest FIR,16
2019-02-06,LSAS,Switzerland FIR,70
2019-02-06,LUUU,Chisinau FIR,1
2019-02-06,LWSS,Skopje FIR,0
2019-02-06,LYBA,Beograd FIR,1
2019-02-06,LZBB,Bratislava  FIR,2
2019-02-06,UKBV,Kiev FIR,4
2019-02-06,UKDV,Dnipro FIR,0
2019-02-06,UKLV,Lvov FIR,0
2019-02-06,UKOV,Odessa FIR,0
2019-02-06,ULLL,Sankt-Peterburg FIR,3
2019-02-06,UMKK,Kaliningrad FIR,0
2019-02-06,UMMV,Minsk FIR,0
2019-02-06,UNNT,Novosibirsk FIR,0
2019-02-06,URRV,Rostov-Na-Donu FIR,0
2019-02-06,UUWV,Moscow FIR,13
2019-02-06,UWWW,Samara FIR,0
2019-02-07,BIRD,Reykjavik FIR,1
2019-02-07,EBBU,Brussels FIR,56
2019-02-07,EDGG,Langen FIR,252
2019-02-07,EDMM,Munchen FIR,95
2019-02-07,EDWW,Bremen FIR,98
2019-02-07,EETT,Tallinn FIR,4
2019-02-07,EFIN,Helsinki FIR,36
2019-02-07,EGPX,Scottish FIR,11
2019-02-07,EGTT,London FIR,319
2019-02-07,EHAA,Amsterdam FIR,129
2019-02-07,EISN,Shannon FIR,28
2019-02-07,EKDK,Copenhagen FIR,52
2019-02-07,ENOR,Polaris FIR,26
2019-02-07,EPWW,Warszawa FIR,90
2019-02-07,ESAA,Sweden FIR,44
2019-02-07,EVRR,Riga FIR,6
2019-02-07,EYVL,Vilnius FIR,14
2019-02-07,GCCC,Canarias FIR,80
2019-02-07,GMMM,Casablanca FIR,0
2019-02-07,LAAA,Tirana FIR,1
2019-02-07,LBSR,Sofia FIR,19
2019-02-07,LDZO,Zagreb FIR,8
2019-02-07,LECB,Barcelona FIR,69
2019-02-07,LECM,Madrid FIR,76
2019-02-07,LFBB,Bordeaux FIR,4
2019-02-07,LFEE,Reims FIR,20
2019-02-07,LFFF,Paris FIR,150
2019-02-07,LFMM,Marseille FIR,16
2019-02-07,LFRR,Brest FIR,3
2019-02-07,LGGG,Athinai FIR,29
2019-02-07,LHCC,Budapest FIR,31
2019-02-07,LIBB,Brindisi FIR,5
2019-02-07,LIMM,Milano FIR,77
2019-02-07,LIRR,Roma FIR,85
2019-02-07,LJLA,Ljubljana FIR,2
2019-02-07,LKAA,Praha FIR,39
2019-02-07,LMMM,Malta FIR,6
2019-02-07,LOVV,Wien FIR,46
2019-02-07,LPPC,Lisboa FIR,45
2019-02-07,LPPO,Santa Maria FIR,0
2019-02-07,LQSB,Sarajevo FIR,1
2019-02-07,LRBB,Bucarest FIR,40
2019-02-07,LSAS,Switzerland FIR,72
2019-02-07,LUUU,Chisinau FIR,4
2019-02-07,LWSS,Skopje FIR,3
2019-02-07,LYBA,Beograd FIR,10
2019-02-07,LZBB,Bratislava  FIR,6
2019-02-07,UKBV,Kiev FIR,7
2019-02-07,UKLV,Lvov FIR,0
2019-02-07,UKOV,Odessa FIR,0
2019-02-07,ULLL,Sankt-Peterburg FIR,6
2019-02-07,UMKK,Kaliningrad FIR,0
2019-02-07,UMMV,Minsk FIR,0
2019-02-07,URRV,Rostov-Na-Donu FIR,0
2019-02-07,USSV,Yekaterinburg FIR,1
2019-02-07,UUWV,Moscow FIR,67
2019-02-07,UWWW,Samara FIR,0
2019-02-08,BIRD,Reykjavik FIR,2
2019-02-08,EBBU,Brussels FIR,54
2019-02-08,EDGG,Langen FIR,166
2019-02-08,EDMM,Munchen FIR,76
2019-02-08,EDWW,Bremen FIR,84
2019-02-08,EETT,Tallinn FIR,3
2019-02-08,EFIN,Helsinki FIR,26
2019-02-08,EGPX,Scottish FIR,31
2019-02-08,EGTT,London FIR,460
2019-02-08,EHAA,Amsterdam FIR,117
2019-02-08,EISN,Shannon FIR,40
2019-02-08,EKDK,Copenhagen FIR,78
2019-02-08,ENOB,Bodo Oceanic FIR,0
2019-02-08,ENOR,Polaris FIR,35
2019-02-08,EPWW,Warszawa FIR,69
2019-02-08,ESAA,Sweden FIR,54
2019-02-08,EVRR,Riga FIR,7
2019-02-08,EYVL,Vilnius FIR,11
2019-02-08,GCCC,Canarias FIR,114
2019-02-08,GMMM,Casablanca FIR,0
2019-02-08,LAAA,Tirana FIR,1
2019-02-08,LBSR,Sofia FIR,5
2019-02-08,LDZO,Zagreb FIR,1
2019-02-08,LECB,Barcelona FIR,100
2019-02-08,LECM,Madrid FIR,157
2019-02-08,LFBB,Bordeaux FIR,11
2019-02-08,LFEE,Reims FIR,22
2019-02-08,LFFF,Paris FIR,162
2019-02-08,LFMM,Marseille FIR,33
2019-02-08,LFRR,Brest FIR,5
2019-02-08,LGGG,Athinai FIR,9
2019-02-08,LHCC,Budapest FIR,18
2019-02-08,LIBB,Brindisi FIR,1
2019-02-08,LIMM,Milano FIR,83
2019-02-08,LIRR,Roma FIR,28
2019-02-08,LJLA,Ljubljana FIR,0
2019-02-08,LKAA,Praha FIR,17
2019-02-08,LMMM,Malta FIR,3
2019-02-08,LOVV,Wien FIR,24
2019-02-08,LPPC,Lisboa FIR,128
2019-02-08,LPPO,Santa Maria FIR,1
2019-02-08,LQSB,Sarajevo FIR,0
2019-02-08,LRBB,Bucarest FIR,18
2019-02-08,LSAS,Switzerland FIR,72
2019-02-08,LUUU,Chisinau FIR,4
2019-02-08,LWSS,Skopje FIR,0
2019-02-08,LYBA,Beograd FIR,0
2019-02-08,LZBB,Bratislava  FIR,2
2019-02-08,UKBV,Kiev FIR,4
2019-02-08,UKDV,Dnipro FIR,0
2019-02-08,UKLV,Lvov FIR,0
2019-02-08,UKOV,Odessa FIR,0
2019-02-08,ULLL,Sankt-Peterburg FIR,5
2019-02-08,UMKK,Kaliningrad FIR,0
2019-02-08,UMMV,Minsk FIR,0
2019-02-08,UNNT,Novosibirsk FIR,0
2019-02-08,URRV,Rostov-Na-Donu FIR,0
2019-02-08,USSV,Yekaterinburg FIR,0
2019-02-08,UUWV,Moscow FIR,47
2019-02-08,UWWW,Samara FIR,1
2019-02-09,BIRD,Reykjavik FIR,9
2019-02-09,EBBU,Brussels FIR,80
2019-02-09,EDGG,Langen FIR,189
2019-02-09,EDMM,Munchen FIR,88
2019-02-09,EDWW,Bremen FIR,52
2019-02-09,EETT,Tallinn FIR,4
2019-02-09,EFIN,Helsinki FIR,48
2019-02-09,EGPX,Scottish FIR,28
2019-02-09,EGTT,London FIR,535
2019-02-09,EHAA,Amsterdam FIR,118
2019-02-09,EISN,Shannon FIR,32
2019-02-09,EKDK,Copenhagen FIR,51
2019-02-09,ENOR,Polaris FIR,36
2019-02-09,EPWW,Warszawa FIR,25
2019-02-09,ESAA,Sweden FIR,38
2019-02-09,EVRR,Riga FIR,6
2019-02-09,EYVL,Vilnius FIR,4
2019-02-09,GCCC,Canarias FIR,270
2019-02-09,GMMM,Casablanca FIR,0
2019-02-09,LAAA,Tirana FIR,1
2019-02-09,LBSR,Sofia FIR,14
2019-02-09,LDZO,Zagreb FIR,3
2019-02-09,LECB,Barcelona FIR,160
2019-02-09,LECM,Madrid FIR,214
2019-02-09,LFBB,Bordeaux FIR,6
2019-02-09,LFEE,Reims FIR,24
2019-02-09,LFFF,Paris FIR,239
2019-02-09,LFMM,Marseille FIR,70
2019-02-09,LFRR,Brest FIR,9
2019-02-09,LGGG,Athinai FIR,19
2019-02-09,LHCC,Budapest FIR,11
2019-02-09,LIBB,Brindisi FIR,6
2019-02-09,LIMM,Milano FIR,109
2019-02-09,LIRR,Roma FIR,68
2019-02-09,LJLA,Ljubljana FIR,2
2019-02-09,LKAA,Praha FIR,12
2019-02-09,LMMM,Malta FIR,10
2019-02-09,LOVV,Wien FIR,33
2019-02-09,LPPC,Lisboa FIR,148
2019-02-09,LPPO,Santa Maria FIR,5
2019-02-09,LQSB,Sarajevo FIR,2
2019-02-09,LRBB,Bucarest FIR,17
2019-02-09,LSAS,Switzerland FIR,145
2019-02-09,LUUU,Chisinau FIR,1
2019-02-09,LWSS,Skopje FIR,2
2019-02-09,LYBA,Beograd FIR,2
2019-02-09,LZBB,Bratislava  FIR,1
2019-02-09,UKBV,Kiev FIR,9
2019-02-09,UKDV,Dnipro FIR,0
2019-02-09,UKLV,Lvov FIR,1
2019-02-09,ULLL,Sankt-Peterburg FIR,15
2019-02-09,UMMV,Minsk FIR,0
2019-02-09,UNNT,Novosibirsk FIR,1
2019-02-09,URRV,Rostov-Na-Donu FIR,0
2019-02-09,USSV,Yekaterinburg FIR,0
2019-02-09,UUWV,Moscow FIR,90
2019-02-10,BIRD,Reykjavik FIR,1
2019-02-10,EBBU,Brussels FIR,46
2019-02-10,EDGG,Langen FIR,177
2019-02-10,EDMM,Munchen FIR,47
2019-02-10,EDWW,Bremen FIR,49
2019-02-10,EETT,Tallinn FIR,2
2019-02-10,EFIN,Helsinki FIR,18
2019-02-10,EGPX,Scottish FIR,13
2019-02-10,EGTT,London FIR,239
2019-02-10,EHAA,Amsterdam FIR,84
2019-02-10,EISN,Shannon FIR,16
2019-02-10,EKDK,Copenhagen FIR,28
2019-02-10,ENOR,Polaris FIR,6
2019-02-10,EPWW,Warszawa FIR,52
2019-02-10,ESAA,Sweden FIR,13
2019-02-10,EVRR,Riga FIR,1
2019-02-10,EYVL,Vilnius FIR,5
2019-02-10,GCCC,Canarias FIR,58
2019-02-10,GMMM,Casablanca FIR,0
2019-02-10,LAAA,Tirana FIR,3
2019-02-10,LBSR,Sofia FIR,24
2019-02-10,LDZO,Zagreb FIR,9
2019-02-10,LECB,Barcelona FIR,66
2019-02-10,LECM,Madrid FIR,66
2019-02-10,LFBB,Bordeaux FIR,3
2019-02-10,LFEE,Reims FIR,24
2019-02-10,LFFF,Paris FIR,108
2019-02-10,LFMM,Marseille FIR,23
2019-02-10,LFRR,Brest FIR,0
2019-02-10,LGGG,Athinai FIR,44
2019-02-10,LHCC,Budapest FIR,61
2019-02-10,LIBB,Brindisi FIR,5
2019-02-10,LIMM,Milano FIR,120
2019-02-10,LIRR,Roma FIR,83
2019-02-10,LJLA,Ljubljana FIR,6
2019-02-10,LKAA,Praha FIR,25
2019-02-10,LMMM,Malta FIR,11
2019-02-10,LOVV,Wien FIR,65
2019-02-10,LPPC,Lisboa FIR,69
2019-02-10,LPPO,Santa Maria FIR,6
2019-02-10,LQSB,Sarajevo FIR,1
2019-02-10,LRBB,Bucarest FIR,60
2019-02-10,LSAS,Switzerland FIR,75
2019-02-10,LUUU,Chisinau FIR,5
2019-02-10,LWSS,Skopje FIR,4
2019-02-10,LYBA,Beograd FIR,17
2019-02-10,LZBB,Bratislava  FIR,4
2019-02-10,UKBV,Kiev FIR,20
2019-02-10,UKDV,Dnipro FIR,1
2019-02-10,UKLV,Lvov FIR,3
2019-02-10,UKOV,Odessa FIR,0
2019-02-10,ULLL,Sankt-Peterburg FIR,5
2019-02-10,UMKK,Kaliningrad FIR,0
2019-02-10,UMMV,Minsk FIR,0
2019-02-10,UNNT,Novosibirsk FIR,2
2019-02-10,URRV,Rostov-Na-Donu FIR,0
2019-02-10,USSV,Yekaterinburg FIR,1
2019-02-10,UUWV,Moscow FIR,45
2019-02-11,BIRD,Reykjavik FIR,14
2019-02-11,EBBU,Brussels FIR,20
2019-02-11,EDGG,Langen FIR,110
2019-02-11,EDMM,Munchen FIR,42
2019-02-11,EDWW,Bremen FIR,11
2019-02-11,EETT,Tallinn FIR,1
2019-02-11,EFIN,Helsinki FIR,21
2019-02-11,EGPX,Scottish FIR,11
2019-02-11,EGTT,London FIR,242
2019-02-11,EHAA,Amsterdam FIR,80
2019-02-11,EISN,Shannon FIR,24
2019-02-11,EKDK,Copenhagen FIR,14
2019-02-11,ENOB,Bodo Oceanic FIR,0
2019-02-11,ENOR,Polaris FIR,7
2019-02-11,EPWW,Warszawa FIR,20
2019-02-11,ESAA,Sweden FIR,11
2019-02-11,EVRR,Riga FIR,5
2019-02-11,EYVL,Vilnius FIR,4
2019-02-11,GCCC,Canarias FIR,13
2019-02-11,GMMM,Casablanca FIR,0
2019-02-11,LAAA,Tirana FIR,0
2019-02-11,LBSR,Sofia FIR,2
2019-02-11,LDZO,Zagreb FIR,1
2019-02-11,LECB,Barcelona FIR,21
2019-02-11,LECM,Madrid FIR,27
2019-02-11,LFBB,Bordeaux FIR,1
2019-02-11,LFEE,Reims FIR,4
2019-02-11,LFFF,Paris FIR,97
2019-02-11,LFMM,Marseille FIR,3
2019-02-11,LFRR,Brest FIR,0
2019-02-11,LGGG,Athinai FIR,7
2019-02-11,LHCC,Budapest FIR,5
2019-02-11,LIBB,Brindisi FIR,1
2019-02-11,LIMM,Milano FIR,25
2019-02-11,LIRR,Roma FIR,13
2019-02-11,LJLA,Ljubljana FIR,1
2019-02-11,LKAA,Praha FIR,4
2019-02-11,LMMM,Malta FIR,0
2019-02-11,LOVV,Wien FIR,12
2019-02-11,LPPC,Lisboa FIR,8
2019-02-11,LPPO,Santa Maria FIR,3
2019-02-11,LQSB,Sarajevo FIR,0
2019-02-11,LRBB,Bucarest FIR,7
2019-02-11,LSAS,Switzerland FIR,40
2019-02-11,LUUU,Chisinau FIR,1
2019-02-11,LWSS,Skopje FIR,0
2019-02-11,LYBA,Beograd FIR,0
2019-02-11,LZBB,Bratislava  FIR,1
2019-02-11,UKBV,Kiev FIR,4
2019-02-11,UKDV,Dnipro FIR,1
2019-02-11,UKLV,Lvov FIR,0
2019-02-11,UKOV,Odessa FIR,0
2019-02-11,ULLL,Sankt-Peterburg FIR,0
2019-02-11,UMMV,Minsk FIR,0
2019-02-11,UNNT,Novosibirsk FIR,1
2019-02-11,URRV,Rostov-Na-Donu FIR,0
2019-02-11,USSV,Yekaterinburg FIR,1
2019-02-11,UUWV,Moscow FIR,60
2019-02-11,UWWW,Samara FIR,1
2019-02-12,BIRD,Reykjavik FIR,7
2019-02-12,EBBU,Brussels FIR,8
2019-02-12,EDGG,Langen FIR,55
2019-02-12,EDMM,Munchen FIR,25
2019-02-12,EDWW,Bremen FIR,5
2019-02-12,EETT,Tallinn FIR,0
2019-02-12,EFIN,Helsinki FIR,14
2019-02-12,EGPX,Scottish FIR,4
2019-02-12,EGTT,London FIR,136
2019-02-12,EHAA,Amsterdam FIR,28
2019-02-12,EISN,Shannon FIR,7
2019-02-12,EKDK,Copenhagen FIR,10
2019-02-12,ENOR,Polaris FIR,11
2019-02-12,EPWW,Warszawa FIR,9
2019-02-12,ESAA,Sweden FIR,6
2019-02-12,EVRR,Riga FIR,1
2019-02-12,EYVL,Vilnius FIR,0
2019-02-12,GCCC,Canarias FIR,31
2019-02-12,GMMM,Casablanca FIR,0
2019-02-12,LAAA,Tirana FIR,0
2019-02-12,LBSR,Sofia FIR,1
2019-02-12,LDZO,Zagreb FIR,0
2019-02-12,LECB,Barcelona FIR,8
2019-02-12,LECM,Madrid FIR,36
2019-02-12,LFBB,Bordeaux FIR,0
2019-02-12,LFEE,Reims FIR,0
2019-02-12,LFFF,Paris FIR,55
2019-02-12,LFMM,Marseille FIR,0
2019-02-12,LFRR,Brest FIR,0
2019-02-12,LGGG,Athinai FIR,3
2019-02-12,LHCC,Budapest FIR,3
2019-02-12,LIBB,Brindisi FIR,0
2019-02-12,LIMM,Milano FIR,8
2019-02-12,LIRR,Roma FIR,12
2019-02-12,LJLA,Ljubljana FIR,0
2019-02-12,LKAA,Praha FIR,4
2019-02-12,LMMM,Malta FIR,0
2019-02-12,LOVV,Wien FIR,4
2019-02-12,LPPC,Lisboa FIR,20
2019-02-12,LPPO,Santa Maria FIR,3
2019-02-12,LQSB,Sarajevo FIR,0
2019-02-12,LRBB,Bucarest FIR,3
2019-02-12,LSAS,Switzerland FIR,19
2019-02-12,LUUU,Chisinau FIR,0
2019-02-12,LWSS,Skopje FIR,0
2019-02-12,LYBA,Beograd FIR,0
2019-02-12,LZBB,Bratislava  FIR,0
2019-02-12,UKBV,Kiev FIR,0
2019-02-12,UKDV,Dnipro FIR,0
2019-02-12,UKLV,Lvov FIR,0
2019-02-12,UKOV,Odessa FIR,0
2019-02-12,ULLL,Sankt-Peterburg FIR,0
2019-02-12,UMKK,Kaliningrad FIR,0
2019-02-12,UMMV,Minsk FIR,0
2019-02-12,USSV,Yekaterinburg FIR,0
2019-02-12,UUWV,Moscow FIR,1
2019-02-13,BIRD,Reykjavik FIR,10
2019-02-13,EBBU,Brussels FIR,9
2019-02-13,EDGG,Langen FIR,91
2019-02-13,EDMM,Munchen FIR,37
2019-02-13,EDWW,Bremen FIR,32
2019-02-13,EETT,Tallinn FIR,2
2019-02-13,EFIN,Helsinki FIR,19
2019-02-13,EGPX,Scottish FIR,10
2019-02-13,EGTT,London FIR,278
2019-02-13,EHAA,Amsterdam FIR,59
2019-02-13,EISN,Shannon FIR,26
2019-02-13,EKDK,Copenhagen FIR,33
2019-02-13,ENOB,Bodo Oceanic FIR,0
2019-02-13,ENOR,Polaris FIR,10
2019-02-13,EPWW,Warszawa FIR,20
2019-02-13,ESAA,Sweden FIR,28
2019-02-13,EVRR,Riga FIR,0
2019-02-13,EYVL,Vilnius FIR,1
2019-02-13,GCCC,Canarias FIR,33
2019-02-13,GMMM,Casablanca FIR,0
2019-02-13,LAAA,Tirana FIR,0
2019-02-13,LBSR,Sofia FIR,3
2019-02-13,LDZO,Zagreb FIR,0
2019-02-13,LECB,Barcelona FIR,20
2019-02-13,LECM,Madrid FIR,52
2019-02-13,LFBB,Bordeaux FIR,2
2019-02-13,LFEE,Reims FIR,0
2019-02-13,LFFF,Paris FIR,94
2019-02-13,LFMM,Marseille FIR,0
2019-02-13,LFRR,Brest FIR,0
2019-02-13,LGGG,Athinai FIR,3
2019-02-13,LHCC,Budapest FIR,2
2019-02-13,LIBB,Brindisi FIR,0
2019-02-13,LIMM,Milano FIR,19
2019-02-13,LIRR,Roma FIR,10
2019-02-13,LJLA,Ljubljana FIR,0
2019-02-13,LKAA,Praha FIR,3
2019-02-13,LMMM,Malta FIR,0
2019-02-13,LOVV,Wien FIR,7
2019-02-13,LPPC,Lisboa FIR,17
2019-02-13,LPPO,Santa Maria FIR,4
2019-02-13,LQSB,Sarajevo FIR,0
2019-02-13,LRBB,Bucarest FIR,7
2019-02-13,LSAS,Switzerland FIR,28
2019-02-13,LUUU,Chisinau FIR,0
2019-02-13,LWSS,Skopje FIR,0
2019-02-13,LYBA,Beograd FIR,0
2019-02-13,LZBB,Bratislava  FIR,0
2019-02-13,UKBV,Kiev FIR,1
2019-02-13,UKDV,Dnipro FIR,0
2019-02-13,UKLV,Lvov FIR,1
2019-02-13,UKOV,Odessa FIR,0
2019-02-13,ULLL,Sankt-Peterburg FIR,1
2019-02-13,UMKK,Kaliningrad FIR,0
2019-02-13,UMMV,Minsk FIR,0
2019-02-13,URRV,Rostov-Na-Donu FIR,0
2019-02-13,UUWV,Moscow FIR,15
2019-02-14,BIRD,Reykjavik FIR,12
2019-02-14,EBBU,Brussels FIR,16
2019-02-14,EDGG,Langen FIR,75
2019-02-14,EDMM,Munchen FIR,38
2019-02-14,EDWW,Bremen FIR,2
2019-02-14,EETT,Tallinn FIR,5
2019-02-14,EFIN,Helsinki FIR,49
2019-02-14,EGPX,Scottish FIR,7
2019-02-14,EGTT,London FIR,160
2019-02-14,EHAA,Amsterdam FIR,54
2019-02-14,EISN,Shannon FIR,18
2019-02-14,EKDK,Copenhagen FIR,14
2019-02-14,ENOB,Bodo Oceanic FIR,0
2019-02-14,ENOR,Polaris FIR,16
2019-02-14,EPWW,Warszawa FIR,11
2019-02-14,ESAA,Sweden FIR,20
2019-02-14,EVRR,Riga FIR,3
2019-02-14,EYVL,Vilnius FIR,3
2019-02-14,GCCC,Canarias FIR,36
2019-02-14,GMMM,Casablanca FIR,0
2019-02-14,LAAA,Tirana FIR,0
2019-02-14,LBSR,Sofia FIR,1
2019-02-14,LDZO,Zagreb FIR,0
2019-02-14,LECB,Barcelona FIR,7
2019-02-14,LECM,Madrid FIR,32
2019-02-14,LFBB,Bordeaux FIR,0
2019-02-14,LFEE,Reims FIR,2
2019-02-14,LFFF,Paris FIR,69
2019-02-14,LFMM,Marseille FIR,2
2019-02-14,LFRR,Brest FIR,0
2019-02-14,LGGG,Athinai FIR,1
2019-02-14,LHCC,Budapest FIR,3
2019-02-14,LIBB,Brindisi FIR,0
2019-02-14,LIMM,Milano FIR,17
2019-02-14,LIRR,Roma FIR,15
2019-02-14,LJLA,Ljubljana FIR,0
2019-02-14,LKAA,Praha FIR,2
2019-02-14,LMMM,Malta FIR,0
2019-02-14,LOVV,Wien FIR,9
2019-02-14,LPPC,Lisboa FIR,17
2019-02-14,LPPO,Santa Maria FIR,2
2019-02-14,LQSB,Sarajevo FIR,0
2019-02-14,LRBB,Bucarest FIR,1
2019-02-14,LSAS,Switzerland FIR,28
2019-02-14,LUUU,Chisinau FIR,0
2019-02-14,LWSS,Skopje FIR,0
2019-02-14,LYBA,Beograd FIR,0
2019-02-14,LZBB,Bratislava  FIR,1
2019-02-14,UIII,Irkutsk FIR,1
2019-02-14,UKBV,Kiev FIR,0
2019-02-14,UKDV,Dnipro FIR,0
2019-02-14,UKLV,Lvov FIR,0
2019-02-14,ULLL,Sankt-Peterburg FIR,7
2019-02-14,UMKK,Kaliningrad FIR,0
2019-02-14,UMMV,Minsk FIR,1
2019-02-14,UNNT,Novosibirsk FIR,1
2019-02-14,URRV,Rostov-Na-Donu FIR,1
2019-02-14,USSV,Yekaterinburg FIR,1
2019-02-14,UUWV,Moscow FIR,15
2019-02-15,BIRD,Reykjavik FIR,2
2019-02-15,EBBU,Brussels FIR,11
2019-02-15,EDGG,Langen FIR,69
2019-02-15,EDMM,Munchen FIR,34
2019-02-15,EDWW,Bremen FIR,16
2019-02-15,EETT,Tallinn FIR,3
2019-02-15,EFIN,Helsinki FIR,43
2019-02-15,EGPX,Scottish FIR,9
2019-02-15,EGTT,London FIR,145
2019-02-15,EHAA,Amsterdam FIR,41
2019-02-15,EISN,Shannon FIR,18
2019-02-15,EKDK,Copenhagen FIR,20
2019-02-15,ENOB,Bodo Oceanic FIR,1
2019-02-15,ENOR,Polaris FIR,32
2019-02-15,EPWW,Warszawa FIR,12
2019-02-15,ESAA,Sweden FIR,26
2019-02-15,EVRR,Riga FIR,7
2019-02-15,EYVL,Vilnius FIR,5
2019-02-15,GCCC,Canarias FIR,123
2019-02-15,GMMM,Casablanca FIR,0
2019-02-15,LAAA,Tirana FIR,0
2019-02-15,LBSR,Sofia FIR,1
2019-02-15,LDZO,Zagreb FIR,0
2019-02-15,LECB,Barcelona FIR,33
2019-02-15,LECM,Madrid FIR,75
2019-02-15,LFBB,Bordeaux FIR,3
2019-02-15,LFEE,Reims FIR,1
2019-02-15,LFFF,Paris FIR,60
2019-02-15,LFMM,Marseille FIR,8
2019-02-15,LFRR,Brest FIR,1
2019-02-15,LGGG,Athinai FIR,1
2019-02-15,LHCC,Budapest FIR,4
2019-02-15,LIBB,Brindisi FIR,0
2019-02-15,LIMM,Milano FIR,22
2019-02-15,LIRR,Roma FIR,18
2019-02-15,LJLA,Ljubljana FIR,1
2019-02-15,LKAA,Praha FIR,11
2019-02-15,LMMM,Malta FIR,0
2019-02-15,LOVV,Wien FIR,7
2019-02-15,LPPC,Lisboa FIR,94
2019-02-15,LPPO,Santa Maria FIR,1
2019-02-15,LQSB,Sarajevo FIR,0
2019-02-15,LRBB,Bucarest FIR,0
2019-02-15,LSAS,Switzerland FIR,14
2019-02-15,LUUU,Chisinau FIR,0
2019-02-15,LWSS,Skopje FIR,0
2019-02-15,LYBA,Beograd FIR,0
2019-02-15,LZBB,Bratislava  FIR,0
2019-02-15,UKBV,Kiev FIR,2
2019-02-15,UKDV,Dnipro FIR,0
2019-02-15,UKLV,Lvov FIR,0
2019-02-15,UKOV,Odessa FIR,0
2019-02-15,ULLL,Sankt-Peterburg FIR,7
2019-02-15,UMKK,Kaliningrad FIR,0
2019-02-15,UMMV,Minsk FIR,1
2019-02-15,UNNT,Novosibirsk FIR,0
2019-02-15,URRV,Rostov-Na-Donu FIR,0
2019-02-15,USSV,Yekaterinburg FIR,0
2019-02-15,UUWV,Moscow FIR,56
2019-02-15,UWWW,Samara FIR,2
2019-02-16,BIRD,Reykjavik FIR,15
2019-02-16,EBBU,Brussels FIR,40
2019-02-16,EDGG,Langen FIR,117
2019-02-16,EDMM,Munchen FIR,59
2019-02-16,EDWW,Bremen FIR,30
2019-02-16,EETT,Tallinn FIR,3
2019-02-16,EFIN,Helsinki FIR,27
2019-02-16,EGPX,Scottish FIR,41
2019-02-16,EGTT,London FIR,540
2019-02-16,EHAA,Amsterdam FIR,97
2019-02-16,EISN,Shannon FIR,51
2019-02-16,EKDK,Copenhagen FIR,41
2019-02-16,ENOB,Bodo Oceanic FIR,1
2019-02-16,ENOR,Polaris FIR,35
2019-02-16,EPWW,Warszawa FIR,39
2019-02-16,ESAA,Sweden FIR,43
2019-02-16,EVRR,Riga FIR,5
2019-02-16,EYVL,Vilnius FIR,6
2019-02-16,GCCC,Canarias FIR,200
2019-02-16,GMMM,Casablanca FIR,0
2019-02-16,LAAA,Tirana FIR,1
2019-02-16,LBSR,Sofia FIR,15
2019-02-16,LDZO,Zagreb FIR,0
2019-02-16,LECB,Barcelona FIR,95
2019-02-16,LECM,Madrid FIR,128
2019-02-16,LFBB,Bordeaux FIR,5
2019-02-16,LFEE,Reims FIR,10
2019-02-16,LFFF,Paris FIR,120
2019-02-16,LFMM,Marseille FIR,36
2019-02-16,LFRR,Brest FIR,7
2019-02-16,LGGG,Athinai FIR,11
2019-02-16,LHCC,Budapest FIR,8
2019-02-16,LIBB,Brindisi FIR,3
2019-02-16,LIMM,Milano FIR,44
2019-02-16,LIRR,Roma FIR,30
2019-02-16,LJLA,Ljubljana FIR,0
2019-02-16,LKAA,Praha FIR,13
2019-02-16,LMMM,Malta FIR,8
2019-02-16,LOVV,Wien FIR,37
2019-02-16,LPPC,Lisboa FIR,91
2019-02-16,LPPO,Santa Maria FIR,5
2019-02-16,LQSB,Sarajevo FIR,0
2019-02-16,LRBB,Bucarest FIR,9
2019-02-16,LSAS,Switzerland FIR,88
2019-02-16,LUUU,Chisinau FIR,1
2019-02-16,LWSS,Skopje FIR,0
2019-02-16,LYBA,Beograd FIR,3
2019-02-16,LZBB,Bratislava  FIR,3
2019-02-16,UKBV,Kiev FIR,3
2019-02-16,UKDV,Dnipro FIR,0
2019-02-16,UKLV,Lvov FIR,0
2019-02-16,UKOV,Odessa FIR,0
2019-02-16,ULLL,Sankt-Peterburg FIR,3
2019-02-16,UMMV,Minsk FIR,0
2019-02-16,UNNT,Novosibirsk FIR,3
2019-02-16,URRV,Rostov-Na-Donu FIR,0
2019-02-16,USSV,Yekaterinburg FIR,0
2019-02-16,UUWV,Moscow FIR,30
2019-02-16,UWWW,Samara FIR,0
2019-02-17,BIRD,Reykjavik FIR,5
2019-02-17,EBBU,Brussels FIR,49
2019-02-17,EDGG,Langen FIR,140
2019-02-17,EDMM,Munchen FIR,78
2019-02-17,EDWW,Bremen FIR,117
2019-02-17,EETT,Tallinn FIR,2
2019-02-17,EFIN,Helsinki FIR,26
2019-02-17,EGPX,Scottish FIR,34
2019-02-17,EGTT,London FIR,455
2019-02-17,EHAA,Amsterdam FIR,120
2019-02-17,EISN,Shannon FIR,51
2019-02-17,EKDK,Copenhagen FIR,55
2019-02-17,ENOB,Bodo Oceanic FIR,0
2019-02-17,ENOR,Polaris FIR,44
2019-02-17,EPWW,Warszawa FIR,78
2019-02-17,ESAA,Sweden FIR,44
2019-02-17,EVRR,Riga FIR,7
2019-02-17,EYVL,Vilnius FIR,7
2019-02-17,GCCC,Canarias FIR,111
2019-02-17,GMMM,Casablanca FIR,0
2019-02-17,LAAA,Tirana FIR,1
2019-02-17,LBSR,Sofia FIR,9
2019-02-17,LDZO,Zagreb FIR,1
2019-02-17,LECB,Barcelona FIR,61
2019-02-17,LECM,Madrid FIR,117
2019-02-17,LFBB,Bordeaux FIR,4
2019-02-17,LFEE,Reims FIR,10
2019-02-17,LFFF,Paris FIR,114
2019-02-17,LFMM,Marseille FIR,18
2019-02-17,LFRR,Brest FIR,1
2019-02-17,LGGG,Athinai FIR,9
2019-02-17,LHCC,Budapest FIR,26
2019-02-17,LIBB,Brindisi FIR,0
2019-02-17,LIMM,Milano FIR,36
2019-02-17,LIRR,Roma FIR,32
2019-02-17,LJLA,Ljubljana FIR,1
2019-02-17,LKAA,Praha FIR,34
2019-02-17,LMMM,Malta FIR,4
2019-02-17,LOVV,Wien FIR,38
2019-02-17,LPPC,Lisboa FIR,62
2019-02-17,LPPO,Santa Maria FIR,0
2019-02-17,LQSB,Sarajevo FIR,0
2019-02-17,LRBB,Bucarest FIR,19
2019-02-17,LSAS,Switzerland FIR,59
2019-02-17,LUUU,Chisinau FIR,3
2019-02-17,LWSS,Skopje FIR,0
2019-02-17,LYBA,Beograd FIR,3
2019-02-17,LZBB,Bratislava  FIR,4
2019-02-17,UKBV,Kiev FIR,8
2019-02-17,UKDV,Dnipro FIR,2
2019-02-17,UKLV,Lvov FIR,0
2019-02-17,UKOV,Odessa FIR,0
2019-02-17,ULLL,Sankt-Peterburg FIR,7
2019-02-17,UMMV,Minsk FIR,0
2019-02-17,UNNT,Novosibirsk FIR,2
2019-02-17,USSV,Yekaterinburg FIR,0
2019-02-17,UUWV,Moscow FIR,66
2019-02-17,UWWW,Samara FIR,0
2019-02-18,BIRD,Reykjavik FIR,0
2019-02-18,EBBU,Brussels FIR,19
2019-02-18,EDGG,Langen FIR,93
2019-02-18,EDMM,Munchen FIR,26
2019-02-18,EDWW,Bremen FIR,13
2019-02-18,EETT,Tallinn FIR,3
2019-02-18,EFIN,Helsinki FIR,50
2019-02-18,EGPX,Scottish FIR,4
2019-02-18,EGTT,London FIR,183
2019-02-18,EHAA,Amsterdam FIR,42
2019-02-18,EISN,Shannon FIR,9
2019-02-18,EKDK,Copenhagen FIR,20
2019-02-18,ENOB,Bodo Oceanic FIR,0
2019-02-18,ENOR,Polaris FIR,25
2019-02-18,EPWW,Warszawa FIR,8
2019-02-18,ESAA,Sweden FIR,48
2019-02-18,EVRR,Riga FIR,6
2019-02-18,EYVL,Vilnius FIR,3
2019-02-18,GCCC,Canarias FIR,9
2019-02-18,GMMM,Casablanca FIR,0
2019-02-18,LAAA,Tirana FIR,0
2019-02-18,LBSR,Sofia FIR,1
2019-02-18,LDZO,Zagreb FIR,0
2019-02-18,LECB,Barcelona FIR,12
2019-02-18,LECM,Madrid FIR,38
2019-02-18,LFBB,Bordeaux FIR,1
2019-02-18,LFEE,Reims FIR,2
2019-02-18,LFFF,Paris FIR,93
2019-02-18,LFMM,Marseille FIR,1
2019-02-18,LFRR,Brest FIR,0
2019-02-18,LGGG,Athinai FIR,3
2019-02-18,LHCC,Budapest FIR,8
2019-02-18,LIBB,Brindisi FIR,0
2019-02-18,LIMM,Milano FIR,14
2019-02-18,LIRR,Roma FIR,11
2019-02-18,LJLA,Ljubljana FIR,0
2019-02-18,LKAA,Praha FIR,4
2019-02-18,LMMM,Malta FIR,1
2019-02-18,LOVV,Wien FIR,4
2019-02-18,LPPC,Lisboa FIR,16
2019-02-18,LPPO,Santa Maria FIR,3
2019-02-18,LQSB,Sarajevo FIR,1
2019-02-18,LRBB,Bucarest FIR,5
2019-02-18,LSAS,Switzerland FIR,16
2019-02-18,LUUU,Chisinau FIR,0
2019-02-18,LWSS,Skopje FIR,0
2019-02-18,LYBA,Beograd FIR,0
2019-02-18,LZBB,Bratislava  FIR,0
2019-02-18,UKBV,Kiev FIR,0
2019-02-18,UKDV,Dnipro FIR,0
2019-02-18,UKLV,Lvov FIR,0
2019-02-18,UKOV,Odessa FIR,0
2019-02-18,ULLL,Sankt-Peterburg FIR,8
2019-02-18,UMKK,Kaliningrad FIR,0
2019-02-18,UMMV,Minsk FIR,0
2019-02-18,UNNT,Novosibirsk FIR,0
2019-02-18,USSV,Yekaterinburg FIR,0
2019-02-18,UUWV,Moscow FIR,11
2019-02-18,UWWW,Samara FIR,0
2019-02-19,BIRD,Reykjavik FIR,14
2019-02-19,EBBU,Brussels FIR,21
2019-02-19,EDGG,Langen FIR,81
2019-02-19,EDMM,Munchen FIR,40
2019-02-19,EDWW,Bremen FIR,16
2019-02-19,EETT,Tallinn FIR,2
2019-02-19,EFIN,Helsinki FIR,5
2019-02-19,EGPX,Scottish FIR,11
2019-02-19,EGTT,London FIR,273
2019-02-19,EHAA,Amsterdam FIR,69
2019-02-19,EISN,Shannon FIR,28
2019-02-19,EKDK,Copenhagen FIR,9
2019-02-19,ENOB,Bodo Oceanic FIR,0
2019-02-19,ENOR,Polaris FIR,10
2019-02-19,EPWW,Warszawa FIR,18
2019-02-19,ESAA,Sweden FIR,16
2019-02-19,EVRR,Riga FIR,5
2019-02-19,EYVL,Vilnius FIR,2
2019-02-19,GCCC,Canarias FIR,48
2019-02-19,GMMM,Casablanca FIR,0
2019-02-19,LAAA,Tirana FIR,0
2019-02-19,LBSR,Sofia FIR,1
2019-02-19,LDZO,Zagreb FIR,1
2019-02-19,LECB,Barcelona FIR,5
2019-02-19,LECM,Madrid FIR,36
2019-02-19,LFBB,Bordeaux FIR,0
2019-02-19,LFEE,Reims FIR,6
2019-02-19,LFFF,Paris FIR,69
2019-02-19,LFMM,Marseille FIR,3
2019-02-19,LFRR,Brest FIR,0
2019-02-19,LGGG,Athinai FIR,3
2019-02-19,LHCC,Budapest FIR,7
2019-02-19,LIBB,Brindisi FIR,0
2019-02-19,LIMM,Milano FIR,15
2019-02-19,LIRR,Roma FIR,21
2019-02-19,LJLA,Ljubljana FIR,0
2019-02-19,LKAA,Praha FIR,7
2019-02-19,LMMM,Malta FIR,1
2019-02-19,LOVV,Wien FIR,4
2019-02-19,LPPC,Lisboa FIR,18
2019-02-19,LPPO,Santa Maria FIR,2
2019-02-19,LQSB,Sarajevo FIR,0
2019-02-19,LRBB,Bucarest FIR,3
2019-02-19,LSAS,Switzerland FIR,27
2019-02-19,LUUU,Chisinau FIR,0
2019-02-19,LWSS,Skopje FIR,0
2019-02-19,LYBA,Beograd FIR,0
2019-02-19,LZBB,Bratislava  FIR,1
2019-02-19,UKBV,Kiev FIR,1
2019-02-19,UKDV,Dnipro FIR,1
2019-02-19,UKLV,Lvov FIR,0
2019-02-19,ULLL,Sankt-Peterburg FIR,0
2019-02-19,UMKK,Kaliningrad FIR,0
2019-02-19,UMMV,Minsk FIR,1
2019-02-19,USSV,Yekaterinburg FIR,0
2019-02-19,UUWV,Moscow FIR,48
2019-02-19,UWWW,Samara FIR,0
2019-02-20,BIRD,Reykjavik FIR,12
2019-02-20,EBBU,Brussels FIR,16
2019-02-20,EDGG,Langen FIR,74
2019-02-20,EDMM,Munchen FIR,39
2019-02-20,EDWW,Bremen FIR,17
2019-02-20,EETT,Tallinn FIR,0
2019-02-20,EFIN,Helsinki FIR,13
2019-02-20,EGPX,Scottish FIR,3
2019-02-20,EGTT,London FIR,170
2019-02-20,EHAA,Amsterdam FIR,44
2019-02-20,EISN,Shannon FIR,14
2019-02-20,EKDK,Copenhagen FIR,30
2019-02-20,ENOB,Bodo Oceanic FIR,0
2019-02-20,ENOR,Polaris FIR,30
2019-02-20,EPWW,Warszawa FIR,17
2019-02-20,ESAA,Sweden FIR,27
2019-02-20,EVRR,Riga FIR,0
2019-02-20,EYVL,Vilnius FIR,2
2019-02-20,GCCC,Canarias FIR,27
2019-02-20,GMMM,Casablanca FIR,0
2019-02-20,LAAA,Tirana FIR,0
2019-02-20,LBSR,Sofia FIR,2
2019-02-20,LDZO,Zagreb FIR,1
2019-02-20,LECB,Barcelona FIR,12
2019-02-20,LECM,Madrid FIR,23
2019-02-20,LFBB,Bordeaux FIR,0
2019-02-20,LFEE,Reims FIR,0
2019-02-20,LFFF,Paris FIR,65
2019-02-20,LFMM,Marseille FIR,0
2019-02-20,LFRR,Brest FIR,0
2019-02-20,LGGG,Athinai FIR,7
2019-02-20,LHCC,Budapest FIR,8
2019-02-20,LIBB,Brindisi FIR,2
2019-02-20,LIMM,Milano FIR,14
2019-02-20,LIRR,Roma FIR,5
2019-02-20,LJLA,Ljubljana FIR,0
2019-02-20,LKAA,Praha FIR,3
2019-02-20,LMMM,Malta FIR,0
2019-02-20,LOVV,Wien FIR,9
2019-02-20,LPPC,Lisboa FIR,11
2019-02-20,LPPO,Santa Maria FIR,4
2019-02-20,LQSB,Sarajevo FIR,0
2019-02-20,LRBB,Bucarest FIR,10
2019-02-20,LSAS,Switzerland FIR,13
2019-02-20,LUUU,Chisinau FIR,1
2019-02-20,LWSS,Skopje FIR,0
2019-02-20,LYBA,Beograd FIR,1
2019-02-20,LZBB,Bratislava  FIR,0
2019-02-20,UKBV,Kiev FIR,2
2019-02-20,UKDV,Dnipro FIR,0
2019-02-20,UKLV,Lvov FIR,1
2019-02-20,UKOV,Odessa FIR,0
2019-02-20,ULLL,Sankt-Peterburg FIR,1
2019-02-20,UMKK,Kaliningrad FIR,0
2019-02-20,UMMV,Minsk FIR,0
2019-02-20,UNNT,Novosibirsk FIR,0
2019-02-20,URRV,Rostov-Na-Donu FIR,0
2019-02-20,UUWV,Moscow FIR,10
2019-02-20,UWWW,Samara FIR,1
2019-02-21,BIRD,Reykjavik FIR,18
2019-02-21,EBBU,Brussels FIR,7
2019-02-21,EDGG,Langen FIR,47
2019-02-21,EDMM,Munchen FIR,21
2019-02-21,EDWW,Bremen FIR,5
2019-02-21,EETT,Tallinn FIR,1
2019-02-21,EFIN,Helsinki FIR,6
2019-02-21,EGPX,Scottish FIR,1
2019-02-21,EGTT,London FIR,84
2019-02-21,EHAA,Amsterdam FIR,23
2019-02-21,EISN,Shannon FIR,12
2019-02-21,EKDK,Copenhagen FIR,11
2019-02-21,ENOB,Bodo Oceanic FIR,0
2019-02-21,ENOR,Polaris FIR,6
2019-02-21,EPWW,Warszawa FIR,3
2019-02-21,ESAA,Sweden FIR,4
2019-02-21,EVRR,Riga FIR,1
2019-02-21,EYVL,Vilnius FIR,1
2019-02-21,GCCC,Canarias FIR,47
2019-02-21,GMMM,Casablanca FIR,0
2019-02-21,LAAA,Tirana FIR,0
2019-02-21,LBSR,Sofia FIR,2
2019-02-21,LDZO,Zagreb FIR,0
2019-02-21,LECB,Barcelona FIR,4
2019-02-21,LECM,Madrid FIR,21
2019-02-21,LFBB,Bordeaux FIR,0
2019-02-21,LFEE,Reims FIR,0
2019-02-21,LFFF,Paris FIR,41
2019-02-21,LFMM,Marseille FIR,0
2019-02-21,LFRR,Brest FIR,2
2019-02-21,LGGG,Athinai FIR,2
2019-02-21,LHCC,Budapest FIR,1
2019-02-21,LIBB,Brindisi FIR,0
2019-02-21,LIMM,Milano FIR,7
2019-02-21,LIRR,Roma FIR,7
2019-02-21,LJLA,Ljubljana FIR,1
2019-02-21,LKAA,Praha FIR,1
2019-02-21,LMMM,Malta FIR,0
2019-02-21,LOVV,Wien FIR,5
2019-02-21,LPPC,Lisboa FIR,25
2019-02-21,LPPO,Santa Maria FIR,3
2019-02-21,LQSB,Sarajevo FIR,0
2019-02-21,LRBB,Bucarest FIR,3
2019-02-21,LSAS,Switzerland FIR,7
2019-02-21,LUUU,Chisinau FIR,0
2019-02-21,LWSS,Skopje FIR,0
2019-02-21,LYBA,Beograd FIR,0
2019-02-21,LZBB,Bratislava  FIR,1
2019-02-21,UKBV,Kiev FIR,1
2019-02-21,UKLV,Lvov FIR,0
2019-02-21,ULLL,Sankt-Peterburg FIR,0
2019-02-21,UMKK,Kaliningrad FIR,0
2019-02-21,UMMV,Minsk FIR,0
2019-02-21,UNKL,Krasnoyarsk FIR,0
2019-02-21,URRV,Rostov-Na-Donu FIR,0
2019-02-21,USSV,Yekaterinburg FIR,0
2019-02-21,UUWV,Moscow FIR,8
2019-02-21,UWWW,Samara FIR,0
2019-02-22,BIRD,Reykjavik FIR,7
2019-02-22,EBBU,Brussels FIR,11
2019-02-22,EDGG,Langen FIR,59
2019-02-22,EDMM,Munchen FIR,23
2019-02-22,EDWW,Bremen FIR,6
2019-02-22,EETT,Tallinn FIR,0
2019-02-22,EFIN,Helsinki FIR,9
2019-02-22,EGPX,Scottish FIR,16
2019-02-22,EGTT,London FIR,152
2019-02-22,EHAA,Amsterdam FIR,31
2019-02-22,EISN,Shannon FIR,27
2019-02-22,EKDK,Copenhagen FIR,17
2019-02-22,ENOB,Bodo Oceanic FIR,1
2019-02-22,ENOR,Polaris FIR,38
2019-02-22,EPWW,Warszawa FIR,9
2019-02-22,ESAA,Sweden FIR,15
2019-02-22,EVRR,Riga FIR,1
2019-02-22,EYVL,Vilnius FIR,4
2019-02-22,GCCC,Canarias FIR,104
2019-02-22,GMMM,Casablanca FIR,0
2019-02-22,LAAA,Tirana FIR,0
2019-02-22,LBSR,Sofia FIR,2
2019-02-22,LDZO,Zagreb FIR,1
2019-02-22,LECB,Barcelona FIR,12
2019-02-22,LECM,Madrid FIR,55
2019-02-22,LFBB,Bordeaux FIR,1
2019-02-22,LFEE,Reims FIR,2
2019-02-22,LFFF,Paris FIR,55
2019-02-22,LFMM,Marseille FIR,1
2019-02-22,LFRR,Brest FIR,2
2019-02-22,LGGG,Athinai FIR,4
2019-02-22,LHCC,Budapest FIR,0
2019-02-22,LIBB,Brindisi FIR,1
2019-02-22,LIMM,Milano FIR,10
2019-02-22,LIRR,Roma FIR,5
2019-02-22,LJLA,Ljubljana FIR,0
2019-02-22,LKAA,Praha FIR,2
2019-02-22,LMMM,Malta FIR,1
2019-02-22,LOVV,Wien FIR,4
2019-02-22,LPPC,Lisboa FIR,69
2019-02-22,LPPO,Santa Maria FIR,6
2019-02-22,LQSB,Sarajevo FIR,0
2019-02-22,LRBB,Bucarest FIR,2
2019-02-22,LSAS,Switzerland FIR,14
2019-02-22,LUUU,Chisinau FIR,0
2019-02-22,LWSS,Skopje FIR,0
2019-02-22,LYBA,Beograd FIR,0
2019-02-22,LZBB,Bratislava  FIR,0
2019-02-22,UKBV,Kiev FIR,0
2019-02-22,UKDV,Dnipro FIR,0
2019-02-22,UKLV,Lvov FIR,0
2019-02-22,UKOV,Odessa FIR,0
2019-02-22,ULLL,Sankt-Peterburg FIR,0
2019-02-22,UMKK,Kaliningrad FIR,0
2019-02-22,UMMV,Minsk FIR,0
2019-02-22,UNNT,Novosibirsk FIR,0
2019-02-22,URRV,Rostov-Na-Donu FIR,0
2019-02-22,USSV,Yekaterinburg FIR,0
2019-02-22,UUWV,Moscow FIR,5
2019-02-22,UWWW,Samara FIR,0
2019-02-23,BIRD,Reykjavik FIR,7
2019-02-23,EBBU,Brussels FIR,19
2019-02-23,EDGG,Langen FIR,80
2019-02-23,EDMM,Munchen FIR,36
2019-02-23,EDWW,Bremen FIR,6
2019-02-23,EETT,Tallinn FIR,1
2019-02-23,EFIN,Helsinki FIR,29
2019-02-23,EGPX,Scottish FIR,4
2019-02-23,EGTT,London FIR,116
2019-02-23,EHAA,Amsterdam FIR,41
2019-02-23,EISN,Shannon FIR,3
2019-02-23,EKDK,Copenhagen FIR,15
2019-02-23,ENOB,Bodo Oceanic FIR,0
2019-02-23,ENOR,Polaris FIR,16
2019-02-23,EPWW,Warszawa FIR,9
2019-02-23,ESAA,Sweden FIR,23
2019-02-23,EVRR,Riga FIR,4
2019-02-23,EYVL,Vilnius FIR,0
2019-02-23,GCCC,Canarias FIR,42
2019-02-23,GMMM,Casablanca FIR,0
2019-02-23,LAAA,Tirana FIR,0
2019-02-23,LBSR,Sofia FIR,3
2019-02-23,LDZO,Zagreb FIR,3
2019-02-23,LECB,Barcelona FIR,25
2019-02-23,LECM,Madrid FIR,62
2019-02-23,LFBB,Bordeaux FIR,2
2019-02-23,LFEE,Reims FIR,2
2019-02-23,LFFF,Paris FIR,71
2019-02-23,LFMM,Marseille FIR,4
2019-02-23,LFRR,Brest FIR,2
2019-02-23,LGGG,Athinai FIR,5
2019-02-23,LHCC,Budapest FIR,2
2019-02-23,LIBB,Brindisi FIR,0
2019-02-23,LIMM,Milano FIR,17
2019-02-23,LIRR,Roma FIR,11
2019-02-23,LJLA,Ljubljana FIR,0
2019-02-23,LKAA,Praha FIR,7
2019-02-23,LMMM,Malta FIR,0
2019-02-23,LOVV,Wien FIR,25
2019-02-23,LPPC,Lisboa FIR,15
2019-02-23,LPPO,Santa Maria FIR,2
2019-02-23,LQSB,Sarajevo FIR,0
2019-02-23,LRBB,Bucarest FIR,6
2019-02-23,LSAS,Switzerland FIR,23
2019-02-23,LUUU,Chisinau FIR,0
2019-02-23,LWSS,Skopje FIR,0
2019-02-23,LYBA,Beograd FIR,0
2019-02-23,LZBB,Bratislava  FIR,1
2019-02-23,UKBV,Kiev FIR,0
2019-02-23,UKDV,Dnipro FIR,0
2019-02-23,UKLV,Lvov FIR,0
2019-02-23,ULLL,Sankt-Peterburg FIR,4
2019-02-23,UMKK,Kaliningrad FIR,0
2019-02-23,UMMV,Minsk FIR,0
2019-02-23,UNNT,Novosibirsk FIR,2
2019-02-23,URRV,Rostov-Na-Donu FIR,1
2019-02-23,USSV,Yekaterinburg FIR,0
2019-02-23,UUWV,Moscow FIR,5
2019-02-23,UWWW,Samara FIR,0
2019-02-24,BIRD,Reykjavik FIR,11
2019-02-24,EBBU,Brussels FIR,16
2019-02-24,EDGG,Langen FIR,45
2019-02-24,EDMM,Munchen FIR,23
2019-02-24,EDWW,Bremen FIR,5
2019-02-24,EETT,Tallinn FIR,1
2019-02-24,EFIN,Helsinki FIR,11
2019-02-24,EGPX,Scottish FIR,20
2019-02-24,EGTT,London FIR,142
2019-02-24,EHAA,Amsterdam FIR,34
2019-02-24,EISN,Shannon FIR,15
2019-02-24,EKDK,Copenhagen FIR,13
2019-02-24,ENOB,Bodo Oceanic FIR,0
2019-02-24,ENOR,Polaris FIR,5
2019-02-24,EPWW,Warszawa FIR,10
2019-02-24,ESAA,Sweden FIR,13
2019-02-24,EVRR,Riga FIR,7
2019-02-24,EYVL,Vilnius FIR,2
2019-02-24,GCCC,Canarias FIR,41
2019-02-24,GMMM,Casablanca FIR,0
2019-02-24,LAAA,Tirana FIR,0
2019-02-24,LBSR,Sofia FIR,1
2019-02-24,LDZO,Zagreb FIR,0
2019-02-24,LECB,Barcelona FIR,6
2019-02-24,LECM,Madrid FIR,24
2019-02-24,LFBB,Bordeaux FIR,0
2019-02-24,LFEE,Reims FIR,2
2019-02-24,LFFF,Paris FIR,57
2019-02-24,LFMM,Marseille FIR,2
2019-02-24,LFRR,Brest FIR,0
2019-02-24,LGGG,Athinai FIR,2
2019-02-24,LHCC,Budapest FIR,1
2019-02-24,LIBB,Brindisi FIR,0
2019-02-24,LIMM,Milano FIR,19
2019-02-24,LIRR,Roma FIR,13
2019-02-24,LJLA,Ljubljana FIR,1
2019-02-24,LKAA,Praha FIR,2
2019-02-24,LMMM,Malta FIR,0
2019-02-24,LOVV,Wien FIR,5
2019-02-24,LPPC,Lisboa FIR,6
2019-02-24,LPPO,Santa Maria FIR,2
2019-02-24,LQSB,Sarajevo FIR,0
2019-02-24,LRBB,Bucarest FIR,0
2019-02-24,LSAS,Switzerland FIR,12
2019-02-24,LUUU,Chisinau FIR,1
2019-02-24,LWSS,Skopje FIR,0
2019-02-24,LYBA,Beograd FIR,0
2019-02-24,LZBB,Bratislava  FIR,0
2019-02-24,UKBV,Kiev FIR,0
2019-02-24,UKDV,Dnipro FIR,0
2019-02-24,UKLV,Lvov FIR,0
2019-02-24,UKOV,Odessa FIR,0
2019-02-24,ULLL,Sankt-Peterburg FIR,1
2019-02-24,UMKK,Kaliningrad FIR,0
2019-02-24,UMMV,Minsk FIR,0
2019-02-24,UNNT,Novosibirsk FIR,1
2019-02-24,URRV,Rostov-Na-Donu FIR,0
2019-02-24,USSV,Yekaterinburg FIR,0
2019-02-24,UUWV,Moscow FIR,32
2019-02-25,BIRD,Reykjavik FIR,12
2019-02-25,EBBU,Brussels FIR,20
2019-02-25,EDGG,Langen FIR,74
2019-02-25,EDMM,Munchen FIR,30
2019-02-25,EDWW,Bremen FIR,22
2019-02-25,EETT,Tallinn FIR,5
2019-02-25,EFIN,Helsinki FIR,41
2019-02-25,EGPX,Scottish FIR,7
2019-02-25,EGTT,London FIR,170
2019-02-25,EHAA,Amsterdam FIR,44
2019-02-25,EISN,Shannon FIR,18
2019-02-25,EKDK,Copenhagen FIR,25
2019-02-25,ENOB,Bodo Oceanic FIR,0
2019-02-25,ENOR,Polaris FIR,26
2019-02-25,EPWW,Warszawa FIR,27
2019-02-25,ESAA,Sweden FIR,45
2019-02-25,EVRR,Riga FIR,3
2019-02-25,EYVL,Vilnius FIR,9
2019-02-25,GCCC,Canarias FIR,22
2019-02-25,GMMM,Casablanca FIR,0
2019-02-25,LAAA,Tirana FIR,0
2019-02-25,LBSR,Sofia FIR,1
2019-02-25,LDZO,Zagreb FIR,1
2019-02-25,LECB,Barcelona FIR,16
2019-02-25,LECM,Madrid FIR,31
2019-02-25,LFBB,Bordeaux FIR,0
2019-02-25,LFEE,Reims FIR,4
2019-02-25,LFFF,Paris FIR,56
2019-02-25,LFMM,Marseille FIR,2
2019-02-25,LFRR,Brest FIR,0
2019-02-25,LGGG,Athinai FIR,3
2019-02-25,LHCC,Budapest FIR,6
2019-02-25,LIBB,Brindisi FIR,0
2019-02-25,LIMM,Milano FIR,16
2019-02-25,LIRR,Roma FIR,11
2019-02-25,LJLA,Ljubljana FIR,0
2019-02-25,LKAA,Praha FIR,10
2019-02-25,LMMM,Malta FIR,0
2019-02-25,LOVV,Wien FIR,8
2019-02-25,LPPC,Lisboa FIR,18
2019-02-25,LPPO,Santa Maria FIR,4
2019-02-25,LQSB,Sarajevo FIR,1
2019-02-25,LRBB,Bucarest FIR,4
2019-02-25,LSAS,Switzerland FIR,16
2019-02-25,LUUU,Chisinau FIR,0
2019-02-25,LWSS,Skopje FIR,0
2019-02-25,LYBA,Beograd FIR,1
2019-02-25,LZBB,Bratislava  FIR,0
2019-02-25,UKBV,Kiev FIR,7
2019-02-25,UKDV,Dnipro FIR,0
2019-02-25,UKLV,Lvov FIR,0
2019-02-25,UKOV,Odessa FIR,0
2019-02-25,ULLL,Sankt-Peterburg FIR,7
2019-02-25,UMKK,Kaliningrad FIR,0
2019-02-25,UMMV,Minsk FIR,0
2019-02-25,UNNT,Novosibirsk FIR,1
2019-02-25,URRV,Rostov-Na-Donu FIR,0
2019-02-25,USSV,Yekaterinburg FIR,0
2019-02-25,UUWV,Moscow FIR,30
2019-02-25,UWWW,Samara FIR,0
2019-02-26,BIRD,Reykjavik FIR,2
2019-02-26,EBBU,Brussels FIR,15
2019-02-26,EDGG,Langen FIR,50
2019-02-26,EDMM,Munchen FIR,21
2019-02-26,EDWW,Bremen FIR,5
2019-02-26,EETT,Tallinn FIR,0
2019-02-26,EFIN,Helsinki FIR,5
2019-02-26,EGPX,Scottish FIR,1
2019-02-26,EGTT,London FIR,55
2019-02-26,EHAA,Amsterdam FIR,21
2019-02-26,EISN,Shannon FIR,0
2019-02-26,EKDK,Copenhagen FIR,6
2019-02-26,ENOB,Bodo Oceanic FIR,0
2019-02-26,ENOR,Polaris FIR,7
2019-02-26,EPWW,Warszawa FIR,3
2019-02-26,ESAA,Sweden FIR,1
2019-02-26,EVRR,Riga FIR,3
2019-02-26,EYVL,Vilnius FIR,0
2019-02-26,GCCC,Canarias FIR,38
2019-02-26,GMMM,Casablanca FIR,0
2019-02-26,LAAA,Tirana FIR,0
2019-02-26,LBSR,Sofia FIR,1
2019-02-26,LDZO,Zagreb FIR,1
2019-02-26,LECB,Barcelona FIR,6
2019-02-26,LECM,Madrid FIR,36
2019-02-26,LFBB,Bordeaux FIR,0
2019-02-26,LFEE,Reims FIR,4
2019-02-26,LFFF,Paris FIR,35
2019-02-26,LFMM,Marseille FIR,2
2019-02-26,LFRR,Brest FIR,0
2019-02-26,LGGG,Athinai FIR,3
2019-02-26,LHCC,Budapest FIR,1
2019-02-26,LIBB,Brindisi FIR,0
2019-02-26,LIMM,Milano FIR,13
2019-02-26,LIRR,Roma FIR,13
2019-02-26,LJLA,Ljubljana FIR,0
2019-02-26,LKAA,Praha FIR,2
2019-02-26,LMMM,Malta FIR,0
2019-02-26,LOVV,Wien FIR,2
2019-02-26,LPPC,Lisboa FIR,12
2019-02-26,LPPO,Santa Maria FIR,1
2019-02-26,LQSB,Sarajevo FIR,0
2019-02-26,LRBB,Bucarest FIR,3
2019-02-26,LSAS,Switzerland FIR,5
2019-02-26,LUUU,Chisinau FIR,1
2019-02-26,LWSS,Skopje FIR,0
2019-02-26,LYBA,Beograd FIR,0
2019-02-26,LZBB,Bratislava  FIR,0
2019-02-26,UKBV,Kiev FIR,0
2019-02-26,UKDV,Dnipro FIR,0
2019-02-26,UKLV,Lvov FIR,0
2019-02-26,ULLL,Sankt-Peterburg FIR,1
2019-02-26,UMKK,Kaliningrad FIR,0
2019-02-26,UMMV,Minsk FIR,0
2019-02-26,URRV,Rostov-Na-Donu FIR,0
2019-02-26,USSV,Yekaterinburg FIR,0
2019-02-26,UUWV,Moscow FIR,1
2019-02-27,BIRD,Reykjavik FIR,10
2019-02-27,EBBU,Brussels FIR,15
2019-02-27,EDGG,Langen FIR,46
2019-02-27,EDMM,Munchen FIR,19
2019-02-27,EDWW,Bremen FIR,5
2019-02-27,EETT,Tallinn FIR,1
2019-02-27,EFIN,Helsinki FIR,5
2019-02-27,EGPX,Scottish FIR,2
2019-02-27,EGTT,London FIR,52
2019-02-27,EHAA,Amsterdam FIR,30
2019-02-27,EISN,Shannon FIR,5
2019-02-27,EKDK,Copenhagen FIR,7
2019-02-27,ENOB,Bodo Oceanic FIR,0
2019-02-27,ENOR,Polaris FIR,5
2019-02-27,EPWW,Warszawa FIR,2
2019-02-27,ESAA,Sweden FIR,5
2019-02-27,EVRR,Riga FIR,2
2019-02-27,EYVL,Vilnius FIR,0
2019-02-27,GCCC,Canarias FIR,66
2019-02-27,GMMM,Casablanca FIR,0
2019-02-27,LAAA,Tirana FIR,0
2019-02-27,LBSR,Sofia FIR,1
2019-02-27,LDZO,Zagreb FIR,0
2019-02-27,LECB,Barcelona FIR,7
2019-02-27,LECM,Madrid FIR,29
2019-02-27,LFBB,Bordeaux FIR,0
2019-02-27,LFEE,Reims FIR,0
2019-02-27,LFFF,Paris FIR,39
2019-02-27,LFMM,Marseille FIR,0
2019-02-27,LFRR,Brest FIR,0
2019-02-27,LGGG,Athinai FIR,0
2019-02-27,LHCC,Budapest FIR,0
2019-02-27,LIBB,Brindisi FIR,0
2019-02-27,LIMM,Milano FIR,10
2019-02-27,LIRR,Roma FIR,8
2019-02-27,LJLA,Ljubljana FIR,0
2019-02-27,LKAA,Praha FIR,2
2019-02-27,LMMM,Malta FIR,0
2019-02-27,LOVV,Wien FIR,3
2019-02-27,LPPC,Lisboa FIR,31
2019-02-27,LPPO,Santa Maria FIR,3
2019-02-27,LQSB,Sarajevo FIR,0
2019-02-27,LRBB,Bucarest FIR,1
2019-02-27,LSAS,Switzerland FIR,9
2019-02-27,LUUU,Chisinau FIR,0
2019-02-27,LWSS,Skopje FIR,0
2019-02-27,LYBA,Beograd FIR,0
2019-02-27,LZBB,Bratislava  FIR,0
2019-02-27,UKBV,Kiev FIR,0
2019-02-27,UKDV,Dnipro FIR,0
2019-02-27,UKLV,Lvov FIR,0
2019-02-27,UKOV,Odessa FIR,0
2019-02-27,ULLL,Sankt-Peterburg FIR,1
2019-02-27,UMKK,Kaliningrad FIR,0
2019-02-27,UMMV,Minsk FIR,1
2019-02-27,UNNT,Novosibirsk FIR,0
2019-02-27,URRV,Rostov-Na-Donu FIR,0
2019-02-27,UUWV,Moscow FIR,9
2019-02-28,BIRD,Reykjavik FIR,5
2019-02-28,EBBU,Brussels FIR,17
2019-02-28,EDGG,Langen FIR,57
2019-02-28,EDMM,Munchen FIR,19
2019-02-28,EDWW,Bremen FIR,12
2019-02-28,EETT,Tallinn FIR,0
2019-02-28,EFIN,Helsinki FIR,6
2019-02-28,EGPX,Scottish FIR,5
2019-02-28,EGTT,London FIR,96
2019-02-28,EHAA,Amsterdam FIR,37
2019-02-28,EISN,Shannon FIR,9
2019-02-28,EKDK,Copenhagen FIR,16
2019-02-28,ENOB,Bodo Oceanic FIR,0
2019-02-28,ENOR,Polaris FIR,9
2019-02-28,EPWW,Warszawa FIR,11
2019-02-28,ESAA,Sweden FIR,16
2019-02-28,EVRR,Riga FIR,0
2019-02-28,EYVL,Vilnius FIR,0
2019-02-28,GCCC,Canarias FIR,75
2019-02-28,GMMM,Casablanca FIR,0
2019-02-28,LAAA,Tirana FIR,0
2019-02-28,LBSR,Sofia FIR,0
2019-02-28,LDZO,Zagreb FIR,0
2019-02-28,LECB,Barcelona FIR,10
2019-02-28,LECM,Madrid FIR,44
2019-02-28,LFBB,Bordeaux FIR,0
2019-02-28,LFEE,Reims FIR,1
2019-02-28,LFFF,Paris FIR,41
2019-02-28,LFMM,Marseille FIR,1
2019-02-28,LFRR,Brest FIR,1
2019-02-28,LGGG,Athinai FIR,1
2019-02-28,LHCC,Budapest FIR,1
2019-02-28,LIBB,Brindisi FIR,0
2019-02-28,LIMM,Milano FIR,5
2019-02-28,LIRR,Roma FIR,3
2019-02-28,LJLA,Ljubljana FIR,0
2019-02-28,LKAA,Praha FIR,0
2019-02-28,LMMM,Malta FIR,0
2019-02-28,LOVV,Wien FIR,4
2019-02-28,LPPC,Lisboa FIR,70
2019-02-28,LPPO,Santa Maria FIR,4
2019-02-28,LQSB,Sarajevo FIR,0
2019-02-28,LRBB,Bucarest FIR,0
2019-02-28,LSAS,Switzerland FIR,8
2019-02-28,LUUU,Chisinau FIR,0
2019-02-28,LWSS,Skopje FIR,1
2019-02-28,LYBA,Beograd FIR,0
2019-02-28,LZBB,Bratislava  FIR,0
2019-02-28,UKBV,Kiev FIR,0
2019-02-28,UKDV,Dnipro FIR,0
2019-02-28,UKLV,Lvov FIR,0
2019-02-28,ULLL,Sankt-Peterburg FIR,0
2019-02-28,UMKK,Kaliningrad FIR,0
2019-02-28,UMMV,Minsk FIR,0
2019-02-28,UNNT,Novosibirsk FIR,1
2019-02-28,URRV,Rostov-Na-Donu FIR,0
2019-02-28,USSV,Yekaterinburg FIR,0
2019-02-28,UUWV,Moscow FIR,7
2019-03-01,BIRD,Reykjavik FIR,0
2019-03-01,EBBU,Brussels FIR,15
2019-03-01,EDGG,Langen FIR,62
2019-03-01,EDMM,Munchen FIR,17
2019-03-01,EDWW,Bremen FIR,8
2019-03-01,EETT,Tallinn FIR,0
2019-03-01,EFIN,Helsinki FIR,1
2019-03-01,EGPX,Scottish FIR,8
2019-03-01,EGTT,London FIR,134
2019-03-01,EHAA,Amsterdam FIR,39
2019-03-01,EISN,Shannon FIR,8
2019-03-01,EKDK,Copenhagen FIR,16
2019-03-01,ENOB,Bodo Oceanic FIR,0
2019-03-01,ENOR,Polaris FIR,7
2019-03-01,EPWW,Warszawa FIR,2
2019-03-01,ESAA,Sweden FIR,8
2019-03-01,EVRR,Riga FIR,0
2019-03-01,EYVL,Vilnius FIR,0
2019-03-01,GCCC,Canarias FIR,69
2019-03-01,GMMM,Casablanca FIR,0
2019-03-01,LAAA,Tirana FIR,0
2019-03-01,LBSR,Sofia FIR,0
2019-03-01,LDZO,Zagreb FIR,0
2019-03-01,LECB,Barcelona FIR,35
2019-03-01,LECM,Madrid FIR,86
2019-03-01,LFBB,Bordeaux FIR,8
2019-03-01,LFEE,Reims FIR,0
2019-03-01,LFFF,Paris FIR,63
2019-03-01,LFMM,Marseille FIR,2
2019-03-01,LFRR,Brest FIR,4
2019-03-01,LGGG,Athinai FIR,0
2019-03-01,LHCC,Budapest FIR,0
2019-03-01,LIBB,Brindisi FIR,0
2019-03-01,LIMM,Milano FIR,5
2019-03-01,LIRR,Roma FIR,8
2019-03-01,LJLA,Ljubljana FIR,0
2019-03-01,LKAA,Praha FIR,0
2019-03-01,LMMM,Malta FIR,0
2019-03-01,LOVV,Wien FIR,0
2019-03-01,LPPC,Lisboa FIR,94
2019-03-01,LPPO,Santa Maria FIR,3
2019-03-01,LQSB,Sarajevo FIR,0
2019-03-01,LRBB,Bucarest FIR,0
2019-03-01,LSAS,Switzerland FIR,10
2019-03-01,LUUU,Chisinau FIR,0
2019-03-01,LWSS,Skopje FIR,0
2019-03-01,LYBA,Beograd FIR,0
2019-03-01,LZBB,Bratislava  FIR,0
2019-03-01,UKBV,Kiev FIR,0
2019-03-01,UKDV,Dnipro FIR,0
2019-03-01,UKLV,Lvov FIR,0
2019-03-01,UKOV,Odessa FIR,0
2019-03-01,ULLL,Sankt-Peterburg FIR,0
2019-03-01,UMKK,Kaliningrad FIR,0
2019-03-01,UMMV,Minsk FIR,0
2019-03-01,UNNT,Novosibirsk FIR,1
2019-03-01,URRV,Rostov-Na-Donu FIR,0
2019-03-01,USSV,Yekaterinburg FIR,0
2019-03-01,UUWV,Moscow FIR,3
2019-03-01,UWWW,Samara FIR,0
2019-03-02,BIRD,Reykjavik FIR,1
2019-03-02,EBBU,Brussels FIR,17
2019-03-02,EDGG,Langen FIR,46
2019-03-02,EDMM,Munchen FIR,21
2019-03-02,EDWW,Bremen FIR,4
2019-03-02,EETT,Tallinn FIR,1
2019-03-02,EFIN,Helsinki FIR,3
2019-03-02,EGPX,Scottish FIR,12
2019-03-02,EGTT,London FIR,161
2019-03-02,EHAA,Amsterdam FIR,30
2019-03-02,EISN,Shannon FIR,20
2019-03-02,EKDK,Copenhagen FIR,14
2019-03-02,ENOB,Bodo Oceanic FIR,0
2019-03-02,ENOR,Polaris FIR,10
2019-03-02,EPWW,Warszawa FIR,7
2019-03-02,ESAA,Sweden FIR,7
2019-03-02,EVRR,Riga FIR,0
2019-03-02,EYVL,Vilnius FIR,0
2019-03-02,GCCC,Canarias FIR,132
2019-03-02,GMMM,Casablanca FIR,0
2019-03-02,LAAA,Tirana FIR,0
2019-03-02,LBSR,Sofia FIR,1
2019-03-02,LDZO,Zagreb FIR,0
2019-03-02,LECB,Barcelona FIR,28
2019-03-02,LECM,Madrid FIR,54
2019-03-02,LFBB,Bordeaux FIR,0
2019-03-02,LFEE,Reims FIR,0
2019-03-02,LFFF,Paris FIR,53
2019-03-02,LFMM,Marseille FIR,3
2019-03-02,LFRR,Brest FIR,0
2019-03-02,LGGG,Athinai FIR,3
2019-03-02,LHCC,Budapest FIR,1
2019-03-02,LIBB,Brindisi FIR,1
2019-03-02,LIMM,Milano FIR,9
2019-03-02,LIRR,Roma FIR,13
2019-03-02,LJLA,Ljubljana FIR,0
2019-03-02,LKAA,Praha FIR,2
2019-03-02,LMMM,Malta FIR,3
2019-03-02,LOVV,Wien FIR,4
2019-03-02,LPPC,Lisboa FIR,35
2019-03-02,LPPO,Santa Maria FIR,1
2019-03-02,LQSB,Sarajevo FIR,0
2019-03-02,LRBB,Bucarest FIR,2
2019-03-02,LSAS,Switzerland FIR,16
2019-03-02,LUUU,Chisinau FIR,0
2019-03-02,LWSS,Skopje FIR,0
2019-03-02,LYBA,Beograd FIR,0
2019-03-02,LZBB,Bratislava  FIR,1
2019-03-02,UKBV,Kiev FIR,0
2019-03-02,UKDV,Dnipro FIR,0
2019-03-02,UKLV,Lvov FIR,0
2019-03-02,UKOV,Odessa FIR,0
2019-03-02,ULLL,Sankt-Peterburg FIR,0
2019-03-02,UMMV,Minsk FIR,0
2019-03-02,UNNT,Novosibirsk FIR,2
2019-03-02,URRV,Rostov-Na-Donu FIR,0
2019-03-02,USSV,Yekaterinburg FIR,0
2019-03-02,UUWV,Moscow FIR,3
2019-03-02,UWWW,Samara FIR,0
2019-03-03,BIRD,Reykjavik FIR,6
2019-03-03,EBBU,Brussels FIR,66
2019-03-03,EDGG,Langen FIR,204
2019-03-03,EDMM,Munchen FIR,86
2019-03-03,EDWW,Bremen FIR,86
2019-03-03,EETT,Tallinn FIR,4
2019-03-03,EFIN,Helsinki FIR,36
2019-03-03,EGPX,Scottish FIR,33
2019-03-03,EGTT,London FIR,428
2019-03-03,EHAA,Amsterdam FIR,107
2019-03-03,EISN,Shannon FIR,43
2019-03-03,EKDK,Copenhagen FIR,66
2019-03-03,ENOB,Bodo Oceanic FIR,0
2019-03-03,ENOR,Polaris FIR,29
2019-03-03,EPWW,Warszawa FIR,92
2019-03-03,ESAA,Sweden FIR,63
2019-03-03,EVRR,Riga FIR,9
2019-03-03,EYVL,Vilnius FIR,12
2019-03-03,GCCC,Canarias FIR,93
2019-03-03,GMMM,Casablanca FIR,0
2019-03-03,LAAA,Tirana FIR,2
2019-03-03,LBSR,Sofia FIR,13
2019-03-03,LDZO,Zagreb FIR,2
2019-03-03,LECB,Barcelona FIR,73
2019-03-03,LECM,Madrid FIR,97
2019-03-03,LFBB,Bordeaux FIR,6
2019-03-03,LFEE,Reims FIR,22
2019-03-03,LFFF,Paris FIR,140
2019-03-03,LFMM,Marseille FIR,22
2019-03-03,LFRR,Brest FIR,2
2019-03-03,LGGG,Athinai FIR,22
2019-03-03,LHCC,Budapest FIR,33
2019-03-03,LIBB,Brindisi FIR,1
2019-03-03,LIMM,Milano FIR,70
2019-03-03,LIRR,Roma FIR,40
2019-03-03,LJLA,Ljubljana FIR,2
2019-03-03,LKAA,Praha FIR,19
2019-03-03,LMMM,Malta FIR,5
2019-03-03,LOVV,Wien FIR,60
2019-03-03,LPPC,Lisboa FIR,68
2019-03-03,LPPO,Santa Maria FIR,1
2019-03-03,LQSB,Sarajevo FIR,0
2019-03-03,LRBB,Bucarest FIR,24
2019-03-03,LSAS,Switzerland FIR,73
2019-03-03,LUUU,Chisinau FIR,4
2019-03-03,LWSS,Skopje FIR,3
2019-03-03,LYBA,Beograd FIR,2
2019-03-03,LZBB,Bratislava  FIR,4
2019-03-03,UKBV,Kiev FIR,9
2019-03-03,UKDV,Dnipro FIR,1
2019-03-03,UKLV,Lvov FIR,0
2019-03-03,UKOV,Odessa FIR,0
2019-03-03,ULLL,Sankt-Peterburg FIR,7
2019-03-03,UMKK,Kaliningrad FIR,0
2019-03-03,UMMV,Minsk FIR,0
2019-03-03,UNNT,Novosibirsk FIR,2
2019-03-03,URRV,Rostov-Na-Donu FIR,0
2019-03-03,USSV,Yekaterinburg FIR,1
2019-03-03,UUWV,Moscow FIR,57
2019-03-04,BIRD,Reykjavik FIR,0
2019-03-04,EBBU,Brussels FIR,28
2019-03-04,EDGG,Langen FIR,91
2019-03-04,EDMM,Munchen FIR,28
2019-03-04,EDWW,Bremen FIR,15
2019-03-04,EETT,Tallinn FIR,3
2019-03-04,EFIN,Helsinki FIR,10
2019-03-04,EGPX,Scottish FIR,5
2019-03-04,EGTT,London FIR,123
2019-03-04,EHAA,Amsterdam FIR,39
2019-03-04,EISN,Shannon FIR,14
2019-03-04,EKDK,Copenhagen FIR,6
2019-03-04,ENOB,Bodo Oceanic FIR,0
2019-03-04,ENOR,Polaris FIR,6
2019-03-04,EPWW,Warszawa FIR,13
2019-03-04,ESAA,Sweden FIR,9
2019-03-04,EVRR,Riga FIR,2
2019-03-04,EYVL,Vilnius FIR,1
2019-03-04,GCCC,Canarias FIR,114
2019-03-04,GMMM,Casablanca FIR,0
2019-03-04,LAAA,Tirana FIR,0
2019-03-04,LBSR,Sofia FIR,5
2019-03-04,LDZO,Zagreb FIR,0
2019-03-04,LECB,Barcelona FIR,49
2019-03-04,LECM,Madrid FIR,100
2019-03-04,LFBB,Bordeaux FIR,2
2019-03-04,LFEE,Reims FIR,9
2019-03-04,LFFF,Paris FIR,70
2019-03-04,LFMM,Marseille FIR,11
2019-03-04,LFRR,Brest FIR,1
2019-03-04,LGGG,Athinai FIR,1
2019-03-04,LHCC,Budapest FIR,15
2019-03-04,LIBB,Brindisi FIR,0
2019-03-04,LIMM,Milano FIR,33
2019-03-04,LIRR,Roma FIR,13
2019-03-04,LJLA,Ljubljana FIR,2
2019-03-04,LKAA,Praha FIR,4
2019-03-04,LMMM,Malta FIR,0
2019-03-04,LOVV,Wien FIR,16
2019-03-04,LPPC,Lisboa FIR,132
2019-03-04,LPPO,Santa Maria FIR,3
2019-03-04,LQSB,Sarajevo FIR,0
2019-03-04,LRBB,Bucarest FIR,15
2019-03-04,LSAS,Switzerland FIR,21
2019-03-04,LUUU,Chisinau FIR,0
2019-03-04,LWSS,Skopje FIR,0
2019-03-04,LYBA,Beograd FIR,5
2019-03-04,LZBB,Bratislava  FIR,0
2019-03-04,UKBV,Kiev FIR,4
2019-03-04,UKDV,Dnipro FIR,0
2019-03-04,UKLV,Lvov FIR,1
2019-03-04,UKOV,Odessa FIR,0
2019-03-04,ULLL,Sankt-Peterburg FIR,0
2019-03-04,UMKK,Kaliningrad FIR,0
2019-03-04,UMMV,Minsk FIR,1
2019-03-04,UNNT,Novosibirsk FIR,0
2019-03-04,URRV,Rostov-Na-Donu FIR,0
2019-03-04,UUWV,Moscow FIR,59
2019-03-04,UWWW,Samara FIR,0
2019-03-05,BIRD,Reykjavik FIR,3
2019-03-05,EBBU,Brussels FIR,37
2019-03-05,EDGG,Langen FIR,122
2019-03-05,EDMM,Munchen FIR,36
2019-03-05,EDWW,Bremen FIR,30
2019-03-05,EETT,Tallinn FIR,0
2019-03-05,EFIN,Helsinki FIR,8
2019-03-05,EGPX,Scottish FIR,31
2019-03-05,EGTT,London FIR,242
2019-03-05,EHAA,Amsterdam FIR,49
2019-03-05,EISN,Shannon FIR,24
2019-03-05,EKDK,Copenhagen FIR,19
2019-03-05,ENOB,Bodo Oceanic FIR,0
2019-03-05,ENOR,Polaris FIR,10
2019-03-05,EPWW,Warszawa FIR,9
2019-03-05,ESAA,Sweden FIR,9
2019-03-05,EVRR,Riga FIR,1
2019-03-05,EYVL,Vilnius FIR,0
2019-03-05,GCCC,Canarias FIR,134
2019-03-05,GMMM,Casablanca FIR,0
2019-03-05,LAAA,Tirana FIR,4
2019-03-05,LBSR,Sofia FIR,7
2019-03-05,LDZO,Zagreb FIR,1
2019-03-05,LECB,Barcelona FIR,33
2019-03-05,LECM,Madrid FIR,141
2019-03-05,LFBB,Bordeaux FIR,4
2019-03-05,LFEE,Reims FIR,6
2019-03-05,LFFF,Paris FIR,93
2019-03-05,LFMM,Marseille FIR,10
2019-03-05,LFRR,Brest FIR,2
2019-03-05,LGGG,Athinai FIR,35
2019-03-05,LHCC,Budapest FIR,12
2019-03-05,LIBB,Brindisi FIR,4
2019-03-05,LIMM,Milano FIR,27
2019-03-05,LIRR,Roma FIR,41
2019-03-05,LJLA,Ljubljana FIR,0
2019-03-05,LKAA,Praha FIR,4
2019-03-05,LMMM,Malta FIR,8
2019-03-05,LOVV,Wien FIR,15
2019-03-05,LPPC,Lisboa FIR,102
2019-03-05,LPPO,Santa Maria FIR,0
2019-03-05,LQSB,Sarajevo FIR,0
2019-03-05,LRBB,Bucarest FIR,11
2019-03-05,LSAS,Switzerland FIR,33
2019-03-05,LUUU,Chisinau FIR,0
2019-03-05,LWSS,Skopje FIR,4
2019-03-05,LYBA,Beograd FIR,1
2019-03-05,LZBB,Bratislava  FIR,0
2019-03-05,UKBV,Kiev FIR,1
2019-03-05,UKDV,Dnipro FIR,0
2019-03-05,UKLV,Lvov FIR,0
2019-03-05,UKOV,Odessa FIR,0
2019-03-05,ULLL,Sankt-Peterburg FIR,1
2019-03-05,UMKK,Kaliningrad FIR,0
2019-03-05,UMMV,Minsk FIR,0
2019-03-05,UNNT,Novosibirsk FIR,0
2019-03-05,USSV,Yekaterinburg FIR,1
2019-03-05,UUWV,Moscow FIR,3
2019-03-05,UWWW,Samara FIR,0
2019-03-06,BIRD,Reykjavik FIR,4
2019-03-06,EBBU,Brussels FIR,72
2019-03-06,EDGG,Langen FIR,215
2019-03-06,EDMM,Munchen FIR,105
2019-03-06,EDWW,Bremen FIR,66
2019-03-06,EETT,Tallinn FIR,3
2019-03-06,EFIN,Helsinki FIR,19
2019-03-06,EGPX,Scottish FIR,8
2019-03-06,EGTT,London FIR,293
2019-03-06,EHAA,Amsterdam FIR,87
2019-03-06,EISN,Shannon FIR,12
2019-03-06,EKDK,Copenhagen FIR,29
2019-03-06,ENOB,Bodo Oceanic FIR,0
2019-03-06,ENOR,Polaris FIR,9
2019-03-06,EPWW,Warszawa FIR,52
2019-03-06,ESAA,Sweden FIR,36
2019-03-06,EVRR,Riga FIR,3
2019-03-06,EYVL,Vilnius FIR,3
2019-03-06,GCCC,Canarias FIR,41
2019-03-06,GMMM,Casablanca FIR,0
2019-03-06,LAAA,Tirana FIR,4
2019-03-06,LBSR,Sofia FIR,24
2019-03-06,LDZO,Zagreb FIR,4
2019-03-06,LECB,Barcelona FIR,113
2019-03-06,LECM,Madrid FIR,98
2019-03-06,LFBB,Bordeaux FIR,10
2019-03-06,LFEE,Reims FIR,35
2019-03-06,LFFF,Paris FIR,142
2019-03-06,LFMM,Marseille FIR,39
2019-03-06,LFRR,Brest FIR,1
2019-03-06,LGGG,Athinai FIR,33
2019-03-06,LHCC,Budapest FIR,39
2019-03-06,LIBB,Brindisi FIR,3
2019-03-06,LIMM,Milano FIR,124
2019-03-06,LIRR,Roma FIR,103
2019-03-06,LJLA,Ljubljana FIR,5
2019-03-06,LKAA,Praha FIR,23
2019-03-06,LMMM,Malta FIR,13
2019-03-06,LOVV,Wien FIR,78
2019-03-06,LPPC,Lisboa FIR,32
2019-03-06,LPPO,Santa Maria FIR,0
2019-03-06,LQSB,Sarajevo FIR,1
2019-03-06,LRBB,Bucarest FIR,34
2019-03-06,LSAS,Switzerland FIR,79
2019-03-06,LUUU,Chisinau FIR,0
2019-03-06,LWSS,Skopje FIR,2
2019-03-06,LYBA,Beograd FIR,8
2019-03-06,LZBB,Bratislava  FIR,3
2019-03-06,UKBV,Kiev FIR,9
2019-03-06,UKDV,Dnipro FIR,0
2019-03-06,UKLV,Lvov FIR,1
2019-03-06,UKOV,Odessa FIR,0
2019-03-06,ULLL,Sankt-Peterburg FIR,4
2019-03-06,UMKK,Kaliningrad FIR,0
2019-03-06,UMMV,Minsk FIR,0
2019-03-06,UNNT,Novosibirsk FIR,1
2019-03-06,URRV,Rostov-Na-Donu FIR,0
2019-03-06,USSV,Yekaterinburg FIR,0
2019-03-06,UUWV,Moscow FIR,30
2019-03-06,UWWW,Samara FIR,0
2019-03-07,BIRD,Reykjavik FIR,3
2019-03-07,EBBU,Brussels FIR,30
2019-03-07,EDGG,Langen FIR,137
2019-03-07,EDMM,Munchen FIR,47
2019-03-07,EDWW,Bremen FIR,26
2019-03-07,EETT,Tallinn FIR,4
2019-03-07,EFIN,Helsinki FIR,41
2019-03-07,EGPX,Scottish FIR,6
2019-03-07,EGTT,London FIR,126
2019-03-07,EHAA,Amsterdam FIR,62
2019-03-07,EISN,Shannon FIR,6
2019-03-07,EKDK,Copenhagen FIR,18
2019-03-07,ENOB,Bodo Oceanic FIR,0
2019-03-07,ENOR,Polaris FIR,18
2019-03-07,EPWW,Warszawa FIR,19
2019-03-07,ESAA,Sweden FIR,27
2019-03-07,EVRR,Riga FIR,5
2019-03-07,EYVL,Vilnius FIR,5
2019-03-07,GCCC,Canarias FIR,2
2019-03-07,GMMM,Casablanca FIR,0
2019-03-07,LAAA,Tirana FIR,0
2019-03-07,LBSR,Sofia FIR,13
2019-03-07,LDZO,Zagreb FIR,3
2019-03-07,LECB,Barcelona FIR,17
2019-03-07,LECM,Madrid FIR,28
2019-03-07,LFBB,Bordeaux FIR,0
2019-03-07,LFEE,Reims FIR,5
2019-03-07,LFFF,Paris FIR,59
2019-03-07,LFMM,Marseille FIR,9
2019-03-07,LFRR,Brest FIR,0
2019-03-07,LGGG,Athinai FIR,29
2019-03-07,LHCC,Budapest FIR,12
2019-03-07,LIBB,Brindisi FIR,1
2019-03-07,LIMM,Milano FIR,45
2019-03-07,LIRR,Roma FIR,42
2019-03-07,LJLA,Ljubljana FIR,1
2019-03-07,LKAA,Praha FIR,16
2019-03-07,LMMM,Malta FIR,1
2019-03-07,LOVV,Wien FIR,27
2019-03-07,LPPC,Lisboa FIR,10
2019-03-07,LPPO,Santa Maria FIR,1
2019-03-07,LQSB,Sarajevo FIR,0
2019-03-07,LRBB,Bucarest FIR,11
2019-03-07,LSAS,Switzerland FIR,35
2019-03-07,LUUU,Chisinau FIR,2
2019-03-07,LWSS,Skopje FIR,1
2019-03-07,LYBA,Beograd FIR,1
2019-03-07,LZBB,Bratislava  FIR,0
2019-03-07,UKBV,Kiev FIR,12
2019-03-07,UKDV,Dnipro FIR,1
2019-03-07,UKLV,Lvov FIR,0
2019-03-07,ULLL,Sankt-Peterburg FIR,8
2019-03-07,UMKK,Kaliningrad FIR,0
2019-03-07,UMMV,Minsk FIR,0
2019-03-07,UNKL,Krasnoyarsk FIR,0
2019-03-07,UNNT,Novosibirsk FIR,2
2019-03-07,URRV,Rostov-Na-Donu FIR,0
2019-03-07,USSV,Yekaterinburg FIR,0
2019-03-07,UUWV,Moscow FIR,67
2019-03-08,BIRD,Reykjavik FIR,0
2019-03-08,EBBU,Brussels FIR,21
2019-03-08,EDGG,Langen FIR,103
2019-03-08,EDMM,Munchen FIR,38
2019-03-08,EDWW,Bremen FIR,18
2019-03-08,EETT,Tallinn FIR,4
2019-03-08,EFIN,Helsinki FIR,6
2019-03-08,EGPX,Scottish FIR,5
2019-03-08,EGTT,London FIR,117
2019-03-08,EHAA,Amsterdam FIR,50
2019-03-08,EISN,Shannon FIR,3
2019-03-08,EKDK,Copenhagen FIR,19
2019-03-08,ENOB,Bodo Oceanic FIR,0
2019-03-08,ENOR,Polaris FIR,6
2019-03-08,EPWW,Warszawa FIR,18
2019-03-08,ESAA,Sweden FIR,8
2019-03-08,EVRR,Riga FIR,2
2019-03-08,EYVL,Vilnius FIR,1
2019-03-08,GCCC,Canarias FIR,14
2019-03-08,GMMM,Casablanca FIR,0
2019-03-08,LAAA,Tirana FIR,1
2019-03-08,LBSR,Sofia FIR,8
2019-03-08,LDZO,Zagreb FIR,1
2019-03-08,LECB,Barcelona FIR,14
2019-03-08,LECM,Madrid FIR,26
2019-03-08,LFBB,Bordeaux FIR,3
2019-03-08,LFEE,Reims FIR,3
2019-03-08,LFFF,Paris FIR,54
2019-03-08,LFMM,Marseille FIR,8
2019-03-08,LFRR,Brest FIR,0
2019-03-08,LGGG,Athinai FIR,52
2019-03-08,LHCC,Budapest FIR,6
2019-03-08,LIBB,Brindisi FIR,2
2019-03-08,LIMM,Milano FIR,31
2019-03-08,LIRR,Roma FIR,27
2019-03-08,LJLA,Ljubljana FIR,1
2019-03-08,LKAA,Praha FIR,9
2019-03-08,LMMM,Malta FIR,5
2019-03-08,LOVV,Wien FIR,17
2019-03-08,LPPC,Lisboa FIR,16
2019-03-08,LPPO,Santa Maria FIR,1
2019-03-08,LQSB,Sarajevo FIR,0
2019-03-08,LRBB,Bucarest FIR,23
2019-03-08,LSAS,Switzerland FIR,25
2019-03-08,LUUU,Chisinau FIR,4
2019-03-08,LWSS,Skopje FIR,4
2019-03-08,LYBA,Beograd FIR,3
2019-03-08,LZBB,Bratislava  FIR,4
2019-03-08,UKBV,Kiev FIR,10
2019-03-08,UKDV,Dnipro FIR,1
2019-03-08,UKLV,Lvov FIR,0
2019-03-08,UKOV,Odessa FIR,0
2019-03-08,ULLL,Sankt-Peterburg FIR,0
2019-03-08,UMKK,Kaliningrad FIR,0
2019-03-08,UMMV,Minsk FIR,0
2019-03-08,UNNT,Novosibirsk FIR,1
2019-03-08,URRV,Rostov-Na-Donu FIR,0
2019-03-08,USSV,Yekaterinburg FIR,1
2019-03-08,UUWV,Moscow FIR,4
2019-03-08,UWWW,Samara FIR,1
2019-03-09,BIRD,Reykjavik FIR,4
2019-03-09,EBBU,Brussels FIR,84
2019-03-09,EDGG,Langen FIR,185
2019-03-09,EDMM,Munchen FIR,57
2019-03-09,EDWW,Bremen FIR,53
2019-03-09,EETT,Tallinn FIR,1
2019-03-09,EFIN,Helsinki FIR,19
2019-03-09,EGPX,Scottish FIR,36
2019-03-09,EGTT,London FIR,374
2019-03-09,EHAA,Amsterdam FIR,102
2019-03-09,EISN,Shannon FIR,35
2019-03-09,EKDK,Copenhagen FIR,32
2019-03-09,ENOB,Bodo Oceanic FIR,0
2019-03-09,ENOR,Polaris FIR,33
2019-03-09,EPWW,Warszawa FIR,22
2019-03-09,ESAA,Sweden FIR,27
2019-03-09,EVRR,Riga FIR,2
2019-03-09,EYVL,Vilnius FIR,4
2019-03-09,GCCC,Canarias FIR,270
2019-03-09,GMMM,Casablanca FIR,0
2019-03-09,LAAA,Tirana FIR,1
2019-03-09,LBSR,Sofia FIR,4
2019-03-09,LDZO,Zagreb FIR,3
2019-03-09,LECB,Barcelona FIR,136
2019-03-09,LECM,Madrid FIR,210
2019-03-09,LFBB,Bordeaux FIR,6
2019-03-09,LFEE,Reims FIR,12
2019-03-09,LFFF,Paris FIR,178
2019-03-09,LFMM,Marseille FIR,19
2019-03-09,LFRR,Brest FIR,6
2019-03-09,LGGG,Athinai FIR,13
2019-03-09,LHCC,Budapest FIR,6
2019-03-09,LIBB,Brindisi FIR,2
2019-03-09,LIMM,Milano FIR,52
2019-03-09,LIRR,Roma FIR,54
2019-03-09,LJLA,Ljubljana FIR,0
2019-03-09,LKAA,Praha FIR,5
2019-03-09,LMMM,Malta FIR,4
2019-03-09,LOVV,Wien FIR,25
2019-03-09,LPPC,Lisboa FIR,156
2019-03-09,LPPO,Santa Maria FIR,2
2019-03-09,LQSB,Sarajevo FIR,0
2019-03-09,LRBB,Bucarest FIR,16
2019-03-09,LSAS,Switzerland FIR,46
2019-03-09,LUUU,Chisinau FIR,2
2019-03-09,LWSS,Skopje FIR,1
2019-03-09,LYBA,Beograd FIR,0
2019-03-09,LZBB,Bratislava  FIR,1
2019-03-09,UKBV,Kiev FIR,2
2019-03-09,UKDV,Dnipro FIR,0
2019-03-09,UKLV,Lvov FIR,0
2019-03-09,UKOV,Odessa FIR,0
2019-03-09,ULLL,Sankt-Peterburg FIR,2
2019-03-09,UMMV,Minsk FIR,0
2019-03-09,UNNT,Novosibirsk FIR,2
2019-03-09,URRV,Rostov-Na-Donu FIR,1
2019-03-09,USSV,Yekaterinburg FIR,0
2019-03-09,UUWV,Moscow FIR,10
2019-03-09,UWWW,Samara FIR,0
2019-03-10,BIRD,Reykjavik FIR,11
2019-03-10,EBBU,Brussels FIR,22
2019-03-10,EDGG,Langen FIR,73
2019-03-10,EDMM,Munchen FIR,27
2019-03-10,EDWW,Bremen FIR,9
2019-03-10,EETT,Tallinn FIR,0
2019-03-10,EFIN,Helsinki FIR,2
2019-03-10,EGPX,Scottish FIR,1
2019-03-10,EGTT,London FIR,98
2019-03-10,EHAA,Amsterdam FIR,45
2019-03-10,EISN,Shannon FIR,8
2019-03-10,EKDK,Copenhagen FIR,11
2019-03-10,ENOB,Bodo Oceanic FIR,0
2019-03-10,ENOR,Polaris FIR,3
2019-03-10,EPWW,Warszawa FIR,4
2019-03-10,ESAA,Sweden FIR,6
2019-03-10,EVRR,Riga FIR,1
2019-03-10,EYVL,Vilnius FIR,0
2019-03-10,GCCC,Canarias FIR,13
2019-03-10,GMMM,Casablanca FIR,0
2019-03-10,LAAA,Tirana FIR,1
2019-03-10,LBSR,Sofia FIR,4
2019-03-10,LDZO,Zagreb FIR,0
2019-03-10,LECB,Barcelona FIR,23
2019-03-10,LECM,Madrid FIR,36
2019-03-10,LFBB,Bordeaux FIR,0
2019-03-10,LFEE,Reims FIR,4
2019-03-10,LFFF,Paris FIR,59
2019-03-10,LFMM,Marseille FIR,5
2019-03-10,LFRR,Brest FIR,0
2019-03-10,LGGG,Athinai FIR,7
2019-03-10,LHCC,Budapest FIR,7
2019-03-10,LIBB,Brindisi FIR,3
2019-03-10,LIMM,Milano FIR,36
2019-03-10,LIRR,Roma FIR,28
2019-03-10,LJLA,Ljubljana FIR,0
2019-03-10,LKAA,Praha FIR,2
2019-03-10,LMMM,Malta FIR,0
2019-03-10,LOVV,Wien FIR,12
2019-03-10,LPPC,Lisboa FIR,11
2019-03-10,LPPO,Santa Maria FIR,0
2019-03-10,LQSB,Sarajevo FIR,0
2019-03-10,LRBB,Bucarest FIR,6
2019-03-10,LSAS,Switzerland FIR,24
2019-03-10,LUUU,Chisinau FIR,0
2019-03-10,LWSS,Skopje FIR,1
2019-03-10,LYBA,Beograd FIR,1
2019-03-10,LZBB,Bratislava  FIR,1
2019-03-10,UKBV,Kiev FIR,1
2019-03-10,UKDV,Dnipro FIR,0
2019-03-10,UKLV,Lvov FIR,0
2019-03-10,UKOV,Odessa FIR,0
2019-03-10,ULLL,Sankt-Peterburg FIR,0
2019-03-10,UMKK,Kaliningrad FIR,0
2019-03-10,UMMV,Minsk FIR,0
2019-03-10,UNNT,Novosibirsk FIR,1
2019-03-10,URRV,Rostov-Na-Donu FIR,0
2019-03-10,USSV,Yekaterinburg FIR,0
2019-03-10,UUWV,Moscow FIR,3
2019-03-10,UWWW,Samara FIR,0
2019-03-11,BIRD,Reykjavik FIR,4
2019-03-11,EBBU,Brussels FIR,8
2019-03-11,EDGG,Langen FIR,64
2019-03-11,EDMM,Munchen FIR,18
2019-03-11,EDWW,Bremen FIR,7
2019-03-11,EETT,Tallinn FIR,0
2019-03-11,EFIN,Helsinki FIR,3
2019-03-11,EGPX,Scottish FIR,9
2019-03-11,EGTT,London FIR,118
2019-03-11,EHAA,Amsterdam FIR,28
2019-03-11,EISN,Shannon FIR,4
2019-03-11,EKDK,Copenhagen FIR,5
2019-03-11,ENOB,Bodo Oceanic FIR,0
2019-03-11,ENOR,Polaris FIR,5
2019-03-11,EPWW,Warszawa FIR,7
2019-03-11,ESAA,Sweden FIR,1
2019-03-11,EVRR,Riga FIR,2
2019-03-11,EYVL,Vilnius FIR,1
2019-03-11,GCCC,Canarias FIR,37
2019-03-11,GMMM,Casablanca FIR,0
2019-03-11,LAAA,Tirana FIR,0
2019-03-11,LBSR,Sofia FIR,2
2019-03-11,LDZO,Zagreb FIR,2
2019-03-11,LECB,Barcelona FIR,10
2019-03-11,LECM,Madrid FIR,29
2019-03-11,LFBB,Bordeaux FIR,0
2019-03-11,LFEE,Reims FIR,0
2019-03-11,LFFF,Paris FIR,47
2019-03-11,LFMM,Marseille FIR,3
2019-03-11,LFRR,Brest FIR,0
2019-03-11,LGGG,Athinai FIR,17
2019-03-11,LHCC,Budapest FIR,3
2019-03-11,LIBB,Brindisi FIR,3
2019-03-11,LIMM,Milano FIR,26
2019-03-11,LIRR,Roma FIR,9
2019-03-11,LJLA,Ljubljana FIR,1
2019-03-11,LKAA,Praha FIR,4
2019-03-11,LMMM,Malta FIR,0
2019-03-11,LOVV,Wien FIR,4
2019-03-11,LPPC,Lisboa FIR,14
2019-03-11,LPPO,Santa Maria FIR,1
2019-03-11,LQSB,Sarajevo FIR,0
2019-03-11,LRBB,Bucarest FIR,1
2019-03-11,LSAS,Switzerland FIR,22
2019-03-11,LUUU,Chisinau FIR,0
2019-03-11,LWSS,Skopje FIR,0
2019-03-11,LYBA,Beograd FIR,0
2019-03-11,LZBB,Bratislava  FIR,0
2019-03-11,UKBV,Kiev FIR,0
2019-03-11,UKDV,Dnipro FIR,0
2019-03-11,UKLV,Lvov FIR,0
2019-03-11,UKOV,Odessa FIR,0
2019-03-11,ULLL,Sankt-Peterburg FIR,0
2019-03-11,UMKK,Kaliningrad FIR,0
2019-03-11,UMMV,Minsk FIR,0
2019-03-11,UNNT,Novosibirsk FIR,0
2019-03-11,URRV,Rostov-Na-Donu FIR,0
2019-03-11,USSV,Yekaterinburg FIR,0
2019-03-11,UUWV,Moscow FIR,1
2019-03-11,UWWW,Samara FIR,0
2019-03-12,BIRD,Reykjavik FIR,6
2019-03-12,EBBU,Brussels FIR,24
2019-03-12,EDGG,Langen FIR,66
2019-03-12,EDMM,Munchen FIR,25
2019-03-12,EDWW,Bremen FIR,17
2019-03-12,EETT,Tallinn FIR,0
2019-03-12,EFIN,Helsinki FIR,15
2019-03-12,EGPX,Scottish FIR,4
2019-03-12,EGTT,London FIR,129
2019-03-12,EHAA,Amsterdam FIR,28
2019-03-12,EISN,Shannon FIR,6
2019-03-12,EKDK,Copenhagen FIR,14
2019-03-12,ENOB,Bodo Oceanic FIR,1
2019-03-12,ENOR,Polaris FIR,8
2019-03-12,EPWW,Warszawa FIR,6
2019-03-12,ESAA,Sweden FIR,5
2019-03-12,EVRR,Riga FIR,1
2019-03-12,EYVL,Vilnius FIR,1
2019-03-12,GCCC,Canarias FIR,22
2019-03-12,GMMM,Casablanca FIR,0
2019-03-12,LAAA,Tirana FIR,1
2019-03-12,LBSR,Sofia FIR,1
2019-03-12,LDZO,Zagreb FIR,1
2019-03-12,LECB,Barcelona FIR,21
2019-03-12,LECM,Madrid FIR,60
2019-03-12,LFBB,Bordeaux FIR,4
2019-03-12,LFEE,Reims FIR,2
2019-03-12,LFFF,Paris FIR,65
2019-03-12,LFMM,Marseille FIR,4
2019-03-12,LFRR,Brest FIR,0
2019-03-12,LGGG,Athinai FIR,7
2019-03-12,LHCC,Budapest FIR,4
2019-03-12,LIBB,Brindisi FIR,0
2019-03-12,LIMM,Milano FIR,15
2019-03-12,LIRR,Roma FIR,20
2019-03-12,LJLA,Ljubljana FIR,0
2019-03-12,LKAA,Praha FIR,2
2019-03-12,LMMM,Malta FIR,0
2019-03-12,LOVV,Wien FIR,7
2019-03-12,LPPC,Lisboa FIR,20
2019-03-12,LPPO,Santa Maria FIR,1
2019-03-12,LQSB,Sarajevo FIR,0
2019-03-12,LRBB,Bucarest FIR,5
2019-03-12,LSAS,Switzerland FIR,20
2019-03-12,LUUU,Chisinau FIR,1
2019-03-12,LWSS,Skopje FIR,1
2019-03-12,LYBA,Beograd FIR,0
2019-03-12,LZBB,Bratislava  FIR,0
2019-03-12,UKBV,Kiev FIR,0
2019-03-12,UKDV,Dnipro FIR,0
2019-03-12,UKLV,Lvov FIR,0
2019-03-12,UKOV,Odessa FIR,0
2019-03-12,ULLL,Sankt-Peterburg FIR,1
2019-03-12,UMKK,Kaliningrad FIR,0
2019-03-12,UMMV,Minsk FIR,0
2019-03-12,UNNT,Novosibirsk FIR,0
2019-03-12,USSV,Yekaterinburg FIR,0
2019-03-12,UUWV,Moscow FIR,3
2019-03-12,UWWW,Samara FIR,0
2019-03-13,BIRD,Reykjavik FIR,1
2019-03-13,EBBU,Brussels FIR,23
2019-03-13,EDGG,Langen FIR,108
2019-03-13,EDMM,Munchen FIR,34
2019-03-13,EDWW,Bremen FIR,12
2019-03-13,EETT,Tallinn FIR,6
2019-03-13,EFIN,Helsinki FIR,29
2019-03-13,EGPX,Scottish FIR,2
2019-03-13,EGTT,London FIR,163
2019-03-13,EHAA,Amsterdam FIR,46
2019-03-13,EISN,Shannon FIR,22
2019-03-13,EKDK,Copenhagen FIR,11
2019-03-13,ENOB,Bodo Oceanic FIR,0
2019-03-13,ENOR,Polaris FIR,19
2019-03-13,EPWW,Warszawa FIR,17
2019-03-13,ESAA,Sweden FIR,21
2019-03-13,EVRR,Riga FIR,2
2019-03-13,EYVL,Vilnius FIR,3
2019-03-13,GCCC,Canarias FIR,11
2019-03-13,GMMM,Casablanca FIR,0
2019-03-13,LAAA,Tirana FIR,0
2019-03-13,LBSR,Sofia FIR,9
2019-03-13,LDZO,Zagreb FIR,1
2019-03-13,LECB,Barcelona FIR,13
2019-03-13,LECM,Madrid FIR,32
2019-03-13,LFBB,Bordeaux FIR,0
2019-03-13,LFEE,Reims FIR,0
2019-03-13,LFFF,Paris FIR,64
2019-03-13,LFMM,Marseille FIR,1
2019-03-13,LFRR,Brest FIR,0
2019-03-13,LGGG,Athinai FIR,18
2019-03-13,LHCC,Budapest FIR,2
2019-03-13,LIBB,Brindisi FIR,1
2019-03-13,LIMM,Milano FIR,34
2019-03-13,LIRR,Roma FIR,26
2019-03-13,LJLA,Ljubljana FIR,1
2019-03-13,LKAA,Praha FIR,11
2019-03-13,LMMM,Malta FIR,0
2019-03-13,LOVV,Wien FIR,14
2019-03-13,LPPC,Lisboa FIR,8
2019-03-13,LPPO,Santa Maria FIR,0
2019-03-13,LQSB,Sarajevo FIR,0
2019-03-13,LRBB,Bucarest FIR,16
2019-03-13,LSAS,Switzerland FIR,32
2019-03-13,LUUU,Chisinau FIR,1
2019-03-13,LWSS,Skopje FIR,3
2019-03-13,LYBA,Beograd FIR,0
2019-03-13,LZBB,Bratislava  FIR,2
2019-03-13,UKBV,Kiev FIR,4
2019-03-13,UKDV,Dnipro FIR,2
2019-03-13,UKLV,Lvov FIR,0
2019-03-13,UKOV,Odessa FIR,0
2019-03-13,ULLL,Sankt-Peterburg FIR,6
2019-03-13,UMKK,Kaliningrad FIR,0
2019-03-13,UMMV,Minsk FIR,1
2019-03-13,URRV,Rostov-Na-Donu FIR,0
2019-03-13,USSV,Yekaterinburg FIR,0
2019-03-13,UUWV,Moscow FIR,48
2019-03-13,UWWW,Samara FIR,0
2019-03-14,BIRD,Reykjavik FIR,4
2019-03-14,EBBU,Brussels FIR,21
2019-03-14,EDGG,Langen FIR,79
2019-03-14,EDMM,Munchen FIR,25
2019-03-14,EDWW,Bremen FIR,4
2019-03-14,EETT,Tallinn FIR,1
2019-03-14,EFIN,Helsinki FIR,19
2019-03-14,EGPX,Scottish FIR,11
2019-03-14,EGTT,London FIR,195
2019-03-14,EHAA,Amsterdam FIR,41
2019-03-14,EISN,Shannon FIR,25
2019-03-14,EKDK,Copenhagen FIR,12
2019-03-14,ENOB,Bodo Oceanic FIR,0
2019-03-14,ENOR,Polaris FIR,6
2019-03-14,EPWW,Warszawa FIR,3
2019-03-14,ESAA,Sweden FIR,8
2019-03-14,EVRR,Riga FIR,3
2019-03-14,EYVL,Vilnius FIR,3
2019-03-14,GCCC,Canarias FIR,21
2019-03-14,GMMM,Casablanca FIR,0
2019-03-14,LAAA,Tirana FIR,0
2019-03-14,LBSR,Sofia FIR,1
2019-03-14,LDZO,Zagreb FIR,1
2019-03-14,LECB,Barcelona FIR,32
2019-03-14,LECM,Madrid FIR,34
2019-03-14,LFBB,Bordeaux FIR,1
2019-03-14,LFEE,Reims FIR,4
2019-03-14,LFFF,Paris FIR,71
2019-03-14,LFMM,Marseille FIR,7
2019-03-14,LFRR,Brest FIR,0
2019-03-14,LGGG,Athinai FIR,5
2019-03-14,LHCC,Budapest FIR,2
2019-03-14,LIBB,Brindisi FIR,1
2019-03-14,LIMM,Milano FIR,22
2019-03-14,LIRR,Roma FIR,16
2019-03-14,LJLA,Ljubljana FIR,1
2019-03-14,LKAA,Praha FIR,4
2019-03-14,LMMM,Malta FIR,0
2019-03-14,LOVV,Wien FIR,2
2019-03-14,LPPC,Lisboa FIR,21
2019-03-14,LPPO,Santa Maria FIR,0
2019-03-14,LQSB,Sarajevo FIR,0
2019-03-14,LRBB,Bucarest FIR,1
2019-03-14,LSAS,Switzerland FIR,34
2019-03-14,LUUU,Chisinau FIR,0
2019-03-14,LWSS,Skopje FIR,0
2019-03-14,LYBA,Beograd FIR,0
2019-03-14,LZBB,Bratislava  FIR,0
2019-03-14,UKBV,Kiev FIR,0
2019-03-14,UKDV,Dnipro FIR,0
2019-03-14,UKLV,Lvov FIR,0
2019-03-14,UKOV,Odessa FIR,0
2019-03-14,ULLL,Sankt-Peterburg FIR,0
2019-03-14,UMKK,Kaliningrad FIR,0
2019-03-14,UMMV,Minsk FIR,0
2019-03-14,UNNT,Novosibirsk FIR,2
2019-03-14,URRV,Rostov-Na-Donu FIR,0
2019-03-14,USSV,Yekaterinburg FIR,0
2019-03-14,UUWV,Moscow FIR,51
2019-03-15,BIRD,Reykjavik FIR,7
2019-03-15,EBBU,Brussels FIR,34
2019-03-15,EDGG,Langen FIR,141
2019-03-15,EDMM,Munchen FIR,52
2019-03-15,EDWW,Bremen FIR,49
2019-03-15,EETT,Tallinn FIR,1
2019-03-15,EFIN,Helsinki FIR,22
2019-03-15,EGPX,Scottish FIR,61
2019-03-15,EGTT,London FIR,422
2019-03-15,EHAA,Amsterdam FIR,65
2019-03-15,EISN,Shannon FIR,85
2019-03-15,EKDK,Copenhagen FIR,29
2019-03-15,ENOB,Bodo Oceanic FIR,0
2019-03-15,ENOR,Polaris FIR,22
2019-03-15,EPWW,Warszawa FIR,45
2019-03-15,ESAA,Sweden FIR,24
2019-03-15,EVRR,Riga FIR,4
2019-03-15,EYVL,Vilnius FIR,3
2019-03-15,GCCC,Canarias FIR,54
2019-03-15,GMMM,Casablanca FIR,0
2019-03-15,LAAA,Tirana FIR,0
2019-03-15,LBSR,Sofia FIR,8
2019-03-15,LDZO,Zagreb FIR,1
2019-03-15,LECB,Barcelona FIR,43
2019-03-15,LECM,Madrid FIR,53
2019-03-15,LFBB,Bordeaux FIR,5
2019-03-15,LFEE,Reims FIR,4
2019-03-15,LFFF,Paris FIR,124
2019-03-15,LFMM,Marseille FIR,10
2019-03-15,LFRR,Brest FIR,2
2019-03-15,LGGG,Athinai FIR,10
2019-03-15,LHCC,Budapest FIR,18
2019-03-15,LIBB,Brindisi FIR,1
2019-03-15,LIMM,Milano FIR,37
2019-03-15,LIRR,Roma FIR,17
2019-03-15,LJLA,Ljubljana FIR,0
2019-03-15,LKAA,Praha FIR,19
2019-03-15,LMMM,Malta FIR,2
2019-03-15,LOVV,Wien FIR,16
2019-03-15,LPPC,Lisboa FIR,32
2019-03-15,LPPO,Santa Maria FIR,0
2019-03-15,LQSB,Sarajevo FIR,0
2019-03-15,LRBB,Bucarest FIR,16
2019-03-15,LSAS,Switzerland FIR,41
2019-03-15,LUUU,Chisinau FIR,1
2019-03-15,LWSS,Skopje FIR,0
2019-03-15,LYBA,Beograd FIR,0
2019-03-15,LZBB,Bratislava  FIR,4
2019-03-15,UKBV,Kiev FIR,3
2019-03-15,UKDV,Dnipro FIR,0
2019-03-15,UKLV,Lvov FIR,0
2019-03-15,UKOV,Odessa FIR,0
2019-03-15,ULLL,Sankt-Peterburg FIR,2
2019-03-15,UMKK,Kaliningrad FIR,0
2019-03-15,UMMV,Minsk FIR,0
2019-03-15,UNNT,Novosibirsk FIR,0
2019-03-15,URRV,Rostov-Na-Donu FIR,0
2019-03-15,USSV,Yekaterinburg FIR,0
2019-03-15,UUWV,Moscow FIR,18
2019-03-15,UWWW,Samara FIR,0
2019-03-16,BIRD,Reykjavik FIR,8
2019-03-16,EBBU,Brussels FIR,21
2019-03-16,EDGG,Langen FIR,94
2019-03-16,EDMM,Munchen FIR,45
2019-03-16,EDWW,Bremen FIR,19
2019-03-16,EETT,Tallinn FIR,0
2019-03-16,EFIN,Helsinki FIR,14
2019-03-16,EGPX,Scottish FIR,27
2019-03-16,EGTT,London FIR,215
2019-03-16,EHAA,Amsterdam FIR,48
2019-03-16,EISN,Shannon FIR,18
2019-03-16,EKDK,Copenhagen FIR,20
2019-03-16,ENOB,Bodo Oceanic FIR,0
2019-03-16,ENOR,Polaris FIR,14
2019-03-16,EPWW,Warszawa FIR,18
2019-03-16,ESAA,Sweden FIR,12
2019-03-16,EVRR,Riga FIR,2
2019-03-16,EYVL,Vilnius FIR,1
2019-03-16,GCCC,Canarias FIR,58
2019-03-16,GMMM,Casablanca FIR,0
2019-03-16,LAAA,Tirana FIR,0
2019-03-16,LBSR,Sofia FIR,4
2019-03-16,LDZO,Zagreb FIR,1
2019-03-16,LECB,Barcelona FIR,15
2019-03-16,LECM,Madrid FIR,45
2019-03-16,LFBB,Bordeaux FIR,2
2019-03-16,LFEE,Reims FIR,3
2019-03-16,LFFF,Paris FIR,64
2019-03-16,LFMM,Marseille FIR,2
2019-03-16,LFRR,Brest FIR,0
2019-03-16,LGGG,Athinai FIR,6
2019-03-16,LHCC,Budapest FIR,5
2019-03-16,LIBB,Brindisi FIR,0
2019-03-16,LIMM,Milano FIR,10
2019-03-16,LIRR,Roma FIR,10
2019-03-16,LJLA,Ljubljana FIR,0
2019-03-16,LKAA,Praha FIR,10
2019-03-16,LMMM,Malta FIR,1
2019-03-16,LOVV,Wien FIR,19
2019-03-16,LPPC,Lisboa FIR,13
2019-03-16,LPPO,Santa Maria FIR,0
2019-03-16,LQSB,Sarajevo FIR,0
2019-03-16,LRBB,Bucarest FIR,22
2019-03-16,LSAS,Switzerland FIR,11
2019-03-16,LUUU,Chisinau FIR,2
2019-03-16,LWSS,Skopje FIR,1
2019-03-16,LYBA,Beograd FIR,0
2019-03-16,LZBB,Bratislava  FIR,2
2019-03-16,UKBV,Kiev FIR,2
2019-03-16,UKDV,Dnipro FIR,0
2019-03-16,UKLV,Lvov FIR,0
2019-03-16,ULLL,Sankt-Peterburg FIR,1
2019-03-16,UMMV,Minsk FIR,0
2019-03-16,UNNT,Novosibirsk FIR,0
2019-03-16,URRV,Rostov-Na-Donu FIR,0
2019-03-16,USSV,Yekaterinburg FIR,0
2019-03-16,UUWV,Moscow FIR,7
2019-03-16,UWWW,Samara FIR,0
2019-03-17,BIRD,Reykjavik FIR,3
2019-03-17,EBBU,Brussels FIR,16
2019-03-17,EDGG,Langen FIR,101
2019-03-17,EDMM,Munchen FIR,34
2019-03-17,EDWW,Bremen FIR,40
2019-03-17,EETT,Tallinn FIR,2
2019-03-17,EFIN,Helsinki FIR,37
2019-03-17,EGPX,Scottish FIR,7
2019-03-17,EGTT,London FIR,130
2019-03-17,EHAA,Amsterdam FIR,36
2019-03-17,EISN,Shannon FIR,8
2019-03-17,EKDK,Copenhagen FIR,23
2019-03-17,ENOB,Bodo Oceanic FIR,0
2019-03-17,ENOR,Polaris FIR,9
2019-03-17,EPWW,Warszawa FIR,59
2019-03-17,ESAA,Sweden FIR,30
2019-03-17,EVRR,Riga FIR,5
2019-03-17,EYVL,Vilnius FIR,13
2019-03-17,GCCC,Canarias FIR,6
2019-03-17,GMMM,Casablanca FIR,0
2019-03-17,LAAA,Tirana FIR,0
2019-03-17,LBSR,Sofia FIR,3
2019-03-17,LDZO,Zagreb FIR,0
2019-03-17,LECB,Barcelona FIR,10
2019-03-17,LECM,Madrid FIR,30
2019-03-17,LFBB,Bordeaux FIR,0
2019-03-17,LFEE,Reims FIR,2
2019-03-17,LFFF,Paris FIR,64
2019-03-17,LFMM,Marseille FIR,5
2019-03-17,LFRR,Brest FIR,0
2019-03-17,LGGG,Athinai FIR,3
2019-03-17,LHCC,Budapest FIR,10
2019-03-17,LIBB,Brindisi FIR,0
2019-03-17,LIMM,Milano FIR,16
2019-03-17,LIRR,Roma FIR,20
2019-03-17,LJLA,Ljubljana FIR,0
2019-03-17,LKAA,Praha FIR,10
2019-03-17,LMMM,Malta FIR,1
2019-03-17,LOVV,Wien FIR,16
2019-03-17,LPPC,Lisboa FIR,11
2019-03-17,LPPO,Santa Maria FIR,1
2019-03-17,LQSB,Sarajevo FIR,1
2019-03-17,LRBB,Bucarest FIR,4
2019-03-17,LSAS,Switzerland FIR,12
2019-03-17,LUUU,Chisinau FIR,4
2019-03-17,LWSS,Skopje FIR,1
2019-03-17,LYBA,Beograd FIR,1
2019-03-17,LZBB,Bratislava  FIR,0
2019-03-17,UKBV,Kiev FIR,13
2019-03-17,UKDV,Dnipro FIR,2
2019-03-17,UKLV,Lvov FIR,0
2019-03-17,UKOV,Odessa FIR,0
2019-03-17,ULLL,Sankt-Peterburg FIR,6
2019-03-17,UMKK,Kaliningrad FIR,0
2019-03-17,UMMV,Minsk FIR,0
2019-03-17,UNNT,Novosibirsk FIR,3
2019-03-17,URRV,Rostov-Na-Donu FIR,0
2019-03-17,USSV,Yekaterinburg FIR,0
2019-03-17,UUWV,Moscow FIR,59
2019-03-18,BIRD,Reykjavik FIR,1
2019-03-18,EBBU,Brussels FIR,8
2019-03-18,EDGG,Langen FIR,56
2019-03-18,EDMM,Munchen FIR,27
2019-03-18,EDWW,Bremen FIR,3
2019-03-18,EETT,Tallinn FIR,4
2019-03-18,EFIN,Helsinki FIR,13
2019-03-18,EGPX,Scottish FIR,0
2019-03-18,EGTT,London FIR,85
2019-03-18,EHAA,Amsterdam FIR,38
2019-03-18,EISN,Shannon FIR,12
2019-03-18,EKDK,Copenhagen FIR,6
2019-03-18,ENOB,Bodo Oceanic FIR,0
2019-03-18,ENOR,Polaris FIR,2
2019-03-18,EPWW,Warszawa FIR,11
2019-03-18,ESAA,Sweden FIR,4
2019-03-18,EVRR,Riga FIR,2
2019-03-18,EYVL,Vilnius FIR,0
2019-03-18,GCCC,Canarias FIR,3
2019-03-18,GMMM,Casablanca FIR,0
2019-03-18,LAAA,Tirana FIR,0
2019-03-18,LBSR,Sofia FIR,1
2019-03-18,LDZO,Zagreb FIR,0
2019-03-18,LECB,Barcelona FIR,3
2019-03-18,LECM,Madrid FIR,18
2019-03-18,LFBB,Bordeaux FIR,0
2019-03-18,LFEE,Reims FIR,0
2019-03-18,LFFF,Paris FIR,39
2019-03-18,LFMM,Marseille FIR,0
2019-03-18,LFRR,Brest FIR,0
2019-03-18,LGGG,Athinai FIR,1
2019-03-18,LHCC,Budapest FIR,2
2019-03-18,LIBB,Brindisi FIR,0
2019-03-18,LIMM,Milano FIR,10
2019-03-18,LIRR,Roma FIR,11
2019-03-18,LJLA,Ljubljana FIR,0
2019-03-18,LKAA,Praha FIR,1
2019-03-18,LMMM,Malta FIR,0
2019-03-18,LOVV,Wien FIR,6
2019-03-18,LPPC,Lisboa FIR,8
2019-03-18,LPPO,Santa Maria FIR,0
2019-03-18,LQSB,Sarajevo FIR,0
2019-03-18,LRBB,Bucarest FIR,1
2019-03-18,LSAS,Switzerland FIR,18
2019-03-18,LUUU,Chisinau FIR,0
2019-03-18,LWSS,Skopje FIR,0
2019-03-18,LYBA,Beograd FIR,0
2019-03-18,LZBB,Bratislava  FIR,0
2019-03-18,UKBV,Kiev FIR,2
2019-03-18,UKDV,Dnipro FIR,0
2019-03-18,UKLV,Lvov FIR,0
2019-03-18,UKOV,Odessa FIR,0
2019-03-18,ULLL,Sankt-Peterburg FIR,0
2019-03-18,UMKK,Kaliningrad FIR,0
2019-03-18,UMMV,Minsk FIR,0
2019-03-18,UNNT,Novosibirsk FIR,2
2019-03-18,URRV,Rostov-Na-Donu FIR,0
2019-03-18,USSV,Yekaterinburg FIR,0
2019-03-18,UUWV,Moscow FIR,25
2019-03-18,UWWW,Samara FIR,0
2019-03-19,BIRD,Reykjavik FIR,6
2019-03-19,EBBU,Brussels FIR,13
2019-03-19,EDGG,Langen FIR,53
2019-03-19,EDMM,Munchen FIR,24
2019-03-19,EDWW,Bremen FIR,0
2019-03-19,EETT,Tallinn FIR,0
2019-03-19,EFIN,Helsinki FIR,15
2019-03-19,EGPX,Scottish FIR,5
2019-03-19,EGTT,London FIR,94
2019-03-19,EHAA,Amsterdam FIR,25
2019-03-19,EISN,Shannon FIR,13
2019-03-19,EKDK,Copenhagen FIR,1
2019-03-19,ENOB,Bodo Oceanic FIR,0
2019-03-19,ENOR,Polaris FIR,4
2019-03-19,EPWW,Warszawa FIR,2
2019-03-19,ESAA,Sweden FIR,1
2019-03-19,EVRR,Riga FIR,0
2019-03-19,EYVL,Vilnius FIR,0
2019-03-19,GCCC,Canarias FIR,9
2019-03-19,GMMM,Casablanca FIR,0
2019-03-19,LAAA,Tirana FIR,0
2019-03-19,LBSR,Sofia FIR,0
2019-03-19,LDZO,Zagreb FIR,0
2019-03-19,LECB,Barcelona FIR,2
2019-03-19,LECM,Madrid FIR,13
2019-03-19,LFBB,Bordeaux FIR,0
2019-03-19,LFEE,Reims FIR,0
2019-03-19,LFFF,Paris FIR,35
2019-03-19,LFMM,Marseille FIR,0
2019-03-19,LFRR,Brest FIR,0
2019-03-19,LGGG,Athinai FIR,1
2019-03-19,LHCC,Budapest FIR,0
2019-03-19,LIBB,Brindisi FIR,0
2019-03-19,LIMM,Milano FIR,4
2019-03-19,LIRR,Roma FIR,10
2019-03-19,LJLA,Ljubljana FIR,0
2019-03-19,LKAA,Praha FIR,2
2019-03-19,LMMM,Malta FIR,0
2019-03-19,LOVV,Wien FIR,9
2019-03-19,LPPC,Lisboa FIR,4
2019-03-19,LPPO,Santa Maria FIR,0
2019-03-19,LQSB,Sarajevo FIR,0
2019-03-19,LRBB,Bucarest FIR,1
2019-03-19,LSAS,Switzerland FIR,18
2019-03-19,LUUU,Chisinau FIR,0
2019-03-19,LWSS,Skopje FIR,0
2019-03-19,LYBA,Beograd FIR,0
2019-03-19,LZBB,Bratislava  FIR,0
2019-03-19,UKBV,Kiev FIR,0
2019-03-19,UKDV,Dnipro FIR,0
2019-03-19,UKLV,Lvov FIR,0
2019-03-19,ULLL,Sankt-Peterburg FIR,0
2019-03-19,UMKK,Kaliningrad FIR,0
2019-03-19,UMMV,Minsk FIR,0
2019-03-19,UNNT,Novosibirsk FIR,0
2019-03-19,USSV,Yekaterinburg FIR,1
2019-03-19,UUWV,Moscow FIR,1
2019-03-19,UWWW,Samara FIR,0
2019-03-20,BIRD,Reykjavik FIR,8
2019-03-20,EBBU,Brussels FIR,23
2019-03-20,EDGG,Langen FIR,78
2019-03-20,EDMM,Munchen FIR,29
2019-03-20,EDWW,Bremen FIR,9
2019-03-20,EETT,Tallinn FIR,3
2019-03-20,EFIN,Helsinki FIR,41
2019-03-20,EGPX,Scottish FIR,11
2019-03-20,EGTT,London FIR,125
2019-03-20,EHAA,Amsterdam FIR,62
2019-03-20,EISN,Shannon FIR,25
2019-03-20,EKDK,Copenhagen FIR,40
2019-03-20,ENOB,Bodo Oceanic FIR,0
2019-03-20,ENOR,Polaris FIR,26
2019-03-20,EPWW,Warszawa FIR,24
2019-03-20,ESAA,Sweden FIR,47
2019-03-20,EVRR,Riga FIR,5
2019-03-20,EYVL,Vilnius FIR,4
2019-03-20,GCCC,Canarias FIR,21
2019-03-20,GMMM,Casablanca FIR,0
2019-03-20,LAAA,Tirana FIR,0
2019-03-20,LBSR,Sofia FIR,0
2019-03-20,LDZO,Zagreb FIR,0
2019-03-20,LECB,Barcelona FIR,18
2019-03-20,LECM,Madrid FIR,24
2019-03-20,LFBB,Bordeaux FIR,1
2019-03-20,LFEE,Reims FIR,0
2019-03-20,LFFF,Paris FIR,57
2019-03-20,LFMM,Marseille FIR,0
2019-03-20,LFRR,Brest FIR,0
2019-03-20,LGGG,Athinai FIR,9
2019-03-20,LHCC,Budapest FIR,3
2019-03-20,LIBB,Brindisi FIR,0
2019-03-20,LIMM,Milano FIR,9
2019-03-20,LIRR,Roma FIR,7
2019-03-20,LJLA,Ljubljana FIR,0
2019-03-20,LKAA,Praha FIR,5
2019-03-20,LMMM,Malta FIR,0
2019-03-20,LOVV,Wien FIR,15
2019-03-20,LPPC,Lisboa FIR,5
2019-03-20,LPPO,Santa Maria FIR,0
2019-03-20,LQSB,Sarajevo FIR,0
2019-03-20,LRBB,Bucarest FIR,1
2019-03-20,LSAS,Switzerland FIR,6
2019-03-20,LUUU,Chisinau FIR,0
2019-03-20,LWSS,Skopje FIR,0
2019-03-20,LYBA,Beograd FIR,0
2019-03-20,LZBB,Bratislava  FIR,2
2019-03-20,UKBV,Kiev FIR,0
2019-03-20,UKDV,Dnipro FIR,0
2019-03-20,UKLV,Lvov FIR,0
2019-03-20,UKOV,Odessa FIR,0
2019-03-20,ULLL,Sankt-Peterburg FIR,1
2019-03-20,UMKK,Kaliningrad FIR,0
2019-03-20,UMMV,Minsk FIR,0
2019-03-20,UNNT,Novosibirsk FIR,1
2019-03-20,URRV,Rostov-Na-Donu FIR,0
2019-03-20,USSV,Yekaterinburg FIR,0
2019-03-20,UUWV,Moscow FIR,7
2019-03-20,UWWW,Samara FIR,0
2019-03-21,BIRD,Reykjavik FIR,4
2019-03-21,EBBU,Brussels FIR,13
2019-03-21,EDGG,Langen FIR,52
2019-03-21,EDMM,Munchen FIR,24
2019-03-21,EDWW,Bremen FIR,8
2019-03-21,EETT,Tallinn FIR,0
2019-03-21,EFIN,Helsinki FIR,2
2019-03-21,EGPX,Scottish FIR,18
2019-03-21,EGTT,London FIR,128
2019-03-21,EHAA,Amsterdam FIR,27
2019-03-21,EISN,Shannon FIR,16
2019-03-21,EKDK,Copenhagen FIR,8
2019-03-21,ENOB,Bodo Oceanic FIR,0
2019-03-21,ENOR,Polaris FIR,6
2019-03-21,EPWW,Warszawa FIR,11
2019-03-21,ESAA,Sweden FIR,8
2019-03-21,EVRR,Riga FIR,0
2019-03-21,EYVL,Vilnius FIR,0
2019-03-21,GCCC,Canarias FIR,8
2019-03-21,GMMM,Casablanca FIR,0
2019-03-21,LAAA,Tirana FIR,0
2019-03-21,LBSR,Sofia FIR,2
2019-03-21,LDZO,Zagreb FIR,0
2019-03-21,LECB,Barcelona FIR,5
2019-03-21,LECM,Madrid FIR,21
2019-03-21,LFBB,Bordeaux FIR,0
2019-03-21,LFEE,Reims FIR,0
2019-03-21,LFFF,Paris FIR,35
2019-03-21,LFMM,Marseille FIR,2
2019-03-21,LFRR,Brest FIR,0
2019-03-21,LGGG,Athinai FIR,1
2019-03-21,LHCC,Budapest FIR,2
2019-03-21,LIBB,Brindisi FIR,0
2019-03-21,LIMM,Milano FIR,10
2019-03-21,LIRR,Roma FIR,11
2019-03-21,LJLA,Ljubljana FIR,0
2019-03-21,LKAA,Praha FIR,1
2019-03-21,LMMM,Malta FIR,0
2019-03-21,LOVV,Wien FIR,5
2019-03-21,LPPC,Lisboa FIR,19
2019-03-21,LPPO,Santa Maria FIR,0
2019-03-21,LQSB,Sarajevo FIR,0
2019-03-21,LRBB,Bucarest FIR,8
2019-03-21,LSAS,Switzerland FIR,12
2019-03-21,LUUU,Chisinau FIR,1
2019-03-21,LWSS,Skopje FIR,0
2019-03-21,LYBA,Beograd FIR,0
2019-03-21,LZBB,Bratislava  FIR,0
2019-03-21,UKBV,Kiev FIR,1
2019-03-21,UKDV,Dnipro FIR,0
2019-03-21,UKLV,Lvov FIR,0
2019-03-21,UKOV,Odessa FIR,0
2019-03-21,ULLL,Sankt-Peterburg FIR,0
2019-03-21,UMKK,Kaliningrad FIR,0
2019-03-21,UMMV,Minsk FIR,0
2019-03-21,UNKL,Krasnoyarsk FIR,0
2019-03-21,UNNT,Novosibirsk FIR,1
2019-03-21,URRV,Rostov-Na-Donu FIR,0
2019-03-21,USSV,Yekaterinburg FIR,0
2019-03-21,UUWV,Moscow FIR,7
2019-03-21,UWWW,Samara FIR,0
2019-03-22,BIRD,Reykjavik FIR,7
2019-03-22,EBBU,Brussels FIR,7
2019-03-22,EDGG,Langen FIR,51
2019-03-22,EDMM,Munchen FIR,16
2019-03-22,EDWW,Bremen FIR,2
2019-03-22,EETT,Tallinn FIR,1
2019-03-22,EFIN,Helsinki FIR,6
2019-03-22,EGPX,Scottish FIR,15
2019-03-22,EGTT,London FIR,75
2019-03-22,EHAA,Amsterdam FIR,22
2019-03-22,EISN,Shannon FIR,17
2019-03-22,EKDK,Copenhagen FIR,14
2019-03-22,ENOB,Bodo Oceanic FIR,0
2019-03-22,ENOR,Polaris FIR,23
2019-03-22,EPWW,Warszawa FIR,9
2019-03-22,ESAA,Sweden FIR,9
2019-03-22,EVRR,Riga FIR,0
2019-03-22,EYVL,Vilnius FIR,0
2019-03-22,GCCC,Canarias FIR,28
2019-03-22,GMMM,Casablanca FIR,0
2019-03-22,LAAA,Tirana FIR,0
2019-03-22,LBSR,Sofia FIR,2
2019-03-22,LDZO,Zagreb FIR,0
2019-03-22,LECB,Barcelona FIR,11
2019-03-22,LECM,Madrid FIR,25
2019-03-22,LFBB,Bordeaux FIR,0
2019-03-22,LFEE,Reims FIR,6
2019-03-22,LFFF,Paris FIR,47
2019-03-22,LFMM,Marseille FIR,1
2019-03-22,LFRR,Brest FIR,0
2019-03-22,LGGG,Athinai FIR,3
2019-03-22,LHCC,Budapest FIR,4
2019-03-22,LIBB,Brindisi FIR,0
2019-03-22,LIMM,Milano FIR,15
2019-03-22,LIRR,Roma FIR,9
2019-03-22,LJLA,Ljubljana FIR,0
2019-03-22,LKAA,Praha FIR,4
2019-03-22,LMMM,Malta FIR,1
2019-03-22,LOVV,Wien FIR,4
2019-03-22,LPPC,Lisboa FIR,19
2019-03-22,LPPO,Santa Maria FIR,3
2019-03-22,LQSB,Sarajevo FIR,0
2019-03-22,LRBB,Bucarest FIR,3
2019-03-22,LSAS,Switzerland FIR,13
2019-03-22,LUUU,Chisinau FIR,1
2019-03-22,LWSS,Skopje FIR,0
2019-03-22,LYBA,Beograd FIR,0
2019-03-22,LZBB,Bratislava  FIR,0
2019-03-22,UKBV,Kiev FIR,0
2019-03-22,UKDV,Dnipro FIR,0
2019-03-22,UKLV,Lvov FIR,0
2019-03-22,UKOV,Odessa FIR,0
2019-03-22,ULLL,Sankt-Peterburg FIR,0
2019-03-22,UMKK,Kaliningrad FIR,0
2019-03-22,UMMV,Minsk FIR,0
2019-03-22,UNNT,Novosibirsk FIR,0
2019-03-22,URRV,Rostov-Na-Donu FIR,0
2019-03-22,USSV,Yekaterinburg FIR,0
2019-03-22,UUWV,Moscow FIR,20
2019-03-22,UWWW,Samara FIR,0
2019-03-23,BIRD,Reykjavik FIR,2
2019-03-23,EBBU,Brussels FIR,18
2019-03-23,EDGG,Langen FIR,84
2019-03-23,EDMM,Munchen FIR,34
2019-03-23,EDWW,Bremen FIR,29
2019-03-23,EETT,Tallinn FIR,2
2019-03-23,EFIN,Helsinki FIR,35
2019-03-23,EGPX,Scottish FIR,15
2019-03-23,EGTT,London FIR,239
2019-03-23,EHAA,Amsterdam FIR,30
2019-03-23,EISN,Shannon FIR,25
2019-03-23,EKDK,Copenhagen FIR,32
2019-03-23,ENOB,Bodo Oceanic FIR,0
2019-03-23,ENOR,Polaris FIR,19
2019-03-23,EPWW,Warszawa FIR,34
2019-03-23,ESAA,Sweden FIR,44
2019-03-23,EVRR,Riga FIR,3
2019-03-23,EYVL,Vilnius FIR,7
2019-03-23,GCCC,Canarias FIR,85
2019-03-23,GMMM,Casablanca FIR,0
2019-03-23,LAAA,Tirana FIR,0
2019-03-23,LBSR,Sofia FIR,3
2019-03-23,LDZO,Zagreb FIR,0
2019-03-23,LECB,Barcelona FIR,38
2019-03-23,LECM,Madrid FIR,38
2019-03-23,LFBB,Bordeaux FIR,2
2019-03-23,LFEE,Reims FIR,2
2019-03-23,LFFF,Paris FIR,83
2019-03-23,LFMM,Marseille FIR,9
2019-03-23,LFRR,Brest FIR,0
2019-03-23,LGGG,Athinai FIR,3
2019-03-23,LHCC,Budapest FIR,7
2019-03-23,LIBB,Brindisi FIR,0
2019-03-23,LIMM,Milano FIR,22
2019-03-23,LIRR,Roma FIR,13
2019-03-23,LJLA,Ljubljana FIR,0
2019-03-23,LKAA,Praha FIR,10
2019-03-23,LMMM,Malta FIR,2
2019-03-23,LOVV,Wien FIR,22
2019-03-23,LPPC,Lisboa FIR,18
2019-03-23,LPPO,Santa Maria FIR,1
2019-03-23,LQSB,Sarajevo FIR,0
2019-03-23,LRBB,Bucarest FIR,6
2019-03-23,LSAS,Switzerland FIR,40
2019-03-23,LUUU,Chisinau FIR,0
2019-03-23,LWSS,Skopje FIR,0
2019-03-23,LYBA,Beograd FIR,1
2019-03-23,LZBB,Bratislava  FIR,2
2019-03-23,UKBV,Kiev FIR,3
2019-03-23,UKDV,Dnipro FIR,0
2019-03-23,UKLV,Lvov FIR,0
2019-03-23,UKOV,Odessa FIR,0
2019-03-23,ULLL,Sankt-Peterburg FIR,11
2019-03-23,UMMV,Minsk FIR,0
2019-03-23,UNNT,Novosibirsk FIR,1
2019-03-23,URRV,Rostov-Na-Donu FIR,0
2019-03-23,USSV,Yekaterinburg FIR,0
2019-03-23,UUWV,Moscow FIR,43
2019-03-23,UWWW,Samara FIR,0
2019-03-24,BIRD,Reykjavik FIR,16
2019-03-24,EBBU,Brussels FIR,4
2019-03-24,EDGG,Langen FIR,48
2019-03-24,EDMM,Munchen FIR,16
2019-03-24,EDWW,Bremen FIR,1
2019-03-24,EETT,Tallinn FIR,0
2019-03-24,EFIN,Helsinki FIR,4
2019-03-24,EGPX,Scottish FIR,0
2019-03-24,EGTT,London FIR,117
2019-03-24,EHAA,Amsterdam FIR,23
2019-03-24,EISN,Shannon FIR,16
2019-03-24,EKDK,Copenhagen FIR,5
2019-03-24,ENOB,Bodo Oceanic FIR,0
2019-03-24,ENOR,Polaris FIR,3
2019-03-24,EPWW,Warszawa FIR,4
2019-03-24,ESAA,Sweden FIR,2
2019-03-24,EVRR,Riga FIR,0
2019-03-24,EYVL,Vilnius FIR,0
2019-03-24,GCCC,Canarias FIR,1
2019-03-24,GMMM,Casablanca FIR,0
2019-03-24,LAAA,Tirana FIR,0
2019-03-24,LBSR,Sofia FIR,0
2019-03-24,LDZO,Zagreb FIR,0
2019-03-24,LECB,Barcelona FIR,4
2019-03-24,LECM,Madrid FIR,12
2019-03-24,LFBB,Bordeaux FIR,0
2019-03-24,LFEE,Reims FIR,0
2019-03-24,LFFF,Paris FIR,40
2019-03-24,LFMM,Marseille FIR,0
2019-03-24,LFRR,Brest FIR,0
2019-03-24,LGGG,Athinai FIR,0
2019-03-24,LHCC,Budapest FIR,0
2019-03-24,LIBB,Brindisi FIR,0
2019-03-24,LIMM,Milano FIR,8
2019-03-24,LIRR,Roma FIR,9
2019-03-24,LJLA,Ljubljana FIR,0
2019-03-24,LKAA,Praha FIR,0
2019-03-24,LMMM,Malta FIR,0
2019-03-24,LOVV,Wien FIR,8
2019-03-24,LPPC,Lisboa FIR,9
2019-03-24,LPPO,Santa Maria FIR,0
2019-03-24,LQSB,Sarajevo FIR,0
2019-03-24,LRBB,Bucarest FIR,0
2019-03-24,LSAS,Switzerland FIR,17
2019-03-24,LUUU,Chisinau FIR,0
2019-03-24,LWSS,Skopje FIR,0
2019-03-24,LYBA,Beograd FIR,0
2019-03-24,LZBB,Bratislava  FIR,0
2019-03-24,UKBV,Kiev FIR,0
2019-03-24,UKDV,Dnipro FIR,0
2019-03-24,UKLV,Lvov FIR,0
2019-03-24,UKOV,Odessa FIR,0
2019-03-24,ULLL,Sankt-Peterburg FIR,0
2019-03-24,UMMV,Minsk FIR,0
2019-03-24,UNNT,Novosibirsk FIR,0
2019-03-24,URRV,Rostov-Na-Donu FIR,0
2019-03-24,USSV,Yekaterinburg FIR,0
2019-03-24,UUWV,Moscow FIR,0
2019-03-25,BIRD,Reykjavik FIR,10
2019-03-25,EBBU,Brussels FIR,3
2019-03-25,EDGG,Langen FIR,34
2019-03-25,EDMM,Munchen FIR,17
2019-03-25,EDWW,Bremen FIR,0
2019-03-25,EETT,Tallinn FIR,0
2019-03-25,EFIN,Helsinki FIR,2
2019-03-25,EGPX,Scottish FIR,1
2019-03-25,EGTT,London FIR,103
2019-03-25,EHAA,Amsterdam FIR,17
2019-03-25,EISN,Shannon FIR,15
2019-03-25,EKDK,Copenhagen FIR,5
2019-03-25,ENOB,Bodo Oceanic FIR,0
2019-03-25,ENOR,Polaris FIR,2
2019-03-25,EPWW,Warszawa FIR,4
2019-03-25,ESAA,Sweden FIR,3
2019-03-25,EVRR,Riga FIR,0
2019-03-25,EYVL,Vilnius FIR,0
2019-03-25,GCCC,Canarias FIR,4
2019-03-25,GMMM,Casablanca FIR,0
2019-03-25,LAAA,Tirana FIR,0
2019-03-25,LBSR,Sofia FIR,0
2019-03-25,LDZO,Zagreb FIR,1
2019-03-25,LECB,Barcelona FIR,4
2019-03-25,LECM,Madrid FIR,14
2019-03-25,LFBB,Bordeaux FIR,0
2019-03-25,LFEE,Reims FIR,2
2019-03-25,LFFF,Paris FIR,35
2019-03-25,LFMM,Marseille FIR,1
2019-03-25,LFRR,Brest FIR,0
2019-03-25,LGGG,Athinai FIR,2
2019-03-25,LHCC,Budapest FIR,0
2019-03-25,LIBB,Brindisi FIR,0
2019-03-25,LIMM,Milano FIR,10
2019-03-25,LIRR,Roma FIR,11
2019-03-25,LJLA,Ljubljana FIR,0
2019-03-25,LKAA,Praha FIR,1
2019-03-25,LMMM,Malta FIR,0
2019-03-25,LOVV,Wien FIR,0
2019-03-25,LPPC,Lisboa FIR,4
2019-03-25,LPPO,Santa Maria FIR,0
2019-03-25,LQSB,Sarajevo FIR,0
2019-03-25,LRBB,Bucarest FIR,0
2019-03-25,LSAS,Switzerland FIR,14
2019-03-25,LUUU,Chisinau FIR,0
2019-03-25,LWSS,Skopje FIR,0
2019-03-25,LYBA,Beograd FIR,0
2019-03-25,LZBB,Bratislava  FIR,0
2019-03-25,UKBV,Kiev FIR,0
2019-03-25,UKDV,Dnipro FIR,0
2019-03-25,UKLV,Lvov FIR,0
2019-03-25,UKOV,Odessa FIR,0
2019-03-25,ULLL,Sankt-Peterburg FIR,0
2019-03-25,UMKK,Kaliningrad FIR,0
2019-03-25,UMMV,Minsk FIR,0
2019-03-25,UNNT,Novosibirsk FIR,1
2019-03-25,URRV,Rostov-Na-Donu FIR,0
2019-03-25,USSV,Yekaterinburg FIR,0
2019-03-25,UUWV,Moscow FIR,0
2019-03-25,UWWW,Samara FIR,0
2019-03-26,BIRD,Reykjavik FIR,3
2019-03-26,EBBU,Brussels FIR,10
2019-03-26,EDGG,Langen FIR,42
2019-03-26,EDMM,Munchen FIR,23
2019-03-26,EDWW,Bremen FIR,6
2019-03-26,EETT,Tallinn FIR,0
2019-03-26,EFIN,Helsinki FIR,3
2019-03-26,EGPX,Scottish FIR,4
2019-03-26,EGTT,London FIR,86
2019-03-26,EHAA,Amsterdam FIR,26
2019-03-26,EISN,Shannon FIR,4
2019-03-26,EKDK,Copenhagen FIR,3
2019-03-26,ENOB,Bodo Oceanic FIR,0
2019-03-26,ENOR,Polaris FIR,10
2019-03-26,EPWW,Warszawa FIR,6
2019-03-26,ESAA,Sweden FIR,6
2019-03-26,EVRR,Riga FIR,0
2019-03-26,EYVL,Vilnius FIR,0
2019-03-26,GCCC,Canarias FIR,4
2019-03-26,GMMM,Casablanca FIR,0
2019-03-26,LAAA,Tirana FIR,0
2019-03-26,LBSR,Sofia FIR,0
2019-03-26,LDZO,Zagreb FIR,2
2019-03-26,LECB,Barcelona FIR,8
2019-03-26,LECM,Madrid FIR,23
2019-03-26,LFBB,Bordeaux FIR,0
2019-03-26,LFEE,Reims FIR,0
2019-03-26,LFFF,Paris FIR,31
2019-03-26,LFMM,Marseille FIR,0
2019-03-26,LFRR,Brest FIR,0
2019-03-26,LGGG,Athinai FIR,1
2019-03-26,LHCC,Budapest FIR,4
2019-03-26,LIBB,Brindisi FIR,0
2019-03-26,LIMM,Milano FIR,6
2019-03-26,LIRR,Roma FIR,10
2019-03-26,LJLA,Ljubljana FIR,0
2019-03-26,LKAA,Praha FIR,0
2019-03-26,LMMM,Malta FIR,0
2019-03-26,LOVV,Wien FIR,3
2019-03-26,LPPC,Lisboa FIR,11
2019-03-26,LPPO,Santa Maria FIR,0
2019-03-26,LQSB,Sarajevo FIR,0
2019-03-26,LRBB,Bucarest FIR,1
2019-03-26,LSAS,Switzerland FIR,12
2019-03-26,LUUU,Chisinau FIR,0
2019-03-26,LWSS,Skopje FIR,0
2019-03-26,LYBA,Beograd FIR,0
2019-03-26,LZBB,Bratislava  FIR,0
2019-03-26,UKBV,Kiev FIR,0
2019-03-26,UKDV,Dnipro FIR,0
2019-03-26,UKLV,Lvov FIR,0
2019-03-26,ULLL,Sankt-Peterburg FIR,1
2019-03-26,UMMV,Minsk FIR,0
2019-03-26,UNNT,Novosibirsk FIR,0
2019-03-26,URRV,Rostov-Na-Donu FIR,0
2019-03-26,USSV,Yekaterinburg FIR,0
2019-03-26,UUWV,Moscow FIR,2
2019-03-26,UWWW,Samara FIR,0
2019-03-27,BIRD,Reykjavik FIR,4
2019-03-27,EBBU,Brussels FIR,12
2019-03-27,EDGG,Langen FIR,36
2019-03-27,EDMM,Munchen FIR,12
2019-03-27,EDWW,Bremen FIR,3
2019-03-27,EETT,Tallinn FIR,0
2019-03-27,EFIN,Helsinki FIR,4
2019-03-27,EGPX,Scottish FIR,3
2019-03-27,EGTT,London FIR,105
2019-03-27,EHAA,Amsterdam FIR,28
2019-03-27,EISN,Shannon FIR,11
2019-03-27,EKDK,Copenhagen FIR,3
2019-03-27,ENOB,Bodo Oceanic FIR,0
2019-03-27,ENOR,Polaris FIR,5
2019-03-27,EPWW,Warszawa FIR,4
2019-03-27,ESAA,Sweden FIR,6
2019-03-27,EVRR,Riga FIR,0
2019-03-27,EYVL,Vilnius FIR,0
2019-03-27,GCCC,Canarias FIR,5
2019-03-27,GMMM,Casablanca FIR,0
2019-03-27,LAAA,Tirana FIR,0
2019-03-27,LBSR,Sofia FIR,0
2019-03-27,LDZO,Zagreb FIR,0
2019-03-27,LECB,Barcelona FIR,2
2019-03-27,LECM,Madrid FIR,15
2019-03-27,LFBB,Bordeaux FIR,0
2019-03-27,LFEE,Reims FIR,0
2019-03-27,LFFF,Paris FIR,40
2019-03-27,LFMM,Marseille FIR,0
2019-03-27,LFRR,Brest FIR,0
2019-03-27,LGGG,Athinai FIR,2
2019-03-27,LHCC,Budapest FIR,0
2019-03-27,LIBB,Brindisi FIR,0
2019-03-27,LIMM,Milano FIR,8
2019-03-27,LIRR,Roma FIR,7
2019-03-27,LJLA,Ljubljana FIR,0
2019-03-27,LKAA,Praha FIR,0
2019-03-27,LMMM,Malta FIR,0
2019-03-27,LOVV,Wien FIR,5
2019-03-27,LPPC,Lisboa FIR,3
2019-03-27,LPPO,Santa Maria FIR,0
2019-03-27,LQSB,Sarajevo FIR,0
2019-03-27,LRBB,Bucarest FIR,0
2019-03-27,LSAS,Switzerland FIR,7
2019-03-27,LUUU,Chisinau FIR,0
2019-03-27,LWSS,Skopje FIR,0
2019-03-27,LYBA,Beograd FIR,0
2019-03-27,LZBB,Bratislava  FIR,0
2019-03-27,UKBV,Kiev FIR,0
2019-03-27,UKDV,Dnipro FIR,0
2019-03-27,UKLV,Lvov FIR,0
2019-03-27,UKOV,Odessa FIR,0
2019-03-27,ULLL,Sankt-Peterburg FIR,0
2019-03-27,UMKK,Kaliningrad FIR,0
2019-03-27,UMMV,Minsk FIR,0
2019-03-27,UNNT,Novosibirsk FIR,0
2019-03-27,URRV,Rostov-Na-Donu FIR,0
2019-03-27,USSV,Yekaterinburg FIR,0
2019-03-27,UUWV,Moscow FIR,3
2019-03-27,UWWW,Samara FIR,0
2019-03-28,BIRD,Reykjavik FIR,11
2019-03-28,EBBU,Brussels FIR,17
2019-03-28,EDGG,Langen FIR,68
2019-03-28,EDMM,Munchen FIR,27
2019-03-28,EDWW,Bremen FIR,3
2019-03-28,EETT,Tallinn FIR,1
2019-03-28,EFIN,Helsinki FIR,8
2019-03-28,EGPX,Scottish FIR,3
2019-03-28,EGTT,London FIR,141
2019-03-28,EHAA,Amsterdam FIR,38
2019-03-28,EISN,Shannon FIR,18
2019-03-28,EKDK,Copenhagen FIR,9
2019-03-28,ENOB,Bodo Oceanic FIR,0
2019-03-28,ENOR,Polaris FIR,6
2019-03-28,EPWW,Warszawa FIR,4
2019-03-28,ESAA,Sweden FIR,7
2019-03-28,EVRR,Riga FIR,0
2019-03-28,EYVL,Vilnius FIR,0
2019-03-28,GCCC,Canarias FIR,1
2019-03-28,GMMM,Casablanca FIR,0
2019-03-28,LAAA,Tirana FIR,0
2019-03-28,LBSR,Sofia FIR,0
2019-03-28,LDZO,Zagreb FIR,0
2019-03-28,LECB,Barcelona FIR,2
2019-03-28,LECM,Madrid FIR,9
2019-03-28,LFBB,Bordeaux FIR,0
2019-03-28,LFEE,Reims FIR,0
2019-03-28,LFFF,Paris FIR,49
2019-03-28,LFMM,Marseille FIR,1
2019-03-28,LFRR,Brest FIR,0
2019-03-28,LGGG,Athinai FIR,3
2019-03-28,LHCC,Budapest FIR,2
2019-03-28,LIBB,Brindisi FIR,0
2019-03-28,LIMM,Milano FIR,6
2019-03-28,LIRR,Roma FIR,8
2019-03-28,LJLA,Ljubljana FIR,0
2019-03-28,LKAA,Praha FIR,3
2019-03-28,LMMM,Malta FIR,0
2019-03-28,LOVV,Wien FIR,7
2019-03-28,LPPC,Lisboa FIR,1
2019-03-28,LPPO,Santa Maria FIR,0
2019-03-28,LQSB,Sarajevo FIR,0
2019-03-28,LRBB,Bucarest FIR,1
2019-03-28,LSAS,Switzerland FIR,18
2019-03-28,LUUU,Chisinau FIR,0
2019-03-28,LWSS,Skopje FIR,0
2019-03-28,LYBA,Beograd FIR,0
2019-03-28,LZBB,Bratislava  FIR,0
2019-03-28,UKBV,Kiev FIR,0
2019-03-28,UKDV,Dnipro FIR,0
2019-03-28,UKLV,Lvov FIR,0
2019-03-28,UKOV,Odessa FIR,0
2019-03-28,ULLL,Sankt-Peterburg FIR,0
2019-03-28,UMKK,Kaliningrad FIR,0
2019-03-28,UMMV,Minsk FIR,0
2019-03-28,UNNT,Novosibirsk FIR,0
2019-03-28,URRV,Rostov-Na-Donu FIR,0
2019-03-28,USSV,Yekaterinburg FIR,0
2019-03-28,UUWV,Moscow FIR,4
2019-03-28,UWWW,Samara FIR,0
2019-03-29,BIRD,Reykjavik FIR,5
2019-03-29,EBBU,Brussels FIR,17
2019-03-29,EDGG,Langen FIR,99
2019-03-29,EDMM,Munchen FIR,48
2019-03-29,EDWW,Bremen FIR,25
2019-03-29,EETT,Tallinn FIR,3
2019-03-29,EFIN,Helsinki FIR,19
2019-03-29,EGPX,Scottish FIR,8
2019-03-29,EGTT,London FIR,149
2019-03-29,EHAA,Amsterdam FIR,44
2019-03-29,EISN,Shannon FIR,9
2019-03-29,EKDK,Copenhagen FIR,19
2019-03-29,ENOB,Bodo Oceanic FIR,0
2019-03-29,ENOR,Polaris FIR,7
2019-03-29,EPWW,Warszawa FIR,43
2019-03-29,ESAA,Sweden FIR,14
2019-03-29,EVRR,Riga FIR,3
2019-03-29,EYVL,Vilnius FIR,7
2019-03-29,GCCC,Canarias FIR,1
2019-03-29,GMMM,Casablanca FIR,0
2019-03-29,LAAA,Tirana FIR,0
2019-03-29,LBSR,Sofia FIR,12
2019-03-29,LDZO,Zagreb FIR,0
2019-03-29,LECB,Barcelona FIR,15
2019-03-29,LECM,Madrid FIR,24
2019-03-29,LFBB,Bordeaux FIR,0
2019-03-29,LFEE,Reims FIR,4
2019-03-29,LFFF,Paris FIR,52
2019-03-29,LFMM,Marseille FIR,3
2019-03-29,LFRR,Brest FIR,0
2019-03-29,LGGG,Athinai FIR,10
2019-03-29,LHCC,Budapest FIR,19
2019-03-29,LIBB,Brindisi FIR,1
2019-03-29,LIMM,Milano FIR,32
2019-03-29,LIRR,Roma FIR,23
2019-03-29,LJLA,Ljubljana FIR,1
2019-03-29,LKAA,Praha FIR,17
2019-03-29,LMMM,Malta FIR,2
2019-03-29,LOVV,Wien FIR,34
2019-03-29,LPPC,Lisboa FIR,4
2019-03-29,LPPO,Santa Maria FIR,0
2019-03-29,LQSB,Sarajevo FIR,0
2019-03-29,LRBB,Bucarest FIR,14
2019-03-29,LSAS,Switzerland FIR,25
2019-03-29,LUUU,Chisinau FIR,4
2019-03-29,LWSS,Skopje FIR,0
2019-03-29,LYBA,Beograd FIR,0
2019-03-29,LZBB,Bratislava  FIR,4
2019-03-29,UKBV,Kiev FIR,14
2019-03-29,UKDV,Dnipro FIR,0
2019-03-29,UKLV,Lvov FIR,3
2019-03-29,UKOV,Odessa FIR,0
2019-03-29,ULLL,Sankt-Peterburg FIR,6
2019-03-29,UMKK,Kaliningrad FIR,0
2019-03-29,UMMV,Minsk FIR,1
2019-03-29,URRV,Rostov-Na-Donu FIR,0
2019-03-29,USSV,Yekaterinburg FIR,1
2019-03-29,UUWV,Moscow FIR,61
2019-03-29,UWWW,Samara FIR,0
2019-03-30,BIRD,Reykjavik FIR,7
2019-03-30,EBBU,Brussels FIR,20
2019-03-30,EDGG,Langen FIR,97
2019-03-30,EDMM,Munchen FIR,32
2019-03-30,EDWW,Bremen FIR,35
2019-03-30,EETT,Tallinn FIR,3
2019-03-30,EFIN,Helsinki FIR,13
2019-03-30,EGPX,Scottish FIR,10
2019-03-30,EGTT,London FIR,138
2019-03-30,EHAA,Amsterdam FIR,39
2019-03-30,EISN,Shannon FIR,13
2019-03-30,EKDK,Copenhagen FIR,18
2019-03-30,ENOB,Bodo Oceanic FIR,0
2019-03-30,ENOR,Polaris FIR,12
2019-03-30,EPWW,Warszawa FIR,40
2019-03-30,ESAA,Sweden FIR,22
2019-03-30,EVRR,Riga FIR,5
2019-03-30,EYVL,Vilnius FIR,10
2019-03-30,GCCC,Canarias FIR,9
2019-03-30,GMMM,Casablanca FIR,0
2019-03-30,LAAA,Tirana FIR,1
2019-03-30,LBSR,Sofia FIR,6
2019-03-30,LDZO,Zagreb FIR,2
2019-03-30,LECB,Barcelona FIR,14
2019-03-30,LECM,Madrid FIR,28
2019-03-30,LFBB,Bordeaux FIR,0
2019-03-30,LFEE,Reims FIR,4
2019-03-30,LFFF,Paris FIR,60
2019-03-30,LFMM,Marseille FIR,5
2019-03-30,LFRR,Brest FIR,0
2019-03-30,LGGG,Athinai FIR,18
2019-03-30,LHCC,Budapest FIR,16
2019-03-30,LIBB,Brindisi FIR,2
2019-03-30,LIMM,Milano FIR,26
2019-03-30,LIRR,Roma FIR,18
2019-03-30,LJLA,Ljubljana FIR,0
2019-03-30,LKAA,Praha FIR,12
2019-03-30,LMMM,Malta FIR,0
2019-03-30,LOVV,Wien FIR,26
2019-03-30,LPPC,Lisboa FIR,6
2019-03-30,LPPO,Santa Maria FIR,0
2019-03-30,LQSB,Sarajevo FIR,2
2019-03-30,LRBB,Bucarest FIR,18
2019-03-30,LSAS,Switzerland FIR,23
2019-03-30,LUUU,Chisinau FIR,1
2019-03-30,LWSS,Skopje FIR,1
2019-03-30,LYBA,Beograd FIR,6
2019-03-30,LZBB,Bratislava  FIR,2
2019-03-30,UKBV,Kiev FIR,4
2019-03-30,UKDV,Dnipro FIR,0
2019-03-30,UKLV,Lvov FIR,0
2019-03-30,ULLL,Sankt-Peterburg FIR,4
2019-03-30,UMMV,Minsk FIR,0
2019-03-30,UNNT,Novosibirsk FIR,2
2019-03-30,URRV,Rostov-Na-Donu FIR,0
2019-03-30,USSV,Yekaterinburg FIR,0
2019-03-30,UUWV,Moscow FIR,61
2019-03-30,UWWW,Samara FIR,0
2019-03-31,BIRD,Reykjavik FIR,12
2019-03-31,EBBU,Brussels FIR,13
2019-03-31,EDGG,Langen FIR,34
2019-03-31,EDMM,Munchen FIR,14
2019-03-31,EDWW,Bremen FIR,0
2019-03-31,EETT,Tallinn FIR,0
2019-03-31,EFIN,Helsinki FIR,3
2019-03-31,EGPX,Scottish FIR,1
2019-03-31,EGTT,London FIR,85
2019-03-31,EHAA,Amsterdam FIR,24
2019-03-31,EISN,Shannon FIR,13
2019-03-31,EKDK,Copenhagen FIR,6
2019-03-31,ENOB,Bodo Oceanic FIR,0
2019-03-31,ENOR,Polaris FIR,2
2019-03-31,EPWW,Warszawa FIR,2
2019-03-31,ESAA,Sweden FIR,5
2019-03-31,EVRR,Riga FIR,0
2019-03-31,EYVL,Vilnius FIR,0
2019-03-31,GCCC,Canarias FIR,6
2019-03-31,GMMM,Casablanca FIR,0
2019-03-31,LAAA,Tirana FIR,0
2019-03-31,LBSR,Sofia FIR,1
2019-03-31,LDZO,Zagreb FIR,1
2019-03-31,LECB,Barcelona FIR,8
2019-03-31,LECM,Madrid FIR,16
2019-03-31,LFBB,Bordeaux FIR,0
2019-03-31,LFEE,Reims FIR,0
2019-03-31,LFFF,Paris FIR,33
2019-03-31,LFMM,Marseille FIR,1
2019-03-31,LFRR,Brest FIR,0
2019-03-31,LGGG,Athinai FIR,2
2019-03-31,LHCC,Budapest FIR,3
2019-03-31,LIBB,Brindisi FIR,0
2019-03-31,LIMM,Milano FIR,8
2019-03-31,LIRR,Roma FIR,16
2019-03-31,LJLA,Ljubljana FIR,0
2019-03-31,LKAA,Praha FIR,0
2019-03-31,LMMM,Malta FIR,0
2019-03-31,LOVV,Wien FIR,4
2019-03-31,LPPC,Lisboa FIR,5
2019-03-31,LPPO,Santa Maria FIR,0
2019-03-31,LQSB,Sarajevo FIR,0
2019-03-31,LRBB,Bucarest FIR,2
2019-03-31,LSAS,Switzerland FIR,13
2019-03-31,LUUU,Chisinau FIR,0
2019-03-31,LWSS,Skopje FIR,0
2019-03-31,LYBA,Beograd FIR,0
2019-03-31,LZBB,Bratislava  FIR,0
2019-03-31,UKBV,Kiev FIR,0
2019-03-31,UKDV,Dnipro FIR,0
2019-03-31,UKLV,Lvov FIR,0
2019-03-31,UKOV,Odessa FIR,0
2019-03-31,ULLL,Sankt-Peterburg FIR,0
2019-03-31,UMMV,Minsk FIR,0
2019-03-31,UNNT,Novosibirsk FIR,1
2019-03-31,URRV,Rostov-Na-Donu FIR,0
2019-03-31,USSV,Yekaterinburg FIR,0
2019-03-31,UUWV,Moscow FIR,0
2019-04-01,BIRD,Reykjavik FIR,9
2019-04-01,EBBU,Brussels FIR,16
2019-04-01,EDGG,Langen FIR,52
2019-04-01,EDMM,Munchen FIR,14
2019-04-01,EDWW,Bremen FIR,0
2019-04-01,EETT,Tallinn FIR,0
2019-04-01,EFIN,Helsinki FIR,8
2019-04-01,EGPX,Scottish FIR,12
2019-04-01,EGTT,London FIR,180
2019-04-01,EHAA,Amsterdam FIR,36
2019-04-01,EISN,Shannon FIR,36
2019-04-01,EKDK,Copenhagen FIR,7
2019-04-01,ENOB,Bodo Oceanic FIR,0
2019-04-01,ENOR,Polaris FIR,6
2019-04-01,EPWW,Warszawa FIR,3
2019-04-01,ESAA,Sweden FIR,5
2019-04-01,EVRR,Riga FIR,0
2019-04-01,EYVL,Vilnius FIR,0
2019-04-01,GCCC,Canarias FIR,7
2019-04-01,GMMM,Casablanca FIR,0
2019-04-01,LAAA,Tirana FIR,0
2019-04-01,LBSR,Sofia FIR,1
2019-04-01,LDZO,Zagreb FIR,0
2019-04-01,LECB,Barcelona FIR,22
2019-04-01,LECM,Madrid FIR,45
2019-04-01,LFBB,Bordeaux FIR,2
2019-04-01,LFEE,Reims FIR,0
2019-04-01,LFFF,Paris FIR,57
2019-04-01,LFMM,Marseille FIR,2
2019-04-01,LFRR,Brest FIR,1
2019-04-01,LGGG,Athinai FIR,4
2019-04-01,LHCC,Budapest FIR,0
2019-04-01,LIBB,Brindisi FIR,4
2019-04-01,LIMM,Milano FIR,31
2019-04-01,LIRR,Roma FIR,37
2019-04-01,LJLA,Ljubljana FIR,0
2019-04-01,LKAA,Praha FIR,0
2019-04-01,LMMM,Malta FIR,0
2019-04-01,LOVV,Wien FIR,7
2019-04-01,LPPC,Lisboa FIR,17
2019-04-01,LPPO,Santa Maria FIR,0
2019-04-01,LQSB,Sarajevo FIR,0
2019-04-01,LRBB,Bucarest FIR,1
2019-04-01,LSAS,Switzerland FIR,21
2019-04-01,LUUU,Chisinau FIR,0
2019-04-01,LWSS,Skopje FIR,0
2019-04-01,LYBA,Beograd FIR,0
2019-04-01,LZBB,Bratislava  FIR,0
2019-04-01,UKBV,Kiev FIR,0
2019-04-01,UKDV,Dnipro FIR,0
2019-04-01,UKLV,Lvov FIR,0
2019-04-01,UKOV,Odessa FIR,0
2019-04-01,ULLL,Sankt-Peterburg FIR,0
2019-04-01,UMKK,Kaliningrad FIR,0
2019-04-01,UMMV,Minsk FIR,0
2019-04-01,UNNT,Novosibirsk FIR,0
2019-04-01,URRV,Rostov-Na-Donu FIR,0
2019-04-01,USSV,Yekaterinburg FIR,0
2019-04-01,UUWV,Moscow FIR,0
2019-04-01,UWWW,Samara FIR,0
2019-04-02,BIRD,Reykjavik FIR,6
2019-04-02,EBBU,Brussels FIR,24
2019-04-02,EDGG,Langen FIR,132
2019-04-02,EDMM,Munchen FIR,60
2019-04-02,EDWW,Bremen FIR,30
2019-04-02,EETT,Tallinn FIR,0
2019-04-02,EFIN,Helsinki FIR,12
2019-04-02,EGPX,Scottish FIR,6
2019-04-02,EGTT,London FIR,166
2019-04-02,EHAA,Amsterdam FIR,61
2019-04-02,EISN,Shannon FIR,33
2019-04-02,EKDK,Copenhagen FIR,18
2019-04-02,ENOB,Bodo Oceanic FIR,0
2019-04-02,ENOR,Polaris FIR,11
2019-04-02,EPWW,Warszawa FIR,17
2019-04-02,ESAA,Sweden FIR,12
2019-04-02,EVRR,Riga FIR,0
2019-04-02,EYVL,Vilnius FIR,0
2019-04-02,GCCC,Canarias FIR,4
2019-04-02,GMMM,Casablanca FIR,0
2019-04-02,LAAA,Tirana FIR,0
2019-04-02,LBSR,Sofia FIR,1
2019-04-02,LDZO,Zagreb FIR,1
2019-04-02,LECB,Barcelona FIR,12
2019-04-02,LECM,Madrid FIR,19
2019-04-02,LFBB,Bordeaux FIR,1
2019-04-02,LFEE,Reims FIR,2
2019-04-02,LFFF,Paris FIR,70
2019-04-02,LFMM,Marseille FIR,1
2019-04-02,LFRR,Brest FIR,1
2019-04-02,LGGG,Athinai FIR,8
2019-04-02,LHCC,Budapest FIR,10
2019-04-02,LIBB,Brindisi FIR,0
2019-04-02,LIMM,Milano FIR,17
2019-04-02,LIRR,Roma FIR,17
2019-04-02,LJLA,Ljubljana FIR,0
2019-04-02,LKAA,Praha FIR,5
2019-04-02,LMMM,Malta FIR,0
2019-04-02,LOVV,Wien FIR,27
2019-04-02,LPPC,Lisboa FIR,3
2019-04-02,LPPO,Santa Maria FIR,0
2019-04-02,LQSB,Sarajevo FIR,1
2019-04-02,LRBB,Bucarest FIR,2
2019-04-02,LSAS,Switzerland FIR,41
2019-04-02,LUUU,Chisinau FIR,0
2019-04-02,LWSS,Skopje FIR,0
2019-04-02,LYBA,Beograd FIR,1
2019-04-02,LZBB,Bratislava  FIR,0
2019-04-02,UKBV,Kiev FIR,1
2019-04-02,UKDV,Dnipro FIR,0
2019-04-02,UKLV,Lvov FIR,0
2019-04-02,UKOV,Odessa FIR,0
2019-04-02,ULLL,Sankt-Peterburg FIR,0
2019-04-02,UMKK,Kaliningrad FIR,0
2019-04-02,UMMV,Minsk FIR,0
2019-04-02,UNNT,Novosibirsk FIR,1
2019-04-02,USSV,Yekaterinburg FIR,0
2019-04-02,UUWV,Moscow FIR,13
2019-04-02,UWWW,Samara FIR,0
2019-04-03,BIRD,Reykjavik FIR,2
2019-04-03,EBBU,Brussels FIR,10
2019-04-03,EDGG,Langen FIR,48
2019-04-03,EDMM,Munchen FIR,15
2019-04-03,EDWW,Bremen FIR,8
2019-04-03,EETT,Tallinn FIR,0
2019-04-03,EFIN,Helsinki FIR,16
2019-04-03,EGPX,Scottish FIR,3
2019-04-03,EGTT,London FIR,70
2019-04-03,EHAA,Amsterdam FIR,26
2019-04-03,EISN,Shannon FIR,1
2019-04-03,EKDK,Copenhagen FIR,11
2019-04-03,ENOB,Bodo Oceanic FIR,0
2019-04-03,ENOR,Polaris FIR,5
2019-04-03,EPWW,Warszawa FIR,7
2019-04-03,ESAA,Sweden FIR,29
2019-04-03,EVRR,Riga FIR,3
2019-04-03,EYVL,Vilnius FIR,0
2019-04-03,GCCC,Canarias FIR,8
2019-04-03,GMMM,Casablanca FIR,0
2019-04-03,LAAA,Tirana FIR,0
2019-04-03,LBSR,Sofia FIR,2
2019-04-03,LDZO,Zagreb FIR,0
2019-04-03,LECB,Barcelona FIR,7
2019-04-03,LECM,Madrid FIR,25
2019-04-03,LFBB,Bordeaux FIR,0
2019-04-03,LFEE,Reims FIR,0
2019-04-03,LFFF,Paris FIR,36
2019-04-03,LFMM,Marseille FIR,2
2019-04-03,LFRR,Brest FIR,0
2019-04-03,LGGG,Athinai FIR,7
2019-04-03,LHCC,Budapest FIR,2
2019-04-03,LIBB,Brindisi FIR,3
2019-04-03,LIMM,Milano FIR,8
2019-04-03,LIRR,Roma FIR,14
2019-04-03,LJLA,Ljubljana FIR,0
2019-04-03,LKAA,Praha FIR,0
2019-04-03,LMMM,Malta FIR,0
2019-04-03,LOVV,Wien FIR,5
2019-04-03,LPPC,Lisboa FIR,6
2019-04-03,LPPO,Santa Maria FIR,0
2019-04-03,LQSB,Sarajevo FIR,0
2019-04-03,LRBB,Bucarest FIR,4
2019-04-03,LSAS,Switzerland FIR,8
2019-04-03,LUUU,Chisinau FIR,0
2019-04-03,LWSS,Skopje FIR,1
2019-04-03,LYBA,Beograd FIR,1
2019-04-03,LZBB,Bratislava  FIR,0
2019-04-03,UKBV,Kiev FIR,0
2019-04-03,UKDV,Dnipro FIR,0
2019-04-03,UKLV,Lvov FIR,0
2019-04-03,UKOV,Odessa FIR,0
2019-04-03,ULLL,Sankt-Peterburg FIR,1
2019-04-03,UMMV,Minsk FIR,0
2019-04-03,UNNT,Novosibirsk FIR,1
2019-04-03,URRV,Rostov-Na-Donu FIR,0
2019-04-03,USSV,Yekaterinburg FIR,0
2019-04-03,UUWV,Moscow FIR,7
2019-04-03,UWWW,Samara FIR,0
2019-04-04,BIRD,Reykjavik FIR,1
2019-04-04,EBBU,Brussels FIR,6
2019-04-04,EDGG,Langen FIR,34
2019-04-04,EDMM,Munchen FIR,8
2019-04-04,EDWW,Bremen FIR,0
2019-04-04,EETT,Tallinn FIR,0
2019-04-04,EFIN,Helsinki FIR,4
2019-04-04,EGPX,Scottish FIR,0
2019-04-04,EGTT,London FIR,52
2019-04-04,EHAA,Amsterdam FIR,16
2019-04-04,EISN,Shannon FIR,0
2019-04-04,EKDK,Copenhagen FIR,5
2019-04-04,ENOB,Bodo Oceanic FIR,1
2019-04-04,ENOR,Polaris FIR,3
2019-04-04,EPWW,Warszawa FIR,2
2019-04-04,ESAA,Sweden FIR,2
2019-04-04,EVRR,Riga FIR,0
2019-04-04,EYVL,Vilnius FIR,0
2019-04-04,GCCC,Canarias FIR,0
2019-04-04,GMMM,Casablanca FIR,0
2019-04-04,LAAA,Tirana FIR,0
2019-04-04,LBSR,Sofia FIR,0
2019-04-04,LDZO,Zagreb FIR,0
2019-04-04,LECB,Barcelona FIR,4
2019-04-04,LECM,Madrid FIR,19
2019-04-04,LFBB,Bordeaux FIR,0
2019-04-04,LFEE,Reims FIR,0
2019-04-04,LFFF,Paris FIR,22
2019-04-04,LFMM,Marseille FIR,0
2019-04-04,LFRR,Brest FIR,0
2019-04-04,LGGG,Athinai FIR,0
2019-04-04,LHCC,Budapest FIR,0
2019-04-04,LIBB,Brindisi FIR,0
2019-04-04,LIMM,Milano FIR,3
2019-04-04,LIRR,Roma FIR,6
2019-04-04,LJLA,Ljubljana FIR,0
2019-04-04,LKAA,Praha FIR,1
2019-04-04,LMMM,Malta FIR,0
2019-04-04,LOVV,Wien FIR,2
2019-04-04,LPPC,Lisboa FIR,4
2019-04-04,LPPO,Santa Maria FIR,0
2019-04-04,LQSB,Sarajevo FIR,0
2019-04-04,LRBB,Bucarest FIR,0
2019-04-04,LSAS,Switzerland FIR,10
2019-04-04,LUUU,Chisinau FIR,0
2019-04-04,LWSS,Skopje FIR,0
2019-04-04,LYBA,Beograd FIR,0
2019-04-04,LZBB,Bratislava  FIR,0
2019-04-04,UKBV,Kiev FIR,0
2019-04-04,UKDV,Dnipro FIR,0
2019-04-04,UKLV,Lvov FIR,0
2019-04-04,UKOV,Odessa FIR,0
2019-04-04,ULLL,Sankt-Peterburg FIR,0
2019-04-04,UMKK,Kaliningrad FIR,0
2019-04-04,UMMV,Minsk FIR,0
2019-04-04,UNNT,Novosibirsk FIR,1
2019-04-04,URRV,Rostov-Na-Donu FIR,0
2019-04-04,USSV,Yekaterinburg FIR,0
2019-04-04,UUWV,Moscow FIR,0
2019-04-05,BIRD,Reykjavik FIR,9
2019-04-05,EBBU,Brussels FIR,33
2019-04-05,EDGG,Langen FIR,76
2019-04-05,EDMM,Munchen FIR,14
2019-04-05,EDWW,Bremen FIR,17
2019-04-05,EETT,Tallinn FIR,1
2019-04-05,EFIN,Helsinki FIR,5
2019-04-05,EGPX,Scottish FIR,11
2019-04-05,EGTT,London FIR,180
2019-04-05,EHAA,Amsterdam FIR,31
2019-04-05,EISN,Shannon FIR,14
2019-04-05,EKDK,Copenhagen FIR,15
2019-04-05,ENOB,Bodo Oceanic FIR,0
2019-04-05,ENOR,Polaris FIR,4
2019-04-05,EPWW,Warszawa FIR,5
2019-04-05,ESAA,Sweden FIR,13
2019-04-05,EVRR,Riga FIR,0
2019-04-05,EYVL,Vilnius FIR,0
2019-04-05,GCCC,Canarias FIR,6
2019-04-05,GMMM,Casablanca FIR,0
2019-04-05,LAAA,Tirana FIR,1
2019-04-05,LBSR,Sofia FIR,2
2019-04-05,LDZO,Zagreb FIR,1
2019-04-05,LECB,Barcelona FIR,21
2019-04-05,LECM,Madrid FIR,36
2019-04-05,LFBB,Bordeaux FIR,0
2019-04-05,LFEE,Reims FIR,6
2019-04-05,LFFF,Paris FIR,72
2019-04-05,LFMM,Marseille FIR,13
2019-04-05,LFRR,Brest FIR,0
2019-04-05,LGGG,Athinai FIR,8
2019-04-05,LHCC,Budapest FIR,5
2019-04-05,LIBB,Brindisi FIR,1
2019-04-05,LIMM,Milano FIR,10
2019-04-05,LIRR,Roma FIR,4
2019-04-05,LJLA,Ljubljana FIR,1
2019-04-05,LKAA,Praha FIR,6
2019-04-05,LMMM,Malta FIR,0
2019-04-05,LOVV,Wien FIR,2
2019-04-05,LPPC,Lisboa FIR,3
2019-04-05,LPPO,Santa Maria FIR,0
2019-04-05,LQSB,Sarajevo FIR,0
2019-04-05,LRBB,Bucarest FIR,13
2019-04-05,LSAS,Switzerland FIR,23
2019-04-05,LUUU,Chisinau FIR,0
2019-04-05,LWSS,Skopje FIR,0
2019-04-05,LYBA,Beograd FIR,0
2019-04-05,LZBB,Bratislava  FIR,0
2019-04-05,UKBV,Kiev FIR,0
2019-04-05,UKDV,Dnipro FIR,0
2019-04-05,UKLV,Lvov FIR,0
2019-04-05,UKOV,Odessa FIR,0
2019-04-05,ULLL,Sankt-Peterburg FIR,0
2019-04-05,UMKK,Kaliningrad FIR,0
2019-04-05,UMMV,Minsk FIR,0
2019-04-05,UNNT,Novosibirsk FIR,0
2019-04-05,URRV,Rostov-Na-Donu FIR,0
2019-04-05,USSV,Yekaterinburg FIR,0
2019-04-05,UUWV,Moscow FIR,5
2019-04-05,UWWW,Samara FIR,0
2019-04-06,BIRD,Reykjavik FIR,8
2019-04-06,EBBU,Brussels FIR,23
2019-04-06,EDGG,Langen FIR,83
2019-04-06,EDMM,Munchen FIR,29
2019-04-06,EDWW,Bremen FIR,8
2019-04-06,EETT,Tallinn FIR,0
2019-04-06,EFIN,Helsinki FIR,1
2019-04-06,EGPX,Scottish FIR,13
2019-04-06,EGTT,London FIR,139
2019-04-06,EHAA,Amsterdam FIR,33
2019-04-06,EISN,Shannon FIR,11
2019-04-06,EKDK,Copenhagen FIR,4
2019-04-06,ENOB,Bodo Oceanic FIR,0
2019-04-06,ENOR,Polaris FIR,6
2019-04-06,EPWW,Warszawa FIR,7
2019-04-06,ESAA,Sweden FIR,3
2019-04-06,EVRR,Riga FIR,0
2019-04-06,EYVL,Vilnius FIR,0
2019-04-06,GCCC,Canarias FIR,6
2019-04-06,GMMM,Casablanca FIR,0
2019-04-06,LAAA,Tirana FIR,0
2019-04-06,LBSR,Sofia FIR,4
2019-04-06,LDZO,Zagreb FIR,2
2019-04-06,LECB,Barcelona FIR,5
2019-04-06,LECM,Madrid FIR,22
2019-04-06,LFBB,Bordeaux FIR,1
2019-04-06,LFEE,Reims FIR,2
2019-04-06,LFFF,Paris FIR,51
2019-04-06,LFMM,Marseille FIR,1
2019-04-06,LFRR,Brest FIR,0
2019-04-06,LGGG,Athinai FIR,6
2019-04-06,LHCC,Budapest FIR,2
2019-04-06,LIBB,Brindisi FIR,0
2019-04-06,LIMM,Milano FIR,10
2019-04-06,LIRR,Roma FIR,6
2019-04-06,LJLA,Ljubljana FIR,0
2019-04-06,LKAA,Praha FIR,5
2019-04-06,LMMM,Malta FIR,0
2019-04-06,LOVV,Wien FIR,7
2019-04-06,LPPC,Lisboa FIR,8
2019-04-06,LPPO,Santa Maria FIR,1
2019-04-06,LQSB,Sarajevo FIR,0
2019-04-06,LRBB,Bucarest FIR,4
2019-04-06,LSAS,Switzerland FIR,25
2019-04-06,LUUU,Chisinau FIR,0
2019-04-06,LWSS,Skopje FIR,0
2019-04-06,LYBA,Beograd FIR,1
2019-04-06,LZBB,Bratislava  FIR,0
2019-04-06,UKBV,Kiev FIR,0
2019-04-06,UKDV,Dnipro FIR,0
2019-04-06,UKLV,Lvov FIR,0
2019-04-06,UKOV,Odessa FIR,0
2019-04-06,ULLL,Sankt-Peterburg FIR,0
2019-04-06,UMKK,Kaliningrad FIR,0
2019-04-06,UMMV,Minsk FIR,0
2019-04-06,UNNT,Novosibirsk FIR,0
2019-04-06,URRV,Rostov-Na-Donu FIR,0
2019-04-06,USSV,Yekaterinburg FIR,0
2019-04-06,UUWV,Moscow FIR,3
2019-04-06,UWWW,Samara FIR,0
2019-04-07,BIRD,Reykjavik FIR,17
2019-04-07,EBBU,Brussels FIR,7
2019-04-07,EDGG,Langen FIR,40
2019-04-07,EDMM,Munchen FIR,10
2019-04-07,EDWW,Bremen FIR,1
2019-04-07,EETT,Tallinn FIR,0
2019-04-07,EFIN,Helsinki FIR,0
2019-04-07,EGPX,Scottish FIR,4
2019-04-07,EGTT,London FIR,68
2019-04-07,EHAA,Amsterdam FIR,30
2019-04-07,EISN,Shannon FIR,9
2019-04-07,EKDK,Copenhagen FIR,5
2019-04-07,ENOB,Bodo Oceanic FIR,0
2019-04-07,ENOR,Polaris FIR,3
2019-04-07,EPWW,Warszawa FIR,0
2019-04-07,ESAA,Sweden FIR,5
2019-04-07,EVRR,Riga FIR,0
2019-04-07,EYVL,Vilnius FIR,0
2019-04-07,GCCC,Canarias FIR,12
2019-04-07,GMMM,Casablanca FIR,0
2019-04-07,LAAA,Tirana FIR,0
2019-04-07,LBSR,Sofia FIR,1
2019-04-07,LDZO,Zagreb FIR,0
2019-04-07,LECB,Barcelona FIR,2
2019-04-07,LECM,Madrid FIR,34
2019-04-07,LFBB,Bordeaux FIR,0
2019-04-07,LFEE,Reims FIR,0
2019-04-07,LFFF,Paris FIR,24
2019-04-07,LFMM,Marseille FIR,0
2019-04-07,LFRR,Brest FIR,0
2019-04-07,LGGG,Athinai FIR,1
2019-04-07,LHCC,Budapest FIR,3
2019-04-07,LIBB,Brindisi FIR,0
2019-04-07,LIMM,Milano FIR,2
2019-04-07,LIRR,Roma FIR,6
2019-04-07,LJLA,Ljubljana FIR,0
2019-04-07,LKAA,Praha FIR,2
2019-04-07,LMMM,Malta FIR,0
2019-04-07,LOVV,Wien FIR,4
2019-04-07,LPPC,Lisboa FIR,13
2019-04-07,LPPO,Santa Maria FIR,0
2019-04-07,LQSB,Sarajevo FIR,0
2019-04-07,LRBB,Bucarest FIR,2
2019-04-07,LSAS,Switzerland FIR,13
2019-04-07,LUUU,Chisinau FIR,0
2019-04-07,LWSS,Skopje FIR,0
2019-04-07,LYBA,Beograd FIR,0
2019-04-07,LZBB,Bratislava  FIR,0
2019-04-07,UKBV,Kiev FIR,0
2019-04-07,UKDV,Dnipro FIR,0
2019-04-07,UKLV,Lvov FIR,0
2019-04-07,UKOV,Odessa FIR,0
2019-04-07,ULLL,Sankt-Peterburg FIR,0
2019-04-07,UMKK,Kaliningrad FIR,0
2019-04-07,UMMV,Minsk FIR,0
2019-04-07,UNNT,Novosibirsk FIR,0
2019-04-07,URRV,Rostov-Na-Donu FIR,0
2019-04-07,USSV,Yekaterinburg FIR,0
2019-04-07,UUWV,Moscow FIR,1
2019-04-07,UWWW,Samara FIR,0
2019-04-08,BIRD,Reykjavik FIR,13
2019-04-08,EBBU,Brussels FIR,17
2019-04-08,EDGG,Langen FIR,76
2019-04-08,EDMM,Munchen FIR,30
2019-04-08,EDWW,Bremen FIR,4
2019-04-08,EETT,Tallinn FIR,0
2019-04-08,EFIN,Helsinki FIR,1
2019-04-08,EGPX,Scottish FIR,2
2019-04-08,EGTT,London FIR,80
2019-04-08,EHAA,Amsterdam FIR,27
2019-04-08,EISN,Shannon FIR,5
2019-04-08,EKDK,Copenhagen FIR,7
2019-04-08,ENOB,Bodo Oceanic FIR,0
2019-04-08,ENOR,Polaris FIR,5
2019-04-08,EPWW,Warszawa FIR,3
2019-04-08,ESAA,Sweden FIR,5
2019-04-08,EVRR,Riga FIR,0
2019-04-08,EYVL,Vilnius FIR,0
2019-04-08,GCCC,Canarias FIR,1
2019-04-08,GMMM,Casablanca FIR,0
2019-04-08,LAAA,Tirana FIR,0
2019-04-08,LBSR,Sofia FIR,2
2019-04-08,LDZO,Zagreb FIR,1
2019-04-08,LECB,Barcelona FIR,7
2019-04-08,LECM,Madrid FIR,27
2019-04-08,LFBB,Bordeaux FIR,2
2019-04-08,LFEE,Reims FIR,4
2019-04-08,LFFF,Paris FIR,37
2019-04-08,LFMM,Marseille FIR,1
2019-04-08,LFRR,Brest FIR,0
2019-04-08,LGGG,Athinai FIR,1
2019-04-08,LHCC,Budapest FIR,13
2019-04-08,LIBB,Brindisi FIR,1
2019-04-08,LIMM,Milano FIR,10
2019-04-08,LIRR,Roma FIR,13
2019-04-08,LJLA,Ljubljana FIR,0
2019-04-08,LKAA,Praha FIR,4
2019-04-08,LMMM,Malta FIR,0
2019-04-08,LOVV,Wien FIR,14
2019-04-08,LPPC,Lisboa FIR,5
2019-04-08,LPPO,Santa Maria FIR,0
2019-04-08,LQSB,Sarajevo FIR,0
2019-04-08,LRBB,Bucarest FIR,2
2019-04-08,LSAS,Switzerland FIR,12
2019-04-08,LUUU,Chisinau FIR,0
2019-04-08,LWSS,Skopje FIR,0
2019-04-08,LYBA,Beograd FIR,1
2019-04-08,LZBB,Bratislava  FIR,0
2019-04-08,UKBV,Kiev FIR,0
2019-04-08,UKDV,Dnipro FIR,0
2019-04-08,UKLV,Lvov FIR,0
2019-04-08,UKOV,Odessa FIR,0
2019-04-08,ULLL,Sankt-Peterburg FIR,1
2019-04-08,UMKK,Kaliningrad FIR,0
2019-04-08,UMMV,Minsk FIR,0
2019-04-08,UNNT,Novosibirsk FIR,0
2019-04-08,URRV,Rostov-Na-Donu FIR,0
2019-04-08,UUWV,Moscow FIR,4
2019-04-08,UWWW,Samara FIR,0
2019-04-09,BIRD,Reykjavik FIR,11
2019-04-09,EBBU,Brussels FIR,5
2019-04-09,EDGG,Langen FIR,59
2019-04-09,EDMM,Munchen FIR,19
2019-04-09,EDWW,Bremen FIR,3
2019-04-09,EETT,Tallinn FIR,0
2019-04-09,EFIN,Helsinki FIR,1
2019-04-09,EGPX,Scottish FIR,1
2019-04-09,EGTT,London FIR,63
2019-04-09,EHAA,Amsterdam FIR,23
2019-04-09,EISN,Shannon FIR,4
2019-04-09,EKDK,Copenhagen FIR,5
2019-04-09,ENOB,Bodo Oceanic FIR,0
2019-04-09,ENOR,Polaris FIR,2
2019-04-09,EPWW,Warszawa FIR,2
2019-04-09,ESAA,Sweden FIR,2
2019-04-09,EVRR,Riga FIR,0
2019-04-09,EYVL,Vilnius FIR,0
2019-04-09,GCCC,Canarias FIR,0
2019-04-09,GMMM,Casablanca FIR,0
2019-04-09,LAAA,Tirana FIR,2
2019-04-09,LBSR,Sofia FIR,2
2019-04-09,LDZO,Zagreb FIR,2
2019-04-09,LECB,Barcelona FIR,5
2019-04-09,LECM,Madrid FIR,20
2019-04-09,LFBB,Bordeaux FIR,0
2019-04-09,LFEE,Reims FIR,2
2019-04-09,LFFF,Paris FIR,25
2019-04-09,LFMM,Marseille FIR,1
2019-04-09,LFRR,Brest FIR,0
2019-04-09,LGGG,Athinai FIR,9
2019-04-09,LHCC,Budapest FIR,5
2019-04-09,LIBB,Brindisi FIR,0
2019-04-09,LIMM,Milano FIR,5
2019-04-09,LIRR,Roma FIR,6
2019-04-09,LJLA,Ljubljana FIR,0
2019-04-09,LKAA,Praha FIR,2
2019-04-09,LMMM,Malta FIR,0
2019-04-09,LOVV,Wien FIR,8
2019-04-09,LPPC,Lisboa FIR,1
2019-04-09,LPPO,Santa Maria FIR,0
2019-04-09,LQSB,Sarajevo FIR,0
2019-04-09,LRBB,Bucarest FIR,5
2019-04-09,LSAS,Switzerland FIR,13
2019-04-09,LUUU,Chisinau FIR,0
2019-04-09,LWSS,Skopje FIR,1
2019-04-09,LYBA,Beograd FIR,0
2019-04-09,LZBB,Bratislava  FIR,0
2019-04-09,UKBV,Kiev FIR,0
2019-04-09,UKDV,Dnipro FIR,0
2019-04-09,UKLV,Lvov FIR,0
2019-04-09,UKOV,Odessa FIR,0
2019-04-09,ULLL,Sankt-Peterburg FIR,1
2019-04-09,UMKK,Kaliningrad FIR,0
2019-04-09,UMMV,Minsk FIR,0
2019-04-09,UNNT,Novosibirsk FIR,0
2019-04-09,URRV,Rostov-Na-Donu FIR,0
2019-04-09,USSV,Yekaterinburg FIR,0
2019-04-09,UUWV,Moscow FIR,3
2019-04-09,UWWW,Samara FIR,0
2019-04-10,BIRD,Reykjavik FIR,7
2019-04-10,EBBU,Brussels FIR,6
2019-04-10,EDGG,Langen FIR,52
2019-04-10,EDMM,Munchen FIR,21
2019-04-10,EDWW,Bremen FIR,4
2019-04-10,EETT,Tallinn FIR,0
2019-04-10,EFIN,Helsinki FIR,4
2019-04-10,EGPX,Scottish FIR,1
2019-04-10,EGTT,London FIR,64
2019-04-10,EHAA,Amsterdam FIR,27
2019-04-10,EISN,Shannon FIR,5
2019-04-10,EKDK,Copenhagen FIR,9
2019-04-10,ENOB,Bodo Oceanic FIR,0
2019-04-10,ENOR,Polaris FIR,3
2019-04-10,EPWW,Warszawa FIR,3
2019-04-10,ESAA,Sweden FIR,5
2019-04-10,EVRR,Riga FIR,0
2019-04-10,EYVL,Vilnius FIR,0
2019-04-10,GCCC,Canarias FIR,0
2019-04-10,GMMM,Casablanca FIR,0
2019-04-10,LAAA,Tirana FIR,0
2019-04-10,LBSR,Sofia FIR,2
2019-04-10,LDZO,Zagreb FIR,0
2019-04-10,LECB,Barcelona FIR,1
2019-04-10,LECM,Madrid FIR,32
2019-04-10,LFBB,Bordeaux FIR,0
2019-04-10,LFEE,Reims FIR,3
2019-04-10,LFFF,Paris FIR,40
2019-04-10,LFMM,Marseille FIR,3
2019-04-10,LFRR,Brest FIR,0
2019-04-10,LGGG,Athinai FIR,2
2019-04-10,LHCC,Budapest FIR,0
2019-04-10,LIBB,Brindisi FIR,0
2019-04-10,LIMM,Milano FIR,8
2019-04-10,LIRR,Roma FIR,8
2019-04-10,LJLA,Ljubljana FIR,0
2019-04-10,LKAA,Praha FIR,0
2019-04-10,LMMM,Malta FIR,0
2019-04-10,LOVV,Wien FIR,4
2019-04-10,LPPC,Lisboa FIR,5
2019-04-10,LPPO,Santa Maria FIR,0
2019-04-10,LQSB,Sarajevo FIR,0
2019-04-10,LRBB,Bucarest FIR,9
2019-04-10,LSAS,Switzerland FIR,19
2019-04-10,LUUU,Chisinau FIR,1
2019-04-10,LWSS,Skopje FIR,0
2019-04-10,LYBA,Beograd FIR,0
2019-04-10,LZBB,Bratislava  FIR,1
2019-04-10,UKBV,Kiev FIR,2
2019-04-10,UKDV,Dnipro FIR,0
2019-04-10,UKLV,Lvov FIR,0
2019-04-10,UKOV,Odessa FIR,0
2019-04-10,ULLL,Sankt-Peterburg FIR,0
2019-04-10,UMKK,Kaliningrad FIR,0
2019-04-10,UMMV,Minsk FIR,0
2019-04-10,UNNT,Novosibirsk FIR,0
2019-04-10,URRV,Rostov-Na-Donu FIR,0
2019-04-10,USSV,Yekaterinburg FIR,0
2019-04-10,UUWV,Moscow FIR,5
2019-04-10,UWWW,Samara FIR,0
2019-04-11,BIRD,Reykjavik FIR,9
2019-04-11,EBBU,Brussels FIR,13
2019-04-11,EDGG,Langen FIR,62
2019-04-11,EDMM,Munchen FIR,23
2019-04-11,EDWW,Bremen FIR,5
2019-04-11,EETT,Tallinn FIR,1
2019-04-11,EFIN,Helsinki FIR,1
2019-04-11,EGPX,Scottish FIR,4
2019-04-11,EGTT,London FIR,58
2019-04-11,EHAA,Amsterdam FIR,21
2019-04-11,EISN,Shannon FIR,3
2019-04-11,EKDK,Copenhagen FIR,8
2019-04-11,ENOB,Bodo Oceanic FIR,0
2019-04-11,ENOR,Polaris FIR,3
2019-04-11,EPWW,Warszawa FIR,7
2019-04-11,ESAA,Sweden FIR,8
2019-04-11,EVRR,Riga FIR,0
2019-04-11,EYVL,Vilnius FIR,0
2019-04-11,GCCC,Canarias FIR,0
2019-04-11,GMMM,Casablanca FIR,0
2019-04-11,LAAA,Tirana FIR,0
2019-04-11,LBSR,Sofia FIR,4
2019-04-11,LDZO,Zagreb FIR,1
2019-04-11,LECB,Barcelona FIR,11
2019-04-11,LECM,Madrid FIR,19
2019-04-11,LFBB,Bordeaux FIR,0
2019-04-11,LFEE,Reims FIR,2
2019-04-11,LFFF,Paris FIR,25
2019-04-11,LFMM,Marseille FIR,2
2019-04-11,LFRR,Brest FIR,0
2019-04-11,LGGG,Athinai FIR,9
2019-04-11,LHCC,Budapest FIR,12
2019-04-11,LIBB,Brindisi FIR,0
2019-04-11,LIMM,Milano FIR,12
2019-04-11,LIRR,Roma FIR,14
2019-04-11,LJLA,Ljubljana FIR,0
2019-04-11,LKAA,Praha FIR,1
2019-04-11,LMMM,Malta FIR,0
2019-04-11,LOVV,Wien FIR,12
2019-04-11,LPPC,Lisboa FIR,9
2019-04-11,LPPO,Santa Maria FIR,1
2019-04-11,LQSB,Sarajevo FIR,0
2019-04-11,LRBB,Bucarest FIR,10
2019-04-11,LSAS,Switzerland FIR,12
2019-04-11,LUUU,Chisinau FIR,2
2019-04-11,LWSS,Skopje FIR,0
2019-04-11,LYBA,Beograd FIR,2
2019-04-11,LZBB,Bratislava  FIR,1
2019-04-11,UKBV,Kiev FIR,2
2019-04-11,UKDV,Dnipro FIR,1
2019-04-11,UKLV,Lvov FIR,1
2019-04-11,UKOV,Odessa FIR,0
2019-04-11,ULLL,Sankt-Peterburg FIR,2
2019-04-11,UMKK,Kaliningrad FIR,0
2019-04-11,UMMV,Minsk FIR,0
2019-04-11,UNNT,Novosibirsk FIR,1
2019-04-11,URRV,Rostov-Na-Donu FIR,0
2019-04-11,USSV,Yekaterinburg FIR,0
2019-04-11,UUWV,Moscow FIR,8
2019-04-12,BIRD,Reykjavik FIR,0
2019-04-12,EBBU,Brussels FIR,12
2019-04-12,EDGG,Langen FIR,68
2019-04-12,EDMM,Munchen FIR,14
2019-04-12,EDWW,Bremen FIR,6
2019-04-12,EETT,Tallinn FIR,0
2019-04-12,EFIN,Helsinki FIR,1
2019-04-12,EGPX,Scottish FIR,3
2019-04-12,EGTT,London FIR,67
2019-04-12,EHAA,Amsterdam FIR,30
2019-04-12,EISN,Shannon FIR,6
2019-04-12,EKDK,Copenhagen FIR,5
2019-04-12,ENOB,Bodo Oceanic FIR,0
2019-04-12,ENOR,Polaris FIR,4
2019-04-12,EPWW,Warszawa FIR,4
2019-04-12,ESAA,Sweden FIR,5
2019-04-12,EVRR,Riga FIR,0
2019-04-12,EYVL,Vilnius FIR,0
2019-04-12,GCCC,Canarias FIR,6
2019-04-12,GMMM,Casablanca FIR,0
2019-04-12,LAAA,Tirana FIR,0
2019-04-12,LBSR,Sofia FIR,2
2019-04-12,LDZO,Zagreb FIR,0
2019-04-12,LECB,Barcelona FIR,10
2019-04-12,LECM,Madrid FIR,31
2019-04-12,LFBB,Bordeaux FIR,0
2019-04-12,LFEE,Reims FIR,0
2019-04-12,LFFF,Paris FIR,35
2019-04-12,LFMM,Marseille FIR,0
2019-04-12,LFRR,Brest FIR,0
2019-04-12,LGGG,Athinai FIR,9
2019-04-12,LHCC,Budapest FIR,1
2019-04-12,LIBB,Brindisi FIR,0
2019-04-12,LIMM,Milano FIR,13
2019-04-12,LIRR,Roma FIR,18
2019-04-12,LJLA,Ljubljana FIR,0
2019-04-12,LKAA,Praha FIR,3
2019-04-12,LMMM,Malta FIR,1
2019-04-12,LOVV,Wien FIR,5
2019-04-12,LPPC,Lisboa FIR,14
2019-04-12,LPPO,Santa Maria FIR,7
2019-04-12,LQSB,Sarajevo FIR,0
2019-04-12,LRBB,Bucarest FIR,10
2019-04-12,LSAS,Switzerland FIR,10
2019-04-12,LUUU,Chisinau FIR,1
2019-04-12,LWSS,Skopje FIR,0
2019-04-12,LYBA,Beograd FIR,3
2019-04-12,LZBB,Bratislava  FIR,1
2019-04-12,UKBV,Kiev FIR,1
2019-04-12,UKDV,Dnipro FIR,0
2019-04-12,UKLV,Lvov FIR,0
2019-04-12,UKOV,Odessa FIR,0
2019-04-12,ULLL,Sankt-Peterburg FIR,0
2019-04-12,UMKK,Kaliningrad FIR,0
2019-04-12,UMMV,Minsk FIR,0
2019-04-12,UNNT,Novosibirsk FIR,1
2019-04-12,URRV,Rostov-Na-Donu FIR,0
2019-04-12,USSV,Yekaterinburg FIR,0
2019-04-12,UUWV,Moscow FIR,4
2019-04-12,UWWW,Samara FIR,0
2019-04-13,BIRD,Reykjavik FIR,0
2019-04-13,EBBU,Brussels FIR,11
2019-04-13,EDGG,Langen FIR,37
2019-04-13,EDMM,Munchen FIR,17
2019-04-13,EDWW,Bremen FIR,1
2019-04-13,EETT,Tallinn FIR,0
2019-04-13,EFIN,Helsinki FIR,2
2019-04-13,EGPX,Scottish FIR,6
2019-04-13,EGTT,London FIR,69
2019-04-13,EHAA,Amsterdam FIR,25
2019-04-13,EISN,Shannon FIR,7
2019-04-13,EKDK,Copenhagen FIR,5
2019-04-13,ENOB,Bodo Oceanic FIR,0
2019-04-13,ENOR,Polaris FIR,4
2019-04-13,EPWW,Warszawa FIR,5
2019-04-13,ESAA,Sweden FIR,1
2019-04-13,EVRR,Riga FIR,0
2019-04-13,EYVL,Vilnius FIR,1
2019-04-13,GCCC,Canarias FIR,59
2019-04-13,GMMM,Casablanca FIR,0
2019-04-13,LAAA,Tirana FIR,0
2019-04-13,LBSR,Sofia FIR,0
2019-04-13,LDZO,Zagreb FIR,0
2019-04-13,LECB,Barcelona FIR,10
2019-04-13,LECM,Madrid FIR,31
2019-04-13,LFBB,Bordeaux FIR,0
2019-04-13,LFEE,Reims FIR,0
2019-04-13,LFFF,Paris FIR,41
2019-04-13,LFMM,Marseille FIR,0
2019-04-13,LFRR,Brest FIR,0
2019-04-13,LGGG,Athinai FIR,1
2019-04-13,LHCC,Budapest FIR,0
2019-04-13,LIBB,Brindisi FIR,0
2019-04-13,LIMM,Milano FIR,6
2019-04-13,LIRR,Roma FIR,9
2019-04-13,LJLA,Ljubljana FIR,0
2019-04-13,LKAA,Praha FIR,4
2019-04-13,LMMM,Malta FIR,0
2019-04-13,LOVV,Wien FIR,5
2019-04-13,LPPC,Lisboa FIR,32
2019-04-13,LPPO,Santa Maria FIR,9
2019-04-13,LQSB,Sarajevo FIR,0
2019-04-13,LRBB,Bucarest FIR,0
2019-04-13,LSAS,Switzerland FIR,12
2019-04-13,LUUU,Chisinau FIR,0
2019-04-13,LWSS,Skopje FIR,0
2019-04-13,LYBA,Beograd FIR,0
2019-04-13,LZBB,Bratislava  FIR,0
2019-04-13,UKBV,Kiev FIR,5
2019-04-13,UKDV,Dnipro FIR,0
2019-04-13,UKLV,Lvov FIR,0
2019-04-13,UKOV,Odessa FIR,0
2019-04-13,ULLL,Sankt-Peterburg FIR,0
2019-04-13,UMKK,Kaliningrad FIR,0
2019-04-13,UMMV,Minsk FIR,0
2019-04-13,UNNT,Novosibirsk FIR,0
2019-04-13,URRV,Rostov-Na-Donu FIR,0
2019-04-13,USSV,Yekaterinburg FIR,0
2019-04-13,UUWV,Moscow FIR,7
2019-04-13,UWWW,Samara FIR,0
2019-04-14,BIRD,Reykjavik FIR,3
2019-04-14,EBBU,Brussels FIR,7
2019-04-14,EDGG,Langen FIR,32
2019-04-14,EDMM,Munchen FIR,8
2019-04-14,EDWW,Bremen FIR,4
2019-04-14,EETT,Tallinn FIR,0
2019-04-14,EFIN,Helsinki FIR,1
2019-04-14,EGPX,Scottish FIR,14
2019-04-14,EGTT,London FIR,78
2019-04-14,EHAA,Amsterdam FIR,17
2019-04-14,EISN,Shannon FIR,23
2019-04-14,EKDK,Copenhagen FIR,10
2019-04-14,ENOB,Bodo Oceanic FIR,0
2019-04-14,ENOR,Polaris FIR,5
2019-04-14,EPWW,Warszawa FIR,1
2019-04-14,ESAA,Sweden FIR,3
2019-04-14,EVRR,Riga FIR,0
2019-04-14,EYVL,Vilnius FIR,0
2019-04-14,GCCC,Canarias FIR,127
2019-04-14,GMMM,Casablanca FIR,0
2019-04-14,LAAA,Tirana FIR,0
2019-04-14,LBSR,Sofia FIR,0
2019-04-14,LDZO,Zagreb FIR,0
2019-04-14,LECB,Barcelona FIR,14
2019-04-14,LECM,Madrid FIR,63
2019-04-14,LFBB,Bordeaux FIR,1
2019-04-14,LFEE,Reims FIR,4
2019-04-14,LFFF,Paris FIR,30
2019-04-14,LFMM,Marseille FIR,3
2019-04-14,LFRR,Brest FIR,1
2019-04-14,LGGG,Athinai FIR,1
2019-04-14,LHCC,Budapest FIR,1
2019-04-14,LIBB,Brindisi FIR,0
2019-04-14,LIMM,Milano FIR,8
2019-04-14,LIRR,Roma FIR,8
2019-04-14,LJLA,Ljubljana FIR,0
2019-04-14,LKAA,Praha FIR,1
2019-04-14,LMMM,Malta FIR,0
2019-04-14,LOVV,Wien FIR,3
2019-04-14,LPPC,Lisboa FIR,122
2019-04-14,LPPO,Santa Maria FIR,5
2019-04-14,LQSB,Sarajevo FIR,0
2019-04-14,LRBB,Bucarest FIR,0
2019-04-14,LSAS,Switzerland FIR,14
2019-04-14,LUUU,Chisinau FIR,0
2019-04-14,LWSS,Skopje FIR,0
2019-04-14,LYBA,Beograd FIR,0
2019-04-14,LZBB,Bratislava  FIR,0
2019-04-14,UKBV,Kiev FIR,2
2019-04-14,UKDV,Dnipro FIR,0
2019-04-14,UKLV,Lvov FIR,0
2019-04-14,UKOV,Odessa FIR,0
2019-04-14,ULLL,Sankt-Peterburg FIR,1
2019-04-14,UMKK,Kaliningrad FIR,0
2019-04-14,UMMV,Minsk FIR,1
2019-04-14,UNNT,Novosibirsk FIR,0
2019-04-14,URRV,Rostov-Na-Donu FIR,0
2019-04-14,USSV,Yekaterinburg FIR,0
2019-04-14,UUWV,Moscow FIR,3
2019-04-14,UWWW,Samara FIR,0
2019-04-15,BIRD,Reykjavik FIR,5
2019-04-15,EBBU,Brussels FIR,19
2019-04-15,EDGG,Langen FIR,48
2019-04-15,EDMM,Munchen FIR,13
2019-04-15,EDWW,Bremen FIR,5
2019-04-15,EETT,Tallinn FIR,0
2019-04-15,EFIN,Helsinki FIR,4
2019-04-15,EGPX,Scottish FIR,19
2019-04-15,EGTT,London FIR,163
2019-04-15,EHAA,Amsterdam FIR,29
2019-04-15,EISN,Shannon FIR,20
2019-04-15,EKDK,Copenhagen FIR,3
2019-04-15,ENOB,Bodo Oceanic FIR,0
2019-04-15,ENOR,Polaris FIR,4
2019-04-15,EPWW,Warszawa FIR,5
2019-04-15,ESAA,Sweden FIR,6
2019-04-15,EVRR,Riga FIR,0
2019-04-15,EYVL,Vilnius FIR,0
2019-04-15,GCCC,Canarias FIR,35
2019-04-15,GMMM,Casablanca FIR,0
2019-04-15,LAAA,Tirana FIR,0
2019-04-15,LBSR,Sofia FIR,1
2019-04-15,LDZO,Zagreb FIR,0
2019-04-15,LECB,Barcelona FIR,45
2019-04-15,LECM,Madrid FIR,64
2019-04-15,LFBB,Bordeaux FIR,11
2019-04-15,LFEE,Reims FIR,8
2019-04-15,LFFF,Paris FIR,57
2019-04-15,LFMM,Marseille FIR,22
2019-04-15,LFRR,Brest FIR,3
2019-04-15,LGGG,Athinai FIR,4
2019-04-15,LHCC,Budapest FIR,3
2019-04-15,LIBB,Brindisi FIR,0
2019-04-15,LIMM,Milano FIR,13
2019-04-15,LIRR,Roma FIR,20
2019-04-15,LJLA,Ljubljana FIR,0
2019-04-15,LKAA,Praha FIR,0
2019-04-15,LMMM,Malta FIR,2
2019-04-15,LOVV,Wien FIR,5
2019-04-15,LPPC,Lisboa FIR,36
2019-04-15,LPPO,Santa Maria FIR,2
2019-04-15,LQSB,Sarajevo FIR,0
2019-04-15,LRBB,Bucarest FIR,1
2019-04-15,LSAS,Switzerland FIR,17
2019-04-15,LUUU,Chisinau FIR,0
2019-04-15,LWSS,Skopje FIR,0
2019-04-15,LYBA,Beograd FIR,0
2019-04-15,LZBB,Bratislava  FIR,0
2019-04-15,UKBV,Kiev FIR,0
2019-04-15,UKDV,Dnipro FIR,0
2019-04-15,UKLV,Lvov FIR,0
2019-04-15,UKOV,Odessa FIR,0
2019-04-15,ULLL,Sankt-Peterburg FIR,0
2019-04-15,UMKK,Kaliningrad FIR,0
2019-04-15,UMMV,Minsk FIR,0
2019-04-15,UNNT,Novosibirsk FIR,0
2019-04-15,URRV,Rostov-Na-Donu FIR,0
2019-04-15,UUWV,Moscow FIR,2
2019-04-15,UWWW,Samara FIR,0
2019-04-16,BIRD,Reykjavik FIR,2
2019-04-16,EBBU,Brussels FIR,10
2019-04-16,EDGG,Langen FIR,47
2019-04-16,EDMM,Munchen FIR,12
2019-04-16,EDWW,Bremen FIR,8
2019-04-16,EETT,Tallinn FIR,0
2019-04-16,EFIN,Helsinki FIR,5
2019-04-16,EGPX,Scottish FIR,11
2019-04-16,EGTT,London FIR,164
2019-04-16,EHAA,Amsterdam FIR,17
2019-04-16,EISN,Shannon FIR,20
2019-04-16,EKDK,Copenhagen FIR,3
2019-04-16,ENOB,Bodo Oceanic FIR,0
2019-04-16,ENOR,Polaris FIR,3
2019-04-16,EPWW,Warszawa FIR,2
2019-04-16,ESAA,Sweden FIR,4
2019-04-16,EVRR,Riga FIR,0
2019-04-16,EYVL,Vilnius FIR,1
2019-04-16,GCCC,Canarias FIR,91
2019-04-16,GMMM,Casablanca FIR,0
2019-04-16,LAAA,Tirana FIR,0
2019-04-16,LBSR,Sofia FIR,1
2019-04-16,LDZO,Zagreb FIR,3
2019-04-16,LECB,Barcelona FIR,26
2019-04-16,LECM,Madrid FIR,88
2019-04-16,LFBB,Bordeaux FIR,1
2019-04-16,LFEE,Reims FIR,12
2019-04-16,LFFF,Paris FIR,46
2019-04-16,LFMM,Marseille FIR,10
2019-04-16,LFRR,Brest FIR,3
2019-04-16,LGGG,Athinai FIR,9
2019-04-16,LHCC,Budapest FIR,3
2019-04-16,LIBB,Brindisi FIR,1
2019-04-16,LIMM,Milano FIR,33
2019-04-16,LIRR,Roma FIR,17
2019-04-16,LJLA,Ljubljana FIR,0
2019-04-16,LKAA,Praha FIR,2
2019-04-16,LMMM,Malta FIR,2
2019-04-16,LOVV,Wien FIR,3
2019-04-16,LPPC,Lisboa FIR,92
2019-04-16,LPPO,Santa Maria FIR,0
2019-04-16,LQSB,Sarajevo FIR,0
2019-04-16,LRBB,Bucarest FIR,3
2019-04-16,LSAS,Switzerland FIR,34
2019-04-16,LUUU,Chisinau FIR,0
2019-04-16,LWSS,Skopje FIR,0
2019-04-16,LYBA,Beograd FIR,0
2019-04-16,LZBB,Bratislava  FIR,0
2019-04-16,UKBV,Kiev FIR,0
2019-04-16,UKDV,Dnipro FIR,0
2019-04-16,UKLV,Lvov FIR,0
2019-04-16,UKOV,Odessa FIR,0
2019-04-16,ULLL,Sankt-Peterburg FIR,0
2019-04-16,UMKK,Kaliningrad FIR,0
2019-04-16,UMMV,Minsk FIR,0
2019-04-16,UNNT,Novosibirsk FIR,0
2019-04-16,USSV,Yekaterinburg FIR,0
2019-04-16,UUWV,Moscow FIR,2
2019-04-16,UWWW,Samara FIR,0
2019-04-17,BIRD,Reykjavik FIR,4
2019-04-17,EBBU,Brussels FIR,29
2019-04-17,EDGG,Langen FIR,67
2019-04-17,EDMM,Munchen FIR,21
2019-04-17,EDWW,Bremen FIR,8
2019-04-17,EETT,Tallinn FIR,1
2019-04-17,EFIN,Helsinki FIR,10
2019-04-17,EGPX,Scottish FIR,15
2019-04-17,EGTT,London FIR,147
2019-04-17,EHAA,Amsterdam FIR,37
2019-04-17,EISN,Shannon FIR,19
2019-04-17,EKDK,Copenhagen FIR,11
2019-04-17,ENOB,Bodo Oceanic FIR,1
2019-04-17,ENOR,Polaris FIR,11
2019-04-17,EPWW,Warszawa FIR,8
2019-04-17,ESAA,Sweden FIR,9
2019-04-17,EVRR,Riga FIR,0
2019-04-17,EYVL,Vilnius FIR,0
2019-04-17,GCCC,Canarias FIR,55
2019-04-17,GMMM,Casablanca FIR,0
2019-04-17,LAAA,Tirana FIR,0
2019-04-17,LBSR,Sofia FIR,2
2019-04-17,LDZO,Zagreb FIR,1
2019-04-17,LECB,Barcelona FIR,127
2019-04-17,LECM,Madrid FIR,163
2019-04-17,LFBB,Bordeaux FIR,10
2019-04-17,LFEE,Reims FIR,8
2019-04-17,LFFF,Paris FIR,74
2019-04-17,LFMM,Marseille FIR,22
2019-04-17,LFRR,Brest FIR,1
2019-04-17,LGGG,Athinai FIR,7
2019-04-17,LHCC,Budapest FIR,5
2019-04-17,LIBB,Brindisi FIR,0
2019-04-17,LIMM,Milano FIR,35
2019-04-17,LIRR,Roma FIR,23
2019-04-17,LJLA,Ljubljana FIR,0
2019-04-17,LKAA,Praha FIR,5
2019-04-17,LMMM,Malta FIR,2
2019-04-17,LOVV,Wien FIR,7
2019-04-17,LPPC,Lisboa FIR,75
2019-04-17,LPPO,Santa Maria FIR,0
2019-04-17,LQSB,Sarajevo FIR,0
2019-04-17,LRBB,Bucarest FIR,4
2019-04-17,LSAS,Switzerland FIR,20
2019-04-17,LUUU,Chisinau FIR,0
2019-04-17,LWSS,Skopje FIR,0
2019-04-17,LYBA,Beograd FIR,0
2019-04-17,LZBB,Bratislava  FIR,0
2019-04-17,UKBV,Kiev FIR,2
2019-04-17,UKDV,Dnipro FIR,0
2019-04-17,UKLV,Lvov FIR,0
2019-04-17,UKOV,Odessa FIR,0
2019-04-17,ULLL,Sankt-Peterburg FIR,0
2019-04-17,UMKK,Kaliningrad FIR,0
2019-04-17,UMMV,Minsk FIR,0
2019-04-17,UNNT,Novosibirsk FIR,0
2019-04-17,URRV,Rostov-Na-Donu FIR,0
2019-04-17,USSV,Yekaterinburg FIR,0
2019-04-17,UUWV,Moscow FIR,9
2019-04-17,UWWW,Samara FIR,0
2019-04-18,BIRD,Reykjavik FIR,7
2019-04-18,EBBU,Brussels FIR,32
2019-04-18,EDGG,Langen FIR,49
2019-04-18,EDMM,Munchen FIR,16
2019-04-18,EDWW,Bremen FIR,5
2019-04-18,EETT,Tallinn FIR,0
2019-04-18,EFIN,Helsinki FIR,9
2019-04-18,EGPX,Scottish FIR,14
2019-04-18,EGTT,London FIR,137
2019-04-18,EHAA,Amsterdam FIR,26
2019-04-18,EISN,Shannon FIR,13
2019-04-18,EKDK,Copenhagen FIR,9
2019-04-18,ENOB,Bodo Oceanic FIR,0
2019-04-18,ENOR,Polaris FIR,2
2019-04-18,EPWW,Warszawa FIR,13
2019-04-18,ESAA,Sweden FIR,6
2019-04-18,EVRR,Riga FIR,0
2019-04-18,EYVL,Vilnius FIR,2
2019-04-18,GCCC,Canarias FIR,36
2019-04-18,GMMM,Casablanca FIR,0
2019-04-18,LAAA,Tirana FIR,0
2019-04-18,LBSR,Sofia FIR,3
2019-04-18,LDZO,Zagreb FIR,0
2019-04-18,LECB,Barcelona FIR,97
2019-04-18,LECM,Madrid FIR,109
2019-04-18,LFBB,Bordeaux FIR,29
2019-04-18,LFEE,Reims FIR,8
2019-04-18,LFFF,Paris FIR,81
2019-04-18,LFMM,Marseille FIR,10
2019-04-18,LFRR,Brest FIR,8
2019-04-18,LGGG,Athinai FIR,7
2019-04-18,LHCC,Budapest FIR,4
2019-04-18,LIBB,Brindisi FIR,0
2019-04-18,LIMM,Milano FIR,27
2019-04-18,LIRR,Roma FIR,24
2019-04-18,LJLA,Ljubljana FIR,0
2019-04-18,LKAA,Praha FIR,3
2019-04-18,LMMM,Malta FIR,4
2019-04-18,LOVV,Wien FIR,8
2019-04-18,LPPC,Lisboa FIR,53
2019-04-18,LPPO,Santa Maria FIR,1
2019-04-18,LQSB,Sarajevo FIR,0
2019-04-18,LRBB,Bucarest FIR,8
2019-04-18,LSAS,Switzerland FIR,16
2019-04-18,LUUU,Chisinau FIR,0
2019-04-18,LWSS,Skopje FIR,0
2019-04-18,LYBA,Beograd FIR,0
2019-04-18,LZBB,Bratislava  FIR,0
2019-04-18,UKBV,Kiev FIR,1
2019-04-18,UKDV,Dnipro FIR,0
2019-04-18,UKLV,Lvov FIR,0
2019-04-18,UKOV,Odessa FIR,0
2019-04-18,ULLL,Sankt-Peterburg FIR,0
2019-04-18,UMKK,Kaliningrad FIR,0
2019-04-18,UMMV,Minsk FIR,0
2019-04-18,UNNT,Novosibirsk FIR,0
2019-04-18,URRV,Rostov-Na-Donu FIR,0
2019-04-18,USSV,Yekaterinburg FIR,0
2019-04-18,UUWV,Moscow FIR,3
2019-04-19,BIRD,Reykjavik FIR,2
2019-04-19,EBBU,Brussels FIR,10
2019-04-19,EDGG,Langen FIR,37
2019-04-19,EDMM,Munchen FIR,15
2019-04-19,EDWW,Bremen FIR,0
2019-04-19,EETT,Tallinn FIR,1
2019-04-19,EFIN,Helsinki FIR,11
2019-04-19,EGPX,Scottish FIR,5
2019-04-19,EGTT,London FIR,94
2019-04-19,EHAA,Amsterdam FIR,22
2019-04-19,EISN,Shannon FIR,15
2019-04-19,EKDK,Copenhagen FIR,5
2019-04-19,ENOB,Bodo Oceanic FIR,0
2019-04-19,ENOR,Polaris FIR,4
2019-04-19,EPWW,Warszawa FIR,2
2019-04-19,ESAA,Sweden FIR,7
2019-04-19,EVRR,Riga FIR,0
2019-04-19,EYVL,Vilnius FIR,1
2019-04-19,GCCC,Canarias FIR,8
2019-04-19,GMMM,Casablanca FIR,0
2019-04-19,LAAA,Tirana FIR,0
2019-04-19,LBSR,Sofia FIR,0
2019-04-19,LDZO,Zagreb FIR,0
2019-04-19,LECB,Barcelona FIR,28
2019-04-19,LECM,Madrid FIR,25
2019-04-19,LFBB,Bordeaux FIR,0
2019-04-19,LFEE,Reims FIR,0
2019-04-19,LFFF,Paris FIR,52
2019-04-19,LFMM,Marseille FIR,1
2019-04-19,LFRR,Brest FIR,0
2019-04-19,LGGG,Athinai FIR,7
2019-04-19,LHCC,Budapest FIR,4
2019-04-19,LIBB,Brindisi FIR,0
2019-04-19,LIMM,Milano FIR,14
2019-04-19,LIRR,Roma FIR,26
2019-04-19,LJLA,Ljubljana FIR,0
2019-04-19,LKAA,Praha FIR,1
2019-04-19,LMMM,Malta FIR,1
2019-04-19,LOVV,Wien FIR,2
2019-04-19,LPPC,Lisboa FIR,11
2019-04-19,LPPO,Santa Maria FIR,0
2019-04-19,LQSB,Sarajevo FIR,0
2019-04-19,LRBB,Bucarest FIR,4
2019-04-19,LSAS,Switzerland FIR,10
2019-04-19,LUUU,Chisinau FIR,0
2019-04-19,LWSS,Skopje FIR,0
2019-04-19,LYBA,Beograd FIR,0
2019-04-19,LZBB,Bratislava  FIR,0
2019-04-19,UKBV,Kiev FIR,0
2019-04-19,UKDV,Dnipro FIR,0
2019-04-19,UKLV,Lvov FIR,0
2019-04-19,UKOV,Odessa FIR,0
2019-04-19,ULLL,Sankt-Peterburg FIR,1
2019-04-19,UMKK,Kaliningrad FIR,0
2019-04-19,UMMV,Minsk FIR,0
2019-04-19,UNNT,Novosibirsk FIR,0
2019-04-19,URRV,Rostov-Na-Donu FIR,0
2019-04-19,USSV,Yekaterinburg FIR,0
2019-04-19,UUWV,Moscow FIR,21
2019-04-19,UWWW,Samara FIR,0
2019-04-20,BIRD,Reykjavik FIR,9
2019-04-20,EBBU,Brussels FIR,12
2019-04-20,EDGG,Langen FIR,27
2019-04-20,EDMM,Munchen FIR,15
2019-04-20,EDWW,Bremen FIR,0
2019-04-20,EETT,Tallinn FIR,0
2019-04-20,EFIN,Helsinki FIR,2
2019-04-20,EGPX,Scottish FIR,1
2019-04-20,EGTT,London FIR,85
2019-04-20,EHAA,Amsterdam FIR,20
2019-04-20,EISN,Shannon FIR,21
2019-04-20,EKDK,Copenhagen FIR,2
2019-04-20,ENOB,Bodo Oceanic FIR,1
2019-04-20,ENOR,Polaris FIR,3
2019-04-20,EPWW,Warszawa FIR,4
2019-04-20,ESAA,Sweden FIR,1
2019-04-20,EVRR,Riga FIR,0
2019-04-20,EYVL,Vilnius FIR,0
2019-04-20,GCCC,Canarias FIR,31
2019-04-20,GMMM,Casablanca FIR,0
2019-04-20,LAAA,Tirana FIR,0
2019-04-20,LBSR,Sofia FIR,1
2019-04-20,LDZO,Zagreb FIR,0
2019-04-20,LECB,Barcelona FIR,18
2019-04-20,LECM,Madrid FIR,27
2019-04-20,LFBB,Bordeaux FIR,0
2019-04-20,LFEE,Reims FIR,0
2019-04-20,LFFF,Paris FIR,46
2019-04-20,LFMM,Marseille FIR,6
2019-04-20,LFRR,Brest FIR,2
2019-04-20,LGGG,Athinai FIR,6
2019-04-20,LHCC,Budapest FIR,1
2019-04-20,LIBB,Brindisi FIR,0
2019-04-20,LIMM,Milano FIR,9
2019-04-20,LIRR,Roma FIR,28
2019-04-20,LJLA,Ljubljana FIR,0
2019-04-20,LKAA,Praha FIR,1
2019-04-20,LMMM,Malta FIR,4
2019-04-20,LOVV,Wien FIR,7
2019-04-20,LPPC,Lisboa FIR,7
2019-04-20,LPPO,Santa Maria FIR,0
2019-04-20,LQSB,Sarajevo FIR,0
2019-04-20,LRBB,Bucarest FIR,4
2019-04-20,LSAS,Switzerland FIR,15
2019-04-20,LUUU,Chisinau FIR,0
2019-04-20,LWSS,Skopje FIR,0
2019-04-20,LYBA,Beograd FIR,0
2019-04-20,LZBB,Bratislava  FIR,0
2019-04-20,UKBV,Kiev FIR,2
2019-04-20,UKDV,Dnipro FIR,0
2019-04-20,UKLV,Lvov FIR,0
2019-04-20,UKOV,Odessa FIR,0
2019-04-20,ULLL,Sankt-Peterburg FIR,0
2019-04-20,UMKK,Kaliningrad FIR,0
2019-04-20,UMMV,Minsk FIR,0
2019-04-20,UNNT,Novosibirsk FIR,1
2019-04-20,URRV,Rostov-Na-Donu FIR,0
2019-04-20,USSV,Yekaterinburg FIR,0
2019-04-20,UUWV,Moscow FIR,0
2019-04-20,UWWW,Samara FIR,0
2019-04-21,BIRD,Reykjavik FIR,6
2019-04-21,EBBU,Brussels FIR,20
2019-04-21,EDGG,Langen FIR,62
2019-04-21,EDMM,Munchen FIR,25
2019-04-21,EDWW,Bremen FIR,0
2019-04-21,EETT,Tallinn FIR,0
2019-04-21,EFIN,Helsinki FIR,4
2019-04-21,EGPX,Scottish FIR,4
2019-04-21,EGTT,London FIR,127
2019-04-21,EHAA,Amsterdam FIR,29
2019-04-21,EISN,Shannon FIR,16
2019-04-21,EKDK,Copenhagen FIR,9
2019-04-21,ENOR,Polaris FIR,6
2019-04-21,EPWW,Warszawa FIR,13
2019-04-21,ESAA,Sweden FIR,8
2019-04-21,EVRR,Riga FIR,1
2019-04-21,EYVL,Vilnius FIR,0
2019-04-21,GCCC,Canarias FIR,7
2019-04-21,GMMM,Casablanca FIR,0
2019-04-21,LAAA,Tirana FIR,2
2019-04-21,LBSR,Sofia FIR,6
2019-04-21,LDZO,Zagreb FIR,6
2019-04-21,LECB,Barcelona FIR,101
2019-04-21,LECM,Madrid FIR,41
2019-04-21,LFBB,Bordeaux FIR,5
2019-04-21,LFEE,Reims FIR,8
2019-04-21,LFFF,Paris FIR,91
2019-04-21,LFMM,Marseille FIR,26
2019-04-21,LFRR,Brest FIR,9
2019-04-21,LGGG,Athinai FIR,39
2019-04-21,LHCC,Budapest FIR,3
2019-04-21,LIBB,Brindisi FIR,8
2019-04-21,LIMM,Milano FIR,96
2019-04-21,LIRR,Roma FIR,111
2019-04-21,LJLA,Ljubljana FIR,0
2019-04-21,LKAA,Praha FIR,5
2019-04-21,LMMM,Malta FIR,20
2019-04-21,LOVV,Wien FIR,10
2019-04-21,LPPC,Lisboa FIR,13
2019-04-21,LPPO,Santa Maria FIR,0
2019-04-21,LQSB,Sarajevo FIR,0
2019-04-21,LRBB,Bucarest FIR,7
2019-04-21,LSAS,Switzerland FIR,34
2019-04-21,LUUU,Chisinau FIR,0
2019-04-21,LWSS,Skopje FIR,0
2019-04-21,LYBA,Beograd FIR,4
2019-04-21,LZBB,Bratislava  FIR,0
2019-04-21,UKBV,Kiev FIR,1
2019-04-21,UKDV,Dnipro FIR,0
2019-04-21,UKLV,Lvov FIR,0
2019-04-21,UKOV,Odessa FIR,0
2019-04-21,ULLL,Sankt-Peterburg FIR,0
2019-04-21,UMKK,Kaliningrad FIR,0
2019-04-21,UMMV,Minsk FIR,0
2019-04-21,UNNT,Novosibirsk FIR,1
2019-04-21,URRV,Rostov-Na-Donu FIR,0
2019-04-21,USSV,Yekaterinburg FIR,0
2019-04-21,UUWV,Moscow FIR,1
2019-04-22,BIRD,Reykjavik FIR,6
2019-04-22,EBBU,Brussels FIR,14
2019-04-22,EDGG,Langen FIR,47
2019-04-22,EDMM,Munchen FIR,21
2019-04-22,EDWW,Bremen FIR,3
2019-04-22,EETT,Tallinn FIR,0
2019-04-22,EFIN,Helsinki FIR,8
2019-04-22,EGPX,Scottish FIR,1
2019-04-22,EGTT,London FIR,117
2019-04-22,EHAA,Amsterdam FIR,33
2019-04-22,EISN,Shannon FIR,20
2019-04-22,EKDK,Copenhagen FIR,4
2019-04-22,ENOB,Bodo Oceanic FIR,0
2019-04-22,ENOR,Polaris FIR,11
2019-04-22,EPWW,Warszawa FIR,3
2019-04-22,ESAA,Sweden FIR,1
2019-04-22,EVRR,Riga FIR,0
2019-04-22,EYVL,Vilnius FIR,0
2019-04-22,GCCC,Canarias FIR,23
2019-04-22,GMMM,Casablanca FIR,0
2019-04-22,LAAA,Tirana FIR,1
2019-04-22,LBSR,Sofia FIR,1
2019-04-22,LDZO,Zagreb FIR,0
2019-04-22,LECB,Barcelona FIR,18
2019-04-22,LECM,Madrid FIR,57
2019-04-22,LFBB,Bordeaux FIR,2
2019-04-22,LFEE,Reims FIR,4
2019-04-22,LFFF,Paris FIR,63
2019-04-22,LFMM,Marseille FIR,2
2019-04-22,LFRR,Brest FIR,0
2019-04-22,LGGG,Athinai FIR,10
2019-04-22,LHCC,Budapest FIR,4
2019-04-22,LIBB,Brindisi FIR,0
2019-04-22,LIMM,Milano FIR,10
2019-04-22,LIRR,Roma FIR,22
2019-04-22,LJLA,Ljubljana FIR,0
2019-04-22,LKAA,Praha FIR,3
2019-04-22,LMMM,Malta FIR,0
2019-04-22,LOVV,Wien FIR,7
2019-04-22,LPPC,Lisboa FIR,50
2019-04-22,LPPO,Santa Maria FIR,5
2019-04-22,LQSB,Sarajevo FIR,0
2019-04-22,LRBB,Bucarest FIR,1
2019-04-22,LSAS,Switzerland FIR,15
2019-04-22,LUUU,Chisinau FIR,0
2019-04-22,LWSS,Skopje FIR,2
2019-04-22,LYBA,Beograd FIR,1
2019-04-22,LZBB,Bratislava  FIR,0
2019-04-22,UKBV,Kiev FIR,0
2019-04-22,UKDV,Dnipro FIR,0
2019-04-22,UKLV,Lvov FIR,0
2019-04-22,UKOV,Odessa FIR,0
2019-04-22,ULLL,Sankt-Peterburg FIR,0
2019-04-22,UMKK,Kaliningrad FIR,0
2019-04-22,UMMV,Minsk FIR,0
2019-04-22,UNNT,Novosibirsk FIR,0
2019-04-22,URRV,Rostov-Na-Donu FIR,0
2019-04-22,USTV,Tyumen FIR,0
2019-04-22,UUWV,Moscow FIR,2
2019-04-22,UWWW,Samara FIR,0
2019-04-23,BIRD,Reykjavik FIR,4
2019-04-23,EBBU,Brussels FIR,18
2019-04-23,EDGG,Langen FIR,85
2019-04-23,EDMM,Munchen FIR,31
2019-04-23,EDWW,Bremen FIR,12
2019-04-23,EETT,Tallinn FIR,1
2019-04-23,EFIN,Helsinki FIR,9
2019-04-23,EGPX,Scottish FIR,4
2019-04-23,EGTT,London FIR,154
2019-04-23,EHAA,Amsterdam FIR,36
2019-04-23,EISN,Shannon FIR,6
2019-04-23,EKDK,Copenhagen FIR,12
2019-04-23,ENOB,Bodo Oceanic FIR,0
2019-04-23,ENOR,Polaris FIR,2
2019-04-23,EPWW,Warszawa FIR,9
2019-04-23,ESAA,Sweden FIR,6
2019-04-23,EVRR,Riga FIR,2
2019-04-23,EYVL,Vilnius FIR,1
2019-04-23,GCCC,Canarias FIR,10
2019-04-23,GMMM,Casablanca FIR,0
2019-04-23,LAAA,Tirana FIR,0
2019-04-23,LBSR,Sofia FIR,5
2019-04-23,LDZO,Zagreb FIR,6
2019-04-23,LECB,Barcelona FIR,30
2019-04-23,LECM,Madrid FIR,37
2019-04-23,LFBB,Bordeaux FIR,1
2019-04-23,LFEE,Reims FIR,6
2019-04-23,LFFF,Paris FIR,55
2019-04-23,LFMM,Marseille FIR,2
2019-04-23,LFRR,Brest FIR,1
2019-04-23,LGGG,Athinai FIR,17
2019-04-23,LHCC,Budapest FIR,4
2019-04-23,LIBB,Brindisi FIR,2
2019-04-23,LIMM,Milano FIR,12
2019-04-23,LIRR,Roma FIR,17
2019-04-23,LJLA,Ljubljana FIR,0
2019-04-23,LKAA,Praha FIR,7
2019-04-23,LMMM,Malta FIR,1
2019-04-23,LOVV,Wien FIR,15
2019-04-23,LPPC,Lisboa FIR,32
2019-04-23,LPPO,Santa Maria FIR,0
2019-04-23,LQSB,Sarajevo FIR,0
2019-04-23,LRBB,Bucarest FIR,23
2019-04-23,LSAS,Switzerland FIR,13
2019-04-23,LUUU,Chisinau FIR,0
2019-04-23,LWSS,Skopje FIR,1
2019-04-23,LYBA,Beograd FIR,0
2019-04-23,LZBB,Bratislava  FIR,1
2019-04-23,UKBV,Kiev FIR,2
2019-04-23,UKDV,Dnipro FIR,0
2019-04-23,UKLV,Lvov FIR,0
2019-04-23,UKOV,Odessa FIR,0
2019-04-23,ULLL,Sankt-Peterburg FIR,0
2019-04-23,UMKK,Kaliningrad FIR,0
2019-04-23,UMMV,Minsk FIR,0
2019-04-23,UNKL,Krasnoyarsk FIR,0
2019-04-23,UNNT,Novosibirsk FIR,0
2019-04-23,USSV,Yekaterinburg FIR,0
2019-04-23,UUWV,Moscow FIR,19
2019-04-23,UWWW,Samara FIR,0
2019-04-24,BIRD,Reykjavik FIR,4
2019-04-24,EBBU,Brussels FIR,12
2019-04-24,EDGG,Langen FIR,43
2019-04-24,EDMM,Munchen FIR,24
2019-04-24,EDWW,Bremen FIR,2
2019-04-24,EETT,Tallinn FIR,0
2019-04-24,EFIN,Helsinki FIR,4
2019-04-24,EGPX,Scottish FIR,2
2019-04-24,EGTT,London FIR,73
2019-04-24,EHAA,Amsterdam FIR,16
2019-04-24,EISN,Shannon FIR,1
2019-04-24,EKDK,Copenhagen FIR,2
2019-04-24,ENOB,Bodo Oceanic FIR,0
2019-04-24,ENOR,Polaris FIR,0
2019-04-24,EPWW,Warszawa FIR,3
2019-04-24,ESAA,Sweden FIR,2
2019-04-24,EVRR,Riga FIR,0
2019-04-24,EYVL,Vilnius FIR,0
2019-04-24,GCCC,Canarias FIR,24
2019-04-24,GMMM,Casablanca FIR,0
2019-04-24,LAAA,Tirana FIR,0
2019-04-24,LBSR,Sofia FIR,4
2019-04-24,LDZO,Zagreb FIR,5
2019-04-24,LECB,Barcelona FIR,15
2019-04-24,LECM,Madrid FIR,32
2019-04-24,LFBB,Bordeaux FIR,1
2019-04-24,LFEE,Reims FIR,10
2019-04-24,LFFF,Paris FIR,35
2019-04-24,LFMM,Marseille FIR,3
2019-04-24,LFRR,Brest FIR,0
2019-04-24,LGGG,Athinai FIR,22
2019-04-24,LHCC,Budapest FIR,12
2019-04-24,LIBB,Brindisi FIR,3
2019-04-24,LIMM,Milano FIR,24
2019-04-24,LIRR,Roma FIR,38
2019-04-24,LJLA,Ljubljana FIR,2
2019-04-24,LKAA,Praha FIR,5
2019-04-24,LMMM,Malta FIR,2
2019-04-24,LOVV,Wien FIR,10
2019-04-24,LPPC,Lisboa FIR,15
2019-04-24,LPPO,Santa Maria FIR,1
2019-04-24,LQSB,Sarajevo FIR,1
2019-04-24,LRBB,Bucarest FIR,8
2019-04-24,LSAS,Switzerland FIR,20
2019-04-24,LUUU,Chisinau FIR,0
2019-04-24,LWSS,Skopje FIR,1
2019-04-24,LYBA,Beograd FIR,2
2019-04-24,LZBB,Bratislava  FIR,1
2019-04-24,UKBV,Kiev FIR,3
2019-04-24,UKDV,Dnipro FIR,0
2019-04-24,UKLV,Lvov FIR,0
2019-04-24,UKOV,Odessa FIR,0
2019-04-24,ULLL,Sankt-Peterburg FIR,1
2019-04-24,UMKK,Kaliningrad FIR,0
2019-04-24,UMMV,Minsk FIR,0
2019-04-24,UNNT,Novosibirsk FIR,0
2019-04-24,URRV,Rostov-Na-Donu FIR,0
2019-04-24,USSV,Yekaterinburg FIR,0
2019-04-24,UUWV,Moscow FIR,5
2019-04-24,UWWW,Samara FIR,0
2019-04-25,BIRD,Reykjavik FIR,3
2019-04-25,EBBU,Brussels FIR,20
2019-04-25,EDGG,Langen FIR,68
2019-04-25,EDMM,Munchen FIR,23
2019-04-25,EDWW,Bremen FIR,10
2019-04-25,EETT,Tallinn FIR,1
2019-04-25,EFIN,Helsinki FIR,5
2019-04-25,EGPX,Scottish FIR,2
2019-04-25,EGTT,London FIR,68
2019-04-25,EHAA,Amsterdam FIR,13
2019-04-25,EISN,Shannon FIR,1
2019-04-25,EKDK,Copenhagen FIR,6
2019-04-25,ENOB,Bodo Oceanic FIR,0
2019-04-25,ENOR,Polaris FIR,2
2019-04-25,EPWW,Warszawa FIR,11
2019-04-25,ESAA,Sweden FIR,6
2019-04-25,EVRR,Riga FIR,1
2019-04-25,EYVL,Vilnius FIR,0
2019-04-25,GCCC,Canarias FIR,1
2019-04-25,GMMM,Casablanca FIR,0
2019-04-25,LAAA,Tirana FIR,2
2019-04-25,LBSR,Sofia FIR,6
2019-04-25,LDZO,Zagreb FIR,3
2019-04-25,LECB,Barcelona FIR,37
2019-04-25,LECM,Madrid FIR,26
2019-04-25,LFBB,Bordeaux FIR,1
2019-04-25,LFEE,Reims FIR,6
2019-04-25,LFFF,Paris FIR,41
2019-04-25,LFMM,Marseille FIR,8
2019-04-25,LFRR,Brest FIR,0
2019-04-25,LGGG,Athinai FIR,15
2019-04-25,LHCC,Budapest FIR,9
2019-04-25,LIBB,Brindisi FIR,0
2019-04-25,LIMM,Milano FIR,15
2019-04-25,LIRR,Roma FIR,56
2019-04-25,LJLA,Ljubljana FIR,1
2019-04-25,LKAA,Praha FIR,10
2019-04-25,LMMM,Malta FIR,5
2019-04-25,LOVV,Wien FIR,9
2019-04-25,LPPC,Lisboa FIR,14
2019-04-25,LPPO,Santa Maria FIR,0
2019-04-25,LQSB,Sarajevo FIR,0
2019-04-25,LRBB,Bucarest FIR,19
2019-04-25,LSAS,Switzerland FIR,17
2019-04-25,LUUU,Chisinau FIR,1
2019-04-25,LWSS,Skopje FIR,0
2019-04-25,LYBA,Beograd FIR,0
2019-04-25,LZBB,Bratislava  FIR,0
2019-04-25,UKBV,Kiev FIR,0
2019-04-25,UKDV,Dnipro FIR,0
2019-04-25,UKLV,Lvov FIR,0
2019-04-25,UKOV,Odessa FIR,0
2019-04-25,ULLL,Sankt-Peterburg FIR,0
2019-04-25,UMKK,Kaliningrad FIR,0
2019-04-25,UMMV,Minsk FIR,0
2019-04-25,UNNT,Novosibirsk FIR,1
2019-04-25,URRV,Rostov-Na-Donu FIR,0
2019-04-25,USSV,Yekaterinburg FIR,0
2019-04-25,UUWV,Moscow FIR,16
2019-04-25,UWWW,Samara FIR,0
2019-04-26,BIRD,Reykjavik FIR,1
2019-04-26,EBBU,Brussels FIR,16
2019-04-26,EDGG,Langen FIR,83
2019-04-26,EDMM,Munchen FIR,34
2019-04-26,EDWW,Bremen FIR,17
2019-04-26,EETT,Tallinn FIR,0
2019-04-26,EFIN,Helsinki FIR,10
2019-04-26,EGPX,Scottish FIR,6
2019-04-26,EGTT,London FIR,105
2019-04-26,EHAA,Amsterdam FIR,35
2019-04-26,EISN,Shannon FIR,9
2019-04-26,EKDK,Copenhagen FIR,6
2019-04-26,ENOB,Bodo Oceanic FIR,0
2019-04-26,ENOR,Polaris FIR,4
2019-04-26,EPWW,Warszawa FIR,15
2019-04-26,ESAA,Sweden FIR,11
2019-04-26,EVRR,Riga FIR,0
2019-04-26,EYVL,Vilnius FIR,2
2019-04-26,GCCC,Canarias FIR,5
2019-04-26,GMMM,Casablanca FIR,0
2019-04-26,LAAA,Tirana FIR,1
2019-04-26,LBSR,Sofia FIR,8
2019-04-26,LDZO,Zagreb FIR,2
2019-04-26,LECB,Barcelona FIR,10
2019-04-26,LECM,Madrid FIR,27
2019-04-26,LFBB,Bordeaux FIR,0
2019-04-26,LFEE,Reims FIR,6
2019-04-26,LFFF,Paris FIR,41
2019-04-26,LFMM,Marseille FIR,7
2019-04-26,LFRR,Brest FIR,0
2019-04-26,LGGG,Athinai FIR,36
2019-04-26,LHCC,Budapest FIR,10
2019-04-26,LIBB,Brindisi FIR,0
2019-04-26,LIMM,Milano FIR,24
2019-04-26,LIRR,Roma FIR,23
2019-04-26,LJLA,Ljubljana FIR,2
2019-04-26,LKAA,Praha FIR,9
2019-04-26,LMMM,Malta FIR,2
2019-04-26,LOVV,Wien FIR,17
2019-04-26,LPPC,Lisboa FIR,9
2019-04-26,LPPO,Santa Maria FIR,0
2019-04-26,LQSB,Sarajevo FIR,1
2019-04-26,LRBB,Bucarest FIR,27
2019-04-26,LSAS,Switzerland FIR,18
2019-04-26,LUUU,Chisinau FIR,1
2019-04-26,LWSS,Skopje FIR,1
2019-04-26,LYBA,Beograd FIR,1
2019-04-26,LZBB,Bratislava  FIR,0
2019-04-26,UKBV,Kiev FIR,3
2019-04-26,UKDV,Dnipro FIR,0
2019-04-26,UKLV,Lvov FIR,1
2019-04-26,UKOV,Odessa FIR,0
2019-04-26,ULLL,Sankt-Peterburg FIR,1
2019-04-26,UMKK,Kaliningrad FIR,0
2019-04-26,UMMV,Minsk FIR,0
2019-04-26,UNNT,Novosibirsk FIR,0
2019-04-26,URRV,Rostov-Na-Donu FIR,0
2019-04-26,USSV,Yekaterinburg FIR,0
2019-04-26,UUWV,Moscow FIR,16
2019-04-26,UWWW,Samara FIR,0
2019-04-27,BIRD,Reykjavik FIR,0
2019-04-27,EBBU,Brussels FIR,11
2019-04-27,EDGG,Langen FIR,41
2019-04-27,EDMM,Munchen FIR,17
2019-04-27,EDWW,Bremen FIR,9
2019-04-27,EETT,Tallinn FIR,2
2019-04-27,EFIN,Helsinki FIR,11
2019-04-27,EGPX,Scottish FIR,2
2019-04-27,EGTT,London FIR,54
2019-04-27,EHAA,Amsterdam FIR,19
2019-04-27,EISN,Shannon FIR,2
2019-04-27,EKDK,Copenhagen FIR,4
2019-04-27,ENOB,Bodo Oceanic FIR,0
2019-04-27,ENOR,Polaris FIR,7
2019-04-27,EPWW,Warszawa FIR,25
2019-04-27,ESAA,Sweden FIR,8
2019-04-27,EVRR,Riga FIR,0
2019-04-27,EYVL,Vilnius FIR,4
2019-04-27,GCCC,Canarias FIR,133
2019-04-27,GMMM,Casablanca FIR,0
2019-04-27,LAAA,Tirana FIR,0
2019-04-27,LBSR,Sofia FIR,3
2019-04-27,LDZO,Zagreb FIR,3
2019-04-27,LECB,Barcelona FIR,10
2019-04-27,LECM,Madrid FIR,33
2019-04-27,LFBB,Bordeaux FIR,2
2019-04-27,LFEE,Reims FIR,0
2019-04-27,LFFF,Paris FIR,46
2019-04-27,LFMM,Marseille FIR,5
2019-04-27,LFRR,Brest FIR,2
2019-04-27,LGGG,Athinai FIR,11
2019-04-27,LHCC,Budapest FIR,4
2019-04-27,LIBB,Brindisi FIR,0
2019-04-27,LIMM,Milano FIR,13
2019-04-27,LIRR,Roma FIR,9
2019-04-27,LJLA,Ljubljana FIR,0
2019-04-27,LKAA,Praha FIR,7
2019-04-27,LMMM,Malta FIR,0
2019-04-27,LOVV,Wien FIR,5
2019-04-27,LPPC,Lisboa FIR,25
2019-04-27,LPPO,Santa Maria FIR,1
2019-04-27,LQSB,Sarajevo FIR,0
2019-04-27,LRBB,Bucarest FIR,9
2019-04-27,LSAS,Switzerland FIR,9
2019-04-27,LUUU,Chisinau FIR,4
2019-04-27,LWSS,Skopje FIR,0
2019-04-27,LYBA,Beograd FIR,0
2019-04-27,LZBB,Bratislava  FIR,0
2019-04-27,UKBV,Kiev FIR,8
2019-04-27,UKDV,Dnipro FIR,1
2019-04-27,UKLV,Lvov FIR,0
2019-04-27,UKOV,Odessa FIR,0
2019-04-27,ULLL,Sankt-Peterburg FIR,1
2019-04-27,UMKK,Kaliningrad FIR,0
2019-04-27,UMMV,Minsk FIR,0
2019-04-27,UNNT,Novosibirsk FIR,0
2019-04-27,URRV,Rostov-Na-Donu FIR,1
2019-04-27,USSV,Yekaterinburg FIR,0
2019-04-27,UUWV,Moscow FIR,34
2019-04-27,UWWW,Samara FIR,0
2019-04-28,BIRD,Reykjavik FIR,6
2019-04-28,EBBU,Brussels FIR,21
2019-04-28,EDGG,Langen FIR,72
2019-04-28,EDMM,Munchen FIR,27
2019-04-28,EDWW,Bremen FIR,7
2019-04-28,EETT,Tallinn FIR,2
2019-04-28,EFIN,Helsinki FIR,21
2019-04-28,EGPX,Scottish FIR,11
2019-04-28,EGTT,London FIR,152
2019-04-28,EHAA,Amsterdam FIR,40
2019-04-28,EISN,Shannon FIR,10
2019-04-28,EKDK,Copenhagen FIR,10
2019-04-28,ENOR,Polaris FIR,11
2019-04-28,EPWW,Warszawa FIR,26
2019-04-28,ESAA,Sweden FIR,21
2019-04-28,EVRR,Riga FIR,9
2019-04-28,EYVL,Vilnius FIR,7
2019-04-28,GCCC,Canarias FIR,28
2019-04-28,GMMM,Casablanca FIR,0
2019-04-28,LAAA,Tirana FIR,0
2019-04-28,LBSR,Sofia FIR,4
2019-04-28,LDZO,Zagreb FIR,1
2019-04-28,LECB,Barcelona FIR,37
2019-04-28,LECM,Madrid FIR,47
2019-04-28,LFBB,Bordeaux FIR,3
2019-04-28,LFEE,Reims FIR,0
2019-04-28,LFFF,Paris FIR,74
2019-04-28,LFMM,Marseille FIR,5
2019-04-28,LFRR,Brest FIR,0
2019-04-28,LGGG,Athinai FIR,7
2019-04-28,LHCC,Budapest FIR,7
2019-04-28,LIBB,Brindisi FIR,0
2019-04-28,LIMM,Milano FIR,13
2019-04-28,LIRR,Roma FIR,14
2019-04-28,LJLA,Ljubljana FIR,0
2019-04-28,LKAA,Praha FIR,9
2019-04-28,LMMM,Malta FIR,0
2019-04-28,LOVV,Wien FIR,9
2019-04-28,LPPC,Lisboa FIR,40
2019-04-28,LPPO,Santa Maria FIR,0
2019-04-28,LQSB,Sarajevo FIR,0
2019-04-28,LRBB,Bucarest FIR,9
2019-04-28,LSAS,Switzerland FIR,15
2019-04-28,LUUU,Chisinau FIR,2
2019-04-28,LWSS,Skopje FIR,0
2019-04-28,LYBA,Beograd FIR,1
2019-04-28,LZBB,Bratislava  FIR,0
2019-04-28,UKBV,Kiev FIR,14
2019-04-28,UKDV,Dnipro FIR,2
2019-04-28,UKLV,Lvov FIR,2
2019-04-28,UKOV,Odessa FIR,0
2019-04-28,ULLL,Sankt-Peterburg FIR,4
2019-04-28,UMKK,Kaliningrad FIR,0
2019-04-28,UMMV,Minsk FIR,0
2019-04-28,UNNT,Novosibirsk FIR,4
2019-04-28,URRV,Rostov-Na-Donu FIR,0
2019-04-28,USSV,Yekaterinburg FIR,1
2019-04-28,UUWV,Moscow FIR,57
2019-04-29,BIRD,Reykjavik FIR,7
2019-04-29,EBBU,Brussels FIR,5
2019-04-29,EDGG,Langen FIR,42
2019-04-29,EDMM,Munchen FIR,12
2019-04-29,EDWW,Bremen FIR,3
2019-04-29,EETT,Tallinn FIR,0
2019-04-29,EFIN,Helsinki FIR,2
2019-04-29,EGPX,Scottish FIR,2
2019-04-29,EGTT,London FIR,54
2019-04-29,EHAA,Amsterdam FIR,25
2019-04-29,EISN,Shannon FIR,6
2019-04-29,EKDK,Copenhagen FIR,3
2019-04-29,ENOB,Bodo Oceanic FIR,0
2019-04-29,ENOR,Polaris FIR,4
2019-04-29,EPWW,Warszawa FIR,13
2019-04-29,ESAA,Sweden FIR,4
2019-04-29,EVRR,Riga FIR,0
2019-04-29,EYVL,Vilnius FIR,5
2019-04-29,GCCC,Canarias FIR,10
2019-04-29,GMMM,Casablanca FIR,0
2019-04-29,LAAA,Tirana FIR,0
2019-04-29,LBSR,Sofia FIR,0
2019-04-29,LDZO,Zagreb FIR,1
2019-04-29,LECB,Barcelona FIR,3
2019-04-29,LECM,Madrid FIR,31
2019-04-29,LFBB,Bordeaux FIR,0
2019-04-29,LFEE,Reims FIR,4
2019-04-29,LFFF,Paris FIR,28
2019-04-29,LFMM,Marseille FIR,2
2019-04-29,LFRR,Brest FIR,0
2019-04-29,LGGG,Athinai FIR,5
2019-04-29,LHCC,Budapest FIR,3
2019-04-29,LIBB,Brindisi FIR,0
2019-04-29,LIMM,Milano FIR,7
2019-04-29,LIRR,Roma FIR,8
2019-04-29,LJLA,Ljubljana FIR,1
2019-04-29,LKAA,Praha FIR,2
2019-04-29,LMMM,Malta FIR,1
2019-04-29,LOVV,Wien FIR,4
2019-04-29,LPPC,Lisboa FIR,7
2019-04-29,LPPO,Santa Maria FIR,1
2019-04-29,LQSB,Sarajevo FIR,0
2019-04-29,LRBB,Bucarest FIR,2
2019-04-29,LSAS,Switzerland FIR,11
2019-04-29,LUUU,Chisinau FIR,0
2019-04-29,LWSS,Skopje FIR,0
2019-04-29,LYBA,Beograd FIR,0
2019-04-29,LZBB,Bratislava  FIR,0
2019-04-29,UKBV,Kiev FIR,5
2019-04-29,UKDV,Dnipro FIR,1
2019-04-29,UKLV,Lvov FIR,1
2019-04-29,UKOV,Odessa FIR,0
2019-04-29,ULLL,Sankt-Peterburg FIR,1
2019-04-29,UMKK,Kaliningrad FIR,0
2019-04-29,UMMV,Minsk FIR,0
2019-04-29,UNNT,Novosibirsk FIR,3
2019-04-29,URRV,Rostov-Na-Donu FIR,0
2019-04-29,USSV,Yekaterinburg FIR,0
2019-04-29,UUWV,Moscow FIR,5
2019-04-29,UWWW,Samara FIR,0
2019-04-30,BIRD,Reykjavik FIR,2
2019-04-30,EBBU,Brussels FIR,4
2019-04-30,EDGG,Langen FIR,31
2019-04-30,EDMM,Munchen FIR,18
2019-04-30,EDWW,Bremen FIR,4
2019-04-30,EETT,Tallinn FIR,3
2019-04-30,EFIN,Helsinki FIR,3
2019-04-30,EGPX,Scottish FIR,4
2019-04-30,EGTT,London FIR,71
2019-04-30,EHAA,Amsterdam FIR,17
2019-04-30,EISN,Shannon FIR,2
2019-04-30,EKDK,Copenhagen FIR,4
2019-04-30,ENOB,Bodo Oceanic FIR,0
2019-04-30,ENOR,Polaris FIR,10
2019-04-30,EPWW,Warszawa FIR,14
2019-04-30,ESAA,Sweden FIR,5
2019-04-30,EVRR,Riga FIR,0
2019-04-30,EYVL,Vilnius FIR,1
2019-04-30,GCCC,Canarias FIR,18
2019-04-30,GMMM,Casablanca FIR,0
2019-04-30,LAAA,Tirana FIR,0
2019-04-30,LBSR,Sofia FIR,0
2019-04-30,LDZO,Zagreb FIR,1
2019-04-30,LECB,Barcelona FIR,11
2019-04-30,LECM,Madrid FIR,45
2019-04-30,LFBB,Bordeaux FIR,0
2019-04-30,LFEE,Reims FIR,2
2019-04-30,LFFF,Paris FIR,33
2019-04-30,LFMM,Marseille FIR,4
2019-04-30,LFRR,Brest FIR,0
2019-04-30,LGGG,Athinai FIR,21
2019-04-30,LHCC,Budapest FIR,1
2019-04-30,LIBB,Brindisi FIR,0
2019-04-30,LIMM,Milano FIR,6
2019-04-30,LIRR,Roma FIR,13
2019-04-30,LJLA,Ljubljana FIR,1
2019-04-30,LKAA,Praha FIR,4
2019-04-30,LMMM,Malta FIR,0
2019-04-30,LOVV,Wien FIR,7
2019-04-30,LPPC,Lisboa FIR,31
2019-04-30,LPPO,Santa Maria FIR,0
2019-04-30,LQSB,Sarajevo FIR,0
2019-04-30,LRBB,Bucarest FIR,4
2019-04-30,LSAS,Switzerland FIR,14
2019-04-30,LUUU,Chisinau FIR,0
2019-04-30,LWSS,Skopje FIR,0
2019-04-30,LYBA,Beograd FIR,0
2019-04-30,LZBB,Bratislava  FIR,0
2019-04-30,UKBV,Kiev FIR,3
2019-04-30,UKDV,Dnipro FIR,0
2019-04-30,UKLV,Lvov FIR,0
2019-04-30,UKOV,Odessa FIR,0
2019-04-30,ULLL,Sankt-Peterburg FIR,0
2019-04-30,UMKK,Kaliningrad FIR,0
2019-04-30,UMMV,Minsk FIR,1
2019-04-30,UNNT,Novosibirsk FIR,1
2019-04-30,URRV,Rostov-Na-Donu FIR,0
2019-04-30,USSV,Yekaterinburg FIR,0
2019-04-30,UUWV,Moscow FIR,9
2019-04-30,UWWW,Samara FIR,0
2019-05-01,BIRD,Reykjavik FIR,1
2019-05-01,EBBU,Brussels FIR,7
2019-05-01,EDGG,Langen FIR,54
2019-05-01,EDMM,Munchen FIR,24
2019-05-01,EDWW,Bremen FIR,3
2019-05-01,EETT,Tallinn FIR,1
2019-05-01,EFIN,Helsinki FIR,9
2019-05-01,EGPX,Scottish FIR,0
2019-05-01,EGTT,London FIR,76
2019-05-01,EHAA,Amsterdam FIR,32
2019-05-01,EISN,Shannon FIR,5
2019-05-01,EKDK,Copenhagen FIR,6
2019-05-01,ENOB,Bodo Oceanic FIR,0
2019-05-01,ENOR,Polaris FIR,7
2019-05-01,EPWW,Warszawa FIR,20
2019-05-01,ESAA,Sweden FIR,14
2019-05-01,EVRR,Riga FIR,2
2019-05-01,EYVL,Vilnius FIR,2
2019-05-01,GCCC,Canarias FIR,1
2019-05-01,GMMM,Casablanca FIR,0
2019-05-01,LAAA,Tirana FIR,0
2019-05-01,LBSR,Sofia FIR,4
2019-05-01,LDZO,Zagreb FIR,1
2019-05-01,LECB,Barcelona FIR,2
2019-05-01,LECM,Madrid FIR,34
2019-05-01,LFBB,Bordeaux FIR,1
2019-05-01,LFEE,Reims FIR,0
2019-05-01,LFFF,Paris FIR,30
2019-05-01,LFMM,Marseille FIR,1
2019-05-01,LFRR,Brest FIR,0
2019-05-01,LGGG,Athinai FIR,11
2019-05-01,LHCC,Budapest FIR,4
2019-05-01,LIBB,Brindisi FIR,0
2019-05-01,LIMM,Milano FIR,15
2019-05-01,LIRR,Roma FIR,8
2019-05-01,LJLA,Ljubljana FIR,0
2019-05-01,LKAA,Praha FIR,1
2019-05-01,LMMM,Malta FIR,0
2019-05-01,LOVV,Wien FIR,9
2019-05-01,LPPC,Lisboa FIR,8
2019-05-01,LPPO,Santa Maria FIR,0
2019-05-01,LQSB,Sarajevo FIR,0
2019-05-01,LRBB,Bucarest FIR,2
2019-05-01,LSAS,Switzerland FIR,20
2019-05-01,LUUU,Chisinau FIR,0
2019-05-01,LWSS,Skopje FIR,0
2019-05-01,LYBA,Beograd FIR,0
2019-05-01,LZBB,Bratislava  FIR,0
2019-05-01,UKBV,Kiev FIR,1
2019-05-01,UKDV,Dnipro FIR,0
2019-05-01,UKLV,Lvov FIR,0
2019-05-01,UKOV,Odessa FIR,0
2019-05-01,ULLL,Sankt-Peterburg FIR,2
2019-05-01,UMKK,Kaliningrad FIR,0
2019-05-01,UMMV,Minsk FIR,0
2019-05-01,UNNT,Novosibirsk FIR,1
2019-05-01,URRV,Rostov-Na-Donu FIR,1
2019-05-01,USSV,Yekaterinburg FIR,0
2019-05-01,UUWV,Moscow FIR,56
2019-05-01,UWWW,Samara FIR,1
2019-05-02,BIRD,Reykjavik FIR,6
2019-05-02,EBBU,Brussels FIR,9
2019-05-02,EDGG,Langen FIR,45
2019-05-02,EDMM,Munchen FIR,9
2019-05-02,EDWW,Bremen FIR,1
2019-05-02,EETT,Tallinn FIR,2
2019-05-02,EFIN,Helsinki FIR,9
2019-05-02,EGPX,Scottish FIR,2
2019-05-02,EGTT,London FIR,77
2019-05-02,EHAA,Amsterdam FIR,29
2019-05-02,EISN,Shannon FIR,4
2019-05-02,EKDK,Copenhagen FIR,2
2019-05-02,ENOB,Bodo Oceanic FIR,0
2019-05-02,ENOR,Polaris FIR,1
2019-05-02,EPWW,Warszawa FIR,4
2019-05-02,ESAA,Sweden FIR,8
2019-05-02,EVRR,Riga FIR,0
2019-05-02,EYVL,Vilnius FIR,2
2019-05-02,GCCC,Canarias FIR,3
2019-05-02,GMMM,Casablanca FIR,0
2019-05-02,LAAA,Tirana FIR,0
2019-05-02,LBSR,Sofia FIR,1
2019-05-02,LDZO,Zagreb FIR,0
2019-05-02,LECB,Barcelona FIR,12
2019-05-02,LECM,Madrid FIR,23
2019-05-02,LFBB,Bordeaux FIR,0
2019-05-02,LFEE,Reims FIR,0
2019-05-02,LFFF,Paris FIR,34
2019-05-02,LFMM,Marseille FIR,1
2019-05-02,LFRR,Brest FIR,0
2019-05-02,LGGG,Athinai FIR,4
2019-05-02,LHCC,Budapest FIR,2
2019-05-02,LIBB,Brindisi FIR,0
2019-05-02,LIMM,Milano FIR,9
2019-05-02,LIRR,Roma FIR,13
2019-05-02,LJLA,Ljubljana FIR,0
2019-05-02,LKAA,Praha FIR,0
2019-05-02,LMMM,Malta FIR,0
2019-05-02,LOVV,Wien FIR,9
2019-05-02,LPPC,Lisboa FIR,6
2019-05-02,LPPO,Santa Maria FIR,0
2019-05-02,LQSB,Sarajevo FIR,0
2019-05-02,LRBB,Bucarest FIR,10
2019-05-02,LSAS,Switzerland FIR,15
2019-05-02,LUUU,Chisinau FIR,1
2019-05-02,LWSS,Skopje FIR,0
2019-05-02,LYBA,Beograd FIR,0
2019-05-02,LZBB,Bratislava  FIR,0
2019-05-02,UKBV,Kiev FIR,8
2019-05-02,UKDV,Dnipro FIR,1
2019-05-02,UKLV,Lvov FIR,0
2019-05-02,UKOV,Odessa FIR,0
2019-05-02,ULLL,Sankt-Peterburg FIR,3
2019-05-02,UMKK,Kaliningrad FIR,0
2019-05-02,UMMV,Minsk FIR,0
2019-05-02,UNNT,Novosibirsk FIR,1
2019-05-02,URRV,Rostov-Na-Donu FIR,0
2019-05-02,USSV,Yekaterinburg FIR,0
2019-05-02,UUWV,Moscow FIR,9
2019-05-02,UWWW,Samara FIR,1
2019-05-03,BIRD,Reykjavik FIR,5
2019-05-03,EBBU,Brussels FIR,10
2019-05-03,EDGG,Langen FIR,57
2019-05-03,EDMM,Munchen FIR,29
2019-05-03,EDWW,Bremen FIR,5
2019-05-03,EETT,Tallinn FIR,0
2019-05-03,EFIN,Helsinki FIR,2
2019-05-03,EGPX,Scottish FIR,6
2019-05-03,EGTT,London FIR,97
2019-05-03,EHAA,Amsterdam FIR,36
2019-05-03,EISN,Shannon FIR,15
2019-05-03,EKDK,Copenhagen FIR,3
2019-05-03,ENOB,Bodo Oceanic FIR,0
2019-05-03,ENOR,Polaris FIR,1
2019-05-03,EPWW,Warszawa FIR,6
2019-05-03,ESAA,Sweden FIR,1
2019-05-03,EVRR,Riga FIR,0
2019-05-03,EYVL,Vilnius FIR,0
2019-05-03,GCCC,Canarias FIR,1
2019-05-03,GMMM,Casablanca FIR,0
2019-05-03,LAAA,Tirana FIR,0
2019-05-03,LBSR,Sofia FIR,0
2019-05-03,LDZO,Zagreb FIR,0
2019-05-03,LECB,Barcelona FIR,7
2019-05-03,LECM,Madrid FIR,28
2019-05-03,LFBB,Bordeaux FIR,0
2019-05-03,LFEE,Reims FIR,6
2019-05-03,LFFF,Paris FIR,44
2019-05-03,LFMM,Marseille FIR,3
2019-05-03,LFRR,Brest FIR,0
2019-05-03,LGGG,Athinai FIR,11
2019-05-03,LHCC,Budapest FIR,1
2019-05-03,LIBB,Brindisi FIR,0
2019-05-03,LIMM,Milano FIR,6
2019-05-03,LIRR,Roma FIR,25
2019-05-03,LJLA,Ljubljana FIR,0
2019-05-03,LKAA,Praha FIR,1
2019-05-03,LMMM,Malta FIR,0
2019-05-03,LOVV,Wien FIR,9
2019-05-03,LPPC,Lisboa FIR,12
2019-05-03,LPPO,Santa Maria FIR,0
2019-05-03,LQSB,Sarajevo FIR,0
2019-05-03,LRBB,Bucarest FIR,3
2019-05-03,LSAS,Switzerland FIR,8
2019-05-03,LUUU,Chisinau FIR,0
2019-05-03,LWSS,Skopje FIR,0
2019-05-03,LYBA,Beograd FIR,0
2019-05-03,LZBB,Bratislava  FIR,0
2019-05-03,UKBV,Kiev FIR,0
2019-05-03,UKDV,Dnipro FIR,0
2019-05-03,UKLV,Lvov FIR,0
2019-05-03,UKOV,Odessa FIR,0
2019-05-03,ULLL,Sankt-Peterburg FIR,0
2019-05-03,UMKK,Kaliningrad FIR,0
2019-05-03,UMMV,Minsk FIR,0
2019-05-03,UNNT,Novosibirsk FIR,1
2019-05-03,URRV,Rostov-Na-Donu FIR,0
2019-05-03,USSV,Yekaterinburg FIR,0
2019-05-03,USTV,Tyumen FIR,0
2019-05-03,UUWV,Moscow FIR,0
2019-05-03,UWWW,Samara FIR,0
2019-05-04,BIRD,Reykjavik FIR,1
2019-05-04,EBBU,Brussels FIR,22
2019-05-04,EDGG,Langen FIR,78
2019-05-04,EDMM,Munchen FIR,32
2019-05-04,EDWW,Bremen FIR,10
2019-05-04,EETT,Tallinn FIR,0
2019-05-04,EFIN,Helsinki FIR,4
2019-05-04,EGPX,Scottish FIR,7
2019-05-04,EGTT,London FIR,121
2019-05-04,EHAA,Amsterdam FIR,32
2019-05-04,EISN,Shannon FIR,6
2019-05-04,EKDK,Copenhagen FIR,8
2019-05-04,ENOB,Bodo Oceanic FIR,0
2019-05-04,ENOR,Polaris FIR,1
2019-05-04,EPWW,Warszawa FIR,11
2019-05-04,ESAA,Sweden FIR,5
2019-05-04,EVRR,Riga FIR,0
2019-05-04,EYVL,Vilnius FIR,0
2019-05-04,GCCC,Canarias FIR,8
2019-05-04,GMMM,Casablanca FIR,0
2019-05-04,LAAA,Tirana FIR,1
2019-05-04,LBSR,Sofia FIR,7
2019-05-04,LDZO,Zagreb FIR,1
2019-05-04,LECB,Barcelona FIR,5
2019-05-04,LECM,Madrid FIR,29
2019-05-04,LFBB,Bordeaux FIR,1
2019-05-04,LFEE,Reims FIR,6
2019-05-04,LFFF,Paris FIR,48
2019-05-04,LFMM,Marseille FIR,4
2019-05-04,LFRR,Brest FIR,0
2019-05-04,LGGG,Athinai FIR,68
2019-05-04,LHCC,Budapest FIR,3
2019-05-04,LIBB,Brindisi FIR,1
2019-05-04,LIMM,Milano FIR,15
2019-05-04,LIRR,Roma FIR,11
2019-05-04,LJLA,Ljubljana FIR,1
2019-05-04,LKAA,Praha FIR,4
2019-05-04,LMMM,Malta FIR,2
2019-05-04,LOVV,Wien FIR,12
2019-05-04,LPPC,Lisboa FIR,12
2019-05-04,LPPO,Santa Maria FIR,3
2019-05-04,LQSB,Sarajevo FIR,0
2019-05-04,LRBB,Bucarest FIR,11
2019-05-04,LSAS,Switzerland FIR,16
2019-05-04,LUUU,Chisinau FIR,1
2019-05-04,LWSS,Skopje FIR,2
2019-05-04,LYBA,Beograd FIR,0
2019-05-04,LZBB,Bratislava  FIR,0
2019-05-04,UKBV,Kiev FIR,1
2019-05-04,UKDV,Dnipro FIR,0
2019-05-04,UKLV,Lvov FIR,0
2019-05-04,UKOV,Odessa FIR,0
2019-05-04,ULLL,Sankt-Peterburg FIR,0
2019-05-04,UMKK,Kaliningrad FIR,0
2019-05-04,UMMV,Minsk FIR,0
2019-05-04,UNNT,Novosibirsk FIR,0
2019-05-04,URRV,Rostov-Na-Donu FIR,1
2019-05-04,USSV,Yekaterinburg FIR,0
2019-05-04,UUWV,Moscow FIR,5
2019-05-04,UWWW,Samara FIR,0
2019-05-05,BIRD,Reykjavik FIR,1
2019-05-05,EBBU,Brussels FIR,14
2019-05-05,EDGG,Langen FIR,41
2019-05-05,EDMM,Munchen FIR,16
2019-05-05,EDWW,Bremen FIR,3
2019-05-05,EETT,Tallinn FIR,0
2019-05-05,EFIN,Helsinki FIR,5
2019-05-05,EGPX,Scottish FIR,7
2019-05-05,EGTT,London FIR,87
2019-05-05,EHAA,Amsterdam FIR,32
2019-05-05,EISN,Shannon FIR,10
2019-05-05,EKDK,Copenhagen FIR,5
2019-05-05,ENOB,Bodo Oceanic FIR,0
2019-05-05,ENOR,Polaris FIR,0
2019-05-05,EPWW,Warszawa FIR,6
2019-05-05,ESAA,Sweden FIR,3
2019-05-05,EVRR,Riga FIR,1
2019-05-05,EYVL,Vilnius FIR,3
2019-05-05,GCCC,Canarias FIR,29
2019-05-05,GMMM,Casablanca FIR,0
2019-05-05,LAAA,Tirana FIR,0
2019-05-05,LBSR,Sofia FIR,2
2019-05-05,LDZO,Zagreb FIR,1
2019-05-05,LECB,Barcelona FIR,11
2019-05-05,LECM,Madrid FIR,35
2019-05-05,LFBB,Bordeaux FIR,0
2019-05-05,LFEE,Reims FIR,0
2019-05-05,LFFF,Paris FIR,42
2019-05-05,LFMM,Marseille FIR,1
2019-05-05,LFRR,Brest FIR,0
2019-05-05,LGGG,Athinai FIR,6
2019-05-05,LHCC,Budapest FIR,3
2019-05-05,LIBB,Brindisi FIR,0
2019-05-05,LIMM,Milano FIR,14
2019-05-05,LIRR,Roma FIR,19
2019-05-05,LJLA,Ljubljana FIR,0
2019-05-05,LKAA,Praha FIR,1
2019-05-05,LMMM,Malta FIR,0
2019-05-05,LOVV,Wien FIR,6
2019-05-05,LPPC,Lisboa FIR,27
2019-05-05,LPPO,Santa Maria FIR,5
2019-05-05,LQSB,Sarajevo FIR,0
2019-05-05,LRBB,Bucarest FIR,1
2019-05-05,LSAS,Switzerland FIR,9
2019-05-05,LUUU,Chisinau FIR,1
2019-05-05,LWSS,Skopje FIR,0
2019-05-05,LYBA,Beograd FIR,0
2019-05-05,LZBB,Bratislava  FIR,1
2019-05-05,UKBV,Kiev FIR,4
2019-05-05,UKDV,Dnipro FIR,1
2019-05-05,UKLV,Lvov FIR,0
2019-05-05,UKOV,Odessa FIR,0
2019-05-05,ULLL,Sankt-Peterburg FIR,0
2019-05-05,UMKK,Kaliningrad FIR,0
2019-05-05,UMMV,Minsk FIR,0
2019-05-05,UNNT,Novosibirsk FIR,0
2019-05-05,URRV,Rostov-Na-Donu FIR,0
2019-05-05,USSV,Yekaterinburg FIR,2
2019-05-05,UUWV,Moscow FIR,13
2019-05-05,UWWW,Samara FIR,0
2019-05-06,BIRD,Reykjavik FIR,3
2019-05-06,EBBU,Brussels FIR,7
2019-05-06,EDGG,Langen FIR,34
2019-05-06,EDMM,Munchen FIR,6
2019-05-06,EDWW,Bremen FIR,3
2019-05-06,EETT,Tallinn FIR,0
2019-05-06,EFIN,Helsinki FIR,4
2019-05-06,EGPX,Scottish FIR,6
2019-05-06,EGTT,London FIR,88
2019-05-06,EHAA,Amsterdam FIR,31
2019-05-06,EISN,Shannon FIR,7
2019-05-06,EKDK,Copenhagen FIR,2
2019-05-06,ENOB,Bodo Oceanic FIR,0
2019-05-06,ENOR,Polaris FIR,1
2019-05-06,EPWW,Warszawa FIR,1
2019-05-06,ESAA,Sweden FIR,2
2019-05-06,EVRR,Riga FIR,0
2019-05-06,EYVL,Vilnius FIR,0
2019-05-06,GCCC,Canarias FIR,41
2019-05-06,GMMM,Casablanca FIR,0
2019-05-06,LAAA,Tirana FIR,0
2019-05-06,LBSR,Sofia FIR,0
2019-05-06,LDZO,Zagreb FIR,0
2019-05-06,LECB,Barcelona FIR,31
2019-05-06,LECM,Madrid FIR,65
2019-05-06,LFBB,Bordeaux FIR,8
2019-05-06,LFEE,Reims FIR,0
2019-05-06,LFFF,Paris FIR,40
2019-05-06,LFMM,Marseille FIR,0
2019-05-06,LFRR,Brest FIR,1
2019-05-06,LGGG,Athinai FIR,6
2019-05-06,LHCC,Budapest FIR,4
2019-05-06,LIBB,Brindisi FIR,0
2019-05-06,LIMM,Milano FIR,5
2019-05-06,LIRR,Roma FIR,10
2019-05-06,LJLA,Ljubljana FIR,0
2019-05-06,LKAA,Praha FIR,3
2019-05-06,LMMM,Malta FIR,0
2019-05-06,LOVV,Wien FIR,3
2019-05-06,LPPC,Lisboa FIR,54
2019-05-06,LPPO,Santa Maria FIR,1
2019-05-06,LQSB,Sarajevo FIR,0
2019-05-06,LRBB,Bucarest FIR,1
2019-05-06,LSAS,Switzerland FIR,5
2019-05-06,LUUU,Chisinau FIR,1
2019-05-06,LWSS,Skopje FIR,0
2019-05-06,LYBA,Beograd FIR,0
2019-05-06,LZBB,Bratislava  FIR,1
2019-05-06,UKBV,Kiev FIR,0
2019-05-06,UKDV,Dnipro FIR,0
2019-05-06,UKLV,Lvov FIR,0
2019-05-06,UKOV,Odessa FIR,0
2019-05-06,ULLL,Sankt-Peterburg FIR,0
2019-05-06,UMKK,Kaliningrad FIR,0
2019-05-06,UMMV,Minsk FIR,1
2019-05-06,UNNT,Novosibirsk FIR,0
2019-05-06,URRV,Rostov-Na-Donu FIR,0
2019-05-06,USSV,Yekaterinburg FIR,0
2019-05-06,UUWV,Moscow FIR,18
2019-05-06,UWWW,Samara FIR,0
2019-05-07,BIRD,Reykjavik FIR,3
2019-05-07,EBBU,Brussels FIR,21
2019-05-07,EDGG,Langen FIR,50
2019-05-07,EDMM,Munchen FIR,20
2019-05-07,EDWW,Bremen FIR,6
2019-05-07,EETT,Tallinn FIR,0
2019-05-07,EFIN,Helsinki FIR,5
2019-05-07,EGPX,Scottish FIR,25
2019-05-07,EGTT,London FIR,183
2019-05-07,EHAA,Amsterdam FIR,32
2019-05-07,EISN,Shannon FIR,31
2019-05-07,EKDK,Copenhagen FIR,3
2019-05-07,ENOB,Bodo Oceanic FIR,1
2019-05-07,ENOR,Polaris FIR,7
2019-05-07,EPWW,Warszawa FIR,6
2019-05-07,ESAA,Sweden FIR,2
2019-05-07,EVRR,Riga FIR,1
2019-05-07,EYVL,Vilnius FIR,1
2019-05-07,GCCC,Canarias FIR,111
2019-05-07,GMMM,Casablanca FIR,0
2019-05-07,LAAA,Tirana FIR,1
2019-05-07,LBSR,Sofia FIR,2
2019-05-07,LDZO,Zagreb FIR,1
2019-05-07,LECB,Barcelona FIR,91
2019-05-07,LECM,Madrid FIR,137
2019-05-07,LFBB,Bordeaux FIR,2
2019-05-07,LFEE,Reims FIR,4
2019-05-07,LFFF,Paris FIR,69
2019-05-07,LFMM,Marseille FIR,7
2019-05-07,LFRR,Brest FIR,5
2019-05-07,LGGG,Athinai FIR,5
2019-05-07,LHCC,Budapest FIR,1
2019-05-07,LIBB,Brindisi FIR,1
2019-05-07,LIMM,Milano FIR,16
2019-05-07,LIRR,Roma FIR,13
2019-05-07,LJLA,Ljubljana FIR,0
2019-05-07,LKAA,Praha FIR,3
2019-05-07,LMMM,Malta FIR,3
2019-05-07,LOVV,Wien FIR,4
2019-05-07,LPPC,Lisboa FIR,157
2019-05-07,LPPO,Santa Maria FIR,3
2019-05-07,LQSB,Sarajevo FIR,0
2019-05-07,LRBB,Bucarest FIR,3
2019-05-07,LSAS,Switzerland FIR,14
2019-05-07,LUUU,Chisinau FIR,2
2019-05-07,LWSS,Skopje FIR,0
2019-05-07,LYBA,Beograd FIR,0
2019-05-07,LZBB,Bratislava  FIR,0
2019-05-07,UKBV,Kiev FIR,1
2019-05-07,UKDV,Dnipro FIR,0
2019-05-07,UKLV,Lvov FIR,0
2019-05-07,UKOV,Odessa FIR,0
2019-05-07,ULLL,Sankt-Peterburg FIR,0
2019-05-07,UMKK,Kaliningrad FIR,0
2019-05-07,UMMV,Minsk FIR,0
2019-05-07,UNKL,Krasnoyarsk FIR,0
2019-05-07,UNNT,Novosibirsk FIR,1
2019-05-07,URRV,Rostov-Na-Donu FIR,0
2019-05-07,USSV,Yekaterinburg FIR,0
2019-05-07,UUWV,Moscow FIR,4
2019-05-07,UWWW,Samara FIR,0
2019-05-08,BIRD,Reykjavik FIR,1
2019-05-08,EBBU,Brussels FIR,42
2019-05-08,EDGG,Langen FIR,132
2019-05-08,EDMM,Munchen FIR,37
2019-05-08,EDWW,Bremen FIR,29
2019-05-08,EETT,Tallinn FIR,0
2019-05-08,EFIN,Helsinki FIR,7
2019-05-08,EGPX,Scottish FIR,16
2019-05-08,EGTT,London FIR,209
2019-05-08,EHAA,Amsterdam FIR,45
2019-05-08,EISN,Shannon FIR,19
2019-05-08,EKDK,Copenhagen FIR,8
2019-05-08,ENOB,Bodo Oceanic FIR,0
2019-05-08,ENOR,Polaris FIR,3
2019-05-08,EPWW,Warszawa FIR,11
2019-05-08,ESAA,Sweden FIR,11
2019-05-08,EVRR,Riga FIR,1
2019-05-08,EYVL,Vilnius FIR,0
2019-05-08,GCCC,Canarias FIR,95
2019-05-08,GMMM,Casablanca FIR,0
2019-05-08,LAAA,Tirana FIR,1
2019-05-08,LBSR,Sofia FIR,10
2019-05-08,LDZO,Zagreb FIR,10
2019-05-08,LECB,Barcelona FIR,128
2019-05-08,LECM,Madrid FIR,154
2019-05-08,LFBB,Bordeaux FIR,9
2019-05-08,LFEE,Reims FIR,27
2019-05-08,LFFF,Paris FIR,88
2019-05-08,LFMM,Marseille FIR,24
2019-05-08,LFRR,Brest FIR,6
2019-05-08,LGGG,Athinai FIR,40
2019-05-08,LHCC,Budapest FIR,16
2019-05-08,LIBB,Brindisi FIR,2
2019-05-08,LIMM,Milano FIR,55
2019-05-08,LIRR,Roma FIR,82
2019-05-08,LJLA,Ljubljana FIR,2
2019-05-08,LKAA,Praha FIR,11
2019-05-08,LMMM,Malta FIR,9
2019-05-08,LOVV,Wien FIR,19
2019-05-08,LPPC,Lisboa FIR,152
2019-05-08,LPPO,Santa Maria FIR,5
2019-05-08,LQSB,Sarajevo FIR,2
2019-05-08,LRBB,Bucarest FIR,17
2019-05-08,LSAS,Switzerland FIR,41
2019-05-08,LUUU,Chisinau FIR,0
2019-05-08,LWSS,Skopje FIR,6
2019-05-08,LYBA,Beograd FIR,3
2019-05-08,LZBB,Bratislava  FIR,2
2019-05-08,UKBV,Kiev FIR,2
2019-05-08,UKDV,Dnipro FIR,0
2019-05-08,UKLV,Lvov FIR,0
2019-05-08,UKOV,Odessa FIR,0
2019-05-08,ULLL,Sankt-Peterburg FIR,0
2019-05-08,UMKK,Kaliningrad FIR,0
2019-05-08,UMMV,Minsk FIR,0
2019-05-08,UNNT,Novosibirsk FIR,0
2019-05-08,URRV,Rostov-Na-Donu FIR,0
2019-05-08,USSV,Yekaterinburg FIR,0
2019-05-08,UUWV,Moscow FIR,9
2019-05-08,UWWW,Samara FIR,0
2019-05-09,BIRD,Reykjavik FIR,3
2019-05-09,EBBU,Brussels FIR,8
2019-05-09,EDGG,Langen FIR,52
2019-05-09,EDMM,Munchen FIR,17
2019-05-09,EDWW,Bremen FIR,5
2019-05-09,EETT,Tallinn FIR,0
2019-05-09,EFIN,Helsinki FIR,7
2019-05-09,EGPX,Scottish FIR,1
2019-05-09,EGTT,London FIR,58
2019-05-09,EHAA,Amsterdam FIR,25
2019-05-09,EISN,Shannon FIR,1
2019-05-09,EKDK,Copenhagen FIR,5
2019-05-09,ENOB,Bodo Oceanic FIR,0
2019-05-09,ENOR,Polaris FIR,4
2019-05-09,EPWW,Warszawa FIR,10
2019-05-09,ESAA,Sweden FIR,5
2019-05-09,EVRR,Riga FIR,1
2019-05-09,EYVL,Vilnius FIR,0
2019-05-09,GCCC,Canarias FIR,6
2019-05-09,GMMM,Casablanca FIR,0
2019-05-09,LAAA,Tirana FIR,0
2019-05-09,LBSR,Sofia FIR,4
2019-05-09,LDZO,Zagreb FIR,3
2019-05-09,LECB,Barcelona FIR,51
2019-05-09,LECM,Madrid FIR,40
2019-05-09,LFBB,Bordeaux FIR,1
2019-05-09,LFEE,Reims FIR,0
2019-05-09,LFFF,Paris FIR,35
2019-05-09,LFMM,Marseille FIR,3
2019-05-09,LFRR,Brest FIR,1
2019-05-09,LGGG,Athinai FIR,22
2019-05-09,LHCC,Budapest FIR,3
2019-05-09,LIBB,Brindisi FIR,0
2019-05-09,LIMM,Milano FIR,24
2019-05-09,LIRR,Roma FIR,25
2019-05-09,LJLA,Ljubljana FIR,0
2019-05-09,LKAA,Praha FIR,4
2019-05-09,LMMM,Malta FIR,3
2019-05-09,LOVV,Wien FIR,8
2019-05-09,LPPC,Lisboa FIR,24
2019-05-09,LPPO,Santa Maria FIR,3
2019-05-09,LQSB,Sarajevo FIR,0
2019-05-09,LRBB,Bucarest FIR,12
2019-05-09,LSAS,Switzerland FIR,10
2019-05-09,LUUU,Chisinau FIR,0
2019-05-09,LWSS,Skopje FIR,0
2019-05-09,LYBA,Beograd FIR,1
2019-05-09,LZBB,Bratislava  FIR,0
2019-05-09,UKBV,Kiev FIR,2
2019-05-09,UKDV,Dnipro FIR,0
2019-05-09,UKLV,Lvov FIR,0
2019-05-09,UKOV,Odessa FIR,0
2019-05-09,ULLL,Sankt-Peterburg FIR,1
2019-05-09,UMMV,Minsk FIR,0
2019-05-09,UNNT,Novosibirsk FIR,2
2019-05-09,URRV,Rostov-Na-Donu FIR,0
2019-05-09,USSV,Yekaterinburg FIR,0
2019-05-09,UUWV,Moscow FIR,19
2019-05-09,UWWW,Samara FIR,0
2019-05-10,BIRD,Reykjavik FIR,2
2019-05-10,EBBU,Brussels FIR,7
2019-05-10,EDGG,Langen FIR,28
2019-05-10,EDMM,Munchen FIR,9
2019-05-10,EDWW,Bremen FIR,3
2019-05-10,EETT,Tallinn FIR,1
2019-05-10,EFIN,Helsinki FIR,3
2019-05-10,EGPX,Scottish FIR,0
2019-05-10,EGTT,London FIR,92
2019-05-10,EHAA,Amsterdam FIR,31
2019-05-10,EISN,Shannon FIR,4
2019-05-10,EKDK,Copenhagen FIR,5
2019-05-10,ENOB,Bodo Oceanic FIR,0
2019-05-10,ENOR,Polaris FIR,1
2019-05-10,EPWW,Warszawa FIR,6
2019-05-10,ESAA,Sweden FIR,2
2019-05-10,EVRR,Riga FIR,0
2019-05-10,EYVL,Vilnius FIR,0
2019-05-10,GCCC,Canarias FIR,4
2019-05-10,GMMM,Casablanca FIR,0
2019-05-10,LAAA,Tirana FIR,0
2019-05-10,LBSR,Sofia FIR,0
2019-05-10,LDZO,Zagreb FIR,0
2019-05-10,LECB,Barcelona FIR,25
2019-05-10,LECM,Madrid FIR,43
2019-05-10,LFBB,Bordeaux FIR,3
2019-05-10,LFEE,Reims FIR,0
2019-05-10,LFFF,Paris FIR,43
2019-05-10,LFMM,Marseille FIR,10
2019-05-10,LFRR,Brest FIR,1
2019-05-10,LGGG,Athinai FIR,5
2019-05-10,LHCC,Budapest FIR,1
2019-05-10,LIBB,Brindisi FIR,0
2019-05-10,LIMM,Milano FIR,13
2019-05-10,LIRR,Roma FIR,10
2019-05-10,LJLA,Ljubljana FIR,0
2019-05-10,LKAA,Praha FIR,3
2019-05-10,LMMM,Malta FIR,0
2019-05-10,LOVV,Wien FIR,4
2019-05-10,LPPC,Lisboa FIR,20
2019-05-10,LPPO,Santa Maria FIR,0
2019-05-10,LQSB,Sarajevo FIR,0
2019-05-10,LRBB,Bucarest FIR,0
2019-05-10,LSAS,Switzerland FIR,6
2019-05-10,LUUU,Chisinau FIR,0
2019-05-10,LWSS,Skopje FIR,0
2019-05-10,LYBA,Beograd FIR,0
2019-05-10,LZBB,Bratislava  FIR,0
2019-05-10,UKBV,Kiev FIR,0
2019-05-10,UKDV,Dnipro FIR,0
2019-05-10,UKLV,Lvov FIR,0
2019-05-10,UKOV,Odessa FIR,0
2019-05-10,ULLL,Sankt-Peterburg FIR,0
2019-05-10,UMKK,Kaliningrad FIR,0
2019-05-10,UMMV,Minsk FIR,0
2019-05-10,UNNT,Novosibirsk FIR,0
2019-05-10,URRV,Rostov-Na-Donu FIR,0
2019-05-10,USSV,Yekaterinburg FIR,0
2019-05-10,UUWV,Moscow FIR,8
2019-05-10,UWWW,Samara FIR,0
2019-05-11,BIRD,Reykjavik FIR,3
2019-05-11,EBBU,Brussels FIR,10
2019-05-11,EDGG,Langen FIR,51
2019-05-11,EDMM,Munchen FIR,12
2019-05-11,EDWW,Bremen FIR,1
2019-05-11,EETT,Tallinn FIR,0
2019-05-11,EFIN,Helsinki FIR,0
2019-05-11,EGPX,Scottish FIR,2
2019-05-11,EGTT,London FIR,58
2019-05-11,EHAA,Amsterdam FIR,26
2019-05-11,EISN,Shannon FIR,4
2019-05-11,EKDK,Copenhagen FIR,4
2019-05-11,ENOB,Bodo Oceanic FIR,0
2019-05-11,ENOR,Polaris FIR,0
2019-05-11,EPWW,Warszawa FIR,0
2019-05-11,ESAA,Sweden FIR,2
2019-05-11,EVRR,Riga FIR,0
2019-05-11,EYVL,Vilnius FIR,0
2019-05-11,GCCC,Canarias FIR,16
2019-05-11,GMMM,Casablanca FIR,0
2019-05-11,LAAA,Tirana FIR,0
2019-05-11,LBSR,Sofia FIR,1
2019-05-11,LDZO,Zagreb FIR,1
2019-05-11,LECB,Barcelona FIR,15
2019-05-11,LECM,Madrid FIR,40
2019-05-11,LFBB,Bordeaux FIR,1
2019-05-11,LFEE,Reims FIR,2
2019-05-11,LFFF,Paris FIR,46
2019-05-11,LFMM,Marseille FIR,3
2019-05-11,LFRR,Brest FIR,0
2019-05-11,LGGG,Athinai FIR,18
2019-05-11,LHCC,Budapest FIR,4
2019-05-11,LIBB,Brindisi FIR,2
2019-05-11,LIMM,Milano FIR,25
2019-05-11,LIRR,Roma FIR,33
2019-05-11,LJLA,Ljubljana FIR,1
2019-05-11,LKAA,Praha FIR,1
2019-05-11,LMMM,Malta FIR,3
2019-05-11,LOVV,Wien FIR,7
2019-05-11,LPPC,Lisboa FIR,27
2019-05-11,LPPO,Santa Maria FIR,2
2019-05-11,LQSB,Sarajevo FIR,1
2019-05-11,LRBB,Bucarest FIR,5
2019-05-11,LSAS,Switzerland FIR,20
2019-05-11,LUUU,Chisinau FIR,0
2019-05-11,LWSS,Skopje FIR,0
2019-05-11,LYBA,Beograd FIR,3
2019-05-11,LZBB,Bratislava  FIR,0
2019-05-11,UKBV,Kiev FIR,0
2019-05-11,UKDV,Dnipro FIR,0
2019-05-11,UKLV,Lvov FIR,0
2019-05-11,UKOV,Odessa FIR,0
2019-05-11,ULLL,Sankt-Peterburg FIR,0
2019-05-11,UMKK,Kaliningrad FIR,0
2019-05-11,UMMV,Minsk FIR,0
2019-05-11,UNNT,Novosibirsk FIR,1
2019-05-11,URRV,Rostov-Na-Donu FIR,0
2019-05-11,USSV,Yekaterinburg FIR,1
2019-05-11,UUWV,Moscow FIR,0
2019-05-11,UWWW,Samara FIR,0
2019-05-12,BIRD,Reykjavik FIR,0
2019-05-12,EBBU,Brussels FIR,24
2019-05-12,EDGG,Langen FIR,78
2019-05-12,EDMM,Munchen FIR,30
2019-05-12,EDWW,Bremen FIR,10
2019-05-12,EETT,Tallinn FIR,0
2019-05-12,EFIN,Helsinki FIR,7
2019-05-12,EGPX,Scottish FIR,11
2019-05-12,EGTT,London FIR,119
2019-05-12,EHAA,Amsterdam FIR,45
2019-05-12,EISN,Shannon FIR,21
2019-05-12,EKDK,Copenhagen FIR,8
2019-05-12,ENOB,Bodo Oceanic FIR,0
2019-05-12,ENOR,Polaris FIR,2
2019-05-12,EPWW,Warszawa FIR,5
2019-05-12,ESAA,Sweden FIR,4
2019-05-12,EVRR,Riga FIR,1
2019-05-12,EYVL,Vilnius FIR,0
2019-05-12,GCCC,Canarias FIR,43
2019-05-12,GMMM,Casablanca FIR,0
2019-05-12,LAAA,Tirana FIR,0
2019-05-12,LBSR,Sofia FIR,6
2019-05-12,LDZO,Zagreb FIR,0
2019-05-12,LECB,Barcelona FIR,31
2019-05-12,LECM,Madrid FIR,39
2019-05-12,LFBB,Bordeaux FIR,1
2019-05-12,LFEE,Reims FIR,2
2019-05-12,LFFF,Paris FIR,52
2019-05-12,LFMM,Marseille FIR,0
2019-05-12,LFRR,Brest FIR,0
2019-05-12,LGGG,Athinai FIR,21
2019-05-12,LHCC,Budapest FIR,4
2019-05-12,LIBB,Brindisi FIR,2
2019-05-12,LIMM,Milano FIR,13
2019-05-12,LIRR,Roma FIR,12
2019-05-12,LJLA,Ljubljana FIR,1
2019-05-12,LKAA,Praha FIR,8
2019-05-12,LMMM,Malta FIR,1
2019-05-12,LOVV,Wien FIR,18
2019-05-12,LPPC,Lisboa FIR,25
2019-05-12,LPPO,Santa Maria FIR,1
2019-05-12,LQSB,Sarajevo FIR,0
2019-05-12,LRBB,Bucarest FIR,10
2019-05-12,LSAS,Switzerland FIR,13
2019-05-12,LUUU,Chisinau FIR,0
2019-05-12,LWSS,Skopje FIR,4
2019-05-12,LYBA,Beograd FIR,2
2019-05-12,LZBB,Bratislava  FIR,1
2019-05-12,UKBV,Kiev FIR,0
2019-05-12,UKDV,Dnipro FIR,0
2019-05-12,UKLV,Lvov FIR,0
2019-05-12,UKOV,Odessa FIR,0
2019-05-12,ULLL,Sankt-Peterburg FIR,0
2019-05-12,UMMV,Minsk FIR,0
2019-05-12,UNNT,Novosibirsk FIR,0
2019-05-12,URRV,Rostov-Na-Donu FIR,0
2019-05-12,USSV,Yekaterinburg FIR,0
2019-05-12,UUWV,Moscow FIR,1
2019-05-12,UWWW,Samara FIR,0
2019-05-13,BIRD,Reykjavik FIR,3
2019-05-13,EBBU,Brussels FIR,8
2019-05-13,EDGG,Langen FIR,41
2019-05-13,EDMM,Munchen FIR,11
2019-05-13,EDWW,Bremen FIR,6
2019-05-13,EETT,Tallinn FIR,0
2019-05-13,EFIN,Helsinki FIR,3
2019-05-13,EGPX,Scottish FIR,2
2019-05-13,EGTT,London FIR,54
2019-05-13,EHAA,Amsterdam FIR,20
2019-05-13,EISN,Shannon FIR,9
2019-05-13,EKDK,Copenhagen FIR,4
2019-05-13,ENOB,Bodo Oceanic FIR,0
2019-05-13,ENOR,Polaris FIR,1
2019-05-13,EPWW,Warszawa FIR,8
2019-05-13,ESAA,Sweden FIR,4
2019-05-13,EVRR,Riga FIR,0
2019-05-13,EYVL,Vilnius FIR,1
2019-05-13,GCCC,Canarias FIR,21
2019-05-13,GMMM,Casablanca FIR,0
2019-05-13,LAAA,Tirana FIR,0
2019-05-13,LBSR,Sofia FIR,2
2019-05-13,LDZO,Zagreb FIR,1
2019-05-13,LECB,Barcelona FIR,3
2019-05-13,LECM,Madrid FIR,19
2019-05-13,LFBB,Bordeaux FIR,0
2019-05-13,LFEE,Reims FIR,0
2019-05-13,LFFF,Paris FIR,28
2019-05-13,LFMM,Marseille FIR,0
2019-05-13,LFRR,Brest FIR,0
2019-05-13,LGGG,Athinai FIR,14
2019-05-13,LHCC,Budapest FIR,3
2019-05-13,LIBB,Brindisi FIR,1
2019-05-13,LIMM,Milano FIR,15
2019-05-13,LIRR,Roma FIR,13
2019-05-13,LJLA,Ljubljana FIR,0
2019-05-13,LKAA,Praha FIR,5
2019-05-13,LMMM,Malta FIR,0
2019-05-13,LOVV,Wien FIR,9
2019-05-13,LPPC,Lisboa FIR,10
2019-05-13,LPPO,Santa Maria FIR,1
2019-05-13,LQSB,Sarajevo FIR,0
2019-05-13,LRBB,Bucarest FIR,4
2019-05-13,LSAS,Switzerland FIR,11
2019-05-13,LUUU,Chisinau FIR,0
2019-05-13,LWSS,Skopje FIR,0
2019-05-13,LYBA,Beograd FIR,1
2019-05-13,LZBB,Bratislava  FIR,0
2019-05-13,UKBV,Kiev FIR,0
2019-05-13,UKDV,Dnipro FIR,0
2019-05-13,UKLV,Lvov FIR,0
2019-05-13,UKOV,Odessa FIR,0
2019-05-13,ULLL,Sankt-Peterburg FIR,0
2019-05-13,UMKK,Kaliningrad FIR,0
2019-05-13,UMMV,Minsk FIR,0
2019-05-13,UNNT,Novosibirsk FIR,2
2019-05-13,URRV,Rostov-Na-Donu FIR,0
2019-05-13,USSV,Yekaterinburg FIR,0
2019-05-13,UUWV,Moscow FIR,1
2019-05-13,UWWW,Samara FIR,0
2019-05-14,BIRD,Reykjavik FIR,2
2019-05-14,EBBU,Brussels FIR,12
2019-05-14,EDGG,Langen FIR,43
2019-05-14,EDMM,Munchen FIR,19
2019-05-14,EDWW,Bremen FIR,7
2019-05-14,EETT,Tallinn FIR,1
2019-05-14,EFIN,Helsinki FIR,0
2019-05-14,EGPX,Scottish FIR,4
2019-05-14,EGTT,London FIR,68
2019-05-14,EHAA,Amsterdam FIR,23
2019-05-14,EISN,Shannon FIR,6
2019-05-14,EKDK,Copenhagen FIR,8
2019-05-14,ENOB,Bodo Oceanic FIR,0
2019-05-14,ENOR,Polaris FIR,4
2019-05-14,EPWW,Warszawa FIR,12
2019-05-14,ESAA,Sweden FIR,4
2019-05-14,EVRR,Riga FIR,2
2019-05-14,EYVL,Vilnius FIR,1
2019-05-14,GCCC,Canarias FIR,29
2019-05-14,GMMM,Casablanca FIR,0
2019-05-14,LAAA,Tirana FIR,0
2019-05-14,LBSR,Sofia FIR,2
2019-05-14,LDZO,Zagreb FIR,4
2019-05-14,LECB,Barcelona FIR,9
2019-05-14,LECM,Madrid FIR,25
2019-05-14,LFBB,Bordeaux FIR,0
2019-05-14,LFEE,Reims FIR,0
2019-05-14,LFFF,Paris FIR,30
2019-05-14,LFMM,Marseille FIR,3
2019-05-14,LFRR,Brest FIR,0
2019-05-14,LGGG,Athinai FIR,29
2019-05-14,LHCC,Budapest FIR,2
2019-05-14,LIBB,Brindisi FIR,0
2019-05-14,LIMM,Milano FIR,14
2019-05-14,LIRR,Roma FIR,10
2019-05-14,LJLA,Ljubljana FIR,0
2019-05-14,LKAA,Praha FIR,2
2019-05-14,LMMM,Malta FIR,1
2019-05-14,LOVV,Wien FIR,11
2019-05-14,LPPC,Lisboa FIR,14
2019-05-14,LPPO,Santa Maria FIR,1
2019-05-14,LQSB,Sarajevo FIR,0
2019-05-14,LRBB,Bucarest FIR,7
2019-05-14,LSAS,Switzerland FIR,8
2019-05-14,LUUU,Chisinau FIR,0
2019-05-14,LWSS,Skopje FIR,0
2019-05-14,LYBA,Beograd FIR,1
2019-05-14,LZBB,Bratislava  FIR,0
2019-05-14,UKBV,Kiev FIR,4
2019-05-14,UKDV,Dnipro FIR,0
2019-05-14,UKLV,Lvov FIR,0
2019-05-14,UKOV,Odessa FIR,0
2019-05-14,ULLL,Sankt-Peterburg FIR,0
2019-05-14,UMMV,Minsk FIR,0
2019-05-14,UNKL,Krasnoyarsk FIR,0
2019-05-14,URRV,Rostov-Na-Donu FIR,0
2019-05-14,USSV,Yekaterinburg FIR,0
2019-05-14,UUWV,Moscow FIR,21
2019-05-14,UWWW,Samara FIR,0
2019-05-15,BIRD,Reykjavik FIR,1
2019-05-15,EBBU,Brussels FIR,15
2019-05-15,EDGG,Langen FIR,55
2019-05-15,EDMM,Munchen FIR,15
2019-05-15,EDWW,Bremen FIR,3
2019-05-15,EETT,Tallinn FIR,1
2019-05-15,EFIN,Helsinki FIR,3
2019-05-15,EGPX,Scottish FIR,6
2019-05-15,EGTT,London FIR,89
2019-05-15,EHAA,Amsterdam FIR,24
2019-05-15,EISN,Shannon FIR,15
2019-05-15,EKDK,Copenhagen FIR,4
2019-05-15,ENOB,Bodo Oceanic FIR,0
2019-05-15,ENOR,Polaris FIR,12
2019-05-15,EPWW,Warszawa FIR,12
2019-05-15,ESAA,Sweden FIR,4
2019-05-15,EVRR,Riga FIR,0
2019-05-15,EYVL,Vilnius FIR,8
2019-05-15,GCCC,Canarias FIR,64
2019-05-15,GMMM,Casablanca FIR,0
2019-05-15,LAAA,Tirana FIR,0
2019-05-15,LBSR,Sofia FIR,3
2019-05-15,LDZO,Zagreb FIR,3
2019-05-15,LECB,Barcelona FIR,21
2019-05-15,LECM,Madrid FIR,61
2019-05-15,LFBB,Bordeaux FIR,4
2019-05-15,LFEE,Reims FIR,0
2019-05-15,LFFF,Paris FIR,39
2019-05-15,LFMM,Marseille FIR,0
2019-05-15,LFRR,Brest FIR,1
2019-05-15,LGGG,Athinai FIR,5
2019-05-15,LHCC,Budapest FIR,5
2019-05-15,LIBB,Brindisi FIR,0
2019-05-15,LIMM,Milano FIR,8
2019-05-15,LIRR,Roma FIR,4
2019-05-15,LJLA,Ljubljana FIR,0
2019-05-15,LKAA,Praha FIR,1
2019-05-15,LMMM,Malta FIR,0
2019-05-15,LOVV,Wien FIR,4
2019-05-15,LPPC,Lisboa FIR,74
2019-05-15,LPPO,Santa Maria FIR,2
2019-05-15,LQSB,Sarajevo FIR,0
2019-05-15,LRBB,Bucarest FIR,6
2019-05-15,LSAS,Switzerland FIR,11
2019-05-15,LUUU,Chisinau FIR,0
2019-05-15,LWSS,Skopje FIR,0
2019-05-15,LYBA,Beograd FIR,0
2019-05-15,LZBB,Bratislava  FIR,0
2019-05-15,UKBV,Kiev FIR,0
2019-05-15,UKDV,Dnipro FIR,0
2019-05-15,UKLV,Lvov FIR,0
2019-05-15,UKOV,Odessa FIR,0
2019-05-15,ULLL,Sankt-Peterburg FIR,0
2019-05-15,UMKK,Kaliningrad FIR,0
2019-05-15,UMMV,Minsk FIR,0
2019-05-15,UNNT,Novosibirsk FIR,0
2019-05-15,URRV,Rostov-Na-Donu FIR,0
2019-05-15,USSV,Yekaterinburg FIR,0
2019-05-15,UUWV,Moscow FIR,5
2019-05-15,UWWW,Samara FIR,0
2019-05-16,BIRD,Reykjavik FIR,0
2019-05-16,EBBU,Brussels FIR,9
2019-05-16,EDGG,Langen FIR,45
2019-05-16,EDMM,Munchen FIR,20
2019-05-16,EDWW,Bremen FIR,4
2019-05-16,EETT,Tallinn FIR,0
2019-05-16,EFIN,Helsinki FIR,5
2019-05-16,EGPX,Scottish FIR,4
2019-05-16,EGTT,London FIR,62
2019-05-16,EHAA,Amsterdam FIR,20
2019-05-16,EISN,Shannon FIR,3
2019-05-16,EKDK,Copenhagen FIR,8
2019-05-16,ENOR,Polaris FIR,3
2019-05-16,EPWW,Warszawa FIR,7
2019-05-16,ESAA,Sweden FIR,1
2019-05-16,EVRR,Riga FIR,1
2019-05-16,EYVL,Vilnius FIR,2
2019-05-16,GCCC,Canarias FIR,18
2019-05-16,GMMM,Casablanca FIR,0
2019-05-16,LAAA,Tirana FIR,0
2019-05-16,LBSR,Sofia FIR,1
2019-05-16,LDZO,Zagreb FIR,1
2019-05-16,LECB,Barcelona FIR,25
2019-05-16,LECM,Madrid FIR,37
2019-05-16,LFBB,Bordeaux FIR,1
2019-05-16,LFEE,Reims FIR,0
2019-05-16,LFFF,Paris FIR,30
2019-05-16,LFMM,Marseille FIR,0
2019-05-16,LFRR,Brest FIR,0
2019-05-16,LGGG,Athinai FIR,7
2019-05-16,LHCC,Budapest FIR,2
2019-05-16,LIBB,Brindisi FIR,0
2019-05-16,LIMM,Milano FIR,4
2019-05-16,LIRR,Roma FIR,3
2019-05-16,LJLA,Ljubljana FIR,0
2019-05-16,LKAA,Praha FIR,4
2019-05-16,LMMM,Malta FIR,0
2019-05-16,LOVV,Wien FIR,5
2019-05-16,LPPC,Lisboa FIR,25
2019-05-16,LPPO,Santa Maria FIR,3
2019-05-16,LQSB,Sarajevo FIR,0
2019-05-16,LRBB,Bucarest FIR,1
2019-05-16,LSAS,Switzerland FIR,11
2019-05-16,LUUU,Chisinau FIR,0
2019-05-16,LWSS,Skopje FIR,0
2019-05-16,LYBA,Beograd FIR,0
2019-05-16,LZBB,Bratislava  FIR,0
2019-05-16,UKBV,Kiev FIR,1
2019-05-16,UKDV,Dnipro FIR,1
2019-05-16,UKLV,Lvov FIR,0
2019-05-16,UKOV,Odessa FIR,0
2019-05-16,ULLL,Sankt-Peterburg FIR,1
2019-05-16,UMMV,Minsk FIR,0
2019-05-16,UNKL,Krasnoyarsk FIR,0
2019-05-16,UNNT,Novosibirsk FIR,2
2019-05-16,URRV,Rostov-Na-Donu FIR,0
2019-05-16,USSV,Yekaterinburg FIR,2
2019-05-16,UUWV,Moscow FIR,12
2019-05-16,UWWW,Samara FIR,0
2019-05-17,BIRD,Reykjavik FIR,0
2019-05-17,EBBU,Brussels FIR,12
2019-05-17,EDGG,Langen FIR,64
2019-05-17,EDMM,Munchen FIR,16
2019-05-17,EDWW,Bremen FIR,7
2019-05-17,EETT,Tallinn FIR,3
2019-05-17,EFIN,Helsinki FIR,5
2019-05-17,EGPX,Scottish FIR,0
2019-05-17,EGTT,London FIR,57
2019-05-17,EHAA,Amsterdam FIR,25
2019-05-17,EISN,Shannon FIR,4
2019-05-17,EKDK,Copenhagen FIR,5
2019-05-17,ENOB,Bodo Oceanic FIR,0
2019-05-17,ENOR,Polaris FIR,2
2019-05-17,EPWW,Warszawa FIR,15
2019-05-17,ESAA,Sweden FIR,3
2019-05-17,EVRR,Riga FIR,2
2019-05-17,EYVL,Vilnius FIR,3
2019-05-17,GCCC,Canarias FIR,3
2019-05-17,GMMM,Casablanca FIR,0
2019-05-17,LAAA,Tirana FIR,1
2019-05-17,LBSR,Sofia FIR,5
2019-05-17,LDZO,Zagreb FIR,2
2019-05-17,LECB,Barcelona FIR,18
2019-05-17,LECM,Madrid FIR,17
2019-05-17,LFBB,Bordeaux FIR,0
2019-05-17,LFEE,Reims FIR,0
2019-05-17,LFFF,Paris FIR,52
2019-05-17,LFMM,Marseille FIR,9
2019-05-17,LFRR,Brest FIR,0
2019-05-17,LGGG,Athinai FIR,15
2019-05-17,LHCC,Budapest FIR,5
2019-05-17,LIBB,Brindisi FIR,1
2019-05-17,LIMM,Milano FIR,14
2019-05-17,LIRR,Roma FIR,21
2019-05-17,LJLA,Ljubljana FIR,0
2019-05-17,LKAA,Praha FIR,10
2019-05-17,LMMM,Malta FIR,3
2019-05-17,LOVV,Wien FIR,10
2019-05-17,LPPC,Lisboa FIR,16
2019-05-17,LPPO,Santa Maria FIR,2
2019-05-17,LQSB,Sarajevo FIR,0
2019-05-17,LRBB,Bucarest FIR,6
2019-05-17,LSAS,Switzerland FIR,9
2019-05-17,LUUU,Chisinau FIR,0
2019-05-17,LWSS,Skopje FIR,0
2019-05-17,LYBA,Beograd FIR,0
2019-05-17,LZBB,Bratislava  FIR,0
2019-05-17,UKBV,Kiev FIR,11
2019-05-17,UKDV,Dnipro FIR,0
2019-05-17,UKLV,Lvov FIR,0
2019-05-17,UKOV,Odessa FIR,0
2019-05-17,ULLL,Sankt-Peterburg FIR,1
2019-05-17,UMMV,Minsk FIR,1
2019-05-17,UNNT,Novosibirsk FIR,0
2019-05-17,URRV,Rostov-Na-Donu FIR,0
2019-05-17,USSV,Yekaterinburg FIR,0
2019-05-17,UUWV,Moscow FIR,43
2019-05-17,UWWW,Samara FIR,1
2019-05-18,BIRD,Reykjavik FIR,2
2019-05-18,EBBU,Brussels FIR,8
2019-05-18,EDGG,Langen FIR,55
2019-05-18,EDMM,Munchen FIR,26
2019-05-18,EDWW,Bremen FIR,6
2019-05-18,EETT,Tallinn FIR,4
2019-05-18,EFIN,Helsinki FIR,21
2019-05-18,EGPX,Scottish FIR,9
2019-05-18,EGTT,London FIR,84
2019-05-18,EHAA,Amsterdam FIR,24
2019-05-18,EISN,Shannon FIR,3
2019-05-18,EKDK,Copenhagen FIR,10
2019-05-18,ENOB,Bodo Oceanic FIR,0
2019-05-18,ENOR,Polaris FIR,8
2019-05-18,EPWW,Warszawa FIR,16
2019-05-18,ESAA,Sweden FIR,9
2019-05-18,EVRR,Riga FIR,2
2019-05-18,EYVL,Vilnius FIR,1
2019-05-18,GCCC,Canarias FIR,41
2019-05-18,GMMM,Casablanca FIR,0
2019-05-18,LAAA,Tirana FIR,1
2019-05-18,LBSR,Sofia FIR,0
2019-05-18,LDZO,Zagreb FIR,3
2019-05-18,LECB,Barcelona FIR,10
2019-05-18,LECM,Madrid FIR,40
2019-05-18,LFBB,Bordeaux FIR,2
2019-05-18,LFEE,Reims FIR,2
2019-05-18,LFFF,Paris FIR,44
2019-05-18,LFMM,Marseille FIR,3
2019-05-18,LFRR,Brest FIR,4
2019-05-18,LGGG,Athinai FIR,75
2019-05-18,LHCC,Budapest FIR,6
2019-05-18,LIBB,Brindisi FIR,0
2019-05-18,LIMM,Milano FIR,17
2019-05-18,LIRR,Roma FIR,12
2019-05-18,LJLA,Ljubljana FIR,0
2019-05-18,LKAA,Praha FIR,5
2019-05-18,LMMM,Malta FIR,1
2019-05-18,LOVV,Wien FIR,9
2019-05-18,LPPC,Lisboa FIR,21
2019-05-18,LPPO,Santa Maria FIR,8
2019-05-18,LQSB,Sarajevo FIR,0
2019-05-18,LRBB,Bucarest FIR,6
2019-05-18,LSAS,Switzerland FIR,8
2019-05-18,LUUU,Chisinau FIR,1
2019-05-18,LWSS,Skopje FIR,0
2019-05-18,LYBA,Beograd FIR,0
2019-05-18,LZBB,Bratislava  FIR,2
2019-05-18,UKBV,Kiev FIR,6
2019-05-18,UKDV,Dnipro FIR,0
2019-05-18,UKLV,Lvov FIR,0
2019-05-18,UKOV,Odessa FIR,0
2019-05-18,ULLL,Sankt-Peterburg FIR,0
2019-05-18,UMMV,Minsk FIR,0
2019-05-18,UNNT,Novosibirsk FIR,1
2019-05-18,URRV,Rostov-Na-Donu FIR,0
2019-05-18,USSV,Yekaterinburg FIR,0
2019-05-18,UUWV,Moscow FIR,23
2019-05-18,UWWW,Samara FIR,0
2019-05-19,BIRD,Reykjavik FIR,3
2019-05-19,EBBU,Brussels FIR,14
2019-05-19,EDGG,Langen FIR,75
2019-05-19,EDMM,Munchen FIR,28
2019-05-19,EDWW,Bremen FIR,9
2019-05-19,EETT,Tallinn FIR,2
2019-05-19,EFIN,Helsinki FIR,24
2019-05-19,EGPX,Scottish FIR,3
2019-05-19,EGTT,London FIR,138
2019-05-19,EHAA,Amsterdam FIR,33
2019-05-19,EISN,Shannon FIR,7
2019-05-19,EKDK,Copenhagen FIR,15
2019-05-19,ENOB,Bodo Oceanic FIR,0
2019-05-19,ENOR,Polaris FIR,6
2019-05-19,EPWW,Warszawa FIR,11
2019-05-19,ESAA,Sweden FIR,21
2019-05-19,EVRR,Riga FIR,4
2019-05-19,EYVL,Vilnius FIR,1
2019-05-19,GCCC,Canarias FIR,1
2019-05-19,GMMM,Casablanca FIR,0
2019-05-19,LAAA,Tirana FIR,0
2019-05-19,LBSR,Sofia FIR,5
2019-05-19,LDZO,Zagreb FIR,2
2019-05-19,LECB,Barcelona FIR,22
2019-05-19,LECM,Madrid FIR,44
2019-05-19,LFBB,Bordeaux FIR,0
2019-05-19,LFEE,Reims FIR,12
2019-05-19,LFFF,Paris FIR,67
2019-05-19,LFMM,Marseille FIR,2
2019-05-19,LFRR,Brest FIR,5
2019-05-19,LGGG,Athinai FIR,60
2019-05-19,LHCC,Budapest FIR,5
2019-05-19,LIBB,Brindisi FIR,0
2019-05-19,LIMM,Milano FIR,21
2019-05-19,LIRR,Roma FIR,23
2019-05-19,LJLA,Ljubljana FIR,2
2019-05-19,LKAA,Praha FIR,7
2019-05-19,LMMM,Malta FIR,0
2019-05-19,LOVV,Wien FIR,6
2019-05-19,LPPC,Lisboa FIR,17
2019-05-19,LPPO,Santa Maria FIR,0
2019-05-19,LQSB,Sarajevo FIR,0
2019-05-19,LRBB,Bucarest FIR,15
2019-05-19,LSAS,Switzerland FIR,18
2019-05-19,LUUU,Chisinau FIR,0
2019-05-19,LWSS,Skopje FIR,0
2019-05-19,LYBA,Beograd FIR,1
2019-05-19,LZBB,Bratislava  FIR,0
2019-05-19,UKBV,Kiev FIR,1
2019-05-19,UKDV,Dnipro FIR,0
2019-05-19,UKLV,Lvov FIR,0
2019-05-19,UKOV,Odessa FIR,0
2019-05-19,ULLL,Sankt-Peterburg FIR,4
2019-05-19,UMKK,Kaliningrad FIR,0
2019-05-19,UMMV,Minsk FIR,0
2019-05-19,URRV,Rostov-Na-Donu FIR,0
2019-05-19,USSV,Yekaterinburg FIR,0
2019-05-19,UUWV,Moscow FIR,20
2019-05-20,BIRD,Reykjavik FIR,0
2019-05-20,EBBU,Brussels FIR,8
2019-05-20,EDGG,Langen FIR,53
2019-05-20,EDMM,Munchen FIR,19
2019-05-20,EDWW,Bremen FIR,6
2019-05-20,EETT,Tallinn FIR,2
2019-05-20,EFIN,Helsinki FIR,16
2019-05-20,EGPX,Scottish FIR,7
2019-05-20,EGTT,London FIR,117
2019-05-20,EHAA,Amsterdam FIR,23
2019-05-20,EISN,Shannon FIR,3
2019-05-20,EKDK,Copenhagen FIR,9
2019-05-20,ENOB,Bodo Oceanic FIR,0
2019-05-20,ENOR,Polaris FIR,11
2019-05-20,EPWW,Warszawa FIR,12
2019-05-20,ESAA,Sweden FIR,10
2019-05-20,EVRR,Riga FIR,1
2019-05-20,EYVL,Vilnius FIR,5
2019-05-20,GCCC,Canarias FIR,2
2019-05-20,GMMM,Casablanca FIR,0
2019-05-20,LAAA,Tirana FIR,0
2019-05-20,LBSR,Sofia FIR,1
2019-05-20,LDZO,Zagreb FIR,1
2019-05-20,LECB,Barcelona FIR,16
2019-05-20,LECM,Madrid FIR,17
2019-05-20,LFBB,Bordeaux FIR,0
2019-05-20,LFEE,Reims FIR,4
2019-05-20,LFFF,Paris FIR,35
2019-05-20,LFMM,Marseille FIR,2
2019-05-20,LFRR,Brest FIR,0
2019-05-20,LGGG,Athinai FIR,16
2019-05-20,LHCC,Budapest FIR,3
2019-05-20,LIBB,Brindisi FIR,0
2019-05-20,LIMM,Milano FIR,19
2019-05-20,LIRR,Roma FIR,8
2019-05-20,LJLA,Ljubljana FIR,1
2019-05-20,LKAA,Praha FIR,2
2019-05-20,LMMM,Malta FIR,1
2019-05-20,LOVV,Wien FIR,12
2019-05-20,LPPC,Lisboa FIR,8
2019-05-20,LPPO,Santa Maria FIR,0
2019-05-20,LQSB,Sarajevo FIR,0
2019-05-20,LRBB,Bucarest FIR,2
2019-05-20,LSAS,Switzerland FIR,8
2019-05-20,LUUU,Chisinau FIR,1
2019-05-20,LWSS,Skopje FIR,0
2019-05-20,LYBA,Beograd FIR,1
2019-05-20,LZBB,Bratislava  FIR,0
2019-05-20,UKBV,Kiev FIR,8
2019-05-20,UKDV,Dnipro FIR,2
2019-05-20,UKLV,Lvov FIR,0
2019-05-20,UKOV,Odessa FIR,0
2019-05-20,ULLL,Sankt-Peterburg FIR,0
2019-05-20,UMKK,Kaliningrad FIR,0
2019-05-20,UMMV,Minsk FIR,0
2019-05-20,UNKL,Krasnoyarsk FIR,1
2019-05-20,UNNT,Novosibirsk FIR,0
2019-05-20,URRV,Rostov-Na-Donu FIR,3
2019-05-20,USSV,Yekaterinburg FIR,0
2019-05-20,UUWV,Moscow FIR,30
2019-05-20,UWWW,Samara FIR,0
2019-05-21,BIRD,Reykjavik FIR,0
2019-05-21,EBBU,Brussels FIR,19
2019-05-21,EDGG,Langen FIR,57
2019-05-21,EDMM,Munchen FIR,27
2019-05-21,EDWW,Bremen FIR,2
2019-05-21,EETT,Tallinn FIR,1
2019-05-21,EFIN,Helsinki FIR,5
2019-05-21,EGPX,Scottish FIR,6
2019-05-21,EGTT,London FIR,98
2019-05-21,EHAA,Amsterdam FIR,24
2019-05-21,EISN,Shannon FIR,7
2019-05-21,EKDK,Copenhagen FIR,6
2019-05-21,ENOR,Polaris FIR,8
2019-05-21,EPWW,Warszawa FIR,9
2019-05-21,ESAA,Sweden FIR,7
2019-05-21,EVRR,Riga FIR,1
2019-05-21,EYVL,Vilnius FIR,2
2019-05-21,GCCC,Canarias FIR,18
2019-05-21,GMMM,Casablanca FIR,0
2019-05-21,LAAA,Tirana FIR,0
2019-05-21,LBSR,Sofia FIR,0
2019-05-21,LDZO,Zagreb FIR,4
2019-05-21,LECB,Barcelona FIR,13
2019-05-21,LECM,Madrid FIR,30
2019-05-21,LFBB,Bordeaux FIR,1
2019-05-21,LFEE,Reims FIR,0
2019-05-21,LFFF,Paris FIR,58
2019-05-21,LFMM,Marseille FIR,0
2019-05-21,LFRR,Brest FIR,0
2019-05-21,LGGG,Athinai FIR,16
2019-05-21,LHCC,Budapest FIR,5
2019-05-21,LIBB,Brindisi FIR,0
2019-05-21,LIMM,Milano FIR,15
2019-05-21,LIRR,Roma FIR,19
2019-05-21,LJLA,Ljubljana FIR,0
2019-05-21,LKAA,Praha FIR,3
2019-05-21,LMMM,Malta FIR,1
2019-05-21,LOVV,Wien FIR,9
2019-05-21,LPPC,Lisboa FIR,5
2019-05-21,LPPO,Santa Maria FIR,0
2019-05-21,LQSB,Sarajevo FIR,0
2019-05-21,LRBB,Bucarest FIR,5
2019-05-21,LSAS,Switzerland FIR,19
2019-05-21,LUUU,Chisinau FIR,1
2019-05-21,LWSS,Skopje FIR,0
2019-05-21,LYBA,Beograd FIR,0
2019-05-21,LZBB,Bratislava  FIR,0
2019-05-21,UKBV,Kiev FIR,0
2019-05-21,UKDV,Dnipro FIR,0
2019-05-21,UKLV,Lvov FIR,0
2019-05-21,UKOV,Odessa FIR,0
2019-05-21,ULLL,Sankt-Peterburg FIR,2
2019-05-21,UMKK,Kaliningrad FIR,0
2019-05-21,UMMV,Minsk FIR,0
2019-05-21,UNKL,Krasnoyarsk FIR,2
2019-05-21,UNNT,Novosibirsk FIR,0
2019-05-21,URRV,Rostov-Na-Donu FIR,0
2019-05-21,USSV,Yekaterinburg FIR,0
2019-05-21,UUWV,Moscow FIR,9
2019-05-21,UWWW,Samara FIR,1
2019-05-22,BIRD,Reykjavik FIR,6
2019-05-22,EBBU,Brussels FIR,17
2019-05-22,EDGG,Langen FIR,63
2019-05-22,EDMM,Munchen FIR,19
2019-05-22,EDWW,Bremen FIR,7
2019-05-22,EETT,Tallinn FIR,0
2019-05-22,EFIN,Helsinki FIR,8
2019-05-22,EGPX,Scottish FIR,11
2019-05-22,EGTT,London FIR,163
2019-05-22,EHAA,Amsterdam FIR,37
2019-05-22,EISN,Shannon FIR,12
2019-05-22,EKDK,Copenhagen FIR,7
2019-05-22,ENOB,Bodo Oceanic FIR,0
2019-05-22,ENOR,Polaris FIR,5
2019-05-22,EPWW,Warszawa FIR,15
2019-05-22,ESAA,Sweden FIR,11
2019-05-22,EVRR,Riga FIR,0
2019-05-22,EYVL,Vilnius FIR,2
2019-05-22,GCCC,Canarias FIR,39
2019-05-22,GMMM,Casablanca FIR,0
2019-05-22,LAAA,Tirana FIR,0
2019-05-22,LBSR,Sofia FIR,5
2019-05-22,LDZO,Zagreb FIR,2
2019-05-22,LECB,Barcelona FIR,34
2019-05-22,LECM,Madrid FIR,51
2019-05-22,LFBB,Bordeaux FIR,0
2019-05-22,LFEE,Reims FIR,2
2019-05-22,LFFF,Paris FIR,49
2019-05-22,LFMM,Marseille FIR,1
2019-05-22,LFRR,Brest FIR,0
2019-05-22,LGGG,Athinai FIR,24
2019-05-22,LHCC,Budapest FIR,9
2019-05-22,LIBB,Brindisi FIR,0
2019-05-22,LIMM,Milano FIR,9
2019-05-22,LIRR,Roma FIR,11
2019-05-22,LJLA,Ljubljana FIR,0
2019-05-22,LKAA,Praha FIR,3
2019-05-22,LMMM,Malta FIR,0
2019-05-22,LOVV,Wien FIR,8
2019-05-22,LPPC,Lisboa FIR,42
2019-05-22,LPPO,Santa Maria FIR,3
2019-05-22,LQSB,Sarajevo FIR,0
2019-05-22,LRBB,Bucarest FIR,10
2019-05-22,LSAS,Switzerland FIR,13
2019-05-22,LUUU,Chisinau FIR,0
2019-05-22,LWSS,Skopje FIR,1
2019-05-22,LYBA,Beograd FIR,1
2019-05-22,LZBB,Bratislava  FIR,0
2019-05-22,UKBV,Kiev FIR,0
2019-05-22,UKDV,Dnipro FIR,0
2019-05-22,UKLV,Lvov FIR,0
2019-05-22,UKOV,Odessa FIR,0
2019-05-22,ULLL,Sankt-Peterburg FIR,2
2019-05-22,UMKK,Kaliningrad FIR,0
2019-05-22,UMMV,Minsk FIR,0
2019-05-22,UNNT,Novosibirsk FIR,0
2019-05-22,URRV,Rostov-Na-Donu FIR,0
2019-05-22,USSV,Yekaterinburg FIR,2
2019-05-22,UUWV,Moscow FIR,10
2019-05-22,UWWW,Samara FIR,0
2019-05-23,BIRD,Reykjavik FIR,2
2019-05-23,EBBU,Brussels FIR,12
2019-05-23,EDGG,Langen FIR,65
2019-05-23,EDMM,Munchen FIR,29
2019-05-23,EDWW,Bremen FIR,11
2019-05-23,EETT,Tallinn FIR,1
2019-05-23,EFIN,Helsinki FIR,8
2019-05-23,EGPX,Scottish FIR,6
2019-05-23,EGTT,London FIR,170
2019-05-23,EHAA,Amsterdam FIR,41
2019-05-23,EISN,Shannon FIR,9
2019-05-23,EKDK,Copenhagen FIR,21
2019-05-23,ENOB,Bodo Oceanic FIR,0
2019-05-23,ENOR,Polaris FIR,4
2019-05-23,EPWW,Warszawa FIR,19
2019-05-23,ESAA,Sweden FIR,10
2019-05-23,EVRR,Riga FIR,2
2019-05-23,EYVL,Vilnius FIR,2
2019-05-23,GCCC,Canarias FIR,49
2019-05-23,GMMM,Casablanca FIR,0
2019-05-23,LAAA,Tirana FIR,0
2019-05-23,LBSR,Sofia FIR,3
2019-05-23,LDZO,Zagreb FIR,0
2019-05-23,LECB,Barcelona FIR,29
2019-05-23,LECM,Madrid FIR,41
2019-05-23,LFBB,Bordeaux FIR,0
2019-05-23,LFEE,Reims FIR,0
2019-05-23,LFFF,Paris FIR,54
2019-05-23,LFMM,Marseille FIR,3
2019-05-23,LFRR,Brest FIR,1
2019-05-23,LGGG,Athinai FIR,7
2019-05-23,LHCC,Budapest FIR,8
2019-05-23,LIBB,Brindisi FIR,1
2019-05-23,LIMM,Milano FIR,11
2019-05-23,LIRR,Roma FIR,10
2019-05-23,LJLA,Ljubljana FIR,0
2019-05-23,LKAA,Praha FIR,6
2019-05-23,LMMM,Malta FIR,0
2019-05-23,LOVV,Wien FIR,10
2019-05-23,LPPC,Lisboa FIR,45
2019-05-23,LPPO,Santa Maria FIR,0
2019-05-23,LQSB,Sarajevo FIR,0
2019-05-23,LRBB,Bucarest FIR,8
2019-05-23,LSAS,Switzerland FIR,15
2019-05-23,LUUU,Chisinau FIR,0
2019-05-23,LWSS,Skopje FIR,0
2019-05-23,LYBA,Beograd FIR,0
2019-05-23,LZBB,Bratislava  FIR,1
2019-05-23,UKBV,Kiev FIR,1
2019-05-23,UKDV,Dnipro FIR,0
2019-05-23,UKLV,Lvov FIR,0
2019-05-23,UKOV,Odessa FIR,0
2019-05-23,ULLL,Sankt-Peterburg FIR,5
2019-05-23,ULMM,Murmansk FIR,0
2019-05-23,UMMV,Minsk FIR,0
2019-05-23,UNNT,Novosibirsk FIR,0
2019-05-23,USSV,Yekaterinburg FIR,0
2019-05-23,UUWV,Moscow FIR,31
2019-05-23,UWWW,Samara FIR,0
2019-05-24,BIRD,Reykjavik FIR,0
2019-05-24,EBBU,Brussels FIR,30
2019-05-24,EDGG,Langen FIR,99
2019-05-24,EDMM,Munchen FIR,28
2019-05-24,EDWW,Bremen FIR,17
2019-05-24,EETT,Tallinn FIR,1
2019-05-24,EFIN,Helsinki FIR,7
2019-05-24,EGPX,Scottish FIR,10
2019-05-24,EGTT,London FIR,180
2019-05-24,EHAA,Amsterdam FIR,57
2019-05-24,EISN,Shannon FIR,16
2019-05-24,EKDK,Copenhagen FIR,10
2019-05-24,ENOB,Bodo Oceanic FIR,0
2019-05-24,ENOR,Polaris FIR,4
2019-05-24,EPWW,Warszawa FIR,11
2019-05-24,ESAA,Sweden FIR,7
2019-05-24,EVRR,Riga FIR,1
2019-05-24,EYVL,Vilnius FIR,1
2019-05-24,GCCC,Canarias FIR,23
2019-05-24,GMMM,Casablanca FIR,0
2019-05-24,LAAA,Tirana FIR,1
2019-05-24,LBSR,Sofia FIR,7
2019-05-24,LDZO,Zagreb FIR,5
2019-05-24,LECB,Barcelona FIR,61
2019-05-24,LECM,Madrid FIR,46
2019-05-24,LFBB,Bordeaux FIR,3
2019-05-24,LFEE,Reims FIR,4
2019-05-24,LFFF,Paris FIR,69
2019-05-24,LFMM,Marseille FIR,20
2019-05-24,LFRR,Brest FIR,2
2019-05-24,LGGG,Athinai FIR,12
2019-05-24,LHCC,Budapest FIR,13
2019-05-24,LIBB,Brindisi FIR,0
2019-05-24,LIMM,Milano FIR,48
2019-05-24,LIRR,Roma FIR,44
2019-05-24,LJLA,Ljubljana FIR,0
2019-05-24,LKAA,Praha FIR,13
2019-05-24,LMMM,Malta FIR,3
2019-05-24,LOVV,Wien FIR,29
2019-05-24,LPPC,Lisboa FIR,61
2019-05-24,LPPO,Santa Maria FIR,0
2019-05-24,LQSB,Sarajevo FIR,0
2019-05-24,LRBB,Bucarest FIR,17
2019-05-24,LSAS,Switzerland FIR,27
2019-05-24,LUUU,Chisinau FIR,2
2019-05-24,LWSS,Skopje FIR,0
2019-05-24,LYBA,Beograd FIR,0
2019-05-24,LZBB,Bratislava  FIR,1
2019-05-24,UKBV,Kiev FIR,4
2019-05-24,UKDV,Dnipro FIR,0
2019-05-24,UKLV,Lvov FIR,0
2019-05-24,UKOV,Odessa FIR,0
2019-05-24,ULLL,Sankt-Peterburg FIR,3
2019-05-24,UMKK,Kaliningrad FIR,0
2019-05-24,UMMV,Minsk FIR,0
2019-05-24,UNNT,Novosibirsk FIR,0
2019-05-24,URRV,Rostov-Na-Donu FIR,0
2019-05-24,USSV,Yekaterinburg FIR,0
2019-05-24,UUWV,Moscow FIR,32
2019-05-24,UWWW,Samara FIR,0
2019-05-25,BIRD,Reykjavik FIR,3
2019-05-25,EBBU,Brussels FIR,10
2019-05-25,EDGG,Langen FIR,61
2019-05-25,EDMM,Munchen FIR,29
2019-05-25,EDWW,Bremen FIR,3
2019-05-25,EETT,Tallinn FIR,1
2019-05-25,EFIN,Helsinki FIR,4
2019-05-25,EGPX,Scottish FIR,3
2019-05-25,EGTT,London FIR,64
2019-05-25,EHAA,Amsterdam FIR,30
2019-05-25,EISN,Shannon FIR,5
2019-05-25,EKDK,Copenhagen FIR,8
2019-05-25,ENOR,Polaris FIR,3
2019-05-25,EPWW,Warszawa FIR,6
2019-05-25,ESAA,Sweden FIR,3
2019-05-25,EVRR,Riga FIR,0
2019-05-25,EYVL,Vilnius FIR,2
2019-05-25,GCCC,Canarias FIR,18
2019-05-25,GMMM,Casablanca FIR,0
2019-05-25,LAAA,Tirana FIR,1
2019-05-25,LBSR,Sofia FIR,2
2019-05-25,LDZO,Zagreb FIR,1
2019-05-25,LECB,Barcelona FIR,22
2019-05-25,LECM,Madrid FIR,32
2019-05-25,LFBB,Bordeaux FIR,0
2019-05-25,LFEE,Reims FIR,6
2019-05-25,LFFF,Paris FIR,41
2019-05-25,LFMM,Marseille FIR,6
2019-05-25,LFRR,Brest FIR,1
2019-05-25,LGGG,Athinai FIR,45
2019-05-25,LHCC,Budapest FIR,3
2019-05-25,LIBB,Brindisi FIR,1
2019-05-25,LIMM,Milano FIR,18
2019-05-25,LIRR,Roma FIR,40
2019-05-25,LJLA,Ljubljana FIR,0
2019-05-25,LKAA,Praha FIR,8
2019-05-25,LMMM,Malta FIR,7
2019-05-25,LOVV,Wien FIR,5
2019-05-25,LPPC,Lisboa FIR,10
2019-05-25,LPPO,Santa Maria FIR,0
2019-05-25,LQSB,Sarajevo FIR,0
2019-05-25,LRBB,Bucarest FIR,10
2019-05-25,LSAS,Switzerland FIR,16
2019-05-25,LUUU,Chisinau FIR,0
2019-05-25,LWSS,Skopje FIR,1
2019-05-25,LYBA,Beograd FIR,1
2019-05-25,LZBB,Bratislava  FIR,0
2019-05-25,UKBV,Kiev FIR,0
2019-05-25,UKDV,Dnipro FIR,0
2019-05-25,UKLV,Lvov FIR,0
2019-05-25,UKOV,Odessa FIR,0
2019-05-25,ULLL,Sankt-Peterburg FIR,2
2019-05-25,ULMM,Murmansk FIR,0
2019-05-25,UMKK,Kaliningrad FIR,0
2019-05-25,UMMV,Minsk FIR,0
2019-05-25,UNNT,Novosibirsk FIR,1
2019-05-25,URRV,Rostov-Na-Donu FIR,0
2019-05-25,USSV,Yekaterinburg FIR,0
2019-05-25,UUWV,Moscow FIR,24
2019-05-25,UWWW,Samara FIR,0
2019-05-26,BIRD,Reykjavik FIR,1
2019-05-26,EBBU,Brussels FIR,27
2019-05-26,EDGG,Langen FIR,88
2019-05-26,EDMM,Munchen FIR,40
2019-05-26,EDWW,Bremen FIR,36
2019-05-26,EETT,Tallinn FIR,1
2019-05-26,EFIN,Helsinki FIR,17
2019-05-26,EGPX,Scottish FIR,24
2019-05-26,EGTT,London FIR,245
2019-05-26,EHAA,Amsterdam FIR,55
2019-05-26,EISN,Shannon FIR,27
2019-05-26,EKDK,Copenhagen FIR,33
2019-05-26,ENOB,Bodo Oceanic FIR,0
2019-05-26,ENOR,Polaris FIR,11
2019-05-26,EPWW,Warszawa FIR,44
2019-05-26,ESAA,Sweden FIR,33
2019-05-26,EVRR,Riga FIR,0
2019-05-26,EYVL,Vilnius FIR,2
2019-05-26,GCCC,Canarias FIR,31
2019-05-26,GMMM,Casablanca FIR,0
2019-05-26,LAAA,Tirana FIR,1
2019-05-26,LBSR,Sofia FIR,7
2019-05-26,LDZO,Zagreb FIR,5
2019-05-26,LECB,Barcelona FIR,36
2019-05-26,LECM,Madrid FIR,40
2019-05-26,LFBB,Bordeaux FIR,5
2019-05-26,LFEE,Reims FIR,12
2019-05-26,LFFF,Paris FIR,76
2019-05-26,LFMM,Marseille FIR,8
2019-05-26,LFRR,Brest FIR,5
2019-05-26,LGGG,Athinai FIR,70
2019-05-26,LHCC,Budapest FIR,16
2019-05-26,LIBB,Brindisi FIR,2
2019-05-26,LIMM,Milano FIR,32
2019-05-26,LIRR,Roma FIR,46
2019-05-26,LJLA,Ljubljana FIR,1
2019-05-26,LKAA,Praha FIR,17
2019-05-26,LMMM,Malta FIR,8
2019-05-26,LOVV,Wien FIR,13
2019-05-26,LPPC,Lisboa FIR,42
2019-05-26,LPPO,Santa Maria FIR,0
2019-05-26,LQSB,Sarajevo FIR,1
2019-05-26,LRBB,Bucarest FIR,18
2019-05-26,LSAS,Switzerland FIR,16
2019-05-26,LUUU,Chisinau FIR,2
2019-05-26,LWSS,Skopje FIR,2
2019-05-26,LYBA,Beograd FIR,1
2019-05-26,LZBB,Bratislava  FIR,4
2019-05-26,UKBV,Kiev FIR,4
2019-05-26,UKDV,Dnipro FIR,0
2019-05-26,UKLV,Lvov FIR,1
2019-05-26,UKOV,Odessa FIR,0
2019-05-26,ULLL,Sankt-Peterburg FIR,4
2019-05-26,UMMV,Minsk FIR,0
2019-05-26,UNNT,Novosibirsk FIR,1
2019-05-26,URRV,Rostov-Na-Donu FIR,0
2019-05-26,USSV,Yekaterinburg FIR,0
2019-05-26,UUWV,Moscow FIR,29
2019-05-26,UWWW,Samara FIR,0
2019-05-27,BIRD,Reykjavik FIR,1
2019-05-27,EBBU,Brussels FIR,40
2019-05-27,EDGG,Langen FIR,80
2019-05-27,EDMM,Munchen FIR,31
2019-05-27,EDWW,Bremen FIR,27
2019-05-27,EETT,Tallinn FIR,0
2019-05-27,EFIN,Helsinki FIR,13
2019-05-27,EGPX,Scottish FIR,11
2019-05-27,EGTT,London FIR,241
2019-05-27,EHAA,Amsterdam FIR,53
2019-05-27,EISN,Shannon FIR,23
2019-05-27,EKDK,Copenhagen FIR,17
2019-05-27,ENOB,Bodo Oceanic FIR,0
2019-05-27,ENOR,Polaris FIR,8
2019-05-27,EPWW,Warszawa FIR,35
2019-05-27,ESAA,Sweden FIR,12
2019-05-27,EVRR,Riga FIR,2
2019-05-27,EYVL,Vilnius FIR,3
2019-05-27,GCCC,Canarias FIR,48
2019-05-27,GMMM,Casablanca FIR,0
2019-05-27,LAAA,Tirana FIR,1
2019-05-27,LBSR,Sofia FIR,14
2019-05-27,LDZO,Zagreb FIR,10
2019-05-27,LECB,Barcelona FIR,135
2019-05-27,LECM,Madrid FIR,97
2019-05-27,LFBB,Bordeaux FIR,8
2019-05-27,LFEE,Reims FIR,4
2019-05-27,LFFF,Paris FIR,92
2019-05-27,LFMM,Marseille FIR,20
2019-05-27,LFRR,Brest FIR,3
2019-05-27,LGGG,Athinai FIR,43
2019-05-27,LHCC,Budapest FIR,13
2019-05-27,LIBB,Brindisi FIR,3
2019-05-27,LIMM,Milano FIR,48
2019-05-27,LIRR,Roma FIR,31
2019-05-27,LJLA,Ljubljana FIR,0
2019-05-27,LKAA,Praha FIR,13
2019-05-27,LMMM,Malta FIR,1
2019-05-27,LOVV,Wien FIR,15
2019-05-27,LPPC,Lisboa FIR,78
2019-05-27,LPPO,Santa Maria FIR,1
2019-05-27,LQSB,Sarajevo FIR,0
2019-05-27,LRBB,Bucarest FIR,26
2019-05-27,LSAS,Switzerland FIR,13
2019-05-27,LUUU,Chisinau FIR,3
2019-05-27,LWSS,Skopje FIR,0
2019-05-27,LYBA,Beograd FIR,6
2019-05-27,LZBB,Bratislava  FIR,1
2019-05-27,UKBV,Kiev FIR,3
2019-05-27,UKDV,Dnipro FIR,0
2019-05-27,UKLV,Lvov FIR,0
2019-05-27,UKOV,Odessa FIR,0
2019-05-27,ULLL,Sankt-Peterburg FIR,2
2019-05-27,UMKK,Kaliningrad FIR,0
2019-05-27,UMMV,Minsk FIR,0
2019-05-27,UNNT,Novosibirsk FIR,0
2019-05-27,URRV,Rostov-Na-Donu FIR,0
2019-05-27,USSV,Yekaterinburg FIR,0
2019-05-27,UUWV,Moscow FIR,15
2019-05-27,UWWW,Samara FIR,0
2019-05-28,BIRD,Reykjavik FIR,2
2019-05-28,EBBU,Brussels FIR,6
2019-05-28,EDGG,Langen FIR,49
2019-05-28,EDMM,Munchen FIR,20
2019-05-28,EDWW,Bremen FIR,6
2019-05-28,EETT,Tallinn FIR,2
2019-05-28,EFIN,Helsinki FIR,5
2019-05-28,EGPX,Scottish FIR,1
2019-05-28,EGTT,London FIR,86
2019-05-28,EHAA,Amsterdam FIR,21
2019-05-28,EISN,Shannon FIR,6
2019-05-28,EKDK,Copenhagen FIR,4
2019-05-28,ENOB,Bodo Oceanic FIR,0
2019-05-28,ENOR,Polaris FIR,2
2019-05-28,EPWW,Warszawa FIR,4
2019-05-28,ESAA,Sweden FIR,2
2019-05-28,EVRR,Riga FIR,2
2019-05-28,EYVL,Vilnius FIR,0
2019-05-28,GCCC,Canarias FIR,6
2019-05-28,GMMM,Casablanca FIR,0
2019-05-28,LAAA,Tirana FIR,1
2019-05-28,LBSR,Sofia FIR,3
2019-05-28,LDZO,Zagreb FIR,2
2019-05-28,LECB,Barcelona FIR,16
2019-05-28,LECM,Madrid FIR,22
2019-05-28,LFBB,Bordeaux FIR,0
2019-05-28,LFEE,Reims FIR,0
2019-05-28,LFFF,Paris FIR,42
2019-05-28,LFMM,Marseille FIR,5
2019-05-28,LFRR,Brest FIR,0
2019-05-28,LGGG,Athinai FIR,14
2019-05-28,LHCC,Budapest FIR,3
2019-05-28,LIBB,Brindisi FIR,1
2019-05-28,LIMM,Milano FIR,15
2019-05-28,LIRR,Roma FIR,24
2019-05-28,LJLA,Ljubljana FIR,0
2019-05-28,LKAA,Praha FIR,4
2019-05-28,LMMM,Malta FIR,1
2019-05-28,LOVV,Wien FIR,4
2019-05-28,LPPC,Lisboa FIR,2
2019-05-28,LPPO,Santa Maria FIR,0
2019-05-28,LQSB,Sarajevo FIR,0
2019-05-28,LRBB,Bucarest FIR,6
2019-05-28,LSAS,Switzerland FIR,18
2019-05-28,LUUU,Chisinau FIR,1
2019-05-28,LWSS,Skopje FIR,0
2019-05-28,LYBA,Beograd FIR,2
2019-05-28,LZBB,Bratislava  FIR,1
2019-05-28,UKBV,Kiev FIR,0
2019-05-28,UKDV,Dnipro FIR,0
2019-05-28,UKLV,Lvov FIR,0
2019-05-28,UKOV,Odessa FIR,0
2019-05-28,ULLL,Sankt-Peterburg FIR,2
2019-05-28,UMKK,Kaliningrad FIR,0
2019-05-28,UMMV,Minsk FIR,0
2019-05-28,UNNT,Novosibirsk FIR,0
2019-05-28,URRV,Rostov-Na-Donu FIR,0
2019-05-28,USSV,Yekaterinburg FIR,0
2019-05-28,UUWV,Moscow FIR,49
2019-05-28,UWWW,Samara FIR,0
2019-05-29,BIRD,Reykjavik FIR,4
2019-05-29,EBBU,Brussels FIR,20
2019-05-29,EDGG,Langen FIR,88
2019-05-29,EDMM,Munchen FIR,29
2019-05-29,EDWW,Bremen FIR,8
2019-05-29,EETT,Tallinn FIR,0
2019-05-29,EFIN,Helsinki FIR,7
2019-05-29,EGPX,Scottish FIR,31
2019-05-29,EGTT,London FIR,227
2019-05-29,EHAA,Amsterdam FIR,55
2019-05-29,EISN,Shannon FIR,64
2019-05-29,EKDK,Copenhagen FIR,7
2019-05-29,ENOB,Bodo Oceanic FIR,0
2019-05-29,ENOR,Polaris FIR,8
2019-05-29,EPWW,Warszawa FIR,13
2019-05-29,ESAA,Sweden FIR,15
2019-05-29,EVRR,Riga FIR,1
2019-05-29,EYVL,Vilnius FIR,2
2019-05-29,GCCC,Canarias FIR,25
2019-05-29,GMMM,Casablanca FIR,0
2019-05-29,LAAA,Tirana FIR,0
2019-05-29,LBSR,Sofia FIR,1
2019-05-29,LDZO,Zagreb FIR,2
2019-05-29,LECB,Barcelona FIR,32
2019-05-29,LECM,Madrid FIR,23
2019-05-29,LFBB,Bordeaux FIR,3
2019-05-29,LFEE,Reims FIR,4
2019-05-29,LFFF,Paris FIR,85
2019-05-29,LFMM,Marseille FIR,6
2019-05-29,LFRR,Brest FIR,0
2019-05-29,LGGG,Athinai FIR,33
2019-05-29,LHCC,Budapest FIR,10
2019-05-29,LIBB,Brindisi FIR,0
2019-05-29,LIMM,Milano FIR,23
2019-05-29,LIRR,Roma FIR,23
2019-05-29,LJLA,Ljubljana FIR,1
2019-05-29,LKAA,Praha FIR,3
2019-05-29,LMMM,Malta FIR,2
2019-05-29,LOVV,Wien FIR,12
2019-05-29,LPPC,Lisboa FIR,15
2019-05-29,LPPO,Santa Maria FIR,0
2019-05-29,LQSB,Sarajevo FIR,0
2019-05-29,LRBB,Bucarest FIR,18
2019-05-29,LSAS,Switzerland FIR,26
2019-05-29,LUUU,Chisinau FIR,0
2019-05-29,LWSS,Skopje FIR,0
2019-05-29,LYBA,Beograd FIR,4
2019-05-29,LZBB,Bratislava  FIR,1
2019-05-29,UKBV,Kiev FIR,5
2019-05-29,UKDV,Dnipro FIR,0
2019-05-29,UKLV,Lvov FIR,0
2019-05-29,UKOV,Odessa FIR,0
2019-05-29,ULLL,Sankt-Peterburg FIR,2
2019-05-29,UMKK,Kaliningrad FIR,0
2019-05-29,UMMV,Minsk FIR,0
2019-05-29,UNNT,Novosibirsk FIR,1
2019-05-29,URRV,Rostov-Na-Donu FIR,0
2019-05-29,USSV,Yekaterinburg FIR,0
2019-05-29,UUWV,Moscow FIR,10
2019-05-29,UWWW,Samara FIR,0
2019-05-30,BIRD,Reykjavik FIR,4
2019-05-30,EBBU,Brussels FIR,18
2019-05-30,EDGG,Langen FIR,62
2019-05-30,EDMM,Munchen FIR,21
2019-05-30,EDWW,Bremen FIR,4
2019-05-30,EETT,Tallinn FIR,2
2019-05-30,EFIN,Helsinki FIR,9
2019-05-30,EGPX,Scottish FIR,20
2019-05-30,EGTT,London FIR,164
2019-05-30,EHAA,Amsterdam FIR,34
2019-05-30,EISN,Shannon FIR,18
2019-05-30,EKDK,Copenhagen FIR,28
2019-05-30,ENOB,Bodo Oceanic FIR,0
2019-05-30,ENOR,Polaris FIR,27
2019-05-30,EPWW,Warszawa FIR,23
2019-05-30,ESAA,Sweden FIR,18
2019-05-30,EVRR,Riga FIR,3
2019-05-30,EYVL,Vilnius FIR,5
2019-05-30,GCCC,Canarias FIR,36
2019-05-30,GMMM,Casablanca FIR,0
2019-05-30,LAAA,Tirana FIR,0
2019-05-30,LBSR,Sofia FIR,0
2019-05-30,LDZO,Zagreb FIR,0
2019-05-30,LECB,Barcelona FIR,24
2019-05-30,LECM,Madrid FIR,29
2019-05-30,LFBB,Bordeaux FIR,1
2019-05-30,LFEE,Reims FIR,0
2019-05-30,LFFF,Paris FIR,64
2019-05-30,LFMM,Marseille FIR,1
2019-05-30,LFRR,Brest FIR,0
2019-05-30,LGGG,Athinai FIR,11
2019-05-30,LHCC,Budapest FIR,3
2019-05-30,LIBB,Brindisi FIR,1
2019-05-30,LIMM,Milano FIR,5
2019-05-30,LIRR,Roma FIR,16
2019-05-30,LJLA,Ljubljana FIR,1
2019-05-30,LKAA,Praha FIR,4
2019-05-30,LMMM,Malta FIR,0
2019-05-30,LOVV,Wien FIR,4
2019-05-30,LPPC,Lisboa FIR,14
2019-05-30,LPPO,Santa Maria FIR,0
2019-05-30,LQSB,Sarajevo FIR,0
2019-05-30,LRBB,Bucarest FIR,6
2019-05-30,LSAS,Switzerland FIR,9
2019-05-30,LUUU,Chisinau FIR,0
2019-05-30,LWSS,Skopje FIR,0
2019-05-30,LYBA,Beograd FIR,0
2019-05-30,LZBB,Bratislava  FIR,2
2019-05-30,UKBV,Kiev FIR,3
2019-05-30,UKDV,Dnipro FIR,0
2019-05-30,UKLV,Lvov FIR,0
2019-05-30,UKOV,Odessa FIR,0
2019-05-30,ULLL,Sankt-Peterburg FIR,1
2019-05-30,UMMV,Minsk FIR,0
2019-05-30,UNNT,Novosibirsk FIR,2
2019-05-30,URRV,Rostov-Na-Donu FIR,0
2019-05-30,USSV,Yekaterinburg FIR,0
2019-05-30,UUWV,Moscow FIR,13
2019-05-31,BIRD,Reykjavik FIR,3
2019-05-31,EBBU,Brussels FIR,9
2019-05-31,EDGG,Langen FIR,50
2019-05-31,EDMM,Munchen FIR,12
2019-05-31,EDWW,Bremen FIR,10
2019-05-31,EETT,Tallinn FIR,0
2019-05-31,EFIN,Helsinki FIR,6
2019-05-31,EGPX,Scottish FIR,24
2019-05-31,EGTT,London FIR,215
2019-05-31,EHAA,Amsterdam FIR,19
2019-05-31,EISN,Shannon FIR,30
2019-05-31,EKDK,Copenhagen FIR,17
2019-05-31,ENOB,Bodo Oceanic FIR,0
2019-05-31,ENOR,Polaris FIR,16
2019-05-31,EPWW,Warszawa FIR,15
2019-05-31,ESAA,Sweden FIR,11
2019-05-31,EVRR,Riga FIR,1
2019-05-31,EYVL,Vilnius FIR,3
2019-05-31,GCCC,Canarias FIR,25
2019-05-31,GMMM,Casablanca FIR,0
2019-05-31,LAAA,Tirana FIR,0
2019-05-31,LBSR,Sofia FIR,1
2019-05-31,LDZO,Zagreb FIR,0
2019-05-31,LECB,Barcelona FIR,35
2019-05-31,LECM,Madrid FIR,17
2019-05-31,LFBB,Bordeaux FIR,1
2019-05-31,LFEE,Reims FIR,0
2019-05-31,LFFF,Paris FIR,30
2019-05-31,LFMM,Marseille FIR,3
2019-05-31,LFRR,Brest FIR,0
2019-05-31,LGGG,Athinai FIR,19
2019-05-31,LHCC,Budapest FIR,1
2019-05-31,LIBB,Brindisi FIR,1
2019-05-31,LIMM,Milano FIR,2
2019-05-31,LIRR,Roma FIR,4
2019-05-31,LJLA,Ljubljana FIR,0
2019-05-31,LKAA,Praha FIR,2
2019-05-31,LMMM,Malta FIR,1
2019-05-31,LOVV,Wien FIR,2
2019-05-31,LPPC,Lisboa FIR,16
2019-05-31,LPPO,Santa Maria FIR,0
2019-05-31,LQSB,Sarajevo FIR,0
2019-05-31,LRBB,Bucarest FIR,4
2019-05-31,LSAS,Switzerland FIR,3
2019-05-31,LUUU,Chisinau FIR,0
2019-05-31,LWSS,Skopje FIR,0
2019-05-31,LYBA,Beograd FIR,0
2019-05-31,LZBB,Bratislava  FIR,0
2019-05-31,UKBV,Kiev FIR,1
2019-05-31,UKDV,Dnipro FIR,0
2019-05-31,UKLV,Lvov FIR,0
2019-05-31,UKOV,Odessa FIR,0
2019-05-31,ULLL,Sankt-Peterburg FIR,2
2019-05-31,UMMV,Minsk FIR,0
2019-05-31,UNNT,Novosibirsk FIR,1
2019-05-31,URRV,Rostov-Na-Donu FIR,0
2019-05-31,USSV,Yekaterinburg FIR,0
2019-05-31,UUWV,Moscow FIR,10
2019-05-31,UWWW,Samara FIR,0
2019-06-01,BIRD,Reykjavik FIR,4
2019-06-01,EBBU,Brussels FIR,8
2019-06-01,EDGG,Langen FIR,32
2019-06-01,EDMM,Munchen FIR,11
2019-06-01,EDWW,Bremen FIR,1
2019-06-01,EETT,Tallinn FIR,0
2019-06-01,EFIN,Helsinki FIR,7
2019-06-01,EGPX,Scottish FIR,12
2019-06-01,EGTT,London FIR,79
2019-06-01,EHAA,Amsterdam FIR,20
2019-06-01,EISN,Shannon FIR,21
2019-06-01,EKDK,Copenhagen FIR,3
2019-06-01,ENOR,Polaris FIR,2
2019-06-01,EPWW,Warszawa FIR,9
2019-06-01,ESAA,Sweden FIR,3
2019-06-01,EVRR,Riga FIR,1
2019-06-01,EYVL,Vilnius FIR,1
2019-06-01,GCCC,Canarias FIR,51
2019-06-01,GMMM,Casablanca FIR,0
2019-06-01,LAAA,Tirana FIR,0
2019-06-01,LBSR,Sofia FIR,0
2019-06-01,LDZO,Zagreb FIR,0
2019-06-01,LECB,Barcelona FIR,39
2019-06-01,LECM,Madrid FIR,42
2019-06-01,LFBB,Bordeaux FIR,1
2019-06-01,LFEE,Reims FIR,0
2019-06-01,LFFF,Paris FIR,29
2019-06-01,LFMM,Marseille FIR,0
2019-06-01,LFRR,Brest FIR,0
2019-06-01,LGGG,Athinai FIR,9
2019-06-01,LHCC,Budapest FIR,0
2019-06-01,LIBB,Brindisi FIR,0
2019-06-01,LIMM,Milano FIR,6
2019-06-01,LIRR,Roma FIR,2
2019-06-01,LJLA,Ljubljana FIR,0
2019-06-01,LKAA,Praha FIR,1
2019-06-01,LMMM,Malta FIR,0
2019-06-01,LOVV,Wien FIR,3
2019-06-01,LPPC,Lisboa FIR,45
2019-06-01,LPPO,Santa Maria FIR,2
2019-06-01,LQSB,Sarajevo FIR,0
2019-06-01,LRBB,Bucarest FIR,5
2019-06-01,LSAS,Switzerland FIR,0
2019-06-01,LUUU,Chisinau FIR,0
2019-06-01,LWSS,Skopje FIR,0
2019-06-01,LYBA,Beograd FIR,0
2019-06-01,LZBB,Bratislava  FIR,0
2019-06-01,UKBV,Kiev FIR,0
2019-06-01,UKDV,Dnipro FIR,0
2019-06-01,UKLV,Lvov FIR,0
2019-06-01,UKOV,Odessa FIR,0
2019-06-01,ULLL,Sankt-Peterburg FIR,3
2019-06-01,ULMM,Murmansk FIR,0
2019-06-01,UMKK,Kaliningrad FIR,0
2019-06-01,UMMV,Minsk FIR,0
2019-06-01,UNNT,Novosibirsk FIR,0
2019-06-01,URRV,Rostov-Na-Donu FIR,0
2019-06-01,USSV,Yekaterinburg FIR,0
2019-06-01,UUWV,Moscow FIR,4
2019-06-01,UWWW,Samara FIR,0
2019-06-02,BIRD,Reykjavik FIR,4
2019-06-02,EBBU,Brussels FIR,15
2019-06-02,EDGG,Langen FIR,40
2019-06-02,EDMM,Munchen FIR,8
2019-06-02,EDWW,Bremen FIR,4
2019-06-02,EETT,Tallinn FIR,0
2019-06-02,EFIN,Helsinki FIR,8
2019-06-02,EGPX,Scottish FIR,6
2019-06-02,EGTT,London FIR,115
2019-06-02,EHAA,Amsterdam FIR,22
2019-06-02,EISN,Shannon FIR,6
2019-06-02,EKDK,Copenhagen FIR,11
2019-06-02,ENOB,Bodo Oceanic FIR,0
2019-06-02,ENOR,Polaris FIR,10
2019-06-02,EPWW,Warszawa FIR,15
2019-06-02,ESAA,Sweden FIR,14
2019-06-02,EVRR,Riga FIR,4
2019-06-02,EYVL,Vilnius FIR,4
2019-06-02,GCCC,Canarias FIR,26
2019-06-02,GMMM,Casablanca FIR,0
2019-06-02,LAAA,Tirana FIR,0
2019-06-02,LBSR,Sofia FIR,0
2019-06-02,LDZO,Zagreb FIR,2
2019-06-02,LECB,Barcelona FIR,23
2019-06-02,LECM,Madrid FIR,57
2019-06-02,LFBB,Bordeaux FIR,1
2019-06-02,LFEE,Reims FIR,0
2019-06-02,LFFF,Paris FIR,35
2019-06-02,LFMM,Marseille FIR,2
2019-06-02,LFRR,Brest FIR,0
2019-06-02,LGGG,Athinai FIR,4
2019-06-02,LHCC,Budapest FIR,4
2019-06-02,LIBB,Brindisi FIR,0
2019-06-02,LIMM,Milano FIR,10
2019-06-02,LIRR,Roma FIR,9
2019-06-02,LJLA,Ljubljana FIR,0
2019-06-02,LKAA,Praha FIR,3
2019-06-02,LMMM,Malta FIR,0
2019-06-02,LOVV,Wien FIR,6
2019-06-02,LPPC,Lisboa FIR,67
2019-06-02,LPPO,Santa Maria FIR,5
2019-06-02,LQSB,Sarajevo FIR,0
2019-06-02,LRBB,Bucarest FIR,2
2019-06-02,LSAS,Switzerland FIR,9
2019-06-02,LUUU,Chisinau FIR,1
2019-06-02,LWSS,Skopje FIR,0
2019-06-02,LYBA,Beograd FIR,0
2019-06-02,LZBB,Bratislava  FIR,1
2019-06-02,UKBV,Kiev FIR,0
2019-06-02,UKDV,Dnipro FIR,0
2019-06-02,UKLV,Lvov FIR,0
2019-06-02,UKOV,Odessa FIR,0
2019-06-02,ULLL,Sankt-Peterburg FIR,2
2019-06-02,UMMV,Minsk FIR,0
2019-06-02,UNNT,Novosibirsk FIR,1
2019-06-02,URRV,Rostov-Na-Donu FIR,0
2019-06-02,USSV,Yekaterinburg FIR,0
2019-06-02,UUWV,Moscow FIR,8
2019-06-02,UWWW,Samara FIR,1
2019-06-03,BIRD,Reykjavik FIR,3
2019-06-03,EBBU,Brussels FIR,4
2019-06-03,EDGG,Langen FIR,32
2019-06-03,EDMM,Munchen FIR,11
2019-06-03,EDWW,Bremen FIR,5
2019-06-03,EETT,Tallinn FIR,0
2019-06-03,EFIN,Helsinki FIR,7
2019-06-03,EGPX,Scottish FIR,3
2019-06-03,EGTT,London FIR,81
2019-06-03,EHAA,Amsterdam FIR,15
2019-06-03,EISN,Shannon FIR,4
2019-06-03,EKDK,Copenhagen FIR,1
2019-06-03,ENOB,Bodo Oceanic FIR,0
2019-06-03,ENOR,Polaris FIR,9
2019-06-03,EPWW,Warszawa FIR,5
2019-06-03,ESAA,Sweden FIR,8
2019-06-03,EVRR,Riga FIR,0
2019-06-03,EYVL,Vilnius FIR,0
2019-06-03,GCCC,Canarias FIR,15
2019-06-03,GMMM,Casablanca FIR,0
2019-06-03,LAAA,Tirana FIR,0
2019-06-03,LBSR,Sofia FIR,4
2019-06-03,LDZO,Zagreb FIR,1
2019-06-03,LECB,Barcelona FIR,17
2019-06-03,LECM,Madrid FIR,24
2019-06-03,LFBB,Bordeaux FIR,2
2019-06-03,LFEE,Reims FIR,0
2019-06-03,LFFF,Paris FIR,27
2019-06-03,LFMM,Marseille FIR,0
2019-06-03,LFRR,Brest FIR,0
2019-06-03,LGGG,Athinai FIR,10
2019-06-03,LHCC,Budapest FIR,2
2019-06-03,LIBB,Brindisi FIR,0
2019-06-03,LIMM,Milano FIR,10
2019-06-03,LIRR,Roma FIR,11
2019-06-03,LJLA,Ljubljana FIR,0
2019-06-03,LKAA,Praha FIR,1
2019-06-03,LMMM,Malta FIR,0
2019-06-03,LOVV,Wien FIR,3
2019-06-03,LPPC,Lisboa FIR,29
2019-06-03,LPPO,Santa Maria FIR,0
2019-06-03,LQSB,Sarajevo FIR,0
2019-06-03,LRBB,Bucarest FIR,12
2019-06-03,LSAS,Switzerland FIR,7
2019-06-03,LUUU,Chisinau FIR,2
2019-06-03,LWSS,Skopje FIR,0
2019-06-03,LYBA,Beograd FIR,2
2019-06-03,LZBB,Bratislava  FIR,0
2019-06-03,UKBV,Kiev FIR,1
2019-06-03,UKDV,Dnipro FIR,0
2019-06-03,UKLV,Lvov FIR,1
2019-06-03,UKOV,Odessa FIR,0
2019-06-03,ULLL,Sankt-Peterburg FIR,0
2019-06-03,UMKK,Kaliningrad FIR,0
2019-06-03,UMMV,Minsk FIR,0
2019-06-03,UNNT,Novosibirsk FIR,0
2019-06-03,URRV,Rostov-Na-Donu FIR,0
2019-06-03,USSV,Yekaterinburg FIR,0
2019-06-03,UUWV,Moscow FIR,4
2019-06-03,UWWW,Samara FIR,0
2019-06-04,BIRD,Reykjavik FIR,1
2019-06-04,EBBU,Brussels FIR,21
2019-06-04,EDGG,Langen FIR,51
2019-06-04,EDMM,Munchen FIR,20
2019-06-04,EDWW,Bremen FIR,15
2019-06-04,EETT,Tallinn FIR,2
2019-06-04,EFIN,Helsinki FIR,6
2019-06-04,EGPX,Scottish FIR,15
2019-06-04,EGTT,London FIR,206
2019-06-04,EHAA,Amsterdam FIR,40
2019-06-04,EISN,Shannon FIR,26
2019-06-04,EKDK,Copenhagen FIR,29
2019-06-04,ENOB,Bodo Oceanic FIR,0
2019-06-04,ENOR,Polaris FIR,13
2019-06-04,EPWW,Warszawa FIR,19
2019-06-04,ESAA,Sweden FIR,19
2019-06-04,EVRR,Riga FIR,1
2019-06-04,EYVL,Vilnius FIR,2
2019-06-04,GCCC,Canarias FIR,11
2019-06-04,GMMM,Casablanca FIR,0
2019-06-04,LAAA,Tirana FIR,0
2019-06-04,LBSR,Sofia FIR,3
2019-06-04,LDZO,Zagreb FIR,2
2019-06-04,LECB,Barcelona FIR,32
2019-06-04,LECM,Madrid FIR,47
2019-06-04,LFBB,Bordeaux FIR,0
2019-06-04,LFEE,Reims FIR,4
2019-06-04,LFFF,Paris FIR,38
2019-06-04,LFMM,Marseille FIR,3
2019-06-04,LFRR,Brest FIR,0
2019-06-04,LGGG,Athinai FIR,22
2019-06-04,LHCC,Budapest FIR,4
2019-06-04,LIBB,Brindisi FIR,0
2019-06-04,LIMM,Milano FIR,11
2019-06-04,LIRR,Roma FIR,23
2019-06-04,LJLA,Ljubljana FIR,0
2019-06-04,LKAA,Praha FIR,6
2019-06-04,LMMM,Malta FIR,0
2019-06-04,LOVV,Wien FIR,8
2019-06-04,LPPC,Lisboa FIR,44
2019-06-04,LPPO,Santa Maria FIR,0
2019-06-04,LQSB,Sarajevo FIR,0
2019-06-04,LRBB,Bucarest FIR,11
2019-06-04,LSAS,Switzerland FIR,16
2019-06-04,LUUU,Chisinau FIR,0
2019-06-04,LWSS,Skopje FIR,0
2019-06-04,LYBA,Beograd FIR,1
2019-06-04,LZBB,Bratislava  FIR,0
2019-06-04,UKBV,Kiev FIR,5
2019-06-04,UKDV,Dnipro FIR,0
2019-06-04,UKLV,Lvov FIR,0
2019-06-04,UKOV,Odessa FIR,0
2019-06-04,ULLL,Sankt-Peterburg FIR,3
2019-06-04,UMKK,Kaliningrad FIR,0
2019-06-04,UMMV,Minsk FIR,0
2019-06-04,UNNT,Novosibirsk FIR,0
2019-06-04,URRV,Rostov-Na-Donu FIR,0
2019-06-04,USSV,Yekaterinburg FIR,0
2019-06-04,UUWV,Moscow FIR,7
2019-06-04,UWWW,Samara FIR,0
2019-06-05,BIRD,Reykjavik FIR,1
2019-06-05,EBBU,Brussels FIR,7
2019-06-05,EDGG,Langen FIR,40
2019-06-05,EDMM,Munchen FIR,11
2019-06-05,EDWW,Bremen FIR,4
2019-06-05,EETT,Tallinn FIR,0
2019-06-05,EFIN,Helsinki FIR,2
2019-06-05,EGPX,Scottish FIR,3
2019-06-05,EGTT,London FIR,56
2019-06-05,EHAA,Amsterdam FIR,10
2019-06-05,EISN,Shannon FIR,4
2019-06-05,EKDK,Copenhagen FIR,3
2019-06-05,ENOB,Bodo Oceanic FIR,0
2019-06-05,ENOR,Polaris FIR,4
2019-06-05,EPWW,Warszawa FIR,4
2019-06-05,ESAA,Sweden FIR,3
2019-06-05,EVRR,Riga FIR,0
2019-06-05,EYVL,Vilnius FIR,0
2019-06-05,GCCC,Canarias FIR,0
2019-06-05,GMMM,Casablanca FIR,0
2019-06-05,LAAA,Tirana FIR,0
2019-06-05,LBSR,Sofia FIR,1
2019-06-05,LDZO,Zagreb FIR,2
2019-06-05,LECB,Barcelona FIR,4
2019-06-05,LECM,Madrid FIR,20
2019-06-05,LFBB,Bordeaux FIR,0
2019-06-05,LFEE,Reims FIR,2
2019-06-05,LFFF,Paris FIR,22
2019-06-05,LFMM,Marseille FIR,1
2019-06-05,LFRR,Brest FIR,0
2019-06-05,LGGG,Athinai FIR,5
2019-06-05,LHCC,Budapest FIR,0
2019-06-05,LIBB,Brindisi FIR,1
2019-06-05,LIMM,Milano FIR,9
2019-06-05,LIRR,Roma FIR,11
2019-06-05,LJLA,Ljubljana FIR,0
2019-06-05,LKAA,Praha FIR,3
2019-06-05,LMMM,Malta FIR,0
2019-06-05,LOVV,Wien FIR,1
2019-06-05,LPPC,Lisboa FIR,5
2019-06-05,LPPO,Santa Maria FIR,1
2019-06-05,LQSB,Sarajevo FIR,1
2019-06-05,LRBB,Bucarest FIR,0
2019-06-05,LSAS,Switzerland FIR,7
2019-06-05,LUUU,Chisinau FIR,0
2019-06-05,LWSS,Skopje FIR,0
2019-06-05,LYBA,Beograd FIR,2
2019-06-05,LZBB,Bratislava  FIR,1
2019-06-05,UKBV,Kiev FIR,0
2019-06-05,UKDV,Dnipro FIR,0
2019-06-05,UKLV,Lvov FIR,0
2019-06-05,UKOV,Odessa FIR,0
2019-06-05,ULLL,Sankt-Peterburg FIR,0
2019-06-05,UMKK,Kaliningrad FIR,0
2019-06-05,UMMV,Minsk FIR,0
2019-06-05,UNNT,Novosibirsk FIR,0
2019-06-05,URRV,Rostov-Na-Donu FIR,0
2019-06-05,USSV,Yekaterinburg FIR,1
2019-06-05,UUWV,Moscow FIR,1
2019-06-05,UWWW,Samara FIR,0
2019-06-06,BIRD,Reykjavik FIR,0
2019-06-06,EBBU,Brussels FIR,4
2019-06-06,EDGG,Langen FIR,30
2019-06-06,EDMM,Munchen FIR,6
2019-06-06,EDWW,Bremen FIR,0
2019-06-06,EETT,Tallinn FIR,0
2019-06-06,EFIN,Helsinki FIR,0
2019-06-06,EGPX,Scottish FIR,1
2019-06-06,EGTT,London FIR,47
2019-06-06,EHAA,Amsterdam FIR,13
2019-06-06,EISN,Shannon FIR,1
2019-06-06,EKDK,Copenhagen FIR,5
2019-06-06,ENOR,Polaris FIR,0
2019-06-06,EPWW,Warszawa FIR,1
2019-06-06,ESAA,Sweden FIR,1
2019-06-06,EVRR,Riga FIR,0
2019-06-06,EYVL,Vilnius FIR,0
2019-06-06,GCCC,Canarias FIR,0
2019-06-06,GMMM,Casablanca FIR,0
2019-06-06,LAAA,Tirana FIR,0
2019-06-06,LBSR,Sofia FIR,1
2019-06-06,LDZO,Zagreb FIR,0
2019-06-06,LECB,Barcelona FIR,14
2019-06-06,LECM,Madrid FIR,21
2019-06-06,LFBB,Bordeaux FIR,1
2019-06-06,LFEE,Reims FIR,0
2019-06-06,LFFF,Paris FIR,23
2019-06-06,LFMM,Marseille FIR,3
2019-06-06,LFRR,Brest FIR,0
2019-06-06,LGGG,Athinai FIR,2
2019-06-06,LHCC,Budapest FIR,1
2019-06-06,LIBB,Brindisi FIR,0
2019-06-06,LIMM,Milano FIR,3
2019-06-06,LIRR,Roma FIR,5
2019-06-06,LJLA,Ljubljana FIR,0
2019-06-06,LKAA,Praha FIR,0
2019-06-06,LMMM,Malta FIR,0
2019-06-06,LOVV,Wien FIR,3
2019-06-06,LPPC,Lisboa FIR,5
2019-06-06,LPPO,Santa Maria FIR,0
2019-06-06,LQSB,Sarajevo FIR,0
2019-06-06,LRBB,Bucarest FIR,3
2019-06-06,LSAS,Switzerland FIR,1
2019-06-06,LUUU,Chisinau FIR,0
2019-06-06,LWSS,Skopje FIR,0
2019-06-06,LYBA,Beograd FIR,0
2019-06-06,LZBB,Bratislava  FIR,0
2019-06-06,UKBV,Kiev FIR,0
2019-06-06,UKDV,Dnipro FIR,0
2019-06-06,UKLV,Lvov FIR,0
2019-06-06,UKOV,Odessa FIR,0
2019-06-06,ULLL,Sankt-Peterburg FIR,0
2019-06-06,UMMV,Minsk FIR,0
2019-06-06,UNNT,Novosibirsk FIR,0
2019-06-06,URRV,Rostov-Na-Donu FIR,0
2019-06-06,USSV,Yekaterinburg FIR,0
2019-06-06,UUWV,Moscow FIR,1
2019-06-06,UWWW,Samara FIR,0
2019-06-07,BIRD,Reykjavik FIR,0
2019-06-07,EBBU,Brussels FIR,1
2019-06-07,EDGG,Langen FIR,18
2019-06-07,EDMM,Munchen FIR,5
2019-06-07,EDWW,Bremen FIR,1
2019-06-07,EETT,Tallinn FIR,0
2019-06-07,EFIN,Helsinki FIR,2
2019-06-07,EGPX,Scottish FIR,1
2019-06-07,EGTT,London FIR,42
2019-06-07,EHAA,Amsterdam FIR,9
2019-06-07,EISN,Shannon FIR,0
2019-06-07,EKDK,Copenhagen FIR,1
2019-06-07,ENOB,Bodo Oceanic FIR,0
2019-06-07,ENOR,Polaris FIR,1
2019-06-07,EPWW,Warszawa FIR,2
2019-06-07,ESAA,Sweden FIR,1
2019-06-07,EVRR,Riga FIR,0
2019-06-07,EYVL,Vilnius FIR,0
2019-06-07,GCCC,Canarias FIR,2
2019-06-07,GMMM,Casablanca FIR,0
2019-06-07,LAAA,Tirana FIR,0
2019-06-07,LBSR,Sofia FIR,0
2019-06-07,LDZO,Zagreb FIR,0
2019-06-07,LECB,Barcelona FIR,12
2019-06-07,LECM,Madrid FIR,22
2019-06-07,LFBB,Bordeaux FIR,0
2019-06-07,LFEE,Reims FIR,0
2019-06-07,LFFF,Paris FIR,13
2019-06-07,LFMM,Marseille FIR,0
2019-06-07,LFRR,Brest FIR,0
2019-06-07,LGGG,Athinai FIR,0
2019-06-07,LHCC,Budapest FIR,0
2019-06-07,LIBB,Brindisi FIR,1
2019-06-07,LIMM,Milano FIR,3
2019-06-07,LIRR,Roma FIR,7
2019-06-07,LJLA,Ljubljana FIR,0
2019-06-07,LKAA,Praha FIR,0
2019-06-07,LMMM,Malta FIR,0
2019-06-07,LOVV,Wien FIR,1
2019-06-07,LPPC,Lisboa FIR,13
2019-06-07,LPPO,Santa Maria FIR,0
2019-06-07,LQSB,Sarajevo FIR,0
2019-06-07,LRBB,Bucarest FIR,0
2019-06-07,LSAS,Switzerland FIR,3
2019-06-07,LUUU,Chisinau FIR,0
2019-06-07,LWSS,Skopje FIR,0
2019-06-07,LYBA,Beograd FIR,0
2019-06-07,LZBB,Bratislava  FIR,0
2019-06-07,UKBV,Kiev FIR,0
2019-06-07,UKDV,Dnipro FIR,0
2019-06-07,UKLV,Lvov FIR,0
2019-06-07,UKOV,Odessa FIR,0
2019-06-07,ULLL,Sankt-Peterburg FIR,0
2019-06-07,UMKK,Kaliningrad FIR,0
2019-06-07,UMMV,Minsk FIR,0
2019-06-07,UNNT,Novosibirsk FIR,0
2019-06-07,URRV,Rostov-Na-Donu FIR,0
2019-06-07,USSV,Yekaterinburg FIR,0
2019-06-07,USTV,Tyumen FIR,0
2019-06-07,UUWV,Moscow FIR,2
2019-06-07,UWWW,Samara FIR,0
2019-06-08,BIRD,Reykjavik FIR,0
2019-06-08,EBBU,Brussels FIR,10
2019-06-08,EDGG,Langen FIR,20
2019-06-08,EDMM,Munchen FIR,3
2019-06-08,EDWW,Bremen FIR,0
2019-06-08,EETT,Tallinn FIR,0
2019-06-08,EFIN,Helsinki FIR,4
2019-06-08,EGPX,Scottish FIR,0
2019-06-08,EGTT,London FIR,42
2019-06-08,EHAA,Amsterdam FIR,9
2019-06-08,EISN,Shannon FIR,2
2019-06-08,EKDK,Copenhagen FIR,3
2019-06-08,ENOB,Bodo Oceanic FIR,0
2019-06-08,ENOR,Polaris FIR,0
2019-06-08,EPWW,Warszawa FIR,0
2019-06-08,ESAA,Sweden FIR,4
2019-06-08,EVRR,Riga FIR,0
2019-06-08,EYVL,Vilnius FIR,0
2019-06-08,GCCC,Canarias FIR,10
2019-06-08,GMMM,Casablanca FIR,0
2019-06-08,LAAA,Tirana FIR,0
2019-06-08,LBSR,Sofia FIR,1
2019-06-08,LDZO,Zagreb FIR,2
2019-06-08,LECB,Barcelona FIR,9
2019-06-08,LECM,Madrid FIR,25
2019-06-08,LFBB,Bordeaux FIR,1
2019-06-08,LFEE,Reims FIR,0
2019-06-08,LFFF,Paris FIR,28
2019-06-08,LFMM,Marseille FIR,2
2019-06-08,LFRR,Brest FIR,1
2019-06-08,LGGG,Athinai FIR,6
2019-06-08,LHCC,Budapest FIR,0
2019-06-08,LIBB,Brindisi FIR,0
2019-06-08,LIMM,Milano FIR,8
2019-06-08,LIRR,Roma FIR,3
2019-06-08,LJLA,Ljubljana FIR,0
2019-06-08,LKAA,Praha FIR,1
2019-06-08,LMMM,Malta FIR,0
2019-06-08,LOVV,Wien FIR,4
2019-06-08,LPPC,Lisboa FIR,14
2019-06-08,LPPO,Santa Maria FIR,1
2019-06-08,LQSB,Sarajevo FIR,0
2019-06-08,LRBB,Bucarest FIR,1
2019-06-08,LSAS,Switzerland FIR,8
2019-06-08,LUUU,Chisinau FIR,0
2019-06-08,LWSS,Skopje FIR,0
2019-06-08,LYBA,Beograd FIR,0
2019-06-08,LZBB,Bratislava  FIR,0
2019-06-08,UKBV,Kiev FIR,0
2019-06-08,UKDV,Dnipro FIR,0
2019-06-08,UKLV,Lvov FIR,0
2019-06-08,UKOV,Odessa FIR,0
2019-06-08,ULLL,Sankt-Peterburg FIR,0
2019-06-08,ULMM,Murmansk FIR,0
2019-06-08,UMKK,Kaliningrad FIR,0
2019-06-08,UMMV,Minsk FIR,0
2019-06-08,UNNT,Novosibirsk FIR,0
2019-06-08,URRV,Rostov-Na-Donu FIR,0
2019-06-08,USSV,Yekaterinburg FIR,1
2019-06-08,UUWV,Moscow FIR,1
2019-06-08,UWWW,Samara FIR,0
2019-06-09,BIRD,Reykjavik FIR,4
2019-06-09,EBBU,Brussels FIR,15
2019-06-09,EDGG,Langen FIR,40
2019-06-09,EDMM,Munchen FIR,12
2019-06-09,EDWW,Bremen FIR,3
2019-06-09,EETT,Tallinn FIR,0
2019-06-09,EFIN,Helsinki FIR,5
2019-06-09,EGPX,Scottish FIR,2
2019-06-09,EGTT,London FIR,87
2019-06-09,EHAA,Amsterdam FIR,19
2019-06-09,EISN,Shannon FIR,5
2019-06-09,EKDK,Copenhagen FIR,7
2019-06-09,ENOB,Bodo Oceanic FIR,0
2019-06-09,ENOR,Polaris FIR,1
2019-06-09,EPWW,Warszawa FIR,9
2019-06-09,ESAA,Sweden FIR,2
2019-06-09,EVRR,Riga FIR,0
2019-06-09,EYVL,Vilnius FIR,0
2019-06-09,GCCC,Canarias FIR,3
2019-06-09,GMMM,Casablanca FIR,0
2019-06-09,LAAA,Tirana FIR,0
2019-06-09,LBSR,Sofia FIR,3
2019-06-09,LDZO,Zagreb FIR,3
2019-06-09,LECB,Barcelona FIR,45
2019-06-09,LECM,Madrid FIR,34
2019-06-09,LFBB,Bordeaux FIR,1
2019-06-09,LFEE,Reims FIR,4
2019-06-09,LFFF,Paris FIR,46
2019-06-09,LFMM,Marseille FIR,8
2019-06-09,LFRR,Brest FIR,2
2019-06-09,LGGG,Athinai FIR,26
2019-06-09,LHCC,Budapest FIR,7
2019-06-09,LIBB,Brindisi FIR,0
2019-06-09,LIMM,Milano FIR,12
2019-06-09,LIRR,Roma FIR,30
2019-06-09,LJLA,Ljubljana FIR,0
2019-06-09,LKAA,Praha FIR,1
2019-06-09,LMMM,Malta FIR,2
2019-06-09,LOVV,Wien FIR,5
2019-06-09,LPPC,Lisboa FIR,9
2019-06-09,LPPO,Santa Maria FIR,2
2019-06-09,LQSB,Sarajevo FIR,1
2019-06-09,LRBB,Bucarest FIR,9
2019-06-09,LSAS,Switzerland FIR,9
2019-06-09,LUUU,Chisinau FIR,0
2019-06-09,LWSS,Skopje FIR,1
2019-06-09,LYBA,Beograd FIR,3
2019-06-09,LZBB,Bratislava  FIR,0
2019-06-09,UKBV,Kiev FIR,1
2019-06-09,UKDV,Dnipro FIR,0
2019-06-09,UKLV,Lvov FIR,0
2019-06-09,UKOV,Odessa FIR,0
2019-06-09,ULLL,Sankt-Peterburg FIR,0
2019-06-09,ULMM,Murmansk FIR,0
2019-06-09,UMMV,Minsk FIR,0
2019-06-09,UNNT,Novosibirsk FIR,0
2019-06-09,URRV,Rostov-Na-Donu FIR,0
2019-06-09,USSV,Yekaterinburg FIR,0
2019-06-09,USTV,Tyumen FIR,0
2019-06-09,UUWV,Moscow FIR,12
2019-06-09,UWWW,Samara FIR,0
2019-06-10,BIRD,Reykjavik FIR,2
2019-06-10,EBBU,Brussels FIR,10
2019-06-10,EDGG,Langen FIR,48
2019-06-10,EDMM,Munchen FIR,20
2019-06-10,EDWW,Bremen FIR,10
2019-06-10,EETT,Tallinn FIR,0
2019-06-10,EFIN,Helsinki FIR,4
2019-06-10,EGPX,Scottish FIR,6
2019-06-10,EGTT,London FIR,123
2019-06-10,EHAA,Amsterdam FIR,27
2019-06-10,EISN,Shannon FIR,7
2019-06-10,EKDK,Copenhagen FIR,14
2019-06-10,ENOB,Bodo Oceanic FIR,0
2019-06-10,ENOR,Polaris FIR,3
2019-06-10,EPWW,Warszawa FIR,12
2019-06-10,ESAA,Sweden FIR,5
2019-06-10,EVRR,Riga FIR,1
2019-06-10,EYVL,Vilnius FIR,3
2019-06-10,GCCC,Canarias FIR,3
2019-06-10,GMMM,Casablanca FIR,0
2019-06-10,LAAA,Tirana FIR,0
2019-06-10,LBSR,Sofia FIR,8
2019-06-10,LDZO,Zagreb FIR,2
2019-06-10,LECB,Barcelona FIR,10
2019-06-10,LECM,Madrid FIR,33
2019-06-10,LFBB,Bordeaux FIR,1
2019-06-10,LFEE,Reims FIR,0
2019-06-10,LFFF,Paris FIR,40
2019-06-10,LFMM,Marseille FIR,4
2019-06-10,LFRR,Brest FIR,0
2019-06-10,LGGG,Athinai FIR,16
2019-06-10,LHCC,Budapest FIR,10
2019-06-10,LIBB,Brindisi FIR,1
2019-06-10,LIMM,Milano FIR,15
2019-06-10,LIRR,Roma FIR,27
2019-06-10,LJLA,Ljubljana FIR,1
2019-06-10,LKAA,Praha FIR,2
2019-06-10,LMMM,Malta FIR,5
2019-06-10,LOVV,Wien FIR,5
2019-06-10,LPPC,Lisboa FIR,4
2019-06-10,LPPO,Santa Maria FIR,1
2019-06-10,LQSB,Sarajevo FIR,0
2019-06-10,LRBB,Bucarest FIR,11
2019-06-10,LSAS,Switzerland FIR,10
2019-06-10,LUUU,Chisinau FIR,0
2019-06-10,LWSS,Skopje FIR,0
2019-06-10,LYBA,Beograd FIR,2
2019-06-10,LZBB,Bratislava  FIR,1
2019-06-10,UKBV,Kiev FIR,1
2019-06-10,UKDV,Dnipro FIR,0
2019-06-10,UKLV,Lvov FIR,0
2019-06-10,UKOV,Odessa FIR,0
2019-06-10,ULLL,Sankt-Peterburg FIR,4
2019-06-10,UMKK,Kaliningrad FIR,0
2019-06-10,UMMV,Minsk FIR,0
2019-06-10,UNNT,Novosibirsk FIR,0
2019-06-10,URRV,Rostov-Na-Donu FIR,0
2019-06-10,USSV,Yekaterinburg FIR,0
2019-06-10,UUWV,Moscow FIR,14
2019-06-10,UWWW,Samara FIR,0
2019-06-11,BIRD,Reykjavik FIR,9
2019-06-11,EBBU,Brussels FIR,14
2019-06-11,EDGG,Langen FIR,64
2019-06-11,EDMM,Munchen FIR,29
2019-06-11,EDWW,Bremen FIR,9
2019-06-11,EETT,Tallinn FIR,0
2019-06-11,EFIN,Helsinki FIR,8
2019-06-11,EGPX,Scottish FIR,5
2019-06-11,EGTT,London FIR,128
2019-06-11,EHAA,Amsterdam FIR,32
2019-06-11,EISN,Shannon FIR,21
2019-06-11,EKDK,Copenhagen FIR,8
2019-06-11,ENOB,Bodo Oceanic FIR,0
2019-06-11,ENOR,Polaris FIR,8
2019-06-11,EPWW,Warszawa FIR,8
2019-06-11,ESAA,Sweden FIR,7
2019-06-11,EVRR,Riga FIR,1
2019-06-11,EYVL,Vilnius FIR,1
2019-06-11,GCCC,Canarias FIR,1
2019-06-11,GMMM,Casablanca FIR,0
2019-06-11,LAAA,Tirana FIR,1
2019-06-11,LBSR,Sofia FIR,6
2019-06-11,LDZO,Zagreb FIR,2
2019-06-11,LECB,Barcelona FIR,6
2019-06-11,LECM,Madrid FIR,14
2019-06-11,LFBB,Bordeaux FIR,1
2019-06-11,LFEE,Reims FIR,2
2019-06-11,LFFF,Paris FIR,45
2019-06-11,LFMM,Marseille FIR,0
2019-06-11,LFRR,Brest FIR,0
2019-06-11,LGGG,Athinai FIR,26
2019-06-11,LHCC,Budapest FIR,1
2019-06-11,LIBB,Brindisi FIR,0
2019-06-11,LIMM,Milano FIR,13
2019-06-11,LIRR,Roma FIR,13
2019-06-11,LJLA,Ljubljana FIR,2
2019-06-11,LKAA,Praha FIR,5
2019-06-11,LMMM,Malta FIR,1
2019-06-11,LOVV,Wien FIR,3
2019-06-11,LPPC,Lisboa FIR,4
2019-06-11,LPPO,Santa Maria FIR,0
2019-06-11,LQSB,Sarajevo FIR,0
2019-06-11,LRBB,Bucarest FIR,6
2019-06-11,LSAS,Switzerland FIR,14
2019-06-11,LUUU,Chisinau FIR,0
2019-06-11,LWSS,Skopje FIR,1
2019-06-11,LYBA,Beograd FIR,0
2019-06-11,LZBB,Bratislava  FIR,2
2019-06-11,UKBV,Kiev FIR,0
2019-06-11,UKDV,Dnipro FIR,0
2019-06-11,UKLV,Lvov FIR,0
2019-06-11,UKOV,Odessa FIR,0
2019-06-11,ULLL,Sankt-Peterburg FIR,1
2019-06-11,UMKK,Kaliningrad FIR,0
2019-06-11,UMMV,Minsk FIR,0
2019-06-11,UNNT,Novosibirsk FIR,0
2019-06-11,URRV,Rostov-Na-Donu FIR,0
2019-06-11,USSV,Yekaterinburg FIR,0
2019-06-11,UUWV,Moscow FIR,2
2019-06-11,UWWW,Samara FIR,0
2019-06-12,BIRD,Reykjavik FIR,3
2019-06-12,EBBU,Brussels FIR,10
2019-06-12,EDGG,Langen FIR,34
2019-06-12,EDMM,Munchen FIR,15
2019-06-12,EDWW,Bremen FIR,5
2019-06-12,EETT,Tallinn FIR,0
2019-06-12,EFIN,Helsinki FIR,5
2019-06-12,EGPX,Scottish FIR,6
2019-06-12,EGTT,London FIR,55
2019-06-12,EHAA,Amsterdam FIR,23
2019-06-12,EISN,Shannon FIR,3
2019-06-12,EKDK,Copenhagen FIR,3
2019-06-12,ENOB,Bodo Oceanic FIR,0
2019-06-12,ENOR,Polaris FIR,3
2019-06-12,EPWW,Warszawa FIR,8
2019-06-12,ESAA,Sweden FIR,6
2019-06-12,EVRR,Riga FIR,1
2019-06-12,EYVL,Vilnius FIR,0
2019-06-12,GCCC,Canarias FIR,1
2019-06-12,GMMM,Casablanca FIR,0
2019-06-12,LAAA,Tirana FIR,0
2019-06-12,LBSR,Sofia FIR,1
2019-06-12,LDZO,Zagreb FIR,0
2019-06-12,LECB,Barcelona FIR,7
2019-06-12,LECM,Madrid FIR,22
2019-06-12,LFBB,Bordeaux FIR,1
2019-06-12,LFEE,Reims FIR,4
2019-06-12,LFFF,Paris FIR,19
2019-06-12,LFMM,Marseille FIR,4
2019-06-12,LFRR,Brest FIR,0
2019-06-12,LGGG,Athinai FIR,5
2019-06-12,LHCC,Budapest FIR,7
2019-06-12,LIBB,Brindisi FIR,0
2019-06-12,LIMM,Milano FIR,6
2019-06-12,LIRR,Roma FIR,7
2019-06-12,LJLA,Ljubljana FIR,0
2019-06-12,LKAA,Praha FIR,1
2019-06-12,LMMM,Malta FIR,0
2019-06-12,LOVV,Wien FIR,3
2019-06-12,LPPC,Lisboa FIR,4
2019-06-12,LPPO,Santa Maria FIR,0
2019-06-12,LQSB,Sarajevo FIR,0
2019-06-12,LRBB,Bucarest FIR,10
2019-06-12,LSAS,Switzerland FIR,5
2019-06-12,LUUU,Chisinau FIR,0
2019-06-12,LWSS,Skopje FIR,0
2019-06-12,LYBA,Beograd FIR,2
2019-06-12,LZBB,Bratislava  FIR,0
2019-06-12,UKBV,Kiev FIR,0
2019-06-12,UKDV,Dnipro FIR,0
2019-06-12,UKLV,Lvov FIR,0
2019-06-12,UKOV,Odessa FIR,0
2019-06-12,ULLL,Sankt-Peterburg FIR,2
2019-06-12,UMMV,Minsk FIR,0
2019-06-12,UNNT,Novosibirsk FIR,0
2019-06-12,URRV,Rostov-Na-Donu FIR,0
2019-06-12,USSV,Yekaterinburg FIR,0
2019-06-12,UUWV,Moscow FIR,8
2019-06-12,UWWW,Samara FIR,0
2019-06-13,BIRD,Reykjavik FIR,5
2019-06-13,EBBU,Brussels FIR,3
2019-06-13,EDGG,Langen FIR,25
2019-06-13,EDMM,Munchen FIR,9
2019-06-13,EDWW,Bremen FIR,6
2019-06-13,EETT,Tallinn FIR,0
2019-06-13,EFIN,Helsinki FIR,4
2019-06-13,EGPX,Scottish FIR,0
2019-06-13,EGTT,London FIR,70
2019-06-13,EHAA,Amsterdam FIR,22
2019-06-13,EISN,Shannon FIR,9
2019-06-13,EKDK,Copenhagen FIR,2
2019-06-13,ENOB,Bodo Oceanic FIR,0
2019-06-13,ENOR,Polaris FIR,5
2019-06-13,EPWW,Warszawa FIR,6
2019-06-13,ESAA,Sweden FIR,5
2019-06-13,EVRR,Riga FIR,0
2019-06-13,EYVL,Vilnius FIR,0
2019-06-13,GCCC,Canarias FIR,4
2019-06-13,GMMM,Casablanca FIR,0
2019-06-13,LAAA,Tirana FIR,0
2019-06-13,LBSR,Sofia FIR,0
2019-06-13,LDZO,Zagreb FIR,0
2019-06-13,LECB,Barcelona FIR,13
2019-06-13,LECM,Madrid FIR,32
2019-06-13,LFBB,Bordeaux FIR,0
2019-06-13,LFEE,Reims FIR,0
2019-06-13,LFFF,Paris FIR,31
2019-06-13,LFMM,Marseille FIR,2
2019-06-13,LFRR,Brest FIR,0
2019-06-13,LGGG,Athinai FIR,4
2019-06-13,LHCC,Budapest FIR,2
2019-06-13,LIBB,Brindisi FIR,1
2019-06-13,LIMM,Milano FIR,7
2019-06-13,LIRR,Roma FIR,8
2019-06-13,LJLA,Ljubljana FIR,0
2019-06-13,LKAA,Praha FIR,3
2019-06-13,LMMM,Malta FIR,0
2019-06-13,LOVV,Wien FIR,3
2019-06-13,LPPC,Lisboa FIR,5
2019-06-13,LPPO,Santa Maria FIR,0
2019-06-13,LQSB,Sarajevo FIR,0
2019-06-13,LRBB,Bucarest FIR,1
2019-06-13,LSAS,Switzerland FIR,7
2019-06-13,LUUU,Chisinau FIR,0
2019-06-13,LWSS,Skopje FIR,0
2019-06-13,LYBA,Beograd FIR,0
2019-06-13,LZBB,Bratislava  FIR,0
2019-06-13,UKBV,Kiev FIR,0
2019-06-13,UKDV,Dnipro FIR,0
2019-06-13,UKLV,Lvov FIR,0
2019-06-13,UKOV,Odessa FIR,0
2019-06-13,ULLL,Sankt-Peterburg FIR,2
2019-06-13,ULMM,Murmansk FIR,0
2019-06-13,UMKK,Kaliningrad FIR,0
2019-06-13,UMMV,Minsk FIR,0
2019-06-13,UNNT,Novosibirsk FIR,0
2019-06-13,URRV,Rostov-Na-Donu FIR,0
2019-06-13,USSV,Yekaterinburg FIR,1
2019-06-13,UUWV,Moscow FIR,10
2019-06-13,UWWW,Samara FIR,0
2019-06-14,BIRD,Reykjavik FIR,0
2019-06-14,EBBU,Brussels FIR,9
2019-06-14,EDGG,Langen FIR,32
2019-06-14,EDMM,Munchen FIR,10
2019-06-14,EDWW,Bremen FIR,2
2019-06-14,EETT,Tallinn FIR,0
2019-06-14,EFIN,Helsinki FIR,1
2019-06-14,EGPX,Scottish FIR,2
2019-06-14,EGTT,London FIR,54
2019-06-14,EHAA,Amsterdam FIR,7
2019-06-14,EISN,Shannon FIR,1
2019-06-14,EKDK,Copenhagen FIR,1
2019-06-14,ENOB,Bodo Oceanic FIR,0
2019-06-14,ENOR,Polaris FIR,2
2019-06-14,EPWW,Warszawa FIR,3
2019-06-14,ESAA,Sweden FIR,0
2019-06-14,EVRR,Riga FIR,0
2019-06-14,EYVL,Vilnius FIR,0
2019-06-14,GCCC,Canarias FIR,5
2019-06-14,GMMM,Casablanca FIR,0
2019-06-14,LAAA,Tirana FIR,0
2019-06-14,LBSR,Sofia FIR,1
2019-06-14,LDZO,Zagreb FIR,0
2019-06-14,LECB,Barcelona FIR,12
2019-06-14,LECM,Madrid FIR,22
2019-06-14,LFBB,Bordeaux FIR,0
2019-06-14,LFEE,Reims FIR,2
2019-06-14,LFFF,Paris FIR,18
2019-06-14,LFMM,Marseille FIR,1
2019-06-14,LFRR,Brest FIR,0
2019-06-14,LGGG,Athinai FIR,10
2019-06-14,LHCC,Budapest FIR,9
2019-06-14,LIBB,Brindisi FIR,1
2019-06-14,LIMM,Milano FIR,8
2019-06-14,LIRR,Roma FIR,8
2019-06-14,LJLA,Ljubljana FIR,0
2019-06-14,LKAA,Praha FIR,1
2019-06-14,LMMM,Malta FIR,0
2019-06-14,LOVV,Wien FIR,3
2019-06-14,LPPC,Lisboa FIR,5
2019-06-14,LPPO,Santa Maria FIR,0
2019-06-14,LQSB,Sarajevo FIR,0
2019-06-14,LRBB,Bucarest FIR,10
2019-06-14,LSAS,Switzerland FIR,2
2019-06-14,LUUU,Chisinau FIR,0
2019-06-14,LWSS,Skopje FIR,0
2019-06-14,LYBA,Beograd FIR,0
2019-06-14,LZBB,Bratislava  FIR,0
2019-06-14,UKBV,Kiev FIR,3
2019-06-14,UKDV,Dnipro FIR,0
2019-06-14,UKLV,Lvov FIR,0
2019-06-14,UKOV,Odessa FIR,0
2019-06-14,ULLL,Sankt-Peterburg FIR,1
2019-06-14,UMKK,Kaliningrad FIR,0
2019-06-14,UMMV,Minsk FIR,0
2019-06-14,UNNT,Novosibirsk FIR,0
2019-06-14,URRV,Rostov-Na-Donu FIR,0
2019-06-14,USSV,Yekaterinburg FIR,0
2019-06-14,UUWV,Moscow FIR,7
2019-06-14,UWWW,Samara FIR,0
2019-06-15,BIRD,Reykjavik FIR,7
2019-06-15,EBBU,Brussels FIR,8
2019-06-15,EDGG,Langen FIR,33
2019-06-15,EDMM,Munchen FIR,14
2019-06-15,EDWW,Bremen FIR,4
2019-06-15,EETT,Tallinn FIR,1
2019-06-15,EFIN,Helsinki FIR,5
2019-06-15,EGPX,Scottish FIR,3
2019-06-15,EGTT,London FIR,54
2019-06-15,EHAA,Amsterdam FIR,11
2019-06-15,EISN,Shannon FIR,4
2019-06-15,EKDK,Copenhagen FIR,11
2019-06-15,ENOB,Bodo Oceanic FIR,0
2019-06-15,ENOR,Polaris FIR,4
2019-06-15,EPWW,Warszawa FIR,7
2019-06-15,ESAA,Sweden FIR,17
2019-06-15,EVRR,Riga FIR,2
2019-06-15,EYVL,Vilnius FIR,3
2019-06-15,GCCC,Canarias FIR,6
2019-06-15,GMMM,Casablanca FIR,0
2019-06-15,LAAA,Tirana FIR,0
2019-06-15,LBSR,Sofia FIR,6
2019-06-15,LDZO,Zagreb FIR,6
2019-06-15,LECB,Barcelona FIR,11
2019-06-15,LECM,Madrid FIR,12
2019-06-15,LFBB,Bordeaux FIR,0
2019-06-15,LFEE,Reims FIR,4
2019-06-15,LFFF,Paris FIR,17
2019-06-15,LFMM,Marseille FIR,2
2019-06-15,LFRR,Brest FIR,0
2019-06-15,LGGG,Athinai FIR,23
2019-06-15,LHCC,Budapest FIR,5
2019-06-15,LIBB,Brindisi FIR,0
2019-06-15,LIMM,Milano FIR,13
2019-06-15,LIRR,Roma FIR,11
2019-06-15,LJLA,Ljubljana FIR,1
2019-06-15,LKAA,Praha FIR,3
2019-06-15,LMMM,Malta FIR,0
2019-06-15,LOVV,Wien FIR,8
2019-06-15,LPPC,Lisboa FIR,7
2019-06-15,LPPO,Santa Maria FIR,3
2019-06-15,LQSB,Sarajevo FIR,0
2019-06-15,LRBB,Bucarest FIR,10
2019-06-15,LSAS,Switzerland FIR,2
2019-06-15,LUUU,Chisinau FIR,1
2019-06-15,LWSS,Skopje FIR,0
2019-06-15,LYBA,Beograd FIR,2
2019-06-15,LZBB,Bratislava  FIR,1
2019-06-15,UKBV,Kiev FIR,0
2019-06-15,UKDV,Dnipro FIR,0
2019-06-15,UKLV,Lvov FIR,0
2019-06-15,UKOV,Odessa FIR,0
2019-06-15,ULLL,Sankt-Peterburg FIR,3
2019-06-15,ULMM,Murmansk FIR,0
2019-06-15,UMKK,Kaliningrad FIR,0
2019-06-15,UMMV,Minsk FIR,0
2019-06-15,UNNT,Novosibirsk FIR,0
2019-06-15,URRV,Rostov-Na-Donu FIR,0
2019-06-15,USSV,Yekaterinburg FIR,0
2019-06-15,UUWV,Moscow FIR,7
2019-06-15,UWWW,Samara FIR,0
2019-06-16,BIRD,Reykjavik FIR,0
2019-06-16,EBBU,Brussels FIR,10
2019-06-16,EDGG,Langen FIR,31
2019-06-16,EDMM,Munchen FIR,18
2019-06-16,EDWW,Bremen FIR,6
2019-06-16,EETT,Tallinn FIR,1
2019-06-16,EFIN,Helsinki FIR,6
2019-06-16,EGPX,Scottish FIR,4
2019-06-16,EGTT,London FIR,57
2019-06-16,EHAA,Amsterdam FIR,15
2019-06-16,EISN,Shannon FIR,4
2019-06-16,EKDK,Copenhagen FIR,12
2019-06-16,ENOB,Bodo Oceanic FIR,0
2019-06-16,ENOR,Polaris FIR,5
2019-06-16,EPWW,Warszawa FIR,10
2019-06-16,ESAA,Sweden FIR,13
2019-06-16,EVRR,Riga FIR,1
2019-06-16,EYVL,Vilnius FIR,2
2019-06-16,GCCC,Canarias FIR,5
2019-06-16,GMMM,Casablanca FIR,0
2019-06-16,LAAA,Tirana FIR,1
2019-06-16,LBSR,Sofia FIR,6
2019-06-16,LDZO,Zagreb FIR,4
2019-06-16,LECB,Barcelona FIR,17
2019-06-16,LECM,Madrid FIR,33
2019-06-16,LFBB,Bordeaux FIR,0
2019-06-16,LFEE,Reims FIR,2
2019-06-16,LFFF,Paris FIR,33
2019-06-16,LFMM,Marseille FIR,1
2019-06-16,LFRR,Brest FIR,0
2019-06-16,LGGG,Athinai FIR,32
2019-06-16,LHCC,Budapest FIR,1
2019-06-16,LIBB,Brindisi FIR,0
2019-06-16,LIMM,Milano FIR,10
2019-06-16,LIRR,Roma FIR,18
2019-06-16,LJLA,Ljubljana FIR,1
2019-06-16,LKAA,Praha FIR,6
2019-06-16,LMMM,Malta FIR,0
2019-06-16,LOVV,Wien FIR,4
2019-06-16,LPPC,Lisboa FIR,16
2019-06-16,LPPO,Santa Maria FIR,0
2019-06-16,LQSB,Sarajevo FIR,0
2019-06-16,LRBB,Bucarest FIR,4
2019-06-16,LSAS,Switzerland FIR,7
2019-06-16,LUUU,Chisinau FIR,0
2019-06-16,LWSS,Skopje FIR,1
2019-06-16,LYBA,Beograd FIR,2
2019-06-16,LZBB,Bratislava  FIR,1
2019-06-16,UKBV,Kiev FIR,5
2019-06-16,UKDV,Dnipro FIR,0
2019-06-16,UKLV,Lvov FIR,0
2019-06-16,UKOV,Odessa FIR,0
2019-06-16,ULLL,Sankt-Peterburg FIR,4
2019-06-16,UMMV,Minsk FIR,0
2019-06-16,UNNT,Novosibirsk FIR,0
2019-06-16,URRV,Rostov-Na-Donu FIR,0
2019-06-16,USSV,Yekaterinburg FIR,0
2019-06-16,UUWV,Moscow FIR,23
2019-06-16,UWWW,Samara FIR,0
2019-06-17,BIRD,Reykjavik FIR,2
2019-06-17,EBBU,Brussels FIR,26
2019-06-17,EDGG,Langen FIR,79
2019-06-17,EDMM,Munchen FIR,35
2019-06-17,EDWW,Bremen FIR,12
2019-06-17,EETT,Tallinn FIR,0
2019-06-17,EFIN,Helsinki FIR,10
2019-06-17,EGPX,Scottish FIR,9
2019-06-17,EGTT,London FIR,198
2019-06-17,EHAA,Amsterdam FIR,48
2019-06-17,EISN,Shannon FIR,7
2019-06-17,EKDK,Copenhagen FIR,8
2019-06-17,ENOB,Bodo Oceanic FIR,0
2019-06-17,ENOR,Polaris FIR,4
2019-06-17,EPWW,Warszawa FIR,27
2019-06-17,ESAA,Sweden FIR,7
2019-06-17,EVRR,Riga FIR,0
2019-06-17,EYVL,Vilnius FIR,2
2019-06-17,GCCC,Canarias FIR,29
2019-06-17,GMMM,Casablanca FIR,0
2019-06-17,LAAA,Tirana FIR,1
2019-06-17,LBSR,Sofia FIR,25
2019-06-17,LDZO,Zagreb FIR,6
2019-06-17,LECB,Barcelona FIR,37
2019-06-17,LECM,Madrid FIR,43
2019-06-17,LFBB,Bordeaux FIR,1
2019-06-17,LFEE,Reims FIR,14
2019-06-17,LFFF,Paris FIR,38
2019-06-17,LFMM,Marseille FIR,4
2019-06-17,LFRR,Brest FIR,2
2019-06-17,LGGG,Athinai FIR,63
2019-06-17,LHCC,Budapest FIR,14
2019-06-17,LIBB,Brindisi FIR,2
2019-06-17,LIMM,Milano FIR,36
2019-06-17,LIRR,Roma FIR,23
2019-06-17,LJLA,Ljubljana FIR,2
2019-06-17,LKAA,Praha FIR,9
2019-06-17,LMMM,Malta FIR,0
2019-06-17,LOVV,Wien FIR,14
2019-06-17,LPPC,Lisboa FIR,34
2019-06-17,LPPO,Santa Maria FIR,1
2019-06-17,LQSB,Sarajevo FIR,1
2019-06-17,LRBB,Bucarest FIR,25
2019-06-17,LSAS,Switzerland FIR,22
2019-06-17,LUUU,Chisinau FIR,2
2019-06-17,LWSS,Skopje FIR,0
2019-06-17,LYBA,Beograd FIR,6
2019-06-17,LZBB,Bratislava  FIR,2
2019-06-17,UKBV,Kiev FIR,19
2019-06-17,UKDV,Dnipro FIR,1
2019-06-17,UKLV,Lvov FIR,0
2019-06-17,UKOV,Odessa FIR,0
2019-06-17,ULLL,Sankt-Peterburg FIR,2
2019-06-17,UMKK,Kaliningrad FIR,1
2019-06-17,UMMV,Minsk FIR,0
2019-06-17,UNNT,Novosibirsk FIR,0
2019-06-17,URRV,Rostov-Na-Donu FIR,0
2019-06-17,USSV,Yekaterinburg FIR,0
2019-06-17,USTV,Tyumen FIR,0
2019-06-17,UUWV,Moscow FIR,12
2019-06-17,UWWW,Samara FIR,0
2019-06-18,BIRD,Reykjavik FIR,12
2019-06-18,EBBU,Brussels FIR,14
2019-06-18,EDGG,Langen FIR,49
2019-06-18,EDMM,Munchen FIR,25
2019-06-18,EDWW,Bremen FIR,13
2019-06-18,EETT,Tallinn FIR,1
2019-06-18,EFIN,Helsinki FIR,11
2019-06-18,EGPX,Scottish FIR,8
2019-06-18,EGTT,London FIR,116
2019-06-18,EHAA,Amsterdam FIR,15
2019-06-18,EISN,Shannon FIR,8
2019-06-18,EKDK,Copenhagen FIR,17
2019-06-18,ENOB,Bodo Oceanic FIR,0
2019-06-18,ENOR,Polaris FIR,18
2019-06-18,EPWW,Warszawa FIR,28
2019-06-18,ESAA,Sweden FIR,21
2019-06-18,EVRR,Riga FIR,1
2019-06-18,EYVL,Vilnius FIR,4
2019-06-18,GCCC,Canarias FIR,2
2019-06-18,GMMM,Casablanca FIR,0
2019-06-18,LAAA,Tirana FIR,1
2019-06-18,LBSR,Sofia FIR,9
2019-06-18,LDZO,Zagreb FIR,2
2019-06-18,LECB,Barcelona FIR,17
2019-06-18,LECM,Madrid FIR,22
2019-06-18,LFBB,Bordeaux FIR,1
2019-06-18,LFEE,Reims FIR,6
2019-06-18,LFFF,Paris FIR,29
2019-06-18,LFMM,Marseille FIR,5
2019-06-18,LFRR,Brest FIR,0
2019-06-18,LGGG,Athinai FIR,39
2019-06-18,LHCC,Budapest FIR,5
2019-06-18,LIBB,Brindisi FIR,0
2019-06-18,LIMM,Milano FIR,20
2019-06-18,LIRR,Roma FIR,11
2019-06-18,LJLA,Ljubljana FIR,1
2019-06-18,LKAA,Praha FIR,15
2019-06-18,LMMM,Malta FIR,1
2019-06-18,LOVV,Wien FIR,13
2019-06-18,LPPC,Lisboa FIR,2
2019-06-18,LPPO,Santa Maria FIR,0
2019-06-18,LQSB,Sarajevo FIR,0
2019-06-18,LRBB,Bucarest FIR,25
2019-06-18,LSAS,Switzerland FIR,11
2019-06-18,LUUU,Chisinau FIR,2
2019-06-18,LWSS,Skopje FIR,3
2019-06-18,LYBA,Beograd FIR,2
2019-06-18,LZBB,Bratislava  FIR,0
2019-06-18,UKBV,Kiev FIR,4
2019-06-18,UKDV,Dnipro FIR,0
2019-06-18,UKLV,Lvov FIR,0
2019-06-18,UKOV,Odessa FIR,0
2019-06-18,ULLL,Sankt-Peterburg FIR,2
2019-06-18,UMKK,Kaliningrad FIR,0
2019-06-18,UMMV,Minsk FIR,0
2019-06-18,UNNT,Novosibirsk FIR,0
2019-06-18,URRV,Rostov-Na-Donu FIR,0
2019-06-18,USSV,Yekaterinburg FIR,0
2019-06-18,UUWV,Moscow FIR,22
2019-06-18,UWWW,Samara FIR,0
2019-06-19,BIRD,Reykjavik FIR,1
2019-06-19,EBBU,Brussels FIR,13
2019-06-19,EDGG,Langen FIR,70
2019-06-19,EDMM,Munchen FIR,28
2019-06-19,EDWW,Bremen FIR,9
2019-06-19,EETT,Tallinn FIR,3
2019-06-19,EFIN,Helsinki FIR,16
2019-06-19,EGPX,Scottish FIR,6
2019-06-19,EGTT,London FIR,119
2019-06-19,EHAA,Amsterdam FIR,22
2019-06-19,EISN,Shannon FIR,16
2019-06-19,EKDK,Copenhagen FIR,4
2019-06-19,ENOB,Bodo Oceanic FIR,0
2019-06-19,ENOR,Polaris FIR,5
2019-06-19,EPWW,Warszawa FIR,18
2019-06-19,ESAA,Sweden FIR,8
2019-06-19,EVRR,Riga FIR,0
2019-06-19,EYVL,Vilnius FIR,3
2019-06-19,GCCC,Canarias FIR,5
2019-06-19,GMMM,Casablanca FIR,0
2019-06-19,LAAA,Tirana FIR,0
2019-06-19,LBSR,Sofia FIR,4
2019-06-19,LDZO,Zagreb FIR,3
2019-06-19,LECB,Barcelona FIR,33
2019-06-19,LECM,Madrid FIR,17
2019-06-19,LFBB,Bordeaux FIR,1
2019-06-19,LFEE,Reims FIR,4
2019-06-19,LFFF,Paris FIR,55
2019-06-19,LFMM,Marseille FIR,6
2019-06-19,LFRR,Brest FIR,0
2019-06-19,LGGG,Athinai FIR,26
2019-06-19,LHCC,Budapest FIR,5
2019-06-19,LIBB,Brindisi FIR,0
2019-06-19,LIMM,Milano FIR,25
2019-06-19,LIRR,Roma FIR,23
2019-06-19,LJLA,Ljubljana FIR,0
2019-06-19,LKAA,Praha FIR,4
2019-06-19,LMMM,Malta FIR,0
2019-06-19,LOVV,Wien FIR,18
2019-06-19,LPPC,Lisboa FIR,5
2019-06-19,LPPO,Santa Maria FIR,0
2019-06-19,LQSB,Sarajevo FIR,0
2019-06-19,LRBB,Bucarest FIR,8
2019-06-19,LSAS,Switzerland FIR,14
2019-06-19,LUUU,Chisinau FIR,2
2019-06-19,LWSS,Skopje FIR,0
2019-06-19,LYBA,Beograd FIR,1
2019-06-19,LZBB,Bratislava  FIR,2
2019-06-19,UKBV,Kiev FIR,6
2019-06-19,UKDV,Dnipro FIR,1
2019-06-19,UKLV,Lvov FIR,1
2019-06-19,UKOV,Odessa FIR,0
2019-06-19,ULLL,Sankt-Peterburg FIR,5
2019-06-19,UMKK,Kaliningrad FIR,0
2019-06-19,UMMV,Minsk FIR,2
2019-06-19,UNNT,Novosibirsk FIR,0
2019-06-19,URRV,Rostov-Na-Donu FIR,0
2019-06-19,USSV,Yekaterinburg FIR,0
2019-06-19,USTV,Tyumen FIR,0
2019-06-19,UUWV,Moscow FIR,22
2019-06-19,UWWW,Samara FIR,0
2019-06-20,BIRD,Reykjavik FIR,1
2019-06-20,EBBU,Brussels FIR,10
2019-06-20,EDGG,Langen FIR,45
2019-06-20,EDMM,Munchen FIR,16
2019-06-20,EDWW,Bremen FIR,8
2019-06-20,EETT,Tallinn FIR,1
2019-06-20,EFIN,Helsinki FIR,6
2019-06-20,EGPX,Scottish FIR,3
2019-06-20,EGTT,London FIR,63
2019-06-20,EHAA,Amsterdam FIR,27
2019-06-20,EISN,Shannon FIR,8
2019-06-20,EKDK,Copenhagen FIR,5
2019-06-20,ENOB,Bodo Oceanic FIR,0
2019-06-20,ENOR,Polaris FIR,2
2019-06-20,EPWW,Warszawa FIR,9
2019-06-20,ESAA,Sweden FIR,3
2019-06-20,EVRR,Riga FIR,0
2019-06-20,EYVL,Vilnius FIR,0
2019-06-20,GCCC,Canarias FIR,0
2019-06-20,GMMM,Casablanca FIR,0
2019-06-20,LAAA,Tirana FIR,0
2019-06-20,LBSR,Sofia FIR,6
2019-06-20,LDZO,Zagreb FIR,0
2019-06-20,LECB,Barcelona FIR,15
2019-06-20,LECM,Madrid FIR,20
2019-06-20,LFBB,Bordeaux FIR,0
2019-06-20,LFEE,Reims FIR,0
2019-06-20,LFFF,Paris FIR,28
2019-06-20,LFMM,Marseille FIR,0
2019-06-20,LFRR,Brest FIR,0
2019-06-20,LGGG,Athinai FIR,9
2019-06-20,LHCC,Budapest FIR,5
2019-06-20,LIBB,Brindisi FIR,0
2019-06-20,LIMM,Milano FIR,9
2019-06-20,LIRR,Roma FIR,14
2019-06-20,LJLA,Ljubljana FIR,0
2019-06-20,LKAA,Praha FIR,7
2019-06-20,LMMM,Malta FIR,0
2019-06-20,LOVV,Wien FIR,8
2019-06-20,LPPC,Lisboa FIR,2
2019-06-20,LPPO,Santa Maria FIR,1
2019-06-20,LQSB,Sarajevo FIR,0
2019-06-20,LRBB,Bucarest FIR,3
2019-06-20,LSAS,Switzerland FIR,8
2019-06-20,LUUU,Chisinau FIR,0
2019-06-20,LWSS,Skopje FIR,0
2019-06-20,LYBA,Beograd FIR,0
2019-06-20,LZBB,Bratislava  FIR,1
2019-06-20,UKBV,Kiev FIR,0
2019-06-20,UKDV,Dnipro FIR,0
2019-06-20,UKLV,Lvov FIR,0
2019-06-20,UKOV,Odessa FIR,0
2019-06-20,ULLL,Sankt-Peterburg FIR,1
2019-06-20,UMMV,Minsk FIR,0
2019-06-20,UNNT,Novosibirsk FIR,0
2019-06-20,URRV,Rostov-Na-Donu FIR,0
2019-06-20,USSV,Yekaterinburg FIR,0
2019-06-20,UUWV,Moscow FIR,22
2019-06-20,UWWW,Samara FIR,0
2019-06-21,BIRD,Reykjavik FIR,0
2019-06-21,EBBU,Brussels FIR,9
2019-06-21,EDGG,Langen FIR,60
2019-06-21,EDMM,Munchen FIR,20
2019-06-21,EDWW,Bremen FIR,8
2019-06-21,EETT,Tallinn FIR,2
2019-06-21,EFIN,Helsinki FIR,6
2019-06-21,EGPX,Scottish FIR,3
2019-06-21,EGTT,London FIR,81
2019-06-21,EHAA,Amsterdam FIR,20
2019-06-21,EISN,Shannon FIR,6
2019-06-21,EKDK,Copenhagen FIR,10
2019-06-21,ENOB,Bodo Oceanic FIR,0
2019-06-21,ENOR,Polaris FIR,4
2019-06-21,EPWW,Warszawa FIR,13
2019-06-21,ESAA,Sweden FIR,3
2019-06-21,EVRR,Riga FIR,1
2019-06-21,EYVL,Vilnius FIR,2
2019-06-21,GCCC,Canarias FIR,20
2019-06-21,GMMM,Casablanca FIR,0
2019-06-21,LAAA,Tirana FIR,0
2019-06-21,LBSR,Sofia FIR,12
2019-06-21,LDZO,Zagreb FIR,4
2019-06-21,LECB,Barcelona FIR,57
2019-06-21,LECM,Madrid FIR,46
2019-06-21,LFBB,Bordeaux FIR,2
2019-06-21,LFEE,Reims FIR,2
2019-06-21,LFFF,Paris FIR,56
2019-06-21,LFMM,Marseille FIR,22
2019-06-21,LFRR,Brest FIR,0
2019-06-21,LGGG,Athinai FIR,22
2019-06-21,LHCC,Budapest FIR,8
2019-06-21,LIBB,Brindisi FIR,1
2019-06-21,LIMM,Milano FIR,18
2019-06-21,LIRR,Roma FIR,46
2019-06-21,LJLA,Ljubljana FIR,1
2019-06-21,LKAA,Praha FIR,3
2019-06-21,LMMM,Malta FIR,2
2019-06-21,LOVV,Wien FIR,10
2019-06-21,LPPC,Lisboa FIR,23
2019-06-21,LPPO,Santa Maria FIR,3
2019-06-21,LQSB,Sarajevo FIR,0
2019-06-21,LRBB,Bucarest FIR,6
2019-06-21,LSAS,Switzerland FIR,10
2019-06-21,LUUU,Chisinau FIR,2
2019-06-21,LWSS,Skopje FIR,1
2019-06-21,LYBA,Beograd FIR,0
2019-06-21,LZBB,Bratislava  FIR,1
2019-06-21,UKBV,Kiev FIR,9
2019-06-21,UKDV,Dnipro FIR,1
2019-06-21,UKLV,Lvov FIR,0
2019-06-21,UKOV,Odessa FIR,0
2019-06-21,ULLL,Sankt-Peterburg FIR,3
2019-06-21,UMKK,Kaliningrad FIR,0
2019-06-21,UMMV,Minsk FIR,1
2019-06-21,UNNT,Novosibirsk FIR,1
2019-06-21,URRV,Rostov-Na-Donu FIR,0
2019-06-21,USSV,Yekaterinburg FIR,1
2019-06-21,UUWV,Moscow FIR,37
2019-06-21,UWWW,Samara FIR,0
2019-06-22,BIRD,Reykjavik FIR,4
2019-06-22,EBBU,Brussels FIR,30
2019-06-22,EDGG,Langen FIR,100
2019-06-22,EDMM,Munchen FIR,26
2019-06-22,EDWW,Bremen FIR,24
2019-06-22,EETT,Tallinn FIR,1
2019-06-22,EFIN,Helsinki FIR,12
2019-06-22,EGPX,Scottish FIR,35
2019-06-22,EGTT,London FIR,212
2019-06-22,EHAA,Amsterdam FIR,39
2019-06-22,EISN,Shannon FIR,37
2019-06-22,EKDK,Copenhagen FIR,20
2019-06-22,ENOB,Bodo Oceanic FIR,0
2019-06-22,ENOR,Polaris FIR,10
2019-06-22,EPWW,Warszawa FIR,29
2019-06-22,ESAA,Sweden FIR,16
2019-06-22,EVRR,Riga FIR,0
2019-06-22,EYVL,Vilnius FIR,5
2019-06-22,GCCC,Canarias FIR,106
2019-06-22,GMMM,Casablanca FIR,0
2019-06-22,LAAA,Tirana FIR,1
2019-06-22,LBSR,Sofia FIR,9
2019-06-22,LDZO,Zagreb FIR,7
2019-06-22,LECB,Barcelona FIR,118
2019-06-22,LECM,Madrid FIR,97
2019-06-22,LFBB,Bordeaux FIR,2
2019-06-22,LFEE,Reims FIR,10
2019-06-22,LFFF,Paris FIR,55
2019-06-22,LFMM,Marseille FIR,12
2019-06-22,LFRR,Brest FIR,9
2019-06-22,LGGG,Athinai FIR,50
2019-06-22,LHCC,Budapest FIR,13
2019-06-22,LIBB,Brindisi FIR,2
2019-06-22,LIMM,Milano FIR,27
2019-06-22,LIRR,Roma FIR,35
2019-06-22,LJLA,Ljubljana FIR,0
2019-06-22,LKAA,Praha FIR,22
2019-06-22,LMMM,Malta FIR,13
2019-06-22,LOVV,Wien FIR,17
2019-06-22,LPPC,Lisboa FIR,110
2019-06-22,LPPO,Santa Maria FIR,3
2019-06-22,LQSB,Sarajevo FIR,1
2019-06-22,LRBB,Bucarest FIR,17
2019-06-22,LSAS,Switzerland FIR,16
2019-06-22,LUUU,Chisinau FIR,1
2019-06-22,LWSS,Skopje FIR,2
2019-06-22,LYBA,Beograd FIR,3
2019-06-22,LZBB,Bratislava  FIR,2
2019-06-22,UKBV,Kiev FIR,5
2019-06-22,UKDV,Dnipro FIR,1
2019-06-22,UKLV,Lvov FIR,1
2019-06-22,UKOV,Odessa FIR,0
2019-06-22,ULLL,Sankt-Peterburg FIR,5
2019-06-22,ULMM,Murmansk FIR,0
2019-06-22,UMKK,Kaliningrad FIR,0
2019-06-22,UMMV,Minsk FIR,0
2019-06-22,UNNT,Novosibirsk FIR,0
2019-06-22,URRV,Rostov-Na-Donu FIR,0
2019-06-22,USSV,Yekaterinburg FIR,0
2019-06-22,UUWV,Moscow FIR,23
2019-06-22,UWWW,Samara FIR,0
2019-06-23,BIRD,Reykjavik FIR,6
2019-06-23,EBBU,Brussels FIR,36
2019-06-23,EDGG,Langen FIR,75
2019-06-23,EDMM,Munchen FIR,33
2019-06-23,EDWW,Bremen FIR,31
2019-06-23,EETT,Tallinn FIR,0
2019-06-23,EFIN,Helsinki FIR,12
2019-06-23,EGPX,Scottish FIR,70
2019-06-23,EGTT,London FIR,298
2019-06-23,EHAA,Amsterdam FIR,55
2019-06-23,EISN,Shannon FIR,57
2019-06-23,EKDK,Copenhagen FIR,28
2019-06-23,ENOB,Bodo Oceanic FIR,0
2019-06-23,ENOR,Polaris FIR,33
2019-06-23,EPWW,Warszawa FIR,31
2019-06-23,ESAA,Sweden FIR,24
2019-06-23,EVRR,Riga FIR,2
2019-06-23,EYVL,Vilnius FIR,3
2019-06-23,GCCC,Canarias FIR,102
2019-06-23,GMMM,Casablanca FIR,0
2019-06-23,LAAA,Tirana FIR,0
2019-06-23,LBSR,Sofia FIR,15
2019-06-23,LDZO,Zagreb FIR,9
2019-06-23,LECB,Barcelona FIR,169
2019-06-23,LECM,Madrid FIR,128
2019-06-23,LFBB,Bordeaux FIR,10
2019-06-23,LFEE,Reims FIR,6
2019-06-23,LFFF,Paris FIR,79
2019-06-23,LFMM,Marseille FIR,24
2019-06-23,LFRR,Brest FIR,12
2019-06-23,LGGG,Athinai FIR,24
2019-06-23,LHCC,Budapest FIR,14
2019-06-23,LIBB,Brindisi FIR,0
2019-06-23,LIMM,Milano FIR,41
2019-06-23,LIRR,Roma FIR,26
2019-06-23,LJLA,Ljubljana FIR,0
2019-06-23,LKAA,Praha FIR,5
2019-06-23,LMMM,Malta FIR,4
2019-06-23,LOVV,Wien FIR,10
2019-06-23,LPPC,Lisboa FIR,129
2019-06-23,LPPO,Santa Maria FIR,0
2019-06-23,LQSB,Sarajevo FIR,0
2019-06-23,LRBB,Bucarest FIR,17
2019-06-23,LSAS,Switzerland FIR,17
2019-06-23,LUUU,Chisinau FIR,1
2019-06-23,LWSS,Skopje FIR,1
2019-06-23,LYBA,Beograd FIR,1
2019-06-23,LZBB,Bratislava  FIR,1
2019-06-23,UKBV,Kiev FIR,7
2019-06-23,UKDV,Dnipro FIR,1
2019-06-23,UKLV,Lvov FIR,0
2019-06-23,UKOV,Odessa FIR,0
2019-06-23,ULLL,Sankt-Peterburg FIR,1
2019-06-23,UMMV,Minsk FIR,0
2019-06-23,UNNT,Novosibirsk FIR,0
2019-06-23,URRV,Rostov-Na-Donu FIR,0
2019-06-23,USSV,Yekaterinburg FIR,0
2019-06-23,UUWV,Moscow FIR,16
2019-06-23,UWWW,Samara FIR,0
2019-06-24,BIRD,Reykjavik FIR,2
2019-06-24,EBBU,Brussels FIR,30
2019-06-24,EDGG,Langen FIR,51
2019-06-24,EDMM,Munchen FIR,23
2019-06-24,EDWW,Bremen FIR,29
2019-06-24,EETT,Tallinn FIR,2
2019-06-24,EFIN,Helsinki FIR,9
2019-06-24,EGPX,Scottish FIR,38
2019-06-24,EGTT,London FIR,235
2019-06-24,EHAA,Amsterdam FIR,48
2019-06-24,EISN,Shannon FIR,32
2019-06-24,EKDK,Copenhagen FIR,27
2019-06-24,ENOB,Bodo Oceanic FIR,0
2019-06-24,ENOR,Polaris FIR,26
2019-06-24,EPWW,Warszawa FIR,35
2019-06-24,ESAA,Sweden FIR,36
2019-06-24,EVRR,Riga FIR,3
2019-06-24,EYVL,Vilnius FIR,5
2019-06-24,GCCC,Canarias FIR,50
2019-06-24,GMMM,Casablanca FIR,0
2019-06-24,LAAA,Tirana FIR,1
2019-06-24,LBSR,Sofia FIR,20
2019-06-24,LDZO,Zagreb FIR,5
2019-06-24,LECB,Barcelona FIR,113
2019-06-24,LECM,Madrid FIR,66
2019-06-24,LFBB,Bordeaux FIR,8
2019-06-24,LFEE,Reims FIR,8
2019-06-24,LFFF,Paris FIR,53
2019-06-24,LFMM,Marseille FIR,17
2019-06-24,LFRR,Brest FIR,3
2019-06-24,LGGG,Athinai FIR,31
2019-06-24,LHCC,Budapest FIR,7
2019-06-24,LIBB,Brindisi FIR,2
2019-06-24,LIMM,Milano FIR,42
2019-06-24,LIRR,Roma FIR,39
2019-06-24,LJLA,Ljubljana FIR,2
2019-06-24,LKAA,Praha FIR,9
2019-06-24,LMMM,Malta FIR,5
2019-06-24,LOVV,Wien FIR,8
2019-06-24,LPPC,Lisboa FIR,60
2019-06-24,LPPO,Santa Maria FIR,0
2019-06-24,LQSB,Sarajevo FIR,0
2019-06-24,LRBB,Bucarest FIR,13
2019-06-24,LSAS,Switzerland FIR,20
2019-06-24,LUUU,Chisinau FIR,1
2019-06-24,LWSS,Skopje FIR,1
2019-06-24,LYBA,Beograd FIR,1
2019-06-24,LZBB,Bratislava  FIR,3
2019-06-24,UKBV,Kiev FIR,2
2019-06-24,UKDV,Dnipro FIR,0
2019-06-24,UKLV,Lvov FIR,0
2019-06-24,UKOV,Odessa FIR,0
2019-06-24,ULLL,Sankt-Peterburg FIR,1
2019-06-24,ULMM,Murmansk FIR,0
2019-06-24,UMKK,Kaliningrad FIR,0
2019-06-24,UMMV,Minsk FIR,0
2019-06-24,UNNT,Novosibirsk FIR,0
2019-06-24,URRV,Rostov-Na-Donu FIR,0
2019-06-24,USSV,Yekaterinburg FIR,1
2019-06-24,UUWV,Moscow FIR,14
2019-06-24,UWWW,Samara FIR,0
2019-06-25,BIRD,Reykjavik FIR,3
2019-06-25,EBBU,Brussels FIR,18
2019-06-25,EDGG,Langen FIR,56
2019-06-25,EDMM,Munchen FIR,28
2019-06-25,EDWW,Bremen FIR,30
2019-06-25,EETT,Tallinn FIR,5
2019-06-25,EFIN,Helsinki FIR,24
2019-06-25,EGPX,Scottish FIR,21
2019-06-25,EGTT,London FIR,135
2019-06-25,EHAA,Amsterdam FIR,23
2019-06-25,EISN,Shannon FIR,14
2019-06-25,EKDK,Copenhagen FIR,31
2019-06-25,ENOB,Bodo Oceanic FIR,0
2019-06-25,ENOR,Polaris FIR,27
2019-06-25,EPWW,Warszawa FIR,47
2019-06-25,ESAA,Sweden FIR,47
2019-06-25,EVRR,Riga FIR,12
2019-06-25,EYVL,Vilnius FIR,10
2019-06-25,GCCC,Canarias FIR,6
2019-06-25,GMMM,Casablanca FIR,0
2019-06-25,LAAA,Tirana FIR,2
2019-06-25,LBSR,Sofia FIR,11
2019-06-25,LDZO,Zagreb FIR,10
2019-06-25,LECB,Barcelona FIR,30
2019-06-25,LECM,Madrid FIR,24
2019-06-25,LFBB,Bordeaux FIR,1
2019-06-25,LFEE,Reims FIR,2
2019-06-25,LFFF,Paris FIR,28
2019-06-25,LFMM,Marseille FIR,15
2019-06-25,LFRR,Brest FIR,1
2019-06-25,LGGG,Athinai FIR,28
2019-06-25,LHCC,Budapest FIR,9
2019-06-25,LIBB,Brindisi FIR,0
2019-06-25,LIMM,Milano FIR,16
2019-06-25,LIRR,Roma FIR,13
2019-06-25,LJLA,Ljubljana FIR,1
2019-06-25,LKAA,Praha FIR,11
2019-06-25,LMMM,Malta FIR,5
2019-06-25,LOVV,Wien FIR,12
2019-06-25,LPPC,Lisboa FIR,8
2019-06-25,LPPO,Santa Maria FIR,0
2019-06-25,LQSB,Sarajevo FIR,0
2019-06-25,LRBB,Bucarest FIR,9
2019-06-25,LSAS,Switzerland FIR,13
2019-06-25,LUUU,Chisinau FIR,1
2019-06-25,LWSS,Skopje FIR,0
2019-06-25,LYBA,Beograd FIR,2
2019-06-25,LZBB,Bratislava  FIR,1
2019-06-25,UKBV,Kiev FIR,2
2019-06-25,UKDV,Dnipro FIR,0
2019-06-25,UKLV,Lvov FIR,0
2019-06-25,UKOV,Odessa FIR,0
2019-06-25,ULLL,Sankt-Peterburg FIR,2
2019-06-25,UMKK,Kaliningrad FIR,0
2019-06-25,UMMV,Minsk FIR,0
2019-06-25,UNKL,Krasnoyarsk FIR,0
2019-06-25,URRV,Rostov-Na-Donu FIR,0
2019-06-25,USSV,Yekaterinburg FIR,0
2019-06-25,UUWV,Moscow FIR,35
2019-06-25,UWWW,Samara FIR,0
2019-06-26,BIRD,Reykjavik FIR,0
2019-06-26,EBBU,Brussels FIR,9
2019-06-26,EDGG,Langen FIR,24
2019-06-26,EDMM,Munchen FIR,6
2019-06-26,EDWW,Bremen FIR,3
2019-06-26,EETT,Tallinn FIR,1
2019-06-26,EFIN,Helsinki FIR,1
2019-06-26,EGPX,Scottish FIR,3
2019-06-26,EGTT,London FIR,31
2019-06-26,EHAA,Amsterdam FIR,11
2019-06-26,EISN,Shannon FIR,2
2019-06-26,EKDK,Copenhagen FIR,3
2019-06-26,ENOB,Bodo Oceanic FIR,0
2019-06-26,ENOR,Polaris FIR,0
2019-06-26,EPWW,Warszawa FIR,3
2019-06-26,ESAA,Sweden FIR,3
2019-06-26,EVRR,Riga FIR,0
2019-06-26,EYVL,Vilnius FIR,0
2019-06-26,GCCC,Canarias FIR,0
2019-06-26,GMMM,Casablanca FIR,0
2019-06-26,LAAA,Tirana FIR,0
2019-06-26,LBSR,Sofia FIR,0
2019-06-26,LDZO,Zagreb FIR,0
2019-06-26,LECB,Barcelona FIR,5
2019-06-26,LECM,Madrid FIR,4
2019-06-26,LFBB,Bordeaux FIR,0
2019-06-26,LFEE,Reims FIR,0
2019-06-26,LFFF,Paris FIR,21
2019-06-26,LFMM,Marseille FIR,1
2019-06-26,LFRR,Brest FIR,0
2019-06-26,LGGG,Athinai FIR,4
2019-06-26,LHCC,Budapest FIR,2
2019-06-26,LIBB,Brindisi FIR,0
2019-06-26,LIMM,Milano FIR,7
2019-06-26,LIRR,Roma FIR,6
2019-06-26,LJLA,Ljubljana FIR,0
2019-06-26,LKAA,Praha FIR,2
2019-06-26,LMMM,Malta FIR,0
2019-06-26,LOVV,Wien FIR,3
2019-06-26,LPPC,Lisboa FIR,3
2019-06-26,LPPO,Santa Maria FIR,0
2019-06-26,LQSB,Sarajevo FIR,0
2019-06-26,LRBB,Bucarest FIR,2
2019-06-26,LSAS,Switzerland FIR,6
2019-06-26,LUUU,Chisinau FIR,0
2019-06-26,LWSS,Skopje FIR,0
2019-06-26,LYBA,Beograd FIR,0
2019-06-26,LZBB,Bratislava  FIR,0
2019-06-26,UKBV,Kiev FIR,0
2019-06-26,UKDV,Dnipro FIR,0
2019-06-26,UKLV,Lvov FIR,0
2019-06-26,UKOV,Odessa FIR,0
2019-06-26,ULLL,Sankt-Peterburg FIR,1
2019-06-26,UMKK,Kaliningrad FIR,0
2019-06-26,UMMV,Minsk FIR,0
2019-06-26,UNNT,Novosibirsk FIR,0
2019-06-26,URRV,Rostov-Na-Donu FIR,0
2019-06-26,USSV,Yekaterinburg FIR,0
2019-06-26,UUWV,Moscow FIR,17
2019-06-26,UWWW,Samara FIR,0
2019-06-27,BIRD,Reykjavik FIR,0
2019-06-27,EBBU,Brussels FIR,4
2019-06-27,EDGG,Langen FIR,24
2019-06-27,EDMM,Munchen FIR,5
2019-06-27,EDWW,Bremen FIR,0
2019-06-27,EETT,Tallinn FIR,0
2019-06-27,EFIN,Helsinki FIR,0
2019-06-27,EGPX,Scottish FIR,0
2019-06-27,EGTT,London FIR,45
2019-06-27,EHAA,Amsterdam FIR,11
2019-06-27,EISN,Shannon FIR,0
2019-06-27,EKDK,Copenhagen FIR,6
2019-06-27,ENOB,Bodo Oceanic FIR,0
2019-06-27,ENOR,Polaris FIR,1
2019-06-27,EPWW,Warszawa FIR,2
2019-06-27,ESAA,Sweden FIR,0
2019-06-27,EVRR,Riga FIR,0
2019-06-27,EYVL,Vilnius FIR,0
2019-06-27,GCCC,Canarias FIR,0
2019-06-27,GMMM,Casablanca FIR,0
2019-06-27,LAAA,Tirana FIR,0
2019-06-27,LBSR,Sofia FIR,0
2019-06-27,LDZO,Zagreb FIR,0
2019-06-27,LECB,Barcelona FIR,7
2019-06-27,LECM,Madrid FIR,14
2019-06-27,LFBB,Bordeaux FIR,1
2019-06-27,LFEE,Reims FIR,0
2019-06-27,LFFF,Paris FIR,17
2019-06-27,LFMM,Marseille FIR,0
2019-06-27,LFRR,Brest FIR,0
2019-06-27,LGGG,Athinai FIR,3
2019-06-27,LHCC,Budapest FIR,0
2019-06-27,LIBB,Brindisi FIR,1
2019-06-27,LIMM,Milano FIR,2
2019-06-27,LIRR,Roma FIR,8
2019-06-27,LJLA,Ljubljana FIR,0
2019-06-27,LKAA,Praha FIR,3
2019-06-27,LMMM,Malta FIR,0
2019-06-27,LOVV,Wien FIR,3
2019-06-27,LPPC,Lisboa FIR,16
2019-06-27,LPPO,Santa Maria FIR,0
2019-06-27,LQSB,Sarajevo FIR,0
2019-06-27,LRBB,Bucarest FIR,0
2019-06-27,LSAS,Switzerland FIR,6
2019-06-27,LUUU,Chisinau FIR,0
2019-06-27,LWSS,Skopje FIR,0
2019-06-27,LYBA,Beograd FIR,0
2019-06-27,LZBB,Bratislava  FIR,0
2019-06-27,UKBV,Kiev FIR,1
2019-06-27,UKDV,Dnipro FIR,0
2019-06-27,UKLV,Lvov FIR,0
2019-06-27,UKOV,Odessa FIR,0
2019-06-27,ULLL,Sankt-Peterburg FIR,0
2019-06-27,UMMV,Minsk FIR,0
2019-06-27,UNNT,Novosibirsk FIR,1
2019-06-27,URRV,Rostov-Na-Donu FIR,0
2019-06-27,USSV,Yekaterinburg FIR,1
2019-06-27,UUWV,Moscow FIR,1
2019-06-27,UWWW,Samara FIR,0
2019-06-28,BIRD,Reykjavik FIR,4
2019-06-28,EBBU,Brussels FIR,4
2019-06-28,EDGG,Langen FIR,19
2019-06-28,EDMM,Munchen FIR,6
2019-06-28,EDWW,Bremen FIR,0
2019-06-28,EETT,Tallinn FIR,0
2019-06-28,EFIN,Helsinki FIR,0
2019-06-28,EGPX,Scottish FIR,0
2019-06-28,EGTT,London FIR,34
2019-06-28,EHAA,Amsterdam FIR,13
2019-06-28,EISN,Shannon FIR,2
2019-06-28,EKDK,Copenhagen FIR,6
2019-06-28,ENOB,Bodo Oceanic FIR,0
2019-06-28,ENOR,Polaris FIR,2
2019-06-28,EPWW,Warszawa FIR,1
2019-06-28,ESAA,Sweden FIR,1
2019-06-28,EVRR,Riga FIR,0
2019-06-28,EYVL,Vilnius FIR,0
2019-06-28,GCCC,Canarias FIR,0
2019-06-28,GMMM,Casablanca FIR,0
2019-06-28,LAAA,Tirana FIR,0
2019-06-28,LBSR,Sofia FIR,0
2019-06-28,LDZO,Zagreb FIR,0
2019-06-28,LECB,Barcelona FIR,8
2019-06-28,LECM,Madrid FIR,17
2019-06-28,LFBB,Bordeaux FIR,0
2019-06-28,LFEE,Reims FIR,0
2019-06-28,LFFF,Paris FIR,14
2019-06-28,LFMM,Marseille FIR,1
2019-06-28,LFRR,Brest FIR,0
2019-06-28,LGGG,Athinai FIR,3
2019-06-28,LHCC,Budapest FIR,1
2019-06-28,LIBB,Brindisi FIR,0
2019-06-28,LIMM,Milano FIR,3
2019-06-28,LIRR,Roma FIR,7
2019-06-28,LJLA,Ljubljana FIR,0
2019-06-28,LKAA,Praha FIR,0
2019-06-28,LMMM,Malta FIR,0
2019-06-28,LOVV,Wien FIR,2
2019-06-28,LPPC,Lisboa FIR,3
2019-06-28,LPPO,Santa Maria FIR,0
2019-06-28,LQSB,Sarajevo FIR,0
2019-06-28,LRBB,Bucarest FIR,0
2019-06-28,LSAS,Switzerland FIR,3
2019-06-28,LUUU,Chisinau FIR,0
2019-06-28,LWSS,Skopje FIR,0
2019-06-28,LYBA,Beograd FIR,0
2019-06-28,LZBB,Bratislava  FIR,0
2019-06-28,UKBV,Kiev FIR,0
2019-06-28,UKDV,Dnipro FIR,0
2019-06-28,UKLV,Lvov FIR,0
2019-06-28,UKOV,Odessa FIR,0
2019-06-28,ULLL,Sankt-Peterburg FIR,0
2019-06-28,UMKK,Kaliningrad FIR,0
2019-06-28,UMMV,Minsk FIR,0
2019-06-28,UNKL,Krasnoyarsk FIR,0
2019-06-28,UNNT,Novosibirsk FIR,1
2019-06-28,URRV,Rostov-Na-Donu FIR,0
2019-06-28,USSV,Yekaterinburg FIR,0
2019-06-28,UUWV,Moscow FIR,0
2019-06-28,UWWW,Samara FIR,0
2019-06-29,BIRD,Reykjavik FIR,6
2019-06-29,EBBU,Brussels FIR,5
2019-06-29,EDGG,Langen FIR,29
2019-06-29,EDMM,Munchen FIR,7
2019-06-29,EDWW,Bremen FIR,0
2019-06-29,EETT,Tallinn FIR,0
2019-06-29,EFIN,Helsinki FIR,3
2019-06-29,EGPX,Scottish FIR,1
2019-06-29,EGTT,London FIR,28
2019-06-29,EHAA,Amsterdam FIR,17
2019-06-29,EISN,Shannon FIR,3
2019-06-29,EKDK,Copenhagen FIR,1
2019-06-29,ENOB,Bodo Oceanic FIR,0
2019-06-29,ENOR,Polaris FIR,0
2019-06-29,EPWW,Warszawa FIR,1
2019-06-29,ESAA,Sweden FIR,3
2019-06-29,EVRR,Riga FIR,0
2019-06-29,EYVL,Vilnius FIR,0
2019-06-29,GCCC,Canarias FIR,0
2019-06-29,GMMM,Casablanca FIR,0
2019-06-29,LAAA,Tirana FIR,0
2019-06-29,LBSR,Sofia FIR,1
2019-06-29,LDZO,Zagreb FIR,0
2019-06-29,LECB,Barcelona FIR,3
2019-06-29,LECM,Madrid FIR,10
2019-06-29,LFBB,Bordeaux FIR,0
2019-06-29,LFEE,Reims FIR,0
2019-06-29,LFFF,Paris FIR,18
2019-06-29,LFMM,Marseille FIR,1
2019-06-29,LFRR,Brest FIR,0
2019-06-29,LGGG,Athinai FIR,2
2019-06-29,LHCC,Budapest FIR,1
2019-06-29,LIBB,Brindisi FIR,0
2019-06-29,LIMM,Milano FIR,3
2019-06-29,LIRR,Roma FIR,4
2019-06-29,LJLA,Ljubljana FIR,0
2019-06-29,LKAA,Praha FIR,1
2019-06-29,LMMM,Malta FIR,0
2019-06-29,LOVV,Wien FIR,4
2019-06-29,LPPC,Lisboa FIR,0
2019-06-29,LPPO,Santa Maria FIR,0
2019-06-29,LQSB,Sarajevo FIR,0
2019-06-29,LRBB,Bucarest FIR,0
2019-06-29,LSAS,Switzerland FIR,1
2019-06-29,LUUU,Chisinau FIR,0
2019-06-29,LWSS,Skopje FIR,0
2019-06-29,LYBA,Beograd FIR,0
2019-06-29,LZBB,Bratislava  FIR,0
2019-06-29,UKBV,Kiev FIR,0
2019-06-29,UKDV,Dnipro FIR,0
2019-06-29,UKLV,Lvov FIR,0
2019-06-29,UKOV,Odessa FIR,0
2019-06-29,ULLL,Sankt-Peterburg FIR,0
2019-06-29,ULMM,Murmansk FIR,0
2019-06-29,UMKK,Kaliningrad FIR,0
2019-06-29,UMMV,Minsk FIR,0
2019-06-29,UNNT,Novosibirsk FIR,0
2019-06-29,URRV,Rostov-Na-Donu FIR,0
2019-06-29,USSV,Yekaterinburg FIR,1
2019-06-29,UUWV,Moscow FIR,2
2019-06-29,UWWW,Samara FIR,0
2019-06-30,BIRD,Reykjavik FIR,0
2019-06-30,EBBU,Brussels FIR,7
2019-06-30,EDGG,Langen FIR,26
2019-06-30,EDMM,Munchen FIR,7
2019-06-30,EDWW,Bremen FIR,2
2019-06-30,EETT,Tallinn FIR,0
2019-06-30,EFIN,Helsinki FIR,1
2019-06-30,EGPX,Scottish FIR,3
2019-06-30,EGTT,London FIR,51
2019-06-30,EHAA,Amsterdam FIR,18
2019-06-30,EISN,Shannon FIR,10
2019-06-30,EKDK,Copenhagen FIR,1
2019-06-30,ENOB,Bodo Oceanic FIR,0
2019-06-30,ENOR,Polaris FIR,0
2019-06-30,EPWW,Warszawa FIR,0
2019-06-30,ESAA,Sweden FIR,1
2019-06-30,EVRR,Riga FIR,0
2019-06-30,EYVL,Vilnius FIR,0
2019-06-30,GCCC,Canarias FIR,0
2019-06-30,GMMM,Casablanca FIR,0
2019-06-30,LAAA,Tirana FIR,0
2019-06-30,LBSR,Sofia FIR,0
2019-06-30,LDZO,Zagreb FIR,1
2019-06-30,LECB,Barcelona FIR,3
2019-06-30,LECM,Madrid FIR,22
2019-06-30,LFBB,Bordeaux FIR,0
2019-06-30,LFEE,Reims FIR,0
2019-06-30,LFFF,Paris FIR,22
2019-06-30,LFMM,Marseille FIR,1
2019-06-30,LFRR,Brest FIR,0
2019-06-30,LGGG,Athinai FIR,9
2019-06-30,LHCC,Budapest FIR,2
2019-06-30,LIBB,Brindisi FIR,0
2019-06-30,LIMM,Milano FIR,7
2019-06-30,LIRR,Roma FIR,10
2019-06-30,LJLA,Ljubljana FIR,0
2019-06-30,LKAA,Praha FIR,1
2019-06-30,LMMM,Malta FIR,0
2019-06-30,LOVV,Wien FIR,3
2019-06-30,LPPC,Lisboa FIR,3
2019-06-30,LPPO,Santa Maria FIR,0
2019-06-30,LQSB,Sarajevo FIR,0
2019-06-30,LRBB,Bucarest FIR,0
2019-06-30,LSAS,Switzerland FIR,10
2019-06-30,LUUU,Chisinau FIR,0
2019-06-30,LWSS,Skopje FIR,0
2019-06-30,LYBA,Beograd FIR,0
2019-06-30,LZBB,Bratislava  FIR,0
2019-06-30,UKBV,Kiev FIR,0
2019-06-30,UKDV,Dnipro FIR,0
2019-06-30,UKLV,Lvov FIR,0
2019-06-30,UKOV,Odessa FIR,0
2019-06-30,ULLL,Sankt-Peterburg FIR,0
2019-06-30,UMMV,Minsk FIR,0
2019-06-30,UNNT,Novosibirsk FIR,0
2019-06-30,URRV,Rostov-Na-Donu FIR,0
2019-06-30,USSV,Yekaterinburg FIR,0
2019-06-30,USTV,Tyumen FIR,0
2019-06-30,UUWV,Moscow FIR,0
2019-06-30,UWWW,Samara FIR,0
2019-07-01,BIRD,Reykjavik FIR,1
2019-07-01,EBBU,Brussels FIR,5
2019-07-01,EDGG,Langen FIR,34
2019-07-01,EDMM,Munchen FIR,8
2019-07-01,EDWW,Bremen FIR,6
2019-07-01,EETT,Tallinn FIR,0
2019-07-01,EFIN,Helsinki FIR,5
2019-07-01,EGPX,Scottish FIR,7
2019-07-01,EGTT,London FIR,48
2019-07-01,EHAA,Amsterdam FIR,19
2019-07-01,EISN,Shannon FIR,10
2019-07-01,EKDK,Copenhagen FIR,6
2019-07-01,ENOB,Bodo Oceanic FIR,0
2019-07-01,ENOR,Polaris FIR,2
2019-07-01,EPWW,Warszawa FIR,10
2019-07-01,ESAA,Sweden FIR,1
2019-07-01,EVRR,Riga FIR,0
2019-07-01,EYVL,Vilnius FIR,0
2019-07-01,GCCC,Canarias FIR,2
2019-07-01,GMMM,Casablanca FIR,0
2019-07-01,LAAA,Tirana FIR,0
2019-07-01,LBSR,Sofia FIR,3
2019-07-01,LDZO,Zagreb FIR,2
2019-07-01,LECB,Barcelona FIR,6
2019-07-01,LECM,Madrid FIR,11
2019-07-01,LFBB,Bordeaux FIR,0
2019-07-01,LFEE,Reims FIR,0
2019-07-01,LFFF,Paris FIR,11
2019-07-01,LFMM,Marseille FIR,2
2019-07-01,LFRR,Brest FIR,0
2019-07-01,LGGG,Athinai FIR,8
2019-07-01,LHCC,Budapest FIR,2
2019-07-01,LIBB,Brindisi FIR,0
2019-07-01,LIMM,Milano FIR,12
2019-07-01,LIRR,Roma FIR,13
2019-07-01,LJLA,Ljubljana FIR,0
2019-07-01,LKAA,Praha FIR,2
2019-07-01,LMMM,Malta FIR,0
2019-07-01,LOVV,Wien FIR,5
2019-07-01,LPPC,Lisboa FIR,5
2019-07-01,LPPO,Santa Maria FIR,0
2019-07-01,LQSB,Sarajevo FIR,0
2019-07-01,LRBB,Bucarest FIR,7
2019-07-01,LSAS,Switzerland FIR,6
2019-07-01,LUUU,Chisinau FIR,0
2019-07-01,LWSS,Skopje FIR,0
2019-07-01,LYBA,Beograd FIR,1
2019-07-01,LZBB,Bratislava  FIR,0
2019-07-01,UKBV,Kiev FIR,3
2019-07-01,UKDV,Dnipro FIR,1
2019-07-01,UKLV,Lvov FIR,0
2019-07-01,UKOV,Odessa FIR,0
2019-07-01,ULLL,Sankt-Peterburg FIR,0
2019-07-01,UMMV,Minsk FIR,0
2019-07-01,UNNT,Novosibirsk FIR,0
2019-07-01,URRV,Rostov-Na-Donu FIR,0
2019-07-01,USSV,Yekaterinburg FIR,0
2019-07-01,UUWV,Moscow FIR,9
2019-07-01,UWWW,Samara FIR,0
2019-07-02,BIRD,Reykjavik FIR,2
2019-07-02,EBBU,Brussels FIR,6
2019-07-02,EDGG,Langen FIR,14
2019-07-02,EDMM,Munchen FIR,8
2019-07-02,EDWW,Bremen FIR,0
2019-07-02,EETT,Tallinn FIR,0
2019-07-02,EFIN,Helsinki FIR,2
2019-07-02,EGPX,Scottish FIR,1
2019-07-02,EGTT,London FIR,65
2019-07-02,EHAA,Amsterdam FIR,11
2019-07-02,EISN,Shannon FIR,5
2019-07-02,EKDK,Copenhagen FIR,0
2019-07-02,ENOB,Bodo Oceanic FIR,0
2019-07-02,ENOR,Polaris FIR,0
2019-07-02,EPWW,Warszawa FIR,0
2019-07-02,ESAA,Sweden FIR,0
2019-07-02,EVRR,Riga FIR,0
2019-07-02,EYVL,Vilnius FIR,0
2019-07-02,GCCC,Canarias FIR,1
2019-07-02,GMMM,Casablanca FIR,0
2019-07-02,LAAA,Tirana FIR,0
2019-07-02,LBSR,Sofia FIR,0
2019-07-02,LDZO,Zagreb FIR,1
2019-07-02,LECB,Barcelona FIR,7
2019-07-02,LECM,Madrid FIR,23
2019-07-02,LFBB,Bordeaux FIR,1
2019-07-02,LFEE,Reims FIR,0
2019-07-02,LFFF,Paris FIR,32
2019-07-02,LFMM,Marseille FIR,5
2019-07-02,LFRR,Brest FIR,1
2019-07-02,LGGG,Athinai FIR,4
2019-07-02,LHCC,Budapest FIR,1
2019-07-02,LIBB,Brindisi FIR,0
2019-07-02,LIMM,Milano FIR,7
2019-07-02,LIRR,Roma FIR,10
2019-07-02,LJLA,Ljubljana FIR,0
2019-07-02,LKAA,Praha FIR,0
2019-07-02,LMMM,Malta FIR,0
2019-07-02,LOVV,Wien FIR,1
2019-07-02,LPPC,Lisboa FIR,7
2019-07-02,LPPO,Santa Maria FIR,0
2019-07-02,LQSB,Sarajevo FIR,0
2019-07-02,LRBB,Bucarest FIR,0
2019-07-02,LSAS,Switzerland FIR,9
2019-07-02,LUUU,Chisinau FIR,0
2019-07-02,LWSS,Skopje FIR,0
2019-07-02,LYBA,Beograd FIR,0
2019-07-02,LZBB,Bratislava  FIR,0
2019-07-02,UKBV,Kiev FIR,0
2019-07-02,UKDV,Dnipro FIR,0
2019-07-02,UKLV,Lvov FIR,0
2019-07-02,UKOV,Odessa FIR,0
2019-07-02,ULLL,Sankt-Peterburg FIR,0
2019-07-02,UMMV,Minsk FIR,0
2019-07-02,UNNT,Novosibirsk FIR,0
2019-07-02,USSV,Yekaterinburg FIR,0
2019-07-02,UUWV,Moscow FIR,1
2019-07-02,UWWW,Samara FIR,1
2019-07-03,BIRD,Reykjavik FIR,2
2019-07-03,EBBU,Brussels FIR,11
2019-07-03,EDGG,Langen FIR,32
2019-07-03,EDMM,Munchen FIR,10
2019-07-03,EDWW,Bremen FIR,1
2019-07-03,EETT,Tallinn FIR,0
2019-07-03,EFIN,Helsinki FIR,1
2019-07-03,EGPX,Scottish FIR,5
2019-07-03,EGTT,London FIR,84
2019-07-03,EHAA,Amsterdam FIR,23
2019-07-03,EISN,Shannon FIR,19
2019-07-03,EKDK,Copenhagen FIR,1
2019-07-03,ENOB,Bodo Oceanic FIR,0
2019-07-03,ENOR,Polaris FIR,0
2019-07-03,EPWW,Warszawa FIR,3
2019-07-03,ESAA,Sweden FIR,0
2019-07-03,EVRR,Riga FIR,0
2019-07-03,EYVL,Vilnius FIR,0
2019-07-03,GCCC,Canarias FIR,7
2019-07-03,GMMM,Casablanca FIR,0
2019-07-03,LAAA,Tirana FIR,0
2019-07-03,LBSR,Sofia FIR,0
2019-07-03,LDZO,Zagreb FIR,2
2019-07-03,LECB,Barcelona FIR,1
2019-07-03,LECM,Madrid FIR,23
2019-07-03,LFBB,Bordeaux FIR,0
2019-07-03,LFEE,Reims FIR,0
2019-07-03,LFFF,Paris FIR,20
2019-07-03,LFMM,Marseille FIR,2
2019-07-03,LFRR,Brest FIR,0
2019-07-03,LGGG,Athinai FIR,2
2019-07-03,LHCC,Budapest FIR,2
2019-07-03,LIBB,Brindisi FIR,0
2019-07-03,LIMM,Milano FIR,4
2019-07-03,LIRR,Roma FIR,4
2019-07-03,LJLA,Ljubljana FIR,0
2019-07-03,LKAA,Praha FIR,0
2019-07-03,LMMM,Malta FIR,1
2019-07-03,LOVV,Wien FIR,4
2019-07-03,LPPC,Lisboa FIR,13
2019-07-03,LPPO,Santa Maria FIR,0
2019-07-03,LQSB,Sarajevo FIR,0
2019-07-03,LRBB,Bucarest FIR,2
2019-07-03,LSAS,Switzerland FIR,4
2019-07-03,LUUU,Chisinau FIR,0
2019-07-03,LWSS,Skopje FIR,0
2019-07-03,LYBA,Beograd FIR,0
2019-07-03,LZBB,Bratislava  FIR,0
2019-07-03,UKBV,Kiev FIR,0
2019-07-03,UKDV,Dnipro FIR,0
2019-07-03,UKLV,Lvov FIR,0
2019-07-03,UKOV,Odessa FIR,0
2019-07-03,ULLL,Sankt-Peterburg FIR,0
2019-07-03,UMMV,Minsk FIR,0
2019-07-03,UNNT,Novosibirsk FIR,0
2019-07-03,URRV,Rostov-Na-Donu FIR,0
2019-07-03,USSV,Yekaterinburg FIR,0
2019-07-03,UUWV,Moscow FIR,1
2019-07-03,UWWW,Samara FIR,0
2019-07-04,BIRD,Reykjavik FIR,5
2019-07-04,EBBU,Brussels FIR,10
2019-07-04,EDGG,Langen FIR,15
2019-07-04,EDMM,Munchen FIR,6
2019-07-04,EDWW,Bremen FIR,6
2019-07-04,EETT,Tallinn FIR,0
2019-07-04,EFIN,Helsinki FIR,6
2019-07-04,EGPX,Scottish FIR,3
2019-07-04,EGTT,London FIR,76
2019-07-04,EHAA,Amsterdam FIR,12
2019-07-04,EISN,Shannon FIR,6
2019-07-04,EKDK,Copenhagen FIR,8
2019-07-04,ENOB,Bodo Oceanic FIR,0
2019-07-04,ENOR,Polaris FIR,5
2019-07-04,EPWW,Warszawa FIR,15
2019-07-04,ESAA,Sweden FIR,3
2019-07-04,EVRR,Riga FIR,0
2019-07-04,EYVL,Vilnius FIR,1
2019-07-04,GCCC,Canarias FIR,0
2019-07-04,GMMM,Casablanca FIR,0
2019-07-04,LAAA,Tirana FIR,0
2019-07-04,LBSR,Sofia FIR,2
2019-07-04,LDZO,Zagreb FIR,1
2019-07-04,LECB,Barcelona FIR,4
2019-07-04,LECM,Madrid FIR,15
2019-07-04,LFBB,Bordeaux FIR,0
2019-07-04,LFEE,Reims FIR,0
2019-07-04,LFFF,Paris FIR,22
2019-07-04,LFMM,Marseille FIR,0
2019-07-04,LFRR,Brest FIR,0
2019-07-04,LGGG,Athinai FIR,6
2019-07-04,LHCC,Budapest FIR,2
2019-07-04,LIBB,Brindisi FIR,0
2019-07-04,LIMM,Milano FIR,4
2019-07-04,LIRR,Roma FIR,1
2019-07-04,LJLA,Ljubljana FIR,0
2019-07-04,LKAA,Praha FIR,2
2019-07-04,LMMM,Malta FIR,0
2019-07-04,LOVV,Wien FIR,2
2019-07-04,LPPC,Lisboa FIR,3
2019-07-04,LPPO,Santa Maria FIR,0
2019-07-04,LQSB,Sarajevo FIR,0
2019-07-04,LRBB,Bucarest FIR,6
2019-07-04,LSAS,Switzerland FIR,4
2019-07-04,LUUU,Chisinau FIR,1
2019-07-04,LWSS,Skopje FIR,0
2019-07-04,LYBA,Beograd FIR,0
2019-07-04,LZBB,Bratislava  FIR,0
2019-07-04,UKBV,Kiev FIR,1
2019-07-04,UKDV,Dnipro FIR,0
2019-07-04,UKLV,Lvov FIR,0
2019-07-04,UKOV,Odessa FIR,0
2019-07-04,ULLL,Sankt-Peterburg FIR,0
2019-07-04,UMKK,Kaliningrad FIR,0
2019-07-04,UMMV,Minsk FIR,0
2019-07-04,UNNT,Novosibirsk FIR,1
2019-07-04,URRV,Rostov-Na-Donu FIR,0
2019-07-04,USSV,Yekaterinburg FIR,0
2019-07-04,UUWV,Moscow FIR,6
2019-07-04,UWWW,Samara FIR,0
2019-07-05,BIRD,Reykjavik FIR,3
2019-07-05,EBBU,Brussels FIR,8
2019-07-05,EDGG,Langen FIR,20
2019-07-05,EDMM,Munchen FIR,9
2019-07-05,EDWW,Bremen FIR,1
2019-07-05,EETT,Tallinn FIR,0
2019-07-05,EFIN,Helsinki FIR,1
2019-07-05,EGPX,Scottish FIR,5
2019-07-05,EGTT,London FIR,55
2019-07-05,EHAA,Amsterdam FIR,23
2019-07-05,EISN,Shannon FIR,16
2019-07-05,EKDK,Copenhagen FIR,0
2019-07-05,ENOB,Bodo Oceanic FIR,0
2019-07-05,ENOR,Polaris FIR,2
2019-07-05,EPWW,Warszawa FIR,1
2019-07-05,ESAA,Sweden FIR,0
2019-07-05,EVRR,Riga FIR,0
2019-07-05,EYVL,Vilnius FIR,0
2019-07-05,GCCC,Canarias FIR,0
2019-07-05,GMMM,Casablanca FIR,0
2019-07-05,LAAA,Tirana FIR,0
2019-07-05,LBSR,Sofia FIR,0
2019-07-05,LDZO,Zagreb FIR,0
2019-07-05,LECB,Barcelona FIR,8
2019-07-05,LECM,Madrid FIR,20
2019-07-05,LFBB,Bordeaux FIR,0
2019-07-05,LFEE,Reims FIR,0
2019-07-05,LFFF,Paris FIR,22
2019-07-05,LFMM,Marseille FIR,1
2019-07-05,LFRR,Brest FIR,0
2019-07-05,LGGG,Athinai FIR,2
2019-07-05,LHCC,Budapest FIR,0
2019-07-05,LIBB,Brindisi FIR,0
2019-07-05,LIMM,Milano FIR,6
2019-07-05,LIRR,Roma FIR,10
2019-07-05,LJLA,Ljubljana FIR,0
2019-07-05,LKAA,Praha FIR,2
2019-07-05,LMMM,Malta FIR,0
2019-07-05,LOVV,Wien FIR,2
2019-07-05,LPPC,Lisboa FIR,11
2019-07-05,LPPO,Santa Maria FIR,0
2019-07-05,LQSB,Sarajevo FIR,0
2019-07-05,LRBB,Bucarest FIR,0
2019-07-05,LSAS,Switzerland FIR,3
2019-07-05,LUUU,Chisinau FIR,0
2019-07-05,LWSS,Skopje FIR,0
2019-07-05,LYBA,Beograd FIR,0
2019-07-05,LZBB,Bratislava  FIR,0
2019-07-05,UKBV,Kiev FIR,0
2019-07-05,UKDV,Dnipro FIR,0
2019-07-05,UKLV,Lvov FIR,0
2019-07-05,UKOV,Odessa FIR,0
2019-07-05,ULLL,Sankt-Peterburg FIR,0
2019-07-05,ULMM,Murmansk FIR,0
2019-07-05,UMMV,Minsk FIR,0
2019-07-05,UNNT,Novosibirsk FIR,0
2019-07-05,URRV,Rostov-Na-Donu FIR,0
2019-07-05,USSV,Yekaterinburg FIR,0
2019-07-05,UUWV,Moscow FIR,6
2019-07-05,UWWW,Samara FIR,0
2019-07-06,BIRD,Reykjavik FIR,2
2019-07-06,EBBU,Brussels FIR,6
2019-07-06,EDGG,Langen FIR,14
2019-07-06,EDMM,Munchen FIR,10
2019-07-06,EDWW,Bremen FIR,0
2019-07-06,EETT,Tallinn FIR,0
2019-07-06,EFIN,Helsinki FIR,1
2019-07-06,EGPX,Scottish FIR,2
2019-07-06,EGTT,London FIR,69
2019-07-06,EHAA,Amsterdam FIR,8
2019-07-06,EISN,Shannon FIR,13
2019-07-06,EKDK,Copenhagen FIR,0
2019-07-06,ENOB,Bodo Oceanic FIR,0
2019-07-06,ENOR,Polaris FIR,0
2019-07-06,EPWW,Warszawa FIR,1
2019-07-06,ESAA,Sweden FIR,2
2019-07-06,EVRR,Riga FIR,0
2019-07-06,EYVL,Vilnius FIR,0
2019-07-06,GCCC,Canarias FIR,4
2019-07-06,GMMM,Casablanca FIR,0
2019-07-06,LAAA,Tirana FIR,0
2019-07-06,LBSR,Sofia FIR,0
2019-07-06,LDZO,Zagreb FIR,1
2019-07-06,LECB,Barcelona FIR,7
2019-07-06,LECM,Madrid FIR,11
2019-07-06,LFBB,Bordeaux FIR,0
2019-07-06,LFEE,Reims FIR,0
2019-07-06,LFFF,Paris FIR,23
2019-07-06,LFMM,Marseille FIR,1
2019-07-06,LFRR,Brest FIR,0
2019-07-06,LGGG,Athinai FIR,0
2019-07-06,LHCC,Budapest FIR,0
2019-07-06,LIBB,Brindisi FIR,0
2019-07-06,LIMM,Milano FIR,5
2019-07-06,LIRR,Roma FIR,5
2019-07-06,LJLA,Ljubljana FIR,0
2019-07-06,LKAA,Praha FIR,2
2019-07-06,LMMM,Malta FIR,0
2019-07-06,LOVV,Wien FIR,1
2019-07-06,LPPC,Lisboa FIR,6
2019-07-06,LPPO,Santa Maria FIR,0
2019-07-06,LQSB,Sarajevo FIR,0
2019-07-06,LRBB,Bucarest FIR,0
2019-07-06,LSAS,Switzerland FIR,4
2019-07-06,LUUU,Chisinau FIR,0
2019-07-06,LWSS,Skopje FIR,0
2019-07-06,LYBA,Beograd FIR,0
2019-07-06,LZBB,Bratislava  FIR,0
2019-07-06,UKBV,Kiev FIR,0
2019-07-06,UKDV,Dnipro FIR,0
2019-07-06,UKLV,Lvov FIR,0
2019-07-06,UKOV,Odessa FIR,0
2019-07-06,ULLL,Sankt-Peterburg FIR,0
2019-07-06,ULMM,Murmansk FIR,0
2019-07-06,UMKK,Kaliningrad FIR,0
2019-07-06,UMMV,Minsk FIR,0
2019-07-06,UNNT,Novosibirsk FIR,0
2019-07-06,URRV,Rostov-Na-Donu FIR,0
2019-07-06,USSV,Yekaterinburg FIR,0
2019-07-06,UUWV,Moscow FIR,0
2019-07-06,UWWW,Samara FIR,0
2019-07-07,BIRD,Reykjavik FIR,2
2019-07-07,EBBU,Brussels FIR,10
2019-07-07,EDGG,Langen FIR,39
2019-07-07,EDMM,Munchen FIR,13
2019-07-07,EDWW,Bremen FIR,6
2019-07-07,EETT,Tallinn FIR,2
2019-07-07,EFIN,Helsinki FIR,4
2019-07-07,EGPX,Scottish FIR,17
2019-07-07,EGTT,London FIR,125
2019-07-07,EHAA,Amsterdam FIR,20
2019-07-07,EISN,Shannon FIR,34
2019-07-07,EKDK,Copenhagen FIR,7
2019-07-07,ENOB,Bodo Oceanic FIR,0
2019-07-07,ENOR,Polaris FIR,1
2019-07-07,EPWW,Warszawa FIR,8
2019-07-07,ESAA,Sweden FIR,4
2019-07-07,EVRR,Riga FIR,1
2019-07-07,EYVL,Vilnius FIR,2
2019-07-07,GCCC,Canarias FIR,12
2019-07-07,GMMM,Casablanca FIR,0
2019-07-07,LAAA,Tirana FIR,0
2019-07-07,LBSR,Sofia FIR,2
2019-07-07,LDZO,Zagreb FIR,2
2019-07-07,LECB,Barcelona FIR,16
2019-07-07,LECM,Madrid FIR,18
2019-07-07,LFBB,Bordeaux FIR,0
2019-07-07,LFEE,Reims FIR,0
2019-07-07,LFFF,Paris FIR,35
2019-07-07,LFMM,Marseille FIR,2
2019-07-07,LFRR,Brest FIR,0
2019-07-07,LGGG,Athinai FIR,5
2019-07-07,LHCC,Budapest FIR,1
2019-07-07,LIBB,Brindisi FIR,0
2019-07-07,LIMM,Milano FIR,12
2019-07-07,LIRR,Roma FIR,25
2019-07-07,LJLA,Ljubljana FIR,0
2019-07-07,LKAA,Praha FIR,1
2019-07-07,LMMM,Malta FIR,0
2019-07-07,LOVV,Wien FIR,3
2019-07-07,LPPC,Lisboa FIR,10
2019-07-07,LPPO,Santa Maria FIR,0
2019-07-07,LQSB,Sarajevo FIR,0
2019-07-07,LRBB,Bucarest FIR,4
2019-07-07,LSAS,Switzerland FIR,14
2019-07-07,LUUU,Chisinau FIR,0
2019-07-07,LWSS,Skopje FIR,0
2019-07-07,LYBA,Beograd FIR,1
2019-07-07,LZBB,Bratislava  FIR,0
2019-07-07,UKBV,Kiev FIR,1
2019-07-07,UKDV,Dnipro FIR,0
2019-07-07,UKLV,Lvov FIR,0
2019-07-07,UKOV,Odessa FIR,0
2019-07-07,ULLL,Sankt-Peterburg FIR,0
2019-07-07,UMMV,Minsk FIR,0
2019-07-07,UNNT,Novosibirsk FIR,0
2019-07-07,URRV,Rostov-Na-Donu FIR,0
2019-07-07,USSV,Yekaterinburg FIR,0
2019-07-07,UUWV,Moscow FIR,1
2019-07-07,UWWW,Samara FIR,0
2019-07-08,BIRD,Reykjavik FIR,3
2019-07-08,EBBU,Brussels FIR,10
2019-07-08,EDGG,Langen FIR,51
2019-07-08,EDMM,Munchen FIR,21
2019-07-08,EDWW,Bremen FIR,2
2019-07-08,EETT,Tallinn FIR,0
2019-07-08,EFIN,Helsinki FIR,3
2019-07-08,EGPX,Scottish FIR,18
2019-07-08,EGTT,London FIR,100
2019-07-08,EHAA,Amsterdam FIR,27
2019-07-08,EISN,Shannon FIR,8
2019-07-08,EKDK,Copenhagen FIR,3
2019-07-08,ENOB,Bodo Oceanic FIR,0
2019-07-08,ENOR,Polaris FIR,2
2019-07-08,EPWW,Warszawa FIR,2
2019-07-08,ESAA,Sweden FIR,3
2019-07-08,EVRR,Riga FIR,0
2019-07-08,EYVL,Vilnius FIR,0
2019-07-08,GCCC,Canarias FIR,9
2019-07-08,GMMM,Casablanca FIR,0
2019-07-08,LAAA,Tirana FIR,0
2019-07-08,LBSR,Sofia FIR,2
2019-07-08,LDZO,Zagreb FIR,2
2019-07-08,LECB,Barcelona FIR,18
2019-07-08,LECM,Madrid FIR,18
2019-07-08,LFBB,Bordeaux FIR,1
2019-07-08,LFEE,Reims FIR,2
2019-07-08,LFFF,Paris FIR,39
2019-07-08,LFMM,Marseille FIR,4
2019-07-08,LFRR,Brest FIR,2
2019-07-08,LGGG,Athinai FIR,4
2019-07-08,LHCC,Budapest FIR,3
2019-07-08,LIBB,Brindisi FIR,0
2019-07-08,LIMM,Milano FIR,9
2019-07-08,LIRR,Roma FIR,15
2019-07-08,LJLA,Ljubljana FIR,0
2019-07-08,LKAA,Praha FIR,4
2019-07-08,LMMM,Malta FIR,1
2019-07-08,LOVV,Wien FIR,6
2019-07-08,LPPC,Lisboa FIR,10
2019-07-08,LPPO,Santa Maria FIR,0
2019-07-08,LQSB,Sarajevo FIR,0
2019-07-08,LRBB,Bucarest FIR,3
2019-07-08,LSAS,Switzerland FIR,3
2019-07-08,LUUU,Chisinau FIR,0
2019-07-08,LWSS,Skopje FIR,0
2019-07-08,LYBA,Beograd FIR,0
2019-07-08,LZBB,Bratislava  FIR,0
2019-07-08,UKBV,Kiev FIR,0
2019-07-08,UKDV,Dnipro FIR,0
2019-07-08,UKLV,Lvov FIR,0
2019-07-08,UKOV,Odessa FIR,0
2019-07-08,ULLL,Sankt-Peterburg FIR,0
2019-07-08,UMKK,Kaliningrad FIR,0
2019-07-08,UMMV,Minsk FIR,0
2019-07-08,UNNT,Novosibirsk FIR,0
2019-07-08,URRV,Rostov-Na-Donu FIR,0
2019-07-08,USSV,Yekaterinburg FIR,0
2019-07-08,USTV,Tyumen FIR,0
2019-07-08,UUWV,Moscow FIR,0
2019-07-08,UWWW,Samara FIR,0
2019-07-09,BIRD,Reykjavik FIR,5
2019-07-09,EBBU,Brussels FIR,10
2019-07-09,EDGG,Langen FIR,33
2019-07-09,EDMM,Munchen FIR,12
2019-07-09,EDWW,Bremen FIR,5
2019-07-09,EETT,Tallinn FIR,0
2019-07-09,EFIN,Helsinki FIR,0
2019-07-09,EGPX,Scottish FIR,11
2019-07-09,EGTT,London FIR,67
2019-07-09,EHAA,Amsterdam FIR,21
2019-07-09,EISN,Shannon FIR,8
2019-07-09,EKDK,Copenhagen FIR,2
2019-07-09,ENOB,Bodo Oceanic FIR,0
2019-07-09,ENOR,Polaris FIR,0
2019-07-09,EPWW,Warszawa FIR,1
2019-07-09,ESAA,Sweden FIR,0
2019-07-09,EVRR,Riga FIR,0
2019-07-09,EYVL,Vilnius FIR,0
2019-07-09,GCCC,Canarias FIR,1
2019-07-09,GMMM,Casablanca FIR,0
2019-07-09,LAAA,Tirana FIR,1
2019-07-09,LBSR,Sofia FIR,1
2019-07-09,LDZO,Zagreb FIR,2
2019-07-09,LECB,Barcelona FIR,10
2019-07-09,LECM,Madrid FIR,14
2019-07-09,LFBB,Bordeaux FIR,0
2019-07-09,LFEE,Reims FIR,2
2019-07-09,LFFF,Paris FIR,28
2019-07-09,LFMM,Marseille FIR,1
2019-07-09,LFRR,Brest FIR,0
2019-07-09,LGGG,Athinai FIR,9
2019-07-09,LHCC,Budapest FIR,4
2019-07-09,LIBB,Brindisi FIR,0
2019-07-09,LIMM,Milano FIR,7
2019-07-09,LIRR,Roma FIR,5
2019-07-09,LJLA,Ljubljana FIR,0
2019-07-09,LKAA,Praha FIR,9
2019-07-09,LMMM,Malta FIR,1
2019-07-09,LOVV,Wien FIR,4
2019-07-09,LPPC,Lisboa FIR,2
2019-07-09,LPPO,Santa Maria FIR,0
2019-07-09,LQSB,Sarajevo FIR,0
2019-07-09,LRBB,Bucarest FIR,9
2019-07-09,LSAS,Switzerland FIR,2
2019-07-09,LUUU,Chisinau FIR,1
2019-07-09,LWSS,Skopje FIR,0
2019-07-09,LYBA,Beograd FIR,1
2019-07-09,LZBB,Bratislava  FIR,0
2019-07-09,UKBV,Kiev FIR,0
2019-07-09,UKDV,Dnipro FIR,0
2019-07-09,UKLV,Lvov FIR,0
2019-07-09,UKOV,Odessa FIR,0
2019-07-09,ULLL,Sankt-Peterburg FIR,0
2019-07-09,UMKK,Kaliningrad FIR,0
2019-07-09,UMMV,Minsk FIR,0
2019-07-09,UNKL,Krasnoyarsk FIR,0
2019-07-09,UNNT,Novosibirsk FIR,1
2019-07-09,URRV,Rostov-Na-Donu FIR,0
2019-07-09,USSV,Yekaterinburg FIR,0
2019-07-09,UUWV,Moscow FIR,0
2019-07-09,UWWW,Samara FIR,0
2019-07-10,BIRD,Reykjavik FIR,1
2019-07-10,EBBU,Brussels FIR,7
2019-07-10,EDGG,Langen FIR,27
2019-07-10,EDMM,Munchen FIR,9
2019-07-10,EDWW,Bremen FIR,1
2019-07-10,EETT,Tallinn FIR,1
2019-07-10,EFIN,Helsinki FIR,4
2019-07-10,EGPX,Scottish FIR,6
2019-07-10,EGTT,London FIR,56
2019-07-10,EHAA,Amsterdam FIR,21
2019-07-10,EISN,Shannon FIR,18
2019-07-10,EKDK,Copenhagen FIR,7
2019-07-10,ENOB,Bodo Oceanic FIR,0
2019-07-10,ENOR,Polaris FIR,6
2019-07-10,EPWW,Warszawa FIR,0
2019-07-10,ESAA,Sweden FIR,4
2019-07-10,EVRR,Riga FIR,0
2019-07-10,EYVL,Vilnius FIR,0
2019-07-10,GCCC,Canarias FIR,21
2019-07-10,GMMM,Casablanca FIR,0
2019-07-10,LAAA,Tirana FIR,0
2019-07-10,LBSR,Sofia FIR,1
2019-07-10,LDZO,Zagreb FIR,2
2019-07-10,LECB,Barcelona FIR,41
2019-07-10,LECM,Madrid FIR,21
2019-07-10,LFBB,Bordeaux FIR,1
2019-07-10,LFEE,Reims FIR,6
2019-07-10,LFFF,Paris FIR,23
2019-07-10,LFMM,Marseille FIR,4
2019-07-10,LFRR,Brest FIR,2
2019-07-10,LGGG,Athinai FIR,7
2019-07-10,LHCC,Budapest FIR,1
2019-07-10,LIBB,Brindisi FIR,1
2019-07-10,LIMM,Milano FIR,9
2019-07-10,LIRR,Roma FIR,7
2019-07-10,LJLA,Ljubljana FIR,0
2019-07-10,LKAA,Praha FIR,0
2019-07-10,LMMM,Malta FIR,0
2019-07-10,LOVV,Wien FIR,4
2019-07-10,LPPC,Lisboa FIR,19
2019-07-10,LPPO,Santa Maria FIR,0
2019-07-10,LQSB,Sarajevo FIR,0
2019-07-10,LRBB,Bucarest FIR,2
2019-07-10,LSAS,Switzerland FIR,6
2019-07-10,LUUU,Chisinau FIR,0
2019-07-10,LWSS,Skopje FIR,0
2019-07-10,LYBA,Beograd FIR,0
2019-07-10,LZBB,Bratislava  FIR,0
2019-07-10,UKBV,Kiev FIR,0
2019-07-10,UKDV,Dnipro FIR,0
2019-07-10,UKLV,Lvov FIR,0
2019-07-10,UKOV,Odessa FIR,0
2019-07-10,ULLL,Sankt-Peterburg FIR,0
2019-07-10,UMKK,Kaliningrad FIR,0
2019-07-10,UMMV,Minsk FIR,0
2019-07-10,UNNT,Novosibirsk FIR,0
2019-07-10,URRV,Rostov-Na-Donu FIR,0
2019-07-10,USSV,Yekaterinburg FIR,2
2019-07-10,USTV,Tyumen FIR,0
2019-07-10,UUWV,Moscow FIR,5
2019-07-10,UWWW,Samara FIR,1
2019-07-11,BIRD,Reykjavik FIR,2
2019-07-11,EBBU,Brussels FIR,6
2019-07-11,EDGG,Langen FIR,24
2019-07-11,EDMM,Munchen FIR,9
2019-07-11,EDWW,Bremen FIR,2
2019-07-11,EETT,Tallinn FIR,0
2019-07-11,EFIN,Helsinki FIR,4
2019-07-11,EGPX,Scottish FIR,0
2019-07-11,EGTT,London FIR,52
2019-07-11,EHAA,Amsterdam FIR,15
2019-07-11,EISN,Shannon FIR,2
2019-07-11,EKDK,Copenhagen FIR,0
2019-07-11,ENOR,Polaris FIR,5
2019-07-11,EPWW,Warszawa FIR,2
2019-07-11,ESAA,Sweden FIR,2
2019-07-11,EVRR,Riga FIR,0
2019-07-11,EYVL,Vilnius FIR,0
2019-07-11,GCCC,Canarias FIR,0
2019-07-11,GMMM,Casablanca FIR,0
2019-07-11,LAAA,Tirana FIR,0
2019-07-11,LBSR,Sofia FIR,1
2019-07-11,LDZO,Zagreb FIR,2
2019-07-11,LECB,Barcelona FIR,2
2019-07-11,LECM,Madrid FIR,4
2019-07-11,LFBB,Bordeaux FIR,0
2019-07-11,LFEE,Reims FIR,0
2019-07-11,LFFF,Paris FIR,25
2019-07-11,LFMM,Marseille FIR,1
2019-07-11,LFRR,Brest FIR,0
2019-07-11,LGGG,Athinai FIR,3
2019-07-11,LHCC,Budapest FIR,0
2019-07-11,LIBB,Brindisi FIR,0
2019-07-11,LIMM,Milano FIR,6
2019-07-11,LIRR,Roma FIR,5
2019-07-11,LJLA,Ljubljana FIR,0
2019-07-11,LKAA,Praha FIR,0
2019-07-11,LMMM,Malta FIR,0
2019-07-11,LOVV,Wien FIR,4
2019-07-11,LPPC,Lisboa FIR,4
2019-07-11,LPPO,Santa Maria FIR,0
2019-07-11,LQSB,Sarajevo FIR,0
2019-07-11,LRBB,Bucarest FIR,0
2019-07-11,LSAS,Switzerland FIR,8
2019-07-11,LUUU,Chisinau FIR,0
2019-07-11,LWSS,Skopje FIR,0
2019-07-11,LYBA,Beograd FIR,0
2019-07-11,LZBB,Bratislava  FIR,0
2019-07-11,UKBV,Kiev FIR,0
2019-07-11,UKDV,Dnipro FIR,0
2019-07-11,UKLV,Lvov FIR,0
2019-07-11,UKOV,Odessa FIR,0
2019-07-11,ULLL,Sankt-Peterburg FIR,1
2019-07-11,UMMV,Minsk FIR,0
2019-07-11,UNNT,Novosibirsk FIR,0
2019-07-11,URRV,Rostov-Na-Donu FIR,0
2019-07-11,USSV,Yekaterinburg FIR,1
2019-07-11,UUWV,Moscow FIR,8
2019-07-11,UWWW,Samara FIR,0
2019-07-12,BIRD,Reykjavik FIR,1
2019-07-12,EBBU,Brussels FIR,12
2019-07-12,EDGG,Langen FIR,25
2019-07-12,EDMM,Munchen FIR,13
2019-07-12,EDWW,Bremen FIR,7
2019-07-12,EETT,Tallinn FIR,1
2019-07-12,EFIN,Helsinki FIR,3
2019-07-12,EGPX,Scottish FIR,0
2019-07-12,EGTT,London FIR,44
2019-07-12,EHAA,Amsterdam FIR,20
2019-07-12,EISN,Shannon FIR,0
2019-07-12,EKDK,Copenhagen FIR,6
2019-07-12,ENOB,Bodo Oceanic FIR,0
2019-07-12,ENOR,Polaris FIR,5
2019-07-12,EPWW,Warszawa FIR,6
2019-07-12,ESAA,Sweden FIR,5
2019-07-12,EVRR,Riga FIR,0
2019-07-12,EYVL,Vilnius FIR,1
2019-07-12,GCCC,Canarias FIR,1
2019-07-12,GMMM,Casablanca FIR,0
2019-07-12,LAAA,Tirana FIR,0
2019-07-12,LBSR,Sofia FIR,4
2019-07-12,LDZO,Zagreb FIR,0
2019-07-12,LECB,Barcelona FIR,4
2019-07-12,LECM,Madrid FIR,2
2019-07-12,LFBB,Bordeaux FIR,0
2019-07-12,LFEE,Reims FIR,2
2019-07-12,LFFF,Paris FIR,22
2019-07-12,LFMM,Marseille FIR,0
2019-07-12,LFRR,Brest FIR,0
2019-07-12,LGGG,Athinai FIR,10
2019-07-12,LHCC,Budapest FIR,2
2019-07-12,LIBB,Brindisi FIR,0
2019-07-12,LIMM,Milano FIR,13
2019-07-12,LIRR,Roma FIR,5
2019-07-12,LJLA,Ljubljana FIR,0
2019-07-12,LKAA,Praha FIR,3
2019-07-12,LMMM,Malta FIR,0
2019-07-12,LOVV,Wien FIR,10
2019-07-12,LPPC,Lisboa FIR,1
2019-07-12,LPPO,Santa Maria FIR,0
2019-07-12,LQSB,Sarajevo FIR,1
2019-07-12,LRBB,Bucarest FIR,7
2019-07-12,LSAS,Switzerland FIR,6
2019-07-12,LUUU,Chisinau FIR,0
2019-07-12,LWSS,Skopje FIR,0
2019-07-12,LYBA,Beograd FIR,0
2019-07-12,LZBB,Bratislava  FIR,0
2019-07-12,UKBV,Kiev FIR,1
2019-07-12,UKDV,Dnipro FIR,0
2019-07-12,UKLV,Lvov FIR,0
2019-07-12,UKOV,Odessa FIR,0
2019-07-12,ULLL,Sankt-Peterburg FIR,0
2019-07-12,UMKK,Kaliningrad FIR,0
2019-07-12,UMMV,Minsk FIR,0
2019-07-12,UNNT,Novosibirsk FIR,1
2019-07-12,URRV,Rostov-Na-Donu FIR,0
2019-07-12,USSV,Yekaterinburg FIR,0
2019-07-12,UUWV,Moscow FIR,9
2019-07-12,UWWW,Samara FIR,0
2019-07-13,BIRD,Reykjavik FIR,4
2019-07-13,EBBU,Brussels FIR,8
2019-07-13,EDGG,Langen FIR,41
2019-07-13,EDMM,Munchen FIR,15
2019-07-13,EDWW,Bremen FIR,6
2019-07-13,EETT,Tallinn FIR,0
2019-07-13,EFIN,Helsinki FIR,11
2019-07-13,EGPX,Scottish FIR,5
2019-07-13,EGTT,London FIR,95
2019-07-13,EHAA,Amsterdam FIR,26
2019-07-13,EISN,Shannon FIR,15
2019-07-13,EKDK,Copenhagen FIR,8
2019-07-13,ENOB,Bodo Oceanic FIR,0
2019-07-13,ENOR,Polaris FIR,2
2019-07-13,EPWW,Warszawa FIR,10
2019-07-13,ESAA,Sweden FIR,4
2019-07-13,EVRR,Riga FIR,0
2019-07-13,EYVL,Vilnius FIR,0
2019-07-13,GCCC,Canarias FIR,1
2019-07-13,GMMM,Casablanca FIR,0
2019-07-13,LAAA,Tirana FIR,0
2019-07-13,LBSR,Sofia FIR,1
2019-07-13,LDZO,Zagreb FIR,2
2019-07-13,LECB,Barcelona FIR,9
2019-07-13,LECM,Madrid FIR,16
2019-07-13,LFBB,Bordeaux FIR,0
2019-07-13,LFEE,Reims FIR,0
2019-07-13,LFFF,Paris FIR,32
2019-07-13,LFMM,Marseille FIR,0
2019-07-13,LFRR,Brest FIR,0
2019-07-13,LGGG,Athinai FIR,8
2019-07-13,LHCC,Budapest FIR,1
2019-07-13,LIBB,Brindisi FIR,0
2019-07-13,LIMM,Milano FIR,7
2019-07-13,LIRR,Roma FIR,6
2019-07-13,LJLA,Ljubljana FIR,0
2019-07-13,LKAA,Praha FIR,5
2019-07-13,LMMM,Malta FIR,0
2019-07-13,LOVV,Wien FIR,9
2019-07-13,LPPC,Lisboa FIR,1
2019-07-13,LPPO,Santa Maria FIR,0
2019-07-13,LQSB,Sarajevo FIR,0
2019-07-13,LRBB,Bucarest FIR,2
2019-07-13,LSAS,Switzerland FIR,9
2019-07-13,LUUU,Chisinau FIR,0
2019-07-13,LWSS,Skopje FIR,0
2019-07-13,LYBA,Beograd FIR,0
2019-07-13,LZBB,Bratislava  FIR,0
2019-07-13,UKBV,Kiev FIR,1
2019-07-13,UKDV,Dnipro FIR,0
2019-07-13,UKLV,Lvov FIR,0
2019-07-13,UKOV,Odessa FIR,0
2019-07-13,ULLL,Sankt-Peterburg FIR,1
2019-07-13,ULMM,Murmansk FIR,0
2019-07-13,UMKK,Kaliningrad FIR,0
2019-07-13,UMMV,Minsk FIR,0
2019-07-13,UNNT,Novosibirsk FIR,0
2019-07-13,URRV,Rostov-Na-Donu FIR,0
2019-07-13,USSV,Yekaterinburg FIR,1
2019-07-13,UUWV,Moscow FIR,4
2019-07-13,UWWW,Samara FIR,0
2019-07-14,BIRD,Reykjavik FIR,15
2019-07-14,EBBU,Brussels FIR,13
2019-07-14,EDGG,Langen FIR,45
2019-07-14,EDMM,Munchen FIR,14
2019-07-14,EDWW,Bremen FIR,2
2019-07-14,EETT,Tallinn FIR,0
2019-07-14,EFIN,Helsinki FIR,3
2019-07-14,EGPX,Scottish FIR,2
2019-07-14,EGTT,London FIR,54
2019-07-14,EHAA,Amsterdam FIR,21
2019-07-14,EISN,Shannon FIR,7
2019-07-14,EKDK,Copenhagen FIR,12
2019-07-14,ENOB,Bodo Oceanic FIR,0
2019-07-14,ENOR,Polaris FIR,5
2019-07-14,EPWW,Warszawa FIR,10
2019-07-14,ESAA,Sweden FIR,6
2019-07-14,EVRR,Riga FIR,1
2019-07-14,EYVL,Vilnius FIR,1
2019-07-14,GCCC,Canarias FIR,7
2019-07-14,GMMM,Casablanca FIR,0
2019-07-14,LAAA,Tirana FIR,0
2019-07-14,LBSR,Sofia FIR,2
2019-07-14,LDZO,Zagreb FIR,0
2019-07-14,LECB,Barcelona FIR,3
2019-07-14,LECM,Madrid FIR,6
2019-07-14,LFBB,Bordeaux FIR,0
2019-07-14,LFEE,Reims FIR,1
2019-07-14,LFFF,Paris FIR,31
2019-07-14,LFMM,Marseille FIR,2
2019-07-14,LFRR,Brest FIR,0
2019-07-14,LGGG,Athinai FIR,6
2019-07-14,LHCC,Budapest FIR,0
2019-07-14,LIBB,Brindisi FIR,0
2019-07-14,LIMM,Milano FIR,7
2019-07-14,LIRR,Roma FIR,6
2019-07-14,LJLA,Ljubljana FIR,0
2019-07-14,LKAA,Praha FIR,0
2019-07-14,LMMM,Malta FIR,0
2019-07-14,LOVV,Wien FIR,4
2019-07-14,LPPC,Lisboa FIR,2
2019-07-14,LPPO,Santa Maria FIR,0
2019-07-14,LQSB,Sarajevo FIR,0
2019-07-14,LRBB,Bucarest FIR,3
2019-07-14,LSAS,Switzerland FIR,11
2019-07-14,LUUU,Chisinau FIR,0
2019-07-14,LWSS,Skopje FIR,0
2019-07-14,LYBA,Beograd FIR,0
2019-07-14,LZBB,Bratislava  FIR,0
2019-07-14,UKBV,Kiev FIR,0
2019-07-14,UKDV,Dnipro FIR,0
2019-07-14,UKLV,Lvov FIR,0
2019-07-14,UKOV,Odessa FIR,0
2019-07-14,ULLL,Sankt-Peterburg FIR,0
2019-07-14,UMMV,Minsk FIR,0
2019-07-14,UNNT,Novosibirsk FIR,0
2019-07-14,URRV,Rostov-Na-Donu FIR,0
2019-07-14,USSV,Yekaterinburg FIR,0
2019-07-14,UUWV,Moscow FIR,4
2019-07-14,UWWW,Samara FIR,0
2019-07-15,BIRD,Reykjavik FIR,13
2019-07-15,EBBU,Brussels FIR,10
2019-07-15,EDGG,Langen FIR,49
2019-07-15,EDMM,Munchen FIR,15
2019-07-15,EDWW,Bremen FIR,1
2019-07-15,EETT,Tallinn FIR,1
2019-07-15,EFIN,Helsinki FIR,3
2019-07-15,EGPX,Scottish FIR,11
2019-07-15,EGTT,London FIR,135
2019-07-15,EHAA,Amsterdam FIR,20
2019-07-15,EISN,Shannon FIR,16
2019-07-15,EKDK,Copenhagen FIR,10
2019-07-15,ENOB,Bodo Oceanic FIR,0
2019-07-15,ENOR,Polaris FIR,8
2019-07-15,EPWW,Warszawa FIR,6
2019-07-15,ESAA,Sweden FIR,5
2019-07-15,EVRR,Riga FIR,1
2019-07-15,EYVL,Vilnius FIR,0
2019-07-15,GCCC,Canarias FIR,11
2019-07-15,GMMM,Casablanca FIR,0
2019-07-15,LAAA,Tirana FIR,0
2019-07-15,LBSR,Sofia FIR,3
2019-07-15,LDZO,Zagreb FIR,1
2019-07-15,LECB,Barcelona FIR,19
2019-07-15,LECM,Madrid FIR,17
2019-07-15,LFBB,Bordeaux FIR,1
2019-07-15,LFEE,Reims FIR,0
2019-07-15,LFFF,Paris FIR,33
2019-07-15,LFMM,Marseille FIR,3
2019-07-15,LFRR,Brest FIR,0
2019-07-15,LGGG,Athinai FIR,16
2019-07-15,LHCC,Budapest FIR,3
2019-07-15,LIBB,Brindisi FIR,0
2019-07-15,LIMM,Milano FIR,7
2019-07-15,LIRR,Roma FIR,10
2019-07-15,LJLA,Ljubljana FIR,0
2019-07-15,LKAA,Praha FIR,2
2019-07-15,LMMM,Malta FIR,0
2019-07-15,LOVV,Wien FIR,14
2019-07-15,LPPC,Lisboa FIR,21
2019-07-15,LPPO,Santa Maria FIR,0
2019-07-15,LQSB,Sarajevo FIR,0
2019-07-15,LRBB,Bucarest FIR,3
2019-07-15,LSAS,Switzerland FIR,8
2019-07-15,LUUU,Chisinau FIR,0
2019-07-15,LWSS,Skopje FIR,0
2019-07-15,LYBA,Beograd FIR,1
2019-07-15,LZBB,Bratislava  FIR,0
2019-07-15,UKBV,Kiev FIR,0
2019-07-15,UKDV,Dnipro FIR,0
2019-07-15,UKLV,Lvov FIR,0
2019-07-15,UKOV,Odessa FIR,0
2019-07-15,ULLL,Sankt-Peterburg FIR,0
2019-07-15,UMKK,Kaliningrad FIR,0
2019-07-15,UMMV,Minsk FIR,0
2019-07-15,UNNT,Novosibirsk FIR,0
2019-07-15,URRV,Rostov-Na-Donu FIR,0
2019-07-15,USSV,Yekaterinburg FIR,0
2019-07-15,UUWV,Moscow FIR,1
2019-07-15,UWWW,Samara FIR,0
2019-07-16,BIRD,Reykjavik FIR,3
2019-07-16,EBBU,Brussels FIR,18
2019-07-16,EDGG,Langen FIR,44
2019-07-16,EDMM,Munchen FIR,14
2019-07-16,EDWW,Bremen FIR,7
2019-07-16,EETT,Tallinn FIR,0
2019-07-16,EFIN,Helsinki FIR,5
2019-07-16,EGPX,Scottish FIR,4
2019-07-16,EGTT,London FIR,130
2019-07-16,EHAA,Amsterdam FIR,26
2019-07-16,EISN,Shannon FIR,12
2019-07-16,EKDK,Copenhagen FIR,9
2019-07-16,ENOB,Bodo Oceanic FIR,0
2019-07-16,ENOR,Polaris FIR,3
2019-07-16,EPWW,Warszawa FIR,6
2019-07-16,ESAA,Sweden FIR,4
2019-07-16,EVRR,Riga FIR,0
2019-07-16,EYVL,Vilnius FIR,0
2019-07-16,GCCC,Canarias FIR,28
2019-07-16,GMMM,Casablanca FIR,0
2019-07-16,LAAA,Tirana FIR,1
2019-07-16,LBSR,Sofia FIR,2
2019-07-16,LDZO,Zagreb FIR,5
2019-07-16,LECB,Barcelona FIR,42
2019-07-16,LECM,Madrid FIR,35
2019-07-16,LFBB,Bordeaux FIR,1
2019-07-16,LFEE,Reims FIR,3
2019-07-16,LFFF,Paris FIR,62
2019-07-16,LFMM,Marseille FIR,11
2019-07-16,LFRR,Brest FIR,0
2019-07-16,LGGG,Athinai FIR,27
2019-07-16,LHCC,Budapest FIR,3
2019-07-16,LIBB,Brindisi FIR,1
2019-07-16,LIMM,Milano FIR,23
2019-07-16,LIRR,Roma FIR,18
2019-07-16,LJLA,Ljubljana FIR,0
2019-07-16,LKAA,Praha FIR,0
2019-07-16,LMMM,Malta FIR,4
2019-07-16,LOVV,Wien FIR,5
2019-07-16,LPPC,Lisboa FIR,37
2019-07-16,LPPO,Santa Maria FIR,0
2019-07-16,LQSB,Sarajevo FIR,0
2019-07-16,LRBB,Bucarest FIR,3
2019-07-16,LSAS,Switzerland FIR,14
2019-07-16,LUUU,Chisinau FIR,0
2019-07-16,LWSS,Skopje FIR,0
2019-07-16,LYBA,Beograd FIR,1
2019-07-16,LZBB,Bratislava  FIR,1
2019-07-16,UHHH,Khabarovsk FIR,1
2019-07-16,UKBV,Kiev FIR,0
2019-07-16,UKDV,Dnipro FIR,0
2019-07-16,UKLV,Lvov FIR,0
2019-07-16,UKOV,Odessa FIR,0
2019-07-16,ULLL,Sankt-Peterburg FIR,0
2019-07-16,UMKK,Kaliningrad FIR,0
2019-07-16,UMMV,Minsk FIR,0
2019-07-16,UNNT,Novosibirsk FIR,0
2019-07-16,URRV,Rostov-Na-Donu FIR,0
2019-07-16,USSV,Yekaterinburg FIR,0
2019-07-16,UUWV,Moscow FIR,5
2019-07-16,UWWW,Samara FIR,0
2019-07-17,BIRD,Reykjavik FIR,5
2019-07-17,EBBU,Brussels FIR,26
2019-07-17,EDGG,Langen FIR,97
2019-07-17,EDMM,Munchen FIR,36
2019-07-17,EDWW,Bremen FIR,8
2019-07-17,EETT,Tallinn FIR,0
2019-07-17,EFIN,Helsinki FIR,8
2019-07-17,EGPX,Scottish FIR,12
2019-07-17,EGTT,London FIR,168
2019-07-17,EHAA,Amsterdam FIR,31
2019-07-17,EISN,Shannon FIR,15
2019-07-17,EKDK,Copenhagen FIR,8
2019-07-17,ENOB,Bodo Oceanic FIR,0
2019-07-17,ENOR,Polaris FIR,5
2019-07-17,EPWW,Warszawa FIR,12
2019-07-17,ESAA,Sweden FIR,2
2019-07-17,EVRR,Riga FIR,1
2019-07-17,EYVL,Vilnius FIR,0
2019-07-17,GCCC,Canarias FIR,41
2019-07-17,GMMM,Casablanca FIR,0
2019-07-17,LAAA,Tirana FIR,3
2019-07-17,LBSR,Sofia FIR,4
2019-07-17,LDZO,Zagreb FIR,13
2019-07-17,LECB,Barcelona FIR,70
2019-07-17,LECM,Madrid FIR,43
2019-07-17,LFBB,Bordeaux FIR,4
2019-07-17,LFEE,Reims FIR,22
2019-07-17,LFFF,Paris FIR,63
2019-07-17,LFMM,Marseille FIR,21
2019-07-17,LFRR,Brest FIR,0
2019-07-17,LGGG,Athinai FIR,76
2019-07-17,LHCC,Budapest FIR,8
2019-07-17,LIBB,Brindisi FIR,3
2019-07-17,LIMM,Milano FIR,41
2019-07-17,LIRR,Roma FIR,36
2019-07-17,LJLA,Ljubljana FIR,6
2019-07-17,LKAA,Praha FIR,11
2019-07-17,LMMM,Malta FIR,3
2019-07-17,LOVV,Wien FIR,20
2019-07-17,LPPC,Lisboa FIR,39
2019-07-17,LPPO,Santa Maria FIR,1
2019-07-17,LQSB,Sarajevo FIR,0
2019-07-17,LRBB,Bucarest FIR,4
2019-07-17,LSAS,Switzerland FIR,23
2019-07-17,LUUU,Chisinau FIR,0
2019-07-17,LWSS,Skopje FIR,2
2019-07-17,LYBA,Beograd FIR,1
2019-07-17,LZBB,Bratislava  FIR,0
2019-07-17,UKBV,Kiev FIR,2
2019-07-17,UKDV,Dnipro FIR,0
2019-07-17,UKLV,Lvov FIR,1
2019-07-17,UKOV,Odessa FIR,0
2019-07-17,ULLL,Sankt-Peterburg FIR,1
2019-07-17,UMKK,Kaliningrad FIR,0
2019-07-17,UMMV,Minsk FIR,0
2019-07-17,UNNT,Novosibirsk FIR,1
2019-07-17,URRV,Rostov-Na-Donu FIR,0
2019-07-17,USSV,Yekaterinburg FIR,0
2019-07-17,UUWV,Moscow FIR,9
2019-07-17,UWWW,Samara FIR,0
2019-07-18,BIRD,Reykjavik FIR,9
2019-07-18,EBBU,Brussels FIR,25
2019-07-18,EDGG,Langen FIR,75
2019-07-18,EDMM,Munchen FIR,30
2019-07-18,EDWW,Bremen FIR,23
2019-07-18,EETT,Tallinn FIR,1
2019-07-18,EFIN,Helsinki FIR,7
2019-07-18,EGPX,Scottish FIR,28
2019-07-18,EGTT,London FIR,284
2019-07-18,EHAA,Amsterdam FIR,56
2019-07-18,EISN,Shannon FIR,34
2019-07-18,EKDK,Copenhagen FIR,20
2019-07-18,ENOR,Polaris FIR,8
2019-07-18,EPWW,Warszawa FIR,12
2019-07-18,ESAA,Sweden FIR,12
2019-07-18,EVRR,Riga FIR,0
2019-07-18,EYVL,Vilnius FIR,2
2019-07-18,GCCC,Canarias FIR,31
2019-07-18,GMMM,Casablanca FIR,0
2019-07-18,LAAA,Tirana FIR,5
2019-07-18,LBSR,Sofia FIR,7
2019-07-18,LDZO,Zagreb FIR,17
2019-07-18,LECB,Barcelona FIR,136
2019-07-18,LECM,Madrid FIR,55
2019-07-18,LFBB,Bordeaux FIR,8
2019-07-18,LFEE,Reims FIR,9
2019-07-18,LFFF,Paris FIR,59
2019-07-18,LFMM,Marseille FIR,30
2019-07-18,LFRR,Brest FIR,3
2019-07-18,LGGG,Athinai FIR,60
2019-07-18,LHCC,Budapest FIR,8
2019-07-18,LIBB,Brindisi FIR,2
2019-07-18,LIMM,Milano FIR,44
2019-07-18,LIRR,Roma FIR,45
2019-07-18,LJLA,Ljubljana FIR,2
2019-07-18,LKAA,Praha FIR,4
2019-07-18,LMMM,Malta FIR,10
2019-07-18,LOVV,Wien FIR,11
2019-07-18,LPPC,Lisboa FIR,47
2019-07-18,LPPO,Santa Maria FIR,0
2019-07-18,LQSB,Sarajevo FIR,2
2019-07-18,LRBB,Bucarest FIR,11
2019-07-18,LSAS,Switzerland FIR,22
2019-07-18,LUUU,Chisinau FIR,0
2019-07-18,LWSS,Skopje FIR,5
2019-07-18,LYBA,Beograd FIR,2
2019-07-18,LZBB,Bratislava  FIR,1
2019-07-18,UKBV,Kiev FIR,0
2019-07-18,UKDV,Dnipro FIR,0
2019-07-18,UKLV,Lvov FIR,0
2019-07-18,UKOV,Odessa FIR,0
2019-07-18,ULLL,Sankt-Peterburg FIR,1
2019-07-18,UMKK,Kaliningrad FIR,0
2019-07-18,UMMV,Minsk FIR,0
2019-07-18,UNNT,Novosibirsk FIR,0
2019-07-18,URRV,Rostov-Na-Donu FIR,0
2019-07-18,USSV,Yekaterinburg FIR,0
2019-07-18,UUWV,Moscow FIR,4
2019-07-18,UWWW,Samara FIR,0
2019-07-19,BIRD,Reykjavik FIR,2
2019-07-19,EBBU,Brussels FIR,13
2019-07-19,EDGG,Langen FIR,62
2019-07-19,EDMM,Munchen FIR,15
2019-07-19,EDWW,Bremen FIR,21
2019-07-19,EETT,Tallinn FIR,0
2019-07-19,EFIN,Helsinki FIR,7
2019-07-19,EGPX,Scottish FIR,15
2019-07-19,EGTT,London FIR,276
2019-07-19,EHAA,Amsterdam FIR,45
2019-07-19,EISN,Shannon FIR,19
2019-07-19,EKDK,Copenhagen FIR,17
2019-07-19,ENOB,Bodo Oceanic FIR,0
2019-07-19,ENOR,Polaris FIR,12
2019-07-19,EPWW,Warszawa FIR,12
2019-07-19,ESAA,Sweden FIR,5
2019-07-19,EVRR,Riga FIR,0
2019-07-19,EYVL,Vilnius FIR,1
2019-07-19,GCCC,Canarias FIR,21
2019-07-19,GMMM,Casablanca FIR,0
2019-07-19,LAAA,Tirana FIR,2
2019-07-19,LBSR,Sofia FIR,7
2019-07-19,LDZO,Zagreb FIR,8
2019-07-19,LECB,Barcelona FIR,55
2019-07-19,LECM,Madrid FIR,39
2019-07-19,LFBB,Bordeaux FIR,7
2019-07-19,LFEE,Reims FIR,6
2019-07-19,LFFF,Paris FIR,40
2019-07-19,LFMM,Marseille FIR,15
2019-07-19,LFRR,Brest FIR,2
2019-07-19,LGGG,Athinai FIR,41
2019-07-19,LHCC,Budapest FIR,10
2019-07-19,LIBB,Brindisi FIR,4
2019-07-19,LIMM,Milano FIR,38
2019-07-19,LIRR,Roma FIR,28
2019-07-19,LJLA,Ljubljana FIR,1
2019-07-19,LKAA,Praha FIR,9
2019-07-19,LMMM,Malta FIR,0
2019-07-19,LOVV,Wien FIR,15
2019-07-19,LPPC,Lisboa FIR,33
2019-07-19,LPPO,Santa Maria FIR,0
2019-07-19,LQSB,Sarajevo FIR,0
2019-07-19,LRBB,Bucarest FIR,12
2019-07-19,LSAS,Switzerland FIR,23
2019-07-19,LUUU,Chisinau FIR,1
2019-07-19,LWSS,Skopje FIR,0
2019-07-19,LYBA,Beograd FIR,2
2019-07-19,LZBB,Bratislava  FIR,0
2019-07-19,UKBV,Kiev FIR,3
2019-07-19,UKDV,Dnipro FIR,0
2019-07-19,UKLV,Lvov FIR,0
2019-07-19,UKOV,Odessa FIR,0
2019-07-19,ULLL,Sankt-Peterburg FIR,0
2019-07-19,UMKK,Kaliningrad FIR,0
2019-07-19,UMMV,Minsk FIR,0
2019-07-19,UNKL,Krasnoyarsk FIR,0
2019-07-19,UNNT,Novosibirsk FIR,0
2019-07-19,URRV,Rostov-Na-Donu FIR,0
2019-07-19,USSV,Yekaterinburg FIR,0
2019-07-19,USTV,Tyumen FIR,0
2019-07-19,UUWV,Moscow FIR,13
2019-07-19,UWWW,Samara FIR,0
2019-07-20,BIRD,Reykjavik FIR,5
2019-07-20,EBBU,Brussels FIR,30
2019-07-20,EDGG,Langen FIR,107
2019-07-20,EDMM,Munchen FIR,27
2019-07-20,EDWW,Bremen FIR,25
2019-07-20,EETT,Tallinn FIR,1
2019-07-20,EFIN,Helsinki FIR,15
2019-07-20,EGPX,Scottish FIR,7
2019-07-20,EGTT,London FIR,210
2019-07-20,EHAA,Amsterdam FIR,36
2019-07-20,EISN,Shannon FIR,13
2019-07-20,EKDK,Copenhagen FIR,26
2019-07-20,ENOB,Bodo Oceanic FIR,0
2019-07-20,ENOR,Polaris FIR,18
2019-07-20,EPWW,Warszawa FIR,32
2019-07-20,ESAA,Sweden FIR,30
2019-07-20,EVRR,Riga FIR,0
2019-07-20,EYVL,Vilnius FIR,2
2019-07-20,GCCC,Canarias FIR,47
2019-07-20,GMMM,Casablanca FIR,0
2019-07-20,LAAA,Tirana FIR,1
2019-07-20,LBSR,Sofia FIR,8
2019-07-20,LDZO,Zagreb FIR,25
2019-07-20,LECB,Barcelona FIR,53
2019-07-20,LECM,Madrid FIR,34
2019-07-20,LFBB,Bordeaux FIR,0
2019-07-20,LFEE,Reims FIR,2
2019-07-20,LFFF,Paris FIR,51
2019-07-20,LFMM,Marseille FIR,16
2019-07-20,LFRR,Brest FIR,1
2019-07-20,LGGG,Athinai FIR,85
2019-07-20,LHCC,Budapest FIR,8
2019-07-20,LIBB,Brindisi FIR,5
2019-07-20,LIMM,Milano FIR,47
2019-07-20,LIRR,Roma FIR,26
2019-07-20,LJLA,Ljubljana FIR,1
2019-07-20,LKAA,Praha FIR,6
2019-07-20,LMMM,Malta FIR,6
2019-07-20,LOVV,Wien FIR,7
2019-07-20,LPPC,Lisboa FIR,29
2019-07-20,LPPO,Santa Maria FIR,1
2019-07-20,LQSB,Sarajevo FIR,2
2019-07-20,LRBB,Bucarest FIR,12
2019-07-20,LSAS,Switzerland FIR,10
2019-07-20,LUUU,Chisinau FIR,1
2019-07-20,LWSS,Skopje FIR,2
2019-07-20,LYBA,Beograd FIR,6
2019-07-20,LZBB,Bratislava  FIR,1
2019-07-20,UKBV,Kiev FIR,1
2019-07-20,UKDV,Dnipro FIR,0
2019-07-20,UKLV,Lvov FIR,0
2019-07-20,UKOV,Odessa FIR,0
2019-07-20,ULLL,Sankt-Peterburg FIR,1
2019-07-20,UMMV,Minsk FIR,0
2019-07-20,UNNT,Novosibirsk FIR,1
2019-07-20,URRV,Rostov-Na-Donu FIR,0
2019-07-20,USSV,Yekaterinburg FIR,0
2019-07-20,UUWV,Moscow FIR,21
2019-07-20,UWWW,Samara FIR,0
2019-07-21,BIRD,Reykjavik FIR,3
2019-07-21,EBBU,Brussels FIR,13
2019-07-21,EDGG,Langen FIR,50
2019-07-21,EDMM,Munchen FIR,25
2019-07-21,EDWW,Bremen FIR,14
2019-07-21,EETT,Tallinn FIR,0
2019-07-21,EFIN,Helsinki FIR,7
2019-07-21,EGPX,Scottish FIR,18
2019-07-21,EGTT,London FIR,153
2019-07-21,EHAA,Amsterdam FIR,34
2019-07-21,EISN,Shannon FIR,22
2019-07-21,EKDK,Copenhagen FIR,15
2019-07-21,ENOB,Bodo Oceanic FIR,0
2019-07-21,ENOR,Polaris FIR,13
2019-07-21,EPWW,Warszawa FIR,27
2019-07-21,ESAA,Sweden FIR,7
2019-07-21,EVRR,Riga FIR,2
2019-07-21,EYVL,Vilnius FIR,1
2019-07-21,GCCC,Canarias FIR,32
2019-07-21,GMMM,Casablanca FIR,0
2019-07-21,LAAA,Tirana FIR,0
2019-07-21,LBSR,Sofia FIR,6
2019-07-21,LDZO,Zagreb FIR,3
2019-07-21,LECB,Barcelona FIR,92
2019-07-21,LECM,Madrid FIR,57
2019-07-21,LFBB,Bordeaux FIR,4
2019-07-21,LFEE,Reims FIR,7
2019-07-21,LFFF,Paris FIR,51
2019-07-21,LFMM,Marseille FIR,13
2019-07-21,LFRR,Brest FIR,2
2019-07-21,LGGG,Athinai FIR,29
2019-07-21,LHCC,Budapest FIR,7
2019-07-21,LIBB,Brindisi FIR,2
2019-07-21,LIMM,Milano FIR,25
2019-07-21,LIRR,Roma FIR,12
2019-07-21,LJLA,Ljubljana FIR,0
2019-07-21,LKAA,Praha FIR,13
2019-07-21,LMMM,Malta FIR,1
2019-07-21,LOVV,Wien FIR,4
2019-07-21,LPPC,Lisboa FIR,63
2019-07-21,LPPO,Santa Maria FIR,0
2019-07-21,LQSB,Sarajevo FIR,0
2019-07-21,LRBB,Bucarest FIR,7
2019-07-21,LSAS,Switzerland FIR,22
2019-07-21,LUUU,Chisinau FIR,1
2019-07-21,LWSS,Skopje FIR,1
2019-07-21,LYBA,Beograd FIR,0
2019-07-21,LZBB,Bratislava  FIR,1
2019-07-21,UKBV,Kiev FIR,1
2019-07-21,UKDV,Dnipro FIR,0
2019-07-21,UKLV,Lvov FIR,0
2019-07-21,UKOV,Odessa FIR,0
2019-07-21,ULLL,Sankt-Peterburg FIR,0
2019-07-21,UMMV,Minsk FIR,0
2019-07-21,UNNT,Novosibirsk FIR,2
2019-07-21,URRV,Rostov-Na-Donu FIR,0
2019-07-21,USSV,Yekaterinburg FIR,0
2019-07-21,USTV,Tyumen FIR,0
2019-07-21,UUWV,Moscow FIR,16
2019-07-21,UWWW,Samara FIR,0
2019-07-22,BIRD,Reykjavik FIR,2
2019-07-22,EBBU,Brussels FIR,10
2019-07-22,EDGG,Langen FIR,30
2019-07-22,EDMM,Munchen FIR,11
2019-07-22,EDWW,Bremen FIR,21
2019-07-22,EETT,Tallinn FIR,2
2019-07-22,EFIN,Helsinki FIR,4
2019-07-22,EGPX,Scottish FIR,8
2019-07-22,EGTT,London FIR,105
2019-07-22,EHAA,Amsterdam FIR,19
2019-07-22,EISN,Shannon FIR,8
2019-07-22,EKDK,Copenhagen FIR,18
2019-07-22,ENOB,Bodo Oceanic FIR,0
2019-07-22,ENOR,Polaris FIR,7
2019-07-22,EPWW,Warszawa FIR,25
2019-07-22,ESAA,Sweden FIR,12
2019-07-22,EVRR,Riga FIR,1
2019-07-22,EYVL,Vilnius FIR,2
2019-07-22,GCCC,Canarias FIR,3
2019-07-22,GMMM,Casablanca FIR,0
2019-07-22,LAAA,Tirana FIR,3
2019-07-22,LBSR,Sofia FIR,11
2019-07-22,LDZO,Zagreb FIR,13
2019-07-22,LECB,Barcelona FIR,33
2019-07-22,LECM,Madrid FIR,22
2019-07-22,LFBB,Bordeaux FIR,1
2019-07-22,LFEE,Reims FIR,9
2019-07-22,LFFF,Paris FIR,30
2019-07-22,LFMM,Marseille FIR,4
2019-07-22,LFRR,Brest FIR,0
2019-07-22,LGGG,Athinai FIR,43
2019-07-22,LHCC,Budapest FIR,6
2019-07-22,LIBB,Brindisi FIR,8
2019-07-22,LIMM,Milano FIR,38
2019-07-22,LIRR,Roma FIR,27
2019-07-22,LJLA,Ljubljana FIR,4
2019-07-22,LKAA,Praha FIR,5
2019-07-22,LMMM,Malta FIR,2
2019-07-22,LOVV,Wien FIR,3
2019-07-22,LPPC,Lisboa FIR,6
2019-07-22,LPPO,Santa Maria FIR,0
2019-07-22,LQSB,Sarajevo FIR,1
2019-07-22,LRBB,Bucarest FIR,13
2019-07-22,LSAS,Switzerland FIR,9
2019-07-22,LUUU,Chisinau FIR,1
2019-07-22,LWSS,Skopje FIR,1
2019-07-22,LYBA,Beograd FIR,10
2019-07-22,LZBB,Bratislava  FIR,1
2019-07-22,UKBV,Kiev FIR,6
2019-07-22,UKDV,Dnipro FIR,0
2019-07-22,UKLV,Lvov FIR,0
2019-07-22,UKOV,Odessa FIR,0
2019-07-22,ULLL,Sankt-Peterburg FIR,2
2019-07-22,UMMV,Minsk FIR,0
2019-07-22,UNNT,Novosibirsk FIR,0
2019-07-22,URRV,Rostov-Na-Donu FIR,0
2019-07-22,USSV,Yekaterinburg FIR,0
2019-07-22,UUWV,Moscow FIR,27
2019-07-22,UWWW,Samara FIR,0
2019-07-23,BIRD,Reykjavik FIR,4
2019-07-23,EBBU,Brussels FIR,1
2019-07-23,EDGG,Langen FIR,25
2019-07-23,EDMM,Munchen FIR,8
2019-07-23,EDWW,Bremen FIR,0
2019-07-23,EETT,Tallinn FIR,0
2019-07-23,EFIN,Helsinki FIR,3
2019-07-23,EGPX,Scottish FIR,1
2019-07-23,EGTT,London FIR,45
2019-07-23,EHAA,Amsterdam FIR,15
2019-07-23,EISN,Shannon FIR,0
2019-07-23,EKDK,Copenhagen FIR,2
2019-07-23,ENOB,Bodo Oceanic FIR,0
2019-07-23,ENOR,Polaris FIR,0
2019-07-23,EPWW,Warszawa FIR,4
2019-07-23,ESAA,Sweden FIR,1
2019-07-23,EVRR,Riga FIR,0
2019-07-23,EYVL,Vilnius FIR,0
2019-07-23,GCCC,Canarias FIR,0
2019-07-23,GMMM,Casablanca FIR,0
2019-07-23,LAAA,Tirana FIR,0
2019-07-23,LBSR,Sofia FIR,2
2019-07-23,LDZO,Zagreb FIR,0
2019-07-23,LECB,Barcelona FIR,4
2019-07-23,LECM,Madrid FIR,12
2019-07-23,LFBB,Bordeaux FIR,0
2019-07-23,LFEE,Reims FIR,0
2019-07-23,LFFF,Paris FIR,24
2019-07-23,LFMM,Marseille FIR,1
2019-07-23,LFRR,Brest FIR,0
2019-07-23,LGGG,Athinai FIR,1
2019-07-23,LHCC,Budapest FIR,1
2019-07-23,LIBB,Brindisi FIR,0
2019-07-23,LIMM,Milano FIR,7
2019-07-23,LIRR,Roma FIR,6
2019-07-23,LJLA,Ljubljana FIR,0
2019-07-23,LKAA,Praha FIR,1
2019-07-23,LMMM,Malta FIR,0
2019-07-23,LOVV,Wien FIR,2
2019-07-23,LPPC,Lisboa FIR,2
2019-07-23,LPPO,Santa Maria FIR,0
2019-07-23,LQSB,Sarajevo FIR,0
2019-07-23,LRBB,Bucarest FIR,0
2019-07-23,LSAS,Switzerland FIR,6
2019-07-23,LUUU,Chisinau FIR,0
2019-07-23,LWSS,Skopje FIR,0
2019-07-23,LYBA,Beograd FIR,0
2019-07-23,LZBB,Bratislava  FIR,0
2019-07-23,UKBV,Kiev FIR,0
2019-07-23,UKDV,Dnipro FIR,0
2019-07-23,UKLV,Lvov FIR,0
2019-07-23,UKOV,Odessa FIR,0
2019-07-23,ULLL,Sankt-Peterburg FIR,0
2019-07-23,UMKK,Kaliningrad FIR,0
2019-07-23,UMMV,Minsk FIR,0
2019-07-23,UNNT,Novosibirsk FIR,0
2019-07-23,URRV,Rostov-Na-Donu FIR,0
2019-07-23,USSV,Yekaterinburg FIR,0
2019-07-23,UUWV,Moscow FIR,0
2019-07-23,UWWW,Samara FIR,0
2019-07-24,BIRD,Reykjavik FIR,5
2019-07-24,EBBU,Brussels FIR,6
2019-07-24,EDGG,Langen FIR,19
2019-07-24,EDMM,Munchen FIR,6
2019-07-24,EDWW,Bremen FIR,2
2019-07-24,EETT,Tallinn FIR,0
2019-07-24,EFIN,Helsinki FIR,1
2019-07-24,EGPX,Scottish FIR,7
2019-07-24,EGTT,London FIR,43
2019-07-24,EHAA,Amsterdam FIR,9
2019-07-24,EISN,Shannon FIR,20
2019-07-24,EKDK,Copenhagen FIR,1
2019-07-24,ENOB,Bodo Oceanic FIR,1
2019-07-24,ENOR,Polaris FIR,4
2019-07-24,EPWW,Warszawa FIR,3
2019-07-24,ESAA,Sweden FIR,1
2019-07-24,EVRR,Riga FIR,0
2019-07-24,EYVL,Vilnius FIR,0
2019-07-24,GCCC,Canarias FIR,5
2019-07-24,GMMM,Casablanca FIR,0
2019-07-24,LAAA,Tirana FIR,0
2019-07-24,LBSR,Sofia FIR,0
2019-07-24,LDZO,Zagreb FIR,1
2019-07-24,LECB,Barcelona FIR,8
2019-07-24,LECM,Madrid FIR,11
2019-07-24,LFBB,Bordeaux FIR,0
2019-07-24,LFEE,Reims FIR,0
2019-07-24,LFFF,Paris FIR,24
2019-07-24,LFMM,Marseille FIR,2
2019-07-24,LFRR,Brest FIR,0
2019-07-24,LGGG,Athinai FIR,2
2019-07-24,LHCC,Budapest FIR,1
2019-07-24,LIBB,Brindisi FIR,0
2019-07-24,LIMM,Milano FIR,3
2019-07-24,LIRR,Roma FIR,6
2019-07-24,LJLA,Ljubljana FIR,0
2019-07-24,LKAA,Praha FIR,1
2019-07-24,LMMM,Malta FIR,0
2019-07-24,LOVV,Wien FIR,2
2019-07-24,LPPC,Lisboa FIR,4
2019-07-24,LPPO,Santa Maria FIR,0
2019-07-24,LQSB,Sarajevo FIR,0
2019-07-24,LRBB,Bucarest FIR,0
2019-07-24,LSAS,Switzerland FIR,5
2019-07-24,LUUU,Chisinau FIR,1
2019-07-24,LWSS,Skopje FIR,0
2019-07-24,LYBA,Beograd FIR,0
2019-07-24,LZBB,Bratislava  FIR,0
2019-07-24,UKBV,Kiev FIR,0
2019-07-24,UKDV,Dnipro FIR,0
2019-07-24,UKLV,Lvov FIR,0
2019-07-24,UKOV,Odessa FIR,0
2019-07-24,ULLL,Sankt-Peterburg FIR,0
2019-07-24,ULMM,Murmansk FIR,0
2019-07-24,UMKK,Kaliningrad FIR,0
2019-07-24,UMMV,Minsk FIR,0
2019-07-24,URRV,Rostov-Na-Donu FIR,0
2019-07-24,USSV,Yekaterinburg FIR,0
2019-07-24,UUWV,Moscow FIR,1
2019-07-24,UWWW,Samara FIR,0
2019-07-25,BIRD,Reykjavik FIR,7
2019-07-25,EBBU,Brussels FIR,4
2019-07-25,EDGG,Langen FIR,26
2019-07-25,EDMM,Munchen FIR,8
2019-07-25,EDWW,Bremen FIR,3
2019-07-25,EETT,Tallinn FIR,0
2019-07-25,EFIN,Helsinki FIR,1
2019-07-25,EGPX,Scottish FIR,0
2019-07-25,EGTT,London FIR,48
2019-07-25,EHAA,Amsterdam FIR,6
2019-07-25,EISN,Shannon FIR,0
2019-07-25,EKDK,Copenhagen FIR,5
2019-07-25,ENOR,Polaris FIR,9
2019-07-25,EPWW,Warszawa FIR,5
2019-07-25,ESAA,Sweden FIR,7
2019-07-25,EVRR,Riga FIR,0
2019-07-25,EYVL,Vilnius FIR,1
2019-07-25,GCCC,Canarias FIR,11
2019-07-25,GMMM,Casablanca FIR,0
2019-07-25,LAAA,Tirana FIR,1
2019-07-25,LBSR,Sofia FIR,1
2019-07-25,LDZO,Zagreb FIR,3
2019-07-25,LECB,Barcelona FIR,11
2019-07-25,LECM,Madrid FIR,23
2019-07-25,LFBB,Bordeaux FIR,0
2019-07-25,LFEE,Reims FIR,0
2019-07-25,LFFF,Paris FIR,30
2019-07-25,LFMM,Marseille FIR,7
2019-07-25,LFRR,Brest FIR,0
2019-07-25,LGGG,Athinai FIR,23
2019-07-25,LHCC,Budapest FIR,0
2019-07-25,LIBB,Brindisi FIR,0
2019-07-25,LIMM,Milano FIR,13
2019-07-25,LIRR,Roma FIR,8
2019-07-25,LJLA,Ljubljana FIR,0
2019-07-25,LKAA,Praha FIR,2
2019-07-25,LMMM,Malta FIR,1
2019-07-25,LOVV,Wien FIR,1
2019-07-25,LPPC,Lisboa FIR,9
2019-07-25,LPPO,Santa Maria FIR,1
2019-07-25,LQSB,Sarajevo FIR,0
2019-07-25,LRBB,Bucarest FIR,1
2019-07-25,LSAS,Switzerland FIR,4
2019-07-25,LUUU,Chisinau FIR,0
2019-07-25,LWSS,Skopje FIR,2
2019-07-25,LYBA,Beograd FIR,2
2019-07-25,LZBB,Bratislava  FIR,0
2019-07-25,UKBV,Kiev FIR,0
2019-07-25,UKDV,Dnipro FIR,0
2019-07-25,UKLV,Lvov FIR,0
2019-07-25,UKOV,Odessa FIR,0
2019-07-25,ULLL,Sankt-Peterburg FIR,0
2019-07-25,UMKK,Kaliningrad FIR,0
2019-07-25,UMMV,Minsk FIR,0
2019-07-25,UNNT,Novosibirsk FIR,1
2019-07-25,USSV,Yekaterinburg FIR,0
2019-07-25,UUWV,Moscow FIR,0
2019-07-25,UWWW,Samara FIR,0
2019-07-26,BIRD,Reykjavik FIR,3
2019-07-26,EBBU,Brussels FIR,7
2019-07-26,EDGG,Langen FIR,18
2019-07-26,EDMM,Munchen FIR,8
2019-07-26,EDWW,Bremen FIR,0
2019-07-26,EETT,Tallinn FIR,0
2019-07-26,EFIN,Helsinki FIR,2
2019-07-26,EGPX,Scottish FIR,3
2019-07-26,EGTT,London FIR,50
2019-07-26,EHAA,Amsterdam FIR,14
2019-07-26,EISN,Shannon FIR,2
2019-07-26,EKDK,Copenhagen FIR,2
2019-07-26,ENOB,Bodo Oceanic FIR,0
2019-07-26,ENOR,Polaris FIR,2
2019-07-26,EPWW,Warszawa FIR,4
2019-07-26,ESAA,Sweden FIR,0
2019-07-26,EVRR,Riga FIR,0
2019-07-26,EYVL,Vilnius FIR,0
2019-07-26,GCCC,Canarias FIR,0
2019-07-26,GMMM,Casablanca FIR,0
2019-07-26,LAAA,Tirana FIR,0
2019-07-26,LBSR,Sofia FIR,2
2019-07-26,LDZO,Zagreb FIR,2
2019-07-26,LECB,Barcelona FIR,10
2019-07-26,LECM,Madrid FIR,16
2019-07-26,LFBB,Bordeaux FIR,0
2019-07-26,LFEE,Reims FIR,0
2019-07-26,LFFF,Paris FIR,17
2019-07-26,LFMM,Marseille FIR,1
2019-07-26,LFRR,Brest FIR,0
2019-07-26,LGGG,Athinai FIR,12
2019-07-26,LHCC,Budapest FIR,1
2019-07-26,LIBB,Brindisi FIR,1
2019-07-26,LIMM,Milano FIR,7
2019-07-26,LIRR,Roma FIR,4
2019-07-26,LJLA,Ljubljana FIR,0
2019-07-26,LKAA,Praha FIR,2
2019-07-26,LMMM,Malta FIR,0
2019-07-26,LOVV,Wien FIR,4
2019-07-26,LPPC,Lisboa FIR,10
2019-07-26,LPPO,Santa Maria FIR,0
2019-07-26,LQSB,Sarajevo FIR,2
2019-07-26,LRBB,Bucarest FIR,1
2019-07-26,LSAS,Switzerland FIR,5
2019-07-26,LUUU,Chisinau FIR,0
2019-07-26,LWSS,Skopje FIR,0
2019-07-26,LYBA,Beograd FIR,2
2019-07-26,LZBB,Bratislava  FIR,1
2019-07-26,UKBV,Kiev FIR,0
2019-07-26,UKDV,Dnipro FIR,0
2019-07-26,UKLV,Lvov FIR,0
2019-07-26,UKOV,Odessa FIR,0
2019-07-26,ULLL,Sankt-Peterburg FIR,0
2019-07-26,UMKK,Kaliningrad FIR,0
2019-07-26,UMMV,Minsk FIR,0
2019-07-26,UNNT,Novosibirsk FIR,1
2019-07-26,URRV,Rostov-Na-Donu FIR,0
2019-07-26,USSV,Yekaterinburg FIR,0
2019-07-26,UUWV,Moscow FIR,1
2019-07-26,UWWW,Samara FIR,0
2019-07-27,BIRD,Reykjavik FIR,7
2019-07-27,EBBU,Brussels FIR,9
2019-07-27,EDGG,Langen FIR,20
2019-07-27,EDMM,Munchen FIR,11
2019-07-27,EDWW,Bremen FIR,0
2019-07-27,EETT,Tallinn FIR,0
2019-07-27,EFIN,Helsinki FIR,1
2019-07-27,EGPX,Scottish FIR,1
2019-07-27,EGTT,London FIR,51
2019-07-27,EHAA,Amsterdam FIR,13
2019-07-27,EISN,Shannon FIR,7
2019-07-27,EKDK,Copenhagen FIR,3
2019-07-27,ENOB,Bodo Oceanic FIR,0
2019-07-27,ENOR,Polaris FIR,2
2019-07-27,EPWW,Warszawa FIR,6
2019-07-27,ESAA,Sweden FIR,0
2019-07-27,EVRR,Riga FIR,0
2019-07-27,EYVL,Vilnius FIR,0
2019-07-27,GCCC,Canarias FIR,0
2019-07-27,GMMM,Casablanca FIR,0
2019-07-27,LAAA,Tirana FIR,0
2019-07-27,LBSR,Sofia FIR,0
2019-07-27,LDZO,Zagreb FIR,0
2019-07-27,LECB,Barcelona FIR,17
2019-07-27,LECM,Madrid FIR,6
2019-07-27,LFBB,Bordeaux FIR,1
2019-07-27,LFEE,Reims FIR,0
2019-07-27,LFFF,Paris FIR,21
2019-07-27,LFMM,Marseille FIR,2
2019-07-27,LFRR,Brest FIR,0
2019-07-27,LGGG,Athinai FIR,10
2019-07-27,LHCC,Budapest FIR,2
2019-07-27,LIBB,Brindisi FIR,0
2019-07-27,LIMM,Milano FIR,7
2019-07-27,LIRR,Roma FIR,9
2019-07-27,LJLA,Ljubljana FIR,0
2019-07-27,LKAA,Praha FIR,2
2019-07-27,LMMM,Malta FIR,0
2019-07-27,LOVV,Wien FIR,1
2019-07-27,LPPC,Lisboa FIR,0
2019-07-27,LPPO,Santa Maria FIR,0
2019-07-27,LQSB,Sarajevo FIR,0
2019-07-27,LRBB,Bucarest FIR,0
2019-07-27,LSAS,Switzerland FIR,6
2019-07-27,LUUU,Chisinau FIR,1
2019-07-27,LWSS,Skopje FIR,0
2019-07-27,LYBA,Beograd FIR,0
2019-07-27,LZBB,Bratislava  FIR,0
2019-07-27,UKBV,Kiev FIR,0
2019-07-27,UKDV,Dnipro FIR,0
2019-07-27,UKLV,Lvov FIR,0
2019-07-27,UKOV,Odessa FIR,0
2019-07-27,ULLL,Sankt-Peterburg FIR,0
2019-07-27,ULMM,Murmansk FIR,0
2019-07-27,UMKK,Kaliningrad FIR,0
2019-07-27,UMMV,Minsk FIR,0
2019-07-27,UNNT,Novosibirsk FIR,0
2019-07-27,URRV,Rostov-Na-Donu FIR,0
2019-07-27,USSV,Yekaterinburg FIR,0
2019-07-27,UUWV,Moscow FIR,3
2019-07-27,UWWW,Samara FIR,0
2019-07-28,BIRD,Reykjavik FIR,7
2019-07-28,EBBU,Brussels FIR,16
2019-07-28,EDGG,Langen FIR,55
2019-07-28,EDMM,Munchen FIR,17
2019-07-28,EDWW,Bremen FIR,9
2019-07-28,EETT,Tallinn FIR,0
2019-07-28,EFIN,Helsinki FIR,6
2019-07-28,EGPX,Scottish FIR,6
2019-07-28,EGTT,London FIR,84
2019-07-28,EHAA,Amsterdam FIR,27
2019-07-28,EISN,Shannon FIR,5
2019-07-28,EKDK,Copenhagen FIR,12
2019-07-28,ENOB,Bodo Oceanic FIR,0
2019-07-28,ENOR,Polaris FIR,6
2019-07-28,EPWW,Warszawa FIR,9
2019-07-28,ESAA,Sweden FIR,10
2019-07-28,EVRR,Riga FIR,2
2019-07-28,EYVL,Vilnius FIR,3
2019-07-28,GCCC,Canarias FIR,1
2019-07-28,GMMM,Casablanca FIR,0
2019-07-28,LAAA,Tirana FIR,1
2019-07-28,LBSR,Sofia FIR,4
2019-07-28,LDZO,Zagreb FIR,8
2019-07-28,LECB,Barcelona FIR,14
2019-07-28,LECM,Madrid FIR,17
2019-07-28,LFBB,Bordeaux FIR,0
2019-07-28,LFEE,Reims FIR,0
2019-07-28,LFFF,Paris FIR,37
2019-07-28,LFMM,Marseille FIR,4
2019-07-28,LFRR,Brest FIR,0
2019-07-28,LGGG,Athinai FIR,21
2019-07-28,LHCC,Budapest FIR,3
2019-07-28,LIBB,Brindisi FIR,0
2019-07-28,LIMM,Milano FIR,15
2019-07-28,LIRR,Roma FIR,18
2019-07-28,LJLA,Ljubljana FIR,0
2019-07-28,LKAA,Praha FIR,1
2019-07-28,LMMM,Malta FIR,0
2019-07-28,LOVV,Wien FIR,4
2019-07-28,LPPC,Lisboa FIR,7
2019-07-28,LPPO,Santa Maria FIR,0
2019-07-28,LQSB,Sarajevo FIR,1
2019-07-28,LRBB,Bucarest FIR,10
2019-07-28,LSAS,Switzerland FIR,11
2019-07-28,LUUU,Chisinau FIR,1
2019-07-28,LWSS,Skopje FIR,1
2019-07-28,LYBA,Beograd FIR,1
2019-07-28,LZBB,Bratislava  FIR,0
2019-07-28,UKBV,Kiev FIR,0
2019-07-28,UKDV,Dnipro FIR,1
2019-07-28,UKLV,Lvov FIR,0
2019-07-28,UKOV,Odessa FIR,0
2019-07-28,ULLL,Sankt-Peterburg FIR,0
2019-07-28,UMMV,Minsk FIR,0
2019-07-28,UNNT,Novosibirsk FIR,1
2019-07-28,URRV,Rostov-Na-Donu FIR,0
2019-07-28,USSV,Yekaterinburg FIR,0
2019-07-28,UUWV,Moscow FIR,8
2019-07-28,UWWW,Samara FIR,0
2019-07-29,BIRD,Reykjavik FIR,7
2019-07-29,EBBU,Brussels FIR,5
2019-07-29,EDGG,Langen FIR,18
2019-07-29,EDMM,Munchen FIR,7
2019-07-29,EDWW,Bremen FIR,4
2019-07-29,EETT,Tallinn FIR,0
2019-07-29,EFIN,Helsinki FIR,9
2019-07-29,EGPX,Scottish FIR,0
2019-07-29,EGTT,London FIR,38
2019-07-29,EHAA,Amsterdam FIR,12
2019-07-29,EISN,Shannon FIR,3
2019-07-29,EKDK,Copenhagen FIR,4
2019-07-29,ENOB,Bodo Oceanic FIR,0
2019-07-29,ENOR,Polaris FIR,5
2019-07-29,EPWW,Warszawa FIR,2
2019-07-29,ESAA,Sweden FIR,3
2019-07-29,EVRR,Riga FIR,2
2019-07-29,EYVL,Vilnius FIR,1
2019-07-29,GCCC,Canarias FIR,0
2019-07-29,GMMM,Casablanca FIR,0
2019-07-29,LAAA,Tirana FIR,0
2019-07-29,LBSR,Sofia FIR,3
2019-07-29,LDZO,Zagreb FIR,0
2019-07-29,LECB,Barcelona FIR,3
2019-07-29,LECM,Madrid FIR,6
2019-07-29,LFBB,Bordeaux FIR,1
2019-07-29,LFEE,Reims FIR,0
2019-07-29,LFFF,Paris FIR,15
2019-07-29,LFMM,Marseille FIR,1
2019-07-29,LFRR,Brest FIR,0
2019-07-29,LGGG,Athinai FIR,2
2019-07-29,LHCC,Budapest FIR,2
2019-07-29,LIBB,Brindisi FIR,0
2019-07-29,LIMM,Milano FIR,4
2019-07-29,LIRR,Roma FIR,6
2019-07-29,LJLA,Ljubljana FIR,0
2019-07-29,LKAA,Praha FIR,0
2019-07-29,LMMM,Malta FIR,0
2019-07-29,LOVV,Wien FIR,2
2019-07-29,LPPC,Lisboa FIR,4
2019-07-29,LPPO,Santa Maria FIR,0
2019-07-29,LQSB,Sarajevo FIR,1
2019-07-29,LRBB,Bucarest FIR,0
2019-07-29,LSAS,Switzerland FIR,4
2019-07-29,LUUU,Chisinau FIR,0
2019-07-29,LWSS,Skopje FIR,0
2019-07-29,LYBA,Beograd FIR,0
2019-07-29,LZBB,Bratislava  FIR,0
2019-07-29,UKBV,Kiev FIR,2
2019-07-29,UKDV,Dnipro FIR,0
2019-07-29,UKLV,Lvov FIR,0
2019-07-29,UKOV,Odessa FIR,0
2019-07-29,ULLL,Sankt-Peterburg FIR,2
2019-07-29,UMKK,Kaliningrad FIR,0
2019-07-29,UMMV,Minsk FIR,0
2019-07-29,UNNT,Novosibirsk FIR,0
2019-07-29,URRV,Rostov-Na-Donu FIR,0
2019-07-29,USSV,Yekaterinburg FIR,0
2019-07-29,USTV,Tyumen FIR,0
2019-07-29,UUWV,Moscow FIR,7
2019-07-29,UWWW,Samara FIR,0
2019-07-30,BIRD,Reykjavik FIR,6
2019-07-30,EBBU,Brussels FIR,2
2019-07-30,EDGG,Langen FIR,20
2019-07-30,EDMM,Munchen FIR,8
2019-07-30,EDWW,Bremen FIR,0
2019-07-30,EETT,Tallinn FIR,0
2019-07-30,EFIN,Helsinki FIR,0
2019-07-30,EGPX,Scottish FIR,0
2019-07-30,EGTT,London FIR,37
2019-07-30,EHAA,Amsterdam FIR,9
2019-07-30,EISN,Shannon FIR,2
2019-07-30,EKDK,Copenhagen FIR,5
2019-07-30,ENOB,Bodo Oceanic FIR,0
2019-07-30,ENOR,Polaris FIR,1
2019-07-30,EPWW,Warszawa FIR,0
2019-07-30,ESAA,Sweden FIR,0
2019-07-30,EVRR,Riga FIR,0
2019-07-30,EYVL,Vilnius FIR,0
2019-07-30,GCCC,Canarias FIR,10
2019-07-30,GMMM,Casablanca FIR,0
2019-07-30,LAAA,Tirana FIR,0
2019-07-30,LBSR,Sofia FIR,0
2019-07-30,LDZO,Zagreb FIR,0
2019-07-30,LECB,Barcelona FIR,1
2019-07-30,LECM,Madrid FIR,11
2019-07-30,LFBB,Bordeaux FIR,0
2019-07-30,LFEE,Reims FIR,0
2019-07-30,LFFF,Paris FIR,16
2019-07-30,LFMM,Marseille FIR,0
2019-07-30,LFRR,Brest FIR,0
2019-07-30,LGGG,Athinai FIR,4
2019-07-30,LHCC,Budapest FIR,1
2019-07-30,LIBB,Brindisi FIR,0
2019-07-30,LIMM,Milano FIR,3
2019-07-30,LIRR,Roma FIR,6
2019-07-30,LJLA,Ljubljana FIR,0
2019-07-30,LKAA,Praha FIR,0
2019-07-30,LMMM,Malta FIR,0
2019-07-30,LOVV,Wien FIR,0
2019-07-30,LPPC,Lisboa FIR,3
2019-07-30,LPPO,Santa Maria FIR,4
2019-07-30,LQSB,Sarajevo FIR,0
2019-07-30,LRBB,Bucarest FIR,0
2019-07-30,LSAS,Switzerland FIR,1
2019-07-30,LUUU,Chisinau FIR,0
2019-07-30,LWSS,Skopje FIR,0
2019-07-30,LYBA,Beograd FIR,0
2019-07-30,LZBB,Bratislava  FIR,0
2019-07-30,UKBV,Kiev FIR,0
2019-07-30,UKDV,Dnipro FIR,0
2019-07-30,UKLV,Lvov FIR,0
2019-07-30,UKOV,Odessa FIR,0
2019-07-30,ULLL,Sankt-Peterburg FIR,0
2019-07-30,UMKK,Kaliningrad FIR,0
2019-07-30,UMMV,Minsk FIR,0
2019-07-30,UNKL,Krasnoyarsk FIR,0
2019-07-30,UNNT,Novosibirsk FIR,0
2019-07-30,URRV,Rostov-Na-Donu FIR,0
2019-07-30,USSV,Yekaterinburg FIR,0
2019-07-30,UUWV,Moscow FIR,2
2019-07-30,UWWW,Samara FIR,0
2019-07-31,BIRD,Reykjavik FIR,3
2019-07-31,EBBU,Brussels FIR,7
2019-07-31,EDGG,Langen FIR,27
2019-07-31,EDMM,Munchen FIR,2
2019-07-31,EDWW,Bremen FIR,5
2019-07-31,EETT,Tallinn FIR,0
2019-07-31,EFIN,Helsinki FIR,2
2019-07-31,EGPX,Scottish FIR,0
2019-07-31,EGTT,London FIR,59
2019-07-31,EHAA,Amsterdam FIR,13
2019-07-31,EISN,Shannon FIR,2
2019-07-31,EKDK,Copenhagen FIR,4
2019-07-31,ENOB,Bodo Oceanic FIR,0
2019-07-31,ENOR,Polaris FIR,2
2019-07-31,EPWW,Warszawa FIR,3
2019-07-31,ESAA,Sweden FIR,2
2019-07-31,EVRR,Riga FIR,0
2019-07-31,EYVL,Vilnius FIR,2
2019-07-31,GCCC,Canarias FIR,18
2019-07-31,GMMM,Casablanca FIR,0
2019-07-31,LAAA,Tirana FIR,0
2019-07-31,LBSR,Sofia FIR,0
2019-07-31,LDZO,Zagreb FIR,2
2019-07-31,LECB,Barcelona FIR,12
2019-07-31,LECM,Madrid FIR,27
2019-07-31,LFBB,Bordeaux FIR,0
2019-07-31,LFEE,Reims FIR,0
2019-07-31,LFFF,Paris FIR,45
2019-07-31,LFMM,Marseille FIR,1
2019-07-31,LFRR,Brest FIR,0
2019-07-31,LGGG,Athinai FIR,3
2019-07-31,LHCC,Budapest FIR,1
2019-07-31,LIBB,Brindisi FIR,0
2019-07-31,LIMM,Milano FIR,12
2019-07-31,LIRR,Roma FIR,14
2019-07-31,LJLA,Ljubljana FIR,0
2019-07-31,LKAA,Praha FIR,1
2019-07-31,LMMM,Malta FIR,0
2019-07-31,LOVV,Wien FIR,1
2019-07-31,LPPC,Lisboa FIR,22
2019-07-31,LPPO,Santa Maria FIR,0
2019-07-31,LQSB,Sarajevo FIR,0
2019-07-31,LRBB,Bucarest FIR,1
2019-07-31,LSAS,Switzerland FIR,15
2019-07-31,LUUU,Chisinau FIR,0
2019-07-31,LWSS,Skopje FIR,0
2019-07-31,LYBA,Beograd FIR,0
2019-07-31,LZBB,Bratislava  FIR,0
2019-07-31,UKBV,Kiev FIR,0
2019-07-31,UKDV,Dnipro FIR,0
2019-07-31,UKLV,Lvov FIR,0
2019-07-31,UKOV,Odessa FIR,0
2019-07-31,ULLL,Sankt-Peterburg FIR,0
2019-07-31,UMKK,Kaliningrad FIR,0
2019-07-31,UMMV,Minsk FIR,0
2019-07-31,UNNT,Novosibirsk FIR,0
2019-07-31,URRV,Rostov-Na-Donu FIR,0
2019-07-31,USSV,Yekaterinburg FIR,2
2019-07-31,USTV,Tyumen FIR,0
2019-07-31,UUWV,Moscow FIR,3
2019-07-31,UWWW,Samara FIR,0
2019-08-01,BIRD,Reykjavik FIR,1
2019-08-01,EBBU,Brussels FIR,7
2019-08-01,EDGG,Langen FIR,36
2019-08-01,EDMM,Munchen FIR,13
2019-08-01,EDWW,Bremen FIR,0
2019-08-01,EETT,Tallinn FIR,0
2019-08-01,EFIN,Helsinki FIR,2
2019-08-01,EGPX,Scottish FIR,2
2019-08-01,EGTT,London FIR,58
2019-08-01,EHAA,Amsterdam FIR,9
2019-08-01,EISN,Shannon FIR,4
2019-08-01,EKDK,Copenhagen FIR,1
2019-08-01,ENOB,Bodo Oceanic FIR,0
2019-08-01,ENOR,Polaris FIR,2
2019-08-01,EPWW,Warszawa FIR,1
2019-08-01,ESAA,Sweden FIR,3
2019-08-01,EVRR,Riga FIR,0
2019-08-01,EYVL,Vilnius FIR,0
2019-08-01,GCCC,Canarias FIR,14
2019-08-01,GMMM,Casablanca FIR,0
2019-08-01,LAAA,Tirana FIR,1
2019-08-01,LBSR,Sofia FIR,3
2019-08-01,LDZO,Zagreb FIR,1
2019-08-01,LECB,Barcelona FIR,9
2019-08-01,LECM,Madrid FIR,13
2019-08-01,LFBB,Bordeaux FIR,1
2019-08-01,LFEE,Reims FIR,4
2019-08-01,LFFF,Paris FIR,34
2019-08-01,LFMM,Marseille FIR,3
2019-08-01,LFRR,Brest FIR,0
2019-08-01,LGGG,Athinai FIR,9
2019-08-01,LHCC,Budapest FIR,4
2019-08-01,LIBB,Brindisi FIR,0
2019-08-01,LIMM,Milano FIR,10
2019-08-01,LIRR,Roma FIR,8
2019-08-01,LJLA,Ljubljana FIR,0
2019-08-01,LKAA,Praha FIR,0
2019-08-01,LMMM,Malta FIR,1
2019-08-01,LOVV,Wien FIR,7
2019-08-01,LPPC,Lisboa FIR,5
2019-08-01,LPPO,Santa Maria FIR,0
2019-08-01,LQSB,Sarajevo FIR,0
2019-08-01,LRBB,Bucarest FIR,3
2019-08-01,LSAS,Switzerland FIR,7
2019-08-01,LUUU,Chisinau FIR,0
2019-08-01,LWSS,Skopje FIR,0
2019-08-01,LYBA,Beograd FIR,1
2019-08-01,LZBB,Bratislava  FIR,0
2019-08-01,UKBV,Kiev FIR,0
2019-08-01,UKDV,Dnipro FIR,0
2019-08-01,UKLV,Lvov FIR,0
2019-08-01,UKOV,Odessa FIR,0
2019-08-01,ULLL,Sankt-Peterburg FIR,1
2019-08-01,ULMM,Murmansk FIR,0
2019-08-01,UMMV,Minsk FIR,0
2019-08-01,UNNT,Novosibirsk FIR,0
2019-08-01,USSV,Yekaterinburg FIR,0
2019-08-01,UUWV,Moscow FIR,3
2019-08-01,UWWW,Samara FIR,0
2019-08-02,BIRD,Reykjavik FIR,3
2019-08-02,EBBU,Brussels FIR,8
2019-08-02,EDGG,Langen FIR,35
2019-08-02,EDMM,Munchen FIR,20
2019-08-02,EDWW,Bremen FIR,2
2019-08-02,EETT,Tallinn FIR,0
2019-08-02,EFIN,Helsinki FIR,2
2019-08-02,EGPX,Scottish FIR,4
2019-08-02,EGTT,London FIR,73
2019-08-02,EHAA,Amsterdam FIR,17
2019-08-02,EISN,Shannon FIR,11
2019-08-02,EKDK,Copenhagen FIR,8
2019-08-02,ENOB,Bodo Oceanic FIR,0
2019-08-02,ENOR,Polaris FIR,4
2019-08-02,EPWW,Warszawa FIR,8
2019-08-02,ESAA,Sweden FIR,2
2019-08-02,EVRR,Riga FIR,0
2019-08-02,EYVL,Vilnius FIR,1
2019-08-02,GCCC,Canarias FIR,32
2019-08-02,GMMM,Casablanca FIR,0
2019-08-02,LAAA,Tirana FIR,0
2019-08-02,LBSR,Sofia FIR,9
2019-08-02,LDZO,Zagreb FIR,1
2019-08-02,LECB,Barcelona FIR,10
2019-08-02,LECM,Madrid FIR,28
2019-08-02,LFBB,Bordeaux FIR,0
2019-08-02,LFEE,Reims FIR,6
2019-08-02,LFFF,Paris FIR,24
2019-08-02,LFMM,Marseille FIR,3
2019-08-02,LFRR,Brest FIR,0
2019-08-02,LGGG,Athinai FIR,6
2019-08-02,LHCC,Budapest FIR,4
2019-08-02,LIBB,Brindisi FIR,0
2019-08-02,LIMM,Milano FIR,8
2019-08-02,LIRR,Roma FIR,8
2019-08-02,LJLA,Ljubljana FIR,0
2019-08-02,LKAA,Praha FIR,2
2019-08-02,LMMM,Malta FIR,1
2019-08-02,LOVV,Wien FIR,3
2019-08-02,LPPC,Lisboa FIR,18
2019-08-02,LPPO,Santa Maria FIR,0
2019-08-02,LQSB,Sarajevo FIR,0
2019-08-02,LRBB,Bucarest FIR,7
2019-08-02,LSAS,Switzerland FIR,3
2019-08-02,LUUU,Chisinau FIR,1
2019-08-02,LWSS,Skopje FIR,1
2019-08-02,LYBA,Beograd FIR,3
2019-08-02,LZBB,Bratislava  FIR,0
2019-08-02,UKBV,Kiev FIR,5
2019-08-02,UKDV,Dnipro FIR,0
2019-08-02,UKLV,Lvov FIR,0
2019-08-02,UKOV,Odessa FIR,0
2019-08-02,ULLL,Sankt-Peterburg FIR,2
2019-08-02,UMKK,Kaliningrad FIR,0
2019-08-02,UMMV,Minsk FIR,0
2019-08-02,UNNT,Novosibirsk FIR,0
2019-08-02,URRV,Rostov-Na-Donu FIR,0
2019-08-02,USSV,Yekaterinburg FIR,0
2019-08-02,UUWV,Moscow FIR,9
2019-08-02,UWWW,Samara FIR,0
2019-08-03,BIRD,Reykjavik FIR,9
2019-08-03,EBBU,Brussels FIR,12
2019-08-03,EDGG,Langen FIR,30
2019-08-03,EDMM,Munchen FIR,14
2019-08-03,EDWW,Bremen FIR,2
2019-08-03,EETT,Tallinn FIR,0
2019-08-03,EFIN,Helsinki FIR,2
2019-08-03,EGPX,Scottish FIR,4
2019-08-03,EGTT,London FIR,90
2019-08-03,EHAA,Amsterdam FIR,19
2019-08-03,EISN,Shannon FIR,9
2019-08-03,EKDK,Copenhagen FIR,1
2019-08-03,ENOB,Bodo Oceanic FIR,1
2019-08-03,ENOR,Polaris FIR,0
2019-08-03,EPWW,Warszawa FIR,3
2019-08-03,ESAA,Sweden FIR,1
2019-08-03,EVRR,Riga FIR,0
2019-08-03,EYVL,Vilnius FIR,0
2019-08-03,GCCC,Canarias FIR,24
2019-08-03,GMMM,Casablanca FIR,0
2019-08-03,LAAA,Tirana FIR,0
2019-08-03,LBSR,Sofia FIR,0
2019-08-03,LDZO,Zagreb FIR,0
2019-08-03,LECB,Barcelona FIR,11
2019-08-03,LECM,Madrid FIR,16
2019-08-03,LFBB,Bordeaux FIR,0
2019-08-03,LFEE,Reims FIR,2
2019-08-03,LFFF,Paris FIR,42
2019-08-03,LFMM,Marseille FIR,1
2019-08-03,LFRR,Brest FIR,0
2019-08-03,LGGG,Athinai FIR,14
2019-08-03,LHCC,Budapest FIR,0
2019-08-03,LIBB,Brindisi FIR,0
2019-08-03,LIMM,Milano FIR,17
2019-08-03,LIRR,Roma FIR,17
2019-08-03,LJLA,Ljubljana FIR,0
2019-08-03,LKAA,Praha FIR,4
2019-08-03,LMMM,Malta FIR,0
2019-08-03,LOVV,Wien FIR,7
2019-08-03,LPPC,Lisboa FIR,17
2019-08-03,LPPO,Santa Maria FIR,0
2019-08-03,LQSB,Sarajevo FIR,0
2019-08-03,LRBB,Bucarest FIR,0
2019-08-03,LSAS,Switzerland FIR,7
2019-08-03,LUUU,Chisinau FIR,0
2019-08-03,LWSS,Skopje FIR,0
2019-08-03,LYBA,Beograd FIR,0
2019-08-03,LZBB,Bratislava  FIR,0
2019-08-03,UKBV,Kiev FIR,2
2019-08-03,UKDV,Dnipro FIR,0
2019-08-03,UKLV,Lvov FIR,0
2019-08-03,UKOV,Odessa FIR,0
2019-08-03,ULLL,Sankt-Peterburg FIR,0
2019-08-03,ULMM,Murmansk FIR,0
2019-08-03,UMKK,Kaliningrad FIR,0
2019-08-03,UMMV,Minsk FIR,0
2019-08-03,UNNT,Novosibirsk FIR,0
2019-08-03,URRV,Rostov-Na-Donu FIR,1
2019-08-03,USSV,Yekaterinburg FIR,0
2019-08-03,UUWV,Moscow FIR,2
2019-08-03,UWWW,Samara FIR,0
2019-08-04,BIRD,Reykjavik FIR,11
2019-08-04,EBBU,Brussels FIR,27
2019-08-04,EDGG,Langen FIR,49
2019-08-04,EDMM,Munchen FIR,16
2019-08-04,EDWW,Bremen FIR,10
2019-08-04,EETT,Tallinn FIR,0
2019-08-04,EFIN,Helsinki FIR,5
2019-08-04,EGPX,Scottish FIR,14
2019-08-04,EGTT,London FIR,170
2019-08-04,EHAA,Amsterdam FIR,36
2019-08-04,EISN,Shannon FIR,23
2019-08-04,EKDK,Copenhagen FIR,10
2019-08-04,ENOB,Bodo Oceanic FIR,0
2019-08-04,ENOR,Polaris FIR,4
2019-08-04,EPWW,Warszawa FIR,10
2019-08-04,ESAA,Sweden FIR,10
2019-08-04,EVRR,Riga FIR,1
2019-08-04,EYVL,Vilnius FIR,0
2019-08-04,GCCC,Canarias FIR,22
2019-08-04,GMMM,Casablanca FIR,0
2019-08-04,LAAA,Tirana FIR,1
2019-08-04,LBSR,Sofia FIR,3
2019-08-04,LDZO,Zagreb FIR,2
2019-08-04,LECB,Barcelona FIR,58
2019-08-04,LECM,Madrid FIR,63
2019-08-04,LFBB,Bordeaux FIR,2
2019-08-04,LFEE,Reims FIR,0
2019-08-04,LFFF,Paris FIR,46
2019-08-04,LFMM,Marseille FIR,12
2019-08-04,LFRR,Brest FIR,2
2019-08-04,LGGG,Athinai FIR,19
2019-08-04,LHCC,Budapest FIR,5
2019-08-04,LIBB,Brindisi FIR,1
2019-08-04,LIMM,Milano FIR,21
2019-08-04,LIRR,Roma FIR,17
2019-08-04,LJLA,Ljubljana FIR,0
2019-08-04,LKAA,Praha FIR,4
2019-08-04,LMMM,Malta FIR,0
2019-08-04,LOVV,Wien FIR,9
2019-08-04,LPPC,Lisboa FIR,40
2019-08-04,LPPO,Santa Maria FIR,0
2019-08-04,LQSB,Sarajevo FIR,0
2019-08-04,LRBB,Bucarest FIR,6
2019-08-04,LSAS,Switzerland FIR,10
2019-08-04,LUUU,Chisinau FIR,1
2019-08-04,LWSS,Skopje FIR,0
2019-08-04,LYBA,Beograd FIR,1
2019-08-04,LZBB,Bratislava  FIR,0
2019-08-04,UKBV,Kiev FIR,0
2019-08-04,UKDV,Dnipro FIR,0
2019-08-04,UKLV,Lvov FIR,0
2019-08-04,UKOV,Odessa FIR,0
2019-08-04,ULLL,Sankt-Peterburg FIR,1
2019-08-04,UMMV,Minsk FIR,0
2019-08-04,UNKL,Krasnoyarsk FIR,0
2019-08-04,UNNT,Novosibirsk FIR,1
2019-08-04,URRV,Rostov-Na-Donu FIR,0
2019-08-04,USSV,Yekaterinburg FIR,0
2019-08-04,UUWV,Moscow FIR,3
2019-08-04,UWWW,Samara FIR,1
2019-08-05,BIRD,Reykjavik FIR,7
2019-08-05,EBBU,Brussels FIR,9
2019-08-05,EDGG,Langen FIR,44
2019-08-05,EDMM,Munchen FIR,15
2019-08-05,EDWW,Bremen FIR,9
2019-08-05,EETT,Tallinn FIR,2
2019-08-05,EFIN,Helsinki FIR,6
2019-08-05,EGPX,Scottish FIR,18
2019-08-05,EGTT,London FIR,217
2019-08-05,EHAA,Amsterdam FIR,26
2019-08-05,EISN,Shannon FIR,12
2019-08-05,EKDK,Copenhagen FIR,7
2019-08-05,ENOB,Bodo Oceanic FIR,0
2019-08-05,ENOR,Polaris FIR,9
2019-08-05,EPWW,Warszawa FIR,11
2019-08-05,ESAA,Sweden FIR,7
2019-08-05,EVRR,Riga FIR,2
2019-08-05,EYVL,Vilnius FIR,2
2019-08-05,GCCC,Canarias FIR,38
2019-08-05,GMMM,Casablanca FIR,0
2019-08-05,LAAA,Tirana FIR,2
2019-08-05,LBSR,Sofia FIR,10
2019-08-05,LDZO,Zagreb FIR,2
2019-08-05,LECB,Barcelona FIR,32
2019-08-05,LECM,Madrid FIR,24
2019-08-05,LFBB,Bordeaux FIR,1
2019-08-05,LFEE,Reims FIR,0
2019-08-05,LFFF,Paris FIR,40
2019-08-05,LFMM,Marseille FIR,6
2019-08-05,LFRR,Brest FIR,1
2019-08-05,LGGG,Athinai FIR,14
2019-08-05,LHCC,Budapest FIR,10
2019-08-05,LIBB,Brindisi FIR,1
2019-08-05,LIMM,Milano FIR,7
2019-08-05,LIRR,Roma FIR,3
2019-08-05,LJLA,Ljubljana FIR,1
2019-08-05,LKAA,Praha FIR,7
2019-08-05,LMMM,Malta FIR,0
2019-08-05,LOVV,Wien FIR,13
2019-08-05,LPPC,Lisboa FIR,30
2019-08-05,LPPO,Santa Maria FIR,0
2019-08-05,LQSB,Sarajevo FIR,1
2019-08-05,LRBB,Bucarest FIR,16
2019-08-05,LSAS,Switzerland FIR,9
2019-08-05,LUUU,Chisinau FIR,2
2019-08-05,LWSS,Skopje FIR,0
2019-08-05,LYBA,Beograd FIR,3
2019-08-05,LZBB,Bratislava  FIR,3
2019-08-05,UKBV,Kiev FIR,0
2019-08-05,UKDV,Dnipro FIR,0
2019-08-05,UKLV,Lvov FIR,0
2019-08-05,UKOV,Odessa FIR,0
2019-08-05,ULLL,Sankt-Peterburg FIR,1
2019-08-05,UMKK,Kaliningrad FIR,0
2019-08-05,UMMV,Minsk FIR,0
2019-08-05,UNNT,Novosibirsk FIR,0
2019-08-05,URRV,Rostov-Na-Donu FIR,0
2019-08-05,USSV,Yekaterinburg FIR,0
2019-08-05,UUWV,Moscow FIR,24
2019-08-05,UWWW,Samara FIR,0
2019-08-06,BIRD,Reykjavik FIR,10
2019-08-06,EBBU,Brussels FIR,36
2019-08-06,EDGG,Langen FIR,106
2019-08-06,EDMM,Munchen FIR,40
2019-08-06,EDWW,Bremen FIR,32
2019-08-06,EETT,Tallinn FIR,2
2019-08-06,EFIN,Helsinki FIR,12
2019-08-06,EGPX,Scottish FIR,15
2019-08-06,EGTT,London FIR,248
2019-08-06,EHAA,Amsterdam FIR,57
2019-08-06,EISN,Shannon FIR,21
2019-08-06,EKDK,Copenhagen FIR,19
2019-08-06,ENOB,Bodo Oceanic FIR,0
2019-08-06,ENOR,Polaris FIR,11
2019-08-06,EPWW,Warszawa FIR,36
2019-08-06,ESAA,Sweden FIR,19
2019-08-06,EVRR,Riga FIR,3
2019-08-06,EYVL,Vilnius FIR,8
2019-08-06,GCCC,Canarias FIR,45
2019-08-06,GMMM,Casablanca FIR,0
2019-08-06,LAAA,Tirana FIR,1
2019-08-06,LBSR,Sofia FIR,11
2019-08-06,LDZO,Zagreb FIR,18
2019-08-06,LECB,Barcelona FIR,128
2019-08-06,LECM,Madrid FIR,82
2019-08-06,LFBB,Bordeaux FIR,3
2019-08-06,LFEE,Reims FIR,8
2019-08-06,LFFF,Paris FIR,77
2019-08-06,LFMM,Marseille FIR,16
2019-08-06,LFRR,Brest FIR,0
2019-08-06,LGGG,Athinai FIR,98
2019-08-06,LHCC,Budapest FIR,10
2019-08-06,LIBB,Brindisi FIR,7
2019-08-06,LIMM,Milano FIR,41
2019-08-06,LIRR,Roma FIR,32
2019-08-06,LJLA,Ljubljana FIR,0
2019-08-06,LKAA,Praha FIR,9
2019-08-06,LMMM,Malta FIR,5
2019-08-06,LOVV,Wien FIR,20
2019-08-06,LPPC,Lisboa FIR,78
2019-08-06,LPPO,Santa Maria FIR,4
2019-08-06,LQSB,Sarajevo FIR,1
2019-08-06,LRBB,Bucarest FIR,17
2019-08-06,LSAS,Switzerland FIR,22
2019-08-06,LUUU,Chisinau FIR,2
2019-08-06,LWSS,Skopje FIR,3
2019-08-06,LYBA,Beograd FIR,8
2019-08-06,LZBB,Bratislava  FIR,1
2019-08-06,UKBV,Kiev FIR,4
2019-08-06,UKDV,Dnipro FIR,0
2019-08-06,UKLV,Lvov FIR,1
2019-08-06,UKOV,Odessa FIR,0
2019-08-06,ULLL,Sankt-Peterburg FIR,2
2019-08-06,UMKK,Kaliningrad FIR,1
2019-08-06,UMMV,Minsk FIR,0
2019-08-06,UNNT,Novosibirsk FIR,0
2019-08-06,URRV,Rostov-Na-Donu FIR,0
2019-08-06,USSV,Yekaterinburg FIR,0
2019-08-06,UUWV,Moscow FIR,26
2019-08-06,UWWW,Samara FIR,0
2019-08-07,BIRD,Reykjavik FIR,6
2019-08-07,EBBU,Brussels FIR,28
2019-08-07,EDGG,Langen FIR,93
2019-08-07,EDMM,Munchen FIR,27
2019-08-07,EDWW,Bremen FIR,27
2019-08-07,EETT,Tallinn FIR,1
2019-08-07,EFIN,Helsinki FIR,7
2019-08-07,EGPX,Scottish FIR,33
2019-08-07,EGTT,London FIR,244
2019-08-07,EHAA,Amsterdam FIR,46
2019-08-07,EISN,Shannon FIR,26
2019-08-07,EKDK,Copenhagen FIR,9
2019-08-07,ENOB,Bodo Oceanic FIR,0
2019-08-07,ENOR,Polaris FIR,8
2019-08-07,EPWW,Warszawa FIR,34
2019-08-07,ESAA,Sweden FIR,15
2019-08-07,EVRR,Riga FIR,1
2019-08-07,EYVL,Vilnius FIR,4
2019-08-07,GCCC,Canarias FIR,75
2019-08-07,GMMM,Casablanca FIR,0
2019-08-07,LAAA,Tirana FIR,1
2019-08-07,LBSR,Sofia FIR,21
2019-08-07,LDZO,Zagreb FIR,10
2019-08-07,LECB,Barcelona FIR,126
2019-08-07,LECM,Madrid FIR,95
2019-08-07,LFBB,Bordeaux FIR,8
2019-08-07,LFEE,Reims FIR,12
2019-08-07,LFFF,Paris FIR,77
2019-08-07,LFMM,Marseille FIR,14
2019-08-07,LFRR,Brest FIR,6
2019-08-07,LGGG,Athinai FIR,50
2019-08-07,LHCC,Budapest FIR,14
2019-08-07,LIBB,Brindisi FIR,1
2019-08-07,LIMM,Milano FIR,32
2019-08-07,LIRR,Roma FIR,34
2019-08-07,LJLA,Ljubljana FIR,0
2019-08-07,LKAA,Praha FIR,16
2019-08-07,LMMM,Malta FIR,3
2019-08-07,LOVV,Wien FIR,16
2019-08-07,LPPC,Lisboa FIR,120
2019-08-07,LPPO,Santa Maria FIR,1
2019-08-07,LQSB,Sarajevo FIR,0
2019-08-07,LRBB,Bucarest FIR,28
2019-08-07,LSAS,Switzerland FIR,15
2019-08-07,LUUU,Chisinau FIR,3
2019-08-07,LWSS,Skopje FIR,2
2019-08-07,LYBA,Beograd FIR,8
2019-08-07,LZBB,Bratislava  FIR,3
2019-08-07,UKBV,Kiev FIR,16
2019-08-07,UKDV,Dnipro FIR,2
2019-08-07,UKLV,Lvov FIR,2
2019-08-07,UKOV,Odessa FIR,0
2019-08-07,ULLL,Sankt-Peterburg FIR,4
2019-08-07,UMKK,Kaliningrad FIR,0
2019-08-07,UMMV,Minsk FIR,1
2019-08-07,UNNT,Novosibirsk FIR,1
2019-08-07,URRV,Rostov-Na-Donu FIR,0
2019-08-07,USSV,Yekaterinburg FIR,0
2019-08-07,UUWV,Moscow FIR,28
2019-08-07,UWWW,Samara FIR,0
2019-08-08,BIRD,Reykjavik FIR,11
2019-08-08,EBBU,Brussels FIR,22
2019-08-08,EDGG,Langen FIR,68
2019-08-08,EDMM,Munchen FIR,23
2019-08-08,EDWW,Bremen FIR,18
2019-08-08,EETT,Tallinn FIR,0
2019-08-08,EFIN,Helsinki FIR,6
2019-08-08,EGPX,Scottish FIR,15
2019-08-08,EGTT,London FIR,168
2019-08-08,EHAA,Amsterdam FIR,29
2019-08-08,EISN,Shannon FIR,37
2019-08-08,EKDK,Copenhagen FIR,9
2019-08-08,ENOB,Bodo Oceanic FIR,0
2019-08-08,ENOR,Polaris FIR,2
2019-08-08,EPWW,Warszawa FIR,17
2019-08-08,ESAA,Sweden FIR,4
2019-08-08,EVRR,Riga FIR,1
2019-08-08,EYVL,Vilnius FIR,2
2019-08-08,GCCC,Canarias FIR,36
2019-08-08,GMMM,Casablanca FIR,0
2019-08-08,LAAA,Tirana FIR,1
2019-08-08,LBSR,Sofia FIR,17
2019-08-08,LDZO,Zagreb FIR,11
2019-08-08,LECB,Barcelona FIR,45
2019-08-08,LECM,Madrid FIR,39
2019-08-08,LFBB,Bordeaux FIR,1
2019-08-08,LFEE,Reims FIR,2
2019-08-08,LFFF,Paris FIR,50
2019-08-08,LFMM,Marseille FIR,7
2019-08-08,LFRR,Brest FIR,0
2019-08-08,LGGG,Athinai FIR,47
2019-08-08,LHCC,Budapest FIR,5
2019-08-08,LIBB,Brindisi FIR,1
2019-08-08,LIMM,Milano FIR,20
2019-08-08,LIRR,Roma FIR,31
2019-08-08,LJLA,Ljubljana FIR,0
2019-08-08,LKAA,Praha FIR,5
2019-08-08,LMMM,Malta FIR,0
2019-08-08,LOVV,Wien FIR,8
2019-08-08,LPPC,Lisboa FIR,32
2019-08-08,LPPO,Santa Maria FIR,0
2019-08-08,LQSB,Sarajevo FIR,2
2019-08-08,LRBB,Bucarest FIR,28
2019-08-08,LSAS,Switzerland FIR,10
2019-08-08,LUUU,Chisinau FIR,3
2019-08-08,LWSS,Skopje FIR,4
2019-08-08,LYBA,Beograd FIR,6
2019-08-08,LZBB,Bratislava  FIR,0
2019-08-08,UKBV,Kiev FIR,6
2019-08-08,UKDV,Dnipro FIR,1
2019-08-08,UKLV,Lvov FIR,0
2019-08-08,UKOV,Odessa FIR,1
2019-08-08,ULLL,Sankt-Peterburg FIR,5
2019-08-08,UMKK,Kaliningrad FIR,0
2019-08-08,UMMV,Minsk FIR,0
2019-08-08,UNNT,Novosibirsk FIR,1
2019-08-08,URRV,Rostov-Na-Donu FIR,0
2019-08-08,USSV,Yekaterinburg FIR,0
2019-08-08,UUWV,Moscow FIR,4
2019-08-08,UWWW,Samara FIR,0
2019-08-09,BIRD,Reykjavik FIR,6
2019-08-09,EBBU,Brussels FIR,12
2019-08-09,EDGG,Langen FIR,32
2019-08-09,EDMM,Munchen FIR,9
2019-08-09,EDWW,Bremen FIR,9
2019-08-09,EETT,Tallinn FIR,0
2019-08-09,EFIN,Helsinki FIR,4
2019-08-09,EGPX,Scottish FIR,5
2019-08-09,EGTT,London FIR,108
2019-08-09,EHAA,Amsterdam FIR,26
2019-08-09,EISN,Shannon FIR,13
2019-08-09,EKDK,Copenhagen FIR,11
2019-08-09,ENOB,Bodo Oceanic FIR,0
2019-08-09,ENOR,Polaris FIR,8
2019-08-09,EPWW,Warszawa FIR,18
2019-08-09,ESAA,Sweden FIR,7
2019-08-09,EVRR,Riga FIR,2
2019-08-09,EYVL,Vilnius FIR,4
2019-08-09,GCCC,Canarias FIR,2
2019-08-09,GMMM,Casablanca FIR,0
2019-08-09,LAAA,Tirana FIR,1
2019-08-09,LBSR,Sofia FIR,3
2019-08-09,LDZO,Zagreb FIR,6
2019-08-09,LECB,Barcelona FIR,14
2019-08-09,LECM,Madrid FIR,13
2019-08-09,LFBB,Bordeaux FIR,0
2019-08-09,LFEE,Reims FIR,0
2019-08-09,LFFF,Paris FIR,40
2019-08-09,LFMM,Marseille FIR,5
2019-08-09,LFRR,Brest FIR,0
2019-08-09,LGGG,Athinai FIR,15
2019-08-09,LHCC,Budapest FIR,9
2019-08-09,LIBB,Brindisi FIR,1
2019-08-09,LIMM,Milano FIR,13
2019-08-09,LIRR,Roma FIR,15
2019-08-09,LJLA,Ljubljana FIR,1
2019-08-09,LKAA,Praha FIR,2
2019-08-09,LMMM,Malta FIR,0
2019-08-09,LOVV,Wien FIR,8
2019-08-09,LPPC,Lisboa FIR,9
2019-08-09,LPPO,Santa Maria FIR,0
2019-08-09,LQSB,Sarajevo FIR,1
2019-08-09,LRBB,Bucarest FIR,14
2019-08-09,LSAS,Switzerland FIR,6
2019-08-09,LUUU,Chisinau FIR,1
2019-08-09,LWSS,Skopje FIR,0
2019-08-09,LYBA,Beograd FIR,1
2019-08-09,LZBB,Bratislava  FIR,2
2019-08-09,UKBV,Kiev FIR,2
2019-08-09,UKDV,Dnipro FIR,0
2019-08-09,UKLV,Lvov FIR,0
2019-08-09,UKOV,Odessa FIR,0
2019-08-09,ULAA,Arkhangelsk FIR,0
2019-08-09,ULLL,Sankt-Peterburg FIR,1
2019-08-09,UMKK,Kaliningrad FIR,0
2019-08-09,UMMV,Minsk FIR,0
2019-08-09,UNKL,Krasnoyarsk FIR,0
2019-08-09,UNNT,Novosibirsk FIR,1
2019-08-09,URRV,Rostov-Na-Donu FIR,0
2019-08-09,USSV,Yekaterinburg FIR,0
2019-08-09,USTV,Tyumen FIR,2
2019-08-09,UUWV,Moscow FIR,1
2019-08-09,UWWW,Samara FIR,0
2019-08-10,BIRD,Reykjavik FIR,1
2019-08-10,EBBU,Brussels FIR,7
2019-08-10,EDGG,Langen FIR,35
2019-08-10,EDMM,Munchen FIR,2
2019-08-10,EDWW,Bremen FIR,3
2019-08-10,EETT,Tallinn FIR,0
2019-08-10,EFIN,Helsinki FIR,7
2019-08-10,EGPX,Scottish FIR,1
2019-08-10,EGTT,London FIR,44
2019-08-10,EHAA,Amsterdam FIR,8
2019-08-10,EISN,Shannon FIR,2
2019-08-10,EKDK,Copenhagen FIR,6
2019-08-10,ENOB,Bodo Oceanic FIR,0
2019-08-10,ENOR,Polaris FIR,2
2019-08-10,EPWW,Warszawa FIR,6
2019-08-10,ESAA,Sweden FIR,4
2019-08-10,EVRR,Riga FIR,0
2019-08-10,EYVL,Vilnius FIR,0
2019-08-10,GCCC,Canarias FIR,23
2019-08-10,GMMM,Casablanca FIR,0
2019-08-10,LAAA,Tirana FIR,0
2019-08-10,LBSR,Sofia FIR,0
2019-08-10,LDZO,Zagreb FIR,0
2019-08-10,LECB,Barcelona FIR,5
2019-08-10,LECM,Madrid FIR,19
2019-08-10,LFBB,Bordeaux FIR,1
2019-08-10,LFEE,Reims FIR,2
2019-08-10,LFFF,Paris FIR,16
2019-08-10,LFMM,Marseille FIR,1
2019-08-10,LFRR,Brest FIR,1
2019-08-10,LGGG,Athinai FIR,10
2019-08-10,LHCC,Budapest FIR,0
2019-08-10,LIBB,Brindisi FIR,0
2019-08-10,LIMM,Milano FIR,4
2019-08-10,LIRR,Roma FIR,4
2019-08-10,LJLA,Ljubljana FIR,0
2019-08-10,LKAA,Praha FIR,1
2019-08-10,LMMM,Malta FIR,1
2019-08-10,LOVV,Wien FIR,2
2019-08-10,LPPC,Lisboa FIR,7
2019-08-10,LPPO,Santa Maria FIR,0
2019-08-10,LQSB,Sarajevo FIR,0
2019-08-10,LRBB,Bucarest FIR,0
2019-08-10,LSAS,Switzerland FIR,4
2019-08-10,LUUU,Chisinau FIR,0
2019-08-10,LWSS,Skopje FIR,0
2019-08-10,LYBA,Beograd FIR,0
2019-08-10,LZBB,Bratislava  FIR,0
2019-08-10,UKBV,Kiev FIR,1
2019-08-10,UKDV,Dnipro FIR,0
2019-08-10,UKLV,Lvov FIR,0
2019-08-10,UKOV,Odessa FIR,0
2019-08-10,ULLL,Sankt-Peterburg FIR,2
2019-08-10,ULMM,Murmansk FIR,0
2019-08-10,UMKK,Kaliningrad FIR,0
2019-08-10,UMMV,Minsk FIR,0
2019-08-10,UNNT,Novosibirsk FIR,1
2019-08-10,URRV,Rostov-Na-Donu FIR,0
2019-08-10,USSV,Yekaterinburg FIR,1
2019-08-10,UUWV,Moscow FIR,0
2019-08-10,UWWW,Samara FIR,1
2019-08-11,BIRD,Reykjavik FIR,4
2019-08-11,EBBU,Brussels FIR,10
2019-08-11,EDGG,Langen FIR,36
2019-08-11,EDMM,Munchen FIR,6
2019-08-11,EDWW,Bremen FIR,5
2019-08-11,EETT,Tallinn FIR,0
2019-08-11,EFIN,Helsinki FIR,1
2019-08-11,EGPX,Scottish FIR,3
2019-08-11,EGTT,London FIR,47
2019-08-11,EHAA,Amsterdam FIR,14
2019-08-11,EISN,Shannon FIR,2
2019-08-11,EKDK,Copenhagen FIR,3
2019-08-11,ENOB,Bodo Oceanic FIR,0
2019-08-11,ENOR,Polaris FIR,0
2019-08-11,EPWW,Warszawa FIR,5
2019-08-11,ESAA,Sweden FIR,4
2019-08-11,EVRR,Riga FIR,0
2019-08-11,EYVL,Vilnius FIR,0
2019-08-11,GCCC,Canarias FIR,1
2019-08-11,GMMM,Casablanca FIR,0
2019-08-11,LAAA,Tirana FIR,0
2019-08-11,LBSR,Sofia FIR,1
2019-08-11,LDZO,Zagreb FIR,0
2019-08-11,LECB,Barcelona FIR,13
2019-08-11,LECM,Madrid FIR,10
2019-08-11,LFBB,Bordeaux FIR,0
2019-08-11,LFEE,Reims FIR,0
2019-08-11,LFFF,Paris FIR,24
2019-08-11,LFMM,Marseille FIR,0
2019-08-11,LFRR,Brest FIR,0
2019-08-11,LGGG,Athinai FIR,7
2019-08-11,LHCC,Budapest FIR,2
2019-08-11,LIBB,Brindisi FIR,0
2019-08-11,LIMM,Milano FIR,4
2019-08-11,LIRR,Roma FIR,4
2019-08-11,LJLA,Ljubljana FIR,1
2019-08-11,LKAA,Praha FIR,3
2019-08-11,LMMM,Malta FIR,0
2019-08-11,LOVV,Wien FIR,5
2019-08-11,LPPC,Lisboa FIR,7
2019-08-11,LPPO,Santa Maria FIR,1
2019-08-11,LQSB,Sarajevo FIR,0
2019-08-11,LRBB,Bucarest FIR,5
2019-08-11,LSAS,Switzerland FIR,2
2019-08-11,LUUU,Chisinau FIR,0
2019-08-11,LWSS,Skopje FIR,1
2019-08-11,LYBA,Beograd FIR,1
2019-08-11,LZBB,Bratislava  FIR,0
2019-08-11,UKBV,Kiev FIR,1
2019-08-11,UKDV,Dnipro FIR,0
2019-08-11,UKLV,Lvov FIR,0
2019-08-11,UKOV,Odessa FIR,0
2019-08-11,ULLL,Sankt-Peterburg FIR,0
2019-08-11,UMMV,Minsk FIR,0
2019-08-11,UNNT,Novosibirsk FIR,2
2019-08-11,URRV,Rostov-Na-Donu FIR,0
2019-08-11,USSV,Yekaterinburg FIR,0
2019-08-11,USTV,Tyumen FIR,0
2019-08-11,UUWV,Moscow FIR,0
2019-08-11,UWWW,Samara FIR,0
2019-08-12,BIRD,Reykjavik FIR,1
2019-08-12,EBBU,Brussels FIR,4
2019-08-12,EDGG,Langen FIR,28
2019-08-12,EDMM,Munchen FIR,9
2019-08-12,EDWW,Bremen FIR,2
2019-08-12,EETT,Tallinn FIR,2
2019-08-12,EFIN,Helsinki FIR,3
2019-08-12,EGPX,Scottish FIR,1
2019-08-12,EGTT,London FIR,37
2019-08-12,EHAA,Amsterdam FIR,15
2019-08-12,EISN,Shannon FIR,4
2019-08-12,EKDK,Copenhagen FIR,5
2019-08-12,ENOB,Bodo Oceanic FIR,0
2019-08-12,ENOR,Polaris FIR,3
2019-08-12,EPWW,Warszawa FIR,5
2019-08-12,ESAA,Sweden FIR,1
2019-08-12,EVRR,Riga FIR,2
2019-08-12,EYVL,Vilnius FIR,1
2019-08-12,GCCC,Canarias FIR,3
2019-08-12,GMMM,Casablanca FIR,0
2019-08-12,LAAA,Tirana FIR,0
2019-08-12,LBSR,Sofia FIR,2
2019-08-12,LDZO,Zagreb FIR,1
2019-08-12,LECB,Barcelona FIR,15
2019-08-12,LECM,Madrid FIR,14
2019-08-12,LFBB,Bordeaux FIR,1
2019-08-12,LFEE,Reims FIR,0
2019-08-12,LFFF,Paris FIR,18
2019-08-12,LFMM,Marseille FIR,3
2019-08-12,LFRR,Brest FIR,0
2019-08-12,LGGG,Athinai FIR,3
2019-08-12,LHCC,Budapest FIR,4
2019-08-12,LIBB,Brindisi FIR,0
2019-08-12,LIMM,Milano FIR,5
2019-08-12,LIRR,Roma FIR,9
2019-08-12,LJLA,Ljubljana FIR,0
2019-08-12,LKAA,Praha FIR,1
2019-08-12,LMMM,Malta FIR,0
2019-08-12,LOVV,Wien FIR,6
2019-08-12,LPPC,Lisboa FIR,7
2019-08-12,LPPO,Santa Maria FIR,0
2019-08-12,LQSB,Sarajevo FIR,0
2019-08-12,LRBB,Bucarest FIR,3
2019-08-12,LSAS,Switzerland FIR,4
2019-08-12,LUUU,Chisinau FIR,1
2019-08-12,LWSS,Skopje FIR,0
2019-08-12,LYBA,Beograd FIR,0
2019-08-12,LZBB,Bratislava  FIR,0
2019-08-12,UKBV,Kiev FIR,1
2019-08-12,UKDV,Dnipro FIR,0
2019-08-12,UKLV,Lvov FIR,0
2019-08-12,UKOV,Odessa FIR,0
2019-08-12,ULLL,Sankt-Peterburg FIR,2
2019-08-12,UMKK,Kaliningrad FIR,0
2019-08-12,UMMV,Minsk FIR,0
2019-08-12,UNNT,Novosibirsk FIR,2
2019-08-12,URRV,Rostov-Na-Donu FIR,0
2019-08-12,USSV,Yekaterinburg FIR,0
2019-08-12,UUWV,Moscow FIR,2
2019-08-12,UWWW,Samara FIR,0
2019-08-13,BIRD,Reykjavik FIR,3
2019-08-13,EBBU,Brussels FIR,3
2019-08-13,EDGG,Langen FIR,28
2019-08-13,EDMM,Munchen FIR,13
2019-08-13,EDWW,Bremen FIR,2
2019-08-13,EETT,Tallinn FIR,0
2019-08-13,EFIN,Helsinki FIR,5
2019-08-13,EGPX,Scottish FIR,0
2019-08-13,EGTT,London FIR,48
2019-08-13,EHAA,Amsterdam FIR,12
2019-08-13,EISN,Shannon FIR,0
2019-08-13,EKDK,Copenhagen FIR,3
2019-08-13,ENOB,Bodo Oceanic FIR,0
2019-08-13,ENOR,Polaris FIR,3
2019-08-13,EPWW,Warszawa FIR,1
2019-08-13,ESAA,Sweden FIR,6
2019-08-13,EVRR,Riga FIR,0
2019-08-13,EYVL,Vilnius FIR,0
2019-08-13,GCCC,Canarias FIR,0
2019-08-13,GMMM,Casablanca FIR,0
2019-08-13,LAAA,Tirana FIR,0
2019-08-13,LBSR,Sofia FIR,2
2019-08-13,LDZO,Zagreb FIR,3
2019-08-13,LECB,Barcelona FIR,10
2019-08-13,LECM,Madrid FIR,13
2019-08-13,LFBB,Bordeaux FIR,0
2019-08-13,LFEE,Reims FIR,2
2019-08-13,LFFF,Paris FIR,18
2019-08-13,LFMM,Marseille FIR,1
2019-08-13,LFRR,Brest FIR,0
2019-08-13,LGGG,Athinai FIR,8
2019-08-13,LHCC,Budapest FIR,1
2019-08-13,LIBB,Brindisi FIR,0
2019-08-13,LIMM,Milano FIR,11
2019-08-13,LIRR,Roma FIR,4
2019-08-13,LJLA,Ljubljana FIR,0
2019-08-13,LKAA,Praha FIR,1
2019-08-13,LMMM,Malta FIR,0
2019-08-13,LOVV,Wien FIR,4
2019-08-13,LPPC,Lisboa FIR,1
2019-08-13,LPPO,Santa Maria FIR,1
2019-08-13,LQSB,Sarajevo FIR,0
2019-08-13,LRBB,Bucarest FIR,2
2019-08-13,LSAS,Switzerland FIR,2
2019-08-13,LUUU,Chisinau FIR,0
2019-08-13,LWSS,Skopje FIR,0
2019-08-13,LYBA,Beograd FIR,0
2019-08-13,LZBB,Bratislava  FIR,0
2019-08-13,UKBV,Kiev FIR,1
2019-08-13,UKDV,Dnipro FIR,0
2019-08-13,UKLV,Lvov FIR,0
2019-08-13,UKOV,Odessa FIR,0
2019-08-13,ULLL,Sankt-Peterburg FIR,0
2019-08-13,UMKK,Kaliningrad FIR,0
2019-08-13,UMMV,Minsk FIR,0
2019-08-13,UNNT,Novosibirsk FIR,1
2019-08-13,URRV,Rostov-Na-Donu FIR,0
2019-08-13,USSV,Yekaterinburg FIR,0
2019-08-13,UUWV,Moscow FIR,8
2019-08-13,UWWW,Samara FIR,0
2019-08-14,BIRD,Reykjavik FIR,1
2019-08-14,EBBU,Brussels FIR,1
2019-08-14,EDGG,Langen FIR,34
2019-08-14,EDMM,Munchen FIR,6
2019-08-14,EDWW,Bremen FIR,3
2019-08-14,EETT,Tallinn FIR,0
2019-08-14,EFIN,Helsinki FIR,6
2019-08-14,EGPX,Scottish FIR,1
2019-08-14,EGTT,London FIR,34
2019-08-14,EHAA,Amsterdam FIR,9
2019-08-14,EISN,Shannon FIR,2
2019-08-14,EKDK,Copenhagen FIR,3
2019-08-14,ENOB,Bodo Oceanic FIR,0
2019-08-14,ENOR,Polaris FIR,2
2019-08-14,EPWW,Warszawa FIR,5
2019-08-14,ESAA,Sweden FIR,4
2019-08-14,EVRR,Riga FIR,0
2019-08-14,EYVL,Vilnius FIR,2
2019-08-14,GCCC,Canarias FIR,1
2019-08-14,GMMM,Casablanca FIR,0
2019-08-14,LAAA,Tirana FIR,0
2019-08-14,LBSR,Sofia FIR,7
2019-08-14,LDZO,Zagreb FIR,0
2019-08-14,LECB,Barcelona FIR,8
2019-08-14,LECM,Madrid FIR,10
2019-08-14,LFBB,Bordeaux FIR,1
2019-08-14,LFEE,Reims FIR,0
2019-08-14,LFFF,Paris FIR,18
2019-08-14,LFMM,Marseille FIR,1
2019-08-14,LFRR,Brest FIR,0
2019-08-14,LGGG,Athinai FIR,9
2019-08-14,LHCC,Budapest FIR,5
2019-08-14,LIBB,Brindisi FIR,0
2019-08-14,LIMM,Milano FIR,5
2019-08-14,LIRR,Roma FIR,7
2019-08-14,LJLA,Ljubljana FIR,0
2019-08-14,LKAA,Praha FIR,2
2019-08-14,LMMM,Malta FIR,0
2019-08-14,LOVV,Wien FIR,4
2019-08-14,LPPC,Lisboa FIR,3
2019-08-14,LPPO,Santa Maria FIR,0
2019-08-14,LQSB,Sarajevo FIR,0
2019-08-14,LRBB,Bucarest FIR,5
2019-08-14,LSAS,Switzerland FIR,2
2019-08-14,LUUU,Chisinau FIR,1
2019-08-14,LWSS,Skopje FIR,0
2019-08-14,LYBA,Beograd FIR,0
2019-08-14,LZBB,Bratislava  FIR,0
2019-08-14,UKBV,Kiev FIR,5
2019-08-14,UKDV,Dnipro FIR,0
2019-08-14,UKLV,Lvov FIR,0
2019-08-14,UKOV,Odessa FIR,0
2019-08-14,ULLL,Sankt-Peterburg FIR,3
2019-08-14,UMKK,Kaliningrad FIR,0
2019-08-14,UMMV,Minsk FIR,0
2019-08-14,UNNT,Novosibirsk FIR,1
2019-08-14,URRV,Rostov-Na-Donu FIR,0
2019-08-14,USSV,Yekaterinburg FIR,0
2019-08-14,UUWV,Moscow FIR,15
2019-08-14,UWWW,Samara FIR,0
2019-08-15,BIRD,Reykjavik FIR,6
2019-08-15,EBBU,Brussels FIR,8
2019-08-15,EDGG,Langen FIR,54
2019-08-15,EDMM,Munchen FIR,14
2019-08-15,EDWW,Bremen FIR,2
2019-08-15,EETT,Tallinn FIR,0
2019-08-15,EFIN,Helsinki FIR,7
2019-08-15,EGPX,Scottish FIR,2
2019-08-15,EGTT,London FIR,52
2019-08-15,EHAA,Amsterdam FIR,21
2019-08-15,EISN,Shannon FIR,4
2019-08-15,EKDK,Copenhagen FIR,5
2019-08-15,ENOB,Bodo Oceanic FIR,0
2019-08-15,ENOR,Polaris FIR,1
2019-08-15,EPWW,Warszawa FIR,5
2019-08-15,ESAA,Sweden FIR,2
2019-08-15,EVRR,Riga FIR,0
2019-08-15,EYVL,Vilnius FIR,1
2019-08-15,GCCC,Canarias FIR,21
2019-08-15,GMMM,Casablanca FIR,0
2019-08-15,LAAA,Tirana FIR,0
2019-08-15,LBSR,Sofia FIR,2
2019-08-15,LDZO,Zagreb FIR,0
2019-08-15,LECB,Barcelona FIR,9
2019-08-15,LECM,Madrid FIR,13
2019-08-15,LFBB,Bordeaux FIR,0
2019-08-15,LFEE,Reims FIR,0
2019-08-15,LFFF,Paris FIR,34
2019-08-15,LFMM,Marseille FIR,3
2019-08-15,LFRR,Brest FIR,0
2019-08-15,LGGG,Athinai FIR,6
2019-08-15,LHCC,Budapest FIR,3
2019-08-15,LIBB,Brindisi FIR,0
2019-08-15,LIMM,Milano FIR,5
2019-08-15,LIRR,Roma FIR,10
2019-08-15,LJLA,Ljubljana FIR,0
2019-08-15,LKAA,Praha FIR,1
2019-08-15,LMMM,Malta FIR,0
2019-08-15,LOVV,Wien FIR,8
2019-08-15,LPPC,Lisboa FIR,6
2019-08-15,LPPO,Santa Maria FIR,1
2019-08-15,LQSB,Sarajevo FIR,0
2019-08-15,LRBB,Bucarest FIR,3
2019-08-15,LSAS,Switzerland FIR,7
2019-08-15,LUUU,Chisinau FIR,0
2019-08-15,LWSS,Skopje FIR,0
2019-08-15,LYBA,Beograd FIR,0
2019-08-15,LZBB,Bratislava  FIR,0
2019-08-15,UKBV,Kiev FIR,1
2019-08-15,UKDV,Dnipro FIR,0
2019-08-15,UKLV,Lvov FIR,0
2019-08-15,UKOV,Odessa FIR,0
2019-08-15,ULLL,Sankt-Peterburg FIR,0
2019-08-15,ULMM,Murmansk FIR,0
2019-08-15,UMKK,Kaliningrad FIR,0
2019-08-15,UMMV,Minsk FIR,0
2019-08-15,UNKL,Krasnoyarsk FIR,0
2019-08-15,UNNT,Novosibirsk FIR,0
2019-08-15,URRV,Rostov-Na-Donu FIR,0
2019-08-15,USSV,Yekaterinburg FIR,0
2019-08-15,UUWV,Moscow FIR,7
2019-08-15,UWWW,Samara FIR,0
2019-08-16,BIRD,Reykjavik FIR,9
2019-08-16,EBBU,Brussels FIR,13
2019-08-16,EDGG,Langen FIR,48
2019-08-16,EDMM,Munchen FIR,20
2019-08-16,EDWW,Bremen FIR,9
2019-08-16,EETT,Tallinn FIR,0
2019-08-16,EFIN,Helsinki FIR,9
2019-08-16,EGPX,Scottish FIR,5
2019-08-16,EGTT,London FIR,122
2019-08-16,EHAA,Amsterdam FIR,24
2019-08-16,EISN,Shannon FIR,11
2019-08-16,EKDK,Copenhagen FIR,17
2019-08-16,ENOB,Bodo Oceanic FIR,0
2019-08-16,ENOR,Polaris FIR,7
2019-08-16,EPWW,Warszawa FIR,13
2019-08-16,ESAA,Sweden FIR,5
2019-08-16,EVRR,Riga FIR,0
2019-08-16,EYVL,Vilnius FIR,3
2019-08-16,GCCC,Canarias FIR,12
2019-08-16,GMMM,Casablanca FIR,0
2019-08-16,LAAA,Tirana FIR,0
2019-08-16,LBSR,Sofia FIR,1
2019-08-16,LDZO,Zagreb FIR,1
2019-08-16,LECB,Barcelona FIR,84
2019-08-16,LECM,Madrid FIR,62
2019-08-16,LFBB,Bordeaux FIR,0
2019-08-16,LFEE,Reims FIR,4
2019-08-16,LFFF,Paris FIR,47
2019-08-16,LFMM,Marseille FIR,3
2019-08-16,LFRR,Brest FIR,0
2019-08-16,LGGG,Athinai FIR,6
2019-08-16,LHCC,Budapest FIR,0
2019-08-16,LIBB,Brindisi FIR,0
2019-08-16,LIMM,Milano FIR,4
2019-08-16,LIRR,Roma FIR,12
2019-08-16,LJLA,Ljubljana FIR,0
2019-08-16,LKAA,Praha FIR,7
2019-08-16,LMMM,Malta FIR,0
2019-08-16,LOVV,Wien FIR,5
2019-08-16,LPPC,Lisboa FIR,40
2019-08-16,LPPO,Santa Maria FIR,1
2019-08-16,LQSB,Sarajevo FIR,0
2019-08-16,LRBB,Bucarest FIR,3
2019-08-16,LSAS,Switzerland FIR,8
2019-08-16,LUUU,Chisinau FIR,0
2019-08-16,LWSS,Skopje FIR,0
2019-08-16,LYBA,Beograd FIR,0
2019-08-16,LZBB,Bratislava  FIR,0
2019-08-16,UKBV,Kiev FIR,0
2019-08-16,UKDV,Dnipro FIR,0
2019-08-16,UKLV,Lvov FIR,0
2019-08-16,UKOV,Odessa FIR,0
2019-08-16,ULLL,Sankt-Peterburg FIR,0
2019-08-16,UMKK,Kaliningrad FIR,0
2019-08-16,UMMV,Minsk FIR,0
2019-08-16,UNNT,Novosibirsk FIR,0
2019-08-16,URRV,Rostov-Na-Donu FIR,0
2019-08-16,USSV,Yekaterinburg FIR,0
2019-08-16,UUWV,Moscow FIR,1
2019-08-16,UWWW,Samara FIR,0
2019-08-17,BIRD,Reykjavik FIR,14
2019-08-17,EBBU,Brussels FIR,22
2019-08-17,EDGG,Langen FIR,58
2019-08-17,EDMM,Munchen FIR,10
2019-08-17,EDWW,Bremen FIR,8
2019-08-17,EETT,Tallinn FIR,1
2019-08-17,EFIN,Helsinki FIR,5
2019-08-17,EGPX,Scottish FIR,5
2019-08-17,EGTT,London FIR,138
2019-08-17,EHAA,Amsterdam FIR,36
2019-08-17,EISN,Shannon FIR,13
2019-08-17,EKDK,Copenhagen FIR,11
2019-08-17,ENOB,Bodo Oceanic FIR,0
2019-08-17,ENOR,Polaris FIR,3
2019-08-17,EPWW,Warszawa FIR,10
2019-08-17,ESAA,Sweden FIR,14
2019-08-17,EVRR,Riga FIR,0
2019-08-17,EYVL,Vilnius FIR,1
2019-08-17,GCCC,Canarias FIR,4
2019-08-17,GMMM,Casablanca FIR,0
2019-08-17,LAAA,Tirana FIR,2
2019-08-17,LBSR,Sofia FIR,3
2019-08-17,LDZO,Zagreb FIR,8
2019-08-17,LECB,Barcelona FIR,18
2019-08-17,LECM,Madrid FIR,23
2019-08-17,LFBB,Bordeaux FIR,1
2019-08-17,LFEE,Reims FIR,4
2019-08-17,LFFF,Paris FIR,48
2019-08-17,LFMM,Marseille FIR,13
2019-08-17,LFRR,Brest FIR,2
2019-08-17,LGGG,Athinai FIR,59
2019-08-17,LHCC,Budapest FIR,8
2019-08-17,LIBB,Brindisi FIR,6
2019-08-17,LIMM,Milano FIR,15
2019-08-17,LIRR,Roma FIR,38
2019-08-17,LJLA,Ljubljana FIR,0
2019-08-17,LKAA,Praha FIR,5
2019-08-17,LMMM,Malta FIR,6
2019-08-17,LOVV,Wien FIR,10
2019-08-17,LPPC,Lisboa FIR,18
2019-08-17,LPPO,Santa Maria FIR,0
2019-08-17,LQSB,Sarajevo FIR,1
2019-08-17,LRBB,Bucarest FIR,6
2019-08-17,LSAS,Switzerland FIR,14
2019-08-17,LUUU,Chisinau FIR,2
2019-08-17,LWSS,Skopje FIR,1
2019-08-17,LYBA,Beograd FIR,5
2019-08-17,LZBB,Bratislava  FIR,2
2019-08-17,UKBV,Kiev FIR,0
2019-08-17,UKDV,Dnipro FIR,0
2019-08-17,UKLV,Lvov FIR,0
2019-08-17,UKOV,Odessa FIR,0
2019-08-17,ULLL,Sankt-Peterburg FIR,0
2019-08-17,ULMM,Murmansk FIR,0
2019-08-17,UMKK,Kaliningrad FIR,0
2019-08-17,UMMV,Minsk FIR,0
2019-08-17,UNNT,Novosibirsk FIR,0
2019-08-17,URRV,Rostov-Na-Donu FIR,0
2019-08-17,USSV,Yekaterinburg FIR,0
2019-08-17,UUWV,Moscow FIR,2
2019-08-17,UWWW,Samara FIR,0
2019-08-18,BIRD,Reykjavik FIR,4
2019-08-18,EBBU,Brussels FIR,12
2019-08-18,EDGG,Langen FIR,27
2019-08-18,EDMM,Munchen FIR,8
2019-08-18,EDWW,Bremen FIR,1
2019-08-18,EETT,Tallinn FIR,0
2019-08-18,EFIN,Helsinki FIR,3
2019-08-18,EGPX,Scottish FIR,4
2019-08-18,EGTT,London FIR,84
2019-08-18,EHAA,Amsterdam FIR,13
2019-08-18,EISN,Shannon FIR,25
2019-08-18,EKDK,Copenhagen FIR,4
2019-08-18,ENOB,Bodo Oceanic FIR,0
2019-08-18,ENOR,Polaris FIR,0
2019-08-18,EPWW,Warszawa FIR,2
2019-08-18,ESAA,Sweden FIR,0
2019-08-18,EVRR,Riga FIR,0
2019-08-18,EYVL,Vilnius FIR,0
2019-08-18,GCCC,Canarias FIR,0
2019-08-18,GMMM,Casablanca FIR,0
2019-08-18,LAAA,Tirana FIR,0
2019-08-18,LBSR,Sofia FIR,0
2019-08-18,LDZO,Zagreb FIR,0
2019-08-18,LECB,Barcelona FIR,5
2019-08-18,LECM,Madrid FIR,11
2019-08-18,LFBB,Bordeaux FIR,0
2019-08-18,LFEE,Reims FIR,0
2019-08-18,LFFF,Paris FIR,33
2019-08-18,LFMM,Marseille FIR,1
2019-08-18,LFRR,Brest FIR,0
2019-08-18,LGGG,Athinai FIR,3
2019-08-18,LHCC,Budapest FIR,1
2019-08-18,LIBB,Brindisi FIR,0
2019-08-18,LIMM,Milano FIR,10
2019-08-18,LIRR,Roma FIR,14
2019-08-18,LJLA,Ljubljana FIR,0
2019-08-18,LKAA,Praha FIR,3
2019-08-18,LMMM,Malta FIR,0
2019-08-18,LOVV,Wien FIR,2
2019-08-18,LPPC,Lisboa FIR,6
2019-08-18,LPPO,Santa Maria FIR,1
2019-08-18,LQSB,Sarajevo FIR,0
2019-08-18,LRBB,Bucarest FIR,0
2019-08-18,LSAS,Switzerland FIR,11
2019-08-18,LUUU,Chisinau FIR,0
2019-08-18,LWSS,Skopje FIR,0
2019-08-18,LYBA,Beograd FIR,0
2019-08-18,LZBB,Bratislava  FIR,0
2019-08-18,UKBV,Kiev FIR,0
2019-08-18,UKDV,Dnipro FIR,0
2019-08-18,UKLV,Lvov FIR,0
2019-08-18,UKOV,Odessa FIR,0
2019-08-18,ULLL,Sankt-Peterburg FIR,0
2019-08-18,UMMV,Minsk FIR,0
2019-08-18,UNKL,Krasnoyarsk FIR,0
2019-08-18,UNNT,Novosibirsk FIR,1
2019-08-18,URRV,Rostov-Na-Donu FIR,0
2019-08-18,USSV,Yekaterinburg FIR,0
2019-08-18,UUWV,Moscow FIR,0
2019-08-18,UWWW,Samara FIR,0
2019-08-19,BIRD,Reykjavik FIR,4
2019-08-19,EBBU,Brussels FIR,18
2019-08-19,EDGG,Langen FIR,54
2019-08-19,EDMM,Munchen FIR,17
2019-08-19,EDWW,Bremen FIR,7
2019-08-19,EETT,Tallinn FIR,0
2019-08-19,EFIN,Helsinki FIR,3
2019-08-19,EGPX,Scottish FIR,8
2019-08-19,EGTT,London FIR,149
2019-08-19,EHAA,Amsterdam FIR,39
2019-08-19,EISN,Shannon FIR,29
2019-08-19,EKDK,Copenhagen FIR,10
2019-08-19,ENOB,Bodo Oceanic FIR,0
2019-08-19,ENOR,Polaris FIR,1
2019-08-19,EPWW,Warszawa FIR,8
2019-08-19,ESAA,Sweden FIR,3
2019-08-19,EVRR,Riga FIR,0
2019-08-19,EYVL,Vilnius FIR,0
2019-08-19,GCCC,Canarias FIR,20
2019-08-19,GMMM,Casablanca FIR,0
2019-08-19,LAAA,Tirana FIR,0
2019-08-19,LBSR,Sofia FIR,0
2019-08-19,LDZO,Zagreb FIR,5
2019-08-19,LECB,Barcelona FIR,52
2019-08-19,LECM,Madrid FIR,51
2019-08-19,LFBB,Bordeaux FIR,1
2019-08-19,LFEE,Reims FIR,5
2019-08-19,LFFF,Paris FIR,73
2019-08-19,LFMM,Marseille FIR,5
2019-08-19,LFRR,Brest FIR,1
2019-08-19,LGGG,Athinai FIR,15
2019-08-19,LHCC,Budapest FIR,4
2019-08-19,LIBB,Brindisi FIR,2
2019-08-19,LIMM,Milano FIR,10
2019-08-19,LIRR,Roma FIR,30
2019-08-19,LJLA,Ljubljana FIR,0
2019-08-19,LKAA,Praha FIR,10
2019-08-19,LMMM,Malta FIR,0
2019-08-19,LOVV,Wien FIR,5
2019-08-19,LPPC,Lisboa FIR,49
2019-08-19,LPPO,Santa Maria FIR,0
2019-08-19,LQSB,Sarajevo FIR,0
2019-08-19,LRBB,Bucarest FIR,0
2019-08-19,LSAS,Switzerland FIR,14
2019-08-19,LUUU,Chisinau FIR,0
2019-08-19,LWSS,Skopje FIR,0
2019-08-19,LYBA,Beograd FIR,0
2019-08-19,LZBB,Bratislava  FIR,0
2019-08-19,UKBV,Kiev FIR,0
2019-08-19,UKDV,Dnipro FIR,0
2019-08-19,UKLV,Lvov FIR,0
2019-08-19,UKOV,Odessa FIR,0
2019-08-19,ULLL,Sankt-Peterburg FIR,1
2019-08-19,UMKK,Kaliningrad FIR,0
2019-08-19,UMMV,Minsk FIR,0
2019-08-19,UNNT,Novosibirsk FIR,1
2019-08-19,URRV,Rostov-Na-Donu FIR,0
2019-08-19,USSV,Yekaterinburg FIR,0
2019-08-19,USTV,Tyumen FIR,1
2019-08-19,UUWV,Moscow FIR,1
2019-08-19,UWWW,Samara FIR,0
2019-08-20,BIRD,Reykjavik FIR,10
2019-08-20,EBBU,Brussels FIR,10
2019-08-20,EDGG,Langen FIR,55
2019-08-20,EDMM,Munchen FIR,19
2019-08-20,EDWW,Bremen FIR,8
2019-08-20,EETT,Tallinn FIR,3
2019-08-20,EFIN,Helsinki FIR,6
2019-08-20,EGPX,Scottish FIR,2
2019-08-20,EGTT,London FIR,94
2019-08-20,EHAA,Amsterdam FIR,23
2019-08-20,EISN,Shannon FIR,6
2019-08-20,EKDK,Copenhagen FIR,15
2019-08-20,ENOB,Bodo Oceanic FIR,0
2019-08-20,ENOR,Polaris FIR,3
2019-08-20,EPWW,Warszawa FIR,25
2019-08-20,ESAA,Sweden FIR,10
2019-08-20,EVRR,Riga FIR,3
2019-08-20,EYVL,Vilnius FIR,6
2019-08-20,GCCC,Canarias FIR,14
2019-08-20,GMMM,Casablanca FIR,0
2019-08-20,LAAA,Tirana FIR,2
2019-08-20,LBSR,Sofia FIR,9
2019-08-20,LDZO,Zagreb FIR,6
2019-08-20,LECB,Barcelona FIR,40
2019-08-20,LECM,Madrid FIR,20
2019-08-20,LFBB,Bordeaux FIR,0
2019-08-20,LFEE,Reims FIR,2
2019-08-20,LFFF,Paris FIR,40
2019-08-20,LFMM,Marseille FIR,6
2019-08-20,LFRR,Brest FIR,0
2019-08-20,LGGG,Athinai FIR,16
2019-08-20,LHCC,Budapest FIR,9
2019-08-20,LIBB,Brindisi FIR,1
2019-08-20,LIMM,Milano FIR,14
2019-08-20,LIRR,Roma FIR,21
2019-08-20,LJLA,Ljubljana FIR,2
2019-08-20,LKAA,Praha FIR,4
2019-08-20,LMMM,Malta FIR,0
2019-08-20,LOVV,Wien FIR,11
2019-08-20,LPPC,Lisboa FIR,12
2019-08-20,LPPO,Santa Maria FIR,0
2019-08-20,LQSB,Sarajevo FIR,0
2019-08-20,LRBB,Bucarest FIR,15
2019-08-20,LSAS,Switzerland FIR,9
2019-08-20,LUUU,Chisinau FIR,2
2019-08-20,LWSS,Skopje FIR,2
2019-08-20,LYBA,Beograd FIR,6
2019-08-20,LZBB,Bratislava  FIR,0
2019-08-20,UKBV,Kiev FIR,9
2019-08-20,UKDV,Dnipro FIR,0
2019-08-20,UKLV,Lvov FIR,0
2019-08-20,UKOV,Odessa FIR,0
2019-08-20,ULLL,Sankt-Peterburg FIR,3
2019-08-20,ULMM,Murmansk FIR,0
2019-08-20,UMKK,Kaliningrad FIR,0
2019-08-20,UMMV,Minsk FIR,0
2019-08-20,UNNT,Novosibirsk FIR,1
2019-08-20,URRV,Rostov-Na-Donu FIR,0
2019-08-20,USSV,Yekaterinburg FIR,0
2019-08-20,UUWV,Moscow FIR,15
2019-08-20,UWWW,Samara FIR,0
2019-08-21,BIRD,Reykjavik FIR,7
2019-08-21,EBBU,Brussels FIR,15
2019-08-21,EDGG,Langen FIR,65
2019-08-21,EDMM,Munchen FIR,23
2019-08-21,EDWW,Bremen FIR,12
2019-08-21,EETT,Tallinn FIR,2
2019-08-21,EFIN,Helsinki FIR,6
2019-08-21,EGPX,Scottish FIR,15
2019-08-21,EGTT,London FIR,110
2019-08-21,EHAA,Amsterdam FIR,31
2019-08-21,EISN,Shannon FIR,11
2019-08-21,EKDK,Copenhagen FIR,8
2019-08-21,ENOB,Bodo Oceanic FIR,0
2019-08-21,ENOR,Polaris FIR,2
2019-08-21,EPWW,Warszawa FIR,16
2019-08-21,ESAA,Sweden FIR,2
2019-08-21,EVRR,Riga FIR,0
2019-08-21,EYVL,Vilnius FIR,1
2019-08-21,GCCC,Canarias FIR,6
2019-08-21,GMMM,Casablanca FIR,0
2019-08-21,LAAA,Tirana FIR,0
2019-08-21,LBSR,Sofia FIR,6
2019-08-21,LDZO,Zagreb FIR,6
2019-08-21,LECB,Barcelona FIR,39
2019-08-21,LECM,Madrid FIR,19
2019-08-21,LFBB,Bordeaux FIR,0
2019-08-21,LFEE,Reims FIR,4
2019-08-21,LFFF,Paris FIR,54
2019-08-21,LFMM,Marseille FIR,5
2019-08-21,LFRR,Brest FIR,0
2019-08-21,LGGG,Athinai FIR,28
2019-08-21,LHCC,Budapest FIR,13
2019-08-21,LIBB,Brindisi FIR,1
2019-08-21,LIMM,Milano FIR,33
2019-08-21,LIRR,Roma FIR,22
2019-08-21,LJLA,Ljubljana FIR,0
2019-08-21,LKAA,Praha FIR,9
2019-08-21,LMMM,Malta FIR,0
2019-08-21,LOVV,Wien FIR,8
2019-08-21,LPPC,Lisboa FIR,13
2019-08-21,LPPO,Santa Maria FIR,0
2019-08-21,LQSB,Sarajevo FIR,0
2019-08-21,LRBB,Bucarest FIR,15
2019-08-21,LSAS,Switzerland FIR,12
2019-08-21,LUUU,Chisinau FIR,2
2019-08-21,LWSS,Skopje FIR,1
2019-08-21,LYBA,Beograd FIR,4
2019-08-21,LZBB,Bratislava  FIR,0
2019-08-21,UKBV,Kiev FIR,4
2019-08-21,UKDV,Dnipro FIR,0
2019-08-21,UKLV,Lvov FIR,0
2019-08-21,UKOV,Odessa FIR,0
2019-08-21,ULLL,Sankt-Peterburg FIR,9
2019-08-21,UMKK,Kaliningrad FIR,0
2019-08-21,UMMV,Minsk FIR,0
2019-08-21,UNNT,Novosibirsk FIR,0
2019-08-21,URRV,Rostov-Na-Donu FIR,0
2019-08-21,USSV,Yekaterinburg FIR,1
2019-08-21,USTV,Tyumen FIR,0
2019-08-21,UUWV,Moscow FIR,17
2019-08-21,UWWW,Samara FIR,0
2019-08-22,BIRD,Reykjavik FIR,2
2019-08-22,EBBU,Brussels FIR,14
2019-08-22,EDGG,Langen FIR,71
2019-08-22,EDMM,Munchen FIR,20
2019-08-22,EDWW,Bremen FIR,7
2019-08-22,EETT,Tallinn FIR,1
2019-08-22,EFIN,Helsinki FIR,13
2019-08-22,EGPX,Scottish FIR,19
2019-08-22,EGTT,London FIR,188
2019-08-22,EHAA,Amsterdam FIR,39
2019-08-22,EISN,Shannon FIR,35
2019-08-22,EKDK,Copenhagen FIR,10
2019-08-22,ENOR,Polaris FIR,6
2019-08-22,EPWW,Warszawa FIR,17
2019-08-22,ESAA,Sweden FIR,8
2019-08-22,EVRR,Riga FIR,3
2019-08-22,EYVL,Vilnius FIR,1
2019-08-22,GCCC,Canarias FIR,19
2019-08-22,GMMM,Casablanca FIR,0
2019-08-22,LAAA,Tirana FIR,0
2019-08-22,LBSR,Sofia FIR,8
2019-08-22,LDZO,Zagreb FIR,3
2019-08-22,LECB,Barcelona FIR,20
2019-08-22,LECM,Madrid FIR,27
2019-08-22,LFBB,Bordeaux FIR,0
2019-08-22,LFEE,Reims FIR,0
2019-08-22,LFFF,Paris FIR,59
2019-08-22,LFMM,Marseille FIR,4
2019-08-22,LFRR,Brest FIR,0
2019-08-22,LGGG,Athinai FIR,24
2019-08-22,LHCC,Budapest FIR,5
2019-08-22,LIBB,Brindisi FIR,0
2019-08-22,LIMM,Milano FIR,17
2019-08-22,LIRR,Roma FIR,17
2019-08-22,LJLA,Ljubljana FIR,0
2019-08-22,LKAA,Praha FIR,10
2019-08-22,LMMM,Malta FIR,1
2019-08-22,LOVV,Wien FIR,4
2019-08-22,LPPC,Lisboa FIR,13
2019-08-22,LPPO,Santa Maria FIR,0
2019-08-22,LQSB,Sarajevo FIR,0
2019-08-22,LRBB,Bucarest FIR,12
2019-08-22,LSAS,Switzerland FIR,14
2019-08-22,LUUU,Chisinau FIR,1
2019-08-22,LWSS,Skopje FIR,1
2019-08-22,LYBA,Beograd FIR,2
2019-08-22,LZBB,Bratislava  FIR,1
2019-08-22,UKBV,Kiev FIR,3
2019-08-22,UKDV,Dnipro FIR,1
2019-08-22,UKLV,Lvov FIR,0
2019-08-22,UKOV,Odessa FIR,0
2019-08-22,ULLL,Sankt-Peterburg FIR,2
2019-08-22,UMMV,Minsk FIR,0
2019-08-22,UNKL,Krasnoyarsk FIR,0
2019-08-22,UNNT,Novosibirsk FIR,1
2019-08-22,USSV,Yekaterinburg FIR,2
2019-08-22,UUWV,Moscow FIR,24
2019-08-22,UWWW,Samara FIR,0
2019-08-23,BIRD,Reykjavik FIR,13
2019-08-23,EBBU,Brussels FIR,11
2019-08-23,EDGG,Langen FIR,76
2019-08-23,EDMM,Munchen FIR,24
2019-08-23,EDWW,Bremen FIR,17
2019-08-23,EETT,Tallinn FIR,1
2019-08-23,EFIN,Helsinki FIR,18
2019-08-23,EGPX,Scottish FIR,20
2019-08-23,EGTT,London FIR,188
2019-08-23,EHAA,Amsterdam FIR,40
2019-08-23,EISN,Shannon FIR,15
2019-08-23,EKDK,Copenhagen FIR,14
2019-08-23,ENOB,Bodo Oceanic FIR,0
2019-08-23,ENOR,Polaris FIR,9
2019-08-23,EPWW,Warszawa FIR,18
2019-08-23,ESAA,Sweden FIR,11
2019-08-23,EVRR,Riga FIR,0
2019-08-23,EYVL,Vilnius FIR,1
2019-08-23,GCCC,Canarias FIR,50
2019-08-23,GMMM,Casablanca FIR,0
2019-08-23,LAAA,Tirana FIR,0
2019-08-23,LBSR,Sofia FIR,11
2019-08-23,LDZO,Zagreb FIR,2
2019-08-23,LECB,Barcelona FIR,30
2019-08-23,LECM,Madrid FIR,45
2019-08-23,LFBB,Bordeaux FIR,1
2019-08-23,LFEE,Reims FIR,2
2019-08-23,LFFF,Paris FIR,57
2019-08-23,LFMM,Marseille FIR,3
2019-08-23,LFRR,Brest FIR,0
2019-08-23,LGGG,Athinai FIR,35
2019-08-23,LHCC,Budapest FIR,3
2019-08-23,LIBB,Brindisi FIR,1
2019-08-23,LIMM,Milano FIR,19
2019-08-23,LIRR,Roma FIR,20
2019-08-23,LJLA,Ljubljana FIR,0
2019-08-23,LKAA,Praha FIR,2
2019-08-23,LMMM,Malta FIR,1
2019-08-23,LOVV,Wien FIR,9
2019-08-23,LPPC,Lisboa FIR,54
2019-08-23,LPPO,Santa Maria FIR,1
2019-08-23,LQSB,Sarajevo FIR,0
2019-08-23,LRBB,Bucarest FIR,14
2019-08-23,LSAS,Switzerland FIR,9
2019-08-23,LUUU,Chisinau FIR,3
2019-08-23,LWSS,Skopje FIR,1
2019-08-23,LYBA,Beograd FIR,2
2019-08-23,LZBB,Bratislava  FIR,2
2019-08-23,UKBV,Kiev FIR,3
2019-08-23,UKDV,Dnipro FIR,0
2019-08-23,UKLV,Lvov FIR,0
2019-08-23,UKOV,Odessa FIR,0
2019-08-23,ULLL,Sankt-Peterburg FIR,4
2019-08-23,UMMV,Minsk FIR,0
2019-08-23,UNNT,Novosibirsk FIR,2
2019-08-23,URRV,Rostov-Na-Donu FIR,0
2019-08-23,USSV,Yekaterinburg FIR,3
2019-08-23,UUWV,Moscow FIR,13
2019-08-23,UWWW,Samara FIR,0
2019-08-24,BIRD,Reykjavik FIR,15
2019-08-24,EBBU,Brussels FIR,11
2019-08-24,EDGG,Langen FIR,68
2019-08-24,EDMM,Munchen FIR,18
2019-08-24,EDWW,Bremen FIR,24
2019-08-24,EETT,Tallinn FIR,2
2019-08-24,EFIN,Helsinki FIR,10
2019-08-24,EGPX,Scottish FIR,14
2019-08-24,EGTT,London FIR,144
2019-08-24,EHAA,Amsterdam FIR,30
2019-08-24,EISN,Shannon FIR,10
2019-08-24,EKDK,Copenhagen FIR,15
2019-08-24,ENOB,Bodo Oceanic FIR,0
2019-08-24,ENOR,Polaris FIR,16
2019-08-24,EPWW,Warszawa FIR,35
2019-08-24,ESAA,Sweden FIR,11
2019-08-24,EVRR,Riga FIR,2
2019-08-24,EYVL,Vilnius FIR,5
2019-08-24,GCCC,Canarias FIR,14
2019-08-24,GMMM,Casablanca FIR,0
2019-08-24,LAAA,Tirana FIR,2
2019-08-24,LBSR,Sofia FIR,6
2019-08-24,LDZO,Zagreb FIR,9
2019-08-24,LECB,Barcelona FIR,29
2019-08-24,LECM,Madrid FIR,22
2019-08-24,LFBB,Bordeaux FIR,0
2019-08-24,LFEE,Reims FIR,2
2019-08-24,LFFF,Paris FIR,44
2019-08-24,LFMM,Marseille FIR,8
2019-08-24,LFRR,Brest FIR,0
2019-08-24,LGGG,Athinai FIR,48
2019-08-24,LHCC,Budapest FIR,10
2019-08-24,LIBB,Brindisi FIR,2
2019-08-24,LIMM,Milano FIR,17
2019-08-24,LIRR,Roma FIR,17
2019-08-24,LJLA,Ljubljana FIR,0
2019-08-24,LKAA,Praha FIR,2
2019-08-24,LMMM,Malta FIR,0
2019-08-24,LOVV,Wien FIR,9
2019-08-24,LPPC,Lisboa FIR,14
2019-08-24,LPPO,Santa Maria FIR,0
2019-08-24,LQSB,Sarajevo FIR,1
2019-08-24,LRBB,Bucarest FIR,14
2019-08-24,LSAS,Switzerland FIR,13
2019-08-24,LUUU,Chisinau FIR,1
2019-08-24,LWSS,Skopje FIR,2
2019-08-24,LYBA,Beograd FIR,6
2019-08-24,LZBB,Bratislava  FIR,2
2019-08-24,UKBV,Kiev FIR,5
2019-08-24,UKDV,Dnipro FIR,0
2019-08-24,UKLV,Lvov FIR,0
2019-08-24,UKOV,Odessa FIR,0
2019-08-24,ULLL,Sankt-Peterburg FIR,5
2019-08-24,UMKK,Kaliningrad FIR,0
2019-08-24,UMMV,Minsk FIR,0
2019-08-24,UNNT,Novosibirsk FIR,0
2019-08-24,URRV,Rostov-Na-Donu FIR,0
2019-08-24,USSV,Yekaterinburg FIR,0
2019-08-24,UUWV,Moscow FIR,17
2019-08-24,UWWW,Samara FIR,2
2019-08-25,BIRD,Reykjavik FIR,6
2019-08-25,EBBU,Brussels FIR,7
2019-08-25,EDGG,Langen FIR,44
2019-08-25,EDMM,Munchen FIR,11
2019-08-25,EDWW,Bremen FIR,18
2019-08-25,EETT,Tallinn FIR,0
2019-08-25,EFIN,Helsinki FIR,10
2019-08-25,EGPX,Scottish FIR,11
2019-08-25,EGTT,London FIR,74
2019-08-25,EHAA,Amsterdam FIR,22
2019-08-25,EISN,Shannon FIR,5
2019-08-25,EKDK,Copenhagen FIR,11
2019-08-25,ENOB,Bodo Oceanic FIR,0
2019-08-25,ENOR,Polaris FIR,9
2019-08-25,EPWW,Warszawa FIR,9
2019-08-25,ESAA,Sweden FIR,9
2019-08-25,EVRR,Riga FIR,1
2019-08-25,EYVL,Vilnius FIR,0
2019-08-25,GCCC,Canarias FIR,5
2019-08-25,GMMM,Casablanca FIR,0
2019-08-25,LAAA,Tirana FIR,0
2019-08-25,LBSR,Sofia FIR,4
2019-08-25,LDZO,Zagreb FIR,2
2019-08-25,LECB,Barcelona FIR,9
2019-08-25,LECM,Madrid FIR,17
2019-08-25,LFBB,Bordeaux FIR,0
2019-08-25,LFEE,Reims FIR,0
2019-08-25,LFFF,Paris FIR,28
2019-08-25,LFMM,Marseille FIR,2
2019-08-25,LFRR,Brest FIR,0
2019-08-25,LGGG,Athinai FIR,7
2019-08-25,LHCC,Budapest FIR,7
2019-08-25,LIBB,Brindisi FIR,0
2019-08-25,LIMM,Milano FIR,9
2019-08-25,LIRR,Roma FIR,7
2019-08-25,LJLA,Ljubljana FIR,0
2019-08-25,LKAA,Praha FIR,6
2019-08-25,LMMM,Malta FIR,0
2019-08-25,LOVV,Wien FIR,8
2019-08-25,LPPC,Lisboa FIR,15
2019-08-25,LPPO,Santa Maria FIR,0
2019-08-25,LQSB,Sarajevo FIR,0
2019-08-25,LRBB,Bucarest FIR,11
2019-08-25,LSAS,Switzerland FIR,8
2019-08-25,LUUU,Chisinau FIR,0
2019-08-25,LWSS,Skopje FIR,0
2019-08-25,LYBA,Beograd FIR,0
2019-08-25,LZBB,Bratislava  FIR,1
2019-08-25,UKBV,Kiev FIR,3
2019-08-25,UKDV,Dnipro FIR,0
2019-08-25,UKLV,Lvov FIR,0
2019-08-25,UKOV,Odessa FIR,0
2019-08-25,ULLL,Sankt-Peterburg FIR,4
2019-08-25,UMMV,Minsk FIR,0
2019-08-25,UNKL,Krasnoyarsk FIR,0
2019-08-25,UNNT,Novosibirsk FIR,0
2019-08-25,URRV,Rostov-Na-Donu FIR,0
2019-08-25,USSV,Yekaterinburg FIR,2
2019-08-25,UUWV,Moscow FIR,13
2019-08-25,UWWW,Samara FIR,0
2019-08-26,BIRD,Reykjavik FIR,9
2019-08-26,EBBU,Brussels FIR,9
2019-08-26,EDGG,Langen FIR,43
2019-08-26,EDMM,Munchen FIR,16
2019-08-26,EDWW,Bremen FIR,6
2019-08-26,EETT,Tallinn FIR,1
2019-08-26,EFIN,Helsinki FIR,14
2019-08-26,EGPX,Scottish FIR,3
2019-08-26,EGTT,London FIR,74
2019-08-26,EHAA,Amsterdam FIR,18
2019-08-26,EISN,Shannon FIR,2
2019-08-26,EKDK,Copenhagen FIR,3
2019-08-26,ENOB,Bodo Oceanic FIR,0
2019-08-26,ENOR,Polaris FIR,3
2019-08-26,EPWW,Warszawa FIR,11
2019-08-26,ESAA,Sweden FIR,5
2019-08-26,EVRR,Riga FIR,1
2019-08-26,EYVL,Vilnius FIR,1
2019-08-26,GCCC,Canarias FIR,8
2019-08-26,GMMM,Casablanca FIR,0
2019-08-26,LAAA,Tirana FIR,0
2019-08-26,LBSR,Sofia FIR,4
2019-08-26,LDZO,Zagreb FIR,2
2019-08-26,LECB,Barcelona FIR,37
2019-08-26,LECM,Madrid FIR,36
2019-08-26,LFBB,Bordeaux FIR,1
2019-08-26,LFEE,Reims FIR,2
2019-08-26,LFFF,Paris FIR,46
2019-08-26,LFMM,Marseille FIR,0
2019-08-26,LFRR,Brest FIR,1
2019-08-26,LGGG,Athinai FIR,5
2019-08-26,LHCC,Budapest FIR,5
2019-08-26,LIBB,Brindisi FIR,1
2019-08-26,LIMM,Milano FIR,4
2019-08-26,LIRR,Roma FIR,11
2019-08-26,LJLA,Ljubljana FIR,1
2019-08-26,LKAA,Praha FIR,3
2019-08-26,LMMM,Malta FIR,0
2019-08-26,LOVV,Wien FIR,5
2019-08-26,LPPC,Lisboa FIR,22
2019-08-26,LPPO,Santa Maria FIR,0
2019-08-26,LQSB,Sarajevo FIR,0
2019-08-26,LRBB,Bucarest FIR,13
2019-08-26,LSAS,Switzerland FIR,7
2019-08-26,LUUU,Chisinau FIR,1
2019-08-26,LWSS,Skopje FIR,0
2019-08-26,LYBA,Beograd FIR,3
2019-08-26,LZBB,Bratislava  FIR,0
2019-08-26,UKBV,Kiev FIR,3
2019-08-26,UKDV,Dnipro FIR,0
2019-08-26,UKLV,Lvov FIR,0
2019-08-26,UKOV,Odessa FIR,0
2019-08-26,ULLL,Sankt-Peterburg FIR,2
2019-08-26,UMKK,Kaliningrad FIR,0
2019-08-26,UMMV,Minsk FIR,0
2019-08-26,UNNT,Novosibirsk FIR,1
2019-08-26,URRV,Rostov-Na-Donu FIR,0
2019-08-26,USSV,Yekaterinburg FIR,0
2019-08-26,UUWV,Moscow FIR,11
2019-08-26,UWWW,Samara FIR,0
2019-08-27,BIRD,Reykjavik FIR,2
2019-08-27,EBBU,Brussels FIR,7
2019-08-27,EDGG,Langen FIR,49
2019-08-27,EDMM,Munchen FIR,22
2019-08-27,EDWW,Bremen FIR,6
2019-08-27,EETT,Tallinn FIR,3
2019-08-27,EFIN,Helsinki FIR,4
2019-08-27,EGPX,Scottish FIR,4
2019-08-27,EGTT,London FIR,106
2019-08-27,EHAA,Amsterdam FIR,11
2019-08-27,EISN,Shannon FIR,19
2019-08-27,EKDK,Copenhagen FIR,7
2019-08-27,ENOB,Bodo Oceanic FIR,0
2019-08-27,ENOR,Polaris FIR,2
2019-08-27,EPWW,Warszawa FIR,8
2019-08-27,ESAA,Sweden FIR,11
2019-08-27,EVRR,Riga FIR,1
2019-08-27,EYVL,Vilnius FIR,1
2019-08-27,GCCC,Canarias FIR,14
2019-08-27,GMMM,Casablanca FIR,0
2019-08-27,LAAA,Tirana FIR,0
2019-08-27,LBSR,Sofia FIR,5
2019-08-27,LDZO,Zagreb FIR,11
2019-08-27,LECB,Barcelona FIR,105
2019-08-27,LECM,Madrid FIR,34
2019-08-27,LFBB,Bordeaux FIR,2
2019-08-27,LFEE,Reims FIR,6
2019-08-27,LFFF,Paris FIR,48
2019-08-27,LFMM,Marseille FIR,13
2019-08-27,LFRR,Brest FIR,2
2019-08-27,LGGG,Athinai FIR,25
2019-08-27,LHCC,Budapest FIR,6
2019-08-27,LIBB,Brindisi FIR,3
2019-08-27,LIMM,Milano FIR,30
2019-08-27,LIRR,Roma FIR,37
2019-08-27,LJLA,Ljubljana FIR,0
2019-08-27,LKAA,Praha FIR,3
2019-08-27,LMMM,Malta FIR,4
2019-08-27,LOVV,Wien FIR,11
2019-08-27,LPPC,Lisboa FIR,27
2019-08-27,LPPO,Santa Maria FIR,5
2019-08-27,LQSB,Sarajevo FIR,0
2019-08-27,LRBB,Bucarest FIR,7
2019-08-27,LSAS,Switzerland FIR,12
2019-08-27,LUUU,Chisinau FIR,2
2019-08-27,LWSS,Skopje FIR,1
2019-08-27,LYBA,Beograd FIR,0
2019-08-27,LZBB,Bratislava  FIR,0
2019-08-27,UKBV,Kiev FIR,2
2019-08-27,UKDV,Dnipro FIR,0
2019-08-27,UKLV,Lvov FIR,0
2019-08-27,UKOV,Odessa FIR,0
2019-08-27,ULLL,Sankt-Peterburg FIR,0
2019-08-27,UMKK,Kaliningrad FIR,0
2019-08-27,UMMV,Minsk FIR,0
2019-08-27,UNNT,Novosibirsk FIR,1
2019-08-27,URRV,Rostov-Na-Donu FIR,0
2019-08-27,USSV,Yekaterinburg FIR,0
2019-08-27,UUWV,Moscow FIR,5
2019-08-27,UWWW,Samara FIR,0
2019-08-28,BIRD,Reykjavik FIR,1
2019-08-28,EBBU,Brussels FIR,17
2019-08-28,EDGG,Langen FIR,79
2019-08-28,EDMM,Munchen FIR,44
2019-08-28,EDWW,Bremen FIR,24
2019-08-28,EETT,Tallinn FIR,1
2019-08-28,EFIN,Helsinki FIR,9
2019-08-28,EGPX,Scottish FIR,13
2019-08-28,EGTT,London FIR,211
2019-08-28,EHAA,Amsterdam FIR,27
2019-08-28,EISN,Shannon FIR,17
2019-08-28,EKDK,Copenhagen FIR,19
2019-08-28,ENOB,Bodo Oceanic FIR,0
2019-08-28,ENOR,Polaris FIR,17
2019-08-28,EPWW,Warszawa FIR,27
2019-08-28,ESAA,Sweden FIR,13
2019-08-28,EVRR,Riga FIR,4
2019-08-28,EYVL,Vilnius FIR,2
2019-08-28,GCCC,Canarias FIR,3
2019-08-28,GMMM,Casablanca FIR,0
2019-08-28,LAAA,Tirana FIR,3
2019-08-28,LBSR,Sofia FIR,9
2019-08-28,LDZO,Zagreb FIR,16
2019-08-28,LECB,Barcelona FIR,53
2019-08-28,LECM,Madrid FIR,17
2019-08-28,LFBB,Bordeaux FIR,0
2019-08-28,LFEE,Reims FIR,12
2019-08-28,LFFF,Paris FIR,70
2019-08-28,LFMM,Marseille FIR,13
2019-08-28,LFRR,Brest FIR,2
2019-08-28,LGGG,Athinai FIR,77
2019-08-28,LHCC,Budapest FIR,21
2019-08-28,LIBB,Brindisi FIR,5
2019-08-28,LIMM,Milano FIR,66
2019-08-28,LIRR,Roma FIR,52
2019-08-28,LJLA,Ljubljana FIR,1
2019-08-28,LKAA,Praha FIR,11
2019-08-28,LMMM,Malta FIR,2
2019-08-28,LOVV,Wien FIR,16
2019-08-28,LPPC,Lisboa FIR,5
2019-08-28,LPPO,Santa Maria FIR,1
2019-08-28,LQSB,Sarajevo FIR,2
2019-08-28,LRBB,Bucarest FIR,19
2019-08-28,LSAS,Switzerland FIR,26
2019-08-28,LUUU,Chisinau FIR,1
2019-08-28,LWSS,Skopje FIR,2
2019-08-28,LYBA,Beograd FIR,7
2019-08-28,LZBB,Bratislava  FIR,1
2019-08-28,UKBV,Kiev FIR,5
2019-08-28,UKDV,Dnipro FIR,0
2019-08-28,UKLV,Lvov FIR,2
2019-08-28,UKOV,Odessa FIR,0
2019-08-28,ULLL,Sankt-Peterburg FIR,5
2019-08-28,UMKK,Kaliningrad FIR,0
2019-08-28,UMMV,Minsk FIR,0
2019-08-28,UNNT,Novosibirsk FIR,1
2019-08-28,URRV,Rostov-Na-Donu FIR,0
2019-08-28,USSV,Yekaterinburg FIR,0
2019-08-28,UUWV,Moscow FIR,34
2019-08-28,UWWW,Samara FIR,0
2019-08-29,BIRD,Reykjavik FIR,2
2019-08-29,EBBU,Brussels FIR,21
2019-08-29,EDGG,Langen FIR,62
2019-08-29,EDMM,Munchen FIR,23
2019-08-29,EDWW,Bremen FIR,25
2019-08-29,EETT,Tallinn FIR,2
2019-08-29,EFIN,Helsinki FIR,18
2019-08-29,EGPX,Scottish FIR,29
2019-08-29,EGTT,London FIR,145
2019-08-29,EHAA,Amsterdam FIR,36
2019-08-29,EISN,Shannon FIR,25
2019-08-29,EKDK,Copenhagen FIR,13
2019-08-29,ENOB,Bodo Oceanic FIR,0
2019-08-29,ENOR,Polaris FIR,11
2019-08-29,EPWW,Warszawa FIR,21
2019-08-29,ESAA,Sweden FIR,17
2019-08-29,EVRR,Riga FIR,4
2019-08-29,EYVL,Vilnius FIR,4
2019-08-29,GCCC,Canarias FIR,41
2019-08-29,GMMM,Casablanca FIR,0
2019-08-29,LAAA,Tirana FIR,2
2019-08-29,LBSR,Sofia FIR,16
2019-08-29,LDZO,Zagreb FIR,3
2019-08-29,LECB,Barcelona FIR,44
2019-08-29,LECM,Madrid FIR,32
2019-08-29,LFBB,Bordeaux FIR,1
2019-08-29,LFEE,Reims FIR,0
2019-08-29,LFFF,Paris FIR,46
2019-08-29,LFMM,Marseille FIR,4
2019-08-29,LFRR,Brest FIR,0
2019-08-29,LGGG,Athinai FIR,39
2019-08-29,LHCC,Budapest FIR,17
2019-08-29,LIBB,Brindisi FIR,1
2019-08-29,LIMM,Milano FIR,23
2019-08-29,LIRR,Roma FIR,20
2019-08-29,LJLA,Ljubljana FIR,0
2019-08-29,LKAA,Praha FIR,12
2019-08-29,LMMM,Malta FIR,1
2019-08-29,LOVV,Wien FIR,9
2019-08-29,LPPC,Lisboa FIR,16
2019-08-29,LPPO,Santa Maria FIR,0
2019-08-29,LQSB,Sarajevo FIR,0
2019-08-29,LRBB,Bucarest FIR,25
2019-08-29,LSAS,Switzerland FIR,15
2019-08-29,LUUU,Chisinau FIR,1
2019-08-29,LWSS,Skopje FIR,3
2019-08-29,LYBA,Beograd FIR,6
2019-08-29,LZBB,Bratislava  FIR,1
2019-08-29,UKBV,Kiev FIR,3
2019-08-29,UKDV,Dnipro FIR,0
2019-08-29,UKLV,Lvov FIR,0
2019-08-29,UKOV,Odessa FIR,0
2019-08-29,ULLL,Sankt-Peterburg FIR,4
2019-08-29,UMKK,Kaliningrad FIR,0
2019-08-29,UMMV,Minsk FIR,0
2019-08-29,UNNT,Novosibirsk FIR,2
2019-08-29,URRV,Rostov-Na-Donu FIR,0
2019-08-29,USSV,Yekaterinburg FIR,0
2019-08-29,UUWV,Moscow FIR,32
2019-08-29,UWWW,Samara FIR,0
2019-08-30,BIRD,Reykjavik FIR,2
2019-08-30,EBBU,Brussels FIR,14
2019-08-30,EDGG,Langen FIR,34
2019-08-30,EDMM,Munchen FIR,19
2019-08-30,EDWW,Bremen FIR,7
2019-08-30,EETT,Tallinn FIR,1
2019-08-30,EFIN,Helsinki FIR,10
2019-08-30,EGPX,Scottish FIR,6
2019-08-30,EGTT,London FIR,119
2019-08-30,EHAA,Amsterdam FIR,17
2019-08-30,EISN,Shannon FIR,13
2019-08-30,EKDK,Copenhagen FIR,16
2019-08-30,ENOB,Bodo Oceanic FIR,0
2019-08-30,ENOR,Polaris FIR,23
2019-08-30,EPWW,Warszawa FIR,19
2019-08-30,ESAA,Sweden FIR,28
2019-08-30,EVRR,Riga FIR,1
2019-08-30,EYVL,Vilnius FIR,3
2019-08-30,GCCC,Canarias FIR,2
2019-08-30,GMMM,Casablanca FIR,0
2019-08-30,LAAA,Tirana FIR,0
2019-08-30,LBSR,Sofia FIR,6
2019-08-30,LDZO,Zagreb FIR,2
2019-08-30,LECB,Barcelona FIR,9
2019-08-30,LECM,Madrid FIR,11
2019-08-30,LFBB,Bordeaux FIR,0
2019-08-30,LFEE,Reims FIR,0
2019-08-30,LFFF,Paris FIR,40
2019-08-30,LFMM,Marseille FIR,3
2019-08-30,LFRR,Brest FIR,0
2019-08-30,LGGG,Athinai FIR,7
2019-08-30,LHCC,Budapest FIR,4
2019-08-30,LIBB,Brindisi FIR,1
2019-08-30,LIMM,Milano FIR,11
2019-08-30,LIRR,Roma FIR,15
2019-08-30,LJLA,Ljubljana FIR,0
2019-08-30,LKAA,Praha FIR,1
2019-08-30,LMMM,Malta FIR,0
2019-08-30,LOVV,Wien FIR,2
2019-08-30,LPPC,Lisboa FIR,3
2019-08-30,LPPO,Santa Maria FIR,0
2019-08-30,LQSB,Sarajevo FIR,0
2019-08-30,LRBB,Bucarest FIR,4
2019-08-30,LSAS,Switzerland FIR,7
2019-08-30,LUUU,Chisinau FIR,1
2019-08-30,LWSS,Skopje FIR,0
2019-08-30,LYBA,Beograd FIR,1
2019-08-30,LZBB,Bratislava  FIR,0
2019-08-30,UKBV,Kiev FIR,5
2019-08-30,UKDV,Dnipro FIR,1
2019-08-30,UKLV,Lvov FIR,1
2019-08-30,UKOV,Odessa FIR,0
2019-08-30,ULLL,Sankt-Peterburg FIR,1
2019-08-30,UMKK,Kaliningrad FIR,0
2019-08-30,UMMV,Minsk FIR,0
2019-08-30,UNKL,Krasnoyarsk FIR,0
2019-08-30,UNNT,Novosibirsk FIR,0
2019-08-30,URRV,Rostov-Na-Donu FIR,0
2019-08-30,USSV,Yekaterinburg FIR,0
2019-08-30,USTV,Tyumen FIR,1
2019-08-30,UUWV,Moscow FIR,14
2019-08-30,UWWW,Samara FIR,0
2019-08-31,BIRD,Reykjavik FIR,2
2019-08-31,EBBU,Brussels FIR,15
2019-08-31,EDGG,Langen FIR,60
2019-08-31,EDMM,Munchen FIR,6
2019-08-31,EDWW,Bremen FIR,9
2019-08-31,EETT,Tallinn FIR,1
2019-08-31,EFIN,Helsinki FIR,9
2019-08-31,EGPX,Scottish FIR,8
2019-08-31,EGTT,London FIR,222
2019-08-31,EHAA,Amsterdam FIR,27
2019-08-31,EISN,Shannon FIR,24
2019-08-31,EKDK,Copenhagen FIR,7
2019-08-31,ENOB,Bodo Oceanic FIR,0
2019-08-31,ENOR,Polaris FIR,18
2019-08-31,EPWW,Warszawa FIR,14
2019-08-31,ESAA,Sweden FIR,7
2019-08-31,EVRR,Riga FIR,0
2019-08-31,EYVL,Vilnius FIR,1
2019-08-31,GCCC,Canarias FIR,45
2019-08-31,GMMM,Casablanca FIR,0
2019-08-31,LAAA,Tirana FIR,1
2019-08-31,LBSR,Sofia FIR,3
2019-08-31,LDZO,Zagreb FIR,15
2019-08-31,LECB,Barcelona FIR,71
2019-08-31,LECM,Madrid FIR,56
2019-08-31,LFBB,Bordeaux FIR,0
2019-08-31,LFEE,Reims FIR,0
2019-08-31,LFFF,Paris FIR,58
2019-08-31,LFMM,Marseille FIR,20
2019-08-31,LFRR,Brest FIR,4
2019-08-31,LGGG,Athinai FIR,47
2019-08-31,LHCC,Budapest FIR,9
2019-08-31,LIBB,Brindisi FIR,3
2019-08-31,LIMM,Milano FIR,23
2019-08-31,LIRR,Roma FIR,43
2019-08-31,LJLA,Ljubljana FIR,0
2019-08-31,LKAA,Praha FIR,4
2019-08-31,LMMM,Malta FIR,11
2019-08-31,LOVV,Wien FIR,8
2019-08-31,LPPC,Lisboa FIR,59
2019-08-31,LPPO,Santa Maria FIR,2
2019-08-31,LQSB,Sarajevo FIR,0
2019-08-31,LRBB,Bucarest FIR,13
2019-08-31,LSAS,Switzerland FIR,12
2019-08-31,LUUU,Chisinau FIR,1
2019-08-31,LWSS,Skopje FIR,0
2019-08-31,LYBA,Beograd FIR,1
2019-08-31,LZBB,Bratislava  FIR,0
2019-08-31,UKBV,Kiev FIR,1
2019-08-31,UKDV,Dnipro FIR,1
2019-08-31,UKLV,Lvov FIR,1
2019-08-31,UKOV,Odessa FIR,0
2019-08-31,ULLL,Sankt-Peterburg FIR,0
2019-08-31,ULMM,Murmansk FIR,0
2019-08-31,UMMV,Minsk FIR,0
2019-08-31,UNNT,Novosibirsk FIR,1
2019-08-31,URRV,Rostov-Na-Donu FIR,0
2019-08-31,USSV,Yekaterinburg FIR,0
2019-08-31,UUWV,Moscow FIR,3
2019-08-31,UWWW,Samara FIR,0
2019-09-01,BIRD,Reykjavik FIR,2
2019-09-01,EBBU,Brussels FIR,13
2019-09-01,EDGG,Langen FIR,48
2019-09-01,EDMM,Munchen FIR,10
2019-09-01,EDWW,Bremen FIR,5
2019-09-01,EETT,Tallinn FIR,1
2019-09-01,EFIN,Helsinki FIR,13
2019-09-01,EGPX,Scottish FIR,3
2019-09-01,EGTT,London FIR,83
2019-09-01,EHAA,Amsterdam FIR,26
2019-09-01,EISN,Shannon FIR,3
2019-09-01,EKDK,Copenhagen FIR,6
2019-09-01,ENOB,Bodo Oceanic FIR,0
2019-09-01,ENOR,Polaris FIR,7
2019-09-01,EPWW,Warszawa FIR,9
2019-09-01,ESAA,Sweden FIR,13
2019-09-01,EVRR,Riga FIR,0
2019-09-01,EYVL,Vilnius FIR,2
2019-09-01,GCCC,Canarias FIR,0
2019-09-01,GMMM,Casablanca FIR,0
2019-09-01,LAAA,Tirana FIR,1
2019-09-01,LBSR,Sofia FIR,5
2019-09-01,LDZO,Zagreb FIR,1
2019-09-01,LECB,Barcelona FIR,20
2019-09-01,LECM,Madrid FIR,22
2019-09-01,LFBB,Bordeaux FIR,1
2019-09-01,LFEE,Reims FIR,4
2019-09-01,LFFF,Paris FIR,31
2019-09-01,LFMM,Marseille FIR,4
2019-09-01,LFRR,Brest FIR,2
2019-09-01,LGGG,Athinai FIR,15
2019-09-01,LHCC,Budapest FIR,4
2019-09-01,LIBB,Brindisi FIR,1
2019-09-01,LIMM,Milano FIR,20
2019-09-01,LIRR,Roma FIR,18
2019-09-01,LJLA,Ljubljana FIR,0
2019-09-01,LKAA,Praha FIR,4
2019-09-01,LMMM,Malta FIR,2
2019-09-01,LOVV,Wien FIR,10
2019-09-01,LPPC,Lisboa FIR,14
2019-09-01,LPPO,Santa Maria FIR,0
2019-09-01,LQSB,Sarajevo FIR,0
2019-09-01,LRBB,Bucarest FIR,4
2019-09-01,LSAS,Switzerland FIR,16
2019-09-01,LUUU,Chisinau FIR,0
2019-09-01,LWSS,Skopje FIR,1
2019-09-01,LYBA,Beograd FIR,2
2019-09-01,LZBB,Bratislava  FIR,0
2019-09-01,UKBV,Kiev FIR,1
2019-09-01,UKDV,Dnipro FIR,0
2019-09-01,UKLV,Lvov FIR,0
2019-09-01,UKOV,Odessa FIR,0
2019-09-01,ULLL,Sankt-Peterburg FIR,0
2019-09-01,UMKK,Kaliningrad FIR,0
2019-09-01,UMMV,Minsk FIR,0
2019-09-01,UNNT,Novosibirsk FIR,1
2019-09-01,URRV,Rostov-Na-Donu FIR,0
2019-09-01,USSV,Yekaterinburg FIR,0
2019-09-01,USTV,Tyumen FIR,0
2019-09-01,UUWV,Moscow FIR,1
2019-09-01,UWWW,Samara FIR,0
2019-09-02,BIRD,Reykjavik FIR,8
2019-09-02,EBBU,Brussels FIR,11
2019-09-02,EDGG,Langen FIR,41
2019-09-02,EDMM,Munchen FIR,17
2019-09-02,EDWW,Bremen FIR,11
2019-09-02,EETT,Tallinn FIR,1
2019-09-02,EFIN,Helsinki FIR,16
2019-09-02,EGPX,Scottish FIR,7
2019-09-02,EGTT,London FIR,124
2019-09-02,EHAA,Amsterdam FIR,19
2019-09-02,EISN,Shannon FIR,23
2019-09-02,EKDK,Copenhagen FIR,4
2019-09-02,ENOB,Bodo Oceanic FIR,0
2019-09-02,ENOR,Polaris FIR,3
2019-09-02,EPWW,Warszawa FIR,10
2019-09-02,ESAA,Sweden FIR,3
2019-09-02,EVRR,Riga FIR,1
2019-09-02,EYVL,Vilnius FIR,0
2019-09-02,GCCC,Canarias FIR,4
2019-09-02,GMMM,Casablanca FIR,0
2019-09-02,LAAA,Tirana FIR,1
2019-09-02,LBSR,Sofia FIR,8
2019-09-02,LDZO,Zagreb FIR,1
2019-09-02,LECB,Barcelona FIR,24
2019-09-02,LECM,Madrid FIR,30
2019-09-02,LFBB,Bordeaux FIR,2
2019-09-02,LFEE,Reims FIR,4
2019-09-02,LFFF,Paris FIR,43
2019-09-02,LFMM,Marseille FIR,7
2019-09-02,LFRR,Brest FIR,0
2019-09-02,LGGG,Athinai FIR,29
2019-09-02,LHCC,Budapest FIR,6
2019-09-02,LIBB,Brindisi FIR,0
2019-09-02,LIMM,Milano FIR,20
2019-09-02,LIRR,Roma FIR,23
2019-09-02,LJLA,Ljubljana FIR,0
2019-09-02,LKAA,Praha FIR,4
2019-09-02,LMMM,Malta FIR,0
2019-09-02,LOVV,Wien FIR,4
2019-09-02,LPPC,Lisboa FIR,15
2019-09-02,LPPO,Santa Maria FIR,0
2019-09-02,LQSB,Sarajevo FIR,1
2019-09-02,LRBB,Bucarest FIR,13
2019-09-02,LSAS,Switzerland FIR,8
2019-09-02,LUUU,Chisinau FIR,1
2019-09-02,LWSS,Skopje FIR,2
2019-09-02,LYBA,Beograd FIR,5
2019-09-02,LZBB,Bratislava  FIR,0
2019-09-02,UKBV,Kiev FIR,4
2019-09-02,UKDV,Dnipro FIR,0
2019-09-02,UKLV,Lvov FIR,1
2019-09-02,UKOV,Odessa FIR,0
2019-09-02,ULLL,Sankt-Peterburg FIR,6
2019-09-02,UMKK,Kaliningrad FIR,0
2019-09-02,UMMV,Minsk FIR,0
2019-09-02,UNNT,Novosibirsk FIR,0
2019-09-02,URRV,Rostov-Na-Donu FIR,0
2019-09-02,USSV,Yekaterinburg FIR,0
2019-09-02,UUWV,Moscow FIR,7
2019-09-02,UWWW,Samara FIR,0
2019-09-03,BIRD,Reykjavik FIR,7
2019-09-03,EBBU,Brussels FIR,12
2019-09-03,EDGG,Langen FIR,53
2019-09-03,EDMM,Munchen FIR,22
2019-09-03,EDWW,Bremen FIR,13
2019-09-03,EETT,Tallinn FIR,3
2019-09-03,EFIN,Helsinki FIR,21
2019-09-03,EGPX,Scottish FIR,4
2019-09-03,EGTT,London FIR,86
2019-09-03,EHAA,Amsterdam FIR,21
2019-09-03,EISN,Shannon FIR,4
2019-09-03,EKDK,Copenhagen FIR,13
2019-09-03,ENOB,Bodo Oceanic FIR,0
2019-09-03,ENOR,Polaris FIR,7
2019-09-03,EPWW,Warszawa FIR,11
2019-09-03,ESAA,Sweden FIR,11
2019-09-03,EVRR,Riga FIR,5
2019-09-03,EYVL,Vilnius FIR,5
2019-09-03,GCCC,Canarias FIR,0
2019-09-03,GMMM,Casablanca FIR,0
2019-09-03,LAAA,Tirana FIR,0
2019-09-03,LBSR,Sofia FIR,28
2019-09-03,LDZO,Zagreb FIR,3
2019-09-03,LECB,Barcelona FIR,6
2019-09-03,LECM,Madrid FIR,19
2019-09-03,LFBB,Bordeaux FIR,0
2019-09-03,LFEE,Reims FIR,0
2019-09-03,LFFF,Paris FIR,39
2019-09-03,LFMM,Marseille FIR,5
2019-09-03,LFRR,Brest FIR,1
2019-09-03,LGGG,Athinai FIR,22
2019-09-03,LHCC,Budapest FIR,6
2019-09-03,LIBB,Brindisi FIR,1
2019-09-03,LIMM,Milano FIR,19
2019-09-03,LIRR,Roma FIR,15
2019-09-03,LJLA,Ljubljana FIR,1
2019-09-03,LKAA,Praha FIR,9
2019-09-03,LMMM,Malta FIR,2
2019-09-03,LOVV,Wien FIR,10
2019-09-03,LPPC,Lisboa FIR,10
2019-09-03,LPPO,Santa Maria FIR,0
2019-09-03,LQSB,Sarajevo FIR,0
2019-09-03,LRBB,Bucarest FIR,16
2019-09-03,LSAS,Switzerland FIR,6
2019-09-03,LUUU,Chisinau FIR,6
2019-09-03,LWSS,Skopje FIR,3
2019-09-03,LYBA,Beograd FIR,0
2019-09-03,LZBB,Bratislava  FIR,1
2019-09-03,UKBV,Kiev FIR,16
2019-09-03,UKDV,Dnipro FIR,1
2019-09-03,UKLV,Lvov FIR,0
2019-09-03,UKOV,Odessa FIR,0
2019-09-03,ULLL,Sankt-Peterburg FIR,1
2019-09-03,UMMV,Minsk FIR,0
2019-09-03,UNNT,Novosibirsk FIR,1
2019-09-03,URRV,Rostov-Na-Donu FIR,0
2019-09-03,USSV,Yekaterinburg FIR,1
2019-09-03,UUWV,Moscow FIR,99
2019-09-03,UWWW,Samara FIR,0
2019-09-04,BIRD,Reykjavik FIR,1
2019-09-04,EBBU,Brussels FIR,12
2019-09-04,EDGG,Langen FIR,41
2019-09-04,EDMM,Munchen FIR,12
2019-09-04,EDWW,Bremen FIR,3
2019-09-04,EETT,Tallinn FIR,0
2019-09-04,EFIN,Helsinki FIR,10
2019-09-04,EGPX,Scottish FIR,1
2019-09-04,EGTT,London FIR,60
2019-09-04,EHAA,Amsterdam FIR,13
2019-09-04,EISN,Shannon FIR,9
2019-09-04,EKDK,Copenhagen FIR,9
2019-09-04,ENOB,Bodo Oceanic FIR,0
2019-09-04,ENOR,Polaris FIR,9
2019-09-04,EPWW,Warszawa FIR,2
2019-09-04,ESAA,Sweden FIR,10
2019-09-04,EVRR,Riga FIR,0
2019-09-04,EYVL,Vilnius FIR,3
2019-09-04,GCCC,Canarias FIR,0
2019-09-04,GMMM,Casablanca FIR,0
2019-09-04,LAAA,Tirana FIR,0
2019-09-04,LBSR,Sofia FIR,0
2019-09-04,LDZO,Zagreb FIR,0
2019-09-04,LECB,Barcelona FIR,6
2019-09-04,LECM,Madrid FIR,19
2019-09-04,LFBB,Bordeaux FIR,0
2019-09-04,LFEE,Reims FIR,0
2019-09-04,LFFF,Paris FIR,48
2019-09-04,LFMM,Marseille FIR,1
2019-09-04,LFRR,Brest FIR,0
2019-09-04,LGGG,Athinai FIR,3
2019-09-04,LHCC,Budapest FIR,2
2019-09-04,LIBB,Brindisi FIR,0
2019-09-04,LIMM,Milano FIR,11
2019-09-04,LIRR,Roma FIR,7
2019-09-04,LJLA,Ljubljana FIR,0
2019-09-04,LKAA,Praha FIR,1
2019-09-04,LMMM,Malta FIR,0
2019-09-04,LOVV,Wien FIR,5
2019-09-04,LPPC,Lisboa FIR,3
2019-09-04,LPPO,Santa Maria FIR,5
2019-09-04,LQSB,Sarajevo FIR,1
2019-09-04,LRBB,Bucarest FIR,1
2019-09-04,LSAS,Switzerland FIR,3
2019-09-04,LUUU,Chisinau FIR,0
2019-09-04,LWSS,Skopje FIR,0
2019-09-04,LYBA,Beograd FIR,1
2019-09-04,LZBB,Bratislava  FIR,0
2019-09-04,UKBV,Kiev FIR,1
2019-09-04,UKDV,Dnipro FIR,0
2019-09-04,UKLV,Lvov FIR,0
2019-09-04,UKOV,Odessa FIR,0
2019-09-04,ULLL,Sankt-Peterburg FIR,4
2019-09-04,UMKK,Kaliningrad FIR,0
2019-09-04,UMMV,Minsk FIR,0
2019-09-04,UNNT,Novosibirsk FIR,0
2019-09-04,URRV,Rostov-Na-Donu FIR,0
2019-09-04,USSV,Yekaterinburg FIR,0
2019-09-04,UUWV,Moscow FIR,5
2019-09-04,UWWW,Samara FIR,0
2019-09-05,BIRD,Reykjavik FIR,6
2019-09-05,EBBU,Brussels FIR,9
2019-09-05,EDGG,Langen FIR,54
2019-09-05,EDMM,Munchen FIR,19
2019-09-05,EDWW,Bremen FIR,1
2019-09-05,EETT,Tallinn FIR,0
2019-09-05,EFIN,Helsinki FIR,11
2019-09-05,EGPX,Scottish FIR,8
2019-09-05,EGTT,London FIR,107
2019-09-05,EHAA,Amsterdam FIR,21
2019-09-05,EISN,Shannon FIR,31
2019-09-05,EKDK,Copenhagen FIR,5
2019-09-05,ENOB,Bodo Oceanic FIR,0
2019-09-05,ENOR,Polaris FIR,0
2019-09-05,EPWW,Warszawa FIR,0
2019-09-05,ESAA,Sweden FIR,1
2019-09-05,EVRR,Riga FIR,0
2019-09-05,EYVL,Vilnius FIR,0
2019-09-05,GCCC,Canarias FIR,18
2019-09-05,GMMM,Casablanca FIR,0
2019-09-05,LAAA,Tirana FIR,0
2019-09-05,LBSR,Sofia FIR,0
2019-09-05,LDZO,Zagreb FIR,0
2019-09-05,LECB,Barcelona FIR,9
2019-09-05,LECM,Madrid FIR,27
2019-09-05,LFBB,Bordeaux FIR,0
2019-09-05,LFEE,Reims FIR,0
2019-09-05,LFFF,Paris FIR,47
2019-09-05,LFMM,Marseille FIR,2
2019-09-05,LFRR,Brest FIR,0
2019-09-05,LGGG,Athinai FIR,11
2019-09-05,LHCC,Budapest FIR,1
2019-09-05,LIBB,Brindisi FIR,0
2019-09-05,LIMM,Milano FIR,9
2019-09-05,LIRR,Roma FIR,13
2019-09-05,LJLA,Ljubljana FIR,0
2019-09-05,LKAA,Praha FIR,3
2019-09-05,LMMM,Malta FIR,0
2019-09-05,LOVV,Wien FIR,5
2019-09-05,LPPC,Lisboa FIR,13
2019-09-05,LPPO,Santa Maria FIR,0
2019-09-05,LQSB,Sarajevo FIR,0
2019-09-05,LRBB,Bucarest FIR,1
2019-09-05,LSAS,Switzerland FIR,11
2019-09-05,LUUU,Chisinau FIR,0
2019-09-05,LWSS,Skopje FIR,0
2019-09-05,LYBA,Beograd FIR,0
2019-09-05,LZBB,Bratislava  FIR,0
2019-09-05,UKBV,Kiev FIR,0
2019-09-05,UKDV,Dnipro FIR,0
2019-09-05,UKLV,Lvov FIR,0
2019-09-05,UKOV,Odessa FIR,0
2019-09-05,ULLL,Sankt-Peterburg FIR,0
2019-09-05,UMKK,Kaliningrad FIR,0
2019-09-05,UMMV,Minsk FIR,0
2019-09-05,UNKL,Krasnoyarsk FIR,0
2019-09-05,UNNT,Novosibirsk FIR,0
2019-09-05,URRV,Rostov-Na-Donu FIR,0
2019-09-05,USSV,Yekaterinburg FIR,0
2019-09-05,UUWV,Moscow FIR,2
2019-09-05,UWWW,Samara FIR,0
2019-09-06,BIRD,Reykjavik FIR,4
2019-09-06,EBBU,Brussels FIR,33
2019-09-06,EDGG,Langen FIR,120
2019-09-06,EDMM,Munchen FIR,52
2019-09-06,EDWW,Bremen FIR,19
2019-09-06,EETT,Tallinn FIR,1
2019-09-06,EFIN,Helsinki FIR,13
2019-09-06,EGPX,Scottish FIR,22
2019-09-06,EGTT,London FIR,305
2019-09-06,EHAA,Amsterdam FIR,61
2019-09-06,EISN,Shannon FIR,37
2019-09-06,EKDK,Copenhagen FIR,20
2019-09-06,ENOB,Bodo Oceanic FIR,0
2019-09-06,ENOR,Polaris FIR,5
2019-09-06,EPWW,Warszawa FIR,26
2019-09-06,ESAA,Sweden FIR,9
2019-09-06,EVRR,Riga FIR,0
2019-09-06,EYVL,Vilnius FIR,1
2019-09-06,GCCC,Canarias FIR,23
2019-09-06,GMMM,Casablanca FIR,0
2019-09-06,LAAA,Tirana FIR,1
2019-09-06,LBSR,Sofia FIR,28
2019-09-06,LDZO,Zagreb FIR,7
2019-09-06,LECB,Barcelona FIR,40
2019-09-06,LECM,Madrid FIR,50
2019-09-06,LFBB,Bordeaux FIR,3
2019-09-06,LFEE,Reims FIR,15
2019-09-06,LFFF,Paris FIR,78
2019-09-06,LFMM,Marseille FIR,12
2019-09-06,LFRR,Brest FIR,0
2019-09-06,LGGG,Athinai FIR,53
2019-09-06,LHCC,Budapest FIR,15
2019-09-06,LIBB,Brindisi FIR,1
2019-09-06,LIMM,Milano FIR,34
2019-09-06,LIRR,Roma FIR,31
2019-09-06,LJLA,Ljubljana FIR,2
2019-09-06,LKAA,Praha FIR,24
2019-09-06,LMMM,Malta FIR,2
2019-09-06,LOVV,Wien FIR,31
2019-09-06,LPPC,Lisboa FIR,33
2019-09-06,LPPO,Santa Maria FIR,1
2019-09-06,LQSB,Sarajevo FIR,0
2019-09-06,LRBB,Bucarest FIR,41
2019-09-06,LSAS,Switzerland FIR,18
2019-09-06,LUUU,Chisinau FIR,8
2019-09-06,LWSS,Skopje FIR,1
2019-09-06,LYBA,Beograd FIR,2
2019-09-06,LZBB,Bratislava  FIR,3
2019-09-06,UKBV,Kiev FIR,6
2019-09-06,UKDV,Dnipro FIR,1
2019-09-06,UKLV,Lvov FIR,2
2019-09-06,UKOV,Odessa FIR,0
2019-09-06,ULLL,Sankt-Peterburg FIR,3
2019-09-06,UMKK,Kaliningrad FIR,0
2019-09-06,UMMV,Minsk FIR,1
2019-09-06,UNKL,Krasnoyarsk FIR,0
2019-09-06,UNNT,Novosibirsk FIR,1
2019-09-06,URRV,Rostov-Na-Donu FIR,0
2019-09-06,USSV,Yekaterinburg FIR,0
2019-09-06,UUWV,Moscow FIR,25
2019-09-06,UWWW,Samara FIR,0
2019-09-07,BIRD,Reykjavik FIR,6
2019-09-07,EBBU,Brussels FIR,22
2019-09-07,EDGG,Langen FIR,127
2019-09-07,EDMM,Munchen FIR,53
2019-09-07,EDWW,Bremen FIR,34
2019-09-07,EETT,Tallinn FIR,4
2019-09-07,EFIN,Helsinki FIR,34
2019-09-07,EGPX,Scottish FIR,9
2019-09-07,EGTT,London FIR,149
2019-09-07,EHAA,Amsterdam FIR,42
2019-09-07,EISN,Shannon FIR,9
2019-09-07,EKDK,Copenhagen FIR,26
2019-09-07,ENOB,Bodo Oceanic FIR,0
2019-09-07,ENOR,Polaris FIR,18
2019-09-07,EPWW,Warszawa FIR,58
2019-09-07,ESAA,Sweden FIR,29
2019-09-07,EVRR,Riga FIR,8
2019-09-07,EYVL,Vilnius FIR,12
2019-09-07,GCCC,Canarias FIR,9
2019-09-07,GMMM,Casablanca FIR,0
2019-09-07,LAAA,Tirana FIR,0
2019-09-07,LBSR,Sofia FIR,34
2019-09-07,LDZO,Zagreb FIR,14
2019-09-07,LECB,Barcelona FIR,39
2019-09-07,LECM,Madrid FIR,28
2019-09-07,LFBB,Bordeaux FIR,2
2019-09-07,LFEE,Reims FIR,3
2019-09-07,LFFF,Paris FIR,70
2019-09-07,LFMM,Marseille FIR,8
2019-09-07,LFRR,Brest FIR,0
2019-09-07,LGGG,Athinai FIR,57
2019-09-07,LHCC,Budapest FIR,7
2019-09-07,LIBB,Brindisi FIR,3
2019-09-07,LIMM,Milano FIR,50
2019-09-07,LIRR,Roma FIR,44
2019-09-07,LJLA,Ljubljana FIR,0
2019-09-07,LKAA,Praha FIR,22
2019-09-07,LMMM,Malta FIR,3
2019-09-07,LOVV,Wien FIR,25
2019-09-07,LPPC,Lisboa FIR,7
2019-09-07,LPPO,Santa Maria FIR,0
2019-09-07,LQSB,Sarajevo FIR,0
2019-09-07,LRBB,Bucarest FIR,28
2019-09-07,LSAS,Switzerland FIR,24
2019-09-07,LUUU,Chisinau FIR,11
2019-09-07,LWSS,Skopje FIR,3
2019-09-07,LYBA,Beograd FIR,1
2019-09-07,LZBB,Bratislava  FIR,2
2019-09-07,UHHH,Khabarovsk FIR,1
2019-09-07,UKBV,Kiev FIR,22
2019-09-07,UKDV,Dnipro FIR,2
2019-09-07,UKLV,Lvov FIR,0
2019-09-07,UKOV,Odessa FIR,0
2019-09-07,ULLL,Sankt-Peterburg FIR,15
2019-09-07,UMKK,Kaliningrad FIR,0
2019-09-07,UMMV,Minsk FIR,0
2019-09-07,UNNT,Novosibirsk FIR,2
2019-09-07,URRV,Rostov-Na-Donu FIR,0
2019-09-07,USSV,Yekaterinburg FIR,1
2019-09-07,UUWV,Moscow FIR,67
2019-09-07,UWWW,Samara FIR,0
2019-09-08,BIRD,Reykjavik FIR,10
2019-09-08,EBBU,Brussels FIR,11
2019-09-08,EDGG,Langen FIR,90
2019-09-08,EDMM,Munchen FIR,33
2019-09-08,EDWW,Bremen FIR,16
2019-09-08,EETT,Tallinn FIR,4
2019-09-08,EFIN,Helsinki FIR,29
2019-09-08,EGPX,Scottish FIR,11
2019-09-08,EGTT,London FIR,147
2019-09-08,EHAA,Amsterdam FIR,41
2019-09-08,EISN,Shannon FIR,13
2019-09-08,EKDK,Copenhagen FIR,12
2019-09-08,ENOR,Polaris FIR,2
2019-09-08,EPWW,Warszawa FIR,28
2019-09-08,ESAA,Sweden FIR,14
2019-09-08,EVRR,Riga FIR,7
2019-09-08,EYVL,Vilnius FIR,4
2019-09-08,GCCC,Canarias FIR,24
2019-09-08,GMMM,Casablanca FIR,0
2019-09-08,LAAA,Tirana FIR,0
2019-09-08,LBSR,Sofia FIR,12
2019-09-08,LDZO,Zagreb FIR,5
2019-09-08,LECB,Barcelona FIR,29
2019-09-08,LECM,Madrid FIR,21
2019-09-08,LFBB,Bordeaux FIR,1
2019-09-08,LFEE,Reims FIR,4
2019-09-08,LFFF,Paris FIR,68
2019-09-08,LFMM,Marseille FIR,7
2019-09-08,LFRR,Brest FIR,2
2019-09-08,LGGG,Athinai FIR,32
2019-09-08,LHCC,Budapest FIR,15
2019-09-08,LIBB,Brindisi FIR,2
2019-09-08,LIMM,Milano FIR,23
2019-09-08,LIRR,Roma FIR,37
2019-09-08,LJLA,Ljubljana FIR,0
2019-09-08,LKAA,Praha FIR,13
2019-09-08,LMMM,Malta FIR,1
2019-09-08,LOVV,Wien FIR,13
2019-09-08,LPPC,Lisboa FIR,16
2019-09-08,LPPO,Santa Maria FIR,0
2019-09-08,LQSB,Sarajevo FIR,0
2019-09-08,LRBB,Bucarest FIR,17
2019-09-08,LSAS,Switzerland FIR,21
2019-09-08,LUUU,Chisinau FIR,1
2019-09-08,LWSS,Skopje FIR,0
2019-09-08,LYBA,Beograd FIR,2
2019-09-08,LZBB,Bratislava  FIR,0
2019-09-08,UHHH,Khabarovsk FIR,0
2019-09-08,UKBV,Kiev FIR,13
2019-09-08,UKDV,Dnipro FIR,2
2019-09-08,UKLV,Lvov FIR,0
2019-09-08,UKOV,Odessa FIR,0
2019-09-08,ULLL,Sankt-Peterburg FIR,13
2019-09-08,UMKK,Kaliningrad FIR,0
2019-09-08,UMMV,Minsk FIR,1
2019-09-08,UNKL,Krasnoyarsk FIR,0
2019-09-08,UNNT,Novosibirsk FIR,1
2019-09-08,URRV,Rostov-Na-Donu FIR,0
2019-09-08,USSV,Yekaterinburg FIR,1
2019-09-08,UUWV,Moscow FIR,62
2019-09-08,UWWW,Samara FIR,0
2019-09-09,BIRD,Reykjavik FIR,5
2019-09-09,EBBU,Brussels FIR,20
2019-09-09,EDGG,Langen FIR,106
2019-09-09,EDMM,Munchen FIR,37
2019-09-09,EDWW,Bremen FIR,26
2019-09-09,EETT,Tallinn FIR,2
2019-09-09,EFIN,Helsinki FIR,33
2019-09-09,EGPX,Scottish FIR,11
2019-09-09,EGTT,London FIR,79
2019-09-09,EHAA,Amsterdam FIR,34
2019-09-09,EISN,Shannon FIR,6
2019-09-09,EKDK,Copenhagen FIR,19
2019-09-09,ENOB,Bodo Oceanic FIR,1
2019-09-09,ENOR,Polaris FIR,14
2019-09-09,EPWW,Warszawa FIR,34
2019-09-09,ESAA,Sweden FIR,10
2019-09-09,EVRR,Riga FIR,5
2019-09-09,EYVL,Vilnius FIR,6
2019-09-09,GCCC,Canarias FIR,13
2019-09-09,GMMM,Casablanca FIR,0
2019-09-09,LAAA,Tirana FIR,0
2019-09-09,LBSR,Sofia FIR,9
2019-09-09,LDZO,Zagreb FIR,6
2019-09-09,LECB,Barcelona FIR,36
2019-09-09,LECM,Madrid FIR,31
2019-09-09,LFBB,Bordeaux FIR,1
2019-09-09,LFEE,Reims FIR,2
2019-09-09,LFFF,Paris FIR,56
2019-09-09,LFMM,Marseille FIR,10
2019-09-09,LFRR,Brest FIR,1
2019-09-09,LGGG,Athinai FIR,46
2019-09-09,LHCC,Budapest FIR,13
2019-09-09,LIBB,Brindisi FIR,0
2019-09-09,LIMM,Milano FIR,37
2019-09-09,LIRR,Roma FIR,26
2019-09-09,LJLA,Ljubljana FIR,0
2019-09-09,LKAA,Praha FIR,19
2019-09-09,LMMM,Malta FIR,3
2019-09-09,LOVV,Wien FIR,19
2019-09-09,LPPC,Lisboa FIR,8
2019-09-09,LPPO,Santa Maria FIR,0
2019-09-09,LQSB,Sarajevo FIR,0
2019-09-09,LRBB,Bucarest FIR,13
2019-09-09,LSAS,Switzerland FIR,22
2019-09-09,LUUU,Chisinau FIR,4
2019-09-09,LWSS,Skopje FIR,1
2019-09-09,LYBA,Beograd FIR,2
2019-09-09,LZBB,Bratislava  FIR,2
2019-09-09,UKBV,Kiev FIR,10
2019-09-09,UKDV,Dnipro FIR,3
2019-09-09,UKLV,Lvov FIR,0
2019-09-09,UKOV,Odessa FIR,0
2019-09-09,ULLL,Sankt-Peterburg FIR,9
2019-09-09,UMKK,Kaliningrad FIR,0
2019-09-09,UMMV,Minsk FIR,1
2019-09-09,UNNT,Novosibirsk FIR,1
2019-09-09,URRV,Rostov-Na-Donu FIR,0
2019-09-09,USSV,Yekaterinburg FIR,1
2019-09-09,USTV,Tyumen FIR,1
2019-09-09,UUWV,Moscow FIR,76
2019-09-09,UWWW,Samara FIR,0
2019-09-10,BIRD,Reykjavik FIR,2
2019-09-10,EBBU,Brussels FIR,19
2019-09-10,EDGG,Langen FIR,85
2019-09-10,EDMM,Munchen FIR,38
2019-09-10,EDWW,Bremen FIR,19
2019-09-10,EETT,Tallinn FIR,3
2019-09-10,EFIN,Helsinki FIR,15
2019-09-10,EGPX,Scottish FIR,5
2019-09-10,EGTT,London FIR,77
2019-09-10,EHAA,Amsterdam FIR,32
2019-09-10,EISN,Shannon FIR,8
2019-09-10,EKDK,Copenhagen FIR,14
2019-09-10,ENOR,Polaris FIR,9
2019-09-10,EPWW,Warszawa FIR,31
2019-09-10,ESAA,Sweden FIR,11
2019-09-10,EVRR,Riga FIR,7
2019-09-10,EYVL,Vilnius FIR,6
2019-09-10,GCCC,Canarias FIR,21
2019-09-10,GMMM,Casablanca FIR,0
2019-09-10,LAAA,Tirana FIR,4
2019-09-10,LBSR,Sofia FIR,22
2019-09-10,LDZO,Zagreb FIR,3
2019-09-10,LECB,Barcelona FIR,35
2019-09-10,LECM,Madrid FIR,27
2019-09-10,LFBB,Bordeaux FIR,2
2019-09-10,LFEE,Reims FIR,2
2019-09-10,LFFF,Paris FIR,45
2019-09-10,LFMM,Marseille FIR,6
2019-09-10,LFRR,Brest FIR,0
2019-09-10,LGGG,Athinai FIR,94
2019-09-10,LHCC,Budapest FIR,10
2019-09-10,LIBB,Brindisi FIR,5
2019-09-10,LIMM,Milano FIR,27
2019-09-10,LIRR,Roma FIR,28
2019-09-10,LJLA,Ljubljana FIR,1
2019-09-10,LKAA,Praha FIR,9
2019-09-10,LMMM,Malta FIR,3
2019-09-10,LOVV,Wien FIR,11
2019-09-10,LPPC,Lisboa FIR,14
2019-09-10,LPPO,Santa Maria FIR,0
2019-09-10,LQSB,Sarajevo FIR,1
2019-09-10,LRBB,Bucarest FIR,16
2019-09-10,LSAS,Switzerland FIR,9
2019-09-10,LUUU,Chisinau FIR,0
2019-09-10,LWSS,Skopje FIR,5
2019-09-10,LYBA,Beograd FIR,5
2019-09-10,LZBB,Bratislava  FIR,2
2019-09-10,UKBV,Kiev FIR,8
2019-09-10,UKDV,Dnipro FIR,0
2019-09-10,UKLV,Lvov FIR,0
2019-09-10,UKOV,Odessa FIR,0
2019-09-10,ULLL,Sankt-Peterburg FIR,3
2019-09-10,UMKK,Kaliningrad FIR,0
2019-09-10,UMMV,Minsk FIR,0
2019-09-10,UNNT,Novosibirsk FIR,0
2019-09-10,URRV,Rostov-Na-Donu FIR,0
2019-09-10,USSV,Yekaterinburg FIR,0
2019-09-10,UUWV,Moscow FIR,77
2019-09-10,UWWW,Samara FIR,1
2019-09-11,BIRD,Reykjavik FIR,1
2019-09-11,EBBU,Brussels FIR,11
2019-09-11,EDGG,Langen FIR,61
2019-09-11,EDMM,Munchen FIR,23
2019-09-11,EDWW,Bremen FIR,15
2019-09-11,EETT,Tallinn FIR,4
2019-09-11,EFIN,Helsinki FIR,20
2019-09-11,EGPX,Scottish FIR,8
2019-09-11,EGTT,London FIR,93
2019-09-11,EHAA,Amsterdam FIR,26
2019-09-11,EISN,Shannon FIR,1
2019-09-11,EKDK,Copenhagen FIR,11
2019-09-11,ENOB,Bodo Oceanic FIR,1
2019-09-11,ENOR,Polaris FIR,8
2019-09-11,EPWW,Warszawa FIR,24
2019-09-11,ESAA,Sweden FIR,6
2019-09-11,EVRR,Riga FIR,3
2019-09-11,EYVL,Vilnius FIR,2
2019-09-11,GCCC,Canarias FIR,8
2019-09-11,GMMM,Casablanca FIR,0
2019-09-11,LAAA,Tirana FIR,0
2019-09-11,LBSR,Sofia FIR,11
2019-09-11,LDZO,Zagreb FIR,4
2019-09-11,LECB,Barcelona FIR,14
2019-09-11,LECM,Madrid FIR,14
2019-09-11,LFBB,Bordeaux FIR,0
2019-09-11,LFEE,Reims FIR,0
2019-09-11,LFFF,Paris FIR,34
2019-09-11,LFMM,Marseille FIR,3
2019-09-11,LFRR,Brest FIR,0
2019-09-11,LGGG,Athinai FIR,27
2019-09-11,LHCC,Budapest FIR,6
2019-09-11,LIBB,Brindisi FIR,0
2019-09-11,LIMM,Milano FIR,17
2019-09-11,LIRR,Roma FIR,9
2019-09-11,LJLA,Ljubljana FIR,1
2019-09-11,LKAA,Praha FIR,6
2019-09-11,LMMM,Malta FIR,0
2019-09-11,LOVV,Wien FIR,7
2019-09-11,LPPC,Lisboa FIR,21
2019-09-11,LPPO,Santa Maria FIR,0
2019-09-11,LQSB,Sarajevo FIR,0
2019-09-11,LRBB,Bucarest FIR,15
2019-09-11,LSAS,Switzerland FIR,8
2019-09-11,LUUU,Chisinau FIR,4
2019-09-11,LWSS,Skopje FIR,0
2019-09-11,LYBA,Beograd FIR,1
2019-09-11,LZBB,Bratislava  FIR,0
2019-09-11,UKBV,Kiev FIR,1
2019-09-11,UKDV,Dnipro FIR,1
2019-09-11,UKLV,Lvov FIR,0
2019-09-11,UKOV,Odessa FIR,0
2019-09-11,ULLL,Sankt-Peterburg FIR,1
2019-09-11,UMKK,Kaliningrad FIR,0
2019-09-11,UMMV,Minsk FIR,2
2019-09-11,UNKL,Krasnoyarsk FIR,0
2019-09-11,UNNT,Novosibirsk FIR,1
2019-09-11,URRV,Rostov-Na-Donu FIR,0
2019-09-11,USSV,Yekaterinburg FIR,0
2019-09-11,UUWV,Moscow FIR,48
2019-09-11,UWWW,Samara FIR,0
2019-09-12,BIRD,Reykjavik FIR,2
2019-09-12,EBBU,Brussels FIR,12
2019-09-12,EDGG,Langen FIR,37
2019-09-12,EDMM,Munchen FIR,12
2019-09-12,EDWW,Bremen FIR,2
2019-09-12,EETT,Tallinn FIR,2
2019-09-12,EFIN,Helsinki FIR,5
2019-09-12,EGPX,Scottish FIR,1
2019-09-12,EGTT,London FIR,46
2019-09-12,EHAA,Amsterdam FIR,19
2019-09-12,EISN,Shannon FIR,2
2019-09-12,EKDK,Copenhagen FIR,7
2019-09-12,ENOR,Polaris FIR,0
2019-09-12,EPWW,Warszawa FIR,7
2019-09-12,ESAA,Sweden FIR,3
2019-09-12,EVRR,Riga FIR,1
2019-09-12,EYVL,Vilnius FIR,0
2019-09-12,GCCC,Canarias FIR,0
2019-09-12,GMMM,Casablanca FIR,0
2019-09-12,LAAA,Tirana FIR,0
2019-09-12,LBSR,Sofia FIR,4
2019-09-12,LDZO,Zagreb FIR,0
2019-09-12,LECB,Barcelona FIR,9
2019-09-12,LECM,Madrid FIR,18
2019-09-12,LFBB,Bordeaux FIR,0
2019-09-12,LFEE,Reims FIR,0
2019-09-12,LFFF,Paris FIR,33
2019-09-12,LFMM,Marseille FIR,2
2019-09-12,LFRR,Brest FIR,0
2019-09-12,LGGG,Athinai FIR,12
2019-09-12,LHCC,Budapest FIR,3
2019-09-12,LIBB,Brindisi FIR,0
2019-09-12,LIMM,Milano FIR,8
2019-09-12,LIRR,Roma FIR,8
2019-09-12,LJLA,Ljubljana FIR,0
2019-09-12,LKAA,Praha FIR,2
2019-09-12,LMMM,Malta FIR,0
2019-09-12,LOVV,Wien FIR,9
2019-09-12,LPPC,Lisboa FIR,1
2019-09-12,LPPO,Santa Maria FIR,0
2019-09-12,LQSB,Sarajevo FIR,0
2019-09-12,LRBB,Bucarest FIR,1
2019-09-12,LSAS,Switzerland FIR,7
2019-09-12,LUUU,Chisinau FIR,0
2019-09-12,LWSS,Skopje FIR,0
2019-09-12,LYBA,Beograd FIR,0
2019-09-12,LZBB,Bratislava  FIR,0
2019-09-12,UKBV,Kiev FIR,1
2019-09-12,UKDV,Dnipro FIR,0
2019-09-12,UKLV,Lvov FIR,0
2019-09-12,UKOV,Odessa FIR,0
2019-09-12,ULLL,Sankt-Peterburg FIR,0
2019-09-12,UMKK,Kaliningrad FIR,0
2019-09-12,UMMV,Minsk FIR,0
2019-09-12,UNNT,Novosibirsk FIR,2
2019-09-12,USSV,Yekaterinburg FIR,0
2019-09-12,UUWV,Moscow FIR,18
2019-09-12,UWWW,Samara FIR,0
2019-09-13,BIRD,Reykjavik FIR,6
2019-09-13,EBBU,Brussels FIR,11
2019-09-13,EDGG,Langen FIR,44
2019-09-13,EDMM,Munchen FIR,26
2019-09-13,EDWW,Bremen FIR,5
2019-09-13,EETT,Tallinn FIR,3
2019-09-13,EFIN,Helsinki FIR,6
2019-09-13,EGPX,Scottish FIR,6
2019-09-13,EGTT,London FIR,100
2019-09-13,EHAA,Amsterdam FIR,37
2019-09-13,EISN,Shannon FIR,11
2019-09-13,EKDK,Copenhagen FIR,17
2019-09-13,ENOB,Bodo Oceanic FIR,0
2019-09-13,ENOR,Polaris FIR,10
2019-09-13,EPWW,Warszawa FIR,15
2019-09-13,ESAA,Sweden FIR,10
2019-09-13,EVRR,Riga FIR,0
2019-09-13,EYVL,Vilnius FIR,5
2019-09-13,GCCC,Canarias FIR,7
2019-09-13,GMMM,Casablanca FIR,0
2019-09-13,LAAA,Tirana FIR,0
2019-09-13,LBSR,Sofia FIR,6
2019-09-13,LDZO,Zagreb FIR,2
2019-09-13,LECB,Barcelona FIR,94
2019-09-13,LECM,Madrid FIR,45
2019-09-13,LFBB,Bordeaux FIR,1
2019-09-13,LFEE,Reims FIR,4
2019-09-13,LFFF,Paris FIR,52
2019-09-13,LFMM,Marseille FIR,5
2019-09-13,LFRR,Brest FIR,4
2019-09-13,LGGG,Athinai FIR,13
2019-09-13,LHCC,Budapest FIR,4
2019-09-13,LIBB,Brindisi FIR,0
2019-09-13,LIMM,Milano FIR,9
2019-09-13,LIRR,Roma FIR,10
2019-09-13,LJLA,Ljubljana FIR,0
2019-09-13,LKAA,Praha FIR,5
2019-09-13,LMMM,Malta FIR,1
2019-09-13,LOVV,Wien FIR,9
2019-09-13,LPPC,Lisboa FIR,13
2019-09-13,LPPO,Santa Maria FIR,0
2019-09-13,LQSB,Sarajevo FIR,0
2019-09-13,LRBB,Bucarest FIR,5
2019-09-13,LSAS,Switzerland FIR,8
2019-09-13,LUUU,Chisinau FIR,1
2019-09-13,LWSS,Skopje FIR,0
2019-09-13,LYBA,Beograd FIR,0
2019-09-13,LZBB,Bratislava  FIR,0
2019-09-13,UKBV,Kiev FIR,1
2019-09-13,UKDV,Dnipro FIR,1
2019-09-13,UKLV,Lvov FIR,0
2019-09-13,UKOV,Odessa FIR,0
2019-09-13,ULLL,Sankt-Peterburg FIR,0
2019-09-13,UMKK,Kaliningrad FIR,0
2019-09-13,UMMV,Minsk FIR,0
2019-09-13,UNNT,Novosibirsk FIR,2
2019-09-13,URRV,Rostov-Na-Donu FIR,0
2019-09-13,USSV,Yekaterinburg FIR,1
2019-09-13,UUWV,Moscow FIR,19
2019-09-13,UWWW,Samara FIR,0
2019-09-14,BIRD,Reykjavik FIR,12
2019-09-14,EBBU,Brussels FIR,14
2019-09-14,EDGG,Langen FIR,65
2019-09-14,EDMM,Munchen FIR,25
2019-09-14,EDWW,Bremen FIR,18
2019-09-14,EETT,Tallinn FIR,1
2019-09-14,EFIN,Helsinki FIR,20
2019-09-14,EGPX,Scottish FIR,11
2019-09-14,EGTT,London FIR,142
2019-09-14,EHAA,Amsterdam FIR,26
2019-09-14,EISN,Shannon FIR,13
2019-09-14,EKDK,Copenhagen FIR,14
2019-09-14,ENOB,Bodo Oceanic FIR,0
2019-09-14,ENOR,Polaris FIR,21
2019-09-14,EPWW,Warszawa FIR,24
2019-09-14,ESAA,Sweden FIR,16
2019-09-14,EVRR,Riga FIR,3
2019-09-14,EYVL,Vilnius FIR,8
2019-09-14,GCCC,Canarias FIR,16
2019-09-14,GMMM,Casablanca FIR,0
2019-09-14,LAAA,Tirana FIR,1
2019-09-14,LBSR,Sofia FIR,10
2019-09-14,LDZO,Zagreb FIR,6
2019-09-14,LECB,Barcelona FIR,149
2019-09-14,LECM,Madrid FIR,52
2019-09-14,LFBB,Bordeaux FIR,5
2019-09-14,LFEE,Reims FIR,8
2019-09-14,LFFF,Paris FIR,60
2019-09-14,LFMM,Marseille FIR,25
2019-09-14,LFRR,Brest FIR,4
2019-09-14,LGGG,Athinai FIR,41
2019-09-14,LHCC,Budapest FIR,12
2019-09-14,LIBB,Brindisi FIR,1
2019-09-14,LIMM,Milano FIR,61
2019-09-14,LIRR,Roma FIR,47
2019-09-14,LJLA,Ljubljana FIR,0
2019-09-14,LKAA,Praha FIR,12
2019-09-14,LMMM,Malta FIR,4
2019-09-14,LOVV,Wien FIR,7
2019-09-14,LPPC,Lisboa FIR,23
2019-09-14,LPPO,Santa Maria FIR,0
2019-09-14,LQSB,Sarajevo FIR,0
2019-09-14,LRBB,Bucarest FIR,11
2019-09-14,LSAS,Switzerland FIR,24
2019-09-14,LUUU,Chisinau FIR,1
2019-09-14,LWSS,Skopje FIR,0
2019-09-14,LYBA,Beograd FIR,5
2019-09-14,LZBB,Bratislava  FIR,0
2019-09-14,UKBV,Kiev FIR,2
2019-09-14,UKDV,Dnipro FIR,0
2019-09-14,UKLV,Lvov FIR,0
2019-09-14,UKOV,Odessa FIR,0
2019-09-14,ULLL,Sankt-Peterburg FIR,2
2019-09-14,ULMM,Murmansk FIR,0
2019-09-14,UMKK,Kaliningrad FIR,0
2019-09-14,UMMV,Minsk FIR,0
2019-09-14,UNNT,Novosibirsk FIR,2
2019-09-14,URRV,Rostov-Na-Donu FIR,0
2019-09-14,USSV,Yekaterinburg FIR,1
2019-09-14,USTV,Tyumen FIR,1
2019-09-14,UUWV,Moscow FIR,33
2019-09-14,UWWW,Samara FIR,1
2019-09-15,BIRD,Reykjavik FIR,4
2019-09-15,EBBU,Brussels FIR,23
2019-09-15,EDGG,Langen FIR,93
2019-09-15,EDMM,Munchen FIR,37
2019-09-15,EDWW,Bremen FIR,31
2019-09-15,EETT,Tallinn FIR,8
2019-09-15,EFIN,Helsinki FIR,45
2019-09-15,EGPX,Scottish FIR,37
2019-09-15,EGTT,London FIR,223
2019-09-15,EHAA,Amsterdam FIR,30
2019-09-15,EISN,Shannon FIR,36
2019-09-15,EKDK,Copenhagen FIR,54
2019-09-15,ENOR,Polaris FIR,12
2019-09-15,EPWW,Warszawa FIR,52
2019-09-15,ESAA,Sweden FIR,39
2019-09-15,EVRR,Riga FIR,14
2019-09-15,EYVL,Vilnius FIR,7
2019-09-15,GCCC,Canarias FIR,10
2019-09-15,GMMM,Casablanca FIR,0
2019-09-15,LAAA,Tirana FIR,1
2019-09-15,LBSR,Sofia FIR,14
2019-09-15,LDZO,Zagreb FIR,11
2019-09-15,LECB,Barcelona FIR,65
2019-09-15,LECM,Madrid FIR,38
2019-09-15,LFBB,Bordeaux FIR,3
2019-09-15,LFEE,Reims FIR,2
2019-09-15,LFFF,Paris FIR,83
2019-09-15,LFMM,Marseille FIR,18
2019-09-15,LFRR,Brest FIR,2
2019-09-15,LGGG,Athinai FIR,68
2019-09-15,LHCC,Budapest FIR,15
2019-09-15,LIBB,Brindisi FIR,10
2019-09-15,LIMM,Milano FIR,61
2019-09-15,LIRR,Roma FIR,83
2019-09-15,LJLA,Ljubljana FIR,0
2019-09-15,LKAA,Praha FIR,15
2019-09-15,LMMM,Malta FIR,9
2019-09-15,LOVV,Wien FIR,24
2019-09-15,LPPC,Lisboa FIR,5
2019-09-15,LPPO,Santa Maria FIR,0
2019-09-15,LQSB,Sarajevo FIR,0
2019-09-15,LRBB,Bucarest FIR,11
2019-09-15,LSAS,Switzerland FIR,24
2019-09-15,LUUU,Chisinau FIR,2
2019-09-15,LWSS,Skopje FIR,0
2019-09-15,LYBA,Beograd FIR,3
2019-09-15,LZBB,Bratislava  FIR,1
2019-09-15,UKBV,Kiev FIR,10
2019-09-15,UKDV,Dnipro FIR,0
2019-09-15,UKLV,Lvov FIR,1
2019-09-15,UKOV,Odessa FIR,0
2019-09-15,ULLL,Sankt-Peterburg FIR,12
2019-09-15,UMMV,Minsk FIR,1
2019-09-15,UNNT,Novosibirsk FIR,2
2019-09-15,URRV,Rostov-Na-Donu FIR,0
2019-09-15,USSV,Yekaterinburg FIR,0
2019-09-15,UUWV,Moscow FIR,55
2019-09-15,UWWW,Samara FIR,0
2019-09-16,BIRD,Reykjavik FIR,5
2019-09-16,EBBU,Brussels FIR,31
2019-09-16,EDGG,Langen FIR,81
2019-09-16,EDMM,Munchen FIR,47
2019-09-16,EDWW,Bremen FIR,28
2019-09-16,EETT,Tallinn FIR,2
2019-09-16,EFIN,Helsinki FIR,7
2019-09-16,EGPX,Scottish FIR,52
2019-09-16,EGTT,London FIR,352
2019-09-16,EHAA,Amsterdam FIR,65
2019-09-16,EISN,Shannon FIR,67
2019-09-16,EKDK,Copenhagen FIR,34
2019-09-16,ENOB,Bodo Oceanic FIR,0
2019-09-16,ENOR,Polaris FIR,22
2019-09-16,EPWW,Warszawa FIR,61
2019-09-16,ESAA,Sweden FIR,17
2019-09-16,EVRR,Riga FIR,2
2019-09-16,EYVL,Vilnius FIR,4
2019-09-16,GCCC,Canarias FIR,7
2019-09-16,GMMM,Casablanca FIR,0
2019-09-16,LAAA,Tirana FIR,1
2019-09-16,LBSR,Sofia FIR,14
2019-09-16,LDZO,Zagreb FIR,6
2019-09-16,LECB,Barcelona FIR,36
2019-09-16,LECM,Madrid FIR,31
2019-09-16,LFBB,Bordeaux FIR,1
2019-09-16,LFEE,Reims FIR,2
2019-09-16,LFFF,Paris FIR,63
2019-09-16,LFMM,Marseille FIR,10
2019-09-16,LFRR,Brest FIR,2
2019-09-16,LGGG,Athinai FIR,41
2019-09-16,LHCC,Budapest FIR,23
2019-09-16,LIBB,Brindisi FIR,3
2019-09-16,LIMM,Milano FIR,29
2019-09-16,LIRR,Roma FIR,10
2019-09-16,LJLA,Ljubljana FIR,1
2019-09-16,LKAA,Praha FIR,15
2019-09-16,LMMM,Malta FIR,1
2019-09-16,LOVV,Wien FIR,22
2019-09-16,LPPC,Lisboa FIR,14
2019-09-16,LPPO,Santa Maria FIR,0
2019-09-16,LQSB,Sarajevo FIR,0
2019-09-16,LRBB,Bucarest FIR,19
2019-09-16,LSAS,Switzerland FIR,11
2019-09-16,LUUU,Chisinau FIR,0
2019-09-16,LWSS,Skopje FIR,1
2019-09-16,LYBA,Beograd FIR,3
2019-09-16,LZBB,Bratislava  FIR,4
2019-09-16,UKBV,Kiev FIR,6
2019-09-16,UKDV,Dnipro FIR,0
2019-09-16,UKLV,Lvov FIR,2
2019-09-16,UKOV,Odessa FIR,0
2019-09-16,ULLL,Sankt-Peterburg FIR,0
2019-09-16,UMKK,Kaliningrad FIR,0
2019-09-16,UMMV,Minsk FIR,0
2019-09-16,UNNT,Novosibirsk FIR,0
2019-09-16,URRV,Rostov-Na-Donu FIR,1
2019-09-16,USSV,Yekaterinburg FIR,0
2019-09-16,UUWV,Moscow FIR,10
2019-09-16,UWWW,Samara FIR,0
2019-09-17,BIRD,Reykjavik FIR,6
2019-09-17,EBBU,Brussels FIR,11
2019-09-17,EDGG,Langen FIR,43
2019-09-17,EDMM,Munchen FIR,20
2019-09-17,EDWW,Bremen FIR,5
2019-09-17,EETT,Tallinn FIR,0
2019-09-17,EFIN,Helsinki FIR,0
2019-09-17,EGPX,Scottish FIR,9
2019-09-17,EGTT,London FIR,130
2019-09-17,EHAA,Amsterdam FIR,32
2019-09-17,EISN,Shannon FIR,15
2019-09-17,EKDK,Copenhagen FIR,2
2019-09-17,ENOB,Bodo Oceanic FIR,0
2019-09-17,ENOR,Polaris FIR,1
2019-09-17,EPWW,Warszawa FIR,7
2019-09-17,ESAA,Sweden FIR,4
2019-09-17,EVRR,Riga FIR,0
2019-09-17,EYVL,Vilnius FIR,0
2019-09-17,GCCC,Canarias FIR,0
2019-09-17,GMMM,Casablanca FIR,0
2019-09-17,LAAA,Tirana FIR,0
2019-09-17,LBSR,Sofia FIR,2
2019-09-17,LDZO,Zagreb FIR,0
2019-09-17,LECB,Barcelona FIR,11
2019-09-17,LECM,Madrid FIR,24
2019-09-17,LFBB,Bordeaux FIR,0
2019-09-17,LFEE,Reims FIR,0
2019-09-17,LFFF,Paris FIR,45
2019-09-17,LFMM,Marseille FIR,0
2019-09-17,LFRR,Brest FIR,0
2019-09-17,LGGG,Athinai FIR,4
2019-09-17,LHCC,Budapest FIR,1
2019-09-17,LIBB,Brindisi FIR,0
2019-09-17,LIMM,Milano FIR,11
2019-09-17,LIRR,Roma FIR,9
2019-09-17,LJLA,Ljubljana FIR,0
2019-09-17,LKAA,Praha FIR,2
2019-09-17,LMMM,Malta FIR,0
2019-09-17,LOVV,Wien FIR,6
2019-09-17,LPPC,Lisboa FIR,1
2019-09-17,LPPO,Santa Maria FIR,0
2019-09-17,LQSB,Sarajevo FIR,0
2019-09-17,LRBB,Bucarest FIR,2
2019-09-17,LSAS,Switzerland FIR,8
2019-09-17,LUUU,Chisinau FIR,0
2019-09-17,LWSS,Skopje FIR,0
2019-09-17,LYBA,Beograd FIR,0
2019-09-17,LZBB,Bratislava  FIR,0
2019-09-17,UKBV,Kiev FIR,0
2019-09-17,UKDV,Dnipro FIR,0
2019-09-17,UKLV,Lvov FIR,0
2019-09-17,UKOV,Odessa FIR,0
2019-09-17,ULLL,Sankt-Peterburg FIR,0
2019-09-17,UMKK,Kaliningrad FIR,0
2019-09-17,UMMV,Minsk FIR,0
2019-09-17,UNNT,Novosibirsk FIR,1
2019-09-17,URRV,Rostov-Na-Donu FIR,0
2019-09-17,USSV,Yekaterinburg FIR,0
2019-09-17,UUWV,Moscow FIR,1
2019-09-17,UWWW,Samara FIR,0
2019-09-18,BIRD,Reykjavik FIR,17
2019-09-18,EBBU,Brussels FIR,13
2019-09-18,EDGG,Langen FIR,62
2019-09-18,EDMM,Munchen FIR,23
2019-09-18,EDWW,Bremen FIR,4
2019-09-18,EETT,Tallinn FIR,0
2019-09-18,EFIN,Helsinki FIR,6
2019-09-18,EGPX,Scottish FIR,12
2019-09-18,EGTT,London FIR,195
2019-09-18,EHAA,Amsterdam FIR,37
2019-09-18,EISN,Shannon FIR,42
2019-09-18,EKDK,Copenhagen FIR,12
2019-09-18,ENOB,Bodo Oceanic FIR,0
2019-09-18,ENOR,Polaris FIR,10
2019-09-18,EPWW,Warszawa FIR,16
2019-09-18,ESAA,Sweden FIR,6
2019-09-18,EVRR,Riga FIR,2
2019-09-18,EYVL,Vilnius FIR,1
2019-09-18,GCCC,Canarias FIR,3
2019-09-18,GMMM,Casablanca FIR,0
2019-09-18,LAAA,Tirana FIR,1
2019-09-18,LBSR,Sofia FIR,2
2019-09-18,LDZO,Zagreb FIR,2
2019-09-18,LECB,Barcelona FIR,2
2019-09-18,LECM,Madrid FIR,13
2019-09-18,LFBB,Bordeaux FIR,0
2019-09-18,LFEE,Reims FIR,0
2019-09-18,LFFF,Paris FIR,63
2019-09-18,LFMM,Marseille FIR,2
2019-09-18,LFRR,Brest FIR,0
2019-09-18,LGGG,Athinai FIR,21
2019-09-18,LHCC,Budapest FIR,3
2019-09-18,LIBB,Brindisi FIR,3
2019-09-18,LIMM,Milano FIR,16
2019-09-18,LIRR,Roma FIR,22
2019-09-18,LJLA,Ljubljana FIR,0
2019-09-18,LKAA,Praha FIR,6
2019-09-18,LMMM,Malta FIR,0
2019-09-18,LOVV,Wien FIR,7
2019-09-18,LPPC,Lisboa FIR,5
2019-09-18,LPPO,Santa Maria FIR,0
2019-09-18,LQSB,Sarajevo FIR,0
2019-09-18,LRBB,Bucarest FIR,5
2019-09-18,LSAS,Switzerland FIR,11
2019-09-18,LUUU,Chisinau FIR,1
2019-09-18,LWSS,Skopje FIR,0
2019-09-18,LYBA,Beograd FIR,1
2019-09-18,LZBB,Bratislava  FIR,0
2019-09-18,UKBV,Kiev FIR,0
2019-09-18,UKDV,Dnipro FIR,0
2019-09-18,UKLV,Lvov FIR,0
2019-09-18,UKOV,Odessa FIR,0
2019-09-18,ULLL,Sankt-Peterburg FIR,1
2019-09-18,UMKK,Kaliningrad FIR,0
2019-09-18,UMMV,Minsk FIR,0
2019-09-18,UNNT,Novosibirsk FIR,1
2019-09-18,URRV,Rostov-Na-Donu FIR,0
2019-09-18,USSV,Yekaterinburg FIR,0
2019-09-18,USTV,Tyumen FIR,0
2019-09-18,UUWV,Moscow FIR,3
2019-09-18,UWWW,Samara FIR,0
2019-09-19,BIRD,Reykjavik FIR,21
2019-09-19,EBBU,Brussels FIR,15
2019-09-19,EDGG,Langen FIR,58
2019-09-19,EDMM,Munchen FIR,24
2019-09-19,EDWW,Bremen FIR,15
2019-09-19,EETT,Tallinn FIR,1
2019-09-19,EFIN,Helsinki FIR,5
2019-09-19,EGPX,Scottish FIR,23
2019-09-19,EGTT,London FIR,139
2019-09-19,EHAA,Amsterdam FIR,37
2019-09-19,EISN,Shannon FIR,11
2019-09-19,EKDK,Copenhagen FIR,27
2019-09-19,ENOR,Polaris FIR,27
2019-09-19,EPWW,Warszawa FIR,25
2019-09-19,ESAA,Sweden FIR,28
2019-09-19,EVRR,Riga FIR,5
2019-09-19,EYVL,Vilnius FIR,5
2019-09-19,GCCC,Canarias FIR,41
2019-09-19,GMMM,Casablanca FIR,0
2019-09-19,LAAA,Tirana FIR,4
2019-09-19,LBSR,Sofia FIR,4
2019-09-19,LDZO,Zagreb FIR,4
2019-09-19,LECB,Barcelona FIR,21
2019-09-19,LECM,Madrid FIR,31
2019-09-19,LFBB,Bordeaux FIR,1
2019-09-19,LFEE,Reims FIR,1
2019-09-19,LFFF,Paris FIR,36
2019-09-19,LFMM,Marseille FIR,3
2019-09-19,LFRR,Brest FIR,0
2019-09-19,LGGG,Athinai FIR,36
2019-09-19,LHCC,Budapest FIR,3
2019-09-19,LIBB,Brindisi FIR,3
2019-09-19,LIMM,Milano FIR,15
2019-09-19,LIRR,Roma FIR,18
2019-09-19,LJLA,Ljubljana FIR,2
2019-09-19,LKAA,Praha FIR,3
2019-09-19,LMMM,Malta FIR,0
2019-09-19,LOVV,Wien FIR,5
2019-09-19,LPPC,Lisboa FIR,22
2019-09-19,LPPO,Santa Maria FIR,0
2019-09-19,LQSB,Sarajevo FIR,0
2019-09-19,LRBB,Bucarest FIR,14
2019-09-19,LSAS,Switzerland FIR,8
2019-09-19,LUUU,Chisinau FIR,1
2019-09-19,LWSS,Skopje FIR,1
2019-09-19,LYBA,Beograd FIR,0
2019-09-19,LZBB,Bratislava  FIR,0
2019-09-19,UKBV,Kiev FIR,1
2019-09-19,UKDV,Dnipro FIR,0
2019-09-19,UKLV,Lvov FIR,0
2019-09-19,UKOV,Odessa FIR,0
2019-09-19,ULLL,Sankt-Peterburg FIR,1
2019-09-19,ULMM,Murmansk FIR,0
2019-09-19,UMKK,Kaliningrad FIR,0
2019-09-19,UMMV,Minsk FIR,0
2019-09-19,UNNT,Novosibirsk FIR,0
2019-09-19,URRV,Rostov-Na-Donu FIR,0
2019-09-19,USSV,Yekaterinburg FIR,0
2019-09-19,UUWV,Moscow FIR,6
2019-09-19,UWWW,Samara FIR,0
2019-09-20,BIRD,Reykjavik FIR,8
2019-09-20,EBBU,Brussels FIR,9
2019-09-20,EDGG,Langen FIR,40
2019-09-20,EDMM,Munchen FIR,21
2019-09-20,EDWW,Bremen FIR,22
2019-09-20,EETT,Tallinn FIR,3
2019-09-20,EFIN,Helsinki FIR,37
2019-09-20,EGPX,Scottish FIR,7
2019-09-20,EGTT,London FIR,83
2019-09-20,EHAA,Amsterdam FIR,21
2019-09-20,EISN,Shannon FIR,4
2019-09-20,EKDK,Copenhagen FIR,25
2019-09-20,ENOB,Bodo Oceanic FIR,0
2019-09-20,ENOR,Polaris FIR,31
2019-09-20,EPWW,Warszawa FIR,23
2019-09-20,ESAA,Sweden FIR,20
2019-09-20,EVRR,Riga FIR,14
2019-09-20,EYVL,Vilnius FIR,13
2019-09-20,GCCC,Canarias FIR,22
2019-09-20,GMMM,Casablanca FIR,0
2019-09-20,LAAA,Tirana FIR,0
2019-09-20,LBSR,Sofia FIR,10
2019-09-20,LDZO,Zagreb FIR,5
2019-09-20,LECB,Barcelona FIR,41
2019-09-20,LECM,Madrid FIR,49
2019-09-20,LFBB,Bordeaux FIR,0
2019-09-20,LFEE,Reims FIR,0
2019-09-20,LFFF,Paris FIR,42
2019-09-20,LFMM,Marseille FIR,6
2019-09-20,LFRR,Brest FIR,0
2019-09-20,LGGG,Athinai FIR,16
2019-09-20,LHCC,Budapest FIR,10
2019-09-20,LIBB,Brindisi FIR,2
2019-09-20,LIMM,Milano FIR,25
2019-09-20,LIRR,Roma FIR,31
2019-09-20,LJLA,Ljubljana FIR,0
2019-09-20,LKAA,Praha FIR,8
2019-09-20,LMMM,Malta FIR,0
2019-09-20,LOVV,Wien FIR,12
2019-09-20,LPPC,Lisboa FIR,12
2019-09-20,LPPO,Santa Maria FIR,0
2019-09-20,LQSB,Sarajevo FIR,1
2019-09-20,LRBB,Bucarest FIR,17
2019-09-20,LSAS,Switzerland FIR,7
2019-09-20,LUUU,Chisinau FIR,4
2019-09-20,LWSS,Skopje FIR,0
2019-09-20,LYBA,Beograd FIR,3
2019-09-20,LZBB,Bratislava  FIR,1
2019-09-20,UKBV,Kiev FIR,13
2019-09-20,UKDV,Dnipro FIR,0
2019-09-20,UKLV,Lvov FIR,0
2019-09-20,UKOV,Odessa FIR,0
2019-09-20,ULLL,Sankt-Peterburg FIR,11
2019-09-20,UMKK,Kaliningrad FIR,0
2019-09-20,UMMV,Minsk FIR,0
2019-09-20,UNKL,Krasnoyarsk FIR,0
2019-09-20,UNNT,Novosibirsk FIR,1
2019-09-20,URRV,Rostov-Na-Donu FIR,0
2019-09-20,USSV,Yekaterinburg FIR,0
2019-09-20,USTV,Tyumen FIR,0
2019-09-20,UUWV,Moscow FIR,42
2019-09-20,UWWW,Samara FIR,0
2019-09-21,BIRD,Reykjavik FIR,6
2019-09-21,EBBU,Brussels FIR,30
2019-09-21,EDGG,Langen FIR,82
2019-09-21,EDMM,Munchen FIR,36
2019-09-21,EDWW,Bremen FIR,12
2019-09-21,EETT,Tallinn FIR,5
2019-09-21,EFIN,Helsinki FIR,31
2019-09-21,EGPX,Scottish FIR,18
2019-09-21,EGTT,London FIR,157
2019-09-21,EHAA,Amsterdam FIR,36
2019-09-21,EISN,Shannon FIR,20
2019-09-21,EKDK,Copenhagen FIR,9
2019-09-21,ENOB,Bodo Oceanic FIR,0
2019-09-21,ENOR,Polaris FIR,16
2019-09-21,EPWW,Warszawa FIR,14
2019-09-21,ESAA,Sweden FIR,20
2019-09-21,EVRR,Riga FIR,4
2019-09-21,EYVL,Vilnius FIR,4
2019-09-21,GCCC,Canarias FIR,29
2019-09-21,GMMM,Casablanca FIR,0
2019-09-21,LAAA,Tirana FIR,0
2019-09-21,LBSR,Sofia FIR,2
2019-09-21,LDZO,Zagreb FIR,15
2019-09-21,LECB,Barcelona FIR,191
2019-09-21,LECM,Madrid FIR,67
2019-09-21,LFBB,Bordeaux FIR,9
2019-09-21,LFEE,Reims FIR,15
2019-09-21,LFFF,Paris FIR,86
2019-09-21,LFMM,Marseille FIR,22
2019-09-21,LFRR,Brest FIR,5
2019-09-21,LGGG,Athinai FIR,42
2019-09-21,LHCC,Budapest FIR,7
2019-09-21,LIBB,Brindisi FIR,7
2019-09-21,LIMM,Milano FIR,47
2019-09-21,LIRR,Roma FIR,46
2019-09-21,LJLA,Ljubljana FIR,0
2019-09-21,LKAA,Praha FIR,9
2019-09-21,LMMM,Malta FIR,9
2019-09-21,LOVV,Wien FIR,13
2019-09-21,LPPC,Lisboa FIR,31
2019-09-21,LPPO,Santa Maria FIR,1
2019-09-21,LQSB,Sarajevo FIR,0
2019-09-21,LRBB,Bucarest FIR,7
2019-09-21,LSAS,Switzerland FIR,18
2019-09-21,LUUU,Chisinau FIR,0
2019-09-21,LWSS,Skopje FIR,0
2019-09-21,LYBA,Beograd FIR,1
2019-09-21,LZBB,Bratislava  FIR,2
2019-09-21,UKBV,Kiev FIR,2
2019-09-21,UKDV,Dnipro FIR,0
2019-09-21,UKLV,Lvov FIR,1
2019-09-21,UKOV,Odessa FIR,0
2019-09-21,ULLL,Sankt-Peterburg FIR,19
2019-09-21,UMKK,Kaliningrad FIR,0
2019-09-21,UMMV,Minsk FIR,0
2019-09-21,UNNT,Novosibirsk FIR,2
2019-09-21,URRV,Rostov-Na-Donu FIR,0
2019-09-21,USSV,Yekaterinburg FIR,0
2019-09-21,UUWV,Moscow FIR,41
2019-09-21,UWWW,Samara FIR,1
2019-09-22,BIRD,Reykjavik FIR,7
2019-09-22,EBBU,Brussels FIR,56
2019-09-22,EDGG,Langen FIR,155
2019-09-22,EDMM,Munchen FIR,69
2019-09-22,EDWW,Bremen FIR,46
2019-09-22,EETT,Tallinn FIR,0
2019-09-22,EFIN,Helsinki FIR,26
2019-09-22,EGPX,Scottish FIR,44
2019-09-22,EGTT,London FIR,420
2019-09-22,EHAA,Amsterdam FIR,73
2019-09-22,EISN,Shannon FIR,29
2019-09-22,EKDK,Copenhagen FIR,36
2019-09-22,ENOR,Polaris FIR,20
2019-09-22,EPWW,Warszawa FIR,46
2019-09-22,ESAA,Sweden FIR,37
2019-09-22,EVRR,Riga FIR,4
2019-09-22,EYVL,Vilnius FIR,4
2019-09-22,GCCC,Canarias FIR,39
2019-09-22,GMMM,Casablanca FIR,0
2019-09-22,LAAA,Tirana FIR,2
2019-09-22,LBSR,Sofia FIR,12
2019-09-22,LDZO,Zagreb FIR,15
2019-09-22,LECB,Barcelona FIR,204
2019-09-22,LECM,Madrid FIR,114
2019-09-22,LFBB,Bordeaux FIR,13
2019-09-22,LFEE,Reims FIR,15
2019-09-22,LFFF,Paris FIR,130
2019-09-22,LFMM,Marseille FIR,54
2019-09-22,LFRR,Brest FIR,13
2019-09-22,LGGG,Athinai FIR,126
2019-09-22,LHCC,Budapest FIR,18
2019-09-22,LIBB,Brindisi FIR,13
2019-09-22,LIMM,Milano FIR,122
2019-09-22,LIRR,Roma FIR,127
2019-09-22,LJLA,Ljubljana FIR,3
2019-09-22,LKAA,Praha FIR,27
2019-09-22,LMMM,Malta FIR,24
2019-09-22,LOVV,Wien FIR,27
2019-09-22,LPPC,Lisboa FIR,73
2019-09-22,LPPO,Santa Maria FIR,3
2019-09-22,LQSB,Sarajevo FIR,1
2019-09-22,LRBB,Bucarest FIR,26
2019-09-22,LSAS,Switzerland FIR,32
2019-09-22,LUUU,Chisinau FIR,2
2019-09-22,LWSS,Skopje FIR,4
2019-09-22,LYBA,Beograd FIR,13
2019-09-22,LZBB,Bratislava  FIR,2
2019-09-22,UKBV,Kiev FIR,4
2019-09-22,UKDV,Dnipro FIR,0
2019-09-22,UKLV,Lvov FIR,1
2019-09-22,UKOV,Odessa FIR,0
2019-09-22,ULLL,Sankt-Peterburg FIR,6
2019-09-22,UMKK,Kaliningrad FIR,0
2019-09-22,UMMV,Minsk FIR,0
2019-09-22,UNKL,Krasnoyarsk FIR,0
2019-09-22,UNNT,Novosibirsk FIR,2
2019-09-22,URRV,Rostov-Na-Donu FIR,0
2019-09-22,USSV,Yekaterinburg FIR,0
2019-09-22,UUWV,Moscow FIR,28
2019-09-22,UWWW,Samara FIR,0
2019-09-23,BIRD,Reykjavik FIR,10
2019-09-23,EBBU,Brussels FIR,52
2019-09-23,EDGG,Langen FIR,190
2019-09-23,EDMM,Munchen FIR,70
2019-09-23,EDWW,Bremen FIR,61
2019-09-23,EETT,Tallinn FIR,1
2019-09-23,EFIN,Helsinki FIR,20
2019-09-23,EGPX,Scottish FIR,36
2019-09-23,EGTT,London FIR,311
2019-09-23,EHAA,Amsterdam FIR,98
2019-09-23,EISN,Shannon FIR,32
2019-09-23,EKDK,Copenhagen FIR,29
2019-09-23,ENOB,Bodo Oceanic FIR,1
2019-09-23,ENOR,Polaris FIR,35
2019-09-23,EPWW,Warszawa FIR,76
2019-09-23,ESAA,Sweden FIR,23
2019-09-23,EVRR,Riga FIR,2
2019-09-23,EYVL,Vilnius FIR,2
2019-09-23,GCCC,Canarias FIR,31
2019-09-23,GMMM,Casablanca FIR,0
2019-09-23,LAAA,Tirana FIR,0
2019-09-23,LBSR,Sofia FIR,44
2019-09-23,LDZO,Zagreb FIR,13
2019-09-23,LECB,Barcelona FIR,172
2019-09-23,LECM,Madrid FIR,112
2019-09-23,LFBB,Bordeaux FIR,11
2019-09-23,LFEE,Reims FIR,22
2019-09-23,LFFF,Paris FIR,94
2019-09-23,LFMM,Marseille FIR,34
2019-09-23,LFRR,Brest FIR,9
2019-09-23,LGGG,Athinai FIR,144
2019-09-23,LHCC,Budapest FIR,32
2019-09-23,LIBB,Brindisi FIR,3
2019-09-23,LIMM,Milano FIR,80
2019-09-23,LIRR,Roma FIR,74
2019-09-23,LJLA,Ljubljana FIR,1
2019-09-23,LKAA,Praha FIR,24
2019-09-23,LMMM,Malta FIR,7
2019-09-23,LOVV,Wien FIR,40
2019-09-23,LPPC,Lisboa FIR,67
2019-09-23,LPPO,Santa Maria FIR,0
2019-09-23,LQSB,Sarajevo FIR,2
2019-09-23,LRBB,Bucarest FIR,72
2019-09-23,LSAS,Switzerland FIR,47
2019-09-23,LUUU,Chisinau FIR,2
2019-09-23,LWSS,Skopje FIR,5
2019-09-23,LYBA,Beograd FIR,19
2019-09-23,LZBB,Bratislava  FIR,6
2019-09-23,UKBV,Kiev FIR,7
2019-09-23,UKDV,Dnipro FIR,0
2019-09-23,UKLV,Lvov FIR,1
2019-09-23,UKOV,Odessa FIR,0
2019-09-23,ULLL,Sankt-Peterburg FIR,3
2019-09-23,UMKK,Kaliningrad FIR,0
2019-09-23,UMMV,Minsk FIR,1
2019-09-23,UNNT,Novosibirsk FIR,0
2019-09-23,URRV,Rostov-Na-Donu FIR,0
2019-09-23,USSV,Yekaterinburg FIR,0
2019-09-23,UUWV,Moscow FIR,26
2019-09-23,UWWW,Samara FIR,0
2019-09-24,BIRD,Reykjavik FIR,9
2019-09-24,EBBU,Brussels FIR,14
2019-09-24,EDGG,Langen FIR,69
2019-09-24,EDMM,Munchen FIR,26
2019-09-24,EDWW,Bremen FIR,20
2019-09-24,EETT,Tallinn FIR,1
2019-09-24,EFIN,Helsinki FIR,5
2019-09-24,EGPX,Scottish FIR,4
2019-09-24,EGTT,London FIR,87
2019-09-24,EHAA,Amsterdam FIR,33
2019-09-24,EISN,Shannon FIR,3
2019-09-24,EKDK,Copenhagen FIR,9
2019-09-24,ENOR,Polaris FIR,1
2019-09-24,EPWW,Warszawa FIR,27
2019-09-24,ESAA,Sweden FIR,8
2019-09-24,EVRR,Riga FIR,0
2019-09-24,EYVL,Vilnius FIR,1
2019-09-24,GCCC,Canarias FIR,2
2019-09-24,GMMM,Casablanca FIR,0
2019-09-24,LAAA,Tirana FIR,1
2019-09-24,LBSR,Sofia FIR,7
2019-09-24,LDZO,Zagreb FIR,5
2019-09-24,LECB,Barcelona FIR,7
2019-09-24,LECM,Madrid FIR,19
2019-09-24,LFBB,Bordeaux FIR,0
2019-09-24,LFEE,Reims FIR,3
2019-09-24,LFFF,Paris FIR,25
2019-09-24,LFMM,Marseille FIR,1
2019-09-24,LFRR,Brest FIR,0
2019-09-24,LGGG,Athinai FIR,35
2019-09-24,LHCC,Budapest FIR,11
2019-09-24,LIBB,Brindisi FIR,1
2019-09-24,LIMM,Milano FIR,10
2019-09-24,LIRR,Roma FIR,11
2019-09-24,LJLA,Ljubljana FIR,0
2019-09-24,LKAA,Praha FIR,8
2019-09-24,LMMM,Malta FIR,1
2019-09-24,LOVV,Wien FIR,11
2019-09-24,LPPC,Lisboa FIR,6
2019-09-24,LPPO,Santa Maria FIR,1
2019-09-24,LQSB,Sarajevo FIR,1
2019-09-24,LRBB,Bucarest FIR,30
2019-09-24,LSAS,Switzerland FIR,9
2019-09-24,LUUU,Chisinau FIR,2
2019-09-24,LWSS,Skopje FIR,3
2019-09-24,LYBA,Beograd FIR,5
2019-09-24,LZBB,Bratislava  FIR,2
2019-09-24,UKBV,Kiev FIR,3
2019-09-24,UKDV,Dnipro FIR,0
2019-09-24,UKLV,Lvov FIR,0
2019-09-24,UKOV,Odessa FIR,0
2019-09-24,ULLL,Sankt-Peterburg FIR,1
2019-09-24,UMKK,Kaliningrad FIR,0
2019-09-24,UMMV,Minsk FIR,1
2019-09-24,UNNT,Novosibirsk FIR,0
2019-09-24,URRV,Rostov-Na-Donu FIR,0
2019-09-24,USSV,Yekaterinburg FIR,0
2019-09-24,UUWV,Moscow FIR,3
2019-09-24,UWWW,Samara FIR,0
2019-09-25,BIRD,Reykjavik FIR,8
2019-09-25,EBBU,Brussels FIR,33
2019-09-25,EDGG,Langen FIR,83
2019-09-25,EDMM,Munchen FIR,36
2019-09-25,EDWW,Bremen FIR,29
2019-09-25,EETT,Tallinn FIR,1
2019-09-25,EFIN,Helsinki FIR,16
2019-09-25,EGPX,Scottish FIR,20
2019-09-25,EGTT,London FIR,193
2019-09-25,EHAA,Amsterdam FIR,44
2019-09-25,EISN,Shannon FIR,26
2019-09-25,EKDK,Copenhagen FIR,18
2019-09-25,ENOB,Bodo Oceanic FIR,0
2019-09-25,ENOR,Polaris FIR,19
2019-09-25,EPWW,Warszawa FIR,46
2019-09-25,ESAA,Sweden FIR,14
2019-09-25,EVRR,Riga FIR,1
2019-09-25,EYVL,Vilnius FIR,3
2019-09-25,GCCC,Canarias FIR,56
2019-09-25,GMMM,Casablanca FIR,0
2019-09-25,LAAA,Tirana FIR,0
2019-09-25,LBSR,Sofia FIR,25
2019-09-25,LDZO,Zagreb FIR,2
2019-09-25,LECB,Barcelona FIR,143
2019-09-25,LECM,Madrid FIR,109
2019-09-25,LFBB,Bordeaux FIR,6
2019-09-25,LFEE,Reims FIR,4
2019-09-25,LFFF,Paris FIR,58
2019-09-25,LFMM,Marseille FIR,16
2019-09-25,LFRR,Brest FIR,2
2019-09-25,LGGG,Athinai FIR,49
2019-09-25,LHCC,Budapest FIR,16
2019-09-25,LIBB,Brindisi FIR,0
2019-09-25,LIMM,Milano FIR,28
2019-09-25,LIRR,Roma FIR,23
2019-09-25,LJLA,Ljubljana FIR,0
2019-09-25,LKAA,Praha FIR,10
2019-09-25,LMMM,Malta FIR,2
2019-09-25,LOVV,Wien FIR,12
2019-09-25,LPPC,Lisboa FIR,114
2019-09-25,LPPO,Santa Maria FIR,0
2019-09-25,LQSB,Sarajevo FIR,3
2019-09-25,LRBB,Bucarest FIR,42
2019-09-25,LSAS,Switzerland FIR,15
2019-09-25,LUUU,Chisinau FIR,1
2019-09-25,LWSS,Skopje FIR,1
2019-09-25,LYBA,Beograd FIR,7
2019-09-25,LZBB,Bratislava  FIR,0
2019-09-25,UKBV,Kiev FIR,16
2019-09-25,UKDV,Dnipro FIR,1
2019-09-25,UKLV,Lvov FIR,2
2019-09-25,UKOV,Odessa FIR,0
2019-09-25,ULLL,Sankt-Peterburg FIR,5
2019-09-25,UMKK,Kaliningrad FIR,0
2019-09-25,UMMV,Minsk FIR,2
2019-09-25,UNNT,Novosibirsk FIR,1
2019-09-25,URRV,Rostov-Na-Donu FIR,0
2019-09-25,USSV,Yekaterinburg FIR,1
2019-09-25,UUWV,Moscow FIR,27
2019-09-25,UWWW,Samara FIR,1
2019-09-26,BIRD,Reykjavik FIR,10
2019-09-26,EBBU,Brussels FIR,13
2019-09-26,EDGG,Langen FIR,56
2019-09-26,EDMM,Munchen FIR,25
2019-09-26,EDWW,Bremen FIR,11
2019-09-26,EETT,Tallinn FIR,1
2019-09-26,EFIN,Helsinki FIR,6
2019-09-26,EGPX,Scottish FIR,5
2019-09-26,EGTT,London FIR,169
2019-09-26,EHAA,Amsterdam FIR,28
2019-09-26,EISN,Shannon FIR,14
2019-09-26,EKDK,Copenhagen FIR,24
2019-09-26,ENOR,Polaris FIR,8
2019-09-26,EPWW,Warszawa FIR,19
2019-09-26,ESAA,Sweden FIR,17
2019-09-26,EVRR,Riga FIR,2
2019-09-26,EYVL,Vilnius FIR,3
2019-09-26,GCCC,Canarias FIR,21
2019-09-26,GMMM,Casablanca FIR,0
2019-09-26,LAAA,Tirana FIR,1
2019-09-26,LBSR,Sofia FIR,9
2019-09-26,LDZO,Zagreb FIR,7
2019-09-26,LECB,Barcelona FIR,30
2019-09-26,LECM,Madrid FIR,31
2019-09-26,LFBB,Bordeaux FIR,2
2019-09-26,LFEE,Reims FIR,6
2019-09-26,LFFF,Paris FIR,36
2019-09-26,LFMM,Marseille FIR,14
2019-09-26,LFRR,Brest FIR,2
2019-09-26,LGGG,Athinai FIR,53
2019-09-26,LHCC,Budapest FIR,6
2019-09-26,LIBB,Brindisi FIR,1
2019-09-26,LIMM,Milano FIR,19
2019-09-26,LIRR,Roma FIR,15
2019-09-26,LJLA,Ljubljana FIR,0
2019-09-26,LKAA,Praha FIR,7
2019-09-26,LMMM,Malta FIR,4
2019-09-26,LOVV,Wien FIR,10
2019-09-26,LPPC,Lisboa FIR,34
2019-09-26,LPPO,Santa Maria FIR,0
2019-09-26,LQSB,Sarajevo FIR,0
2019-09-26,LRBB,Bucarest FIR,17
2019-09-26,LSAS,Switzerland FIR,15
2019-09-26,LUUU,Chisinau FIR,1
2019-09-26,LWSS,Skopje FIR,1
2019-09-26,LYBA,Beograd FIR,0
2019-09-26,LZBB,Bratislava  FIR,3
2019-09-26,UKBV,Kiev FIR,4
2019-09-26,UKDV,Dnipro FIR,1
2019-09-26,UKLV,Lvov FIR,0
2019-09-26,UKOV,Odessa FIR,0
2019-09-26,ULLL,Sankt-Peterburg FIR,0
2019-09-26,UMKK,Kaliningrad FIR,0
2019-09-26,UMMV,Minsk FIR,0
2019-09-26,UNNT,Novosibirsk FIR,0
2019-09-26,URRV,Rostov-Na-Donu FIR,0
2019-09-26,USSV,Yekaterinburg FIR,0
2019-09-26,UUWV,Moscow FIR,7
2019-09-26,UWWW,Samara FIR,0
2019-09-27,BIRD,Reykjavik FIR,10
2019-09-27,EBBU,Brussels FIR,58
2019-09-27,EDGG,Langen FIR,150
2019-09-27,EDMM,Munchen FIR,45
2019-09-27,EDWW,Bremen FIR,48
2019-09-27,EETT,Tallinn FIR,1
2019-09-27,EFIN,Helsinki FIR,18
2019-09-27,EGPX,Scottish FIR,14
2019-09-27,EGTT,London FIR,166
2019-09-27,EHAA,Amsterdam FIR,52
2019-09-27,EISN,Shannon FIR,10
2019-09-27,EKDK,Copenhagen FIR,18
2019-09-27,ENOB,Bodo Oceanic FIR,0
2019-09-27,ENOR,Polaris FIR,26
2019-09-27,EPWW,Warszawa FIR,27
2019-09-27,ESAA,Sweden FIR,15
2019-09-27,EVRR,Riga FIR,1
2019-09-27,EYVL,Vilnius FIR,6
2019-09-27,GCCC,Canarias FIR,15
2019-09-27,GMMM,Casablanca FIR,0
2019-09-27,LAAA,Tirana FIR,1
2019-09-27,LBSR,Sofia FIR,22
2019-09-27,LDZO,Zagreb FIR,15
2019-09-27,LECB,Barcelona FIR,53
2019-09-27,LECM,Madrid FIR,33
2019-09-27,LFBB,Bordeaux FIR,1
2019-09-27,LFEE,Reims FIR,7
2019-09-27,LFFF,Paris FIR,72
2019-09-27,LFMM,Marseille FIR,14
2019-09-27,LFRR,Brest FIR,3
2019-09-27,LGGG,Athinai FIR,55
2019-09-27,LHCC,Budapest FIR,16
2019-09-27,LIBB,Brindisi FIR,1
2019-09-27,LIMM,Milano FIR,43
2019-09-27,LIRR,Roma FIR,30
2019-09-27,LJLA,Ljubljana FIR,2
2019-09-27,LKAA,Praha FIR,11
2019-09-27,LMMM,Malta FIR,1
2019-09-27,LOVV,Wien FIR,16
2019-09-27,LPPC,Lisboa FIR,27
2019-09-27,LPPO,Santa Maria FIR,0
2019-09-27,LQSB,Sarajevo FIR,3
2019-09-27,LRBB,Bucarest FIR,39
2019-09-27,LSAS,Switzerland FIR,26
2019-09-27,LUUU,Chisinau FIR,1
2019-09-27,LWSS,Skopje FIR,1
2019-09-27,LYBA,Beograd FIR,12
2019-09-27,LZBB,Bratislava  FIR,2
2019-09-27,UKBV,Kiev FIR,9
2019-09-27,UKDV,Dnipro FIR,1
2019-09-27,UKLV,Lvov FIR,1
2019-09-27,UKOV,Odessa FIR,0
2019-09-27,ULLL,Sankt-Peterburg FIR,7
2019-09-27,UMKK,Kaliningrad FIR,0
2019-09-27,UMMV,Minsk FIR,0
2019-09-27,UNKL,Krasnoyarsk FIR,0
2019-09-27,UNNT,Novosibirsk FIR,0
2019-09-27,URRV,Rostov-Na-Donu FIR,1
2019-09-27,USSV,Yekaterinburg FIR,1
2019-09-27,UUWV,Moscow FIR,25
2019-09-27,UWWW,Samara FIR,1
2019-09-28,BIRD,Reykjavik FIR,1
2019-09-28,EBBU,Brussels FIR,38
2019-09-28,EDGG,Langen FIR,115
2019-09-28,EDMM,Munchen FIR,26
2019-09-28,EDWW,Bremen FIR,38
2019-09-28,EETT,Tallinn FIR,3
2019-09-28,EFIN,Helsinki FIR,14
2019-09-28,EGPX,Scottish FIR,23
2019-09-28,EGTT,London FIR,291
2019-09-28,EHAA,Amsterdam FIR,67
2019-09-28,EISN,Shannon FIR,22
2019-09-28,EKDK,Copenhagen FIR,24
2019-09-28,ENOR,Polaris FIR,21
2019-09-28,EPWW,Warszawa FIR,19
2019-09-28,ESAA,Sweden FIR,20
2019-09-28,EVRR,Riga FIR,4
2019-09-28,EYVL,Vilnius FIR,6
2019-09-28,GCCC,Canarias FIR,22
2019-09-28,GMMM,Casablanca FIR,0
2019-09-28,LAAA,Tirana FIR,3
2019-09-28,LBSR,Sofia FIR,10
2019-09-28,LDZO,Zagreb FIR,24
2019-09-28,LECB,Barcelona FIR,82
2019-09-28,LECM,Madrid FIR,37
2019-09-28,LFBB,Bordeaux FIR,5
2019-09-28,LFEE,Reims FIR,4
2019-09-28,LFFF,Paris FIR,80
2019-09-28,LFMM,Marseille FIR,29
2019-09-28,LFRR,Brest FIR,2
2019-09-28,LGGG,Athinai FIR,91
2019-09-28,LHCC,Budapest FIR,8
2019-09-28,LIBB,Brindisi FIR,6
2019-09-28,LIMM,Milano FIR,74
2019-09-28,LIRR,Roma FIR,45
2019-09-28,LJLA,Ljubljana FIR,2
2019-09-28,LKAA,Praha FIR,9
2019-09-28,LMMM,Malta FIR,5
2019-09-28,LOVV,Wien FIR,12
2019-09-28,LPPC,Lisboa FIR,36
2019-09-28,LPPO,Santa Maria FIR,0
2019-09-28,LQSB,Sarajevo FIR,1
2019-09-28,LRBB,Bucarest FIR,11
2019-09-28,LSAS,Switzerland FIR,16
2019-09-28,LUUU,Chisinau FIR,1
2019-09-28,LWSS,Skopje FIR,1
2019-09-28,LYBA,Beograd FIR,8
2019-09-28,LZBB,Bratislava  FIR,2
2019-09-28,UKBV,Kiev FIR,9
2019-09-28,UKDV,Dnipro FIR,1
2019-09-28,UKLV,Lvov FIR,0
2019-09-28,UKOV,Odessa FIR,0
2019-09-28,ULLL,Sankt-Peterburg FIR,4
2019-09-28,ULMM,Murmansk FIR,0
2019-09-28,UMKK,Kaliningrad FIR,0
2019-09-28,UMMV,Minsk FIR,1
2019-09-28,UNNT,Novosibirsk FIR,2
2019-09-28,URRV,Rostov-Na-Donu FIR,0
2019-09-28,USSV,Yekaterinburg FIR,0
2019-09-28,UUWV,Moscow FIR,26
2019-09-28,UWWW,Samara FIR,0
2019-09-29,BIRD,Reykjavik FIR,2
2019-09-29,EBBU,Brussels FIR,9
2019-09-29,EDGG,Langen FIR,68
2019-09-29,EDMM,Munchen FIR,27
2019-09-29,EDWW,Bremen FIR,14
2019-09-29,EETT,Tallinn FIR,2
2019-09-29,EFIN,Helsinki FIR,19
2019-09-29,EGPX,Scottish FIR,2
2019-09-29,EGTT,London FIR,69
2019-09-29,EHAA,Amsterdam FIR,32
2019-09-29,EISN,Shannon FIR,4
2019-09-29,EKDK,Copenhagen FIR,15
2019-09-29,ENOR,Polaris FIR,9
2019-09-29,EPWW,Warszawa FIR,29
2019-09-29,ESAA,Sweden FIR,15
2019-09-29,EVRR,Riga FIR,2
2019-09-29,EYVL,Vilnius FIR,2
2019-09-29,GCCC,Canarias FIR,14
2019-09-29,GMMM,Casablanca FIR,0
2019-09-29,LAAA,Tirana FIR,0
2019-09-29,LBSR,Sofia FIR,13
2019-09-29,LDZO,Zagreb FIR,1
2019-09-29,LECB,Barcelona FIR,31
2019-09-29,LECM,Madrid FIR,24
2019-09-29,LFBB,Bordeaux FIR,6
2019-09-29,LFEE,Reims FIR,0
2019-09-29,LFFF,Paris FIR,33
2019-09-29,LFMM,Marseille FIR,4
2019-09-29,LFRR,Brest FIR,2
2019-09-29,LGGG,Athinai FIR,27
2019-09-29,LHCC,Budapest FIR,10
2019-09-29,LIBB,Brindisi FIR,0
2019-09-29,LIMM,Milano FIR,16
2019-09-29,LIRR,Roma FIR,18
2019-09-29,LJLA,Ljubljana FIR,0
2019-09-29,LKAA,Praha FIR,9
2019-09-29,LMMM,Malta FIR,1
2019-09-29,LOVV,Wien FIR,8
2019-09-29,LPPC,Lisboa FIR,7
2019-09-29,LPPO,Santa Maria FIR,0
2019-09-29,LQSB,Sarajevo FIR,2
2019-09-29,LRBB,Bucarest FIR,15
2019-09-29,LSAS,Switzerland FIR,5
2019-09-29,LUUU,Chisinau FIR,3
2019-09-29,LWSS,Skopje FIR,0
2019-09-29,LYBA,Beograd FIR,2
2019-09-29,LZBB,Bratislava  FIR,0
2019-09-29,UKBV,Kiev FIR,14
2019-09-29,UKDV,Dnipro FIR,1
2019-09-29,UKLV,Lvov FIR,1
2019-09-29,UKOV,Odessa FIR,1
2019-09-29,ULLL,Sankt-Peterburg FIR,6
2019-09-29,UMKK,Kaliningrad FIR,0
2019-09-29,UMMV,Minsk FIR,3
2019-09-29,UNNT,Novosibirsk FIR,2
2019-09-29,URRV,Rostov-Na-Donu FIR,0
2019-09-29,USSV,Yekaterinburg FIR,0
2019-09-29,UUWV,Moscow FIR,59
2019-09-29,UWWW,Samara FIR,2
2019-09-30,BIRD,Reykjavik FIR,8
2019-09-30,EBBU,Brussels FIR,16
2019-09-30,EDGG,Langen FIR,47
2019-09-30,EDMM,Munchen FIR,23
2019-09-30,EDWW,Bremen FIR,7
2019-09-30,EETT,Tallinn FIR,1
2019-09-30,EFIN,Helsinki FIR,9
2019-09-30,EGPX,Scottish FIR,4
2019-09-30,EGTT,London FIR,170
2019-09-30,EHAA,Amsterdam FIR,34
2019-09-30,EISN,Shannon FIR,13
2019-09-30,EKDK,Copenhagen FIR,9
2019-09-30,ENOB,Bodo Oceanic FIR,0
2019-09-30,ENOR,Polaris FIR,6
2019-09-30,EPWW,Warszawa FIR,9
2019-09-30,ESAA,Sweden FIR,5
2019-09-30,EVRR,Riga FIR,1
2019-09-30,EYVL,Vilnius FIR,0
2019-09-30,GCCC,Canarias FIR,16
2019-09-30,GMMM,Casablanca FIR,0
2019-09-30,LAAA,Tirana FIR,1
2019-09-30,LBSR,Sofia FIR,7
2019-09-30,LDZO,Zagreb FIR,3
2019-09-30,LECB,Barcelona FIR,21
2019-09-30,LECM,Madrid FIR,27
2019-09-30,LFBB,Bordeaux FIR,0
2019-09-30,LFEE,Reims FIR,2
2019-09-30,LFFF,Paris FIR,47
2019-09-30,LFMM,Marseille FIR,10
2019-09-30,LFRR,Brest FIR,1
2019-09-30,LGGG,Athinai FIR,19
2019-09-30,LHCC,Budapest FIR,8
2019-09-30,LIBB,Brindisi FIR,2
2019-09-30,LIMM,Milano FIR,36
2019-09-30,LIRR,Roma FIR,13
2019-09-30,LJLA,Ljubljana FIR,1
2019-09-30,LKAA,Praha FIR,11
2019-09-30,LMMM,Malta FIR,0
2019-09-30,LOVV,Wien FIR,10
2019-09-30,LPPC,Lisboa FIR,22
2019-09-30,LPPO,Santa Maria FIR,0
2019-09-30,LQSB,Sarajevo FIR,0
2019-09-30,LRBB,Bucarest FIR,7
2019-09-30,LSAS,Switzerland FIR,22
2019-09-30,LUUU,Chisinau FIR,0
2019-09-30,LWSS,Skopje FIR,0
2019-09-30,LYBA,Beograd FIR,2
2019-09-30,LZBB,Bratislava  FIR,1
2019-09-30,UKBV,Kiev FIR,1
2019-09-30,UKDV,Dnipro FIR,0
2019-09-30,UKLV,Lvov FIR,0
2019-09-30,UKOV,Odessa FIR,0
2019-09-30,ULLL,Sankt-Peterburg FIR,1
2019-09-30,ULMM,Murmansk FIR,0
2019-09-30,UMKK,Kaliningrad FIR,0
2019-09-30,UMMV,Minsk FIR,0
2019-09-30,UNNT,Novosibirsk FIR,3
2019-09-30,URRV,Rostov-Na-Donu FIR,0
2019-09-30,USSV,Yekaterinburg FIR,0
2019-09-30,USTV,Tyumen FIR,1
2019-09-30,UUWV,Moscow FIR,44
2019-09-30,UWWW,Samara FIR,1
2019-10-01,BIRD,Reykjavik FIR,3
2019-10-01,EBBU,Brussels FIR,7
2019-10-01,EDGG,Langen FIR,31
2019-10-01,EDMM,Munchen FIR,11
2019-10-01,EDWW,Bremen FIR,5
2019-10-01,EETT,Tallinn FIR,0
2019-10-01,EFIN,Helsinki FIR,3
2019-10-01,EGPX,Scottish FIR,4
2019-10-01,EGTT,London FIR,32
2019-10-01,EHAA,Amsterdam FIR,15
2019-10-01,EISN,Shannon FIR,4
2019-10-01,EKDK,Copenhagen FIR,5
2019-10-01,ENOB,Bodo Oceanic FIR,0
2019-10-01,ENOR,Polaris FIR,2
2019-10-01,EPWW,Warszawa FIR,5
2019-10-01,ESAA,Sweden FIR,3
2019-10-01,EVRR,Riga FIR,0
2019-10-01,EYVL,Vilnius FIR,0
2019-10-01,GCCC,Canarias FIR,0
2019-10-01,GMMM,Casablanca FIR,0
2019-10-01,LAAA,Tirana FIR,0
2019-10-01,LBSR,Sofia FIR,1
2019-10-01,LDZO,Zagreb FIR,0
2019-10-01,LECB,Barcelona FIR,19
2019-10-01,LECM,Madrid FIR,16
2019-10-01,LFBB,Bordeaux FIR,0
2019-10-01,LFEE,Reims FIR,0
2019-10-01,LFFF,Paris FIR,26
2019-10-01,LFMM,Marseille FIR,2
2019-10-01,LFRR,Brest FIR,0
2019-10-01,LGGG,Athinai FIR,1
2019-10-01,LHCC,Budapest FIR,4
2019-10-01,LIBB,Brindisi FIR,0
2019-10-01,LIMM,Milano FIR,3
2019-10-01,LIRR,Roma FIR,7
2019-10-01,LJLA,Ljubljana FIR,0
2019-10-01,LKAA,Praha FIR,2
2019-10-01,LMMM,Malta FIR,0
2019-10-01,LOVV,Wien FIR,5
2019-10-01,LPPC,Lisboa FIR,5
2019-10-01,LPPO,Santa Maria FIR,1
2019-10-01,LQSB,Sarajevo FIR,0
2019-10-01,LRBB,Bucarest FIR,4
2019-10-01,LSAS,Switzerland FIR,6
2019-10-01,LUUU,Chisinau FIR,0
2019-10-01,LWSS,Skopje FIR,0
2019-10-01,LYBA,Beograd FIR,0
2019-10-01,LZBB,Bratislava  FIR,0
2019-10-01,UKBV,Kiev FIR,0
2019-10-01,UKDV,Dnipro FIR,0
2019-10-01,UKLV,Lvov FIR,0
2019-10-01,UKOV,Odessa FIR,0
2019-10-01,ULLL,Sankt-Peterburg FIR,0
2019-10-01,UMKK,Kaliningrad FIR,0
2019-10-01,UMMV,Minsk FIR,0
2019-10-01,UNNT,Novosibirsk FIR,1
2019-10-01,URRV,Rostov-Na-Donu FIR,0
2019-10-01,USSV,Yekaterinburg FIR,1
2019-10-01,UUWV,Moscow FIR,15
2019-10-01,UWWW,Samara FIR,0
2019-10-02,BIRD,Reykjavik FIR,7
2019-10-02,EBBU,Brussels FIR,7
2019-10-02,EDGG,Langen FIR,63
2019-10-02,EDMM,Munchen FIR,26
2019-10-02,EDWW,Bremen FIR,13
2019-10-02,EETT,Tallinn FIR,4
2019-10-02,EFIN,Helsinki FIR,14
2019-10-02,EGPX,Scottish FIR,5
2019-10-02,EGTT,London FIR,94
2019-10-02,EHAA,Amsterdam FIR,37
2019-10-02,EISN,Shannon FIR,16
2019-10-02,EKDK,Copenhagen FIR,12
2019-10-02,ENOB,Bodo Oceanic FIR,0
2019-10-02,ENOR,Polaris FIR,5
2019-10-02,EPWW,Warszawa FIR,11
2019-10-02,ESAA,Sweden FIR,8
2019-10-02,EVRR,Riga FIR,5
2019-10-02,EYVL,Vilnius FIR,1
2019-10-02,GCCC,Canarias FIR,33
2019-10-02,GMMM,Casablanca FIR,0
2019-10-02,LAAA,Tirana FIR,0
2019-10-02,LBSR,Sofia FIR,4
2019-10-02,LDZO,Zagreb FIR,2
2019-10-02,LECB,Barcelona FIR,49
2019-10-02,LECM,Madrid FIR,29
2019-10-02,LFBB,Bordeaux FIR,4
2019-10-02,LFEE,Reims FIR,2
2019-10-02,LFFF,Paris FIR,44
2019-10-02,LFMM,Marseille FIR,6
2019-10-02,LFRR,Brest FIR,1
2019-10-02,LGGG,Athinai FIR,19
2019-10-02,LHCC,Budapest FIR,7
2019-10-02,LIBB,Brindisi FIR,0
2019-10-02,LIMM,Milano FIR,28
2019-10-02,LIRR,Roma FIR,18
2019-10-02,LJLA,Ljubljana FIR,1
2019-10-02,LKAA,Praha FIR,12
2019-10-02,LMMM,Malta FIR,0
2019-10-02,LOVV,Wien FIR,9
2019-10-02,LPPC,Lisboa FIR,29
2019-10-02,LPPO,Santa Maria FIR,0
2019-10-02,LQSB,Sarajevo FIR,0
2019-10-02,LRBB,Bucarest FIR,3
2019-10-02,LSAS,Switzerland FIR,12
2019-10-02,LUUU,Chisinau FIR,0
2019-10-02,LWSS,Skopje FIR,0
2019-10-02,LYBA,Beograd FIR,0
2019-10-02,LZBB,Bratislava  FIR,1
2019-10-02,UKBV,Kiev FIR,3
2019-10-02,UKDV,Dnipro FIR,0
2019-10-02,UKLV,Lvov FIR,1
2019-10-02,UKOV,Odessa FIR,0
2019-10-02,ULLL,Sankt-Peterburg FIR,4
2019-10-02,UMKK,Kaliningrad FIR,0
2019-10-02,UMMV,Minsk FIR,0
2019-10-02,UNNT,Novosibirsk FIR,1
2019-10-02,URRV,Rostov-Na-Donu FIR,0
2019-10-02,USSV,Yekaterinburg FIR,1
2019-10-02,UUWV,Moscow FIR,94
2019-10-02,UWWW,Samara FIR,0
2019-10-03,BIRD,Reykjavik FIR,9
2019-10-03,EBBU,Brussels FIR,10
2019-10-03,EDGG,Langen FIR,72
2019-10-03,EDMM,Munchen FIR,32
2019-10-03,EDWW,Bremen FIR,18
2019-10-03,EETT,Tallinn FIR,4
2019-10-03,EFIN,Helsinki FIR,22
2019-10-03,EGPX,Scottish FIR,3
2019-10-03,EGTT,London FIR,64
2019-10-03,EHAA,Amsterdam FIR,27
2019-10-03,EISN,Shannon FIR,3
2019-10-03,EKDK,Copenhagen FIR,9
2019-10-03,ENOR,Polaris FIR,4
2019-10-03,EPWW,Warszawa FIR,22
2019-10-03,ESAA,Sweden FIR,10
2019-10-03,EVRR,Riga FIR,4
2019-10-03,EYVL,Vilnius FIR,8
2019-10-03,GCCC,Canarias FIR,6
2019-10-03,GMMM,Casablanca FIR,0
2019-10-03,LAAA,Tirana FIR,0
2019-10-03,LBSR,Sofia FIR,3
2019-10-03,LDZO,Zagreb FIR,2
2019-10-03,LECB,Barcelona FIR,16
2019-10-03,LECM,Madrid FIR,13
2019-10-03,LFBB,Bordeaux FIR,0
2019-10-03,LFEE,Reims FIR,3
2019-10-03,LFFF,Paris FIR,38
2019-10-03,LFMM,Marseille FIR,7
2019-10-03,LFRR,Brest FIR,1
2019-10-03,LGGG,Athinai FIR,13
2019-10-03,LHCC,Budapest FIR,6
2019-10-03,LIBB,Brindisi FIR,1
2019-10-03,LIMM,Milano FIR,20
2019-10-03,LIRR,Roma FIR,16
2019-10-03,LJLA,Ljubljana FIR,1
2019-10-03,LKAA,Praha FIR,8
2019-10-03,LMMM,Malta FIR,0
2019-10-03,LOVV,Wien FIR,17
2019-10-03,LPPC,Lisboa FIR,6
2019-10-03,LPPO,Santa Maria FIR,0
2019-10-03,LQSB,Sarajevo FIR,0
2019-10-03,LRBB,Bucarest FIR,9
2019-10-03,LSAS,Switzerland FIR,9
2019-10-03,LUUU,Chisinau FIR,2
2019-10-03,LWSS,Skopje FIR,0
2019-10-03,LYBA,Beograd FIR,1
2019-10-03,LZBB,Bratislava  FIR,0
2019-10-03,UKBV,Kiev FIR,16
2019-10-03,UKDV,Dnipro FIR,1
2019-10-03,UKLV,Lvov FIR,0
2019-10-03,UKOV,Odessa FIR,0
2019-10-03,ULLL,Sankt-Peterburg FIR,2
2019-10-03,UMKK,Kaliningrad FIR,0
2019-10-03,UMMV,Minsk FIR,2
2019-10-03,UNKL,Krasnoyarsk FIR,0
2019-10-03,UNNT,Novosibirsk FIR,3
2019-10-03,USSV,Yekaterinburg FIR,0
2019-10-03,UUWV,Moscow FIR,149
2019-10-03,UWWW,Samara FIR,0
2019-10-04,BIRD,Reykjavik FIR,0
2019-10-04,EBBU,Brussels FIR,6
2019-10-04,EDGG,Langen FIR,48
2019-10-04,EDMM,Munchen FIR,14
2019-10-04,EDWW,Bremen FIR,4
2019-10-04,EETT,Tallinn FIR,0
2019-10-04,EFIN,Helsinki FIR,15
2019-10-04,EGPX,Scottish FIR,2
2019-10-04,EGTT,London FIR,86
2019-10-04,EHAA,Amsterdam FIR,24
2019-10-04,EISN,Shannon FIR,8
2019-10-04,EKDK,Copenhagen FIR,5
2019-10-04,ENOB,Bodo Oceanic FIR,0
2019-10-04,ENOR,Polaris FIR,1
2019-10-04,EPWW,Warszawa FIR,4
2019-10-04,ESAA,Sweden FIR,4
2019-10-04,EVRR,Riga FIR,1
2019-10-04,EYVL,Vilnius FIR,1
2019-10-04,GCCC,Canarias FIR,21
2019-10-04,GMMM,Casablanca FIR,0
2019-10-04,LAAA,Tirana FIR,0
2019-10-04,LBSR,Sofia FIR,2
2019-10-04,LDZO,Zagreb FIR,0
2019-10-04,LECB,Barcelona FIR,40
2019-10-04,LECM,Madrid FIR,30
2019-10-04,LFBB,Bordeaux FIR,0
2019-10-04,LFEE,Reims FIR,8
2019-10-04,LFFF,Paris FIR,36
2019-10-04,LFMM,Marseille FIR,5
2019-10-04,LFRR,Brest FIR,0
2019-10-04,LGGG,Athinai FIR,10
2019-10-04,LHCC,Budapest FIR,5
2019-10-04,LIBB,Brindisi FIR,0
2019-10-04,LIMM,Milano FIR,16
2019-10-04,LIRR,Roma FIR,17
2019-10-04,LJLA,Ljubljana FIR,0
2019-10-04,LKAA,Praha FIR,3
2019-10-04,LMMM,Malta FIR,0
2019-10-04,LOVV,Wien FIR,10
2019-10-04,LPPC,Lisboa FIR,14
2019-10-04,LPPO,Santa Maria FIR,0
2019-10-04,LQSB,Sarajevo FIR,0
2019-10-04,LRBB,Bucarest FIR,7
2019-10-04,LSAS,Switzerland FIR,8
2019-10-04,LUUU,Chisinau FIR,0
2019-10-04,LWSS,Skopje FIR,0
2019-10-04,LYBA,Beograd FIR,0
2019-10-04,LZBB,Bratislava  FIR,0
2019-10-04,UKBV,Kiev FIR,1
2019-10-04,UKDV,Dnipro FIR,0
2019-10-04,UKLV,Lvov FIR,0
2019-10-04,UKOV,Odessa FIR,0
2019-10-04,ULLL,Sankt-Peterburg FIR,0
2019-10-04,UMKK,Kaliningrad FIR,0
2019-10-04,UMMV,Minsk FIR,0
2019-10-04,UNNT,Novosibirsk FIR,2
2019-10-04,URRV,Rostov-Na-Donu FIR,0
2019-10-04,USSV,Yekaterinburg FIR,2
2019-10-04,UUWV,Moscow FIR,11
2019-10-04,UWWW,Samara FIR,0
2019-10-05,BIRD,Reykjavik FIR,5
2019-10-05,EBBU,Brussels FIR,9
2019-10-05,EDGG,Langen FIR,52
2019-10-05,EDMM,Munchen FIR,15
2019-10-05,EDWW,Bremen FIR,3
2019-10-05,EETT,Tallinn FIR,0
2019-10-05,EFIN,Helsinki FIR,15
2019-10-05,EGPX,Scottish FIR,1
2019-10-05,EGTT,London FIR,67
2019-10-05,EHAA,Amsterdam FIR,21
2019-10-05,EISN,Shannon FIR,3
2019-10-05,EKDK,Copenhagen FIR,6
2019-10-05,ENOR,Polaris FIR,2
2019-10-05,EPWW,Warszawa FIR,6
2019-10-05,ESAA,Sweden FIR,7
2019-10-05,EVRR,Riga FIR,0
2019-10-05,EYVL,Vilnius FIR,1
2019-10-05,GCCC,Canarias FIR,1
2019-10-05,GMMM,Casablanca FIR,0
2019-10-05,LAAA,Tirana FIR,0
2019-10-05,LBSR,Sofia FIR,3
2019-10-05,LDZO,Zagreb FIR,7
2019-10-05,LECB,Barcelona FIR,19
2019-10-05,LECM,Madrid FIR,22
2019-10-05,LFBB,Bordeaux FIR,2
2019-10-05,LFEE,Reims FIR,2
2019-10-05,LFFF,Paris FIR,45
2019-10-05,LFMM,Marseille FIR,5
2019-10-05,LFRR,Brest FIR,1
2019-10-05,LGGG,Athinai FIR,34
2019-10-05,LHCC,Budapest FIR,4
2019-10-05,LIBB,Brindisi FIR,7
2019-10-05,LIMM,Milano FIR,19
2019-10-05,LIRR,Roma FIR,36
2019-10-05,LJLA,Ljubljana FIR,0
2019-10-05,LKAA,Praha FIR,4
2019-10-05,LMMM,Malta FIR,4
2019-10-05,LOVV,Wien FIR,11
2019-10-05,LPPC,Lisboa FIR,3
2019-10-05,LPPO,Santa Maria FIR,0
2019-10-05,LQSB,Sarajevo FIR,0
2019-10-05,LRBB,Bucarest FIR,10
2019-10-05,LSAS,Switzerland FIR,18
2019-10-05,LUUU,Chisinau FIR,0
2019-10-05,LWSS,Skopje FIR,1
2019-10-05,LYBA,Beograd FIR,2
2019-10-05,LZBB,Bratislava  FIR,0
2019-10-05,UKBV,Kiev FIR,2
2019-10-05,UKDV,Dnipro FIR,1
2019-10-05,UKLV,Lvov FIR,0
2019-10-05,UKOV,Odessa FIR,0
2019-10-05,ULLL,Sankt-Peterburg FIR,0
2019-10-05,ULMM,Murmansk FIR,0
2019-10-05,UMKK,Kaliningrad FIR,0
2019-10-05,UMMV,Minsk FIR,0
2019-10-05,UNNT,Novosibirsk FIR,0
2019-10-05,URRV,Rostov-Na-Donu FIR,0
2019-10-05,USSV,Yekaterinburg FIR,1
2019-10-05,UUWV,Moscow FIR,18
2019-10-05,UWWW,Samara FIR,1
2019-10-06,BIRD,Reykjavik FIR,5
2019-10-06,EBBU,Brussels FIR,9
2019-10-06,EDGG,Langen FIR,53
2019-10-06,EDMM,Munchen FIR,16
2019-10-06,EDWW,Bremen FIR,4
2019-10-06,EETT,Tallinn FIR,0
2019-10-06,EFIN,Helsinki FIR,16
2019-10-06,EGPX,Scottish FIR,7
2019-10-06,EGTT,London FIR,113
2019-10-06,EHAA,Amsterdam FIR,29
2019-10-06,EISN,Shannon FIR,10
2019-10-06,EKDK,Copenhagen FIR,9
2019-10-06,ENOB,Bodo Oceanic FIR,2
2019-10-06,ENOR,Polaris FIR,18
2019-10-06,EPWW,Warszawa FIR,4
2019-10-06,ESAA,Sweden FIR,8
2019-10-06,EVRR,Riga FIR,1
2019-10-06,EYVL,Vilnius FIR,0
2019-10-06,GCCC,Canarias FIR,23
2019-10-06,GMMM,Casablanca FIR,0
2019-10-06,LAAA,Tirana FIR,0
2019-10-06,LBSR,Sofia FIR,0
2019-10-06,LDZO,Zagreb FIR,0
2019-10-06,LECB,Barcelona FIR,87
2019-10-06,LECM,Madrid FIR,47
2019-10-06,LFBB,Bordeaux FIR,4
2019-10-06,LFEE,Reims FIR,6
2019-10-06,LFFF,Paris FIR,48
2019-10-06,LFMM,Marseille FIR,5
2019-10-06,LFRR,Brest FIR,5
2019-10-06,LGGG,Athinai FIR,6
2019-10-06,LHCC,Budapest FIR,1
2019-10-06,LIBB,Brindisi FIR,0
2019-10-06,LIMM,Milano FIR,16
2019-10-06,LIRR,Roma FIR,16
2019-10-06,LJLA,Ljubljana FIR,0
2019-10-06,LKAA,Praha FIR,3
2019-10-06,LMMM,Malta FIR,0
2019-10-06,LOVV,Wien FIR,5
2019-10-06,LPPC,Lisboa FIR,27
2019-10-06,LPPO,Santa Maria FIR,0
2019-10-06,LQSB,Sarajevo FIR,0
2019-10-06,LRBB,Bucarest FIR,0
2019-10-06,LSAS,Switzerland FIR,12
2019-10-06,LUUU,Chisinau FIR,0
2019-10-06,LWSS,Skopje FIR,0
2019-10-06,LYBA,Beograd FIR,0
2019-10-06,LZBB,Bratislava  FIR,0
2019-10-06,UKBV,Kiev FIR,1
2019-10-06,UKDV,Dnipro FIR,0
2019-10-06,UKLV,Lvov FIR,0
2019-10-06,UKOV,Odessa FIR,0
2019-10-06,ULLL,Sankt-Peterburg FIR,0
2019-10-06,UMKK,Kaliningrad FIR,0
2019-10-06,UMMV,Minsk FIR,0
2019-10-06,UNNT,Novosibirsk FIR,0
2019-10-06,URRV,Rostov-Na-Donu FIR,0
2019-10-06,USSV,Yekaterinburg FIR,1
2019-10-06,UUWV,Moscow FIR,4
2019-10-06,UWWW,Samara FIR,2
2019-10-07,BIRD,Reykjavik FIR,5
2019-10-07,EBBU,Brussels FIR,5
2019-10-07,EDGG,Langen FIR,60
2019-10-07,EDMM,Munchen FIR,24
2019-10-07,EDWW,Bremen FIR,5
2019-10-07,EETT,Tallinn FIR,0
2019-10-07,EFIN,Helsinki FIR,12
2019-10-07,EGPX,Scottish FIR,4
2019-10-07,EGTT,London FIR,93
2019-10-07,EHAA,Amsterdam FIR,35
2019-10-07,EISN,Shannon FIR,3
2019-10-07,EKDK,Copenhagen FIR,9
2019-10-07,ENOB,Bodo Oceanic FIR,0
2019-10-07,ENOR,Polaris FIR,12
2019-10-07,EPWW,Warszawa FIR,14
2019-10-07,ESAA,Sweden FIR,9
2019-10-07,EVRR,Riga FIR,0
2019-10-07,EYVL,Vilnius FIR,0
2019-10-07,GCCC,Canarias FIR,0
2019-10-07,GMMM,Casablanca FIR,0
2019-10-07,LAAA,Tirana FIR,0
2019-10-07,LBSR,Sofia FIR,1
2019-10-07,LDZO,Zagreb FIR,1
2019-10-07,LECB,Barcelona FIR,12
2019-10-07,LECM,Madrid FIR,20
2019-10-07,LFBB,Bordeaux FIR,0
2019-10-07,LFEE,Reims FIR,2
2019-10-07,LFFF,Paris FIR,45
2019-10-07,LFMM,Marseille FIR,3
2019-10-07,LFRR,Brest FIR,0
2019-10-07,LGGG,Athinai FIR,30
2019-10-07,LHCC,Budapest FIR,2
2019-10-07,LIBB,Brindisi FIR,1
2019-10-07,LIMM,Milano FIR,10
2019-10-07,LIRR,Roma FIR,24
2019-10-07,LJLA,Ljubljana FIR,0
2019-10-07,LKAA,Praha FIR,5
2019-10-07,LMMM,Malta FIR,1
2019-10-07,LOVV,Wien FIR,11
2019-10-07,LPPC,Lisboa FIR,2
2019-10-07,LPPO,Santa Maria FIR,0
2019-10-07,LQSB,Sarajevo FIR,0
2019-10-07,LRBB,Bucarest FIR,4
2019-10-07,LSAS,Switzerland FIR,9
2019-10-07,LUUU,Chisinau FIR,0
2019-10-07,LWSS,Skopje FIR,0
2019-10-07,LYBA,Beograd FIR,0
2019-10-07,LZBB,Bratislava  FIR,0
2019-10-07,UKBV,Kiev FIR,0
2019-10-07,UKDV,Dnipro FIR,0
2019-10-07,UKLV,Lvov FIR,0
2019-10-07,UKOV,Odessa FIR,0
2019-10-07,ULLL,Sankt-Peterburg FIR,0
2019-10-07,UMKK,Kaliningrad FIR,0
2019-10-07,UMMV,Minsk FIR,0
2019-10-07,UNNT,Novosibirsk FIR,0
2019-10-07,URRV,Rostov-Na-Donu FIR,0
2019-10-07,USSV,Yekaterinburg FIR,0
2019-10-07,UUWV,Moscow FIR,2
2019-10-07,UWWW,Samara FIR,0
2019-10-08,BIRD,Reykjavik FIR,5
2019-10-08,EBBU,Brussels FIR,10
2019-10-08,EDGG,Langen FIR,43
2019-10-08,EDMM,Munchen FIR,18
2019-10-08,EDWW,Bremen FIR,2
2019-10-08,EETT,Tallinn FIR,3
2019-10-08,EFIN,Helsinki FIR,5
2019-10-08,EGPX,Scottish FIR,0
2019-10-08,EGTT,London FIR,54
2019-10-08,EHAA,Amsterdam FIR,21
2019-10-08,EISN,Shannon FIR,1
2019-10-08,EKDK,Copenhagen FIR,8
2019-10-08,ENOR,Polaris FIR,0
2019-10-08,EPWW,Warszawa FIR,1
2019-10-08,ESAA,Sweden FIR,4
2019-10-08,EVRR,Riga FIR,0
2019-10-08,EYVL,Vilnius FIR,0
2019-10-08,GCCC,Canarias FIR,0
2019-10-08,GMMM,Casablanca FIR,0
2019-10-08,LAAA,Tirana FIR,0
2019-10-08,LBSR,Sofia FIR,2
2019-10-08,LDZO,Zagreb FIR,2
2019-10-08,LECB,Barcelona FIR,7
2019-10-08,LECM,Madrid FIR,28
2019-10-08,LFBB,Bordeaux FIR,0
2019-10-08,LFEE,Reims FIR,0
2019-10-08,LFFF,Paris FIR,37
2019-10-08,LFMM,Marseille FIR,3
2019-10-08,LFRR,Brest FIR,0
2019-10-08,LGGG,Athinai FIR,7
2019-10-08,LHCC,Budapest FIR,1
2019-10-08,LIBB,Brindisi FIR,0
2019-10-08,LIMM,Milano FIR,7
2019-10-08,LIRR,Roma FIR,12
2019-10-08,LJLA,Ljubljana FIR,0
2019-10-08,LKAA,Praha FIR,2
2019-10-08,LMMM,Malta FIR,0
2019-10-08,LOVV,Wien FIR,7
2019-10-08,LPPC,Lisboa FIR,2
2019-10-08,LPPO,Santa Maria FIR,0
2019-10-08,LQSB,Sarajevo FIR,0
2019-10-08,LRBB,Bucarest FIR,4
2019-10-08,LSAS,Switzerland FIR,12
2019-10-08,LUUU,Chisinau FIR,0
2019-10-08,LWSS,Skopje FIR,0
2019-10-08,LYBA,Beograd FIR,0
2019-10-08,LZBB,Bratislava  FIR,0
2019-10-08,UKBV,Kiev FIR,0
2019-10-08,UKDV,Dnipro FIR,0
2019-10-08,UKLV,Lvov FIR,0
2019-10-08,UKOV,Odessa FIR,0
2019-10-08,ULLL,Sankt-Peterburg FIR,0
2019-10-08,UMKK,Kaliningrad FIR,0
2019-10-08,UMMV,Minsk FIR,0
2019-10-08,URRV,Rostov-Na-Donu FIR,0
2019-10-08,USSV,Yekaterinburg FIR,2
2019-10-08,UUWV,Moscow FIR,6
2019-10-08,UWWW,Samara FIR,0
2019-10-09,BIRD,Reykjavik FIR,6
2019-10-09,EBBU,Brussels FIR,13
2019-10-09,EDGG,Langen FIR,49
2019-10-09,EDMM,Munchen FIR,17
2019-10-09,EDWW,Bremen FIR,8
2019-10-09,EETT,Tallinn FIR,1
2019-10-09,EFIN,Helsinki FIR,7
2019-10-09,EGPX,Scottish FIR,4
2019-10-09,EGTT,London FIR,43
2019-10-09,EHAA,Amsterdam FIR,28
2019-10-09,EISN,Shannon FIR,1
2019-10-09,EKDK,Copenhagen FIR,8
2019-10-09,ENOB,Bodo Oceanic FIR,0
2019-10-09,ENOR,Polaris FIR,5
2019-10-09,EPWW,Warszawa FIR,10
2019-10-09,ESAA,Sweden FIR,6
2019-10-09,EVRR,Riga FIR,0
2019-10-09,EYVL,Vilnius FIR,3
2019-10-09,GCCC,Canarias FIR,1
2019-10-09,GMMM,Casablanca FIR,0
2019-10-09,LAAA,Tirana FIR,0
2019-10-09,LBSR,Sofia FIR,3
2019-10-09,LDZO,Zagreb FIR,0
2019-10-09,LECB,Barcelona FIR,7
2019-10-09,LECM,Madrid FIR,19
2019-10-09,LFBB,Bordeaux FIR,0
2019-10-09,LFEE,Reims FIR,0
2019-10-09,LFFF,Paris FIR,26
2019-10-09,LFMM,Marseille FIR,2
2019-10-09,LFRR,Brest FIR,0
2019-10-09,LGGG,Athinai FIR,14
2019-10-09,LHCC,Budapest FIR,2
2019-10-09,LIBB,Brindisi FIR,0
2019-10-09,LIMM,Milano FIR,8
2019-10-09,LIRR,Roma FIR,17
2019-10-09,LJLA,Ljubljana FIR,0
2019-10-09,LKAA,Praha FIR,2
2019-10-09,LMMM,Malta FIR,1
2019-10-09,LOVV,Wien FIR,12
2019-10-09,LPPC,Lisboa FIR,4
2019-10-09,LPPO,Santa Maria FIR,0
2019-10-09,LQSB,Sarajevo FIR,0
2019-10-09,LRBB,Bucarest FIR,4
2019-10-09,LSAS,Switzerland FIR,7
2019-10-09,LUUU,Chisinau FIR,0
2019-10-09,LWSS,Skopje FIR,0
2019-10-09,LYBA,Beograd FIR,1
2019-10-09,LZBB,Bratislava  FIR,0
2019-10-09,UKBV,Kiev FIR,6
2019-10-09,UKDV,Dnipro FIR,1
2019-10-09,UKLV,Lvov FIR,0
2019-10-09,UKOV,Odessa FIR,0
2019-10-09,ULLL,Sankt-Peterburg FIR,1
2019-10-09,UMKK,Kaliningrad FIR,0
2019-10-09,UMMV,Minsk FIR,0
2019-10-09,URRV,Rostov-Na-Donu FIR,0
2019-10-09,USSV,Yekaterinburg FIR,0
2019-10-09,UUWV,Moscow FIR,4
2019-10-09,UWWW,Samara FIR,0
2019-10-10,BIRD,Reykjavik FIR,9
2019-10-10,EBBU,Brussels FIR,13
2019-10-10,EDGG,Langen FIR,67
2019-10-10,EDMM,Munchen FIR,27
2019-10-10,EDWW,Bremen FIR,14
2019-10-10,EETT,Tallinn FIR,1
2019-10-10,EFIN,Helsinki FIR,12
2019-10-10,EGPX,Scottish FIR,5
2019-10-10,EGTT,London FIR,97
2019-10-10,EHAA,Amsterdam FIR,26
2019-10-10,EISN,Shannon FIR,11
2019-10-10,EKDK,Copenhagen FIR,7
2019-10-10,ENOR,Polaris FIR,0
2019-10-10,EPWW,Warszawa FIR,17
2019-10-10,ESAA,Sweden FIR,3
2019-10-10,EVRR,Riga FIR,0
2019-10-10,EYVL,Vilnius FIR,0
2019-10-10,GCCC,Canarias FIR,12
2019-10-10,GMMM,Casablanca FIR,0
2019-10-10,LAAA,Tirana FIR,1
2019-10-10,LBSR,Sofia FIR,3
2019-10-10,LDZO,Zagreb FIR,5
2019-10-10,LECB,Barcelona FIR,14
2019-10-10,LECM,Madrid FIR,32
2019-10-10,LFBB,Bordeaux FIR,0
2019-10-10,LFEE,Reims FIR,2
2019-10-10,LFFF,Paris FIR,27
2019-10-10,LFMM,Marseille FIR,4
2019-10-10,LFRR,Brest FIR,1
2019-10-10,LGGG,Athinai FIR,35
2019-10-10,LHCC,Budapest FIR,3
2019-10-10,LIBB,Brindisi FIR,1
2019-10-10,LIMM,Milano FIR,19
2019-10-10,LIRR,Roma FIR,14
2019-10-10,LJLA,Ljubljana FIR,0
2019-10-10,LKAA,Praha FIR,8
2019-10-10,LMMM,Malta FIR,2
2019-10-10,LOVV,Wien FIR,12
2019-10-10,LPPC,Lisboa FIR,12
2019-10-10,LPPO,Santa Maria FIR,1
2019-10-10,LQSB,Sarajevo FIR,0
2019-10-10,LRBB,Bucarest FIR,5
2019-10-10,LSAS,Switzerland FIR,17
2019-10-10,LUUU,Chisinau FIR,0
2019-10-10,LWSS,Skopje FIR,0
2019-10-10,LYBA,Beograd FIR,0
2019-10-10,LZBB,Bratislava  FIR,1
2019-10-10,UKBV,Kiev FIR,1
2019-10-10,UKDV,Dnipro FIR,0
2019-10-10,UKLV,Lvov FIR,0
2019-10-10,UKOV,Odessa FIR,0
2019-10-10,ULLL,Sankt-Peterburg FIR,0
2019-10-10,UMKK,Kaliningrad FIR,0
2019-10-10,UMMV,Minsk FIR,0
2019-10-10,UNKL,Krasnoyarsk FIR,0
2019-10-10,UNNT,Novosibirsk FIR,2
2019-10-10,USSV,Yekaterinburg FIR,0
2019-10-10,UUWV,Moscow FIR,1
2019-10-10,UWWW,Samara FIR,1
2019-10-11,BIRD,Reykjavik FIR,12
2019-10-11,EBBU,Brussels FIR,58
2019-10-11,EDGG,Langen FIR,167
2019-10-11,EDMM,Munchen FIR,70
2019-10-11,EDWW,Bremen FIR,71
2019-10-11,EETT,Tallinn FIR,4
2019-10-11,EFIN,Helsinki FIR,49
2019-10-11,EGPX,Scottish FIR,58
2019-10-11,EGTT,London FIR,382
2019-10-11,EHAA,Amsterdam FIR,84
2019-10-11,EISN,Shannon FIR,43
2019-10-11,EKDK,Copenhagen FIR,98
2019-10-11,ENOB,Bodo Oceanic FIR,0
2019-10-11,ENOR,Polaris FIR,42
2019-10-11,EPWW,Warszawa FIR,109
2019-10-11,ESAA,Sweden FIR,64
2019-10-11,EVRR,Riga FIR,12
2019-10-11,EYVL,Vilnius FIR,26
2019-10-11,GCCC,Canarias FIR,19
2019-10-11,GMMM,Casablanca FIR,0
2019-10-11,LAAA,Tirana FIR,2
2019-10-11,LBSR,Sofia FIR,12
2019-10-11,LDZO,Zagreb FIR,7
2019-10-11,LECB,Barcelona FIR,68
2019-10-11,LECM,Madrid FIR,50
2019-10-11,LFBB,Bordeaux FIR,0
2019-10-11,LFEE,Reims FIR,2
2019-10-11,LFFF,Paris FIR,98
2019-10-11,LFMM,Marseille FIR,14
2019-10-11,LFRR,Brest FIR,0
2019-10-11,LGGG,Athinai FIR,47
2019-10-11,LHCC,Budapest FIR,34
2019-10-11,LIBB,Brindisi FIR,2
2019-10-11,LIMM,Milano FIR,35
2019-10-11,LIRR,Roma FIR,33
2019-10-11,LJLA,Ljubljana FIR,1
2019-10-11,LKAA,Praha FIR,33
2019-10-11,LMMM,Malta FIR,1
2019-10-11,LOVV,Wien FIR,34
2019-10-11,LPPC,Lisboa FIR,16
2019-10-11,LPPO,Santa Maria FIR,0
2019-10-11,LQSB,Sarajevo FIR,1
2019-10-11,LRBB,Bucarest FIR,30
2019-10-11,LSAS,Switzerland FIR,27
2019-10-11,LUUU,Chisinau FIR,5
2019-10-11,LWSS,Skopje FIR,1
2019-10-11,LYBA,Beograd FIR,8
2019-10-11,LZBB,Bratislava  FIR,5
2019-10-11,UKBV,Kiev FIR,11
2019-10-11,UKDV,Dnipro FIR,0
2019-10-11,UKLV,Lvov FIR,1
2019-10-11,UKOV,Odessa FIR,0
2019-10-11,ULLL,Sankt-Peterburg FIR,9
2019-10-11,UMKK,Kaliningrad FIR,0
2019-10-11,UMMV,Minsk FIR,0
2019-10-11,UNKL,Krasnoyarsk FIR,1
2019-10-11,UNNT,Novosibirsk FIR,1
2019-10-11,URRV,Rostov-Na-Donu FIR,0
2019-10-11,USSV,Yekaterinburg FIR,2
2019-10-11,USTV,Tyumen FIR,1
2019-10-11,UUWV,Moscow FIR,55
2019-10-11,UWWW,Samara FIR,1
2019-10-12,BIRD,Reykjavik FIR,12
2019-10-12,EBBU,Brussels FIR,26
2019-10-12,EDGG,Langen FIR,138
2019-10-12,EDMM,Munchen FIR,57
2019-10-12,EDWW,Bremen FIR,35
2019-10-12,EETT,Tallinn FIR,8
2019-10-12,EFIN,Helsinki FIR,49
2019-10-12,EGPX,Scottish FIR,41
2019-10-12,EGTT,London FIR,389
2019-10-12,EHAA,Amsterdam FIR,42
2019-10-12,EISN,Shannon FIR,53
2019-10-12,EKDK,Copenhagen FIR,50
2019-10-12,ENOR,Polaris FIR,39
2019-10-12,EPWW,Warszawa FIR,70
2019-10-12,ESAA,Sweden FIR,52
2019-10-12,EVRR,Riga FIR,15
2019-10-12,EYVL,Vilnius FIR,16
2019-10-12,GCCC,Canarias FIR,51
2019-10-12,GMMM,Casablanca FIR,0
2019-10-12,LAAA,Tirana FIR,0
2019-10-12,LBSR,Sofia FIR,9
2019-10-12,LDZO,Zagreb FIR,15
2019-10-12,LECB,Barcelona FIR,137
2019-10-12,LECM,Madrid FIR,90
2019-10-12,LFBB,Bordeaux FIR,4
2019-10-12,LFEE,Reims FIR,9
2019-10-12,LFFF,Paris FIR,86
2019-10-12,LFMM,Marseille FIR,24
2019-10-12,LFRR,Brest FIR,0
2019-10-12,LGGG,Athinai FIR,63
2019-10-12,LHCC,Budapest FIR,20
2019-10-12,LIBB,Brindisi FIR,2
2019-10-12,LIMM,Milano FIR,58
2019-10-12,LIRR,Roma FIR,79
2019-10-12,LJLA,Ljubljana FIR,0
2019-10-12,LKAA,Praha FIR,19
2019-10-12,LMMM,Malta FIR,7
2019-10-12,LOVV,Wien FIR,21
2019-10-12,LPPC,Lisboa FIR,45
2019-10-12,LPPO,Santa Maria FIR,1
2019-10-12,LQSB,Sarajevo FIR,0
2019-10-12,LRBB,Bucarest FIR,24
2019-10-12,LSAS,Switzerland FIR,33
2019-10-12,LUUU,Chisinau FIR,1
2019-10-12,LWSS,Skopje FIR,0
2019-10-12,LYBA,Beograd FIR,4
2019-10-12,LZBB,Bratislava  FIR,4
2019-10-12,UKBV,Kiev FIR,6
2019-10-12,UKDV,Dnipro FIR,0
2019-10-12,UKLV,Lvov FIR,0
2019-10-12,UKOV,Odessa FIR,0
2019-10-12,ULLL,Sankt-Peterburg FIR,16
2019-10-12,UMKK,Kaliningrad FIR,0
2019-10-12,UMMV,Minsk FIR,0
2019-10-12,UNNT,Novosibirsk FIR,1
2019-10-12,URRV,Rostov-Na-Donu FIR,0
2019-10-12,USSV,Yekaterinburg FIR,1
2019-10-12,UUWV,Moscow FIR,71
2019-10-12,UWWW,Samara FIR,0
2019-10-13,BIRD,Reykjavik FIR,4
2019-10-13,EBBU,Brussels FIR,41
2019-10-13,EDGG,Langen FIR,126
2019-10-13,EDMM,Munchen FIR,60
2019-10-13,EDWW,Bremen FIR,47
2019-10-13,EETT,Tallinn FIR,13
2019-10-13,EFIN,Helsinki FIR,72
2019-10-13,EGPX,Scottish FIR,25
2019-10-13,EGTT,London FIR,320
2019-10-13,EHAA,Amsterdam FIR,51
2019-10-13,EISN,Shannon FIR,30
2019-10-13,EKDK,Copenhagen FIR,52
2019-10-13,ENOR,Polaris FIR,36
2019-10-13,EPWW,Warszawa FIR,52
2019-10-13,ESAA,Sweden FIR,87
2019-10-13,EVRR,Riga FIR,24
2019-10-13,EYVL,Vilnius FIR,15
2019-10-13,GCCC,Canarias FIR,16
2019-10-13,GMMM,Casablanca FIR,0
2019-10-13,LAAA,Tirana FIR,1
2019-10-13,LBSR,Sofia FIR,13
2019-10-13,LDZO,Zagreb FIR,2
2019-10-13,LECB,Barcelona FIR,47
2019-10-13,LECM,Madrid FIR,44
2019-10-13,LFBB,Bordeaux FIR,2
2019-10-13,LFEE,Reims FIR,12
2019-10-13,LFFF,Paris FIR,97
2019-10-13,LFMM,Marseille FIR,14
2019-10-13,LFRR,Brest FIR,1
2019-10-13,LGGG,Athinai FIR,77
2019-10-13,LHCC,Budapest FIR,17
2019-10-13,LIBB,Brindisi FIR,5
2019-10-13,LIMM,Milano FIR,35
2019-10-13,LIRR,Roma FIR,42
2019-10-13,LJLA,Ljubljana FIR,1
2019-10-13,LKAA,Praha FIR,16
2019-10-13,LMMM,Malta FIR,2
2019-10-13,LOVV,Wien FIR,21
2019-10-13,LPPC,Lisboa FIR,24
2019-10-13,LPPO,Santa Maria FIR,0
2019-10-13,LQSB,Sarajevo FIR,2
2019-10-13,LRBB,Bucarest FIR,30
2019-10-13,LSAS,Switzerland FIR,32
2019-10-13,LUUU,Chisinau FIR,3
2019-10-13,LWSS,Skopje FIR,6
2019-10-13,LYBA,Beograd FIR,9
2019-10-13,LZBB,Bratislava  FIR,4
2019-10-13,UKBV,Kiev FIR,7
2019-10-13,UKDV,Dnipro FIR,0
2019-10-13,UKLV,Lvov FIR,0
2019-10-13,UKOV,Odessa FIR,0
2019-10-13,ULLL,Sankt-Peterburg FIR,22
2019-10-13,UMKK,Kaliningrad FIR,0
2019-10-13,UMMV,Minsk FIR,0
2019-10-13,UNKL,Krasnoyarsk FIR,1
2019-10-13,UNNT,Novosibirsk FIR,1
2019-10-13,URRV,Rostov-Na-Donu FIR,0
2019-10-13,USSV,Yekaterinburg FIR,0
2019-10-13,UUWV,Moscow FIR,105
2019-10-13,UWWW,Samara FIR,0
2019-10-14,BIRD,Reykjavik FIR,5
2019-10-14,EBBU,Brussels FIR,33
2019-10-14,EDGG,Langen FIR,129
2019-10-14,EDMM,Munchen FIR,58
2019-10-14,EDWW,Bremen FIR,41
2019-10-14,EETT,Tallinn FIR,2
2019-10-14,EFIN,Helsinki FIR,29
2019-10-14,EGPX,Scottish FIR,30
2019-10-14,EGTT,London FIR,287
2019-10-14,EHAA,Amsterdam FIR,60
2019-10-14,EISN,Shannon FIR,24
2019-10-14,EKDK,Copenhagen FIR,35
2019-10-14,ENOB,Bodo Oceanic FIR,0
2019-10-14,ENOR,Polaris FIR,14
2019-10-14,EPWW,Warszawa FIR,54
2019-10-14,ESAA,Sweden FIR,25
2019-10-14,EVRR,Riga FIR,5
2019-10-14,EYVL,Vilnius FIR,5
2019-10-14,GCCC,Canarias FIR,3
2019-10-14,GMMM,Casablanca FIR,0
2019-10-14,LAAA,Tirana FIR,3
2019-10-14,LBSR,Sofia FIR,10
2019-10-14,LDZO,Zagreb FIR,3
2019-10-14,LECB,Barcelona FIR,42
2019-10-14,LECM,Madrid FIR,56
2019-10-14,LFBB,Bordeaux FIR,2
2019-10-14,LFEE,Reims FIR,13
2019-10-14,LFFF,Paris FIR,90
2019-10-14,LFMM,Marseille FIR,17
2019-10-14,LFRR,Brest FIR,2
2019-10-14,LGGG,Athinai FIR,37
2019-10-14,LHCC,Budapest FIR,18
2019-10-14,LIBB,Brindisi FIR,1
2019-10-14,LIMM,Milano FIR,33
2019-10-14,LIRR,Roma FIR,43
2019-10-14,LJLA,Ljubljana FIR,0
2019-10-14,LKAA,Praha FIR,17
2019-10-14,LMMM,Malta FIR,3
2019-10-14,LOVV,Wien FIR,23
2019-10-14,LPPC,Lisboa FIR,30
2019-10-14,LPPO,Santa Maria FIR,0
2019-10-14,LQSB,Sarajevo FIR,1
2019-10-14,LRBB,Bucarest FIR,23
2019-10-14,LSAS,Switzerland FIR,31
2019-10-14,LUUU,Chisinau FIR,1
2019-10-14,LWSS,Skopje FIR,2
2019-10-14,LYBA,Beograd FIR,1
2019-10-14,LZBB,Bratislava  FIR,1
2019-10-14,UKBV,Kiev FIR,2
2019-10-14,UKDV,Dnipro FIR,0
2019-10-14,UKLV,Lvov FIR,0
2019-10-14,UKOV,Odessa FIR,0
2019-10-14,ULLL,Sankt-Peterburg FIR,6
2019-10-14,UMKK,Kaliningrad FIR,0
2019-10-14,UMMV,Minsk FIR,0
2019-10-14,UNNT,Novosibirsk FIR,3
2019-10-14,URRV,Rostov-Na-Donu FIR,0
2019-10-14,USSV,Yekaterinburg FIR,0
2019-10-14,UUWV,Moscow FIR,43
2019-10-14,UWWW,Samara FIR,0
2019-10-15,BIRD,Reykjavik FIR,17
2019-10-15,EBBU,Brussels FIR,38
2019-10-15,EDGG,Langen FIR,109
2019-10-15,EDMM,Munchen FIR,49
2019-10-15,EDWW,Bremen FIR,32
2019-10-15,EETT,Tallinn FIR,11
2019-10-15,EFIN,Helsinki FIR,40
2019-10-15,EGPX,Scottish FIR,27
2019-10-15,EGTT,London FIR,179
2019-10-15,EHAA,Amsterdam FIR,70
2019-10-15,EISN,Shannon FIR,11
2019-10-15,EKDK,Copenhagen FIR,73
2019-10-15,ENOR,Polaris FIR,57
2019-10-15,EPWW,Warszawa FIR,48
2019-10-15,ESAA,Sweden FIR,73
2019-10-15,EVRR,Riga FIR,10
2019-10-15,EYVL,Vilnius FIR,9
2019-10-15,GCCC,Canarias FIR,37
2019-10-15,GMMM,Casablanca FIR,0
2019-10-15,LAAA,Tirana FIR,0
2019-10-15,LBSR,Sofia FIR,3
2019-10-15,LDZO,Zagreb FIR,2
2019-10-15,LECB,Barcelona FIR,46
2019-10-15,LECM,Madrid FIR,82
2019-10-15,LFBB,Bordeaux FIR,2
2019-10-15,LFEE,Reims FIR,6
2019-10-15,LFFF,Paris FIR,73
2019-10-15,LFMM,Marseille FIR,9
2019-10-15,LFRR,Brest FIR,1
2019-10-15,LGGG,Athinai FIR,17
2019-10-15,LHCC,Budapest FIR,11
2019-10-15,LIBB,Brindisi FIR,1
2019-10-15,LIMM,Milano FIR,25
2019-10-15,LIRR,Roma FIR,15
2019-10-15,LJLA,Ljubljana FIR,0
2019-10-15,LKAA,Praha FIR,12
2019-10-15,LMMM,Malta FIR,2
2019-10-15,LOVV,Wien FIR,14
2019-10-15,LPPC,Lisboa FIR,65
2019-10-15,LPPO,Santa Maria FIR,4
2019-10-15,LQSB,Sarajevo FIR,0
2019-10-15,LRBB,Bucarest FIR,9
2019-10-15,LSAS,Switzerland FIR,16
2019-10-15,LUUU,Chisinau FIR,1
2019-10-15,LWSS,Skopje FIR,2
2019-10-15,LYBA,Beograd FIR,2
2019-10-15,LZBB,Bratislava  FIR,0
2019-10-15,UKBV,Kiev FIR,2
2019-10-15,UKDV,Dnipro FIR,0
2019-10-15,UKLV,Lvov FIR,1
2019-10-15,UKOV,Odessa FIR,0
2019-10-15,ULLL,Sankt-Peterburg FIR,11
2019-10-15,UMKK,Kaliningrad FIR,0
2019-10-15,UMMV,Minsk FIR,0
2019-10-15,UNNT,Novosibirsk FIR,0
2019-10-15,URRV,Rostov-Na-Donu FIR,0
2019-10-15,USSV,Yekaterinburg FIR,0
2019-10-15,UUWV,Moscow FIR,85
2019-10-15,UWWW,Samara FIR,0
2019-10-16,BIRD,Reykjavik FIR,12
2019-10-16,EBBU,Brussels FIR,19
2019-10-16,EDGG,Langen FIR,76
2019-10-16,EDMM,Munchen FIR,24
2019-10-16,EDWW,Bremen FIR,6
2019-10-16,EETT,Tallinn FIR,9
2019-10-16,EFIN,Helsinki FIR,76
2019-10-16,EGPX,Scottish FIR,0
2019-10-16,EGTT,London FIR,97
2019-10-16,EHAA,Amsterdam FIR,42
2019-10-16,EISN,Shannon FIR,9
2019-10-16,EKDK,Copenhagen FIR,16
2019-10-16,ENOB,Bodo Oceanic FIR,0
2019-10-16,ENOR,Polaris FIR,24
2019-10-16,EPWW,Warszawa FIR,22
2019-10-16,ESAA,Sweden FIR,41
2019-10-16,EVRR,Riga FIR,7
2019-10-16,EYVL,Vilnius FIR,5
2019-10-16,GCCC,Canarias FIR,2
2019-10-16,GMMM,Casablanca FIR,0
2019-10-16,LAAA,Tirana FIR,0
2019-10-16,LBSR,Sofia FIR,1
2019-10-16,LDZO,Zagreb FIR,0
2019-10-16,LECB,Barcelona FIR,13
2019-10-16,LECM,Madrid FIR,33
2019-10-16,LFBB,Bordeaux FIR,0
2019-10-16,LFEE,Reims FIR,4
2019-10-16,LFFF,Paris FIR,52
2019-10-16,LFMM,Marseille FIR,5
2019-10-16,LFRR,Brest FIR,0
2019-10-16,LGGG,Athinai FIR,9
2019-10-16,LHCC,Budapest FIR,6
2019-10-16,LIBB,Brindisi FIR,0
2019-10-16,LIMM,Milano FIR,7
2019-10-16,LIRR,Roma FIR,15
2019-10-16,LJLA,Ljubljana FIR,0
2019-10-16,LKAA,Praha FIR,3
2019-10-16,LMMM,Malta FIR,0
2019-10-16,LOVV,Wien FIR,6
2019-10-16,LPPC,Lisboa FIR,23
2019-10-16,LPPO,Santa Maria FIR,6
2019-10-16,LQSB,Sarajevo FIR,0
2019-10-16,LRBB,Bucarest FIR,1
2019-10-16,LSAS,Switzerland FIR,17
2019-10-16,LUUU,Chisinau FIR,1
2019-10-16,LWSS,Skopje FIR,0
2019-10-16,LYBA,Beograd FIR,0
2019-10-16,LZBB,Bratislava  FIR,0
2019-10-16,UKBV,Kiev FIR,0
2019-10-16,UKDV,Dnipro FIR,0
2019-10-16,UKLV,Lvov FIR,0
2019-10-16,UKOV,Odessa FIR,0
2019-10-16,ULLL,Sankt-Peterburg FIR,10
2019-10-16,UMKK,Kaliningrad FIR,0
2019-10-16,UMMV,Minsk FIR,0
2019-10-16,UNNT,Novosibirsk FIR,1
2019-10-16,URRV,Rostov-Na-Donu FIR,0
2019-10-16,USSV,Yekaterinburg FIR,1
2019-10-16,UUWV,Moscow FIR,7
2019-10-16,UWWW,Samara FIR,0
2019-10-17,BIRD,Reykjavik FIR,7
2019-10-17,EBBU,Brussels FIR,23
2019-10-17,EDGG,Langen FIR,91
2019-10-17,EDMM,Munchen FIR,39
2019-10-17,EDWW,Bremen FIR,16
2019-10-17,EETT,Tallinn FIR,0
2019-10-17,EFIN,Helsinki FIR,11
2019-10-17,EGPX,Scottish FIR,11
2019-10-17,EGTT,London FIR,129
2019-10-17,EHAA,Amsterdam FIR,39
2019-10-17,EISN,Shannon FIR,16
2019-10-17,EKDK,Copenhagen FIR,8
2019-10-17,ENOR,Polaris FIR,3
2019-10-17,EPWW,Warszawa FIR,15
2019-10-17,ESAA,Sweden FIR,4
2019-10-17,EVRR,Riga FIR,1
2019-10-17,EYVL,Vilnius FIR,2
2019-10-17,GCCC,Canarias FIR,65
2019-10-17,GMMM,Casablanca FIR,0
2019-10-17,LAAA,Tirana FIR,2
2019-10-17,LBSR,Sofia FIR,2
2019-10-17,LDZO,Zagreb FIR,3
2019-10-17,LECB,Barcelona FIR,75
2019-10-17,LECM,Madrid FIR,83
2019-10-17,LFBB,Bordeaux FIR,1
2019-10-17,LFEE,Reims FIR,10
2019-10-17,LFFF,Paris FIR,85
2019-10-17,LFMM,Marseille FIR,10
2019-10-17,LFRR,Brest FIR,3
2019-10-17,LGGG,Athinai FIR,21
2019-10-17,LHCC,Budapest FIR,6
2019-10-17,LIBB,Brindisi FIR,2
2019-10-17,LIMM,Milano FIR,36
2019-10-17,LIRR,Roma FIR,31
2019-10-17,LJLA,Ljubljana FIR,0
2019-10-17,LKAA,Praha FIR,5
2019-10-17,LMMM,Malta FIR,3
2019-10-17,LOVV,Wien FIR,14
2019-10-17,LPPC,Lisboa FIR,85
2019-10-17,LPPO,Santa Maria FIR,2
2019-10-17,LQSB,Sarajevo FIR,0
2019-10-17,LRBB,Bucarest FIR,3
2019-10-17,LSAS,Switzerland FIR,19
2019-10-17,LUUU,Chisinau FIR,0
2019-10-17,LWSS,Skopje FIR,1
2019-10-17,LYBA,Beograd FIR,3
2019-10-17,LZBB,Bratislava  FIR,1
2019-10-17,UKBV,Kiev FIR,1
2019-10-17,UKDV,Dnipro FIR,0
2019-10-17,UKLV,Lvov FIR,0
2019-10-17,UKOV,Odessa FIR,0
2019-10-17,ULLL,Sankt-Peterburg FIR,0
2019-10-17,UMKK,Kaliningrad FIR,0
2019-10-17,UMMV,Minsk FIR,0
2019-10-17,UNNT,Novosibirsk FIR,1
2019-10-17,URRV,Rostov-Na-Donu FIR,0
2019-10-17,USSV,Yekaterinburg FIR,1
2019-10-17,UUWV,Moscow FIR,8
2019-10-17,UWWW,Samara FIR,0
2019-10-18,BIRD,Reykjavik FIR,7
2019-10-18,EBBU,Brussels FIR,98
2019-10-18,EDGG,Langen FIR,250
2019-10-18,EDMM,Munchen FIR,76
2019-10-18,EDWW,Bremen FIR,76
2019-10-18,EETT,Tallinn FIR,2
2019-10-18,EFIN,Helsinki FIR,24
2019-10-18,EGPX,Scottish FIR,37
2019-10-18,EGTT,London FIR,422
2019-10-18,EHAA,Amsterdam FIR,130
2019-10-18,EISN,Shannon FIR,39
2019-10-18,EKDK,Copenhagen FIR,29
2019-10-18,ENOB,Bodo Oceanic FIR,0
2019-10-18,ENOR,Polaris FIR,15
2019-10-18,EPWW,Warszawa FIR,46
2019-10-18,ESAA,Sweden FIR,26
2019-10-18,EVRR,Riga FIR,3
2019-10-18,EYVL,Vilnius FIR,8
2019-10-18,GCCC,Canarias FIR,63
2019-10-18,GMMM,Casablanca FIR,0
2019-10-18,LAAA,Tirana FIR,1
2019-10-18,LBSR,Sofia FIR,17
2019-10-18,LDZO,Zagreb FIR,7
2019-10-18,LECB,Barcelona FIR,247
2019-10-18,LECM,Madrid FIR,205
2019-10-18,LFBB,Bordeaux FIR,15
2019-10-18,LFEE,Reims FIR,28
2019-10-18,LFFF,Paris FIR,178
2019-10-18,LFMM,Marseille FIR,48
2019-10-18,LFRR,Brest FIR,11
2019-10-18,LGGG,Athinai FIR,93
2019-10-18,LHCC,Budapest FIR,24
2019-10-18,LIBB,Brindisi FIR,3
2019-10-18,LIMM,Milano FIR,93
2019-10-18,LIRR,Roma FIR,63
2019-10-18,LJLA,Ljubljana FIR,1
2019-10-18,LKAA,Praha FIR,23
2019-10-18,LMMM,Malta FIR,5
2019-10-18,LOVV,Wien FIR,26
2019-10-18,LPPC,Lisboa FIR,138
2019-10-18,LPPO,Santa Maria FIR,1
2019-10-18,LQSB,Sarajevo FIR,3
2019-10-18,LRBB,Bucarest FIR,42
2019-10-18,LSAS,Switzerland FIR,52
2019-10-18,LUUU,Chisinau FIR,6
2019-10-18,LWSS,Skopje FIR,4
2019-10-18,LYBA,Beograd FIR,10
2019-10-18,LZBB,Bratislava  FIR,1
2019-10-18,UKBV,Kiev FIR,9
2019-10-18,UKDV,Dnipro FIR,0
2019-10-18,UKLV,Lvov FIR,1
2019-10-18,UKOV,Odessa FIR,0
2019-10-18,ULLL,Sankt-Peterburg FIR,5
2019-10-18,UMKK,Kaliningrad FIR,0
2019-10-18,UMMV,Minsk FIR,0
2019-10-18,UNNT,Novosibirsk FIR,1
2019-10-18,URRV,Rostov-Na-Donu FIR,0
2019-10-18,USSV,Yekaterinburg FIR,0
2019-10-18,UUWV,Moscow FIR,42
2019-10-18,UWWW,Samara FIR,0
2019-10-19,BIRD,Reykjavik FIR,12
2019-10-19,EBBU,Brussels FIR,34
2019-10-19,EDGG,Langen FIR,149
2019-10-19,EDMM,Munchen FIR,50
2019-10-19,EDWW,Bremen FIR,61
2019-10-19,EETT,Tallinn FIR,6
2019-10-19,EFIN,Helsinki FIR,42
2019-10-19,EGPX,Scottish FIR,8
2019-10-19,EGTT,London FIR,203
2019-10-19,EHAA,Amsterdam FIR,60
2019-10-19,EISN,Shannon FIR,13
2019-10-19,EKDK,Copenhagen FIR,28
2019-10-19,ENOR,Polaris FIR,20
2019-10-19,EPWW,Warszawa FIR,61
2019-10-19,ESAA,Sweden FIR,29
2019-10-19,EVRR,Riga FIR,11
2019-10-19,EYVL,Vilnius FIR,15
2019-10-19,GCCC,Canarias FIR,6
2019-10-19,GMMM,Casablanca FIR,0
2019-10-19,LAAA,Tirana FIR,1
2019-10-19,LBSR,Sofia FIR,14
2019-10-19,LDZO,Zagreb FIR,10
2019-10-19,LECB,Barcelona FIR,61
2019-10-19,LECM,Madrid FIR,52
2019-10-19,LFBB,Bordeaux FIR,2
2019-10-19,LFEE,Reims FIR,4
2019-10-19,LFFF,Paris FIR,99
2019-10-19,LFMM,Marseille FIR,12
2019-10-19,LFRR,Brest FIR,0
2019-10-19,LGGG,Athinai FIR,54
2019-10-19,LHCC,Budapest FIR,20
2019-10-19,LIBB,Brindisi FIR,3
2019-10-19,LIMM,Milano FIR,55
2019-10-19,LIRR,Roma FIR,52
2019-10-19,LJLA,Ljubljana FIR,3
2019-10-19,LKAA,Praha FIR,17
2019-10-19,LMMM,Malta FIR,2
2019-10-19,LOVV,Wien FIR,25
2019-10-19,LPPC,Lisboa FIR,11
2019-10-19,LPPO,Santa Maria FIR,1
2019-10-19,LQSB,Sarajevo FIR,2
2019-10-19,LRBB,Bucarest FIR,29
2019-10-19,LSAS,Switzerland FIR,18
2019-10-19,LUUU,Chisinau FIR,3
2019-10-19,LWSS,Skopje FIR,4
2019-10-19,LYBA,Beograd FIR,7
2019-10-19,LZBB,Bratislava  FIR,4
2019-10-19,UKBV,Kiev FIR,13
2019-10-19,UKDV,Dnipro FIR,0
2019-10-19,UKLV,Lvov FIR,1
2019-10-19,UKOV,Odessa FIR,0
2019-10-19,ULLL,Sankt-Peterburg FIR,13
2019-10-19,UMKK,Kaliningrad FIR,0
2019-10-19,UMMV,Minsk FIR,1
2019-10-19,UNNT,Novosibirsk FIR,1
2019-10-19,URRV,Rostov-Na-Donu FIR,0
2019-10-19,USSV,Yekaterinburg FIR,1
2019-10-19,UUWV,Moscow FIR,98
2019-10-19,UWWW,Samara FIR,1
2019-10-20,BIRD,Reykjavik FIR,4
2019-10-20,EBBU,Brussels FIR,27
2019-10-20,EDGG,Langen FIR,116
2019-10-20,EDMM,Munchen FIR,56
2019-10-20,EDWW,Bremen FIR,37
2019-10-20,EETT,Tallinn FIR,1
2019-10-20,EFIN,Helsinki FIR,32
2019-10-20,EGPX,Scottish FIR,8
2019-10-20,EGTT,London FIR,195
2019-10-20,EHAA,Amsterdam FIR,60
2019-10-20,EISN,Shannon FIR,17
2019-10-20,EKDK,Copenhagen FIR,33
2019-10-20,ENOR,Polaris FIR,8
2019-10-20,EPWW,Warszawa FIR,41
2019-10-20,ESAA,Sweden FIR,35
2019-10-20,EVRR,Riga FIR,11
2019-10-20,EYVL,Vilnius FIR,8
2019-10-20,GCCC,Canarias FIR,9
2019-10-20,GMMM,Casablanca FIR,0
2019-10-20,LAAA,Tirana FIR,2
2019-10-20,LBSR,Sofia FIR,2
2019-10-20,LDZO,Zagreb FIR,2
2019-10-20,LECB,Barcelona FIR,40
2019-10-20,LECM,Madrid FIR,38
2019-10-20,LFBB,Bordeaux FIR,3
2019-10-20,LFEE,Reims FIR,4
2019-10-20,LFFF,Paris FIR,93
2019-10-20,LFMM,Marseille FIR,11
2019-10-20,LFRR,Brest FIR,1
2019-10-20,LGGG,Athinai FIR,35
2019-10-20,LHCC,Budapest FIR,16
2019-10-20,LIBB,Brindisi FIR,1
2019-10-20,LIMM,Milano FIR,36
2019-10-20,LIRR,Roma FIR,37
2019-10-20,LJLA,Ljubljana FIR,1
2019-10-20,LKAA,Praha FIR,15
2019-10-20,LMMM,Malta FIR,0
2019-10-20,LOVV,Wien FIR,27
2019-10-20,LPPC,Lisboa FIR,11
2019-10-20,LPPO,Santa Maria FIR,0
2019-10-20,LQSB,Sarajevo FIR,0
2019-10-20,LRBB,Bucarest FIR,17
2019-10-20,LSAS,Switzerland FIR,30
2019-10-20,LUUU,Chisinau FIR,1
2019-10-20,LWSS,Skopje FIR,1
2019-10-20,LYBA,Beograd FIR,5
2019-10-20,LZBB,Bratislava  FIR,1
2019-10-20,UKBV,Kiev FIR,8
2019-10-20,UKDV,Dnipro FIR,1
2019-10-20,UKLV,Lvov FIR,2
2019-10-20,UKOV,Odessa FIR,0
2019-10-20,ULLL,Sankt-Peterburg FIR,6
2019-10-20,UMKK,Kaliningrad FIR,0
2019-10-20,UMMV,Minsk FIR,0
2019-10-20,UNKL,Krasnoyarsk FIR,0
2019-10-20,UNNT,Novosibirsk FIR,1
2019-10-20,URRV,Rostov-Na-Donu FIR,0
2019-10-20,USSV,Yekaterinburg FIR,1
2019-10-20,UUWV,Moscow FIR,67
2019-10-20,UWWW,Samara FIR,1
2019-10-21,BIRD,Reykjavik FIR,7
2019-10-21,EBBU,Brussels FIR,37
2019-10-21,EDGG,Langen FIR,118
2019-10-21,EDMM,Munchen FIR,55
2019-10-21,EDWW,Bremen FIR,38
2019-10-21,EETT,Tallinn FIR,2
2019-10-21,EFIN,Helsinki FIR,23
2019-10-21,EGPX,Scottish FIR,13
2019-10-21,EGTT,London FIR,201
2019-10-21,EHAA,Amsterdam FIR,50
2019-10-21,EISN,Shannon FIR,9
2019-10-21,EKDK,Copenhagen FIR,27
2019-10-21,ENOB,Bodo Oceanic FIR,0
2019-10-21,ENOR,Polaris FIR,13
2019-10-21,EPWW,Warszawa FIR,91
2019-10-21,ESAA,Sweden FIR,29
2019-10-21,EVRR,Riga FIR,3
2019-10-21,EYVL,Vilnius FIR,10
2019-10-21,GCCC,Canarias FIR,24
2019-10-21,GMMM,Casablanca FIR,0
2019-10-21,LAAA,Tirana FIR,1
2019-10-21,LBSR,Sofia FIR,7
2019-10-21,LDZO,Zagreb FIR,6
2019-10-21,LECB,Barcelona FIR,112
2019-10-21,LECM,Madrid FIR,51
2019-10-21,LFBB,Bordeaux FIR,7
2019-10-21,LFEE,Reims FIR,4
2019-10-21,LFFF,Paris FIR,86
2019-10-21,LFMM,Marseille FIR,12
2019-10-21,LFRR,Brest FIR,0
2019-10-21,LGGG,Athinai FIR,36
2019-10-21,LHCC,Budapest FIR,26
2019-10-21,LIBB,Brindisi FIR,5
2019-10-21,LIMM,Milano FIR,58
2019-10-21,LIRR,Roma FIR,53
2019-10-21,LJLA,Ljubljana FIR,0
2019-10-21,LKAA,Praha FIR,18
2019-10-21,LMMM,Malta FIR,13
2019-10-21,LOVV,Wien FIR,38
2019-10-21,LPPC,Lisboa FIR,12
2019-10-21,LPPO,Santa Maria FIR,0
2019-10-21,LQSB,Sarajevo FIR,1
2019-10-21,LRBB,Bucarest FIR,28
2019-10-21,LSAS,Switzerland FIR,21
2019-10-21,LUUU,Chisinau FIR,2
2019-10-21,LWSS,Skopje FIR,0
2019-10-21,LYBA,Beograd FIR,9
2019-10-21,LZBB,Bratislava  FIR,3
2019-10-21,UKBV,Kiev FIR,14
2019-10-21,UKDV,Dnipro FIR,0
2019-10-21,UKLV,Lvov FIR,0
2019-10-21,UKOV,Odessa FIR,0
2019-10-21,ULLL,Sankt-Peterburg FIR,5
2019-10-21,UMKK,Kaliningrad FIR,0
2019-10-21,UMMV,Minsk FIR,0
2019-10-21,UNNT,Novosibirsk FIR,2
2019-10-21,URRV,Rostov-Na-Donu FIR,0
2019-10-21,USSV,Yekaterinburg FIR,0
2019-10-21,USTV,Tyumen FIR,0
2019-10-21,UUWV,Moscow FIR,79
2019-10-21,UWWW,Samara FIR,0
2019-10-22,BIRD,Reykjavik FIR,3
2019-10-22,EBBU,Brussels FIR,48
2019-10-22,EDGG,Langen FIR,145
2019-10-22,EDMM,Munchen FIR,62
2019-10-22,EDWW,Bremen FIR,62
2019-10-22,EETT,Tallinn FIR,5
2019-10-22,EFIN,Helsinki FIR,22
2019-10-22,EGPX,Scottish FIR,6
2019-10-22,EGTT,London FIR,219
2019-10-22,EHAA,Amsterdam FIR,70
2019-10-22,EISN,Shannon FIR,13
2019-10-22,EKDK,Copenhagen FIR,18
2019-10-22,ENOR,Polaris FIR,7
2019-10-22,EPWW,Warszawa FIR,69
2019-10-22,ESAA,Sweden FIR,17
2019-10-22,EVRR,Riga FIR,4
2019-10-22,EYVL,Vilnius FIR,13
2019-10-22,GCCC,Canarias FIR,9
2019-10-22,GMMM,Casablanca FIR,0
2019-10-22,LAAA,Tirana FIR,1
2019-10-22,LBSR,Sofia FIR,14
2019-10-22,LDZO,Zagreb FIR,18
2019-10-22,LECB,Barcelona FIR,144
2019-10-22,LECM,Madrid FIR,76
2019-10-22,LFBB,Bordeaux FIR,10
2019-10-22,LFEE,Reims FIR,10
2019-10-22,LFFF,Paris FIR,99
2019-10-22,LFMM,Marseille FIR,26
2019-10-22,LFRR,Brest FIR,6
2019-10-22,LGGG,Athinai FIR,59
2019-10-22,LHCC,Budapest FIR,30
2019-10-22,LIBB,Brindisi FIR,3
2019-10-22,LIMM,Milano FIR,90
2019-10-22,LIRR,Roma FIR,102
2019-10-22,LJLA,Ljubljana FIR,3
2019-10-22,LKAA,Praha FIR,14
2019-10-22,LMMM,Malta FIR,8
2019-10-22,LOVV,Wien FIR,42
2019-10-22,LPPC,Lisboa FIR,28
2019-10-22,LPPO,Santa Maria FIR,0
2019-10-22,LQSB,Sarajevo FIR,3
2019-10-22,LRBB,Bucarest FIR,39
2019-10-22,LSAS,Switzerland FIR,23
2019-10-22,LUUU,Chisinau FIR,6
2019-10-22,LWSS,Skopje FIR,6
2019-10-22,LYBA,Beograd FIR,8
2019-10-22,LZBB,Bratislava  FIR,3
2019-10-22,UKBV,Kiev FIR,17
2019-10-22,UKDV,Dnipro FIR,2
2019-10-22,UKLV,Lvov FIR,1
2019-10-22,UKOV,Odessa FIR,0
2019-10-22,ULLL,Sankt-Peterburg FIR,4
2019-10-22,UMKK,Kaliningrad FIR,0
2019-10-22,UMMV,Minsk FIR,0
2019-10-22,UNNT,Novosibirsk FIR,1
2019-10-22,URRV,Rostov-Na-Donu FIR,0
2019-10-22,USSV,Yekaterinburg FIR,1
2019-10-22,UUWV,Moscow FIR,47
2019-10-22,UWWW,Samara FIR,0
2019-10-23,BIRD,Reykjavik FIR,5
2019-10-23,EBBU,Brussels FIR,25
2019-10-23,EDGG,Langen FIR,85
2019-10-23,EDMM,Munchen FIR,37
2019-10-23,EDWW,Bremen FIR,28
2019-10-23,EETT,Tallinn FIR,2
2019-10-23,EFIN,Helsinki FIR,10
2019-10-23,EGPX,Scottish FIR,8
2019-10-23,EGTT,London FIR,148
2019-10-23,EHAA,Amsterdam FIR,38
2019-10-23,EISN,Shannon FIR,20
2019-10-23,EKDK,Copenhagen FIR,9
2019-10-23,ENOB,Bodo Oceanic FIR,0
2019-10-23,ENOR,Polaris FIR,10
2019-10-23,EPWW,Warszawa FIR,24
2019-10-23,ESAA,Sweden FIR,10
2019-10-23,EVRR,Riga FIR,0
2019-10-23,EYVL,Vilnius FIR,5
2019-10-23,GCCC,Canarias FIR,32
2019-10-23,GMMM,Casablanca FIR,0
2019-10-23,LAAA,Tirana FIR,1
2019-10-23,LBSR,Sofia FIR,7
2019-10-23,LDZO,Zagreb FIR,9
2019-10-23,LECB,Barcelona FIR,78
2019-10-23,LECM,Madrid FIR,47
2019-10-23,LFBB,Bordeaux FIR,2
2019-10-23,LFEE,Reims FIR,4
2019-10-23,LFFF,Paris FIR,62
2019-10-23,LFMM,Marseille FIR,20
2019-10-23,LFRR,Brest FIR,2
2019-10-23,LGGG,Athinai FIR,25
2019-10-23,LHCC,Budapest FIR,10
2019-10-23,LIBB,Brindisi FIR,4
2019-10-23,LIMM,Milano FIR,56
2019-10-23,LIRR,Roma FIR,82
2019-10-23,LJLA,Ljubljana FIR,1
2019-10-23,LKAA,Praha FIR,12
2019-10-23,LMMM,Malta FIR,9
2019-10-23,LOVV,Wien FIR,17
2019-10-23,LPPC,Lisboa FIR,29
2019-10-23,LPPO,Santa Maria FIR,0
2019-10-23,LQSB,Sarajevo FIR,0
2019-10-23,LRBB,Bucarest FIR,8
2019-10-23,LSAS,Switzerland FIR,13
2019-10-23,LUUU,Chisinau FIR,0
2019-10-23,LWSS,Skopje FIR,3
2019-10-23,LYBA,Beograd FIR,3
2019-10-23,LZBB,Bratislava  FIR,3
2019-10-23,UKBV,Kiev FIR,18
2019-10-23,UKDV,Dnipro FIR,0
2019-10-23,UKLV,Lvov FIR,0
2019-10-23,UKOV,Odessa FIR,1
2019-10-23,ULLL,Sankt-Peterburg FIR,0
2019-10-23,UMKK,Kaliningrad FIR,0
2019-10-23,UMMV,Minsk FIR,0
2019-10-23,UNNT,Novosibirsk FIR,1
2019-10-23,URRV,Rostov-Na-Donu FIR,0
2019-10-23,USSV,Yekaterinburg FIR,0
2019-10-23,UUWV,Moscow FIR,35
2019-10-23,UWWW,Samara FIR,0
2019-10-24,BIRD,Reykjavik FIR,9
2019-10-24,EBBU,Brussels FIR,26
2019-10-24,EDGG,Langen FIR,70
2019-10-24,EDMM,Munchen FIR,33
2019-10-24,EDWW,Bremen FIR,15
2019-10-24,EETT,Tallinn FIR,0
2019-10-24,EFIN,Helsinki FIR,21
2019-10-24,EGPX,Scottish FIR,16
2019-10-24,EGTT,London FIR,178
2019-10-24,EHAA,Amsterdam FIR,37
2019-10-24,EISN,Shannon FIR,23
2019-10-24,EKDK,Copenhagen FIR,33
2019-10-24,ENOR,Polaris FIR,44
2019-10-24,EPWW,Warszawa FIR,43
2019-10-24,ESAA,Sweden FIR,46
2019-10-24,EVRR,Riga FIR,9
2019-10-24,EYVL,Vilnius FIR,8
2019-10-24,GCCC,Canarias FIR,60
2019-10-24,GMMM,Casablanca FIR,0
2019-10-24,LAAA,Tirana FIR,0
2019-10-24,LBSR,Sofia FIR,2
2019-10-24,LDZO,Zagreb FIR,0
2019-10-24,LECB,Barcelona FIR,71
2019-10-24,LECM,Madrid FIR,78
2019-10-24,LFBB,Bordeaux FIR,4
2019-10-24,LFEE,Reims FIR,4
2019-10-24,LFFF,Paris FIR,79
2019-10-24,LFMM,Marseille FIR,12
2019-10-24,LFRR,Brest FIR,1
2019-10-24,LGGG,Athinai FIR,19
2019-10-24,LHCC,Budapest FIR,5
2019-10-24,LIBB,Brindisi FIR,2
2019-10-24,LIMM,Milano FIR,20
2019-10-24,LIRR,Roma FIR,40
2019-10-24,LJLA,Ljubljana FIR,1
2019-10-24,LKAA,Praha FIR,12
2019-10-24,LMMM,Malta FIR,9
2019-10-24,LOVV,Wien FIR,11
2019-10-24,LPPC,Lisboa FIR,56
2019-10-24,LPPO,Santa Maria FIR,0
2019-10-24,LQSB,Sarajevo FIR,0
2019-10-24,LRBB,Bucarest FIR,5
2019-10-24,LSAS,Switzerland FIR,12
2019-10-24,LUUU,Chisinau FIR,0
2019-10-24,LWSS,Skopje FIR,1
2019-10-24,LYBA,Beograd FIR,1
2019-10-24,LZBB,Bratislava  FIR,2
2019-10-24,UKBV,Kiev FIR,3
2019-10-24,UKDV,Dnipro FIR,2
2019-10-24,UKLV,Lvov FIR,0
2019-10-24,UKOV,Odessa FIR,0
2019-10-24,ULLL,Sankt-Peterburg FIR,3
2019-10-24,UMKK,Kaliningrad FIR,0
2019-10-24,UMMV,Minsk FIR,0
2019-10-24,UNKL,Krasnoyarsk FIR,0
2019-10-24,UNNT,Novosibirsk FIR,3
2019-10-24,URRV,Rostov-Na-Donu FIR,0
2019-10-24,USSV,Yekaterinburg FIR,0
2019-10-24,UUWV,Moscow FIR,24
2019-10-25,BIRD,Reykjavik FIR,8
2019-10-25,EBBU,Brussels FIR,71
2019-10-25,EDGG,Langen FIR,159
2019-10-25,EDMM,Munchen FIR,59
2019-10-25,EDWW,Bremen FIR,66
2019-10-25,EETT,Tallinn FIR,3
2019-10-25,EFIN,Helsinki FIR,51
2019-10-25,EGPX,Scottish FIR,75
2019-10-25,EGTT,London FIR,563
2019-10-25,EHAA,Amsterdam FIR,123
2019-10-25,EISN,Shannon FIR,59
2019-10-25,EKDK,Copenhagen FIR,93
2019-10-25,ENOB,Bodo Oceanic FIR,0
2019-10-25,ENOR,Polaris FIR,53
2019-10-25,EPWW,Warszawa FIR,91
2019-10-25,ESAA,Sweden FIR,71
2019-10-25,EVRR,Riga FIR,12
2019-10-25,EYVL,Vilnius FIR,16
2019-10-25,GCCC,Canarias FIR,68
2019-10-25,GMMM,Casablanca FIR,0
2019-10-25,LAAA,Tirana FIR,1
2019-10-25,LBSR,Sofia FIR,7
2019-10-25,LDZO,Zagreb FIR,6
2019-10-25,LECB,Barcelona FIR,164
2019-10-25,LECM,Madrid FIR,88
2019-10-25,LFBB,Bordeaux FIR,11
2019-10-25,LFEE,Reims FIR,8
2019-10-25,LFFF,Paris FIR,111
2019-10-25,LFMM,Marseille FIR,33
2019-10-25,LFRR,Brest FIR,3
2019-10-25,LGGG,Athinai FIR,35
2019-10-25,LHCC,Budapest FIR,23
2019-10-25,LIBB,Brindisi FIR,2
2019-10-25,LIMM,Milano FIR,59
2019-10-25,LIRR,Roma FIR,44
2019-10-25,LJLA,Ljubljana FIR,1
2019-10-25,LKAA,Praha FIR,34
2019-10-25,LMMM,Malta FIR,6
2019-10-25,LOVV,Wien FIR,28
2019-10-25,LPPC,Lisboa FIR,79
2019-10-25,LPPO,Santa Maria FIR,1
2019-10-25,LQSB,Sarajevo FIR,1
2019-10-25,LRBB,Bucarest FIR,16
2019-10-25,LSAS,Switzerland FIR,42
2019-10-25,LUUU,Chisinau FIR,3
2019-10-25,LWSS,Skopje FIR,0
2019-10-25,LYBA,Beograd FIR,6
2019-10-25,LZBB,Bratislava  FIR,4
2019-10-25,UKBV,Kiev FIR,5
2019-10-25,UKDV,Dnipro FIR,0
2019-10-25,UKLV,Lvov FIR,1
2019-10-25,UKOV,Odessa FIR,0
2019-10-25,ULLL,Sankt-Peterburg FIR,8
2019-10-25,UMKK,Kaliningrad FIR,0
2019-10-25,UMMV,Minsk FIR,0
2019-10-25,UNKL,Krasnoyarsk FIR,0
2019-10-25,UNNT,Novosibirsk FIR,1
2019-10-25,URRV,Rostov-Na-Donu FIR,1
2019-10-25,USSV,Yekaterinburg FIR,0
2019-10-25,UUWV,Moscow FIR,29
2019-10-25,UWWW,Samara FIR,0
2019-10-26,BIRD,Reykjavik FIR,10
2019-10-26,EBBU,Brussels FIR,47
2019-10-26,EDGG,Langen FIR,100
2019-10-26,EDMM,Munchen FIR,44
2019-10-26,EDWW,Bremen FIR,35
2019-10-26,EETT,Tallinn FIR,10
2019-10-26,EFIN,Helsinki FIR,64
2019-10-26,EGPX,Scottish FIR,46
2019-10-26,EGTT,London FIR,450
2019-10-26,EHAA,Amsterdam FIR,81
2019-10-26,EISN,Shannon FIR,40
2019-10-26,EKDK,Copenhagen FIR,49
2019-10-26,ENOR,Polaris FIR,58
2019-10-26,EPWW,Warszawa FIR,70
2019-10-26,ESAA,Sweden FIR,78
2019-10-26,EVRR,Riga FIR,11
2019-10-26,EYVL,Vilnius FIR,21
2019-10-26,GCCC,Canarias FIR,144
2019-10-26,GMMM,Casablanca FIR,0
2019-10-26,LAAA,Tirana FIR,2
2019-10-26,LBSR,Sofia FIR,8
2019-10-26,LDZO,Zagreb FIR,12
2019-10-26,LECB,Barcelona FIR,193
2019-10-26,LECM,Madrid FIR,117
2019-10-26,LFBB,Bordeaux FIR,11
2019-10-26,LFEE,Reims FIR,6
2019-10-26,LFFF,Paris FIR,90
2019-10-26,LFMM,Marseille FIR,30
2019-10-26,LFRR,Brest FIR,5
2019-10-26,LGGG,Athinai FIR,49
2019-10-26,LHCC,Budapest FIR,17
2019-10-26,LIBB,Brindisi FIR,2
2019-10-26,LIMM,Milano FIR,68
2019-10-26,LIRR,Roma FIR,53
2019-10-26,LJLA,Ljubljana FIR,0
2019-10-26,LKAA,Praha FIR,16
2019-10-26,LMMM,Malta FIR,10
2019-10-26,LOVV,Wien FIR,10
2019-10-26,LPPC,Lisboa FIR,95
2019-10-26,LPPO,Santa Maria FIR,1
2019-10-26,LQSB,Sarajevo FIR,2
2019-10-26,LRBB,Bucarest FIR,14
2019-10-26,LSAS,Switzerland FIR,29
2019-10-26,LUUU,Chisinau FIR,1
2019-10-26,LWSS,Skopje FIR,1
2019-10-26,LYBA,Beograd FIR,7
2019-10-26,LZBB,Bratislava  FIR,3
2019-10-26,UKBV,Kiev FIR,7
2019-10-26,UKDV,Dnipro FIR,0
2019-10-26,UKLV,Lvov FIR,0
2019-10-26,UKOV,Odessa FIR,0
2019-10-26,ULLL,Sankt-Peterburg FIR,12
2019-10-26,UMKK,Kaliningrad FIR,0
2019-10-26,UMMV,Minsk FIR,0
2019-10-26,UNNT,Novosibirsk FIR,1
2019-10-26,URRV,Rostov-Na-Donu FIR,0
2019-10-26,USSV,Yekaterinburg FIR,2
2019-10-26,UUWV,Moscow FIR,74
2019-10-26,UWWW,Samara FIR,0
2019-10-27,BIRD,Reykjavik FIR,2
2019-10-27,EBBU,Brussels FIR,50
2019-10-27,EDGG,Langen FIR,120
2019-10-27,EDMM,Munchen FIR,34
2019-10-27,EDWW,Bremen FIR,32
2019-10-27,EETT,Tallinn FIR,1
2019-10-27,EFIN,Helsinki FIR,32
2019-10-27,EGPX,Scottish FIR,16
2019-10-27,EGTT,London FIR,174
2019-10-27,EHAA,Amsterdam FIR,55
2019-10-27,EISN,Shannon FIR,13
2019-10-27,EKDK,Copenhagen FIR,15
2019-10-27,ENOR,Polaris FIR,4
2019-10-27,EPWW,Warszawa FIR,20
2019-10-27,ESAA,Sweden FIR,22
2019-10-27,EVRR,Riga FIR,5
2019-10-27,EYVL,Vilnius FIR,6
2019-10-27,GCCC,Canarias FIR,99
2019-10-27,GMMM,Casablanca FIR,0
2019-10-27,LAAA,Tirana FIR,2
2019-10-27,LBSR,Sofia FIR,0
2019-10-27,LDZO,Zagreb FIR,6
2019-10-27,LECB,Barcelona FIR,105
2019-10-27,LECM,Madrid FIR,80
2019-10-27,LFBB,Bordeaux FIR,10
2019-10-27,LFEE,Reims FIR,10
2019-10-27,LFFF,Paris FIR,118
2019-10-27,LFMM,Marseille FIR,21
2019-10-27,LFRR,Brest FIR,4
2019-10-27,LGGG,Athinai FIR,29
2019-10-27,LHCC,Budapest FIR,13
2019-10-27,LIBB,Brindisi FIR,2
2019-10-27,LIMM,Milano FIR,68
2019-10-27,LIRR,Roma FIR,46
2019-10-27,LJLA,Ljubljana FIR,1
2019-10-27,LKAA,Praha FIR,16
2019-10-27,LMMM,Malta FIR,8
2019-10-27,LOVV,Wien FIR,21
2019-10-27,LPPC,Lisboa FIR,47
2019-10-27,LPPO,Santa Maria FIR,1
2019-10-27,LQSB,Sarajevo FIR,0
2019-10-27,LRBB,Bucarest FIR,20
2019-10-27,LSAS,Switzerland FIR,18
2019-10-27,LUUU,Chisinau FIR,0
2019-10-27,LWSS,Skopje FIR,2
2019-10-27,LYBA,Beograd FIR,6
2019-10-27,LZBB,Bratislava  FIR,0
2019-10-27,UKBV,Kiev FIR,7
2019-10-27,UKDV,Dnipro FIR,1
2019-10-27,UKLV,Lvov FIR,0
2019-10-27,UKOV,Odessa FIR,0
2019-10-27,ULLL,Sankt-Peterburg FIR,11
2019-10-27,UMMV,Minsk FIR,0
2019-10-27,UNKL,Krasnoyarsk FIR,0
2019-10-27,UNNT,Novosibirsk FIR,0
2019-10-27,URRV,Rostov-Na-Donu FIR,0
2019-10-27,USSV,Yekaterinburg FIR,1
2019-10-27,UUWV,Moscow FIR,46
2019-10-27,UWWW,Samara FIR,0
2019-10-28,BIRD,Reykjavik FIR,6
2019-10-28,EBBU,Brussels FIR,75
2019-10-28,EDGG,Langen FIR,216
2019-10-28,EDMM,Munchen FIR,83
2019-10-28,EDWW,Bremen FIR,50
2019-10-28,EETT,Tallinn FIR,1
2019-10-28,EFIN,Helsinki FIR,18
2019-10-28,EGPX,Scottish FIR,19
2019-10-28,EGTT,London FIR,357
2019-10-28,EHAA,Amsterdam FIR,92
2019-10-28,EISN,Shannon FIR,39
2019-10-28,EKDK,Copenhagen FIR,22
2019-10-28,ENOB,Bodo Oceanic FIR,0
2019-10-28,ENOR,Polaris FIR,7
2019-10-28,EPWW,Warszawa FIR,32
2019-10-28,ESAA,Sweden FIR,21
2019-10-28,EVRR,Riga FIR,4
2019-10-28,EYVL,Vilnius FIR,1
2019-10-28,GCCC,Canarias FIR,119
2019-10-28,GMMM,Casablanca FIR,0
2019-10-28,LAAA,Tirana FIR,3
2019-10-28,LBSR,Sofia FIR,21
2019-10-28,LDZO,Zagreb FIR,9
2019-10-28,LECB,Barcelona FIR,175
2019-10-28,LECM,Madrid FIR,173
2019-10-28,LFBB,Bordeaux FIR,20
2019-10-28,LFEE,Reims FIR,31
2019-10-28,LFFF,Paris FIR,199
2019-10-28,LFMM,Marseille FIR,46
2019-10-28,LFRR,Brest FIR,5
2019-10-28,LGGG,Athinai FIR,79
2019-10-28,LHCC,Budapest FIR,38
2019-10-28,LIBB,Brindisi FIR,6
2019-10-28,LIMM,Milano FIR,151
2019-10-28,LIRR,Roma FIR,141
2019-10-28,LJLA,Ljubljana FIR,3
2019-10-28,LKAA,Praha FIR,21
2019-10-28,LMMM,Malta FIR,17
2019-10-28,LOVV,Wien FIR,48
2019-10-28,LPPC,Lisboa FIR,140
2019-10-28,LPPO,Santa Maria FIR,0
2019-10-28,LQSB,Sarajevo FIR,2
2019-10-28,LRBB,Bucarest FIR,51
2019-10-28,LSAS,Switzerland FIR,57
2019-10-28,LUUU,Chisinau FIR,2
2019-10-28,LWSS,Skopje FIR,0
2019-10-28,LYBA,Beograd FIR,9
2019-10-28,LZBB,Bratislava  FIR,3
2019-10-28,UKBV,Kiev FIR,16
2019-10-28,UKDV,Dnipro FIR,1
2019-10-28,UKLV,Lvov FIR,2
2019-10-28,UKOV,Odessa FIR,1
2019-10-28,ULLL,Sankt-Peterburg FIR,0
2019-10-28,UMMV,Minsk FIR,0
2019-10-28,UNNT,Novosibirsk FIR,0
2019-10-28,URRV,Rostov-Na-Donu FIR,0
2019-10-28,UUWV,Moscow FIR,20
2019-10-28,UWWW,Samara FIR,0
2019-10-29,BIRD,Reykjavik FIR,13
2019-10-29,EBBU,Brussels FIR,36
2019-10-29,EDGG,Langen FIR,149
2019-10-29,EDMM,Munchen FIR,62
2019-10-29,EDWW,Bremen FIR,24
2019-10-29,EETT,Tallinn FIR,0
2019-10-29,EFIN,Helsinki FIR,6
2019-10-29,EGPX,Scottish FIR,17
2019-10-29,EGTT,London FIR,206
2019-10-29,EHAA,Amsterdam FIR,51
2019-10-29,EISN,Shannon FIR,24
2019-10-29,EKDK,Copenhagen FIR,10
2019-10-29,ENOR,Polaris FIR,10
2019-10-29,EPWW,Warszawa FIR,20
2019-10-29,ESAA,Sweden FIR,12
2019-10-29,EVRR,Riga FIR,0
2019-10-29,EYVL,Vilnius FIR,7
2019-10-29,GCCC,Canarias FIR,115
2019-10-29,GMMM,Casablanca FIR,0
2019-10-29,LAAA,Tirana FIR,7
2019-10-29,LBSR,Sofia FIR,11
2019-10-29,LDZO,Zagreb FIR,6
2019-10-29,LECB,Barcelona FIR,107
2019-10-29,LECM,Madrid FIR,67
2019-10-29,LFBB,Bordeaux FIR,5
2019-10-29,LFEE,Reims FIR,17
2019-10-29,LFFF,Paris FIR,114
2019-10-29,LFMM,Marseille FIR,24
2019-10-29,LFRR,Brest FIR,1
2019-10-29,LGGG,Athinai FIR,100
2019-10-29,LHCC,Budapest FIR,17
2019-10-29,LIBB,Brindisi FIR,16
2019-10-29,LIMM,Milano FIR,135
2019-10-29,LIRR,Roma FIR,136
2019-10-29,LJLA,Ljubljana FIR,0
2019-10-29,LKAA,Praha FIR,11
2019-10-29,LMMM,Malta FIR,22
2019-10-29,LOVV,Wien FIR,30
2019-10-29,LPPC,Lisboa FIR,70
2019-10-29,LPPO,Santa Maria FIR,1
2019-10-29,LQSB,Sarajevo FIR,3
2019-10-29,LRBB,Bucarest FIR,47
2019-10-29,LSAS,Switzerland FIR,49
2019-10-29,LUUU,Chisinau FIR,4
2019-10-29,LWSS,Skopje FIR,1
2019-10-29,LYBA,Beograd FIR,7
2019-10-29,LZBB,Bratislava  FIR,1
2019-10-29,UKBV,Kiev FIR,7
2019-10-29,UKDV,Dnipro FIR,1
2019-10-29,UKLV,Lvov FIR,0
2019-10-29,UKOV,Odessa FIR,0
2019-10-29,ULLL,Sankt-Peterburg FIR,0
2019-10-29,UMMV,Minsk FIR,0
2019-10-29,UNNT,Novosibirsk FIR,0
2019-10-29,USSV,Yekaterinburg FIR,0
2019-10-29,UUWV,Moscow FIR,20
2019-10-30,BIRD,Reykjavik FIR,19
2019-10-30,EBBU,Brussels FIR,50
2019-10-30,EDGG,Langen FIR,147
2019-10-30,EDMM,Munchen FIR,66
2019-10-30,EDWW,Bremen FIR,26
2019-10-30,EETT,Tallinn FIR,1
2019-10-30,EFIN,Helsinki FIR,8
2019-10-30,EGPX,Scottish FIR,16
2019-10-30,EGTT,London FIR,238
2019-10-30,EHAA,Amsterdam FIR,59
2019-10-30,EISN,Shannon FIR,29
2019-10-30,EKDK,Copenhagen FIR,12
2019-10-30,ENOR,Polaris FIR,9
2019-10-30,EPWW,Warszawa FIR,16
2019-10-30,ESAA,Sweden FIR,9
2019-10-30,EVRR,Riga FIR,0
2019-10-30,EYVL,Vilnius FIR,2
2019-10-30,GCCC,Canarias FIR,141
2019-10-30,GMMM,Casablanca FIR,0
2019-10-30,LAAA,Tirana FIR,6
2019-10-30,LBSR,Sofia FIR,10
2019-10-30,LDZO,Zagreb FIR,9
2019-10-30,LECB,Barcelona FIR,105
2019-10-30,LECM,Madrid FIR,164
2019-10-30,LFBB,Bordeaux FIR,13
2019-10-30,LFEE,Reims FIR,29
2019-10-30,LFFF,Paris FIR,140
2019-10-30,LFMM,Marseille FIR,20
2019-10-30,LFRR,Brest FIR,5
2019-10-30,LGGG,Athinai FIR,73
2019-10-30,LHCC,Budapest FIR,16
2019-10-30,LIBB,Brindisi FIR,6
2019-10-30,LIMM,Milano FIR,69
2019-10-30,LIRR,Roma FIR,73
2019-10-30,LJLA,Ljubljana FIR,3
2019-10-30,LKAA,Praha FIR,10
2019-10-30,LMMM,Malta FIR,7
2019-10-30,LOVV,Wien FIR,41
2019-10-30,LPPC,Lisboa FIR,119
2019-10-30,LPPO,Santa Maria FIR,12
2019-10-30,LQSB,Sarajevo FIR,1
2019-10-30,LRBB,Bucarest FIR,26
2019-10-30,LSAS,Switzerland FIR,49
2019-10-30,LUUU,Chisinau FIR,0
2019-10-30,LWSS,Skopje FIR,1
2019-10-30,LYBA,Beograd FIR,6
2019-10-30,LZBB,Bratislava  FIR,2
2019-10-30,UKBV,Kiev FIR,2
2019-10-30,UKDV,Dnipro FIR,1
2019-10-30,UKLV,Lvov FIR,0
2019-10-30,UKOV,Odessa FIR,0
2019-10-30,ULLL,Sankt-Peterburg FIR,0
2019-10-30,UMKK,Kaliningrad FIR,0
2019-10-30,UMMV,Minsk FIR,0
2019-10-30,UNNT,Novosibirsk FIR,0
2019-10-30,URRV,Rostov-Na-Donu FIR,0
2019-10-30,USSV,Yekaterinburg FIR,0
2019-10-30,UUWV,Moscow FIR,11
2019-10-30,UWWW,Samara FIR,0
2019-10-31,BIRD,Reykjavik FIR,19
2019-10-31,EBBU,Brussels FIR,22
2019-10-31,EDGG,Langen FIR,78
2019-10-31,EDMM,Munchen FIR,36
2019-10-31,EDWW,Bremen FIR,15
2019-10-31,EETT,Tallinn FIR,1
2019-10-31,EFIN,Helsinki FIR,9
2019-10-31,EGPX,Scottish FIR,17
2019-10-31,EGTT,London FIR,226
2019-10-31,EHAA,Amsterdam FIR,43
2019-10-31,EISN,Shannon FIR,28
2019-10-31,EKDK,Copenhagen FIR,10
2019-10-31,ENOB,Bodo Oceanic FIR,0
2019-10-31,ENOR,Polaris FIR,9
2019-10-31,EPWW,Warszawa FIR,13
2019-10-31,ESAA,Sweden FIR,8
2019-10-31,EVRR,Riga FIR,2
2019-10-31,EYVL,Vilnius FIR,1
2019-10-31,GCCC,Canarias FIR,141
2019-10-31,GMMM,Casablanca FIR,0
2019-10-31,LAAA,Tirana FIR,1
2019-10-31,LBSR,Sofia FIR,2
2019-10-31,LDZO,Zagreb FIR,2
2019-10-31,LECB,Barcelona FIR,52
2019-10-31,LECM,Madrid FIR,94
2019-10-31,LFBB,Bordeaux FIR,1
2019-10-31,LFEE,Reims FIR,3
2019-10-31,LFFF,Paris FIR,86
2019-10-31,LFMM,Marseille FIR,6
2019-10-31,LFRR,Brest FIR,2
2019-10-31,LGGG,Athinai FIR,21
2019-10-31,LHCC,Budapest FIR,2
2019-10-31,LIBB,Brindisi FIR,1
2019-10-31,LIMM,Milano FIR,24
2019-10-31,LIRR,Roma FIR,39
2019-10-31,LJLA,Ljubljana FIR,0
2019-10-31,LKAA,Praha FIR,3
2019-10-31,LMMM,Malta FIR,14
2019-10-31,LOVV,Wien FIR,12
2019-10-31,LPPC,Lisboa FIR,115
2019-10-31,LPPO,Santa Maria FIR,5
2019-10-31,LQSB,Sarajevo FIR,0
2019-10-31,LRBB,Bucarest FIR,6
2019-10-31,LSAS,Switzerland FIR,28
2019-10-31,LUUU,Chisinau FIR,0
2019-10-31,LWSS,Skopje FIR,0
2019-10-31,LYBA,Beograd FIR,1
2019-10-31,LZBB,Bratislava  FIR,1
2019-10-31,UKBV,Kiev FIR,1
2019-10-31,UKDV,Dnipro FIR,0
2019-10-31,UKLV,Lvov FIR,0
2019-10-31,UKOV,Odessa FIR,0
2019-10-31,ULLL,Sankt-Peterburg FIR,1
2019-10-31,UMMV,Minsk FIR,0
2019-10-31,UNKL,Krasnoyarsk FIR,0
2019-10-31,UNNT,Novosibirsk FIR,2
2019-10-31,URRV,Rostov-Na-Donu FIR,0
2019-10-31,USSV,Yekaterinburg FIR,0
2019-10-31,UUWV,Moscow FIR,7
2019-11-01,BIRD,Reykjavik FIR,20
2019-11-01,EBBU,Brussels FIR,98
2019-11-01,EDGG,Langen FIR,260
2019-11-01,EDMM,Munchen FIR,91
2019-11-01,EDWW,Bremen FIR,67
2019-11-01,EETT,Tallinn FIR,2
2019-11-01,EFIN,Helsinki FIR,42
2019-11-01,EGPX,Scottish FIR,47
2019-11-01,EGTT,London FIR,490
2019-11-01,EHAA,Amsterdam FIR,147
2019-11-01,EISN,Shannon FIR,43
2019-11-01,EKDK,Copenhagen FIR,71
2019-11-01,ENOB,Bodo Oceanic FIR,0
2019-11-01,ENOR,Polaris FIR,50
2019-11-01,EPWW,Warszawa FIR,63
2019-11-01,ESAA,Sweden FIR,66
2019-11-01,EVRR,Riga FIR,11
2019-11-01,EYVL,Vilnius FIR,11
2019-11-01,GCCC,Canarias FIR,64
2019-11-01,GMMM,Casablanca FIR,0
2019-11-01,LAAA,Tirana FIR,3
2019-11-01,LBSR,Sofia FIR,20
2019-11-01,LDZO,Zagreb FIR,7
2019-11-01,LECB,Barcelona FIR,278
2019-11-01,LECM,Madrid FIR,216
2019-11-01,LFBB,Bordeaux FIR,18
2019-11-01,LFEE,Reims FIR,27
2019-11-01,LFFF,Paris FIR,228
2019-11-01,LFMM,Marseille FIR,41
2019-11-01,LFRR,Brest FIR,5
2019-11-01,LGGG,Athinai FIR,55
2019-11-01,LHCC,Budapest FIR,37
2019-11-01,LIBB,Brindisi FIR,4
2019-11-01,LIMM,Milano FIR,140
2019-11-01,LIRR,Roma FIR,94
2019-11-01,LJLA,Ljubljana FIR,0
2019-11-01,LKAA,Praha FIR,18
2019-11-01,LMMM,Malta FIR,10
2019-11-01,LOVV,Wien FIR,39
2019-11-01,LPPC,Lisboa FIR,115
2019-11-01,LPPO,Santa Maria FIR,3
2019-11-01,LQSB,Sarajevo FIR,4
2019-11-01,LRBB,Bucarest FIR,32
2019-11-01,LSAS,Switzerland FIR,69
2019-11-01,LUUU,Chisinau FIR,3
2019-11-01,LWSS,Skopje FIR,1
2019-11-01,LYBA,Beograd FIR,6
2019-11-01,LZBB,Bratislava  FIR,3
2019-11-01,UKBV,Kiev FIR,11
2019-11-01,UKDV,Dnipro FIR,0
2019-11-01,UKLV,Lvov FIR,2
2019-11-01,UKOV,Odessa FIR,1
2019-11-01,ULLL,Sankt-Peterburg FIR,10
2019-11-01,UMKK,Kaliningrad FIR,0
2019-11-01,UMMV,Minsk FIR,0
2019-11-01,UNNT,Novosibirsk FIR,1
2019-11-01,URRV,Rostov-Na-Donu FIR,0
2019-11-01,USSV,Yekaterinburg FIR,0
2019-11-01,UUWV,Moscow FIR,58
2019-11-01,UWWW,Samara FIR,0
2019-11-02,BIRD,Reykjavik FIR,21
2019-11-02,EBBU,Brussels FIR,67
2019-11-02,EDGG,Langen FIR,268
2019-11-02,EDMM,Munchen FIR,116
2019-11-02,EDWW,Bremen FIR,69
2019-11-02,EETT,Tallinn FIR,4
2019-11-02,EFIN,Helsinki FIR,47
2019-11-02,EGPX,Scottish FIR,23
2019-11-02,EGTT,London FIR,304
2019-11-02,EHAA,Amsterdam FIR,87
2019-11-02,EISN,Shannon FIR,21
2019-11-02,EKDK,Copenhagen FIR,36
2019-11-02,ENOR,Polaris FIR,36
2019-11-02,EPWW,Warszawa FIR,55
2019-11-02,ESAA,Sweden FIR,52
2019-11-02,EVRR,Riga FIR,17
2019-11-02,EYVL,Vilnius FIR,15
2019-11-02,GCCC,Canarias FIR,66
2019-11-02,GMMM,Casablanca FIR,0
2019-11-02,LAAA,Tirana FIR,5
2019-11-02,LBSR,Sofia FIR,22
2019-11-02,LDZO,Zagreb FIR,9
2019-11-02,LECB,Barcelona FIR,82
2019-11-02,LECM,Madrid FIR,93
2019-11-02,LFBB,Bordeaux FIR,8
2019-11-02,LFEE,Reims FIR,31
2019-11-02,LFFF,Paris FIR,145
2019-11-02,LFMM,Marseille FIR,21
2019-11-02,LFRR,Brest FIR,5
2019-11-02,LGGG,Athinai FIR,111
2019-11-02,LHCC,Budapest FIR,36
2019-11-02,LIBB,Brindisi FIR,6
2019-11-02,LIMM,Milano FIR,92
2019-11-02,LIRR,Roma FIR,132
2019-11-02,LJLA,Ljubljana FIR,1
2019-11-02,LKAA,Praha FIR,39
2019-11-02,LMMM,Malta FIR,22
2019-11-02,LOVV,Wien FIR,51
2019-11-02,LPPC,Lisboa FIR,45
2019-11-02,LPPO,Santa Maria FIR,5
2019-11-02,LQSB,Sarajevo FIR,3
2019-11-02,LRBB,Bucarest FIR,68
2019-11-02,LSAS,Switzerland FIR,68
2019-11-02,LUUU,Chisinau FIR,5
2019-11-02,LWSS,Skopje FIR,2
2019-11-02,LYBA,Beograd FIR,11
2019-11-02,LZBB,Bratislava  FIR,3
2019-11-02,UKBV,Kiev FIR,22
2019-11-02,UKDV,Dnipro FIR,2
2019-11-02,UKLV,Lvov FIR,2
2019-11-02,UKOV,Odessa FIR,2
2019-11-02,ULLL,Sankt-Peterburg FIR,27
2019-11-02,UMMV,Minsk FIR,0
2019-11-02,UNNT,Novosibirsk FIR,2
2019-11-02,URRV,Rostov-Na-Donu FIR,0
2019-11-02,USSV,Yekaterinburg FIR,0
2019-11-02,UUWV,Moscow FIR,117
2019-11-03,BIRD,Reykjavik FIR,24
2019-11-03,EBBU,Brussels FIR,55
2019-11-03,EDGG,Langen FIR,195
2019-11-03,EDMM,Munchen FIR,81
2019-11-03,EDWW,Bremen FIR,67
2019-11-03,EETT,Tallinn FIR,8
2019-11-03,EFIN,Helsinki FIR,46
2019-11-03,EGPX,Scottish FIR,10
2019-11-03,EGTT,London FIR,217
2019-11-03,EHAA,Amsterdam FIR,81
2019-11-03,EISN,Shannon FIR,11
2019-11-03,EKDK,Copenhagen FIR,51
2019-11-03,ENOB,Bodo Oceanic FIR,0
2019-11-03,ENOR,Polaris FIR,16
2019-11-03,EPWW,Warszawa FIR,104
2019-11-03,ESAA,Sweden FIR,35
2019-11-03,EVRR,Riga FIR,16
2019-11-03,EYVL,Vilnius FIR,20
2019-11-03,GCCC,Canarias FIR,2
2019-11-03,GMMM,Casablanca FIR,0
2019-11-03,LAAA,Tirana FIR,1
2019-11-03,LBSR,Sofia FIR,10
2019-11-03,LDZO,Zagreb FIR,6
2019-11-03,LECB,Barcelona FIR,31
2019-11-03,LECM,Madrid FIR,47
2019-11-03,LFBB,Bordeaux FIR,2
2019-11-03,LFEE,Reims FIR,9
2019-11-03,LFFF,Paris FIR,97
2019-11-03,LFMM,Marseille FIR,15
2019-11-03,LFRR,Brest FIR,1
2019-11-03,LGGG,Athinai FIR,88
2019-11-03,LHCC,Budapest FIR,29
2019-11-03,LIBB,Brindisi FIR,2
2019-11-03,LIMM,Milano FIR,73
2019-11-03,LIRR,Roma FIR,54
2019-11-03,LJLA,Ljubljana FIR,1
2019-11-03,LKAA,Praha FIR,43
2019-11-03,LMMM,Malta FIR,1
2019-11-03,LOVV,Wien FIR,42
2019-11-03,LPPC,Lisboa FIR,14
2019-11-03,LPPO,Santa Maria FIR,0
2019-11-03,LQSB,Sarajevo FIR,0
2019-11-03,LRBB,Bucarest FIR,39
2019-11-03,LSAS,Switzerland FIR,43
2019-11-03,LUUU,Chisinau FIR,3
2019-11-03,LWSS,Skopje FIR,3
2019-11-03,LYBA,Beograd FIR,3
2019-11-03,LZBB,Bratislava  FIR,2
2019-11-03,UKBV,Kiev FIR,23
2019-11-03,UKDV,Dnipro FIR,3
2019-11-03,UKLV,Lvov FIR,3
2019-11-03,UKOV,Odessa FIR,1
2019-11-03,ULLL,Sankt-Peterburg FIR,12
2019-11-03,UMKK,Kaliningrad FIR,0
2019-11-03,UMMV,Minsk FIR,1
2019-11-03,UNKL,Krasnoyarsk FIR,0
2019-11-03,UNNT,Novosibirsk FIR,1
2019-11-03,URRV,Rostov-Na-Donu FIR,0
2019-11-03,USSV,Yekaterinburg FIR,0
2019-11-03,UUWV,Moscow FIR,156
2019-11-03,UWWW,Samara FIR,0
2019-11-04,BIRD,Reykjavik FIR,14
2019-11-04,EBBU,Brussels FIR,16
2019-11-04,EDGG,Langen FIR,84
2019-11-04,EDMM,Munchen FIR,35
2019-11-04,EDWW,Bremen FIR,17
2019-11-04,EETT,Tallinn FIR,3
2019-11-04,EFIN,Helsinki FIR,28
2019-11-04,EGPX,Scottish FIR,6
2019-11-04,EGTT,London FIR,134
2019-11-04,EHAA,Amsterdam FIR,37
2019-11-04,EISN,Shannon FIR,12
2019-11-04,EKDK,Copenhagen FIR,14
2019-11-04,ENOB,Bodo Oceanic FIR,0
2019-11-04,ENOR,Polaris FIR,9
2019-11-04,EPWW,Warszawa FIR,29
2019-11-04,ESAA,Sweden FIR,21
2019-11-04,EVRR,Riga FIR,3
2019-11-04,EYVL,Vilnius FIR,10
2019-11-04,GCCC,Canarias FIR,2
2019-11-04,GMMM,Casablanca FIR,0
2019-11-04,LAAA,Tirana FIR,0
2019-11-04,LBSR,Sofia FIR,4
2019-11-04,LDZO,Zagreb FIR,2
2019-11-04,LECB,Barcelona FIR,15
2019-11-04,LECM,Madrid FIR,35
2019-11-04,LFBB,Bordeaux FIR,0
2019-11-04,LFEE,Reims FIR,4
2019-11-04,LFFF,Paris FIR,60
2019-11-04,LFMM,Marseille FIR,7
2019-11-04,LFRR,Brest FIR,0
2019-11-04,LGGG,Athinai FIR,7
2019-11-04,LHCC,Budapest FIR,11
2019-11-04,LIBB,Brindisi FIR,0
2019-11-04,LIMM,Milano FIR,31
2019-11-04,LIRR,Roma FIR,25
2019-11-04,LJLA,Ljubljana FIR,1
2019-11-04,LKAA,Praha FIR,14
2019-11-04,LMMM,Malta FIR,0
2019-11-04,LOVV,Wien FIR,19
2019-11-04,LPPC,Lisboa FIR,10
2019-11-04,LPPO,Santa Maria FIR,0
2019-11-04,LQSB,Sarajevo FIR,0
2019-11-04,LRBB,Bucarest FIR,11
2019-11-04,LSAS,Switzerland FIR,22
2019-11-04,LUUU,Chisinau FIR,1
2019-11-04,LWSS,Skopje FIR,2
2019-11-04,LYBA,Beograd FIR,0
2019-11-04,LZBB,Bratislava  FIR,2
2019-11-04,UKBV,Kiev FIR,33
2019-11-04,UKDV,Dnipro FIR,3
2019-11-04,UKLV,Lvov FIR,1
2019-11-04,UKOV,Odessa FIR,1
2019-11-04,ULLL,Sankt-Peterburg FIR,12
2019-11-04,UMKK,Kaliningrad FIR,0
2019-11-04,UMMV,Minsk FIR,3
2019-11-04,UNNT,Novosibirsk FIR,1
2019-11-04,URRV,Rostov-Na-Donu FIR,0
2019-11-04,UUWV,Moscow FIR,164
2019-11-04,UWWW,Samara FIR,1
2019-11-05,BIRD,Reykjavik FIR,7
2019-11-05,EBBU,Brussels FIR,12
2019-11-05,EDGG,Langen FIR,43
2019-11-05,EDMM,Munchen FIR,17
2019-11-05,EDWW,Bremen FIR,1
2019-11-05,EETT,Tallinn FIR,0
2019-11-05,EFIN,Helsinki FIR,5
2019-11-05,EGPX,Scottish FIR,1
2019-11-05,EGTT,London FIR,63
2019-11-05,EHAA,Amsterdam FIR,27
2019-11-05,EISN,Shannon FIR,5
2019-11-05,EKDK,Copenhagen FIR,12
2019-11-05,ENOB,Bodo Oceanic FIR,0
2019-11-05,ENOR,Polaris FIR,9
2019-11-05,EPWW,Warszawa FIR,4
2019-11-05,ESAA,Sweden FIR,8
2019-11-05,EVRR,Riga FIR,0
2019-11-05,EYVL,Vilnius FIR,0
2019-11-05,GCCC,Canarias FIR,0
2019-11-05,GMMM,Casablanca FIR,0
2019-11-05,LAAA,Tirana FIR,1
2019-11-05,LBSR,Sofia FIR,1
2019-11-05,LDZO,Zagreb FIR,1
2019-11-05,LECB,Barcelona FIR,7
2019-11-05,LECM,Madrid FIR,25
2019-11-05,LFBB,Bordeaux FIR,0
2019-11-05,LFEE,Reims FIR,0
2019-11-05,LFFF,Paris FIR,39
2019-11-05,LFMM,Marseille FIR,0
2019-11-05,LFRR,Brest FIR,0
2019-11-05,LGGG,Athinai FIR,4
2019-11-05,LHCC,Budapest FIR,2
2019-11-05,LIBB,Brindisi FIR,0
2019-11-05,LIMM,Milano FIR,15
2019-11-05,LIRR,Roma FIR,15
2019-11-05,LJLA,Ljubljana FIR,0
2019-11-05,LKAA,Praha FIR,3
2019-11-05,LMMM,Malta FIR,0
2019-11-05,LOVV,Wien FIR,7
2019-11-05,LPPC,Lisboa FIR,6
2019-11-05,LPPO,Santa Maria FIR,1
2019-11-05,LQSB,Sarajevo FIR,0
2019-11-05,LRBB,Bucarest FIR,2
2019-11-05,LSAS,Switzerland FIR,10
2019-11-05,LUUU,Chisinau FIR,1
2019-11-05,LWSS,Skopje FIR,0
2019-11-05,LYBA,Beograd FIR,0
2019-11-05,LZBB,Bratislava  FIR,0
2019-11-05,UKBV,Kiev FIR,0
2019-11-05,UKDV,Dnipro FIR,0
2019-11-05,UKLV,Lvov FIR,0
2019-11-05,UKOV,Odessa FIR,0
2019-11-05,ULLL,Sankt-Peterburg FIR,1
2019-11-05,UMMV,Minsk FIR,0
2019-11-05,UNKL,Krasnoyarsk FIR,1
2019-11-05,UNNT,Novosibirsk FIR,4
2019-11-05,USSV,Yekaterinburg FIR,1
2019-11-05,UUWV,Moscow FIR,8
2019-11-06,BIRD,Reykjavik FIR,8
2019-11-06,EBBU,Brussels FIR,25
2019-11-06,EDGG,Langen FIR,94
2019-11-06,EDMM,Munchen FIR,33
2019-11-06,EDWW,Bremen FIR,21
2019-11-06,EETT,Tallinn FIR,1
2019-11-06,EFIN,Helsinki FIR,8
2019-11-06,EGPX,Scottish FIR,8
2019-11-06,EGTT,London FIR,118
2019-11-06,EHAA,Amsterdam FIR,43
2019-11-06,EISN,Shannon FIR,5
2019-11-06,EKDK,Copenhagen FIR,14
2019-11-06,ENOR,Polaris FIR,11
2019-11-06,EPWW,Warszawa FIR,17
2019-11-06,ESAA,Sweden FIR,12
2019-11-06,EVRR,Riga FIR,2
2019-11-06,EYVL,Vilnius FIR,1
2019-11-06,GCCC,Canarias FIR,0
2019-11-06,GMMM,Casablanca FIR,0
2019-11-06,LAAA,Tirana FIR,0
2019-11-06,LBSR,Sofia FIR,8
2019-11-06,LDZO,Zagreb FIR,3
2019-11-06,LECB,Barcelona FIR,11
2019-11-06,LECM,Madrid FIR,34
2019-11-06,LFBB,Bordeaux FIR,2
2019-11-06,LFEE,Reims FIR,5
2019-11-06,LFFF,Paris FIR,56
2019-11-06,LFMM,Marseille FIR,7
2019-11-06,LFRR,Brest FIR,0
2019-11-06,LGGG,Athinai FIR,51
2019-11-06,LHCC,Budapest FIR,9
2019-11-06,LIBB,Brindisi FIR,3
2019-11-06,LIMM,Milano FIR,39
2019-11-06,LIRR,Roma FIR,25
2019-11-06,LJLA,Ljubljana FIR,0
2019-11-06,LKAA,Praha FIR,10
2019-11-06,LMMM,Malta FIR,4
2019-11-06,LOVV,Wien FIR,18
2019-11-06,LPPC,Lisboa FIR,8
2019-11-06,LPPO,Santa Maria FIR,0
2019-11-06,LQSB,Sarajevo FIR,0
2019-11-06,LRBB,Bucarest FIR,16
2019-11-06,LSAS,Switzerland FIR,30
2019-11-06,LUUU,Chisinau FIR,1
2019-11-06,LWSS,Skopje FIR,2
2019-11-06,LYBA,Beograd FIR,1
2019-11-06,LZBB,Bratislava  FIR,2
2019-11-06,UKBV,Kiev FIR,1
2019-11-06,UKDV,Dnipro FIR,1
2019-11-06,UKLV,Lvov FIR,0
2019-11-06,UKOV,Odessa FIR,0
2019-11-06,ULLL,Sankt-Peterburg FIR,1
2019-11-06,UMMV,Minsk FIR,0
2019-11-06,UNKL,Krasnoyarsk FIR,1
2019-11-06,UNNT,Novosibirsk FIR,1
2019-11-06,URRV,Rostov-Na-Donu FIR,0
2019-11-06,USSV,Yekaterinburg FIR,0
2019-11-06,UUWV,Moscow FIR,10
2019-11-06,UWWW,Samara FIR,1
2019-11-07,BIRD,Reykjavik FIR,6
2019-11-07,EBBU,Brussels FIR,35
2019-11-07,EDGG,Langen FIR,75
2019-11-07,EDMM,Munchen FIR,26
2019-11-07,EDWW,Bremen FIR,20
2019-11-07,EETT,Tallinn FIR,4
2019-11-07,EFIN,Helsinki FIR,18
2019-11-07,EGPX,Scottish FIR,3
2019-11-07,EGTT,London FIR,139
2019-11-07,EHAA,Amsterdam FIR,52
2019-11-07,EISN,Shannon FIR,5
2019-11-07,EKDK,Copenhagen FIR,18
2019-11-07,ENOB,Bodo Oceanic FIR,0
2019-11-07,ENOR,Polaris FIR,10
2019-11-07,EPWW,Warszawa FIR,22
2019-11-07,ESAA,Sweden FIR,19
2019-11-07,EVRR,Riga FIR,2
2019-11-07,EYVL,Vilnius FIR,5
2019-11-07,GCCC,Canarias FIR,0
2019-11-07,GMMM,Casablanca FIR,0
2019-11-07,LAAA,Tirana FIR,1
2019-11-07,LBSR,Sofia FIR,8
2019-11-07,LDZO,Zagreb FIR,3
2019-11-07,LECB,Barcelona FIR,13
2019-11-07,LECM,Madrid FIR,23
2019-11-07,LFBB,Bordeaux FIR,0
2019-11-07,LFEE,Reims FIR,1
2019-11-07,LFFF,Paris FIR,66
2019-11-07,LFMM,Marseille FIR,6
2019-11-07,LFRR,Brest FIR,0
2019-11-07,LGGG,Athinai FIR,20
2019-11-07,LHCC,Budapest FIR,7
2019-11-07,LIBB,Brindisi FIR,0
2019-11-07,LIMM,Milano FIR,30
2019-11-07,LIRR,Roma FIR,25
2019-11-07,LJLA,Ljubljana FIR,0
2019-11-07,LKAA,Praha FIR,12
2019-11-07,LMMM,Malta FIR,2
2019-11-07,LOVV,Wien FIR,19
2019-11-07,LPPC,Lisboa FIR,11
2019-11-07,LPPO,Santa Maria FIR,0
2019-11-07,LQSB,Sarajevo FIR,0
2019-11-07,LRBB,Bucarest FIR,18
2019-11-07,LSAS,Switzerland FIR,25
2019-11-07,LUUU,Chisinau FIR,1
2019-11-07,LWSS,Skopje FIR,1
2019-11-07,LYBA,Beograd FIR,2
2019-11-07,LZBB,Bratislava  FIR,0
2019-11-07,UKBV,Kiev FIR,2
2019-11-07,UKDV,Dnipro FIR,2
2019-11-07,UKLV,Lvov FIR,0
2019-11-07,UKOV,Odessa FIR,0
2019-11-07,ULLL,Sankt-Peterburg FIR,1
2019-11-07,UMKK,Kaliningrad FIR,0
2019-11-07,UMMV,Minsk FIR,0
2019-11-07,UNNT,Novosibirsk FIR,1
2019-11-07,URRV,Rostov-Na-Donu FIR,0
2019-11-07,USSV,Yekaterinburg FIR,0
2019-11-07,UUWV,Moscow FIR,6
2019-11-08,BIRD,Reykjavik FIR,5
2019-11-08,EBBU,Brussels FIR,13
2019-11-08,EDGG,Langen FIR,56
2019-11-08,EDMM,Munchen FIR,16
2019-11-08,EDWW,Bremen FIR,6
2019-11-08,EETT,Tallinn FIR,0
2019-11-08,EFIN,Helsinki FIR,19
2019-11-08,EGPX,Scottish FIR,1
2019-11-08,EGTT,London FIR,106
2019-11-08,EHAA,Amsterdam FIR,31
2019-11-08,EISN,Shannon FIR,6
2019-11-08,EKDK,Copenhagen FIR,20
2019-11-08,ENOB,Bodo Oceanic FIR,0
2019-11-08,ENOR,Polaris FIR,10
2019-11-08,EPWW,Warszawa FIR,18
2019-11-08,ESAA,Sweden FIR,11
2019-11-08,EVRR,Riga FIR,1
2019-11-08,EYVL,Vilnius FIR,7
2019-11-08,GCCC,Canarias FIR,4
2019-11-08,GMMM,Casablanca FIR,0
2019-11-08,LAAA,Tirana FIR,0
2019-11-08,LBSR,Sofia FIR,0
2019-11-08,LDZO,Zagreb FIR,0
2019-11-08,LECB,Barcelona FIR,10
2019-11-08,LECM,Madrid FIR,38
2019-11-08,LFBB,Bordeaux FIR,0
2019-11-08,LFEE,Reims FIR,0
2019-11-08,LFFF,Paris FIR,49
2019-11-08,LFMM,Marseille FIR,2
2019-11-08,LFRR,Brest FIR,0
2019-11-08,LGGG,Athinai FIR,8
2019-11-08,LHCC,Budapest FIR,6
2019-11-08,LIBB,Brindisi FIR,0
2019-11-08,LIMM,Milano FIR,7
2019-11-08,LIRR,Roma FIR,7
2019-11-08,LJLA,Ljubljana FIR,0
2019-11-08,LKAA,Praha FIR,7
2019-11-08,LMMM,Malta FIR,1
2019-11-08,LOVV,Wien FIR,14
2019-11-08,LPPC,Lisboa FIR,24
2019-11-08,LPPO,Santa Maria FIR,2
2019-11-08,LQSB,Sarajevo FIR,0
2019-11-08,LRBB,Bucarest FIR,6
2019-11-08,LSAS,Switzerland FIR,12
2019-11-08,LUUU,Chisinau FIR,0
2019-11-08,LWSS,Skopje FIR,0
2019-11-08,LYBA,Beograd FIR,0
2019-11-08,LZBB,Bratislava  FIR,2
2019-11-08,UKBV,Kiev FIR,7
2019-11-08,UKDV,Dnipro FIR,1
2019-11-08,UKLV,Lvov FIR,1
2019-11-08,UKOV,Odessa FIR,1
2019-11-08,ULLL,Sankt-Peterburg FIR,0
2019-11-08,UMMV,Minsk FIR,1
2019-11-08,UNKL,Krasnoyarsk FIR,1
2019-11-08,UNNT,Novosibirsk FIR,1
2019-11-08,URRV,Rostov-Na-Donu FIR,0
2019-11-08,USSV,Yekaterinburg FIR,0
2019-11-08,UUWV,Moscow FIR,34
2019-11-08,UWWW,Samara FIR,0
2019-11-09,BIRD,Reykjavik FIR,8
2019-11-09,EBBU,Brussels FIR,28
2019-11-09,EDGG,Langen FIR,99
2019-11-09,EDMM,Munchen FIR,42
2019-11-09,EDWW,Bremen FIR,17
2019-11-09,EETT,Tallinn FIR,3
2019-11-09,EFIN,Helsinki FIR,14
2019-11-09,EGPX,Scottish FIR,12
2019-11-09,EGTT,London FIR,160
2019-11-09,EHAA,Amsterdam FIR,42
2019-11-09,EISN,Shannon FIR,13
2019-11-09,EKDK,Copenhagen FIR,15
2019-11-09,ENOR,Polaris FIR,13
2019-11-09,EPWW,Warszawa FIR,28
2019-11-09,ESAA,Sweden FIR,10
2019-11-09,EVRR,Riga FIR,6
2019-11-09,EYVL,Vilnius FIR,3
2019-11-09,GCCC,Canarias FIR,50
2019-11-09,GMMM,Casablanca FIR,0
2019-11-09,LAAA,Tirana FIR,0
2019-11-09,LBSR,Sofia FIR,3
2019-11-09,LDZO,Zagreb FIR,2
2019-11-09,LECB,Barcelona FIR,18
2019-11-09,LECM,Madrid FIR,47
2019-11-09,LFBB,Bordeaux FIR,1
2019-11-09,LFEE,Reims FIR,3
2019-11-09,LFFF,Paris FIR,67
2019-11-09,LFMM,Marseille FIR,7
2019-11-09,LFRR,Brest FIR,0
2019-11-09,LGGG,Athinai FIR,19
2019-11-09,LHCC,Budapest FIR,8
2019-11-09,LIBB,Brindisi FIR,1
2019-11-09,LIMM,Milano FIR,42
2019-11-09,LIRR,Roma FIR,28
2019-11-09,LJLA,Ljubljana FIR,0
2019-11-09,LKAA,Praha FIR,11
2019-11-09,LMMM,Malta FIR,0
2019-11-09,LOVV,Wien FIR,24
2019-11-09,LPPC,Lisboa FIR,27
2019-11-09,LPPO,Santa Maria FIR,4
2019-11-09,LQSB,Sarajevo FIR,0
2019-11-09,LRBB,Bucarest FIR,15
2019-11-09,LSAS,Switzerland FIR,31
2019-11-09,LUUU,Chisinau FIR,2
2019-11-09,LWSS,Skopje FIR,0
2019-11-09,LYBA,Beograd FIR,0
2019-11-09,LZBB,Bratislava  FIR,1
2019-11-09,UKBV,Kiev FIR,8
2019-11-09,UKDV,Dnipro FIR,1
2019-11-09,UKLV,Lvov FIR,0
2019-11-09,UKOV,Odessa FIR,3
2019-11-09,ULLL,Sankt-Peterburg FIR,6
2019-11-09,UMMV,Minsk FIR,0
2019-11-09,UNNT,Novosibirsk FIR,2
2019-11-09,URRV,Rostov-Na-Donu FIR,0
2019-11-09,USSV,Yekaterinburg FIR,1
2019-11-09,UUWV,Moscow FIR,30
2019-11-10,BIRD,Reykjavik FIR,1
2019-11-10,EBBU,Brussels FIR,23
2019-11-10,EDGG,Langen FIR,86
2019-11-10,EDMM,Munchen FIR,25
2019-11-10,EDWW,Bremen FIR,11
2019-11-10,EETT,Tallinn FIR,5
2019-11-10,EFIN,Helsinki FIR,18
2019-11-10,EGPX,Scottish FIR,7
2019-11-10,EGTT,London FIR,136
2019-11-10,EHAA,Amsterdam FIR,43
2019-11-10,EISN,Shannon FIR,4
2019-11-10,EKDK,Copenhagen FIR,15
2019-11-10,ENOB,Bodo Oceanic FIR,0
2019-11-10,ENOR,Polaris FIR,8
2019-11-10,EPWW,Warszawa FIR,22
2019-11-10,ESAA,Sweden FIR,15
2019-11-10,EVRR,Riga FIR,7
2019-11-10,EYVL,Vilnius FIR,7
2019-11-10,GCCC,Canarias FIR,76
2019-11-10,GMMM,Casablanca FIR,0
2019-11-10,LAAA,Tirana FIR,0
2019-11-10,LBSR,Sofia FIR,4
2019-11-10,LDZO,Zagreb FIR,1
2019-11-10,LECB,Barcelona FIR,25
2019-11-10,LECM,Madrid FIR,42
2019-11-10,LFBB,Bordeaux FIR,0
2019-11-10,LFEE,Reims FIR,0
2019-11-10,LFFF,Paris FIR,69
2019-11-10,LFMM,Marseille FIR,5
2019-11-10,LFRR,Brest FIR,0
2019-11-10,LGGG,Athinai FIR,8
2019-11-10,LHCC,Budapest FIR,11
2019-11-10,LIBB,Brindisi FIR,1
2019-11-10,LIMM,Milano FIR,34
2019-11-10,LIRR,Roma FIR,38
2019-11-10,LJLA,Ljubljana FIR,1
2019-11-10,LKAA,Praha FIR,14
2019-11-10,LMMM,Malta FIR,1
2019-11-10,LOVV,Wien FIR,14
2019-11-10,LPPC,Lisboa FIR,30
2019-11-10,LPPO,Santa Maria FIR,0
2019-11-10,LQSB,Sarajevo FIR,0
2019-11-10,LRBB,Bucarest FIR,3
2019-11-10,LSAS,Switzerland FIR,18
2019-11-10,LUUU,Chisinau FIR,2
2019-11-10,LWSS,Skopje FIR,0
2019-11-10,LYBA,Beograd FIR,0
2019-11-10,LZBB,Bratislava  FIR,2
2019-11-10,UKBV,Kiev FIR,26
2019-11-10,UKDV,Dnipro FIR,4
2019-11-10,UKLV,Lvov FIR,0
2019-11-10,UKOV,Odessa FIR,0
2019-11-10,ULLL,Sankt-Peterburg FIR,2
2019-11-10,UMKK,Kaliningrad FIR,0
2019-11-10,UMMV,Minsk FIR,0
2019-11-10,UNKL,Krasnoyarsk FIR,0
2019-11-10,UNNT,Novosibirsk FIR,1
2019-11-10,URRV,Rostov-Na-Donu FIR,0
2019-11-10,USSV,Yekaterinburg FIR,2
2019-11-10,UUWV,Moscow FIR,137
2019-11-10,UWWW,Samara FIR,1
2019-11-11,BIRD,Reykjavik FIR,9
2019-11-11,EBBU,Brussels FIR,26
2019-11-11,EDGG,Langen FIR,121
2019-11-11,EDMM,Munchen FIR,58
2019-11-11,EDWW,Bremen FIR,11
2019-11-11,EETT,Tallinn FIR,3
2019-11-11,EFIN,Helsinki FIR,34
2019-11-11,EGPX,Scottish FIR,10
2019-11-11,EGTT,London FIR,178
2019-11-11,EHAA,Amsterdam FIR,62
2019-11-11,EISN,Shannon FIR,15
2019-11-11,EKDK,Copenhagen FIR,27
2019-11-11,ENOB,Bodo Oceanic FIR,0
2019-11-11,ENOR,Polaris FIR,16
2019-11-11,EPWW,Warszawa FIR,29
2019-11-11,ESAA,Sweden FIR,39
2019-11-11,EVRR,Riga FIR,6
2019-11-11,EYVL,Vilnius FIR,5
2019-11-11,GCCC,Canarias FIR,31
2019-11-11,GMMM,Casablanca FIR,0
2019-11-11,LAAA,Tirana FIR,4
2019-11-11,LBSR,Sofia FIR,7
2019-11-11,LDZO,Zagreb FIR,0
2019-11-11,LECB,Barcelona FIR,34
2019-11-11,LECM,Madrid FIR,57
2019-11-11,LFBB,Bordeaux FIR,0
2019-11-11,LFEE,Reims FIR,4
2019-11-11,LFFF,Paris FIR,80
2019-11-11,LFMM,Marseille FIR,8
2019-11-11,LFRR,Brest FIR,4
2019-11-11,LGGG,Athinai FIR,37
2019-11-11,LHCC,Budapest FIR,13
2019-11-11,LIBB,Brindisi FIR,3
2019-11-11,LIMM,Milano FIR,63
2019-11-11,LIRR,Roma FIR,62
2019-11-11,LJLA,Ljubljana FIR,1
2019-11-11,LKAA,Praha FIR,10
2019-11-11,LMMM,Malta FIR,7
2019-11-11,LOVV,Wien FIR,28
2019-11-11,LPPC,Lisboa FIR,36
2019-11-11,LPPO,Santa Maria FIR,0
2019-11-11,LQSB,Sarajevo FIR,0
2019-11-11,LRBB,Bucarest FIR,22
2019-11-11,LSAS,Switzerland FIR,36
2019-11-11,LUUU,Chisinau FIR,0
2019-11-11,LWSS,Skopje FIR,5
2019-11-11,LYBA,Beograd FIR,2
2019-11-11,LZBB,Bratislava  FIR,0
2019-11-11,UKBV,Kiev FIR,3
2019-11-11,UKDV,Dnipro FIR,0
2019-11-11,UKLV,Lvov FIR,0
2019-11-11,UKOV,Odessa FIR,0
2019-11-11,ULLL,Sankt-Peterburg FIR,4
2019-11-11,UMMV,Minsk FIR,0
2019-11-11,UNNT,Novosibirsk FIR,2
2019-11-11,URRV,Rostov-Na-Donu FIR,0
2019-11-11,UUWV,Moscow FIR,25
2019-11-11,UWWW,Samara FIR,3
2019-11-12,BIRD,Reykjavik FIR,8
2019-11-12,EBBU,Brussels FIR,53
2019-11-12,EDGG,Langen FIR,176
2019-11-12,EDMM,Munchen FIR,72
2019-11-12,EDWW,Bremen FIR,47
2019-11-12,EETT,Tallinn FIR,5
2019-11-12,EFIN,Helsinki FIR,18
2019-11-12,EGPX,Scottish FIR,7
2019-11-12,EGTT,London FIR,210
2019-11-12,EHAA,Amsterdam FIR,64
2019-11-12,EISN,Shannon FIR,11
2019-11-12,EKDK,Copenhagen FIR,27
2019-11-12,ENOB,Bodo Oceanic FIR,0
2019-11-12,ENOR,Polaris FIR,8
2019-11-12,EPWW,Warszawa FIR,44
2019-11-12,ESAA,Sweden FIR,25
2019-11-12,EVRR,Riga FIR,6
2019-11-12,EYVL,Vilnius FIR,15
2019-11-12,GCCC,Canarias FIR,5
2019-11-12,GMMM,Casablanca FIR,0
2019-11-12,LAAA,Tirana FIR,3
2019-11-12,LBSR,Sofia FIR,17
2019-11-12,LDZO,Zagreb FIR,4
2019-11-12,LECB,Barcelona FIR,26
2019-11-12,LECM,Madrid FIR,55
2019-11-12,LFBB,Bordeaux FIR,1
2019-11-12,LFEE,Reims FIR,13
2019-11-12,LFFF,Paris FIR,94
2019-11-12,LFMM,Marseille FIR,11
2019-11-12,LFRR,Brest FIR,1
2019-11-12,LGGG,Athinai FIR,40
2019-11-12,LHCC,Budapest FIR,31
2019-11-12,LIBB,Brindisi FIR,4
2019-11-12,LIMM,Milano FIR,68
2019-11-12,LIRR,Roma FIR,42
2019-11-12,LJLA,Ljubljana FIR,1
2019-11-12,LKAA,Praha FIR,22
2019-11-12,LMMM,Malta FIR,0
2019-11-12,LOVV,Wien FIR,35
2019-11-12,LPPC,Lisboa FIR,20
2019-11-12,LPPO,Santa Maria FIR,0
2019-11-12,LQSB,Sarajevo FIR,6
2019-11-12,LRBB,Bucarest FIR,62
2019-11-12,LSAS,Switzerland FIR,34
2019-11-12,LUUU,Chisinau FIR,7
2019-11-12,LWSS,Skopje FIR,3
2019-11-12,LYBA,Beograd FIR,10
2019-11-12,LZBB,Bratislava  FIR,2
2019-11-12,UKBV,Kiev FIR,14
2019-11-12,UKDV,Dnipro FIR,1
2019-11-12,UKLV,Lvov FIR,0
2019-11-12,UKOV,Odessa FIR,2
2019-11-12,ULLL,Sankt-Peterburg FIR,4
2019-11-12,UMKK,Kaliningrad FIR,0
2019-11-12,UMMV,Minsk FIR,2
2019-11-12,UNKL,Krasnoyarsk FIR,0
2019-11-12,UNNT,Novosibirsk FIR,3
2019-11-12,USSV,Yekaterinburg FIR,1
2019-11-12,UUWV,Moscow FIR,70
2019-11-13,BIRD,Reykjavik FIR,2
2019-11-13,EBBU,Brussels FIR,30
2019-11-13,EDGG,Langen FIR,135
2019-11-13,EDMM,Munchen FIR,64
2019-11-13,EDWW,Bremen FIR,31
2019-11-13,EETT,Tallinn FIR,7
2019-11-13,EFIN,Helsinki FIR,47
2019-11-13,EGPX,Scottish FIR,9
2019-11-13,EGTT,London FIR,210
2019-11-13,EHAA,Amsterdam FIR,57
2019-11-13,EISN,Shannon FIR,15
2019-11-13,EKDK,Copenhagen FIR,23
2019-11-13,ENOR,Polaris FIR,15
2019-11-13,EPWW,Warszawa FIR,38
2019-11-13,ESAA,Sweden FIR,25
2019-11-13,EVRR,Riga FIR,8
2019-11-13,EYVL,Vilnius FIR,11
2019-11-13,GCCC,Canarias FIR,13
2019-11-13,GMMM,Casablanca FIR,0
2019-11-13,LAAA,Tirana FIR,0
2019-11-13,LBSR,Sofia FIR,6
2019-11-13,LDZO,Zagreb FIR,4
2019-11-13,LECB,Barcelona FIR,20
2019-11-13,LECM,Madrid FIR,53
2019-11-13,LFBB,Bordeaux FIR,0
2019-11-13,LFEE,Reims FIR,6
2019-11-13,LFFF,Paris FIR,97
2019-11-13,LFMM,Marseille FIR,6
2019-11-13,LFRR,Brest FIR,0
2019-11-13,LGGG,Athinai FIR,26
2019-11-13,LHCC,Budapest FIR,18
2019-11-13,LIBB,Brindisi FIR,3
2019-11-13,LIMM,Milano FIR,54
2019-11-13,LIRR,Roma FIR,34
2019-11-13,LJLA,Ljubljana FIR,1
2019-11-13,LKAA,Praha FIR,26
2019-11-13,LMMM,Malta FIR,1
2019-11-13,LOVV,Wien FIR,37
2019-11-13,LPPC,Lisboa FIR,19
2019-11-13,LPPO,Santa Maria FIR,0
2019-11-13,LQSB,Sarajevo FIR,0
2019-11-13,LRBB,Bucarest FIR,26
2019-11-13,LSAS,Switzerland FIR,37
2019-11-13,LUUU,Chisinau FIR,3
2019-11-13,LWSS,Skopje FIR,2
2019-11-13,LYBA,Beograd FIR,0
2019-11-13,LZBB,Bratislava  FIR,2
2019-11-13,UKBV,Kiev FIR,18
2019-11-13,UKDV,Dnipro FIR,0
2019-11-13,UKLV,Lvov FIR,3
2019-11-13,UKOV,Odessa FIR,2
2019-11-13,ULLL,Sankt-Peterburg FIR,17
2019-11-13,UMKK,Kaliningrad FIR,0
2019-11-13,UMMV,Minsk FIR,3
2019-11-13,UNKL,Krasnoyarsk FIR,1
2019-11-13,UNNT,Novosibirsk FIR,1
2019-11-13,USSV,Yekaterinburg FIR,2
2019-11-13,USTV,Tyumen FIR,1
2019-11-13,UUWV,Moscow FIR,129
2019-11-13,UWWW,Samara FIR,1
2019-11-14,BIRD,Reykjavik FIR,4
2019-11-14,EBBU,Brussels FIR,26
2019-11-14,EDGG,Langen FIR,86
2019-11-14,EDMM,Munchen FIR,29
2019-11-14,EDWW,Bremen FIR,10
2019-11-14,EETT,Tallinn FIR,3
2019-11-14,EFIN,Helsinki FIR,16
2019-11-14,EGPX,Scottish FIR,3
2019-11-14,EGTT,London FIR,138
2019-11-14,EHAA,Amsterdam FIR,34
2019-11-14,EISN,Shannon FIR,13
2019-11-14,EKDK,Copenhagen FIR,9
2019-11-14,ENOR,Polaris FIR,4
2019-11-14,EPWW,Warszawa FIR,20
2019-11-14,ESAA,Sweden FIR,7
2019-11-14,EVRR,Riga FIR,5
2019-11-14,EYVL,Vilnius FIR,6
2019-11-14,GCCC,Canarias FIR,39
2019-11-14,GMMM,Casablanca FIR,0
2019-11-14,LAAA,Tirana FIR,0
2019-11-14,LBSR,Sofia FIR,5
2019-11-14,LDZO,Zagreb FIR,1
2019-11-14,LECB,Barcelona FIR,21
2019-11-14,LECM,Madrid FIR,38
2019-11-14,LFBB,Bordeaux FIR,1
2019-11-14,LFEE,Reims FIR,2
2019-11-14,LFFF,Paris FIR,67
2019-11-14,LFMM,Marseille FIR,3
2019-11-14,LFRR,Brest FIR,0
2019-11-14,LGGG,Athinai FIR,17
2019-11-14,LHCC,Budapest FIR,8
2019-11-14,LIBB,Brindisi FIR,0
2019-11-14,LIMM,Milano FIR,22
2019-11-14,LIRR,Roma FIR,26
2019-11-14,LJLA,Ljubljana FIR,1
2019-11-14,LKAA,Praha FIR,13
2019-11-14,LMMM,Malta FIR,0
2019-11-14,LOVV,Wien FIR,16
2019-11-14,LPPC,Lisboa FIR,16
2019-11-14,LPPO,Santa Maria FIR,0
2019-11-14,LQSB,Sarajevo FIR,0
2019-11-14,LRBB,Bucarest FIR,20
2019-11-14,LSAS,Switzerland FIR,20
2019-11-14,LUUU,Chisinau FIR,5
2019-11-14,LWSS,Skopje FIR,0
2019-11-14,LYBA,Beograd FIR,0
2019-11-14,LZBB,Bratislava  FIR,1
2019-11-14,UKBV,Kiev FIR,19
2019-11-14,UKDV,Dnipro FIR,0
2019-11-14,UKLV,Lvov FIR,0
2019-11-14,UKOV,Odessa FIR,0
2019-11-14,ULLL,Sankt-Peterburg FIR,1
2019-11-14,UMMV,Minsk FIR,0
2019-11-14,UNNT,Novosibirsk FIR,3
2019-11-14,URRV,Rostov-Na-Donu FIR,0
2019-11-14,USSV,Yekaterinburg FIR,1
2019-11-14,UUWV,Moscow FIR,30
2019-11-15,BIRD,Reykjavik FIR,6
2019-11-15,EBBU,Brussels FIR,36
2019-11-15,EDGG,Langen FIR,165
2019-11-15,EDMM,Munchen FIR,76
2019-11-15,EDWW,Bremen FIR,39
2019-11-15,EETT,Tallinn FIR,7
2019-11-15,EFIN,Helsinki FIR,48
2019-11-15,EGPX,Scottish FIR,3
2019-11-15,EGTT,London FIR,257
2019-11-15,EHAA,Amsterdam FIR,67
2019-11-15,EISN,Shannon FIR,28
2019-11-15,EKDK,Copenhagen FIR,38
2019-11-15,ENOB,Bodo Oceanic FIR,0
2019-11-15,ENOR,Polaris FIR,26
2019-11-15,EPWW,Warszawa FIR,58
2019-11-15,ESAA,Sweden FIR,44
2019-11-15,EVRR,Riga FIR,16
2019-11-15,EYVL,Vilnius FIR,9
2019-11-15,GCCC,Canarias FIR,4
2019-11-15,GMMM,Casablanca FIR,0
2019-11-15,LAAA,Tirana FIR,5
2019-11-15,LBSR,Sofia FIR,14
2019-11-15,LDZO,Zagreb FIR,2
2019-11-15,LECB,Barcelona FIR,25
2019-11-15,LECM,Madrid FIR,43
2019-11-15,LFBB,Bordeaux FIR,0
2019-11-15,LFEE,Reims FIR,8
2019-11-15,LFFF,Paris FIR,106
2019-11-15,LFMM,Marseille FIR,6
2019-11-15,LFRR,Brest FIR,0
2019-11-15,LGGG,Athinai FIR,38
2019-11-15,LHCC,Budapest FIR,14
2019-11-15,LIBB,Brindisi FIR,2
2019-11-15,LIMM,Milano FIR,52
2019-11-15,LIRR,Roma FIR,38
2019-11-15,LJLA,Ljubljana FIR,2
2019-11-15,LKAA,Praha FIR,15
2019-11-15,LMMM,Malta FIR,3
2019-11-15,LOVV,Wien FIR,35
2019-11-15,LPPC,Lisboa FIR,19
2019-11-15,LPPO,Santa Maria FIR,0
2019-11-15,LQSB,Sarajevo FIR,0
2019-11-15,LRBB,Bucarest FIR,22
2019-11-15,LSAS,Switzerland FIR,35
2019-11-15,LUUU,Chisinau FIR,0
2019-11-15,LWSS,Skopje FIR,2
2019-11-15,LYBA,Beograd FIR,4
2019-11-15,LZBB,Bratislava  FIR,3
2019-11-15,UKBV,Kiev FIR,10
2019-11-15,UKDV,Dnipro FIR,1
2019-11-15,UKLV,Lvov FIR,1
2019-11-15,UKOV,Odessa FIR,0
2019-11-15,ULLL,Sankt-Peterburg FIR,12
2019-11-15,UMKK,Kaliningrad FIR,0
2019-11-15,UMMV,Minsk FIR,1
2019-11-15,UNNT,Novosibirsk FIR,2
2019-11-15,URRV,Rostov-Na-Donu FIR,0
2019-11-15,USSV,Yekaterinburg FIR,2
2019-11-15,UUWV,Moscow FIR,152
2019-11-15,UWWW,Samara FIR,1
2019-11-16,BIRD,Reykjavik FIR,6
2019-11-16,EBBU,Brussels FIR,39
2019-11-16,EDGG,Langen FIR,150
2019-11-16,EDMM,Munchen FIR,61
2019-11-16,EDWW,Bremen FIR,34
2019-11-16,EETT,Tallinn FIR,5
2019-11-16,EFIN,Helsinki FIR,32
2019-11-16,EGPX,Scottish FIR,27
2019-11-16,EGTT,London FIR,200
2019-11-16,EHAA,Amsterdam FIR,68
2019-11-16,EISN,Shannon FIR,10
2019-11-16,EKDK,Copenhagen FIR,22
2019-11-16,ENOR,Polaris FIR,10
2019-11-16,EPWW,Warszawa FIR,38
2019-11-16,ESAA,Sweden FIR,22
2019-11-16,EVRR,Riga FIR,13
2019-11-16,EYVL,Vilnius FIR,15
2019-11-16,GCCC,Canarias FIR,14
2019-11-16,GMMM,Casablanca FIR,0
2019-11-16,LAAA,Tirana FIR,0
2019-11-16,LBSR,Sofia FIR,6
2019-11-16,LDZO,Zagreb FIR,4
2019-11-16,LECB,Barcelona FIR,26
2019-11-16,LECM,Madrid FIR,37
2019-11-16,LFBB,Bordeaux FIR,2
2019-11-16,LFEE,Reims FIR,9
2019-11-16,LFFF,Paris FIR,99
2019-11-16,LFMM,Marseille FIR,12
2019-11-16,LFRR,Brest FIR,3
2019-11-16,LGGG,Athinai FIR,21
2019-11-16,LHCC,Budapest FIR,16
2019-11-16,LIBB,Brindisi FIR,2
2019-11-16,LIMM,Milano FIR,58
2019-11-16,LIRR,Roma FIR,51
2019-11-16,LJLA,Ljubljana FIR,1
2019-11-16,LKAA,Praha FIR,20
2019-11-16,LMMM,Malta FIR,4
2019-11-16,LOVV,Wien FIR,34
2019-11-16,LPPC,Lisboa FIR,10
2019-11-16,LPPO,Santa Maria FIR,0
2019-11-16,LQSB,Sarajevo FIR,0
2019-11-16,LRBB,Bucarest FIR,20
2019-11-16,LSAS,Switzerland FIR,48
2019-11-16,LUUU,Chisinau FIR,5
2019-11-16,LWSS,Skopje FIR,0
2019-11-16,LYBA,Beograd FIR,0
2019-11-16,LZBB,Bratislava  FIR,2
2019-11-16,UKBV,Kiev FIR,13
2019-11-16,UKDV,Dnipro FIR,1
2019-11-16,UKLV,Lvov FIR,0
2019-11-16,UKOV,Odessa FIR,4
2019-11-16,ULLL,Sankt-Peterburg FIR,3
2019-11-16,ULMM,Murmansk FIR,0
2019-11-16,UMMV,Minsk FIR,0
2019-11-16,UNNT,Novosibirsk FIR,2
2019-11-16,URRV,Rostov-Na-Donu FIR,0
2019-11-16,USSV,Yekaterinburg FIR,2
2019-11-16,UUWV,Moscow FIR,80
2019-11-17,BIRD,Reykjavik FIR,9
2019-11-17,EBBU,Brussels FIR,61
2019-11-17,EDGG,Langen FIR,187
2019-11-17,EDMM,Munchen FIR,81
2019-11-17,EDWW,Bremen FIR,93
2019-11-17,EETT,Tallinn FIR,12
2019-11-17,EFIN,Helsinki FIR,51
2019-11-17,EGPX,Scottish FIR,13
2019-11-17,EGTT,London FIR,272
2019-11-17,EHAA,Amsterdam FIR,84
2019-11-17,EISN,Shannon FIR,19
2019-11-17,EKDK,Copenhagen FIR,54
2019-11-17,ENOR,Polaris FIR,34
2019-11-17,EPWW,Warszawa FIR,131
2019-11-17,ESAA,Sweden FIR,59
2019-11-17,EVRR,Riga FIR,31
2019-11-17,EYVL,Vilnius FIR,16
2019-11-17,GCCC,Canarias FIR,9
2019-11-17,GMMM,Casablanca FIR,0
2019-11-17,LAAA,Tirana FIR,0
2019-11-17,LBSR,Sofia FIR,15
2019-11-17,LDZO,Zagreb FIR,4
2019-11-17,LECB,Barcelona FIR,22
2019-11-17,LECM,Madrid FIR,42
2019-11-17,LFBB,Bordeaux FIR,0
2019-11-17,LFEE,Reims FIR,10
2019-11-17,LFFF,Paris FIR,89
2019-11-17,LFMM,Marseille FIR,13
2019-11-17,LFRR,Brest FIR,0
2019-11-17,LGGG,Athinai FIR,39
2019-11-17,LHCC,Budapest FIR,41
2019-11-17,LIBB,Brindisi FIR,2
2019-11-17,LIMM,Milano FIR,72
2019-11-17,LIRR,Roma FIR,39
2019-11-17,LJLA,Ljubljana FIR,1
2019-11-17,LKAA,Praha FIR,39
2019-11-17,LMMM,Malta FIR,1
2019-11-17,LOVV,Wien FIR,46
2019-11-17,LPPC,Lisboa FIR,16
2019-11-17,LPPO,Santa Maria FIR,0
2019-11-17,LQSB,Sarajevo FIR,0
2019-11-17,LRBB,Bucarest FIR,56
2019-11-17,LSAS,Switzerland FIR,31
2019-11-17,LUUU,Chisinau FIR,5
2019-11-17,LWSS,Skopje FIR,1
2019-11-17,LYBA,Beograd FIR,7
2019-11-17,LZBB,Bratislava  FIR,9
2019-11-17,UKBV,Kiev FIR,26
2019-11-17,UKDV,Dnipro FIR,4
2019-11-17,UKLV,Lvov FIR,3
2019-11-17,UKOV,Odessa FIR,3
2019-11-17,ULLL,Sankt-Peterburg FIR,23
2019-11-17,UMKK,Kaliningrad FIR,0
2019-11-17,UMMV,Minsk FIR,0
2019-11-17,UNKL,Krasnoyarsk FIR,1
2019-11-17,UNNT,Novosibirsk FIR,1
2019-11-17,URRV,Rostov-Na-Donu FIR,0
2019-11-17,USSV,Yekaterinburg FIR,2
2019-11-17,UUWV,Moscow FIR,137
2019-11-17,UWWW,Samara FIR,2
2019-11-18,BIRD,Reykjavik FIR,25
2019-11-18,EBBU,Brussels FIR,15
2019-11-18,EDGG,Langen FIR,117
2019-11-18,EDMM,Munchen FIR,43
2019-11-18,EDWW,Bremen FIR,23
2019-11-18,EETT,Tallinn FIR,12
2019-11-18,EFIN,Helsinki FIR,91
2019-11-18,EGPX,Scottish FIR,7
2019-11-18,EGTT,London FIR,193
2019-11-18,EHAA,Amsterdam FIR,63
2019-11-18,EISN,Shannon FIR,29
2019-11-18,EKDK,Copenhagen FIR,36
2019-11-18,ENOB,Bodo Oceanic FIR,1
2019-11-18,ENOR,Polaris FIR,57
2019-11-18,EPWW,Warszawa FIR,54
2019-11-18,ESAA,Sweden FIR,83
2019-11-18,EVRR,Riga FIR,26
2019-11-18,EYVL,Vilnius FIR,14
2019-11-18,GCCC,Canarias FIR,46
2019-11-18,GMMM,Casablanca FIR,0
2019-11-18,LAAA,Tirana FIR,2
2019-11-18,LBSR,Sofia FIR,1
2019-11-18,LDZO,Zagreb FIR,2
2019-11-18,LECB,Barcelona FIR,13
2019-11-18,LECM,Madrid FIR,51
2019-11-18,LFBB,Bordeaux FIR,0
2019-11-18,LFEE,Reims FIR,0
2019-11-18,LFFF,Paris FIR,87
2019-11-18,LFMM,Marseille FIR,2
2019-11-18,LFRR,Brest FIR,0
2019-11-18,LGGG,Athinai FIR,6
2019-11-18,LHCC,Budapest FIR,14
2019-11-18,LIBB,Brindisi FIR,2
2019-11-18,LIMM,Milano FIR,20
2019-11-18,LIRR,Roma FIR,28
2019-11-18,LJLA,Ljubljana FIR,1
2019-11-18,LKAA,Praha FIR,15
2019-11-18,LMMM,Malta FIR,1
2019-11-18,LOVV,Wien FIR,9
2019-11-18,LPPC,Lisboa FIR,29
2019-11-18,LPPO,Santa Maria FIR,1
2019-11-18,LQSB,Sarajevo FIR,0
2019-11-18,LRBB,Bucarest FIR,5
2019-11-18,LSAS,Switzerland FIR,26
2019-11-18,LUUU,Chisinau FIR,0
2019-11-18,LWSS,Skopje FIR,2
2019-11-18,LYBA,Beograd FIR,1
2019-11-18,LZBB,Bratislava  FIR,0
2019-11-18,UKBV,Kiev FIR,9
2019-11-18,UKDV,Dnipro FIR,0
2019-11-18,UKLV,Lvov FIR,0
2019-11-18,UKOV,Odessa FIR,0
2019-11-18,ULLL,Sankt-Peterburg FIR,21
2019-11-18,UMKK,Kaliningrad FIR,0
2019-11-18,UMMV,Minsk FIR,1
2019-11-18,UNNT,Novosibirsk FIR,2
2019-11-18,UUWV,Moscow FIR,152
2019-11-18,UWWW,Samara FIR,1
2019-11-19,BIRD,Reykjavik FIR,13
2019-11-19,EBBU,Brussels FIR,64
2019-11-19,EDGG,Langen FIR,150
2019-11-19,EDMM,Munchen FIR,72
2019-11-19,EDWW,Bremen FIR,38
2019-11-19,EETT,Tallinn FIR,3
2019-11-19,EFIN,Helsinki FIR,32
2019-11-19,EGPX,Scottish FIR,21
2019-11-19,EGTT,London FIR,318
2019-11-19,EHAA,Amsterdam FIR,84
2019-11-19,EISN,Shannon FIR,25
2019-11-19,EKDK,Copenhagen FIR,16
2019-11-19,ENOR,Polaris FIR,30
2019-11-19,EPWW,Warszawa FIR,22
2019-11-19,ESAA,Sweden FIR,19
2019-11-19,EVRR,Riga FIR,4
2019-11-19,EYVL,Vilnius FIR,3
2019-11-19,GCCC,Canarias FIR,108
2019-11-19,GMMM,Casablanca FIR,0
2019-11-19,LAAA,Tirana FIR,5
2019-11-19,LBSR,Sofia FIR,11
2019-11-19,LDZO,Zagreb FIR,7
2019-11-19,LECB,Barcelona FIR,57
2019-11-19,LECM,Madrid FIR,154
2019-11-19,LFBB,Bordeaux FIR,8
2019-11-19,LFEE,Reims FIR,9
2019-11-19,LFFF,Paris FIR,126
2019-11-19,LFMM,Marseille FIR,6
2019-11-19,LFRR,Brest FIR,2
2019-11-19,LGGG,Athinai FIR,36
2019-11-19,LHCC,Budapest FIR,19
2019-11-19,LIBB,Brindisi FIR,5
2019-11-19,LIMM,Milano FIR,60
2019-11-19,LIRR,Roma FIR,45
2019-11-19,LJLA,Ljubljana FIR,1
2019-11-19,LKAA,Praha FIR,18
2019-11-19,LMMM,Malta FIR,0
2019-11-19,LOVV,Wien FIR,31
2019-11-19,LPPC,Lisboa FIR,129
2019-11-19,LPPO,Santa Maria FIR,0
2019-11-19,LQSB,Sarajevo FIR,2
2019-11-19,LRBB,Bucarest FIR,45
2019-11-19,LSAS,Switzerland FIR,39
2019-11-19,LUUU,Chisinau FIR,4
2019-11-19,LWSS,Skopje FIR,3
2019-11-19,LYBA,Beograd FIR,7
2019-11-19,LZBB,Bratislava  FIR,3
2019-11-19,UKBV,Kiev FIR,4
2019-11-19,UKDV,Dnipro FIR,0
2019-11-19,UKLV,Lvov FIR,0
2019-11-19,UKOV,Odessa FIR,0
2019-11-19,ULLL,Sankt-Peterburg FIR,1
2019-11-19,UMKK,Kaliningrad FIR,0
2019-11-19,UMMV,Minsk FIR,0
2019-11-19,UNKL,Krasnoyarsk FIR,1
2019-11-19,UNNT,Novosibirsk FIR,3
2019-11-19,USSV,Yekaterinburg FIR,2
2019-11-19,UUWV,Moscow FIR,97
2019-11-20,BIRD,Reykjavik FIR,4
2019-11-20,EBBU,Brussels FIR,52
2019-11-20,EDGG,Langen FIR,172
2019-11-20,EDMM,Munchen FIR,54
2019-11-20,EDWW,Bremen FIR,36
2019-11-20,EETT,Tallinn FIR,3
2019-11-20,EFIN,Helsinki FIR,47
2019-11-20,EGPX,Scottish FIR,43
2019-11-20,EGTT,London FIR,291
2019-11-20,EHAA,Amsterdam FIR,78
2019-11-20,EISN,Shannon FIR,36
2019-11-20,EKDK,Copenhagen FIR,34
2019-11-20,ENOR,Polaris FIR,25
2019-11-20,EPWW,Warszawa FIR,66
2019-11-20,ESAA,Sweden FIR,35
2019-11-20,EVRR,Riga FIR,8
2019-11-20,EYVL,Vilnius FIR,17
2019-11-20,GCCC,Canarias FIR,33
2019-11-20,GMMM,Casablanca FIR,0
2019-11-20,LAAA,Tirana FIR,0
2019-11-20,LBSR,Sofia FIR,3
2019-11-20,LDZO,Zagreb FIR,1
2019-11-20,LECB,Barcelona FIR,61
2019-11-20,LECM,Madrid FIR,84
2019-11-20,LFBB,Bordeaux FIR,7
2019-11-20,LFEE,Reims FIR,6
2019-11-20,LFFF,Paris FIR,102
2019-11-20,LFMM,Marseille FIR,15
2019-11-20,LFRR,Brest FIR,0
2019-11-20,LGGG,Athinai FIR,15
2019-11-20,LHCC,Budapest FIR,20
2019-11-20,LIBB,Brindisi FIR,2
2019-11-20,LIMM,Milano FIR,49
2019-11-20,LIRR,Roma FIR,40
2019-11-20,LJLA,Ljubljana FIR,2
2019-11-20,LKAA,Praha FIR,23
2019-11-20,LMMM,Malta FIR,4
2019-11-20,LOVV,Wien FIR,29
2019-11-20,LPPC,Lisboa FIR,37
2019-11-20,LPPO,Santa Maria FIR,3
2019-11-20,LQSB,Sarajevo FIR,1
2019-11-20,LRBB,Bucarest FIR,25
2019-11-20,LSAS,Switzerland FIR,35
2019-11-20,LUUU,Chisinau FIR,1
2019-11-20,LWSS,Skopje FIR,2
2019-11-20,LYBA,Beograd FIR,3
2019-11-20,LZBB,Bratislava  FIR,3
2019-11-20,UKBV,Kiev FIR,30
2019-11-20,UKDV,Dnipro FIR,0
2019-11-20,UKLV,Lvov FIR,3
2019-11-20,UKOV,Odessa FIR,1
2019-11-20,ULLL,Sankt-Peterburg FIR,12
2019-11-20,UMKK,Kaliningrad FIR,0
2019-11-20,UMMV,Minsk FIR,2
2019-11-20,UNKL,Krasnoyarsk FIR,0
2019-11-20,UNNT,Novosibirsk FIR,0
2019-11-20,URRV,Rostov-Na-Donu FIR,0
2019-11-20,USSV,Yekaterinburg FIR,2
2019-11-20,UUWV,Moscow FIR,154
2019-11-20,UWWW,Samara FIR,0
2019-11-21,BIRD,Reykjavik FIR,21
2019-11-21,EBBU,Brussels FIR,61
2019-11-21,EDGG,Langen FIR,160
2019-11-21,EDMM,Munchen FIR,81
2019-11-21,EDWW,Bremen FIR,50
2019-11-21,EETT,Tallinn FIR,3
2019-11-21,EFIN,Helsinki FIR,58
2019-11-21,EGPX,Scottish FIR,19
2019-11-21,EGTT,London FIR,228
2019-11-21,EHAA,Amsterdam FIR,94
2019-11-21,EISN,Shannon FIR,15
2019-11-21,EKDK,Copenhagen FIR,47
2019-11-21,ENOR,Polaris FIR,37
2019-11-21,EPWW,Warszawa FIR,47
2019-11-21,ESAA,Sweden FIR,62
2019-11-21,EVRR,Riga FIR,7
2019-11-21,EYVL,Vilnius FIR,6
2019-11-21,GCCC,Canarias FIR,41
2019-11-21,GMMM,Casablanca FIR,0
2019-11-21,LAAA,Tirana FIR,7
2019-11-21,LBSR,Sofia FIR,19
2019-11-21,LDZO,Zagreb FIR,5
2019-11-21,LECB,Barcelona FIR,105
2019-11-21,LECM,Madrid FIR,85
2019-11-21,LFBB,Bordeaux FIR,5
2019-11-21,LFEE,Reims FIR,14
2019-11-21,LFFF,Paris FIR,105
2019-11-21,LFMM,Marseille FIR,26
2019-11-21,LFRR,Brest FIR,1
2019-11-21,LGGG,Athinai FIR,68
2019-11-21,LHCC,Budapest FIR,13
2019-11-21,LIBB,Brindisi FIR,5
2019-11-21,LIMM,Milano FIR,44
2019-11-21,LIRR,Roma FIR,46
2019-11-21,LJLA,Ljubljana FIR,1
2019-11-21,LKAA,Praha FIR,18
2019-11-21,LMMM,Malta FIR,1
2019-11-21,LOVV,Wien FIR,49
2019-11-21,LPPC,Lisboa FIR,28
2019-11-21,LPPO,Santa Maria FIR,3
2019-11-21,LQSB,Sarajevo FIR,0
2019-11-21,LRBB,Bucarest FIR,51
2019-11-21,LSAS,Switzerland FIR,34
2019-11-21,LUUU,Chisinau FIR,3
2019-11-21,LWSS,Skopje FIR,1
2019-11-21,LYBA,Beograd FIR,6
2019-11-21,LZBB,Bratislava  FIR,1
2019-11-21,UKBV,Kiev FIR,6
2019-11-21,UKDV,Dnipro FIR,0
2019-11-21,UKLV,Lvov FIR,0
2019-11-21,UKOV,Odessa FIR,1
2019-11-21,ULLL,Sankt-Peterburg FIR,4
2019-11-21,UMKK,Kaliningrad FIR,0
2019-11-21,UMMV,Minsk FIR,1
2019-11-21,UNKL,Krasnoyarsk FIR,0
2019-11-21,UNNT,Novosibirsk FIR,1
2019-11-21,URRV,Rostov-Na-Donu FIR,0
2019-11-21,USSV,Yekaterinburg FIR,1
2019-11-21,UUWV,Moscow FIR,45
2019-11-21,UWWW,Samara FIR,0
2019-11-22,BIRD,Reykjavik FIR,41
2019-11-22,EBBU,Brussels FIR,56
2019-11-22,EDGG,Langen FIR,225
2019-11-22,EDMM,Munchen FIR,103
2019-11-22,EDWW,Bremen FIR,80
2019-11-22,EETT,Tallinn FIR,10
2019-11-22,EFIN,Helsinki FIR,67
2019-11-22,EGPX,Scottish FIR,12
2019-11-22,EGTT,London FIR,257
2019-11-22,EHAA,Amsterdam FIR,82
2019-11-22,EISN,Shannon FIR,14
2019-11-22,EKDK,Copenhagen FIR,50
2019-11-22,ENOB,Bodo Oceanic FIR,0
2019-11-22,ENOR,Polaris FIR,27
2019-11-22,EPWW,Warszawa FIR,61
2019-11-22,ESAA,Sweden FIR,59
2019-11-22,EVRR,Riga FIR,17
2019-11-22,EYVL,Vilnius FIR,21
2019-11-22,GCCC,Canarias FIR,24
2019-11-22,GMMM,Casablanca FIR,0
2019-11-22,LAAA,Tirana FIR,5
2019-11-22,LBSR,Sofia FIR,11
2019-11-22,LDZO,Zagreb FIR,5
2019-11-22,LECB,Barcelona FIR,74
2019-11-22,LECM,Madrid FIR,56
2019-11-22,LFBB,Bordeaux FIR,4
2019-11-22,LFEE,Reims FIR,3
2019-11-22,LFFF,Paris FIR,135
2019-11-22,LFMM,Marseille FIR,17
2019-11-22,LFRR,Brest FIR,0
2019-11-22,LGGG,Athinai FIR,41
2019-11-22,LHCC,Budapest FIR,25
2019-11-22,LIBB,Brindisi FIR,0
2019-11-22,LIMM,Milano FIR,75
2019-11-22,LIRR,Roma FIR,37
2019-11-22,LJLA,Ljubljana FIR,1
2019-11-22,LKAA,Praha FIR,22
2019-11-22,LMMM,Malta FIR,2
2019-11-22,LOVV,Wien FIR,60
2019-11-22,LPPC,Lisboa FIR,26
2019-11-22,LPPO,Santa Maria FIR,0
2019-11-22,LQSB,Sarajevo FIR,0
2019-11-22,LRBB,Bucarest FIR,55
2019-11-22,LSAS,Switzerland FIR,46
2019-11-22,LUUU,Chisinau FIR,7
2019-11-22,LWSS,Skopje FIR,4
2019-11-22,LYBA,Beograd FIR,2
2019-11-22,LZBB,Bratislava  FIR,0
2019-11-22,UKBV,Kiev FIR,10
2019-11-22,UKDV,Dnipro FIR,1
2019-11-22,UKLV,Lvov FIR,2
2019-11-22,ULLL,Sankt-Peterburg FIR,17
2019-11-22,UMKK,Kaliningrad FIR,0
2019-11-22,UMMV,Minsk FIR,1
2019-11-22,UNNT,Novosibirsk FIR,2
2019-11-22,URRV,Rostov-Na-Donu FIR,1
2019-11-22,USSV,Yekaterinburg FIR,0
2019-11-22,UUWV,Moscow FIR,102
2019-11-22,UWWW,Samara FIR,1
2019-11-23,BIRD,Reykjavik FIR,8
2019-11-23,EBBU,Brussels FIR,51
2019-11-23,EDGG,Langen FIR,169
2019-11-23,EDMM,Munchen FIR,87
2019-11-23,EDWW,Bremen FIR,57
2019-11-23,EETT,Tallinn FIR,6
2019-11-23,EFIN,Helsinki FIR,59
2019-11-23,EGPX,Scottish FIR,13
2019-11-23,EGTT,London FIR,322
2019-11-23,EHAA,Amsterdam FIR,88
2019-11-23,EISN,Shannon FIR,22
2019-11-23,EKDK,Copenhagen FIR,32
2019-11-23,ENOR,Polaris FIR,29
2019-11-23,EPWW,Warszawa FIR,69
2019-11-23,ESAA,Sweden FIR,36
2019-11-23,EVRR,Riga FIR,12
2019-11-23,EYVL,Vilnius FIR,14
2019-11-23,GCCC,Canarias FIR,56
2019-11-23,GMMM,Casablanca FIR,0
2019-11-23,LAAA,Tirana FIR,1
2019-11-23,LBSR,Sofia FIR,8
2019-11-23,LDZO,Zagreb FIR,3
2019-11-23,LECB,Barcelona FIR,51
2019-11-23,LECM,Madrid FIR,58
2019-11-23,LFBB,Bordeaux FIR,4
2019-11-23,LFEE,Reims FIR,10
2019-11-23,LFFF,Paris FIR,142
2019-11-23,LFMM,Marseille FIR,17
2019-11-23,LFRR,Brest FIR,1
2019-11-23,LGGG,Athinai FIR,27
2019-11-23,LHCC,Budapest FIR,20
2019-11-23,LIBB,Brindisi FIR,7
2019-11-23,LIMM,Milano FIR,72
2019-11-23,LIRR,Roma FIR,71
2019-11-23,LJLA,Ljubljana FIR,1
2019-11-23,LKAA,Praha FIR,24
2019-11-23,LMMM,Malta FIR,7
2019-11-23,LOVV,Wien FIR,40
2019-11-23,LPPC,Lisboa FIR,34
2019-11-23,LPPO,Santa Maria FIR,2
2019-11-23,LQSB,Sarajevo FIR,1
2019-11-23,LRBB,Bucarest FIR,23
2019-11-23,LSAS,Switzerland FIR,48
2019-11-23,LUUU,Chisinau FIR,3
2019-11-23,LWSS,Skopje FIR,3
2019-11-23,LYBA,Beograd FIR,1
2019-11-23,LZBB,Bratislava  FIR,2
2019-11-23,UKBV,Kiev FIR,42
2019-11-23,UKDV,Dnipro FIR,5
2019-11-23,UKLV,Lvov FIR,1
2019-11-23,UKOV,Odessa FIR,5
2019-11-23,ULLL,Sankt-Peterburg FIR,8
2019-11-23,UMMV,Minsk FIR,0
2019-11-23,UNKL,Krasnoyarsk FIR,1
2019-11-23,UNNT,Novosibirsk FIR,2
2019-11-23,URRV,Rostov-Na-Donu FIR,0
2019-11-23,USSV,Yekaterinburg FIR,1
2019-11-23,UUWV,Moscow FIR,99
2019-11-24,BIRD,Reykjavik FIR,25
2019-11-24,EBBU,Brussels FIR,111
2019-11-24,EDGG,Langen FIR,215
2019-11-24,EDMM,Munchen FIR,104
2019-11-24,EDWW,Bremen FIR,72
2019-11-24,EETT,Tallinn FIR,6
2019-11-24,EFIN,Helsinki FIR,44
2019-11-24,EGPX,Scottish FIR,55
2019-11-24,EGTT,London FIR,453
2019-11-24,EHAA,Amsterdam FIR,158
2019-11-24,EISN,Shannon FIR,39
2019-11-24,EKDK,Copenhagen FIR,67
2019-11-24,ENOR,Polaris FIR,97
2019-11-24,EPWW,Warszawa FIR,73
2019-11-24,ESAA,Sweden FIR,73
2019-11-24,EVRR,Riga FIR,17
2019-11-24,EYVL,Vilnius FIR,11
2019-11-24,GCCC,Canarias FIR,44
2019-11-24,GMMM,Casablanca FIR,0
2019-11-24,LAAA,Tirana FIR,4
2019-11-24,LBSR,Sofia FIR,17
2019-11-24,LDZO,Zagreb FIR,3
2019-11-24,LECB,Barcelona FIR,83
2019-11-24,LECM,Madrid FIR,70
2019-11-24,LFBB,Bordeaux FIR,7
2019-11-24,LFEE,Reims FIR,20
2019-11-24,LFFF,Paris FIR,181
2019-11-24,LFMM,Marseille FIR,30
2019-11-24,LFRR,Brest FIR,0
2019-11-24,LGGG,Athinai FIR,60
2019-11-24,LHCC,Budapest FIR,33
2019-11-24,LIBB,Brindisi FIR,5
2019-11-24,LIMM,Milano FIR,137
2019-11-24,LIRR,Roma FIR,106
2019-11-24,LJLA,Ljubljana FIR,2
2019-11-24,LKAA,Praha FIR,54
2019-11-24,LMMM,Malta FIR,6
2019-11-24,LOVV,Wien FIR,53
2019-11-24,LPPC,Lisboa FIR,37
2019-11-24,LPPO,Santa Maria FIR,1
2019-11-24,LQSB,Sarajevo FIR,1
2019-11-24,LRBB,Bucarest FIR,35
2019-11-24,LSAS,Switzerland FIR,64
2019-11-24,LUUU,Chisinau FIR,3
2019-11-24,LWSS,Skopje FIR,3
2019-11-24,LYBA,Beograd FIR,5
2019-11-24,LZBB,Bratislava  FIR,8
2019-11-24,UKBV,Kiev FIR,13
2019-11-24,UKDV,Dnipro FIR,4
2019-11-24,UKLV,Lvov FIR,0
2019-11-24,UKOV,Odessa FIR,0
2019-11-24,ULLL,Sankt-Peterburg FIR,9
2019-11-24,UMMV,Minsk FIR,0
2019-11-24,UNKL,Krasnoyarsk FIR,0
2019-11-24,UNNT,Novosibirsk FIR,3
2019-11-24,URRV,Rostov-Na-Donu FIR,0
2019-11-24,USSV,Yekaterinburg FIR,0
2019-11-24,UUWV,Moscow FIR,146
2019-11-24,UWWW,Samara FIR,0
2019-11-25,BIRD,Reykjavik FIR,30
2019-11-25,EBBU,Brussels FIR,100
2019-11-25,EDGG,Langen FIR,279
2019-11-25,EDMM,Munchen FIR,91
2019-11-25,EDWW,Bremen FIR,93
2019-11-25,EETT,Tallinn FIR,10
2019-11-25,EFIN,Helsinki FIR,65
2019-11-25,EGPX,Scottish FIR,32
2019-11-25,EGTT,London FIR,449
2019-11-25,EHAA,Amsterdam FIR,157
2019-11-25,EISN,Shannon FIR,55
2019-11-25,EKDK,Copenhagen FIR,85
2019-11-25,ENOB,Bodo Oceanic FIR,1
2019-11-25,ENOR,Polaris FIR,144
2019-11-25,EPWW,Warszawa FIR,122
2019-11-25,ESAA,Sweden FIR,137
2019-11-25,EVRR,Riga FIR,16
2019-11-25,EYVL,Vilnius FIR,16
2019-11-25,GCCC,Canarias FIR,149
2019-11-25,GMMM,Casablanca FIR,0
2019-11-25,LAAA,Tirana FIR,0
2019-11-25,LBSR,Sofia FIR,13
2019-11-25,LDZO,Zagreb FIR,5
2019-11-25,LECB,Barcelona FIR,107
2019-11-25,LECM,Madrid FIR,177
2019-11-25,LFBB,Bordeaux FIR,11
2019-11-25,LFEE,Reims FIR,16
2019-11-25,LFFF,Paris FIR,170
2019-11-25,LFMM,Marseille FIR,15
2019-11-25,LFRR,Brest FIR,3
2019-11-25,LGGG,Athinai FIR,20
2019-11-25,LHCC,Budapest FIR,39
2019-11-25,LIBB,Brindisi FIR,2
2019-11-25,LIMM,Milano FIR,59
2019-11-25,LIRR,Roma FIR,31
2019-11-25,LJLA,Ljubljana FIR,2
2019-11-25,LKAA,Praha FIR,48
2019-11-25,LMMM,Malta FIR,1
2019-11-25,LOVV,Wien FIR,55
2019-11-25,LPPC,Lisboa FIR,173
2019-11-25,LPPO,Santa Maria FIR,2
2019-11-25,LQSB,Sarajevo FIR,2
2019-11-25,LRBB,Bucarest FIR,37
2019-11-25,LSAS,Switzerland FIR,46
2019-11-25,LUUU,Chisinau FIR,0
2019-11-25,LWSS,Skopje FIR,1
2019-11-25,LYBA,Beograd FIR,6
2019-11-25,LZBB,Bratislava  FIR,5
2019-11-25,UKBV,Kiev FIR,11
2019-11-25,UKDV,Dnipro FIR,0
2019-11-25,UKLV,Lvov FIR,2
2019-11-25,UKOV,Odessa FIR,0
2019-11-25,ULLL,Sankt-Peterburg FIR,7
2019-11-25,UMKK,Kaliningrad FIR,0
2019-11-25,UMMV,Minsk FIR,0
2019-11-25,UNNT,Novosibirsk FIR,1
2019-11-25,URRV,Rostov-Na-Donu FIR,0
2019-11-25,UUWV,Moscow FIR,85
2019-11-25,UWWW,Samara FIR,0
2019-11-26,BIRD,Reykjavik FIR,17
2019-11-26,EBBU,Brussels FIR,108
2019-11-26,EDGG,Langen FIR,245
2019-11-26,EDMM,Munchen FIR,97
2019-11-26,EDWW,Bremen FIR,91
2019-11-26,EETT,Tallinn FIR,11
2019-11-26,EFIN,Helsinki FIR,112
2019-11-26,EGPX,Scottish FIR,29
2019-11-26,EGTT,London FIR,521
2019-11-26,EHAA,Amsterdam FIR,161
2019-11-26,EISN,Shannon FIR,42
2019-11-26,EKDK,Copenhagen FIR,96
2019-11-26,ENOR,Polaris FIR,78
2019-11-26,EPWW,Warszawa FIR,97
2019-11-26,ESAA,Sweden FIR,107
2019-11-26,EVRR,Riga FIR,16
2019-11-26,EYVL,Vilnius FIR,17
2019-11-26,GCCC,Canarias FIR,127
2019-11-26,GMMM,Casablanca FIR,0
2019-11-26,LAAA,Tirana FIR,2
2019-11-26,LBSR,Sofia FIR,8
2019-11-26,LDZO,Zagreb FIR,2
2019-11-26,LECB,Barcelona FIR,86
2019-11-26,LECM,Madrid FIR,117
2019-11-26,LFBB,Bordeaux FIR,8
2019-11-26,LFEE,Reims FIR,19
2019-11-26,LFFF,Paris FIR,178
2019-11-26,LFMM,Marseille FIR,29
2019-11-26,LFRR,Brest FIR,2
2019-11-26,LGGG,Athinai FIR,21
2019-11-26,LHCC,Budapest FIR,36
2019-11-26,LIBB,Brindisi FIR,1
2019-11-26,LIMM,Milano FIR,71
2019-11-26,LIRR,Roma FIR,42
2019-11-26,LJLA,Ljubljana FIR,0
2019-11-26,LKAA,Praha FIR,28
2019-11-26,LMMM,Malta FIR,7
2019-11-26,LOVV,Wien FIR,40
2019-11-26,LPPC,Lisboa FIR,78
2019-11-26,LPPO,Santa Maria FIR,0
2019-11-26,LQSB,Sarajevo FIR,3
2019-11-26,LRBB,Bucarest FIR,42
2019-11-26,LSAS,Switzerland FIR,49
2019-11-26,LUUU,Chisinau FIR,3
2019-11-26,LWSS,Skopje FIR,4
2019-11-26,LYBA,Beograd FIR,6
2019-11-26,LZBB,Bratislava  FIR,5
2019-11-26,UKBV,Kiev FIR,7
2019-11-26,UKDV,Dnipro FIR,0
2019-11-26,UKLV,Lvov FIR,0
2019-11-26,UKOV,Odessa FIR,0
2019-11-26,ULLL,Sankt-Peterburg FIR,11
2019-11-26,UMKK,Kaliningrad FIR,0
2019-11-26,UMMV,Minsk FIR,0
2019-11-26,UNKL,Krasnoyarsk FIR,1
2019-11-26,UNNT,Novosibirsk FIR,3
2019-11-26,USSV,Yekaterinburg FIR,0
2019-11-26,UUWV,Moscow FIR,38
2019-11-27,BIRD,Reykjavik FIR,2
2019-11-27,EBBU,Brussels FIR,47
2019-11-27,EDGG,Langen FIR,148
2019-11-27,EDMM,Munchen FIR,56
2019-11-27,EDWW,Bremen FIR,25
2019-11-27,EETT,Tallinn FIR,5
2019-11-27,EFIN,Helsinki FIR,88
2019-11-27,EGPX,Scottish FIR,2
2019-11-27,EGTT,London FIR,159
2019-11-27,EHAA,Amsterdam FIR,54
2019-11-27,EISN,Shannon FIR,3
2019-11-27,EKDK,Copenhagen FIR,31
2019-11-27,ENOR,Polaris FIR,28
2019-11-27,EPWW,Warszawa FIR,68
2019-11-27,ESAA,Sweden FIR,65
2019-11-27,EVRR,Riga FIR,13
2019-11-27,EYVL,Vilnius FIR,19
2019-11-27,GCCC,Canarias FIR,11
2019-11-27,GMMM,Casablanca FIR,0
2019-11-27,LAAA,Tirana FIR,2
2019-11-27,LBSR,Sofia FIR,18
2019-11-27,LDZO,Zagreb FIR,3
2019-11-27,LECB,Barcelona FIR,21
2019-11-27,LECM,Madrid FIR,42
2019-11-27,LFBB,Bordeaux FIR,1
2019-11-27,LFEE,Reims FIR,14
2019-11-27,LFFF,Paris FIR,77
2019-11-27,LFMM,Marseille FIR,9
2019-11-27,LFRR,Brest FIR,0
2019-11-27,LGGG,Athinai FIR,38
2019-11-27,LHCC,Budapest FIR,31
2019-11-27,LIBB,Brindisi FIR,6
2019-11-27,LIMM,Milano FIR,70
2019-11-27,LIRR,Roma FIR,35
2019-11-27,LJLA,Ljubljana FIR,1
2019-11-27,LKAA,Praha FIR,15
2019-11-27,LMMM,Malta FIR,1
2019-11-27,LOVV,Wien FIR,35
2019-11-27,LPPC,Lisboa FIR,12
2019-11-27,LPPO,Santa Maria FIR,2
2019-11-27,LQSB,Sarajevo FIR,0
2019-11-27,LRBB,Bucarest FIR,45
2019-11-27,LSAS,Switzerland FIR,33
2019-11-27,LUUU,Chisinau FIR,2
2019-11-27,LWSS,Skopje FIR,7
2019-11-27,LYBA,Beograd FIR,10
2019-11-27,LZBB,Bratislava  FIR,0
2019-11-27,UKBV,Kiev FIR,11
2019-11-27,UKDV,Dnipro FIR,1
2019-11-27,UKLV,Lvov FIR,4
2019-11-27,UKOV,Odessa FIR,1
2019-11-27,ULLL,Sankt-Peterburg FIR,20
2019-11-27,UMKK,Kaliningrad FIR,0
2019-11-27,UMMV,Minsk FIR,1
2019-11-27,UNKL,Krasnoyarsk FIR,1
2019-11-27,UNNT,Novosibirsk FIR,2
2019-11-27,URRV,Rostov-Na-Donu FIR,0
2019-11-27,USSV,Yekaterinburg FIR,1
2019-11-27,UUWV,Moscow FIR,68
2019-11-27,UWWW,Samara FIR,1
2019-11-28,BIRD,Reykjavik FIR,2
2019-11-28,EBBU,Brussels FIR,20
2019-11-28,EDGG,Langen FIR,81
2019-11-28,EDMM,Munchen FIR,31
2019-11-28,EDWW,Bremen FIR,19
2019-11-28,EETT,Tallinn FIR,8
2019-11-28,EFIN,Helsinki FIR,58
2019-11-28,EGPX,Scottish FIR,4
2019-11-28,EGTT,London FIR,92
2019-11-28,EHAA,Amsterdam FIR,39
2019-11-28,EISN,Shannon FIR,4
2019-11-28,EKDK,Copenhagen FIR,16
2019-11-28,ENOR,Polaris FIR,7
2019-11-28,EPWW,Warszawa FIR,11
2019-11-28,ESAA,Sweden FIR,25
2019-11-28,EVRR,Riga FIR,10
2019-11-28,EYVL,Vilnius FIR,11
2019-11-28,GCCC,Canarias FIR,22
2019-11-28,GMMM,Casablanca FIR,0
2019-11-28,LAAA,Tirana FIR,1
2019-11-28,LBSR,Sofia FIR,4
2019-11-28,LDZO,Zagreb FIR,2
2019-11-28,LECB,Barcelona FIR,27
2019-11-28,LECM,Madrid FIR,51
2019-11-28,LFBB,Bordeaux FIR,1
2019-11-28,LFEE,Reims FIR,0
2019-11-28,LFFF,Paris FIR,59
2019-11-28,LFMM,Marseille FIR,5
2019-11-28,LFRR,Brest FIR,0
2019-11-28,LGGG,Athinai FIR,16
2019-11-28,LHCC,Budapest FIR,8
2019-11-28,LIBB,Brindisi FIR,0
2019-11-28,LIMM,Milano FIR,24
2019-11-28,LIRR,Roma FIR,22
2019-11-28,LJLA,Ljubljana FIR,1
2019-11-28,LKAA,Praha FIR,17
2019-11-28,LMMM,Malta FIR,3
2019-11-28,LOVV,Wien FIR,17
2019-11-28,LPPC,Lisboa FIR,35
2019-11-28,LPPO,Santa Maria FIR,5
2019-11-28,LQSB,Sarajevo FIR,0
2019-11-28,LRBB,Bucarest FIR,9
2019-11-28,LSAS,Switzerland FIR,16
2019-11-28,LUUU,Chisinau FIR,0
2019-11-28,LWSS,Skopje FIR,0
2019-11-28,LYBA,Beograd FIR,0
2019-11-28,LZBB,Bratislava  FIR,1
2019-11-28,UKBV,Kiev FIR,9
2019-11-28,UKDV,Dnipro FIR,0
2019-11-28,UKLV,Lvov FIR,0
2019-11-28,UKOV,Odessa FIR,1
2019-11-28,ULLL,Sankt-Peterburg FIR,18
2019-11-28,UMKK,Kaliningrad FIR,0
2019-11-28,UMMV,Minsk FIR,0
2019-11-28,UNKL,Krasnoyarsk FIR,0
2019-11-28,UNNT,Novosibirsk FIR,4
2019-11-28,URRV,Rostov-Na-Donu FIR,0
2019-11-28,USSV,Yekaterinburg FIR,1
2019-11-28,UUWV,Moscow FIR,155
2019-11-28,UWWW,Samara FIR,1
2019-11-29,BIRD,Reykjavik FIR,1
2019-11-29,EBBU,Brussels FIR,13
2019-11-29,EDGG,Langen FIR,43
2019-11-29,EDMM,Munchen FIR,19
2019-11-29,EDWW,Bremen FIR,2
2019-11-29,EETT,Tallinn FIR,0
2019-11-29,EFIN,Helsinki FIR,14
2019-11-29,EGPX,Scottish FIR,0
2019-11-29,EGTT,London FIR,76
2019-11-29,EHAA,Amsterdam FIR,24
2019-11-29,EISN,Shannon FIR,3
2019-11-29,EKDK,Copenhagen FIR,5
2019-11-29,ENOB,Bodo Oceanic FIR,0
2019-11-29,ENOR,Polaris FIR,2
2019-11-29,EPWW,Warszawa FIR,4
2019-11-29,ESAA,Sweden FIR,2
2019-11-29,EVRR,Riga FIR,2
2019-11-29,EYVL,Vilnius FIR,0
2019-11-29,GCCC,Canarias FIR,29
2019-11-29,GMMM,Casablanca FIR,0
2019-11-29,LAAA,Tirana FIR,0
2019-11-29,LBSR,Sofia FIR,0
2019-11-29,LDZO,Zagreb FIR,0
2019-11-29,LECB,Barcelona FIR,12
2019-11-29,LECM,Madrid FIR,57
2019-11-29,LFBB,Bordeaux FIR,0
2019-11-29,LFEE,Reims FIR,0
2019-11-29,LFFF,Paris FIR,43
2019-11-29,LFMM,Marseille FIR,0
2019-11-29,LFRR,Brest FIR,0
2019-11-29,LGGG,Athinai FIR,2
2019-11-29,LHCC,Budapest FIR,0
2019-11-29,LIBB,Brindisi FIR,0
2019-11-29,LIMM,Milano FIR,9
2019-11-29,LIRR,Roma FIR,10
2019-11-29,LJLA,Ljubljana FIR,0
2019-11-29,LKAA,Praha FIR,3
2019-11-29,LMMM,Malta FIR,1
2019-11-29,LOVV,Wien FIR,5
2019-11-29,LPPC,Lisboa FIR,24
2019-11-29,LPPO,Santa Maria FIR,0
2019-11-29,LQSB,Sarajevo FIR,0
2019-11-29,LRBB,Bucarest FIR,0
2019-11-29,LSAS,Switzerland FIR,6
2019-11-29,LUUU,Chisinau FIR,0
2019-11-29,LWSS,Skopje FIR,0
2019-11-29,LYBA,Beograd FIR,0
2019-11-29,LZBB,Bratislava  FIR,0
2019-11-29,UKBV,Kiev FIR,0
2019-11-29,UKDV,Dnipro FIR,0
2019-11-29,UKLV,Lvov FIR,0
2019-11-29,UKOV,Odessa FIR,0
2019-11-29,ULLL,Sankt-Peterburg FIR,0
2019-11-29,UMMV,Minsk FIR,0
2019-11-29,UNNT,Novosibirsk FIR,1
2019-11-29,URRV,Rostov-Na-Donu FIR,0
2019-11-29,USSV,Yekaterinburg FIR,0
2019-11-29,UUWV,Moscow FIR,15
2019-11-29,UWWW,Samara FIR,0
2019-11-30,BIRD,Reykjavik FIR,11
2019-11-30,EBBU,Brussels FIR,21
2019-11-30,EDGG,Langen FIR,77
2019-11-30,EDMM,Munchen FIR,25
2019-11-30,EDWW,Bremen FIR,3
2019-11-30,EETT,Tallinn FIR,0
2019-11-30,EFIN,Helsinki FIR,11
2019-11-30,EGPX,Scottish FIR,3
2019-11-30,EGTT,London FIR,146
2019-11-30,EHAA,Amsterdam FIR,48
2019-11-30,EISN,Shannon FIR,11
2019-11-30,EKDK,Copenhagen FIR,8
2019-11-30,ENOR,Polaris FIR,3
2019-11-30,EPWW,Warszawa FIR,6
2019-11-30,ESAA,Sweden FIR,1
2019-11-30,EVRR,Riga FIR,0
2019-11-30,EYVL,Vilnius FIR,0
2019-11-30,GCCC,Canarias FIR,8
2019-11-30,GMMM,Casablanca FIR,0
2019-11-30,LAAA,Tirana FIR,0
2019-11-30,LBSR,Sofia FIR,0
2019-11-30,LDZO,Zagreb FIR,0
2019-11-30,LECB,Barcelona FIR,23
2019-11-30,LECM,Madrid FIR,44
2019-11-30,LFBB,Bordeaux FIR,1
2019-11-30,LFEE,Reims FIR,2
2019-11-30,LFFF,Paris FIR,74
2019-11-30,LFMM,Marseille FIR,2
2019-11-30,LFRR,Brest FIR,0
2019-11-30,LGGG,Athinai FIR,8
2019-11-30,LHCC,Budapest FIR,2
2019-11-30,LIBB,Brindisi FIR,0
2019-11-30,LIMM,Milano FIR,15
2019-11-30,LIRR,Roma FIR,21
2019-11-30,LJLA,Ljubljana FIR,0
2019-11-30,LKAA,Praha FIR,2
2019-11-30,LMMM,Malta FIR,1
2019-11-30,LOVV,Wien FIR,7
2019-11-30,LPPC,Lisboa FIR,21
2019-11-30,LPPO,Santa Maria FIR,0
2019-11-30,LQSB,Sarajevo FIR,0
2019-11-30,LRBB,Bucarest FIR,2
2019-11-30,LSAS,Switzerland FIR,22
2019-11-30,LUUU,Chisinau FIR,0
2019-11-30,LWSS,Skopje FIR,0
2019-11-30,LYBA,Beograd FIR,0
2019-11-30,LZBB,Bratislava  FIR,0
2019-11-30,UKBV,Kiev FIR,0
2019-11-30,UKDV,Dnipro FIR,0
2019-11-30,UKLV,Lvov FIR,0
2019-11-30,UKOV,Odessa FIR,0
2019-11-30,ULLL,Sankt-Peterburg FIR,0
2019-11-30,UMMV,Minsk FIR,0
2019-11-30,UNNT,Novosibirsk FIR,3
2019-11-30,URRV,Rostov-Na-Donu FIR,0
2019-11-30,USSV,Yekaterinburg FIR,1
2019-11-30,UUWV,Moscow FIR,4
2019-12-01,BIRD,Reykjavik FIR,10
2019-12-01,EBBU,Brussels FIR,24
2019-12-01,EDGG,Langen FIR,124
2019-12-01,EDMM,Munchen FIR,51
2019-12-01,EDWW,Bremen FIR,28
2019-12-01,EETT,Tallinn FIR,2
2019-12-01,EFIN,Helsinki FIR,23
2019-12-01,EGPX,Scottish FIR,3
2019-12-01,EGTT,London FIR,192
2019-12-01,EHAA,Amsterdam FIR,60
2019-12-01,EISN,Shannon FIR,28
2019-12-01,EKDK,Copenhagen FIR,26
2019-12-01,ENOR,Polaris FIR,5
2019-12-01,EPWW,Warszawa FIR,25
2019-12-01,ESAA,Sweden FIR,16
2019-12-01,EVRR,Riga FIR,3
2019-12-01,EYVL,Vilnius FIR,1
2019-12-01,GCCC,Canarias FIR,0
2019-12-01,GMMM,Casablanca FIR,0
2019-12-01,LAAA,Tirana FIR,0
2019-12-01,LBSR,Sofia FIR,9
2019-12-01,LDZO,Zagreb FIR,1
2019-12-01,LECB,Barcelona FIR,24
2019-12-01,LECM,Madrid FIR,47
2019-12-01,LFBB,Bordeaux FIR,0
2019-12-01,LFEE,Reims FIR,1
2019-12-01,LFFF,Paris FIR,88
2019-12-01,LFMM,Marseille FIR,7
2019-12-01,LFRR,Brest FIR,0
2019-12-01,LGGG,Athinai FIR,15
2019-12-01,LHCC,Budapest FIR,12
2019-12-01,LIBB,Brindisi FIR,2
2019-12-01,LIMM,Milano FIR,37
2019-12-01,LIRR,Roma FIR,41
2019-12-01,LJLA,Ljubljana FIR,1
2019-12-01,LKAA,Praha FIR,8
2019-12-01,LMMM,Malta FIR,9
2019-12-01,LOVV,Wien FIR,18
2019-12-01,LPPC,Lisboa FIR,12
2019-12-01,LPPO,Santa Maria FIR,0
2019-12-01,LQSB,Sarajevo FIR,0
2019-12-01,LRBB,Bucarest FIR,17
2019-12-01,LSAS,Switzerland FIR,31
2019-12-01,LUUU,Chisinau FIR,0
2019-12-01,LWSS,Skopje FIR,1
2019-12-01,LYBA,Beograd FIR,2
2019-12-01,LZBB,Bratislava  FIR,1
2019-12-01,UKBV,Kiev FIR,0
2019-12-01,UKDV,Dnipro FIR,0
2019-12-01,UKLV,Lvov FIR,1
2019-12-01,UKOV,Odessa FIR,0
2019-12-01,ULLL,Sankt-Peterburg FIR,2
2019-12-01,UMMV,Minsk FIR,0
2019-12-01,UNKL,Krasnoyarsk FIR,0
2019-12-01,UNNT,Novosibirsk FIR,1
2019-12-01,URRV,Rostov-Na-Donu FIR,0
2019-12-01,USSV,Yekaterinburg FIR,2
2019-12-01,UUWV,Moscow FIR,8
2019-12-01,UWWW,Samara FIR,0
2019-12-02,BIRD,Reykjavik FIR,23
2019-12-02,EBBU,Brussels FIR,28
2019-12-02,EDGG,Langen FIR,102
2019-12-02,EDMM,Munchen FIR,46
2019-12-02,EDWW,Bremen FIR,14
2019-12-02,EETT,Tallinn FIR,0
2019-12-02,EFIN,Helsinki FIR,10
2019-12-02,EGPX,Scottish FIR,5
2019-12-02,EGTT,London FIR,166
2019-12-02,EHAA,Amsterdam FIR,50
2019-12-02,EISN,Shannon FIR,23
2019-12-02,EKDK,Copenhagen FIR,14
2019-12-02,ENOB,Bodo Oceanic FIR,0
2019-12-02,ENOR,Polaris FIR,8
2019-12-02,EPWW,Warszawa FIR,18
2019-12-02,ESAA,Sweden FIR,9
2019-12-02,EVRR,Riga FIR,1
2019-12-02,EYVL,Vilnius FIR,2
2019-12-02,GCCC,Canarias FIR,0
2019-12-02,GMMM,Casablanca FIR,0
2019-12-02,LAAA,Tirana FIR,0
2019-12-02,LBSR,Sofia FIR,5
2019-12-02,LDZO,Zagreb FIR,3
2019-12-02,LECB,Barcelona FIR,11
2019-12-02,LECM,Madrid FIR,32
2019-12-02,LFBB,Bordeaux FIR,1
2019-12-02,LFEE,Reims FIR,0
2019-12-02,LFFF,Paris FIR,75
2019-12-02,LFMM,Marseille FIR,2
2019-12-02,LFRR,Brest FIR,0
2019-12-02,LGGG,Athinai FIR,33
2019-12-02,LHCC,Budapest FIR,13
2019-12-02,LIBB,Brindisi FIR,3
2019-12-02,LIMM,Milano FIR,39
2019-12-02,LIRR,Roma FIR,23
2019-12-02,LJLA,Ljubljana FIR,0
2019-12-02,LKAA,Praha FIR,3
2019-12-02,LMMM,Malta FIR,1
2019-12-02,LOVV,Wien FIR,20
2019-12-02,LPPC,Lisboa FIR,14
2019-12-02,LPPO,Santa Maria FIR,1
2019-12-02,LQSB,Sarajevo FIR,0
2019-12-02,LRBB,Bucarest FIR,21
2019-12-02,LSAS,Switzerland FIR,31
2019-12-02,LUUU,Chisinau FIR,0
2019-12-02,LWSS,Skopje FIR,1
2019-12-02,LYBA,Beograd FIR,3
2019-12-02,LZBB,Bratislava  FIR,1
2019-12-02,UKBV,Kiev FIR,0
2019-12-02,UKDV,Dnipro FIR,1
2019-12-02,UKLV,Lvov FIR,0
2019-12-02,UKOV,Odessa FIR,0
2019-12-02,ULLL,Sankt-Peterburg FIR,0
2019-12-02,UMKK,Kaliningrad FIR,0
2019-12-02,UMMV,Minsk FIR,0
2019-12-02,UNNT,Novosibirsk FIR,3
2019-12-02,UUWV,Moscow FIR,2
2019-12-02,UWWW,Samara FIR,0
2019-12-03,BIRD,Reykjavik FIR,22
2019-12-03,EBBU,Brussels FIR,25
2019-12-03,EDGG,Langen FIR,65
2019-12-03,EDMM,Munchen FIR,24
2019-12-03,EDWW,Bremen FIR,11
2019-12-03,EETT,Tallinn FIR,1
2019-12-03,EFIN,Helsinki FIR,16
2019-12-03,EGPX,Scottish FIR,3
2019-12-03,EGTT,London FIR,84
2019-12-03,EHAA,Amsterdam FIR,32
2019-12-03,EISN,Shannon FIR,7
2019-12-03,EKDK,Copenhagen FIR,13
2019-12-03,ENOR,Polaris FIR,22
2019-12-03,EPWW,Warszawa FIR,12
2019-12-03,ESAA,Sweden FIR,11
2019-12-03,EVRR,Riga FIR,3
2019-12-03,EYVL,Vilnius FIR,1
2019-12-03,GCCC,Canarias FIR,6
2019-12-03,GMMM,Casablanca FIR,0
2019-12-03,LAAA,Tirana FIR,0
2019-12-03,LBSR,Sofia FIR,3
2019-12-03,LDZO,Zagreb FIR,1
2019-12-03,LECB,Barcelona FIR,5
2019-12-03,LECM,Madrid FIR,20
2019-12-03,LFBB,Bordeaux FIR,0
2019-12-03,LFEE,Reims FIR,0
2019-12-03,LFFF,Paris FIR,53
2019-12-03,LFMM,Marseille FIR,1
2019-12-03,LFRR,Brest FIR,0
2019-12-03,LGGG,Athinai FIR,20
2019-12-03,LHCC,Budapest FIR,4
2019-12-03,LIBB,Brindisi FIR,0
2019-12-03,LIMM,Milano FIR,13
2019-12-03,LIRR,Roma FIR,12
2019-12-03,LJLA,Ljubljana FIR,0
2019-12-03,LKAA,Praha FIR,5
2019-12-03,LMMM,Malta FIR,0
2019-12-03,LOVV,Wien FIR,12
2019-12-03,LPPC,Lisboa FIR,13
2019-12-03,LPPO,Santa Maria FIR,2
2019-12-03,LQSB,Sarajevo FIR,0
2019-12-03,LRBB,Bucarest FIR,4
2019-12-03,LSAS,Switzerland FIR,15
2019-12-03,LUUU,Chisinau FIR,0
2019-12-03,LWSS,Skopje FIR,0
2019-12-03,LYBA,Beograd FIR,0
2019-12-03,LZBB,Bratislava  FIR,0
2019-12-03,UKBV,Kiev FIR,0
2019-12-03,UKDV,Dnipro FIR,0
2019-12-03,UKLV,Lvov FIR,0
2019-12-03,UKOV,Odessa FIR,0
2019-12-03,ULLL,Sankt-Peterburg FIR,0
2019-12-03,UMKK,Kaliningrad FIR,0
2019-12-03,UMMV,Minsk FIR,0
2019-12-03,UNKL,Krasnoyarsk FIR,0
2019-12-03,UNNT,Novosibirsk FIR,1
2019-12-03,USSV,Yekaterinburg FIR,0
2019-12-03,UUWV,Moscow FIR,4
2019-12-03,UWWW,Samara FIR,0
2019-12-04,BIRD,Reykjavik FIR,1
2019-12-04,EBBU,Brussels FIR,20
2019-12-04,EDGG,Langen FIR,49
2019-12-04,EDMM,Munchen FIR,21
2019-12-04,EDWW,Bremen FIR,1
2019-12-04,EETT,Tallinn FIR,0
2019-12-04,EFIN,Helsinki FIR,16
2019-12-04,EGPX,Scottish FIR,2
2019-12-04,EGTT,London FIR,110
2019-12-04,EHAA,Amsterdam FIR,33
2019-12-04,EISN,Shannon FIR,13
2019-12-04,EKDK,Copenhagen FIR,6
2019-12-04,ENOR,Polaris FIR,3
2019-12-04,EPWW,Warszawa FIR,4
2019-12-04,ESAA,Sweden FIR,4
2019-12-04,EVRR,Riga FIR,1
2019-12-04,EYVL,Vilnius FIR,0
2019-12-04,GCCC,Canarias FIR,7
2019-12-04,GMMM,Casablanca FIR,0
2019-12-04,LAAA,Tirana FIR,0
2019-12-04,LBSR,Sofia FIR,0
2019-12-04,LDZO,Zagreb FIR,1
2019-12-04,LECB,Barcelona FIR,11
2019-12-04,LECM,Madrid FIR,33
2019-12-04,LFBB,Bordeaux FIR,1
2019-12-04,LFEE,Reims FIR,0
2019-12-04,LFFF,Paris FIR,49
2019-12-04,LFMM,Marseille FIR,0
2019-12-04,LFRR,Brest FIR,0
2019-12-04,LGGG,Athinai FIR,3
2019-12-04,LHCC,Budapest FIR,4
2019-12-04,LIBB,Brindisi FIR,6
2019-12-04,LIMM,Milano FIR,19
2019-12-04,LIRR,Roma FIR,27
2019-12-04,LJLA,Ljubljana FIR,0
2019-12-04,LKAA,Praha FIR,2
2019-12-04,LMMM,Malta FIR,0
2019-12-04,LOVV,Wien FIR,3
2019-12-04,LPPC,Lisboa FIR,6
2019-12-04,LPPO,Santa Maria FIR,0
2019-12-04,LQSB,Sarajevo FIR,0
2019-12-04,LRBB,Bucarest FIR,6
2019-12-04,LSAS,Switzerland FIR,13
2019-12-04,LUUU,Chisinau FIR,0
2019-12-04,LWSS,Skopje FIR,0
2019-12-04,LYBA,Beograd FIR,0
2019-12-04,LZBB,Bratislava  FIR,0
2019-12-04,UKBV,Kiev FIR,0
2019-12-04,UKDV,Dnipro FIR,0
2019-12-04,UKLV,Lvov FIR,0
2019-12-04,UKOV,Odessa FIR,0
2019-12-04,ULLL,Sankt-Peterburg FIR,0
2019-12-04,UMKK,Kaliningrad FIR,0
2019-12-04,UMMV,Minsk FIR,0
2019-12-04,UNNT,Novosibirsk FIR,2
2019-12-04,URRV,Rostov-Na-Donu FIR,0
2019-12-04,USSV,Yekaterinburg FIR,1
2019-12-04,UUWV,Moscow FIR,6
2019-12-04,UWWW,Samara FIR,0
2019-12-05,BIRD,Reykjavik FIR,17
2019-12-05,EBBU,Brussels FIR,30
2019-12-05,EDGG,Langen FIR,84
2019-12-05,EDMM,Munchen FIR,39
2019-12-05,EDWW,Bremen FIR,14
2019-12-05,EETT,Tallinn FIR,1
2019-12-05,EFIN,Helsinki FIR,56
2019-12-05,EGPX,Scottish FIR,20
2019-12-05,EGTT,London FIR,235
2019-12-05,EHAA,Amsterdam FIR,53
2019-12-05,EISN,Shannon FIR,40
2019-12-05,EKDK,Copenhagen FIR,34
2019-12-05,ENOR,Polaris FIR,55
2019-12-05,EPWW,Warszawa FIR,25
2019-12-05,ESAA,Sweden FIR,38
2019-12-05,EVRR,Riga FIR,5
2019-12-05,EYVL,Vilnius FIR,4
2019-12-05,GCCC,Canarias FIR,81
2019-12-05,GMMM,Casablanca FIR,0
2019-12-05,LAAA,Tirana FIR,0
2019-12-05,LBSR,Sofia FIR,1
2019-12-05,LDZO,Zagreb FIR,0
2019-12-05,LECB,Barcelona FIR,21
2019-12-05,LECM,Madrid FIR,45
2019-12-05,LFBB,Bordeaux FIR,0
2019-12-05,LFEE,Reims FIR,0
2019-12-05,LFFF,Paris FIR,75
2019-12-05,LFMM,Marseille FIR,1
2019-12-05,LFRR,Brest FIR,0
2019-12-05,LGGG,Athinai FIR,2
2019-12-05,LHCC,Budapest FIR,4
2019-12-05,LIBB,Brindisi FIR,1
2019-12-05,LIMM,Milano FIR,11
2019-12-05,LIRR,Roma FIR,21
2019-12-05,LJLA,Ljubljana FIR,0
2019-12-05,LKAA,Praha FIR,5
2019-12-05,LMMM,Malta FIR,1
2019-12-05,LOVV,Wien FIR,8
2019-12-05,LPPC,Lisboa FIR,38
2019-12-05,LPPO,Santa Maria FIR,1
2019-12-05,LQSB,Sarajevo FIR,0
2019-12-05,LRBB,Bucarest FIR,1
2019-12-05,LSAS,Switzerland FIR,19
2019-12-05,LUUU,Chisinau FIR,0
2019-12-05,LWSS,Skopje FIR,0
2019-12-05,LYBA,Beograd FIR,0
2019-12-05,LZBB,Bratislava  FIR,1
2019-12-05,UKBV,Kiev FIR,1
2019-12-05,UKDV,Dnipro FIR,0
2019-12-05,UKLV,Lvov FIR,0
2019-12-05,UKOV,Odessa FIR,0
2019-12-05,ULLL,Sankt-Peterburg FIR,4
2019-12-05,UMKK,Kaliningrad FIR,0
2019-12-05,UMMV,Minsk FIR,0
2019-12-05,UNNT,Novosibirsk FIR,3
2019-12-05,URRV,Rostov-Na-Donu FIR,0
2019-12-05,USSV,Yekaterinburg FIR,0
2019-12-05,UUWV,Moscow FIR,11
2019-12-05,UWWW,Samara FIR,0
2019-12-06,BIRD,Reykjavik FIR,5
2019-12-06,EBBU,Brussels FIR,64
2019-12-06,EDGG,Langen FIR,174
2019-12-06,EDMM,Munchen FIR,96
2019-12-06,EDWW,Bremen FIR,78
2019-12-06,EETT,Tallinn FIR,10
2019-12-06,EFIN,Helsinki FIR,66
2019-12-06,EGPX,Scottish FIR,17
2019-12-06,EGTT,London FIR,333
2019-12-06,EHAA,Amsterdam FIR,93
2019-12-06,EISN,Shannon FIR,22
2019-12-06,EKDK,Copenhagen FIR,68
2019-12-06,ENOB,Bodo Oceanic FIR,0
2019-12-06,ENOR,Polaris FIR,40
2019-12-06,EPWW,Warszawa FIR,104
2019-12-06,ESAA,Sweden FIR,89
2019-12-06,EVRR,Riga FIR,25
2019-12-06,EYVL,Vilnius FIR,16
2019-12-06,GCCC,Canarias FIR,43
2019-12-06,GMMM,Casablanca FIR,0
2019-12-06,LAAA,Tirana FIR,2
2019-12-06,LBSR,Sofia FIR,11
2019-12-06,LDZO,Zagreb FIR,3
2019-12-06,LECB,Barcelona FIR,25
2019-12-06,LECM,Madrid FIR,52
2019-12-06,LFBB,Bordeaux FIR,3
2019-12-06,LFEE,Reims FIR,6
2019-12-06,LFFF,Paris FIR,123
2019-12-06,LFMM,Marseille FIR,6
2019-12-06,LFRR,Brest FIR,0
2019-12-06,LGGG,Athinai FIR,12
2019-12-06,LHCC,Budapest FIR,33
2019-12-06,LIBB,Brindisi FIR,0
2019-12-06,LIMM,Milano FIR,43
2019-12-06,LIRR,Roma FIR,32
2019-12-06,LJLA,Ljubljana FIR,1
2019-12-06,LKAA,Praha FIR,36
2019-12-06,LMMM,Malta FIR,2
2019-12-06,LOVV,Wien FIR,49
2019-12-06,LPPC,Lisboa FIR,29
2019-12-06,LPPO,Santa Maria FIR,0
2019-12-06,LQSB,Sarajevo FIR,2
2019-12-06,LRBB,Bucarest FIR,36
2019-12-06,LSAS,Switzerland FIR,44
2019-12-06,LUUU,Chisinau FIR,1
2019-12-06,LWSS,Skopje FIR,4
2019-12-06,LYBA,Beograd FIR,6
2019-12-06,LZBB,Bratislava  FIR,4
2019-12-06,UKBV,Kiev FIR,10
2019-12-06,UKDV,Dnipro FIR,1
2019-12-06,UKLV,Lvov FIR,2
2019-12-06,UKOV,Odessa FIR,0
2019-12-06,ULLL,Sankt-Peterburg FIR,9
2019-12-06,UMMV,Minsk FIR,0
2019-12-06,UNNT,Novosibirsk FIR,2
2019-12-06,URRV,Rostov-Na-Donu FIR,0
2019-12-06,USSV,Yekaterinburg FIR,1
2019-12-06,UUWV,Moscow FIR,57
2019-12-06,UWWW,Samara FIR,1
2019-12-07,BIRD,Reykjavik FIR,8
2019-12-07,EBBU,Brussels FIR,23
2019-12-07,EDGG,Langen FIR,116
2019-12-07,EDMM,Munchen FIR,51
2019-12-07,EDWW,Bremen FIR,22
2019-12-07,EETT,Tallinn FIR,7
2019-12-07,EFIN,Helsinki FIR,49
2019-12-07,EGPX,Scottish FIR,32
2019-12-07,EGTT,London FIR,264
2019-12-07,EHAA,Amsterdam FIR,53
2019-12-07,EISN,Shannon FIR,32
2019-12-07,EKDK,Copenhagen FIR,27
2019-12-07,ENOR,Polaris FIR,26
2019-12-07,EPWW,Warszawa FIR,39
2019-12-07,ESAA,Sweden FIR,28
2019-12-07,EVRR,Riga FIR,14
2019-12-07,EYVL,Vilnius FIR,18
2019-12-07,GCCC,Canarias FIR,110
2019-12-07,GMMM,Casablanca FIR,0
2019-12-07,LAAA,Tirana FIR,0
2019-12-07,LBSR,Sofia FIR,3
2019-12-07,LDZO,Zagreb FIR,3
2019-12-07,LECB,Barcelona FIR,23
2019-12-07,LECM,Madrid FIR,39
2019-12-07,LFBB,Bordeaux FIR,1
2019-12-07,LFEE,Reims FIR,4
2019-12-07,LFFF,Paris FIR,93
2019-12-07,LFMM,Marseille FIR,3
2019-12-07,LFRR,Brest FIR,1
2019-12-07,LGGG,Athinai FIR,3
2019-12-07,LHCC,Budapest FIR,11
2019-12-07,LIBB,Brindisi FIR,1
2019-12-07,LIMM,Milano FIR,33
2019-12-07,LIRR,Roma FIR,22
2019-12-07,LJLA,Ljubljana FIR,0
2019-12-07,LKAA,Praha FIR,15
2019-12-07,LMMM,Malta FIR,4
2019-12-07,LOVV,Wien FIR,14
2019-12-07,LPPC,Lisboa FIR,24
2019-12-07,LPPO,Santa Maria FIR,1
2019-12-07,LQSB,Sarajevo FIR,0
2019-12-07,LRBB,Bucarest FIR,12
2019-12-07,LSAS,Switzerland FIR,26
2019-12-07,LUUU,Chisinau FIR,0
2019-12-07,LWSS,Skopje FIR,0
2019-12-07,LYBA,Beograd FIR,0
2019-12-07,LZBB,Bratislava  FIR,1
2019-12-07,UKBV,Kiev FIR,4
2019-12-07,UKDV,Dnipro FIR,1
2019-12-07,UKLV,Lvov FIR,0
2019-12-07,UKOV,Odessa FIR,0
2019-12-07,ULLL,Sankt-Peterburg FIR,22
2019-12-07,ULMM,Murmansk FIR,0
2019-12-07,UMMV,Minsk FIR,0
2019-12-07,UNNT,Novosibirsk FIR,3
2019-12-07,URRV,Rostov-Na-Donu FIR,0
2019-12-07,USSV,Yekaterinburg FIR,2
2019-12-07,UUWV,Moscow FIR,168
2019-12-08,BIRD,Reykjavik FIR,2
2019-12-08,EBBU,Brussels FIR,86
2019-12-08,EDGG,Langen FIR,198
2019-12-08,EDMM,Munchen FIR,79
2019-12-08,EDWW,Bremen FIR,90
2019-12-08,EETT,Tallinn FIR,5
2019-12-08,EFIN,Helsinki FIR,77
2019-12-08,EGPX,Scottish FIR,21
2019-12-08,EGTT,London FIR,349
2019-12-08,EHAA,Amsterdam FIR,98
2019-12-08,EISN,Shannon FIR,20
2019-12-08,EKDK,Copenhagen FIR,57
2019-12-08,ENOR,Polaris FIR,44
2019-12-08,EPWW,Warszawa FIR,120
2019-12-08,ESAA,Sweden FIR,54
2019-12-08,EVRR,Riga FIR,20
2019-12-08,EYVL,Vilnius FIR,19
2019-12-08,GCCC,Canarias FIR,95
2019-12-08,GMMM,Casablanca FIR,0
2019-12-08,LAAA,Tirana FIR,2
2019-12-08,LBSR,Sofia FIR,9
2019-12-08,LDZO,Zagreb FIR,4
2019-12-08,LECB,Barcelona FIR,89
2019-12-08,LECM,Madrid FIR,114
2019-12-08,LFBB,Bordeaux FIR,10
2019-12-08,LFEE,Reims FIR,16
2019-12-08,LFFF,Paris FIR,137
2019-12-08,LFMM,Marseille FIR,30
2019-12-08,LFRR,Brest FIR,0
2019-12-08,LGGG,Athinai FIR,11
2019-12-08,LHCC,Budapest FIR,35
2019-12-08,LIBB,Brindisi FIR,0
2019-12-08,LIMM,Milano FIR,81
2019-12-08,LIRR,Roma FIR,49
2019-12-08,LJLA,Ljubljana FIR,0
2019-12-08,LKAA,Praha FIR,46
2019-12-08,LMMM,Malta FIR,4
2019-12-08,LOVV,Wien FIR,40
2019-12-08,LPPC,Lisboa FIR,83
2019-12-08,LPPO,Santa Maria FIR,2
2019-12-08,LQSB,Sarajevo FIR,1
2019-12-08,LRBB,Bucarest FIR,22
2019-12-08,LSAS,Switzerland FIR,45
2019-12-08,LUUU,Chisinau FIR,5
2019-12-08,LWSS,Skopje FIR,2
2019-12-08,LYBA,Beograd FIR,7
2019-12-08,LZBB,Bratislava  FIR,4
2019-12-08,UKBV,Kiev FIR,16
2019-12-08,UKDV,Dnipro FIR,2
2019-12-08,UKLV,Lvov FIR,3
2019-12-08,UKOV,Odessa FIR,0
2019-12-08,ULLL,Sankt-Peterburg FIR,14
2019-12-08,UMKK,Kaliningrad FIR,0
2019-12-08,UMMV,Minsk FIR,0
2019-12-08,UNKL,Krasnoyarsk FIR,0
2019-12-08,UNNT,Novosibirsk FIR,4
2019-12-08,URRV,Rostov-Na-Donu FIR,0
2019-12-08,USSV,Yekaterinburg FIR,3
2019-12-08,UUWV,Moscow FIR,77
2019-12-08,UWWW,Samara FIR,1
2019-12-09,BIRD,Reykjavik FIR,9
2019-12-09,EBBU,Brussels FIR,12
2019-12-09,EDGG,Langen FIR,50
2019-12-09,EDMM,Munchen FIR,21
2019-12-09,EDWW,Bremen FIR,2
2019-12-09,EETT,Tallinn FIR,1
2019-12-09,EFIN,Helsinki FIR,17
2019-12-09,EGPX,Scottish FIR,1
2019-12-09,EGTT,London FIR,123
2019-12-09,EHAA,Amsterdam FIR,33
2019-12-09,EISN,Shannon FIR,3
2019-12-09,EKDK,Copenhagen FIR,6
2019-12-09,ENOB,Bodo Oceanic FIR,0
2019-12-09,ENOR,Polaris FIR,6
2019-12-09,EPWW,Warszawa FIR,10
2019-12-09,ESAA,Sweden FIR,7
2019-12-09,EVRR,Riga FIR,4
2019-12-09,EYVL,Vilnius FIR,2
2019-12-09,GCCC,Canarias FIR,20
2019-12-09,GMMM,Casablanca FIR,0
2019-12-09,LAAA,Tirana FIR,0
2019-12-09,LBSR,Sofia FIR,1
2019-12-09,LDZO,Zagreb FIR,1
2019-12-09,LECB,Barcelona FIR,5
2019-12-09,LECM,Madrid FIR,27
2019-12-09,LFBB,Bordeaux FIR,0
2019-12-09,LFEE,Reims FIR,0
2019-12-09,LFFF,Paris FIR,64
2019-12-09,LFMM,Marseille FIR,0
2019-12-09,LFRR,Brest FIR,0
2019-12-09,LGGG,Athinai FIR,2
2019-12-09,LHCC,Budapest FIR,5
2019-12-09,LIBB,Brindisi FIR,0
2019-12-09,LIMM,Milano FIR,15
2019-12-09,LIRR,Roma FIR,13
2019-12-09,LJLA,Ljubljana FIR,0
2019-12-09,LKAA,Praha FIR,3
2019-12-09,LMMM,Malta FIR,0
2019-12-09,LOVV,Wien FIR,3
2019-12-09,LPPC,Lisboa FIR,19
2019-12-09,LPPO,Santa Maria FIR,1
2019-12-09,LQSB,Sarajevo FIR,0
2019-12-09,LRBB,Bucarest FIR,1
2019-12-09,LSAS,Switzerland FIR,15
2019-12-09,LUUU,Chisinau FIR,0
2019-12-09,LWSS,Skopje FIR,0
2019-12-09,LYBA,Beograd FIR,0
2019-12-09,LZBB,Bratislava  FIR,1
2019-12-09,UKBV,Kiev FIR,10
2019-12-09,UKDV,Dnipro FIR,0
2019-12-09,UKLV,Lvov FIR,0
2019-12-09,UKOV,Odessa FIR,0
2019-12-09,ULLL,Sankt-Peterburg FIR,1
2019-12-09,UMMV,Minsk FIR,1
2019-12-09,UNNT,Novosibirsk FIR,3
2019-12-09,UUWV,Moscow FIR,92
2019-12-09,UWWW,Samara FIR,1
2019-12-10,BIRD,Reykjavik FIR,7
2019-12-10,EBBU,Brussels FIR,47
2019-12-10,EDGG,Langen FIR,82
2019-12-10,EDMM,Munchen FIR,33
2019-12-10,EDWW,Bremen FIR,14
2019-12-10,EETT,Tallinn FIR,0
2019-12-10,EFIN,Helsinki FIR,22
2019-12-10,EGPX,Scottish FIR,26
2019-12-10,EGTT,London FIR,305
2019-12-10,EHAA,Amsterdam FIR,55
2019-12-10,EISN,Shannon FIR,38
2019-12-10,EKDK,Copenhagen FIR,15
2019-12-10,ENOR,Polaris FIR,16
2019-12-10,EPWW,Warszawa FIR,22
2019-12-10,ESAA,Sweden FIR,18
2019-12-10,EVRR,Riga FIR,2
2019-12-10,EYVL,Vilnius FIR,2
2019-12-10,GCCC,Canarias FIR,66
2019-12-10,GMMM,Casablanca FIR,0
2019-12-10,LAAA,Tirana FIR,1
2019-12-10,LBSR,Sofia FIR,2
2019-12-10,LDZO,Zagreb FIR,1
2019-12-10,LECB,Barcelona FIR,51
2019-12-10,LECM,Madrid FIR,94
2019-12-10,LFBB,Bordeaux FIR,5
2019-12-10,LFEE,Reims FIR,4
2019-12-10,LFFF,Paris FIR,94
2019-12-10,LFMM,Marseille FIR,3
2019-12-10,LFRR,Brest FIR,1
2019-12-10,LGGG,Athinai FIR,4
2019-12-10,LHCC,Budapest FIR,6
2019-12-10,LIBB,Brindisi FIR,1
2019-12-10,LIMM,Milano FIR,18
2019-12-10,LIRR,Roma FIR,19
2019-12-10,LJLA,Ljubljana FIR,0
2019-12-10,LKAA,Praha FIR,6
2019-12-10,LMMM,Malta FIR,1
2019-12-10,LOVV,Wien FIR,10
2019-12-10,LPPC,Lisboa FIR,67
2019-12-10,LPPO,Santa Maria FIR,0
2019-12-10,LQSB,Sarajevo FIR,0
2019-12-10,LRBB,Bucarest FIR,6
2019-12-10,LSAS,Switzerland FIR,21
2019-12-10,LUUU,Chisinau FIR,1
2019-12-10,LWSS,Skopje FIR,0
2019-12-10,LYBA,Beograd FIR,0
2019-12-10,LZBB,Bratislava  FIR,2
2019-12-10,UKBV,Kiev FIR,0
2019-12-10,UKDV,Dnipro FIR,0
2019-12-10,UKLV,Lvov FIR,1
2019-12-10,UKOV,Odessa FIR,0
2019-12-10,ULLL,Sankt-Peterburg FIR,0
2019-12-10,UMKK,Kaliningrad FIR,0
2019-12-10,UMMV,Minsk FIR,0
2019-12-10,UNNT,Novosibirsk FIR,2
2019-12-10,USSV,Yekaterinburg FIR,1
2019-12-10,UUWV,Moscow FIR,7
2019-12-11,BIRD,Reykjavik FIR,2
2019-12-11,EBBU,Brussels FIR,79
2019-12-11,EDGG,Langen FIR,220
2019-12-11,EDMM,Munchen FIR,66
2019-12-11,EDWW,Bremen FIR,69
2019-12-11,EETT,Tallinn FIR,5
2019-12-11,EFIN,Helsinki FIR,84
2019-12-11,EGPX,Scottish FIR,13
2019-12-11,EGTT,London FIR,293
2019-12-11,EHAA,Amsterdam FIR,92
2019-12-11,EISN,Shannon FIR,21
2019-12-11,EKDK,Copenhagen FIR,55
2019-12-11,ENOR,Polaris FIR,41
2019-12-11,EPWW,Warszawa FIR,101
2019-12-11,ESAA,Sweden FIR,74
2019-12-11,EVRR,Riga FIR,22
2019-12-11,EYVL,Vilnius FIR,15
2019-12-11,GCCC,Canarias FIR,8
2019-12-11,GMMM,Casablanca FIR,0
2019-12-11,LAAA,Tirana FIR,2
2019-12-11,LBSR,Sofia FIR,11
2019-12-11,LDZO,Zagreb FIR,2
2019-12-11,LECB,Barcelona FIR,36
2019-12-11,LECM,Madrid FIR,57
2019-12-11,LFBB,Bordeaux FIR,0
2019-12-11,LFEE,Reims FIR,20
2019-12-11,LFFF,Paris FIR,124
2019-12-11,LFMM,Marseille FIR,9
2019-12-11,LFRR,Brest FIR,0
2019-12-11,LGGG,Athinai FIR,28
2019-12-11,LHCC,Budapest FIR,35
2019-12-11,LIBB,Brindisi FIR,1
2019-12-11,LIMM,Milano FIR,69
2019-12-11,LIRR,Roma FIR,43
2019-12-11,LJLA,Ljubljana FIR,1
2019-12-11,LKAA,Praha FIR,18
2019-12-11,LMMM,Malta FIR,4
2019-12-11,LOVV,Wien FIR,66
2019-12-11,LPPC,Lisboa FIR,12
2019-12-11,LPPO,Santa Maria FIR,1
2019-12-11,LQSB,Sarajevo FIR,2
2019-12-11,LRBB,Bucarest FIR,37
2019-12-11,LSAS,Switzerland FIR,47
2019-12-11,LUUU,Chisinau FIR,2
2019-12-11,LWSS,Skopje FIR,3
2019-12-11,LYBA,Beograd FIR,11
2019-12-11,LZBB,Bratislava  FIR,1
2019-12-11,UKBV,Kiev FIR,11
2019-12-11,UKDV,Dnipro FIR,0
2019-12-11,UKLV,Lvov FIR,1
2019-12-11,UKOV,Odessa FIR,0
2019-12-11,ULLL,Sankt-Peterburg FIR,14
2019-12-11,UMMV,Minsk FIR,0
2019-12-11,UNNT,Novosibirsk FIR,0
2019-12-11,URRV,Rostov-Na-Donu FIR,1
2019-12-11,USSV,Yekaterinburg FIR,1
2019-12-11,UUWV,Moscow FIR,46
2019-12-11,UWWW,Samara FIR,0
2019-12-12,BIRD,Reykjavik FIR,4
2019-12-12,EBBU,Brussels FIR,16
2019-12-12,EDGG,Langen FIR,52
2019-12-12,EDMM,Munchen FIR,23
2019-12-12,EDWW,Bremen FIR,6
2019-12-12,EETT,Tallinn FIR,0
2019-12-12,EFIN,Helsinki FIR,31
2019-12-12,EGPX,Scottish FIR,1
2019-12-12,EGTT,London FIR,116
2019-12-12,EHAA,Amsterdam FIR,41
2019-12-12,EISN,Shannon FIR,4
2019-12-12,EKDK,Copenhagen FIR,13
2019-12-12,ENOR,Polaris FIR,12
2019-12-12,EPWW,Warszawa FIR,7
2019-12-12,ESAA,Sweden FIR,39
2019-12-12,EVRR,Riga FIR,0
2019-12-12,EYVL,Vilnius FIR,1
2019-12-12,GCCC,Canarias FIR,57
2019-12-12,GMMM,Casablanca FIR,0
2019-12-12,LAAA,Tirana FIR,2
2019-12-12,LBSR,Sofia FIR,1
2019-12-12,LDZO,Zagreb FIR,0
2019-12-12,LECB,Barcelona FIR,22
2019-12-12,LECM,Madrid FIR,58
2019-12-12,LFBB,Bordeaux FIR,0
2019-12-12,LFEE,Reims FIR,5
2019-12-12,LFFF,Paris FIR,71
2019-12-12,LFMM,Marseille FIR,1
2019-12-12,LFRR,Brest FIR,1
2019-12-12,LGGG,Athinai FIR,5
2019-12-12,LHCC,Budapest FIR,2
2019-12-12,LIBB,Brindisi FIR,0
2019-12-12,LIMM,Milano FIR,10
2019-12-12,LIRR,Roma FIR,20
2019-12-12,LJLA,Ljubljana FIR,0
2019-12-12,LKAA,Praha FIR,2
2019-12-12,LMMM,Malta FIR,0
2019-12-12,LOVV,Wien FIR,7
2019-12-12,LPPC,Lisboa FIR,40
2019-12-12,LPPO,Santa Maria FIR,0
2019-12-12,LQSB,Sarajevo FIR,0
2019-12-12,LRBB,Bucarest FIR,0
2019-12-12,LSAS,Switzerland FIR,15
2019-12-12,LUUU,Chisinau FIR,0
2019-12-12,LWSS,Skopje FIR,0
2019-12-12,LYBA,Beograd FIR,0
2019-12-12,LZBB,Bratislava  FIR,0
2019-12-12,UKBV,Kiev FIR,0
2019-12-12,UKDV,Dnipro FIR,0
2019-12-12,UKLV,Lvov FIR,0
2019-12-12,UKOV,Odessa FIR,0
2019-12-12,ULLL,Sankt-Peterburg FIR,2
2019-12-12,UMKK,Kaliningrad FIR,0
2019-12-12,UMMV,Minsk FIR,0
2019-12-12,UNKL,Krasnoyarsk FIR,0
2019-12-12,UNNT,Novosibirsk FIR,3
2019-12-12,URRV,Rostov-Na-Donu FIR,0
2019-12-12,USSV,Yekaterinburg FIR,2
2019-12-12,UUWV,Moscow FIR,18
2019-12-13,BIRD,Reykjavik FIR,6
2019-12-13,EBBU,Brussels FIR,16
2019-12-13,EDGG,Langen FIR,38
2019-12-13,EDMM,Munchen FIR,20
2019-12-13,EDWW,Bremen FIR,4
2019-12-13,EETT,Tallinn FIR,2
2019-12-13,EFIN,Helsinki FIR,25
2019-12-13,EGPX,Scottish FIR,0
2019-12-13,EGTT,London FIR,63
2019-12-13,EHAA,Amsterdam FIR,29
2019-12-13,EISN,Shannon FIR,2
2019-12-13,EKDK,Copenhagen FIR,8
2019-12-13,ENOB,Bodo Oceanic FIR,0
2019-12-13,ENOR,Polaris FIR,7
2019-12-13,EPWW,Warszawa FIR,5
2019-12-13,ESAA,Sweden FIR,29
2019-12-13,EVRR,Riga FIR,7
2019-12-13,EYVL,Vilnius FIR,2
2019-12-13,GCCC,Canarias FIR,1
2019-12-13,GMMM,Casablanca FIR,0
2019-12-13,LAAA,Tirana FIR,0
2019-12-13,LBSR,Sofia FIR,0
2019-12-13,LDZO,Zagreb FIR,0
2019-12-13,LECB,Barcelona FIR,8
2019-12-13,LECM,Madrid FIR,30
2019-12-13,LFBB,Bordeaux FIR,0
2019-12-13,LFEE,Reims FIR,0
2019-12-13,LFFF,Paris FIR,46
2019-12-13,LFMM,Marseille FIR,3
2019-12-13,LFRR,Brest FIR,0
2019-12-13,LGGG,Athinai FIR,1
2019-12-13,LHCC,Budapest FIR,1
2019-12-13,LIBB,Brindisi FIR,1
2019-12-13,LIMM,Milano FIR,6
2019-12-13,LIRR,Roma FIR,7
2019-12-13,LJLA,Ljubljana FIR,0
2019-12-13,LKAA,Praha FIR,3
2019-12-13,LMMM,Malta FIR,0
2019-12-13,LOVV,Wien FIR,6
2019-12-13,LPPC,Lisboa FIR,18
2019-12-13,LPPO,Santa Maria FIR,0
2019-12-13,LQSB,Sarajevo FIR,0
2019-12-13,LRBB,Bucarest FIR,4
2019-12-13,LSAS,Switzerland FIR,12
2019-12-13,LUUU,Chisinau FIR,1
2019-12-13,LWSS,Skopje FIR,0
2019-12-13,LYBA,Beograd FIR,0
2019-12-13,LZBB,Bratislava  FIR,0
2019-12-13,UKBV,Kiev FIR,4
2019-12-13,UKDV,Dnipro FIR,0
2019-12-13,UKLV,Lvov FIR,0
2019-12-13,UKOV,Odessa FIR,1
2019-12-13,ULLL,Sankt-Peterburg FIR,2
2019-12-13,UMMV,Minsk FIR,2
2019-12-13,UNNT,Novosibirsk FIR,1
2019-12-13,URRV,Rostov-Na-Donu FIR,0
2019-12-13,USSV,Yekaterinburg FIR,0
2019-12-13,UUWV,Moscow FIR,36
2019-12-13,UWWW,Samara FIR,0
2019-12-14,BIRD,Reykjavik FIR,5
2019-12-14,EBBU,Brussels FIR,38
2019-12-14,EDGG,Langen FIR,93
2019-12-14,EDMM,Munchen FIR,40
2019-12-14,EDWW,Bremen FIR,15
2019-12-14,EETT,Tallinn FIR,1
2019-12-14,EFIN,Helsinki FIR,37
2019-12-14,EGPX,Scottish FIR,8
2019-12-14,EGTT,London FIR,206
2019-12-14,EHAA,Amsterdam FIR,43
2019-12-14,EISN,Shannon FIR,13
2019-12-14,EKDK,Copenhagen FIR,12
2019-12-14,ENOR,Polaris FIR,23
2019-12-14,EPWW,Warszawa FIR,10
2019-12-14,ESAA,Sweden FIR,14
2019-12-14,EVRR,Riga FIR,4
2019-12-14,EYVL,Vilnius FIR,3
2019-12-14,GCCC,Canarias FIR,194
2019-12-14,GMMM,Casablanca FIR,0
2019-12-14,LAAA,Tirana FIR,0
2019-12-14,LBSR,Sofia FIR,3
2019-12-14,LDZO,Zagreb FIR,5
2019-12-14,LECB,Barcelona FIR,25
2019-12-14,LECM,Madrid FIR,93
2019-12-14,LFBB,Bordeaux FIR,8
2019-12-14,LFEE,Reims FIR,11
2019-12-14,LFFF,Paris FIR,100
2019-12-14,LFMM,Marseille FIR,14
2019-12-14,LFRR,Brest FIR,3
2019-12-14,LGGG,Athinai FIR,6
2019-12-14,LHCC,Budapest FIR,3
2019-12-14,LIBB,Brindisi FIR,1
2019-12-14,LIMM,Milano FIR,32
2019-12-14,LIRR,Roma FIR,32
2019-12-14,LJLA,Ljubljana FIR,0
2019-12-14,LKAA,Praha FIR,6
2019-12-14,LMMM,Malta FIR,2
2019-12-14,LOVV,Wien FIR,17
2019-12-14,LPPC,Lisboa FIR,58
2019-12-14,LPPO,Santa Maria FIR,0
2019-12-14,LQSB,Sarajevo FIR,0
2019-12-14,LRBB,Bucarest FIR,7
2019-12-14,LSAS,Switzerland FIR,33
2019-12-14,LUUU,Chisinau FIR,0
2019-12-14,LWSS,Skopje FIR,0
2019-12-14,LYBA,Beograd FIR,0
2019-12-14,LZBB,Bratislava  FIR,1
2019-12-14,UKBV,Kiev FIR,0
2019-12-14,UKDV,Dnipro FIR,0
2019-12-14,UKLV,Lvov FIR,0
2019-12-14,UKOV,Odessa FIR,0
2019-12-14,ULLL,Sankt-Peterburg FIR,0
2019-12-14,UMMV,Minsk FIR,0
2019-12-14,UNNT,Novosibirsk FIR,2
2019-12-14,URRV,Rostov-Na-Donu FIR,0
2019-12-14,USSV,Yekaterinburg FIR,0
2019-12-14,UUWV,Moscow FIR,106
2019-12-14,UWWW,Samara FIR,0
2019-12-15,BIRD,Reykjavik FIR,0
2019-12-15,EBBU,Brussels FIR,82
2019-12-15,EDGG,Langen FIR,171
2019-12-15,EDMM,Munchen FIR,57
2019-12-15,EDWW,Bremen FIR,51
2019-12-15,EETT,Tallinn FIR,0
2019-12-15,EFIN,Helsinki FIR,21
2019-12-15,EGPX,Scottish FIR,16
2019-12-15,EGTT,London FIR,338
2019-12-15,EHAA,Amsterdam FIR,91
2019-12-15,EISN,Shannon FIR,21
2019-12-15,EKDK,Copenhagen FIR,29
2019-12-15,ENOR,Polaris FIR,12
2019-12-15,EPWW,Warszawa FIR,27
2019-12-15,ESAA,Sweden FIR,22
2019-12-15,EVRR,Riga FIR,1
2019-12-15,EYVL,Vilnius FIR,1
2019-12-15,GCCC,Canarias FIR,172
2019-12-15,GMMM,Casablanca FIR,0
2019-12-15,LAAA,Tirana FIR,1
2019-12-15,LBSR,Sofia FIR,9
2019-12-15,LDZO,Zagreb FIR,1
2019-12-15,LECB,Barcelona FIR,100
2019-12-15,LECM,Madrid FIR,213
2019-12-15,LFBB,Bordeaux FIR,13
2019-12-15,LFEE,Reims FIR,19
2019-12-15,LFFF,Paris FIR,180
2019-12-15,LFMM,Marseille FIR,25
2019-12-15,LFRR,Brest FIR,12
2019-12-15,LGGG,Athinai FIR,18
2019-12-15,LHCC,Budapest FIR,26
2019-12-15,LIBB,Brindisi FIR,0
2019-12-15,LIMM,Milano FIR,55
2019-12-15,LIRR,Roma FIR,47
2019-12-15,LJLA,Ljubljana FIR,0
2019-12-15,LKAA,Praha FIR,15
2019-12-15,LMMM,Malta FIR,6
2019-12-15,LOVV,Wien FIR,34
2019-12-15,LPPC,Lisboa FIR,109
2019-12-15,LPPO,Santa Maria FIR,0
2019-12-15,LQSB,Sarajevo FIR,2
2019-12-15,LRBB,Bucarest FIR,19
2019-12-15,LSAS,Switzerland FIR,51
2019-12-15,LUUU,Chisinau FIR,2
2019-12-15,LWSS,Skopje FIR,0
2019-12-15,LYBA,Beograd FIR,7
2019-12-15,LZBB,Bratislava  FIR,5
2019-12-15,UKBV,Kiev FIR,4
2019-12-15,UKDV,Dnipro FIR,0
2019-12-15,UKLV,Lvov FIR,0
2019-12-15,UKOV,Odessa FIR,0
2019-12-15,ULLL,Sankt-Peterburg FIR,0
2019-12-15,UMKK,Kaliningrad FIR,0
2019-12-15,UMMV,Minsk FIR,0
2019-12-15,UNKL,Krasnoyarsk FIR,0
2019-12-15,UNNT,Novosibirsk FIR,3
2019-12-15,URRV,Rostov-Na-Donu FIR,0
2019-12-15,USSV,Yekaterinburg FIR,3
2019-12-15,UUWV,Moscow FIR,25
2019-12-15,UWWW,Samara FIR,1
2019-12-16,BIRD,Reykjavik FIR,1
2019-12-16,EBBU,Brussels FIR,145
2019-12-16,EDGG,Langen FIR,311
2019-12-16,EDMM,Munchen FIR,129
2019-12-16,EDWW,Bremen FIR,118
2019-12-16,EETT,Tallinn FIR,2
2019-12-16,EFIN,Helsinki FIR,23
2019-12-16,EGPX,Scottish FIR,20
2019-12-16,EGTT,London FIR,582
2019-12-16,EHAA,Amsterdam FIR,158
2019-12-16,EISN,Shannon FIR,29
2019-12-16,EKDK,Copenhagen FIR,57
2019-12-16,ENOB,Bodo Oceanic FIR,0
2019-12-16,ENOR,Polaris FIR,15
2019-12-16,EPWW,Warszawa FIR,104
2019-12-16,ESAA,Sweden FIR,37
2019-12-16,EVRR,Riga FIR,6
2019-12-16,EYVL,Vilnius FIR,8
2019-12-16,GCCC,Canarias FIR,51
2019-12-16,GMMM,Casablanca FIR,0
2019-12-16,LAAA,Tirana FIR,4
2019-12-16,LBSR,Sofia FIR,24
2019-12-16,LDZO,Zagreb FIR,6
2019-12-16,LECB,Barcelona FIR,135
2019-12-16,LECM,Madrid FIR,153
2019-12-16,LFBB,Bordeaux FIR,22
2019-12-16,LFEE,Reims FIR,27
2019-12-16,LFFF,Paris FIR,237
2019-12-16,LFMM,Marseille FIR,46
2019-12-16,LFRR,Brest FIR,6
2019-12-16,LGGG,Athinai FIR,38
2019-12-16,LHCC,Budapest FIR,60
2019-12-16,LIBB,Brindisi FIR,9
2019-12-16,LIMM,Milano FIR,179
2019-12-16,LIRR,Roma FIR,161
2019-12-16,LJLA,Ljubljana FIR,3
2019-12-16,LKAA,Praha FIR,47
2019-12-16,LMMM,Malta FIR,20
2019-12-16,LOVV,Wien FIR,86
2019-12-16,LPPC,Lisboa FIR,74
2019-12-16,LPPO,Santa Maria FIR,0
2019-12-16,LQSB,Sarajevo FIR,2
2019-12-16,LRBB,Bucarest FIR,54
2019-12-16,LSAS,Switzerland FIR,91
2019-12-16,LUUU,Chisinau FIR,2
2019-12-16,LWSS,Skopje FIR,3
2019-12-16,LYBA,Beograd FIR,9
2019-12-16,LZBB,Bratislava  FIR,6
2019-12-16,UKBV,Kiev FIR,24
2019-12-16,UKDV,Dnipro FIR,2
2019-12-16,UKLV,Lvov FIR,7
2019-12-16,UKOV,Odessa FIR,2
2019-12-16,ULLL,Sankt-Peterburg FIR,5
2019-12-16,UMKK,Kaliningrad FIR,0
2019-12-16,UMMV,Minsk FIR,1
2019-12-16,UNNT,Novosibirsk FIR,3
2019-12-16,URRV,Rostov-Na-Donu FIR,0
2019-12-16,UUWV,Moscow FIR,52
2019-12-16,UWWW,Samara FIR,0
2019-12-17,BIRD,Reykjavik FIR,8
2019-12-17,EBBU,Brussels FIR,58
2019-12-17,EDGG,Langen FIR,204
2019-12-17,EDMM,Munchen FIR,75
2019-12-17,EDWW,Bremen FIR,87
2019-12-17,EETT,Tallinn FIR,9
2019-12-17,EFIN,Helsinki FIR,48
2019-12-17,EGPX,Scottish FIR,16
2019-12-17,EGTT,London FIR,318
2019-12-17,EHAA,Amsterdam FIR,98
2019-12-17,EISN,Shannon FIR,16
2019-12-17,EKDK,Copenhagen FIR,42
2019-12-17,ENOR,Polaris FIR,34
2019-12-17,EPWW,Warszawa FIR,79
2019-12-17,ESAA,Sweden FIR,64
2019-12-17,EVRR,Riga FIR,20
2019-12-17,EYVL,Vilnius FIR,22
2019-12-17,GCCC,Canarias FIR,38
2019-12-17,GMMM,Casablanca FIR,0
2019-12-17,LAAA,Tirana FIR,2
2019-12-17,LBSR,Sofia FIR,10
2019-12-17,LDZO,Zagreb FIR,3
2019-12-17,LECB,Barcelona FIR,27
2019-12-17,LECM,Madrid FIR,48
2019-12-17,LFBB,Bordeaux FIR,5
2019-12-17,LFEE,Reims FIR,8
2019-12-17,LFFF,Paris FIR,109
2019-12-17,LFMM,Marseille FIR,5
2019-12-17,LFRR,Brest FIR,3
2019-12-17,LGGG,Athinai FIR,19
2019-12-17,LHCC,Budapest FIR,30
2019-12-17,LIBB,Brindisi FIR,5
2019-12-17,LIMM,Milano FIR,50
2019-12-17,LIRR,Roma FIR,39
2019-12-17,LJLA,Ljubljana FIR,1
2019-12-17,LKAA,Praha FIR,30
2019-12-17,LMMM,Malta FIR,5
2019-12-17,LOVV,Wien FIR,39
2019-12-17,LPPC,Lisboa FIR,57
2019-12-17,LPPO,Santa Maria FIR,0
2019-12-17,LQSB,Sarajevo FIR,2
2019-12-17,LRBB,Bucarest FIR,35
2019-12-17,LSAS,Switzerland FIR,32
2019-12-17,LUUU,Chisinau FIR,5
2019-12-17,LWSS,Skopje FIR,5
2019-12-17,LYBA,Beograd FIR,11
2019-12-17,LZBB,Bratislava  FIR,1
2019-12-17,UKBV,Kiev FIR,16
2019-12-17,UKDV,Dnipro FIR,0
2019-12-17,UKLV,Lvov FIR,3
2019-12-17,UKOV,Odessa FIR,0
2019-12-17,ULLL,Sankt-Peterburg FIR,7
2019-12-17,UMKK,Kaliningrad FIR,0
2019-12-17,UMMV,Minsk FIR,1
2019-12-17,UNKL,Krasnoyarsk FIR,0
2019-12-17,UNNT,Novosibirsk FIR,1
2019-12-17,USSV,Yekaterinburg FIR,0
2019-12-17,UUWV,Moscow FIR,91
2019-12-18,BIRD,Reykjavik FIR,2
2019-12-18,EBBU,Brussels FIR,40
2019-12-18,EDGG,Langen FIR,140
2019-12-18,EDMM,Munchen FIR,51
2019-12-18,EDWW,Bremen FIR,24
2019-12-18,EETT,Tallinn FIR,1
2019-12-18,EFIN,Helsinki FIR,21
2019-12-18,EGPX,Scottish FIR,12
2019-12-18,EGTT,London FIR,197
2019-12-18,EHAA,Amsterdam FIR,53
2019-12-18,EISN,Shannon FIR,7
2019-12-18,EKDK,Copenhagen FIR,15
2019-12-18,ENOR,Polaris FIR,6
2019-12-18,EPWW,Warszawa FIR,14
2019-12-18,ESAA,Sweden FIR,9
2019-12-18,EVRR,Riga FIR,4
2019-12-18,EYVL,Vilnius FIR,2
2019-12-18,GCCC,Canarias FIR,29
2019-12-18,GMMM,Casablanca FIR,0
2019-12-18,LAAA,Tirana FIR,4
2019-12-18,LBSR,Sofia FIR,9
2019-12-18,LDZO,Zagreb FIR,3
2019-12-18,LECB,Barcelona FIR,24
2019-12-18,LECM,Madrid FIR,66
2019-12-18,LFBB,Bordeaux FIR,4
2019-12-18,LFEE,Reims FIR,12
2019-12-18,LFFF,Paris FIR,89
2019-12-18,LFMM,Marseille FIR,10
2019-12-18,LFRR,Brest FIR,0
2019-12-18,LGGG,Athinai FIR,55
2019-12-18,LHCC,Budapest FIR,14
2019-12-18,LIBB,Brindisi FIR,10
2019-12-18,LIMM,Milano FIR,78
2019-12-18,LIRR,Roma FIR,77
2019-12-18,LJLA,Ljubljana FIR,1
2019-12-18,LKAA,Praha FIR,14
2019-12-18,LMMM,Malta FIR,11
2019-12-18,LOVV,Wien FIR,30
2019-12-18,LPPC,Lisboa FIR,26
2019-12-18,LPPO,Santa Maria FIR,0
2019-12-18,LQSB,Sarajevo FIR,0
2019-12-18,LRBB,Bucarest FIR,17
2019-12-18,LSAS,Switzerland FIR,42
2019-12-18,LUUU,Chisinau FIR,0
2019-12-18,LWSS,Skopje FIR,4
2019-12-18,LYBA,Beograd FIR,4
2019-12-18,LZBB,Bratislava  FIR,5
2019-12-18,UKBV,Kiev FIR,1
2019-12-18,UKDV,Dnipro FIR,0
2019-12-18,UKLV,Lvov FIR,0
2019-12-18,UKOV,Odessa FIR,0
2019-12-18,ULLL,Sankt-Peterburg FIR,1
2019-12-18,UMKK,Kaliningrad FIR,0
2019-12-18,UMMV,Minsk FIR,1
2019-12-18,UNNT,Novosibirsk FIR,1
2019-12-18,URRV,Rostov-Na-Donu FIR,0
2019-12-18,USSV,Yekaterinburg FIR,0
2019-12-18,UUWV,Moscow FIR,58
2019-12-18,UWWW,Samara FIR,0
2019-12-19,BIRD,Reykjavik FIR,4
2019-12-19,EBBU,Brussels FIR,68
2019-12-19,EDGG,Langen FIR,246
2019-12-19,EDMM,Munchen FIR,116
2019-12-19,EDWW,Bremen FIR,90
2019-12-19,EETT,Tallinn FIR,11
2019-12-19,EFIN,Helsinki FIR,44
2019-12-19,EGPX,Scottish FIR,18
2019-12-19,EGTT,London FIR,324
2019-12-19,EHAA,Amsterdam FIR,107
2019-12-19,EISN,Shannon FIR,24
2019-12-19,EKDK,Copenhagen FIR,48
2019-12-19,ENOR,Polaris FIR,49
2019-12-19,EPWW,Warszawa FIR,100
2019-12-19,ESAA,Sweden FIR,60
2019-12-19,EVRR,Riga FIR,10
2019-12-19,EYVL,Vilnius FIR,12
2019-12-19,GCCC,Canarias FIR,21
2019-12-19,GMMM,Casablanca FIR,0
2019-12-19,LAAA,Tirana FIR,2
2019-12-19,LBSR,Sofia FIR,40
2019-12-19,LDZO,Zagreb FIR,5
2019-12-19,LECB,Barcelona FIR,35
2019-12-19,LECM,Madrid FIR,51
2019-12-19,LFBB,Bordeaux FIR,2
2019-12-19,LFEE,Reims FIR,38
2019-12-19,LFFF,Paris FIR,118
2019-12-19,LFMM,Marseille FIR,35
2019-12-19,LFRR,Brest FIR,0
2019-12-19,LGGG,Athinai FIR,95
2019-12-19,LHCC,Budapest FIR,49
2019-12-19,LIBB,Brindisi FIR,8
2019-12-19,LIMM,Milano FIR,77
2019-12-19,LIRR,Roma FIR,61
2019-12-19,LJLA,Ljubljana FIR,2
2019-12-19,LKAA,Praha FIR,34
2019-12-19,LMMM,Malta FIR,4
2019-12-19,LOVV,Wien FIR,79
2019-12-19,LPPC,Lisboa FIR,35
2019-12-19,LPPO,Santa Maria FIR,5
2019-12-19,LQSB,Sarajevo FIR,2
2019-12-19,LRBB,Bucarest FIR,84
2019-12-19,LSAS,Switzerland FIR,59
2019-12-19,LUUU,Chisinau FIR,4
2019-12-19,LWSS,Skopje FIR,9
2019-12-19,LYBA,Beograd FIR,18
2019-12-19,LZBB,Bratislava  FIR,1
2019-12-19,UKBV,Kiev FIR,16
2019-12-19,UKDV,Dnipro FIR,0
2019-12-19,UKLV,Lvov FIR,0
2019-12-19,UKOV,Odessa FIR,2
2019-12-19,ULLL,Sankt-Peterburg FIR,5
2019-12-19,UMMV,Minsk FIR,0
2019-12-19,UNNT,Novosibirsk FIR,4
2019-12-19,URRV,Rostov-Na-Donu FIR,0
2019-12-19,USSV,Yekaterinburg FIR,0
2019-12-19,UUWV,Moscow FIR,49
2019-12-20,BIRD,Reykjavik FIR,7
2019-12-20,EBBU,Brussels FIR,46
2019-12-20,EDGG,Langen FIR,161
2019-12-20,EDMM,Munchen FIR,64
2019-12-20,EDWW,Bremen FIR,35
2019-12-20,EETT,Tallinn FIR,7
2019-12-20,EFIN,Helsinki FIR,52
2019-12-20,EGPX,Scottish FIR,20
2019-12-20,EGTT,London FIR,204
2019-12-20,EHAA,Amsterdam FIR,64
2019-12-20,EISN,Shannon FIR,10
2019-12-20,EKDK,Copenhagen FIR,29
2019-12-20,ENOB,Bodo Oceanic FIR,0
2019-12-20,ENOR,Polaris FIR,29
2019-12-20,EPWW,Warszawa FIR,37
2019-12-20,ESAA,Sweden FIR,53
2019-12-20,EVRR,Riga FIR,15
2019-12-20,EYVL,Vilnius FIR,8
2019-12-20,GCCC,Canarias FIR,135
2019-12-20,GMMM,Casablanca FIR,0
2019-12-20,LAAA,Tirana FIR,0
2019-12-20,LBSR,Sofia FIR,8
2019-12-20,LDZO,Zagreb FIR,3
2019-12-20,LECB,Barcelona FIR,34
2019-12-20,LECM,Madrid FIR,77
2019-12-20,LFBB,Bordeaux FIR,2
2019-12-20,LFEE,Reims FIR,4
2019-12-20,LFFF,Paris FIR,96
2019-12-20,LFMM,Marseille FIR,7
2019-12-20,LFRR,Brest FIR,3
2019-12-20,LGGG,Athinai FIR,21
2019-12-20,LHCC,Budapest FIR,19
2019-12-20,LIBB,Brindisi FIR,3
2019-12-20,LIMM,Milano FIR,69
2019-12-20,LIRR,Roma FIR,51
2019-12-20,LJLA,Ljubljana FIR,2
2019-12-20,LKAA,Praha FIR,20
2019-12-20,LMMM,Malta FIR,19
2019-12-20,LOVV,Wien FIR,19
2019-12-20,LPPC,Lisboa FIR,35
2019-12-20,LPPO,Santa Maria FIR,7
2019-12-20,LQSB,Sarajevo FIR,0
2019-12-20,LRBB,Bucarest FIR,20
2019-12-20,LSAS,Switzerland FIR,35
2019-12-20,LUUU,Chisinau FIR,2
2019-12-20,LWSS,Skopje FIR,2
2019-12-20,LYBA,Beograd FIR,3
2019-12-20,LZBB,Bratislava  FIR,2
2019-12-20,UKBV,Kiev FIR,16
2019-12-20,UKDV,Dnipro FIR,1
2019-12-20,UKLV,Lvov FIR,0
2019-12-20,UKOV,Odessa FIR,1
2019-12-20,ULLL,Sankt-Peterburg FIR,12
2019-12-20,UMMV,Minsk FIR,1
2019-12-20,UNNT,Novosibirsk FIR,2
2019-12-20,URRV,Rostov-Na-Donu FIR,1
2019-12-20,USSV,Yekaterinburg FIR,1
2019-12-20,UUWV,Moscow FIR,104
2019-12-20,UWWW,Samara FIR,1
2019-12-21,BIRD,Reykjavik FIR,1
2019-12-21,EBBU,Brussels FIR,32
2019-12-21,EDGG,Langen FIR,96
2019-12-21,EDMM,Munchen FIR,49
2019-12-21,EDWW,Bremen FIR,21
2019-12-21,EETT,Tallinn FIR,2
2019-12-21,EFIN,Helsinki FIR,25
2019-12-21,EGPX,Scottish FIR,7
2019-12-21,EGTT,London FIR,107
2019-12-21,EHAA,Amsterdam FIR,34
2019-12-21,EISN,Shannon FIR,8
2019-12-21,EKDK,Copenhagen FIR,18
2019-12-21,ENOR,Polaris FIR,24
2019-12-21,EPWW,Warszawa FIR,24
2019-12-21,ESAA,Sweden FIR,19
2019-12-21,EVRR,Riga FIR,4
2019-12-21,EYVL,Vilnius FIR,5
2019-12-21,GCCC,Canarias FIR,3
2019-12-21,GMMM,Casablanca FIR,0
2019-12-21,LAAA,Tirana FIR,0
2019-12-21,LBSR,Sofia FIR,12
2019-12-21,LDZO,Zagreb FIR,1
2019-12-21,LECB,Barcelona FIR,11
2019-12-21,LECM,Madrid FIR,29
2019-12-21,LFBB,Bordeaux FIR,2
2019-12-21,LFEE,Reims FIR,2
2019-12-21,LFFF,Paris FIR,55
2019-12-21,LFMM,Marseille FIR,11
2019-12-21,LFRR,Brest FIR,0
2019-12-21,LGGG,Athinai FIR,19
2019-12-21,LHCC,Budapest FIR,10
2019-12-21,LIBB,Brindisi FIR,0
2019-12-21,LIMM,Milano FIR,34
2019-12-21,LIRR,Roma FIR,32
2019-12-21,LJLA,Ljubljana FIR,1
2019-12-21,LKAA,Praha FIR,18
2019-12-21,LMMM,Malta FIR,1
2019-12-21,LOVV,Wien FIR,28
2019-12-21,LPPC,Lisboa FIR,15
2019-12-21,LPPO,Santa Maria FIR,0
2019-12-21,LQSB,Sarajevo FIR,0
2019-12-21,LRBB,Bucarest FIR,23
2019-12-21,LSAS,Switzerland FIR,28
2019-12-21,LUUU,Chisinau FIR,0
2019-12-21,LWSS,Skopje FIR,4
2019-12-21,LYBA,Beograd FIR,0
2019-12-21,LZBB,Bratislava  FIR,1
2019-12-21,UKBV,Kiev FIR,1
2019-12-21,UKDV,Dnipro FIR,1
2019-12-21,UKLV,Lvov FIR,0
2019-12-21,UKOV,Odessa FIR,0
2019-12-21,ULLL,Sankt-Peterburg FIR,0
2019-12-21,UMMV,Minsk FIR,1
2019-12-21,UNNT,Novosibirsk FIR,3
2019-12-21,URRV,Rostov-Na-Donu FIR,0
2019-12-21,USSV,Yekaterinburg FIR,1
2019-12-21,UUWV,Moscow FIR,37
2019-12-21,UWWW,Samara FIR,0
2019-12-22,BIRD,Reykjavik FIR,1
2019-12-22,EBBU,Brussels FIR,16
2019-12-22,EDGG,Langen FIR,74
2019-12-22,EDMM,Munchen FIR,36
2019-12-22,EDWW,Bremen FIR,18
2019-12-22,EETT,Tallinn FIR,6
2019-12-22,EFIN,Helsinki FIR,16
2019-12-22,EGPX,Scottish FIR,3
2019-12-22,EGTT,London FIR,75
2019-12-22,EHAA,Amsterdam FIR,39
2019-12-22,EISN,Shannon FIR,4
2019-12-22,EKDK,Copenhagen FIR,15
2019-12-22,ENOR,Polaris FIR,3
2019-12-22,EPWW,Warszawa FIR,14
2019-12-22,ESAA,Sweden FIR,14
2019-12-22,EVRR,Riga FIR,7
2019-12-22,EYVL,Vilnius FIR,3
2019-12-22,GCCC,Canarias FIR,0
2019-12-22,GMMM,Casablanca FIR,0
2019-12-22,LAAA,Tirana FIR,0
2019-12-22,LBSR,Sofia FIR,4
2019-12-22,LDZO,Zagreb FIR,1
2019-12-22,LECB,Barcelona FIR,8
2019-12-22,LECM,Madrid FIR,29
2019-12-22,LFBB,Bordeaux FIR,0
2019-12-22,LFEE,Reims FIR,0
2019-12-22,LFFF,Paris FIR,48
2019-12-22,LFMM,Marseille FIR,1
2019-12-22,LFRR,Brest FIR,0
2019-12-22,LGGG,Athinai FIR,9
2019-12-22,LHCC,Budapest FIR,13
2019-12-22,LIBB,Brindisi FIR,0
2019-12-22,LIMM,Milano FIR,18
2019-12-22,LIRR,Roma FIR,13
2019-12-22,LJLA,Ljubljana FIR,0
2019-12-22,LKAA,Praha FIR,14
2019-12-22,LMMM,Malta FIR,0
2019-12-22,LOVV,Wien FIR,13
2019-12-22,LPPC,Lisboa FIR,5
2019-12-22,LPPO,Santa Maria FIR,1
2019-12-22,LQSB,Sarajevo FIR,0
2019-12-22,LRBB,Bucarest FIR,7
2019-12-22,LSAS,Switzerland FIR,19
2019-12-22,LUUU,Chisinau FIR,1
2019-12-22,LWSS,Skopje FIR,0
2019-12-22,LYBA,Beograd FIR,1
2019-12-22,LZBB,Bratislava  FIR,0
2019-12-22,UKBV,Kiev FIR,1
2019-12-22,UKDV,Dnipro FIR,0
2019-12-22,UKLV,Lvov FIR,0
2019-12-22,UKOV,Odessa FIR,0
2019-12-22,ULLL,Sankt-Peterburg FIR,3
2019-12-22,UMKK,Kaliningrad FIR,0
2019-12-22,UMMV,Minsk FIR,0
2019-12-22,UNKL,Krasnoyarsk FIR,0
2019-12-22,UNNT,Novosibirsk FIR,1
2019-12-22,URRV,Rostov-Na-Donu FIR,0
2019-12-22,USSV,Yekaterinburg FIR,0
2019-12-22,UUWV,Moscow FIR,90
2019-12-22,UWWW,Samara FIR,2
2019-12-23,BIRD,Reykjavik FIR,3
2019-12-23,EBBU,Brussels FIR,5
2019-12-23,EDGG,Langen FIR,54
2019-12-23,EDMM,Munchen FIR,28
2019-12-23,EDWW,Bremen FIR,14
2019-12-23,EETT,Tallinn FIR,3
2019-12-23,EFIN,Helsinki FIR,35
2019-12-23,EGPX,Scottish FIR,2
2019-12-23,EGTT,London FIR,91
2019-12-23,EHAA,Amsterdam FIR,26
2019-12-23,EISN,Shannon FIR,10
2019-12-23,EKDK,Copenhagen FIR,10
2019-12-23,ENOR,Polaris FIR,11
2019-12-23,EPWW,Warszawa FIR,31
2019-12-23,ESAA,Sweden FIR,20
2019-12-23,EVRR,Riga FIR,2
2019-12-23,EYVL,Vilnius FIR,9
2019-12-23,GCCC,Canarias FIR,27
2019-12-23,GMMM,Casablanca FIR,0
2019-12-23,LAAA,Tirana FIR,0
2019-12-23,LBSR,Sofia FIR,1
2019-12-23,LDZO,Zagreb FIR,0
2019-12-23,LECB,Barcelona FIR,16
2019-12-23,LECM,Madrid FIR,51
2019-12-23,LFBB,Bordeaux FIR,2
2019-12-23,LFEE,Reims FIR,0
2019-12-23,LFFF,Paris FIR,59
2019-12-23,LFMM,Marseille FIR,2
2019-12-23,LFRR,Brest FIR,1
2019-12-23,LGGG,Athinai FIR,7
2019-12-23,LHCC,Budapest FIR,9
2019-12-23,LIBB,Brindisi FIR,0
2019-12-23,LIMM,Milano FIR,18
2019-12-23,LIRR,Roma FIR,16
2019-12-23,LJLA,Ljubljana FIR,0
2019-12-23,LKAA,Praha FIR,10
2019-12-23,LMMM,Malta FIR,0
2019-12-23,LOVV,Wien FIR,11
2019-12-23,LPPC,Lisboa FIR,49
2019-12-23,LPPO,Santa Maria FIR,2
2019-12-23,LQSB,Sarajevo FIR,0
2019-12-23,LRBB,Bucarest FIR,3
2019-12-23,LSAS,Switzerland FIR,19
2019-12-23,LUUU,Chisinau FIR,0
2019-12-23,LWSS,Skopje FIR,1
2019-12-23,LYBA,Beograd FIR,1
2019-12-23,LZBB,Bratislava  FIR,0
2019-12-23,UKBV,Kiev FIR,11
2019-12-23,UKDV,Dnipro FIR,1
2019-12-23,UKLV,Lvov FIR,1
2019-12-23,UKOV,Odessa FIR,3
2019-12-23,ULLL,Sankt-Peterburg FIR,4
2019-12-23,UMMV,Minsk FIR,4
2019-12-23,UNNT,Novosibirsk FIR,2
2019-12-23,UUWV,Moscow FIR,80
2019-12-23,UWWW,Samara FIR,0
2019-12-24,BIRD,Reykjavik FIR,1
2019-12-24,EBBU,Brussels FIR,9
2019-12-24,EDGG,Langen FIR,36
2019-12-24,EDMM,Munchen FIR,16
2019-12-24,EDWW,Bremen FIR,8
2019-12-24,EETT,Tallinn FIR,4
2019-12-24,EFIN,Helsinki FIR,11
2019-12-24,EGPX,Scottish FIR,2
2019-12-24,EGTT,London FIR,59
2019-12-24,EHAA,Amsterdam FIR,25
2019-12-24,EISN,Shannon FIR,4
2019-12-24,EKDK,Copenhagen FIR,3
2019-12-24,ENOR,Polaris FIR,3
2019-12-24,EPWW,Warszawa FIR,2
2019-12-24,ESAA,Sweden FIR,9
2019-12-24,EVRR,Riga FIR,4
2019-12-24,EYVL,Vilnius FIR,3
2019-12-24,GCCC,Canarias FIR,22
2019-12-24,GMMM,Casablanca FIR,0
2019-12-24,LAAA,Tirana FIR,0
2019-12-24,LBSR,Sofia FIR,2
2019-12-24,LDZO,Zagreb FIR,2
2019-12-24,LECB,Barcelona FIR,8
2019-12-24,LECM,Madrid FIR,45
2019-12-24,LFBB,Bordeaux FIR,1
2019-12-24,LFEE,Reims FIR,0
2019-12-24,LFFF,Paris FIR,50
2019-12-24,LFMM,Marseille FIR,3
2019-12-24,LFRR,Brest FIR,0
2019-12-24,LGGG,Athinai FIR,2
2019-12-24,LHCC,Budapest FIR,3
2019-12-24,LIBB,Brindisi FIR,0
2019-12-24,LIMM,Milano FIR,14
2019-12-24,LIRR,Roma FIR,16
2019-12-24,LJLA,Ljubljana FIR,0
2019-12-24,LKAA,Praha FIR,10
2019-12-24,LMMM,Malta FIR,1
2019-12-24,LOVV,Wien FIR,6
2019-12-24,LPPC,Lisboa FIR,31
2019-12-24,LPPO,Santa Maria FIR,2
2019-12-24,LQSB,Sarajevo FIR,0
2019-12-24,LRBB,Bucarest FIR,2
2019-12-24,LSAS,Switzerland FIR,9
2019-12-24,LUUU,Chisinau FIR,0
2019-12-24,LWSS,Skopje FIR,0
2019-12-24,LYBA,Beograd FIR,0
2019-12-24,LZBB,Bratislava  FIR,0
2019-12-24,UKBV,Kiev FIR,1
2019-12-24,UKDV,Dnipro FIR,0
2019-12-24,UKLV,Lvov FIR,0
2019-12-24,UKOV,Odessa FIR,0
2019-12-24,ULLL,Sankt-Peterburg FIR,13
2019-12-24,UMMV,Minsk FIR,0
2019-12-24,UNNT,Novosibirsk FIR,1
2019-12-24,USSV,Yekaterinburg FIR,1
2019-12-24,UUWV,Moscow FIR,130
2019-12-25,BIRD,Reykjavik FIR,2
2019-12-25,EBBU,Brussels FIR,21
2019-12-25,EDGG,Langen FIR,50
2019-12-25,EDMM,Munchen FIR,18
2019-12-25,EDWW,Bremen FIR,10
2019-12-25,EETT,Tallinn FIR,2
2019-12-25,EFIN,Helsinki FIR,11
2019-12-25,EGPX,Scottish FIR,1
2019-12-25,EGTT,London FIR,92
2019-12-25,EHAA,Amsterdam FIR,48
2019-12-25,EISN,Shannon FIR,0
2019-12-25,EKDK,Copenhagen FIR,6
2019-12-25,ENOR,Polaris FIR,9
2019-12-25,EPWW,Warszawa FIR,7
2019-12-25,ESAA,Sweden FIR,10
2019-12-25,EVRR,Riga FIR,4
2019-12-25,EYVL,Vilnius FIR,1
2019-12-25,GCCC,Canarias FIR,106
2019-12-25,GMMM,Casablanca FIR,0
2019-12-25,LAAA,Tirana FIR,0
2019-12-25,LBSR,Sofia FIR,0
2019-12-25,LDZO,Zagreb FIR,0
2019-12-25,LECB,Barcelona FIR,22
2019-12-25,LECM,Madrid FIR,83
2019-12-25,LFBB,Bordeaux FIR,4
2019-12-25,LFEE,Reims FIR,4
2019-12-25,LFFF,Paris FIR,106
2019-12-25,LFMM,Marseille FIR,2
2019-12-25,LFRR,Brest FIR,3
2019-12-25,LGGG,Athinai FIR,2
2019-12-25,LHCC,Budapest FIR,4
2019-12-25,LIBB,Brindisi FIR,0
2019-12-25,LIMM,Milano FIR,15
2019-12-25,LIRR,Roma FIR,12
2019-12-25,LJLA,Ljubljana FIR,1
2019-12-25,LKAA,Praha FIR,4
2019-12-25,LMMM,Malta FIR,0
2019-12-25,LOVV,Wien FIR,7
2019-12-25,LPPC,Lisboa FIR,72
2019-12-25,LPPO,Santa Maria FIR,0
2019-12-25,LQSB,Sarajevo FIR,0
2019-12-25,LRBB,Bucarest FIR,2
2019-12-25,LSAS,Switzerland FIR,26
2019-12-25,LUUU,Chisinau FIR,0
2019-12-25,LWSS,Skopje FIR,0
2019-12-25,LYBA,Beograd FIR,0
2019-12-25,LZBB,Bratislava  FIR,0
2019-12-25,UKBV,Kiev FIR,0
2019-12-25,UKDV,Dnipro FIR,0
2019-12-25,UKLV,Lvov FIR,0
2019-12-25,UKOV,Odessa FIR,0
2019-12-25,ULLL,Sankt-Peterburg FIR,0
2019-12-25,UMMV,Minsk FIR,0
2019-12-25,UNNT,Novosibirsk FIR,1
2019-12-25,URRV,Rostov-Na-Donu FIR,0
2019-12-25,USSV,Yekaterinburg FIR,0
2019-12-25,UUWV,Moscow FIR,91
2019-12-25,UWWW,Samara FIR,0
2019-12-26,BIRD,Reykjavik FIR,20
2019-12-26,EBBU,Brussels FIR,25
2019-12-26,EDGG,Langen FIR,97
2019-12-26,EDMM,Munchen FIR,39
2019-12-26,EDWW,Bremen FIR,10
2019-12-26,EETT,Tallinn FIR,0
2019-12-26,EFIN,Helsinki FIR,24
2019-12-26,EGPX,Scottish FIR,24
2019-12-26,EGTT,London FIR,237
2019-12-26,EHAA,Amsterdam FIR,69
2019-12-26,EISN,Shannon FIR,27
2019-12-26,EKDK,Copenhagen FIR,17
2019-12-26,ENOB,Bodo Oceanic FIR,0
2019-12-26,ENOR,Polaris FIR,12
2019-12-26,EPWW,Warszawa FIR,19
2019-12-26,ESAA,Sweden FIR,12
2019-12-26,EVRR,Riga FIR,4
2019-12-26,EYVL,Vilnius FIR,4
2019-12-26,GCCC,Canarias FIR,153
2019-12-26,GMMM,Casablanca FIR,0
2019-12-26,LAAA,Tirana FIR,1
2019-12-26,LBSR,Sofia FIR,2
2019-12-26,LDZO,Zagreb FIR,1
2019-12-26,LECB,Barcelona FIR,35
2019-12-26,LECM,Madrid FIR,90
2019-12-26,LFBB,Bordeaux FIR,4
2019-12-26,LFEE,Reims FIR,6
2019-12-26,LFFF,Paris FIR,116
2019-12-26,LFMM,Marseille FIR,8
2019-12-26,LFRR,Brest FIR,0
2019-12-26,LGGG,Athinai FIR,9
2019-12-26,LHCC,Budapest FIR,9
2019-12-26,LIBB,Brindisi FIR,2
2019-12-26,LIMM,Milano FIR,25
2019-12-26,LIRR,Roma FIR,30
2019-12-26,LJLA,Ljubljana FIR,0
2019-12-26,LKAA,Praha FIR,3
2019-12-26,LMMM,Malta FIR,2
2019-12-26,LOVV,Wien FIR,17
2019-12-26,LPPC,Lisboa FIR,59
2019-12-26,LPPO,Santa Maria FIR,1
2019-12-26,LQSB,Sarajevo FIR,0
2019-12-26,LRBB,Bucarest FIR,8
2019-12-26,LSAS,Switzerland FIR,21
2019-12-26,LUUU,Chisinau FIR,0
2019-12-26,LWSS,Skopje FIR,0
2019-12-26,LYBA,Beograd FIR,1
2019-12-26,LZBB,Bratislava  FIR,0
2019-12-26,UKBV,Kiev FIR,0
2019-12-26,UKDV,Dnipro FIR,0
2019-12-26,UKLV,Lvov FIR,0
2019-12-26,UKOV,Odessa FIR,0
2019-12-26,ULLL,Sankt-Peterburg FIR,0
2019-12-26,UMMV,Minsk FIR,0
2019-12-26,UNNT,Novosibirsk FIR,1
2019-12-26,URRV,Rostov-Na-Donu FIR,1
2019-12-26,USSV,Yekaterinburg FIR,0
2019-12-26,UUWV,Moscow FIR,88
2019-12-27,BIRD,Reykjavik FIR,32
2019-12-27,EBBU,Brussels FIR,10
2019-12-27,EDGG,Langen FIR,76
2019-12-27,EDMM,Munchen FIR,28
2019-12-27,EDWW,Bremen FIR,5
2019-12-27,EETT,Tallinn FIR,1
2019-12-27,EFIN,Helsinki FIR,13
2019-12-27,EGPX,Scottish FIR,23
2019-12-27,EGTT,London FIR,256
2019-12-27,EHAA,Amsterdam FIR,54
2019-12-27,EISN,Shannon FIR,44
2019-12-27,EKDK,Copenhagen FIR,19
2019-12-27,ENOB,Bodo Oceanic FIR,0
2019-12-27,ENOR,Polaris FIR,10
2019-12-27,EPWW,Warszawa FIR,14
2019-12-27,ESAA,Sweden FIR,11
2019-12-27,EVRR,Riga FIR,5
2019-12-27,EYVL,Vilnius FIR,3
2019-12-27,GCCC,Canarias FIR,48
2019-12-27,GMMM,Casablanca FIR,0
2019-12-27,LAAA,Tirana FIR,0
2019-12-27,LBSR,Sofia FIR,0
2019-12-27,LDZO,Zagreb FIR,0
2019-12-27,LECB,Barcelona FIR,35
2019-12-27,LECM,Madrid FIR,59
2019-12-27,LFBB,Bordeaux FIR,6
2019-12-27,LFEE,Reims FIR,2
2019-12-27,LFFF,Paris FIR,85
2019-12-27,LFMM,Marseille FIR,2
2019-12-27,LFRR,Brest FIR,2
2019-12-27,LGGG,Athinai FIR,1
2019-12-27,LHCC,Budapest FIR,1
2019-12-27,LIBB,Brindisi FIR,0
2019-12-27,LIMM,Milano FIR,12
2019-12-27,LIRR,Roma FIR,19
2019-12-27,LJLA,Ljubljana FIR,0
2019-12-27,LKAA,Praha FIR,2
2019-12-27,LMMM,Malta FIR,0
2019-12-27,LOVV,Wien FIR,11
2019-12-27,LPPC,Lisboa FIR,37
2019-12-27,LPPO,Santa Maria FIR,2
2019-12-27,LQSB,Sarajevo FIR,0
2019-12-27,LRBB,Bucarest FIR,3
2019-12-27,LSAS,Switzerland FIR,21
2019-12-27,LUUU,Chisinau FIR,1
2019-12-27,LWSS,Skopje FIR,0
2019-12-27,LYBA,Beograd FIR,0
2019-12-27,LZBB,Bratislava  FIR,0
2019-12-27,UKBV,Kiev FIR,0
2019-12-27,UKDV,Dnipro FIR,0
2019-12-27,UKLV,Lvov FIR,0
2019-12-27,UKOV,Odessa FIR,0
2019-12-27,ULLL,Sankt-Peterburg FIR,0
2019-12-27,UMMV,Minsk FIR,0
2019-12-27,UNKL,Krasnoyarsk FIR,1
2019-12-27,UNNT,Novosibirsk FIR,1
2019-12-27,URRV,Rostov-Na-Donu FIR,0
2019-12-27,USSV,Yekaterinburg FIR,1
2019-12-27,UUWV,Moscow FIR,107
2019-12-27,UWWW,Samara FIR,1
2019-12-28,BIRD,Reykjavik FIR,27
2019-12-28,EBBU,Brussels FIR,38
2019-12-28,EDGG,Langen FIR,91
2019-12-28,EDMM,Munchen FIR,39
2019-12-28,EDWW,Bremen FIR,14
2019-12-28,EETT,Tallinn FIR,1
2019-12-28,EFIN,Helsinki FIR,38
2019-12-28,EGPX,Scottish FIR,25
2019-12-28,EGTT,London FIR,327
2019-12-28,EHAA,Amsterdam FIR,66
2019-12-28,EISN,Shannon FIR,53
2019-12-28,EKDK,Copenhagen FIR,26
2019-12-28,ENOR,Polaris FIR,59
2019-12-28,EPWW,Warszawa FIR,25
2019-12-28,ESAA,Sweden FIR,21
2019-12-28,EVRR,Riga FIR,2
2019-12-28,EYVL,Vilnius FIR,3
2019-12-28,GCCC,Canarias FIR,99
2019-12-28,GMMM,Casablanca FIR,0
2019-12-28,LAAA,Tirana FIR,0
2019-12-28,LBSR,Sofia FIR,3
2019-12-28,LDZO,Zagreb FIR,1
2019-12-28,LECB,Barcelona FIR,76
2019-12-28,LECM,Madrid FIR,83
2019-12-28,LFBB,Bordeaux FIR,3
2019-12-28,LFEE,Reims FIR,12
2019-12-28,LFFF,Paris FIR,124
2019-12-28,LFMM,Marseille FIR,35
2019-12-28,LFRR,Brest FIR,4
2019-12-28,LGGG,Athinai FIR,4
2019-12-28,LHCC,Budapest FIR,8
2019-12-28,LIBB,Brindisi FIR,0
2019-12-28,LIMM,Milano FIR,31
2019-12-28,LIRR,Roma FIR,24
2019-12-28,LJLA,Ljubljana FIR,0
2019-12-28,LKAA,Praha FIR,6
2019-12-28,LMMM,Malta FIR,2
2019-12-28,LOVV,Wien FIR,13
2019-12-28,LPPC,Lisboa FIR,43
2019-12-28,LPPO,Santa Maria FIR,2
2019-12-28,LQSB,Sarajevo FIR,0
2019-12-28,LRBB,Bucarest FIR,4
2019-12-28,LSAS,Switzerland FIR,61
2019-12-28,LUUU,Chisinau FIR,0
2019-12-28,LWSS,Skopje FIR,0
2019-12-28,LYBA,Beograd FIR,0
2019-12-28,LZBB,Bratislava  FIR,3
2019-12-28,UKBV,Kiev FIR,1
2019-12-28,UKDV,Dnipro FIR,0
2019-12-28,UKLV,Lvov FIR,0
2019-12-28,UKOV,Odessa FIR,0
2019-12-28,ULLL,Sankt-Peterburg FIR,1
2019-12-28,UMMV,Minsk FIR,0
2019-12-28,UNNT,Novosibirsk FIR,2
2019-12-28,URRV,Rostov-Na-Donu FIR,0
2019-12-28,USSV,Yekaterinburg FIR,2
2019-12-28,UUWV,Moscow FIR,8
2019-12-29,BIRD,Reykjavik FIR,16
2019-12-29,EBBU,Brussels FIR,22
2019-12-29,EDGG,Langen FIR,75
2019-12-29,EDMM,Munchen FIR,27
2019-12-29,EDWW,Bremen FIR,14
2019-12-29,EETT,Tallinn FIR,1
2019-12-29,EFIN,Helsinki FIR,55
2019-12-29,EGPX,Scottish FIR,20
2019-12-29,EGTT,London FIR,209
2019-12-29,EHAA,Amsterdam FIR,66
2019-12-29,EISN,Shannon FIR,21
2019-12-29,EKDK,Copenhagen FIR,32
2019-12-29,ENOR,Polaris FIR,40
2019-12-29,EPWW,Warszawa FIR,34
2019-12-29,ESAA,Sweden FIR,35
2019-12-29,EVRR,Riga FIR,6
2019-12-29,EYVL,Vilnius FIR,5
2019-12-29,GCCC,Canarias FIR,46
2019-12-29,GMMM,Casablanca FIR,0
2019-12-29,LAAA,Tirana FIR,0
2019-12-29,LBSR,Sofia FIR,1
2019-12-29,LDZO,Zagreb FIR,0
2019-12-29,LECB,Barcelona FIR,29
2019-12-29,LECM,Madrid FIR,77
2019-12-29,LFBB,Bordeaux FIR,3
2019-12-29,LFEE,Reims FIR,0
2019-12-29,LFFF,Paris FIR,87
2019-12-29,LFMM,Marseille FIR,2
2019-12-29,LFRR,Brest FIR,0
2019-12-29,LGGG,Athinai FIR,0
2019-12-29,LHCC,Budapest FIR,4
2019-12-29,LIBB,Brindisi FIR,0
2019-12-29,LIMM,Milano FIR,17
2019-12-29,LIRR,Roma FIR,21
2019-12-29,LJLA,Ljubljana FIR,0
2019-12-29,LKAA,Praha FIR,5
2019-12-29,LMMM,Malta FIR,1
2019-12-29,LOVV,Wien FIR,6
2019-12-29,LPPC,Lisboa FIR,29
2019-12-29,LPPO,Santa Maria FIR,0
2019-12-29,LQSB,Sarajevo FIR,1
2019-12-29,LRBB,Bucarest FIR,1
2019-12-29,LSAS,Switzerland FIR,18
2019-12-29,LUUU,Chisinau FIR,1
2019-12-29,LWSS,Skopje FIR,0
2019-12-29,LYBA,Beograd FIR,0
2019-12-29,LZBB,Bratislava  FIR,0
2019-12-29,UKBV,Kiev FIR,3
2019-12-29,UKDV,Dnipro FIR,0
2019-12-29,UKLV,Lvov FIR,0
2019-12-29,UKOV,Odessa FIR,0
2019-12-29,ULLL,Sankt-Peterburg FIR,4
2019-12-29,UMKK,Kaliningrad FIR,0
2019-12-29,UMMV,Minsk FIR,0
2019-12-29,UNNT,Novosibirsk FIR,2
2019-12-29,URRV,Rostov-Na-Donu FIR,0
2019-12-29,USSV,Yekaterinburg FIR,0
2019-12-29,UUWV,Moscow FIR,11
2019-12-29,UWWW,Samara FIR,0
2019-12-30,BIRD,Reykjavik FIR,10
2019-12-30,EBBU,Brussels FIR,16
2019-12-30,EDGG,Langen FIR,80
2019-12-30,EDMM,Munchen FIR,29
2019-12-30,EDWW,Bremen FIR,22
2019-12-30,EETT,Tallinn FIR,7
2019-12-30,EFIN,Helsinki FIR,68
2019-12-30,EGPX,Scottish FIR,3
2019-12-30,EGTT,London FIR,145
2019-12-30,EHAA,Amsterdam FIR,49
2019-12-30,EISN,Shannon FIR,14
2019-12-30,EKDK,Copenhagen FIR,11
2019-12-30,ENOB,Bodo Oceanic FIR,0
2019-12-30,ENOR,Polaris FIR,24
2019-12-30,EPWW,Warszawa FIR,12
2019-12-30,ESAA,Sweden FIR,19
2019-12-30,EVRR,Riga FIR,17
2019-12-30,EYVL,Vilnius FIR,5
2019-12-30,GCCC,Canarias FIR,25
2019-12-30,GMMM,Casablanca FIR,0
2019-12-30,LAAA,Tirana FIR,0
2019-12-30,LBSR,Sofia FIR,1
2019-12-30,LDZO,Zagreb FIR,2
2019-12-30,LECB,Barcelona FIR,21
2019-12-30,LECM,Madrid FIR,63
2019-12-30,LFBB,Bordeaux FIR,0
2019-12-30,LFEE,Reims FIR,0
2019-12-30,LFFF,Paris FIR,90
2019-12-30,LFMM,Marseille FIR,4
2019-12-30,LFRR,Brest FIR,0
2019-12-30,LGGG,Athinai FIR,5
2019-12-30,LHCC,Budapest FIR,5
2019-12-30,LIBB,Brindisi FIR,0
2019-12-30,LIMM,Milano FIR,30
2019-12-30,LIRR,Roma FIR,18
2019-12-30,LJLA,Ljubljana FIR,1
2019-12-30,LKAA,Praha FIR,19
2019-12-30,LMMM,Malta FIR,0
2019-12-30,LOVV,Wien FIR,12
2019-12-30,LPPC,Lisboa FIR,31
2019-12-30,LPPO,Santa Maria FIR,5
2019-12-30,LQSB,Sarajevo FIR,0
2019-12-30,LRBB,Bucarest FIR,2
2019-12-30,LSAS,Switzerland FIR,25
2019-12-30,LUUU,Chisinau FIR,0
2019-12-30,LWSS,Skopje FIR,0
2019-12-30,LYBA,Beograd FIR,0
2019-12-30,LZBB,Bratislava  FIR,0
2019-12-30,UKBV,Kiev FIR,4
2019-12-30,UKDV,Dnipro FIR,1
2019-12-30,UKLV,Lvov FIR,0
2019-12-30,UKOV,Odessa FIR,0
2019-12-30,ULLL,Sankt-Peterburg FIR,18
2019-12-30,UMKK,Kaliningrad FIR,0
2019-12-30,UMMV,Minsk FIR,0
2019-12-30,USSV,Yekaterinburg FIR,0
2019-12-30,UUWV,Moscow FIR,75
2019-12-30,UWWW,Samara FIR,0
2019-12-31,BIRD,Reykjavik FIR,11
2019-12-31,EBBU,Brussels FIR,11
2019-12-31,EDGG,Langen FIR,45
2019-12-31,EDMM,Munchen FIR,22
2019-12-31,EDWW,Bremen FIR,8
2019-12-31,EETT,Tallinn FIR,1
2019-12-31,EFIN,Helsinki FIR,5
2019-12-31,EGPX,Scottish FIR,4
2019-12-31,EGTT,London FIR,138
2019-12-31,EHAA,Amsterdam FIR,41
2019-12-31,EISN,Shannon FIR,19
2019-12-31,EKDK,Copenhagen FIR,4
2019-12-31,ENOR,Polaris FIR,2
2019-12-31,EPWW,Warszawa FIR,5
2019-12-31,ESAA,Sweden FIR,4
2019-12-31,EVRR,Riga FIR,0
2019-12-31,EYVL,Vilnius FIR,0
2019-12-31,GCCC,Canarias FIR,8
2019-12-31,GMMM,Casablanca FIR,0
2019-12-31,LAAA,Tirana FIR,0
2019-12-31,LBSR,Sofia FIR,0
2019-12-31,LDZO,Zagreb FIR,0
2019-12-31,LECB,Barcelona FIR,10
2019-12-31,LECM,Madrid FIR,39
2019-12-31,LFBB,Bordeaux FIR,0
2019-12-31,LFEE,Reims FIR,4
2019-12-31,LFFF,Paris FIR,69
2019-12-31,LFMM,Marseille FIR,4
2019-12-31,LFRR,Brest FIR,1
2019-12-31,LGGG,Athinai FIR,4
2019-12-31,LHCC,Budapest FIR,3
2019-12-31,LIBB,Brindisi FIR,0
2019-12-31,LIMM,Milano FIR,18
2019-12-31,LIRR,Roma FIR,15
2019-12-31,LJLA,Ljubljana FIR,0
2019-12-31,LKAA,Praha FIR,2
2019-12-31,LMMM,Malta FIR,0
2019-12-31,LOVV,Wien FIR,6
2019-12-31,LPPC,Lisboa FIR,30
2019-12-31,LPPO,Santa Maria FIR,3
2019-12-31,LQSB,Sarajevo FIR,0
2019-12-31,LRBB,Bucarest FIR,0
2019-12-31,LSAS,Switzerland FIR,23
2019-12-31,LUUU,Chisinau FIR,0
2019-12-31,LWSS,Skopje FIR,0
2019-12-31,LYBA,Beograd FIR,0
2019-12-31,LZBB,Bratislava  FIR,0
2019-12-31,UKBV,Kiev FIR,0
2019-12-31,UKDV,Dnipro FIR,0
2019-12-31,UKLV,Lvov FIR,0
2019-12-31,UKOV,Odessa FIR,0
2019-12-31,ULLL,Sankt-Peterburg FIR,0
2019-12-31,UMMV,Minsk FIR,0
2019-12-31,UNNT,Novosibirsk FIR,1
2019-12-31,USSV,Yekaterinburg FIR,0
2019-12-31,UUWV,Moscow FIR,5
