Week,Region,Cooling,Persistent contrails,Warming,Very warming,Extremely warming
1,European Airspace,0.018,0.1115,0.0934,0.0308,0.0062
1,North Atlantic,0.0133,0.115,0.1017,0.0321,0.0053
1,Continental Europe,0.0232,0.1293,0.1062,0.0305,0.0052
1,Global,0.0197,0.0829,0.0632,0.0238,0.006
1,USA,0.0179,0.0709,0.0531,0.0147,0.0018
1,East Asia,0.0042,0.0147,0.0105,0.0028,0.0004
1,Southeast Asia,0.0397,0.1455,0.1058,0.0449,0.016
1,Latin America,0.0233,0.0954,0.0721,0.03,0.01
1,Africa & Middle East,0.0126,0.0521,0.0394,0.0147,0.0043
1,China,0.0135,0.0527,0.0392,0.0118,0.0017
1,India,0.0073,0.0274,0.0201,0.0071,0.0021
1,North Pacific,0.0211,0.123,0.1019,0.0359,0.0064
1,Arctic,0.0001,0.157,0.1569,0.0687,0.0189
1,Reykjavik FIR,0.002,0.1256,0.1235,0.056,0.0186
1,Brussels FIR,0.0158,0.0992,0.0834,0.0193,0.0054
1,Langen FIR,0.0176,0.1225,0.1049,0.0345,0.0055
1,Munchen FIR,0.0274,0.1632,0.1357,0.0348,0.0048
1,Bremen FIR,0.0179,0.1358,0.118,0.0295,0.0067
1,Tallinn FIR,0.0067,0.0596,0.0529,0.0085,0.0007
1,Helsinki FIR,0.0008,0.0449,0.0442,0.0079,0.0013
1,Shanwick FIR,0.0162,0.1598,0.1436,0.0503,0.0093
1,Scottish FIR,0.0056,0.1382,0.1326,0.043,0.0081
1,London FIR,0.0128,0.0949,0.082,0.0233,0.0074
1,Amsterdam FIR,0.0094,0.0904,0.0809,0.0213,0.0057
1,Shannon FIR,0.0147,0.1261,0.1114,0.0341,0.0097
1,Copenhagen FIR,0.0106,0.1797,0.1691,0.0493,0.01
1,Bodo Oceanic FIR,0.0004,0.1385,0.1381,0.0708,0.0275
1,Polaris FIR,0.0062,0.1276,0.1213,0.0315,0.008
1,Warszawa FIR,0.0278,0.2058,0.178,0.0537,0.0083
1,Sweden FIR,0.0068,0.0808,0.074,0.0187,0.0054
1,Riga FIR,0.0222,0.1623,0.1402,0.0369,0.0078
1,Vilnius FIR,0.0302,0.2168,0.1866,0.0577,0.0134
1,Canarias FIR,0.014,0.0433,0.0293,0.0107,0.0022
1,Tirana FIR,0.043,0.146,0.1031,0.0244,0.0025
1,Sofia FIR,0.0468,0.1526,0.1059,0.0354,0.0072
1,Nicosia FIR,0.0168,0.0455,0.0286,0.0075,0.0006
1,Zagreb FIR,0.0317,0.2014,0.1697,0.0581,0.0091
1,Barcelona FIR,0.032,0.1101,0.0781,0.0253,0.006
1,Madrid FIR,0.0243,0.1132,0.0889,0.022,0.0024
1,Bordeaux FIR,0.0258,0.1121,0.0863,0.0217,0.0027
1,Reims FIR,0.0274,0.1365,0.1091,0.0369,0.0021
1,Paris FIR,0.0218,0.1104,0.0886,0.0131,0.0007
1,Marseille FIR,0.0329,0.1531,0.1202,0.0405,0.0067
1,Brest FIR,0.0143,0.0828,0.0685,0.0174,0.0031
1,Athinai FIR,0.0292,0.0808,0.0516,0.0134,0.0014
1,Budapest FIR,0.022,0.1824,0.1604,0.0599,0.0112
1,Brindisi FIR,0.0326,0.1509,0.1184,0.035,0.0033
1,Milano FIR,0.0361,0.1987,0.1626,0.0494,0.0041
1,Roma FIR,0.0382,0.1435,0.1053,0.031,0.0033
1,Ljubljana FIR,0.0328,0.1986,0.1658,0.0652,0.0131
1,Praha FIR,0.0334,0.1734,0.14,0.0336,0.0036
1,Malta FIR,0.0269,0.0729,0.046,0.0086,0.001
1,Wien FIR,0.0315,0.1728,0.1413,0.0379,0.0057
1,Lisboa FIR,0.0295,0.12,0.0905,0.0258,0.0054
1,Santa Maria FIR,0.0293,0.1274,0.0981,0.0298,0.0056
1,Sarajevo FIR,0.0356,0.1954,0.1598,0.0551,0.0088
1,Bucarest FIR,0.0412,0.1808,0.1396,0.0546,0.0132
1,Switzerland FIR,0.0325,0.1663,0.1338,0.0356,0.0013
1,Ankara FIR,0.0299,0.1318,0.1019,0.0285,0.0024
1,Istanbul FIR,0.0369,0.1025,0.0655,0.0162,0.0021
1,Chisinau FIR,0.0456,0.2031,0.1574,0.0673,0.0175
1,Skopje FIR,0.053,0.1492,0.0962,0.0288,0.0033
1,Beograd FIR,0.0414,0.173,0.1317,0.0419,0.0065
1,Bratislava  FIR,0.0281,0.173,0.1449,0.0486,0.0079
1,Yerevan FIR,0.0374,0.108,0.0706,0.0203,0.0057
1,Tibilisi FIR,0.0273,0.1267,0.0994,0.0234,0.0043
1,Kiev FIR,0.0444,0.253,0.2086,0.0718,0.0068
1,Dnipro FIR,0.0327,0.2483,0.2156,0.081,0.0147
1,Simferopol FIR,0.0348,0.1711,0.1363,0.0626,0.017
1,Lvov FIR,0.031,0.2283,0.1973,0.0658,0.0084
1,Odessa FIR,0.0454,0.1928,0.1475,0.0656,0.0152
2,European Airspace,0.0183,0.1143,0.096,0.0319,0.0077
2,North Atlantic,0.0168,0.1292,0.1124,0.0367,0.0096
2,Continental Europe,0.0215,0.0836,0.0621,0.02,0.0046
2,Global,0.0187,0.0788,0.0602,0.0202,0.0048
2,USA,0.0309,0.1265,0.0956,0.0209,0.0042
2,East Asia,0.0038,0.0122,0.0084,0.0017,0.0002
2,Southeast Asia,0.0346,0.1484,0.1137,0.0483,0.0168
2,Latin America,0.0136,0.0598,0.0462,0.0161,0.0048
2,Africa & Middle East,0.0118,0.0534,0.0416,0.014,0.004
2,China,0.0125,0.0542,0.0417,0.0088,0.0009
2,India,0.0084,0.0291,0.0207,0.0066,0.0025
2,North Pacific,0.0221,0.1261,0.104,0.0311,0.0056
2,Arctic,0.0002,0.1119,0.1117,0.0388,0.0081
2,Reykjavik FIR,0.0078,0.2284,0.2207,0.0837,0.0282
2,Brussels FIR,0.0122,0.0725,0.0603,0.0212,0.0081
2,Langen FIR,0.0186,0.0894,0.0708,0.0294,0.0094
2,Munchen FIR,0.0249,0.086,0.0611,0.0208,0.0037
2,Bremen FIR,0.0117,0.0491,0.0374,0.0086,0.0008
2,Tallinn FIR,0.0187,0.1979,0.1792,0.0739,0.0209
2,Helsinki FIR,0.0119,0.2445,0.2327,0.0958,0.0186
2,Shanwick FIR,0.0142,0.117,0.1029,0.0326,0.0094
2,Scottish FIR,0.0097,0.0575,0.0478,0.0184,0.0087
2,London FIR,0.0029,0.0329,0.03,0.0121,0.0038
2,Amsterdam FIR,0.0056,0.071,0.0654,0.0305,0.0063
2,Shannon FIR,0.0007,0.0068,0.0061,0.0017,0.0003
2,Copenhagen FIR,0.0126,0.0651,0.0524,0.0124,0.0023
2,Bodo Oceanic FIR,0.0013,0.2234,0.2221,0.0855,0.0235
2,Polaris FIR,0.0152,0.221,0.2058,0.0448,0.0093
2,Warszawa FIR,0.0106,0.0676,0.057,0.0188,0.0025
2,Sweden FIR,0.0169,0.2136,0.1967,0.0563,0.0126
2,Riga FIR,0.0137,0.1588,0.1451,0.0586,0.0194
2,Vilnius FIR,0.011,0.126,0.115,0.0508,0.0132
2,Canarias FIR,0.0236,0.1088,0.0852,0.0372,0.0107
2,Tirana FIR,0.0085,0.0448,0.0363,0.015,0.0063
2,Sofia FIR,0.0269,0.0903,0.0634,0.0194,0.0016
2,Nicosia FIR,0.02,0.0484,0.0284,0.0107,0.0005
2,Zagreb FIR,0.0287,0.087,0.0582,0.0226,0.0055
2,Barcelona FIR,0.0362,0.1158,0.0796,0.0222,0.0058
2,Madrid FIR,0.0445,0.1348,0.0903,0.027,0.0053
2,Bordeaux FIR,0.0187,0.0784,0.0596,0.0231,0.006
2,Reims FIR,0.0157,0.0623,0.0466,0.0164,0.001
2,Paris FIR,0.0052,0.0344,0.0291,0.0069,0.002
2,Marseille FIR,0.0247,0.1027,0.078,0.0279,0.0048
2,Brest FIR,0.0083,0.0524,0.0441,0.0167,0.0036
2,Athinai FIR,0.0083,0.0317,0.0234,0.0066,0.001
2,Budapest FIR,0.0113,0.0562,0.045,0.0091,0.0008
2,Brindisi FIR,0.0213,0.0707,0.0494,0.0166,0.0035
2,Milano FIR,0.0303,0.1146,0.0842,0.0293,0.0041
2,Roma FIR,0.0238,0.0774,0.0536,0.0172,0.0025
2,Ljubljana FIR,0.0479,0.1064,0.0585,0.0203,0.0049
2,Praha FIR,0.0171,0.0829,0.0659,0.0246,0.0018
2,Malta FIR,0.0107,0.0234,0.0127,0.0025,0.0002
2,Wien FIR,0.0246,0.0912,0.0666,0.0153,0.0026
2,Lisboa FIR,0.0456,0.1655,0.1199,0.0493,0.0149
2,Santa Maria FIR,0.026,0.1071,0.0811,0.0227,0.0051
2,Sarajevo FIR,0.0276,0.0731,0.0455,0.0181,0.0095
2,Bucarest FIR,0.0138,0.0588,0.045,0.0175,0.0019
2,Switzerland FIR,0.018,0.0685,0.0505,0.0146,0.0011
2,Ankara FIR,0.0183,0.0995,0.0812,0.019,0.0011
2,Istanbul FIR,0.013,0.0705,0.0575,0.0195,0.002
2,Chisinau FIR,0.0074,0.0744,0.0671,0.0268,0.0035
2,Skopje FIR,0.0181,0.0578,0.0397,0.0163,0.0063
2,Beograd FIR,0.0225,0.0782,0.0557,0.0248,0.0043
2,Bratislava  FIR,0.0111,0.0633,0.0523,0.0077,0.0007
2,Yerevan FIR,0.0367,0.1303,0.0936,0.0163,0.0013
2,Tibilisi FIR,0.0221,0.0935,0.0713,0.0127,0.0027
2,Kiev FIR,0.0088,0.1213,0.1125,0.0551,0.0142
2,Dnipro FIR,0.007,0.1558,0.1488,0.0745,0.0192
2,Simferopol FIR,0.0053,0.0518,0.0464,0.0162,0.0014
2,Lvov FIR,0.0139,0.0838,0.0698,0.0263,0.004
2,Odessa FIR,0.0057,0.0746,0.0689,0.037,0.0029
3,European Airspace,0.0235,0.1374,0.1139,0.0387,0.0079
3,North Atlantic,0.0247,0.1519,0.1272,0.0419,0.0081
3,Continental Europe,0.0343,0.1627,0.1284,0.0361,0.006
3,Global,0.0174,0.0746,0.0572,0.02,0.0047
3,USA,0.028,0.1145,0.0865,0.0226,0.0035
3,East Asia,0.0063,0.0229,0.0166,0.0038,0.0005
3,Southeast Asia,0.0398,0.1655,0.1257,0.0535,0.0188
3,Latin America,0.0117,0.0446,0.0329,0.01,0.0024
3,Africa & Middle East,0.0113,0.0485,0.0372,0.0124,0.0035
3,China,0.0096,0.0343,0.0248,0.0063,0.0006
3,India,0.0035,0.0133,0.0099,0.0023,0.0008
3,North Pacific,0.0249,0.1381,0.1133,0.0373,0.0065
3,Arctic,0.0009,0.0831,0.0822,0.0343,0.0101
3,Reykjavik FIR,0.009,0.139,0.13,0.0509,0.0111
3,Brussels FIR,0.0251,0.2388,0.2137,0.0476,0.0049
3,Langen FIR,0.035,0.2116,0.1767,0.0401,0.0066
3,Munchen FIR,0.0369,0.1863,0.1494,0.0426,0.0096
3,Bremen FIR,0.0304,0.1674,0.1369,0.042,0.0034
3,Tallinn FIR,0.0133,0.1308,0.1175,0.0655,0.0145
3,Helsinki FIR,0.0116,0.1539,0.1423,0.0638,0.022
3,Shanwick FIR,0.0297,0.1818,0.1521,0.0581,0.0088
3,Scottish FIR,0.0188,0.1639,0.1451,0.0374,0.0054
3,London FIR,0.0379,0.2085,0.1705,0.0575,0.0081
3,Amsterdam FIR,0.0267,0.1934,0.1667,0.0577,0.0062
3,Shannon FIR,0.0323,0.1838,0.1516,0.0371,0.0035
3,Copenhagen FIR,0.0227,0.1307,0.108,0.0289,0.0039
3,Bodo Oceanic FIR,0.0018,0.1847,0.1828,0.0737,0.0334
3,Polaris FIR,0.0123,0.1698,0.1575,0.044,0.0142
3,Warszawa FIR,0.0162,0.1501,0.1339,0.042,0.0067
3,Sweden FIR,0.0121,0.1191,0.107,0.0311,0.0082
3,Riga FIR,0.0128,0.1185,0.1057,0.0515,0.0069
3,Vilnius FIR,0.0059,0.1213,0.1153,0.0364,0.0031
3,Canarias FIR,0.0115,0.0394,0.0279,0.0082,0.0014
3,Tirana FIR,0.0232,0.112,0.0889,0.0282,0.0101
3,Sofia FIR,0.0526,0.205,0.1524,0.0592,0.0147
3,Nicosia FIR,0.0156,0.0844,0.0688,0.032,0.0081
3,Zagreb FIR,0.0266,0.1356,0.109,0.0298,0.0066
3,Barcelona FIR,0.0457,0.1356,0.0898,0.0202,0.004
3,Madrid FIR,0.0405,0.1731,0.1326,0.035,0.0061
3,Bordeaux FIR,0.0379,0.1852,0.1474,0.0329,0.0031
3,Reims FIR,0.0328,0.2218,0.1889,0.0401,0.0052
3,Paris FIR,0.034,0.2451,0.2111,0.0597,0.0038
3,Marseille FIR,0.0338,0.1352,0.1014,0.0241,0.0048
3,Brest FIR,0.0587,0.2554,0.1967,0.0647,0.0082
3,Athinai FIR,0.0278,0.098,0.0702,0.0232,0.0056
3,Budapest FIR,0.0179,0.1465,0.1286,0.0342,0.0056
3,Brindisi FIR,0.0275,0.118,0.0905,0.0226,0.0064
3,Milano FIR,0.0281,0.1419,0.1138,0.0346,0.0069
3,Roma FIR,0.034,0.1161,0.0821,0.018,0.0039
3,Ljubljana FIR,0.0297,0.15,0.1203,0.0348,0.0075
3,Praha FIR,0.0294,0.1848,0.1553,0.0457,0.0091
3,Malta FIR,0.0378,0.096,0.0583,0.0131,0.0013
3,Wien FIR,0.0397,0.1768,0.1371,0.0326,0.0036
3,Lisboa FIR,0.0217,0.1082,0.0865,0.0354,0.0118
3,Santa Maria FIR,0.0188,0.0765,0.0577,0.0195,0.0053
3,Sarajevo FIR,0.0327,0.1491,0.1165,0.0326,0.0081
3,Bucarest FIR,0.0376,0.1904,0.1528,0.0491,0.0104
3,Switzerland FIR,0.0349,0.1579,0.123,0.0292,0.0079
3,Ankara FIR,0.0418,0.1852,0.1434,0.0432,0.0072
3,Istanbul FIR,0.0374,0.1505,0.1131,0.0348,0.0049
3,Chisinau FIR,0.0315,0.1747,0.1432,0.0659,0.0237
3,Skopje FIR,0.0404,0.1627,0.1223,0.0353,0.0117
3,Beograd FIR,0.0408,0.1645,0.1237,0.0398,0.0093
3,Bratislava  FIR,0.0192,0.1677,0.1485,0.0298,0.0047
3,Yerevan FIR,0.0565,0.1697,0.1132,0.0452,0.0141
3,Tibilisi FIR,0.0461,0.2012,0.1551,0.0498,0.0145
3,Kiev FIR,0.0088,0.1686,0.1598,0.0805,0.0169
3,Dnipro FIR,0.0133,0.2178,0.2045,0.0987,0.0166
3,Simferopol FIR,0.0382,0.2277,0.1895,0.0904,0.0166
3,Lvov FIR,0.0123,0.1538,0.1414,0.0544,0.013
3,Odessa FIR,0.0277,0.1948,0.1671,0.0781,0.0189
4,European Airspace,0.0206,0.1277,0.1071,0.039,0.0085
4,North Atlantic,0.0263,0.141,0.1148,0.0417,0.0095
4,Continental Europe,0.0431,0.1911,0.148,0.0498,0.0119
4,Global,0.0162,0.0732,0.057,0.0203,0.0049
4,USA,0.0204,0.1138,0.0934,0.0249,0.0036
4,East Asia,0.0041,0.0158,0.0117,0.0032,0.0008
4,Southeast Asia,0.029,0.1131,0.0842,0.035,0.0122
4,Latin America,0.0126,0.0496,0.037,0.0118,0.0029
4,Africa & Middle East,0.0083,0.0399,0.0316,0.0132,0.0045
4,China,0.0095,0.0348,0.0253,0.0071,0.0017
4,India,0.0107,0.0412,0.0305,0.0088,0.0035
4,North Pacific,0.0242,0.1369,0.1127,0.0409,0.0083
4,Arctic,0.0019,0.1093,0.1073,0.0427,0.0116
4,Reykjavik FIR,0.0057,0.1436,0.1379,0.0593,0.0143
4,Brussels FIR,0.054,0.2986,0.2446,0.077,0.0197
4,Langen FIR,0.0316,0.2098,0.1783,0.0276,0.0048
4,Munchen FIR,0.0359,0.1643,0.1284,0.014,0.0013
4,Bremen FIR,0.0209,0.1715,0.1505,0.0308,0.0033
4,Tallinn FIR,0.0178,0.1918,0.174,0.0494,0.0053
4,Helsinki FIR,0.0152,0.2405,0.2253,0.07,0.0104
4,Shanwick FIR,0.0338,0.215,0.1812,0.069,0.0166
4,Scottish FIR,0.0423,0.2396,0.1973,0.0586,0.012
4,London FIR,0.0642,0.3039,0.2397,0.0852,0.0181
4,Amsterdam FIR,0.0464,0.2361,0.1897,0.064,0.0159
4,Shannon FIR,0.0375,0.2514,0.214,0.0576,0.0111
4,Copenhagen FIR,0.0394,0.2111,0.1718,0.0419,0.0063
4,Bodo Oceanic FIR,0.0023,0.2786,0.2763,0.119,0.0351
4,Polaris FIR,0.0167,0.2462,0.2295,0.0616,0.0093
4,Warszawa FIR,0.0243,0.1405,0.1162,0.0278,0.0031
4,Sweden FIR,0.0183,0.2312,0.2128,0.0594,0.0065
4,Riga FIR,0.0203,0.1837,0.1633,0.0521,0.006
4,Vilnius FIR,0.0195,0.1766,0.1571,0.0508,0.008
4,Canarias FIR,0.006,0.0205,0.0146,0.005,0.0008
4,Tirana FIR,0.0104,0.0496,0.0392,0.0037,0.0001
4,Sofia FIR,0.0079,0.0339,0.026,0.0064,0.0005
4,Nicosia FIR,0.0001,0.0008,0.0007,0.0003,0.0
4,Zagreb FIR,0.0244,0.1263,0.1019,0.0172,0.0031
4,Barcelona FIR,0.058,0.1728,0.1148,0.0392,0.0097
4,Madrid FIR,0.0669,0.2057,0.1387,0.0746,0.0215
4,Bordeaux FIR,0.0863,0.3165,0.2302,0.0937,0.029
4,Reims FIR,0.0543,0.2977,0.2435,0.0424,0.0147
4,Paris FIR,0.0689,0.3685,0.2996,0.0882,0.0195
4,Marseille FIR,0.0674,0.1963,0.1289,0.0339,0.008
4,Brest FIR,0.0748,0.3638,0.289,0.1366,0.0351
4,Athinai FIR,0.0048,0.0142,0.0094,0.0011,0.0
4,Budapest FIR,0.0176,0.1064,0.0888,0.0227,0.0035
4,Brindisi FIR,0.0043,0.0432,0.0389,0.0055,0.0017
4,Milano FIR,0.0686,0.1804,0.1118,0.0156,0.002
4,Roma FIR,0.0079,0.0341,0.0262,0.0051,0.0008
4,Ljubljana FIR,0.0455,0.1577,0.1122,0.0221,0.0033
4,Praha FIR,0.0263,0.1286,0.1023,0.0221,0.0018
4,Malta FIR,0.0005,0.0013,0.0009,0.0,0.0
4,Wien FIR,0.0326,0.1189,0.0863,0.0186,0.0022
4,Lisboa FIR,0.0493,0.1582,0.1089,0.0632,0.0168
4,Santa Maria FIR,0.0297,0.1338,0.1041,0.0425,0.0114
4,Sarajevo FIR,0.0145,0.1082,0.0937,0.0197,0.0022
4,Bucarest FIR,0.0196,0.0682,0.0485,0.0152,0.0013
4,Switzerland FIR,0.0518,0.1648,0.113,0.0148,0.0037
4,Ankara FIR,0.0082,0.033,0.0248,0.0061,0.0009
4,Istanbul FIR,0.0082,0.0171,0.0089,0.0019,0.0
4,Chisinau FIR,0.0333,0.0894,0.0561,0.0218,0.0032
4,Skopje FIR,0.0086,0.0413,0.0327,0.0062,0.0004
4,Beograd FIR,0.0112,0.0686,0.0575,0.0164,0.0016
4,Bratislava  FIR,0.023,0.1193,0.0963,0.0218,0.003
4,Yerevan FIR,0.0212,0.0986,0.0773,0.0113,0.0007
4,Tibilisi FIR,0.0112,0.0855,0.0743,0.0251,0.0033
4,Kiev FIR,0.0136,0.1145,0.1009,0.0322,0.0066
4,Dnipro FIR,0.0173,0.0864,0.0691,0.0244,0.0038
4,Simferopol FIR,0.0077,0.0361,0.0284,0.0074,0.0017
4,Lvov FIR,0.024,0.1265,0.1025,0.0273,0.0045
4,Odessa FIR,0.0169,0.0661,0.0492,0.0199,0.0029
5,European Airspace,0.0267,0.1354,0.1087,0.0405,0.0102
5,North Atlantic,0.0287,0.1617,0.133,0.0494,0.0143
5,Continental Europe,0.0543,0.2176,0.1633,0.0624,0.0174
5,Global,0.0175,0.0745,0.0569,0.0207,0.0053
5,USA,0.0149,0.0532,0.0383,0.0109,0.0012
5,East Asia,0.0098,0.0334,0.0236,0.0055,0.0005
5,Southeast Asia,0.0286,0.1109,0.0823,0.0318,0.0105
5,Latin America,0.0198,0.0742,0.0544,0.0188,0.0053
5,Africa & Middle East,0.0102,0.0428,0.0326,0.0124,0.0039
5,China,0.0237,0.0808,0.0571,0.0168,0.0022
5,India,0.0087,0.0315,0.0228,0.0063,0.0026
5,North Pacific,0.0319,0.1482,0.1163,0.0423,0.0089
5,Arctic,0.0047,0.1538,0.1491,0.0613,0.0179
5,Reykjavik FIR,0.0065,0.0702,0.0638,0.0164,0.0025
5,Brussels FIR,0.0636,0.3314,0.2678,0.1202,0.0376
5,Langen FIR,0.0967,0.3686,0.2719,0.0993,0.0264
5,Munchen FIR,0.0883,0.3452,0.2569,0.0732,0.0179
5,Bremen FIR,0.0708,0.3551,0.2843,0.1037,0.032
5,Tallinn FIR,0.0327,0.2739,0.2412,0.0904,0.0154
5,Helsinki FIR,0.0187,0.2186,0.1999,0.0677,0.0159
5,Shanwick FIR,0.0369,0.2405,0.2036,0.0825,0.0296
5,Scottish FIR,0.0496,0.2826,0.2329,0.0622,0.0125
5,London FIR,0.0514,0.3112,0.2598,0.1018,0.0311
5,Amsterdam FIR,0.0624,0.3131,0.2507,0.0995,0.025
5,Shannon FIR,0.0522,0.2794,0.2272,0.0853,0.0317
5,Copenhagen FIR,0.0541,0.3176,0.2635,0.0833,0.0244
5,Bodo Oceanic FIR,0.002,0.1246,0.1226,0.0511,0.0165
5,Polaris FIR,0.0174,0.1798,0.1624,0.0418,0.01
5,Warszawa FIR,0.0637,0.3079,0.2443,0.1014,0.0238
5,Sweden FIR,0.0339,0.2251,0.1913,0.0662,0.0144
5,Riga FIR,0.046,0.2931,0.2472,0.1097,0.0263
5,Vilnius FIR,0.0464,0.307,0.2606,0.1304,0.0346
5,Canarias FIR,0.0138,0.0365,0.0227,0.0102,0.0032
5,Tirana FIR,0.0202,0.0366,0.0164,0.0044,0.0001
5,Sofia FIR,0.0305,0.0676,0.0371,0.0092,0.0002
5,Nicosia FIR,0.001,0.0045,0.0035,0.0009,0.0
5,Zagreb FIR,0.0368,0.1118,0.075,0.0206,0.0031
5,Barcelona FIR,0.0625,0.1989,0.1364,0.0627,0.0191
5,Madrid FIR,0.0535,0.1563,0.1028,0.0452,0.0174
5,Bordeaux FIR,0.0844,0.2702,0.1858,0.0732,0.0184
5,Reims FIR,0.1029,0.3518,0.2489,0.1118,0.0286
5,Paris FIR,0.0623,0.3329,0.2706,0.1327,0.0377
5,Marseille FIR,0.1035,0.249,0.1455,0.0615,0.0128
5,Brest FIR,0.0571,0.2545,0.1974,0.0995,0.0344
5,Athinai FIR,0.0085,0.0179,0.0094,0.0034,0.0003
5,Budapest FIR,0.0313,0.1178,0.0866,0.0265,0.0028
5,Brindisi FIR,0.0143,0.0438,0.0295,0.0095,0.0013
5,Milano FIR,0.0867,0.2355,0.1488,0.0451,0.0094
5,Roma FIR,0.0166,0.0427,0.0262,0.0081,0.0013
5,Ljubljana FIR,0.0851,0.2167,0.1317,0.0187,0.0016
5,Praha FIR,0.0629,0.2869,0.2239,0.0605,0.0142
5,Malta FIR,0.0015,0.0088,0.0073,0.0033,0.0002
5,Wien FIR,0.0681,0.2021,0.134,0.03,0.0052
5,Lisboa FIR,0.0456,0.139,0.0934,0.0434,0.0134
5,Santa Maria FIR,0.026,0.0908,0.0648,0.0225,0.0065
5,Sarajevo FIR,0.0219,0.0925,0.0706,0.0223,0.0033
5,Bucarest FIR,0.0248,0.0999,0.0751,0.0224,0.0025
5,Switzerland FIR,0.11,0.327,0.217,0.0783,0.0096
5,Ankara FIR,0.013,0.0583,0.0453,0.0132,0.0006
5,Istanbul FIR,0.0178,0.0455,0.0277,0.0115,0.0009
5,Chisinau FIR,0.0273,0.0934,0.0661,0.0287,0.0037
5,Skopje FIR,0.0274,0.0478,0.0204,0.0039,0.0
5,Beograd FIR,0.0117,0.0656,0.054,0.0188,0.0014
5,Bratislava  FIR,0.0436,0.1441,0.1005,0.0202,0.0017
5,Yerevan FIR,0.0226,0.0484,0.0258,0.0087,0.0005
5,Tibilisi FIR,0.0294,0.0979,0.0686,0.0207,0.0017
5,Kiev FIR,0.0565,0.2011,0.1446,0.0609,0.0098
5,Dnipro FIR,0.0649,0.2203,0.1553,0.0743,0.0125
5,Simferopol FIR,0.0306,0.1255,0.0949,0.0474,0.0073
5,Lvov FIR,0.0476,0.2022,0.1546,0.0576,0.0084
5,Odessa FIR,0.0246,0.085,0.0603,0.0249,0.004
6,European Airspace,0.0372,0.1694,0.1323,0.0443,0.0098
6,North Atlantic,0.0256,0.1305,0.1049,0.0387,0.0067
6,Continental Europe,0.0527,0.266,0.2133,0.0724,0.0157
6,Global,0.0182,0.0759,0.0578,0.0206,0.0055
6,USA,0.0164,0.0585,0.0421,0.0095,0.0013
6,East Asia,0.005,0.0152,0.0101,0.0031,0.0004
6,Southeast Asia,0.0276,0.1157,0.088,0.0382,0.0146
6,Latin America,0.0195,0.0732,0.0536,0.0174,0.0049
6,Africa & Middle East,0.0106,0.0438,0.0332,0.0108,0.0028
6,China,0.0165,0.0596,0.0431,0.011,0.0023
6,India,0.003,0.0099,0.007,0.0014,0.0003
6,North Pacific,0.0326,0.1506,0.118,0.0391,0.0084
6,Arctic,0.0065,0.1336,0.1272,0.0673,0.0252
6,Reykjavik FIR,0.0135,0.0897,0.0762,0.0383,0.0081
6,Brussels FIR,0.0352,0.3971,0.3619,0.1483,0.0424
6,Langen FIR,0.0596,0.4552,0.3955,0.1354,0.0292
6,Munchen FIR,0.0814,0.4845,0.4031,0.1107,0.0256
6,Bremen FIR,0.0561,0.51,0.4539,0.1571,0.0257
6,Tallinn FIR,0.013,0.0783,0.0652,0.0258,0.0057
6,Helsinki FIR,0.0169,0.1215,0.1045,0.0559,0.0246
6,Shanwick FIR,0.0296,0.1706,0.141,0.06,0.0121
6,Scottish FIR,0.0471,0.3336,0.2865,0.1166,0.0249
6,London FIR,0.0461,0.3402,0.2941,0.1307,0.0347
6,Amsterdam FIR,0.0448,0.4357,0.391,0.1775,0.0298
6,Shannon FIR,0.0399,0.2693,0.2295,0.0892,0.0218
6,Copenhagen FIR,0.0504,0.4014,0.351,0.0802,0.0091
6,Bodo Oceanic FIR,0.0058,0.0649,0.0591,0.0117,0.0037
6,Polaris FIR,0.0254,0.1582,0.1328,0.0482,0.0096
6,Warszawa FIR,0.0792,0.5,0.4208,0.1065,0.0191
6,Sweden FIR,0.0319,0.1499,0.118,0.037,0.0081
6,Riga FIR,0.0276,0.1527,0.1251,0.0373,0.0088
6,Vilnius FIR,0.0491,0.2387,0.1896,0.0451,0.0087
6,Canarias FIR,0.0266,0.0737,0.0471,0.0112,0.0019
6,Tirana FIR,0.0719,0.1822,0.1104,0.0258,0.009
6,Sofia FIR,0.1234,0.3233,0.1999,0.0648,0.0162
6,Nicosia FIR,0.0184,0.0767,0.0583,0.0271,0.0052
6,Zagreb FIR,0.0841,0.2758,0.1917,0.0558,0.0104
6,Barcelona FIR,0.0365,0.1502,0.1137,0.0435,0.0125
6,Madrid FIR,0.0494,0.18,0.1306,0.0446,0.0109
6,Bordeaux FIR,0.075,0.2948,0.2198,0.0815,0.0162
6,Reims FIR,0.0933,0.3569,0.2636,0.0802,0.0193
6,Paris FIR,0.0472,0.3301,0.283,0.1036,0.031
6,Marseille FIR,0.0625,0.2252,0.1627,0.0504,0.0114
6,Brest FIR,0.0352,0.2382,0.2029,0.0911,0.0287
6,Athinai FIR,0.0406,0.1247,0.0841,0.0312,0.0069
6,Budapest FIR,0.0998,0.3588,0.2589,0.0616,0.0092
6,Brindisi FIR,0.0519,0.1544,0.1025,0.0291,0.0068
6,Milano FIR,0.0794,0.3195,0.2401,0.0741,0.0135
6,Roma FIR,0.0374,0.1308,0.0934,0.0239,0.0058
6,Ljubljana FIR,0.113,0.4024,0.2894,0.0722,0.0131
6,Praha FIR,0.0975,0.5118,0.4143,0.1015,0.019
6,Malta FIR,0.0341,0.0849,0.0507,0.0133,0.004
6,Wien FIR,0.1168,0.4155,0.2987,0.0794,0.0143
6,Lisboa FIR,0.0429,0.1635,0.1206,0.0278,0.004
6,Santa Maria FIR,0.0266,0.1027,0.0761,0.022,0.0042
6,Sarajevo FIR,0.0875,0.2626,0.1751,0.0508,0.0091
6,Bucarest FIR,0.1117,0.3223,0.2107,0.0425,0.0074
6,Switzerland FIR,0.1086,0.3572,0.2486,0.0814,0.021
6,Ankara FIR,0.0519,0.2035,0.1516,0.0378,0.0069
6,Istanbul FIR,0.0698,0.2204,0.1506,0.0533,0.0106
6,Chisinau FIR,0.1111,0.3701,0.259,0.0669,0.008
6,Skopje FIR,0.1013,0.2482,0.1469,0.0324,0.0134
6,Beograd FIR,0.0987,0.2509,0.1523,0.0352,0.0079
6,Bratislava  FIR,0.0944,0.4265,0.3322,0.0725,0.0085
6,Yerevan FIR,0.0706,0.1624,0.0918,0.0145,0.0013
6,Tibilisi FIR,0.062,0.2262,0.1642,0.016,0.0021
6,Kiev FIR,0.0805,0.3686,0.2881,0.0875,0.0097
6,Dnipro FIR,0.0787,0.3703,0.2916,0.0669,0.0077
6,Simferopol FIR,0.1373,0.3754,0.238,0.0662,0.0081
6,Lvov FIR,0.1031,0.4308,0.3277,0.083,0.0112
6,Odessa FIR,0.1319,0.3784,0.2465,0.0695,0.0123
7,European Airspace,0.0281,0.1288,0.1006,0.0377,0.0069
7,North Atlantic,0.0253,0.1179,0.0926,0.0338,0.0038
7,Continental Europe,0.0434,0.1675,0.1241,0.0438,0.0066
7,Global,0.0172,0.071,0.0538,0.0187,0.0046
7,USA,0.0164,0.0544,0.038,0.0069,0.0007
7,East Asia,0.0144,0.0512,0.0368,0.0097,0.0018
7,Southeast Asia,0.0134,0.0554,0.0419,0.016,0.0053
7,Latin America,0.0124,0.0549,0.0424,0.0135,0.0036
7,Africa & Middle East,0.011,0.0455,0.0345,0.0128,0.0038
7,China,0.0278,0.0967,0.069,0.015,0.0027
7,India,0.0129,0.0484,0.0354,0.0106,0.004
7,North Pacific,0.0333,0.1325,0.0991,0.0312,0.0049
7,Arctic,0.0136,0.1607,0.1471,0.0665,0.0201
7,Reykjavik FIR,0.0168,0.1272,0.1105,0.0453,0.0067
7,Brussels FIR,0.064,0.2735,0.2095,0.0627,0.0076
7,Langen FIR,0.0838,0.2628,0.1791,0.058,0.0104
7,Munchen FIR,0.0707,0.2552,0.1844,0.0716,0.0154
7,Bremen FIR,0.0581,0.2594,0.2012,0.0761,0.0152
7,Tallinn FIR,0.0181,0.184,0.1659,0.0521,0.005
7,Helsinki FIR,0.0204,0.1308,0.1104,0.0232,0.0041
7,Shanwick FIR,0.0205,0.1079,0.0874,0.0327,0.0041
7,Scottish FIR,0.0151,0.1274,0.1123,0.0383,0.0035
7,London FIR,0.0268,0.2204,0.1936,0.0775,0.01
7,Amsterdam FIR,0.0348,0.2418,0.207,0.065,0.0074
7,Shannon FIR,0.0201,0.1613,0.1412,0.0485,0.0063
7,Copenhagen FIR,0.0367,0.245,0.2083,0.0743,0.0082
7,Bodo Oceanic FIR,0.0125,0.2066,0.1941,0.091,0.0212
7,Polaris FIR,0.0213,0.1966,0.1752,0.0617,0.0109
7,Warszawa FIR,0.0616,0.2613,0.1997,0.081,0.012
7,Sweden FIR,0.0289,0.1979,0.169,0.0579,0.0101
7,Riga FIR,0.0164,0.2349,0.2185,0.0878,0.0171
7,Vilnius FIR,0.0233,0.25,0.2267,0.1079,0.0189
7,Canarias FIR,0.0035,0.0085,0.005,0.0028,0.001
7,Tirana FIR,0.007,0.0194,0.0123,0.0039,0.0004
7,Sofia FIR,0.0193,0.0981,0.0787,0.0254,0.0053
7,Nicosia FIR,0.0358,0.0973,0.0615,0.0195,0.004
7,Zagreb FIR,0.0326,0.0772,0.0447,0.0129,0.0019
7,Barcelona FIR,0.0407,0.1233,0.0826,0.026,0.0045
7,Madrid FIR,0.0597,0.1512,0.0914,0.0283,0.0046
7,Bordeaux FIR,0.0671,0.2295,0.1624,0.0525,0.0096
7,Reims FIR,0.0936,0.2812,0.1876,0.0694,0.0167
7,Paris FIR,0.0678,0.2745,0.2066,0.071,0.0122
7,Marseille FIR,0.0604,0.184,0.1236,0.0468,0.0091
7,Brest FIR,0.0589,0.2148,0.156,0.0643,0.0093
7,Athinai FIR,0.0128,0.033,0.0203,0.0052,0.0007
7,Budapest FIR,0.0337,0.1032,0.0696,0.0213,0.0027
7,Brindisi FIR,0.0149,0.0307,0.0158,0.0032,0.0002
7,Milano FIR,0.0721,0.1989,0.1268,0.0537,0.01
7,Roma FIR,0.0274,0.0793,0.0519,0.02,0.0022
7,Ljubljana FIR,0.0592,0.1269,0.0677,0.0182,0.0017
7,Praha FIR,0.0674,0.2442,0.1768,0.0617,0.0104
7,Malta FIR,0.0222,0.0475,0.0254,0.006,0.0005
7,Wien FIR,0.0645,0.1773,0.1128,0.0315,0.0046
7,Lisboa FIR,0.0477,0.1522,0.1045,0.0311,0.0037
7,Santa Maria FIR,0.0292,0.0969,0.0678,0.0228,0.0049
7,Sarajevo FIR,0.0141,0.0486,0.0346,0.0108,0.0015
7,Bucarest FIR,0.0148,0.0784,0.0637,0.0227,0.0033
7,Switzerland FIR,0.0925,0.2621,0.1696,0.071,0.0168
7,Ankara FIR,0.0574,0.2053,0.1479,0.0523,0.0109
7,Istanbul FIR,0.0302,0.112,0.0819,0.0253,0.0043
7,Chisinau FIR,0.0252,0.1236,0.0984,0.0552,0.0178
7,Skopje FIR,0.0054,0.0228,0.0174,0.0051,0.0001
7,Beograd FIR,0.0073,0.0354,0.0282,0.0072,0.0005
7,Bratislava  FIR,0.0604,0.1682,0.1078,0.0269,0.0014
7,Yerevan FIR,0.0927,0.2628,0.1701,0.0448,0.01
7,Tibilisi FIR,0.0768,0.2555,0.1787,0.0601,0.0156
7,Kiev FIR,0.0219,0.2395,0.2177,0.1272,0.0361
7,Dnipro FIR,0.0576,0.3397,0.2822,0.1437,0.0329
7,Simferopol FIR,0.058,0.2836,0.2256,0.116,0.0279
7,Lvov FIR,0.0218,0.1334,0.1116,0.042,0.015
7,Odessa FIR,0.0375,0.2237,0.1862,0.0977,0.0275
8,European Airspace,0.0299,0.1338,0.104,0.0373,0.0086
8,North Atlantic,0.0372,0.1546,0.1174,0.0325,0.0051
8,Continental Europe,0.0493,0.1711,0.1217,0.0319,0.0044
8,Global,0.0173,0.0725,0.0552,0.0194,0.0046
8,USA,0.016,0.0471,0.0311,0.008,0.0008
8,East Asia,0.0131,0.0513,0.0382,0.0091,0.0008
8,Southeast Asia,0.0116,0.0512,0.0395,0.0148,0.0051
8,Latin America,0.0155,0.0744,0.0589,0.0203,0.0055
8,Africa & Middle East,0.0111,0.0507,0.0396,0.0155,0.0051
8,China,0.0178,0.0577,0.0399,0.0095,0.001
8,India,0.0037,0.0143,0.0106,0.0024,0.0011
8,North Pacific,0.0348,0.1304,0.0957,0.0308,0.0059
8,Arctic,0.0122,0.1233,0.1111,0.0544,0.0141
8,Reykjavik FIR,0.018,0.105,0.0871,0.0343,0.0074
8,Brussels FIR,0.0703,0.2144,0.1441,0.0435,0.0047
8,Langen FIR,0.0499,0.1811,0.1312,0.0254,0.0036
8,Munchen FIR,0.0464,0.1765,0.1301,0.0333,0.0041
8,Bremen FIR,0.0286,0.1422,0.1136,0.0307,0.0021
8,Tallinn FIR,0.0611,0.3172,0.2561,0.1154,0.0227
8,Helsinki FIR,0.0293,0.3426,0.3133,0.1608,0.0474
8,Shanwick FIR,0.042,0.1637,0.1217,0.0345,0.0048
8,Scottish FIR,0.0309,0.1114,0.0805,0.024,0.0044
8,London FIR,0.0539,0.2026,0.1487,0.054,0.0064
8,Amsterdam FIR,0.0639,0.1886,0.1248,0.0349,0.0035
8,Shannon FIR,0.0405,0.16,0.1195,0.0448,0.0092
8,Copenhagen FIR,0.0341,0.1252,0.0911,0.0255,0.0018
8,Bodo Oceanic FIR,0.022,0.2244,0.2024,0.112,0.0392
8,Polaris FIR,0.0339,0.1775,0.1436,0.0542,0.0137
8,Warszawa FIR,0.0491,0.2254,0.1763,0.0574,0.0104
8,Sweden FIR,0.0261,0.1986,0.1725,0.0782,0.0207
8,Riga FIR,0.0551,0.2759,0.2208,0.0834,0.0143
8,Vilnius FIR,0.0476,0.2559,0.2083,0.0828,0.0133
8,Canarias FIR,0.0022,0.0112,0.0091,0.0034,0.001
8,Tirana FIR,0.0424,0.1896,0.1472,0.059,0.0153
8,Sofia FIR,0.0395,0.1545,0.115,0.0596,0.0271
8,Nicosia FIR,0.0062,0.0227,0.0165,0.0064,0.0004
8,Zagreb FIR,0.0811,0.2428,0.1617,0.0341,0.0063
8,Barcelona FIR,0.0491,0.1394,0.0903,0.0185,0.0023
8,Madrid FIR,0.0537,0.1582,0.1045,0.0176,0.0022
8,Bordeaux FIR,0.068,0.2664,0.1983,0.0355,0.0029
8,Reims FIR,0.0727,0.2223,0.1497,0.031,0.0041
8,Paris FIR,0.0729,0.2468,0.1739,0.0461,0.0044
8,Marseille FIR,0.0625,0.1929,0.1304,0.0316,0.0035
8,Brest FIR,0.0552,0.2276,0.1724,0.038,0.0019
8,Athinai FIR,0.0182,0.084,0.0658,0.0274,0.0086
8,Budapest FIR,0.0715,0.28,0.2084,0.0714,0.022
8,Brindisi FIR,0.0594,0.1928,0.1335,0.0386,0.0102
8,Milano FIR,0.0489,0.195,0.1461,0.0342,0.0042
8,Roma FIR,0.0557,0.1572,0.1015,0.0278,0.006
8,Ljubljana FIR,0.0655,0.2461,0.1805,0.0583,0.0082
8,Praha FIR,0.051,0.2149,0.164,0.0471,0.0072
8,Malta FIR,0.0265,0.0844,0.0579,0.0205,0.0055
8,Wien FIR,0.0538,0.2259,0.1721,0.0554,0.0099
8,Lisboa FIR,0.0487,0.1322,0.0835,0.0118,0.0015
8,Santa Maria FIR,0.033,0.1183,0.0852,0.0285,0.0077
8,Sarajevo FIR,0.0784,0.2336,0.1552,0.0351,0.0094
8,Bucarest FIR,0.0648,0.2652,0.2004,0.0961,0.033
8,Switzerland FIR,0.0531,0.196,0.1429,0.0409,0.0053
8,Ankara FIR,0.0063,0.0277,0.0215,0.0105,0.0038
8,Istanbul FIR,0.0215,0.072,0.0505,0.0321,0.0107
8,Chisinau FIR,0.0519,0.2967,0.2448,0.1222,0.0327
8,Skopje FIR,0.0503,0.1841,0.1339,0.0492,0.01
8,Beograd FIR,0.0623,0.2248,0.1625,0.0581,0.0165
8,Bratislava  FIR,0.0696,0.2814,0.2117,0.074,0.0189
8,Yerevan FIR,0.0021,0.0076,0.0056,0.003,0.0
8,Tibilisi FIR,0.0065,0.0286,0.0221,0.0093,0.002
8,Kiev FIR,0.046,0.3073,0.2613,0.0917,0.0126
8,Dnipro FIR,0.056,0.1837,0.1278,0.0535,0.0136
8,Simferopol FIR,0.0528,0.1584,0.1056,0.0566,0.0201
8,Lvov FIR,0.0632,0.3028,0.2396,0.1091,0.0309
8,Odessa FIR,0.0503,0.2627,0.2124,0.0934,0.022
9,European Airspace,0.0286,0.1167,0.0882,0.0346,0.009
9,North Atlantic,0.0346,0.1325,0.0979,0.03,0.0061
9,Continental Europe,0.0347,0.1252,0.0904,0.0271,0.0051
9,Global,0.0189,0.0766,0.0577,0.0202,0.005
9,USA,0.0358,0.1083,0.0725,0.0173,0.0035
9,East Asia,0.0074,0.0243,0.0169,0.0035,0.0003
9,Southeast Asia,0.0188,0.0795,0.0607,0.0246,0.0082
9,Latin America,0.0173,0.0781,0.0608,0.0217,0.0059
9,Africa & Middle East,0.0116,0.0487,0.0371,0.0135,0.0044
9,China,0.013,0.043,0.03,0.0059,0.0005
9,India,0.0067,0.029,0.0222,0.006,0.0023
9,North Pacific,0.0349,0.1285,0.0936,0.0314,0.0068
9,Arctic,0.0137,0.1103,0.0966,0.04,0.0086
9,Reykjavik FIR,0.0144,0.0635,0.0491,0.012,0.0009
9,Brussels FIR,0.0432,0.1614,0.1182,0.0214,0.0009
9,Langen FIR,0.0683,0.1756,0.1073,0.0385,0.008
9,Munchen FIR,0.068,0.241,0.173,0.0572,0.0106
9,Bremen FIR,0.0598,0.195,0.1353,0.0638,0.0145
9,Tallinn FIR,0.0238,0.1386,0.1148,0.0552,0.018
9,Helsinki FIR,0.0217,0.2336,0.2119,0.1104,0.0398
9,Shanwick FIR,0.0396,0.1643,0.1247,0.0401,0.0082
9,Scottish FIR,0.0256,0.1069,0.0813,0.0199,0.0018
9,London FIR,0.0282,0.1369,0.1086,0.0259,0.0015
9,Amsterdam FIR,0.0508,0.1768,0.126,0.0375,0.004
9,Shannon FIR,0.016,0.1194,0.1034,0.0267,0.0029
9,Copenhagen FIR,0.0397,0.1996,0.1599,0.0532,0.0101
9,Bodo Oceanic FIR,0.0165,0.1442,0.1277,0.0641,0.0152
9,Polaris FIR,0.0364,0.1923,0.1559,0.0568,0.0115
9,Warszawa FIR,0.0602,0.2344,0.1743,0.0729,0.0174
9,Sweden FIR,0.0282,0.2109,0.1827,0.0876,0.0297
9,Riga FIR,0.0234,0.1666,0.1432,0.0707,0.023
9,Vilnius FIR,0.0291,0.1949,0.1658,0.0814,0.0238
9,Canarias FIR,0.0017,0.0068,0.0051,0.0015,0.0001
9,Tirana FIR,0.0351,0.151,0.1159,0.0408,0.0127
9,Sofia FIR,0.1067,0.2838,0.177,0.0651,0.0167
9,Nicosia FIR,0.0091,0.0167,0.0076,0.0016,0.0002
9,Zagreb FIR,0.0739,0.2287,0.1548,0.0528,0.0118
9,Barcelona FIR,0.0104,0.0329,0.0225,0.0071,0.0013
9,Madrid FIR,0.0185,0.0571,0.0386,0.0066,0.0007
9,Bordeaux FIR,0.0228,0.0592,0.0364,0.0046,0.0003
9,Reims FIR,0.0551,0.1399,0.0848,0.0167,0.0011
9,Paris FIR,0.0382,0.1287,0.0905,0.0122,0.0004
9,Marseille FIR,0.0263,0.1033,0.077,0.017,0.0022
9,Brest FIR,0.0295,0.0895,0.06,0.0084,0.0012
9,Athinai FIR,0.0359,0.0938,0.0579,0.0129,0.0028
9,Budapest FIR,0.1059,0.2844,0.1785,0.0805,0.0242
9,Brindisi FIR,0.044,0.1374,0.0934,0.0282,0.005
9,Milano FIR,0.063,0.236,0.173,0.0329,0.0044
9,Roma FIR,0.0307,0.0972,0.0664,0.0167,0.0023
9,Ljubljana FIR,0.0902,0.275,0.1847,0.0535,0.0149
9,Praha FIR,0.0623,0.2546,0.1923,0.0747,0.0142
9,Malta FIR,0.0229,0.0597,0.0368,0.0134,0.0008
9,Wien FIR,0.0915,0.2686,0.1771,0.0565,0.0133
9,Lisboa FIR,0.0115,0.0434,0.032,0.0067,0.0011
9,Santa Maria FIR,0.0252,0.0876,0.0623,0.0188,0.0041
9,Sarajevo FIR,0.071,0.2155,0.1445,0.0559,0.0142
9,Bucarest FIR,0.1201,0.3493,0.2292,0.096,0.025
9,Switzerland FIR,0.0728,0.2249,0.1521,0.0297,0.0065
9,Ankara FIR,0.0362,0.0855,0.0493,0.0185,0.0032
9,Istanbul FIR,0.0752,0.1587,0.0834,0.0249,0.0061
9,Chisinau FIR,0.1254,0.3814,0.256,0.1069,0.0249
9,Skopje FIR,0.049,0.1842,0.1351,0.042,0.0159
9,Beograd FIR,0.081,0.2149,0.1339,0.0533,0.0168
9,Bratislava  FIR,0.0973,0.2982,0.2009,0.089,0.0253
9,Yerevan FIR,0.007,0.0379,0.0309,0.0185,0.008
9,Tibilisi FIR,0.0167,0.0829,0.0662,0.0332,0.0079
9,Kiev FIR,0.0898,0.3014,0.2115,0.1214,0.044
9,Dnipro FIR,0.0945,0.3104,0.2159,0.1177,0.0401
9,Simferopol FIR,0.1075,0.2744,0.1668,0.0652,0.0144
9,Lvov FIR,0.1025,0.2709,0.1684,0.0733,0.026
9,Odessa FIR,0.1424,0.3778,0.2354,0.0971,0.031
10,European Airspace,0.0265,0.0911,0.0645,0.0251,0.0068
10,North Atlantic,0.0393,0.1335,0.0941,0.0308,0.0076
10,Continental Europe,0.039,0.1145,0.0755,0.0241,0.0054
10,Global,0.0186,0.0736,0.055,0.0194,0.0048
10,USA,0.0286,0.0916,0.063,0.0157,0.0033
10,East Asia,0.0075,0.0237,0.0162,0.0037,0.0003
10,Southeast Asia,0.0357,0.1522,0.1165,0.0473,0.015
10,Latin America,0.0183,0.0798,0.0615,0.022,0.0062
10,Africa & Middle East,0.0124,0.052,0.0397,0.0158,0.0054
10,China,0.0136,0.0424,0.0288,0.0079,0.001
10,India,0.009,0.0307,0.0216,0.0079,0.0031
10,North Pacific,0.0342,0.1164,0.0823,0.0283,0.0057
10,Arctic,0.0093,0.0664,0.0571,0.0259,0.0072
10,Reykjavik FIR,0.0297,0.1555,0.1258,0.0572,0.0174
10,Brussels FIR,0.0421,0.132,0.0899,0.0315,0.0064
10,Langen FIR,0.0371,0.1343,0.0972,0.0299,0.0058
10,Munchen FIR,0.0316,0.1212,0.0896,0.0301,0.0061
10,Bremen FIR,0.0171,0.0536,0.0364,0.0115,0.0026
10,Tallinn FIR,0.049,0.1132,0.0642,0.0065,0.0004
10,Helsinki FIR,0.0584,0.2333,0.1749,0.0575,0.0182
10,Shanwick FIR,0.0389,0.1262,0.0873,0.0368,0.01
10,Scottish FIR,0.0271,0.0926,0.0656,0.0258,0.0066
10,London FIR,0.034,0.1165,0.0825,0.0257,0.0059
10,Amsterdam FIR,0.0348,0.1166,0.0817,0.0343,0.0112
10,Shannon FIR,0.0531,0.1658,0.1126,0.0469,0.0158
10,Copenhagen FIR,0.006,0.0291,0.0231,0.0071,0.0012
10,Bodo Oceanic FIR,0.0202,0.1352,0.115,0.067,0.0274
10,Polaris FIR,0.0147,0.073,0.0583,0.0304,0.0125
10,Warszawa FIR,0.0054,0.0194,0.014,0.0048,0.0007
10,Sweden FIR,0.0148,0.0767,0.0619,0.0328,0.0119
10,Riga FIR,0.0233,0.0648,0.0415,0.0017,0.0
10,Vilnius FIR,0.014,0.0269,0.0129,0.0,0.0
10,Canarias FIR,0.005,0.017,0.012,0.0056,0.0011
10,Tirana FIR,0.054,0.1334,0.0794,0.0155,0.0008
10,Sofia FIR,0.0313,0.1333,0.1021,0.0403,0.0092
10,Nicosia FIR,0.0029,0.0047,0.0018,0.0001,0.0
10,Zagreb FIR,0.0736,0.2113,0.1377,0.0427,0.0128
10,Barcelona FIR,0.0609,0.1463,0.0854,0.0277,0.0071
10,Madrid FIR,0.0431,0.118,0.0749,0.0198,0.0038
10,Bordeaux FIR,0.0614,0.1386,0.0772,0.0228,0.0044
10,Reims FIR,0.0412,0.133,0.0918,0.0236,0.0032
10,Paris FIR,0.0505,0.1331,0.0826,0.0244,0.0049
10,Marseille FIR,0.0465,0.1482,0.1017,0.0241,0.0036
10,Brest FIR,0.0568,0.1461,0.0893,0.0313,0.0067
10,Athinai FIR,0.0154,0.0508,0.0354,0.0109,0.0017
10,Budapest FIR,0.042,0.1397,0.0978,0.0466,0.0097
10,Brindisi FIR,0.0506,0.1355,0.0849,0.02,0.0024
10,Milano FIR,0.0394,0.1564,0.117,0.0241,0.0033
10,Roma FIR,0.0504,0.1299,0.0795,0.0234,0.0036
10,Ljubljana FIR,0.0642,0.2494,0.1852,0.0688,0.0129
10,Praha FIR,0.0148,0.0677,0.0529,0.022,0.007
10,Malta FIR,0.0233,0.0433,0.02,0.0048,0.0006
10,Wien FIR,0.0408,0.1693,0.1286,0.0519,0.0121
10,Lisboa FIR,0.0308,0.0838,0.053,0.0129,0.0016
10,Santa Maria FIR,0.0227,0.0722,0.0495,0.0156,0.0035
10,Sarajevo FIR,0.0848,0.2108,0.126,0.0341,0.0098
10,Bucarest FIR,0.0367,0.1401,0.1034,0.044,0.0076
10,Switzerland FIR,0.0364,0.1399,0.1035,0.0308,0.0055
10,Ankara FIR,0.0187,0.0533,0.0347,0.0082,0.0009
10,Istanbul FIR,0.0172,0.0443,0.027,0.0069,0.0007
10,Chisinau FIR,0.0134,0.0545,0.0411,0.012,0.0024
10,Skopje FIR,0.0452,0.134,0.0889,0.0152,0.0011
10,Beograd FIR,0.0515,0.151,0.0995,0.0275,0.0046
10,Bratislava  FIR,0.0174,0.0834,0.0659,0.0233,0.0044
10,Yerevan FIR,0.0397,0.1261,0.0864,0.0155,0.0017
10,Tibilisi FIR,0.04,0.1706,0.1305,0.0503,0.0092
10,Kiev FIR,0.0148,0.0344,0.0196,0.0103,0.0035
10,Dnipro FIR,0.0493,0.1224,0.0731,0.0481,0.0194
10,Simferopol FIR,0.0319,0.0962,0.0643,0.0331,0.0101
10,Lvov FIR,0.0137,0.036,0.0223,0.0067,0.0004
10,Odessa FIR,0.0122,0.0533,0.0411,0.0191,0.006
11,European Airspace,0.0368,0.1274,0.0906,0.0347,0.0074
11,North Atlantic,0.0351,0.1299,0.0948,0.0362,0.0066
11,Continental Europe,0.051,0.1715,0.1205,0.0424,0.008
11,Global,0.0172,0.0692,0.052,0.0188,0.0044
11,USA,0.0316,0.0843,0.0527,0.0136,0.0023
11,East Asia,0.0083,0.0216,0.0133,0.0027,0.0003
11,Southeast Asia,0.0293,0.1238,0.0945,0.0441,0.0179
11,Latin America,0.0098,0.0475,0.0377,0.0136,0.0039
11,Africa & Middle East,0.0105,0.0447,0.0342,0.0129,0.0041
11,China,0.018,0.0507,0.0328,0.0078,0.0009
11,India,0.0029,0.0109,0.008,0.0022,0.0008
11,North Pacific,0.0397,0.1304,0.0907,0.0317,0.0057
11,Arctic,0.0066,0.039,0.0324,0.0137,0.002
11,Reykjavik FIR,0.0197,0.067,0.0473,0.0208,0.0024
11,Brussels FIR,0.0591,0.2439,0.1848,0.0493,0.0072
11,Langen FIR,0.0569,0.2121,0.1552,0.0493,0.0069
11,Munchen FIR,0.0701,0.2089,0.1388,0.043,0.0088
11,Bremen FIR,0.0596,0.2363,0.1768,0.067,0.0159
11,Tallinn FIR,0.0718,0.3094,0.2376,0.1096,0.0427
11,Helsinki FIR,0.0463,0.2496,0.2034,0.0904,0.024
11,Shanwick FIR,0.04,0.1376,0.0976,0.0374,0.0088
11,Scottish FIR,0.0376,0.1886,0.1511,0.0622,0.01
11,London FIR,0.0513,0.2623,0.211,0.0825,0.0168
11,Amsterdam FIR,0.0614,0.2463,0.1848,0.0622,0.0129
11,Shannon FIR,0.0356,0.224,0.1884,0.0802,0.0188
11,Copenhagen FIR,0.0574,0.2218,0.1645,0.0748,0.0165
11,Bodo Oceanic FIR,0.0142,0.0515,0.0373,0.0178,0.0052
11,Polaris FIR,0.0486,0.2007,0.1521,0.0678,0.019
11,Warszawa FIR,0.0738,0.2442,0.1703,0.0687,0.0148
11,Sweden FIR,0.0394,0.211,0.1715,0.074,0.0187
11,Riga FIR,0.0809,0.2564,0.1755,0.0935,0.0324
11,Vilnius FIR,0.0864,0.2452,0.1587,0.0863,0.0311
11,Canarias FIR,0.0065,0.0246,0.0181,0.0079,0.0028
11,Tirana FIR,0.0376,0.1017,0.0641,0.0269,0.0032
11,Sofia FIR,0.059,0.1762,0.1172,0.0465,0.0085
11,Nicosia FIR,0.0173,0.041,0.0236,0.0106,0.0024
11,Zagreb FIR,0.0543,0.1336,0.0794,0.0231,0.0015
11,Barcelona FIR,0.0417,0.1027,0.061,0.0108,0.0007
11,Madrid FIR,0.0717,0.1739,0.1023,0.0291,0.0054
11,Bordeaux FIR,0.0637,0.2009,0.1372,0.0376,0.0055
11,Reims FIR,0.0645,0.2233,0.1588,0.0467,0.0068
11,Paris FIR,0.0606,0.2617,0.2011,0.0559,0.0079
11,Marseille FIR,0.0451,0.1206,0.0755,0.0209,0.0021
11,Brest FIR,0.0798,0.2785,0.1987,0.0677,0.012
11,Athinai FIR,0.0216,0.0582,0.0367,0.0159,0.0033
11,Budapest FIR,0.0514,0.1935,0.142,0.0502,0.0071
11,Brindisi FIR,0.0196,0.0569,0.0373,0.0114,0.0012
11,Milano FIR,0.0757,0.1685,0.0928,0.0252,0.0034
11,Roma FIR,0.0239,0.0472,0.0233,0.0061,0.0016
11,Ljubljana FIR,0.0818,0.1699,0.0881,0.0264,0.0007
11,Praha FIR,0.0755,0.2131,0.1375,0.0465,0.0049
11,Malta FIR,0.0014,0.0063,0.0049,0.0035,0.0018
11,Wien FIR,0.0815,0.186,0.1045,0.0314,0.0024
11,Lisboa FIR,0.057,0.1534,0.0964,0.0317,0.0046
11,Santa Maria FIR,0.0233,0.0733,0.0499,0.0172,0.0032
11,Sarajevo FIR,0.0425,0.1336,0.0911,0.0264,0.0012
11,Bucarest FIR,0.0527,0.2182,0.1655,0.0625,0.0104
11,Switzerland FIR,0.0817,0.2047,0.123,0.035,0.0067
11,Ankara FIR,0.0523,0.1258,0.0735,0.0238,0.002
11,Istanbul FIR,0.041,0.1203,0.0794,0.0352,0.0059
11,Chisinau FIR,0.0476,0.223,0.1753,0.0455,0.0049
11,Skopje FIR,0.0449,0.1349,0.0901,0.0318,0.0062
11,Beograd FIR,0.0514,0.1694,0.118,0.0406,0.0072
11,Bratislava  FIR,0.0678,0.2283,0.1604,0.0589,0.0085
11,Yerevan FIR,0.0371,0.1392,0.1021,0.0266,0.0013
11,Tibilisi FIR,0.077,0.2121,0.1352,0.0301,0.0022
11,Kiev FIR,0.0589,0.2205,0.1616,0.0316,0.0029
11,Dnipro FIR,0.0701,0.2663,0.1962,0.0591,0.0055
11,Simferopol FIR,0.076,0.2132,0.1371,0.0437,0.0033
11,Lvov FIR,0.0437,0.2095,0.1658,0.0541,0.0103
11,Odessa FIR,0.0587,0.2311,0.1724,0.0313,0.003
12,European Airspace,0.0321,0.0994,0.0673,0.0233,0.0047
12,North Atlantic,0.0425,0.1357,0.0933,0.0289,0.0066
12,Continental Europe,0.0587,0.1637,0.105,0.0365,0.008
12,Global,0.0184,0.0737,0.0553,0.0196,0.0048
12,USA,0.0234,0.0652,0.0418,0.0093,0.0013
12,East Asia,0.0136,0.0404,0.0268,0.0072,0.0017
12,Southeast Asia,0.0079,0.0308,0.0229,0.0084,0.0027
12,Latin America,0.0197,0.0861,0.0665,0.0233,0.0068
12,Africa & Middle East,0.0137,0.0635,0.0498,0.0202,0.0069
12,China,0.0246,0.0756,0.0511,0.0128,0.0023
12,India,0.0055,0.0228,0.0172,0.0028,0.0005
12,North Pacific,0.0402,0.1266,0.0863,0.0282,0.0052
12,Arctic,0.0072,0.043,0.0358,0.0126,0.0009
12,Reykjavik FIR,0.0127,0.0636,0.051,0.0182,0.0013
12,Brussels FIR,0.0726,0.2412,0.1686,0.0739,0.0179
12,Langen FIR,0.0871,0.2352,0.1481,0.0539,0.0139
12,Munchen FIR,0.0902,0.2161,0.1259,0.0368,0.0046
12,Bremen FIR,0.0743,0.2305,0.1562,0.0565,0.0069
12,Tallinn FIR,0.0181,0.0715,0.0534,0.0124,0.002
12,Helsinki FIR,0.024,0.0893,0.0653,0.0228,0.0043
12,Shanwick FIR,0.0559,0.1688,0.1129,0.0381,0.0095
12,Scottish FIR,0.0292,0.1268,0.0976,0.0338,0.006
12,London FIR,0.0414,0.1871,0.1457,0.059,0.0124
12,Amsterdam FIR,0.0538,0.2257,0.1719,0.071,0.0111
12,Shannon FIR,0.0514,0.1934,0.142,0.035,0.0042
12,Copenhagen FIR,0.0594,0.1847,0.1253,0.0525,0.0063
12,Bodo Oceanic FIR,0.0151,0.0649,0.0499,0.0189,0.0022
12,Polaris FIR,0.0322,0.124,0.0917,0.035,0.0058
12,Warszawa FIR,0.0471,0.1582,0.1111,0.0386,0.0042
12,Sweden FIR,0.0263,0.1095,0.0832,0.0311,0.0043
12,Riga FIR,0.0277,0.093,0.0652,0.0176,0.0032
12,Vilnius FIR,0.0229,0.1162,0.0934,0.0282,0.0034
12,Canarias FIR,0.0004,0.0028,0.0024,0.0016,0.0008
12,Tirana FIR,0.0351,0.0778,0.0427,0.0091,0.0009
12,Sofia FIR,0.026,0.0557,0.0297,0.01,0.0029
12,Nicosia FIR,0.0174,0.0355,0.0182,0.0034,0.0003
12,Zagreb FIR,0.0644,0.1358,0.0714,0.0163,0.0021
12,Barcelona FIR,0.1107,0.2435,0.1328,0.0411,0.0117
12,Madrid FIR,0.069,0.1832,0.1142,0.0369,0.0099
12,Bordeaux FIR,0.0645,0.1956,0.1311,0.0483,0.0143
12,Reims FIR,0.0758,0.2052,0.1294,0.0576,0.028
12,Paris FIR,0.0731,0.2125,0.1394,0.065,0.0257
12,Marseille FIR,0.0774,0.191,0.1136,0.0417,0.014
12,Brest FIR,0.0611,0.1862,0.125,0.0533,0.0162
12,Athinai FIR,0.0164,0.0386,0.0222,0.0061,0.0016
12,Budapest FIR,0.0595,0.1505,0.0911,0.0215,0.0018
12,Brindisi FIR,0.0517,0.0846,0.0329,0.0058,0.0003
12,Milano FIR,0.0852,0.1914,0.1062,0.0409,0.0095
12,Roma FIR,0.0361,0.0675,0.0314,0.0053,0.001
12,Ljubljana FIR,0.0764,0.1687,0.0923,0.0204,0.0014
12,Praha FIR,0.0831,0.1861,0.103,0.0278,0.0031
12,Malta FIR,0.003,0.0136,0.0106,0.0032,0.0005
12,Wien FIR,0.0775,0.1877,0.1102,0.0286,0.0039
12,Lisboa FIR,0.0282,0.0675,0.0393,0.0094,0.0017
12,Santa Maria FIR,0.0289,0.0922,0.0633,0.0221,0.0055
12,Sarajevo FIR,0.0531,0.1331,0.08,0.0256,0.004
12,Bucarest FIR,0.0186,0.0493,0.0307,0.0084,0.0022
12,Switzerland FIR,0.0715,0.1963,0.1249,0.0508,0.0126
12,Ankara FIR,0.019,0.0608,0.0418,0.0096,0.001
12,Istanbul FIR,0.0212,0.0521,0.0309,0.0132,0.0018
12,Chisinau FIR,0.019,0.0318,0.0128,0.0012,0.0002
12,Skopje FIR,0.0392,0.0864,0.0473,0.0107,0.0019
12,Beograd FIR,0.0353,0.0969,0.0617,0.0188,0.0031
12,Bratislava  FIR,0.0752,0.1749,0.0997,0.0331,0.0027
12,Yerevan FIR,0.0439,0.1697,0.1258,0.0187,0.0011
12,Tibilisi FIR,0.0293,0.1387,0.1094,0.025,0.0016
12,Kiev FIR,0.0532,0.1415,0.0883,0.0248,0.0022
12,Dnipro FIR,0.0747,0.1825,0.1078,0.0459,0.0104
12,Simferopol FIR,0.0335,0.0913,0.0578,0.0273,0.0045
12,Lvov FIR,0.0227,0.0984,0.0757,0.0176,0.0015
12,Odessa FIR,0.0261,0.0572,0.0311,0.0114,0.0002
13,European Airspace,0.0259,0.0733,0.0474,0.0148,0.0024
13,North Atlantic,0.0293,0.1081,0.0788,0.0218,0.0043
13,Continental Europe,0.0442,0.1231,0.0789,0.0237,0.0035
13,Global,0.0198,0.0795,0.0597,0.021,0.0053
13,USA,0.026,0.075,0.049,0.0108,0.0013
13,East Asia,0.0283,0.0862,0.0579,0.0145,0.0032
13,Southeast Asia,0.0216,0.0913,0.0697,0.0288,0.0098
13,Latin America,0.0179,0.0836,0.0658,0.0244,0.0074
13,Africa & Middle East,0.0134,0.0598,0.0464,0.0181,0.0065
13,China,0.0284,0.0886,0.0602,0.0146,0.0025
13,India,0.0062,0.0283,0.0221,0.0033,0.0005
13,North Pacific,0.0355,0.1111,0.0756,0.0217,0.0033
13,Arctic,0.0073,0.0468,0.0395,0.0138,0.0009
13,Reykjavik FIR,0.0184,0.0535,0.0351,0.0125,0.0008
13,Brussels FIR,0.0738,0.2114,0.1377,0.0477,0.0091
13,Langen FIR,0.0899,0.2174,0.1275,0.0404,0.0083
13,Munchen FIR,0.0879,0.1975,0.1097,0.0385,0.0082
13,Bremen FIR,0.0924,0.2181,0.1257,0.0511,0.0097
13,Tallinn FIR,0.0514,0.1397,0.0883,0.0319,0.0042
13,Helsinki FIR,0.0243,0.1263,0.102,0.0392,0.0071
13,Shanwick FIR,0.0152,0.0395,0.0243,0.01,0.0016
13,Scottish FIR,0.0301,0.0764,0.0462,0.0139,0.0016
13,London FIR,0.0398,0.1132,0.0734,0.0255,0.0015
13,Amsterdam FIR,0.0722,0.2043,0.1321,0.0477,0.0057
13,Shannon FIR,0.0052,0.0185,0.0134,0.0042,0.0012
13,Copenhagen FIR,0.0721,0.1964,0.1242,0.0453,0.0037
13,Bodo Oceanic FIR,0.0085,0.0234,0.0149,0.0037,0.0001
13,Polaris FIR,0.0216,0.0923,0.0708,0.0157,0.0005
13,Warszawa FIR,0.0631,0.1428,0.0798,0.0365,0.0086
13,Sweden FIR,0.0417,0.149,0.1073,0.0335,0.0044
13,Riga FIR,0.0739,0.161,0.0871,0.0396,0.0051
13,Vilnius FIR,0.0739,0.166,0.0921,0.0414,0.0087
13,Canarias FIR,0.0028,0.0161,0.0133,0.0055,0.0021
13,Tirana FIR,0.0555,0.1301,0.0747,0.0263,0.0101
13,Sofia FIR,0.0662,0.1571,0.0909,0.0346,0.0049
13,Nicosia FIR,0.0151,0.0629,0.0477,0.0158,0.0062
13,Zagreb FIR,0.0582,0.1634,0.1053,0.0369,0.0061
13,Barcelona FIR,0.0407,0.1042,0.0634,0.0177,0.0017
13,Madrid FIR,0.0225,0.0829,0.0604,0.0148,0.0009
13,Bordeaux FIR,0.0495,0.1603,0.1107,0.0225,0.0019
13,Reims FIR,0.0777,0.2105,0.1327,0.0335,0.0063
13,Paris FIR,0.066,0.1999,0.1339,0.034,0.0064
13,Marseille FIR,0.0566,0.1667,0.1101,0.0255,0.0024
13,Brest FIR,0.0328,0.0929,0.0601,0.0164,0.001
13,Athinai FIR,0.025,0.0621,0.0371,0.0103,0.0031
13,Budapest FIR,0.0471,0.154,0.1069,0.0399,0.0067
13,Brindisi FIR,0.0656,0.1446,0.0791,0.0175,0.0038
13,Milano FIR,0.0496,0.1823,0.1327,0.0306,0.0046
13,Roma FIR,0.0505,0.1236,0.073,0.0192,0.0031
13,Ljubljana FIR,0.0522,0.1815,0.1293,0.0393,0.0039
13,Praha FIR,0.0678,0.1508,0.083,0.031,0.0063
13,Malta FIR,0.0081,0.0242,0.0161,0.0023,0.0005
13,Wien FIR,0.0758,0.1867,0.111,0.032,0.004
13,Lisboa FIR,0.0121,0.0568,0.0447,0.0114,0.0013
13,Santa Maria FIR,0.0201,0.0652,0.0451,0.0115,0.0025
13,Sarajevo FIR,0.0598,0.171,0.1112,0.0415,0.0083
13,Bucarest FIR,0.0572,0.1526,0.0955,0.0334,0.0064
13,Switzerland FIR,0.0684,0.1846,0.1161,0.0276,0.0027
13,Ankara FIR,0.0336,0.0925,0.0589,0.0166,0.0044
13,Istanbul FIR,0.0534,0.1154,0.062,0.0164,0.0026
13,Chisinau FIR,0.0744,0.1403,0.0659,0.0242,0.0072
13,Skopje FIR,0.0476,0.1518,0.1042,0.0415,0.0165
13,Beograd FIR,0.0473,0.163,0.1156,0.0476,0.0107
13,Bratislava  FIR,0.0446,0.1217,0.0771,0.0233,0.005
13,Yerevan FIR,0.0396,0.0785,0.0389,0.0066,0.0008
13,Tibilisi FIR,0.0422,0.0848,0.0426,0.0092,0.0006
13,Kiev FIR,0.0516,0.1192,0.0675,0.029,0.0072
13,Dnipro FIR,0.0487,0.1221,0.0734,0.032,0.0046
13,Simferopol FIR,0.0655,0.1349,0.0694,0.0322,0.0086
13,Lvov FIR,0.0556,0.1045,0.049,0.0178,0.0045
13,Odessa FIR,0.0691,0.1335,0.0643,0.0229,0.0076
14,European Airspace,0.0365,0.0971,0.0606,0.0186,0.0037
14,North Atlantic,0.0237,0.0686,0.0449,0.013,0.0016
14,Continental Europe,0.0641,0.1688,0.1047,0.03,0.0063
14,Global,0.0197,0.0791,0.0594,0.0205,0.0051
14,USA,0.0194,0.0574,0.038,0.0076,0.0011
14,East Asia,0.0178,0.0593,0.0415,0.01,0.0022
14,Southeast Asia,0.0222,0.0853,0.0631,0.0223,0.0069
14,Latin America,0.0169,0.0737,0.0568,0.0187,0.0051
14,Africa & Middle East,0.0138,0.0608,0.047,0.0175,0.0056
14,China,0.0239,0.0696,0.0458,0.0107,0.0016
14,India,0.0089,0.032,0.0231,0.0061,0.002
14,North Pacific,0.0386,0.1103,0.0717,0.0217,0.0036
14,Arctic,0.0093,0.0458,0.0365,0.0102,0.0003
14,Reykjavik FIR,0.0254,0.0591,0.0337,0.0126,0.0005
14,Brussels FIR,0.079,0.2284,0.1495,0.0356,0.0069
14,Langen FIR,0.0879,0.2266,0.1387,0.035,0.0109
14,Munchen FIR,0.0977,0.2162,0.1185,0.0401,0.0159
14,Bremen FIR,0.086,0.2254,0.1394,0.0506,0.0099
14,Tallinn FIR,0.0862,0.2305,0.1443,0.0391,0.0032
14,Helsinki FIR,0.0399,0.1211,0.0812,0.0152,0.0009
14,Shanwick FIR,0.0296,0.0776,0.048,0.0147,0.0017
14,Scottish FIR,0.0387,0.131,0.0923,0.0256,0.0035
14,London FIR,0.0349,0.134,0.0991,0.0268,0.0039
14,Amsterdam FIR,0.0552,0.1815,0.1263,0.0421,0.0093
14,Shannon FIR,0.0287,0.0976,0.0689,0.0165,0.0012
14,Copenhagen FIR,0.0548,0.194,0.1392,0.0401,0.0058
14,Bodo Oceanic FIR,0.0179,0.042,0.0241,0.011,0.0008
14,Polaris FIR,0.0276,0.076,0.0484,0.0113,0.0007
14,Warszawa FIR,0.0853,0.2342,0.1489,0.0555,0.0153
14,Sweden FIR,0.0396,0.1267,0.0871,0.0229,0.0026
14,Riga FIR,0.0782,0.2324,0.1542,0.0513,0.0096
14,Vilnius FIR,0.0649,0.2196,0.1547,0.0574,0.0121
14,Canarias FIR,0.0153,0.0359,0.0206,0.0044,0.0011
14,Tirana FIR,0.0573,0.1069,0.0496,0.0114,0.0021
14,Sofia FIR,0.0505,0.1162,0.0657,0.0213,0.0045
14,Nicosia FIR,0.0246,0.0408,0.0161,0.0044,0.0011
14,Zagreb FIR,0.066,0.1194,0.0534,0.0101,0.0016
14,Barcelona FIR,0.0953,0.1937,0.0984,0.0273,0.006
14,Madrid FIR,0.0817,0.2074,0.1258,0.0307,0.0072
14,Bordeaux FIR,0.1026,0.2625,0.1599,0.0463,0.0115
14,Reims FIR,0.0836,0.2322,0.1486,0.0433,0.0126
14,Paris FIR,0.0901,0.2497,0.1596,0.0433,0.0091
14,Marseille FIR,0.0891,0.2065,0.1173,0.0369,0.0091
14,Brest FIR,0.0712,0.2187,0.1475,0.0457,0.01
14,Athinai FIR,0.0269,0.0748,0.0479,0.0159,0.006
14,Budapest FIR,0.0777,0.1859,0.1082,0.0322,0.0062
14,Brindisi FIR,0.0685,0.1091,0.0406,0.006,0.0014
14,Milano FIR,0.083,0.1973,0.1143,0.0381,0.0143
14,Roma FIR,0.0446,0.0825,0.0379,0.0092,0.0027
14,Ljubljana FIR,0.0673,0.1315,0.0642,0.0214,0.0057
14,Praha FIR,0.0878,0.2314,0.1436,0.045,0.0101
14,Malta FIR,0.0057,0.0148,0.0091,0.0027,0.001
14,Wien FIR,0.0812,0.1761,0.0949,0.0333,0.0117
14,Lisboa FIR,0.0545,0.1516,0.0971,0.0297,0.0065
14,Santa Maria FIR,0.0253,0.0766,0.0513,0.0166,0.004
14,Sarajevo FIR,0.0717,0.1394,0.0677,0.0097,0.0005
14,Bucarest FIR,0.0581,0.1389,0.0808,0.0235,0.0049
14,Switzerland FIR,0.0838,0.2386,0.1548,0.0512,0.0167
14,Ankara FIR,0.0478,0.1345,0.0867,0.0267,0.0066
14,Istanbul FIR,0.0451,0.1288,0.0837,0.0318,0.0121
14,Chisinau FIR,0.0512,0.1182,0.067,0.0256,0.007
14,Skopje FIR,0.0584,0.1301,0.0717,0.0205,0.0049
14,Beograd FIR,0.0601,0.1409,0.0808,0.0157,0.0016
14,Bratislava  FIR,0.0777,0.2071,0.1294,0.0382,0.0068
14,Yerevan FIR,0.0707,0.1753,0.1046,0.0284,0.0029
14,Tibilisi FIR,0.0601,0.1419,0.0818,0.0216,0.0052
14,Kiev FIR,0.0677,0.144,0.0762,0.025,0.0045
14,Dnipro FIR,0.064,0.1406,0.0766,0.0329,0.0088
14,Simferopol FIR,0.0694,0.1373,0.0679,0.029,0.0094
14,Lvov FIR,0.0652,0.1599,0.0947,0.0372,0.0091
14,Odessa FIR,0.0674,0.1295,0.0621,0.0214,0.0067
15,European Airspace,0.0353,0.0908,0.0555,0.02,0.004
15,North Atlantic,0.0288,0.0858,0.057,0.0175,0.0023
15,Continental Europe,0.055,0.1346,0.0796,0.0283,0.0058
15,Global,0.0192,0.0793,0.0601,0.0203,0.005
15,USA,0.0238,0.0676,0.0437,0.0091,0.0013
15,East Asia,0.0182,0.0528,0.0345,0.0092,0.0013
15,Southeast Asia,0.0228,0.0929,0.0701,0.0268,0.0088
15,Latin America,0.0141,0.0763,0.0622,0.0235,0.0072
15,Africa & Middle East,0.0117,0.0528,0.0411,0.0144,0.0042
15,China,0.0269,0.0754,0.0485,0.0118,0.0017
15,India,0.0093,0.0372,0.0279,0.0083,0.003
15,North Pacific,0.041,0.1146,0.0736,0.0232,0.0036
15,Arctic,0.011,0.0448,0.0337,0.0095,0.0003
15,Reykjavik FIR,0.0239,0.0717,0.0478,0.0186,0.0008
15,Brussels FIR,0.0714,0.1918,0.1204,0.0364,0.0063
15,Langen FIR,0.0825,0.1802,0.0977,0.0316,0.0059
15,Munchen FIR,0.0831,0.181,0.098,0.0289,0.0048
15,Bremen FIR,0.0858,0.2145,0.1287,0.0432,0.0067
15,Tallinn FIR,0.0829,0.1824,0.0995,0.0305,0.0037
15,Helsinki FIR,0.048,0.1173,0.0693,0.0181,0.0018
15,Shanwick FIR,0.0247,0.0825,0.0579,0.0191,0.0026
15,Scottish FIR,0.0411,0.0947,0.0536,0.0156,0.0018
15,London FIR,0.0694,0.196,0.1266,0.0491,0.0083
15,Amsterdam FIR,0.064,0.193,0.1291,0.0426,0.0079
15,Shannon FIR,0.0254,0.1234,0.0981,0.0275,0.0017
15,Copenhagen FIR,0.0724,0.1728,0.1005,0.0291,0.0044
15,Bodo Oceanic FIR,0.035,0.0946,0.0596,0.0175,0.0007
15,Polaris FIR,0.0348,0.1038,0.069,0.0145,0.0007
15,Warszawa FIR,0.0877,0.2282,0.1405,0.0753,0.0265
15,Sweden FIR,0.0608,0.1325,0.0717,0.0194,0.0023
15,Riga FIR,0.1023,0.192,0.0898,0.0313,0.0082
15,Vilnius FIR,0.0798,0.1775,0.0977,0.0465,0.0162
15,Canarias FIR,0.0025,0.0037,0.0012,0.0002,0.0001
15,Tirana FIR,0.0451,0.1337,0.0887,0.0423,0.0126
15,Sofia FIR,0.0089,0.0331,0.0242,0.0034,0.0001
15,Nicosia FIR,0.0052,0.0152,0.0101,0.0009,0.0
15,Zagreb FIR,0.0947,0.2497,0.155,0.0671,0.0164
15,Barcelona FIR,0.008,0.0247,0.0167,0.0054,0.0003
15,Madrid FIR,0.0356,0.0759,0.0403,0.0085,0.0015
15,Bordeaux FIR,0.0293,0.0849,0.0556,0.0219,0.0059
15,Reims FIR,0.0779,0.1639,0.086,0.0304,0.008
15,Paris FIR,0.072,0.1913,0.1193,0.044,0.0079
15,Marseille FIR,0.0307,0.0745,0.0438,0.0134,0.0037
15,Brest FIR,0.062,0.1574,0.0954,0.0331,0.0061
15,Athinai FIR,0.0088,0.0233,0.0145,0.0057,0.0011
15,Budapest FIR,0.1158,0.3465,0.2307,0.1067,0.0183
15,Brindisi FIR,0.0768,0.1575,0.0807,0.0341,0.0081
15,Milano FIR,0.0543,0.1145,0.0602,0.0193,0.0034
15,Roma FIR,0.0551,0.1231,0.0681,0.0291,0.0066
15,Ljubljana FIR,0.1111,0.2376,0.1265,0.0625,0.0123
15,Praha FIR,0.0806,0.1995,0.1189,0.0421,0.0107
15,Malta FIR,0.0255,0.0569,0.0315,0.0116,0.0027
15,Wien FIR,0.0846,0.2089,0.1242,0.0462,0.0078
15,Lisboa FIR,0.0602,0.1176,0.0574,0.0175,0.0028
15,Santa Maria FIR,0.0223,0.061,0.0387,0.018,0.0063
15,Sarajevo FIR,0.0825,0.2671,0.1846,0.0744,0.0194
15,Bucarest FIR,0.0631,0.1517,0.0886,0.0254,0.0028
15,Switzerland FIR,0.0459,0.1312,0.0853,0.0335,0.0083
15,Ankara FIR,0.0319,0.0875,0.0556,0.0104,0.0012
15,Istanbul FIR,0.0021,0.0041,0.002,0.0,0.0
15,Chisinau FIR,0.0735,0.1649,0.0914,0.0287,0.0019
15,Skopje FIR,0.0115,0.0444,0.0329,0.0078,0.0006
15,Beograd FIR,0.0581,0.1618,0.1037,0.0426,0.0098
15,Bratislava  FIR,0.1092,0.351,0.2418,0.12,0.0333
15,Yerevan FIR,0.0389,0.1948,0.1559,0.0414,0.0064
15,Tibilisi FIR,0.0433,0.1638,0.1205,0.038,0.0074
15,Kiev FIR,0.1035,0.2188,0.1153,0.0485,0.0067
15,Dnipro FIR,0.0686,0.1282,0.0596,0.0188,0.0026
15,Simferopol FIR,0.0171,0.0375,0.0204,0.0035,0.0002
15,Lvov FIR,0.1217,0.3097,0.1881,0.0865,0.0168
15,Odessa FIR,0.0656,0.1102,0.0446,0.0119,0.0003
16,European Airspace,0.0279,0.0786,0.0507,0.018,0.0037
16,North Atlantic,0.0439,0.1434,0.0995,0.0387,0.0079
16,Continental Europe,0.0213,0.0462,0.0248,0.0057,0.0007
16,Global,0.0192,0.0785,0.0594,0.0204,0.0048
16,USA,0.022,0.0591,0.037,0.0081,0.0011
16,East Asia,0.0231,0.0745,0.0514,0.0133,0.0036
16,Southeast Asia,0.0185,0.0819,0.0634,0.024,0.008
16,Latin America,0.019,0.0932,0.0742,0.0263,0.0077
16,Africa & Middle East,0.0104,0.0473,0.0369,0.0147,0.0049
16,China,0.028,0.0852,0.0572,0.0128,0.0021
16,India,0.0093,0.0412,0.0319,0.0104,0.0036
16,North Pacific,0.0368,0.1041,0.0673,0.0209,0.0035
16,Arctic,0.0157,0.0755,0.0598,0.0198,0.0016
16,Reykjavik FIR,0.0456,0.1346,0.089,0.0272,0.0035
16,Brussels FIR,0.0103,0.052,0.0417,0.002,0.0
16,Langen FIR,0.0109,0.0355,0.0246,0.0023,0.0
16,Munchen FIR,0.0189,0.0436,0.0248,0.0037,0.0
16,Bremen FIR,0.0129,0.0313,0.0184,0.0084,0.0002
16,Tallinn FIR,0.0136,0.0334,0.0198,0.0042,0.0001
16,Helsinki FIR,0.0225,0.0712,0.0486,0.0196,0.0015
16,Shanwick FIR,0.0661,0.2324,0.1663,0.0751,0.0186
16,Scottish FIR,0.05,0.1237,0.0736,0.0176,0.0025
16,London FIR,0.0433,0.0753,0.0321,0.0064,0.0008
16,Amsterdam FIR,0.0125,0.0475,0.035,0.0027,0.0
16,Shannon FIR,0.0832,0.1611,0.078,0.0206,0.0058
16,Copenhagen FIR,0.0148,0.0284,0.0136,0.0069,0.0006
16,Bodo Oceanic FIR,0.05,0.1048,0.0549,0.0216,0.0012
16,Polaris FIR,0.0243,0.0479,0.0236,0.0076,0.0011
16,Warszawa FIR,0.0182,0.0438,0.0255,0.005,0.0002
16,Sweden FIR,0.017,0.0361,0.0192,0.0067,0.0004
16,Riga FIR,0.0104,0.0273,0.0169,0.0043,0.0002
16,Vilnius FIR,0.0127,0.028,0.0152,0.0031,0.0001
16,Canarias FIR,0.0232,0.0836,0.0603,0.0264,0.0094
16,Tirana FIR,0.0103,0.0335,0.0232,0.0035,0.0
16,Sofia FIR,0.0201,0.0662,0.0461,0.0122,0.0024
16,Nicosia FIR,0.0032,0.0062,0.003,0.0005,0.0
16,Zagreb FIR,0.0129,0.0258,0.0129,0.0028,0.0002
16,Barcelona FIR,0.015,0.0255,0.0105,0.0018,0.0001
16,Madrid FIR,0.0126,0.0283,0.0157,0.0044,0.0003
16,Bordeaux FIR,0.0068,0.023,0.0162,0.0033,0.0004
16,Reims FIR,0.0106,0.0369,0.0263,0.0017,0.0
16,Paris FIR,0.0049,0.0239,0.019,0.0011,0.0
16,Marseille FIR,0.009,0.0178,0.0089,0.0017,0.0002
16,Brest FIR,0.0184,0.0353,0.0169,0.0032,0.0001
16,Athinai FIR,0.0082,0.0203,0.0122,0.0025,0.0003
16,Budapest FIR,0.0306,0.0685,0.038,0.0098,0.0004
16,Brindisi FIR,0.0123,0.0294,0.017,0.0035,0.0004
16,Milano FIR,0.0241,0.0384,0.0143,0.002,0.0001
16,Roma FIR,0.0085,0.0216,0.0131,0.003,0.0008
16,Ljubljana FIR,0.0258,0.0455,0.0197,0.0055,0.0004
16,Praha FIR,0.028,0.0635,0.0355,0.0082,0.0002
16,Malta FIR,0.0137,0.0274,0.0138,0.0039,0.0005
16,Wien FIR,0.0414,0.0704,0.029,0.0047,0.0002
16,Lisboa FIR,0.0327,0.0777,0.045,0.0148,0.0024
16,Santa Maria FIR,0.0287,0.0884,0.0598,0.0253,0.0071
16,Sarajevo FIR,0.0153,0.0333,0.0181,0.0037,0.0006
16,Bucarest FIR,0.0342,0.1008,0.0666,0.0197,0.0029
16,Switzerland FIR,0.0229,0.0447,0.0218,0.0011,0.0
16,Ankara FIR,0.019,0.0441,0.0251,0.009,0.0014
16,Istanbul FIR,0.0115,0.0385,0.027,0.0076,0.0018
16,Chisinau FIR,0.0544,0.1521,0.0978,0.0261,0.002
16,Skopje FIR,0.0103,0.0399,0.0297,0.0039,0.0
16,Beograd FIR,0.0167,0.0451,0.0284,0.0074,0.001
16,Bratislava  FIR,0.0446,0.0878,0.0432,0.0078,0.0003
16,Yerevan FIR,0.0141,0.0472,0.0331,0.005,0.0001
16,Tibilisi FIR,0.0348,0.1034,0.0686,0.0205,0.002
16,Kiev FIR,0.0509,0.1609,0.11,0.0257,0.0032
16,Dnipro FIR,0.0706,0.1572,0.0866,0.0246,0.0036
16,Simferopol FIR,0.0642,0.1341,0.0699,0.0269,0.0061
16,Lvov FIR,0.0494,0.1208,0.0714,0.0184,0.0017
16,Odessa FIR,0.0617,0.1452,0.0835,0.0261,0.0036
17,European Airspace,0.0264,0.0685,0.0422,0.0129,0.0021
17,North Atlantic,0.0493,0.1485,0.0992,0.0379,0.0094
17,Continental Europe,0.0256,0.0606,0.035,0.0113,0.0017
17,Global,0.019,0.0808,0.0618,0.0213,0.0051
17,USA,0.0252,0.0666,0.0415,0.0099,0.0015
17,East Asia,0.0223,0.0727,0.0504,0.0127,0.0022
17,Southeast Asia,0.023,0.0896,0.0666,0.0248,0.0081
17,Latin America,0.0154,0.0758,0.0604,0.0217,0.0063
17,Africa & Middle East,0.0118,0.0499,0.0381,0.0151,0.0051
17,China,0.0206,0.0641,0.0435,0.0095,0.0014
17,India,0.0045,0.0221,0.0176,0.0042,0.0013
17,North Pacific,0.0417,0.1127,0.071,0.0222,0.0041
17,Arctic,0.013,0.0795,0.0665,0.0227,0.002
17,Reykjavik FIR,0.0201,0.055,0.0349,0.014,0.0015
17,Brussels FIR,0.0401,0.0952,0.0551,0.0128,0.0008
17,Langen FIR,0.0399,0.0837,0.0438,0.0165,0.0025
17,Munchen FIR,0.0232,0.0674,0.0442,0.0195,0.0037
17,Bremen FIR,0.0287,0.0715,0.0428,0.0185,0.0027
17,Tallinn FIR,0.0249,0.0538,0.0289,0.0049,0.0011
17,Helsinki FIR,0.0177,0.0501,0.0324,0.0079,0.0003
17,Shanwick FIR,0.0416,0.108,0.0664,0.0211,0.0035
17,Scottish FIR,0.0229,0.0771,0.0542,0.0254,0.0052
17,London FIR,0.0396,0.1026,0.063,0.0209,0.0021
17,Amsterdam FIR,0.0442,0.0899,0.0457,0.0107,0.0002
17,Shannon FIR,0.0399,0.0876,0.0476,0.015,0.0019
17,Copenhagen FIR,0.024,0.0483,0.0243,0.0098,0.0005
17,Bodo Oceanic FIR,0.0265,0.0591,0.0326,0.0076,0.0004
17,Polaris FIR,0.0149,0.0325,0.0176,0.006,0.0007
17,Warszawa FIR,0.0183,0.0487,0.0304,0.0085,0.0008
17,Sweden FIR,0.0175,0.0417,0.0242,0.0075,0.0005
17,Riga FIR,0.0187,0.0416,0.0229,0.0054,0.0002
17,Vilnius FIR,0.0151,0.0408,0.0257,0.0054,0.0002
17,Canarias FIR,0.0021,0.0065,0.0044,0.0015,0.0002
17,Tirana FIR,0.0146,0.0512,0.0366,0.0041,0.0
17,Sofia FIR,0.0477,0.111,0.0633,0.0139,0.0019
17,Nicosia FIR,0.047,0.1187,0.0717,0.0269,0.0064
17,Zagreb FIR,0.0181,0.0461,0.028,0.0132,0.0056
17,Barcelona FIR,0.0318,0.0709,0.0391,0.0103,0.0022
17,Madrid FIR,0.0215,0.0476,0.0261,0.0085,0.0007
17,Bordeaux FIR,0.012,0.0389,0.0269,0.0058,0.0002
17,Reims FIR,0.0352,0.0686,0.0333,0.0069,0.0003
17,Paris FIR,0.0289,0.0725,0.0437,0.0114,0.0008
17,Marseille FIR,0.0313,0.0762,0.0449,0.0106,0.0015
17,Brest FIR,0.0325,0.0617,0.0292,0.0076,0.0002
17,Athinai FIR,0.0472,0.1079,0.0607,0.0132,0.0019
17,Budapest FIR,0.0141,0.0401,0.026,0.0068,0.0006
17,Brindisi FIR,0.0208,0.0439,0.0231,0.0055,0.0005
17,Milano FIR,0.0257,0.0652,0.0395,0.0103,0.0021
17,Roma FIR,0.0242,0.0458,0.0215,0.0052,0.0007
17,Ljubljana FIR,0.0363,0.0735,0.0372,0.0161,0.0049
17,Praha FIR,0.0186,0.0588,0.0402,0.015,0.0032
17,Malta FIR,0.0193,0.0483,0.029,0.0087,0.0012
17,Wien FIR,0.0292,0.0652,0.036,0.0126,0.0044
17,Lisboa FIR,0.0251,0.0587,0.0335,0.0101,0.001
17,Santa Maria FIR,0.0284,0.072,0.0436,0.0125,0.0024
17,Sarajevo FIR,0.0099,0.0332,0.0233,0.011,0.004
17,Bucarest FIR,0.0245,0.0625,0.038,0.0082,0.0009
17,Switzerland FIR,0.0332,0.0748,0.0416,0.0132,0.0008
17,Ankara FIR,0.0821,0.1966,0.1145,0.0275,0.0048
17,Istanbul FIR,0.0728,0.1574,0.0846,0.0219,0.0028
17,Chisinau FIR,0.0318,0.0838,0.052,0.0167,0.0019
17,Skopje FIR,0.0206,0.0631,0.0425,0.0058,0.0002
17,Beograd FIR,0.013,0.0329,0.0199,0.003,0.0001
17,Bratislava  FIR,0.0137,0.0442,0.0305,0.0072,0.0007
17,Yerevan FIR,0.0177,0.054,0.0364,0.0057,0.0007
17,Tibilisi FIR,0.0502,0.1566,0.1064,0.0391,0.0119
17,Kiev FIR,0.0239,0.089,0.0651,0.0243,0.004
17,Dnipro FIR,0.0752,0.1908,0.1156,0.0371,0.009
17,Simferopol FIR,0.089,0.2212,0.1322,0.0344,0.0058
17,Lvov FIR,0.009,0.0321,0.0231,0.0037,0.0002
17,Odessa FIR,0.056,0.1525,0.0965,0.0333,0.0066
18,European Airspace,0.0278,0.0702,0.0424,0.0145,0.0025
18,North Atlantic,0.0378,0.1152,0.0774,0.0258,0.0037
18,Continental Europe,0.0388,0.1019,0.0631,0.023,0.0044
18,Global,0.0167,0.0745,0.0578,0.0196,0.0047
18,USA,0.0191,0.0557,0.0366,0.0077,0.0012
18,East Asia,0.0183,0.0557,0.0374,0.0096,0.0017
18,Southeast Asia,0.0234,0.1002,0.0768,0.0281,0.0094
18,Latin America,0.0112,0.0585,0.0474,0.0164,0.0043
18,Africa & Middle East,0.0083,0.0381,0.0297,0.0114,0.0038
18,China,0.0266,0.0788,0.0522,0.0131,0.0024
18,India,0.0057,0.0287,0.0229,0.0086,0.0035
18,North Pacific,0.038,0.1078,0.0698,0.0215,0.0033
18,Arctic,0.0106,0.0584,0.0478,0.0179,0.0015
18,Reykjavik FIR,0.0307,0.091,0.0604,0.0237,0.003
18,Brussels FIR,0.0391,0.1457,0.1066,0.0338,0.0058
18,Langen FIR,0.039,0.144,0.105,0.0415,0.0086
18,Munchen FIR,0.0447,0.1523,0.1077,0.0441,0.0093
18,Bremen FIR,0.046,0.1232,0.0773,0.0371,0.0107
18,Tallinn FIR,0.1128,0.1943,0.0815,0.039,0.0106
18,Helsinki FIR,0.0562,0.0951,0.0388,0.0146,0.0021
18,Shanwick FIR,0.019,0.0576,0.0386,0.0148,0.0023
18,Scottish FIR,0.0462,0.1109,0.0647,0.029,0.0049
18,London FIR,0.0481,0.1358,0.0877,0.0279,0.0027
18,Amsterdam FIR,0.0419,0.1093,0.0674,0.0266,0.0043
18,Shannon FIR,0.023,0.0786,0.0556,0.0201,0.0034
18,Copenhagen FIR,0.0586,0.1083,0.0496,0.0175,0.0033
18,Bodo Oceanic FIR,0.0272,0.0489,0.0217,0.0069,0.0013
18,Polaris FIR,0.0477,0.1008,0.0531,0.0211,0.0049
18,Warszawa FIR,0.107,0.2447,0.1377,0.0654,0.0156
18,Sweden FIR,0.0975,0.1622,0.0647,0.0332,0.01
18,Riga FIR,0.1328,0.2497,0.117,0.0715,0.022
18,Vilnius FIR,0.1431,0.2751,0.132,0.0662,0.0164
18,Canarias FIR,0.0084,0.0209,0.0125,0.0034,0.0005
18,Tirana FIR,0.0145,0.0258,0.0113,0.0004,0.0
18,Sofia FIR,0.0118,0.0306,0.0187,0.0046,0.0003
18,Nicosia FIR,0.0014,0.005,0.0036,0.0011,0.0001
18,Zagreb FIR,0.0226,0.0674,0.0448,0.0119,0.0015
18,Barcelona FIR,0.0302,0.0852,0.055,0.0199,0.0044
18,Madrid FIR,0.0285,0.0795,0.051,0.0175,0.0024
18,Bordeaux FIR,0.0466,0.1589,0.1124,0.0303,0.0036
18,Reims FIR,0.0448,0.1604,0.1156,0.0262,0.0037
18,Paris FIR,0.0461,0.1473,0.1012,0.0268,0.0029
18,Marseille FIR,0.0436,0.1206,0.077,0.0242,0.0034
18,Brest FIR,0.03,0.0899,0.0599,0.0156,0.0023
18,Athinai FIR,0.0016,0.0039,0.0024,0.0001,0.0
18,Budapest FIR,0.0437,0.1334,0.0897,0.0397,0.0101
18,Brindisi FIR,0.005,0.0092,0.0043,0.0014,0.0002
18,Milano FIR,0.0317,0.101,0.0693,0.0206,0.0014
18,Roma FIR,0.0164,0.033,0.0166,0.0022,0.0001
18,Ljubljana FIR,0.0456,0.1193,0.0737,0.0222,0.002
18,Praha FIR,0.0436,0.1583,0.1146,0.0551,0.0142
18,Malta FIR,0.0104,0.0245,0.0141,0.0013,0.0
18,Wien FIR,0.044,0.1464,0.1024,0.0354,0.0067
18,Lisboa FIR,0.0215,0.0668,0.0453,0.0149,0.0026
18,Santa Maria FIR,0.0345,0.0966,0.0622,0.0173,0.0031
18,Sarajevo FIR,0.0218,0.073,0.0512,0.0097,0.0006
18,Bucarest FIR,0.0358,0.105,0.0692,0.0331,0.0055
18,Switzerland FIR,0.0438,0.1488,0.1049,0.0214,0.0018
18,Ankara FIR,0.0255,0.0856,0.0601,0.015,0.002
18,Istanbul FIR,0.0016,0.0056,0.004,0.0008,0.0
18,Chisinau FIR,0.0318,0.1242,0.0924,0.0435,0.0091
18,Skopje FIR,0.0087,0.0212,0.0126,0.0001,0.0
18,Beograd FIR,0.0149,0.0592,0.0443,0.0086,0.0002
18,Bratislava  FIR,0.0606,0.1547,0.0941,0.0471,0.016
18,Yerevan FIR,0.0324,0.143,0.1106,0.027,0.0032
18,Tibilisi FIR,0.0338,0.1539,0.1201,0.0196,0.001
18,Kiev FIR,0.0268,0.0674,0.0405,0.0108,0.0016
18,Dnipro FIR,0.0157,0.0309,0.0152,0.0017,0.0004
18,Simferopol FIR,0.0546,0.1294,0.0748,0.0194,0.0036
18,Lvov FIR,0.0611,0.1538,0.0927,0.0417,0.0105
18,Odessa FIR,0.0325,0.0854,0.0528,0.0178,0.0029
19,European Airspace,0.0422,0.1071,0.0649,0.0212,0.0036
19,North Atlantic,0.0442,0.1287,0.0845,0.0294,0.0056
19,Continental Europe,0.0612,0.1426,0.0813,0.0282,0.0049
19,Global,0.0176,0.0732,0.0556,0.0186,0.0042
19,USA,0.0155,0.0462,0.0307,0.0069,0.0012
19,East Asia,0.0278,0.0918,0.064,0.0169,0.0034
19,Southeast Asia,0.0212,0.0887,0.0674,0.0247,0.0075
19,Latin America,0.0122,0.067,0.0547,0.0192,0.0057
19,Africa & Middle East,0.0079,0.0304,0.0225,0.0078,0.0022
19,China,0.0276,0.0807,0.0531,0.0135,0.0023
19,India,0.0054,0.0217,0.0163,0.0052,0.0016
19,North Pacific,0.0417,0.1091,0.0674,0.0201,0.0033
19,Arctic,0.0163,0.0731,0.0568,0.0192,0.0008
19,Reykjavik FIR,0.048,0.1244,0.0764,0.0274,0.0025
19,Brussels FIR,0.0669,0.1856,0.1188,0.0412,0.0056
19,Langen FIR,0.0544,0.1599,0.1055,0.0271,0.0024
19,Munchen FIR,0.0581,0.1733,0.1152,0.0359,0.0031
19,Bremen FIR,0.0712,0.1842,0.113,0.0431,0.0071
19,Tallinn FIR,0.0481,0.1147,0.0666,0.0258,0.0021
19,Helsinki FIR,0.0504,0.0903,0.0399,0.0139,0.0018
19,Shanwick FIR,0.0496,0.1489,0.0993,0.0338,0.0042
19,Scottish FIR,0.0906,0.2056,0.115,0.0415,0.006
19,London FIR,0.1055,0.209,0.1035,0.0458,0.0126
19,Amsterdam FIR,0.0869,0.1963,0.1094,0.0476,0.0122
19,Shannon FIR,0.0859,0.1904,0.1045,0.0333,0.0035
19,Copenhagen FIR,0.0762,0.1733,0.0971,0.031,0.0042
19,Bodo Oceanic FIR,0.0742,0.1591,0.0849,0.0238,0.0014
19,Polaris FIR,0.079,0.1965,0.1175,0.0391,0.0058
19,Warszawa FIR,0.0858,0.1922,0.1064,0.0373,0.0054
19,Sweden FIR,0.0744,0.1575,0.0832,0.032,0.0069
19,Riga FIR,0.0561,0.1455,0.0894,0.0301,0.0033
19,Vilnius FIR,0.0549,0.1521,0.0973,0.0332,0.0032
19,Canarias FIR,0.0378,0.0974,0.0596,0.018,0.0047
19,Tirana FIR,0.0504,0.1275,0.0771,0.0324,0.0093
19,Sofia FIR,0.0535,0.1368,0.0832,0.0229,0.0033
19,Nicosia FIR,0.0033,0.0085,0.0052,0.0017,0.0004
19,Zagreb FIR,0.0442,0.1415,0.0973,0.034,0.0048
19,Barcelona FIR,0.0309,0.0643,0.0333,0.0106,0.0017
19,Madrid FIR,0.0614,0.1435,0.0821,0.0268,0.0056
19,Bordeaux FIR,0.0134,0.038,0.0247,0.0072,0.0013
19,Reims FIR,0.0369,0.14,0.1032,0.0288,0.001
19,Paris FIR,0.047,0.1271,0.0801,0.0239,0.0035
19,Marseille FIR,0.0225,0.0644,0.0419,0.0156,0.0019
19,Brest FIR,0.0824,0.1547,0.0724,0.0301,0.0068
19,Athinai FIR,0.0287,0.0659,0.0372,0.0135,0.0028
19,Budapest FIR,0.0379,0.1563,0.1184,0.0437,0.0049
19,Brindisi FIR,0.0585,0.1248,0.0663,0.0219,0.004
19,Milano FIR,0.0525,0.1356,0.0832,0.0315,0.0058
19,Roma FIR,0.0544,0.1077,0.0534,0.0183,0.0028
19,Ljubljana FIR,0.0575,0.1723,0.1148,0.0353,0.0062
19,Praha FIR,0.0751,0.2048,0.1297,0.0402,0.0055
19,Malta FIR,0.0215,0.0398,0.0183,0.0051,0.0003
19,Wien FIR,0.055,0.1741,0.1191,0.0376,0.0038
19,Lisboa FIR,0.0604,0.1551,0.0947,0.0284,0.0072
19,Santa Maria FIR,0.0411,0.1153,0.0742,0.0247,0.0072
19,Sarajevo FIR,0.0327,0.1348,0.1022,0.029,0.0042
19,Bucarest FIR,0.0484,0.1333,0.0849,0.0237,0.0021
19,Switzerland FIR,0.0312,0.122,0.0908,0.014,0.0002
19,Ankara FIR,0.0249,0.068,0.0431,0.011,0.001
19,Istanbul FIR,0.0356,0.0966,0.061,0.0157,0.0022
19,Chisinau FIR,0.0868,0.1929,0.106,0.034,0.0037
19,Skopje FIR,0.0348,0.1163,0.0816,0.0264,0.0046
19,Beograd FIR,0.0377,0.125,0.0873,0.0322,0.0061
19,Bratislava  FIR,0.0431,0.1844,0.1413,0.0446,0.0056
19,Yerevan FIR,0.0263,0.0941,0.0678,0.0065,0.0004
19,Tibilisi FIR,0.0369,0.14,0.103,0.022,0.0022
19,Kiev FIR,0.0785,0.1862,0.1077,0.034,0.003
19,Dnipro FIR,0.052,0.1179,0.066,0.0156,0.0007
19,Simferopol FIR,0.0466,0.107,0.0605,0.0212,0.004
19,Lvov FIR,0.0906,0.2205,0.1299,0.0488,0.0093
19,Odessa FIR,0.069,0.1526,0.0836,0.0224,0.0016
20,European Airspace,0.0289,0.0708,0.0419,0.0131,0.0019
20,North Atlantic,0.0305,0.1046,0.0741,0.0286,0.0044
20,Continental Europe,0.0355,0.0864,0.051,0.0153,0.0025
20,Global,0.0165,0.0732,0.0567,0.0192,0.0043
20,USA,0.0173,0.0487,0.0314,0.0062,0.0007
20,East Asia,0.0288,0.0976,0.0688,0.0194,0.0042
20,Southeast Asia,0.0286,0.1137,0.0851,0.0344,0.0112
20,Latin America,0.0106,0.0593,0.0486,0.0169,0.0047
20,Africa & Middle East,0.0088,0.0369,0.028,0.01,0.003
20,China,0.0232,0.0719,0.0487,0.0133,0.0027
20,India,0.0132,0.0477,0.0345,0.0108,0.0032
20,North Pacific,0.0334,0.0899,0.0565,0.017,0.0024
20,Arctic,0.0184,0.0874,0.069,0.0219,0.0008
20,Reykjavik FIR,0.0296,0.0847,0.0551,0.014,0.0012
20,Brussels FIR,0.035,0.1418,0.1068,0.0232,0.0029
20,Langen FIR,0.0174,0.0946,0.0772,0.0225,0.0045
20,Munchen FIR,0.0151,0.0622,0.0472,0.0132,0.0018
20,Bremen FIR,0.0159,0.035,0.0191,0.0045,0.0011
20,Tallinn FIR,0.0715,0.1342,0.0628,0.024,0.0072
20,Helsinki FIR,0.0904,0.1587,0.0683,0.0235,0.0034
20,Shanwick FIR,0.0348,0.1102,0.0754,0.0317,0.0044
20,Scottish FIR,0.0627,0.1579,0.0952,0.0333,0.004
20,London FIR,0.0422,0.111,0.0688,0.0207,0.0034
20,Amsterdam FIR,0.0493,0.1107,0.0615,0.0176,0.0021
20,Shannon FIR,0.0352,0.083,0.0478,0.0136,0.0024
20,Copenhagen FIR,0.0303,0.0423,0.0121,0.0037,0.0008
20,Bodo Oceanic FIR,0.0487,0.1095,0.0608,0.0146,0.001
20,Polaris FIR,0.0897,0.1748,0.085,0.0313,0.0055
20,Warszawa FIR,0.0269,0.0434,0.0166,0.0028,0.0004
20,Sweden FIR,0.0967,0.155,0.0583,0.0245,0.0053
20,Riga FIR,0.0595,0.1233,0.0638,0.0224,0.0051
20,Vilnius FIR,0.045,0.0916,0.0466,0.0172,0.0045
20,Canarias FIR,0.0032,0.0162,0.0131,0.0055,0.0014
20,Tirana FIR,0.0504,0.1787,0.1282,0.0273,0.0024
20,Sofia FIR,0.037,0.1002,0.0632,0.0076,0.0017
20,Nicosia FIR,0.0067,0.0241,0.0174,0.0031,0.0004
20,Zagreb FIR,0.0416,0.129,0.0874,0.0306,0.0032
20,Barcelona FIR,0.0276,0.0611,0.0335,0.0094,0.0014
20,Madrid FIR,0.0202,0.0411,0.0209,0.0049,0.0006
20,Bordeaux FIR,0.0268,0.0639,0.037,0.0078,0.0011
20,Reims FIR,0.0227,0.0971,0.0744,0.0184,0.0016
20,Paris FIR,0.0322,0.1017,0.0695,0.0184,0.0029
20,Marseille FIR,0.0239,0.065,0.0411,0.012,0.0014
20,Brest FIR,0.0226,0.058,0.0354,0.0076,0.0016
20,Athinai FIR,0.0496,0.1075,0.0579,0.0127,0.0024
20,Budapest FIR,0.0165,0.0613,0.0448,0.0168,0.0006
20,Brindisi FIR,0.0709,0.173,0.1022,0.0308,0.005
20,Milano FIR,0.0257,0.0845,0.0588,0.0161,0.0011
20,Roma FIR,0.0573,0.1312,0.0738,0.0271,0.0048
20,Ljubljana FIR,0.021,0.0935,0.0725,0.0271,0.0032
20,Praha FIR,0.0117,0.0429,0.0313,0.0063,0.0008
20,Malta FIR,0.0363,0.0743,0.038,0.0043,0.0004
20,Wien FIR,0.0134,0.0653,0.0519,0.0132,0.0015
20,Lisboa FIR,0.008,0.0308,0.0227,0.0052,0.0009
20,Santa Maria FIR,0.0161,0.0416,0.0255,0.0079,0.0016
20,Sarajevo FIR,0.0408,0.1423,0.1015,0.0321,0.0041
20,Bucarest FIR,0.0241,0.0629,0.0388,0.009,0.0006
20,Switzerland FIR,0.0186,0.0744,0.0559,0.0126,0.0017
20,Ankara FIR,0.0168,0.0437,0.0269,0.005,0.0004
20,Istanbul FIR,0.0396,0.0897,0.0501,0.0101,0.002
20,Chisinau FIR,0.0022,0.005,0.0027,0.0002,0.0
20,Skopje FIR,0.0454,0.1651,0.1197,0.0215,0.0025
20,Beograd FIR,0.0347,0.1451,0.1104,0.0258,0.0015
20,Bratislava  FIR,0.0244,0.0477,0.0233,0.0043,0.0001
20,Yerevan FIR,0.011,0.0589,0.0479,0.0096,0.0
20,Tibilisi FIR,0.0143,0.0681,0.0538,0.0131,0.0018
20,Kiev FIR,0.0112,0.0199,0.0088,0.0007,0.0
20,Dnipro FIR,0.0307,0.079,0.0483,0.015,0.0005
20,Simferopol FIR,0.0141,0.0233,0.0092,0.0022,0.0001
20,Lvov FIR,0.016,0.0317,0.0157,0.0027,0.0001
20,Odessa FIR,0.0068,0.0128,0.006,0.0004,0.0
21,European Airspace,0.0324,0.0741,0.0417,0.0125,0.0019
21,North Atlantic,0.0345,0.1041,0.0695,0.0224,0.0035
21,Continental Europe,0.0277,0.0704,0.0426,0.0133,0.0016
21,Global,0.0178,0.0789,0.0611,0.0213,0.0052
21,USA,0.0178,0.0469,0.029,0.0063,0.0012
21,East Asia,0.0322,0.1152,0.083,0.0264,0.0071
21,Southeast Asia,0.0291,0.1283,0.0991,0.0373,0.0112
21,Latin America,0.0129,0.0656,0.0527,0.0195,0.0059
21,Africa & Middle East,0.0056,0.0242,0.0186,0.0065,0.0018
21,China,0.022,0.0734,0.0514,0.0145,0.003
21,India,0.0219,0.0844,0.0625,0.0215,0.0056
21,North Pacific,0.0329,0.0834,0.0505,0.0149,0.0023
21,Arctic,0.0233,0.0837,0.0604,0.0194,0.001
21,Reykjavik FIR,0.055,0.1443,0.0894,0.018,0.001
21,Brussels FIR,0.0347,0.0777,0.043,0.0103,0.0003
21,Langen FIR,0.039,0.1083,0.0693,0.0197,0.0015
21,Munchen FIR,0.0384,0.1228,0.0844,0.0263,0.0024
21,Bremen FIR,0.0436,0.1122,0.0687,0.0163,0.0011
21,Tallinn FIR,0.0423,0.0665,0.0242,0.0089,0.0034
21,Helsinki FIR,0.1197,0.1858,0.0661,0.0296,0.008
21,Shanwick FIR,0.0388,0.1152,0.0764,0.0221,0.0024
21,Scottish FIR,0.0405,0.0878,0.0473,0.0146,0.0022
21,London FIR,0.0228,0.0562,0.0334,0.0098,0.0006
21,Amsterdam FIR,0.0437,0.0887,0.045,0.0107,0.0002
21,Shannon FIR,0.0194,0.0604,0.0411,0.0107,0.0005
21,Copenhagen FIR,0.0466,0.0834,0.0369,0.0085,0.0008
21,Bodo Oceanic FIR,0.0754,0.1197,0.0444,0.0106,0.0016
21,Polaris FIR,0.082,0.1289,0.0469,0.016,0.0025
21,Warszawa FIR,0.0428,0.1238,0.081,0.0269,0.004
21,Sweden FIR,0.0778,0.1251,0.0473,0.0189,0.0035
21,Riga FIR,0.0118,0.0281,0.0163,0.0052,0.0017
21,Vilnius FIR,0.0292,0.0691,0.0399,0.0131,0.0015
21,Canarias FIR,0.0075,0.0248,0.0174,0.0042,0.0006
21,Tirana FIR,0.0145,0.0597,0.0451,0.0074,0.0001
21,Sofia FIR,0.0259,0.0534,0.0274,0.0076,0.0007
21,Nicosia FIR,0.01,0.0187,0.0086,0.0005,0.0
21,Zagreb FIR,0.0278,0.0803,0.0525,0.0181,0.0021
21,Barcelona FIR,0.0315,0.0694,0.0379,0.0144,0.0033
21,Madrid FIR,0.0252,0.0741,0.0489,0.0188,0.0037
21,Bordeaux FIR,0.017,0.0709,0.0538,0.0173,0.0016
21,Reims FIR,0.0343,0.0854,0.0511,0.0155,0.0011
21,Paris FIR,0.0167,0.0458,0.0291,0.005,0.0001
21,Marseille FIR,0.0282,0.067,0.0388,0.0146,0.0022
21,Brest FIR,0.0186,0.0493,0.0307,0.0103,0.0006
21,Athinai FIR,0.0175,0.0351,0.0177,0.0035,0.0004
21,Budapest FIR,0.055,0.1583,0.1032,0.0323,0.0029
21,Brindisi FIR,0.0208,0.0389,0.0182,0.0053,0.0003
21,Milano FIR,0.0197,0.0677,0.048,0.0132,0.0016
21,Roma FIR,0.0205,0.0373,0.0168,0.0036,0.0002
21,Ljubljana FIR,0.0239,0.0878,0.0639,0.0199,0.0011
21,Praha FIR,0.0455,0.1428,0.0972,0.0311,0.0031
21,Malta FIR,0.0154,0.0257,0.0104,0.0018,0.0001
21,Wien FIR,0.0317,0.1113,0.0796,0.0241,0.0019
21,Lisboa FIR,0.0186,0.0517,0.0331,0.0113,0.0024
21,Santa Maria FIR,0.046,0.1173,0.0712,0.024,0.0058
21,Sarajevo FIR,0.0351,0.0909,0.0558,0.0182,0.0034
21,Bucarest FIR,0.0387,0.0845,0.0458,0.0109,0.0011
21,Switzerland FIR,0.0294,0.0892,0.0598,0.0231,0.002
21,Ankara FIR,0.0141,0.0469,0.0328,0.0093,0.001
21,Istanbul FIR,0.0167,0.0438,0.0271,0.0072,0.0009
21,Chisinau FIR,0.0231,0.0567,0.0336,0.01,0.0018
21,Skopje FIR,0.0073,0.0527,0.0454,0.0133,0.0012
21,Beograd FIR,0.0217,0.0903,0.0685,0.0243,0.0024
21,Bratislava  FIR,0.0499,0.1438,0.0939,0.0256,0.0019
21,Yerevan FIR,0.0117,0.0674,0.0557,0.0063,0.0
21,Tibilisi FIR,0.0147,0.0641,0.0494,0.0123,0.001
21,Kiev FIR,0.0276,0.0681,0.0406,0.015,0.0016
21,Dnipro FIR,0.0147,0.0321,0.0174,0.0063,0.0004
21,Simferopol FIR,0.026,0.0536,0.0276,0.0093,0.001
21,Lvov FIR,0.0401,0.1115,0.0714,0.0235,0.0035
21,Odessa FIR,0.0244,0.0543,0.0299,0.0075,0.0007
22,European Airspace,0.0226,0.0607,0.0381,0.0125,0.002
22,North Atlantic,0.0332,0.1022,0.069,0.0256,0.0049
22,Continental Europe,0.0326,0.0837,0.0511,0.0155,0.0019
22,Global,0.0167,0.0765,0.0598,0.0211,0.0054
22,USA,0.0242,0.0632,0.0391,0.0095,0.0018
22,East Asia,0.0187,0.0675,0.0488,0.0151,0.0043
22,Southeast Asia,0.0356,0.1451,0.1095,0.0443,0.014
22,Latin America,0.0158,0.0757,0.0599,0.0206,0.0053
22,Africa & Middle East,0.0052,0.0259,0.0207,0.008,0.0025
22,China,0.0131,0.0474,0.0343,0.01,0.0021
22,India,0.0181,0.0785,0.0604,0.0241,0.0073
22,North Pacific,0.0314,0.0774,0.046,0.0141,0.0022
22,Arctic,0.0242,0.072,0.0478,0.0131,0.0005
22,Reykjavik FIR,0.0152,0.045,0.0298,0.0053,0.0001
22,Brussels FIR,0.0043,0.039,0.0347,0.01,0.0005
22,Langen FIR,0.0222,0.0986,0.0763,0.0237,0.0014
22,Munchen FIR,0.0426,0.1267,0.0841,0.0162,0.0006
22,Bremen FIR,0.0322,0.0845,0.0523,0.0145,0.001
22,Tallinn FIR,0.0674,0.1264,0.059,0.022,0.0027
22,Helsinki FIR,0.0658,0.1129,0.0471,0.0143,0.0015
22,Shanwick FIR,0.0286,0.1182,0.0896,0.0391,0.0087
22,Scottish FIR,0.0186,0.0534,0.0348,0.0097,0.0005
22,London FIR,0.0097,0.0329,0.0232,0.0079,0.0005
22,Amsterdam FIR,0.0111,0.0334,0.0223,0.0056,0.0006
22,Shannon FIR,0.0291,0.0664,0.0374,0.0152,0.0026
22,Copenhagen FIR,0.0333,0.0643,0.031,0.006,0.0003
22,Bodo Oceanic FIR,0.0274,0.085,0.0576,0.0093,0.0
22,Polaris FIR,0.0407,0.0804,0.0397,0.0099,0.0004
22,Warszawa FIR,0.0346,0.0905,0.0559,0.017,0.0028
22,Sweden FIR,0.0537,0.094,0.0403,0.0115,0.0012
22,Riga FIR,0.0519,0.1109,0.059,0.0272,0.0038
22,Vilnius FIR,0.0434,0.0983,0.0549,0.0209,0.0044
22,Canarias FIR,0.002,0.0089,0.0069,0.0027,0.0007
22,Tirana FIR,0.0275,0.0733,0.0458,0.0062,0.0011
22,Sofia FIR,0.0097,0.037,0.0273,0.006,0.0007
22,Nicosia FIR,0.0003,0.0011,0.0007,0.0003,0.0
22,Zagreb FIR,0.0342,0.0841,0.05,0.0091,0.0005
22,Barcelona FIR,0.0477,0.1061,0.0585,0.0159,0.0016
22,Madrid FIR,0.0309,0.0903,0.0595,0.0175,0.0022
22,Bordeaux FIR,0.0411,0.1284,0.0874,0.0301,0.006
22,Reims FIR,0.0218,0.0895,0.0677,0.0198,0.0006
22,Paris FIR,0.0089,0.0602,0.0513,0.0154,0.0012
22,Marseille FIR,0.0665,0.1395,0.073,0.0269,0.0045
22,Brest FIR,0.0208,0.1004,0.0796,0.0381,0.0053
22,Athinai FIR,0.0093,0.0197,0.0104,0.0022,0.0003
22,Budapest FIR,0.0261,0.0697,0.0436,0.0116,0.0007
22,Brindisi FIR,0.0438,0.0936,0.0498,0.0129,0.0016
22,Milano FIR,0.0458,0.101,0.0552,0.0158,0.0019
22,Roma FIR,0.0576,0.1102,0.0526,0.0134,0.0016
22,Ljubljana FIR,0.0323,0.0972,0.065,0.0122,0.0001
22,Praha FIR,0.0431,0.1292,0.0862,0.02,0.0026
22,Malta FIR,0.0228,0.0497,0.0269,0.0047,0.0002
22,Wien FIR,0.0396,0.109,0.0694,0.014,0.0009
22,Lisboa FIR,0.014,0.0253,0.0113,0.0028,0.0006
22,Santa Maria FIR,0.0145,0.0543,0.0399,0.0153,0.0034
22,Sarajevo FIR,0.0202,0.0805,0.0603,0.0111,0.0006
22,Bucarest FIR,0.0172,0.0525,0.0353,0.0078,0.0003
22,Switzerland FIR,0.0353,0.1074,0.0721,0.0152,0.0009
22,Ankara FIR,0.0063,0.0203,0.014,0.0048,0.0006
22,Istanbul FIR,0.0055,0.0145,0.0089,0.0015,0.0
22,Chisinau FIR,0.0189,0.0684,0.0494,0.0091,0.0
22,Skopje FIR,0.0293,0.0675,0.0382,0.0058,0.0006
22,Beograd FIR,0.0178,0.0672,0.0494,0.0147,0.0025
22,Bratislava  FIR,0.0243,0.0737,0.0494,0.0121,0.0011
22,Yerevan FIR,0.004,0.0152,0.0112,0.0018,0.0
22,Tibilisi FIR,0.0079,0.0377,0.0299,0.0057,0.0
22,Kiev FIR,0.0278,0.0939,0.0661,0.0224,0.0029
22,Dnipro FIR,0.0394,0.0975,0.058,0.0217,0.0042
22,Simferopol FIR,0.0194,0.0472,0.0278,0.0118,0.002
22,Lvov FIR,0.0342,0.1022,0.068,0.0208,0.0031
22,Odessa FIR,0.0209,0.0649,0.044,0.012,0.0009
23,European Airspace,0.02,0.053,0.033,0.0093,0.0014
23,North Atlantic,0.0286,0.0956,0.0669,0.0234,0.0041
23,Continental Europe,0.0264,0.0673,0.0409,0.0112,0.0016
23,Global,0.0165,0.0781,0.0616,0.0216,0.0057
23,USA,0.0154,0.0496,0.0341,0.0087,0.002
23,East Asia,0.0271,0.0895,0.0624,0.0197,0.0052
23,Southeast Asia,0.0382,0.159,0.1208,0.0498,0.0165
23,Latin America,0.0213,0.1094,0.0881,0.0312,0.0084
23,Africa & Middle East,0.0043,0.0231,0.0188,0.0081,0.0031
23,China,0.0205,0.0673,0.0469,0.0131,0.0025
23,India,0.0211,0.0832,0.0621,0.0228,0.0076
23,North Pacific,0.0284,0.0785,0.0501,0.0145,0.0022
23,Arctic,0.0242,0.0699,0.0457,0.0108,0.0002
23,Reykjavik FIR,0.0135,0.0379,0.0243,0.004,0.0002
23,Brussels FIR,0.0084,0.0404,0.032,0.0109,0.0018
23,Langen FIR,0.0092,0.0456,0.0364,0.0113,0.0005
23,Munchen FIR,0.0182,0.0813,0.0631,0.0147,0.0004
23,Bremen FIR,0.0177,0.0607,0.043,0.0123,0.0007
23,Tallinn FIR,0.0178,0.0359,0.0182,0.0033,0.0004
23,Helsinki FIR,0.03,0.0582,0.0282,0.0073,0.0002
23,Shanwick FIR,0.0353,0.1142,0.0788,0.0271,0.0052
23,Scottish FIR,0.008,0.0188,0.0108,0.0027,0.0001
23,London FIR,0.0234,0.0559,0.0325,0.0094,0.0008
23,Amsterdam FIR,0.014,0.0632,0.0492,0.0131,0.0005
23,Shannon FIR,0.0257,0.0931,0.0674,0.0209,0.0039
23,Copenhagen FIR,0.0259,0.0467,0.0207,0.0057,0.0001
23,Bodo Oceanic FIR,0.0254,0.0643,0.0389,0.005,0.0
23,Polaris FIR,0.0231,0.037,0.0139,0.0022,0.0
23,Warszawa FIR,0.0157,0.0596,0.0439,0.0132,0.0008
23,Sweden FIR,0.0326,0.0527,0.0201,0.005,0.0001
23,Riga FIR,0.0147,0.0418,0.0271,0.0069,0.0003
23,Vilnius FIR,0.0156,0.0413,0.0257,0.0067,0.0004
23,Canarias FIR,0.0096,0.0243,0.0147,0.0028,0.0005
23,Tirana FIR,0.0202,0.0478,0.0276,0.0058,0.0003
23,Sofia FIR,0.0262,0.0591,0.0329,0.0077,0.0017
23,Nicosia FIR,0.0,0.0002,0.0002,0.0001,0.0
23,Zagreb FIR,0.0301,0.0714,0.0413,0.0102,0.001
23,Barcelona FIR,0.0376,0.0708,0.0332,0.011,0.0038
23,Madrid FIR,0.0415,0.1167,0.0751,0.0217,0.0046
23,Bordeaux FIR,0.0498,0.1396,0.0898,0.0173,0.001
23,Reims FIR,0.0194,0.0648,0.0454,0.0126,0.0004
23,Paris FIR,0.0164,0.0497,0.0333,0.0094,0.0014
23,Marseille FIR,0.0401,0.0871,0.047,0.0111,0.0011
23,Brest FIR,0.0374,0.0727,0.0353,0.0111,0.0009
23,Athinai FIR,0.0066,0.012,0.0055,0.0013,0.0001
23,Budapest FIR,0.0255,0.085,0.0594,0.0142,0.0012
23,Brindisi FIR,0.0197,0.0424,0.0227,0.0061,0.0008
23,Milano FIR,0.0472,0.1099,0.0627,0.0122,0.002
23,Roma FIR,0.0153,0.0393,0.024,0.0049,0.0006
23,Ljubljana FIR,0.0406,0.1106,0.07,0.0124,0.0006
23,Praha FIR,0.013,0.0906,0.0776,0.0184,0.0009
23,Malta FIR,0.0059,0.0111,0.0052,0.0011,0.0002
23,Wien FIR,0.0336,0.1269,0.0933,0.0204,0.0006
23,Lisboa FIR,0.0304,0.0901,0.0598,0.0242,0.0056
23,Santa Maria FIR,0.0293,0.0818,0.0526,0.0148,0.0033
23,Sarajevo FIR,0.0259,0.0611,0.0352,0.0078,0.0008
23,Bucarest FIR,0.0355,0.0802,0.0448,0.0093,0.0011
23,Switzerland FIR,0.0439,0.1267,0.0828,0.0149,0.0004
23,Ankara FIR,0.0064,0.0187,0.0122,0.0026,0.0002
23,Istanbul FIR,0.0088,0.019,0.0102,0.0035,0.0003
23,Chisinau FIR,0.0412,0.1078,0.0666,0.0148,0.0016
23,Skopje FIR,0.0263,0.0619,0.0357,0.0042,0.0005
23,Beograd FIR,0.0258,0.0628,0.037,0.0106,0.0017
23,Bratislava  FIR,0.026,0.0957,0.0697,0.0155,0.001
23,Yerevan FIR,0.0175,0.0455,0.028,0.0043,0.0002
23,Tibilisi FIR,0.0182,0.0586,0.0404,0.0086,0.0011
23,Kiev FIR,0.0228,0.0704,0.0475,0.0129,0.0005
23,Dnipro FIR,0.0291,0.0731,0.044,0.0111,0.0013
23,Simferopol FIR,0.0253,0.0466,0.0213,0.007,0.0016
23,Lvov FIR,0.0315,0.072,0.0405,0.0076,0.0009
23,Odessa FIR,0.0439,0.105,0.0611,0.0175,0.0033
24,European Airspace,0.0181,0.0485,0.0304,0.0076,0.0008
24,North Atlantic,0.028,0.0911,0.0631,0.0234,0.0055
24,Continental Europe,0.0192,0.0509,0.0317,0.0071,0.0004
24,Global,0.0155,0.0778,0.0624,0.0223,0.0059
24,USA,0.0133,0.0404,0.0271,0.007,0.0018
24,East Asia,0.0248,0.0942,0.0694,0.0215,0.0057
24,Southeast Asia,0.0363,0.1469,0.1106,0.0438,0.0137
24,Latin America,0.015,0.0825,0.0675,0.0235,0.0066
24,Africa & Middle East,0.0055,0.0284,0.0229,0.0094,0.0032
24,China,0.0201,0.0749,0.0548,0.0161,0.0038
24,India,0.0219,0.0907,0.0688,0.0268,0.0088
24,North Pacific,0.0248,0.067,0.0422,0.012,0.002
24,Arctic,0.0243,0.0711,0.0468,0.0131,0.0007
24,Reykjavik FIR,0.0429,0.0909,0.0479,0.0125,0.0005
24,Brussels FIR,0.0088,0.0572,0.0483,0.0083,0.0
24,Langen FIR,0.0152,0.0586,0.0433,0.0097,0.0001
24,Munchen FIR,0.0263,0.0625,0.0362,0.0052,0.0001
24,Bremen FIR,0.0219,0.0492,0.0274,0.0066,0.0001
24,Tallinn FIR,0.024,0.0433,0.0193,0.007,0.0009
24,Helsinki FIR,0.0185,0.0354,0.0169,0.0033,0.0001
24,Shanwick FIR,0.0261,0.087,0.0609,0.0179,0.0022
24,Scottish FIR,0.0165,0.0519,0.0354,0.0082,0.0002
24,London FIR,0.0194,0.0476,0.0282,0.0072,0.0003
24,Amsterdam FIR,0.0116,0.0448,0.0332,0.0061,0.0
24,Shannon FIR,0.0217,0.048,0.0263,0.0111,0.0017
24,Copenhagen FIR,0.0156,0.0342,0.0186,0.0039,0.0
24,Bodo Oceanic FIR,0.0341,0.0709,0.0368,0.0045,0.0
24,Polaris FIR,0.0391,0.0712,0.032,0.0059,0.0001
24,Warszawa FIR,0.0293,0.0789,0.0496,0.0103,0.0005
24,Sweden FIR,0.0258,0.0446,0.0187,0.0043,0.0003
24,Riga FIR,0.0209,0.0495,0.0287,0.0082,0.0004
24,Vilnius FIR,0.0163,0.0575,0.0412,0.0103,0.0004
24,Canarias FIR,0.004,0.0118,0.0079,0.0015,0.0001
24,Tirana FIR,0.0257,0.0558,0.0301,0.0052,0.0001
24,Sofia FIR,0.0133,0.0353,0.0219,0.003,0.0002
24,Nicosia FIR,0.0,0.0002,0.0002,0.0,0.0
24,Zagreb FIR,0.0158,0.0347,0.0189,0.0026,0.0
24,Barcelona FIR,0.0117,0.0232,0.0115,0.0019,0.0003
24,Madrid FIR,0.0164,0.0578,0.0414,0.0114,0.0013
24,Bordeaux FIR,0.0147,0.0634,0.0487,0.014,0.0006
24,Reims FIR,0.0144,0.062,0.0476,0.0137,0.0004
24,Paris FIR,0.019,0.0628,0.0439,0.0109,0.0005
24,Marseille FIR,0.0165,0.0419,0.0254,0.0052,0.0004
24,Brest FIR,0.0247,0.0709,0.0462,0.0133,0.0008
24,Athinai FIR,0.0142,0.0277,0.0136,0.0017,0.0003
24,Budapest FIR,0.0282,0.0628,0.0347,0.0041,0.0003
24,Brindisi FIR,0.0258,0.0528,0.027,0.0027,0.0001
24,Milano FIR,0.0156,0.0575,0.0418,0.0077,0.0001
24,Roma FIR,0.0296,0.0573,0.0277,0.0042,0.0001
24,Ljubljana FIR,0.0198,0.0751,0.0553,0.0064,0.0001
24,Praha FIR,0.0295,0.0773,0.0479,0.0077,0.0008
24,Malta FIR,0.0114,0.0286,0.0172,0.0032,0.0001
24,Wien FIR,0.0264,0.0765,0.0501,0.0076,0.0007
24,Lisboa FIR,0.0082,0.0281,0.0199,0.0048,0.0004
24,Santa Maria FIR,0.023,0.073,0.0501,0.0174,0.0042
24,Sarajevo FIR,0.0119,0.0272,0.0154,0.0015,0.0001
24,Bucarest FIR,0.0127,0.0346,0.0218,0.0035,0.0002
24,Switzerland FIR,0.0106,0.0503,0.0397,0.0106,0.0002
24,Ankara FIR,0.0053,0.0193,0.0141,0.0023,0.0003
24,Istanbul FIR,0.0087,0.0218,0.0131,0.0015,0.0002
24,Chisinau FIR,0.0135,0.0491,0.0356,0.0071,0.0006
24,Skopje FIR,0.0269,0.0609,0.034,0.0053,0.0001
24,Beograd FIR,0.011,0.026,0.015,0.0027,0.0001
24,Bratislava  FIR,0.028,0.0764,0.0484,0.0074,0.0009
24,Yerevan FIR,0.0066,0.0298,0.0232,0.0029,0.0002
24,Tibilisi FIR,0.0091,0.0422,0.033,0.0054,0.0005
24,Kiev FIR,0.0308,0.1107,0.0799,0.0154,0.001
24,Dnipro FIR,0.0192,0.065,0.0458,0.0087,0.001
24,Simferopol FIR,0.0123,0.0315,0.0192,0.0031,0.0001
24,Lvov FIR,0.0285,0.0807,0.0522,0.0125,0.0007
24,Odessa FIR,0.0179,0.0643,0.0463,0.0086,0.0003
25,European Airspace,0.0127,0.0346,0.022,0.0055,0.0006
25,North Atlantic,0.0271,0.0766,0.0495,0.016,0.0033
25,Continental Europe,0.0176,0.0476,0.03,0.0074,0.0008
25,Global,0.0153,0.0761,0.0608,0.0205,0.0053
25,USA,0.014,0.042,0.028,0.0068,0.0016
25,East Asia,0.0272,0.1026,0.0754,0.0235,0.0061
25,Southeast Asia,0.0427,0.1832,0.1405,0.0536,0.0154
25,Latin America,0.0134,0.0706,0.0572,0.0196,0.0056
25,Africa & Middle East,0.0042,0.0225,0.0183,0.0071,0.0024
25,China,0.0217,0.085,0.0633,0.0192,0.0045
25,India,0.0252,0.1114,0.0863,0.0319,0.0092
25,North Pacific,0.0217,0.0592,0.0375,0.0103,0.0016
25,Arctic,0.023,0.0662,0.0432,0.0093,0.0002
25,Reykjavik FIR,0.0086,0.0319,0.0233,0.0038,0.0
25,Brussels FIR,0.0217,0.0614,0.0398,0.0063,0.0004
25,Langen FIR,0.032,0.0859,0.0538,0.0094,0.0003
25,Munchen FIR,0.0457,0.1065,0.0608,0.0127,0.0007
25,Bremen FIR,0.0243,0.0613,0.037,0.0065,0.0003
25,Tallinn FIR,0.0304,0.0547,0.0242,0.0044,0.0002
25,Helsinki FIR,0.0202,0.0553,0.0351,0.0071,0.0001
25,Shanwick FIR,0.0238,0.082,0.0582,0.0198,0.0029
25,Scottish FIR,0.0206,0.0532,0.0326,0.0089,0.0004
25,London FIR,0.019,0.0405,0.0215,0.005,0.0004
25,Amsterdam FIR,0.0146,0.0288,0.0142,0.002,0.0001
25,Shannon FIR,0.0315,0.0815,0.05,0.0177,0.003
25,Copenhagen FIR,0.0144,0.0278,0.0134,0.0028,0.0001
25,Bodo Oceanic FIR,0.0318,0.0652,0.0335,0.0034,0.0
25,Polaris FIR,0.0274,0.0505,0.023,0.0046,0.0001
25,Warszawa FIR,0.0299,0.0911,0.0613,0.0157,0.0025
25,Sweden FIR,0.0254,0.0507,0.0253,0.0041,0.0001
25,Riga FIR,0.0317,0.0553,0.0236,0.0037,0.0001
25,Vilnius FIR,0.0329,0.0607,0.0277,0.005,0.0002
25,Canarias FIR,0.0002,0.0004,0.0003,0.0,0.0
25,Tirana FIR,0.0008,0.001,0.0003,0.0,0.0
25,Sofia FIR,0.002,0.009,0.0069,0.0021,0.0003
25,Nicosia FIR,0.0,0.0,0.0,0.0,0.0
25,Zagreb FIR,0.0174,0.0496,0.0322,0.0057,0.0007
25,Barcelona FIR,0.0102,0.0307,0.0205,0.0037,0.0006
25,Madrid FIR,0.0137,0.0448,0.0311,0.0101,0.0016
25,Bordeaux FIR,0.0212,0.0792,0.058,0.0159,0.0014
25,Reims FIR,0.0392,0.1005,0.0613,0.0135,0.0013
25,Paris FIR,0.0207,0.0723,0.0516,0.0099,0.001
25,Marseille FIR,0.019,0.0542,0.0352,0.0084,0.0018
25,Brest FIR,0.013,0.0523,0.0393,0.0127,0.0009
25,Athinai FIR,0.0003,0.0011,0.0007,0.0,0.0
25,Budapest FIR,0.03,0.0812,0.0512,0.0099,0.0012
25,Brindisi FIR,0.0045,0.0084,0.004,0.001,0.0003
25,Milano FIR,0.0296,0.0768,0.0471,0.0109,0.0018
25,Roma FIR,0.0066,0.0116,0.005,0.0008,0.0001
25,Ljubljana FIR,0.0211,0.0819,0.0608,0.0092,0.0016
25,Praha FIR,0.0331,0.0914,0.0583,0.0156,0.0003
25,Malta FIR,0.0001,0.0002,0.0001,0.0,0.0
25,Wien FIR,0.0343,0.101,0.0668,0.0144,0.0019
25,Lisboa FIR,0.0072,0.0219,0.0147,0.0035,0.0002
25,Santa Maria FIR,0.0205,0.0534,0.0329,0.0094,0.0022
25,Sarajevo FIR,0.0163,0.038,0.0216,0.0054,0.0009
25,Bucarest FIR,0.0132,0.0359,0.0226,0.0036,0.0004
25,Switzerland FIR,0.0442,0.108,0.0638,0.0153,0.0022
25,Ankara FIR,0.0001,0.0008,0.0006,0.0,0.0
25,Istanbul FIR,0.0002,0.0008,0.0006,0.0,0.0
25,Chisinau FIR,0.0201,0.0434,0.0233,0.001,0.0
25,Skopje FIR,0.0014,0.0074,0.006,0.0008,0.0
25,Beograd FIR,0.0081,0.0239,0.0158,0.0038,0.0005
25,Bratislava  FIR,0.0362,0.0939,0.0577,0.012,0.0004
25,Yerevan FIR,0.0002,0.0016,0.0015,0.0002,0.0
25,Tibilisi FIR,0.002,0.0094,0.0074,0.0011,0.0
25,Kiev FIR,0.016,0.0398,0.0238,0.0035,0.0003
25,Dnipro FIR,0.0046,0.0133,0.0087,0.0024,0.0003
25,Simferopol FIR,0.0004,0.0008,0.0003,0.0,0.0
25,Lvov FIR,0.0346,0.097,0.0624,0.0112,0.001
25,Odessa FIR,0.007,0.0164,0.0093,0.0004,0.0
26,European Airspace,0.0105,0.0274,0.0168,0.0043,0.0007
26,North Atlantic,0.022,0.0656,0.0436,0.014,0.0029
26,Continental Europe,0.0134,0.0348,0.0214,0.0046,0.0006
26,Global,0.0136,0.0712,0.0576,0.0199,0.0053
26,USA,0.0109,0.0331,0.0222,0.0048,0.001
26,East Asia,0.0245,0.0909,0.0664,0.0192,0.005
26,Southeast Asia,0.0314,0.133,0.1016,0.0372,0.0104
26,Latin America,0.011,0.0556,0.0446,0.0143,0.0037
26,Africa & Middle East,0.0056,0.0345,0.0289,0.0132,0.0052
26,China,0.0209,0.0871,0.0662,0.0191,0.0041
26,India,0.0261,0.1227,0.0966,0.032,0.0074
26,North Pacific,0.0191,0.049,0.0299,0.0081,0.0014
26,Arctic,0.0258,0.063,0.0372,0.0063,0.0001
26,Reykjavik FIR,0.0174,0.0338,0.0163,0.0019,0.0
26,Brussels FIR,0.0192,0.057,0.0378,0.0052,0.0005
26,Langen FIR,0.0166,0.0578,0.0412,0.0061,0.0004
26,Munchen FIR,0.0208,0.0635,0.0427,0.0092,0.0009
26,Bremen FIR,0.0158,0.0478,0.032,0.0065,0.0004
26,Tallinn FIR,0.025,0.0606,0.0356,0.0108,0.0016
26,Helsinki FIR,0.0274,0.0554,0.028,0.0082,0.001
26,Shanwick FIR,0.0182,0.0548,0.0366,0.0125,0.003
26,Scottish FIR,0.0076,0.0189,0.0113,0.0022,0.0
26,London FIR,0.013,0.028,0.015,0.003,0.0001
26,Amsterdam FIR,0.0191,0.0354,0.0163,0.0022,0.0001
26,Shannon FIR,0.0094,0.0356,0.0263,0.0071,0.0003
26,Copenhagen FIR,0.0107,0.0332,0.0225,0.0042,0.0003
26,Bodo Oceanic FIR,0.0259,0.0476,0.0217,0.0027,0.0001
26,Polaris FIR,0.0154,0.0317,0.0163,0.0026,0.0001
26,Warszawa FIR,0.0239,0.0624,0.0385,0.0092,0.0016
26,Sweden FIR,0.0237,0.0461,0.0224,0.0055,0.0008
26,Riga FIR,0.0239,0.0589,0.0349,0.0109,0.0024
26,Vilnius FIR,0.0159,0.0494,0.0335,0.012,0.0026
26,Canarias FIR,0.0,0.0001,0.0001,0.0,0.0
26,Tirana FIR,0.005,0.0055,0.0005,0.0,0.0
26,Sofia FIR,0.0019,0.0115,0.0096,0.0023,0.0005
26,Nicosia FIR,0.0,0.0,0.0,0.0,0.0
26,Zagreb FIR,0.0094,0.0336,0.0242,0.0045,0.0003
26,Barcelona FIR,0.0229,0.0459,0.023,0.0045,0.0013
26,Madrid FIR,0.0189,0.0493,0.0305,0.0061,0.0012
26,Bordeaux FIR,0.0132,0.0496,0.0364,0.0092,0.0011
26,Reims FIR,0.0211,0.0684,0.0473,0.0044,0.0001
26,Paris FIR,0.021,0.056,0.0349,0.0054,0.0004
26,Marseille FIR,0.0203,0.0419,0.0216,0.0043,0.0002
26,Brest FIR,0.0191,0.0475,0.0284,0.0112,0.0018
26,Athinai FIR,0.0001,0.0002,0.0001,0.0,0.0
26,Budapest FIR,0.0212,0.0676,0.0464,0.0095,0.0011
26,Brindisi FIR,0.0041,0.0069,0.0027,0.0005,0.0
26,Milano FIR,0.0166,0.0471,0.0305,0.0036,0.0002
26,Roma FIR,0.0017,0.0038,0.0021,0.0006,0.0
26,Ljubljana FIR,0.0228,0.0689,0.0461,0.0062,0.0003
26,Praha FIR,0.0249,0.0609,0.036,0.0075,0.0008
26,Malta FIR,0.0,0.0001,0.0001,0.0,0.0
26,Wien FIR,0.0209,0.0673,0.0464,0.0073,0.0011
26,Lisboa FIR,0.0046,0.0155,0.0108,0.0033,0.0005
26,Santa Maria FIR,0.0117,0.0361,0.0245,0.0079,0.0018
26,Sarajevo FIR,0.0057,0.0267,0.0209,0.0037,0.0001
26,Bucarest FIR,0.0104,0.0394,0.029,0.0055,0.0005
26,Switzerland FIR,0.0299,0.0836,0.0537,0.005,0.0002
26,Ankara FIR,0.0,0.0,0.0,0.0,0.0
26,Istanbul FIR,0.0,0.0001,0.0,0.0,0.0
26,Chisinau FIR,0.0019,0.0068,0.0049,0.0002,0.0
26,Skopje FIR,0.0023,0.0103,0.008,0.0009,0.0
26,Beograd FIR,0.0098,0.0305,0.0206,0.004,0.0005
26,Bratislava  FIR,0.0239,0.0682,0.0443,0.0077,0.0014
26,Yerevan FIR,0.0,0.0,0.0,0.0,0.0
26,Tibilisi FIR,0.0,0.0004,0.0004,0.0001,0.0
26,Kiev FIR,0.0049,0.0117,0.0068,0.0004,0.0
26,Dnipro FIR,0.004,0.0079,0.0038,0.0007,0.0001
26,Simferopol FIR,0.001,0.0011,0.0001,0.0,0.0
26,Lvov FIR,0.0163,0.056,0.0396,0.0078,0.0014
26,Odessa FIR,0.0018,0.0033,0.0015,0.0,0.0
27,European Airspace,0.0105,0.0312,0.0207,0.0054,0.0005
27,North Atlantic,0.0181,0.0547,0.0366,0.012,0.0019
27,Continental Europe,0.0129,0.0395,0.0267,0.0068,0.0006
27,Global,0.0136,0.0744,0.0608,0.0213,0.0057
27,USA,0.0119,0.0384,0.0265,0.0068,0.0018
27,East Asia,0.0173,0.0632,0.0459,0.0156,0.0048
27,Southeast Asia,0.0366,0.1573,0.1207,0.0436,0.012
27,Latin America,0.0088,0.0455,0.0367,0.0136,0.0044
27,Africa & Middle East,0.0081,0.0499,0.0418,0.0198,0.0079
27,China,0.0148,0.064,0.0492,0.0151,0.0034
27,India,0.0286,0.1472,0.1186,0.0433,0.0117
27,North Pacific,0.0178,0.0475,0.0297,0.0081,0.0012
27,Arctic,0.0116,0.0378,0.0262,0.0053,0.0001
27,Reykjavik FIR,0.0186,0.0637,0.0452,0.012,0.0001
27,Brussels FIR,0.0144,0.0587,0.0443,0.0115,0.0003
27,Langen FIR,0.0176,0.0577,0.0401,0.0076,0.0003
27,Munchen FIR,0.016,0.0598,0.0438,0.01,0.0004
27,Bremen FIR,0.0192,0.0547,0.0355,0.0083,0.0001
27,Tallinn FIR,0.0307,0.0628,0.032,0.0043,0.0001
27,Helsinki FIR,0.0116,0.0342,0.0226,0.0018,0.0
27,Shanwick FIR,0.023,0.0738,0.0508,0.0174,0.0024
27,Scottish FIR,0.0195,0.0586,0.0391,0.0118,0.0006
27,London FIR,0.0123,0.0546,0.0423,0.0123,0.0008
27,Amsterdam FIR,0.0144,0.0576,0.0432,0.0093,0.0003
27,Shannon FIR,0.0232,0.0612,0.038,0.0121,0.0013
27,Copenhagen FIR,0.0169,0.0545,0.0377,0.0076,0.0001
27,Bodo Oceanic FIR,0.0118,0.0328,0.0209,0.0027,0.0
27,Polaris FIR,0.0134,0.0346,0.0212,0.0042,0.0001
27,Warszawa FIR,0.016,0.0501,0.0341,0.0065,0.0005
27,Sweden FIR,0.0116,0.0312,0.0196,0.0029,0.0001
27,Riga FIR,0.0238,0.064,0.0402,0.0101,0.0011
27,Vilnius FIR,0.0199,0.064,0.0442,0.0125,0.0019
27,Canarias FIR,0.0002,0.0005,0.0003,0.0,0.0
27,Tirana FIR,0.0042,0.0124,0.0081,0.003,0.0001
27,Sofia FIR,0.0137,0.0329,0.0191,0.0041,0.0003
27,Nicosia FIR,0.0,0.0,0.0,0.0,0.0
27,Zagreb FIR,0.0097,0.0325,0.0228,0.0032,0.0002
27,Barcelona FIR,0.0096,0.0179,0.0084,0.0009,0.0
27,Madrid FIR,0.0084,0.0196,0.0111,0.0026,0.0005
27,Bordeaux FIR,0.0166,0.0617,0.0451,0.0096,0.0006
27,Reims FIR,0.0242,0.0719,0.0478,0.0081,0.0002
27,Paris FIR,0.0152,0.0637,0.0485,0.0147,0.0005
27,Marseille FIR,0.0187,0.0413,0.0226,0.0048,0.0004
27,Brest FIR,0.0218,0.083,0.0612,0.0244,0.004
27,Athinai FIR,0.0021,0.0045,0.0024,0.0005,0.0
27,Budapest FIR,0.0214,0.0671,0.0456,0.0079,0.0004
27,Brindisi FIR,0.0044,0.0126,0.0082,0.0021,0.0001
27,Milano FIR,0.0166,0.0478,0.0312,0.0087,0.0022
27,Roma FIR,0.0047,0.0108,0.0061,0.0007,0.0001
27,Ljubljana FIR,0.0207,0.0569,0.0363,0.0067,0.0008
27,Praha FIR,0.0114,0.0463,0.0349,0.0066,0.0009
27,Malta FIR,0.0001,0.0002,0.0001,0.0,0.0
27,Wien FIR,0.0182,0.0676,0.0494,0.0093,0.0004
27,Lisboa FIR,0.0004,0.0007,0.0003,0.0,0.0
27,Santa Maria FIR,0.0029,0.0076,0.0047,0.0014,0.0003
27,Sarajevo FIR,0.0096,0.0345,0.0249,0.0033,0.0005
27,Bucarest FIR,0.0221,0.056,0.0339,0.006,0.0003
27,Switzerland FIR,0.0162,0.0697,0.0535,0.0106,0.0004
27,Ankara FIR,0.0004,0.0011,0.0008,0.0001,0.0
27,Istanbul FIR,0.0032,0.007,0.0038,0.0007,0.0001
27,Chisinau FIR,0.0177,0.0536,0.0359,0.0061,0.0
27,Skopje FIR,0.0065,0.0179,0.0114,0.0032,0.0001
27,Beograd FIR,0.0089,0.0272,0.0183,0.0037,0.0004
27,Bratislava  FIR,0.0167,0.0551,0.0384,0.0055,0.0005
27,Yerevan FIR,0.0,0.0,0.0,0.0,0.0
27,Tibilisi FIR,0.0019,0.0061,0.0042,0.0007,0.0
27,Kiev FIR,0.0183,0.0618,0.0435,0.0112,0.0019
27,Dnipro FIR,0.0133,0.0424,0.0291,0.0071,0.0012
27,Simferopol FIR,0.0099,0.0197,0.0098,0.0024,0.0003
27,Lvov FIR,0.0261,0.0905,0.0645,0.009,0.0009
27,Odessa FIR,0.0106,0.0284,0.0178,0.0034,0.0002
28,European Airspace,0.0114,0.0301,0.0187,0.0048,0.0004
28,North Atlantic,0.0264,0.0724,0.046,0.0142,0.0019
28,Continental Europe,0.0109,0.0327,0.0219,0.0051,0.0003
28,Global,0.0139,0.0763,0.0624,0.0219,0.0057
28,USA,0.0102,0.0305,0.0203,0.0048,0.0012
28,East Asia,0.0183,0.0698,0.0516,0.0162,0.0043
28,Southeast Asia,0.0428,0.1804,0.1376,0.0522,0.0163
28,Latin America,0.011,0.0605,0.0496,0.0154,0.0044
28,Africa & Middle East,0.0063,0.0366,0.0303,0.0121,0.0039
28,China,0.0149,0.0659,0.051,0.0147,0.0031
28,India,0.0283,0.1334,0.1052,0.0366,0.0095
28,North Pacific,0.0163,0.0445,0.0282,0.0076,0.001
28,Arctic,0.0289,0.0683,0.0394,0.0063,0.0001
28,Reykjavik FIR,0.0401,0.1213,0.0812,0.0219,0.0021
28,Brussels FIR,0.0153,0.038,0.0227,0.006,0.0005
28,Langen FIR,0.0148,0.0351,0.0203,0.004,0.0004
28,Munchen FIR,0.0183,0.042,0.0237,0.0061,0.0007
28,Bremen FIR,0.0232,0.0483,0.025,0.0048,0.0003
28,Tallinn FIR,0.0289,0.0731,0.0442,0.0091,0.0003
28,Helsinki FIR,0.0226,0.0535,0.0309,0.0068,0.0003
28,Shanwick FIR,0.0332,0.0742,0.041,0.0126,0.0015
28,Scottish FIR,0.0297,0.091,0.0613,0.0179,0.0014
28,London FIR,0.009,0.0493,0.0403,0.0082,0.0001
28,Amsterdam FIR,0.0182,0.0485,0.0303,0.005,0.0002
28,Shannon FIR,0.0189,0.0489,0.03,0.0112,0.0008
28,Copenhagen FIR,0.0293,0.0695,0.0402,0.0054,0.0002
28,Bodo Oceanic FIR,0.0141,0.049,0.035,0.0076,0.0002
28,Polaris FIR,0.0327,0.0651,0.0324,0.0072,0.0005
28,Warszawa FIR,0.0172,0.0541,0.0369,0.0066,0.0004
28,Sweden FIR,0.0285,0.0702,0.0417,0.0074,0.0002
28,Riga FIR,0.0249,0.0667,0.0417,0.0088,0.0008
28,Vilnius FIR,0.0213,0.0637,0.0423,0.0068,0.0008
28,Canarias FIR,0.0,0.0,0.0,0.0,0.0
28,Tirana FIR,0.0,0.0,0.0,0.0,0.0
28,Sofia FIR,0.0,0.0,0.0,0.0,0.0
28,Nicosia FIR,0.0,0.0,0.0,0.0,0.0
28,Zagreb FIR,0.0015,0.0058,0.0043,0.0001,0.0
28,Barcelona FIR,0.0013,0.0024,0.0011,0.0001,0.0
28,Madrid FIR,0.0051,0.0195,0.0144,0.0038,0.0001
28,Bordeaux FIR,0.0131,0.0331,0.02,0.0044,0.0004
28,Reims FIR,0.0092,0.029,0.0198,0.0052,0.0003
28,Paris FIR,0.0116,0.0312,0.0196,0.0039,0.0002
28,Marseille FIR,0.0041,0.0123,0.0082,0.0025,0.0002
28,Brest FIR,0.0077,0.0406,0.0329,0.0077,0.0002
28,Athinai FIR,0.0,0.0,0.0,0.0,0.0
28,Budapest FIR,0.0051,0.0129,0.0079,0.0014,0.0001
28,Brindisi FIR,0.0,0.0004,0.0004,0.0,0.0
28,Milano FIR,0.0052,0.0192,0.014,0.0042,0.0003
28,Roma FIR,0.0002,0.0007,0.0005,0.0001,0.0
28,Ljubljana FIR,0.0054,0.0177,0.0123,0.0006,0.0
28,Praha FIR,0.0116,0.0424,0.0309,0.0058,0.0004
28,Malta FIR,0.0,0.0,0.0,0.0,0.0
28,Wien FIR,0.0095,0.0329,0.0234,0.0032,0.0002
28,Lisboa FIR,0.0039,0.0101,0.0062,0.0025,0.0001
28,Santa Maria FIR,0.0052,0.0134,0.0083,0.0018,0.0002
28,Sarajevo FIR,0.0003,0.0025,0.0022,0.0001,0.0
28,Bucarest FIR,0.0005,0.0013,0.0008,0.0001,0.0
28,Switzerland FIR,0.0103,0.0386,0.0282,0.0068,0.0004
28,Ankara FIR,0.0,0.0,0.0,0.0,0.0
28,Istanbul FIR,0.0,0.0,0.0,0.0,0.0
28,Chisinau FIR,0.0007,0.0019,0.0012,0.0004,0.0
28,Skopje FIR,0.0,0.0,0.0,0.0,0.0
28,Beograd FIR,0.0004,0.0009,0.0005,0.0,0.0
28,Bratislava  FIR,0.0095,0.0285,0.019,0.0036,0.0004
28,Yerevan FIR,0.0,0.0,0.0,0.0,0.0
28,Tibilisi FIR,0.0002,0.0007,0.0005,0.0,0.0
28,Kiev FIR,0.0005,0.0017,0.0013,0.0001,0.0
28,Dnipro FIR,0.0002,0.0011,0.0009,0.0001,0.0
28,Simferopol FIR,0.0,0.0001,0.0001,0.0001,0.0
28,Lvov FIR,0.005,0.0174,0.0124,0.0029,0.0003
28,Odessa FIR,0.0002,0.0012,0.0011,0.0005,0.0
29,European Airspace,0.011,0.0295,0.0186,0.0051,0.0005
29,North Atlantic,0.0169,0.051,0.034,0.0101,0.0013
29,Continental Europe,0.0129,0.0355,0.0227,0.0064,0.0006
29,Global,0.0139,0.0737,0.0598,0.0204,0.0053
29,USA,0.0147,0.039,0.0242,0.0047,0.0009
29,East Asia,0.0249,0.0889,0.064,0.0219,0.0064
29,Southeast Asia,0.0357,0.1495,0.1137,0.0436,0.0139
29,Latin America,0.0098,0.0515,0.0417,0.0132,0.0027
29,Africa & Middle East,0.0061,0.0401,0.0341,0.0144,0.005
29,China,0.0135,0.0593,0.0459,0.0137,0.0028
29,India,0.0272,0.1302,0.1031,0.0337,0.0077
29,North Pacific,0.0154,0.043,0.0276,0.0077,0.001
29,Arctic,0.0306,0.0687,0.0381,0.0082,0.0003
29,Reykjavik FIR,0.0225,0.0759,0.0533,0.0137,0.0003
29,Brussels FIR,0.0274,0.0672,0.0397,0.0137,0.0023
29,Langen FIR,0.0192,0.0615,0.0423,0.0086,0.0004
29,Munchen FIR,0.0118,0.0471,0.0353,0.0064,0.0004
29,Bremen FIR,0.0187,0.059,0.0403,0.0098,0.0007
29,Tallinn FIR,0.0095,0.0225,0.013,0.0022,0.0003
29,Helsinki FIR,0.0257,0.0539,0.0282,0.006,0.0005
29,Shanwick FIR,0.018,0.0524,0.0344,0.0114,0.0016
29,Scottish FIR,0.0359,0.1053,0.0693,0.0213,0.002
29,London FIR,0.0251,0.069,0.0439,0.0139,0.0025
29,Amsterdam FIR,0.0265,0.0496,0.0232,0.0056,0.0003
29,Shannon FIR,0.0261,0.0883,0.0623,0.0164,0.0009
29,Copenhagen FIR,0.0281,0.0496,0.0216,0.0036,0.0002
29,Bodo Oceanic FIR,0.0315,0.0697,0.0382,0.0078,0.0002
29,Polaris FIR,0.0482,0.0936,0.0454,0.0122,0.0014
29,Warszawa FIR,0.0144,0.0473,0.0329,0.0072,0.0005
29,Sweden FIR,0.0219,0.0486,0.0267,0.0052,0.0005
29,Riga FIR,0.0063,0.0203,0.014,0.003,0.0002
29,Vilnius FIR,0.007,0.0195,0.0125,0.0035,0.0003
29,Canarias FIR,0.0,0.0,0.0,0.0,0.0
29,Tirana FIR,0.0002,0.0004,0.0003,0.0,0.0
29,Sofia FIR,0.0001,0.0002,0.0001,0.0,0.0
29,Nicosia FIR,0.0,0.0,0.0,0.0,0.0
29,Zagreb FIR,0.0006,0.0027,0.0021,0.0004,0.0
29,Barcelona FIR,0.0007,0.0018,0.0011,0.0001,0.0
29,Madrid FIR,0.0048,0.0151,0.0103,0.0034,0.0003
29,Bordeaux FIR,0.0074,0.0294,0.022,0.0047,0.0006
29,Reims FIR,0.0133,0.0385,0.0252,0.0043,0.0002
29,Paris FIR,0.017,0.0537,0.0366,0.0127,0.0012
29,Marseille FIR,0.005,0.0136,0.0086,0.0022,0.0002
29,Brest FIR,0.0187,0.051,0.0323,0.012,0.0013
29,Athinai FIR,0.0,0.0,0.0,0.0,0.0
29,Budapest FIR,0.008,0.0228,0.0148,0.0029,0.0005
29,Brindisi FIR,0.0001,0.0001,0.0,0.0,0.0
29,Milano FIR,0.0035,0.0113,0.0078,0.0006,0.0
29,Roma FIR,0.0001,0.0003,0.0002,0.0,0.0
29,Ljubljana FIR,0.0014,0.0089,0.0075,0.0019,0.0
29,Praha FIR,0.0145,0.0515,0.037,0.0086,0.0005
29,Malta FIR,0.0,0.0,0.0,0.0,0.0
29,Wien FIR,0.0071,0.0325,0.0254,0.0061,0.0002
29,Lisboa FIR,0.0015,0.0051,0.0036,0.0015,0.0002
29,Santa Maria FIR,0.0047,0.0116,0.0069,0.0017,0.0002
29,Sarajevo FIR,0.0009,0.0052,0.0043,0.0006,0.0001
29,Bucarest FIR,0.0024,0.0111,0.0087,0.0012,0.0001
29,Switzerland FIR,0.0044,0.017,0.0125,0.0023,0.0
29,Ankara FIR,0.0,0.0,0.0,0.0,0.0
29,Istanbul FIR,0.0,0.0,0.0,0.0,0.0
29,Chisinau FIR,0.0041,0.0185,0.0145,0.0032,0.0001
29,Skopje FIR,0.0002,0.0003,0.0,0.0,0.0
29,Beograd FIR,0.0022,0.0067,0.0045,0.0005,0.0001
29,Bratislava  FIR,0.0154,0.0475,0.0321,0.0071,0.0008
29,Yerevan FIR,0.0,0.0,0.0,0.0,0.0
29,Tibilisi FIR,0.0,0.0,0.0,0.0,0.0
29,Kiev FIR,0.0159,0.0492,0.0333,0.0077,0.0003
29,Dnipro FIR,0.0106,0.0322,0.0217,0.0061,0.0006
29,Simferopol FIR,0.0007,0.0031,0.0024,0.0007,0.0001
29,Lvov FIR,0.0158,0.0585,0.0427,0.0088,0.0004
29,Odessa FIR,0.0037,0.0167,0.013,0.0035,0.0001
30,European Airspace,0.0113,0.031,0.0197,0.0052,0.0004
30,North Atlantic,0.0245,0.0642,0.0397,0.011,0.0012
30,Continental Europe,0.0111,0.0333,0.0222,0.0057,0.0005
30,Global,0.0141,0.0733,0.0592,0.0211,0.0056
30,USA,0.0143,0.0463,0.0321,0.0068,0.0014
30,East Asia,0.0305,0.1091,0.0786,0.0269,0.007
30,Southeast Asia,0.0305,0.1222,0.0916,0.0395,0.0138
30,Latin America,0.0095,0.0435,0.034,0.0095,0.0023
30,Africa & Middle East,0.0052,0.0345,0.0293,0.0132,0.0051
30,China,0.0146,0.0658,0.0513,0.0157,0.0033
30,India,0.0246,0.119,0.0944,0.033,0.0087
30,North Pacific,0.0161,0.0443,0.0282,0.0076,0.0009
30,Arctic,0.027,0.0763,0.0493,0.0117,0.0004
30,Reykjavik FIR,0.0203,0.0771,0.0567,0.0126,0.0003
30,Brussels FIR,0.0237,0.0856,0.0618,0.0175,0.0009
30,Langen FIR,0.0225,0.0902,0.0677,0.0141,0.0011
30,Munchen FIR,0.0262,0.0824,0.0562,0.0121,0.0016
30,Bremen FIR,0.0218,0.0678,0.0459,0.0084,0.0005
30,Tallinn FIR,0.0321,0.0778,0.0456,0.0119,0.001
30,Helsinki FIR,0.0318,0.0709,0.039,0.0122,0.0013
30,Shanwick FIR,0.0208,0.0619,0.0412,0.0125,0.0013
30,Scottish FIR,0.0269,0.0589,0.032,0.0113,0.0009
30,London FIR,0.0121,0.049,0.0369,0.0085,0.0004
30,Amsterdam FIR,0.0178,0.0587,0.0409,0.0086,0.0005
30,Shannon FIR,0.0173,0.0631,0.0458,0.0158,0.0017
30,Copenhagen FIR,0.0127,0.0302,0.0174,0.0043,0.0002
30,Bodo Oceanic FIR,0.0364,0.0939,0.0575,0.0141,0.0002
30,Polaris FIR,0.0339,0.0708,0.0369,0.0083,0.0003
30,Warszawa FIR,0.0235,0.0743,0.0507,0.0108,0.0007
30,Sweden FIR,0.0251,0.0849,0.0599,0.0189,0.0016
30,Riga FIR,0.0312,0.0964,0.0652,0.0194,0.0034
30,Vilnius FIR,0.0254,0.1001,0.0747,0.0201,0.003
30,Canarias FIR,0.0,0.0,0.0,0.0,0.0
30,Tirana FIR,0.0,0.0,0.0,0.0,0.0
30,Sofia FIR,0.0022,0.0094,0.0072,0.0015,0.0002
30,Nicosia FIR,0.0,0.0,0.0,0.0,0.0
30,Zagreb FIR,0.003,0.0059,0.0029,0.0003,0.0
30,Barcelona FIR,0.0,0.0002,0.0001,0.0,0.0
30,Madrid FIR,0.0047,0.0138,0.0092,0.0017,0.0001
30,Bordeaux FIR,0.0079,0.0236,0.0157,0.002,0.0001
30,Reims FIR,0.0222,0.0675,0.0453,0.0124,0.0016
30,Paris FIR,0.018,0.0809,0.0629,0.0189,0.0016
30,Marseille FIR,0.0037,0.0077,0.0039,0.0003,0.0
30,Brest FIR,0.0163,0.0627,0.0464,0.0148,0.0016
30,Athinai FIR,0.0,0.0,0.0,0.0,0.0
30,Budapest FIR,0.0087,0.0258,0.0171,0.0036,0.0001
30,Brindisi FIR,0.0001,0.0001,0.0,0.0,0.0
30,Milano FIR,0.0047,0.0121,0.0074,0.0004,0.0
30,Roma FIR,0.0002,0.0003,0.0001,0.0,0.0
30,Ljubljana FIR,0.0139,0.0308,0.0169,0.0017,0.0
30,Praha FIR,0.0213,0.0631,0.0418,0.01,0.0011
30,Malta FIR,0.0,0.0,0.0,0.0,0.0
30,Wien FIR,0.0205,0.0548,0.0342,0.0061,0.0005
30,Lisboa FIR,0.0009,0.0041,0.0032,0.001,0.0001
30,Santa Maria FIR,0.0019,0.0056,0.0037,0.0008,0.0001
30,Sarajevo FIR,0.0004,0.0012,0.0009,0.0001,0.0
30,Bucarest FIR,0.0068,0.0229,0.0161,0.0034,0.0001
30,Switzerland FIR,0.014,0.042,0.028,0.0045,0.0006
30,Ankara FIR,0.0,0.0001,0.0001,0.0,0.0
30,Istanbul FIR,0.0,0.0001,0.0001,0.0,0.0
30,Chisinau FIR,0.0096,0.0381,0.0285,0.0038,0.0
30,Skopje FIR,0.0,0.0004,0.0003,0.0001,0.0
30,Beograd FIR,0.0018,0.0048,0.003,0.0011,0.0
30,Bratislava  FIR,0.0107,0.0304,0.0196,0.004,0.0
30,Yerevan FIR,0.0,0.0,0.0,0.0,0.0
30,Tibilisi FIR,0.0,0.0001,0.0001,0.0,0.0
30,Kiev FIR,0.0234,0.063,0.0396,0.0085,0.0005
30,Dnipro FIR,0.0152,0.0404,0.0252,0.0049,0.0004
30,Simferopol FIR,0.0125,0.0299,0.0174,0.0044,0.0004
30,Lvov FIR,0.0172,0.0443,0.0271,0.0058,0.0006
30,Odessa FIR,0.0156,0.0456,0.03,0.0055,0.0005
31,European Airspace,0.0096,0.0301,0.0204,0.006,0.0005
31,North Atlantic,0.0193,0.056,0.0367,0.0116,0.0017
31,Continental Europe,0.0154,0.0403,0.0249,0.0077,0.0008
31,Global,0.0141,0.0715,0.0574,0.0198,0.0053
31,USA,0.0139,0.04,0.0261,0.0061,0.0014
31,East Asia,0.0167,0.072,0.0553,0.0187,0.0053
31,Southeast Asia,0.0313,0.1199,0.0886,0.0343,0.0103
31,Latin America,0.0166,0.0792,0.0625,0.0192,0.0045
31,Africa & Middle East,0.0048,0.0336,0.0288,0.0119,0.0041
31,China,0.0095,0.0527,0.0432,0.0131,0.0027
31,India,0.029,0.1401,0.1112,0.0412,0.0108
31,North Pacific,0.0141,0.04,0.026,0.0072,0.0008
31,Arctic,0.0268,0.0835,0.0567,0.0141,0.0005
31,Reykjavik FIR,0.0144,0.0619,0.0475,0.0117,0.0005
31,Brussels FIR,0.0155,0.0855,0.07,0.0219,0.0044
31,Langen FIR,0.0209,0.0765,0.0557,0.0146,0.0015
31,Munchen FIR,0.0152,0.0639,0.0488,0.0141,0.0017
31,Bremen FIR,0.0324,0.0883,0.056,0.0146,0.0007
31,Tallinn FIR,0.0212,0.0614,0.0402,0.0101,0.001
31,Helsinki FIR,0.0235,0.0763,0.0528,0.0137,0.0009
31,Shanwick FIR,0.0149,0.0474,0.0325,0.0105,0.0011
31,Scottish FIR,0.0381,0.0883,0.0502,0.0178,0.0017
31,London FIR,0.0285,0.0805,0.052,0.0222,0.0027
31,Amsterdam FIR,0.0321,0.0803,0.0482,0.0123,0.0014
31,Shannon FIR,0.0263,0.0835,0.0573,0.0206,0.002
31,Copenhagen FIR,0.0487,0.096,0.0473,0.0166,0.0014
31,Bodo Oceanic FIR,0.0246,0.0774,0.0528,0.0148,0.0004
31,Polaris FIR,0.0365,0.0759,0.0394,0.0108,0.0005
31,Warszawa FIR,0.0299,0.0875,0.0576,0.0162,0.0017
31,Sweden FIR,0.027,0.0661,0.0391,0.0106,0.0004
31,Riga FIR,0.0128,0.0415,0.0288,0.0061,0.0005
31,Vilnius FIR,0.0123,0.0492,0.0368,0.0112,0.0015
31,Canarias FIR,0.0003,0.0008,0.0006,0.0001,0.0
31,Tirana FIR,0.0,0.0,0.0,0.0,0.0
31,Sofia FIR,0.0,0.0001,0.0001,0.0001,0.0
31,Nicosia FIR,0.0,0.0,0.0,0.0,0.0
31,Zagreb FIR,0.003,0.009,0.0059,0.0006,0.0
31,Barcelona FIR,0.0,0.0001,0.0001,0.0,0.0
31,Madrid FIR,0.0027,0.0072,0.0045,0.0005,0.0
31,Bordeaux FIR,0.008,0.0221,0.0141,0.0015,0.0001
31,Reims FIR,0.0166,0.063,0.0465,0.0154,0.003
31,Paris FIR,0.0158,0.0733,0.0575,0.0154,0.0015
31,Marseille FIR,0.0045,0.0106,0.0061,0.0008,0.0001
31,Brest FIR,0.0086,0.0329,0.0243,0.008,0.0012
31,Athinai FIR,0.0,0.0,0.0,0.0,0.0
31,Budapest FIR,0.0101,0.0388,0.0288,0.0072,0.0016
31,Brindisi FIR,0.0015,0.0034,0.002,0.0001,0.0
31,Milano FIR,0.0077,0.0222,0.0145,0.0032,0.0004
31,Roma FIR,0.0011,0.0021,0.001,0.0001,0.0
31,Ljubljana FIR,0.0068,0.0168,0.01,0.0008,0.0
31,Praha FIR,0.0198,0.0678,0.048,0.019,0.0042
31,Malta FIR,0.0,0.0,0.0,0.0,0.0
31,Wien FIR,0.0132,0.0378,0.0246,0.0075,0.0015
31,Lisboa FIR,0.0009,0.002,0.0011,0.0001,0.0
31,Santa Maria FIR,0.0031,0.0072,0.0042,0.0011,0.0002
31,Sarajevo FIR,0.0006,0.0031,0.0025,0.0002,0.0
31,Bucarest FIR,0.0071,0.0217,0.0146,0.0058,0.0014
31,Switzerland FIR,0.0128,0.0377,0.0248,0.0075,0.0015
31,Ankara FIR,0.0,0.0,0.0,0.0,0.0
31,Istanbul FIR,0.0,0.0,0.0,0.0,0.0
31,Chisinau FIR,0.0107,0.0391,0.0284,0.0098,0.0012
31,Skopje FIR,0.0,0.0,0.0,0.0,0.0
31,Beograd FIR,0.0006,0.0029,0.0023,0.0009,0.0001
31,Bratislava  FIR,0.0178,0.0651,0.0473,0.0137,0.002
31,Yerevan FIR,0.0,0.0,0.0,0.0,0.0
31,Tibilisi FIR,0.0,0.0,0.0,0.0,0.0
31,Kiev FIR,0.0199,0.0586,0.0387,0.0089,0.0005
31,Dnipro FIR,0.0143,0.0403,0.026,0.0079,0.0014
31,Simferopol FIR,0.0021,0.0053,0.0032,0.0007,0.0
31,Lvov FIR,0.0175,0.072,0.0546,0.0136,0.0013
31,Odessa FIR,0.0064,0.0269,0.0205,0.0055,0.0002
32,European Airspace,0.0096,0.0286,0.019,0.006,0.0006
32,North Atlantic,0.0146,0.0508,0.0363,0.0105,0.0013
32,Continental Europe,0.0114,0.0336,0.0222,0.0072,0.0009
32,Global,0.0149,0.071,0.0561,0.0194,0.0051
32,USA,0.0073,0.0273,0.02,0.0045,0.0011
32,East Asia,0.0173,0.0703,0.0531,0.0175,0.0051
32,Southeast Asia,0.0381,0.156,0.1179,0.0497,0.0163
32,Latin America,0.0112,0.0519,0.0407,0.0127,0.0033
32,Africa & Middle East,0.0047,0.03,0.0253,0.0098,0.003
32,China,0.0131,0.063,0.0499,0.0149,0.0032
32,India,0.0252,0.1317,0.1065,0.0377,0.0097
32,North Pacific,0.0147,0.0446,0.03,0.0091,0.0011
32,Arctic,0.0367,0.0888,0.0521,0.0147,0.001
32,Reykjavik FIR,0.0174,0.0608,0.0434,0.0155,0.0013
32,Brussels FIR,0.0167,0.0729,0.0563,0.0222,0.0037
32,Langen FIR,0.0228,0.0692,0.0464,0.0145,0.0034
32,Munchen FIR,0.0201,0.059,0.0389,0.0102,0.0011
32,Bremen FIR,0.0232,0.0705,0.0473,0.0124,0.0013
32,Tallinn FIR,0.0247,0.0599,0.0352,0.0099,0.0005
32,Helsinki FIR,0.0318,0.0749,0.0431,0.0145,0.0014
32,Shanwick FIR,0.016,0.0495,0.0335,0.0092,0.0007
32,Scottish FIR,0.0204,0.0448,0.0244,0.007,0.0013
32,London FIR,0.0115,0.0484,0.0369,0.0144,0.0013
32,Amsterdam FIR,0.0165,0.0744,0.0578,0.0273,0.0034
32,Shannon FIR,0.015,0.0563,0.0413,0.0153,0.0012
32,Copenhagen FIR,0.0275,0.0877,0.0602,0.0223,0.0042
32,Bodo Oceanic FIR,0.0514,0.1157,0.0643,0.0213,0.0011
32,Polaris FIR,0.0276,0.0728,0.0452,0.0162,0.0015
32,Warszawa FIR,0.0156,0.0411,0.0255,0.0052,0.0002
32,Sweden FIR,0.0326,0.0876,0.0549,0.0156,0.0013
32,Riga FIR,0.0194,0.0443,0.0248,0.0059,0.0001
32,Vilnius FIR,0.0188,0.0482,0.0294,0.0041,0.0
32,Canarias FIR,0.0,0.0,0.0,0.0,0.0
32,Tirana FIR,0.0008,0.0017,0.0008,0.0,0.0
32,Sofia FIR,0.001,0.0018,0.0008,0.0002,0.0
32,Nicosia FIR,0.0,0.0,0.0,0.0,0.0
32,Zagreb FIR,0.0093,0.0213,0.012,0.0014,0.0001
32,Barcelona FIR,0.0002,0.0006,0.0004,0.0001,0.0
32,Madrid FIR,0.0017,0.0055,0.0038,0.001,0.0001
32,Bordeaux FIR,0.0079,0.0295,0.0216,0.0079,0.0014
32,Reims FIR,0.0255,0.0673,0.0418,0.0105,0.0021
32,Paris FIR,0.0128,0.0583,0.0454,0.0166,0.0025
32,Marseille FIR,0.0109,0.0226,0.0117,0.003,0.0004
32,Brest FIR,0.0157,0.0466,0.031,0.0122,0.0014
32,Athinai FIR,0.0,0.0,0.0,0.0,0.0
32,Budapest FIR,0.0069,0.0235,0.0166,0.0018,0.0
32,Brindisi FIR,0.0012,0.0025,0.0014,0.0,0.0
32,Milano FIR,0.0214,0.0584,0.037,0.0104,0.0022
32,Roma FIR,0.003,0.0071,0.0041,0.0012,0.0002
32,Ljubljana FIR,0.0124,0.0399,0.0276,0.0035,0.0001
32,Praha FIR,0.0117,0.0393,0.0276,0.0049,0.0002
32,Malta FIR,0.0,0.0,0.0,0.0,0.0
32,Wien FIR,0.0129,0.0559,0.043,0.0107,0.001
32,Lisboa FIR,0.0001,0.0004,0.0004,0.0001,0.0
32,Santa Maria FIR,0.0036,0.0099,0.0063,0.0015,0.0003
32,Sarajevo FIR,0.0092,0.018,0.0087,0.0005,0.0
32,Bucarest FIR,0.0043,0.0181,0.0137,0.0028,0.0
32,Switzerland FIR,0.0256,0.0636,0.038,0.0093,0.0017
32,Ankara FIR,0.0,0.0,0.0,0.0,0.0
32,Istanbul FIR,0.0,0.0,0.0,0.0,0.0
32,Chisinau FIR,0.0125,0.0394,0.0269,0.0058,0.0001
32,Skopje FIR,0.0008,0.0013,0.0005,0.0,0.0
32,Beograd FIR,0.0022,0.008,0.0058,0.0008,0.0
32,Bratislava  FIR,0.0114,0.0328,0.0214,0.0037,0.0
32,Yerevan FIR,0.0,0.0,0.0,0.0,0.0
32,Tibilisi FIR,0.0,0.0,0.0,0.0,0.0
32,Kiev FIR,0.0123,0.0471,0.0348,0.0126,0.0013
32,Dnipro FIR,0.0057,0.0332,0.0275,0.0094,0.0009
32,Simferopol FIR,0.0016,0.0057,0.0041,0.0019,0.0005
32,Lvov FIR,0.0149,0.0492,0.0343,0.0069,0.0003
32,Odessa FIR,0.0071,0.029,0.0219,0.0086,0.001
33,European Airspace,0.0114,0.0311,0.0198,0.0056,0.0006
33,North Atlantic,0.0162,0.0476,0.0314,0.0097,0.0016
33,Continental Europe,0.0143,0.0393,0.025,0.0068,0.0008
33,Global,0.0148,0.0739,0.0591,0.0201,0.0051
33,USA,0.0062,0.0206,0.0144,0.0031,0.0005
33,East Asia,0.0185,0.0757,0.0572,0.0202,0.0068
33,Southeast Asia,0.0263,0.1235,0.0973,0.0445,0.0164
33,Latin America,0.0098,0.0421,0.0323,0.0112,0.0034
33,Africa & Middle East,0.007,0.042,0.035,0.0132,0.0041
33,China,0.0127,0.0602,0.0474,0.0144,0.0034
33,India,0.0216,0.1208,0.0991,0.0388,0.0115
33,North Pacific,0.0138,0.0374,0.0236,0.0068,0.0009
33,Arctic,0.0351,0.0971,0.062,0.0174,0.001
33,Reykjavik FIR,0.0151,0.0549,0.0398,0.0096,0.0006
33,Brussels FIR,0.0273,0.0736,0.0463,0.0103,0.0015
33,Langen FIR,0.0201,0.0732,0.0531,0.0088,0.001
33,Munchen FIR,0.0142,0.0572,0.043,0.0122,0.0028
33,Bremen FIR,0.0286,0.0801,0.0515,0.0183,0.0024
33,Tallinn FIR,0.0301,0.0681,0.038,0.0153,0.0022
33,Helsinki FIR,0.046,0.095,0.0489,0.0138,0.0016
33,Shanwick FIR,0.0135,0.0481,0.0346,0.0108,0.0012
33,Scottish FIR,0.0254,0.0637,0.0383,0.0114,0.0015
33,London FIR,0.0263,0.0632,0.0369,0.0115,0.002
33,Amsterdam FIR,0.0282,0.0725,0.0443,0.0167,0.0022
33,Shannon FIR,0.0132,0.0509,0.0377,0.0108,0.001
33,Copenhagen FIR,0.0479,0.1035,0.0556,0.019,0.0022
33,Bodo Oceanic FIR,0.0389,0.1086,0.0697,0.0197,0.0013
33,Polaris FIR,0.0501,0.1156,0.0655,0.022,0.0025
33,Warszawa FIR,0.0146,0.045,0.0304,0.0089,0.0016
33,Sweden FIR,0.0533,0.1113,0.058,0.0163,0.0021
33,Riga FIR,0.021,0.0669,0.046,0.0193,0.0035
33,Vilnius FIR,0.0147,0.0534,0.0387,0.0163,0.0059
33,Canarias FIR,0.0001,0.0002,0.0001,0.0,0.0
33,Tirana FIR,0.0032,0.0134,0.0103,0.0023,0.0005
33,Sofia FIR,0.0024,0.006,0.0035,0.0002,0.0
33,Nicosia FIR,0.0,0.0,0.0,0.0,0.0
33,Zagreb FIR,0.0073,0.019,0.0117,0.0028,0.0002
33,Barcelona FIR,0.0031,0.0093,0.0062,0.0015,0.0004
33,Madrid FIR,0.0053,0.018,0.0127,0.0021,0.0003
33,Bordeaux FIR,0.0042,0.0227,0.0184,0.0051,0.0005
33,Reims FIR,0.0124,0.0563,0.0438,0.0095,0.0004
33,Paris FIR,0.013,0.0632,0.0502,0.0124,0.0012
33,Marseille FIR,0.0043,0.0128,0.0085,0.0019,0.0001
33,Brest FIR,0.0069,0.0242,0.0173,0.0051,0.0004
33,Athinai FIR,0.0001,0.0005,0.0003,0.0,0.0
33,Budapest FIR,0.0112,0.0351,0.0239,0.0051,0.0012
33,Brindisi FIR,0.0042,0.0138,0.0096,0.002,0.0002
33,Milano FIR,0.0116,0.0327,0.0211,0.0047,0.0004
33,Roma FIR,0.005,0.0107,0.0056,0.0009,0.0001
33,Ljubljana FIR,0.007,0.018,0.011,0.0022,0.0002
33,Praha FIR,0.0112,0.0442,0.033,0.0077,0.001
33,Malta FIR,0.0001,0.0001,0.0,0.0,0.0
33,Wien FIR,0.0094,0.0393,0.0298,0.0078,0.0014
33,Lisboa FIR,0.0021,0.0077,0.0055,0.0011,0.0002
33,Santa Maria FIR,0.0042,0.0122,0.008,0.0023,0.0005
33,Sarajevo FIR,0.0097,0.0325,0.0228,0.004,0.0002
33,Bucarest FIR,0.0034,0.0078,0.0044,0.0007,0.0002
33,Switzerland FIR,0.0055,0.0431,0.0377,0.0086,0.0007
33,Ankara FIR,0.0,0.0,0.0,0.0,0.0
33,Istanbul FIR,0.0,0.0,0.0,0.0,0.0
33,Chisinau FIR,0.0015,0.0056,0.0041,0.0009,0.0001
33,Skopje FIR,0.0064,0.0204,0.014,0.0007,0.0001
33,Beograd FIR,0.0116,0.031,0.0194,0.0035,0.0003
33,Bratislava  FIR,0.0082,0.0338,0.0256,0.0034,0.0004
33,Yerevan FIR,0.0,0.0,0.0,0.0,0.0
33,Tibilisi FIR,0.0,0.0,0.0,0.0,0.0
33,Kiev FIR,0.0074,0.0143,0.007,0.0008,0.0
33,Dnipro FIR,0.0044,0.0141,0.0096,0.0046,0.0002
33,Simferopol FIR,0.0003,0.003,0.0026,0.0016,0.0005
33,Lvov FIR,0.0059,0.0176,0.0118,0.0034,0.0003
33,Odessa FIR,0.0016,0.0062,0.0046,0.0024,0.0005
34,European Airspace,0.0095,0.0284,0.0189,0.0053,0.0008
34,North Atlantic,0.0145,0.0455,0.031,0.0097,0.0015
34,Continental Europe,0.0109,0.0335,0.0225,0.0062,0.0012
34,Global,0.0157,0.0738,0.0581,0.0205,0.005
34,USA,0.0095,0.0276,0.0181,0.0039,0.0007
34,East Asia,0.0229,0.0876,0.0646,0.0219,0.0067
34,Southeast Asia,0.0374,0.1637,0.1264,0.0493,0.0159
34,Latin America,0.0089,0.0422,0.0332,0.0105,0.0031
34,Africa & Middle East,0.0068,0.0443,0.0375,0.0163,0.0058
34,China,0.0144,0.0683,0.0539,0.0166,0.004
34,India,0.0298,0.1484,0.1186,0.0426,0.0121
34,North Pacific,0.0149,0.0423,0.0274,0.0083,0.0013
34,Arctic,0.026,0.0974,0.0713,0.0218,0.0012
34,Reykjavik FIR,0.0181,0.0572,0.0391,0.0083,0.0003
34,Brussels FIR,0.0182,0.0676,0.0494,0.0239,0.0103
34,Langen FIR,0.0259,0.0762,0.0503,0.0209,0.0037
34,Munchen FIR,0.033,0.0913,0.0583,0.0169,0.0014
34,Bremen FIR,0.0142,0.0437,0.0295,0.0158,0.0034
34,Tallinn FIR,0.0214,0.0444,0.0231,0.0028,0.0003
34,Helsinki FIR,0.0168,0.0398,0.023,0.0063,0.0008
34,Shanwick FIR,0.015,0.0507,0.0357,0.0094,0.0009
34,Scottish FIR,0.0191,0.0476,0.0285,0.0041,0.0002
34,London FIR,0.0146,0.048,0.0334,0.0075,0.0007
34,Amsterdam FIR,0.0085,0.0494,0.0408,0.0177,0.0078
34,Shannon FIR,0.0088,0.0506,0.0418,0.0051,0.0003
34,Copenhagen FIR,0.0063,0.0302,0.0238,0.0072,0.0018
34,Bodo Oceanic FIR,0.0259,0.0844,0.0585,0.0146,0.0005
34,Polaris FIR,0.0194,0.0505,0.0311,0.0079,0.0007
34,Warszawa FIR,0.0294,0.0857,0.0563,0.0217,0.0044
34,Sweden FIR,0.0092,0.0327,0.0235,0.0074,0.0006
34,Riga FIR,0.0125,0.0539,0.0415,0.0097,0.0013
34,Vilnius FIR,0.0186,0.0676,0.0491,0.0171,0.0046
34,Canarias FIR,0.0001,0.0002,0.0001,0.0,0.0
34,Tirana FIR,0.0175,0.042,0.0244,0.0115,0.0037
34,Sofia FIR,0.0048,0.0138,0.009,0.0029,0.0004
34,Nicosia FIR,0.0,0.0,0.0,0.0,0.0
34,Zagreb FIR,0.0313,0.0893,0.058,0.0144,0.0029
34,Barcelona FIR,0.005,0.0117,0.0067,0.0016,0.0005
34,Madrid FIR,0.003,0.0094,0.0064,0.0018,0.0004
34,Bordeaux FIR,0.0038,0.0091,0.0053,0.0001,0.0
34,Reims FIR,0.0186,0.0572,0.0386,0.0083,0.0023
34,Paris FIR,0.0137,0.0578,0.0441,0.0133,0.0035
34,Marseille FIR,0.0035,0.0112,0.0076,0.0024,0.0009
34,Brest FIR,0.0085,0.0269,0.0185,0.0053,0.0006
34,Athinai FIR,0.0009,0.002,0.0011,0.0001,0.0
34,Budapest FIR,0.0382,0.129,0.0908,0.0293,0.0069
34,Brindisi FIR,0.0124,0.0272,0.0148,0.0046,0.0012
34,Milano FIR,0.013,0.0413,0.0284,0.0062,0.0007
34,Roma FIR,0.0026,0.0057,0.0031,0.0006,0.0001
34,Ljubljana FIR,0.0347,0.0859,0.0512,0.0074,0.0008
34,Praha FIR,0.0322,0.0979,0.0657,0.0209,0.0033
34,Malta FIR,0.0,0.0,0.0,0.0,0.0
34,Wien FIR,0.0219,0.0812,0.0593,0.0117,0.0003
34,Lisboa FIR,0.001,0.0031,0.0021,0.0009,0.0003
34,Santa Maria FIR,0.0038,0.0116,0.0077,0.0028,0.0009
34,Sarajevo FIR,0.0287,0.0971,0.0684,0.0214,0.0045
34,Bucarest FIR,0.0101,0.0445,0.0343,0.016,0.0059
34,Switzerland FIR,0.0128,0.0424,0.0297,0.0028,0.0001
34,Ankara FIR,0.0,0.0001,0.0001,0.0,0.0
34,Istanbul FIR,0.0001,0.0002,0.0001,0.0,0.0
34,Chisinau FIR,0.0036,0.0138,0.0101,0.0028,0.0005
34,Skopje FIR,0.0071,0.0253,0.0183,0.0076,0.0029
34,Beograd FIR,0.021,0.076,0.055,0.0233,0.0061
34,Bratislava  FIR,0.0403,0.127,0.0867,0.0321,0.0039
34,Yerevan FIR,0.0,0.0,0.0,0.0,0.0
34,Tibilisi FIR,0.0006,0.0018,0.0012,0.0,0.0
34,Kiev FIR,0.0164,0.0434,0.027,0.0072,0.0003
34,Dnipro FIR,0.0193,0.0541,0.0348,0.0122,0.0005
34,Simferopol FIR,0.0045,0.0095,0.005,0.0025,0.0002
34,Lvov FIR,0.0242,0.0859,0.0617,0.0198,0.0048
34,Odessa FIR,0.0047,0.0135,0.0088,0.0036,0.0001
35,European Airspace,0.0163,0.0471,0.0308,0.0107,0.002
35,North Atlantic,0.0272,0.0775,0.0503,0.0175,0.0037
35,Continental Europe,0.0228,0.0622,0.0394,0.0129,0.0022
35,Global,0.0171,0.0778,0.0607,0.021,0.005
35,USA,0.013,0.0424,0.0293,0.0073,0.0018
35,East Asia,0.0177,0.0743,0.0566,0.0182,0.0047
35,Southeast Asia,0.0404,0.1797,0.1393,0.0537,0.0169
35,Latin America,0.0157,0.0638,0.0481,0.0169,0.0044
35,Africa & Middle East,0.0068,0.0442,0.0373,0.0159,0.0056
35,China,0.0099,0.0515,0.0416,0.0124,0.0029
35,India,0.0255,0.123,0.0975,0.0294,0.0071
35,North Pacific,0.0188,0.0543,0.0356,0.0115,0.0021
35,Arctic,0.032,0.1106,0.0787,0.0266,0.0022
35,Reykjavik FIR,0.0252,0.0836,0.0585,0.0171,0.0009
35,Brussels FIR,0.0325,0.0972,0.0648,0.0183,0.0036
35,Langen FIR,0.036,0.0952,0.0592,0.0202,0.0042
35,Munchen FIR,0.0396,0.0924,0.0528,0.0142,0.0025
35,Bremen FIR,0.0408,0.09,0.0492,0.0179,0.003
35,Tallinn FIR,0.0505,0.1015,0.051,0.0198,0.0051
35,Helsinki FIR,0.0309,0.0914,0.0605,0.0162,0.0034
35,Shanwick FIR,0.0168,0.0552,0.0385,0.0119,0.0014
35,Scottish FIR,0.0257,0.0774,0.0517,0.0151,0.0013
35,London FIR,0.0249,0.0701,0.0452,0.0189,0.0043
35,Amsterdam FIR,0.0359,0.0884,0.0524,0.0206,0.0061
35,Shannon FIR,0.0154,0.0513,0.036,0.0119,0.0015
35,Copenhagen FIR,0.0481,0.0986,0.0505,0.0223,0.004
35,Bodo Oceanic FIR,0.0265,0.0787,0.0521,0.0149,0.001
35,Polaris FIR,0.0314,0.092,0.0607,0.0194,0.0017
35,Warszawa FIR,0.0309,0.0835,0.0526,0.0165,0.0015
35,Sweden FIR,0.0335,0.0857,0.0523,0.0245,0.0065
35,Riga FIR,0.0528,0.1098,0.057,0.0206,0.006
35,Vilnius FIR,0.0314,0.0693,0.0379,0.0056,0.0005
35,Canarias FIR,0.0018,0.0039,0.0021,0.0005,0.0002
35,Tirana FIR,0.0091,0.0176,0.0085,0.0019,0.0
35,Sofia FIR,0.0106,0.0279,0.0173,0.0024,0.0002
35,Nicosia FIR,0.0,0.0,0.0,0.0,0.0
35,Zagreb FIR,0.0184,0.0538,0.0354,0.0108,0.0016
35,Barcelona FIR,0.019,0.0475,0.0285,0.0099,0.0028
35,Madrid FIR,0.0177,0.0549,0.0372,0.0092,0.001
35,Bordeaux FIR,0.0264,0.0933,0.0669,0.0158,0.0027
35,Reims FIR,0.033,0.0769,0.0439,0.0166,0.0022
35,Paris FIR,0.0368,0.0981,0.0613,0.0143,0.0021
35,Marseille FIR,0.0157,0.0457,0.03,0.0103,0.0031
35,Brest FIR,0.0325,0.0766,0.0441,0.0145,0.0014
35,Athinai FIR,0.0021,0.0046,0.0025,0.0003,0.0
35,Budapest FIR,0.0231,0.0791,0.0559,0.0203,0.0036
35,Brindisi FIR,0.0086,0.0203,0.0117,0.0028,0.0004
35,Milano FIR,0.0273,0.0759,0.0486,0.015,0.0031
35,Roma FIR,0.0141,0.031,0.0169,0.0054,0.001
35,Ljubljana FIR,0.0278,0.0962,0.0684,0.0178,0.0022
35,Praha FIR,0.034,0.0906,0.0565,0.012,0.0015
35,Malta FIR,0.0014,0.0043,0.0029,0.0009,0.0001
35,Wien FIR,0.0341,0.0986,0.0645,0.0154,0.0011
35,Lisboa FIR,0.0148,0.0454,0.0306,0.0091,0.002
35,Santa Maria FIR,0.0121,0.0364,0.0243,0.0086,0.0028
35,Sarajevo FIR,0.017,0.05,0.033,0.0081,0.0006
35,Bucarest FIR,0.0226,0.069,0.0464,0.0124,0.0019
35,Switzerland FIR,0.025,0.0704,0.0454,0.0096,0.0008
35,Ankara FIR,0.0002,0.0006,0.0004,0.0001,0.0
35,Istanbul FIR,0.0032,0.012,0.0088,0.0015,0.0002
35,Chisinau FIR,0.0161,0.0722,0.0562,0.0165,0.0009
35,Skopje FIR,0.0059,0.0149,0.009,0.0012,0.0
35,Beograd FIR,0.0154,0.0445,0.0291,0.0065,0.0008
35,Bratislava  FIR,0.021,0.0875,0.0665,0.028,0.0031
35,Yerevan FIR,0.0,0.0,0.0,0.0,0.0
35,Tibilisi FIR,0.0,0.0001,0.0,0.0,0.0
35,Kiev FIR,0.0419,0.1276,0.0857,0.0406,0.0097
35,Dnipro FIR,0.0432,0.1134,0.0702,0.0328,0.0075
35,Simferopol FIR,0.0087,0.0234,0.0146,0.0034,0.0003
35,Lvov FIR,0.0277,0.0745,0.0468,0.0141,0.0015
35,Odessa FIR,0.013,0.0463,0.0333,0.0099,0.0008
36,European Airspace,0.0105,0.033,0.0225,0.0074,0.0013
36,North Atlantic,0.0238,0.0809,0.0571,0.02,0.005
36,Continental Europe,0.0146,0.0451,0.0304,0.0085,0.0011
36,Global,0.0162,0.0733,0.0571,0.0198,0.0047
36,USA,0.014,0.0454,0.0314,0.0076,0.0017
36,East Asia,0.0185,0.076,0.0576,0.0181,0.0048
36,Southeast Asia,0.0329,0.138,0.1051,0.0445,0.0151
36,Latin America,0.0161,0.0651,0.049,0.0171,0.005
36,Africa & Middle East,0.005,0.0301,0.0251,0.0087,0.0026
36,China,0.0139,0.0629,0.0489,0.0141,0.0029
36,India,0.0264,0.1288,0.1024,0.0354,0.0099
36,North Pacific,0.0187,0.0588,0.0401,0.0127,0.002
36,Arctic,0.0214,0.1024,0.081,0.027,0.002
36,Reykjavik FIR,0.0061,0.0297,0.0236,0.0059,0.0003
36,Brussels FIR,0.0175,0.1003,0.0829,0.0294,0.006
36,Langen FIR,0.0279,0.1083,0.0803,0.0264,0.006
36,Munchen FIR,0.0245,0.0712,0.0467,0.0126,0.0014
36,Bremen FIR,0.0328,0.0912,0.0584,0.0271,0.0056
36,Tallinn FIR,0.0202,0.0448,0.0246,0.0074,0.0006
36,Helsinki FIR,0.0216,0.0601,0.0385,0.0168,0.0032
36,Shanwick FIR,0.018,0.0809,0.0628,0.025,0.0058
36,Scottish FIR,0.0138,0.0483,0.0345,0.011,0.0007
36,London FIR,0.0109,0.0515,0.0405,0.0101,0.0008
36,Amsterdam FIR,0.0347,0.104,0.0693,0.0222,0.0037
36,Shannon FIR,0.0079,0.0324,0.0245,0.0058,0.0006
36,Copenhagen FIR,0.0357,0.1035,0.0678,0.0257,0.004
36,Bodo Oceanic FIR,0.0111,0.0546,0.0435,0.0143,0.0009
36,Polaris FIR,0.0209,0.0705,0.0496,0.0162,0.0022
36,Warszawa FIR,0.0256,0.0561,0.0305,0.0105,0.0011
36,Sweden FIR,0.0288,0.0698,0.0409,0.0197,0.0052
36,Riga FIR,0.0271,0.0525,0.0255,0.0084,0.001
36,Vilnius FIR,0.03,0.0532,0.0232,0.008,0.0011
36,Canarias FIR,0.0003,0.0016,0.0013,0.0004,0.0002
36,Tirana FIR,0.0103,0.0348,0.0245,0.0066,0.0008
36,Sofia FIR,0.0084,0.0201,0.0117,0.0023,0.0001
36,Nicosia FIR,0.0,0.0003,0.0003,0.0,0.0
36,Zagreb FIR,0.0196,0.0518,0.0322,0.0081,0.0006
36,Barcelona FIR,0.0084,0.0228,0.0144,0.0022,0.0001
36,Madrid FIR,0.0071,0.0189,0.0118,0.0033,0.0003
36,Bordeaux FIR,0.0116,0.0588,0.0471,0.0058,0.0001
36,Reims FIR,0.0195,0.0815,0.062,0.0172,0.0037
36,Paris FIR,0.0137,0.0746,0.0609,0.0117,0.0009
36,Marseille FIR,0.0111,0.0402,0.0291,0.0055,0.0003
36,Brest FIR,0.0032,0.0142,0.011,0.002,0.0001
36,Athinai FIR,0.0037,0.0089,0.0052,0.0012,0.0002
36,Budapest FIR,0.0158,0.0475,0.0317,0.0079,0.0015
36,Brindisi FIR,0.0166,0.0412,0.0246,0.0066,0.0009
36,Milano FIR,0.0205,0.058,0.0375,0.0048,0.0003
36,Roma FIR,0.0155,0.0364,0.0209,0.0048,0.0005
36,Ljubljana FIR,0.0179,0.0477,0.0298,0.0066,0.0008
36,Praha FIR,0.0281,0.0637,0.0356,0.0101,0.0007
36,Malta FIR,0.0061,0.0167,0.0106,0.0023,0.0004
36,Wien FIR,0.0149,0.0532,0.0382,0.0081,0.0004
36,Lisboa FIR,0.0051,0.0094,0.0043,0.0008,0.0
36,Santa Maria FIR,0.0082,0.0248,0.0166,0.0053,0.0016
36,Sarajevo FIR,0.0199,0.0555,0.0356,0.0069,0.0005
36,Bucarest FIR,0.0074,0.0218,0.0144,0.0036,0.0002
36,Switzerland FIR,0.0183,0.0685,0.0502,0.0089,0.0018
36,Ankara FIR,0.0012,0.0036,0.0024,0.0005,0.0
36,Istanbul FIR,0.0054,0.0179,0.0126,0.0032,0.0004
36,Chisinau FIR,0.0055,0.0287,0.0231,0.0053,0.0001
36,Skopje FIR,0.017,0.0435,0.0265,0.0075,0.0008
36,Beograd FIR,0.0146,0.0368,0.0222,0.0039,0.0001
36,Bratislava  FIR,0.0157,0.0519,0.0362,0.0104,0.0015
36,Yerevan FIR,0.0006,0.0012,0.0006,0.0,0.0
36,Tibilisi FIR,0.0015,0.0076,0.0061,0.001,0.0001
36,Kiev FIR,0.0189,0.0381,0.0192,0.0074,0.0013
36,Dnipro FIR,0.0179,0.0629,0.045,0.018,0.0035
36,Simferopol FIR,0.01,0.0204,0.0104,0.0039,0.0003
36,Lvov FIR,0.0143,0.0344,0.02,0.007,0.0006
36,Odessa FIR,0.0022,0.0192,0.017,0.0027,0.0001
37,European Airspace,0.0162,0.0538,0.0376,0.0118,0.002
37,North Atlantic,0.0216,0.0807,0.0591,0.0178,0.0027
37,Continental Europe,0.0163,0.0551,0.0388,0.0085,0.0011
37,Global,0.0187,0.0874,0.0687,0.0272,0.0072
37,USA,0.0169,0.0567,0.0398,0.0142,0.0039
37,East Asia,0.0181,0.0738,0.0557,0.0219,0.0063
37,Southeast Asia,0.0499,0.2238,0.1739,0.0854,0.0313
37,Latin America,0.0183,0.0779,0.0596,0.0256,0.0085
37,Africa & Middle East,0.0064,0.0364,0.03,0.013,0.0044
37,China,0.0138,0.0672,0.0535,0.021,0.0051
37,India,0.0277,0.1492,0.1215,0.0624,0.0219
37,North Pacific,0.0203,0.0654,0.0451,0.0141,0.0024
37,Arctic,0.0201,0.1202,0.1001,0.0287,0.0021
37,Reykjavik FIR,0.015,0.0627,0.0477,0.0084,0.0003
37,Brussels FIR,0.0098,0.0408,0.031,0.005,0.0004
37,Langen FIR,0.0097,0.0432,0.0335,0.0047,0.0003
37,Munchen FIR,0.0288,0.1118,0.0831,0.0096,0.0003
37,Bremen FIR,0.0231,0.0711,0.048,0.0084,0.0005
37,Tallinn FIR,0.0386,0.1605,0.1219,0.0408,0.005
37,Helsinki FIR,0.0377,0.1493,0.1116,0.0302,0.0036
37,Shanwick FIR,0.0279,0.1075,0.0796,0.0281,0.0047
37,Scottish FIR,0.0163,0.0519,0.0356,0.0083,0.0013
37,London FIR,0.0245,0.0737,0.0492,0.0184,0.0036
37,Amsterdam FIR,0.0109,0.0383,0.0275,0.0066,0.001
37,Shannon FIR,0.0273,0.128,0.1007,0.0413,0.0075
37,Copenhagen FIR,0.0201,0.0597,0.0396,0.0094,0.0005
37,Bodo Oceanic FIR,0.0155,0.0971,0.0816,0.0137,0.0009
37,Polaris FIR,0.0199,0.0716,0.0517,0.0122,0.0013
37,Warszawa FIR,0.0254,0.116,0.0906,0.019,0.0029
37,Sweden FIR,0.0281,0.0885,0.0604,0.0126,0.0011
37,Riga FIR,0.039,0.1425,0.1034,0.0341,0.0045
37,Vilnius FIR,0.0352,0.1359,0.1007,0.0354,0.0039
37,Canarias FIR,0.0023,0.0076,0.0053,0.001,0.0002
37,Tirana FIR,0.0115,0.0371,0.0256,0.0045,0.0002
37,Sofia FIR,0.0104,0.0343,0.0239,0.0062,0.0015
37,Nicosia FIR,0.0,0.0,0.0,0.0,0.0
37,Zagreb FIR,0.0165,0.0651,0.0486,0.0044,0.0004
37,Barcelona FIR,0.0075,0.012,0.0045,0.0002,0.0
37,Madrid FIR,0.018,0.0488,0.0308,0.0064,0.0011
37,Bordeaux FIR,0.0089,0.0402,0.0313,0.0044,0.0002
37,Reims FIR,0.0134,0.0413,0.0279,0.004,0.0003
37,Paris FIR,0.0122,0.0617,0.0495,0.0115,0.0005
37,Marseille FIR,0.0064,0.0168,0.0104,0.0014,0.0001
37,Brest FIR,0.0198,0.079,0.0592,0.0175,0.0022
37,Athinai FIR,0.0046,0.0096,0.005,0.0011,0.0001
37,Budapest FIR,0.0217,0.0838,0.0621,0.0074,0.0005
37,Brindisi FIR,0.0098,0.0272,0.0173,0.0016,0.0
37,Milano FIR,0.0242,0.0666,0.0424,0.005,0.0002
37,Roma FIR,0.0045,0.0127,0.0082,0.0007,0.0
37,Ljubljana FIR,0.0203,0.0954,0.075,0.0077,0.0007
37,Praha FIR,0.0224,0.1384,0.116,0.0094,0.0001
37,Malta FIR,0.0047,0.0118,0.007,0.0012,0.0002
37,Wien FIR,0.0239,0.1131,0.0892,0.0066,0.0001
37,Lisboa FIR,0.0117,0.0372,0.0255,0.009,0.0022
37,Santa Maria FIR,0.0204,0.059,0.0386,0.0125,0.0031
37,Sarajevo FIR,0.016,0.0642,0.0481,0.0051,0.0003
37,Bucarest FIR,0.0199,0.0672,0.0473,0.0095,0.0011
37,Switzerland FIR,0.0242,0.0695,0.0453,0.0044,0.0005
37,Ankara FIR,0.0014,0.004,0.0025,0.0006,0.0001
37,Istanbul FIR,0.0033,0.0088,0.0055,0.0017,0.0003
37,Chisinau FIR,0.0177,0.0672,0.0495,0.0139,0.0017
37,Skopje FIR,0.0122,0.039,0.0269,0.0016,0.0001
37,Beograd FIR,0.0185,0.0618,0.0433,0.0045,0.0002
37,Bratislava  FIR,0.0226,0.0945,0.0718,0.0085,0.0006
37,Yerevan FIR,0.0006,0.0007,0.0001,0.0,0.0
37,Tibilisi FIR,0.0026,0.0058,0.0031,0.0003,0.0
37,Kiev FIR,0.0202,0.087,0.0668,0.0309,0.0081
37,Dnipro FIR,0.0206,0.0623,0.0417,0.019,0.0034
37,Simferopol FIR,0.0107,0.0328,0.0221,0.0092,0.0019
37,Lvov FIR,0.0188,0.103,0.0842,0.0273,0.0033
37,Odessa FIR,0.016,0.0543,0.0383,0.0127,0.0019
38,European Airspace,0.0203,0.0663,0.046,0.0157,0.003
38,North Atlantic,0.0217,0.0837,0.0621,0.0186,0.0032
38,Continental Europe,0.0209,0.059,0.038,0.012,0.0024
38,Global,0.0188,0.0869,0.0681,0.0266,0.0069
38,USA,0.0125,0.0385,0.026,0.0084,0.0022
38,East Asia,0.0173,0.0801,0.0628,0.0233,0.0057
38,Southeast Asia,0.0525,0.258,0.2055,0.106,0.0401
38,Latin America,0.0211,0.081,0.0599,0.0238,0.0072
38,Africa & Middle East,0.0079,0.0431,0.0352,0.0143,0.0045
38,China,0.0107,0.0549,0.0442,0.017,0.0039
38,India,0.0185,0.1006,0.0822,0.0386,0.0129
38,North Pacific,0.021,0.0715,0.0504,0.0163,0.0025
38,Arctic,0.0194,0.1247,0.1054,0.0366,0.0025
38,Reykjavik FIR,0.0218,0.0949,0.0731,0.0229,0.0028
38,Brussels FIR,0.0152,0.0582,0.043,0.0126,0.0018
38,Langen FIR,0.0148,0.047,0.0321,0.0089,0.0005
38,Munchen FIR,0.0145,0.0541,0.0395,0.0092,0.0007
38,Bremen FIR,0.0133,0.0474,0.0341,0.0095,0.0011
38,Tallinn FIR,0.0292,0.1036,0.0744,0.0264,0.0045
38,Helsinki FIR,0.0424,0.138,0.0957,0.0426,0.0081
38,Shanwick FIR,0.0169,0.0765,0.0596,0.0251,0.0061
38,Scottish FIR,0.0243,0.0775,0.0532,0.028,0.0093
38,London FIR,0.0326,0.1003,0.0676,0.0261,0.0064
38,Amsterdam FIR,0.0192,0.0626,0.0434,0.0125,0.0009
38,Shannon FIR,0.0071,0.0253,0.0183,0.0055,0.0014
38,Copenhagen FIR,0.0236,0.069,0.0454,0.0189,0.0028
38,Bodo Oceanic FIR,0.0105,0.0965,0.086,0.0246,0.0012
38,Polaris FIR,0.0297,0.0989,0.0693,0.0264,0.0044
38,Warszawa FIR,0.0178,0.0545,0.0367,0.012,0.0011
38,Sweden FIR,0.051,0.1359,0.0849,0.0343,0.0066
38,Riga FIR,0.0317,0.0811,0.0495,0.0175,0.0027
38,Vilnius FIR,0.0296,0.0778,0.0483,0.0154,0.0008
38,Canarias FIR,0.0136,0.0422,0.0285,0.0092,0.0022
38,Tirana FIR,0.0152,0.0422,0.027,0.0046,0.0002
38,Sofia FIR,0.0382,0.0974,0.0592,0.0199,0.0021
38,Nicosia FIR,0.0061,0.0168,0.0107,0.0029,0.0004
38,Zagreb FIR,0.0327,0.0914,0.0586,0.0101,0.0013
38,Barcelona FIR,0.0179,0.0366,0.0187,0.0047,0.0006
38,Madrid FIR,0.0119,0.0269,0.015,0.0021,0.0005
38,Bordeaux FIR,0.0199,0.0492,0.0293,0.0055,0.0001
38,Reims FIR,0.018,0.0548,0.0368,0.0086,0.0006
38,Paris FIR,0.0238,0.0701,0.0463,0.0125,0.0014
38,Marseille FIR,0.0162,0.0475,0.0313,0.0086,0.001
38,Brest FIR,0.0245,0.0577,0.0332,0.0095,0.0029
38,Athinai FIR,0.0116,0.0287,0.0171,0.0031,0.0002
38,Budapest FIR,0.0128,0.033,0.0202,0.0042,0.0002
38,Brindisi FIR,0.0225,0.0559,0.0334,0.0043,0.0002
38,Milano FIR,0.0299,0.0929,0.063,0.011,0.0009
38,Roma FIR,0.0226,0.059,0.0364,0.0109,0.001
38,Ljubljana FIR,0.0257,0.0634,0.0377,0.0127,0.0023
38,Praha FIR,0.0086,0.0388,0.0302,0.0051,0.0004
38,Malta FIR,0.0277,0.0757,0.048,0.0125,0.0016
38,Wien FIR,0.0133,0.0395,0.0262,0.0069,0.0008
38,Lisboa FIR,0.0086,0.0202,0.0116,0.0037,0.0011
38,Santa Maria FIR,0.0276,0.0893,0.0617,0.0195,0.0056
38,Sarajevo FIR,0.0308,0.0993,0.0685,0.0111,0.0005
38,Bucarest FIR,0.0212,0.0632,0.0421,0.0141,0.0012
38,Switzerland FIR,0.0207,0.0575,0.0368,0.0089,0.0001
38,Ankara FIR,0.0114,0.0387,0.0273,0.007,0.0006
38,Istanbul FIR,0.013,0.037,0.024,0.0062,0.0006
38,Chisinau FIR,0.032,0.11,0.078,0.0333,0.0035
38,Skopje FIR,0.0171,0.0491,0.0319,0.0072,0.0005
38,Beograd FIR,0.0256,0.07,0.0444,0.008,0.0005
38,Bratislava  FIR,0.0147,0.0367,0.022,0.0026,0.0
38,Yerevan FIR,0.006,0.0597,0.0537,0.0118,0.0001
38,Tibilisi FIR,0.0247,0.0931,0.0684,0.0122,0.0003
38,Kiev FIR,0.0357,0.1094,0.0737,0.0388,0.0163
38,Dnipro FIR,0.023,0.0844,0.0614,0.0259,0.0076
38,Simferopol FIR,0.0218,0.0681,0.0463,0.0187,0.0025
38,Lvov FIR,0.0324,0.0918,0.0594,0.0226,0.006
38,Odessa FIR,0.0266,0.0846,0.0581,0.0268,0.0032
39,European Airspace,0.0246,0.0849,0.0603,0.0196,0.0037
39,North Atlantic,0.0253,0.0943,0.069,0.0233,0.0043
39,Continental Europe,0.0309,0.097,0.0661,0.0182,0.0025
39,Global,0.0211,0.0967,0.0756,0.0304,0.0086
39,USA,0.0129,0.0505,0.0376,0.0155,0.0052
39,East Asia,0.0223,0.0915,0.0693,0.0258,0.0082
39,Southeast Asia,0.0359,0.1698,0.1339,0.068,0.0281
39,Latin America,0.0231,0.0965,0.0734,0.032,0.0109
39,Africa & Middle East,0.011,0.0561,0.0451,0.0203,0.0073
39,China,0.0194,0.0868,0.0674,0.0256,0.0068
39,India,0.0265,0.1425,0.116,0.0537,0.0169
39,North Pacific,0.0251,0.0849,0.0598,0.0196,0.0035
39,Arctic,0.0146,0.145,0.1304,0.0489,0.0049
39,Reykjavik FIR,0.0222,0.1047,0.0825,0.0248,0.0017
39,Brussels FIR,0.0204,0.0669,0.0465,0.0122,0.0005
39,Langen FIR,0.0312,0.104,0.0729,0.0164,0.0009
39,Munchen FIR,0.0321,0.104,0.072,0.0227,0.0048
39,Bremen FIR,0.0398,0.1134,0.0736,0.0198,0.0023
39,Tallinn FIR,0.0546,0.1598,0.1052,0.0432,0.0101
39,Helsinki FIR,0.0417,0.2109,0.1692,0.0482,0.005
39,Shanwick FIR,0.0252,0.0862,0.061,0.0182,0.0021
39,Scottish FIR,0.0426,0.1358,0.0932,0.0298,0.0026
39,London FIR,0.0277,0.1098,0.0821,0.0161,0.0006
39,Amsterdam FIR,0.0267,0.0854,0.0586,0.0143,0.001
39,Shannon FIR,0.0248,0.0993,0.0746,0.0145,0.0006
39,Copenhagen FIR,0.0323,0.1216,0.0892,0.0226,0.0016
39,Bodo Oceanic FIR,0.0082,0.0493,0.0411,0.0159,0.0011
39,Polaris FIR,0.0234,0.123,0.0995,0.0267,0.0023
39,Warszawa FIR,0.0432,0.117,0.0739,0.0267,0.0051
39,Sweden FIR,0.0266,0.1528,0.1262,0.0352,0.0033
39,Riga FIR,0.0429,0.1268,0.084,0.0369,0.013
39,Vilnius FIR,0.0308,0.1129,0.0822,0.0304,0.0108
39,Canarias FIR,0.0044,0.0126,0.0082,0.002,0.0006
39,Tirana FIR,0.0207,0.0511,0.0304,0.0057,0.0005
39,Sofia FIR,0.0103,0.0372,0.0269,0.012,0.0043
39,Nicosia FIR,0.0011,0.0025,0.0014,0.0001,0.0
39,Zagreb FIR,0.0213,0.0716,0.0503,0.0113,0.002
39,Barcelona FIR,0.0413,0.0847,0.0434,0.0106,0.0019
39,Madrid FIR,0.0344,0.1172,0.0828,0.0283,0.0063
39,Bordeaux FIR,0.0261,0.0908,0.0648,0.0078,0.0005
39,Reims FIR,0.0326,0.0994,0.0668,0.013,0.0013
39,Paris FIR,0.0255,0.0869,0.0614,0.0124,0.0005
39,Marseille FIR,0.0256,0.0627,0.0371,0.0057,0.0008
39,Brest FIR,0.025,0.104,0.0791,0.0192,0.0008
39,Athinai FIR,0.0044,0.0187,0.0143,0.0041,0.0005
39,Budapest FIR,0.0385,0.0926,0.054,0.0106,0.0012
39,Brindisi FIR,0.0182,0.0453,0.0271,0.0074,0.0006
39,Milano FIR,0.0186,0.0634,0.0448,0.0088,0.0008
39,Roma FIR,0.0215,0.0445,0.023,0.0032,0.0003
39,Ljubljana FIR,0.0188,0.0705,0.0517,0.0156,0.0022
39,Praha FIR,0.0329,0.1012,0.0683,0.025,0.0065
39,Malta FIR,0.0158,0.033,0.0172,0.001,0.0
39,Wien FIR,0.0251,0.0934,0.0682,0.0205,0.0031
39,Lisboa FIR,0.0409,0.1361,0.0952,0.0422,0.0111
39,Santa Maria FIR,0.0335,0.117,0.0835,0.0353,0.0128
39,Sarajevo FIR,0.0316,0.0862,0.0546,0.0116,0.001
39,Bucarest FIR,0.0302,0.0892,0.059,0.0216,0.0046
39,Switzerland FIR,0.0311,0.0939,0.0628,0.0141,0.002
39,Ankara FIR,0.0033,0.0093,0.0059,0.0007,0.0
39,Istanbul FIR,0.0038,0.0129,0.009,0.0024,0.0003
39,Chisinau FIR,0.023,0.0942,0.0712,0.0391,0.0043
39,Skopje FIR,0.0251,0.0528,0.0278,0.0084,0.0021
39,Beograd FIR,0.0367,0.075,0.0383,0.0097,0.0013
39,Bratislava  FIR,0.0476,0.1082,0.0605,0.0143,0.0018
39,Yerevan FIR,0.0012,0.0078,0.0067,0.0019,0.0
39,Tibilisi FIR,0.0042,0.0155,0.0113,0.0026,0.0001
39,Kiev FIR,0.0532,0.1548,0.1016,0.0485,0.0085
39,Dnipro FIR,0.039,0.0731,0.034,0.0139,0.0038
39,Simferopol FIR,0.0209,0.0413,0.0204,0.0068,0.0017
39,Lvov FIR,0.0331,0.1259,0.0928,0.0344,0.0077
39,Odessa FIR,0.0267,0.0791,0.0524,0.0188,0.0019
40,European Airspace,0.0193,0.0739,0.0546,0.017,0.0026
40,North Atlantic,0.0152,0.0663,0.0511,0.0147,0.0018
40,Continental Europe,0.0203,0.0727,0.0524,0.0147,0.002
40,Global,0.0203,0.0916,0.0713,0.0285,0.0084
40,USA,0.0091,0.031,0.022,0.007,0.0018
40,East Asia,0.0216,0.0922,0.0706,0.0283,0.0099
40,Southeast Asia,0.0506,0.246,0.1954,0.1043,0.0438
40,Latin America,0.0257,0.1013,0.0756,0.0299,0.0097
40,Africa & Middle East,0.0098,0.0571,0.0473,0.0224,0.0082
40,China,0.017,0.0691,0.0521,0.0188,0.0057
40,India,0.0265,0.1316,0.1051,0.0551,0.022
40,North Pacific,0.0222,0.0788,0.0565,0.0176,0.0027
40,Arctic,0.0142,0.1204,0.1062,0.0425,0.0044
40,Reykjavik FIR,0.0168,0.1118,0.095,0.0243,0.0011
40,Brussels FIR,0.0014,0.0058,0.0044,0.0002,0.0
40,Langen FIR,0.0068,0.0156,0.0088,0.0007,0.0001
40,Munchen FIR,0.0091,0.0259,0.0168,0.0018,0.0004
40,Bremen FIR,0.011,0.0294,0.0184,0.0029,0.0002
40,Tallinn FIR,0.0233,0.0976,0.0743,0.0217,0.0022
40,Helsinki FIR,0.0385,0.153,0.1145,0.0343,0.0037
40,Shanwick FIR,0.0131,0.0684,0.0553,0.015,0.0019
40,Scottish FIR,0.0358,0.1516,0.1157,0.0332,0.003
40,London FIR,0.0118,0.0488,0.037,0.0094,0.0007
40,Amsterdam FIR,0.0102,0.0259,0.0157,0.0025,0.0002
40,Shannon FIR,0.0131,0.0568,0.0437,0.0135,0.001
40,Copenhagen FIR,0.0346,0.0981,0.0635,0.022,0.002
40,Bodo Oceanic FIR,0.0126,0.0973,0.0847,0.0311,0.0031
40,Polaris FIR,0.0489,0.2013,0.1524,0.0422,0.0032
40,Warszawa FIR,0.0101,0.0434,0.0333,0.0088,0.0009
40,Sweden FIR,0.0493,0.1542,0.1049,0.0352,0.004
40,Riga FIR,0.03,0.0951,0.0651,0.0131,0.0007
40,Vilnius FIR,0.0238,0.0893,0.0655,0.0107,0.0003
40,Canarias FIR,0.0075,0.0211,0.0136,0.0037,0.0006
40,Tirana FIR,0.0192,0.0524,0.0333,0.0034,0.0003
40,Sofia FIR,0.0151,0.0403,0.0252,0.004,0.0006
40,Nicosia FIR,0.0,0.0,0.0,0.0,0.0
40,Zagreb FIR,0.023,0.0898,0.0668,0.0144,0.002
40,Barcelona FIR,0.0281,0.0605,0.0325,0.0127,0.0031
40,Madrid FIR,0.0295,0.0964,0.0668,0.0198,0.003
40,Bordeaux FIR,0.0176,0.0943,0.0767,0.0166,0.0017
40,Reims FIR,0.0168,0.0604,0.0436,0.008,0.0007
40,Paris FIR,0.0065,0.0381,0.0316,0.005,0.0003
40,Marseille FIR,0.0198,0.0789,0.059,0.0169,0.0033
40,Brest FIR,0.0132,0.0638,0.0506,0.0131,0.001
40,Athinai FIR,0.003,0.0077,0.0047,0.0004,0.0
40,Budapest FIR,0.0196,0.1013,0.0817,0.0245,0.0026
40,Brindisi FIR,0.0127,0.0431,0.0304,0.0035,0.0003
40,Milano FIR,0.0171,0.0854,0.0683,0.0172,0.0037
40,Roma FIR,0.013,0.0401,0.0271,0.0046,0.0007
40,Ljubljana FIR,0.022,0.0962,0.0742,0.0182,0.0037
40,Praha FIR,0.0037,0.0323,0.0285,0.0032,0.0007
40,Malta FIR,0.0032,0.0073,0.0042,0.0004,0.0
40,Wien FIR,0.0227,0.075,0.0523,0.0122,0.0037
40,Lisboa FIR,0.0342,0.1193,0.0851,0.0317,0.0045
40,Santa Maria FIR,0.0274,0.1001,0.0727,0.0318,0.0114
40,Sarajevo FIR,0.0299,0.0978,0.0679,0.0159,0.0009
40,Bucarest FIR,0.0406,0.1308,0.0902,0.0272,0.0048
40,Switzerland FIR,0.016,0.0642,0.0482,0.0093,0.0013
40,Ankara FIR,0.0007,0.0033,0.0026,0.0005,0.0
40,Istanbul FIR,0.0015,0.0047,0.0032,0.001,0.0
40,Chisinau FIR,0.0419,0.1874,0.1456,0.0495,0.0078
40,Skopje FIR,0.0224,0.0577,0.0352,0.0057,0.0008
40,Beograd FIR,0.0346,0.0954,0.0608,0.0129,0.002
40,Bratislava  FIR,0.0115,0.0689,0.0574,0.0103,0.0002
40,Yerevan FIR,0.0002,0.0006,0.0004,0.0,0.0
40,Tibilisi FIR,0.0029,0.0129,0.01,0.0004,0.0
40,Kiev FIR,0.0436,0.2049,0.1613,0.0651,0.0119
40,Dnipro FIR,0.0337,0.0871,0.0534,0.0264,0.0075
40,Simferopol FIR,0.016,0.0468,0.0308,0.0082,0.0011
40,Lvov FIR,0.0271,0.1799,0.1528,0.0455,0.0052
40,Odessa FIR,0.0463,0.1296,0.0833,0.0252,0.0051
41,European Airspace,0.0175,0.0766,0.0592,0.0193,0.0039
41,North Atlantic,0.0182,0.0794,0.0612,0.0149,0.0016
41,Continental Europe,0.0249,0.097,0.0722,0.0207,0.0034
41,Global,0.0205,0.0929,0.0724,0.0286,0.008
41,USA,0.0143,0.0471,0.0328,0.0117,0.0031
41,East Asia,0.0089,0.0341,0.0252,0.0094,0.0028
41,Southeast Asia,0.0362,0.169,0.1327,0.0632,0.0231
41,Latin America,0.0268,0.1101,0.0832,0.0348,0.012
41,Africa & Middle East,0.0107,0.0542,0.0436,0.0194,0.0071
41,China,0.0155,0.0513,0.0358,0.0102,0.002
41,India,0.0201,0.0901,0.07,0.0301,0.0096
41,North Pacific,0.0239,0.0908,0.0668,0.0193,0.0025
41,Arctic,0.0119,0.1246,0.1127,0.0422,0.0041
41,Reykjavik FIR,0.0116,0.0498,0.0382,0.0114,0.0005
41,Brussels FIR,0.0357,0.1357,0.1,0.022,0.0008
41,Langen FIR,0.0336,0.1415,0.1078,0.0261,0.0023
41,Munchen FIR,0.034,0.127,0.093,0.027,0.0041
41,Bremen FIR,0.0204,0.1139,0.0935,0.0256,0.0016
41,Tallinn FIR,0.0202,0.1732,0.1531,0.044,0.0048
41,Helsinki FIR,0.0328,0.2,0.1673,0.0532,0.0051
41,Shanwick FIR,0.0185,0.0705,0.052,0.0131,0.0011
41,Scottish FIR,0.0172,0.0938,0.0767,0.0175,0.0006
41,London FIR,0.0194,0.0754,0.056,0.0169,0.0012
41,Amsterdam FIR,0.027,0.0908,0.0638,0.014,0.0002
41,Shannon FIR,0.0136,0.0607,0.0471,0.0193,0.0032
41,Copenhagen FIR,0.0172,0.0869,0.0696,0.0156,0.0002
41,Bodo Oceanic FIR,0.0024,0.0565,0.0541,0.014,0.0013
41,Polaris FIR,0.0096,0.0957,0.086,0.0194,0.001
41,Warszawa FIR,0.0186,0.0951,0.0765,0.0246,0.0039
41,Sweden FIR,0.0189,0.1435,0.1246,0.0318,0.0021
41,Riga FIR,0.0298,0.1588,0.129,0.0363,0.0037
41,Vilnius FIR,0.0394,0.1305,0.0911,0.0287,0.003
41,Canarias FIR,0.0183,0.0695,0.0512,0.0241,0.0111
41,Tirana FIR,0.033,0.0812,0.0482,0.012,0.0015
41,Sofia FIR,0.0196,0.0734,0.0538,0.0288,0.0088
41,Nicosia FIR,0.0017,0.0045,0.0029,0.0004,0.0
41,Zagreb FIR,0.0304,0.0958,0.0654,0.0228,0.0056
41,Barcelona FIR,0.0348,0.1104,0.0756,0.0246,0.0056
41,Madrid FIR,0.0212,0.0758,0.0546,0.0139,0.002
41,Bordeaux FIR,0.0212,0.1069,0.0857,0.0226,0.0024
41,Reims FIR,0.0324,0.1351,0.1027,0.0186,0.0022
41,Paris FIR,0.0251,0.1215,0.0964,0.0237,0.0012
41,Marseille FIR,0.032,0.116,0.084,0.0245,0.0067
41,Brest FIR,0.0233,0.0859,0.0626,0.0133,0.0012
41,Athinai FIR,0.0153,0.0367,0.0214,0.0068,0.002
41,Budapest FIR,0.0247,0.0793,0.0546,0.018,0.0038
41,Brindisi FIR,0.0325,0.092,0.0595,0.0215,0.0058
41,Milano FIR,0.0368,0.1216,0.0848,0.0248,0.0052
41,Roma FIR,0.0342,0.0981,0.0639,0.0232,0.0071
41,Ljubljana FIR,0.0329,0.1106,0.0776,0.0273,0.0055
41,Praha FIR,0.0214,0.1054,0.084,0.0239,0.005
41,Malta FIR,0.0107,0.0384,0.0277,0.0078,0.0019
41,Wien FIR,0.0346,0.1164,0.0818,0.0251,0.0055
41,Lisboa FIR,0.007,0.0355,0.0286,0.0123,0.0049
41,Santa Maria FIR,0.0196,0.0761,0.0565,0.0231,0.0087
41,Sarajevo FIR,0.031,0.0937,0.0627,0.021,0.0046
41,Bucarest FIR,0.0268,0.0794,0.0527,0.0257,0.0068
41,Switzerland FIR,0.0423,0.1313,0.089,0.0197,0.003
41,Ankara FIR,0.0127,0.04,0.0273,0.0075,0.0014
41,Istanbul FIR,0.0099,0.0464,0.0365,0.0148,0.0034
41,Chisinau FIR,0.02,0.0748,0.0548,0.021,0.0043
41,Skopje FIR,0.0306,0.0928,0.0622,0.018,0.0031
41,Beograd FIR,0.0302,0.0893,0.0592,0.0216,0.0035
41,Bratislava  FIR,0.0187,0.0817,0.063,0.0146,0.0022
41,Yerevan FIR,0.0206,0.0745,0.054,0.017,0.0041
41,Tibilisi FIR,0.0288,0.084,0.0552,0.0155,0.0028
41,Kiev FIR,0.0154,0.0923,0.0769,0.0255,0.0058
41,Dnipro FIR,0.0348,0.1031,0.0683,0.0226,0.0041
41,Simferopol FIR,0.021,0.0724,0.0514,0.0243,0.0072
41,Lvov FIR,0.0246,0.0585,0.0339,0.0134,0.0023
41,Odessa FIR,0.0193,0.0857,0.0665,0.0269,0.0061
42,European Airspace,0.0171,0.0832,0.066,0.0213,0.0042
42,North Atlantic,0.0151,0.0741,0.0589,0.0147,0.0016
42,Continental Europe,0.0317,0.1259,0.0942,0.031,0.0069
42,Global,0.0205,0.0944,0.0739,0.0295,0.0083
42,USA,0.0109,0.036,0.0251,0.0063,0.0014
42,East Asia,0.0196,0.0765,0.0568,0.0215,0.0068
42,Southeast Asia,0.0431,0.2018,0.1587,0.0753,0.0275
42,Latin America,0.0275,0.1051,0.0777,0.0318,0.0097
42,Africa & Middle East,0.0119,0.0607,0.0488,0.0225,0.0086
42,China,0.0177,0.0669,0.0491,0.0139,0.0033
42,India,0.0214,0.1032,0.0817,0.0373,0.0129
42,North Pacific,0.0245,0.098,0.0735,0.0206,0.0032
42,Arctic,0.0068,0.1225,0.1157,0.0431,0.0035
42,Reykjavik FIR,0.0078,0.1128,0.105,0.0277,0.0024
42,Brussels FIR,0.0533,0.1966,0.1433,0.0515,0.0028
42,Langen FIR,0.0526,0.1947,0.1421,0.0374,0.0032
42,Munchen FIR,0.0471,0.1877,0.1406,0.0517,0.0153
42,Bremen FIR,0.0405,0.1659,0.1254,0.0549,0.0151
42,Tallinn FIR,0.0376,0.1352,0.0975,0.0457,0.0186
42,Helsinki FIR,0.0404,0.2318,0.1914,0.0812,0.0205
42,Shanwick FIR,0.016,0.0769,0.0608,0.0143,0.0012
42,Scottish FIR,0.0254,0.1504,0.125,0.041,0.0092
42,London FIR,0.0286,0.1644,0.1358,0.0498,0.0093
42,Amsterdam FIR,0.0473,0.157,0.1098,0.0428,0.0063
42,Shannon FIR,0.0193,0.0819,0.0626,0.0136,0.0016
42,Copenhagen FIR,0.0431,0.1584,0.1153,0.0426,0.0089
42,Bodo Oceanic FIR,0.006,0.1541,0.1481,0.0467,0.0061
42,Polaris FIR,0.0271,0.1913,0.1642,0.0511,0.0087
42,Warszawa FIR,0.023,0.089,0.066,0.0286,0.008
42,Sweden FIR,0.037,0.179,0.142,0.0546,0.0128
42,Riga FIR,0.0244,0.0879,0.0636,0.0243,0.006
42,Vilnius FIR,0.0131,0.0646,0.0515,0.0159,0.0019
42,Canarias FIR,0.0134,0.0535,0.0402,0.0196,0.0074
42,Tirana FIR,0.03,0.0946,0.0646,0.0109,0.0025
42,Sofia FIR,0.0193,0.0371,0.0179,0.0065,0.0009
42,Nicosia FIR,0.0067,0.0175,0.0108,0.0044,0.0015
42,Zagreb FIR,0.0297,0.1207,0.0909,0.028,0.0075
42,Barcelona FIR,0.0218,0.0723,0.0505,0.0128,0.0038
42,Madrid FIR,0.034,0.1187,0.0847,0.0211,0.0033
42,Bordeaux FIR,0.0434,0.1607,0.1173,0.038,0.0122
42,Reims FIR,0.0496,0.1903,0.1407,0.0425,0.0062
42,Paris FIR,0.0407,0.1822,0.1415,0.0559,0.0125
42,Marseille FIR,0.03,0.0982,0.0681,0.0195,0.0056
42,Brest FIR,0.0399,0.1747,0.1348,0.048,0.0087
42,Athinai FIR,0.0185,0.0526,0.034,0.0099,0.0028
42,Budapest FIR,0.0166,0.0516,0.035,0.0103,0.0019
42,Brindisi FIR,0.0323,0.119,0.0867,0.0206,0.006
42,Milano FIR,0.0423,0.1548,0.1125,0.0301,0.0094
42,Roma FIR,0.0263,0.0928,0.0665,0.0154,0.0038
42,Ljubljana FIR,0.0219,0.1099,0.0879,0.033,0.0129
42,Praha FIR,0.038,0.1368,0.0988,0.0377,0.0109
42,Malta FIR,0.0059,0.0179,0.012,0.0014,0.0001
42,Wien FIR,0.0407,0.1413,0.1005,0.0317,0.0109
42,Lisboa FIR,0.0236,0.0763,0.0527,0.0223,0.0063
42,Santa Maria FIR,0.013,0.0471,0.0341,0.0128,0.0041
42,Sarajevo FIR,0.0257,0.1015,0.0758,0.0204,0.0042
42,Bucarest FIR,0.0095,0.018,0.0085,0.0027,0.0004
42,Switzerland FIR,0.0561,0.1786,0.1225,0.0272,0.0053
42,Ankara FIR,0.0112,0.0407,0.0296,0.0085,0.0019
42,Istanbul FIR,0.0171,0.0496,0.0325,0.0114,0.0032
42,Chisinau FIR,0.0103,0.0136,0.0033,0.0011,0.0002
42,Skopje FIR,0.0389,0.089,0.0501,0.0069,0.0009
42,Beograd FIR,0.0286,0.0751,0.0465,0.0096,0.0014
42,Bratislava  FIR,0.0199,0.047,0.0271,0.0081,0.0009
42,Yerevan FIR,0.0136,0.0619,0.0483,0.0096,0.0009
42,Tibilisi FIR,0.0095,0.052,0.0424,0.0079,0.0002
42,Kiev FIR,0.0084,0.0342,0.0258,0.0064,0.0003
42,Dnipro FIR,0.0085,0.0616,0.0532,0.0126,0.0004
42,Simferopol FIR,0.0083,0.0304,0.0221,0.0079,0.0012
42,Lvov FIR,0.0031,0.0156,0.0125,0.0017,0.0
42,Odessa FIR,0.0134,0.0298,0.0164,0.0044,0.0006
43,European Airspace,0.0144,0.0647,0.0503,0.0147,0.0024
43,North Atlantic,0.0192,0.0965,0.0773,0.0224,0.0041
43,Continental Europe,0.0208,0.0786,0.0578,0.0172,0.0023
43,Global,0.0192,0.0885,0.0693,0.0271,0.0074
43,USA,0.0164,0.0456,0.0292,0.0086,0.0017
43,East Asia,0.0179,0.074,0.0561,0.0204,0.0052
43,Southeast Asia,0.0455,0.1966,0.1511,0.0796,0.0339
43,Latin America,0.022,0.0984,0.0764,0.0331,0.0117
43,Africa & Middle East,0.0112,0.0564,0.0452,0.021,0.008
43,China,0.0162,0.0679,0.0517,0.0157,0.0033
43,India,0.0157,0.0701,0.0543,0.0245,0.0094
43,North Pacific,0.0202,0.0855,0.0653,0.0194,0.0025
43,Arctic,0.0051,0.1226,0.1175,0.0519,0.0047
43,Reykjavik FIR,0.0055,0.0867,0.0812,0.0205,0.001
43,Brussels FIR,0.0079,0.0373,0.0294,0.0115,0.0009
43,Langen FIR,0.0112,0.0513,0.0401,0.0137,0.0016
43,Munchen FIR,0.0264,0.0826,0.0562,0.0201,0.0034
43,Bremen FIR,0.0096,0.0532,0.0436,0.0134,0.0011
43,Tallinn FIR,0.0253,0.1272,0.1019,0.032,0.0021
43,Helsinki FIR,0.0148,0.1048,0.09,0.0251,0.003
43,Shanwick FIR,0.0196,0.1012,0.0816,0.0251,0.0053
43,Scottish FIR,0.024,0.1322,0.1083,0.0341,0.0043
43,London FIR,0.0182,0.0772,0.059,0.0143,0.0019
43,Amsterdam FIR,0.0046,0.0559,0.0513,0.021,0.0024
43,Shannon FIR,0.0259,0.1137,0.0878,0.0232,0.0038
43,Copenhagen FIR,0.0303,0.1261,0.0958,0.0255,0.003
43,Bodo Oceanic FIR,0.0024,0.1488,0.1464,0.036,0.0018
43,Polaris FIR,0.0174,0.1369,0.1196,0.0305,0.0053
43,Warszawa FIR,0.0342,0.0964,0.0622,0.0242,0.0037
43,Sweden FIR,0.0173,0.1142,0.0969,0.0257,0.004
43,Riga FIR,0.0243,0.1158,0.0916,0.026,0.0021
43,Vilnius FIR,0.0278,0.099,0.0712,0.0234,0.0037
43,Canarias FIR,0.01,0.0395,0.0295,0.0107,0.0027
43,Tirana FIR,0.0307,0.0955,0.0648,0.0237,0.0035
43,Sofia FIR,0.0131,0.0431,0.0299,0.0111,0.0014
43,Nicosia FIR,0.0026,0.0038,0.0012,0.0002,0.0
43,Zagreb FIR,0.036,0.1192,0.0832,0.0318,0.0049
43,Barcelona FIR,0.026,0.0698,0.0438,0.0095,0.0007
43,Madrid FIR,0.0058,0.0215,0.0158,0.0037,0.0003
43,Bordeaux FIR,0.0177,0.0839,0.0662,0.0107,0.0008
43,Reims FIR,0.0125,0.0635,0.051,0.0221,0.0032
43,Paris FIR,0.0065,0.0393,0.0328,0.009,0.001
43,Marseille FIR,0.0257,0.088,0.0622,0.0187,0.0017
43,Brest FIR,0.0051,0.0219,0.0168,0.0032,0.0001
43,Athinai FIR,0.009,0.0278,0.0188,0.0046,0.0003
43,Budapest FIR,0.0307,0.0751,0.0444,0.0147,0.0012
43,Brindisi FIR,0.0415,0.1444,0.1029,0.0403,0.0094
43,Milano FIR,0.0209,0.0934,0.0725,0.0198,0.0032
43,Roma FIR,0.043,0.1332,0.0902,0.0314,0.0055
43,Ljubljana FIR,0.0198,0.0826,0.0628,0.0151,0.0015
43,Praha FIR,0.037,0.1122,0.0751,0.0304,0.0072
43,Malta FIR,0.0262,0.0784,0.0522,0.0168,0.002
43,Wien FIR,0.0214,0.0886,0.0672,0.02,0.0016
43,Lisboa FIR,0.0094,0.0263,0.0169,0.0042,0.0007
43,Santa Maria FIR,0.022,0.0758,0.0538,0.0177,0.0044
43,Sarajevo FIR,0.0456,0.1207,0.0752,0.0356,0.0047
43,Bucarest FIR,0.0215,0.0562,0.0346,0.0099,0.0005
43,Switzerland FIR,0.0278,0.0859,0.0581,0.0166,0.0032
43,Ankara FIR,0.0058,0.0164,0.0106,0.0023,0.0001
43,Istanbul FIR,0.0084,0.0199,0.0115,0.0028,0.0002
43,Chisinau FIR,0.0216,0.053,0.0313,0.0066,0.0003
43,Skopje FIR,0.032,0.0783,0.0463,0.0166,0.0025
43,Beograd FIR,0.0384,0.0877,0.0492,0.0169,0.0013
43,Bratislava  FIR,0.0325,0.0941,0.0616,0.0164,0.001
43,Yerevan FIR,0.0033,0.011,0.0077,0.0002,0.0
43,Tibilisi FIR,0.0041,0.0248,0.0206,0.003,0.0
43,Kiev FIR,0.0231,0.0628,0.0396,0.0101,0.0013
43,Dnipro FIR,0.0231,0.0719,0.0488,0.0166,0.003
43,Simferopol FIR,0.0164,0.0565,0.0402,0.0083,0.0007
43,Lvov FIR,0.0296,0.0765,0.0469,0.0161,0.0026
43,Odessa FIR,0.0193,0.0503,0.0311,0.0075,0.0003
44,European Airspace,0.0138,0.0714,0.0576,0.0191,0.0044
44,North Atlantic,0.0127,0.0879,0.0751,0.022,0.0048
44,Continental Europe,0.0212,0.0908,0.0696,0.0248,0.0065
44,Global,0.0196,0.0904,0.0708,0.0296,0.009
44,USA,0.0172,0.0639,0.0466,0.017,0.0044
44,East Asia,0.0125,0.0545,0.042,0.0152,0.0048
44,Southeast Asia,0.0414,0.1832,0.1418,0.0772,0.0348
44,Latin America,0.026,0.1099,0.0839,0.0373,0.0133
44,Africa & Middle East,0.0142,0.0713,0.0571,0.0279,0.0113
44,China,0.0123,0.0465,0.0342,0.0108,0.0019
44,India,0.0057,0.0254,0.0197,0.0099,0.0046
44,North Pacific,0.0188,0.0912,0.0725,0.0236,0.0036
44,Arctic,0.0038,0.1103,0.1065,0.0487,0.0066
44,Reykjavik FIR,0.005,0.0868,0.0819,0.0185,0.0012
44,Brussels FIR,0.0054,0.0274,0.022,0.0045,0.0002
44,Langen FIR,0.0103,0.042,0.0317,0.0082,0.001
44,Munchen FIR,0.0277,0.0896,0.0619,0.0172,0.0029
44,Bremen FIR,0.0363,0.1761,0.1397,0.0495,0.0104
44,Tallinn FIR,0.0131,0.1091,0.096,0.0324,0.0034
44,Helsinki FIR,0.0041,0.0446,0.0405,0.0118,0.0008
44,Shanwick FIR,0.0124,0.1215,0.109,0.0454,0.014
44,Scottish FIR,0.0192,0.1915,0.1723,0.0701,0.0207
44,London FIR,0.0095,0.0578,0.0483,0.0161,0.003
44,Amsterdam FIR,0.0177,0.0985,0.0808,0.0235,0.0043
44,Shannon FIR,0.007,0.0569,0.0498,0.0191,0.005
44,Copenhagen FIR,0.0373,0.2098,0.1724,0.0767,0.0205
44,Bodo Oceanic FIR,0.0015,0.0194,0.0179,0.0026,0.0001
44,Polaris FIR,0.0167,0.1057,0.089,0.0204,0.0052
44,Warszawa FIR,0.0356,0.2096,0.174,0.08,0.0196
44,Sweden FIR,0.015,0.1112,0.0962,0.035,0.0068
44,Riga FIR,0.0189,0.176,0.1571,0.0649,0.0083
44,Vilnius FIR,0.0188,0.2114,0.1926,0.0881,0.0181
44,Canarias FIR,0.0155,0.0743,0.0588,0.0293,0.013
44,Tirana FIR,0.0274,0.072,0.0446,0.0188,0.0091
44,Sofia FIR,0.0354,0.1188,0.0835,0.0226,0.0081
44,Nicosia FIR,0.0021,0.0074,0.0052,0.0002,0.0
44,Zagreb FIR,0.046,0.1449,0.0989,0.0377,0.0131
44,Barcelona FIR,0.0284,0.0895,0.0611,0.0113,0.0015
44,Madrid FIR,0.0193,0.0571,0.0378,0.0047,0.0006
44,Bordeaux FIR,0.0058,0.0272,0.0213,0.0066,0.0014
44,Reims FIR,0.006,0.016,0.01,0.0015,0.0
44,Paris FIR,0.0042,0.0133,0.0091,0.0017,0.0
44,Marseille FIR,0.0234,0.0637,0.0403,0.0152,0.0044
44,Brest FIR,0.0071,0.0258,0.0187,0.0039,0.0002
44,Athinai FIR,0.0092,0.0321,0.0228,0.0077,0.0018
44,Budapest FIR,0.058,0.1838,0.1258,0.0536,0.0133
44,Brindisi FIR,0.0232,0.0714,0.0482,0.017,0.0072
44,Milano FIR,0.0278,0.0652,0.0374,0.0075,0.0011
44,Roma FIR,0.0274,0.0653,0.038,0.012,0.0042
44,Ljubljana FIR,0.0617,0.1836,0.1219,0.0483,0.0166
44,Praha FIR,0.0304,0.1464,0.116,0.0389,0.0087
44,Malta FIR,0.0046,0.0112,0.0066,0.0009,0.0
44,Wien FIR,0.0548,0.1348,0.08,0.0253,0.0065
44,Lisboa FIR,0.0117,0.0351,0.0234,0.0064,0.0013
44,Santa Maria FIR,0.0221,0.091,0.0689,0.0213,0.0068
44,Sarajevo FIR,0.0492,0.1669,0.1177,0.0528,0.0231
44,Bucarest FIR,0.0518,0.1666,0.1148,0.039,0.009
44,Switzerland FIR,0.0213,0.0421,0.0208,0.0025,0.0006
44,Ankara FIR,0.0056,0.0167,0.0111,0.0027,0.0001
44,Istanbul FIR,0.0115,0.0289,0.0174,0.0044,0.0011
44,Chisinau FIR,0.0694,0.1765,0.1071,0.0492,0.0078
44,Skopje FIR,0.0384,0.1033,0.0649,0.0229,0.0087
44,Beograd FIR,0.0511,0.1599,0.1088,0.0441,0.0162
44,Bratislava  FIR,0.0661,0.185,0.1189,0.0448,0.0106
44,Yerevan FIR,0.0126,0.0386,0.026,0.0028,0.0
44,Tibilisi FIR,0.0116,0.0276,0.0161,0.002,0.0
44,Kiev FIR,0.0478,0.2092,0.1614,0.0688,0.0128
44,Dnipro FIR,0.0477,0.1652,0.1175,0.0424,0.0061
44,Simferopol FIR,0.0379,0.1063,0.0684,0.0187,0.0019
44,Lvov FIR,0.0417,0.2061,0.1644,0.0722,0.0143
44,Odessa FIR,0.0723,0.1697,0.0974,0.0413,0.0048
45,European Airspace,0.0172,0.1026,0.0853,0.0303,0.0063
45,North Atlantic,0.016,0.1075,0.0915,0.0281,0.0052
45,Continental Europe,0.0211,0.0932,0.072,0.0288,0.0058
45,Global,0.0199,0.0897,0.0699,0.0277,0.0079
45,USA,0.0122,0.0487,0.0365,0.0112,0.0029
45,East Asia,0.0178,0.0725,0.0547,0.02,0.006
45,Southeast Asia,0.0459,0.1943,0.1484,0.071,0.0287
45,Latin America,0.0291,0.124,0.0948,0.0417,0.0146
45,Africa & Middle East,0.014,0.0637,0.0497,0.0215,0.0075
45,China,0.016,0.0672,0.0513,0.0147,0.003
45,India,0.0107,0.0508,0.04,0.0179,0.0069
45,North Pacific,0.0177,0.0953,0.0776,0.0242,0.0037
45,Arctic,0.0021,0.1116,0.1095,0.0476,0.0087
45,Reykjavik FIR,0.0064,0.201,0.1946,0.0697,0.0125
45,Brussels FIR,0.0023,0.0267,0.0244,0.0087,0.0023
45,Langen FIR,0.0073,0.0405,0.0332,0.016,0.0027
45,Munchen FIR,0.0129,0.0984,0.0854,0.0496,0.01
45,Bremen FIR,0.0072,0.0729,0.0657,0.0353,0.0083
45,Tallinn FIR,0.0158,0.146,0.1301,0.0607,0.0126
45,Helsinki FIR,0.0302,0.203,0.1728,0.0483,0.008
45,Shanwick FIR,0.0177,0.1604,0.1427,0.0522,0.0109
45,Scottish FIR,0.012,0.1154,0.1034,0.0395,0.0084
45,London FIR,0.009,0.0668,0.0578,0.0207,0.0025
45,Amsterdam FIR,0.0029,0.0308,0.0279,0.0153,0.0034
45,Shannon FIR,0.0121,0.144,0.1319,0.0484,0.0113
45,Copenhagen FIR,0.0099,0.0805,0.0706,0.0279,0.0055
45,Bodo Oceanic FIR,0.0023,0.2003,0.198,0.0614,0.0066
45,Polaris FIR,0.0145,0.1796,0.1651,0.0475,0.0085
45,Warszawa FIR,0.0159,0.0803,0.0644,0.0289,0.008
45,Sweden FIR,0.025,0.1597,0.1347,0.0447,0.0096
45,Riga FIR,0.0149,0.1595,0.1446,0.084,0.0387
45,Vilnius FIR,0.0187,0.1189,0.1002,0.0484,0.0228
45,Canarias FIR,0.0236,0.1286,0.105,0.0557,0.0203
45,Tirana FIR,0.0367,0.0904,0.0537,0.0281,0.0055
45,Sofia FIR,0.0065,0.0216,0.0152,0.004,0.0005
45,Nicosia FIR,0.0043,0.0097,0.0053,0.0009,0.0
45,Zagreb FIR,0.0398,0.1188,0.0789,0.0471,0.0115
45,Barcelona FIR,0.0152,0.0509,0.0357,0.0148,0.003
45,Madrid FIR,0.0289,0.0967,0.0678,0.0211,0.0044
45,Bordeaux FIR,0.0167,0.0645,0.0478,0.0169,0.0014
45,Reims FIR,0.0123,0.0669,0.0546,0.0128,0.0009
45,Paris FIR,0.0055,0.0304,0.025,0.0094,0.0013
45,Marseille FIR,0.0356,0.1299,0.0942,0.0325,0.0054
45,Brest FIR,0.0203,0.0892,0.0689,0.0219,0.0021
45,Athinai FIR,0.0096,0.0316,0.022,0.0091,0.0018
45,Budapest FIR,0.0595,0.1748,0.1153,0.0553,0.0066
45,Brindisi FIR,0.0156,0.0505,0.0349,0.0154,0.0052
45,Milano FIR,0.0463,0.1468,0.1005,0.0487,0.0096
45,Roma FIR,0.0289,0.0821,0.0532,0.0181,0.0044
45,Ljubljana FIR,0.0453,0.1376,0.0923,0.0487,0.012
45,Praha FIR,0.0314,0.1247,0.0933,0.0461,0.0059
45,Malta FIR,0.0119,0.0371,0.0252,0.0068,0.001
45,Wien FIR,0.0356,0.1517,0.1161,0.0683,0.0164
45,Lisboa FIR,0.043,0.1345,0.0915,0.0302,0.0072
45,Santa Maria FIR,0.0306,0.1143,0.0837,0.0314,0.0103
45,Sarajevo FIR,0.0535,0.1512,0.0977,0.0576,0.0118
45,Bucarest FIR,0.0253,0.0602,0.0349,0.0104,0.0007
45,Switzerland FIR,0.0306,0.0918,0.0612,0.0199,0.0014
45,Ankara FIR,0.0089,0.033,0.0241,0.0111,0.0018
45,Istanbul FIR,0.0102,0.0378,0.0276,0.0148,0.0036
45,Chisinau FIR,0.0248,0.0635,0.0387,0.0114,0.0017
45,Skopje FIR,0.0277,0.0752,0.0475,0.0104,0.0006
45,Beograd FIR,0.0429,0.1199,0.0771,0.0343,0.0061
45,Bratislava  FIR,0.0536,0.1645,0.1108,0.0472,0.0075
45,Yerevan FIR,0.0045,0.0321,0.0276,0.0133,0.0008
45,Tibilisi FIR,0.007,0.041,0.034,0.0093,0.0007
45,Kiev FIR,0.0098,0.0822,0.0724,0.0322,0.0085
45,Dnipro FIR,0.0161,0.0973,0.0812,0.0214,0.0022
45,Simferopol FIR,0.0284,0.0733,0.0449,0.0186,0.0046
45,Lvov FIR,0.0218,0.081,0.0592,0.0284,0.0053
45,Odessa FIR,0.0272,0.0663,0.0391,0.0109,0.0009
46,European Airspace,0.0128,0.0836,0.0708,0.0232,0.0045
46,North Atlantic,0.0169,0.1315,0.1146,0.0362,0.0085
46,Continental Europe,0.0216,0.1007,0.0791,0.0254,0.0049
46,Global,0.0195,0.0907,0.0711,0.0285,0.0078
46,USA,0.0121,0.0445,0.0324,0.0082,0.0019
46,East Asia,0.0104,0.0462,0.0358,0.0113,0.0029
46,Southeast Asia,0.0417,0.1846,0.1429,0.0721,0.0297
46,Latin America,0.0226,0.1007,0.0782,0.0341,0.0124
46,Africa & Middle East,0.0112,0.0535,0.0422,0.0184,0.0066
46,China,0.014,0.0589,0.0449,0.0109,0.0015
46,India,0.0138,0.0645,0.0507,0.0252,0.0108
46,North Pacific,0.0183,0.114,0.0957,0.0311,0.0046
46,Arctic,0.0013,0.128,0.1266,0.0689,0.0152
46,Reykjavik FIR,0.0033,0.0937,0.0904,0.0216,0.0041
46,Brussels FIR,0.0148,0.1118,0.0969,0.0242,0.0019
46,Langen FIR,0.0137,0.0911,0.0775,0.0176,0.0025
46,Munchen FIR,0.0126,0.0823,0.0697,0.0114,0.0017
46,Bremen FIR,0.0094,0.1454,0.136,0.0565,0.0082
46,Tallinn FIR,0.0132,0.1201,0.1068,0.0345,0.0052
46,Helsinki FIR,0.0077,0.1298,0.1221,0.0408,0.004
46,Shanwick FIR,0.0184,0.1392,0.1208,0.0461,0.0131
46,Scottish FIR,0.0257,0.1207,0.0951,0.0381,0.0107
46,London FIR,0.0317,0.1775,0.1459,0.0631,0.0141
46,Amsterdam FIR,0.0126,0.1471,0.1345,0.0587,0.0083
46,Shannon FIR,0.0341,0.1848,0.1508,0.0557,0.0128
46,Copenhagen FIR,0.0098,0.1081,0.0983,0.0449,0.011
46,Bodo Oceanic FIR,0.0011,0.1308,0.1297,0.0419,0.0066
46,Polaris FIR,0.0123,0.1349,0.1226,0.0299,0.0055
46,Warszawa FIR,0.0108,0.088,0.0771,0.0259,0.0029
46,Sweden FIR,0.0094,0.1089,0.0995,0.0253,0.0043
46,Riga FIR,0.0112,0.1247,0.1135,0.049,0.0096
46,Vilnius FIR,0.0103,0.1151,0.1048,0.0478,0.0136
46,Canarias FIR,0.0085,0.0244,0.0159,0.0047,0.0012
46,Tirana FIR,0.0062,0.0518,0.0457,0.0152,0.0022
46,Sofia FIR,0.0066,0.0839,0.0773,0.0274,0.0028
46,Nicosia FIR,0.0014,0.0065,0.0051,0.0005,0.0
46,Zagreb FIR,0.0123,0.046,0.0337,0.0095,0.0021
46,Barcelona FIR,0.0309,0.1053,0.0743,0.0162,0.0023
46,Madrid FIR,0.0325,0.1063,0.0738,0.0171,0.0018
46,Bordeaux FIR,0.0255,0.101,0.0756,0.0271,0.0058
46,Reims FIR,0.0229,0.097,0.0741,0.0146,0.002
46,Paris FIR,0.0278,0.137,0.1091,0.0305,0.0061
46,Marseille FIR,0.0211,0.0853,0.0642,0.0185,0.0035
46,Brest FIR,0.039,0.1321,0.0931,0.0327,0.0059
46,Athinai FIR,0.0099,0.0439,0.034,0.0082,0.0005
46,Budapest FIR,0.0118,0.0634,0.0516,0.0123,0.0021
46,Brindisi FIR,0.0156,0.0631,0.0475,0.0139,0.0016
46,Milano FIR,0.0119,0.0654,0.0535,0.018,0.0045
46,Roma FIR,0.0185,0.0703,0.0518,0.0143,0.0021
46,Ljubljana FIR,0.0176,0.0412,0.0236,0.0079,0.0042
46,Praha FIR,0.0165,0.09,0.0735,0.0139,0.0002
46,Malta FIR,0.0053,0.0168,0.0115,0.0028,0.0002
46,Wien FIR,0.018,0.0644,0.0463,0.007,0.0013
46,Lisboa FIR,0.0188,0.069,0.0501,0.007,0.0004
46,Santa Maria FIR,0.0157,0.0575,0.0419,0.0138,0.0044
46,Sarajevo FIR,0.0066,0.0428,0.0361,0.0082,0.002
46,Bucarest FIR,0.0141,0.0666,0.0525,0.0141,0.0018
46,Switzerland FIR,0.0148,0.0797,0.0649,0.0153,0.0034
46,Ankara FIR,0.0206,0.072,0.0514,0.0154,0.0026
46,Istanbul FIR,0.0176,0.0911,0.0734,0.0207,0.003
46,Chisinau FIR,0.0068,0.0673,0.0605,0.0211,0.0029
46,Skopje FIR,0.004,0.0487,0.0448,0.019,0.001
46,Beograd FIR,0.0063,0.0483,0.042,0.0109,0.0018
46,Bratislava  FIR,0.0184,0.0834,0.065,0.0199,0.0019
46,Yerevan FIR,0.0242,0.0574,0.0332,0.0121,0.0012
46,Tibilisi FIR,0.0376,0.1374,0.0999,0.0335,0.0061
46,Kiev FIR,0.008,0.0732,0.0652,0.0236,0.0067
46,Dnipro FIR,0.0148,0.1218,0.107,0.0309,0.0046
46,Simferopol FIR,0.0211,0.135,0.1139,0.045,0.0081
46,Lvov FIR,0.0068,0.0517,0.0449,0.0172,0.0042
46,Odessa FIR,0.0053,0.0878,0.0825,0.0289,0.0026
47,European Airspace,0.0192,0.1212,0.102,0.0321,0.0075
47,North Atlantic,0.0201,0.1551,0.135,0.0415,0.0089
47,Continental Europe,0.0349,0.1794,0.1445,0.0335,0.0059
47,Global,0.0197,0.0926,0.0729,0.0283,0.008
47,USA,0.0183,0.0718,0.0535,0.014,0.004
47,East Asia,0.0059,0.0246,0.0187,0.006,0.001
47,Southeast Asia,0.0445,0.1974,0.153,0.072,0.0257
47,Latin America,0.0288,0.119,0.0903,0.0399,0.0139
47,Africa & Middle East,0.011,0.0518,0.0408,0.0176,0.0063
47,China,0.0115,0.0463,0.0348,0.0101,0.0013
47,India,0.0161,0.0794,0.0633,0.0328,0.0149
47,North Pacific,0.019,0.1234,0.1044,0.0328,0.0066
47,Arctic,0.0007,0.1086,0.1079,0.0367,0.004
47,Reykjavik FIR,0.0023,0.0423,0.0399,0.0151,0.0042
47,Brussels FIR,0.0466,0.2718,0.2252,0.0484,0.0088
47,Langen FIR,0.046,0.2486,0.2027,0.0442,0.0097
47,Munchen FIR,0.0389,0.2135,0.1746,0.0365,0.0088
47,Bremen FIR,0.0228,0.1776,0.1548,0.0381,0.0069
47,Tallinn FIR,0.0078,0.0987,0.0909,0.0339,0.0057
47,Helsinki FIR,0.0034,0.0983,0.095,0.0286,0.0057
47,Shanwick FIR,0.0237,0.1906,0.167,0.0525,0.0102
47,Scottish FIR,0.0133,0.111,0.0977,0.0219,0.0029
47,London FIR,0.026,0.2472,0.2213,0.0518,0.004
47,Amsterdam FIR,0.033,0.2105,0.1776,0.0463,0.0065
47,Shannon FIR,0.0251,0.1987,0.1736,0.0375,0.0024
47,Copenhagen FIR,0.0211,0.151,0.1299,0.0295,0.0033
47,Bodo Oceanic FIR,0.0016,0.1468,0.1452,0.0568,0.0137
47,Polaris FIR,0.0111,0.1725,0.1614,0.0682,0.0214
47,Warszawa FIR,0.0173,0.1376,0.1203,0.0267,0.0044
47,Sweden FIR,0.0144,0.1427,0.1283,0.0478,0.0112
47,Riga FIR,0.0076,0.1065,0.0989,0.0403,0.0077
47,Vilnius FIR,0.0071,0.0976,0.0905,0.026,0.0016
47,Canarias FIR,0.0063,0.0204,0.0141,0.0032,0.0007
47,Tirana FIR,0.0444,0.1279,0.0836,0.0059,0.0006
47,Sofia FIR,0.0424,0.153,0.1106,0.0313,0.0064
47,Nicosia FIR,0.0036,0.0101,0.0065,0.0004,0.0
47,Zagreb FIR,0.0476,0.2218,0.1743,0.033,0.0028
47,Barcelona FIR,0.0467,0.1369,0.0902,0.0154,0.0033
47,Madrid FIR,0.0585,0.2073,0.1488,0.0333,0.0085
47,Bordeaux FIR,0.0548,0.29,0.2352,0.0576,0.0143
47,Reims FIR,0.0459,0.2722,0.2264,0.055,0.0109
47,Paris FIR,0.0404,0.2808,0.2403,0.0585,0.0108
47,Marseille FIR,0.0447,0.2004,0.1557,0.0306,0.0077
47,Brest FIR,0.0453,0.3209,0.2756,0.0795,0.017
47,Athinai FIR,0.0148,0.0483,0.0335,0.0047,0.0004
47,Budapest FIR,0.0448,0.2001,0.1553,0.0266,0.0026
47,Brindisi FIR,0.0424,0.1377,0.0952,0.0088,0.0004
47,Milano FIR,0.0528,0.2493,0.1965,0.05,0.0074
47,Roma FIR,0.0322,0.1003,0.068,0.0103,0.0013
47,Ljubljana FIR,0.0555,0.2433,0.1878,0.0439,0.0066
47,Praha FIR,0.0168,0.1642,0.1474,0.028,0.007
47,Malta FIR,0.0084,0.0306,0.0222,0.0038,0.0006
47,Wien FIR,0.0541,0.2027,0.1486,0.032,0.0057
47,Lisboa FIR,0.0387,0.1409,0.1021,0.034,0.0111
47,Santa Maria FIR,0.0307,0.1278,0.0971,0.0449,0.0172
47,Sarajevo FIR,0.0513,0.2122,0.161,0.0341,0.003
47,Bucarest FIR,0.0483,0.214,0.1657,0.0508,0.0116
47,Switzerland FIR,0.0522,0.2592,0.207,0.0547,0.0057
47,Ankara FIR,0.0236,0.0878,0.0642,0.0116,0.0012
47,Istanbul FIR,0.0171,0.0774,0.0603,0.0142,0.0017
47,Chisinau FIR,0.0361,0.2241,0.188,0.0733,0.0173
47,Skopje FIR,0.0472,0.1374,0.0903,0.0109,0.0021
47,Beograd FIR,0.0594,0.1983,0.1389,0.0293,0.0035
47,Bratislava  FIR,0.0207,0.1389,0.1182,0.0179,0.004
47,Yerevan FIR,0.022,0.0741,0.0521,0.014,0.0017
47,Tibilisi FIR,0.0244,0.1304,0.106,0.0322,0.0081
47,Kiev FIR,0.0249,0.197,0.172,0.0623,0.0159
47,Dnipro FIR,0.0517,0.3028,0.2511,0.101,0.0295
47,Simferopol FIR,0.0547,0.2193,0.1645,0.0565,0.0132
47,Lvov FIR,0.0311,0.1571,0.126,0.0334,0.0091
47,Odessa FIR,0.0382,0.2438,0.2056,0.0823,0.02
48,European Airspace,0.0148,0.1038,0.089,0.0274,0.0049
48,North Atlantic,0.0172,0.1464,0.1292,0.0416,0.0066
48,Continental Europe,0.0262,0.1309,0.1047,0.0325,0.0078
48,Global,0.019,0.0901,0.071,0.0278,0.0072
48,USA,0.0214,0.0818,0.0604,0.0165,0.0026
48,East Asia,0.0081,0.0387,0.0306,0.0084,0.0023
48,Southeast Asia,0.0516,0.2182,0.1665,0.0752,0.0249
48,Latin America,0.022,0.0866,0.0646,0.0275,0.0099
48,Africa & Middle East,0.0109,0.0473,0.0363,0.0152,0.0054
48,China,0.0109,0.0526,0.0416,0.0114,0.0021
48,India,0.0263,0.1232,0.0969,0.0455,0.0187
48,North Pacific,0.0165,0.1204,0.1039,0.0337,0.0048
48,Arctic,0.0003,0.1048,0.1045,0.0405,0.004
48,Reykjavik FIR,0.0031,0.1244,0.1214,0.0408,0.0045
48,Brussels FIR,0.0271,0.1302,0.1032,0.0327,0.0125
48,Langen FIR,0.0192,0.1027,0.0835,0.02,0.0032
48,Munchen FIR,0.0165,0.0765,0.06,0.0148,0.0015
48,Bremen FIR,0.0181,0.1125,0.0943,0.0354,0.0105
48,Tallinn FIR,0.0086,0.2504,0.2418,0.0966,0.0218
48,Helsinki FIR,0.0048,0.2184,0.2136,0.0618,0.0128
48,Shanwick FIR,0.0143,0.1461,0.1317,0.0382,0.0053
48,Scottish FIR,0.0128,0.1816,0.1689,0.0478,0.0048
48,London FIR,0.0232,0.1591,0.1359,0.0488,0.0141
48,Amsterdam FIR,0.0205,0.1218,0.1014,0.0451,0.0176
48,Shannon FIR,0.0095,0.1774,0.1679,0.0559,0.0099
48,Copenhagen FIR,0.0149,0.149,0.134,0.0515,0.0124
48,Bodo Oceanic FIR,0.0004,0.0877,0.0873,0.031,0.0036
48,Polaris FIR,0.004,0.1907,0.1867,0.0431,0.0071
48,Warszawa FIR,0.0187,0.1002,0.0815,0.0194,0.0041
48,Sweden FIR,0.0098,0.2003,0.1905,0.0569,0.0119
48,Riga FIR,0.0208,0.2327,0.2119,0.0746,0.02
48,Vilnius FIR,0.023,0.2173,0.1943,0.0555,0.0135
48,Canarias FIR,0.0164,0.0594,0.0431,0.0165,0.0035
48,Tirana FIR,0.0205,0.0769,0.0564,0.0055,0.0005
48,Sofia FIR,0.0302,0.1506,0.1204,0.0271,0.0053
48,Nicosia FIR,0.0002,0.0007,0.0004,0.0,0.0
48,Zagreb FIR,0.0246,0.111,0.0864,0.0137,0.0012
48,Barcelona FIR,0.024,0.087,0.063,0.0315,0.0156
48,Madrid FIR,0.0625,0.2004,0.138,0.0482,0.015
48,Bordeaux FIR,0.05,0.1562,0.1062,0.0232,0.0034
48,Reims FIR,0.0274,0.1317,0.1044,0.0209,0.0018
48,Paris FIR,0.0502,0.1808,0.1305,0.0385,0.0071
48,Marseille FIR,0.0249,0.0866,0.0617,0.0221,0.0045
48,Brest FIR,0.0361,0.1592,0.1231,0.0373,0.0101
48,Athinai FIR,0.0099,0.0352,0.0253,0.0038,0.0004
48,Budapest FIR,0.0306,0.1205,0.09,0.02,0.0018
48,Brindisi FIR,0.0078,0.04,0.0322,0.0073,0.0012
48,Milano FIR,0.0147,0.0982,0.0834,0.017,0.0008
48,Roma FIR,0.0091,0.0283,0.0193,0.0033,0.0003
48,Ljubljana FIR,0.0239,0.1118,0.0878,0.0085,0.0007
48,Praha FIR,0.0172,0.0735,0.0562,0.0103,0.0012
48,Malta FIR,0.0053,0.0152,0.0099,0.0035,0.0005
48,Wien FIR,0.0211,0.0946,0.0736,0.01,0.0005
48,Lisboa FIR,0.0602,0.2034,0.1432,0.0527,0.0162
48,Santa Maria FIR,0.0321,0.1135,0.0814,0.0344,0.013
48,Sarajevo FIR,0.0333,0.1276,0.0943,0.0158,0.0014
48,Bucarest FIR,0.0206,0.1367,0.1161,0.0397,0.0053
48,Switzerland FIR,0.0099,0.0978,0.0879,0.0131,0.0005
48,Ankara FIR,0.0041,0.0196,0.0155,0.0041,0.0004
48,Istanbul FIR,0.0198,0.0582,0.0384,0.0122,0.0037
48,Chisinau FIR,0.0085,0.0855,0.077,0.0271,0.0037
48,Skopje FIR,0.0244,0.1148,0.0904,0.0076,0.0004
48,Beograd FIR,0.0309,0.1436,0.1127,0.0214,0.0018
48,Bratislava  FIR,0.0209,0.0984,0.0776,0.0176,0.0034
48,Yerevan FIR,0.0089,0.0493,0.0404,0.0098,0.0006
48,Tibilisi FIR,0.007,0.0538,0.0468,0.0089,0.0004
48,Kiev FIR,0.0122,0.1143,0.1022,0.0252,0.0037
48,Dnipro FIR,0.0083,0.0896,0.0812,0.0293,0.0051
48,Simferopol FIR,0.0161,0.0932,0.077,0.02,0.0016
48,Lvov FIR,0.0085,0.0656,0.0571,0.0182,0.0047
48,Odessa FIR,0.0127,0.0853,0.0727,0.0234,0.0024
49,European Airspace,0.0168,0.1242,0.1073,0.0398,0.0082
49,North Atlantic,0.017,0.1325,0.1155,0.0319,0.0063
49,Continental Europe,0.0233,0.1169,0.0936,0.0241,0.0029
49,Global,0.0193,0.0938,0.0744,0.0301,0.0084
49,USA,0.016,0.0634,0.0474,0.012,0.0024
49,East Asia,0.0046,0.0185,0.0139,0.0048,0.0016
49,Southeast Asia,0.0532,0.2382,0.185,0.0883,0.0307
49,Latin America,0.0181,0.0879,0.0698,0.0308,0.0109
49,Africa & Middle East,0.0143,0.0734,0.0591,0.028,0.0111
49,China,0.0084,0.034,0.0257,0.008,0.001
49,India,0.0173,0.0748,0.0574,0.0272,0.0123
49,North Pacific,0.0159,0.1128,0.0968,0.0335,0.0055
49,Arctic,0.0001,0.1305,0.1304,0.0617,0.0116
49,Reykjavik FIR,0.0029,0.1872,0.1843,0.0681,0.0151
49,Brussels FIR,0.0049,0.0998,0.0948,0.0179,0.0001
49,Langen FIR,0.0165,0.1069,0.0904,0.0145,0.0004
49,Munchen FIR,0.0211,0.1193,0.0982,0.0231,0.0012
49,Bremen FIR,0.0066,0.0966,0.09,0.0225,0.0014
49,Tallinn FIR,0.0042,0.1082,0.104,0.0534,0.0067
49,Helsinki FIR,0.0044,0.1402,0.1358,0.0618,0.0137
49,Shanwick FIR,0.0168,0.173,0.1562,0.0448,0.0084
49,Scottish FIR,0.0097,0.1083,0.0987,0.0312,0.0068
49,London FIR,0.0234,0.1016,0.0782,0.0161,0.0005
49,Amsterdam FIR,0.0036,0.0694,0.0658,0.0147,0.0002
49,Shannon FIR,0.02,0.1232,0.1033,0.0182,0.0006
49,Copenhagen FIR,0.0037,0.1269,0.1232,0.0329,0.0034
49,Bodo Oceanic FIR,0.0003,0.1859,0.1856,0.0941,0.0221
49,Polaris FIR,0.003,0.1811,0.1781,0.0757,0.013
49,Warszawa FIR,0.0056,0.1096,0.104,0.0451,0.0081
49,Sweden FIR,0.0069,0.1752,0.1683,0.0714,0.0116
49,Riga FIR,0.0071,0.1374,0.1303,0.0662,0.0113
49,Vilnius FIR,0.0061,0.1661,0.1601,0.0833,0.013
49,Canarias FIR,0.0149,0.0625,0.0475,0.0188,0.0062
49,Tirana FIR,0.0102,0.1435,0.1333,0.028,0.0014
49,Sofia FIR,0.021,0.1723,0.1513,0.0452,0.0046
49,Nicosia FIR,0.0126,0.0469,0.0343,0.0085,0.0001
49,Zagreb FIR,0.014,0.1104,0.0964,0.0278,0.0018
49,Barcelona FIR,0.0546,0.1399,0.0853,0.0192,0.0036
49,Madrid FIR,0.0318,0.1241,0.0923,0.0209,0.0027
49,Bordeaux FIR,0.0404,0.1425,0.1021,0.0255,0.004
49,Reims FIR,0.0167,0.1107,0.094,0.0159,0.0005
49,Paris FIR,0.0172,0.0998,0.0826,0.0125,0.0005
49,Marseille FIR,0.0375,0.1191,0.0815,0.02,0.0031
49,Brest FIR,0.0386,0.1512,0.1126,0.0262,0.0039
49,Athinai FIR,0.0278,0.1016,0.0738,0.0177,0.0017
49,Budapest FIR,0.0067,0.0941,0.0874,0.0248,0.0024
49,Brindisi FIR,0.0174,0.12,0.1026,0.0248,0.0014
49,Milano FIR,0.0153,0.0817,0.0664,0.0166,0.0018
49,Roma FIR,0.0252,0.0958,0.0706,0.0175,0.0009
49,Ljubljana FIR,0.0121,0.1184,0.1063,0.0223,0.0006
49,Praha FIR,0.0101,0.1228,0.1127,0.0306,0.0025
49,Malta FIR,0.0221,0.0902,0.0681,0.0168,0.0008
49,Wien FIR,0.0126,0.1361,0.1235,0.0324,0.0018
49,Lisboa FIR,0.0386,0.1183,0.0796,0.0218,0.0057
49,Santa Maria FIR,0.0246,0.1026,0.078,0.0256,0.0064
49,Sarajevo FIR,0.0164,0.1264,0.11,0.0347,0.0016
49,Bucarest FIR,0.01,0.1643,0.1544,0.0626,0.0107
49,Switzerland FIR,0.0218,0.112,0.0902,0.0158,0.0001
49,Ankara FIR,0.0162,0.0775,0.0613,0.018,0.0019
49,Istanbul FIR,0.0274,0.1213,0.0939,0.0332,0.0055
49,Chisinau FIR,0.0033,0.1393,0.1359,0.0637,0.0165
49,Skopje FIR,0.0191,0.149,0.13,0.0241,0.0016
49,Beograd FIR,0.0135,0.1408,0.1273,0.0375,0.0028
49,Bratislava  FIR,0.0079,0.1023,0.0944,0.0344,0.0054
49,Yerevan FIR,0.0101,0.0474,0.0373,0.0099,0.0001
49,Tibilisi FIR,0.0096,0.0637,0.054,0.0151,0.0005
49,Kiev FIR,0.0065,0.1684,0.1619,0.0991,0.0329
49,Dnipro FIR,0.01,0.1385,0.1285,0.067,0.0176
49,Simferopol FIR,0.0348,0.1589,0.1241,0.0546,0.0099
49,Lvov FIR,0.0031,0.161,0.1579,0.0942,0.0266
49,Odessa FIR,0.0173,0.162,0.1447,0.0651,0.0168
50,European Airspace,0.014,0.123,0.1089,0.0328,0.0064
50,North Atlantic,0.0153,0.1806,0.1653,0.0578,0.0157
50,Continental Europe,0.0119,0.0886,0.0767,0.019,0.0033
50,Global,0.019,0.0935,0.0745,0.0298,0.0081
50,USA,0.0229,0.0956,0.0727,0.02,0.0036
50,East Asia,0.0056,0.0298,0.0242,0.0105,0.0038
50,Southeast Asia,0.0538,0.2399,0.1861,0.0877,0.0304
50,Latin America,0.0253,0.1037,0.0783,0.0347,0.0122
50,Africa & Middle East,0.0145,0.0708,0.0563,0.0264,0.0102
50,China,0.0096,0.0427,0.0331,0.0108,0.0023
50,India,0.0205,0.083,0.0625,0.0271,0.0107
50,North Pacific,0.0162,0.1285,0.1124,0.0377,0.0063
50,Arctic,0.0,0.1424,0.1424,0.065,0.0109
50,Reykjavik FIR,0.0031,0.2337,0.2306,0.0619,0.0069
50,Brussels FIR,0.0177,0.1154,0.0976,0.0164,0.0004
50,Langen FIR,0.0126,0.1119,0.0993,0.0229,0.0007
50,Munchen FIR,0.0086,0.097,0.0884,0.0241,0.0007
50,Bremen FIR,0.0076,0.1292,0.1216,0.0303,0.0037
50,Tallinn FIR,0.0224,0.1991,0.1766,0.0249,0.0009
50,Helsinki FIR,0.0102,0.1648,0.1546,0.0276,0.0009
50,Shanwick FIR,0.0141,0.2377,0.2236,0.0893,0.0294
50,Scottish FIR,0.0316,0.3288,0.2973,0.0852,0.0244
50,London FIR,0.0189,0.1378,0.1189,0.0219,0.0011
50,Amsterdam FIR,0.0136,0.1449,0.1313,0.0268,0.0007
50,Shannon FIR,0.0164,0.1609,0.1445,0.0374,0.0084
50,Copenhagen FIR,0.0181,0.1936,0.1754,0.0387,0.0061
50,Bodo Oceanic FIR,0.0008,0.1969,0.1961,0.0629,0.0177
50,Polaris FIR,0.0161,0.2705,0.2544,0.0408,0.0053
50,Warszawa FIR,0.0073,0.0836,0.0762,0.0184,0.0023
50,Sweden FIR,0.0224,0.2055,0.1831,0.0253,0.0013
50,Riga FIR,0.0201,0.1378,0.1177,0.0174,0.0014
50,Vilnius FIR,0.0155,0.108,0.0925,0.0261,0.0031
50,Canarias FIR,0.0278,0.1056,0.0778,0.0321,0.0089
50,Tirana FIR,0.0036,0.0199,0.0163,0.0042,0.0
50,Sofia FIR,0.0085,0.0463,0.0378,0.0172,0.0051
50,Nicosia FIR,0.0367,0.1196,0.0829,0.0292,0.0018
50,Zagreb FIR,0.0025,0.0365,0.034,0.0123,0.0009
50,Barcelona FIR,0.0035,0.0105,0.0069,0.0015,0.0002
50,Madrid FIR,0.0085,0.0253,0.0168,0.0047,0.0009
50,Bordeaux FIR,0.0083,0.0284,0.02,0.0049,0.0001
50,Reims FIR,0.0083,0.0801,0.0719,0.0235,0.0013
50,Paris FIR,0.0112,0.0726,0.0614,0.0182,0.0004
50,Marseille FIR,0.0032,0.0157,0.0125,0.0032,0.0001
50,Brest FIR,0.0068,0.0265,0.0197,0.0058,0.0002
50,Athinai FIR,0.0189,0.0683,0.0494,0.0139,0.0007
50,Budapest FIR,0.0065,0.0811,0.0746,0.0264,0.0047
50,Brindisi FIR,0.0043,0.0171,0.0128,0.0048,0.0001
50,Milano FIR,0.0037,0.0256,0.0218,0.005,0.0002
50,Roma FIR,0.0028,0.0129,0.0101,0.0044,0.0006
50,Ljubljana FIR,0.0051,0.0399,0.0348,0.0145,0.0016
50,Praha FIR,0.0042,0.1004,0.0961,0.021,0.0004
50,Malta FIR,0.0083,0.0312,0.0229,0.0076,0.0003
50,Wien FIR,0.0053,0.0818,0.0765,0.0228,0.001
50,Lisboa FIR,0.0208,0.0652,0.0444,0.0123,0.0024
50,Santa Maria FIR,0.0192,0.0804,0.0612,0.0173,0.0043
50,Sarajevo FIR,0.0023,0.0554,0.0531,0.0184,0.0007
50,Bucarest FIR,0.0099,0.0673,0.0574,0.0201,0.0036
50,Switzerland FIR,0.0047,0.0731,0.0683,0.0205,0.0014
50,Ankara FIR,0.0253,0.1059,0.0806,0.021,0.0023
50,Istanbul FIR,0.0124,0.076,0.0636,0.0167,0.0018
50,Chisinau FIR,0.0062,0.0714,0.0652,0.0301,0.0046
50,Skopje FIR,0.0043,0.0232,0.019,0.004,0.0005
50,Beograd FIR,0.0077,0.0445,0.0368,0.0112,0.0012
50,Bratislava  FIR,0.006,0.0915,0.0855,0.0231,0.0023
50,Yerevan FIR,0.021,0.079,0.058,0.0185,0.002
50,Tibilisi FIR,0.0253,0.0881,0.0628,0.0142,0.0028
50,Kiev FIR,0.0032,0.0928,0.0896,0.0456,0.01
50,Dnipro FIR,0.005,0.1508,0.1458,0.0571,0.0082
50,Simferopol FIR,0.0072,0.0878,0.0806,0.031,0.0065
50,Lvov FIR,0.0043,0.0789,0.0746,0.0261,0.006
50,Odessa FIR,0.0043,0.0743,0.07,0.0272,0.0055
51,European Airspace,0.0146,0.117,0.1024,0.0356,0.0079
51,North Atlantic,0.0221,0.1845,0.1624,0.053,0.0132
51,Continental Europe,0.0222,0.1445,0.1224,0.0349,0.0071
51,Global,0.0192,0.0928,0.0736,0.0291,0.0082
51,USA,0.0182,0.0823,0.0641,0.0147,0.0026
51,East Asia,0.0057,0.03,0.0242,0.0091,0.0028
51,Southeast Asia,0.0523,0.2181,0.1659,0.0802,0.0296
51,Latin America,0.0276,0.1086,0.081,0.0346,0.0126
51,Africa & Middle East,0.0133,0.0615,0.0483,0.0215,0.0075
51,China,0.0097,0.0516,0.042,0.0147,0.0032
51,India,0.0163,0.081,0.0646,0.0294,0.0116
51,North Pacific,0.0177,0.1345,0.1167,0.0387,0.0074
51,Arctic,0.0,0.1523,0.1522,0.0724,0.019
51,Reykjavik FIR,0.0024,0.1411,0.1386,0.0621,0.0139
51,Brussels FIR,0.0199,0.1878,0.1679,0.0425,0.0119
51,Langen FIR,0.0218,0.2066,0.1848,0.0508,0.0142
51,Munchen FIR,0.0283,0.2136,0.1853,0.0484,0.0095
51,Bremen FIR,0.0164,0.2264,0.21,0.0691,0.0132
51,Tallinn FIR,0.0095,0.1638,0.1543,0.0549,0.0054
51,Helsinki FIR,0.0027,0.1489,0.1462,0.0496,0.0055
51,Shanwick FIR,0.0244,0.21,0.1856,0.0608,0.0143
51,Scottish FIR,0.0103,0.2192,0.209,0.0527,0.0062
51,London FIR,0.0216,0.185,0.1634,0.045,0.0073
51,Amsterdam FIR,0.0228,0.2112,0.1884,0.0598,0.011
51,Shannon FIR,0.0143,0.1807,0.1664,0.0513,0.0081
51,Copenhagen FIR,0.0195,0.2207,0.2011,0.0595,0.0073
51,Bodo Oceanic FIR,0.0002,0.2049,0.2048,0.1118,0.0487
51,Polaris FIR,0.0076,0.1531,0.1454,0.0409,0.006
51,Warszawa FIR,0.0205,0.2784,0.2579,0.0779,0.0168
51,Sweden FIR,0.0061,0.1571,0.1511,0.0446,0.0053
51,Riga FIR,0.0117,0.194,0.1823,0.0714,0.0076
51,Vilnius FIR,0.0112,0.231,0.2198,0.0802,0.0159
51,Canarias FIR,0.0127,0.0476,0.0349,0.0132,0.0033
51,Tirana FIR,0.004,0.0565,0.0526,0.0164,0.002
51,Sofia FIR,0.017,0.0737,0.0567,0.0152,0.0021
51,Nicosia FIR,0.006,0.0264,0.0204,0.0068,0.0001
51,Zagreb FIR,0.0371,0.1228,0.0857,0.0254,0.0049
51,Barcelona FIR,0.0263,0.0706,0.0443,0.0111,0.0037
51,Madrid FIR,0.0328,0.1117,0.0789,0.0221,0.0069
51,Bordeaux FIR,0.0307,0.1586,0.1278,0.0383,0.014
51,Reims FIR,0.0271,0.1892,0.1621,0.0448,0.0116
51,Paris FIR,0.0275,0.1862,0.1588,0.0448,0.0144
51,Marseille FIR,0.0243,0.0879,0.0637,0.0206,0.0067
51,Brest FIR,0.0324,0.1811,0.1487,0.049,0.011
51,Athinai FIR,0.0063,0.0193,0.013,0.0028,0.0002
51,Budapest FIR,0.0534,0.1916,0.1382,0.0341,0.0063
51,Brindisi FIR,0.0095,0.052,0.0425,0.0106,0.001
51,Milano FIR,0.027,0.1346,0.1076,0.0277,0.0052
51,Roma FIR,0.0113,0.0433,0.032,0.0075,0.001
51,Ljubljana FIR,0.0563,0.1822,0.1259,0.0286,0.0051
51,Praha FIR,0.0358,0.2227,0.187,0.0432,0.0083
51,Malta FIR,0.0003,0.002,0.0016,0.0,0.0
51,Wien FIR,0.0463,0.1955,0.1492,0.0344,0.0063
51,Lisboa FIR,0.0335,0.1122,0.0788,0.0298,0.0083
51,Santa Maria FIR,0.0271,0.1138,0.0867,0.0342,0.0124
51,Sarajevo FIR,0.0363,0.1265,0.0902,0.0294,0.0062
51,Bucarest FIR,0.0412,0.163,0.1218,0.0297,0.0039
51,Switzerland FIR,0.0237,0.1638,0.14,0.0342,0.0092
51,Ankara FIR,0.0102,0.0539,0.0437,0.0052,0.0003
51,Istanbul FIR,0.0046,0.0288,0.0242,0.0044,0.0003
51,Chisinau FIR,0.0381,0.1713,0.1333,0.0432,0.0079
51,Skopje FIR,0.0127,0.0754,0.0627,0.0195,0.002
51,Beograd FIR,0.0256,0.1233,0.0977,0.0319,0.0047
51,Bratislava  FIR,0.0353,0.2256,0.1903,0.0404,0.0093
51,Yerevan FIR,0.0205,0.0836,0.0631,0.0165,0.0033
51,Tibilisi FIR,0.0108,0.0704,0.0596,0.0076,0.0009
51,Kiev FIR,0.0243,0.2202,0.1959,0.0721,0.0198
51,Dnipro FIR,0.0249,0.1667,0.1419,0.0442,0.0064
51,Simferopol FIR,0.0202,0.1302,0.11,0.0223,0.0022
51,Lvov FIR,0.0243,0.226,0.2017,0.0608,0.0174
51,Odessa FIR,0.0318,0.1789,0.1472,0.0393,0.0061
52,European Airspace,0.0101,0.096,0.0859,0.0283,0.0061
52,North Atlantic,0.0182,0.1577,0.1395,0.0471,0.012
52,Continental Europe,0.0106,0.0867,0.0762,0.0232,0.0059
52,Global,0.0176,0.0892,0.0715,0.0286,0.0077
52,USA,0.0172,0.0872,0.07,0.0176,0.0032
52,East Asia,0.0059,0.0316,0.0257,0.0094,0.0025
52,Southeast Asia,0.0585,0.2432,0.1847,0.089,0.0335
52,Latin America,0.0285,0.1232,0.0947,0.0439,0.0168
52,Africa & Middle East,0.012,0.0608,0.0488,0.0227,0.0084
52,China,0.0082,0.0365,0.0283,0.0076,0.0006
52,India,0.0055,0.024,0.0185,0.0083,0.0036
52,North Pacific,0.0148,0.1248,0.11,0.0392,0.0068
52,Arctic,0.0,0.1538,0.1538,0.0628,0.0109
52,Reykjavik FIR,0.0013,0.0853,0.084,0.0215,0.0027
52,Brussels FIR,0.0207,0.1219,0.1012,0.0289,0.0056
52,Langen FIR,0.0196,0.077,0.0574,0.0193,0.0057
52,Munchen FIR,0.0144,0.0478,0.0333,0.0142,0.003
52,Bremen FIR,0.0232,0.145,0.1217,0.049,0.0129
52,Tallinn FIR,0.0129,0.177,0.1642,0.0484,0.0068
52,Helsinki FIR,0.0048,0.177,0.1722,0.0623,0.0111
52,Shanwick FIR,0.022,0.2292,0.2071,0.0749,0.0241
52,Scottish FIR,0.0255,0.3246,0.2991,0.0796,0.0232
52,London FIR,0.0106,0.1078,0.0973,0.0355,0.0133
52,Amsterdam FIR,0.0164,0.1421,0.1257,0.0552,0.0155
52,Shannon FIR,0.0191,0.2099,0.1907,0.075,0.021
52,Copenhagen FIR,0.0209,0.2318,0.211,0.0968,0.0313
52,Bodo Oceanic FIR,0.0003,0.1283,0.128,0.0517,0.0127
52,Polaris FIR,0.0081,0.214,0.2059,0.0443,0.0105
52,Warszawa FIR,0.0238,0.1596,0.1358,0.0499,0.0078
52,Sweden FIR,0.0116,0.2108,0.1992,0.0636,0.0097
52,Riga FIR,0.014,0.1857,0.1716,0.0537,0.0038
52,Vilnius FIR,0.014,0.1871,0.1731,0.0533,0.0055
52,Canarias FIR,0.0035,0.0122,0.0087,0.0025,0.0002
52,Tirana FIR,0.0243,0.0858,0.0615,0.0133,0.001
52,Sofia FIR,0.0178,0.1582,0.1403,0.0345,0.0049
52,Nicosia FIR,0.0044,0.0149,0.0105,0.0014,0.0
52,Zagreb FIR,0.012,0.0513,0.0394,0.0029,0.0001
52,Barcelona FIR,0.0024,0.0061,0.0038,0.0,0.0
52,Madrid FIR,0.0012,0.0064,0.0052,0.001,0.0001
52,Bordeaux FIR,0.0022,0.0173,0.0151,0.0025,0.0007
52,Reims FIR,0.013,0.0592,0.0462,0.007,0.0015
52,Paris FIR,0.0144,0.0879,0.0735,0.0143,0.0024
52,Marseille FIR,0.0024,0.006,0.0036,0.0,0.0
52,Brest FIR,0.0033,0.0231,0.0198,0.0068,0.003
52,Athinai FIR,0.0117,0.0585,0.0468,0.0096,0.0005
52,Budapest FIR,0.0137,0.1033,0.0896,0.015,0.0016
52,Brindisi FIR,0.0084,0.0365,0.0281,0.0046,0.0002
52,Milano FIR,0.0039,0.0171,0.0132,0.0022,0.0
52,Roma FIR,0.0054,0.0163,0.0109,0.0015,0.0
52,Ljubljana FIR,0.0055,0.0441,0.0387,0.0081,0.0001
52,Praha FIR,0.0218,0.0612,0.0394,0.0111,0.0026
52,Malta FIR,0.0062,0.0149,0.0087,0.001,0.0
52,Wien FIR,0.0071,0.0365,0.0293,0.0087,0.0009
52,Lisboa FIR,0.0093,0.0346,0.0253,0.0061,0.0004
52,Santa Maria FIR,0.0253,0.1028,0.0775,0.0238,0.0065
52,Sarajevo FIR,0.0096,0.0638,0.0542,0.0032,0.0002
52,Bucarest FIR,0.0198,0.1632,0.1434,0.0327,0.0038
52,Switzerland FIR,0.0015,0.0222,0.0207,0.0055,0.0005
52,Ankara FIR,0.0256,0.1339,0.1082,0.0322,0.0023
52,Istanbul FIR,0.0191,0.1256,0.1065,0.0291,0.0026
52,Chisinau FIR,0.0171,0.163,0.1459,0.04,0.0023
52,Skopje FIR,0.0202,0.0886,0.0684,0.0108,0.0013
52,Beograd FIR,0.0126,0.0891,0.0765,0.0103,0.0006
52,Bratislava  FIR,0.0236,0.1197,0.0961,0.0216,0.0036
52,Yerevan FIR,0.0223,0.118,0.0957,0.0336,0.0025
52,Tibilisi FIR,0.0278,0.1849,0.1571,0.0391,0.0028
52,Kiev FIR,0.0099,0.1305,0.1207,0.0509,0.0098
52,Dnipro FIR,0.0059,0.0748,0.069,0.024,0.0019
52,Simferopol FIR,0.0217,0.1432,0.1215,0.0459,0.0047
52,Lvov FIR,0.0221,0.1666,0.1445,0.0459,0.0093
52,Odessa FIR,0.0169,0.1135,0.0966,0.0266,0.0032
