time_label,region,+80th-percentile,+95th-percentile,Negative,Non-zero,Positive
01-01 00,Global,0.0223,0.0053,0.0203,0.0801,0.0597
01-01 00,Europe,0.087,0.0151,0.0004,0.2175,0.2171
01-01 00,European Airspace,0.0546,0.013,0.0004,0.1526,0.1522
01-01 00,Africa Middle East,0.027,0.0063,0.0017,0.0673,0.0656
01-01 00,East Asia,0.0007,0.0,0.0416,0.0497,0.0081
01-01 00,Southeast Asia,0.0087,0.0002,0.0682,0.1067,0.0385
01-01 00,India,0.0015,0.0,0.0023,0.0153,0.013
01-01 00,China,0.0009,0.0,0.0509,0.0799,0.029
01-01 00,Latin America,0.0458,0.0184,0.0019,0.0958,0.0939
01-01 00,USA,0.0184,0.001,0.0019,0.0543,0.0525
01-01 00,North Atlantic,0.0262,0.0017,0.0,0.0946,0.0946
01-01 00,North Pacific,0.0196,0.0051,0.0288,0.0804,0.0516
01-01 00,Amsterdam FIR,0.0348,0.0024,0.0,0.047,0.047
01-01 00,Athinai FIR,0.059,0.0037,0.0,0.1881,0.1881
01-01 00,Barcelona FIR,0.1862,0.0343,0.0,0.3553,0.3553
01-01 00,Beograd FIR,0.0439,0.0037,0.0034,0.1314,0.128
01-01 00,Bordeaux FIR,0.213,0.0511,0.0,0.4217,0.4217
01-01 00,Bratislava  FIR,0.3753,0.076,0.0,0.6178,0.6178
01-01 00,Bremen FIR,0.0371,0.0032,0.0,0.1076,0.1076
01-01 00,Brest FIR,0.0959,0.0188,0.0001,0.3078,0.3077
01-01 00,Brindisi FIR,0.0787,0.0145,0.0,0.2151,0.2151
01-01 00,Brussels FIR,0.0038,0.0015,0.0,0.0242,0.0242
01-01 00,Bucarest FIR,0.0031,0.0,0.0035,0.1139,0.1104
01-01 00,Budapest FIR,0.1427,0.0114,0.0067,0.5947,0.588
01-01 00,Canarias FIR,0.054,0.0311,0.0001,0.0931,0.093
01-01 00,Chisinau FIR,0.0,0.0,0.0,0.0465,0.0465
01-01 00,Copenhagen FIR,0.0142,0.0016,0.0,0.1602,0.1602
01-01 00,Helsinki FIR,0.0,0.0,0.0,0.0132,0.0132
01-01 00,Langen FIR,0.0241,0.0047,0.0,0.034,0.034
01-01 00,Lisboa FIR,0.016,0.0008,0.0,0.075,0.075
01-01 00,Ljubljana FIR,0.1712,0.0799,0.0,0.2252,0.2252
01-01 00,London FIR,0.0319,0.0093,0.0,0.0593,0.0593
01-01 00,Madrid FIR,0.1189,0.0138,0.0001,0.2749,0.2748
01-01 00,Malta FIR,0.0002,0.0,0.0,0.0177,0.0177
01-01 00,Marseille FIR,0.1487,0.0668,0.0,0.255,0.255
01-01 00,Milano FIR,0.0202,0.0096,0.0,0.0386,0.0386
01-01 00,Munchen FIR,0.0467,0.0,0.0,0.1358,0.1358
01-01 00,Paris FIR,0.0,0.0,0.0,0.0357,0.0357
01-01 00,Polaris FIR,0.0825,0.0347,0.0,0.3925,0.3925
01-01 00,Praha FIR,0.1571,0.0368,0.0,0.3863,0.3863
01-01 00,Reims FIR,0.0,0.0,0.0,0.0,0.0
01-01 00,Reykjavik FIR,0.1484,0.0517,0.0,0.2805,0.2805
01-01 00,Riga FIR,0.0802,0.0125,0.0,0.4597,0.4597
01-01 00,Roma FIR,0.0145,0.0002,0.0,0.1156,0.1156
01-01 00,Santa Maria FIR,0.025,0.0017,0.0,0.1099,0.1099
01-01 00,Sarajevo FIR,0.2017,0.0206,0.0283,0.5259,0.4976
01-01 00,Scottish FIR,0.0022,0.0,0.0,0.0261,0.0261
01-01 00,Shannon FIR,0.0608,0.0246,0.0,0.0809,0.0809
01-01 00,Skopje FIR,0.0,0.0,0.0,0.005,0.005
01-01 00,Sofia FIR,0.0074,0.0018,0.0022,0.0417,0.0395
01-01 00,Sweden FIR,0.0813,0.022,0.0,0.3036,0.3036
01-01 00,Switzerland FIR,0.0,0.0,0.0,0.0,0.0
01-01 00,Tallinn FIR,0.0033,0.0,0.0,0.0502,0.0502
01-01 00,Tirana FIR,0.0,0.0,0.0,0.0,0.0
01-01 00,Vilnius FIR,0.294,0.0214,0.0,0.8233,0.8233
01-01 00,Warszawa FIR,0.3049,0.0146,0.0,0.6796,0.6796
01-01 00,Wien FIR,0.1482,0.0571,0.0,0.1754,0.1754
01-01 00,Zagreb FIR,0.1483,0.0131,0.0074,0.4338,0.4264
01-01 01,Global,0.0221,0.0052,0.0214,0.081,0.0596
01-01 01,Europe,0.0826,0.0125,0.0009,0.2119,0.211
01-01 01,European Airspace,0.0536,0.0113,0.0008,0.1559,0.1551
01-01 01,Africa Middle East,0.0221,0.0034,0.0034,0.0671,0.0637
01-01 01,East Asia,0.0013,0.0002,0.0419,0.0493,0.0073
01-01 01,Southeast Asia,0.0097,0.0004,0.0659,0.1082,0.0423
01-01 01,India,0.001,0.0,0.0073,0.017,0.0097
01-01 01,China,0.0014,0.0,0.0563,0.0786,0.0223
01-01 01,Latin America,0.0471,0.0184,0.0006,0.0979,0.0973
01-01 01,USA,0.0176,0.0013,0.0,0.056,0.056
01-01 01,North Atlantic,0.0261,0.0015,0.0,0.0934,0.0934
01-01 01,North Pacific,0.0211,0.0056,0.0231,0.083,0.0599
01-01 01,Amsterdam FIR,0.0401,0.0015,0.0,0.0472,0.0472
01-01 01,Athinai FIR,0.043,0.0011,0.0002,0.1749,0.1747
01-01 01,Barcelona FIR,0.1865,0.0247,0.0,0.3474,0.3474
01-01 01,Beograd FIR,0.0629,0.0011,0.0203,0.2185,0.1981
01-01 01,Bordeaux FIR,0.2219,0.0415,0.0007,0.4259,0.4252
01-01 01,Bratislava  FIR,0.4457,0.0945,0.0,0.6342,0.6342
01-01 01,Bremen FIR,0.0431,0.0051,0.0,0.1009,0.1009
01-01 01,Brest FIR,0.0852,0.0058,0.0003,0.2895,0.2892
01-01 01,Brindisi FIR,0.0775,0.0103,0.0,0.1894,0.1894
01-01 01,Brussels FIR,0.003,0.0,0.0,0.0211,0.0211
01-01 01,Bucarest FIR,0.0019,0.0,0.0049,0.108,0.1032
01-01 01,Budapest FIR,0.1809,0.0197,0.008,0.5788,0.5708
01-01 01,Canarias FIR,0.0504,0.0275,0.0004,0.0843,0.0839
01-01 01,Chisinau FIR,0.0,0.0,0.0065,0.1038,0.0973
01-01 01,Copenhagen FIR,0.0221,0.0029,0.0,0.1516,0.1516
01-01 01,Helsinki FIR,0.0,0.0,0.0,0.0155,0.0155
01-01 01,Langen FIR,0.0185,0.0019,0.0,0.023,0.023
01-01 01,Lisboa FIR,0.0098,0.0007,0.0,0.0649,0.0649
01-01 01,Ljubljana FIR,0.0683,0.0309,0.0,0.0944,0.0944
01-01 01,London FIR,0.0331,0.0147,0.0,0.0607,0.0607
01-01 01,Madrid FIR,0.099,0.0065,0.0003,0.2509,0.2506
01-01 01,Malta FIR,0.0,0.0,0.0,0.014,0.014
01-01 01,Marseille FIR,0.1916,0.0703,0.0001,0.3078,0.3077
01-01 01,Milano FIR,0.0253,0.0117,0.0,0.0516,0.0516
01-01 01,Munchen FIR,0.0397,0.0003,0.0,0.11,0.11
01-01 01,Paris FIR,0.0,0.0,0.0,0.0816,0.0816
01-01 01,Polaris FIR,0.0761,0.0304,0.0,0.3972,0.3972
01-01 01,Praha FIR,0.1372,0.0191,0.0,0.4563,0.4563
01-01 01,Reims FIR,0.0,0.0,0.0,0.0,0.0
01-01 01,Reykjavik FIR,0.1427,0.0479,0.0,0.2761,0.2761
01-01 01,Riga FIR,0.1509,0.0078,0.0,0.5341,0.5341
01-01 01,Roma FIR,0.0276,0.0046,0.0,0.1248,0.1248
01-01 01,Santa Maria FIR,0.0245,0.0011,0.0,0.1116,0.1116
01-01 01,Sarajevo FIR,0.2036,0.0112,0.0523,0.5686,0.5162
01-01 01,Scottish FIR,0.0039,0.0,0.0,0.0315,0.0315
01-01 01,Shannon FIR,0.0559,0.0229,0.0,0.0729,0.0729
01-01 01,Skopje FIR,0.0,0.0,0.0,0.0,0.0
01-01 01,Sofia FIR,0.0112,0.0031,0.0044,0.0437,0.0393
01-01 01,Sweden FIR,0.0724,0.0168,0.0,0.2874,0.2874
01-01 01,Switzerland FIR,0.0,0.0,0.0,0.0,0.0
01-01 01,Tallinn FIR,0.0069,0.0,0.0,0.0719,0.0719
01-01 01,Tirana FIR,0.0,0.0,0.0,0.0,0.0
01-01 01,Vilnius FIR,0.3305,0.0218,0.0,0.855,0.855
01-01 01,Warszawa FIR,0.2419,0.0068,0.0,0.6309,0.6309
01-01 01,Wien FIR,0.0782,0.0226,0.0,0.1604,0.1604
01-01 01,Zagreb FIR,0.1278,0.0095,0.0091,0.3525,0.3434
01-01 02,Global,0.0219,0.0054,0.0224,0.0814,0.059
01-01 02,Europe,0.0724,0.0092,0.0019,0.2074,0.2055
01-01 02,European Airspace,0.0508,0.0094,0.0018,0.1591,0.1574
01-01 02,Africa Middle East,0.0149,0.0019,0.0077,0.066,0.0583
01-01 02,East Asia,0.0025,0.0003,0.0392,0.0488,0.0097
01-01 02,Southeast Asia,0.0102,0.0009,0.0623,0.108,0.0457
01-01 02,India,0.0012,0.0,0.0122,0.0178,0.0056
01-01 02,China,0.0031,0.0,0.0584,0.0791,0.0206
01-01 02,Latin America,0.0474,0.0176,0.0,0.0989,0.0988
01-01 02,USA,0.0176,0.0015,0.0,0.0567,0.0567
01-01 02,North Atlantic,0.0269,0.0013,0.0,0.0928,0.0928
01-01 02,North Pacific,0.0224,0.0057,0.0159,0.0845,0.0686
01-01 02,Amsterdam FIR,0.0414,0.0,0.0,0.0576,0.0576
01-01 02,Athinai FIR,0.0306,0.0006,0.0033,0.1632,0.16
01-01 02,Barcelona FIR,0.1898,0.028,0.0003,0.3548,0.3546
01-01 02,Beograd FIR,0.0884,0.0,0.0639,0.3056,0.2417
01-01 02,Bordeaux FIR,0.2082,0.0175,0.0079,0.4213,0.4134
01-01 02,Bratislava  FIR,0.4515,0.0753,0.0006,0.6756,0.675
01-01 02,Bremen FIR,0.0506,0.0056,0.0,0.0996,0.0996
01-01 02,Brest FIR,0.0682,0.0015,0.0002,0.2426,0.2424
01-01 02,Brindisi FIR,0.0601,0.0035,0.0,0.1745,0.1745
01-01 02,Brussels FIR,0.0,0.0,0.0,0.0181,0.0181
01-01 02,Bucarest FIR,0.0043,0.0001,0.0045,0.115,0.1105
01-01 02,Budapest FIR,0.227,0.0169,0.0098,0.578,0.5681
01-01 02,Canarias FIR,0.0482,0.0179,0.0008,0.0793,0.0786
01-01 02,Chisinau FIR,0.0057,0.0,0.0252,0.1486,0.1234
01-01 02,Copenhagen FIR,0.0286,0.0007,0.0,0.137,0.137
01-01 02,Helsinki FIR,0.0004,0.0,0.0,0.0197,0.0197
01-01 02,Langen FIR,0.0136,0.0005,0.0,0.0188,0.0188
01-01 02,Lisboa FIR,0.007,0.0004,0.0002,0.0674,0.0672
01-01 02,Ljubljana FIR,0.0032,0.0016,0.0,0.0439,0.0439
01-01 02,London FIR,0.0387,0.0146,0.0001,0.0628,0.0627
01-01 02,Madrid FIR,0.0687,0.001,0.0038,0.2323,0.2285
01-01 02,Malta FIR,0.0,0.0,0.0,0.0101,0.0101
01-01 02,Marseille FIR,0.207,0.0593,0.0016,0.3617,0.3601
01-01 02,Milano FIR,0.022,0.0083,0.0,0.0661,0.0661
01-01 02,Munchen FIR,0.033,0.0,0.0,0.0847,0.0847
01-01 02,Paris FIR,0.0037,0.0,0.0,0.1437,0.1437
01-01 02,Polaris FIR,0.0718,0.0236,0.0,0.3913,0.3913
01-01 02,Praha FIR,0.1221,0.0035,0.0,0.4257,0.4257
01-01 02,Reims FIR,0.0,0.0,0.0,0.0,0.0
01-01 02,Reykjavik FIR,0.1374,0.0487,0.0,0.2721,0.2721
01-01 02,Riga FIR,0.1788,0.0,0.0008,0.5842,0.5835
01-01 02,Roma FIR,0.0487,0.012,0.0,0.1594,0.1594
01-01 02,Santa Maria FIR,0.026,0.0007,0.0,0.1094,0.1094
01-01 02,Sarajevo FIR,0.1684,0.0031,0.0391,0.5504,0.5113
01-01 02,Scottish FIR,0.0056,0.0,0.0,0.03,0.03
01-01 02,Shannon FIR,0.0495,0.0216,0.0,0.0598,0.0598
01-01 02,Skopje FIR,0.0,0.0,0.0,0.0,0.0
01-01 02,Sofia FIR,0.0185,0.0027,0.0106,0.065,0.0544
01-01 02,Sweden FIR,0.0593,0.0102,0.0004,0.2624,0.262
01-01 02,Switzerland FIR,0.0,0.0,0.0,0.0,0.0
01-01 02,Tallinn FIR,0.0117,0.0,0.0,0.096,0.096
01-01 02,Tirana FIR,0.0052,0.0,0.0017,0.0225,0.0208
01-01 02,Vilnius FIR,0.3594,0.0041,0.0,0.8506,0.8506
01-01 02,Warszawa FIR,0.1618,0.0068,0.0,0.5952,0.5952
01-01 02,Wien FIR,0.0352,0.0014,0.0,0.1323,0.1323
01-01 02,Zagreb FIR,0.0859,0.0042,0.0077,0.2676,0.2598
01-01 03,Global,0.0219,0.0054,0.0234,0.0814,0.0581
01-01 03,Europe,0.0612,0.0047,0.005,0.2059,0.2009
01-01 03,European Airspace,0.0466,0.0075,0.0044,0.1613,0.1569
01-01 03,Africa Middle East,0.0097,0.0011,0.0167,0.0648,0.0481
01-01 03,East Asia,0.0044,0.0005,0.0367,0.0489,0.0122
01-01 03,Southeast Asia,0.01,0.0012,0.0604,0.1066,0.0462
01-01 03,India,0.0012,0.0,0.0114,0.0174,0.006
01-01 03,China,0.0057,0.0002,0.0587,0.0804,0.0217
01-01 03,Latin America,0.0463,0.0156,0.0001,0.0989,0.0988
01-01 03,USA,0.0186,0.0017,0.0,0.0574,0.0574
01-01 03,North Atlantic,0.0277,0.0007,0.0,0.0925,0.0924
01-01 03,North Pacific,0.0232,0.0052,0.0115,0.0849,0.0733
01-01 03,Amsterdam FIR,0.0417,0.0,0.0,0.074,0.074
01-01 03,Athinai FIR,0.0118,0.0,0.0124,0.139,0.1266
01-01 03,Barcelona FIR,0.1583,0.0119,0.0198,0.3835,0.3637
01-01 03,Beograd FIR,0.0868,0.0,0.115,0.3688,0.2539
01-01 03,Bordeaux FIR,0.1804,0.0072,0.0139,0.4221,0.4082
01-01 03,Bratislava  FIR,0.4133,0.0406,0.0,0.6454,0.6454
01-01 03,Bremen FIR,0.0595,0.0012,0.0002,0.1072,0.107
01-01 03,Brest FIR,0.0487,0.0018,0.0004,0.172,0.1716
01-01 03,Brindisi FIR,0.0427,0.0,0.0,0.195,0.195
01-01 03,Brussels FIR,0.0,0.0,0.0,0.0106,0.0106
01-01 03,Bucarest FIR,0.012,0.0,0.0116,0.1407,0.1291
01-01 03,Budapest FIR,0.2092,0.0122,0.0081,0.5167,0.5087
01-01 03,Canarias FIR,0.0459,0.008,0.0016,0.0814,0.0799
01-01 03,Chisinau FIR,0.0073,0.0,0.0457,0.1985,0.1529
01-01 03,Copenhagen FIR,0.0349,0.0,0.0,0.1257,0.1257
01-01 03,Helsinki FIR,0.0007,0.0,0.0,0.0168,0.0168
01-01 03,Langen FIR,0.0108,0.0,0.0,0.0203,0.0203
01-01 03,Lisboa FIR,0.0026,0.0,0.0011,0.0476,0.0465
01-01 03,Ljubljana FIR,0.0,0.0,0.0,0.0016,0.0016
01-01 03,London FIR,0.0444,0.0083,0.0003,0.0723,0.0721
01-01 03,Madrid FIR,0.046,0.0003,0.0127,0.2033,0.1907
01-01 03,Malta FIR,0.0009,0.0,0.0,0.0316,0.0316
01-01 03,Marseille FIR,0.1836,0.0338,0.0187,0.3867,0.368
01-01 03,Milano FIR,0.0598,0.0184,0.0013,0.1314,0.1301
01-01 03,Munchen FIR,0.0329,0.0,0.0005,0.0752,0.0747
01-01 03,Paris FIR,0.0161,0.0,0.0,0.19,0.19
01-01 03,Polaris FIR,0.0664,0.0154,0.0,0.3807,0.3807
01-01 03,Praha FIR,0.0793,0.0,0.0007,0.3719,0.3711
01-01 03,Reims FIR,0.0,0.0,0.0,0.0073,0.0073
01-01 03,Reykjavik FIR,0.1339,0.0489,0.0,0.2654,0.2654
01-01 03,Riga FIR,0.1706,0.0,0.0073,0.6198,0.6124
01-01 03,Roma FIR,0.0659,0.0083,0.0002,0.1985,0.1982
01-01 03,Santa Maria FIR,0.0271,0.0006,0.0001,0.1103,0.1102
01-01 03,Sarajevo FIR,0.0606,0.0019,0.0341,0.5106,0.4765
01-01 03,Scottish FIR,0.0048,0.0,0.0,0.0265,0.0265
01-01 03,Shannon FIR,0.0359,0.0028,0.0,0.0499,0.0499
01-01 03,Skopje FIR,0.0,0.0,0.0,0.0,0.0
01-01 03,Sofia FIR,0.0206,0.0004,0.0175,0.0836,0.0661
01-01 03,Sweden FIR,0.0482,0.0045,0.0014,0.2415,0.2401
01-01 03,Switzerland FIR,0.0,0.0,0.0,0.0,0.0
01-01 03,Tallinn FIR,0.0158,0.0,0.0,0.1129,0.1129
01-01 03,Tirana FIR,0.021,0.0,0.0173,0.121,0.1037
01-01 03,Vilnius FIR,0.2784,0.0,0.0012,0.8203,0.819
01-01 03,Warszawa FIR,0.1227,0.0027,0.0005,0.5698,0.5693
01-01 03,Wien FIR,0.0085,0.0,0.0,0.0815,0.0815
01-01 03,Zagreb FIR,0.0532,0.0,0.0014,0.241,0.2397
01-01 04,Global,0.0219,0.0055,0.0236,0.0814,0.0578
01-01 04,Europe,0.0448,0.0011,0.0131,0.2016,0.1885
01-01 04,European Airspace,0.0386,0.0065,0.0117,0.163,0.1513
01-01 04,Africa Middle East,0.0067,0.0006,0.0265,0.0634,0.0369
01-01 04,East Asia,0.007,0.0012,0.0327,0.0499,0.0172
01-01 04,Southeast Asia,0.0111,0.0025,0.0625,0.1061,0.0436
01-01 04,India,0.0012,0.0,0.0103,0.0171,0.0068
01-01 04,China,0.0088,0.0008,0.0534,0.081,0.0277
01-01 04,Latin America,0.0441,0.0128,0.0003,0.0994,0.0991
01-01 04,USA,0.019,0.0019,0.0,0.0584,0.0584
01-01 04,North Atlantic,0.0265,0.0005,0.0003,0.0936,0.0933
01-01 04,North Pacific,0.0223,0.0053,0.0064,0.0846,0.0783
01-01 04,Amsterdam FIR,0.0308,0.0,0.0003,0.0731,0.0728
01-01 04,Athinai FIR,0.0013,0.0,0.0358,0.1142,0.0783
01-01 04,Barcelona FIR,0.1132,0.0034,0.0799,0.3896,0.3097
01-01 04,Beograd FIR,0.0377,0.0,0.1709,0.4508,0.2799
01-01 04,Bordeaux FIR,0.0896,0.0004,0.0182,0.4014,0.3831
01-01 04,Bratislava  FIR,0.3263,0.0239,0.0,0.5719,0.5719
01-01 04,Bremen FIR,0.0543,0.0,0.0062,0.122,0.1159
01-01 04,Brest FIR,0.0314,0.0003,0.0035,0.1291,0.1256
01-01 04,Brindisi FIR,0.0297,0.0,0.0006,0.2184,0.2178
01-01 04,Brussels FIR,0.0,0.0,0.0,0.0015,0.0015
01-01 04,Bucarest FIR,0.0105,0.0,0.0345,0.179,0.1445
01-01 04,Budapest FIR,0.1935,0.0107,0.0013,0.3999,0.3986
01-01 04,Canarias FIR,0.0321,0.0014,0.005,0.0836,0.0787
01-01 04,Chisinau FIR,0.0008,0.0,0.1048,0.2587,0.1539
01-01 04,Copenhagen FIR,0.0523,0.0,0.0,0.1415,0.1415
01-01 04,Helsinki FIR,0.001,0.0,0.0,0.0143,0.0143
01-01 04,Langen FIR,0.0,0.0,0.0002,0.0286,0.0284
01-01 04,Lisboa FIR,0.0012,0.0,0.0017,0.0373,0.0356
01-01 04,Ljubljana FIR,0.0,0.0,0.0,0.005,0.005
01-01 04,London FIR,0.0483,0.0032,0.0013,0.0812,0.0799
01-01 04,Madrid FIR,0.0191,0.0,0.0172,0.1778,0.1606
01-01 04,Malta FIR,0.0026,0.0,0.0,0.0444,0.0444
01-01 04,Marseille FIR,0.1478,0.0094,0.0553,0.4106,0.3553
01-01 04,Milano FIR,0.1015,0.005,0.0174,0.2241,0.2067
01-01 04,Munchen FIR,0.0294,0.0,0.0027,0.0598,0.0571
01-01 04,Paris FIR,0.0133,0.0,0.0016,0.2192,0.2176
01-01 04,Polaris FIR,0.0556,0.0092,0.0,0.3703,0.3703
01-01 04,Praha FIR,0.0313,0.0,0.0018,0.2891,0.2873
01-01 04,Reims FIR,0.0,0.0,0.0,0.0475,0.0475
01-01 04,Reykjavik FIR,0.1291,0.0475,0.0,0.2565,0.2565
01-01 04,Riga FIR,0.1255,0.0,0.0271,0.6474,0.6204
01-01 04,Roma FIR,0.0551,0.0008,0.01,0.2325,0.2225
01-01 04,Santa Maria FIR,0.0281,0.001,0.0006,0.1102,0.1096
01-01 04,Sarajevo FIR,0.0006,0.0,0.0395,0.4048,0.3652
01-01 04,Scottish FIR,0.0025,0.0,0.0,0.0227,0.0227
01-01 04,Shannon FIR,0.0302,0.0006,0.0,0.0477,0.0477
01-01 04,Skopje FIR,0.0,0.0,0.0,0.0063,0.0063
01-01 04,Sofia FIR,0.0161,0.0,0.0243,0.0897,0.0654
01-01 04,Sweden FIR,0.0393,0.0005,0.002,0.2288,0.2268
01-01 04,Switzerland FIR,0.0,0.0,0.0,0.0,0.0
01-01 04,Tallinn FIR,0.0125,0.0,0.0,0.1272,0.1272
01-01 04,Tirana FIR,0.0326,0.0,0.0539,0.2466,0.1928
01-01 04,Vilnius FIR,0.1233,0.0,0.024,0.7595,0.7355
01-01 04,Warszawa FIR,0.0917,0.0017,0.0017,0.5464,0.5447
01-01 04,Wien FIR,0.0,0.0,0.0,0.0476,0.0476
01-01 04,Zagreb FIR,0.0166,0.0003,0.0013,0.1955,0.1941
01-01 05,Global,0.0217,0.0056,0.0234,0.0811,0.0578
01-01 05,Europe,0.0228,0.0002,0.032,0.1991,0.167
01-01 05,European Airspace,0.0297,0.0063,0.0257,0.1645,0.1387
01-01 05,Africa Middle East,0.0048,0.0003,0.0331,0.0618,0.0287
01-01 05,East Asia,0.0105,0.0019,0.0251,0.0489,0.0239
01-01 05,Southeast Asia,0.0143,0.0046,0.065,0.1057,0.0407
01-01 05,India,0.001,0.0,0.0103,0.0181,0.0078
01-01 05,China,0.0123,0.0017,0.0456,0.0797,0.0341
01-01 05,Latin America,0.0399,0.0095,0.001,0.0998,0.0988
01-01 05,USA,0.0192,0.0022,0.0,0.0583,0.0582
01-01 05,North Atlantic,0.0238,0.0003,0.0007,0.0948,0.0941
01-01 05,North Pacific,0.0216,0.0056,0.0014,0.0844,0.0831
01-01 05,Amsterdam FIR,0.0231,0.0,0.0036,0.063,0.0593
01-01 05,Athinai FIR,0.0,0.0,0.0634,0.0942,0.0308
01-01 05,Barcelona FIR,0.0383,0.0,0.1329,0.3979,0.265
01-01 05,Beograd FIR,0.0082,0.0,0.2502,0.4957,0.2456
01-01 05,Bordeaux FIR,0.0253,0.0,0.0435,0.3638,0.3203
01-01 05,Bratislava  FIR,0.2299,0.0226,0.0089,0.4586,0.4496
01-01 05,Bremen FIR,0.0462,0.002,0.0219,0.1445,0.1226
01-01 05,Brest FIR,0.0182,0.0,0.0066,0.0967,0.0901
01-01 05,Brindisi FIR,0.0049,0.0,0.0222,0.2005,0.1784
01-01 05,Brussels FIR,0.0,0.0,0.0,0.0047,0.0047
01-01 05,Bucarest FIR,0.0261,0.0051,0.0713,0.2359,0.1646
01-01 05,Budapest FIR,0.187,0.0091,0.0012,0.2892,0.288
01-01 05,Canarias FIR,0.0153,0.0,0.0149,0.0869,0.0721
01-01 05,Chisinau FIR,0.0237,0.0,0.16,0.2774,0.1174
01-01 05,Copenhagen FIR,0.0518,0.0005,0.0016,0.1516,0.15
01-01 05,Helsinki FIR,0.0009,0.0,0.0,0.0145,0.0145
01-01 05,Langen FIR,0.0,0.0,0.0041,0.0261,0.022
01-01 05,Lisboa FIR,0.0039,0.0,0.0002,0.0446,0.0445
01-01 05,Ljubljana FIR,0.0,0.0,0.0,0.0395,0.0395
01-01 05,London FIR,0.0352,0.0,0.0032,0.0814,0.0782
01-01 05,Madrid FIR,0.0035,0.0,0.0311,0.1521,0.1211
01-01 05,Malta FIR,0.0,0.0,0.0,0.0596,0.0596
01-01 05,Marseille FIR,0.0699,0.0001,0.1167,0.4381,0.3214
01-01 05,Milano FIR,0.0733,0.0002,0.0524,0.3214,0.269
01-01 05,Munchen FIR,0.0132,0.0,0.0094,0.0476,0.0382
01-01 05,Paris FIR,0.0242,0.0,0.0425,0.2765,0.234
01-01 05,Polaris FIR,0.042,0.0072,0.0,0.3621,0.3621
01-01 05,Praha FIR,0.0076,0.0,0.0127,0.2332,0.2205
01-01 05,Reims FIR,0.0,0.0,0.0005,0.1188,0.1183
01-01 05,Reykjavik FIR,0.1259,0.0493,0.0,0.2438,0.2438
01-01 05,Riga FIR,0.0611,0.0,0.0693,0.667,0.5978
01-01 05,Roma FIR,0.029,0.0,0.0537,0.2617,0.208
01-01 05,Santa Maria FIR,0.0272,0.001,0.0014,0.1096,0.1082
01-01 05,Sarajevo FIR,0.0006,0.0,0.0225,0.2597,0.2372
01-01 05,Scottish FIR,0.0006,0.0,0.0004,0.0179,0.0175
01-01 05,Shannon FIR,0.0384,0.0017,0.0,0.0579,0.0579
01-01 05,Skopje FIR,0.0,0.0,0.0277,0.0479,0.0202
01-01 05,Sofia FIR,0.0049,0.0,0.042,0.0918,0.0498
01-01 05,Sweden FIR,0.0304,0.0005,0.0037,0.2209,0.2172
01-01 05,Switzerland FIR,0.0,0.0,0.0,0.0158,0.0158
01-01 05,Tallinn FIR,0.0045,0.0,0.0,0.1385,0.1385
01-01 05,Tirana FIR,0.0053,0.0,0.1202,0.3659,0.2457
01-01 05,Vilnius FIR,0.0126,0.0,0.1628,0.6988,0.536
01-01 05,Warszawa FIR,0.0695,0.0016,0.006,0.5124,0.5065
01-01 05,Wien FIR,0.0007,0.0,0.0061,0.0277,0.0216
01-01 05,Zagreb FIR,0.0,0.0,0.0173,0.1605,0.1431
01-01 06,Global,0.0217,0.0057,0.0226,0.0809,0.0582
01-01 06,Europe,0.0087,0.0003,0.069,0.1981,0.1291
01-01 06,European Airspace,0.0242,0.0066,0.0439,0.1661,0.1223
01-01 06,Africa Middle East,0.0039,0.0004,0.0349,0.0595,0.0246
01-01 06,East Asia,0.0145,0.0029,0.0175,0.0466,0.029
01-01 06,Southeast Asia,0.0203,0.0077,0.0612,0.105,0.0438
01-01 06,India,0.0014,0.0002,0.011,0.0194,0.0084
01-01 06,China,0.0169,0.0028,0.0391,0.078,0.0389
01-01 06,Latin America,0.0338,0.0063,0.0028,0.0999,0.0971
01-01 06,USA,0.0193,0.0025,0.0,0.0584,0.0583
01-01 06,North Atlantic,0.0204,0.0001,0.0016,0.0957,0.094
01-01 06,North Pacific,0.0208,0.0059,0.0011,0.0837,0.0825
01-01 06,Amsterdam FIR,0.0125,0.0,0.0044,0.0555,0.0511
01-01 06,Athinai FIR,0.0,0.0,0.0774,0.085,0.0076
01-01 06,Barcelona FIR,0.0,0.0,0.1993,0.3852,0.186
01-01 06,Beograd FIR,0.0074,0.0,0.2896,0.3955,0.1058
01-01 06,Bordeaux FIR,0.0064,0.0,0.0807,0.3255,0.2447
01-01 06,Bratislava  FIR,0.1405,0.0179,0.0196,0.3626,0.343
01-01 06,Bremen FIR,0.0336,0.0014,0.0442,0.1634,0.1192
01-01 06,Brest FIR,0.0015,0.0,0.0099,0.0837,0.0738
01-01 06,Brindisi FIR,0.0029,0.0,0.065,0.1676,0.1026
01-01 06,Brussels FIR,0.0,0.0,0.0,0.0163,0.0163
01-01 06,Bucarest FIR,0.0559,0.0129,0.1547,0.3086,0.1539
01-01 06,Budapest FIR,0.1362,0.0082,0.0098,0.1947,0.1849
01-01 06,Canarias FIR,0.0054,0.0,0.0327,0.0897,0.0571
01-01 06,Chisinau FIR,0.095,0.0189,0.2484,0.368,0.1196
01-01 06,Copenhagen FIR,0.0349,0.0002,0.0043,0.1631,0.1588
01-01 06,Helsinki FIR,0.0007,0.0001,0.0,0.0177,0.0177
01-01 06,Langen FIR,0.0,0.0,0.0037,0.0291,0.0254
01-01 06,Lisboa FIR,0.0055,0.0,0.0,0.0515,0.0515
01-01 06,Ljubljana FIR,0.0,0.0,0.0066,0.0461,0.0395
01-01 06,London FIR,0.0084,0.0,0.0037,0.069,0.0652
01-01 06,Madrid FIR,0.004,0.0,0.0452,0.1196,0.0744
01-01 06,Malta FIR,0.0,0.0,0.0459,0.0716,0.0257
01-01 06,Marseille FIR,0.0079,0.0002,0.2452,0.4493,0.2041
01-01 06,Milano FIR,0.0024,0.0007,0.1608,0.3782,0.2174
01-01 06,Munchen FIR,0.0023,0.0,0.028,0.042,0.014
01-01 06,Paris FIR,0.0061,0.0,0.1148,0.3224,0.2076
01-01 06,Polaris FIR,0.0287,0.0071,0.0,0.3557,0.3557
01-01 06,Praha FIR,0.0109,0.0,0.0359,0.1821,0.1462
01-01 06,Reims FIR,0.0,0.0,0.0426,0.2518,0.2092
01-01 06,Reykjavik FIR,0.1323,0.0548,0.0,0.2355,0.2355
01-01 06,Riga FIR,0.0077,0.0002,0.1767,0.6564,0.4797
01-01 06,Roma FIR,0.0153,0.0012,0.1518,0.2983,0.1465
01-01 06,Santa Maria FIR,0.0217,0.0005,0.0029,0.1107,0.1078
01-01 06,Sarajevo FIR,0.0,0.0,0.1023,0.2102,0.1078
01-01 06,Scottish FIR,0.0,0.0,0.0021,0.0164,0.0143
01-01 06,Shannon FIR,0.0562,0.0,0.0,0.1028,0.1028
01-01 06,Skopje FIR,0.0,0.0,0.1488,0.1753,0.0265
01-01 06,Sofia FIR,0.0011,0.0,0.0732,0.0938,0.0206
01-01 06,Sweden FIR,0.0184,0.0008,0.0082,0.2048,0.1967
01-01 06,Switzerland FIR,0.0,0.0,0.0226,0.0867,0.0641
01-01 06,Tallinn FIR,0.0039,0.0,0.0071,0.1314,0.1243
01-01 06,Tirana FIR,0.0,0.0,0.1709,0.4619,0.2911
01-01 06,Vilnius FIR,0.008,0.0,0.2921,0.6509,0.3588
01-01 06,Warszawa FIR,0.0545,0.0025,0.0164,0.4685,0.4521
01-01 06,Wien FIR,0.0,0.0,0.001,0.0108,0.0098
01-01 06,Zagreb FIR,0.0,0.0,0.0638,0.2149,0.1511
01-01 07,Global,0.022,0.006,0.022,0.0808,0.0588
01-01 07,Europe,0.0058,0.0005,0.1134,0.1999,0.0865
01-01 07,European Airspace,0.0223,0.0073,0.0631,0.1676,0.1044
01-01 07,Africa Middle East,0.0042,0.0007,0.0358,0.0571,0.0213
01-01 07,East Asia,0.0162,0.0035,0.0102,0.0452,0.035
01-01 07,Southeast Asia,0.0297,0.0128,0.0522,0.1057,0.0535
01-01 07,India,0.0022,0.0006,0.0122,0.0201,0.0079
01-01 07,China,0.0202,0.004,0.0326,0.0757,0.0431
01-01 07,Latin America,0.0263,0.0032,0.0073,0.0994,0.0922
01-01 07,USA,0.0191,0.0028,0.0001,0.0592,0.0591
01-01 07,North Atlantic,0.0162,0.0001,0.0044,0.0967,0.0923
01-01 07,North Pacific,0.0206,0.006,0.0,0.0823,0.0823
01-01 07,Amsterdam FIR,0.0034,0.0,0.01,0.049,0.039
01-01 07,Athinai FIR,0.0,0.0,0.0756,0.0781,0.0025
01-01 07,Barcelona FIR,0.0,0.0,0.3053,0.3578,0.0525
01-01 07,Beograd FIR,0.0048,0.0006,0.2251,0.2548,0.0297
01-01 07,Bordeaux FIR,0.0009,0.0,0.1347,0.2768,0.1421
01-01 07,Bratislava  FIR,0.088,0.0018,0.0149,0.3011,0.2862
01-01 07,Bremen FIR,0.0303,0.0036,0.0757,0.1914,0.1157
01-01 07,Brest FIR,0.0,0.0,0.0175,0.0804,0.0629
01-01 07,Brindisi FIR,0.0041,0.0,0.1396,0.177,0.0374
01-01 07,Brussels FIR,0.0,0.0,0.0062,0.0469,0.0407
01-01 07,Bucarest FIR,0.0752,0.0169,0.1887,0.3612,0.1725
01-01 07,Budapest FIR,0.0926,0.0067,0.0193,0.1228,0.1035
01-01 07,Canarias FIR,0.003,0.0,0.0515,0.0895,0.038
01-01 07,Chisinau FIR,0.1618,0.0824,0.2675,0.4936,0.2261
01-01 07,Copenhagen FIR,0.0286,0.0002,0.0157,0.17,0.1543
01-01 07,Helsinki FIR,0.0003,0.0003,0.0001,0.0226,0.0225
01-01 07,Langen FIR,0.0,0.0,0.016,0.0348,0.0189
01-01 07,Lisboa FIR,0.0,0.0,0.0013,0.0596,0.0583
01-01 07,Ljubljana FIR,0.0,0.0,0.0461,0.0742,0.028
01-01 07,London FIR,0.0,0.0,0.0205,0.0645,0.044
01-01 07,Madrid FIR,0.0,0.0,0.0504,0.0998,0.0495
01-01 07,Malta FIR,0.0,0.0,0.0809,0.0809,0.0
01-01 07,Marseille FIR,0.0032,0.0,0.3462,0.4337,0.0875
01-01 07,Milano FIR,0.0026,0.0011,0.3243,0.4306,0.1063
01-01 07,Munchen FIR,0.0005,0.0,0.0303,0.0337,0.0034
01-01 07,Paris FIR,0.0023,0.0,0.1678,0.3411,0.1733
01-01 07,Polaris FIR,0.0171,0.008,0.001,0.3339,0.3329
01-01 07,Praha FIR,0.0161,0.0,0.0421,0.1218,0.0797
01-01 07,Reims FIR,0.0,0.0,0.2242,0.31,0.0858
01-01 07,Reykjavik FIR,0.1404,0.0608,0.0,0.2366,0.2366
01-01 07,Riga FIR,0.015,0.0012,0.3021,0.625,0.3228
01-01 07,Roma FIR,0.0071,0.0029,0.2669,0.3355,0.0686
01-01 07,Santa Maria FIR,0.0131,0.0001,0.01,0.1138,0.1038
01-01 07,Sarajevo FIR,0.0012,0.0,0.1918,0.2247,0.0329
01-01 07,Scottish FIR,0.0,0.0,0.0022,0.0139,0.0117
01-01 07,Shannon FIR,0.047,0.0,0.0026,0.1626,0.16
01-01 07,Skopje FIR,0.0,0.0,0.3381,0.3445,0.0063
01-01 07,Sofia FIR,0.0081,0.0004,0.1027,0.1227,0.02
01-01 07,Sweden FIR,0.0115,0.0021,0.0184,0.1972,0.1788
01-01 07,Switzerland FIR,0.0,0.0,0.1769,0.2659,0.089
01-01 07,Tallinn FIR,0.0,0.0,0.0468,0.1246,0.0778
01-01 07,Tirana FIR,0.0,0.0,0.2155,0.3391,0.1236
01-01 07,Vilnius FIR,0.0151,0.0,0.3226,0.5803,0.2576
01-01 07,Warszawa FIR,0.0445,0.0021,0.0587,0.4441,0.3854
01-01 07,Wien FIR,0.0,0.0,0.0013,0.004,0.0027
01-01 07,Zagreb FIR,0.0046,0.0003,0.1724,0.2743,0.1018
01-01 08,Global,0.0223,0.0063,0.0218,0.0806,0.0588
01-01 08,Europe,0.0055,0.0014,0.1432,0.2016,0.0584
01-01 08,European Airspace,0.0227,0.0082,0.0779,0.1678,0.0899
01-01 08,Africa Middle East,0.0049,0.0011,0.0355,0.0554,0.0199
01-01 08,East Asia,0.0156,0.0035,0.0036,0.0442,0.0406
01-01 08,Southeast Asia,0.0395,0.0183,0.0384,0.1044,0.0659
01-01 08,India,0.0033,0.0013,0.0122,0.0201,0.0079
01-01 08,China,0.0217,0.005,0.0256,0.0746,0.049
01-01 08,Latin America,0.0176,0.0013,0.016,0.0979,0.0819
01-01 08,USA,0.0184,0.0021,0.0002,0.0599,0.0597
01-01 08,North Atlantic,0.0123,0.0002,0.0153,0.0976,0.0823
01-01 08,North Pacific,0.0213,0.0061,0.0,0.0805,0.0805
01-01 08,Amsterdam FIR,0.006,0.0,0.0174,0.0422,0.0248
01-01 08,Athinai FIR,0.0,0.0,0.064,0.0642,0.0001
01-01 08,Barcelona FIR,0.0001,0.0,0.3273,0.3306,0.0033
01-01 08,Beograd FIR,0.0076,0.0042,0.1335,0.1626,0.0291
01-01 08,Bordeaux FIR,0.0016,0.0,0.1713,0.2167,0.0454
01-01 08,Bratislava  FIR,0.0624,0.0077,0.0077,0.2478,0.2401
01-01 08,Bremen FIR,0.0305,0.0037,0.0857,0.1933,0.1076
01-01 08,Brest FIR,0.0002,0.0,0.0567,0.0942,0.0375
01-01 08,Brindisi FIR,0.0123,0.0036,0.1854,0.2397,0.0543
01-01 08,Brussels FIR,0.0,0.0,0.0566,0.1072,0.0506
01-01 08,Bucarest FIR,0.1162,0.0239,0.1613,0.3742,0.2129
01-01 08,Budapest FIR,0.0528,0.012,0.0178,0.0766,0.0588
01-01 08,Canarias FIR,0.0032,0.0,0.0605,0.0835,0.0231
01-01 08,Chisinau FIR,0.1728,0.099,0.2414,0.5508,0.3094
01-01 08,Copenhagen FIR,0.0172,0.0,0.0443,0.1705,0.1262
01-01 08,Helsinki FIR,0.0004,0.0004,0.0013,0.0275,0.0262
01-01 08,Langen FIR,0.0,0.0,0.0437,0.0453,0.0016
01-01 08,Lisboa FIR,0.0,0.0,0.0423,0.0689,0.0266
01-01 08,Ljubljana FIR,0.0,0.0,0.0821,0.1628,0.0807
01-01 08,London FIR,0.0,0.0,0.0356,0.0657,0.0301
01-01 08,Madrid FIR,0.0,0.0,0.0551,0.0835,0.0283
01-01 08,Malta FIR,0.0,0.0,0.0832,0.0832,0.0
01-01 08,Marseille FIR,0.0101,0.0019,0.351,0.4111,0.0601
01-01 08,Milano FIR,0.0063,0.0033,0.4338,0.4947,0.061
01-01 08,Munchen FIR,0.0005,0.0,0.0265,0.027,0.0005
01-01 08,Paris FIR,0.0037,0.0005,0.2505,0.3154,0.0648
01-01 08,Polaris FIR,0.0154,0.0085,0.0114,0.2969,0.2855
01-01 08,Praha FIR,0.0123,0.0003,0.0231,0.0628,0.0397
01-01 08,Reims FIR,0.0,0.0,0.3564,0.3632,0.0069
01-01 08,Reykjavik FIR,0.1454,0.0647,0.0,0.2366,0.2366
01-01 08,Riga FIR,0.0361,0.0042,0.3446,0.5677,0.2232
01-01 08,Roma FIR,0.0099,0.0082,0.326,0.3582,0.0322
01-01 08,Santa Maria FIR,0.007,0.0004,0.03,0.12,0.09
01-01 08,Sarajevo FIR,0.0068,0.0,0.2223,0.2633,0.041
01-01 08,Scottish FIR,0.0,0.0,0.0031,0.0104,0.0073
01-01 08,Shannon FIR,0.0002,0.0,0.0414,0.2185,0.177
01-01 08,Skopje FIR,0.0,0.0,0.3938,0.3938,0.0
01-01 08,Sofia FIR,0.019,0.0017,0.1337,0.1637,0.03
01-01 08,Sweden FIR,0.0108,0.0047,0.0479,0.1767,0.1287
01-01 08,Switzerland FIR,0.0,0.0,0.3333,0.3477,0.0143
01-01 08,Tallinn FIR,0.0,0.0,0.0881,0.1254,0.0373
01-01 08,Tirana FIR,0.0,0.0,0.1605,0.171,0.0105
01-01 08,Vilnius FIR,0.0164,0.0,0.3323,0.4866,0.1543
01-01 08,Warszawa FIR,0.0541,0.0037,0.1101,0.4318,0.3217
01-01 08,Wien FIR,0.0,0.0,0.0197,0.0197,0.0
01-01 08,Zagreb FIR,0.0073,0.0003,0.236,0.3246,0.0885
01-01 09,Global,0.0227,0.0064,0.0215,0.0802,0.0586
01-01 09,Europe,0.0084,0.0024,0.1574,0.203,0.0456
01-01 09,European Airspace,0.0253,0.0085,0.087,0.1668,0.0797
01-01 09,Africa Middle East,0.0058,0.0015,0.0338,0.0539,0.0201
01-01 09,East Asia,0.0144,0.0027,0.0005,0.0433,0.0428
01-01 09,Southeast Asia,0.0469,0.0224,0.0268,0.1055,0.0787
01-01 09,India,0.005,0.0022,0.0099,0.0198,0.0099
01-01 09,China,0.0227,0.0054,0.0168,0.0727,0.0558
01-01 09,Latin America,0.012,0.0007,0.0284,0.094,0.0657
01-01 09,USA,0.0166,0.001,0.0008,0.0609,0.0601
01-01 09,North Atlantic,0.0106,0.0002,0.0324,0.0981,0.0657
01-01 09,North Pacific,0.0228,0.0062,0.0,0.0804,0.0804
01-01 09,Amsterdam FIR,0.0054,0.0006,0.021,0.0351,0.0141
01-01 09,Athinai FIR,0.0,0.0,0.0487,0.0499,0.0012
01-01 09,Barcelona FIR,0.0,0.0,0.2863,0.2936,0.0073
01-01 09,Beograd FIR,0.0121,0.0095,0.0782,0.1236,0.0454
01-01 09,Bordeaux FIR,0.0007,0.0,0.1522,0.1576,0.0054
01-01 09,Bratislava  FIR,0.0499,0.0024,0.0161,0.1918,0.1758
01-01 09,Bremen FIR,0.0405,0.0056,0.0739,0.1839,0.11
01-01 09,Brest FIR,0.0,0.0,0.1297,0.1457,0.016
01-01 09,Brindisi FIR,0.0245,0.015,0.2338,0.3142,0.0803
01-01 09,Brussels FIR,0.0,0.0,0.1588,0.1794,0.0206
01-01 09,Bucarest FIR,0.1695,0.0501,0.1316,0.3771,0.2455
01-01 09,Budapest FIR,0.0292,0.0095,0.0113,0.0453,0.034
01-01 09,Canarias FIR,0.0034,0.0,0.0526,0.0727,0.02
01-01 09,Chisinau FIR,0.1468,0.0605,0.2185,0.5336,0.3151
01-01 09,Copenhagen FIR,0.0154,0.0004,0.058,0.1675,0.1095
01-01 09,Helsinki FIR,0.0005,0.0005,0.0028,0.0293,0.0265
01-01 09,Langen FIR,0.0,0.0,0.0806,0.0817,0.0012
01-01 09,Lisboa FIR,0.0,0.0,0.075,0.0767,0.0016
01-01 09,Ljubljana FIR,0.0,0.0,0.1574,0.3,0.1426
01-01 09,London FIR,0.0,0.0,0.0663,0.0786,0.0123
01-01 09,Madrid FIR,0.0,0.0,0.0682,0.0757,0.0075
01-01 09,Malta FIR,0.0,0.0,0.068,0.068,0.0
01-01 09,Marseille FIR,0.0196,0.0002,0.3255,0.3915,0.066
01-01 09,Milano FIR,0.019,0.0036,0.4042,0.5074,0.1032
01-01 09,Munchen FIR,0.0,0.0,0.0262,0.0265,0.0003
01-01 09,Paris FIR,0.0089,0.0011,0.2173,0.2679,0.0506
01-01 09,Polaris FIR,0.0164,0.0085,0.0449,0.2548,0.2099
01-01 09,Praha FIR,0.007,0.001,0.0101,0.0252,0.0151
01-01 09,Reims FIR,0.0,0.0,0.359,0.3606,0.0016
01-01 09,Reykjavik FIR,0.1497,0.0621,0.0,0.2341,0.2341
01-01 09,Riga FIR,0.0631,0.0083,0.3095,0.517,0.2075
01-01 09,Roma FIR,0.0104,0.0091,0.348,0.375,0.027
01-01 09,Santa Maria FIR,0.0072,0.0005,0.0677,0.1254,0.0577
01-01 09,Sarajevo FIR,0.0249,0.0044,0.2227,0.2771,0.0544
01-01 09,Scottish FIR,0.0,0.0,0.0059,0.0089,0.003
01-01 09,Shannon FIR,0.0,0.0,0.1194,0.2727,0.1533
01-01 09,Skopje FIR,0.0,0.0,0.2211,0.2211,0.0
01-01 09,Sofia FIR,0.0341,0.007,0.149,0.2,0.051
01-01 09,Sweden FIR,0.016,0.0086,0.0571,0.1548,0.0977
01-01 09,Switzerland FIR,0.0,0.0,0.3332,0.3428,0.0096
01-01 09,Tallinn FIR,0.0012,0.0,0.1028,0.134,0.0311
01-01 09,Tirana FIR,0.0,0.0,0.0559,0.0628,0.0069
01-01 09,Vilnius FIR,0.0135,0.0,0.2747,0.3862,0.1115
01-01 09,Warszawa FIR,0.0774,0.008,0.1165,0.4143,0.2978
01-01 09,Wien FIR,0.0,0.0,0.0557,0.0578,0.0021
01-01 09,Zagreb FIR,0.0162,0.0067,0.264,0.3893,0.1253
01-01 10,Global,0.0239,0.0068,0.02,0.0792,0.0593
01-01 10,Europe,0.0126,0.0031,0.1385,0.1878,0.0493
01-01 10,European Airspace,0.0285,0.0087,0.0806,0.1583,0.0777
01-01 10,Africa Middle East,0.0082,0.0022,0.0313,0.0548,0.0235
01-01 10,East Asia,0.014,0.0025,0.0,0.0406,0.0406
01-01 10,Southeast Asia,0.0532,0.026,0.0108,0.1045,0.0936
01-01 10,India,0.0079,0.0035,0.0075,0.0213,0.0138
01-01 10,China,0.0237,0.0059,0.0084,0.0676,0.0591
01-01 10,Latin America,0.0106,0.0006,0.0374,0.087,0.0496
01-01 10,USA,0.0127,0.0003,0.002,0.059,0.057
01-01 10,North Atlantic,0.0089,0.0003,0.0391,0.0964,0.0573
01-01 10,North Pacific,0.024,0.0066,0.0,0.0785,0.0785
01-01 10,Amsterdam FIR,0.0051,0.0,0.0035,0.0183,0.0148
01-01 10,Athinai FIR,0.0001,0.0,0.0312,0.0341,0.003
01-01 10,Barcelona FIR,0.0009,0.0,0.2036,0.2178,0.0142
01-01 10,Beograd FIR,0.0152,0.0051,0.0763,0.1226,0.0463
01-01 10,Bordeaux FIR,0.0002,0.0,0.0755,0.0757,0.0002
01-01 10,Bratislava  FIR,0.038,0.0,0.0018,0.1015,0.0997
01-01 10,Bremen FIR,0.0383,0.0056,0.0496,0.1533,0.1037
01-01 10,Brest FIR,0.0,0.0,0.1316,0.1445,0.0129
01-01 10,Brindisi FIR,0.0412,0.0259,0.1737,0.2851,0.1115
01-01 10,Brussels FIR,0.0,0.0,0.0893,0.1657,0.0764
01-01 10,Bucarest FIR,0.1996,0.0892,0.084,0.3344,0.2504
01-01 10,Budapest FIR,0.0067,0.0043,0.0109,0.0269,0.016
01-01 10,Canarias FIR,0.002,0.0,0.043,0.0612,0.0182
01-01 10,Chisinau FIR,0.1715,0.0606,0.1585,0.5177,0.3592
01-01 10,Copenhagen FIR,0.0185,0.0005,0.0369,0.1504,0.1135
01-01 10,Helsinki FIR,0.0006,0.0006,0.0015,0.0152,0.0137
01-01 10,Langen FIR,0.0,0.0,0.0917,0.0917,0.0
01-01 10,Lisboa FIR,0.0,0.0,0.0653,0.0654,0.0
01-01 10,Ljubljana FIR,0.0,0.0,0.2518,0.4597,0.2078
01-01 10,London FIR,0.0001,0.0,0.0901,0.0975,0.0074
01-01 10,Madrid FIR,0.0,0.0,0.0871,0.0888,0.0017
01-01 10,Malta FIR,0.0,0.0,0.0667,0.0667,0.0
01-01 10,Marseille FIR,0.0342,0.0001,0.2798,0.3571,0.0773
01-01 10,Milano FIR,0.0542,0.0008,0.2816,0.4722,0.1905
01-01 10,Munchen FIR,0.0,0.0,0.0161,0.0161,0.0
01-01 10,Paris FIR,0.0167,0.0016,0.1322,0.1795,0.0474
01-01 10,Polaris FIR,0.0188,0.0093,0.0612,0.2051,0.1438
01-01 10,Praha FIR,0.0003,0.0,0.0,0.001,0.001
01-01 10,Reims FIR,0.0079,0.0005,0.2886,0.3049,0.0163
01-01 10,Reykjavik FIR,0.15,0.0598,0.0022,0.2263,0.2242
01-01 10,Riga FIR,0.0841,0.0145,0.2573,0.4693,0.212
01-01 10,Roma FIR,0.0088,0.0047,0.3332,0.3643,0.0311
01-01 10,Santa Maria FIR,0.0092,0.0007,0.0774,0.118,0.0407
01-01 10,Sarajevo FIR,0.0381,0.0162,0.1986,0.2655,0.0668
01-01 10,Scottish FIR,0.0,0.0,0.0033,0.0034,0.0
01-01 10,Shannon FIR,0.0,0.0,0.1204,0.2876,0.1672
01-01 10,Skopje FIR,0.0,0.0,0.0732,0.0732,0.0
01-01 10,Sofia FIR,0.0457,0.014,0.1207,0.1936,0.0729
01-01 10,Sweden FIR,0.0203,0.0108,0.0421,0.1081,0.0661
01-01 10,Switzerland FIR,0.0,0.0,0.282,0.2936,0.0116
01-01 10,Tallinn FIR,0.0039,0.0009,0.0785,0.1076,0.029
01-01 10,Tirana FIR,0.0,0.0,0.0945,0.1476,0.0531
01-01 10,Vilnius FIR,0.0072,0.0003,0.2859,0.3683,0.0824
01-01 10,Warszawa FIR,0.1006,0.0097,0.0851,0.3774,0.2923
01-01 10,Wien FIR,0.0,0.0,0.0854,0.0906,0.0052
01-01 10,Zagreb FIR,0.0554,0.0401,0.2224,0.457,0.2346
01-01 11,Global,0.0247,0.0072,0.0189,0.0799,0.061
01-01 11,Europe,0.0198,0.005,0.1327,0.1986,0.066
01-01 11,European Airspace,0.0339,0.01,0.0746,0.1599,0.0853
01-01 11,Africa Middle East,0.0112,0.0034,0.0289,0.0559,0.027
01-01 11,East Asia,0.0137,0.0024,0.0,0.0385,0.0385
01-01 11,Southeast Asia,0.0562,0.0273,0.0036,0.1088,0.1052
01-01 11,India,0.0102,0.0047,0.0049,0.0237,0.0188
01-01 11,China,0.0247,0.0059,0.0011,0.0668,0.0657
01-01 11,Latin America,0.0104,0.0006,0.0407,0.0847,0.044
01-01 11,USA,0.0077,0.0003,0.0053,0.0585,0.0532
01-01 11,North Atlantic,0.0097,0.0008,0.0451,0.0972,0.052
01-01 11,North Pacific,0.0251,0.0068,0.0,0.0808,0.0808
01-01 11,Amsterdam FIR,0.0086,0.0003,0.0014,0.0135,0.0121
01-01 11,Athinai FIR,0.0004,0.0,0.0226,0.0274,0.0047
01-01 11,Barcelona FIR,0.002,0.0,0.1288,0.1562,0.0274
01-01 11,Beograd FIR,0.0288,0.0141,0.1649,0.236,0.0712
01-01 11,Bordeaux FIR,0.0002,0.0,0.0209,0.0211,0.0002
01-01 11,Bratislava  FIR,0.0136,0.0,0.0,0.0386,0.0386
01-01 11,Bremen FIR,0.0426,0.008,0.0403,0.1422,0.1018
01-01 11,Brest FIR,0.0,0.0,0.2087,0.2232,0.0145
01-01 11,Brindisi FIR,0.0536,0.0233,0.1662,0.3064,0.1401
01-01 11,Brussels FIR,0.0,0.0,0.0499,0.1823,0.1325
01-01 11,Bucarest FIR,0.2163,0.1179,0.0612,0.3113,0.2501
01-01 11,Budapest FIR,0.0015,0.0009,0.0331,0.093,0.0599
01-01 11,Canarias FIR,0.0005,0.0,0.0326,0.0475,0.0149
01-01 11,Chisinau FIR,0.2433,0.0898,0.0924,0.5007,0.4083
01-01 11,Copenhagen FIR,0.0214,0.0007,0.038,0.154,0.116
01-01 11,Helsinki FIR,0.001,0.0009,0.0004,0.0111,0.0107
01-01 11,Langen FIR,0.0,0.0,0.1237,0.1324,0.0087
01-01 11,Lisboa FIR,0.0,0.0,0.091,0.0931,0.0021
01-01 11,Ljubljana FIR,0.0148,0.0,0.2466,0.4038,0.1572
01-01 11,London FIR,0.001,0.0,0.1075,0.1343,0.0268
01-01 11,Madrid FIR,0.0,0.0,0.11,0.1103,0.0003
01-01 11,Malta FIR,0.0,0.0,0.0844,0.0844,0.0
01-01 11,Marseille FIR,0.0432,0.0017,0.2322,0.3293,0.0972
01-01 11,Milano FIR,0.1373,0.0039,0.2065,0.4746,0.268
01-01 11,Munchen FIR,0.0015,0.0,0.0279,0.0294,0.0015
01-01 11,Paris FIR,0.0224,0.0059,0.0677,0.122,0.0543
01-01 11,Polaris FIR,0.0213,0.0107,0.042,0.1832,0.1413
01-01 11,Praha FIR,0.0,0.0,0.0,0.0,0.0
01-01 11,Reims FIR,0.0461,0.011,0.2527,0.3197,0.067
01-01 11,Reykjavik FIR,0.1447,0.0563,0.0064,0.2194,0.213
01-01 11,Riga FIR,0.0847,0.0145,0.2072,0.4195,0.2122
01-01 11,Roma FIR,0.02,0.0053,0.3248,0.3943,0.0695
01-01 11,Santa Maria FIR,0.0141,0.0022,0.0754,0.1216,0.0462
01-01 11,Sarajevo FIR,0.1077,0.0762,0.1765,0.4304,0.2539
01-01 11,Scottish FIR,0.0,0.0,0.0063,0.0071,0.0008
01-01 11,Shannon FIR,0.0013,0.0,0.0905,0.2872,0.1968
01-01 11,Skopje FIR,0.0,0.0,0.0316,0.0316,0.0
01-01 11,Sofia FIR,0.065,0.0227,0.0932,0.1885,0.0953
01-01 11,Sweden FIR,0.0257,0.0138,0.0306,0.0918,0.0612
01-01 11,Switzerland FIR,0.0055,0.0,0.1699,0.2151,0.0451
01-01 11,Tallinn FIR,0.0111,0.0033,0.0708,0.1064,0.0356
01-01 11,Tirana FIR,0.0,0.0,0.2117,0.2952,0.0835
01-01 11,Vilnius FIR,0.0062,0.0,0.2637,0.3552,0.0915
01-01 11,Warszawa FIR,0.1157,0.0149,0.0475,0.3448,0.2972
01-01 11,Wien FIR,0.0,0.0,0.1129,0.1143,0.0014
01-01 11,Zagreb FIR,0.0936,0.0599,0.165,0.5245,0.3595
01-01 12,Global,0.0252,0.0075,0.0178,0.0806,0.0629
01-01 12,Europe,0.0306,0.007,0.1147,0.2062,0.0915
01-01 12,European Airspace,0.0408,0.0116,0.0632,0.161,0.0978
01-01 12,Africa Middle East,0.0152,0.0054,0.0259,0.0574,0.0314
01-01 12,East Asia,0.0139,0.002,0.0,0.0378,0.0378
01-01 12,Southeast Asia,0.058,0.0274,0.0001,0.1124,0.1123
01-01 12,India,0.0119,0.0053,0.0019,0.0266,0.0247
01-01 12,China,0.0242,0.005,0.0,0.0664,0.0664
01-01 12,Latin America,0.0103,0.0006,0.0388,0.084,0.0452
01-01 12,USA,0.0046,0.0001,0.0156,0.0579,0.0423
01-01 12,North Atlantic,0.0116,0.0016,0.0459,0.0961,0.0502
01-01 12,North Pacific,0.0255,0.0068,0.0001,0.0847,0.0846
01-01 12,Amsterdam FIR,0.0067,0.0006,0.0003,0.0081,0.0079
01-01 12,Athinai FIR,0.0007,0.0,0.0174,0.0242,0.0068
01-01 12,Barcelona FIR,0.0154,0.0,0.0552,0.0964,0.0412
01-01 12,Beograd FIR,0.064,0.0269,0.1923,0.3535,0.1612
01-01 12,Bordeaux FIR,0.0,0.0,0.0093,0.0093,0.0
01-01 12,Bratislava  FIR,0.0018,0.0006,0.0,0.0018,0.0018
01-01 12,Bremen FIR,0.0459,0.0089,0.0256,0.1241,0.0985
01-01 12,Brest FIR,0.0,0.0,0.2691,0.3194,0.0504
01-01 12,Brindisi FIR,0.0822,0.013,0.1203,0.3013,0.181
01-01 12,Brussels FIR,0.0365,0.0,0.0092,0.1566,0.1474
01-01 12,Bucarest FIR,0.209,0.1229,0.0629,0.2977,0.2348
01-01 12,Budapest FIR,0.0,0.0,0.0514,0.1592,0.1078
01-01 12,Canarias FIR,0.0001,0.0,0.0214,0.0331,0.0117
01-01 12,Chisinau FIR,0.308,0.144,0.039,0.5005,0.4615
01-01 12,Copenhagen FIR,0.0248,0.0015,0.0395,0.151,0.1114
01-01 12,Helsinki FIR,0.0017,0.0014,0.0003,0.0145,0.0142
01-01 12,Langen FIR,0.0091,0.0002,0.1282,0.1666,0.0385
01-01 12,Lisboa FIR,0.0027,0.0,0.1103,0.132,0.0216
01-01 12,Ljubljana FIR,0.087,0.0016,0.189,0.4186,0.2296
01-01 12,London FIR,0.001,0.0,0.1188,0.1758,0.057
01-01 12,Madrid FIR,0.0,0.0,0.1339,0.1346,0.0007
01-01 12,Malta FIR,0.0,0.0,0.1095,0.1095,0.0
01-01 12,Marseille FIR,0.0455,0.0062,0.146,0.2852,0.1392
01-01 12,Milano FIR,0.2217,0.0263,0.0917,0.4707,0.379
01-01 12,Munchen FIR,0.0023,0.001,0.0375,0.0423,0.0048
01-01 12,Paris FIR,0.0253,0.0044,0.0476,0.0865,0.0389
01-01 12,Polaris FIR,0.0227,0.011,0.0274,0.1811,0.1538
01-01 12,Praha FIR,0.0,0.0,0.0,0.0,0.0
01-01 12,Reims FIR,0.111,0.0352,0.1638,0.3075,0.1437
01-01 12,Reykjavik FIR,0.1393,0.0515,0.0053,0.2109,0.2057
01-01 12,Riga FIR,0.0804,0.0142,0.1419,0.3669,0.2251
01-01 12,Roma FIR,0.0363,0.0054,0.2855,0.4183,0.1328
01-01 12,Santa Maria FIR,0.0203,0.0045,0.0688,0.1214,0.0526
01-01 12,Sarajevo FIR,0.1984,0.1455,0.0867,0.5357,0.449
01-01 12,Scottish FIR,0.0019,0.0,0.0049,0.0113,0.0064
01-01 12,Shannon FIR,0.0134,0.0002,0.0353,0.2781,0.2429
01-01 12,Skopje FIR,0.0,0.0,0.1187,0.1187,0.0
01-01 12,Sofia FIR,0.0789,0.034,0.0934,0.1947,0.1013
01-01 12,Sweden FIR,0.0303,0.016,0.0243,0.0878,0.0635
01-01 12,Switzerland FIR,0.0321,0.0,0.0954,0.1893,0.0939
01-01 12,Tallinn FIR,0.0185,0.0065,0.0553,0.104,0.0487
01-01 12,Tirana FIR,0.0035,0.0,0.2903,0.3814,0.0911
01-01 12,Vilnius FIR,0.0069,0.0,0.207,0.3527,0.1457
01-01 12,Warszawa FIR,0.1222,0.0229,0.0195,0.3094,0.2899
01-01 12,Wien FIR,0.0017,0.0,0.1328,0.1426,0.0098
01-01 12,Zagreb FIR,0.1756,0.0615,0.0818,0.5228,0.441
01-01 13,Global,0.0256,0.0074,0.017,0.0809,0.0639
01-01 13,Europe,0.0462,0.0085,0.0901,0.2118,0.1217
01-01 13,European Airspace,0.0485,0.0131,0.0494,0.1623,0.1128
01-01 13,Africa Middle East,0.0199,0.0076,0.0229,0.0595,0.0366
01-01 13,East Asia,0.0143,0.0016,0.0,0.0377,0.0377
01-01 13,Southeast Asia,0.059,0.0262,0.0,0.114,0.114
01-01 13,India,0.0127,0.005,0.0,0.0296,0.0296
01-01 13,China,0.0234,0.0042,0.0,0.0659,0.0659
01-01 13,Latin America,0.0095,0.0007,0.0367,0.0833,0.0467
01-01 13,USA,0.0017,0.0,0.0313,0.0568,0.0256
01-01 13,North Atlantic,0.0154,0.0026,0.0384,0.0938,0.0554
01-01 13,North Pacific,0.0251,0.0067,0.0004,0.0865,0.0862
01-01 13,Amsterdam FIR,0.0033,0.0,0.0,0.0039,0.0039
01-01 13,Athinai FIR,0.0005,0.0,0.0153,0.0241,0.0088
01-01 13,Barcelona FIR,0.0118,0.0008,0.0212,0.0515,0.0304
01-01 13,Beograd FIR,0.1376,0.0758,0.151,0.4538,0.3028
01-01 13,Bordeaux FIR,0.0,0.0,0.0344,0.0411,0.0066
01-01 13,Bratislava  FIR,0.0,0.0,0.0,0.0,0.0
01-01 13,Bremen FIR,0.0495,0.0091,0.012,0.1069,0.0949
01-01 13,Brest FIR,0.0003,0.0,0.2943,0.3651,0.0708
01-01 13,Brindisi FIR,0.1179,0.0155,0.0798,0.2896,0.2098
01-01 13,Brussels FIR,0.0498,0.0,0.0099,0.0797,0.0698
01-01 13,Bucarest FIR,0.1666,0.102,0.0654,0.2815,0.2161
01-01 13,Budapest FIR,0.0154,0.0,0.0847,0.2119,0.1272
01-01 13,Canarias FIR,0.0,0.0,0.0188,0.0246,0.0059
01-01 13,Chisinau FIR,0.4367,0.2231,0.0117,0.5655,0.5539
01-01 13,Copenhagen FIR,0.0251,0.0007,0.0339,0.1426,0.1087
01-01 13,Helsinki FIR,0.0034,0.0018,0.0012,0.0202,0.0191
01-01 13,Langen FIR,0.0354,0.0052,0.0873,0.1874,0.1001
01-01 13,Lisboa FIR,0.018,0.0018,0.1135,0.1656,0.0521
01-01 13,Ljubljana FIR,0.2421,0.0312,0.0845,0.4676,0.383
01-01 13,London FIR,0.0207,0.0,0.0954,0.2219,0.1265
01-01 13,Madrid FIR,0.0005,0.0,0.1479,0.1604,0.0124
01-01 13,Malta FIR,0.0,0.0,0.1288,0.1303,0.0014
01-01 13,Marseille FIR,0.0787,0.0049,0.05,0.2243,0.1743
01-01 13,Milano FIR,0.2935,0.0539,0.027,0.4471,0.4201
01-01 13,Munchen FIR,0.0066,0.0008,0.0562,0.0742,0.018
01-01 13,Paris FIR,0.0104,0.0012,0.1098,0.1258,0.016
01-01 13,Polaris FIR,0.0254,0.0132,0.0111,0.1727,0.1616
01-01 13,Praha FIR,0.0,0.0,0.0,0.0,0.0
01-01 13,Reims FIR,0.1228,0.0423,0.0557,0.1924,0.1368
01-01 13,Reykjavik FIR,0.1307,0.0462,0.0021,0.1959,0.1938
01-01 13,Riga FIR,0.0759,0.0138,0.0712,0.326,0.2549
01-01 13,Roma FIR,0.0609,0.0056,0.2124,0.4413,0.2289
01-01 13,Santa Maria FIR,0.0279,0.0076,0.0582,0.1197,0.0614
01-01 13,Sarajevo FIR,0.2161,0.1169,0.0894,0.5657,0.4763
01-01 13,Scottish FIR,0.0072,0.0,0.0039,0.0181,0.0142
01-01 13,Shannon FIR,0.0452,0.0002,0.011,0.2398,0.2288
01-01 13,Skopje FIR,0.0013,0.0,0.1946,0.2211,0.0265
01-01 13,Sofia FIR,0.075,0.0416,0.1097,0.2078,0.0981
01-01 13,Sweden FIR,0.0407,0.0172,0.0193,0.0978,0.0784
01-01 13,Switzerland FIR,0.0968,0.0182,0.1014,0.2341,0.1328
01-01 13,Tallinn FIR,0.0274,0.0074,0.0329,0.0925,0.0596
01-01 13,Tirana FIR,0.0532,0.0026,0.2578,0.3995,0.1417
01-01 13,Vilnius FIR,0.0237,0.0051,0.1514,0.4137,0.2622
01-01 13,Warszawa FIR,0.1186,0.026,0.0104,0.2786,0.2682
01-01 13,Wien FIR,0.0178,0.0,0.1361,0.1796,0.0435
01-01 13,Zagreb FIR,0.2383,0.0502,0.0417,0.53,0.4884
01-01 14,Global,0.0257,0.0074,0.0164,0.0812,0.0648
01-01 14,Europe,0.0619,0.0091,0.0634,0.2169,0.1534
01-01 14,European Airspace,0.0559,0.0149,0.0333,0.1635,0.1302
01-01 14,Africa Middle East,0.0248,0.0103,0.0183,0.0624,0.044
01-01 14,East Asia,0.0134,0.001,0.0,0.0365,0.0365
01-01 14,Southeast Asia,0.0597,0.0244,0.0,0.1147,0.1147
01-01 14,India,0.0133,0.0049,0.0,0.0321,0.0321
01-01 14,China,0.0226,0.0039,0.0,0.065,0.065
01-01 14,Latin America,0.0084,0.0007,0.0372,0.083,0.0458
01-01 14,USA,0.0003,0.0,0.0433,0.0556,0.0124
01-01 14,North Atlantic,0.0205,0.0037,0.0272,0.0915,0.0643
01-01 14,North Pacific,0.0243,0.0067,0.0011,0.0877,0.0866
01-01 14,Amsterdam FIR,0.0008,0.0,0.0,0.0011,0.0011
01-01 14,Athinai FIR,0.0015,0.0,0.0165,0.0281,0.0116
01-01 14,Barcelona FIR,0.0044,0.0,0.0041,0.0227,0.0185
01-01 14,Beograd FIR,0.1909,0.0959,0.0886,0.514,0.4254
01-01 14,Bordeaux FIR,0.0,0.0,0.0491,0.0753,0.0262
01-01 14,Bratislava  FIR,0.0,0.0,0.0,0.0,0.0
01-01 14,Bremen FIR,0.0477,0.008,0.004,0.0897,0.0857
01-01 14,Brest FIR,0.0285,0.0,0.2359,0.3914,0.1556
01-01 14,Brindisi FIR,0.119,0.0245,0.1016,0.339,0.2373
01-01 14,Brussels FIR,0.0124,0.0,0.0068,0.0284,0.0216
01-01 14,Bucarest FIR,0.1249,0.0801,0.0739,0.2784,0.2045
01-01 14,Budapest FIR,0.0533,0.0,0.0866,0.2633,0.1767
01-01 14,Canarias FIR,0.0,0.0,0.0145,0.0159,0.0015
01-01 14,Chisinau FIR,0.5316,0.2243,0.0025,0.604,0.6015
01-01 14,Copenhagen FIR,0.0217,0.0004,0.0111,0.1314,0.1203
01-01 14,Helsinki FIR,0.0047,0.0024,0.0,0.0244,0.0244
01-01 14,Langen FIR,0.0662,0.0163,0.0284,0.1641,0.1358
01-01 14,Lisboa FIR,0.047,0.0068,0.1048,0.2008,0.096
01-01 14,Ljubljana FIR,0.3416,0.0769,0.039,0.5035,0.4645
01-01 14,London FIR,0.0727,0.0,0.0381,0.2517,0.2137
01-01 14,Madrid FIR,0.0038,0.0,0.1372,0.1889,0.0518
01-01 14,Malta FIR,0.0066,0.0,0.1151,0.1539,0.0388
01-01 14,Marseille FIR,0.1066,0.0107,0.0043,0.1834,0.1791
01-01 14,Milano FIR,0.293,0.0534,0.0079,0.4049,0.3971
01-01 14,Munchen FIR,0.0322,0.0042,0.0704,0.128,0.0576
01-01 14,Paris FIR,0.0007,0.0,0.1868,0.2142,0.0273
01-01 14,Polaris FIR,0.0287,0.0153,0.0019,0.1641,0.1622
01-01 14,Praha FIR,0.0,0.0,0.0003,0.0003,0.0
01-01 14,Reims FIR,0.0887,0.0218,0.0168,0.1071,0.0903
01-01 14,Reykjavik FIR,0.1229,0.0437,0.0001,0.182,0.1819
01-01 14,Riga FIR,0.0719,0.0222,0.0,0.3267,0.3267
01-01 14,Roma FIR,0.1018,0.0043,0.1408,0.4424,0.3016
01-01 14,Santa Maria FIR,0.0387,0.013,0.0489,0.1225,0.0737
01-01 14,Sarajevo FIR,0.2064,0.0865,0.0754,0.5507,0.4754
01-01 14,Scottish FIR,0.0126,0.0002,0.0024,0.0253,0.0229
01-01 14,Shannon FIR,0.0568,0.0002,0.0047,0.1959,0.1912
01-01 14,Skopje FIR,0.0227,0.0,0.1617,0.3196,0.1579
01-01 14,Sofia FIR,0.0665,0.0366,0.0751,0.1764,0.1013
01-01 14,Sweden FIR,0.0496,0.018,0.0021,0.0981,0.096
01-01 14,Switzerland FIR,0.1205,0.0236,0.0784,0.209,0.1306
01-01 14,Tallinn FIR,0.0327,0.0119,0.0,0.0776,0.0776
01-01 14,Tirana FIR,0.1509,0.054,0.0952,0.3975,0.3023
01-01 14,Vilnius FIR,0.0589,0.0253,0.001,0.4567,0.4557
01-01 14,Warszawa FIR,0.1204,0.0329,0.0025,0.2537,0.2512
01-01 14,Wien FIR,0.0389,0.0042,0.1149,0.1958,0.0809
01-01 14,Zagreb FIR,0.2432,0.0347,0.0221,0.5321,0.51
01-01 15,Global,0.0253,0.007,0.0161,0.0815,0.0654
01-01 15,Europe,0.0713,0.0084,0.0387,0.2191,0.1804
01-01 15,European Airspace,0.061,0.0157,0.0211,0.1642,0.1431
01-01 15,Africa Middle East,0.0288,0.0122,0.0133,0.0652,0.0519
01-01 15,East Asia,0.0113,0.0006,0.0,0.0352,0.0352
01-01 15,Southeast Asia,0.0603,0.0225,0.0001,0.117,0.1169
01-01 15,India,0.0128,0.0041,0.0,0.0328,0.0328
01-01 15,China,0.0216,0.0036,0.0,0.065,0.065
01-01 15,Latin America,0.0076,0.0007,0.0393,0.0821,0.0427
01-01 15,USA,0.0001,0.0,0.0464,0.0524,0.006
01-01 15,North Atlantic,0.0244,0.0048,0.0184,0.0886,0.0702
01-01 15,North Pacific,0.0224,0.006,0.0033,0.0904,0.0872
01-01 15,Amsterdam FIR,0.0012,0.0,0.0038,0.0094,0.0056
01-01 15,Athinai FIR,0.0007,0.0,0.0076,0.0316,0.024
01-01 15,Barcelona FIR,0.0,0.0,0.0017,0.0116,0.0099
01-01 15,Beograd FIR,0.2315,0.0723,0.0209,0.5486,0.5277
01-01 15,Bordeaux FIR,0.0,0.0,0.0644,0.0725,0.0081
01-01 15,Bratislava  FIR,0.0,0.0,0.0,0.0,0.0
01-01 15,Bremen FIR,0.041,0.0052,0.0,0.0816,0.0816
01-01 15,Brest FIR,0.0655,0.0004,0.1188,0.4202,0.3014
01-01 15,Brindisi FIR,0.0982,0.0255,0.0791,0.3851,0.306
01-01 15,Brussels FIR,0.0068,0.0,0.0106,0.0377,0.0271
01-01 15,Bucarest FIR,0.103,0.0699,0.0,0.2897,0.2897
01-01 15,Budapest FIR,0.0855,0.0,0.0016,0.2894,0.2878
01-01 15,Canarias FIR,0.0,0.0,0.0068,0.0078,0.001
01-01 15,Chisinau FIR,0.3918,0.2084,0.0,0.4218,0.4218
01-01 15,Copenhagen FIR,0.017,0.0007,0.0004,0.1279,0.1276
01-01 15,Helsinki FIR,0.0054,0.0033,0.0,0.0316,0.0316
01-01 15,Langen FIR,0.0642,0.014,0.0034,0.1256,0.1223
01-01 15,Lisboa FIR,0.0789,0.0082,0.0965,0.2466,0.1501
01-01 15,Ljubljana FIR,0.3414,0.0,0.0212,0.5002,0.479
01-01 15,London FIR,0.099,0.0007,0.0141,0.2841,0.27
01-01 15,Madrid FIR,0.0165,0.0003,0.1001,0.2002,0.1
01-01 15,Malta FIR,0.0166,0.0,0.076,0.1762,0.1002
01-01 15,Marseille FIR,0.0845,0.0071,0.0043,0.1491,0.1449
01-01 15,Milano FIR,0.284,0.0398,0.005,0.3686,0.3636
01-01 15,Munchen FIR,0.0682,0.0119,0.0313,0.1795,0.1481
01-01 15,Paris FIR,0.018,0.0,0.1479,0.3052,0.1573
01-01 15,Polaris FIR,0.0335,0.0159,0.0,0.162,0.162
01-01 15,Praha FIR,0.0,0.0,0.0038,0.0052,0.0014
01-01 15,Reims FIR,0.0316,0.0005,0.0141,0.0494,0.0352
01-01 15,Reykjavik FIR,0.1141,0.041,0.0,0.1709,0.1709
01-01 15,Riga FIR,0.0717,0.0243,0.0,0.3315,0.3315
01-01 15,Roma FIR,0.1275,0.0036,0.0745,0.4389,0.3645
01-01 15,Santa Maria FIR,0.049,0.0197,0.0396,0.1234,0.0837
01-01 15,Sarajevo FIR,0.2429,0.0757,0.0158,0.5324,0.5167
01-01 15,Scottish FIR,0.0191,0.0037,0.0015,0.0366,0.0351
01-01 15,Shannon FIR,0.0389,0.0021,0.0016,0.1451,0.1435
01-01 15,Skopje FIR,0.1148,0.0226,0.024,0.3964,0.3724
01-01 15,Sofia FIR,0.0632,0.0364,0.0,0.1914,0.1914
01-01 15,Sweden FIR,0.0599,0.0192,0.0,0.1114,0.1114
01-01 15,Switzerland FIR,0.0868,0.0171,0.0202,0.111,0.0908
01-01 15,Tallinn FIR,0.0404,0.016,0.0,0.0901,0.0901
01-01 15,Tirana FIR,0.1823,0.0579,0.0325,0.3659,0.3334
01-01 15,Vilnius FIR,0.0855,0.0427,0.0,0.4234,0.4234
01-01 15,Warszawa FIR,0.1129,0.0273,0.0,0.2313,0.2313
01-01 15,Wien FIR,0.0573,0.0007,0.0268,0.2361,0.2093
01-01 15,Zagreb FIR,0.2471,0.0522,0.0035,0.5219,0.5183
01-01 16,Global,0.0247,0.0066,0.0162,0.0819,0.0657
01-01 16,Europe,0.0761,0.0084,0.0131,0.225,0.2118
01-01 16,European Airspace,0.0639,0.0169,0.0108,0.1659,0.155
01-01 16,Africa Middle East,0.0316,0.0128,0.0083,0.0684,0.0601
01-01 16,East Asia,0.0089,0.0003,0.0,0.0344,0.0344
01-01 16,Southeast Asia,0.0594,0.0199,0.0003,0.1213,0.121
01-01 16,India,0.0115,0.003,0.0,0.0328,0.0328
01-01 16,China,0.0198,0.0027,0.0,0.0647,0.0647
01-01 16,Latin America,0.0081,0.0011,0.0415,0.0808,0.0393
01-01 16,USA,0.0,0.0,0.046,0.0502,0.0041
01-01 16,North Atlantic,0.0281,0.006,0.0125,0.087,0.0745
01-01 16,North Pacific,0.0203,0.0051,0.0075,0.0928,0.0853
01-01 16,Amsterdam FIR,0.0118,0.0,0.0,0.0358,0.0358
01-01 16,Athinai FIR,0.0027,0.0,0.0,0.0327,0.0327
01-01 16,Barcelona FIR,0.0,0.0,0.0,0.002,0.002
01-01 16,Beograd FIR,0.2678,0.0525,0.0,0.5383,0.5383
01-01 16,Bordeaux FIR,0.0054,0.0,0.0386,0.1053,0.0668
01-01 16,Bratislava  FIR,0.0,0.0,0.0,0.0006,0.0006
01-01 16,Bremen FIR,0.0308,0.0055,0.0,0.0704,0.0704
01-01 16,Brest FIR,0.0674,0.0,0.0353,0.4391,0.4038
01-01 16,Brindisi FIR,0.0811,0.0124,0.0,0.4101,0.4101
01-01 16,Brussels FIR,0.0309,0.0,0.0,0.1191,0.1191
01-01 16,Bucarest FIR,0.0975,0.0603,0.0,0.323,0.323
01-01 16,Budapest FIR,0.0804,0.0,0.0,0.2929,0.2929
01-01 16,Canarias FIR,0.0008,0.0001,0.0019,0.0036,0.0017
01-01 16,Chisinau FIR,0.2265,0.2207,0.0,0.2682,0.2682
01-01 16,Copenhagen FIR,0.0158,0.0004,0.0,0.1249,0.1249
01-01 16,Helsinki FIR,0.0073,0.0049,0.0,0.0451,0.0451
01-01 16,Langen FIR,0.0373,0.0005,0.0,0.077,0.077
01-01 16,Lisboa FIR,0.0948,0.0095,0.0739,0.2879,0.214
01-01 16,Ljubljana FIR,0.3299,0.0016,0.0,0.4969,0.4969
01-01 16,London FIR,0.0988,0.0058,0.0022,0.3286,0.3264
01-01 16,Madrid FIR,0.0305,0.0012,0.0632,0.2207,0.1575
01-01 16,Malta FIR,0.0296,0.0,0.0018,0.1968,0.195
01-01 16,Marseille FIR,0.0469,0.0015,0.0002,0.1083,0.1081
01-01 16,Milano FIR,0.2534,0.0275,0.0,0.3256,0.3256
01-01 16,Munchen FIR,0.0886,0.0093,0.0,0.1854,0.1854
01-01 16,Paris FIR,0.0512,0.0,0.0056,0.3729,0.3673
01-01 16,Polaris FIR,0.0386,0.0152,0.0,0.1691,0.1691
01-01 16,Praha FIR,0.0007,0.0,0.0,0.0182,0.0182
01-01 16,Reims FIR,0.0026,0.0,0.0,0.082,0.082
01-01 16,Reykjavik FIR,0.1077,0.0415,0.0,0.1632,0.1632
01-01 16,Riga FIR,0.0741,0.026,0.0,0.3571,0.3571
01-01 16,Roma FIR,0.1595,0.0042,0.0001,0.4492,0.4491
01-01 16,Santa Maria FIR,0.0591,0.0256,0.0316,0.1259,0.0943
01-01 16,Sarajevo FIR,0.2861,0.1084,0.0,0.5161,0.5161
01-01 16,Scottish FIR,0.029,0.0105,0.0,0.0489,0.0489
01-01 16,Shannon FIR,0.0236,0.0,0.0,0.1003,0.1003
01-01 16,Skopje FIR,0.2399,0.0567,0.0,0.4267,0.4267
01-01 16,Sofia FIR,0.0759,0.0307,0.0,0.2414,0.2414
01-01 16,Sweden FIR,0.0641,0.0191,0.0,0.1311,0.1311
01-01 16,Switzerland FIR,0.0345,0.0,0.0,0.042,0.042
01-01 16,Tallinn FIR,0.0499,0.0103,0.0,0.1412,0.1412
01-01 16,Tirana FIR,0.1243,0.0308,0.0,0.3567,0.3567
01-01 16,Vilnius FIR,0.1112,0.0502,0.0,0.4476,0.4476
01-01 16,Warszawa FIR,0.1069,0.0226,0.0,0.2198,0.2198
01-01 16,Wien FIR,0.0747,0.0,0.0,0.2882,0.2882
01-01 16,Zagreb FIR,0.2475,0.0627,0.0,0.5015,0.5015
01-01 17,Global,0.0242,0.006,0.0167,0.0822,0.0656
01-01 17,Europe,0.0753,0.0095,0.0019,0.2343,0.2324
01-01 17,European Airspace,0.0644,0.0178,0.0039,0.1668,0.1629
01-01 17,Africa Middle East,0.0332,0.0124,0.0044,0.0709,0.0665
01-01 17,East Asia,0.0063,0.0001,0.0,0.0332,0.0332
01-01 17,Southeast Asia,0.0554,0.0163,0.0008,0.1252,0.1244
01-01 17,India,0.01,0.0022,0.0,0.0329,0.0329
01-01 17,China,0.0177,0.0019,0.0,0.0629,0.0629
01-01 17,Latin America,0.0102,0.0018,0.0419,0.079,0.0371
01-01 17,USA,0.0001,0.0,0.0448,0.0491,0.0043
01-01 17,North Atlantic,0.0308,0.0061,0.0055,0.0845,0.079
01-01 17,North Pacific,0.0191,0.0044,0.0119,0.0958,0.0839
01-01 17,Amsterdam FIR,0.036,0.0,0.0,0.0784,0.0784
01-01 17,Athinai FIR,0.0062,0.0001,0.0,0.045,0.045
01-01 17,Barcelona FIR,0.0,0.0,0.0,0.0,0.0
01-01 17,Beograd FIR,0.276,0.0626,0.0,0.5226,0.5226
01-01 17,Bordeaux FIR,0.0248,0.0,0.0,0.1922,0.1922
01-01 17,Bratislava  FIR,0.0,0.0,0.0,0.0078,0.0078
01-01 17,Bremen FIR,0.0202,0.0072,0.0,0.0561,0.0561
01-01 17,Brest FIR,0.0544,0.0,0.0,0.439,0.439
01-01 17,Brindisi FIR,0.0588,0.0085,0.0,0.3978,0.3978
01-01 17,Brussels FIR,0.0613,0.0,0.0,0.2763,0.2763
01-01 17,Bucarest FIR,0.1133,0.0578,0.0,0.3466,0.3466
01-01 17,Budapest FIR,0.0377,0.01,0.0,0.3251,0.3251
01-01 17,Canarias FIR,0.0021,0.0009,0.0002,0.003,0.0028
01-01 17,Chisinau FIR,0.1272,0.1215,0.0,0.2582,0.2582
01-01 17,Copenhagen FIR,0.0153,0.0011,0.0,0.1194,0.1194
01-01 17,Helsinki FIR,0.0087,0.0058,0.0,0.0557,0.0557
01-01 17,Langen FIR,0.0059,0.0,0.0,0.0273,0.0273
01-01 17,Lisboa FIR,0.0918,0.0137,0.0419,0.3262,0.2842
01-01 17,Ljubljana FIR,0.2745,0.0066,0.0,0.4609,0.4609
01-01 17,London FIR,0.109,0.0099,0.0,0.3491,0.3491
01-01 17,Madrid FIR,0.0366,0.0016,0.0024,0.2465,0.2441
01-01 17,Malta FIR,0.0304,0.0,0.0,0.217,0.217
01-01 17,Marseille FIR,0.0232,0.0019,0.0,0.0762,0.0762
01-01 17,Milano FIR,0.1932,0.0231,0.0,0.2561,0.2561
01-01 17,Munchen FIR,0.0884,0.0046,0.0,0.1622,0.1622
01-01 17,Paris FIR,0.0581,0.0,0.0,0.394,0.394
01-01 17,Polaris FIR,0.0366,0.0131,0.0,0.1771,0.1771
01-01 17,Praha FIR,0.0,0.0,0.0,0.0586,0.0586
01-01 17,Reims FIR,0.0,0.0,0.0,0.2579,0.2579
01-01 17,Reykjavik FIR,0.1027,0.0423,0.0,0.1546,0.1546
01-01 17,Riga FIR,0.083,0.0242,0.0,0.3704,0.3704
01-01 17,Roma FIR,0.19,0.0051,0.0,0.4605,0.4605
01-01 17,Santa Maria FIR,0.0661,0.0268,0.0224,0.1292,0.1067
01-01 17,Sarajevo FIR,0.2971,0.1411,0.0,0.5011,0.5011
01-01 17,Scottish FIR,0.0396,0.0148,0.0,0.0606,0.0606
01-01 17,Shannon FIR,0.0083,0.0003,0.0,0.0582,0.0582
01-01 17,Skopje FIR,0.2552,0.0605,0.0,0.4546,0.4546
01-01 17,Sofia FIR,0.1101,0.0341,0.0,0.2863,0.2863
01-01 17,Sweden FIR,0.0635,0.0181,0.0,0.1404,0.1404
01-01 17,Switzerland FIR,0.0048,0.0,0.0,0.021,0.021
01-01 17,Tallinn FIR,0.0501,0.0044,0.0,0.1983,0.1983
01-01 17,Tirana FIR,0.1279,0.0422,0.0,0.4057,0.4057
01-01 17,Vilnius FIR,0.144,0.0531,0.0,0.4448,0.4448
01-01 17,Warszawa FIR,0.1006,0.0201,0.0,0.2148,0.2148
01-01 17,Wien FIR,0.0988,0.0,0.0,0.3268,0.3268
01-01 17,Zagreb FIR,0.2185,0.0694,0.0,0.4763,0.4763
01-01 18,Global,0.0236,0.0055,0.0173,0.0825,0.0653
01-01 18,Europe,0.0718,0.0104,0.0,0.2433,0.2433
01-01 18,European Airspace,0.0647,0.0185,0.0008,0.168,0.1672
01-01 18,Africa Middle East,0.0334,0.0114,0.0019,0.0736,0.0717
01-01 18,East Asia,0.0045,0.0,0.0,0.0309,0.0309
01-01 18,Southeast Asia,0.0499,0.0115,0.0019,0.1282,0.1263
01-01 18,India,0.0079,0.0015,0.0,0.0321,0.0321
01-01 18,China,0.0147,0.0015,0.0,0.0601,0.0601
01-01 18,Latin America,0.0137,0.0028,0.0398,0.0783,0.0385
01-01 18,USA,0.0004,0.0,0.0445,0.0499,0.0054
01-01 18,North Atlantic,0.0325,0.0058,0.0026,0.0823,0.0797
01-01 18,North Pacific,0.0187,0.0041,0.0178,0.0984,0.0806
01-01 18,Amsterdam FIR,0.0739,0.0,0.0,0.1473,0.1473
01-01 18,Athinai FIR,0.0085,0.0001,0.0,0.0672,0.0672
01-01 18,Barcelona FIR,0.0,0.0,0.0,0.0011,0.0011
01-01 18,Beograd FIR,0.2964,0.1046,0.0,0.5043,0.5043
01-01 18,Bordeaux FIR,0.0145,0.0,0.0,0.3215,0.3215
01-01 18,Bratislava  FIR,0.0,0.0,0.0,0.0398,0.0398
01-01 18,Bremen FIR,0.0156,0.0049,0.0,0.0425,0.0425
01-01 18,Brest FIR,0.0677,0.0,0.0,0.4406,0.4406
01-01 18,Brindisi FIR,0.0695,0.0069,0.0,0.4502,0.4502
01-01 18,Brussels FIR,0.0977,0.0,0.0,0.3569,0.3569
01-01 18,Bucarest FIR,0.1517,0.0687,0.0,0.3746,0.3746
01-01 18,Budapest FIR,0.0445,0.0363,0.0,0.3432,0.3432
01-01 18,Canarias FIR,0.0032,0.0017,0.0001,0.0044,0.0043
01-01 18,Chisinau FIR,0.0993,0.05,0.0,0.3552,0.3552
01-01 18,Copenhagen FIR,0.0154,0.0022,0.0,0.11,0.11
01-01 18,Helsinki FIR,0.0106,0.0059,0.0,0.0601,0.0601
01-01 18,Langen FIR,0.0005,0.0,0.0,0.0571,0.0571
01-01 18,Lisboa FIR,0.0815,0.0159,0.0003,0.3479,0.3476
01-01 18,Ljubljana FIR,0.2941,0.023,0.0,0.4444,0.4444
01-01 18,London FIR,0.1033,0.0105,0.0,0.3548,0.3548
01-01 18,Madrid FIR,0.037,0.0014,0.0,0.2692,0.2692
01-01 18,Malta FIR,0.0278,0.0,0.0,0.2784,0.2784
01-01 18,Marseille FIR,0.0085,0.001,0.0,0.0463,0.0463
01-01 18,Milano FIR,0.1346,0.0186,0.0,0.1821,0.1821
01-01 18,Munchen FIR,0.0544,0.001,0.0,0.1005,0.1005
01-01 18,Paris FIR,0.0596,0.0,0.0,0.437,0.437
01-01 18,Polaris FIR,0.0281,0.0095,0.0,0.1777,0.1777
01-01 18,Praha FIR,0.0039,0.0,0.0,0.1039,0.1039
01-01 18,Reims FIR,0.0,0.0,0.0,0.3787,0.3787
01-01 18,Reykjavik FIR,0.1019,0.0426,0.0,0.1436,0.1436
01-01 18,Riga FIR,0.0921,0.0257,0.0,0.3656,0.3656
01-01 18,Roma FIR,0.1869,0.0113,0.0,0.4563,0.4563
01-01 18,Santa Maria FIR,0.0705,0.0262,0.0112,0.1319,0.1207
01-01 18,Sarajevo FIR,0.3105,0.128,0.0,0.4751,0.4751
01-01 18,Scottish FIR,0.0478,0.0181,0.0,0.0726,0.0726
01-01 18,Shannon FIR,0.0016,0.0,0.0,0.0147,0.0147
01-01 18,Skopje FIR,0.2162,0.0784,0.0,0.4499,0.4499
01-01 18,Sofia FIR,0.1234,0.0361,0.0,0.3157,0.3157
01-01 18,Sweden FIR,0.0629,0.0159,0.0,0.1452,0.1452
01-01 18,Switzerland FIR,0.0,0.0,0.0,0.0711,0.0711
01-01 18,Tallinn FIR,0.0613,0.0009,0.0,0.2514,0.2514
01-01 18,Tirana FIR,0.1543,0.0632,0.0,0.476,0.476
01-01 18,Vilnius FIR,0.1638,0.076,0.0,0.4402,0.4402
01-01 18,Warszawa FIR,0.0926,0.0154,0.0,0.204,0.204
01-01 18,Wien FIR,0.1094,0.0003,0.0,0.3519,0.3519
01-01 18,Zagreb FIR,0.2184,0.0801,0.0,0.4653,0.4653
01-01 19,Global,0.0229,0.0051,0.0179,0.0827,0.0648
01-01 19,Europe,0.068,0.0095,0.0,0.246,0.246
01-01 19,European Airspace,0.0656,0.0185,0.0,0.1691,0.1691
01-01 19,Africa Middle East,0.0324,0.0113,0.0006,0.0748,0.0742
01-01 19,East Asia,0.0031,0.0,0.0001,0.0278,0.0276
01-01 19,Southeast Asia,0.0408,0.006,0.0043,0.1282,0.1239
01-01 19,India,0.0058,0.0009,0.0,0.0299,0.0299
01-01 19,China,0.0116,0.0011,0.0002,0.0574,0.0573
01-01 19,Latin America,0.0186,0.0045,0.0342,0.0779,0.0437
01-01 19,USA,0.0021,0.0001,0.0421,0.0515,0.0094
01-01 19,North Atlantic,0.0321,0.0053,0.0016,0.0798,0.0782
01-01 19,North Pacific,0.0188,0.0042,0.0287,0.1003,0.0716
01-01 19,Amsterdam FIR,0.1058,0.0,0.0,0.2306,0.2306
01-01 19,Athinai FIR,0.0117,0.0024,0.0,0.0871,0.0871
01-01 19,Barcelona FIR,0.0,0.0,0.0,0.0103,0.0103
01-01 19,Beograd FIR,0.3077,0.1118,0.0,0.4879,0.4879
01-01 19,Bordeaux FIR,0.0122,0.0,0.0,0.4062,0.4062
01-01 19,Bratislava  FIR,0.0,0.0,0.0,0.0867,0.0867
01-01 19,Bremen FIR,0.0111,0.003,0.0,0.0292,0.0292
01-01 19,Brest FIR,0.0728,0.0,0.0,0.4319,0.4319
01-01 19,Brindisi FIR,0.1251,0.0097,0.0,0.4842,0.4842
01-01 19,Brussels FIR,0.0988,0.0,0.0,0.452,0.452
01-01 19,Bucarest FIR,0.1891,0.0991,0.0,0.4242,0.4242
01-01 19,Budapest FIR,0.075,0.0557,0.0,0.3578,0.3578
01-01 19,Canarias FIR,0.004,0.0022,0.0,0.0055,0.0055
01-01 19,Chisinau FIR,0.2513,0.0881,0.0,0.4274,0.4274
01-01 19,Copenhagen FIR,0.0099,0.0013,0.0,0.0983,0.0983
01-01 19,Helsinki FIR,0.0139,0.0077,0.0,0.0611,0.0611
01-01 19,Langen FIR,0.0212,0.0,0.0,0.1518,0.1518
01-01 19,Lisboa FIR,0.0726,0.0187,0.0,0.3477,0.3477
01-01 19,Ljubljana FIR,0.2876,0.0867,0.0,0.4412,0.4412
01-01 19,London FIR,0.0915,0.01,0.0,0.3254,0.3254
01-01 19,Madrid FIR,0.0492,0.0025,0.0,0.2957,0.2957
01-01 19,Malta FIR,0.0369,0.0005,0.0,0.3385,0.3385
01-01 19,Marseille FIR,0.0017,0.0,0.0,0.0362,0.0362
01-01 19,Milano FIR,0.0805,0.0109,0.0,0.1088,0.1088
01-01 19,Munchen FIR,0.0164,0.0008,0.0,0.0392,0.0392
01-01 19,Paris FIR,0.0473,0.0,0.0,0.4737,0.4737
01-01 19,Polaris FIR,0.0217,0.0073,0.0,0.1767,0.1767
01-01 19,Praha FIR,0.0078,0.0003,0.0,0.1125,0.1125
01-01 19,Reims FIR,0.0,0.0,0.0,0.411,0.411
01-01 19,Reykjavik FIR,0.103,0.0396,0.0,0.1343,0.1343
01-01 19,Riga FIR,0.1011,0.0197,0.0,0.3751,0.3751
01-01 19,Roma FIR,0.1628,0.0145,0.0,0.4323,0.4323
01-01 19,Santa Maria FIR,0.0714,0.0254,0.0023,0.1368,0.1345
01-01 19,Sarajevo FIR,0.2767,0.0846,0.0,0.4677,0.4677
01-01 19,Scottish FIR,0.0576,0.0189,0.0,0.0845,0.0845
01-01 19,Shannon FIR,0.0,0.0,0.0,0.0001,0.0001
01-01 19,Skopje FIR,0.2326,0.134,0.0,0.4498,0.4498
01-01 19,Sofia FIR,0.1276,0.0369,0.0,0.3303,0.3303
01-01 19,Sweden FIR,0.0663,0.0126,0.0,0.1528,0.1528
01-01 19,Switzerland FIR,0.0,0.0,0.0,0.1943,0.1943
01-01 19,Tallinn FIR,0.0519,0.0021,0.0,0.2626,0.2626
01-01 19,Tirana FIR,0.0824,0.0436,0.0,0.3803,0.3803
01-01 19,Vilnius FIR,0.171,0.0932,0.0,0.4514,0.4514
01-01 19,Warszawa FIR,0.0883,0.0113,0.0,0.1889,0.1889
01-01 19,Wien FIR,0.0957,0.0003,0.0,0.3098,0.3098
01-01 19,Zagreb FIR,0.2432,0.0836,0.0,0.4743,0.4743
01-01 20,Global,0.0221,0.005,0.0185,0.0829,0.0643
01-01 20,Europe,0.0684,0.0086,0.0,0.2473,0.2473
01-01 20,European Airspace,0.0666,0.0182,0.0001,0.1694,0.1694
01-01 20,Africa Middle East,0.0315,0.0111,0.0002,0.0754,0.0752
01-01 20,East Asia,0.0012,0.0,0.0006,0.0245,0.0239
01-01 20,Southeast Asia,0.027,0.002,0.0105,0.1262,0.1156
01-01 20,India,0.0037,0.0005,0.0,0.0272,0.0271
01-01 20,China,0.0094,0.0008,0.0005,0.0555,0.055
01-01 20,Latin America,0.0246,0.0067,0.0264,0.079,0.0526
01-01 20,USA,0.0058,0.0007,0.0346,0.0534,0.0188
01-01 20,North Atlantic,0.0316,0.0044,0.0007,0.0778,0.0772
01-01 20,North Pacific,0.0193,0.0044,0.0339,0.1004,0.0665
01-01 20,Amsterdam FIR,0.1429,0.0,0.0,0.3354,0.3354
01-01 20,Athinai FIR,0.0191,0.0062,0.0,0.1161,0.1161
01-01 20,Barcelona FIR,0.0,0.0,0.0,0.0186,0.0186
01-01 20,Beograd FIR,0.2765,0.0932,0.0,0.4857,0.4857
01-01 20,Bordeaux FIR,0.0215,0.0,0.0,0.3448,0.3448
01-01 20,Bratislava  FIR,0.0006,0.0,0.0,0.1072,0.1072
01-01 20,Bremen FIR,0.0092,0.0009,0.0,0.0218,0.0218
01-01 20,Brest FIR,0.0859,0.0007,0.0,0.4276,0.4276
01-01 20,Brindisi FIR,0.1947,0.0174,0.0,0.5138,0.5138
01-01 20,Brussels FIR,0.1078,0.0,0.0,0.4964,0.4964
01-01 20,Bucarest FIR,0.2434,0.1268,0.0,0.4726,0.4726
01-01 20,Budapest FIR,0.1199,0.0725,0.0,0.3708,0.3708
01-01 20,Canarias FIR,0.0055,0.0028,0.0,0.0067,0.0067
01-01 20,Chisinau FIR,0.3311,0.2185,0.0,0.4766,0.4766
01-01 20,Copenhagen FIR,0.0077,0.0004,0.0,0.0822,0.0822
01-01 20,Helsinki FIR,0.0184,0.0091,0.0,0.0641,0.0641
01-01 20,Langen FIR,0.0675,0.0,0.0,0.2705,0.2705
01-01 20,Lisboa FIR,0.0839,0.0249,0.0,0.3456,0.3456
01-01 20,Ljubljana FIR,0.2696,0.0819,0.0,0.3938,0.3938
01-01 20,London FIR,0.0758,0.009,0.0,0.2819,0.2819
01-01 20,Madrid FIR,0.0601,0.0033,0.0,0.3231,0.3231
01-01 20,Malta FIR,0.0407,0.0016,0.0,0.3727,0.3727
01-01 20,Marseille FIR,0.0004,0.0,0.0,0.0611,0.0611
01-01 20,Milano FIR,0.0323,0.0013,0.0,0.0545,0.0545
01-01 20,Munchen FIR,0.0011,0.0,0.0,0.0284,0.0284
01-01 20,Paris FIR,0.0356,0.0,0.0,0.4822,0.4822
01-01 20,Polaris FIR,0.0183,0.0055,0.0,0.1701,0.1701
01-01 20,Praha FIR,0.006,0.0,0.0,0.0886,0.0886
01-01 20,Reims FIR,0.0,0.0,0.0,0.4906,0.4906
01-01 20,Reykjavik FIR,0.0973,0.0343,0.0,0.1265,0.1265
01-01 20,Riga FIR,0.0901,0.0084,0.0,0.3924,0.3924
01-01 20,Roma FIR,0.1346,0.0152,0.0,0.3979,0.3979
01-01 20,Santa Maria FIR,0.0671,0.0237,0.0,0.141,0.141
01-01 20,Sarajevo FIR,0.2904,0.0772,0.0,0.4849,0.4849
01-01 20,Scottish FIR,0.0665,0.0165,0.0,0.0993,0.0993
01-01 20,Shannon FIR,0.0004,0.0,0.0,0.0016,0.0016
01-01 20,Skopje FIR,0.2019,0.1161,0.0,0.4369,0.4369
01-01 20,Sofia FIR,0.1782,0.0772,0.0,0.3582,0.3582
01-01 20,Sweden FIR,0.0656,0.0079,0.0,0.1579,0.1579
01-01 20,Switzerland FIR,0.0,0.0,0.0,0.22,0.22
01-01 20,Tallinn FIR,0.0323,0.0023,0.0,0.2715,0.2715
01-01 20,Tirana FIR,0.0156,0.0139,0.0,0.3518,0.3518
01-01 20,Vilnius FIR,0.1901,0.0923,0.0,0.4601,0.4601
01-01 20,Warszawa FIR,0.0844,0.0084,0.0,0.1743,0.1743
01-01 20,Wien FIR,0.0858,0.001,0.0,0.2344,0.2344
01-01 20,Zagreb FIR,0.2436,0.0556,0.0,0.4494,0.4494
01-01 21,Global,0.0216,0.0048,0.0194,0.0828,0.0633
01-01 21,Europe,0.068,0.0072,0.0,0.248,0.248
01-01 21,European Airspace,0.0664,0.0162,0.0002,0.1695,0.1693
01-01 21,Africa Middle East,0.0305,0.0105,0.0001,0.0751,0.075
01-01 21,East Asia,0.0001,0.0,0.0031,0.0217,0.0186
01-01 21,Southeast Asia,0.0135,0.0003,0.0258,0.1245,0.0987
01-01 21,India,0.002,0.0002,0.0,0.0243,0.0242
01-01 21,China,0.0075,0.0007,0.0014,0.0545,0.053
01-01 21,Latin America,0.0308,0.0093,0.0176,0.0808,0.0631
01-01 21,USA,0.0104,0.0012,0.0263,0.0561,0.0298
01-01 21,North Atlantic,0.0303,0.003,0.0,0.0767,0.0767
01-01 21,North Pacific,0.0208,0.0048,0.0351,0.1004,0.0653
01-01 21,Amsterdam FIR,0.1474,0.0033,0.0,0.3872,0.3872
01-01 21,Athinai FIR,0.0319,0.0084,0.0,0.139,0.139
01-01 21,Barcelona FIR,0.0,0.0,0.0,0.0118,0.0118
01-01 21,Beograd FIR,0.2319,0.0666,0.0,0.4707,0.4707
01-01 21,Bordeaux FIR,0.0395,0.0,0.0,0.3596,0.3596
01-01 21,Bratislava  FIR,0.0024,0.0,0.0,0.1052,0.1052
01-01 21,Bremen FIR,0.023,0.0,0.0,0.0479,0.0479
01-01 21,Brest FIR,0.0883,0.0001,0.0,0.4133,0.4133
01-01 21,Brindisi FIR,0.2193,0.0272,0.0,0.4942,0.4942
01-01 21,Brussels FIR,0.121,0.0,0.0,0.4781,0.4781
01-01 21,Bucarest FIR,0.3159,0.1307,0.0,0.5242,0.5242
01-01 21,Budapest FIR,0.165,0.0604,0.0,0.3704,0.3704
01-01 21,Canarias FIR,0.007,0.0032,0.0,0.0078,0.0078
01-01 21,Chisinau FIR,0.3939,0.2531,0.0,0.5466,0.5466
01-01 21,Copenhagen FIR,0.0045,0.0,0.0,0.062,0.062
01-01 21,Helsinki FIR,0.0193,0.007,0.0,0.0696,0.0696
01-01 21,Langen FIR,0.1082,0.0,0.0,0.4094,0.4094
01-01 21,Lisboa FIR,0.0963,0.0287,0.0,0.3415,0.3415
01-01 21,Ljubljana FIR,0.183,0.0311,0.0,0.2467,0.2467
01-01 21,London FIR,0.0599,0.0045,0.0,0.2432,0.2432
01-01 21,Madrid FIR,0.0604,0.0048,0.0,0.3596,0.3596
01-01 21,Malta FIR,0.0354,0.0009,0.0,0.3795,0.3795
01-01 21,Marseille FIR,0.0078,0.0,0.0,0.0915,0.0915
01-01 21,Milano FIR,0.003,0.0,0.0,0.0362,0.0362
01-01 21,Munchen FIR,0.0,0.0,0.0,0.0677,0.0677
01-01 21,Paris FIR,0.0353,0.0,0.0,0.5043,0.5043
01-01 21,Polaris FIR,0.0138,0.0049,0.0,0.1588,0.1588
01-01 21,Praha FIR,0.0025,0.0,0.0,0.0657,0.0657
01-01 21,Reims FIR,0.0105,0.0,0.0,0.4889,0.4889
01-01 21,Reykjavik FIR,0.0886,0.027,0.0,0.1175,0.1175
01-01 21,Riga FIR,0.0629,0.0038,0.0,0.3881,0.3881
01-01 21,Roma FIR,0.1107,0.0154,0.0,0.3515,0.3515
01-01 21,Santa Maria FIR,0.0614,0.0193,0.0,0.1402,0.1402
01-01 21,Sarajevo FIR,0.2886,0.0491,0.0,0.4808,0.4808
01-01 21,Scottish FIR,0.0693,0.0131,0.0,0.1145,0.1145
01-01 21,Shannon FIR,0.001,0.0,0.0,0.0028,0.0028
01-01 21,Skopje FIR,0.102,0.0704,0.0,0.3721,0.3721
01-01 21,Sofia FIR,0.2372,0.119,0.0,0.4071,0.4071
01-01 21,Sweden FIR,0.0497,0.0031,0.0,0.1517,0.1517
01-01 21,Switzerland FIR,0.0,0.0,0.0,0.3439,0.3439
01-01 21,Tallinn FIR,0.0252,0.0006,0.0,0.2645,0.2645
01-01 21,Tirana FIR,0.0647,0.0052,0.0,0.4405,0.4405
01-01 21,Vilnius FIR,0.2034,0.0717,0.0,0.4643,0.4643
01-01 21,Warszawa FIR,0.0816,0.0088,0.0,0.1548,0.1548
01-01 21,Wien FIR,0.0577,0.0017,0.0,0.1685,0.1685
01-01 21,Zagreb FIR,0.2354,0.0261,0.0,0.3991,0.3991
01-01 22,Global,0.0219,0.0051,0.0191,0.0812,0.0621
01-01 22,Europe,0.067,0.0057,0.0,0.2455,0.2455
01-01 22,European Airspace,0.0648,0.0136,0.0006,0.1677,0.1671
01-01 22,Africa Middle East,0.0312,0.0105,0.0002,0.0779,0.0777
01-01 22,East Asia,0.0,0.0,0.0093,0.0185,0.0093
01-01 22,Southeast Asia,0.0066,0.0001,0.0478,0.1133,0.0655
01-01 22,India,0.001,0.0,0.0,0.0151,0.0151
01-01 22,China,0.0053,0.0004,0.0033,0.0525,0.0492
01-01 22,Latin America,0.0369,0.0127,0.0087,0.082,0.0733
01-01 22,USA,0.0149,0.0017,0.0173,0.0579,0.0406
01-01 22,North Atlantic,0.0291,0.0023,0.0,0.0744,0.0744
01-01 22,North Pacific,0.0237,0.0055,0.0339,0.0991,0.0652
01-01 22,Amsterdam FIR,0.1339,0.0028,0.0,0.4023,0.4023
01-01 22,Athinai FIR,0.0407,0.0093,0.0,0.1799,0.1799
01-01 22,Barcelona FIR,0.0,0.0,0.0,0.0182,0.0182
01-01 22,Beograd FIR,0.224,0.0276,0.0,0.4322,0.4322
01-01 22,Bordeaux FIR,0.0473,0.0,0.0,0.4492,0.4492
01-01 22,Bratislava  FIR,0.003,0.0,0.0,0.1403,0.1403
01-01 22,Bremen FIR,0.0519,0.0,0.0,0.1119,0.1119
01-01 22,Brest FIR,0.1217,0.0034,0.0,0.4214,0.4214
01-01 22,Brindisi FIR,0.1835,0.0454,0.0,0.4538,0.4538
01-01 22,Brussels FIR,0.0992,0.0,0.0,0.456,0.456
01-01 22,Bucarest FIR,0.3441,0.1282,0.0,0.5525,0.5525
01-01 22,Budapest FIR,0.1877,0.0065,0.0,0.3591,0.3591
01-01 22,Canarias FIR,0.0085,0.0027,0.0,0.0096,0.0096
01-01 22,Chisinau FIR,0.4331,0.178,0.0,0.5636,0.5636
01-01 22,Copenhagen FIR,0.0085,0.0,0.0,0.0446,0.0446
01-01 22,Helsinki FIR,0.0181,0.0034,0.0,0.0606,0.0606
01-01 22,Langen FIR,0.1031,0.0,0.0,0.4847,0.4847
01-01 22,Lisboa FIR,0.0921,0.0214,0.0,0.3226,0.3226
01-01 22,Ljubljana FIR,0.0734,0.0081,0.0,0.106,0.106
01-01 22,London FIR,0.0365,0.0016,0.0,0.1711,0.1711
01-01 22,Madrid FIR,0.0816,0.0097,0.0,0.3939,0.3939
01-01 22,Malta FIR,0.0341,0.0005,0.0,0.3647,0.3647
01-01 22,Marseille FIR,0.0133,0.0,0.0,0.1294,0.1294
01-01 22,Milano FIR,0.0,0.0,0.0,0.0443,0.0443
01-01 22,Munchen FIR,0.0035,0.0,0.0,0.1846,0.1846
01-01 22,Paris FIR,0.0521,0.0016,0.0,0.497,0.497
01-01 22,Polaris FIR,0.0111,0.0038,0.0,0.1591,0.1591
01-01 22,Praha FIR,0.0004,0.0,0.0,0.0096,0.0096
01-01 22,Reims FIR,0.0655,0.0,0.0,0.5148,0.5148
01-01 22,Reykjavik FIR,0.0762,0.0227,0.0,0.1026,0.1026
01-01 22,Riga FIR,0.0366,0.0028,0.0,0.3891,0.3891
01-01 22,Roma FIR,0.0904,0.0099,0.0,0.2896,0.2896
01-01 22,Santa Maria FIR,0.0541,0.0165,0.0,0.128,0.128
01-01 22,Sarajevo FIR,0.2375,0.0246,0.0,0.411,0.411
01-01 22,Scottish FIR,0.0724,0.0107,0.0,0.1354,0.1354
01-01 22,Shannon FIR,0.0,0.0,0.0,0.0,0.0
01-01 22,Skopje FIR,0.0568,0.0138,0.0,0.2011,0.2011
01-01 22,Sofia FIR,0.275,0.1291,0.0,0.416,0.416
01-01 22,Sweden FIR,0.0356,0.0024,0.0,0.1377,0.1377
01-01 22,Switzerland FIR,0.0,0.0,0.0,0.4133,0.4133
01-01 22,Tallinn FIR,0.0273,0.0009,0.0,0.2543,0.2543
01-01 22,Tirana FIR,0.213,0.0,0.0,0.5314,0.5314
01-01 22,Vilnius FIR,0.1869,0.0434,0.0,0.4921,0.4921
01-01 22,Warszawa FIR,0.0789,0.0088,0.0,0.1372,0.1372
01-01 22,Wien FIR,0.0125,0.0014,0.0,0.1294,0.1294
01-01 22,Zagreb FIR,0.1713,0.0187,0.0,0.299,0.299
01-01 23,Global,0.0222,0.0052,0.0201,0.0819,0.0618
01-01 23,Europe,0.0664,0.0053,0.0,0.2484,0.2484
01-01 23,European Airspace,0.0626,0.0109,0.0013,0.1703,0.169
01-01 23,Africa Middle East,0.0308,0.0095,0.0005,0.0787,0.0783
01-01 23,East Asia,0.0001,0.0,0.0126,0.0174,0.0048
01-01 23,Southeast Asia,0.0069,0.0003,0.0699,0.1169,0.047
01-01 23,India,0.0004,0.0,0.0003,0.013,0.0127
01-01 23,China,0.0039,0.0001,0.0073,0.0511,0.0438
01-01 23,Latin America,0.0403,0.0144,0.0042,0.082,0.0778
01-01 23,USA,0.0185,0.0017,0.0106,0.0632,0.0526
01-01 23,North Atlantic,0.0278,0.0017,0.0,0.0726,0.0726
01-01 23,North Pacific,0.0273,0.006,0.0313,0.1009,0.0696
01-01 23,Amsterdam FIR,0.0973,0.0022,0.0,0.3682,0.3682
01-01 23,Athinai FIR,0.0477,0.0087,0.0,0.2126,0.2126
01-01 23,Barcelona FIR,0.0,0.0,0.0,0.0359,0.0359
01-01 23,Beograd FIR,0.2483,0.0248,0.0,0.4561,0.4561
01-01 23,Bordeaux FIR,0.0513,0.0,0.0,0.4929,0.4929
01-01 23,Bratislava  FIR,0.0012,0.0,0.0,0.1489,0.1489
01-01 23,Bremen FIR,0.0692,0.001,0.0,0.181,0.181
01-01 23,Brest FIR,0.1704,0.0044,0.0,0.4285,0.4285
01-01 23,Brindisi FIR,0.1738,0.0454,0.0,0.4287,0.4287
01-01 23,Brussels FIR,0.0871,0.0,0.0,0.4076,0.4076
01-01 23,Bucarest FIR,0.335,0.1141,0.0,0.573,0.573
01-01 23,Budapest FIR,0.1607,0.0012,0.0,0.3024,0.3024
01-01 23,Canarias FIR,0.0088,0.003,0.0,0.01,0.01
01-01 23,Chisinau FIR,0.4828,0.1332,0.0,0.6048,0.6048
01-01 23,Copenhagen FIR,0.0235,0.0004,0.0,0.0536,0.0536
01-01 23,Helsinki FIR,0.0151,0.0021,0.0,0.0704,0.0704
01-01 23,Langen FIR,0.0678,0.0,0.0,0.494,0.494
01-01 23,Lisboa FIR,0.0778,0.0122,0.0,0.3301,0.3301
01-01 23,Ljubljana FIR,0.0049,0.0,0.0,0.0195,0.0195
01-01 23,London FIR,0.0194,0.0002,0.0,0.1391,0.1391
01-01 23,Madrid FIR,0.0989,0.0124,0.0,0.4269,0.4269
01-01 23,Malta FIR,0.0419,0.0,0.0,0.3596,0.3596
01-01 23,Marseille FIR,0.011,0.0,0.0,0.1679,0.1679
01-01 23,Milano FIR,0.0002,0.0,0.0,0.0976,0.0976
01-01 23,Munchen FIR,0.0122,0.0,0.0,0.3407,0.3407
01-01 23,Paris FIR,0.0463,0.0027,0.0,0.4668,0.4668
01-01 23,Polaris FIR,0.0109,0.0032,0.0,0.1596,0.1596
01-01 23,Praha FIR,0.0,0.0,0.0,0.0214,0.0214
01-01 23,Reims FIR,0.1487,0.0083,0.0,0.5024,0.5024
01-01 23,Reykjavik FIR,0.067,0.0173,0.0,0.0934,0.0934
01-01 23,Riga FIR,0.0228,0.0033,0.0,0.389,0.389
01-01 23,Roma FIR,0.0847,0.0005,0.0,0.253,0.253
01-01 23,Santa Maria FIR,0.0499,0.013,0.0,0.1226,0.1226
01-01 23,Sarajevo FIR,0.2021,0.0051,0.0,0.3706,0.3706
01-01 23,Scottish FIR,0.0732,0.0126,0.0,0.1425,0.1425
01-01 23,Shannon FIR,0.0,0.0,0.0,0.0,0.0
01-01 23,Skopje FIR,0.1405,0.0,0.0,0.3338,0.3338
01-01 23,Sofia FIR,0.2889,0.1186,0.0004,0.4199,0.4195
01-01 23,Sweden FIR,0.0268,0.0021,0.0,0.1364,0.1364
01-01 23,Switzerland FIR,0.0318,0.0,0.0,0.4197,0.4197
01-01 23,Tallinn FIR,0.014,0.0006,0.0,0.2132,0.2132
01-01 23,Tirana FIR,0.3254,0.0773,0.0,0.5346,0.5346
01-01 23,Vilnius FIR,0.1886,0.0167,0.0,0.4886,0.4886
01-01 23,Warszawa FIR,0.0699,0.0086,0.0,0.1292,0.1292
01-01 23,Wien FIR,0.0,0.0,0.0,0.1279,0.1279
01-01 23,Zagreb FIR,0.1098,0.0125,0.0,0.2277,0.2277
01-02 00,Global,0.0223,0.0052,0.0209,0.0826,0.0617
01-02 00,Europe,0.0627,0.0038,0.0001,0.2502,0.2501
01-02 00,European Airspace,0.0581,0.0081,0.0032,0.1726,0.1694
01-02 00,Africa Middle East,0.0291,0.0076,0.001,0.0793,0.0783
01-02 00,East Asia,0.0002,0.0,0.0128,0.0164,0.0035
01-02 00,Southeast Asia,0.008,0.0004,0.079,0.1183,0.0393
01-02 00,India,0.0002,0.0,0.0025,0.0108,0.0083
01-02 00,China,0.0026,0.0,0.013,0.0504,0.0374
01-02 00,Latin America,0.0418,0.0156,0.0015,0.0826,0.0811
01-02 00,USA,0.0197,0.0011,0.0041,0.0678,0.0637
01-02 00,North Atlantic,0.0259,0.0011,0.0,0.07,0.07
01-02 00,North Pacific,0.0303,0.0062,0.0269,0.1025,0.0757
01-02 00,Amsterdam FIR,0.0491,0.0,0.0,0.2881,0.2881
01-02 00,Athinai FIR,0.06,0.0105,0.0,0.2453,0.2453
01-02 00,Barcelona FIR,0.0006,0.0,0.0,0.0633,0.0633
01-02 00,Beograd FIR,0.2571,0.0146,0.0074,0.4733,0.4659
01-02 00,Bordeaux FIR,0.069,0.0015,0.0,0.496,0.496
01-02 00,Bratislava  FIR,0.0,0.0,0.0,0.1134,0.1134
01-02 00,Bremen FIR,0.0835,0.0003,0.0,0.2456,0.2456
01-02 00,Brest FIR,0.1764,0.0045,0.0,0.4331,0.4331
01-02 00,Brindisi FIR,0.1554,0.0054,0.0021,0.3936,0.3915
01-02 00,Brussels FIR,0.0739,0.0,0.0,0.3729,0.3729
01-02 00,Bucarest FIR,0.2736,0.0848,0.004,0.5731,0.5692
01-02 00,Budapest FIR,0.1102,0.0015,0.0,0.2312,0.2312
01-02 00,Canarias FIR,0.0079,0.0022,0.0,0.0105,0.0105
01-02 00,Chisinau FIR,0.4526,0.1124,0.0,0.5947,0.5947
01-02 00,Copenhagen FIR,0.0532,0.0083,0.0,0.0797,0.0797
01-02 00,Helsinki FIR,0.0126,0.0004,0.0,0.078,0.078
01-02 00,Langen FIR,0.0519,0.0002,0.0,0.4884,0.4884
01-02 00,Lisboa FIR,0.0662,0.0061,0.0,0.3337,0.3337
01-02 00,Ljubljana FIR,0.0,0.0,0.0,0.0408,0.0408
01-02 00,London FIR,0.0112,0.0,0.0,0.1215,0.1215
01-02 00,Madrid FIR,0.1068,0.0104,0.0,0.4376,0.4376
01-02 00,Malta FIR,0.0699,0.0,0.0,0.3828,0.3828
01-02 00,Marseille FIR,0.0097,0.0,0.0,0.2018,0.2018
01-02 00,Milano FIR,0.0145,0.0002,0.0,0.1807,0.1807
01-02 00,Munchen FIR,0.0145,0.0,0.0,0.4336,0.4336
01-02 00,Paris FIR,0.0352,0.0,0.0,0.4341,0.4341
01-02 00,Polaris FIR,0.0113,0.0035,0.0,0.1527,0.1527
01-02 00,Praha FIR,0.0,0.0,0.0,0.0963,0.0963
01-02 00,Reims FIR,0.1145,0.0074,0.0,0.4982,0.4982
01-02 00,Reykjavik FIR,0.057,0.013,0.0,0.0846,0.0846
01-02 00,Riga FIR,0.0203,0.0003,0.0,0.3604,0.3604
01-02 00,Roma FIR,0.0675,0.0,0.0002,0.2178,0.2176
01-02 00,Santa Maria FIR,0.048,0.01,0.0,0.1207,0.1207
01-02 00,Sarajevo FIR,0.1429,0.0006,0.0013,0.3072,0.3059
01-02 00,Scottish FIR,0.0741,0.0133,0.0,0.1433,0.1433
01-02 00,Shannon FIR,0.0,0.0,0.0,0.0036,0.0036
01-02 00,Skopje FIR,0.2692,0.0064,0.0,0.4788,0.4788
01-02 00,Sofia FIR,0.2697,0.0787,0.0067,0.4298,0.423
01-02 00,Sweden FIR,0.0178,0.0016,0.0,0.1309,0.1309
01-02 00,Switzerland FIR,0.1353,0.0217,0.0,0.4809,0.4809
01-02 00,Tallinn FIR,0.0131,0.0,0.0,0.2063,0.2063
01-02 00,Tirana FIR,0.3538,0.0648,0.0,0.554,0.554
01-02 00,Vilnius FIR,0.1968,0.0096,0.0,0.4734,0.4734
01-02 00,Warszawa FIR,0.0559,0.0079,0.0,0.1136,0.1136
01-02 00,Wien FIR,0.0,0.0,0.0,0.2007,0.2007
01-02 00,Zagreb FIR,0.0542,0.005,0.0022,0.1568,0.1546
01-02 01,Global,0.0221,0.0052,0.0217,0.0832,0.0615
01-02 01,Europe,0.0546,0.0029,0.0007,0.2499,0.2492
01-02 01,European Airspace,0.0511,0.0058,0.0062,0.1736,0.1674
01-02 01,Africa Middle East,0.0247,0.0051,0.0025,0.08,0.0775
01-02 01,East Asia,0.0004,0.0,0.012,0.0155,0.0036
01-02 01,Southeast Asia,0.0089,0.0007,0.0766,0.1179,0.0413
01-02 01,India,0.0002,0.0,0.0051,0.009,0.0039
01-02 01,China,0.001,0.0,0.02,0.0495,0.0294
01-02 01,Latin America,0.0424,0.0159,0.0001,0.0843,0.0842
01-02 01,USA,0.02,0.001,0.0004,0.0709,0.0705
01-02 01,North Atlantic,0.0236,0.0009,0.0001,0.0669,0.0669
01-02 01,North Pacific,0.0314,0.006,0.0207,0.1033,0.0826
01-02 01,Amsterdam FIR,0.04,0.0,0.0,0.2505,0.2505
01-02 01,Athinai FIR,0.0742,0.0081,0.0,0.2793,0.2793
01-02 01,Barcelona FIR,0.0041,0.0,0.0,0.1184,0.1184
01-02 01,Beograd FIR,0.2132,0.0,0.0173,0.449,0.4317
01-02 01,Bordeaux FIR,0.102,0.0037,0.0,0.4905,0.4905
01-02 01,Bratislava  FIR,0.0,0.0,0.0,0.068,0.068
01-02 01,Bremen FIR,0.0984,0.0,0.0,0.3149,0.3149
01-02 01,Brest FIR,0.1605,0.002,0.0,0.4416,0.4416
01-02 01,Brindisi FIR,0.0562,0.0,0.007,0.3345,0.3276
01-02 01,Brussels FIR,0.067,0.0,0.0,0.3914,0.3914
01-02 01,Bucarest FIR,0.2231,0.0495,0.0214,0.5521,0.5308
01-02 01,Budapest FIR,0.0913,0.0015,0.0,0.1646,0.1646
01-02 01,Canarias FIR,0.0066,0.0014,0.0,0.0101,0.0101
01-02 01,Chisinau FIR,0.4246,0.1114,0.0,0.5813,0.5813
01-02 01,Copenhagen FIR,0.0873,0.0113,0.0,0.1243,0.1243
01-02 01,Helsinki FIR,0.0099,0.0002,0.0,0.0833,0.0833
01-02 01,Langen FIR,0.0617,0.0,0.0,0.449,0.449
01-02 01,Lisboa FIR,0.0524,0.0035,0.001,0.3244,0.3234
01-02 01,Ljubljana FIR,0.0,0.0,0.0,0.1011,0.1011
01-02 01,London FIR,0.0068,0.0,0.0,0.1033,0.1033
01-02 01,Madrid FIR,0.1026,0.0087,0.0001,0.4405,0.4404
01-02 01,Malta FIR,0.0892,0.0,0.0013,0.3934,0.3922
01-02 01,Marseille FIR,0.0007,0.0,0.0,0.2144,0.2144
01-02 01,Milano FIR,0.0359,0.0018,0.0,0.269,0.269
01-02 01,Munchen FIR,0.0242,0.0,0.0,0.4705,0.4705
01-02 01,Paris FIR,0.0548,0.0,0.0,0.4123,0.4123
01-02 01,Polaris FIR,0.0126,0.0033,0.0,0.1356,0.1356
01-02 01,Praha FIR,0.0,0.0,0.0,0.1961,0.1961
01-02 01,Reims FIR,0.0617,0.0,0.0,0.5095,0.5095
01-02 01,Reykjavik FIR,0.0459,0.0091,0.0,0.0753,0.0753
01-02 01,Riga FIR,0.0229,0.0,0.0,0.314,0.314
01-02 01,Roma FIR,0.0399,0.0,0.001,0.1874,0.1864
01-02 01,Santa Maria FIR,0.0453,0.0067,0.0001,0.1188,0.1187
01-02 01,Sarajevo FIR,0.0603,0.0,0.0063,0.2083,0.202
01-02 01,Scottish FIR,0.0758,0.0145,0.0,0.1373,0.1373
01-02 01,Shannon FIR,0.0006,0.0004,0.0,0.0116,0.0116
01-02 01,Skopje FIR,0.2955,0.0,0.0,0.5191,0.5191
01-02 01,Sofia FIR,0.2289,0.0398,0.0223,0.4774,0.4551
01-02 01,Sweden FIR,0.0115,0.0012,0.0,0.1173,0.1173
01-02 01,Switzerland FIR,0.1448,0.0156,0.0,0.4817,0.4817
01-02 01,Tallinn FIR,0.0079,0.0003,0.0,0.2251,0.2251
01-02 01,Tirana FIR,0.2892,0.0018,0.0,0.5417,0.5417
01-02 01,Vilnius FIR,0.1781,0.0058,0.0003,0.4541,0.4537
01-02 01,Warszawa FIR,0.0386,0.0058,0.0,0.0967,0.0967
01-02 01,Wien FIR,0.0024,0.0,0.0,0.3074,0.3074
01-02 01,Zagreb FIR,0.0166,0.0,0.0119,0.096,0.0842
01-02 02,Global,0.0216,0.0052,0.0228,0.0833,0.0605
01-02 02,Europe,0.0432,0.0018,0.0023,0.2414,0.2391
01-02 02,European Airspace,0.0422,0.0037,0.0104,0.173,0.1626
01-02 02,Africa Middle East,0.0184,0.0026,0.0072,0.0795,0.0722
01-02 02,East Asia,0.0007,0.0,0.0106,0.0146,0.0041
01-02 02,Southeast Asia,0.0095,0.0011,0.0729,0.1173,0.0444
01-02 02,India,0.0002,0.0,0.0061,0.0083,0.0022
01-02 02,China,0.0006,0.0,0.0314,0.0477,0.0163
01-02 02,Latin America,0.0419,0.0153,0.0001,0.0862,0.0861
01-02 02,USA,0.0203,0.0008,0.0,0.0718,0.0718
01-02 02,North Atlantic,0.0207,0.0007,0.0002,0.0642,0.0639
01-02 02,North Pacific,0.031,0.0061,0.0162,0.1024,0.0862
01-02 02,Amsterdam FIR,0.0178,0.0,0.0,0.2351,0.2351
01-02 02,Athinai FIR,0.071,0.0033,0.0007,0.3164,0.3158
01-02 02,Barcelona FIR,0.0217,0.0008,0.0,0.1725,0.1725
01-02 02,Beograd FIR,0.1038,0.0,0.0384,0.4098,0.3714
01-02 02,Bordeaux FIR,0.1384,0.0041,0.0,0.4991,0.4991
01-02 02,Bratislava  FIR,0.0,0.0,0.0,0.0197,0.0197
01-02 02,Bremen FIR,0.0927,0.0,0.0,0.3586,0.3586
01-02 02,Brest FIR,0.1077,0.0,0.0,0.4564,0.4564
01-02 02,Brindisi FIR,0.0034,0.0,0.0177,0.2607,0.243
01-02 02,Brussels FIR,0.0494,0.0,0.0,0.4133,0.4133
01-02 02,Bucarest FIR,0.1952,0.0263,0.032,0.5276,0.4956
01-02 02,Budapest FIR,0.0613,0.0,0.0,0.106,0.106
01-02 02,Canarias FIR,0.005,0.0003,0.0,0.0084,0.0084
01-02 02,Chisinau FIR,0.3645,0.0632,0.0,0.554,0.554
01-02 02,Copenhagen FIR,0.1148,0.0113,0.0,0.1733,0.1733
01-02 02,Helsinki FIR,0.0043,0.0002,0.0,0.0922,0.0922
01-02 02,Langen FIR,0.0466,0.0,0.0,0.4169,0.4169
01-02 02,Lisboa FIR,0.0368,0.0007,0.0041,0.2952,0.2911
01-02 02,Ljubljana FIR,0.0,0.0,0.0,0.1253,0.1253
01-02 02,London FIR,0.0027,0.0,0.0,0.0739,0.0739
01-02 02,Madrid FIR,0.0824,0.0043,0.0018,0.4317,0.4299
01-02 02,Malta FIR,0.051,0.0,0.0137,0.4026,0.3889
01-02 02,Marseille FIR,0.0014,0.0,0.0,0.1911,0.1911
01-02 02,Milano FIR,0.037,0.0,0.0,0.3137,0.3137
01-02 02,Munchen FIR,0.0324,0.0,0.0,0.4939,0.4939
01-02 02,Paris FIR,0.0899,0.0,0.0,0.3905,0.3905
01-02 02,Polaris FIR,0.0133,0.0042,0.0,0.1274,0.1274
01-02 02,Praha FIR,0.0,0.0,0.0,0.2923,0.2923
01-02 02,Reims FIR,0.1174,0.0005,0.0,0.5206,0.5206
01-02 02,Reykjavik FIR,0.0362,0.0056,0.0,0.066,0.066
01-02 02,Riga FIR,0.0191,0.0,0.0002,0.2996,0.2994
01-02 02,Roma FIR,0.0126,0.0,0.0037,0.158,0.1543
01-02 02,Santa Maria FIR,0.0404,0.0031,0.0006,0.1169,0.1163
01-02 02,Sarajevo FIR,0.0056,0.0,0.0267,0.0902,0.0636
01-02 02,Scottish FIR,0.0747,0.0117,0.0001,0.1286,0.1285
01-02 02,Shannon FIR,0.0061,0.0,0.0,0.0224,0.0224
01-02 02,Skopje FIR,0.212,0.0,0.0,0.505,0.505
01-02 02,Sofia FIR,0.2072,0.0055,0.0396,0.5424,0.5028
01-02 02,Sweden FIR,0.0072,0.001,0.0,0.0911,0.0911
01-02 02,Switzerland FIR,0.0867,0.0,0.0,0.4797,0.4797
01-02 02,Tallinn FIR,0.0024,0.0003,0.0,0.2172,0.2172
01-02 02,Tirana FIR,0.0965,0.0,0.0449,0.5134,0.4684
01-02 02,Vilnius FIR,0.1436,0.0,0.0039,0.4426,0.4387
01-02 02,Warszawa FIR,0.0289,0.0043,0.0006,0.0797,0.0791
01-02 02,Wien FIR,0.0121,0.0,0.0,0.3624,0.3624
01-02 02,Zagreb FIR,0.0011,0.0,0.0102,0.0654,0.0552
01-02 03,Global,0.0209,0.0051,0.0235,0.083,0.0595
01-02 03,Europe,0.0321,0.0007,0.0069,0.2349,0.228
01-02 03,European Airspace,0.0327,0.0025,0.0177,0.173,0.1553
01-02 03,Africa Middle East,0.0122,0.0013,0.0164,0.0786,0.0622
01-02 03,East Asia,0.001,0.0001,0.0096,0.0147,0.0052
01-02 03,Southeast Asia,0.0095,0.0015,0.0706,0.1159,0.0453
01-02 03,India,0.0001,0.0,0.0057,0.0075,0.0018
01-02 03,China,0.0007,0.0,0.0336,0.045,0.0113
01-02 03,Latin America,0.0411,0.0139,0.0004,0.0875,0.0871
01-02 03,USA,0.0206,0.0009,0.0,0.0734,0.0734
01-02 03,North Atlantic,0.0178,0.0005,0.0003,0.063,0.0627
01-02 03,North Pacific,0.0299,0.0064,0.0106,0.101,0.0905
01-02 03,Amsterdam FIR,0.0,0.0,0.0028,0.1651,0.1623
01-02 03,Athinai FIR,0.0465,0.0,0.0108,0.3527,0.3419
01-02 03,Barcelona FIR,0.0475,0.0007,0.0001,0.2168,0.2167
01-02 03,Beograd FIR,0.0156,0.0,0.0686,0.3426,0.274
01-02 03,Bordeaux FIR,0.0998,0.0,0.0,0.5,0.5
01-02 03,Bratislava  FIR,0.0,0.0,0.0,0.0277,0.0277
01-02 03,Bremen FIR,0.0377,0.0,0.0026,0.3755,0.3729
01-02 03,Brest FIR,0.0463,0.0,0.0009,0.456,0.4551
01-02 03,Brindisi FIR,0.0002,0.0,0.0535,0.2049,0.1514
01-02 03,Brussels FIR,0.0076,0.0,0.0008,0.4135,0.4127
01-02 03,Bucarest FIR,0.1186,0.0158,0.0516,0.4961,0.4445
01-02 03,Budapest FIR,0.0194,0.0,0.0,0.0808,0.0808
01-02 03,Canarias FIR,0.0031,0.0,0.0,0.0068,0.0068
01-02 03,Chisinau FIR,0.2607,0.0633,0.0,0.5418,0.5418
01-02 03,Copenhagen FIR,0.119,0.0019,0.0,0.2092,0.2092
01-02 03,Helsinki FIR,0.0014,0.0003,0.0001,0.0964,0.0963
01-02 03,Langen FIR,0.0467,0.0,0.0,0.4292,0.4292
01-02 03,Lisboa FIR,0.035,0.0004,0.0083,0.2779,0.2696
01-02 03,Ljubljana FIR,0.0,0.0,0.0,0.1553,0.1553
01-02 03,London FIR,0.0035,0.0,0.0,0.0697,0.0697
01-02 03,Madrid FIR,0.0523,0.0003,0.007,0.4312,0.4243
01-02 03,Malta FIR,0.0213,0.0,0.0558,0.4179,0.3621
01-02 03,Marseille FIR,0.0093,0.0,0.0,0.1695,0.1695
01-02 03,Milano FIR,0.0245,0.0,0.0,0.334,0.334
01-02 03,Munchen FIR,0.0287,0.0,0.0,0.454,0.454
01-02 03,Paris FIR,0.0891,0.0,0.0,0.4292,0.4292
01-02 03,Polaris FIR,0.0164,0.0044,0.0,0.1318,0.1318
01-02 03,Praha FIR,0.0,0.0,0.0,0.3888,0.3888
01-02 03,Reims FIR,0.1333,0.0,0.0,0.4224,0.4224
01-02 03,Reykjavik FIR,0.0278,0.0031,0.0,0.0556,0.0556
01-02 03,Riga FIR,0.0153,0.0,0.0002,0.3249,0.3247
01-02 03,Roma FIR,0.0,0.0,0.0309,0.1532,0.1222
01-02 03,Santa Maria FIR,0.0329,0.0015,0.0016,0.1158,0.1142
01-02 03,Sarajevo FIR,0.0,0.0,0.0051,0.0152,0.0101
01-02 03,Scottish FIR,0.073,0.0065,0.0001,0.1151,0.115
01-02 03,Shannon FIR,0.0061,0.0,0.0,0.032,0.032
01-02 03,Skopje FIR,0.0264,0.0,0.0883,0.4962,0.4079
01-02 03,Sofia FIR,0.122,0.0,0.1129,0.6041,0.4913
01-02 03,Sweden FIR,0.0049,0.0006,0.0,0.0726,0.0726
01-02 03,Switzerland FIR,0.135,0.0,0.0,0.5282,0.5282
01-02 03,Tallinn FIR,0.0018,0.0,0.0006,0.1818,0.1812
01-02 03,Tirana FIR,0.0122,0.0,0.1541,0.4611,0.307
01-02 03,Vilnius FIR,0.0844,0.0,0.0177,0.4322,0.4144
01-02 03,Warszawa FIR,0.0211,0.0008,0.001,0.0752,0.0742
01-02 03,Wien FIR,0.0145,0.0,0.0,0.3725,0.3725
01-02 03,Zagreb FIR,0.0003,0.0,0.0003,0.0379,0.0377
01-02 04,Global,0.0205,0.0052,0.0236,0.0827,0.0592
01-02 04,Europe,0.0223,0.0002,0.0144,0.2339,0.2195
01-02 04,European Airspace,0.0253,0.0028,0.0286,0.1725,0.1439
01-02 04,Africa Middle East,0.0077,0.0008,0.0269,0.0764,0.0496
01-02 04,East Asia,0.0017,0.0003,0.0083,0.0151,0.0068
01-02 04,Southeast Asia,0.0117,0.003,0.0715,0.1155,0.0441
01-02 04,India,0.0001,0.0,0.0055,0.007,0.0015
01-02 04,China,0.0011,0.0,0.0306,0.0408,0.0102
01-02 04,Latin America,0.0392,0.0111,0.0011,0.0885,0.0875
01-02 04,USA,0.0213,0.001,0.0,0.0743,0.0743
01-02 04,North Atlantic,0.0163,0.0005,0.0007,0.0619,0.0612
01-02 04,North Pacific,0.0287,0.0068,0.0056,0.1002,0.0946
01-02 04,Amsterdam FIR,0.0,0.0,0.0053,0.0864,0.0811
01-02 04,Athinai FIR,0.0118,0.0,0.0968,0.3732,0.2764
01-02 04,Barcelona FIR,0.0623,0.0,0.0032,0.2789,0.2756
01-02 04,Beograd FIR,0.0189,0.0,0.0804,0.2329,0.1526
01-02 04,Bordeaux FIR,0.0328,0.0,0.0015,0.4957,0.4943
01-02 04,Bratislava  FIR,0.0,0.0,0.0,0.077,0.077
01-02 04,Bremen FIR,0.0085,0.0,0.0083,0.3775,0.3692
01-02 04,Brest FIR,0.026,0.0,0.0112,0.4466,0.4354
01-02 04,Brindisi FIR,0.0004,0.0,0.0656,0.1603,0.0947
01-02 04,Brussels FIR,0.0,0.0,0.0146,0.3292,0.3146
01-02 04,Bucarest FIR,0.0754,0.0179,0.1076,0.4552,0.3477
01-02 04,Budapest FIR,0.0,0.0,0.0,0.0643,0.0643
01-02 04,Canarias FIR,0.0009,0.0,0.0,0.0055,0.0055
01-02 04,Chisinau FIR,0.2145,0.0802,0.0622,0.5164,0.4542
01-02 04,Copenhagen FIR,0.1016,0.0,0.0009,0.2334,0.2325
01-02 04,Helsinki FIR,0.0021,0.0006,0.0003,0.0873,0.087
01-02 04,Langen FIR,0.0208,0.0,0.009,0.438,0.429
01-02 04,Lisboa FIR,0.0305,0.0003,0.0191,0.2909,0.2719
01-02 04,Ljubljana FIR,0.0,0.0,0.0,0.2451,0.2451
01-02 04,London FIR,0.0098,0.0,0.0,0.0837,0.0837
01-02 04,Madrid FIR,0.0222,0.0,0.0149,0.4091,0.3942
01-02 04,Malta FIR,0.0061,0.0,0.1783,0.4467,0.2684
01-02 04,Marseille FIR,0.0145,0.0,0.0,0.1842,0.1842
01-02 04,Milano FIR,0.0324,0.0,0.0,0.3634,0.3634
01-02 04,Munchen FIR,0.0323,0.0,0.0003,0.461,0.4607
01-02 04,Paris FIR,0.0258,0.0,0.0021,0.4404,0.4383
01-02 04,Polaris FIR,0.0191,0.0026,0.0,0.1432,0.1432
01-02 04,Praha FIR,0.0,0.0,0.0,0.4211,0.4211
01-02 04,Reims FIR,0.0535,0.0,0.0015,0.5164,0.5149
01-02 04,Reykjavik FIR,0.0213,0.0021,0.0,0.0459,0.0459
01-02 04,Riga FIR,0.0163,0.0,0.0051,0.3515,0.3465
01-02 04,Roma FIR,0.0,0.0,0.0509,0.1446,0.0937
01-02 04,Santa Maria FIR,0.0235,0.0004,0.0037,0.1124,0.1088
01-02 04,Sarajevo FIR,0.0,0.0,0.0,0.0025,0.0025
01-02 04,Scottish FIR,0.0649,0.0027,0.0002,0.1068,0.1066
01-02 04,Shannon FIR,0.0015,0.0,0.0,0.0325,0.0325
01-02 04,Skopje FIR,0.0214,0.0,0.1622,0.4696,0.3074
01-02 04,Sofia FIR,0.0375,0.0,0.2477,0.6244,0.3767
01-02 04,Sweden FIR,0.0036,0.0,0.0,0.0594,0.0594
01-02 04,Switzerland FIR,0.1615,0.0,0.0,0.4452,0.4452
01-02 04,Tallinn FIR,0.0044,0.0,0.0015,0.1189,0.1175
01-02 04,Tirana FIR,0.0114,0.0,0.2081,0.3794,0.1713
01-02 04,Vilnius FIR,0.0291,0.0,0.0578,0.4126,0.3548
01-02 04,Warszawa FIR,0.015,0.0,0.0026,0.0926,0.09
01-02 04,Wien FIR,0.0187,0.0,0.0007,0.3716,0.3709
01-02 04,Zagreb FIR,0.0,0.0,0.0,0.0452,0.0452
01-02 05,Global,0.0204,0.0052,0.0237,0.0824,0.0587
01-02 05,Europe,0.0139,0.0001,0.0293,0.2353,0.206
01-02 05,European Airspace,0.0209,0.0032,0.0433,0.172,0.1287
01-02 05,Africa Middle East,0.0055,0.0009,0.0354,0.0742,0.0388
01-02 05,East Asia,0.0026,0.0005,0.0077,0.0162,0.0085
01-02 05,Southeast Asia,0.0168,0.0053,0.07,0.1149,0.0449
01-02 05,India,0.0001,0.0,0.006,0.0071,0.0011
01-02 05,China,0.0018,0.0001,0.0283,0.0385,0.0102
01-02 05,Latin America,0.0352,0.0077,0.0026,0.0885,0.086
01-02 05,USA,0.0211,0.0011,0.0,0.074,0.074
01-02 05,North Atlantic,0.0157,0.0006,0.0012,0.0611,0.0599
01-02 05,North Pacific,0.0279,0.0071,0.0032,0.0991,0.0959
01-02 05,Amsterdam FIR,0.0,0.0,0.0,0.0996,0.0996
01-02 05,Athinai FIR,0.0035,0.0,0.2453,0.3886,0.1433
01-02 05,Barcelona FIR,0.0336,0.0,0.0225,0.3548,0.3323
01-02 05,Beograd FIR,0.0073,0.0,0.0748,0.1298,0.055
01-02 05,Bordeaux FIR,0.0021,0.0,0.0323,0.5055,0.4733
01-02 05,Bratislava  FIR,0.0,0.0,0.0,0.1691,0.1691
01-02 05,Bremen FIR,0.0057,0.0,0.0971,0.3446,0.2475
01-02 05,Brest FIR,0.0265,0.0,0.0166,0.4331,0.4165
01-02 05,Brindisi FIR,0.0006,0.0,0.0807,0.1294,0.0487
01-02 05,Brussels FIR,0.0,0.0,0.0023,0.3205,0.3182
01-02 05,Bucarest FIR,0.0573,0.0153,0.1869,0.386,0.1991
01-02 05,Budapest FIR,0.0,0.0,0.0003,0.0842,0.0839
01-02 05,Canarias FIR,0.0001,0.0,0.0,0.0045,0.0045
01-02 05,Chisinau FIR,0.1575,0.0806,0.1372,0.4794,0.3422
01-02 05,Copenhagen FIR,0.0773,0.0,0.0027,0.2514,0.2487
01-02 05,Helsinki FIR,0.0014,0.0,0.0004,0.07,0.0696
01-02 05,Langen FIR,0.001,0.0,0.0428,0.386,0.3432
01-02 05,Lisboa FIR,0.0215,0.0,0.037,0.3154,0.2784
01-02 05,Ljubljana FIR,0.0,0.0,0.0114,0.3139,0.3025
01-02 05,London FIR,0.0045,0.0,0.0,0.1146,0.1146
01-02 05,Madrid FIR,0.0063,0.0,0.0404,0.3683,0.3279
01-02 05,Malta FIR,0.0016,0.0,0.3536,0.4766,0.1229
01-02 05,Marseille FIR,0.0072,0.0,0.0005,0.2281,0.2276
01-02 05,Milano FIR,0.0333,0.0,0.0002,0.3887,0.3885
01-02 05,Munchen FIR,0.0226,0.0,0.0343,0.4814,0.4471
01-02 05,Paris FIR,0.0052,0.0,0.0237,0.4428,0.4191
01-02 05,Polaris FIR,0.0166,0.0013,0.0,0.1446,0.1446
01-02 05,Praha FIR,0.0,0.0,0.0322,0.4434,0.4112
01-02 05,Reims FIR,0.0182,0.0,0.065,0.5474,0.4824
01-02 05,Reykjavik FIR,0.0162,0.0012,0.0,0.0376,0.0376
01-02 05,Riga FIR,0.0048,0.0,0.0156,0.3408,0.3253
01-02 05,Roma FIR,0.0,0.0,0.0668,0.1156,0.0488
01-02 05,Santa Maria FIR,0.016,0.0001,0.0058,0.1091,0.1032
01-02 05,Sarajevo FIR,0.0,0.0,0.0,0.0012,0.0012
01-02 05,Scottish FIR,0.0598,0.0014,0.0002,0.104,0.1037
01-02 05,Shannon FIR,0.0002,0.0,0.0,0.0283,0.0283
01-02 05,Skopje FIR,0.0151,0.0,0.2894,0.3951,0.1057
01-02 05,Sofia FIR,0.0625,0.0046,0.3448,0.6135,0.2687
01-02 05,Sweden FIR,0.003,0.0,0.0001,0.0531,0.053
01-02 05,Switzerland FIR,0.0395,0.0,0.0054,0.5433,0.538
01-02 05,Tallinn FIR,0.0032,0.0,0.0053,0.0716,0.0663
01-02 05,Tirana FIR,0.0036,0.0,0.1058,0.2686,0.1628
01-02 05,Vilnius FIR,0.005,0.0,0.1304,0.3808,0.2503
01-02 05,Warszawa FIR,0.0103,0.0,0.0161,0.1194,0.1033
01-02 05,Wien FIR,0.008,0.0,0.0034,0.3821,0.3787
01-02 05,Zagreb FIR,0.0,0.0,0.0005,0.0804,0.0799
01-02 06,Global,0.0207,0.0053,0.0239,0.0822,0.0583
01-02 06,Europe,0.0081,0.0,0.0627,0.2355,0.1728
01-02 06,European Airspace,0.0186,0.0036,0.0615,0.1692,0.1077
01-02 06,Africa Middle East,0.0052,0.0011,0.0406,0.0715,0.0309
01-02 06,East Asia,0.0039,0.0006,0.0054,0.0172,0.0118
01-02 06,Southeast Asia,0.0247,0.0084,0.0608,0.1128,0.0521
01-02 06,India,0.0001,0.0,0.0061,0.0073,0.0012
01-02 06,China,0.003,0.0003,0.0261,0.0384,0.0123
01-02 06,Latin America,0.0299,0.0049,0.0057,0.0883,0.0827
01-02 06,USA,0.0208,0.0015,0.0001,0.0737,0.0737
01-02 06,North Atlantic,0.0145,0.0004,0.0027,0.059,0.0563
01-02 06,North Pacific,0.0276,0.0071,0.0008,0.0979,0.0971
01-02 06,Amsterdam FIR,0.0,0.0,0.0,0.1262,0.1262
01-02 06,Athinai FIR,0.0046,0.0001,0.3524,0.3873,0.0348
01-02 06,Barcelona FIR,0.0099,0.0,0.0928,0.387,0.2942
01-02 06,Beograd FIR,0.002,0.0,0.0212,0.0397,0.0185
01-02 06,Bordeaux FIR,0.0037,0.0,0.1104,0.4942,0.3838
01-02 06,Bratislava  FIR,0.0,0.0,0.0974,0.2476,0.1502
01-02 06,Bremen FIR,0.0029,0.0,0.151,0.2734,0.1224
01-02 06,Brest FIR,0.0202,0.0,0.0207,0.4193,0.3986
01-02 06,Brindisi FIR,0.0,0.0,0.0721,0.0863,0.0142
01-02 06,Brussels FIR,0.0,0.0,0.0047,0.3388,0.3342
01-02 06,Bucarest FIR,0.0524,0.0082,0.226,0.3219,0.0958
01-02 06,Budapest FIR,0.0,0.0,0.0267,0.119,0.0922
01-02 06,Canarias FIR,0.0001,0.0,0.0,0.0035,0.0035
01-02 06,Chisinau FIR,0.1235,0.0733,0.2897,0.4489,0.1592
01-02 06,Copenhagen FIR,0.0412,0.0,0.0117,0.2574,0.2457
01-02 06,Helsinki FIR,0.0002,0.0,0.001,0.0587,0.0576
01-02 06,Langen FIR,0.0,0.0,0.0572,0.4176,0.3604
01-02 06,Lisboa FIR,0.0079,0.0002,0.071,0.3248,0.2538
01-02 06,Ljubljana FIR,0.0,0.0,0.0607,0.3454,0.2847
01-02 06,London FIR,0.0067,0.0,0.0014,0.1236,0.1222
01-02 06,Madrid FIR,0.0009,0.0,0.0935,0.3416,0.2481
01-02 06,Malta FIR,0.0053,0.0,0.4518,0.4862,0.0344
01-02 06,Marseille FIR,0.0036,0.0,0.0368,0.2896,0.2528
01-02 06,Milano FIR,0.0022,0.0,0.0637,0.4478,0.3841
01-02 06,Munchen FIR,0.0,0.0,0.2241,0.4822,0.2581
01-02 06,Paris FIR,0.0068,0.0,0.0575,0.4628,0.4053
01-02 06,Polaris FIR,0.0135,0.0007,0.0,0.1412,0.1412
01-02 06,Praha FIR,0.0,0.0,0.2404,0.4567,0.2163
01-02 06,Reims FIR,0.0,0.0,0.1858,0.5291,0.3434
01-02 06,Reykjavik FIR,0.0133,0.001,0.0,0.031,0.031
01-02 06,Riga FIR,0.0025,0.0,0.0739,0.2932,0.2193
01-02 06,Roma FIR,0.0,0.0,0.0637,0.0936,0.0298
01-02 06,Santa Maria FIR,0.0086,0.0002,0.0087,0.1038,0.0952
01-02 06,Sarajevo FIR,0.0,0.0,0.0043,0.0228,0.0185
01-02 06,Scottish FIR,0.0502,0.0,0.0005,0.0975,0.0971
01-02 06,Shannon FIR,0.002,0.0,0.0,0.0197,0.0197
01-02 06,Skopje FIR,0.0038,0.0,0.216,0.3216,0.1057
01-02 06,Sofia FIR,0.0936,0.0068,0.4006,0.573,0.1724
01-02 06,Sweden FIR,0.0018,0.0,0.0008,0.0479,0.0471
01-02 06,Switzerland FIR,0.0,0.0,0.1444,0.5533,0.4089
01-02 06,Tallinn FIR,0.0024,0.0,0.0106,0.0592,0.0486
01-02 06,Tirana FIR,0.0018,0.0,0.1119,0.1517,0.0398
01-02 06,Vilnius FIR,0.0,0.0,0.2417,0.3557,0.114
01-02 06,Warszawa FIR,0.0078,0.0,0.0687,0.1557,0.087
01-02 06,Wien FIR,0.0,0.0,0.0984,0.3941,0.2956
01-02 06,Zagreb FIR,0.0,0.0,0.0293,0.1093,0.0799
01-02 07,Global,0.0213,0.0054,0.0239,0.0819,0.058
01-02 07,Europe,0.0048,0.0,0.1081,0.2344,0.1263
01-02 07,European Airspace,0.0186,0.0041,0.075,0.1661,0.0911
01-02 07,Africa Middle East,0.0057,0.0013,0.0422,0.0687,0.0266
01-02 07,East Asia,0.0038,0.0005,0.0028,0.0164,0.0135
01-02 07,Southeast Asia,0.0354,0.0126,0.048,0.1118,0.0638
01-02 07,India,0.0002,0.0,0.0055,0.007,0.0015
01-02 07,China,0.0053,0.0008,0.0231,0.04,0.0169
01-02 07,Latin America,0.0243,0.0025,0.0112,0.0883,0.0771
01-02 07,USA,0.0206,0.0019,0.0001,0.0736,0.0734
01-02 07,North Atlantic,0.0121,0.0003,0.0049,0.0559,0.051
01-02 07,North Pacific,0.0274,0.007,0.0,0.0962,0.0962
01-02 07,Amsterdam FIR,0.0057,0.0,0.005,0.1659,0.1608
01-02 07,Athinai FIR,0.0066,0.0012,0.3491,0.3759,0.0268
01-02 07,Barcelona FIR,0.0,0.0,0.2358,0.3714,0.1355
01-02 07,Beograd FIR,0.0,0.0,0.0043,0.0043,0.0
01-02 07,Bordeaux FIR,0.0,0.0,0.1823,0.4888,0.3065
01-02 07,Bratislava  FIR,0.0,0.0,0.2693,0.283,0.0137
01-02 07,Bremen FIR,0.0004,0.0,0.1429,0.2095,0.0666
01-02 07,Brest FIR,0.0033,0.0,0.0454,0.3814,0.3359
01-02 07,Brindisi FIR,0.0,0.0,0.0507,0.0553,0.0046
01-02 07,Brussels FIR,0.0015,0.0,0.0098,0.3813,0.3715
01-02 07,Bucarest FIR,0.0454,0.0095,0.1878,0.2582,0.0704
01-02 07,Budapest FIR,0.0,0.0,0.1165,0.118,0.0015
01-02 07,Canarias FIR,0.0,0.0,0.0001,0.0027,0.0027
01-02 07,Chisinau FIR,0.0958,0.0557,0.2905,0.4056,0.1151
01-02 07,Copenhagen FIR,0.0111,0.0,0.0255,0.2531,0.2276
01-02 07,Helsinki FIR,0.0,0.0,0.0013,0.0612,0.0599
01-02 07,Langen FIR,0.0,0.0,0.0599,0.4357,0.3758
01-02 07,Lisboa FIR,0.0048,0.0002,0.1117,0.3217,0.21
01-02 07,Ljubljana FIR,0.0,0.0,0.3108,0.35,0.0392
01-02 07,London FIR,0.0109,0.0,0.0054,0.1265,0.1211
01-02 07,Madrid FIR,0.0015,0.0,0.1376,0.3386,0.201
01-02 07,Malta FIR,0.0086,0.0,0.445,0.4738,0.0288
01-02 07,Marseille FIR,0.0,0.0,0.1655,0.3452,0.1797
01-02 07,Milano FIR,0.0,0.0,0.3415,0.4899,0.1484
01-02 07,Munchen FIR,0.0,0.0,0.2743,0.4593,0.1849
01-02 07,Paris FIR,0.0017,0.0,0.0821,0.4716,0.3894
01-02 07,Polaris FIR,0.0113,0.0004,0.0,0.1413,0.1413
01-02 07,Praha FIR,0.0,0.0,0.4209,0.4536,0.0326
01-02 07,Reims FIR,0.0,0.0,0.2616,0.5336,0.272
01-02 07,Reykjavik FIR,0.0113,0.0011,0.0,0.0267,0.0267
01-02 07,Riga FIR,0.0005,0.0,0.1684,0.234,0.0656
01-02 07,Roma FIR,0.0019,0.0,0.0722,0.084,0.0118
01-02 07,Santa Maria FIR,0.0041,0.0006,0.016,0.0989,0.0829
01-02 07,Sarajevo FIR,0.0,0.0,0.0918,0.0918,0.0
01-02 07,Scottish FIR,0.0323,0.0,0.002,0.0901,0.0881
01-02 07,Shannon FIR,0.001,0.0,0.0002,0.0079,0.0077
01-02 07,Skopje FIR,0.0,0.0,0.1806,0.1932,0.0126
01-02 07,Sofia FIR,0.1155,0.0175,0.3072,0.5034,0.1963
01-02 07,Sweden FIR,0.0,0.0,0.0027,0.0431,0.0405
01-02 07,Switzerland FIR,0.0,0.0,0.3561,0.5344,0.1782
01-02 07,Tallinn FIR,0.0,0.0,0.0183,0.0377,0.0193
01-02 07,Tirana FIR,0.0,0.0,0.057,0.057,0.0
01-02 07,Vilnius FIR,0.0,0.0,0.3031,0.3236,0.0206
01-02 07,Warszawa FIR,0.0064,0.0,0.1219,0.1935,0.0716
01-02 07,Wien FIR,0.0,0.0,0.3408,0.4194,0.0786
01-02 07,Zagreb FIR,0.0,0.0,0.1112,0.112,0.0008
01-02 08,Global,0.022,0.0057,0.0237,0.0818,0.0581
01-02 08,Europe,0.0051,0.0001,0.1473,0.2334,0.0861
01-02 08,European Airspace,0.0211,0.0049,0.0839,0.1629,0.0789
01-02 08,Africa Middle East,0.0066,0.0015,0.0431,0.0667,0.0236
01-02 08,East Asia,0.0034,0.0004,0.0012,0.0158,0.0146
01-02 08,Southeast Asia,0.0449,0.0178,0.0332,0.1115,0.0782
01-02 08,India,0.0005,0.0001,0.0057,0.0075,0.0018
01-02 08,China,0.0079,0.0016,0.0193,0.0433,0.0241
01-02 08,Latin America,0.0183,0.0012,0.0193,0.0888,0.0695
01-02 08,USA,0.019,0.0016,0.0006,0.0731,0.0725
01-02 08,North Atlantic,0.0103,0.0002,0.0077,0.0523,0.0446
01-02 08,North Pacific,0.0281,0.007,0.0,0.0963,0.0963
01-02 08,Amsterdam FIR,0.0211,0.0,0.0135,0.1983,0.1849
01-02 08,Athinai FIR,0.007,0.0016,0.3245,0.3555,0.0309
01-02 08,Barcelona FIR,0.0,0.0,0.3239,0.33,0.0061
01-02 08,Beograd FIR,0.0,0.0,0.0068,0.0068,0.0
01-02 08,Bordeaux FIR,0.0,0.0,0.2608,0.4678,0.207
01-02 08,Bratislava  FIR,0.0,0.0,0.3284,0.3284,0.0
01-02 08,Bremen FIR,0.0017,0.0,0.1044,0.1522,0.0478
01-02 08,Brest FIR,0.0079,0.0,0.1033,0.3319,0.2286
01-02 08,Brindisi FIR,0.002,0.0,0.0355,0.0431,0.0076
01-02 08,Brussels FIR,0.0015,0.0,0.0426,0.3414,0.2988
01-02 08,Bucarest FIR,0.0368,0.0171,0.1369,0.1955,0.0586
01-02 08,Budapest FIR,0.0,0.0,0.1396,0.1396,0.0
01-02 08,Canarias FIR,0.0,0.0,0.0011,0.0019,0.0008
01-02 08,Chisinau FIR,0.0841,0.0416,0.2243,0.3494,0.1252
01-02 08,Copenhagen FIR,0.0283,0.0,0.0355,0.2445,0.2089
01-02 08,Helsinki FIR,0.0,0.0,0.0019,0.0649,0.063
01-02 08,Langen FIR,0.0,0.0,0.1375,0.476,0.3385
01-02 08,Lisboa FIR,0.0104,0.0008,0.1863,0.3224,0.1361
01-02 08,Ljubljana FIR,0.0,0.0,0.4022,0.4022,0.0
01-02 08,London FIR,0.0117,0.0,0.0176,0.1373,0.1197
01-02 08,Madrid FIR,0.0023,0.0001,0.1904,0.3256,0.1351
01-02 08,Malta FIR,0.007,0.0,0.4201,0.4567,0.0366
01-02 08,Marseille FIR,0.0,0.0,0.3645,0.413,0.0486
01-02 08,Milano FIR,0.0,0.0,0.4707,0.4911,0.0204
01-02 08,Munchen FIR,0.0,0.0,0.3641,0.454,0.0899
01-02 08,Paris FIR,0.0031,0.0003,0.0739,0.4535,0.3796
01-02 08,Polaris FIR,0.0124,0.0001,0.0002,0.1438,0.1436
01-02 08,Praha FIR,0.0,0.0,0.4582,0.4586,0.0004
01-02 08,Reims FIR,0.0,0.0,0.2982,0.5287,0.2305
01-02 08,Reykjavik FIR,0.0108,0.0011,0.0,0.0243,0.0243
01-02 08,Riga FIR,0.0,0.0,0.1756,0.2046,0.029
01-02 08,Roma FIR,0.0073,0.0,0.0881,0.0998,0.0117
01-02 08,Santa Maria FIR,0.0034,0.0008,0.0282,0.0924,0.0642
01-02 08,Sarajevo FIR,0.0,0.0,0.1921,0.1921,0.0
01-02 08,Scottish FIR,0.0189,0.0,0.0063,0.0798,0.0735
01-02 08,Shannon FIR,0.0,0.0,0.0,0.0007,0.0007
01-02 08,Skopje FIR,0.0,0.0,0.0873,0.0873,0.0
01-02 08,Sofia FIR,0.1363,0.0352,0.2134,0.4195,0.2061
01-02 08,Sweden FIR,0.0,0.0,0.0048,0.0404,0.0356
01-02 08,Switzerland FIR,0.0,0.0,0.5115,0.5323,0.0208
01-02 08,Tallinn FIR,0.0,0.0,0.0242,0.0321,0.008
01-02 08,Tirana FIR,0.0,0.0,0.0018,0.0018,0.0
01-02 08,Vilnius FIR,0.0,0.0,0.2587,0.282,0.0233
01-02 08,Warszawa FIR,0.0049,0.0003,0.1555,0.2251,0.0696
01-02 08,Wien FIR,0.0,0.0,0.3703,0.3747,0.0044
01-02 08,Zagreb FIR,0.0,0.0,0.1207,0.1207,0.0
01-02 09,Global,0.0223,0.0058,0.0229,0.0814,0.0585
01-02 09,Europe,0.0069,0.0001,0.1597,0.2303,0.0706
01-02 09,European Airspace,0.0241,0.0052,0.0842,0.1593,0.0751
01-02 09,Africa Middle East,0.0073,0.0016,0.0411,0.064,0.0229
01-02 09,East Asia,0.003,0.0004,0.0001,0.0152,0.0151
01-02 09,Southeast Asia,0.0516,0.021,0.0194,0.1115,0.0922
01-02 09,India,0.001,0.0002,0.0052,0.0076,0.0025
01-02 09,China,0.0101,0.002,0.0126,0.0455,0.0329
01-02 09,Latin America,0.0134,0.0008,0.0294,0.0887,0.0593
01-02 09,USA,0.0158,0.0011,0.0018,0.0725,0.0707
01-02 09,North Atlantic,0.0078,0.0002,0.0113,0.0492,0.0379
01-02 09,North Pacific,0.0287,0.007,0.0,0.0955,0.0955
01-02 09,Amsterdam FIR,0.0175,0.0,0.0111,0.2249,0.2138
01-02 09,Athinai FIR,0.0067,0.0004,0.2991,0.3371,0.0381
01-02 09,Barcelona FIR,0.0,0.0,0.2937,0.2951,0.0014
01-02 09,Beograd FIR,0.0,0.0,0.0066,0.0066,0.0
01-02 09,Bordeaux FIR,0.0009,0.0,0.363,0.479,0.1161
01-02 09,Bratislava  FIR,0.0,0.0,0.3818,0.3818,0.0
01-02 09,Bremen FIR,0.0113,0.0,0.0654,0.1719,0.1065
01-02 09,Brest FIR,0.0235,0.0,0.1154,0.2619,0.1465
01-02 09,Brindisi FIR,0.0057,0.0,0.0512,0.0576,0.0063
01-02 09,Brussels FIR,0.0078,0.0023,0.0737,0.326,0.2523
01-02 09,Bucarest FIR,0.0372,0.0162,0.083,0.1406,0.0575
01-02 09,Budapest FIR,0.0,0.0,0.1991,0.1991,0.0
01-02 09,Canarias FIR,0.0,0.0,0.0003,0.0009,0.0006
01-02 09,Chisinau FIR,0.0486,0.0109,0.1767,0.2888,0.1121
01-02 09,Copenhagen FIR,0.0458,0.0,0.0399,0.217,0.1771
01-02 09,Helsinki FIR,0.0001,0.0,0.0044,0.0717,0.0674
01-02 09,Langen FIR,0.0022,0.0002,0.1894,0.4605,0.2711
01-02 09,Lisboa FIR,0.0144,0.0005,0.2252,0.3286,0.1034
01-02 09,Ljubljana FIR,0.0,0.0,0.2798,0.2798,0.0
01-02 09,London FIR,0.012,0.0,0.0347,0.1308,0.0961
01-02 09,Madrid FIR,0.0073,0.0007,0.2301,0.3237,0.0936
01-02 09,Malta FIR,0.0026,0.0,0.4057,0.4462,0.0406
01-02 09,Marseille FIR,0.0,0.0,0.3891,0.4126,0.0235
01-02 09,Milano FIR,0.0,0.0,0.4753,0.4753,0.0
01-02 09,Munchen FIR,0.0,0.0,0.3236,0.4317,0.1081
01-02 09,Paris FIR,0.0172,0.0,0.0507,0.4327,0.3819
01-02 09,Polaris FIR,0.0192,0.0,0.0026,0.1498,0.1473
01-02 09,Praha FIR,0.0,0.0,0.4594,0.4639,0.0045
01-02 09,Reims FIR,0.0,0.0,0.2872,0.5055,0.2183
01-02 09,Reykjavik FIR,0.0106,0.0015,0.0001,0.0249,0.0249
01-02 09,Riga FIR,0.001,0.0,0.1536,0.1868,0.0332
01-02 09,Roma FIR,0.0081,0.0,0.1076,0.1196,0.012
01-02 09,Santa Maria FIR,0.0039,0.001,0.0462,0.0842,0.0379
01-02 09,Sarajevo FIR,0.0,0.0,0.2447,0.2447,0.0
01-02 09,Scottish FIR,0.008,0.0,0.01,0.0682,0.0582
01-02 09,Shannon FIR,0.0,0.0,0.0,0.0,0.0
01-02 09,Skopje FIR,0.0,0.0,0.0165,0.0165,0.0
01-02 09,Sofia FIR,0.109,0.0339,0.1514,0.3254,0.174
01-02 09,Sweden FIR,0.0009,0.0,0.0063,0.0461,0.0398
01-02 09,Switzerland FIR,0.0,0.0,0.4602,0.4778,0.0176
01-02 09,Tallinn FIR,0.0003,0.0,0.028,0.0475,0.0195
01-02 09,Tirana FIR,0.0,0.0,0.0,0.0,0.0
01-02 09,Vilnius FIR,0.0041,0.0,0.1753,0.228,0.0526
01-02 09,Warszawa FIR,0.0054,0.0002,0.1808,0.2445,0.0636
01-02 09,Wien FIR,0.0,0.0,0.3414,0.3414,0.0
01-02 09,Zagreb FIR,0.0,0.0,0.1863,0.1863,0.0
01-02 10,Global,0.0231,0.0061,0.0206,0.0796,0.059
01-02 10,Europe,0.012,0.0005,0.1337,0.2052,0.0716
01-02 10,European Airspace,0.0284,0.006,0.069,0.1481,0.0791
01-02 10,Africa Middle East,0.0083,0.0018,0.0349,0.0594,0.0246
01-02 10,East Asia,0.0026,0.0003,0.0,0.0121,0.0121
01-02 10,Southeast Asia,0.0576,0.0247,0.0065,0.1136,0.107
01-02 10,India,0.002,0.0007,0.0034,0.007,0.0036
01-02 10,China,0.0109,0.0022,0.0047,0.0437,0.0389
01-02 10,Latin America,0.0114,0.001,0.0362,0.0823,0.0461
01-02 10,USA,0.0122,0.0003,0.0058,0.0718,0.066
01-02 10,North Atlantic,0.0067,0.0003,0.0154,0.0479,0.0325
01-02 10,North Pacific,0.029,0.0069,0.0001,0.0921,0.092
01-02 10,Amsterdam FIR,0.023,0.0,0.0242,0.2734,0.2492
01-02 10,Athinai FIR,0.0105,0.0,0.2475,0.304,0.0565
01-02 10,Barcelona FIR,0.0,0.0,0.1846,0.1854,0.0008
01-02 10,Beograd FIR,0.0,0.0,0.0029,0.0029,0.0
01-02 10,Bordeaux FIR,0.0095,0.0002,0.4268,0.5261,0.0992
01-02 10,Bratislava  FIR,0.0,0.0,0.3884,0.3896,0.0012
01-02 10,Bremen FIR,0.0134,0.0,0.0289,0.1754,0.1465
01-02 10,Brest FIR,0.033,0.0,0.0925,0.2051,0.1126
01-02 10,Brindisi FIR,0.0046,0.0,0.0823,0.0885,0.0061
01-02 10,Brussels FIR,0.0373,0.0,0.0425,0.3291,0.2866
01-02 10,Bucarest FIR,0.0294,0.012,0.035,0.0886,0.0536
01-02 10,Budapest FIR,0.0,0.0,0.2796,0.2806,0.0009
01-02 10,Canarias FIR,0.0,0.0,0.0,0.0003,0.0002
01-02 10,Chisinau FIR,0.0118,0.0025,0.1035,0.2056,0.102
01-02 10,Copenhagen FIR,0.037,0.0,0.0199,0.1583,0.1384
01-02 10,Helsinki FIR,0.0023,0.0,0.0073,0.0791,0.0718
01-02 10,Langen FIR,0.0092,0.0005,0.1615,0.4037,0.2422
01-02 10,Lisboa FIR,0.0295,0.0021,0.2137,0.3343,0.1207
01-02 10,Ljubljana FIR,0.0,0.0,0.1992,0.1992,0.0
01-02 10,London FIR,0.0109,0.0,0.0391,0.1115,0.0724
01-02 10,Madrid FIR,0.0193,0.0042,0.1999,0.3176,0.1178
01-02 10,Malta FIR,0.0009,0.0,0.3622,0.4101,0.0478
01-02 10,Marseille FIR,0.0001,0.0,0.2063,0.2349,0.0286
01-02 10,Milano FIR,0.0,0.0,0.3447,0.35,0.0053
01-02 10,Munchen FIR,0.0,0.0,0.3291,0.4557,0.1266
01-02 10,Paris FIR,0.0758,0.0005,0.0291,0.3943,0.3653
01-02 10,Polaris FIR,0.0227,0.0,0.0017,0.1582,0.1566
01-02 10,Praha FIR,0.0,0.0,0.3741,0.3866,0.0125
01-02 10,Reims FIR,0.0015,0.0,0.2622,0.4528,0.1906
01-02 10,Reykjavik FIR,0.0108,0.0018,0.001,0.0227,0.0217
01-02 10,Riga FIR,0.0042,0.0,0.1171,0.1551,0.038
01-02 10,Roma FIR,0.0037,0.0,0.0858,0.0951,0.0092
01-02 10,Santa Maria FIR,0.0042,0.0016,0.0457,0.0686,0.0229
01-02 10,Sarajevo FIR,0.0,0.0,0.2681,0.2681,0.0
01-02 10,Scottish FIR,0.0065,0.0,0.0079,0.0602,0.0523
01-02 10,Shannon FIR,0.0,0.0,0.0,0.0,0.0
01-02 10,Skopje FIR,0.0,0.0,0.0,0.0,0.0
01-02 10,Sofia FIR,0.083,0.0313,0.0705,0.2267,0.1562
01-02 10,Sweden FIR,0.0061,0.0,0.0072,0.0487,0.0414
01-02 10,Switzerland FIR,0.0,0.0,0.3443,0.4069,0.0626
01-02 10,Tallinn FIR,0.0091,0.0,0.0257,0.0555,0.0298
01-02 10,Tirana FIR,0.0,0.0,0.0,0.0,0.0
01-02 10,Vilnius FIR,0.0162,0.0,0.1083,0.2075,0.0992
01-02 10,Warszawa FIR,0.0094,0.0,0.173,0.2323,0.0594
01-02 10,Wien FIR,0.0,0.0,0.3557,0.3557,0.0
01-02 10,Zagreb FIR,0.0,0.0,0.2326,0.2326,0.0
01-02 11,Global,0.0238,0.0063,0.0202,0.0804,0.0603
01-02 11,Europe,0.0186,0.0011,0.1227,0.2043,0.0816
01-02 11,European Airspace,0.0337,0.0071,0.0606,0.1471,0.0865
01-02 11,Africa Middle East,0.0097,0.0026,0.0331,0.0602,0.0271
01-02 11,East Asia,0.0026,0.0002,0.0,0.0121,0.0121
01-02 11,Southeast Asia,0.0601,0.0271,0.0015,0.1182,0.1167
01-02 11,India,0.0027,0.0011,0.0021,0.0073,0.0052
01-02 11,China,0.0108,0.0023,0.0013,0.0445,0.0432
01-02 11,Latin America,0.0126,0.0014,0.042,0.0837,0.0417
01-02 11,USA,0.0081,0.0001,0.0132,0.0749,0.0617
01-02 11,North Atlantic,0.0076,0.0006,0.0206,0.0454,0.0249
01-02 11,North Pacific,0.0292,0.0065,0.0003,0.0938,0.0935
01-02 11,Amsterdam FIR,0.0371,0.0,0.0647,0.3004,0.2357
01-02 11,Athinai FIR,0.0206,0.0,0.2376,0.3257,0.0881
01-02 11,Barcelona FIR,0.0,0.0,0.187,0.1876,0.0006
01-02 11,Beograd FIR,0.0008,0.0,0.0243,0.0268,0.0025
01-02 11,Bordeaux FIR,0.0472,0.0009,0.4276,0.5493,0.1218
01-02 11,Bratislava  FIR,0.0,0.0,0.3395,0.3395,0.0
01-02 11,Bremen FIR,0.027,0.0,0.0237,0.2312,0.2075
01-02 11,Brest FIR,0.0325,0.0004,0.0637,0.1701,0.1063
01-02 11,Brindisi FIR,0.0035,0.0,0.1008,0.1106,0.0099
01-02 11,Brussels FIR,0.1197,0.0,0.0207,0.3435,0.3228
01-02 11,Bucarest FIR,0.0147,0.007,0.0142,0.0509,0.0367
01-02 11,Budapest FIR,0.0047,0.0,0.2995,0.3111,0.0116
01-02 11,Canarias FIR,0.0,0.0,0.0,0.0,0.0
01-02 11,Chisinau FIR,0.0075,0.0008,0.0324,0.1427,0.1103
01-02 11,Copenhagen FIR,0.036,0.0002,0.0234,0.1318,0.1083
01-02 11,Helsinki FIR,0.0055,0.0,0.0068,0.087,0.0802
01-02 11,Langen FIR,0.0176,0.0002,0.1286,0.4033,0.2747
01-02 11,Lisboa FIR,0.0356,0.0047,0.2023,0.3163,0.114
01-02 11,Ljubljana FIR,0.0,0.0,0.0505,0.0505,0.0
01-02 11,London FIR,0.0095,0.0,0.0263,0.0843,0.058
01-02 11,Madrid FIR,0.0382,0.0098,0.1689,0.3264,0.1575
01-02 11,Malta FIR,0.002,0.0,0.2952,0.3805,0.0853
01-02 11,Marseille FIR,0.0033,0.0,0.2225,0.2633,0.0408
01-02 11,Milano FIR,0.0,0.0,0.376,0.4025,0.0265
01-02 11,Munchen FIR,0.013,0.0008,0.2999,0.5155,0.2156
01-02 11,Paris FIR,0.1344,0.0014,0.0308,0.3466,0.3157
01-02 11,Polaris FIR,0.0186,0.0,0.0019,0.1609,0.159
01-02 11,Praha FIR,0.0045,0.0,0.3761,0.4304,0.0543
01-02 11,Reims FIR,0.0057,0.0,0.1236,0.4225,0.299
01-02 11,Reykjavik FIR,0.0145,0.0033,0.0022,0.0269,0.0247
01-02 11,Riga FIR,0.0046,0.0,0.0963,0.1424,0.046
01-02 11,Roma FIR,0.0001,0.0,0.0679,0.0765,0.0086
01-02 11,Santa Maria FIR,0.0065,0.0028,0.0401,0.0643,0.0242
01-02 11,Sarajevo FIR,0.0,0.0,0.2407,0.2407,0.0
01-02 11,Scottish FIR,0.0097,0.0003,0.0053,0.0571,0.0518
01-02 11,Shannon FIR,0.0,0.0,0.0,0.0,0.0
01-02 11,Skopje FIR,0.0,0.0,0.0,0.0,0.0
01-02 11,Sofia FIR,0.0652,0.0263,0.0355,0.1505,0.115
01-02 11,Sweden FIR,0.0094,0.0001,0.0056,0.0534,0.0477
01-02 11,Switzerland FIR,0.0,0.0,0.3175,0.3834,0.0659
01-02 11,Tallinn FIR,0.0171,0.0,0.0291,0.0645,0.0354
01-02 11,Tirana FIR,0.0,0.0,0.0,0.0,0.0
01-02 11,Vilnius FIR,0.0288,0.0,0.0421,0.1713,0.1292
01-02 11,Warszawa FIR,0.0117,0.0001,0.1494,0.2206,0.0711
01-02 11,Wien FIR,0.0003,0.0,0.3284,0.3429,0.0145
01-02 11,Zagreb FIR,0.0,0.0,0.2488,0.2498,0.001
01-02 12,Global,0.0244,0.0064,0.0192,0.0812,0.0619
01-02 12,Europe,0.0276,0.0018,0.1039,0.2036,0.0998
01-02 12,European Airspace,0.0378,0.0083,0.0511,0.1453,0.0942
01-02 12,Africa Middle East,0.0124,0.0039,0.0315,0.0615,0.03
01-02 12,East Asia,0.0024,0.0001,0.0,0.0118,0.0118
01-02 12,Southeast Asia,0.0629,0.0288,0.0,0.1227,0.1226
01-02 12,India,0.0037,0.0016,0.0005,0.008,0.0076
01-02 12,China,0.0106,0.0024,0.0,0.0447,0.0447
01-02 12,Latin America,0.0146,0.0017,0.0421,0.0862,0.0441
01-02 12,USA,0.0053,0.0,0.0255,0.0769,0.0514
01-02 12,North Atlantic,0.0075,0.0005,0.0223,0.0435,0.0212
01-02 12,North Pacific,0.0288,0.0062,0.0008,0.0938,0.0931
01-02 12,Amsterdam FIR,0.0612,0.0,0.0788,0.3038,0.225
01-02 12,Athinai FIR,0.0266,0.0,0.2217,0.3294,0.1077
01-02 12,Barcelona FIR,0.0,0.0,0.2212,0.2334,0.0122
01-02 12,Beograd FIR,0.0159,0.0,0.0814,0.1084,0.027
01-02 12,Bordeaux FIR,0.0883,0.0047,0.3325,0.5444,0.2119
01-02 12,Bratislava  FIR,0.0358,0.0,0.2069,0.3473,0.1404
01-02 12,Bremen FIR,0.0415,0.0,0.0189,0.2795,0.2606
01-02 12,Brest FIR,0.0317,0.0017,0.016,0.1292,0.1132
01-02 12,Brindisi FIR,0.0,0.0,0.0963,0.1,0.0037
01-02 12,Brussels FIR,0.1601,0.0283,0.0076,0.3478,0.3402
01-02 12,Bucarest FIR,0.0053,0.0018,0.0107,0.0311,0.0205
01-02 12,Budapest FIR,0.0,0.0,0.2445,0.2494,0.0049
01-02 12,Canarias FIR,0.0,0.0,0.0,0.0,0.0
01-02 12,Chisinau FIR,0.0125,0.0,0.0117,0.0493,0.0376
01-02 12,Copenhagen FIR,0.034,0.0002,0.0337,0.1257,0.0919
01-02 12,Helsinki FIR,0.0028,0.0,0.0005,0.0909,0.0904
01-02 12,Langen FIR,0.0611,0.0,0.0365,0.4004,0.3639
01-02 12,Lisboa FIR,0.0375,0.0116,0.1861,0.3087,0.1226
01-02 12,Ljubljana FIR,0.0,0.0,0.181,0.1875,0.0065
01-02 12,London FIR,0.007,0.0,0.0064,0.0596,0.0532
01-02 12,Madrid FIR,0.0565,0.0099,0.1498,0.3246,0.1749
01-02 12,Malta FIR,0.0157,0.0,0.1792,0.3496,0.1704
01-02 12,Marseille FIR,0.0289,0.0014,0.2111,0.2973,0.0862
01-02 12,Milano FIR,0.0164,0.0,0.4052,0.473,0.0678
01-02 12,Munchen FIR,0.0334,0.0017,0.2008,0.4908,0.29
01-02 12,Paris FIR,0.1293,0.0064,0.0398,0.2852,0.2454
01-02 12,Polaris FIR,0.0118,0.0,0.0014,0.1583,0.1568
01-02 12,Praha FIR,0.025,0.0,0.2791,0.4718,0.1927
01-02 12,Reims FIR,0.144,0.0,0.0686,0.4418,0.3732
01-02 12,Reykjavik FIR,0.018,0.0045,0.0018,0.0299,0.0281
01-02 12,Riga FIR,0.002,0.0,0.0778,0.1443,0.0665
01-02 12,Roma FIR,0.0001,0.0,0.0708,0.0753,0.0045
01-02 12,Santa Maria FIR,0.0088,0.0037,0.0352,0.0624,0.0272
01-02 12,Sarajevo FIR,0.0,0.0,0.1326,0.1332,0.0006
01-02 12,Scottish FIR,0.0162,0.0009,0.0061,0.0593,0.0532
01-02 12,Shannon FIR,0.0,0.0,0.0,0.0,0.0
01-02 12,Skopje FIR,0.0,0.0,0.0062,0.0062,0.0
01-02 12,Sofia FIR,0.0412,0.0109,0.0088,0.0926,0.0839
01-02 12,Sweden FIR,0.0107,0.0,0.0048,0.0556,0.0509
01-02 12,Switzerland FIR,0.0,0.0,0.1715,0.3408,0.1693
01-02 12,Tallinn FIR,0.0148,0.0,0.0279,0.0643,0.0364
01-02 12,Tirana FIR,0.0,0.0,0.0,0.0,0.0
01-02 12,Vilnius FIR,0.043,0.0,0.0117,0.1394,0.1277
01-02 12,Warszawa FIR,0.02,0.0001,0.0878,0.2153,0.1276
01-02 12,Wien FIR,0.0242,0.0052,0.3631,0.4284,0.0653
01-02 12,Zagreb FIR,0.0,0.0,0.1708,0.1745,0.0037
01-02 13,Global,0.0249,0.0064,0.0177,0.0817,0.0639
01-02 13,Europe,0.0376,0.0029,0.0811,0.2025,0.1214
01-02 13,European Airspace,0.041,0.0096,0.0399,0.1421,0.1022
01-02 13,Africa Middle East,0.0163,0.0056,0.0281,0.0623,0.0341
01-02 13,East Asia,0.0024,0.0,0.0,0.0117,0.0117
01-02 13,Southeast Asia,0.0659,0.0297,0.0,0.1268,0.1268
01-02 13,India,0.0048,0.0017,0.0,0.0094,0.0094
01-02 13,China,0.0106,0.0025,0.0,0.0454,0.0454
01-02 13,Latin America,0.0159,0.0021,0.0403,0.0889,0.0486
01-02 13,USA,0.0028,0.0,0.0406,0.0754,0.0348
01-02 13,North Atlantic,0.0073,0.0006,0.0213,0.0417,0.0204
01-02 13,North Pacific,0.0272,0.0058,0.0012,0.093,0.0919
01-02 13,Amsterdam FIR,0.0448,0.0006,0.0258,0.2843,0.2586
01-02 13,Athinai FIR,0.0332,0.0,0.1746,0.2924,0.1178
01-02 13,Barcelona FIR,0.0039,0.0,0.1962,0.2565,0.0603
01-02 13,Beograd FIR,0.0156,0.0,0.1148,0.1517,0.0369
01-02 13,Bordeaux FIR,0.1686,0.0095,0.1593,0.5249,0.3656
01-02 13,Bratislava  FIR,0.1021,0.0036,0.1248,0.3684,0.2436
01-02 13,Bremen FIR,0.0608,0.0004,0.0108,0.316,0.3051
01-02 13,Brest FIR,0.0141,0.0016,0.0109,0.0883,0.0774
01-02 13,Brindisi FIR,0.0008,0.0,0.0672,0.0777,0.0105
01-02 13,Brussels FIR,0.075,0.02,0.0069,0.2683,0.2614
01-02 13,Bucarest FIR,0.0038,0.0002,0.0129,0.0218,0.009
01-02 13,Budapest FIR,0.0434,0.0,0.1833,0.2965,0.1131
01-02 13,Canarias FIR,0.0,0.0,0.0,0.0,0.0
01-02 13,Chisinau FIR,0.0034,0.0,0.0,0.0042,0.0042
01-02 13,Copenhagen FIR,0.0118,0.0,0.0187,0.1394,0.1207
01-02 13,Helsinki FIR,0.0011,0.0,0.0,0.0906,0.0906
01-02 13,Langen FIR,0.1469,0.0159,0.0053,0.3796,0.3743
01-02 13,Lisboa FIR,0.0546,0.0229,0.1623,0.3065,0.1443
01-02 13,Ljubljana FIR,0.0932,0.0278,0.2304,0.3793,0.1489
01-02 13,London FIR,0.0051,0.0,0.002,0.0364,0.0344
01-02 13,Madrid FIR,0.0555,0.0077,0.1248,0.318,0.1932
01-02 13,Malta FIR,0.0405,0.0,0.1111,0.327,0.2159
01-02 13,Marseille FIR,0.0785,0.004,0.1718,0.3441,0.1723
01-02 13,Milano FIR,0.0444,0.0018,0.2988,0.4559,0.1571
01-02 13,Munchen FIR,0.0628,0.0014,0.0932,0.4702,0.3771
01-02 13,Paris FIR,0.0818,0.0016,0.0156,0.1972,0.1816
01-02 13,Polaris FIR,0.0076,0.0,0.0016,0.1581,0.1565
01-02 13,Praha FIR,0.0007,0.0,0.1664,0.4936,0.3272
01-02 13,Reims FIR,0.2584,0.009,0.0316,0.439,0.4074
01-02 13,Reykjavik FIR,0.0208,0.0061,0.0011,0.0322,0.0311
01-02 13,Riga FIR,0.0,0.0,0.0435,0.1481,0.1046
01-02 13,Roma FIR,0.0008,0.0,0.0884,0.0948,0.0064
01-02 13,Santa Maria FIR,0.0111,0.005,0.0316,0.061,0.0294
01-02 13,Sarajevo FIR,0.0,0.0,0.0362,0.0362,0.0
01-02 13,Scottish FIR,0.0217,0.0024,0.0061,0.0621,0.056
01-02 13,Shannon FIR,0.0,0.0,0.0,0.0,0.0
01-02 13,Skopje FIR,0.0,0.0,0.0038,0.0038,0.0
01-02 13,Sofia FIR,0.0164,0.002,0.0051,0.0437,0.0386
01-02 13,Sweden FIR,0.0137,0.0,0.005,0.0574,0.0525
01-02 13,Switzerland FIR,0.1347,0.0021,0.0305,0.3795,0.349
01-02 13,Tallinn FIR,0.0065,0.0,0.0193,0.0575,0.0382
01-02 13,Tirana FIR,0.0,0.0,0.0,0.0,0.0
01-02 13,Vilnius FIR,0.0427,0.0,0.0061,0.1171,0.111
01-02 13,Warszawa FIR,0.0391,0.0,0.0457,0.2271,0.1814
01-02 13,Wien FIR,0.0463,0.0087,0.3111,0.4547,0.1437
01-02 13,Zagreb FIR,0.029,0.0011,0.1153,0.1708,0.0554
01-02 14,Global,0.0252,0.0066,0.0165,0.0822,0.0657
01-02 14,Europe,0.0436,0.0042,0.0608,0.2057,0.1449
01-02 14,European Airspace,0.0424,0.0106,0.0282,0.1395,0.1113
01-02 14,Africa Middle East,0.0202,0.0072,0.0231,0.0633,0.0402
01-02 14,East Asia,0.0021,0.0001,0.0,0.0114,0.0114
01-02 14,Southeast Asia,0.0693,0.03,0.0,0.1301,0.1301
01-02 14,India,0.0055,0.0017,0.0,0.0108,0.0108
01-02 14,China,0.0103,0.0026,0.0,0.0463,0.0463
01-02 14,Latin America,0.0162,0.0022,0.039,0.0911,0.0521
01-02 14,USA,0.0011,0.0,0.0505,0.0721,0.0215
01-02 14,North Atlantic,0.0083,0.0008,0.0186,0.041,0.0224
01-02 14,North Pacific,0.0255,0.0056,0.0025,0.0938,0.0913
01-02 14,Amsterdam FIR,0.0176,0.0,0.008,0.24,0.2321
01-02 14,Athinai FIR,0.0316,0.0,0.1181,0.2451,0.127
01-02 14,Barcelona FIR,0.0176,0.0,0.1746,0.3009,0.1263
01-02 14,Beograd FIR,0.0113,0.0,0.1178,0.1719,0.0541
01-02 14,Bordeaux FIR,0.1604,0.0153,0.0556,0.4555,0.4
01-02 14,Bratislava  FIR,0.0506,0.0012,0.1199,0.4512,0.3313
01-02 14,Bremen FIR,0.0803,0.0004,0.0041,0.3423,0.3383
01-02 14,Brest FIR,0.0083,0.0,0.007,0.0604,0.0533
01-02 14,Brindisi FIR,0.013,0.0,0.073,0.1071,0.0341
01-02 14,Brussels FIR,0.0284,0.0016,0.0038,0.1935,0.1897
01-02 14,Bucarest FIR,0.0059,0.0,0.0148,0.0415,0.0267
01-02 14,Budapest FIR,0.0762,0.0049,0.0962,0.283,0.1867
01-02 14,Canarias FIR,0.0,0.0,0.0,0.0,0.0
01-02 14,Chisinau FIR,0.0,0.0,0.0,0.0,0.0
01-02 14,Copenhagen FIR,0.0338,0.0,0.0047,0.1827,0.178
01-02 14,Helsinki FIR,0.0,0.0,0.0,0.096,0.096
01-02 14,Langen FIR,0.1615,0.0368,0.0032,0.3538,0.3506
01-02 14,Lisboa FIR,0.0765,0.0355,0.1314,0.3051,0.1737
01-02 14,Ljubljana FIR,0.1899,0.0754,0.1615,0.4692,0.3077
01-02 14,London FIR,0.0027,0.0,0.0002,0.0226,0.0225
01-02 14,Madrid FIR,0.0523,0.0031,0.1002,0.3293,0.2291
01-02 14,Malta FIR,0.0475,0.0023,0.0692,0.3048,0.2356
01-02 14,Marseille FIR,0.1132,0.008,0.1357,0.4202,0.2845
01-02 14,Milano FIR,0.1235,0.0042,0.1406,0.439,0.2984
01-02 14,Munchen FIR,0.0939,0.0032,0.0119,0.4453,0.4333
01-02 14,Paris FIR,0.0347,0.0,0.0063,0.1126,0.1063
01-02 14,Polaris FIR,0.0076,0.0002,0.0013,0.1528,0.1515
01-02 14,Praha FIR,0.0,0.0,0.092,0.4906,0.3986
01-02 14,Reims FIR,0.2121,0.0057,0.0342,0.4268,0.3926
01-02 14,Reykjavik FIR,0.0249,0.0084,0.0006,0.0359,0.0353
01-02 14,Riga FIR,0.0,0.0,0.0,0.1427,0.1427
01-02 14,Roma FIR,0.0049,0.0,0.0999,0.1207,0.0207
01-02 14,Santa Maria FIR,0.0135,0.0054,0.0265,0.0595,0.033
01-02 14,Sarajevo FIR,0.0,0.0,0.0298,0.0341,0.0043
01-02 14,Scottish FIR,0.0219,0.0043,0.0069,0.0609,0.054
01-02 14,Shannon FIR,0.0,0.0,0.0,0.0,0.0
01-02 14,Skopje FIR,0.0,0.0,0.0,0.0,0.0
01-02 14,Sofia FIR,0.003,0.0,0.0103,0.0244,0.0142
01-02 14,Sweden FIR,0.0112,0.0,0.001,0.0519,0.0509
01-02 14,Switzerland FIR,0.2665,0.0027,0.0414,0.4852,0.4438
01-02 14,Tallinn FIR,0.0027,0.0,0.0,0.0389,0.0389
01-02 14,Tirana FIR,0.0,0.0,0.0078,0.0086,0.0009
01-02 14,Vilnius FIR,0.0364,0.0,0.0,0.0864,0.0864
01-02 14,Warszawa FIR,0.0475,0.0002,0.0189,0.2569,0.238
01-02 14,Wien FIR,0.0787,0.0045,0.1858,0.4395,0.2537
01-02 14,Zagreb FIR,0.0595,0.0149,0.1031,0.2354,0.1323
01-02 15,Global,0.025,0.0065,0.0161,0.0827,0.0666
01-02 15,Europe,0.0484,0.0055,0.0381,0.2067,0.1687
01-02 15,European Airspace,0.0422,0.0103,0.0158,0.1359,0.1201
01-02 15,Africa Middle East,0.0229,0.0084,0.0155,0.0634,0.0479
01-02 15,East Asia,0.0018,0.0001,0.0,0.0117,0.0117
01-02 15,Southeast Asia,0.0725,0.0294,0.0,0.1342,0.1342
01-02 15,India,0.006,0.0017,0.0,0.0122,0.0122
01-02 15,China,0.0101,0.0027,0.0,0.0472,0.0472
01-02 15,Latin America,0.0153,0.002,0.0403,0.0928,0.0525
01-02 15,USA,0.0007,0.0,0.0561,0.0694,0.0133
01-02 15,North Atlantic,0.0103,0.0011,0.0149,0.039,0.0242
01-02 15,North Pacific,0.0233,0.0054,0.006,0.0941,0.0881
01-02 15,Amsterdam FIR,0.0144,0.0,0.0,0.1988,0.1988
01-02 15,Athinai FIR,0.0285,0.0,0.0292,0.1985,0.1693
01-02 15,Barcelona FIR,0.0431,0.0002,0.1272,0.3329,0.2057
01-02 15,Beograd FIR,0.0025,0.0,0.0124,0.1199,0.1075
01-02 15,Bordeaux FIR,0.1097,0.0063,0.0311,0.375,0.3439
01-02 15,Bratislava  FIR,0.0518,0.0,0.0,0.4701,0.4701
01-02 15,Bremen FIR,0.0771,0.0017,0.0,0.3484,0.3484
01-02 15,Brest FIR,0.0098,0.0009,0.0036,0.0519,0.0483
01-02 15,Brindisi FIR,0.0111,0.0,0.0522,0.1335,0.0813
01-02 15,Brussels FIR,0.0084,0.0,0.0,0.1739,0.1739
01-02 15,Bucarest FIR,0.0232,0.0007,0.0,0.0829,0.0829
01-02 15,Budapest FIR,0.0216,0.0,0.0028,0.264,0.2612
01-02 15,Canarias FIR,0.0,0.0,0.0,0.0,0.0
01-02 15,Chisinau FIR,0.0,0.0,0.0,0.0,0.0
01-02 15,Copenhagen FIR,0.1026,0.0034,0.0,0.2138,0.2138
01-02 15,Helsinki FIR,0.0,0.0,0.0,0.1044,0.1044
01-02 15,Langen FIR,0.1045,0.0232,0.0056,0.3292,0.3236
01-02 15,Lisboa FIR,0.0947,0.0469,0.0995,0.2936,0.1941
01-02 15,Ljubljana FIR,0.2094,0.0312,0.0866,0.5408,0.4542
01-02 15,London FIR,0.0003,0.0,0.0,0.0121,0.0121
01-02 15,Madrid FIR,0.0585,0.0059,0.0832,0.3471,0.2639
01-02 15,Malta FIR,0.0422,0.0044,0.0355,0.2788,0.2433
01-02 15,Marseille FIR,0.1578,0.0083,0.0719,0.4694,0.3974
01-02 15,Milano FIR,0.1664,0.0015,0.0415,0.4729,0.4315
01-02 15,Munchen FIR,0.1545,0.0387,0.0028,0.4319,0.4291
01-02 15,Paris FIR,0.01,0.0002,0.0004,0.0377,0.0373
01-02 15,Polaris FIR,0.0135,0.0001,0.0,0.1502,0.1502
01-02 15,Praha FIR,0.039,0.0049,0.0014,0.4955,0.4941
01-02 15,Reims FIR,0.0933,0.0,0.026,0.3198,0.2938
01-02 15,Reykjavik FIR,0.0291,0.0103,0.0002,0.0416,0.0414
01-02 15,Riga FIR,0.0003,0.0,0.0,0.1238,0.1238
01-02 15,Roma FIR,0.0121,0.0,0.0896,0.1509,0.0612
01-02 15,Santa Maria FIR,0.0152,0.0048,0.0197,0.0578,0.0381
01-02 15,Sarajevo FIR,0.0272,0.0025,0.0213,0.0964,0.0751
01-02 15,Scottish FIR,0.0167,0.0032,0.0034,0.0522,0.0488
01-02 15,Shannon FIR,0.0,0.0,0.0,0.0002,0.0002
01-02 15,Skopje FIR,0.0,0.0,0.0063,0.0514,0.0451
01-02 15,Sofia FIR,0.0035,0.0,0.0,0.0554,0.0554
01-02 15,Sweden FIR,0.0081,0.0,0.0,0.0535,0.0535
01-02 15,Switzerland FIR,0.2021,0.0,0.023,0.4912,0.4682
01-02 15,Tallinn FIR,0.0,0.0,0.0,0.0282,0.0282
01-02 15,Tirana FIR,0.0,0.0,0.0061,0.0174,0.0113
01-02 15,Vilnius FIR,0.0228,0.0,0.0,0.0535,0.0535
01-02 15,Warszawa FIR,0.0472,0.0005,0.0,0.2819,0.2819
01-02 15,Wien FIR,0.0971,0.0024,0.0338,0.4599,0.4261
01-02 15,Zagreb FIR,0.0901,0.0252,0.0528,0.2941,0.2413
01-02 16,Global,0.0247,0.0063,0.0165,0.0829,0.0664
01-02 16,Europe,0.0516,0.0068,0.016,0.2047,0.1886
01-02 16,European Airspace,0.0411,0.0103,0.0073,0.1314,0.1242
01-02 16,Africa Middle East,0.0242,0.009,0.0087,0.063,0.0544
01-02 16,East Asia,0.0015,0.0001,0.0,0.0124,0.0124
01-02 16,Southeast Asia,0.073,0.0272,0.0001,0.1389,0.1388
01-02 16,India,0.0056,0.0015,0.0,0.013,0.013
01-02 16,China,0.0104,0.0028,0.0,0.0471,0.0471
01-02 16,Latin America,0.0135,0.0019,0.0426,0.0936,0.051
01-02 16,USA,0.0012,0.0001,0.0587,0.069,0.0103
01-02 16,North Atlantic,0.0118,0.0012,0.0119,0.0373,0.0255
01-02 16,North Pacific,0.0207,0.005,0.0124,0.0946,0.0822
01-02 16,Amsterdam FIR,0.0042,0.0,0.0,0.1347,0.1347
01-02 16,Athinai FIR,0.0224,0.0,0.0,0.171,0.171
01-02 16,Barcelona FIR,0.0563,0.0006,0.0555,0.3596,0.3041
01-02 16,Beograd FIR,0.0011,0.0,0.0,0.0448,0.0448
01-02 16,Bordeaux FIR,0.0683,0.0032,0.0119,0.2968,0.2849
01-02 16,Bratislava  FIR,0.0363,0.0,0.0,0.4547,0.4547
01-02 16,Bremen FIR,0.0781,0.0004,0.0,0.3502,0.3502
01-02 16,Brest FIR,0.0081,0.0,0.0023,0.0473,0.0451
01-02 16,Brindisi FIR,0.0035,0.0,0.0,0.1287,0.1287
01-02 16,Brussels FIR,0.003,0.0,0.0,0.1221,0.1221
01-02 16,Bucarest FIR,0.0232,0.0001,0.0,0.1422,0.1422
01-02 16,Budapest FIR,0.0252,0.0,0.0,0.2523,0.2523
01-02 16,Canarias FIR,0.0,0.0,0.0001,0.0001,0.0
01-02 16,Chisinau FIR,0.0,0.0,0.0,0.0,0.0
01-02 16,Copenhagen FIR,0.1146,0.0129,0.0,0.2285,0.2285
01-02 16,Helsinki FIR,0.0,0.0,0.0,0.1098,0.1098
01-02 16,Langen FIR,0.038,0.0031,0.0,0.281,0.281
01-02 16,Lisboa FIR,0.1093,0.0553,0.0632,0.2805,0.2173
01-02 16,Ljubljana FIR,0.1469,0.0049,0.0,0.5506,0.5506
01-02 16,London FIR,0.0001,0.0,0.0,0.0073,0.0073
01-02 16,Madrid FIR,0.0717,0.0123,0.0614,0.3494,0.2879
01-02 16,Malta FIR,0.0345,0.0066,0.0,0.2382,0.2382
01-02 16,Marseille FIR,0.1585,0.003,0.0172,0.4775,0.4602
01-02 16,Milano FIR,0.1739,0.0004,0.0,0.5018,0.5018
01-02 16,Munchen FIR,0.1536,0.0344,0.0,0.4038,0.4038
01-02 16,Paris FIR,0.0067,0.0015,0.0,0.0134,0.0134
01-02 16,Polaris FIR,0.0235,0.0004,0.0,0.1487,0.1487
01-02 16,Praha FIR,0.17,0.0303,0.0,0.5122,0.5122
01-02 16,Reims FIR,0.0326,0.0,0.0,0.1514,0.1514
01-02 16,Reykjavik FIR,0.034,0.0125,0.0,0.0477,0.0477
01-02 16,Riga FIR,0.0,0.0,0.0,0.0776,0.0776
01-02 16,Roma FIR,0.0248,0.0001,0.0013,0.1698,0.1685
01-02 16,Santa Maria FIR,0.0164,0.0042,0.0156,0.0563,0.0407
01-02 16,Sarajevo FIR,0.0578,0.0056,0.0,0.2343,0.2343
01-02 16,Scottish FIR,0.011,0.0021,0.0,0.0302,0.0302
01-02 16,Shannon FIR,0.0018,0.0,0.0,0.0026,0.0026
01-02 16,Skopje FIR,0.0,0.0,0.0,0.1124,0.1124
01-02 16,Sofia FIR,0.0022,0.0,0.0,0.0914,0.0914
01-02 16,Sweden FIR,0.0094,0.0008,0.0,0.0558,0.0558
01-02 16,Switzerland FIR,0.1511,0.0,0.0,0.4769,0.4769
01-02 16,Tallinn FIR,0.0,0.0,0.0,0.0128,0.0128
01-02 16,Tirana FIR,0.0,0.0,0.0,0.0,0.0
01-02 16,Vilnius FIR,0.0077,0.0,0.0,0.0261,0.0261
01-02 16,Warszawa FIR,0.0508,0.0033,0.0,0.306,0.306
01-02 16,Wien FIR,0.1654,0.034,0.0,0.5103,0.5103
01-02 16,Zagreb FIR,0.0882,0.012,0.0,0.3696,0.3696
01-02 17,Global,0.0243,0.006,0.0174,0.0833,0.0659
01-02 17,Europe,0.0537,0.0081,0.0037,0.2061,0.2025
01-02 17,European Airspace,0.0399,0.01,0.0032,0.1285,0.1253
01-02 17,Africa Middle East,0.0245,0.0091,0.0037,0.0626,0.059
01-02 17,East Asia,0.0016,0.0002,0.0,0.014,0.0139
01-02 17,Southeast Asia,0.0723,0.0238,0.0004,0.1447,0.1444
01-02 17,India,0.0053,0.0013,0.0,0.0133,0.0133
01-02 17,China,0.0111,0.0025,0.0,0.0472,0.0472
01-02 17,Latin America,0.0135,0.003,0.045,0.0936,0.0486
01-02 17,USA,0.0025,0.0002,0.059,0.0704,0.0114
01-02 17,North Atlantic,0.0124,0.0013,0.008,0.0369,0.0289
01-02 17,North Pacific,0.0185,0.0044,0.0198,0.0948,0.0751
01-02 17,Amsterdam FIR,0.0048,0.0,0.0,0.0863,0.0863
01-02 17,Athinai FIR,0.0174,0.0001,0.0,0.1585,0.1585
01-02 17,Barcelona FIR,0.0559,0.0004,0.0,0.3809,0.3809
01-02 17,Beograd FIR,0.0,0.0,0.0,0.0355,0.0355
01-02 17,Bordeaux FIR,0.0504,0.0007,0.0,0.2543,0.2543
01-02 17,Bratislava  FIR,0.0246,0.0,0.0,0.492,0.492
01-02 17,Bremen FIR,0.0617,0.0,0.0,0.3451,0.3451
01-02 17,Brest FIR,0.0113,0.0001,0.0,0.0427,0.0427
01-02 17,Brindisi FIR,0.0106,0.0,0.0,0.1086,0.1086
01-02 17,Brussels FIR,0.0,0.0,0.0,0.042,0.042
01-02 17,Bucarest FIR,0.0155,0.0045,0.0,0.1853,0.1853
01-02 17,Budapest FIR,0.0536,0.0161,0.0,0.3221,0.3221
01-02 17,Canarias FIR,0.0,0.0,0.0,0.0,0.0
01-02 17,Chisinau FIR,0.0,0.0,0.0,0.0024,0.0024
01-02 17,Copenhagen FIR,0.09,0.0173,0.0,0.2438,0.2438
01-02 17,Helsinki FIR,0.0023,0.0,0.0,0.1102,0.1102
01-02 17,Langen FIR,0.0225,0.0,0.0,0.2608,0.2608
01-02 17,Lisboa FIR,0.1126,0.0602,0.0297,0.2726,0.2429
01-02 17,Ljubljana FIR,0.2533,0.0065,0.0,0.5081,0.5081
01-02 17,London FIR,0.0004,0.0,0.0,0.005,0.005
01-02 17,Madrid FIR,0.0749,0.0196,0.0117,0.3436,0.3319
01-02 17,Malta FIR,0.035,0.0064,0.0,0.2009,0.2009
01-02 17,Marseille FIR,0.1338,0.0038,0.0,0.4647,0.4647
01-02 17,Milano FIR,0.1829,0.0,0.0,0.5169,0.5169
01-02 17,Munchen FIR,0.0885,0.0071,0.0,0.3525,0.3525
01-02 17,Paris FIR,0.002,0.0004,0.0,0.0022,0.0022
01-02 17,Polaris FIR,0.026,0.0004,0.0,0.1472,0.1472
01-02 17,Praha FIR,0.2055,0.0492,0.0,0.4835,0.4835
01-02 17,Reims FIR,0.0257,0.0123,0.0,0.056,0.056
01-02 17,Reykjavik FIR,0.0371,0.0138,0.0,0.051,0.051
01-02 17,Riga FIR,0.0,0.0,0.0,0.0472,0.0472
01-02 17,Roma FIR,0.0286,0.0,0.0,0.2149,0.2149
01-02 17,Santa Maria FIR,0.0178,0.0036,0.0112,0.0557,0.0445
01-02 17,Sarajevo FIR,0.0711,0.0006,0.0,0.3856,0.3856
01-02 17,Scottish FIR,0.0101,0.0015,0.0,0.0227,0.0227
01-02 17,Shannon FIR,0.0042,0.0,0.0,0.0055,0.0055
01-02 17,Skopje FIR,0.0,0.0,0.0,0.0013,0.0013
01-02 17,Sofia FIR,0.0031,0.0007,0.0,0.089,0.089
01-02 17,Sweden FIR,0.0131,0.0027,0.0,0.0535,0.0535
01-02 17,Switzerland FIR,0.1171,0.0007,0.0,0.3364,0.3364
01-02 17,Tallinn FIR,0.0,0.0,0.0,0.0054,0.0054
01-02 17,Tirana FIR,0.0,0.0,0.0,0.0,0.0
01-02 17,Vilnius FIR,0.0006,0.0,0.0,0.0111,0.0111
01-02 17,Warszawa FIR,0.0718,0.0035,0.0,0.3345,0.3345
01-02 17,Wien FIR,0.2384,0.023,0.0,0.5076,0.5076
01-02 17,Zagreb FIR,0.1216,0.0061,0.0,0.4048,0.4048
01-02 18,Global,0.0239,0.0058,0.0187,0.0837,0.065
01-02 18,Europe,0.0526,0.009,0.0,0.2038,0.2038
01-02 18,European Airspace,0.039,0.0096,0.0006,0.1246,0.124
01-02 18,Africa Middle East,0.0247,0.0097,0.0011,0.0627,0.0615
01-02 18,East Asia,0.0017,0.0003,0.0001,0.0156,0.0155
01-02 18,Southeast Asia,0.0673,0.0183,0.0012,0.1509,0.1497
01-02 18,India,0.0049,0.001,0.0,0.0136,0.0136
01-02 18,China,0.0116,0.0023,0.0001,0.0464,0.0463
01-02 18,Latin America,0.0165,0.0052,0.0474,0.0935,0.0461
01-02 18,USA,0.0047,0.0006,0.057,0.0723,0.0153
01-02 18,North Atlantic,0.0129,0.0012,0.0049,0.0364,0.0316
01-02 18,North Pacific,0.0173,0.0037,0.028,0.096,0.068
01-02 18,Amsterdam FIR,0.0006,0.0,0.0,0.0361,0.0361
01-02 18,Athinai FIR,0.0128,0.0001,0.0,0.1411,0.1411
01-02 18,Barcelona FIR,0.0483,0.0015,0.0,0.3886,0.3886
01-02 18,Beograd FIR,0.0006,0.0,0.0,0.1118,0.1118
01-02 18,Bordeaux FIR,0.0661,0.0099,0.0,0.2448,0.2448
01-02 18,Bratislava  FIR,0.1189,0.0294,0.0,0.5462,0.5462
01-02 18,Bremen FIR,0.0574,0.0,0.0,0.3288,0.3288
01-02 18,Brest FIR,0.0082,0.0004,0.0,0.0444,0.0444
01-02 18,Brindisi FIR,0.0219,0.0,0.0,0.1407,0.1407
01-02 18,Brussels FIR,0.0,0.0,0.0,0.0,0.0
01-02 18,Bucarest FIR,0.0191,0.005,0.0,0.183,0.183
01-02 18,Budapest FIR,0.1266,0.0153,0.0,0.3881,0.3881
01-02 18,Canarias FIR,0.0,0.0,0.0,0.0,0.0
01-02 18,Chisinau FIR,0.0,0.0,0.0,0.0278,0.0278
01-02 18,Copenhagen FIR,0.0541,0.0061,0.0,0.2474,0.2474
01-02 18,Helsinki FIR,0.0041,0.0,0.0,0.1003,0.1003
01-02 18,Langen FIR,0.0205,0.0,0.0,0.1918,0.1918
01-02 18,Lisboa FIR,0.1097,0.0626,0.0007,0.2609,0.2603
01-02 18,Ljubljana FIR,0.2091,0.0,0.0,0.4902,0.4902
01-02 18,London FIR,0.0003,0.0,0.0,0.0021,0.0021
01-02 18,Madrid FIR,0.0686,0.0217,0.0,0.3147,0.3147
01-02 18,Malta FIR,0.0331,0.0043,0.0,0.1624,0.1624
01-02 18,Marseille FIR,0.0906,0.0025,0.0,0.4314,0.4314
01-02 18,Milano FIR,0.1558,0.0002,0.0,0.4931,0.4931
01-02 18,Munchen FIR,0.054,0.0016,0.0,0.3165,0.3165
01-02 18,Paris FIR,0.0,0.0,0.0,0.0007,0.0007
01-02 18,Polaris FIR,0.0264,0.0004,0.0,0.1429,0.1429
01-02 18,Praha FIR,0.1823,0.057,0.0,0.4419,0.4419
01-02 18,Reims FIR,0.0086,0.0064,0.0,0.0097,0.0097
01-02 18,Reykjavik FIR,0.0406,0.0154,0.0,0.0536,0.0536
01-02 18,Riga FIR,0.0,0.0,0.0,0.0293,0.0293
01-02 18,Roma FIR,0.0282,0.0005,0.0,0.2608,0.2608
01-02 18,Santa Maria FIR,0.0191,0.0033,0.005,0.0553,0.0503
01-02 18,Sarajevo FIR,0.1289,0.0068,0.0,0.4315,0.4315
01-02 18,Scottish FIR,0.0136,0.0004,0.0,0.0289,0.0289
01-02 18,Shannon FIR,0.0047,0.0002,0.0,0.0069,0.0069
01-02 18,Skopje FIR,0.0,0.0,0.0,0.0,0.0
01-02 18,Sofia FIR,0.0057,0.0048,0.0,0.0841,0.0841
01-02 18,Sweden FIR,0.0183,0.0049,0.0,0.0499,0.0499
01-02 18,Switzerland FIR,0.1289,0.0176,0.0,0.2462,0.2462
01-02 18,Tallinn FIR,0.0,0.0,0.0,0.0024,0.0024
01-02 18,Tirana FIR,0.0,0.0,0.0,0.0315,0.0315
01-02 18,Vilnius FIR,0.0,0.0,0.0,0.0047,0.0047
01-02 18,Warszawa FIR,0.0999,0.0022,0.0,0.3556,0.3556
01-02 18,Wien FIR,0.2044,0.0111,0.0,0.4374,0.4374
01-02 18,Zagreb FIR,0.174,0.0071,0.0,0.4452,0.4452
01-02 19,Global,0.0238,0.0059,0.0193,0.0839,0.0647
01-02 19,Europe,0.0504,0.0099,0.0,0.1975,0.1975
01-02 19,European Airspace,0.039,0.0092,0.0,0.1218,0.1218
01-02 19,Africa Middle East,0.0253,0.0108,0.0005,0.0628,0.0623
01-02 19,East Asia,0.002,0.0001,0.0002,0.0176,0.0174
01-02 19,Southeast Asia,0.0573,0.0114,0.0036,0.1554,0.1518
01-02 19,India,0.0043,0.0008,0.0,0.0137,0.0137
01-02 19,China,0.0123,0.002,0.0003,0.0464,0.0462
01-02 19,Latin America,0.0226,0.0088,0.0445,0.0939,0.0494
01-02 19,USA,0.0081,0.0012,0.0502,0.0732,0.0231
01-02 19,North Atlantic,0.0136,0.0015,0.0032,0.0369,0.0337
01-02 19,North Pacific,0.0163,0.0032,0.0315,0.0959,0.0645
01-02 19,Amsterdam FIR,0.0005,0.0,0.0,0.0104,0.0104
01-02 19,Athinai FIR,0.0128,0.0,0.0,0.117,0.117
01-02 19,Barcelona FIR,0.0535,0.0143,0.0,0.3603,0.3603
01-02 19,Beograd FIR,0.0431,0.0033,0.0,0.2315,0.2315
01-02 19,Bordeaux FIR,0.0686,0.027,0.0,0.2393,0.2393
01-02 19,Bratislava  FIR,0.1653,0.0637,0.0,0.5323,0.5323
01-02 19,Bremen FIR,0.0611,0.0,0.0,0.3041,0.3041
01-02 19,Brest FIR,0.0104,0.0,0.0,0.0413,0.0413
01-02 19,Brindisi FIR,0.0245,0.0,0.0,0.1801,0.1801
01-02 19,Brussels FIR,0.0,0.0,0.0,0.0,0.0
01-02 19,Bucarest FIR,0.0401,0.0085,0.0,0.1955,0.1955
01-02 19,Budapest FIR,0.1859,0.0184,0.0,0.5025,0.5025
01-02 19,Canarias FIR,0.0,0.0,0.0,0.0005,0.0005
01-02 19,Chisinau FIR,0.0,0.0,0.0,0.0608,0.0608
01-02 19,Copenhagen FIR,0.0381,0.0,0.0,0.2427,0.2427
01-02 19,Helsinki FIR,0.0059,0.0,0.0,0.091,0.091
01-02 19,Langen FIR,0.0123,0.0,0.0,0.0906,0.0906
01-02 19,Lisboa FIR,0.1082,0.0631,0.0,0.2535,0.2535
01-02 19,Ljubljana FIR,0.1828,0.0,0.0,0.4771,0.4771
01-02 19,London FIR,0.0,0.0,0.0,0.0002,0.0002
01-02 19,Madrid FIR,0.0617,0.0209,0.0,0.2895,0.2895
01-02 19,Malta FIR,0.0303,0.0011,0.0,0.1211,0.1211
01-02 19,Marseille FIR,0.0515,0.001,0.0,0.4068,0.4068
01-02 19,Milano FIR,0.1322,0.0009,0.0,0.4681,0.4681
01-02 19,Munchen FIR,0.0573,0.0014,0.0,0.2774,0.2774
01-02 19,Paris FIR,0.0,0.0,0.0,0.0,0.0
01-02 19,Polaris FIR,0.0277,0.0014,0.0,0.1361,0.1361
01-02 19,Praha FIR,0.1296,0.0107,0.0,0.369,0.369
01-02 19,Reims FIR,0.0,0.0,0.0,0.0,0.0
01-02 19,Reykjavik FIR,0.0443,0.0174,0.0,0.0565,0.0565
01-02 19,Riga FIR,0.0,0.0,0.0,0.0158,0.0158
01-02 19,Roma FIR,0.0318,0.0,0.0,0.2873,0.2873
01-02 19,Santa Maria FIR,0.0202,0.0035,0.0003,0.0554,0.0551
01-02 19,Sarajevo FIR,0.1767,0.0044,0.0,0.4622,0.4622
01-02 19,Scottish FIR,0.0172,0.0001,0.0,0.0387,0.0387
01-02 19,Shannon FIR,0.0043,0.0001,0.0,0.0078,0.0078
01-02 19,Skopje FIR,0.0,0.0,0.0,0.0,0.0
01-02 19,Sofia FIR,0.0052,0.0011,0.0,0.0895,0.0895
01-02 19,Sweden FIR,0.0199,0.0054,0.0,0.0604,0.0604
01-02 19,Switzerland FIR,0.1277,0.0388,0.0,0.1851,0.1851
01-02 19,Tallinn FIR,0.0,0.0,0.0,0.0,0.0
01-02 19,Tirana FIR,0.0,0.0,0.0,0.0604,0.0604
01-02 19,Vilnius FIR,0.0,0.0,0.0,0.0007,0.0007
01-02 19,Warszawa FIR,0.1185,0.0033,0.0,0.3873,0.3873
01-02 19,Wien FIR,0.1383,0.0152,0.0,0.3476,0.3476
01-02 19,Zagreb FIR,0.1757,0.0011,0.0,0.4633,0.4633
01-02 20,Global,0.0239,0.0059,0.0199,0.0839,0.064
01-02 20,Europe,0.0473,0.0107,0.0,0.1884,0.1884
01-02 20,European Airspace,0.0388,0.0087,0.0,0.1182,0.1182
01-02 20,Africa Middle East,0.0263,0.0117,0.0001,0.0626,0.0625
01-02 20,East Asia,0.0014,0.0,0.0007,0.0195,0.0188
01-02 20,Southeast Asia,0.0426,0.0051,0.011,0.1572,0.1461
01-02 20,India,0.0035,0.0006,0.0001,0.0135,0.0135
01-02 20,China,0.0119,0.0011,0.0012,0.0459,0.0447
01-02 20,Latin America,0.0296,0.0125,0.0371,0.0954,0.0584
01-02 20,USA,0.0135,0.0022,0.0389,0.0737,0.0348
01-02 20,North Atlantic,0.0146,0.0015,0.0017,0.038,0.0363
01-02 20,North Pacific,0.0163,0.0029,0.0332,0.0949,0.0617
01-02 20,Amsterdam FIR,0.0,0.0,0.0,0.0016,0.0016
01-02 20,Athinai FIR,0.009,0.0,0.0,0.0931,0.0931
01-02 20,Barcelona FIR,0.0711,0.0347,0.0,0.3169,0.3169
01-02 20,Beograd FIR,0.1039,0.0,0.0,0.3554,0.3554
01-02 20,Bordeaux FIR,0.0767,0.0476,0.0,0.2159,0.2159
01-02 20,Bratislava  FIR,0.1728,0.0379,0.0,0.4885,0.4885
01-02 20,Bremen FIR,0.061,0.0,0.0,0.2731,0.2731
01-02 20,Brest FIR,0.0063,0.0,0.0,0.0268,0.0268
01-02 20,Brindisi FIR,0.0325,0.0,0.0,0.231,0.231
01-02 20,Brussels FIR,0.0,0.0,0.0,0.0,0.0
01-02 20,Bucarest FIR,0.0577,0.0083,0.0,0.256,0.256
01-02 20,Budapest FIR,0.202,0.0518,0.0,0.5129,0.5129
01-02 20,Canarias FIR,0.0001,0.0,0.0,0.0013,0.0013
01-02 20,Chisinau FIR,0.0354,0.0101,0.0,0.094,0.094
01-02 20,Copenhagen FIR,0.0526,0.0,0.0,0.2427,0.2427
01-02 20,Helsinki FIR,0.0069,0.0,0.0,0.0955,0.0955
01-02 20,Langen FIR,0.0007,0.0,0.0,0.026,0.026
01-02 20,Lisboa FIR,0.1033,0.0593,0.0,0.2428,0.2428
01-02 20,Ljubljana FIR,0.1375,0.0,0.0,0.4316,0.4316
01-02 20,London FIR,0.0,0.0,0.0,0.0,0.0
01-02 20,Madrid FIR,0.065,0.0215,0.0,0.2773,0.2773
01-02 20,Malta FIR,0.0262,0.0004,0.0,0.0925,0.0925
01-02 20,Marseille FIR,0.0322,0.0009,0.0,0.3947,0.3947
01-02 20,Milano FIR,0.1253,0.0091,0.0,0.435,0.435
01-02 20,Munchen FIR,0.0496,0.0,0.0,0.2089,0.2089
01-02 20,Paris FIR,0.0,0.0,0.0,0.0,0.0
01-02 20,Polaris FIR,0.0331,0.0023,0.0,0.1248,0.1248
01-02 20,Praha FIR,0.1165,0.0,0.0,0.3402,0.3402
01-02 20,Reims FIR,0.0,0.0,0.0,0.0,0.0
01-02 20,Reykjavik FIR,0.0461,0.0191,0.0,0.0581,0.0581
01-02 20,Riga FIR,0.0,0.0,0.0,0.0056,0.0056
01-02 20,Roma FIR,0.0257,0.0001,0.0,0.2741,0.2741
01-02 20,Santa Maria FIR,0.0219,0.004,0.0,0.0552,0.0552
01-02 20,Sarajevo FIR,0.1644,0.0,0.0,0.4863,0.4863
01-02 20,Scottish FIR,0.0153,0.0001,0.0,0.0424,0.0424
01-02 20,Shannon FIR,0.0043,0.0,0.0,0.0081,0.0081
01-02 20,Skopje FIR,0.0,0.0,0.0,0.0013,0.0013
01-02 20,Sofia FIR,0.0076,0.0017,0.0,0.0843,0.0843
01-02 20,Sweden FIR,0.0187,0.0035,0.0,0.0688,0.0688
01-02 20,Switzerland FIR,0.0445,0.0143,0.0,0.0568,0.0568
01-02 20,Tallinn FIR,0.0,0.0,0.0,0.0,0.0
01-02 20,Tirana FIR,0.0017,0.0,0.0,0.0944,0.0944
01-02 20,Vilnius FIR,0.0,0.0,0.0,0.0,0.0
01-02 20,Warszawa FIR,0.1312,0.0029,0.0,0.4121,0.4121
01-02 20,Wien FIR,0.078,0.0065,0.0,0.2365,0.2365
01-02 20,Zagreb FIR,0.1432,0.0005,0.0,0.4824,0.4824
01-02 21,Global,0.0236,0.0056,0.0206,0.0839,0.0633
01-02 21,Europe,0.0436,0.0094,0.0,0.1767,0.1767
01-02 21,European Airspace,0.0383,0.0076,0.0,0.1149,0.1149
01-02 21,Africa Middle East,0.0272,0.0115,0.0001,0.0624,0.0623
01-02 21,East Asia,0.0003,0.0,0.0027,0.0218,0.0191
01-02 21,Southeast Asia,0.0261,0.0013,0.0272,0.1554,0.1281
01-02 21,India,0.0029,0.0003,0.0002,0.0131,0.0129
01-02 21,China,0.01,0.0004,0.0035,0.0453,0.0418
01-02 21,Latin America,0.0355,0.0152,0.0267,0.0974,0.0707
01-02 21,USA,0.0189,0.0032,0.0253,0.0727,0.0474
01-02 21,North Atlantic,0.0156,0.0015,0.0,0.0387,0.0387
01-02 21,North Pacific,0.0172,0.0027,0.0343,0.0942,0.06
01-02 21,Amsterdam FIR,0.0,0.0,0.0,0.0,0.0
01-02 21,Athinai FIR,0.0055,0.0,0.0,0.0757,0.0757
01-02 21,Barcelona FIR,0.0886,0.0456,0.0,0.3095,0.3095
01-02 21,Beograd FIR,0.0981,0.0,0.0,0.4827,0.4827
01-02 21,Bordeaux FIR,0.0593,0.0359,0.0,0.1876,0.1876
01-02 21,Bratislava  FIR,0.119,0.0,0.0,0.4334,0.4334
01-02 21,Bremen FIR,0.0458,0.0,0.0,0.227,0.227
01-02 21,Brest FIR,0.0033,0.0,0.0,0.0168,0.0168
01-02 21,Brindisi FIR,0.0362,0.0,0.0,0.2747,0.2747
01-02 21,Brussels FIR,0.0,0.0,0.0,0.0,0.0
01-02 21,Bucarest FIR,0.0896,0.0113,0.0,0.3118,0.3118
01-02 21,Budapest FIR,0.2013,0.032,0.0,0.4461,0.4461
01-02 21,Canarias FIR,0.0002,0.0,0.0,0.0029,0.0029
01-02 21,Chisinau FIR,0.0696,0.0,0.0,0.1322,0.1322
01-02 21,Copenhagen FIR,0.0775,0.0,0.0,0.2325,0.2325
01-02 21,Helsinki FIR,0.007,0.0,0.0,0.103,0.103
01-02 21,Langen FIR,0.0,0.0,0.0,0.0009,0.0009
01-02 21,Lisboa FIR,0.0914,0.0445,0.0,0.2183,0.2183
01-02 21,Ljubljana FIR,0.077,0.0,0.0,0.2045,0.2045
01-02 21,London FIR,0.0,0.0,0.0,0.0002,0.0002
01-02 21,Madrid FIR,0.0713,0.0295,0.0,0.2647,0.2647
01-02 21,Malta FIR,0.0186,0.0,0.0,0.0686,0.0686
01-02 21,Marseille FIR,0.0445,0.0123,0.0,0.3543,0.3543
01-02 21,Milano FIR,0.1251,0.0053,0.0,0.3972,0.3972
01-02 21,Munchen FIR,0.0188,0.0,0.0,0.1198,0.1198
01-02 21,Paris FIR,0.0,0.0,0.0,0.0,0.0
01-02 21,Polaris FIR,0.0361,0.0026,0.0,0.12,0.12
01-02 21,Praha FIR,0.1162,0.0,0.0,0.3106,0.3106
01-02 21,Reims FIR,0.0,0.0,0.0,0.0,0.0
01-02 21,Reykjavik FIR,0.0487,0.0193,0.0,0.0619,0.0619
01-02 21,Riga FIR,0.0,0.0,0.0,0.0003,0.0003
01-02 21,Roma FIR,0.0219,0.0,0.0,0.2555,0.2555
01-02 21,Santa Maria FIR,0.0236,0.0038,0.0,0.0572,0.0572
01-02 21,Sarajevo FIR,0.151,0.0,0.0,0.4674,0.4674
01-02 21,Scottish FIR,0.0113,0.0003,0.0,0.0434,0.0434
01-02 21,Shannon FIR,0.0034,0.0,0.0,0.0052,0.0052
01-02 21,Skopje FIR,0.0,0.0,0.0,0.0402,0.0402
01-02 21,Sofia FIR,0.0087,0.0,0.0,0.0958,0.0958
01-02 21,Sweden FIR,0.0141,0.0006,0.0,0.077,0.077
01-02 21,Switzerland FIR,0.0041,0.0,0.0,0.0198,0.0198
01-02 21,Tallinn FIR,0.0,0.0,0.0,0.0,0.0
01-02 21,Tirana FIR,0.0017,0.0,0.0,0.21,0.21
01-02 21,Vilnius FIR,0.0044,0.0034,0.0,0.0044,0.0044
01-02 21,Warszawa FIR,0.1251,0.0,0.0,0.4151,0.4151
01-02 21,Wien FIR,0.0511,0.0007,0.0,0.1545,0.1545
01-02 21,Zagreb FIR,0.129,0.0005,0.0,0.4718,0.4718
01-02 22,Global,0.0238,0.0056,0.0201,0.0824,0.0623
01-02 22,Europe,0.0406,0.0077,0.0,0.147,0.147
01-02 22,European Airspace,0.0369,0.0062,0.0,0.1074,0.1074
01-02 22,Africa Middle East,0.0292,0.0111,0.0002,0.0635,0.0632
01-02 22,East Asia,0.0003,0.0,0.0104,0.0205,0.0102
01-02 22,Southeast Asia,0.0134,0.0004,0.0535,0.1495,0.096
01-02 22,India,0.0022,0.0001,0.0004,0.0104,0.0101
01-02 22,China,0.0073,0.0003,0.009,0.045,0.036
01-02 22,Latin America,0.0413,0.0179,0.0126,0.0937,0.0811
01-02 22,USA,0.0219,0.0036,0.0123,0.0699,0.0575
01-02 22,North Atlantic,0.0159,0.0012,0.0,0.0335,0.0335
01-02 22,North Pacific,0.0197,0.0029,0.035,0.094,0.059
01-02 22,Amsterdam FIR,0.0,0.0,0.0,0.0,0.0
01-02 22,Athinai FIR,0.0023,0.0,0.0,0.0644,0.0644
01-02 22,Barcelona FIR,0.0916,0.0401,0.0,0.2834,0.2834
01-02 22,Beograd FIR,0.0839,0.0,0.0,0.4774,0.4774
01-02 22,Bordeaux FIR,0.0316,0.0109,0.0,0.1156,0.1156
01-02 22,Bratislava  FIR,0.0258,0.0,0.0,0.3213,0.3213
01-02 22,Bremen FIR,0.0291,0.0,0.0,0.1626,0.1626
01-02 22,Brest FIR,0.0,0.0,0.0,0.0073,0.0073
01-02 22,Brindisi FIR,0.0504,0.0,0.0,0.2731,0.2731
01-02 22,Brussels FIR,0.0,0.0,0.0,0.0,0.0
01-02 22,Bucarest FIR,0.1041,0.0081,0.0,0.3607,0.3607
01-02 22,Budapest FIR,0.1676,0.0,0.0,0.348,0.348
01-02 22,Canarias FIR,0.0005,0.0,0.0,0.0045,0.0045
01-02 22,Chisinau FIR,0.0763,0.0,0.0,0.2443,0.2443
01-02 22,Copenhagen FIR,0.0743,0.0,0.0,0.2114,0.2114
01-02 22,Helsinki FIR,0.0093,0.0,0.0,0.1138,0.1138
01-02 22,Langen FIR,0.0,0.0,0.0,0.0,0.0
01-02 22,Lisboa FIR,0.0701,0.0298,0.0,0.1817,0.1817
01-02 22,Ljubljana FIR,0.0346,0.0,0.0,0.1033,0.1033
01-02 22,London FIR,0.0001,0.0,0.0,0.0006,0.0006
01-02 22,Madrid FIR,0.0806,0.0279,0.0,0.2183,0.2183
01-02 22,Malta FIR,0.0088,0.0,0.0,0.0458,0.0458
01-02 22,Marseille FIR,0.0774,0.0297,0.0,0.3016,0.3016
01-02 22,Milano FIR,0.0921,0.0013,0.0,0.2937,0.2937
01-02 22,Munchen FIR,0.0093,0.0,0.0,0.0534,0.0534
01-02 22,Paris FIR,0.0,0.0,0.0,0.0,0.0
01-02 22,Polaris FIR,0.0318,0.0022,0.0,0.1183,0.1183
01-02 22,Praha FIR,0.074,0.0,0.0,0.2234,0.2234
01-02 22,Reims FIR,0.0,0.0,0.0,0.0,0.0
01-02 22,Reykjavik FIR,0.051,0.019,0.0,0.0651,0.0651
01-02 22,Riga FIR,0.0,0.0,0.0,0.0005,0.0005
01-02 22,Roma FIR,0.0184,0.0,0.0,0.2086,0.2086
01-02 22,Santa Maria FIR,0.0277,0.0039,0.0,0.0631,0.0631
01-02 22,Sarajevo FIR,0.1478,0.0,0.0,0.4691,0.4691
01-02 22,Scottish FIR,0.0069,0.0011,0.0,0.0366,0.0366
01-02 22,Shannon FIR,0.0032,0.0,0.0,0.0035,0.0035
01-02 22,Skopje FIR,0.0,0.0,0.0,0.1322,0.1322
01-02 22,Sofia FIR,0.0035,0.0,0.0,0.1151,0.1151
01-02 22,Sweden FIR,0.0149,0.0,0.0,0.0828,0.0828
01-02 22,Switzerland FIR,0.0,0.0,0.0,0.0,0.0
01-02 22,Tallinn FIR,0.0,0.0,0.0,0.0,0.0
01-02 22,Tirana FIR,0.0,0.0,0.0,0.2133,0.2133
01-02 22,Vilnius FIR,0.0176,0.0016,0.0,0.0201,0.0201
01-02 22,Warszawa FIR,0.1204,0.0001,0.0,0.3838,0.3838
01-02 22,Wien FIR,0.0258,0.0,0.0,0.098,0.098
01-02 22,Zagreb FIR,0.1277,0.0,0.0,0.4306,0.4306
01-02 23,Global,0.0238,0.0053,0.0211,0.0835,0.0624
01-02 23,Europe,0.0425,0.0086,0.0,0.1463,0.1463
01-02 23,European Airspace,0.0358,0.0056,0.0001,0.108,0.1079
01-02 23,Africa Middle East,0.029,0.0096,0.0005,0.0662,0.0658
01-02 23,East Asia,0.0005,0.0,0.0158,0.0234,0.0077
01-02 23,Southeast Asia,0.0096,0.0002,0.0814,0.1497,0.0682
01-02 23,India,0.0012,0.0,0.0009,0.0096,0.0087
01-02 23,China,0.0049,0.0003,0.0171,0.048,0.0309
01-02 23,Latin America,0.0461,0.019,0.0056,0.0956,0.09
01-02 23,USA,0.0242,0.0041,0.0047,0.0708,0.066
01-02 23,North Atlantic,0.0158,0.0014,0.0,0.0342,0.0342
01-02 23,North Pacific,0.0233,0.0031,0.0341,0.0957,0.0615
01-02 23,Amsterdam FIR,0.0,0.0,0.0,0.0,0.0
01-02 23,Athinai FIR,0.0013,0.0,0.0,0.0516,0.0516
01-02 23,Barcelona FIR,0.1134,0.0353,0.0,0.3193,0.3193
01-02 23,Beograd FIR,0.0927,0.0,0.0,0.4652,0.4652
01-02 23,Bordeaux FIR,0.0248,0.0053,0.0,0.0839,0.0839
01-02 23,Bratislava  FIR,0.0235,0.0,0.0,0.3487,0.3487
01-02 23,Bremen FIR,0.0155,0.0,0.0,0.1108,0.1108
01-02 23,Brest FIR,0.0,0.0,0.0,0.0011,0.0011
01-02 23,Brindisi FIR,0.0639,0.0,0.0,0.3191,0.3191
01-02 23,Brussels FIR,0.0,0.0,0.0,0.0,0.0
01-02 23,Bucarest FIR,0.1104,0.0023,0.0,0.383,0.383
01-02 23,Budapest FIR,0.094,0.0003,0.0,0.2767,0.2767
01-02 23,Canarias FIR,0.0007,0.0,0.0,0.0064,0.0064
01-02 23,Chisinau FIR,0.0733,0.0,0.0,0.4251,0.4251
01-02 23,Copenhagen FIR,0.0609,0.0014,0.0,0.2018,0.2018
01-02 23,Helsinki FIR,0.0071,0.0,0.0,0.1192,0.1192
01-02 23,Langen FIR,0.0,0.0,0.0,0.0,0.0
01-02 23,Lisboa FIR,0.0547,0.0233,0.0,0.1746,0.1746
01-02 23,Ljubljana FIR,0.0132,0.0,0.0,0.1113,0.1113
01-02 23,London FIR,0.0004,0.0,0.0,0.0042,0.0042
01-02 23,Madrid FIR,0.0974,0.0345,0.0,0.2327,0.2327
01-02 23,Malta FIR,0.0023,0.0,0.0,0.0261,0.0261
01-02 23,Marseille FIR,0.1133,0.046,0.0,0.3205,0.3205
01-02 23,Milano FIR,0.0837,0.0006,0.0,0.2614,0.2614
01-02 23,Munchen FIR,0.0023,0.0,0.0,0.0189,0.0189
01-02 23,Paris FIR,0.0,0.0,0.0,0.0,0.0
01-02 23,Polaris FIR,0.03,0.0031,0.0,0.1224,0.1224
01-02 23,Praha FIR,0.0405,0.0,0.0,0.1566,0.1566
01-02 23,Reims FIR,0.0,0.0,0.0,0.0,0.0
01-02 23,Reykjavik FIR,0.0547,0.0187,0.0,0.0691,0.0691
01-02 23,Riga FIR,0.0005,0.0,0.0,0.0015,0.0015
01-02 23,Roma FIR,0.015,0.0,0.0,0.2219,0.2219
01-02 23,Santa Maria FIR,0.0299,0.0035,0.0,0.0718,0.0718
01-02 23,Sarajevo FIR,0.1215,0.0006,0.0,0.4793,0.4793
01-02 23,Scottish FIR,0.0067,0.0016,0.0,0.0378,0.0378
01-02 23,Shannon FIR,0.0029,0.0001,0.0,0.0032,0.0032
01-02 23,Skopje FIR,0.0,0.0,0.0,0.1395,0.1395
01-02 23,Sofia FIR,0.0061,0.0,0.0,0.1695,0.1695
01-02 23,Sweden FIR,0.0317,0.0001,0.0,0.0834,0.0834
01-02 23,Switzerland FIR,0.0,0.0,0.0,0.0,0.0
01-02 23,Tallinn FIR,0.0,0.0,0.0,0.0,0.0
01-02 23,Tirana FIR,0.0165,0.0,0.0,0.1808,0.1808
01-02 23,Vilnius FIR,0.0301,0.0,0.0,0.0423,0.0423
01-02 23,Warszawa FIR,0.1278,0.0,0.0005,0.3795,0.3789
01-02 23,Wien FIR,0.0041,0.001,0.0,0.0329,0.0329
01-02 23,Zagreb FIR,0.1032,0.0,0.0003,0.3865,0.3862
01-03 00,Global,0.0241,0.0054,0.0221,0.0844,0.0623
01-03 00,Europe,0.0411,0.0091,0.0,0.1449,0.1448
01-03 00,European Airspace,0.0341,0.0055,0.0003,0.1073,0.107
01-03 00,Africa Middle East,0.0269,0.0073,0.0009,0.0679,0.067
01-03 00,East Asia,0.0007,0.0,0.0177,0.026,0.0083
01-03 00,Southeast Asia,0.011,0.0005,0.0958,0.1485,0.0527
01-03 00,India,0.001,0.0,0.0032,0.0091,0.006
01-03 00,China,0.0034,0.0002,0.0266,0.0512,0.0246
01-03 00,Latin America,0.0494,0.0195,0.0017,0.0976,0.0959
01-03 00,USA,0.0253,0.0044,0.0006,0.0718,0.0712
01-03 00,North Atlantic,0.0153,0.0013,0.0,0.034,0.034
01-03 00,North Pacific,0.0274,0.0038,0.0276,0.0971,0.0696
01-03 00,Amsterdam FIR,0.0,0.0,0.0,0.0,0.0
01-03 00,Athinai FIR,0.0008,0.0,0.0,0.0421,0.0421
01-03 00,Barcelona FIR,0.1289,0.0411,0.0,0.348,0.348
01-03 00,Beograd FIR,0.126,0.0061,0.0,0.451,0.451
01-03 00,Bordeaux FIR,0.018,0.0132,0.0,0.0371,0.0371
01-03 00,Bratislava  FIR,0.019,0.0006,0.0,0.3035,0.3035
01-03 00,Bremen FIR,0.009,0.0,0.0,0.0588,0.0588
01-03 00,Brest FIR,0.0,0.0,0.0,0.0022,0.0022
01-03 00,Brindisi FIR,0.0636,0.0006,0.0,0.3428,0.3428
01-03 00,Brussels FIR,0.0,0.0,0.0,0.0,0.0
01-03 00,Bucarest FIR,0.1086,0.0042,0.0021,0.3714,0.3693
01-03 00,Budapest FIR,0.0499,0.0034,0.0,0.2,0.2
01-03 00,Canarias FIR,0.0012,0.0001,0.0,0.0072,0.0072
01-03 00,Chisinau FIR,0.0199,0.0,0.0,0.4406,0.4406
01-03 00,Copenhagen FIR,0.0323,0.0,0.0,0.1804,0.1804
01-03 00,Helsinki FIR,0.0029,0.0,0.0,0.1159,0.1159
01-03 00,Langen FIR,0.0,0.0,0.0,0.0,0.0
01-03 00,Lisboa FIR,0.0432,0.0186,0.0,0.1669,0.1669
01-03 00,Ljubljana FIR,0.0443,0.0,0.0,0.1553,0.1553
01-03 00,London FIR,0.0003,0.0,0.0,0.0035,0.0035
01-03 00,Madrid FIR,0.0983,0.0393,0.0,0.2479,0.2479
01-03 00,Malta FIR,0.0,0.0,0.0,0.0125,0.0125
01-03 00,Marseille FIR,0.123,0.0472,0.0,0.3283,0.3283
01-03 00,Milano FIR,0.0709,0.0023,0.0,0.2129,0.2129
01-03 00,Munchen FIR,0.0003,0.0,0.0,0.0028,0.0028
01-03 00,Paris FIR,0.0,0.0,0.0,0.0,0.0
01-03 00,Polaris FIR,0.0294,0.0028,0.0,0.1275,0.1275
01-03 00,Praha FIR,0.0084,0.0,0.0,0.0803,0.0803
01-03 00,Reims FIR,0.0,0.0,0.0,0.0,0.0
01-03 00,Reykjavik FIR,0.0562,0.0192,0.0,0.0721,0.0721
01-03 00,Riga FIR,0.0025,0.0,0.0,0.0066,0.0066
01-03 00,Roma FIR,0.015,0.0001,0.0,0.2309,0.2309
01-03 00,Santa Maria FIR,0.0309,0.0036,0.0,0.0768,0.0768
01-03 00,Sarajevo FIR,0.0535,0.0,0.0,0.4547,0.4547
01-03 00,Scottish FIR,0.0056,0.0014,0.0,0.041,0.041
01-03 00,Shannon FIR,0.0026,0.0006,0.0,0.0041,0.0041
01-03 00,Skopje FIR,0.0,0.0,0.0,0.2114,0.2114
01-03 00,Sofia FIR,0.0234,0.0004,0.0,0.2495,0.2495
01-03 00,Sweden FIR,0.0418,0.0,0.0,0.0906,0.0906
01-03 00,Switzerland FIR,0.0,0.0,0.0,0.0,0.0
01-03 00,Tallinn FIR,0.0,0.0,0.0,0.0,0.0
01-03 00,Tirana FIR,0.0482,0.0017,0.0,0.3,0.3
01-03 00,Vilnius FIR,0.0353,0.0,0.0,0.0565,0.0565
01-03 00,Warszawa FIR,0.1462,0.0,0.0006,0.3791,0.3785
01-03 00,Wien FIR,0.0,0.0,0.0,0.0184,0.0184
01-03 00,Zagreb FIR,0.0795,0.0,0.0011,0.3532,0.3522
01-03 01,Global,0.024,0.0051,0.0229,0.0852,0.0622
01-03 01,Europe,0.0375,0.008,0.0002,0.1378,0.1376
01-03 01,European Airspace,0.0315,0.0048,0.0006,0.1042,0.1036
01-03 01,Africa Middle East,0.0228,0.0047,0.0021,0.0683,0.0662
01-03 01,East Asia,0.0012,0.0,0.0173,0.0287,0.0114
01-03 01,Southeast Asia,0.0113,0.0004,0.0944,0.148,0.0536
01-03 01,India,0.0008,0.0,0.0051,0.0088,0.0037
01-03 01,China,0.0027,0.0,0.0342,0.0523,0.0181
01-03 01,Latin America,0.0516,0.019,0.0003,0.1002,0.0998
01-03 01,USA,0.0251,0.0046,0.0,0.0731,0.0731
01-03 01,North Atlantic,0.0149,0.0012,0.0,0.0354,0.0354
01-03 01,North Pacific,0.0311,0.0044,0.0204,0.0992,0.0788
01-03 01,Amsterdam FIR,0.0,0.0,0.0,0.0,0.0
01-03 01,Athinai FIR,0.0009,0.0,0.0,0.0342,0.0342
01-03 01,Barcelona FIR,0.1331,0.0645,0.0,0.3717,0.3717
01-03 01,Beograd FIR,0.0825,0.0006,0.0096,0.3925,0.3829
01-03 01,Bordeaux FIR,0.0127,0.011,0.0,0.0233,0.0233
01-03 01,Bratislava  FIR,0.0119,0.0,0.0,0.1952,0.1952
01-03 01,Bremen FIR,0.0036,0.0,0.0,0.0205,0.0205
01-03 01,Brest FIR,0.0,0.0,0.0,0.0046,0.0046
01-03 01,Brindisi FIR,0.0453,0.0004,0.0,0.3072,0.3072
01-03 01,Brussels FIR,0.0,0.0,0.0,0.0,0.0
01-03 01,Bucarest FIR,0.0895,0.0042,0.004,0.3405,0.3364
01-03 01,Budapest FIR,0.0235,0.0062,0.0,0.1911,0.1911
01-03 01,Canarias FIR,0.0017,0.0001,0.0,0.0078,0.0078
01-03 01,Chisinau FIR,0.0,0.0,0.0,0.3393,0.3393
01-03 01,Copenhagen FIR,0.0085,0.0,0.0,0.1638,0.1638
01-03 01,Helsinki FIR,0.0029,0.0,0.0,0.1023,0.1023
01-03 01,Langen FIR,0.0,0.0,0.0,0.0,0.0
01-03 01,Lisboa FIR,0.0401,0.0156,0.0,0.1608,0.1608
01-03 01,Ljubljana FIR,0.0803,0.0017,0.0,0.157,0.157
01-03 01,London FIR,0.0001,0.0,0.0,0.0049,0.0049
01-03 01,Madrid FIR,0.0742,0.0209,0.0003,0.2191,0.2188
01-03 01,Malta FIR,0.0,0.0,0.0,0.0034,0.0034
01-03 01,Marseille FIR,0.1187,0.0429,0.0,0.2902,0.2902
01-03 01,Milano FIR,0.0688,0.0103,0.0,0.1921,0.1921
01-03 01,Munchen FIR,0.0,0.0,0.0,0.0,0.0
01-03 01,Paris FIR,0.0,0.0,0.0,0.0,0.0
01-03 01,Polaris FIR,0.0331,0.0014,0.0,0.131,0.131
01-03 01,Praha FIR,0.0014,0.0,0.0,0.0186,0.0186
01-03 01,Reims FIR,0.0,0.0,0.0,0.0,0.0
01-03 01,Reykjavik FIR,0.0553,0.0167,0.0,0.0737,0.0737
01-03 01,Riga FIR,0.0094,0.0,0.0,0.0147,0.0147
01-03 01,Roma FIR,0.0371,0.0005,0.0,0.2475,0.2475
01-03 01,Santa Maria FIR,0.0319,0.0038,0.0,0.0797,0.0797
01-03 01,Sarajevo FIR,0.0707,0.0,0.0043,0.4278,0.4235
01-03 01,Scottish FIR,0.0064,0.0013,0.0,0.0436,0.0436
01-03 01,Shannon FIR,0.0027,0.0009,0.0,0.0032,0.0032
01-03 01,Skopje FIR,0.1069,0.0239,0.0,0.4009,0.4009
01-03 01,Sofia FIR,0.0813,0.0039,0.0,0.3528,0.3528
01-03 01,Sweden FIR,0.0424,0.0,0.0,0.0945,0.0945
01-03 01,Switzerland FIR,0.0,0.0,0.0,0.0,0.0
01-03 01,Tallinn FIR,0.0,0.0,0.0,0.0,0.0
01-03 01,Tirana FIR,0.0759,0.0035,0.0,0.3872,0.3872
01-03 01,Vilnius FIR,0.0249,0.0,0.0,0.0653,0.0653
01-03 01,Warszawa FIR,0.1293,0.0,0.0009,0.3547,0.3538
01-03 01,Wien FIR,0.0003,0.0,0.0,0.0132,0.0132
01-03 01,Zagreb FIR,0.0805,0.0,0.0005,0.3592,0.3586
01-03 02,Global,0.024,0.0054,0.0231,0.0856,0.0625
01-03 02,Europe,0.0327,0.0047,0.0004,0.1342,0.1338
01-03 02,European Airspace,0.0285,0.0039,0.0016,0.1016,0.1001
01-03 02,Africa Middle East,0.0171,0.0025,0.0054,0.0677,0.0623
01-03 02,East Asia,0.0021,0.0001,0.0164,0.0318,0.0153
01-03 02,Southeast Asia,0.0125,0.0013,0.0863,0.1456,0.0593
01-03 02,India,0.0009,0.0001,0.0052,0.0084,0.0032
01-03 02,China,0.0026,0.0,0.0379,0.0535,0.0156
01-03 02,Latin America,0.0524,0.0176,0.0004,0.1032,0.1028
01-03 02,USA,0.0259,0.0048,0.0,0.0739,0.0739
01-03 02,North Atlantic,0.0151,0.0011,0.0,0.0369,0.0369
01-03 02,North Pacific,0.0334,0.0056,0.0135,0.1017,0.0882
01-03 02,Amsterdam FIR,0.0,0.0,0.0,0.0,0.0
01-03 02,Athinai FIR,0.0052,0.0,0.0,0.0396,0.0396
01-03 02,Barcelona FIR,0.1319,0.0486,0.002,0.4154,0.4134
01-03 02,Beograd FIR,0.0169,0.0,0.0346,0.3318,0.2972
01-03 02,Bordeaux FIR,0.0063,0.005,0.0,0.027,0.027
01-03 02,Bratislava  FIR,0.009,0.0,0.0,0.1058,0.1058
01-03 02,Bremen FIR,0.0,0.0,0.0,0.0066,0.0066
01-03 02,Brest FIR,0.0,0.0,0.0,0.0078,0.0078
01-03 02,Brindisi FIR,0.0334,0.0,0.0,0.2922,0.2922
01-03 02,Brussels FIR,0.0,0.0,0.0,0.0,0.0
01-03 02,Bucarest FIR,0.0672,0.0058,0.015,0.3322,0.3172
01-03 02,Budapest FIR,0.0147,0.0015,0.0003,0.1601,0.1598
01-03 02,Canarias FIR,0.0017,0.0,0.0,0.0096,0.0096
01-03 02,Chisinau FIR,0.0034,0.0,0.0,0.1997,0.1997
01-03 02,Copenhagen FIR,0.0043,0.0,0.0,0.1606,0.1606
01-03 02,Helsinki FIR,0.0029,0.0,0.0,0.0958,0.0958
01-03 02,Langen FIR,0.0,0.0,0.0,0.0,0.0
01-03 02,Lisboa FIR,0.0417,0.0133,0.0001,0.1612,0.1611
01-03 02,Ljubljana FIR,0.0132,0.0,0.0,0.098,0.098
01-03 02,London FIR,0.0001,0.0,0.0,0.0047,0.0047
01-03 02,Madrid FIR,0.0488,0.0053,0.0006,0.1775,0.177
01-03 02,Malta FIR,0.0,0.0,0.0,0.0,0.0
01-03 02,Marseille FIR,0.1054,0.0235,0.0015,0.2575,0.2561
01-03 02,Milano FIR,0.0602,0.0011,0.0004,0.1715,0.1711
01-03 02,Munchen FIR,0.0,0.0,0.0,0.0,0.0
01-03 02,Paris FIR,0.0,0.0,0.0,0.0,0.0
01-03 02,Polaris FIR,0.0373,0.0012,0.0,0.1366,0.1366
01-03 02,Praha FIR,0.0,0.0,0.0,0.0,0.0
01-03 02,Reims FIR,0.0,0.0,0.0,0.0,0.0
01-03 02,Reykjavik FIR,0.0569,0.0165,0.0,0.078,0.078
01-03 02,Riga FIR,0.0193,0.0,0.0,0.0284,0.0284
01-03 02,Roma FIR,0.0482,0.0025,0.0001,0.2716,0.2715
01-03 02,Santa Maria FIR,0.0309,0.0031,0.0,0.0813,0.0813
01-03 02,Sarajevo FIR,0.1129,0.0,0.0093,0.4593,0.4499
01-03 02,Scottish FIR,0.0068,0.0011,0.0,0.0483,0.0483
01-03 02,Shannon FIR,0.0014,0.0001,0.0,0.0023,0.0023
01-03 02,Skopje FIR,0.2044,0.0,0.0,0.448,0.448
01-03 02,Sofia FIR,0.126,0.0037,0.0006,0.4313,0.4306
01-03 02,Sweden FIR,0.029,0.0,0.0,0.0957,0.0957
01-03 02,Switzerland FIR,0.0,0.0,0.0,0.0,0.0
01-03 02,Tallinn FIR,0.0,0.0,0.0,0.0,0.0
01-03 02,Tirana FIR,0.0561,0.0,0.0,0.4084,0.4084
01-03 02,Vilnius FIR,0.0442,0.0,0.0022,0.1166,0.1144
01-03 02,Warszawa FIR,0.0978,0.0,0.0024,0.3098,0.3074
01-03 02,Wien FIR,0.0014,0.0,0.0,0.0138,0.0138
01-03 02,Zagreb FIR,0.0714,0.0,0.0005,0.3479,0.3474
01-03 03,Global,0.0234,0.0051,0.0228,0.0857,0.0629
01-03 03,Europe,0.0246,0.0017,0.0015,0.1313,0.1298
01-03 03,European Airspace,0.0236,0.0028,0.0044,0.0987,0.0944
01-03 03,Africa Middle East,0.0109,0.001,0.0115,0.0659,0.0544
01-03 03,East Asia,0.0044,0.0004,0.0157,0.0345,0.0188
01-03 03,Southeast Asia,0.0123,0.0014,0.084,0.1441,0.0601
01-03 03,India,0.0008,0.0001,0.0046,0.0084,0.0038
01-03 03,China,0.0033,0.0001,0.0388,0.0546,0.0158
01-03 03,Latin America,0.0508,0.0149,0.0013,0.1058,0.1046
01-03 03,USA,0.0263,0.0045,0.0,0.0743,0.0743
01-03 03,North Atlantic,0.0153,0.0009,0.0,0.0387,0.0387
01-03 03,North Pacific,0.035,0.0061,0.0078,0.1041,0.0963
01-03 03,Amsterdam FIR,0.0,0.0,0.0,0.0025,0.0025
01-03 03,Athinai FIR,0.0131,0.0,0.0,0.0665,0.0665
01-03 03,Barcelona FIR,0.1014,0.0083,0.0035,0.3937,0.3902
01-03 03,Beograd FIR,0.0115,0.0,0.0508,0.3063,0.2555
01-03 03,Bordeaux FIR,0.0067,0.0041,0.0,0.03,0.03
01-03 03,Bratislava  FIR,0.0,0.0,0.0012,0.0631,0.0619
01-03 03,Bremen FIR,0.0,0.0,0.0,0.0013,0.0013
01-03 03,Brest FIR,0.0,0.0,0.0,0.0075,0.0075
01-03 03,Brindisi FIR,0.0419,0.0,0.0,0.259,0.259
01-03 03,Brussels FIR,0.0,0.0,0.0,0.0,0.0
01-03 03,Bucarest FIR,0.044,0.0004,0.0471,0.3023,0.2552
01-03 03,Budapest FIR,0.0027,0.0,0.0,0.1251,0.1251
01-03 03,Canarias FIR,0.0016,0.0,0.0,0.0118,0.0118
01-03 03,Chisinau FIR,0.0009,0.0,0.0084,0.2582,0.2497
01-03 03,Copenhagen FIR,0.0035,0.0,0.0,0.1389,0.1389
01-03 03,Helsinki FIR,0.0025,0.0,0.0,0.0968,0.0968
01-03 03,Langen FIR,0.0,0.0,0.0,0.0,0.0
01-03 03,Lisboa FIR,0.0439,0.0073,0.0003,0.1655,0.1652
01-03 03,Ljubljana FIR,0.0,0.0,0.0,0.0,0.0
01-03 03,London FIR,0.0001,0.0,0.0,0.0045,0.0045
01-03 03,Madrid FIR,0.0394,0.0033,0.0016,0.1586,0.157
01-03 03,Malta FIR,0.0,0.0,0.0,0.0,0.0
01-03 03,Marseille FIR,0.081,0.0127,0.0069,0.2249,0.218
01-03 03,Milano FIR,0.0117,0.0,0.0,0.0962,0.0962
01-03 03,Munchen FIR,0.0,0.0,0.0,0.0,0.0
01-03 03,Paris FIR,0.0,0.0,0.0,0.0,0.0
01-03 03,Polaris FIR,0.0394,0.0018,0.0,0.1405,0.1405
01-03 03,Praha FIR,0.0,0.0,0.0,0.0,0.0
01-03 03,Reims FIR,0.0,0.0,0.0,0.0,0.0
01-03 03,Reykjavik FIR,0.0587,0.0164,0.0,0.081,0.081
01-03 03,Riga FIR,0.017,0.0,0.0,0.0393,0.0393
01-03 03,Roma FIR,0.0438,0.0001,0.0041,0.3057,0.3016
01-03 03,Santa Maria FIR,0.0278,0.0014,0.0,0.0826,0.0826
01-03 03,Sarajevo FIR,0.1319,0.0,0.0319,0.4284,0.3965
01-03 03,Scottish FIR,0.0079,0.0009,0.0,0.0575,0.0575
01-03 03,Shannon FIR,0.0006,0.0001,0.0,0.0008,0.0008
01-03 03,Skopje FIR,0.0456,0.0,0.0,0.3446,0.3446
01-03 03,Sofia FIR,0.1058,0.0002,0.0541,0.4724,0.4182
01-03 03,Sweden FIR,0.01,0.0,0.0003,0.0947,0.0944
01-03 03,Switzerland FIR,0.0,0.0,0.0,0.0,0.0
01-03 03,Tallinn FIR,0.0,0.0,0.0,0.0,0.0
01-03 03,Tirana FIR,0.0045,0.0,0.0069,0.4262,0.4193
01-03 03,Vilnius FIR,0.0473,0.0,0.0104,0.2149,0.2045
01-03 03,Warszawa FIR,0.0498,0.0,0.0048,0.2517,0.2469
01-03 03,Wien FIR,0.0,0.0,0.0,0.0,0.0
01-03 03,Zagreb FIR,0.0396,0.0,0.0051,0.3452,0.3401
01-03 04,Global,0.0231,0.0055,0.0228,0.0856,0.0628
01-03 04,Europe,0.0141,0.0003,0.0047,0.1263,0.1217
01-03 04,European Airspace,0.0178,0.0026,0.0093,0.0954,0.0861
01-03 04,Africa Middle East,0.0058,0.0005,0.0204,0.0639,0.0435
01-03 04,East Asia,0.0072,0.0008,0.0151,0.0366,0.0215
01-03 04,Southeast Asia,0.0158,0.0044,0.0846,0.143,0.0584
01-03 04,India,0.001,0.0002,0.0041,0.0087,0.0046
01-03 04,China,0.0058,0.0005,0.0357,0.0552,0.0195
01-03 04,Latin America,0.0471,0.0117,0.0033,0.1082,0.1048
01-03 04,USA,0.0252,0.0045,0.0,0.073,0.073
01-03 04,North Atlantic,0.0152,0.0005,0.0,0.0413,0.0413
01-03 04,North Pacific,0.0361,0.0065,0.0054,0.1047,0.0994
01-03 04,Amsterdam FIR,0.0,0.0,0.0,0.0059,0.0059
01-03 04,Athinai FIR,0.0093,0.0,0.0003,0.0869,0.0866
01-03 04,Barcelona FIR,0.0359,0.0,0.0065,0.3233,0.3169
01-03 04,Beograd FIR,0.0395,0.0,0.0852,0.3432,0.258
01-03 04,Bordeaux FIR,0.006,0.0015,0.0004,0.049,0.0486
01-03 04,Bratislava  FIR,0.0,0.0,0.0,0.0203,0.0203
01-03 04,Bremen FIR,0.0,0.0,0.0,0.0001,0.0001
01-03 04,Brest FIR,0.0,0.0,0.0,0.006,0.006
01-03 04,Brindisi FIR,0.0472,0.0,0.0049,0.2986,0.2938
01-03 04,Brussels FIR,0.0,0.0,0.0,0.0,0.0
01-03 04,Bucarest FIR,0.0149,0.0,0.0762,0.2466,0.1704
01-03 04,Budapest FIR,0.0,0.0,0.0,0.0807,0.0807
01-03 04,Canarias FIR,0.0009,0.0,0.0,0.0122,0.0122
01-03 04,Chisinau FIR,0.0,0.0,0.0624,0.3811,0.3187
01-03 04,Copenhagen FIR,0.0056,0.0,0.0,0.1224,0.1224
01-03 04,Helsinki FIR,0.0016,0.0,0.0,0.0988,0.0988
01-03 04,Langen FIR,0.0,0.0,0.0,0.0,0.0
01-03 04,Lisboa FIR,0.0376,0.0039,0.0017,0.1711,0.1695
01-03 04,Ljubljana FIR,0.0,0.0,0.0,0.0,0.0
01-03 04,London FIR,0.0011,0.0,0.0,0.0049,0.0049
01-03 04,Madrid FIR,0.0194,0.0001,0.0113,0.1392,0.1279
01-03 04,Malta FIR,0.0,0.0,0.0,0.0004,0.0004
01-03 04,Marseille FIR,0.0563,0.0032,0.0037,0.2036,0.1999
01-03 04,Milano FIR,0.0002,0.0,0.0,0.0311,0.0311
01-03 04,Munchen FIR,0.0,0.0,0.0,0.0,0.0
01-03 04,Paris FIR,0.0,0.0,0.0,0.0,0.0
01-03 04,Polaris FIR,0.0468,0.0027,0.0,0.1405,0.1405
01-03 04,Praha FIR,0.0,0.0,0.0,0.0,0.0
01-03 04,Reims FIR,0.0,0.0,0.0,0.0,0.0
01-03 04,Reykjavik FIR,0.0614,0.019,0.0001,0.0828,0.0827
01-03 04,Riga FIR,0.0033,0.0,0.0018,0.0474,0.0456
01-03 04,Roma FIR,0.0208,0.0,0.0262,0.3345,0.3083
01-03 04,Santa Maria FIR,0.024,0.0006,0.0,0.083,0.083
01-03 04,Sarajevo FIR,0.0518,0.0,0.049,0.3954,0.3465
01-03 04,Scottish FIR,0.0093,0.0002,0.0,0.0621,0.0621
01-03 04,Shannon FIR,0.0007,0.0,0.0,0.0008,0.0008
01-03 04,Skopje FIR,0.0,0.0,0.1259,0.3809,0.255
01-03 04,Sofia FIR,0.0236,0.0,0.1817,0.4224,0.2408
01-03 04,Sweden FIR,0.0006,0.0,0.0003,0.0918,0.0915
01-03 04,Switzerland FIR,0.0,0.0,0.0,0.0,0.0
01-03 04,Tallinn FIR,0.0,0.0,0.0,0.0,0.0
01-03 04,Tirana FIR,0.0204,0.0,0.0052,0.4371,0.4318
01-03 04,Vilnius FIR,0.0222,0.0,0.0127,0.2702,0.2575
01-03 04,Warszawa FIR,0.0075,0.0,0.0115,0.2008,0.1893
01-03 04,Wien FIR,0.0,0.0,0.0,0.0,0.0
01-03 04,Zagreb FIR,0.008,0.0,0.0081,0.2829,0.2748
01-03 05,Global,0.0232,0.0058,0.0235,0.0854,0.0618
01-03 05,Europe,0.0062,0.0001,0.017,0.121,0.1039
01-03 05,European Airspace,0.014,0.0025,0.0194,0.0919,0.0724
01-03 05,Africa Middle East,0.004,0.0003,0.0302,0.0617,0.0314
01-03 05,East Asia,0.0091,0.0013,0.0144,0.037,0.0226
01-03 05,Southeast Asia,0.0206,0.0073,0.0851,0.1415,0.0564
01-03 05,India,0.0015,0.0006,0.0044,0.0096,0.0052
01-03 05,China,0.0085,0.0009,0.0326,0.0564,0.0238
01-03 05,Latin America,0.0415,0.0081,0.0071,0.1101,0.103
01-03 05,USA,0.0233,0.0042,0.0,0.0707,0.0707
01-03 05,North Atlantic,0.0143,0.0004,0.0001,0.0439,0.0438
01-03 05,North Pacific,0.0354,0.0068,0.0033,0.1034,0.1001
01-03 05,Amsterdam FIR,0.0,0.0,0.0,0.0086,0.0086
01-03 05,Athinai FIR,0.0004,0.0,0.0181,0.0944,0.0763
01-03 05,Barcelona FIR,0.0025,0.0,0.0565,0.2775,0.221
01-03 05,Beograd FIR,0.0055,0.0,0.0919,0.3468,0.2549
01-03 05,Bordeaux FIR,0.0,0.0,0.003,0.0522,0.0492
01-03 05,Bratislava  FIR,0.0,0.0,0.0,0.0,0.0
01-03 05,Bremen FIR,0.0,0.0,0.0,0.0003,0.0003
01-03 05,Brest FIR,0.0,0.0,0.0,0.0022,0.0022
01-03 05,Brindisi FIR,0.0302,0.0,0.0651,0.3625,0.2974
01-03 05,Brussels FIR,0.0,0.0,0.0,0.0,0.0
01-03 05,Bucarest FIR,0.0009,0.0,0.1151,0.1987,0.0836
01-03 05,Budapest FIR,0.0,0.0,0.0,0.0406,0.0406
01-03 05,Canarias FIR,0.0003,0.0,0.0,0.009,0.009
01-03 05,Chisinau FIR,0.0,0.0,0.1507,0.3638,0.2131
01-03 05,Copenhagen FIR,0.006,0.0,0.0,0.1168,0.1168
01-03 05,Helsinki FIR,0.0034,0.0,0.0,0.0947,0.0947
01-03 05,Langen FIR,0.0,0.0,0.0,0.0,0.0
01-03 05,Lisboa FIR,0.0285,0.0017,0.0043,0.1808,0.1765
01-03 05,Ljubljana FIR,0.0,0.0,0.0,0.0,0.0
01-03 05,London FIR,0.0011,0.0,0.0,0.0051,0.0051
01-03 05,Madrid FIR,0.0059,0.0,0.0376,0.1356,0.098
01-03 05,Malta FIR,0.0002,0.0,0.0,0.0056,0.0056
01-03 05,Marseille FIR,0.0152,0.0,0.0101,0.1627,0.1526
01-03 05,Milano FIR,0.0,0.0,0.0,0.0006,0.0006
01-03 05,Munchen FIR,0.0,0.0,0.0,0.0,0.0
01-03 05,Paris FIR,0.0,0.0,0.0,0.0,0.0
01-03 05,Polaris FIR,0.052,0.003,0.0,0.1481,0.1481
01-03 05,Praha FIR,0.0,0.0,0.0,0.0,0.0
01-03 05,Reims FIR,0.0,0.0,0.0,0.0,0.0
01-03 05,Reykjavik FIR,0.063,0.0214,0.0,0.083,0.083
01-03 05,Riga FIR,0.0,0.0,0.0071,0.0527,0.0456
01-03 05,Roma FIR,0.0058,0.0,0.0916,0.336,0.2444
01-03 05,Santa Maria FIR,0.0208,0.0003,0.0002,0.0824,0.0822
01-03 05,Sarajevo FIR,0.0006,0.0,0.0615,0.355,0.2934
01-03 05,Scottish FIR,0.0129,0.0,0.0,0.068,0.068
01-03 05,Shannon FIR,0.0009,0.0,0.0,0.0011,0.0011
01-03 05,Skopje FIR,0.0,0.0,0.164,0.3524,0.1885
01-03 05,Sofia FIR,0.0,0.0,0.3035,0.3807,0.0772
01-03 05,Sweden FIR,0.0006,0.0,0.0011,0.0916,0.0905
01-03 05,Switzerland FIR,0.0,0.0,0.0,0.0,0.0
01-03 05,Tallinn FIR,0.0,0.0,0.0,0.0,0.0
01-03 05,Tirana FIR,0.033,0.0,0.032,0.5046,0.4726
01-03 05,Vilnius FIR,0.0,0.0,0.0264,0.2973,0.271
01-03 05,Warszawa FIR,0.0061,0.0,0.0103,0.1565,0.1462
01-03 05,Wien FIR,0.0,0.0,0.0,0.0,0.0
01-03 05,Zagreb FIR,0.0,0.0,0.0157,0.2182,0.2026
01-03 06,Global,0.0236,0.0063,0.0234,0.085,0.0616
01-03 06,Europe,0.0042,0.0,0.0375,0.1145,0.0769
01-03 06,European Airspace,0.0129,0.0023,0.0304,0.0887,0.0583
01-03 06,Africa Middle East,0.0037,0.0004,0.0334,0.0593,0.0259
01-03 06,East Asia,0.01,0.0015,0.0115,0.0348,0.0234
01-03 06,Southeast Asia,0.0291,0.0121,0.0803,0.1396,0.0593
01-03 06,India,0.0022,0.001,0.0048,0.0108,0.006
01-03 06,China,0.012,0.0013,0.0288,0.0575,0.0287
01-03 06,Latin America,0.0326,0.0049,0.0132,0.112,0.0988
01-03 06,USA,0.0215,0.0037,0.0001,0.068,0.0679
01-03 06,North Atlantic,0.0128,0.0003,0.0003,0.0456,0.0453
01-03 06,North Pacific,0.0346,0.007,0.0011,0.1023,0.1012
01-03 06,Amsterdam FIR,0.0,0.0,0.0,0.0123,0.0123
01-03 06,Athinai FIR,0.0,0.0,0.0784,0.1022,0.0238
01-03 06,Barcelona FIR,0.0,0.0,0.1343,0.2463,0.112
01-03 06,Beograd FIR,0.0,0.0,0.1715,0.3422,0.1707
01-03 06,Bordeaux FIR,0.0007,0.0,0.0006,0.0313,0.0307
01-03 06,Bratislava  FIR,0.0,0.0,0.0,0.0,0.0
01-03 06,Bremen FIR,0.0,0.0,0.0,0.0018,0.0018
01-03 06,Brest FIR,0.0002,0.0,0.0,0.0024,0.0024
01-03 06,Brindisi FIR,0.0013,0.0,0.195,0.3538,0.1588
01-03 06,Brussels FIR,0.0,0.0,0.0,0.0,0.0
01-03 06,Bucarest FIR,0.0,0.0,0.1322,0.1826,0.0504
01-03 06,Budapest FIR,0.0,0.0,0.0,0.0174,0.0174
01-03 06,Canarias FIR,0.0,0.0,0.0,0.0062,0.0062
01-03 06,Chisinau FIR,0.0,0.0,0.2285,0.2326,0.0041
01-03 06,Copenhagen FIR,0.006,0.0,0.0,0.1014,0.1014
01-03 06,Helsinki FIR,0.005,0.0,0.0,0.0926,0.0926
01-03 06,Langen FIR,0.0,0.0,0.0,0.0,0.0
01-03 06,Lisboa FIR,0.0198,0.0004,0.0054,0.1855,0.1801
01-03 06,Ljubljana FIR,0.0,0.0,0.0,0.0,0.0
01-03 06,London FIR,0.0009,0.0,0.0001,0.0053,0.0052
01-03 06,Madrid FIR,0.0057,0.0,0.0469,0.141,0.0942
01-03 06,Malta FIR,0.0,0.0,0.0005,0.0229,0.0224
01-03 06,Marseille FIR,0.0017,0.0,0.0602,0.1615,0.1012
01-03 06,Milano FIR,0.0,0.0,0.0,0.0,0.0
01-03 06,Munchen FIR,0.0,0.0,0.0,0.0,0.0
01-03 06,Paris FIR,0.0,0.0,0.0,0.0,0.0
01-03 06,Polaris FIR,0.0556,0.0035,0.0002,0.1558,0.1556
01-03 06,Praha FIR,0.0,0.0,0.0,0.0,0.0
01-03 06,Reims FIR,0.0,0.0,0.0,0.0,0.0
01-03 06,Reykjavik FIR,0.0643,0.0228,0.0001,0.0848,0.0847
01-03 06,Riga FIR,0.0,0.0,0.0035,0.0544,0.0509
01-03 06,Roma FIR,0.0017,0.0,0.1809,0.3223,0.1414
01-03 06,Santa Maria FIR,0.0167,0.0,0.0011,0.0815,0.0803
01-03 06,Sarajevo FIR,0.0013,0.0,0.0392,0.2132,0.174
01-03 06,Scottish FIR,0.016,0.0,0.0,0.0725,0.0725
01-03 06,Shannon FIR,0.0004,0.0,0.0004,0.0027,0.0022
01-03 06,Skopje FIR,0.0,0.0,0.1297,0.3383,0.2087
01-03 06,Sofia FIR,0.0,0.0,0.3318,0.3445,0.0127
01-03 06,Sweden FIR,0.0005,0.0,0.005,0.0873,0.0824
01-03 06,Switzerland FIR,0.0,0.0,0.0,0.0,0.0
01-03 06,Tallinn FIR,0.0,0.0,0.0,0.0,0.0
01-03 06,Tirana FIR,0.0,0.0,0.1176,0.5204,0.4028
01-03 06,Vilnius FIR,0.0,0.0,0.1013,0.312,0.2107
01-03 06,Warszawa FIR,0.0066,0.0,0.0074,0.1291,0.1217
01-03 06,Wien FIR,0.0,0.0,0.0,0.0,0.0
01-03 06,Zagreb FIR,0.0005,0.0,0.0487,0.1391,0.0903
01-03 07,Global,0.0243,0.0065,0.0227,0.0846,0.0619
01-03 07,Europe,0.0031,0.0,0.0635,0.1091,0.0456
01-03 07,European Airspace,0.0121,0.0021,0.0395,0.0863,0.0468
01-03 07,Africa Middle East,0.0043,0.0006,0.0318,0.0565,0.0247
01-03 07,East Asia,0.0103,0.0016,0.008,0.0324,0.0244
01-03 07,Southeast Asia,0.0389,0.0172,0.0682,0.1366,0.0684
01-03 07,India,0.0033,0.0014,0.0057,0.0127,0.007
01-03 07,China,0.0162,0.0013,0.0243,0.059,0.0346
01-03 07,Latin America,0.0238,0.0025,0.0214,0.1133,0.092
01-03 07,USA,0.0196,0.0031,0.0003,0.0657,0.0655
01-03 07,North Atlantic,0.0106,0.0002,0.0011,0.0475,0.0464
01-03 07,North Pacific,0.0354,0.007,0.0,0.1007,0.1007
01-03 07,Amsterdam FIR,0.0,0.0,0.0,0.012,0.012
01-03 07,Athinai FIR,0.0,0.0,0.098,0.1124,0.0144
01-03 07,Barcelona FIR,0.0,0.0,0.1775,0.2276,0.0501
01-03 07,Beograd FIR,0.0009,0.0,0.1955,0.2795,0.084
01-03 07,Bordeaux FIR,0.0,0.0,0.0,0.0267,0.0267
01-03 07,Bratislava  FIR,0.0,0.0,0.0,0.0,0.0
01-03 07,Bremen FIR,0.0,0.0,0.0001,0.0019,0.0018
01-03 07,Brest FIR,0.0,0.0,0.0004,0.0019,0.0015
01-03 07,Brindisi FIR,0.0,0.0,0.3036,0.3285,0.0249
01-03 07,Brussels FIR,0.0,0.0,0.0,0.0,0.0
01-03 07,Bucarest FIR,0.0,0.0,0.1203,0.148,0.0276
01-03 07,Budapest FIR,0.0,0.0,0.0,0.0034,0.0034
01-03 07,Canarias FIR,0.0,0.0,0.0002,0.0036,0.0034
01-03 07,Chisinau FIR,0.0,0.0,0.3221,0.3321,0.0099
01-03 07,Copenhagen FIR,0.0012,0.0,0.0003,0.091,0.0907
01-03 07,Helsinki FIR,0.0065,0.0,0.0,0.0984,0.0984
01-03 07,Langen FIR,0.0,0.0,0.0,0.0,0.0
01-03 07,Lisboa FIR,0.0048,0.0002,0.014,0.1803,0.1663
01-03 07,Ljubljana FIR,0.0,0.0,0.0,0.0,0.0
01-03 07,London FIR,0.0002,0.0,0.0001,0.0051,0.005
01-03 07,Madrid FIR,0.0052,0.0,0.0504,0.1448,0.0944
01-03 07,Malta FIR,0.0,0.0,0.0497,0.0596,0.0099
01-03 07,Marseille FIR,0.0,0.0,0.1258,0.1528,0.0269
01-03 07,Milano FIR,0.0,0.0,0.0,0.0,0.0
01-03 07,Munchen FIR,0.0,0.0,0.0,0.0,0.0
01-03 07,Paris FIR,0.0,0.0,0.0,0.0,0.0
01-03 07,Polaris FIR,0.0654,0.0044,0.0007,0.162,0.1613
01-03 07,Praha FIR,0.0,0.0,0.0,0.0,0.0
01-03 07,Reims FIR,0.0,0.0,0.0,0.0,0.0
01-03 07,Reykjavik FIR,0.0645,0.0235,0.0004,0.0869,0.0865
01-03 07,Riga FIR,0.0,0.0,0.0382,0.0534,0.0152
01-03 07,Roma FIR,0.0016,0.0,0.313,0.333,0.0199
01-03 07,Santa Maria FIR,0.0114,0.0,0.006,0.0815,0.0755
01-03 07,Sarajevo FIR,0.0,0.0,0.0323,0.0456,0.0133
01-03 07,Scottish FIR,0.0151,0.0,0.001,0.0765,0.0755
01-03 07,Shannon FIR,0.0,0.0,0.0023,0.0033,0.001
01-03 07,Skopje FIR,0.0,0.0,0.3543,0.4848,0.1305
01-03 07,Sofia FIR,0.0,0.0,0.3049,0.3064,0.0015
01-03 07,Sweden FIR,0.001,0.0,0.0141,0.0807,0.0665
01-03 07,Switzerland FIR,0.0,0.0,0.0,0.0,0.0
01-03 07,Tallinn FIR,0.0,0.0,0.0,0.0,0.0
01-03 07,Tirana FIR,0.0,0.0,0.3699,0.5088,0.1389
01-03 07,Vilnius FIR,0.0052,0.0,0.1545,0.3222,0.1677
01-03 07,Warszawa FIR,0.0099,0.0,0.0211,0.1011,0.08
01-03 07,Wien FIR,0.0,0.0,0.0,0.0,0.0
01-03 07,Zagreb FIR,0.0,0.0,0.0514,0.0689,0.0175
01-03 08,Global,0.0249,0.0069,0.0217,0.0842,0.0624
01-03 08,Europe,0.0015,0.0,0.0742,0.1017,0.0275
01-03 08,European Airspace,0.011,0.0021,0.0455,0.0842,0.0387
01-03 08,Africa Middle East,0.0051,0.0009,0.0298,0.0546,0.0248
01-03 08,East Asia,0.0098,0.0017,0.0037,0.0304,0.0267
01-03 08,Southeast Asia,0.0483,0.0223,0.049,0.1323,0.0832
01-03 08,India,0.0046,0.0022,0.0055,0.0142,0.0087
01-03 08,China,0.0198,0.0017,0.0178,0.0599,0.0421
01-03 08,Latin America,0.0166,0.0011,0.0315,0.1132,0.0817
01-03 08,USA,0.0173,0.0022,0.0008,0.064,0.0632
01-03 08,North Atlantic,0.0075,0.0001,0.0041,0.0493,0.0452
01-03 08,North Pacific,0.0365,0.0076,0.0,0.0997,0.0997
01-03 08,Amsterdam FIR,0.0,0.0,0.002,0.0134,0.0114
01-03 08,Athinai FIR,0.0,0.0,0.1381,0.1411,0.003
01-03 08,Barcelona FIR,0.0,0.0,0.1919,0.1947,0.0028
01-03 08,Beograd FIR,0.0006,0.0,0.125,0.1518,0.0268
01-03 08,Bordeaux FIR,0.0,0.0,0.0261,0.0395,0.0134
01-03 08,Bratislava  FIR,0.0,0.0,0.0,0.0,0.0
01-03 08,Bremen FIR,0.0,0.0,0.0006,0.0019,0.0013
01-03 08,Brest FIR,0.0,0.0,0.0028,0.0045,0.0017
01-03 08,Brindisi FIR,0.0014,0.0,0.2878,0.2987,0.0109
01-03 08,Brussels FIR,0.0,0.0,0.0,0.0,0.0
01-03 08,Bucarest FIR,0.0008,0.0,0.0984,0.122,0.0236
01-03 08,Budapest FIR,0.0,0.0,0.0,0.0,0.0
01-03 08,Canarias FIR,0.0,0.0,0.0014,0.0027,0.0013
01-03 08,Chisinau FIR,0.0,0.0,0.2545,0.2553,0.0008
01-03 08,Copenhagen FIR,0.0,0.0,0.0028,0.0731,0.0703
01-03 08,Helsinki FIR,0.0097,0.0,0.0003,0.103,0.1027
01-03 08,Langen FIR,0.0,0.0,0.0,0.0,0.0
01-03 08,Lisboa FIR,0.0014,0.0,0.0645,0.1737,0.1091
01-03 08,Ljubljana FIR,0.0,0.0,0.0,0.0,0.0
01-03 08,London FIR,0.0002,0.0,0.0001,0.0047,0.0045
01-03 08,Madrid FIR,0.0004,0.0,0.0789,0.1411,0.0623
01-03 08,Malta FIR,0.0,0.0,0.0907,0.0909,0.0002
01-03 08,Marseille FIR,0.0,0.0,0.1137,0.128,0.0143
01-03 08,Milano FIR,0.0,0.0,0.006,0.0062,0.0002
01-03 08,Munchen FIR,0.0,0.0,0.0,0.0,0.0
01-03 08,Paris FIR,0.0,0.0,0.0,0.0,0.0
01-03 08,Polaris FIR,0.0717,0.0056,0.0076,0.1629,0.1554
01-03 08,Praha FIR,0.0,0.0,0.0,0.0,0.0
01-03 08,Reims FIR,0.0,0.0,0.0,0.0,0.0
01-03 08,Reykjavik FIR,0.0631,0.0239,0.0007,0.0877,0.087
01-03 08,Riga FIR,0.0,0.0,0.0511,0.0519,0.0008
01-03 08,Roma FIR,0.0005,0.0,0.3282,0.3355,0.0073
01-03 08,Santa Maria FIR,0.0035,0.0,0.017,0.0804,0.0634
01-03 08,Sarajevo FIR,0.0,0.0,0.0,0.0,0.0
01-03 08,Scottish FIR,0.0103,0.0,0.0057,0.0806,0.0749
01-03 08,Shannon FIR,0.0,0.0,0.0035,0.0035,0.0
01-03 08,Skopje FIR,0.0,0.0,0.4612,0.4926,0.0314
01-03 08,Sofia FIR,0.0,0.0,0.2799,0.2808,0.0009
01-03 08,Sweden FIR,0.0015,0.0,0.0274,0.0744,0.047
01-03 08,Switzerland FIR,0.0,0.0,0.0,0.0,0.0
01-03 08,Tallinn FIR,0.0,0.0,0.0,0.0,0.0
01-03 08,Tirana FIR,0.0,0.0,0.4582,0.4808,0.0226
01-03 08,Vilnius FIR,0.0046,0.0,0.2178,0.2909,0.0731
01-03 08,Warszawa FIR,0.0064,0.0,0.0267,0.0762,0.0495
01-03 08,Wien FIR,0.0,0.0,0.0,0.0,0.0
01-03 08,Zagreb FIR,0.0,0.0,0.0159,0.017,0.0011
01-03 09,Global,0.0255,0.0072,0.0212,0.0837,0.0625
01-03 09,Europe,0.0018,0.0,0.0728,0.095,0.0222
01-03 09,European Airspace,0.0111,0.002,0.0475,0.0827,0.0352
01-03 09,Africa Middle East,0.0056,0.0011,0.0291,0.053,0.0239
01-03 09,East Asia,0.0084,0.0013,0.0005,0.0291,0.0286
01-03 09,Southeast Asia,0.0553,0.026,0.0298,0.1291,0.0993
01-03 09,India,0.0054,0.0028,0.005,0.0155,0.0105
01-03 09,China,0.0217,0.0024,0.0123,0.0607,0.0485
01-03 09,Latin America,0.0123,0.0008,0.0424,0.1119,0.0696
01-03 09,USA,0.0149,0.0018,0.0018,0.0626,0.0609
01-03 09,North Atlantic,0.0034,0.0001,0.0089,0.0509,0.042
01-03 09,North Pacific,0.0378,0.0082,0.0,0.0981,0.0981
01-03 09,Amsterdam FIR,0.0003,0.0,0.0069,0.0169,0.01
01-03 09,Athinai FIR,0.0,0.0,0.1667,0.1675,0.0008
01-03 09,Barcelona FIR,0.0021,0.0,0.1524,0.1594,0.007
01-03 09,Beograd FIR,0.0017,0.0,0.0228,0.0455,0.0227
01-03 09,Bordeaux FIR,0.0,0.0,0.049,0.0569,0.0078
01-03 09,Bratislava  FIR,0.0,0.0,0.0,0.0,0.0
01-03 09,Bremen FIR,0.0,0.0,0.0022,0.0026,0.0004
01-03 09,Brest FIR,0.0,0.0,0.0027,0.0065,0.0039
01-03 09,Brindisi FIR,0.0027,0.0,0.283,0.3097,0.0267
01-03 09,Brussels FIR,0.0,0.0,0.0,0.0,0.0
01-03 09,Bucarest FIR,0.0,0.0,0.0778,0.0996,0.0218
01-03 09,Budapest FIR,0.0,0.0,0.0,0.0,0.0
01-03 09,Canarias FIR,0.0,0.0,0.0019,0.0019,0.0
01-03 09,Chisinau FIR,0.0,0.0,0.071,0.0743,0.0033
01-03 09,Copenhagen FIR,0.0002,0.0,0.0092,0.0616,0.0524
01-03 09,Helsinki FIR,0.015,0.0001,0.0121,0.1087,0.0965
01-03 09,Langen FIR,0.0,0.0,0.0,0.0,0.0
01-03 09,Lisboa FIR,0.0007,0.0,0.1107,0.1691,0.0584
01-03 09,Ljubljana FIR,0.0,0.0,0.0,0.0,0.0
01-03 09,London FIR,0.0001,0.0,0.0012,0.0057,0.0045
01-03 09,Madrid FIR,0.0006,0.0,0.0866,0.14,0.0534
01-03 09,Malta FIR,0.0,0.0,0.1005,0.1005,0.0
01-03 09,Marseille FIR,0.0,0.0,0.0854,0.088,0.0026
01-03 09,Milano FIR,0.0,0.0,0.0175,0.019,0.0015
01-03 09,Munchen FIR,0.0,0.0,0.0,0.0,0.0
01-03 09,Paris FIR,0.0,0.0,0.0,0.0,0.0
01-03 09,Polaris FIR,0.0774,0.0074,0.0173,0.1601,0.1429
01-03 09,Praha FIR,0.0,0.0,0.0,0.0,0.0
01-03 09,Reims FIR,0.0,0.0,0.0,0.0,0.0
01-03 09,Reykjavik FIR,0.0605,0.0225,0.0011,0.0862,0.0851
01-03 09,Riga FIR,0.0013,0.0,0.0397,0.0453,0.0056
01-03 09,Roma FIR,0.0008,0.0,0.3213,0.3283,0.0069
01-03 09,Santa Maria FIR,0.0003,0.0,0.0453,0.0808,0.0355
01-03 09,Sarajevo FIR,0.0,0.0,0.0,0.0,0.0
01-03 09,Scottish FIR,0.0141,0.0,0.0115,0.085,0.0736
01-03 09,Shannon FIR,0.0,0.0,0.0042,0.0043,0.0001
01-03 09,Skopje FIR,0.005,0.0,0.3957,0.4787,0.083
01-03 09,Sofia FIR,0.0,0.0,0.2536,0.2656,0.0121
01-03 09,Sweden FIR,0.0027,0.0,0.0233,0.0661,0.0428
01-03 09,Switzerland FIR,0.0,0.0,0.0,0.0,0.0
01-03 09,Tallinn FIR,0.0,0.0,0.0,0.0,0.0
01-03 09,Tirana FIR,0.0,0.0,0.3316,0.3482,0.0166
01-03 09,Vilnius FIR,0.0045,0.0,0.2155,0.239,0.0235
01-03 09,Warszawa FIR,0.0032,0.0,0.0192,0.0581,0.0389
01-03 09,Wien FIR,0.0,0.0,0.0,0.0,0.0
01-03 09,Zagreb FIR,0.0,0.0,0.0025,0.0048,0.0022
01-03 10,Global,0.0265,0.0072,0.0196,0.0832,0.0636
01-03 10,Europe,0.0034,0.0,0.059,0.0801,0.0211
01-03 10,European Airspace,0.0121,0.002,0.0436,0.0793,0.0357
01-03 10,Africa Middle East,0.0062,0.0011,0.0271,0.0515,0.0243
01-03 10,East Asia,0.0069,0.0012,0.0,0.0255,0.0255
01-03 10,Southeast Asia,0.06,0.0275,0.0117,0.1276,0.1159
01-03 10,India,0.0063,0.0033,0.0039,0.0165,0.0126
01-03 10,China,0.0221,0.0026,0.0072,0.06,0.0528
01-03 10,Latin America,0.0111,0.0009,0.0481,0.1046,0.0565
01-03 10,USA,0.0129,0.0014,0.0041,0.0606,0.0565
01-03 10,North Atlantic,0.0017,0.0,0.0186,0.0509,0.0323
01-03 10,North Pacific,0.0386,0.0079,0.0,0.0983,0.0983
01-03 10,Amsterdam FIR,0.0,0.0,0.0014,0.0113,0.0099
01-03 10,Athinai FIR,0.0005,0.0,0.1836,0.189,0.0054
01-03 10,Barcelona FIR,0.0055,0.0001,0.1148,0.1235,0.0087
01-03 10,Beograd FIR,0.0006,0.0,0.0015,0.005,0.0035
01-03 10,Bordeaux FIR,0.0,0.0,0.0534,0.0713,0.0179
01-03 10,Bratislava  FIR,0.0,0.0,0.0,0.0,0.0
01-03 10,Bremen FIR,0.0,0.0,0.0013,0.0038,0.0025
01-03 10,Brest FIR,0.0,0.0,0.002,0.0067,0.0047
01-03 10,Brindisi FIR,0.0099,0.0,0.2026,0.2473,0.0447
01-03 10,Brussels FIR,0.0,0.0,0.0,0.0,0.0
01-03 10,Bucarest FIR,0.0005,0.0,0.0525,0.0909,0.0384
01-03 10,Budapest FIR,0.0,0.0,0.0,0.0,0.0
01-03 10,Canarias FIR,0.0,0.0,0.0013,0.0013,0.0
01-03 10,Chisinau FIR,0.0,0.0,0.014,0.014,0.0
01-03 10,Copenhagen FIR,0.0016,0.0,0.0248,0.0718,0.047
01-03 10,Helsinki FIR,0.018,0.0001,0.0134,0.105,0.0915
01-03 10,Langen FIR,0.0,0.0,0.0,0.0,0.0
01-03 10,Lisboa FIR,0.0003,0.0,0.1075,0.1439,0.0364
01-03 10,Ljubljana FIR,0.0,0.0,0.0,0.0,0.0
01-03 10,London FIR,0.0,0.0,0.0021,0.0068,0.0047
01-03 10,Madrid FIR,0.0,0.0,0.0802,0.1196,0.0394
01-03 10,Malta FIR,0.0,0.0,0.1183,0.1183,0.0
01-03 10,Marseille FIR,0.0,0.0,0.0621,0.0621,0.0
01-03 10,Milano FIR,0.0,0.0,0.0103,0.0103,0.0
01-03 10,Munchen FIR,0.0,0.0,0.0,0.0,0.0
01-03 10,Paris FIR,0.0,0.0,0.0,0.0,0.0
01-03 10,Polaris FIR,0.0801,0.0109,0.0261,0.164,0.1379
01-03 10,Praha FIR,0.0,0.0,0.0,0.0,0.0
01-03 10,Reims FIR,0.0,0.0,0.0,0.0,0.0
01-03 10,Reykjavik FIR,0.0553,0.0184,0.0022,0.0786,0.0765
01-03 10,Riga FIR,0.0028,0.0,0.0192,0.0306,0.0114
01-03 10,Roma FIR,0.0002,0.0,0.1972,0.2041,0.0069
01-03 10,Santa Maria FIR,0.0003,0.0,0.071,0.082,0.011
01-03 10,Sarajevo FIR,0.0,0.0,0.0,0.0,0.0
01-03 10,Scottish FIR,0.0226,0.0,0.0109,0.083,0.0721
01-03 10,Shannon FIR,0.0,0.0,0.0046,0.0054,0.0008
01-03 10,Skopje FIR,0.0063,0.0,0.1723,0.2901,0.1177
01-03 10,Sofia FIR,0.0128,0.0,0.1991,0.2752,0.0761
01-03 10,Sweden FIR,0.01,0.0,0.0222,0.0665,0.0443
01-03 10,Switzerland FIR,0.0,0.0,0.0,0.0,0.0
01-03 10,Tallinn FIR,0.0,0.0,0.0,0.0,0.0
01-03 10,Tirana FIR,0.0,0.0,0.2127,0.2666,0.0539
01-03 10,Vilnius FIR,0.0044,0.0,0.11,0.1458,0.0358
01-03 10,Warszawa FIR,0.0067,0.0,0.0094,0.0492,0.0398
01-03 10,Wien FIR,0.0,0.0,0.0,0.0,0.0
01-03 10,Zagreb FIR,0.0003,0.0,0.0008,0.0014,0.0006
01-03 11,Global,0.027,0.0076,0.0188,0.0838,0.065
01-03 11,Europe,0.0062,0.0001,0.0503,0.0757,0.0254
01-03 11,European Airspace,0.0142,0.0026,0.0376,0.0788,0.0411
01-03 11,Africa Middle East,0.0072,0.0016,0.0269,0.0515,0.0245
01-03 11,East Asia,0.0049,0.0009,0.0,0.0237,0.0237
01-03 11,Southeast Asia,0.0617,0.0293,0.0038,0.1299,0.1261
01-03 11,India,0.0071,0.0038,0.0031,0.018,0.0149
01-03 11,China,0.0217,0.0031,0.0006,0.059,0.0584
01-03 11,Latin America,0.0109,0.0011,0.0526,0.1036,0.0511
01-03 11,USA,0.0106,0.0009,0.0097,0.0624,0.0528
01-03 11,North Atlantic,0.0019,0.0001,0.0317,0.0515,0.0197
01-03 11,North Pacific,0.0391,0.0082,0.0,0.1001,0.1001
01-03 11,Amsterdam FIR,0.0,0.0,0.0,0.016,0.016
01-03 11,Athinai FIR,0.0054,0.0,0.1745,0.2102,0.0356
01-03 11,Barcelona FIR,0.0081,0.0011,0.0958,0.1057,0.0099
01-03 11,Beograd FIR,0.0,0.0,0.0,0.0,0.0
01-03 11,Bordeaux FIR,0.0,0.0,0.0429,0.077,0.0341
01-03 11,Bratislava  FIR,0.0,0.0,0.0,0.0,0.0
01-03 11,Bremen FIR,0.0003,0.0,0.0013,0.0055,0.0042
01-03 11,Brest FIR,0.0,0.0,0.0015,0.0074,0.0059
01-03 11,Brindisi FIR,0.0243,0.0,0.1441,0.2398,0.0958
01-03 11,Brussels FIR,0.0,0.0,0.0,0.0,0.0
01-03 11,Bucarest FIR,0.0149,0.0,0.0408,0.0912,0.0504
01-03 11,Budapest FIR,0.0,0.0,0.0,0.0,0.0
01-03 11,Canarias FIR,0.0,0.0,0.0014,0.0014,0.0
01-03 11,Chisinau FIR,0.0041,0.0,0.0303,0.0485,0.0182
01-03 11,Copenhagen FIR,0.0021,0.0,0.0162,0.0667,0.0505
01-03 11,Helsinki FIR,0.0199,0.0003,0.0038,0.1,0.0961
01-03 11,Langen FIR,0.0,0.0,0.0,0.0,0.0
01-03 11,Lisboa FIR,0.0005,0.0,0.1036,0.1429,0.0393
01-03 11,Ljubljana FIR,0.0,0.0,0.0,0.0,0.0
01-03 11,London FIR,0.0001,0.0,0.002,0.0077,0.0056
01-03 11,Madrid FIR,0.0004,0.0,0.0555,0.0974,0.0419
01-03 11,Malta FIR,0.0,0.0,0.1474,0.1474,0.0
01-03 11,Marseille FIR,0.0,0.0,0.0688,0.0689,0.0001
01-03 11,Milano FIR,0.0,0.0,0.0237,0.0257,0.0021
01-03 11,Munchen FIR,0.0,0.0,0.0,0.0,0.0
01-03 11,Paris FIR,0.0,0.0,0.0,0.0,0.0
01-03 11,Polaris FIR,0.0824,0.0156,0.0273,0.1647,0.1374
01-03 11,Praha FIR,0.0,0.0,0.0,0.0,0.0
01-03 11,Reims FIR,0.0,0.0,0.0,0.0,0.0
01-03 11,Reykjavik FIR,0.0536,0.0205,0.0023,0.0777,0.0754
01-03 11,Riga FIR,0.0025,0.0,0.0116,0.0278,0.0162
01-03 11,Roma FIR,0.0005,0.0,0.145,0.1532,0.0082
01-03 11,Santa Maria FIR,0.0007,0.0,0.0745,0.0826,0.0081
01-03 11,Sarajevo FIR,0.0,0.0,0.0,0.0,0.0
01-03 11,Scottish FIR,0.038,0.0,0.0065,0.0909,0.0843
01-03 11,Shannon FIR,0.0002,0.0,0.0036,0.0053,0.0017
01-03 11,Skopje FIR,0.0229,0.0,0.0127,0.0827,0.0699
01-03 11,Sofia FIR,0.0383,0.0,0.1039,0.2512,0.1473
01-03 11,Sweden FIR,0.0146,0.0,0.0195,0.0592,0.0397
01-03 11,Switzerland FIR,0.0,0.0,0.0,0.0,0.0
01-03 11,Tallinn FIR,0.0,0.0,0.0,0.0,0.0
01-03 11,Tirana FIR,0.0,0.0,0.1507,0.2181,0.0673
01-03 11,Vilnius FIR,0.0339,0.0,0.0741,0.1502,0.0762
01-03 11,Warszawa FIR,0.0058,0.0,0.0019,0.0381,0.0361
01-03 11,Wien FIR,0.0,0.0,0.0,0.0,0.0
01-03 11,Zagreb FIR,0.0,0.0,0.0,0.0,0.0
01-03 12,Global,0.0272,0.0075,0.0176,0.084,0.0664
01-03 12,Europe,0.0089,0.0002,0.0423,0.072,0.0297
01-03 12,European Airspace,0.0174,0.0032,0.0301,0.0773,0.0472
01-03 12,Africa Middle East,0.0093,0.0024,0.0253,0.051,0.0257
01-03 12,East Asia,0.0036,0.0006,0.0,0.02,0.02
01-03 12,Southeast Asia,0.063,0.029,0.0005,0.1323,0.1318
01-03 12,India,0.0078,0.0039,0.0012,0.019,0.0178
01-03 12,China,0.0211,0.0033,0.0,0.0589,0.0589
01-03 12,Latin America,0.0101,0.001,0.0518,0.1025,0.0507
01-03 12,USA,0.0084,0.0004,0.0201,0.0634,0.0433
01-03 12,North Atlantic,0.0028,0.0001,0.0403,0.0519,0.0116
01-03 12,North Pacific,0.0382,0.0078,0.0001,0.1004,0.1003
01-03 12,Amsterdam FIR,0.0008,0.0,0.0,0.0212,0.0212
01-03 12,Athinai FIR,0.0271,0.0006,0.1224,0.2206,0.0982
01-03 12,Barcelona FIR,0.0081,0.0025,0.0729,0.0824,0.0095
01-03 12,Beograd FIR,0.0,0.0,0.0006,0.0006,0.0
01-03 12,Bordeaux FIR,0.0,0.0,0.0303,0.0782,0.0479
01-03 12,Bratislava  FIR,0.0,0.0,0.0006,0.0006,0.0
01-03 12,Bremen FIR,0.0009,0.0,0.002,0.0058,0.0038
01-03 12,Brest FIR,0.0002,0.0,0.0012,0.0099,0.0087
01-03 12,Brindisi FIR,0.0279,0.0,0.1074,0.206,0.0985
01-03 12,Brussels FIR,0.0,0.0,0.0,0.0,0.0
01-03 12,Bucarest FIR,0.0289,0.0,0.015,0.0896,0.0746
01-03 12,Budapest FIR,0.0,0.0,0.0,0.0,0.0
01-03 12,Canarias FIR,0.0,0.0,0.0038,0.0038,0.0
01-03 12,Chisinau FIR,0.0342,0.0,0.028,0.0779,0.0499
01-03 12,Copenhagen FIR,0.0081,0.0,0.0084,0.0724,0.064
01-03 12,Helsinki FIR,0.0239,0.0001,0.0,0.1017,0.1017
01-03 12,Langen FIR,0.0,0.0,0.0,0.0,0.0
01-03 12,Lisboa FIR,0.0037,0.0001,0.0938,0.1478,0.054
01-03 12,Ljubljana FIR,0.0,0.0,0.0,0.0,0.0
01-03 12,London FIR,0.0006,0.0,0.0019,0.008,0.0061
01-03 12,Madrid FIR,0.0004,0.0001,0.0464,0.0892,0.0428
01-03 12,Malta FIR,0.0,0.0,0.1613,0.1659,0.0046
01-03 12,Marseille FIR,0.0009,0.0,0.0636,0.0663,0.0027
01-03 12,Milano FIR,0.0,0.0,0.0257,0.0265,0.0008
01-03 12,Munchen FIR,0.0,0.0,0.0,0.0,0.0
01-03 12,Paris FIR,0.0,0.0,0.0,0.0,0.0
01-03 12,Polaris FIR,0.086,0.0203,0.0265,0.1643,0.1378
01-03 12,Praha FIR,0.0,0.0,0.0045,0.0045,0.0
01-03 12,Reims FIR,0.0,0.0,0.0,0.0,0.0
01-03 12,Reykjavik FIR,0.0546,0.0211,0.0018,0.0779,0.0761
01-03 12,Riga FIR,0.0064,0.0,0.0123,0.0354,0.0231
01-03 12,Roma FIR,0.001,0.0,0.1191,0.132,0.0129
01-03 12,Santa Maria FIR,0.001,0.0,0.0724,0.0809,0.0085
01-03 12,Sarajevo FIR,0.0,0.0,0.0,0.0,0.0
01-03 12,Scottish FIR,0.0552,0.0008,0.0035,0.0992,0.0958
01-03 12,Shannon FIR,0.0018,0.0,0.0018,0.0045,0.0027
01-03 12,Skopje FIR,0.0025,0.0,0.0153,0.0178,0.0025
01-03 12,Sofia FIR,0.0646,0.0,0.0392,0.2113,0.1721
01-03 12,Sweden FIR,0.0154,0.0,0.0135,0.0495,0.036
01-03 12,Switzerland FIR,0.0,0.0,0.0,0.0,0.0
01-03 12,Tallinn FIR,0.0,0.0,0.0,0.0,0.0
01-03 12,Tirana FIR,0.0187,0.0,0.0686,0.1373,0.0687
01-03 12,Vilnius FIR,0.0761,0.0,0.0412,0.1658,0.1246
01-03 12,Warszawa FIR,0.0036,0.0,0.0006,0.0294,0.0288
01-03 12,Wien FIR,0.0,0.0,0.0,0.0,0.0
01-03 12,Zagreb FIR,0.0,0.0,0.0003,0.0003,0.0
01-03 13,Global,0.0271,0.0074,0.017,0.084,0.067
01-03 13,Europe,0.0124,0.0004,0.0327,0.0676,0.035
01-03 13,European Airspace,0.0201,0.0035,0.0235,0.0761,0.0526
01-03 13,Africa Middle East,0.0125,0.0039,0.023,0.0509,0.0279
01-03 13,East Asia,0.0027,0.0005,0.0,0.0159,0.0159
01-03 13,Southeast Asia,0.0648,0.0286,0.0,0.1336,0.1336
01-03 13,India,0.0087,0.0037,0.0,0.02,0.02
01-03 13,China,0.0204,0.0035,0.0,0.0583,0.0583
01-03 13,Latin America,0.0091,0.0009,0.0508,0.1008,0.05
01-03 13,USA,0.0057,0.0,0.03,0.0626,0.0326
01-03 13,North Atlantic,0.0044,0.0002,0.0394,0.0517,0.0123
01-03 13,North Pacific,0.0359,0.007,0.0007,0.0989,0.0982
01-03 13,Amsterdam FIR,0.006,0.0,0.0,0.0253,0.0253
01-03 13,Athinai FIR,0.0554,0.0031,0.0853,0.2189,0.1336
01-03 13,Barcelona FIR,0.0064,0.0016,0.0424,0.0493,0.0069
01-03 13,Beograd FIR,0.0,0.0,0.0,0.0,0.0
01-03 13,Bordeaux FIR,0.0011,0.0,0.0155,0.0784,0.063
01-03 13,Bratislava  FIR,0.0,0.0,0.0018,0.0018,0.0
01-03 13,Bremen FIR,0.0006,0.0,0.002,0.0069,0.0049
01-03 13,Brest FIR,0.0,0.0,0.0072,0.0183,0.0112
01-03 13,Brindisi FIR,0.0276,0.0004,0.0731,0.1494,0.0763
01-03 13,Brussels FIR,0.0,0.0,0.0,0.0,0.0
01-03 13,Bucarest FIR,0.0226,0.0,0.0031,0.075,0.0719
01-03 13,Budapest FIR,0.0,0.0,0.0,0.0,0.0
01-03 13,Canarias FIR,0.0,0.0,0.0073,0.0073,0.0
01-03 13,Chisinau FIR,0.0143,0.0,0.0091,0.0894,0.0803
01-03 13,Copenhagen FIR,0.0176,0.0002,0.0101,0.0857,0.0756
01-03 13,Helsinki FIR,0.0244,0.0,0.0,0.1022,0.1022
01-03 13,Langen FIR,0.0,0.0,0.0,0.0,0.0
01-03 13,Lisboa FIR,0.0154,0.0004,0.0735,0.1485,0.075
01-03 13,Ljubljana FIR,0.0,0.0,0.0,0.0,0.0
01-03 13,London FIR,0.0021,0.0,0.0013,0.008,0.0067
01-03 13,Madrid FIR,0.0041,0.0001,0.0473,0.0937,0.0464
01-03 13,Malta FIR,0.0065,0.0,0.1224,0.177,0.0546
01-03 13,Marseille FIR,0.005,0.0008,0.0538,0.0666,0.0128
01-03 13,Milano FIR,0.0007,0.0,0.0171,0.04,0.0229
01-03 13,Munchen FIR,0.0,0.0,0.0,0.0,0.0
01-03 13,Paris FIR,0.0,0.0,0.0,0.0,0.0
01-03 13,Polaris FIR,0.0923,0.0269,0.0215,0.1626,0.1411
01-03 13,Praha FIR,0.0,0.0,0.0,0.0,0.0
01-03 13,Reims FIR,0.0,0.0,0.0,0.0,0.0
01-03 13,Reykjavik FIR,0.0555,0.0211,0.0012,0.0785,0.0773
01-03 13,Riga FIR,0.0112,0.0,0.0103,0.0434,0.0331
01-03 13,Roma FIR,0.002,0.0,0.0921,0.1046,0.0125
01-03 13,Santa Maria FIR,0.0011,0.0001,0.0732,0.0809,0.0077
01-03 13,Sarajevo FIR,0.0,0.0,0.0,0.0,0.0
01-03 13,Scottish FIR,0.0659,0.0019,0.0021,0.1054,0.1032
01-03 13,Shannon FIR,0.0019,0.0,0.0002,0.0031,0.0028
01-03 13,Skopje FIR,0.0,0.0,0.0,0.0,0.0
01-03 13,Sofia FIR,0.0638,0.0,0.0101,0.156,0.1459
01-03 13,Sweden FIR,0.016,0.0,0.0077,0.0427,0.0351
01-03 13,Switzerland FIR,0.0,0.0,0.0,0.0,0.0
01-03 13,Tallinn FIR,0.0,0.0,0.0,0.0,0.0
01-03 13,Tirana FIR,0.033,0.0,0.0339,0.1265,0.0927
01-03 13,Vilnius FIR,0.0865,0.0,0.0223,0.1795,0.1572
01-03 13,Warszawa FIR,0.0017,0.0001,0.0017,0.0267,0.025
01-03 13,Wien FIR,0.0,0.0,0.0,0.0,0.0
01-03 13,Zagreb FIR,0.0,0.0,0.0008,0.0008,0.0
01-03 14,Global,0.0268,0.007,0.0168,0.0841,0.0672
01-03 14,Europe,0.0167,0.0006,0.0224,0.0623,0.0399
01-03 14,European Airspace,0.0219,0.0034,0.0163,0.075,0.0588
01-03 14,Africa Middle East,0.017,0.0062,0.0189,0.0512,0.0323
01-03 14,East Asia,0.0022,0.0004,0.0,0.0132,0.0132
01-03 14,Southeast Asia,0.0659,0.0269,0.0,0.1343,0.1343
01-03 14,India,0.0095,0.0033,0.0,0.0217,0.0217
01-03 14,China,0.0196,0.0034,0.0,0.0577,0.0577
01-03 14,Latin America,0.0081,0.0007,0.0513,0.0992,0.0479
01-03 14,USA,0.0031,0.0,0.0354,0.0613,0.0258
01-03 14,North Atlantic,0.0063,0.0004,0.0348,0.0506,0.0158
01-03 14,North Pacific,0.0325,0.0062,0.0026,0.0971,0.0944
01-03 14,Amsterdam FIR,0.0074,0.0,0.0,0.0245,0.0245
01-03 14,Athinai FIR,0.0707,0.006,0.0572,0.2109,0.1537
01-03 14,Barcelona FIR,0.0126,0.0015,0.0311,0.0448,0.0137
01-03 14,Beograd FIR,0.0,0.0,0.0,0.0,0.0
01-03 14,Bordeaux FIR,0.0107,0.0,0.02,0.0962,0.0762
01-03 14,Bratislava  FIR,0.0,0.0,0.0012,0.0012,0.0
01-03 14,Bremen FIR,0.0016,0.0,0.0004,0.0063,0.0059
01-03 14,Brest FIR,0.0002,0.0,0.0093,0.0191,0.0098
01-03 14,Brindisi FIR,0.0161,0.0,0.0337,0.0851,0.0514
01-03 14,Brussels FIR,0.0,0.0,0.0,0.0,0.0
01-03 14,Bucarest FIR,0.0141,0.0,0.0007,0.0538,0.0531
01-03 14,Budapest FIR,0.0,0.0,0.0018,0.0018,0.0
01-03 14,Canarias FIR,0.0,0.0,0.0087,0.0088,0.0001
01-03 14,Chisinau FIR,0.0,0.0,0.0,0.0805,0.0805
01-03 14,Copenhagen FIR,0.0283,0.0005,0.0108,0.0915,0.0806
01-03 14,Helsinki FIR,0.0277,0.0001,0.0,0.1049,0.1049
01-03 14,Langen FIR,0.0,0.0,0.0,0.0,0.0
01-03 14,Lisboa FIR,0.035,0.001,0.0454,0.1413,0.096
01-03 14,Ljubljana FIR,0.0,0.0,0.0,0.0,0.0
01-03 14,London FIR,0.0039,0.0,0.0005,0.0086,0.0081
01-03 14,Madrid FIR,0.0171,0.0002,0.0436,0.096,0.0524
01-03 14,Malta FIR,0.0248,0.0,0.0827,0.1709,0.0883
01-03 14,Marseille FIR,0.0052,0.0003,0.026,0.0433,0.0173
01-03 14,Milano FIR,0.0101,0.0,0.0053,0.0553,0.05
01-03 14,Munchen FIR,0.0,0.0,0.0035,0.0035,0.0
01-03 14,Paris FIR,0.0,0.0,0.0,0.0,0.0
01-03 14,Polaris FIR,0.0954,0.0336,0.0063,0.1565,0.1501
01-03 14,Praha FIR,0.0,0.0,0.0,0.0,0.0
01-03 14,Reims FIR,0.0,0.0,0.0,0.0,0.0
01-03 14,Reykjavik FIR,0.0577,0.0212,0.0007,0.0785,0.0778
01-03 14,Riga FIR,0.0132,0.0,0.0,0.0449,0.0449
01-03 14,Roma FIR,0.0025,0.0,0.0713,0.0874,0.016
01-03 14,Santa Maria FIR,0.0018,0.0003,0.0673,0.0784,0.0112
01-03 14,Sarajevo FIR,0.0,0.0,0.0,0.0,0.0
01-03 14,Scottish FIR,0.0649,0.0009,0.0021,0.1087,0.1066
01-03 14,Shannon FIR,0.0014,0.0,0.0006,0.0019,0.0014
01-03 14,Skopje FIR,0.0,0.0,0.0,0.0,0.0
01-03 14,Sofia FIR,0.0394,0.0,0.0033,0.1083,0.105
01-03 14,Sweden FIR,0.0168,0.0,0.0013,0.0387,0.0374
01-03 14,Switzerland FIR,0.0,0.0,0.0,0.0,0.0
01-03 14,Tallinn FIR,0.0,0.0,0.0,0.0,0.0
01-03 14,Tirana FIR,0.0098,0.0,0.0053,0.0482,0.0429
01-03 14,Vilnius FIR,0.0944,0.0,0.0006,0.2063,0.2057
01-03 14,Warszawa FIR,0.0008,0.0002,0.0008,0.0225,0.0217
01-03 14,Wien FIR,0.0,0.0,0.0,0.0,0.0
01-03 14,Zagreb FIR,0.0,0.0,0.0049,0.0066,0.0016
01-03 15,Global,0.0261,0.0068,0.0174,0.0841,0.0667
01-03 15,Europe,0.0188,0.0007,0.0144,0.0594,0.0449
01-03 15,European Airspace,0.023,0.0035,0.011,0.0742,0.0631
01-03 15,Africa Middle East,0.0206,0.0081,0.0132,0.0513,0.0381
01-03 15,East Asia,0.0019,0.0002,0.0,0.0112,0.0112
01-03 15,Southeast Asia,0.066,0.0247,0.0,0.1355,0.1355
01-03 15,India,0.0104,0.0032,0.0,0.0238,0.0238
01-03 15,China,0.0188,0.0032,0.0,0.057,0.057
01-03 15,Latin America,0.0076,0.0007,0.0519,0.0977,0.0458
01-03 15,USA,0.0023,0.0,0.0408,0.0599,0.0191
01-03 15,North Atlantic,0.0084,0.0007,0.0298,0.0506,0.0208
01-03 15,North Pacific,0.0284,0.006,0.0071,0.0951,0.088
01-03 15,Amsterdam FIR,0.0121,0.0,0.0,0.0256,0.0256
01-03 15,Athinai FIR,0.0672,0.0071,0.0159,0.1868,0.1709
01-03 15,Barcelona FIR,0.0117,0.0007,0.0315,0.0454,0.0139
01-03 15,Beograd FIR,0.0,0.0,0.0,0.0,0.0
01-03 15,Bordeaux FIR,0.0149,0.0,0.019,0.1185,0.0996
01-03 15,Bratislava  FIR,0.0,0.0,0.0,0.0,0.0
01-03 15,Bremen FIR,0.002,0.0,0.0,0.0088,0.0088
01-03 15,Brest FIR,0.0,0.0,0.0043,0.0141,0.0098
01-03 15,Brindisi FIR,0.0047,0.0,0.0203,0.068,0.0477
01-03 15,Brussels FIR,0.0,0.0,0.0,0.0,0.0
01-03 15,Bucarest FIR,0.0103,0.0,0.0,0.0347,0.0347
01-03 15,Budapest FIR,0.0,0.0,0.0,0.0,0.0
01-03 15,Canarias FIR,0.0002,0.0,0.008,0.0096,0.0016
01-03 15,Chisinau FIR,0.0,0.0,0.0,0.0227,0.0227
01-03 15,Copenhagen FIR,0.0331,0.0005,0.0,0.0894,0.0894
01-03 15,Helsinki FIR,0.033,0.0026,0.0,0.1062,0.1062
01-03 15,Langen FIR,0.0,0.0,0.0,0.0,0.0
01-03 15,Lisboa FIR,0.0392,0.0005,0.0292,0.1296,0.1005
01-03 15,Ljubljana FIR,0.0,0.0,0.0,0.0,0.0
01-03 15,London FIR,0.0055,0.0,0.0002,0.0091,0.0089
01-03 15,Madrid FIR,0.0262,0.0001,0.0256,0.0836,0.058
01-03 15,Malta FIR,0.0291,0.0,0.0508,0.153,0.1022
01-03 15,Marseille FIR,0.0055,0.0,0.0115,0.0465,0.035
01-03 15,Milano FIR,0.018,0.0,0.0021,0.0432,0.0412
01-03 15,Munchen FIR,0.0,0.0,0.0,0.0,0.0
01-03 15,Paris FIR,0.0,0.0,0.0,0.0,0.0
01-03 15,Polaris FIR,0.0963,0.0374,0.0,0.1522,0.1522
01-03 15,Praha FIR,0.0011,0.0,0.0007,0.0135,0.0128
01-03 15,Reims FIR,0.0,0.0,0.0,0.0,0.0
01-03 15,Reykjavik FIR,0.0587,0.0219,0.0006,0.0775,0.0769
01-03 15,Riga FIR,0.0179,0.0,0.0,0.0443,0.0443
01-03 15,Roma FIR,0.0032,0.0,0.048,0.0772,0.0292
01-03 15,Santa Maria FIR,0.0062,0.0014,0.0544,0.0763,0.0219
01-03 15,Sarajevo FIR,0.0,0.0,0.0,0.0,0.0
01-03 15,Scottish FIR,0.0636,0.0021,0.0009,0.1098,0.1089
01-03 15,Shannon FIR,0.0005,0.0,0.0012,0.0017,0.0006
01-03 15,Skopje FIR,0.0,0.0,0.0,0.0,0.0
01-03 15,Sofia FIR,0.0113,0.0,0.0,0.0577,0.0577
01-03 15,Sweden FIR,0.0148,0.0,0.0,0.0391,0.0391
01-03 15,Switzerland FIR,0.0,0.0,0.0,0.0,0.0
01-03 15,Tallinn FIR,0.0,0.0,0.0,0.0,0.0
01-03 15,Tirana FIR,0.0,0.0,0.0,0.0018,0.0018
01-03 15,Vilnius FIR,0.0992,0.0,0.0,0.2349,0.2349
01-03 15,Warszawa FIR,0.0018,0.0,0.0,0.0167,0.0167
01-03 15,Wien FIR,0.0,0.0,0.0003,0.0007,0.0003
01-03 15,Zagreb FIR,0.0014,0.0,0.0044,0.0219,0.0175
01-03 16,Global,0.0252,0.0065,0.0182,0.084,0.0658
01-03 16,Europe,0.0188,0.0015,0.0059,0.0611,0.0552
01-03 16,European Airspace,0.024,0.0042,0.0066,0.0737,0.067
01-03 16,Africa Middle East,0.0226,0.009,0.0069,0.0512,0.0443
01-03 16,East Asia,0.0013,0.0,0.0,0.0101,0.0101
01-03 16,Southeast Asia,0.0632,0.0218,0.0001,0.1362,0.1361
01-03 16,India,0.0106,0.0029,0.0,0.0262,0.0262
01-03 16,China,0.0181,0.0028,0.0,0.0566,0.0566
01-03 16,Latin America,0.0083,0.0011,0.0531,0.0958,0.0428
01-03 16,USA,0.0021,0.0001,0.0421,0.0588,0.0167
01-03 16,North Atlantic,0.0099,0.0011,0.0244,0.0511,0.0267
01-03 16,North Pacific,0.0259,0.0062,0.0153,0.0923,0.0769
01-03 16,Amsterdam FIR,0.0126,0.0,0.0,0.0236,0.0236
01-03 16,Athinai FIR,0.0566,0.0075,0.0,0.1545,0.1545
01-03 16,Barcelona FIR,0.007,0.0025,0.0332,0.048,0.0148
01-03 16,Beograd FIR,0.0,0.0,0.0,0.0024,0.0024
01-03 16,Bordeaux FIR,0.0139,0.0,0.0114,0.1246,0.1132
01-03 16,Bratislava  FIR,0.0,0.0,0.0,0.003,0.003
01-03 16,Bremen FIR,0.0019,0.0001,0.0,0.0083,0.0083
01-03 16,Brest FIR,0.0004,0.0,0.0006,0.0101,0.0095
01-03 16,Brindisi FIR,0.0044,0.0,0.0,0.0485,0.0485
01-03 16,Brussels FIR,0.0,0.0,0.0,0.0,0.0
01-03 16,Bucarest FIR,0.0044,0.0,0.0,0.02,0.02
01-03 16,Budapest FIR,0.0,0.0,0.0,0.0,0.0
01-03 16,Canarias FIR,0.0017,0.0,0.0054,0.0089,0.0035
01-03 16,Chisinau FIR,0.0,0.0,0.0,0.0034,0.0034
01-03 16,Copenhagen FIR,0.0349,0.0003,0.0,0.0858,0.0858
01-03 16,Helsinki FIR,0.0377,0.008,0.0,0.1039,0.1039
01-03 16,Langen FIR,0.0,0.0,0.0,0.0,0.0
01-03 16,Lisboa FIR,0.0357,0.001,0.0221,0.123,0.1009
01-03 16,Ljubljana FIR,0.0,0.0,0.0,0.0,0.0
01-03 16,London FIR,0.0063,0.0,0.0,0.0096,0.0096
01-03 16,Madrid FIR,0.0237,0.0,0.0072,0.0723,0.065
01-03 16,Malta FIR,0.0204,0.0,0.0041,0.1057,0.1016
01-03 16,Marseille FIR,0.0058,0.0,0.0027,0.0699,0.0672
01-03 16,Milano FIR,0.0245,0.0,0.0,0.0484,0.0484
01-03 16,Munchen FIR,0.0,0.0,0.0,0.0,0.0
01-03 16,Paris FIR,0.0,0.0,0.0,0.0,0.0
01-03 16,Polaris FIR,0.0931,0.0336,0.0,0.1467,0.1467
01-03 16,Praha FIR,0.0025,0.0,0.0,0.0206,0.0206
01-03 16,Reims FIR,0.0,0.0,0.0,0.0,0.0
01-03 16,Reykjavik FIR,0.0569,0.0231,0.0,0.0766,0.0766
01-03 16,Riga FIR,0.0237,0.0,0.0,0.0513,0.0513
01-03 16,Roma FIR,0.008,0.0002,0.0001,0.0816,0.0815
01-03 16,Santa Maria FIR,0.0128,0.0031,0.0434,0.0749,0.0315
01-03 16,Sarajevo FIR,0.0,0.0,0.0,0.0006,0.0006
01-03 16,Scottish FIR,0.0638,0.0033,0.0,0.1068,0.1068
01-03 16,Shannon FIR,0.0001,0.0,0.0012,0.0014,0.0002
01-03 16,Skopje FIR,0.0,0.0,0.0,0.0,0.0
01-03 16,Sofia FIR,0.0033,0.0,0.0,0.024,0.024
01-03 16,Sweden FIR,0.0114,0.0,0.0,0.0401,0.0401
01-03 16,Switzerland FIR,0.0,0.0,0.0,0.0,0.0
01-03 16,Tallinn FIR,0.0,0.0,0.0,0.0,0.0
01-03 16,Tirana FIR,0.0,0.0,0.0,0.0,0.0
01-03 16,Vilnius FIR,0.0792,0.0,0.0,0.228,0.228
01-03 16,Warszawa FIR,0.003,0.0001,0.0,0.0114,0.0114
01-03 16,Wien FIR,0.0,0.0,0.0,0.0132,0.0132
01-03 16,Zagreb FIR,0.0027,0.0,0.0,0.0489,0.0489
01-03 17,Global,0.0245,0.006,0.0191,0.0841,0.065
01-03 17,Europe,0.0199,0.0031,0.0007,0.0657,0.065
01-03 17,European Airspace,0.0248,0.0049,0.0036,0.0729,0.0693
01-03 17,Africa Middle East,0.0237,0.009,0.0027,0.0514,0.0488
01-03 17,East Asia,0.0011,0.0,0.0,0.0093,0.0093
01-03 17,Southeast Asia,0.06,0.0181,0.0004,0.1385,0.1381
01-03 17,India,0.0107,0.0026,0.0,0.0287,0.0287
01-03 17,China,0.0175,0.0021,0.0,0.055,0.055
01-03 17,Latin America,0.0109,0.0018,0.0531,0.0949,0.0418
01-03 17,USA,0.0027,0.0002,0.0416,0.0589,0.0172
01-03 17,North Atlantic,0.0112,0.0013,0.0167,0.0515,0.0348
01-03 17,North Pacific,0.0237,0.006,0.0245,0.0895,0.065
01-03 17,Amsterdam FIR,0.0099,0.0,0.0,0.0198,0.0198
01-03 17,Athinai FIR,0.0517,0.0085,0.0,0.1261,0.1261
01-03 17,Barcelona FIR,0.0075,0.0034,0.0,0.0401,0.0401
01-03 17,Beograd FIR,0.0,0.0,0.0,0.0068,0.0068
01-03 17,Bordeaux FIR,0.0102,0.0,0.0,0.1318,0.1318
01-03 17,Bratislava  FIR,0.0,0.0,0.0,0.0204,0.0204
01-03 17,Bremen FIR,0.0033,0.0,0.0,0.0089,0.0089
01-03 17,Brest FIR,0.0002,0.0,0.0,0.0071,0.0071
01-03 17,Brindisi FIR,0.0016,0.0,0.0,0.0465,0.0465
01-03 17,Brussels FIR,0.0,0.0,0.0,0.0,0.0
01-03 17,Bucarest FIR,0.0013,0.0,0.0,0.0083,0.0083
01-03 17,Budapest FIR,0.0,0.0,0.0,0.0049,0.0049
01-03 17,Canarias FIR,0.0025,0.0,0.0035,0.0074,0.0039
01-03 17,Chisinau FIR,0.0,0.0,0.0,0.0,0.0
01-03 17,Copenhagen FIR,0.041,0.0005,0.0,0.0881,0.0881
01-03 17,Helsinki FIR,0.0398,0.0099,0.0,0.1007,0.1007
01-03 17,Langen FIR,0.0,0.0,0.0,0.0,0.0
01-03 17,Lisboa FIR,0.0277,0.002,0.0106,0.1167,0.1061
01-03 17,Ljubljana FIR,0.0,0.0,0.0,0.0,0.0
01-03 17,London FIR,0.0067,0.0,0.0,0.0098,0.0098
01-03 17,Madrid FIR,0.0134,0.0002,0.0005,0.0704,0.07
01-03 17,Malta FIR,0.0137,0.0,0.0,0.0561,0.0561
01-03 17,Marseille FIR,0.0113,0.0061,0.0,0.0819,0.0819
01-03 17,Milano FIR,0.0512,0.0028,0.0,0.0792,0.0792
01-03 17,Munchen FIR,0.0,0.0,0.0,0.0,0.0
01-03 17,Paris FIR,0.0,0.0,0.0,0.0,0.0
01-03 17,Polaris FIR,0.0866,0.0254,0.0,0.139,0.139
01-03 17,Praha FIR,0.0014,0.0,0.0,0.0128,0.0128
01-03 17,Reims FIR,0.0,0.0,0.0,0.0,0.0
01-03 17,Reykjavik FIR,0.0548,0.0225,0.0,0.075,0.075
01-03 17,Riga FIR,0.0322,0.0,0.0,0.0722,0.0722
01-03 17,Roma FIR,0.0263,0.0076,0.0,0.1192,0.1192
01-03 17,Santa Maria FIR,0.0189,0.0044,0.0325,0.0742,0.0417
01-03 17,Sarajevo FIR,0.0,0.0,0.0,0.0064,0.0064
01-03 17,Scottish FIR,0.0628,0.004,0.0,0.104,0.104
01-03 17,Shannon FIR,0.0,0.0,0.0,0.0014,0.0014
01-03 17,Skopje FIR,0.0,0.0,0.0,0.0,0.0
01-03 17,Sofia FIR,0.0004,0.0,0.0,0.0041,0.0041
01-03 17,Sweden FIR,0.0103,0.0,0.0,0.0404,0.0404
01-03 17,Switzerland FIR,0.0,0.0,0.0,0.0,0.0
01-03 17,Tallinn FIR,0.0,0.0,0.0,0.0,0.0
01-03 17,Tirana FIR,0.0,0.0,0.0,0.0044,0.0044
01-03 17,Vilnius FIR,0.0699,0.0,0.0,0.2095,0.2095
01-03 17,Warszawa FIR,0.0033,0.0,0.0,0.0091,0.0091
01-03 17,Wien FIR,0.0003,0.0,0.0,0.0071,0.0071
01-03 17,Zagreb FIR,0.0008,0.0,0.0,0.0474,0.0474
01-03 18,Global,0.024,0.0058,0.02,0.0841,0.0641
01-03 18,Europe,0.0216,0.0041,0.0,0.0704,0.0704
01-03 18,European Airspace,0.0252,0.0054,0.0016,0.0716,0.07
01-03 18,Africa Middle East,0.0236,0.0087,0.0009,0.0518,0.0509
01-03 18,East Asia,0.0009,0.0,0.0,0.0087,0.0087
01-03 18,Southeast Asia,0.0548,0.0137,0.0013,0.1403,0.139
01-03 18,India,0.0111,0.0026,0.0,0.0309,0.0309
01-03 18,China,0.0162,0.0014,0.0,0.0536,0.0536
01-03 18,Latin America,0.0159,0.0036,0.0504,0.0948,0.0444
01-03 18,USA,0.0048,0.0005,0.0398,0.06,0.0202
01-03 18,North Atlantic,0.0132,0.0016,0.0104,0.0505,0.0401
01-03 18,North Pacific,0.0213,0.0064,0.0282,0.0878,0.0596
01-03 18,Amsterdam FIR,0.0027,0.0,0.0,0.0154,0.0154
01-03 18,Athinai FIR,0.0503,0.0118,0.0,0.1042,0.1042
01-03 18,Barcelona FIR,0.0098,0.0076,0.0,0.0366,0.0366
01-03 18,Beograd FIR,0.0006,0.0,0.0,0.0094,0.0094
01-03 18,Bordeaux FIR,0.0125,0.0,0.0,0.1154,0.1154
01-03 18,Bratislava  FIR,0.0,0.0,0.0,0.0222,0.0222
01-03 18,Bremen FIR,0.005,0.0,0.0,0.0093,0.0093
01-03 18,Brest FIR,0.0,0.0,0.0,0.0058,0.0058
01-03 18,Brindisi FIR,0.0077,0.0006,0.0,0.0741,0.0741
01-03 18,Brussels FIR,0.0,0.0,0.0,0.0,0.0
01-03 18,Bucarest FIR,0.0,0.0,0.0,0.0007,0.0007
01-03 18,Budapest FIR,0.0,0.0,0.0,0.004,0.004
01-03 18,Canarias FIR,0.0024,0.0,0.0023,0.0067,0.0044
01-03 18,Chisinau FIR,0.0,0.0,0.0,0.0,0.0
01-03 18,Copenhagen FIR,0.0503,0.0023,0.0,0.0972,0.0972
01-03 18,Helsinki FIR,0.0357,0.0035,0.0,0.0959,0.0959
01-03 18,Langen FIR,0.0,0.0,0.0,0.0033,0.0033
01-03 18,Lisboa FIR,0.029,0.002,0.0,0.1213,0.1213
01-03 18,Ljubljana FIR,0.0,0.0,0.0,0.0,0.0
01-03 18,London FIR,0.0061,0.0001,0.0,0.0103,0.0103
01-03 18,Madrid FIR,0.0124,0.0015,0.0,0.0698,0.0698
01-03 18,Malta FIR,0.0064,0.0,0.0,0.0312,0.0312
01-03 18,Marseille FIR,0.0071,0.0016,0.0,0.0775,0.0775
01-03 18,Milano FIR,0.0763,0.0052,0.0,0.1154,0.1154
01-03 18,Munchen FIR,0.0,0.0,0.0,0.0024,0.0024
01-03 18,Paris FIR,0.0,0.0,0.0,0.0,0.0
01-03 18,Polaris FIR,0.0801,0.0207,0.0,0.1315,0.1315
01-03 18,Praha FIR,0.0018,0.0,0.0,0.0106,0.0106
01-03 18,Reims FIR,0.0,0.0,0.0,0.0,0.0
01-03 18,Reykjavik FIR,0.0531,0.0234,0.0,0.0741,0.0741
01-03 18,Riga FIR,0.0362,0.0,0.0,0.0844,0.0844
01-03 18,Roma FIR,0.0465,0.0206,0.0,0.1671,0.1671
01-03 18,Santa Maria FIR,0.0228,0.0054,0.019,0.0732,0.0542
01-03 18,Sarajevo FIR,0.0,0.0,0.0,0.0038,0.0038
01-03 18,Scottish FIR,0.0588,0.0049,0.0,0.0993,0.0993
01-03 18,Shannon FIR,0.0001,0.0,0.0,0.0008,0.0008
01-03 18,Skopje FIR,0.0,0.0,0.0,0.0,0.0
01-03 18,Sofia FIR,0.0,0.0,0.0,0.0002,0.0002
01-03 18,Sweden FIR,0.0099,0.0003,0.0,0.0372,0.0372
01-03 18,Switzerland FIR,0.0,0.0,0.0,0.0,0.0
01-03 18,Tallinn FIR,0.0,0.0,0.0,0.0,0.0
01-03 18,Tirana FIR,0.0,0.0,0.0,0.0105,0.0105
01-03 18,Vilnius FIR,0.0594,0.0,0.0,0.1847,0.1847
01-03 18,Warszawa FIR,0.0035,0.0,0.0,0.0101,0.0101
01-03 18,Wien FIR,0.0,0.0,0.0,0.0007,0.0007
01-03 18,Zagreb FIR,0.0033,0.0,0.0,0.0495,0.0495
01-03 19,Global,0.0234,0.0052,0.0205,0.0838,0.0633
01-03 19,Europe,0.0224,0.0038,0.0,0.072,0.072
01-03 19,European Airspace,0.0252,0.0052,0.0,0.0692,0.0692
01-03 19,Africa Middle East,0.0229,0.0084,0.0002,0.0516,0.0513
01-03 19,East Asia,0.0008,0.0,0.0,0.0081,0.0081
01-03 19,Southeast Asia,0.0453,0.0091,0.0032,0.1379,0.1347
01-03 19,India,0.0119,0.0026,0.0,0.0325,0.0325
01-03 19,China,0.0137,0.0008,0.0004,0.0515,0.0511
01-03 19,Latin America,0.0217,0.0056,0.0433,0.0958,0.0525
01-03 19,USA,0.0084,0.001,0.0344,0.0608,0.0264
01-03 19,North Atlantic,0.0147,0.0019,0.0051,0.0509,0.0458
01-03 19,North Pacific,0.0197,0.0054,0.0301,0.0872,0.0571
01-03 19,Amsterdam FIR,0.0027,0.0,0.0,0.0151,0.0151
01-03 19,Athinai FIR,0.0391,0.0122,0.0,0.0903,0.0903
01-03 19,Barcelona FIR,0.0112,0.0106,0.0,0.0376,0.0376
01-03 19,Beograd FIR,0.0018,0.0,0.0,0.0082,0.0082
01-03 19,Bordeaux FIR,0.0077,0.0,0.0,0.088,0.088
01-03 19,Bratislava  FIR,0.0,0.0,0.0,0.0191,0.0191
01-03 19,Bremen FIR,0.0059,0.0,0.0,0.0095,0.0095
01-03 19,Brest FIR,0.0,0.0,0.0,0.0073,0.0073
01-03 19,Brindisi FIR,0.0489,0.0147,0.0,0.1653,0.1653
01-03 19,Brussels FIR,0.0,0.0,0.0,0.0023,0.0023
01-03 19,Bucarest FIR,0.0,0.0,0.0,0.0,0.0
01-03 19,Budapest FIR,0.0,0.0,0.0,0.0076,0.0076
01-03 19,Canarias FIR,0.003,0.0001,0.0,0.0079,0.0079
01-03 19,Chisinau FIR,0.0,0.0,0.0,0.0,0.0
01-03 19,Copenhagen FIR,0.0662,0.0042,0.0,0.1061,0.1061
01-03 19,Helsinki FIR,0.0242,0.0004,0.0,0.084,0.084
01-03 19,Langen FIR,0.0,0.0,0.0,0.0024,0.0024
01-03 19,Lisboa FIR,0.0278,0.0028,0.0,0.1107,0.1107
01-03 19,Ljubljana FIR,0.0,0.0,0.0,0.0,0.0
01-03 19,London FIR,0.0031,0.0001,0.0,0.0112,0.0112
01-03 19,Madrid FIR,0.0207,0.0006,0.0,0.0706,0.0706
01-03 19,Malta FIR,0.0041,0.0002,0.0,0.0374,0.0374
01-03 19,Marseille FIR,0.0017,0.0,0.0,0.0714,0.0714
01-03 19,Milano FIR,0.0756,0.0,0.0,0.1326,0.1326
01-03 19,Munchen FIR,0.0,0.0,0.0,0.0048,0.0048
01-03 19,Paris FIR,0.0,0.0,0.0,0.0,0.0
01-03 19,Polaris FIR,0.0729,0.018,0.0,0.1246,0.1246
01-03 19,Praha FIR,0.0,0.0,0.0,0.0032,0.0032
01-03 19,Reims FIR,0.0,0.0,0.0,0.0,0.0
01-03 19,Reykjavik FIR,0.0508,0.0211,0.0,0.0733,0.0733
01-03 19,Riga FIR,0.0322,0.0,0.0,0.0824,0.0824
01-03 19,Roma FIR,0.0388,0.0163,0.0,0.1668,0.1668
01-03 19,Santa Maria FIR,0.0254,0.0049,0.0043,0.0725,0.0682
01-03 19,Sarajevo FIR,0.0,0.0,0.0,0.007,0.007
01-03 19,Scottish FIR,0.0563,0.007,0.0,0.0942,0.0942
01-03 19,Shannon FIR,0.0007,0.0,0.0,0.0014,0.0014
01-03 19,Skopje FIR,0.0,0.0,0.0,0.014,0.014
01-03 19,Sofia FIR,0.0,0.0,0.0,0.0,0.0
01-03 19,Sweden FIR,0.0087,0.0001,0.0,0.0305,0.0305
01-03 19,Switzerland FIR,0.0,0.0,0.0,0.0,0.0
01-03 19,Tallinn FIR,0.0,0.0,0.0,0.0,0.0
01-03 19,Tirana FIR,0.0035,0.0,0.0,0.021,0.021
01-03 19,Vilnius FIR,0.056,0.0,0.0,0.1491,0.1491
01-03 19,Warszawa FIR,0.0055,0.0,0.0,0.0113,0.0113
01-03 19,Wien FIR,0.0,0.0,0.0,0.0,0.0
01-03 19,Zagreb FIR,0.0079,0.0,0.0,0.081,0.081
01-03 20,Global,0.0229,0.0051,0.0209,0.0837,0.0628
01-03 20,Europe,0.0221,0.0032,0.0,0.0716,0.0716
01-03 20,European Airspace,0.025,0.0051,0.0,0.0665,0.0665
01-03 20,Africa Middle East,0.0223,0.0079,0.0,0.0513,0.0512
01-03 20,East Asia,0.0005,0.0,0.0,0.0074,0.0074
01-03 20,Southeast Asia,0.0343,0.0046,0.0081,0.1368,0.1287
01-03 20,India,0.0124,0.0022,0.0,0.0348,0.0348
01-03 20,China,0.0098,0.0003,0.0015,0.0495,0.0479
01-03 20,Latin America,0.0277,0.0079,0.0334,0.0976,0.0642
01-03 20,USA,0.0136,0.0023,0.0259,0.0604,0.0345
01-03 20,North Atlantic,0.017,0.0024,0.0012,0.0536,0.0524
01-03 20,North Pacific,0.0187,0.0057,0.0324,0.0866,0.0542
01-03 20,Amsterdam FIR,0.0047,0.0008,0.0,0.0195,0.0195
01-03 20,Athinai FIR,0.0317,0.0091,0.0,0.0779,0.0779
01-03 20,Barcelona FIR,0.016,0.0108,0.0,0.0528,0.0528
01-03 20,Beograd FIR,0.0003,0.0,0.0,0.0135,0.0135
01-03 20,Bordeaux FIR,0.0,0.0,0.0,0.0551,0.0551
01-03 20,Bratislava  FIR,0.0,0.0,0.0,0.0143,0.0143
01-03 20,Bremen FIR,0.0102,0.0003,0.0,0.0139,0.0139
01-03 20,Brest FIR,0.0,0.0,0.0,0.0111,0.0111
01-03 20,Brindisi FIR,0.0991,0.0172,0.0,0.25,0.25
01-03 20,Brussels FIR,0.0,0.0,0.0,0.0076,0.0076
01-03 20,Bucarest FIR,0.0,0.0,0.0,0.0007,0.0007
01-03 20,Budapest FIR,0.0,0.0,0.0,0.0119,0.0119
01-03 20,Canarias FIR,0.0043,0.0003,0.0,0.0105,0.0105
01-03 20,Chisinau FIR,0.0,0.0,0.0,0.0,0.0
01-03 20,Copenhagen FIR,0.0725,0.0068,0.0,0.1119,0.1119
01-03 20,Helsinki FIR,0.0135,0.0004,0.0,0.0776,0.0776
01-03 20,Langen FIR,0.0,0.0,0.0,0.0005,0.0005
01-03 20,Lisboa FIR,0.0291,0.0009,0.0,0.095,0.095
01-03 20,Ljubljana FIR,0.0,0.0,0.0,0.0,0.0
01-03 20,London FIR,0.0021,0.0,0.0,0.0105,0.0105
01-03 20,Madrid FIR,0.0307,0.0009,0.0,0.0782,0.0782
01-03 20,Malta FIR,0.0013,0.0002,0.0,0.0619,0.0619
01-03 20,Marseille FIR,0.0,0.0,0.0,0.0611,0.0611
01-03 20,Milano FIR,0.0608,0.0,0.0,0.1218,0.1218
01-03 20,Munchen FIR,0.0,0.0,0.0,0.0105,0.0105
01-03 20,Paris FIR,0.0,0.0,0.0,0.0,0.0
01-03 20,Polaris FIR,0.0649,0.0173,0.0,0.1196,0.1196
01-03 20,Praha FIR,0.0,0.0,0.0,0.0028,0.0028
01-03 20,Reims FIR,0.0,0.0,0.0,0.0,0.0
01-03 20,Reykjavik FIR,0.0477,0.0221,0.0,0.0728,0.0728
01-03 20,Riga FIR,0.0294,0.0,0.0,0.0832,0.0832
01-03 20,Roma FIR,0.0132,0.0031,0.0,0.1395,0.1395
01-03 20,Santa Maria FIR,0.0277,0.005,0.0,0.0735,0.0735
01-03 20,Sarajevo FIR,0.0,0.0,0.0,0.0102,0.0102
01-03 20,Scottish FIR,0.0542,0.0126,0.0,0.0894,0.0894
01-03 20,Shannon FIR,0.0013,0.0,0.0,0.0035,0.0035
01-03 20,Skopje FIR,0.0089,0.0,0.0,0.0342,0.0342
01-03 20,Sofia FIR,0.0,0.0,0.0,0.0,0.0
01-03 20,Sweden FIR,0.0081,0.0,0.0,0.0254,0.0254
01-03 20,Switzerland FIR,0.0,0.0,0.0,0.0,0.0
01-03 20,Tallinn FIR,0.0,0.0,0.0,0.0,0.0
01-03 20,Tirana FIR,0.0017,0.0,0.0,0.0113,0.0113
01-03 20,Vilnius FIR,0.0418,0.0,0.0,0.1066,0.1066
01-03 20,Warszawa FIR,0.0056,0.0,0.0,0.0109,0.0109
01-03 20,Wien FIR,0.0,0.0,0.0,0.0,0.0
01-03 20,Zagreb FIR,0.013,0.0,0.0,0.1462,0.1462
01-03 21,Global,0.0222,0.0046,0.0216,0.0834,0.0617
01-03 21,Europe,0.0205,0.0025,0.0,0.0698,0.0698
01-03 21,European Airspace,0.0245,0.0045,0.0,0.0643,0.0643
01-03 21,Africa Middle East,0.0219,0.007,0.0,0.0507,0.0507
01-03 21,East Asia,0.0001,0.0,0.0003,0.0067,0.0064
01-03 21,Southeast Asia,0.0214,0.0012,0.0211,0.1334,0.1123
01-03 21,India,0.0113,0.0014,0.0002,0.037,0.0368
01-03 21,China,0.0056,0.0001,0.0037,0.0477,0.044
01-03 21,Latin America,0.0332,0.0097,0.0224,0.0998,0.0774
01-03 21,USA,0.0186,0.0034,0.017,0.0601,0.043
01-03 21,North Atlantic,0.0186,0.0025,0.0,0.0555,0.0555
01-03 21,North Pacific,0.0182,0.005,0.036,0.0863,0.0503
01-03 21,Amsterdam FIR,0.0079,0.0019,0.0,0.0217,0.0217
01-03 21,Athinai FIR,0.0343,0.0039,0.0,0.0843,0.0843
01-03 21,Barcelona FIR,0.0193,0.0083,0.0,0.0747,0.0747
01-03 21,Beograd FIR,0.0,0.0,0.0,0.0238,0.0238
01-03 21,Bordeaux FIR,0.0,0.0,0.0,0.0229,0.0229
01-03 21,Bratislava  FIR,0.0006,0.0,0.0,0.016,0.016
01-03 21,Bremen FIR,0.0113,0.0001,0.0,0.0194,0.0194
01-03 21,Brest FIR,0.0,0.0,0.0,0.0104,0.0104
01-03 21,Brindisi FIR,0.0738,0.0085,0.0,0.2121,0.2121
01-03 21,Brussels FIR,0.0,0.0,0.0,0.0,0.0
01-03 21,Bucarest FIR,0.0,0.0,0.0,0.0006,0.0006
01-03 21,Budapest FIR,0.0,0.0,0.0,0.0094,0.0094
01-03 21,Canarias FIR,0.0043,0.0,0.0,0.0128,0.0128
01-03 21,Chisinau FIR,0.0,0.0,0.0,0.0,0.0
01-03 21,Copenhagen FIR,0.0742,0.0062,0.0,0.121,0.121
01-03 21,Helsinki FIR,0.0084,0.0004,0.0,0.0725,0.0725
01-03 21,Langen FIR,0.0,0.0,0.0,0.0005,0.0005
01-03 21,Lisboa FIR,0.0265,0.0002,0.0,0.0762,0.0762
01-03 21,Ljubljana FIR,0.0,0.0,0.0,0.0,0.0
01-03 21,London FIR,0.0015,0.0,0.0,0.0099,0.0099
01-03 21,Madrid FIR,0.0376,0.0008,0.0,0.1,0.1
01-03 21,Malta FIR,0.0004,0.0,0.0,0.0794,0.0794
01-03 21,Marseille FIR,0.0,0.0,0.0,0.0444,0.0444
01-03 21,Milano FIR,0.046,0.0,0.0,0.1082,0.1082
01-03 21,Munchen FIR,0.0,0.0,0.0,0.0156,0.0156
01-03 21,Paris FIR,0.0,0.0,0.0,0.0,0.0
01-03 21,Polaris FIR,0.0622,0.0156,0.0,0.115,0.115
01-03 21,Praha FIR,0.0,0.0,0.0,0.0038,0.0038
01-03 21,Reims FIR,0.0,0.0,0.0,0.0,0.0
01-03 21,Reykjavik FIR,0.0445,0.0208,0.0,0.0722,0.0722
01-03 21,Riga FIR,0.0352,0.0,0.0,0.0829,0.0829
01-03 21,Roma FIR,0.0021,0.0006,0.0,0.1105,0.1105
01-03 21,Santa Maria FIR,0.03,0.0063,0.0,0.0762,0.0762
01-03 21,Sarajevo FIR,0.0,0.0,0.0,0.0694,0.0694
01-03 21,Scottish FIR,0.0518,0.0142,0.0,0.0872,0.0872
01-03 21,Shannon FIR,0.0016,0.0,0.0,0.0031,0.0031
01-03 21,Skopje FIR,0.0063,0.0,0.0,0.0215,0.0215
01-03 21,Sofia FIR,0.0,0.0,0.0,0.0,0.0
01-03 21,Sweden FIR,0.0067,0.0007,0.0,0.0205,0.0205
01-03 21,Switzerland FIR,0.0,0.0,0.0,0.0,0.0
01-03 21,Tallinn FIR,0.0,0.0,0.0,0.0,0.0
01-03 21,Tirana FIR,0.0009,0.0,0.0,0.0558,0.0558
01-03 21,Vilnius FIR,0.0357,0.0,0.0,0.0742,0.0742
01-03 21,Warszawa FIR,0.0053,0.0,0.0,0.013,0.013
01-03 21,Wien FIR,0.0,0.0,0.0,0.0,0.0
01-03 21,Zagreb FIR,0.0003,0.0,0.0,0.1612,0.1612
01-03 22,Global,0.0218,0.0047,0.0212,0.0821,0.0609
01-03 22,Europe,0.0191,0.0019,0.0,0.0611,0.0611
01-03 22,European Airspace,0.0236,0.0041,0.0,0.0618,0.0618
01-03 22,Africa Middle East,0.0228,0.0068,0.0,0.0507,0.0507
01-03 22,East Asia,0.0,0.0,0.0014,0.0066,0.0052
01-03 22,Southeast Asia,0.0123,0.0003,0.0434,0.1257,0.0823
01-03 22,India,0.0089,0.0009,0.0015,0.0369,0.0354
01-03 22,China,0.0021,0.0,0.0079,0.0456,0.0377
01-03 22,Latin America,0.0382,0.0117,0.011,0.0965,0.0855
01-03 22,USA,0.0212,0.0041,0.0087,0.0598,0.0512
01-03 22,North Atlantic,0.0195,0.003,0.0,0.0549,0.0549
01-03 22,North Pacific,0.0181,0.005,0.0333,0.082,0.0486
01-03 22,Amsterdam FIR,0.0137,0.0016,0.0,0.0211,0.0211
01-03 22,Athinai FIR,0.0362,0.0018,0.0,0.1063,0.1063
01-03 22,Barcelona FIR,0.0199,0.0032,0.0,0.0986,0.0986
01-03 22,Beograd FIR,0.0,0.0,0.0,0.012,0.012
01-03 22,Bordeaux FIR,0.0,0.0,0.0,0.0322,0.0322
01-03 22,Bratislava  FIR,0.0012,0.0,0.0,0.0137,0.0137
01-03 22,Bremen FIR,0.0095,0.0,0.0,0.0172,0.0172
01-03 22,Brest FIR,0.0,0.0,0.0,0.0024,0.0024
01-03 22,Brindisi FIR,0.0237,0.0023,0.0,0.0943,0.0943
01-03 22,Brussels FIR,0.0,0.0,0.0,0.0,0.0
01-03 22,Bucarest FIR,0.0,0.0,0.0,0.0009,0.0009
01-03 22,Budapest FIR,0.0,0.0,0.0,0.0067,0.0067
01-03 22,Canarias FIR,0.0032,0.0,0.0,0.0146,0.0146
01-03 22,Chisinau FIR,0.0,0.0,0.0,0.0,0.0
01-03 22,Copenhagen FIR,0.0655,0.0068,0.0,0.1094,0.1094
01-03 22,Helsinki FIR,0.0053,0.0004,0.0,0.0795,0.0795
01-03 22,Langen FIR,0.0014,0.0,0.0,0.0042,0.0042
01-03 22,Lisboa FIR,0.0255,0.0002,0.0,0.0608,0.0608
01-03 22,Ljubljana FIR,0.0,0.0,0.0,0.0,0.0
01-03 22,London FIR,0.0007,0.0,0.0,0.0059,0.0059
01-03 22,Madrid FIR,0.0407,0.0011,0.0,0.1012,0.1012
01-03 22,Malta FIR,0.0,0.0,0.0,0.0756,0.0756
01-03 22,Marseille FIR,0.0,0.0,0.0,0.0371,0.0371
01-03 22,Milano FIR,0.0303,0.0,0.0,0.0793,0.0793
01-03 22,Munchen FIR,0.0,0.0,0.0,0.0042,0.0042
01-03 22,Paris FIR,0.0,0.0,0.0,0.0,0.0
01-03 22,Polaris FIR,0.0641,0.0164,0.0,0.1151,0.1151
01-03 22,Praha FIR,0.0,0.0,0.0,0.0176,0.0176
01-03 22,Reims FIR,0.0,0.0,0.0,0.0,0.0
01-03 22,Reykjavik FIR,0.0405,0.0197,0.0,0.069,0.069
01-03 22,Riga FIR,0.0478,0.0,0.0,0.084,0.084
01-03 22,Roma FIR,0.002,0.0005,0.0,0.0736,0.0736
01-03 22,Santa Maria FIR,0.0315,0.0055,0.0,0.0792,0.0792
01-03 22,Sarajevo FIR,0.0,0.0,0.0,0.0831,0.0831
01-03 22,Scottish FIR,0.0519,0.0134,0.0,0.0801,0.0801
01-03 22,Shannon FIR,0.0017,0.0,0.0,0.0019,0.0019
01-03 22,Skopje FIR,0.0,0.0,0.0,0.0165,0.0165
01-03 22,Sofia FIR,0.0,0.0,0.0,0.0,0.0
01-03 22,Sweden FIR,0.0042,0.0003,0.0,0.0203,0.0203
01-03 22,Switzerland FIR,0.0,0.0,0.0,0.0,0.0
01-03 22,Tallinn FIR,0.0,0.0,0.0,0.0,0.0
01-03 22,Tirana FIR,0.0045,0.0,0.0,0.1075,0.1075
01-03 22,Vilnius FIR,0.0283,0.0,0.0,0.0652,0.0652
01-03 22,Warszawa FIR,0.0058,0.0,0.0,0.0159,0.0159
01-03 22,Wien FIR,0.0,0.0,0.0,0.004,0.004
01-03 22,Zagreb FIR,0.0059,0.0,0.0,0.1066,0.1066
01-03 23,Global,0.0214,0.0047,0.0221,0.0823,0.0602
01-03 23,Europe,0.0197,0.0018,0.0,0.0596,0.0596
01-03 23,European Airspace,0.0231,0.0038,0.0,0.0613,0.0613
01-03 23,Africa Middle East,0.0225,0.0059,0.0002,0.0515,0.0513
01-03 23,East Asia,0.0,0.0,0.0025,0.0065,0.004
01-03 23,Southeast Asia,0.0091,0.0003,0.064,0.123,0.0591
01-03 23,India,0.0052,0.0007,0.0039,0.0368,0.0329
01-03 23,China,0.0005,0.0,0.0144,0.0436,0.0292
01-03 23,Latin America,0.0416,0.0131,0.0052,0.0991,0.094
01-03 23,USA,0.0227,0.0044,0.0043,0.0617,0.0574
01-03 23,North Atlantic,0.0206,0.0032,0.0,0.0591,0.0591
01-03 23,North Pacific,0.0198,0.0051,0.0297,0.0808,0.0511
01-03 23,Amsterdam FIR,0.0198,0.003,0.0,0.0261,0.0261
01-03 23,Athinai FIR,0.0334,0.0009,0.0,0.1204,0.1204
01-03 23,Barcelona FIR,0.0134,0.0,0.0,0.1135,0.1135
01-03 23,Beograd FIR,0.0,0.0,0.0,0.007,0.007
01-03 23,Bordeaux FIR,0.0,0.0,0.0,0.0253,0.0253
01-03 23,Bratislava  FIR,0.0036,0.0,0.0,0.0251,0.0251
01-03 23,Bremen FIR,0.0122,0.0,0.0,0.0202,0.0202
01-03 23,Brest FIR,0.0,0.0,0.0,0.0111,0.0111
01-03 23,Brindisi FIR,0.0019,0.0,0.0,0.0458,0.0458
01-03 23,Brussels FIR,0.0,0.0,0.0,0.0,0.0
01-03 23,Bucarest FIR,0.0,0.0,0.0,0.0009,0.0009
01-03 23,Budapest FIR,0.0,0.0,0.0,0.0039,0.0039
01-03 23,Canarias FIR,0.0013,0.0,0.0,0.0152,0.0152
01-03 23,Chisinau FIR,0.0,0.0,0.0,0.0,0.0
01-03 23,Copenhagen FIR,0.0718,0.0094,0.0,0.124,0.124
01-03 23,Helsinki FIR,0.003,0.0001,0.0,0.0799,0.0799
01-03 23,Langen FIR,0.0012,0.0,0.0,0.0023,0.0023
01-03 23,Lisboa FIR,0.0267,0.0021,0.0,0.0571,0.0571
01-03 23,Ljubljana FIR,0.0,0.0,0.0,0.0,0.0
01-03 23,London FIR,0.0007,0.0001,0.0,0.0048,0.0048
01-03 23,Madrid FIR,0.0543,0.0035,0.0,0.1117,0.1117
01-03 23,Malta FIR,0.0,0.0,0.0,0.0534,0.0534
01-03 23,Marseille FIR,0.0,0.0,0.0,0.0449,0.0449
01-03 23,Milano FIR,0.0147,0.0,0.0,0.0506,0.0506
01-03 23,Munchen FIR,0.0003,0.0,0.0,0.0189,0.0189
01-03 23,Paris FIR,0.0,0.0,0.0,0.0,0.0
01-03 23,Polaris FIR,0.0673,0.0166,0.0,0.1144,0.1144
01-03 23,Praha FIR,0.0,0.0,0.0,0.0365,0.0365
01-03 23,Reims FIR,0.0,0.0,0.0,0.0,0.0
01-03 23,Reykjavik FIR,0.0373,0.0191,0.0,0.0643,0.0643
01-03 23,Riga FIR,0.0526,0.0,0.0,0.0802,0.0802
01-03 23,Roma FIR,0.0026,0.0,0.0,0.063,0.063
01-03 23,Santa Maria FIR,0.0291,0.0039,0.0,0.0824,0.0824
01-03 23,Sarajevo FIR,0.0,0.0,0.0,0.1112,0.1112
01-03 23,Scottish FIR,0.0535,0.0125,0.0,0.0777,0.0777
01-03 23,Shannon FIR,0.0016,0.0,0.0,0.0017,0.0017
01-03 23,Skopje FIR,0.0,0.0,0.0,0.014,0.014
01-03 23,Sofia FIR,0.0,0.0,0.0,0.0,0.0
01-03 23,Sweden FIR,0.0033,0.0001,0.0,0.0188,0.0188
01-03 23,Switzerland FIR,0.0,0.0,0.0,0.0,0.0
01-03 23,Tallinn FIR,0.0,0.0,0.0,0.0,0.0
01-03 23,Tirana FIR,0.0197,0.0,0.0,0.1227,0.1227
01-03 23,Vilnius FIR,0.0178,0.0,0.0,0.0446,0.0446
01-03 23,Warszawa FIR,0.0074,0.0,0.0,0.0213,0.0213
01-03 23,Wien FIR,0.0,0.0,0.0,0.002,0.002
01-03 23,Zagreb FIR,0.0105,0.0,0.0,0.0823,0.0823
01-04 00,Global,0.0213,0.0049,0.0232,0.0823,0.0591
01-04 00,Europe,0.0204,0.0018,0.0,0.0598,0.0598
01-04 00,European Airspace,0.0221,0.0034,0.0001,0.0602,0.0602
01-04 00,Africa Middle East,0.0209,0.0043,0.0004,0.0515,0.0511
01-04 00,East Asia,0.0,0.0,0.0037,0.0058,0.0021
01-04 00,Southeast Asia,0.0098,0.0004,0.0769,0.1213,0.0444
01-04 00,India,0.004,0.0009,0.0099,0.0368,0.0269
01-04 00,China,0.0004,0.0001,0.0212,0.0404,0.0193
01-04 00,Latin America,0.0436,0.0134,0.002,0.1009,0.0989
01-04 00,USA,0.0229,0.0045,0.0015,0.0619,0.0604
01-04 00,North Atlantic,0.022,0.0028,0.0,0.0644,0.0644
01-04 00,North Pacific,0.0229,0.006,0.0235,0.0794,0.0559
01-04 00,Amsterdam FIR,0.0225,0.0022,0.0,0.0297,0.0297
01-04 00,Athinai FIR,0.0289,0.0,0.0,0.1184,0.1184
01-04 00,Barcelona FIR,0.0099,0.0,0.0,0.1174,0.1174
01-04 00,Beograd FIR,0.0,0.0,0.0,0.0157,0.0157
01-04 00,Bordeaux FIR,0.0009,0.0,0.0,0.0352,0.0352
01-04 00,Bratislava  FIR,0.0,0.0,0.0,0.0215,0.0215
01-04 00,Bremen FIR,0.0124,0.0,0.0,0.0276,0.0276
01-04 00,Brest FIR,0.003,0.0,0.0,0.0268,0.0268
01-04 00,Brindisi FIR,0.0,0.0,0.0,0.011,0.011
01-04 00,Brussels FIR,0.0,0.0,0.0,0.0,0.0
01-04 00,Bucarest FIR,0.0,0.0,0.0,0.0034,0.0034
01-04 00,Budapest FIR,0.0,0.0,0.0,0.0027,0.0027
01-04 00,Canarias FIR,0.0015,0.0,0.0,0.0154,0.0154
01-04 00,Chisinau FIR,0.0,0.0,0.0,0.0,0.0
01-04 00,Copenhagen FIR,0.0743,0.0127,0.0,0.1383,0.1383
01-04 00,Helsinki FIR,0.0014,0.0,0.0,0.0737,0.0737
01-04 00,Langen FIR,0.0,0.0,0.0,0.0007,0.0007
01-04 00,Lisboa FIR,0.033,0.0045,0.0,0.0685,0.0685
01-04 00,Ljubljana FIR,0.0,0.0,0.0,0.0,0.0
01-04 00,London FIR,0.0002,0.0001,0.0,0.0071,0.0071
01-04 00,Madrid FIR,0.0759,0.0069,0.0,0.1343,0.1343
01-04 00,Malta FIR,0.0,0.0,0.0,0.0497,0.0497
01-04 00,Marseille FIR,0.0003,0.0,0.0,0.0699,0.0699
01-04 00,Milano FIR,0.0087,0.0007,0.0,0.0197,0.0197
01-04 00,Munchen FIR,0.0013,0.0,0.0,0.0186,0.0186
01-04 00,Paris FIR,0.0,0.0,0.0,0.0,0.0
01-04 00,Polaris FIR,0.0685,0.0145,0.0,0.1132,0.1132
01-04 00,Praha FIR,0.0,0.0,0.0,0.0431,0.0431
01-04 00,Reims FIR,0.0,0.0,0.0,0.0,0.0
01-04 00,Reykjavik FIR,0.0349,0.0185,0.0,0.0594,0.0594
01-04 00,Riga FIR,0.0489,0.0,0.0,0.0732,0.0732
01-04 00,Roma FIR,0.0017,0.0,0.0,0.0599,0.0599
01-04 00,Santa Maria FIR,0.0259,0.0023,0.0,0.0833,0.0833
01-04 00,Sarajevo FIR,0.0,0.0,0.0,0.1124,0.1124
01-04 00,Scottish FIR,0.0511,0.0097,0.0,0.0784,0.0784
01-04 00,Shannon FIR,0.0011,0.0,0.0,0.0015,0.0015
01-04 00,Skopje FIR,0.0,0.0,0.0,0.0,0.0
01-04 00,Sofia FIR,0.0,0.0,0.0,0.0,0.0
01-04 00,Sweden FIR,0.0019,0.0002,0.0,0.0168,0.0168
01-04 00,Switzerland FIR,0.0,0.0,0.0,0.0,0.0
01-04 00,Tallinn FIR,0.0,0.0,0.0,0.0,0.0
01-04 00,Tirana FIR,0.0,0.0,0.0,0.049,0.049
01-04 00,Vilnius FIR,0.0134,0.0,0.0,0.0339,0.0339
01-04 00,Warszawa FIR,0.0095,0.0,0.0,0.0257,0.0257
01-04 00,Wien FIR,0.0,0.0,0.0,0.0007,0.0007
01-04 00,Zagreb FIR,0.0153,0.0,0.0,0.0514,0.0514
01-04 01,Global,0.0213,0.0051,0.0237,0.0819,0.0582
01-04 01,Europe,0.0225,0.0018,0.0,0.0609,0.0609
01-04 01,European Airspace,0.0203,0.0029,0.0003,0.058,0.0578
01-04 01,Africa Middle East,0.0175,0.0026,0.0011,0.0512,0.0501
01-04 01,East Asia,0.0,0.0,0.0045,0.0051,0.0006
01-04 01,Southeast Asia,0.0109,0.0005,0.0749,0.12,0.0451
01-04 01,India,0.0042,0.0011,0.0163,0.0373,0.021
01-04 01,China,0.0006,0.0001,0.0265,0.0381,0.0117
01-04 01,Latin America,0.044,0.0128,0.0003,0.102,0.1017
01-04 01,USA,0.0229,0.0049,0.0008,0.0617,0.0609
01-04 01,North Atlantic,0.0233,0.0024,0.0,0.0666,0.0666
01-04 01,North Pacific,0.0256,0.0067,0.0163,0.0781,0.0618
01-04 01,Amsterdam FIR,0.0239,0.0003,0.0,0.0311,0.0311
01-04 01,Athinai FIR,0.0205,0.0,0.0,0.1098,0.1098
01-04 01,Barcelona FIR,0.0257,0.0,0.0,0.1158,0.1158
01-04 01,Beograd FIR,0.0,0.0,0.0,0.0287,0.0287
01-04 01,Bordeaux FIR,0.0,0.0,0.0,0.0292,0.0292
01-04 01,Bratislava  FIR,0.0,0.0,0.0,0.0269,0.0269
01-04 01,Bremen FIR,0.0114,0.0,0.0,0.032,0.032
01-04 01,Brest FIR,0.021,0.0024,0.0,0.067,0.067
01-04 01,Brindisi FIR,0.0,0.0,0.0,0.0134,0.0134
01-04 01,Brussels FIR,0.0,0.0,0.0,0.0,0.0
01-04 01,Bucarest FIR,0.0,0.0,0.0,0.0014,0.0014
01-04 01,Budapest FIR,0.0,0.0,0.0,0.0076,0.0076
01-04 01,Canarias FIR,0.0016,0.0,0.0,0.0142,0.0142
01-04 01,Chisinau FIR,0.0,0.0,0.0,0.0041,0.0041
01-04 01,Copenhagen FIR,0.0812,0.0149,0.0,0.1458,0.1458
01-04 01,Helsinki FIR,0.0016,0.0,0.0,0.0548,0.0548
01-04 01,Langen FIR,0.0,0.0,0.0,0.0002,0.0002
01-04 01,Lisboa FIR,0.0443,0.0075,0.0,0.0852,0.0852
01-04 01,Ljubljana FIR,0.0,0.0,0.0,0.0,0.0
01-04 01,London FIR,0.0001,0.0001,0.0,0.0115,0.0115
01-04 01,Madrid FIR,0.083,0.0072,0.0,0.1511,0.1511
01-04 01,Malta FIR,0.0,0.0,0.0,0.0317,0.0317
01-04 01,Marseille FIR,0.0001,0.0,0.0,0.0684,0.0684
01-04 01,Milano FIR,0.0009,0.0,0.0,0.0026,0.0026
01-04 01,Munchen FIR,0.0018,0.0,0.0,0.0153,0.0153
01-04 01,Paris FIR,0.0,0.0,0.0,0.0,0.0
01-04 01,Polaris FIR,0.0687,0.0124,0.0,0.1121,0.1121
01-04 01,Praha FIR,0.0,0.0,0.0,0.0426,0.0426
01-04 01,Reims FIR,0.0,0.0,0.0,0.0,0.0
01-04 01,Reykjavik FIR,0.0338,0.0169,0.0,0.0562,0.0562
01-04 01,Riga FIR,0.0416,0.0,0.0,0.0657,0.0657
01-04 01,Roma FIR,0.0002,0.0,0.0,0.0581,0.0581
01-04 01,Santa Maria FIR,0.0238,0.0015,0.0,0.0865,0.0865
01-04 01,Sarajevo FIR,0.0155,0.0,0.0,0.154,0.154
01-04 01,Scottish FIR,0.0467,0.0067,0.0,0.0742,0.0742
01-04 01,Shannon FIR,0.001,0.0,0.0,0.0011,0.0011
01-04 01,Skopje FIR,0.0,0.0,0.0,0.0,0.0
01-04 01,Sofia FIR,0.0,0.0,0.0,0.0,0.0
01-04 01,Sweden FIR,0.0011,0.0,0.0,0.0114,0.0114
01-04 01,Switzerland FIR,0.0,0.0,0.0,0.0,0.0
01-04 01,Tallinn FIR,0.0,0.0,0.0,0.0,0.0
01-04 01,Tirana FIR,0.0,0.0,0.0,0.0078,0.0078
01-04 01,Vilnius FIR,0.0119,0.0,0.0,0.038,0.038
01-04 01,Warszawa FIR,0.0105,0.0,0.0,0.0317,0.0317
01-04 01,Wien FIR,0.0,0.0,0.0,0.0007,0.0007
01-04 01,Zagreb FIR,0.0231,0.0,0.0,0.0542,0.0542
01-04 02,Global,0.0211,0.0053,0.0235,0.0814,0.058
01-04 02,Europe,0.0233,0.0019,0.0,0.0605,0.0605
01-04 02,European Airspace,0.0175,0.0026,0.0011,0.0545,0.0534
01-04 02,Africa Middle East,0.0123,0.0014,0.0039,0.0506,0.0468
01-04 02,East Asia,0.0,0.0,0.0047,0.0053,0.0005
01-04 02,Southeast Asia,0.0112,0.0009,0.068,0.1173,0.0493
01-04 02,India,0.0045,0.0014,0.0205,0.0366,0.0161
01-04 02,China,0.0011,0.0002,0.0282,0.0365,0.0083
01-04 02,Latin America,0.0435,0.0118,0.0006,0.1029,0.1024
01-04 02,USA,0.0229,0.0053,0.0,0.0607,0.0607
01-04 02,North Atlantic,0.0239,0.0022,0.0,0.0673,0.0673
01-04 02,North Pacific,0.0268,0.0071,0.0098,0.077,0.0672
01-04 02,Amsterdam FIR,0.022,0.0,0.0,0.03,0.03
01-04 02,Athinai FIR,0.0086,0.0,0.0,0.0788,0.0788
01-04 02,Barcelona FIR,0.0391,0.0,0.0,0.1277,0.1277
01-04 02,Beograd FIR,0.0046,0.0,0.0,0.0547,0.0547
01-04 02,Bordeaux FIR,0.0,0.0,0.0,0.0177,0.0177
01-04 02,Bratislava  FIR,0.0,0.0,0.0,0.0263,0.0263
01-04 02,Bremen FIR,0.0122,0.0,0.0,0.0346,0.0346
01-04 02,Brest FIR,0.0396,0.0048,0.0,0.1168,0.1168
01-04 02,Brindisi FIR,0.0017,0.0,0.0,0.036,0.036
01-04 02,Brussels FIR,0.0,0.0,0.0,0.0,0.0
01-04 02,Bucarest FIR,0.0,0.0,0.0,0.0036,0.0036
01-04 02,Budapest FIR,0.0,0.0,0.0,0.0055,0.0055
01-04 02,Canarias FIR,0.0016,0.0,0.0,0.0117,0.0117
01-04 02,Chisinau FIR,0.0,0.0,0.0,0.009,0.009
01-04 02,Copenhagen FIR,0.0889,0.0118,0.0,0.1514,0.1514
01-04 02,Helsinki FIR,0.001,0.0,0.0,0.0423,0.0423
01-04 02,Langen FIR,0.0,0.0,0.0,0.0024,0.0024
01-04 02,Lisboa FIR,0.0544,0.0089,0.0,0.1023,0.1023
01-04 02,Ljubljana FIR,0.0,0.0,0.0,0.0,0.0
01-04 02,London FIR,0.0001,0.0,0.0,0.0157,0.0157
01-04 02,Madrid FIR,0.0759,0.0086,0.0,0.1445,0.1445
01-04 02,Malta FIR,0.0,0.0,0.0,0.0187,0.0187
01-04 02,Marseille FIR,0.0,0.0,0.0,0.0561,0.0561
01-04 02,Milano FIR,0.0,0.0,0.0,0.0,0.0
01-04 02,Munchen FIR,0.0047,0.0,0.0,0.0122,0.0122
01-04 02,Paris FIR,0.0,0.0,0.0,0.0,0.0
01-04 02,Polaris FIR,0.0678,0.011,0.0,0.1098,0.1098
01-04 02,Praha FIR,0.0014,0.0,0.0,0.0355,0.0355
01-04 02,Reims FIR,0.0,0.0,0.0,0.0,0.0
01-04 02,Reykjavik FIR,0.0339,0.0161,0.0,0.0537,0.0537
01-04 02,Riga FIR,0.0279,0.0,0.0,0.0579,0.0579
01-04 02,Roma FIR,0.0,0.0,0.0001,0.0438,0.0437
01-04 02,Santa Maria FIR,0.0263,0.0012,0.0,0.0913,0.0913
01-04 02,Sarajevo FIR,0.0325,0.0006,0.0,0.1562,0.1562
01-04 02,Scottish FIR,0.0416,0.0035,0.0,0.0652,0.0652
01-04 02,Shannon FIR,0.0007,0.0,0.0,0.0009,0.0009
01-04 02,Skopje FIR,0.0,0.0,0.0,0.0303,0.0303
01-04 02,Sofia FIR,0.0,0.0,0.0,0.0007,0.0007
01-04 02,Sweden FIR,0.0006,0.0,0.0,0.0071,0.0071
01-04 02,Switzerland FIR,0.0,0.0,0.0,0.0,0.0
01-04 02,Tallinn FIR,0.0,0.0,0.0,0.0,0.0
01-04 02,Tirana FIR,0.0,0.0,0.0,0.0156,0.0156
01-04 02,Vilnius FIR,0.0153,0.0,0.0,0.0436,0.0436
01-04 02,Warszawa FIR,0.0096,0.0,0.0,0.0358,0.0358
01-04 02,Wien FIR,0.0,0.0,0.0,0.0027,0.0027
01-04 02,Zagreb FIR,0.0105,0.0008,0.0,0.0247,0.0247
01-04 03,Global,0.0209,0.0055,0.0233,0.0809,0.0575
01-04 03,Europe,0.0246,0.0021,0.0001,0.0629,0.0628
01-04 03,European Airspace,0.015,0.0025,0.0024,0.0524,0.05
01-04 03,Africa Middle East,0.0077,0.0007,0.01,0.0498,0.0399
01-04 03,East Asia,0.0,0.0,0.005,0.0058,0.0008
01-04 03,Southeast Asia,0.0116,0.0017,0.0627,0.114,0.0513
01-04 03,India,0.0049,0.0014,0.0203,0.0355,0.0152
01-04 03,China,0.0019,0.0003,0.03,0.0358,0.0057
01-04 03,Latin America,0.0416,0.0107,0.0015,0.1033,0.1018
01-04 03,USA,0.023,0.0059,0.0,0.0605,0.0605
01-04 03,North Atlantic,0.0239,0.0018,0.0,0.07,0.07
01-04 03,North Pacific,0.0266,0.0072,0.0066,0.0754,0.0688
01-04 03,Amsterdam FIR,0.0185,0.0,0.0,0.0284,0.0284
01-04 03,Athinai FIR,0.0002,0.0,0.0,0.0597,0.0597
01-04 03,Barcelona FIR,0.0486,0.0,0.0,0.1454,0.1454
01-04 03,Beograd FIR,0.006,0.0,0.0003,0.0912,0.0909
01-04 03,Bordeaux FIR,0.0023,0.0004,0.0,0.017,0.017
01-04 03,Bratislava  FIR,0.0,0.0,0.0,0.0345,0.0345
01-04 03,Bremen FIR,0.0101,0.0,0.0,0.0338,0.0338
01-04 03,Brest FIR,0.0677,0.0031,0.0,0.1727,0.1727
01-04 03,Brindisi FIR,0.0,0.0,0.0,0.0269,0.0269
01-04 03,Brussels FIR,0.0,0.0,0.0,0.0,0.0
01-04 03,Bucarest FIR,0.0002,0.0,0.0,0.0044,0.0044
01-04 03,Budapest FIR,0.0,0.0,0.0,0.0074,0.0074
01-04 03,Canarias FIR,0.0013,0.0001,0.0,0.0112,0.0112
01-04 03,Chisinau FIR,0.0,0.0,0.0,0.0041,0.0041
01-04 03,Copenhagen FIR,0.101,0.0082,0.0,0.1591,0.1591
01-04 03,Helsinki FIR,0.0008,0.0,0.0,0.0348,0.0348
01-04 03,Langen FIR,0.0,0.0,0.0,0.0,0.0
01-04 03,Lisboa FIR,0.0798,0.0124,0.0002,0.1399,0.1397
01-04 03,Ljubljana FIR,0.0,0.0,0.0,0.0,0.0
01-04 03,London FIR,0.0004,0.0,0.0,0.0197,0.0197
01-04 03,Madrid FIR,0.0646,0.008,0.0003,0.1323,0.1321
01-04 03,Malta FIR,0.0,0.0,0.0,0.016,0.016
01-04 03,Marseille FIR,0.0002,0.0,0.0,0.0592,0.0592
01-04 03,Milano FIR,0.0,0.0,0.0,0.0,0.0
01-04 03,Munchen FIR,0.0057,0.0,0.0,0.014,0.014
01-04 03,Paris FIR,0.0,0.0,0.0,0.0,0.0
01-04 03,Polaris FIR,0.066,0.0095,0.0,0.1122,0.1122
01-04 03,Praha FIR,0.0007,0.0,0.0007,0.0287,0.028
01-04 03,Reims FIR,0.0,0.0,0.0,0.0,0.0
01-04 03,Reykjavik FIR,0.0341,0.0159,0.0,0.0523,0.0523
01-04 03,Riga FIR,0.0113,0.0,0.0,0.0545,0.0545
01-04 03,Roma FIR,0.0,0.0,0.0002,0.0255,0.0254
01-04 03,Santa Maria FIR,0.0286,0.0007,0.0,0.0951,0.0951
01-04 03,Sarajevo FIR,0.0182,0.0,0.0,0.0891,0.0891
01-04 03,Scottish FIR,0.0394,0.0021,0.0,0.0611,0.0611
01-04 03,Shannon FIR,0.0007,0.0,0.0,0.0009,0.0009
01-04 03,Skopje FIR,0.0,0.0,0.0,0.039,0.039
01-04 03,Sofia FIR,0.0,0.0,0.0,0.0049,0.0049
01-04 03,Sweden FIR,0.0002,0.0,0.0,0.0059,0.0059
01-04 03,Switzerland FIR,0.0,0.0,0.0,0.0,0.0
01-04 03,Tallinn FIR,0.0,0.0,0.0,0.0,0.0
01-04 03,Tirana FIR,0.0,0.0,0.0,0.0078,0.0078
01-04 03,Vilnius FIR,0.007,0.0,0.0,0.0438,0.0438
01-04 03,Warszawa FIR,0.0077,0.0,0.0002,0.0382,0.038
01-04 03,Wien FIR,0.0,0.0,0.0,0.0007,0.0007
01-04 03,Zagreb FIR,0.0,0.0,0.0,0.0,0.0
01-04 04,Global,0.0207,0.0057,0.0233,0.0803,0.057
01-04 04,Europe,0.0227,0.0015,0.0007,0.0639,0.0632
01-04 04,European Airspace,0.0131,0.0021,0.0049,0.0504,0.0455
01-04 04,Africa Middle East,0.0051,0.0004,0.0185,0.0485,0.03
01-04 04,East Asia,0.0,0.0,0.0056,0.0061,0.0005
01-04 04,Southeast Asia,0.013,0.0033,0.0594,0.1122,0.0528
01-04 04,India,0.0048,0.0014,0.0185,0.0347,0.0162
01-04 04,China,0.003,0.0007,0.03,0.0361,0.0062
01-04 04,Latin America,0.0383,0.0082,0.003,0.103,0.1
01-04 04,USA,0.0236,0.0066,0.0,0.0609,0.0609
01-04 04,North Atlantic,0.0228,0.0013,0.0,0.0722,0.0722
01-04 04,North Pacific,0.0253,0.0069,0.0029,0.0727,0.0698
01-04 04,Amsterdam FIR,0.0141,0.0,0.0,0.0262,0.0262
01-04 04,Athinai FIR,0.0,0.0,0.0041,0.0453,0.0411
01-04 04,Barcelona FIR,0.0257,0.0,0.0009,0.1464,0.1455
01-04 04,Beograd FIR,0.0006,0.0,0.0069,0.0839,0.0771
01-04 04,Bordeaux FIR,0.0154,0.0011,0.0,0.0585,0.0585
01-04 04,Bratislava  FIR,0.0006,0.0,0.0006,0.0297,0.0291
01-04 04,Bremen FIR,0.0059,0.0,0.0,0.0343,0.0343
01-04 04,Brest FIR,0.0623,0.0001,0.0,0.191,0.191
01-04 04,Brindisi FIR,0.0,0.0,0.0006,0.0062,0.0056
01-04 04,Brussels FIR,0.0,0.0,0.0,0.0,0.0
01-04 04,Bucarest FIR,0.0017,0.0,0.0004,0.0132,0.0128
01-04 04,Budapest FIR,0.0,0.0,0.0,0.0074,0.0074
01-04 04,Canarias FIR,0.0011,0.0001,0.0,0.0055,0.0055
01-04 04,Chisinau FIR,0.0,0.0,0.0,0.0,0.0
01-04 04,Copenhagen FIR,0.1087,0.005,0.0,0.1639,0.1639
01-04 04,Helsinki FIR,0.0016,0.0,0.0,0.0243,0.0243
01-04 04,Langen FIR,0.0,0.0,0.0,0.0,0.0
01-04 04,Lisboa FIR,0.0999,0.0121,0.0005,0.1698,0.1693
01-04 04,Ljubljana FIR,0.0,0.0,0.0,0.0,0.0
01-04 04,London FIR,0.0006,0.0,0.0,0.0242,0.0242
01-04 04,Madrid FIR,0.0502,0.003,0.0041,0.1261,0.1219
01-04 04,Malta FIR,0.0,0.0,0.0007,0.0148,0.0141
01-04 04,Marseille FIR,0.0021,0.0,0.0,0.0728,0.0728
01-04 04,Milano FIR,0.0,0.0,0.0,0.0,0.0
01-04 04,Munchen FIR,0.0039,0.0,0.0,0.0065,0.0065
01-04 04,Paris FIR,0.0,0.0,0.0,0.0004,0.0004
01-04 04,Polaris FIR,0.062,0.0083,0.0001,0.115,0.1149
01-04 04,Praha FIR,0.0003,0.0,0.0007,0.0234,0.0227
01-04 04,Reims FIR,0.0,0.0,0.0,0.0,0.0
01-04 04,Reykjavik FIR,0.0331,0.0146,0.0,0.0506,0.0506
01-04 04,Riga FIR,0.0,0.0,0.0041,0.0616,0.0575
01-04 04,Roma FIR,0.0,0.0,0.0002,0.0169,0.0167
01-04 04,Santa Maria FIR,0.0269,0.0004,0.0002,0.0994,0.0992
01-04 04,Sarajevo FIR,0.0,0.0,0.0,0.0139,0.0139
01-04 04,Scottish FIR,0.0382,0.001,0.0,0.0586,0.0586
01-04 04,Shannon FIR,0.0001,0.0,0.0,0.001,0.001
01-04 04,Skopje FIR,0.0,0.0,0.0,0.0351,0.0351
01-04 04,Sofia FIR,0.0,0.0,0.0015,0.0208,0.0193
01-04 04,Sweden FIR,0.0,0.0,0.0,0.0076,0.0076
01-04 04,Switzerland FIR,0.0,0.0,0.0,0.0,0.0
01-04 04,Tallinn FIR,0.0,0.0,0.0,0.0,0.0
01-04 04,Tirana FIR,0.0,0.0,0.0027,0.0036,0.0009
01-04 04,Vilnius FIR,0.0048,0.0,0.0,0.0462,0.0462
01-04 04,Warszawa FIR,0.0052,0.0,0.0002,0.0413,0.041
01-04 04,Wien FIR,0.0,0.0,0.0,0.0,0.0
01-04 04,Zagreb FIR,0.0,0.0,0.0,0.0,0.0
01-04 05,Global,0.021,0.0058,0.0228,0.0796,0.0568
01-04 05,Europe,0.0184,0.0004,0.0027,0.066,0.0633
01-04 05,European Airspace,0.0113,0.0015,0.0079,0.0486,0.0407
01-04 05,Africa Middle East,0.0043,0.0004,0.0246,0.0472,0.0227
01-04 05,East Asia,0.0001,0.0,0.0064,0.0069,0.0006
01-04 05,Southeast Asia,0.0169,0.0059,0.0579,0.1107,0.0528
01-04 05,India,0.0042,0.0016,0.0175,0.0337,0.0162
01-04 05,China,0.0042,0.0014,0.0292,0.0374,0.0082
01-04 05,Latin America,0.034,0.0054,0.0054,0.1031,0.0976
01-04 05,USA,0.0243,0.0068,0.0,0.0611,0.0611
01-04 05,North Atlantic,0.0199,0.0007,0.0002,0.0733,0.073
01-04 05,North Pacific,0.024,0.0063,0.0011,0.0709,0.0698
01-04 05,Amsterdam FIR,0.0071,0.0,0.0,0.0292,0.0292
01-04 05,Athinai FIR,0.0,0.0,0.0167,0.0388,0.0221
01-04 05,Barcelona FIR,0.0013,0.0,0.0193,0.1181,0.0988
01-04 05,Beograd FIR,0.0,0.0,0.0017,0.028,0.0263
01-04 05,Bordeaux FIR,0.0128,0.0,0.0002,0.1032,0.103
01-04 05,Bratislava  FIR,0.0,0.0,0.0006,0.0226,0.022
01-04 05,Bremen FIR,0.0037,0.0,0.0006,0.0359,0.0353
01-04 05,Brest FIR,0.0412,0.0,0.0001,0.1989,0.1988
01-04 05,Brindisi FIR,0.0,0.0,0.0,0.0052,0.0052
01-04 05,Brussels FIR,0.0,0.0,0.0,0.0,0.0
01-04 05,Bucarest FIR,0.0,0.0,0.003,0.0185,0.0155
01-04 05,Budapest FIR,0.0,0.0,0.0,0.0074,0.0074
01-04 05,Canarias FIR,0.0014,0.0,0.0,0.0048,0.0048
01-04 05,Chisinau FIR,0.0,0.0,0.0,0.0,0.0
01-04 05,Copenhagen FIR,0.1016,0.0029,0.0014,0.1792,0.1777
01-04 05,Helsinki FIR,0.0038,0.0002,0.0,0.0207,0.0207
01-04 05,Langen FIR,0.0,0.0,0.0,0.0,0.0
01-04 05,Lisboa FIR,0.1107,0.0062,0.0007,0.1972,0.1965
01-04 05,Ljubljana FIR,0.0,0.0,0.0,0.0,0.0
01-04 05,London FIR,0.0009,0.0,0.0,0.0323,0.0323
01-04 05,Madrid FIR,0.0323,0.0008,0.0134,0.1384,0.125
01-04 05,Malta FIR,0.0,0.0,0.0032,0.0089,0.0057
01-04 05,Marseille FIR,0.0007,0.0,0.0001,0.0894,0.0893
01-04 05,Milano FIR,0.0,0.0,0.0,0.0,0.0
01-04 05,Munchen FIR,0.0013,0.0,0.0,0.0064,0.0064
01-04 05,Paris FIR,0.0,0.0,0.0,0.0084,0.0084
01-04 05,Polaris FIR,0.0548,0.0074,0.0,0.1173,0.1173
01-04 05,Praha FIR,0.0007,0.0,0.0021,0.0263,0.0242
01-04 05,Reims FIR,0.0,0.0,0.0,0.0,0.0
01-04 05,Reykjavik FIR,0.0321,0.0113,0.0,0.0488,0.0488
01-04 05,Riga FIR,0.0,0.0,0.0285,0.0742,0.0457
01-04 05,Roma FIR,0.0,0.0,0.0001,0.0117,0.0116
01-04 05,Santa Maria FIR,0.021,0.0002,0.0009,0.1046,0.1037
01-04 05,Sarajevo FIR,0.0,0.0,0.0,0.0,0.0
01-04 05,Scottish FIR,0.0354,0.0,0.0,0.0568,0.0568
01-04 05,Shannon FIR,0.0,0.0,0.0003,0.0009,0.0006
01-04 05,Skopje FIR,0.0,0.0,0.0,0.0064,0.0064
01-04 05,Sofia FIR,0.0,0.0,0.0088,0.0251,0.0163
01-04 05,Sweden FIR,0.0001,0.0001,0.0,0.0082,0.0082
01-04 05,Switzerland FIR,0.0,0.0,0.0,0.0,0.0
01-04 05,Tallinn FIR,0.0,0.0,0.0,0.0,0.0
01-04 05,Tirana FIR,0.0,0.0,0.0036,0.0036,0.0
01-04 05,Vilnius FIR,0.0023,0.0,0.0038,0.061,0.0572
01-04 05,Warszawa FIR,0.0035,0.0,0.0003,0.0428,0.0424
01-04 05,Wien FIR,0.0,0.0,0.0,0.0,0.0
01-04 05,Zagreb FIR,0.0,0.0,0.0,0.0,0.0
01-04 06,Global,0.0215,0.006,0.0215,0.0789,0.0574
01-04 06,Europe,0.0142,0.0002,0.0091,0.0689,0.0598
01-04 06,European Airspace,0.0097,0.0011,0.0106,0.0476,0.0371
01-04 06,Africa Middle East,0.0042,0.0004,0.0241,0.0448,0.0207
01-04 06,East Asia,0.0004,0.0,0.0063,0.0074,0.0011
01-04 06,Southeast Asia,0.0243,0.0099,0.0554,0.1098,0.0545
01-04 06,India,0.0042,0.0018,0.0182,0.0334,0.0152
01-04 06,China,0.0056,0.002,0.0278,0.0391,0.0113
01-04 06,Latin America,0.0283,0.0033,0.0097,0.103,0.0933
01-04 06,USA,0.0252,0.0067,0.0,0.0622,0.0621
01-04 06,North Atlantic,0.0166,0.0005,0.0011,0.0765,0.0754
01-04 06,North Pacific,0.0232,0.0055,0.0,0.0691,0.0691
01-04 06,Amsterdam FIR,0.0033,0.0,0.0,0.0306,0.0306
01-04 06,Athinai FIR,0.0,0.0,0.0412,0.0413,0.0001
01-04 06,Barcelona FIR,0.0,0.0,0.0479,0.081,0.0331
01-04 06,Beograd FIR,0.0,0.0,0.0,0.0014,0.0014
01-04 06,Bordeaux FIR,0.0014,0.0,0.0038,0.133,0.1293
01-04 06,Bratislava  FIR,0.0,0.0,0.0054,0.0208,0.0155
01-04 06,Bremen FIR,0.0034,0.0,0.0016,0.0377,0.0361
01-04 06,Brest FIR,0.0185,0.0,0.0038,0.2054,0.2016
01-04 06,Brindisi FIR,0.0,0.0,0.0,0.0004,0.0004
01-04 06,Brussels FIR,0.0,0.0,0.0,0.0,0.0
01-04 06,Bucarest FIR,0.0,0.0,0.0157,0.0252,0.0095
01-04 06,Budapest FIR,0.0,0.0,0.0,0.0058,0.0058
01-04 06,Canarias FIR,0.0014,0.0,0.0,0.0082,0.0082
01-04 06,Chisinau FIR,0.0,0.0,0.0016,0.0024,0.0008
01-04 06,Copenhagen FIR,0.0928,0.0,0.0055,0.1917,0.1862
01-04 06,Helsinki FIR,0.0102,0.0026,0.0,0.0252,0.0252
01-04 06,Langen FIR,0.0,0.0,0.0,0.0,0.0
01-04 06,Lisboa FIR,0.0998,0.0006,0.0017,0.2065,0.2047
01-04 06,Ljubljana FIR,0.0,0.0,0.0,0.0,0.0
01-04 06,London FIR,0.0005,0.0,0.0006,0.043,0.0424
01-04 06,Madrid FIR,0.0205,0.0008,0.0476,0.1657,0.1181
01-04 06,Malta FIR,0.0,0.0,0.0071,0.0073,0.0002
01-04 06,Marseille FIR,0.0,0.0,0.0159,0.0894,0.0734
01-04 06,Milano FIR,0.0,0.0,0.0,0.0,0.0
01-04 06,Munchen FIR,0.0,0.0,0.0003,0.0083,0.0081
01-04 06,Paris FIR,0.0,0.0,0.0,0.0153,0.0153
01-04 06,Polaris FIR,0.0481,0.0061,0.0002,0.1199,0.1197
01-04 06,Praha FIR,0.0,0.0,0.0007,0.0134,0.0127
01-04 06,Reims FIR,0.0,0.0,0.0,0.0,0.0
01-04 06,Reykjavik FIR,0.0308,0.0089,0.0,0.0495,0.0494
01-04 06,Riga FIR,0.0,0.0,0.0389,0.0788,0.0399
01-04 06,Roma FIR,0.0,0.0,0.0,0.0179,0.0179
01-04 06,Santa Maria FIR,0.0138,0.0001,0.0029,0.1117,0.1088
01-04 06,Sarajevo FIR,0.0,0.0,0.0,0.0,0.0
01-04 06,Scottish FIR,0.0314,0.0005,0.0001,0.0566,0.0565
01-04 06,Shannon FIR,0.0,0.0,0.0008,0.0011,0.0004
01-04 06,Skopje FIR,0.0,0.0,0.0457,0.0482,0.0025
01-04 06,Sofia FIR,0.0,0.0,0.0353,0.0358,0.0004
01-04 06,Sweden FIR,0.0006,0.0003,0.0,0.0059,0.0059
01-04 06,Switzerland FIR,0.0,0.0,0.0,0.0,0.0
01-04 06,Tallinn FIR,0.0,0.0,0.0,0.0,0.0
01-04 06,Tirana FIR,0.0,0.0,0.0122,0.0165,0.0043
01-04 06,Vilnius FIR,0.0023,0.0,0.0145,0.0793,0.0648
01-04 06,Warszawa FIR,0.004,0.0,0.0017,0.0447,0.043
01-04 06,Wien FIR,0.0,0.0,0.0003,0.0003,0.0
01-04 06,Zagreb FIR,0.0,0.0,0.0,0.0003,0.0003
01-04 07,Global,0.022,0.0062,0.0201,0.0784,0.0582
01-04 07,Europe,0.0091,0.0001,0.0227,0.0744,0.0517
01-04 07,European Airspace,0.0074,0.001,0.0143,0.0474,0.0331
01-04 07,Africa Middle East,0.0039,0.0005,0.0215,0.0415,0.02
01-04 07,East Asia,0.0008,0.0,0.0053,0.0068,0.0015
01-04 07,Southeast Asia,0.0337,0.0147,0.049,0.1105,0.0615
01-04 07,India,0.0054,0.0025,0.0197,0.0337,0.0139
01-04 07,China,0.0071,0.0024,0.0247,0.0402,0.0155
01-04 07,Latin America,0.0216,0.0022,0.0168,0.1039,0.0871
01-04 07,USA,0.026,0.0062,0.0001,0.0627,0.0626
01-04 07,North Atlantic,0.014,0.0003,0.0026,0.0796,0.0771
01-04 07,North Pacific,0.0235,0.0048,0.0,0.0672,0.0672
01-04 07,Amsterdam FIR,0.0,0.0,0.0,0.0281,0.0281
01-04 07,Athinai FIR,0.0,0.0,0.0449,0.0457,0.0008
01-04 07,Barcelona FIR,0.0,0.0,0.0667,0.0709,0.0041
01-04 07,Beograd FIR,0.0,0.0,0.0006,0.0006,0.0
01-04 07,Bordeaux FIR,0.0,0.0,0.0534,0.1744,0.121
01-04 07,Bratislava  FIR,0.0047,0.0018,0.0186,0.0305,0.0119
01-04 07,Bremen FIR,0.0,0.0,0.0091,0.044,0.0349
01-04 07,Brest FIR,0.0047,0.0,0.0245,0.2107,0.1863
01-04 07,Brindisi FIR,0.0,0.0,0.0027,0.0027,0.0
01-04 07,Brussels FIR,0.0,0.0,0.0,0.0,0.0
01-04 07,Bucarest FIR,0.0,0.0,0.0373,0.0403,0.003
01-04 07,Budapest FIR,0.0,0.0,0.0052,0.0052,0.0
01-04 07,Canarias FIR,0.0,0.0,0.0,0.0064,0.0064
01-04 07,Chisinau FIR,0.0,0.0,0.0198,0.0198,0.0
01-04 07,Copenhagen FIR,0.0666,0.0,0.0194,0.1891,0.1697
01-04 07,Helsinki FIR,0.016,0.0034,0.0,0.0291,0.0291
01-04 07,Langen FIR,0.0,0.0,0.0,0.0,0.0
01-04 07,Lisboa FIR,0.0374,0.0,0.0144,0.1944,0.18
01-04 07,Ljubljana FIR,0.0,0.0,0.0,0.0,0.0
01-04 07,London FIR,0.0,0.0,0.0061,0.0532,0.0471
01-04 07,Madrid FIR,0.0212,0.0,0.0934,0.1946,0.1012
01-04 07,Malta FIR,0.0,0.0,0.0057,0.0057,0.0
01-04 07,Marseille FIR,0.0,0.0,0.0603,0.0789,0.0186
01-04 07,Milano FIR,0.0,0.0,0.0,0.0,0.0
01-04 07,Munchen FIR,0.0,0.0,0.0034,0.0109,0.0075
01-04 07,Paris FIR,0.0,0.0,0.004,0.0366,0.0325
01-04 07,Polaris FIR,0.0426,0.0058,0.0013,0.12,0.1187
01-04 07,Praha FIR,0.0003,0.0,0.008,0.0186,0.0105
01-04 07,Reims FIR,0.0,0.0,0.0,0.0,0.0
01-04 07,Reykjavik FIR,0.0273,0.0079,0.0001,0.0524,0.0523
01-04 07,Riga FIR,0.0,0.0,0.0405,0.0737,0.0332
01-04 07,Roma FIR,0.0,0.0,0.0323,0.0325,0.0002
01-04 07,Santa Maria FIR,0.0089,0.0,0.0104,0.1196,0.1092
01-04 07,Sarajevo FIR,0.0,0.0,0.0,0.0,0.0
01-04 07,Scottish FIR,0.0215,0.0014,0.0005,0.0585,0.058
01-04 07,Shannon FIR,0.0,0.0,0.0012,0.0016,0.0003
01-04 07,Skopje FIR,0.0,0.0,0.1153,0.1217,0.0064
01-04 07,Sofia FIR,0.0,0.0,0.0449,0.0449,0.0
01-04 07,Sweden FIR,0.0003,0.0001,0.0005,0.0026,0.0021
01-04 07,Switzerland FIR,0.0,0.0,0.0,0.0,0.0
01-04 07,Tallinn FIR,0.0,0.0,0.0,0.0,0.0
01-04 07,Tirana FIR,0.0,0.0,0.0052,0.0052,0.0
01-04 07,Vilnius FIR,0.0079,0.0,0.0423,0.0971,0.0549
01-04 07,Warszawa FIR,0.0067,0.0001,0.0055,0.0464,0.0409
01-04 07,Wien FIR,0.0,0.0,0.0055,0.0055,0.0
01-04 07,Zagreb FIR,0.0,0.0,0.0,0.0,0.0
01-04 08,Global,0.0226,0.0063,0.019,0.0779,0.0589
01-04 08,Europe,0.0064,0.0002,0.0426,0.0788,0.0362
01-04 08,European Airspace,0.0064,0.001,0.0198,0.0471,0.0274
01-04 08,Africa Middle East,0.0039,0.0006,0.0194,0.0383,0.019
01-04 08,East Asia,0.0009,0.0,0.0033,0.0057,0.0024
01-04 08,Southeast Asia,0.0438,0.0199,0.0368,0.1108,0.074
01-04 08,India,0.0074,0.0036,0.0199,0.0347,0.0148
01-04 08,China,0.009,0.0026,0.0208,0.041,0.0201
01-04 08,Latin America,0.0164,0.0017,0.0271,0.1054,0.0784
01-04 08,USA,0.0257,0.0049,0.0002,0.0636,0.0634
01-04 08,North Atlantic,0.0107,0.0001,0.007,0.0814,0.0745
01-04 08,North Pacific,0.024,0.0045,0.0,0.0667,0.0667
01-04 08,Amsterdam FIR,0.0,0.0,0.0025,0.0179,0.0154
01-04 08,Athinai FIR,0.0001,0.0,0.0403,0.0502,0.0099
01-04 08,Barcelona FIR,0.0,0.0,0.0925,0.0925,0.0
01-04 08,Beograd FIR,0.0,0.0,0.0,0.0,0.0
01-04 08,Bordeaux FIR,0.0,0.0,0.197,0.2307,0.0337
01-04 08,Bratislava  FIR,0.0065,0.003,0.0168,0.0287,0.0119
01-04 08,Bremen FIR,0.0001,0.0,0.02,0.0401,0.0201
01-04 08,Brest FIR,0.0,0.0,0.0991,0.205,0.1059
01-04 08,Brindisi FIR,0.0,0.0,0.0019,0.0019,0.0
01-04 08,Brussels FIR,0.0,0.0,0.0,0.0,0.0
01-04 08,Bucarest FIR,0.0,0.0,0.0492,0.0499,0.0007
01-04 08,Budapest FIR,0.0,0.0,0.0104,0.0104,0.0
01-04 08,Canarias FIR,0.0,0.0,0.0022,0.0029,0.0007
01-04 08,Chisinau FIR,0.0,0.0,0.0344,0.0344,0.0
01-04 08,Copenhagen FIR,0.0335,0.0,0.0389,0.1846,0.1457
01-04 08,Helsinki FIR,0.0157,0.001,0.0,0.0261,0.0261
01-04 08,Langen FIR,0.0,0.0,0.0,0.0,0.0
01-04 08,Lisboa FIR,0.0153,0.0003,0.0475,0.1646,0.1171
01-04 08,Ljubljana FIR,0.0,0.0,0.0,0.0,0.0
01-04 08,London FIR,0.0,0.0,0.0322,0.058,0.0257
01-04 08,Madrid FIR,0.0195,0.0,0.1379,0.2085,0.0706
01-04 08,Malta FIR,0.0,0.0,0.0027,0.0027,0.0
01-04 08,Marseille FIR,0.0,0.0,0.0643,0.0661,0.0018
01-04 08,Milano FIR,0.0,0.0,0.0,0.0,0.0
01-04 08,Munchen FIR,0.0,0.0,0.0073,0.0101,0.0029
01-04 08,Paris FIR,0.0,0.0,0.0554,0.0791,0.0236
01-04 08,Polaris FIR,0.0402,0.0052,0.0084,0.1181,0.1097
01-04 08,Praha FIR,0.0042,0.0,0.0154,0.022,0.0066
01-04 08,Reims FIR,0.0,0.0,0.0,0.0,0.0
01-04 08,Reykjavik FIR,0.0239,0.0073,0.0006,0.0565,0.0559
01-04 08,Riga FIR,0.002,0.0,0.037,0.0669,0.0299
01-04 08,Roma FIR,0.0,0.0,0.0368,0.0368,0.0
01-04 08,Santa Maria FIR,0.0039,0.0,0.0328,0.1254,0.0926
01-04 08,Sarajevo FIR,0.0,0.0,0.0,0.0,0.0
01-04 08,Scottish FIR,0.0179,0.002,0.0036,0.0622,0.0585
01-04 08,Shannon FIR,0.0,0.0,0.0017,0.002,0.0003
01-04 08,Skopje FIR,0.0,0.0,0.0571,0.0571,0.0
01-04 08,Sofia FIR,0.0,0.0,0.0489,0.0489,0.0
01-04 08,Sweden FIR,0.0,0.0,0.0009,0.0014,0.0005
01-04 08,Switzerland FIR,0.0,0.0,0.0,0.0,0.0
01-04 08,Tallinn FIR,0.0,0.0,0.0,0.0,0.0
01-04 08,Tirana FIR,0.0,0.0,0.0,0.0,0.0
01-04 08,Vilnius FIR,0.0193,0.0,0.0375,0.0998,0.0623
01-04 08,Warszawa FIR,0.0079,0.0003,0.0084,0.0427,0.0343
01-04 08,Wien FIR,0.0,0.0,0.0024,0.0037,0.0014
01-04 08,Zagreb FIR,0.0,0.0,0.0,0.0,0.0
01-04 09,Global,0.0231,0.0063,0.0184,0.0776,0.0592
01-04 09,Europe,0.0062,0.0004,0.0523,0.0798,0.0275
01-04 09,European Airspace,0.0067,0.0009,0.0227,0.0463,0.0237
01-04 09,Africa Middle East,0.0042,0.0008,0.0185,0.0366,0.0181
01-04 09,East Asia,0.0009,0.0,0.0014,0.0053,0.004
01-04 09,Southeast Asia,0.0516,0.0247,0.024,0.1102,0.0862
01-04 09,India,0.0095,0.0047,0.0173,0.035,0.0177
01-04 09,China,0.0107,0.0028,0.0176,0.0426,0.025
01-04 09,Latin America,0.0132,0.0013,0.0387,0.1059,0.0672
01-04 09,USA,0.0251,0.0032,0.0007,0.0645,0.0638
01-04 09,North Atlantic,0.0058,0.0001,0.0138,0.0831,0.0693
01-04 09,North Pacific,0.025,0.0044,0.0,0.0675,0.0675
01-04 09,Amsterdam FIR,0.0,0.0,0.0063,0.0069,0.0005
01-04 09,Athinai FIR,0.0001,0.0,0.0158,0.0244,0.0086
01-04 09,Barcelona FIR,0.0,0.0,0.1288,0.13,0.0012
01-04 09,Beograd FIR,0.0,0.0,0.0034,0.0034,0.0
01-04 09,Bordeaux FIR,0.0,0.0,0.2717,0.2804,0.0087
01-04 09,Bratislava  FIR,0.0071,0.0012,0.0095,0.0185,0.0089
01-04 09,Bremen FIR,0.0,0.0,0.0133,0.0329,0.0196
01-04 09,Brest FIR,0.0,0.0,0.1452,0.1928,0.0476
01-04 09,Brindisi FIR,0.0,0.0,0.0006,0.0006,0.0
01-04 09,Brussels FIR,0.0,0.0,0.0031,0.0031,0.0
01-04 09,Bucarest FIR,0.0,0.0,0.0626,0.063,0.0004
01-04 09,Budapest FIR,0.0,0.0,0.0113,0.0113,0.0
01-04 09,Canarias FIR,0.0,0.0,0.0015,0.0015,0.0
01-04 09,Chisinau FIR,0.0,0.0,0.0736,0.0736,0.0
01-04 09,Copenhagen FIR,0.0211,0.0,0.0525,0.185,0.1325
01-04 09,Helsinki FIR,0.0109,0.0,0.0001,0.0205,0.0204
01-04 09,Langen FIR,0.0,0.0,0.0,0.0,0.0
01-04 09,Lisboa FIR,0.0096,0.0014,0.0515,0.1276,0.076
01-04 09,Ljubljana FIR,0.0,0.0,0.0,0.0,0.0
01-04 09,London FIR,0.0,0.0,0.055,0.0573,0.0023
01-04 09,Madrid FIR,0.0175,0.0005,0.1315,0.2065,0.075
01-04 09,Malta FIR,0.0,0.0,0.0014,0.0014,0.0
01-04 09,Marseille FIR,0.0,0.0,0.0531,0.0531,0.0
01-04 09,Milano FIR,0.0,0.0,0.0002,0.0002,0.0
01-04 09,Munchen FIR,0.0,0.0,0.0041,0.0041,0.0
01-04 09,Paris FIR,0.0,0.0,0.0997,0.1196,0.0199
01-04 09,Polaris FIR,0.0449,0.0051,0.0179,0.1166,0.0988
01-04 09,Praha FIR,0.0035,0.0,0.0104,0.0167,0.0063
01-04 09,Reims FIR,0.0,0.0,0.0202,0.0202,0.0
01-04 09,Reykjavik FIR,0.0214,0.007,0.0026,0.0581,0.0554
01-04 09,Riga FIR,0.0087,0.0,0.0241,0.0575,0.0334
01-04 09,Roma FIR,0.0,0.0,0.0339,0.0339,0.0
01-04 09,Santa Maria FIR,0.0006,0.0,0.0709,0.1339,0.063
01-04 09,Sarajevo FIR,0.0,0.0,0.0,0.0,0.0
01-04 09,Scottish FIR,0.0212,0.003,0.0132,0.065,0.0518
01-04 09,Shannon FIR,0.0,0.0,0.0025,0.0025,0.0
01-04 09,Skopje FIR,0.0,0.0,0.0165,0.0165,0.0
01-04 09,Sofia FIR,0.0,0.0,0.0398,0.0398,0.0
01-04 09,Sweden FIR,0.0,0.0,0.0008,0.0014,0.0006
01-04 09,Switzerland FIR,0.0,0.0,0.0,0.0,0.0
01-04 09,Tallinn FIR,0.0,0.0,0.0,0.0,0.0
01-04 09,Tirana FIR,0.0,0.0,0.0,0.0,0.0
01-04 09,Vilnius FIR,0.0168,0.0,0.0236,0.09,0.0664
01-04 09,Warszawa FIR,0.0069,0.0002,0.014,0.039,0.025
01-04 09,Wien FIR,0.0,0.0,0.0007,0.0007,0.0
01-04 09,Zagreb FIR,0.0,0.0,0.0,0.0,0.0
01-04 10,Global,0.0236,0.0064,0.0172,0.0765,0.0592
01-04 10,Europe,0.0065,0.0003,0.0471,0.0726,0.0255
01-04 10,European Airspace,0.0073,0.0008,0.0202,0.0435,0.0233
01-04 10,Africa Middle East,0.0048,0.0012,0.0166,0.0351,0.0186
01-04 10,East Asia,0.001,0.0001,0.0,0.0049,0.0049
01-04 10,Southeast Asia,0.0575,0.0279,0.0116,0.1108,0.0992
01-04 10,India,0.012,0.0052,0.0117,0.0334,0.0217
01-04 10,China,0.012,0.0032,0.0132,0.0441,0.0309
01-04 10,Latin America,0.0115,0.001,0.0446,0.0963,0.0517
01-04 10,USA,0.0221,0.0015,0.0019,0.066,0.0642
01-04 10,North Atlantic,0.0033,0.0001,0.029,0.0803,0.0513
01-04 10,North Pacific,0.0254,0.0044,0.0001,0.0679,0.0678
01-04 10,Amsterdam FIR,0.0,0.0,0.0054,0.0054,0.0
01-04 10,Athinai FIR,0.0,0.0,0.0045,0.0065,0.002
01-04 10,Barcelona FIR,0.0005,0.0,0.1616,0.1647,0.0032
01-04 10,Beograd FIR,0.0,0.0,0.0017,0.0017,0.0
01-04 10,Bordeaux FIR,0.0,0.0,0.287,0.3031,0.0161
01-04 10,Bratislava  FIR,0.0018,0.0,0.0065,0.0137,0.0071
01-04 10,Bremen FIR,0.0016,0.0,0.0037,0.0327,0.029
01-04 10,Brest FIR,0.0,0.0,0.1059,0.1398,0.0339
01-04 10,Brindisi FIR,0.0,0.0,0.0,0.0,0.0
01-04 10,Brussels FIR,0.0,0.0,0.0235,0.0235,0.0
01-04 10,Bucarest FIR,0.003,0.0,0.0513,0.0641,0.0128
01-04 10,Budapest FIR,0.0,0.0,0.0012,0.0012,0.0
01-04 10,Canarias FIR,0.0,0.0,0.0002,0.0002,0.0
01-04 10,Chisinau FIR,0.0,0.0,0.0655,0.0785,0.013
01-04 10,Copenhagen FIR,0.0313,0.0,0.0481,0.1888,0.1407
01-04 10,Helsinki FIR,0.0056,0.0,0.0,0.0114,0.0114
01-04 10,Langen FIR,0.0,0.0,0.0,0.0,0.0
01-04 10,Lisboa FIR,0.0083,0.0008,0.0406,0.0982,0.0577
01-04 10,Ljubljana FIR,0.0,0.0,0.0,0.0,0.0
01-04 10,London FIR,0.0,0.0,0.0663,0.0713,0.005
01-04 10,Madrid FIR,0.0149,0.001,0.1141,0.1866,0.0725
01-04 10,Malta FIR,0.0,0.0,0.0,0.0,0.0
01-04 10,Marseille FIR,0.0,0.0,0.0377,0.0377,0.0
01-04 10,Milano FIR,0.0,0.0,0.0015,0.0015,0.0
01-04 10,Munchen FIR,0.0003,0.0,0.0021,0.0036,0.0016
01-04 10,Paris FIR,0.0,0.0,0.0792,0.1091,0.03
01-04 10,Polaris FIR,0.051,0.006,0.0254,0.1181,0.0927
01-04 10,Praha FIR,0.0003,0.0,0.0125,0.0128,0.0003
01-04 10,Reims FIR,0.0,0.0,0.0152,0.0152,0.0
01-04 10,Reykjavik FIR,0.0202,0.0064,0.0044,0.0551,0.0507
01-04 10,Riga FIR,0.0082,0.0,0.0091,0.0376,0.0285
01-04 10,Roma FIR,0.0,0.0,0.0146,0.0146,0.0
01-04 10,Santa Maria FIR,0.0009,0.0001,0.1064,0.1333,0.0269
01-04 10,Sarajevo FIR,0.0,0.0,0.0,0.0,0.0
01-04 10,Scottish FIR,0.0218,0.0023,0.0117,0.0463,0.0346
01-04 10,Shannon FIR,0.0,0.0,0.0033,0.0033,0.0
01-04 10,Skopje FIR,0.0,0.0,0.0114,0.0114,0.0
01-04 10,Sofia FIR,0.0004,0.0,0.019,0.0254,0.0063
01-04 10,Sweden FIR,0.0,0.0,0.0011,0.0019,0.0008
01-04 10,Switzerland FIR,0.0,0.0,0.0,0.0,0.0
01-04 10,Tallinn FIR,0.0,0.0,0.0,0.0,0.0
01-04 10,Tirana FIR,0.0,0.0,0.0,0.0,0.0
01-04 10,Vilnius FIR,0.0169,0.0,0.0022,0.0785,0.0763
01-04 10,Warszawa FIR,0.0062,0.0004,0.0076,0.0254,0.0178
01-04 10,Wien FIR,0.0,0.0,0.0,0.0,0.0
01-04 10,Zagreb FIR,0.0,0.0,0.0,0.0,0.0
01-04 11,Global,0.0235,0.0064,0.0167,0.0776,0.0609
01-04 11,Europe,0.0091,0.0003,0.0501,0.0774,0.0273
01-04 11,European Airspace,0.0089,0.0009,0.0202,0.045,0.0248
01-04 11,Africa Middle East,0.0057,0.0015,0.0172,0.0359,0.0187
01-04 11,East Asia,0.0009,0.0,0.0,0.0046,0.0046
01-04 11,Southeast Asia,0.0608,0.0295,0.0046,0.1149,0.1102
01-04 11,India,0.0147,0.0062,0.0066,0.0346,0.028
01-04 11,China,0.0128,0.0039,0.0041,0.0463,0.0423
01-04 11,Latin America,0.0112,0.0009,0.0503,0.099,0.0487
01-04 11,USA,0.0165,0.0005,0.0056,0.0664,0.0609
01-04 11,North Atlantic,0.0031,0.0002,0.0446,0.0829,0.0383
01-04 11,North Pacific,0.0254,0.0041,0.0002,0.0704,0.0702
01-04 11,Amsterdam FIR,0.0,0.0,0.0168,0.0168,0.0
01-04 11,Athinai FIR,0.0,0.0,0.0,0.0,0.0
01-04 11,Barcelona FIR,0.0121,0.0004,0.1827,0.2027,0.02
01-04 11,Beograd FIR,0.0,0.0,0.0,0.0,0.0
01-04 11,Bordeaux FIR,0.0,0.0,0.2749,0.3099,0.035
01-04 11,Bratislava  FIR,0.003,0.0,0.0113,0.0184,0.0072
01-04 11,Bremen FIR,0.0092,0.0,0.0038,0.043,0.0392
01-04 11,Brest FIR,0.0008,0.0,0.0802,0.1171,0.0369
01-04 11,Brindisi FIR,0.0,0.0,0.0,0.0,0.0
01-04 11,Brussels FIR,0.0,0.0,0.0645,0.0645,0.0
01-04 11,Bucarest FIR,0.0093,0.0005,0.0318,0.0544,0.0225
01-04 11,Budapest FIR,0.0,0.0,0.0009,0.0009,0.0
01-04 11,Canarias FIR,0.0,0.0,0.0001,0.0001,0.0
01-04 11,Chisinau FIR,0.0,0.0,0.0591,0.0827,0.0236
01-04 11,Copenhagen FIR,0.068,0.0,0.0389,0.1866,0.1477
01-04 11,Helsinki FIR,0.0018,0.0,0.0,0.005,0.005
01-04 11,Langen FIR,0.0,0.0,0.0,0.0,0.0
01-04 11,Lisboa FIR,0.0087,0.0001,0.0306,0.0755,0.0449
01-04 11,Ljubljana FIR,0.0,0.0,0.0,0.0,0.0
01-04 11,London FIR,0.0014,0.0,0.0627,0.0823,0.0196
01-04 11,Madrid FIR,0.0184,0.0006,0.1218,0.1897,0.0679
01-04 11,Malta FIR,0.0,0.0,0.0,0.0,0.0
01-04 11,Marseille FIR,0.0,0.0,0.0878,0.0878,0.0
01-04 11,Milano FIR,0.0,0.0,0.0002,0.0002,0.0
01-04 11,Munchen FIR,0.0005,0.0,0.0005,0.0023,0.0018
01-04 11,Paris FIR,0.0,0.0,0.1286,0.1696,0.041
01-04 11,Polaris FIR,0.0549,0.0077,0.0235,0.1193,0.0958
01-04 11,Praha FIR,0.0,0.0,0.0136,0.0143,0.0007
01-04 11,Reims FIR,0.0,0.0,0.0491,0.0491,0.0
01-04 11,Reykjavik FIR,0.0205,0.0059,0.0057,0.0546,0.0489
01-04 11,Riga FIR,0.0049,0.0,0.0005,0.0293,0.0288
01-04 11,Roma FIR,0.0,0.0,0.0132,0.0132,0.0
01-04 11,Santa Maria FIR,0.0016,0.0002,0.1207,0.142,0.0214
01-04 11,Sarajevo FIR,0.0,0.0,0.0,0.0,0.0
01-04 11,Scottish FIR,0.0256,0.0043,0.0121,0.0446,0.0325
01-04 11,Shannon FIR,0.0,0.0,0.0015,0.0015,0.0
01-04 11,Skopje FIR,0.0,0.0,0.0,0.0,0.0
01-04 11,Sofia FIR,0.0002,0.0,0.0011,0.0057,0.0046
01-04 11,Sweden FIR,0.0,0.0,0.0017,0.0027,0.001
01-04 11,Switzerland FIR,0.0,0.0,0.0048,0.0048,0.0
01-04 11,Tallinn FIR,0.0,0.0,0.0,0.0,0.0
01-04 11,Tirana FIR,0.0,0.0,0.0,0.0,0.0
01-04 11,Vilnius FIR,0.0231,0.0,0.0023,0.0767,0.0745
01-04 11,Warszawa FIR,0.0067,0.0002,0.0089,0.0265,0.0175
01-04 11,Wien FIR,0.0,0.0,0.0,0.0,0.0
01-04 11,Zagreb FIR,0.0,0.0,0.0,0.0,0.0
01-04 12,Global,0.0231,0.0063,0.0165,0.0787,0.0621
01-04 12,Europe,0.0142,0.0009,0.0475,0.0815,0.034
01-04 12,European Airspace,0.0111,0.0012,0.0202,0.0475,0.0273
01-04 12,Africa Middle East,0.0077,0.0022,0.0175,0.0371,0.0197
01-04 12,East Asia,0.0009,0.0,0.0,0.0043,0.0043
01-04 12,Southeast Asia,0.0629,0.0295,0.0002,0.1181,0.1179
01-04 12,India,0.0158,0.0061,0.0012,0.0344,0.0333
01-04 12,China,0.0137,0.0045,0.0,0.0474,0.0474
01-04 12,Latin America,0.0108,0.0008,0.0517,0.1008,0.0491
01-04 12,USA,0.0098,0.0002,0.0142,0.0667,0.0524
01-04 12,North Atlantic,0.0041,0.0003,0.0536,0.086,0.0324
01-04 12,North Pacific,0.0251,0.0034,0.0003,0.0721,0.0718
01-04 12,Amsterdam FIR,0.0,0.0,0.0422,0.0422,0.0
01-04 12,Athinai FIR,0.0,0.0,0.0,0.0,0.0
01-04 12,Barcelona FIR,0.0431,0.0092,0.1848,0.2406,0.0559
01-04 12,Beograd FIR,0.0,0.0,0.0,0.0,0.0
01-04 12,Bordeaux FIR,0.0122,0.0,0.2332,0.3012,0.0679
01-04 12,Bratislava  FIR,0.006,0.0,0.0047,0.0131,0.0083
01-04 12,Bremen FIR,0.0275,0.0003,0.0072,0.0512,0.044
01-04 12,Brest FIR,0.0048,0.0,0.0464,0.0806,0.0342
01-04 12,Brindisi FIR,0.0,0.0,0.0026,0.0026,0.0
01-04 12,Brussels FIR,0.0,0.0,0.1268,0.1268,0.0
01-04 12,Bucarest FIR,0.0088,0.0012,0.0234,0.0393,0.0159
01-04 12,Budapest FIR,0.0,0.0,0.0006,0.0009,0.0003
01-04 12,Canarias FIR,0.0,0.0,0.001,0.0012,0.0002
01-04 12,Chisinau FIR,0.0139,0.0,0.0248,0.0715,0.0466
01-04 12,Copenhagen FIR,0.0976,0.0002,0.0295,0.183,0.1535
01-04 12,Helsinki FIR,0.0001,0.0,0.0,0.0012,0.0012
01-04 12,Langen FIR,0.0,0.0,0.0014,0.0014,0.0
01-04 12,Lisboa FIR,0.01,0.0002,0.0183,0.0532,0.0348
01-04 12,Ljubljana FIR,0.0,0.0,0.0,0.0,0.0
01-04 12,London FIR,0.01,0.0,0.036,0.0843,0.0483
01-04 12,Madrid FIR,0.0318,0.0011,0.1104,0.199,0.0886
01-04 12,Malta FIR,0.0,0.0,0.0,0.0,0.0
01-04 12,Marseille FIR,0.0001,0.0,0.1328,0.1375,0.0047
01-04 12,Milano FIR,0.0,0.0,0.0018,0.0018,0.0
01-04 12,Munchen FIR,0.0005,0.0,0.0005,0.0016,0.001
01-04 12,Paris FIR,0.0047,0.0,0.1244,0.2028,0.0784
01-04 12,Polaris FIR,0.0552,0.0092,0.0199,0.119,0.0991
01-04 12,Praha FIR,0.0,0.0,0.007,0.0081,0.001
01-04 12,Reims FIR,0.0,0.0,0.1194,0.121,0.0016
01-04 12,Reykjavik FIR,0.0224,0.0057,0.0059,0.0517,0.0459
01-04 12,Riga FIR,0.0013,0.0,0.0,0.027,0.027
01-04 12,Roma FIR,0.0,0.0,0.0235,0.0235,0.0
01-04 12,Santa Maria FIR,0.0044,0.0006,0.1266,0.1529,0.0263
01-04 12,Sarajevo FIR,0.0,0.0,0.0,0.0,0.0
01-04 12,Scottish FIR,0.0301,0.006,0.0081,0.044,0.0359
01-04 12,Shannon FIR,0.0,0.0,0.0,0.0,0.0
01-04 12,Skopje FIR,0.0,0.0,0.0,0.0,0.0
01-04 12,Sofia FIR,0.0,0.0,0.0,0.0,0.0
01-04 12,Sweden FIR,0.0002,0.0,0.0025,0.0033,0.0008
01-04 12,Switzerland FIR,0.0,0.0,0.0211,0.0211,0.0
01-04 12,Tallinn FIR,0.0,0.0,0.0,0.0,0.0
01-04 12,Tirana FIR,0.0,0.0,0.0,0.0,0.0
01-04 12,Vilnius FIR,0.0233,0.0,0.001,0.0663,0.0653
01-04 12,Warszawa FIR,0.0065,0.0004,0.0079,0.0282,0.0203
01-04 12,Wien FIR,0.0,0.0,0.0,0.0,0.0
01-04 12,Zagreb FIR,0.0,0.0,0.0,0.0,0.0
01-04 13,Global,0.0227,0.006,0.0166,0.0795,0.0629
01-04 13,Europe,0.0224,0.0028,0.0352,0.0832,0.048
01-04 13,European Airspace,0.0137,0.0019,0.0168,0.0488,0.032
01-04 13,Africa Middle East,0.0106,0.0033,0.0159,0.0384,0.0225
01-04 13,East Asia,0.001,0.0,0.0,0.004,0.004
01-04 13,Southeast Asia,0.0649,0.0292,0.0,0.1216,0.1216
01-04 13,India,0.0161,0.0055,0.0,0.0347,0.0347
01-04 13,China,0.0144,0.005,0.0,0.0494,0.0494
01-04 13,Latin America,0.0103,0.0007,0.0517,0.1015,0.0498
01-04 13,USA,0.0056,0.0001,0.0242,0.0671,0.043
01-04 13,North Atlantic,0.0061,0.0004,0.0552,0.0889,0.0336
01-04 13,North Pacific,0.0246,0.0031,0.0004,0.0723,0.0719
01-04 13,Amsterdam FIR,0.0,0.0,0.0636,0.0766,0.013
01-04 13,Athinai FIR,0.0,0.0,0.0,0.0,0.0
01-04 13,Barcelona FIR,0.0788,0.0423,0.1489,0.2635,0.1146
01-04 13,Beograd FIR,0.0,0.0,0.0,0.0,0.0
01-04 13,Bordeaux FIR,0.0589,0.002,0.1386,0.3116,0.1731
01-04 13,Bratislava  FIR,0.003,0.0,0.0024,0.0071,0.0048
01-04 13,Bremen FIR,0.0347,0.0016,0.0068,0.0537,0.0469
01-04 13,Brest FIR,0.0021,0.0,0.0208,0.0462,0.0254
01-04 13,Brindisi FIR,0.0,0.0,0.0056,0.0056,0.0
01-04 13,Brussels FIR,0.0,0.0,0.1042,0.1065,0.0023
01-04 13,Bucarest FIR,0.0064,0.0009,0.0066,0.0206,0.014
01-04 13,Budapest FIR,0.0,0.0,0.0021,0.0021,0.0
01-04 13,Canarias FIR,0.0,0.0,0.0033,0.0038,0.0005
01-04 13,Chisinau FIR,0.0207,0.0008,0.0058,0.0495,0.0437
01-04 13,Copenhagen FIR,0.101,0.0,0.0218,0.1804,0.1585
01-04 13,Helsinki FIR,0.0,0.0,0.0,0.0,0.0
01-04 13,Langen FIR,0.0,0.0,0.0116,0.0116,0.0
01-04 13,Lisboa FIR,0.01,0.0004,0.0082,0.032,0.0237
01-04 13,Ljubljana FIR,0.0,0.0,0.0,0.0,0.0
01-04 13,London FIR,0.0134,0.0,0.0147,0.0836,0.0689
01-04 13,Madrid FIR,0.0729,0.0052,0.0545,0.2006,0.1461
01-04 13,Malta FIR,0.0,0.0,0.0,0.0,0.0
01-04 13,Marseille FIR,0.004,0.0,0.1384,0.1574,0.019
01-04 13,Milano FIR,0.0,0.0,0.0031,0.0031,0.0
01-04 13,Munchen FIR,0.0013,0.0,0.0003,0.0018,0.0015
01-04 13,Paris FIR,0.0311,0.0004,0.0837,0.2197,0.136
01-04 13,Polaris FIR,0.0554,0.0099,0.0122,0.1176,0.1054
01-04 13,Praha FIR,0.0,0.0,0.0046,0.0074,0.0028
01-04 13,Reims FIR,0.0102,0.0,0.1438,0.1965,0.0527
01-04 13,Reykjavik FIR,0.0235,0.0063,0.0051,0.0486,0.0435
01-04 13,Riga FIR,0.0005,0.0,0.0003,0.024,0.0237
01-04 13,Roma FIR,0.0,0.0,0.0319,0.0321,0.0002
01-04 13,Santa Maria FIR,0.0092,0.0013,0.1258,0.1611,0.0353
01-04 13,Sarajevo FIR,0.0,0.0,0.0,0.0,0.0
01-04 13,Scottish FIR,0.0348,0.0044,0.0064,0.0438,0.0374
01-04 13,Shannon FIR,0.0,0.0,0.001,0.001,0.0
01-04 13,Skopje FIR,0.0,0.0,0.0,0.0,0.0
01-04 13,Sofia FIR,0.0,0.0,0.0,0.0,0.0
01-04 13,Sweden FIR,0.0008,0.0002,0.0024,0.0038,0.0014
01-04 13,Switzerland FIR,0.0007,0.0,0.1033,0.1142,0.0109
01-04 13,Tallinn FIR,0.0,0.0,0.0,0.0,0.0
01-04 13,Tirana FIR,0.0,0.0,0.0,0.0,0.0
01-04 13,Vilnius FIR,0.0229,0.0,0.0003,0.0568,0.0564
01-04 13,Warszawa FIR,0.0055,0.0007,0.0064,0.0281,0.0217
01-04 13,Wien FIR,0.0,0.0,0.0,0.0,0.0
01-04 13,Zagreb FIR,0.0,0.0,0.0,0.0,0.0
01-04 14,Global,0.0224,0.0058,0.0172,0.0801,0.0629
01-04 14,Europe,0.0346,0.0058,0.0202,0.0855,0.0653
01-04 14,European Airspace,0.0173,0.0028,0.0125,0.0506,0.0381
01-04 14,Africa Middle East,0.0138,0.0044,0.0123,0.0393,0.027
01-04 14,East Asia,0.0012,0.0,0.0,0.0037,0.0037
01-04 14,Southeast Asia,0.0663,0.029,0.0,0.1265,0.1264
01-04 14,India,0.0156,0.0051,0.0,0.0352,0.0352
01-04 14,China,0.0156,0.0056,0.0,0.0509,0.0509
01-04 14,Latin America,0.0096,0.0008,0.0523,0.1019,0.0496
01-04 14,USA,0.0032,0.0,0.0357,0.0675,0.0318
01-04 14,North Atlantic,0.0092,0.0006,0.0527,0.0915,0.0388
01-04 14,North Pacific,0.0229,0.003,0.0009,0.0729,0.072
01-04 14,Amsterdam FIR,0.0011,0.0,0.0395,0.1042,0.0647
01-04 14,Athinai FIR,0.0,0.0,0.0,0.0,0.0
01-04 14,Barcelona FIR,0.1541,0.0779,0.0896,0.2812,0.1916
01-04 14,Beograd FIR,0.0,0.0,0.0,0.0,0.0
01-04 14,Bordeaux FIR,0.1852,0.0285,0.0149,0.3242,0.3093
01-04 14,Bratislava  FIR,0.0006,0.0,0.0036,0.0137,0.0101
01-04 14,Bremen FIR,0.0348,0.0025,0.0089,0.0572,0.0483
01-04 14,Brest FIR,0.0083,0.0,0.004,0.0419,0.0379
01-04 14,Brindisi FIR,0.0,0.0,0.0077,0.0077,0.0
01-04 14,Brussels FIR,0.0,0.0,0.0611,0.0852,0.0241
01-04 14,Bucarest FIR,0.0027,0.0,0.0,0.0108,0.0108
01-04 14,Budapest FIR,0.0,0.0,0.0012,0.0018,0.0006
01-04 14,Canarias FIR,0.0,0.0,0.0071,0.0075,0.0003
01-04 14,Chisinau FIR,0.0159,0.0,0.0,0.0398,0.0398
01-04 14,Copenhagen FIR,0.0851,0.0009,0.0095,0.1732,0.1637
01-04 14,Helsinki FIR,0.0,0.0,0.0,0.0,0.0
01-04 14,Langen FIR,0.0,0.0,0.0305,0.0307,0.0002
01-04 14,Lisboa FIR,0.0075,0.0,0.0033,0.0195,0.0162
01-04 14,Ljubljana FIR,0.0,0.0,0.0,0.0,0.0
01-04 14,London FIR,0.0143,0.0,0.0077,0.0824,0.0748
01-04 14,Madrid FIR,0.1028,0.0104,0.0206,0.1847,0.1642
01-04 14,Malta FIR,0.0,0.0,0.0,0.0,0.0
01-04 14,Marseille FIR,0.0304,0.0026,0.0865,0.1576,0.0711
01-04 14,Milano FIR,0.0,0.0,0.0266,0.0309,0.0044
01-04 14,Munchen FIR,0.0016,0.0,0.0005,0.0028,0.0023
01-04 14,Paris FIR,0.0589,0.0028,0.028,0.2311,0.2031
01-04 14,Polaris FIR,0.0529,0.0088,0.0047,0.115,0.1103
01-04 14,Praha FIR,0.0011,0.0,0.0007,0.006,0.0053
01-04 14,Reims FIR,0.0377,0.0,0.1182,0.2627,0.1446
01-04 14,Reykjavik FIR,0.0246,0.0077,0.0026,0.0454,0.0428
01-04 14,Riga FIR,0.0,0.0,0.0,0.0215,0.0215
01-04 14,Roma FIR,0.0,0.0,0.0383,0.0409,0.0026
01-04 14,Santa Maria FIR,0.017,0.003,0.119,0.1683,0.0494
01-04 14,Sarajevo FIR,0.0,0.0,0.0,0.0,0.0
01-04 14,Scottish FIR,0.0413,0.0036,0.0039,0.0486,0.0447
01-04 14,Shannon FIR,0.0003,0.0,0.0022,0.0029,0.0007
01-04 14,Skopje FIR,0.0,0.0,0.0,0.0,0.0
01-04 14,Sofia FIR,0.0,0.0,0.0,0.0009,0.0009
01-04 14,Sweden FIR,0.0009,0.0002,0.0015,0.0043,0.0028
01-04 14,Switzerland FIR,0.017,0.0,0.1342,0.2241,0.0899
01-04 14,Tallinn FIR,0.0,0.0,0.0,0.0,0.0
01-04 14,Tirana FIR,0.0,0.0,0.0,0.0,0.0
01-04 14,Vilnius FIR,0.0264,0.0,0.0003,0.0505,0.0502
01-04 14,Warszawa FIR,0.0067,0.0015,0.0029,0.0243,0.0214
01-04 14,Wien FIR,0.0,0.0,0.0,0.0,0.0
01-04 14,Zagreb FIR,0.0,0.0,0.0008,0.0008,0.0
01-04 15,Global,0.0219,0.0056,0.0182,0.0803,0.0622
01-04 15,Europe,0.0435,0.0104,0.0109,0.0874,0.0765
01-04 15,European Airspace,0.0205,0.0042,0.0097,0.0527,0.043
01-04 15,Africa Middle East,0.0159,0.0051,0.008,0.0399,0.0319
01-04 15,East Asia,0.0014,0.0,0.0,0.0032,0.0032
01-04 15,Southeast Asia,0.0668,0.0284,0.0001,0.1315,0.1314
01-04 15,India,0.0143,0.0049,0.0,0.0356,0.0356
01-04 15,China,0.0167,0.0049,0.0,0.0517,0.0516
01-04 15,Latin America,0.0088,0.001,0.0543,0.1027,0.0484
01-04 15,USA,0.0026,0.0,0.0445,0.0657,0.0211
01-04 15,North Atlantic,0.0141,0.0008,0.0469,0.0942,0.0474
01-04 15,North Pacific,0.0201,0.0029,0.0035,0.0737,0.0702
01-04 15,Amsterdam FIR,0.0014,0.0,0.0096,0.1294,0.1198
01-04 15,Athinai FIR,0.0,0.0,0.0,0.0,0.0
01-04 15,Barcelona FIR,0.2041,0.124,0.0514,0.2922,0.2408
01-04 15,Beograd FIR,0.0,0.0,0.0,0.0,0.0
01-04 15,Bordeaux FIR,0.2498,0.0697,0.007,0.3231,0.3161
01-04 15,Bratislava  FIR,0.0042,0.0,0.0,0.0202,0.0202
01-04 15,Bremen FIR,0.0359,0.0036,0.0008,0.0566,0.0559
01-04 15,Brest FIR,0.0169,0.0,0.0018,0.0315,0.0297
01-04 15,Brindisi FIR,0.0,0.0,0.0021,0.0037,0.0015
01-04 15,Brussels FIR,0.0031,0.0,0.0288,0.1038,0.0749
01-04 15,Bucarest FIR,0.0006,0.0,0.0,0.0074,0.0074
01-04 15,Budapest FIR,0.0,0.0,0.0,0.0067,0.0067
01-04 15,Canarias FIR,0.0,0.0,0.0081,0.0081,0.0
01-04 15,Chisinau FIR,0.0042,0.0,0.0,0.0408,0.0408
01-04 15,Copenhagen FIR,0.0707,0.0,0.0,0.166,0.166
01-04 15,Helsinki FIR,0.0,0.0,0.0,0.0004,0.0004
01-04 15,Langen FIR,0.0002,0.0,0.0288,0.044,0.0152
01-04 15,Lisboa FIR,0.0044,0.0002,0.002,0.0128,0.0108
01-04 15,Ljubljana FIR,0.0,0.0,0.0,0.0,0.0
01-04 15,London FIR,0.0102,0.0,0.0028,0.0798,0.077
01-04 15,Madrid FIR,0.1059,0.0068,0.0083,0.1647,0.1564
01-04 15,Malta FIR,0.0,0.0,0.0,0.0,0.0
01-04 15,Marseille FIR,0.1086,0.032,0.0329,0.1972,0.1643
01-04 15,Milano FIR,0.0005,0.0,0.0323,0.0603,0.0281
01-04 15,Munchen FIR,0.0,0.0,0.0,0.0021,0.0021
01-04 15,Paris FIR,0.0656,0.0055,0.0109,0.22,0.2091
01-04 15,Polaris FIR,0.0486,0.0081,0.0,0.1129,0.1129
01-04 15,Praha FIR,0.0,0.0,0.0,0.0063,0.0063
01-04 15,Reims FIR,0.0601,0.0,0.0416,0.2978,0.2562
01-04 15,Reykjavik FIR,0.025,0.0081,0.0007,0.0449,0.0441
01-04 15,Riga FIR,0.0021,0.0,0.0,0.0199,0.0199
01-04 15,Roma FIR,0.0006,0.0,0.0301,0.0438,0.0138
01-04 15,Santa Maria FIR,0.028,0.0062,0.1043,0.1762,0.0719
01-04 15,Sarajevo FIR,0.0,0.0,0.0,0.0,0.0
01-04 15,Scottish FIR,0.0522,0.0038,0.0019,0.058,0.0561
01-04 15,Shannon FIR,0.0016,0.0,0.0029,0.0063,0.0034
01-04 15,Skopje FIR,0.0,0.0,0.0,0.0,0.0
01-04 15,Sofia FIR,0.0031,0.0,0.0,0.0063,0.0063
01-04 15,Sweden FIR,0.0003,0.0002,0.0,0.0043,0.0043
01-04 15,Switzerland FIR,0.0136,0.0,0.122,0.3025,0.1806
01-04 15,Tallinn FIR,0.0,0.0,0.0,0.0,0.0
01-04 15,Tirana FIR,0.0,0.0,0.0,0.0,0.0
01-04 15,Vilnius FIR,0.0216,0.0,0.0,0.0423,0.0423
01-04 15,Warszawa FIR,0.007,0.0011,0.0,0.0219,0.0219
01-04 15,Wien FIR,0.0,0.0,0.0,0.0,0.0
01-04 15,Zagreb FIR,0.0,0.0,0.0013,0.0013,0.0
01-04 16,Global,0.0213,0.0053,0.0193,0.0804,0.0611
01-04 16,Europe,0.0469,0.012,0.002,0.0889,0.0869
01-04 16,European Airspace,0.0226,0.0049,0.0071,0.0547,0.0476
01-04 16,Africa Middle East,0.017,0.0052,0.0046,0.0404,0.0359
01-04 16,East Asia,0.0016,0.0001,0.0,0.0035,0.0035
01-04 16,Southeast Asia,0.0662,0.0267,0.0002,0.1352,0.135
01-04 16,India,0.0125,0.0049,0.0,0.035,0.035
01-04 16,China,0.0167,0.004,0.0002,0.0527,0.0525
01-04 16,Latin America,0.009,0.0015,0.0562,0.1031,0.0469
01-04 16,USA,0.0027,0.0,0.0462,0.0642,0.018
01-04 16,North Atlantic,0.0192,0.0008,0.0355,0.0965,0.0609
01-04 16,North Pacific,0.0174,0.0026,0.0109,0.0754,0.0645
01-04 16,Amsterdam FIR,0.0008,0.0,0.0,0.149,0.149
01-04 16,Athinai FIR,0.0,0.0,0.0,0.0,0.0
01-04 16,Barcelona FIR,0.2297,0.1296,0.0166,0.2997,0.2832
01-04 16,Beograd FIR,0.0,0.0,0.0,0.0,0.0
01-04 16,Bordeaux FIR,0.2356,0.0285,0.0015,0.3155,0.3141
01-04 16,Bratislava  FIR,0.003,0.0,0.0,0.0172,0.0172
01-04 16,Bremen FIR,0.035,0.0043,0.0,0.0546,0.0546
01-04 16,Brest FIR,0.0115,0.0,0.0,0.0241,0.0241
01-04 16,Brindisi FIR,0.0,0.0,0.0,0.0022,0.0022
01-04 16,Brussels FIR,0.0537,0.0046,0.0,0.1628,0.1628
01-04 16,Bucarest FIR,0.0026,0.0002,0.0,0.0104,0.0104
01-04 16,Budapest FIR,0.0,0.0,0.0,0.0097,0.0097
01-04 16,Canarias FIR,0.0,0.0,0.0045,0.0045,0.0
01-04 16,Chisinau FIR,0.0033,0.0,0.0,0.0282,0.0282
01-04 16,Copenhagen FIR,0.0534,0.0,0.0,0.1553,0.1553
01-04 16,Helsinki FIR,0.0,0.0,0.0,0.0001,0.0001
01-04 16,Langen FIR,0.001,0.0,0.0,0.0729,0.0729
01-04 16,Lisboa FIR,0.0004,0.0,0.0004,0.0059,0.0055
01-04 16,Ljubljana FIR,0.0,0.0,0.0,0.0,0.0
01-04 16,London FIR,0.0095,0.0,0.0,0.0734,0.0734
01-04 16,Madrid FIR,0.0925,0.0059,0.0036,0.1517,0.1481
01-04 16,Malta FIR,0.0,0.0,0.0,0.0,0.0
01-04 16,Marseille FIR,0.1893,0.0723,0.0041,0.2414,0.2372
01-04 16,Milano FIR,0.0151,0.0009,0.0,0.1127,0.1127
01-04 16,Munchen FIR,0.0,0.0,0.0,0.0036,0.0036
01-04 16,Paris FIR,0.0639,0.0074,0.0,0.1821,0.1821
01-04 16,Polaris FIR,0.0432,0.0076,0.0,0.11,0.11
01-04 16,Praha FIR,0.0,0.0,0.0,0.0053,0.0053
01-04 16,Reims FIR,0.0465,0.0,0.0,0.3067,0.3067
01-04 16,Reykjavik FIR,0.0251,0.0065,0.0001,0.045,0.045
01-04 16,Riga FIR,0.0061,0.0,0.0,0.0159,0.0159
01-04 16,Roma FIR,0.0073,0.0004,0.0001,0.0443,0.0443
01-04 16,Santa Maria FIR,0.0413,0.0094,0.0815,0.1841,0.1026
01-04 16,Sarajevo FIR,0.0,0.0,0.0,0.0,0.0
01-04 16,Scottish FIR,0.0592,0.0047,0.0001,0.0679,0.0678
01-04 16,Shannon FIR,0.0038,0.0,0.0017,0.009,0.0073
01-04 16,Skopje FIR,0.0,0.0,0.0,0.0,0.0
01-04 16,Sofia FIR,0.0042,0.0,0.0,0.0109,0.0109
01-04 16,Sweden FIR,0.0,0.0,0.0,0.0052,0.0052
01-04 16,Switzerland FIR,0.0041,0.0,0.0,0.2926,0.2926
01-04 16,Tallinn FIR,0.0,0.0,0.0,0.0,0.0
01-04 16,Tirana FIR,0.0,0.0,0.0,0.0,0.0
01-04 16,Vilnius FIR,0.0137,0.0,0.0,0.0325,0.0325
01-04 16,Warszawa FIR,0.0072,0.0022,0.0,0.0211,0.0211
01-04 16,Wien FIR,0.0,0.0,0.0,0.0066,0.0066
01-04 16,Zagreb FIR,0.0,0.0,0.0,0.0,0.0
01-04 17,Global,0.0206,0.0049,0.0203,0.0805,0.0602
01-04 17,Europe,0.048,0.0125,0.0,0.0921,0.0921
01-04 17,European Airspace,0.0241,0.0052,0.0055,0.0567,0.0512
01-04 17,Africa Middle East,0.017,0.0051,0.0024,0.0407,0.0383
01-04 17,East Asia,0.0017,0.0001,0.0,0.0041,0.0041
01-04 17,Southeast Asia,0.0641,0.0228,0.0005,0.139,0.1385
01-04 17,India,0.0114,0.0048,0.0,0.0342,0.0341
01-04 17,China,0.0164,0.0032,0.0005,0.0533,0.0528
01-04 17,Latin America,0.0109,0.0025,0.0566,0.1019,0.0453
01-04 17,USA,0.0032,0.0001,0.0455,0.0649,0.0194
01-04 17,North Atlantic,0.024,0.0009,0.0223,0.098,0.0757
01-04 17,North Pacific,0.0148,0.0026,0.0211,0.0779,0.0567
01-04 17,Amsterdam FIR,0.0006,0.0,0.0,0.1554,0.1554
01-04 17,Athinai FIR,0.0,0.0,0.0,0.0,0.0
01-04 17,Barcelona FIR,0.2477,0.1124,0.0,0.3213,0.3213
01-04 17,Beograd FIR,0.0,0.0,0.0,0.0,0.0
01-04 17,Bordeaux FIR,0.1771,0.0144,0.0,0.2867,0.2867
01-04 17,Bratislava  FIR,0.0,0.0,0.0,0.0125,0.0125
01-04 17,Bremen FIR,0.0309,0.0034,0.0,0.0539,0.0539
01-04 17,Brest FIR,0.0044,0.0,0.0,0.0125,0.0125
01-04 17,Brindisi FIR,0.0,0.0,0.0,0.0043,0.0043
01-04 17,Brussels FIR,0.102,0.0132,0.0,0.213,0.213
01-04 17,Bucarest FIR,0.0031,0.0008,0.0,0.0094,0.0094
01-04 17,Budapest FIR,0.0,0.0,0.0,0.0073,0.0073
01-04 17,Canarias FIR,0.0,0.0,0.003,0.003,0.0001
01-04 17,Chisinau FIR,0.0101,0.0,0.0,0.0284,0.0284
01-04 17,Copenhagen FIR,0.0315,0.0,0.0,0.1427,0.1427
01-04 17,Helsinki FIR,0.0,0.0,0.0,0.0,0.0
01-04 17,Langen FIR,0.0088,0.0005,0.0,0.0851,0.0851
01-04 17,Lisboa FIR,0.0,0.0,0.0001,0.0006,0.0006
01-04 17,Ljubljana FIR,0.0,0.0,0.0,0.0245,0.0245
01-04 17,London FIR,0.0101,0.0,0.0,0.0673,0.0673
01-04 17,Madrid FIR,0.0747,0.0065,0.0001,0.1403,0.1402
01-04 17,Malta FIR,0.0,0.0,0.0,0.0,0.0
01-04 17,Marseille FIR,0.2379,0.0859,0.0,0.3005,0.3005
01-04 17,Milano FIR,0.0447,0.0017,0.0,0.1852,0.1852
01-04 17,Munchen FIR,0.0,0.0,0.0,0.0255,0.0255
01-04 17,Paris FIR,0.047,0.0005,0.0,0.1516,0.1516
01-04 17,Polaris FIR,0.0384,0.0078,0.0,0.103,0.103
01-04 17,Praha FIR,0.0,0.0,0.0,0.0053,0.0053
01-04 17,Reims FIR,0.0924,0.0057,0.0,0.2983,0.2983
01-04 17,Reykjavik FIR,0.0262,0.0054,0.0,0.0458,0.0458
01-04 17,Riga FIR,0.0092,0.0,0.0,0.0115,0.0115
01-04 17,Roma FIR,0.0211,0.0039,0.0,0.0579,0.0579
01-04 17,Santa Maria FIR,0.0576,0.0126,0.0544,0.1888,0.1344
01-04 17,Sarajevo FIR,0.0,0.0,0.0,0.0,0.0
01-04 17,Scottish FIR,0.0575,0.0061,0.0,0.072,0.072
01-04 17,Shannon FIR,0.0052,0.0,0.0,0.0111,0.0111
01-04 17,Skopje FIR,0.0,0.0,0.0,0.0,0.0
01-04 17,Sofia FIR,0.0041,0.0,0.0,0.0153,0.0153
01-04 17,Sweden FIR,0.0,0.0,0.0,0.0055,0.0055
01-04 17,Switzerland FIR,0.024,0.0,0.0,0.231,0.231
01-04 17,Tallinn FIR,0.0,0.0,0.0,0.0,0.0
01-04 17,Tirana FIR,0.0,0.0,0.0,0.0,0.0
01-04 17,Vilnius FIR,0.0108,0.0,0.0,0.0211,0.0211
01-04 17,Warszawa FIR,0.0103,0.0051,0.0,0.0204,0.0204
01-04 17,Wien FIR,0.0,0.0,0.0,0.0166,0.0166
01-04 17,Zagreb FIR,0.0,0.0,0.0,0.0011,0.0011
01-04 18,Global,0.0202,0.0046,0.0211,0.0803,0.0592
01-04 18,Europe,0.0498,0.0123,0.0,0.0964,0.0964
01-04 18,European Airspace,0.0251,0.0053,0.003,0.0586,0.0556
01-04 18,Africa Middle East,0.0164,0.0049,0.0014,0.0409,0.0396
01-04 18,East Asia,0.0016,0.0001,0.0,0.0048,0.0048
01-04 18,Southeast Asia,0.0602,0.0182,0.0012,0.1419,0.1406
01-04 18,India,0.0109,0.0047,0.0,0.0332,0.0331
01-04 18,China,0.0163,0.0024,0.001,0.0527,0.0518
01-04 18,Latin America,0.0149,0.0041,0.0547,0.1005,0.0457
01-04 18,USA,0.0045,0.0002,0.045,0.0671,0.022
01-04 18,North Atlantic,0.0253,0.0012,0.009,0.0984,0.0894
01-04 18,North Pacific,0.0123,0.0028,0.0293,0.0798,0.0505
01-04 18,Amsterdam FIR,0.002,0.0,0.0,0.1627,0.1627
01-04 18,Athinai FIR,0.0,0.0,0.0,0.0,0.0
01-04 18,Barcelona FIR,0.2551,0.0773,0.0,0.3359,0.3359
01-04 18,Beograd FIR,0.0,0.0,0.0,0.0,0.0
01-04 18,Bordeaux FIR,0.1383,0.0114,0.0,0.2597,0.2597
01-04 18,Bratislava  FIR,0.0,0.0,0.0,0.0107,0.0107
01-04 18,Bremen FIR,0.0233,0.006,0.0,0.0522,0.0522
01-04 18,Brest FIR,0.0009,0.0,0.0,0.0032,0.0032
01-04 18,Brindisi FIR,0.0,0.0,0.0,0.0047,0.0047
01-04 18,Brussels FIR,0.1071,0.0,0.0,0.2222,0.2222
01-04 18,Bucarest FIR,0.0024,0.001,0.0,0.008,0.008
01-04 18,Budapest FIR,0.0,0.0,0.0,0.0039,0.0039
01-04 18,Canarias FIR,0.0005,0.0,0.0044,0.0074,0.0029
01-04 18,Chisinau FIR,0.0017,0.0,0.0,0.0341,0.0341
01-04 18,Copenhagen FIR,0.0146,0.0,0.0,0.1224,0.1224
01-04 18,Helsinki FIR,0.0,0.0,0.0,0.0,0.0
01-04 18,Langen FIR,0.046,0.0002,0.0,0.114,0.114
01-04 18,Lisboa FIR,0.0,0.0,0.0,0.0,0.0
01-04 18,Ljubljana FIR,0.0,0.0,0.0,0.1014,0.1014
01-04 18,London FIR,0.0111,0.0001,0.0,0.0627,0.0627
01-04 18,Madrid FIR,0.0603,0.0052,0.0,0.1234,0.1234
01-04 18,Malta FIR,0.0,0.0,0.0,0.0,0.0
01-04 18,Marseille FIR,0.2664,0.1035,0.0,0.348,0.348
01-04 18,Milano FIR,0.0826,0.0007,0.0,0.2469,0.2469
01-04 18,Munchen FIR,0.0,0.0,0.0,0.0364,0.0364
01-04 18,Paris FIR,0.032,0.0,0.0,0.1308,0.1308
01-04 18,Polaris FIR,0.0334,0.0095,0.0,0.1,0.1
01-04 18,Praha FIR,0.0,0.0,0.0,0.0028,0.0028
01-04 18,Reims FIR,0.0866,0.0005,0.0,0.3085,0.3085
01-04 18,Reykjavik FIR,0.0277,0.0056,0.0,0.046,0.046
01-04 18,Riga FIR,0.0072,0.0,0.0,0.0072,0.0072
01-04 18,Roma FIR,0.0423,0.0088,0.0,0.084,0.084
01-04 18,Santa Maria FIR,0.0661,0.0155,0.0318,0.1925,0.1607
01-04 18,Sarajevo FIR,0.0,0.0,0.0,0.0,0.0
01-04 18,Scottish FIR,0.054,0.0086,0.0,0.0722,0.0722
01-04 18,Shannon FIR,0.0049,0.0,0.0,0.0122,0.0122
01-04 18,Skopje FIR,0.0,0.0,0.0,0.0,0.0
01-04 18,Sofia FIR,0.0046,0.0002,0.0,0.0168,0.0168
01-04 18,Sweden FIR,0.0,0.0,0.0,0.0053,0.0053
01-04 18,Switzerland FIR,0.0643,0.0,0.0,0.3384,0.3384
01-04 18,Tallinn FIR,0.0,0.0,0.0,0.0,0.0
01-04 18,Tirana FIR,0.0,0.0,0.0,0.0,0.0
01-04 18,Vilnius FIR,0.0057,0.0,0.0,0.0109,0.0109
01-04 18,Warszawa FIR,0.0128,0.0063,0.0,0.0225,0.0225
01-04 18,Wien FIR,0.0003,0.0,0.0,0.0149,0.0149
01-04 18,Zagreb FIR,0.0,0.0,0.0,0.0024,0.0024
01-04 19,Global,0.0201,0.0045,0.0215,0.0799,0.0584
01-04 19,Europe,0.0517,0.0107,0.0,0.1013,0.1013
01-04 19,European Airspace,0.0256,0.0049,0.0001,0.061,0.0609
01-04 19,Africa Middle East,0.016,0.0048,0.0006,0.0406,0.04
01-04 19,East Asia,0.0014,0.0,0.0,0.0053,0.0053
01-04 19,Southeast Asia,0.0526,0.0129,0.0036,0.1424,0.1388
01-04 19,India,0.0105,0.0043,0.0,0.032,0.032
01-04 19,China,0.0161,0.0018,0.0017,0.0522,0.0505
01-04 19,Latin America,0.0209,0.0065,0.048,0.0998,0.0517
01-04 19,USA,0.0073,0.0004,0.0404,0.07,0.0296
01-04 19,North Atlantic,0.0259,0.0017,0.0022,0.0996,0.0973
01-04 19,North Pacific,0.0113,0.0029,0.0372,0.0803,0.0431
01-04 19,Amsterdam FIR,0.005,0.0,0.0,0.1747,0.1747
01-04 19,Athinai FIR,0.0,0.0,0.0,0.0,0.0
01-04 19,Barcelona FIR,0.2443,0.0469,0.0,0.3368,0.3368
01-04 19,Beograd FIR,0.0,0.0,0.0,0.0,0.0
01-04 19,Bordeaux FIR,0.1048,0.0053,0.0,0.2154,0.2154
01-04 19,Bratislava  FIR,0.0,0.0,0.0,0.0095,0.0095
01-04 19,Bremen FIR,0.0139,0.0053,0.0,0.0386,0.0386
01-04 19,Brest FIR,0.0,0.0,0.0,0.0019,0.0019
01-04 19,Brindisi FIR,0.0,0.0,0.0,0.0072,0.0072
01-04 19,Brussels FIR,0.087,0.0,0.0,0.2048,0.2048
01-04 19,Bucarest FIR,0.0032,0.0012,0.0,0.0072,0.0072
01-04 19,Budapest FIR,0.0,0.0,0.0,0.0009,0.0009
01-04 19,Canarias FIR,0.0019,0.0001,0.0,0.0146,0.0146
01-04 19,Chisinau FIR,0.0066,0.0,0.0,0.0174,0.0174
01-04 19,Copenhagen FIR,0.0068,0.0,0.0,0.0957,0.0957
01-04 19,Helsinki FIR,0.0,0.0,0.0,0.0001,0.0001
01-04 19,Langen FIR,0.0833,0.0022,0.0,0.1617,0.1617
01-04 19,Lisboa FIR,0.0,0.0,0.0,0.0,0.0
01-04 19,Ljubljana FIR,0.0,0.0,0.0,0.1455,0.1455
01-04 19,London FIR,0.0115,0.0005,0.0,0.0579,0.0579
01-04 19,Madrid FIR,0.0444,0.0039,0.0,0.1094,0.1094
01-04 19,Malta FIR,0.0,0.0,0.0,0.0,0.0
01-04 19,Marseille FIR,0.2957,0.0752,0.0,0.3976,0.3976
01-04 19,Milano FIR,0.1188,0.0118,0.0,0.3024,0.3024
01-04 19,Munchen FIR,0.0,0.0,0.0,0.037,0.037
01-04 19,Paris FIR,0.0405,0.0004,0.0,0.1025,0.1025
01-04 19,Polaris FIR,0.0351,0.015,0.0,0.1037,0.1037
01-04 19,Praha FIR,0.0,0.0,0.0,0.0,0.0
01-04 19,Reims FIR,0.0562,0.0005,0.0,0.3192,0.3192
01-04 19,Reykjavik FIR,0.0279,0.0069,0.0,0.0471,0.0471
01-04 19,Riga FIR,0.0043,0.0,0.0,0.0043,0.0043
01-04 19,Roma FIR,0.0646,0.0127,0.0,0.1299,0.1299
01-04 19,Santa Maria FIR,0.0672,0.0157,0.0072,0.1967,0.1895
01-04 19,Sarajevo FIR,0.0,0.0,0.0,0.0,0.0
01-04 19,Scottish FIR,0.0505,0.0128,0.0,0.076,0.076
01-04 19,Shannon FIR,0.0017,0.0,0.0,0.0103,0.0103
01-04 19,Skopje FIR,0.0,0.0,0.0,0.0,0.0
01-04 19,Sofia FIR,0.0037,0.0007,0.0,0.012,0.012
01-04 19,Sweden FIR,0.0,0.0,0.0,0.0053,0.0053
01-04 19,Switzerland FIR,0.0681,0.0,0.0,0.3824,0.3824
01-04 19,Tallinn FIR,0.0,0.0,0.0,0.0,0.0
01-04 19,Tirana FIR,0.0,0.0,0.0,0.0,0.0
01-04 19,Vilnius FIR,0.0016,0.0,0.0,0.0026,0.0026
01-04 19,Warszawa FIR,0.0194,0.0107,0.0,0.0277,0.0277
01-04 19,Wien FIR,0.0,0.0,0.0,0.0374,0.0374
01-04 19,Zagreb FIR,0.0,0.0,0.0,0.0214,0.0214
01-04 20,Global,0.0203,0.0044,0.0217,0.0796,0.0579
01-04 20,Europe,0.0526,0.0094,0.0,0.1027,0.1027
01-04 20,European Airspace,0.0251,0.0046,0.0,0.0635,0.0635
01-04 20,Africa Middle East,0.0158,0.0046,0.0001,0.0405,0.0404
01-04 20,East Asia,0.0006,0.0,0.0003,0.0056,0.0053
01-04 20,Southeast Asia,0.0423,0.0065,0.0097,0.1416,0.1319
01-04 20,India,0.0092,0.0037,0.0001,0.0303,0.0303
01-04 20,China,0.0158,0.0011,0.0025,0.0526,0.0501
01-04 20,Latin America,0.0282,0.0098,0.0374,0.1,0.0626
01-04 20,USA,0.0135,0.0012,0.0324,0.0722,0.0399
01-04 20,North Atlantic,0.0263,0.0023,0.0005,0.1019,0.1014
01-04 20,North Pacific,0.0115,0.0028,0.0462,0.0807,0.0345
01-04 20,Amsterdam FIR,0.0168,0.0,0.0,0.1641,0.1641
01-04 20,Athinai FIR,0.0,0.0,0.0,0.0,0.0
01-04 20,Barcelona FIR,0.221,0.0373,0.0,0.3314,0.3314
01-04 20,Beograd FIR,0.0,0.0,0.0,0.0,0.0
01-04 20,Bordeaux FIR,0.0702,0.0004,0.0,0.1636,0.1636
01-04 20,Bratislava  FIR,0.0,0.0,0.0,0.0024,0.0024
01-04 20,Bremen FIR,0.005,0.002,0.0,0.0279,0.0279
01-04 20,Brest FIR,0.0,0.0,0.0,0.0017,0.0017
01-04 20,Brindisi FIR,0.0,0.0,0.0,0.0273,0.0273
01-04 20,Brussels FIR,0.0588,0.0,0.0,0.1458,0.1458
01-04 20,Bucarest FIR,0.0012,0.0004,0.0,0.0027,0.0027
01-04 20,Budapest FIR,0.0,0.0,0.0,0.0006,0.0006
01-04 20,Canarias FIR,0.0028,0.0,0.0,0.0232,0.0232
01-04 20,Chisinau FIR,0.0041,0.0,0.0,0.0091,0.0091
01-04 20,Copenhagen FIR,0.0086,0.0,0.0,0.0711,0.0711
01-04 20,Helsinki FIR,0.0005,0.0005,0.0,0.0007,0.0007
01-04 20,Langen FIR,0.09,0.0002,0.0,0.1918,0.1918
01-04 20,Lisboa FIR,0.0,0.0,0.0,0.0,0.0
01-04 20,Ljubljana FIR,0.0,0.0,0.0,0.0683,0.0683
01-04 20,London FIR,0.0128,0.0015,0.0,0.0508,0.0508
01-04 20,Madrid FIR,0.0323,0.0011,0.0,0.088,0.088
01-04 20,Malta FIR,0.0,0.0,0.0,0.0,0.0
01-04 20,Marseille FIR,0.3038,0.0586,0.0,0.4129,0.4129
01-04 20,Milano FIR,0.133,0.0067,0.0,0.3659,0.3659
01-04 20,Munchen FIR,0.011,0.0041,0.0,0.0777,0.0777
01-04 20,Paris FIR,0.0444,0.0029,0.0,0.0875,0.0875
01-04 20,Polaris FIR,0.0355,0.0191,0.0,0.1062,0.1062
01-04 20,Praha FIR,0.0,0.0,0.0,0.0007,0.0007
01-04 20,Reims FIR,0.1232,0.016,0.0,0.3309,0.3309
01-04 20,Reykjavik FIR,0.026,0.008,0.0,0.0478,0.0478
01-04 20,Riga FIR,0.0026,0.0,0.0,0.0026,0.0026
01-04 20,Roma FIR,0.0813,0.0126,0.0,0.167,0.167
01-04 20,Santa Maria FIR,0.064,0.0147,0.0,0.2006,0.2006
01-04 20,Sarajevo FIR,0.0,0.0,0.0,0.0,0.0
01-04 20,Scottish FIR,0.0455,0.0151,0.0,0.0752,0.0752
01-04 20,Shannon FIR,0.001,0.0,0.0,0.0086,0.0086
01-04 20,Skopje FIR,0.0,0.0,0.0,0.0,0.0
01-04 20,Sofia FIR,0.0015,0.0,0.0,0.0074,0.0074
01-04 20,Sweden FIR,0.0001,0.0001,0.0,0.0047,0.0047
01-04 20,Switzerland FIR,0.137,0.0007,0.0,0.4,0.4
01-04 20,Tallinn FIR,0.0,0.0,0.0,0.0,0.0
01-04 20,Tirana FIR,0.0,0.0,0.0,0.0,0.0
01-04 20,Vilnius FIR,0.0,0.0,0.0,0.0,0.0
01-04 20,Warszawa FIR,0.0246,0.0152,0.0,0.0332,0.0332
01-04 20,Wien FIR,0.0007,0.0,0.0,0.0529,0.0529
01-04 20,Zagreb FIR,0.0,0.0,0.0,0.0452,0.0452
01-04 21,Global,0.0204,0.0043,0.0217,0.0793,0.0576
01-04 21,Europe,0.0521,0.0085,0.0,0.1037,0.1037
01-04 21,European Airspace,0.0255,0.0045,0.0,0.0661,0.0661
01-04 21,Africa Middle East,0.0155,0.0039,0.0001,0.0409,0.0408
01-04 21,East Asia,0.0,0.0,0.0019,0.0057,0.0038
01-04 21,Southeast Asia,0.0275,0.002,0.0227,0.1384,0.1157
01-04 21,India,0.008,0.0026,0.0001,0.0294,0.0293
01-04 21,China,0.0144,0.0005,0.0037,0.0543,0.0506
01-04 21,Latin America,0.0351,0.0134,0.0258,0.1009,0.0751
01-04 21,USA,0.0198,0.0023,0.0229,0.0725,0.0496
01-04 21,North Atlantic,0.028,0.0025,0.0,0.1028,0.1028
01-04 21,North Pacific,0.0128,0.0029,0.0518,0.0828,0.031
01-04 21,Amsterdam FIR,0.0226,0.0,0.0,0.1586,0.1586
01-04 21,Athinai FIR,0.0,0.0,0.0,0.0,0.0
01-04 21,Barcelona FIR,0.2,0.0267,0.0,0.3249,0.3249
01-04 21,Beograd FIR,0.0,0.0,0.0,0.0,0.0
01-04 21,Bordeaux FIR,0.0396,0.0,0.0,0.1142,0.1142
01-04 21,Bratislava  FIR,0.0,0.0,0.0,0.0131,0.0131
01-04 21,Bremen FIR,0.0006,0.0,0.0,0.0212,0.0212
01-04 21,Brest FIR,0.0001,0.0,0.0,0.0014,0.0014
01-04 21,Brindisi FIR,0.0004,0.0,0.0,0.0654,0.0654
01-04 21,Brussels FIR,0.0315,0.0,0.0,0.1186,0.1186
01-04 21,Bucarest FIR,0.0001,0.0,0.0,0.0006,0.0006
01-04 21,Budapest FIR,0.0,0.0,0.0,0.0056,0.0056
01-04 21,Canarias FIR,0.0047,0.0001,0.0,0.0292,0.0292
01-04 21,Chisinau FIR,0.0008,0.0,0.0,0.0049,0.0049
01-04 21,Copenhagen FIR,0.0098,0.0,0.0,0.0536,0.0536
01-04 21,Helsinki FIR,0.0014,0.0012,0.0,0.002,0.002
01-04 21,Langen FIR,0.1098,0.0024,0.0,0.2083,0.2083
01-04 21,Lisboa FIR,0.0,0.0,0.0,0.0,0.0
01-04 21,Ljubljana FIR,0.0,0.0,0.0,0.0474,0.0474
01-04 21,London FIR,0.0147,0.0032,0.0,0.0467,0.0467
01-04 21,Madrid FIR,0.019,0.0002,0.0,0.0672,0.0672
01-04 21,Malta FIR,0.0,0.0,0.0,0.0,0.0
01-04 21,Marseille FIR,0.2775,0.052,0.0,0.4107,0.4107
01-04 21,Milano FIR,0.1381,0.0,0.0,0.416,0.416
01-04 21,Munchen FIR,0.0218,0.0088,0.0,0.1236,0.1236
01-04 21,Paris FIR,0.0365,0.0055,0.0,0.069,0.069
01-04 21,Polaris FIR,0.0337,0.0205,0.0,0.0993,0.0993
01-04 21,Praha FIR,0.0,0.0,0.0,0.0,0.0
01-04 21,Reims FIR,0.167,0.0201,0.0,0.2976,0.2976
01-04 21,Reykjavik FIR,0.0244,0.0079,0.0,0.0482,0.0482
01-04 21,Riga FIR,0.0094,0.0,0.0,0.0099,0.0099
01-04 21,Roma FIR,0.1013,0.0143,0.0,0.2013,0.2013
01-04 21,Santa Maria FIR,0.0632,0.0131,0.0,0.2004,0.2004
01-04 21,Sarajevo FIR,0.0,0.0,0.0,0.0,0.0
01-04 21,Scottish FIR,0.0421,0.0173,0.0,0.0716,0.0716
01-04 21,Shannon FIR,0.0007,0.0,0.0,0.0076,0.0076
01-04 21,Skopje FIR,0.0,0.0,0.0,0.0,0.0
01-04 21,Sofia FIR,0.0,0.0,0.0,0.0046,0.0046
01-04 21,Sweden FIR,0.0001,0.0001,0.0,0.0036,0.0036
01-04 21,Switzerland FIR,0.2389,0.0202,0.0,0.4031,0.4031
01-04 21,Tallinn FIR,0.0,0.0,0.0,0.0,0.0
01-04 21,Tirana FIR,0.0,0.0,0.0,0.0,0.0
01-04 21,Vilnius FIR,0.0,0.0,0.0,0.0,0.0
01-04 21,Warszawa FIR,0.0259,0.0161,0.0,0.0362,0.0362
01-04 21,Wien FIR,0.0111,0.0028,0.0,0.0712,0.0712
01-04 21,Zagreb FIR,0.0,0.0,0.0,0.0733,0.0733
01-04 22,Global,0.0207,0.0044,0.0203,0.0774,0.0571
01-04 22,Europe,0.0531,0.0085,0.0,0.101,0.101
01-04 22,European Airspace,0.0259,0.0046,0.0,0.0642,0.0642
01-04 22,Africa Middle East,0.0157,0.0035,0.0002,0.0421,0.042
01-04 22,East Asia,0.0,0.0,0.0045,0.0055,0.001
01-04 22,Southeast Asia,0.0162,0.0008,0.0399,0.1292,0.0893
01-04 22,India,0.0063,0.0016,0.0005,0.0278,0.0273
01-04 22,China,0.0121,0.0001,0.0064,0.0564,0.05
01-04 22,Latin America,0.0406,0.0165,0.0118,0.0954,0.0836
01-04 22,USA,0.0235,0.0036,0.0166,0.0745,0.0579
01-04 22,North Atlantic,0.029,0.0031,0.0,0.0985,0.0985
01-04 22,North Pacific,0.0159,0.0033,0.053,0.0864,0.0334
01-04 22,Amsterdam FIR,0.0265,0.0,0.0,0.1316,0.1316
01-04 22,Athinai FIR,0.0,0.0,0.0,0.0,0.0
01-04 22,Barcelona FIR,0.1788,0.0302,0.0,0.325,0.325
01-04 22,Beograd FIR,0.0,0.0,0.0,0.0,0.0
01-04 22,Bordeaux FIR,0.0236,0.0007,0.0,0.0771,0.0771
01-04 22,Bratislava  FIR,0.0,0.0,0.0,0.019,0.019
01-04 22,Bremen FIR,0.0006,0.0,0.0,0.0271,0.0271
01-04 22,Brest FIR,0.0,0.0,0.0,0.0001,0.0001
01-04 22,Brindisi FIR,0.0105,0.0,0.0,0.0796,0.0796
01-04 22,Brussels FIR,0.0431,0.0,0.0,0.0751,0.0751
01-04 22,Bucarest FIR,0.0,0.0,0.0,0.0,0.0
01-04 22,Budapest FIR,0.0,0.0,0.0,0.008,0.008
01-04 22,Canarias FIR,0.0045,0.0001,0.0,0.0317,0.0317
01-04 22,Chisinau FIR,0.0,0.0,0.0,0.0033,0.0033
01-04 22,Copenhagen FIR,0.0092,0.0,0.0,0.0448,0.0448
01-04 22,Helsinki FIR,0.0016,0.0015,0.0,0.0027,0.0027
01-04 22,Langen FIR,0.1401,0.006,0.0,0.2323,0.2323
01-04 22,Lisboa FIR,0.0008,0.0001,0.0,0.0061,0.0061
01-04 22,Ljubljana FIR,0.0,0.0,0.0,0.0655,0.0655
01-04 22,London FIR,0.0174,0.0039,0.0,0.0406,0.0406
01-04 22,Madrid FIR,0.0105,0.0001,0.0,0.0462,0.0462
01-04 22,Malta FIR,0.0,0.0,0.0,0.0,0.0
01-04 22,Marseille FIR,0.2498,0.0498,0.0,0.393,0.393
01-04 22,Milano FIR,0.1311,0.0044,0.0,0.4186,0.4186
01-04 22,Munchen FIR,0.0379,0.0033,0.0,0.1274,0.1274
01-04 22,Paris FIR,0.0199,0.0012,0.0,0.0488,0.0488
01-04 22,Polaris FIR,0.0289,0.0167,0.0,0.0791,0.0791
01-04 22,Praha FIR,0.0,0.0,0.0,0.0155,0.0155
01-04 22,Reims FIR,0.1595,0.0109,0.0,0.2557,0.2557
01-04 22,Reykjavik FIR,0.024,0.009,0.0,0.0486,0.0486
01-04 22,Riga FIR,0.0035,0.0,0.0,0.0081,0.0081
01-04 22,Roma FIR,0.129,0.0178,0.0,0.2166,0.2166
01-04 22,Santa Maria FIR,0.0597,0.0107,0.0,0.1789,0.1789
01-04 22,Sarajevo FIR,0.0,0.0,0.0,0.0,0.0
01-04 22,Scottish FIR,0.0392,0.0133,0.0,0.0558,0.0558
01-04 22,Shannon FIR,0.0004,0.0002,0.0,0.0038,0.0038
01-04 22,Skopje FIR,0.0,0.0,0.0,0.0,0.0
01-04 22,Sofia FIR,0.0,0.0,0.0,0.002,0.002
01-04 22,Sweden FIR,0.0,0.0,0.0,0.001,0.001
01-04 22,Switzerland FIR,0.2535,0.0189,0.0,0.4112,0.4112
01-04 22,Tallinn FIR,0.0,0.0,0.0,0.0,0.0
01-04 22,Tirana FIR,0.0,0.0,0.0,0.0,0.0
01-04 22,Vilnius FIR,0.0,0.0,0.0,0.0,0.0
01-04 22,Warszawa FIR,0.0333,0.0173,0.0,0.0431,0.0431
01-04 22,Wien FIR,0.0476,0.0027,0.0,0.1141,0.1141
01-04 22,Zagreb FIR,0.0,0.0,0.0,0.0949,0.0949
01-04 23,Global,0.0209,0.0044,0.0204,0.0781,0.0577
01-04 23,Europe,0.0548,0.0076,0.0,0.1049,0.1049
01-04 23,European Airspace,0.0281,0.0046,0.0,0.068,0.068
01-04 23,Africa Middle East,0.0148,0.0025,0.0003,0.0423,0.042
01-04 23,East Asia,0.0,0.0,0.0049,0.0053,0.0005
01-04 23,Southeast Asia,0.0127,0.0008,0.0618,0.1296,0.0678
01-04 23,India,0.0047,0.0009,0.002,0.0265,0.0245
01-04 23,China,0.0092,0.0,0.0106,0.0595,0.0489
01-04 23,Latin America,0.0449,0.0186,0.0045,0.0975,0.093
01-04 23,USA,0.0241,0.0044,0.0083,0.0751,0.0668
01-04 23,North Atlantic,0.0317,0.0039,0.0,0.1013,0.1013
01-04 23,North Pacific,0.0205,0.0042,0.0507,0.0911,0.0404
01-04 23,Amsterdam FIR,0.024,0.0,0.0,0.1065,0.1065
01-04 23,Athinai FIR,0.0001,0.0,0.0,0.0007,0.0007
01-04 23,Barcelona FIR,0.1428,0.0145,0.0,0.3067,0.3067
01-04 23,Beograd FIR,0.0,0.0,0.0,0.0,0.0
01-04 23,Bordeaux FIR,0.0265,0.0015,0.0,0.0776,0.0776
01-04 23,Bratislava  FIR,0.0,0.0,0.0,0.0071,0.0071
01-04 23,Bremen FIR,0.0102,0.0,0.0,0.0554,0.0554
01-04 23,Brest FIR,0.0,0.0,0.0,0.0007,0.0007
01-04 23,Brindisi FIR,0.0405,0.0012,0.0,0.1311,0.1311
01-04 23,Brussels FIR,0.0477,0.0015,0.0,0.056,0.056
01-04 23,Bucarest FIR,0.0,0.0,0.0,0.0,0.0
01-04 23,Budapest FIR,0.0,0.0,0.0,0.0177,0.0177
01-04 23,Canarias FIR,0.0078,0.0,0.0,0.0464,0.0464
01-04 23,Chisinau FIR,0.0,0.0,0.0,0.0,0.0
01-04 23,Copenhagen FIR,0.0089,0.0,0.0,0.0403,0.0403
01-04 23,Helsinki FIR,0.0021,0.0014,0.0,0.0036,0.0036
01-04 23,Langen FIR,0.1577,0.0072,0.0,0.229,0.229
01-04 23,Lisboa FIR,0.006,0.0008,0.0,0.0274,0.0274
01-04 23,Ljubljana FIR,0.0016,0.0,0.0,0.2041,0.2041
01-04 23,London FIR,0.0185,0.0038,0.0,0.0343,0.0343
01-04 23,Madrid FIR,0.0092,0.0003,0.0,0.0356,0.0356
01-04 23,Malta FIR,0.0,0.0,0.0,0.0,0.0
01-04 23,Marseille FIR,0.2393,0.0483,0.0001,0.3786,0.3785
01-04 23,Milano FIR,0.1302,0.0141,0.0,0.4253,0.4253
01-04 23,Munchen FIR,0.0918,0.0,0.0,0.1901,0.1901
01-04 23,Paris FIR,0.0046,0.0,0.0,0.0268,0.0268
01-04 23,Polaris FIR,0.0241,0.0118,0.0,0.0693,0.0693
01-04 23,Praha FIR,0.0004,0.0,0.0,0.055,0.055
01-04 23,Reims FIR,0.1111,0.0031,0.0,0.2339,0.2339
01-04 23,Reykjavik FIR,0.0236,0.0091,0.0,0.0462,0.0462
01-04 23,Riga FIR,0.003,0.0,0.0,0.0081,0.0081
01-04 23,Roma FIR,0.1426,0.0193,0.0,0.2234,0.2234
01-04 23,Santa Maria FIR,0.0614,0.0101,0.0,0.1784,0.1784
01-04 23,Sarajevo FIR,0.0,0.0,0.0,0.0,0.0
01-04 23,Scottish FIR,0.0412,0.0104,0.0,0.0567,0.0567
01-04 23,Shannon FIR,0.0,0.0,0.0,0.0006,0.0006
01-04 23,Skopje FIR,0.0,0.0,0.0,0.0,0.0
01-04 23,Sofia FIR,0.0,0.0,0.0,0.0,0.0
01-04 23,Sweden FIR,0.0,0.0,0.0,0.0001,0.0001
01-04 23,Switzerland FIR,0.202,0.0,0.0,0.4112,0.4112
01-04 23,Tallinn FIR,0.0,0.0,0.0,0.0,0.0
01-04 23,Tirana FIR,0.0,0.0,0.0,0.0072,0.0072
01-04 23,Vilnius FIR,0.0,0.0,0.0,0.0,0.0
01-04 23,Warszawa FIR,0.0391,0.0125,0.0,0.0461,0.0461
01-04 23,Wien FIR,0.0893,0.0034,0.0,0.2112,0.2112
01-04 23,Zagreb FIR,0.0,0.0,0.0,0.1225,0.1225
01-05 00,Global,0.0209,0.0045,0.0206,0.0786,0.058
01-05 00,Europe,0.0543,0.0052,0.0001,0.1078,0.1077
01-05 00,European Airspace,0.0293,0.0043,0.0,0.0712,0.0711
01-05 00,Africa Middle East,0.0128,0.0016,0.0005,0.0416,0.0411
01-05 00,East Asia,0.0,0.0,0.0047,0.0048,0.0002
01-05 00,Southeast Asia,0.0138,0.0014,0.0729,0.1287,0.0558
01-05 00,India,0.0036,0.0001,0.0056,0.0256,0.02
01-05 00,China,0.0052,0.0,0.0176,0.0623,0.0447
01-05 00,Latin America,0.0475,0.0194,0.0008,0.0995,0.0987
01-05 00,USA,0.0236,0.005,0.0044,0.0756,0.0712
01-05 00,North Atlantic,0.0343,0.0044,0.0,0.1046,0.1046
01-05 00,North Pacific,0.0258,0.0056,0.0437,0.0943,0.0505
01-05 00,Amsterdam FIR,0.016,0.0,0.0,0.071,0.071
01-05 00,Athinai FIR,0.0005,0.0,0.0,0.0044,0.0044
01-05 00,Barcelona FIR,0.1029,0.001,0.0,0.281,0.281
01-05 00,Beograd FIR,0.0,0.0,0.0,0.0003,0.0003
01-05 00,Bordeaux FIR,0.0288,0.0004,0.0,0.0764,0.0764
01-05 00,Bratislava  FIR,0.0,0.0,0.0,0.0006,0.0006
01-05 00,Bremen FIR,0.0265,0.0,0.0,0.0797,0.0797
01-05 00,Brest FIR,0.0,0.0,0.0,0.0003,0.0003
01-05 00,Brindisi FIR,0.0889,0.006,0.0,0.1992,0.1992
01-05 00,Brussels FIR,0.0178,0.0015,0.0,0.0255,0.0255
01-05 00,Bucarest FIR,0.0,0.0,0.0,0.0,0.0
01-05 00,Budapest FIR,0.0083,0.0,0.0,0.04,0.04
01-05 00,Canarias FIR,0.0122,0.0003,0.0,0.0621,0.0621
01-05 00,Chisinau FIR,0.0,0.0,0.0,0.0057,0.0057
01-05 00,Copenhagen FIR,0.0093,0.0,0.0,0.0397,0.0397
01-05 00,Helsinki FIR,0.0015,0.0007,0.0,0.0026,0.0026
01-05 00,Langen FIR,0.1505,0.0097,0.0,0.2174,0.2174
01-05 00,Lisboa FIR,0.0069,0.0007,0.0,0.0375,0.0375
01-05 00,Ljubljana FIR,0.0,0.0,0.0,0.392,0.392
01-05 00,London FIR,0.0185,0.0015,0.0,0.0303,0.0303
01-05 00,Madrid FIR,0.0094,0.0001,0.0,0.0271,0.0271
01-05 00,Malta FIR,0.0,0.0,0.0,0.0,0.0
01-05 00,Marseille FIR,0.2228,0.0391,0.0004,0.3722,0.3717
01-05 00,Milano FIR,0.169,0.0128,0.0,0.4164,0.4164
01-05 00,Munchen FIR,0.1302,0.0027,0.0,0.2317,0.2317
01-05 00,Paris FIR,0.002,0.0,0.0,0.0115,0.0115
01-05 00,Polaris FIR,0.0193,0.0079,0.0,0.0604,0.0604
01-05 00,Praha FIR,0.0053,0.0,0.0,0.0699,0.0699
01-05 00,Reims FIR,0.0531,0.001,0.0,0.1968,0.1968
01-05 00,Reykjavik FIR,0.0243,0.0094,0.0,0.0442,0.0442
01-05 00,Riga FIR,0.0023,0.0,0.0003,0.0063,0.0061
01-05 00,Roma FIR,0.1448,0.0153,0.0008,0.2327,0.2319
01-05 00,Santa Maria FIR,0.0611,0.0101,0.0,0.1739,0.1739
01-05 00,Sarajevo FIR,0.0,0.0,0.0,0.0124,0.0124
01-05 00,Scottish FIR,0.0422,0.0062,0.0,0.0521,0.0521
01-05 00,Shannon FIR,0.0,0.0,0.0,0.0,0.0
01-05 00,Skopje FIR,0.0,0.0,0.0,0.0,0.0
01-05 00,Sofia FIR,0.0,0.0,0.0,0.0,0.0
01-05 00,Sweden FIR,0.0,0.0,0.0,0.0001,0.0001
01-05 00,Switzerland FIR,0.1357,0.0,0.0,0.4038,0.4038
01-05 00,Tallinn FIR,0.0,0.0,0.0,0.0,0.0
01-05 00,Tirana FIR,0.0054,0.0,0.0,0.0402,0.0402
01-05 00,Vilnius FIR,0.0,0.0,0.0,0.0007,0.0007
01-05 00,Warszawa FIR,0.045,0.0086,0.0,0.0504,0.0504
01-05 00,Wien FIR,0.1132,0.0003,0.0,0.2917,0.2917
01-05 00,Zagreb FIR,0.0,0.0,0.0,0.1654,0.1654
01-05 01,Global,0.0209,0.0047,0.0207,0.0787,0.058
01-05 01,Europe,0.0509,0.0028,0.0004,0.1092,0.1088
01-05 01,European Airspace,0.0291,0.0038,0.0002,0.0737,0.0735
01-05 01,Africa Middle East,0.0102,0.0009,0.0012,0.0413,0.0401
01-05 01,East Asia,0.0,0.0,0.0038,0.0039,0.0001
01-05 01,Southeast Asia,0.0153,0.002,0.0719,0.1278,0.0559
01-05 01,India,0.0025,0.0001,0.0098,0.0247,0.0149
01-05 01,China,0.0037,0.0001,0.0266,0.0641,0.0375
01-05 01,Latin America,0.0497,0.019,0.0002,0.1002,0.0999
01-05 01,USA,0.0242,0.0053,0.0007,0.0735,0.0727
01-05 01,North Atlantic,0.0357,0.0043,0.0,0.1083,0.1083
01-05 01,North Pacific,0.0295,0.007,0.0316,0.0936,0.062
01-05 01,Amsterdam FIR,0.0061,0.0,0.0,0.0372,0.0372
01-05 01,Athinai FIR,0.0002,0.0,0.0,0.0124,0.0124
01-05 01,Barcelona FIR,0.0749,0.0,0.0002,0.2429,0.2426
01-05 01,Beograd FIR,0.0,0.0,0.0,0.0041,0.0041
01-05 01,Bordeaux FIR,0.0222,0.0,0.0,0.0585,0.0585
01-05 01,Bratislava  FIR,0.0024,0.0,0.0,0.0109,0.0109
01-05 01,Bremen FIR,0.0396,0.0,0.0,0.0992,0.0992
01-05 01,Brest FIR,0.0,0.0,0.0,0.0,0.0
01-05 01,Brindisi FIR,0.1374,0.0095,0.0002,0.2545,0.2543
01-05 01,Brussels FIR,0.0031,0.0,0.0,0.0039,0.0039
01-05 01,Bucarest FIR,0.0,0.0,0.0,0.0,0.0
01-05 01,Budapest FIR,0.0172,0.0,0.0,0.0884,0.0884
01-05 01,Canarias FIR,0.0163,0.0014,0.0,0.0759,0.0759
01-05 01,Chisinau FIR,0.0,0.0,0.0,0.0114,0.0114
01-05 01,Copenhagen FIR,0.0131,0.0,0.0,0.0477,0.0477
01-05 01,Helsinki FIR,0.0006,0.0004,0.0,0.0009,0.0009
01-05 01,Langen FIR,0.1391,0.0079,0.0,0.2057,0.2057
01-05 01,Lisboa FIR,0.0045,0.0001,0.0,0.0279,0.0279
01-05 01,Ljubljana FIR,0.0016,0.0,0.0,0.3412,0.3412
01-05 01,London FIR,0.0133,0.0007,0.0,0.0279,0.0279
01-05 01,Madrid FIR,0.0102,0.0,0.0,0.0193,0.0193
01-05 01,Malta FIR,0.0,0.0,0.0,0.0,0.0
01-05 01,Marseille FIR,0.188,0.015,0.0003,0.3568,0.3565
01-05 01,Milano FIR,0.2027,0.0013,0.0006,0.4159,0.4153
01-05 01,Munchen FIR,0.1228,0.0146,0.0,0.2427,0.2427
01-05 01,Paris FIR,0.0079,0.0,0.0,0.016,0.016
01-05 01,Polaris FIR,0.0189,0.0063,0.0001,0.055,0.0549
01-05 01,Praha FIR,0.0286,0.0032,0.0,0.0895,0.0895
01-05 01,Reims FIR,0.0484,0.0,0.0,0.1807,0.1807
01-05 01,Reykjavik FIR,0.0251,0.0099,0.0,0.0441,0.0441
01-05 01,Riga FIR,0.0,0.0,0.0,0.0035,0.0035
01-05 01,Roma FIR,0.128,0.0061,0.0035,0.2348,0.2313
01-05 01,Santa Maria FIR,0.0582,0.0084,0.0,0.1685,0.1685
01-05 01,Sarajevo FIR,0.0,0.0,0.0,0.0106,0.0106
01-05 01,Scottish FIR,0.0446,0.0066,0.0,0.0512,0.0512
01-05 01,Shannon FIR,0.0,0.0,0.0,0.0,0.0
01-05 01,Skopje FIR,0.0,0.0,0.0,0.0,0.0
01-05 01,Sofia FIR,0.0,0.0,0.0,0.0,0.0
01-05 01,Sweden FIR,0.0,0.0,0.0,0.0002,0.0002
01-05 01,Switzerland FIR,0.1047,0.0,0.0,0.3895,0.3895
01-05 01,Tallinn FIR,0.0,0.0,0.0,0.0,0.0
01-05 01,Tirana FIR,0.0027,0.0,0.0,0.0793,0.0793
01-05 01,Vilnius FIR,0.0059,0.0,0.0,0.0085,0.0085
01-05 01,Warszawa FIR,0.0458,0.0053,0.0,0.0505,0.0505
01-05 01,Wien FIR,0.0564,0.0,0.0,0.3466,0.3466
01-05 01,Zagreb FIR,0.0153,0.0,0.0,0.2103,0.2103
01-05 02,Global,0.0211,0.0049,0.0209,0.0788,0.0578
01-05 02,Europe,0.0434,0.001,0.0026,0.1099,0.1073
01-05 02,European Airspace,0.0265,0.0032,0.0011,0.0762,0.0752
01-05 02,Africa Middle East,0.0069,0.0004,0.0036,0.0407,0.0371
01-05 02,East Asia,0.0,0.0,0.0034,0.0036,0.0002
01-05 02,Southeast Asia,0.0154,0.0025,0.0685,0.126,0.0575
01-05 02,India,0.0023,0.0,0.0142,0.0251,0.0109
01-05 02,China,0.0041,0.0004,0.0377,0.0652,0.0275
01-05 02,Latin America,0.0506,0.0172,0.0003,0.1014,0.1011
01-05 02,USA,0.0249,0.006,0.0,0.0719,0.0719
01-05 02,North Atlantic,0.0364,0.0041,0.0,0.1131,0.1131
01-05 02,North Pacific,0.0324,0.0079,0.0192,0.094,0.0748
01-05 02,Amsterdam FIR,0.0011,0.0,0.0,0.0173,0.0173
01-05 02,Athinai FIR,0.0001,0.0,0.0,0.0198,0.0198
01-05 02,Barcelona FIR,0.0567,0.0,0.0001,0.222,0.2219
01-05 02,Beograd FIR,0.0053,0.0,0.0,0.0361,0.0361
01-05 02,Bordeaux FIR,0.0159,0.0002,0.0,0.032,0.032
01-05 02,Bratislava  FIR,0.0091,0.0,0.0,0.0217,0.0217
01-05 02,Bremen FIR,0.0334,0.0,0.0,0.1254,0.1254
01-05 02,Brest FIR,0.0,0.0,0.0,0.0,0.0
01-05 02,Brindisi FIR,0.1337,0.0,0.0165,0.2634,0.2469
01-05 02,Brussels FIR,0.0,0.0,0.0,0.0,0.0
01-05 02,Bucarest FIR,0.0,0.0,0.0,0.0018,0.0018
01-05 02,Budapest FIR,0.0021,0.0,0.0,0.1333,0.1333
01-05 02,Canarias FIR,0.0171,0.0014,0.0,0.0842,0.0842
01-05 02,Chisinau FIR,0.0,0.0,0.0,0.0082,0.0082
01-05 02,Copenhagen FIR,0.018,0.0,0.0,0.0651,0.0651
01-05 02,Helsinki FIR,0.0001,0.0001,0.0,0.0004,0.0004
01-05 02,Langen FIR,0.0985,0.0033,0.0,0.1798,0.1798
01-05 02,Lisboa FIR,0.0015,0.0,0.0,0.0137,0.0137
01-05 02,Ljubljana FIR,0.0,0.0,0.0,0.3577,0.3577
01-05 02,London FIR,0.0052,0.0,0.0,0.0226,0.0226
01-05 02,Madrid FIR,0.0066,0.0,0.0,0.0128,0.0128
01-05 02,Malta FIR,0.0,0.0,0.0,0.0,0.0
01-05 02,Marseille FIR,0.1315,0.0007,0.0066,0.3295,0.3229
01-05 02,Milano FIR,0.2112,0.0,0.003,0.4248,0.4218
01-05 02,Munchen FIR,0.1017,0.0123,0.0,0.2471,0.2471
01-05 02,Paris FIR,0.0033,0.0,0.0,0.0168,0.0168
01-05 02,Polaris FIR,0.0172,0.004,0.0001,0.048,0.0479
01-05 02,Praha FIR,0.0679,0.018,0.0,0.139,0.139
01-05 02,Reims FIR,0.0815,0.0,0.0,0.1728,0.1728
01-05 02,Reykjavik FIR,0.0265,0.0095,0.0,0.0454,0.0454
01-05 02,Riga FIR,0.0,0.0,0.0,0.0005,0.0005
01-05 02,Roma FIR,0.0953,0.0,0.0151,0.2305,0.2154
01-05 02,Santa Maria FIR,0.0538,0.0062,0.0001,0.1651,0.165
01-05 02,Sarajevo FIR,0.0,0.0,0.0,0.029,0.029
01-05 02,Scottish FIR,0.0466,0.0053,0.0,0.0516,0.0516
01-05 02,Shannon FIR,0.0,0.0,0.0,0.0,0.0
01-05 02,Skopje FIR,0.0,0.0,0.0,0.0,0.0
01-05 02,Sofia FIR,0.0,0.0,0.0,0.0,0.0
01-05 02,Sweden FIR,0.0,0.0,0.0,0.0002,0.0002
01-05 02,Switzerland FIR,0.0183,0.0,0.0014,0.3759,0.3745
01-05 02,Tallinn FIR,0.0,0.0,0.0,0.0003,0.0003
01-05 02,Tirana FIR,0.0044,0.0,0.0,0.1576,0.1576
01-05 02,Vilnius FIR,0.0202,0.001,0.0,0.0245,0.0245
01-05 02,Warszawa FIR,0.0411,0.0032,0.0,0.0469,0.0469
01-05 02,Wien FIR,0.0477,0.0,0.0,0.3843,0.3843
01-05 02,Zagreb FIR,0.072,0.0,0.003,0.3095,0.3065
01-05 03,Global,0.0213,0.0051,0.0211,0.0788,0.0577
01-05 03,Europe,0.033,0.0006,0.009,0.1094,0.1004
01-05 03,European Airspace,0.0226,0.0026,0.0034,0.0782,0.0748
01-05 03,Africa Middle East,0.0042,0.0001,0.0093,0.0398,0.0304
01-05 03,East Asia,0.0,0.0,0.0027,0.0031,0.0004
01-05 03,Southeast Asia,0.0149,0.0033,0.0684,0.1252,0.0568
01-05 03,India,0.002,0.0,0.0158,0.0256,0.0098
01-05 03,China,0.005,0.0007,0.0427,0.0655,0.0229
01-05 03,Latin America,0.05,0.0141,0.0007,0.103,0.1023
01-05 03,USA,0.0252,0.0062,0.0,0.0705,0.0705
01-05 03,North Atlantic,0.0348,0.0034,0.0,0.1179,0.1179
01-05 03,North Pacific,0.0337,0.0081,0.0095,0.0937,0.0843
01-05 03,Amsterdam FIR,0.0,0.0,0.0,0.0107,0.0107
01-05 03,Athinai FIR,0.0,0.0,0.0001,0.0206,0.0205
01-05 03,Barcelona FIR,0.0529,0.0,0.0,0.2057,0.2057
01-05 03,Beograd FIR,0.0086,0.0,0.0006,0.0499,0.0493
01-05 03,Bordeaux FIR,0.0086,0.0,0.0,0.0357,0.0357
01-05 03,Bratislava  FIR,0.0048,0.0,0.0,0.0548,0.0548
01-05 03,Bremen FIR,0.0149,0.0,0.0,0.1393,0.1393
01-05 03,Brest FIR,0.0,0.0,0.0,0.0,0.0
01-05 03,Brindisi FIR,0.0789,0.0,0.0656,0.2604,0.1948
01-05 03,Brussels FIR,0.0,0.0,0.0,0.0,0.0
01-05 03,Bucarest FIR,0.0,0.0,0.0003,0.0062,0.0058
01-05 03,Budapest FIR,0.0,0.0,0.0,0.1447,0.1447
01-05 03,Canarias FIR,0.0147,0.0007,0.0001,0.0886,0.0884
01-05 03,Chisinau FIR,0.0,0.0,0.0081,0.0213,0.0131
01-05 03,Copenhagen FIR,0.0196,0.0,0.0,0.0862,0.0862
01-05 03,Helsinki FIR,0.0,0.0,0.0,0.0003,0.0003
01-05 03,Langen FIR,0.058,0.0005,0.0,0.1341,0.1341
01-05 03,Lisboa FIR,0.0007,0.0,0.0,0.0067,0.0067
01-05 03,Ljubljana FIR,0.0033,0.0,0.0,0.376,0.376
01-05 03,London FIR,0.0014,0.0,0.0,0.0174,0.0174
01-05 03,Madrid FIR,0.0017,0.0,0.0,0.0054,0.0054
01-05 03,Malta FIR,0.0,0.0,0.0,0.0004,0.0004
01-05 03,Marseille FIR,0.0646,0.0001,0.0269,0.313,0.2861
01-05 03,Milano FIR,0.1906,0.0,0.0334,0.4035,0.3701
01-05 03,Munchen FIR,0.0781,0.0081,0.0,0.2546,0.2546
01-05 03,Paris FIR,0.0024,0.0,0.0,0.0089,0.0089
01-05 03,Polaris FIR,0.0154,0.0018,0.0001,0.0396,0.0395
01-05 03,Praha FIR,0.1157,0.0246,0.0,0.1833,0.1833
01-05 03,Reims FIR,0.107,0.0,0.0,0.1485,0.1485
01-05 03,Reykjavik FIR,0.0282,0.009,0.0,0.0488,0.0488
01-05 03,Riga FIR,0.0,0.0,0.0,0.0,0.0
01-05 03,Roma FIR,0.06,0.0,0.0385,0.2299,0.1914
01-05 03,Santa Maria FIR,0.0489,0.003,0.0008,0.1642,0.1634
01-05 03,Sarajevo FIR,0.0,0.0,0.0057,0.1909,0.1852
01-05 03,Scottish FIR,0.043,0.0038,0.0,0.0519,0.0519
01-05 03,Shannon FIR,0.0,0.0,0.0,0.0001,0.0001
01-05 03,Skopje FIR,0.0,0.0,0.0,0.076,0.076
01-05 03,Sofia FIR,0.0,0.0,0.0,0.0,0.0
01-05 03,Sweden FIR,0.0,0.0,0.0,0.0001,0.0001
01-05 03,Switzerland FIR,0.0615,0.002,0.0075,0.2804,0.2729
01-05 03,Tallinn FIR,0.0,0.0,0.0,0.0003,0.0003
01-05 03,Tirana FIR,0.0352,0.0,0.0009,0.2618,0.2609
01-05 03,Vilnius FIR,0.0364,0.0007,0.0,0.0397,0.0397
01-05 03,Warszawa FIR,0.0283,0.0012,0.0,0.0404,0.0404
01-05 03,Wien FIR,0.0631,0.0,0.0,0.3673,0.3673
01-05 03,Zagreb FIR,0.0761,0.0,0.0519,0.362,0.3101
01-05 04,Global,0.0216,0.0054,0.0209,0.0787,0.0578
01-05 04,Europe,0.0204,0.0001,0.0194,0.1088,0.0893
01-05 04,European Airspace,0.0178,0.0023,0.0074,0.0804,0.073
01-05 04,Africa Middle East,0.0025,0.0001,0.0165,0.0384,0.0219
01-05 04,East Asia,0.0001,0.0,0.002,0.0027,0.0007
01-05 04,Southeast Asia,0.0153,0.0048,0.0715,0.1242,0.0527
01-05 04,India,0.0014,0.0001,0.0153,0.0253,0.01
01-05 04,China,0.0066,0.0012,0.0419,0.0655,0.0236
01-05 04,Latin America,0.0471,0.0104,0.0016,0.1053,0.1036
01-05 04,USA,0.0266,0.0064,0.0,0.07,0.07
01-05 04,North Atlantic,0.0325,0.0031,0.0,0.1231,0.1231
01-05 04,North Pacific,0.0331,0.0081,0.0038,0.094,0.0901
01-05 04,Amsterdam FIR,0.0,0.0,0.0,0.0063,0.0063
01-05 04,Athinai FIR,0.0,0.0,0.0026,0.0251,0.0225
01-05 04,Barcelona FIR,0.0421,0.0,0.0001,0.1763,0.1762
01-05 04,Beograd FIR,0.0,0.0,0.0389,0.0885,0.0496
01-05 04,Bordeaux FIR,0.0,0.0,0.0,0.0244,0.0244
01-05 04,Bratislava  FIR,0.0179,0.0,0.0,0.1057,0.1057
01-05 04,Bremen FIR,0.0158,0.0,0.0,0.1344,0.1344
01-05 04,Brest FIR,0.0,0.0,0.0,0.0001,0.0001
01-05 04,Brindisi FIR,0.0012,0.0,0.1128,0.2549,0.1421
01-05 04,Brussels FIR,0.0,0.0,0.0,0.0008,0.0008
01-05 04,Bucarest FIR,0.0,0.0,0.0001,0.0027,0.0025
01-05 04,Budapest FIR,0.0012,0.0,0.0,0.133,0.133
01-05 04,Canarias FIR,0.0128,0.0001,0.0004,0.0962,0.0958
01-05 04,Chisinau FIR,0.0,0.0,0.0197,0.0271,0.0074
01-05 04,Copenhagen FIR,0.0169,0.0,0.0,0.1045,0.1045
01-05 04,Helsinki FIR,0.0,0.0,0.0,0.0011,0.0011
01-05 04,Langen FIR,0.0651,0.0,0.0,0.0955,0.0955
01-05 04,Lisboa FIR,0.0004,0.0,0.0,0.0033,0.0033
01-05 04,Ljubljana FIR,0.0082,0.0,0.0312,0.4187,0.3875
01-05 04,London FIR,0.0009,0.0,0.0001,0.0149,0.0149
01-05 04,Madrid FIR,0.0004,0.0,0.0,0.0018,0.0018
01-05 04,Malta FIR,0.0,0.0,0.0,0.0012,0.0012
01-05 04,Marseille FIR,0.0299,0.0,0.0319,0.3066,0.2747
01-05 04,Milano FIR,0.0782,0.0,0.0902,0.3673,0.2771
01-05 04,Munchen FIR,0.0757,0.0024,0.0011,0.2579,0.2568
01-05 04,Paris FIR,0.0011,0.0,0.0,0.0025,0.0025
01-05 04,Polaris FIR,0.0147,0.0014,0.0002,0.0328,0.0326
01-05 04,Praha FIR,0.1392,0.0042,0.0007,0.2013,0.2006
01-05 04,Reims FIR,0.1006,0.0,0.0,0.1303,0.1303
01-05 04,Reykjavik FIR,0.0292,0.0091,0.0,0.0526,0.0526
01-05 04,Riga FIR,0.0,0.0,0.0,0.0,0.0
01-05 04,Roma FIR,0.0213,0.0,0.0695,0.2305,0.1611
01-05 04,Santa Maria FIR,0.0412,0.0017,0.0028,0.1621,0.1594
01-05 04,Sarajevo FIR,0.0,0.0,0.1195,0.3952,0.2757
01-05 04,Scottish FIR,0.0387,0.002,0.0,0.0561,0.0561
01-05 04,Shannon FIR,0.0,0.0,0.0,0.0002,0.0002
01-05 04,Skopje FIR,0.0,0.0,0.0038,0.1445,0.1407
01-05 04,Sofia FIR,0.0,0.0,0.0,0.0,0.0
01-05 04,Sweden FIR,0.0,0.0,0.0,0.0,0.0
01-05 04,Switzerland FIR,0.1098,0.0,0.0169,0.214,0.197
01-05 04,Tallinn FIR,0.0,0.0,0.0,0.0,0.0
01-05 04,Tirana FIR,0.0,0.0,0.1288,0.3264,0.1976
01-05 04,Vilnius FIR,0.0519,0.0,0.0,0.0538,0.0538
01-05 04,Warszawa FIR,0.0154,0.0012,0.0,0.0376,0.0376
01-05 04,Wien FIR,0.0745,0.0,0.0139,0.3494,0.3355
01-05 04,Zagreb FIR,0.0327,0.0,0.1427,0.3953,0.2526
01-05 05,Global,0.022,0.0055,0.0206,0.0788,0.0582
01-05 05,Europe,0.0105,0.0,0.0348,0.1084,0.0736
01-05 05,European Airspace,0.0133,0.0018,0.0139,0.0823,0.0685
01-05 05,Africa Middle East,0.0022,0.0001,0.0197,0.0373,0.0175
01-05 05,East Asia,0.0002,0.0,0.0019,0.0028,0.0009
01-05 05,Southeast Asia,0.0188,0.0072,0.0715,0.1226,0.0511
01-05 05,India,0.0009,0.0001,0.0161,0.0258,0.0096
01-05 05,China,0.0089,0.0018,0.0403,0.0659,0.0256
01-05 05,Latin America,0.0412,0.0072,0.0043,0.1076,0.1033
01-05 05,USA,0.0285,0.0061,0.0,0.0703,0.0703
01-05 05,North Atlantic,0.0303,0.0018,0.0002,0.1285,0.1284
01-05 05,North Pacific,0.0337,0.008,0.0015,0.0948,0.0933
01-05 05,Amsterdam FIR,0.0,0.0,0.0,0.0044,0.0044
01-05 05,Athinai FIR,0.0,0.0,0.0145,0.0314,0.0169
01-05 05,Barcelona FIR,0.0151,0.0,0.0006,0.1383,0.1377
01-05 05,Beograd FIR,0.0,0.0,0.1188,0.1697,0.0509
01-05 05,Bordeaux FIR,0.0,0.0,0.0,0.0078,0.0078
01-05 05,Bratislava  FIR,0.0185,0.0,0.0,0.1528,0.1528
01-05 05,Bremen FIR,0.0038,0.0,0.0,0.1162,0.1162
01-05 05,Brest FIR,0.0,0.0,0.0,0.0,0.0
01-05 05,Brindisi FIR,0.0,0.0,0.1904,0.2459,0.0555
01-05 05,Brussels FIR,0.0,0.0,0.0,0.0,0.0
01-05 05,Bucarest FIR,0.0,0.0,0.0,0.0,0.0
01-05 05,Budapest FIR,0.0009,0.0,0.0,0.1419,0.1419
01-05 05,Canarias FIR,0.0083,0.0,0.0024,0.0937,0.0914
01-05 05,Chisinau FIR,0.0,0.0,0.0207,0.0223,0.0017
01-05 05,Copenhagen FIR,0.0129,0.0,0.0,0.1194,0.1194
01-05 05,Helsinki FIR,0.0001,0.0001,0.0,0.0029,0.0029
01-05 05,Langen FIR,0.058,0.0,0.0,0.0779,0.0779
01-05 05,Lisboa FIR,0.0,0.0,0.0,0.0018,0.0018
01-05 05,Ljubljana FIR,0.0033,0.0,0.2632,0.4887,0.2255
01-05 05,London FIR,0.0012,0.0,0.0001,0.0135,0.0134
01-05 05,Madrid FIR,0.0,0.0,0.0,0.0001,0.0001
01-05 05,Malta FIR,0.0,0.0,0.0005,0.0075,0.0069
01-05 05,Marseille FIR,0.0227,0.0,0.0329,0.317,0.2841
01-05 05,Milano FIR,0.0035,0.0,0.1433,0.3176,0.1744
01-05 05,Munchen FIR,0.0968,0.0,0.0177,0.2489,0.2312
01-05 05,Paris FIR,0.0,0.0,0.0,0.0003,0.0003
01-05 05,Polaris FIR,0.0135,0.0015,0.0003,0.0295,0.0291
01-05 05,Praha FIR,0.0673,0.0,0.0114,0.2233,0.2119
01-05 05,Reims FIR,0.0472,0.0,0.0021,0.0975,0.0953
01-05 05,Reykjavik FIR,0.03,0.0096,0.0,0.0546,0.0546
01-05 05,Riga FIR,0.0005,0.0,0.0,0.0013,0.0013
01-05 05,Roma FIR,0.0019,0.0,0.1308,0.2393,0.1085
01-05 05,Santa Maria FIR,0.0296,0.0004,0.0069,0.1626,0.1557
01-05 05,Sarajevo FIR,0.0,0.0,0.2517,0.4758,0.2241
01-05 05,Scottish FIR,0.0324,0.0006,0.0005,0.0606,0.06
01-05 05,Shannon FIR,0.0,0.0,0.0,0.0,0.0
01-05 05,Skopje FIR,0.0,0.0,0.2137,0.2733,0.0595
01-05 05,Sofia FIR,0.0,0.0,0.0,0.0,0.0
01-05 05,Sweden FIR,0.0,0.0,0.0,0.0004,0.0004
01-05 05,Switzerland FIR,0.0471,0.0,0.061,0.249,0.188
01-05 05,Tallinn FIR,0.0,0.0,0.0,0.0003,0.0003
01-05 05,Tirana FIR,0.0,0.0,0.3257,0.3644,0.0387
01-05 05,Vilnius FIR,0.0511,0.0,0.0,0.0553,0.0553
01-05 05,Warszawa FIR,0.0079,0.0004,0.0001,0.0332,0.0331
01-05 05,Wien FIR,0.0165,0.0,0.08,0.3418,0.2618
01-05 05,Zagreb FIR,0.0026,0.0,0.2205,0.4323,0.2118
01-05 06,Global,0.0225,0.0057,0.0199,0.079,0.0591
01-05 06,Europe,0.0051,0.0,0.0568,0.1085,0.0517
01-05 06,European Airspace,0.0094,0.0013,0.0232,0.0837,0.0605
01-05 06,Africa Middle East,0.0023,0.0001,0.0195,0.0357,0.0162
01-05 06,East Asia,0.0003,0.0,0.002,0.0029,0.001
01-05 06,Southeast Asia,0.0263,0.0112,0.0661,0.1224,0.0564
01-05 06,India,0.001,0.0003,0.0181,0.0272,0.0091
01-05 06,China,0.0118,0.0025,0.0379,0.0666,0.0286
01-05 06,Latin America,0.0336,0.0048,0.009,0.11,0.101
01-05 06,USA,0.0305,0.0055,0.0,0.0709,0.0709
01-05 06,North Atlantic,0.0267,0.0008,0.0011,0.1311,0.13
01-05 06,North Pacific,0.0343,0.0078,0.0004,0.0952,0.0948
01-05 06,Amsterdam FIR,0.0,0.0,0.0,0.0016,0.0016
01-05 06,Athinai FIR,0.0,0.0,0.0475,0.0475,0.0
01-05 06,Barcelona FIR,0.0022,0.0,0.0051,0.1172,0.112
01-05 06,Beograd FIR,0.0,0.0,0.2568,0.2806,0.0238
01-05 06,Bordeaux FIR,0.0,0.0,0.0,0.0036,0.0036
01-05 06,Bratislava  FIR,0.0,0.0,0.1225,0.1998,0.0773
01-05 06,Bremen FIR,0.0,0.0,0.0063,0.0974,0.0911
01-05 06,Brest FIR,0.0,0.0,0.0,0.0,0.0
01-05 06,Brindisi FIR,0.0,0.0,0.2518,0.2625,0.0107
01-05 06,Brussels FIR,0.0,0.0,0.0,0.0,0.0
01-05 06,Bucarest FIR,0.0,0.0,0.0,0.0,0.0
01-05 06,Budapest FIR,0.0,0.0,0.0703,0.1911,0.1208
01-05 06,Canarias FIR,0.0031,0.0,0.0124,0.0892,0.0768
01-05 06,Chisinau FIR,0.0,0.0,0.0125,0.0125,0.0
01-05 06,Copenhagen FIR,0.006,0.0,0.0005,0.1034,0.1029
01-05 06,Helsinki FIR,0.0005,0.0005,0.0004,0.0052,0.0048
01-05 06,Langen FIR,0.0287,0.0,0.0103,0.0937,0.0834
01-05 06,Lisboa FIR,0.0,0.0,0.0,0.0041,0.0041
01-05 06,Ljubljana FIR,0.0,0.0,0.4428,0.4951,0.0524
01-05 06,London FIR,0.0006,0.0,0.0003,0.0124,0.0121
01-05 06,Madrid FIR,0.0,0.0,0.0,0.0,0.0
01-05 06,Malta FIR,0.0,0.0,0.0144,0.0169,0.0025
01-05 06,Marseille FIR,0.0101,0.0,0.0537,0.3227,0.269
01-05 06,Milano FIR,0.0,0.0,0.1916,0.2867,0.0951
01-05 06,Munchen FIR,0.053,0.0,0.0521,0.2331,0.181
01-05 06,Paris FIR,0.0,0.0,0.0,0.0,0.0
01-05 06,Polaris FIR,0.0118,0.0012,0.0014,0.0289,0.0275
01-05 06,Praha FIR,0.0073,0.0,0.0744,0.2203,0.1459
01-05 06,Reims FIR,0.0005,0.0,0.0136,0.0503,0.0368
01-05 06,Reykjavik FIR,0.0305,0.0094,0.0,0.0572,0.0571
01-05 06,Riga FIR,0.0033,0.0,0.0,0.0057,0.0057
01-05 06,Roma FIR,0.0,0.0,0.2042,0.2519,0.0476
01-05 06,Santa Maria FIR,0.0181,0.0001,0.0154,0.1607,0.1453
01-05 06,Sarajevo FIR,0.0,0.0,0.4054,0.495,0.0896
01-05 06,Scottish FIR,0.0249,0.0,0.0016,0.061,0.0594
01-05 06,Shannon FIR,0.0,0.0,0.0,0.0,0.0
01-05 06,Skopje FIR,0.0,0.0,0.3941,0.3941,0.0
01-05 06,Sofia FIR,0.0,0.0,0.0235,0.024,0.0004
01-05 06,Sweden FIR,0.0,0.0,0.0,0.0014,0.0014
01-05 06,Switzerland FIR,0.002,0.0,0.1408,0.3007,0.1599
01-05 06,Tallinn FIR,0.0,0.0,0.0,0.0003,0.0003
01-05 06,Tirana FIR,0.0,0.0,0.3758,0.3784,0.0026
01-05 06,Vilnius FIR,0.041,0.0,0.0,0.0451,0.0451
01-05 06,Warszawa FIR,0.0091,0.0,0.0022,0.0343,0.0322
01-05 06,Wien FIR,0.0021,0.0,0.2073,0.3259,0.1185
01-05 06,Zagreb FIR,0.0,0.0,0.3885,0.4483,0.0598
01-05 07,Global,0.0229,0.0058,0.0193,0.0794,0.0602
01-05 07,Europe,0.0025,0.0,0.077,0.1093,0.0324
01-05 07,European Airspace,0.0063,0.0011,0.0339,0.0848,0.0508
01-05 07,Africa Middle East,0.0021,0.0001,0.0184,0.0343,0.0159
01-05 07,East Asia,0.0005,0.0,0.0019,0.0029,0.0011
01-05 07,Southeast Asia,0.0371,0.0164,0.0558,0.1235,0.0677
01-05 07,India,0.0017,0.0006,0.0203,0.0291,0.0088
01-05 07,China,0.0154,0.003,0.0343,0.0668,0.0325
01-05 07,Latin America,0.0253,0.0033,0.017,0.1117,0.0947
01-05 07,USA,0.0305,0.0051,0.0,0.0725,0.0725
01-05 07,North Atlantic,0.0239,0.0004,0.0046,0.1321,0.1275
01-05 07,North Pacific,0.0346,0.0074,0.0,0.0945,0.0945
01-05 07,Amsterdam FIR,0.0,0.0,0.0,0.0,0.0
01-05 07,Athinai FIR,0.0,0.0,0.0617,0.0617,0.0
01-05 07,Barcelona FIR,0.0006,0.0,0.0272,0.1091,0.0819
01-05 07,Beograd FIR,0.0,0.0,0.3701,0.3701,0.0
01-05 07,Bordeaux FIR,0.0,0.0,0.0,0.0024,0.0024
01-05 07,Bratislava  FIR,0.0,0.0,0.1442,0.1566,0.0124
01-05 07,Bremen FIR,0.0,0.0,0.0476,0.1018,0.0542
01-05 07,Brest FIR,0.0,0.0,0.0,0.0,0.0
01-05 07,Brindisi FIR,0.0,0.0,0.2753,0.2775,0.0022
01-05 07,Brussels FIR,0.0,0.0,0.0,0.0,0.0
01-05 07,Bucarest FIR,0.0,0.0,0.0012,0.0012,0.0
01-05 07,Budapest FIR,0.0,0.0,0.217,0.217,0.0
01-05 07,Canarias FIR,0.0,0.0,0.0393,0.0895,0.0501
01-05 07,Chisinau FIR,0.0,0.0,0.0017,0.0017,0.0
01-05 07,Copenhagen FIR,0.0,0.0,0.0172,0.089,0.0718
01-05 07,Helsinki FIR,0.0002,0.0002,0.0013,0.0079,0.0065
01-05 07,Langen FIR,0.0007,0.0,0.0577,0.0832,0.0255
01-05 07,Lisboa FIR,0.0,0.0,0.0006,0.007,0.0065
01-05 07,Ljubljana FIR,0.0,0.0,0.4919,0.4919,0.0
01-05 07,London FIR,0.0,0.0,0.0019,0.0121,0.0102
01-05 07,Madrid FIR,0.0,0.0,0.0,0.0,0.0
01-05 07,Malta FIR,0.0,0.0,0.0188,0.0188,0.0
01-05 07,Marseille FIR,0.0133,0.0,0.0712,0.3018,0.2305
01-05 07,Milano FIR,0.0008,0.0,0.2034,0.2829,0.0795
01-05 07,Munchen FIR,0.0003,0.0,0.1252,0.2424,0.1171
01-05 07,Paris FIR,0.0,0.0,0.0,0.0,0.0
01-05 07,Polaris FIR,0.0085,0.0005,0.0033,0.0292,0.026
01-05 07,Praha FIR,0.0,0.0,0.1807,0.2288,0.048
01-05 07,Reims FIR,0.0,0.0,0.022,0.0304,0.0083
01-05 07,Reykjavik FIR,0.0319,0.0101,0.0001,0.0578,0.0578
01-05 07,Riga FIR,0.011,0.0,0.0,0.0123,0.0123
01-05 07,Roma FIR,0.0007,0.0,0.2626,0.2717,0.0091
01-05 07,Santa Maria FIR,0.0099,0.0,0.0332,0.1589,0.1257
01-05 07,Sarajevo FIR,0.0,0.0,0.4918,0.4918,0.0
01-05 07,Scottish FIR,0.0168,0.0,0.0035,0.0585,0.0551
01-05 07,Shannon FIR,0.0,0.0,0.0,0.0,0.0
01-05 07,Skopje FIR,0.0,0.0,0.4395,0.4395,0.0
01-05 07,Sofia FIR,0.0,0.0,0.084,0.084,0.0
01-05 07,Sweden FIR,0.0001,0.0,0.0,0.002,0.002
01-05 07,Switzerland FIR,0.0,0.0,0.2733,0.3053,0.032
01-05 07,Tallinn FIR,0.0,0.0,0.0,0.0012,0.0012
01-05 07,Tirana FIR,0.0,0.0,0.3998,0.3998,0.0
01-05 07,Vilnius FIR,0.0234,0.0,0.0013,0.0257,0.0244
01-05 07,Warszawa FIR,0.0026,0.0,0.0139,0.0514,0.0375
01-05 07,Wien FIR,0.0,0.0,0.3465,0.3503,0.0038
01-05 07,Zagreb FIR,0.0,0.0,0.4678,0.4705,0.0027
01-05 08,Global,0.0234,0.006,0.0189,0.0796,0.0607
01-05 08,Europe,0.0026,0.0,0.0857,0.1103,0.0246
01-05 08,European Airspace,0.0054,0.001,0.0458,0.0854,0.0396
01-05 08,Africa Middle East,0.0019,0.0001,0.0178,0.0326,0.0148
01-05 08,East Asia,0.0008,0.0001,0.0013,0.0027,0.0015
01-05 08,Southeast Asia,0.047,0.0218,0.0405,0.1231,0.0827
01-05 08,India,0.0034,0.0013,0.0192,0.0297,0.0105
01-05 08,China,0.0189,0.0034,0.0276,0.0661,0.0385
01-05 08,Latin America,0.0187,0.0028,0.0281,0.112,0.0839
01-05 08,USA,0.0286,0.0041,0.0002,0.0754,0.0752
01-05 08,North Atlantic,0.0208,0.0004,0.0144,0.1319,0.1175
01-05 08,North Pacific,0.0339,0.0069,0.0,0.0963,0.0963
01-05 08,Amsterdam FIR,0.0,0.0,0.0,0.0,0.0
01-05 08,Athinai FIR,0.0,0.0,0.0676,0.0676,0.0
01-05 08,Barcelona FIR,0.0014,0.0,0.0444,0.0958,0.0514
01-05 08,Beograd FIR,0.0,0.0,0.4243,0.4243,0.0
01-05 08,Bordeaux FIR,0.0,0.0,0.0004,0.0015,0.0011
01-05 08,Bratislava  FIR,0.0,0.0,0.1507,0.1567,0.0059
01-05 08,Bremen FIR,0.0,0.0,0.0615,0.0935,0.032
01-05 08,Brest FIR,0.0,0.0,0.0,0.0,0.0
01-05 08,Brindisi FIR,0.0,0.0,0.2975,0.2995,0.002
01-05 08,Brussels FIR,0.0,0.0,0.0,0.0,0.0
01-05 08,Bucarest FIR,0.0,0.0,0.0203,0.0203,0.0
01-05 08,Budapest FIR,0.0,0.0,0.2142,0.2142,0.0
01-05 08,Canarias FIR,0.0,0.0,0.0766,0.0895,0.0129
01-05 08,Chisinau FIR,0.0,0.0,0.0,0.0,0.0
01-05 08,Copenhagen FIR,0.0,0.0,0.0503,0.0766,0.0264
01-05 08,Helsinki FIR,0.0006,0.0005,0.0035,0.0102,0.0066
01-05 08,Langen FIR,0.0,0.0,0.0598,0.0673,0.0075
01-05 08,Lisboa FIR,0.0,0.0,0.0068,0.0125,0.0056
01-05 08,Ljubljana FIR,0.0,0.0,0.4805,0.4854,0.0049
01-05 08,London FIR,0.0004,0.0,0.0041,0.0134,0.0093
01-05 08,Madrid FIR,0.0,0.0,0.0,0.0,0.0
01-05 08,Malta FIR,0.0,0.0,0.0246,0.0246,0.0
01-05 08,Marseille FIR,0.0159,0.0008,0.0805,0.2906,0.2101
01-05 08,Milano FIR,0.0041,0.0,0.2002,0.2859,0.0857
01-05 08,Munchen FIR,0.0008,0.0,0.2044,0.2422,0.0378
01-05 08,Paris FIR,0.0,0.0,0.0,0.0,0.0
01-05 08,Polaris FIR,0.0047,0.0001,0.0077,0.0315,0.0238
01-05 08,Praha FIR,0.0,0.0,0.237,0.2391,0.0021
01-05 08,Reims FIR,0.0,0.0,0.033,0.0341,0.0011
01-05 08,Reykjavik FIR,0.0332,0.0116,0.0003,0.0595,0.0591
01-05 08,Riga FIR,0.0135,0.0,0.0,0.0146,0.0146
01-05 08,Roma FIR,0.004,0.0,0.2745,0.2926,0.0181
01-05 08,Santa Maria FIR,0.0047,0.0001,0.0685,0.1576,0.0891
01-05 08,Sarajevo FIR,0.0,0.0,0.4836,0.4836,0.0
01-05 08,Scottish FIR,0.0147,0.0,0.0086,0.0553,0.0467
01-05 08,Shannon FIR,0.0,0.0,0.0,0.0,0.0
01-05 08,Skopje FIR,0.0,0.0,0.432,0.432,0.0
01-05 08,Sofia FIR,0.0,0.0,0.1294,0.1294,0.0
01-05 08,Sweden FIR,0.0003,0.0,0.0019,0.003,0.0012
01-05 08,Switzerland FIR,0.0,0.0,0.2911,0.2917,0.0007
01-05 08,Tallinn FIR,0.0,0.0,0.0,0.0,0.0
01-05 08,Tirana FIR,0.0,0.0,0.4229,0.4229,0.0
01-05 08,Vilnius FIR,0.0051,0.0,0.0026,0.0087,0.0061
01-05 08,Warszawa FIR,0.0,0.0,0.0326,0.0634,0.0308
01-05 08,Wien FIR,0.0,0.0,0.3722,0.3725,0.0003
01-05 08,Zagreb FIR,0.0,0.0,0.4484,0.4484,0.0
01-05 09,Global,0.0239,0.006,0.0187,0.0798,0.0611
01-05 09,Europe,0.005,0.0005,0.0857,0.1105,0.0248
01-05 09,European Airspace,0.0066,0.0013,0.0565,0.0861,0.0296
01-05 09,Africa Middle East,0.0018,0.0002,0.0184,0.0319,0.0136
01-05 09,East Asia,0.001,0.0001,0.0007,0.0026,0.0019
01-05 09,Southeast Asia,0.0536,0.0256,0.0242,0.1227,0.0984
01-05 09,India,0.0062,0.0023,0.016,0.0301,0.0142
01-05 09,China,0.0222,0.004,0.0201,0.0658,0.0457
01-05 09,Latin America,0.0152,0.0023,0.0405,0.1111,0.0706
01-05 09,USA,0.0256,0.0025,0.001,0.0782,0.0772
01-05 09,North Atlantic,0.0173,0.0005,0.0317,0.1326,0.1009
01-05 09,North Pacific,0.0339,0.0068,0.0,0.0981,0.0981
01-05 09,Amsterdam FIR,0.0,0.0,0.0,0.0,0.0
01-05 09,Athinai FIR,0.0,0.0,0.0669,0.0669,0.0
01-05 09,Barcelona FIR,0.0028,0.0,0.0443,0.0849,0.0406
01-05 09,Beograd FIR,0.0,0.0,0.4354,0.4354,0.0
01-05 09,Bordeaux FIR,0.0,0.0,0.0007,0.0007,0.0
01-05 09,Bratislava  FIR,0.0,0.0,0.2307,0.2307,0.0
01-05 09,Bremen FIR,0.0002,0.0,0.0494,0.078,0.0286
01-05 09,Brest FIR,0.0,0.0,0.0,0.0,0.0
01-05 09,Brindisi FIR,0.001,0.0,0.2905,0.3057,0.0151
01-05 09,Brussels FIR,0.0,0.0,0.0,0.0,0.0
01-05 09,Bucarest FIR,0.0,0.0,0.0626,0.0626,0.0
01-05 09,Budapest FIR,0.0,0.0,0.2095,0.2095,0.0
01-05 09,Canarias FIR,0.0002,0.0,0.0865,0.0892,0.0027
01-05 09,Chisinau FIR,0.0,0.0,0.0,0.0,0.0
01-05 09,Copenhagen FIR,0.001,0.0,0.0555,0.0602,0.0047
01-05 09,Helsinki FIR,0.0019,0.0011,0.0036,0.0112,0.0075
01-05 09,Langen FIR,0.0,0.0,0.0431,0.0628,0.0197
01-05 09,Lisboa FIR,0.0,0.0,0.0203,0.0207,0.0004
01-05 09,Ljubljana FIR,0.0164,0.0,0.3954,0.4429,0.0474
01-05 09,London FIR,0.0005,0.0,0.0077,0.0117,0.004
01-05 09,Madrid FIR,0.0,0.0,0.0,0.0,0.0
01-05 09,Malta FIR,0.0,0.0,0.0407,0.0408,0.0002
01-05 09,Marseille FIR,0.0333,0.0056,0.0787,0.2843,0.2056
01-05 09,Milano FIR,0.0024,0.0,0.2081,0.285,0.077
01-05 09,Munchen FIR,0.0003,0.0,0.2108,0.2467,0.036
01-05 09,Paris FIR,0.0,0.0,0.0,0.0,0.0
01-05 09,Polaris FIR,0.0053,0.0003,0.0119,0.0307,0.0187
01-05 09,Praha FIR,0.0,0.0,0.2324,0.2331,0.0007
01-05 09,Reims FIR,0.0,0.0,0.0546,0.0599,0.0053
01-05 09,Reykjavik FIR,0.035,0.0133,0.0012,0.0619,0.0607
01-05 09,Riga FIR,0.0089,0.0,0.0,0.0089,0.0089
01-05 09,Roma FIR,0.0168,0.0024,0.2617,0.3089,0.0472
01-05 09,Santa Maria FIR,0.0031,0.0004,0.1104,0.1539,0.0435
01-05 09,Sarajevo FIR,0.0,0.0,0.4748,0.4748,0.0
01-05 09,Scottish FIR,0.0207,0.0001,0.0161,0.0537,0.0376
01-05 09,Shannon FIR,0.0,0.0,0.0,0.0,0.0
01-05 09,Skopje FIR,0.0,0.0,0.4409,0.4409,0.0
01-05 09,Sofia FIR,0.0,0.0,0.1374,0.1374,0.0
01-05 09,Sweden FIR,0.0004,0.0001,0.0026,0.0046,0.002
01-05 09,Switzerland FIR,0.0,0.0,0.2436,0.2436,0.0
01-05 09,Tallinn FIR,0.0,0.0,0.0,0.0,0.0
01-05 09,Tirana FIR,0.0,0.0,0.4422,0.4422,0.0
01-05 09,Vilnius FIR,0.0003,0.0,0.0006,0.001,0.0003
01-05 09,Warszawa FIR,0.0,0.0,0.0529,0.0725,0.0196
01-05 09,Wien FIR,0.0,0.0,0.3473,0.3521,0.0048
01-05 09,Zagreb FIR,0.0069,0.0011,0.4178,0.4319,0.0141
01-05 10,Global,0.0246,0.0061,0.0167,0.0781,0.0615
01-05 10,Europe,0.0077,0.0009,0.0697,0.0984,0.0287
01-05 10,European Airspace,0.008,0.0017,0.0581,0.0841,0.026
01-05 10,Africa Middle East,0.002,0.0003,0.0176,0.0312,0.0136
01-05 10,East Asia,0.0011,0.0001,0.0001,0.0027,0.0026
01-05 10,Southeast Asia,0.0591,0.0278,0.0099,0.124,0.1141
01-05 10,India,0.0089,0.0036,0.0115,0.0304,0.0189
01-05 10,China,0.0245,0.0045,0.0101,0.0655,0.0554
01-05 10,Latin America,0.0134,0.0021,0.0437,0.0936,0.0499
01-05 10,USA,0.0219,0.0013,0.0036,0.0796,0.076
01-05 10,North Atlantic,0.0137,0.0006,0.0473,0.1357,0.0884
01-05 10,North Pacific,0.0355,0.0067,0.0,0.101,0.101
01-05 10,Amsterdam FIR,0.0,0.0,0.0,0.0,0.0
01-05 10,Athinai FIR,0.0,0.0,0.0643,0.0643,0.0
01-05 10,Barcelona FIR,0.001,0.0,0.0383,0.0739,0.0356
01-05 10,Beograd FIR,0.0,0.0,0.4466,0.4472,0.0006
01-05 10,Bordeaux FIR,0.0,0.0,0.0009,0.0009,0.0
01-05 10,Bratislava  FIR,0.0012,0.0,0.2135,0.2189,0.0054
01-05 10,Bremen FIR,0.0,0.0,0.0308,0.0643,0.0335
01-05 10,Brest FIR,0.0,0.0,0.0,0.0,0.0
01-05 10,Brindisi FIR,0.0197,0.0,0.2462,0.3001,0.0539
01-05 10,Brussels FIR,0.0,0.0,0.0,0.0,0.0
01-05 10,Bucarest FIR,0.0,0.0,0.1065,0.1065,0.0
01-05 10,Budapest FIR,0.0006,0.0,0.1551,0.1641,0.009
01-05 10,Canarias FIR,0.0012,0.0,0.081,0.0869,0.006
01-05 10,Chisinau FIR,0.0,0.0,0.0,0.0,0.0
01-05 10,Copenhagen FIR,0.0035,0.0,0.0399,0.0459,0.006
01-05 10,Helsinki FIR,0.0021,0.001,0.0037,0.0123,0.0087
01-05 10,Langen FIR,0.0,0.0,0.0459,0.0574,0.0115
01-05 10,Lisboa FIR,0.0001,0.0,0.0518,0.0531,0.0013
01-05 10,Ljubljana FIR,0.0181,0.0049,0.2924,0.3137,0.0213
01-05 10,London FIR,0.0005,0.0,0.0054,0.0075,0.0022
01-05 10,Madrid FIR,0.0,0.0,0.0,0.0,0.0
01-05 10,Malta FIR,0.0002,0.0,0.0536,0.0539,0.0004
01-05 10,Marseille FIR,0.0305,0.0071,0.051,0.2508,0.1998
01-05 10,Milano FIR,0.0123,0.0,0.119,0.1764,0.0574
01-05 10,Munchen FIR,0.0003,0.0,0.1722,0.2197,0.0475
01-05 10,Paris FIR,0.0002,0.0,0.0016,0.0018,0.0002
01-05 10,Polaris FIR,0.0057,0.0007,0.0097,0.0242,0.0145
01-05 10,Praha FIR,0.0056,0.0,0.2176,0.233,0.0154
01-05 10,Reims FIR,0.0053,0.0,0.0646,0.0968,0.0322
01-05 10,Reykjavik FIR,0.037,0.0158,0.0022,0.0605,0.0582
01-05 10,Riga FIR,0.0025,0.0,0.0003,0.0028,0.0025
01-05 10,Roma FIR,0.0357,0.0073,0.2182,0.294,0.0758
01-05 10,Santa Maria FIR,0.0039,0.0005,0.1169,0.1443,0.0274
01-05 10,Sarajevo FIR,0.0,0.0,0.445,0.45,0.005
01-05 10,Scottish FIR,0.0265,0.0002,0.0165,0.0497,0.0332
01-05 10,Shannon FIR,0.0,0.0,0.0,0.0,0.0
01-05 10,Skopje FIR,0.0,0.0,0.4598,0.4598,0.0
01-05 10,Sofia FIR,0.0,0.0,0.1661,0.1661,0.0
01-05 10,Sweden FIR,0.0001,0.0001,0.0023,0.0053,0.003
01-05 10,Switzerland FIR,0.0,0.0,0.186,0.2057,0.0197
01-05 10,Tallinn FIR,0.0,0.0,0.0,0.0,0.0
01-05 10,Tirana FIR,0.0,0.0,0.4369,0.4369,0.0
01-05 10,Vilnius FIR,0.0,0.0,0.0,0.0,0.0
01-05 10,Warszawa FIR,0.0,0.0,0.0719,0.0852,0.0134
01-05 10,Wien FIR,0.0003,0.0,0.2176,0.2251,0.0075
01-05 10,Zagreb FIR,0.0177,0.0013,0.3103,0.364,0.0537
01-05 11,Global,0.0247,0.006,0.016,0.0788,0.0628
01-05 11,Europe,0.0124,0.0015,0.0561,0.0997,0.0436
01-05 11,European Airspace,0.0106,0.0022,0.0539,0.0846,0.0306
01-05 11,Africa Middle East,0.0027,0.0006,0.0177,0.0314,0.0137
01-05 11,East Asia,0.0009,0.0,0.0,0.0032,0.0032
01-05 11,Southeast Asia,0.0627,0.0296,0.0031,0.1275,0.1244
01-05 11,India,0.0103,0.0048,0.0061,0.0303,0.0242
01-05 11,China,0.0251,0.0048,0.0011,0.0668,0.0657
01-05 11,Latin America,0.0136,0.0024,0.0472,0.0928,0.0456
01-05 11,USA,0.0163,0.0003,0.009,0.0778,0.0688
01-05 11,North Atlantic,0.0142,0.001,0.0532,0.1357,0.0826
01-05 11,North Pacific,0.0366,0.006,0.0001,0.103,0.1029
01-05 11,Amsterdam FIR,0.0,0.0,0.0,0.0,0.0
01-05 11,Athinai FIR,0.0,0.0,0.0587,0.0615,0.0027
01-05 11,Barcelona FIR,0.0,0.0,0.03,0.0589,0.0289
01-05 11,Beograd FIR,0.0003,0.0,0.4345,0.4681,0.0336
01-05 11,Bordeaux FIR,0.0,0.0,0.0,0.0,0.0
01-05 11,Bratislava  FIR,0.0226,0.0,0.1496,0.2082,0.0586
01-05 11,Bremen FIR,0.0,0.0,0.0156,0.0483,0.0327
01-05 11,Brest FIR,0.0,0.0,0.0,0.0,0.0
01-05 11,Brindisi FIR,0.0428,0.0,0.2023,0.3156,0.1133
01-05 11,Brussels FIR,0.0,0.0,0.0,0.0,0.0
01-05 11,Bucarest FIR,0.0,0.0,0.1635,0.1671,0.0037
01-05 11,Budapest FIR,0.0144,0.0,0.1573,0.202,0.0447
01-05 11,Canarias FIR,0.0029,0.0,0.0794,0.0881,0.0087
01-05 11,Chisinau FIR,0.0,0.0,0.0,0.0,0.0
01-05 11,Copenhagen FIR,0.0074,0.0002,0.0263,0.0372,0.0109
01-05 11,Helsinki FIR,0.0024,0.0013,0.0033,0.011,0.0077
01-05 11,Langen FIR,0.0,0.0,0.0254,0.083,0.0576
01-05 11,Lisboa FIR,0.0003,0.0,0.0837,0.0875,0.0039
01-05 11,Ljubljana FIR,0.0033,0.0033,0.2549,0.2582,0.0033
01-05 11,London FIR,0.0008,0.0,0.0025,0.0045,0.002
01-05 11,Madrid FIR,0.0,0.0,0.0,0.0,0.0
01-05 11,Malta FIR,0.0,0.0,0.0686,0.0704,0.0018
01-05 11,Marseille FIR,0.0294,0.0062,0.0351,0.2517,0.2166
01-05 11,Milano FIR,0.0455,0.0039,0.0913,0.206,0.1146
01-05 11,Munchen FIR,0.0,0.0,0.156,0.2007,0.0447
01-05 11,Paris FIR,0.0,0.0,0.0016,0.0018,0.0002
01-05 11,Polaris FIR,0.0078,0.0008,0.0075,0.0209,0.0135
01-05 11,Praha FIR,0.0154,0.0,0.1904,0.2297,0.0392
01-05 11,Reims FIR,0.0121,0.0,0.012,0.0892,0.0772
01-05 11,Reykjavik FIR,0.0398,0.0186,0.0046,0.0641,0.0595
01-05 11,Riga FIR,0.0,0.0,0.0,0.0,0.0
01-05 11,Roma FIR,0.0515,0.0144,0.1848,0.32,0.1353
01-05 11,Santa Maria FIR,0.0063,0.0009,0.1049,0.1328,0.028
01-05 11,Sarajevo FIR,0.0117,0.0,0.267,0.3869,0.1199
01-05 11,Scottish FIR,0.029,0.0006,0.0142,0.0463,0.0321
01-05 11,Shannon FIR,0.0,0.0,0.0,0.0,0.0
01-05 11,Skopje FIR,0.0,0.0,0.4736,0.4749,0.0013
01-05 11,Sofia FIR,0.0,0.0,0.1939,0.1939,0.0
01-05 11,Sweden FIR,0.0,0.0,0.0024,0.0063,0.0039
01-05 11,Switzerland FIR,0.0,0.0,0.1377,0.2187,0.081
01-05 11,Tallinn FIR,0.0,0.0,0.0,0.0,0.0
01-05 11,Tirana FIR,0.0,0.0,0.376,0.4503,0.0742
01-05 11,Vilnius FIR,0.0,0.0,0.0,0.0,0.0
01-05 11,Warszawa FIR,0.0025,0.0,0.0688,0.0944,0.0257
01-05 11,Wien FIR,0.0,0.0,0.1748,0.1813,0.0065
01-05 11,Zagreb FIR,0.0506,0.0016,0.2234,0.3592,0.1357
01-05 12,Global,0.0247,0.0059,0.0151,0.0791,0.064
01-05 12,Europe,0.021,0.0024,0.0332,0.101,0.0678
01-05 12,European Airspace,0.015,0.0028,0.0442,0.0854,0.0412
01-05 12,Africa Middle East,0.0044,0.0011,0.0164,0.0318,0.0153
01-05 12,East Asia,0.0006,0.0,0.0,0.0032,0.0032
01-05 12,Southeast Asia,0.0654,0.0309,0.0002,0.1311,0.1309
01-05 12,India,0.0111,0.0055,0.0021,0.03,0.0278
01-05 12,China,0.0247,0.0046,0.0,0.0678,0.0678
01-05 12,Latin America,0.0144,0.0025,0.0421,0.09,0.0479
01-05 12,USA,0.0111,0.0002,0.0182,0.0753,0.0571
01-05 12,North Atlantic,0.0179,0.0018,0.0583,0.1347,0.0764
01-05 12,North Pacific,0.0372,0.0048,0.0002,0.1045,0.1042
01-05 12,Amsterdam FIR,0.0,0.0,0.0,0.0,0.0
01-05 12,Athinai FIR,0.001,0.0,0.0449,0.0565,0.0116
01-05 12,Barcelona FIR,0.0002,0.0,0.0183,0.0386,0.0203
01-05 12,Beograd FIR,0.058,0.0,0.2496,0.4917,0.2421
01-05 12,Bordeaux FIR,0.0,0.0,0.0,0.0,0.0
01-05 12,Bratislava  FIR,0.0846,0.0012,0.0909,0.2195,0.1286
01-05 12,Bremen FIR,0.002,0.0,0.0102,0.0359,0.0257
01-05 12,Brest FIR,0.0,0.0,0.0,0.0,0.0
01-05 12,Brindisi FIR,0.0785,0.0004,0.1364,0.3476,0.2112
01-05 12,Brussels FIR,0.0,0.0,0.0,0.0,0.0
01-05 12,Bucarest FIR,0.0058,0.0,0.1838,0.2436,0.0598
01-05 12,Budapest FIR,0.0382,0.0,0.1153,0.2309,0.1156
01-05 12,Canarias FIR,0.0046,0.0003,0.0851,0.0963,0.0112
01-05 12,Chisinau FIR,0.0,0.0,0.0041,0.0041,0.0
01-05 12,Copenhagen FIR,0.0114,0.0005,0.0142,0.0294,0.0152
01-05 12,Helsinki FIR,0.0021,0.0008,0.0018,0.0095,0.0077
01-05 12,Langen FIR,0.0153,0.0,0.0033,0.1085,0.1051
01-05 12,Lisboa FIR,0.0009,0.0,0.1084,0.1238,0.0154
01-05 12,Ljubljana FIR,0.0345,0.0312,0.155,0.2224,0.0674
01-05 12,London FIR,0.0014,0.0,0.0027,0.0054,0.0028
01-05 12,Madrid FIR,0.0,0.0,0.0,0.0,0.0
01-05 12,Malta FIR,0.0028,0.0,0.0398,0.0975,0.0577
01-05 12,Marseille FIR,0.0341,0.003,0.0243,0.2587,0.2344
01-05 12,Milano FIR,0.0789,0.0193,0.059,0.2141,0.155
01-05 12,Munchen FIR,0.0008,0.0,0.0746,0.1975,0.1229
01-05 12,Paris FIR,0.0002,0.0,0.0004,0.0005,0.0002
01-05 12,Polaris FIR,0.0095,0.0007,0.0059,0.0187,0.0129
01-05 12,Praha FIR,0.0126,0.0,0.1719,0.2303,0.0584
01-05 12,Reims FIR,0.0193,0.0,0.0068,0.0575,0.0507
01-05 12,Reykjavik FIR,0.042,0.0205,0.0086,0.0675,0.059
01-05 12,Riga FIR,0.0,0.0,0.0,0.0,0.0
01-05 12,Roma FIR,0.0759,0.0196,0.0825,0.3434,0.2609
01-05 12,Santa Maria FIR,0.0086,0.0014,0.0924,0.1227,0.0303
01-05 12,Sarajevo FIR,0.0659,0.0,0.1002,0.3635,0.2633
01-05 12,Scottish FIR,0.0311,0.0015,0.0121,0.0453,0.0332
01-05 12,Shannon FIR,0.0,0.0,0.0,0.0,0.0
01-05 12,Skopje FIR,0.014,0.0,0.367,0.4583,0.0913
01-05 12,Sofia FIR,0.0,0.0,0.2276,0.2343,0.0067
01-05 12,Sweden FIR,0.0,0.0,0.0016,0.0047,0.0031
01-05 12,Switzerland FIR,0.0,0.0,0.115,0.2133,0.0983
01-05 12,Tallinn FIR,0.0,0.0,0.0,0.0,0.0
01-05 12,Tirana FIR,0.0484,0.0,0.2008,0.4384,0.2377
01-05 12,Vilnius FIR,0.0,0.0,0.0,0.0,0.0
01-05 12,Warszawa FIR,0.0135,0.0002,0.052,0.0945,0.0426
01-05 12,Wien FIR,0.0031,0.0,0.0934,0.1246,0.0313
01-05 12,Zagreb FIR,0.1423,0.0132,0.1187,0.3735,0.2548
01-05 13,Global,0.0244,0.0057,0.0149,0.0794,0.0645
01-05 13,Europe,0.0329,0.0039,0.0182,0.1036,0.0855
01-05 13,European Airspace,0.022,0.0037,0.0351,0.0879,0.0528
01-05 13,Africa Middle East,0.0076,0.0021,0.0146,0.0332,0.0186
01-05 13,East Asia,0.0004,0.0,0.0,0.003,0.003
01-05 13,Southeast Asia,0.0678,0.0318,0.0,0.1348,0.1348
01-05 13,India,0.0121,0.0059,0.0001,0.03,0.03
01-05 13,China,0.0237,0.0044,0.0,0.0686,0.0685
01-05 13,Latin America,0.0144,0.0024,0.0376,0.0878,0.0502
01-05 13,USA,0.0069,0.0002,0.0289,0.0742,0.0453
01-05 13,North Atlantic,0.0242,0.0028,0.0573,0.1352,0.0779
01-05 13,North Pacific,0.0344,0.0033,0.0009,0.1061,0.1052
01-05 13,Amsterdam FIR,0.0006,0.0,0.0,0.0006,0.0006
01-05 13,Athinai FIR,0.0065,0.0,0.0268,0.0521,0.0253
01-05 13,Barcelona FIR,0.0,0.0,0.0068,0.0217,0.0149
01-05 13,Beograd FIR,0.1761,0.01,0.0969,0.5099,0.413
01-05 13,Bordeaux FIR,0.0,0.0,0.0,0.0,0.0
01-05 13,Bratislava  FIR,0.0729,0.0,0.0647,0.1977,0.133
01-05 13,Bremen FIR,0.0002,0.0,0.0019,0.0231,0.0212
01-05 13,Brest FIR,0.0,0.0,0.0,0.0,0.0
01-05 13,Brindisi FIR,0.1087,0.0047,0.0765,0.3851,0.3086
01-05 13,Brussels FIR,0.0015,0.0,0.0008,0.0023,0.0015
01-05 13,Bucarest FIR,0.0305,0.0002,0.1512,0.3064,0.1552
01-05 13,Budapest FIR,0.0591,0.0041,0.095,0.2132,0.1182
01-05 13,Canarias FIR,0.0065,0.001,0.0942,0.1071,0.013
01-05 13,Chisinau FIR,0.0,0.0,0.0024,0.0024,0.0
01-05 13,Copenhagen FIR,0.0169,0.0009,0.0079,0.0302,0.0223
01-05 13,Helsinki FIR,0.0015,0.0005,0.0,0.0079,0.0079
01-05 13,Langen FIR,0.0612,0.0,0.0062,0.1163,0.1101
01-05 13,Lisboa FIR,0.0029,0.0001,0.1177,0.1568,0.0392
01-05 13,Ljubljana FIR,0.1261,0.0982,0.0927,0.2418,0.1491
01-05 13,London FIR,0.0012,0.0,0.003,0.0065,0.0035
01-05 13,Madrid FIR,0.0,0.0,0.0001,0.0001,0.0
01-05 13,Malta FIR,0.0322,0.0018,0.0078,0.1158,0.108
01-05 13,Marseille FIR,0.0447,0.0037,0.022,0.2697,0.2477
01-05 13,Milano FIR,0.0924,0.0355,0.0372,0.2369,0.1997
01-05 13,Munchen FIR,0.0577,0.0,0.0456,0.2236,0.178
01-05 13,Paris FIR,0.0,0.0,0.0005,0.0007,0.0002
01-05 13,Polaris FIR,0.0102,0.0006,0.0035,0.0185,0.015
01-05 13,Praha FIR,0.0127,0.0,0.1006,0.2588,0.1582
01-05 13,Reims FIR,0.0099,0.0,0.0005,0.0242,0.0237
01-05 13,Reykjavik FIR,0.0418,0.0214,0.0091,0.067,0.0579
01-05 13,Riga FIR,0.0,0.0,0.0,0.0,0.0
01-05 13,Roma FIR,0.1305,0.018,0.0293,0.3525,0.3232
01-05 13,Santa Maria FIR,0.0129,0.0016,0.0793,0.1149,0.0356
01-05 13,Sarajevo FIR,0.1927,0.0012,0.0474,0.4045,0.3571
01-05 13,Scottish FIR,0.0294,0.0029,0.0073,0.0393,0.032
01-05 13,Shannon FIR,0.0,0.0,0.0,0.0,0.0
01-05 13,Skopje FIR,0.0961,0.0,0.1526,0.457,0.3044
01-05 13,Sofia FIR,0.0143,0.0,0.2029,0.2807,0.0777
01-05 13,Sweden FIR,0.0,0.0,0.001,0.003,0.002
01-05 13,Switzerland FIR,0.0027,0.0,0.0652,0.2086,0.1434
01-05 13,Tallinn FIR,0.002,0.0,0.0003,0.0023,0.002
01-05 13,Tirana FIR,0.1042,0.0,0.0457,0.4207,0.375
01-05 13,Vilnius FIR,0.0,0.0,0.0,0.0,0.0
01-05 13,Warszawa FIR,0.0162,0.0,0.0493,0.0931,0.0437
01-05 13,Wien FIR,0.02,0.0122,0.06,0.1006,0.0406
01-05 13,Zagreb FIR,0.2244,0.0374,0.0508,0.4197,0.3688
01-05 14,Global,0.024,0.0054,0.0149,0.0799,0.065
01-05 14,Europe,0.0414,0.0051,0.0107,0.1042,0.0935
01-05 14,European Airspace,0.0285,0.0047,0.0266,0.0901,0.0635
01-05 14,Africa Middle East,0.011,0.0033,0.0115,0.0345,0.0229
01-05 14,East Asia,0.0003,0.0,0.0,0.0027,0.0027
01-05 14,Southeast Asia,0.071,0.032,0.0,0.1388,0.1388
01-05 14,India,0.0124,0.0056,0.0,0.0302,0.0302
01-05 14,China,0.0226,0.0041,0.0,0.0695,0.0695
01-05 14,Latin America,0.014,0.0023,0.0345,0.0857,0.0511
01-05 14,USA,0.0048,0.0001,0.0374,0.0741,0.0367
01-05 14,North Atlantic,0.0309,0.0041,0.0487,0.136,0.0873
01-05 14,North Pacific,0.0291,0.0015,0.0037,0.1088,0.105
01-05 14,Amsterdam FIR,0.0021,0.0,0.0,0.0021,0.0021
01-05 14,Athinai FIR,0.0181,0.0007,0.014,0.0626,0.0486
01-05 14,Barcelona FIR,0.0,0.0,0.0011,0.01,0.0089
01-05 14,Beograd FIR,0.2114,0.0083,0.0442,0.5059,0.4617
01-05 14,Bordeaux FIR,0.0,0.0,0.0,0.0,0.0
01-05 14,Bratislava  FIR,0.0312,0.0,0.0484,0.1983,0.1499
01-05 14,Bremen FIR,0.0005,0.0,0.0019,0.0316,0.0297
01-05 14,Brest FIR,0.0,0.0,0.0001,0.0002,0.0001
01-05 14,Brindisi FIR,0.119,0.005,0.0556,0.3844,0.3288
01-05 14,Brussels FIR,0.003,0.0008,0.0008,0.0038,0.003
01-05 14,Bucarest FIR,0.0546,0.0044,0.0724,0.3272,0.2548
01-05 14,Budapest FIR,0.0649,0.0204,0.0579,0.1969,0.139
01-05 14,Canarias FIR,0.0099,0.0017,0.0948,0.1142,0.0195
01-05 14,Chisinau FIR,0.0,0.0,0.026,0.0343,0.0083
01-05 14,Copenhagen FIR,0.019,0.0028,0.0044,0.0303,0.0259
01-05 14,Helsinki FIR,0.0016,0.0002,0.0,0.0084,0.0084
01-05 14,Langen FIR,0.0399,0.0,0.0079,0.0924,0.0845
01-05 14,Lisboa FIR,0.0123,0.0004,0.0944,0.166,0.0716
01-05 14,Ljubljana FIR,0.1178,0.0587,0.0471,0.2435,0.1964
01-05 14,London FIR,0.0013,0.0,0.0021,0.0068,0.0048
01-05 14,Madrid FIR,0.0,0.0,0.0,0.0,0.0
01-05 14,Malta FIR,0.0754,0.0094,0.0041,0.126,0.1219
01-05 14,Marseille FIR,0.0497,0.0037,0.0171,0.2691,0.2521
01-05 14,Milano FIR,0.1027,0.0339,0.0286,0.2645,0.2359
01-05 14,Munchen FIR,0.0619,0.0,0.025,0.2161,0.1912
01-05 14,Paris FIR,0.0024,0.0007,0.0017,0.0046,0.0029
01-05 14,Polaris FIR,0.0108,0.0006,0.0022,0.02,0.0177
01-05 14,Praha FIR,0.056,0.0,0.0313,0.2482,0.2169
01-05 14,Reims FIR,0.0154,0.0,0.0037,0.0506,0.0469
01-05 14,Reykjavik FIR,0.0421,0.021,0.01,0.0713,0.0613
01-05 14,Riga FIR,0.0,0.0,0.0,0.0,0.0
01-05 14,Roma FIR,0.1774,0.0198,0.0118,0.3497,0.3379
01-05 14,Santa Maria FIR,0.0197,0.0038,0.0628,0.1089,0.046
01-05 14,Sarajevo FIR,0.2704,0.0105,0.0246,0.5002,0.4756
01-05 14,Scottish FIR,0.0262,0.0032,0.0035,0.0343,0.0308
01-05 14,Shannon FIR,0.0,0.0,0.0,0.0,0.0
01-05 14,Skopje FIR,0.1336,0.0,0.0392,0.4582,0.4191
01-05 14,Sofia FIR,0.053,0.0,0.1176,0.3038,0.1863
01-05 14,Sweden FIR,0.0002,0.0,0.0006,0.0037,0.0032
01-05 14,Switzerland FIR,0.0061,0.0,0.0122,0.2147,0.2026
01-05 14,Tallinn FIR,0.0032,0.0,0.0,0.0035,0.0035
01-05 14,Tirana FIR,0.1614,0.0,0.0441,0.4039,0.3598
01-05 14,Vilnius FIR,0.0,0.0,0.0,0.0,0.0
01-05 14,Warszawa FIR,0.0071,0.0,0.029,0.0833,0.0543
01-05 14,Wien FIR,0.0362,0.029,0.0475,0.1064,0.0589
01-05 14,Zagreb FIR,0.2514,0.0632,0.0288,0.4234,0.3946
01-05 15,Global,0.0231,0.0051,0.0156,0.0806,0.065
01-05 15,Europe,0.0431,0.0071,0.0029,0.1036,0.1006
01-05 15,European Airspace,0.0328,0.0062,0.0175,0.0916,0.0742
01-05 15,Africa Middle East,0.0139,0.0047,0.0077,0.0362,0.0285
01-05 15,East Asia,0.0003,0.0,0.0,0.0021,0.0021
01-05 15,Southeast Asia,0.0725,0.031,0.0,0.1421,0.1421
01-05 15,India,0.0126,0.0052,0.0,0.0311,0.0311
01-05 15,China,0.0214,0.0037,0.0001,0.0696,0.0696
01-05 15,Latin America,0.0134,0.0026,0.0341,0.0849,0.0508
01-05 15,USA,0.0041,0.0001,0.044,0.0739,0.0299
01-05 15,North Atlantic,0.0375,0.0059,0.037,0.1363,0.0993
01-05 15,North Pacific,0.0213,0.0009,0.012,0.1123,0.1003
01-05 15,Amsterdam FIR,0.0044,0.0009,0.0003,0.0053,0.005
01-05 15,Athinai FIR,0.0296,0.003,0.0027,0.0842,0.0814
01-05 15,Barcelona FIR,0.0,0.0,0.0001,0.0046,0.0045
01-05 15,Beograd FIR,0.2099,0.0042,0.0125,0.4958,0.4833
01-05 15,Bordeaux FIR,0.0,0.0,0.0,0.0,0.0
01-05 15,Bratislava  FIR,0.0559,0.0151,0.0,0.2357,0.2357
01-05 15,Bremen FIR,0.0003,0.0,0.0,0.0343,0.0343
01-05 15,Brest FIR,0.0001,0.0001,0.0001,0.0004,0.0003
01-05 15,Brindisi FIR,0.1035,0.0111,0.0103,0.3866,0.3763
01-05 15,Brussels FIR,0.0038,0.0008,0.0,0.0038,0.0038
01-05 15,Bucarest FIR,0.0655,0.0042,0.0,0.3124,0.3124
01-05 15,Budapest FIR,0.0863,0.0418,0.0012,0.2195,0.2183
01-05 15,Canarias FIR,0.0153,0.0028,0.0824,0.1169,0.0345
01-05 15,Chisinau FIR,0.0082,0.0,0.0,0.1727,0.1727
01-05 15,Copenhagen FIR,0.0201,0.0035,0.0007,0.03,0.0293
01-05 15,Helsinki FIR,0.0039,0.0,0.0,0.0096,0.0096
01-05 15,Langen FIR,0.007,0.0,0.0002,0.0527,0.0525
01-05 15,Lisboa FIR,0.027,0.0033,0.0646,0.1562,0.0916
01-05 15,Ljubljana FIR,0.1278,0.0378,0.0,0.3009,0.3009
01-05 15,London FIR,0.0011,0.0,0.001,0.0061,0.005
01-05 15,Madrid FIR,0.0,0.0,0.0,0.0,0.0
01-05 15,Malta FIR,0.1003,0.0294,0.0025,0.1407,0.1382
01-05 15,Marseille FIR,0.0473,0.0069,0.006,0.259,0.253
01-05 15,Milano FIR,0.0898,0.0353,0.0175,0.2478,0.2303
01-05 15,Munchen FIR,0.0349,0.0,0.0066,0.2064,0.1997
01-05 15,Paris FIR,0.0034,0.0014,0.0007,0.0075,0.0068
01-05 15,Polaris FIR,0.0093,0.0004,0.0,0.0213,0.0213
01-05 15,Praha FIR,0.0663,0.0,0.0018,0.2166,0.2148
01-05 15,Reims FIR,0.0259,0.0,0.0016,0.109,0.1075
01-05 15,Reykjavik FIR,0.043,0.0215,0.0108,0.079,0.0683
01-05 15,Riga FIR,0.0,0.0,0.0,0.0,0.0
01-05 15,Roma FIR,0.2005,0.0255,0.0035,0.3465,0.343
01-05 15,Santa Maria FIR,0.0271,0.0059,0.046,0.105,0.0589
01-05 15,Sarajevo FIR,0.2521,0.0043,0.0132,0.4887,0.4755
01-05 15,Scottish FIR,0.0244,0.0018,0.0009,0.0321,0.0312
01-05 15,Shannon FIR,0.0,0.0,0.0,0.0,0.0
01-05 15,Skopje FIR,0.1133,0.0,0.0101,0.4847,0.4746
01-05 15,Sofia FIR,0.0558,0.0,0.0,0.3075,0.3075
01-05 15,Sweden FIR,0.0005,0.0,0.0,0.0049,0.0049
01-05 15,Switzerland FIR,0.0325,0.0,0.0,0.2202,0.2202
01-05 15,Tallinn FIR,0.0037,0.0,0.0,0.006,0.006
01-05 15,Tirana FIR,0.1625,0.0018,0.029,0.3695,0.3405
01-05 15,Vilnius FIR,0.0,0.0,0.0,0.0,0.0
01-05 15,Warszawa FIR,0.0008,0.0,0.0,0.0807,0.0807
01-05 15,Wien FIR,0.0396,0.0306,0.0134,0.173,0.1596
01-05 15,Zagreb FIR,0.2665,0.0847,0.0108,0.4183,0.4075
01-05 16,Global,0.022,0.0048,0.0169,0.0812,0.0643
01-05 16,Europe,0.0419,0.0085,0.0005,0.1034,0.1029
01-05 16,European Airspace,0.0357,0.0077,0.012,0.0939,0.0819
01-05 16,Africa Middle East,0.0158,0.0053,0.0048,0.0383,0.0335
01-05 16,East Asia,0.0002,0.0001,0.0,0.0017,0.0017
01-05 16,Southeast Asia,0.0717,0.0287,0.0001,0.1459,0.1458
01-05 16,India,0.0125,0.0047,0.0,0.0316,0.0316
01-05 16,China,0.0207,0.0033,0.0001,0.068,0.0678
01-05 16,Latin America,0.013,0.0033,0.035,0.0842,0.0492
01-05 16,USA,0.0046,0.0002,0.0494,0.0744,0.025
01-05 16,North Atlantic,0.0422,0.0078,0.0249,0.138,0.1131
01-05 16,North Pacific,0.0146,0.0004,0.0263,0.115,0.0888
01-05 16,Amsterdam FIR,0.0047,0.0012,0.0,0.0073,0.0073
01-05 16,Athinai FIR,0.0404,0.0072,0.0,0.0972,0.0972
01-05 16,Barcelona FIR,0.0011,0.0,0.0002,0.0023,0.0021
01-05 16,Beograd FIR,0.1998,0.0175,0.0,0.4751,0.4751
01-05 16,Bordeaux FIR,0.0,0.0,0.0,0.0,0.0
01-05 16,Bratislava  FIR,0.1096,0.0391,0.0,0.3304,0.3304
01-05 16,Bremen FIR,0.0043,0.0,0.0,0.0342,0.0342
01-05 16,Brest FIR,0.0001,0.0001,0.0,0.0003,0.0003
01-05 16,Brindisi FIR,0.1091,0.0154,0.0,0.3885,0.3885
01-05 16,Brussels FIR,0.0045,0.0023,0.0,0.0045,0.0045
01-05 16,Bucarest FIR,0.0668,0.0026,0.0,0.2952,0.2952
01-05 16,Budapest FIR,0.0949,0.0496,0.0,0.2782,0.2782
01-05 16,Canarias FIR,0.0213,0.0047,0.0615,0.1125,0.051
01-05 16,Chisinau FIR,0.0591,0.0,0.0,0.2645,0.2645
01-05 16,Copenhagen FIR,0.0181,0.0023,0.0,0.033,0.033
01-05 16,Helsinki FIR,0.0065,0.0,0.0,0.0103,0.0103
01-05 16,Langen FIR,0.0071,0.0,0.0,0.0545,0.0545
01-05 16,Lisboa FIR,0.0455,0.0081,0.0397,0.146,0.1063
01-05 16,Ljubljana FIR,0.2535,0.0542,0.0,0.4397,0.4397
01-05 16,London FIR,0.0012,0.0002,0.0,0.0053,0.0053
01-05 16,Madrid FIR,0.0,0.0,0.0,0.0,0.0
01-05 16,Malta FIR,0.1084,0.0361,0.0004,0.156,0.1556
01-05 16,Marseille FIR,0.04,0.0032,0.0001,0.2385,0.2384
01-05 16,Milano FIR,0.0897,0.0353,0.0,0.2651,0.2651
01-05 16,Munchen FIR,0.0106,0.0,0.0,0.1688,0.1688
01-05 16,Paris FIR,0.0038,0.0017,0.0,0.0082,0.0082
01-05 16,Polaris FIR,0.0091,0.0006,0.0,0.0245,0.0245
01-05 16,Praha FIR,0.0359,0.0,0.0,0.207,0.207
01-05 16,Reims FIR,0.0502,0.0043,0.0,0.1623,0.1623
01-05 16,Reykjavik FIR,0.0432,0.0219,0.0069,0.0878,0.0809
01-05 16,Riga FIR,0.0,0.0,0.0,0.0,0.0
01-05 16,Roma FIR,0.2049,0.035,0.0,0.3451,0.3451
01-05 16,Santa Maria FIR,0.0358,0.0078,0.031,0.1031,0.0722
01-05 16,Sarajevo FIR,0.2244,0.0129,0.0,0.4501,0.4501
01-05 16,Scottish FIR,0.0231,0.0005,0.0,0.0322,0.0322
01-05 16,Shannon FIR,0.0,0.0,0.0,0.0,0.0
01-05 16,Skopje FIR,0.0998,0.0,0.0,0.457,0.457
01-05 16,Sofia FIR,0.046,0.0,0.0,0.3294,0.3294
01-05 16,Sweden FIR,0.0004,0.0,0.0,0.0061,0.0061
01-05 16,Switzerland FIR,0.0399,0.0,0.0,0.231,0.231
01-05 16,Tallinn FIR,0.0023,0.0,0.0,0.0049,0.0049
01-05 16,Tirana FIR,0.1422,0.0161,0.0,0.3336,0.3336
01-05 16,Vilnius FIR,0.0,0.0,0.0,0.0,0.0
01-05 16,Warszawa FIR,0.0027,0.0,0.0,0.0841,0.0841
01-05 16,Wien FIR,0.0518,0.0275,0.0,0.1882,0.1882
01-05 16,Zagreb FIR,0.2425,0.0975,0.0,0.4399,0.4399
01-05 17,Global,0.0212,0.0045,0.0192,0.0814,0.0623
01-05 17,Europe,0.0407,0.0089,0.0005,0.1034,0.1029
01-05 17,European Airspace,0.0372,0.0085,0.0069,0.0951,0.0882
01-05 17,Africa Middle East,0.0174,0.0054,0.0031,0.0401,0.037
01-05 17,East Asia,0.0002,0.0001,0.0,0.0017,0.0017
01-05 17,Southeast Asia,0.0706,0.0242,0.0004,0.1491,0.1487
01-05 17,India,0.0119,0.0038,0.0,0.0323,0.0323
01-05 17,China,0.0199,0.003,0.0003,0.065,0.0647
01-05 17,Latin America,0.0137,0.0046,0.0366,0.0838,0.0472
01-05 17,USA,0.0055,0.0004,0.0534,0.076,0.0226
01-05 17,North Atlantic,0.0428,0.0089,0.0123,0.1379,0.1256
01-05 17,North Pacific,0.0103,0.0003,0.0465,0.1177,0.0712
01-05 17,Amsterdam FIR,0.0041,0.0,0.0,0.0079,0.0079
01-05 17,Athinai FIR,0.0536,0.0119,0.0,0.1074,0.1074
01-05 17,Barcelona FIR,0.0002,0.0,0.0,0.0016,0.0016
01-05 17,Beograd FIR,0.1761,0.0105,0.0,0.4436,0.4436
01-05 17,Bordeaux FIR,0.0,0.0,0.0,0.0,0.0
01-05 17,Bratislava  FIR,0.1163,0.0408,0.0,0.3306,0.3306
01-05 17,Bremen FIR,0.0,0.0,0.0,0.0166,0.0166
01-05 17,Brest FIR,0.0002,0.0002,0.0,0.0003,0.0003
01-05 17,Brindisi FIR,0.1426,0.0215,0.0,0.3874,0.3874
01-05 17,Brussels FIR,0.0045,0.0008,0.0,0.0053,0.0053
01-05 17,Bucarest FIR,0.0737,0.0061,0.0,0.3012,0.3012
01-05 17,Budapest FIR,0.1481,0.0716,0.0,0.2932,0.2932
01-05 17,Canarias FIR,0.0284,0.0063,0.0394,0.1034,0.064
01-05 17,Chisinau FIR,0.0173,0.0,0.0,0.2648,0.2648
01-05 17,Copenhagen FIR,0.0112,0.0016,0.0,0.0326,0.0326
01-05 17,Helsinki FIR,0.0092,0.0,0.0,0.0125,0.0125
01-05 17,Langen FIR,0.019,0.0,0.0,0.0838,0.0838
01-05 17,Lisboa FIR,0.0631,0.0148,0.025,0.1413,0.1163
01-05 17,Ljubljana FIR,0.2728,0.1162,0.0,0.4739,0.4739
01-05 17,London FIR,0.0012,0.0005,0.0,0.0042,0.0042
01-05 17,Madrid FIR,0.0,0.0,0.0,0.0,0.0
01-05 17,Malta FIR,0.1067,0.0285,0.0,0.1651,0.1651
01-05 17,Marseille FIR,0.037,0.0003,0.0,0.223,0.223
01-05 17,Milano FIR,0.0936,0.0291,0.0,0.2939,0.2939
01-05 17,Munchen FIR,0.0181,0.0,0.0,0.1481,0.1481
01-05 17,Paris FIR,0.0036,0.0017,0.0,0.0073,0.0073
01-05 17,Polaris FIR,0.0082,0.0011,0.0,0.0269,0.0269
01-05 17,Praha FIR,0.0,0.0,0.0,0.1726,0.1726
01-05 17,Reims FIR,0.0694,0.0127,0.0,0.1877,0.1877
01-05 17,Reykjavik FIR,0.0427,0.0218,0.0,0.093,0.093
01-05 17,Riga FIR,0.0,0.0,0.0,0.0,0.0
01-05 17,Roma FIR,0.2048,0.0422,0.0,0.3532,0.3532
01-05 17,Santa Maria FIR,0.0419,0.0084,0.0181,0.0991,0.081
01-05 17,Sarajevo FIR,0.1855,0.0191,0.0,0.4384,0.4384
01-05 17,Scottish FIR,0.0205,0.0006,0.0,0.0336,0.0336
01-05 17,Shannon FIR,0.0,0.0,0.0,0.0,0.0
01-05 17,Skopje FIR,0.1204,0.0,0.0,0.4532,0.4532
01-05 17,Sofia FIR,0.0315,0.0,0.0,0.334,0.334
01-05 17,Sweden FIR,0.0,0.0,0.0,0.0074,0.0074
01-05 17,Switzerland FIR,0.0229,0.0,0.0,0.2343,0.2343
01-05 17,Tallinn FIR,0.002,0.0,0.0,0.0032,0.0032
01-05 17,Tirana FIR,0.1482,0.0116,0.0,0.2849,0.2849
01-05 17,Vilnius FIR,0.0,0.0,0.0,0.0,0.0
01-05 17,Warszawa FIR,0.0031,0.0,0.0,0.1,0.1
01-05 17,Wien FIR,0.0768,0.0354,0.0,0.1772,0.1772
01-05 17,Zagreb FIR,0.2223,0.0892,0.0,0.4564,0.4564
01-05 18,Global,0.0209,0.0042,0.0208,0.0816,0.0608
01-05 18,Europe,0.0418,0.0084,0.0,0.1027,0.1027
01-05 18,European Airspace,0.0379,0.0088,0.0014,0.0966,0.0952
01-05 18,Africa Middle East,0.0181,0.0055,0.0013,0.0422,0.0409
01-05 18,East Asia,0.0002,0.0,0.0,0.0018,0.0018
01-05 18,Southeast Asia,0.0672,0.0173,0.0016,0.152,0.1504
01-05 18,India,0.0109,0.0029,0.0,0.0323,0.0323
01-05 18,China,0.0192,0.0024,0.0006,0.0618,0.0612
01-05 18,Latin America,0.0173,0.0066,0.0377,0.0844,0.0467
01-05 18,USA,0.0073,0.0007,0.0541,0.0766,0.0225
01-05 18,North Atlantic,0.043,0.0091,0.004,0.1393,0.1352
01-05 18,North Pacific,0.0077,0.0005,0.0623,0.1188,0.0565
01-05 18,Amsterdam FIR,0.0044,0.0,0.0,0.0067,0.0067
01-05 18,Athinai FIR,0.0672,0.0163,0.0,0.1209,0.1209
01-05 18,Barcelona FIR,0.0,0.0,0.0,0.0016,0.0016
01-05 18,Beograd FIR,0.1955,0.0167,0.0,0.4378,0.4378
01-05 18,Bordeaux FIR,0.0,0.0,0.0,0.0,0.0
01-05 18,Bratislava  FIR,0.1242,0.0372,0.0,0.2179,0.2179
01-05 18,Bremen FIR,0.0,0.0,0.0,0.0035,0.0035
01-05 18,Brest FIR,0.0002,0.0002,0.0,0.0002,0.0002
01-05 18,Brindisi FIR,0.1967,0.0313,0.0,0.3936,0.3936
01-05 18,Brussels FIR,0.0045,0.0,0.0,0.0045,0.0045
01-05 18,Bucarest FIR,0.0901,0.0139,0.0,0.3227,0.3227
01-05 18,Budapest FIR,0.1909,0.0772,0.0,0.3086,0.3086
01-05 18,Canarias FIR,0.0297,0.006,0.0179,0.0952,0.0773
01-05 18,Chisinau FIR,0.0,0.0,0.0,0.1981,0.1981
01-05 18,Copenhagen FIR,0.0105,0.0009,0.0,0.0305,0.0305
01-05 18,Helsinki FIR,0.0126,0.0,0.0,0.0167,0.0167
01-05 18,Langen FIR,0.0486,0.0,0.0,0.1089,0.1089
01-05 18,Lisboa FIR,0.0718,0.0161,0.0017,0.1638,0.1621
01-05 18,Ljubljana FIR,0.2188,0.1012,0.0,0.438,0.438
01-05 18,London FIR,0.0013,0.0006,0.0,0.003,0.003
01-05 18,Madrid FIR,0.0,0.0,0.0,0.0,0.0
01-05 18,Malta FIR,0.1029,0.0191,0.0,0.1658,0.1658
01-05 18,Marseille FIR,0.0385,0.0012,0.0,0.2082,0.2082
01-05 18,Milano FIR,0.0963,0.0316,0.0,0.3317,0.3317
01-05 18,Munchen FIR,0.0283,0.0,0.0,0.1617,0.1617
01-05 18,Paris FIR,0.0039,0.0019,0.0,0.0055,0.0055
01-05 18,Polaris FIR,0.0079,0.0016,0.0,0.0286,0.0286
01-05 18,Praha FIR,0.0103,0.0029,0.0,0.1549,0.1549
01-05 18,Reims FIR,0.0855,0.0179,0.0,0.188,0.188
01-05 18,Reykjavik FIR,0.044,0.0222,0.0,0.0974,0.0974
01-05 18,Riga FIR,0.0,0.0,0.0,0.0,0.0
01-05 18,Roma FIR,0.1849,0.0328,0.0,0.3511,0.3511
01-05 18,Santa Maria FIR,0.0439,0.0093,0.0062,0.0963,0.0901
01-05 18,Sarajevo FIR,0.181,0.008,0.0,0.4342,0.4342
01-05 18,Scottish FIR,0.0198,0.001,0.0,0.0372,0.0372
01-05 18,Shannon FIR,0.0005,0.0,0.0,0.0068,0.0068
01-05 18,Skopje FIR,0.2227,0.0,0.0,0.4506,0.4506
01-05 18,Sofia FIR,0.0137,0.0,0.0,0.3293,0.3293
01-05 18,Sweden FIR,0.0,0.0,0.0,0.0054,0.0054
01-05 18,Switzerland FIR,0.0142,0.0,0.0,0.28,0.28
01-05 18,Tallinn FIR,0.0014,0.0,0.0,0.002,0.002
01-05 18,Tirana FIR,0.1518,0.0017,0.0,0.2466,0.2466
01-05 18,Vilnius FIR,0.0,0.0,0.0,0.0,0.0
01-05 18,Warszawa FIR,0.0019,0.0,0.0,0.1094,0.1094
01-05 18,Wien FIR,0.1051,0.0537,0.0,0.1911,0.1911
01-05 18,Zagreb FIR,0.2276,0.0735,0.0,0.4587,0.4587
01-05 19,Global,0.0208,0.0041,0.0218,0.0815,0.0597
01-05 19,Europe,0.0431,0.0072,0.0,0.102,0.102
01-05 19,European Airspace,0.0389,0.0088,0.0,0.098,0.098
01-05 19,Africa Middle East,0.0181,0.0056,0.0006,0.044,0.0433
01-05 19,East Asia,0.0002,0.0,0.0,0.002,0.002
01-05 19,Southeast Asia,0.0579,0.01,0.0036,0.1535,0.1498
01-05 19,India,0.009,0.002,0.0,0.0316,0.0316
01-05 19,China,0.0191,0.0017,0.0011,0.0589,0.0578
01-05 19,Latin America,0.023,0.0095,0.0357,0.0854,0.0497
01-05 19,USA,0.01,0.001,0.0507,0.0783,0.0276
01-05 19,North Atlantic,0.0438,0.0094,0.0013,0.1416,0.1403
01-05 19,North Pacific,0.0081,0.0009,0.0717,0.1177,0.046
01-05 19,Amsterdam FIR,0.0062,0.0,0.0,0.0082,0.0082
01-05 19,Athinai FIR,0.0844,0.0137,0.0,0.1361,0.1361
01-05 19,Barcelona FIR,0.0,0.0,0.0,0.0008,0.0008
01-05 19,Beograd FIR,0.2118,0.0193,0.0,0.4487,0.4487
01-05 19,Bordeaux FIR,0.0,0.0,0.0,0.0,0.0
01-05 19,Bratislava  FIR,0.0951,0.0149,0.0,0.1622,0.1622
01-05 19,Bremen FIR,0.0,0.0,0.0,0.0014,0.0014
01-05 19,Brest FIR,0.0001,0.0,0.0,0.0001,0.0001
01-05 19,Brindisi FIR,0.2255,0.0101,0.0,0.4021,0.4021
01-05 19,Brussels FIR,0.0068,0.0008,0.0,0.0075,0.0075
01-05 19,Bucarest FIR,0.1071,0.032,0.0,0.3372,0.3372
01-05 19,Budapest FIR,0.2485,0.074,0.0,0.35,0.35
01-05 19,Canarias FIR,0.029,0.0057,0.0,0.0944,0.0944
01-05 19,Chisinau FIR,0.0,0.0,0.0,0.0271,0.0271
01-05 19,Copenhagen FIR,0.0102,0.0,0.0,0.0295,0.0295
01-05 19,Helsinki FIR,0.0178,0.0,0.0,0.0212,0.0212
01-05 19,Langen FIR,0.0758,0.0,0.0,0.1313,0.1313
01-05 19,Lisboa FIR,0.0757,0.0151,0.0,0.1872,0.1872
01-05 19,Ljubljana FIR,0.2223,0.072,0.0,0.3971,0.3971
01-05 19,London FIR,0.0012,0.0003,0.0,0.0022,0.0022
01-05 19,Madrid FIR,0.0,0.0,0.0,0.0,0.0
01-05 19,Malta FIR,0.0882,0.0152,0.0,0.157,0.157
01-05 19,Marseille FIR,0.0387,0.002,0.0,0.1822,0.1822
01-05 19,Milano FIR,0.0981,0.0336,0.0,0.3654,0.3654
01-05 19,Munchen FIR,0.0357,0.0,0.0,0.1951,0.1951
01-05 19,Paris FIR,0.0031,0.001,0.0,0.0047,0.0047
01-05 19,Polaris FIR,0.0088,0.0028,0.0,0.0299,0.0299
01-05 19,Praha FIR,0.0352,0.0046,0.0,0.1607,0.1607
01-05 19,Reims FIR,0.097,0.0347,0.0,0.1939,0.1939
01-05 19,Reykjavik FIR,0.0488,0.0246,0.0,0.1058,0.1058
01-05 19,Riga FIR,0.0,0.0,0.0,0.0,0.0
01-05 19,Roma FIR,0.1686,0.0236,0.0,0.3461,0.3461
01-05 19,Santa Maria FIR,0.0427,0.0091,0.0009,0.0924,0.0915
01-05 19,Sarajevo FIR,0.1966,0.0089,0.0,0.4401,0.4401
01-05 19,Scottish FIR,0.0185,0.0017,0.0,0.0365,0.0365
01-05 19,Shannon FIR,0.0013,0.0,0.0,0.0264,0.0264
01-05 19,Skopje FIR,0.3107,0.0239,0.0,0.4581,0.4581
01-05 19,Sofia FIR,0.0105,0.0,0.0,0.3337,0.3337
01-05 19,Sweden FIR,0.0,0.0,0.0,0.0038,0.0038
01-05 19,Switzerland FIR,0.0238,0.0027,0.0,0.3363,0.3363
01-05 19,Tallinn FIR,0.0,0.0,0.0,0.0009,0.0009
01-05 19,Tirana FIR,0.1803,0.0044,0.0,0.2696,0.2696
01-05 19,Vilnius FIR,0.0,0.0,0.0,0.0,0.0
01-05 19,Warszawa FIR,0.0011,0.0,0.0,0.0901,0.0901
01-05 19,Wien FIR,0.12,0.0584,0.0,0.2085,0.2085
01-05 19,Zagreb FIR,0.2658,0.0743,0.0,0.4679,0.4679
01-05 20,Global,0.0208,0.0042,0.0219,0.0813,0.0594
01-05 20,Europe,0.042,0.0074,0.0,0.1008,0.1008
01-05 20,European Airspace,0.0398,0.0092,0.0,0.0995,0.0995
01-05 20,Africa Middle East,0.0181,0.0057,0.0001,0.045,0.0448
01-05 20,East Asia,0.0002,0.0,0.0,0.002,0.002
01-05 20,Southeast Asia,0.0408,0.0041,0.0094,0.1537,0.1444
01-05 20,India,0.0066,0.0015,0.0002,0.0302,0.0301
01-05 20,China,0.0186,0.0009,0.0017,0.0571,0.0553
01-05 20,Latin America,0.0301,0.0127,0.0282,0.0865,0.0582
01-05 20,USA,0.0148,0.0012,0.0384,0.0799,0.0415
01-05 20,North Atlantic,0.0452,0.0093,0.0,0.1437,0.1437
01-05 20,North Pacific,0.0099,0.0015,0.0736,0.1156,0.042
01-05 20,Amsterdam FIR,0.0079,0.0012,0.0,0.0097,0.0097
01-05 20,Athinai FIR,0.0926,0.0117,0.0,0.1552,0.1552
01-05 20,Barcelona FIR,0.0,0.0,0.0,0.0023,0.0023
01-05 20,Beograd FIR,0.2211,0.0319,0.0,0.4516,0.4516
01-05 20,Bordeaux FIR,0.0,0.0,0.0,0.0,0.0
01-05 20,Bratislava  FIR,0.1192,0.0366,0.0,0.2012,0.2012
01-05 20,Bremen FIR,0.0,0.0,0.0,0.0058,0.0058
01-05 20,Brest FIR,0.0001,0.0,0.0,0.0001,0.0001
01-05 20,Brindisi FIR,0.2169,0.0027,0.0,0.4055,0.4055
01-05 20,Brussels FIR,0.0045,0.0023,0.0,0.0113,0.0113
01-05 20,Bucarest FIR,0.1535,0.0527,0.0,0.3571,0.3571
01-05 20,Budapest FIR,0.2841,0.0953,0.0,0.3946,0.3946
01-05 20,Canarias FIR,0.03,0.0069,0.0,0.0947,0.0947
01-05 20,Chisinau FIR,0.0,0.0,0.0,0.0801,0.0801
01-05 20,Copenhagen FIR,0.0046,0.0,0.0,0.0231,0.0231
01-05 20,Helsinki FIR,0.0224,0.0001,0.0,0.028,0.028
01-05 20,Langen FIR,0.0744,0.0024,0.0,0.1404,0.1404
01-05 20,Lisboa FIR,0.0791,0.0117,0.0,0.2038,0.2038
01-05 20,Ljubljana FIR,0.2699,0.1589,0.0,0.4054,0.4054
01-05 20,London FIR,0.0004,0.0,0.0,0.0016,0.0016
01-05 20,Madrid FIR,0.0,0.0,0.0,0.0,0.0
01-05 20,Malta FIR,0.0592,0.0143,0.0,0.1304,0.1304
01-05 20,Marseille FIR,0.0441,0.0004,0.0,0.1523,0.1523
01-05 20,Milano FIR,0.0895,0.0106,0.0,0.3871,0.3871
01-05 20,Munchen FIR,0.0512,0.0,0.0,0.2435,0.2435
01-05 20,Paris FIR,0.0009,0.0003,0.0,0.0061,0.0061
01-05 20,Polaris FIR,0.0099,0.0038,0.0,0.0303,0.0303
01-05 20,Praha FIR,0.0688,0.005,0.0,0.1828,0.1828
01-05 20,Reims FIR,0.0848,0.0466,0.0,0.2097,0.2097
01-05 20,Reykjavik FIR,0.0542,0.0253,0.0,0.1124,0.1124
01-05 20,Riga FIR,0.0,0.0,0.0,0.0,0.0
01-05 20,Roma FIR,0.1553,0.0244,0.0,0.328,0.328
01-05 20,Santa Maria FIR,0.0413,0.0097,0.0,0.091,0.091
01-05 20,Sarajevo FIR,0.1907,0.0585,0.0,0.4372,0.4372
01-05 20,Scottish FIR,0.0152,0.0023,0.0,0.0322,0.0322
01-05 20,Shannon FIR,0.0,0.0,0.0,0.0532,0.0532
01-05 20,Skopje FIR,0.3055,0.0352,0.0,0.463,0.463
01-05 20,Sofia FIR,0.0159,0.0011,0.0,0.3249,0.3249
01-05 20,Sweden FIR,0.0,0.0,0.0,0.0028,0.0028
01-05 20,Switzerland FIR,0.0346,0.0,0.0,0.3647,0.3647
01-05 20,Tallinn FIR,0.0,0.0,0.0,0.0003,0.0003
01-05 20,Tirana FIR,0.2055,0.0069,0.0,0.3302,0.3302
01-05 20,Vilnius FIR,0.0,0.0,0.0,0.0,0.0
01-05 20,Warszawa FIR,0.0038,0.0007,0.0,0.074,0.074
01-05 20,Wien FIR,0.0834,0.0498,0.0,0.2139,0.2139
01-05 20,Zagreb FIR,0.2892,0.0758,0.0,0.4749,0.4749
01-05 21,Global,0.0207,0.0042,0.0217,0.0808,0.0591
01-05 21,Europe,0.039,0.0066,0.0,0.0995,0.0995
01-05 21,European Airspace,0.0406,0.0096,0.0,0.0997,0.0997
01-05 21,Africa Middle East,0.0182,0.0055,0.0,0.045,0.045
01-05 21,East Asia,0.0002,0.0,0.0001,0.0017,0.0016
01-05 21,Southeast Asia,0.0245,0.0011,0.0246,0.1525,0.1279
01-05 21,India,0.0046,0.0011,0.0005,0.0274,0.0268
01-05 21,China,0.0171,0.0004,0.0027,0.0565,0.0538
01-05 21,Latin America,0.0366,0.0155,0.0199,0.0875,0.0676
01-05 21,USA,0.0201,0.0013,0.0262,0.0801,0.0539
01-05 21,North Atlantic,0.0456,0.009,0.0,0.1425,0.1425
01-05 21,North Pacific,0.0131,0.0022,0.0693,0.1142,0.0449
01-05 21,Amsterdam FIR,0.0088,0.0021,0.0,0.0112,0.0112
01-05 21,Athinai FIR,0.0989,0.0164,0.0,0.1725,0.1725
01-05 21,Barcelona FIR,0.0005,0.0,0.0,0.0061,0.0061
01-05 21,Beograd FIR,0.1834,0.0461,0.0,0.4486,0.4486
01-05 21,Bordeaux FIR,0.0,0.0,0.0,0.0,0.0
01-05 21,Bratislava  FIR,0.1513,0.0703,0.0,0.2577,0.2577
01-05 21,Bremen FIR,0.0017,0.0,0.0,0.0158,0.0158
01-05 21,Brest FIR,0.0,0.0,0.0,0.0003,0.0003
01-05 21,Brindisi FIR,0.1992,0.0111,0.0,0.3999,0.3999
01-05 21,Brussels FIR,0.0023,0.0008,0.0,0.0105,0.0105
01-05 21,Bucarest FIR,0.191,0.0683,0.0,0.3912,0.3912
01-05 21,Budapest FIR,0.3036,0.1106,0.0,0.4116,0.4116
01-05 21,Canarias FIR,0.0321,0.0098,0.0,0.0975,0.0975
01-05 21,Chisinau FIR,0.0101,0.0009,0.0,0.2052,0.2052
01-05 21,Copenhagen FIR,0.0,0.0,0.0,0.0186,0.0186
01-05 21,Helsinki FIR,0.028,0.0013,0.0,0.0368,0.0368
01-05 21,Langen FIR,0.0879,0.007,0.0,0.1497,0.1497
01-05 21,Lisboa FIR,0.0724,0.0118,0.0,0.2132,0.2132
01-05 21,Ljubljana FIR,0.2452,0.1748,0.0,0.4658,0.4658
01-05 21,London FIR,0.0,0.0,0.0,0.0016,0.0016
01-05 21,Madrid FIR,0.0,0.0,0.0,0.0,0.0
01-05 21,Malta FIR,0.029,0.006,0.0,0.0903,0.0903
01-05 21,Marseille FIR,0.0466,0.0,0.0,0.1317,0.1317
01-05 21,Milano FIR,0.0882,0.0029,0.0,0.3902,0.3902
01-05 21,Munchen FIR,0.0703,0.0,0.0,0.2633,0.2633
01-05 21,Paris FIR,0.0002,0.0,0.0,0.0083,0.0083
01-05 21,Polaris FIR,0.0099,0.0028,0.0,0.0302,0.0302
01-05 21,Praha FIR,0.0761,0.0028,0.0,0.186,0.186
01-05 21,Reims FIR,0.0895,0.0244,0.0,0.208,0.208
01-05 21,Reykjavik FIR,0.0594,0.023,0.0,0.1148,0.1148
01-05 21,Riga FIR,0.0,0.0,0.0,0.0,0.0
01-05 21,Roma FIR,0.1336,0.0225,0.0,0.3049,0.3049
01-05 21,Santa Maria FIR,0.0404,0.0111,0.0,0.0895,0.0895
01-05 21,Sarajevo FIR,0.221,0.079,0.0,0.438,0.438
01-05 21,Scottish FIR,0.0124,0.0022,0.0,0.0271,0.0271
01-05 21,Shannon FIR,0.0,0.0,0.0,0.0638,0.0638
01-05 21,Skopje FIR,0.2523,0.0088,0.0,0.4909,0.4909
01-05 21,Sofia FIR,0.0474,0.0073,0.0,0.3206,0.3206
01-05 21,Sweden FIR,0.0,0.0,0.0,0.002,0.002
01-05 21,Switzerland FIR,0.0549,0.0,0.0,0.3714,0.3714
01-05 21,Tallinn FIR,0.0,0.0,0.0,0.0003,0.0003
01-05 21,Tirana FIR,0.131,0.0,0.0,0.3811,0.3811
01-05 21,Vilnius FIR,0.0,0.0,0.0,0.0,0.0
01-05 21,Warszawa FIR,0.012,0.0019,0.0,0.0739,0.0739
01-05 21,Wien FIR,0.043,0.032,0.0,0.2451,0.2451
01-05 21,Zagreb FIR,0.2405,0.0363,0.0,0.4781,0.4781
01-05 22,Global,0.0211,0.0044,0.0208,0.08,0.0593
01-05 22,Europe,0.0343,0.0052,0.0,0.0949,0.0949
01-05 22,European Airspace,0.0411,0.0095,0.0,0.0983,0.0983
01-05 22,Africa Middle East,0.0196,0.0058,0.0,0.0476,0.0475
01-05 22,East Asia,0.0002,0.0,0.0003,0.0018,0.0015
01-05 22,Southeast Asia,0.0154,0.0007,0.0499,0.1434,0.0935
01-05 22,India,0.0038,0.0007,0.0015,0.0231,0.0217
01-05 22,China,0.014,0.0001,0.0054,0.057,0.0517
01-05 22,Latin America,0.04,0.0164,0.0085,0.0827,0.0742
01-05 22,USA,0.022,0.0007,0.0134,0.081,0.0676
01-05 22,North Atlantic,0.0454,0.0086,0.0,0.1384,0.1384
01-05 22,North Pacific,0.019,0.0035,0.0604,0.1134,0.053
01-05 22,Amsterdam FIR,0.0091,0.0018,0.0,0.012,0.012
01-05 22,Athinai FIR,0.102,0.0183,0.0,0.1916,0.1916
01-05 22,Barcelona FIR,0.0006,0.0,0.0,0.0033,0.0033
01-05 22,Beograd FIR,0.1644,0.0592,0.0,0.411,0.411
01-05 22,Bordeaux FIR,0.0,0.0,0.0,0.0,0.0
01-05 22,Bratislava  FIR,0.1479,0.0726,0.0,0.2328,0.2328
01-05 22,Bremen FIR,0.0098,0.0004,0.0,0.0302,0.0302
01-05 22,Brest FIR,0.0,0.0,0.0,0.0004,0.0004
01-05 22,Brindisi FIR,0.164,0.0302,0.0,0.4043,0.4043
01-05 22,Brussels FIR,0.0,0.0,0.0,0.0083,0.0083
01-05 22,Bucarest FIR,0.2316,0.0729,0.0,0.4219,0.4219
01-05 22,Budapest FIR,0.3308,0.1164,0.0,0.4415,0.4415
01-05 22,Canarias FIR,0.0395,0.0116,0.0,0.0949,0.0949
01-05 22,Chisinau FIR,0.017,0.0077,0.0,0.2995,0.2995
01-05 22,Copenhagen FIR,0.0,0.0,0.0,0.0141,0.0141
01-05 22,Helsinki FIR,0.0296,0.0022,0.0,0.0413,0.0413
01-05 22,Langen FIR,0.0936,0.0,0.0,0.1374,0.1374
01-05 22,Lisboa FIR,0.0573,0.0109,0.0,0.205,0.205
01-05 22,Ljubljana FIR,0.2156,0.1125,0.0,0.3792,0.3792
01-05 22,London FIR,0.0001,0.0,0.0,0.0017,0.0017
01-05 22,Madrid FIR,0.0,0.0,0.0,0.0023,0.0023
01-05 22,Malta FIR,0.0092,0.0,0.0,0.057,0.057
01-05 22,Marseille FIR,0.0472,0.0,0.0,0.1122,0.1122
01-05 22,Milano FIR,0.0738,0.0002,0.0,0.359,0.359
01-05 22,Munchen FIR,0.0807,0.0,0.0,0.2621,0.2621
01-05 22,Paris FIR,0.0,0.0,0.0,0.0029,0.0029
01-05 22,Polaris FIR,0.0103,0.001,0.0,0.0288,0.0288
01-05 22,Praha FIR,0.0624,0.0011,0.0,0.1769,0.1769
01-05 22,Reims FIR,0.0727,0.0,0.0,0.1663,0.1663
01-05 22,Reykjavik FIR,0.0629,0.023,0.0,0.1274,0.1274
01-05 22,Riga FIR,0.0,0.0,0.0,0.0,0.0
01-05 22,Roma FIR,0.1055,0.014,0.0,0.277,0.277
01-05 22,Santa Maria FIR,0.0396,0.0115,0.0,0.084,0.084
01-05 22,Sarajevo FIR,0.1918,0.0655,0.0,0.4655,0.4655
01-05 22,Scottish FIR,0.0089,0.0015,0.0,0.0211,0.0211
01-05 22,Shannon FIR,0.0,0.0,0.0,0.0404,0.0404
01-05 22,Skopje FIR,0.1601,0.0,0.0,0.477,0.477
01-05 22,Sofia FIR,0.1079,0.0114,0.0,0.3236,0.3236
01-05 22,Sweden FIR,0.0,0.0,0.0,0.0015,0.0015
01-05 22,Switzerland FIR,0.0845,0.0,0.0,0.3083,0.3083
01-05 22,Tallinn FIR,0.0,0.0,0.0,0.0,0.0
01-05 22,Tirana FIR,0.1071,0.0027,0.0,0.4199,0.4199
01-05 22,Vilnius FIR,0.0,0.0,0.0,0.0,0.0
01-05 22,Warszawa FIR,0.0193,0.0039,0.0,0.1093,0.1093
01-05 22,Wien FIR,0.0384,0.0156,0.0,0.2048,0.2048
01-05 22,Zagreb FIR,0.169,0.0239,0.0,0.4635,0.4635
01-05 23,Global,0.0215,0.0045,0.0213,0.0806,0.0593
01-05 23,Europe,0.0305,0.0041,0.0,0.0944,0.0944
01-05 23,European Airspace,0.0417,0.0086,0.0,0.0991,0.0991
01-05 23,Africa Middle East,0.0196,0.0047,0.0001,0.0484,0.0483
01-05 23,East Asia,0.0002,0.0,0.0006,0.002,0.0013
01-05 23,Southeast Asia,0.0147,0.0009,0.0747,0.1446,0.0698
01-05 23,India,0.0027,0.0001,0.0033,0.0207,0.0174
01-05 23,China,0.0092,0.0001,0.0103,0.058,0.0477
01-05 23,Latin America,0.0428,0.0168,0.0028,0.0847,0.0819
01-05 23,USA,0.0234,0.0005,0.0068,0.0822,0.0754
01-05 23,North Atlantic,0.0453,0.0077,0.0,0.1355,0.1355
01-05 23,North Pacific,0.0267,0.0052,0.0473,0.111,0.0637
01-05 23,Amsterdam FIR,0.0076,0.0,0.0,0.014,0.014
01-05 23,Athinai FIR,0.1056,0.0158,0.0,0.1874,0.1874
01-05 23,Barcelona FIR,0.0,0.0,0.0,0.0029,0.0029
01-05 23,Beograd FIR,0.163,0.0821,0.0006,0.4183,0.4178
01-05 23,Bordeaux FIR,0.0,0.0,0.0,0.0,0.0
01-05 23,Bratislava  FIR,0.1172,0.0389,0.0,0.1648,0.1648
01-05 23,Bremen FIR,0.0141,0.0,0.0,0.0359,0.0359
01-05 23,Brest FIR,0.0,0.0,0.0,0.0004,0.0004
01-05 23,Brindisi FIR,0.1495,0.0365,0.0,0.4058,0.4058
01-05 23,Brussels FIR,0.0,0.0,0.0,0.0075,0.0075
01-05 23,Bucarest FIR,0.2655,0.0778,0.0,0.4391,0.4391
01-05 23,Budapest FIR,0.3008,0.0805,0.0,0.4413,0.4413
01-05 23,Canarias FIR,0.0415,0.0133,0.0,0.0937,0.0937
01-05 23,Chisinau FIR,0.0304,0.0102,0.0,0.2578,0.2578
01-05 23,Copenhagen FIR,0.0,0.0,0.0,0.008,0.008
01-05 23,Helsinki FIR,0.026,0.0012,0.0,0.0416,0.0416
01-05 23,Langen FIR,0.0884,0.0,0.0,0.1513,0.1513
01-05 23,Lisboa FIR,0.0531,0.0105,0.0,0.2015,0.2015
01-05 23,Ljubljana FIR,0.1729,0.0357,0.0,0.3775,0.3775
01-05 23,London FIR,0.0001,0.0,0.0,0.0012,0.0012
01-05 23,Madrid FIR,0.0,0.0,0.0,0.0051,0.0051
01-05 23,Malta FIR,0.0039,0.0,0.0,0.0482,0.0482
01-05 23,Marseille FIR,0.046,0.0,0.0,0.111,0.111
01-05 23,Milano FIR,0.0535,0.0,0.0,0.3541,0.3541
01-05 23,Munchen FIR,0.0825,0.0,0.0,0.2721,0.2721
01-05 23,Paris FIR,0.0003,0.0,0.0,0.0046,0.0046
01-05 23,Polaris FIR,0.0109,0.0002,0.0,0.0312,0.0312
01-05 23,Praha FIR,0.0215,0.0,0.0,0.1685,0.1685
01-05 23,Reims FIR,0.0549,0.0,0.0,0.1437,0.1437
01-05 23,Reykjavik FIR,0.0573,0.0205,0.0,0.1356,0.1356
01-05 23,Riga FIR,0.0,0.0,0.0,0.0,0.0
01-05 23,Roma FIR,0.0974,0.0124,0.0,0.2536,0.2536
01-05 23,Santa Maria FIR,0.0403,0.0106,0.0,0.0835,0.0835
01-05 23,Sarajevo FIR,0.1271,0.0479,0.0012,0.4617,0.4605
01-05 23,Scottish FIR,0.0074,0.0014,0.0,0.0205,0.0205
01-05 23,Shannon FIR,0.0,0.0,0.0,0.0216,0.0216
01-05 23,Skopje FIR,0.1125,0.0,0.0,0.4633,0.4633
01-05 23,Sofia FIR,0.1435,0.0065,0.0,0.3075,0.3075
01-05 23,Sweden FIR,0.0,0.0,0.0,0.0015,0.0015
01-05 23,Switzerland FIR,0.0669,0.0,0.0,0.3212,0.3212
01-05 23,Tallinn FIR,0.0,0.0,0.0,0.0,0.0
01-05 23,Tirana FIR,0.0929,0.0,0.0,0.4392,0.4392
01-05 23,Vilnius FIR,0.0,0.0,0.0,0.0,0.0
01-05 23,Warszawa FIR,0.0277,0.0036,0.0,0.1338,0.1338
01-05 23,Wien FIR,0.0744,0.0111,0.0,0.2959,0.2959
01-05 23,Zagreb FIR,0.1401,0.0337,0.0003,0.4578,0.4575
01-06 00,Global,0.022,0.0048,0.0218,0.081,0.0593
01-06 00,Europe,0.0278,0.0033,0.0001,0.0934,0.0932
01-06 00,European Airspace,0.0416,0.007,0.0001,0.101,0.1009
01-06 00,Africa Middle East,0.0182,0.0032,0.0002,0.0486,0.0484
01-06 00,East Asia,0.0001,0.0,0.001,0.0022,0.0011
01-06 00,Southeast Asia,0.0163,0.0012,0.0824,0.1465,0.0642
01-06 00,India,0.0017,0.0002,0.0071,0.0196,0.0125
01-06 00,China,0.0055,0.0001,0.0181,0.0589,0.0408
01-06 00,Latin America,0.0442,0.017,0.001,0.0868,0.0858
01-06 00,USA,0.0246,0.0007,0.0032,0.0845,0.0813
01-06 00,North Atlantic,0.0466,0.0068,0.0,0.1352,0.1352
01-06 00,North Pacific,0.0341,0.0076,0.0334,0.1084,0.075
01-06 00,Amsterdam FIR,0.0067,0.0,0.0,0.016,0.016
01-06 00,Athinai FIR,0.1058,0.013,0.0,0.1784,0.1784
01-06 00,Barcelona FIR,0.0,0.0,0.0,0.0024,0.0024
01-06 00,Beograd FIR,0.1238,0.0581,0.0037,0.4325,0.4289
01-06 00,Bordeaux FIR,0.0,0.0,0.0,0.0,0.0
01-06 00,Bratislava  FIR,0.0611,0.0234,0.0,0.1142,0.1142
01-06 00,Bremen FIR,0.0191,0.0,0.0,0.0456,0.0456
01-06 00,Brest FIR,0.0,0.0,0.0,0.0003,0.0003
01-06 00,Brindisi FIR,0.1487,0.0321,0.0,0.3909,0.3909
01-06 00,Brussels FIR,0.0,0.0,0.0,0.009,0.009
01-06 00,Bucarest FIR,0.2784,0.0603,0.0009,0.4471,0.4462
01-06 00,Budapest FIR,0.207,0.0312,0.0041,0.43,0.426
01-06 00,Canarias FIR,0.0426,0.0124,0.0,0.0939,0.0939
01-06 00,Chisinau FIR,0.1015,0.0329,0.0,0.2925,0.2925
01-06 00,Copenhagen FIR,0.0,0.0,0.0,0.0029,0.0029
01-06 00,Helsinki FIR,0.0175,0.0005,0.0,0.0399,0.0399
01-06 00,Langen FIR,0.0648,0.0,0.0,0.154,0.154
01-06 00,Lisboa FIR,0.0505,0.0136,0.0001,0.1929,0.1929
01-06 00,Ljubljana FIR,0.1011,0.0,0.0,0.3939,0.3939
01-06 00,London FIR,0.0,0.0,0.0,0.0009,0.0009
01-06 00,Madrid FIR,0.0,0.0,0.0,0.0078,0.0078
01-06 00,Malta FIR,0.0043,0.0,0.0,0.043,0.043
01-06 00,Marseille FIR,0.0398,0.0,0.0,0.1024,0.1024
01-06 00,Milano FIR,0.0504,0.0,0.0,0.3438,0.3438
01-06 00,Munchen FIR,0.0817,0.0,0.0,0.2849,0.2849
01-06 00,Paris FIR,0.0,0.0,0.0,0.0031,0.0031
01-06 00,Polaris FIR,0.011,0.0003,0.0,0.037,0.037
01-06 00,Praha FIR,0.0253,0.0,0.0,0.1859,0.1859
01-06 00,Reims FIR,0.0514,0.0,0.0,0.1138,0.1138
01-06 00,Reykjavik FIR,0.0483,0.0182,0.0,0.1402,0.1402
01-06 00,Riga FIR,0.0,0.0,0.0,0.0,0.0
01-06 00,Roma FIR,0.0808,0.0077,0.0,0.2142,0.2142
01-06 00,Santa Maria FIR,0.0412,0.0089,0.0,0.0839,0.0839
01-06 00,Sarajevo FIR,0.1687,0.0579,0.0025,0.4304,0.428
01-06 00,Scottish FIR,0.0066,0.0009,0.0,0.0175,0.0175
01-06 00,Shannon FIR,0.0,0.0,0.0,0.0083,0.0083
01-06 00,Skopje FIR,0.134,0.0,0.0,0.4457,0.4457
01-06 00,Sofia FIR,0.1457,0.0035,0.0002,0.3269,0.3267
01-06 00,Sweden FIR,0.0,0.0,0.0,0.0001,0.0001
01-06 00,Switzerland FIR,0.0623,0.0,0.0,0.3103,0.3103
01-06 00,Tallinn FIR,0.0,0.0,0.0,0.0,0.0
01-06 00,Tirana FIR,0.1045,0.0,0.0,0.4374,0.4374
01-06 00,Vilnius FIR,0.0,0.0,0.0,0.0,0.0
01-06 00,Warszawa FIR,0.0337,0.0007,0.0,0.1563,0.1563
01-06 00,Wien FIR,0.064,0.0048,0.0,0.3474,0.3474
01-06 00,Zagreb FIR,0.1608,0.0424,0.0018,0.4547,0.4528
01-06 01,Global,0.0222,0.0051,0.0219,0.0814,0.0594
01-06 01,Europe,0.027,0.0024,0.0001,0.0904,0.0903
01-06 01,European Airspace,0.0411,0.005,0.0002,0.1038,0.1036
01-06 01,Africa Middle East,0.0148,0.0016,0.001,0.0487,0.0477
01-06 01,East Asia,0.0001,0.0,0.0013,0.0022,0.0009
01-06 01,Southeast Asia,0.0174,0.0018,0.0789,0.149,0.0701
01-06 01,India,0.0019,0.0003,0.0109,0.0188,0.0079
01-06 01,China,0.0046,0.0002,0.0261,0.0591,0.033
01-06 01,Latin America,0.0444,0.0163,0.0005,0.088,0.0875
01-06 01,USA,0.0255,0.0011,0.0002,0.0884,0.0882
01-06 01,North Atlantic,0.049,0.0058,0.0,0.137,0.137
01-06 01,North Pacific,0.0398,0.01,0.0211,0.1071,0.086
01-06 01,Amsterdam FIR,0.0058,0.0,0.0,0.0195,0.0195
01-06 01,Athinai FIR,0.1045,0.007,0.0,0.1794,0.1794
01-06 01,Barcelona FIR,0.0,0.0,0.0,0.0016,0.0016
01-06 01,Beograd FIR,0.0599,0.0186,0.0073,0.3951,0.3878
01-06 01,Bordeaux FIR,0.0,0.0,0.0,0.0,0.0
01-06 01,Bratislava  FIR,0.048,0.0096,0.0012,0.1125,0.1113
01-06 01,Bremen FIR,0.0124,0.0,0.0,0.0587,0.0587
01-06 01,Brest FIR,0.0,0.0,0.0,0.0,0.0
01-06 01,Brindisi FIR,0.1716,0.0279,0.0,0.3672,0.3672
01-06 01,Brussels FIR,0.0015,0.0008,0.0,0.0113,0.0113
01-06 01,Bucarest FIR,0.2474,0.04,0.0053,0.4535,0.4482
01-06 01,Budapest FIR,0.1174,0.0109,0.0083,0.4363,0.428
01-06 01,Canarias FIR,0.0452,0.0112,0.0,0.0944,0.0944
01-06 01,Chisinau FIR,0.1705,0.0227,0.0,0.3445,0.3445
01-06 01,Copenhagen FIR,0.0,0.0,0.0,0.0019,0.0019
01-06 01,Helsinki FIR,0.009,0.0003,0.0,0.0385,0.0385
01-06 01,Langen FIR,0.0572,0.0,0.0,0.1403,0.1403
01-06 01,Lisboa FIR,0.0592,0.0171,0.0005,0.1872,0.1867
01-06 01,Ljubljana FIR,0.0867,0.0,0.0,0.4053,0.4053
01-06 01,London FIR,0.0,0.0,0.0,0.0004,0.0004
01-06 01,Madrid FIR,0.0,0.0,0.0,0.0099,0.0099
01-06 01,Malta FIR,0.0025,0.0,0.0,0.0327,0.0327
01-06 01,Marseille FIR,0.03,0.0,0.0,0.0895,0.0895
01-06 01,Milano FIR,0.0439,0.0002,0.0,0.3174,0.3174
01-06 01,Munchen FIR,0.0852,0.0,0.0,0.2736,0.2736
01-06 01,Paris FIR,0.0,0.0,0.0,0.0047,0.0047
01-06 01,Polaris FIR,0.0089,0.0001,0.0,0.0403,0.0403
01-06 01,Praha FIR,0.0957,0.0,0.0,0.2235,0.2235
01-06 01,Reims FIR,0.0545,0.0,0.0,0.1172,0.1172
01-06 01,Reykjavik FIR,0.0465,0.0165,0.0,0.1433,0.1433
01-06 01,Riga FIR,0.0,0.0,0.0,0.0,0.0
01-06 01,Roma FIR,0.0577,0.0027,0.0,0.1783,0.1783
01-06 01,Santa Maria FIR,0.0409,0.0064,0.0,0.0865,0.0865
01-06 01,Sarajevo FIR,0.2529,0.0542,0.0006,0.4152,0.4146
01-06 01,Scottish FIR,0.0062,0.0007,0.0,0.0153,0.0153
01-06 01,Shannon FIR,0.0061,0.0,0.0,0.0271,0.0271
01-06 01,Skopje FIR,0.1378,0.0,0.0,0.4394,0.4394
01-06 01,Sofia FIR,0.1282,0.0035,0.0018,0.3543,0.3526
01-06 01,Sweden FIR,0.0,0.0,0.0,0.0,0.0
01-06 01,Switzerland FIR,0.0731,0.0,0.0,0.2656,0.2656
01-06 01,Tallinn FIR,0.0,0.0,0.0,0.0,0.0
01-06 01,Tirana FIR,0.1142,0.0,0.0,0.4241,0.4241
01-06 01,Vilnius FIR,0.0,0.0,0.0,0.0,0.0
01-06 01,Warszawa FIR,0.0367,0.0004,0.0,0.1653,0.1653
01-06 01,Wien FIR,0.0345,0.0,0.0,0.353,0.353
01-06 01,Zagreb FIR,0.2032,0.0345,0.0021,0.4554,0.4533
01-06 02,Global,0.0224,0.0054,0.022,0.0815,0.0595
01-06 02,Europe,0.0271,0.0011,0.0001,0.0878,0.0876
01-06 02,European Airspace,0.0384,0.003,0.0007,0.1062,0.1055
01-06 02,Africa Middle East,0.01,0.0005,0.0042,0.0477,0.0435
01-06 02,East Asia,0.0001,0.0,0.0012,0.0024,0.0012
01-06 02,Southeast Asia,0.0179,0.0028,0.0743,0.1516,0.0773
01-06 02,India,0.0027,0.0003,0.0116,0.018,0.0065
01-06 02,China,0.0053,0.0005,0.0337,0.0594,0.0256
01-06 02,Latin America,0.0438,0.0147,0.0006,0.0873,0.0867
01-06 02,USA,0.0267,0.0013,0.0,0.0931,0.0931
01-06 02,North Atlantic,0.0512,0.0049,0.0,0.1411,0.1411
01-06 02,North Pacific,0.0423,0.0106,0.0103,0.1066,0.0963
01-06 02,Amsterdam FIR,0.0046,0.0,0.0,0.0229,0.0229
01-06 02,Athinai FIR,0.088,0.0029,0.0008,0.1784,0.1777
01-06 02,Barcelona FIR,0.0,0.0,0.0,0.0012,0.0012
01-06 02,Beograd FIR,0.0544,0.0008,0.0101,0.3924,0.3823
01-06 02,Bordeaux FIR,0.0,0.0,0.0,0.0,0.0
01-06 02,Bratislava  FIR,0.0583,0.0024,0.003,0.1875,0.1846
01-06 02,Bremen FIR,0.0118,0.0,0.0,0.059,0.059
01-06 02,Brest FIR,0.0,0.0,0.0,0.0,0.0
01-06 02,Brindisi FIR,0.1786,0.0094,0.0,0.3402,0.3402
01-06 02,Brussels FIR,0.0023,0.0,0.0,0.0143,0.0143
01-06 02,Bucarest FIR,0.1836,0.0129,0.0288,0.4549,0.4261
01-06 02,Budapest FIR,0.0575,0.0054,0.007,0.4403,0.4333
01-06 02,Canarias FIR,0.047,0.0094,0.0003,0.0992,0.0989
01-06 02,Chisinau FIR,0.237,0.0156,0.0016,0.4066,0.405
01-06 02,Copenhagen FIR,0.0,0.0,0.0,0.0019,0.0019
01-06 02,Helsinki FIR,0.0046,0.0001,0.0,0.0378,0.0378
01-06 02,Langen FIR,0.0676,0.0,0.0,0.1418,0.1418
01-06 02,Lisboa FIR,0.0703,0.0137,0.0021,0.1728,0.1707
01-06 02,Ljubljana FIR,0.1441,0.0,0.0,0.4298,0.4298
01-06 02,London FIR,0.0,0.0,0.0,0.0001,0.0001
01-06 02,Madrid FIR,0.0003,0.0,0.0,0.0128,0.0128
01-06 02,Malta FIR,0.0004,0.0,0.0,0.0205,0.0205
01-06 02,Marseille FIR,0.0234,0.0,0.0,0.0821,0.0821
01-06 02,Milano FIR,0.0457,0.0,0.0,0.2917,0.2917
01-06 02,Munchen FIR,0.0785,0.0,0.0,0.2825,0.2825
01-06 02,Paris FIR,0.0003,0.0,0.0,0.0045,0.0045
01-06 02,Polaris FIR,0.006,0.0,0.0,0.0385,0.0385
01-06 02,Praha FIR,0.1373,0.0,0.0,0.2347,0.2347
01-06 02,Reims FIR,0.0529,0.0,0.0,0.1239,0.1239
01-06 02,Reykjavik FIR,0.046,0.0141,0.0,0.146,0.146
01-06 02,Riga FIR,0.0,0.0,0.0,0.0,0.0
01-06 02,Roma FIR,0.0327,0.0008,0.0,0.1561,0.1561
01-06 02,Santa Maria FIR,0.0374,0.0043,0.0001,0.0859,0.0858
01-06 02,Sarajevo FIR,0.2902,0.0043,0.0025,0.3987,0.3962
01-06 02,Scottish FIR,0.0048,0.0003,0.0,0.0122,0.0122
01-06 02,Shannon FIR,0.018,0.0,0.0,0.0551,0.0551
01-06 02,Skopje FIR,0.0971,0.0,0.0,0.4268,0.4268
01-06 02,Sofia FIR,0.0783,0.0,0.0123,0.3649,0.3526
01-06 02,Sweden FIR,0.0,0.0,0.0,0.0,0.0
01-06 02,Switzerland FIR,0.0446,0.0,0.0,0.2337,0.2337
01-06 02,Tallinn FIR,0.0,0.0,0.0,0.0,0.0
01-06 02,Tirana FIR,0.0992,0.0,0.0027,0.4037,0.401
01-06 02,Vilnius FIR,0.0,0.0,0.0,0.0,0.0
01-06 02,Warszawa FIR,0.04,0.0,0.0001,0.1823,0.1822
01-06 02,Wien FIR,0.0176,0.0,0.0,0.349,0.349
01-06 02,Zagreb FIR,0.2462,0.0124,0.0,0.4513,0.4513
01-06 03,Global,0.0226,0.0058,0.0214,0.0813,0.06
01-06 03,Europe,0.0253,0.0005,0.0004,0.0872,0.0868
01-06 03,European Airspace,0.0325,0.002,0.0022,0.109,0.1067
01-06 03,Africa Middle East,0.006,0.0003,0.0115,0.0466,0.035
01-06 03,East Asia,0.0001,0.0,0.0014,0.0026,0.0011
01-06 03,Southeast Asia,0.0183,0.0045,0.0736,0.1542,0.0807
01-06 03,India,0.0031,0.0003,0.0104,0.0182,0.0077
01-06 03,China,0.0068,0.0009,0.0365,0.0596,0.0231
01-06 03,Latin America,0.042,0.0129,0.0012,0.0868,0.0856
01-06 03,USA,0.0268,0.0013,0.0,0.0964,0.0964
01-06 03,North Atlantic,0.05,0.004,0.0001,0.146,0.1459
01-06 03,North Pacific,0.0445,0.0109,0.0016,0.1075,0.1059
01-06 03,Amsterdam FIR,0.0043,0.0003,0.0,0.0249,0.0249
01-06 03,Athinai FIR,0.0553,0.0,0.0068,0.18,0.1731
01-06 03,Barcelona FIR,0.0,0.0,0.0,0.0011,0.0011
01-06 03,Beograd FIR,0.0686,0.0,0.0096,0.408,0.3984
01-06 03,Bordeaux FIR,0.0,0.0,0.0,0.0,0.0
01-06 03,Bratislava  FIR,0.0306,0.0,0.0344,0.2891,0.2547
01-06 03,Bremen FIR,0.0061,0.0,0.0,0.0537,0.0537
01-06 03,Brest FIR,0.0,0.0,0.0,0.0,0.0
01-06 03,Brindisi FIR,0.1385,0.0004,0.0007,0.307,0.3063
01-06 03,Brussels FIR,0.0015,0.0,0.0,0.0174,0.0174
01-06 03,Bucarest FIR,0.1004,0.0,0.0863,0.447,0.3608
01-06 03,Budapest FIR,0.0531,0.0,0.004,0.4436,0.4396
01-06 03,Canarias FIR,0.0487,0.0056,0.0004,0.1044,0.104
01-06 03,Chisinau FIR,0.2202,0.0,0.0357,0.4725,0.4368
01-06 03,Copenhagen FIR,0.0,0.0,0.0,0.0021,0.0021
01-06 03,Helsinki FIR,0.0033,0.0,0.0,0.0372,0.0372
01-06 03,Langen FIR,0.0738,0.0,0.0,0.1335,0.1335
01-06 03,Lisboa FIR,0.0696,0.0094,0.0061,0.1671,0.161
01-06 03,Ljubljana FIR,0.1211,0.0033,0.0,0.4265,0.4265
01-06 03,London FIR,0.0,0.0,0.0,0.0,0.0
01-06 03,Madrid FIR,0.0007,0.0,0.0,0.02,0.02
01-06 03,Malta FIR,0.0002,0.0,0.0,0.0108,0.0108
01-06 03,Marseille FIR,0.0171,0.0,0.0,0.0765,0.0765
01-06 03,Milano FIR,0.039,0.0,0.0,0.2596,0.2596
01-06 03,Munchen FIR,0.0681,0.0,0.0,0.2854,0.2854
01-06 03,Paris FIR,0.0007,0.0,0.0,0.005,0.005
01-06 03,Polaris FIR,0.0029,0.0,0.0,0.0383,0.0383
01-06 03,Praha FIR,0.0641,0.0,0.0,0.2105,0.2105
01-06 03,Reims FIR,0.0377,0.0,0.0,0.0879,0.0879
01-06 03,Reykjavik FIR,0.0438,0.0124,0.0,0.1492,0.1492
01-06 03,Riga FIR,0.0,0.0,0.0,0.0,0.0
01-06 03,Roma FIR,0.0166,0.0,0.0002,0.1415,0.1412
01-06 03,Santa Maria FIR,0.0327,0.0025,0.0002,0.0842,0.084
01-06 03,Sarajevo FIR,0.2895,0.0012,0.0031,0.4332,0.4301
01-06 03,Scottish FIR,0.0043,0.0004,0.0,0.0126,0.0126
01-06 03,Shannon FIR,0.0163,0.0,0.0,0.0674,0.0674
01-06 03,Skopje FIR,0.0278,0.0,0.0114,0.4319,0.4204
01-06 03,Sofia FIR,0.0408,0.0,0.0425,0.3578,0.3153
01-06 03,Sweden FIR,0.0,0.0,0.0,0.0001,0.0001
01-06 03,Switzerland FIR,0.0277,0.0,0.0,0.2105,0.2105
01-06 03,Tallinn FIR,0.0,0.0,0.0,0.0,0.0
01-06 03,Tirana FIR,0.0812,0.0,0.0098,0.3614,0.3516
01-06 03,Vilnius FIR,0.0,0.0,0.0,0.0,0.0
01-06 03,Warszawa FIR,0.0564,0.0,0.0021,0.2101,0.2079
01-06 03,Wien FIR,0.0364,0.0,0.0,0.3469,0.3469
01-06 03,Zagreb FIR,0.2543,0.0024,0.0,0.4422,0.4422
01-06 04,Global,0.0227,0.006,0.0205,0.0807,0.0602
01-06 04,Europe,0.0188,0.0004,0.0016,0.0867,0.0851
01-06 04,European Airspace,0.0241,0.0016,0.0068,0.1107,0.1039
01-06 04,Africa Middle East,0.004,0.0002,0.0168,0.0446,0.0278
01-06 04,East Asia,0.0003,0.0001,0.0018,0.0028,0.001
01-06 04,Southeast Asia,0.0205,0.0069,0.0766,0.1549,0.0783
01-06 04,India,0.0031,0.0004,0.0097,0.0184,0.0087
01-06 04,China,0.0088,0.0013,0.0349,0.0592,0.0244
01-06 04,Latin America,0.0388,0.0108,0.0022,0.0865,0.0842
01-06 04,USA,0.0267,0.0013,0.0,0.0961,0.0961
01-06 04,North Atlantic,0.0445,0.0029,0.0006,0.1501,0.1496
01-06 04,North Pacific,0.0457,0.0111,0.0002,0.1093,0.1091
01-06 04,Amsterdam FIR,0.0029,0.0,0.0,0.0243,0.0243
01-06 04,Athinai FIR,0.0118,0.0,0.0324,0.1759,0.1435
01-06 04,Barcelona FIR,0.0,0.0,0.0,0.0001,0.0001
01-06 04,Beograd FIR,0.0471,0.0,0.0199,0.4233,0.4035
01-06 04,Bordeaux FIR,0.0,0.0,0.0,0.0,0.0
01-06 04,Bratislava  FIR,0.0036,0.0,0.0517,0.3259,0.2742
01-06 04,Bremen FIR,0.0094,0.0,0.0,0.0591,0.0591
01-06 04,Brest FIR,0.0,0.0,0.0,0.0,0.0
01-06 04,Brindisi FIR,0.0794,0.0,0.0037,0.2789,0.2752
01-06 04,Brussels FIR,0.0015,0.0,0.0,0.0121,0.0121
01-06 04,Bucarest FIR,0.0432,0.0,0.1661,0.4033,0.2372
01-06 04,Budapest FIR,0.0875,0.0019,0.0012,0.4571,0.4558
01-06 04,Canarias FIR,0.0433,0.0025,0.0014,0.1083,0.1069
01-06 04,Chisinau FIR,0.0283,0.0,0.2522,0.4993,0.2471
01-06 04,Copenhagen FIR,0.0,0.0,0.0,0.0021,0.0021
01-06 04,Helsinki FIR,0.0026,0.0,0.0001,0.0364,0.0364
01-06 04,Langen FIR,0.0641,0.0,0.0,0.121,0.121
01-06 04,Lisboa FIR,0.0549,0.0038,0.0199,0.1789,0.159
01-06 04,Ljubljana FIR,0.0999,0.0098,0.0,0.4134,0.4134
01-06 04,London FIR,0.0,0.0,0.0,0.0,0.0
01-06 04,Madrid FIR,0.0014,0.0001,0.0,0.0275,0.0275
01-06 04,Malta FIR,0.0,0.0,0.0007,0.0044,0.0037
01-06 04,Marseille FIR,0.0202,0.0,0.0002,0.0764,0.0762
01-06 04,Milano FIR,0.025,0.0,0.0,0.2631,0.2631
01-06 04,Munchen FIR,0.0732,0.0,0.0,0.2816,0.2816
01-06 04,Paris FIR,0.0,0.0,0.0,0.0054,0.0054
01-06 04,Polaris FIR,0.001,0.0,0.0,0.0333,0.0333
01-06 04,Praha FIR,0.0024,0.0,0.0,0.2125,0.2125
01-06 04,Reims FIR,0.0193,0.0,0.0,0.0491,0.0491
01-06 04,Reykjavik FIR,0.04,0.0114,0.0,0.1534,0.1534
01-06 04,Riga FIR,0.0,0.0,0.0,0.0,0.0
01-06 04,Roma FIR,0.0063,0.0,0.0002,0.1196,0.1194
01-06 04,Santa Maria FIR,0.0287,0.0011,0.0003,0.0847,0.0843
01-06 04,Sarajevo FIR,0.1804,0.0,0.0075,0.4671,0.4595
01-06 04,Scottish FIR,0.0038,0.0,0.0,0.0121,0.0121
01-06 04,Shannon FIR,0.0038,0.0,0.0,0.0671,0.0671
01-06 04,Skopje FIR,0.0102,0.0,0.0923,0.4469,0.3546
01-06 04,Sofia FIR,0.0029,0.0,0.1113,0.353,0.2417
01-06 04,Sweden FIR,0.0,0.0,0.0,0.0005,0.0005
01-06 04,Switzerland FIR,0.0324,0.0,0.0,0.2112,0.2112
01-06 04,Tallinn FIR,0.0,0.0,0.0,0.0009,0.0009
01-06 04,Tirana FIR,0.0123,0.0,0.0178,0.3501,0.3322
01-06 04,Vilnius FIR,0.0,0.0,0.0,0.0,0.0
01-06 04,Warszawa FIR,0.0365,0.0,0.0058,0.2356,0.2298
01-06 04,Wien FIR,0.0368,0.0007,0.0,0.3619,0.3619
01-06 04,Zagreb FIR,0.2089,0.0071,0.0003,0.4201,0.4198
01-06 05,Global,0.023,0.0061,0.0196,0.08,0.0603
01-06 05,Europe,0.0117,0.0004,0.0046,0.0865,0.0819
01-06 05,European Airspace,0.0179,0.0013,0.0151,0.1108,0.0957
01-06 05,Africa Middle East,0.0035,0.0001,0.0181,0.0421,0.0239
01-06 05,East Asia,0.0005,0.0002,0.0021,0.003,0.0009
01-06 05,Southeast Asia,0.0263,0.0106,0.0814,0.1545,0.0731
01-06 05,India,0.0029,0.0002,0.0095,0.0189,0.0094
01-06 05,China,0.0116,0.0019,0.0307,0.0582,0.0275
01-06 05,Latin America,0.0346,0.0083,0.0041,0.0862,0.0821
01-06 05,USA,0.0266,0.0011,0.0,0.0971,0.0971
01-06 05,North Atlantic,0.0403,0.0025,0.0017,0.153,0.1513
01-06 05,North Pacific,0.0455,0.0108,0.0001,0.1108,0.1107
01-06 05,Amsterdam FIR,0.0021,0.0,0.0,0.026,0.026
01-06 05,Athinai FIR,0.0,0.0,0.0914,0.1633,0.0719
01-06 05,Barcelona FIR,0.0,0.0,0.0002,0.0008,0.0006
01-06 05,Beograd FIR,0.0086,0.0006,0.043,0.4183,0.3753
01-06 05,Bordeaux FIR,0.0,0.0,0.0,0.0,0.0
01-06 05,Bratislava  FIR,0.0,0.0,0.0381,0.2997,0.2616
01-06 05,Bremen FIR,0.005,0.0,0.0012,0.0693,0.0681
01-06 05,Brest FIR,0.0,0.0,0.0,0.0,0.0
01-06 05,Brindisi FIR,0.023,0.0,0.0066,0.2413,0.2347
01-06 05,Brussels FIR,0.0015,0.0,0.0,0.0105,0.0105
01-06 05,Bucarest FIR,0.0004,0.0,0.1932,0.3798,0.1866
01-06 05,Budapest FIR,0.1308,0.0165,0.0067,0.4478,0.4411
01-06 05,Canarias FIR,0.0297,0.0004,0.0038,0.1075,0.1037
01-06 05,Chisinau FIR,0.0,0.0,0.2304,0.3497,0.1193
01-06 05,Copenhagen FIR,0.0,0.0,0.0,0.0045,0.0045
01-06 05,Helsinki FIR,0.0008,0.0,0.0005,0.0317,0.0312
01-06 05,Langen FIR,0.0343,0.0,0.0,0.1143,0.1143
01-06 05,Lisboa FIR,0.0279,0.0013,0.0423,0.1965,0.1542
01-06 05,Ljubljana FIR,0.0557,0.0049,0.0,0.4035,0.4035
01-06 05,London FIR,0.0,0.0,0.0,0.0003,0.0003
01-06 05,Madrid FIR,0.0032,0.0003,0.0001,0.0387,0.0386
01-06 05,Malta FIR,0.0,0.0,0.0,0.0,0.0
01-06 05,Marseille FIR,0.0186,0.0,0.0009,0.0777,0.0768
01-06 05,Milano FIR,0.0266,0.0,0.0,0.2695,0.2695
01-06 05,Munchen FIR,0.0706,0.0,0.0003,0.2858,0.2856
01-06 05,Paris FIR,0.0,0.0,0.0,0.0041,0.0041
01-06 05,Polaris FIR,0.0005,0.0,0.0,0.0242,0.0242
01-06 05,Praha FIR,0.011,0.0,0.0,0.2528,0.2528
01-06 05,Reims FIR,0.0125,0.0,0.0,0.0293,0.0293
01-06 05,Reykjavik FIR,0.0406,0.0103,0.0,0.1553,0.1553
01-06 05,Riga FIR,0.0,0.0,0.0,0.0,0.0
01-06 05,Roma FIR,0.0056,0.0,0.0018,0.1055,0.1038
01-06 05,Santa Maria FIR,0.023,0.0002,0.001,0.0842,0.0832
01-06 05,Sarajevo FIR,0.0513,0.0025,0.0337,0.4553,0.4216
01-06 05,Scottish FIR,0.0023,0.0,0.0,0.0112,0.0112
01-06 05,Shannon FIR,0.0019,0.0,0.0,0.0592,0.0592
01-06 05,Skopje FIR,0.0,0.0,0.2197,0.4394,0.2196
01-06 05,Sofia FIR,0.0,0.0,0.1967,0.3399,0.1433
01-06 05,Sweden FIR,0.0,0.0,0.0,0.0012,0.0012
01-06 05,Switzerland FIR,0.0041,0.0,0.002,0.1773,0.1752
01-06 05,Tallinn FIR,0.0,0.0,0.0,0.0009,0.0009
01-06 05,Tirana FIR,0.0,0.0,0.1226,0.3589,0.2363
01-06 05,Vilnius FIR,0.0,0.0,0.0,0.0,0.0
01-06 05,Warszawa FIR,0.0133,0.0,0.0048,0.2413,0.2366
01-06 05,Wien FIR,0.0143,0.0045,0.0007,0.369,0.3683
01-06 05,Zagreb FIR,0.1067,0.0016,0.0019,0.4123,0.4103
01-06 06,Global,0.0233,0.0062,0.0185,0.0795,0.061
01-06 06,Europe,0.0054,0.0008,0.0122,0.0881,0.0759
01-06 06,European Airspace,0.0131,0.0011,0.0246,0.1099,0.0854
01-06 06,Africa Middle East,0.003,0.0001,0.0183,0.0399,0.0216
01-06 06,East Asia,0.0007,0.0005,0.0021,0.003,0.001
01-06 06,Southeast Asia,0.0358,0.0161,0.0767,0.1518,0.075
01-06 06,India,0.0031,0.0003,0.0093,0.0199,0.0106
01-06 06,China,0.0153,0.0024,0.0265,0.0581,0.0316
01-06 06,Latin America,0.0287,0.0056,0.0072,0.0869,0.0797
01-06 06,USA,0.0257,0.0009,0.0,0.0988,0.0988
01-06 06,North Atlantic,0.036,0.002,0.0035,0.1523,0.1488
01-06 06,North Pacific,0.0437,0.0115,0.0,0.1114,0.1114
01-06 06,Amsterdam FIR,0.0018,0.0,0.0012,0.0243,0.0231
01-06 06,Athinai FIR,0.0,0.0,0.1194,0.1405,0.0211
01-06 06,Barcelona FIR,0.0,0.0,0.0006,0.0007,0.0001
01-06 06,Beograd FIR,0.0059,0.0,0.1373,0.3919,0.2546
01-06 06,Bordeaux FIR,0.0,0.0,0.0,0.0,0.0
01-06 06,Bratislava  FIR,0.0332,0.0302,0.0482,0.2577,0.2095
01-06 06,Bremen FIR,0.0005,0.0,0.0067,0.0703,0.0637
01-06 06,Brest FIR,0.0,0.0,0.0,0.0,0.0
01-06 06,Brindisi FIR,0.0108,0.0,0.0117,0.1941,0.1824
01-06 06,Brussels FIR,0.0,0.0,0.0015,0.012,0.0105
01-06 06,Bucarest FIR,0.0015,0.0,0.2467,0.3871,0.1405
01-06 06,Budapest FIR,0.1385,0.046,0.0206,0.4585,0.4379
01-06 06,Canarias FIR,0.0157,0.0,0.0178,0.1113,0.0935
01-06 06,Chisinau FIR,0.0,0.0,0.28,0.2964,0.0164
01-06 06,Copenhagen FIR,0.0,0.0,0.0019,0.0091,0.0072
01-06 06,Helsinki FIR,0.0,0.0,0.0015,0.0222,0.0207
01-06 06,Langen FIR,0.0054,0.0,0.0022,0.0957,0.0935
01-06 06,Lisboa FIR,0.0097,0.0,0.0859,0.2167,0.1309
01-06 06,Ljubljana FIR,0.0114,0.0,0.0098,0.4101,0.4003
01-06 06,London FIR,0.0,0.0,0.0,0.0004,0.0004
01-06 06,Madrid FIR,0.0032,0.0,0.0063,0.0508,0.0445
01-06 06,Malta FIR,0.0,0.0,0.0,0.0,0.0
01-06 06,Marseille FIR,0.0035,0.0,0.0064,0.0774,0.0711
01-06 06,Milano FIR,0.0241,0.0,0.0017,0.2868,0.2851
01-06 06,Munchen FIR,0.0127,0.0,0.0137,0.2737,0.2599
01-06 06,Paris FIR,0.0,0.0,0.0003,0.0038,0.0034
01-06 06,Polaris FIR,0.0006,0.0,0.0,0.0153,0.0153
01-06 06,Praha FIR,0.0046,0.0,0.0049,0.3162,0.3113
01-06 06,Reims FIR,0.0005,0.0,0.0,0.0231,0.0231
01-06 06,Reykjavik FIR,0.0444,0.0099,0.0,0.1553,0.1552
01-06 06,Riga FIR,0.0,0.0,0.0,0.0,0.0
01-06 06,Roma FIR,0.001,0.0,0.0054,0.1016,0.0962
01-06 06,Santa Maria FIR,0.0146,0.0,0.0025,0.0838,0.0813
01-06 06,Sarajevo FIR,0.0143,0.0019,0.0993,0.4397,0.3404
01-06 06,Scottish FIR,0.0005,0.0,0.0,0.0081,0.0081
01-06 06,Shannon FIR,0.0019,0.0,0.0,0.0397,0.0397
01-06 06,Skopje FIR,0.0013,0.0,0.4002,0.4344,0.0341
01-06 06,Sofia FIR,0.0,0.0,0.2837,0.3138,0.0301
01-06 06,Sweden FIR,0.0,0.0,0.0,0.0002,0.0002
01-06 06,Switzerland FIR,0.0,0.0,0.0,0.1511,0.1511
01-06 06,Tallinn FIR,0.0,0.0,0.0,0.0006,0.0006
01-06 06,Tirana FIR,0.0,0.0,0.2324,0.3597,0.1273
01-06 06,Vilnius FIR,0.0,0.0,0.0,0.0,0.0
01-06 06,Warszawa FIR,0.0048,0.0,0.0239,0.215,0.1912
01-06 06,Wien FIR,0.0027,0.0,0.0068,0.3568,0.3499
01-06 06,Zagreb FIR,0.0459,0.0018,0.0187,0.4043,0.3856
01-06 07,Global,0.0236,0.0063,0.0178,0.0792,0.0615
01-06 07,Europe,0.0037,0.0012,0.0296,0.0892,0.0596
01-06 07,European Airspace,0.0105,0.0013,0.0377,0.1082,0.0706
01-06 07,Africa Middle East,0.0028,0.0001,0.0198,0.0382,0.0184
01-06 07,East Asia,0.0009,0.0006,0.0018,0.0029,0.0011
01-06 07,Southeast Asia,0.0474,0.0227,0.0639,0.1476,0.0837
01-06 07,India,0.0036,0.0007,0.0095,0.0205,0.011
01-06 07,China,0.019,0.0031,0.0229,0.0592,0.0363
01-06 07,Latin America,0.0208,0.0035,0.0111,0.0881,0.077
01-06 07,USA,0.0258,0.0006,0.0,0.1012,0.1012
01-06 07,North Atlantic,0.0315,0.0017,0.0083,0.1499,0.1415
01-06 07,North Pacific,0.0427,0.0121,0.0,0.1113,0.1113
01-06 07,Amsterdam FIR,0.0012,0.0,0.0032,0.0157,0.0125
01-06 07,Athinai FIR,0.0,0.0,0.1204,0.1215,0.0011
01-06 07,Barcelona FIR,0.0,0.0,0.0005,0.0005,0.0
01-06 07,Beograd FIR,0.0187,0.002,0.256,0.3947,0.1388
01-06 07,Bordeaux FIR,0.0,0.0,0.0,0.0,0.0
01-06 07,Bratislava  FIR,0.1009,0.0781,0.0602,0.2953,0.2351
01-06 07,Bremen FIR,0.0002,0.0,0.0231,0.0718,0.0487
01-06 07,Brest FIR,0.0,0.0,0.0,0.0,0.0
01-06 07,Brindisi FIR,0.0088,0.0,0.0601,0.1513,0.0912
01-06 07,Brussels FIR,0.0008,0.0,0.0023,0.0106,0.0083
01-06 07,Bucarest FIR,0.008,0.001,0.3152,0.4004,0.0852
01-06 07,Budapest FIR,0.129,0.0684,0.057,0.4816,0.4246
01-06 07,Canarias FIR,0.0043,0.0,0.0569,0.1213,0.0644
01-06 07,Chisinau FIR,0.0008,0.0,0.3062,0.3078,0.0016
01-06 07,Copenhagen FIR,0.0,0.0,0.0083,0.0126,0.0044
01-06 07,Helsinki FIR,0.0,0.0,0.0025,0.0102,0.0076
01-06 07,Langen FIR,0.0007,0.0,0.0115,0.0581,0.0466
01-06 07,Lisboa FIR,0.0,0.0,0.1479,0.2338,0.0858
01-06 07,Ljubljana FIR,0.0654,0.0,0.0164,0.3937,0.3774
01-06 07,London FIR,0.0,0.0,0.0002,0.0003,0.0001
01-06 07,Madrid FIR,0.0004,0.0,0.0248,0.0606,0.0358
01-06 07,Malta FIR,0.0,0.0,0.0,0.0,0.0
01-06 07,Marseille FIR,0.0001,0.0,0.0289,0.0758,0.047
01-06 07,Milano FIR,0.0192,0.0,0.0109,0.2868,0.276
01-06 07,Munchen FIR,0.0008,0.0,0.0314,0.249,0.2177
01-06 07,Paris FIR,0.0,0.0,0.0005,0.0022,0.0017
01-06 07,Polaris FIR,0.0005,0.0,0.0,0.0143,0.0143
01-06 07,Praha FIR,0.0148,0.0,0.0514,0.3366,0.2852
01-06 07,Reims FIR,0.0,0.0,0.001,0.0131,0.0121
01-06 07,Reykjavik FIR,0.0471,0.0091,0.0001,0.1522,0.1522
01-06 07,Riga FIR,0.0,0.0,0.0,0.0,0.0
01-06 07,Roma FIR,0.0008,0.0,0.0136,0.0946,0.081
01-06 07,Santa Maria FIR,0.0055,0.0,0.0086,0.0831,0.0744
01-06 07,Sarajevo FIR,0.0125,0.0025,0.177,0.4148,0.2378
01-06 07,Scottish FIR,0.0,0.0,0.0011,0.007,0.0059
01-06 07,Shannon FIR,0.0,0.0,0.0,0.0175,0.0175
01-06 07,Skopje FIR,0.0164,0.005,0.4294,0.4483,0.0189
01-06 07,Sofia FIR,0.0015,0.0,0.3123,0.3156,0.0033
01-06 07,Sweden FIR,0.0,0.0,0.0,0.0,0.0
01-06 07,Switzerland FIR,0.0,0.0,0.0095,0.1858,0.1763
01-06 07,Tallinn FIR,0.0,0.0,0.0037,0.0066,0.0029
01-06 07,Tirana FIR,0.0009,0.0,0.2557,0.3135,0.0578
01-06 07,Vilnius FIR,0.0,0.0,0.0,0.0,0.0
01-06 07,Warszawa FIR,0.0015,0.0,0.098,0.1803,0.0824
01-06 07,Wien FIR,0.027,0.0,0.0259,0.3732,0.3473
01-06 07,Zagreb FIR,0.0261,0.0013,0.0451,0.3842,0.3391
01-06 08,Global,0.0237,0.0063,0.0172,0.0791,0.0619
01-06 08,Europe,0.0041,0.0008,0.0446,0.088,0.0434
01-06 08,European Airspace,0.0098,0.0015,0.0479,0.1062,0.0583
01-06 08,Africa Middle East,0.0026,0.0001,0.0211,0.0365,0.0154
01-06 08,East Asia,0.0009,0.0007,0.0013,0.0024,0.0011
01-06 08,Southeast Asia,0.0578,0.0289,0.0458,0.1428,0.097
01-06 08,India,0.0045,0.0012,0.0083,0.0208,0.0125
01-06 08,China,0.0226,0.0041,0.0175,0.0599,0.0424
01-06 08,Latin America,0.0136,0.0023,0.0186,0.0883,0.0697
01-06 08,USA,0.0256,0.0004,0.0,0.1039,0.1039
01-06 08,North Atlantic,0.0274,0.0019,0.0163,0.1495,0.1331
01-06 08,North Pacific,0.0432,0.0123,0.0,0.1133,0.1133
01-06 08,Amsterdam FIR,0.0017,0.0,0.0032,0.0139,0.0107
01-06 08,Athinai FIR,0.0004,0.0,0.0981,0.1003,0.0023
01-06 08,Barcelona FIR,0.0,0.0,0.0007,0.0007,0.0
01-06 08,Beograd FIR,0.0318,0.0033,0.2828,0.4018,0.119
01-06 08,Bordeaux FIR,0.0,0.0,0.0,0.0,0.0
01-06 08,Bratislava  FIR,0.1574,0.1048,0.0537,0.3073,0.2536
01-06 08,Bremen FIR,0.0,0.0,0.0235,0.0689,0.0454
01-06 08,Brest FIR,0.0,0.0,0.0,0.0,0.0
01-06 08,Brindisi FIR,0.015,0.0,0.0537,0.115,0.0613
01-06 08,Brussels FIR,0.0008,0.0,0.0068,0.0098,0.003
01-06 08,Bucarest FIR,0.0246,0.0058,0.3337,0.4183,0.0846
01-06 08,Budapest FIR,0.1094,0.0745,0.0779,0.4927,0.4147
01-06 08,Canarias FIR,0.0028,0.0,0.1079,0.141,0.0331
01-06 08,Chisinau FIR,0.0139,0.0016,0.2558,0.277,0.0212
01-06 08,Copenhagen FIR,0.0,0.0,0.0118,0.0133,0.0016
01-06 08,Helsinki FIR,0.0,0.0,0.0036,0.0067,0.0032
01-06 08,Langen FIR,0.0,0.0,0.0271,0.0381,0.011
01-06 08,Lisboa FIR,0.0002,0.0,0.214,0.2397,0.0258
01-06 08,Ljubljana FIR,0.0833,0.0,0.0328,0.3905,0.3577
01-06 08,London FIR,0.0,0.0,0.0001,0.0003,0.0003
01-06 08,Madrid FIR,0.0,0.0,0.0581,0.0722,0.0142
01-06 08,Malta FIR,0.0,0.0,0.0,0.0,0.0
01-06 08,Marseille FIR,0.0,0.0,0.0584,0.0748,0.0165
01-06 08,Milano FIR,0.0189,0.0,0.0384,0.2891,0.2507
01-06 08,Munchen FIR,0.0014,0.0,0.0759,0.2101,0.1342
01-06 08,Paris FIR,0.0,0.0,0.0007,0.001,0.0003
01-06 08,Polaris FIR,0.0009,0.0002,0.0003,0.0167,0.0164
01-06 08,Praha FIR,0.0159,0.0,0.0729,0.3116,0.2387
01-06 08,Reims FIR,0.0,0.0,0.0063,0.0174,0.0111
01-06 08,Reykjavik FIR,0.0485,0.0092,0.0007,0.1544,0.1536
01-06 08,Riga FIR,0.0,0.0,0.0,0.0,0.0
01-06 08,Roma FIR,0.0018,0.0,0.0281,0.0864,0.0583
01-06 08,Santa Maria FIR,0.0012,0.0,0.0216,0.0814,0.0597
01-06 08,Sarajevo FIR,0.0255,0.0069,0.1572,0.3934,0.2362
01-06 08,Scottish FIR,0.0,0.0,0.0036,0.011,0.0075
01-06 08,Shannon FIR,0.0,0.0,0.0027,0.0185,0.0158
01-06 08,Skopje FIR,0.0138,0.0075,0.3875,0.4064,0.0189
01-06 08,Sofia FIR,0.0093,0.0022,0.3196,0.33,0.0104
01-06 08,Sweden FIR,0.0,0.0,0.0,0.0,0.0
01-06 08,Switzerland FIR,0.0,0.0,0.1014,0.1993,0.0979
01-06 08,Tallinn FIR,0.0,0.0,0.0109,0.0135,0.0026
01-06 08,Tirana FIR,0.0026,0.0,0.2201,0.2576,0.0375
01-06 08,Vilnius FIR,0.0,0.0,0.0,0.0,0.0
01-06 08,Warszawa FIR,0.0046,0.0002,0.0957,0.1647,0.0689
01-06 08,Wien FIR,0.0673,0.0007,0.037,0.3888,0.3518
01-06 08,Zagreb FIR,0.0236,0.0003,0.0781,0.3454,0.2673
01-06 09,Global,0.0238,0.0063,0.0166,0.0787,0.0622
01-06 09,Europe,0.0051,0.0005,0.0467,0.0842,0.0375
01-06 09,European Airspace,0.0111,0.0016,0.0501,0.1031,0.0531
01-06 09,Africa Middle East,0.0023,0.0002,0.0204,0.0351,0.0146
01-06 09,East Asia,0.001,0.0007,0.0008,0.002,0.0012
01-06 09,Southeast Asia,0.0652,0.0334,0.027,0.138,0.111
01-06 09,India,0.0061,0.002,0.0076,0.0211,0.0135
01-06 09,China,0.0253,0.0052,0.0116,0.0601,0.0485
01-06 09,Latin America,0.0095,0.0019,0.0297,0.0867,0.0571
01-06 09,USA,0.0237,0.0003,0.0003,0.1062,0.1059
01-06 09,North Atlantic,0.0255,0.0023,0.026,0.1467,0.1207
01-06 09,North Pacific,0.0438,0.0115,0.0,0.1152,0.1151
01-06 09,Amsterdam FIR,0.002,0.0,0.0053,0.0131,0.0078
01-06 09,Athinai FIR,0.0032,0.0016,0.0691,0.0764,0.0073
01-06 09,Barcelona FIR,0.0,0.0,0.0005,0.0005,0.0
01-06 09,Beograd FIR,0.042,0.012,0.281,0.3944,0.1134
01-06 09,Bordeaux FIR,0.0,0.0,0.0,0.0,0.0
01-06 09,Bratislava  FIR,0.1587,0.0677,0.021,0.3395,0.3185
01-06 09,Bremen FIR,0.0011,0.0,0.028,0.0585,0.0305
01-06 09,Brest FIR,0.0,0.0,0.0,0.0,0.0
01-06 09,Brindisi FIR,0.011,0.0,0.029,0.0812,0.0522
01-06 09,Brussels FIR,0.0015,0.0,0.0053,0.0075,0.0023
01-06 09,Bucarest FIR,0.0534,0.0108,0.2907,0.4307,0.14
01-06 09,Budapest FIR,0.0987,0.0464,0.0824,0.4763,0.3939
01-06 09,Canarias FIR,0.0029,0.0,0.1306,0.1575,0.0269
01-06 09,Chisinau FIR,0.034,0.0098,0.1922,0.2422,0.05
01-06 09,Copenhagen FIR,0.0,0.0,0.0097,0.0097,0.0
01-06 09,Helsinki FIR,0.0,0.0,0.0032,0.0057,0.0025
01-06 09,Langen FIR,0.0014,0.0002,0.0148,0.0216,0.0068
01-06 09,Lisboa FIR,0.0005,0.0,0.2199,0.2273,0.0074
01-06 09,Ljubljana FIR,0.0784,0.0,0.0556,0.3889,0.3333
01-06 09,London FIR,0.0,0.0,0.0003,0.0005,0.0003
01-06 09,Madrid FIR,0.0,0.0,0.081,0.0846,0.0036
01-06 09,Malta FIR,0.0,0.0,0.0,0.0,0.0
01-06 09,Marseille FIR,0.0,0.0,0.0649,0.0735,0.0086
01-06 09,Milano FIR,0.0257,0.0,0.0642,0.2842,0.22
01-06 09,Munchen FIR,0.0053,0.0,0.082,0.1806,0.0986
01-06 09,Paris FIR,0.0,0.0,0.0003,0.0005,0.0002
01-06 09,Polaris FIR,0.0019,0.0004,0.002,0.015,0.013
01-06 09,Praha FIR,0.0166,0.0,0.0535,0.3265,0.2729
01-06 09,Reims FIR,0.0,0.0,0.02,0.0237,0.0037
01-06 09,Reykjavik FIR,0.0485,0.0075,0.0033,0.1609,0.1576
01-06 09,Riga FIR,0.0,0.0,0.0,0.0,0.0
01-06 09,Roma FIR,0.0032,0.0,0.0315,0.0793,0.0478
01-06 09,Santa Maria FIR,0.0003,0.0,0.0407,0.0796,0.0388
01-06 09,Sarajevo FIR,0.0436,0.0031,0.1037,0.354,0.2503
01-06 09,Scottish FIR,0.0,0.0,0.0097,0.0134,0.0037
01-06 09,Shannon FIR,0.0,0.0,0.009,0.0167,0.0077
01-06 09,Skopje FIR,0.0051,0.0,0.3093,0.3333,0.024
01-06 09,Sofia FIR,0.0278,0.006,0.3056,0.3392,0.0336
01-06 09,Sweden FIR,0.0,0.0,0.0,0.0,0.0
01-06 09,Switzerland FIR,0.0,0.0,0.0837,0.1654,0.0816
01-06 09,Tallinn FIR,0.0,0.0,0.0124,0.0175,0.0052
01-06 09,Tirana FIR,0.0009,0.0,0.1387,0.1648,0.0261
01-06 09,Vilnius FIR,0.0,0.0,0.0,0.0,0.0
01-06 09,Warszawa FIR,0.0124,0.0009,0.0993,0.1747,0.0754
01-06 09,Wien FIR,0.0976,0.0,0.0236,0.3886,0.365
01-06 09,Zagreb FIR,0.0399,0.0005,0.0554,0.3171,0.2616
01-06 10,Global,0.0245,0.0065,0.0154,0.0773,0.0619
01-06 10,Europe,0.0076,0.0004,0.0425,0.0795,0.0371
01-06 10,European Airspace,0.0148,0.002,0.0471,0.0997,0.0526
01-06 10,Africa Middle East,0.0026,0.0004,0.0196,0.0351,0.0155
01-06 10,East Asia,0.0011,0.0007,0.0,0.0021,0.0021
01-06 10,Southeast Asia,0.074,0.0385,0.0111,0.1387,0.1276
01-06 10,India,0.0081,0.0032,0.0067,0.0223,0.0157
01-06 10,China,0.0257,0.0058,0.0034,0.0589,0.0555
01-06 10,Latin America,0.0083,0.0019,0.035,0.0722,0.0372
01-06 10,USA,0.019,0.0001,0.0014,0.1072,0.1058
01-06 10,North Atlantic,0.0245,0.0027,0.0312,0.1363,0.1051
01-06 10,North Pacific,0.0435,0.0098,0.0,0.1131,0.113
01-06 10,Amsterdam FIR,0.0029,0.0,0.0049,0.0107,0.0058
01-06 10,Athinai FIR,0.0052,0.0025,0.0331,0.0428,0.0097
01-06 10,Barcelona FIR,0.0,0.0,0.0001,0.0001,0.0
01-06 10,Beograd FIR,0.0419,0.0139,0.2191,0.369,0.1499
01-06 10,Bordeaux FIR,0.0,0.0,0.0,0.0,0.0
01-06 10,Bratislava  FIR,0.2146,0.055,0.0054,0.3949,0.3895
01-06 10,Bremen FIR,0.0019,0.0,0.0135,0.0221,0.0086
01-06 10,Brest FIR,0.0,0.0,0.0,0.0,0.0
01-06 10,Brindisi FIR,0.0121,0.0,0.021,0.0873,0.0663
01-06 10,Brussels FIR,0.0015,0.0,0.0023,0.0038,0.0015
01-06 10,Bucarest FIR,0.0952,0.0121,0.2385,0.4172,0.1788
01-06 10,Budapest FIR,0.0995,0.0361,0.052,0.4327,0.3807
01-06 10,Canarias FIR,0.005,0.0,0.1454,0.181,0.0356
01-06 10,Chisinau FIR,0.0636,0.0075,0.1237,0.2903,0.1665
01-06 10,Copenhagen FIR,0.0,0.0,0.0039,0.0039,0.0
01-06 10,Helsinki FIR,0.0,0.0,0.0026,0.0036,0.0011
01-06 10,Langen FIR,0.0007,0.0002,0.0166,0.0205,0.0039
01-06 10,Lisboa FIR,0.0013,0.0,0.1885,0.1981,0.0096
01-06 10,Ljubljana FIR,0.0751,0.0,0.0588,0.3873,0.3284
01-06 10,London FIR,0.0,0.0,0.0007,0.0009,0.0001
01-06 10,Madrid FIR,0.0,0.0,0.0882,0.0903,0.0021
01-06 10,Malta FIR,0.0,0.0,0.0,0.0,0.0
01-06 10,Marseille FIR,0.0003,0.0,0.0655,0.0743,0.0089
01-06 10,Milano FIR,0.03,0.0,0.0578,0.2651,0.2073
01-06 10,Munchen FIR,0.0121,0.0,0.0742,0.1891,0.1149
01-06 10,Paris FIR,0.0,0.0,0.0003,0.0003,0.0
01-06 10,Polaris FIR,0.0056,0.0028,0.0035,0.0239,0.0204
01-06 10,Praha FIR,0.0377,0.0,0.0377,0.3917,0.354
01-06 10,Reims FIR,0.0,0.0,0.0,0.0,0.0
01-06 10,Reykjavik FIR,0.0523,0.005,0.0123,0.1642,0.1519
01-06 10,Riga FIR,0.0,0.0,0.0,0.0,0.0
01-06 10,Roma FIR,0.0024,0.0001,0.03,0.0762,0.0462
01-06 10,Santa Maria FIR,0.0003,0.0,0.0546,0.0687,0.0141
01-06 10,Sarajevo FIR,0.0416,0.0,0.0827,0.2834,0.2007
01-06 10,Scottish FIR,0.0,0.0,0.0113,0.012,0.0006
01-06 10,Shannon FIR,0.0,0.0,0.0086,0.0086,0.0
01-06 10,Skopje FIR,0.0075,0.0,0.2423,0.2814,0.0391
01-06 10,Sofia FIR,0.0487,0.0301,0.244,0.3294,0.0853
01-06 10,Sweden FIR,0.0,0.0,0.0002,0.0003,0.0001
01-06 10,Switzerland FIR,0.0041,0.0,0.0378,0.1505,0.1127
01-06 10,Tallinn FIR,0.0,0.0,0.0176,0.0225,0.0049
01-06 10,Tirana FIR,0.0,0.0,0.0506,0.0645,0.0139
01-06 10,Vilnius FIR,0.0,0.0,0.0,0.0,0.0
01-06 10,Warszawa FIR,0.0308,0.0018,0.1555,0.248,0.0925
01-06 10,Wien FIR,0.1412,0.0,0.0269,0.3829,0.356
01-06 10,Zagreb FIR,0.066,0.0,0.0478,0.308,0.2601
01-06 11,Global,0.0245,0.0064,0.0152,0.0782,0.063
01-06 11,Europe,0.0105,0.0002,0.0363,0.0755,0.0392
01-06 11,European Airspace,0.0199,0.0026,0.042,0.0996,0.0576
01-06 11,Africa Middle East,0.0034,0.0006,0.0199,0.0362,0.0163
01-06 11,East Asia,0.0011,0.0007,0.0,0.0029,0.0029
01-06 11,Southeast Asia,0.0796,0.0419,0.0042,0.1424,0.1382
01-06 11,India,0.0096,0.004,0.005,0.0229,0.018
01-06 11,China,0.0259,0.0062,0.0005,0.0604,0.0598
01-06 11,Latin America,0.0086,0.0021,0.0377,0.0701,0.0325
01-06 11,USA,0.0122,0.0001,0.0071,0.1083,0.1012
01-06 11,North Atlantic,0.0251,0.0035,0.0337,0.135,0.1013
01-06 11,North Pacific,0.0429,0.0077,0.0002,0.114,0.1138
01-06 11,Amsterdam FIR,0.004,0.0,0.0061,0.0113,0.0052
01-06 11,Athinai FIR,0.0044,0.0012,0.0179,0.0297,0.0117
01-06 11,Barcelona FIR,0.0,0.0,0.0001,0.0001,0.0
01-06 11,Beograd FIR,0.0544,0.004,0.139,0.3238,0.1848
01-06 11,Bordeaux FIR,0.0,0.0,0.0,0.0,0.0
01-06 11,Bratislava  FIR,0.2162,0.0375,0.0054,0.3681,0.3627
01-06 11,Bremen FIR,0.0028,0.0,0.0056,0.0109,0.0053
01-06 11,Brest FIR,0.0,0.0,0.0,0.0,0.0
01-06 11,Brindisi FIR,0.0171,0.0,0.0165,0.1001,0.0837
01-06 11,Brussels FIR,0.0,0.0,0.0061,0.0083,0.0023
01-06 11,Bucarest FIR,0.1237,0.0219,0.1955,0.4148,0.2193
01-06 11,Budapest FIR,0.1277,0.0309,0.0255,0.4143,0.3888
01-06 11,Canarias FIR,0.0073,0.0001,0.1465,0.1857,0.0392
01-06 11,Chisinau FIR,0.1677,0.0248,0.1783,0.4207,0.2425
01-06 11,Copenhagen FIR,0.0,0.0,0.0,0.0,0.0
01-06 11,Helsinki FIR,0.0,0.0,0.0016,0.0021,0.0005
01-06 11,Langen FIR,0.0022,0.0,0.0267,0.0399,0.0132
01-06 11,Lisboa FIR,0.0034,0.0,0.1746,0.1908,0.0162
01-06 11,Ljubljana FIR,0.1195,0.0,0.031,0.3693,0.3383
01-06 11,London FIR,0.0,0.0,0.0009,0.0009,0.0
01-06 11,Madrid FIR,0.0001,0.0,0.0946,0.0988,0.0042
01-06 11,Malta FIR,0.0,0.0,0.0,0.0,0.0
01-06 11,Marseille FIR,0.0024,0.0003,0.062,0.075,0.013
01-06 11,Milano FIR,0.0391,0.0002,0.0442,0.2616,0.2174
01-06 11,Munchen FIR,0.0141,0.0,0.063,0.2151,0.1521
01-06 11,Paris FIR,0.0,0.0,0.0002,0.0002,0.0
01-06 11,Polaris FIR,0.009,0.0056,0.0047,0.0311,0.0264
01-06 11,Praha FIR,0.1206,0.0,0.0182,0.4149,0.3967
01-06 11,Reims FIR,0.0,0.0,0.0,0.0,0.0
01-06 11,Reykjavik FIR,0.0585,0.0059,0.0211,0.1745,0.1535
01-06 11,Riga FIR,0.0,0.0,0.0,0.0,0.0
01-06 11,Roma FIR,0.0034,0.0,0.0249,0.0775,0.0526
01-06 11,Santa Maria FIR,0.0002,0.0,0.0559,0.0662,0.0104
01-06 11,Sarajevo FIR,0.0577,0.0,0.0483,0.2268,0.1784
01-06 11,Scottish FIR,0.0,0.0,0.0028,0.0037,0.0009
01-06 11,Shannon FIR,0.0,0.0,0.0121,0.0121,0.0
01-06 11,Skopje FIR,0.0012,0.0,0.1097,0.16,0.0503
01-06 11,Sofia FIR,0.0845,0.0509,0.1613,0.3585,0.1971
01-06 11,Sweden FIR,0.0,0.0,0.0,0.0005,0.0005
01-06 11,Switzerland FIR,0.0,0.0,0.0453,0.1681,0.1228
01-06 11,Tallinn FIR,0.0,0.0,0.022,0.022,0.0
01-06 11,Tirana FIR,0.0,0.0,0.0139,0.0182,0.0043
01-06 11,Vilnius FIR,0.0,0.0,0.0,0.0,0.0
01-06 11,Warszawa FIR,0.0416,0.0014,0.1381,0.2453,0.1072
01-06 11,Wien FIR,0.1492,0.0007,0.0331,0.3753,0.3422
01-06 11,Zagreb FIR,0.09,0.0,0.0384,0.2825,0.2441
01-06 12,Global,0.0245,0.0061,0.0152,0.0791,0.0639
01-06 12,Europe,0.0136,0.0002,0.0291,0.0734,0.0443
01-06 12,European Airspace,0.0255,0.0033,0.0352,0.1008,0.0656
01-06 12,Africa Middle East,0.0052,0.0011,0.0193,0.0373,0.018
01-06 12,East Asia,0.0012,0.0006,0.0,0.0041,0.0041
01-06 12,Southeast Asia,0.084,0.0426,0.0003,0.1468,0.1464
01-06 12,India,0.0107,0.0042,0.002,0.0243,0.0223
01-06 12,China,0.0264,0.0066,0.0,0.0616,0.0616
01-06 12,Latin America,0.009,0.0022,0.0341,0.0676,0.0335
01-06 12,USA,0.0073,0.0001,0.0287,0.1086,0.08
01-06 12,North Atlantic,0.0299,0.0041,0.0351,0.1356,0.1004
01-06 12,North Pacific,0.0398,0.0048,0.0009,0.1141,0.1132
01-06 12,Amsterdam FIR,0.0026,0.0,0.0041,0.0076,0.0035
01-06 12,Athinai FIR,0.0021,0.0001,0.0046,0.0147,0.0101
01-06 12,Barcelona FIR,0.0,0.0,0.0,0.0,0.0
01-06 12,Beograd FIR,0.0798,0.0011,0.0396,0.2611,0.2216
01-06 12,Bordeaux FIR,0.0,0.0,0.0,0.0,0.0
01-06 12,Bratislava  FIR,0.2059,0.0256,0.0036,0.3812,0.3777
01-06 12,Bremen FIR,0.0071,0.0,0.0035,0.0112,0.0077
01-06 12,Brest FIR,0.0,0.0,0.0,0.0,0.0
01-06 12,Brindisi FIR,0.017,0.0006,0.0111,0.0967,0.0856
01-06 12,Brussels FIR,0.0,0.0,0.0046,0.0076,0.003
01-06 12,Bucarest FIR,0.1588,0.0352,0.1202,0.4057,0.2855
01-06 12,Budapest FIR,0.1888,0.0205,0.0159,0.4253,0.4094
01-06 12,Canarias FIR,0.0121,0.0001,0.1402,0.185,0.0448
01-06 12,Chisinau FIR,0.1296,0.0172,0.2307,0.4423,0.2116
01-06 12,Copenhagen FIR,0.0,0.0,0.0,0.0,0.0
01-06 12,Helsinki FIR,0.0,0.0,0.0008,0.002,0.0012
01-06 12,Langen FIR,0.0036,0.0,0.0172,0.0442,0.027
01-06 12,Lisboa FIR,0.0068,0.0,0.1548,0.1902,0.0354
01-06 12,Ljubljana FIR,0.1881,0.0,0.0098,0.3807,0.3709
01-06 12,London FIR,0.0,0.0,0.0005,0.0005,0.0
01-06 12,Madrid FIR,0.0018,0.0,0.0921,0.1063,0.0142
01-06 12,Malta FIR,0.0,0.0,0.0,0.0,0.0
01-06 12,Marseille FIR,0.0084,0.0011,0.0572,0.0756,0.0184
01-06 12,Milano FIR,0.0442,0.0,0.0391,0.2553,0.2161
01-06 12,Munchen FIR,0.031,0.0022,0.0481,0.2545,0.2064
01-06 12,Paris FIR,0.0,0.0,0.0005,0.0005,0.0
01-06 12,Polaris FIR,0.0109,0.0073,0.0041,0.0345,0.0304
01-06 12,Praha FIR,0.1924,0.0014,0.0155,0.3937,0.3782
01-06 12,Reims FIR,0.0,0.0,0.0,0.0,0.0
01-06 12,Reykjavik FIR,0.0662,0.0065,0.0302,0.1912,0.161
01-06 12,Riga FIR,0.0,0.0,0.0,0.0,0.0
01-06 12,Roma FIR,0.0071,0.0,0.0201,0.0792,0.0591
01-06 12,Santa Maria FIR,0.0004,0.0,0.0557,0.0643,0.0086
01-06 12,Sarajevo FIR,0.067,0.0,0.0056,0.1795,0.174
01-06 12,Scottish FIR,0.0,0.0,0.0011,0.002,0.0009
01-06 12,Shannon FIR,0.0,0.0,0.0174,0.0174,0.0
01-06 12,Skopje FIR,0.0,0.0,0.0226,0.0326,0.01
01-06 12,Sofia FIR,0.1472,0.0653,0.0813,0.3777,0.2963
01-06 12,Sweden FIR,0.0001,0.0,0.0,0.0034,0.0034
01-06 12,Switzerland FIR,0.0007,0.0,0.0291,0.1708,0.1417
01-06 12,Tallinn FIR,0.0,0.0,0.0098,0.0098,0.0
01-06 12,Tirana FIR,0.0,0.0,0.0009,0.0009,0.0
01-06 12,Vilnius FIR,0.0,0.0,0.0,0.0,0.0
01-06 12,Warszawa FIR,0.0415,0.0033,0.0948,0.2208,0.126
01-06 12,Wien FIR,0.1218,0.002,0.0154,0.3554,0.3399
01-06 12,Zagreb FIR,0.0888,0.0,0.0323,0.2717,0.2394
01-06 13,Global,0.0242,0.0056,0.0154,0.0798,0.0644
01-06 13,Europe,0.0183,0.0002,0.0207,0.0741,0.0534
01-06 13,European Airspace,0.0301,0.0038,0.0283,0.1022,0.0739
01-06 13,Africa Middle East,0.008,0.002,0.0173,0.0383,0.021
01-06 13,East Asia,0.0013,0.0003,0.0,0.0049,0.0049
01-06 13,Southeast Asia,0.087,0.0418,0.0,0.1514,0.1514
01-06 13,India,0.0111,0.0046,0.0001,0.0249,0.0248
01-06 13,China,0.027,0.0067,0.0,0.0626,0.0626
01-06 13,Latin America,0.0087,0.0023,0.0304,0.065,0.0346
01-06 13,USA,0.0049,0.0,0.048,0.1085,0.0605
01-06 13,North Atlantic,0.0365,0.0046,0.0317,0.1362,0.1045
01-06 13,North Pacific,0.0347,0.0028,0.0029,0.1149,0.112
01-06 13,Amsterdam FIR,0.0011,0.0,0.0012,0.0032,0.002
01-06 13,Athinai FIR,0.0006,0.0,0.0007,0.0049,0.0042
01-06 13,Barcelona FIR,0.0,0.0,0.0004,0.0004,0.0
01-06 13,Beograd FIR,0.1067,0.0003,0.0184,0.2091,0.1907
01-06 13,Bordeaux FIR,0.0,0.0,0.0,0.0,0.0
01-06 13,Bratislava  FIR,0.1811,0.0131,0.0018,0.4128,0.411
01-06 13,Bremen FIR,0.0087,0.0001,0.0096,0.021,0.0114
01-06 13,Brest FIR,0.0,0.0,0.0,0.0,0.0
01-06 13,Brindisi FIR,0.0186,0.0002,0.0065,0.0919,0.0854
01-06 13,Brussels FIR,0.0,0.0,0.0046,0.0061,0.0015
01-06 13,Bucarest FIR,0.2145,0.0561,0.0536,0.4103,0.3567
01-06 13,Budapest FIR,0.2152,0.0048,0.0151,0.4267,0.4115
01-06 13,Canarias FIR,0.0209,0.0012,0.1277,0.1828,0.0551
01-06 13,Chisinau FIR,0.1426,0.0146,0.1536,0.4062,0.2526
01-06 13,Copenhagen FIR,0.0,0.0,0.0,0.0,0.0
01-06 13,Helsinki FIR,0.0,0.0,0.0003,0.0032,0.0029
01-06 13,Langen FIR,0.001,0.0,0.0046,0.041,0.0364
01-06 13,Lisboa FIR,0.0186,0.0,0.1269,0.1974,0.0705
01-06 13,Ljubljana FIR,0.2061,0.0,0.0098,0.3889,0.3791
01-06 13,London FIR,0.0,0.0,0.0002,0.0002,0.0
01-06 13,Madrid FIR,0.0108,0.0,0.0804,0.1193,0.0388
01-06 13,Malta FIR,0.0,0.0,0.0,0.0,0.0
01-06 13,Marseille FIR,0.0139,0.0013,0.0401,0.0679,0.0278
01-06 13,Milano FIR,0.0615,0.0,0.0273,0.2584,0.2311
01-06 13,Munchen FIR,0.0305,0.0022,0.037,0.2695,0.2325
01-06 13,Paris FIR,0.0,0.0,0.0003,0.0003,0.0
01-06 13,Polaris FIR,0.0111,0.0079,0.0036,0.0328,0.0292
01-06 13,Praha FIR,0.1902,0.0056,0.013,0.3825,0.3695
01-06 13,Reims FIR,0.0,0.0,0.0032,0.0037,0.0005
01-06 13,Reykjavik FIR,0.0701,0.0069,0.0351,0.2056,0.1706
01-06 13,Riga FIR,0.0,0.0,0.0,0.0,0.0
01-06 13,Roma FIR,0.0102,0.0001,0.0119,0.0782,0.0663
01-06 13,Santa Maria FIR,0.0008,0.0,0.054,0.0627,0.0087
01-06 13,Sarajevo FIR,0.0539,0.0,0.0013,0.1523,0.1511
01-06 13,Scottish FIR,0.0,0.0,0.0004,0.0011,0.0008
01-06 13,Shannon FIR,0.0,0.0,0.0275,0.0291,0.0015
01-06 13,Skopje FIR,0.0,0.0,0.0,0.0,0.0
01-06 13,Sofia FIR,0.1815,0.0676,0.0383,0.3553,0.317
01-06 13,Sweden FIR,0.0015,0.0002,0.0,0.0082,0.0082
01-06 13,Switzerland FIR,0.0224,0.0,0.0177,0.1877,0.17
01-06 13,Tallinn FIR,0.0,0.0,0.0009,0.0011,0.0003
01-06 13,Tirana FIR,0.0,0.0,0.0009,0.0009,0.0
01-06 13,Vilnius FIR,0.0,0.0,0.0,0.0,0.0
01-06 13,Warszawa FIR,0.0628,0.0064,0.0486,0.2073,0.1587
01-06 13,Wien FIR,0.128,0.0,0.0114,0.3569,0.3455
01-06 13,Zagreb FIR,0.0978,0.0,0.0166,0.2626,0.246
01-06 14,Global,0.0235,0.0051,0.0159,0.0805,0.0646
01-06 14,Europe,0.0232,0.0004,0.013,0.0745,0.0615
01-06 14,European Airspace,0.0333,0.0041,0.022,0.1038,0.0818
01-06 14,Africa Middle East,0.0114,0.0029,0.0145,0.0397,0.0252
01-06 14,East Asia,0.0014,0.0001,0.0,0.0059,0.0059
01-06 14,Southeast Asia,0.0896,0.0399,0.0,0.1569,0.1569
01-06 14,India,0.0118,0.0051,0.0,0.0261,0.0261
01-06 14,China,0.0277,0.0064,0.0,0.0635,0.0635
01-06 14,Latin America,0.0085,0.0023,0.0282,0.0629,0.0347
01-06 14,USA,0.0032,0.0,0.0597,0.1086,0.0489
01-06 14,North Atlantic,0.0435,0.0058,0.0274,0.1387,0.1113
01-06 14,North Pacific,0.0276,0.0019,0.0081,0.1163,0.1083
01-06 14,Amsterdam FIR,0.0,0.0,0.0009,0.0014,0.0006
01-06 14,Athinai FIR,0.0002,0.0,0.0002,0.0014,0.0012
01-06 14,Barcelona FIR,0.0,0.0,0.0004,0.0004,0.0
01-06 14,Beograd FIR,0.079,0.0,0.0054,0.1631,0.1577
01-06 14,Bordeaux FIR,0.0,0.0,0.0,0.0,0.0
01-06 14,Bratislava  FIR,0.1503,0.0,0.0036,0.3978,0.3942
01-06 14,Bremen FIR,0.0096,0.0,0.0101,0.0268,0.0167
01-06 14,Brest FIR,0.0,0.0,0.0,0.0,0.0
01-06 14,Brindisi FIR,0.0243,0.0002,0.002,0.0819,0.0799
01-06 14,Brussels FIR,0.0,0.0,0.003,0.0038,0.0008
01-06 14,Bucarest FIR,0.2457,0.0755,0.0182,0.4122,0.394
01-06 14,Budapest FIR,0.2349,0.0,0.0098,0.412,0.4022
01-06 14,Canarias FIR,0.0349,0.0033,0.1054,0.1754,0.07
01-06 14,Chisinau FIR,0.2072,0.0092,0.0391,0.4436,0.4046
01-06 14,Copenhagen FIR,0.0,0.0,0.0,0.0,0.0
01-06 14,Helsinki FIR,0.0,0.0,0.0,0.0034,0.0034
01-06 14,Langen FIR,0.0007,0.0,0.0027,0.0527,0.05
01-06 14,Lisboa FIR,0.042,0.0008,0.09,0.1963,0.1063
01-06 14,Ljubljana FIR,0.2125,0.0,0.018,0.3708,0.3529
01-06 14,London FIR,0.0,0.0,0.0001,0.0002,0.0001
01-06 14,Madrid FIR,0.0332,0.0002,0.0577,0.1353,0.0777
01-06 14,Malta FIR,0.0,0.0,0.0,0.0,0.0
01-06 14,Marseille FIR,0.021,0.0028,0.0226,0.0624,0.0397
01-06 14,Milano FIR,0.0739,0.0,0.0072,0.2502,0.243
01-06 14,Munchen FIR,0.0204,0.0,0.0196,0.2602,0.2406
01-06 14,Paris FIR,0.0,0.0,0.0002,0.0002,0.0
01-06 14,Polaris FIR,0.0096,0.0066,0.0017,0.0285,0.0268
01-06 14,Praha FIR,0.1661,0.0091,0.0067,0.3737,0.367
01-06 14,Reims FIR,0.0,0.0,0.0052,0.0063,0.0011
01-06 14,Reykjavik FIR,0.0682,0.0076,0.0323,0.2179,0.1857
01-06 14,Riga FIR,0.0,0.0,0.0,0.0,0.0
01-06 14,Roma FIR,0.016,0.0003,0.0058,0.0776,0.0718
01-06 14,Santa Maria FIR,0.0015,0.0,0.0505,0.0627,0.0123
01-06 14,Sarajevo FIR,0.0266,0.0,0.0,0.1458,0.1458
01-06 14,Scottish FIR,0.0,0.0,0.0002,0.0008,0.0006
01-06 14,Shannon FIR,0.0038,0.0,0.0332,0.045,0.0118
01-06 14,Skopje FIR,0.0,0.0,0.0,0.0,0.0
01-06 14,Sofia FIR,0.1745,0.0614,0.0142,0.305,0.2907
01-06 14,Sweden FIR,0.0034,0.0018,0.0,0.0132,0.0132
01-06 14,Switzerland FIR,0.0285,0.0,0.0122,0.1917,0.1795
01-06 14,Tallinn FIR,0.0,0.0,0.0,0.0011,0.0011
01-06 14,Tirana FIR,0.0,0.0,0.0,0.0044,0.0044
01-06 14,Vilnius FIR,0.0,0.0,0.0,0.0,0.0
01-06 14,Warszawa FIR,0.0703,0.0065,0.0236,0.2241,0.2005
01-06 14,Wien FIR,0.1419,0.0,0.0104,0.3635,0.3531
01-06 14,Zagreb FIR,0.0821,0.0,0.0011,0.245,0.244
01-06 15,Global,0.0224,0.0047,0.017,0.0811,0.0641
01-06 15,Europe,0.0272,0.0006,0.0086,0.0766,0.0679
01-06 15,European Airspace,0.035,0.0041,0.0154,0.1045,0.0891
01-06 15,Africa Middle East,0.0145,0.0037,0.0104,0.0414,0.031
01-06 15,East Asia,0.0015,0.0,0.0,0.0065,0.0065
01-06 15,Southeast Asia,0.0903,0.0367,0.0,0.1618,0.1618
01-06 15,India,0.0127,0.0057,0.0,0.0266,0.0266
01-06 15,China,0.0284,0.006,0.0,0.0636,0.0636
01-06 15,Latin America,0.0082,0.0025,0.0271,0.0602,0.033
01-06 15,USA,0.0031,0.0001,0.0719,0.1075,0.0355
01-06 15,North Atlantic,0.0479,0.0066,0.0216,0.1408,0.1192
01-06 15,North Pacific,0.0202,0.0018,0.0197,0.1167,0.097
01-06 15,Amsterdam FIR,0.0,0.0,0.0006,0.0009,0.0003
01-06 15,Athinai FIR,0.0,0.0,0.0,0.0,0.0
01-06 15,Barcelona FIR,0.0,0.0,0.0001,0.0001,0.0
01-06 15,Beograd FIR,0.0466,0.0,0.0,0.1255,0.1255
01-06 15,Bordeaux FIR,0.0,0.0,0.0,0.0,0.0
01-06 15,Bratislava  FIR,0.173,0.0,0.0,0.4003,0.4003
01-06 15,Bremen FIR,0.0098,0.0,0.0,0.0233,0.0233
01-06 15,Brest FIR,0.0,0.0,0.0,0.0,0.0
01-06 15,Brindisi FIR,0.0313,0.0002,0.0,0.0848,0.0848
01-06 15,Brussels FIR,0.0,0.0,0.0015,0.0015,0.0
01-06 15,Bucarest FIR,0.25,0.0719,0.0,0.3966,0.3966
01-06 15,Budapest FIR,0.2222,0.0,0.0003,0.4045,0.4042
01-06 15,Canarias FIR,0.0512,0.0078,0.0728,0.1645,0.0917
01-06 15,Chisinau FIR,0.3306,0.0133,0.0,0.4611,0.4611
01-06 15,Copenhagen FIR,0.0,0.0,0.0,0.0,0.0
01-06 15,Helsinki FIR,0.0002,0.0,0.0,0.0038,0.0038
01-06 15,Langen FIR,0.0017,0.0,0.0012,0.0647,0.0635
01-06 15,Lisboa FIR,0.0664,0.0024,0.0553,0.1879,0.1326
01-06 15,Ljubljana FIR,0.1797,0.0,0.0049,0.3545,0.3496
01-06 15,London FIR,0.0,0.0,0.0001,0.0003,0.0001
01-06 15,Madrid FIR,0.0617,0.0009,0.043,0.1485,0.1056
01-06 15,Malta FIR,0.0,0.0,0.0,0.0,0.0
01-06 15,Marseille FIR,0.0268,0.0038,0.0091,0.0597,0.0506
01-06 15,Milano FIR,0.0679,0.0,0.0009,0.2523,0.2514
01-06 15,Munchen FIR,0.0363,0.0,0.0006,0.2555,0.255
01-06 15,Paris FIR,0.0,0.0,0.0003,0.0003,0.0
01-06 15,Polaris FIR,0.0066,0.005,0.0,0.0304,0.0304
01-06 15,Praha FIR,0.1315,0.0042,0.0011,0.3664,0.3654
01-06 15,Reims FIR,0.0,0.0,0.0063,0.0078,0.0016
01-06 15,Reykjavik FIR,0.0586,0.0086,0.0185,0.2259,0.2075
01-06 15,Riga FIR,0.0,0.0,0.0,0.0,0.0
01-06 15,Roma FIR,0.0207,0.0014,0.0028,0.0805,0.0777
01-06 15,Santa Maria FIR,0.0027,0.0001,0.0423,0.0643,0.022
01-06 15,Sarajevo FIR,0.028,0.0006,0.0,0.1878,0.1878
01-06 15,Scottish FIR,0.0,0.0,0.0013,0.0037,0.0024
01-06 15,Shannon FIR,0.0143,0.0007,0.0313,0.061,0.0297
01-06 15,Skopje FIR,0.0,0.0,0.0,0.0,0.0
01-06 15,Sofia FIR,0.1422,0.0326,0.0,0.2341,0.2341
01-06 15,Sweden FIR,0.006,0.0039,0.0,0.0157,0.0157
01-06 15,Switzerland FIR,0.0577,0.0,0.0081,0.1965,0.1884
01-06 15,Tallinn FIR,0.0,0.0,0.0,0.002,0.002
01-06 15,Tirana FIR,0.0044,0.0009,0.0,0.0115,0.0115
01-06 15,Vilnius FIR,0.0,0.0,0.0,0.0,0.0
01-06 15,Warszawa FIR,0.06,0.003,0.0,0.2382,0.2382
01-06 15,Wien FIR,0.1566,0.0,0.0035,0.3799,0.3764
01-06 15,Zagreb FIR,0.0528,0.0,0.0,0.2249,0.2249
01-06 16,Global,0.0212,0.0045,0.0188,0.0814,0.0626
01-06 16,Europe,0.0291,0.0007,0.0058,0.0803,0.0745
01-06 16,European Airspace,0.0348,0.0043,0.0098,0.1041,0.0943
01-06 16,Africa Middle East,0.0168,0.0043,0.0067,0.0428,0.0361
01-06 16,East Asia,0.0015,0.0,0.0,0.0069,0.0069
01-06 16,Southeast Asia,0.0883,0.0326,0.0,0.1668,0.1668
01-06 16,India,0.0137,0.0062,0.0,0.0277,0.0277
01-06 16,China,0.0283,0.0054,0.0001,0.0634,0.0633
01-06 16,Latin America,0.0081,0.0031,0.0268,0.0576,0.0308
01-06 16,USA,0.0039,0.0002,0.08,0.1056,0.0256
01-06 16,North Atlantic,0.0496,0.0076,0.0143,0.1414,0.1272
01-06 16,North Pacific,0.0156,0.0018,0.0365,0.1156,0.0791
01-06 16,Amsterdam FIR,0.0,0.0,0.0,0.0003,0.0003
01-06 16,Athinai FIR,0.0,0.0,0.0,0.0001,0.0001
01-06 16,Barcelona FIR,0.0,0.0,0.0013,0.0015,0.0003
01-06 16,Beograd FIR,0.0395,0.0006,0.0,0.098,0.098
01-06 16,Bordeaux FIR,0.0,0.0,0.0,0.0,0.0
01-06 16,Bratislava  FIR,0.211,0.0,0.0,0.4181,0.4181
01-06 16,Bremen FIR,0.0101,0.0001,0.0,0.02,0.02
01-06 16,Brest FIR,0.0,0.0,0.0,0.0,0.0
01-06 16,Brindisi FIR,0.041,0.0,0.0,0.0914,0.0914
01-06 16,Brussels FIR,0.0,0.0,0.0,0.0,0.0
01-06 16,Bucarest FIR,0.2145,0.0321,0.0,0.3558,0.3558
01-06 16,Budapest FIR,0.182,0.0,0.0,0.3784,0.3784
01-06 16,Canarias FIR,0.0655,0.0127,0.0391,0.1492,0.1102
01-06 16,Chisinau FIR,0.379,0.0338,0.0,0.4607,0.4607
01-06 16,Copenhagen FIR,0.0,0.0,0.0,0.0007,0.0007
01-06 16,Helsinki FIR,0.0006,0.0001,0.0,0.0041,0.0041
01-06 16,Langen FIR,0.0089,0.0,0.0,0.0702,0.0702
01-06 16,Lisboa FIR,0.0819,0.0038,0.0297,0.1788,0.1491
01-06 16,Ljubljana FIR,0.0863,0.0,0.0,0.3332,0.3332
01-06 16,London FIR,0.0,0.0,0.0,0.0004,0.0004
01-06 16,Madrid FIR,0.0803,0.0012,0.0287,0.1618,0.1331
01-06 16,Malta FIR,0.0,0.0,0.0,0.0,0.0
01-06 16,Marseille FIR,0.0312,0.0041,0.0002,0.062,0.0618
01-06 16,Milano FIR,0.0552,0.0,0.0,0.2509,0.2509
01-06 16,Munchen FIR,0.0392,0.0,0.0,0.257,0.257
01-06 16,Paris FIR,0.0,0.0,0.0,0.0002,0.0002
01-06 16,Polaris FIR,0.0037,0.003,0.0,0.0328,0.0328
01-06 16,Praha FIR,0.1025,0.0,0.0,0.3646,0.3646
01-06 16,Reims FIR,0.0,0.0,0.0,0.0142,0.0142
01-06 16,Reykjavik FIR,0.0451,0.0096,0.0025,0.2298,0.2273
01-06 16,Riga FIR,0.0,0.0,0.0,0.0,0.0
01-06 16,Roma FIR,0.0289,0.0031,0.0,0.0824,0.0824
01-06 16,Santa Maria FIR,0.0063,0.0001,0.0351,0.0668,0.0317
01-06 16,Sarajevo FIR,0.041,0.0081,0.0,0.2454,0.2454
01-06 16,Scottish FIR,0.0,0.0,0.0,0.0124,0.0124
01-06 16,Shannon FIR,0.0277,0.0014,0.0258,0.0764,0.0507
01-06 16,Skopje FIR,0.0,0.0,0.0,0.0,0.0
01-06 16,Sofia FIR,0.0874,0.0081,0.0,0.1563,0.1563
01-06 16,Sweden FIR,0.0082,0.0058,0.0,0.016,0.016
01-06 16,Switzerland FIR,0.1025,0.0,0.0,0.2094,0.2094
01-06 16,Tallinn FIR,0.0,0.0,0.0,0.0,0.0
01-06 16,Tirana FIR,0.0106,0.0,0.0,0.0257,0.0257
01-06 16,Vilnius FIR,0.0,0.0,0.0,0.0,0.0
01-06 16,Warszawa FIR,0.0501,0.0007,0.0,0.2377,0.2377
01-06 16,Wien FIR,0.121,0.0,0.0,0.3852,0.3852
01-06 16,Zagreb FIR,0.0429,0.0003,0.0,0.2278,0.2278
01-06 17,Global,0.0204,0.0043,0.0204,0.0814,0.061
01-06 17,Europe,0.0299,0.0006,0.0015,0.085,0.0835
01-06 17,European Airspace,0.0344,0.0042,0.0046,0.1027,0.0981
01-06 17,Africa Middle East,0.0181,0.0048,0.0038,0.0444,0.0406
01-06 17,East Asia,0.0014,0.0,0.0,0.0074,0.0074
01-06 17,Southeast Asia,0.0832,0.0272,0.0003,0.1708,0.1705
01-06 17,India,0.0148,0.0062,0.0,0.0282,0.0282
01-06 17,China,0.0277,0.0044,0.0002,0.0633,0.0631
01-06 17,Latin America,0.009,0.0038,0.027,0.0558,0.0288
01-06 17,USA,0.0052,0.0003,0.0762,0.1021,0.0259
01-06 17,North Atlantic,0.0502,0.0082,0.0089,0.1414,0.1325
01-06 17,North Pacific,0.0144,0.002,0.0501,0.1138,0.0636
01-06 17,Amsterdam FIR,0.0,0.0,0.0,0.0009,0.0009
01-06 17,Athinai FIR,0.0,0.0,0.0,0.0006,0.0006
01-06 17,Barcelona FIR,0.0004,0.0,0.0,0.004,0.004
01-06 17,Beograd FIR,0.0328,0.0009,0.0,0.0956,0.0956
01-06 17,Bordeaux FIR,0.0,0.0,0.0,0.0,0.0
01-06 17,Bratislava  FIR,0.193,0.0,0.0,0.4163,0.4163
01-06 17,Bremen FIR,0.0076,0.0,0.0,0.0269,0.0269
01-06 17,Brest FIR,0.0,0.0,0.0,0.0,0.0
01-06 17,Brindisi FIR,0.0468,0.0,0.0,0.1034,0.1034
01-06 17,Brussels FIR,0.0,0.0,0.0,0.0,0.0
01-06 17,Bucarest FIR,0.1593,0.0049,0.0,0.2959,0.2959
01-06 17,Budapest FIR,0.1663,0.0003,0.0,0.3571,0.3571
01-06 17,Canarias FIR,0.0735,0.0129,0.0156,0.1365,0.1209
01-06 17,Chisinau FIR,0.345,0.005,0.0,0.4364,0.4364
01-06 17,Copenhagen FIR,0.0,0.0,0.0,0.0029,0.0029
01-06 17,Helsinki FIR,0.0012,0.0003,0.0,0.0057,0.0057
01-06 17,Langen FIR,0.0199,0.0,0.0,0.0802,0.0802
01-06 17,Lisboa FIR,0.0801,0.0048,0.0113,0.1702,0.1589
01-06 17,Ljubljana FIR,0.0424,0.0,0.0,0.3218,0.3218
01-06 17,London FIR,0.0,0.0,0.0,0.0001,0.0001
01-06 17,Madrid FIR,0.0835,0.0005,0.0044,0.1735,0.1691
01-06 17,Malta FIR,0.0,0.0,0.0,0.0,0.0
01-06 17,Marseille FIR,0.0317,0.0021,0.0,0.0577,0.0577
01-06 17,Milano FIR,0.0592,0.0,0.0,0.248,0.248
01-06 17,Munchen FIR,0.0452,0.0,0.0,0.2552,0.2552
01-06 17,Paris FIR,0.0,0.0,0.0,0.0,0.0
01-06 17,Polaris FIR,0.0022,0.0013,0.0,0.0363,0.0363
01-06 17,Praha FIR,0.0831,0.0,0.0,0.3666,0.3666
01-06 17,Reims FIR,0.0027,0.0,0.0,0.0406,0.0406
01-06 17,Reykjavik FIR,0.0402,0.0094,0.0,0.2262,0.2262
01-06 17,Riga FIR,0.0,0.0,0.0,0.0,0.0
01-06 17,Roma FIR,0.0332,0.0032,0.0,0.0899,0.0899
01-06 17,Santa Maria FIR,0.0117,0.0004,0.0246,0.0694,0.0448
01-06 17,Sarajevo FIR,0.0285,0.0105,0.0,0.2575,0.2575
01-06 17,Scottish FIR,0.0002,0.0,0.0,0.0135,0.0135
01-06 17,Shannon FIR,0.0325,0.0023,0.0,0.0928,0.0928
01-06 17,Skopje FIR,0.0,0.0,0.0,0.0,0.0
01-06 17,Sofia FIR,0.0412,0.0,0.0,0.0898,0.0898
01-06 17,Sweden FIR,0.0102,0.007,0.0,0.0163,0.0163
01-06 17,Switzerland FIR,0.1607,0.0,0.0,0.2222,0.2222
01-06 17,Tallinn FIR,0.0,0.0,0.0,0.0,0.0
01-06 17,Tirana FIR,0.0141,0.0,0.0,0.0523,0.0523
01-06 17,Vilnius FIR,0.0,0.0,0.0,0.0,0.0
01-06 17,Warszawa FIR,0.0445,0.0002,0.0,0.2341,0.2341
01-06 17,Wien FIR,0.1088,0.0014,0.0,0.3828,0.3828
01-06 17,Zagreb FIR,0.0568,0.0042,0.0,0.2588,0.2588
01-06 18,Global,0.0201,0.0041,0.0209,0.0812,0.0603
01-06 18,Europe,0.029,0.0007,0.0,0.0884,0.0884
01-06 18,European Airspace,0.033,0.004,0.0015,0.1014,0.1
01-06 18,Africa Middle East,0.0184,0.005,0.002,0.0462,0.0442
01-06 18,East Asia,0.0015,0.0,0.0,0.008,0.0079
01-06 18,Southeast Asia,0.0765,0.0194,0.0012,0.1746,0.1734
01-06 18,India,0.0152,0.0063,0.0,0.0285,0.0285
01-06 18,China,0.0264,0.0031,0.0004,0.0634,0.063
01-06 18,Latin America,0.0112,0.0049,0.0267,0.055,0.0283
01-06 18,USA,0.008,0.0006,0.0659,0.1002,0.0344
01-06 18,North Atlantic,0.049,0.009,0.0074,0.1422,0.1348
01-06 18,North Pacific,0.0142,0.0022,0.0567,0.1108,0.0541
01-06 18,Amsterdam FIR,0.0,0.0,0.0,0.0006,0.0006
01-06 18,Athinai FIR,0.0003,0.0,0.0,0.0005,0.0005
01-06 18,Barcelona FIR,0.0004,0.0,0.0,0.0065,0.0065
01-06 18,Beograd FIR,0.0212,0.0012,0.0,0.0903,0.0903
01-06 18,Bordeaux FIR,0.0,0.0,0.0,0.0,0.0
01-06 18,Bratislava  FIR,0.1852,0.0,0.0,0.4163,0.4163
01-06 18,Bremen FIR,0.0049,0.0,0.0,0.0287,0.0287
01-06 18,Brest FIR,0.0,0.0,0.0,0.0,0.0
01-06 18,Brindisi FIR,0.0489,0.0,0.0,0.1,0.1
01-06 18,Brussels FIR,0.0,0.0,0.0,0.0,0.0
01-06 18,Bucarest FIR,0.099,0.0037,0.0,0.2314,0.2314
01-06 18,Budapest FIR,0.1453,0.0053,0.0,0.3463,0.3463
01-06 18,Canarias FIR,0.071,0.0093,0.003,0.1242,0.1212
01-06 18,Chisinau FIR,0.3125,0.0107,0.0,0.4422,0.4422
01-06 18,Copenhagen FIR,0.0002,0.0,0.0,0.0044,0.0044
01-06 18,Helsinki FIR,0.0026,0.0005,0.0,0.0074,0.0074
01-06 18,Langen FIR,0.0382,0.0,0.0,0.0941,0.0941
01-06 18,Lisboa FIR,0.073,0.0045,0.0001,0.1697,0.1696
01-06 18,Ljubljana FIR,0.0228,0.0,0.0,0.2727,0.2727
01-06 18,London FIR,0.0,0.0,0.0,0.0,0.0
01-06 18,Madrid FIR,0.0648,0.0005,0.0,0.1797,0.1797
01-06 18,Malta FIR,0.0,0.0,0.0,0.0,0.0
01-06 18,Marseille FIR,0.0344,0.0001,0.0,0.0559,0.0559
01-06 18,Milano FIR,0.0657,0.0,0.0,0.2337,0.2337
01-06 18,Munchen FIR,0.0567,0.0,0.0,0.2664,0.2664
01-06 18,Paris FIR,0.0,0.0,0.0,0.0,0.0
01-06 18,Polaris FIR,0.0017,0.0007,0.0,0.0385,0.0385
01-06 18,Praha FIR,0.0828,0.0,0.0,0.383,0.383
01-06 18,Reims FIR,0.026,0.0,0.0,0.0757,0.0757
01-06 18,Reykjavik FIR,0.0383,0.0089,0.0,0.2191,0.2191
01-06 18,Riga FIR,0.0,0.0,0.0,0.0,0.0
01-06 18,Roma FIR,0.035,0.0036,0.0,0.0952,0.0952
01-06 18,Santa Maria FIR,0.0139,0.0006,0.0134,0.0722,0.0588
01-06 18,Sarajevo FIR,0.0357,0.0074,0.0,0.2741,0.2741
01-06 18,Scottish FIR,0.0,0.0,0.0,0.0131,0.0131
01-06 18,Shannon FIR,0.0279,0.0026,0.0,0.1039,0.1039
01-06 18,Skopje FIR,0.0,0.0,0.0,0.0051,0.0051
01-06 18,Sofia FIR,0.0116,0.0,0.0,0.0373,0.0373
01-06 18,Sweden FIR,0.0106,0.0062,0.0,0.0152,0.0152
01-06 18,Switzerland FIR,0.1666,0.0,0.0,0.2209,0.2209
01-06 18,Tallinn FIR,0.0,0.0,0.0,0.0,0.0
01-06 18,Tirana FIR,0.007,0.0,0.0,0.0776,0.0776
01-06 18,Vilnius FIR,0.0,0.0,0.0,0.0,0.0
01-06 18,Warszawa FIR,0.0383,0.0,0.0,0.2144,0.2144
01-06 18,Wien FIR,0.1096,0.0027,0.0,0.3859,0.3859
01-06 18,Zagreb FIR,0.0595,0.0087,0.0,0.2759,0.2759
01-06 19,Global,0.0198,0.0038,0.0211,0.0808,0.0597
01-06 19,Europe,0.028,0.001,0.0,0.0912,0.0912
01-06 19,European Airspace,0.0315,0.0039,0.0,0.0997,0.0996
01-06 19,Africa Middle East,0.0178,0.005,0.0011,0.0471,0.046
01-06 19,East Asia,0.0014,0.0,0.0001,0.0085,0.0084
01-06 19,Southeast Asia,0.0642,0.0103,0.0034,0.1768,0.1735
01-06 19,India,0.0151,0.0058,0.0,0.0295,0.0295
01-06 19,China,0.0246,0.0019,0.0009,0.0631,0.0622
01-06 19,Latin America,0.0139,0.0062,0.0248,0.0551,0.0303
01-06 19,USA,0.0121,0.0009,0.0524,0.0981,0.0457
01-06 19,North Atlantic,0.0488,0.01,0.0053,0.1435,0.1382
01-06 19,North Pacific,0.0149,0.0027,0.0569,0.1077,0.0507
01-06 19,Amsterdam FIR,0.0,0.0,0.0,0.0,0.0
01-06 19,Athinai FIR,0.0035,0.0,0.0,0.0089,0.0089
01-06 19,Barcelona FIR,0.0001,0.0,0.0,0.0089,0.0089
01-06 19,Beograd FIR,0.0188,0.002,0.0,0.1009,0.1009
01-06 19,Bordeaux FIR,0.0,0.0,0.0,0.0,0.0
01-06 19,Bratislava  FIR,0.1783,0.0006,0.0,0.3966,0.3966
01-06 19,Bremen FIR,0.0026,0.0,0.0,0.0295,0.0295
01-06 19,Brest FIR,0.0,0.0,0.0,0.0,0.0
01-06 19,Brindisi FIR,0.0474,0.0002,0.0,0.097,0.097
01-06 19,Brussels FIR,0.0,0.0,0.0,0.0,0.0
01-06 19,Bucarest FIR,0.0591,0.0015,0.0,0.1511,0.1511
01-06 19,Budapest FIR,0.1364,0.0141,0.0,0.3241,0.3241
01-06 19,Canarias FIR,0.064,0.0056,0.0,0.1141,0.1141
01-06 19,Chisinau FIR,0.239,0.0327,0.0,0.4114,0.4114
01-06 19,Copenhagen FIR,0.0,0.0,0.0,0.0048,0.0048
01-06 19,Helsinki FIR,0.0035,0.0003,0.0,0.0127,0.0127
01-06 19,Langen FIR,0.059,0.0,0.0,0.1105,0.1105
01-06 19,Lisboa FIR,0.0542,0.0039,0.0,0.1592,0.1592
01-06 19,Ljubljana FIR,0.0163,0.0016,0.0,0.2501,0.2501
01-06 19,London FIR,0.0,0.0,0.0,0.0,0.0
01-06 19,Madrid FIR,0.0433,0.0002,0.0,0.1821,0.1821
01-06 19,Malta FIR,0.0,0.0,0.0,0.0,0.0
01-06 19,Marseille FIR,0.0358,0.0008,0.0,0.0529,0.0529
01-06 19,Milano FIR,0.0726,0.0002,0.0,0.2263,0.2263
01-06 19,Munchen FIR,0.0815,0.0,0.0,0.2765,0.2765
01-06 19,Paris FIR,0.0,0.0,0.0,0.0,0.0
01-06 19,Polaris FIR,0.0029,0.0012,0.0,0.0367,0.0367
01-06 19,Praha FIR,0.1119,0.0,0.0,0.3878,0.3878
01-06 19,Reims FIR,0.0484,0.0,0.0,0.0989,0.0989
01-06 19,Reykjavik FIR,0.0386,0.0092,0.0,0.2051,0.2051
01-06 19,Riga FIR,0.0,0.0,0.0,0.0,0.0
01-06 19,Roma FIR,0.0354,0.0039,0.0,0.0971,0.0971
01-06 19,Santa Maria FIR,0.014,0.0005,0.0023,0.0753,0.073
01-06 19,Sarajevo FIR,0.0406,0.0068,0.0,0.3118,0.3118
01-06 19,Scottish FIR,0.0,0.0,0.0,0.0155,0.0155
01-06 19,Shannon FIR,0.0264,0.0005,0.0,0.1175,0.1175
01-06 19,Skopje FIR,0.0,0.0,0.0,0.0747,0.0747
01-06 19,Sofia FIR,0.002,0.0,0.0,0.0104,0.0104
01-06 19,Sweden FIR,0.0093,0.0044,0.0,0.0155,0.0155
01-06 19,Switzerland FIR,0.1483,0.0,0.0,0.2161,0.2161
01-06 19,Tallinn FIR,0.0,0.0,0.0,0.0,0.0
01-06 19,Tirana FIR,0.0035,0.0,0.0,0.1401,0.1401
01-06 19,Vilnius FIR,0.0,0.0,0.0,0.0,0.0
01-06 19,Warszawa FIR,0.0416,0.0,0.0,0.2044,0.2044
01-06 19,Wien FIR,0.127,0.0,0.0,0.3782,0.3782
01-06 19,Zagreb FIR,0.0658,0.0103,0.0,0.2809,0.2809
01-06 20,Global,0.0194,0.0036,0.0211,0.0804,0.0593
01-06 20,Europe,0.0275,0.0013,0.0,0.0908,0.0908
01-06 20,European Airspace,0.0303,0.0039,0.0,0.0965,0.0965
01-06 20,Africa Middle East,0.0173,0.0047,0.0002,0.0476,0.0475
01-06 20,East Asia,0.0012,0.0,0.0001,0.0085,0.0083
01-06 20,Southeast Asia,0.0454,0.0041,0.0107,0.1783,0.1676
01-06 20,India,0.0145,0.0051,0.0,0.031,0.031
01-06 20,China,0.0212,0.0009,0.0026,0.0625,0.0599
01-06 20,Latin America,0.0165,0.0072,0.0198,0.0555,0.0357
01-06 20,USA,0.0161,0.0015,0.0422,0.0945,0.0523
01-06 20,North Atlantic,0.0489,0.0106,0.0032,0.1422,0.139
01-06 20,North Pacific,0.0164,0.0034,0.0532,0.1048,0.0516
01-06 20,Amsterdam FIR,0.0,0.0,0.0,0.0,0.0
01-06 20,Athinai FIR,0.0051,0.0,0.0,0.0246,0.0246
01-06 20,Barcelona FIR,0.0,0.0,0.0,0.0121,0.0121
01-06 20,Beograd FIR,0.0208,0.0017,0.0,0.1185,0.1185
01-06 20,Bordeaux FIR,0.0,0.0,0.0,0.0,0.0
01-06 20,Bratislava  FIR,0.1374,0.003,0.0,0.3865,0.3865
01-06 20,Bremen FIR,0.0034,0.0,0.0,0.0343,0.0343
01-06 20,Brest FIR,0.0,0.0,0.0,0.0,0.0
01-06 20,Brindisi FIR,0.0355,0.0006,0.0,0.086,0.086
01-06 20,Brussels FIR,0.0,0.0,0.0,0.0,0.0
01-06 20,Bucarest FIR,0.0318,0.0001,0.0,0.076,0.076
01-06 20,Budapest FIR,0.126,0.0162,0.0,0.3009,0.3009
01-06 20,Canarias FIR,0.0571,0.0044,0.0,0.1054,0.1054
01-06 20,Chisinau FIR,0.1391,0.0172,0.0,0.3163,0.3163
01-06 20,Copenhagen FIR,0.0,0.0,0.0,0.0046,0.0046
01-06 20,Helsinki FIR,0.0049,0.0001,0.0,0.0226,0.0226
01-06 20,Langen FIR,0.0722,0.0,0.0,0.1269,0.1269
01-06 20,Lisboa FIR,0.0436,0.0034,0.0,0.1436,0.1436
01-06 20,Ljubljana FIR,0.0656,0.0081,0.0,0.2472,0.2472
01-06 20,London FIR,0.0,0.0,0.0,0.0,0.0
01-06 20,Madrid FIR,0.0354,0.0001,0.0,0.1779,0.1779
01-06 20,Malta FIR,0.0,0.0,0.0,0.0,0.0
01-06 20,Marseille FIR,0.0335,0.0022,0.0,0.0528,0.0528
01-06 20,Milano FIR,0.084,0.0013,0.0,0.2375,0.2375
01-06 20,Munchen FIR,0.1101,0.0,0.0,0.2694,0.2694
01-06 20,Paris FIR,0.0,0.0,0.0,0.0,0.0
01-06 20,Polaris FIR,0.0054,0.0018,0.0,0.0326,0.0326
01-06 20,Praha FIR,0.144,0.0,0.0,0.3742,0.3742
01-06 20,Reims FIR,0.0759,0.0,0.0,0.0988,0.0988
01-06 20,Reykjavik FIR,0.0408,0.0112,0.0,0.189,0.189
01-06 20,Riga FIR,0.0,0.0,0.0,0.0,0.0
01-06 20,Roma FIR,0.0318,0.0032,0.0,0.093,0.093
01-06 20,Santa Maria FIR,0.0163,0.001,0.0,0.0789,0.0789
01-06 20,Sarajevo FIR,0.05,0.0131,0.0,0.3186,0.3186
01-06 20,Scottish FIR,0.0,0.0,0.0,0.0205,0.0205
01-06 20,Shannon FIR,0.0241,0.0008,0.0,0.1263,0.1263
01-06 20,Skopje FIR,0.0013,0.0,0.0,0.1679,0.1679
01-06 20,Sofia FIR,0.0,0.0,0.0,0.002,0.002
01-06 20,Sweden FIR,0.0064,0.0025,0.0,0.0168,0.0168
01-06 20,Switzerland FIR,0.1336,0.0,0.0,0.21,0.21
01-06 20,Tallinn FIR,0.0,0.0,0.0,0.0,0.0
01-06 20,Tirana FIR,0.0044,0.0,0.0,0.128,0.128
01-06 20,Vilnius FIR,0.0,0.0,0.0,0.0,0.0
01-06 20,Warszawa FIR,0.0525,0.0003,0.0,0.2036,0.2036
01-06 20,Wien FIR,0.1121,0.0003,0.0,0.3436,0.3436
01-06 20,Zagreb FIR,0.0744,0.0106,0.0,0.277,0.277
01-06 21,Global,0.0188,0.0036,0.0213,0.08,0.0586
01-06 21,Europe,0.0277,0.0013,0.0,0.0889,0.0889
01-06 21,European Airspace,0.0299,0.0041,0.0,0.0937,0.0937
01-06 21,Africa Middle East,0.0166,0.0042,0.0,0.0479,0.0478
01-06 21,East Asia,0.0008,0.0,0.0005,0.0086,0.008
01-06 21,Southeast Asia,0.0269,0.0016,0.0284,0.1768,0.1483
01-06 21,India,0.0129,0.0038,0.0001,0.0323,0.0322
01-06 21,China,0.0155,0.0004,0.0067,0.062,0.0552
01-06 21,Latin America,0.0189,0.0077,0.0135,0.0553,0.0418
01-06 21,USA,0.0181,0.0021,0.0334,0.0911,0.0577
01-06 21,North Atlantic,0.0482,0.0116,0.0,0.1373,0.1373
01-06 21,North Pacific,0.0197,0.0046,0.0472,0.1029,0.0556
01-06 21,Amsterdam FIR,0.0,0.0,0.0,0.0,0.0
01-06 21,Athinai FIR,0.0069,0.0,0.0,0.0473,0.0473
01-06 21,Barcelona FIR,0.0,0.0,0.0,0.0141,0.0141
01-06 21,Beograd FIR,0.0254,0.0017,0.0,0.1451,0.1451
01-06 21,Bordeaux FIR,0.0,0.0,0.0,0.0,0.0
01-06 21,Bratislava  FIR,0.1432,0.0089,0.0,0.3847,0.3847
01-06 21,Bremen FIR,0.0049,0.0,0.0,0.0429,0.0429
01-06 21,Brest FIR,0.0,0.0,0.0,0.0001,0.0001
01-06 21,Brindisi FIR,0.0248,0.0002,0.0,0.0745,0.0745
01-06 21,Brussels FIR,0.0,0.0,0.0,0.0,0.0
01-06 21,Bucarest FIR,0.0129,0.0,0.0,0.0397,0.0397
01-06 21,Budapest FIR,0.1136,0.0121,0.0,0.2771,0.2771
01-06 21,Canarias FIR,0.05,0.0036,0.0,0.0969,0.0969
01-06 21,Chisinau FIR,0.0792,0.0122,0.0,0.1463,0.1463
01-06 21,Copenhagen FIR,0.0,0.0,0.0,0.0035,0.0035
01-06 21,Helsinki FIR,0.0083,0.0006,0.0,0.0373,0.0373
01-06 21,Langen FIR,0.0817,0.0,0.0,0.1389,0.1389
01-06 21,Lisboa FIR,0.0377,0.0037,0.0,0.1231,0.1231
01-06 21,Ljubljana FIR,0.1504,0.0279,0.0,0.3123,0.3123
01-06 21,London FIR,0.0,0.0,0.0,0.0,0.0
01-06 21,Madrid FIR,0.0321,0.0001,0.0,0.169,0.169
01-06 21,Malta FIR,0.0,0.0,0.0,0.0,0.0
01-06 21,Marseille FIR,0.0312,0.002,0.0,0.0538,0.0538
01-06 21,Milano FIR,0.0935,0.003,0.0,0.2528,0.2528
01-06 21,Munchen FIR,0.1174,0.0,0.0,0.2549,0.2549
01-06 21,Paris FIR,0.0002,0.0,0.0,0.0004,0.0004
01-06 21,Polaris FIR,0.0067,0.0017,0.0,0.0307,0.0307
01-06 21,Praha FIR,0.1564,0.0,0.0,0.3561,0.3561
01-06 21,Reims FIR,0.0853,0.0011,0.0,0.1009,0.1009
01-06 21,Reykjavik FIR,0.0468,0.0146,0.0,0.1785,0.1785
01-06 21,Riga FIR,0.0,0.0,0.0,0.0,0.0
01-06 21,Roma FIR,0.0318,0.0022,0.0,0.0902,0.0902
01-06 21,Santa Maria FIR,0.0182,0.0014,0.0,0.0817,0.0817
01-06 21,Sarajevo FIR,0.0723,0.0119,0.0,0.295,0.295
01-06 21,Scottish FIR,0.0,0.0,0.0,0.0155,0.0155
01-06 21,Shannon FIR,0.0215,0.0031,0.0,0.1304,0.1304
01-06 21,Skopje FIR,0.005,0.0,0.0,0.1677,0.1677
01-06 21,Sofia FIR,0.0,0.0,0.0,0.0146,0.0146
01-06 21,Sweden FIR,0.004,0.0016,0.0,0.0157,0.0157
01-06 21,Switzerland FIR,0.1268,0.0,0.0,0.1965,0.1965
01-06 21,Tallinn FIR,0.0,0.0,0.0,0.0,0.0
01-06 21,Tirana FIR,0.0018,0.0,0.0,0.0969,0.0969
01-06 21,Vilnius FIR,0.0,0.0,0.0,0.0,0.0
01-06 21,Warszawa FIR,0.0544,0.0016,0.0,0.2043,0.2043
01-06 21,Wien FIR,0.1021,0.0031,0.0,0.3249,0.3249
01-06 21,Zagreb FIR,0.0685,0.0071,0.0,0.2692,0.2692
01-06 22,Global,0.0187,0.0036,0.0209,0.078,0.0571
01-06 22,Europe,0.0262,0.0011,0.0,0.0788,0.0788
01-06 22,European Airspace,0.0295,0.0042,0.0,0.0902,0.0902
01-06 22,Africa Middle East,0.0161,0.0041,0.0001,0.0471,0.047
01-06 22,East Asia,0.0003,0.0,0.0015,0.0088,0.0073
01-06 22,Southeast Asia,0.0175,0.0007,0.053,0.1603,0.1072
01-06 22,India,0.0094,0.0017,0.0003,0.0292,0.0289
01-06 22,China,0.0085,0.0001,0.0136,0.0617,0.0481
01-06 22,Latin America,0.0204,0.0078,0.005,0.0499,0.0449
01-06 22,USA,0.0208,0.0027,0.0215,0.0861,0.0646
01-06 22,North Atlantic,0.0484,0.0118,0.0,0.1286,0.1286
01-06 22,North Pacific,0.0243,0.0064,0.0399,0.1012,0.0613
01-06 22,Amsterdam FIR,0.0,0.0,0.0,0.0,0.0
01-06 22,Athinai FIR,0.0111,0.0003,0.0,0.0642,0.0642
01-06 22,Barcelona FIR,0.0,0.0,0.0,0.013,0.013
01-06 22,Beograd FIR,0.0228,0.0003,0.0,0.1455,0.1455
01-06 22,Bordeaux FIR,0.0,0.0,0.0,0.0,0.0
01-06 22,Bratislava  FIR,0.1898,0.0083,0.0,0.3834,0.3834
01-06 22,Bremen FIR,0.0047,0.0,0.0,0.0528,0.0528
01-06 22,Brest FIR,0.0,0.0,0.0,0.0,0.0
01-06 22,Brindisi FIR,0.0176,0.0,0.0,0.0724,0.0724
01-06 22,Brussels FIR,0.0,0.0,0.0,0.0047,0.0047
01-06 22,Bucarest FIR,0.0072,0.0,0.0,0.0325,0.0325
01-06 22,Budapest FIR,0.1035,0.004,0.0,0.2194,0.2194
01-06 22,Canarias FIR,0.0431,0.0016,0.0,0.0878,0.0878
01-06 22,Chisinau FIR,0.0203,0.0,0.0,0.0261,0.0261
01-06 22,Copenhagen FIR,0.0,0.0,0.0,0.0009,0.0009
01-06 22,Helsinki FIR,0.0112,0.0021,0.0,0.0486,0.0486
01-06 22,Langen FIR,0.0945,0.0,0.0,0.1484,0.1484
01-06 22,Lisboa FIR,0.0291,0.006,0.0,0.0938,0.0938
01-06 22,Ljubljana FIR,0.1697,0.0147,0.0,0.3106,0.3106
01-06 22,London FIR,0.0,0.0,0.0,0.0,0.0
01-06 22,Madrid FIR,0.0262,0.0,0.0,0.1334,0.1334
01-06 22,Malta FIR,0.0,0.0,0.0,0.0,0.0
01-06 22,Marseille FIR,0.0336,0.0001,0.0,0.0535,0.0535
01-06 22,Milano FIR,0.0885,0.0024,0.0,0.2541,0.2541
01-06 22,Munchen FIR,0.1106,0.0,0.0,0.2539,0.2539
01-06 22,Paris FIR,0.0004,0.0,0.0,0.0007,0.0007
01-06 22,Polaris FIR,0.0058,0.0014,0.0,0.0367,0.0367
01-06 22,Praha FIR,0.1307,0.0,0.0,0.3256,0.3256
01-06 22,Reims FIR,0.1225,0.0016,0.0,0.133,0.133
01-06 22,Reykjavik FIR,0.0569,0.0164,0.0,0.1839,0.1839
01-06 22,Riga FIR,0.0,0.0,0.0,0.0,0.0
01-06 22,Roma FIR,0.0326,0.0004,0.0,0.0746,0.0746
01-06 22,Santa Maria FIR,0.0193,0.0016,0.0,0.0884,0.0884
01-06 22,Sarajevo FIR,0.0848,0.0106,0.0,0.218,0.218
01-06 22,Scottish FIR,0.0,0.0,0.0,0.0195,0.0195
01-06 22,Shannon FIR,0.024,0.0067,0.0,0.1214,0.1214
01-06 22,Skopje FIR,0.0076,0.0,0.0,0.1476,0.1476
01-06 22,Sofia FIR,0.0058,0.0,0.0,0.0214,0.0214
01-06 22,Sweden FIR,0.002,0.0006,0.0,0.012,0.012
01-06 22,Switzerland FIR,0.1331,0.0007,0.0,0.2128,0.2128
01-06 22,Tallinn FIR,0.0,0.0,0.0,0.0,0.0
01-06 22,Tirana FIR,0.0009,0.0,0.0,0.0592,0.0592
01-06 22,Vilnius FIR,0.0,0.0,0.0,0.0,0.0
01-06 22,Warszawa FIR,0.0572,0.0057,0.0,0.2289,0.2289
01-06 22,Wien FIR,0.0826,0.0083,0.0,0.3244,0.3244
01-06 22,Zagreb FIR,0.0608,0.0016,0.0,0.2137,0.2137
01-06 23,Global,0.0189,0.0039,0.0216,0.0784,0.0567
01-06 23,Europe,0.0258,0.0014,0.0,0.0758,0.0758
01-06 23,European Airspace,0.0294,0.0044,0.0,0.0897,0.0897
01-06 23,Africa Middle East,0.0149,0.0036,0.0003,0.0467,0.0464
01-06 23,East Asia,0.0001,0.0,0.0032,0.0089,0.0057
01-06 23,Southeast Asia,0.0157,0.0006,0.0775,0.1626,0.0851
01-06 23,India,0.0064,0.0008,0.0022,0.0286,0.0263
01-06 23,China,0.0043,0.0001,0.0228,0.0618,0.039
01-06 23,Latin America,0.0224,0.0082,0.0024,0.0505,0.0481
01-06 23,USA,0.0227,0.0031,0.0138,0.0859,0.0721
01-06 23,North Atlantic,0.0479,0.0118,0.0,0.1238,0.1238
01-06 23,North Pacific,0.0302,0.0083,0.0319,0.1016,0.0697
01-06 23,Amsterdam FIR,0.0,0.0,0.0,0.0,0.0
01-06 23,Athinai FIR,0.0241,0.0017,0.0,0.0746,0.0746
01-06 23,Barcelona FIR,0.0,0.0,0.0,0.0117,0.0117
01-06 23,Beograd FIR,0.0231,0.0014,0.0,0.1577,0.1577
01-06 23,Bordeaux FIR,0.0,0.0,0.0,0.0,0.0
01-06 23,Bratislava  FIR,0.2207,0.0035,0.0,0.3689,0.3689
01-06 23,Bremen FIR,0.0068,0.0,0.0,0.0534,0.0534
01-06 23,Brest FIR,0.0,0.0,0.0,0.0,0.0
01-06 23,Brindisi FIR,0.0162,0.0,0.0,0.0736,0.0736
01-06 23,Brussels FIR,0.0039,0.0,0.0,0.0054,0.0054
01-06 23,Bucarest FIR,0.0051,0.0,0.0,0.0366,0.0366
01-06 23,Budapest FIR,0.1038,0.0034,0.0,0.2152,0.2152
01-06 23,Canarias FIR,0.0349,0.0005,0.0,0.0755,0.0755
01-06 23,Chisinau FIR,0.0,0.0,0.0,0.0,0.0
01-06 23,Copenhagen FIR,0.0,0.0,0.0,0.0002,0.0002
01-06 23,Helsinki FIR,0.0102,0.0025,0.0,0.0484,0.0484
01-06 23,Langen FIR,0.1075,0.0,0.0,0.1547,0.1547
01-06 23,Lisboa FIR,0.0252,0.008,0.0,0.0784,0.0784
01-06 23,Ljubljana FIR,0.1402,0.0,0.0,0.33,0.33
01-06 23,London FIR,0.0,0.0,0.0,0.0,0.0
01-06 23,Madrid FIR,0.0211,0.0,0.0,0.1182,0.1182
01-06 23,Malta FIR,0.0,0.0,0.0,0.0,0.0
01-06 23,Marseille FIR,0.0367,0.0003,0.0,0.0555,0.0555
01-06 23,Milano FIR,0.0786,0.0025,0.0,0.2467,0.2467
01-06 23,Munchen FIR,0.1127,0.0,0.0,0.2632,0.2632
01-06 23,Paris FIR,0.0004,0.0,0.0,0.0009,0.0009
01-06 23,Polaris FIR,0.0042,0.0012,0.0,0.0346,0.0346
01-06 23,Praha FIR,0.1172,0.0,0.0,0.3437,0.3437
01-06 23,Reims FIR,0.1336,0.0005,0.0,0.1573,0.1573
01-06 23,Reykjavik FIR,0.0669,0.0169,0.0,0.2001,0.2001
01-06 23,Riga FIR,0.0,0.0,0.0,0.0,0.0
01-06 23,Roma FIR,0.0306,0.0003,0.0,0.0746,0.0746
01-06 23,Santa Maria FIR,0.0218,0.0019,0.0,0.0939,0.0939
01-06 23,Sarajevo FIR,0.1094,0.0192,0.0,0.2284,0.2284
01-06 23,Scottish FIR,0.0,0.0,0.0,0.0202,0.0202
01-06 23,Shannon FIR,0.03,0.0126,0.0,0.1062,0.1062
01-06 23,Skopje FIR,0.0164,0.0,0.0,0.1375,0.1375
01-06 23,Sofia FIR,0.0075,0.0,0.0,0.0369,0.0369
01-06 23,Sweden FIR,0.0004,0.0001,0.0,0.0111,0.011
01-06 23,Switzerland FIR,0.1357,0.002,0.0,0.2189,0.2189
01-06 23,Tallinn FIR,0.0,0.0,0.0,0.0,0.0
01-06 23,Tirana FIR,0.0035,0.0,0.0,0.0548,0.0548
01-06 23,Vilnius FIR,0.0,0.0,0.0,0.0,0.0
01-06 23,Warszawa FIR,0.0597,0.0104,0.0,0.2189,0.2189
01-06 23,Wien FIR,0.0973,0.0066,0.0,0.3286,0.3286
01-06 23,Zagreb FIR,0.0698,0.0052,0.0,0.2317,0.2317
01-07 00,Global,0.0192,0.0041,0.0223,0.0788,0.0565
01-07 00,Europe,0.0247,0.001,0.0,0.0742,0.0742
01-07 00,European Airspace,0.0283,0.0043,0.0001,0.0911,0.091
01-07 00,Africa Middle East,0.0131,0.0031,0.0008,0.0458,0.045
01-07 00,East Asia,0.0001,0.0,0.0056,0.0094,0.0039
01-07 00,Southeast Asia,0.0161,0.0007,0.0911,0.1633,0.0722
01-07 00,India,0.0048,0.0005,0.0073,0.0294,0.0221
01-07 00,China,0.0022,0.0,0.0333,0.0622,0.0289
01-07 00,Latin America,0.0236,0.0079,0.0009,0.0515,0.0506
01-07 00,USA,0.0225,0.0034,0.0058,0.086,0.0802
01-07 00,North Atlantic,0.0463,0.012,0.0,0.121,0.121
01-07 00,North Pacific,0.0352,0.0088,0.023,0.1025,0.0794
01-07 00,Amsterdam FIR,0.0,0.0,0.0,0.0,0.0
01-07 00,Athinai FIR,0.0266,0.0029,0.0,0.0793,0.0793
01-07 00,Barcelona FIR,0.0,0.0,0.0,0.0141,0.0141
01-07 00,Beograd FIR,0.0226,0.0017,0.0,0.1605,0.1605
01-07 00,Bordeaux FIR,0.0,0.0,0.0,0.0,0.0
01-07 00,Bratislava  FIR,0.221,0.0,0.0,0.3449,0.3449
01-07 00,Bremen FIR,0.0064,0.0,0.0,0.0585,0.0585
01-07 00,Brest FIR,0.0,0.0,0.0,0.0,0.0
01-07 00,Brindisi FIR,0.0188,0.0,0.0,0.068,0.068
01-07 00,Brussels FIR,0.0054,0.0,0.0,0.0062,0.0062
01-07 00,Bucarest FIR,0.0039,0.0,0.0,0.0441,0.0441
01-07 00,Budapest FIR,0.1206,0.0028,0.0,0.2372,0.2372
01-07 00,Canarias FIR,0.0267,0.0003,0.0,0.0648,0.0648
01-07 00,Chisinau FIR,0.0,0.0,0.0,0.0,0.0
01-07 00,Copenhagen FIR,0.0,0.0,0.0,0.0004,0.0004
01-07 00,Helsinki FIR,0.0082,0.0018,0.0,0.041,0.041
01-07 00,Langen FIR,0.1305,0.0,0.0,0.1688,0.1688
01-07 00,Lisboa FIR,0.0197,0.0055,0.0,0.0587,0.0587
01-07 00,Ljubljana FIR,0.0978,0.0,0.0,0.3365,0.3365
01-07 00,London FIR,0.0,0.0,0.0,0.0,0.0
01-07 00,Madrid FIR,0.0158,0.0003,0.0,0.1039,0.1039
01-07 00,Malta FIR,0.0,0.0,0.0,0.0,0.0
01-07 00,Marseille FIR,0.0354,0.0001,0.0,0.0631,0.0631
01-07 00,Milano FIR,0.0701,0.0019,0.0,0.2435,0.2435
01-07 00,Munchen FIR,0.1354,0.0,0.0,0.2827,0.2827
01-07 00,Paris FIR,0.0005,0.0,0.0,0.0013,0.0013
01-07 00,Polaris FIR,0.0031,0.001,0.0,0.0332,0.0332
01-07 00,Praha FIR,0.1065,0.0,0.0,0.376,0.376
01-07 00,Reims FIR,0.1191,0.0027,0.0,0.1763,0.1763
01-07 00,Reykjavik FIR,0.0728,0.0174,0.0,0.228,0.228
01-07 00,Riga FIR,0.0,0.0,0.0,0.0,0.0
01-07 00,Roma FIR,0.0249,0.0,0.0,0.0757,0.0757
01-07 00,Santa Maria FIR,0.0226,0.002,0.0,0.0963,0.0963
01-07 00,Sarajevo FIR,0.0856,0.008,0.0,0.2221,0.2221
01-07 00,Scottish FIR,0.0,0.0,0.0,0.0181,0.0181
01-07 00,Shannon FIR,0.0358,0.0168,0.0,0.0993,0.0993
01-07 00,Skopje FIR,0.0265,0.0,0.0,0.169,0.169
01-07 00,Sofia FIR,0.0108,0.0,0.0,0.0524,0.0524
01-07 00,Sweden FIR,0.0,0.0,0.0,0.012,0.012
01-07 00,Switzerland FIR,0.1186,0.0,0.0,0.2236,0.2236
01-07 00,Tallinn FIR,0.0,0.0,0.0,0.0,0.0
01-07 00,Tirana FIR,0.013,0.0,0.0,0.0452,0.0452
01-07 00,Vilnius FIR,0.0,0.0,0.0,0.002,0.002
01-07 00,Warszawa FIR,0.0644,0.0107,0.0,0.2086,0.2086
01-07 00,Wien FIR,0.1114,0.0017,0.0,0.321,0.321
01-07 00,Zagreb FIR,0.0772,0.0055,0.0,0.2341,0.2341
01-07 01,Global,0.0196,0.0044,0.0224,0.0788,0.0564
01-07 01,Europe,0.0247,0.0007,0.0,0.0734,0.0734
01-07 01,European Airspace,0.0271,0.0041,0.0005,0.092,0.0915
01-07 01,Africa Middle East,0.0109,0.0024,0.002,0.0439,0.0419
01-07 01,East Asia,0.0,0.0,0.0072,0.0101,0.0029
01-07 01,Southeast Asia,0.0156,0.0011,0.0873,0.1609,0.0736
01-07 01,India,0.0048,0.0003,0.0126,0.0306,0.018
01-07 01,China,0.0016,0.0,0.0416,0.0616,0.02
01-07 01,Latin America,0.0231,0.0073,0.0002,0.0525,0.0523
01-07 01,USA,0.0216,0.0035,0.0014,0.0874,0.0861
01-07 01,North Atlantic,0.0444,0.011,0.0,0.1177,0.1177
01-07 01,North Pacific,0.0388,0.0085,0.0133,0.104,0.0908
01-07 01,Amsterdam FIR,0.0,0.0,0.0,0.0,0.0
01-07 01,Athinai FIR,0.0214,0.0011,0.0012,0.0704,0.0691
01-07 01,Barcelona FIR,0.0,0.0,0.0,0.0174,0.0174
01-07 01,Beograd FIR,0.0265,0.0003,0.0,0.1562,0.1562
01-07 01,Bordeaux FIR,0.0,0.0,0.0,0.0,0.0
01-07 01,Bratislava  FIR,0.2023,0.0,0.0,0.3353,0.3353
01-07 01,Bremen FIR,0.0149,0.0,0.0,0.069,0.069
01-07 01,Brest FIR,0.0,0.0,0.0,0.0,0.0
01-07 01,Brindisi FIR,0.0206,0.0,0.0,0.0638,0.0638
01-07 01,Brussels FIR,0.0054,0.0,0.0,0.0054,0.0054
01-07 01,Bucarest FIR,0.0133,0.0,0.0,0.0632,0.0632
01-07 01,Budapest FIR,0.1451,0.0134,0.0,0.2782,0.2782
01-07 01,Canarias FIR,0.0191,0.0001,0.0,0.053,0.053
01-07 01,Chisinau FIR,0.0,0.0,0.0,0.0,0.0
01-07 01,Copenhagen FIR,0.0,0.0,0.0,0.0,0.0
01-07 01,Helsinki FIR,0.0069,0.0012,0.0001,0.0287,0.0286
01-07 01,Langen FIR,0.1371,0.0,0.0,0.177,0.177
01-07 01,Lisboa FIR,0.0141,0.0014,0.0,0.0398,0.0398
01-07 01,Ljubljana FIR,0.0683,0.0,0.0,0.3251,0.3251
01-07 01,London FIR,0.0,0.0,0.0,0.0,0.0
01-07 01,Madrid FIR,0.0152,0.0016,0.0,0.1047,0.1047
01-07 01,Malta FIR,0.0,0.0,0.0,0.0,0.0
01-07 01,Marseille FIR,0.032,0.0002,0.0,0.0675,0.0675
01-07 01,Milano FIR,0.0726,0.0,0.0,0.2478,0.2478
01-07 01,Munchen FIR,0.1588,0.0,0.0,0.2931,0.2931
01-07 01,Paris FIR,0.0014,0.0,0.0,0.0034,0.0034
01-07 01,Polaris FIR,0.0033,0.0008,0.0,0.0302,0.0302
01-07 01,Praha FIR,0.1222,0.0,0.0,0.3737,0.3737
01-07 01,Reims FIR,0.1227,0.0059,0.0,0.1956,0.1956
01-07 01,Reykjavik FIR,0.0773,0.0176,0.0,0.2471,0.2471
01-07 01,Riga FIR,0.0,0.0,0.0,0.0,0.0
01-07 01,Roma FIR,0.0202,0.0,0.0,0.0728,0.0728
01-07 01,Santa Maria FIR,0.0232,0.0017,0.0,0.097,0.097
01-07 01,Sarajevo FIR,0.0514,0.0,0.0,0.2101,0.2101
01-07 01,Scottish FIR,0.0001,0.0,0.0,0.0118,0.0118
01-07 01,Shannon FIR,0.0454,0.0184,0.0,0.0891,0.0891
01-07 01,Skopje FIR,0.0214,0.0,0.0,0.1448,0.1448
01-07 01,Sofia FIR,0.0103,0.0,0.0,0.0772,0.0772
01-07 01,Sweden FIR,0.0,0.0,0.0,0.013,0.013
01-07 01,Switzerland FIR,0.1211,0.0,0.0,0.2283,0.2283
01-07 01,Tallinn FIR,0.0,0.0,0.0,0.0,0.0
01-07 01,Tirana FIR,0.0147,0.0009,0.0,0.0278,0.0278
01-07 01,Vilnius FIR,0.0,0.0,0.0,0.0003,0.0003
01-07 01,Warszawa FIR,0.0675,0.007,0.0,0.2143,0.2143
01-07 01,Wien FIR,0.1216,0.0,0.0,0.3124,0.3124
01-07 01,Zagreb FIR,0.0817,0.01,0.0008,0.2372,0.2364
01-07 02,Global,0.0199,0.0045,0.0224,0.0786,0.0562
01-07 02,Europe,0.0249,0.0003,0.0,0.0736,0.0735
01-07 02,European Airspace,0.0269,0.0039,0.0014,0.0929,0.0915
01-07 02,Africa Middle East,0.0086,0.0015,0.0043,0.0417,0.0374
01-07 02,East Asia,0.0,0.0,0.0079,0.0112,0.0032
01-07 02,Southeast Asia,0.0142,0.0016,0.0816,0.1582,0.0766
01-07 02,India,0.0049,0.0002,0.0141,0.0308,0.0167
01-07 02,China,0.0022,0.0001,0.0454,0.0604,0.015
01-07 02,Latin America,0.0218,0.0067,0.0004,0.0527,0.0523
01-07 02,USA,0.0214,0.0034,0.0,0.0859,0.0859
01-07 02,North Atlantic,0.0427,0.009,0.0,0.1152,0.1152
01-07 02,North Pacific,0.0406,0.0086,0.0054,0.1056,0.1002
01-07 02,Amsterdam FIR,0.0,0.0,0.0,0.0,0.0
01-07 02,Athinai FIR,0.0168,0.0,0.0026,0.0653,0.0627
01-07 02,Barcelona FIR,0.0,0.0,0.0,0.0143,0.0143
01-07 02,Beograd FIR,0.0353,0.0003,0.0,0.1617,0.1617
01-07 02,Bordeaux FIR,0.0,0.0,0.0,0.0,0.0
01-07 02,Bratislava  FIR,0.167,0.0,0.0,0.3648,0.3648
01-07 02,Bremen FIR,0.0319,0.0,0.0,0.0804,0.0804
01-07 02,Brest FIR,0.0,0.0,0.0,0.0,0.0
01-07 02,Brindisi FIR,0.0219,0.0,0.0,0.0632,0.0632
01-07 02,Brussels FIR,0.0116,0.0,0.0,0.0132,0.0132
01-07 02,Bucarest FIR,0.0255,0.0004,0.0,0.0895,0.0895
01-07 02,Budapest FIR,0.1375,0.0124,0.0003,0.3002,0.2999
01-07 02,Canarias FIR,0.0142,0.0001,0.0,0.0421,0.0421
01-07 02,Chisinau FIR,0.0,0.0,0.0,0.0,0.0
01-07 02,Copenhagen FIR,0.0,0.0,0.0,0.0,0.0
01-07 02,Helsinki FIR,0.0053,0.0,0.0001,0.0251,0.0249
01-07 02,Langen FIR,0.1426,0.0,0.0,0.1857,0.1857
01-07 02,Lisboa FIR,0.0113,0.0004,0.0,0.0269,0.0269
01-07 02,Ljubljana FIR,0.0325,0.0,0.0,0.3152,0.3152
01-07 02,London FIR,0.0,0.0,0.0,0.0,0.0
01-07 02,Madrid FIR,0.0156,0.0001,0.0,0.1067,0.1067
01-07 02,Malta FIR,0.0,0.0,0.0,0.0,0.0
01-07 02,Marseille FIR,0.0252,0.0,0.0,0.0719,0.0719
01-07 02,Milano FIR,0.072,0.0,0.0,0.2519,0.2519
01-07 02,Munchen FIR,0.1583,0.0,0.0003,0.3049,0.3046
01-07 02,Paris FIR,0.003,0.0002,0.0,0.0056,0.0056
01-07 02,Polaris FIR,0.0034,0.0005,0.0,0.0257,0.0257
01-07 02,Praha FIR,0.1274,0.0,0.0,0.3635,0.3635
01-07 02,Reims FIR,0.1423,0.0042,0.0,0.2034,0.2034
01-07 02,Reykjavik FIR,0.0859,0.0191,0.0,0.262,0.262
01-07 02,Riga FIR,0.0,0.0,0.0,0.0,0.0
01-07 02,Roma FIR,0.02,0.0,0.0,0.0731,0.0731
01-07 02,Santa Maria FIR,0.024,0.0015,0.0,0.0994,0.0993
01-07 02,Sarajevo FIR,0.0328,0.0,0.0,0.1864,0.1864
01-07 02,Scottish FIR,0.0004,0.0,0.0,0.0085,0.0085
01-07 02,Shannon FIR,0.0561,0.0199,0.0,0.1051,0.1051
01-07 02,Skopje FIR,0.0013,0.0,0.0,0.0829,0.0829
01-07 02,Sofia FIR,0.0078,0.0,0.0002,0.094,0.0938
01-07 02,Sweden FIR,0.0,0.0,0.0,0.012,0.012
01-07 02,Switzerland FIR,0.1109,0.0,0.0,0.231,0.231
01-07 02,Tallinn FIR,0.0,0.0,0.0,0.0,0.0
01-07 02,Tirana FIR,0.0208,0.0,0.0,0.0277,0.0277
01-07 02,Vilnius FIR,0.0,0.0,0.0,0.0075,0.0075
01-07 02,Warszawa FIR,0.0787,0.0049,0.0001,0.2322,0.2321
01-07 02,Wien FIR,0.1303,0.0,0.0,0.3264,0.3264
01-07 02,Zagreb FIR,0.0756,0.0042,0.0011,0.2327,0.2316
01-07 03,Global,0.02,0.0045,0.0221,0.0785,0.0565
01-07 03,Europe,0.0217,0.0002,0.0001,0.0717,0.0717
01-07 03,European Airspace,0.0259,0.0036,0.0035,0.0941,0.0906
01-07 03,Africa Middle East,0.0064,0.0008,0.0087,0.0399,0.0311
01-07 03,East Asia,0.0001,0.0,0.0096,0.0127,0.003
01-07 03,Southeast Asia,0.0136,0.0027,0.0837,0.1589,0.0753
01-07 03,India,0.0046,0.0002,0.0121,0.0297,0.0177
01-07 03,China,0.0036,0.0002,0.0454,0.0596,0.0142
01-07 03,Latin America,0.0198,0.0058,0.001,0.0519,0.0509
01-07 03,USA,0.0222,0.0029,0.0,0.0826,0.0826
01-07 03,North Atlantic,0.041,0.0074,0.0,0.1139,0.1139
01-07 03,North Pacific,0.0401,0.0086,0.0024,0.1092,0.1068
01-07 03,Amsterdam FIR,0.0,0.0,0.0,0.0,0.0
01-07 03,Athinai FIR,0.0117,0.0,0.0048,0.0622,0.0574
01-07 03,Barcelona FIR,0.0,0.0,0.0,0.0103,0.0103
01-07 03,Beograd FIR,0.0319,0.0,0.0003,0.1635,0.1632
01-07 03,Bordeaux FIR,0.0,0.0,0.0,0.0,0.0
01-07 03,Bratislava  FIR,0.1003,0.0,0.0,0.3854,0.3854
01-07 03,Bremen FIR,0.0326,0.0,0.0,0.0932,0.0932
01-07 03,Brest FIR,0.0,0.0,0.0,0.0,0.0
01-07 03,Brindisi FIR,0.0237,0.0,0.0,0.0656,0.0656
01-07 03,Brussels FIR,0.0147,0.0,0.0,0.0163,0.0163
01-07 03,Bucarest FIR,0.0393,0.0001,0.0007,0.1162,0.1155
01-07 03,Budapest FIR,0.1198,0.009,0.0006,0.3032,0.3026
01-07 03,Canarias FIR,0.0135,0.0003,0.0,0.0329,0.0329
01-07 03,Chisinau FIR,0.0,0.0,0.0,0.0,0.0
01-07 03,Copenhagen FIR,0.0,0.0,0.0,0.0,0.0
01-07 03,Helsinki FIR,0.0036,0.0,0.0007,0.0218,0.0211
01-07 03,Langen FIR,0.1342,0.0,0.0,0.1913,0.1913
01-07 03,Lisboa FIR,0.0073,0.0,0.0,0.0191,0.0191
01-07 03,Ljubljana FIR,0.0195,0.0,0.0033,0.325,0.3217
01-07 03,London FIR,0.0,0.0,0.0,0.0,0.0
01-07 03,Madrid FIR,0.0151,0.0,0.0,0.0987,0.0987
01-07 03,Malta FIR,0.0,0.0,0.0,0.0,0.0
01-07 03,Marseille FIR,0.013,0.0,0.0,0.0714,0.0714
01-07 03,Milano FIR,0.0608,0.0,0.0009,0.2541,0.2532
01-07 03,Munchen FIR,0.1354,0.0,0.0014,0.3222,0.3209
01-07 03,Paris FIR,0.0036,0.0,0.0,0.0067,0.0067
01-07 03,Polaris FIR,0.0037,0.0005,0.0,0.0219,0.0219
01-07 03,Praha FIR,0.1101,0.0,0.0,0.351,0.351
01-07 03,Reims FIR,0.1107,0.0011,0.0,0.2081,0.2081
01-07 03,Reykjavik FIR,0.0904,0.0211,0.0001,0.2831,0.283
01-07 03,Riga FIR,0.0,0.0,0.0,0.0,0.0
01-07 03,Roma FIR,0.0173,0.0,0.0,0.0656,0.0656
01-07 03,Santa Maria FIR,0.0239,0.0011,0.0002,0.1045,0.1043
01-07 03,Sarajevo FIR,0.0331,0.0006,0.0,0.131,0.131
01-07 03,Scottish FIR,0.0008,0.0,0.0,0.0091,0.0091
01-07 03,Shannon FIR,0.0642,0.0187,0.0,0.1207,0.1207
01-07 03,Skopje FIR,0.0,0.0,0.0,0.0163,0.0163
01-07 03,Sofia FIR,0.0111,0.0,0.0002,0.1164,0.1162
01-07 03,Sweden FIR,0.0,0.0,0.0,0.0135,0.0135
01-07 03,Switzerland FIR,0.0906,0.0,0.0,0.2296,0.2296
01-07 03,Tallinn FIR,0.0,0.0,0.0,0.0,0.0
01-07 03,Tirana FIR,0.0112,0.0,0.0,0.019,0.019
01-07 03,Vilnius FIR,0.0,0.0,0.0,0.0311,0.0311
01-07 03,Warszawa FIR,0.0816,0.0009,0.0,0.2466,0.2466
01-07 03,Wien FIR,0.1241,0.0,0.0,0.3524,0.3524
01-07 03,Zagreb FIR,0.0664,0.0008,0.0016,0.2172,0.2156
01-07 04,Global,0.0203,0.0046,0.0216,0.0784,0.0568
01-07 04,Europe,0.0159,0.0003,0.0003,0.0712,0.0709
01-07 04,European Airspace,0.0233,0.0032,0.0061,0.0955,0.0894
01-07 04,Africa Middle East,0.0053,0.0006,0.0135,0.0391,0.0257
01-07 04,East Asia,0.0003,0.0,0.0118,0.0147,0.0029
01-07 04,Southeast Asia,0.0157,0.0045,0.0899,0.1581,0.0682
01-07 04,India,0.0038,0.0001,0.012,0.0295,0.0175
01-07 04,China,0.0057,0.0004,0.043,0.0597,0.0167
01-07 04,Latin America,0.0173,0.0048,0.0021,0.0514,0.0492
01-07 04,USA,0.0225,0.0026,0.0,0.0781,0.0781
01-07 04,North Atlantic,0.0394,0.0063,0.0,0.1152,0.1151
01-07 04,North Pacific,0.0376,0.008,0.0016,0.1121,0.1105
01-07 04,Amsterdam FIR,0.0,0.0,0.0,0.0,0.0
01-07 04,Athinai FIR,0.0014,0.0,0.0101,0.0626,0.0526
01-07 04,Barcelona FIR,0.0,0.0,0.0,0.0161,0.0161
01-07 04,Beograd FIR,0.0315,0.0,0.0009,0.1589,0.158
01-07 04,Bordeaux FIR,0.0,0.0,0.0,0.0,0.0
01-07 04,Bratislava  FIR,0.0711,0.0,0.0012,0.3878,0.3866
01-07 04,Bremen FIR,0.0244,0.0,0.0,0.1045,0.1045
01-07 04,Brest FIR,0.0,0.0,0.0,0.0,0.0
01-07 04,Brindisi FIR,0.0219,0.0,0.0002,0.0667,0.0665
01-07 04,Brussels FIR,0.0171,0.0,0.0,0.0201,0.0201
01-07 04,Bucarest FIR,0.0489,0.0,0.0031,0.1356,0.1325
01-07 04,Budapest FIR,0.1005,0.0152,0.0018,0.315,0.3131
01-07 04,Canarias FIR,0.0126,0.0001,0.0,0.0286,0.0286
01-07 04,Chisinau FIR,0.0271,0.0,0.0,0.0329,0.0329
01-07 04,Copenhagen FIR,0.0,0.0,0.0,0.0,0.0
01-07 04,Helsinki FIR,0.0022,0.0,0.0006,0.0199,0.0193
01-07 04,Langen FIR,0.1011,0.0,0.0,0.2017,0.2017
01-07 04,Lisboa FIR,0.0035,0.0,0.0,0.0154,0.0154
01-07 04,Ljubljana FIR,0.0082,0.0,0.0049,0.3169,0.312
01-07 04,London FIR,0.0,0.0,0.0,0.0,0.0
01-07 04,Madrid FIR,0.0119,0.0,0.0,0.0902,0.0902
01-07 04,Malta FIR,0.0,0.0,0.0,0.0,0.0
01-07 04,Marseille FIR,0.0039,0.0,0.0003,0.0683,0.068
01-07 04,Milano FIR,0.0432,0.0,0.0018,0.2583,0.2565
01-07 04,Munchen FIR,0.0907,0.0,0.0019,0.3284,0.3265
01-07 04,Paris FIR,0.0047,0.0,0.0,0.0079,0.0079
01-07 04,Polaris FIR,0.0032,0.0005,0.0,0.0184,0.0184
01-07 04,Praha FIR,0.0594,0.0,0.0074,0.3507,0.3433
01-07 04,Reims FIR,0.0731,0.0,0.0037,0.1956,0.1919
01-07 04,Reykjavik FIR,0.0926,0.0221,0.0001,0.304,0.3039
01-07 04,Riga FIR,0.0,0.0,0.0,0.0,0.0
01-07 04,Roma FIR,0.0096,0.0,0.0001,0.0631,0.063
01-07 04,Santa Maria FIR,0.0223,0.0012,0.0007,0.1098,0.1091
01-07 04,Sarajevo FIR,0.041,0.0006,0.0,0.12,0.12
01-07 04,Scottish FIR,0.0011,0.0,0.0,0.0098,0.0098
01-07 04,Shannon FIR,0.0716,0.0148,0.0,0.1323,0.1323
01-07 04,Skopje FIR,0.0,0.0,0.0,0.0012,0.0012
01-07 04,Sofia FIR,0.0139,0.0,0.0,0.1286,0.1286
01-07 04,Sweden FIR,0.0001,0.0,0.0,0.0153,0.0153
01-07 04,Switzerland FIR,0.0664,0.0,0.0007,0.2276,0.2269
01-07 04,Tallinn FIR,0.0,0.0,0.0,0.0,0.0
01-07 04,Tirana FIR,0.0,0.0,0.0017,0.0095,0.0078
01-07 04,Vilnius FIR,0.0,0.0,0.0,0.0552,0.0552
01-07 04,Warszawa FIR,0.083,0.0,0.0008,0.2555,0.2547
01-07 04,Wien FIR,0.0815,0.0,0.0007,0.3716,0.3709
01-07 04,Zagreb FIR,0.0508,0.0024,0.0011,0.2015,0.2004
01-07 05,Global,0.0207,0.0047,0.0209,0.0782,0.0573
01-07 05,Europe,0.0089,0.0004,0.0013,0.07,0.0686
01-07 05,European Airspace,0.0207,0.003,0.0107,0.0972,0.0865
01-07 05,Africa Middle East,0.0051,0.0007,0.0171,0.0385,0.0215
01-07 05,East Asia,0.001,0.0,0.0121,0.0167,0.0046
01-07 05,Southeast Asia,0.0213,0.0076,0.0907,0.153,0.0623
01-07 05,India,0.0031,0.0,0.0135,0.029,0.0156
01-07 05,China,0.0091,0.0008,0.0376,0.0594,0.0218
01-07 05,Latin America,0.0145,0.0036,0.004,0.0507,0.0467
01-07 05,USA,0.0224,0.0025,0.0,0.0751,0.0751
01-07 05,North Atlantic,0.0388,0.0057,0.0001,0.1167,0.1165
01-07 05,North Pacific,0.0345,0.0075,0.0009,0.1131,0.1123
01-07 05,Amsterdam FIR,0.0,0.0,0.0,0.0,0.0
01-07 05,Athinai FIR,0.0,0.0,0.0339,0.0736,0.0397
01-07 05,Barcelona FIR,0.0,0.0,0.0,0.0179,0.0179
01-07 05,Beograd FIR,0.0177,0.0,0.007,0.1475,0.1406
01-07 05,Bordeaux FIR,0.0,0.0,0.0,0.0,0.0
01-07 05,Bratislava  FIR,0.0335,0.0,0.0114,0.3795,0.3681
01-07 05,Bremen FIR,0.0123,0.0,0.0008,0.1092,0.1084
01-07 05,Brest FIR,0.0,0.0,0.0,0.0,0.0
01-07 05,Brindisi FIR,0.0112,0.0,0.001,0.0753,0.0742
01-07 05,Brussels FIR,0.007,0.0,0.0,0.0201,0.0201
01-07 05,Bucarest FIR,0.0413,0.0,0.0107,0.141,0.1303
01-07 05,Budapest FIR,0.0774,0.0273,0.0107,0.3026,0.2918
01-07 05,Canarias FIR,0.0112,0.0,0.0,0.0245,0.0245
01-07 05,Chisinau FIR,0.1148,0.0,0.0,0.1694,0.1694
01-07 05,Copenhagen FIR,0.0,0.0,0.0,0.0,0.0
01-07 05,Helsinki FIR,0.0014,0.0,0.0018,0.0184,0.0167
01-07 05,Langen FIR,0.0408,0.0,0.0019,0.2056,0.2037
01-07 05,Lisboa FIR,0.0011,0.0,0.0,0.0084,0.0084
01-07 05,Ljubljana FIR,0.0099,0.0,0.0049,0.3235,0.3186
01-07 05,London FIR,0.0,0.0,0.0,0.0,0.0
01-07 05,Madrid FIR,0.0058,0.0,0.0,0.0723,0.0723
01-07 05,Malta FIR,0.0,0.0,0.0,0.0,0.0
01-07 05,Marseille FIR,0.001,0.0,0.0008,0.0666,0.0658
01-07 05,Milano FIR,0.017,0.0,0.0051,0.2616,0.2564
01-07 05,Munchen FIR,0.0499,0.0,0.0073,0.3085,0.3012
01-07 05,Paris FIR,0.0016,0.0,0.0004,0.009,0.0086
01-07 05,Polaris FIR,0.0023,0.0003,0.0,0.0163,0.0163
01-07 05,Praha FIR,0.0337,0.0,0.0284,0.3508,0.3224
01-07 05,Reims FIR,0.038,0.0,0.0069,0.1763,0.1694
01-07 05,Reykjavik FIR,0.1009,0.0227,0.0001,0.315,0.3149
01-07 05,Riga FIR,0.0,0.0,0.0,0.0,0.0
01-07 05,Roma FIR,0.0054,0.0001,0.0001,0.0657,0.0656
01-07 05,Santa Maria FIR,0.0189,0.0012,0.0022,0.1145,0.1123
01-07 05,Sarajevo FIR,0.0344,0.0006,0.0006,0.153,0.1524
01-07 05,Scottish FIR,0.0021,0.0,0.0,0.0139,0.0139
01-07 05,Shannon FIR,0.0792,0.0093,0.0,0.1458,0.1458
01-07 05,Skopje FIR,0.0,0.0,0.0,0.0013,0.0013
01-07 05,Sofia FIR,0.0058,0.0,0.0044,0.1351,0.1307
01-07 05,Sweden FIR,0.0003,0.0,0.0,0.0164,0.0164
01-07 05,Switzerland FIR,0.0475,0.0,0.0,0.2256,0.2256
01-07 05,Tallinn FIR,0.0,0.0,0.0,0.0,0.0
01-07 05,Tirana FIR,0.0,0.0,0.0009,0.0071,0.0062
01-07 05,Vilnius FIR,0.0,0.0,0.0,0.0527,0.0527
01-07 05,Warszawa FIR,0.0661,0.0,0.0063,0.2621,0.2558
01-07 05,Wien FIR,0.0434,0.0,0.0021,0.3734,0.3713
01-07 05,Zagreb FIR,0.0424,0.0026,0.0043,0.1932,0.1889
01-07 06,Global,0.0214,0.0049,0.019,0.0779,0.0589
01-07 06,Europe,0.0042,0.0007,0.0063,0.0665,0.0603
01-07 06,European Airspace,0.0189,0.0029,0.0157,0.0986,0.0828
01-07 06,Africa Middle East,0.0055,0.0009,0.0179,0.0379,0.02
01-07 06,East Asia,0.0032,0.0002,0.0104,0.0185,0.0081
01-07 06,Southeast Asia,0.0299,0.0122,0.0815,0.1462,0.0647
01-07 06,India,0.0022,0.0,0.0147,0.0274,0.0127
01-07 06,China,0.0144,0.0016,0.0306,0.059,0.0283
01-07 06,Latin America,0.0115,0.0022,0.0076,0.0506,0.0429
01-07 06,USA,0.0212,0.0021,0.0,0.074,0.074
01-07 06,North Atlantic,0.0379,0.0054,0.0005,0.1169,0.1164
01-07 06,North Pacific,0.0323,0.0074,0.0002,0.1123,0.1121
01-07 06,Amsterdam FIR,0.0,0.0,0.0,0.0,0.0
01-07 06,Athinai FIR,0.0,0.0,0.0631,0.0739,0.0108
01-07 06,Barcelona FIR,0.0,0.0,0.0,0.0124,0.0124
01-07 06,Beograd FIR,0.0094,0.0,0.0154,0.1337,0.1183
01-07 06,Bordeaux FIR,0.0,0.0,0.0,0.0,0.0
01-07 06,Bratislava  FIR,0.0144,0.0036,0.0513,0.3771,0.3258
01-07 06,Bremen FIR,0.0,0.0,0.0138,0.1061,0.0923
01-07 06,Brest FIR,0.0,0.0,0.0,0.0,0.0
01-07 06,Brindisi FIR,0.0061,0.0,0.0096,0.0869,0.0774
01-07 06,Brussels FIR,0.0,0.0,0.017,0.0255,0.0085
01-07 06,Bucarest FIR,0.0327,0.0,0.028,0.1563,0.1282
01-07 06,Budapest FIR,0.0762,0.0425,0.0262,0.2964,0.2702
01-07 06,Canarias FIR,0.0096,0.0,0.0,0.0221,0.0221
01-07 06,Chisinau FIR,0.052,0.0,0.0,0.2579,0.2579
01-07 06,Copenhagen FIR,0.0,0.0,0.0,0.0,0.0
01-07 06,Helsinki FIR,0.001,0.0,0.0019,0.0154,0.0135
01-07 06,Langen FIR,0.0036,0.0,0.038,0.1938,0.1557
01-07 06,Lisboa FIR,0.0,0.0,0.0001,0.0023,0.0022
01-07 06,Ljubljana FIR,0.0213,0.0,0.0065,0.3185,0.312
01-07 06,London FIR,0.0,0.0,0.0,0.0,0.0
01-07 06,Madrid FIR,0.0016,0.0,0.0022,0.0529,0.0508
01-07 06,Malta FIR,0.0,0.0,0.0,0.0,0.0
01-07 06,Marseille FIR,0.001,0.0,0.002,0.0619,0.06
01-07 06,Milano FIR,0.0068,0.0,0.0134,0.2623,0.2489
01-07 06,Munchen FIR,0.0079,0.0,0.049,0.2729,0.2239
01-07 06,Paris FIR,0.0,0.0,0.0043,0.0113,0.007
01-07 06,Polaris FIR,0.002,0.0003,0.0008,0.0132,0.0124
01-07 06,Praha FIR,0.0164,0.0,0.053,0.3566,0.3036
01-07 06,Reims FIR,0.0116,0.0,0.0324,0.1628,0.1304
01-07 06,Reykjavik FIR,0.1057,0.0253,0.0003,0.3297,0.3295
01-07 06,Riga FIR,0.0,0.0,0.0,0.0,0.0
01-07 06,Roma FIR,0.0036,0.0005,0.001,0.0633,0.0624
01-07 06,Santa Maria FIR,0.0168,0.0008,0.0053,0.1166,0.1113
01-07 06,Sarajevo FIR,0.0205,0.0,0.01,0.1908,0.1808
01-07 06,Scottish FIR,0.0026,0.0,0.0,0.0117,0.0117
01-07 06,Shannon FIR,0.0731,0.0001,0.0012,0.1464,0.1452
01-07 06,Skopje FIR,0.0,0.0,0.0,0.0,0.0
01-07 06,Sofia FIR,0.003,0.0,0.0315,0.1273,0.0958
01-07 06,Sweden FIR,0.0003,0.0,0.0,0.0152,0.0152
01-07 06,Switzerland FIR,0.0217,0.0,0.0068,0.2257,0.2189
01-07 06,Tallinn FIR,0.0,0.0,0.0,0.0,0.0
01-07 06,Tirana FIR,0.0,0.0,0.0,0.0098,0.0098
01-07 06,Vilnius FIR,0.0,0.0,0.0029,0.046,0.043
01-07 06,Warszawa FIR,0.0539,0.0,0.0324,0.2728,0.2404
01-07 06,Wien FIR,0.0071,0.0,0.0093,0.3735,0.3643
01-07 06,Zagreb FIR,0.0421,0.0037,0.0118,0.1955,0.1836
01-07 07,Global,0.0221,0.0052,0.0176,0.0776,0.06
01-07 07,Europe,0.0033,0.0009,0.0188,0.0623,0.0435
01-07 07,European Airspace,0.0174,0.003,0.022,0.0999,0.0779
01-07 07,Africa Middle East,0.0058,0.001,0.0181,0.0374,0.0193
01-07 07,East Asia,0.0063,0.0011,0.0081,0.02,0.0119
01-07 07,Southeast Asia,0.0397,0.0172,0.0654,0.1399,0.0745
01-07 07,India,0.0017,0.0002,0.0148,0.0257,0.0108
01-07 07,China,0.0195,0.0028,0.0235,0.0579,0.0344
01-07 07,Latin America,0.0089,0.0011,0.0122,0.051,0.0388
01-07 07,USA,0.0185,0.0014,0.0001,0.073,0.073
01-07 07,North Atlantic,0.0341,0.0048,0.0018,0.1154,0.1136
01-07 07,North Pacific,0.0314,0.0075,0.0,0.1104,0.1104
01-07 07,Amsterdam FIR,0.0,0.0,0.0,0.0,0.0
01-07 07,Athinai FIR,0.0002,0.0,0.0569,0.0657,0.0088
01-07 07,Barcelona FIR,0.0,0.0,0.0008,0.0068,0.0061
01-07 07,Beograd FIR,0.0071,0.0,0.0414,0.1191,0.0777
01-07 07,Bordeaux FIR,0.0,0.0,0.0,0.0,0.0
01-07 07,Bratislava  FIR,0.0115,0.0036,0.1098,0.3382,0.2284
01-07 07,Bremen FIR,0.0,0.0,0.0714,0.0993,0.0279
01-07 07,Brest FIR,0.0,0.0,0.0,0.0,0.0
01-07 07,Brindisi FIR,0.0012,0.0,0.0315,0.0876,0.0561
01-07 07,Brussels FIR,0.0,0.0,0.0224,0.0255,0.0031
01-07 07,Bucarest FIR,0.0265,0.0,0.0575,0.1627,0.1052
01-07 07,Budapest FIR,0.0856,0.0481,0.0623,0.2999,0.2376
01-07 07,Canarias FIR,0.0012,0.0,0.0021,0.0226,0.0205
01-07 07,Chisinau FIR,0.0478,0.0,0.0049,0.2695,0.2646
01-07 07,Copenhagen FIR,0.0,0.0,0.0,0.0,0.0
01-07 07,Helsinki FIR,0.0009,0.0,0.0021,0.0134,0.0113
01-07 07,Langen FIR,0.0,0.0,0.0796,0.186,0.1064
01-07 07,Lisboa FIR,0.0,0.0,0.0002,0.0014,0.0013
01-07 07,Ljubljana FIR,0.0524,0.0115,0.0163,0.3038,0.2875
01-07 07,London FIR,0.0,0.0,0.0,0.0,0.0
01-07 07,Madrid FIR,0.0,0.0,0.0196,0.0377,0.0181
01-07 07,Malta FIR,0.0,0.0,0.0,0.0,0.0
01-07 07,Marseille FIR,0.0016,0.0005,0.0098,0.0572,0.0474
01-07 07,Milano FIR,0.0084,0.0002,0.0403,0.2535,0.2132
01-07 07,Munchen FIR,0.0,0.0,0.0893,0.2555,0.1662
01-07 07,Paris FIR,0.0,0.0,0.0077,0.014,0.0064
01-07 07,Polaris FIR,0.0021,0.0008,0.0016,0.0104,0.0088
01-07 07,Praha FIR,0.001,0.0,0.1088,0.3532,0.2444
01-07 07,Reims FIR,0.0,0.0,0.0687,0.1581,0.0895
01-07 07,Reykjavik FIR,0.1121,0.031,0.0012,0.3431,0.3419
01-07 07,Riga FIR,0.0,0.0,0.0,0.0,0.0
01-07 07,Roma FIR,0.0035,0.0004,0.0041,0.0568,0.0528
01-07 07,Santa Maria FIR,0.0104,0.0005,0.0127,0.1161,0.1033
01-07 07,Sarajevo FIR,0.0236,0.0006,0.0414,0.2057,0.1643
01-07 07,Scottish FIR,0.0,0.0,0.0,0.008,0.008
01-07 07,Shannon FIR,0.0401,0.0,0.0077,0.1438,0.1361
01-07 07,Skopje FIR,0.0,0.0,0.0,0.0,0.0
01-07 07,Sofia FIR,0.0009,0.0,0.0698,0.1159,0.0461
01-07 07,Sweden FIR,0.0,0.0,0.0007,0.0126,0.0119
01-07 07,Switzerland FIR,0.0007,0.0,0.0244,0.219,0.1946
01-07 07,Tallinn FIR,0.0,0.0,0.0,0.0,0.0
01-07 07,Tirana FIR,0.0,0.0,0.0018,0.0125,0.0107
01-07 07,Vilnius FIR,0.0,0.0,0.0288,0.0412,0.0124
01-07 07,Warszawa FIR,0.0415,0.0,0.1092,0.2713,0.1622
01-07 07,Wien FIR,0.0041,0.001,0.027,0.3496,0.3226
01-07 07,Zagreb FIR,0.0474,0.0068,0.0333,0.2184,0.1851
01-07 08,Global,0.0228,0.0054,0.0164,0.0776,0.0612
01-07 08,Europe,0.0039,0.001,0.0283,0.0576,0.0293
01-07 08,European Airspace,0.0172,0.0031,0.0289,0.1017,0.0728
01-07 08,Africa Middle East,0.0061,0.0009,0.0176,0.037,0.0194
01-07 08,East Asia,0.0092,0.0024,0.0047,0.021,0.0163
01-07 08,Southeast Asia,0.0488,0.0216,0.0475,0.134,0.0865
01-07 08,India,0.0017,0.0004,0.015,0.024,0.009
01-07 08,China,0.023,0.0037,0.0157,0.057,0.0413
01-07 08,Latin America,0.0056,0.0004,0.0164,0.0517,0.0352
01-07 08,USA,0.0167,0.0009,0.0003,0.0728,0.0725
01-07 08,North Atlantic,0.0311,0.0042,0.0059,0.1147,0.1088
01-07 08,North Pacific,0.0319,0.0072,0.0,0.1119,0.1119
01-07 08,Amsterdam FIR,0.0,0.0,0.0,0.0,0.0
01-07 08,Athinai FIR,0.0026,0.0,0.0488,0.0595,0.0106
01-07 08,Barcelona FIR,0.0,0.0,0.0015,0.0015,0.0
01-07 08,Beograd FIR,0.0093,0.0,0.0636,0.1077,0.0441
01-07 08,Bordeaux FIR,0.0,0.0,0.0,0.0,0.0
01-07 08,Bratislava  FIR,0.0121,0.0049,0.1313,0.2761,0.1448
01-07 08,Bremen FIR,0.0024,0.0,0.0863,0.0912,0.0048
01-07 08,Brest FIR,0.0,0.0,0.0,0.0,0.0
01-07 08,Brindisi FIR,0.0051,0.0,0.0361,0.0851,0.049
01-07 08,Brussels FIR,0.0,0.0,0.0224,0.0224,0.0
01-07 08,Bucarest FIR,0.0203,0.0001,0.0593,0.165,0.1057
01-07 08,Budapest FIR,0.0897,0.0483,0.0831,0.282,0.1989
01-07 08,Canarias FIR,0.0,0.0,0.0135,0.0254,0.0119
01-07 08,Chisinau FIR,0.0628,0.0,0.0024,0.2507,0.2482
01-07 08,Copenhagen FIR,0.0,0.0,0.0,0.0,0.0
01-07 08,Helsinki FIR,0.0012,0.0,0.0021,0.012,0.0099
01-07 08,Langen FIR,0.0014,0.0,0.1484,0.1713,0.023
01-07 08,Lisboa FIR,0.0,0.0,0.0108,0.0162,0.0054
01-07 08,Ljubljana FIR,0.0753,0.0147,0.0228,0.2909,0.2681
01-07 08,London FIR,0.0,0.0,0.0,0.0,0.0
01-07 08,Madrid FIR,0.0,0.0,0.0247,0.0257,0.001
01-07 08,Malta FIR,0.0,0.0,0.0,0.0,0.0
01-07 08,Marseille FIR,0.0018,0.0,0.0218,0.0537,0.0319
01-07 08,Milano FIR,0.0134,0.0,0.0946,0.235,0.1404
01-07 08,Munchen FIR,0.0005,0.0,0.1584,0.2478,0.0894
01-07 08,Paris FIR,0.0,0.0,0.0127,0.0169,0.0042
01-07 08,Polaris FIR,0.0016,0.0003,0.0013,0.0086,0.0073
01-07 08,Praha FIR,0.0003,0.0,0.1011,0.3014,0.2003
01-07 08,Reims FIR,0.0,0.0,0.1073,0.1681,0.0608
01-07 08,Reykjavik FIR,0.1174,0.0368,0.0032,0.3575,0.3543
01-07 08,Riga FIR,0.0,0.0,0.0,0.0,0.0
01-07 08,Roma FIR,0.004,0.0004,0.0099,0.052,0.0421
01-07 08,Santa Maria FIR,0.0062,0.0001,0.0332,0.114,0.0807
01-07 08,Sarajevo FIR,0.0255,0.0,0.0667,0.1946,0.128
01-07 08,Scottish FIR,0.0,0.0,0.0002,0.0038,0.0036
01-07 08,Shannon FIR,0.0085,0.0,0.0277,0.1489,0.1212
01-07 08,Skopje FIR,0.0,0.0,0.0,0.0,0.0
01-07 08,Sofia FIR,0.0042,0.0,0.0645,0.1067,0.0422
01-07 08,Sweden FIR,0.0,0.0,0.0018,0.0118,0.01
01-07 08,Switzerland FIR,0.0007,0.0,0.0581,0.2196,0.1615
01-07 08,Tallinn FIR,0.0,0.0,0.0,0.0,0.0
01-07 08,Tirana FIR,0.0,0.0,0.0134,0.0197,0.0062
01-07 08,Vilnius FIR,0.0,0.0,0.0333,0.0486,0.0153
01-07 08,Warszawa FIR,0.0363,0.0004,0.1343,0.2672,0.1328
01-07 08,Wien FIR,0.0104,0.0035,0.0792,0.3129,0.2337
01-07 08,Zagreb FIR,0.0484,0.0083,0.0593,0.235,0.1757
01-07 09,Global,0.0233,0.0055,0.0154,0.0778,0.0624
01-07 09,Europe,0.0046,0.001,0.0296,0.0536,0.024
01-07 09,European Airspace,0.0174,0.0034,0.0361,0.1045,0.0684
01-07 09,Africa Middle East,0.006,0.0007,0.017,0.0368,0.0198
01-07 09,East Asia,0.0107,0.0032,0.0011,0.0219,0.0208
01-07 09,Southeast Asia,0.055,0.025,0.0303,0.1301,0.0998
01-07 09,India,0.002,0.0005,0.0149,0.0219,0.007
01-07 09,China,0.0247,0.0042,0.0087,0.0572,0.0485
01-07 09,Latin America,0.0037,0.0002,0.0233,0.0516,0.0283
01-07 09,USA,0.0149,0.0005,0.001,0.0731,0.0721
01-07 09,North Atlantic,0.0285,0.0041,0.0146,0.1145,0.0999
01-07 09,North Pacific,0.0322,0.0068,0.0,0.1147,0.1147
01-07 09,Amsterdam FIR,0.0,0.0,0.0,0.0,0.0
01-07 09,Athinai FIR,0.0005,0.0,0.0438,0.0517,0.0079
01-07 09,Barcelona FIR,0.0,0.0,0.0008,0.0008,0.0
01-07 09,Beograd FIR,0.0124,0.0009,0.0407,0.0791,0.0384
01-07 09,Bordeaux FIR,0.0,0.0,0.0007,0.0007,0.0
01-07 09,Bratislava  FIR,0.0097,0.0036,0.1481,0.2373,0.0892
01-07 09,Bremen FIR,0.0071,0.0006,0.0697,0.0813,0.0116
01-07 09,Brest FIR,0.0,0.0,0.0,0.0,0.0
01-07 09,Brindisi FIR,0.0072,0.0,0.0308,0.0815,0.0507
01-07 09,Brussels FIR,0.0,0.0,0.0209,0.0209,0.0
01-07 09,Bucarest FIR,0.0219,0.0008,0.0563,0.1669,0.1106
01-07 09,Budapest FIR,0.0941,0.0409,0.0698,0.2534,0.1836
01-07 09,Canarias FIR,0.0001,0.0,0.0233,0.0302,0.0069
01-07 09,Chisinau FIR,0.0685,0.0,0.0008,0.2484,0.2476
01-07 09,Copenhagen FIR,0.0,0.0,0.0,0.0,0.0
01-07 09,Helsinki FIR,0.0008,0.0,0.002,0.009,0.007
01-07 09,Langen FIR,0.0007,0.0,0.152,0.1597,0.0077
01-07 09,Lisboa FIR,0.0,0.0,0.0212,0.0234,0.0022
01-07 09,Ljubljana FIR,0.1177,0.0244,0.0947,0.3431,0.2484
01-07 09,London FIR,0.0,0.0,0.0,0.0,0.0
01-07 09,Madrid FIR,0.0,0.0,0.0143,0.0143,0.0
01-07 09,Malta FIR,0.0,0.0,0.0,0.0,0.0
01-07 09,Marseille FIR,0.0016,0.0,0.021,0.0522,0.0312
01-07 09,Milano FIR,0.0218,0.0002,0.1169,0.2187,0.1018
01-07 09,Munchen FIR,0.0023,0.0,0.1375,0.2178,0.0803
01-07 09,Paris FIR,0.0,0.0,0.016,0.0204,0.0044
01-07 09,Polaris FIR,0.0011,0.0001,0.0016,0.0161,0.0146
01-07 09,Praha FIR,0.0007,0.0,0.1069,0.2755,0.1686
01-07 09,Reims FIR,0.0011,0.0,0.1452,0.1894,0.0442
01-07 09,Reykjavik FIR,0.1219,0.0409,0.0051,0.3725,0.3674
01-07 09,Riga FIR,0.0,0.0,0.0,0.0,0.0
01-07 09,Roma FIR,0.0058,0.0001,0.0172,0.0535,0.0363
01-07 09,Santa Maria FIR,0.0031,0.0,0.0658,0.1115,0.0457
01-07 09,Sarajevo FIR,0.0199,0.0025,0.0734,0.1747,0.1013
01-07 09,Scottish FIR,0.0,0.0,0.0001,0.0001,0.0
01-07 09,Shannon FIR,0.0009,0.0,0.106,0.1597,0.0537
01-07 09,Skopje FIR,0.0,0.0,0.0064,0.0102,0.0038
01-07 09,Sofia FIR,0.0054,0.0007,0.0565,0.0889,0.0324
01-07 09,Sweden FIR,0.0,0.0,0.0056,0.0097,0.0041
01-07 09,Switzerland FIR,0.0027,0.0,0.0695,0.2236,0.1541
01-07 09,Tallinn FIR,0.0,0.0,0.0,0.0,0.0
01-07 09,Tirana FIR,0.0,0.0,0.0169,0.0258,0.009
01-07 09,Vilnius FIR,0.0,0.0,0.0633,0.0662,0.0029
01-07 09,Warszawa FIR,0.0378,0.0008,0.1247,0.2719,0.1471
01-07 09,Wien FIR,0.0162,0.01,0.1204,0.2685,0.1481
01-07 09,Zagreb FIR,0.0425,0.0102,0.0849,0.2439,0.159
01-07 10,Global,0.0242,0.0056,0.0142,0.0773,0.0631
01-07 10,Europe,0.006,0.0011,0.0207,0.047,0.0263
01-07 10,European Airspace,0.0182,0.0035,0.0355,0.1037,0.0682
01-07 10,Africa Middle East,0.006,0.0007,0.0159,0.0384,0.0225
01-07 10,East Asia,0.0115,0.0031,0.0,0.0226,0.0226
01-07 10,Southeast Asia,0.0607,0.0284,0.0118,0.1284,0.1167
01-07 10,India,0.0027,0.0009,0.0088,0.0166,0.0078
01-07 10,China,0.0247,0.0037,0.0039,0.0572,0.0533
01-07 10,Latin America,0.004,0.0002,0.0267,0.0456,0.0189
01-07 10,USA,0.0116,0.0003,0.0031,0.0775,0.0744
01-07 10,North Atlantic,0.0256,0.0038,0.0195,0.1075,0.088
01-07 10,North Pacific,0.0318,0.0066,0.0,0.1125,0.1125
01-07 10,Amsterdam FIR,0.0,0.0,0.0,0.0,0.0
01-07 10,Athinai FIR,0.0011,0.0,0.0359,0.042,0.0062
01-07 10,Barcelona FIR,0.0,0.0,0.0006,0.0006,0.0
01-07 10,Beograd FIR,0.0136,0.0006,0.0077,0.052,0.0443
01-07 10,Bordeaux FIR,0.0,0.0,0.0011,0.0011,0.0
01-07 10,Bratislava  FIR,0.0097,0.003,0.11,0.1727,0.0628
01-07 10,Bremen FIR,0.0102,0.0014,0.0496,0.0671,0.0175
01-07 10,Brest FIR,0.0,0.0,0.0,0.0,0.0
01-07 10,Brindisi FIR,0.0095,0.0,0.0126,0.0708,0.0583
01-07 10,Brussels FIR,0.0,0.0,0.0247,0.0247,0.0
01-07 10,Bucarest FIR,0.0239,0.0005,0.04,0.1523,0.1124
01-07 10,Budapest FIR,0.1159,0.0343,0.0321,0.2479,0.2158
01-07 10,Canarias FIR,0.0009,0.0,0.0293,0.0384,0.0091
01-07 10,Chisinau FIR,0.0798,0.0,0.0017,0.2592,0.2575
01-07 10,Copenhagen FIR,0.0,0.0,0.0,0.0,0.0
01-07 10,Helsinki FIR,0.0002,0.0,0.0038,0.0067,0.0029
01-07 10,Langen FIR,0.002,0.0,0.1315,0.1626,0.0311
01-07 10,Lisboa FIR,0.0,0.0,0.0297,0.0311,0.0015
01-07 10,Ljubljana FIR,0.1224,0.0488,0.0801,0.3005,0.2204
01-07 10,London FIR,0.0,0.0,0.0,0.0,0.0
01-07 10,Madrid FIR,0.0,0.0,0.0044,0.0044,0.0
01-07 10,Malta FIR,0.0,0.0,0.0,0.0,0.0
01-07 10,Marseille FIR,0.0043,0.0,0.016,0.0527,0.0367
01-07 10,Milano FIR,0.0328,0.0006,0.0696,0.1896,0.1201
01-07 10,Munchen FIR,0.0125,0.0,0.1379,0.2514,0.1135
01-07 10,Paris FIR,0.0,0.0,0.0102,0.0179,0.0077
01-07 10,Polaris FIR,0.0029,0.0004,0.0014,0.0294,0.028
01-07 10,Praha FIR,0.0003,0.0,0.1263,0.2748,0.1485
01-07 10,Reims FIR,0.0031,0.0,0.0973,0.1773,0.08
01-07 10,Reykjavik FIR,0.1194,0.0403,0.0104,0.362,0.3517
01-07 10,Riga FIR,0.0,0.0,0.0,0.0,0.0
01-07 10,Roma FIR,0.006,0.0002,0.0117,0.0469,0.0352
01-07 10,Santa Maria FIR,0.0022,0.0,0.0752,0.1029,0.0277
01-07 10,Sarajevo FIR,0.0162,0.0006,0.0208,0.1038,0.083
01-07 10,Scottish FIR,0.0,0.0,0.0,0.0,0.0
01-07 10,Shannon FIR,0.0022,0.0,0.113,0.1201,0.0071
01-07 10,Skopje FIR,0.0,0.0,0.0734,0.0797,0.0064
01-07 10,Sofia FIR,0.0039,0.0,0.038,0.0651,0.0272
01-07 10,Sweden FIR,0.0,0.0,0.0059,0.006,0.0002
01-07 10,Switzerland FIR,0.0061,0.0,0.0493,0.2304,0.1811
01-07 10,Tallinn FIR,0.0,0.0,0.0,0.0,0.0
01-07 10,Tirana FIR,0.0,0.0,0.0328,0.0498,0.017
01-07 10,Vilnius FIR,0.0,0.0,0.0754,0.0786,0.0032
01-07 10,Warszawa FIR,0.0459,0.001,0.0891,0.2676,0.1784
01-07 10,Wien FIR,0.0415,0.018,0.0893,0.2353,0.146
01-07 10,Zagreb FIR,0.0349,0.0097,0.0513,0.1966,0.1453
01-07 11,Global,0.0242,0.0054,0.0139,0.0783,0.0644
01-07 11,Europe,0.0092,0.0013,0.0175,0.05,0.0325
01-07 11,European Airspace,0.0217,0.004,0.0342,0.1086,0.0744
01-07 11,Africa Middle East,0.0058,0.001,0.0167,0.0405,0.0238
01-07 11,East Asia,0.0118,0.0025,0.0,0.0232,0.0232
01-07 11,Southeast Asia,0.0637,0.03,0.0037,0.1301,0.1264
01-07 11,India,0.0036,0.0015,0.0056,0.0145,0.0088
01-07 11,China,0.0236,0.0032,0.0011,0.0573,0.0562
01-07 11,Latin America,0.0043,0.0003,0.026,0.0438,0.0179
01-07 11,USA,0.0078,0.0002,0.0105,0.0786,0.0682
01-07 11,North Atlantic,0.0251,0.0039,0.0234,0.1087,0.0853
01-07 11,North Pacific,0.0312,0.0059,0.0001,0.1133,0.1132
01-07 11,Amsterdam FIR,0.0,0.0,0.0,0.0,0.0
01-07 11,Athinai FIR,0.0014,0.0,0.031,0.0365,0.0055
01-07 11,Barcelona FIR,0.0,0.0,0.0001,0.0001,0.0
01-07 11,Beograd FIR,0.0187,0.0014,0.0115,0.0581,0.0466
01-07 11,Bordeaux FIR,0.0,0.0,0.0005,0.0007,0.0002
01-07 11,Bratislava  FIR,0.0115,0.0024,0.0795,0.1416,0.0621
01-07 11,Bremen FIR,0.0099,0.0012,0.0455,0.0614,0.016
01-07 11,Brest FIR,0.0,0.0,0.0,0.0,0.0
01-07 11,Brindisi FIR,0.0135,0.0,0.0079,0.0783,0.0704
01-07 11,Brussels FIR,0.0,0.0,0.0293,0.0293,0.0
01-07 11,Bucarest FIR,0.0354,0.0005,0.0312,0.1483,0.1171
01-07 11,Budapest FIR,0.1114,0.0284,0.018,0.2376,0.2195
01-07 11,Canarias FIR,0.0022,0.0004,0.033,0.0426,0.0096
01-07 11,Chisinau FIR,0.0821,0.0,0.0068,0.2526,0.2458
01-07 11,Copenhagen FIR,0.0,0.0,0.0,0.0,0.0
01-07 11,Helsinki FIR,0.0,0.0,0.004,0.0067,0.0027
01-07 11,Langen FIR,0.0191,0.0005,0.1093,0.1866,0.0773
01-07 11,Lisboa FIR,0.0,0.0,0.0379,0.0406,0.0027
01-07 11,Ljubljana FIR,0.1519,0.0667,0.0571,0.2645,0.2074
01-07 11,London FIR,0.0,0.0,0.0,0.0,0.0
01-07 11,Madrid FIR,0.0,0.0,0.0025,0.0025,0.0
01-07 11,Malta FIR,0.0,0.0,0.0,0.0,0.0
01-07 11,Marseille FIR,0.0091,0.0001,0.0148,0.0584,0.0437
01-07 11,Milano FIR,0.0501,0.0013,0.052,0.2027,0.1507
01-07 11,Munchen FIR,0.0504,0.0005,0.1022,0.2912,0.1889
01-07 11,Paris FIR,0.0002,0.0,0.0067,0.0193,0.0126
01-07 11,Polaris FIR,0.0043,0.0,0.0069,0.0472,0.0403
01-07 11,Praha FIR,0.0153,0.0,0.1194,0.2989,0.1796
01-07 11,Reims FIR,0.0158,0.0,0.0393,0.1779,0.1385
01-07 11,Reykjavik FIR,0.1178,0.0423,0.02,0.3635,0.3435
01-07 11,Riga FIR,0.0,0.0,0.0,0.0,0.0
01-07 11,Roma FIR,0.0087,0.0002,0.0121,0.0473,0.0352
01-07 11,Santa Maria FIR,0.0027,0.0,0.0732,0.0996,0.0265
01-07 11,Sarajevo FIR,0.0294,0.0019,0.0101,0.1062,0.0961
01-07 11,Scottish FIR,0.0,0.0,0.0003,0.0003,0.0
01-07 11,Shannon FIR,0.0062,0.0007,0.0895,0.0996,0.0101
01-07 11,Skopje FIR,0.0,0.0,0.0806,0.106,0.0254
01-07 11,Sofia FIR,0.0085,0.0,0.0405,0.0766,0.0361
01-07 11,Sweden FIR,0.0001,0.0,0.0036,0.0057,0.002
01-07 11,Switzerland FIR,0.0238,0.0,0.0278,0.2331,0.2053
01-07 11,Tallinn FIR,0.0,0.0,0.0,0.0,0.0
01-07 11,Tirana FIR,0.0063,0.0,0.0301,0.0623,0.0322
01-07 11,Vilnius FIR,0.0,0.0,0.0458,0.0901,0.0443
01-07 11,Warszawa FIR,0.0648,0.0025,0.0609,0.2657,0.2048
01-07 11,Wien FIR,0.0608,0.0283,0.0711,0.2211,0.15
01-07 11,Zagreb FIR,0.0459,0.0107,0.0348,0.1944,0.1596
01-07 12,Global,0.0239,0.0052,0.0139,0.0792,0.0653
01-07 12,Europe,0.015,0.0016,0.0137,0.0521,0.0385
01-07 12,European Airspace,0.027,0.0052,0.0312,0.1122,0.081
01-07 12,Africa Middle East,0.0071,0.0018,0.0172,0.0425,0.0253
01-07 12,East Asia,0.0118,0.0017,0.0,0.0237,0.0237
01-07 12,Southeast Asia,0.067,0.0301,0.0002,0.1325,0.1323
01-07 12,India,0.0045,0.0022,0.0017,0.0135,0.0119
01-07 12,China,0.0222,0.0026,0.0,0.0576,0.0576
01-07 12,Latin America,0.0046,0.0004,0.0238,0.0427,0.0189
01-07 12,USA,0.0043,0.0,0.0238,0.0794,0.0556
01-07 12,North Atlantic,0.0272,0.0053,0.0303,0.1087,0.0784
01-07 12,North Pacific,0.0297,0.0047,0.0003,0.1126,0.1123
01-07 12,Amsterdam FIR,0.0,0.0,0.0,0.0,0.0
01-07 12,Athinai FIR,0.002,0.0003,0.0174,0.0295,0.0121
01-07 12,Barcelona FIR,0.0,0.0,0.0003,0.0003,0.0
01-07 12,Beograd FIR,0.0313,0.0025,0.015,0.0798,0.0648
01-07 12,Bordeaux FIR,0.0,0.0,0.0014,0.0014,0.0
01-07 12,Bratislava  FIR,0.0163,0.0018,0.0568,0.1261,0.0694
01-07 12,Bremen FIR,0.0082,0.0004,0.0371,0.0544,0.0173
01-07 12,Brest FIR,0.0,0.0,0.0,0.0,0.0
01-07 12,Brindisi FIR,0.0218,0.0,0.0073,0.0855,0.0781
01-07 12,Brussels FIR,0.0,0.0,0.0316,0.0316,0.0
01-07 12,Bucarest FIR,0.0472,0.0008,0.0142,0.1416,0.1275
01-07 12,Budapest FIR,0.1134,0.0256,0.015,0.2339,0.2189
01-07 12,Canarias FIR,0.0051,0.0016,0.0309,0.0432,0.0123
01-07 12,Chisinau FIR,0.0738,0.0,0.0076,0.2358,0.2282
01-07 12,Copenhagen FIR,0.0,0.0,0.0,0.0,0.0
01-07 12,Helsinki FIR,0.0001,0.0,0.0025,0.0074,0.0049
01-07 12,Langen FIR,0.0516,0.0014,0.071,0.2035,0.1325
01-07 12,Lisboa FIR,0.0,0.0,0.045,0.0548,0.0098
01-07 12,Ljubljana FIR,0.1879,0.0831,0.0342,0.2482,0.2139
01-07 12,London FIR,0.0,0.0,0.0,0.0,0.0
01-07 12,Madrid FIR,0.0,0.0,0.0009,0.0009,0.0
01-07 12,Malta FIR,0.0,0.0,0.0,0.0,0.0
01-07 12,Marseille FIR,0.0269,0.0011,0.0131,0.072,0.059
01-07 12,Milano FIR,0.0659,0.0024,0.0392,0.2188,0.1796
01-07 12,Munchen FIR,0.1049,0.0021,0.0662,0.3105,0.2444
01-07 12,Paris FIR,0.0109,0.0,0.0055,0.0285,0.023
01-07 12,Polaris FIR,0.0038,0.0,0.0073,0.0454,0.0381
01-07 12,Praha FIR,0.0336,0.0,0.1012,0.2818,0.1806
01-07 12,Reims FIR,0.0667,0.0,0.0089,0.1914,0.1825
01-07 12,Reykjavik FIR,0.1211,0.0455,0.0236,0.3631,0.3395
01-07 12,Riga FIR,0.0,0.0,0.0,0.0,0.0
01-07 12,Roma FIR,0.0124,0.0007,0.0077,0.0471,0.0394
01-07 12,Santa Maria FIR,0.004,0.0001,0.0708,0.0974,0.0266
01-07 12,Sarajevo FIR,0.0481,0.005,0.01,0.1098,0.0997
01-07 12,Scottish FIR,0.0,0.0,0.0004,0.0004,0.0
01-07 12,Shannon FIR,0.0122,0.0026,0.0635,0.0851,0.0216
01-07 12,Skopje FIR,0.0,0.0,0.0591,0.0983,0.0392
01-07 12,Sofia FIR,0.0182,0.0,0.044,0.0919,0.0479
01-07 12,Sweden FIR,0.001,0.0,0.0027,0.017,0.0142
01-07 12,Switzerland FIR,0.0394,0.0,0.0149,0.252,0.2371
01-07 12,Tallinn FIR,0.0,0.0,0.0,0.0,0.0
01-07 12,Tirana FIR,0.0169,0.0,0.0177,0.0703,0.0526
01-07 12,Vilnius FIR,0.0078,0.0,0.0086,0.1029,0.0942
01-07 12,Warszawa FIR,0.0934,0.01,0.0457,0.2664,0.2207
01-07 12,Wien FIR,0.0815,0.039,0.0469,0.2135,0.1665
01-07 12,Zagreb FIR,0.0558,0.0087,0.0239,0.1911,0.1672
01-07 13,Global,0.0229,0.005,0.015,0.08,0.0651
01-07 13,Europe,0.0212,0.0019,0.0098,0.0526,0.0428
01-07 13,European Airspace,0.0319,0.0068,0.0261,0.1147,0.0885
01-07 13,Africa Middle East,0.0098,0.0029,0.0178,0.0439,0.0261
01-07 13,East Asia,0.0111,0.0012,0.0,0.0234,0.0234
01-07 13,Southeast Asia,0.0696,0.0293,0.0,0.1351,0.1351
01-07 13,India,0.0059,0.003,0.0,0.014,0.014
01-07 13,China,0.0209,0.0021,0.0,0.0566,0.0566
01-07 13,Latin America,0.0045,0.0005,0.0219,0.0414,0.0195
01-07 13,USA,0.002,0.0,0.0421,0.0827,0.0405
01-07 13,North Atlantic,0.0307,0.0073,0.0325,0.1082,0.0757
01-07 13,North Pacific,0.0281,0.0031,0.0009,0.1138,0.1129
01-07 13,Amsterdam FIR,0.0,0.0,0.0,0.0,0.0
01-07 13,Athinai FIR,0.0018,0.0,0.0069,0.0187,0.0117
01-07 13,Barcelona FIR,0.0,0.0,0.0,0.0,0.0
01-07 13,Beograd FIR,0.0389,0.0028,0.0109,0.0848,0.0738
01-07 13,Bordeaux FIR,0.0004,0.0,0.0012,0.0025,0.0012
01-07 13,Bratislava  FIR,0.0205,0.0018,0.0478,0.1238,0.0761
01-07 13,Bremen FIR,0.0137,0.0,0.0288,0.0481,0.0193
01-07 13,Brest FIR,0.0,0.0,0.0,0.0,0.0
01-07 13,Brindisi FIR,0.0333,0.0,0.0046,0.0908,0.0862
01-07 13,Brussels FIR,0.0016,0.0,0.0176,0.0401,0.0225
01-07 13,Bucarest FIR,0.0485,0.0023,0.0101,0.1298,0.1197
01-07 13,Budapest FIR,0.1139,0.0223,0.0083,0.221,0.2126
01-07 13,Canarias FIR,0.0075,0.0027,0.0293,0.0433,0.0139
01-07 13,Chisinau FIR,0.073,0.0,0.0134,0.2015,0.1881
01-07 13,Copenhagen FIR,0.0,0.0,0.0,0.0,0.0
01-07 13,Helsinki FIR,0.0001,0.0,0.0,0.0101,0.0101
01-07 13,Langen FIR,0.0966,0.0017,0.0422,0.2117,0.1695
01-07 13,Lisboa FIR,0.0,0.0,0.05,0.0616,0.0116
01-07 13,Ljubljana FIR,0.2254,0.0929,0.0228,0.2709,0.2481
01-07 13,London FIR,0.0,0.0,0.0,0.0,0.0
01-07 13,Madrid FIR,0.0,0.0,0.0036,0.0039,0.0003
01-07 13,Malta FIR,0.0,0.0,0.0,0.0,0.0
01-07 13,Marseille FIR,0.0481,0.0031,0.0121,0.0837,0.0716
01-07 13,Milano FIR,0.0739,0.0035,0.0182,0.2252,0.2071
01-07 13,Munchen FIR,0.1586,0.0027,0.041,0.3281,0.2871
01-07 13,Paris FIR,0.0223,0.0,0.0045,0.0349,0.0304
01-07 13,Polaris FIR,0.005,0.0,0.0008,0.0518,0.051
01-07 13,Praha FIR,0.0392,0.0,0.0757,0.246,0.1703
01-07 13,Reims FIR,0.1492,0.0,0.0079,0.2044,0.1964
01-07 13,Reykjavik FIR,0.128,0.0512,0.0188,0.367,0.3482
01-07 13,Riga FIR,0.0,0.0,0.001,0.001,0.0
01-07 13,Roma FIR,0.017,0.0005,0.0063,0.0488,0.0424
01-07 13,Santa Maria FIR,0.0053,0.0002,0.0662,0.0949,0.0287
01-07 13,Sarajevo FIR,0.0631,0.0031,0.0062,0.1115,0.1052
01-07 13,Scottish FIR,0.0,0.0,0.0004,0.0004,0.0
01-07 13,Shannon FIR,0.0198,0.0059,0.0369,0.0787,0.0419
01-07 13,Skopje FIR,0.0253,0.0,0.0138,0.1061,0.0922
01-07 13,Sofia FIR,0.0172,0.0007,0.038,0.0912,0.0532
01-07 13,Sweden FIR,0.0005,0.0,0.0004,0.0245,0.0242
01-07 13,Switzerland FIR,0.0787,0.0,0.017,0.2737,0.2568
01-07 13,Tallinn FIR,0.0,0.0,0.0,0.0,0.0
01-07 13,Tirana FIR,0.0098,0.0,0.0142,0.0595,0.0453
01-07 13,Vilnius FIR,0.0212,0.0,0.0085,0.1413,0.1328
01-07 13,Warszawa FIR,0.1032,0.0167,0.0343,0.2625,0.2282
01-07 13,Wien FIR,0.095,0.048,0.0285,0.2125,0.184
01-07 13,Zagreb FIR,0.0778,0.0121,0.0139,0.1957,0.1819
01-07 14,Global,0.0221,0.0048,0.0168,0.081,0.0642
01-07 14,Europe,0.0245,0.0024,0.0079,0.0546,0.0467
01-07 14,European Airspace,0.036,0.0084,0.0198,0.1172,0.0974
01-07 14,Africa Middle East,0.0127,0.0043,0.0158,0.0451,0.0293
01-07 14,East Asia,0.0101,0.001,0.0,0.0233,0.0233
01-07 14,Southeast Asia,0.0711,0.0276,0.0,0.139,0.139
01-07 14,India,0.0073,0.0037,0.0,0.0144,0.0144
01-07 14,China,0.0195,0.0019,0.0,0.0559,0.0559
01-07 14,Latin America,0.0042,0.0005,0.0213,0.0414,0.02
01-07 14,USA,0.0013,0.0001,0.0602,0.0884,0.0282
01-07 14,North Atlantic,0.0351,0.0098,0.0295,0.1069,0.0774
01-07 14,North Pacific,0.0265,0.0024,0.0036,0.116,0.1124
01-07 14,Amsterdam FIR,0.0,0.0,0.0,0.0,0.0
01-07 14,Athinai FIR,0.0008,0.0,0.0007,0.018,0.0173
01-07 14,Barcelona FIR,0.0,0.0,0.0,0.0,0.0
01-07 14,Beograd FIR,0.0363,0.0031,0.0057,0.0844,0.0787
01-07 14,Bordeaux FIR,0.0021,0.0,0.0012,0.0044,0.0032
01-07 14,Bratislava  FIR,0.0211,0.003,0.0305,0.1108,0.0803
01-07 14,Bremen FIR,0.0239,0.0002,0.0211,0.0526,0.0315
01-07 14,Brest FIR,0.0,0.0,0.0,0.0,0.0
01-07 14,Brindisi FIR,0.042,0.0,0.0027,0.093,0.0903
01-07 14,Brussels FIR,0.0232,0.0,0.0069,0.0532,0.0463
01-07 14,Bucarest FIR,0.0487,0.0039,0.0064,0.1233,0.117
01-07 14,Budapest FIR,0.1181,0.0155,0.0068,0.2297,0.223
01-07 14,Canarias FIR,0.0097,0.0039,0.0266,0.0432,0.0166
01-07 14,Chisinau FIR,0.0584,0.0,0.0,0.1886,0.1886
01-07 14,Copenhagen FIR,0.0,0.0,0.0,0.0,0.0
01-07 14,Helsinki FIR,0.0012,0.0,0.0,0.0135,0.0135
01-07 14,Langen FIR,0.1163,0.0031,0.027,0.2181,0.1911
01-07 14,Lisboa FIR,0.0002,0.0,0.0442,0.0536,0.0094
01-07 14,Ljubljana FIR,0.2695,0.1078,0.0065,0.3218,0.3153
01-07 14,London FIR,0.0,0.0,0.0,0.0,0.0
01-07 14,Madrid FIR,0.0001,0.0,0.0076,0.0084,0.0009
01-07 14,Malta FIR,0.0,0.0,0.0,0.0,0.0
01-07 14,Marseille FIR,0.0602,0.0069,0.0146,0.094,0.0794
01-07 14,Milano FIR,0.0813,0.0079,0.0078,0.2521,0.2442
01-07 14,Munchen FIR,0.1864,0.0066,0.0262,0.3437,0.3175
01-07 14,Paris FIR,0.0218,0.0,0.0067,0.0352,0.0285
01-07 14,Polaris FIR,0.0083,0.0,0.0,0.0697,0.0697
01-07 14,Praha FIR,0.0298,0.0,0.0655,0.2284,0.1629
01-07 14,Reims FIR,0.1913,0.0,0.0084,0.2106,0.2022
01-07 14,Reykjavik FIR,0.1355,0.057,0.0103,0.3744,0.3641
01-07 14,Riga FIR,0.0,0.0,0.0,0.0021,0.0021
01-07 14,Roma FIR,0.0199,0.0005,0.0039,0.0487,0.0449
01-07 14,Santa Maria FIR,0.0085,0.0008,0.0571,0.0937,0.0366
01-07 14,Sarajevo FIR,0.073,0.0012,0.0056,0.114,0.1085
01-07 14,Scottish FIR,0.0,0.0,0.0003,0.0003,0.0
01-07 14,Shannon FIR,0.0315,0.0061,0.0161,0.0669,0.0508
01-07 14,Skopje FIR,0.0493,0.0,0.0012,0.1276,0.1264
01-07 14,Sofia FIR,0.0204,0.0002,0.022,0.0966,0.0745
01-07 14,Sweden FIR,0.0004,0.0,0.0,0.0362,0.0362
01-07 14,Switzerland FIR,0.0902,0.0007,0.023,0.2818,0.2588
01-07 14,Tallinn FIR,0.0,0.0,0.0,0.0,0.0
01-07 14,Tirana FIR,0.0009,0.0,0.0035,0.0327,0.0292
01-07 14,Vilnius FIR,0.0177,0.0,0.0013,0.156,0.1547
01-07 14,Warszawa FIR,0.1013,0.0206,0.0183,0.2564,0.2382
01-07 14,Wien FIR,0.1077,0.0587,0.0219,0.2267,0.2048
01-07 14,Zagreb FIR,0.1034,0.0126,0.005,0.2019,0.197
01-07 15,Global,0.0214,0.0046,0.0189,0.0819,0.063
01-07 15,Europe,0.025,0.0027,0.0043,0.0559,0.0516
01-07 15,European Airspace,0.0394,0.0089,0.0134,0.1194,0.106
01-07 15,Africa Middle East,0.0155,0.0055,0.0114,0.046,0.0346
01-07 15,East Asia,0.0089,0.0008,0.0,0.0236,0.0236
01-07 15,Southeast Asia,0.0705,0.0254,0.0,0.1436,0.1435
01-07 15,India,0.0079,0.0041,0.0,0.0157,0.0157
01-07 15,China,0.0179,0.0021,0.0,0.0553,0.0553
01-07 15,Latin America,0.004,0.0008,0.0229,0.0422,0.0193
01-07 15,USA,0.0014,0.0001,0.073,0.0921,0.0191
01-07 15,North Atlantic,0.0394,0.0106,0.0234,0.1058,0.0825
01-07 15,North Pacific,0.0236,0.0019,0.0102,0.1175,0.1072
01-07 15,Amsterdam FIR,0.0,0.0,0.0,0.0,0.0
01-07 15,Athinai FIR,0.0004,0.0,0.0,0.022,0.022
01-07 15,Barcelona FIR,0.0,0.0,0.0,0.0,0.0
01-07 15,Beograd FIR,0.0277,0.0011,0.0,0.0809,0.0809
01-07 15,Bordeaux FIR,0.0041,0.0,0.0011,0.0059,0.0048
01-07 15,Bratislava  FIR,0.0205,0.0,0.0006,0.1026,0.102
01-07 15,Bremen FIR,0.0279,0.0008,0.0048,0.0505,0.0456
01-07 15,Brest FIR,0.0,0.0,0.0,0.0,0.0
01-07 15,Brindisi FIR,0.0377,0.0002,0.0013,0.0997,0.0985
01-07 15,Brussels FIR,0.0294,0.0,0.0015,0.0593,0.0578
01-07 15,Bucarest FIR,0.0521,0.005,0.0,0.1139,0.1139
01-07 15,Budapest FIR,0.1207,0.0112,0.0006,0.2463,0.2456
01-07 15,Canarias FIR,0.0147,0.0047,0.0229,0.0459,0.0231
01-07 15,Chisinau FIR,0.0418,0.0,0.0,0.2176,0.2176
01-07 15,Copenhagen FIR,0.0,0.0,0.0,0.0,0.0
01-07 15,Helsinki FIR,0.0035,0.0,0.0,0.0194,0.0194
01-07 15,Langen FIR,0.1143,0.0014,0.0126,0.2262,0.2136
01-07 15,Lisboa FIR,0.0018,0.0002,0.0322,0.0438,0.0116
01-07 15,Ljubljana FIR,0.2827,0.0946,0.0065,0.3611,0.3546
01-07 15,London FIR,0.0,0.0,0.0,0.0,0.0
01-07 15,Madrid FIR,0.0017,0.0,0.0094,0.0137,0.0042
01-07 15,Malta FIR,0.0,0.0,0.0,0.0,0.0
01-07 15,Marseille FIR,0.0701,0.0107,0.0133,0.1035,0.0903
01-07 15,Milano FIR,0.0812,0.0124,0.0051,0.2729,0.2678
01-07 15,Munchen FIR,0.1763,0.0066,0.0046,0.3434,0.3388
01-07 15,Paris FIR,0.018,0.0,0.0102,0.0343,0.0241
01-07 15,Polaris FIR,0.0123,0.0008,0.0,0.0884,0.0884
01-07 15,Praha FIR,0.0176,0.0,0.0113,0.1962,0.1849
01-07 15,Reims FIR,0.1951,0.0032,0.0032,0.2112,0.2081
01-07 15,Reykjavik FIR,0.1432,0.0594,0.005,0.3705,0.3655
01-07 15,Riga FIR,0.0,0.0,0.0,0.0021,0.0021
01-07 15,Roma FIR,0.021,0.0007,0.0023,0.049,0.0467
01-07 15,Santa Maria FIR,0.0149,0.0015,0.0424,0.0934,0.051
01-07 15,Sarajevo FIR,0.0806,0.0063,0.0049,0.1245,0.1196
01-07 15,Scottish FIR,0.0,0.0,0.001,0.001,0.0
01-07 15,Shannon FIR,0.0364,0.0046,0.0089,0.0604,0.0516
01-07 15,Skopje FIR,0.0429,0.0,0.0,0.1276,0.1276
01-07 15,Sofia FIR,0.0291,0.0,0.0,0.0969,0.0969
01-07 15,Sweden FIR,0.0019,0.0,0.0,0.0561,0.0561
01-07 15,Switzerland FIR,0.076,0.0007,0.0122,0.2771,0.2649
01-07 15,Tallinn FIR,0.0,0.0,0.0,0.0,0.0
01-07 15,Tirana FIR,0.0018,0.0,0.0,0.0309,0.0309
01-07 15,Vilnius FIR,0.0059,0.0,0.0,0.1289,0.1289
01-07 15,Warszawa FIR,0.0993,0.0206,0.0,0.2617,0.2617
01-07 15,Wien FIR,0.1235,0.0646,0.0058,0.2438,0.238
01-07 15,Zagreb FIR,0.1103,0.012,0.0042,0.2117,0.2075
01-07 16,Global,0.0209,0.0045,0.0205,0.0825,0.062
01-07 16,Europe,0.0234,0.003,0.0018,0.0562,0.0544
01-07 16,European Airspace,0.0417,0.0093,0.0088,0.1209,0.1121
01-07 16,Africa Middle East,0.0179,0.0066,0.0076,0.0471,0.0395
01-07 16,East Asia,0.0079,0.0004,0.0,0.0237,0.0237
01-07 16,Southeast Asia,0.0686,0.0225,0.0001,0.1476,0.1474
01-07 16,India,0.0087,0.0042,0.0,0.0168,0.0168
01-07 16,China,0.0163,0.0018,0.0,0.0536,0.0536
01-07 16,Latin America,0.0043,0.0014,0.0245,0.0431,0.0187
01-07 16,USA,0.0027,0.0001,0.0765,0.0941,0.0176
01-07 16,North Atlantic,0.0416,0.0105,0.0169,0.1063,0.0894
01-07 16,North Pacific,0.02,0.0021,0.0213,0.1182,0.0969
01-07 16,Amsterdam FIR,0.0,0.0,0.0,0.0,0.0
01-07 16,Athinai FIR,0.0001,0.0,0.0,0.0193,0.0193
01-07 16,Barcelona FIR,0.0,0.0,0.0,0.0,0.0
01-07 16,Beograd FIR,0.0236,0.0006,0.0,0.0865,0.0865
01-07 16,Bordeaux FIR,0.0039,0.0007,0.0005,0.0066,0.006
01-07 16,Bratislava  FIR,0.0091,0.0,0.0,0.0769,0.0769
01-07 16,Bremen FIR,0.0275,0.0024,0.0,0.0425,0.0425
01-07 16,Brest FIR,0.0,0.0,0.0,0.0,0.0
01-07 16,Brindisi FIR,0.0265,0.0002,0.0,0.1005,0.1005
01-07 16,Brussels FIR,0.0186,0.0,0.0,0.0639,0.0639
01-07 16,Bucarest FIR,0.0519,0.0039,0.0,0.1118,0.1118
01-07 16,Budapest FIR,0.0963,0.0059,0.0,0.2453,0.2453
01-07 16,Canarias FIR,0.0216,0.0069,0.0187,0.0522,0.0335
01-07 16,Chisinau FIR,0.0418,0.0,0.0,0.2247,0.2247
01-07 16,Copenhagen FIR,0.0,0.0,0.0,0.0,0.0
01-07 16,Helsinki FIR,0.0094,0.0006,0.0,0.0301,0.0301
01-07 16,Langen FIR,0.0899,0.0,0.0,0.2292,0.2292
01-07 16,Lisboa FIR,0.0049,0.001,0.032,0.0486,0.0166
01-07 16,Ljubljana FIR,0.2924,0.0832,0.0,0.3807,0.3807
01-07 16,London FIR,0.0,0.0,0.0,0.0,0.0
01-07 16,Madrid FIR,0.0044,0.0,0.0091,0.0177,0.0086
01-07 16,Malta FIR,0.0,0.0,0.0,0.0,0.0
01-07 16,Marseille FIR,0.079,0.0157,0.0017,0.1065,0.1048
01-07 16,Milano FIR,0.0765,0.0113,0.0,0.2814,0.2814
01-07 16,Munchen FIR,0.1316,0.015,0.0,0.356,0.356
01-07 16,Paris FIR,0.0159,0.0002,0.0009,0.0275,0.0266
01-07 16,Polaris FIR,0.0191,0.0011,0.0,0.0989,0.0989
01-07 16,Praha FIR,0.0216,0.0011,0.0,0.1566,0.1566
01-07 16,Reims FIR,0.1921,0.0101,0.0,0.2155,0.2155
01-07 16,Reykjavik FIR,0.1539,0.0632,0.0008,0.3686,0.3678
01-07 16,Riga FIR,0.0,0.0,0.0,0.0,0.0
01-07 16,Roma FIR,0.0192,0.0006,0.0,0.048,0.048
01-07 16,Santa Maria FIR,0.0231,0.0021,0.0305,0.0957,0.0652
01-07 16,Sarajevo FIR,0.0859,0.0063,0.0,0.1229,0.1229
01-07 16,Scottish FIR,0.0,0.0,0.0,0.0006,0.0006
01-07 16,Shannon FIR,0.0286,0.0011,0.0063,0.0589,0.0526
01-07 16,Skopje FIR,0.0479,0.0013,0.0,0.1236,0.1236
01-07 16,Sofia FIR,0.0427,0.0,0.0,0.0967,0.0967
01-07 16,Sweden FIR,0.0048,0.0,0.0,0.0772,0.0772
01-07 16,Switzerland FIR,0.0596,0.0034,0.0,0.2608,0.2608
01-07 16,Tallinn FIR,0.0,0.0,0.0,0.0,0.0
01-07 16,Tirana FIR,0.0009,0.0,0.0,0.0387,0.0387
01-07 16,Vilnius FIR,0.0106,0.0,0.0,0.1157,0.1157
01-07 16,Warszawa FIR,0.1051,0.0227,0.0,0.266,0.266
01-07 16,Wien FIR,0.1316,0.0587,0.0,0.259,0.259
01-07 16,Zagreb FIR,0.1003,0.0144,0.0,0.2244,0.2244
01-07 17,Global,0.0206,0.0045,0.0215,0.083,0.0615
01-07 17,Europe,0.0212,0.0029,0.0007,0.0553,0.0545
01-07 17,European Airspace,0.0424,0.0095,0.0048,0.1222,0.1175
01-07 17,Africa Middle East,0.0197,0.0074,0.0046,0.0488,0.0442
01-07 17,East Asia,0.0072,0.0001,0.0001,0.0238,0.0237
01-07 17,Southeast Asia,0.0661,0.0187,0.0005,0.1486,0.1481
01-07 17,India,0.0095,0.0043,0.0,0.0188,0.0188
01-07 17,China,0.0147,0.0014,0.0001,0.0516,0.0515
01-07 17,Latin America,0.006,0.0023,0.0246,0.044,0.0194
01-07 17,USA,0.005,0.0002,0.0789,0.0991,0.0202
01-07 17,North Atlantic,0.0409,0.0097,0.0098,0.106,0.0963
01-07 17,North Pacific,0.016,0.0022,0.0328,0.1169,0.0842
01-07 17,Amsterdam FIR,0.0,0.0,0.0,0.0,0.0
01-07 17,Athinai FIR,0.0002,0.0,0.0,0.0146,0.0146
01-07 17,Barcelona FIR,0.0,0.0,0.0,0.0,0.0
01-07 17,Beograd FIR,0.0238,0.0029,0.0,0.0882,0.0882
01-07 17,Bordeaux FIR,0.003,0.0,0.0,0.0062,0.0062
01-07 17,Bratislava  FIR,0.0024,0.0,0.0,0.0529,0.0529
01-07 17,Bremen FIR,0.0241,0.0033,0.0,0.0403,0.0403
01-07 17,Brest FIR,0.0,0.0,0.0,0.0,0.0
01-07 17,Brindisi FIR,0.0156,0.0,0.0,0.0938,0.0938
01-07 17,Brussels FIR,0.0147,0.0,0.0,0.0616,0.0616
01-07 17,Bucarest FIR,0.0543,0.0029,0.0,0.1179,0.1179
01-07 17,Budapest FIR,0.0795,0.0068,0.0,0.2405,0.2405
01-07 17,Canarias FIR,0.0305,0.0107,0.0102,0.0575,0.0472
01-07 17,Chisinau FIR,0.0445,0.0008,0.0,0.2163,0.2163
01-07 17,Copenhagen FIR,0.0,0.0,0.0,0.0,0.0
01-07 17,Helsinki FIR,0.0218,0.0026,0.0,0.0493,0.0493
01-07 17,Langen FIR,0.0678,0.0,0.0,0.2191,0.2191
01-07 17,Lisboa FIR,0.0088,0.001,0.0264,0.068,0.0416
01-07 17,Ljubljana FIR,0.2973,0.0538,0.0,0.3741,0.3741
01-07 17,London FIR,0.0,0.0,0.0,0.0,0.0
01-07 17,Madrid FIR,0.0052,0.0,0.0057,0.0208,0.0152
01-07 17,Malta FIR,0.0,0.0,0.0,0.0,0.0
01-07 17,Marseille FIR,0.0795,0.0201,0.0,0.1112,0.1112
01-07 17,Milano FIR,0.0719,0.01,0.0,0.2819,0.2819
01-07 17,Munchen FIR,0.0827,0.0186,0.0,0.3464,0.3464
01-07 17,Paris FIR,0.0125,0.0,0.0,0.0211,0.0211
01-07 17,Polaris FIR,0.0182,0.0012,0.0,0.0921,0.0921
01-07 17,Praha FIR,0.0322,0.0046,0.0,0.1409,0.1409
01-07 17,Reims FIR,0.1847,0.0091,0.0,0.2119,0.2119
01-07 17,Reykjavik FIR,0.1654,0.067,0.0,0.3725,0.3725
01-07 17,Riga FIR,0.0,0.0,0.0,0.0,0.0
01-07 17,Roma FIR,0.0177,0.0008,0.0,0.048,0.048
01-07 17,Santa Maria FIR,0.0268,0.0028,0.0224,0.0971,0.0748
01-07 17,Sarajevo FIR,0.0841,0.0107,0.0,0.118,0.118
01-07 17,Scottish FIR,0.0,0.0,0.0,0.0011,0.0011
01-07 17,Shannon FIR,0.0141,0.0001,0.0,0.0584,0.0584
01-07 17,Skopje FIR,0.0465,0.0,0.0,0.1095,0.1095
01-07 17,Sofia FIR,0.0577,0.0002,0.0,0.1135,0.1135
01-07 17,Sweden FIR,0.0073,0.0,0.0,0.1087,0.1087
01-07 17,Switzerland FIR,0.053,0.0034,0.0,0.2312,0.2312
01-07 17,Tallinn FIR,0.0,0.0,0.0,0.0,0.0
01-07 17,Tirana FIR,0.0026,0.0,0.0,0.0501,0.0501
01-07 17,Vilnius FIR,0.0096,0.0,0.0,0.1085,0.1085
01-07 17,Warszawa FIR,0.1117,0.0241,0.0,0.2582,0.2582
01-07 17,Wien FIR,0.1403,0.0414,0.0,0.2689,0.2689
01-07 17,Zagreb FIR,0.0979,0.0105,0.0,0.2265,0.2265
01-07 18,Global,0.0207,0.0046,0.022,0.0831,0.0612
01-07 18,Europe,0.02,0.0027,0.0,0.0542,0.0542
01-07 18,European Airspace,0.0432,0.0093,0.0011,0.123,0.1219
01-07 18,Africa Middle East,0.0208,0.0082,0.0024,0.0503,0.0479
01-07 18,East Asia,0.0061,0.0,0.0002,0.0237,0.0235
01-07 18,Southeast Asia,0.0606,0.014,0.0016,0.1501,0.1485
01-07 18,India,0.0105,0.0045,0.0,0.0207,0.0207
01-07 18,China,0.0126,0.0012,0.0005,0.0489,0.0484
01-07 18,Latin America,0.009,0.0036,0.0229,0.0437,0.0208
01-07 18,USA,0.0094,0.0007,0.0759,0.1024,0.0265
01-07 18,North Atlantic,0.0389,0.0085,0.0034,0.1042,0.1007
01-07 18,North Pacific,0.0142,0.0025,0.0413,0.114,0.0727
01-07 18,Amsterdam FIR,0.0,0.0,0.0,0.0,0.0
01-07 18,Athinai FIR,0.0001,0.0,0.0,0.0087,0.0087
01-07 18,Barcelona FIR,0.0,0.0,0.0,0.0,0.0
01-07 18,Beograd FIR,0.0296,0.0009,0.0,0.0896,0.0896
01-07 18,Bordeaux FIR,0.003,0.0,0.0,0.0051,0.0051
01-07 18,Bratislava  FIR,0.003,0.0,0.0,0.0492,0.0492
01-07 18,Bremen FIR,0.0118,0.003,0.0,0.041,0.041
01-07 18,Brest FIR,0.0,0.0,0.0,0.0,0.0
01-07 18,Brindisi FIR,0.0148,0.0002,0.0,0.0855,0.0855
01-07 18,Brussels FIR,0.0147,0.0,0.0,0.0539,0.0539
01-07 18,Bucarest FIR,0.0656,0.0031,0.0,0.1236,0.1236
01-07 18,Budapest FIR,0.0712,0.0089,0.0,0.2055,0.2055
01-07 18,Canarias FIR,0.0373,0.0146,0.0055,0.0632,0.0577
01-07 18,Chisinau FIR,0.049,0.0,0.0,0.2025,0.2025
01-07 18,Copenhagen FIR,0.0,0.0,0.0,0.0,0.0
01-07 18,Helsinki FIR,0.0338,0.0039,0.0,0.0714,0.0714
01-07 18,Langen FIR,0.0548,0.0,0.0,0.1992,0.1992
01-07 18,Lisboa FIR,0.0168,0.001,0.0025,0.101,0.0985
01-07 18,Ljubljana FIR,0.2842,0.0407,0.0,0.3757,0.3757
01-07 18,London FIR,0.0,0.0,0.0,0.0,0.0
01-07 18,Madrid FIR,0.0034,0.0,0.0,0.02,0.02
01-07 18,Malta FIR,0.0,0.0,0.0,0.0,0.0
01-07 18,Marseille FIR,0.0875,0.0244,0.0,0.1159,0.1159
01-07 18,Milano FIR,0.0794,0.0078,0.0,0.2693,0.2693
01-07 18,Munchen FIR,0.0512,0.0198,0.0,0.3139,0.3139
01-07 18,Paris FIR,0.0129,0.0,0.0,0.0235,0.0235
01-07 18,Polaris FIR,0.0046,0.0002,0.0,0.083,0.083
01-07 18,Praha FIR,0.0357,0.0067,0.0,0.1557,0.1557
01-07 18,Reims FIR,0.1779,0.0,0.0,0.2129,0.2129
01-07 18,Reykjavik FIR,0.177,0.0664,0.0,0.3879,0.3879
01-07 18,Riga FIR,0.0,0.0,0.0,0.0,0.0
01-07 18,Roma FIR,0.0154,0.0008,0.0,0.0479,0.0479
01-07 18,Santa Maria FIR,0.0284,0.0032,0.0107,0.0985,0.0878
01-07 18,Sarajevo FIR,0.0785,0.0101,0.0,0.1242,0.1242
01-07 18,Scottish FIR,0.0,0.0,0.0,0.0014,0.0014
01-07 18,Shannon FIR,0.0055,0.0,0.0,0.0514,0.0514
01-07 18,Skopje FIR,0.0452,0.0013,0.0,0.0893,0.0893
01-07 18,Sofia FIR,0.0693,0.0002,0.0,0.1344,0.1344
01-07 18,Sweden FIR,0.0104,0.0,0.0,0.1293,0.1293
01-07 18,Switzerland FIR,0.0578,0.0027,0.0,0.2245,0.2245
01-07 18,Tallinn FIR,0.0,0.0,0.0,0.0,0.0
01-07 18,Tirana FIR,0.0035,0.0,0.0,0.0518,0.0518
01-07 18,Vilnius FIR,0.0052,0.0,0.0,0.1021,0.1021
01-07 18,Warszawa FIR,0.1106,0.0207,0.0,0.2349,0.2349
01-07 18,Wien FIR,0.1376,0.0275,0.0,0.2771,0.2771
01-07 18,Zagreb FIR,0.1028,0.0084,0.0,0.2307,0.2307
01-07 19,Global,0.021,0.0048,0.0221,0.0832,0.0611
01-07 19,Europe,0.0198,0.0029,0.0,0.0528,0.0528
01-07 19,European Airspace,0.0449,0.0096,0.0,0.1222,0.1222
01-07 19,Africa Middle East,0.0217,0.0088,0.0009,0.0516,0.0507
01-07 19,East Asia,0.004,0.0,0.0007,0.0233,0.0226
01-07 19,Southeast Asia,0.0506,0.0089,0.0041,0.1527,0.1485
01-07 19,India,0.0112,0.0046,0.0,0.0221,0.0221
01-07 19,China,0.0096,0.001,0.0012,0.047,0.0458
01-07 19,Latin America,0.0123,0.0052,0.0182,0.0432,0.0249
01-07 19,USA,0.0171,0.0014,0.0673,0.1061,0.0387
01-07 19,North Atlantic,0.0387,0.0083,0.0019,0.1022,0.1004
01-07 19,North Pacific,0.0151,0.0028,0.0464,0.1118,0.0654
01-07 19,Amsterdam FIR,0.0,0.0,0.0,0.0,0.0
01-07 19,Athinai FIR,0.0002,0.0,0.0,0.0066,0.0066
01-07 19,Barcelona FIR,0.0,0.0,0.0,0.0001,0.0001
01-07 19,Beograd FIR,0.031,0.0,0.0,0.0903,0.0903
01-07 19,Bordeaux FIR,0.0019,0.0,0.0,0.0032,0.0032
01-07 19,Bratislava  FIR,0.0,0.0,0.0,0.0682,0.0682
01-07 19,Bremen FIR,0.0029,0.0021,0.0,0.0319,0.0319
01-07 19,Brest FIR,0.0,0.0,0.0,0.0,0.0
01-07 19,Brindisi FIR,0.0172,0.0008,0.0,0.0747,0.0747
01-07 19,Brussels FIR,0.0109,0.0,0.0,0.0539,0.0539
01-07 19,Bucarest FIR,0.0746,0.0054,0.0,0.142,0.142
01-07 19,Budapest FIR,0.0648,0.0123,0.0,0.1714,0.1714
01-07 19,Canarias FIR,0.0404,0.0179,0.0,0.0662,0.0662
01-07 19,Chisinau FIR,0.0618,0.0,0.0,0.1862,0.1862
01-07 19,Copenhagen FIR,0.0,0.0,0.0,0.0,0.0
01-07 19,Helsinki FIR,0.0379,0.0023,0.0,0.0851,0.0851
01-07 19,Langen FIR,0.0375,0.0002,0.0,0.1731,0.1731
01-07 19,Lisboa FIR,0.0237,0.0026,0.0,0.1331,0.1331
01-07 19,Ljubljana FIR,0.266,0.0357,0.0,0.3757,0.3757
01-07 19,London FIR,0.0,0.0,0.0,0.0,0.0
01-07 19,Madrid FIR,0.0026,0.0,0.0,0.0245,0.0245
01-07 19,Malta FIR,0.0,0.0,0.0,0.0,0.0
01-07 19,Marseille FIR,0.0966,0.0226,0.0,0.1241,0.1241
01-07 19,Milano FIR,0.0894,0.0104,0.0,0.2618,0.2618
01-07 19,Munchen FIR,0.037,0.0133,0.0,0.2618,0.2618
01-07 19,Paris FIR,0.0115,0.0,0.0,0.0269,0.0269
01-07 19,Polaris FIR,0.0006,0.0,0.0,0.0662,0.0662
01-07 19,Praha FIR,0.0411,0.0092,0.0,0.18,0.18
01-07 19,Reims FIR,0.1826,0.0037,0.0,0.2139,0.2139
01-07 19,Reykjavik FIR,0.1918,0.0662,0.0,0.4098,0.4098
01-07 19,Riga FIR,0.0,0.0,0.0,0.0,0.0
01-07 19,Roma FIR,0.0141,0.0007,0.0,0.0473,0.0473
01-07 19,Santa Maria FIR,0.0296,0.0037,0.0043,0.0997,0.0954
01-07 19,Sarajevo FIR,0.0628,0.0006,0.0,0.1328,0.1328
01-07 19,Scottish FIR,0.0,0.0,0.0,0.0014,0.0014
01-07 19,Shannon FIR,0.0008,0.0,0.0,0.0296,0.0296
01-07 19,Skopje FIR,0.0401,0.0,0.0,0.0666,0.0666
01-07 19,Sofia FIR,0.0591,0.0,0.0,0.1296,0.1296
01-07 19,Sweden FIR,0.0209,0.0,0.0,0.1392,0.1392
01-07 19,Switzerland FIR,0.0773,0.0061,0.0,0.2286,0.2286
01-07 19,Tallinn FIR,0.0,0.0,0.0,0.0,0.0
01-07 19,Tirana FIR,0.0017,0.0,0.0,0.0455,0.0455
01-07 19,Vilnius FIR,0.0169,0.0,0.0,0.0945,0.0945
01-07 19,Warszawa FIR,0.1063,0.02,0.0,0.2091,0.2091
01-07 19,Wien FIR,0.1362,0.0255,0.0,0.2882,0.2882
01-07 19,Zagreb FIR,0.1035,0.0073,0.0,0.2266,0.2266
01-07 20,Global,0.0212,0.005,0.022,0.0835,0.0615
01-07 20,Europe,0.0196,0.0027,0.0,0.0517,0.0517
01-07 20,European Airspace,0.0463,0.0103,0.0,0.1222,0.1222
01-07 20,Africa Middle East,0.0227,0.0092,0.0001,0.0534,0.0533
01-07 20,East Asia,0.0016,0.0,0.0019,0.0232,0.0212
01-07 20,Southeast Asia,0.0354,0.0052,0.0106,0.1526,0.142
01-07 20,India,0.0115,0.0041,0.0001,0.024,0.024
01-07 20,China,0.0065,0.0008,0.0025,0.0467,0.0441
01-07 20,Latin America,0.0149,0.0061,0.0125,0.0436,0.0311
01-07 20,USA,0.0247,0.0032,0.0539,0.1072,0.0532
01-07 20,North Atlantic,0.0385,0.009,0.0008,0.1015,0.1007
01-07 20,North Pacific,0.0166,0.0036,0.0471,0.1111,0.064
01-07 20,Amsterdam FIR,0.0,0.0,0.0,0.0,0.0
01-07 20,Athinai FIR,0.0004,0.0,0.0,0.0029,0.0029
01-07 20,Barcelona FIR,0.0,0.0,0.0,0.0007,0.0007
01-07 20,Beograd FIR,0.0358,0.0,0.0,0.0968,0.0968
01-07 20,Bordeaux FIR,0.0016,0.0,0.0,0.0027,0.0027
01-07 20,Bratislava  FIR,0.0,0.0,0.0,0.0627,0.0627
01-07 20,Bremen FIR,0.001,0.0008,0.0,0.0261,0.0261
01-07 20,Brest FIR,0.0,0.0,0.0,0.0,0.0
01-07 20,Brindisi FIR,0.0191,0.0033,0.0,0.0707,0.0707
01-07 20,Brussels FIR,0.0147,0.0,0.0,0.0516,0.0516
01-07 20,Bucarest FIR,0.0807,0.0061,0.0,0.1476,0.1476
01-07 20,Budapest FIR,0.042,0.012,0.0,0.1529,0.1529
01-07 20,Canarias FIR,0.0409,0.0205,0.0,0.0712,0.0712
01-07 20,Chisinau FIR,0.0685,0.0,0.0,0.1651,0.1651
01-07 20,Copenhagen FIR,0.0,0.0,0.0,0.0,0.0
01-07 20,Helsinki FIR,0.0356,0.0015,0.0,0.0964,0.0964
01-07 20,Langen FIR,0.0466,0.0031,0.0,0.1539,0.1539
01-07 20,Lisboa FIR,0.0293,0.0056,0.0,0.1551,0.1551
01-07 20,Ljubljana FIR,0.2416,0.0309,0.0,0.3726,0.3726
01-07 20,London FIR,0.0,0.0,0.0,0.0,0.0
01-07 20,Madrid FIR,0.0015,0.0,0.0,0.0255,0.0255
01-07 20,Malta FIR,0.0,0.0,0.0,0.0,0.0
01-07 20,Marseille FIR,0.1042,0.0136,0.0,0.1327,0.1327
01-07 20,Milano FIR,0.0946,0.0124,0.0,0.2655,0.2655
01-07 20,Munchen FIR,0.0364,0.0084,0.0,0.2045,0.2045
01-07 20,Paris FIR,0.0129,0.0,0.0,0.0303,0.0303
01-07 20,Polaris FIR,0.001,0.0,0.0,0.0585,0.0585
01-07 20,Praha FIR,0.0359,0.0089,0.0,0.1912,0.1912
01-07 20,Reims FIR,0.1913,0.0088,0.0,0.2149,0.2149
01-07 20,Reykjavik FIR,0.2034,0.0694,0.0,0.4252,0.4252
01-07 20,Riga FIR,0.0,0.0,0.0,0.0,0.0
01-07 20,Roma FIR,0.014,0.0007,0.0,0.0469,0.0469
01-07 20,Santa Maria FIR,0.0302,0.0044,0.0,0.1009,0.1008
01-07 20,Sarajevo FIR,0.0498,0.0,0.0,0.1666,0.1666
01-07 20,Scottish FIR,0.0,0.0,0.0,0.0008,0.0008
01-07 20,Shannon FIR,0.0,0.0,0.0,0.0214,0.0214
01-07 20,Skopje FIR,0.0301,0.0,0.0,0.0566,0.0566
01-07 20,Sofia FIR,0.0619,0.0,0.0,0.1207,0.1207
01-07 20,Sweden FIR,0.0287,0.0,0.0,0.1358,0.1358
01-07 20,Switzerland FIR,0.105,0.0054,0.0,0.2312,0.2312
01-07 20,Tallinn FIR,0.0,0.0,0.0,0.0,0.0
01-07 20,Tirana FIR,0.0009,0.0,0.0,0.0289,0.0289
01-07 20,Vilnius FIR,0.0234,0.0,0.0,0.0833,0.0833
01-07 20,Warszawa FIR,0.0936,0.0194,0.0,0.1772,0.1772
01-07 20,Wien FIR,0.1258,0.0242,0.0,0.2929,0.2929
01-07 20,Zagreb FIR,0.0965,0.0046,0.0,0.2201,0.2201
01-07 21,Global,0.0214,0.0051,0.0227,0.0838,0.0611
01-07 21,Europe,0.0191,0.0022,0.0,0.0497,0.0497
01-07 21,European Airspace,0.0474,0.0109,0.0,0.1235,0.1235
01-07 21,Africa Middle East,0.0229,0.0091,0.0001,0.0549,0.0549
01-07 21,East Asia,0.0002,0.0,0.0056,0.0235,0.0179
01-07 21,Southeast Asia,0.0226,0.003,0.0256,0.1483,0.1226
01-07 21,India,0.0113,0.0029,0.0003,0.0255,0.0252
01-07 21,China,0.0047,0.0006,0.0059,0.0474,0.0415
01-07 21,Latin America,0.0169,0.0063,0.0076,0.0444,0.0367
01-07 21,USA,0.0311,0.0055,0.0384,0.1067,0.0683
01-07 21,North Atlantic,0.0392,0.01,0.0,0.1001,0.1001
01-07 21,North Pacific,0.0191,0.0048,0.0465,0.1112,0.0647
01-07 21,Amsterdam FIR,0.0,0.0,0.0,0.0,0.0
01-07 21,Athinai FIR,0.0004,0.0,0.0,0.0009,0.0009
01-07 21,Barcelona FIR,0.0,0.0,0.0,0.0011,0.0011
01-07 21,Beograd FIR,0.0452,0.0003,0.0,0.1021,0.1021
01-07 21,Bordeaux FIR,0.0023,0.0,0.0,0.0025,0.0025
01-07 21,Bratislava  FIR,0.0,0.0,0.0,0.0436,0.0436
01-07 21,Bremen FIR,0.0,0.0,0.0,0.0231,0.0231
01-07 21,Brest FIR,0.0,0.0,0.0,0.0001,0.0001
01-07 21,Brindisi FIR,0.0207,0.0033,0.0,0.0687,0.0687
01-07 21,Brussels FIR,0.0217,0.0,0.0,0.0501,0.0501
01-07 21,Bucarest FIR,0.074,0.0041,0.0,0.1483,0.1483
01-07 21,Budapest FIR,0.0306,0.0099,0.0,0.1379,0.1379
01-07 21,Canarias FIR,0.0412,0.0206,0.0,0.0735,0.0735
01-07 21,Chisinau FIR,0.046,0.0,0.0,0.1631,0.1631
01-07 21,Copenhagen FIR,0.0,0.0,0.0,0.0,0.0
01-07 21,Helsinki FIR,0.0364,0.0003,0.0,0.1163,0.1163
01-07 21,Langen FIR,0.0649,0.0097,0.0,0.1346,0.1346
01-07 21,Lisboa FIR,0.0376,0.0089,0.0,0.1821,0.1821
01-07 21,Ljubljana FIR,0.2008,0.0374,0.0,0.3744,0.3744
01-07 21,London FIR,0.0,0.0,0.0,0.0,0.0
01-07 21,Madrid FIR,0.0034,0.0001,0.0,0.0283,0.0283
01-07 21,Malta FIR,0.0,0.0,0.0,0.0,0.0
01-07 21,Marseille FIR,0.1036,0.0032,0.0,0.1401,0.1401
01-07 21,Milano FIR,0.0999,0.0146,0.0,0.271,0.271
01-07 21,Munchen FIR,0.043,0.0098,0.0,0.1323,0.1323
01-07 21,Paris FIR,0.013,0.0,0.0,0.0353,0.0353
01-07 21,Polaris FIR,0.0011,0.0,0.0,0.0605,0.0605
01-07 21,Praha FIR,0.0395,0.0067,0.0,0.1405,0.1405
01-07 21,Reims FIR,0.1914,0.0037,0.0,0.2154,0.2154
01-07 21,Reykjavik FIR,0.2067,0.0682,0.0,0.4401,0.4401
01-07 21,Riga FIR,0.0,0.0,0.0,0.0,0.0
01-07 21,Roma FIR,0.017,0.0005,0.0,0.0488,0.0488
01-07 21,Santa Maria FIR,0.0315,0.0053,0.0,0.1012,0.1012
01-07 21,Sarajevo FIR,0.0316,0.0,0.0,0.1565,0.1565
01-07 21,Scottish FIR,0.0,0.0,0.0,0.0003,0.0003
01-07 21,Shannon FIR,0.0,0.0,0.0,0.0157,0.0157
01-07 21,Skopje FIR,0.044,0.0,0.0,0.0768,0.0768
01-07 21,Sofia FIR,0.0532,0.0,0.0,0.1165,0.1165
01-07 21,Sweden FIR,0.0326,0.0,0.0,0.1253,0.1253
01-07 21,Switzerland FIR,0.1136,0.0047,0.0,0.2203,0.2203
01-07 21,Tallinn FIR,0.0,0.0,0.0,0.0,0.0
01-07 21,Tirana FIR,0.0017,0.0,0.0,0.0211,0.0211
01-07 21,Vilnius FIR,0.0144,0.0,0.0,0.0706,0.0706
01-07 21,Warszawa FIR,0.0798,0.0148,0.0,0.1474,0.1474
01-07 21,Wien FIR,0.0857,0.0228,0.0,0.2923,0.2923
01-07 21,Zagreb FIR,0.0667,0.0021,0.0,0.2044,0.2044
01-07 22,Global,0.0221,0.0054,0.022,0.0828,0.0607
01-07 22,Europe,0.0208,0.002,0.0,0.0481,0.0481
01-07 22,European Airspace,0.0479,0.0112,0.0,0.1219,0.1218
01-07 22,Africa Middle East,0.0237,0.0089,0.0001,0.056,0.0558
01-07 22,East Asia,0.0,0.0,0.0109,0.0224,0.0115
01-07 22,Southeast Asia,0.0162,0.0019,0.0442,0.1325,0.0883
01-07 22,India,0.0103,0.0017,0.0007,0.0266,0.0259
01-07 22,China,0.0041,0.0003,0.0106,0.0454,0.0348
01-07 22,Latin America,0.0182,0.007,0.0044,0.0436,0.0391
01-07 22,USA,0.0352,0.0072,0.0247,0.1107,0.0861
01-07 22,North Atlantic,0.0401,0.0102,0.0,0.0963,0.0963
01-07 22,North Pacific,0.0224,0.0064,0.0429,0.1118,0.0688
01-07 22,Amsterdam FIR,0.0,0.0,0.0,0.0,0.0
01-07 22,Athinai FIR,0.0001,0.0,0.0,0.0014,0.0014
01-07 22,Barcelona FIR,0.0,0.0,0.0,0.001,0.001
01-07 22,Beograd FIR,0.0664,0.0003,0.0,0.1316,0.1316
01-07 22,Bordeaux FIR,0.0065,0.0,0.0,0.0072,0.0072
01-07 22,Bratislava  FIR,0.0,0.0,0.0,0.0095,0.0095
01-07 22,Bremen FIR,0.0008,0.0008,0.0,0.0185,0.0185
01-07 22,Brest FIR,0.0,0.0,0.0,0.0006,0.0006
01-07 22,Brindisi FIR,0.0223,0.001,0.0,0.0414,0.0414
01-07 22,Brussels FIR,0.0116,0.0,0.0,0.0401,0.0401
01-07 22,Bucarest FIR,0.0782,0.0035,0.0,0.1564,0.1564
01-07 22,Budapest FIR,0.0273,0.0074,0.0,0.0844,0.0844
01-07 22,Canarias FIR,0.0433,0.0209,0.0,0.0764,0.0764
01-07 22,Chisinau FIR,0.0519,0.0,0.0,0.1765,0.1765
01-07 22,Copenhagen FIR,0.0,0.0,0.0,0.0,0.0
01-07 22,Helsinki FIR,0.037,0.0,0.0,0.1466,0.1466
01-07 22,Langen FIR,0.0806,0.0092,0.0,0.1287,0.1287
01-07 22,Lisboa FIR,0.0411,0.0118,0.0,0.1869,0.1869
01-07 22,Ljubljana FIR,0.1892,0.0471,0.0,0.3495,0.3495
01-07 22,London FIR,0.0,0.0,0.0,0.0,0.0
01-07 22,Madrid FIR,0.0042,0.0,0.0,0.0316,0.0316
01-07 22,Malta FIR,0.0036,0.0029,0.0,0.0081,0.0081
01-07 22,Marseille FIR,0.0938,0.0038,0.0,0.1455,0.1455
01-07 22,Milano FIR,0.1001,0.0133,0.0,0.2643,0.2643
01-07 22,Munchen FIR,0.0889,0.0103,0.0003,0.1484,0.1482
01-07 22,Paris FIR,0.0182,0.0,0.0,0.0393,0.0393
01-07 22,Polaris FIR,0.0025,0.0002,0.0,0.0596,0.0596
01-07 22,Praha FIR,0.0485,0.0025,0.0,0.114,0.114
01-07 22,Reims FIR,0.1978,0.0058,0.0,0.2165,0.2165
01-07 22,Reykjavik FIR,0.2113,0.0606,0.0,0.4359,0.4359
01-07 22,Riga FIR,0.0,0.0,0.0,0.0,0.0
01-07 22,Roma FIR,0.0222,0.0009,0.0,0.0527,0.0527
01-07 22,Santa Maria FIR,0.0331,0.0046,0.0,0.0968,0.0968
01-07 22,Sarajevo FIR,0.054,0.0,0.0,0.1394,0.1394
01-07 22,Scottish FIR,0.0,0.0,0.0,0.0002,0.0002
01-07 22,Shannon FIR,0.0,0.0,0.0,0.0106,0.0106
01-07 22,Skopje FIR,0.0805,0.0013,0.0,0.1247,0.1247
01-07 22,Sofia FIR,0.0492,0.0,0.0,0.1185,0.1185
01-07 22,Sweden FIR,0.0218,0.0,0.0,0.1141,0.1141
01-07 22,Switzerland FIR,0.1154,0.0054,0.0,0.2277,0.2277
01-07 22,Tallinn FIR,0.0,0.0,0.0,0.0,0.0
01-07 22,Tirana FIR,0.0035,0.0009,0.0,0.0308,0.0308
01-07 22,Vilnius FIR,0.0059,0.0,0.0,0.0516,0.0516
01-07 22,Warszawa FIR,0.0746,0.0102,0.0,0.1322,0.1322
01-07 22,Wien FIR,0.0877,0.0304,0.0,0.2532,0.2532
01-07 22,Zagreb FIR,0.0439,0.0027,0.0,0.1475,0.1475
01-07 23,Global,0.0227,0.0055,0.0222,0.0837,0.0616
01-07 23,Europe,0.0221,0.0019,0.0,0.0512,0.0512
01-07 23,European Airspace,0.0488,0.011,0.0002,0.1254,0.1252
01-07 23,Africa Middle East,0.0233,0.008,0.0003,0.0571,0.0568
01-07 23,East Asia,0.0,0.0,0.0169,0.023,0.0061
01-07 23,Southeast Asia,0.0149,0.0016,0.0646,0.1326,0.068
01-07 23,India,0.0075,0.0008,0.0022,0.0281,0.0259
01-07 23,China,0.0035,0.0001,0.0165,0.0456,0.0291
01-07 23,Latin America,0.0184,0.0069,0.0031,0.0432,0.0401
01-07 23,USA,0.0358,0.0083,0.0109,0.1133,0.1024
01-07 23,North Atlantic,0.0428,0.0107,0.0,0.0993,0.0993
01-07 23,North Pacific,0.0257,0.0076,0.0382,0.1129,0.0748
01-07 23,Amsterdam FIR,0.0,0.0,0.0,0.0,0.0
01-07 23,Athinai FIR,0.003,0.0012,0.0,0.0041,0.0041
01-07 23,Barcelona FIR,0.0,0.0,0.0,0.0007,0.0007
01-07 23,Beograd FIR,0.0701,0.0,0.0,0.142,0.142
01-07 23,Bordeaux FIR,0.0093,0.0005,0.0,0.0107,0.0107
01-07 23,Bratislava  FIR,0.0006,0.0,0.0,0.0107,0.0107
01-07 23,Bremen FIR,0.0024,0.0011,0.0,0.0143,0.0143
01-07 23,Brest FIR,0.0,0.0,0.0,0.0011,0.0011
01-07 23,Brindisi FIR,0.0217,0.0006,0.0,0.0461,0.0461
01-07 23,Brussels FIR,0.0078,0.0,0.0,0.0124,0.0124
01-07 23,Bucarest FIR,0.0806,0.0051,0.0,0.1579,0.1579
01-07 23,Budapest FIR,0.0355,0.004,0.0,0.0806,0.0806
01-07 23,Canarias FIR,0.0438,0.0174,0.0,0.0753,0.0753
01-07 23,Chisinau FIR,0.0443,0.0,0.0,0.1864,0.1864
01-07 23,Copenhagen FIR,0.0,0.0,0.0,0.0,0.0
01-07 23,Helsinki FIR,0.031,0.0,0.0,0.1684,0.1684
01-07 23,Langen FIR,0.0997,0.0038,0.0,0.139,0.139
01-07 23,Lisboa FIR,0.0522,0.0149,0.0,0.2119,0.2119
01-07 23,Ljubljana FIR,0.1907,0.0455,0.0,0.3317,0.3317
01-07 23,London FIR,0.0,0.0,0.0,0.0,0.0
01-07 23,Madrid FIR,0.0001,0.0,0.0,0.0396,0.0396
01-07 23,Malta FIR,0.0099,0.003,0.0,0.0111,0.0111
01-07 23,Marseille FIR,0.0765,0.0017,0.0,0.1546,0.1546
01-07 23,Milano FIR,0.111,0.0093,0.0,0.272,0.272
01-07 23,Munchen FIR,0.1323,0.0323,0.0003,0.1918,0.1915
01-07 23,Paris FIR,0.024,0.0,0.0,0.0379,0.0379
01-07 23,Polaris FIR,0.0029,0.001,0.0,0.0774,0.0774
01-07 23,Praha FIR,0.0615,0.0018,0.0,0.111,0.111
01-07 23,Reims FIR,0.2035,0.0053,0.0,0.2155,0.2155
01-07 23,Reykjavik FIR,0.2165,0.0533,0.0,0.4319,0.4319
01-07 23,Riga FIR,0.0,0.0,0.0,0.0,0.0
01-07 23,Roma FIR,0.0237,0.0008,0.0,0.0502,0.0502
01-07 23,Santa Maria FIR,0.0356,0.0041,0.0,0.0974,0.0974
01-07 23,Sarajevo FIR,0.0815,0.0006,0.0,0.1256,0.1256
01-07 23,Scottish FIR,0.0,0.0,0.0,0.0005,0.0005
01-07 23,Shannon FIR,0.0017,0.0,0.0,0.0123,0.0123
01-07 23,Skopje FIR,0.0956,0.0076,0.0,0.1373,0.1373
01-07 23,Sofia FIR,0.049,0.0,0.0,0.1307,0.1307
01-07 23,Sweden FIR,0.0104,0.0004,0.0,0.1045,0.1045
01-07 23,Switzerland FIR,0.1091,0.0047,0.0,0.2403,0.2403
01-07 23,Tallinn FIR,0.0,0.0,0.0,0.0,0.0
01-07 23,Tirana FIR,0.0096,0.0017,0.0,0.0316,0.0316
01-07 23,Vilnius FIR,0.0013,0.0,0.0,0.0371,0.0371
01-07 23,Warszawa FIR,0.0823,0.007,0.0,0.1434,0.1434
01-07 23,Wien FIR,0.0912,0.0266,0.0,0.2593,0.2593
01-07 23,Zagreb FIR,0.0422,0.004,0.0,0.1193,0.1193
