Week,Region,FL270-290,FL300-320,FL330-350,FL360-380,FL390-410,FL420-440
1,European Airspace,0.035945,0.051934,0.055938,0.035064,0.005537,0.000229
1,North Atlantic,0.027488,0.044435,0.065695,0.050616,0.004098,0.000155
1,Continental Europe,0.035272,0.052266,0.055335,0.035855,0.00445,9e-06
1,Global,0.019893,0.022575,0.021511,0.021857,0.02616,0.030582
1,USA,0.02179,0.028598,0.021402,0.010892,0.004642,0.001048
1,East Asia,0.005423,0.00462,0.002083,0.000187,0.001675,0.002874
1,Southeast Asia,0.0,0.0,0.0,0.012742,0.088415,0.168251
1,Latin America,0.001368,0.009794,0.016414,0.023573,0.054681,0.074306
1,Africa & Middle East,0.000468,0.003299,0.006439,0.016335,0.027129,0.034525
1,China,0.022039,0.025165,0.016424,0.00531,0.001784,0.000272
1,India,0.000225,0.001204,0.001015,0.004691,0.012994,0.02248
1,North Pacific,0.057646,0.068926,0.054463,0.028946,0.005182,0.000377
1,Arctic,0.175505,0.134066,0.067896,0.027227,0.007063,0.000605
1,Reykjavik FIR,0.10797,0.104896,0.077497,0.038427,0.007296,8.5e-05
1,Brussels FIR,0.022073,0.013374,0.040517,0.029346,0.010686,0.0
1,Langen FIR,0.100508,0.044579,0.031726,0.022449,0.007889,0.0
1,Munchen FIR,0.090004,0.067696,0.028189,0.01848,0.004638,0.0
1,Bremen FIR,0.054336,0.043944,0.031725,0.037709,0.009163,0.0
1,Tallinn FIR,0.017382,0.023103,0.009866,0.000748,0.0,0.0
1,Helsinki FIR,0.029263,0.009926,0.005348,0.002877,0.000248,0.0
1,Shanwick FIR,0.026462,0.079054,0.11737,0.074127,0.00504,8e-06
1,Scottish FIR,0.088228,0.052729,0.04723,0.068558,0.001262,1.1e-05
1,London FIR,0.01725,0.023743,0.030566,0.056573,0.011414,0.0
1,Amsterdam FIR,0.028923,0.027652,0.026234,0.032236,0.012919,0.0
1,Shannon FIR,0.012195,0.042837,0.067052,0.077957,0.00468,6.8e-05
1,Copenhagen FIR,0.079762,0.086111,0.045876,0.079935,0.004243,3.2e-05
1,Bodo Oceanic FIR,0.176154,0.147153,0.078299,0.022782,0.000704,0.0
1,Polaris FIR,0.084427,0.054641,0.027547,0.02162,0.000957,0.0
1,Warszawa FIR,0.089318,0.107867,0.074831,0.046301,0.003996,0.0
1,Sweden FIR,0.037923,0.036993,0.019629,0.016929,0.000743,0.0
1,Riga FIR,0.054529,0.068885,0.06265,0.033999,0.00114,0.0
1,Vilnius FIR,0.094023,0.100941,0.084564,0.065687,0.001236,0.0
1,Canarias FIR,0.0,0.005352,0.033532,0.023823,0.001576,1.1e-05
1,Tirana FIR,0.006069,0.051778,0.074794,0.01363,0.0,0.0
1,Sofia FIR,0.041257,0.071406,0.078921,0.020465,0.000458,0.0
1,Nicosia FIR,0.000288,0.019533,0.02224,0.002681,0.0,0.0
1,Zagreb FIR,0.045179,0.150066,0.132016,0.021111,0.000147,0.0
1,Barcelona FIR,0.005164,0.046528,0.068648,0.023417,0.008282,0.0
1,Madrid FIR,0.006284,0.035798,0.053337,0.031043,0.005288,6e-05
1,Bordeaux FIR,0.019881,0.04221,0.040779,0.021637,0.005404,0.0
1,Reims FIR,0.124683,0.058673,0.027638,0.010079,3.1e-05,0.0
1,Paris FIR,0.016989,0.012971,0.027772,0.018894,0.002129,0.0
1,Marseille FIR,0.054287,0.072029,0.076951,0.033402,0.006588,0.0
1,Brest FIR,0.009456,0.009976,0.038432,0.043849,0.002698,0.0
1,Athinai FIR,0.001618,0.037193,0.039557,0.001996,0.0,0.0
1,Budapest FIR,0.058384,0.149635,0.128897,0.020738,0.001808,0.0
1,Brindisi FIR,0.019282,0.07606,0.094279,0.020211,6.6e-05,0.0
1,Milano FIR,0.061036,0.128731,0.084013,0.022219,0.000514,0.0
1,Roma FIR,0.016656,0.061495,0.084792,0.022805,0.000321,0.0
1,Ljubljana FIR,0.070784,0.185413,0.120472,0.014408,0.0,0.0
1,Praha FIR,0.051653,0.071881,0.045696,0.024193,0.008369,0.0
1,Malta FIR,5e-06,0.022828,0.023053,0.004909,0.000922,0.0
1,Wien FIR,0.043083,0.0971,0.074644,0.011178,0.001518,0.0
1,Lisboa FIR,0.003695,0.028313,0.060579,0.045574,0.016407,1.2e-05
1,Santa Maria FIR,0.002797,0.017027,0.060558,0.08376,0.012723,0.001965
1,Sarajevo FIR,0.038093,0.134503,0.133732,0.024542,0.0,0.0
1,Bucarest FIR,0.060492,0.114328,0.106408,0.040647,0.005697,0.0
1,Switzerland FIR,0.079491,0.081047,0.035246,0.017625,0.000222,0.0
1,Ankara FIR,0.032125,0.06867,0.0626,0.007139,0.000201,0.0
1,Istanbul FIR,0.007428,0.039371,0.045795,0.004548,4e-06,0.0
1,Chisinau FIR,0.062865,0.144171,0.122003,0.056327,0.018163,0.0
1,Skopje FIR,0.019665,0.057075,0.079939,0.016405,0.0,0.0
1,Beograd FIR,0.028667,0.095904,0.107323,0.019438,0.0,0.0
1,Bratislava  FIR,0.027875,0.104472,0.114572,0.03597,0.008508,0.0
1,Yerevan FIR,0.03295,0.040485,0.037597,0.010321,0.000197,0.0
1,Tibilisi FIR,0.026318,0.051744,0.048505,0.013519,3.2e-05,0.0
1,Kiev FIR,0.086579,0.177727,0.12548,0.031718,0.009175,0.0
1,Dnipro FIR,0.096968,0.176212,0.131586,0.05677,0.02447,0.0
1,Simferopol FIR,0.084001,0.113965,0.109992,0.058146,0.009561,0.0
1,Lvov FIR,0.065182,0.171711,0.119037,0.03124,0.007646,9.8e-05
1,Odessa FIR,0.067363,0.128708,0.117126,0.065134,0.015335,0.0
2,European Airspace,0.029732,0.050926,0.05384,0.036218,0.017832,0.003007
2,North Atlantic,0.019435,0.054703,0.079174,0.044731,0.019761,0.002442
2,Continental Europe,0.018212,0.035683,0.03658,0.020489,0.00809,0.001117
2,Global,0.013284,0.017039,0.019076,0.019251,0.025475,0.027303
2,USA,0.012854,0.012137,0.01543,0.036343,0.036355,0.012393
2,East Asia,0.005483,0.002836,0.000615,3e-05,0.00036,0.000841
2,Southeast Asia,0.0,0.0,0.0,0.01418,0.100696,0.175149
2,Latin America,0.001384,0.004221,0.006323,0.014442,0.033767,0.036667
2,Africa & Middle East,0.001012,0.002615,0.00472,0.014997,0.028292,0.032463
2,China,0.014684,0.021833,0.014538,0.001783,1.9e-05,6.9e-05
2,India,1.1e-05,0.000564,0.000872,0.004817,0.014785,0.018266
2,North Pacific,0.044078,0.059586,0.052092,0.022558,0.007675,0.000802
2,Arctic,0.085422,0.07419,0.049397,0.01849,0.004969,0.000202
2,Reykjavik FIR,0.029192,0.107747,0.15242,0.139446,0.067028,0.006179
2,Brussels FIR,0.010383,0.028398,0.03952,0.040286,0.008541,0.0
2,Langen FIR,0.020809,0.034371,0.054404,0.053851,0.013263,0.0
2,Munchen FIR,0.023357,0.041687,0.036023,0.019168,0.004495,0.0
2,Bremen FIR,0.009991,0.026668,0.012958,0.002158,0.000115,0.0
2,Tallinn FIR,0.079333,0.16004,0.135954,0.055676,0.012531,0.0
2,Helsinki FIR,0.128151,0.193172,0.156325,0.084105,0.013063,0.0
2,Shanwick FIR,0.009451,0.054177,0.075283,0.038379,0.017984,0.000393
2,Scottish FIR,0.011501,0.015284,0.031215,0.034086,0.017623,0.000785
2,London FIR,0.003641,0.012098,0.023425,0.025517,0.007976,0.0
2,Amsterdam FIR,0.016113,0.054696,0.055195,0.045824,0.011459,0.0
2,Shannon FIR,0.000592,0.003236,0.00472,0.00147,0.0,0.0
2,Copenhagen FIR,0.009905,0.026282,0.028119,0.008844,0.001509,0.0
2,Bodo Oceanic FIR,0.116321,0.167813,0.138091,0.073477,0.017373,2e-06
2,Polaris FIR,0.056695,0.084552,0.080605,0.036881,0.009562,0.000719
2,Warszawa FIR,0.037314,0.051322,0.022073,0.001774,4.4e-05,0.0
2,Sweden FIR,0.075652,0.125126,0.097831,0.035323,0.003918,4e-05
2,Riga FIR,0.075511,0.136019,0.105337,0.03205,0.00274,0.0
2,Vilnius FIR,0.087836,0.126036,0.085129,0.005558,1.1e-05,0.0
2,Canarias FIR,0.0,0.002492,0.02582,0.084185,0.077674,0.033156
2,Tirana FIR,0.029221,0.024218,0.018826,0.015372,0.002385,0.0
2,Sofia FIR,0.069282,0.029408,0.013075,0.004564,0.0,0.0
2,Nicosia FIR,0.008029,0.024862,0.028416,0.002788,0.0,0.0
2,Zagreb FIR,0.043237,0.048496,0.02316,0.017327,0.00334,0.0
2,Barcelona FIR,0.012713,0.052455,0.044553,0.013627,0.008869,0.000949
2,Madrid FIR,0.004456,0.03945,0.063355,0.03316,0.018395,0.003362
2,Bordeaux FIR,0.010416,0.03637,0.050327,0.032424,0.008693,0.000205
2,Reims FIR,0.061462,0.02302,0.004192,0.009613,0.000282,0.0
2,Paris FIR,0.008054,0.006845,0.009854,0.015368,0.00138,0.0
2,Marseille FIR,0.041052,0.058803,0.046592,0.017725,0.003481,0.0
2,Brest FIR,0.003691,0.034938,0.042869,0.016948,0.001561,7e-06
2,Athinai FIR,0.015732,0.013382,0.008915,0.001714,0.000134,0.0
2,Budapest FIR,0.023361,0.017894,0.006078,0.005139,0.002013,0.0
2,Brindisi FIR,0.042694,0.031648,0.017778,0.006682,0.001035,0.0
2,Milano FIR,0.06586,0.067666,0.027148,0.012873,0.002044,0.0
2,Roma FIR,0.02698,0.039181,0.0273,0.008615,0.001156,0.0
2,Ljubljana FIR,0.028448,0.04541,0.021673,0.021588,0.004887,0.0
2,Praha FIR,0.030665,0.062127,0.033212,0.016854,0.004686,0.0
2,Malta FIR,0.001682,0.008354,0.004761,6e-06,0.0,0.0
2,Wien FIR,0.019011,0.030973,0.025785,0.012743,0.003457,0.0
2,Lisboa FIR,0.001331,0.047827,0.099531,0.078674,0.058718,0.009806
2,Santa Maria FIR,0.003421,0.025924,0.054456,0.035179,0.016538,0.000935
2,Sarajevo FIR,0.031037,0.02414,0.016839,0.032786,0.003938,0.0
2,Bucarest FIR,0.059725,0.040503,0.003901,0.000583,0.000222,0.0
2,Switzerland FIR,0.045815,0.035371,0.000963,0.00484,0.000464,0.0
2,Ankara FIR,0.056891,0.0414,0.015386,0.000441,0.0,0.0
2,Istanbul FIR,0.072162,0.040311,0.004794,0.0,0.0,0.0
2,Chisinau FIR,0.066713,0.079076,0.015036,0.0,0.0,0.0
2,Skopje FIR,0.031477,0.023209,0.021737,0.019292,0.001899,0.0
2,Beograd FIR,0.067883,0.032804,0.023772,0.023203,0.001264,0.0
2,Bratislava  FIR,0.012885,0.017122,0.0035,0.00856,0.004202,0.0
2,Yerevan FIR,0.038041,0.03465,0.025009,0.0,0.0,0.0
2,Tibilisi FIR,0.017686,0.02969,0.027926,0.000736,0.0,0.0
2,Kiev FIR,0.11193,0.138281,0.071752,0.008616,0.0,0.0
2,Dnipro FIR,0.142458,0.193652,0.09928,0.011582,0.0,0.0
2,Simferopol FIR,0.055718,0.033019,0.008685,2.5e-05,0.0,0.0
2,Lvov FIR,0.068789,0.063022,0.023877,0.001837,3e-05,0.0
2,Odessa FIR,0.109187,0.094939,0.01763,3.8e-05,0.0,0.0
3,European Airspace,0.04056,0.068009,0.071636,0.038477,0.012368,0.001347
3,North Atlantic,0.033947,0.075901,0.089356,0.039443,0.01209,0.000624
3,Continental Europe,0.021648,0.062329,0.07775,0.039848,0.013608,0.001172
3,Global,0.012468,0.018805,0.022137,0.01928,0.022015,0.025152
3,USA,0.005268,0.021555,0.049409,0.042999,0.016259,0.000285
3,East Asia,0.006072,0.006607,0.002096,0.000188,0.002372,0.005177
3,Southeast Asia,0.0,0.0,0.0,0.017797,0.111744,0.191281
3,Latin America,0.000863,0.003054,0.005982,0.007213,0.020186,0.022665
3,Africa & Middle East,0.000432,0.003068,0.005497,0.020142,0.026172,0.019307
3,China,0.013073,0.015706,0.007921,0.000593,5.9e-05,0.000243
3,India,0.00029,0.001382,0.000818,0.000845,0.00413,0.006124
3,North Pacific,0.039536,0.071376,0.073291,0.032411,0.00705,0.000277
3,Arctic,0.089716,0.065361,0.036913,0.011866,0.002006,8.4e-05
3,Reykjavik FIR,0.098985,0.09398,0.066471,0.039677,0.006564,0.0
3,Brussels FIR,0.036255,0.100268,0.106754,0.0319,0.010388,0.000275
3,Langen FIR,0.024017,0.078773,0.092093,0.034613,0.011137,0.0
3,Munchen FIR,0.021355,0.078455,0.103824,0.043821,0.008251,0.0
3,Bremen FIR,0.030111,0.080366,0.093985,0.041492,0.005896,0.0
3,Tallinn FIR,0.163735,0.143725,0.073714,0.011572,0.0,0.0
3,Helsinki FIR,0.151516,0.145103,0.081454,0.004501,0.0,0.0
3,Shanwick FIR,0.037544,0.105538,0.133831,0.056719,0.014272,0.000958
3,Scottish FIR,0.049156,0.07721,0.070048,0.02735,0.00035,0.0
3,London FIR,0.039884,0.112613,0.13242,0.055469,0.004367,0.0
3,Amsterdam FIR,0.044647,0.120797,0.132439,0.04192,0.006448,0.0
3,Shannon FIR,0.021181,0.080448,0.094215,0.026856,9.2e-05,0.0
3,Copenhagen FIR,0.043439,0.058613,0.051288,0.018128,0.002217,0.0
3,Bodo Oceanic FIR,0.16678,0.137081,0.092026,0.031181,0.013885,0.001208
3,Polaris FIR,0.103389,0.09438,0.056614,0.0091,0.000564,0.0
3,Warszawa FIR,0.023811,0.080736,0.103137,0.038557,0.005794,0.0
3,Sweden FIR,0.079479,0.066184,0.03304,0.007348,0.000292,0.0
3,Riga FIR,0.128083,0.113743,0.058763,0.0083,0.0,0.0
3,Vilnius FIR,0.052918,0.086483,0.068068,0.010801,0.0,0.0
3,Canarias FIR,0.0,0.000464,0.01053,0.033013,0.00511,3e-06
3,Tirana FIR,0.003696,0.040702,0.074902,0.035392,0.014717,0.0
3,Sofia FIR,0.038955,0.115858,0.147272,0.043369,0.009745,0.0
3,Nicosia FIR,0.003274,0.058055,0.076896,0.045869,0.00811,0.0
3,Zagreb FIR,0.01915,0.051713,0.06014,0.039466,0.008475,0.0
3,Barcelona FIR,0.002078,0.018964,0.041815,0.037604,0.018391,0.002522
3,Madrid FIR,0.008091,0.045187,0.076752,0.052677,0.026645,0.000801
3,Bordeaux FIR,0.016597,0.069311,0.069965,0.030994,0.010747,0.0
3,Reims FIR,0.025334,0.079254,0.097126,0.026209,0.012358,0.000352
3,Paris FIR,0.030422,0.115975,0.148713,0.052935,0.009253,0.000637
3,Marseille FIR,0.009125,0.034729,0.046989,0.034529,0.019212,0.0002
3,Brest FIR,0.022845,0.115254,0.151307,0.077533,0.020733,0.000278
3,Athinai FIR,0.004359,0.041255,0.053101,0.0305,0.009898,0.0
3,Budapest FIR,0.029491,0.068295,0.068563,0.035939,0.003203,0.0
3,Brindisi FIR,0.002164,0.030919,0.057333,0.032079,0.01332,0.0
3,Milano FIR,0.022568,0.071297,0.065325,0.040455,0.008242,0.0
3,Roma FIR,0.002414,0.0306,0.040863,0.022816,0.011326,1.7e-05
3,Ljubljana FIR,0.026143,0.065281,0.065053,0.050278,0.001761,0.0
3,Praha FIR,0.023231,0.088421,0.108782,0.046163,0.007315,0.0
3,Malta FIR,0.0,0.012609,0.030017,0.025603,0.010194,0.0
3,Wien FIR,0.017872,0.071656,0.067211,0.033262,0.00583,0.0
3,Lisboa FIR,0.003372,0.029187,0.060228,0.058553,0.052752,0.008289
3,Santa Maria FIR,0.005846,0.023183,0.040237,0.031246,0.015832,0.000649
3,Sarajevo FIR,0.011836,0.052366,0.071899,0.045425,0.01383,0.0
3,Bucarest FIR,0.043824,0.0973,0.102817,0.043224,0.0074,0.0
3,Switzerland FIR,0.016384,0.070463,0.060443,0.020653,0.007322,0.0
3,Ankara FIR,0.022807,0.098142,0.095868,0.036476,0.005995,0.0
3,Istanbul FIR,0.017233,0.068223,0.086592,0.031128,0.005356,0.0
3,Chisinau FIR,0.046046,0.138064,0.142315,0.059851,0.00902,0.0
3,Skopje FIR,0.01181,0.048065,0.101523,0.039932,0.010554,0.0
3,Beograd FIR,0.022544,0.059146,0.098399,0.046804,0.011991,0.0
3,Bratislava  FIR,0.013863,0.063706,0.075111,0.024138,0.001927,0.0
3,Yerevan FIR,0.023186,0.11526,0.113066,0.019527,0.00016,0.0
3,Tibilisi FIR,0.028341,0.123151,0.112768,0.029878,0.004531,0.0
3,Kiev FIR,0.033321,0.170797,0.203222,0.071997,0.003724,0.0
3,Dnipro FIR,0.056483,0.205211,0.225637,0.089875,0.01476,0.0
3,Simferopol FIR,0.095972,0.20423,0.159632,0.073874,0.008848,0.0
3,Lvov FIR,0.030389,0.114036,0.137654,0.041583,0.002537,0.0
3,Odessa FIR,0.049961,0.158997,0.168343,0.076812,0.014426,0.0
4,European Airspace,0.024735,0.060331,0.080876,0.049772,0.016715,0.0018
4,North Atlantic,0.029321,0.064946,0.07648,0.053203,0.023685,0.002806
4,Continental Europe,0.007255,0.064197,0.105259,0.084851,0.032224,0.004963
4,Global,0.013313,0.020165,0.02204,0.018784,0.022954,0.024327
4,USA,0.01148,0.037983,0.058132,0.035626,0.006285,2.8e-05
4,East Asia,0.002951,0.000672,0.000226,0.002471,0.008079,0.004789
4,Southeast Asia,0.0,0.0,1e-06,0.0244,0.088666,0.097055
4,Latin America,0.000364,0.001651,0.006055,0.008785,0.023919,0.029859
4,Africa & Middle East,0.000183,0.00157,0.004718,0.019963,0.027218,0.025343
4,China,0.008222,0.010243,0.009442,0.006667,0.003896,0.003924
4,India,0.000617,0.00089,0.000861,0.004599,0.012477,0.033148
4,North Pacific,0.038086,0.073967,0.078022,0.041773,0.012842,0.000842
4,Arctic,0.073501,0.071331,0.06036,0.037276,0.013316,0.000275
4,Reykjavik FIR,0.089451,0.122615,0.109363,0.033465,0.00065,0.0
4,Brussels FIR,0.006162,0.082338,0.144441,0.161001,0.06629,0.002007
4,Langen FIR,0.003885,0.028972,0.062074,0.051605,0.016084,0.002723
4,Munchen FIR,0.001255,0.015188,0.043989,0.021081,0.00269,0.0
4,Bremen FIR,0.005217,0.052076,0.073945,0.035217,0.018209,0.000403
4,Tallinn FIR,0.043623,0.112674,0.109249,0.030634,0.000297,0.0
4,Helsinki FIR,0.088873,0.139209,0.138854,0.044391,0.00864,5.5e-05
4,Shanwick FIR,0.037265,0.106085,0.132566,0.08921,0.042272,0.00678
4,Scottish FIR,0.038078,0.101335,0.130589,0.071518,0.009966,0.0
4,London FIR,0.007187,0.099755,0.161608,0.171393,0.069395,0.001589
4,Amsterdam FIR,0.008632,0.084205,0.107581,0.121011,0.059142,0.003407
4,Shannon FIR,0.009603,0.074445,0.13451,0.107046,0.019932,0.0
4,Copenhagen FIR,0.011903,0.067857,0.09358,0.049576,0.028513,4.9e-05
4,Bodo Oceanic FIR,0.142854,0.235925,0.220673,0.093623,0.020304,0.000404
4,Polaris FIR,0.073729,0.117429,0.119476,0.047591,0.0113,5.7e-05
4,Warszawa FIR,0.012647,0.052737,0.065173,0.02784,0.008338,0.0
4,Sweden FIR,0.059277,0.120428,0.130875,0.037029,0.008711,9e-06
4,Riga FIR,0.042782,0.094663,0.128669,0.044793,0.001728,0.0
4,Vilnius FIR,0.041032,0.078448,0.125076,0.052737,0.007307,0.0
4,Canarias FIR,0.0,0.00145,0.014513,0.011445,0.002743,0.0
4,Tirana FIR,9.3e-05,0.003586,0.017483,0.000995,0.0,0.0
4,Sofia FIR,0.001854,0.020372,0.014164,0.001763,0.0,0.0
4,Nicosia FIR,0.001221,0.000525,0.0,0.0,0.0,0.0
4,Zagreb FIR,0.003465,0.030618,0.04692,0.019988,0.002465,0.0
4,Barcelona FIR,0.0,0.035292,0.088446,0.087107,0.024218,0.000344
4,Madrid FIR,0.000386,0.088846,0.158662,0.144566,0.049165,0.006197
4,Bordeaux FIR,0.000607,0.097091,0.168049,0.167083,0.099262,0.030381
4,Reims FIR,0.00177,0.049205,0.080453,0.084498,0.038278,0.0
4,Paris FIR,0.003397,0.097198,0.189255,0.170926,0.065386,0.003054
4,Marseille FIR,0.000587,0.044373,0.061512,0.0591,0.035747,0.001993
4,Brest FIR,0.001654,0.137751,0.250834,0.249284,0.131639,0.048622
4,Athinai FIR,0.000152,0.002513,0.003601,0.00024,0.0,0.0
4,Budapest FIR,0.002593,0.042234,0.072787,0.016903,0.001423,0.0
4,Brindisi FIR,0.000245,0.016167,0.013742,0.002742,0.0,0.0
4,Milano FIR,0.000152,0.026202,0.044489,0.020242,0.002429,0.0
4,Roma FIR,0.001494,0.016796,0.009971,0.001838,0.000484,0.0
4,Ljubljana FIR,0.002157,0.032553,0.052459,0.033474,0.012046,0.0
4,Praha FIR,0.005428,0.033252,0.061273,0.030014,0.002621,0.0
4,Malta FIR,0.0,0.0,0.0,0.0,0.0,0.0
4,Wien FIR,0.002451,0.032931,0.052966,0.018846,0.004377,0.0
4,Lisboa FIR,0.000464,0.076694,0.172686,0.111727,0.017265,0.0003
4,Santa Maria FIR,0.003805,0.04452,0.096878,0.079777,0.029004,0.00089
4,Sarajevo FIR,0.003219,0.034475,0.049012,0.02861,0.00276,0.0
4,Bucarest FIR,0.008112,0.043849,0.033252,0.005739,0.000417,0.0
4,Switzerland FIR,0.000358,0.00618,0.038527,0.034752,0.009103,0.0
4,Ankara FIR,0.014238,0.010265,0.01088,0.001151,0.0,0.0
4,Istanbul FIR,0.000903,0.0071,0.003105,4e-05,0.0,0.0
4,Chisinau FIR,0.019185,0.065634,0.03289,0.011216,0.001938,0.0
4,Skopje FIR,0.0,0.00414,0.027213,0.005699,0.0,0.0
4,Beograd FIR,0.002803,0.037017,0.042067,0.016448,0.000103,0.0
4,Bratislava  FIR,0.004524,0.040129,0.071211,0.01464,0.000213,0.0
4,Yerevan FIR,0.029989,0.024182,0.013001,0.000549,0.0,0.0
4,Tibilisi FIR,0.050439,0.050255,0.044073,0.006111,0.0,0.0
4,Kiev FIR,0.005786,0.059524,0.069583,0.053691,0.004809,0.0
4,Dnipro FIR,0.017072,0.04581,0.059656,0.022823,0.000749,0.0
4,Simferopol FIR,0.011444,0.017607,0.01306,0.002166,0.000106,0.0
4,Lvov FIR,0.011864,0.045065,0.067003,0.032677,0.007018,0.0
4,Odessa FIR,0.015886,0.057169,0.036898,0.007013,0.002466,0.0
5,European Airspace,0.026386,0.064754,0.07295,0.046339,0.028661,0.003863
5,North Atlantic,0.018324,0.049454,0.088668,0.076728,0.056834,0.006363
5,Continental Europe,0.018568,0.085943,0.113721,0.090129,0.053656,0.012272
5,Global,0.011419,0.018553,0.021747,0.019584,0.02515,0.027669
5,USA,0.004931,0.019657,0.028126,0.010459,0.002069,0.000154
5,East Asia,0.007129,0.01164,0.007253,0.003351,0.003107,0.000633
5,Southeast Asia,0.0,0.0,8e-06,0.026502,0.076661,0.087543
5,Latin America,0.001195,0.004256,0.010192,0.017269,0.03665,0.042982
5,Africa & Middle East,0.001216,0.00393,0.004558,0.013851,0.022115,0.028635
5,China,0.023369,0.037785,0.030718,0.007051,0.000767,0.000816
5,India,0.000221,0.001941,0.003103,0.004414,0.006562,0.021286
5,North Pacific,0.039544,0.073964,0.078956,0.040327,0.019092,0.002005
5,Arctic,0.075869,0.091605,0.082618,0.055835,0.039532,0.022626
5,Reykjavik FIR,0.03702,0.037035,0.020507,0.002682,0.000976,0.0
5,Brussels FIR,0.004109,0.129145,0.205084,0.197555,0.157718,0.027649
5,Langen FIR,0.01396,0.134069,0.17251,0.152831,0.119492,0.002963
5,Munchen FIR,0.017884,0.107591,0.133966,0.113838,0.065366,0.000468
5,Bremen FIR,0.024532,0.138053,0.192812,0.155376,0.106176,0.005474
5,Tallinn FIR,0.033765,0.161944,0.188013,0.131113,0.027734,2.1e-05
5,Helsinki FIR,0.038655,0.117276,0.149974,0.074709,0.025013,0.000634
5,Shanwick FIR,0.02332,0.058918,0.113633,0.143568,0.143508,0.011779
5,Scottish FIR,0.021351,0.079257,0.119151,0.083878,0.062502,0.007309
5,London FIR,0.009549,0.076104,0.17579,0.189139,0.11835,0.042066
5,Amsterdam FIR,0.00661,0.103139,0.170886,0.192878,0.109268,0.014029
5,Shannon FIR,0.009815,0.059205,0.10364,0.125507,0.148286,0.065446
5,Copenhagen FIR,0.028085,0.104504,0.167821,0.144994,0.053713,0.000452
5,Bodo Oceanic FIR,0.109901,0.092962,0.072621,0.028275,0.002557,3e-06
5,Polaris FIR,0.036587,0.084528,0.097411,0.029827,0.002299,0.0
5,Warszawa FIR,0.061448,0.180302,0.177867,0.11086,0.076095,0.00212
5,Sweden FIR,0.0321,0.101962,0.146474,0.091936,0.024844,0.000122
5,Riga FIR,0.034687,0.189033,0.215637,0.161776,0.056338,0.000459
5,Vilnius FIR,0.05607,0.222612,0.24581,0.17549,0.08265,0.0
5,Canarias FIR,7.1e-05,0.01019,0.024229,0.021512,0.005088,0.0
5,Tirana FIR,0.010448,0.010503,0.005733,0.0,0.0,0.0
5,Sofia FIR,0.017242,0.025643,0.012257,1.5e-05,0.0,0.0
5,Nicosia FIR,0.004517,0.000925,0.0,0.0,0.0,0.0
5,Zagreb FIR,0.029296,0.053137,0.037612,0.003666,0.0,0.0
5,Barcelona FIR,0.021004,0.10391,0.148865,0.081786,0.017332,0.003359
5,Madrid FIR,0.009264,0.063799,0.086177,0.063502,0.038799,0.00947
5,Bordeaux FIR,0.007371,0.084893,0.125955,0.134313,0.064523,0.021935
5,Reims FIR,0.024622,0.155959,0.161964,0.185925,0.130644,0.011984
5,Paris FIR,0.017083,0.158331,0.232347,0.213106,0.141035,0.034572
5,Marseille FIR,0.022549,0.118515,0.125093,0.077497,0.023141,0.002016
5,Brest FIR,0.015157,0.089401,0.146455,0.159417,0.116908,0.069733
5,Athinai FIR,0.010371,0.008435,0.001467,0.0,0.0,0.0
5,Budapest FIR,0.022174,0.057615,0.065991,0.013052,0.0,0.0
5,Brindisi FIR,0.018533,0.025946,0.012242,0.000427,0.0,0.0
5,Milano FIR,0.034659,0.108071,0.07868,0.034103,0.014754,0.000104
5,Roma FIR,0.012508,0.025603,0.009391,0.000796,8.4e-05,0.0
5,Ljubljana FIR,0.034268,0.042096,0.024445,0.011138,0.000406,0.0
5,Praha FIR,0.029277,0.116848,0.115857,0.074439,0.026657,0.000136
5,Malta FIR,0.011965,0.007773,0.000182,0.0,0.0,0.0
5,Wien FIR,0.030838,0.062233,0.042304,0.032805,0.011714,0.0
5,Lisboa FIR,0.020168,0.089267,0.091454,0.04441,0.014764,0.000508
5,Santa Maria FIR,0.002078,0.020217,0.047189,0.037692,0.026741,0.000877
5,Sarajevo FIR,0.024356,0.05698,0.050486,0.001999,0.0,0.0
5,Bucarest FIR,0.038223,0.060849,0.034488,0.000955,0.0,0.0
5,Switzerland FIR,0.012676,0.130656,0.13187,0.117482,0.076909,0.000268
5,Ankara FIR,0.035591,0.031759,0.011744,0.0,0.0,0.0
5,Istanbul FIR,0.018718,0.034412,0.016018,0.0,0.0,0.0
5,Chisinau FIR,0.080606,0.074324,0.016903,0.000204,0.0,0.0
5,Skopje FIR,0.010529,0.009819,0.003237,0.0,0.0,0.0
5,Beograd FIR,0.020334,0.054644,0.036985,0.000912,0.0,0.0
5,Bratislava  FIR,0.03193,0.048165,0.033562,0.007394,0.0,0.0
5,Yerevan FIR,0.027837,0.018134,0.006151,0.0,0.0,0.0
5,Tibilisi FIR,0.050238,0.051468,0.022517,0.0,0.0,0.0
5,Kiev FIR,0.07522,0.143394,0.134948,0.011461,0.000231,0.0
5,Dnipro FIR,0.096142,0.187741,0.147227,0.014864,7e-05,0.0
5,Simferopol FIR,0.107717,0.116408,0.055673,0.004393,0.0,0.0
5,Lvov FIR,0.066406,0.156879,0.098593,0.022822,0.001126,0.0
5,Odessa FIR,0.05715,0.054584,0.033073,0.004639,0.0,0.0
6,European Airspace,0.026462,0.060901,0.087614,0.062388,0.025458,0.002781
6,North Atlantic,0.036754,0.075585,0.076648,0.035173,0.007635,0.000281
6,Continental Europe,0.024637,0.1011,0.148038,0.106121,0.048787,0.006008
6,Global,0.014307,0.018512,0.02112,0.019758,0.023259,0.026585
6,USA,0.009874,0.012747,0.015846,0.014841,0.003521,1.1e-05
6,East Asia,0.008705,0.004983,0.001152,0.00025,0.001365,0.002225
6,Southeast Asia,0.0,0.0,0.0,0.019035,0.08183,0.128274
6,Latin America,0.000102,0.001528,0.005483,0.0176,0.035879,0.043904
6,Africa & Middle East,0.000274,0.002437,0.007701,0.018595,0.021275,0.014418
6,China,0.018342,0.02092,0.018153,0.007507,0.001362,1.3e-05
6,India,0.000212,0.00047,0.00086,0.00179,0.00261,0.00245
6,North Pacific,0.043325,0.067845,0.070979,0.039897,0.011875,0.000972
6,Arctic,0.126201,0.130254,0.087657,0.042434,0.016151,0.001322
6,Reykjavik FIR,0.086906,0.081379,0.050728,0.01087,1.2e-05,0.0
6,Brussels FIR,0.018355,0.161855,0.291383,0.222297,0.151641,0.044478
6,Langen FIR,0.015529,0.150002,0.304843,0.207048,0.114031,0.020971
6,Munchen FIR,0.010968,0.118769,0.255446,0.193276,0.082775,0.002743
6,Bremen FIR,0.030343,0.225112,0.368439,0.203444,0.088756,0.026291
6,Tallinn FIR,0.027973,0.054708,0.056037,0.015911,0.0,0.0
6,Helsinki FIR,0.115339,0.110204,0.092508,0.017493,0.0,0.0
6,Shanwick FIR,0.03248,0.094704,0.130908,0.082842,0.018527,0.00038
6,Scottish FIR,0.068931,0.235333,0.242363,0.110201,0.038254,0.004521
6,London FIR,0.059349,0.190639,0.23655,0.169776,0.10992,0.017703
6,Amsterdam FIR,0.052871,0.258664,0.364253,0.208763,0.144678,0.036003
6,Shannon FIR,0.031462,0.145267,0.163108,0.129446,0.063134,0.002724
6,Copenhagen FIR,0.02089,0.163976,0.204157,0.07812,0.01248,0.001524
6,Bodo Oceanic FIR,0.028604,0.02232,0.011281,0.002939,0.00258,0.002701
6,Polaris FIR,0.056835,0.103417,0.093274,0.034206,0.001356,0.0
6,Warszawa FIR,0.010955,0.142293,0.272264,0.155959,0.050945,0.00639
6,Sweden FIR,0.064598,0.081931,0.056886,0.017625,0.00122,1.8e-05
6,Riga FIR,0.035805,0.086573,0.078817,0.022295,0.000304,0.0
6,Vilnius FIR,0.021761,0.10114,0.107407,0.039411,0.000622,0.0
6,Canarias FIR,0.0,0.005072,0.022725,0.024732,0.012613,0.001784
6,Tirana FIR,0.002292,0.016466,0.043202,0.061681,0.02773,0.003659
6,Sofia FIR,0.008018,0.06952,0.11928,0.119427,0.06652,0.006288
6,Nicosia FIR,0.000755,0.022397,0.060746,0.039093,0.039496,0.000198
6,Zagreb FIR,0.027634,0.045193,0.076817,0.096343,0.076829,0.011786
6,Barcelona FIR,0.003078,0.046612,0.080501,0.085334,0.045054,0.000271
6,Madrid FIR,0.014206,0.064226,0.099653,0.07538,0.014282,0.0
6,Bordeaux FIR,0.020886,0.095516,0.167287,0.148875,0.056191,0.000484
6,Reims FIR,0.008849,0.074591,0.167669,0.152368,0.06836,0.009465
6,Paris FIR,0.027601,0.108714,0.200986,0.172175,0.089926,0.022119
6,Marseille FIR,0.009751,0.044482,0.092964,0.093701,0.05708,0.004208
6,Brest FIR,0.043315,0.10785,0.178018,0.151235,0.058103,0.008242
6,Athinai FIR,0.000162,0.031932,0.065824,0.059724,0.022864,0.006774
6,Budapest FIR,0.029432,0.043635,0.095619,0.121419,0.079203,5.6e-05
6,Brindisi FIR,0.001642,0.017785,0.052059,0.063443,0.033213,0.006355
6,Milano FIR,0.031342,0.082478,0.129323,0.111047,0.07692,0.013305
6,Roma FIR,0.002075,0.01219,0.040749,0.051056,0.032756,0.004703
6,Ljubljana FIR,0.051807,0.084612,0.103612,0.121153,0.069736,0.002249
6,Praha FIR,0.005823,0.11798,0.228863,0.174441,0.081778,3.9e-05
6,Malta FIR,4.6e-05,0.012031,0.035118,0.028863,0.003556,0.000179
6,Wien FIR,0.021465,0.076909,0.16641,0.152495,0.057854,0.001216
6,Lisboa FIR,0.011077,0.031861,0.056058,0.047696,0.01605,0.004024
6,Santa Maria FIR,0.00089,0.017458,0.041856,0.049401,0.021417,0.001171
6,Sarajevo FIR,0.014403,0.027922,0.071881,0.100891,0.08191,0.007908
6,Bucarest FIR,0.007514,0.035158,0.076262,0.079258,0.056245,0.000455
6,Switzerland FIR,0.006765,0.064567,0.139497,0.165804,0.103827,0.00786
6,Ankara FIR,0.006168,0.033493,0.073963,0.059987,0.043653,0.009337
6,Istanbul FIR,0.001673,0.047982,0.089453,0.091185,0.079179,0.010285
6,Chisinau FIR,0.010176,0.080964,0.145805,0.112048,0.051647,0.000673
6,Skopje FIR,0.004395,0.02033,0.054368,0.067683,0.038006,0.009545
6,Beograd FIR,0.005983,0.017713,0.046838,0.07401,0.064368,0.002535
6,Bratislava  FIR,0.018815,0.070139,0.137673,0.127515,0.080388,0.000175
6,Yerevan FIR,0.011819,0.026504,0.031932,0.01396,0.002823,0.0
6,Tibilisi FIR,0.007272,0.019391,0.032612,0.026875,0.009945,0.0
6,Kiev FIR,0.01183,0.099325,0.211507,0.144571,0.056768,0.001162
6,Dnipro FIR,0.014826,0.06971,0.167589,0.107877,0.038228,0.003343
6,Simferopol FIR,0.019396,0.072021,0.130411,0.111872,0.057493,0.005719
6,Lvov FIR,0.0101,0.081043,0.171756,0.161225,0.072229,0.001616
6,Odessa FIR,0.01218,0.063226,0.145084,0.126025,0.066436,0.004028
7,European Airspace,0.03165,0.070396,0.080881,0.036615,0.006785,0.000122
7,North Atlantic,0.065214,0.067492,0.054478,0.015278,0.000477,0.0
7,Continental Europe,0.02707,0.080541,0.10214,0.049176,0.00358,0.0
7,Global,0.013725,0.01735,0.01927,0.016424,0.021341,0.023899
7,USA,0.007781,0.010776,0.011134,0.009249,0.002598,4.3e-05
7,East Asia,0.007097,0.020418,0.019249,0.004991,0.003717,0.002687
7,Southeast Asia,0.0,0.0,0.0,0.007133,0.036251,0.052362
7,Latin America,2.7e-05,0.000744,0.004618,0.013793,0.027004,0.035019
7,Africa & Middle East,0.001155,0.002406,0.005627,0.016746,0.028997,0.02181
7,China,0.010341,0.026699,0.028115,0.01,0.007935,0.007031
7,India,1e-05,0.001965,0.004531,0.007195,0.018437,0.031451
7,North Pacific,0.038749,0.057842,0.059671,0.024216,0.006522,0.000408
7,Arctic,0.126168,0.122261,0.087943,0.042603,0.018577,0.001561
7,Reykjavik FIR,0.085113,0.112576,0.06745,0.006903,0.0,0.0
7,Brussels FIR,0.038641,0.13592,0.136137,0.057236,0.008164,0.0
7,Langen FIR,0.046468,0.122502,0.111968,0.054359,0.012671,0.0
7,Munchen FIR,0.054762,0.122815,0.14712,0.086986,0.018015,0.0
7,Bremen FIR,0.062039,0.144308,0.160699,0.076861,0.0128,0.0
7,Tallinn FIR,0.041433,0.097085,0.121627,0.048401,0.004239,0.0
7,Helsinki FIR,0.02867,0.043076,0.035983,0.021783,0.009343,7.7e-05
7,Shanwick FIR,0.040084,0.077216,0.062424,0.016164,9.9e-05,0.0
7,Scottish FIR,0.047703,0.096112,0.076957,0.008764,0.0,0.0
7,London FIR,0.045714,0.137596,0.185385,0.092355,0.003761,0.0
7,Amsterdam FIR,0.040866,0.152286,0.13735,0.048703,0.01065,0.0
7,Shannon FIR,0.041991,0.110253,0.124549,0.014056,0.0,0.0
7,Copenhagen FIR,0.05002,0.142181,0.178827,0.070639,0.003896,0.0
7,Bodo Oceanic FIR,0.081259,0.184743,0.166288,0.088051,0.025627,0.000125
7,Polaris FIR,0.051348,0.121388,0.13115,0.051047,0.014971,0.000125
7,Warszawa FIR,0.081509,0.181656,0.161792,0.05793,0.002956,0.0
7,Sweden FIR,0.04969,0.119208,0.11238,0.05219,0.013778,1.9e-05
7,Riga FIR,0.06354,0.173381,0.198682,0.084115,0.007118,0.0
7,Vilnius FIR,0.094688,0.243548,0.217406,0.080448,0.011603,0.0
7,Canarias FIR,0.0,0.000745,0.002032,0.012785,0.001189,0.0
7,Tirana FIR,0.013227,0.01018,0.0,0.0,0.0,0.0
7,Sofia FIR,0.052825,0.064975,0.032662,0.00161,0.000203,0.0
7,Nicosia FIR,0.033313,0.014442,0.035138,0.029321,0.004657,0.0
7,Zagreb FIR,0.028782,0.020127,0.020796,0.007825,0.0,0.0
7,Barcelona FIR,0.002051,0.044118,0.069673,0.037392,0.00255,0.0
7,Madrid FIR,0.000179,0.026714,0.079202,0.060866,0.002625,0.0
7,Bordeaux FIR,0.015452,0.078093,0.137046,0.076363,0.008037,0.0
7,Reims FIR,0.024498,0.114491,0.166216,0.104647,0.006753,0.0
7,Paris FIR,0.020844,0.128442,0.179179,0.093177,0.004091,0.0
7,Marseille FIR,0.013324,0.092501,0.120715,0.050029,0.004128,0.0
7,Brest FIR,0.026753,0.086386,0.15259,0.111425,0.008402,0.0
7,Athinai FIR,0.021644,0.005056,0.003958,0.000615,0.0,0.0
7,Budapest FIR,0.042393,0.039723,0.025862,0.019563,6.5e-05,0.0
7,Brindisi FIR,0.00855,0.007787,0.002637,0.0001,0.0,0.0
7,Milano FIR,0.036738,0.09236,0.116086,0.069862,0.007394,0.0
7,Roma FIR,0.011665,0.049575,0.041714,0.016405,0.000402,0.0
7,Ljubljana FIR,0.026472,0.03338,0.034022,0.015176,0.0,0.0
7,Praha FIR,0.076054,0.130046,0.103873,0.05126,0.00878,0.0
7,Malta FIR,0.0041,0.019697,0.012055,0.00026,0.000138,0.0
7,Wien FIR,0.030861,0.059435,0.066542,0.026939,0.005048,0.0
7,Lisboa FIR,0.0,0.036873,0.097287,0.04925,0.002978,0.0
7,Santa Maria FIR,0.003714,0.024165,0.070907,0.037116,0.000999,0.0
7,Sarajevo FIR,0.025185,0.015125,0.017198,0.007581,0.0,0.0
7,Bucarest FIR,0.056523,0.051052,0.024517,0.004155,7.4e-05,0.0
7,Switzerland FIR,0.024794,0.102678,0.16905,0.110219,0.019346,0.0
7,Ankara FIR,0.053496,0.081593,0.091824,0.053469,0.032747,0.000523
7,Istanbul FIR,0.061017,0.047248,0.039654,0.003645,0.000144,0.0
7,Chisinau FIR,0.063424,0.147477,0.111939,0.008095,0.0,0.0
7,Skopje FIR,0.02277,0.007714,0.0,0.0,0.0,0.0
7,Beograd FIR,0.023256,0.009365,0.006955,0.003446,0.0,0.0
7,Bratislava  FIR,0.06187,0.070031,0.02337,0.005815,0.000388,0.0
7,Yerevan FIR,0.009941,0.058305,0.083577,0.068848,0.045493,0.002482
7,Tibilisi FIR,0.009663,0.072441,0.123306,0.092144,0.058937,0.004067
7,Kiev FIR,0.090674,0.303703,0.304218,0.063155,0.00173,0.0
7,Dnipro FIR,0.080178,0.245429,0.343657,0.145194,0.046918,0.000636
7,Simferopol FIR,0.085518,0.251957,0.264994,0.073938,0.019364,0.0
7,Lvov FIR,0.062581,0.090389,0.072012,0.026958,0.00031,0.0
7,Odessa FIR,0.076955,0.240438,0.22351,0.039765,0.005324,0.0
8,European Airspace,0.029786,0.05669,0.074639,0.046085,0.015322,0.001329
8,North Atlantic,0.016648,0.023988,0.054338,0.064365,0.030138,0.005684
8,Continental Europe,0.027572,0.051889,0.070342,0.033939,0.007301,0.000178
8,Global,0.012333,0.016835,0.022451,0.019752,0.021473,0.023377
8,USA,0.013264,0.016869,0.012253,0.004874,0.000488,0.0
8,East Asia,0.005386,0.015137,0.025343,0.007286,0.000104,0.001355
8,Southeast Asia,0.0,0.0,0.0,0.006887,0.034121,0.048006
8,Latin America,0.001681,0.005571,0.010191,0.015716,0.038981,0.049952
8,Africa & Middle East,0.000943,0.001937,0.002634,0.011508,0.032855,0.042887
8,China,0.014112,0.018649,0.020001,0.003821,3.6e-05,0.000275
8,India,0.000505,0.000903,0.001527,0.000235,0.002414,0.009
8,North Pacific,0.033943,0.047272,0.053452,0.035012,0.013055,0.002067
8,Arctic,0.115241,0.103093,0.077707,0.024059,0.004555,0.001446
8,Reykjavik FIR,0.064104,0.075479,0.055954,0.009957,9.6e-05,0.0
8,Brussels FIR,0.02391,0.081096,0.101816,0.049802,0.004316,0.0
8,Langen FIR,0.023025,0.038894,0.068964,0.019386,0.002293,0.0
8,Munchen FIR,0.043509,0.052175,0.086998,0.016245,0.001073,0.0
8,Bremen FIR,0.028146,0.056366,0.078824,0.019911,0.000832,0.0
8,Tallinn FIR,0.119097,0.267894,0.231709,0.072698,0.001035,0.0
8,Helsinki FIR,0.134382,0.303928,0.353067,0.166768,0.006767,0.0
8,Shanwick FIR,0.009425,0.024707,0.068015,0.068982,0.032785,0.003359
8,Scottish FIR,0.038974,0.033994,0.041491,0.025655,0.004124,0.0
8,London FIR,0.038671,0.087145,0.114725,0.064921,0.01782,0.000474
8,Amsterdam FIR,0.029523,0.064323,0.088415,0.027191,3.1e-05,0.0
8,Shannon FIR,0.021543,0.05154,0.090861,0.075884,0.028537,0.00059
8,Copenhagen FIR,0.036431,0.06007,0.049212,0.007298,0.0,0.0
8,Bodo Oceanic FIR,0.194628,0.244111,0.19673,0.03626,0.000268,0.0
8,Polaris FIR,0.101877,0.10989,0.092839,0.019957,0.00037,0.0
8,Warszawa FIR,0.059126,0.097768,0.126838,0.057752,0.002838,0.0
8,Sweden FIR,0.102638,0.160073,0.166927,0.038947,0.000605,0.0
8,Riga FIR,0.087479,0.176993,0.166401,0.067293,0.002337,0.0
8,Vilnius FIR,0.097292,0.137838,0.164475,0.095493,0.001414,0.0
8,Canarias FIR,0.0,0.000581,0.004617,0.00326,0.007502,0.004539
8,Tirana FIR,0.012219,0.095074,0.154537,0.085481,0.006647,0.0
8,Sofia FIR,0.01173,0.062369,0.112513,0.114667,0.056114,0.0
8,Nicosia FIR,0.003643,0.005068,0.010676,0.01873,0.0,0.0
8,Zagreb FIR,0.028141,0.077162,0.071839,0.02278,0.004723,0.0
8,Barcelona FIR,0.002508,0.03093,0.057375,0.016801,0.002632,0.000761
8,Madrid FIR,0.000383,0.011155,0.043767,0.046607,0.003355,0.000173
8,Bordeaux FIR,0.010854,0.047725,0.092287,0.044765,0.016337,0.000857
8,Reims FIR,0.016312,0.056034,0.070056,0.032621,0.011127,0.0
8,Paris FIR,0.026152,0.073438,0.108695,0.056882,0.011501,2e-05
8,Marseille FIR,0.019238,0.060086,0.077201,0.024748,0.008182,3.6e-05
8,Brest FIR,0.012803,0.046773,0.090319,0.057974,0.019801,0.000338
8,Athinai FIR,0.012365,0.055074,0.065833,0.028472,0.002506,0.0
8,Budapest FIR,0.024874,0.101086,0.179638,0.111109,0.011581,0.0
8,Brindisi FIR,0.033174,0.068415,0.071276,0.050013,0.008931,0.0
8,Milano FIR,0.016919,0.052153,0.10154,0.029303,0.005401,0.0
8,Roma FIR,0.040846,0.05877,0.046097,0.016264,0.00496,0.0
8,Ljubljana FIR,0.041075,0.104986,0.14992,0.042271,0.011262,0.0
8,Praha FIR,0.053527,0.084046,0.117079,0.02546,0.0026,0.0
8,Malta FIR,0.030009,0.040968,0.038188,0.013876,0.000201,0.0
8,Wien FIR,0.0452,0.090471,0.149356,0.04365,0.003788,0.0
8,Lisboa FIR,0.000262,0.010661,0.025679,0.029577,0.004168,0.000474
8,Santa Maria FIR,7.5e-05,0.003125,0.037592,0.073465,0.046612,0.009929
8,Sarajevo FIR,0.016982,0.059506,0.079316,0.043214,0.011844,0.0
8,Bucarest FIR,0.026014,0.095819,0.185061,0.171715,0.097975,0.0
8,Switzerland FIR,0.018692,0.042975,0.112437,0.056546,0.015011,0.0
8,Ankara FIR,0.013928,0.015142,0.014829,0.013985,0.005288,0.0
8,Istanbul FIR,0.008472,0.05225,0.072269,0.049614,0.010072,0.0
8,Chisinau FIR,0.040488,0.094562,0.213061,0.215995,0.168694,0.000119
8,Skopje FIR,0.004422,0.058813,0.12793,0.088091,0.015679,0.0
8,Beograd FIR,0.016845,0.07471,0.148689,0.094671,0.013842,0.0
8,Bratislava  FIR,0.041786,0.138985,0.175721,0.081805,0.005992,0.0
8,Yerevan FIR,0.013627,0.004256,0.0,0.0,0.0,0.0
8,Tibilisi FIR,0.015337,0.025889,0.014579,0.0,0.0,0.0
8,Kiev FIR,0.034083,0.091857,0.191076,0.136556,0.09391,0.002476
8,Dnipro FIR,0.02889,0.076538,0.098271,0.06903,0.042898,0.005091
8,Simferopol FIR,0.048237,0.102147,0.074322,0.059925,0.053102,0.002018
8,Lvov FIR,0.015346,0.134856,0.2473,0.189294,0.067984,0.0
8,Odessa FIR,0.029104,0.094586,0.16521,0.140366,0.130188,0.000977
9,European Airspace,0.020586,0.05461,0.066909,0.043104,0.020556,0.001694
9,North Atlantic,0.013794,0.03587,0.062321,0.049051,0.018374,0.000302
9,Continental Europe,0.027242,0.05746,0.052627,0.019275,0.005908,1.2e-05
9,Global,0.01054,0.016137,0.022004,0.021066,0.024543,0.026677
9,USA,0.008825,0.023405,0.03281,0.029616,0.008627,0.000484
9,East Asia,0.005472,0.005237,0.004971,0.001834,0.002687,0.001043
9,Southeast Asia,0.0,0.0,0.0,0.00612,0.047883,0.0936
9,Latin America,0.00205,0.008627,0.012723,0.018917,0.038156,0.049465
9,Africa & Middle East,0.000361,0.001635,0.002481,0.009864,0.028775,0.037854
9,China,0.007105,0.011378,0.011803,0.003074,0.001678,0.000317
9,India,0.000103,0.001206,0.0025,0.002484,0.013466,0.016517
9,North Pacific,0.028629,0.052498,0.057615,0.034762,0.013942,0.000963
9,Arctic,0.088146,0.072209,0.051998,0.021004,0.006622,0.000304
9,Reykjavik FIR,0.031587,0.021307,0.012505,0.004876,0.001568,0.0
9,Brussels FIR,0.041324,0.045877,0.022007,0.004866,0.014554,0.0
9,Langen FIR,0.06798,0.099858,0.052765,0.006967,0.003461,0.0
9,Munchen FIR,0.060335,0.139694,0.115664,0.026744,0.000682,0.0
9,Bremen FIR,0.082409,0.153106,0.102864,0.038209,0.006388,0.0
9,Tallinn FIR,0.039045,0.086427,0.120023,0.064421,0.021045,0.0
9,Helsinki FIR,0.034819,0.14286,0.201955,0.184878,0.097447,0.0002
9,Shanwick FIR,0.009893,0.040665,0.081708,0.069688,0.037409,0.001054
9,Scottish FIR,0.02383,0.034353,0.04357,0.014982,0.002285,0.00014
9,London FIR,0.018952,0.037688,0.052778,0.037038,0.009063,0.0
9,Amsterdam FIR,0.050538,0.068678,0.050771,0.032255,0.022897,0.0
9,Shannon FIR,0.000736,0.020428,0.067454,0.058625,0.012938,0.0
9,Copenhagen FIR,0.066803,0.121055,0.079321,0.036523,0.0156,0.0
9,Bodo Oceanic FIR,0.107485,0.123912,0.094471,0.030879,0.024098,0.003887
9,Polaris FIR,0.068265,0.119748,0.108407,0.038498,0.006045,4.3e-05
9,Warszawa FIR,0.041103,0.153219,0.163414,0.059961,0.019948,0.0
9,Sweden FIR,0.053594,0.143768,0.190014,0.101327,0.036784,6.9e-05
9,Riga FIR,0.033816,0.11275,0.155204,0.101394,0.020776,0.0
9,Vilnius FIR,0.036571,0.140262,0.168015,0.112869,0.030795,0.0
9,Canarias FIR,0.000128,0.001268,0.006186,0.001241,0.0,0.0
9,Tirana FIR,0.011936,0.076803,0.109304,0.045956,0.000814,0.0
9,Sofia FIR,0.024116,0.103375,0.154619,0.09601,0.012366,0.0
9,Nicosia FIR,0.001996,0.005483,0.00215,0.0,0.0,0.0
9,Zagreb FIR,0.050304,0.136904,0.114627,0.014915,0.0,0.0
9,Barcelona FIR,0.013416,0.021662,0.007689,0.0,0.0,0.0
9,Madrid FIR,0.007188,0.013793,0.012209,0.00455,0.002033,0.0
9,Bordeaux FIR,0.017149,0.009154,0.00115,0.0,0.000187,0.0
9,Reims FIR,0.044703,0.04186,0.013472,1.9e-05,9.1e-05,0.0
9,Paris FIR,0.030831,0.029024,0.006565,0.0016,0.004921,0.0
9,Marseille FIR,0.032004,0.047765,0.022273,4.8e-05,0.0,0.0
9,Brest FIR,0.007689,0.010216,0.011872,0.010047,0.010702,0.0
9,Athinai FIR,0.003006,0.019407,0.037949,0.016033,0.000783,0.0
9,Budapest FIR,0.059717,0.183612,0.176484,0.056812,0.006398,0.0
9,Brindisi FIR,0.020238,0.080106,0.062048,0.0068,0.0,0.0
9,Milano FIR,0.03966,0.086142,0.066851,0.004841,0.0,0.0
9,Roma FIR,0.020056,0.04549,0.030883,0.003542,0.0,0.0
9,Ljubljana FIR,0.033177,0.138439,0.132226,0.017136,0.0,0.0
9,Praha FIR,0.067036,0.163244,0.157835,0.05227,0.007727,0.0
9,Malta FIR,0.000501,0.011895,0.037866,0.029908,0.0,0.0
9,Wien FIR,0.052518,0.127862,0.119445,0.037596,0.001475,0.0
9,Lisboa FIR,0.002952,0.01187,0.017242,0.006366,0.002051,0.0
9,Santa Maria FIR,0.000462,0.018034,0.044059,0.037051,0.013261,0.00019
9,Sarajevo FIR,0.06932,0.129132,0.112509,0.024339,2.2e-05,0.0
9,Bucarest FIR,0.046911,0.184097,0.2046,0.113586,0.027054,0.0
9,Switzerland FIR,0.051971,0.074939,0.047677,0.003422,0.0,0.0
9,Ankara FIR,0.014777,0.038366,0.041903,0.014698,0.000999,0.0
9,Istanbul FIR,0.012492,0.051228,0.064,0.020437,0.001142,0.0
9,Chisinau FIR,0.046707,0.191532,0.199868,0.141692,0.061812,0.0
9,Skopje FIR,0.009779,0.059863,0.106337,0.068053,0.007876,0.0
9,Beograd FIR,0.029693,0.105324,0.12352,0.054788,0.006756,0.0
9,Bratislava  FIR,0.069077,0.186379,0.190053,0.074689,0.013567,0.0
9,Yerevan FIR,0.000981,0.023045,0.059859,0.027239,0.0,0.0
9,Tibilisi FIR,0.011434,0.062538,0.093456,0.031545,0.000239,0.0
9,Kiev FIR,0.037181,0.14977,0.185671,0.194261,0.156579,0.005045
9,Dnipro FIR,0.050437,0.135769,0.168833,0.156942,0.152567,0.041621
9,Simferopol FIR,0.025592,0.110695,0.124969,0.076562,0.049297,0.004151
9,Lvov FIR,0.043206,0.138873,0.15608,0.074968,0.026814,0.0
9,Odessa FIR,0.037825,0.134024,0.157303,0.139338,0.113443,0.000948
10,European Airspace,0.032209,0.051695,0.046824,0.015191,0.004165,0.000758
10,North Atlantic,0.030104,0.048886,0.059484,0.034101,0.012075,0.000177
10,Continental Europe,0.032096,0.055877,0.046715,0.009464,0.000248,0.0
10,Global,0.011795,0.015625,0.018939,0.017849,0.024156,0.027767
10,USA,0.008125,0.017633,0.030182,0.029098,0.008877,0.000158
10,East Asia,0.003737,0.006659,0.008481,0.002148,0.000592,0.00084
10,Southeast Asia,0.0,0.0,0.0,0.009902,0.096999,0.176631
10,Latin America,0.00149,0.008411,0.01427,0.019053,0.039096,0.049871
10,Africa & Middle East,0.000904,0.003261,0.003874,0.010271,0.03372,0.042739
10,China,0.015242,0.01753,0.013203,0.001238,0.000192,7.2e-05
10,India,0.000364,0.000896,0.00084,0.004702,0.020795,0.019966
10,North Pacific,0.04743,0.055359,0.044605,0.01688,0.005459,0.000202
10,Arctic,0.052158,0.041654,0.035569,0.013781,0.008345,0.003638
10,Reykjavik FIR,0.101885,0.119803,0.100761,0.020833,0.0,0.0
10,Brussels FIR,0.017939,0.099413,0.069244,0.00214,0.0,0.0
10,Langen FIR,0.049842,0.071282,0.054769,0.003254,0.0,0.0
10,Munchen FIR,0.045988,0.073361,0.055398,0.00586,0.0,0.0
10,Bremen FIR,0.010769,0.026534,0.029616,0.002046,0.0,0.0
10,Tallinn FIR,0.00661,0.024332,0.007951,0.0,0.0,0.0
10,Helsinki FIR,0.051474,0.090271,0.102385,0.049228,0.043717,0.008007
10,Shanwick FIR,0.070158,0.080897,0.056323,0.011576,0.002033,0.0
10,Scottish FIR,0.051111,0.055167,0.046216,0.00227,0.0,0.0
10,London FIR,0.045003,0.064672,0.043013,0.00153,0.0,0.0
10,Amsterdam FIR,0.037729,0.076195,0.084526,0.007124,0.0,0.0
10,Shannon FIR,0.064885,0.112794,0.093882,0.010022,0.0,0.0
10,Copenhagen FIR,0.009836,0.020406,0.011902,0.000167,0.0,0.0
10,Bodo Oceanic FIR,0.072882,0.118508,0.113868,0.04633,0.033274,0.017431
10,Polaris FIR,0.023072,0.044611,0.051452,0.033618,0.023624,0.006011
10,Warszawa FIR,0.005288,0.013793,0.009142,0.000828,0.0,0.0
10,Sweden FIR,0.02724,0.056831,0.049783,0.035727,0.025993,0.001182
10,Riga FIR,0.00082,0.008534,0.000973,0.0,0.0,0.0
10,Vilnius FIR,0.0,0.0,0.0,0.0,0.0,0.0
10,Canarias FIR,0.0,0.004129,0.010058,0.016507,0.002666,0.0
10,Tirana FIR,0.020459,0.028461,0.030782,0.011607,0.001683,0.0
10,Sofia FIR,0.102891,0.112786,0.025897,0.000257,0.0,0.0
10,Nicosia FIR,0.000479,0.0,0.0,0.0,0.0,0.0
10,Zagreb FIR,0.074546,0.090716,0.074646,0.016111,9e-06,0.0
10,Barcelona FIR,0.024111,0.048971,0.066273,0.025746,0.001113,0.0
10,Madrid FIR,0.023711,0.046562,0.037134,0.011142,4e-06,0.0
10,Bordeaux FIR,0.045275,0.044615,0.037973,0.008678,0.0,0.0
10,Reims FIR,0.022822,0.072466,0.045962,0.000322,0.0,0.0
10,Paris FIR,0.031735,0.067701,0.045007,0.002035,0.0,0.0
10,Marseille FIR,0.033581,0.056421,0.049567,0.004975,0.0,0.0
10,Brest FIR,0.050665,0.076609,0.05264,0.008053,0.0,0.0
10,Athinai FIR,0.021554,0.025849,0.013689,0.004169,7.8e-05,0.0
10,Budapest FIR,0.054219,0.098776,0.093733,0.032674,0.000123,0.0
10,Brindisi FIR,0.025529,0.045699,0.034581,0.013526,0.000927,0.0
10,Milano FIR,0.033309,0.052814,0.048095,0.010401,0.0,0.0
10,Roma FIR,0.018191,0.05606,0.052684,0.013169,0.000191,0.0
10,Ljubljana FIR,0.127412,0.152947,0.111397,0.02101,0.0,0.0
10,Praha FIR,0.013443,0.045593,0.059433,0.013339,0.0,0.0
10,Malta FIR,0.005442,0.014788,0.008338,0.000157,0.0,0.0
10,Wien FIR,0.071796,0.130418,0.094637,0.01465,0.0,0.0
10,Lisboa FIR,0.010065,0.029675,0.027861,0.009469,0.000295,0.0
10,Santa Maria FIR,0.004979,0.019364,0.031068,0.028398,0.009496,0.000133
10,Sarajevo FIR,0.075075,0.076925,0.044991,0.007566,4.4e-05,0.0
10,Bucarest FIR,0.087196,0.122594,0.05049,0.00339,9.2e-05,0.0
10,Switzerland FIR,0.030024,0.07892,0.072837,0.00285,0.0,0.0
10,Ankara FIR,0.027012,0.015376,0.006178,0.000621,0.0,0.0
10,Istanbul FIR,0.027233,0.012691,0.00131,0.0,0.0,0.0
10,Chisinau FIR,0.02158,0.02945,0.020681,0.0,0.0,0.0
10,Skopje FIR,0.012982,0.045101,0.028939,0.002719,0.001537,0.0
10,Beograd FIR,0.051948,0.066263,0.038578,0.008055,0.000141,0.0
10,Bratislava  FIR,0.015584,0.057658,0.057766,0.009011,0.0,0.0
10,Yerevan FIR,0.049813,0.037372,0.005905,0.000119,0.0,0.0
10,Tibilisi FIR,0.079815,0.125364,0.089585,0.006844,0.0,0.0
10,Kiev FIR,0.017376,0.026459,0.018083,0.0,0.0,0.0
10,Dnipro FIR,0.061662,0.084908,0.091786,0.050044,0.000471,0.0
10,Simferopol FIR,0.073029,0.085511,0.039979,0.0,0.0,0.0
10,Lvov FIR,0.014622,0.017874,0.007879,0.0,0.0,0.0
10,Odessa FIR,0.034433,0.048129,0.031741,0.0,0.0,0.0
11,European Airspace,0.031779,0.057921,0.068145,0.036556,0.0129,0.000619
11,North Atlantic,0.052362,0.069106,0.061461,0.025833,0.008303,6.7e-05
11,Continental Europe,0.021958,0.066407,0.088742,0.052998,0.022859,0.001254
11,Global,0.014118,0.018296,0.020654,0.015577,0.019529,0.024461
11,USA,0.007608,0.024379,0.030914,0.016105,0.002608,5.4e-05
11,East Asia,0.003877,0.005563,0.003776,0.000242,0.000613,0.002381
11,Southeast Asia,0.0,0.0,0.0,0.015767,0.092781,0.155944
11,Latin America,0.003357,0.003903,0.00323,0.003514,0.026408,0.041413
11,Africa & Middle East,0.000354,0.002386,0.005677,0.014678,0.027935,0.026378
11,China,0.011559,0.016886,0.015202,0.003274,4.8e-05,5.4e-05
11,India,4.3e-05,0.001645,0.002503,0.0007,0.003224,0.005027
11,North Pacific,0.043844,0.058746,0.054657,0.024244,0.008296,0.000482
11,Arctic,0.049886,0.023315,0.008304,0.000877,0.0,0.0
11,Reykjavik FIR,0.07553,0.037919,0.010702,0.000451,0.0,0.0
11,Brussels FIR,0.030235,0.072486,0.113584,0.041641,0.033769,0.003834
11,Langen FIR,0.043794,0.107261,0.082767,0.047161,0.014617,7.3e-05
11,Munchen FIR,0.037726,0.117656,0.073864,0.02569,0.003329,0.0
11,Bremen FIR,0.022335,0.120154,0.140741,0.078316,0.03962,0.001083
11,Tallinn FIR,0.066962,0.109636,0.176166,0.170922,0.128841,0.005149
11,Helsinki FIR,0.072502,0.142374,0.180861,0.109254,0.037124,8.8e-05
11,Shanwick FIR,0.029587,0.060112,0.069531,0.04563,0.019814,1e-06
11,Scottish FIR,0.055671,0.118433,0.117802,0.061384,0.019717,0.000147
11,London FIR,0.04466,0.105724,0.170264,0.111415,0.056783,0.005963
11,Amsterdam FIR,0.024163,0.07568,0.115396,0.082254,0.071026,0.004885
11,Shannon FIR,0.038937,0.10056,0.162952,0.123065,0.055287,0.000249
11,Copenhagen FIR,0.032207,0.080961,0.133884,0.122033,0.07308,0.006924
11,Bodo Oceanic FIR,0.037702,0.037613,0.029487,0.001732,0.0,0.0
11,Polaris FIR,0.074261,0.124239,0.135534,0.057251,0.014543,0.000713
11,Warszawa FIR,0.046559,0.14133,0.146061,0.064014,0.013736,0.00024
11,Sweden FIR,0.050328,0.107755,0.135567,0.101245,0.046144,0.003034
11,Riga FIR,0.056794,0.133127,0.157467,0.133373,0.076384,0.00357
11,Vilnius FIR,0.079876,0.130116,0.151277,0.111896,0.044244,0.000412
11,Canarias FIR,0.0,0.001367,0.018328,0.025221,0.002337,1e-06
11,Tirana FIR,0.060786,0.067038,0.032893,0.000415,0.0,0.0
11,Sofia FIR,0.139316,0.094122,0.04081,0.004653,0.000268,0.0
11,Nicosia FIR,0.000763,0.02142,0.034105,0.007279,0.0,0.0
11,Zagreb FIR,0.048094,0.060138,0.029279,0.000958,0.0,0.0
11,Barcelona FIR,0.002214,0.02752,0.028641,0.006292,0.000415,1.3e-05
11,Madrid FIR,4.6e-05,0.03148,0.075484,0.049764,0.018036,8.4e-05
11,Bordeaux FIR,0.006547,0.072603,0.099393,0.032536,0.013464,0.000823
11,Reims FIR,0.025721,0.103249,0.103053,0.04423,0.003652,5.6e-05
11,Paris FIR,0.016907,0.077105,0.147603,0.060816,0.027471,0.005336
11,Marseille FIR,0.008192,0.056261,0.048587,0.010396,0.001802,2.8e-05
11,Brest FIR,0.008276,0.088293,0.165249,0.096699,0.045119,0.002702
11,Athinai FIR,0.018007,0.032165,0.037647,0.007716,6e-06,0.0
11,Budapest FIR,0.056452,0.117212,0.112357,0.015295,0.0,0.0
11,Brindisi FIR,0.019922,0.032031,0.012541,0.0039,0.0,0.0
11,Milano FIR,0.03751,0.071056,0.038635,0.003593,0.000283,0.0
11,Roma FIR,0.006931,0.010288,0.013964,0.005593,0.0,0.0
11,Ljubljana FIR,0.049396,0.079302,0.029112,0.000409,0.0,0.0
11,Praha FIR,0.047787,0.116865,0.082945,0.029613,0.001625,0.0
11,Malta FIR,0.001758,0.002523,0.012232,0.004421,0.0,0.0
11,Wien FIR,0.04185,0.087166,0.051478,0.007739,0.0,0.0
11,Lisboa FIR,0.0,0.028925,0.087578,0.062018,0.011808,0.000107
11,Santa Maria FIR,0.002106,0.019024,0.047878,0.028739,0.005302,4.3e-05
11,Sarajevo FIR,0.050599,0.056974,0.049639,0.001438,0.0,0.0
11,Bucarest FIR,0.132233,0.129106,0.089269,0.02406,0.000612,0.0
11,Switzerland FIR,0.031191,0.089357,0.07229,0.015714,0.00168,0.0
11,Ankara FIR,0.025332,0.045991,0.051758,0.019062,0.000458,0.0
11,Istanbul FIR,0.07686,0.060738,0.048898,0.024098,0.000842,0.0
11,Chisinau FIR,0.118626,0.102102,0.045835,0.00349,0.002696,0.0
11,Skopje FIR,0.080925,0.054141,0.055355,0.000363,0.0,0.0
11,Beograd FIR,0.075345,0.088804,0.071696,0.007818,0.0,0.0
11,Bratislava  FIR,0.057476,0.141262,0.1313,0.023374,0.0,0.0
11,Yerevan FIR,0.008357,0.100831,0.050092,0.000398,0.0,0.0
11,Tibilisi FIR,0.034568,0.080637,0.057238,0.007733,0.000308,0.0
11,Kiev FIR,0.076636,0.070747,0.036083,0.005859,6e-06,0.0
11,Dnipro FIR,0.119868,0.151269,0.07555,0.007902,6e-06,0.0
11,Simferopol FIR,0.105059,0.102032,0.047536,0.007427,2.2e-05,0.0
11,Lvov FIR,0.062615,0.126976,0.114091,0.020205,0.000615,0.0
11,Odessa FIR,0.074908,0.070819,0.036976,0.00495,1.3e-05,0.0
12,European Airspace,0.023275,0.038847,0.041331,0.023479,0.011873,0.000706
12,North Atlantic,0.025568,0.029902,0.048573,0.041591,0.024774,0.003078
12,Continental Europe,0.015889,0.058745,0.073331,0.044408,0.024126,0.002218
12,Global,0.012543,0.016412,0.019944,0.019211,0.024527,0.025214
12,USA,0.005946,0.014874,0.017515,0.013458,0.003613,0.000104
12,East Asia,0.005497,0.005968,0.009027,0.009202,0.007959,0.005661
12,Southeast Asia,0.0,0.0,0.0,0.010151,0.023286,0.017262
12,Latin America,0.004262,0.007065,0.009019,0.011954,0.043068,0.064173
12,Africa & Middle East,0.000595,0.002069,0.004106,0.017894,0.044431,0.052104
12,China,0.011272,0.01882,0.024785,0.015228,0.004996,0.00173
12,India,1e-06,0.001294,0.004868,0.006729,0.003299,0.000429
12,North Pacific,0.036548,0.046632,0.048725,0.025943,0.010512,0.000861
12,Arctic,0.039561,0.026293,0.008726,0.000882,0.0,0.0
12,Reykjavik FIR,0.056158,0.041331,0.011552,0.00013,0.0,0.0
12,Brussels FIR,0.03002,0.1047,0.112594,0.100667,0.074766,0.020765
12,Langen FIR,0.024681,0.087399,0.093899,0.062423,0.046704,0.0084
12,Munchen FIR,0.022806,0.069873,0.066234,0.031735,0.023177,0.006949
12,Bremen FIR,0.024776,0.100043,0.11704,0.058717,0.034758,0.003776
12,Tallinn FIR,0.01887,0.025062,0.013075,0.012603,0.004713,0.0
12,Helsinki FIR,0.041546,0.046716,0.040391,0.007951,0.000402,0.0
12,Shanwick FIR,0.011227,0.038249,0.068836,0.065915,0.04213,0.002092
12,Scottish FIR,0.035417,0.07439,0.068911,0.023585,0.00035,2e-06
12,London FIR,0.018916,0.090404,0.130025,0.075368,0.02797,0.01134
12,Amsterdam FIR,0.03258,0.122547,0.138707,0.074038,0.044143,0.014036
12,Shannon FIR,0.01056,0.063302,0.080059,0.041931,0.012591,0.001506
12,Copenhagen FIR,0.048348,0.097206,0.107816,0.042122,0.018896,0.000369
12,Bodo Oceanic FIR,0.049532,0.042776,0.0195,0.001711,0.0,0.0
12,Polaris FIR,0.069828,0.06534,0.063689,0.011178,1e-06,0.0
12,Warszawa FIR,0.024853,0.055838,0.077726,0.039466,0.033324,0.00057
12,Sweden FIR,0.050352,0.061799,0.053371,0.012932,0.008394,1e-05
12,Riga FIR,0.019803,0.021982,0.032275,0.019109,0.0127,0.0
12,Vilnius FIR,0.02229,0.017235,0.064027,0.0367,0.028706,0.0
12,Canarias FIR,0.0,0.0,0.001922,0.00491,0.002969,0.0
12,Tirana FIR,0.011084,0.027116,0.015471,0.000682,3.1e-05,0.0
12,Sofia FIR,0.016763,0.028429,0.010052,0.00394,0.000666,0.0
12,Nicosia FIR,0.012914,0.003308,0.004073,6.7e-05,0.0,0.0
12,Zagreb FIR,0.02006,0.041107,0.030097,0.002176,0.004237,0.0
12,Barcelona FIR,0.000903,0.045449,0.090138,0.075543,0.034742,3.9e-05
12,Madrid FIR,0.003462,0.060743,0.081284,0.048249,0.027664,0.0
12,Bordeaux FIR,0.013821,0.05587,0.085465,0.086846,0.047773,0.0
12,Reims FIR,0.008524,0.058714,0.103935,0.088435,0.084692,0.001534
12,Paris FIR,0.01624,0.076098,0.091443,0.10521,0.086482,0.014324
12,Marseille FIR,0.003798,0.041522,0.092836,0.072842,0.039108,0.000338
12,Brest FIR,0.008565,0.074575,0.097675,0.077727,0.055928,0.00534
12,Athinai FIR,0.012547,0.012347,0.009892,0.001762,0.0,0.0
12,Budapest FIR,0.029858,0.053641,0.032265,0.008284,0.004963,0.0
12,Brindisi FIR,0.008442,0.017005,0.00843,0.000117,0.000802,0.0
12,Milano FIR,0.012996,0.06883,0.082434,0.045767,0.032736,0.002539
12,Roma FIR,0.004234,0.015564,0.008649,0.001891,0.00146,0.0
12,Ljubljana FIR,0.034475,0.049737,0.031034,0.001461,0.005541,0.0
12,Praha FIR,0.0209,0.052032,0.055685,0.022309,0.013137,0.002788
12,Malta FIR,0.004742,0.006662,0.005652,0.001942,0.0,0.0
12,Wien FIR,0.026777,0.064241,0.046013,0.018374,0.014467,0.002013
12,Lisboa FIR,0.001625,0.017765,0.015554,0.010121,0.011376,0.0
12,Santa Maria FIR,0.000162,0.016892,0.041266,0.045347,0.028582,0.000265
12,Sarajevo FIR,0.031061,0.069858,0.048462,0.003327,0.000706,0.0
12,Bucarest FIR,0.00922,0.010169,0.015753,0.013908,0.001274,0.0
12,Switzerland FIR,0.010349,0.071912,0.094277,0.067872,0.059873,0.000602
12,Ankara FIR,0.026851,0.024155,0.006203,0.000446,0.0,0.0
12,Istanbul FIR,0.032542,0.030555,0.013953,0.001964,0.0,0.0
12,Chisinau FIR,0.000448,9e-05,0.004642,0.002029,0.0,0.0
12,Skopje FIR,0.010086,0.029982,0.022499,0.000134,0.001476,0.0
12,Beograd FIR,0.020117,0.047223,0.032378,0.007191,0.005791,0.0
12,Bratislava  FIR,0.028584,0.065096,0.068632,0.024488,0.011936,0.0
12,Yerevan FIR,0.01615,0.047932,0.041377,0.006489,0.0,0.0
12,Tibilisi FIR,0.023473,0.06882,0.057328,0.000425,0.0,0.0
12,Kiev FIR,0.038778,0.043625,0.057104,0.009417,0.0,0.0
12,Dnipro FIR,0.097733,0.100886,0.062358,0.014669,0.0,0.0
12,Simferopol FIR,0.078377,0.062277,0.021257,0.001756,0.0,0.0
12,Lvov FIR,0.023119,0.034326,0.04017,0.007991,0.000179,0.0
12,Odessa FIR,0.019445,0.020606,0.020283,0.008235,0.0,0.0
13,European Airspace,0.016889,0.031261,0.028867,0.009174,0.002166,0.000163
13,North Atlantic,0.013981,0.015182,0.039289,0.036088,0.01925,0.007246
13,Continental Europe,0.026374,0.056709,0.047689,0.009084,0.002507,6e-05
13,Global,0.010776,0.015903,0.021397,0.02155,0.02751,0.028686
13,USA,0.009259,0.017484,0.022738,0.010938,0.00367,0.000582
13,East Asia,0.002481,0.005576,0.011654,0.028744,0.024459,0.013856
13,Southeast Asia,0.0,0.0,6e-06,0.018842,0.066288,0.087652
13,Latin America,0.001813,0.005663,0.014468,0.022054,0.04638,0.055973
13,Africa & Middle East,0.000197,0.001672,0.002987,0.012852,0.038897,0.052258
13,China,0.006369,0.015064,0.025535,0.025975,0.010703,0.004102
13,India,2e-06,0.000539,0.005897,0.008703,0.001844,0.003093
13,North Pacific,0.023162,0.0376,0.042028,0.019527,0.006276,0.001664
13,Arctic,0.039667,0.028637,0.01334,0.001144,5.8e-05,0.0
13,Reykjavik FIR,0.043134,0.024033,0.008092,0.0,0.0,0.0
13,Brussels FIR,0.07787,0.111674,0.074923,0.021907,0.0,0.0
13,Langen FIR,0.03511,0.108869,0.087592,0.010656,0.0,0.0
13,Munchen FIR,0.026282,0.105254,0.086304,0.01291,0.0,0.0
13,Bremen FIR,0.057312,0.136578,0.099358,0.013529,0.0,0.0
13,Tallinn FIR,0.026747,0.060613,0.085346,0.018757,0.0,0.0
13,Helsinki FIR,0.02583,0.099843,0.095015,0.014744,0.0,0.0
13,Shanwick FIR,0.032354,0.015061,0.008397,0.003046,0.001023,2.3e-05
13,Scottish FIR,0.058688,0.022725,0.00207,5e-06,0.0,0.0
13,London FIR,0.061066,0.069832,0.021185,0.000953,0.0,0.0
13,Amsterdam FIR,0.072931,0.113367,0.081403,0.018259,0.0,0.0
13,Shannon FIR,0.019696,0.005307,0.0,0.0,0.0,0.0
13,Copenhagen FIR,0.058628,0.125696,0.08088,0.006397,0.0,0.0
13,Bodo Oceanic FIR,0.013542,0.006053,0.002358,0.0,0.0,0.0
13,Polaris FIR,0.034756,0.040096,0.019265,0.0,0.0,0.0
13,Warszawa FIR,0.027349,0.095157,0.07877,0.017948,0.0,0.0
13,Sweden FIR,0.037561,0.094729,0.066011,0.002492,0.0,0.0
13,Riga FIR,0.039413,0.090013,0.083737,0.024311,0.0,0.0
13,Vilnius FIR,0.040711,0.09362,0.090144,0.023845,0.0,0.0
13,Canarias FIR,0.0,0.0,0.001187,0.006991,0.014549,0.010059
13,Tirana FIR,9.6e-05,0.02578,0.085582,0.046264,0.000352,0.0
13,Sofia FIR,0.001407,0.075078,0.089808,0.040053,0.001201,0.0
13,Nicosia FIR,0.000203,0.018298,0.03596,0.032891,0.007161,0.0
13,Zagreb FIR,0.002269,0.076131,0.118522,0.024237,3e-05,0.0
13,Barcelona FIR,0.012671,0.039102,0.041928,0.00826,0.004196,0.0
13,Madrid FIR,0.015915,0.042048,0.029352,0.001553,7.1e-05,0.0
13,Bordeaux FIR,0.033701,0.050353,0.045754,0.005451,0.0,0.0
13,Reims FIR,0.037567,0.08459,0.072321,0.006428,0.0,0.0
13,Paris FIR,0.046318,0.076139,0.071449,0.010166,0.0,0.0
13,Marseille FIR,0.018152,0.055297,0.063787,0.013188,0.002521,0.0
13,Brest FIR,0.036161,0.045506,0.016456,0.000342,0.0,0.0
13,Athinai FIR,0.00039,0.008827,0.025035,0.024762,0.002668,0.0
13,Budapest FIR,0.002566,0.101737,0.117894,0.017257,0.0,0.0
13,Brindisi FIR,0.000162,0.034637,0.047244,0.021372,0.001814,3.9e-05
13,Milano FIR,0.00451,0.073812,0.096145,0.009213,0.0,0.0
13,Roma FIR,0.00111,0.038561,0.04876,0.018817,0.007758,0.000314
13,Ljubljana FIR,0.002571,0.116668,0.098153,0.018257,0.0,0.0
13,Praha FIR,0.014428,0.074893,0.074681,0.021732,0.0,0.0
13,Malta FIR,0.0,0.003527,0.003941,0.000266,0.005222,0.000807
13,Wien FIR,0.008052,0.088752,0.07959,0.01583,0.0,0.0
13,Lisboa FIR,0.011721,0.023421,0.024283,0.005687,0.003349,1.8e-05
13,Santa Maria FIR,0.00088,0.005084,0.01702,0.022433,0.015969,0.007595
13,Sarajevo FIR,0.001087,0.064732,0.145741,0.036934,0.000689,0.0
13,Bucarest FIR,0.001932,0.07381,0.099113,0.025435,0.000236,0.0
13,Switzerland FIR,0.012091,0.072612,0.074162,0.006938,0.0,0.0
13,Ankara FIR,0.000824,0.02129,0.039098,0.033801,0.004591,0.0
13,Istanbul FIR,0.00046,0.031416,0.047049,0.018864,0.000611,0.0
13,Chisinau FIR,0.012931,0.050665,0.063492,0.018146,0.0,0.0
13,Skopje FIR,0.000314,0.03731,0.124322,0.085641,0.001171,0.0
13,Beograd FIR,0.000545,0.072192,0.15585,0.057051,0.000207,0.0
13,Bratislava  FIR,0.005981,0.062194,0.054045,0.017639,0.0,0.0
13,Yerevan FIR,7.8e-05,0.012721,0.022557,0.004463,0.0,0.0
13,Tibilisi FIR,0.000537,0.02064,0.026095,0.008102,0.0,0.0
13,Kiev FIR,0.024518,0.071436,0.065831,0.011568,0.000657,0.0
13,Dnipro FIR,0.045988,0.090276,0.048185,0.006761,0.000868,0.0
13,Simferopol FIR,0.008396,0.046002,0.065949,0.066004,0.007133,0.0
13,Lvov FIR,0.011718,0.042422,0.043988,0.008124,0.000296,0.0
13,Odessa FIR,0.009943,0.041118,0.059132,0.026877,8e-05,0.0
14,European Airspace,0.016278,0.027687,0.031512,0.021808,0.012684,0.001886
14,North Atlantic,0.021448,0.025958,0.02122,0.007313,0.002044,1.8e-05
14,Continental Europe,0.018965,0.038182,0.052901,0.036774,0.027599,0.005364
14,Global,0.010438,0.013795,0.019943,0.021767,0.028553,0.028681
14,USA,0.002286,0.008274,0.012309,0.016611,0.005735,0.000297
14,East Asia,0.001219,0.004356,0.01472,0.026505,0.010369,0.003098
14,Southeast Asia,0.0,0.0,0.0,0.008143,0.053933,0.071745
14,Latin America,0.003113,0.00674,0.011836,0.013701,0.033411,0.043542
14,Africa & Middle East,0.000105,0.001194,0.004028,0.01733,0.040003,0.042456
14,China,0.007476,0.01596,0.020721,0.015166,0.004295,0.000654
14,India,5e-06,0.000703,0.003159,0.004837,0.009117,0.018726
14,North Pacific,0.021606,0.041722,0.042751,0.017166,0.005955,0.000811
14,Arctic,0.038517,0.016766,0.004436,0.001337,0.000147,0.0
14,Reykjavik FIR,0.045839,0.026652,0.003176,1.2e-05,0.0,0.0
14,Brussels FIR,0.023168,0.064371,0.069293,0.033181,0.023334,5.5e-05
14,Langen FIR,0.009605,0.036475,0.06522,0.045498,0.044003,0.009371
14,Munchen FIR,0.007673,0.035762,0.059655,0.04675,0.066471,0.024553
14,Bremen FIR,0.03286,0.053469,0.081647,0.070382,0.063393,0.002029
14,Tallinn FIR,0.050818,0.101836,0.061557,0.015791,0.004863,0.0
14,Helsinki FIR,0.037645,0.035707,0.016894,0.000866,4.1e-05,0.0
14,Shanwick FIR,0.037023,0.031469,0.014743,0.003946,0.000865,0.0
14,Scottish FIR,0.080147,0.045616,0.021343,0.006126,0.000511,0.0
14,London FIR,0.037498,0.045368,0.052484,0.014999,0.010252,3.5e-05
14,Amsterdam FIR,0.038146,0.069075,0.073124,0.046858,0.024941,0.000162
14,Shannon FIR,0.036317,0.020059,0.029539,0.012381,0.000999,0.0
14,Copenhagen FIR,0.048103,0.059437,0.063151,0.045451,0.024442,0.000259
14,Bodo Oceanic FIR,0.048354,0.01734,0.000231,3.4e-05,0.0,0.0
14,Polaris FIR,0.03403,0.020351,0.009201,0.003851,0.000167,0.0
14,Warszawa FIR,0.023358,0.070226,0.096666,0.072992,0.060455,0.009195
14,Sweden FIR,0.034226,0.053829,0.03232,0.012377,0.004566,0.000104
14,Riga FIR,0.036536,0.125821,0.0887,0.042453,0.014299,1.8e-05
14,Vilnius FIR,0.038492,0.119343,0.105473,0.052109,0.027603,0.001092
14,Canarias FIR,0.0,0.0,0.004773,0.012385,0.008242,0.001151
14,Tirana FIR,0.000217,0.018369,0.033965,0.008192,0.005544,0.002197
14,Sofia FIR,0.003847,0.027183,0.051212,0.023527,0.01461,0.007357
14,Nicosia FIR,0.005146,0.002585,0.005731,0.008042,0.004104,0.000574
14,Zagreb FIR,0.004045,0.016489,0.012716,0.01237,0.011167,0.003696
14,Barcelona FIR,0.000256,0.015729,0.059013,0.045594,0.028689,0.014379
14,Madrid FIR,0.00153,0.025439,0.057207,0.057578,0.038684,0.003642
14,Bordeaux FIR,0.005525,0.04746,0.084608,0.070023,0.061476,0.008918
14,Reims FIR,0.004501,0.052888,0.083567,0.058811,0.050966,0.008987
14,Paris FIR,0.014558,0.067049,0.081734,0.054428,0.041606,0.000552
14,Marseille FIR,0.001906,0.03199,0.071803,0.051989,0.045123,0.018562
14,Brest FIR,0.007925,0.065915,0.099362,0.056349,0.043902,0.000771
14,Athinai FIR,3.6e-05,0.012006,0.025352,0.029479,0.020181,0.008228
14,Budapest FIR,0.007395,0.060814,0.049607,0.046098,0.029028,0.000229
14,Brindisi FIR,1.4e-05,0.007162,0.01456,0.006966,0.005883,0.001215
14,Milano FIR,0.00162,0.046284,0.069154,0.047053,0.043645,0.020606
14,Roma FIR,0.000103,0.010588,0.02183,0.011656,0.006097,0.004883
14,Ljubljana FIR,0.006475,0.023738,0.026248,0.02595,0.030172,0.015739
14,Praha FIR,0.008057,0.046816,0.065621,0.049698,0.070619,0.029202
14,Malta FIR,0.0,0.004451,0.002335,0.00764,0.001598,0.0
14,Wien FIR,0.008633,0.041526,0.042608,0.037736,0.04257,0.026593
14,Lisboa FIR,0.001124,0.020157,0.055421,0.063018,0.037955,0.000817
14,Santa Maria FIR,0.002457,0.010439,0.021288,0.028342,0.02449,0.01271
14,Sarajevo FIR,0.004144,0.018521,0.015747,0.009143,0.009456,0.001063
14,Bucarest FIR,0.003652,0.036636,0.044339,0.028473,0.023424,0.004506
14,Switzerland FIR,0.00318,0.064649,0.086983,0.064803,0.073942,0.01367
14,Ankara FIR,0.006779,0.030705,0.050931,0.043512,0.023772,0.004283
14,Istanbul FIR,0.007996,0.026272,0.051174,0.057174,0.043037,0.005368
14,Chisinau FIR,0.011824,0.033109,0.04207,0.036081,0.028465,0.00229
14,Skopje FIR,0.0,0.017005,0.041231,0.033351,0.023287,0.007927
14,Beograd FIR,0.002464,0.020256,0.033814,0.022309,0.013883,0.001334
14,Bratislava  FIR,0.016234,0.064207,0.050183,0.049165,0.044726,0.004608
14,Yerevan FIR,0.000393,0.063207,0.088209,0.01882,0.0,0.0
14,Tibilisi FIR,0.001896,0.037941,0.064157,0.025268,0.000239,0.0
14,Kiev FIR,0.031488,0.053406,0.034603,0.020068,0.01061,8.4e-05
14,Dnipro FIR,0.028458,0.07032,0.064735,0.027626,0.006281,6e-06
14,Simferopol FIR,0.024816,0.046881,0.04174,0.036702,0.023242,0.000862
14,Lvov FIR,0.017271,0.063857,0.066948,0.048921,0.025613,0.000826
14,Odessa FIR,0.011852,0.032869,0.030451,0.025583,0.02483,0.00278
15,European Airspace,0.012611,0.026149,0.042638,0.02851,0.009045,0.000928
15,North Atlantic,0.017662,0.020044,0.037402,0.024869,0.004708,4.5e-05
15,Continental Europe,0.003482,0.036299,0.075332,0.042758,0.011028,0.001089
15,Global,0.009233,0.014343,0.021032,0.020791,0.027624,0.029031
15,USA,0.002377,0.009905,0.01592,0.015271,0.008234,0.002722
15,East Asia,0.003543,0.011674,0.019983,0.015622,0.004052,0.000255
15,Southeast Asia,0.0,0.0,0.0,0.008984,0.062374,0.089622
15,Latin America,0.00308,0.006635,0.011641,0.013631,0.042653,0.06327
15,Africa & Middle East,8.9e-05,0.000862,0.003712,0.013215,0.032323,0.036307
15,China,0.009032,0.022294,0.025681,0.011316,0.002329,4.5e-05
15,India,0.0,0.00106,0.004396,0.005275,0.014839,0.02442
15,North Pacific,0.021901,0.039913,0.048622,0.02393,0.004556,0.000352
15,Arctic,0.03844,0.016644,0.002115,1.1e-05,0.0,0.0
15,Reykjavik FIR,0.072791,0.038816,1.1e-05,0.0,0.0,0.0
15,Brussels FIR,0.000222,0.047132,0.123395,0.041793,0.006069,0.0
15,Langen FIR,0.000829,0.044584,0.093692,0.047732,0.002608,0.0
15,Munchen FIR,0.0,0.041857,0.08336,0.043542,0.004345,0.0
15,Bremen FIR,0.006302,0.07648,0.125995,0.049163,0.001553,0.0
15,Tallinn FIR,0.013254,0.064805,0.085697,0.019108,0.0,0.0
15,Helsinki FIR,0.039194,0.04076,0.027092,0.001764,0.0,0.0
15,Shanwick FIR,0.008634,0.02266,0.050951,0.029187,0.003414,0.0
15,Scottish FIR,0.022179,0.034146,0.033073,0.003851,7.3e-05,0.0
15,London FIR,0.008878,0.072685,0.139968,0.070121,0.002949,0.0
15,Amsterdam FIR,0.006577,0.075512,0.13452,0.035576,0.003274,0.0
15,Shannon FIR,0.006684,0.064876,0.067591,0.024639,0.001421,0.0
15,Copenhagen FIR,0.009131,0.07593,0.079707,0.009744,0.0,0.0
15,Bodo Oceanic FIR,0.068248,0.036567,7e-06,0.0,0.0,0.0
15,Polaris FIR,0.041265,0.037122,0.008504,9.1e-05,0.0,0.0
15,Warszawa FIR,0.000871,0.102974,0.198438,0.127137,0.02229,0.000137
15,Sweden FIR,0.02809,0.041601,0.04011,0.006705,0.0,0.0
15,Riga FIR,0.004184,0.056771,0.097062,0.029539,0.0,0.0
15,Vilnius FIR,0.00314,0.077876,0.133859,0.064113,4.2e-05,0.0
15,Canarias FIR,0.0,0.0,7.6e-05,0.000876,0.000165,0.0
15,Tirana FIR,0.0,0.037154,0.096193,0.097399,0.023266,0.0
15,Sofia FIR,0.0,0.004418,0.011507,0.003927,0.000395,0.0
15,Nicosia FIR,0.005306,0.000237,0.0,0.0,0.0,0.0
15,Zagreb FIR,0.0,0.058496,0.144797,0.106191,0.08213,0.01093
15,Barcelona FIR,0.0,0.008874,0.015765,0.007557,0.000111,0.0
15,Madrid FIR,0.0,0.004826,0.025684,0.014288,0.006287,0.0
15,Bordeaux FIR,2.3e-05,0.030916,0.064661,0.030035,0.005871,0.0
15,Reims FIR,0.000179,0.028611,0.083106,0.060469,0.009925,0.0
15,Paris FIR,0.000956,0.052996,0.120739,0.080179,0.00901,0.0
15,Marseille FIR,4e-06,0.009366,0.035408,0.030293,0.005476,0.000135
15,Brest FIR,0.000337,0.034611,0.086867,0.070057,0.006613,0.0
15,Athinai FIR,0.000297,0.007988,0.019097,0.006565,0.000188,0.0
15,Budapest FIR,0.0,0.103664,0.230706,0.200633,0.095666,0.009623
15,Brindisi FIR,0.0,0.031611,0.082262,0.046212,0.041608,0.002726
15,Milano FIR,0.000101,0.022358,0.053895,0.025495,0.012326,0.00149
15,Roma FIR,0.001032,0.022707,0.067041,0.049444,0.026858,0.007328
15,Ljubljana FIR,0.0,0.072604,0.16861,0.088315,0.037523,0.008003
15,Praha FIR,3e-05,0.058039,0.130813,0.059159,0.004364,0.0
15,Malta FIR,0.000773,0.016458,0.033171,0.018203,0.001226,0.0
15,Wien FIR,0.0,0.058596,0.136675,0.063512,0.014903,0.003716
15,Lisboa FIR,0.0,0.001405,0.044007,0.053057,0.006811,0.0
15,Santa Maria FIR,0.000231,0.00274,0.035735,0.049478,0.019103,0.000711
15,Sarajevo FIR,0.0,0.050775,0.14703,0.139998,0.097665,0.011006
15,Bucarest FIR,0.0,0.034904,0.065467,0.039481,0.012365,0.000358
15,Switzerland FIR,0.000144,0.026223,0.096752,0.072055,0.006072,0.0
15,Ankara FIR,0.004454,0.027534,0.025878,0.004306,2e-06,0.0
15,Istanbul FIR,6.3e-05,6e-06,0.0,0.0,0.0,0.0
15,Chisinau FIR,0.0,0.043987,0.090382,0.033557,0.00431,0.000103
15,Skopje FIR,0.0,0.002614,0.019597,0.024175,0.000373,0.0
15,Beograd FIR,0.0,0.029063,0.09596,0.088502,0.040074,0.002171
15,Bratislava  FIR,0.0,0.109203,0.275634,0.248814,0.083499,0.002692
15,Yerevan FIR,0.004962,0.072464,0.142065,0.029093,0.0,0.0
15,Tibilisi FIR,0.00342,0.065311,0.116326,0.041661,0.001479,0.0
15,Kiev FIR,0.000311,0.06801,0.135444,0.078595,0.008564,0.0
15,Dnipro FIR,0.002705,0.046563,0.050844,0.012642,0.000261,2.1e-05
15,Simferopol FIR,3e-05,0.010543,0.010073,0.00025,6.6e-05,0.0
15,Lvov FIR,0.000111,0.111853,0.194703,0.157917,0.050945,0.003369
15,Odessa FIR,0.0,0.02502,0.037155,0.00785,0.001483,0.0
16,European Airspace,0.011922,0.026882,0.037972,0.025341,0.005731,0.000299
16,North Atlantic,0.007852,0.062907,0.094654,0.057122,0.009913,0.0
16,Continental Europe,0.007822,0.011447,0.011462,0.003166,0.000472,0.0
16,Global,0.009236,0.016986,0.023215,0.020576,0.025175,0.027032
16,USA,0.000404,0.006865,0.019919,0.016775,0.004134,0.000271
16,East Asia,0.001407,0.005504,0.011483,0.021713,0.020686,0.019244
16,Southeast Asia,0.0,0.0,0.0,0.005033,0.053395,0.08565
16,Latin America,0.001897,0.003805,0.008023,0.016849,0.053892,0.073508
16,Africa & Middle East,1.8e-05,0.001069,0.003415,0.014241,0.033251,0.03648
16,China,0.00407,0.011073,0.019766,0.023095,0.013754,0.005218
16,India,0.0,5.3e-05,0.002521,0.009038,0.020042,0.030719
16,North Pacific,0.013228,0.03612,0.048372,0.023017,0.004569,6.3e-05
16,Arctic,0.050791,0.037788,0.024463,0.005218,0.00033,0.0
16,Reykjavik FIR,0.034798,0.052837,0.063395,0.01236,9.4e-05,0.0
16,Brussels FIR,0.004065,0.007488,0.000537,0.0,0.0,0.0
16,Langen FIR,0.007705,0.003792,0.001999,1.8e-05,0.0,0.0
16,Munchen FIR,0.014228,0.003573,0.004142,0.000355,0.0,0.0
16,Bremen FIR,0.044585,0.00564,0.0,0.0,0.0,0.0
16,Tallinn FIR,0.020608,0.004696,0.0,0.0,0.0,0.0
16,Helsinki FIR,0.093324,0.024161,3e-06,0.0,0.0,0.0
16,Shanwick FIR,0.008932,0.103679,0.163434,0.143888,0.030801,0.0
16,Scottish FIR,0.019559,0.039745,0.036089,0.008848,0.001242,0.0
16,London FIR,0.003889,0.013873,0.018172,0.002591,0.0,0.0
16,Amsterdam FIR,0.008159,0.006977,0.001009,0.0,0.0,0.0
16,Shannon FIR,0.007114,0.031176,0.040228,0.032193,0.012733,0.0
16,Copenhagen FIR,0.03781,0.003506,0.0,0.0,0.0,0.0
16,Bodo Oceanic FIR,0.079655,0.040335,0.009464,4e-06,0.0,0.0
16,Polaris FIR,0.034958,0.010607,0.000145,0.0,0.0,0.0
16,Warszawa FIR,0.018346,0.00864,0.002906,0.000109,0.0,0.0
16,Sweden FIR,0.035773,0.004426,0.0,0.0,0.0,0.0
16,Riga FIR,0.017221,0.00828,0.0,0.0,0.0,0.0
16,Vilnius FIR,0.012356,0.006091,0.0,0.0,0.0,0.0
16,Canarias FIR,0.0,0.000194,0.022106,0.084353,0.045781,0.00593
16,Tirana FIR,0.002997,0.007754,0.009988,6.2e-05,0.0,0.0
16,Sofia FIR,0.010491,0.023532,0.029535,0.009485,0.0,0.0
16,Nicosia FIR,0.0,0.001344,0.001775,0.0,0.0,0.0
16,Zagreb FIR,0.005499,0.005971,0.005014,5.9e-05,0.0,0.0
16,Barcelona FIR,1.4e-05,0.006823,0.003713,1.7e-05,0.0,0.0
16,Madrid FIR,9.2e-05,0.011944,0.012275,0.00203,0.0,0.0
16,Bordeaux FIR,0.000317,0.006031,0.010319,0.002982,0.0,0.0
16,Reims FIR,0.000777,0.004131,0.005241,0.000208,0.0,0.0
16,Paris FIR,0.001437,0.002176,0.002924,0.0,0.0,0.0
16,Marseille FIR,4e-06,0.003252,0.005577,0.001293,0.0,0.0
16,Brest FIR,0.001157,0.00519,0.009335,0.003352,0.0,0.0
16,Athinai FIR,0.000345,0.004812,0.008959,0.00102,0.0,0.0
16,Budapest FIR,0.013363,0.023982,0.02023,0.001262,0.0,0.0
16,Brindisi FIR,0.000792,0.011271,0.009041,4.7e-05,0.0,0.0
16,Milano FIR,0.005065,0.003092,0.003831,0.000284,0.0,0.0
16,Roma FIR,0.000267,0.010894,0.006547,0.000189,0.0,0.0
16,Ljubljana FIR,0.006034,0.011454,0.015251,0.000349,0.0,0.0
16,Praha FIR,0.032819,0.010204,0.005799,0.000138,0.0,0.0
16,Malta FIR,0.000132,0.008867,0.01361,0.000975,0.0,0.0
16,Wien FIR,0.015037,0.007267,0.005438,0.000377,0.0,0.0
16,Lisboa FIR,0.000125,0.016395,0.043936,0.025482,0.003103,0.0
16,Santa Maria FIR,0.001451,0.017904,0.044111,0.045227,0.028174,0.015212
16,Sarajevo FIR,0.002617,0.007804,0.011325,0.000361,0.0,0.0
16,Bucarest FIR,0.013812,0.047659,0.04858,0.008222,0.0,0.0
16,Switzerland FIR,0.000457,0.00134,0.003923,0.00094,0.0,0.0
16,Ankara FIR,0.000189,0.023501,0.028169,0.002395,0.0,0.0
16,Istanbul FIR,0.001732,0.010775,0.027594,0.005652,0.0,0.0
16,Chisinau FIR,0.006915,0.079845,0.062309,0.007321,0.0,0.0
16,Skopje FIR,0.002483,0.010556,0.010007,0.000224,0.0,0.0
16,Beograd FIR,0.003309,0.013968,0.025703,0.001656,0.0,0.0
16,Bratislava  FIR,0.021453,0.019123,0.005865,0.000601,0.0,0.0
16,Yerevan FIR,0.000678,0.0117,0.016453,0.001029,0.0,0.0
16,Tibilisi FIR,3.9e-05,0.047074,0.069759,0.006197,0.0,0.0
16,Kiev FIR,0.011382,0.068187,0.066524,0.007928,0.0,0.0
16,Dnipro FIR,0.001899,0.056996,0.072054,0.016553,1.2e-05,0.0
16,Simferopol FIR,0.001958,0.054891,0.076736,0.027219,0.000795,0.0
16,Lvov FIR,0.021105,0.054668,0.031344,0.003478,0.0,0.0
16,Odessa FIR,0.004743,0.059964,0.070541,0.020355,0.000799,0.0
17,European Airspace,0.010344,0.019115,0.029453,0.015379,0.003207,2.3e-05
17,North Atlantic,0.007881,0.039435,0.0753,0.062203,0.039588,0.003082
17,Continental Europe,0.018747,0.023691,0.019141,0.006391,6.2e-05,0.0
17,Global,0.009337,0.017716,0.025444,0.021578,0.026455,0.027401
17,USA,0.001975,0.014242,0.022444,0.012197,0.005956,0.002818
17,East Asia,0.000694,0.004596,0.015771,0.028873,0.017762,0.008669
17,Southeast Asia,0.0,0.0,0.0,0.002703,0.051195,0.095178
17,Latin America,0.009273,0.013251,0.010195,0.010155,0.035795,0.051271
17,Africa & Middle East,2.6e-05,0.001718,0.005873,0.010098,0.029028,0.044052
17,China,0.001892,0.008573,0.021799,0.01806,0.004998,0.001425
17,India,0.0,0.000345,0.003967,0.003974,0.006998,0.01011
17,North Pacific,0.012716,0.03087,0.047444,0.028954,0.012473,0.000909
17,Arctic,0.039295,0.050538,0.041032,0.005088,0.0,0.0
17,Reykjavik FIR,0.02804,0.030478,0.019675,0.005902,0.0,0.0
17,Brussels FIR,0.05158,0.024728,0.000675,0.0,0.0,0.0
17,Langen FIR,0.040314,0.040728,0.017118,0.000692,0.0,0.0
17,Munchen FIR,0.028542,0.043753,0.038618,0.006274,0.0,0.0
17,Bremen FIR,0.049359,0.040119,0.019562,0.001869,0.0,0.0
17,Tallinn FIR,0.026601,0.002908,0.0,0.0,0.0,0.0
17,Helsinki FIR,0.026674,0.018172,0.002772,0.0,0.0,0.0
17,Shanwick FIR,0.012516,0.037157,0.046804,0.023281,0.006761,0.000114
17,Scottish FIR,0.036215,0.040217,0.044264,0.031187,0.00041,0.0
17,London FIR,0.051811,0.031602,0.031251,0.010748,0.0,0.0
17,Amsterdam FIR,0.042504,0.019127,0.002371,0.0,0.0,0.0
17,Shannon FIR,0.035784,0.022884,0.011959,0.017839,0.001293,0.0
17,Copenhagen FIR,0.039631,0.016539,0.002812,0.0,0.0,0.0
17,Bodo Oceanic FIR,0.013372,0.019,0.012988,0.000443,0.0,0.0
17,Polaris FIR,0.023841,0.01016,0.002045,0.0,0.0,0.0
17,Warszawa FIR,0.018185,0.016215,0.013237,0.00362,0.0,0.0
17,Sweden FIR,0.030964,0.011573,0.002523,0.00022,0.0,0.0
17,Riga FIR,0.028335,0.00352,0.000326,0.0,0.0,0.0
17,Vilnius FIR,0.028874,0.002413,0.000894,4.5e-05,0.0,0.0
17,Canarias FIR,0.0,5e-06,0.003726,0.004712,0.000331,0.0
17,Tirana FIR,0.004728,0.010754,0.008481,0.000876,0.0,0.0
17,Sofia FIR,0.001089,0.026464,0.043175,0.011681,0.000798,0.0
17,Nicosia FIR,0.0,0.038132,0.083318,0.038388,0.001737,0.0
17,Zagreb FIR,0.009658,0.026129,0.034469,0.00905,0.0,0.0
17,Barcelona FIR,0.006843,0.026103,0.025755,0.003336,0.0,0.0
17,Madrid FIR,0.005177,0.02696,0.017881,0.001061,0.0,0.0
17,Bordeaux FIR,0.018335,0.014569,0.002093,7e-06,0.0,0.0
17,Reims FIR,0.018426,0.018264,0.004494,0.0,0.0,0.0
17,Paris FIR,0.039,0.024108,0.005054,0.000148,0.0,0.0
17,Marseille FIR,0.008025,0.027291,0.023856,0.00436,0.0,0.0
17,Brest FIR,0.026723,0.014105,0.003575,0.000931,0.0,0.0
17,Athinai FIR,0.000267,0.019048,0.045131,0.01448,0.000175,0.0
17,Budapest FIR,0.012348,0.012479,0.007319,0.008411,0.0,0.0
17,Brindisi FIR,0.004378,0.015964,0.011158,0.0017,0.0,0.0
17,Milano FIR,0.003293,0.020323,0.030851,0.007159,0.0,0.0
17,Roma FIR,0.001322,0.01606,0.012085,0.001633,0.0,0.0
17,Ljubljana FIR,0.001453,0.02829,0.048863,0.018195,0.0,0.0
17,Praha FIR,0.014549,0.027738,0.038444,0.009108,0.0,0.0
17,Malta FIR,2.5e-05,0.008776,0.027776,0.015509,6e-06,0.0
17,Wien FIR,0.007369,0.020879,0.032495,0.015004,0.0,0.0
17,Lisboa FIR,0.000146,0.022283,0.029009,0.008823,0.00036,0.0
17,Santa Maria FIR,7.9e-05,0.008996,0.026648,0.02245,0.014566,0.002317
17,Sarajevo FIR,0.010663,0.020345,0.026931,0.007956,0.0,0.0
17,Bucarest FIR,0.003699,0.011441,0.029504,0.004654,7.8e-05,0.0
17,Switzerland FIR,0.010802,0.041527,0.025459,0.00139,0.0,0.0
17,Ankara FIR,0.000176,0.018954,0.077068,0.060009,0.008997,8.7e-05
17,Istanbul FIR,7.4e-05,0.031802,0.061395,0.037453,0.000937,0.0
17,Chisinau FIR,0.002524,0.024984,0.063567,0.009036,0.0,0.0
17,Skopje FIR,0.000225,0.013329,0.020509,0.00081,0.0,0.0
17,Beograd FIR,0.007322,0.006687,0.003583,0.000581,0.0,0.0
17,Bratislava  FIR,0.013605,0.014177,0.008491,0.00688,0.0,0.0
17,Yerevan FIR,0.0,0.002915,0.012919,0.013682,0.004564,0.0
17,Tibilisi FIR,0.0,0.003131,0.053052,0.087051,0.091043,0.000102
17,Kiev FIR,0.01714,0.043475,0.066639,0.018182,0.000217,0.0
17,Dnipro FIR,0.003373,0.025965,0.092255,0.08535,0.015916,0.0
17,Simferopol FIR,0.000516,0.027419,0.097632,0.070817,0.009783,0.0
17,Lvov FIR,0.006423,0.011594,0.004411,0.0,0.0,0.0
17,Odessa FIR,0.000169,0.040321,0.109621,0.048248,0.001533,0.0
18,European Airspace,0.008201,0.030614,0.036368,0.010521,0.001058,6e-05
18,North Atlantic,0.007964,0.048955,0.066131,0.026215,0.005211,3e-05
18,Continental Europe,0.011882,0.056844,0.056219,0.012669,0.000269,0.0
18,Global,0.008169,0.016107,0.023551,0.019475,0.023849,0.02632
18,USA,0.000388,0.003791,0.016133,0.018265,0.007375,0.000531
18,East Asia,0.000611,0.003269,0.013895,0.023936,0.01296,0.003186
18,Southeast Asia,0.0,0.0,0.0,0.003908,0.061676,0.102953
18,Latin America,0.009119,0.010618,0.006682,0.007586,0.028398,0.036169
18,Africa & Middle East,3.5e-05,0.000552,0.002435,0.004816,0.024661,0.036016
18,China,0.002256,0.009468,0.025717,0.029353,0.010821,0.000859
18,India,0.0,9.5e-05,0.001266,0.004382,0.016486,0.02924
18,North Pacific,0.012138,0.035761,0.0488,0.026632,0.005807,0.00011
18,Arctic,0.033235,0.032941,0.033012,0.008334,0.0,0.0
18,Reykjavik FIR,0.02321,0.05703,0.057553,0.004256,0.0,0.0
18,Brussels FIR,0.01251,0.098825,0.086192,0.005235,0.0,0.0
18,Langen FIR,0.029926,0.119061,0.091709,0.008301,0.0,0.0
18,Munchen FIR,0.017524,0.11543,0.120406,0.011072,0.0,0.0
18,Bremen FIR,0.014061,0.0864,0.105456,0.016398,0.0,0.0
18,Tallinn FIR,0.029863,0.095762,0.100394,0.007965,0.0,0.0
18,Helsinki FIR,0.025936,0.035958,0.024444,0.001091,0.0,0.0
18,Shanwick FIR,0.007836,0.033318,0.041486,0.006097,2.5e-05,0.0
18,Scottish FIR,0.024733,0.077449,0.065197,0.006495,0.0,0.0
18,London FIR,0.034791,0.083211,0.046986,0.002331,0.0,0.0
18,Amsterdam FIR,0.006993,0.08449,0.060397,0.007547,0.0,0.0
18,Shannon FIR,0.016503,0.060667,0.04291,0.000221,0.0,0.0
18,Copenhagen FIR,0.013875,0.047049,0.038208,0.005723,0.0,0.0
18,Bodo Oceanic FIR,0.010695,0.015742,0.013708,0.001206,0.0,0.0
18,Polaris FIR,0.019776,0.046618,0.052743,0.007321,0.0,0.0
18,Warszawa FIR,0.016893,0.151163,0.170345,0.053963,0.0,0.0
18,Sweden FIR,0.024586,0.079564,0.081289,0.013783,0.0,0.0
18,Riga FIR,0.032492,0.181624,0.183302,0.031492,0.0,0.0
18,Vilnius FIR,0.025992,0.162572,0.174706,0.033669,0.0,0.0
18,Canarias FIR,0.0,4.6e-05,0.006659,0.009874,0.003671,5.8e-05
18,Tirana FIR,0.000432,0.00139,0.000313,6.2e-05,0.0,0.0
18,Sofia FIR,0.002387,0.014437,0.010749,0.0,0.0,0.0
18,Nicosia FIR,6.6e-05,0.003056,0.003507,0.0,0.0,0.0
18,Zagreb FIR,0.009928,0.026706,0.030815,0.003891,0.0,0.0
18,Barcelona FIR,0.005066,0.037131,0.053963,0.021938,0.001103,0.0
18,Madrid FIR,0.002342,0.031283,0.046668,0.024189,0.000815,0.0
18,Bordeaux FIR,0.010569,0.085637,0.073377,0.012339,0.000107,0.0
18,Reims FIR,0.01855,0.063057,0.072004,0.003555,0.0,0.0
18,Paris FIR,0.015409,0.082303,0.061496,0.001604,0.0,0.0
18,Marseille FIR,0.005659,0.056151,0.059136,0.023428,0.000895,0.0
18,Brest FIR,0.016039,0.047988,0.02866,0.000949,0.0,0.0
18,Athinai FIR,0.0,4e-06,0.000503,0.0,0.0,0.0
18,Budapest FIR,0.004067,0.099876,0.11422,0.019891,0.0,0.0
18,Brindisi FIR,7e-06,0.003041,0.00531,2.9e-05,0.0,0.0
18,Milano FIR,0.008049,0.060332,0.0473,0.008116,0.0,0.0
18,Roma FIR,0.000496,0.007551,0.004443,0.000685,0.0,0.0
18,Ljubljana FIR,0.020967,0.053596,0.049166,0.009222,0.0,0.0
18,Praha FIR,0.006403,0.114871,0.182263,0.027129,0.0,0.0
18,Malta FIR,0.0,0.0,0.006385,0.001124,0.0,0.0
18,Wien FIR,0.007991,0.091792,0.10336,0.009222,0.0,0.0
18,Lisboa FIR,0.000659,0.014281,0.03702,0.034505,0.003058,0.0
18,Santa Maria FIR,0.000445,0.01028,0.034091,0.036836,0.015381,0.00704
18,Sarajevo FIR,0.017834,0.018586,0.019425,0.002322,0.0,0.0
18,Bucarest FIR,0.000683,0.078313,0.105155,0.014582,0.0,0.0
18,Switzerland FIR,0.008816,0.060153,0.050364,0.008924,0.0,0.0
18,Ankara FIR,0.004088,0.014841,0.046798,0.02398,0.000497,0.0
18,Istanbul FIR,0.000759,0.002123,0.001855,0.0,0.0,0.0
18,Chisinau FIR,0.0,0.083097,0.140629,0.037398,0.0,0.0
18,Skopje FIR,0.000403,0.000447,0.0,0.0,0.0,0.0
18,Beograd FIR,0.007263,0.028718,0.014201,0.001313,0.0,0.0
18,Bratislava  FIR,0.006194,0.104276,0.143653,0.02872,0.0,0.0
18,Yerevan FIR,0.0,0.020679,0.09045,0.049073,0.001536,0.0
18,Tibilisi FIR,0.005214,0.033462,0.051732,0.023018,0.004318,0.0
18,Kiev FIR,0.008221,0.022967,0.025458,0.00843,0.0,0.0
18,Dnipro FIR,0.000103,0.002033,0.006349,0.001854,0.0,0.0
18,Simferopol FIR,0.002583,0.027305,0.065379,0.020776,0.000332,0.0
18,Lvov FIR,0.00998,0.088234,0.109956,0.042074,0.0,0.0
18,Odessa FIR,0.0,0.037209,0.057807,0.011571,0.0,0.0
19,European Airspace,0.006869,0.034602,0.047899,0.023289,0.012453,0.002357
19,North Atlantic,0.008401,0.037767,0.059909,0.041475,0.024806,0.004242
19,Continental Europe,0.004553,0.047546,0.074315,0.033811,0.008959,0.000157
19,Global,0.008754,0.016676,0.021854,0.017656,0.022442,0.02403
19,USA,0.000763,0.003654,0.011377,0.016212,0.008314,0.001367
19,East Asia,0.000395,0.002761,0.009157,0.029238,0.036893,0.022746
19,Southeast Asia,0.0,0.0,0.0,0.005137,0.056284,0.086866
19,Latin America,0.005553,0.007608,0.007349,0.011851,0.036062,0.046531
19,Africa & Middle East,3.8e-05,0.000979,0.003591,0.006729,0.018147,0.017178
19,China,0.000623,0.006077,0.020277,0.028655,0.018561,0.00675
19,India,0.0,0.0,0.000379,0.002956,0.010792,0.017021
19,North Pacific,0.007653,0.02814,0.044105,0.026506,0.012573,0.001804
19,Arctic,0.045358,0.044852,0.023272,0.001998,0.0,0.0
19,Reykjavik FIR,0.018626,0.074291,0.06585,0.005538,6.5e-05,0.0
19,Brussels FIR,0.010234,0.048186,0.091013,0.069413,0.028251,0.0
19,Langen FIR,0.010181,0.061455,0.066737,0.019221,0.004834,0.0
19,Munchen FIR,0.008273,0.097773,0.098895,0.009791,0.000501,0.0
19,Bremen FIR,0.019674,0.090578,0.10432,0.036069,0.007736,0.0
19,Tallinn FIR,0.030039,0.073592,0.046638,0.004339,0.0,0.0
19,Helsinki FIR,0.009837,0.034646,0.034236,0.004699,0.0,0.0
19,Shanwick FIR,0.005622,0.055668,0.087607,0.041951,0.012048,6.4e-05
19,Scottish FIR,0.006513,0.07772,0.112025,0.045229,0.00759,0.0
19,London FIR,0.004699,0.058609,0.110667,0.073594,0.027261,0.0
19,Amsterdam FIR,0.015117,0.060693,0.096273,0.088425,0.024833,0.0
19,Shannon FIR,0.002044,0.051021,0.091417,0.045017,0.010198,0.0
19,Copenhagen FIR,0.012952,0.041422,0.065028,0.053444,0.013117,0.0
19,Bodo Oceanic FIR,0.015967,0.046284,0.067721,0.013101,0.0,0.0
19,Polaris FIR,0.016418,0.074929,0.094993,0.046624,0.001768,0.0
19,Warszawa FIR,0.02425,0.085149,0.086469,0.02666,0.001442,0.0
19,Sweden FIR,0.017021,0.065258,0.08101,0.027938,0.000552,0.0
19,Riga FIR,0.038084,0.080162,0.054702,0.007862,0.0,0.0
19,Vilnius FIR,0.044255,0.080043,0.061441,0.013502,0.0,0.0
19,Canarias FIR,0.0,0.000458,0.013214,0.049835,0.036315,0.008438
19,Tirana FIR,0.000315,0.059865,0.105648,0.028327,0.0,0.0
19,Sofia FIR,0.002882,0.054365,0.067842,0.012027,0.0,0.0
19,Nicosia FIR,0.0,0.001406,0.007482,0.001185,0.0,0.0
19,Zagreb FIR,0.000867,0.074162,0.106245,0.022779,0.0,0.0
19,Barcelona FIR,0.00084,0.019866,0.032755,0.009781,0.000463,0.0
19,Madrid FIR,3.5e-05,0.017044,0.072982,0.053907,0.016793,0.000238
19,Bordeaux FIR,0.001553,0.01842,0.018925,0.003924,0.000649,0.0
19,Reims FIR,0.004885,0.061105,0.083032,0.022861,0.000853,0.0
19,Paris FIR,0.001446,0.036836,0.061076,0.030954,0.013066,0.0
19,Marseille FIR,0.002233,0.03202,0.049915,0.009037,0.000232,0.0
19,Brest FIR,0.000466,0.040173,0.078696,0.044845,0.016456,0.0
19,Athinai FIR,0.000343,0.024191,0.048954,0.007614,0.0,0.0
19,Budapest FIR,0.012252,0.119749,0.113185,0.017215,0.0,0.0
19,Brindisi FIR,0.00068,0.04543,0.068265,0.016789,0.0,0.0
19,Milano FIR,0.003102,0.081791,0.094834,0.009253,0.0,0.0
19,Roma FIR,0.001828,0.051507,0.050203,0.006024,0.0,0.0
19,Ljubljana FIR,0.004142,0.086123,0.104787,0.016626,0.0,0.0
19,Praha FIR,0.007066,0.086773,0.126533,0.020706,0.0,0.0
19,Malta FIR,0.000226,0.013413,0.016954,0.000291,0.0,0.0
19,Wien FIR,0.009438,0.09397,0.107396,0.01485,0.0,0.0
19,Lisboa FIR,0.0,0.003576,0.039587,0.067558,0.055282,0.004416
19,Santa Maria FIR,0.000201,0.003474,0.025108,0.045782,0.053523,0.019879
19,Sarajevo FIR,0.000515,0.056526,0.101414,0.01534,0.0,0.0
19,Bucarest FIR,0.008716,0.068852,0.059602,0.005322,0.0,0.0
19,Switzerland FIR,0.010991,0.035285,0.034481,0.002973,0.0,0.0
19,Ankara FIR,0.00337,0.029859,0.030532,0.002323,0.0,0.0
19,Istanbul FIR,0.003177,0.039396,0.046224,0.005668,0.0,0.0
19,Chisinau FIR,0.027134,0.088421,0.080726,0.007784,0.0,0.0
19,Skopje FIR,0.001263,0.060855,0.080181,0.015912,0.0,0.0
19,Beograd FIR,0.001516,0.072719,0.100833,0.018239,0.0,0.0
19,Bratislava  FIR,0.010698,0.095115,0.135731,0.026114,0.0,0.0
19,Yerevan FIR,0.00298,0.016235,0.019505,0.000157,0.0,0.0
19,Tibilisi FIR,0.008224,0.057041,0.060402,0.006244,0.0,0.0
19,Kiev FIR,0.03348,0.088389,0.075467,0.006873,0.0,0.0
19,Dnipro FIR,0.033085,0.042164,0.018054,0.000296,0.0,0.0
19,Simferopol FIR,0.014163,0.05816,0.048783,0.005941,0.0,0.0
19,Lvov FIR,0.032914,0.116628,0.123371,0.020163,0.0,0.0
19,Odessa FIR,0.021283,0.057692,0.05446,0.000771,0.0,0.0
20,European Airspace,0.004502,0.021841,0.032591,0.016605,0.002493,0.000295
20,North Atlantic,0.004073,0.03764,0.083379,0.042961,0.003431,0.00022
20,Continental Europe,0.003716,0.025779,0.040056,0.018689,0.003458,0.000189
20,Global,0.009704,0.018836,0.024941,0.017745,0.020197,0.023779
20,USA,0.00047,0.007864,0.015234,0.009028,0.003034,0.001574
20,East Asia,1.8e-05,0.001192,0.00748,0.032512,0.047382,0.027845
20,Southeast Asia,0.0,0.0,0.0,0.00396,0.0699,0.132741
20,Latin America,0.004226,0.008191,0.010597,0.013383,0.027811,0.037487
20,Africa & Middle East,1.1e-05,0.000577,0.004298,0.009147,0.022942,0.023197
20,China,0.000403,0.002684,0.016649,0.027892,0.020043,0.012292
20,India,0.0,0.0,0.000206,0.000835,0.020253,0.043535
20,North Pacific,0.008106,0.025983,0.04127,0.023168,0.003493,0.000139
20,Arctic,0.04262,0.051994,0.030687,0.005812,4.7e-05,0.0
20,Reykjavik FIR,0.012005,0.031198,0.032022,0.00882,0.000105,0.0
20,Brussels FIR,0.014161,0.050623,0.056944,0.017535,0.0,0.0
20,Langen FIR,0.005667,0.058724,0.0598,0.011036,0.0,0.0
20,Munchen FIR,0.001653,0.037383,0.035087,0.005123,0.0,0.0
20,Bremen FIR,0.002511,0.015021,0.009398,0.000262,0.0,0.0
20,Tallinn FIR,0.010309,0.055391,0.048378,0.024301,0.005581,0.0
20,Helsinki FIR,0.002848,0.038156,0.072703,0.025076,0.002293,0.0
20,Shanwick FIR,0.002151,0.051547,0.089809,0.046092,0.000827,0.0
20,Scottish FIR,0.003601,0.064084,0.09915,0.032764,2.4e-05,0.0
20,London FIR,0.009005,0.044096,0.052773,0.01837,1.2e-05,0.0
20,Amsterdam FIR,0.002105,0.046143,0.050413,0.006666,0.0,0.0
20,Shannon FIR,0.003151,0.03011,0.033195,0.015425,0.0,0.0
20,Copenhagen FIR,0.000151,0.005234,0.011729,0.005067,0.000139,0.0
20,Bodo Oceanic FIR,0.009936,0.031606,0.033667,0.011914,0.000321,0.0
20,Polaris FIR,0.006779,0.051638,0.082933,0.044925,0.001502,0.0
20,Warszawa FIR,0.00432,0.007319,0.005299,1.1e-05,0.0,0.0
20,Sweden FIR,0.003096,0.044363,0.064345,0.03222,0.002955,0.0
20,Riga FIR,0.012856,0.054684,0.047769,0.019052,2.7e-05,0.0
20,Vilnius FIR,0.016377,0.034459,0.043013,0.009436,0.0,0.0
20,Canarias FIR,0.0,0.000118,0.007571,0.014422,0.009258,0.001419
20,Tirana FIR,0.000649,0.046647,0.078648,0.037396,0.00016,0.0
20,Sofia FIR,0.00094,0.00711,0.017104,0.015766,0.004568,0.0
20,Nicosia FIR,0.0,0.00701,0.007732,0.003954,0.000118,0.0
20,Zagreb FIR,0.004051,0.063503,0.08949,0.026634,3.9e-05,0.0
20,Barcelona FIR,0.0,0.007111,0.018766,0.01628,0.014019,0.000497
20,Madrid FIR,0.002281,0.002987,0.005666,0.008225,0.01011,0.000114
20,Bordeaux FIR,0.006787,0.007466,0.013797,0.012319,0.006175,0.0
20,Reims FIR,0.011558,0.032793,0.040548,0.025274,9.4e-05,0.0
20,Paris FIR,0.021325,0.023553,0.03099,0.029691,0.004712,0.0
20,Marseille FIR,0.000671,0.022282,0.035197,0.012785,0.000826,0.0
20,Brest FIR,0.013667,0.005416,0.014278,0.011034,0.001114,0.0
20,Athinai FIR,0.000113,0.008755,0.033072,0.03133,0.002816,0.0
20,Budapest FIR,0.013568,0.046084,0.039309,0.002075,0.0,0.0
20,Brindisi FIR,0.000232,0.048091,0.087276,0.046058,0.003265,0.0
20,Milano FIR,0.000615,0.03889,0.050886,0.006373,0.0,0.0
20,Roma FIR,8.6e-05,0.030225,0.07641,0.051841,0.003833,0.0
20,Ljubljana FIR,0.000232,0.06211,0.095759,0.004617,0.0,0.0
20,Praha FIR,0.001301,0.021738,0.014572,0.000353,0.0,0.0
20,Malta FIR,0.0,0.00059,0.014113,0.01059,0.000774,0.0
20,Wien FIR,0.000402,0.034032,0.041444,0.003085,0.0,0.0
20,Lisboa FIR,0.0,0.001576,0.006399,0.007528,0.012355,0.003061
20,Santa Maria FIR,4e-06,0.004308,0.018157,0.013252,0.007811,0.004121
20,Sarajevo FIR,0.00811,0.05296,0.089198,0.041721,0.000341,0.0
20,Bucarest FIR,0.006248,0.014602,0.024237,0.008179,0.000475,0.0
20,Switzerland FIR,0.001112,0.016711,0.037667,0.020371,0.0,0.0
20,Ankara FIR,0.001838,0.010046,0.011266,0.006851,5.6e-05,0.0
20,Istanbul FIR,0.000385,0.008238,0.024089,0.026856,0.001078,0.0
20,Chisinau FIR,0.000261,0.000701,0.000273,0.0,0.0,0.0
20,Skopje FIR,0.003237,0.031511,0.05946,0.033552,0.001081,0.0
20,Beograd FIR,0.007406,0.035271,0.074197,0.037366,0.0008,0.0
20,Bratislava  FIR,0.001389,0.010988,0.013519,6.5e-05,0.0,0.0
20,Yerevan FIR,0.001538,0.038435,0.017372,0.0,0.0,0.0
20,Tibilisi FIR,0.007162,0.040651,0.030863,0.0,0.0,0.0
20,Kiev FIR,0.002499,0.001776,0.0,0.0,0.0,0.0
20,Dnipro FIR,0.058458,0.030875,0.000616,0.0,0.0,0.0
20,Simferopol FIR,0.004504,0.006195,0.001261,0.000985,0.0,0.0
20,Lvov FIR,0.009308,0.006658,0.000122,5.3e-05,0.0,0.0
20,Odessa FIR,0.001417,0.00088,0.000133,0.0,0.0,0.0
21,European Airspace,0.003616,0.021274,0.031289,0.016428,0.00242,2e-05
21,North Atlantic,0.007383,0.028198,0.051974,0.035149,0.011292,0.000378
21,Continental Europe,0.005911,0.027969,0.034753,0.010529,0.000878,0.0
21,Global,0.009976,0.019842,0.025714,0.020514,0.024783,0.026999
21,USA,0.000923,0.00506,0.0096,0.012388,0.008888,0.001015
21,East Asia,0.000125,0.001102,0.006474,0.022894,0.058306,0.069527
21,Southeast Asia,0.0,0.0,0.0,0.000539,0.065452,0.158105
21,Latin America,0.005774,0.010744,0.013592,0.014895,0.030874,0.040842
21,Africa & Middle East,4e-06,0.001294,0.004146,0.006277,0.01468,0.012584
21,China,0.000842,0.00236,0.011338,0.018518,0.024573,0.029353
21,India,0.0,0.0,0.0,0.000104,0.029957,0.099054
21,North Pacific,0.006743,0.022358,0.033012,0.019909,0.006677,0.000919
21,Arctic,0.033095,0.05212,0.027661,0.003205,0.000284,0.0
21,Reykjavik FIR,0.008841,0.036059,0.045949,0.016434,0.000706,0.0
21,Brussels FIR,0.024343,0.021547,0.015577,0.000108,0.0,0.0
21,Langen FIR,0.011218,0.040214,0.062601,0.003891,0.0,0.0
21,Munchen FIR,0.016204,0.063055,0.073715,0.004659,0.0,0.0
21,Bremen FIR,0.009109,0.050352,0.036522,0.00194,0.0,0.0
21,Tallinn FIR,1e-05,0.012682,0.019798,0.020763,0.000303,0.0
21,Helsinki FIR,0.004228,0.043171,0.077208,0.050497,0.002738,0.0
21,Shanwick FIR,0.00708,0.034122,0.060268,0.029195,0.001729,0.0
21,Scottish FIR,0.010167,0.036014,0.029734,0.01163,6.9e-05,0.0
21,London FIR,0.015744,0.027994,0.014261,0.000805,0.0,0.0
21,Amsterdam FIR,0.009199,0.022825,0.028491,0.003833,0.0,0.0
21,Shannon FIR,0.012034,0.035125,0.012815,0.004129,0.0,0.0
21,Copenhagen FIR,0.003226,0.022757,0.022095,0.002862,0.0,0.0
21,Bodo Oceanic FIR,0.003576,0.019958,0.024415,0.013961,0.0018,0.0
21,Polaris FIR,0.004966,0.031564,0.036744,0.021311,0.001559,0.0
21,Warszawa FIR,0.00567,0.066682,0.077237,0.011831,0.0,0.0
21,Sweden FIR,0.001754,0.030495,0.049796,0.029698,0.001795,0.0
21,Riga FIR,0.002245,0.007324,0.017073,0.004845,0.0,0.0
21,Vilnius FIR,0.013463,0.041372,0.023405,0.0006,0.0,0.0
21,Canarias FIR,0.0,0.000524,0.005174,0.014906,0.004505,0.000292
21,Tirana FIR,0.000715,0.012499,0.030843,0.000253,0.0,0.0
21,Sofia FIR,0.000859,0.02674,0.017546,0.000372,2.4e-05,0.0
21,Nicosia FIR,0.0,0.000213,0.001511,0.000983,8.8e-05,0.0
21,Zagreb FIR,0.001769,0.05076,0.052813,0.003117,0.0,0.0
21,Barcelona FIR,0.001497,0.021941,0.03883,0.021446,0.002677,0.0
21,Madrid FIR,0.001347,0.020971,0.053415,0.033296,0.003565,0.0
21,Bordeaux FIR,0.010098,0.016099,0.04847,0.028271,0.000718,0.0
21,Reims FIR,0.015088,0.02911,0.042842,0.006132,0.0,0.0
21,Paris FIR,0.011482,0.011425,0.006592,0.000474,0.0,0.0
21,Marseille FIR,0.002788,0.017443,0.036015,0.026548,0.004853,0.0
21,Brest FIR,0.013893,0.018306,0.024879,0.004987,0.0,0.0
21,Athinai FIR,0.0,0.005337,0.010797,0.004324,0.000689,0.0
21,Budapest FIR,0.002327,0.101624,0.084832,0.004734,0.0,0.0
21,Brindisi FIR,0.000161,0.017347,0.013384,0.000767,0.00021,0.0
21,Milano FIR,0.005682,0.015443,0.048091,0.009635,0.000551,0.0
21,Roma FIR,0.000142,0.012019,0.007972,0.001402,0.000222,0.0
21,Ljubljana FIR,0.006184,0.05299,0.055248,0.005131,0.0,0.0
21,Praha FIR,0.012365,0.093195,0.075581,0.005249,0.0,0.0
21,Malta FIR,0.0,0.000201,0.005604,0.00491,0.000197,0.0
21,Wien FIR,0.014518,0.061868,0.061817,0.006657,0.0,0.0
21,Lisboa FIR,0.000127,0.012737,0.027937,0.023621,0.003126,0.0
21,Santa Maria FIR,1.2e-05,0.008793,0.041954,0.053759,0.031696,0.007774
21,Sarajevo FIR,0.001535,0.039223,0.066339,0.001924,0.0,0.0
21,Bucarest FIR,0.00216,0.032986,0.02741,0.003042,0.0,0.0
21,Switzerland FIR,0.01542,0.042916,0.07176,0.00861,0.0,0.0
21,Ankara FIR,8.2e-05,0.016784,0.03258,0.006478,4.7e-05,0.0
21,Istanbul FIR,0.000229,0.012677,0.015819,0.014149,0.000574,0.0
21,Chisinau FIR,0.000474,0.019911,0.03325,0.006416,0.0,0.0
21,Skopje FIR,9e-05,0.033254,0.043792,0.002658,0.0,0.0
21,Beograd FIR,0.000792,0.064068,0.077512,0.003414,0.0,0.0
21,Bratislava  FIR,0.000981,0.070553,0.077638,0.004385,0.0,0.0
21,Yerevan FIR,0.0,0.013471,0.024235,0.0,0.0,0.0
21,Tibilisi FIR,0.0,0.03122,0.04206,0.000382,0.0,0.0
21,Kiev FIR,0.005936,0.050994,0.032815,0.000327,0.0,0.0
21,Dnipro FIR,0.002529,0.017152,0.017617,0.000349,0.0,0.0
21,Simferopol FIR,0.000606,0.02716,0.026626,0.001118,0.0,0.0
21,Lvov FIR,0.011539,0.07221,0.048285,0.009082,0.0,0.0
21,Odessa FIR,0.000422,0.018773,0.024951,0.000864,0.0,0.0
22,European Airspace,0.001505,0.014261,0.028794,0.021899,0.007974,0.000488
22,North Atlantic,0.001955,0.007269,0.045203,0.067481,0.030249,0.001692
22,Continental Europe,0.001692,0.018156,0.038829,0.025736,0.007511,0.000834
22,Global,0.010299,0.019712,0.02443,0.018499,0.024693,0.029105
22,USA,0.00085,0.004476,0.016838,0.022166,0.009462,0.003449
22,East Asia,0.000147,0.001636,0.002069,0.005707,0.030714,0.05032
22,Southeast Asia,0.0,0.0,0.0,0.004254,0.08556,0.176217
22,Latin America,0.004866,0.016696,0.024475,0.018493,0.028234,0.030946
22,Africa & Middle East,0.0,0.000409,0.002054,0.006914,0.019801,0.018819
22,China,0.000799,0.00613,0.006809,0.001299,0.013384,0.031737
22,India,0.0,0.0,0.0,0.000995,0.043265,0.100216
22,North Pacific,0.003041,0.016731,0.031631,0.023692,0.008673,0.000747
22,Arctic,0.015705,0.036928,0.024051,0.002125,0.0,0.0
22,Reykjavik FIR,0.008916,0.019765,0.003071,7e-05,0.0,0.0
22,Brussels FIR,0.000515,0.031776,0.02786,0.0,0.0,0.0
22,Langen FIR,0.001843,0.081169,0.058352,0.000578,0.0,0.0
22,Munchen FIR,0.000268,0.053194,0.04298,0.000991,0.0,0.0
22,Bremen FIR,0.008557,0.052902,0.025428,0.000128,0.0,0.0
22,Tallinn FIR,0.000447,0.052495,0.071924,0.007027,0.000196,0.0
22,Helsinki FIR,0.001711,0.039041,0.04098,0.004043,0.000238,0.0
22,Shanwick FIR,0.000593,0.007439,0.079505,0.114353,0.032225,0.000673
22,Scottish FIR,0.004476,0.009614,0.033427,0.010403,0.000151,0.0
22,London FIR,0.000639,0.006716,0.029973,0.009815,0.000231,0.0
22,Amsterdam FIR,0.004257,0.020537,0.008911,0.0,0.0,0.0
22,Shannon FIR,0.0,0.012692,0.040443,0.029241,0.008978,0.0
22,Copenhagen FIR,0.010722,0.018942,0.006252,0.000223,0.0,0.0
22,Bodo Oceanic FIR,0.011022,0.036009,0.008696,0.0,0.0,0.0
22,Polaris FIR,0.006977,0.035395,0.01673,0.000511,0.0,0.0
22,Warszawa FIR,0.002031,0.052264,0.046976,0.000931,0.0,0.0
22,Sweden FIR,0.004775,0.037944,0.025407,0.000749,0.0,0.0
22,Riga FIR,0.001165,0.077897,0.082566,0.00154,0.0,0.0
22,Vilnius FIR,0.000962,0.05377,0.069486,0.001384,0.0,0.0
22,Canarias FIR,0.0,0.0,6.5e-05,0.005171,0.009093,0.002032
22,Tirana FIR,0.0,0.006578,0.021509,0.009117,0.00016,0.0
22,Sofia FIR,0.00011,0.016624,0.01706,0.002086,0.0,0.0
22,Nicosia FIR,0.0,0.0,0.00178,0.0,0.0,0.0
22,Zagreb FIR,1.9e-05,0.018072,0.032817,0.003467,0.0,0.0
22,Barcelona FIR,0.0,0.01027,0.041234,0.029066,0.013959,0.000842
22,Madrid FIR,0.0,0.003377,0.032663,0.036136,0.025104,0.007511
22,Bordeaux FIR,0.000597,0.011145,0.07079,0.081442,0.016327,7e-06
22,Reims FIR,0.007284,0.041606,0.058409,0.011517,0.0,0.0
22,Paris FIR,0.001697,0.010219,0.052052,0.02756,0.000767,0.0
22,Marseille FIR,9.7e-05,0.013619,0.068142,0.066113,0.013191,0.000138
22,Brest FIR,0.000834,0.00681,0.076427,0.11664,0.02813,4.5e-05
22,Athinai FIR,0.0,0.005473,0.005827,0.00175,0.000153,0.0
22,Budapest FIR,8.8e-05,0.040257,0.02933,0.0,0.0,0.0
22,Brindisi FIR,0.0,0.029578,0.035678,0.011044,0.001141,0.0
22,Milano FIR,4.5e-05,0.024133,0.048406,0.020493,0.001933,0.0
22,Roma FIR,0.0,0.013653,0.039912,0.021015,0.006072,0.0
22,Ljubljana FIR,0.000116,0.026298,0.042262,0.004317,0.0,0.0
22,Praha FIR,0.003546,0.066285,0.048122,0.002111,0.0,0.0
22,Malta FIR,0.0,0.006243,0.014079,0.005041,0.002604,0.0
22,Wien FIR,0.000993,0.044342,0.03579,0.002576,0.0,0.0
22,Lisboa FIR,0.0,7.5e-05,0.005521,0.008322,0.001926,0.000718
22,Santa Maria FIR,8.8e-05,0.000581,0.019325,0.041562,0.026884,0.003331
22,Sarajevo FIR,0.0,0.025493,0.038444,0.0028,0.0,0.0
22,Bucarest FIR,0.001757,0.021961,0.021305,0.001865,0.0,0.0
22,Switzerland FIR,0.003481,0.028453,0.048993,0.010301,0.0,0.0
22,Ankara FIR,0.0,0.007086,0.020632,0.001016,0.0,0.0
22,Istanbul FIR,0.00013,0.006185,0.002451,3.2e-05,0.0,0.0
22,Chisinau FIR,0.001347,0.026488,0.026992,0.0,0.0,0.0
22,Skopje FIR,0.0,0.008783,0.019774,0.006519,0.0,0.0
22,Beograd FIR,2.1e-05,0.025828,0.049318,0.012891,0.0,0.0
22,Bratislava  FIR,0.000384,0.040073,0.03206,0.0,0.0,0.0
22,Yerevan FIR,0.0,0.001735,0.008965,0.0,0.0,0.0
22,Tibilisi FIR,0.0,0.00843,0.025371,0.000178,0.0,0.0
22,Kiev FIR,0.000566,0.053492,0.076222,0.004299,0.0,0.0
22,Dnipro FIR,0.0,0.040588,0.08001,0.009312,0.0,0.0
22,Simferopol FIR,9.3e-05,0.032222,0.036735,0.001646,0.0,0.0
22,Lvov FIR,0.000414,0.062186,0.062186,0.000304,0.0,0.0
22,Odessa FIR,0.000622,0.035575,0.035767,0.0,0.0,0.0
23,European Airspace,0.001537,0.008408,0.023194,0.016518,0.005216,0.000988
23,North Atlantic,0.00027,0.015406,0.059897,0.049881,0.01462,0.000503
23,Continental Europe,0.00116,0.009237,0.029394,0.021365,0.00584,0.0
23,Global,0.009125,0.018892,0.025769,0.020707,0.025376,0.029566
23,USA,1e-06,0.000442,0.006252,0.020945,0.017753,0.006617
23,East Asia,4.9e-05,0.002815,0.011626,0.016737,0.034969,0.052227
23,Southeast Asia,0.0,0.0,0.0,0.011385,0.101978,0.185171
23,Latin America,0.009989,0.022942,0.037218,0.031819,0.038991,0.046091
23,Africa & Middle East,6e-06,0.000807,0.003294,0.009381,0.018157,0.017148
23,China,0.000242,0.006278,0.019894,0.011382,0.013658,0.026858
23,India,0.0,0.0,3e-06,0.003444,0.048891,0.084348
23,North Pacific,0.000904,0.011986,0.039093,0.027046,0.007414,0.000678
23,Arctic,0.012746,0.032144,0.019127,0.000978,3.7e-05,0.0
23,Reykjavik FIR,0.003241,0.009654,0.009049,0.002197,0.0,0.0
23,Brussels FIR,0.0,0.014381,0.041702,0.009221,0.0,0.0
23,Langen FIR,6.9e-05,0.012215,0.047187,0.008372,0.0,0.0
23,Munchen FIR,0.000212,0.018512,0.060318,0.009202,0.0,0.0
23,Bremen FIR,0.001228,0.021975,0.044707,0.005666,0.0,0.0
23,Tallinn FIR,0.006898,0.009483,0.003664,0.0,0.0,0.0
23,Helsinki FIR,0.010297,0.018219,0.015261,0.0,0.0,0.0
23,Shanwick FIR,0.000629,0.020345,0.060276,0.055295,0.025053,0.000771
23,Scottish FIR,0.004678,0.005792,0.004388,0.00154,2e-05,0.0
23,London FIR,0.004196,0.020665,0.025157,0.006568,0.0001,0.0
23,Amsterdam FIR,0.005302,0.020981,0.045514,0.00689,0.0,0.0
23,Shannon FIR,0.001099,0.025002,0.053856,0.040252,0.005467,0.0
23,Copenhagen FIR,0.001455,0.011429,0.017069,0.004185,0.0,0.0
23,Bodo Oceanic FIR,0.003622,0.016762,0.009585,0.0,0.0,0.0
23,Polaris FIR,0.006613,0.004395,0.002295,1.3e-05,0.0,0.0
23,Warszawa FIR,0.001436,0.035262,0.040171,0.0024,3e-06,0.0
23,Sweden FIR,0.007529,0.011413,0.011199,0.000101,0.0,0.0
23,Riga FIR,0.002073,0.021391,0.017959,0.0,0.0,0.0
23,Vilnius FIR,0.003583,0.018224,0.018528,5.8e-05,0.0,0.0
23,Canarias FIR,0.0,0.0,0.001165,0.006022,0.005372,0.004467
23,Tirana FIR,0.0,0.000405,0.019339,0.013149,0.001832,0.0
23,Sofia FIR,0.0,0.000916,0.026221,0.018923,8.6e-05,0.0
23,Nicosia FIR,0.0,0.0,0.00042,0.0,0.0,0.0
23,Zagreb FIR,0.00019,0.004837,0.026182,0.021826,0.008012,0.0
23,Barcelona FIR,0.0,6.4e-05,0.01078,0.029683,0.025457,4e-06
23,Madrid FIR,0.0,0.003325,0.045338,0.062315,0.018965,0.0
23,Bordeaux FIR,0.0,0.008857,0.056734,0.032664,0.005663,0.0
23,Reims FIR,0.000147,0.014634,0.048836,0.012277,0.0,0.0
23,Paris FIR,0.0,0.009296,0.039326,0.007958,0.0,0.0
23,Marseille FIR,0.0,0.001755,0.018523,0.030524,0.015613,0.0
23,Brest FIR,0.0,0.008201,0.037289,0.01928,0.00184,0.0
23,Athinai FIR,0.0,4.9e-05,0.005256,0.002273,0.000169,0.0
23,Budapest FIR,0.0,0.01463,0.050959,0.019805,0.0,0.0
23,Brindisi FIR,0.0,0.002158,0.019657,0.014227,0.000815,0.0
23,Milano FIR,0.000426,0.008072,0.03224,0.022714,0.009748,0.0
23,Roma FIR,0.0,0.000192,0.012824,0.012536,0.003848,0.0
23,Ljubljana FIR,0.0,0.014513,0.034959,0.022143,0.002699,0.0
23,Praha FIR,1.2e-05,0.03553,0.069283,0.005705,0.0,0.0
23,Malta FIR,0.0,4.4e-05,0.001844,0.00448,0.000172,0.0
23,Wien FIR,0.0,0.027733,0.068834,0.025663,0.000272,0.0
23,Lisboa FIR,0.0,0.004118,0.069061,0.063537,0.008594,0.0
23,Santa Maria FIR,2e-06,0.003615,0.02097,0.027737,0.021394,0.014829
23,Sarajevo FIR,0.0,0.004245,0.014374,0.020192,0.007872,0.0
23,Bucarest FIR,0.0,0.005278,0.033553,0.016411,0.000541,0.0
23,Switzerland FIR,0.0,0.007095,0.047037,0.032574,0.002696,0.0
23,Ankara FIR,0.0,0.000387,0.012452,0.002677,0.0,0.0
23,Istanbul FIR,0.0,0.000861,0.016951,0.002901,0.0,0.0
23,Chisinau FIR,0.0,0.008079,0.063762,0.017124,0.0,0.0
23,Skopje FIR,0.0,0.000272,0.010927,0.010116,0.00393,0.0
23,Beograd FIR,0.0,0.004173,0.0336,0.023829,0.002111,0.0
23,Bratislava  FIR,0.0,0.02297,0.062593,0.007402,0.0,0.0
23,Yerevan FIR,0.0,0.0,0.011561,0.014285,0.0,0.0
23,Tibilisi FIR,0.0,1.3e-05,0.026728,0.02506,0.0,0.0
23,Kiev FIR,0.0,0.020496,0.052232,0.00494,0.0,0.0
23,Dnipro FIR,0.0,0.015932,0.040306,0.010044,0.000343,0.0
23,Simferopol FIR,0.0,0.005015,0.02929,0.00775,0.0,0.0
23,Lvov FIR,0.0,0.01362,0.027384,0.004539,0.0,0.0
23,Odessa FIR,0.0,0.016154,0.07092,0.017921,0.0,0.0
24,European Airspace,0.001994,0.005802,0.018264,0.013245,0.005194,0.001175
24,North Atlantic,0.000663,0.00704,0.028642,0.045213,0.041197,0.017422
24,Continental Europe,0.002594,0.005693,0.019977,0.012734,0.001686,4.3e-05
24,Global,0.009454,0.020461,0.025666,0.020386,0.027028,0.030608
24,USA,5.3e-05,0.000394,0.003234,0.013317,0.013618,0.011474
24,East Asia,3.1e-05,0.001237,0.007647,0.012991,0.040423,0.066697
24,Southeast Asia,0.0,0.0,0.0,0.017902,0.092835,0.151949
24,Latin America,0.009273,0.01584,0.019779,0.017402,0.032752,0.046119
24,Africa & Middle East,1.5e-05,0.000904,0.002319,0.010261,0.022862,0.020317
24,China,6.9e-05,0.00256,0.013144,0.010449,0.022113,0.04838
24,India,0.0,0.0,0.0,0.006521,0.056952,0.097276
24,North Pacific,0.001369,0.007693,0.025604,0.022289,0.010922,0.00442
24,Arctic,0.00472,0.025296,0.040382,0.008018,0.0,0.0
24,Reykjavik FIR,0.005645,0.026482,0.036156,0.006468,2e-05,0.0
24,Brussels FIR,0.001496,0.007231,0.03426,0.00703,0.0,0.0
24,Langen FIR,0.000491,0.005838,0.043093,0.008765,0.0,0.0
24,Munchen FIR,0.001454,0.006662,0.017044,0.00597,0.0,0.0
24,Bremen FIR,0.002833,0.01085,0.023273,0.00267,0.0,0.0
24,Tallinn FIR,0.003341,0.016598,0.021356,0.000811,0.0,0.0
24,Helsinki FIR,0.003509,0.008124,0.008383,0.0,0.0,0.0
24,Shanwick FIR,0.000882,0.006675,0.035426,0.04495,0.018009,0.001241
24,Scottish FIR,0.018055,0.021679,0.00846,0.001141,0.0,0.0
24,London FIR,0.007834,0.00747,0.019639,0.007782,0.000735,0.0
24,Amsterdam FIR,0.003797,0.005304,0.024335,0.002958,0.0,0.0
24,Shannon FIR,0.000326,0.007058,0.034593,0.02273,0.001859,0.0
24,Copenhagen FIR,0.004629,0.010939,0.007991,7e-06,0.0,0.0
24,Bodo Oceanic FIR,0.003201,0.01363,0.010163,0.0,0.0,0.0
24,Polaris FIR,0.020823,0.014079,0.000421,0.0,0.0,0.0
24,Warszawa FIR,9.1e-05,0.009732,0.041978,0.010101,0.0,0.0
24,Sweden FIR,0.012053,0.011895,0.002025,3.7e-05,0.0,0.0
24,Riga FIR,0.001717,0.017652,0.028017,0.001999,0.0,0.0
24,Vilnius FIR,0.000824,0.022173,0.036809,0.00174,0.0,0.0
24,Canarias FIR,0.0,0.0,0.002461,0.004436,0.001812,5e-05
24,Tirana FIR,0.0,0.0,0.022637,0.008548,6.2e-05,0.0
24,Sofia FIR,0.0,0.000202,0.012866,0.005206,0.0,0.0
24,Nicosia FIR,0.0,0.0,1.5e-05,2.2e-05,0.0,0.0
24,Zagreb FIR,0.0,0.002352,0.010509,0.002165,0.000404,0.0
24,Barcelona FIR,0.0,0.000787,0.005129,0.004157,0.001212,0.0
24,Madrid FIR,0.0,0.002428,0.025084,0.031074,0.009507,0.000409
24,Bordeaux FIR,0.0,0.001136,0.040898,0.036388,0.005625,0.0
24,Reims FIR,0.0,0.002834,0.053615,0.025461,1.9e-05,0.0
24,Paris FIR,0.000103,0.005427,0.036327,0.023339,6e-06,0.0
24,Marseille FIR,0.0,0.001718,0.016512,0.011252,0.001848,0.0
24,Brest FIR,5.1e-05,0.003939,0.041096,0.03359,0.000882,0.0
24,Athinai FIR,0.0,0.0,0.005634,0.004835,9e-06,0.0
24,Budapest FIR,0.0,0.001627,0.020488,0.002232,0.0,0.0
24,Brindisi FIR,0.0,0.000247,0.010154,0.005962,0.0,0.0
24,Milano FIR,0.0,0.008268,0.030395,0.006452,0.001006,0.0
24,Roma FIR,0.0,0.000296,0.014704,0.009764,0.000722,0.0
24,Ljubljana FIR,0.0,0.006597,0.022059,0.009809,0.000176,0.0
24,Praha FIR,0.001023,0.006102,0.025291,0.013586,0.0,0.0
24,Malta FIR,0.0,0.0,0.012965,0.005932,6e-06,0.0
24,Wien FIR,0.000234,0.008524,0.029372,0.00741,0.0,0.0
24,Lisboa FIR,0.0,0.001997,0.013049,0.011898,0.001503,9.4e-05
24,Santa Maria FIR,0.0,0.000993,0.010886,0.031255,0.039986,0.021126
24,Sarajevo FIR,0.0,0.0012,0.004542,0.001479,0.001752,0.0
24,Bucarest FIR,0.0,0.000711,0.015335,0.004831,4.6e-05,0.0
24,Switzerland FIR,0.00017,0.004682,0.039506,0.019169,2.4e-05,0.0
24,Ankara FIR,0.0,9e-06,0.006576,0.007191,1.6e-05,0.0
24,Istanbul FIR,0.0,0.0,0.0049,0.0042,0.0,0.0
24,Chisinau FIR,0.0,0.001876,0.026733,0.013704,0.0,0.0
24,Skopje FIR,0.0,0.000448,0.021023,0.008629,0.001846,0.0
24,Beograd FIR,0.0,0.000869,0.011248,0.002882,0.001133,0.0
24,Bratislava  FIR,6.3e-05,0.00846,0.031763,0.004396,0.0,0.0
24,Yerevan FIR,0.0,0.0,0.010212,0.00725,0.0,0.0
24,Tibilisi FIR,0.0,0.0,0.016611,0.01566,1.3e-05,0.0
24,Kiev FIR,0.0,0.003856,0.063614,0.025051,0.000166,0.0
24,Dnipro FIR,0.0,0.001245,0.031979,0.018974,6.5e-05,0.0
24,Simferopol FIR,0.0,0.000879,0.012244,0.00563,0.0,0.0
24,Lvov FIR,0.0,0.009467,0.04905,0.016272,2.1e-05,0.0
24,Odessa FIR,0.0,0.000872,0.040175,0.010779,4e-05,0.0
25,European Airspace,0.000429,0.00276,0.014682,0.011226,0.003632,0.000249
25,North Atlantic,0.002047,0.002851,0.020642,0.037006,0.025701,0.00787
25,Continental Europe,0.000195,0.003425,0.022232,0.016507,0.002195,7.7e-05
25,Global,0.00911,0.017707,0.02241,0.018989,0.025542,0.029465
25,USA,0.000911,0.000509,0.002051,0.011092,0.014806,0.011482
25,East Asia,0.0,0.000402,0.00456,0.014658,0.042878,0.078773
25,Southeast Asia,0.0,0.0,0.0,0.020329,0.113619,0.187534
25,Latin America,0.00878,0.010988,0.014446,0.01547,0.028367,0.039823
25,Africa & Middle East,4e-06,0.000563,0.001799,0.0078,0.016421,0.015866
25,China,0.0,0.000624,0.01,0.016649,0.026525,0.061621
25,India,0.0,0.0,0.0,0.005171,0.064657,0.121513
25,North Pacific,0.001317,0.004624,0.020428,0.022299,0.009839,0.003339
25,Arctic,0.005436,0.024648,0.022245,0.003538,0.000198,0.0
25,Reykjavik FIR,0.004544,0.008776,0.008886,0.000633,0.0,0.0
25,Brussels FIR,0.0,0.009134,0.026664,0.001734,0.0,0.0
25,Langen FIR,0.0,0.009748,0.03641,0.010165,8.9e-05,0.0
25,Munchen FIR,0.0,0.005318,0.035367,0.034057,0.001677,0.0
25,Bremen FIR,0.0,0.005512,0.021776,0.011278,0.000384,0.0
25,Tallinn FIR,0.0,0.006773,0.019433,0.000228,0.0,0.0
25,Helsinki FIR,0.0,0.010902,0.029767,0.001724,0.0,0.0
25,Shanwick FIR,0.000176,0.00291,0.039386,0.048386,0.025801,0.002068
25,Scottish FIR,0.001298,0.007595,0.034185,0.010111,7e-06,0.0
25,London FIR,3.7e-05,0.002335,0.015203,0.01176,0.000384,0.0
25,Amsterdam FIR,0.0,0.004402,0.005111,0.002612,0.0,0.0
25,Shannon FIR,0.001018,0.004387,0.062552,0.037917,0.000374,0.0
25,Copenhagen FIR,0.0,0.003337,0.013199,0.000426,0.0,0.0
25,Bodo Oceanic FIR,0.002835,0.008537,0.008965,6.5e-05,0.0,0.0
25,Polaris FIR,0.001753,0.009096,0.016072,0.000916,0.0,0.0
25,Warszawa FIR,0.0,0.007345,0.056268,0.029136,0.001682,0.0
25,Sweden FIR,0.000401,0.005789,0.017461,0.000774,0.0,0.0
25,Riga FIR,0.0,0.006884,0.015173,0.000308,0.0,0.0
25,Vilnius FIR,0.0,0.011641,0.017889,0.000465,0.0,0.0
25,Canarias FIR,0.0,0.0,4.7e-05,7.7e-05,0.0,0.0
25,Tirana FIR,0.0,0.0,0.0,3.2e-05,0.0,0.0
25,Sofia FIR,0.0,0.0,0.007213,0.005683,0.0,0.0
25,Nicosia FIR,0.0,0.0,0.0,0.0,0.0,0.0
25,Zagreb FIR,0.0,0.000124,0.014128,0.019275,0.00044,0.0
25,Barcelona FIR,0.0,0.0,0.010139,0.010818,0.001481,0.0
25,Madrid FIR,1.7e-05,0.00201,0.017089,0.025583,0.014253,0.001455
25,Bordeaux FIR,0.0,0.004444,0.046953,0.04004,0.004158,0.0
25,Reims FIR,0.0,0.003512,0.060713,0.016525,9.6e-05,0.0
25,Paris FIR,0.0,0.011836,0.041204,0.006399,0.0,0.0
25,Marseille FIR,0.0,0.000405,0.019357,0.027674,0.002929,0.0
25,Brest FIR,0.0,0.010076,0.036131,0.028865,0.001388,0.0
25,Athinai FIR,0.0,0.0,0.000156,0.000118,0.0,0.0
25,Budapest FIR,0.0,0.002256,0.025668,0.030629,0.001055,0.0
25,Brindisi FIR,0.0,0.0,0.002453,0.003293,0.0,0.0
25,Milano FIR,0.0,7.8e-05,0.019832,0.043069,0.00251,0.0
25,Roma FIR,0.0,0.0,0.002605,0.002179,0.0,0.0
25,Ljubljana FIR,0.0,0.000174,0.019998,0.034141,0.001168,0.0
25,Praha FIR,0.0,0.007455,0.038319,0.043503,0.004236,0.0
25,Malta FIR,0.0,0.0,0.0,0.0,0.0,0.0
25,Wien FIR,0.0,0.002472,0.03078,0.049736,0.003698,0.0
25,Lisboa FIR,0.0,0.001243,0.008321,0.008577,0.002818,0.0
25,Santa Maria FIR,0.0,0.000125,0.009804,0.027205,0.017636,0.001508
25,Sarajevo FIR,0.0,0.000466,0.018036,0.01412,6.6e-05,0.0
25,Bucarest FIR,0.0,7.3e-05,0.010198,0.010628,0.000524,0.0
25,Switzerland FIR,0.0,0.001536,0.045485,0.042816,0.00196,0.0
25,Ankara FIR,0.0,0.0,4e-05,8e-06,0.0,0.0
25,Istanbul FIR,0.0,0.0,5.6e-05,0.0,0.0,0.0
25,Chisinau FIR,0.0,0.0,0.00101,0.005021,0.0,0.0
25,Skopje FIR,0.0,0.0,0.002022,0.002752,0.0,0.0
25,Beograd FIR,0.0,0.0,0.012255,0.010447,0.000348,0.0
25,Bratislava  FIR,0.0,0.004547,0.020831,0.041774,0.004858,0.0
25,Yerevan FIR,0.0,0.0,0.000549,0.000392,0.0,0.0
25,Tibilisi FIR,0.0,0.0,0.002999,0.003664,0.0,0.0
25,Kiev FIR,0.0,0.000509,0.010965,0.009201,0.000413,0.0
25,Dnipro FIR,0.0,0.000979,0.009621,0.003229,0.000284,0.0
25,Simferopol FIR,0.0,0.0,1.6e-05,0.0,0.0,0.0
25,Lvov FIR,0.0,0.002501,0.031113,0.031169,0.002469,0.0
25,Odessa FIR,0.0,0.0,0.002185,0.000425,0.0,0.0
26,European Airspace,6.3e-05,0.00084,0.010377,0.009674,0.00392,0.000743
26,North Atlantic,0.001387,0.001809,0.015498,0.033563,0.023826,0.0082
26,Continental Europe,0.0,0.000744,0.016194,0.009618,0.000959,0.0
26,Global,0.010423,0.017578,0.020394,0.01734,0.023926,0.029575
26,USA,3e-06,0.00018,0.001988,0.008567,0.010659,0.007237
26,East Asia,0.0,0.00032,0.004238,0.01196,0.03707,0.061316
26,Southeast Asia,0.0,0.0,0.0,0.012115,0.078092,0.133219
26,Latin America,0.007585,0.011098,0.009542,0.012208,0.020502,0.024814
26,Africa & Middle East,0.0,0.000369,0.001629,0.008512,0.026561,0.0423
26,China,0.0,0.000569,0.008259,0.014995,0.025258,0.065642
26,India,0.0,0.0,0.0,0.001935,0.047784,0.142415
26,North Pacific,0.0009,0.002936,0.015092,0.018559,0.008404,0.002895
26,Arctic,0.002772,0.010616,0.019752,0.004661,0.000104,0.0
26,Reykjavik FIR,0.000672,0.001881,0.00691,0.001959,0.0,0.0
26,Brussels FIR,0.0,0.000832,0.02208,0.008384,8.3e-05,0.0
26,Langen FIR,0.0,0.000817,0.023469,0.012182,0.000323,0.0
26,Munchen FIR,0.0,0.001367,0.034765,0.01828,0.000583,0.0
26,Bremen FIR,0.0,0.002579,0.025874,0.010499,0.0,0.0
26,Tallinn FIR,0.0,0.003288,0.030105,0.027125,0.004115,0.0
26,Helsinki FIR,0.0,0.005503,0.029808,0.013598,7.3e-05,0.0
26,Shanwick FIR,0.000207,0.001504,0.021399,0.033447,0.017595,0.001116
26,Scottish FIR,0.0,0.00076,0.008384,0.003801,0.0,0.0
26,London FIR,0.0,0.00082,0.01522,0.001686,0.0,0.0
26,Amsterdam FIR,0.0,0.002553,0.009414,0.001345,0.0,0.0
26,Shannon FIR,0.0,0.004961,0.026337,0.011016,0.000166,0.0
26,Copenhagen FIR,0.0,0.000776,0.021048,0.003345,0.0,0.0
26,Bodo Oceanic FIR,0.000101,0.002856,0.01092,0.002099,0.0,0.0
26,Polaris FIR,0.0,0.001385,0.010707,0.00359,0.0,0.0
26,Warszawa FIR,0.0,3.3e-05,0.027988,0.026194,0.000759,0.0
26,Sweden FIR,0.0,0.001797,0.021104,0.009961,0.0,0.0
26,Riga FIR,0.0,0.000959,0.02001,0.03287,0.011479,0.0
26,Vilnius FIR,0.0,0.0,0.022318,0.037515,0.011905,0.0
26,Canarias FIR,0.0,0.0,0.0,0.0,0.0,0.0
26,Tirana FIR,0.0,0.0,0.0,0.0,0.0,0.0
26,Sofia FIR,0.0,0.0,0.009954,0.003753,0.0,0.0
26,Nicosia FIR,0.0,0.0,0.0,0.0,0.0,0.0
26,Zagreb FIR,0.0,0.000528,0.021131,0.005362,0.0,0.0
26,Barcelona FIR,0.0,4e-06,0.0061,0.012544,0.008472,0.0
26,Madrid FIR,0.0,4.1e-05,0.015284,0.018085,0.003369,0.0
26,Bordeaux FIR,0.0,0.000952,0.025308,0.027696,0.00149,0.0
26,Reims FIR,0.0,0.000603,0.015698,0.009355,0.000599,0.0
26,Paris FIR,0.0,0.000303,0.021919,0.010424,6e-06,0.0
26,Marseille FIR,0.0,0.000627,0.01602,0.009146,2.9e-05,0.0
26,Brest FIR,0.0,0.001682,0.038564,0.024098,0.002823,0.0
26,Athinai FIR,0.0,0.0,9.7e-05,0.0,0.0,0.0
26,Budapest FIR,0.0,0.000387,0.035246,0.021463,0.0,0.0
26,Brindisi FIR,0.0,0.000235,0.002111,0.000749,0.0,0.0
26,Milano FIR,0.0,0.000311,0.01104,0.010046,9.7e-05,0.0
26,Roma FIR,0.0,2.2e-05,0.002567,0.000746,0.0,0.0
26,Ljubljana FIR,0.0,0.002165,0.032747,0.002433,5.8e-05,0.0
26,Praha FIR,0.0,0.000189,0.027098,0.017546,0.000226,0.0
26,Malta FIR,0.0,0.0,0.000138,0.0,0.0,0.0
26,Wien FIR,0.0,0.000682,0.024908,0.017517,0.00073,0.0
26,Lisboa FIR,0.0,0.000575,0.011532,0.007105,0.000354,0.000237
26,Santa Maria FIR,0.0,3e-06,0.003135,0.01589,0.018889,0.009285
26,Sarajevo FIR,0.0,0.000133,0.018765,0.003355,0.0,0.0
26,Bucarest FIR,0.0,0.0,0.022023,0.011145,8e-06,0.0
26,Switzerland FIR,0.0,0.0,0.022974,0.006584,0.000484,0.0
26,Ankara FIR,0.0,0.0,2e-06,0.0,0.0,0.0
26,Istanbul FIR,0.0,0.0,0.0,0.0,0.0,0.0
26,Chisinau FIR,0.0,0.0,0.000882,0.000145,0.0,0.0
26,Skopje FIR,0.0,0.0,0.005217,0.00036,0.0,0.0
26,Beograd FIR,0.0,0.0,0.016825,0.007336,0.0,0.0
26,Bratislava  FIR,0.0,4.3e-05,0.021345,0.024568,0.00038,0.0
26,Yerevan FIR,0.0,0.0,0.0,0.0,0.0,0.0
26,Tibilisi FIR,0.0,0.0,0.000735,0.0,0.0,0.0
26,Kiev FIR,0.0,0.000127,0.001119,0.001109,0.0,0.0
26,Dnipro FIR,0.0,0.000661,0.003226,6.5e-05,0.0,0.0
26,Simferopol FIR,0.0,0.0,0.0,0.0,0.0,0.0
26,Lvov FIR,0.0,0.0,0.022343,0.024524,0.000115,0.0
26,Odessa FIR,0.0,0.0,0.0,0.0,0.0,0.0
27,European Airspace,0.001661,0.005319,0.013489,0.008465,0.003293,0.000278
27,North Atlantic,0.001931,0.006924,0.017474,0.025094,0.017595,0.003052
27,Continental Europe,0.001774,0.00494,0.019951,0.010767,0.00334,0.000266
27,Global,0.009667,0.017314,0.019476,0.020455,0.028818,0.032277
27,USA,0.0,0.000693,0.001613,0.005109,0.016023,0.017102
27,East Asia,0.0,0.0,0.000575,0.006328,0.03063,0.055926
27,Southeast Asia,0.0,0.0,0.0,0.019551,0.096354,0.145555
27,Latin America,0.012547,0.009088,0.006435,0.008994,0.021518,0.022817
27,Africa & Middle East,1.2e-05,0.00029,0.000947,0.018702,0.042904,0.056204
27,China,0.0,0.00015,0.003364,0.009027,0.019288,0.058505
27,India,0.0,0.0,0.0,0.006794,0.073636,0.179272
27,North Pacific,0.000895,0.004691,0.016068,0.016029,0.007988,0.002903
27,Arctic,0.000664,0.011194,0.018718,0.001441,6e-06,0.0
27,Reykjavik FIR,0.010672,0.036606,0.024787,0.000172,0.0,0.0
27,Brussels FIR,0.0,0.004421,0.047325,0.017226,0.0,0.0
27,Langen FIR,0.0,0.003453,0.033588,0.008322,2.7e-05,0.0
27,Munchen FIR,0.0,0.006056,0.047501,0.006274,4e-05,0.0
27,Bremen FIR,0.000205,0.011228,0.035952,0.002559,0.0,0.0
27,Tallinn FIR,0.0,0.00247,0.018748,0.004518,0.0,0.0
27,Helsinki FIR,3e-06,0.000909,0.00755,0.002174,0.0,0.0
27,Shanwick FIR,0.003168,0.009099,0.02819,0.037365,0.025892,0.00072
27,Scottish FIR,0.02049,0.023271,0.026398,0.000518,0.0,0.0
27,London FIR,0.001303,0.005164,0.042392,0.019485,0.005081,0.000157
27,Amsterdam FIR,0.0,0.006041,0.041465,0.008336,0.0,0.0
27,Shannon FIR,0.001838,0.001926,0.02958,0.034004,0.005456,0.0
27,Copenhagen FIR,0.000989,0.016115,0.028398,2e-05,0.0,0.0
27,Bodo Oceanic FIR,0.003656,0.008957,0.003488,3e-06,0.0,0.0
27,Polaris FIR,0.009199,0.010976,0.00511,1.2e-05,0.0,0.0
27,Warszawa FIR,0.0,0.001719,0.029521,0.00759,0.0,0.0
27,Sweden FIR,0.000598,0.007908,0.007689,0.00098,0.0,0.0
27,Riga FIR,0.0,0.003563,0.044011,0.013044,0.0,0.0
27,Vilnius FIR,4.5e-05,0.003491,0.056149,0.015569,0.0,0.0
27,Canarias FIR,0.0,0.0,0.0,0.000185,1.6e-05,8.1e-05
27,Tirana FIR,0.0,0.003042,0.014883,0.000154,0.0,0.0
27,Sofia FIR,0.0,0.001881,0.014595,0.008354,4e-05,0.0
27,Nicosia FIR,0.0,0.0,0.0,0.0,0.0,0.0
27,Zagreb FIR,0.0,0.00259,0.013604,0.002864,0.000191,0.0
27,Barcelona FIR,0.0,3.4e-05,0.004018,0.000658,0.00088,7.4e-05
27,Madrid FIR,0.0,0.000136,0.007547,0.006455,0.001118,0.000152
27,Bordeaux FIR,0.0,0.003204,0.028153,0.019273,0.006743,3.2e-05
27,Reims FIR,0.0,0.0076,0.03246,0.008201,7.5e-05,0.0
27,Paris FIR,1.2e-05,0.009111,0.054727,0.022722,0.001858,0.0
27,Marseille FIR,0.0,0.001735,0.014004,0.010972,0.001833,0.0
27,Brest FIR,1e-05,0.004093,0.037648,0.063008,0.037393,0.003984
27,Athinai FIR,0.0,0.000324,0.002757,1.3e-05,0.0,0.0
27,Budapest FIR,0.0,0.000537,0.030372,0.016224,0.000333,0.0
27,Brindisi FIR,0.0,0.003299,0.00953,5.1e-05,0.0,0.0
27,Milano FIR,0.0,0.002853,0.02699,0.021253,0.000905,0.0
27,Roma FIR,0.0,0.000459,0.003154,0.000648,1.3e-05,0.0
27,Ljubljana FIR,0.0,0.003911,0.020695,0.01528,0.000585,0.0
27,Praha FIR,0.0,0.002193,0.029597,0.007683,0.0,0.0
27,Malta FIR,0.0,0.0,9.4e-05,0.0,0.0,0.0
27,Wien FIR,0.0,0.001684,0.033956,0.020191,0.000198,0.0
27,Lisboa FIR,0.0,0.0,0.000111,0.0,0.0,0.0
27,Santa Maria FIR,0.0,3e-06,0.002345,0.004401,0.001255,0.000432
27,Sarajevo FIR,0.0,0.000998,0.012291,0.006211,0.000386,0.0
27,Bucarest FIR,0.0,0.001097,0.022376,0.012506,0.00021,0.0
27,Switzerland FIR,0.0,0.005258,0.039978,0.018357,0.000192,0.0
27,Ankara FIR,0.0,4.3e-05,0.000444,4.8e-05,0.0,0.0
27,Istanbul FIR,0.0,9.1e-05,0.00281,0.001503,0.0,0.0
27,Chisinau FIR,0.0,0.002979,0.019107,0.014675,0.0,0.0
27,Skopje FIR,0.0,0.0046,0.014373,0.000224,0.0,0.0
27,Beograd FIR,0.0,0.00107,0.013999,0.006592,0.000351,0.0
27,Bratislava  FIR,0.0,8.5e-05,0.02174,0.011304,0.0,0.0
27,Yerevan FIR,0.0,0.0,0.0,0.0,0.0,0.0
27,Tibilisi FIR,0.0,0.0,0.002896,0.001047,0.0,0.0
27,Kiev FIR,0.0,0.000316,0.026014,0.036632,0.004321,0.0
27,Dnipro FIR,0.0,0.000362,0.031991,0.010112,2.4e-05,0.0
27,Simferopol FIR,0.0,0.000378,0.010753,0.003187,0.0,0.0
27,Lvov FIR,0.0,2.2e-05,0.030448,0.02309,0.000179,0.0
27,Odessa FIR,0.0,0.001422,0.013734,0.005273,0.0,0.0
28,European Airspace,0.00064,0.004133,0.015575,0.007801,0.000405,6.1e-05
28,North Atlantic,0.000654,0.010426,0.035485,0.029608,0.006233,0.002839
28,Continental Europe,0.000476,0.004142,0.018383,0.007003,0.000413,0.0
28,Global,0.010662,0.017409,0.021632,0.021633,0.028375,0.031853
28,USA,0.0,5.4e-05,0.00099,0.005207,0.011512,0.011262
28,East Asia,0.0,0.0,0.000925,0.006931,0.027706,0.061901
28,Southeast Asia,0.0,0.0,0.0,0.022543,0.110748,0.179816
28,Latin America,0.005536,0.009814,0.014494,0.013623,0.020388,0.028393
28,Africa & Middle East,1.4e-05,0.000218,0.001099,0.012879,0.028081,0.030497
28,China,0.0,2.9e-05,0.004458,0.010186,0.017939,0.055876
28,India,0.0,0.0,0.0,0.00618,0.067719,0.145533
28,North Pacific,0.000458,0.003801,0.017966,0.016716,0.005391,0.001565
28,Arctic,0.00388,0.011027,0.017944,0.004458,0.000342,0.0
28,Reykjavik FIR,0.004269,0.026887,0.06859,0.030886,0.000685,0.0
28,Brussels FIR,0.0,0.002676,0.027856,0.005583,0.0,0.0
28,Langen FIR,0.0,0.000538,0.019186,0.004204,0.0,0.0
28,Munchen FIR,0.0,0.0,0.025447,0.011127,0.0,0.0
28,Bremen FIR,0.0,0.00187,0.018624,0.008302,0.0,0.0
28,Tallinn FIR,0.0,0.006457,0.028761,0.019329,3.2e-05,0.0
28,Helsinki FIR,0.001172,0.000949,0.023526,0.014878,9.2e-05,0.0
28,Shanwick FIR,0.000698,0.013453,0.040858,0.020262,0.000241,0.0
28,Scottish FIR,0.004609,0.029006,0.060425,0.013618,0.0,0.0
28,London FIR,0.000325,0.011136,0.035444,0.00219,0.0,0.0
28,Amsterdam FIR,0.0,0.007891,0.018775,0.003502,0.0,0.0
28,Shannon FIR,0.001035,0.027544,0.038277,0.000249,0.0,0.0
28,Copenhagen FIR,0.000718,0.001203,0.025004,0.005707,0.0,0.0
28,Bodo Oceanic FIR,0.00044,0.008845,0.032285,0.004328,0.0,0.0
28,Polaris FIR,0.006456,0.006963,0.02484,0.004746,0.0,0.0
28,Warszawa FIR,0.0,0.0,0.012701,0.026863,0.000124,0.0
28,Sweden FIR,0.001671,0.003991,0.030137,0.008409,0.0,0.0
28,Riga FIR,0.0,0.00442,0.027445,0.020659,0.0,0.0
28,Vilnius FIR,0.0,0.000327,0.022094,0.017928,0.000293,0.0
28,Canarias FIR,0.0,0.0,0.0,0.0,0.0,0.0
28,Tirana FIR,0.0,0.0,0.0,0.0,0.0,0.0
28,Sofia FIR,0.0,0.0,0.0,0.0,0.0,0.0
28,Nicosia FIR,0.0,0.0,0.0,0.0,0.0,0.0
28,Zagreb FIR,0.0,0.0,0.000263,0.000368,0.0,0.0
28,Barcelona FIR,0.0,0.0,0.000281,9.9e-05,0.0,0.0
28,Madrid FIR,0.0,8e-05,0.009892,0.011884,0.00104,0.0
28,Bordeaux FIR,0.0,2.5e-05,0.013735,0.011088,0.001705,0.0
28,Reims FIR,0.0,0.0,0.023726,0.007486,0.0,0.0
28,Paris FIR,0.0,0.00082,0.020983,0.001812,0.0,0.0
28,Marseille FIR,0.0,2.7e-05,0.007332,0.006751,0.001041,0.0
28,Brest FIR,0.0,0.000605,0.039843,0.005622,6e-05,0.0
28,Athinai FIR,0.0,0.0,0.0,0.0,0.0,0.0
28,Budapest FIR,0.0,0.0,0.005405,0.002854,0.0,0.0
28,Brindisi FIR,0.0,0.0,0.0,0.0,0.0,0.0
28,Milano FIR,0.0,0.0,0.010081,0.012761,0.002516,0.0
28,Roma FIR,0.0,0.0,8.9e-05,0.000358,0.0,0.0
28,Ljubljana FIR,0.0,0.0,0.001576,0.00181,0.0,0.0
28,Praha FIR,0.0,0.0,0.01752,0.01748,7.5e-05,0.0
28,Malta FIR,0.0,0.0,0.0,0.0,0.0,0.0
28,Wien FIR,0.0,0.0,0.010056,0.009277,7.4e-05,0.0
28,Lisboa FIR,0.0,0.0,0.001711,0.010063,0.003051,0.0
28,Santa Maria FIR,0.0,6.4e-05,0.001935,0.005388,0.002325,0.000876
28,Sarajevo FIR,0.0,0.0,0.000575,0.000133,0.0,0.0
28,Bucarest FIR,0.0,0.0,0.000522,0.000164,0.0,0.0
28,Switzerland FIR,0.0,0.0,0.019158,0.019361,0.002292,0.0
28,Ankara FIR,0.0,0.0,0.0,0.0,0.0,0.0
28,Istanbul FIR,0.0,0.0,0.0,0.0,0.0,0.0
28,Chisinau FIR,0.0,0.0,0.00219,0.0,0.0,0.0
28,Skopje FIR,0.0,0.0,0.0,0.0,0.0,0.0
28,Beograd FIR,0.0,0.0,2.9e-05,0.0,0.0,0.0
28,Bratislava  FIR,0.0,0.0,0.009082,0.012526,0.0,0.0
28,Yerevan FIR,0.0,0.0,0.0,0.0,0.0,0.0
28,Tibilisi FIR,0.0,0.0,0.0,1.3e-05,0.0,0.0
28,Kiev FIR,0.0,0.0,0.000559,0.000176,0.0,0.0
28,Dnipro FIR,0.0,0.0,0.000251,0.000472,0.0,0.0
28,Simferopol FIR,0.0,0.0,0.000372,0.0,0.0,0.0
28,Lvov FIR,0.0,0.0,0.007804,0.009363,0.0,0.0
28,Odessa FIR,0.0,0.0,0.003169,0.0,0.0,0.0
29,European Airspace,0.000114,0.003687,0.016934,0.009618,0.000246,0.00024
29,North Atlantic,0.000524,0.007655,0.025651,0.021655,0.004308,0.001031
29,Continental Europe,1e-06,0.003821,0.020315,0.014139,0.000374,0.0
29,Global,0.008749,0.01653,0.020032,0.017855,0.027182,0.031902
29,USA,1e-06,4.1e-05,0.002039,0.009841,0.011567,0.004686
29,East Asia,0.0,0.0,0.000217,0.006333,0.043809,0.080844
29,Southeast Asia,0.0,0.0,0.0,0.014992,0.089331,0.15749
29,Latin America,0.004071,0.015082,0.021131,0.01071,0.011815,0.016305
29,Africa & Middle East,2.5e-05,0.000716,0.001185,0.009819,0.035361,0.03915
29,China,0.0,2.7e-05,0.002312,0.006257,0.016784,0.056543
29,India,0.0,0.0,0.0,0.001855,0.052962,0.147334
29,North Pacific,0.000183,0.00349,0.019193,0.016943,0.004824,0.001866
29,Arctic,0.001263,0.011176,0.026149,0.010089,0.0007,0.0
29,Reykjavik FIR,0.002012,0.019117,0.048104,0.012901,2e-06,0.0
29,Brussels FIR,0.0,0.00273,0.040007,0.039111,0.000109,0.0
29,Langen FIR,0.0,0.000216,0.029038,0.022171,0.0,0.0
29,Munchen FIR,0.0,9e-06,0.022761,0.01574,1e-05,0.0
29,Bremen FIR,0.0,0.001158,0.045555,0.011902,0.0,0.0
29,Tallinn FIR,0.0,0.002581,0.008978,0.001601,0.0,0.0
29,Helsinki FIR,6.8e-05,0.006834,0.021803,0.007213,0.0,0.0
29,Shanwick FIR,6.6e-05,0.006823,0.037757,0.022619,0.00089,0.0
29,Scottish FIR,1.4e-05,0.033521,0.069337,0.025018,7.3e-05,0.0
29,London FIR,0.0,0.006386,0.046667,0.029824,0.000231,0.0
29,Amsterdam FIR,0.0,0.000405,0.019465,0.013458,0.0,0.0
29,Shannon FIR,0.0,0.007473,0.062199,0.027622,0.00113,0.0
29,Copenhagen FIR,0.0,0.002476,0.015787,0.003265,0.0,0.0
29,Bodo Oceanic FIR,0.0,0.004384,0.02926,0.013048,0.000201,0.0
29,Polaris FIR,0.0,0.010994,0.041062,0.02034,0.00058,0.0
29,Warszawa FIR,0.0,0.001151,0.028811,0.013509,5e-06,0.0
29,Sweden FIR,7.9e-05,0.006683,0.020807,0.003777,0.0,0.0
29,Riga FIR,0.0,0.000673,0.009692,0.007773,0.0,0.0
29,Vilnius FIR,0.0,0.00132,0.009008,0.010776,0.0,0.0
29,Canarias FIR,0.0,0.0,0.0,0.0,0.0,0.0
29,Tirana FIR,0.0,0.0,0.0,0.0,0.0,0.0
29,Sofia FIR,0.0,0.0,0.0,0.0,0.0,0.0
29,Nicosia FIR,0.0,0.0,0.0,0.0,0.0,0.0
29,Zagreb FIR,0.0,0.0,0.000878,0.001546,0.0,0.0
29,Barcelona FIR,0.0,0.0,4.8e-05,0.000303,0.0,0.0
29,Madrid FIR,0.0,2e-06,0.007086,0.013063,0.000524,0.0
29,Bordeaux FIR,0.0,0.0,0.010027,0.018233,0.000151,0.0
29,Reims FIR,0.0,0.0,0.013939,0.011789,0.0,0.0
29,Paris FIR,0.0,0.0011,0.035499,0.037555,0.002,0.0
29,Marseille FIR,0.0,0.0,0.00517,0.007782,7e-06,0.0
29,Brest FIR,0.0,0.000629,0.025568,0.042744,0.002852,0.0
29,Athinai FIR,0.0,0.0,0.0,0.0,0.0,0.0
29,Budapest FIR,0.0,0.0,0.005831,0.011856,0.0,0.0
29,Brindisi FIR,0.0,0.0,0.0,0.0,0.0,0.0
29,Milano FIR,0.0,0.0,0.001389,0.00214,0.0,0.0
29,Roma FIR,0.0,0.0,3.1e-05,0.0,0.0,0.0
29,Ljubljana FIR,0.0,0.0,0.004307,0.006926,5.8e-05,0.0
29,Praha FIR,0.0,0.0,0.027435,0.024316,0.0,0.0
29,Malta FIR,0.0,0.0,0.0,0.0,0.0,0.0
29,Wien FIR,0.0,1.2e-05,0.014336,0.021918,0.000197,0.0
29,Lisboa FIR,0.0,0.0,0.002143,0.006677,6.9e-05,0.0
29,Santa Maria FIR,0.0,0.0,0.001898,0.00646,0.001379,0.000181
29,Sarajevo FIR,0.0,0.0,0.000834,0.002635,0.0,0.0
29,Bucarest FIR,0.0,0.0,0.003258,0.003692,0.0,0.0
29,Switzerland FIR,0.0,0.0,0.011102,0.002506,0.0,0.0
29,Ankara FIR,0.0,0.0,0.0,0.0,0.0,0.0
29,Istanbul FIR,0.0,0.0,0.0,0.0,0.0,0.0
29,Chisinau FIR,0.0,0.0,0.016671,0.002783,0.0,0.0
29,Skopje FIR,0.0,0.0,0.0,0.0,0.0,0.0
29,Beograd FIR,0.0,0.0,0.000568,0.002488,0.0,0.0
29,Bratislava  FIR,0.0,0.0,0.016514,0.026276,6.4e-05,0.0
29,Yerevan FIR,0.0,0.0,0.0,0.0,0.0,0.0
29,Tibilisi FIR,0.0,0.0,0.0,0.0,0.0,0.0
29,Kiev FIR,0.0,6.4e-05,0.031566,0.014592,0.0,0.0
29,Dnipro FIR,0.0,0.000287,0.021968,0.014246,0.0,0.0
29,Simferopol FIR,0.0,0.0,0.002428,0.00177,0.0,0.0
29,Lvov FIR,0.0,0.0,0.033539,0.019115,0.0,0.0
29,Odessa FIR,0.0,0.0,0.011906,0.00908,0.0,0.0
30,European Airspace,0.001127,0.005949,0.014055,0.00923,0.00072,0.000299
30,North Atlantic,0.001843,0.00889,0.023997,0.02556,0.005487,0.000126
30,Continental Europe,0.000562,0.002327,0.013733,0.016014,0.001767,0.0
30,Global,0.011946,0.018196,0.01939,0.018192,0.025973,0.032719
30,USA,0.0,0.000316,0.002909,0.012285,0.016136,0.009359
30,East Asia,0.0,0.0,5.3e-05,0.005957,0.049462,0.105728
30,Southeast Asia,0.0,0.0,0.0,0.011048,0.078624,0.147198
30,Latin America,0.004439,0.009008,0.010754,0.005663,0.010645,0.016342
30,Africa & Middle East,7.4e-05,0.000319,0.000612,0.010849,0.02845,0.038959
30,China,0.0,2e-06,0.001424,0.00413,0.017119,0.071474
30,India,0.0,0.0,0.0,0.002859,0.054733,0.140193
30,North Pacific,0.000579,0.004187,0.016685,0.016644,0.0051,0.002426
30,Arctic,0.003238,0.018006,0.035303,0.013145,0.00037,0.0
30,Reykjavik FIR,0.010917,0.037233,0.02544,0.002152,0.0,0.0
30,Brussels FIR,0.0,0.00067,0.041055,0.060215,0.003285,0.0
30,Langen FIR,0.0,8e-06,0.030503,0.048661,0.005209,0.0
30,Munchen FIR,0.0,0.000565,0.028813,0.039487,0.00378,0.0
30,Bremen FIR,0.0,0.002149,0.031155,0.016594,0.000342,0.0
30,Tallinn FIR,0.0,0.011608,0.052152,0.007886,0.0,0.0
30,Helsinki FIR,0.0,0.015756,0.04387,0.013678,0.0,0.0
30,Shanwick FIR,0.002928,0.007308,0.025614,0.036154,0.002816,0.0
30,Scottish FIR,0.004247,0.014701,0.032591,0.015821,0.000227,0.0
30,London FIR,0.000528,0.001849,0.020674,0.026353,0.001311,0.0
30,Amsterdam FIR,0.0,0.00054,0.032753,0.018006,0.000241,0.0
30,Shannon FIR,0.000489,0.003441,0.033689,0.054268,0.002825,0.0
30,Copenhagen FIR,5.5e-05,0.003037,0.020622,0.001894,0.0,0.0
30,Bodo Oceanic FIR,0.000232,0.020729,0.056224,0.007196,0.0,0.0
30,Polaris FIR,0.003426,0.017666,0.026743,0.002034,0.0,0.0
30,Warszawa FIR,0.0,0.004067,0.035137,0.024699,0.000822,0.0
30,Sweden FIR,0.000589,0.031432,0.070827,0.010743,0.0,0.0
30,Riga FIR,0.0,0.017708,0.082019,0.016874,0.0,0.0
30,Vilnius FIR,0.0,0.016933,0.081384,0.022431,0.0,0.0
30,Canarias FIR,0.0,0.0,0.0,0.0,0.0,0.0
30,Tirana FIR,0.0,0.0,0.0,0.0,0.0,0.0
30,Sofia FIR,0.0,0.0,0.005283,0.003638,0.0,0.0
30,Nicosia FIR,0.0,0.0,0.0,0.0,0.0,0.0
30,Zagreb FIR,0.0,0.0,0.001538,0.000242,0.0,0.0
30,Barcelona FIR,0.0,0.0,0.0,1.3e-05,0.0,0.0
30,Madrid FIR,0.0,0.0,0.00138,0.008089,0.000691,0.0
30,Bordeaux FIR,0.0,0.0,0.002828,0.007697,0.001719,0.0
30,Reims FIR,0.0,0.0,0.01424,0.047254,0.013004,0.0
30,Paris FIR,0.0,0.00017,0.025469,0.073002,0.014723,0.0
30,Marseille FIR,0.0,0.0,0.000294,0.00143,3.8e-05,0.0
30,Brest FIR,0.0,1.9e-05,0.018918,0.057648,0.012023,0.0
30,Athinai FIR,0.0,0.0,0.0,1.1e-05,0.0,0.0
30,Budapest FIR,0.0,4.4e-05,0.018443,0.003069,0.0,0.0
30,Brindisi FIR,0.0,0.0,0.0,0.0,0.0,0.0
30,Milano FIR,0.0,2.5e-05,0.001148,0.001001,0.0,0.0
30,Roma FIR,0.0,0.0,0.0,0.0,0.0,0.0
30,Ljubljana FIR,0.0,0.0,0.010014,0.0,0.0,0.0
30,Praha FIR,0.0,0.002614,0.028541,0.028373,0.000671,0.0
30,Malta FIR,0.0,0.0,0.0,0.0,0.0,0.0
30,Wien FIR,0.0,0.002385,0.022059,0.011876,3.6e-05,0.0
30,Lisboa FIR,0.0,0.0,0.000456,0.004715,0.000848,0.0
30,Santa Maria FIR,0.0,0.0,0.000565,0.003294,0.00081,0.0
30,Sarajevo FIR,0.0,0.0,0.000355,0.0,0.0,0.0
30,Bucarest FIR,0.0,0.000224,0.014529,0.005837,0.0,0.0
30,Switzerland FIR,0.0,0.0,0.004708,0.021499,0.000885,0.0
30,Ankara FIR,0.0,0.0,3e-06,0.0,0.0,0.0
30,Istanbul FIR,0.0,0.0,1e-05,0.0,0.0,0.0
30,Chisinau FIR,0.0,8.7e-05,0.021149,0.001453,0.0,0.0
30,Skopje FIR,0.0,0.0,4.5e-05,0.000313,0.0,0.0
30,Beograd FIR,0.0,0.0,0.005031,0.001568,0.0,0.0
30,Bratislava  FIR,0.0,0.000319,0.019101,0.004648,0.0,0.0
30,Yerevan FIR,0.0,0.0,0.0,0.0,0.0,0.0
30,Tibilisi FIR,0.0,0.0,0.0,0.0,0.0,0.0
30,Kiev FIR,0.0,0.004795,0.041401,0.004846,0.0,0.0
30,Dnipro FIR,0.0,0.005002,0.020366,0.004171,0.0,0.0
30,Simferopol FIR,0.0,0.000152,0.021396,0.004573,0.0,0.0
30,Lvov FIR,0.0,0.005043,0.026538,0.00302,0.0,0.0
30,Odessa FIR,0.0,0.00014,0.028554,0.004121,0.0,0.0
31,European Airspace,5.3e-05,0.004786,0.020002,0.009873,0.000554,0.000445
31,North Atlantic,3e-06,0.00172,0.021264,0.034852,0.009441,0.002356
31,Continental Europe,0.0,0.001798,0.024541,0.018946,0.001075,0.0
31,Global,0.010415,0.014541,0.017605,0.019251,0.026044,0.031089
31,USA,0.0,6e-06,0.001731,0.01144,0.014531,0.009079
31,East Asia,0.0,0.0,0.000129,0.00231,0.037716,0.071886
31,Southeast Asia,0.0,0.0,0.0,0.015278,0.071423,0.118832
31,Latin America,0.005735,0.011396,0.026316,0.029267,0.023043,0.019502
31,Africa & Middle East,4e-06,0.000208,0.000544,0.011733,0.024371,0.034673
31,China,0.0,8.1e-05,0.001985,0.004915,0.017752,0.0538
31,India,0.0,0.0,0.0,0.006033,0.068474,0.172559
31,North Pacific,8.1e-05,0.004028,0.017672,0.015595,0.004309,0.001712
31,Arctic,0.002334,0.023449,0.043721,0.013956,0.000945,0.0
31,Reykjavik FIR,0.000529,0.016284,0.043085,0.010233,0.0,0.0
31,Brussels FIR,0.0,0.000835,0.047671,0.060703,0.022034,0.0
31,Langen FIR,0.0,0.001254,0.043594,0.040017,0.002714,0.0
31,Munchen FIR,0.0,0.00012,0.03965,0.044377,0.000165,0.0
31,Bremen FIR,0.0,0.001747,0.056146,0.029581,0.000174,0.0
31,Tallinn FIR,0.0,0.027617,0.030596,0.002525,0.0,0.0
31,Helsinki FIR,0.000129,0.023195,0.051663,0.007272,0.0,0.0
31,Shanwick FIR,1e-06,0.001527,0.033303,0.025667,0.002417,0.0
31,Scottish FIR,0.0,0.006375,0.071841,0.028398,0.000191,0.0
31,London FIR,0.0,0.00193,0.056782,0.067817,0.006429,0.0
31,Amsterdam FIR,0.0,0.002488,0.043183,0.024008,0.00424,0.0
31,Shannon FIR,0.0,0.000918,0.051333,0.067329,0.003904,0.0
31,Copenhagen FIR,0.0,0.013167,0.067138,0.019407,0.0,0.0
31,Bodo Oceanic FIR,0.0,0.005878,0.037654,0.041787,0.003696,0.0
31,Polaris FIR,0.000119,0.012545,0.042355,0.009798,1.9e-05,0.0
31,Warszawa FIR,0.0,0.002557,0.063473,0.0314,0.0,0.0
31,Sweden FIR,1.9e-05,0.015529,0.044079,0.00379,0.0,0.0
31,Riga FIR,0.0,0.007821,0.02569,0.003096,0.0,0.0
31,Vilnius FIR,0.0,0.014152,0.047559,0.005646,0.0,0.0
31,Canarias FIR,0.0,0.0,0.0,0.0,5e-06,0.000377
31,Tirana FIR,0.0,0.0,0.0,0.0,0.0,0.0
31,Sofia FIR,0.0,0.000147,0.000365,0.0,0.0,0.0
31,Nicosia FIR,0.0,0.0,0.0,0.0,0.0,0.0
31,Zagreb FIR,0.0,9e-06,0.002627,0.000667,0.0,0.0
31,Barcelona FIR,0.0,0.0,4e-06,0.0,0.0,0.0
31,Madrid FIR,0.0,0.0,0.00155,0.001166,0.0,0.0
31,Bordeaux FIR,0.0,0.0,0.004307,0.004722,0.0,0.0
31,Reims FIR,0.0,0.00011,0.032351,0.053805,0.006277,0.0
31,Paris FIR,0.0,8.8e-05,0.031488,0.054732,0.006296,0.0
31,Marseille FIR,0.0,0.0,0.001931,0.003131,1e-05,0.0
31,Brest FIR,0.0,0.0,0.016773,0.030635,0.000864,0.0
31,Athinai FIR,0.0,0.0,0.0,0.0,0.0,0.0
31,Budapest FIR,0.0,0.000911,0.022692,0.01968,0.0,0.0
31,Brindisi FIR,0.0,0.0,0.000235,0.000139,0.0,0.0
31,Milano FIR,0.0,7.1e-05,0.007807,0.011505,9.8e-05,0.0
31,Roma FIR,0.0,0.0,9.9e-05,0.000535,0.0,0.0
31,Ljubljana FIR,0.0,0.0,0.002967,0.001625,0.0,0.0
31,Praha FIR,0.0,0.000973,0.050323,0.061562,0.001265,0.0
31,Malta FIR,0.0,0.0,0.0,0.0,0.0,0.0
31,Wien FIR,0.0,0.0,0.023088,0.021464,0.00036,0.0
31,Lisboa FIR,0.0,4e-06,0.000481,3.8e-05,0.0,0.0
31,Santa Maria FIR,0.0,0.0,0.001374,0.003384,0.001516,5.4e-05
31,Sarajevo FIR,0.0,0.0,0.000995,0.000419,0.0,0.0
31,Bucarest FIR,0.0,0.000368,0.016232,0.017998,4e-06,0.0
31,Switzerland FIR,0.0,0.000168,0.017552,0.025568,0.001791,0.0
31,Ankara FIR,0.0,0.0,0.0,0.0,0.0,0.0
31,Istanbul FIR,0.0,0.0,0.0,0.0,0.0,0.0
31,Chisinau FIR,0.0,0.0,0.031452,0.027394,0.0,0.0
31,Skopje FIR,0.0,0.0,0.0,0.0,0.0,0.0
31,Beograd FIR,0.0,0.000543,0.002906,0.00167,0.0,0.0
31,Bratislava  FIR,0.0,0.000362,0.036687,0.04496,0.000128,0.0
31,Yerevan FIR,0.0,0.0,0.0,0.0,0.0,0.0
31,Tibilisi FIR,0.0,0.0,0.0,0.0,0.0,0.0
31,Kiev FIR,0.0,0.002099,0.034985,0.016169,0.000123,0.0
31,Dnipro FIR,0.0,0.000339,0.021167,0.02573,6.5e-05,0.0
31,Simferopol FIR,0.0,0.0,0.002537,0.001882,0.0,0.0
31,Lvov FIR,0.0,0.002643,0.046448,0.032252,0.000126,0.0
31,Odessa FIR,0.0,5.1e-05,0.020048,0.012895,0.0,0.0
32,European Airspace,0.000532,0.006316,0.01917,0.00906,0.000516,0.000132
32,North Atlantic,0.002754,0.007869,0.020699,0.024186,0.004785,0.002817
32,Continental Europe,5e-06,0.001187,0.021331,0.018871,0.001514,0.0
32,Global,0.010739,0.016198,0.018438,0.016672,0.024472,0.02969
32,USA,5e-06,0.000332,0.001402,0.004706,0.010741,0.009523
32,East Asia,0.0,0.0,0.000399,0.002108,0.03277,0.069914
32,Southeast Asia,0.0,0.0,0.0,0.028969,0.112983,0.156089
32,Latin America,0.005153,0.008199,0.00875,0.009268,0.019755,0.025056
32,Africa & Middle East,1.8e-05,0.000135,0.001715,0.009082,0.021966,0.025654
32,China,0.0,0.000282,0.004589,0.003982,0.020918,0.059915
32,India,0.0,0.0,0.0,0.006084,0.063547,0.15655
32,North Pacific,0.000947,0.008551,0.025719,0.013699,0.003626,0.002014
32,Arctic,0.003783,0.024344,0.040025,0.01892,0.001018,0.0
32,Reykjavik FIR,0.003676,0.026536,0.049921,0.013049,4e-05,0.0
32,Brussels FIR,0.0,0.000651,0.05615,0.068624,0.007519,0.0
32,Langen FIR,0.0,0.000554,0.024637,0.04544,0.016357,0.0
32,Munchen FIR,0.0,0.000268,0.018557,0.031448,0.010837,0.0
32,Bremen FIR,0.0,0.002477,0.046424,0.025162,0.000205,0.0
32,Tallinn FIR,0.001987,0.019992,0.034955,0.002366,0.0,0.0
32,Helsinki FIR,0.003987,0.029547,0.048955,0.004409,0.0,0.0
32,Shanwick FIR,0.000174,0.001071,0.023971,0.02911,0.000785,0.0
32,Scottish FIR,8.9e-05,0.002572,0.01867,0.017246,0.003595,0.0
32,London FIR,0.0,0.002176,0.042068,0.040979,0.001147,0.0
32,Amsterdam FIR,0.0,0.004764,0.088527,0.066725,0.004043,0.0
32,Shannon FIR,0.0,0.000605,0.035154,0.05359,0.002251,0.0
32,Copenhagen FIR,0.0,0.012621,0.066564,0.048205,0.006361,0.0
32,Bodo Oceanic FIR,0.000429,0.024462,0.07446,0.028058,0.000429,0.0
32,Polaris FIR,0.00122,0.019112,0.059975,0.01679,0.000284,0.0
32,Warszawa FIR,0.0,0.002835,0.023492,0.004793,0.0,0.0
32,Sweden FIR,0.00072,0.015277,0.0653,0.012242,4.1e-05,0.0
32,Riga FIR,0.0,0.006337,0.027608,0.001209,0.0,0.0
32,Vilnius FIR,0.0,0.005511,0.018402,0.00069,0.0,0.0
32,Canarias FIR,0.0,0.0,0.0,0.0,0.0,0.0
32,Tirana FIR,0.0,0.0,0.0,0.0,0.0,0.0
32,Sofia FIR,0.0,0.000372,0.00093,5.4e-05,0.0,0.0
32,Nicosia FIR,0.0,0.0,0.0,0.0,0.0,0.0
32,Zagreb FIR,0.0,0.0,0.005739,0.002736,0.0,0.0
32,Barcelona FIR,0.0,0.0,0.000544,4.2e-05,0.0,0.0
32,Madrid FIR,0.0,2e-06,0.00251,0.003472,0.0,0.0
32,Bordeaux FIR,0.0,1.3e-05,0.023911,0.023662,0.0,0.0
32,Reims FIR,0.0,0.0,0.025177,0.031294,0.00624,0.0
32,Paris FIR,0.0,0.000412,0.053829,0.044373,0.001158,0.0
32,Marseille FIR,0.0,0.0,0.004707,0.01306,1.4e-05,0.0
32,Brest FIR,0.0,0.000607,0.038511,0.034282,1.6e-05,0.0
32,Athinai FIR,0.0,0.0,0.0,0.0,0.0,0.0
32,Budapest FIR,0.0,1.1e-05,0.006281,0.004229,0.0,0.0
32,Brindisi FIR,0.0,0.0,0.00023,1.4e-05,0.0,0.0
32,Milano FIR,0.0,7e-06,0.025311,0.032217,0.004756,0.0
32,Roma FIR,0.0,0.0,0.002382,0.004637,2.9e-05,0.0
32,Ljubljana FIR,0.0,0.0,0.013269,0.007687,0.0,0.0
32,Praha FIR,0.0,0.000529,0.012237,0.015764,0.000817,0.0
32,Malta FIR,0.0,0.0,0.0,0.0,0.0,0.0
32,Wien FIR,0.0,0.0,0.027589,0.032141,0.004462,0.0
32,Lisboa FIR,0.0,0.0,0.000289,0.00013,0.0,0.0
32,Santa Maria FIR,0.0,0.0,0.0018,0.006096,0.001297,7.9e-05
32,Sarajevo FIR,0.0,0.0,0.000869,0.001842,0.0,0.0
32,Bucarest FIR,0.0,0.001539,0.01276,0.00254,0.0,0.0
32,Switzerland FIR,0.0,0.0,0.007253,0.033539,0.014769,0.0
32,Ankara FIR,0.0,0.0,0.0,0.0,0.0,0.0
32,Istanbul FIR,0.0,0.0,0.0,0.0,0.0,0.0
32,Chisinau FIR,0.0,0.001637,0.025787,0.007256,0.0,0.0
32,Skopje FIR,0.0,0.0,0.0,0.0,0.0,0.0
32,Beograd FIR,0.0,2.1e-05,0.003563,0.001211,0.0,0.0
32,Bratislava  FIR,0.0,0.000848,0.016308,0.005214,0.0,0.0
32,Yerevan FIR,0.0,0.0,0.0,0.0,0.0,0.0
32,Tibilisi FIR,0.0,0.0,0.0,0.0,0.0,0.0
32,Kiev FIR,0.0,0.013108,0.055277,0.007129,0.0,0.0
32,Dnipro FIR,0.0,0.006065,0.041496,0.008696,0.0,0.0
32,Simferopol FIR,0.0,0.000702,0.009047,0.001729,0.0,0.0
32,Lvov FIR,0.0,0.005371,0.028733,0.006996,0.0,0.0
32,Odessa FIR,0.0,0.004949,0.040307,0.006345,0.0,0.0
33,European Airspace,0.000971,0.005131,0.014123,0.010607,0.00209,0.000499
33,North Atlantic,0.000924,0.003807,0.013444,0.022043,0.013593,0.004388
33,Continental Europe,4.7e-05,0.001587,0.018843,0.018942,0.001056,0.000101
33,Global,0.008185,0.016418,0.019609,0.018393,0.026979,0.031234
33,USA,1.3e-05,0.000598,0.004282,0.005788,0.004472,0.003414
33,East Asia,0.0,0.0,5.9e-05,0.003139,0.039488,0.078811
33,Southeast Asia,0.0,0.0,0.0,0.011928,0.087839,0.16694
33,Latin America,0.005857,0.006872,0.010764,0.011696,0.016334,0.015756
33,Africa & Middle East,1e-06,0.000246,0.000714,0.013007,0.029668,0.035583
33,China,2.6e-05,0.000213,0.002396,0.003128,0.021408,0.059375
33,India,0.0,0.0,0.0,0.001694,0.063074,0.168181
33,North Pacific,0.001063,0.005038,0.015942,0.013926,0.003747,0.001272
33,Arctic,0.006568,0.039906,0.0475,0.010057,0.000349,0.0
33,Reykjavik FIR,0.012409,0.021228,0.017916,0.006159,8e-06,0.0
33,Brussels FIR,0.0,2.7e-05,0.029374,0.032438,0.0,0.0
33,Langen FIR,0.0,0.0,0.023723,0.029221,9e-06,0.0
33,Munchen FIR,0.0,0.0,0.018143,0.053114,0.00192,0.0
33,Bremen FIR,0.0,0.0,0.044055,0.0644,0.001521,0.0
33,Tallinn FIR,0.000328,0.003664,0.035898,0.04691,0.004808,0.0
33,Helsinki FIR,0.000739,0.014285,0.048178,0.019452,0.000389,0.0
33,Shanwick FIR,0.0009,0.006081,0.01524,0.024833,0.01642,0.00107
33,Scottish FIR,0.000358,0.010328,0.040219,0.017422,9e-05,0.0
33,London FIR,0.0,0.001118,0.034962,0.032896,0.000154,5e-05
33,Amsterdam FIR,0.0,0.0,0.039575,0.060873,0.0,0.0
33,Shannon FIR,4e-06,0.005046,0.026634,0.027999,0.004788,0.000626
33,Copenhagen FIR,0.0,0.001743,0.05149,0.058611,0.001858,0.0
33,Bodo Oceanic FIR,0.002386,0.025522,0.069736,0.020589,2.3e-05,0.0
33,Polaris FIR,0.000847,0.016098,0.072858,0.041738,0.000559,0.0
33,Warszawa FIR,0.0,0.0,0.013024,0.038036,0.002298,0.0
33,Sweden FIR,0.000326,0.00848,0.048405,0.038821,0.001919,0.0
33,Riga FIR,9e-06,0.002409,0.035723,0.071308,0.006151,0.0
33,Vilnius FIR,0.0,0.000145,0.022987,0.066797,0.007795,0.0
33,Canarias FIR,0.0,0.0,0.0,0.0,0.0,3.5e-05
33,Tirana FIR,0.0,0.0,0.003829,0.009909,0.0,0.0
33,Sofia FIR,0.0,0.0,0.001119,0.000218,0.0,0.0
33,Nicosia FIR,0.0,0.0,0.0,0.0,0.0,0.0
33,Zagreb FIR,0.0,0.0,0.007497,0.009472,9e-06,0.0
33,Barcelona FIR,0.0,0.0,0.002906,0.006028,5.3e-05,0.0
33,Madrid FIR,0.0,0.0,0.001629,0.007688,0.002859,0.000295
33,Bordeaux FIR,0.0,0.000289,0.020577,0.009527,0.0,0.0
33,Reims FIR,0.0,0.00011,0.037904,0.018709,0.0,0.0
33,Paris FIR,0.0,0.000615,0.047746,0.026016,0.000115,0.0
33,Marseille FIR,0.0,6.6e-05,0.006782,0.004494,0.0,0.0
33,Brest FIR,0.0,0.000459,0.019339,0.010046,0.00056,3.7e-05
33,Athinai FIR,0.0,0.0,0.000128,8.6e-05,0.0,0.0
33,Budapest FIR,0.0,0.0,0.010038,0.020053,0.000678,0.0
33,Brindisi FIR,0.0,0.0,0.007546,0.004575,0.0,0.0
33,Milano FIR,0.0,0.0,0.013305,0.015169,0.0,0.0
33,Roma FIR,0.0,0.0,0.003751,0.001581,0.0,0.0
33,Ljubljana FIR,0.0,0.0,0.004129,0.009043,0.000116,0.0
33,Praha FIR,0.0,0.0,0.009315,0.036853,0.000263,0.0
33,Malta FIR,0.0,0.0,0.0,0.0,0.0,0.0
33,Wien FIR,0.0,0.0,0.013804,0.032463,0.000319,0.0
33,Lisboa FIR,0.0,0.0,2.1e-05,0.00263,0.002935,0.00113
33,Santa Maria FIR,0.0,0.0,6.1e-05,0.003612,0.005975,0.003969
33,Sarajevo FIR,0.0,0.0,0.010997,0.01285,0.0,0.0
33,Bucarest FIR,0.0,0.0,0.001595,0.002281,7.2e-05,0.0
33,Switzerland FIR,0.0,9.6e-05,0.026658,0.024556,0.0,0.0
33,Ankara FIR,0.0,0.0,0.0,0.0,0.0,0.0
33,Istanbul FIR,0.0,0.0,0.0,0.0,0.0,0.0
33,Chisinau FIR,0.0,0.0,0.004068,0.001594,0.0,0.0
33,Skopje FIR,0.0,0.0,0.000768,0.00338,0.0,0.0
33,Beograd FIR,0.0,0.0,0.008954,0.011795,1e-05,0.0
33,Bratislava  FIR,0.0,0.0,0.008181,0.011968,0.000426,0.0
33,Yerevan FIR,0.0,0.0,0.0,0.0,0.0,0.0
33,Tibilisi FIR,0.0,0.0,0.0,0.0,0.0,0.0
33,Kiev FIR,0.0,0.0,0.003209,0.001676,0.0,0.0
33,Dnipro FIR,0.0,0.0,0.019109,0.008475,0.0,0.0
33,Simferopol FIR,0.0,0.0,0.005298,0.004341,0.0,0.0
33,Lvov FIR,0.0,0.0,0.008459,0.011627,1.5e-05,0.0
33,Odessa FIR,0.0,0.0,0.009699,0.004729,0.0,0.0
34,European Airspace,0.001659,0.003119,0.010475,0.014171,0.002615,2.4e-05
34,North Atlantic,0.001322,0.003806,0.016184,0.028251,0.00704,0.001837
34,Continental Europe,0.000269,0.001198,0.009996,0.020293,0.005468,3.9e-05
34,Global,0.010846,0.017946,0.01937,0.018218,0.026429,0.029913
34,USA,1e-06,0.000434,0.003752,0.008329,0.007978,0.003113
34,East Asia,0.0,3e-06,0.000226,0.005964,0.047546,0.077435
34,Southeast Asia,0.0,0.0,0.0,0.0201,0.102172,0.173377
34,Latin America,0.004035,0.008474,0.00905,0.007944,0.014848,0.018916
34,Africa & Middle East,2e-06,0.000107,0.000903,0.016179,0.038511,0.042088
34,China,5.2e-05,0.00026,0.003117,0.004611,0.027043,0.064803
34,India,0.0,0.0,0.0,0.007189,0.078774,0.16988
34,North Pacific,0.000875,0.005555,0.017715,0.017229,0.005101,0.003147
34,Arctic,0.012533,0.052453,0.057826,0.007827,0.000301,0.0
34,Reykjavik FIR,0.019093,0.022176,0.0085,5.6e-05,0.0,0.0
34,Brussels FIR,0.0,0.000885,0.023578,0.073249,0.045328,0.000296
34,Langen FIR,0.0,0.000583,0.037249,0.070759,0.017058,0.0
34,Munchen FIR,0.0,0.002576,0.03835,0.053081,0.007256,0.0
34,Bremen FIR,0.0,0.000278,0.029394,0.04664,0.018669,0.0
34,Tallinn FIR,0.0,0.001034,0.01101,0.004478,0.0,0.0
34,Helsinki FIR,0.0,0.002817,0.021881,0.013143,0.0,0.0
34,Shanwick FIR,0.00236,0.004401,0.012617,0.032089,0.004736,0.0
34,Scottish FIR,0.002483,0.006377,0.010748,0.003683,0.001051,0.0
34,London FIR,5e-06,0.002845,0.012212,0.020849,0.008819,0.000117
34,Amsterdam FIR,0.0,0.004614,0.015072,0.044113,0.04266,3.2e-05
34,Shannon FIR,5.5e-05,0.003342,0.007384,0.015915,0.003668,6.4e-05
34,Copenhagen FIR,0.000311,0.00119,0.010625,0.019782,0.011264,0.0
34,Bodo Oceanic FIR,0.007705,0.031253,0.046277,0.002398,0.0,0.0
34,Polaris FIR,0.003668,0.011118,0.02287,0.007954,0.001534,0.0
34,Warszawa FIR,0.0,0.000501,0.031289,0.085503,0.013133,0.0
34,Sweden FIR,2e-06,0.004331,0.02541,0.013766,0.000864,0.0
34,Riga FIR,0.0,0.000292,0.030469,0.026602,0.001013,0.0
34,Vilnius FIR,0.0,0.0,0.040612,0.057408,0.004371,0.0
34,Canarias FIR,0.0,0.0,0.0,5e-06,0.0,0.0
34,Tirana FIR,0.0,0.0,0.039533,0.028775,0.000679,0.0
34,Sofia FIR,0.0,0.0,0.011514,0.005557,6.1e-05,0.0
34,Nicosia FIR,0.0,0.0,0.0,0.0,0.0,0.0
34,Zagreb FIR,0.0,0.0,0.022827,0.052622,0.010705,0.0
34,Barcelona FIR,0.0,0.0,0.003105,0.006106,0.000426,0.0
34,Madrid FIR,0.0,0.0,0.001319,0.00825,0.001116,0.0
34,Bordeaux FIR,0.0,0.0,0.00017,0.000482,1.2e-05,0.0
34,Reims FIR,0.0,0.0,0.005505,0.038727,0.005304,0.0
34,Paris FIR,0.0,0.000214,0.010479,0.047278,0.02142,0.000661
34,Marseille FIR,0.0,0.0,0.006249,0.007689,0.000476,0.0
34,Brest FIR,0.0,0.0,0.004124,0.0237,0.003856,0.000254
34,Athinai FIR,0.0,0.0,0.000729,0.000164,0.0,0.0
34,Budapest FIR,0.0,0.000251,0.034075,0.111467,0.029758,7.6e-05
34,Brindisi FIR,0.0,0.0,0.011919,0.015556,0.000345,0.0
34,Milano FIR,0.0,0.0,0.01016,0.026841,0.000345,0.0
34,Roma FIR,0.0,0.0,0.001718,0.001647,8e-06,0.0
34,Ljubljana FIR,0.0,0.0,0.014425,0.026371,0.003491,0.0
34,Praha FIR,0.0,0.005263,0.034633,0.063613,0.022031,0.0
34,Malta FIR,0.0,0.0,0.0,0.0,0.0,0.0
34,Wien FIR,0.0,0.00148,0.016997,0.045495,0.006265,0.0
34,Lisboa FIR,0.0,0.0,0.001153,0.003643,0.000322,0.0
34,Santa Maria FIR,0.0,0.0,0.0011,0.008654,0.00454,0.002684
34,Sarajevo FIR,0.0,0.0,0.03998,0.069088,0.019088,0.0
34,Bucarest FIR,0.0,4e-06,0.030961,0.056564,0.008623,0.0
34,Switzerland FIR,0.0,0.0,0.008362,0.008377,0.0,0.0
34,Ankara FIR,0.0,0.0,0.000153,0.0,0.0,0.0
34,Istanbul FIR,0.0,0.0,0.000128,0.0,0.0,0.0
34,Chisinau FIR,0.0,0.0,0.004747,0.011587,0.000264,0.0
34,Skopje FIR,0.0,0.0,0.031002,0.014825,0.0,0.0
34,Beograd FIR,0.0,0.0,0.051076,0.074299,0.014708,0.0
34,Bratislava  FIR,0.0,0.003437,0.033653,0.115203,0.040298,0.0
34,Yerevan FIR,0.0,0.0,0.0,0.0,0.0,0.0
34,Tibilisi FIR,0.0,0.0,0.0,6.4e-05,0.0,0.0
34,Kiev FIR,0.0,0.000104,0.030473,0.012823,3.2e-05,0.0
34,Dnipro FIR,0.0,1.2e-05,0.051404,0.021848,0.0,0.0
34,Simferopol FIR,0.0,5e-06,0.012659,0.002281,0.0,0.0
34,Lvov FIR,0.0,0.0,0.025907,0.080479,0.012417,0.0
34,Odessa FIR,0.0,2.6e-05,0.01793,0.00378,0.0,0.0
35,European Airspace,0.000569,0.005722,0.029254,0.024282,0.003501,0.000756
35,North Atlantic,0.000492,0.006188,0.030491,0.043732,0.019622,0.004381
35,Continental Europe,1.8e-05,0.002918,0.035925,0.035469,0.003164,0.0
35,Global,0.008701,0.018794,0.023161,0.020755,0.027032,0.027272
35,USA,0.0,0.000274,0.001665,0.013271,0.016695,0.012194
35,East Asia,0.0,9e-06,0.001199,0.00475,0.037862,0.065451
35,Southeast Asia,0.0,0.0,2e-06,0.030421,0.118468,0.173433
35,Latin America,0.009944,0.01929,0.023525,0.018423,0.017091,0.013106
35,Africa & Middle East,1e-06,2.8e-05,0.000492,0.014902,0.039941,0.040236
35,China,1.7e-05,0.000492,0.00394,0.001378,0.020192,0.048294
35,India,0.0,0.0,1e-06,0.006963,0.057718,0.111611
35,North Pacific,0.000911,0.006996,0.025539,0.023578,0.008536,0.003246
35,Arctic,0.021546,0.066128,0.062941,0.009018,6.2e-05,0.0
35,Reykjavik FIR,0.005534,0.035539,0.050876,0.010921,1e-05,0.0
35,Brussels FIR,0.0,5.4e-05,0.057242,0.05197,0.000797,0.0
35,Langen FIR,0.0,0.00051,0.064361,0.053079,0.00308,0.0
35,Munchen FIR,0.0,0.000464,0.043087,0.039867,0.002045,0.0
35,Bremen FIR,0.0,0.005979,0.064271,0.03689,0.000441,0.0
35,Tallinn FIR,1e-05,0.003758,0.048698,0.064236,0.002164,0.0
35,Helsinki FIR,0.001312,0.007851,0.046038,0.038128,0.003752,0.0
35,Shanwick FIR,0.000408,0.006849,0.031115,0.031207,0.002,8.1e-05
35,Scottish FIR,7.6e-05,0.009441,0.055545,0.024839,0.00078,0.0
35,London FIR,0.0,0.003164,0.051374,0.053541,0.005485,0.0
35,Amsterdam FIR,0.0,0.004245,0.072446,0.046127,0.000956,0.0
35,Shannon FIR,0.0,0.010366,0.02933,0.029056,0.00286,0.0
35,Copenhagen FIR,0.000115,0.007826,0.076479,0.04674,0.002756,0.0
35,Bodo Oceanic FIR,0.006195,0.02749,0.043788,0.011906,0.000223,0.0
35,Polaris FIR,0.002467,0.011102,0.060665,0.039687,0.002716,0.0
35,Warszawa FIR,0.0,0.00796,0.064185,0.026017,0.000595,0.0
35,Sweden FIR,0.000834,0.010664,0.071461,0.05887,0.005191,0.0
35,Riga FIR,0.0,0.005378,0.051827,0.062845,0.003772,0.0
35,Vilnius FIR,0.0,0.003239,0.019168,0.010648,0.000372,0.0
35,Canarias FIR,0.0,0.0,0.0,2.1e-05,0.00089,0.001866
35,Tirana FIR,0.0,0.0,0.010426,0.000678,0.0,0.0
35,Sofia FIR,0.0,0.0,0.008867,0.005727,0.0,0.0
35,Nicosia FIR,0.0,0.0,0.0,0.0,0.0,0.0
35,Zagreb FIR,0.0,0.000125,0.034785,0.029534,0.000562,0.0
35,Barcelona FIR,0.0,0.0,0.014823,0.038177,0.006133,0.0
35,Madrid FIR,0.0,0.000266,0.017746,0.033542,0.003898,0.0
35,Bordeaux FIR,0.0,0.0,0.028604,0.058011,0.007948,0.0
35,Reims FIR,0.0,1.9e-05,0.043746,0.049568,0.006326,0.0
35,Paris FIR,0.0,6e-06,0.03508,0.04712,0.003609,0.0
35,Marseille FIR,0.0,1.1e-05,0.015595,0.040643,0.005426,0.0
35,Brest FIR,0.0,0.003483,0.037781,0.042539,0.003158,0.0
35,Athinai FIR,0.0,2e-06,0.001324,0.000343,0.0,0.0
35,Budapest FIR,0.0,8.7e-05,0.048539,0.071885,0.001203,0.0
35,Brindisi FIR,0.0,0.0,0.01025,0.006385,2.9e-05,0.0
35,Milano FIR,0.0,0.000146,0.031657,0.051603,0.006819,0.0
35,Roma FIR,0.0,1.6e-05,0.01823,0.014198,7.4e-05,0.0
35,Ljubljana FIR,0.0,0.0,0.052712,0.054153,0.000234,0.0
35,Praha FIR,0.0,0.000646,0.037899,0.033138,3.8e-05,0.0
35,Malta FIR,0.0,0.0,0.004069,0.001427,0.0,0.0
35,Wien FIR,0.0,0.000218,0.053093,0.038427,0.000492,0.0
35,Lisboa FIR,0.0,0.000209,0.011443,0.035473,0.007503,2e-05
35,Santa Maria FIR,0.0,2.2e-05,0.003181,0.019294,0.020946,0.008004
35,Sarajevo FIR,0.0,4.5e-05,0.028482,0.019776,0.0,0.0
35,Bucarest FIR,0.0,0.000575,0.049787,0.024183,5e-05,0.0
35,Switzerland FIR,0.0,0.0,0.02646,0.029158,0.001742,0.0
35,Ankara FIR,0.0,0.0,0.00028,5e-05,0.0,0.0
35,Istanbul FIR,0.0,0.0,0.005731,0.003549,0.0,0.0
35,Chisinau FIR,0.0,0.003531,0.071554,0.023912,0.000116,0.0
35,Skopje FIR,0.0,0.0,0.007115,4.5e-05,0.0,0.0
35,Beograd FIR,0.0,6e-05,0.023955,0.015259,0.0,0.0
35,Bratislava  FIR,0.0,2.2e-05,0.068772,0.097409,0.00158,0.0
35,Yerevan FIR,0.0,0.0,0.0,0.0,0.0,0.0
35,Tibilisi FIR,0.0,0.0,0.0,0.0,0.0,0.0
35,Kiev FIR,0.0,0.007904,0.155162,0.076344,0.004233,0.0
35,Dnipro FIR,0.0,0.000417,0.105958,0.088575,0.001816,0.0
35,Simferopol FIR,0.0,0.0,0.015256,0.005111,0.0,0.0
35,Lvov FIR,0.0,0.006111,0.055602,0.022798,0.00038,0.0
35,Odessa FIR,0.0,0.000318,0.04342,0.01539,2.5e-05,0.0
36,European Airspace,3e-05,0.002894,0.019898,0.016075,0.005235,0.00056
36,North Atlantic,0.00017,0.003105,0.026429,0.056074,0.031356,0.003033
36,Continental Europe,9e-06,0.003022,0.026725,0.019209,0.001794,6.3e-05
36,Global,0.010276,0.017626,0.020853,0.01823,0.024155,0.027799
36,USA,2.9e-05,0.000379,0.00583,0.011138,0.014372,0.014098
36,East Asia,0.0,0.0,4.9e-05,0.002451,0.036307,0.070002
36,Southeast Asia,0.0,0.0,0.0,0.011257,0.088586,0.166998
36,Latin America,0.005567,0.012964,0.019604,0.018024,0.021996,0.024151
36,Africa & Middle East,6e-06,0.000254,0.000605,0.008381,0.022298,0.020517
36,China,0.00027,0.002726,0.006152,0.001249,0.020649,0.053725
36,India,0.0,0.0,0.0,0.006863,0.071254,0.134152
36,North Pacific,0.002705,0.012197,0.028683,0.022377,0.00803,0.002006
36,Arctic,0.020924,0.056127,0.0631,0.02003,0.001698,0.0
36,Reykjavik FIR,2.2e-05,0.004025,0.021611,0.009477,0.000265,0.0
36,Brussels FIR,0.0,0.001023,0.086462,0.079815,0.009041,0.0
36,Langen FIR,0.0,0.000417,0.061257,0.090224,0.006781,0.0
36,Munchen FIR,0.0,0.000157,0.031188,0.044013,0.000453,0.0
36,Bremen FIR,0.0,0.006372,0.095309,0.059616,0.001443,0.0
36,Tallinn FIR,0.0,0.015326,0.02555,0.003622,0.0,0.0
36,Helsinki FIR,0.0,0.010344,0.053327,0.033618,0.003262,0.0
36,Shanwick FIR,6e-06,0.003773,0.037826,0.06376,0.042667,0.002226
36,Scottish FIR,3e-05,0.004008,0.042759,0.018887,0.000236,0.0
36,London FIR,3.4e-05,0.005122,0.035089,0.020098,1.2e-05,0.0
36,Amsterdam FIR,0.000176,0.002798,0.072433,0.055507,0.002056,0.0
36,Shannon FIR,0.0,0.003839,0.013779,0.015436,0.001937,0.0
36,Copenhagen FIR,0.0,0.011126,0.091187,0.050647,0.001122,0.0
36,Bodo Oceanic FIR,0.00022,0.015511,0.046631,0.022811,0.000583,0.0
36,Polaris FIR,0.0,0.009838,0.061107,0.025988,1e-05,0.0
36,Warszawa FIR,0.0,0.010701,0.04049,0.011779,3.6e-05,0.0
36,Sweden FIR,0.0,0.011317,0.055215,0.04525,0.006622,0.0
36,Riga FIR,0.0,0.010948,0.034369,0.00471,0.000396,0.0
36,Vilnius FIR,0.0,0.010771,0.032512,0.004164,0.000467,0.0
36,Canarias FIR,0.0,0.0,0.0,2.4e-05,0.000686,0.001509
36,Tirana FIR,0.0,0.0,0.019277,0.019958,9.5e-05,0.0
36,Sofia FIR,0.0,0.000263,0.01231,0.001143,0.0,0.0
36,Nicosia FIR,0.0,0.0,0.000242,0.0,0.0,0.0
36,Zagreb FIR,0.0,0.0,0.016196,0.032041,0.000279,0.0
36,Barcelona FIR,0.0,0.0,0.005564,0.007565,0.000229,0.0
36,Madrid FIR,0.0,0.002019,0.012061,0.00556,6.6e-05,0.0
36,Bordeaux FIR,0.0,0.004743,0.02279,0.007336,0.0,0.0
36,Reims FIR,0.0,0.0,0.051395,0.04852,0.003521,0.0
36,Paris FIR,0.0,0.005541,0.041131,0.023082,0.000168,0.0
36,Marseille FIR,0.0,5.9e-05,0.014628,0.015659,0.00242,0.0
36,Brest FIR,0.0,0.002625,0.008694,0.000862,1.7e-05,0.0
36,Athinai FIR,0.0,7.8e-05,0.004752,0.002089,0.000198,1.6e-05
36,Budapest FIR,0.0,0.005964,0.030224,0.01094,0.0,0.0
36,Brindisi FIR,0.0,0.0,0.011515,0.02535,0.002047,0.000517
36,Milano FIR,0.0,1.4e-05,0.011904,0.015935,0.000736,0.0
36,Roma FIR,0.0,5.6e-05,0.005964,0.014739,0.007681,0.000484
36,Ljubljana FIR,0.0,0.0,0.012419,0.027061,0.000232,0.0
36,Praha FIR,0.0,0.000728,0.030453,0.029484,0.0,0.0
36,Malta FIR,0.0,0.0,0.00156,0.009951,0.002002,0.000215
36,Wien FIR,0.0,2.4e-05,0.020624,0.027895,0.000111,0.0
36,Lisboa FIR,0.0,2.1e-05,0.003425,0.001108,0.000137,0.0
36,Santa Maria FIR,0.0,1.2e-05,0.003722,0.009468,0.014093,0.004707
36,Sarajevo FIR,0.0,6.7e-05,0.013128,0.027766,0.000576,0.0
36,Bucarest FIR,0.0,0.003545,0.015245,0.003035,0.0,0.0
36,Switzerland FIR,0.0,2.4e-05,0.017947,0.034099,0.001092,0.0
36,Ankara FIR,0.0,2.5e-05,0.002434,0.000335,0.0,0.0
36,Istanbul FIR,0.0,0.000185,0.014519,0.004553,0.0,0.0
36,Chisinau FIR,0.0,0.006366,0.024727,0.000884,0.0,0.0
36,Skopje FIR,0.0,4.5e-05,0.037141,0.007852,0.0,0.0
36,Beograd FIR,0.0,0.001124,0.016346,0.005824,1.1e-05,0.0
36,Bratislava  FIR,0.0,0.007517,0.045445,0.009618,0.0,0.0
36,Yerevan FIR,0.0,0.0,7.9e-05,0.0,0.0,0.0
36,Tibilisi FIR,0.0,0.0,0.004121,0.001792,0.0,0.0
36,Kiev FIR,0.0,0.003988,0.033678,0.006441,0.0,0.0
36,Dnipro FIR,0.0,0.004387,0.073574,0.029799,0.0,0.0
36,Simferopol FIR,0.0,0.001463,0.018228,0.003795,0.0,0.0
36,Lvov FIR,0.0,0.009629,0.031112,0.001298,0.0,0.0
36,Odessa FIR,0.0,0.000654,0.014867,0.000804,0.0,0.0
37,European Airspace,0.00179,0.005744,0.023901,0.033688,0.004293,0.001121
37,North Atlantic,0.00201,0.00819,0.019984,0.063048,0.011669,0.002026
37,Continental Europe,0.001729,0.004103,0.018486,0.02431,0.002189,0.000205
37,Global,0.018056,0.023901,0.019806,0.020964,0.028491,0.052017
37,USA,3e-05,0.00147,0.010789,0.021781,0.020578,0.030351
37,East Asia,0.0,2e-06,8.3e-05,0.002779,0.036649,0.092084
37,Southeast Asia,0.0,0.0,1e-06,0.037073,0.153799,0.321784
37,Latin America,0.013672,0.017422,0.012377,0.017885,0.030895,0.061285
37,Africa & Middle East,0.000111,0.000169,0.00039,0.008748,0.023322,0.045144
37,China,0.000183,0.001164,0.00065,0.000517,0.032331,0.091437
37,India,0.0,0.0,0.0,0.01486,0.106627,0.252747
37,North Pacific,0.00225,0.01136,0.028397,0.033967,0.005824,0.002831
37,Arctic,0.031805,0.064573,0.054244,0.02067,0.000744,0.0
37,Reykjavik FIR,0.016675,0.025463,0.007486,0.000545,0.0,0.0
37,Brussels FIR,0.0,0.004652,0.018229,0.007218,0.0,0.0
37,Langen FIR,0.001022,0.007863,0.018562,0.000686,0.0,0.0
37,Munchen FIR,0.000693,0.021055,0.0333,0.002329,0.0,0.0
37,Bremen FIR,0.000759,0.01967,0.025933,0.003845,0.0,0.0
37,Tallinn FIR,0.0,0.012995,0.122929,0.107541,0.001595,0.0
37,Helsinki FIR,0.0,0.019059,0.089958,0.069909,0.002181,0.0
37,Shanwick FIR,3.4e-05,0.00162,0.028763,0.109894,0.022881,0.005245
37,Scottish FIR,0.012683,0.008122,0.016225,0.012466,0.000119,0.0
37,London FIR,0.000234,0.00329,0.041306,0.062788,0.002988,9.4e-05
37,Amsterdam FIR,7.3e-05,0.005115,0.01976,0.014861,1e-05,0.0
37,Shannon FIR,0.0,0.007226,0.079796,0.149866,0.010294,0.000646
37,Copenhagen FIR,0.006443,0.008712,0.031166,0.010197,1.3e-05,0.0
37,Bodo Oceanic FIR,0.0074,0.023831,0.040256,0.010824,0.000112,0.0
37,Polaris FIR,0.009928,0.019078,0.034737,0.009713,7e-06,0.0
37,Warszawa FIR,0.0,0.007295,0.065876,0.039991,0.001085,0.0
37,Sweden FIR,9.1e-05,0.012565,0.037534,0.025218,2.4e-05,0.0
37,Riga FIR,0.0,0.00993,0.100831,0.092687,0.000935,0.0
37,Vilnius FIR,0.0,0.010025,0.115628,0.085991,0.000506,0.0
37,Canarias FIR,0.0,0.0,6.7e-05,0.002953,0.001553,0.001388
37,Tirana FIR,0.0,0.002238,0.011889,0.012484,0.000381,0.0
37,Sofia FIR,0.0,0.000124,0.003629,0.031997,0.001387,0.0
37,Nicosia FIR,0.0,0.0,0.0,0.0,0.0,0.0
37,Zagreb FIR,1.9e-05,0.003755,0.014793,0.007609,0.000258,0.0
37,Barcelona FIR,0.0,0.0,0.001027,0.000245,0.0,0.0
37,Madrid FIR,0.0,5.2e-05,0.005147,0.02688,0.006035,0.000525
37,Bordeaux FIR,0.0,0.001842,0.011717,0.012963,1.9e-05,0.0
37,Reims FIR,0.0,0.002609,0.009903,0.010945,0.000322,0.0
37,Paris FIR,0.0,0.00344,0.030383,0.034889,0.000464,0.0
37,Marseille FIR,0.0,0.001723,0.005262,0.001332,0.0,0.0
37,Brest FIR,0.0,0.000759,0.027116,0.072069,0.005024,0.0
37,Athinai FIR,0.0,2e-06,0.000444,0.00603,9.3e-05,1.3e-05
37,Budapest FIR,4.4e-05,0.001086,0.022961,0.020077,0.000317,0.0
37,Brindisi FIR,1.5e-05,0.001705,0.003631,0.003871,7.6e-05,0.000101
37,Milano FIR,0.000228,0.003575,0.01659,0.009419,0.00017,0.0
37,Roma FIR,2.4e-05,0.00034,0.00087,0.000874,0.000806,0.000999
37,Ljubljana FIR,0.0,0.005546,0.033655,0.006764,0.0,0.0
37,Praha FIR,0.0,0.006804,0.036457,0.01294,1.3e-05,0.0
37,Malta FIR,0.0,0.0,0.0,0.004141,0.0021,0.001054
37,Wien FIR,1.2e-05,0.004775,0.029948,0.004808,0.0,0.0
37,Lisboa FIR,0.0,7e-06,0.00941,0.040525,0.004161,1.9e-05
37,Santa Maria FIR,0.0,4.9e-05,0.009128,0.04792,0.01045,0.007669
37,Sarajevo FIR,0.000179,0.001467,0.015117,0.012585,0.001067,0.0
37,Bucarest FIR,0.0,0.000321,0.017635,0.038124,0.000888,0.0
37,Switzerland FIR,0.001155,0.007023,0.007332,0.010155,0.0009,0.0
37,Ankara FIR,0.0,0.0,8.9e-05,0.003158,0.00018,0.0
37,Istanbul FIR,0.0,0.0,0.000168,0.009821,0.000115,0.0
37,Chisinau FIR,0.0,0.000765,0.03142,0.050682,0.00038,0.0
37,Skopje FIR,0.0,0.000406,0.003702,0.005268,4.5e-05,0.0
37,Beograd FIR,0.0,0.000459,0.013397,0.012817,0.000182,0.0
37,Bratislava  FIR,6.5e-05,0.002774,0.027692,0.019823,0.000509,0.0
37,Yerevan FIR,0.0,0.0,4e-05,0.0,0.0,0.0
37,Tibilisi FIR,0.0,0.0,0.001726,2.5e-05,0.0,0.0
37,Kiev FIR,0.0,0.002077,0.078805,0.103475,0.001115,0.0
37,Dnipro FIR,0.0,0.003625,0.05498,0.053226,0.002194,0.0
37,Simferopol FIR,0.0,8.2e-05,0.011952,0.041535,0.001555,0.0
37,Lvov FIR,0.0,0.003185,0.07585,0.08416,0.000676,0.0
37,Odessa FIR,0.0,0.000977,0.032105,0.04246,0.000928,0.0
38,European Airspace,0.002085,0.015111,0.030901,0.032092,0.008283,0.005492
38,North Atlantic,0.002005,0.017934,0.035355,0.045817,0.008207,0.002335
38,Continental Europe,0.000536,0.010902,0.023695,0.026498,0.00571,0.004407
38,Global,0.01917,0.023387,0.018809,0.018611,0.02723,0.05233
38,USA,0.0,0.000382,0.005291,0.022367,0.010606,0.011781
38,East Asia,9e-06,0.000312,0.00048,0.003688,0.034623,0.100533
38,Southeast Asia,0.0,0.0,0.0,0.041104,0.17896,0.416223
38,Latin America,0.012474,0.018026,0.01413,0.014898,0.027311,0.056128
38,Africa & Middle East,1e-06,0.000218,0.001523,0.012845,0.025531,0.045596
38,China,0.000319,0.002016,0.002589,0.00074,0.025713,0.070826
38,India,0.0,0.0,0.0,0.007129,0.069349,0.154951
38,North Pacific,0.005386,0.024511,0.033678,0.024699,0.00549,0.00431
38,Arctic,0.078578,0.087069,0.045169,0.008234,0.000592,0.0
38,Reykjavik FIR,0.004299,0.044322,0.053864,0.030829,0.003921,0.0
38,Brussels FIR,0.000135,0.038117,0.033457,0.003901,0.000161,0.0
38,Langen FIR,1.7e-05,0.019575,0.031714,0.002015,0.0,0.0
38,Munchen FIR,3.8e-05,0.016339,0.03772,0.000962,0.0,0.0
38,Bremen FIR,9.9e-05,0.013711,0.02673,0.016225,4.1e-05,0.0
38,Tallinn FIR,0.002741,0.033133,0.088373,0.02498,0.009456,0.0
38,Helsinki FIR,0.01411,0.053059,0.117758,0.06523,0.005566,0.0
38,Shanwick FIR,2.5e-05,0.010567,0.049037,0.075029,0.014187,0.00161
38,Scottish FIR,5e-06,0.009529,0.033587,0.084396,0.03257,0.00784
38,London FIR,0.000461,0.02696,0.034177,0.046026,0.022613,0.026232
38,Amsterdam FIR,5.2e-05,0.01633,0.025674,0.032262,0.000945,0.0
38,Shannon FIR,4.2e-05,0.002869,0.003476,0.00279,0.006789,0.01683
38,Copenhagen FIR,0.000283,0.018134,0.046098,0.047293,0.001771,3.8e-05
38,Bodo Oceanic FIR,0.03956,0.065344,0.033613,0.008277,0.000802,0.0
38,Polaris FIR,0.008606,0.038099,0.063306,0.044912,0.003238,1.4e-05
38,Warszawa FIR,5.7e-05,0.00934,0.033195,0.028201,0.001057,0.0
38,Sweden FIR,0.008567,0.058195,0.099153,0.036104,0.003507,0.0
38,Riga FIR,0.002661,0.024867,0.053846,0.014932,0.00847,0.0
38,Vilnius FIR,0.001216,0.027388,0.045612,0.014659,0.003572,0.0
38,Canarias FIR,0.0,0.0,0.000539,0.011801,0.014438,0.028652
38,Tirana FIR,0.0,0.008405,0.019356,0.0,0.0,0.0
38,Sofia FIR,8e-06,0.053622,0.06571,0.0,0.0,0.0
38,Nicosia FIR,0.0,0.0,0.001368,0.016104,7e-06,0.0
38,Zagreb FIR,0.001601,0.025524,0.033304,3.8e-05,0.0,0.0
38,Barcelona FIR,4e-06,0.003125,0.015945,0.008966,0.0,0.0
38,Madrid FIR,0.0,0.000947,0.004415,0.003912,0.001881,0.001606
38,Bordeaux FIR,0.0,0.007137,0.014983,0.010292,0.000339,0.0
38,Reims FIR,9.4e-05,0.014471,0.036907,7.6e-05,0.0,0.0
38,Paris FIR,0.000168,0.025474,0.035493,0.011884,0.002128,1.9e-05
38,Marseille FIR,0.001663,0.007972,0.029269,0.012508,4e-06,0.0
38,Brest FIR,1.3e-05,0.004868,0.004878,0.013977,0.012434,0.020576
38,Athinai FIR,0.0,0.001227,0.009553,0.007979,0.0,0.0
38,Budapest FIR,0.000207,0.013469,0.011663,0.0,0.0,0.0
38,Brindisi FIR,3.6e-05,0.004784,0.016856,0.004323,0.0,0.0
38,Milano FIR,0.000869,0.026796,0.031083,0.00725,4e-05,0.0
38,Roma FIR,0.000419,0.002663,0.021402,0.040773,0.000253,0.0
38,Ljubljana FIR,0.000294,0.026499,0.049152,0.0,0.0,0.0
38,Praha FIR,0.000199,0.009021,0.020809,0.000676,0.0,0.0
38,Malta FIR,0.0,0.0,0.005827,0.049389,0.011739,0.008197
38,Wien FIR,2.5e-05,0.015044,0.026224,3.6e-05,0.0,0.0
38,Lisboa FIR,0.0,0.000106,0.005461,0.01297,0.002993,0.000703
38,Santa Maria FIR,0.0,0.000653,0.009483,0.042882,0.029685,0.034404
38,Sarajevo FIR,0.010345,0.031213,0.025298,0.0,0.0,0.0
38,Bucarest FIR,0.000301,0.035074,0.049309,0.0,0.0,0.0
38,Switzerland FIR,0.0,0.017832,0.035509,0.0,0.0,0.0
38,Ankara FIR,0.0,0.009932,0.031732,0.000607,0.0,0.0
38,Istanbul FIR,0.0,0.013166,0.023075,0.000685,0.0,0.0
38,Chisinau FIR,0.000235,0.078348,0.120823,0.000232,0.0,0.0
38,Skopje FIR,0.0,0.014677,0.028412,0.0,0.0,0.0
38,Beograd FIR,0.000174,0.023566,0.024349,0.0,0.0,0.0
38,Bratislava  FIR,0.000531,0.004342,0.01085,0.0,0.0,0.0
38,Yerevan FIR,0.0,0.007429,0.063382,0.0,0.0,0.0
38,Tibilisi FIR,0.0,0.012451,0.060451,0.000128,0.0,0.0
38,Kiev FIR,6e-06,0.031488,0.100984,0.084302,0.016109,0.0
38,Dnipro FIR,0.0,0.031759,0.088,0.030978,0.004715,0.0
38,Simferopol FIR,0.0,0.042674,0.069537,0.000278,0.0,0.0
38,Lvov FIR,0.000187,0.033812,0.069252,0.030755,0.001446,0.0
38,Odessa FIR,8.9e-05,0.058838,0.097969,0.003885,0.0,0.0
39,European Airspace,0.008383,0.024723,0.03074,0.032456,0.010682,0.010763
39,North Atlantic,0.003783,0.021061,0.036529,0.052252,0.01583,0.010565
39,Continental Europe,0.00721,0.022178,0.029752,0.034101,0.007132,0.008595
39,Global,0.020418,0.024407,0.020142,0.023263,0.033253,0.060696
39,USA,0.0,0.000492,0.005247,0.020437,0.025971,0.040758
39,East Asia,0.000109,0.001993,0.004726,0.015184,0.041544,0.091476
39,Southeast Asia,0.0,0.0,0.0,0.021539,0.117935,0.268699
39,Latin America,0.010787,0.010547,0.007235,0.022507,0.048842,0.092292
39,Africa & Middle East,0.0,4.6e-05,0.002592,0.022473,0.034352,0.062087
39,China,0.000759,0.004793,0.009772,0.011415,0.034643,0.09198
39,India,0.0,0.0,0.0,0.004975,0.084817,0.232688
39,North Pacific,0.008631,0.023629,0.035236,0.033085,0.008937,0.008349
39,Arctic,0.080578,0.123965,0.076528,0.01089,0.001211,0.0
39,Reykjavik FIR,0.039361,0.068311,0.041166,5.3e-05,0.0,0.0
39,Brussels FIR,0.017035,0.018176,0.023701,0.014044,2.8e-05,0.0
39,Langen FIR,0.006374,0.02012,0.037302,0.034185,0.000609,0.0
39,Munchen FIR,7.8e-05,0.018385,0.05855,0.058836,0.000442,0.0
39,Bremen FIR,0.007644,0.052482,0.053914,0.005033,0.0,0.0
39,Tallinn FIR,0.00541,0.090585,0.120344,0.042903,7.5e-05,0.0
39,Helsinki FIR,0.019114,0.119243,0.125582,0.024946,0.000284,0.0
39,Shanwick FIR,0.006569,0.027551,0.034626,0.036502,0.003747,0.000336
39,Scottish FIR,0.036814,0.084317,0.057567,0.0,0.0,0.0
39,London FIR,0.010211,0.043894,0.035222,0.007427,0.0,0.0
39,Amsterdam FIR,0.012447,0.04417,0.029422,0.0,0.0,0.0
39,Shannon FIR,0.029265,0.035622,0.020631,0.001536,0.0,0.0
39,Copenhagen FIR,0.019116,0.071114,0.045416,1.3e-05,0.0,0.0
39,Bodo Oceanic FIR,0.056961,0.033106,0.005289,0.0,0.0,0.0
39,Polaris FIR,0.0375,0.078061,0.044726,0.0,0.0,0.0
39,Warszawa FIR,0.00088,0.03116,0.06541,0.059614,0.002843,0.0
39,Sweden FIR,0.018818,0.090831,0.092019,0.009548,0.0,0.0
39,Riga FIR,0.002969,0.052807,0.103743,0.059557,0.002191,0.0
39,Vilnius FIR,0.000301,0.032524,0.078929,0.061692,0.008969,0.0
39,Canarias FIR,0.0,0.0,0.000754,0.007851,0.002264,0.001207
39,Tirana FIR,0.0,0.002568,0.017179,0.014553,6.2e-05,0.0
39,Sofia FIR,0.0,0.004696,0.041513,0.025594,8e-06,0.0
39,Nicosia FIR,0.0,0.0,0.000111,0.000575,0.0,0.0
39,Zagreb FIR,0.0,0.009439,0.035098,0.022985,1.9e-05,0.0
39,Barcelona FIR,0.0,0.002951,0.015698,0.019224,0.008444,0.017126
39,Madrid FIR,0.0,0.001842,0.018938,0.0818,0.035271,0.032045
39,Bordeaux FIR,0.000694,0.003925,0.00756,0.0326,0.001999,0.00016
39,Reims FIR,0.00061,0.003669,0.013553,0.058415,0.002013,0.0
39,Paris FIR,0.012048,0.012254,0.016472,0.033313,0.000482,0.0
39,Marseille FIR,3.8e-05,0.002405,0.007221,0.017569,0.002164,0.004848
39,Brest FIR,0.003707,0.005053,0.032242,0.073107,0.001153,0.0
39,Athinai FIR,0.0,0.000158,0.007665,0.017054,5e-06,0.0
39,Budapest FIR,2.2e-05,0.005193,0.018219,0.036995,0.00336,0.0
39,Brindisi FIR,0.0,0.002946,0.020852,0.020797,7e-06,0.0
39,Milano FIR,6e-06,0.00081,0.016559,0.035047,0.000299,0.0
39,Roma FIR,0.0,0.000988,0.007716,0.010223,8e-05,0.000312
39,Ljubljana FIR,5.8e-05,0.010689,0.045045,0.037908,0.0,0.0
39,Praha FIR,0.000966,0.018913,0.064845,0.064916,0.000253,0.0
39,Malta FIR,0.0,0.0,0.000399,0.00568,1.3e-05,0.0
39,Wien FIR,0.000584,0.014252,0.046045,0.061312,0.001067,0.0
39,Lisboa FIR,0.0,0.000351,0.012318,0.094903,0.067282,0.078469
39,Santa Maria FIR,0.0,3.9e-05,0.005497,0.067515,0.059507,0.079111
39,Sarajevo FIR,0.0,0.016758,0.038935,0.01405,0.0,0.0
39,Bucarest FIR,0.0,0.01045,0.062202,0.054981,0.001998,0.0
39,Switzerland FIR,0.0,0.002245,0.016561,0.064728,0.001184,0.0
39,Ankara FIR,0.0,0.000635,0.003215,0.000155,0.0,0.0
39,Istanbul FIR,0.0,0.000313,0.009909,0.004341,0.0,0.0
39,Chisinau FIR,0.0,0.018736,0.120587,0.092641,0.002834,0.0
39,Skopje FIR,0.0,0.002881,0.027032,0.020372,0.0,0.0
39,Beograd FIR,0.0,0.006434,0.029631,0.021862,0.000283,0.0
39,Bratislava  FIR,0.000848,0.0086,0.02469,0.050058,0.001903,0.0
39,Yerevan FIR,0.0,0.002646,0.008529,0.0,0.0,0.0
39,Tibilisi FIR,0.0,0.002323,0.013389,0.0,0.0,0.0
39,Kiev FIR,5e-06,0.038103,0.118616,0.125541,0.009006,0.0
39,Dnipro FIR,0.0,0.012186,0.043714,0.0271,0.000338,0.0
39,Simferopol FIR,0.0,0.007501,0.030452,0.003119,0.0,0.0
39,Lvov FIR,0.000206,0.023211,0.059327,0.115779,0.008109,0.0
39,Odessa FIR,1.3e-05,0.013195,0.064603,0.034978,2.5e-05,0.0
40,European Airspace,0.007837,0.020732,0.031779,0.034496,0.005451,0.001894
40,North Atlantic,0.002035,0.019289,0.034463,0.027207,0.004546,0.000684
40,Continental Europe,0.002823,0.014324,0.030115,0.040017,0.001126,0.0
40,Global,0.01537,0.019341,0.017775,0.023731,0.032925,0.062045
40,USA,4e-06,0.000886,0.005388,0.013606,0.009027,0.013059
40,East Asia,0.000495,0.001455,0.001818,0.016866,0.047883,0.101139
40,Southeast Asia,0.0,0.0,0.0,0.028314,0.179407,0.417863
40,Latin America,0.01066,0.011982,0.008739,0.021969,0.043139,0.083094
40,Africa & Middle East,0.0,4.6e-05,0.001386,0.017255,0.038522,0.077205
40,China,0.002213,0.006242,0.007108,0.008112,0.027192,0.061769
40,India,0.0,0.0,0.0,0.014643,0.098543,0.21715
40,North Pacific,0.010252,0.025102,0.035447,0.028602,0.004469,0.001648
40,Arctic,0.112055,0.092963,0.04043,0.009083,0.000457,0.0
40,Reykjavik FIR,0.019606,0.067611,0.056764,0.001537,0.0,0.0
40,Brussels FIR,0.0,2.7e-05,0.001144,0.0,0.0,0.0
40,Langen FIR,1.6e-05,0.000315,0.002648,0.001401,0.0,0.0
40,Munchen FIR,2.8e-05,0.000837,0.005062,0.005173,0.0,0.0
40,Bremen FIR,0.001809,0.011094,0.004723,0.0,0.0,0.0
40,Tallinn FIR,0.007288,0.062204,0.059874,0.001041,0.0,0.0
40,Helsinki FIR,0.051476,0.088123,0.06526,0.00073,0.0,0.0
40,Shanwick FIR,0.004524,0.020661,0.036439,0.027485,0.000969,0.0
40,Scottish FIR,0.007353,0.062978,0.111769,0.016885,0.000142,0.0
40,London FIR,0.003349,0.021271,0.030794,0.000738,0.0,0.0
40,Amsterdam FIR,0.00191,0.00863,0.004473,0.0,0.0,0.0
40,Shannon FIR,0.004803,0.020813,0.045381,0.0098,2.5e-05,0.0
40,Copenhagen FIR,0.025876,0.062065,0.042323,0.001654,0.0,0.0
40,Bodo Oceanic FIR,0.097322,0.068558,0.020918,0.0,0.0,0.0
40,Polaris FIR,0.047505,0.108857,0.093183,0.003877,0.0,0.0
40,Warszawa FIR,0.001154,0.01556,0.030466,0.005576,3e-06,0.0
40,Sweden FIR,0.046945,0.093439,0.070478,0.000377,0.0,0.0
40,Riga FIR,0.001828,0.03383,0.041403,0.001367,0.0,0.0
40,Vilnius FIR,0.001534,0.024787,0.037769,1.2e-05,0.0,0.0
40,Canarias FIR,0.0,0.0,0.000622,0.01571,0.00348,0.002467
40,Tirana FIR,0.0,9.4e-05,0.002387,0.017871,0.0,0.0
40,Sofia FIR,0.0,0.000538,0.013613,0.009676,0.000141,0.0
40,Nicosia FIR,0.0,0.0,0.0,0.0,0.0,0.0
40,Zagreb FIR,0.0,0.001714,0.030085,0.053513,0.000943,0.0
40,Barcelona FIR,0.0,9e-06,0.013196,0.06107,0.001661,0.0
40,Madrid FIR,0.0,0.000239,0.018416,0.096242,0.004064,0.0
40,Bordeaux FIR,0.0,5.2e-05,0.021817,0.075973,0.001863,0.0
40,Reims FIR,0.0,0.0,0.012787,0.034869,0.000343,0.0
40,Paris FIR,6e-06,0.000377,0.014142,0.015475,4.6e-05,0.0
40,Marseille FIR,0.0,8.7e-05,0.024966,0.075298,0.001148,0.0
40,Brest FIR,0.000142,0.0002,0.023456,0.053354,0.001417,0.0
40,Athinai FIR,0.0,9e-06,0.002109,0.000359,0.0,0.0
40,Budapest FIR,0.0,0.003015,0.058679,0.083398,0.002179,0.0
40,Brindisi FIR,0.0,0.000438,0.005806,0.01493,5.9e-05,0.0
40,Milano FIR,0.0,0.000157,0.036174,0.066298,0.000626,0.0
40,Roma FIR,0.0,4.9e-05,0.008048,0.019724,4.6e-05,0.0
40,Ljubljana FIR,0.0,0.001748,0.046209,0.060711,0.000817,0.0
40,Praha FIR,1.2e-05,0.003603,0.015407,0.0,0.0,0.0
40,Malta FIR,0.0,0.0,0.002226,2.5e-05,0.0,0.0
40,Wien FIR,0.0,0.001419,0.033821,0.03757,0.000371,0.0
40,Lisboa FIR,0.0,0.000182,0.024569,0.154657,0.010566,3e-05
40,Santa Maria FIR,0.0,0.0,0.004391,0.070907,0.055622,0.059692
40,Sarajevo FIR,0.0,0.000595,0.031758,0.060682,0.002148,0.0
40,Bucarest FIR,0.0,0.007129,0.067623,0.087113,0.001177,0.0
40,Switzerland FIR,0.0,2.4e-05,0.010762,0.044915,0.000362,0.0
40,Ankara FIR,6.5e-05,0.000843,0.002305,0.0,0.0,0.0
40,Istanbul FIR,0.0,1.5e-05,0.006205,0.0,0.0,0.0
40,Chisinau FIR,0.0,0.024726,0.142812,0.123688,0.005892,0.0
40,Skopje FIR,0.0,0.000225,0.008696,0.025419,9e-05,0.0
40,Beograd FIR,0.0,0.001934,0.021402,0.052887,0.001331,0.0
40,Bratislava  FIR,0.0,0.001875,0.037336,0.022512,0.0,0.0
40,Yerevan FIR,0.0,0.0,0.0,0.0,0.0,0.0
40,Tibilisi FIR,3.8e-05,0.001315,0.000958,0.0,0.0,0.0
40,Kiev FIR,5e-06,0.031114,0.154184,0.187991,0.017013,0.0
40,Dnipro FIR,0.0,0.003478,0.068624,0.074423,0.01196,0.0
40,Simferopol FIR,2.2e-05,0.006294,0.038605,0.004171,0.000371,0.0
40,Lvov FIR,0.0,0.020195,0.13324,0.116787,0.00276,0.0
40,Odessa FIR,0.0,0.018285,0.075535,0.054152,0.003356,0.0
41,European Airspace,0.007814,0.016216,0.028752,0.041881,0.009211,0.01197
41,North Atlantic,0.009101,0.021637,0.025579,0.028263,0.003767,0.001161
41,Continental Europe,0.008261,0.011711,0.031366,0.066215,0.004585,0.002223
41,Global,0.017321,0.022925,0.019645,0.02301,0.030325,0.058618
41,USA,0.000682,0.001728,0.012182,0.024315,0.011314,0.02016
41,East Asia,0.000192,0.004643,0.006352,0.006277,0.012242,0.026842
41,Southeast Asia,0.0,0.0,0.0,0.012265,0.106168,0.260494
41,Latin America,0.007357,0.010195,0.009423,0.022705,0.0496,0.10944
41,Africa & Middle East,2e-06,0.000175,0.001756,0.019045,0.033786,0.061396
41,China,0.001812,0.014314,0.01763,0.008389,0.006707,0.012482
41,India,0.0,0.0,0.0,0.0059,0.05087,0.123751
41,North Pacific,0.010294,0.028458,0.038626,0.031598,0.003683,0.002963
41,Arctic,0.101931,0.089953,0.047853,0.012788,0.000689,0.0
41,Reykjavik FIR,0.029903,0.029426,0.008737,5.2e-05,0.0,0.0
41,Brussels FIR,0.000188,0.008958,0.049547,0.069748,0.003268,0.0
41,Langen FIR,0.0,0.00822,0.055473,0.09027,0.002821,0.0
41,Munchen FIR,0.000112,0.005993,0.045422,0.107631,0.003026,0.0
41,Bremen FIR,0.000561,0.015966,0.073155,0.063904,0.000187,0.0
41,Tallinn FIR,0.009378,0.066166,0.080122,0.105739,0.002615,0.0
41,Helsinki FIR,0.020049,0.103078,0.12708,0.067416,0.001659,0.0
41,Shanwick FIR,0.011523,0.019618,0.016872,0.028919,0.001902,0.0
41,Scottish FIR,0.056568,0.044895,0.002342,0.000944,0.0,0.0
41,London FIR,0.01516,0.021576,0.027739,0.035725,0.0011,0.0
41,Amsterdam FIR,0.003713,0.014038,0.042665,0.023517,0.000179,0.0
41,Shannon FIR,0.027112,0.015919,0.013067,0.056213,0.003727,0.0
41,Copenhagen FIR,0.012254,0.023723,0.040645,0.016978,0.0,0.0
41,Bodo Oceanic FIR,0.024604,0.036765,0.022297,0.000586,0.0,0.0
41,Polaris FIR,0.047278,0.051258,0.017567,0.000207,0.0,0.0
41,Warszawa FIR,7.4e-05,0.01814,0.051326,0.077107,0.001053,0.0
41,Sweden FIR,0.029384,0.071188,0.06735,0.022496,8.3e-05,0.0
41,Riga FIR,0.008136,0.041852,0.061702,0.101957,0.003889,0.0
41,Vilnius FIR,0.001894,0.019999,0.05022,0.096267,0.003527,0.0
41,Canarias FIR,0.0,0.0,0.000608,0.018413,0.042384,0.082986
41,Tirana FIR,0.0,0.000668,0.021573,0.046857,0.003066,0.0
41,Sofia FIR,0.0,0.002368,0.069766,0.094413,0.006043,0.0
41,Nicosia FIR,0.0,7e-06,0.001646,0.00092,0.0,0.0
41,Zagreb FIR,0.0,0.001536,0.032664,0.095326,0.007323,0.0
41,Barcelona FIR,0.0,0.000246,0.025012,0.108645,0.00976,0.004153
41,Madrid FIR,4.8e-05,0.000894,0.018151,0.052066,0.006919,0.005606
41,Bordeaux FIR,0.0,0.010294,0.059537,0.064649,0.001086,0.0
41,Reims FIR,0.0,0.005772,0.030965,0.071993,0.002665,0.0
41,Paris FIR,0.000214,0.010526,0.050947,0.076554,0.003892,0.0
41,Marseille FIR,0.0,0.000671,0.034144,0.10776,0.004708,0.0
41,Brest FIR,0.000828,0.00385,0.031293,0.043404,0.000519,0.0
41,Athinai FIR,0.0,6.7e-05,0.007943,0.031452,0.001511,0.0
41,Budapest FIR,0.0,0.005291,0.025511,0.073572,0.003675,0.0
41,Brindisi FIR,0.0,0.000126,0.038662,0.087183,0.002828,0.0
41,Milano FIR,0.0,0.001546,0.037248,0.104386,0.005442,0.0
41,Roma FIR,0.0,2.9e-05,0.036039,0.099549,0.003434,0.0
41,Ljubljana FIR,0.0,0.004092,0.035523,0.117206,0.006715,0.0
41,Praha FIR,8.7e-05,0.010429,0.039834,0.089933,0.003003,0.0
41,Malta FIR,0.0,0.0,0.006723,0.038439,0.001912,0.0
41,Wien FIR,0.0,0.004306,0.031271,0.108404,0.006657,0.0
41,Lisboa FIR,0.0,6.8e-05,0.005544,0.026235,0.015651,0.026409
41,Santa Maria FIR,2e-06,0.00012,0.000781,0.031335,0.037554,0.068593
41,Sarajevo FIR,0.0,0.000508,0.02912,0.08981,0.00665,0.0
41,Bucarest FIR,0.0,0.005384,0.065782,0.077971,0.004809,0.0
41,Switzerland FIR,0.0,0.001592,0.03346,0.079592,0.003788,0.0
41,Ankara FIR,0.0,0.002014,0.023132,0.019709,0.000346,0.0
41,Istanbul FIR,0.0,0.000238,0.029299,0.058202,0.001031,0.0
41,Chisinau FIR,0.0,0.012835,0.062998,0.049493,0.000729,0.0
41,Skopje FIR,0.0,4.5e-05,0.036188,0.0653,0.006312,0.0
41,Beograd FIR,0.0,0.000953,0.038423,0.08246,0.007883,0.0
41,Bratislava  FIR,0.0,0.012582,0.022586,0.051012,0.001269,0.0
41,Yerevan FIR,0.0,0.003574,0.041196,0.055198,0.002252,0.0
41,Tibilisi FIR,0.0,0.00807,0.047857,0.036779,0.000359,0.0
41,Kiev FIR,2.1e-05,0.023922,0.063682,0.059912,0.005725,0.0
41,Dnipro FIR,0.0,0.01531,0.061092,0.055064,0.004389,0.0
41,Simferopol FIR,0.0,0.015824,0.068911,0.057539,0.003476,0.0
41,Lvov FIR,9.9e-05,0.016862,0.031034,0.030688,0.001471,0.0
41,Odessa FIR,0.0,0.016574,0.078615,0.063862,0.00215,0.0
42,European Airspace,0.00646,0.020347,0.039795,0.050289,0.007242,0.003477
42,North Atlantic,0.010062,0.01996,0.026182,0.025438,0.004765,0.001693
42,Continental Europe,0.003512,0.013891,0.058418,0.09479,0.011298,0.003828
42,Global,0.017535,0.021609,0.020458,0.02779,0.031338,0.058423
42,USA,0.001058,0.002865,0.009802,0.010532,0.005408,0.008145
42,East Asia,0.000405,0.001703,0.008814,0.028182,0.027509,0.062139
42,Southeast Asia,0.0,0.0,0.0,0.023772,0.124422,0.303701
42,Latin America,0.007402,0.016232,0.013293,0.028391,0.042955,0.082293
42,Africa & Middle East,3e-06,0.000225,0.001777,0.019055,0.037858,0.076047
42,China,0.003268,0.009697,0.016443,0.018812,0.011698,0.023753
42,India,0.0,5e-06,0.000147,0.011229,0.062326,0.150011
42,North Pacific,0.012046,0.026651,0.040554,0.038657,0.004389,0.001262
42,Arctic,0.105607,0.090137,0.048117,0.013936,0.000739,0.0
42,Reykjavik FIR,0.028724,0.060122,0.054337,0.022741,0.000134,0.0
42,Brussels FIR,0.0,0.018544,0.097572,0.142496,0.033277,0.016954
42,Langen FIR,1.7e-05,0.021155,0.092395,0.090482,0.012627,0.007898
42,Munchen FIR,0.00026,0.025323,0.145819,0.132695,0.004629,0.001396
42,Bremen FIR,0.000922,0.038278,0.136021,0.144733,0.009637,0.0
42,Tallinn FIR,0.009688,0.04302,0.079418,0.118776,0.023284,0.0
42,Helsinki FIR,0.022946,0.117403,0.167707,0.165617,0.013354,0.0
42,Shanwick FIR,0.008373,0.020229,0.030675,0.024534,0.001703,0.0
42,Scottish FIR,0.012115,0.039703,0.097811,0.095282,0.000899,0.0
42,London FIR,0.000896,0.017251,0.095785,0.176782,0.008165,0.0
42,Amsterdam FIR,0.000139,0.018811,0.075452,0.131779,0.029922,0.000591
42,Shannon FIR,0.001508,0.015818,0.033776,0.030481,0.00014,0.0
42,Copenhagen FIR,0.011712,0.037375,0.092629,0.111036,0.002603,0.0
42,Bodo Oceanic FIR,0.02,0.079909,0.116002,0.063169,0.001385,0.0
42,Polaris FIR,0.016401,0.053652,0.11589,0.117561,0.003316,0.0
42,Warszawa FIR,0.005176,0.024808,0.062168,0.075997,0.003311,0.0
42,Sweden FIR,0.020417,0.055908,0.121303,0.124429,0.005842,0.0
42,Riga FIR,0.006588,0.024732,0.038202,0.06202,0.014476,0.0
42,Vilnius FIR,0.013843,0.023189,0.025198,0.028468,0.004726,0.0
42,Canarias FIR,0.0,0.0,0.001283,0.041924,0.031569,0.042753
42,Tirana FIR,0.0,0.000877,0.015863,0.047304,0.001341,0.0
42,Sofia FIR,0.0,0.000445,0.008974,0.024398,0.00505,0.0
42,Nicosia FIR,0.0,0.000154,0.008124,0.017892,0.000287,0.0
42,Zagreb FIR,0.0,0.003945,0.046482,0.113281,0.0043,0.0
42,Barcelona FIR,3e-05,0.000261,0.013445,0.050425,0.00953,0.002813
42,Madrid FIR,0.001764,0.002114,0.02355,0.068283,0.020553,0.010118
42,Bordeaux FIR,6.6e-05,0.00415,0.041388,0.120716,0.039673,0.022243
42,Reims FIR,0.000148,0.017249,0.081116,0.111821,0.013335,0.031203
42,Paris FIR,3.2e-05,0.010402,0.097829,0.173636,0.031118,0.022373
42,Marseille FIR,0.000116,0.001176,0.02399,0.078616,0.010623,0.002245
42,Brest FIR,0.00311,0.003653,0.06583,0.191786,0.021029,0.002393
42,Athinai FIR,0.0,0.001701,0.017088,0.034161,0.006136,0.000133
42,Budapest FIR,0.0,0.007738,0.027627,0.026462,0.000111,0.0
42,Brindisi FIR,0.0,0.001503,0.037575,0.078178,0.00637,8e-06
42,Milano FIR,1.3e-05,0.006371,0.054939,0.115905,0.003191,6e-06
42,Roma FIR,0.0,0.003231,0.03048,0.051435,0.006658,0.000455
42,Ljubljana FIR,0.0,0.00858,0.058874,0.124818,0.005724,0.0
42,Praha FIR,0.000274,0.012897,0.101417,0.108271,0.00344,0.0
42,Malta FIR,0.0,0.000164,0.005472,0.000348,0.002162,0.0
42,Wien FIR,0.0,0.011765,0.0682,0.107976,0.002106,0.000308
42,Lisboa FIR,0.000268,0.000304,0.016156,0.06607,0.033844,0.01698
42,Santa Maria FIR,5e-06,0.000303,0.005987,0.032094,0.020502,0.017746
42,Sarajevo FIR,0.0,0.002219,0.033497,0.08297,0.003848,0.0
42,Bucarest FIR,0.0,0.000457,0.004331,0.010418,0.00127,0.0
42,Switzerland FIR,7.3e-05,0.013523,0.077977,0.067795,0.001237,0.002571
42,Ankara FIR,0.0,0.000977,0.010493,0.03714,0.002163,0.0
42,Istanbul FIR,0.0,0.000572,0.007332,0.044019,0.016262,0.000311
42,Chisinau FIR,0.000233,0.000177,0.00317,0.001833,0.001323,0.0
42,Skopje FIR,0.0,0.003012,0.012597,0.024227,0.001848,0.0
42,Beograd FIR,0.0,0.002439,0.01687,0.036611,0.001483,0.0
42,Bratislava  FIR,0.000317,0.009952,0.024245,0.013766,0.000192,0.0
42,Yerevan FIR,0.0,0.010156,0.033312,0.014223,0.0,0.0
42,Tibilisi FIR,0.000126,0.010379,0.029801,0.006883,0.000127,0.0
42,Kiev FIR,0.018782,0.017201,0.002504,1.1e-05,0.0,0.0
42,Dnipro FIR,0.038209,0.029387,0.006361,0.001884,0.0,0.0
42,Simferopol FIR,0.004398,0.003364,0.007493,0.027369,0.004992,0.0
42,Lvov FIR,0.004031,0.00544,0.000584,0.0,0.0,0.0
42,Odessa FIR,0.001812,0.005137,0.008082,0.007821,0.003384,0.0
43,European Airspace,0.006961,0.018604,0.028394,0.028828,0.004372,0.000963
43,North Atlantic,0.011101,0.014682,0.029625,0.053724,0.017779,0.007312
43,Continental Europe,0.002527,0.023573,0.047588,0.027685,0.001524,0.000323
43,Global,0.016317,0.017933,0.0181,0.027557,0.029851,0.052707
43,USA,0.000165,0.004127,0.014587,0.024743,0.005103,0.002805
43,East Asia,0.000509,0.00476,0.011191,0.016251,0.02728,0.062443
43,Southeast Asia,0.0,0.0,1e-06,0.047339,0.151421,0.278695
43,Latin America,0.002213,0.003724,0.00432,0.016145,0.054702,0.117709
43,Africa & Middle East,1.1e-05,0.000716,0.003134,0.017415,0.036589,0.06812
43,China,0.005445,0.015406,0.019032,0.009916,0.014435,0.029745
43,India,0.0,2e-06,2.4e-05,0.008666,0.046424,0.092125
43,North Pacific,0.020319,0.027475,0.032898,0.028523,0.005136,0.002
43,Arctic,0.146927,0.11709,0.046159,0.001475,3.2e-05,0.0
43,Reykjavik FIR,0.052001,0.047423,0.017005,0.006791,4e-06,0.0
43,Brussels FIR,0.000942,0.026709,0.035966,0.005101,0.0,0.0
43,Langen FIR,0.000295,0.021031,0.043097,0.014592,0.001385,0.001504
43,Munchen FIR,0.000183,0.023298,0.059782,0.027791,0.008011,0.001734
43,Bremen FIR,0.000789,0.014766,0.03461,0.029393,0.000664,0.0
43,Tallinn FIR,0.011524,0.034647,0.075697,0.064227,0.005782,0.0
43,Helsinki FIR,0.014692,0.045708,0.061112,0.028834,0.000279,0.0
43,Shanwick FIR,0.00463,0.017066,0.0388,0.065446,0.020349,0.004542
43,Scottish FIR,0.018197,0.040979,0.064907,0.07937,0.000925,0.0
43,London FIR,0.003613,0.018996,0.036148,0.025124,0.001622,0.0
43,Amsterdam FIR,0.001739,0.036235,0.060932,0.026337,0.000812,0.0
43,Shannon FIR,0.002348,0.006707,0.032444,0.091339,0.006627,0.0
43,Copenhagen FIR,0.004326,0.041282,0.066814,0.040111,0.000504,0.0
43,Bodo Oceanic FIR,0.058503,0.096167,0.053726,0.007783,1e-05,0.0
43,Polaris FIR,0.016054,0.054597,0.065212,0.04606,0.001021,0.0
43,Warszawa FIR,0.002071,0.013387,0.061915,0.062192,0.005295,0.000453
43,Sweden FIR,0.008601,0.039752,0.06179,0.042783,0.000992,0.0
43,Riga FIR,0.006942,0.028944,0.062226,0.051572,0.006282,0.0
43,Vilnius FIR,0.004197,0.016634,0.05007,0.059146,0.010424,0.000187
43,Canarias FIR,0.0,0.0,0.001713,0.031208,0.015515,0.015558
43,Tirana FIR,0.0,0.020685,0.071258,0.050508,0.0,0.0
43,Sofia FIR,8e-06,0.024006,0.033627,0.00264,0.006346,0.0
43,Nicosia FIR,0.0,0.001026,5.2e-05,2.2e-05,0.0,0.0
43,Zagreb FIR,0.00036,0.046527,0.100267,0.041103,0.002694,0.0
43,Barcelona FIR,0.002319,0.02038,0.033315,0.001164,2.1e-05,4e-06
43,Madrid FIR,0.000405,0.004229,0.010785,0.005495,0.00069,0.000516
43,Bordeaux FIR,0.000699,0.020305,0.028333,0.011664,0.00266,0.000364
43,Reims FIR,0.0,0.047319,0.072487,0.008141,0.002969,0.001647
43,Paris FIR,0.001084,0.021484,0.027297,0.003968,8.6e-05,7e-06
43,Marseille FIR,1.4e-05,0.036469,0.069573,0.00123,0.002795,0.0019
43,Brest FIR,0.0017,0.006719,0.009242,0.001752,0.0,0.0
43,Athinai FIR,0.0,0.008356,0.013765,0.004585,0.000606,0.0
43,Budapest FIR,4.4e-05,0.036236,0.048675,0.003222,0.0,0.0
43,Brindisi FIR,7e-06,0.044311,0.104639,0.090045,0.00274,0.0
43,Milano FIR,6e-06,0.035607,0.062913,0.018638,0.001391,6e-06
43,Roma FIR,1.3e-05,0.0418,0.105094,0.041258,0.000262,0.0
43,Ljubljana FIR,0.000235,0.018955,0.066519,0.004859,0.0,0.0
43,Praha FIR,3.8e-05,0.028171,0.081303,0.064748,0.008235,2.5e-05
43,Malta FIR,0.0,0.019599,0.052544,0.028814,6e-06,0.0
43,Wien FIR,1.2e-05,0.042545,0.068598,0.00381,0.00462,0.000247
43,Lisboa FIR,0.0,0.000303,0.008546,0.016121,3.7e-05,0.0
43,Santa Maria FIR,0.0,7e-05,0.016577,0.07449,0.010883,0.004022
43,Sarajevo FIR,6.7e-05,0.062179,0.106183,0.042383,0.002919,0.0
43,Bucarest FIR,0.000117,0.025565,0.030063,0.002444,0.001143,0.0
43,Switzerland FIR,0.0,0.020081,0.033121,0.00385,0.028488,0.013942
43,Ankara FIR,0.00024,0.00793,0.00526,0.00041,0.000195,0.0
43,Istanbul FIR,5e-06,0.007683,0.006857,0.001351,0.001095,0.0
43,Chisinau FIR,2.9e-05,0.020245,0.015357,0.003321,0.000537,0.0
43,Skopje FIR,0.0,0.020074,0.051715,0.02372,0.004371,0.0
43,Beograd FIR,1e-05,0.027623,0.056614,0.016638,0.000533,0.0
43,Bratislava  FIR,0.0,0.032946,0.053679,0.011796,4.2e-05,0.0
43,Yerevan FIR,0.000748,0.000669,0.0,0.0,0.0,0.0
43,Tibilisi FIR,0.008342,0.008496,0.001054,0.0,0.0,0.0
43,Kiev FIR,0.005236,0.03626,0.014905,0.003832,0.000381,0.0
43,Dnipro FIR,0.018996,0.02717,0.011957,0.033487,0.007928,0.0
43,Simferopol FIR,0.00227,0.013697,0.012431,0.018673,0.002707,0.0
43,Lvov FIR,0.001053,0.031504,0.042892,0.019542,0.001493,2.1e-05
43,Odessa FIR,0.0,0.016116,0.008093,0.018729,0.002296,0.0
44,European Airspace,0.003045,0.016397,0.029603,0.046605,0.0118,0.007316
44,North Atlantic,0.003494,0.009874,0.033003,0.067901,0.013766,0.004258
44,Continental Europe,0.000442,0.015588,0.041705,0.070704,0.014744,0.005542
44,Global,0.01778,0.018527,0.017027,0.02624,0.034593,0.063489
44,USA,0.001345,0.005432,0.020446,0.050428,0.012125,0.012063
44,East Asia,0.001767,0.002718,0.002608,0.00487,0.028037,0.051177
44,Southeast Asia,0.0,0.0,0.0,0.032864,0.147151,0.28294
44,Latin America,0.003464,0.005354,0.010209,0.023906,0.057879,0.123108
44,Africa & Middle East,4.2e-05,0.000644,0.002162,0.02735,0.048217,0.088896
44,China,0.011567,0.01216,0.008508,0.003305,0.010427,0.018877
44,India,0.0,3e-06,6.9e-05,0.002737,0.017011,0.03945
44,North Pacific,0.026278,0.032473,0.036298,0.039269,0.00532,0.002021
44,Arctic,0.119552,0.107752,0.061153,0.00368,7.2e-05,0.0
44,Reykjavik FIR,0.005281,0.033634,0.039293,0.032075,0.000455,0.0
44,Brussels FIR,0.0,0.009481,0.011809,0.005332,0.00055,0.0
44,Langen FIR,0.0,0.008875,0.013527,0.016363,0.009105,0.001149
44,Munchen FIR,0.0,0.008566,0.026582,0.044195,0.014971,0.008898
44,Bremen FIR,0.0,0.020251,0.086237,0.151188,0.022884,0.016456
44,Tallinn FIR,0.027505,0.066509,0.065229,0.033448,0.001618,0.0
44,Helsinki FIR,0.022243,0.029108,0.018116,0.001509,8e-06,0.0
44,Shanwick FIR,0.000102,0.007647,0.048191,0.151108,0.04774,0.017445
44,Scottish FIR,1.2e-05,0.009122,0.082343,0.260007,0.056646,0.01227
44,London FIR,0.0,0.003099,0.027987,0.059798,0.005307,0.000473
44,Amsterdam FIR,0.0,0.00843,0.040422,0.076043,0.01191,0.00395
44,Shannon FIR,0.0,0.0038,0.030427,0.069534,0.010884,0.0
44,Copenhagen FIR,2e-05,0.018974,0.115518,0.268985,0.046137,0.010477
44,Bodo Oceanic FIR,0.007414,0.00545,0.002071,0.000383,3e-06,0.0
44,Polaris FIR,0.004935,0.023191,0.030795,0.05715,0.005903,0.000146
44,Warszawa FIR,0.000342,0.058443,0.169013,0.196243,0.04875,0.007003
44,Sweden FIR,0.012747,0.051937,0.062997,0.073483,0.008937,2e-05
44,Riga FIR,0.018379,0.118161,0.131295,0.109282,0.012052,0.0
44,Vilnius FIR,0.009905,0.131777,0.186698,0.176534,0.023651,0.000128
44,Canarias FIR,0.0,0.0,0.003791,0.055077,0.050586,0.066172
44,Tirana FIR,0.0,0.003183,0.013092,0.067257,0.019362,0.010083
44,Sofia FIR,0.001359,0.024629,0.030215,0.017789,0.021827,0.039512
44,Nicosia FIR,0.000126,0.001064,0.000164,0.0,0.0,0.0
44,Zagreb FIR,3.8e-05,0.025271,0.051587,0.063406,0.035164,0.050477
44,Barcelona FIR,0.000768,0.023857,0.032512,0.010697,0.000118,0.0
44,Madrid FIR,0.0005,0.010931,0.010899,0.005376,0.000247,0.0
44,Bordeaux FIR,2e-05,0.013883,0.018865,0.006562,0.0,0.0
44,Reims FIR,0.0,0.004691,0.001953,0.0,0.00258,0.0
44,Paris FIR,0.0,0.004395,0.005555,0.000373,1.3e-05,0.0
44,Marseille FIR,0.0,0.020267,0.037718,0.031202,0.001825,0.0
44,Brest FIR,0.000139,0.007115,0.014425,0.002014,0.0,0.0
44,Athinai FIR,0.001177,0.011932,0.015148,0.015849,0.002027,5.7e-05
44,Budapest FIR,1.1e-05,0.036052,0.102819,0.13352,0.012191,0.037302
44,Brindisi FIR,0.0,0.012641,0.014238,0.033134,0.026787,0.01534
44,Milano FIR,0.0,0.008158,0.013972,0.009229,0.010588,0.003335
44,Roma FIR,0.0,0.010559,0.022995,0.026057,0.007677,0.004934
44,Ljubljana FIR,5.8e-05,0.031197,0.073953,0.078135,0.040567,0.066186
44,Praha FIR,0.0,0.01401,0.072967,0.119778,0.022333,0.004498
44,Malta FIR,0.0,0.002747,0.002768,0.0,0.0,0.0
44,Wien FIR,0.0,0.01264,0.047231,0.063431,0.019078,0.009422
44,Lisboa FIR,0.000864,0.002131,0.008796,0.022492,0.002717,0.001338
44,Santa Maria FIR,9.5e-05,0.000982,0.007734,0.045398,0.028578,0.044798
44,Sarajevo FIR,2.2e-05,0.021003,0.063341,0.102243,0.044193,0.085807
44,Bucarest FIR,0.00117,0.041404,0.060935,0.065239,0.01501,0.05051
44,Switzerland FIR,0.0,0.000243,0.001192,0.000974,0.01232,0.0
44,Ankara FIR,0.000837,0.008982,0.006318,0.000164,6e-06,0.0
44,Istanbul FIR,0.00079,0.010267,0.008969,0.005446,0.000731,8.4e-05
44,Chisinau FIR,0.002243,0.072764,0.119567,0.074727,0.008544,0.017472
44,Skopje FIR,0.001125,0.014961,0.019435,0.056638,0.025621,0.019898
44,Beograd FIR,0.00033,0.028997,0.052956,0.09059,0.027347,0.064116
44,Bratislava  FIR,0.0,0.017781,0.090173,0.131267,0.020847,0.008875
44,Yerevan FIR,0.003233,0.010343,0.003352,0.0,0.0,0.0
44,Tibilisi FIR,0.000822,0.007662,0.003537,0.0,0.0,0.0
44,Kiev FIR,0.010284,0.101435,0.16624,0.119912,0.009104,0.005802
44,Dnipro FIR,0.01188,0.077944,0.108335,0.055043,0.001073,0.000411
44,Simferopol FIR,0.001862,0.043532,0.049828,0.014257,1.6e-05,0.002678
44,Lvov FIR,0.001113,0.072341,0.171118,0.129636,0.03279,0.026428
44,Odessa FIR,0.003893,0.059781,0.099815,0.066654,0.002935,0.014951
45,European Airspace,0.008611,0.047008,0.061646,0.054486,0.006755,0.003566
45,North Atlantic,0.014665,0.035536,0.0568,0.057734,0.003897,0.00022
45,Continental Europe,0.005036,0.061452,0.069082,0.034826,0.002145,4.7e-05
45,Global,0.016876,0.019707,0.016898,0.023633,0.030536,0.05853
45,USA,0.000386,0.003929,0.010735,0.020098,0.014802,0.017043
45,East Asia,0.002065,0.005715,0.006159,0.018187,0.032356,0.055533
45,Southeast Asia,0.0,0.0,0.0,0.021218,0.124543,0.280466
45,Latin America,0.002875,0.006409,0.005744,0.022334,0.069314,0.143422
45,Africa & Middle East,6.6e-05,0.00124,0.004495,0.030757,0.035275,0.057105
45,China,0.005991,0.015024,0.018861,0.013301,0.013527,0.021536
45,India,0.0,4e-05,0.000494,0.006089,0.030737,0.070095
45,North Pacific,0.026261,0.044216,0.043917,0.02758,0.002328,0.000716
45,Arctic,0.114279,0.103187,0.057914,0.010056,0.000383,0.0
45,Reykjavik FIR,0.029426,0.132295,0.162776,0.089769,0.004179,8e-06
45,Brussels FIR,0.009715,0.014677,0.020488,0.007573,0.0,0.0
45,Langen FIR,0.003733,0.047142,0.040643,0.004581,0.0,0.0
45,Munchen FIR,0.00999,0.120102,0.129618,0.03709,0.000601,0.0
45,Bremen FIR,0.010217,0.093401,0.084137,0.024219,0.0,0.0
45,Tallinn FIR,0.014118,0.139185,0.144423,0.065917,0.000281,0.0
45,Helsinki FIR,0.030299,0.113242,0.096602,0.041283,0.006931,0.001366
45,Shanwick FIR,0.006735,0.060372,0.122588,0.117015,0.006685,0.0
45,Scottish FIR,0.005471,0.080427,0.084557,0.059242,0.007591,1e-06
45,London FIR,0.006134,0.061241,0.051268,0.005239,2.6e-05,0.0
45,Amsterdam FIR,0.008325,0.017128,0.045202,0.02085,0.0,0.0
45,Shannon FIR,0.009268,0.080652,0.1073,0.087177,0.006158,0.0
45,Copenhagen FIR,0.015681,0.07317,0.063743,0.014298,0.000246,0.0
45,Bodo Oceanic FIR,0.053254,0.134802,0.120154,0.057057,0.003157,0.000125
45,Polaris FIR,0.021074,0.08486,0.103314,0.06717,0.006746,0.00162
45,Warszawa FIR,0.003403,0.070064,0.072361,0.026303,0.001187,0.0
45,Sweden FIR,0.020905,0.110885,0.095398,0.030737,0.005858,0.004459
45,Riga FIR,0.017248,0.141024,0.158446,0.161253,0.025991,0.0
45,Vilnius FIR,0.009942,0.057789,0.098968,0.108858,0.015075,0.0
45,Canarias FIR,0.0,0.000124,0.012048,0.132544,0.097333,0.091928
45,Tirana FIR,0.002122,0.092365,0.070816,0.003553,3.2e-05,0.0
45,Sofia FIR,0.010684,0.008095,0.004949,0.0,0.0,0.0
45,Nicosia FIR,0.000192,0.002233,0.002686,0.0,0.0,0.0
45,Zagreb FIR,0.000199,0.099327,0.120876,0.053639,0.008178,0.000118
45,Barcelona FIR,0.001048,0.023643,0.035062,0.028828,5e-05,0.0
45,Madrid FIR,0.0002,0.020988,0.048599,0.054166,0.002489,0.0
45,Bordeaux FIR,0.003617,0.047658,0.047687,0.002622,0.0,0.0
45,Reims FIR,0.008234,0.045225,0.022851,0.000465,0.0,0.0
45,Paris FIR,0.002347,0.022909,0.028615,0.002568,0.0,0.0
45,Marseille FIR,0.014529,0.096295,0.076266,0.007632,0.0,0.0
45,Brest FIR,0.002952,0.054145,0.062592,0.011379,0.000244,0.0
45,Athinai FIR,0.004816,0.028205,0.021829,3e-05,1.9e-05,0.0
45,Budapest FIR,0.005937,0.12672,0.141105,0.055494,0.002361,0.0
45,Brindisi FIR,0.001468,0.040265,0.038612,0.009254,0.002803,0.0
45,Milano FIR,0.006514,0.135641,0.125028,0.021977,0.002806,0.0
45,Roma FIR,0.002371,0.046211,0.051252,0.00811,0.00074,0.0
45,Ljubljana FIR,0.000641,0.094832,0.111519,0.07554,0.009558,0.0
45,Praha FIR,0.007397,0.119316,0.097128,0.050365,0.002273,0.0
45,Malta FIR,0.000486,0.024319,0.015672,0.000211,0.0,0.0
45,Wien FIR,0.004369,0.146468,0.160281,0.089368,0.009335,0.0
45,Lisboa FIR,9e-06,0.014105,0.053874,0.100838,0.010393,0.001753
45,Santa Maria FIR,0.000495,0.007873,0.038761,0.09617,0.017171,0.027754
45,Sarajevo FIR,0.0,0.116633,0.174526,0.046865,0.007467,0.0
45,Bucarest FIR,0.005738,0.027745,0.026122,0.002946,0.0,0.0
45,Switzerland FIR,0.010816,0.057666,0.045516,0.005139,0.0,0.0
45,Ankara FIR,0.001202,0.026289,0.030421,0.00881,0.0,0.0
45,Istanbul FIR,0.006585,0.044179,0.037786,0.0,0.0,0.0
45,Chisinau FIR,0.009923,0.024758,0.026944,0.006488,0.0,0.0
45,Skopje FIR,0.008969,0.033017,0.017726,0.000541,0.002347,0.0
45,Beograd FIR,0.005132,0.078238,0.105302,0.016909,0.000309,0.0
45,Bratislava  FIR,0.007306,0.123183,0.121905,0.029636,0.001394,0.0
45,Yerevan FIR,0.0,0.017913,0.032494,0.029444,0.0,0.0
45,Tibilisi FIR,0.000511,0.023426,0.030338,0.00181,0.0,0.0
45,Kiev FIR,0.016931,0.080079,0.083377,0.012505,0.000163,0.0
45,Dnipro FIR,0.028586,0.053834,0.042194,0.00356,1.2e-05,0.0
45,Simferopol FIR,0.022342,0.040862,0.048083,3.7e-05,0.0,0.0
45,Lvov FIR,0.006053,0.082709,0.058916,0.022045,0.000678,0.0
45,Odessa FIR,0.013712,0.028338,0.022915,0.000444,0.0,0.0
46,European Airspace,0.015676,0.037435,0.040456,0.038802,0.005742,0.001382
46,North Atlantic,0.003347,0.027425,0.065356,0.095031,0.019475,0.006478
46,Continental Europe,0.010355,0.046681,0.053358,0.037957,0.003994,0.00025
46,Global,0.022244,0.022654,0.01707,0.024324,0.029333,0.055376
46,USA,0.001318,0.005513,0.007873,0.012307,0.009685,0.012587
46,East Asia,0.002963,0.011769,0.011429,0.00511,0.012293,0.024119
46,Southeast Asia,0.0,0.0,0.0,0.015,0.12422,0.293316
46,Latin America,0.001351,0.002655,0.003406,0.01987,0.057909,0.119264
46,Africa & Middle East,0.00035,0.001541,0.002005,0.01986,0.030743,0.056125
46,China,0.014229,0.020306,0.013646,0.001193,0.005672,0.01024
46,India,1e-06,0.000229,0.000414,0.005267,0.046831,0.098666
46,North Pacific,0.036313,0.06003,0.050435,0.032392,0.005701,0.001745
46,Arctic,0.204949,0.146462,0.054426,0.007291,0.000537,0.0
46,Reykjavik FIR,0.022897,0.022068,0.029539,0.052145,0.002738,0.0
46,Brussels FIR,0.008019,0.054465,0.05645,0.025765,0.00051,0.0
46,Langen FIR,0.010365,0.037519,0.039042,0.017228,0.001285,0.0
46,Munchen FIR,0.010332,0.021492,0.021391,0.01297,0.002292,0.0
46,Bremen FIR,0.014632,0.118772,0.136503,0.068254,0.000581,0.0
46,Tallinn FIR,0.03022,0.077729,0.087283,0.011569,7.5e-05,0.0
46,Helsinki FIR,0.053806,0.114177,0.054826,0.018415,0.003481,0.0
46,Shanwick FIR,0.001666,0.02503,0.075272,0.129372,0.03408,0.011473
46,Scottish FIR,0.000619,0.020472,0.070516,0.125082,0.01135,0.000585
46,London FIR,0.006552,0.101812,0.14826,0.109966,0.012098,0.0
46,Amsterdam FIR,0.009972,0.128781,0.136947,0.074311,0.002041,0.0
46,Shannon FIR,0.000889,0.043816,0.100079,0.143958,0.03771,0.008018
46,Copenhagen FIR,0.01602,0.044181,0.090013,0.113331,0.006004,0.0
46,Bodo Oceanic FIR,0.078929,0.076541,0.058327,0.036451,0.001396,0.0
46,Polaris FIR,0.05999,0.037566,0.032414,0.046358,0.002792,0.0
46,Warszawa FIR,0.019913,0.068586,0.055514,0.011389,0.0,0.0
46,Sweden FIR,0.045025,0.042813,0.031086,0.032624,0.000461,0.0
46,Riga FIR,0.03678,0.097547,0.108315,0.048275,0.003383,0.0
46,Vilnius FIR,0.027152,0.080612,0.109432,0.06523,0.004399,0.0
46,Canarias FIR,2e-06,0.000125,0.003724,0.016628,0.00484,0.003131
46,Tirana FIR,0.018381,0.039535,0.032257,0.000124,0.000711,0.0
46,Sofia FIR,0.023262,0.084063,0.056663,0.000278,0.000372,0.0
46,Nicosia FIR,5.2e-05,0.001177,0.00176,4.6e-05,0.0,0.0
46,Zagreb FIR,0.012931,0.017282,0.013499,0.011993,0.00109,0.0
46,Barcelona FIR,0.016039,0.047419,0.030946,0.002777,0.0,0.0
46,Madrid FIR,0.009907,0.050365,0.041028,0.001326,0.0,0.0
46,Bordeaux FIR,0.00874,0.055852,0.065028,0.032749,0.00018,0.0
46,Reims FIR,0.009611,0.033566,0.033068,0.011387,0.0,0.0
46,Paris FIR,0.007452,0.060455,0.074244,0.04018,0.000902,0.0
46,Marseille FIR,0.016602,0.048289,0.036898,0.008917,0.0,0.0
46,Brest FIR,0.006721,0.066534,0.076498,0.042504,0.004113,0.0
46,Athinai FIR,0.003126,0.023518,0.022637,5e-06,0.0,0.0
46,Budapest FIR,0.029212,0.01903,0.01309,0.012503,3.4e-05,0.0
46,Brindisi FIR,0.021598,0.03964,0.022084,0.000115,7e-06,0.0
46,Milano FIR,0.007408,0.045899,0.039295,0.015366,0.0,0.0
46,Roma FIR,0.011875,0.043017,0.030922,1.8e-05,0.0,0.0
46,Ljubljana FIR,0.001917,0.003902,0.015722,0.024238,0.001397,0.0
46,Praha FIR,0.014812,0.054073,0.013658,0.000593,0.0,0.0
46,Malta FIR,0.000113,0.009777,0.006934,0.0,0.0,0.0
46,Wien FIR,0.010753,0.019489,0.005294,0.006585,1.2e-05,0.0
46,Lisboa FIR,0.004111,0.024389,0.01328,3e-05,0.0,0.0
46,Santa Maria FIR,0.000404,0.002028,0.011725,0.038795,0.018587,0.011025
46,Sarajevo FIR,0.007633,0.019119,0.006726,0.006585,0.008928,0.0
46,Bucarest FIR,0.018909,0.036352,0.017596,0.006249,0.005641,0.0
46,Switzerland FIR,0.016597,0.030018,0.027198,0.017725,0.0,0.0
46,Ankara FIR,0.011131,0.045373,0.034308,0.001435,0.0,0.0
46,Istanbul FIR,0.012956,0.06471,0.046326,0.000145,0.0,0.0
46,Chisinau FIR,0.023722,0.06716,0.024054,0.007438,0.004467,0.0
46,Skopje FIR,0.015905,0.05215,0.045864,0.0,0.0,0.0
46,Beograd FIR,0.018132,0.025459,0.006613,0.00631,0.008888,0.0
46,Bratislava  FIR,0.047673,0.055298,0.015289,0.000976,0.0,0.0
46,Yerevan FIR,0.015923,0.031976,0.024355,0.000322,0.0,0.0
46,Tibilisi FIR,0.019496,0.094208,0.086923,0.000633,0.0,0.0
46,Kiev FIR,0.013735,0.049955,0.042962,0.032187,0.003015,0.0
46,Dnipro FIR,0.011392,0.073851,0.077785,0.022208,0.000327,0.0
46,Simferopol FIR,0.035343,0.106311,0.115878,0.012086,0.000113,0.0
46,Lvov FIR,0.015669,0.05058,0.025914,0.011032,1.5e-05,0.0
46,Odessa FIR,0.019657,0.08169,0.069754,0.000728,0.001583,0.0
47,European Airspace,0.02736,0.034875,0.054495,0.062171,0.009196,0.004612
47,North Atlantic,0.0081,0.03298,0.06713,0.09658,0.027589,0.016454
47,Continental Europe,0.010928,0.037493,0.063917,0.080455,0.0073,0.001173
47,Global,0.01668,0.018743,0.018086,0.028231,0.030619,0.057551
47,USA,0.001868,0.004564,0.009923,0.027077,0.016752,0.023598
47,East Asia,0.0101,0.011458,0.00353,0.001477,0.00392,0.005328
47,Southeast Asia,0.0,0.0,0.0,0.011178,0.117144,0.303585
47,Latin America,0.002595,0.008286,0.008816,0.02307,0.065736,0.130735
47,Africa & Middle East,6.6e-05,0.000456,0.002702,0.02094,0.029927,0.051786
47,China,0.021539,0.020524,0.00784,0.001044,0.004146,0.005494
47,India,6.7e-05,0.000383,0.000205,0.014665,0.062865,0.118817
47,North Pacific,0.030691,0.048872,0.053658,0.050376,0.008594,0.00468
47,Arctic,0.108738,0.074357,0.030189,0.007045,0.000111,0.0
47,Reykjavik FIR,0.051084,0.026537,0.011518,0.001211,0.0,0.0
47,Brussels FIR,0.004387,0.080835,0.074704,0.119001,0.011725,0.0
47,Langen FIR,0.009234,0.068002,0.073462,0.099519,0.014946,9e-06
47,Munchen FIR,0.024774,0.058246,0.061883,0.065189,0.008696,1e-05
47,Bremen FIR,0.011282,0.050193,0.072957,0.091361,0.003016,0.0
47,Tallinn FIR,0.108102,0.073153,0.019113,0.00275,0.0,0.0
47,Helsinki FIR,0.098581,0.050597,0.01831,0.003937,3.4e-05,0.0
47,Shanwick FIR,0.005843,0.025124,0.080078,0.145455,0.039549,0.018858
47,Scottish FIR,0.00681,0.023527,0.052277,0.04703,0.001562,0.0
47,London FIR,0.007262,0.070682,0.123362,0.108551,0.000952,0.0
47,Amsterdam FIR,0.008321,0.053583,0.083008,0.129934,0.002916,0.0
47,Shannon FIR,0.01098,0.07111,0.100356,0.042455,0.000236,0.0
47,Copenhagen FIR,0.015264,0.016267,0.069672,0.07573,6e-06,0.0
47,Bodo Oceanic FIR,0.187121,0.111429,0.03765,0.004117,0.000244,0.0
47,Polaris FIR,0.226684,0.102302,0.05536,0.024699,0.000171,0.0
47,Warszawa FIR,0.017232,0.070618,0.054502,0.016981,0.000698,0.0
47,Sweden FIR,0.153939,0.060863,0.043575,0.028269,8.9e-05,0.0
47,Riga FIR,0.106889,0.091814,0.035184,0.007836,1.8e-05,0.0
47,Vilnius FIR,0.023152,0.081251,0.045456,0.005919,0.0,0.0
47,Canarias FIR,1e-06,0.000348,0.004047,0.009832,0.002005,0.002686
47,Tirana FIR,0.006275,0.009447,0.013707,0.006264,0.0,0.0
47,Sofia FIR,0.017232,0.049406,0.081392,0.039574,6.3e-05,0.0
47,Nicosia FIR,0.000298,0.000911,0.000961,5.2e-05,0.0,0.0
47,Zagreb FIR,0.016303,0.078066,0.080143,0.023241,0.000161,0.0
47,Barcelona FIR,0.000298,0.013984,0.028309,0.049065,0.000456,0.0
47,Madrid FIR,0.000167,0.013754,0.054057,0.114683,0.01558,0.001642
47,Bordeaux FIR,0.003109,0.040677,0.095855,0.181882,0.022065,0.00204
47,Reims FIR,0.005544,0.060401,0.110526,0.133001,0.020535,0.0
47,Paris FIR,0.004621,0.077004,0.111539,0.131716,0.025616,0.000454
47,Marseille FIR,0.003386,0.026837,0.057875,0.093585,0.002142,3.1e-05
47,Brest FIR,0.003172,0.060698,0.131315,0.237744,0.040386,0.003754
47,Athinai FIR,0.001345,0.00454,0.011661,0.010596,1.7e-05,0.0
47,Budapest FIR,0.018129,0.07006,0.057932,0.013415,0.0,0.0
47,Brindisi FIR,0.005361,0.020632,0.021264,0.005629,1.4e-05,0.0
47,Milano FIR,0.013163,0.09487,0.113115,0.07666,0.002356,0.000136
47,Roma FIR,0.000753,0.010288,0.024115,0.026499,1.9e-05,0.0
47,Ljubljana FIR,0.027872,0.109116,0.094759,0.031683,5.8e-05,0.0
47,Praha FIR,0.02858,0.039142,0.052682,0.045676,0.002111,0.0
47,Malta FIR,0.0,0.00357,0.007165,0.011872,1.3e-05,0.0
47,Wien FIR,0.022248,0.067466,0.065913,0.03559,0.000972,0.0
47,Lisboa FIR,3.8e-05,0.0079,0.05513,0.110317,0.014806,0.015847
47,Santa Maria FIR,9.8e-05,0.003036,0.0404,0.107025,0.058448,0.06059
47,Sarajevo FIR,0.017149,0.070299,0.09418,0.023152,0.0,0.0
47,Bucarest FIR,0.026505,0.102615,0.124626,0.050704,0.000384,0.0
47,Switzerland FIR,0.012386,0.080876,0.117975,0.105624,0.009974,0.001412
47,Ankara FIR,0.004295,0.018444,0.025224,0.021355,8.3e-05,0.0
47,Istanbul FIR,0.003668,0.010234,0.035047,0.035836,0.000252,0.0
47,Chisinau FIR,0.053363,0.130146,0.173396,0.080039,0.00271,0.0
47,Skopje FIR,0.004874,0.016289,0.033558,0.010952,0.0,0.0
47,Beograd FIR,0.016448,0.072105,0.075909,0.011175,0.0,0.0
47,Bratislava  FIR,0.012424,0.042296,0.039083,0.013331,0.000211,0.0
47,Yerevan FIR,0.015989,0.034205,0.02263,0.010967,0.0,0.0
47,Tibilisi FIR,0.02192,0.062654,0.069272,0.038464,0.000846,0.0
47,Kiev FIR,0.02872,0.107203,0.160584,0.076096,0.000999,0.0
47,Dnipro FIR,0.020582,0.105604,0.23186,0.238136,0.010026,0.0
47,Simferopol FIR,0.033182,0.06951,0.120669,0.113767,0.002056,0.0
47,Lvov FIR,0.032738,0.091092,0.074035,0.002791,0.0,0.0
47,Odessa FIR,0.056791,0.100591,0.185965,0.144177,0.006321,0.0
48,European Airspace,0.019745,0.049373,0.05259,0.040916,0.001588,4.2e-05
48,North Atlantic,0.039878,0.08194,0.077532,0.049138,0.001243,4.7e-05
48,Continental Europe,0.009002,0.04397,0.064002,0.07506,0.002801,0.0
48,Global,0.019447,0.024945,0.020375,0.02218,0.028031,0.052025
48,USA,0.010312,0.010714,0.018565,0.043126,0.009297,0.006877
48,East Asia,0.003445,0.006307,0.006133,0.001369,0.010417,0.02269
48,Southeast Asia,0.0,0.0,0.0,0.012958,0.125867,0.312596
48,Latin America,0.004079,0.003929,0.002377,0.011511,0.048205,0.094941
48,Africa & Middle East,0.000214,0.002366,0.00439,0.018024,0.026687,0.03977
48,China,0.008778,0.01708,0.011471,0.002969,0.011518,0.016529
48,India,9e-06,5.9e-05,8.4e-05,0.017055,0.091809,0.163827
48,North Pacific,0.04274,0.070723,0.056976,0.030093,0.001301,0.000104
48,Arctic,0.129926,0.078064,0.032176,0.002742,6.6e-05,0.0
48,Reykjavik FIR,0.074653,0.102515,0.061056,0.00647,3.4e-05,0.0
48,Brussels FIR,0.009356,0.05168,0.064383,0.064943,0.005984,0.0
48,Langen FIR,0.010359,0.048258,0.035503,0.024613,0.001018,0.0
48,Munchen FIR,0.00514,0.042846,0.024787,0.013403,0.002565,0.0
48,Bremen FIR,0.008835,0.065401,0.067775,0.068781,0.001533,0.0
48,Tallinn FIR,0.019373,0.116363,0.171129,0.250689,0.021885,0.0
48,Helsinki FIR,0.041934,0.091725,0.118603,0.113847,0.004515,0.0
48,Shanwick FIR,0.025504,0.060554,0.082059,0.059866,0.001297,0.0
48,Scottish FIR,0.021147,0.047897,0.102997,0.113961,0.000968,0.0
48,London FIR,0.009555,0.071439,0.097669,0.109779,0.004615,0.0
48,Amsterdam FIR,0.011522,0.066048,0.094485,0.093487,0.005315,0.0
48,Shannon FIR,0.017988,0.047608,0.119483,0.148877,0.001596,0.0
48,Copenhagen FIR,0.016392,0.079392,0.102934,0.107632,0.00284,0.0
48,Bodo Oceanic FIR,0.106259,0.054748,0.024195,0.000901,2e-06,0.0
48,Polaris FIR,0.046595,0.084618,0.086638,0.04033,0.00058,0.0
48,Warszawa FIR,0.011073,0.038955,0.02798,0.035199,0.003398,0.0
48,Sweden FIR,0.029469,0.088544,0.110866,0.108075,0.00455,0.0
48,Riga FIR,0.023404,0.089235,0.129917,0.191003,0.013746,0.0
48,Vilnius FIR,0.022784,0.096982,0.079289,0.12468,0.009034,0.0
48,Canarias FIR,5.4e-05,0.00413,0.025221,0.064684,0.004872,3e-05
48,Tirana FIR,0.002955,0.018654,0.011482,0.0,0.0,0.0
48,Sofia FIR,0.024742,0.080935,0.055776,0.001308,0.0,0.0
48,Nicosia FIR,0.0,3.8e-05,0.000262,0.0,0.0,0.0
48,Zagreb FIR,0.006128,0.027604,0.031898,0.016405,0.0,0.0
48,Barcelona FIR,0.001089,0.03235,0.061799,0.088203,0.005706,0.0
48,Madrid FIR,0.007814,0.062524,0.095693,0.120098,0.00329,0.0
48,Bordeaux FIR,0.010688,0.033812,0.044474,0.046622,0.003612,0.0
48,Reims FIR,0.017031,0.052549,0.034672,0.020147,0.000724,0.0
48,Paris FIR,0.021581,0.071193,0.07411,0.062006,0.001846,0.0
48,Marseille FIR,0.00052,0.021724,0.045121,0.063559,0.001639,0.0
48,Brest FIR,0.016955,0.053471,0.063508,0.083619,0.006331,0.0
48,Athinai FIR,0.002805,0.012749,0.007092,0.0,0.0,0.0
48,Budapest FIR,0.006109,0.038964,0.048336,0.024748,0.002092,0.0
48,Brindisi FIR,0.001901,0.025062,0.016362,0.000519,0.0,0.0
48,Milano FIR,0.001111,0.014725,0.037509,0.048693,0.000119,0.0
48,Roma FIR,0.000919,0.008475,0.007223,0.002851,9.5e-05,0.0
48,Ljubljana FIR,0.007311,0.005462,0.019117,0.019257,0.0,0.0
48,Praha FIR,0.005901,0.017616,0.012204,0.020796,0.005204,0.0
48,Malta FIR,0.000191,0.015842,0.004758,0.0,0.0,0.0
48,Wien FIR,0.005782,0.018939,0.020089,0.012739,0.002472,0.0
48,Lisboa FIR,0.006172,0.059838,0.104089,0.139773,0.006214,0.0
48,Santa Maria FIR,0.002928,0.022308,0.036601,0.056987,0.040398,0.047358
48,Sarajevo FIR,0.007441,0.04089,0.039795,0.006427,0.0,0.0
48,Bucarest FIR,0.025321,0.095796,0.086779,0.029816,0.000397,0.0
48,Switzerland FIR,0.001507,0.028259,0.041952,0.006184,0.000699,0.0
48,Ankara FIR,0.005483,0.01436,0.004596,0.0,0.0,0.0
48,Istanbul FIR,0.009619,0.037219,0.026261,0.0,0.0,0.0
48,Chisinau FIR,0.034069,0.077669,0.050733,0.0,0.0,0.0
48,Skopje FIR,0.007088,0.02715,0.011131,0.0,0.0,0.0
48,Beograd FIR,0.007556,0.063336,0.042914,0.014546,0.0,0.0
48,Bratislava  FIR,0.006814,0.032395,0.031372,0.03156,0.003667,0.0
48,Yerevan FIR,0.02168,0.035348,0.001815,0.0,0.0,0.0
48,Tibilisi FIR,0.025989,0.022363,0.005319,0.0,0.0,0.0
48,Kiev FIR,0.020267,0.081112,0.044609,0.004988,0.0,0.0
48,Dnipro FIR,0.037123,0.089145,0.049693,8.8e-05,0.0,0.0
48,Simferopol FIR,0.043132,0.050816,0.025935,0.0,0.0,0.0
48,Lvov FIR,0.011808,0.049335,0.029978,0.016864,0.001134,0.0
48,Odessa FIR,0.039158,0.058395,0.04279,2.5e-05,0.0,0.0
49,European Airspace,0.052564,0.076867,0.053762,0.040239,0.008956,0.006469
49,North Atlantic,0.026547,0.032085,0.048632,0.076882,0.006018,0.001212
49,Continental Europe,0.027041,0.05895,0.036877,0.01931,0.002154,0.000526
49,Global,0.021908,0.022016,0.018391,0.028494,0.032032,0.057719
49,USA,0.00502,0.007029,0.01282,0.031805,0.008144,0.007187
49,East Asia,0.004005,0.00138,8.4e-05,0.000297,0.007867,0.015229
49,Southeast Asia,0.0,0.0,0.0,0.017026,0.150861,0.362133
49,Latin America,0.001049,0.003548,0.003119,0.013529,0.054146,0.109252
49,Africa & Middle East,0.001541,0.002237,0.004742,0.038932,0.050919,0.06935
49,China,0.026023,0.010384,0.002473,0.000371,0.002878,0.005903
49,India,0.000208,0.000107,1e-05,0.011374,0.053351,0.098091
49,North Pacific,0.063595,0.061864,0.04341,0.02945,0.002159,0.000494
49,Arctic,0.189813,0.126786,0.050675,0.002717,0.000135,0.0
49,Reykjavik FIR,0.1507,0.142286,0.077056,0.037083,0.001497,0.0
49,Brussels FIR,0.028029,0.034001,0.038126,0.006985,0.0,0.0
49,Langen FIR,0.024939,0.040673,0.020796,0.000298,0.0,0.0
49,Munchen FIR,0.032894,0.074062,0.03157,0.000194,0.0,0.0
49,Bremen FIR,0.027695,0.070548,0.035656,0.001202,0.0,0.0
49,Tallinn FIR,0.077327,0.149062,0.093604,0.000108,0.0,0.0
49,Helsinki FIR,0.093622,0.16492,0.098867,0.013361,0.000102,0.0
49,Shanwick FIR,0.018243,0.044356,0.069731,0.128317,0.008224,0.000145
49,Scottish FIR,0.060372,0.093021,0.033734,2.5e-05,0.0,0.0
49,London FIR,0.017725,0.037351,0.030502,0.010793,4e-05,0.0
49,Amsterdam FIR,0.027568,0.043163,0.016697,0.000737,0.0,0.0
49,Shannon FIR,0.016233,0.032194,0.041418,0.019222,0.0,0.0
49,Copenhagen FIR,0.041665,0.112918,0.042639,6.5e-05,0.0,0.0
49,Bodo Oceanic FIR,0.269521,0.200268,0.091892,0.003113,4e-06,0.0
49,Polaris FIR,0.155583,0.204427,0.09426,0.000154,0.0,0.0
49,Warszawa FIR,0.067681,0.134,0.067661,0.001334,0.0,0.0
49,Sweden FIR,0.120696,0.192999,0.114208,0.000233,0.0,0.0
49,Riga FIR,0.078769,0.190241,0.123622,0.004772,0.0,0.0
49,Vilnius FIR,0.11031,0.238048,0.147251,0.003925,0.0,0.0
49,Canarias FIR,0.000209,0.001855,0.015828,0.06105,0.019602,0.014201
49,Tirana FIR,0.025513,0.08914,0.053067,0.0,0.0,0.0
49,Sofia FIR,0.112694,0.118979,0.039295,0.0,0.0,0.0
49,Nicosia FIR,0.01169,0.005778,0.007367,0.025872,3.8e-05,0.0
49,Zagreb FIR,0.035018,0.099776,0.031765,0.0,0.0,0.0
49,Barcelona FIR,0.012056,0.041726,0.032357,0.028477,0.000685,0.000109
49,Madrid FIR,0.004715,0.014978,0.031768,0.057429,0.012537,0.004042
49,Bordeaux FIR,0.016815,0.052157,0.038789,0.040497,0.003493,0.001517
49,Reims FIR,0.030924,0.038853,0.022644,0.003077,0.0,0.0
49,Paris FIR,0.01618,0.020347,0.024762,0.013554,0.0,0.0
49,Marseille FIR,0.022195,0.042078,0.033828,0.02198,0.000165,0.0
49,Brest FIR,0.006716,0.036868,0.043721,0.059716,0.008215,0.001968
49,Athinai FIR,0.042801,0.040558,0.022841,3.5e-05,0.0,0.0
49,Budapest FIR,0.038838,0.087738,0.022492,0.0,0.0,0.0
49,Brindisi FIR,0.032009,0.078755,0.037964,0.0,0.0,0.0
49,Milano FIR,0.043466,0.041511,0.014518,0.000248,1.3e-05,0.0
49,Roma FIR,0.020925,0.052839,0.027415,0.003687,0.0,0.0
49,Ljubljana FIR,0.040793,0.069337,0.023791,0.0,0.0,0.0
49,Praha FIR,0.038816,0.108687,0.035899,1.2e-05,0.0,0.0
49,Malta FIR,0.02853,0.05097,0.021244,0.0,0.0,0.0
49,Wien FIR,0.054054,0.10893,0.03139,0.0,0.0,0.0
49,Lisboa FIR,0.001252,0.007136,0.035372,0.079595,0.006312,0.001144
49,Santa Maria FIR,7.5e-05,0.014307,0.041917,0.082687,0.00957,0.004969
49,Sarajevo FIR,0.045465,0.127167,0.035358,0.0,0.0,0.0
49,Bucarest FIR,0.119248,0.184475,0.071946,0.0,0.0,0.0
49,Switzerland FIR,0.030498,0.047523,0.016473,0.000314,0.0,0.0
49,Ankara FIR,0.043914,0.046204,0.015492,0.002464,0.0,0.0
49,Istanbul FIR,0.082085,0.083494,0.033739,0.0,0.0,0.0
49,Chisinau FIR,0.132533,0.155187,0.094313,0.0,0.0,0.0
49,Skopje FIR,0.047836,0.069799,0.02726,0.0,0.0,0.0
49,Beograd FIR,0.040083,0.128031,0.056682,0.0,0.0,0.0
49,Bratislava  FIR,0.068717,0.111035,0.026412,0.0,0.0,0.0
49,Yerevan FIR,0.041583,0.016818,0.001241,0.0,0.0,0.0
49,Tibilisi FIR,0.054307,0.036067,0.000125,0.0,0.0,0.0
49,Kiev FIR,0.129266,0.271217,0.19432,0.0,0.0,0.0
49,Dnipro FIR,0.099418,0.168543,0.13427,4.6e-05,0.0,0.0
49,Simferopol FIR,0.12028,0.150135,0.057298,0.0,0.0,0.0
49,Lvov FIR,0.139597,0.282382,0.143269,0.0,0.0,0.0
49,Odessa FIR,0.134705,0.177427,0.078502,0.0,0.0,0.0
50,European Airspace,0.024037,0.040647,0.049461,0.068676,0.009417,0.004314
50,North Atlantic,0.02103,0.045746,0.09743,0.145104,0.02853,0.008688
50,Continental Europe,0.026042,0.025533,0.023908,0.033818,0.003273,0.001592
50,Global,0.020678,0.024078,0.020149,0.028667,0.031403,0.053797
50,USA,0.002741,0.017569,0.035538,0.053164,0.005912,0.005113
50,East Asia,0.005045,0.003056,0.000668,0.001282,0.019025,0.033685
50,Southeast Asia,0.0,0.0,0.0,0.02184,0.152677,0.351893
50,Latin America,0.002301,0.007137,0.008086,0.025058,0.059522,0.105864
50,Africa & Middle East,0.000594,0.002051,0.006428,0.041091,0.048125,0.060192
50,China,0.017634,0.015201,0.004964,0.000688,0.010303,0.015888
50,India,9.9e-05,2.6e-05,0.000116,0.018365,0.058767,0.08496
50,North Pacific,0.053243,0.068258,0.0561,0.040951,0.005792,0.001692
50,Arctic,0.162703,0.139584,0.072986,0.013515,0.001187,0.0
50,Reykjavik FIR,0.03103,0.080983,0.120437,0.127717,0.007696,0.003566
50,Brussels FIR,0.036115,0.038095,0.022653,0.001585,0.0,0.0
50,Langen FIR,0.078594,0.044641,0.011876,0.00233,0.0,0.0
50,Munchen FIR,0.095733,0.043842,0.004633,0.000129,0.0,0.0
50,Bremen FIR,0.038615,0.06664,0.048943,0.027252,8.7e-05,0.0
50,Tallinn FIR,0.044338,0.063708,0.027578,0.013339,0.00072,0.0
50,Helsinki FIR,0.06845,0.052653,0.026679,0.017959,8.1e-05,0.0
50,Shanwick FIR,0.007107,0.059435,0.161028,0.249008,0.049018,0.009977
50,Scottish FIR,0.014851,0.061323,0.136674,0.253339,0.029636,0.015577
50,London FIR,0.023664,0.043866,0.029505,0.030819,0.002112,0.001206
50,Amsterdam FIR,0.025906,0.05523,0.050017,0.029693,2e-05,4.9e-05
50,Shannon FIR,0.010789,0.038453,0.045834,0.084895,0.021193,0.023468
50,Copenhagen FIR,0.017155,0.058525,0.062967,0.089965,0.003477,5.8e-05
50,Bodo Oceanic FIR,0.139726,0.112262,0.089919,0.030913,0.004302,5e-06
50,Polaris FIR,0.036786,0.062814,0.07292,0.070614,0.001711,2e-06
50,Warszawa FIR,0.036568,0.055525,0.014087,0.003904,6.9e-05,0.0
50,Sweden FIR,0.053801,0.04968,0.029147,0.018981,0.000325,0.0
50,Riga FIR,0.034114,0.039593,0.026434,0.004242,0.0,0.0
50,Vilnius FIR,0.056677,0.063628,0.033146,0.003082,0.0,0.0
50,Canarias FIR,5e-06,0.002274,0.034842,0.108946,0.029083,0.017723
50,Tirana FIR,0.014319,0.007709,0.003441,0.0,0.0,0.0
50,Sofia FIR,0.033996,0.049548,0.019672,0.0,0.0,0.0
50,Nicosia FIR,2.2e-05,0.04796,0.075851,0.05116,3.8e-05,0.0
50,Zagreb FIR,0.051452,0.017816,0.004518,0.0,0.0,0.0
50,Barcelona FIR,0.005382,0.002986,0.000778,0.0,0.0,0.0
50,Madrid FIR,0.016685,0.003416,0.003335,0.004621,7.2e-05,0.0
50,Bordeaux FIR,0.027776,0.001569,0.0,0.0,0.0,0.0
50,Reims FIR,0.100509,0.038636,0.001951,0.0,0.0,0.0
50,Paris FIR,0.065427,0.036091,0.007614,3e-05,0.0,0.0
50,Marseille FIR,0.016893,0.002237,0.0,0.0,0.0,0.0
50,Brest FIR,0.024401,0.008803,0.001309,0.0,0.0,0.0
50,Athinai FIR,0.007935,0.032487,0.031782,0.011192,0.0,0.0
50,Budapest FIR,0.078486,0.058548,0.017992,0.002487,0.000718,0.0
50,Brindisi FIR,0.010634,0.013256,0.00507,0.0,0.0,0.0
50,Milano FIR,0.024668,0.00543,0.000201,0.0,0.0,0.0
50,Roma FIR,0.006168,0.014995,0.005036,0.00019,0.0,0.0
50,Ljubljana FIR,0.059223,0.024615,0.003154,0.0,0.0,0.0
50,Praha FIR,0.076198,0.048412,0.001364,6.3e-05,0.0,0.0
50,Malta FIR,0.000353,0.019996,0.022725,0.002726,0.0,0.0
50,Wien FIR,0.1006,0.036086,6.2e-05,0.0,0.0,0.0
50,Lisboa FIR,0.017732,0.011822,0.016107,0.027622,0.000343,1.4e-05
50,Santa Maria FIR,0.006736,0.015715,0.029761,0.050031,0.001313,2.7e-05
50,Sarajevo FIR,0.086075,0.017233,0.006823,0.0,0.0,0.0
50,Bucarest FIR,0.039711,0.053804,0.025909,0.000653,0.000535,0.0
50,Switzerland FIR,0.093185,0.029581,2.4e-05,0.0,0.0,0.0
50,Ankara FIR,0.011225,0.061625,0.048622,0.004715,0.0,0.0
50,Istanbul FIR,0.016105,0.053488,0.030126,0.000477,0.0,0.0
50,Chisinau FIR,0.056274,0.080339,0.040377,0.002673,0.00113,0.0
50,Skopje FIR,0.012998,0.008885,0.002302,0.0,0.0,0.0
50,Beograd FIR,0.040261,0.018114,0.008615,0.0,0.0,0.0
50,Bratislava  FIR,0.068685,0.060144,0.007745,0.001536,0.000364,0.0
50,Yerevan FIR,0.018289,0.049981,0.04288,7.8e-05,0.0,0.0
50,Tibilisi FIR,0.011273,0.039514,0.034508,0.000156,0.0,0.0
50,Kiev FIR,0.061616,0.115301,0.06931,0.026348,0.001199,0.0
50,Dnipro FIR,0.110758,0.146161,0.059947,0.025307,0.000384,0.0
50,Simferopol FIR,0.067204,0.074404,0.042425,0.001773,5e-06,0.0
50,Lvov FIR,0.049273,0.071504,0.031158,0.004386,0.000474,0.0
50,Odessa FIR,0.040696,0.073072,0.044558,0.004457,0.00025,0.0
51,European Airspace,0.041574,0.05602,0.052861,0.05177,0.007411,0.003761
51,North Atlantic,0.027563,0.070171,0.095934,0.104176,0.013069,0.006814
51,Continental Europe,0.026428,0.047818,0.059103,0.072521,0.003626,5e-05
51,Global,0.018861,0.023884,0.021304,0.027791,0.029356,0.053193
51,USA,0.003796,0.017123,0.030156,0.036062,0.001103,6e-06
51,East Asia,0.004134,0.007037,0.003446,0.0018,0.014687,0.023386
51,Southeast Asia,0.0,0.0,0.0,0.017921,0.143227,0.319757
51,Latin America,0.001178,0.004432,0.00983,0.029046,0.057452,0.105817
51,Africa & Middle East,0.000225,0.000857,0.003262,0.028037,0.040905,0.055483
51,China,0.01536,0.028144,0.015726,0.004679,0.010783,0.013337
51,India,0.000104,0.000212,7.8e-05,0.010863,0.056512,0.108718
51,North Pacific,0.047775,0.074719,0.062827,0.042064,0.003389,0.001282
51,Arctic,0.190124,0.146487,0.081416,0.014045,0.002031,0.0
51,Reykjavik FIR,0.197083,0.114478,0.047872,0.013019,0.0004,0.0
51,Brussels FIR,0.035475,0.061431,0.067912,0.089212,0.00089,0.0
51,Langen FIR,0.048131,0.072078,0.086592,0.096989,0.001206,0.0
51,Munchen FIR,0.046188,0.067795,0.093369,0.082089,0.001124,0.0
51,Bremen FIR,0.059874,0.124094,0.121155,0.107315,0.002256,0.0
51,Tallinn FIR,0.072908,0.140704,0.080919,0.032314,0.002266,0.0
51,Helsinki FIR,0.088392,0.113086,0.068182,0.02676,0.001054,0.0
51,Shanwick FIR,0.016828,0.0828,0.123084,0.115137,0.016587,0.010518
51,Scottish FIR,0.068421,0.085047,0.077545,0.080101,0.005187,9e-05
51,London FIR,0.045467,0.078128,0.079019,0.065658,0.001348,0.000115
51,Amsterdam FIR,0.051687,0.117432,0.109038,0.07783,0.002493,0.000158
51,Shannon FIR,0.033471,0.087143,0.099039,0.087808,0.000328,0.0
51,Copenhagen FIR,0.068978,0.105311,0.076017,0.100511,0.005978,0.0
51,Bodo Oceanic FIR,0.321235,0.211967,0.127137,0.010039,0.000706,0.0
51,Polaris FIR,0.098079,0.064119,0.046215,0.035697,0.001492,0.0
51,Warszawa FIR,0.06476,0.134393,0.144308,0.118265,0.005737,0.0
51,Sweden FIR,0.081373,0.077628,0.063108,0.043802,0.001639,0.0
51,Riga FIR,0.084288,0.172505,0.116961,0.053043,0.001463,0.0
51,Vilnius FIR,0.076521,0.17154,0.13984,0.092193,0.000905,0.0
51,Canarias FIR,0.0,0.002283,0.018024,0.052118,0.005158,0.001562
51,Tirana FIR,0.010931,0.046057,0.034025,0.007454,0.0,0.0
51,Sofia FIR,0.018174,0.046446,0.02573,0.000845,0.0,0.0
51,Nicosia FIR,0.000619,0.020087,0.020205,8.1e-05,0.0,0.0
51,Zagreb FIR,0.01191,0.048875,0.045288,0.045914,0.000313,0.0
51,Barcelona FIR,8.8e-05,0.005133,0.016231,0.040033,0.005111,0.0
51,Madrid FIR,0.000194,0.012036,0.037876,0.075254,0.007152,0.000345
51,Bordeaux FIR,0.001669,0.02642,0.066045,0.123343,0.012273,0.0
51,Reims FIR,0.016496,0.038872,0.087807,0.12196,0.00375,0.0
51,Paris FIR,0.019221,0.043565,0.077552,0.122359,0.006067,0.0
51,Marseille FIR,0.001587,0.013915,0.037796,0.06584,0.004279,0.0
51,Brest FIR,0.014872,0.05324,0.096266,0.124698,0.005219,0.0
51,Athinai FIR,0.002029,0.00978,0.004699,0.000197,0.0,0.0
51,Budapest FIR,0.036801,0.055175,0.058245,0.054074,0.000352,0.0
51,Brindisi FIR,0.009428,0.030525,0.014176,0.008744,0.000548,0.0
51,Milano FIR,0.015246,0.031378,0.051094,0.065145,0.003461,0.0
51,Roma FIR,0.006694,0.012296,0.011082,0.01482,0.000332,0.0
51,Ljubljana FIR,0.036502,0.033843,0.044748,0.05619,0.000464,0.0
51,Praha FIR,0.038967,0.071717,0.082974,0.06404,0.001652,0.0
51,Malta FIR,5e-05,1.3e-05,0.0,0.0,0.0,0.0
51,Wien FIR,0.03773,0.046598,0.057775,0.062319,0.001854,0.0
51,Lisboa FIR,0.000767,0.009836,0.045211,0.117604,0.005232,2.8e-05
51,Santa Maria FIR,0.000684,0.019005,0.061287,0.116722,0.006583,0.000711
51,Sarajevo FIR,0.008029,0.06514,0.054565,0.048756,0.0,0.0
51,Bucarest FIR,0.047533,0.071359,0.039811,0.018186,0.001079,0.0
51,Switzerland FIR,0.015871,0.018006,0.064579,0.103918,0.002867,0.0
51,Ankara FIR,0.011047,0.015132,0.00468,7.5e-05,0.0,0.0
51,Istanbul FIR,0.009532,0.014288,0.002855,0.0,0.0,0.0
51,Chisinau FIR,0.044682,0.090604,0.069656,0.049922,0.004522,0.0
51,Skopje FIR,0.009819,0.057193,0.042714,0.007103,0.0,0.0
51,Beograd FIR,0.032744,0.069144,0.059198,0.030044,0.0,0.0
51,Bratislava  FIR,0.047198,0.064961,0.067785,0.061523,0.000889,0.0
51,Yerevan FIR,0.013297,0.045893,0.04009,0.0,0.0,0.0
51,Tibilisi FIR,0.009774,0.021267,0.014266,0.0,0.0,0.0
51,Kiev FIR,0.031052,0.120386,0.138873,0.13131,0.010752,0.0
51,Dnipro FIR,0.04742,0.121238,0.070424,0.024756,0.001289,0.0
51,Simferopol FIR,0.039222,0.062482,0.030481,0.001517,0.0,0.0
51,Lvov FIR,0.040149,0.095159,0.111265,0.111226,0.007072,0.0
51,Odessa FIR,0.06249,0.095741,0.059881,0.017182,0.000329,0.0
52,European Airspace,0.043654,0.050751,0.039079,0.031222,0.004066,0.001114
52,North Atlantic,0.032231,0.079361,0.086625,0.071464,0.010251,0.002891
52,Continental Europe,0.018544,0.040033,0.039563,0.036842,0.004337,0.0001
52,Global,0.022084,0.024701,0.019058,0.022353,0.028992,0.05429
52,USA,0.002367,0.014614,0.038212,0.047121,0.00272,0.000611
52,East Asia,0.009761,0.003672,0.000639,0.001331,0.015063,0.026138
52,Southeast Asia,0.0,0.0,0.0,0.033919,0.159808,0.340521
52,Latin America,0.000917,0.006221,0.009875,0.030521,0.070844,0.144833
52,Africa & Middle East,0.001749,0.001061,0.002938,0.022557,0.035785,0.072217
52,China,0.018375,0.015044,0.005494,0.000217,0.002605,0.003862
52,India,3.5e-05,6.2e-05,1.6e-05,0.007133,0.017774,0.024831
52,North Pacific,0.060212,0.078811,0.061249,0.032022,0.00249,0.000568
52,Arctic,0.162351,0.131336,0.070399,0.011272,0.001412,0.0
52,Reykjavik FIR,0.044668,0.037375,0.028544,0.017885,0.000395,0.0
52,Brussels FIR,0.000109,0.04674,0.068352,0.05648,0.001906,0.0
52,Langen FIR,0.000132,0.028328,0.052117,0.03414,0.001311,0.0
52,Munchen FIR,0.000451,0.036061,0.03713,0.011239,0.000482,0.0
52,Bremen FIR,0.025522,0.095477,0.09779,0.071943,0.003015,0.0
52,Tallinn FIR,0.11205,0.097265,0.043721,0.035496,0.001958,0.0
52,Helsinki FIR,0.136467,0.118645,0.079637,0.037614,0.001223,0.0
52,Shanwick FIR,0.034557,0.100561,0.122784,0.145054,0.033294,0.012931
52,Scottish FIR,0.047512,0.122677,0.138608,0.150046,0.018542,0.000256
52,London FIR,0.018345,0.0544,0.058274,0.070218,0.011938,0.0
52,Amsterdam FIR,0.011355,0.09112,0.116398,0.107673,0.004415,0.0
52,Shannon FIR,0.040706,0.120285,0.127209,0.133288,0.026599,0.001672
52,Copenhagen FIR,0.057119,0.165679,0.168589,0.16729,0.022049,0.0
52,Bodo Oceanic FIR,0.168526,0.090769,0.038608,0.010481,0.002002,0.0
52,Polaris FIR,0.077342,0.080134,0.061059,0.044744,0.002355,0.0
52,Warszawa FIR,0.077525,0.11166,0.077888,0.031546,0.00088,0.0
52,Sweden FIR,0.102322,0.126327,0.094804,0.055012,0.003309,0.0
52,Riga FIR,0.140235,0.107842,0.04547,0.028587,0.000221,0.0
52,Vilnius FIR,0.135891,0.106858,0.053948,0.022332,0.000605,0.0
52,Canarias FIR,0.000482,0.005644,0.006982,0.001593,0.0,0.0
52,Tirana FIR,0.068295,0.011323,0.0,0.0,0.0,0.0
52,Sofia FIR,0.080828,0.091291,0.034582,0.0,0.0,0.0
52,Nicosia FIR,0.004902,0.002515,0.001151,0.0,0.0,0.0
52,Zagreb FIR,0.012642,0.004782,3.8e-05,0.0,0.0,0.0
52,Barcelona FIR,0.0,0.0,0.0,0.0,0.0,0.0
52,Madrid FIR,0.001396,0.002574,0.000966,0.000804,0.000102,0.0
52,Bordeaux FIR,0.0,0.000455,0.004957,0.009493,3.1e-05,0.0
52,Reims FIR,1.8e-05,0.007448,0.023049,0.01148,0.0,0.0
52,Paris FIR,8.2e-05,0.018854,0.032062,0.03365,0.001075,0.0
52,Marseille FIR,0.0,1.7e-05,0.000203,5.5e-05,0.0,0.0
52,Brest FIR,0.000163,0.001114,0.008396,0.028455,0.002395,0.0
52,Athinai FIR,0.044724,0.010857,0.001989,0.0,0.0,0.0
52,Budapest FIR,0.038927,0.044744,0.006114,0.0,0.0,0.0
52,Brindisi FIR,0.024897,0.002929,0.0,0.0,0.0,0.0
52,Milano FIR,0.000319,0.009047,0.003692,0.0,0.0,0.0
52,Roma FIR,0.00807,0.000637,0.0,0.0,0.0,0.0
52,Ljubljana FIR,0.03638,0.009791,0.002563,0.0,0.0,0.0
52,Praha FIR,0.01628,0.022774,0.01862,0.008883,4.9e-05,0.0
52,Malta FIR,0.005788,0.000355,0.0,0.0,0.0,0.0
52,Wien FIR,0.018992,0.021518,0.011459,0.0,0.0,0.0
52,Lisboa FIR,0.016177,0.016173,0.004023,7e-06,0.0,0.0
52,Santa Maria FIR,0.004605,0.031991,0.052875,0.052046,0.001342,0.000193
52,Sarajevo FIR,0.014425,0.004114,0.000312,6.7e-05,0.0,0.0
52,Bucarest FIR,0.062509,0.083126,0.050135,0.000487,0.0,0.0
52,Switzerland FIR,0.0,0.014928,0.017853,0.00031,0.0,0.0
52,Ankara FIR,0.109379,0.067031,0.01705,0.0,0.0,0.0
52,Istanbul FIR,0.106575,0.056885,0.011413,0.0,0.0,0.0
52,Chisinau FIR,0.09517,0.09478,0.046905,0.003265,0.0,0.0
52,Skopje FIR,0.044093,0.017875,0.002972,0.0,0.0,0.0
52,Beograd FIR,0.031148,0.026408,0.004355,0.0,0.0,0.0
52,Bratislava  FIR,0.061138,0.051174,0.015316,0.001735,0.0,0.0
52,Yerevan FIR,0.073787,0.09328,0.03473,0.0,0.0,0.0
52,Tibilisi FIR,0.08797,0.110844,0.035675,0.0,0.0,0.0
52,Kiev FIR,0.122866,0.122706,0.051613,0.008355,0.000119,0.0
52,Dnipro FIR,0.066976,0.060158,0.01576,0.001274,0.0,0.0
52,Simferopol FIR,0.136999,0.104927,0.033306,0.0,0.0,0.0
52,Lvov FIR,0.084757,0.115822,0.071483,0.003203,7.8e-05,0.0
52,Odessa FIR,0.060083,0.070568,0.028385,0.00038,0.0,0.0
