time_label,region,FL270-290,FL300-320,FL330-350,FL360-380,FL390-410,FL420-440
01-01 00,Global,0.0192,0.0235,0.0221,0.0211,0.0249,0.0227
01-01 00,Europe,0.0608,0.1813,0.2047,0.0683,0.0069,0.0
01-01 00,European Airspace,0.0498,0.0979,0.1059,0.0541,0.0189,0.0012
01-01 00,Africa Middle East,0.0013,0.0117,0.0164,0.0371,0.0511,0.0442
01-01 00,East Asia,0.0005,0.0006,0.0006,0.0002,0.0011,0.0009
01-01 00,Southeast Asia,0.0,0.0,0.0,0.0003,0.0088,0.0432
01-01 00,India,0.0,0.0,0.0,0.0019,0.0025,0.0049
01-01 00,China,0.0022,0.0011,0.001,0.0005,0.0004,0.0
01-01 00,Latin America,0.0011,0.0089,0.024,0.0337,0.0896,0.1174
01-01 00,USA,0.0267,0.037,0.0354,0.011,0.0001,0.0
01-01 00,North Atlantic,0.0491,0.0414,0.0399,0.0261,0.0004,0.0
01-01 00,North Pacific,0.0565,0.0401,0.0197,0.0013,0.0,0.0
01-01 00,Amsterdam FIR,0.2087,0.0,0.0,0.0,0.0,0.0
01-01 00,Athinai FIR,0.0281,0.1232,0.182,0.0207,0.0,0.0
01-01 00,Barcelona FIR,0.0094,0.3682,0.5969,0.1426,0.0,0.0
01-01 00,Beograd FIR,0.0084,0.1566,0.0965,0.0017,0.0,0.0
01-01 00,Bordeaux FIR,0.2208,0.599,0.4308,0.0278,0.0,0.0
01-01 00,Bratislava  FIR,0.0327,0.5142,0.6841,0.5809,0.4401,0.0
01-01 00,Bremen FIR,0.2224,0.0,0.0,0.0,0.0,0.0
01-01 00,Brest FIR,0.1525,0.2711,0.1519,0.0,0.0,0.0
01-01 00,Brindisi FIR,0.0398,0.1796,0.2246,0.0283,0.0,0.0
01-01 00,Brussels FIR,0.0225,0.0,0.0,0.0,0.0,0.0
01-01 00,Bucarest FIR,0.0,0.0138,0.0048,0.0,0.0,0.0
01-01 00,Budapest FIR,0.0351,0.3562,0.3008,0.0813,0.0829,0.0
01-01 00,Canarias FIR,0.0,0.0069,0.0734,0.1963,0.045,0.0021
01-01 00,Chisinau FIR,0.0,0.0,0.0,0.0,0.0,0.0
01-01 00,Copenhagen FIR,0.0743,0.008,0.003,0.0,0.0,0.0
01-01 00,Helsinki FIR,0.0,0.0,0.0,0.0,0.0,0.0
01-01 00,Langen FIR,0.1447,0.0,0.0,0.0,0.0,0.0
01-01 00,Lisboa FIR,0.0076,0.0093,0.0632,0.0154,0.0007,0.0
01-01 00,Ljubljana FIR,0.0388,0.2839,0.5385,0.1658,0.0,0.0
01-01 00,London FIR,0.0965,0.0947,0.0,0.0,0.0,0.0
01-01 00,Madrid FIR,0.011,0.2534,0.3246,0.1205,0.0037,0.0
01-01 00,Malta FIR,0.0,0.0011,0.0,0.0,0.0,0.0
01-01 00,Marseille FIR,0.0307,0.3002,0.463,0.0981,0.0,0.0
01-01 00,Milano FIR,0.0,0.0045,0.0611,0.0554,0.0,0.0
01-01 00,Munchen FIR,0.2264,0.0538,0.0,0.0,0.0,0.0
01-01 00,Paris FIR,0.0,0.0,0.0,0.0,0.0,0.0
01-01 00,Polaris FIR,0.0969,0.189,0.1392,0.052,0.0179,0.0
01-01 00,Praha FIR,0.0064,0.0705,0.4338,0.3919,0.0403,0.0
01-01 00,Reims FIR,0.0,0.0,0.0,0.0,0.0,0.0
01-01 00,Reykjavik FIR,0.3067,0.2992,0.1913,0.0874,0.0059,0.0
01-01 00,Riga FIR,0.1401,0.1732,0.16,0.0076,0.0,0.0
01-01 00,Roma FIR,0.0119,0.0303,0.0261,0.0184,0.0,0.0
01-01 00,Santa Maria FIR,0.0,0.0078,0.0696,0.068,0.0045,0.0
01-01 00,Sarajevo FIR,0.0558,0.5259,0.5272,0.1011,0.0,0.0
01-01 00,Scottish FIR,0.0134,0.0,0.0,0.0,0.0,0.0
01-01 00,Shannon FIR,0.2827,0.082,0.0,0.0,0.0,0.0
01-01 00,Skopje FIR,0.0,0.0,0.0,0.0,0.0,0.0
01-01 00,Sofia FIR,0.0,0.0161,0.0282,0.0,0.0,0.0
01-01 00,Sweden FIR,0.0624,0.2234,0.1825,0.0197,0.0,0.0
01-01 00,Switzerland FIR,0.0,0.0,0.0,0.0,0.0,0.0
01-01 00,Tallinn FIR,0.0,0.0125,0.0072,0.0,0.0,0.0
01-01 00,Tirana FIR,0.0,0.0,0.0,0.0,0.0,0.0
01-01 00,Vilnius FIR,0.6052,0.6555,0.4562,0.047,0.0,0.0
01-01 00,Warszawa FIR,0.03,0.4563,0.7323,0.4071,0.2036,0.0
01-01 00,Wien FIR,0.0226,0.1869,0.3771,0.2965,0.0061,0.0
01-01 00,Zagreb FIR,0.0581,0.4209,0.3618,0.024,0.0251,0.0
01-01 01,Global,0.0197,0.0239,0.022,0.0211,0.0242,0.0219
01-01 01,Europe,0.0688,0.1809,0.1857,0.0557,0.0042,0.0
01-01 01,European Airspace,0.051,0.0978,0.1034,0.0525,0.0162,0.0008
01-01 01,Africa Middle East,0.0013,0.0106,0.0155,0.0347,0.0395,0.0312
01-01 01,East Asia,0.0004,0.0007,0.0023,0.0005,0.0021,0.0016
01-01 01,Southeast Asia,0.0,0.0,0.0,0.0002,0.0095,0.0483
01-01 01,India,0.0,0.0,0.0,0.0,0.0,0.0059
01-01 01,China,0.0018,0.0018,0.0033,0.001,0.0005,0.0
01-01 01,Latin America,0.0011,0.0097,0.0255,0.0359,0.0911,0.1192
01-01 01,USA,0.0251,0.0362,0.0329,0.0114,0.0001,0.0
01-01 01,North Atlantic,0.0487,0.0406,0.039,0.0274,0.0008,0.0
01-01 01,North Pacific,0.058,0.0435,0.0226,0.0025,0.0,0.0
01-01 01,Amsterdam FIR,0.2404,0.0,0.0,0.0,0.0,0.0
01-01 01,Athinai FIR,0.0181,0.0818,0.1566,0.0016,0.0,0.0
01-01 01,Barcelona FIR,0.0419,0.3747,0.5564,0.1452,0.0008,0.0
01-01 01,Beograd FIR,0.0017,0.2127,0.1576,0.0051,0.0,0.0
01-01 01,Bordeaux FIR,0.272,0.643,0.405,0.0111,0.0,0.0
01-01 01,Bratislava  FIR,0.0324,0.7036,0.8779,0.7712,0.2893,0.0
01-01 01,Bremen FIR,0.2451,0.0134,0.0,0.0,0.0,0.0
01-01 01,Brest FIR,0.1345,0.2717,0.1048,0.0,0.0,0.0
01-01 01,Brindisi FIR,0.0749,0.198,0.1809,0.0111,0.0,0.0
01-01 01,Brussels FIR,0.018,0.0,0.0,0.0,0.0,0.0
01-01 01,Bucarest FIR,0.0,0.0091,0.0021,0.0,0.0,0.0
01-01 01,Budapest FIR,0.0538,0.4804,0.3798,0.1455,0.0258,0.0
01-01 01,Canarias FIR,0.0,0.0052,0.0718,0.1859,0.0392,0.0
01-01 01,Chisinau FIR,0.0,0.0,0.0,0.0,0.0,0.0
01-01 01,Copenhagen FIR,0.1308,0.002,0.0,0.0,0.0,0.0
01-01 01,Helsinki FIR,0.0,0.0,0.0002,0.0,0.0,0.0
01-01 01,Langen FIR,0.1111,0.0,0.0,0.0,0.0,0.0
01-01 01,Lisboa FIR,0.0003,0.0056,0.0448,0.0079,0.0003,0.0
01-01 01,Ljubljana FIR,0.0,0.0681,0.3026,0.0389,0.0,0.0
01-01 01,London FIR,0.0911,0.1073,0.0,0.0,0.0,0.0
01-01 01,Madrid FIR,0.0107,0.2052,0.2771,0.0999,0.0014,0.0
01-01 01,Malta FIR,0.0,0.0,0.0,0.0,0.0,0.0
01-01 01,Marseille FIR,0.0881,0.4445,0.5052,0.1119,0.0,0.0
01-01 01,Milano FIR,0.0,0.0171,0.0883,0.0463,0.0,0.0
01-01 01,Munchen FIR,0.1966,0.0414,0.0,0.0,0.0,0.0
01-01 01,Paris FIR,0.0,0.0,0.0,0.0,0.0,0.0
01-01 01,Polaris FIR,0.0948,0.1799,0.1294,0.0404,0.0119,0.0
01-01 01,Praha FIR,0.1145,0.278,0.2103,0.2142,0.0064,0.0
01-01 01,Reims FIR,0.0,0.0,0.0,0.0,0.0,0.0
01-01 01,Reykjavik FIR,0.2937,0.2796,0.1886,0.0869,0.0075,0.0
01-01 01,Riga FIR,0.214,0.3695,0.2885,0.0334,0.0,0.0
01-01 01,Roma FIR,0.0055,0.0194,0.1026,0.0382,0.0,0.0
01-01 01,Santa Maria FIR,0.0,0.0086,0.0616,0.0712,0.0058,0.0
01-01 01,Sarajevo FIR,0.0597,0.6169,0.4931,0.0521,0.0,0.0
01-01 01,Scottish FIR,0.0235,0.0,0.0,0.0,0.0,0.0
01-01 01,Shannon FIR,0.267,0.0686,0.0,0.0,0.0,0.0
01-01 01,Skopje FIR,0.0,0.0,0.0,0.0,0.0,0.0
01-01 01,Sofia FIR,0.0027,0.0349,0.0295,0.0,0.0,0.0
01-01 01,Sweden FIR,0.0651,0.2098,0.1513,0.0079,0.0,0.0
01-01 01,Switzerland FIR,0.0,0.0,0.0,0.0,0.0,0.0
01-01 01,Tallinn FIR,0.0,0.0377,0.0036,0.0,0.0,0.0
01-01 01,Tirana FIR,0.0,0.0,0.0,0.0,0.0,0.0
01-01 01,Vilnius FIR,0.6088,0.7145,0.5969,0.0626,0.0,0.0
01-01 01,Warszawa FIR,0.017,0.3684,0.6398,0.298,0.1283,0.0
01-01 01,Wien FIR,0.004,0.0943,0.2422,0.1287,0.0,0.0
01-01 01,Zagreb FIR,0.0435,0.3942,0.2952,0.0289,0.0047,0.0
01-01 02,Global,0.0202,0.024,0.0218,0.021,0.024,0.0206
01-01 02,Europe,0.073,0.171,0.1552,0.0336,0.0019,0.0
01-01 02,European Airspace,0.0511,0.0942,0.0969,0.0482,0.0138,0.0007
01-01 02,Africa Middle East,0.0011,0.008,0.0134,0.0275,0.024,0.0156
01-01 02,East Asia,0.0003,0.0016,0.0068,0.0007,0.0031,0.0027
01-01 02,Southeast Asia,0.0,0.0,0.0,0.0003,0.0116,0.049
01-01 02,India,0.0,0.0,0.0,0.0,0.0001,0.0072
01-01 02,China,0.0016,0.0049,0.0096,0.0016,0.0007,0.0
01-01 02,Latin America,0.0008,0.0108,0.0259,0.0368,0.0937,0.1164
01-01 02,USA,0.0259,0.0361,0.0308,0.0129,0.0001,0.0
01-01 02,North Atlantic,0.0508,0.0405,0.0393,0.0294,0.0011,0.0
01-01 02,North Pacific,0.0613,0.0459,0.0236,0.0037,0.0,0.0
01-01 02,Amsterdam FIR,0.2483,0.0,0.0,0.0,0.0,0.0
01-01 02,Athinai FIR,0.0132,0.0709,0.0998,0.0,0.0,0.0
01-01 02,Barcelona FIR,0.041,0.4137,0.5584,0.1255,0.0,0.0
01-01 02,Beograd FIR,0.0174,0.292,0.2208,0.0,0.0,0.0
01-01 02,Bordeaux FIR,0.2609,0.6654,0.3195,0.0034,0.0,0.0
01-01 02,Bratislava  FIR,0.0325,0.7244,0.9713,0.849,0.1317,0.0
01-01 02,Bremen FIR,0.2805,0.023,0.0,0.0,0.0,0.0
01-01 02,Brest FIR,0.1372,0.1949,0.0771,0.0,0.0,0.0
01-01 02,Brindisi FIR,0.0588,0.1799,0.1206,0.0012,0.0,0.0
01-01 02,Brussels FIR,0.0,0.0,0.0,0.0,0.0,0.0
01-01 02,Bucarest FIR,0.0007,0.0181,0.007,0.0,0.0,0.0
01-01 02,Budapest FIR,0.0463,0.5266,0.516,0.2419,0.031,0.0
01-01 02,Canarias FIR,0.0,0.0066,0.0644,0.182,0.0359,0.0
01-01 02,Chisinau FIR,0.0,0.0293,0.0049,0.0,0.0,0.0
01-01 02,Copenhagen FIR,0.1707,0.001,0.0,0.0,0.0,0.0
01-01 02,Helsinki FIR,0.0,0.0,0.0022,0.0,0.0,0.0
01-01 02,Langen FIR,0.0817,0.0,0.0,0.0,0.0,0.0
01-01 02,Lisboa FIR,0.0,0.0047,0.029,0.0076,0.001,0.0
01-01 02,Ljubljana FIR,0.0,0.0,0.0194,0.0,0.0,0.0
01-01 02,London FIR,0.1176,0.1136,0.0009,0.0,0.0,0.0
01-01 02,Madrid FIR,0.0094,0.1273,0.2443,0.0315,0.0,0.0
01-01 02,Malta FIR,0.0,0.0,0.0,0.0,0.0,0.0
01-01 02,Marseille FIR,0.1589,0.5318,0.4751,0.0762,0.0,0.0
01-01 02,Milano FIR,0.0,0.0392,0.0598,0.0328,0.0,0.0
01-01 02,Munchen FIR,0.1823,0.0159,0.0,0.0,0.0,0.0
01-01 02,Paris FIR,0.0,0.0219,0.0,0.0,0.0,0.0
01-01 02,Polaris FIR,0.0905,0.1765,0.1226,0.0324,0.0087,0.0
01-01 02,Praha FIR,0.2162,0.3448,0.1058,0.0659,0.0,0.0
01-01 02,Reims FIR,0.0,0.0,0.0,0.0,0.0,0.0
01-01 02,Reykjavik FIR,0.2735,0.2649,0.1949,0.0827,0.0082,0.0
01-01 02,Riga FIR,0.259,0.5106,0.3033,0.0,0.0,0.0
01-01 02,Roma FIR,0.0,0.0744,0.1702,0.0478,0.0,0.0
01-01 02,Santa Maria FIR,0.0,0.0099,0.0649,0.0757,0.0055,0.0
01-01 02,Sarajevo FIR,0.0412,0.5591,0.3623,0.0481,0.0,0.0
01-01 02,Scottish FIR,0.0333,0.0,0.0,0.0,0.0,0.0
01-01 02,Shannon FIR,0.2492,0.048,0.0,0.0,0.0,0.0
01-01 02,Skopje FIR,0.0,0.0,0.0,0.0,0.0,0.0
01-01 02,Sofia FIR,0.0188,0.0657,0.0268,0.0,0.0,0.0
01-01 02,Sweden FIR,0.051,0.1941,0.1063,0.0043,0.0,0.0
01-01 02,Switzerland FIR,0.0,0.0,0.0,0.0,0.0,0.0
01-01 02,Tallinn FIR,0.0,0.0681,0.0018,0.0,0.0,0.0
01-01 02,Tirana FIR,0.0,0.0207,0.0104,0.0,0.0,0.0
01-01 02,Vilnius FIR,0.5158,0.8512,0.7376,0.0517,0.0,0.0
01-01 02,Warszawa FIR,0.0088,0.3073,0.3733,0.183,0.0982,0.0
01-01 02,Wien FIR,0.0041,0.051,0.1336,0.0224,0.0,0.0
01-01 02,Zagreb FIR,0.013,0.2512,0.2195,0.0317,0.0,0.0
01-01 03,Global,0.0206,0.0238,0.0211,0.0215,0.024,0.0203
01-01 03,Europe,0.0726,0.1546,0.1201,0.0196,0.0002,0.0
01-01 03,European Airspace,0.0481,0.0868,0.0849,0.0484,0.0106,0.0007
01-01 03,Africa Middle East,0.0007,0.0051,0.01,0.0205,0.0114,0.0107
01-01 03,East Asia,0.0004,0.007,0.0106,0.0007,0.004,0.0037
01-01 03,Southeast Asia,0.0,0.0,0.0,0.0002,0.0119,0.0482
01-01 03,India,0.0,0.0,0.0,0.0,0.0001,0.0073
01-01 03,China,0.0042,0.0122,0.0138,0.0029,0.0011,0.0
01-01 03,Latin America,0.0003,0.0111,0.0256,0.0364,0.094,0.1103
01-01 03,USA,0.0281,0.0372,0.0284,0.0159,0.0018,0.0
01-01 03,North Atlantic,0.0528,0.0411,0.0392,0.032,0.0011,0.0
01-01 03,North Pacific,0.0643,0.0474,0.0224,0.0049,0.0,0.0
01-01 03,Amsterdam FIR,0.25,0.0,0.0,0.0,0.0,0.0
01-01 03,Athinai FIR,0.0066,0.0394,0.0247,0.0,0.0,0.0
01-01 03,Barcelona FIR,0.0121,0.4036,0.508,0.0258,0.0,0.0
01-01 03,Beograd FIR,0.0298,0.335,0.1559,0.0,0.0,0.0
01-01 03,Bordeaux FIR,0.1949,0.5625,0.3249,0.0,0.0,0.0
01-01 03,Bratislava  FIR,0.0359,0.6877,0.9141,0.8312,0.0107,0.0
01-01 03,Bremen FIR,0.3388,0.0183,0.0,0.0,0.0,0.0
01-01 03,Brest FIR,0.1549,0.1141,0.0234,0.0,0.0,0.0
01-01 03,Brindisi FIR,0.0464,0.1465,0.0587,0.0048,0.0,0.0
01-01 03,Brussels FIR,0.0,0.0,0.0,0.0,0.0,0.0
01-01 03,Bucarest FIR,0.0014,0.0482,0.0224,0.0,0.0,0.0
01-01 03,Budapest FIR,0.0351,0.4126,0.5321,0.2626,0.0128,0.0
01-01 03,Canarias FIR,0.0,0.0097,0.0689,0.1756,0.0211,0.0
01-01 03,Chisinau FIR,0.0,0.044,0.0,0.0,0.0,0.0
01-01 03,Copenhagen FIR,0.2095,0.0,0.0,0.0,0.0,0.0
01-01 03,Helsinki FIR,0.0,0.0009,0.0036,0.0,0.0,0.0
01-01 03,Langen FIR,0.0648,0.0,0.0,0.0,0.0,0.0
01-01 03,Lisboa FIR,0.0,0.0023,0.0065,0.0063,0.0003,0.0
01-01 03,Ljubljana FIR,0.0,0.0,0.0,0.0,0.0,0.0
01-01 03,London FIR,0.1599,0.1063,0.0,0.0,0.0,0.0
01-01 03,Madrid FIR,0.0069,0.0779,0.1805,0.0108,0.0,0.0
01-01 03,Malta FIR,0.0,0.0032,0.0021,0.0,0.0,0.0
01-01 03,Marseille FIR,0.1713,0.526,0.3661,0.0382,0.0,0.0
01-01 03,Milano FIR,0.057,0.1651,0.0928,0.0441,0.0,0.0
01-01 03,Munchen FIR,0.1894,0.0078,0.0,0.0,0.0,0.0
01-01 03,Paris FIR,0.0186,0.0692,0.0086,0.0,0.0,0.0
01-01 03,Polaris FIR,0.0799,0.1732,0.1098,0.0295,0.006,0.0
01-01 03,Praha FIR,0.2323,0.2053,0.0315,0.0064,0.0,0.0
01-01 03,Reims FIR,0.0,0.0,0.0,0.0,0.0,0.0
01-01 03,Reykjavik FIR,0.2544,0.2619,0.2012,0.0782,0.0076,0.0
01-01 03,Riga FIR,0.281,0.5577,0.1847,0.0,0.0,0.0
01-01 03,Roma FIR,0.0005,0.1464,0.196,0.0523,0.0,0.0
01-01 03,Santa Maria FIR,0.0,0.0104,0.0665,0.0801,0.0058,0.0
01-01 03,Sarajevo FIR,0.0223,0.2337,0.0743,0.0334,0.0,0.0
01-01 03,Scottish FIR,0.0286,0.0,0.0,0.0,0.0,0.0
01-01 03,Shannon FIR,0.1803,0.0329,0.0022,0.0,0.0,0.0
01-01 03,Skopje FIR,0.0,0.0,0.0,0.0,0.0,0.0
01-01 03,Sofia FIR,0.0349,0.0684,0.0201,0.0,0.0,0.0
01-01 03,Sweden FIR,0.0365,0.1768,0.0757,0.0,0.0,0.0
01-01 03,Switzerland FIR,0.0,0.0,0.0,0.0,0.0,0.0
01-01 03,Tallinn FIR,0.0,0.0895,0.0054,0.0,0.0,0.0
01-01 03,Tirana FIR,0.0,0.11,0.0158,0.0,0.0,0.0
01-01 03,Vilnius FIR,0.3087,0.9113,0.4502,0.0,0.0,0.0
01-01 03,Warszawa FIR,0.004,0.2519,0.2287,0.1854,0.0664,0.0
01-01 03,Wien FIR,0.0081,0.0183,0.0204,0.0041,0.0,0.0
01-01 03,Zagreb FIR,0.0194,0.1539,0.1158,0.0302,0.0,0.0
01-01 04,Global,0.0207,0.023,0.0202,0.0217,0.0246,0.0209
01-01 04,Europe,0.0675,0.1188,0.0711,0.0113,0.0,0.0
01-01 04,European Airspace,0.0421,0.0721,0.0664,0.0408,0.0097,0.0007
01-01 04,Africa Middle East,0.0001,0.0037,0.006,0.0113,0.0068,0.0122
01-01 04,East Asia,0.0017,0.0161,0.0137,0.0004,0.005,0.0052
01-01 04,Southeast Asia,0.0,0.0,0.0,0.0003,0.0139,0.0526
01-01 04,India,0.0,0.0,0.0,0.0,0.0004,0.0066
01-01 04,China,0.0088,0.0205,0.0167,0.0046,0.0019,0.0
01-01 04,Latin America,0.0003,0.0112,0.0243,0.0346,0.0925,0.102
01-01 04,USA,0.0285,0.0378,0.0273,0.0167,0.004,0.0
01-01 04,North Atlantic,0.0515,0.0411,0.0373,0.0284,0.0008,0.0
01-01 04,North Pacific,0.0651,0.0435,0.02,0.0053,0.0,0.0
01-01 04,Amsterdam FIR,0.1845,0.0,0.0,0.0,0.0,0.0
01-01 04,Athinai FIR,0.0011,0.0066,0.0,0.0,0.0,0.0
01-01 04,Barcelona FIR,0.0007,0.3583,0.3201,0.0,0.0,0.0
01-01 04,Beograd FIR,0.0139,0.1454,0.0636,0.0033,0.0,0.0
01-01 04,Bordeaux FIR,0.0962,0.2609,0.1806,0.0,0.0,0.0
01-01 04,Bratislava  FIR,0.0071,0.5041,0.7881,0.6516,0.0071,0.0
01-01 04,Bremen FIR,0.3101,0.0155,0.0,0.0,0.0,0.0
01-01 04,Brest FIR,0.1236,0.0648,0.0,0.0,0.0,0.0
01-01 04,Brindisi FIR,0.0213,0.1056,0.0371,0.0145,0.0,0.0
01-01 04,Brussels FIR,0.0,0.0,0.0,0.0,0.0,0.0
01-01 04,Bucarest FIR,0.0,0.0421,0.0,0.0007,0.02,0.0
01-01 04,Budapest FIR,0.0055,0.2875,0.5016,0.3647,0.0019,0.0
01-01 04,Canarias FIR,0.0,0.0112,0.0559,0.1133,0.0121,0.0
01-01 04,Chisinau FIR,0.0,0.0,0.0,0.0,0.0049,0.0
01-01 04,Copenhagen FIR,0.313,0.0011,0.0,0.0,0.0,0.0
01-01 04,Helsinki FIR,0.0,0.002,0.004,0.0,0.0,0.0
01-01 04,Langen FIR,0.0,0.0,0.0,0.0,0.0,0.0
01-01 04,Lisboa FIR,0.0,0.0035,0.0034,0.0,0.0,0.0
01-01 04,Ljubljana FIR,0.0,0.0,0.0,0.0,0.0,0.0
01-01 04,London FIR,0.2109,0.0791,0.0,0.0,0.0,0.0
01-01 04,Madrid FIR,0.0127,0.0386,0.0634,0.0,0.0,0.0
01-01 04,Malta FIR,0.0,0.0095,0.0064,0.0,0.0,0.0
01-01 04,Marseille FIR,0.1445,0.483,0.2378,0.0215,0.0,0.0
01-01 04,Milano FIR,0.1729,0.3144,0.1004,0.0215,0.0,0.0
01-01 04,Munchen FIR,0.1766,0.0,0.0,0.0,0.0,0.0
01-01 04,Paris FIR,0.0589,0.0209,0.0,0.0,0.0,0.0
01-01 04,Polaris FIR,0.0705,0.1604,0.0776,0.0178,0.0073,0.0
01-01 04,Praha FIR,0.1397,0.0439,0.0,0.0043,0.0,0.0
01-01 04,Reims FIR,0.0,0.0,0.0,0.0,0.0,0.0
01-01 04,Reykjavik FIR,0.2308,0.2608,0.2021,0.0748,0.0061,0.0
01-01 04,Riga FIR,0.2717,0.444,0.0375,0.0,0.0,0.0
01-01 04,Roma FIR,0.0027,0.1587,0.1218,0.0473,0.0,0.0
01-01 04,Santa Maria FIR,0.0,0.0108,0.0723,0.0781,0.0075,0.0
01-01 04,Sarajevo FIR,0.0,0.0,0.0037,0.0,0.0,0.0
01-01 04,Scottish FIR,0.0149,0.0,0.0,0.0,0.0,0.0
01-01 04,Shannon FIR,0.1079,0.0536,0.0194,0.0,0.0,0.0
01-01 04,Skopje FIR,0.0,0.0,0.0,0.0,0.0,0.0
01-01 04,Sofia FIR,0.0281,0.0576,0.0107,0.0,0.0,0.0
01-01 04,Sweden FIR,0.0388,0.1446,0.051,0.0014,0.0,0.0
01-01 04,Switzerland FIR,0.0,0.0,0.0,0.0,0.0,0.0
01-01 04,Tallinn FIR,0.0,0.075,0.0,0.0,0.0,0.0
01-01 04,Tirana FIR,0.037,0.1534,0.0053,0.0,0.0,0.0
01-01 04,Vilnius FIR,0.1058,0.513,0.1208,0.0,0.0,0.0
01-01 04,Warszawa FIR,0.0268,0.1806,0.1588,0.1532,0.0306,0.0
01-01 04,Wien FIR,0.0,0.0,0.0,0.0,0.0,0.0
01-01 04,Zagreb FIR,0.0,0.0366,0.0406,0.0224,0.0,0.0
01-01 05,Global,0.0209,0.0221,0.0195,0.0214,0.025,0.0214
01-01 05,Europe,0.0508,0.058,0.0217,0.0062,0.0,0.0
01-01 05,European Airspace,0.0337,0.0503,0.0507,0.032,0.011,0.0007
01-01 05,Africa Middle East,0.0,0.0015,0.002,0.0055,0.0057,0.0139
01-01 05,East Asia,0.0095,0.0249,0.0153,0.0003,0.0062,0.0066
01-01 05,Southeast Asia,0.0,0.0,0.0,0.0007,0.0211,0.064
01-01 05,India,0.0,0.0,0.0,0.0001,0.0011,0.0049
01-01 05,China,0.016,0.0287,0.0196,0.007,0.0025,0.0
01-01 05,Latin America,0.0002,0.0105,0.0224,0.0307,0.0861,0.0892
01-01 05,USA,0.029,0.0366,0.0274,0.0167,0.0054,0.0
01-01 05,North Atlantic,0.0482,0.0398,0.0357,0.0193,0.0,0.0
01-01 05,North Pacific,0.0656,0.0407,0.0181,0.0052,0.0,0.0
01-01 05,Amsterdam FIR,0.1383,0.0,0.0,0.0,0.0,0.0
01-01 05,Athinai FIR,0.0,0.0,0.0,0.0,0.0,0.0
01-01 05,Barcelona FIR,0.0,0.1719,0.0578,0.0,0.0,0.0
01-01 05,Beograd FIR,0.0,0.0107,0.0249,0.0134,0.0,0.0
01-01 05,Bordeaux FIR,0.0386,0.0578,0.0553,0.0,0.0,0.0
01-01 05,Bratislava  FIR,0.0,0.2819,0.572,0.5185,0.0071,0.0
01-01 05,Bremen FIR,0.2436,0.0338,0.0,0.0,0.0,0.0
01-01 05,Brest FIR,0.0935,0.0158,0.0,0.0,0.0,0.0
01-01 05,Brindisi FIR,0.0,0.0112,0.0086,0.0096,0.0,0.0
01-01 05,Brussels FIR,0.0,0.0,0.0,0.0,0.0,0.0
01-01 05,Bucarest FIR,0.0,0.0027,0.0236,0.0325,0.0979,0.0
01-01 05,Budapest FIR,0.0,0.1888,0.4842,0.4396,0.0093,0.0
01-01 05,Canarias FIR,0.0,0.0069,0.0304,0.0439,0.0104,0.0
01-01 05,Chisinau FIR,0.0,0.0,0.0,0.0,0.1421,0.0
01-01 05,Copenhagen FIR,0.2912,0.0198,0.0,0.0,0.0,0.0
01-01 05,Helsinki FIR,0.0,0.0029,0.0025,0.0,0.0,0.0
01-01 05,Langen FIR,0.0,0.0,0.0,0.0,0.0,0.0
01-01 05,Lisboa FIR,0.0,0.0142,0.0093,0.0,0.0,0.0
01-01 05,Ljubljana FIR,0.0,0.0,0.0,0.0,0.0,0.0
01-01 05,London FIR,0.1897,0.0217,0.0,0.0,0.0,0.0
01-01 05,Madrid FIR,0.0055,0.0083,0.0072,0.0,0.0,0.0
01-01 05,Malta FIR,0.0,0.0,0.0,0.0,0.0,0.0
01-01 05,Marseille FIR,0.0495,0.272,0.0853,0.0129,0.0,0.0
01-01 05,Milano FIR,0.1788,0.2174,0.0377,0.0057,0.0,0.0
01-01 05,Munchen FIR,0.0747,0.0047,0.0,0.0,0.0,0.0
01-01 05,Paris FIR,0.1421,0.0032,0.0,0.0,0.0,0.0
01-01 05,Polaris FIR,0.0721,0.12,0.0431,0.0093,0.0075,0.0
01-01 05,Praha FIR,0.0207,0.0249,0.0,0.0,0.0,0.0
01-01 05,Reims FIR,0.0,0.0,0.0,0.0,0.0,0.0
01-01 05,Reykjavik FIR,0.2054,0.2672,0.2043,0.0746,0.0037,0.0
01-01 05,Riga FIR,0.1696,0.1714,0.0242,0.0015,0.0,0.0
01-01 05,Roma FIR,0.0133,0.094,0.0407,0.026,0.0,0.0
01-01 05,Santa Maria FIR,0.0,0.0081,0.0772,0.0705,0.0075,0.0
01-01 05,Sarajevo FIR,0.0,0.0,0.0037,0.0,0.0,0.0
01-01 05,Scottish FIR,0.0034,0.0,0.0,0.0,0.0,0.0
01-01 05,Shannon FIR,0.0262,0.1136,0.0905,0.0,0.0,0.0
01-01 05,Skopje FIR,0.0,0.0,0.0,0.0,0.0,0.0
01-01 05,Sofia FIR,0.0094,0.0201,0.0,0.0,0.0,0.0
01-01 05,Sweden FIR,0.0381,0.1046,0.0381,0.0014,0.0,0.0
01-01 05,Switzerland FIR,0.0,0.0,0.0,0.0,0.0,0.0
01-01 05,Tallinn FIR,0.0018,0.025,0.0,0.0,0.0,0.0
01-01 05,Tirana FIR,0.0,0.0318,0.0,0.0,0.0,0.0
01-01 05,Vilnius FIR,0.032,0.0207,0.0232,0.0,0.0,0.0
01-01 05,Warszawa FIR,0.0304,0.1263,0.1277,0.1091,0.0233,0.0
01-01 05,Wien FIR,0.0,0.004,0.0,0.0,0.0,0.0
01-01 05,Zagreb FIR,0.0,0.0,0.0,0.0,0.0,0.0
01-01 06,Global,0.0213,0.0216,0.0191,0.0216,0.0247,0.022
01-01 06,Europe,0.02,0.0194,0.0096,0.0032,0.0,0.0
01-01 06,European Airspace,0.0243,0.0375,0.0435,0.028,0.0115,0.0006
01-01 06,Africa Middle East,0.0,0.0001,0.0007,0.0034,0.0046,0.0146
01-01 06,East Asia,0.0261,0.03,0.0155,0.0004,0.0073,0.0079
01-01 06,Southeast Asia,0.0,0.0,0.0,0.0012,0.0339,0.0867
01-01 06,India,0.0,0.0,0.0,0.0002,0.0026,0.0054
01-01 06,China,0.03,0.0361,0.0221,0.0099,0.0034,0.0
01-01 06,Latin America,0.0,0.0093,0.0174,0.0263,0.0755,0.0742
01-01 06,USA,0.0275,0.0333,0.0275,0.0194,0.0081,0.0
01-01 06,North Atlantic,0.0452,0.0374,0.0281,0.0113,0.0,0.0
01-01 06,North Pacific,0.0658,0.0376,0.016,0.0055,0.0,0.0
01-01 06,Amsterdam FIR,0.0747,0.0,0.0,0.0,0.0,0.0
01-01 06,Athinai FIR,0.0,0.0,0.0,0.0,0.0,0.0
01-01 06,Barcelona FIR,0.0,0.0,0.0,0.0,0.0,0.0
01-01 06,Beograd FIR,0.0,0.0017,0.0134,0.0291,0.0,0.0
01-01 06,Bordeaux FIR,0.0277,0.0,0.011,0.0,0.0,0.0
01-01 06,Bratislava  FIR,0.0036,0.0857,0.3714,0.3823,0.0,0.0
01-01 06,Bremen FIR,0.1597,0.0417,0.0,0.0,0.0,0.0
01-01 06,Brest FIR,0.0086,0.0,0.0005,0.0,0.0,0.0
01-01 06,Brindisi FIR,0.0,0.0037,0.0061,0.0073,0.0,0.0
01-01 06,Brussels FIR,0.0,0.0,0.0,0.0,0.0,0.0
01-01 06,Bucarest FIR,0.0,0.0137,0.0747,0.0972,0.1496,0.0
01-01 06,Budapest FIR,0.0,0.0881,0.3561,0.3728,0.0,0.0
01-01 06,Canarias FIR,0.0,0.0015,0.008,0.013,0.0099,0.0
01-01 06,Chisinau FIR,0.0,0.0,0.0197,0.162,0.3882,0.0
01-01 06,Copenhagen FIR,0.18,0.0296,0.0,0.0,0.0,0.0
01-01 06,Helsinki FIR,0.0,0.0029,0.0,0.0004,0.0007,0.0
01-01 06,Langen FIR,0.0,0.0,0.0,0.0,0.0,0.0
01-01 06,Lisboa FIR,0.0,0.0168,0.016,0.0,0.0,0.0
01-01 06,Ljubljana FIR,0.0,0.0,0.0,0.0,0.0,0.0
01-01 06,London FIR,0.0503,0.0,0.0,0.0,0.0,0.0
01-01 06,Madrid FIR,0.0,0.0128,0.0115,0.0,0.0,0.0
01-01 06,Malta FIR,0.0,0.0,0.0,0.0,0.0,0.0
01-01 06,Marseille FIR,0.0,0.0385,0.0079,0.0012,0.0,0.0
01-01 06,Milano FIR,0.0023,0.0034,0.0,0.0089,0.0,0.0
01-01 06,Munchen FIR,0.014,0.0,0.0,0.0,0.0,0.0
01-01 06,Paris FIR,0.0365,0.0,0.0,0.0,0.0,0.0
01-01 06,Polaris FIR,0.0733,0.0703,0.0138,0.0078,0.007,0.0
01-01 06,Praha FIR,0.0211,0.0379,0.0064,0.0,0.0,0.0
01-01 06,Reims FIR,0.0,0.0,0.0,0.0,0.0,0.0
01-01 06,Reykjavik FIR,0.2104,0.2854,0.2155,0.0803,0.0023,0.0
01-01 06,Riga FIR,0.003,0.0072,0.0361,0.0,0.0,0.0
01-01 06,Roma FIR,0.0031,0.0526,0.0133,0.023,0.0,0.0
01-01 06,Santa Maria FIR,0.0,0.0036,0.0682,0.0566,0.0021,0.0
01-01 06,Sarajevo FIR,0.0,0.0,0.0,0.0,0.0,0.0
01-01 06,Scottish FIR,0.0,0.0,0.0,0.0,0.0,0.0
01-01 06,Shannon FIR,0.0007,0.2045,0.1322,0.0,0.0,0.0
01-01 06,Skopje FIR,0.0,0.0,0.0,0.0,0.0,0.0
01-01 06,Sofia FIR,0.0,0.0,0.0053,0.0013,0.0,0.0
01-01 06,Sweden FIR,0.0209,0.0591,0.029,0.0016,0.0,0.0
01-01 06,Switzerland FIR,0.0,0.0,0.0,0.0,0.0,0.0
01-01 06,Tallinn FIR,0.0,0.0232,0.0,0.0,0.0,0.0
01-01 06,Tirana FIR,0.0,0.0,0.0,0.0,0.0,0.0
01-01 06,Vilnius FIR,0.0075,0.0019,0.0389,0.0,0.0,0.0
01-01 06,Warszawa FIR,0.0388,0.0993,0.0938,0.0754,0.0199,0.0
01-01 06,Wien FIR,0.0,0.0,0.0,0.0,0.0,0.0
01-01 06,Zagreb FIR,0.0,0.0,0.0,0.0,0.0,0.0
01-01 07,Global,0.0221,0.0214,0.0193,0.0219,0.0247,0.0229
01-01 07,Europe,0.0112,0.0128,0.0071,0.0036,0.0,0.0
01-01 07,European Airspace,0.0231,0.0334,0.0374,0.0277,0.012,0.0003
01-01 07,Africa Middle East,0.0,0.0,0.0003,0.0031,0.0056,0.016
01-01 07,East Asia,0.036,0.0296,0.0143,0.0006,0.0081,0.0085
01-01 07,Southeast Asia,0.0,0.0,0.0,0.0029,0.0585,0.1169
01-01 07,India,0.0,0.0,0.0,0.0007,0.0049,0.0074
01-01 07,China,0.0412,0.0378,0.0246,0.014,0.0038,0.0
01-01 07,Latin America,0.0,0.0072,0.0129,0.0223,0.0577,0.0575
01-01 07,USA,0.0242,0.0315,0.026,0.0233,0.0097,0.0
01-01 07,North Atlantic,0.0456,0.0291,0.015,0.0073,0.0002,0.0
01-01 07,North Pacific,0.0657,0.037,0.0152,0.0054,0.0,0.0
01-01 07,Amsterdam FIR,0.0151,0.0051,0.0,0.0,0.0,0.0
01-01 07,Athinai FIR,0.0,0.0,0.0,0.0,0.0,0.0
01-01 07,Barcelona FIR,0.0,0.0,0.0,0.0,0.0,0.0
01-01 07,Beograd FIR,0.0,0.0,0.0051,0.024,0.0,0.0
01-01 07,Bordeaux FIR,0.0,0.0022,0.0033,0.0,0.0,0.0
01-01 07,Bratislava  FIR,0.0036,0.0142,0.2391,0.2713,0.0,0.0
01-01 07,Bremen FIR,0.1237,0.0581,0.0,0.0,0.0,0.0
01-01 07,Brest FIR,0.0,0.0,0.0,0.0,0.0,0.0
01-01 07,Brindisi FIR,0.0,0.0074,0.0,0.017,0.0,0.0
01-01 07,Brussels FIR,0.0,0.0,0.0,0.0,0.0,0.0
01-01 07,Bucarest FIR,0.0,0.033,0.1599,0.1248,0.1337,0.0
01-01 07,Budapest FIR,0.0,0.0386,0.2327,0.2842,0.0,0.0
01-01 07,Canarias FIR,0.0,0.0,0.0,0.0123,0.0059,0.0
01-01 07,Chisinau FIR,0.0,0.0,0.0889,0.3497,0.5325,0.0
01-01 07,Copenhagen FIR,0.1455,0.0263,0.0,0.0,0.0,0.0
01-01 07,Helsinki FIR,0.0,0.0,0.0,0.0007,0.0013,0.0
01-01 07,Langen FIR,0.0,0.0,0.0,0.0,0.0,0.0
01-01 07,Lisboa FIR,0.0,0.0,0.0,0.0,0.0,0.0
01-01 07,Ljubljana FIR,0.0,0.0,0.0,0.0,0.0,0.0
01-01 07,London FIR,0.0,0.0,0.0,0.0,0.0,0.0
01-01 07,Madrid FIR,0.0,0.0,0.0,0.0,0.0,0.0
01-01 07,Malta FIR,0.0,0.0,0.0,0.0,0.0,0.0
01-01 07,Marseille FIR,0.0,0.0,0.0151,0.0043,0.0,0.0
01-01 07,Milano FIR,0.0,0.0,0.0,0.0157,0.0,0.0
01-01 07,Munchen FIR,0.0031,0.0,0.0,0.0,0.0,0.0
01-01 07,Paris FIR,0.0,0.0022,0.0118,0.0,0.0,0.0
01-01 07,Polaris FIR,0.046,0.0344,0.0059,0.0103,0.0062,0.0
01-01 07,Praha FIR,0.038,0.0546,0.0042,0.0,0.0,0.0
01-01 07,Reims FIR,0.0,0.0,0.0,0.0,0.0,0.0
01-01 07,Reykjavik FIR,0.2265,0.3028,0.2247,0.0862,0.0019,0.0
01-01 07,Riga FIR,0.0246,0.0,0.0597,0.006,0.0,0.0
01-01 07,Roma FIR,0.0,0.0,0.0141,0.0283,0.0,0.0
01-01 07,Santa Maria FIR,0.0,0.0017,0.0444,0.0315,0.0008,0.0
01-01 07,Sarajevo FIR,0.0,0.0,0.0,0.0074,0.0,0.0
01-01 07,Scottish FIR,0.0,0.0,0.0,0.0,0.0,0.0
01-01 07,Shannon FIR,0.0,0.1725,0.1097,0.0,0.0,0.0
01-01 07,Skopje FIR,0.0,0.0,0.0,0.0,0.0,0.0
01-01 07,Sofia FIR,0.0,0.0,0.0407,0.0078,0.0,0.0
01-01 07,Sweden FIR,0.0122,0.0315,0.0246,0.0007,0.0,0.0
01-01 07,Switzerland FIR,0.0,0.0,0.0,0.0,0.0,0.0
01-01 07,Tallinn FIR,0.0,0.0,0.0,0.0,0.0,0.0
01-01 07,Tirana FIR,0.0,0.0,0.0,0.0,0.0,0.0
01-01 07,Vilnius FIR,0.0509,0.0094,0.0305,0.0,0.0,0.0
01-01 07,Warszawa FIR,0.048,0.0722,0.0703,0.0639,0.0126,0.0
01-01 07,Wien FIR,0.0,0.0,0.0,0.0,0.0,0.0
01-01 07,Zagreb FIR,0.0,0.0017,0.0,0.0258,0.0,0.0
01-01 08,Global,0.0224,0.0214,0.0201,0.0218,0.0244,0.0234
01-01 08,Europe,0.0114,0.0078,0.0094,0.0044,0.0,0.0
01-01 08,European Airspace,0.0244,0.032,0.036,0.0307,0.0127,0.0003
01-01 08,Africa Middle East,0.0,0.0,0.0006,0.0043,0.0073,0.0173
01-01 08,East Asia,0.0353,0.027,0.0133,0.0008,0.0085,0.0086
01-01 08,Southeast Asia,0.0,0.0,0.0,0.0056,0.0846,0.1469
01-01 08,India,0.0,0.0,0.0,0.0015,0.0081,0.0104
01-01 08,China,0.0428,0.0383,0.0293,0.0166,0.0034,0.0
01-01 08,Latin America,0.0,0.0044,0.0105,0.0149,0.0338,0.0418
01-01 08,USA,0.0223,0.029,0.0238,0.0248,0.0104,0.0
01-01 08,North Atlantic,0.0438,0.0159,0.0047,0.0083,0.0012,0.0
01-01 08,North Pacific,0.0673,0.0374,0.0167,0.0065,0.0,0.0
01-01 08,Amsterdam FIR,0.0291,0.0069,0.0,0.0,0.0,0.0
01-01 08,Athinai FIR,0.0,0.0,0.0,0.0,0.0,0.0
01-01 08,Barcelona FIR,0.0,0.0,0.0,0.0008,0.0,0.0
01-01 08,Beograd FIR,0.0,0.0,0.0102,0.0355,0.0,0.0
01-01 08,Bordeaux FIR,0.0,0.0097,0.0,0.0,0.0,0.0
01-01 08,Bratislava  FIR,0.025,0.0284,0.1462,0.1749,0.0,0.0
01-01 08,Bremen FIR,0.1072,0.0756,0.0,0.0,0.0,0.0
01-01 08,Brest FIR,0.0,0.0011,0.0,0.0,0.0,0.0
01-01 08,Brindisi FIR,0.0,0.0,0.0291,0.0448,0.0,0.0
01-01 08,Brussels FIR,0.0,0.0,0.0,0.0,0.0,0.0
01-01 08,Bucarest FIR,0.0007,0.0692,0.3034,0.2116,0.1125,0.0
01-01 08,Budapest FIR,0.0,0.0055,0.1369,0.1741,0.0,0.0
01-01 08,Canarias FIR,0.0,0.0,0.0022,0.0163,0.001,0.0
01-01 08,Chisinau FIR,0.0,0.0595,0.2172,0.3057,0.4545,0.0
01-01 08,Copenhagen FIR,0.077,0.0262,0.0,0.0,0.0,0.0
01-01 08,Helsinki FIR,0.0,0.0,0.0,0.0009,0.0017,0.0
01-01 08,Langen FIR,0.0,0.0,0.0,0.0,0.0,0.0
01-01 08,Lisboa FIR,0.0,0.0,0.0,0.0,0.0,0.0
01-01 08,Ljubljana FIR,0.0,0.0,0.0,0.0,0.0,0.0
01-01 08,London FIR,0.0,0.0,0.0,0.0,0.0,0.0
01-01 08,Madrid FIR,0.0,0.0003,0.0,0.0,0.0,0.0
01-01 08,Malta FIR,0.0,0.0,0.0,0.0,0.0,0.0
01-01 08,Marseille FIR,0.0,0.0049,0.0502,0.0055,0.0,0.0
01-01 08,Milano FIR,0.0,0.0,0.0157,0.0223,0.0,0.0
01-01 08,Munchen FIR,0.0031,0.0,0.0,0.0,0.0,0.0
01-01 08,Paris FIR,0.0,0.0107,0.0118,0.0,0.0,0.0
01-01 08,Polaris FIR,0.031,0.0343,0.007,0.0143,0.0057,0.0
01-01 08,Praha FIR,0.04,0.0337,0.0,0.0,0.0,0.0
01-01 08,Reims FIR,0.0,0.0,0.0,0.0,0.0,0.0
01-01 08,Reykjavik FIR,0.2417,0.3128,0.2295,0.0867,0.0019,0.0
01-01 08,Riga FIR,0.0477,0.0331,0.1297,0.006,0.0,0.0
01-01 08,Roma FIR,0.0,0.0,0.0415,0.0177,0.0,0.0
01-01 08,Santa Maria FIR,0.0,0.0007,0.0185,0.0202,0.0027,0.0
01-01 08,Sarajevo FIR,0.0,0.0,0.0,0.041,0.0,0.0
01-01 08,Scottish FIR,0.0,0.0,0.0,0.0,0.0,0.0
01-01 08,Shannon FIR,0.0,0.0014,0.0,0.0,0.0,0.0
01-01 08,Skopje FIR,0.0,0.0,0.0,0.0,0.0,0.0
01-01 08,Sofia FIR,0.0,0.0053,0.0906,0.0182,0.0,0.0
01-01 08,Sweden FIR,0.0193,0.0206,0.0237,0.0014,0.0,0.0
01-01 08,Switzerland FIR,0.0,0.0,0.0,0.0,0.0,0.0
01-01 08,Tallinn FIR,0.0,0.0,0.0,0.0,0.0,0.0
01-01 08,Tirana FIR,0.0,0.0,0.0,0.0,0.0,0.0
01-01 08,Vilnius FIR,0.0208,0.0436,0.0337,0.0,0.0,0.0
01-01 08,Warszawa FIR,0.0811,0.0881,0.076,0.0742,0.0053,0.0
01-01 08,Wien FIR,0.0,0.0,0.0,0.0,0.0,0.0
01-01 08,Zagreb FIR,0.0,0.0084,0.0,0.0357,0.0,0.0
01-01 09,Global,0.0226,0.022,0.0207,0.0219,0.0246,0.0244
01-01 09,Europe,0.0172,0.0118,0.0155,0.006,0.0,0.0
01-01 09,European Airspace,0.0273,0.0354,0.0421,0.0342,0.0127,0.0002
01-01 09,Africa Middle East,0.0,0.0,0.0011,0.005,0.0085,0.0202
01-01 09,East Asia,0.0323,0.0254,0.0122,0.0012,0.0075,0.0075
01-01 09,Southeast Asia,0.0,0.0,0.0,0.009,0.105,0.1671
01-01 09,India,0.0,0.0,0.0,0.0026,0.0129,0.0145
01-01 09,China,0.0413,0.0401,0.0336,0.0181,0.0031,0.0
01-01 09,Latin America,0.0,0.0024,0.008,0.009,0.019,0.0334
01-01 09,USA,0.0191,0.0262,0.0196,0.0248,0.0098,0.0
01-01 09,North Atlantic,0.0358,0.0103,0.0044,0.011,0.0019,0.0
01-01 09,North Pacific,0.0687,0.0403,0.0198,0.0079,0.0001,0.0
01-01 09,Amsterdam FIR,0.0325,0.0,0.0,0.0,0.0,0.0
01-01 09,Athinai FIR,0.0,0.0,0.0,0.0,0.0,0.0
01-01 09,Barcelona FIR,0.0,0.0,0.0,0.0,0.0,0.0
01-01 09,Beograd FIR,0.0,0.0,0.0,0.0725,0.0,0.0
01-01 09,Bordeaux FIR,0.0,0.0044,0.0,0.0,0.0,0.0
01-01 09,Bratislava  FIR,0.0532,0.0533,0.1465,0.0464,0.0,0.0
01-01 09,Bremen FIR,0.1654,0.0776,0.0,0.0,0.0,0.0
01-01 09,Brest FIR,0.0,0.0,0.0,0.0,0.0,0.0
01-01 09,Brindisi FIR,0.0,0.0,0.0947,0.0523,0.0,0.0
01-01 09,Brussels FIR,0.0,0.0,0.0,0.0,0.0,0.0
01-01 09,Bucarest FIR,0.0042,0.0891,0.4435,0.3849,0.0953,0.0
01-01 09,Budapest FIR,0.0,0.0,0.0929,0.0824,0.0,0.0
01-01 09,Canarias FIR,0.0,0.0,0.008,0.0121,0.0,0.0
01-01 09,Chisinau FIR,0.0,0.1482,0.2915,0.1535,0.2874,0.0
01-01 09,Copenhagen FIR,0.0619,0.0306,0.0,0.0,0.0,0.0
01-01 09,Helsinki FIR,0.0,0.0,0.0,0.0011,0.0018,0.0
01-01 09,Langen FIR,0.0,0.0,0.0,0.0,0.0,0.0
01-01 09,Lisboa FIR,0.0,0.0,0.0,0.0,0.0,0.0
01-01 09,Ljubljana FIR,0.0,0.0,0.0,0.0,0.0,0.0
01-01 09,London FIR,0.0,0.0,0.0,0.0,0.0,0.0
01-01 09,Madrid FIR,0.0,0.0,0.0,0.0,0.0,0.0
01-01 09,Malta FIR,0.0,0.0,0.0,0.0,0.0,0.0
01-01 09,Marseille FIR,0.0,0.0306,0.0824,0.0043,0.0,0.0
01-01 09,Milano FIR,0.0,0.0055,0.0928,0.0157,0.0,0.0
01-01 09,Munchen FIR,0.0,0.0,0.0,0.0,0.0,0.0
01-01 09,Paris FIR,0.0021,0.0427,0.0086,0.0,0.0,0.0
01-01 09,Polaris FIR,0.0259,0.0384,0.0096,0.0182,0.0064,0.0
01-01 09,Praha FIR,0.0315,0.0105,0.0,0.0,0.0,0.0
01-01 09,Reims FIR,0.0,0.0,0.0,0.0,0.0,0.0
01-01 09,Reykjavik FIR,0.2582,0.3178,0.2347,0.0863,0.0014,0.0
01-01 09,Riga FIR,0.0491,0.1191,0.2,0.0105,0.0,0.0
01-01 09,Roma FIR,0.0,0.0004,0.042,0.0199,0.0,0.0
01-01 09,Santa Maria FIR,0.0,0.0003,0.0127,0.026,0.0044,0.0
01-01 09,Sarajevo FIR,0.0,0.0,0.0223,0.1272,0.0,0.0
01-01 09,Scottish FIR,0.0,0.0,0.0,0.0,0.0,0.0
01-01 09,Shannon FIR,0.0,0.0,0.0,0.0,0.0,0.0
01-01 09,Skopje FIR,0.0,0.0,0.0,0.0,0.0,0.0
01-01 09,Sofia FIR,0.0,0.0131,0.1667,0.0247,0.0,0.0
01-01 09,Sweden FIR,0.0394,0.0299,0.0248,0.0016,0.0,0.0
01-01 09,Switzerland FIR,0.0,0.0,0.0,0.0,0.0,0.0
01-01 09,Tallinn FIR,0.0,0.0036,0.0036,0.0,0.0,0.0
01-01 09,Tirana FIR,0.0,0.0,0.0,0.0,0.0,0.0
01-01 09,Vilnius FIR,0.0114,0.0207,0.0299,0.0188,0.0,0.0
01-01 09,Warszawa FIR,0.1378,0.1474,0.1011,0.0772,0.001,0.0
01-01 09,Wien FIR,0.0,0.0,0.0,0.0,0.0,0.0
01-01 09,Zagreb FIR,0.0,0.0016,0.0261,0.0696,0.0,0.0
01-01 10,Global,0.0223,0.0229,0.0214,0.0223,0.0272,0.0274
01-01 10,Europe,0.0216,0.0195,0.0261,0.0085,0.0,0.0
01-01 10,European Airspace,0.0289,0.0425,0.0491,0.0381,0.0124,0.0002
01-01 10,Africa Middle East,0.0,0.0003,0.0015,0.0057,0.0129,0.0288
01-01 10,East Asia,0.0314,0.0247,0.0106,0.0015,0.008,0.008
01-01 10,Southeast Asia,0.0,0.0,0.0,0.0158,0.1193,0.1844
01-01 10,India,0.0,0.0,0.0,0.0054,0.0213,0.0205
01-01 10,China,0.0408,0.0432,0.0374,0.0185,0.0025,0.0
01-01 10,Latin America,0.0,0.0026,0.0073,0.0058,0.015,0.0328
01-01 10,USA,0.0132,0.0228,0.0142,0.0199,0.0063,0.0
01-01 10,North Atlantic,0.0236,0.0063,0.0061,0.0147,0.0028,0.0
01-01 10,North Pacific,0.0692,0.043,0.0232,0.0088,0.0001,0.0
01-01 10,Amsterdam FIR,0.0304,0.0,0.0,0.0,0.0,0.0
01-01 10,Athinai FIR,0.0,0.0004,0.0,0.0,0.0,0.0
01-01 10,Barcelona FIR,0.0,0.0,0.0015,0.0037,0.0,0.0
01-01 10,Beograd FIR,0.0,0.0,0.0034,0.0878,0.0,0.0
01-01 10,Bordeaux FIR,0.0,0.0011,0.0,0.0,0.0,0.0
01-01 10,Bratislava  FIR,0.0142,0.0426,0.1498,0.0215,0.0,0.0
01-01 10,Bremen FIR,0.1696,0.0602,0.0,0.0,0.0,0.0
01-01 10,Brest FIR,0.0,0.0,0.0,0.0,0.0,0.0
01-01 10,Brindisi FIR,0.0,0.0184,0.1804,0.0488,0.0,0.0
01-01 10,Brussels FIR,0.0,0.0,0.0,0.0,0.0,0.0
01-01 10,Bucarest FIR,0.0113,0.1479,0.4534,0.4981,0.0869,0.0
01-01 10,Budapest FIR,0.0,0.0,0.0201,0.0201,0.0,0.0
01-01 10,Canarias FIR,0.0,0.0,0.0068,0.0055,0.0,0.0
01-01 10,Chisinau FIR,0.0,0.2265,0.425,0.169,0.2088,0.0
01-01 10,Copenhagen FIR,0.0717,0.0393,0.0,0.0,0.0,0.0
01-01 10,Helsinki FIR,0.0,0.0,0.0,0.0018,0.002,0.0
01-01 10,Langen FIR,0.0,0.0,0.0,0.0,0.0,0.0
01-01 10,Lisboa FIR,0.0,0.0,0.0,0.0,0.0,0.0
01-01 10,Ljubljana FIR,0.0,0.0,0.0,0.0,0.0,0.0
01-01 10,London FIR,0.0004,0.0,0.0,0.0,0.0,0.0
01-01 10,Madrid FIR,0.0,0.0,0.0,0.0,0.0,0.0
01-01 10,Malta FIR,0.0,0.0,0.0,0.0,0.0,0.0
01-01 10,Marseille FIR,0.0,0.0769,0.1275,0.0006,0.0,0.0
01-01 10,Milano FIR,0.0,0.0849,0.2325,0.0079,0.0,0.0
01-01 10,Munchen FIR,0.0,0.0,0.0,0.0,0.0,0.0
01-01 10,Paris FIR,0.016,0.079,0.0054,0.0,0.0,0.0
01-01 10,Polaris FIR,0.0233,0.0435,0.018,0.02,0.0078,0.0
01-01 10,Praha FIR,0.0021,0.0,0.0,0.0,0.0,0.0
01-01 10,Reims FIR,0.0,0.0347,0.0126,0.0,0.0,0.0
01-01 10,Reykjavik FIR,0.2608,0.3186,0.2336,0.0864,0.0006,0.0
01-01 10,Riga FIR,0.046,0.1866,0.2432,0.0285,0.0,0.0
01-01 10,Roma FIR,0.0,0.0,0.0309,0.022,0.0,0.0
01-01 10,Santa Maria FIR,0.0,0.0001,0.0134,0.0349,0.0066,0.0
01-01 10,Sarajevo FIR,0.0,0.0,0.0,0.2286,0.0,0.0
01-01 10,Scottish FIR,0.0,0.0,0.0,0.0,0.0,0.0
01-01 10,Shannon FIR,0.0,0.0,0.0,0.0,0.0,0.0
01-01 10,Skopje FIR,0.0,0.0,0.0,0.0,0.0,0.0
01-01 10,Sofia FIR,0.0,0.0276,0.2325,0.0143,0.0,0.0
01-01 10,Sweden FIR,0.0541,0.0376,0.0272,0.0029,0.0,0.0
01-01 10,Switzerland FIR,0.0,0.0,0.0,0.0,0.0,0.0
01-01 10,Tallinn FIR,0.0,0.0125,0.0107,0.0,0.0,0.0
01-01 10,Tirana FIR,0.0,0.0,0.0,0.0,0.0,0.0
01-01 10,Vilnius FIR,0.0,0.0038,0.0281,0.0113,0.0,0.0
01-01 10,Warszawa FIR,0.2023,0.2152,0.1176,0.0686,0.0,0.0
01-01 10,Wien FIR,0.0,0.0,0.0,0.0,0.0,0.0
01-01 10,Zagreb FIR,0.0,0.0131,0.1864,0.133,0.0,0.0
01-01 11,Global,0.0225,0.0238,0.022,0.0223,0.0283,0.0291
01-01 11,Europe,0.028,0.0368,0.0417,0.0123,0.0,0.0
01-01 11,European Airspace,0.0314,0.0548,0.0604,0.0445,0.0122,0.0002
01-01 11,Africa Middle East,0.0,0.0009,0.0029,0.0071,0.0179,0.0382
01-01 11,East Asia,0.0321,0.0248,0.0094,0.0016,0.0073,0.0073
01-01 11,Southeast Asia,0.0,0.0,0.0,0.0175,0.1254,0.1946
01-01 11,India,0.0,0.0,0.0,0.0073,0.0276,0.0264
01-01 11,China,0.0428,0.0465,0.0391,0.0179,0.0018,0.0
01-01 11,Latin America,0.0,0.0022,0.0057,0.0051,0.0161,0.0335
01-01 11,USA,0.0091,0.0183,0.0098,0.0083,0.0006,0.0
01-01 11,North Atlantic,0.018,0.0063,0.0098,0.0199,0.0039,0.0
01-01 11,North Pacific,0.0708,0.044,0.0264,0.0095,0.0,0.0
01-01 11,Amsterdam FIR,0.0516,0.0,0.0,0.0,0.0,0.0
01-01 11,Athinai FIR,0.0,0.0023,0.0,0.0,0.0,0.0
01-01 11,Barcelona FIR,0.0,0.0022,0.0068,0.003,0.0,0.0
01-01 11,Beograd FIR,0.0,0.0,0.0034,0.1694,0.0,0.0
01-01 11,Bordeaux FIR,0.0,0.0011,0.0,0.0,0.0,0.0
01-01 11,Bratislava  FIR,0.0035,0.0142,0.0605,0.0036,0.0,0.0
01-01 11,Bremen FIR,0.202,0.0533,0.0,0.0,0.0,0.0
01-01 11,Brest FIR,0.0,0.0,0.0,0.0,0.0,0.0
01-01 11,Brindisi FIR,0.0,0.0539,0.2044,0.0633,0.0,0.0
01-01 11,Brussels FIR,0.0,0.0,0.0,0.0,0.0,0.0
01-01 11,Bucarest FIR,0.0317,0.2226,0.4074,0.5512,0.0848,0.0
01-01 11,Budapest FIR,0.0,0.0,0.0036,0.0055,0.0,0.0
01-01 11,Canarias FIR,0.0,0.0,0.0031,0.0,0.0,0.0
01-01 11,Chisinau FIR,0.0246,0.3394,0.6123,0.2691,0.2146,0.0
01-01 11,Copenhagen FIR,0.0836,0.0446,0.0,0.0,0.0,0.0
01-01 11,Helsinki FIR,0.0,0.0,0.0,0.0031,0.0027,0.0
01-01 11,Langen FIR,0.0,0.0,0.0,0.0,0.0,0.0
01-01 11,Lisboa FIR,0.0,0.0,0.0,0.0,0.0,0.0
01-01 11,Ljubljana FIR,0.0,0.0493,0.0395,0.0,0.0,0.0
01-01 11,London FIR,0.0061,0.0,0.0,0.0,0.0,0.0
01-01 11,Madrid FIR,0.0,0.0,0.0,0.0,0.0,0.0
01-01 11,Malta FIR,0.0,0.0,0.0,0.0,0.0,0.0
01-01 11,Marseille FIR,0.0006,0.1336,0.1164,0.0089,0.0,0.0
01-01 11,Milano FIR,0.0077,0.4152,0.3861,0.0147,0.0,0.0
01-01 11,Munchen FIR,0.0093,0.0,0.0,0.0,0.0,0.0
01-01 11,Paris FIR,0.0616,0.0695,0.0032,0.0,0.0,0.0
01-01 11,Polaris FIR,0.0176,0.0467,0.0285,0.0272,0.0075,0.0
01-01 11,Praha FIR,0.0,0.0,0.0,0.0,0.0,0.0
01-01 11,Reims FIR,0.0124,0.2139,0.0503,0.0,0.0,0.0
01-01 11,Reykjavik FIR,0.2437,0.3162,0.2253,0.0825,0.0002,0.0
01-01 11,Riga FIR,0.0153,0.1639,0.2943,0.0344,0.0,0.0
01-01 11,Roma FIR,0.0,0.0116,0.0932,0.0154,0.0,0.0
01-01 11,Santa Maria FIR,0.0,0.0001,0.0189,0.0529,0.013,0.0
01-01 11,Sarajevo FIR,0.0,0.0378,0.3317,0.277,0.0,0.0
01-01 11,Scottish FIR,0.0,0.0,0.0,0.0,0.0,0.0
01-01 11,Shannon FIR,0.0,0.002,0.0057,0.0,0.0,0.0
01-01 11,Skopje FIR,0.0,0.0,0.0,0.0,0.0,0.0
01-01 11,Sofia FIR,0.0013,0.1077,0.2691,0.0117,0.0,0.0
01-01 11,Sweden FIR,0.0745,0.0424,0.0332,0.004,0.0,0.0
01-01 11,Switzerland FIR,0.0,0.033,0.0,0.0,0.0,0.0
01-01 11,Tallinn FIR,0.0,0.0286,0.0377,0.0,0.0,0.0
01-01 11,Tirana FIR,0.0,0.0,0.0,0.0,0.0,0.0
01-01 11,Vilnius FIR,0.0019,0.0,0.0206,0.015,0.0,0.0
01-01 11,Warszawa FIR,0.2294,0.2663,0.1551,0.0436,0.0,0.0
01-01 11,Wien FIR,0.0,0.0,0.0,0.0,0.0,0.0
01-01 11,Zagreb FIR,0.0,0.0842,0.3214,0.156,0.0,0.0
01-01 12,Global,0.0228,0.0243,0.0225,0.0226,0.029,0.0301
01-01 12,Europe,0.04,0.0674,0.0583,0.0177,0.0,0.0
01-01 12,European Airspace,0.0374,0.0698,0.0725,0.0527,0.0121,0.0001
01-01 12,Africa Middle East,0.0003,0.0025,0.0057,0.0106,0.0244,0.0478
01-01 12,East Asia,0.0331,0.0253,0.0087,0.0015,0.0071,0.0076
01-01 12,Southeast Asia,0.0,0.0,0.0,0.0185,0.1295,0.2003
01-01 12,India,0.0,0.0,0.0,0.0079,0.0308,0.0327
01-01 12,China,0.0422,0.0456,0.0396,0.0164,0.0017,0.0
01-01 12,Latin America,0.0001,0.0015,0.0049,0.0051,0.0165,0.0338
01-01 12,USA,0.0067,0.01,0.0065,0.0041,0.0003,0.0
01-01 12,North Atlantic,0.0132,0.008,0.0157,0.028,0.0049,0.0
01-01 12,North Pacific,0.0685,0.0464,0.0286,0.0096,0.0,0.0
01-01 12,Amsterdam FIR,0.04,0.0,0.0,0.0,0.0,0.0
01-01 12,Athinai FIR,0.0,0.0042,0.0,0.0,0.0,0.0
01-01 12,Barcelona FIR,0.0,0.0117,0.0644,0.0166,0.0,0.0
01-01 12,Beograd FIR,0.0,0.0122,0.1531,0.2188,0.0,0.0
01-01 12,Bordeaux FIR,0.0,0.0,0.0,0.0,0.0,0.0
01-01 12,Bratislava  FIR,0.0,0.0,0.0107,0.0,0.0,0.0
01-01 12,Bremen FIR,0.2241,0.0515,0.0,0.0,0.0,0.0
01-01 12,Brest FIR,0.0,0.0,0.0,0.0,0.0,0.0
01-01 12,Brindisi FIR,0.0,0.2067,0.2416,0.045,0.0,0.0
01-01 12,Brussels FIR,0.2147,0.0045,0.0,0.0,0.0,0.0
01-01 12,Bucarest FIR,0.0445,0.2009,0.342,0.5855,0.0814,0.0
01-01 12,Budapest FIR,0.0,0.0,0.0,0.0,0.0,0.0
01-01 12,Canarias FIR,0.0,0.0,0.0,0.0005,0.0,0.0
01-01 12,Chisinau FIR,0.0395,0.4432,0.7221,0.4136,0.2299,0.0
01-01 12,Copenhagen FIR,0.1053,0.0434,0.0,0.0,0.0,0.0
01-01 12,Helsinki FIR,0.0,0.0,0.0,0.0066,0.0035,0.0
01-01 12,Langen FIR,0.0149,0.031,0.009,0.0,0.0,0.0
01-01 12,Lisboa FIR,0.0,0.0,0.0123,0.0041,0.0,0.0
01-01 12,Ljubljana FIR,0.0685,0.2763,0.1774,0.0,0.0,0.0
01-01 12,London FIR,0.0016,0.0012,0.0032,0.0,0.0,0.0
01-01 12,Madrid FIR,0.0,0.0,0.0,0.0,0.0,0.0
01-01 12,Malta FIR,0.0,0.0,0.0,0.0,0.0,0.0
01-01 12,Marseille FIR,0.0053,0.1605,0.0737,0.0338,0.0,0.0
01-01 12,Milano FIR,0.1479,0.7402,0.4307,0.0113,0.0,0.0
01-01 12,Munchen FIR,0.0139,0.0,0.0,0.0,0.0,0.0
01-01 12,Paris FIR,0.1164,0.0352,0.0,0.0,0.0,0.0
01-01 12,Polaris FIR,0.0074,0.0432,0.0376,0.0408,0.0069,0.0
01-01 12,Praha FIR,0.0,0.0,0.0,0.0,0.0,0.0
01-01 12,Reims FIR,0.3072,0.3304,0.0284,0.0,0.0,0.0
01-01 12,Reykjavik FIR,0.2339,0.3092,0.2151,0.0778,0.0,0.0
01-01 12,Riga FIR,0.0107,0.1215,0.3085,0.0419,0.0,0.0
01-01 12,Roma FIR,0.0,0.0759,0.1316,0.0104,0.0,0.0
01-01 12,Santa Maria FIR,0.0,0.0001,0.0268,0.0732,0.0214,0.0
01-01 12,Sarajevo FIR,0.0,0.2308,0.6179,0.3418,0.0,0.0
01-01 12,Scottish FIR,0.0,0.0073,0.0039,0.0,0.0,0.0
01-01 12,Shannon FIR,0.0,0.0258,0.0547,0.0,0.0,0.0
01-01 12,Skopje FIR,0.0,0.0,0.0,0.0,0.0,0.0
01-01 12,Sofia FIR,0.025,0.1836,0.2531,0.0117,0.0,0.0
01-01 12,Sweden FIR,0.0882,0.0488,0.0415,0.0031,0.0,0.0
01-01 12,Switzerland FIR,0.037,0.131,0.0244,0.0,0.0,0.0
01-01 12,Tallinn FIR,0.0,0.043,0.0681,0.0,0.0,0.0
01-01 12,Tirana FIR,0.0,0.0,0.0208,0.0,0.0,0.0
01-01 12,Vilnius FIR,0.0057,0.0,0.0189,0.017,0.0,0.0
01-01 12,Warszawa FIR,0.2491,0.2902,0.166,0.0279,0.0,0.0
01-01 12,Wien FIR,0.0105,0.0,0.0,0.0,0.0,0.0
01-01 12,Zagreb FIR,0.0063,0.4789,0.4296,0.1391,0.0,0.0
01-01 13,Global,0.0231,0.0246,0.0232,0.0227,0.029,0.0308
01-01 13,Europe,0.0605,0.0966,0.0964,0.0238,0.0001,0.0
01-01 13,European Airspace,0.0453,0.0812,0.0898,0.0604,0.0142,0.0001
01-01 13,Africa Middle East,0.0005,0.0045,0.0096,0.015,0.033,0.0571
01-01 13,East Asia,0.0351,0.0255,0.0083,0.0017,0.0072,0.0076
01-01 13,Southeast Asia,0.0,0.0,0.0,0.0205,0.131,0.2027
01-01 13,India,0.0,0.0,0.0,0.0081,0.0333,0.035
01-01 13,China,0.0417,0.0445,0.0383,0.0139,0.0017,0.0
01-01 13,Latin America,0.0,0.0012,0.0042,0.0049,0.0147,0.0318
01-01 13,USA,0.0032,0.0015,0.003,0.0022,0.0,0.0
01-01 13,North Atlantic,0.0125,0.0113,0.0258,0.0359,0.0068,0.0
01-01 13,North Pacific,0.0663,0.0489,0.0268,0.0088,0.0,0.0
01-01 13,Amsterdam FIR,0.0197,0.0,0.0,0.0,0.0,0.0
01-01 13,Athinai FIR,0.0,0.0027,0.0004,0.0,0.0,0.0
01-01 13,Barcelona FIR,0.0,0.0125,0.054,0.0045,0.0,0.0
01-01 13,Beograd FIR,0.0035,0.1596,0.4207,0.2419,0.0,0.0
01-01 13,Bordeaux FIR,0.0,0.0,0.0,0.0,0.0,0.0
01-01 13,Bratislava  FIR,0.0,0.0,0.0,0.0,0.0,0.0
01-01 13,Bremen FIR,0.2475,0.0495,0.0,0.0,0.0,0.0
01-01 13,Brest FIR,0.0,0.0,0.0017,0.0,0.0,0.0
01-01 13,Brindisi FIR,0.0037,0.3867,0.2902,0.0267,0.0,0.0
01-01 13,Brussels FIR,0.2758,0.0233,0.0,0.0,0.0,0.0
01-01 13,Bucarest FIR,0.0353,0.1283,0.2637,0.5003,0.0719,0.0
01-01 13,Budapest FIR,0.0527,0.0302,0.0094,0.0,0.0,0.0
01-01 13,Canarias FIR,0.0,0.0,0.0,0.0,0.0,0.0
01-01 13,Chisinau FIR,0.0599,0.5789,0.9088,0.8177,0.2549,0.0
01-01 13,Copenhagen FIR,0.1116,0.0389,0.0,0.0,0.0,0.0
01-01 13,Helsinki FIR,0.0009,0.0037,0.0,0.0113,0.0044,0.0
01-01 13,Langen FIR,0.1258,0.075,0.0119,0.0,0.0,0.0
01-01 13,Lisboa FIR,0.0,0.0,0.0732,0.0346,0.0,0.0
01-01 13,Ljubljana FIR,0.715,0.4231,0.3146,0.0,0.0,0.0
01-01 13,London FIR,0.0,0.0594,0.0646,0.0,0.0,0.0
01-01 13,Madrid FIR,0.0,0.0,0.0015,0.0015,0.0,0.0
01-01 13,Malta FIR,0.0,0.0,0.0,0.0,0.0,0.0
01-01 13,Marseille FIR,0.0234,0.1726,0.2259,0.0505,0.0,0.0
01-01 13,Milano FIR,0.4338,0.8568,0.4628,0.0079,0.0,0.0
01-01 13,Munchen FIR,0.0148,0.0184,0.0067,0.0,0.0,0.0
01-01 13,Paris FIR,0.0552,0.0074,0.0,0.0,0.0,0.0
01-01 13,Polaris FIR,0.0034,0.043,0.048,0.0519,0.0064,0.0
01-01 13,Praha FIR,0.0,0.0,0.0,0.0,0.0,0.0
01-01 13,Reims FIR,0.4738,0.263,0.0,0.0,0.0,0.0
01-01 13,Reykjavik FIR,0.2225,0.2848,0.205,0.0717,0.0,0.0
01-01 13,Riga FIR,0.0317,0.0881,0.2904,0.0449,0.0,0.0
01-01 13,Roma FIR,0.0031,0.125,0.2021,0.0351,0.0,0.0
01-01 13,Santa Maria FIR,0.0,0.0001,0.0347,0.0959,0.0368,0.0
01-01 13,Sarajevo FIR,0.0412,0.4895,0.5172,0.2489,0.0,0.0
01-01 13,Scottish FIR,0.002,0.0344,0.0065,0.0,0.0,0.0
01-01 13,Shannon FIR,0.0014,0.0949,0.175,0.0,0.0,0.0
01-01 13,Skopje FIR,0.0,0.0,0.0076,0.0,0.0,0.0
01-01 13,Sofia FIR,0.0379,0.1833,0.2147,0.0143,0.0,0.0
01-01 13,Sweden FIR,0.1136,0.085,0.0431,0.0023,0.0,0.0
01-01 13,Switzerland FIR,0.2157,0.2965,0.0687,0.0,0.0,0.0
01-01 13,Tallinn FIR,0.0018,0.0679,0.0948,0.0,0.0,0.0
01-01 13,Tirana FIR,0.0,0.0421,0.2666,0.0103,0.0,0.0
01-01 13,Vilnius FIR,0.0019,0.0,0.0706,0.0698,0.0,0.0
01-01 13,Warszawa FIR,0.2761,0.2828,0.1395,0.0129,0.0,0.0
01-01 13,Wien FIR,0.0816,0.0251,0.0,0.0,0.0,0.0
01-01 13,Zagreb FIR,0.1328,0.6625,0.5134,0.1214,0.0,0.0
01-01 14,Global,0.0231,0.0249,0.024,0.0229,0.0287,0.0308
01-01 14,Europe,0.0761,0.1262,0.1333,0.0355,0.0,0.0
01-01 14,European Airspace,0.0492,0.0916,0.1074,0.0688,0.0188,0.0
01-01 14,Africa Middle East,0.0004,0.0059,0.0134,0.0199,0.0431,0.0661
01-01 14,East Asia,0.0373,0.0221,0.0063,0.0015,0.0068,0.0062
01-01 14,Southeast Asia,0.0,0.0,0.0,0.0215,0.1316,0.205
01-01 14,India,0.0,0.0,0.0,0.0091,0.0362,0.0341
01-01 14,China,0.041,0.0422,0.0385,0.0119,0.0021,0.0
01-01 14,Latin America,0.0001,0.0011,0.0046,0.0045,0.012,0.028
01-01 14,USA,0.0005,0.0,0.0002,0.0012,0.0,0.0
01-01 14,North Atlantic,0.0157,0.0136,0.0389,0.0438,0.0111,0.0
01-01 14,North Pacific,0.0642,0.0487,0.0244,0.0083,0.0,0.0
01-01 14,Amsterdam FIR,0.0049,0.0,0.0,0.0,0.0,0.0
01-01 14,Athinai FIR,0.0015,0.0071,0.0004,0.0,0.0,0.0
01-01 14,Barcelona FIR,0.0,0.0154,0.0112,0.0,0.0,0.0
01-01 14,Beograd FIR,0.0259,0.3413,0.6227,0.1556,0.0,0.0
01-01 14,Bordeaux FIR,0.0,0.0,0.0,0.0,0.0,0.0
01-01 14,Bratislava  FIR,0.0,0.0,0.0,0.0,0.0,0.0
01-01 14,Bremen FIR,0.2421,0.0442,0.0,0.0,0.0,0.0
01-01 14,Brest FIR,0.0,0.0109,0.1405,0.0196,0.0,0.0
01-01 14,Brindisi FIR,0.0025,0.3372,0.3514,0.023,0.0,0.0
01-01 14,Brussels FIR,0.0743,0.0,0.0,0.0,0.0,0.0
01-01 14,Bucarest FIR,0.013,0.0659,0.213,0.4034,0.0544,0.0
01-01 14,Budapest FIR,0.1765,0.1131,0.0302,0.0,0.0,0.0
01-01 14,Canarias FIR,0.0,0.0,0.0,0.0002,0.0,0.0
01-01 14,Chisinau FIR,0.2016,0.6893,0.9803,0.9902,0.3285,0.0
01-01 14,Copenhagen FIR,0.0993,0.0312,0.0,0.0,0.0,0.0
01-01 14,Helsinki FIR,0.0015,0.008,0.0,0.0132,0.0055,0.0
01-01 14,Langen FIR,0.2834,0.114,0.0,0.0,0.0,0.0
01-01 14,Lisboa FIR,0.0,0.0094,0.1516,0.1109,0.01,0.0
01-01 14,Ljubljana FIR,0.921,0.805,0.3237,0.0,0.0,0.0
01-01 14,London FIR,0.0,0.2305,0.206,0.0,0.0,0.0
01-01 14,Madrid FIR,0.0,0.0,0.017,0.0056,0.0,0.0
01-01 14,Malta FIR,0.0,0.017,0.0224,0.0,0.0,0.0
01-01 14,Marseille FIR,0.0675,0.2714,0.2406,0.0603,0.0,0.0
01-01 14,Milano FIR,0.547,0.8444,0.3665,0.0,0.0,0.0
01-01 14,Munchen FIR,0.0979,0.0668,0.0284,0.0,0.0,0.0
01-01 14,Paris FIR,0.0042,0.0,0.0,0.0,0.0,0.0
01-01 14,Polaris FIR,0.0027,0.0436,0.0571,0.0642,0.0046,0.0
01-01 14,Praha FIR,0.0,0.0,0.0,0.0,0.0,0.0
01-01 14,Reims FIR,0.4135,0.1187,0.0,0.0,0.0,0.0
01-01 14,Reykjavik FIR,0.2065,0.2675,0.1974,0.0662,0.0,0.0
01-01 14,Riga FIR,0.0405,0.0604,0.2955,0.0347,0.0,0.0
01-01 14,Roma FIR,0.0188,0.2115,0.3077,0.0728,0.0,0.0
01-01 14,Santa Maria FIR,0.0,0.0001,0.0468,0.1239,0.0616,0.0
01-01 14,Sarajevo FIR,0.0,0.4843,0.5992,0.1547,0.0,0.0
01-01 14,Scottish FIR,0.0095,0.0571,0.0089,0.0,0.0,0.0
01-01 14,Shannon FIR,0.0,0.099,0.2418,0.0,0.0,0.0
01-01 14,Skopje FIR,0.0,0.0152,0.1211,0.0,0.0,0.0
01-01 14,Sofia FIR,0.0418,0.1506,0.1832,0.0233,0.0,0.0
01-01 14,Sweden FIR,0.137,0.1095,0.0477,0.0037,0.0,0.0
01-01 14,Switzerland FIR,0.3328,0.341,0.0491,0.0,0.0,0.0
01-01 14,Tallinn FIR,0.0018,0.0876,0.1071,0.0,0.0,0.0
01-01 14,Tirana FIR,0.0,0.3009,0.5783,0.026,0.0,0.0
01-01 14,Vilnius FIR,0.0,0.0,0.2113,0.1422,0.0,0.0
01-01 14,Warszawa FIR,0.2942,0.2858,0.1313,0.0112,0.0,0.0
01-01 14,Wien FIR,0.1566,0.0584,0.0187,0.0,0.0,0.0
01-01 14,Zagreb FIR,0.1969,0.7122,0.4736,0.0768,0.0,0.0
01-01 15,Global,0.0224,0.0245,0.024,0.0227,0.028,0.0301
01-01 15,Europe,0.0802,0.1398,0.1536,0.0535,0.0004,0.0
01-01 15,European Airspace,0.05,0.0969,0.1199,0.0766,0.0223,0.0
01-01 15,Africa Middle East,0.0003,0.0066,0.0164,0.0241,0.0516,0.074
01-01 15,East Asia,0.0355,0.016,0.0032,0.0016,0.0062,0.0052
01-01 15,Southeast Asia,0.0,0.0,0.0,0.0212,0.1305,0.2102
01-01 15,India,0.0,0.0,0.0,0.01,0.0355,0.0315
01-01 15,China,0.0373,0.0408,0.038,0.0113,0.0022,0.0
01-01 15,Latin America,0.0001,0.0013,0.0049,0.0039,0.0107,0.0244
01-01 15,USA,0.0,0.0,0.0,0.0004,0.0,0.0
01-01 15,North Atlantic,0.0203,0.016,0.0458,0.0511,0.0134,0.0
01-01 15,North Pacific,0.0601,0.0462,0.0209,0.007,0.0,0.0
01-01 15,Amsterdam FIR,0.0016,0.0035,0.0018,0.0,0.0,0.0
01-01 15,Athinai FIR,0.0027,0.0007,0.0007,0.0,0.0,0.0
01-01 15,Barcelona FIR,0.0,0.0,0.0,0.0,0.0,0.0
01-01 15,Beograd FIR,0.1005,0.5301,0.6396,0.1185,0.0,0.0
01-01 15,Bordeaux FIR,0.0,0.0,0.0,0.0,0.0,0.0
01-01 15,Bratislava  FIR,0.0,0.0,0.0,0.0,0.0,0.0
01-01 15,Bremen FIR,0.2121,0.0337,0.0,0.0,0.0,0.0
01-01 15,Brest FIR,0.0,0.0804,0.2917,0.0206,0.0,0.0
01-01 15,Brindisi FIR,0.0037,0.2804,0.2869,0.0183,0.0,0.0
01-01 15,Brussels FIR,0.0,0.027,0.0135,0.0,0.0,0.0
01-01 15,Bucarest FIR,0.008,0.0729,0.1955,0.3031,0.0385,0.0
01-01 15,Budapest FIR,0.2606,0.2032,0.049,0.0,0.0,0.0
01-01 15,Canarias FIR,0.0,0.0,0.0,0.0,0.0,0.0
01-01 15,Chisinau FIR,0.0902,0.2851,0.7516,0.9348,0.2893,0.0
01-01 15,Copenhagen FIR,0.0754,0.0268,0.0,0.0,0.0,0.0
01-01 15,Helsinki FIR,0.0,0.0046,0.0011,0.0196,0.0072,0.0
01-01 15,Langen FIR,0.3019,0.0834,0.0,0.0,0.0,0.0
01-01 15,Lisboa FIR,0.0,0.0438,0.2047,0.1887,0.0362,0.0
01-01 15,Ljubljana FIR,0.7441,0.9806,0.3236,0.0,0.0,0.0
01-01 15,London FIR,0.0051,0.3049,0.2838,0.0,0.0,0.0
01-01 15,Madrid FIR,0.0,0.013,0.0521,0.0293,0.0045,0.0
01-01 15,Malta FIR,0.0,0.046,0.0533,0.0,0.0,0.0
01-01 15,Marseille FIR,0.0714,0.2009,0.194,0.0405,0.0,0.0
01-01 15,Milano FIR,0.5812,0.8079,0.3147,0.0,0.0,0.0
01-01 15,Munchen FIR,0.2347,0.1458,0.0285,0.0,0.0,0.0
01-01 15,Paris FIR,0.0,0.0732,0.035,0.0,0.0,0.0
01-01 15,Polaris FIR,0.0044,0.0597,0.0602,0.0735,0.0033,0.0
01-01 15,Praha FIR,0.0,0.0,0.0,0.0,0.0,0.0
01-01 15,Reims FIR,0.1864,0.0031,0.0,0.0,0.0,0.0
01-01 15,Reykjavik FIR,0.1821,0.2514,0.1888,0.0622,0.0,0.0
01-01 15,Riga FIR,0.0447,0.0353,0.3036,0.0468,0.0,0.0
01-01 15,Roma FIR,0.0232,0.2435,0.3788,0.1195,0.0,0.0
01-01 15,Santa Maria FIR,0.0,0.0002,0.0662,0.1489,0.0786,0.0
01-01 15,Sarajevo FIR,0.0522,0.4769,0.7512,0.177,0.0,0.0
01-01 15,Scottish FIR,0.0205,0.0826,0.0116,0.0,0.0,0.0
01-01 15,Shannon FIR,0.0,0.0786,0.1549,0.0,0.0,0.0
01-01 15,Skopje FIR,0.0,0.1818,0.4618,0.0454,0.0,0.0
01-01 15,Sofia FIR,0.03,0.1558,0.1648,0.0246,0.0039,0.0
01-01 15,Sweden FIR,0.1776,0.1291,0.0479,0.0051,0.0,0.0
01-01 15,Switzerland FIR,0.2928,0.2196,0.0082,0.0,0.0,0.0
01-01 15,Tallinn FIR,0.0018,0.107,0.1338,0.0,0.0,0.0
01-01 15,Tirana FIR,0.0,0.5249,0.5113,0.0577,0.0,0.0
01-01 15,Vilnius FIR,0.0,0.0094,0.3622,0.1413,0.0,0.0
01-01 15,Warszawa FIR,0.3039,0.275,0.0951,0.0032,0.0,0.0
01-01 15,Wien FIR,0.1811,0.1314,0.0312,0.0,0.0,0.0
01-01 15,Zagreb FIR,0.1383,0.6907,0.549,0.1044,0.0,0.0
01-01 16,Global,0.0218,0.0239,0.0239,0.0223,0.0272,0.0294
01-01 16,Europe,0.0766,0.1425,0.1639,0.0705,0.003,0.0
01-01 16,European Airspace,0.0492,0.0979,0.1264,0.0833,0.0264,0.0
01-01 16,Africa Middle East,0.0002,0.0065,0.0178,0.0274,0.0596,0.0781
01-01 16,East Asia,0.0302,0.0109,0.0012,0.0015,0.0052,0.0043
01-01 16,Southeast Asia,0.0,0.0,0.0,0.0215,0.1279,0.2071
01-01 16,India,0.0,0.0,0.0,0.01,0.0321,0.0268
01-01 16,China,0.0316,0.0386,0.0364,0.0102,0.0021,0.0
01-01 16,Latin America,0.0001,0.0016,0.0058,0.004,0.0111,0.026
01-01 16,USA,0.0,0.0001,0.0001,0.0,0.0,0.0
01-01 16,North Atlantic,0.0267,0.0182,0.0488,0.0587,0.016,0.0
01-01 16,North Pacific,0.0551,0.0433,0.0189,0.0047,0.0,0.0
01-01 16,Amsterdam FIR,0.0,0.0458,0.0247,0.0,0.0,0.0
01-01 16,Athinai FIR,0.0015,0.0061,0.0086,0.0,0.0,0.0
01-01 16,Barcelona FIR,0.0,0.0,0.0,0.0,0.0,0.0
01-01 16,Beograd FIR,0.2445,0.5745,0.6627,0.1249,0.0,0.0
01-01 16,Bordeaux FIR,0.0,0.0242,0.0084,0.0,0.0,0.0
01-01 16,Bratislava  FIR,0.0,0.0,0.0,0.0,0.0,0.0
01-01 16,Bremen FIR,0.165,0.0199,0.0,0.0,0.0,0.0
01-01 16,Brest FIR,0.0,0.1002,0.2755,0.0284,0.0,0.0
01-01 16,Brindisi FIR,0.0098,0.2435,0.2214,0.0123,0.0,0.0
01-01 16,Brussels FIR,0.0,0.1312,0.0542,0.0,0.0,0.0
01-01 16,Bucarest FIR,0.0166,0.1122,0.2036,0.2213,0.0315,0.0
01-01 16,Budapest FIR,0.2267,0.2145,0.0414,0.0,0.0,0.0
01-01 16,Canarias FIR,0.0,0.0,0.0039,0.0011,0.0,0.0
01-01 16,Chisinau FIR,0.0,0.0151,0.2618,0.857,0.2254,0.0
01-01 16,Copenhagen FIR,0.0732,0.0214,0.0,0.0,0.0,0.0
01-01 16,Helsinki FIR,0.0,0.0034,0.0066,0.0264,0.0077,0.0
01-01 16,Langen FIR,0.2108,0.0133,0.0,0.0,0.0,0.0
01-01 16,Lisboa FIR,0.0,0.0595,0.2093,0.2445,0.0555,0.0
01-01 16,Ljubljana FIR,0.6652,0.9903,0.3236,0.0,0.0,0.0
01-01 16,London FIR,0.0091,0.2833,0.2967,0.0035,0.0,0.0
01-01 16,Madrid FIR,0.0,0.0203,0.0813,0.072,0.0097,0.0
01-01 16,Malta FIR,0.0,0.0427,0.102,0.0327,0.0,0.0
01-01 16,Marseille FIR,0.014,0.1191,0.1342,0.0141,0.0,0.0
01-01 16,Milano FIR,0.5584,0.6896,0.2723,0.0,0.0,0.0
01-01 16,Munchen FIR,0.3641,0.1556,0.0117,0.0,0.0,0.0
01-01 16,Paris FIR,0.0084,0.2264,0.0725,0.0,0.0,0.0
01-01 16,Polaris FIR,0.0147,0.085,0.0568,0.0709,0.0043,0.0
01-01 16,Praha FIR,0.0041,0.0,0.0,0.0,0.0,0.0
01-01 16,Reims FIR,0.0155,0.0,0.0,0.0,0.0,0.0
01-01 16,Reykjavik FIR,0.1683,0.2402,0.1782,0.0594,0.0,0.0
01-01 16,Riga FIR,0.0356,0.0254,0.3372,0.0467,0.0,0.0
01-01 16,Roma FIR,0.0185,0.2609,0.5023,0.1754,0.0,0.0
01-01 16,Santa Maria FIR,0.0,0.0017,0.0887,0.1709,0.0934,0.0
01-01 16,Sarajevo FIR,0.0373,0.6235,0.8222,0.2334,0.0,0.0
01-01 16,Scottish FIR,0.0439,0.1182,0.0118,0.0,0.0,0.0
01-01 16,Shannon FIR,0.0007,0.0494,0.0915,0.0,0.0,0.0
01-01 16,Skopje FIR,0.0,0.4547,0.8785,0.1061,0.0,0.0
01-01 16,Sofia FIR,0.03,0.2201,0.1874,0.0104,0.0078,0.0
01-01 16,Sweden FIR,0.1997,0.1317,0.0462,0.0073,0.0,0.0
01-01 16,Switzerland FIR,0.1626,0.0447,0.0,0.0,0.0,0.0
01-01 16,Tallinn FIR,0.0053,0.1317,0.1621,0.0,0.0,0.0
01-01 16,Tirana FIR,0.0,0.4025,0.3275,0.0157,0.0,0.0
01-01 16,Vilnius FIR,0.0,0.038,0.5031,0.1262,0.0,0.0
01-01 16,Warszawa FIR,0.296,0.2729,0.0727,0.0,0.0,0.0
01-01 16,Wien FIR,0.2259,0.1622,0.0603,0.0,0.0,0.0
01-01 16,Zagreb FIR,0.1009,0.7271,0.5608,0.0962,0.0,0.0
01-01 17,Global,0.0213,0.0231,0.0233,0.0223,0.0266,0.0285
01-01 17,Europe,0.071,0.1317,0.1659,0.0786,0.0044,0.0
01-01 17,European Airspace,0.0477,0.0947,0.1282,0.0874,0.0286,0.0
01-01 17,Africa Middle East,0.0002,0.0063,0.0183,0.0308,0.0641,0.0792
01-01 17,East Asia,0.0241,0.007,0.0002,0.001,0.003,0.0028
01-01 17,Southeast Asia,0.0,0.0,0.0,0.0212,0.1208,0.1904
01-01 17,India,0.0,0.0,0.0,0.0099,0.0275,0.0223
01-01 17,China,0.0272,0.0355,0.0332,0.0083,0.0019,0.0
01-01 17,Latin America,0.0,0.0018,0.0068,0.0054,0.0149,0.0321
01-01 17,USA,0.0,0.0003,0.0004,0.0,0.0,0.0
01-01 17,North Atlantic,0.0345,0.0187,0.0497,0.0646,0.0174,0.0
01-01 17,North Pacific,0.0516,0.0436,0.0163,0.0029,0.0,0.0
01-01 17,Amsterdam FIR,0.0,0.1438,0.072,0.0,0.0,0.0
01-01 17,Athinai FIR,0.0,0.0202,0.0168,0.0,0.0,0.0
01-01 17,Barcelona FIR,0.0,0.0,0.0,0.0,0.0,0.0
01-01 17,Beograd FIR,0.2308,0.6078,0.675,0.1423,0.0,0.0
01-01 17,Bordeaux FIR,0.0021,0.1026,0.0444,0.0,0.0,0.0
01-01 17,Bratislava  FIR,0.0,0.0,0.0,0.0,0.0,0.0
01-01 17,Bremen FIR,0.108,0.0129,0.0,0.0,0.0,0.0
01-01 17,Brest FIR,0.0,0.0289,0.2256,0.0721,0.0,0.0
01-01 17,Brindisi FIR,0.0225,0.1471,0.165,0.0184,0.0,0.0
01-01 17,Brussels FIR,0.0,0.277,0.0905,0.0,0.0,0.0
01-01 17,Bucarest FIR,0.0462,0.1489,0.2591,0.1992,0.0266,0.0
01-01 17,Budapest FIR,0.0545,0.1263,0.0452,0.0,0.0,0.0
01-01 17,Canarias FIR,0.0,0.0,0.0074,0.0053,0.0,0.0
01-01 17,Chisinau FIR,0.0,0.0,0.2203,0.442,0.1006,0.0
01-01 17,Copenhagen FIR,0.0744,0.0171,0.0,0.0,0.0,0.0
01-01 17,Helsinki FIR,0.0,0.009,0.0123,0.0254,0.0055,0.0
01-01 17,Langen FIR,0.0354,0.0,0.0,0.0,0.0,0.0
01-01 17,Lisboa FIR,0.0,0.0214,0.2101,0.2522,0.0671,0.0
01-01 17,Ljubljana FIR,0.489,0.8637,0.2944,0.0,0.0,0.0
01-01 17,London FIR,0.0158,0.258,0.3421,0.0381,0.0,0.0
01-01 17,Madrid FIR,0.0,0.0183,0.0873,0.0952,0.0188,0.0
01-01 17,Malta FIR,0.0,0.0363,0.1167,0.0295,0.0,0.0
01-01 17,Marseille FIR,0.0018,0.0787,0.0578,0.0006,0.0,0.0
01-01 17,Milano FIR,0.4582,0.517,0.1842,0.0,0.0,0.0
01-01 17,Munchen FIR,0.4637,0.0648,0.0017,0.0,0.0,0.0
01-01 17,Paris FIR,0.0,0.2557,0.0929,0.0,0.0,0.0
01-01 17,Polaris FIR,0.0232,0.0902,0.0465,0.0565,0.0031,0.0
01-01 17,Praha FIR,0.0,0.0,0.0,0.0,0.0,0.0
01-01 17,Reims FIR,0.0,0.0,0.0,0.0,0.0,0.0
01-01 17,Reykjavik FIR,0.1615,0.2306,0.1677,0.0562,0.0,0.0
01-01 17,Riga FIR,0.0265,0.06,0.3604,0.0512,0.0,0.0
01-01 17,Roma FIR,0.0229,0.3114,0.6111,0.1944,0.0,0.0
01-01 17,Santa Maria FIR,0.0,0.0017,0.1045,0.1911,0.0996,0.0
01-01 17,Sarajevo FIR,0.0486,0.6421,0.799,0.2927,0.0,0.0
01-01 17,Scottish FIR,0.072,0.1535,0.0122,0.0,0.0,0.0
01-01 17,Shannon FIR,0.0007,0.0246,0.0244,0.0,0.0,0.0
01-01 17,Skopje FIR,0.0076,0.607,0.8104,0.1059,0.0,0.0
01-01 17,Sofia FIR,0.0247,0.2978,0.3156,0.0209,0.0013,0.0
01-01 17,Sweden FIR,0.2099,0.1272,0.0379,0.0057,0.0,0.0
01-01 17,Switzerland FIR,0.0285,0.0,0.0,0.0,0.0,0.0
01-01 17,Tallinn FIR,0.0303,0.1261,0.1439,0.0,0.0,0.0
01-01 17,Tirana FIR,0.0687,0.3761,0.3225,0.0,0.0,0.0
01-01 17,Vilnius FIR,0.0353,0.1334,0.5598,0.1354,0.0,0.0
01-01 17,Warszawa FIR,0.2803,0.2487,0.0748,0.0,0.0,0.0
01-01 17,Wien FIR,0.3036,0.214,0.0749,0.0,0.0,0.0
01-01 17,Zagreb FIR,0.0916,0.6043,0.5537,0.0617,0.0,0.0
01-01 18,Global,0.0208,0.0225,0.0227,0.0223,0.0257,0.0277
01-01 18,Europe,0.0682,0.1215,0.16,0.0777,0.0037,0.0
01-01 18,European Airspace,0.0463,0.0932,0.1295,0.09,0.0294,0.0
01-01 18,Africa Middle East,0.0001,0.0065,0.0183,0.0331,0.0649,0.0778
01-01 18,East Asia,0.0193,0.0039,0.0,0.0004,0.0017,0.0016
01-01 18,Southeast Asia,0.0,0.0,0.0,0.0198,0.1094,0.1702
01-01 18,India,0.0,0.0,0.0,0.0091,0.023,0.0155
01-01 18,China,0.0216,0.0314,0.0276,0.0068,0.001,0.0
01-01 18,Latin America,0.0,0.0019,0.0078,0.0077,0.023,0.0417
01-01 18,USA,0.0005,0.0012,0.0007,0.0,0.0001,0.0
01-01 18,North Atlantic,0.0423,0.0173,0.0498,0.0681,0.0177,0.0
01-01 18,North Pacific,0.0496,0.0439,0.0161,0.0025,0.0,0.0
01-01 18,Amsterdam FIR,0.0,0.3033,0.14,0.0,0.0,0.0
01-01 18,Athinai FIR,0.0018,0.0251,0.0243,0.0,0.0,0.0
01-01 18,Barcelona FIR,0.0,0.0,0.0,0.0,0.0,0.0
01-01 18,Beograd FIR,0.2092,0.6435,0.716,0.2097,0.0,0.0
01-01 18,Bordeaux FIR,0.0,0.0419,0.0454,0.0,0.0,0.0
01-01 18,Bratislava  FIR,0.0,0.0,0.0,0.0,0.0,0.0
01-01 18,Bremen FIR,0.0807,0.0129,0.0,0.0,0.0,0.0
01-01 18,Brest FIR,0.0,0.0011,0.2502,0.1548,0.0,0.0
01-01 18,Brindisi FIR,0.0096,0.185,0.1941,0.0282,0.0,0.0
01-01 18,Brussels FIR,0.0,0.4142,0.1721,0.0,0.0,0.0
01-01 18,Bucarest FIR,0.0568,0.2284,0.3675,0.2315,0.0259,0.0
01-01 18,Budapest FIR,0.0489,0.111,0.1071,0.0,0.0,0.0
01-01 18,Canarias FIR,0.0,0.0,0.0109,0.0084,0.0,0.0
01-01 18,Chisinau FIR,0.0,0.0398,0.3643,0.1868,0.005,0.0
01-01 18,Copenhagen FIR,0.0775,0.015,0.0,0.0,0.0,0.0
01-01 18,Helsinki FIR,0.0,0.016,0.0174,0.0264,0.0038,0.0
01-01 18,Langen FIR,0.0,0.0014,0.0014,0.0,0.0,0.0
01-01 18,Lisboa FIR,0.0,0.0089,0.1961,0.2263,0.058,0.0
01-01 18,Ljubljana FIR,0.4892,0.9417,0.3337,0.0,0.0,0.0
01-01 18,London FIR,0.0247,0.2379,0.2844,0.0729,0.0,0.0
01-01 18,Madrid FIR,0.0,0.0187,0.0954,0.0975,0.0104,0.0
01-01 18,Malta FIR,0.0,0.0384,0.1136,0.015,0.0,0.0
01-01 18,Marseille FIR,0.0031,0.0388,0.0094,0.0,0.0,0.0
01-01 18,Milano FIR,0.3456,0.3541,0.108,0.0,0.0,0.0
01-01 18,Munchen FIR,0.3262,0.0,0.0,0.0,0.0,0.0
01-01 18,Paris FIR,0.0,0.1772,0.1805,0.0,0.0,0.0
01-01 18,Polaris FIR,0.027,0.0678,0.0283,0.0437,0.0019,0.0
01-01 18,Praha FIR,0.0236,0.0,0.0,0.0,0.0,0.0
01-01 18,Reims FIR,0.0,0.0,0.0,0.0,0.0,0.0
01-01 18,Reykjavik FIR,0.1716,0.227,0.1596,0.0533,0.0,0.0
01-01 18,Riga FIR,0.0074,0.111,0.3788,0.0558,0.0,0.0
01-01 18,Roma FIR,0.0211,0.3347,0.6123,0.1532,0.0,0.0
01-01 18,Santa Maria FIR,0.0,0.0006,0.1109,0.2098,0.1018,0.0
01-01 18,Sarajevo FIR,0.0931,0.7455,0.7595,0.2651,0.0,0.0
01-01 18,Scottish FIR,0.0816,0.189,0.0162,0.0,0.0,0.0
01-01 18,Shannon FIR,0.0035,0.0034,0.0028,0.0,0.0,0.0
01-01 18,Skopje FIR,0.0534,0.5621,0.6215,0.0603,0.0,0.0
01-01 18,Sofia FIR,0.0091,0.3367,0.3454,0.0488,0.0,0.0
01-01 18,Sweden FIR,0.219,0.1292,0.0289,0.0,0.0,0.0
01-01 18,Switzerland FIR,0.0,0.0,0.0,0.0,0.0,0.0
01-01 18,Tallinn FIR,0.1498,0.1294,0.0887,0.0,0.0,0.0
01-01 18,Tirana FIR,0.0423,0.5451,0.3383,0.0,0.0,0.0
01-01 18,Vilnius FIR,0.0641,0.2065,0.5831,0.1293,0.0,0.0
01-01 18,Warszawa FIR,0.2732,0.2091,0.0736,0.0,0.0,0.0
01-01 18,Wien FIR,0.408,0.1815,0.0666,0.0,0.0,0.0
01-01 18,Zagreb FIR,0.1362,0.5132,0.599,0.0617,0.0,0.0
01-01 19,Global,0.0204,0.022,0.0226,0.0214,0.0242,0.0267
01-01 19,Europe,0.0634,0.114,0.1527,0.0752,0.0027,0.0
01-01 19,European Airspace,0.0456,0.0962,0.1309,0.092,0.029,0.0
01-01 19,Africa Middle East,0.0,0.0066,0.0181,0.0329,0.0617,0.0753
01-01 19,East Asia,0.0143,0.0023,0.0005,0.0002,0.0008,0.0007
01-01 19,Southeast Asia,0.0,0.0,0.0,0.0165,0.0919,0.1365
01-01 19,India,0.0,0.0,0.0,0.0074,0.0191,0.0081
01-01 19,China,0.016,0.0261,0.0232,0.0045,0.0,0.0
01-01 19,Latin America,0.0,0.0016,0.01,0.0122,0.0349,0.0528
01-01 19,USA,0.0034,0.0037,0.0035,0.0012,0.0007,0.0
01-01 19,North Atlantic,0.0435,0.015,0.0499,0.067,0.0171,0.0
01-01 19,North Pacific,0.0464,0.0453,0.0185,0.0025,0.0,0.0
01-01 19,Amsterdam FIR,0.0017,0.3962,0.2372,0.0,0.0,0.0
01-01 19,Athinai FIR,0.0065,0.0369,0.0268,0.0,0.0,0.0
01-01 19,Barcelona FIR,0.0,0.0,0.0,0.0,0.0,0.0
01-01 19,Beograd FIR,0.1787,0.7129,0.7124,0.2419,0.0,0.0
01-01 19,Bordeaux FIR,0.0,0.0418,0.0315,0.0,0.0,0.0
01-01 19,Bratislava  FIR,0.0,0.0,0.0,0.0,0.0,0.0
01-01 19,Bremen FIR,0.0578,0.0086,0.0,0.0,0.0,0.0
01-01 19,Brest FIR,0.0,0.0012,0.2366,0.1991,0.0,0.0
01-01 19,Brindisi FIR,0.0135,0.3681,0.3285,0.0405,0.0,0.0
01-01 19,Brussels FIR,0.0,0.3013,0.2915,0.0,0.0,0.0
01-01 19,Bucarest FIR,0.0559,0.336,0.4534,0.2704,0.0186,0.0
01-01 19,Budapest FIR,0.0826,0.201,0.1665,0.0,0.0,0.0
01-01 19,Canarias FIR,0.0,0.0,0.0148,0.0093,0.0,0.0
01-01 19,Chisinau FIR,0.0,0.3087,0.7951,0.4039,0.0,0.0
01-01 19,Copenhagen FIR,0.0505,0.0086,0.0,0.0,0.0,0.0
01-01 19,Helsinki FIR,0.0029,0.0279,0.0174,0.0335,0.0018,0.0
01-01 19,Langen FIR,0.0,0.0855,0.042,0.0,0.0,0.0
01-01 19,Lisboa FIR,0.0,0.009,0.1613,0.1933,0.0721,0.0
01-01 19,Ljubljana FIR,0.4304,0.922,0.3731,0.0,0.0,0.0
01-01 19,London FIR,0.0232,0.2284,0.2653,0.0324,0.0,0.0
01-01 19,Madrid FIR,0.0,0.0153,0.1467,0.1312,0.0022,0.0
01-01 19,Malta FIR,0.0,0.032,0.1489,0.0408,0.0,0.0
01-01 19,Marseille FIR,0.0025,0.0069,0.0006,0.0,0.0,0.0
01-01 19,Milano FIR,0.26,0.1996,0.0235,0.0,0.0,0.0
01-01 19,Munchen FIR,0.0987,0.0,0.0,0.0,0.0,0.0
01-01 19,Paris FIR,0.0,0.0906,0.1934,0.0,0.0,0.0
01-01 19,Polaris FIR,0.0233,0.0534,0.0195,0.0332,0.001,0.0
01-01 19,Praha FIR,0.0468,0.0,0.0,0.0,0.0,0.0
01-01 19,Reims FIR,0.0,0.0,0.0,0.0,0.0,0.0
01-01 19,Reykjavik FIR,0.1864,0.2264,0.1543,0.051,0.0,0.0
01-01 19,Riga FIR,0.0046,0.1631,0.3908,0.0483,0.0,0.0
01-01 19,Roma FIR,0.0193,0.2524,0.5248,0.1801,0.0,0.0
01-01 19,Santa Maria FIR,0.0,0.0007,0.1157,0.2152,0.097,0.0
01-01 19,Sarajevo FIR,0.0189,0.6318,0.8755,0.1337,0.0,0.0
01-01 19,Scottish FIR,0.0924,0.2244,0.0288,0.0,0.0,0.0
01-01 19,Shannon FIR,0.0,0.0,0.0,0.0,0.0,0.0
01-01 19,Skopje FIR,0.1296,0.554,0.6592,0.0528,0.0,0.0
01-01 19,Sofia FIR,0.0119,0.3526,0.3401,0.0609,0.0,0.0
01-01 19,Sweden FIR,0.2292,0.1442,0.0245,0.0,0.0,0.0
01-01 19,Switzerland FIR,0.0,0.0,0.0,0.0,0.0,0.0
01-01 19,Tallinn FIR,0.1596,0.1165,0.0353,0.0,0.0,0.0
01-01 19,Tirana FIR,0.0371,0.2001,0.1996,0.0572,0.0,0.0
01-01 19,Vilnius FIR,0.0986,0.2683,0.5511,0.1081,0.0,0.0
01-01 19,Warszawa FIR,0.2695,0.1937,0.0669,0.0,0.0,0.0
01-01 19,Wien FIR,0.3967,0.1232,0.0542,0.0,0.0,0.0
01-01 19,Zagreb FIR,0.1698,0.6313,0.5819,0.0762,0.0,0.0
01-01 20,Global,0.0202,0.0217,0.022,0.0202,0.0231,0.0254
01-01 20,Europe,0.0616,0.1088,0.1584,0.0773,0.0042,0.0
01-01 20,European Airspace,0.0468,0.0994,0.1328,0.0933,0.0271,0.0
01-01 20,Africa Middle East,0.0003,0.007,0.0176,0.0329,0.0577,0.0735
01-01 20,East Asia,0.0051,0.0011,0.0005,0.0,0.0,0.0002
01-01 20,Southeast Asia,0.0,0.0,0.0,0.0115,0.063,0.0873
01-01 20,India,0.0,0.0,0.0,0.0057,0.0127,0.004
01-01 20,China,0.0115,0.0234,0.019,0.0023,0.0,0.0
01-01 20,Latin America,0.0001,0.0016,0.0142,0.0169,0.0481,0.0666
01-01 20,USA,0.0085,0.0099,0.0085,0.0044,0.0031,0.0
01-01 20,North Atlantic,0.0456,0.0157,0.0462,0.0667,0.0152,0.0
01-01 20,North Pacific,0.0469,0.0465,0.0205,0.0021,0.0,0.0
01-01 20,Amsterdam FIR,0.0272,0.5052,0.3251,0.0,0.0,0.0
01-01 20,Athinai FIR,0.0075,0.063,0.0425,0.0018,0.0,0.0
01-01 20,Barcelona FIR,0.0,0.0,0.0,0.0,0.0,0.0
01-01 20,Beograd FIR,0.1099,0.6087,0.7279,0.2123,0.0,0.0
01-01 20,Bordeaux FIR,0.0,0.0445,0.0846,0.0,0.0,0.0
01-01 20,Bratislava  FIR,0.0,0.0,0.0037,0.0,0.0,0.0
01-01 20,Bremen FIR,0.049,0.0053,0.0009,0.0,0.0,0.0
01-01 20,Brest FIR,0.0,0.0052,0.2981,0.2119,0.0,0.0
01-01 20,Brindisi FIR,0.006,0.4539,0.5925,0.1156,0.0,0.0
01-01 20,Brussels FIR,0.0,0.1824,0.4642,0.0,0.0,0.0
01-01 20,Bucarest FIR,0.1025,0.5311,0.5459,0.2676,0.0135,0.0
01-01 20,Budapest FIR,0.1724,0.3133,0.2336,0.0,0.0,0.0
01-01 20,Canarias FIR,0.0,0.0,0.0183,0.0144,0.0,0.0
01-01 20,Chisinau FIR,0.0395,0.5675,0.8007,0.5635,0.0153,0.0
01-01 20,Copenhagen FIR,0.0441,0.0022,0.0,0.0,0.0,0.0
01-01 20,Helsinki FIR,0.0119,0.0442,0.0166,0.0371,0.0007,0.0
01-01 20,Langen FIR,0.0127,0.2623,0.1297,0.0,0.0,0.0
01-01 20,Lisboa FIR,0.0,0.0135,0.1461,0.2057,0.1381,0.0
01-01 20,Ljubljana FIR,0.3918,0.9314,0.2945,0.0,0.0,0.0
01-01 20,London FIR,0.0187,0.2123,0.2127,0.0113,0.0,0.0
01-01 20,Madrid FIR,0.0,0.005,0.1819,0.1634,0.0101,0.0
01-01 20,Malta FIR,0.0,0.0277,0.1393,0.077,0.0,0.0
01-01 20,Marseille FIR,0.0,0.0012,0.0012,0.0,0.0,0.0
01-01 20,Milano FIR,0.1511,0.0424,0.0,0.0,0.0,0.0
01-01 20,Munchen FIR,0.0066,0.0,0.0,0.0,0.0,0.0
01-01 20,Paris FIR,0.0,0.0524,0.161,0.0,0.0,0.0
01-01 20,Polaris FIR,0.0286,0.0411,0.0155,0.0247,0.0001,0.0
01-01 20,Praha FIR,0.0362,0.0,0.0,0.0,0.0,0.0
01-01 20,Reims FIR,0.0,0.0,0.0,0.0,0.0,0.0
01-01 20,Reykjavik FIR,0.1733,0.2135,0.1481,0.0487,0.0,0.0
01-01 20,Riga FIR,0.0182,0.1685,0.3161,0.0378,0.0,0.0
01-01 20,Roma FIR,0.0128,0.1484,0.4521,0.1942,0.0,0.0
01-01 20,Santa Maria FIR,0.0,0.0007,0.1159,0.2036,0.0822,0.0
01-01 20,Sarajevo FIR,0.0413,0.7698,0.879,0.0523,0.0,0.0
01-01 20,Scottish FIR,0.1157,0.246,0.0376,0.0,0.0,0.0
01-01 20,Shannon FIR,0.0,0.0,0.0022,0.0,0.0,0.0
01-01 20,Skopje FIR,0.1443,0.4317,0.4618,0.1738,0.0,0.0
01-01 20,Sofia FIR,0.0491,0.4643,0.4194,0.1361,0.0,0.0
01-01 20,Sweden FIR,0.2389,0.1375,0.0169,0.0,0.0,0.0
01-01 20,Switzerland FIR,0.0,0.0,0.0,0.0,0.0,0.0
01-01 20,Tallinn FIR,0.06,0.1127,0.0212,0.0,0.0,0.0
01-01 20,Tirana FIR,0.0,0.0,0.0363,0.0572,0.0,0.0
01-01 20,Vilnius FIR,0.2013,0.3421,0.5249,0.072,0.0,0.0
01-01 20,Warszawa FIR,0.278,0.178,0.0501,0.0,0.0,0.0
01-01 20,Wien FIR,0.3939,0.1086,0.0125,0.0,0.0,0.0
01-01 20,Zagreb FIR,0.2254,0.6871,0.4626,0.0864,0.0,0.0
01-01 21,Global,0.0201,0.0215,0.0216,0.0197,0.0221,0.0244
01-01 21,Europe,0.0559,0.102,0.1582,0.0829,0.0094,0.0
01-01 21,European Airspace,0.0487,0.1005,0.1325,0.0932,0.0237,0.0
01-01 21,Africa Middle East,0.0004,0.0075,0.0172,0.0335,0.0543,0.0701
01-01 21,East Asia,0.0005,0.0,0.0,0.0,0.0,0.0
01-01 21,Southeast Asia,0.0,0.0,0.0,0.0066,0.0296,0.0447
01-01 21,India,0.0,0.0,0.0,0.0032,0.0072,0.0017
01-01 21,China,0.009,0.0213,0.0134,0.0013,0.0,0.0
01-01 21,Latin America,0.0003,0.0029,0.0213,0.0215,0.0607,0.0781
01-01 21,USA,0.0144,0.018,0.0162,0.008,0.006,0.0
01-01 21,North Atlantic,0.0469,0.0159,0.0421,0.0646,0.0124,0.0
01-01 21,North Pacific,0.0511,0.0487,0.023,0.0018,0.0,0.0
01-01 21,Amsterdam FIR,0.0592,0.5154,0.31,0.0,0.0,0.0
01-01 21,Athinai FIR,0.0082,0.102,0.075,0.0064,0.0,0.0
01-01 21,Barcelona FIR,0.0,0.0,0.0,0.0,0.0,0.0
01-01 21,Beograd FIR,0.0507,0.4355,0.7408,0.1641,0.0,0.0
01-01 21,Bordeaux FIR,0.0,0.0934,0.1436,0.0,0.0,0.0
01-01 21,Bratislava  FIR,0.0144,0.0,0.0,0.0,0.0,0.0
01-01 21,Bremen FIR,0.0292,0.0882,0.0206,0.0,0.0,0.0
01-01 21,Brest FIR,0.0,0.0144,0.2749,0.2405,0.0,0.0
01-01 21,Brindisi FIR,0.0096,0.4085,0.714,0.1835,0.0,0.0
01-01 21,Brussels FIR,0.0,0.1242,0.6018,0.0,0.0,0.0
01-01 21,Bucarest FIR,0.2087,0.715,0.6613,0.3007,0.0099,0.0
01-01 21,Budapest FIR,0.2418,0.4567,0.2913,0.0,0.0,0.0
01-01 21,Canarias FIR,0.0,0.0,0.0204,0.0216,0.0,0.0
01-01 21,Chisinau FIR,0.2965,0.6701,0.8347,0.5572,0.0051,0.0
01-01 21,Copenhagen FIR,0.0215,0.0044,0.0011,0.0,0.0,0.0
01-01 21,Helsinki FIR,0.0199,0.0545,0.012,0.0292,0.0,0.0
01-01 21,Langen FIR,0.0245,0.3755,0.2491,0.0,0.0,0.0
01-01 21,Lisboa FIR,0.0,0.0139,0.1538,0.2431,0.167,0.0
01-01 21,Ljubljana FIR,0.5686,0.5291,0.0,0.0,0.0,0.0
01-01 21,London FIR,0.021,0.1666,0.1633,0.0086,0.0,0.0
01-01 21,Madrid FIR,0.0,0.0013,0.1578,0.176,0.0272,0.0
01-01 21,Malta FIR,0.0,0.0287,0.0837,0.0884,0.0117,0.0
01-01 21,Marseille FIR,0.0,0.0262,0.0204,0.0,0.0,0.0
01-01 21,Milano FIR,0.0179,0.0,0.0,0.0,0.0,0.0
01-01 21,Munchen FIR,0.0,0.0,0.0,0.0,0.0,0.0
01-01 21,Paris FIR,0.0,0.0415,0.1683,0.002,0.0,0.0
01-01 21,Polaris FIR,0.0364,0.0215,0.0078,0.0172,0.0,0.0
01-01 21,Praha FIR,0.015,0.0,0.0,0.0,0.0,0.0
01-01 21,Reims FIR,0.0,0.0221,0.0408,0.0,0.0,0.0
01-01 21,Reykjavik FIR,0.1557,0.1922,0.1395,0.044,0.0,0.0
01-01 21,Riga FIR,0.0136,0.1024,0.2415,0.0197,0.0,0.0
01-01 21,Roma FIR,0.0009,0.0503,0.4208,0.1921,0.0,0.0
01-01 21,Santa Maria FIR,0.0,0.0012,0.1142,0.1862,0.0669,0.0
01-01 21,Sarajevo FIR,0.097,0.8819,0.7296,0.0229,0.0,0.0
01-01 21,Scottish FIR,0.1316,0.2438,0.0404,0.0,0.0,0.0
01-01 21,Shannon FIR,0.0,0.0051,0.0007,0.0,0.0,0.0
01-01 21,Skopje FIR,0.0531,0.1285,0.2641,0.166,0.0,0.0
01-01 21,Sofia FIR,0.1084,0.5741,0.5172,0.2233,0.0,0.0
01-01 21,Sweden FIR,0.2073,0.0882,0.0027,0.0,0.0,0.0
01-01 21,Switzerland FIR,0.0,0.0,0.0,0.0,0.0,0.0
01-01 21,Tallinn FIR,0.014,0.1321,0.0052,0.0,0.0,0.0
01-01 21,Tirana FIR,0.0,0.0534,0.2295,0.1056,0.0,0.0
01-01 21,Vilnius FIR,0.253,0.4153,0.4874,0.0645,0.0,0.0
01-01 21,Warszawa FIR,0.2883,0.1638,0.0379,0.0,0.0,0.0
01-01 21,Wien FIR,0.2856,0.0604,0.0,0.0,0.0,0.0
01-01 21,Zagreb FIR,0.2844,0.6084,0.46,0.0594,0.0,0.0
01-01 22,Global,0.0196,0.0215,0.0225,0.0198,0.0226,0.0251
01-01 22,Europe,0.047,0.0894,0.1589,0.0944,0.012,0.0
01-01 22,European Airspace,0.0476,0.0987,0.133,0.0915,0.0184,0.0
01-01 22,Africa Middle East,0.0004,0.0079,0.0171,0.035,0.0572,0.0696
01-01 22,East Asia,0.0,0.0,0.0,0.0,0.0,0.0001
01-01 22,Southeast Asia,0.0,0.0,0.0,0.0018,0.0075,0.0304
01-01 22,India,0.0,0.0,0.0,0.0018,0.0033,0.001
01-01 22,China,0.0059,0.0169,0.0086,0.0006,0.0,0.0
01-01 22,Latin America,0.0004,0.0058,0.0273,0.0258,0.0734,0.0885
01-01 22,USA,0.0182,0.0265,0.0236,0.0112,0.0093,0.0004
01-01 22,North Atlantic,0.0458,0.015,0.0411,0.0648,0.0079,0.0
01-01 22,North Pacific,0.0579,0.0528,0.0291,0.0023,0.0001,0.0
01-01 22,Amsterdam FIR,0.0499,0.4465,0.3071,0.0,0.0,0.0
01-01 22,Athinai FIR,0.0114,0.1105,0.1071,0.015,0.0,0.0
01-01 22,Barcelona FIR,0.0,0.0,0.0,0.0,0.0,0.0
01-01 22,Beograd FIR,0.0265,0.4351,0.7608,0.1216,0.0,0.0
01-01 22,Bordeaux FIR,0.0,0.109,0.1735,0.0011,0.0,0.0
01-01 22,Bratislava  FIR,0.018,0.0,0.0,0.0,0.0,0.0
01-01 22,Bremen FIR,0.0095,0.2306,0.0711,0.0,0.0,0.0
01-01 22,Brest FIR,0.0,0.0171,0.3401,0.373,0.0,0.0
01-01 22,Brindisi FIR,0.0,0.1971,0.7144,0.1894,0.0,0.0
01-01 22,Brussels FIR,0.0,0.0555,0.5305,0.0091,0.0,0.0
01-01 22,Bucarest FIR,0.2499,0.7625,0.758,0.2915,0.0028,0.0
01-01 22,Budapest FIR,0.4256,0.5196,0.1813,0.0,0.0,0.0
01-01 22,Canarias FIR,0.0,0.0,0.0165,0.0342,0.0,0.0
01-01 22,Chisinau FIR,0.4541,0.7227,0.8845,0.5371,0.0,0.0
01-01 22,Copenhagen FIR,0.0033,0.0411,0.0065,0.0,0.0,0.0
01-01 22,Helsinki FIR,0.0259,0.059,0.0024,0.0211,0.0,0.0
01-01 22,Langen FIR,0.0,0.3288,0.2896,0.0,0.0,0.0
01-01 22,Lisboa FIR,0.0,0.0185,0.1559,0.225,0.1531,0.0
01-01 22,Ljubljana FIR,0.3528,0.0878,0.0,0.0,0.0,0.0
01-01 22,London FIR,0.0126,0.1117,0.0904,0.0043,0.0,0.0
01-01 22,Madrid FIR,0.0,0.0093,0.2089,0.2429,0.0286,0.0
01-01 22,Malta FIR,0.0,0.0339,0.0763,0.067,0.0275,0.0
01-01 22,Marseille FIR,0.0,0.042,0.0379,0.0,0.0,0.0
01-01 22,Milano FIR,0.0,0.0,0.0,0.0,0.0,0.0
01-01 22,Munchen FIR,0.0,0.0144,0.0065,0.0,0.0,0.0
01-01 22,Paris FIR,0.0,0.0098,0.2964,0.0062,0.0,0.0
01-01 22,Polaris FIR,0.0374,0.0099,0.005,0.0143,0.0,0.0
01-01 22,Praha FIR,0.0022,0.0,0.0,0.0,0.0,0.0
01-01 22,Reims FIR,0.0,0.1483,0.2448,0.0,0.0,0.0
01-01 22,Reykjavik FIR,0.1206,0.1687,0.1284,0.0395,0.0,0.0
01-01 22,Riga FIR,0.009,0.0348,0.1695,0.0061,0.0,0.0
01-01 22,Roma FIR,0.0,0.006,0.3293,0.2058,0.0014,0.0
01-01 22,Santa Maria FIR,0.0,0.0004,0.1058,0.1665,0.0518,0.0
01-01 22,Sarajevo FIR,0.0222,0.8012,0.5786,0.0229,0.0,0.0
01-01 22,Scottish FIR,0.1625,0.2387,0.0332,0.0,0.0,0.0
01-01 22,Shannon FIR,0.0,0.0,0.0,0.0,0.0,0.0
01-01 22,Skopje FIR,0.0,0.0,0.1364,0.2044,0.0,0.0
01-01 22,Sofia FIR,0.1611,0.6151,0.5949,0.2789,0.0,0.0
01-01 22,Sweden FIR,0.1609,0.0526,0.0,0.0,0.0,0.0
01-01 22,Switzerland FIR,0.0,0.0,0.0,0.0,0.0,0.0
01-01 22,Tallinn FIR,0.021,0.1426,0.0,0.0,0.0,0.0
01-01 22,Tirana FIR,0.0,0.2132,0.8006,0.2642,0.0,0.0
01-01 22,Vilnius FIR,0.2917,0.4325,0.3366,0.0607,0.0,0.0
01-01 22,Warszawa FIR,0.2889,0.1519,0.0324,0.0,0.0,0.0
01-01 22,Wien FIR,0.0664,0.0083,0.0,0.0,0.0,0.0
01-01 22,Zagreb FIR,0.2073,0.4296,0.3346,0.0565,0.0,0.0
01-01 23,Global,0.0198,0.0225,0.0235,0.0198,0.0229,0.0245
01-01 23,Europe,0.044,0.0803,0.1548,0.1067,0.0127,0.0
01-01 23,European Airspace,0.0481,0.0977,0.1285,0.0865,0.0151,0.0
01-01 23,Africa Middle East,0.0004,0.0082,0.0175,0.0363,0.0574,0.0651
01-01 23,East Asia,0.0,0.0,0.0,0.0,0.0002,0.0004
01-01 23,Southeast Asia,0.0,0.0,0.0,0.0003,0.0054,0.0354
01-01 23,India,0.0,0.0,0.0,0.0009,0.0008,0.0004
01-01 23,China,0.0039,0.0133,0.0061,0.0001,0.0,0.0
01-01 23,Latin America,0.0004,0.0133,0.0323,0.0276,0.077,0.091
01-01 23,USA,0.024,0.0332,0.0282,0.013,0.0119,0.0006
01-01 23,North Atlantic,0.0487,0.0154,0.0365,0.0619,0.0045,0.0
01-01 23,North Pacific,0.0613,0.0602,0.0385,0.0033,0.0003,0.0
01-01 23,Amsterdam FIR,0.0527,0.3556,0.1759,0.0,0.0,0.0
01-01 23,Athinai FIR,0.0082,0.1158,0.1352,0.0268,0.0,0.0
01-01 23,Barcelona FIR,0.0,0.0,0.0,0.0,0.0,0.0
01-01 23,Beograd FIR,0.005,0.5808,0.7866,0.1172,0.0,0.0
01-01 23,Bordeaux FIR,0.0,0.0871,0.1958,0.0246,0.0,0.0
01-01 23,Bratislava  FIR,0.0073,0.0,0.0,0.0,0.0,0.0
01-01 23,Bremen FIR,0.02,0.3071,0.0883,0.0,0.0,0.0
01-01 23,Brest FIR,0.0,0.0341,0.4533,0.5351,0.0,0.0
01-01 23,Brindisi FIR,0.0,0.0687,0.7071,0.2673,0.0,0.0
01-01 23,Brussels FIR,0.0,0.0093,0.5132,0.0,0.0,0.0
01-01 23,Bucarest FIR,0.2267,0.7337,0.7825,0.2673,0.0,0.0
01-01 23,Budapest FIR,0.5365,0.3977,0.0299,0.0,0.0,0.0
01-01 23,Canarias FIR,0.0,0.0,0.0144,0.0356,0.0026,0.0
01-01 23,Chisinau FIR,0.4208,0.8935,1.0,0.5828,0.0,0.0
01-01 23,Copenhagen FIR,0.0141,0.1003,0.0269,0.0,0.0,0.0
01-01 23,Helsinki FIR,0.03,0.043,0.0,0.018,0.0,0.0
01-01 23,Langen FIR,0.0,0.1744,0.2326,0.0,0.0,0.0
01-01 23,Lisboa FIR,0.0,0.0211,0.1371,0.1923,0.1163,0.0
01-01 23,Ljubljana FIR,0.0292,0.0,0.0,0.0,0.0,0.0
01-01 23,London FIR,0.0051,0.0643,0.0387,0.0085,0.0,0.0
01-01 23,Madrid FIR,0.0,0.0148,0.2663,0.2938,0.0184,0.0
01-01 23,Malta FIR,0.0,0.0297,0.0583,0.0935,0.07,0.0
01-01 23,Marseille FIR,0.0,0.0269,0.0391,0.0,0.0,0.0
01-01 23,Milano FIR,0.0,0.0011,0.0,0.0,0.0,0.0
01-01 23,Munchen FIR,0.0,0.0555,0.0175,0.0,0.0,0.0
01-01 23,Paris FIR,0.0,0.0129,0.2494,0.0156,0.0,0.0
01-01 23,Polaris FIR,0.0384,0.0142,0.001,0.0116,0.0,0.0
01-01 23,Praha FIR,0.0,0.0,0.0,0.0,0.0,0.0
01-01 23,Reims FIR,0.0,0.3546,0.5374,0.0,0.0,0.0
01-01 23,Reykjavik FIR,0.1018,0.1504,0.114,0.0356,0.0,0.0
01-01 23,Riga FIR,0.0151,0.0278,0.0941,0.0,0.0,0.0
01-01 23,Roma FIR,0.0,0.0038,0.2843,0.2139,0.0063,0.0
01-01 23,Santa Maria FIR,0.0,0.0016,0.0992,0.1537,0.0449,0.0
01-01 23,Sarajevo FIR,0.0407,0.7572,0.4033,0.0115,0.0,0.0
01-01 23,Scottish FIR,0.1896,0.223,0.0268,0.0,0.0,0.0
01-01 23,Shannon FIR,0.0,0.0,0.0,0.0,0.0,0.0
01-01 23,Skopje FIR,0.0,0.1597,0.5012,0.182,0.0,0.0
01-01 23,Sofia FIR,0.1846,0.5519,0.6441,0.3526,0.0,0.0
01-01 23,Sweden FIR,0.1275,0.0333,0.0,0.0,0.0,0.0
01-01 23,Switzerland FIR,0.0,0.0814,0.1095,0.0,0.0,0.0
01-01 23,Tallinn FIR,0.0192,0.0648,0.0,0.0,0.0,0.0
01-01 23,Tirana FIR,0.0,0.635,0.9946,0.3226,0.0,0.0
01-01 23,Vilnius FIR,0.3271,0.4707,0.2715,0.0625,0.0,0.0
01-01 23,Warszawa FIR,0.2586,0.1373,0.0233,0.0,0.0,0.0
01-01 23,Wien FIR,0.0,0.0,0.0,0.0,0.0,0.0
01-01 23,Zagreb FIR,0.1355,0.2275,0.2508,0.045,0.0,0.0
01-02 00,Global,0.02,0.0232,0.0238,0.0194,0.0232,0.0243
01-02 00,Europe,0.0389,0.07,0.1534,0.1078,0.0062,0.0
01-02 00,European Airspace,0.048,0.094,0.1172,0.077,0.0124,0.0
01-02 00,Africa Middle East,0.0004,0.0084,0.018,0.0351,0.0542,0.0587
01-02 00,East Asia,0.0,0.0,0.0,0.0001,0.0004,0.0006
01-02 00,Southeast Asia,0.0,0.0,0.0,0.0001,0.0077,0.0399
01-02 00,India,0.0,0.0,0.0001,0.0004,0.0005,0.0001
01-02 00,China,0.0019,0.0092,0.0042,0.0,0.0,0.0
01-02 00,Latin America,0.0005,0.0155,0.0331,0.0292,0.0802,0.0922
01-02 00,USA,0.0248,0.0369,0.0297,0.0134,0.0127,0.0006
01-02 00,North Atlantic,0.051,0.016,0.0304,0.0552,0.0029,0.0
01-02 00,North Pacific,0.0628,0.0661,0.0473,0.005,0.0004,0.0
01-02 00,Amsterdam FIR,0.0196,0.2269,0.0482,0.0,0.0,0.0
01-02 00,Athinai FIR,0.0071,0.1532,0.1791,0.0205,0.0,0.0
01-02 00,Barcelona FIR,0.0,0.0014,0.0021,0.0,0.0,0.0
01-02 00,Beograd FIR,0.0208,0.7386,0.7111,0.0719,0.0,0.0
01-02 00,Bordeaux FIR,0.0,0.0964,0.2349,0.0825,0.0,0.0
01-02 00,Bratislava  FIR,0.0,0.0,0.0,0.0,0.0,0.0
01-02 00,Bremen FIR,0.0258,0.3451,0.1304,0.0,0.0,0.0
01-02 00,Brest FIR,0.0,0.0304,0.4844,0.5359,0.0075,0.0
01-02 00,Brindisi FIR,0.0,0.0651,0.6451,0.222,0.0,0.0
01-02 00,Brussels FIR,0.0,0.0,0.4431,0.0,0.0,0.0
01-02 00,Bucarest FIR,0.2443,0.6695,0.5938,0.1334,0.0007,0.0
01-02 00,Budapest FIR,0.5128,0.1485,0.0,0.0,0.0,0.0
01-02 00,Canarias FIR,0.0,0.0,0.0104,0.0325,0.0047,0.0
01-02 00,Chisinau FIR,0.4056,0.8832,1.0,0.4271,0.0,0.0
01-02 00,Copenhagen FIR,0.0634,0.1847,0.071,0.0,0.0,0.0
01-02 00,Helsinki FIR,0.0321,0.0296,0.0,0.0138,0.0,0.0
01-02 00,Langen FIR,0.0,0.0533,0.2584,0.0,0.0,0.0
01-02 00,Lisboa FIR,0.0,0.0186,0.1296,0.1707,0.0783,0.0
01-02 00,Ljubljana FIR,0.0,0.0,0.0,0.0,0.0,0.0
01-02 00,London FIR,0.0,0.033,0.0225,0.0116,0.0,0.0
01-02 00,Madrid FIR,0.0,0.0263,0.2913,0.3125,0.0106,0.0
01-02 00,Malta FIR,0.0,0.0383,0.1487,0.1873,0.0448,0.0
01-02 00,Marseille FIR,0.0,0.0231,0.0353,0.0,0.0,0.0
01-02 00,Milano FIR,0.0,0.0518,0.0352,0.0,0.0,0.0
01-02 00,Munchen FIR,0.0,0.0336,0.0536,0.0,0.0,0.0
01-02 00,Paris FIR,0.0,0.0011,0.1869,0.0231,0.0,0.0
01-02 00,Polaris FIR,0.0367,0.0164,0.0026,0.0123,0.0,0.0
01-02 00,Praha FIR,0.0,0.0,0.0,0.0,0.0,0.0
01-02 00,Reims FIR,0.0,0.2831,0.4041,0.0,0.0,0.0
01-02 00,Reykjavik FIR,0.0843,0.1297,0.0955,0.0328,0.0,0.0
01-02 00,Riga FIR,0.0139,0.0354,0.0728,0.0,0.0,0.0
01-02 00,Roma FIR,0.0,0.0,0.2099,0.1888,0.0063,0.0
01-02 00,Santa Maria FIR,0.0,0.0014,0.0961,0.1488,0.0416,0.0
01-02 00,Sarajevo FIR,0.0296,0.582,0.2461,0.0,0.0,0.0
01-02 00,Scottish FIR,0.2132,0.2106,0.021,0.0,0.0,0.0
01-02 00,Shannon FIR,0.0,0.0,0.0,0.0,0.0,0.0
01-02 00,Skopje FIR,0.0226,0.6446,0.8563,0.0914,0.0,0.0
01-02 00,Sofia FIR,0.1714,0.5328,0.6315,0.2823,0.0,0.0
01-02 00,Sweden FIR,0.094,0.0131,0.0,0.0,0.0,0.0
01-02 00,Switzerland FIR,0.0,0.3693,0.4428,0.0,0.0,0.0
01-02 00,Tallinn FIR,0.0562,0.0226,0.0,0.0,0.0,0.0
01-02 00,Tirana FIR,0.0,0.5925,1.0,0.5305,0.0,0.0
01-02 00,Vilnius FIR,0.3631,0.5256,0.2584,0.0339,0.0,0.0
01-02 00,Warszawa FIR,0.2087,0.1125,0.0139,0.0,0.0,0.0
01-02 00,Wien FIR,0.0,0.0,0.0,0.0,0.0,0.0
01-02 00,Zagreb FIR,0.0378,0.1099,0.176,0.0017,0.0,0.0
01-02 01,Global,0.0201,0.0229,0.0232,0.019,0.0234,0.0237
01-02 01,Europe,0.037,0.0648,0.1383,0.0855,0.0021,0.0
01-02 01,European Airspace,0.0482,0.0865,0.0994,0.0631,0.0093,0.0
01-02 01,Africa Middle East,0.0004,0.0081,0.0164,0.0288,0.0469,0.0474
01-02 01,East Asia,0.0,0.0006,0.0,0.0002,0.0007,0.0007
01-02 01,Southeast Asia,0.0,0.0,0.0,0.0001,0.0097,0.0434
01-02 01,India,0.0,0.0,0.0001,0.0004,0.0005,0.0002
01-02 01,China,0.0007,0.0039,0.0014,0.0,0.0,0.0
01-02 01,Latin America,0.0006,0.015,0.0325,0.0309,0.0828,0.0928
01-02 01,USA,0.0232,0.0359,0.0323,0.0144,0.0134,0.0006
01-02 01,North Atlantic,0.0501,0.0157,0.0269,0.0476,0.0013,0.0
01-02 01,North Pacific,0.0637,0.0666,0.0512,0.0067,0.0003,0.0
01-02 01,Amsterdam FIR,0.0016,0.2121,0.0261,0.0,0.0,0.0
01-02 01,Athinai FIR,0.0035,0.1822,0.2391,0.0202,0.0,0.0
01-02 01,Barcelona FIR,0.0,0.0037,0.0199,0.0008,0.0,0.0
01-02 01,Beograd FIR,0.0328,0.655,0.5897,0.0018,0.0,0.0
01-02 01,Bordeaux FIR,0.0,0.0927,0.3793,0.1402,0.0,0.0
01-02 01,Bratislava  FIR,0.0,0.0,0.0,0.0,0.0,0.0
01-02 01,Bremen FIR,0.0456,0.4077,0.137,0.0,0.0,0.0
01-02 01,Brest FIR,0.0,0.024,0.4221,0.5119,0.0052,0.0
01-02 01,Brindisi FIR,0.0,0.0137,0.305,0.0183,0.0,0.0
01-02 01,Brussels FIR,0.0,0.0,0.4017,0.0,0.0,0.0
01-02 01,Bucarest FIR,0.2076,0.598,0.4374,0.0956,0.0,0.0
01-02 01,Budapest FIR,0.4687,0.0792,0.0,0.0,0.0,0.0
01-02 01,Canarias FIR,0.0,0.0,0.0068,0.0271,0.0059,0.0
01-02 01,Chisinau FIR,0.4748,0.8642,0.9657,0.2431,0.0,0.0
01-02 01,Copenhagen FIR,0.1293,0.2752,0.1192,0.0,0.0,0.0
01-02 01,Helsinki FIR,0.0296,0.022,0.0,0.0076,0.0,0.0
01-02 01,Langen FIR,0.0,0.1023,0.268,0.0,0.0,0.0
01-02 01,Lisboa FIR,0.0,0.0154,0.1095,0.135,0.0545,0.0
01-02 01,Ljubljana FIR,0.0,0.0,0.0,0.0,0.0,0.0
01-02 01,London FIR,0.0,0.0119,0.0217,0.0071,0.0,0.0
01-02 01,Madrid FIR,0.0,0.0411,0.2746,0.2941,0.0062,0.0
01-02 01,Malta FIR,0.0,0.0659,0.2529,0.1898,0.0268,0.0
01-02 01,Marseille FIR,0.0,0.0037,0.0006,0.0,0.0,0.0
01-02 01,Milano FIR,0.0,0.1073,0.1081,0.0,0.0,0.0
01-02 01,Munchen FIR,0.0,0.0429,0.1023,0.0,0.0,0.0
01-02 01,Paris FIR,0.0,0.0312,0.2755,0.0223,0.0,0.0
01-02 01,Polaris FIR,0.0298,0.0209,0.007,0.0182,0.0,0.0
01-02 01,Praha FIR,0.0,0.0,0.0,0.0,0.0,0.0
01-02 01,Reims FIR,0.0,0.1007,0.2697,0.0,0.0,0.0
01-02 01,Reykjavik FIR,0.0696,0.1034,0.074,0.0284,0.0,0.0
01-02 01,Riga FIR,0.0154,0.0415,0.0803,0.0,0.0,0.0
01-02 01,Roma FIR,0.0,0.0038,0.1598,0.0707,0.0053,0.0
01-02 01,Santa Maria FIR,0.0,0.0002,0.0979,0.141,0.0324,0.0
01-02 01,Sarajevo FIR,0.0075,0.286,0.0683,0.0,0.0,0.0
01-02 01,Scottish FIR,0.2529,0.1946,0.0071,0.0,0.0,0.0
01-02 01,Shannon FIR,0.0,0.0036,0.0,0.0,0.0,0.0
01-02 01,Skopje FIR,0.0301,0.5604,0.9773,0.2051,0.0,0.0
01-02 01,Sofia FIR,0.1647,0.6004,0.4937,0.1149,0.0,0.0
01-02 01,Sweden FIR,0.063,0.0062,0.0,0.0,0.0,0.0
01-02 01,Switzerland FIR,0.0,0.3736,0.495,0.0,0.0,0.0
01-02 01,Tallinn FIR,0.0474,0.0,0.0,0.0,0.0,0.0
01-02 01,Tirana FIR,0.0,0.3844,1.0,0.3508,0.0,0.0
01-02 01,Vilnius FIR,0.3851,0.5018,0.1816,0.0,0.0,0.0
01-02 01,Warszawa FIR,0.1779,0.0536,0.0,0.0,0.0,0.0
01-02 01,Wien FIR,0.0,0.0,0.0145,0.0,0.0,0.0
01-02 01,Zagreb FIR,0.0079,0.0364,0.0551,0.0,0.0,0.0
01-02 02,Global,0.02,0.0223,0.0222,0.0188,0.0232,0.0231
01-02 02,Europe,0.0357,0.0581,0.1035,0.0616,0.0002,0.0
01-02 02,European Airspace,0.047,0.0714,0.0778,0.0502,0.0066,0.0
01-02 02,Africa Middle East,0.0003,0.0058,0.0118,0.0218,0.0355,0.0352
01-02 02,East Asia,0.0001,0.0019,0.0,0.0003,0.0011,0.0008
01-02 02,Southeast Asia,0.0,0.0,0.0,0.0002,0.0119,0.0447
01-02 02,India,0.0,0.0,0.0002,0.0004,0.0004,0.0004
01-02 02,China,0.0005,0.0021,0.0009,0.0002,0.0,0.0
01-02 02,Latin America,0.0006,0.014,0.0312,0.0307,0.0837,0.091
01-02 02,USA,0.0207,0.035,0.0343,0.0168,0.0145,0.0002
01-02 02,North Atlantic,0.0495,0.0151,0.0231,0.0358,0.0006,0.0
01-02 02,North Pacific,0.0636,0.0658,0.0492,0.0075,0.0001,0.0
01-02 02,Amsterdam FIR,0.0,0.0855,0.0213,0.0,0.0,0.0
01-02 02,Athinai FIR,0.0,0.1984,0.2273,0.0,0.0,0.0
01-02 02,Barcelona FIR,0.0,0.0146,0.0903,0.0256,0.0,0.0
01-02 02,Beograd FIR,0.0166,0.3848,0.2214,0.0,0.0,0.0
01-02 02,Bordeaux FIR,0.0,0.1755,0.4944,0.1602,0.0,0.0
01-02 02,Bratislava  FIR,0.0,0.0,0.0,0.0,0.0,0.0
01-02 02,Bremen FIR,0.0695,0.4063,0.0802,0.0,0.0,0.0
01-02 02,Brest FIR,0.0,0.0041,0.2647,0.3776,0.0,0.0
01-02 02,Brindisi FIR,0.0,0.0,0.0205,0.0,0.0,0.0
01-02 02,Brussels FIR,0.0,0.0,0.2962,0.0,0.0,0.0
01-02 02,Bucarest FIR,0.2255,0.5007,0.3355,0.1092,0.0,0.0
01-02 02,Budapest FIR,0.3293,0.0385,0.0,0.0,0.0,0.0
01-02 02,Canarias FIR,0.0,0.0,0.0058,0.0197,0.0045,0.0
01-02 02,Chisinau FIR,0.4219,0.7872,0.7935,0.1845,0.0,0.0
01-02 02,Copenhagen FIR,0.1938,0.3647,0.1303,0.0,0.0,0.0
01-02 02,Helsinki FIR,0.0127,0.0056,0.0,0.0073,0.0,0.0
01-02 02,Langen FIR,0.0,0.0505,0.2294,0.0,0.0,0.0
01-02 02,Lisboa FIR,0.0,0.0105,0.0816,0.0928,0.0362,0.0
01-02 02,Ljubljana FIR,0.0,0.0,0.0,0.0,0.0,0.0
01-02 02,London FIR,0.0,0.0029,0.0088,0.0044,0.0,0.0
01-02 02,Madrid FIR,0.0,0.0419,0.2061,0.2464,0.0,0.0
01-02 02,Malta FIR,0.0,0.0892,0.1963,0.0204,0.0,0.0
01-02 02,Marseille FIR,0.0,0.0017,0.0069,0.0,0.0,0.0
01-02 02,Milano FIR,0.0,0.1039,0.1178,0.0,0.0,0.0
01-02 02,Munchen FIR,0.0,0.0674,0.1271,0.0,0.0,0.0
01-02 02,Paris FIR,0.0,0.0292,0.3675,0.1426,0.0,0.0
01-02 02,Polaris FIR,0.0285,0.0207,0.0104,0.0203,0.0,0.0
01-02 02,Praha FIR,0.0,0.0,0.0,0.0,0.0,0.0
01-02 02,Reims FIR,0.0,0.2981,0.406,0.0,0.0,0.0
01-02 02,Reykjavik FIR,0.0655,0.0767,0.0548,0.0203,0.0,0.0
01-02 02,Riga FIR,0.0476,0.0247,0.0422,0.0,0.0,0.0
01-02 02,Roma FIR,0.0,0.0053,0.0633,0.0072,0.0,0.0
01-02 02,Santa Maria FIR,0.0,0.001,0.0939,0.1267,0.0205,0.0
01-02 02,Sarajevo FIR,0.0037,0.0301,0.0,0.0,0.0,0.0
01-02 02,Scottish FIR,0.292,0.1561,0.0,0.0,0.0,0.0
01-02 02,Shannon FIR,0.0014,0.0352,0.0,0.0,0.0,0.0
01-02 02,Skopje FIR,0.0,0.3854,0.8869,0.0,0.0,0.0
01-02 02,Sofia FIR,0.1265,0.6387,0.4439,0.0344,0.0,0.0
01-02 02,Sweden FIR,0.0427,0.0004,0.0,0.0,0.0,0.0
01-02 02,Switzerland FIR,0.0,0.2194,0.3007,0.0,0.0,0.0
01-02 02,Tallinn FIR,0.0141,0.0,0.0,0.0,0.0,0.0
01-02 02,Tirana FIR,0.0,0.1464,0.4328,0.0,0.0,0.0
01-02 02,Vilnius FIR,0.4019,0.366,0.0936,0.0,0.0,0.0
01-02 02,Warszawa FIR,0.1583,0.0153,0.0,0.0,0.0,0.0
01-02 02,Wien FIR,0.0,0.0331,0.0394,0.0,0.0,0.0
01-02 02,Zagreb FIR,0.0,0.0,0.0067,0.0,0.0,0.0
01-02 03,Global,0.0197,0.0215,0.0215,0.0183,0.0225,0.0222
01-02 03,Europe,0.0326,0.0488,0.0755,0.0354,0.0,0.0
01-02 03,European Airspace,0.0419,0.053,0.0595,0.0368,0.0053,0.0
01-02 03,Africa Middle East,0.0,0.0034,0.0085,0.015,0.0214,0.0252
01-02 03,East Asia,0.0001,0.004,0.0004,0.0003,0.0008,0.0007
01-02 03,Southeast Asia,0.0,0.0,0.0,0.0004,0.0121,0.0445
01-02 03,India,0.0,0.0,0.0002,0.0004,0.0,0.0001
01-02 03,China,0.0008,0.0016,0.0013,0.0004,0.0,0.0
01-02 03,Latin America,0.0002,0.0136,0.0304,0.03,0.0833,0.0894
01-02 03,USA,0.0196,0.0342,0.0356,0.0193,0.015,0.0
01-02 03,North Atlantic,0.0517,0.0158,0.0187,0.0207,0.0003,0.0
01-02 03,North Pacific,0.0614,0.0646,0.0462,0.0074,0.0,0.0
01-02 03,Amsterdam FIR,0.0,0.0,0.0,0.0,0.0,0.0
01-02 03,Athinai FIR,0.0,0.165,0.1138,0.0,0.0,0.0
01-02 03,Barcelona FIR,0.0,0.0633,0.1584,0.063,0.0,0.0
01-02 03,Beograd FIR,0.0118,0.0418,0.0351,0.0053,0.0,0.0
01-02 03,Bordeaux FIR,0.0,0.1391,0.3867,0.0729,0.0,0.0
01-02 03,Bratislava  FIR,0.0,0.0,0.0,0.0,0.0,0.0
01-02 03,Bremen FIR,0.0589,0.1518,0.0154,0.0,0.0,0.0
01-02 03,Brest FIR,0.0,0.0,0.138,0.1398,0.0,0.0
01-02 03,Brindisi FIR,0.0,0.0,0.0013,0.0,0.0,0.0
01-02 03,Brussels FIR,0.0,0.0,0.0457,0.0,0.0,0.0
01-02 03,Bucarest FIR,0.1559,0.2224,0.2351,0.0984,0.0,0.0
01-02 03,Budapest FIR,0.1166,0.0,0.0,0.0,0.0,0.0
01-02 03,Canarias FIR,0.0,0.0,0.0028,0.0128,0.003,0.0
01-02 03,Chisinau FIR,0.3016,0.6068,0.6052,0.0507,0.0,0.0
01-02 03,Copenhagen FIR,0.2253,0.4066,0.0823,0.0,0.0,0.0
01-02 03,Helsinki FIR,0.0,0.0,0.0,0.0081,0.0,0.0
01-02 03,Langen FIR,0.0,0.0504,0.2299,0.0,0.0,0.0
01-02 03,Lisboa FIR,0.0,0.0065,0.0808,0.0899,0.0329,0.0
01-02 03,Ljubljana FIR,0.0,0.0,0.0,0.0,0.0,0.0
01-02 03,London FIR,0.0004,0.0197,0.0009,0.0,0.0,0.0
01-02 03,Madrid FIR,0.0,0.0348,0.1452,0.134,0.0,0.0
01-02 03,Malta FIR,0.0,0.0669,0.0606,0.0,0.0,0.0
01-02 03,Marseille FIR,0.0,0.0251,0.0309,0.0,0.0,0.0
01-02 03,Milano FIR,0.0,0.0659,0.0811,0.0,0.0,0.0
01-02 03,Munchen FIR,0.0,0.0763,0.096,0.0,0.0,0.0
01-02 03,Paris FIR,0.0,0.0065,0.3631,0.165,0.0,0.0
01-02 03,Polaris FIR,0.0365,0.0223,0.0188,0.0206,0.0,0.0
01-02 03,Praha FIR,0.0,0.0,0.0,0.0,0.0,0.0
01-02 03,Reims FIR,0.0,0.3051,0.4945,0.0,0.0,0.0
01-02 03,Reykjavik FIR,0.0616,0.0548,0.0372,0.0132,0.0,0.0
01-02 03,Riga FIR,0.0841,0.0077,0.0,0.0,0.0,0.0
01-02 03,Roma FIR,0.0,0.0,0.0,0.0,0.0,0.0
01-02 03,Santa Maria FIR,0.0,0.0025,0.0865,0.0991,0.009,0.0
01-02 03,Sarajevo FIR,0.0,0.0,0.0,0.0,0.0,0.0
01-02 03,Scottish FIR,0.3059,0.1318,0.0,0.0,0.0,0.0
01-02 03,Shannon FIR,0.0014,0.0354,0.0,0.0,0.0,0.0
01-02 03,Skopje FIR,0.0,0.0677,0.0906,0.0,0.0,0.0
01-02 03,Sofia FIR,0.0527,0.488,0.1911,0.0,0.0,0.0
01-02 03,Sweden FIR,0.0294,0.0,0.0,0.0,0.0,0.0
01-02 03,Switzerland FIR,0.0,0.5658,0.2441,0.0,0.0,0.0
01-02 03,Tallinn FIR,0.0106,0.0,0.0,0.0,0.0,0.0
01-02 03,Tirana FIR,0.0,0.0209,0.0526,0.0,0.0,0.0
01-02 03,Vilnius FIR,0.3329,0.1679,0.0057,0.0,0.0,0.0
01-02 03,Warszawa FIR,0.1172,0.0095,0.0,0.0,0.0,0.0
01-02 03,Wien FIR,0.0,0.0393,0.0476,0.0,0.0,0.0
01-02 03,Zagreb FIR,0.0,0.0,0.0017,0.0,0.0,0.0
01-02 04,Global,0.0197,0.0207,0.0211,0.0178,0.0217,0.0218
01-02 04,Europe,0.0278,0.0418,0.0513,0.013,0.0,0.0
01-02 04,European Airspace,0.035,0.0385,0.0464,0.027,0.005,0.0
01-02 04,Africa Middle East,0.0,0.0021,0.005,0.0084,0.0097,0.021
01-02 04,East Asia,0.001,0.0062,0.001,0.0003,0.0011,0.0007
01-02 04,Southeast Asia,0.0,0.0,0.0,0.0008,0.0175,0.0522
01-02 04,India,0.0,0.0,0.0002,0.0005,0.0,0.0
01-02 04,China,0.0014,0.0017,0.002,0.0009,0.0003,0.0
01-02 04,Latin America,0.0001,0.0133,0.0282,0.0284,0.0819,0.0833
01-02 04,USA,0.0192,0.0337,0.0406,0.0197,0.0144,0.0
01-02 04,North Atlantic,0.0566,0.0154,0.0142,0.0116,0.0002,0.0
01-02 04,North Pacific,0.0602,0.0615,0.0445,0.0063,0.0001,0.0
01-02 04,Amsterdam FIR,0.0,0.0,0.0,0.0,0.0,0.0
01-02 04,Athinai FIR,0.0,0.0616,0.0093,0.0,0.0,0.0
01-02 04,Barcelona FIR,0.0,0.1025,0.2089,0.0626,0.0,0.0
01-02 04,Beograd FIR,0.0,0.0035,0.0839,0.0262,0.0,0.0
01-02 04,Bordeaux FIR,0.0,0.0588,0.1302,0.0078,0.0,0.0
01-02 04,Bratislava  FIR,0.0,0.0,0.0,0.0,0.0,0.0
01-02 04,Bremen FIR,0.0052,0.0397,0.006,0.0,0.0,0.0
01-02 04,Brest FIR,0.0,0.0,0.0956,0.0606,0.0,0.0
01-02 04,Brindisi FIR,0.0,0.0,0.0025,0.0,0.0,0.0
01-02 04,Brussels FIR,0.0,0.0,0.0,0.0,0.0,0.0
01-02 04,Bucarest FIR,0.037,0.0529,0.2658,0.0969,0.0,0.0
01-02 04,Budapest FIR,0.0,0.0,0.0,0.0,0.0,0.0
01-02 04,Canarias FIR,0.0,0.0,0.0,0.0052,0.0,0.0
01-02 04,Chisinau FIR,0.1878,0.4575,0.6061,0.0355,0.0,0.0
01-02 04,Copenhagen FIR,0.1894,0.3548,0.0652,0.0,0.0,0.0
01-02 04,Helsinki FIR,0.0013,0.0,0.0002,0.0113,0.0,0.0
01-02 04,Langen FIR,0.0,0.0292,0.0957,0.0,0.0,0.0
01-02 04,Lisboa FIR,0.0,0.0069,0.09,0.0734,0.0129,0.0
01-02 04,Ljubljana FIR,0.0,0.0,0.0,0.0,0.0,0.0
01-02 04,London FIR,0.0054,0.0503,0.0029,0.0,0.0,0.0
01-02 04,Madrid FIR,0.0,0.0229,0.0793,0.0312,0.0,0.0
01-02 04,Malta FIR,0.0,0.0213,0.015,0.0,0.0,0.0
01-02 04,Marseille FIR,0.0,0.0455,0.0417,0.0,0.0,0.0
01-02 04,Milano FIR,0.0088,0.128,0.0579,0.0,0.0,0.0
01-02 04,Munchen FIR,0.0,0.0912,0.1027,0.0,0.0,0.0
01-02 04,Paris FIR,0.0,0.0,0.1548,0.0,0.0,0.0
01-02 04,Polaris FIR,0.045,0.025,0.0257,0.0187,0.0,0.0
01-02 04,Praha FIR,0.0,0.0,0.0,0.0,0.0,0.0
01-02 04,Reims FIR,0.0,0.0574,0.2636,0.0,0.0,0.0
01-02 04,Reykjavik FIR,0.059,0.0387,0.022,0.008,0.0,0.0
01-02 04,Riga FIR,0.0976,0.0,0.0,0.0,0.0,0.0
01-02 04,Roma FIR,0.0,0.0,0.0,0.0,0.0,0.0
01-02 04,Santa Maria FIR,0.0003,0.0021,0.0718,0.0645,0.0022,0.0
01-02 04,Sarajevo FIR,0.0,0.0,0.0,0.0,0.0,0.0
01-02 04,Scottish FIR,0.2855,0.1042,0.0,0.0,0.0,0.0
01-02 04,Shannon FIR,0.009,0.0,0.0,0.0,0.0,0.0
01-02 04,Skopje FIR,0.0,0.0,0.0755,0.0529,0.0,0.0
01-02 04,Sofia FIR,0.0,0.1228,0.0417,0.0538,0.0065,0.0
01-02 04,Sweden FIR,0.0216,0.0,0.0,0.0,0.0,0.0
01-02 04,Switzerland FIR,0.0,0.6117,0.3575,0.0,0.0,0.0
01-02 04,Tallinn FIR,0.0265,0.0,0.0,0.0,0.0,0.0
01-02 04,Tirana FIR,0.0,0.0,0.0682,0.0,0.0,0.0
01-02 04,Vilnius FIR,0.163,0.0114,0.0,0.0,0.0,0.0
01-02 04,Warszawa FIR,0.0858,0.0041,0.0,0.0,0.0,0.0
01-02 04,Wien FIR,0.0,0.056,0.056,0.0,0.0,0.0
01-02 04,Zagreb FIR,0.0,0.0,0.0,0.0,0.0,0.0
01-02 05,Global,0.0197,0.0205,0.0206,0.0176,0.0217,0.0221
01-02 05,Europe,0.0248,0.0265,0.0246,0.0074,0.0,0.0
01-02 05,European Airspace,0.0299,0.0286,0.0379,0.023,0.0058,0.0
01-02 05,Africa Middle East,0.0,0.0006,0.0026,0.0037,0.0046,0.0216
01-02 05,East Asia,0.0036,0.0085,0.0012,0.0001,0.0015,0.0009
01-02 05,Southeast Asia,0.0,0.0,0.0,0.0016,0.0283,0.0709
01-02 05,India,0.0,0.0,0.0003,0.0005,0.0,0.0
01-02 05,China,0.0017,0.0027,0.0031,0.0027,0.0005,0.0
01-02 05,Latin America,0.0001,0.0123,0.0212,0.0247,0.0779,0.075
01-02 05,USA,0.0179,0.0338,0.0403,0.0218,0.0129,0.0
01-02 05,North Atlantic,0.0603,0.0163,0.0099,0.0073,0.0001,0.0
01-02 05,North Pacific,0.0594,0.06,0.0425,0.005,0.0004,0.0
01-02 05,Amsterdam FIR,0.0,0.0,0.0,0.0,0.0,0.0
01-02 05,Athinai FIR,0.0,0.0007,0.0189,0.0011,0.0,0.0
01-02 05,Barcelona FIR,0.0,0.0807,0.1208,0.0,0.0,0.0
01-02 05,Beograd FIR,0.0,0.0018,0.0419,0.0,0.0,0.0
01-02 05,Bordeaux FIR,0.0,0.0,0.0129,0.0,0.0,0.0
01-02 05,Bratislava  FIR,0.0,0.0,0.0,0.0,0.0,0.0
01-02 05,Bremen FIR,0.0026,0.0275,0.0043,0.0,0.0,0.0
01-02 05,Brest FIR,0.0,0.0016,0.0898,0.0678,0.0,0.0
01-02 05,Brindisi FIR,0.0,0.0,0.0038,0.0,0.0,0.0
01-02 05,Brussels FIR,0.0,0.0,0.0,0.0,0.0,0.0
01-02 05,Bucarest FIR,0.0,0.0229,0.247,0.074,0.0,0.0
01-02 05,Budapest FIR,0.0,0.0,0.0,0.0,0.0,0.0
01-02 05,Canarias FIR,0.0,0.0,0.0,0.0005,0.0,0.0
01-02 05,Chisinau FIR,0.0295,0.4332,0.3863,0.0961,0.0,0.0
01-02 05,Copenhagen FIR,0.167,0.2652,0.0315,0.0,0.0,0.0
01-02 05,Helsinki FIR,0.0013,0.0,0.0004,0.0068,0.0,0.0
01-02 05,Langen FIR,0.0,0.0,0.0058,0.0,0.0,0.0
01-02 05,Lisboa FIR,0.0,0.0072,0.0705,0.0495,0.0019,0.0
01-02 05,Ljubljana FIR,0.0,0.0,0.0,0.0,0.0,0.0
01-02 05,London FIR,0.0,0.0212,0.0059,0.0,0.0,0.0
01-02 05,Madrid FIR,0.0,0.0014,0.024,0.0126,0.0,0.0
01-02 05,Malta FIR,0.0,0.0021,0.0,0.0075,0.0,0.0
01-02 05,Marseille FIR,0.0,0.0071,0.0358,0.0,0.0,0.0
01-02 05,Milano FIR,0.0054,0.1319,0.0625,0.0,0.0,0.0
01-02 05,Munchen FIR,0.0,0.0647,0.0711,0.0,0.0,0.0
01-02 05,Paris FIR,0.0,0.0,0.0314,0.0,0.0,0.0
01-02 05,Polaris FIR,0.0403,0.025,0.0208,0.0136,0.0,0.0
01-02 05,Praha FIR,0.0,0.0,0.0,0.0,0.0,0.0
01-02 05,Reims FIR,0.0,0.0155,0.0938,0.0,0.0,0.0
01-02 05,Reykjavik FIR,0.057,0.0291,0.009,0.0019,0.0,0.0
01-02 05,Riga FIR,0.0285,0.0,0.0,0.0,0.0,0.0
01-02 05,Roma FIR,0.0,0.0,0.0,0.0,0.0,0.0
01-02 05,Santa Maria FIR,0.0015,0.0017,0.0551,0.0344,0.0031,0.0
01-02 05,Sarajevo FIR,0.0,0.0,0.0,0.0,0.0,0.0
01-02 05,Scottish FIR,0.263,0.0957,0.0,0.0,0.0,0.0
01-02 05,Shannon FIR,0.0,0.0014,0.0,0.0,0.0,0.0
01-02 05,Skopje FIR,0.0,0.0,0.0827,0.0076,0.0,0.0
01-02 05,Sofia FIR,0.0,0.0013,0.1927,0.1546,0.0262,0.0
01-02 05,Sweden FIR,0.0166,0.0012,0.0,0.0,0.0,0.0
01-02 05,Switzerland FIR,0.0,0.0697,0.1675,0.0,0.0,0.0
01-02 05,Tallinn FIR,0.0194,0.0,0.0,0.0,0.0,0.0
01-02 05,Tirana FIR,0.0,0.0,0.0215,0.0,0.0,0.0
01-02 05,Vilnius FIR,0.0302,0.0,0.0,0.0,0.0,0.0
01-02 05,Warszawa FIR,0.06,0.0018,0.0,0.0,0.0,0.0
01-02 05,Wien FIR,0.0,0.0477,0.0,0.0,0.0,0.0
01-02 05,Zagreb FIR,0.0,0.0,0.0,0.0,0.0,0.0
01-02 06,Global,0.0199,0.0204,0.0202,0.018,0.0228,0.0228
01-02 06,Europe,0.0221,0.0138,0.0074,0.0054,0.0,0.0
01-02 06,European Airspace,0.0273,0.0252,0.0301,0.0225,0.0063,0.0
01-02 06,Africa Middle East,0.0,0.0002,0.0011,0.002,0.005,0.0226
01-02 06,East Asia,0.0064,0.0117,0.0009,0.0007,0.0025,0.0011
01-02 06,Southeast Asia,0.0,0.0,0.0,0.0027,0.0457,0.0996
01-02 06,India,0.0,0.0,0.0003,0.0004,0.0001,0.0
01-02 06,China,0.0025,0.0051,0.004,0.0061,0.0005,0.0
01-02 06,Latin America,0.0001,0.009,0.0126,0.0209,0.072,0.065
01-02 06,USA,0.0173,0.0317,0.0409,0.0214,0.0132,0.0
01-02 06,North Atlantic,0.0622,0.0153,0.0056,0.004,0.0,0.0
01-02 06,North Pacific,0.0612,0.0588,0.0392,0.0053,0.0009,0.0
01-02 06,Amsterdam FIR,0.0,0.0,0.0,0.0,0.0,0.0
01-02 06,Athinai FIR,0.0,0.0,0.0225,0.005,0.0,0.0
01-02 06,Barcelona FIR,0.0,0.0368,0.0226,0.0,0.0,0.0
01-02 06,Beograd FIR,0.0,0.0035,0.0087,0.0,0.0,0.0
01-02 06,Bordeaux FIR,0.0,0.0,0.0223,0.0,0.0,0.0
01-02 06,Bratislava  FIR,0.0,0.0,0.0,0.0,0.0,0.0
01-02 06,Bremen FIR,0.0,0.0171,0.0,0.0,0.0,0.0
01-02 06,Brest FIR,0.0,0.0011,0.0556,0.0646,0.0,0.0
01-02 06,Brindisi FIR,0.0,0.0,0.0,0.0,0.0,0.0
01-02 06,Brussels FIR,0.0,0.0,0.0,0.0,0.0,0.0
01-02 06,Bucarest FIR,0.0,0.0461,0.2064,0.062,0.0,0.0
01-02 06,Budapest FIR,0.0,0.0,0.0,0.0,0.0,0.0
01-02 06,Canarias FIR,0.0,0.0,0.0,0.0004,0.0,0.0
01-02 06,Chisinau FIR,0.0,0.294,0.3561,0.091,0.0,0.0
01-02 06,Copenhagen FIR,0.1207,0.1265,0.0,0.0,0.0,0.0
01-02 06,Helsinki FIR,0.001,0.0,0.0,0.0004,0.0,0.0
01-02 06,Langen FIR,0.0,0.0,0.0,0.0,0.0,0.0
01-02 06,Lisboa FIR,0.0,0.0019,0.0241,0.0209,0.0003,0.0
01-02 06,Ljubljana FIR,0.0,0.0,0.0,0.0,0.0,0.0
01-02 06,London FIR,0.0141,0.0201,0.0058,0.0,0.0,0.0
01-02 06,Madrid FIR,0.0,0.0,0.004,0.0012,0.0,0.0
01-02 06,Malta FIR,0.0,0.0,0.0011,0.0308,0.0,0.0
01-02 06,Marseille FIR,0.0,0.0084,0.0133,0.0,0.0,0.0
01-02 06,Milano FIR,0.0,0.0135,0.0,0.0,0.0,0.0
01-02 06,Munchen FIR,0.0,0.0,0.0,0.0,0.0,0.0
01-02 06,Paris FIR,0.0,0.0,0.0333,0.0075,0.0,0.0
01-02 06,Polaris FIR,0.0331,0.0229,0.0148,0.0104,0.0,0.0
01-02 06,Praha FIR,0.0,0.0,0.0,0.0,0.0,0.0
01-02 06,Reims FIR,0.0,0.0,0.0,0.0,0.0,0.0
01-02 06,Reykjavik FIR,0.0552,0.0216,0.0029,0.0002,0.0,0.0
01-02 06,Riga FIR,0.0148,0.0,0.0,0.0,0.0,0.0
01-02 06,Roma FIR,0.0,0.0,0.0,0.0,0.0,0.0
01-02 06,Santa Maria FIR,0.0026,0.0009,0.0295,0.0161,0.0027,0.0
01-02 06,Sarajevo FIR,0.0,0.0,0.0,0.0,0.0,0.0
01-02 06,Scottish FIR,0.2285,0.0727,0.0,0.0,0.0,0.0
01-02 06,Shannon FIR,0.0014,0.0104,0.0,0.0,0.0,0.0
01-02 06,Skopje FIR,0.0,0.0,0.0226,0.0,0.0,0.0
01-02 06,Sofia FIR,0.0,0.0052,0.302,0.2257,0.0289,0.0
01-02 06,Sweden FIR,0.0048,0.006,0.0,0.0,0.0,0.0
01-02 06,Switzerland FIR,0.0,0.0,0.0,0.0,0.0,0.0
01-02 06,Tallinn FIR,0.0141,0.0,0.0,0.0,0.0,0.0
01-02 06,Tirana FIR,0.0,0.0,0.0108,0.0,0.0,0.0
01-02 06,Vilnius FIR,0.0,0.0,0.0,0.0,0.0,0.0
01-02 06,Warszawa FIR,0.0457,0.0013,0.0,0.0,0.0,0.0
01-02 06,Wien FIR,0.0,0.0,0.0,0.0,0.0,0.0
01-02 06,Zagreb FIR,0.0,0.0,0.0,0.0,0.0,0.0
01-02 07,Global,0.0202,0.0207,0.0206,0.0188,0.024,0.0237
01-02 07,Europe,0.0157,0.0074,0.0032,0.0025,0.0,0.0
01-02 07,European Airspace,0.0244,0.0265,0.029,0.0245,0.007,0.0
01-02 07,Africa Middle East,0.0,0.0002,0.0008,0.0018,0.0071,0.0245
01-02 07,East Asia,0.0077,0.0109,0.0006,0.0005,0.0025,0.0008
01-02 07,Southeast Asia,0.0,0.0,0.0,0.005,0.0713,0.1359
01-02 07,India,0.0,0.0,0.0002,0.0005,0.0004,0.0
01-02 07,China,0.0043,0.0084,0.0086,0.0098,0.0008,0.0
01-02 07,Latin America,0.0001,0.0061,0.0061,0.0184,0.0618,0.0536
01-02 07,USA,0.0173,0.0316,0.0412,0.0209,0.0127,0.0
01-02 07,North Atlantic,0.0572,0.0117,0.0016,0.0018,0.0,0.0
01-02 07,North Pacific,0.0628,0.0554,0.0386,0.0062,0.0014,0.0
01-02 07,Amsterdam FIR,0.0,0.0221,0.012,0.0,0.0,0.0
01-02 07,Athinai FIR,0.0,0.0,0.0293,0.01,0.0,0.0
01-02 07,Barcelona FIR,0.0,0.0,0.0,0.0,0.0,0.0
01-02 07,Beograd FIR,0.0,0.0,0.0,0.0,0.0,0.0
01-02 07,Bordeaux FIR,0.0,0.0,0.0,0.0,0.0,0.0
01-02 07,Bratislava  FIR,0.0,0.0,0.0,0.0,0.0,0.0
01-02 07,Bremen FIR,0.0,0.0026,0.0,0.0,0.0,0.0
01-02 07,Brest FIR,0.0,0.0,0.0199,0.0,0.0,0.0
01-02 07,Brindisi FIR,0.0,0.0,0.0,0.0,0.0,0.0
01-02 07,Brussels FIR,0.0,0.0,0.0092,0.0,0.0,0.0
01-02 07,Bucarest FIR,0.0,0.045,0.1742,0.0535,0.0,0.0
01-02 07,Budapest FIR,0.0,0.0,0.0,0.0,0.0,0.0
01-02 07,Canarias FIR,0.0,0.0,0.0,0.0,0.0,0.0
01-02 07,Chisinau FIR,0.0,0.274,0.291,0.0101,0.0,0.0
01-02 07,Copenhagen FIR,0.0352,0.0302,0.0011,0.0,0.0,0.0
01-02 07,Helsinki FIR,0.0,0.0,0.0,0.0,0.0,0.0
01-02 07,Langen FIR,0.0,0.0,0.0,0.0,0.0,0.0
01-02 07,Lisboa FIR,0.0,0.0,0.012,0.0168,0.0,0.0
01-02 07,Ljubljana FIR,0.0,0.0,0.0,0.0,0.0,0.0
01-02 07,London FIR,0.0197,0.0384,0.0074,0.0,0.0,0.0
01-02 07,Madrid FIR,0.0,0.0003,0.0083,0.0006,0.0,0.0
01-02 07,Malta FIR,0.0,0.0,0.0085,0.0434,0.0,0.0
01-02 07,Marseille FIR,0.0,0.0,0.0,0.0,0.0,0.0
01-02 07,Milano FIR,0.0,0.0,0.0,0.0,0.0,0.0
01-02 07,Munchen FIR,0.0,0.0,0.0,0.0,0.0,0.0
01-02 07,Paris FIR,0.0,0.0,0.0103,0.0,0.0,0.0
01-02 07,Polaris FIR,0.026,0.0216,0.012,0.0081,0.0,0.0
01-02 07,Praha FIR,0.0,0.0,0.0,0.0,0.0,0.0
01-02 07,Reims FIR,0.0,0.0,0.0,0.0,0.0,0.0
01-02 07,Reykjavik FIR,0.0516,0.0159,0.0003,0.0001,0.0,0.0
01-02 07,Riga FIR,0.003,0.0,0.0,0.0,0.0,0.0
01-02 07,Roma FIR,0.0,0.0,0.0005,0.0111,0.0,0.0
01-02 07,Santa Maria FIR,0.0023,0.0005,0.0063,0.0105,0.0051,0.0
01-02 07,Sarajevo FIR,0.0,0.0,0.0,0.0,0.0,0.0
01-02 07,Scottish FIR,0.1552,0.0386,0.0,0.0,0.0,0.0
01-02 07,Shannon FIR,0.0021,0.0042,0.0,0.0,0.0,0.0
01-02 07,Skopje FIR,0.0,0.0,0.0,0.0,0.0,0.0
01-02 07,Sofia FIR,0.0,0.0026,0.4126,0.2595,0.0184,0.0
01-02 07,Sweden FIR,0.0,0.0,0.0,0.0,0.0,0.0
01-02 07,Switzerland FIR,0.0,0.0,0.0,0.0,0.0,0.0
01-02 07,Tallinn FIR,0.0,0.0,0.0,0.0,0.0,0.0
01-02 07,Tirana FIR,0.0,0.0,0.0,0.0,0.0,0.0
01-02 07,Vilnius FIR,0.0,0.0,0.0,0.0,0.0,0.0
01-02 07,Warszawa FIR,0.0374,0.0009,0.0,0.0,0.0,0.0
01-02 07,Wien FIR,0.0,0.0,0.0,0.0,0.0,0.0
01-02 07,Zagreb FIR,0.0,0.0,0.0,0.0,0.0,0.0
01-02 08,Global,0.0203,0.0215,0.0218,0.0197,0.0243,0.0244
01-02 08,Europe,0.0097,0.0092,0.0074,0.0045,0.0001,0.0
01-02 08,European Airspace,0.0224,0.0326,0.0362,0.0282,0.0072,0.0
01-02 08,Africa Middle East,0.0,0.0004,0.0015,0.0025,0.0093,0.0259
01-02 08,East Asia,0.0076,0.0096,0.0005,0.0004,0.0019,0.0006
01-02 08,Southeast Asia,0.0,0.0,0.0,0.0072,0.098,0.1643
01-02 08,India,0.0,0.0,0.0006,0.001,0.0011,0.0001
01-02 08,China,0.0062,0.0125,0.0146,0.0131,0.001,0.0
01-02 08,Latin America,0.0,0.0032,0.0046,0.0159,0.0456,0.0407
01-02 08,USA,0.016,0.0315,0.037,0.0182,0.0114,0.0
01-02 08,North Atlantic,0.0481,0.0088,0.0024,0.0026,0.0,0.0
01-02 08,North Pacific,0.0645,0.0564,0.0389,0.0076,0.0013,0.0
01-02 08,Amsterdam FIR,0.0252,0.081,0.0204,0.0,0.0,0.0
01-02 08,Athinai FIR,0.0,0.0,0.0336,0.0083,0.0,0.0
01-02 08,Barcelona FIR,0.0,0.0,0.0,0.0,0.0,0.0
01-02 08,Beograd FIR,0.0,0.0,0.0,0.0,0.0,0.0
01-02 08,Bordeaux FIR,0.0,0.0,0.0,0.0,0.0,0.0
01-02 08,Bratislava  FIR,0.0,0.0,0.0,0.0,0.0,0.0
01-02 08,Bremen FIR,0.0,0.0103,0.0,0.0,0.0,0.0
01-02 08,Brest FIR,0.0,0.0,0.0397,0.0074,0.0,0.0
01-02 08,Brindisi FIR,0.0,0.0,0.0026,0.0092,0.0,0.0
01-02 08,Brussels FIR,0.0,0.0,0.0092,0.0,0.0,0.0
01-02 08,Bucarest FIR,0.0,0.033,0.1517,0.0362,0.0,0.0
01-02 08,Budapest FIR,0.0,0.0,0.0,0.0,0.0,0.0
01-02 08,Canarias FIR,0.0,0.0,0.0,0.0,0.0,0.0
01-02 08,Chisinau FIR,0.0499,0.2641,0.1909,0.0,0.0,0.0
01-02 08,Copenhagen FIR,0.0,0.1504,0.0191,0.0,0.0,0.0
01-02 08,Helsinki FIR,0.0,0.0,0.0,0.0,0.0,0.0
01-02 08,Langen FIR,0.0,0.0,0.0,0.0,0.0,0.0
01-02 08,Lisboa FIR,0.0,0.0,0.0218,0.0399,0.0006,0.0
01-02 08,Ljubljana FIR,0.0,0.0,0.0,0.0,0.0,0.0
01-02 08,London FIR,0.014,0.0313,0.0248,0.0,0.0,0.0
01-02 08,Madrid FIR,0.0,0.0022,0.0114,0.0003,0.0,0.0
01-02 08,Malta FIR,0.0,0.0,0.0137,0.0285,0.0,0.0
01-02 08,Marseille FIR,0.0,0.0,0.0,0.0,0.0,0.0
01-02 08,Milano FIR,0.0,0.0,0.0,0.0,0.0,0.0
01-02 08,Munchen FIR,0.0,0.0,0.0,0.0,0.0,0.0
01-02 08,Paris FIR,0.0,0.0,0.0187,0.0,0.0,0.0
01-02 08,Polaris FIR,0.027,0.0338,0.0091,0.0047,0.0,0.0
01-02 08,Praha FIR,0.0,0.0,0.0,0.0,0.0,0.0
01-02 08,Reims FIR,0.0,0.0,0.0,0.0,0.0,0.0
01-02 08,Reykjavik FIR,0.0476,0.0164,0.0003,0.0002,0.0,0.0
01-02 08,Riga FIR,0.0,0.0,0.0,0.0,0.0,0.0
01-02 08,Roma FIR,0.0,0.0,0.0158,0.0279,0.0,0.0
01-02 08,Santa Maria FIR,0.0004,0.0,0.0035,0.0105,0.0061,0.0
01-02 08,Sarajevo FIR,0.0,0.0,0.0,0.0,0.0,0.0
01-02 08,Scottish FIR,0.0896,0.024,0.0,0.0,0.0,0.0
01-02 08,Shannon FIR,0.0,0.0,0.0,0.0,0.0,0.0
01-02 08,Skopje FIR,0.0,0.0,0.0,0.0,0.0,0.0
01-02 08,Sofia FIR,0.004,0.0431,0.5375,0.233,0.0,0.0
01-02 08,Sweden FIR,0.0,0.0,0.0,0.0,0.0,0.0
01-02 08,Switzerland FIR,0.0,0.0,0.0,0.0,0.0,0.0
01-02 08,Tallinn FIR,0.0,0.0,0.0,0.0,0.0,0.0
01-02 08,Tirana FIR,0.0,0.0,0.0,0.0,0.0,0.0
01-02 08,Vilnius FIR,0.0,0.0,0.0,0.0,0.0,0.0
01-02 08,Warszawa FIR,0.0242,0.0054,0.0,0.0,0.0,0.0
01-02 08,Wien FIR,0.0,0.0,0.0,0.0,0.0,0.0
01-02 08,Zagreb FIR,0.0,0.0,0.0,0.0,0.0,0.0
01-02 09,Global,0.0201,0.0224,0.0221,0.02,0.0241,0.0251
01-02 09,Europe,0.0045,0.0113,0.0171,0.0082,0.0002,0.0
01-02 09,European Airspace,0.0224,0.0385,0.045,0.0316,0.0072,0.0
01-02 09,Africa Middle East,0.0,0.0007,0.0027,0.0035,0.0108,0.026
01-02 09,East Asia,0.006,0.0084,0.0006,0.0004,0.0018,0.0006
01-02 09,Southeast Asia,0.0,0.0,0.0,0.0091,0.1163,0.184
01-02 09,India,0.0,0.0,0.0009,0.0018,0.0025,0.001
01-02 09,China,0.0076,0.018,0.019,0.015,0.0012,0.0
01-02 09,Latin America,0.0,0.0027,0.0039,0.0097,0.0302,0.0338
01-02 09,USA,0.0134,0.0275,0.0295,0.0155,0.0088,0.0001
01-02 09,North Atlantic,0.0326,0.0069,0.0041,0.0034,0.0,0.0
01-02 09,North Pacific,0.0644,0.0589,0.0394,0.0083,0.0013,0.0
01-02 09,Amsterdam FIR,0.0,0.0817,0.0234,0.0,0.0,0.0
01-02 09,Athinai FIR,0.0,0.0025,0.0297,0.0081,0.0,0.0
01-02 09,Barcelona FIR,0.0,0.0,0.0,0.0,0.0,0.0
01-02 09,Beograd FIR,0.0,0.0,0.0,0.0,0.0,0.0
01-02 09,Bordeaux FIR,0.0,0.0,0.0,0.0043,0.0011,0.0
01-02 09,Bratislava  FIR,0.0,0.0,0.0,0.0,0.0,0.0
01-02 09,Bremen FIR,0.0,0.0644,0.0035,0.0,0.0,0.0
01-02 09,Brest FIR,0.0,0.0,0.0938,0.047,0.0,0.0
01-02 09,Brindisi FIR,0.0,0.0,0.0184,0.0158,0.0,0.0
01-02 09,Brussels FIR,0.0,0.0,0.0465,0.0,0.0,0.0
01-02 09,Bucarest FIR,0.0,0.0749,0.1222,0.0261,0.0,0.0
01-02 09,Budapest FIR,0.0,0.0,0.0,0.0,0.0,0.0
01-02 09,Canarias FIR,0.0,0.0,0.0,0.0,0.0,0.0
01-02 09,Chisinau FIR,0.015,0.1457,0.1311,0.0,0.0,0.0
01-02 09,Copenhagen FIR,0.0369,0.2124,0.0256,0.0,0.0,0.0
01-02 09,Helsinki FIR,0.0004,0.0,0.0,0.0,0.0,0.0
01-02 09,Langen FIR,0.0,0.0,0.013,0.0,0.0,0.0
01-02 09,Lisboa FIR,0.0,0.0026,0.0217,0.0546,0.0076,0.0
01-02 09,Ljubljana FIR,0.0,0.0,0.0,0.0,0.0,0.0
01-02 09,London FIR,0.0012,0.0231,0.0477,0.0,0.0,0.0
01-02 09,Madrid FIR,0.0,0.0028,0.0372,0.0037,0.0,0.0
01-02 09,Malta FIR,0.0,0.0,0.0137,0.0021,0.0,0.0
01-02 09,Marseille FIR,0.0,0.0,0.0,0.0,0.0,0.0
01-02 09,Milano FIR,0.0,0.0,0.0,0.0,0.0,0.0
01-02 09,Munchen FIR,0.0,0.0,0.0,0.0,0.0,0.0
01-02 09,Paris FIR,0.0,0.0,0.1,0.0031,0.0,0.0
01-02 09,Polaris FIR,0.0396,0.0595,0.0141,0.002,0.0,0.0
01-02 09,Praha FIR,0.0,0.0,0.0,0.0,0.0,0.0
01-02 09,Reims FIR,0.0,0.0,0.0,0.0,0.0,0.0
01-02 09,Reykjavik FIR,0.0388,0.0205,0.0038,0.0003,0.0,0.0
01-02 09,Riga FIR,0.0058,0.0,0.0,0.0,0.0,0.0
01-02 09,Roma FIR,0.0,0.0,0.0173,0.0313,0.0,0.0
01-02 09,Santa Maria FIR,0.0,0.0,0.0051,0.0115,0.0068,0.0
01-02 09,Sarajevo FIR,0.0,0.0,0.0,0.0,0.0,0.0
01-02 09,Scottish FIR,0.0329,0.0153,0.0,0.0,0.0,0.0
01-02 09,Shannon FIR,0.0,0.0,0.0,0.0,0.0,0.0
01-02 09,Skopje FIR,0.0,0.0,0.0,0.0,0.0,0.0
01-02 09,Sofia FIR,0.0013,0.063,0.4583,0.1316,0.0,0.0
01-02 09,Sweden FIR,0.0019,0.0024,0.001,0.0,0.0,0.0
01-02 09,Switzerland FIR,0.0,0.0,0.0,0.0,0.0,0.0
01-02 09,Tallinn FIR,0.0018,0.0,0.0,0.0,0.0,0.0
01-02 09,Tirana FIR,0.0,0.0,0.0,0.0,0.0,0.0
01-02 09,Vilnius FIR,0.0228,0.002,0.0,0.0,0.0,0.0
01-02 09,Warszawa FIR,0.0214,0.0108,0.0,0.0,0.0,0.0
01-02 09,Wien FIR,0.0,0.0,0.0,0.0,0.0,0.0
01-02 09,Zagreb FIR,0.0,0.0,0.0,0.0,0.0,0.0
01-02 10,Global,0.0202,0.0227,0.0221,0.0207,0.026,0.0271
01-02 10,Europe,0.006,0.0132,0.0297,0.0214,0.0015,0.0
01-02 10,European Airspace,0.0257,0.0448,0.0559,0.037,0.0073,0.0
01-02 10,Africa Middle East,0.0001,0.0011,0.0051,0.0045,0.0113,0.0274
01-02 10,East Asia,0.0055,0.0067,0.0004,0.0001,0.0023,0.0006
01-02 10,Southeast Asia,0.0,0.0,0.0,0.0139,0.132,0.1995
01-02 10,India,0.0,0.0,0.0012,0.0031,0.005,0.0028
01-02 10,China,0.0085,0.0205,0.0207,0.0145,0.001,0.0
01-02 10,Latin America,0.0,0.0018,0.0035,0.0056,0.0245,0.0329
01-02 10,USA,0.0095,0.0241,0.0241,0.0092,0.0062,0.0
01-02 10,North Atlantic,0.0206,0.007,0.0056,0.0066,0.0005,0.0
01-02 10,North Pacific,0.0638,0.059,0.0392,0.0103,0.0015,0.0
01-02 10,Amsterdam FIR,0.0,0.0564,0.0815,0.0,0.0,0.0
01-02 10,Athinai FIR,0.0,0.0033,0.0442,0.0157,0.0,0.0
01-02 10,Barcelona FIR,0.0,0.0,0.0,0.0,0.0,0.0
01-02 10,Beograd FIR,0.0,0.0,0.0,0.0,0.0,0.0
01-02 10,Bordeaux FIR,0.0,0.0,0.0229,0.0339,0.0,0.0
01-02 10,Bratislava  FIR,0.0,0.0,0.0,0.0,0.0,0.0
01-02 10,Bremen FIR,0.0009,0.0444,0.035,0.0,0.0,0.0
01-02 10,Brest FIR,0.0,0.0,0.0663,0.1293,0.0023,0.0
01-02 10,Brindisi FIR,0.0,0.0,0.0158,0.0119,0.0,0.0
01-02 10,Brussels FIR,0.0,0.0,0.2147,0.0093,0.0,0.0
01-02 10,Bucarest FIR,0.0,0.075,0.0905,0.0109,0.0,0.0
01-02 10,Budapest FIR,0.0,0.0,0.0,0.0,0.0,0.0
01-02 10,Canarias FIR,0.0,0.0,0.0,0.0,0.0,0.0
01-02 10,Chisinau FIR,0.0,0.0455,0.0252,0.0,0.0,0.0
01-02 10,Copenhagen FIR,0.0575,0.161,0.0032,0.0,0.0,0.0
01-02 10,Helsinki FIR,0.0056,0.008,0.0004,0.0,0.0,0.0
01-02 10,Langen FIR,0.0,0.0,0.0438,0.0116,0.0,0.0
01-02 10,Lisboa FIR,0.0,0.0108,0.047,0.0866,0.0328,0.0
01-02 10,Ljubljana FIR,0.0,0.0,0.0,0.0,0.0,0.0
01-02 10,London FIR,0.0036,0.0149,0.0467,0.0,0.0,0.0
01-02 10,Madrid FIR,0.0,0.0087,0.0607,0.0443,0.0018,0.0
01-02 10,Malta FIR,0.0,0.0,0.0053,0.0,0.0,0.0
01-02 10,Marseille FIR,0.0,0.0,0.0,0.0006,0.0,0.0
01-02 10,Milano FIR,0.0,0.0,0.0,0.0,0.0,0.0
01-02 10,Munchen FIR,0.0,0.0,0.0,0.0,0.0,0.0
01-02 10,Paris FIR,0.0,0.0,0.367,0.0878,0.0,0.0
01-02 10,Polaris FIR,0.0381,0.0761,0.0207,0.0011,0.0,0.0
01-02 10,Praha FIR,0.0,0.0,0.0,0.0,0.0,0.0
01-02 10,Reims FIR,0.0,0.0,0.0093,0.0,0.0,0.0
01-02 10,Reykjavik FIR,0.0347,0.0234,0.0065,0.0002,0.0,0.0
01-02 10,Riga FIR,0.025,0.0,0.0,0.0,0.0,0.0
01-02 10,Roma FIR,0.0,0.0,0.0101,0.012,0.0,0.0
01-02 10,Santa Maria FIR,0.0,0.0,0.0056,0.0135,0.0063,0.0
01-02 10,Sarajevo FIR,0.0,0.0,0.0,0.0,0.0,0.0
01-02 10,Scottish FIR,0.0242,0.0148,0.0,0.0,0.0,0.0
01-02 10,Shannon FIR,0.0,0.0,0.0,0.0,0.0,0.0
01-02 10,Skopje FIR,0.0,0.0,0.0,0.0,0.0,0.0
01-02 10,Sofia FIR,0.0013,0.116,0.3147,0.0658,0.0,0.0
01-02 10,Sweden FIR,0.0123,0.0191,0.0055,0.0,0.0,0.0
01-02 10,Switzerland FIR,0.0,0.0,0.0,0.0,0.0,0.0
01-02 10,Tallinn FIR,0.0547,0.0,0.0,0.0,0.0,0.0
01-02 10,Tirana FIR,0.0,0.0,0.0,0.0,0.0,0.0
01-02 10,Vilnius FIR,0.0695,0.0275,0.0,0.0,0.0,0.0
01-02 10,Warszawa FIR,0.0239,0.0326,0.0,0.0,0.0,0.0
01-02 10,Wien FIR,0.0,0.0,0.0,0.0,0.0,0.0
01-02 10,Zagreb FIR,0.0,0.0,0.0,0.0,0.0,0.0
01-02 11,Global,0.0204,0.023,0.0224,0.0213,0.0277,0.0281
01-02 11,Europe,0.0108,0.0165,0.0445,0.0348,0.005,0.0002
01-02 11,European Airspace,0.0318,0.0525,0.0671,0.0435,0.0074,0.0
01-02 11,Africa Middle East,0.0002,0.0027,0.0083,0.0066,0.0127,0.0274
01-02 11,East Asia,0.0064,0.005,0.0,0.0,0.003,0.001
01-02 11,Southeast Asia,0.0,0.0,0.0,0.0153,0.1395,0.2059
01-02 11,India,0.0,0.0,0.0013,0.0039,0.0069,0.0042
01-02 11,China,0.0095,0.0214,0.021,0.0125,0.0007,0.0
01-02 11,Latin America,0.0,0.0014,0.0039,0.0054,0.028,0.0368
01-02 11,USA,0.0058,0.02,0.0168,0.0037,0.0026,0.0
01-02 11,North Atlantic,0.02,0.0076,0.0073,0.0094,0.0011,0.0
01-02 11,North Pacific,0.0629,0.0599,0.0392,0.0122,0.0012,0.0
01-02 11,Amsterdam FIR,0.0,0.0301,0.1925,0.0,0.0,0.0
01-02 11,Athinai FIR,0.0,0.0058,0.0896,0.0279,0.0,0.0
01-02 11,Barcelona FIR,0.0,0.0,0.0,0.0,0.0,0.0
01-02 11,Beograd FIR,0.005,0.0,0.0,0.0,0.0,0.0
01-02 11,Bordeaux FIR,0.0,0.0,0.073,0.2003,0.0097,0.0
01-02 11,Bratislava  FIR,0.0,0.0,0.0,0.0,0.0,0.0
01-02 11,Bremen FIR,0.0,0.0895,0.0726,0.0,0.0,0.0
01-02 11,Brest FIR,0.0,0.0,0.0419,0.1342,0.0188,0.0
01-02 11,Brindisi FIR,0.0,0.0039,0.0145,0.0026,0.0,0.0
01-02 11,Brussels FIR,0.0,0.0,0.6494,0.0689,0.0,0.0
01-02 11,Bucarest FIR,0.0021,0.0397,0.045,0.0015,0.0,0.0
01-02 11,Budapest FIR,0.0038,0.0094,0.0149,0.0,0.0,0.0
01-02 11,Canarias FIR,0.0,0.0,0.0,0.0,0.0,0.0
01-02 11,Chisinau FIR,0.04,0.005,0.0,0.0,0.0,0.0
01-02 11,Copenhagen FIR,0.1004,0.1155,0.0,0.0,0.0,0.0
01-02 11,Helsinki FIR,0.0096,0.0231,0.0,0.0,0.0,0.0
01-02 11,Langen FIR,0.0,0.0014,0.094,0.0103,0.0,0.0
01-02 11,Lisboa FIR,0.0,0.0114,0.0592,0.0905,0.0509,0.0015
01-02 11,Ljubljana FIR,0.0,0.0,0.0,0.0,0.0,0.0
01-02 11,London FIR,0.0099,0.0289,0.018,0.0,0.0,0.0
01-02 11,Madrid FIR,0.0,0.0109,0.0876,0.1132,0.0172,0.0
01-02 11,Malta FIR,0.0,0.0,0.0118,0.0,0.0,0.0
01-02 11,Marseille FIR,0.0,0.0,0.0042,0.0154,0.0,0.0
01-02 11,Milano FIR,0.0,0.0,0.0,0.0,0.0,0.0
01-02 11,Munchen FIR,0.0,0.0031,0.0698,0.0049,0.0,0.0
01-02 11,Paris FIR,0.0,0.0,0.5833,0.2229,0.0,0.0
01-02 11,Polaris FIR,0.0293,0.0642,0.018,0.0002,0.0,0.0
01-02 11,Praha FIR,0.0,0.027,0.0,0.0,0.0,0.0
01-02 11,Reims FIR,0.0,0.0,0.0341,0.0,0.0,0.0
01-02 11,Reykjavik FIR,0.0425,0.0343,0.0105,0.0,0.0,0.0
01-02 11,Riga FIR,0.0279,0.0,0.0,0.0,0.0,0.0
01-02 11,Roma FIR,0.0,0.0,0.0005,0.0,0.0,0.0
01-02 11,Santa Maria FIR,0.0,0.0001,0.0104,0.0215,0.0072,0.0
01-02 11,Sarajevo FIR,0.0,0.0,0.0,0.0,0.0,0.0
01-02 11,Scottish FIR,0.037,0.0215,0.0,0.0,0.0,0.0
01-02 11,Shannon FIR,0.0,0.0,0.0,0.0,0.0,0.0
01-02 11,Skopje FIR,0.0,0.0,0.0,0.0,0.0,0.0
01-02 11,Sofia FIR,0.0026,0.1462,0.2119,0.0302,0.0,0.0
01-02 11,Sweden FIR,0.0272,0.0256,0.0038,0.0,0.0,0.0
01-02 11,Switzerland FIR,0.0,0.0,0.0,0.0,0.0,0.0
01-02 11,Tallinn FIR,0.1027,0.0,0.0,0.0,0.0,0.0
01-02 11,Tirana FIR,0.0,0.0,0.0,0.0,0.0,0.0
01-02 11,Vilnius FIR,0.1222,0.0508,0.0,0.0,0.0,0.0
01-02 11,Warszawa FIR,0.0296,0.0397,0.0009,0.0,0.0,0.0
01-02 11,Wien FIR,0.0,0.0,0.0021,0.0,0.0,0.0
01-02 11,Zagreb FIR,0.0,0.0,0.0,0.0,0.0,0.0
01-02 12,Global,0.0204,0.0232,0.0226,0.0214,0.0294,0.0292
01-02 12,Europe,0.0193,0.0214,0.0641,0.0505,0.0098,0.0003
01-02 12,European Airspace,0.0363,0.0559,0.0779,0.0489,0.0073,0.0001
01-02 12,Africa Middle East,0.0005,0.0045,0.0119,0.0091,0.0178,0.0308
01-02 12,East Asia,0.0059,0.0038,0.0,0.0001,0.0034,0.0011
01-02 12,Southeast Asia,0.0,0.0,0.0,0.0195,0.1436,0.2146
01-02 12,India,0.0,0.0,0.0013,0.0041,0.0086,0.0084
01-02 12,China,0.0099,0.0217,0.0202,0.0115,0.0005,0.0
01-02 12,Latin America,0.0,0.0012,0.0047,0.0061,0.0339,0.0419
01-02 12,USA,0.0035,0.0166,0.0106,0.0008,0.0004,0.0
01-02 12,North Atlantic,0.0242,0.0073,0.0068,0.0063,0.0006,0.0
01-02 12,North Pacific,0.0631,0.0588,0.0375,0.0122,0.001,0.0
01-02 12,Amsterdam FIR,0.0,0.0286,0.3351,0.0035,0.0,0.0
01-02 12,Athinai FIR,0.0,0.0079,0.1294,0.0223,0.0,0.0
01-02 12,Barcelona FIR,0.0,0.0,0.0,0.0,0.0,0.0
01-02 12,Beograd FIR,0.0319,0.0484,0.015,0.0,0.0,0.0
01-02 12,Bordeaux FIR,0.0,0.0,0.0934,0.3737,0.0627,0.0
01-02 12,Bratislava  FIR,0.1391,0.0755,0.0,0.0,0.0,0.0
01-02 12,Bremen FIR,0.0,0.1312,0.1177,0.0,0.0,0.0
01-02 12,Brest FIR,0.0,0.0006,0.0537,0.1192,0.0165,0.0
01-02 12,Brindisi FIR,0.0,0.0,0.0,0.0,0.0,0.0
01-02 12,Brussels FIR,0.0,0.0,0.7499,0.2109,0.0,0.0
01-02 12,Bucarest FIR,0.0014,0.0195,0.0109,0.0,0.0,0.0
01-02 12,Budapest FIR,0.0,0.0,0.0,0.0,0.0,0.0
01-02 12,Canarias FIR,0.0,0.0,0.0,0.0,0.0,0.0
01-02 12,Chisinau FIR,0.0753,0.0,0.0,0.0,0.0,0.0
01-02 12,Copenhagen FIR,0.1294,0.0745,0.0,0.0,0.0,0.0
01-02 12,Helsinki FIR,0.0125,0.0041,0.0,0.0,0.0,0.0
01-02 12,Langen FIR,0.0,0.0159,0.342,0.0087,0.0,0.0
01-02 12,Lisboa FIR,0.0,0.0017,0.0562,0.0965,0.0702,0.0003
01-02 12,Ljubljana FIR,0.0,0.0,0.0,0.0,0.0,0.0
01-02 12,London FIR,0.0067,0.0309,0.0045,0.0,0.0,0.0
01-02 12,Madrid FIR,0.0,0.0202,0.1358,0.1398,0.0399,0.0033
01-02 12,Malta FIR,0.0,0.0,0.0812,0.0129,0.0,0.0
01-02 12,Marseille FIR,0.0,0.0,0.0582,0.1148,0.0006,0.0
01-02 12,Milano FIR,0.0,0.0303,0.068,0.0,0.0,0.0
01-02 12,Munchen FIR,0.0,0.091,0.1012,0.0083,0.0,0.0
01-02 12,Paris FIR,0.0,0.0,0.4407,0.3351,0.0,0.0
01-02 12,Polaris FIR,0.0224,0.0355,0.0122,0.0009,0.0,0.0
01-02 12,Praha FIR,0.0232,0.1102,0.0168,0.0,0.0,0.0
01-02 12,Reims FIR,0.0,0.0,0.6341,0.2299,0.0,0.0
01-02 12,Reykjavik FIR,0.0551,0.0417,0.0112,0.0,0.0,0.0
01-02 12,Riga FIR,0.0117,0.0,0.0,0.0,0.0,0.0
01-02 12,Roma FIR,0.0,0.0005,0.0,0.0,0.0,0.0
01-02 12,Santa Maria FIR,0.0,0.0,0.0174,0.0282,0.0069,0.0
01-02 12,Sarajevo FIR,0.0,0.0,0.0,0.0,0.0,0.0
01-02 12,Scottish FIR,0.0739,0.0231,0.0,0.0,0.0,0.0
01-02 12,Shannon FIR,0.0,0.0,0.0,0.0,0.0,0.0
01-02 12,Skopje FIR,0.0,0.0,0.0,0.0,0.0,0.0
01-02 12,Sofia FIR,0.0053,0.1237,0.1158,0.0026,0.0,0.0
01-02 12,Sweden FIR,0.044,0.0195,0.001,0.0,0.0,0.0
01-02 12,Switzerland FIR,0.0,0.0,0.0,0.0,0.0,0.0
01-02 12,Tallinn FIR,0.0888,0.0,0.0,0.0,0.0,0.0
01-02 12,Tirana FIR,0.0,0.0,0.0,0.0,0.0,0.0
01-02 12,Vilnius FIR,0.194,0.064,0.0,0.0,0.0,0.0
01-02 12,Warszawa FIR,0.0615,0.0547,0.0035,0.0,0.0,0.0
01-02 12,Wien FIR,0.0,0.0166,0.1245,0.0041,0.0,0.0
01-02 12,Zagreb FIR,0.0,0.0,0.0,0.0,0.0,0.0
01-02 13,Global,0.0205,0.0235,0.0226,0.0216,0.0305,0.0306
01-02 13,Europe,0.0228,0.0317,0.0914,0.0646,0.0147,0.0002
01-02 13,European Airspace,0.0375,0.0586,0.0884,0.0534,0.0078,0.0001
01-02 13,Africa Middle East,0.0006,0.006,0.0156,0.0122,0.0249,0.0388
01-02 13,East Asia,0.0064,0.003,0.0,0.0001,0.0035,0.0013
01-02 13,Southeast Asia,0.0,0.0,0.0,0.0223,0.1496,0.2234
01-02 13,India,0.0,0.0,0.0015,0.0049,0.012,0.0104
01-02 13,China,0.0107,0.0222,0.0198,0.0105,0.0002,0.0
01-02 13,Latin America,0.0,0.0011,0.0051,0.0063,0.0375,0.0454
01-02 13,USA,0.0014,0.01,0.0045,0.0008,0.0,0.0
01-02 13,North Atlantic,0.0272,0.007,0.0057,0.004,0.0002,0.0
01-02 13,North Pacific,0.0604,0.0568,0.0349,0.0107,0.0006,0.0
01-02 13,Amsterdam FIR,0.0,0.0234,0.2384,0.0071,0.0,0.0
01-02 13,Athinai FIR,0.0,0.0358,0.1508,0.0123,0.0,0.0
01-02 13,Barcelona FIR,0.0,0.0007,0.0219,0.0007,0.0,0.0
01-02 13,Beograd FIR,0.0408,0.0476,0.0051,0.0,0.0,0.0
01-02 13,Bordeaux FIR,0.0,0.0232,0.2853,0.5349,0.168,0.0
01-02 13,Bratislava  FIR,0.2858,0.2908,0.0359,0.0,0.0,0.0
01-02 13,Bremen FIR,0.0,0.1591,0.2058,0.0,0.0,0.0
01-02 13,Brest FIR,0.0,0.0036,0.0454,0.0331,0.0024,0.0
01-02 13,Brindisi FIR,0.0,0.0013,0.0037,0.0,0.0,0.0
01-02 13,Brussels FIR,0.0,0.0,0.4312,0.0186,0.0,0.0
01-02 13,Bucarest FIR,0.0014,0.0179,0.0036,0.0,0.0,0.0
01-02 13,Budapest FIR,0.1706,0.0899,0.0,0.0,0.0,0.0
01-02 13,Canarias FIR,0.0,0.0,0.0,0.0,0.0,0.0
01-02 13,Chisinau FIR,0.0201,0.0,0.0,0.0,0.0,0.0
01-02 13,Copenhagen FIR,0.0371,0.0207,0.0131,0.0,0.0,0.0
01-02 13,Helsinki FIR,0.0066,0.0,0.0,0.0,0.0,0.0
01-02 13,Langen FIR,0.0,0.026,0.7272,0.1281,0.0,0.0
01-02 13,Lisboa FIR,0.0,0.0,0.089,0.1436,0.0953,0.0
01-02 13,Ljubljana FIR,0.0,0.1474,0.3827,0.0293,0.0,0.0
01-02 13,London FIR,0.0012,0.0296,0.0,0.0,0.0,0.0
01-02 13,Madrid FIR,0.0,0.0215,0.1402,0.1287,0.0397,0.0027
01-02 13,Malta FIR,0.0,0.0499,0.178,0.015,0.0,0.0
01-02 13,Marseille FIR,0.0,0.0055,0.1546,0.287,0.0241,0.0
01-02 13,Milano FIR,0.0,0.073,0.1536,0.0396,0.0,0.0
01-02 13,Munchen FIR,0.0,0.1643,0.1994,0.0132,0.0,0.0
01-02 13,Paris FIR,0.0,0.0,0.2586,0.2325,0.0,0.0
01-02 13,Polaris FIR,0.0167,0.0141,0.0107,0.004,0.0,0.0
01-02 13,Praha FIR,0.0021,0.0,0.0021,0.0,0.0,0.0
01-02 13,Reims FIR,0.0,0.0,0.8763,0.6739,0.0,0.0
01-02 13,Reykjavik FIR,0.0628,0.0503,0.0114,0.0,0.0,0.0
01-02 13,Riga FIR,0.0,0.0,0.0,0.0,0.0,0.0
01-02 13,Roma FIR,0.0,0.0029,0.0019,0.0,0.0,0.0
01-02 13,Santa Maria FIR,0.0,0.0003,0.0251,0.0353,0.006,0.0
01-02 13,Sarajevo FIR,0.0,0.0,0.0,0.0,0.0,0.0
01-02 13,Scottish FIR,0.0981,0.0318,0.0,0.0,0.0,0.0
01-02 13,Shannon FIR,0.0,0.0,0.0,0.0,0.0,0.0
01-02 13,Skopje FIR,0.0,0.0,0.0,0.0,0.0,0.0
01-02 13,Sofia FIR,0.0053,0.0631,0.0303,0.0,0.0,0.0
01-02 13,Sweden FIR,0.0644,0.0178,0.0,0.0,0.0,0.0
01-02 13,Switzerland FIR,0.0,0.0,0.5681,0.2403,0.0,0.0
01-02 13,Tallinn FIR,0.0391,0.0,0.0,0.0,0.0,0.0
01-02 13,Tirana FIR,0.0,0.0,0.0,0.0,0.0,0.0
01-02 13,Vilnius FIR,0.1979,0.0581,0.0,0.0,0.0,0.0
01-02 13,Warszawa FIR,0.1273,0.0984,0.0089,0.0,0.0,0.0
01-02 13,Wien FIR,0.0,0.1202,0.1454,0.0125,0.0,0.0
01-02 13,Zagreb FIR,0.0,0.0942,0.0797,0.0,0.0,0.0
01-02 14,Global,0.0207,0.0232,0.0224,0.0217,0.0313,0.0317
01-02 14,Europe,0.0168,0.0378,0.115,0.0736,0.0182,0.0001
01-02 14,European Airspace,0.0357,0.0606,0.0937,0.0559,0.0083,0.0
01-02 14,Africa Middle East,0.0008,0.0072,0.0171,0.016,0.0335,0.0468
01-02 14,East Asia,0.0056,0.0022,0.0,0.0001,0.003,0.0015
01-02 14,Southeast Asia,0.0,0.0,0.0,0.0246,0.1603,0.2307
01-02 14,India,0.0,0.0,0.0015,0.0055,0.0145,0.0118
01-02 14,China,0.0102,0.0212,0.0188,0.0111,0.0003,0.0
01-02 14,Latin America,0.0,0.001,0.0049,0.0062,0.0377,0.0476
01-02 14,USA,0.0004,0.0041,0.0014,0.0005,0.0,0.0
01-02 14,North Atlantic,0.0327,0.0067,0.0062,0.0036,0.0003,0.0
01-02 14,North Pacific,0.0578,0.0561,0.0339,0.0054,0.0,0.0
01-02 14,Amsterdam FIR,0.0,0.0217,0.0837,0.0,0.0,0.0
01-02 14,Athinai FIR,0.0,0.0751,0.111,0.0037,0.0,0.0
01-02 14,Barcelona FIR,0.0,0.011,0.0831,0.0101,0.0015,0.0
01-02 14,Beograd FIR,0.0542,0.0136,0.0,0.0,0.0,0.0
01-02 14,Bordeaux FIR,0.0,0.0531,0.3903,0.4088,0.1101,0.0
01-02 14,Bratislava  FIR,0.1751,0.1285,0.0,0.0,0.0,0.0
01-02 14,Bremen FIR,0.0,0.1826,0.299,0.0,0.0,0.0
01-02 14,Brest FIR,0.0,0.0006,0.0208,0.0234,0.0047,0.0
01-02 14,Brindisi FIR,0.0,0.0598,0.0183,0.0,0.0,0.0
01-02 14,Brussels FIR,0.0,0.0,0.1702,0.0,0.0,0.0
01-02 14,Bucarest FIR,0.027,0.0086,0.0,0.0,0.0,0.0
01-02 14,Budapest FIR,0.2601,0.1973,0.0,0.0,0.0,0.0
01-02 14,Canarias FIR,0.0,0.0,0.0,0.0,0.0,0.0
01-02 14,Chisinau FIR,0.0,0.0,0.0,0.0,0.0,0.0
01-02 14,Copenhagen FIR,0.0095,0.1455,0.0478,0.0,0.0,0.0
01-02 14,Helsinki FIR,0.0002,0.0,0.0,0.0,0.0,0.0
01-02 14,Langen FIR,0.0,0.0029,0.7545,0.2117,0.0,0.0
01-02 14,Lisboa FIR,0.0,0.0016,0.1385,0.1988,0.1193,0.0006
01-02 14,Ljubljana FIR,0.0,0.4419,0.5895,0.108,0.0,0.0
01-02 14,London FIR,0.0,0.016,0.0,0.0,0.0,0.0
01-02 14,Madrid FIR,0.0,0.0145,0.1344,0.1335,0.0313,0.0003
01-02 14,Malta FIR,0.0,0.0965,0.178,0.0107,0.0,0.0
01-02 14,Marseille FIR,0.0,0.019,0.2298,0.3321,0.0982,0.0
01-02 14,Milano FIR,0.0,0.0558,0.4423,0.2427,0.0,0.0
01-02 14,Munchen FIR,0.0,0.1195,0.4065,0.0377,0.0,0.0
01-02 14,Paris FIR,0.0,0.0021,0.0954,0.1108,0.0,0.0
01-02 14,Polaris FIR,0.0125,0.0107,0.0109,0.0113,0.0,0.0
01-02 14,Praha FIR,0.0,0.0,0.0,0.0,0.0,0.0
01-02 14,Reims FIR,0.0,0.0,0.6934,0.579,0.0,0.0
01-02 14,Reykjavik FIR,0.0754,0.0635,0.0104,0.0,0.0,0.0
01-02 14,Riga FIR,0.0,0.0,0.0,0.0,0.0,0.0
01-02 14,Roma FIR,0.0,0.0109,0.0186,0.0,0.0,0.0
01-02 14,Santa Maria FIR,0.0,0.0007,0.0361,0.0397,0.0046,0.0
01-02 14,Sarajevo FIR,0.0,0.0,0.0,0.0,0.0,0.0
01-02 14,Scottish FIR,0.0999,0.0315,0.0,0.0,0.0,0.0
01-02 14,Shannon FIR,0.0,0.0,0.0,0.0,0.0,0.0
01-02 14,Skopje FIR,0.0,0.0,0.0,0.0,0.0,0.0
01-02 14,Sofia FIR,0.0052,0.0117,0.0013,0.0,0.0,0.0
01-02 14,Sweden FIR,0.0521,0.0148,0.0,0.0,0.0,0.0
01-02 14,Switzerland FIR,0.0,0.0,0.8582,0.7407,0.0,0.0
01-02 14,Tallinn FIR,0.016,0.0,0.0,0.0,0.0,0.0
01-02 14,Tirana FIR,0.0,0.0,0.0,0.0,0.0,0.0
01-02 14,Vilnius FIR,0.1704,0.0482,0.0,0.0,0.0,0.0
01-02 14,Warszawa FIR,0.1241,0.1353,0.0259,0.0,0.0,0.0
01-02 14,Wien FIR,0.0,0.1658,0.3044,0.0021,0.0,0.0
01-02 14,Zagreb FIR,0.0,0.1795,0.1743,0.0032,0.0,0.0
01-02 15,Global,0.0208,0.023,0.022,0.0207,0.0313,0.0321
01-02 15,Europe,0.0144,0.0458,0.1278,0.0799,0.0226,0.0
01-02 15,European Airspace,0.0321,0.0603,0.0951,0.0569,0.0092,0.0
01-02 15,Africa Middle East,0.0008,0.0076,0.0167,0.0189,0.0423,0.0513
01-02 15,East Asia,0.0046,0.0017,0.0,0.0001,0.0027,0.0016
01-02 15,Southeast Asia,0.0,0.0,0.0,0.0258,0.1687,0.2402
01-02 15,India,0.0,0.0001,0.0014,0.0059,0.0156,0.0131
01-02 15,China,0.0096,0.0195,0.0191,0.0117,0.0005,0.0002
01-02 15,Latin America,0.0,0.0007,0.0042,0.0049,0.034,0.0477
01-02 15,USA,0.0002,0.0023,0.0017,0.0001,0.0,0.0
01-02 15,North Atlantic,0.0417,0.0064,0.0077,0.0046,0.0012,0.0
01-02 15,North Pacific,0.0555,0.0542,0.0293,0.001,0.0,0.0
01-02 15,Amsterdam FIR,0.0,0.0435,0.0428,0.0,0.0,0.0
01-02 15,Athinai FIR,0.0,0.0779,0.0934,0.0,0.0,0.0
01-02 15,Barcelona FIR,0.0,0.033,0.1622,0.0621,0.0015,0.0
01-02 15,Beograd FIR,0.0153,0.0,0.0,0.0,0.0,0.0
01-02 15,Bordeaux FIR,0.0,0.0422,0.3263,0.2675,0.0219,0.0
01-02 15,Bratislava  FIR,0.0392,0.2357,0.0356,0.0,0.0,0.0
01-02 15,Bremen FIR,0.0,0.1534,0.3053,0.0037,0.0,0.0
01-02 15,Brest FIR,0.0,0.0,0.0272,0.0236,0.0077,0.0
01-02 15,Brindisi FIR,0.0,0.0492,0.0172,0.0,0.0,0.0
01-02 15,Brussels FIR,0.0,0.0046,0.0455,0.0,0.0,0.0
01-02 15,Bucarest FIR,0.1082,0.0313,0.0,0.0,0.0,0.0
01-02 15,Budapest FIR,0.0402,0.0837,0.0054,0.0,0.0,0.0
01-02 15,Canarias FIR,0.0,0.0,0.0,0.0,0.0,0.0
01-02 15,Chisinau FIR,0.0,0.0,0.0,0.0,0.0,0.0
01-02 15,Copenhagen FIR,0.0568,0.445,0.114,0.0,0.0,0.0
01-02 15,Helsinki FIR,0.0,0.0,0.0,0.0,0.0,0.0
01-02 15,Langen FIR,0.0,0.0,0.446,0.1812,0.0,0.0
01-02 15,Lisboa FIR,0.0,0.0075,0.1892,0.2424,0.1294,0.0
01-02 15,Ljubljana FIR,0.0,0.3929,0.716,0.1472,0.0,0.0
01-02 15,London FIR,0.0,0.002,0.0,0.0,0.0,0.0
01-02 15,Madrid FIR,0.0,0.0091,0.1359,0.1489,0.0573,0.0
01-02 15,Malta FIR,0.0,0.0977,0.1514,0.0043,0.0,0.0
01-02 15,Marseille FIR,0.0,0.0501,0.3663,0.3641,0.1662,0.0
01-02 15,Milano FIR,0.0,0.0779,0.5572,0.3478,0.0156,0.0
01-02 15,Munchen FIR,0.0,0.0629,0.6395,0.2244,0.0,0.0
01-02 15,Paris FIR,0.0,0.0,0.0122,0.0475,0.0,0.0
01-02 15,Polaris FIR,0.0178,0.0182,0.0285,0.0168,0.0,0.0
01-02 15,Praha FIR,0.0,0.0465,0.1705,0.0169,0.0,0.0
01-02 15,Reims FIR,0.0,0.0158,0.2734,0.2708,0.0,0.0
01-02 15,Reykjavik FIR,0.0872,0.0761,0.0114,0.0,0.0,0.0
01-02 15,Riga FIR,0.0016,0.0,0.0,0.0,0.0,0.0
01-02 15,Roma FIR,0.0,0.0238,0.0455,0.0035,0.0,0.0
01-02 15,Santa Maria FIR,0.0,0.001,0.0471,0.0403,0.0031,0.0
01-02 15,Sarajevo FIR,0.0,0.0594,0.1041,0.0,0.0,0.0
01-02 15,Scottish FIR,0.0847,0.0157,0.0,0.0,0.0,0.0
01-02 15,Shannon FIR,0.0,0.0,0.0,0.0,0.0,0.0
01-02 15,Skopje FIR,0.0,0.0,0.0,0.0,0.0,0.0
01-02 15,Sofia FIR,0.0209,0.0,0.0,0.0,0.0,0.0
01-02 15,Sweden FIR,0.0355,0.0121,0.001,0.0,0.0,0.0
01-02 15,Switzerland FIR,0.0,0.0,0.6552,0.5576,0.0,0.0
01-02 15,Tallinn FIR,0.0,0.0,0.0,0.0,0.0,0.0
01-02 15,Tirana FIR,0.0,0.0,0.0,0.0,0.0,0.0
01-02 15,Vilnius FIR,0.1044,0.0326,0.0,0.0,0.0,0.0
01-02 15,Warszawa FIR,0.0736,0.1552,0.0545,0.0,0.0,0.0
01-02 15,Wien FIR,0.0,0.1404,0.3532,0.0891,0.0,0.0
01-02 15,Zagreb FIR,0.0,0.2863,0.2387,0.0158,0.0,0.0
01-02 16,Global,0.0212,0.0229,0.0219,0.0201,0.0307,0.0314
01-02 16,Europe,0.0122,0.0505,0.1377,0.0808,0.0285,0.0
01-02 16,European Airspace,0.0296,0.0588,0.0927,0.0553,0.0105,0.0
01-02 16,Africa Middle East,0.0006,0.007,0.0157,0.0213,0.0482,0.0523
01-02 16,East Asia,0.0035,0.0009,0.0,0.0002,0.0025,0.0018
01-02 16,Southeast Asia,0.0,0.0,0.0,0.0245,0.1686,0.2447
01-02 16,India,0.0,0.0,0.0014,0.0056,0.0136,0.0133
01-02 16,China,0.0099,0.0192,0.0195,0.0129,0.0005,0.0003
01-02 16,Latin America,0.0,0.0005,0.0044,0.0043,0.0289,0.043
01-02 16,USA,0.0001,0.0028,0.0041,0.0002,0.0,0.0
01-02 16,North Atlantic,0.0504,0.007,0.0079,0.0042,0.001,0.0
01-02 16,North Pacific,0.0502,0.0485,0.025,0.0005,0.0,0.0
01-02 16,Amsterdam FIR,0.0,0.0236,0.0017,0.0,0.0,0.0
01-02 16,Athinai FIR,0.0,0.0603,0.0742,0.0,0.0,0.0
01-02 16,Barcelona FIR,0.0,0.034,0.2102,0.0878,0.006,0.0
01-02 16,Beograd FIR,0.0068,0.0,0.0,0.0,0.0,0.0
01-02 16,Bordeaux FIR,0.0,0.0056,0.1567,0.1717,0.0756,0.0
01-02 16,Bratislava  FIR,0.0608,0.1571,0.0,0.0,0.0,0.0
01-02 16,Bremen FIR,0.0,0.1361,0.3281,0.0045,0.0,0.0
01-02 16,Brest FIR,0.0,0.0,0.0309,0.0154,0.0024,0.0
01-02 16,Brindisi FIR,0.0,0.016,0.0049,0.0,0.0,0.0
01-02 16,Brussels FIR,0.0,0.0137,0.0046,0.0,0.0,0.0
01-02 16,Bucarest FIR,0.0875,0.0465,0.0051,0.0,0.0,0.0
01-02 16,Budapest FIR,0.062,0.0801,0.0092,0.0,0.0,0.0
01-02 16,Canarias FIR,0.0,0.0,0.0,0.0,0.0,0.0
01-02 16,Chisinau FIR,0.0,0.0,0.0,0.0,0.0,0.0
01-02 16,Copenhagen FIR,0.0675,0.4856,0.1343,0.0,0.0,0.0
01-02 16,Helsinki FIR,0.0,0.0,0.0,0.0,0.0,0.0
01-02 16,Langen FIR,0.0,0.0,0.196,0.0321,0.0,0.0
01-02 16,Lisboa FIR,0.0,0.0197,0.2247,0.2577,0.1535,0.0
01-02 16,Ljubljana FIR,0.0,0.0976,0.6565,0.1271,0.0,0.0
01-02 16,London FIR,0.0,0.0004,0.0,0.0,0.0,0.0
01-02 16,Madrid FIR,0.0,0.0126,0.1484,0.1776,0.092,0.0
01-02 16,Malta FIR,0.0,0.0894,0.1174,0.0,0.0,0.0
01-02 16,Marseille FIR,0.0,0.0644,0.3968,0.3499,0.1401,0.0
01-02 16,Milano FIR,0.0,0.0765,0.5677,0.3742,0.0248,0.0
01-02 16,Munchen FIR,0.0,0.0016,0.6325,0.2877,0.0,0.0
01-02 16,Paris FIR,0.0,0.0,0.0133,0.0266,0.0,0.0
01-02 16,Polaris FIR,0.028,0.0436,0.0486,0.0206,0.0,0.0
01-02 16,Praha FIR,0.0,0.3005,0.5926,0.127,0.0,0.0
01-02 16,Reims FIR,0.0,0.0158,0.0352,0.1381,0.0064,0.0
01-02 16,Reykjavik FIR,0.1007,0.0908,0.0124,0.0,0.0,0.0
01-02 16,Riga FIR,0.0,0.0,0.0,0.0,0.0,0.0
01-02 16,Roma FIR,0.0,0.0287,0.1044,0.0141,0.0014,0.0
01-02 16,Santa Maria FIR,0.0016,0.0028,0.0516,0.0398,0.0026,0.0
01-02 16,Sarajevo FIR,0.0,0.1865,0.1605,0.0,0.0,0.0
01-02 16,Scottish FIR,0.0629,0.0031,0.0,0.0,0.0,0.0
01-02 16,Shannon FIR,0.011,0.0,0.0,0.0,0.0,0.0
01-02 16,Skopje FIR,0.0,0.0,0.0,0.0,0.0,0.0
01-02 16,Sofia FIR,0.0131,0.0,0.0,0.0,0.0,0.0
01-02 16,Sweden FIR,0.0193,0.0299,0.007,0.0,0.0,0.0
01-02 16,Switzerland FIR,0.0,0.0,0.4834,0.4233,0.0,0.0
01-02 16,Tallinn FIR,0.0,0.0,0.0,0.0,0.0,0.0
01-02 16,Tirana FIR,0.0,0.0,0.0,0.0,0.0,0.0
01-02 16,Vilnius FIR,0.0406,0.0058,0.0,0.0,0.0,0.0
01-02 16,Warszawa FIR,0.0319,0.162,0.111,0.0,0.0,0.0
01-02 16,Wien FIR,0.0,0.1462,0.6668,0.1792,0.0,0.0
01-02 16,Zagreb FIR,0.0,0.2765,0.2463,0.0062,0.0,0.0
01-02 17,Global,0.0216,0.0224,0.022,0.0195,0.0301,0.0301
01-02 17,Europe,0.0113,0.0517,0.1492,0.0826,0.0272,0.0003
01-02 17,European Airspace,0.0283,0.0567,0.0917,0.0527,0.0099,0.0001
01-02 17,Africa Middle East,0.0007,0.0066,0.0156,0.0218,0.0499,0.0527
01-02 17,East Asia,0.0038,0.001,0.0,0.0004,0.0024,0.002
01-02 17,Southeast Asia,0.0,0.0,0.0,0.0225,0.1696,0.2417
01-02 17,India,0.0,0.0,0.0011,0.0055,0.0131,0.0121
01-02 17,China,0.0112,0.0196,0.021,0.0142,0.0006,0.0003
01-02 17,Latin America,0.0,0.0005,0.0048,0.0051,0.0272,0.0431
01-02 17,USA,0.0008,0.0061,0.0075,0.0006,0.0002,0.0
01-02 17,North Atlantic,0.0565,0.0086,0.0063,0.0026,0.0003,0.0
01-02 17,North Pacific,0.0434,0.0445,0.0225,0.0003,0.0,0.0
01-02 17,Amsterdam FIR,0.0,0.0269,0.0017,0.0,0.0,0.0
01-02 17,Athinai FIR,0.0,0.052,0.0522,0.0,0.0,0.0
01-02 17,Barcelona FIR,0.0,0.0324,0.2137,0.0754,0.0138,0.0
01-02 17,Beograd FIR,0.0,0.0,0.0,0.0,0.0,0.0
01-02 17,Bordeaux FIR,0.0,0.0,0.072,0.1489,0.0817,0.0
01-02 17,Bratislava  FIR,0.0,0.0793,0.0686,0.0,0.0,0.0
01-02 17,Bremen FIR,0.0,0.0808,0.2738,0.0158,0.0,0.0
01-02 17,Brest FIR,0.0,0.0,0.0475,0.02,0.0,0.0
01-02 17,Brindisi FIR,0.0,0.0136,0.0437,0.006,0.0,0.0
01-02 17,Brussels FIR,0.0,0.0,0.0,0.0,0.0,0.0
01-02 17,Bucarest FIR,0.0576,0.019,0.0167,0.0,0.0,0.0
01-02 17,Budapest FIR,0.011,0.1042,0.1861,0.0205,0.0,0.0
01-02 17,Canarias FIR,0.0,0.0,0.0,0.0,0.0,0.0
01-02 17,Chisinau FIR,0.0,0.0,0.0,0.0,0.0,0.0
01-02 17,Copenhagen FIR,0.0421,0.3562,0.1416,0.0,0.0,0.0
01-02 17,Helsinki FIR,0.0,0.0096,0.0043,0.0,0.0,0.0
01-02 17,Langen FIR,0.0,0.0044,0.1304,0.0,0.0,0.0
01-02 17,Lisboa FIR,0.0,0.0156,0.232,0.2685,0.1592,0.0
01-02 17,Ljubljana FIR,0.0,0.2942,0.8921,0.3333,0.0,0.0
01-02 17,London FIR,0.0,0.0024,0.0,0.0,0.0,0.0
01-02 17,Madrid FIR,0.0,0.0077,0.1629,0.1819,0.094,0.0029
01-02 17,Malta FIR,0.0,0.1108,0.0993,0.0,0.0,0.0
01-02 17,Marseille FIR,0.0,0.0292,0.3944,0.3106,0.0683,0.0
01-02 17,Milano FIR,0.0,0.045,0.6254,0.4249,0.0022,0.0
01-02 17,Munchen FIR,0.0,0.0,0.3768,0.1545,0.0,0.0
01-02 17,Paris FIR,0.0,0.0,0.0067,0.0055,0.0,0.0
01-02 17,Polaris FIR,0.0324,0.0451,0.0515,0.0272,0.0,0.0
01-02 17,Praha FIR,0.0,0.2079,0.8292,0.1962,0.0,0.0
01-02 17,Reims FIR,0.0,0.0,0.0419,0.1125,0.0,0.0
01-02 17,Reykjavik FIR,0.1153,0.0959,0.0114,0.0,0.0,0.0
01-02 17,Riga FIR,0.0,0.0,0.0,0.0,0.0,0.0
01-02 17,Roma FIR,0.0,0.0442,0.1099,0.0093,0.0082,0.0
01-02 17,Santa Maria FIR,0.0071,0.0061,0.0534,0.0375,0.0026,0.0
01-02 17,Sarajevo FIR,0.0,0.2139,0.2126,0.0,0.0,0.0
01-02 17,Scottish FIR,0.0566,0.0038,0.0,0.0,0.0,0.0
01-02 17,Shannon FIR,0.0254,0.0,0.0,0.0,0.0,0.0
01-02 17,Skopje FIR,0.0,0.0,0.0,0.0,0.0,0.0
01-02 17,Sofia FIR,0.0092,0.0052,0.0039,0.0,0.0,0.0
01-02 17,Sweden FIR,0.0133,0.0504,0.0149,0.0,0.0,0.0
01-02 17,Switzerland FIR,0.0,0.0241,0.2534,0.4127,0.0122,0.0
01-02 17,Tallinn FIR,0.0,0.0,0.0,0.0,0.0,0.0
01-02 17,Tirana FIR,0.0,0.0,0.0,0.0,0.0,0.0
01-02 17,Vilnius FIR,0.0038,0.0,0.0,0.0,0.0,0.0
01-02 17,Warszawa FIR,0.0178,0.2255,0.184,0.0036,0.0,0.0
01-02 17,Wien FIR,0.0,0.2245,0.9026,0.303,0.0,0.0
01-02 17,Zagreb FIR,0.0,0.2428,0.4046,0.0824,0.0,0.0
01-02 18,Global,0.0217,0.0222,0.0224,0.0193,0.0291,0.029
01-02 18,Europe,0.0093,0.0531,0.1464,0.0806,0.0256,0.0003
01-02 18,European Airspace,0.0282,0.059,0.0898,0.0485,0.0087,0.0001
01-02 18,Africa Middle East,0.0006,0.007,0.0153,0.0227,0.0501,0.0526
01-02 18,East Asia,0.003,0.0013,0.0,0.0006,0.0029,0.0026
01-02 18,Southeast Asia,0.0,0.0,0.0,0.0217,0.1606,0.2215
01-02 18,India,0.0,0.0,0.001,0.0046,0.0127,0.011
01-02 18,China,0.011,0.0203,0.0228,0.0149,0.0007,0.0001
01-02 18,Latin America,0.0,0.0008,0.0069,0.0073,0.0324,0.0514
01-02 18,USA,0.0031,0.0122,0.0113,0.0012,0.0006,0.0
01-02 18,North Atlantic,0.0608,0.0114,0.0047,0.0006,0.0,0.0
01-02 18,North Pacific,0.0386,0.0432,0.0214,0.0006,0.0,0.0
01-02 18,Amsterdam FIR,0.0,0.0033,0.0,0.0,0.0,0.0
01-02 18,Athinai FIR,0.0,0.0465,0.0305,0.0,0.0,0.0
01-02 18,Barcelona FIR,0.0,0.0348,0.1733,0.0431,0.0387,0.0
01-02 18,Beograd FIR,0.0,0.0,0.0033,0.0,0.0,0.0
01-02 18,Bordeaux FIR,0.0,0.0,0.0617,0.2396,0.0954,0.0
01-02 18,Bratislava  FIR,0.0,0.2669,0.4139,0.0324,0.0,0.0
01-02 18,Bremen FIR,0.0,0.0951,0.2434,0.006,0.0,0.0
01-02 18,Brest FIR,0.0,0.0,0.0398,0.0094,0.0,0.0
01-02 18,Brindisi FIR,0.0,0.0366,0.0912,0.0036,0.0,0.0
01-02 18,Brussels FIR,0.0,0.0,0.0,0.0,0.0,0.0
01-02 18,Bucarest FIR,0.0591,0.0516,0.0036,0.0,0.0,0.0
01-02 18,Budapest FIR,0.0,0.294,0.4132,0.0522,0.0,0.0
01-02 18,Canarias FIR,0.0,0.0,0.0,0.0,0.0,0.0
01-02 18,Chisinau FIR,0.0,0.0,0.0,0.0,0.0,0.0
01-02 18,Copenhagen FIR,0.0021,0.2189,0.1036,0.0,0.0,0.0
01-02 18,Helsinki FIR,0.0,0.0141,0.0103,0.0,0.0,0.0
01-02 18,Langen FIR,0.0,0.0248,0.0981,0.0,0.0,0.0
01-02 18,Lisboa FIR,0.0,0.0148,0.2192,0.2678,0.1566,0.0
01-02 18,Ljubljana FIR,0.0,0.0882,0.8332,0.3333,0.0,0.0
01-02 18,London FIR,0.0,0.002,0.0,0.0,0.0,0.0
01-02 18,Madrid FIR,0.0,0.0058,0.1472,0.1776,0.0779,0.003
01-02 18,Malta FIR,0.0,0.1142,0.0844,0.0,0.0,0.0
01-02 18,Marseille FIR,0.0,0.0402,0.2685,0.2096,0.0254,0.0
01-02 18,Milano FIR,0.0,0.0068,0.5137,0.4032,0.0113,0.0
01-02 18,Munchen FIR,0.0,0.0081,0.2827,0.0331,0.0,0.0
01-02 18,Paris FIR,0.0,0.0,0.0,0.0,0.0,0.0
01-02 18,Polaris FIR,0.0395,0.0441,0.0494,0.0256,0.0,0.0
01-02 18,Praha FIR,0.0,0.0765,0.7936,0.2238,0.0,0.0
01-02 18,Reims FIR,0.0,0.0,0.0097,0.0418,0.0,0.0
01-02 18,Reykjavik FIR,0.1326,0.0995,0.0115,0.0,0.0,0.0
01-02 18,Riga FIR,0.0,0.0,0.0,0.0,0.0,0.0
01-02 18,Roma FIR,0.0,0.03,0.1042,0.0297,0.0055,0.0
01-02 18,Santa Maria FIR,0.0112,0.0078,0.0577,0.0357,0.0022,0.0
01-02 18,Sarajevo FIR,0.0037,0.3181,0.4366,0.0149,0.0,0.0
01-02 18,Scottish FIR,0.0639,0.0175,0.0,0.0,0.0,0.0
01-02 18,Shannon FIR,0.0282,0.0,0.0,0.0,0.0,0.0
01-02 18,Skopje FIR,0.0,0.0,0.0,0.0,0.0,0.0
01-02 18,Sofia FIR,0.0052,0.0261,0.0026,0.0,0.0,0.0
01-02 18,Sweden FIR,0.0125,0.0706,0.0265,0.0,0.0,0.0
01-02 18,Switzerland FIR,0.0,0.0,0.2417,0.5315,0.0,0.0
01-02 18,Tallinn FIR,0.0,0.0,0.0,0.0,0.0,0.0
01-02 18,Tirana FIR,0.0,0.0,0.0,0.0,0.0,0.0
01-02 18,Vilnius FIR,0.0,0.0,0.0,0.0,0.0,0.0
01-02 18,Warszawa FIR,0.0218,0.3102,0.2502,0.0173,0.0,0.0
01-02 18,Wien FIR,0.0,0.0495,0.812,0.3647,0.0,0.0
01-02 18,Zagreb FIR,0.0,0.2776,0.609,0.1576,0.0,0.0
01-02 19,Global,0.0218,0.0225,0.0232,0.0194,0.0281,0.0282
01-02 19,Europe,0.0075,0.0521,0.1419,0.0734,0.0275,0.0
01-02 19,European Airspace,0.0294,0.0619,0.0887,0.0452,0.0086,0.0
01-02 19,Africa Middle East,0.0006,0.0077,0.0148,0.0251,0.0512,0.0523
01-02 19,East Asia,0.0043,0.0016,0.0,0.0006,0.0028,0.0026
01-02 19,Southeast Asia,0.0,0.0,0.0,0.0196,0.1367,0.1873
01-02 19,India,0.0,0.0,0.0005,0.0041,0.0116,0.0096
01-02 19,China,0.0106,0.0219,0.0246,0.016,0.0005,0.0
01-02 19,Latin America,0.0,0.0017,0.0123,0.0118,0.0451,0.0646
01-02 19,USA,0.0071,0.0203,0.0166,0.0032,0.0014,0.0
01-02 19,North Atlantic,0.064,0.0146,0.0026,0.0005,0.0,0.0
01-02 19,North Pacific,0.0353,0.0415,0.0209,0.0003,0.0,0.0
01-02 19,Amsterdam FIR,0.0,0.0033,0.0,0.0,0.0,0.0
01-02 19,Athinai FIR,0.0,0.0516,0.0252,0.0,0.0,0.0
01-02 19,Barcelona FIR,0.0,0.028,0.1518,0.0719,0.0695,0.0
01-02 19,Beograd FIR,0.0,0.1265,0.1324,0.0,0.0,0.0
01-02 19,Bordeaux FIR,0.0,0.0,0.0593,0.2242,0.1278,0.0
01-02 19,Bratislava  FIR,0.0,0.1401,0.711,0.1406,0.0,0.0
01-02 19,Bremen FIR,0.0,0.1153,0.2512,0.0,0.0,0.0
01-02 19,Brest FIR,0.0,0.0,0.0509,0.0117,0.0,0.0
01-02 19,Brindisi FIR,0.0,0.0354,0.1083,0.0037,0.0,0.0
01-02 19,Brussels FIR,0.0,0.0,0.0,0.0,0.0,0.0
01-02 19,Bucarest FIR,0.1726,0.0682,0.0,0.0,0.0,0.0
01-02 19,Budapest FIR,0.0,0.2908,0.7225,0.1019,0.0,0.0
01-02 19,Canarias FIR,0.0,0.0,0.0002,0.0,0.0,0.0
01-02 19,Chisinau FIR,0.0,0.0,0.0,0.0,0.0,0.0
01-02 19,Copenhagen FIR,0.0,0.1734,0.0554,0.0,0.0,0.0
01-02 19,Helsinki FIR,0.0,0.0173,0.018,0.0,0.0,0.0
01-02 19,Langen FIR,0.0,0.0274,0.0467,0.0,0.0,0.0
01-02 19,Lisboa FIR,0.0,0.0114,0.2116,0.2701,0.1562,0.0
01-02 19,Ljubljana FIR,0.0,0.0,0.6757,0.4213,0.0,0.0
01-02 19,London FIR,0.0,0.0,0.0,0.0,0.0,0.0
01-02 19,Madrid FIR,0.0,0.0079,0.1184,0.1763,0.0678,0.0
01-02 19,Malta FIR,0.0,0.1101,0.0717,0.0,0.0,0.0
01-02 19,Marseille FIR,0.0,0.0206,0.1722,0.1077,0.0085,0.0
01-02 19,Milano FIR,0.0,0.0109,0.3611,0.3985,0.0229,0.0
01-02 19,Munchen FIR,0.0,0.0292,0.3145,0.0,0.0,0.0
01-02 19,Paris FIR,0.0,0.0,0.0,0.0,0.0,0.0
01-02 19,Polaris FIR,0.0469,0.042,0.0509,0.0267,0.0,0.0
01-02 19,Praha FIR,0.0,0.0251,0.617,0.1353,0.0,0.0
01-02 19,Reims FIR,0.0,0.0,0.0,0.0,0.0,0.0
01-02 19,Reykjavik FIR,0.1522,0.0993,0.014,0.0,0.0,0.0
01-02 19,Riga FIR,0.0,0.0,0.0,0.0,0.0,0.0
01-02 19,Roma FIR,0.0,0.0364,0.15,0.0045,0.0,0.0
01-02 19,Santa Maria FIR,0.0163,0.0094,0.0565,0.0373,0.002,0.0
01-02 19,Sarajevo FIR,0.0,0.4857,0.5599,0.0148,0.0,0.0
01-02 19,Scottish FIR,0.0746,0.0285,0.0,0.0,0.0,0.0
01-02 19,Shannon FIR,0.0261,0.0,0.0,0.0,0.0,0.0
01-02 19,Skopje FIR,0.0,0.0,0.0,0.0,0.0,0.0
01-02 19,Sofia FIR,0.0233,0.0078,0.0,0.0,0.0,0.0
01-02 19,Sweden FIR,0.0047,0.0809,0.0335,0.0,0.0,0.0
01-02 19,Switzerland FIR,0.0,0.0,0.2544,0.4831,0.0288,0.0
01-02 19,Tallinn FIR,0.0,0.0,0.0,0.0,0.0,0.0
01-02 19,Tirana FIR,0.0,0.0,0.0,0.0,0.0,0.0
01-02 19,Vilnius FIR,0.0,0.0,0.0,0.0,0.0,0.0
01-02 19,Warszawa FIR,0.0377,0.3876,0.2548,0.0307,0.0,0.0
01-02 19,Wien FIR,0.0,0.0124,0.6228,0.1902,0.0042,0.0
01-02 19,Zagreb FIR,0.0,0.2266,0.6872,0.1404,0.0,0.0
01-02 20,Global,0.0216,0.0234,0.024,0.0193,0.0275,0.0273
01-02 20,Europe,0.0079,0.0501,0.1253,0.0709,0.0298,0.0
01-02 20,European Airspace,0.0296,0.0639,0.087,0.0436,0.0086,0.0
01-02 20,Africa Middle East,0.0005,0.0076,0.0143,0.028,0.0539,0.0535
01-02 20,East Asia,0.0044,0.0005,0.0,0.0004,0.0015,0.0019
01-02 20,Southeast Asia,0.0,0.0,0.0,0.0165,0.0984,0.1405
01-02 20,India,0.0,0.0,0.0001,0.0025,0.0094,0.009
01-02 20,China,0.0105,0.0228,0.0238,0.0136,0.0004,0.0
01-02 20,Latin America,0.0001,0.0049,0.0208,0.0178,0.0599,0.0743
01-02 20,USA,0.014,0.0306,0.0241,0.0077,0.0046,0.0
01-02 20,North Atlantic,0.0683,0.017,0.0017,0.0005,0.0,0.0
01-02 20,North Pacific,0.0325,0.0433,0.0217,0.0004,0.0,0.0
01-02 20,Amsterdam FIR,0.0,0.0,0.0,0.0,0.0,0.0
01-02 20,Athinai FIR,0.0,0.0418,0.0124,0.0,0.0,0.0
01-02 20,Barcelona FIR,0.0,0.0317,0.1334,0.1281,0.1337,0.0
01-02 20,Beograd FIR,0.0,0.3384,0.282,0.0033,0.0,0.0
01-02 20,Bordeaux FIR,0.0,0.0087,0.1041,0.2105,0.1367,0.0
01-02 20,Bratislava  FIR,0.0,0.1111,0.7068,0.219,0.0,0.0
01-02 20,Bremen FIR,0.0,0.1309,0.2351,0.0,0.0,0.0
01-02 20,Brest FIR,0.0,0.0,0.0235,0.0141,0.0,0.0
01-02 20,Brindisi FIR,0.0,0.0516,0.1433,0.0,0.0,0.0
01-02 20,Brussels FIR,0.0,0.0,0.0,0.0,0.0,0.0
01-02 20,Bucarest FIR,0.1839,0.0906,0.0631,0.0084,0.0,0.0
01-02 20,Budapest FIR,0.0,0.2051,0.8624,0.1442,0.0,0.0
01-02 20,Canarias FIR,0.0,0.0,0.0003,0.0,0.0,0.0
01-02 20,Chisinau FIR,0.2019,0.0102,0.0,0.0,0.0,0.0
01-02 20,Copenhagen FIR,0.0,0.2546,0.0612,0.0,0.0,0.0
01-02 20,Helsinki FIR,0.0,0.013,0.0271,0.0015,0.0,0.0
01-02 20,Langen FIR,0.0,0.0028,0.0014,0.0,0.0,0.0
01-02 20,Lisboa FIR,0.0,0.0065,0.1997,0.2738,0.1398,0.0
01-02 20,Ljubljana FIR,0.0,0.0,0.5002,0.3249,0.0,0.0
01-02 20,London FIR,0.0,0.0,0.0,0.0,0.0,0.0
01-02 20,Madrid FIR,0.0,0.0094,0.1144,0.1992,0.0668,0.0
01-02 20,Malta FIR,0.0,0.0984,0.0589,0.0,0.0,0.0
01-02 20,Marseille FIR,0.0,0.0083,0.0903,0.0842,0.0104,0.0
01-02 20,Milano FIR,0.0,0.0089,0.3123,0.4033,0.0274,0.0
01-02 20,Munchen FIR,0.0,0.0928,0.2046,0.0,0.0,0.0
01-02 20,Paris FIR,0.0,0.0,0.0,0.0,0.0,0.0
01-02 20,Polaris FIR,0.0526,0.051,0.0643,0.0308,0.0,0.0
01-02 20,Praha FIR,0.0,0.1713,0.4768,0.0508,0.0,0.0
01-02 20,Reims FIR,0.0,0.0,0.0,0.0,0.0,0.0
01-02 20,Reykjavik FIR,0.1578,0.1016,0.017,0.0,0.0,0.0
01-02 20,Riga FIR,0.0,0.0,0.0,0.0,0.0,0.0
01-02 20,Roma FIR,0.0,0.0392,0.1053,0.0096,0.0,0.0
01-02 20,Santa Maria FIR,0.0201,0.0114,0.0603,0.037,0.0024,0.0
01-02 20,Sarajevo FIR,0.0,0.397,0.5745,0.0148,0.0,0.0
01-02 20,Scottish FIR,0.0692,0.0224,0.0,0.0,0.0,0.0
01-02 20,Shannon FIR,0.026,0.0,0.0,0.0,0.0,0.0
01-02 20,Skopje FIR,0.0,0.0,0.0,0.0,0.0,0.0
01-02 20,Sofia FIR,0.0365,0.0091,0.0,0.0,0.0,0.0
01-02 20,Sweden FIR,0.0065,0.0767,0.0287,0.0,0.0,0.0
01-02 20,Switzerland FIR,0.0,0.0041,0.0741,0.1846,0.0041,0.0
01-02 20,Tallinn FIR,0.0,0.0,0.0,0.0,0.0,0.0
01-02 20,Tirana FIR,0.0,0.0052,0.0052,0.0,0.0,0.0
01-02 20,Vilnius FIR,0.0,0.0,0.0,0.0,0.0,0.0
01-02 20,Warszawa FIR,0.0607,0.3919,0.3084,0.0263,0.0,0.0
01-02 20,Wien FIR,0.0,0.0747,0.3933,0.0,0.0,0.0
01-02 20,Zagreb FIR,0.0,0.1133,0.6782,0.068,0.0,0.0
01-02 21,Global,0.0213,0.0248,0.0247,0.0188,0.0264,0.0258
01-02 21,Europe,0.0072,0.0472,0.11,0.0696,0.0278,0.0
01-02 21,European Airspace,0.0296,0.066,0.0836,0.0427,0.0077,0.0
01-02 21,Africa Middle East,0.0005,0.0073,0.0132,0.0304,0.0565,0.0554
01-02 21,East Asia,0.0002,0.0,0.0,0.0002,0.0004,0.0008
01-02 21,Southeast Asia,0.0,0.0,0.0,0.0101,0.0551,0.0912
01-02 21,India,0.0,0.0,0.0,0.0012,0.0082,0.0079
01-02 21,China,0.0121,0.0211,0.0189,0.008,0.0,0.0
01-02 21,Latin America,0.0005,0.0112,0.0297,0.0222,0.069,0.0806
01-02 21,USA,0.0246,0.0408,0.031,0.0098,0.0071,0.0
01-02 21,North Atlantic,0.0721,0.019,0.0018,0.0005,0.0,0.0
01-02 21,North Pacific,0.0297,0.0472,0.0252,0.0008,0.0,0.0
01-02 21,Amsterdam FIR,0.0,0.0,0.0,0.0,0.0,0.0
01-02 21,Athinai FIR,0.0,0.0274,0.0054,0.0,0.0,0.0
01-02 21,Barcelona FIR,0.0,0.0322,0.1262,0.1886,0.1846,0.0
01-02 21,Beograd FIR,0.0,0.2731,0.3137,0.0017,0.0,0.0
01-02 21,Bordeaux FIR,0.0,0.0,0.0929,0.1664,0.0967,0.0
01-02 21,Bratislava  FIR,0.0,0.0252,0.5137,0.1752,0.0,0.0
01-02 21,Bremen FIR,0.0,0.1335,0.1411,0.0,0.0,0.0
01-02 21,Brest FIR,0.0,0.0,0.0123,0.0076,0.0,0.0
01-02 21,Brindisi FIR,0.0,0.0705,0.1466,0.0,0.0,0.0
01-02 21,Brussels FIR,0.0,0.0,0.0,0.0,0.0,0.0
01-02 21,Bucarest FIR,0.1325,0.1972,0.1821,0.0259,0.0,0.0
01-02 21,Budapest FIR,0.0,0.2036,0.8387,0.1657,0.0,0.0
01-02 21,Canarias FIR,0.0,0.0,0.0011,0.0,0.0,0.0
01-02 21,Chisinau FIR,0.2831,0.1249,0.0097,0.0,0.0,0.0
01-02 21,Copenhagen FIR,0.0081,0.419,0.0381,0.0,0.0,0.0
01-02 21,Helsinki FIR,0.0,0.0112,0.027,0.0039,0.0,0.0
01-02 21,Langen FIR,0.0,0.0,0.0,0.0,0.0,0.0
01-02 21,Lisboa FIR,0.0,0.0077,0.1851,0.2523,0.1035,0.0
01-02 21,Ljubljana FIR,0.0,0.0291,0.1861,0.2466,0.0,0.0
01-02 21,London FIR,0.0,0.0,0.0,0.0,0.0,0.0
01-02 21,Madrid FIR,0.0,0.0202,0.1252,0.2168,0.0654,0.0
01-02 21,Malta FIR,0.0,0.0707,0.0407,0.0,0.0,0.0
01-02 21,Marseille FIR,0.0,0.0055,0.0751,0.1422,0.0441,0.0
01-02 21,Milano FIR,0.0,0.0,0.3602,0.3903,0.0,0.0
01-02 21,Munchen FIR,0.0,0.0143,0.0982,0.0,0.0,0.0
01-02 21,Paris FIR,0.0,0.0,0.0,0.0,0.0,0.0
01-02 21,Polaris FIR,0.0462,0.0629,0.0765,0.0311,0.0,0.0
01-02 21,Praha FIR,0.0042,0.3341,0.3591,0.0,0.0,0.0
01-02 21,Reims FIR,0.0,0.0,0.0,0.0,0.0,0.0
01-02 21,Reykjavik FIR,0.1643,0.1082,0.0199,0.0,0.0,0.0
01-02 21,Riga FIR,0.0,0.0,0.0,0.0,0.0,0.0
01-02 21,Roma FIR,0.0,0.035,0.0896,0.0066,0.0,0.0
01-02 21,Santa Maria FIR,0.0272,0.0133,0.0599,0.0393,0.0017,0.0
01-02 21,Sarajevo FIR,0.0,0.2863,0.5754,0.0445,0.0,0.0
01-02 21,Scottish FIR,0.0542,0.0137,0.0,0.0,0.0,0.0
01-02 21,Shannon FIR,0.0204,0.0,0.0,0.0,0.0,0.0
01-02 21,Skopje FIR,0.0,0.0,0.0,0.0,0.0,0.0
01-02 21,Sofia FIR,0.0392,0.0131,0.0,0.0,0.0,0.0
01-02 21,Sweden FIR,0.0084,0.0578,0.0186,0.0,0.0,0.0
01-02 21,Switzerland FIR,0.0,0.0,0.0206,0.0041,0.0,0.0
01-02 21,Tallinn FIR,0.0,0.0,0.0,0.0,0.0,0.0
01-02 21,Tirana FIR,0.0,0.0104,0.0,0.0,0.0,0.0
01-02 21,Vilnius FIR,0.0,0.0263,0.0,0.0,0.0,0.0
01-02 21,Warszawa FIR,0.0488,0.3417,0.3478,0.0123,0.0,0.0
01-02 21,Wien FIR,0.0,0.1118,0.195,0.0,0.0,0.0
01-02 21,Zagreb FIR,0.0,0.0822,0.6111,0.0807,0.0,0.0
01-02 22,Global,0.0209,0.026,0.0253,0.0191,0.0262,0.0252
01-02 22,Europe,0.006,0.0461,0.1014,0.0653,0.0246,0.0
01-02 22,European Airspace,0.0302,0.0644,0.0799,0.0405,0.0064,0.0
01-02 22,Africa Middle East,0.0004,0.0065,0.0109,0.0354,0.0636,0.0583
01-02 22,East Asia,0.0,0.0002,0.0004,0.0001,0.0003,0.0006
01-02 22,Southeast Asia,0.0,0.0,0.0,0.0034,0.0211,0.0557
01-02 22,India,0.0,0.0,0.0,0.0007,0.0065,0.0062
01-02 22,China,0.0105,0.019,0.0123,0.0022,0.0,0.0
01-02 22,Latin America,0.0009,0.0178,0.0378,0.0264,0.0766,0.0883
01-02 22,USA,0.0306,0.0488,0.0374,0.0098,0.0049,0.0
01-02 22,North Atlantic,0.0739,0.0183,0.0025,0.0005,0.0,0.0
01-02 22,North Pacific,0.0308,0.0536,0.0306,0.0035,0.0,0.0
01-02 22,Amsterdam FIR,0.0,0.0,0.0,0.0,0.0,0.0
01-02 22,Athinai FIR,0.0,0.0116,0.0023,0.0,0.0,0.0
01-02 22,Barcelona FIR,0.0,0.0327,0.1188,0.1925,0.2054,0.0
01-02 22,Beograd FIR,0.0,0.1936,0.3095,0.0,0.0,0.0
01-02 22,Bordeaux FIR,0.0,0.0034,0.0698,0.1064,0.01,0.0
01-02 22,Bratislava  FIR,0.0,0.0037,0.1298,0.0214,0.0,0.0
01-02 22,Bremen FIR,0.0,0.0924,0.0821,0.0,0.0,0.0
01-02 22,Brest FIR,0.0,0.0,0.0,0.0,0.0,0.0
01-02 22,Brindisi FIR,0.0,0.1046,0.1951,0.0025,0.0,0.0
01-02 22,Brussels FIR,0.0,0.0,0.0,0.0,0.0,0.0
01-02 22,Bucarest FIR,0.0382,0.2214,0.3111,0.0536,0.0,0.0
01-02 22,Budapest FIR,0.0,0.1821,0.7,0.1235,0.0,0.0
01-02 22,Canarias FIR,0.0,0.0,0.0025,0.0003,0.0,0.0
01-02 22,Chisinau FIR,0.1103,0.3229,0.0245,0.0,0.0,0.0
01-02 22,Copenhagen FIR,0.001,0.4224,0.0226,0.0,0.0,0.0
01-02 22,Helsinki FIR,0.0,0.0171,0.0345,0.0041,0.0,0.0
01-02 22,Langen FIR,0.0,0.0,0.0,0.0,0.0,0.0
01-02 22,Lisboa FIR,0.0,0.0071,0.1504,0.21,0.0531,0.0
01-02 22,Ljubljana FIR,0.0,0.0392,0.0694,0.099,0.0,0.0
01-02 22,London FIR,0.0008,0.0,0.0,0.0,0.0,0.0
01-02 22,Madrid FIR,0.0,0.0207,0.1512,0.2316,0.0799,0.0
01-02 22,Malta FIR,0.0,0.0364,0.0161,0.0,0.0,0.0
01-02 22,Marseille FIR,0.0,0.0124,0.1059,0.2496,0.0961,0.0
01-02 22,Milano FIR,0.0,0.0155,0.3228,0.2145,0.0,0.0
01-02 22,Munchen FIR,0.0,0.0031,0.0529,0.0,0.0,0.0
01-02 22,Paris FIR,0.0,0.0,0.0,0.0,0.0,0.0
01-02 22,Polaris FIR,0.0369,0.0582,0.0621,0.0334,0.0,0.0
01-02 22,Praha FIR,0.0,0.1983,0.2457,0.0,0.0,0.0
01-02 22,Reims FIR,0.0,0.0,0.0,0.0,0.0,0.0
01-02 22,Reykjavik FIR,0.1669,0.1151,0.0237,0.0,0.0,0.0
01-02 22,Riga FIR,0.0,0.0,0.0,0.0,0.0,0.0
01-02 22,Roma FIR,0.0,0.0217,0.0841,0.0049,0.0,0.0
01-02 22,Santa Maria FIR,0.0306,0.0194,0.0688,0.0471,0.0003,0.0
01-02 22,Sarajevo FIR,0.0,0.1173,0.6505,0.1188,0.0,0.0
01-02 22,Scottish FIR,0.0336,0.0075,0.0,0.0,0.0,0.0
01-02 22,Shannon FIR,0.019,0.0,0.0,0.0,0.0,0.0
01-02 22,Skopje FIR,0.0,0.0,0.0,0.0,0.0,0.0
01-02 22,Sofia FIR,0.0052,0.0104,0.0052,0.0,0.0,0.0
01-02 22,Sweden FIR,0.0148,0.061,0.0136,0.0,0.0,0.0
01-02 22,Switzerland FIR,0.0,0.0,0.0,0.0,0.0,0.0
01-02 22,Tallinn FIR,0.0,0.0,0.0,0.0,0.0,0.0
01-02 22,Tirana FIR,0.0,0.0,0.0,0.0,0.0,0.0
01-02 22,Vilnius FIR,0.0319,0.0736,0.0,0.0,0.0,0.0
01-02 22,Warszawa FIR,0.0392,0.2909,0.3912,0.001,0.0,0.0
01-02 22,Wien FIR,0.0,0.0876,0.0672,0.0,0.0,0.0
01-02 22,Zagreb FIR,0.0,0.0924,0.5355,0.1382,0.0,0.0
01-02 23,Global,0.0213,0.0273,0.0254,0.0191,0.0257,0.0241
01-02 23,Europe,0.0099,0.0497,0.0991,0.075,0.0211,0.0
01-02 23,European Airspace,0.0338,0.0631,0.0747,0.038,0.0053,0.0
01-02 23,Africa Middle East,0.0003,0.0055,0.0098,0.0393,0.0651,0.0542
01-02 23,East Asia,0.0,0.0006,0.0008,0.0001,0.0004,0.0013
01-02 23,Southeast Asia,0.0,0.0,0.0,0.0011,0.0099,0.0468
01-02 23,India,0.0,0.0,0.0,0.0001,0.0032,0.0042
01-02 23,China,0.008,0.0145,0.0057,0.0012,0.0,0.0
01-02 23,Latin America,0.0022,0.0278,0.0446,0.0298,0.0822,0.0899
01-02 23,USA,0.0344,0.0547,0.0408,0.0103,0.0053,0.0
01-02 23,North Atlantic,0.0742,0.0184,0.0019,0.0002,0.0,0.0
01-02 23,North Pacific,0.0342,0.061,0.0367,0.0079,0.0001,0.0
01-02 23,Amsterdam FIR,0.0,0.0,0.0,0.0,0.0,0.0
01-02 23,Athinai FIR,0.0,0.005,0.0027,0.0,0.0,0.0
01-02 23,Barcelona FIR,0.0,0.0701,0.1795,0.2289,0.2019,0.0
01-02 23,Beograd FIR,0.0,0.1221,0.4343,0.0,0.0,0.0
01-02 23,Bordeaux FIR,0.0,0.0123,0.063,0.0657,0.0078,0.0
01-02 23,Bratislava  FIR,0.0,0.0724,0.0686,0.0,0.0,0.0
01-02 23,Bremen FIR,0.0009,0.0656,0.0268,0.0,0.0,0.0
01-02 23,Brest FIR,0.0,0.0,0.0,0.0,0.0,0.0
01-02 23,Brindisi FIR,0.0,0.1276,0.2543,0.0012,0.0,0.0
01-02 23,Brussels FIR,0.0,0.0,0.0,0.0,0.0,0.0
01-02 23,Bucarest FIR,0.0114,0.2425,0.3914,0.0172,0.0,0.0
01-02 23,Budapest FIR,0.0,0.1864,0.3532,0.0242,0.0,0.0
01-02 23,Canarias FIR,0.0,0.0,0.0044,0.0,0.0,0.0
01-02 23,Chisinau FIR,0.0788,0.2921,0.0692,0.0,0.0,0.0
01-02 23,Copenhagen FIR,0.001,0.3452,0.0192,0.0,0.0,0.0
01-02 23,Helsinki FIR,0.0,0.0084,0.0316,0.0024,0.0,0.0
01-02 23,Langen FIR,0.0,0.0,0.0,0.0,0.0,0.0
01-02 23,Lisboa FIR,0.0,0.0156,0.1198,0.1785,0.0145,0.0
01-02 23,Ljubljana FIR,0.0097,0.0396,0.0297,0.0,0.0,0.0
01-02 23,London FIR,0.0024,0.0,0.0,0.0,0.0,0.0
01-02 23,Madrid FIR,0.0,0.0174,0.1874,0.3015,0.078,0.0
01-02 23,Malta FIR,0.0,0.0118,0.0021,0.0,0.0,0.0
01-02 23,Marseille FIR,0.0,0.0229,0.1629,0.3783,0.1154,0.0
01-02 23,Milano FIR,0.0,0.0385,0.2819,0.1819,0.0,0.0
01-02 23,Munchen FIR,0.0,0.0047,0.0093,0.0,0.0,0.0
01-02 23,Paris FIR,0.0,0.0,0.0,0.0,0.0,0.0
01-02 23,Polaris FIR,0.0507,0.0535,0.0414,0.0345,0.0,0.0
01-02 23,Praha FIR,0.0,0.1079,0.1349,0.0,0.0,0.0
01-02 23,Reims FIR,0.0,0.0,0.0,0.0,0.0,0.0
01-02 23,Reykjavik FIR,0.1745,0.1285,0.0251,0.0,0.0,0.0
01-02 23,Riga FIR,0.0015,0.0015,0.0,0.0,0.0,0.0
01-02 23,Roma FIR,0.0,0.0174,0.0714,0.0009,0.0,0.0
01-02 23,Santa Maria FIR,0.0353,0.0273,0.0746,0.0421,0.0,0.0
01-02 23,Sarajevo FIR,0.0,0.0076,0.6097,0.1116,0.0,0.0
01-02 23,Scottish FIR,0.0349,0.0053,0.0,0.0,0.0,0.0
01-02 23,Shannon FIR,0.0176,0.0,0.0,0.0,0.0,0.0
01-02 23,Skopje FIR,0.0,0.0,0.0,0.0,0.0,0.0
01-02 23,Sofia FIR,0.0,0.0195,0.0169,0.0,0.0,0.0
01-02 23,Sweden FIR,0.0614,0.1067,0.0221,0.0,0.0,0.0
01-02 23,Switzerland FIR,0.0,0.0,0.0,0.0,0.0,0.0
01-02 23,Tallinn FIR,0.0,0.0,0.0,0.0,0.0,0.0
01-02 23,Tirana FIR,0.0,0.0728,0.026,0.0,0.0,0.0
01-02 23,Vilnius FIR,0.0754,0.1052,0.0,0.0,0.0,0.0
01-02 23,Warszawa FIR,0.022,0.2867,0.4514,0.0066,0.0,0.0
01-02 23,Wien FIR,0.0021,0.0204,0.0021,0.0,0.0,0.0
01-02 23,Zagreb FIR,0.0,0.0688,0.3514,0.1987,0.0,0.0
01-03 00,Global,0.0225,0.0283,0.025,0.0199,0.0254,0.0233
01-03 00,Europe,0.0114,0.0515,0.0815,0.0818,0.0205,0.0
01-03 00,European Airspace,0.0373,0.0604,0.0657,0.0363,0.0051,0.0
01-03 00,Africa Middle East,0.0001,0.0046,0.0088,0.0411,0.0609,0.046
01-03 00,East Asia,0.0,0.0009,0.0007,0.0001,0.0005,0.0021
01-03 00,Southeast Asia,0.0,0.0,0.0,0.0004,0.0113,0.0542
01-03 00,India,0.0,0.0,0.0,0.0001,0.0022,0.0035
01-03 00,China,0.0073,0.0077,0.0039,0.0012,0.0,0.0
01-03 00,Latin America,0.0042,0.0338,0.0484,0.0326,0.0865,0.0911
01-03 00,USA,0.0388,0.0547,0.0402,0.012,0.0061,0.0
01-03 00,North Atlantic,0.0737,0.017,0.0012,0.0,0.0,0.0
01-03 00,North Pacific,0.042,0.0662,0.0425,0.0129,0.0005,0.0
01-03 00,Amsterdam FIR,0.0,0.0,0.0,0.0,0.0,0.0
01-03 00,Athinai FIR,0.0,0.0043,0.0008,0.0,0.0,0.0
01-03 00,Barcelona FIR,0.0,0.0497,0.1807,0.3031,0.2396,0.0
01-03 00,Beograd FIR,0.0,0.1001,0.6405,0.0155,0.0,0.0
01-03 00,Bordeaux FIR,0.0,0.0,0.0,0.0714,0.0369,0.0
01-03 00,Bratislava  FIR,0.0,0.061,0.0533,0.0,0.0,0.0
01-03 00,Bremen FIR,0.0026,0.0505,0.0009,0.0,0.0,0.0
01-03 00,Brest FIR,0.0,0.0,0.0,0.0,0.0,0.0
01-03 00,Brindisi FIR,0.0,0.1463,0.2351,0.0,0.0,0.0
01-03 00,Brussels FIR,0.0,0.0,0.0,0.0,0.0,0.0
01-03 00,Bucarest FIR,0.013,0.229,0.3994,0.0104,0.0,0.0
01-03 00,Budapest FIR,0.0,0.1655,0.1341,0.0,0.0,0.0
01-03 00,Canarias FIR,0.0,0.0,0.0068,0.0005,0.0,0.0
01-03 00,Chisinau FIR,0.05,0.0643,0.0049,0.0,0.0,0.0
01-03 00,Copenhagen FIR,0.0022,0.1854,0.0064,0.0,0.0,0.0
01-03 00,Helsinki FIR,0.0,0.0,0.0126,0.0046,0.0,0.0
01-03 00,Langen FIR,0.0,0.0,0.0,0.0,0.0,0.0
01-03 00,Lisboa FIR,0.0,0.0091,0.089,0.1517,0.0095,0.0
01-03 00,Ljubljana FIR,0.0295,0.2262,0.0099,0.0,0.0,0.0
01-03 00,London FIR,0.0016,0.0,0.0,0.0,0.0,0.0
01-03 00,Madrid FIR,0.0,0.0147,0.1934,0.324,0.058,0.0
01-03 00,Malta FIR,0.0,0.0,0.0,0.0,0.0,0.0
01-03 00,Marseille FIR,0.0,0.023,0.1628,0.4471,0.1048,0.0
01-03 00,Milano FIR,0.0,0.045,0.2137,0.167,0.0,0.0
01-03 00,Munchen FIR,0.0,0.0015,0.0,0.0,0.0,0.0
01-03 00,Paris FIR,0.0,0.0,0.0,0.0,0.0,0.0
01-03 00,Polaris FIR,0.0594,0.054,0.0353,0.0275,0.0,0.0
01-03 00,Praha FIR,0.0,0.0232,0.0274,0.0,0.0,0.0
01-03 00,Reims FIR,0.0,0.0,0.0,0.0,0.0,0.0
01-03 00,Reykjavik FIR,0.1812,0.1304,0.0256,0.0,0.0,0.0
01-03 00,Riga FIR,0.0153,0.0,0.0,0.0,0.0,0.0
01-03 00,Roma FIR,0.0,0.0092,0.0553,0.0253,0.0,0.0
01-03 00,Santa Maria FIR,0.037,0.036,0.0766,0.0357,0.0,0.0
01-03 00,Sarajevo FIR,0.0,0.0111,0.228,0.0817,0.0,0.0
01-03 00,Scottish FIR,0.0293,0.0044,0.0,0.0,0.0,0.0
01-03 00,Shannon FIR,0.0155,0.0,0.0,0.0,0.0,0.0
01-03 00,Skopje FIR,0.0,0.0,0.0,0.0,0.0,0.0
01-03 00,Sofia FIR,0.0013,0.078,0.0612,0.0,0.0,0.0
01-03 00,Sweden FIR,0.0765,0.1461,0.0281,0.0,0.0,0.0
01-03 00,Switzerland FIR,0.0,0.0,0.0,0.0,0.0,0.0
01-03 00,Tallinn FIR,0.0,0.0,0.0,0.0,0.0,0.0
01-03 00,Tirana FIR,0.0,0.1687,0.1205,0.0,0.0,0.0
01-03 00,Vilnius FIR,0.1279,0.0839,0.0,0.0,0.0,0.0
01-03 00,Warszawa FIR,0.0022,0.3737,0.4889,0.0124,0.0,0.0
01-03 00,Wien FIR,0.0,0.0,0.0,0.0,0.0,0.0
01-03 00,Zagreb FIR,0.0,0.0923,0.2314,0.1533,0.0,0.0
01-03 01,Global,0.0232,0.028,0.0245,0.0203,0.0251,0.0229
01-03 01,Europe,0.0125,0.0473,0.0654,0.0806,0.0194,0.0
01-03 01,European Airspace,0.04,0.0546,0.0566,0.033,0.0049,0.0
01-03 01,Africa Middle East,0.0,0.0035,0.0078,0.04,0.0527,0.0329
01-03 01,East Asia,0.0001,0.0019,0.0013,0.0001,0.0006,0.0034
01-03 01,Southeast Asia,0.0,0.0,0.0,0.0003,0.0112,0.0563
01-03 01,India,0.0,0.0,0.0,0.0001,0.0017,0.0032
01-03 01,China,0.0059,0.0054,0.0036,0.0012,0.0,0.0
01-03 01,Latin America,0.0059,0.037,0.0502,0.0347,0.0889,0.093
01-03 01,USA,0.0386,0.0513,0.0386,0.0147,0.0076,0.0
01-03 01,North Atlantic,0.0731,0.0155,0.0007,0.0,0.0,0.0
01-03 01,North Pacific,0.0502,0.0692,0.0485,0.0169,0.0014,0.0002
01-03 01,Amsterdam FIR,0.0,0.0,0.0,0.0,0.0,0.0
01-03 01,Athinai FIR,0.0,0.0041,0.0014,0.0,0.0,0.0
01-03 01,Barcelona FIR,0.0,0.0191,0.1954,0.3495,0.2343,0.0
01-03 01,Beograd FIR,0.0,0.0595,0.4076,0.0279,0.0,0.0
01-03 01,Bordeaux FIR,0.0,0.0,0.0056,0.0514,0.019,0.0
01-03 01,Bratislava  FIR,0.0,0.0394,0.0321,0.0,0.0,0.0
01-03 01,Bremen FIR,0.0,0.0216,0.0,0.0,0.0,0.0
01-03 01,Brest FIR,0.0,0.0,0.0,0.0,0.0,0.0
01-03 01,Brindisi FIR,0.0,0.1037,0.1328,0.0302,0.0049,0.0
01-03 01,Brussels FIR,0.0,0.0,0.0,0.0,0.0,0.0
01-03 01,Bucarest FIR,0.0065,0.1975,0.3322,0.0007,0.0,0.0
01-03 01,Budapest FIR,0.0,0.1038,0.0372,0.0,0.0,0.0
01-03 01,Canarias FIR,0.0,0.0,0.0088,0.0015,0.0,0.0
01-03 01,Chisinau FIR,0.0,0.0,0.0,0.0,0.0,0.0
01-03 01,Copenhagen FIR,0.0075,0.0435,0.0,0.0,0.0,0.0
01-03 01,Helsinki FIR,0.0011,0.0,0.0095,0.0066,0.0,0.0
01-03 01,Langen FIR,0.0,0.0,0.0,0.0,0.0,0.0
01-03 01,Lisboa FIR,0.0,0.0036,0.0834,0.1396,0.0142,0.0
01-03 01,Ljubljana FIR,0.1962,0.2858,0.0,0.0,0.0,0.0
01-03 01,London FIR,0.0004,0.0,0.0,0.0,0.0,0.0
01-03 01,Madrid FIR,0.0,0.0206,0.169,0.2259,0.0294,0.0
01-03 01,Malta FIR,0.0,0.0,0.0,0.0,0.0,0.0
01-03 01,Marseille FIR,0.0,0.0144,0.1226,0.4335,0.1418,0.0
01-03 01,Milano FIR,0.0,0.0122,0.1871,0.2135,0.0,0.0
01-03 01,Munchen FIR,0.0,0.0,0.0,0.0,0.0,0.0
01-03 01,Paris FIR,0.0,0.0,0.0,0.0,0.0,0.0
01-03 01,Polaris FIR,0.0691,0.0648,0.0411,0.0235,0.0,0.0
01-03 01,Praha FIR,0.0021,0.0063,0.0,0.0,0.0,0.0
01-03 01,Reims FIR,0.0,0.0,0.0,0.0,0.0,0.0
01-03 01,Reykjavik FIR,0.1814,0.1271,0.0232,0.0,0.0,0.0
01-03 01,Riga FIR,0.0396,0.0168,0.0,0.0,0.0,0.0
01-03 01,Roma FIR,0.0,0.0186,0.0997,0.1021,0.0022,0.0
01-03 01,Santa Maria FIR,0.0375,0.0451,0.079,0.03,0.0,0.0
01-03 01,Sarajevo FIR,0.0,0.0778,0.1971,0.1491,0.0,0.0
01-03 01,Scottish FIR,0.0342,0.0041,0.0,0.0,0.0,0.0
01-03 01,Shannon FIR,0.0161,0.0,0.0,0.0,0.0,0.0
01-03 01,Skopje FIR,0.0,0.2336,0.4075,0.0,0.0,0.0
01-03 01,Sofia FIR,0.0209,0.2366,0.23,0.0,0.0,0.0
01-03 01,Sweden FIR,0.0743,0.1483,0.0321,0.0,0.0,0.0
01-03 01,Switzerland FIR,0.0,0.0,0.0,0.0,0.0,0.0
01-03 01,Tallinn FIR,0.0,0.0,0.0,0.0,0.0,0.0
01-03 01,Tirana FIR,0.0,0.2444,0.2112,0.0,0.0,0.0
01-03 01,Vilnius FIR,0.0983,0.0495,0.0019,0.0,0.0,0.0
01-03 01,Warszawa FIR,0.0014,0.3774,0.3729,0.0242,0.0,0.0
01-03 01,Wien FIR,0.0021,0.0,0.0,0.0,0.0,0.0
01-03 01,Zagreb FIR,0.0141,0.1633,0.1906,0.1152,0.0,0.0
01-03 02,Global,0.0234,0.0274,0.0241,0.0211,0.0255,0.0225
01-03 02,Europe,0.0104,0.0385,0.0584,0.0761,0.0127,0.0
01-03 02,European Airspace,0.0393,0.0498,0.0485,0.0298,0.0033,0.0
01-03 02,Africa Middle East,0.0001,0.003,0.0058,0.0347,0.0399,0.0192
01-03 02,East Asia,0.0004,0.0052,0.0039,0.0001,0.0008,0.0023
01-03 02,Southeast Asia,0.0,0.0,0.0,0.0007,0.0147,0.0595
01-03 02,India,0.0,0.0,0.0,0.0,0.0015,0.0036
01-03 02,China,0.0034,0.0048,0.0042,0.0026,0.0004,0.0
01-03 02,Latin America,0.0073,0.0378,0.0491,0.0373,0.0923,0.0908
01-03 02,USA,0.0397,0.0485,0.0364,0.0219,0.0087,0.0
01-03 02,North Atlantic,0.075,0.0145,0.0009,0.0,0.0,0.0
01-03 02,North Pacific,0.0546,0.0726,0.0519,0.0193,0.002,0.0002
01-03 02,Amsterdam FIR,0.0,0.0,0.0,0.0,0.0,0.0
01-03 02,Athinai FIR,0.0,0.0184,0.013,0.0,0.0,0.0
01-03 02,Barcelona FIR,0.0,0.0176,0.2286,0.4135,0.1319,0.0
01-03 02,Beograd FIR,0.0,0.0035,0.0961,0.0018,0.0,0.0
01-03 02,Bordeaux FIR,0.0,0.0,0.0,0.0247,0.0134,0.0
01-03 02,Bratislava  FIR,0.0,0.0359,0.018,0.0,0.0,0.0
01-03 02,Bremen FIR,0.0,0.0,0.0,0.0,0.0,0.0
01-03 02,Brest FIR,0.0,0.0,0.0,0.0,0.0,0.0
01-03 02,Brindisi FIR,0.0,0.0439,0.0656,0.0824,0.0085,0.0
01-03 02,Brussels FIR,0.0,0.0,0.0,0.0,0.0,0.0
01-03 02,Bucarest FIR,0.0188,0.1778,0.2068,0.0,0.0,0.0
01-03 02,Budapest FIR,0.0055,0.0661,0.0165,0.0,0.0,0.0
01-03 02,Canarias FIR,0.0,0.0,0.0089,0.0015,0.0,0.0
01-03 02,Chisinau FIR,0.0051,0.0051,0.0102,0.0,0.0,0.0
01-03 02,Copenhagen FIR,0.0118,0.0138,0.0,0.0,0.0,0.0
01-03 02,Helsinki FIR,0.0,0.0,0.0115,0.0062,0.0,0.0
01-03 02,Langen FIR,0.0,0.0,0.0,0.0,0.0,0.0
01-03 02,Lisboa FIR,0.0,0.0131,0.0818,0.1381,0.0174,0.0
01-03 02,Ljubljana FIR,0.0,0.0791,0.0,0.0,0.0,0.0
01-03 02,London FIR,0.0008,0.0,0.0,0.0,0.0,0.0
01-03 02,Madrid FIR,0.0,0.014,0.1313,0.1443,0.0029,0.0
01-03 02,Malta FIR,0.0,0.0,0.0,0.0,0.0,0.0
01-03 02,Marseille FIR,0.0,0.0162,0.1152,0.3694,0.1319,0.0
01-03 02,Milano FIR,0.0,0.0079,0.1668,0.1865,0.0,0.0
01-03 02,Munchen FIR,0.0,0.0,0.0,0.0,0.0,0.0
01-03 02,Paris FIR,0.0,0.0,0.0,0.0,0.0,0.0
01-03 02,Polaris FIR,0.0616,0.0865,0.0534,0.0222,0.0,0.0
01-03 02,Praha FIR,0.0,0.0,0.0,0.0,0.0,0.0
01-03 02,Reims FIR,0.0,0.0,0.0,0.0,0.0,0.0
01-03 02,Reykjavik FIR,0.1922,0.1268,0.0208,0.0016,0.0,0.0
01-03 02,Riga FIR,0.0655,0.0503,0.0,0.0,0.0,0.0
01-03 02,Roma FIR,0.0,0.0145,0.1106,0.1627,0.0014,0.0
01-03 02,Santa Maria FIR,0.0343,0.0478,0.0798,0.0237,0.0,0.0
01-03 02,Sarajevo FIR,0.0,0.2972,0.3617,0.0187,0.0,0.0
01-03 02,Scottish FIR,0.04,0.0009,0.0,0.0,0.0,0.0
01-03 02,Shannon FIR,0.0087,0.0,0.0,0.0,0.0,0.0
01-03 02,Skopje FIR,0.0,0.4472,0.7491,0.0302,0.0,0.0
01-03 02,Sofia FIR,0.0224,0.3726,0.3558,0.0053,0.0,0.0
01-03 02,Sweden FIR,0.0509,0.1012,0.022,0.0,0.0,0.0
01-03 02,Switzerland FIR,0.0,0.0,0.0,0.0,0.0,0.0
01-03 02,Tallinn FIR,0.0,0.0,0.0,0.0,0.0,0.0
01-03 02,Tirana FIR,0.0,0.1713,0.1654,0.0,0.0,0.0
01-03 02,Vilnius FIR,0.1074,0.1373,0.0206,0.0,0.0,0.0
01-03 02,Warszawa FIR,0.0013,0.3471,0.2214,0.0168,0.0,0.0
01-03 02,Wien FIR,0.0083,0.0,0.0,0.0,0.0,0.0
01-03 02,Zagreb FIR,0.0157,0.1622,0.2016,0.0489,0.0,0.0
01-03 03,Global,0.023,0.0263,0.0235,0.0209,0.0244,0.0221
01-03 03,Europe,0.0091,0.0268,0.0497,0.0548,0.0075,0.0
01-03 03,European Airspace,0.0363,0.0417,0.0395,0.022,0.002,0.0
01-03 03,Africa Middle East,0.0,0.0013,0.0045,0.0273,0.0207,0.0117
01-03 03,East Asia,0.0025,0.0115,0.0083,0.0002,0.0008,0.0033
01-03 03,Southeast Asia,0.0,0.0,0.0,0.0007,0.0149,0.0585
01-03 03,India,0.0,0.0,0.0,0.0,0.0012,0.0035
01-03 03,China,0.0041,0.0057,0.0054,0.0036,0.0004,0.0004
01-03 03,Latin America,0.0079,0.036,0.0453,0.0368,0.0917,0.0872
01-03 03,USA,0.0387,0.0484,0.0365,0.0268,0.0073,0.0
01-03 03,North Atlantic,0.075,0.0147,0.0021,0.0,0.0,0.0
01-03 03,North Pacific,0.0569,0.0754,0.0541,0.0213,0.0023,0.0
01-03 03,Amsterdam FIR,0.0,0.0,0.0,0.0,0.0,0.0
01-03 03,Athinai FIR,0.0,0.0457,0.0327,0.0,0.0,0.0
01-03 03,Barcelona FIR,0.0,0.0274,0.2353,0.3069,0.0388,0.0
01-03 03,Beograd FIR,0.0,0.0188,0.0501,0.0,0.0,0.0
01-03 03,Bordeaux FIR,0.0,0.0,0.0,0.0246,0.0157,0.0
01-03 03,Bratislava  FIR,0.0,0.0,0.0,0.0,0.0,0.0
01-03 03,Bremen FIR,0.0,0.0,0.0,0.0,0.0,0.0
01-03 03,Brest FIR,0.0,0.0,0.0,0.0,0.0,0.0
01-03 03,Brindisi FIR,0.0,0.0572,0.1178,0.0766,0.0,0.0
01-03 03,Brussels FIR,0.0,0.0,0.0,0.0,0.0,0.0
01-03 03,Bucarest FIR,0.0273,0.1574,0.0794,0.0,0.0,0.0
01-03 03,Budapest FIR,0.0074,0.0055,0.0036,0.0,0.0,0.0
01-03 03,Canarias FIR,0.0,0.0,0.0084,0.0011,0.0,0.0
01-03 03,Chisinau FIR,0.0,0.0,0.0051,0.0,0.0,0.0
01-03 03,Copenhagen FIR,0.0213,0.0,0.0,0.0,0.0,0.0
01-03 03,Helsinki FIR,0.0,0.0,0.0133,0.0016,0.0,0.0
01-03 03,Langen FIR,0.0,0.0,0.0,0.0,0.0,0.0
01-03 03,Lisboa FIR,0.0,0.0346,0.0726,0.1385,0.0176,0.0
01-03 03,Ljubljana FIR,0.0,0.0,0.0,0.0,0.0,0.0
01-03 03,London FIR,0.0004,0.0,0.0,0.0,0.0,0.0
01-03 03,Madrid FIR,0.0,0.0117,0.1034,0.1212,0.0,0.0
01-03 03,Malta FIR,0.0,0.0,0.0,0.0,0.0,0.0
01-03 03,Marseille FIR,0.0,0.0222,0.1015,0.2723,0.0899,0.0
01-03 03,Milano FIR,0.0,0.0,0.0497,0.0204,0.0,0.0
01-03 03,Munchen FIR,0.0,0.0,0.0,0.0,0.0,0.0
01-03 03,Paris FIR,0.0,0.0,0.0,0.0,0.0,0.0
01-03 03,Polaris FIR,0.0531,0.1114,0.0559,0.0161,0.0,0.0
01-03 03,Praha FIR,0.0,0.0,0.0,0.0,0.0,0.0
01-03 03,Reims FIR,0.0,0.0,0.0,0.0,0.0,0.0
01-03 03,Reykjavik FIR,0.1997,0.1274,0.0212,0.0037,0.0,0.0
01-03 03,Riga FIR,0.0745,0.0274,0.0,0.0,0.0,0.0
01-03 03,Roma FIR,0.0,0.0259,0.155,0.0822,0.0,0.0
01-03 03,Santa Maria FIR,0.029,0.0443,0.0783,0.0154,0.0,0.0
01-03 03,Sarajevo FIR,0.0,0.5331,0.2585,0.0,0.0,0.0
01-03 03,Scottish FIR,0.0472,0.0,0.0,0.0,0.0,0.0
01-03 03,Shannon FIR,0.0033,0.0,0.0,0.0,0.0,0.0
01-03 03,Skopje FIR,0.0,0.0685,0.2051,0.0,0.0,0.0
01-03 03,Sofia FIR,0.0328,0.3608,0.2413,0.0,0.0,0.0
01-03 03,Sweden FIR,0.0213,0.0328,0.0056,0.0,0.0,0.0
01-03 03,Switzerland FIR,0.0,0.0,0.0,0.0,0.0,0.0
01-03 03,Tallinn FIR,0.0,0.0,0.0,0.0,0.0,0.0
01-03 03,Tirana FIR,0.0,0.0108,0.0161,0.0,0.0,0.0
01-03 03,Vilnius FIR,0.1172,0.1607,0.0057,0.0,0.0,0.0
01-03 03,Warszawa FIR,0.0,0.1958,0.0945,0.0088,0.0,0.0
01-03 03,Wien FIR,0.0,0.0,0.0,0.0,0.0,0.0
01-03 03,Zagreb FIR,0.0032,0.0748,0.1462,0.0132,0.0,0.0
01-03 04,Global,0.023,0.0262,0.0233,0.02,0.0238,0.0225
01-03 04,Europe,0.0091,0.0172,0.0329,0.0222,0.0033,0.0
01-03 04,European Airspace,0.0318,0.033,0.0293,0.0122,0.0008,0.0
01-03 04,Africa Middle East,0.0,0.0005,0.0029,0.0142,0.0068,0.0103
01-03 04,East Asia,0.0056,0.0176,0.0116,0.0003,0.0011,0.0073
01-03 04,Southeast Asia,0.0,0.0,0.0,0.0011,0.0235,0.07
01-03 04,India,0.0,0.0,0.0,0.0,0.001,0.0047
01-03 04,China,0.0073,0.0097,0.0097,0.006,0.0005,0.0018
01-03 04,Latin America,0.0074,0.0329,0.0371,0.0368,0.0882,0.0799
01-03 04,USA,0.0389,0.0472,0.0361,0.0255,0.0038,0.0
01-03 04,North Atlantic,0.0696,0.0173,0.004,0.0,0.0,0.0
01-03 04,North Pacific,0.0588,0.0786,0.0542,0.0227,0.0024,0.0
01-03 04,Amsterdam FIR,0.0,0.0,0.0,0.0,0.0,0.0
01-03 04,Athinai FIR,0.0,0.042,0.0136,0.0,0.0,0.0
01-03 04,Barcelona FIR,0.0,0.0141,0.0988,0.0847,0.018,0.0
01-03 04,Beograd FIR,0.0067,0.1369,0.0934,0.0,0.0,0.0
01-03 04,Bordeaux FIR,0.0,0.0022,0.0,0.0269,0.0067,0.0
01-03 04,Bratislava  FIR,0.0,0.0,0.0,0.0,0.0,0.0
01-03 04,Bremen FIR,0.0,0.0,0.0,0.0,0.0,0.0
01-03 04,Brest FIR,0.0,0.0,0.0,0.0,0.0,0.0
01-03 04,Brindisi FIR,0.0,0.0911,0.1924,0.0,0.0,0.0
01-03 04,Brussels FIR,0.0,0.0,0.0,0.0,0.0,0.0
01-03 04,Bucarest FIR,0.0036,0.0697,0.0159,0.0,0.0,0.0
01-03 04,Budapest FIR,0.0,0.0,0.0,0.0,0.0,0.0
01-03 04,Canarias FIR,0.0,0.0,0.0048,0.0008,0.0,0.0
01-03 04,Chisinau FIR,0.0,0.0,0.0,0.0,0.0,0.0
01-03 04,Copenhagen FIR,0.0339,0.0,0.0,0.0,0.0,0.0
01-03 04,Helsinki FIR,0.0,0.002,0.007,0.0009,0.0,0.0
01-03 04,Langen FIR,0.0,0.0,0.0,0.0,0.0,0.0
01-03 04,Lisboa FIR,0.0,0.0414,0.08,0.091,0.0132,0.0
01-03 04,Ljubljana FIR,0.0,0.0,0.0,0.0,0.0,0.0
01-03 04,London FIR,0.0067,0.0,0.0,0.0,0.0,0.0
01-03 04,Madrid FIR,0.0,0.0051,0.0567,0.0545,0.0,0.0
01-03 04,Malta FIR,0.0,0.0,0.0,0.0,0.0,0.0
01-03 04,Marseille FIR,0.0,0.0146,0.1215,0.1777,0.0239,0.0
01-03 04,Milano FIR,0.0,0.0,0.0011,0.0,0.0,0.0
01-03 04,Munchen FIR,0.0,0.0,0.0,0.0,0.0,0.0
01-03 04,Paris FIR,0.0,0.0,0.0,0.0,0.0,0.0
01-03 04,Polaris FIR,0.0639,0.138,0.0616,0.0175,0.0,0.0
01-03 04,Praha FIR,0.0,0.0,0.0,0.0,0.0,0.0
01-03 04,Reims FIR,0.0,0.0,0.0,0.0,0.0,0.0
01-03 04,Reykjavik FIR,0.2101,0.1301,0.0234,0.0046,0.0,0.0
01-03 04,Riga FIR,0.0198,0.0,0.0,0.0,0.0,0.0
01-03 04,Roma FIR,0.0,0.0305,0.0906,0.0036,0.0,0.0
01-03 04,Santa Maria FIR,0.021,0.0411,0.0732,0.0089,0.0,0.0
01-03 04,Sarajevo FIR,0.0,0.1533,0.1574,0.0,0.0,0.0
01-03 04,Scottish FIR,0.0526,0.0033,0.0,0.0,0.0,0.0
01-03 04,Shannon FIR,0.004,0.0,0.0,0.0,0.0,0.0
01-03 04,Skopje FIR,0.0,0.0,0.0,0.0,0.0,0.0
01-03 04,Sofia FIR,0.0105,0.1111,0.0198,0.0,0.0,0.0
01-03 04,Sweden FIR,0.002,0.0008,0.0008,0.0,0.0,0.0
01-03 04,Switzerland FIR,0.0,0.0,0.0,0.0,0.0,0.0
01-03 04,Tallinn FIR,0.0,0.0,0.0,0.0,0.0,0.0
01-03 04,Tirana FIR,0.0,0.048,0.0745,0.0,0.0,0.0
01-03 04,Vilnius FIR,0.1161,0.0171,0.0,0.0,0.0,0.0
01-03 04,Warszawa FIR,0.0,0.0429,0.0023,0.0,0.0,0.0
01-03 04,Wien FIR,0.0,0.0,0.0,0.0,0.0,0.0
01-03 04,Zagreb FIR,0.0,0.0286,0.0194,0.0,0.0,0.0
01-03 05,Global,0.0229,0.026,0.0235,0.0196,0.0243,0.0231
01-03 05,Europe,0.0123,0.0094,0.0101,0.0045,0.001,0.0
01-03 05,European Airspace,0.029,0.0277,0.0214,0.0059,0.0002,0.0
01-03 05,Africa Middle East,0.0,0.0004,0.0018,0.0064,0.0045,0.0109
01-03 05,East Asia,0.0068,0.0204,0.0123,0.0004,0.0022,0.0126
01-03 05,Southeast Asia,0.0,0.0,0.0,0.002,0.0343,0.0871
01-03 05,India,0.0,0.0,0.0,0.0,0.0016,0.0071
01-03 05,China,0.0133,0.0129,0.0135,0.0071,0.0005,0.0038
01-03 05,Latin America,0.0051,0.0264,0.0282,0.0345,0.0834,0.0712
01-03 05,USA,0.0377,0.0449,0.034,0.021,0.0018,0.0
01-03 05,North Atlantic,0.062,0.0193,0.0046,0.0,0.0,0.0
01-03 05,North Pacific,0.0566,0.0788,0.0526,0.0217,0.0029,0.0
01-03 05,Amsterdam FIR,0.0,0.0,0.0,0.0,0.0,0.0
01-03 05,Athinai FIR,0.0,0.0025,0.0,0.0,0.0,0.0
01-03 05,Barcelona FIR,0.0,0.0045,0.0105,0.0,0.0,0.0
01-03 05,Beograd FIR,0.0066,0.0193,0.007,0.0,0.0,0.0
01-03 05,Bordeaux FIR,0.0,0.0,0.0,0.0,0.0,0.0
01-03 05,Bratislava  FIR,0.0,0.0,0.0,0.0,0.0,0.0
01-03 05,Bremen FIR,0.0,0.0,0.0,0.0,0.0,0.0
01-03 05,Brest FIR,0.0,0.0,0.0,0.0,0.0,0.0
01-03 05,Brindisi FIR,0.0,0.0802,0.1011,0.0,0.0,0.0
01-03 05,Brussels FIR,0.0,0.0,0.0,0.0,0.0,0.0
01-03 05,Bucarest FIR,0.0,0.0055,0.0,0.0,0.0,0.0
01-03 05,Budapest FIR,0.0,0.0,0.0,0.0,0.0,0.0
01-03 05,Canarias FIR,0.0,0.0,0.0018,0.0,0.0,0.0
01-03 05,Chisinau FIR,0.0,0.0,0.0,0.0,0.0,0.0
01-03 05,Copenhagen FIR,0.0359,0.0,0.0,0.0,0.0,0.0
01-03 05,Helsinki FIR,0.0,0.0103,0.0103,0.0,0.0,0.0
01-03 05,Langen FIR,0.0,0.0,0.0,0.0,0.0,0.0
01-03 05,Lisboa FIR,0.0,0.0342,0.072,0.0547,0.0104,0.0
01-03 05,Ljubljana FIR,0.0,0.0,0.0,0.0,0.0,0.0
01-03 05,London FIR,0.0063,0.0,0.0,0.0,0.0,0.0
01-03 05,Madrid FIR,0.0,0.0175,0.0178,0.0003,0.0,0.0
01-03 05,Malta FIR,0.0,0.0011,0.0,0.0,0.0,0.0
01-03 05,Marseille FIR,0.0,0.0051,0.024,0.0621,0.0,0.0
01-03 05,Milano FIR,0.0,0.0,0.0,0.0,0.0,0.0
01-03 05,Munchen FIR,0.0,0.0,0.0,0.0,0.0,0.0
01-03 05,Paris FIR,0.0,0.0,0.0,0.0,0.0,0.0
01-03 05,Polaris FIR,0.0798,0.1507,0.0716,0.0097,0.0,0.0
01-03 05,Praha FIR,0.0,0.0,0.0,0.0,0.0,0.0
01-03 05,Reims FIR,0.0,0.0,0.0,0.0,0.0,0.0
01-03 05,Reykjavik FIR,0.2128,0.1333,0.0279,0.004,0.0,0.0
01-03 05,Riga FIR,0.0,0.0,0.0,0.0,0.0,0.0
01-03 05,Roma FIR,0.0,0.0084,0.0264,0.0,0.0,0.0
01-03 05,Santa Maria FIR,0.017,0.0384,0.0661,0.0035,0.0,0.0
01-03 05,Sarajevo FIR,0.0,0.0,0.0038,0.0,0.0,0.0
01-03 05,Scottish FIR,0.0771,0.0003,0.0,0.0,0.0,0.0
01-03 05,Shannon FIR,0.0053,0.0,0.0,0.0,0.0,0.0
01-03 05,Skopje FIR,0.0,0.0,0.0,0.0,0.0,0.0
01-03 05,Sofia FIR,0.0,0.0,0.0,0.0,0.0,0.0
01-03 05,Sweden FIR,0.002,0.0006,0.0011,0.0,0.0,0.0
01-03 05,Switzerland FIR,0.0,0.0,0.0,0.0,0.0,0.0
01-03 05,Tallinn FIR,0.0,0.0,0.0,0.0,0.0,0.0
01-03 05,Tirana FIR,0.0,0.1231,0.0747,0.0,0.0,0.0
01-03 05,Vilnius FIR,0.0,0.0,0.0,0.0,0.0,0.0
01-03 05,Warszawa FIR,0.0,0.0302,0.0063,0.0,0.0,0.0
01-03 05,Wien FIR,0.0,0.0,0.0,0.0,0.0,0.0
01-03 05,Zagreb FIR,0.0,0.0,0.0,0.0,0.0,0.0
01-03 06,Global,0.023,0.0256,0.0241,0.0197,0.0256,0.0238
01-03 06,Europe,0.0145,0.0047,0.0029,0.0023,0.001,0.0
01-03 06,European Airspace,0.0302,0.0261,0.0172,0.0038,0.0002,0.0
01-03 06,Africa Middle East,0.0,0.0002,0.0011,0.002,0.0063,0.0126
01-03 06,East Asia,0.0066,0.0196,0.012,0.0007,0.0045,0.0165
01-03 06,Southeast Asia,0.0,0.0,0.0,0.0033,0.0555,0.1155
01-03 06,India,0.0,0.0,0.0,0.0,0.0023,0.0109
01-03 06,China,0.0197,0.0169,0.0217,0.0088,0.0005,0.0046
01-03 06,Latin America,0.0013,0.0145,0.0171,0.0294,0.0737,0.0596
01-03 06,USA,0.0339,0.0426,0.032,0.0195,0.0009,0.0
01-03 06,North Atlantic,0.0544,0.0189,0.0037,0.0,0.0,0.0
01-03 06,North Pacific,0.0533,0.0785,0.0534,0.0194,0.0031,0.0
01-03 06,Amsterdam FIR,0.0,0.0,0.0,0.0,0.0,0.0
01-03 06,Athinai FIR,0.0,0.0,0.0,0.0,0.0,0.0
01-03 06,Barcelona FIR,0.0,0.0,0.0,0.0,0.0,0.0
01-03 06,Beograd FIR,0.0,0.0,0.0,0.0,0.0,0.0
01-03 06,Bordeaux FIR,0.0,0.0044,0.0,0.0,0.0,0.0
01-03 06,Bratislava  FIR,0.0,0.0,0.0,0.0,0.0,0.0
01-03 06,Bremen FIR,0.0,0.0,0.0,0.0,0.0,0.0
01-03 06,Brest FIR,0.0,0.0012,0.0,0.0,0.0,0.0
01-03 06,Brindisi FIR,0.0,0.0076,0.0,0.0,0.0,0.0
01-03 06,Brussels FIR,0.0,0.0,0.0,0.0,0.0,0.0
01-03 06,Bucarest FIR,0.0,0.0,0.0,0.0,0.0,0.0
01-03 06,Budapest FIR,0.0,0.0,0.0,0.0,0.0,0.0
01-03 06,Canarias FIR,0.0,0.0,0.0,0.0,0.0,0.0
01-03 06,Chisinau FIR,0.0,0.0,0.0,0.0,0.0,0.0
01-03 06,Copenhagen FIR,0.0359,0.0,0.0,0.0,0.0,0.0
01-03 06,Helsinki FIR,0.0,0.0189,0.0114,0.0,0.0,0.0
01-03 06,Langen FIR,0.0,0.0,0.0,0.0,0.0,0.0
01-03 06,Lisboa FIR,0.0,0.0294,0.0466,0.0328,0.0097,0.0
01-03 06,Ljubljana FIR,0.0,0.0,0.0,0.0,0.0,0.0
01-03 06,London FIR,0.0051,0.0,0.0,0.0,0.0,0.0
01-03 06,Madrid FIR,0.0,0.0212,0.0132,0.0,0.0,0.0
01-03 06,Malta FIR,0.0,0.0,0.0,0.0,0.0,0.0
01-03 06,Marseille FIR,0.0,0.0019,0.0,0.008,0.0,0.0
01-03 06,Milano FIR,0.0,0.0,0.0,0.0,0.0,0.0
01-03 06,Munchen FIR,0.0,0.0,0.0,0.0,0.0,0.0
01-03 06,Paris FIR,0.0,0.0,0.0,0.0,0.0,0.0
01-03 06,Polaris FIR,0.1012,0.1436,0.0805,0.0083,0.0,0.0
01-03 06,Praha FIR,0.0,0.0,0.0,0.0,0.0,0.0
01-03 06,Reims FIR,0.0,0.0,0.0,0.0,0.0,0.0
01-03 06,Reykjavik FIR,0.2127,0.1397,0.0304,0.0029,0.0,0.0
01-03 06,Riga FIR,0.0,0.0,0.0,0.0,0.0,0.0
01-03 06,Roma FIR,0.0,0.0032,0.0014,0.0057,0.0,0.0
01-03 06,Santa Maria FIR,0.0166,0.035,0.048,0.0005,0.0,0.0
01-03 06,Sarajevo FIR,0.0,0.0,0.0076,0.0,0.0,0.0
01-03 06,Scottish FIR,0.0962,0.0,0.0,0.0,0.0,0.0
01-03 06,Shannon FIR,0.0026,0.0,0.0,0.0,0.0,0.0
01-03 06,Skopje FIR,0.0,0.0,0.0,0.0,0.0,0.0
01-03 06,Sofia FIR,0.0,0.0,0.0,0.0,0.0,0.0
01-03 06,Sweden FIR,0.0009,0.0012,0.0009,0.0,0.0,0.0
01-03 06,Switzerland FIR,0.0,0.0,0.0,0.0,0.0,0.0
01-03 06,Tallinn FIR,0.0,0.0,0.0,0.0,0.0,0.0
01-03 06,Tirana FIR,0.0,0.0,0.0,0.0,0.0,0.0
01-03 06,Vilnius FIR,0.0,0.0,0.0,0.0,0.0,0.0
01-03 06,Warszawa FIR,0.0,0.0217,0.018,0.0,0.0,0.0
01-03 06,Wien FIR,0.0,0.0,0.0,0.0,0.0,0.0
01-03 06,Zagreb FIR,0.0,0.0,0.0033,0.0,0.0,0.0
01-03 07,Global,0.0233,0.0262,0.0249,0.0202,0.0269,0.0244
01-03 07,Europe,0.0125,0.0027,0.0015,0.0013,0.0008,0.0
01-03 07,European Airspace,0.0298,0.0246,0.0147,0.0032,0.0002,0.0
01-03 07,Africa Middle East,0.0,0.0001,0.0008,0.0023,0.0099,0.0129
01-03 07,East Asia,0.0073,0.0187,0.0104,0.0006,0.0065,0.0182
01-03 07,Southeast Asia,0.0,0.0,0.0,0.0057,0.0815,0.1462
01-03 07,India,0.0,0.0,0.0,0.0,0.0047,0.0153
01-03 07,China,0.0224,0.0305,0.0288,0.0107,0.0004,0.0041
01-03 07,Latin America,0.0001,0.0065,0.009,0.0236,0.0578,0.0458
01-03 07,USA,0.0303,0.0382,0.0298,0.0188,0.0004,0.0
01-03 07,North Atlantic,0.0461,0.0161,0.0014,0.0,0.0,0.0
01-03 07,North Pacific,0.0538,0.0808,0.0564,0.0186,0.003,0.0
01-03 07,Amsterdam FIR,0.0,0.0,0.0,0.0,0.0,0.0
01-03 07,Athinai FIR,0.0,0.0,0.0,0.0,0.0,0.0
01-03 07,Barcelona FIR,0.0,0.0,0.0,0.0,0.0,0.0
01-03 07,Beograd FIR,0.0,0.0,0.0052,0.0,0.0,0.0
01-03 07,Bordeaux FIR,0.0,0.0,0.0,0.0,0.0,0.0
01-03 07,Bratislava  FIR,0.0,0.0,0.0,0.0,0.0,0.0
01-03 07,Bremen FIR,0.0,0.0,0.0,0.0,0.0,0.0
01-03 07,Brest FIR,0.0,0.0,0.0,0.0,0.0,0.0
01-03 07,Brindisi FIR,0.0,0.0,0.0,0.0,0.0,0.0
01-03 07,Brussels FIR,0.0,0.0,0.0,0.0,0.0,0.0
01-03 07,Bucarest FIR,0.0,0.0,0.0,0.0,0.0,0.0
01-03 07,Budapest FIR,0.0,0.0,0.0,0.0,0.0,0.0
01-03 07,Canarias FIR,0.0,0.0,0.0,0.0,0.0,0.0
01-03 07,Chisinau FIR,0.0,0.0,0.0,0.0,0.0,0.0
01-03 07,Copenhagen FIR,0.0074,0.0,0.0,0.0,0.0,0.0
01-03 07,Helsinki FIR,0.0004,0.0258,0.0126,0.0,0.0,0.0
01-03 07,Langen FIR,0.0,0.0,0.0,0.0,0.0,0.0
01-03 07,Lisboa FIR,0.0,0.0073,0.0034,0.0103,0.0078,0.0
01-03 07,Ljubljana FIR,0.0,0.0,0.0,0.0,0.0,0.0
01-03 07,London FIR,0.0012,0.0,0.0,0.0,0.0,0.0
01-03 07,Madrid FIR,0.0,0.0183,0.0126,0.0003,0.0,0.0
01-03 07,Malta FIR,0.0,0.0,0.0,0.0,0.0,0.0
01-03 07,Marseille FIR,0.0,0.0,0.0,0.0,0.0,0.0
01-03 07,Milano FIR,0.0,0.0,0.0,0.0,0.0,0.0
01-03 07,Munchen FIR,0.0,0.0,0.0,0.0,0.0,0.0
01-03 07,Paris FIR,0.0,0.0,0.0,0.0,0.0,0.0
01-03 07,Polaris FIR,0.1397,0.15,0.0886,0.0144,0.0,0.0
01-03 07,Praha FIR,0.0,0.0,0.0,0.0,0.0,0.0
01-03 07,Reims FIR,0.0,0.0,0.0,0.0,0.0,0.0
01-03 07,Reykjavik FIR,0.2083,0.1433,0.0333,0.0019,0.0,0.0
01-03 07,Riga FIR,0.0,0.0,0.0,0.0,0.0,0.0
01-03 07,Roma FIR,0.0,0.0,0.0,0.0093,0.0,0.0
01-03 07,Santa Maria FIR,0.012,0.0283,0.0283,0.0,0.0,0.0
01-03 07,Sarajevo FIR,0.0,0.0,0.0,0.0,0.0,0.0
01-03 07,Scottish FIR,0.0909,0.0,0.0,0.0,0.0,0.0
01-03 07,Shannon FIR,0.0,0.0,0.0,0.0,0.0,0.0
01-03 07,Skopje FIR,0.0,0.0,0.0,0.0,0.0,0.0
01-03 07,Sofia FIR,0.0,0.0,0.0,0.0,0.0,0.0
01-03 07,Sweden FIR,0.0002,0.0039,0.0017,0.0,0.0,0.0
01-03 07,Switzerland FIR,0.0,0.0,0.0,0.0,0.0,0.0
01-03 07,Tallinn FIR,0.0,0.0,0.0,0.0,0.0,0.0
01-03 07,Tirana FIR,0.0,0.0,0.0,0.0,0.0,0.0
01-03 07,Vilnius FIR,0.0,0.002,0.0294,0.0,0.0,0.0
01-03 07,Warszawa FIR,0.0,0.0306,0.0288,0.0,0.0,0.0
01-03 07,Wien FIR,0.0,0.0,0.0,0.0,0.0,0.0
01-03 07,Zagreb FIR,0.0,0.0,0.0,0.0,0.0,0.0
01-03 08,Global,0.0236,0.0268,0.025,0.021,0.0278,0.0252
01-03 08,Europe,0.0062,0.0013,0.0,0.0008,0.0007,0.0
01-03 08,European Airspace,0.0279,0.022,0.0129,0.0033,0.0002,0.0
01-03 08,Africa Middle East,0.0,0.0001,0.001,0.0034,0.0129,0.0131
01-03 08,East Asia,0.0091,0.0166,0.0076,0.0002,0.0073,0.0181
01-03 08,Southeast Asia,0.0,0.0,0.0,0.0083,0.1063,0.1753
01-03 08,India,0.0,0.0,0.0,0.0002,0.0085,0.0193
01-03 08,China,0.0264,0.045,0.0311,0.012,0.0008,0.0034
01-03 08,Latin America,0.0,0.0029,0.0072,0.0167,0.0383,0.0344
01-03 08,USA,0.025,0.0319,0.0276,0.0189,0.0003,0.0
01-03 08,North Atlantic,0.0342,0.0102,0.0005,0.0,0.0,0.0
01-03 08,North Pacific,0.0561,0.0811,0.0591,0.0188,0.0038,0.0
01-03 08,Amsterdam FIR,0.0,0.0,0.0,0.0,0.0,0.0
01-03 08,Athinai FIR,0.0,0.0,0.0,0.0,0.0,0.0
01-03 08,Barcelona FIR,0.0,0.0,0.0,0.0,0.0,0.0
01-03 08,Beograd FIR,0.0,0.0,0.0035,0.0,0.0,0.0
01-03 08,Bordeaux FIR,0.0,0.0,0.0,0.0,0.0,0.0
01-03 08,Bratislava  FIR,0.0,0.0,0.0,0.0,0.0,0.0
01-03 08,Bremen FIR,0.0,0.0,0.0,0.0,0.0,0.0
01-03 08,Brest FIR,0.0,0.0,0.0,0.0,0.0,0.0
01-03 08,Brindisi FIR,0.0,0.0,0.0,0.0086,0.0,0.0
01-03 08,Brussels FIR,0.0,0.0,0.0,0.0,0.0,0.0
01-03 08,Bucarest FIR,0.0,0.0,0.0051,0.0,0.0,0.0
01-03 08,Budapest FIR,0.0,0.0,0.0,0.0,0.0,0.0
01-03 08,Canarias FIR,0.0,0.0,0.0,0.0,0.0,0.0
01-03 08,Chisinau FIR,0.0,0.0,0.0,0.0,0.0,0.0
01-03 08,Copenhagen FIR,0.0,0.0,0.0,0.0,0.0,0.0
01-03 08,Helsinki FIR,0.0046,0.0394,0.0144,0.0,0.0,0.0
01-03 08,Langen FIR,0.0,0.0,0.0,0.0,0.0,0.0
01-03 08,Lisboa FIR,0.0,0.0003,0.0,0.0016,0.0066,0.0
01-03 08,Ljubljana FIR,0.0,0.0,0.0,0.0,0.0,0.0
01-03 08,London FIR,0.0012,0.0,0.0,0.0,0.0,0.0
01-03 08,Madrid FIR,0.0,0.0,0.0,0.0024,0.0003,0.0
01-03 08,Malta FIR,0.0,0.0,0.0,0.0,0.0,0.0
01-03 08,Marseille FIR,0.0,0.0,0.0,0.0,0.0,0.0
01-03 08,Milano FIR,0.0,0.0,0.0,0.0,0.0,0.0
01-03 08,Munchen FIR,0.0,0.0,0.0,0.0,0.0,0.0
01-03 08,Paris FIR,0.0,0.0,0.0,0.0,0.0,0.0
01-03 08,Polaris FIR,0.1597,0.1599,0.0899,0.0207,0.0,0.0
01-03 08,Praha FIR,0.0,0.0,0.0,0.0,0.0,0.0
01-03 08,Reims FIR,0.0,0.0,0.0,0.0,0.0,0.0
01-03 08,Reykjavik FIR,0.1993,0.1434,0.0348,0.0009,0.0,0.0
01-03 08,Riga FIR,0.0,0.0,0.0,0.0,0.0,0.0
01-03 08,Roma FIR,0.0,0.0,0.0,0.0031,0.0,0.0
01-03 08,Santa Maria FIR,0.0067,0.0107,0.0036,0.0,0.0,0.0
01-03 08,Sarajevo FIR,0.0,0.0,0.0,0.0,0.0,0.0
01-03 08,Scottish FIR,0.061,0.0008,0.0,0.0,0.0,0.0
01-03 08,Shannon FIR,0.0,0.0,0.0,0.0,0.0,0.0
01-03 08,Skopje FIR,0.0,0.0,0.0,0.0,0.0,0.0
01-03 08,Sofia FIR,0.0,0.0,0.0,0.0,0.0,0.0
01-03 08,Sweden FIR,0.0008,0.0067,0.0012,0.0,0.0,0.0
01-03 08,Switzerland FIR,0.0,0.0,0.0,0.0,0.0,0.0
01-03 08,Tallinn FIR,0.0,0.0,0.0,0.0,0.0,0.0
01-03 08,Tirana FIR,0.0,0.0,0.0,0.0,0.0,0.0
01-03 08,Vilnius FIR,0.0,0.002,0.0256,0.0,0.0,0.0
01-03 08,Warszawa FIR,0.0,0.0292,0.009,0.0,0.0,0.0
01-03 08,Wien FIR,0.0,0.0,0.0,0.0,0.0,0.0
01-03 08,Zagreb FIR,0.0,0.0,0.0,0.0,0.0,0.0
01-03 09,Global,0.0239,0.027,0.0253,0.0216,0.0283,0.0266
01-03 09,Europe,0.0065,0.0024,0.0002,0.0012,0.0005,0.0
01-03 09,European Airspace,0.0276,0.0219,0.0126,0.0042,0.0001,0.0
01-03 09,Africa Middle East,0.0,0.0004,0.0009,0.0043,0.0143,0.0139
01-03 09,East Asia,0.0101,0.013,0.0057,0.0002,0.0064,0.0152
01-03 09,Southeast Asia,0.0,0.0,0.0,0.0117,0.1222,0.1981
01-03 09,India,0.0,0.0,0.0,0.0004,0.0117,0.0201
01-03 09,China,0.0343,0.0481,0.0321,0.0128,0.001,0.0021
01-03 09,Latin America,0.0,0.0022,0.0084,0.0091,0.0244,0.0295
01-03 09,USA,0.0178,0.0256,0.0284,0.0173,0.0001,0.0
01-03 09,North Atlantic,0.0171,0.0031,0.0003,0.0,0.0,0.0
01-03 09,North Pacific,0.0597,0.0811,0.06,0.0198,0.006,0.0
01-03 09,Amsterdam FIR,0.0017,0.0,0.0,0.0,0.0,0.0
01-03 09,Athinai FIR,0.0,0.0,0.0,0.0,0.0,0.0
01-03 09,Barcelona FIR,0.0,0.0,0.0008,0.0115,0.0,0.0
01-03 09,Beograd FIR,0.0,0.0,0.0105,0.0,0.0,0.0
01-03 09,Bordeaux FIR,0.0,0.0,0.0,0.0,0.0,0.0
01-03 09,Bratislava  FIR,0.0,0.0,0.0,0.0,0.0,0.0
01-03 09,Bremen FIR,0.0,0.0,0.0,0.0,0.0,0.0
01-03 09,Brest FIR,0.0,0.0,0.0,0.0,0.0,0.0
01-03 09,Brindisi FIR,0.0,0.0,0.0038,0.0123,0.0,0.0
01-03 09,Brussels FIR,0.0,0.0,0.0,0.0,0.0,0.0
01-03 09,Bucarest FIR,0.0,0.0,0.0,0.0,0.0,0.0
01-03 09,Budapest FIR,0.0,0.0,0.0,0.0,0.0,0.0
01-03 09,Canarias FIR,0.0,0.0,0.0,0.0,0.0,0.0
01-03 09,Chisinau FIR,0.0,0.0,0.0,0.0,0.0,0.0
01-03 09,Copenhagen FIR,0.0011,0.0,0.0,0.0,0.0,0.0
01-03 09,Helsinki FIR,0.0258,0.0483,0.0159,0.0,0.0,0.0
01-03 09,Langen FIR,0.0,0.0,0.0,0.0,0.0,0.0
01-03 09,Lisboa FIR,0.0,0.0,0.0,0.0,0.0041,0.0
01-03 09,Ljubljana FIR,0.0,0.0,0.0,0.0,0.0,0.0
01-03 09,London FIR,0.0004,0.0,0.0,0.0,0.0,0.0
01-03 09,Madrid FIR,0.0,0.0,0.0,0.003,0.0007,0.0
01-03 09,Malta FIR,0.0,0.0,0.0,0.0,0.0,0.0
01-03 09,Marseille FIR,0.0,0.0,0.0,0.0,0.0,0.0
01-03 09,Milano FIR,0.0,0.0,0.0,0.0,0.0,0.0
01-03 09,Munchen FIR,0.0,0.0,0.0,0.0,0.0,0.0
01-03 09,Paris FIR,0.0,0.0,0.0,0.0,0.0,0.0
01-03 09,Polaris FIR,0.1628,0.1676,0.101,0.0332,0.0,0.0
01-03 09,Praha FIR,0.0,0.0,0.0,0.0,0.0,0.0
01-03 09,Reims FIR,0.0,0.0,0.0,0.0,0.0,0.0
01-03 09,Reykjavik FIR,0.1912,0.1395,0.0318,0.0004,0.0,0.0
01-03 09,Riga FIR,0.0,0.0076,0.0,0.0,0.0,0.0
01-03 09,Roma FIR,0.0,0.0,0.0014,0.0036,0.0,0.0
01-03 09,Santa Maria FIR,0.0008,0.0003,0.0005,0.0,0.0,0.0
01-03 09,Sarajevo FIR,0.0,0.0,0.0,0.0,0.0,0.0
01-03 09,Scottish FIR,0.073,0.0115,0.0,0.0,0.0,0.0
01-03 09,Shannon FIR,0.0,0.0,0.0,0.0,0.0,0.0
01-03 09,Skopje FIR,0.0,0.0,0.0301,0.0,0.0,0.0
01-03 09,Sofia FIR,0.0,0.0,0.0,0.0,0.0,0.0
01-03 09,Sweden FIR,0.0087,0.0066,0.0009,0.0,0.0,0.0
01-03 09,Switzerland FIR,0.0,0.0,0.0,0.0,0.0,0.0
01-03 09,Tallinn FIR,0.0,0.0,0.0,0.0,0.0,0.0
01-03 09,Tirana FIR,0.0,0.0,0.0,0.0,0.0,0.0
01-03 09,Vilnius FIR,0.002,0.0152,0.0099,0.0,0.0,0.0
01-03 09,Warszawa FIR,0.0,0.0185,0.0009,0.0,0.0,0.0
01-03 09,Wien FIR,0.0,0.0,0.0,0.0,0.0,0.0
01-03 09,Zagreb FIR,0.0,0.0,0.0,0.0,0.0,0.0
01-03 10,Global,0.0238,0.0273,0.0255,0.0229,0.0307,0.0287
01-03 10,Europe,0.013,0.0044,0.001,0.0022,0.0002,0.0
01-03 10,European Airspace,0.0288,0.0241,0.0144,0.0052,0.0,0.0
01-03 10,Africa Middle East,0.0001,0.0004,0.0011,0.005,0.0152,0.0156
01-03 10,East Asia,0.0106,0.0093,0.0037,0.0004,0.0053,0.0125
01-03 10,Southeast Asia,0.0,0.0,0.0,0.0164,0.1308,0.2129
01-03 10,India,0.0,0.0,0.0,0.001,0.0137,0.023
01-03 10,China,0.0399,0.0458,0.0324,0.0124,0.0013,0.001
01-03 10,Latin America,0.0,0.0017,0.0089,0.0072,0.0208,0.0279
01-03 10,USA,0.0117,0.0247,0.0285,0.0127,0.0001,0.0
01-03 10,North Atlantic,0.0093,0.001,0.0002,0.0,0.0,0.0
01-03 10,North Pacific,0.0599,0.0802,0.059,0.0235,0.0087,0.0
01-03 10,Amsterdam FIR,0.0,0.0,0.0,0.0,0.0,0.0
01-03 10,Athinai FIR,0.0,0.0004,0.0029,0.0,0.0,0.0
01-03 10,Barcelona FIR,0.0,0.0,0.0,0.0323,0.0008,0.0
01-03 10,Beograd FIR,0.0,0.0018,0.0,0.0018,0.0,0.0
01-03 10,Bordeaux FIR,0.0,0.0,0.0,0.0,0.0,0.0
01-03 10,Bratislava  FIR,0.0,0.0,0.0,0.0,0.0,0.0
01-03 10,Bremen FIR,0.0,0.0,0.0,0.0,0.0,0.0
01-03 10,Brest FIR,0.0,0.0,0.0,0.0,0.0,0.0
01-03 10,Brindisi FIR,0.0,0.0,0.0281,0.0313,0.0,0.0
01-03 10,Brussels FIR,0.0,0.0,0.0,0.0,0.0,0.0
01-03 10,Bucarest FIR,0.0,0.0028,0.0,0.0,0.0,0.0
01-03 10,Budapest FIR,0.0,0.0,0.0,0.0,0.0,0.0
01-03 10,Canarias FIR,0.0,0.0,0.0,0.0,0.0,0.0
01-03 10,Chisinau FIR,0.0,0.0,0.0,0.0,0.0,0.0
01-03 10,Copenhagen FIR,0.0095,0.0,0.0,0.0,0.0,0.0
01-03 10,Helsinki FIR,0.0418,0.05,0.0162,0.0,0.0,0.0
01-03 10,Langen FIR,0.0,0.0,0.0,0.0,0.0,0.0
01-03 10,Lisboa FIR,0.0,0.0,0.0003,0.0003,0.0012,0.0
01-03 10,Ljubljana FIR,0.0,0.0,0.0,0.0,0.0,0.0
01-03 10,London FIR,0.0,0.0,0.0,0.0,0.0,0.0
01-03 10,Madrid FIR,0.0,0.0,0.0,0.0,0.0,0.0
01-03 10,Malta FIR,0.0,0.0,0.0,0.0,0.0,0.0
01-03 10,Marseille FIR,0.0,0.0,0.0,0.0,0.0,0.0
01-03 10,Milano FIR,0.0,0.0,0.0,0.0,0.0,0.0
01-03 10,Munchen FIR,0.0,0.0,0.0,0.0,0.0,0.0
01-03 10,Paris FIR,0.0,0.0,0.0,0.0,0.0,0.0
01-03 10,Polaris FIR,0.1683,0.1646,0.1091,0.0387,0.0,0.0
01-03 10,Praha FIR,0.0,0.0,0.0,0.0,0.0,0.0
01-03 10,Reims FIR,0.0,0.0,0.0,0.0,0.0,0.0
01-03 10,Reykjavik FIR,0.172,0.1329,0.0265,0.0003,0.0,0.0
01-03 10,Riga FIR,0.0,0.0168,0.0,0.0,0.0,0.0
01-03 10,Roma FIR,0.0,0.0,0.0005,0.0005,0.0,0.0
01-03 10,Santa Maria FIR,0.0001,0.0002,0.0014,0.0,0.0,0.0
01-03 10,Sarajevo FIR,0.0,0.0,0.0,0.0,0.0,0.0
01-03 10,Scottish FIR,0.1149,0.0205,0.0,0.0,0.0,0.0
01-03 10,Shannon FIR,0.0,0.0,0.0,0.0,0.0,0.0
01-03 10,Skopje FIR,0.0,0.0,0.0379,0.0,0.0,0.0
01-03 10,Sofia FIR,0.0,0.0,0.0767,0.0,0.0,0.0
01-03 10,Sweden FIR,0.0339,0.0251,0.0008,0.0,0.0,0.0
01-03 10,Switzerland FIR,0.0,0.0,0.0,0.0,0.0,0.0
01-03 10,Tallinn FIR,0.0,0.0,0.0,0.0,0.0,0.0
01-03 10,Tirana FIR,0.0,0.0,0.0,0.0,0.0,0.0
01-03 10,Vilnius FIR,0.0113,0.0153,0.0,0.0,0.0,0.0
01-03 10,Warszawa FIR,0.0,0.0404,0.0,0.0,0.0,0.0
01-03 10,Wien FIR,0.0,0.0,0.0,0.0,0.0,0.0
01-03 10,Zagreb FIR,0.0,0.0,0.0,0.0017,0.0,0.0
01-03 11,Global,0.0243,0.0279,0.0254,0.0237,0.0316,0.0292
01-03 11,Europe,0.0222,0.0074,0.0026,0.0041,0.0007,0.0
01-03 11,European Airspace,0.0324,0.0291,0.0178,0.0058,0.0002,0.0
01-03 11,Africa Middle East,0.0002,0.0002,0.0013,0.0058,0.0175,0.0182
01-03 11,East Asia,0.0088,0.0051,0.0014,0.0003,0.003,0.0108
01-03 11,Southeast Asia,0.0,0.0,0.0,0.018,0.1345,0.2179
01-03 11,India,0.0,0.0002,0.0001,0.0011,0.015,0.0263
01-03 11,China,0.041,0.0442,0.0315,0.0116,0.0011,0.0007
01-03 11,Latin America,0.0,0.0013,0.0091,0.0075,0.021,0.0266
01-03 11,USA,0.0106,0.0233,0.0217,0.0077,0.0,0.0
01-03 11,North Atlantic,0.0096,0.0015,0.0003,0.0,0.0,0.0
01-03 11,North Pacific,0.0593,0.0801,0.0599,0.026,0.009,0.0
01-03 11,Amsterdam FIR,0.0,0.0,0.0,0.0,0.0,0.0
01-03 11,Athinai FIR,0.0,0.0033,0.0287,0.0004,0.0,0.0
01-03 11,Barcelona FIR,0.0,0.0,0.0,0.0314,0.0172,0.0
01-03 11,Beograd FIR,0.0,0.0,0.0,0.0,0.0,0.0
01-03 11,Bordeaux FIR,0.0,0.0,0.0,0.0,0.0,0.0
01-03 11,Bratislava  FIR,0.0,0.0,0.0,0.0,0.0,0.0
01-03 11,Bremen FIR,0.0017,0.0,0.0,0.0,0.0,0.0
01-03 11,Brest FIR,0.0,0.0,0.0,0.0,0.0,0.0
01-03 11,Brindisi FIR,0.0,0.0026,0.0694,0.0736,0.0,0.0
01-03 11,Brussels FIR,0.0,0.0,0.0,0.0,0.0,0.0
01-03 11,Bucarest FIR,0.0174,0.0485,0.0237,0.0,0.0,0.0
01-03 11,Budapest FIR,0.0,0.0,0.0,0.0,0.0,0.0
01-03 11,Canarias FIR,0.0,0.0,0.0,0.0,0.0,0.0
01-03 11,Chisinau FIR,0.0247,0.0,0.0,0.0,0.0,0.0
01-03 11,Copenhagen FIR,0.0116,0.001,0.0,0.0,0.0,0.0
01-03 11,Helsinki FIR,0.0557,0.0428,0.0202,0.0004,0.0,0.0
01-03 11,Langen FIR,0.0,0.0,0.0,0.0,0.0,0.0
01-03 11,Lisboa FIR,0.0,0.0006,0.0025,0.0,0.0,0.0
01-03 11,Ljubljana FIR,0.0,0.0,0.0,0.0,0.0,0.0
01-03 11,London FIR,0.0008,0.0,0.0,0.0,0.0,0.0
01-03 11,Madrid FIR,0.0,0.0,0.0021,0.0,0.0003,0.0
01-03 11,Malta FIR,0.0,0.0,0.0,0.0,0.0,0.0
01-03 11,Marseille FIR,0.0,0.0,0.0,0.0,0.0,0.0
01-03 11,Milano FIR,0.0,0.0,0.0,0.0,0.0,0.0
01-03 11,Munchen FIR,0.0,0.0,0.0,0.0,0.0,0.0
01-03 11,Paris FIR,0.0,0.0,0.0,0.0,0.0,0.0
01-03 11,Polaris FIR,0.1749,0.1633,0.1078,0.0487,0.0,0.0
01-03 11,Praha FIR,0.0,0.0,0.0,0.0,0.0,0.0
01-03 11,Reims FIR,0.0,0.0,0.0,0.0,0.0,0.0
01-03 11,Reykjavik FIR,0.1623,0.1338,0.0257,0.0001,0.0,0.0
01-03 11,Riga FIR,0.0,0.0152,0.0,0.0,0.0,0.0
01-03 11,Roma FIR,0.0,0.0,0.0023,0.0005,0.0,0.0
01-03 11,Santa Maria FIR,0.0,0.0007,0.0034,0.0001,0.0,0.0
01-03 11,Sarajevo FIR,0.0,0.0,0.0,0.0,0.0,0.0
01-03 11,Scottish FIR,0.1801,0.0476,0.0,0.0,0.0,0.0
01-03 11,Shannon FIR,0.0014,0.0,0.0,0.0,0.0,0.0
01-03 11,Skopje FIR,0.0,0.0,0.0687,0.0685,0.0,0.0
01-03 11,Sofia FIR,0.0,0.0132,0.2059,0.0106,0.0,0.0
01-03 11,Sweden FIR,0.0563,0.0311,0.0003,0.0,0.0,0.0
01-03 11,Switzerland FIR,0.0,0.0,0.0,0.0,0.0,0.0
01-03 11,Tallinn FIR,0.0,0.0,0.0,0.0,0.0,0.0
01-03 11,Tirana FIR,0.0,0.0,0.0,0.0,0.0,0.0
01-03 11,Vilnius FIR,0.1271,0.0765,0.0,0.0,0.0,0.0
01-03 11,Warszawa FIR,0.0,0.0349,0.0,0.0,0.0,0.0
01-03 11,Wien FIR,0.0,0.0,0.0,0.0,0.0,0.0
01-03 11,Zagreb FIR,0.0,0.0,0.0,0.0,0.0,0.0
01-03 12,Global,0.0245,0.028,0.025,0.0239,0.0319,0.0301
01-03 12,Europe,0.0298,0.0113,0.006,0.0052,0.0014,0.0001
01-03 12,European Airspace,0.0374,0.0361,0.0235,0.007,0.0003,0.0
01-03 12,Africa Middle East,0.0002,0.0005,0.0024,0.0072,0.022,0.0235
01-03 12,East Asia,0.0061,0.0021,0.0001,0.0002,0.0032,0.01
01-03 12,Southeast Asia,0.0,0.0,0.0,0.0202,0.1365,0.2215
01-03 12,India,0.0,0.0009,0.0004,0.0015,0.0164,0.0279
01-03 12,China,0.0406,0.042,0.0308,0.0111,0.0013,0.001
01-03 12,Latin America,0.0,0.0011,0.0089,0.0082,0.0194,0.0227
01-03 12,USA,0.0101,0.0192,0.0163,0.0049,0.0,0.0
01-03 12,North Atlantic,0.0139,0.0022,0.0007,0.0,0.0,0.0
01-03 12,North Pacific,0.0552,0.0809,0.06,0.0265,0.0068,0.0
01-03 12,Amsterdam FIR,0.0034,0.0016,0.0,0.0,0.0,0.0
01-03 12,Athinai FIR,0.0,0.0132,0.1239,0.0255,0.0,0.0
01-03 12,Barcelona FIR,0.0,0.0,0.0,0.0219,0.0269,0.0
01-03 12,Beograd FIR,0.0,0.0,0.0,0.0,0.0,0.0
01-03 12,Bordeaux FIR,0.0,0.0,0.0,0.0,0.0,0.0
01-03 12,Bratislava  FIR,0.0,0.0,0.0,0.0,0.0,0.0
01-03 12,Bremen FIR,0.0052,0.0,0.0,0.0,0.0,0.0
01-03 12,Brest FIR,0.0,0.0012,0.0,0.0,0.0,0.0
01-03 12,Brindisi FIR,0.0,0.005,0.1174,0.0449,0.0,0.0
01-03 12,Brussels FIR,0.0,0.0,0.0,0.0,0.0,0.0
01-03 12,Bucarest FIR,0.0098,0.1148,0.049,0.0,0.0,0.0
01-03 12,Budapest FIR,0.0,0.0,0.0,0.0,0.0,0.0
01-03 12,Canarias FIR,0.0,0.0,0.0,0.0,0.0,0.0
01-03 12,Chisinau FIR,0.1544,0.0459,0.0051,0.0,0.0,0.0
01-03 12,Copenhagen FIR,0.0296,0.019,0.0,0.0,0.0,0.0
01-03 12,Helsinki FIR,0.0692,0.0466,0.0272,0.0004,0.0,0.0
01-03 12,Langen FIR,0.0,0.0,0.0,0.0,0.0,0.0
01-03 12,Lisboa FIR,0.0,0.0057,0.0153,0.0009,0.0,0.0
01-03 12,Ljubljana FIR,0.0,0.0,0.0,0.0,0.0,0.0
01-03 12,London FIR,0.0031,0.0004,0.0,0.0,0.0,0.0
01-03 12,Madrid FIR,0.0,0.0012,0.0006,0.0,0.0007,0.0
01-03 12,Malta FIR,0.0,0.0,0.0,0.0,0.0,0.0
01-03 12,Marseille FIR,0.0,0.0,0.0,0.0026,0.0026,0.0
01-03 12,Milano FIR,0.0,0.0,0.0,0.0,0.0,0.0
01-03 12,Munchen FIR,0.0,0.0,0.0,0.0,0.0,0.0
01-03 12,Paris FIR,0.0,0.0,0.0,0.0,0.0,0.0
01-03 12,Polaris FIR,0.172,0.1713,0.1069,0.0656,0.0,0.0
01-03 12,Praha FIR,0.0,0.0,0.0,0.0,0.0,0.0
01-03 12,Reims FIR,0.0,0.0,0.0,0.0,0.0,0.0
01-03 12,Reykjavik FIR,0.1645,0.1365,0.0262,0.0002,0.0,0.0
01-03 12,Riga FIR,0.0198,0.0183,0.0,0.0,0.0,0.0
01-03 12,Roma FIR,0.0,0.0,0.0061,0.0,0.0,0.0
01-03 12,Santa Maria FIR,0.0,0.0007,0.0044,0.0009,0.0,0.0
01-03 12,Sarajevo FIR,0.0,0.0,0.0,0.0,0.0,0.0
01-03 12,Scottish FIR,0.253,0.0779,0.0,0.0,0.0,0.0
01-03 12,Shannon FIR,0.0108,0.0,0.0,0.0,0.0,0.0
01-03 12,Skopje FIR,0.0,0.0,0.0,0.0153,0.0,0.0
01-03 12,Sofia FIR,0.0,0.0696,0.2994,0.0185,0.0,0.0
01-03 12,Sweden FIR,0.0615,0.0305,0.0003,0.0,0.0,0.0
01-03 12,Switzerland FIR,0.0,0.0,0.0,0.0,0.0,0.0
01-03 12,Tallinn FIR,0.0,0.0,0.0,0.0,0.0,0.0
01-03 12,Tirana FIR,0.0,0.0,0.0482,0.0641,0.0,0.0
01-03 12,Vilnius FIR,0.2292,0.2277,0.0,0.0,0.0,0.0
01-03 12,Warszawa FIR,0.0,0.0214,0.0,0.0,0.0,0.0
01-03 12,Wien FIR,0.0,0.0,0.0,0.0,0.0,0.0
01-03 12,Zagreb FIR,0.0,0.0,0.0,0.0,0.0,0.0
01-03 13,Global,0.0244,0.0277,0.0243,0.0232,0.032,0.0312
01-03 13,Europe,0.0357,0.0166,0.0132,0.0066,0.0023,0.0001
01-03 13,European Airspace,0.0411,0.0417,0.0289,0.0085,0.0005,0.0
01-03 13,Africa Middle East,0.0001,0.0013,0.0041,0.0098,0.0289,0.0309
01-03 13,East Asia,0.0026,0.0013,0.0,0.0003,0.0037,0.0086
01-03 13,Southeast Asia,0.0,0.0,0.0,0.0213,0.1411,0.2266
01-03 13,India,0.0,0.0026,0.0016,0.0017,0.0177,0.0284
01-03 13,China,0.0395,0.0407,0.0302,0.01,0.0014,0.0009
01-03 13,Latin America,0.0,0.0011,0.0089,0.0082,0.0174,0.0193
01-03 13,USA,0.0087,0.0111,0.0111,0.0031,0.0,0.0
01-03 13,North Atlantic,0.0197,0.0034,0.0034,0.0,0.0,0.0
01-03 13,North Pacific,0.0513,0.0789,0.0576,0.0228,0.0049,0.0
01-03 13,Amsterdam FIR,0.0215,0.0147,0.0,0.0,0.0,0.0
01-03 13,Athinai FIR,0.0,0.0636,0.2301,0.0387,0.0,0.0
01-03 13,Barcelona FIR,0.0,0.0,0.0,0.0263,0.012,0.0
01-03 13,Beograd FIR,0.0,0.0,0.0,0.0,0.0,0.0
01-03 13,Bordeaux FIR,0.0,0.0054,0.0011,0.0,0.0,0.0
01-03 13,Bratislava  FIR,0.0,0.0,0.0,0.0,0.0,0.0
01-03 13,Bremen FIR,0.0035,0.0,0.0,0.0,0.0,0.0
01-03 13,Brest FIR,0.0,0.0,0.0,0.0,0.0,0.0
01-03 13,Brindisi FIR,0.0,0.0063,0.1428,0.0168,0.0,0.0
01-03 13,Brussels FIR,0.0,0.0,0.0,0.0,0.0,0.0
01-03 13,Bucarest FIR,0.0,0.0851,0.0506,0.0,0.0,0.0
01-03 13,Budapest FIR,0.0,0.0,0.0,0.0,0.0,0.0
01-03 13,Canarias FIR,0.0,0.0,0.0,0.0,0.0,0.0
01-03 13,Chisinau FIR,0.0603,0.0255,0.0,0.0,0.0,0.0
01-03 13,Copenhagen FIR,0.0593,0.0466,0.0,0.0,0.0,0.0
01-03 13,Helsinki FIR,0.0684,0.0485,0.0283,0.0013,0.0,0.0
01-03 13,Langen FIR,0.0,0.0,0.0,0.0,0.0,0.0
01-03 13,Lisboa FIR,0.0,0.0164,0.0735,0.0025,0.0,0.0
01-03 13,Ljubljana FIR,0.0,0.0,0.0,0.0,0.0,0.0
01-03 13,London FIR,0.0118,0.0008,0.0,0.0,0.0,0.0
01-03 13,Madrid FIR,0.0,0.0127,0.0115,0.0,0.0003,0.0
01-03 13,Malta FIR,0.0,0.0095,0.0296,0.0,0.0,0.0
01-03 13,Marseille FIR,0.0,0.0,0.0024,0.0142,0.0136,0.0
01-03 13,Milano FIR,0.0,0.0045,0.0,0.0,0.0,0.0
01-03 13,Munchen FIR,0.0,0.0,0.0,0.0,0.0,0.0
01-03 13,Paris FIR,0.0,0.0,0.0,0.0,0.0,0.0
01-03 13,Polaris FIR,0.1872,0.1678,0.1099,0.0892,0.0,0.0
01-03 13,Praha FIR,0.0,0.0,0.0,0.0,0.0,0.0
01-03 13,Reims FIR,0.0,0.0,0.0,0.0,0.0,0.0
01-03 13,Reykjavik FIR,0.1683,0.1386,0.0264,0.0,0.0,0.0
01-03 13,Riga FIR,0.0411,0.0259,0.0,0.0,0.0,0.0
01-03 13,Roma FIR,0.0,0.0,0.012,0.0,0.0,0.0
01-03 13,Santa Maria FIR,0.0,0.0009,0.0036,0.0019,0.0001,0.0
01-03 13,Sarajevo FIR,0.0,0.0,0.0,0.0,0.0,0.0
01-03 13,Scottish FIR,0.3108,0.0848,0.0,0.0,0.0,0.0
01-03 13,Shannon FIR,0.0115,0.0,0.0,0.0,0.0,0.0
01-03 13,Skopje FIR,0.0,0.0,0.0,0.0,0.0,0.0
01-03 13,Sofia FIR,0.0,0.1403,0.2346,0.008,0.0,0.0
01-03 13,Sweden FIR,0.0603,0.0353,0.0002,0.0002,0.0,0.0
01-03 13,Switzerland FIR,0.0,0.0,0.0,0.0,0.0,0.0
01-03 13,Tallinn FIR,0.0,0.0,0.0,0.0,0.0,0.0
01-03 13,Tirana FIR,0.0,0.1012,0.0697,0.0269,0.0,0.0
01-03 13,Vilnius FIR,0.1892,0.3144,0.0154,0.0,0.0,0.0
01-03 13,Warszawa FIR,0.0014,0.0089,0.0,0.0,0.0,0.0
01-03 13,Wien FIR,0.0,0.0,0.0,0.0,0.0,0.0
01-03 13,Zagreb FIR,0.0,0.0,0.0,0.0,0.0,0.0
01-03 14,Global,0.0245,0.0267,0.0236,0.0222,0.0317,0.0319
01-03 14,Europe,0.0378,0.0287,0.0202,0.0093,0.004,0.0
01-03 14,European Airspace,0.0429,0.0458,0.0321,0.0097,0.0009,0.0
01-03 14,Africa Middle East,0.0,0.0024,0.0054,0.0143,0.0401,0.0398
01-03 14,East Asia,0.0012,0.001,0.0,0.0007,0.0041,0.0064
01-03 14,Southeast Asia,0.0,0.0,0.0,0.0223,0.1454,0.2279
01-03 14,India,0.0001,0.0048,0.0032,0.0019,0.019,0.0283
01-03 14,China,0.0387,0.0393,0.0289,0.0088,0.0016,0.0004
01-03 14,Latin America,0.0,0.0013,0.0088,0.0077,0.0149,0.016
01-03 14,USA,0.0059,0.003,0.0071,0.0023,0.0,0.0
01-03 14,North Atlantic,0.0229,0.0077,0.0072,0.0,0.0,0.0
01-03 14,North Pacific,0.0479,0.075,0.0513,0.0169,0.0041,0.0
01-03 14,Amsterdam FIR,0.0314,0.0131,0.0,0.0,0.0,0.0
01-03 14,Athinai FIR,0.0,0.1262,0.2699,0.0283,0.0,0.0
01-03 14,Barcelona FIR,0.0,0.0,0.0,0.0457,0.0299,0.0
01-03 14,Beograd FIR,0.0,0.0,0.0,0.0,0.0,0.0
01-03 14,Bordeaux FIR,0.0,0.0402,0.024,0.0,0.0,0.0
01-03 14,Bratislava  FIR,0.0,0.0,0.0,0.0,0.0,0.0
01-03 14,Bremen FIR,0.0086,0.0008,0.0,0.0,0.0,0.0
01-03 14,Brest FIR,0.0,0.0,0.0012,0.0,0.0,0.0
01-03 14,Brindisi FIR,0.0,0.0157,0.077,0.0039,0.0,0.0
01-03 14,Brussels FIR,0.0,0.0,0.0,0.0,0.0,0.0
01-03 14,Bucarest FIR,0.0,0.0441,0.0406,0.0,0.0,0.0
01-03 14,Budapest FIR,0.0,0.0,0.0,0.0,0.0,0.0
01-03 14,Canarias FIR,0.0,0.0,0.0,0.0,0.0,0.0
01-03 14,Chisinau FIR,0.0,0.0,0.0,0.0,0.0,0.0
01-03 14,Copenhagen FIR,0.0997,0.0699,0.0,0.0,0.0,0.0
01-03 14,Helsinki FIR,0.0704,0.0517,0.0372,0.0067,0.0,0.0
01-03 14,Langen FIR,0.0,0.0,0.0,0.0,0.0,0.0
01-03 14,Lisboa FIR,0.0,0.0551,0.1496,0.005,0.0,0.0
01-03 14,Ljubljana FIR,0.0,0.0,0.0,0.0,0.0,0.0
01-03 14,London FIR,0.0229,0.0008,0.0,0.0,0.0,0.0
01-03 14,Madrid FIR,0.0,0.0704,0.0308,0.0013,0.0,0.0
01-03 14,Malta FIR,0.0,0.0501,0.0987,0.0,0.0,0.0
01-03 14,Marseille FIR,0.0,0.0,0.0,0.02,0.011,0.0
01-03 14,Milano FIR,0.0,0.0597,0.0011,0.0,0.0,0.0
01-03 14,Munchen FIR,0.0,0.0,0.0,0.0,0.0,0.0
01-03 14,Paris FIR,0.0,0.0,0.0,0.0,0.0,0.0
01-03 14,Polaris FIR,0.2063,0.1549,0.1059,0.1053,0.0,0.0
01-03 14,Praha FIR,0.0,0.0,0.0,0.0,0.0,0.0
01-03 14,Reims FIR,0.0,0.0,0.0,0.0,0.0,0.0
01-03 14,Reykjavik FIR,0.1786,0.1385,0.0294,0.0,0.0,0.0
01-03 14,Riga FIR,0.0593,0.0198,0.0,0.0,0.0,0.0
01-03 14,Roma FIR,0.0,0.0045,0.0106,0.0,0.0,0.0
01-03 14,Santa Maria FIR,0.0,0.0014,0.0022,0.0065,0.0007,0.0
01-03 14,Sarajevo FIR,0.0,0.0,0.0,0.0,0.0,0.0
01-03 14,Scottish FIR,0.3076,0.0819,0.0,0.0,0.0,0.0
01-03 14,Shannon FIR,0.0081,0.0,0.0,0.0,0.0,0.0
01-03 14,Skopje FIR,0.0,0.0,0.0,0.0,0.0,0.0
01-03 14,Sofia FIR,0.0,0.0836,0.1527,0.0,0.0,0.0
01-03 14,Sweden FIR,0.0659,0.0348,0.0,0.0002,0.0,0.0
01-03 14,Switzerland FIR,0.0,0.0,0.0,0.0,0.0,0.0
01-03 14,Tallinn FIR,0.0,0.0,0.0,0.0,0.0,0.0
01-03 14,Tirana FIR,0.0,0.0591,0.0,0.0,0.0,0.0
01-03 14,Vilnius FIR,0.1577,0.3681,0.0404,0.0,0.0,0.0
01-03 14,Warszawa FIR,0.0046,0.0004,0.0,0.0,0.0,0.0
01-03 14,Wien FIR,0.0,0.0,0.0,0.0,0.0,0.0
01-03 14,Zagreb FIR,0.0,0.0,0.0,0.0,0.0,0.0
01-03 15,Global,0.0248,0.0257,0.0225,0.0214,0.0304,0.0318
01-03 15,Europe,0.0398,0.0338,0.0219,0.0114,0.0059,0.0
01-03 15,European Airspace,0.0462,0.047,0.032,0.011,0.0015,0.0
01-03 15,Africa Middle East,0.0,0.0028,0.0056,0.0195,0.0494,0.0461
01-03 15,East Asia,0.0015,0.001,0.0,0.0006,0.0034,0.0052
01-03 15,Southeast Asia,0.0,0.0,0.0,0.0239,0.1465,0.2254
01-03 15,India,0.0006,0.0069,0.0048,0.0024,0.0198,0.0282
01-03 15,China,0.0395,0.0375,0.027,0.0073,0.0015,0.0002
01-03 15,Latin America,0.0,0.0014,0.0087,0.0075,0.012,0.0159
01-03 15,USA,0.0033,0.0015,0.0069,0.0021,0.0,0.0
01-03 15,North Atlantic,0.0271,0.0149,0.0083,0.0,0.0,0.0
01-03 15,North Pacific,0.043,0.0669,0.0425,0.0139,0.0043,0.0
01-03 15,Amsterdam FIR,0.0545,0.018,0.0,0.0,0.0,0.0
01-03 15,Athinai FIR,0.0,0.1372,0.2492,0.0168,0.0,0.0
01-03 15,Barcelona FIR,0.0,0.0,0.0,0.0334,0.0365,0.0
01-03 15,Beograd FIR,0.0,0.0,0.0,0.0,0.0,0.0
01-03 15,Bordeaux FIR,0.0,0.0503,0.0394,0.0,0.0,0.0
01-03 15,Bratislava  FIR,0.0,0.0,0.0,0.0,0.0,0.0
01-03 15,Bremen FIR,0.0112,0.0008,0.0,0.0,0.0,0.0
01-03 15,Brest FIR,0.0,0.0,0.0,0.0,0.0,0.0
01-03 15,Brindisi FIR,0.0,0.0242,0.004,0.0,0.0,0.0
01-03 15,Brussels FIR,0.0,0.0,0.0,0.0,0.0,0.0
01-03 15,Bucarest FIR,0.0036,0.0398,0.0182,0.0,0.0,0.0
01-03 15,Budapest FIR,0.0,0.0,0.0,0.0,0.0,0.0
01-03 15,Canarias FIR,0.0,0.0,0.0011,0.0,0.0,0.0
01-03 15,Chisinau FIR,0.0,0.0,0.0,0.0,0.0,0.0
01-03 15,Copenhagen FIR,0.1175,0.0811,0.0,0.0,0.0,0.0
01-03 15,Helsinki FIR,0.0731,0.0597,0.0476,0.0179,0.0,0.0
01-03 15,Langen FIR,0.0,0.0,0.0,0.0,0.0,0.0
01-03 15,Lisboa FIR,0.0,0.083,0.1394,0.0129,0.0,0.0
01-03 15,Ljubljana FIR,0.0,0.0,0.0,0.0,0.0,0.0
01-03 15,London FIR,0.0316,0.0012,0.0,0.0,0.0,0.0
01-03 15,Madrid FIR,0.0,0.0832,0.0716,0.0013,0.0013,0.0
01-03 15,Malta FIR,0.0,0.0798,0.0946,0.0,0.0,0.0
01-03 15,Marseille FIR,0.0,0.0,0.0,0.0232,0.0097,0.0
01-03 15,Milano FIR,0.0147,0.0934,0.0,0.0,0.0,0.0
01-03 15,Munchen FIR,0.0,0.0,0.0,0.0,0.0,0.0
01-03 15,Paris FIR,0.0,0.0,0.0,0.0,0.0,0.0
01-03 15,Polaris FIR,0.2235,0.146,0.0981,0.1101,0.0,0.0
01-03 15,Praha FIR,0.0063,0.0,0.0,0.0,0.0,0.0
01-03 15,Reims FIR,0.0,0.0,0.0,0.0,0.0,0.0
01-03 15,Reykjavik FIR,0.1856,0.1331,0.0336,0.0,0.0,0.0
01-03 15,Riga FIR,0.0773,0.0303,0.0,0.0,0.0,0.0
01-03 15,Roma FIR,0.0,0.0062,0.0024,0.0108,0.0,0.0
01-03 15,Santa Maria FIR,0.0028,0.0093,0.007,0.0172,0.001,0.0
01-03 15,Sarajevo FIR,0.0,0.0,0.0,0.0,0.0,0.0
01-03 15,Scottish FIR,0.3087,0.0729,0.0,0.0,0.0,0.0
01-03 15,Shannon FIR,0.0027,0.0,0.0,0.0,0.0,0.0
01-03 15,Skopje FIR,0.0,0.0,0.0,0.0,0.0,0.0
01-03 15,Sofia FIR,0.0,0.0287,0.0394,0.0,0.0,0.0
01-03 15,Sweden FIR,0.0577,0.0313,0.0,0.0,0.0,0.0
01-03 15,Switzerland FIR,0.0,0.0,0.0,0.0,0.0,0.0
01-03 15,Tallinn FIR,0.0,0.0,0.0,0.0,0.0,0.0
01-03 15,Tirana FIR,0.0,0.0,0.0,0.0,0.0,0.0
01-03 15,Vilnius FIR,0.1781,0.3924,0.025,0.0,0.0,0.0
01-03 15,Warszawa FIR,0.0109,0.0,0.0,0.0,0.0,0.0
01-03 15,Wien FIR,0.0,0.0,0.0,0.0,0.0,0.0
01-03 15,Zagreb FIR,0.0049,0.0033,0.0,0.0,0.0,0.0
01-03 16,Global,0.0245,0.0252,0.0218,0.0209,0.0286,0.0304
01-03 16,Europe,0.0415,0.0328,0.0167,0.0149,0.0068,0.0
01-03 16,European Airspace,0.0484,0.0493,0.0315,0.0132,0.0018,0.0
01-03 16,Africa Middle East,0.0,0.003,0.0054,0.0238,0.0544,0.0488
01-03 16,East Asia,0.0015,0.0009,0.0,0.0003,0.002,0.0034
01-03 16,Southeast Asia,0.0,0.0,0.0,0.0245,0.1398,0.2146
01-03 16,India,0.0016,0.0085,0.0059,0.0028,0.0181,0.0267
01-03 16,China,0.0393,0.0362,0.0263,0.0059,0.001,0.0
01-03 16,Latin America,0.0001,0.0019,0.009,0.0076,0.0114,0.0199
01-03 16,USA,0.0013,0.0014,0.0072,0.003,0.0,0.0
01-03 16,North Atlantic,0.0349,0.0195,0.0047,0.0,0.0,0.0
01-03 16,North Pacific,0.0395,0.059,0.0378,0.0144,0.0045,0.0
01-03 16,Amsterdam FIR,0.0627,0.0131,0.0,0.0,0.0,0.0
01-03 16,Athinai FIR,0.0,0.1345,0.1906,0.0147,0.0,0.0
01-03 16,Barcelona FIR,0.0,0.0,0.0,0.0236,0.0186,0.0
01-03 16,Beograd FIR,0.0,0.0,0.0,0.0,0.0,0.0
01-03 16,Bordeaux FIR,0.0,0.0482,0.035,0.0,0.0,0.0
01-03 16,Bratislava  FIR,0.0,0.0,0.0,0.0,0.0,0.0
01-03 16,Bremen FIR,0.0112,0.0,0.0,0.0,0.0,0.0
01-03 16,Brest FIR,0.0,0.0006,0.0018,0.0,0.0,0.0
01-03 16,Brindisi FIR,0.0048,0.0218,0.0,0.0,0.0,0.0
01-03 16,Brussels FIR,0.0,0.0,0.0,0.0,0.0,0.0
01-03 16,Bucarest FIR,0.0,0.0232,0.0029,0.0,0.0,0.0
01-03 16,Budapest FIR,0.0,0.0,0.0,0.0,0.0,0.0
01-03 16,Canarias FIR,0.0,0.0018,0.0083,0.0,0.0,0.0
01-03 16,Chisinau FIR,0.0,0.0,0.0,0.0,0.0,0.0
01-03 16,Copenhagen FIR,0.1174,0.0922,0.0,0.0,0.0,0.0
01-03 16,Helsinki FIR,0.0759,0.0668,0.0574,0.0262,0.0,0.0
01-03 16,Langen FIR,0.0,0.0,0.0,0.0,0.0,0.0
01-03 16,Lisboa FIR,0.0,0.0894,0.1039,0.0208,0.0,0.0
01-03 16,Ljubljana FIR,0.0,0.0,0.0,0.0,0.0,0.0
01-03 16,London FIR,0.0367,0.0012,0.0,0.0,0.0,0.0
01-03 16,Madrid FIR,0.0,0.0821,0.0586,0.0013,0.0003,0.0
01-03 16,Malta FIR,0.0,0.0629,0.0597,0.0,0.0,0.0
01-03 16,Marseille FIR,0.0,0.0,0.0012,0.0308,0.0026,0.0
01-03 16,Milano FIR,0.0068,0.1146,0.0258,0.0,0.0,0.0
01-03 16,Munchen FIR,0.0,0.0,0.0,0.0,0.0,0.0
01-03 16,Paris FIR,0.0,0.0,0.0,0.0,0.0,0.0
01-03 16,Polaris FIR,0.2309,0.1424,0.0828,0.1025,0.0,0.0
01-03 16,Praha FIR,0.0148,0.0,0.0,0.0,0.0,0.0
01-03 16,Reims FIR,0.0,0.0,0.0,0.0,0.0,0.0
01-03 16,Reykjavik FIR,0.1848,0.1229,0.034,0.0,0.0,0.0
01-03 16,Riga FIR,0.1,0.0423,0.0,0.0,0.0,0.0
01-03 16,Roma FIR,0.0004,0.0044,0.0102,0.0318,0.0009,0.0
01-03 16,Santa Maria FIR,0.0086,0.0242,0.018,0.0249,0.0013,0.0
01-03 16,Sarajevo FIR,0.0,0.0,0.0,0.0,0.0,0.0
01-03 16,Scottish FIR,0.3196,0.0634,0.0,0.0,0.0,0.0
01-03 16,Shannon FIR,0.0007,0.0,0.0,0.0,0.0,0.0
01-03 16,Skopje FIR,0.0,0.0,0.0,0.0,0.0,0.0
01-03 16,Sofia FIR,0.0,0.013,0.0065,0.0,0.0,0.0
01-03 16,Sweden FIR,0.0445,0.0241,0.0,0.0,0.0,0.0
01-03 16,Switzerland FIR,0.0,0.0,0.0,0.0,0.0,0.0
01-03 16,Tallinn FIR,0.0,0.0,0.0,0.0,0.0,0.0
01-03 16,Tirana FIR,0.0,0.0,0.0,0.0,0.0,0.0
01-03 16,Vilnius FIR,0.1511,0.3204,0.0038,0.0,0.0,0.0
01-03 16,Warszawa FIR,0.0181,0.0,0.0,0.0,0.0,0.0
01-03 16,Wien FIR,0.0,0.0,0.0,0.0,0.0,0.0
01-03 16,Zagreb FIR,0.0081,0.0082,0.0,0.0,0.0,0.0
01-03 17,Global,0.0241,0.0249,0.0216,0.0206,0.027,0.0286
01-03 17,Europe,0.0431,0.0265,0.0199,0.0209,0.0088,0.0
01-03 17,European Airspace,0.0477,0.0509,0.0326,0.0151,0.0024,0.0
01-03 17,Africa Middle East,0.0,0.0032,0.0056,0.0283,0.0549,0.0499
01-03 17,East Asia,0.0014,0.0012,0.0,0.0003,0.0014,0.0019
01-03 17,Southeast Asia,0.0,0.0,0.0,0.0247,0.1347,0.2006
01-03 17,India,0.0021,0.0093,0.0065,0.0037,0.018,0.0246
01-03 17,China,0.039,0.0366,0.0246,0.0044,0.0006,0.0
01-03 17,Latin America,0.0002,0.0027,0.0102,0.0092,0.0159,0.0275
01-03 17,USA,0.0006,0.0015,0.0097,0.0044,0.0,0.0
01-03 17,North Atlantic,0.0424,0.0223,0.0025,0.0,0.0,0.0
01-03 17,North Pacific,0.0335,0.0536,0.0353,0.0158,0.0043,0.0001
01-03 17,Amsterdam FIR,0.0513,0.0082,0.0,0.0,0.0,0.0
01-03 17,Athinai FIR,0.0,0.1333,0.1655,0.0115,0.0,0.0
01-03 17,Barcelona FIR,0.0,0.0,0.0,0.033,0.012,0.0
01-03 17,Beograd FIR,0.0,0.0,0.0,0.0,0.0,0.0
01-03 17,Bordeaux FIR,0.0,0.0329,0.0285,0.0,0.0,0.0
01-03 17,Bratislava  FIR,0.0,0.0,0.0,0.0,0.0,0.0
01-03 17,Bremen FIR,0.019,0.0009,0.0,0.0,0.0,0.0
01-03 17,Brest FIR,0.0,0.0,0.0012,0.0,0.0,0.0
01-03 17,Brindisi FIR,0.0,0.0096,0.0,0.0,0.0,0.0
01-03 17,Brussels FIR,0.0,0.0,0.0,0.0,0.0,0.0
01-03 17,Bucarest FIR,0.0,0.0079,0.0,0.0,0.0,0.0
01-03 17,Budapest FIR,0.0,0.0,0.0,0.0,0.0,0.0
01-03 17,Canarias FIR,0.0,0.0059,0.0089,0.0,0.0,0.0
01-03 17,Chisinau FIR,0.0,0.0,0.0,0.0,0.0,0.0
01-03 17,Copenhagen FIR,0.1519,0.094,0.0,0.0,0.0,0.0
01-03 17,Helsinki FIR,0.0823,0.0689,0.0552,0.0324,0.0,0.0
01-03 17,Langen FIR,0.0,0.0,0.0,0.0,0.0,0.0
01-03 17,Lisboa FIR,0.0,0.0487,0.0956,0.0218,0.0,0.0
01-03 17,Ljubljana FIR,0.0,0.0,0.0,0.0,0.0,0.0
01-03 17,London FIR,0.04,0.0004,0.0,0.0,0.0,0.0
01-03 17,Madrid FIR,0.0,0.0378,0.0378,0.0046,0.0003,0.0
01-03 17,Malta FIR,0.0,0.0417,0.0407,0.0,0.0,0.0
01-03 17,Marseille FIR,0.0,0.0,0.0025,0.061,0.0044,0.0
01-03 17,Milano FIR,0.0079,0.1838,0.1155,0.0,0.0,0.0
01-03 17,Munchen FIR,0.0,0.0,0.0,0.0,0.0,0.0
01-03 17,Paris FIR,0.0,0.0,0.0,0.0,0.0,0.0
01-03 17,Polaris FIR,0.2268,0.1362,0.0648,0.0916,0.0,0.0
01-03 17,Praha FIR,0.0085,0.0,0.0,0.0,0.0,0.0
01-03 17,Reims FIR,0.0,0.0,0.0,0.0,0.0,0.0
01-03 17,Reykjavik FIR,0.1793,0.1166,0.033,0.0,0.0,0.0
01-03 17,Riga FIR,0.1345,0.0587,0.0,0.0,0.0,0.0
01-03 17,Roma FIR,0.0,0.0169,0.0577,0.0666,0.0165,0.0
01-03 17,Santa Maria FIR,0.013,0.0365,0.0329,0.0295,0.0016,0.0
01-03 17,Sarajevo FIR,0.0,0.0,0.0,0.0,0.0,0.0
01-03 17,Scottish FIR,0.3151,0.062,0.0,0.0,0.0,0.0
01-03 17,Shannon FIR,0.0,0.0,0.0,0.0,0.0,0.0
01-03 17,Skopje FIR,0.0,0.0,0.0,0.0,0.0,0.0
01-03 17,Sofia FIR,0.0,0.0026,0.0,0.0,0.0,0.0
01-03 17,Sweden FIR,0.0431,0.019,0.0,0.0,0.0,0.0
01-03 17,Switzerland FIR,0.0,0.0,0.0,0.0,0.0,0.0
01-03 17,Tallinn FIR,0.0,0.0,0.0,0.0,0.0,0.0
01-03 17,Tirana FIR,0.0,0.0,0.0,0.0,0.0,0.0
01-03 17,Vilnius FIR,0.1643,0.2549,0.0,0.0,0.0,0.0
01-03 17,Warszawa FIR,0.0199,0.0,0.0,0.0,0.0,0.0
01-03 17,Wien FIR,0.002,0.0,0.0,0.0,0.0,0.0
01-03 17,Zagreb FIR,0.0033,0.0016,0.0,0.0,0.0,0.0
01-03 18,Global,0.0238,0.025,0.0217,0.0203,0.0261,0.0273
01-03 18,Europe,0.0431,0.0267,0.0231,0.0291,0.008,0.0
01-03 18,European Airspace,0.0486,0.0507,0.0329,0.0166,0.0022,0.0
01-03 18,Africa Middle East,0.0,0.0033,0.006,0.0299,0.0531,0.0494
01-03 18,East Asia,0.0018,0.0017,0.0,0.0006,0.0014,0.0001
01-03 18,Southeast Asia,0.0,0.0,0.0,0.0244,0.1247,0.1795
01-03 18,India,0.0023,0.01,0.007,0.0044,0.0194,0.0237
01-03 18,China,0.0372,0.035,0.0215,0.003,0.0007,0.0
01-03 18,Latin America,0.0002,0.0036,0.0132,0.0132,0.0256,0.0394
01-03 18,USA,0.0026,0.0038,0.0157,0.0066,0.0,0.0
01-03 18,North Atlantic,0.0495,0.0268,0.0022,0.0003,0.0,0.0
01-03 18,North Pacific,0.0279,0.0454,0.0333,0.017,0.0043,0.0001
01-03 18,Amsterdam FIR,0.0083,0.0082,0.0,0.0,0.0,0.0
01-03 18,Athinai FIR,0.0,0.1406,0.1531,0.0082,0.0,0.0
01-03 18,Barcelona FIR,0.0,0.0,0.0062,0.045,0.0075,0.0
01-03 18,Beograd FIR,0.0035,0.0,0.0,0.0,0.0,0.0
01-03 18,Bordeaux FIR,0.0,0.0441,0.0309,0.0,0.0,0.0
01-03 18,Bratislava  FIR,0.0,0.0,0.0,0.0,0.0,0.0
01-03 18,Bremen FIR,0.0284,0.0017,0.0,0.0,0.0,0.0
01-03 18,Brest FIR,0.0,0.0,0.0,0.0,0.0,0.0
01-03 18,Brindisi FIR,0.0,0.0072,0.0354,0.0037,0.0,0.0
01-03 18,Brussels FIR,0.0,0.0,0.0,0.0,0.0,0.0
01-03 18,Bucarest FIR,0.0,0.0,0.0,0.0,0.0,0.0
01-03 18,Budapest FIR,0.0,0.0,0.0,0.0,0.0,0.0
01-03 18,Canarias FIR,0.0,0.0052,0.0089,0.0,0.0,0.0
01-03 18,Chisinau FIR,0.0,0.0,0.0,0.0,0.0,0.0
01-03 18,Copenhagen FIR,0.1775,0.1246,0.0,0.0,0.0,0.0
01-03 18,Helsinki FIR,0.0913,0.0491,0.039,0.0346,0.0,0.0
01-03 18,Langen FIR,0.0,0.0,0.0,0.0,0.0,0.0
01-03 18,Lisboa FIR,0.0143,0.0382,0.1012,0.0202,0.0,0.0
01-03 18,Ljubljana FIR,0.0,0.0,0.0,0.0,0.0,0.0
01-03 18,London FIR,0.0364,0.0,0.0,0.0,0.0,0.0
01-03 18,Madrid FIR,0.0,0.0181,0.0344,0.022,0.0,0.0
01-03 18,Malta FIR,0.0,0.0215,0.0172,0.0,0.0,0.0
01-03 18,Marseille FIR,0.0,0.0,0.0,0.0386,0.0037,0.0
01-03 18,Milano FIR,0.0,0.2919,0.1635,0.0023,0.0,0.0
01-03 18,Munchen FIR,0.0,0.0,0.0,0.0,0.0,0.0
01-03 18,Paris FIR,0.0,0.0,0.0,0.0,0.0,0.0
01-03 18,Polaris FIR,0.2199,0.1297,0.0471,0.0812,0.0026,0.0
01-03 18,Praha FIR,0.0106,0.0,0.0,0.0,0.0,0.0
01-03 18,Reims FIR,0.0,0.0,0.0,0.0,0.0,0.0
01-03 18,Reykjavik FIR,0.1756,0.1127,0.0302,0.0,0.0,0.0
01-03 18,Riga FIR,0.157,0.0602,0.0,0.0,0.0,0.0
01-03 18,Roma FIR,0.0,0.032,0.0653,0.1746,0.0072,0.0
01-03 18,Santa Maria FIR,0.0138,0.0416,0.0437,0.0362,0.0016,0.0
01-03 18,Sarajevo FIR,0.0,0.0,0.0,0.0,0.0,0.0
01-03 18,Scottish FIR,0.2961,0.0565,0.0,0.0,0.0,0.0
01-03 18,Shannon FIR,0.0007,0.0,0.0,0.0,0.0,0.0
01-03 18,Skopje FIR,0.0,0.0,0.0,0.0,0.0,0.0
01-03 18,Sofia FIR,0.0,0.0,0.0,0.0,0.0,0.0
01-03 18,Sweden FIR,0.0474,0.0118,0.0,0.0,0.0,0.0
01-03 18,Switzerland FIR,0.0,0.0,0.0,0.0,0.0,0.0
01-03 18,Tallinn FIR,0.0,0.0,0.0,0.0,0.0,0.0
01-03 18,Tirana FIR,0.0,0.0,0.0,0.0,0.0,0.0
01-03 18,Vilnius FIR,0.1762,0.1802,0.0,0.0,0.0,0.0
01-03 18,Warszawa FIR,0.0213,0.0,0.0,0.0,0.0,0.0
01-03 18,Wien FIR,0.0,0.0,0.0,0.0,0.0,0.0
01-03 18,Zagreb FIR,0.015,0.0049,0.0,0.0,0.0,0.0
01-03 19,Global,0.0233,0.0249,0.0223,0.0196,0.0248,0.0256
01-03 19,Europe,0.0438,0.0295,0.0254,0.0305,0.0052,0.0
01-03 19,European Airspace,0.0507,0.0496,0.0335,0.0159,0.0015,0.0
01-03 19,Africa Middle East,0.0,0.0031,0.0066,0.0295,0.0499,0.0481
01-03 19,East Asia,0.0019,0.0012,0.0,0.0005,0.0013,0.0
01-03 19,Southeast Asia,0.0,0.0,0.0,0.0207,0.1059,0.1452
01-03 19,India,0.0024,0.0116,0.008,0.0049,0.02,0.0245
01-03 19,China,0.0313,0.0311,0.0176,0.0019,0.0006,0.0
01-03 19,Latin America,0.0002,0.0054,0.02,0.017,0.0356,0.0518
01-03 19,USA,0.0076,0.0092,0.0246,0.009,0.0,0.0
01-03 19,North Atlantic,0.0527,0.0306,0.0048,0.0004,0.0,0.0
01-03 19,North Pacific,0.0235,0.0411,0.0317,0.0177,0.0043,0.0001
01-03 19,Amsterdam FIR,0.0099,0.0065,0.0,0.0,0.0,0.0
01-03 19,Athinai FIR,0.0,0.0972,0.1335,0.0038,0.0,0.0
01-03 19,Barcelona FIR,0.0,0.0,0.0192,0.0482,0.0,0.0
01-03 19,Beograd FIR,0.0106,0.0,0.0,0.0,0.0,0.0
01-03 19,Bordeaux FIR,0.0,0.0387,0.0077,0.0,0.0,0.0
01-03 19,Bratislava  FIR,0.0,0.0,0.0,0.0,0.0,0.0
01-03 19,Bremen FIR,0.0335,0.0017,0.0,0.0,0.0,0.0
01-03 19,Brest FIR,0.0,0.0,0.0,0.0,0.0,0.0
01-03 19,Brindisi FIR,0.0,0.0295,0.1112,0.1526,0.0,0.0
01-03 19,Brussels FIR,0.0,0.0,0.0,0.0,0.0,0.0
01-03 19,Bucarest FIR,0.0,0.0,0.0,0.0,0.0,0.0
01-03 19,Budapest FIR,0.0,0.0,0.0,0.0,0.0,0.0
01-03 19,Canarias FIR,0.0,0.0044,0.0098,0.0036,0.0,0.0
01-03 19,Chisinau FIR,0.0,0.0,0.0,0.0,0.0,0.0
01-03 19,Copenhagen FIR,0.2551,0.1422,0.0,0.0,0.0,0.0
01-03 19,Helsinki FIR,0.0845,0.0188,0.0099,0.0317,0.0,0.0
01-03 19,Langen FIR,0.0,0.0,0.0,0.0,0.0,0.0
01-03 19,Lisboa FIR,0.0405,0.0492,0.0705,0.007,0.0,0.0
01-03 19,Ljubljana FIR,0.0,0.0,0.0,0.0,0.0,0.0
01-03 19,London FIR,0.0186,0.0,0.0,0.0,0.0,0.0
01-03 19,Madrid FIR,0.0,0.0278,0.0616,0.0351,0.0,0.0
01-03 19,Malta FIR,0.0,0.0129,0.0054,0.0,0.0063,0.0
01-03 19,Marseille FIR,0.0,0.0,0.0,0.0102,0.0,0.0
01-03 19,Milano FIR,0.0011,0.333,0.1195,0.0,0.0,0.0
01-03 19,Munchen FIR,0.0,0.0,0.0,0.0,0.0,0.0
01-03 19,Paris FIR,0.0,0.0,0.0,0.0,0.0,0.0
01-03 19,Polaris FIR,0.2157,0.1197,0.0331,0.0653,0.0038,0.0
01-03 19,Praha FIR,0.0,0.0,0.0,0.0,0.0,0.0
01-03 19,Reims FIR,0.0,0.0,0.0,0.0,0.0,0.0
01-03 19,Reykjavik FIR,0.1686,0.1076,0.0282,0.0,0.0,0.0
01-03 19,Riga FIR,0.1552,0.0379,0.0,0.0,0.0,0.0
01-03 19,Roma FIR,0.0,0.0354,0.0377,0.1569,0.0028,0.0
01-03 19,Santa Maria FIR,0.0153,0.0429,0.0503,0.043,0.0011,0.0
01-03 19,Sarajevo FIR,0.0,0.0,0.0,0.0,0.0,0.0
01-03 19,Scottish FIR,0.2763,0.0613,0.0,0.0,0.0,0.0
01-03 19,Shannon FIR,0.0041,0.0,0.0,0.0,0.0,0.0
01-03 19,Skopje FIR,0.0,0.0,0.0,0.0,0.0,0.0
01-03 19,Sofia FIR,0.0,0.0,0.0,0.0,0.0,0.0
01-03 19,Sweden FIR,0.0478,0.0046,0.0,0.0,0.0,0.0
01-03 19,Switzerland FIR,0.0,0.0,0.0,0.0,0.0,0.0
01-03 19,Tallinn FIR,0.0,0.0,0.0,0.0,0.0,0.0
01-03 19,Tirana FIR,0.0209,0.0,0.0,0.0,0.0,0.0
01-03 19,Vilnius FIR,0.2262,0.1097,0.0,0.0,0.0,0.0
01-03 19,Warszawa FIR,0.0331,0.0,0.0,0.0,0.0,0.0
01-03 19,Wien FIR,0.0,0.0,0.0,0.0,0.0,0.0
01-03 19,Zagreb FIR,0.0033,0.0357,0.0081,0.0,0.0,0.0
01-03 20,Global,0.0222,0.0253,0.0229,0.0189,0.0237,0.0244
01-03 20,Europe,0.0452,0.0318,0.0267,0.0272,0.0019,0.0
01-03 20,European Airspace,0.052,0.0495,0.0334,0.0146,0.0006,0.0
01-03 20,Africa Middle East,0.0001,0.0036,0.0068,0.028,0.0491,0.0462
01-03 20,East Asia,0.0017,0.0006,0.0,0.0,0.001,0.0
01-03 20,Southeast Asia,0.0,0.0,0.0,0.0163,0.0792,0.1105
01-03 20,India,0.003,0.0123,0.0077,0.0066,0.02,0.0247
01-03 20,China,0.0238,0.0224,0.0103,0.0013,0.0007,0.0001
01-03 20,Latin America,0.0004,0.0114,0.0298,0.0201,0.0426,0.0621
01-03 20,USA,0.0121,0.0229,0.0352,0.0112,0.0,0.0
01-03 20,North Atlantic,0.0563,0.034,0.0115,0.0003,0.0,0.0
01-03 20,North Pacific,0.0185,0.0399,0.0305,0.0191,0.0043,0.0002
01-03 20,Amsterdam FIR,0.0198,0.0082,0.0,0.0,0.0,0.0
01-03 20,Athinai FIR,0.0,0.0727,0.116,0.0015,0.0,0.0
01-03 20,Barcelona FIR,0.0,0.0,0.0375,0.0586,0.0,0.0
01-03 20,Beograd FIR,0.0018,0.0,0.0,0.0,0.0,0.0
01-03 20,Bordeaux FIR,0.0,0.0,0.0,0.0,0.0,0.0
01-03 20,Bratislava  FIR,0.0,0.0,0.0,0.0,0.0,0.0
01-03 20,Bremen FIR,0.0595,0.0017,0.0,0.0,0.0,0.0
01-03 20,Brest FIR,0.0,0.0,0.0,0.0,0.0,0.0
01-03 20,Brindisi FIR,0.0,0.1263,0.1528,0.3153,0.0,0.0
01-03 20,Brussels FIR,0.0,0.0,0.0,0.0,0.0,0.0
01-03 20,Bucarest FIR,0.0,0.0,0.0,0.0,0.0,0.0
01-03 20,Budapest FIR,0.0,0.0,0.0,0.0,0.0,0.0
01-03 20,Canarias FIR,0.0,0.0036,0.0133,0.009,0.0,0.0
01-03 20,Chisinau FIR,0.0,0.0,0.0,0.0,0.0,0.0
01-03 20,Copenhagen FIR,0.2794,0.1557,0.0,0.0,0.0,0.0
01-03 20,Helsinki FIR,0.0597,0.0057,0.0009,0.0146,0.0,0.0
01-03 20,Langen FIR,0.0,0.0,0.0,0.0,0.0,0.0
01-03 20,Lisboa FIR,0.0533,0.0661,0.0508,0.0043,0.0,0.0
01-03 20,Ljubljana FIR,0.0,0.0,0.0,0.0,0.0,0.0
01-03 20,London FIR,0.0127,0.0,0.0,0.0,0.0,0.0
01-03 20,Madrid FIR,0.0105,0.0439,0.0973,0.0324,0.0,0.0
01-03 20,Malta FIR,0.0,0.0054,0.0022,0.0,0.0,0.0
01-03 20,Marseille FIR,0.0,0.0,0.0,0.0,0.0,0.0
01-03 20,Milano FIR,0.0146,0.2744,0.0757,0.0,0.0,0.0
01-03 20,Munchen FIR,0.0,0.0,0.0,0.0,0.0,0.0
01-03 20,Paris FIR,0.0,0.0,0.0,0.0,0.0,0.0
01-03 20,Polaris FIR,0.2155,0.1039,0.0138,0.0536,0.0026,0.0
01-03 20,Praha FIR,0.0,0.0,0.0,0.0,0.0,0.0
01-03 20,Reims FIR,0.0,0.0,0.0,0.0,0.0,0.0
01-03 20,Reykjavik FIR,0.157,0.1032,0.026,0.0,0.0,0.0
01-03 20,Riga FIR,0.1432,0.0335,0.0,0.0,0.0,0.0
01-03 20,Roma FIR,0.0,0.0074,0.0,0.0717,0.0,0.0
01-03 20,Santa Maria FIR,0.0161,0.0451,0.0525,0.0514,0.0012,0.0
01-03 20,Sarajevo FIR,0.0,0.0,0.0,0.0,0.0,0.0
01-03 20,Scottish FIR,0.2523,0.0728,0.0,0.0,0.0,0.0
01-03 20,Shannon FIR,0.0075,0.0,0.0,0.0,0.0,0.0
01-03 20,Skopje FIR,0.0532,0.0,0.0,0.0,0.0,0.0
01-03 20,Sofia FIR,0.0,0.0,0.0,0.0,0.0,0.0
01-03 20,Sweden FIR,0.0484,0.0,0.0,0.0,0.0,0.0
01-03 20,Switzerland FIR,0.0,0.0,0.0,0.0,0.0,0.0
01-03 20,Tallinn FIR,0.0,0.0,0.0,0.0,0.0,0.0
01-03 20,Tirana FIR,0.0104,0.0,0.0,0.0,0.0,0.0
01-03 20,Vilnius FIR,0.1812,0.0698,0.0,0.0,0.0,0.0
01-03 20,Warszawa FIR,0.0335,0.0,0.0,0.0,0.0,0.0
01-03 20,Wien FIR,0.0,0.0,0.0,0.0,0.0,0.0
01-03 20,Zagreb FIR,0.0,0.0663,0.0114,0.0,0.0,0.0
01-03 21,Global,0.0209,0.026,0.023,0.0175,0.0225,0.0232
01-03 21,Europe,0.0462,0.0328,0.0253,0.0178,0.0011,0.0
01-03 21,European Airspace,0.0511,0.0513,0.0323,0.0119,0.0004,0.0
01-03 21,Africa Middle East,0.0,0.0047,0.0068,0.0253,0.0489,0.0457
01-03 21,East Asia,0.0004,0.0,0.0,0.0,0.0002,0.0
01-03 21,Southeast Asia,0.0,0.0,0.0,0.0115,0.0452,0.0717
01-03 21,India,0.0035,0.0113,0.0056,0.0062,0.0163,0.0247
01-03 21,China,0.0143,0.013,0.0044,0.0007,0.0008,0.0002
01-03 21,Latin America,0.0023,0.0212,0.0379,0.0219,0.0478,0.068
01-03 21,USA,0.0158,0.0396,0.043,0.0134,0.0,0.0
01-03 21,North Atlantic,0.0592,0.0381,0.0139,0.0002,0.0,0.0
01-03 21,North Pacific,0.0157,0.0404,0.0293,0.0188,0.0047,0.0002
01-03 21,Amsterdam FIR,0.0362,0.0115,0.0,0.0,0.0,0.0
01-03 21,Athinai FIR,0.0004,0.0958,0.1077,0.0022,0.0,0.0
01-03 21,Barcelona FIR,0.0,0.0007,0.0663,0.0491,0.0,0.0
01-03 21,Beograd FIR,0.0,0.0,0.0,0.0,0.0,0.0
01-03 21,Bordeaux FIR,0.0,0.0,0.0,0.0,0.0,0.0
01-03 21,Bratislava  FIR,0.0035,0.0,0.0,0.0,0.0,0.0
01-03 21,Bremen FIR,0.0672,0.0009,0.0,0.0,0.0,0.0
01-03 21,Brest FIR,0.0,0.0,0.0,0.0,0.0,0.0
01-03 21,Brindisi FIR,0.0,0.1079,0.0741,0.2611,0.0,0.0
01-03 21,Brussels FIR,0.0,0.0,0.0,0.0,0.0,0.0
01-03 21,Bucarest FIR,0.0,0.0,0.0,0.0,0.0,0.0
01-03 21,Budapest FIR,0.0,0.0,0.0,0.0,0.0,0.0
01-03 21,Canarias FIR,0.0,0.0033,0.0127,0.01,0.0,0.0
01-03 21,Chisinau FIR,0.0,0.0,0.0,0.0,0.0,0.0
01-03 21,Copenhagen FIR,0.2822,0.163,0.0,0.0,0.0,0.0
01-03 21,Helsinki FIR,0.0372,0.0007,0.0018,0.0108,0.0,0.0
01-03 21,Langen FIR,0.0,0.0,0.0,0.0,0.0,0.0
01-03 21,Lisboa FIR,0.0488,0.0641,0.0406,0.0057,0.0,0.0
01-03 21,Ljubljana FIR,0.0,0.0,0.0,0.0,0.0,0.0
01-03 21,London FIR,0.0091,0.0,0.0,0.0,0.0,0.0
01-03 21,Madrid FIR,0.0311,0.0691,0.1129,0.0125,0.0,0.0
01-03 21,Malta FIR,0.0,0.0011,0.0011,0.0,0.0,0.0
01-03 21,Marseille FIR,0.0,0.0,0.0,0.0,0.0,0.0
01-03 21,Milano FIR,0.0079,0.2172,0.0512,0.0,0.0,0.0
01-03 21,Munchen FIR,0.0,0.0,0.0,0.0,0.0,0.0
01-03 21,Paris FIR,0.0,0.0,0.0,0.0,0.0,0.0
01-03 21,Polaris FIR,0.219,0.1069,0.0045,0.0425,0.0003,0.0
01-03 21,Praha FIR,0.0,0.0,0.0,0.0,0.0,0.0
01-03 21,Reims FIR,0.0,0.0,0.0,0.0,0.0,0.0
01-03 21,Reykjavik FIR,0.1487,0.0947,0.0238,0.0,0.0,0.0
01-03 21,Riga FIR,0.1853,0.026,0.0,0.0,0.0,0.0
01-03 21,Roma FIR,0.0,0.0,0.0,0.0125,0.0,0.0
01-03 21,Santa Maria FIR,0.0144,0.0477,0.0553,0.0552,0.0071,0.0
01-03 21,Sarajevo FIR,0.0,0.0,0.0,0.0,0.0,0.0
01-03 21,Scottish FIR,0.2372,0.0738,0.0,0.0,0.0,0.0
01-03 21,Shannon FIR,0.0095,0.0,0.0,0.0,0.0,0.0
01-03 21,Skopje FIR,0.038,0.0,0.0,0.0,0.0,0.0
01-03 21,Sofia FIR,0.0,0.0,0.0,0.0,0.0,0.0
01-03 21,Sweden FIR,0.0395,0.0005,0.0,0.0,0.0,0.0
01-03 21,Switzerland FIR,0.0,0.0,0.0,0.0,0.0,0.0
01-03 21,Tallinn FIR,0.0,0.0,0.0,0.0,0.0,0.0
01-03 21,Tirana FIR,0.0,0.0,0.0054,0.0,0.0,0.0
01-03 21,Vilnius FIR,0.1691,0.0452,0.0,0.0,0.0,0.0
01-03 21,Warszawa FIR,0.0317,0.0,0.0,0.0,0.0,0.0
01-03 21,Wien FIR,0.0,0.0,0.0,0.0,0.0,0.0
01-03 21,Zagreb FIR,0.0,0.0016,0.0,0.0,0.0,0.0
01-03 22,Global,0.02,0.0259,0.0226,0.0168,0.0227,0.023
01-03 22,Europe,0.0492,0.0329,0.0213,0.0111,0.0,0.0
01-03 22,European Airspace,0.0482,0.0529,0.0307,0.0095,0.0002,0.0
01-03 22,Africa Middle East,0.0001,0.0054,0.0069,0.0254,0.0515,0.0475
01-03 22,East Asia,0.0,0.0,0.0,0.0,0.0,0.0
01-03 22,Southeast Asia,0.0,0.0,0.0,0.0047,0.0197,0.0491
01-03 22,India,0.0037,0.0085,0.0033,0.0035,0.0113,0.0231
01-03 22,China,0.0059,0.0044,0.0009,0.0005,0.0008,0.0004
01-03 22,Latin America,0.0039,0.0277,0.0431,0.0259,0.0563,0.0723
01-03 22,USA,0.0216,0.0476,0.0445,0.0136,0.0002,0.0
01-03 22,North Atlantic,0.0612,0.0399,0.016,0.0,0.0,0.0
01-03 22,North Pacific,0.015,0.0391,0.0299,0.0188,0.0055,0.0001
01-03 22,Amsterdam FIR,0.0693,0.0131,0.0,0.0,0.0,0.0
01-03 22,Athinai FIR,0.0018,0.1167,0.0989,0.0,0.0,0.0
01-03 22,Barcelona FIR,0.0,0.0218,0.0754,0.0219,0.0,0.0
01-03 22,Beograd FIR,0.0,0.0,0.0,0.0,0.0,0.0
01-03 22,Bordeaux FIR,0.0,0.0,0.0,0.0,0.0,0.0
01-03 22,Bratislava  FIR,0.0071,0.0,0.0,0.0,0.0,0.0
01-03 22,Bremen FIR,0.0562,0.0009,0.0,0.0,0.0,0.0
01-03 22,Brest FIR,0.0,0.0,0.0,0.0,0.0,0.0
01-03 22,Brindisi FIR,0.0,0.0219,0.0075,0.1127,0.0,0.0
01-03 22,Brussels FIR,0.0,0.0,0.0,0.0,0.0,0.0
01-03 22,Bucarest FIR,0.0,0.0,0.0,0.0,0.0,0.0
01-03 22,Budapest FIR,0.0,0.0,0.0,0.0,0.0,0.0
01-03 22,Canarias FIR,0.0,0.0034,0.0107,0.005,0.0,0.0
01-03 22,Chisinau FIR,0.0,0.0,0.0,0.0,0.0,0.0
01-03 22,Copenhagen FIR,0.2161,0.1768,0.0,0.0,0.0,0.0
01-03 22,Helsinki FIR,0.0218,0.0,0.002,0.0082,0.0,0.0
01-03 22,Langen FIR,0.0084,0.0,0.0,0.0,0.0,0.0
01-03 22,Lisboa FIR,0.036,0.0532,0.0562,0.0078,0.0,0.0
01-03 22,Ljubljana FIR,0.0,0.0,0.0,0.0,0.0,0.0
01-03 22,London FIR,0.0044,0.0,0.0,0.0,0.0,0.0
01-03 22,Madrid FIR,0.0588,0.1007,0.0828,0.0019,0.0,0.0
01-03 22,Malta FIR,0.0,0.0,0.0,0.0,0.0,0.0
01-03 22,Marseille FIR,0.0,0.0,0.0,0.0,0.0,0.0
01-03 22,Milano FIR,0.0179,0.1582,0.0056,0.0,0.0,0.0
01-03 22,Munchen FIR,0.0,0.0,0.0,0.0,0.0,0.0
01-03 22,Paris FIR,0.0,0.0,0.0,0.0,0.0,0.0
01-03 22,Polaris FIR,0.2395,0.1114,0.006,0.028,0.0,0.0
01-03 22,Praha FIR,0.0,0.0,0.0,0.0,0.0,0.0
01-03 22,Reims FIR,0.0,0.0,0.0,0.0,0.0,0.0
01-03 22,Reykjavik FIR,0.135,0.0872,0.0207,0.0,0.0,0.0
01-03 22,Riga FIR,0.2639,0.0231,0.0,0.0,0.0,0.0
01-03 22,Roma FIR,0.0,0.0,0.0,0.0122,0.0,0.0
01-03 22,Santa Maria FIR,0.014,0.0523,0.0571,0.0506,0.015,0.0
01-03 22,Sarajevo FIR,0.0,0.0,0.0,0.0,0.0,0.0
01-03 22,Scottish FIR,0.2376,0.074,0.0,0.0,0.0,0.0
01-03 22,Shannon FIR,0.0102,0.0,0.0,0.0,0.0,0.0
01-03 22,Skopje FIR,0.0,0.0,0.0,0.0,0.0,0.0
01-03 22,Sofia FIR,0.0,0.0,0.0,0.0,0.0,0.0
01-03 22,Sweden FIR,0.025,0.0002,0.0,0.0,0.0,0.0
01-03 22,Switzerland FIR,0.0,0.0,0.0,0.0,0.0,0.0
01-03 22,Tallinn FIR,0.0,0.0,0.0,0.0,0.0,0.0
01-03 22,Tirana FIR,0.0,0.0,0.0269,0.0,0.0,0.0
01-03 22,Vilnius FIR,0.1527,0.0169,0.0,0.0,0.0,0.0
01-03 22,Warszawa FIR,0.0346,0.0,0.0,0.0,0.0,0.0
01-03 22,Wien FIR,0.0,0.0,0.0,0.0,0.0,0.0
01-03 22,Zagreb FIR,0.0162,0.0193,0.0,0.0,0.0,0.0
01-03 23,Global,0.0196,0.0259,0.0221,0.0168,0.0222,0.0218
01-03 23,Europe,0.0575,0.034,0.0201,0.0064,0.0,0.0
01-03 23,European Airspace,0.0465,0.0547,0.0296,0.0075,0.0001,0.0
01-03 23,Africa Middle East,0.0001,0.0061,0.0071,0.0264,0.0506,0.0449
01-03 23,East Asia,0.0,0.0,0.0,0.0,0.0,0.0
01-03 23,Southeast Asia,0.0,0.0,0.0,0.0013,0.0095,0.0438
01-03 23,India,0.003,0.0028,0.0004,0.0011,0.0055,0.0187
01-03 23,China,0.0014,0.0002,0.0,0.0003,0.0007,0.0004
01-03 23,Latin America,0.0061,0.0353,0.0472,0.0281,0.0598,0.0734
01-03 23,USA,0.0252,0.0502,0.0439,0.0155,0.0016,0.0
01-03 23,North Atlantic,0.0643,0.0407,0.0183,0.0001,0.0,0.0
01-03 23,North Pacific,0.0191,0.0411,0.0338,0.0187,0.006,0.0
01-03 23,Amsterdam FIR,0.0973,0.0213,0.0,0.0,0.0,0.0
01-03 23,Athinai FIR,0.0,0.1177,0.0797,0.0029,0.0,0.0
01-03 23,Barcelona FIR,0.0,0.0225,0.0528,0.0053,0.0,0.0
01-03 23,Beograd FIR,0.0,0.0,0.0,0.0,0.0,0.0
01-03 23,Bordeaux FIR,0.0,0.0,0.0,0.0,0.0,0.0
01-03 23,Bratislava  FIR,0.0216,0.0,0.0,0.0,0.0,0.0
01-03 23,Bremen FIR,0.0726,0.0009,0.0,0.0,0.0,0.0
01-03 23,Brest FIR,0.0,0.0,0.0,0.0,0.0,0.0
01-03 23,Brindisi FIR,0.0,0.0,0.0,0.0113,0.0,0.0
01-03 23,Brussels FIR,0.0,0.0,0.0,0.0,0.0,0.0
01-03 23,Bucarest FIR,0.0,0.0,0.0,0.0,0.0,0.0
01-03 23,Budapest FIR,0.0,0.0,0.0,0.0,0.0,0.0
01-03 23,Canarias FIR,0.0,0.0033,0.0043,0.0,0.0,0.0
01-03 23,Chisinau FIR,0.0,0.0,0.0,0.0,0.0,0.0
01-03 23,Copenhagen FIR,0.2295,0.2016,0.0,0.0,0.0,0.0
01-03 23,Helsinki FIR,0.0139,0.0,0.0004,0.0035,0.0,0.0
01-03 23,Langen FIR,0.007,0.0,0.0,0.0,0.0,0.0
01-03 23,Lisboa FIR,0.0224,0.0679,0.0623,0.0075,0.0,0.0
01-03 23,Ljubljana FIR,0.0,0.0,0.0,0.0,0.0,0.0
01-03 23,London FIR,0.0044,0.0,0.0,0.0,0.0,0.0
01-03 23,Madrid FIR,0.1044,0.127,0.0905,0.0036,0.0,0.0
01-03 23,Malta FIR,0.0,0.0,0.0,0.0,0.0,0.0
01-03 23,Marseille FIR,0.0,0.0,0.0,0.0,0.0,0.0
01-03 23,Milano FIR,0.0281,0.0602,0.0,0.0,0.0,0.0
01-03 23,Munchen FIR,0.0016,0.0,0.0,0.0,0.0,0.0
01-03 23,Paris FIR,0.0,0.0,0.0,0.0,0.0,0.0
01-03 23,Polaris FIR,0.2568,0.1247,0.0088,0.0133,0.0,0.0
01-03 23,Praha FIR,0.0,0.0,0.0,0.0,0.0,0.0
01-03 23,Reims FIR,0.0,0.0,0.0,0.0,0.0,0.0
01-03 23,Reykjavik FIR,0.1258,0.0813,0.0169,0.0,0.0,0.0
01-03 23,Riga FIR,0.3095,0.0062,0.0,0.0,0.0,0.0
01-03 23,Roma FIR,0.0,0.0,0.0,0.0155,0.0,0.0
01-03 23,Santa Maria FIR,0.0119,0.0498,0.0603,0.0423,0.0104,0.0
01-03 23,Sarajevo FIR,0.0,0.0,0.0,0.0,0.0,0.0
01-03 23,Scottish FIR,0.2487,0.0722,0.0,0.0,0.0,0.0
01-03 23,Shannon FIR,0.0095,0.0,0.0,0.0,0.0,0.0
01-03 23,Skopje FIR,0.0,0.0,0.0,0.0,0.0,0.0
01-03 23,Sofia FIR,0.0,0.0,0.0,0.0,0.0,0.0
01-03 23,Sweden FIR,0.0196,0.0,0.0,0.0,0.0,0.0
01-03 23,Switzerland FIR,0.0,0.0,0.0,0.0,0.0,0.0
01-03 23,Tallinn FIR,0.0,0.0,0.0,0.0,0.0,0.0
01-03 23,Tirana FIR,0.0,0.0,0.043,0.0749,0.0,0.0
01-03 23,Vilnius FIR,0.1068,0.0,0.0,0.0,0.0,0.0
01-03 23,Warszawa FIR,0.0441,0.0,0.0,0.0,0.0,0.0
01-03 23,Wien FIR,0.0,0.0,0.0,0.0,0.0,0.0
01-03 23,Zagreb FIR,0.0242,0.0386,0.0,0.0,0.0,0.0
01-04 00,Global,0.0198,0.0258,0.0217,0.0176,0.0223,0.0209
01-04 00,Europe,0.0606,0.038,0.0206,0.0033,0.0,0.0
01-04 00,European Airspace,0.0443,0.0539,0.0282,0.0062,0.0,0.0
01-04 00,Africa Middle East,0.0002,0.0065,0.0073,0.0272,0.0467,0.0376
01-04 00,East Asia,0.0,0.0,0.0,0.0,0.0,0.0
01-04 00,Southeast Asia,0.0,0.0,0.0,0.0002,0.0101,0.0488
01-04 00,India,0.0008,0.0,0.0,0.0003,0.0037,0.019
01-04 00,China,0.0005,0.0001,0.0,0.0003,0.0007,0.0006
01-04 00,Latin America,0.0087,0.0385,0.0491,0.0287,0.0629,0.074
01-04 00,USA,0.0253,0.0491,0.0448,0.0162,0.0017,0.0
01-04 00,North Atlantic,0.0654,0.0425,0.0238,0.0006,0.0,0.0
01-04 00,North Pacific,0.0278,0.0479,0.0371,0.0186,0.0059,0.0
01-04 00,Amsterdam FIR,0.1122,0.023,0.0,0.0,0.0,0.0
01-04 00,Athinai FIR,0.0,0.104,0.0669,0.0026,0.0,0.0
01-04 00,Barcelona FIR,0.0,0.0225,0.0367,0.0,0.0,0.0
01-04 00,Beograd FIR,0.0,0.0,0.0,0.0,0.0,0.0
01-04 00,Bordeaux FIR,0.0,0.0056,0.0,0.0,0.0,0.0
01-04 00,Bratislava  FIR,0.0,0.0,0.0,0.0,0.0,0.0
01-04 00,Bremen FIR,0.0691,0.0052,0.0,0.0,0.0,0.0
01-04 00,Brest FIR,0.0165,0.0017,0.0,0.0,0.0,0.0
01-04 00,Brindisi FIR,0.0,0.0,0.0,0.0,0.0,0.0
01-04 00,Brussels FIR,0.0,0.0,0.0,0.0,0.0,0.0
01-04 00,Bucarest FIR,0.0,0.0,0.0,0.0,0.0,0.0
01-04 00,Budapest FIR,0.0,0.0,0.0,0.0,0.0,0.0
01-04 00,Canarias FIR,0.0,0.0041,0.0048,0.0,0.0,0.0
01-04 00,Chisinau FIR,0.0,0.0,0.0,0.0,0.0,0.0
01-04 00,Copenhagen FIR,0.2217,0.2238,0.0,0.0,0.0,0.0
01-04 00,Helsinki FIR,0.0051,0.0,0.0028,0.0004,0.0,0.0
01-04 00,Langen FIR,0.0,0.0,0.0,0.0,0.0,0.0
01-04 00,Lisboa FIR,0.0245,0.1016,0.0673,0.0047,0.0,0.0
01-04 00,Ljubljana FIR,0.0,0.0,0.0,0.0,0.0,0.0
01-04 00,London FIR,0.0012,0.0,0.0,0.0,0.0,0.0
01-04 00,Madrid FIR,0.1439,0.1728,0.1245,0.014,0.0,0.0
01-04 00,Malta FIR,0.0,0.0,0.0,0.0,0.0,0.0
01-04 00,Marseille FIR,0.0,0.0,0.0019,0.0,0.0,0.0
01-04 00,Milano FIR,0.0033,0.0491,0.0,0.0,0.0,0.0
01-04 00,Munchen FIR,0.0078,0.0,0.0,0.0,0.0,0.0
01-04 00,Paris FIR,0.0,0.0,0.0,0.0,0.0,0.0
01-04 00,Polaris FIR,0.2679,0.1293,0.0093,0.0041,0.0,0.0
01-04 00,Praha FIR,0.0,0.0,0.0,0.0,0.0,0.0
01-04 00,Reims FIR,0.0,0.0,0.0,0.0,0.0,0.0
01-04 00,Reykjavik FIR,0.1219,0.0731,0.0142,0.0,0.0,0.0
01-04 00,Riga FIR,0.2934,0.0,0.0,0.0,0.0,0.0
01-04 00,Roma FIR,0.0,0.0,0.0,0.0104,0.0,0.0
01-04 00,Santa Maria FIR,0.008,0.0461,0.0604,0.0369,0.0039,0.0
01-04 00,Sarajevo FIR,0.0,0.0,0.0,0.0,0.0,0.0
01-04 00,Scottish FIR,0.2367,0.0699,0.0,0.0,0.0,0.0
01-04 00,Shannon FIR,0.0068,0.0,0.0,0.0,0.0,0.0
01-04 00,Skopje FIR,0.0,0.0,0.0,0.0,0.0,0.0
01-04 00,Sofia FIR,0.0,0.0,0.0,0.0,0.0,0.0
01-04 00,Sweden FIR,0.0116,0.0,0.0,0.0,0.0,0.0
01-04 00,Switzerland FIR,0.0,0.0,0.0,0.0,0.0,0.0
01-04 00,Tallinn FIR,0.0,0.0,0.0,0.0,0.0,0.0
01-04 00,Tirana FIR,0.0,0.0,0.0,0.0,0.0,0.0
01-04 00,Vilnius FIR,0.0805,0.0,0.0,0.0,0.0,0.0
01-04 00,Warszawa FIR,0.057,0.0,0.0,0.0,0.0,0.0
01-04 00,Wien FIR,0.0,0.0,0.0,0.0,0.0,0.0
01-04 00,Zagreb FIR,0.0339,0.0579,0.0,0.0,0.0,0.0
01-04 01,Global,0.0202,0.0248,0.021,0.0186,0.0226,0.0203
01-04 01,Europe,0.0629,0.0442,0.0244,0.0037,0.0,0.0
01-04 01,European Airspace,0.0427,0.0489,0.0249,0.0052,0.0,0.0
01-04 01,Africa Middle East,0.0002,0.0066,0.0072,0.0261,0.0386,0.0264
01-04 01,East Asia,0.0,0.0,0.0,0.0,0.0,0.0
01-04 01,Southeast Asia,0.0,0.0,0.0,0.0006,0.0116,0.0531
01-04 01,India,0.0,0.0,0.0,0.0002,0.0033,0.0214
01-04 01,China,0.0011,0.0005,0.0,0.0003,0.0009,0.0009
01-04 01,Latin America,0.0104,0.0379,0.0468,0.0296,0.065,0.0742
01-04 01,USA,0.0251,0.0478,0.0469,0.0154,0.002,0.0
01-04 01,North Atlantic,0.0648,0.0437,0.0302,0.0012,0.0,0.0
01-04 01,North Pacific,0.0374,0.0548,0.0373,0.0184,0.0056,0.0
01-04 01,Amsterdam FIR,0.1188,0.0247,0.0,0.0,0.0,0.0
01-04 01,Athinai FIR,0.0,0.08,0.0432,0.0,0.0,0.0
01-04 01,Barcelona FIR,0.0,0.0494,0.0837,0.0212,0.0,0.0
01-04 01,Beograd FIR,0.0,0.0,0.0,0.0,0.0,0.0
01-04 01,Bordeaux FIR,0.0,0.0,0.0,0.0,0.0,0.0
01-04 01,Bratislava  FIR,0.0,0.0,0.0,0.0,0.0,0.0
01-04 01,Bremen FIR,0.0624,0.006,0.0,0.0,0.0,0.0
01-04 01,Brest FIR,0.091,0.0349,0.0,0.0,0.0,0.0
01-04 01,Brindisi FIR,0.0,0.0,0.0,0.0,0.0,0.0
01-04 01,Brussels FIR,0.0,0.0,0.0,0.0,0.0,0.0
01-04 01,Bucarest FIR,0.0,0.0,0.0,0.0,0.0,0.0
01-04 01,Budapest FIR,0.0,0.0,0.0,0.0,0.0,0.0
01-04 01,Canarias FIR,0.0,0.0051,0.0048,0.0,0.0,0.0
01-04 01,Chisinau FIR,0.0,0.0,0.0,0.0,0.0,0.0
01-04 01,Copenhagen FIR,0.2304,0.2569,0.0,0.0,0.0,0.0
01-04 01,Helsinki FIR,0.001,0.0,0.0083,0.0,0.0,0.0
01-04 01,Langen FIR,0.0,0.0,0.0,0.0,0.0,0.0
01-04 01,Lisboa FIR,0.0359,0.1406,0.0853,0.0038,0.0,0.0
01-04 01,Ljubljana FIR,0.0,0.0,0.0,0.0,0.0,0.0
01-04 01,London FIR,0.0008,0.0,0.0,0.0,0.0,0.0
01-04 01,Madrid FIR,0.1093,0.1991,0.1652,0.0241,0.0,0.0
01-04 01,Malta FIR,0.0,0.0,0.0,0.0,0.0,0.0
01-04 01,Marseille FIR,0.0,0.0,0.0006,0.0,0.0,0.0
01-04 01,Milano FIR,0.0,0.0056,0.0,0.0,0.0,0.0
01-04 01,Munchen FIR,0.0109,0.0,0.0,0.0,0.0,0.0
01-04 01,Paris FIR,0.0,0.0,0.0,0.0,0.0,0.0
01-04 01,Polaris FIR,0.2797,0.1279,0.0039,0.0005,0.0,0.0
01-04 01,Praha FIR,0.0,0.0,0.0,0.0,0.0,0.0
01-04 01,Reims FIR,0.0,0.0,0.0,0.0,0.0,0.0
01-04 01,Reykjavik FIR,0.1237,0.0661,0.0131,0.0,0.0,0.0
01-04 01,Riga FIR,0.2498,0.0,0.0,0.0,0.0,0.0
01-04 01,Roma FIR,0.0,0.0,0.0,0.0014,0.0,0.0
01-04 01,Santa Maria FIR,0.0073,0.0418,0.057,0.0353,0.0014,0.0
01-04 01,Sarajevo FIR,0.0742,0.0186,0.0,0.0,0.0,0.0
01-04 01,Scottish FIR,0.2145,0.0654,0.0,0.0,0.0,0.0
01-04 01,Shannon FIR,0.0061,0.0,0.0,0.0,0.0,0.0
01-04 01,Skopje FIR,0.0,0.0,0.0,0.0,0.0,0.0
01-04 01,Sofia FIR,0.0,0.0,0.0,0.0,0.0,0.0
01-04 01,Sweden FIR,0.0064,0.0002,0.0,0.0,0.0,0.0
01-04 01,Switzerland FIR,0.0,0.0,0.0,0.0,0.0,0.0
01-04 01,Tallinn FIR,0.0,0.0,0.0,0.0,0.0,0.0
01-04 01,Tirana FIR,0.0,0.0,0.0,0.0,0.0,0.0
01-04 01,Vilnius FIR,0.0715,0.0,0.0,0.0,0.0,0.0
01-04 01,Warszawa FIR,0.0627,0.0,0.0,0.0,0.0,0.0
01-04 01,Wien FIR,0.0,0.0,0.0,0.0,0.0,0.0
01-04 01,Zagreb FIR,0.0596,0.0789,0.0,0.0,0.0,0.0
01-04 02,Global,0.0204,0.0239,0.0207,0.0192,0.0226,0.0196
01-04 02,Europe,0.0604,0.0499,0.0252,0.0039,0.0,0.0
01-04 02,European Airspace,0.0404,0.0417,0.0189,0.0039,0.0,0.0
01-04 02,Africa Middle East,0.0003,0.0065,0.0057,0.0204,0.0258,0.015
01-04 02,East Asia,0.0,0.0,0.0,0.0,0.0,0.0
01-04 02,Southeast Asia,0.0,0.0,0.0,0.0009,0.0133,0.0529
01-04 02,India,0.0,0.0,0.0,0.0,0.0031,0.0241
01-04 02,China,0.003,0.001,0.0001,0.0003,0.0013,0.0012
01-04 02,Latin America,0.0101,0.0371,0.044,0.03,0.0655,0.0743
01-04 02,USA,0.0258,0.0465,0.0493,0.0132,0.0027,0.0
01-04 02,North Atlantic,0.0621,0.0444,0.0363,0.0004,0.0,0.0
01-04 02,North Pacific,0.0438,0.0569,0.0369,0.0181,0.0049,0.0
01-04 02,Amsterdam FIR,0.1156,0.0165,0.0,0.0,0.0,0.0
01-04 02,Athinai FIR,0.0,0.0391,0.0126,0.0,0.0,0.0
01-04 02,Barcelona FIR,0.0,0.0696,0.1197,0.0455,0.0,0.0
01-04 02,Beograd FIR,0.0171,0.0104,0.0,0.0,0.0,0.0
01-04 02,Bordeaux FIR,0.0,0.0,0.0,0.0,0.0,0.0
01-04 02,Bratislava  FIR,0.0,0.0,0.0,0.0,0.0,0.0
01-04 02,Bremen FIR,0.0635,0.0095,0.0,0.0,0.0,0.0
01-04 02,Brest FIR,0.133,0.1048,0.0,0.0,0.0,0.0
01-04 02,Brindisi FIR,0.0,0.0,0.0,0.0102,0.0,0.0
01-04 02,Brussels FIR,0.0,0.0,0.0,0.0,0.0,0.0
01-04 02,Bucarest FIR,0.0,0.0,0.0,0.0,0.0,0.0
01-04 02,Budapest FIR,0.0,0.0,0.0,0.0,0.0,0.0
01-04 02,Canarias FIR,0.0,0.0049,0.0046,0.0,0.0,0.0
01-04 02,Chisinau FIR,0.0,0.0,0.0,0.0,0.0,0.0
01-04 02,Copenhagen FIR,0.268,0.2655,0.0,0.0,0.0,0.0
01-04 02,Helsinki FIR,0.0,0.0005,0.0055,0.0,0.0,0.0
01-04 02,Langen FIR,0.0,0.0,0.0,0.0,0.0,0.0
01-04 02,Lisboa FIR,0.04,0.18,0.1045,0.0019,0.0,0.0
01-04 02,Ljubljana FIR,0.0,0.0,0.0,0.0,0.0,0.0
01-04 02,London FIR,0.0008,0.0,0.0,0.0,0.0,0.0
01-04 02,Madrid FIR,0.0761,0.2101,0.1528,0.0167,0.0,0.0
01-04 02,Malta FIR,0.0,0.0,0.0,0.0,0.0,0.0
01-04 02,Marseille FIR,0.0,0.0,0.0,0.0,0.0,0.0
01-04 02,Milano FIR,0.0,0.0,0.0,0.0,0.0,0.0
01-04 02,Munchen FIR,0.028,0.0,0.0,0.0,0.0,0.0
01-04 02,Paris FIR,0.0,0.0,0.0,0.0,0.0,0.0
01-04 02,Polaris FIR,0.2875,0.1188,0.0003,0.0,0.0,0.0
01-04 02,Praha FIR,0.0084,0.0,0.0,0.0,0.0,0.0
01-04 02,Reims FIR,0.0,0.0,0.0,0.0,0.0,0.0
01-04 02,Reykjavik FIR,0.1286,0.0615,0.0133,0.0,0.0,0.0
01-04 02,Riga FIR,0.1676,0.0,0.0,0.0,0.0,0.0
01-04 02,Roma FIR,0.0,0.0,0.0,0.0,0.0,0.0
01-04 02,Santa Maria FIR,0.0065,0.042,0.0651,0.0421,0.0021,0.0
01-04 02,Sarajevo FIR,0.0713,0.124,0.0,0.0,0.0,0.0
01-04 02,Scottish FIR,0.1917,0.0578,0.0,0.0,0.0,0.0
01-04 02,Shannon FIR,0.0041,0.0,0.0,0.0,0.0,0.0
01-04 02,Skopje FIR,0.0,0.0,0.0,0.0,0.0,0.0
01-04 02,Sofia FIR,0.0,0.0,0.0,0.0,0.0,0.0
01-04 02,Sweden FIR,0.0025,0.0008,0.0002,0.0,0.0,0.0
01-04 02,Switzerland FIR,0.0,0.0,0.0,0.0,0.0,0.0
01-04 02,Tallinn FIR,0.0,0.0,0.0,0.0,0.0,0.0
01-04 02,Tirana FIR,0.0,0.0,0.0,0.0,0.0,0.0
01-04 02,Vilnius FIR,0.0916,0.0,0.0,0.0,0.0,0.0
01-04 02,Warszawa FIR,0.0575,0.0,0.0,0.0,0.0,0.0
01-04 02,Wien FIR,0.0,0.0,0.0,0.0,0.0,0.0
01-04 02,Zagreb FIR,0.0289,0.0339,0.0,0.0,0.0,0.0
01-04 03,Global,0.0203,0.0231,0.0211,0.0192,0.022,0.0196
01-04 03,Europe,0.0618,0.0543,0.0296,0.0016,0.0,0.0
01-04 03,European Airspace,0.0382,0.0336,0.0157,0.0023,0.0,0.0
01-04 03,Africa Middle East,0.0004,0.006,0.0047,0.0124,0.0124,0.0102
01-04 03,East Asia,0.0001,0.0,0.0,0.0,0.0,0.0
01-04 03,Southeast Asia,0.0,0.0,0.0,0.0012,0.0151,0.0534
01-04 03,India,0.0,0.0,0.0,0.0,0.0032,0.0259
01-04 03,China,0.0054,0.0019,0.0002,0.0004,0.0022,0.001
01-04 03,Latin America,0.0079,0.0344,0.0414,0.028,0.0629,0.0748
01-04 03,USA,0.0239,0.0473,0.05,0.0124,0.0042,0.0001
01-04 03,North Atlantic,0.0582,0.046,0.0388,0.0002,0.0,0.0
01-04 03,North Pacific,0.0475,0.054,0.0364,0.0177,0.004,0.0
01-04 03,Amsterdam FIR,0.1025,0.0083,0.0,0.0,0.0,0.0
01-04 03,Athinai FIR,0.0,0.0012,0.0,0.0,0.0,0.0
01-04 03,Barcelona FIR,0.0,0.126,0.1337,0.0321,0.0,0.0
01-04 03,Beograd FIR,0.0324,0.0035,0.0,0.0,0.0,0.0
01-04 03,Bordeaux FIR,0.0011,0.0128,0.0,0.0,0.0,0.0
01-04 03,Bratislava  FIR,0.0,0.0,0.0,0.0,0.0,0.0
01-04 03,Bremen FIR,0.0506,0.0103,0.0,0.0,0.0,0.0
01-04 03,Brest FIR,0.2285,0.1779,0.0,0.0,0.0,0.0
01-04 03,Brindisi FIR,0.0,0.0,0.0,0.0,0.0,0.0
01-04 03,Brussels FIR,0.0,0.0,0.0,0.0,0.0,0.0
01-04 03,Bucarest FIR,0.0014,0.0,0.0,0.0,0.0,0.0
01-04 03,Budapest FIR,0.0,0.0,0.0,0.0,0.0,0.0
01-04 03,Canarias FIR,0.0,0.0043,0.0038,0.0,0.0,0.0
01-04 03,Chisinau FIR,0.0,0.0,0.0,0.0,0.0,0.0
01-04 03,Copenhagen FIR,0.3325,0.2733,0.0,0.0,0.0,0.0
01-04 03,Helsinki FIR,0.0,0.0023,0.0023,0.0,0.0,0.0
01-04 03,Langen FIR,0.0,0.0,0.0,0.0,0.0,0.0
01-04 03,Lisboa FIR,0.042,0.2511,0.1861,0.0,0.0,0.0
01-04 03,Ljubljana FIR,0.0,0.0,0.0,0.0,0.0,0.0
01-04 03,London FIR,0.0026,0.0,0.0,0.0,0.0,0.0
01-04 03,Madrid FIR,0.0743,0.1916,0.1185,0.0029,0.0,0.0
01-04 03,Malta FIR,0.0,0.0,0.0,0.0,0.0,0.0
01-04 03,Marseille FIR,0.0,0.0,0.0013,0.0,0.0,0.0
01-04 03,Milano FIR,0.0,0.0,0.0,0.0,0.0,0.0
01-04 03,Munchen FIR,0.0342,0.0,0.0,0.0,0.0,0.0
01-04 03,Paris FIR,0.0,0.0,0.0,0.0,0.0,0.0
01-04 03,Polaris FIR,0.289,0.1069,0.0003,0.0,0.0,0.0
01-04 03,Praha FIR,0.0042,0.0,0.0,0.0,0.0,0.0
01-04 03,Reims FIR,0.0,0.0,0.0,0.0,0.0,0.0
01-04 03,Reykjavik FIR,0.1313,0.059,0.0144,0.0,0.0,0.0
01-04 03,Riga FIR,0.0679,0.0,0.0,0.0,0.0,0.0
01-04 03,Roma FIR,0.0,0.0,0.0,0.0,0.0,0.0
01-04 03,Santa Maria FIR,0.0061,0.0407,0.0747,0.0445,0.0058,0.0
01-04 03,Sarajevo FIR,0.0603,0.0488,0.0,0.0,0.0,0.0
01-04 03,Scottish FIR,0.1807,0.0559,0.0,0.0,0.0,0.0
01-04 03,Shannon FIR,0.0041,0.0,0.0,0.0,0.0,0.0
01-04 03,Skopje FIR,0.0,0.0,0.0,0.0,0.0,0.0
01-04 03,Sofia FIR,0.0,0.0,0.0,0.0,0.0,0.0
01-04 03,Sweden FIR,0.0009,0.0002,0.0,0.0,0.0,0.0
01-04 03,Switzerland FIR,0.0,0.0,0.0,0.0,0.0,0.0
01-04 03,Tallinn FIR,0.0,0.0,0.0,0.0,0.0,0.0
01-04 03,Tirana FIR,0.0,0.0,0.0,0.0,0.0,0.0
01-04 03,Vilnius FIR,0.0421,0.0,0.0,0.0,0.0,0.0
01-04 03,Warszawa FIR,0.0462,0.0,0.0,0.0,0.0,0.0
01-04 03,Wien FIR,0.0,0.0,0.0,0.0,0.0,0.0
01-04 03,Zagreb FIR,0.0,0.0,0.0,0.0,0.0,0.0
01-04 04,Global,0.0199,0.0223,0.0216,0.0189,0.0217,0.02
01-04 04,Europe,0.0596,0.0502,0.0265,0.0,0.0,0.0
01-04 04,European Airspace,0.0361,0.0272,0.0138,0.0012,0.0,0.0
01-04 04,Africa Middle East,0.0005,0.0049,0.0043,0.0064,0.0057,0.0089
01-04 04,East Asia,0.0,0.0,0.0,0.0,0.0,0.0
01-04 04,Southeast Asia,0.0,0.0,0.0,0.0014,0.0192,0.0576
01-04 04,India,0.0,0.0001,0.0,0.0001,0.0035,0.0252
01-04 04,China,0.009,0.0028,0.001,0.0007,0.0036,0.0009
01-04 04,Latin America,0.0054,0.031,0.0381,0.025,0.0574,0.0726
01-04 04,USA,0.0232,0.0481,0.0511,0.0118,0.0072,0.0004
01-04 04,North Atlantic,0.0517,0.044,0.0408,0.0003,0.0,0.0
01-04 04,North Pacific,0.0488,0.0497,0.0331,0.0169,0.0032,0.0
01-04 04,Amsterdam FIR,0.0729,0.0115,0.0,0.0,0.0,0.0
01-04 04,Athinai FIR,0.0,0.0,0.0,0.0,0.0,0.0
01-04 04,Barcelona FIR,0.0,0.0901,0.0643,0.0,0.0,0.0
01-04 04,Beograd FIR,0.0034,0.0,0.0,0.0,0.0,0.0
01-04 04,Bordeaux FIR,0.0244,0.068,0.0,0.0,0.0,0.0
01-04 04,Bratislava  FIR,0.0035,0.0,0.0,0.0,0.0,0.0
01-04 04,Bremen FIR,0.0253,0.0102,0.0,0.0,0.0,0.0
01-04 04,Brest FIR,0.2209,0.1514,0.0018,0.0,0.0,0.0
01-04 04,Brindisi FIR,0.0,0.0,0.0,0.0,0.0,0.0
01-04 04,Brussels FIR,0.0,0.0,0.0,0.0,0.0,0.0
01-04 04,Bucarest FIR,0.01,0.0,0.0,0.0,0.0,0.0
01-04 04,Budapest FIR,0.0,0.0,0.0,0.0,0.0,0.0
01-04 04,Canarias FIR,0.0,0.0038,0.0031,0.0,0.0,0.0
01-04 04,Chisinau FIR,0.0,0.0,0.0,0.0,0.0,0.0
01-04 04,Copenhagen FIR,0.3887,0.2634,0.0,0.0,0.0,0.0
01-04 04,Helsinki FIR,0.0,0.0063,0.0034,0.0,0.0,0.0
01-04 04,Langen FIR,0.0,0.0,0.0,0.0,0.0,0.0
01-04 04,Lisboa FIR,0.0575,0.294,0.2481,0.0,0.0,0.0
01-04 04,Ljubljana FIR,0.0,0.0,0.0,0.0,0.0,0.0
01-04 04,London FIR,0.0037,0.0,0.0,0.0,0.0,0.0
01-04 04,Madrid FIR,0.0796,0.1454,0.0763,0.0,0.0,0.0
01-04 04,Malta FIR,0.0,0.0,0.0,0.0,0.0,0.0
01-04 04,Marseille FIR,0.0,0.005,0.0075,0.0,0.0,0.0
01-04 04,Milano FIR,0.0,0.0,0.0,0.0,0.0,0.0
01-04 04,Munchen FIR,0.0234,0.0,0.0,0.0,0.0,0.0
01-04 04,Paris FIR,0.0,0.0,0.0,0.0,0.0,0.0
01-04 04,Polaris FIR,0.2794,0.0922,0.0001,0.0,0.0,0.0
01-04 04,Praha FIR,0.0021,0.0,0.0,0.0,0.0,0.0
01-04 04,Reims FIR,0.0,0.0,0.0,0.0,0.0,0.0
01-04 04,Reykjavik FIR,0.1303,0.0534,0.0148,0.0,0.0,0.0
01-04 04,Riga FIR,0.0,0.0,0.0,0.0,0.0,0.0
01-04 04,Roma FIR,0.0,0.0,0.0,0.0,0.0,0.0
01-04 04,Santa Maria FIR,0.0054,0.0377,0.0778,0.0345,0.0063,0.0
01-04 04,Sarajevo FIR,0.0,0.0,0.0,0.0,0.0,0.0
01-04 04,Scottish FIR,0.1748,0.0544,0.0,0.0,0.0,0.0
01-04 04,Shannon FIR,0.0007,0.0,0.0,0.0,0.0,0.0
01-04 04,Skopje FIR,0.0,0.0,0.0,0.0,0.0,0.0
01-04 04,Sofia FIR,0.0,0.0,0.0,0.0,0.0,0.0
01-04 04,Sweden FIR,0.0,0.0,0.0,0.0,0.0,0.0
01-04 04,Switzerland FIR,0.0,0.0,0.0,0.0,0.0,0.0
01-04 04,Tallinn FIR,0.0,0.0,0.0,0.0,0.0,0.0
01-04 04,Tirana FIR,0.0,0.0,0.0,0.0,0.0,0.0
01-04 04,Vilnius FIR,0.0289,0.0,0.0,0.0,0.0,0.0
01-04 04,Warszawa FIR,0.0311,0.0,0.0,0.0,0.0,0.0
01-04 04,Wien FIR,0.0,0.0,0.0,0.0,0.0,0.0
01-04 04,Zagreb FIR,0.0,0.0,0.0,0.0,0.0,0.0
01-04 05,Global,0.0194,0.0223,0.0221,0.0187,0.0226,0.0207
01-04 05,Europe,0.0518,0.0382,0.0202,0.0,0.0,0.0
01-04 05,European Airspace,0.0323,0.0228,0.0122,0.0007,0.0,0.0
01-04 05,Africa Middle East,0.0006,0.0044,0.0036,0.0028,0.0054,0.0088
01-04 05,East Asia,0.0,0.0004,0.0,0.0,0.0,0.0
01-04 05,Southeast Asia,0.0,0.0,0.0,0.0014,0.0284,0.0715
01-04 05,India,0.0,0.0002,0.0,0.0002,0.0038,0.0211
01-04 05,China,0.01,0.0044,0.0028,0.0014,0.0052,0.0011
01-04 05,Latin America,0.0037,0.0264,0.0334,0.0221,0.0524,0.066
01-04 05,USA,0.0243,0.0476,0.0521,0.012,0.0095,0.0005
01-04 05,North Atlantic,0.0449,0.0375,0.0366,0.0006,0.0,0.0
01-04 05,North Pacific,0.0483,0.0473,0.0301,0.0156,0.0026,0.0
01-04 05,Amsterdam FIR,0.0249,0.018,0.0,0.0,0.0,0.0
01-04 05,Athinai FIR,0.0,0.0,0.0,0.0,0.0,0.0
01-04 05,Barcelona FIR,0.0,0.008,0.0,0.0,0.0,0.0
01-04 05,Beograd FIR,0.0,0.0,0.0,0.0,0.0,0.0
01-04 05,Bordeaux FIR,0.0255,0.051,0.0,0.0,0.0,0.0
01-04 05,Bratislava  FIR,0.0,0.0,0.0,0.0,0.0,0.0
01-04 05,Bremen FIR,0.0102,0.0119,0.0,0.0,0.0,0.0
01-04 05,Brest FIR,0.1481,0.094,0.0053,0.0,0.0,0.0
01-04 05,Brindisi FIR,0.0,0.0,0.0,0.0,0.0,0.0
01-04 05,Brussels FIR,0.0,0.0,0.0,0.0,0.0,0.0
01-04 05,Bucarest FIR,0.0,0.0,0.0,0.0,0.0,0.0
01-04 05,Budapest FIR,0.0,0.0,0.0,0.0,0.0,0.0
01-04 05,Canarias FIR,0.0,0.0044,0.0039,0.0,0.0,0.0
01-04 05,Chisinau FIR,0.0,0.0,0.0,0.0,0.0,0.0
01-04 05,Copenhagen FIR,0.4157,0.1938,0.0,0.0,0.0,0.0
01-04 05,Helsinki FIR,0.0,0.0127,0.0101,0.0,0.0,0.0
01-04 05,Langen FIR,0.0,0.0,0.0,0.0,0.0,0.0
01-04 05,Lisboa FIR,0.0799,0.3411,0.2433,0.0,0.0,0.0
01-04 05,Ljubljana FIR,0.0,0.0,0.0,0.0,0.0,0.0
01-04 05,London FIR,0.0048,0.0008,0.0,0.0,0.0,0.0
01-04 05,Madrid FIR,0.0571,0.0731,0.0636,0.0,0.0,0.0
01-04 05,Malta FIR,0.0,0.0,0.0,0.0,0.0,0.0
01-04 05,Marseille FIR,0.0,0.0044,0.0,0.0,0.0,0.0
01-04 05,Milano FIR,0.0,0.0,0.0,0.0,0.0,0.0
01-04 05,Munchen FIR,0.0078,0.0,0.0,0.0,0.0,0.0
01-04 05,Paris FIR,0.0,0.0,0.0,0.0,0.0,0.0
01-04 05,Polaris FIR,0.2478,0.078,0.0028,0.0,0.0,0.0
01-04 05,Praha FIR,0.0041,0.0,0.0,0.0,0.0,0.0
01-04 05,Reims FIR,0.0,0.0,0.0,0.0,0.0,0.0
01-04 05,Reykjavik FIR,0.1252,0.051,0.0162,0.0,0.0,0.0
01-04 05,Riga FIR,0.0,0.0,0.0,0.0,0.0,0.0
01-04 05,Roma FIR,0.0,0.0,0.0,0.0,0.0,0.0
01-04 05,Santa Maria FIR,0.0034,0.0286,0.0696,0.0204,0.0042,0.0
01-04 05,Sarajevo FIR,0.0,0.0,0.0,0.0,0.0,0.0
01-04 05,Scottish FIR,0.1625,0.0501,0.0,0.0,0.0,0.0
01-04 05,Shannon FIR,0.0,0.0,0.0,0.0,0.0,0.0
01-04 05,Skopje FIR,0.0,0.0,0.0,0.0,0.0,0.0
01-04 05,Sofia FIR,0.0,0.0,0.0,0.0,0.0,0.0
01-04 05,Sweden FIR,0.0,0.0003,0.0003,0.0,0.0,0.0
01-04 05,Switzerland FIR,0.0,0.0,0.0,0.0,0.0,0.0
01-04 05,Tallinn FIR,0.0,0.0,0.0,0.0,0.0,0.0
01-04 05,Tirana FIR,0.0,0.0,0.0,0.0,0.0,0.0
01-04 05,Vilnius FIR,0.0136,0.0,0.0,0.0,0.0,0.0
01-04 05,Warszawa FIR,0.0212,0.0,0.0,0.0,0.0,0.0
01-04 05,Wien FIR,0.0,0.0,0.0,0.0,0.0,0.0
01-04 05,Zagreb FIR,0.0,0.0,0.0,0.0,0.0,0.0
01-04 06,Global,0.0192,0.0231,0.0221,0.019,0.0239,0.0217
01-04 06,Europe,0.04,0.0288,0.0162,0.0,0.0,0.0
01-04 06,European Airspace,0.0275,0.0193,0.0111,0.0004,0.0,0.0
01-04 06,Africa Middle East,0.0005,0.0041,0.003,0.0019,0.0072,0.0088
01-04 06,East Asia,0.0011,0.0014,0.0,0.0,0.0,0.0
01-04 06,Southeast Asia,0.0,0.0,0.0,0.0026,0.0438,0.0994
01-04 06,India,0.0,0.0004,0.0001,0.0003,0.005,0.0196
01-04 06,China,0.0114,0.0072,0.0047,0.0022,0.0066,0.0015
01-04 06,Latin America,0.002,0.0203,0.0257,0.0197,0.0468,0.0552
01-04 06,USA,0.0254,0.0497,0.0531,0.0124,0.0101,0.0002
01-04 06,North Atlantic,0.0385,0.0315,0.0295,0.0001,0.0,0.0
01-04 06,North Pacific,0.0479,0.0472,0.028,0.0136,0.0024,0.0
01-04 06,Amsterdam FIR,0.0066,0.0131,0.0,0.0,0.0,0.0
01-04 06,Athinai FIR,0.0,0.0,0.0,0.0,0.0,0.0
01-04 06,Barcelona FIR,0.0,0.0,0.0,0.0,0.0,0.0
01-04 06,Beograd FIR,0.0,0.0,0.0,0.0,0.0,0.0
01-04 06,Bordeaux FIR,0.0043,0.0042,0.0,0.0,0.0,0.0
01-04 06,Bratislava  FIR,0.0,0.0,0.0,0.0,0.0,0.0
01-04 06,Bremen FIR,0.0119,0.0085,0.0,0.0,0.0,0.0
01-04 06,Brest FIR,0.0599,0.0512,0.0,0.0,0.0,0.0
01-04 06,Brindisi FIR,0.0,0.0,0.0,0.0,0.0,0.0
01-04 06,Brussels FIR,0.0,0.0,0.0,0.0,0.0,0.0
01-04 06,Bucarest FIR,0.0,0.0,0.0,0.0,0.0,0.0
01-04 06,Budapest FIR,0.0,0.0,0.0,0.0,0.0,0.0
01-04 06,Canarias FIR,0.0,0.0049,0.0034,0.0,0.0,0.0
01-04 06,Chisinau FIR,0.0,0.0,0.0,0.0,0.0,0.0
01-04 06,Copenhagen FIR,0.4207,0.1359,0.0,0.0,0.0,0.0
01-04 06,Helsinki FIR,0.0,0.0254,0.027,0.009,0.0,0.0
01-04 06,Langen FIR,0.0,0.0,0.0,0.0,0.0,0.0
01-04 06,Lisboa FIR,0.084,0.3323,0.1823,0.0,0.0,0.0
01-04 06,Ljubljana FIR,0.0,0.0,0.0,0.0,0.0,0.0
01-04 06,London FIR,0.0033,0.0,0.0,0.0,0.0,0.0
01-04 06,Madrid FIR,0.0155,0.0362,0.0711,0.0,0.0,0.0
01-04 06,Malta FIR,0.0,0.0,0.0,0.0,0.0,0.0
01-04 06,Marseille FIR,0.0,0.0,0.0,0.0,0.0,0.0
01-04 06,Milano FIR,0.0,0.0,0.0,0.0,0.0,0.0
01-04 06,Munchen FIR,0.0,0.0,0.0,0.0,0.0,0.0
01-04 06,Paris FIR,0.0,0.0,0.0,0.0,0.0,0.0
01-04 06,Polaris FIR,0.2031,0.0781,0.0059,0.0018,0.0,0.0
01-04 06,Praha FIR,0.0,0.0,0.0,0.0,0.0,0.0
01-04 06,Reims FIR,0.0,0.0,0.0,0.0,0.0,0.0
01-04 06,Reykjavik FIR,0.1192,0.0485,0.0173,0.0,0.0,0.0
01-04 06,Riga FIR,0.0,0.0,0.0,0.0,0.0,0.0
01-04 06,Roma FIR,0.0,0.0,0.0,0.0,0.0,0.0
01-04 06,Santa Maria FIR,0.0012,0.0188,0.0557,0.0045,0.0024,0.0
01-04 06,Sarajevo FIR,0.0,0.0,0.0,0.0,0.0,0.0
01-04 06,Scottish FIR,0.1536,0.0348,0.0,0.0,0.0,0.0
01-04 06,Shannon FIR,0.0,0.0,0.0,0.0,0.0,0.0
01-04 06,Skopje FIR,0.0,0.0,0.0,0.0,0.0,0.0
01-04 06,Sofia FIR,0.0,0.0,0.0,0.0,0.0,0.0
01-04 06,Sweden FIR,0.0,0.0013,0.0022,0.0,0.0,0.0
01-04 06,Switzerland FIR,0.0,0.0,0.0,0.0,0.0,0.0
01-04 06,Tallinn FIR,0.0,0.0,0.0,0.0,0.0,0.0
01-04 06,Tirana FIR,0.0,0.0,0.0,0.0,0.0,0.0
01-04 06,Vilnius FIR,0.0136,0.0,0.0,0.0,0.0,0.0
01-04 06,Warszawa FIR,0.024,0.0,0.0,0.0,0.0,0.0
01-04 06,Wien FIR,0.0,0.0,0.0,0.0,0.0,0.0
01-04 06,Zagreb FIR,0.0,0.0,0.0,0.0,0.0,0.0
01-04 07,Global,0.0196,0.0234,0.0216,0.0197,0.0249,0.0228
01-04 07,Europe,0.0248,0.0158,0.0139,0.0,0.0,0.0
01-04 07,European Airspace,0.0213,0.014,0.0087,0.0003,0.0,0.0
01-04 07,Africa Middle East,0.0,0.0021,0.0021,0.0028,0.0087,0.008
01-04 07,East Asia,0.0027,0.0018,0.0,0.0,0.0,0.0
01-04 07,Southeast Asia,0.0,0.0,0.0,0.0047,0.0644,0.1329
01-04 07,India,0.0001,0.0007,0.0002,0.0009,0.0074,0.0232
01-04 07,China,0.0135,0.0105,0.0061,0.0031,0.0079,0.0017
01-04 07,Latin America,0.0007,0.0121,0.0165,0.018,0.0398,0.0428
01-04 07,USA,0.0259,0.0534,0.0545,0.0123,0.0097,0.0
01-04 07,North Atlantic,0.0275,0.0285,0.0275,0.0002,0.0,0.0
01-04 07,North Pacific,0.052,0.0483,0.0259,0.0125,0.0022,0.0
01-04 07,Amsterdam FIR,0.0,0.0,0.0,0.0,0.0,0.0
01-04 07,Athinai FIR,0.0,0.0,0.0,0.0,0.0,0.0
01-04 07,Barcelona FIR,0.0,0.0,0.0,0.0,0.0,0.0
01-04 07,Beograd FIR,0.0,0.0,0.0,0.0,0.0,0.0
01-04 07,Bordeaux FIR,0.0,0.0,0.0,0.0,0.0,0.0
01-04 07,Bratislava  FIR,0.0284,0.0,0.0,0.0,0.0,0.0
01-04 07,Bremen FIR,0.0,0.0,0.0,0.0,0.0,0.0
01-04 07,Brest FIR,0.0228,0.0051,0.0,0.0,0.0,0.0
01-04 07,Brindisi FIR,0.0,0.0,0.0,0.0,0.0,0.0
01-04 07,Brussels FIR,0.0,0.0,0.0,0.0,0.0,0.0
01-04 07,Bucarest FIR,0.0,0.0,0.0,0.0,0.0,0.0
01-04 07,Budapest FIR,0.0,0.0,0.0,0.0,0.0,0.0
01-04 07,Canarias FIR,0.0,0.0,0.0,0.0,0.0,0.0
01-04 07,Chisinau FIR,0.0,0.0,0.0,0.0,0.0,0.0
01-04 07,Copenhagen FIR,0.3107,0.0891,0.0,0.0,0.0,0.0
01-04 07,Helsinki FIR,0.0,0.0337,0.0492,0.0128,0.0,0.0
01-04 07,Langen FIR,0.0,0.0,0.0,0.0,0.0,0.0
01-04 07,Lisboa FIR,0.0048,0.1246,0.0949,0.0,0.0,0.0
01-04 07,Ljubljana FIR,0.0,0.0,0.0,0.0,0.0,0.0
01-04 07,London FIR,0.0,0.0,0.0,0.0,0.0,0.0
01-04 07,Madrid FIR,0.0013,0.0488,0.0772,0.0,0.0,0.0
01-04 07,Malta FIR,0.0,0.0,0.0,0.0,0.0,0.0
01-04 07,Marseille FIR,0.0,0.0,0.0,0.0,0.0,0.0
01-04 07,Milano FIR,0.0,0.0,0.0,0.0,0.0,0.0
01-04 07,Munchen FIR,0.0,0.0,0.0,0.0,0.0,0.0
01-04 07,Paris FIR,0.0,0.0,0.0,0.0,0.0,0.0
01-04 07,Polaris FIR,0.178,0.0726,0.0035,0.0015,0.0,0.0
01-04 07,Praha FIR,0.0021,0.0,0.0,0.0,0.0,0.0
01-04 07,Reims FIR,0.0,0.0,0.0,0.0,0.0,0.0
01-04 07,Reykjavik FIR,0.1085,0.0397,0.0154,0.0,0.0,0.0
01-04 07,Riga FIR,0.0,0.0,0.0,0.0,0.0,0.0
01-04 07,Roma FIR,0.0,0.0,0.0,0.0,0.0,0.0
01-04 07,Santa Maria FIR,0.0,0.0172,0.0354,0.0005,0.0002,0.0
01-04 07,Sarajevo FIR,0.0,0.0,0.0,0.0,0.0,0.0
01-04 07,Scottish FIR,0.1077,0.0213,0.0,0.0,0.0,0.0
01-04 07,Shannon FIR,0.0,0.0,0.0,0.0,0.0,0.0
01-04 07,Skopje FIR,0.0,0.0,0.0,0.0,0.0,0.0
01-04 07,Sofia FIR,0.0,0.0,0.0,0.0,0.0,0.0
01-04 07,Sweden FIR,0.0,0.0006,0.0014,0.0,0.0,0.0
01-04 07,Switzerland FIR,0.0,0.0,0.0,0.0,0.0,0.0
01-04 07,Tallinn FIR,0.0,0.0,0.0,0.0,0.0,0.0
01-04 07,Tirana FIR,0.0,0.0,0.0,0.0,0.0,0.0
01-04 07,Vilnius FIR,0.0436,0.0038,0.0,0.0,0.0,0.0
01-04 07,Warszawa FIR,0.0404,0.0,0.0,0.0,0.0,0.0
01-04 07,Wien FIR,0.0,0.0,0.0,0.0,0.0,0.0
01-04 07,Zagreb FIR,0.0,0.0,0.0,0.0,0.0,0.0
01-04 08,Global,0.0204,0.0236,0.0215,0.0201,0.0258,0.0243
01-04 08,Europe,0.0167,0.0096,0.0124,0.0,0.0,0.0
01-04 08,European Airspace,0.019,0.0119,0.007,0.0004,0.0,0.0
01-04 08,Africa Middle East,0.0,0.001,0.0018,0.0039,0.0091,0.0079
01-04 08,East Asia,0.0037,0.0014,0.0,0.0001,0.0,0.0
01-04 08,Southeast Asia,0.0,0.0,0.0,0.0081,0.0902,0.1647
01-04 08,India,0.0004,0.0012,0.0004,0.0016,0.0119,0.029
01-04 08,China,0.0185,0.0127,0.0076,0.0047,0.0087,0.0019
01-04 08,Latin America,0.0002,0.006,0.0129,0.0148,0.0296,0.035
01-04 08,USA,0.0255,0.0546,0.0528,0.0119,0.0095,0.0001
01-04 08,North Atlantic,0.0204,0.0244,0.0189,0.0001,0.0,0.0
01-04 08,North Pacific,0.0554,0.0494,0.0248,0.0122,0.002,0.0
01-04 08,Amsterdam FIR,0.0,0.0,0.0,0.0,0.0,0.0
01-04 08,Athinai FIR,0.0,0.0,0.0004,0.0,0.0,0.0
01-04 08,Barcelona FIR,0.0,0.0,0.0,0.0,0.0,0.0
01-04 08,Beograd FIR,0.0,0.0,0.0,0.0,0.0,0.0
01-04 08,Bordeaux FIR,0.0,0.0,0.0,0.0,0.0,0.0
01-04 08,Bratislava  FIR,0.0392,0.0,0.0,0.0,0.0,0.0
01-04 08,Bremen FIR,0.0,0.0009,0.0,0.0,0.0,0.0
01-04 08,Brest FIR,0.0,0.0,0.0,0.0,0.0,0.0
01-04 08,Brindisi FIR,0.0,0.0,0.0,0.0,0.0,0.0
01-04 08,Brussels FIR,0.0,0.0,0.0,0.0,0.0,0.0
01-04 08,Bucarest FIR,0.0,0.0,0.0,0.0,0.0,0.0
01-04 08,Budapest FIR,0.0,0.0,0.0,0.0,0.0,0.0
01-04 08,Canarias FIR,0.0,0.0,0.0,0.0,0.0,0.0
01-04 08,Chisinau FIR,0.0,0.0,0.0,0.0,0.0,0.0
01-04 08,Copenhagen FIR,0.1478,0.0532,0.0,0.0,0.0,0.0
01-04 08,Helsinki FIR,0.0,0.0346,0.0505,0.0089,0.0,0.0
01-04 08,Langen FIR,0.0,0.0,0.0,0.0,0.0,0.0
01-04 08,Lisboa FIR,0.0,0.0411,0.0505,0.0,0.0,0.0
01-04 08,Ljubljana FIR,0.0,0.0,0.0,0.0,0.0,0.0
01-04 08,London FIR,0.0,0.0,0.0,0.0,0.0,0.0
01-04 08,Madrid FIR,0.0,0.0403,0.0764,0.0,0.0,0.0
01-04 08,Malta FIR,0.0,0.0,0.0,0.0,0.0,0.0
01-04 08,Marseille FIR,0.0,0.0,0.0,0.0,0.0,0.0
01-04 08,Milano FIR,0.0,0.0,0.0,0.0,0.0,0.0
01-04 08,Munchen FIR,0.0,0.0,0.0,0.0,0.0,0.0
01-04 08,Paris FIR,0.0,0.0,0.0,0.0,0.0,0.0
01-04 08,Polaris FIR,0.1696,0.0696,0.0014,0.0006,0.0,0.0
01-04 08,Praha FIR,0.025,0.0,0.0,0.0,0.0,0.0
01-04 08,Reims FIR,0.0,0.0,0.0,0.0,0.0,0.0
01-04 08,Reykjavik FIR,0.0966,0.0333,0.0134,0.0,0.0,0.0
01-04 08,Riga FIR,0.0077,0.0046,0.0,0.0,0.0,0.0
01-04 08,Roma FIR,0.0,0.0,0.0,0.0,0.0,0.0
01-04 08,Santa Maria FIR,0.0,0.0126,0.011,0.0,0.0,0.0
01-04 08,Sarajevo FIR,0.0,0.0,0.0,0.0,0.0,0.0
01-04 08,Scottish FIR,0.0911,0.0161,0.0,0.0,0.0,0.0
01-04 08,Shannon FIR,0.0,0.0,0.0,0.0,0.0,0.0
01-04 08,Skopje FIR,0.0,0.0,0.0,0.0,0.0,0.0
01-04 08,Sofia FIR,0.0,0.0,0.0,0.0,0.0,0.0
01-04 08,Sweden FIR,0.0,0.0,0.0002,0.0,0.0,0.0
01-04 08,Switzerland FIR,0.0,0.0,0.0,0.0,0.0,0.0
01-04 08,Tallinn FIR,0.0,0.0,0.0,0.0,0.0,0.0
01-04 08,Tirana FIR,0.0,0.0,0.0,0.0,0.0,0.0
01-04 08,Vilnius FIR,0.1137,0.0019,0.0,0.0,0.0,0.0
01-04 08,Warszawa FIR,0.0477,0.0,0.0,0.0,0.0,0.0
01-04 08,Wien FIR,0.0,0.0,0.0,0.0,0.0,0.0
01-04 08,Zagreb FIR,0.0,0.0,0.0,0.0,0.0,0.0
01-04 09,Global,0.0209,0.0237,0.021,0.0201,0.0265,0.0261
01-04 09,Europe,0.0165,0.0101,0.0104,0.0,0.0,0.0
01-04 09,European Airspace,0.0203,0.013,0.0063,0.0004,0.0,0.0
01-04 09,Africa Middle East,0.0,0.0008,0.0016,0.0042,0.0097,0.0089
01-04 09,East Asia,0.0042,0.0011,0.0,0.0001,0.0,0.0
01-04 09,Southeast Asia,0.0,0.0,0.0,0.0119,0.1083,0.1893
01-04 09,India,0.0008,0.0023,0.0019,0.0027,0.0159,0.0333
01-04 09,China,0.0237,0.0134,0.0093,0.0061,0.0096,0.0023
01-04 09,Latin America,0.0001,0.0041,0.011,0.0113,0.0199,0.0328
01-04 09,USA,0.025,0.0534,0.0496,0.0123,0.0098,0.0004
01-04 09,North Atlantic,0.017,0.0109,0.0071,0.0,0.0,0.0
01-04 09,North Pacific,0.0602,0.0488,0.0261,0.0124,0.0026,0.0
01-04 09,Amsterdam FIR,0.0,0.0,0.0,0.0,0.0,0.0
01-04 09,Athinai FIR,0.0,0.0,0.0004,0.0,0.0,0.0
01-04 09,Barcelona FIR,0.0,0.0,0.0,0.0,0.0,0.0
01-04 09,Beograd FIR,0.0,0.0,0.0,0.0,0.0,0.0
01-04 09,Bordeaux FIR,0.0,0.0,0.0,0.0,0.0,0.0
01-04 09,Bratislava  FIR,0.0428,0.0,0.0,0.0,0.0,0.0
01-04 09,Bremen FIR,0.0,0.0,0.0,0.0,0.0,0.0
01-04 09,Brest FIR,0.0,0.0,0.0,0.0,0.0,0.0
01-04 09,Brindisi FIR,0.0,0.0,0.0,0.0,0.0,0.0
01-04 09,Brussels FIR,0.0,0.0,0.0,0.0,0.0,0.0
01-04 09,Bucarest FIR,0.0,0.0,0.0,0.0,0.0,0.0
01-04 09,Budapest FIR,0.0,0.0,0.0,0.0,0.0,0.0
01-04 09,Canarias FIR,0.0,0.0,0.0,0.0,0.0,0.0
01-04 09,Chisinau FIR,0.0,0.0,0.0,0.0,0.0,0.0
01-04 09,Copenhagen FIR,0.0758,0.051,0.0,0.0,0.0,0.0
01-04 09,Helsinki FIR,0.0,0.0253,0.0388,0.0011,0.0,0.0
01-04 09,Langen FIR,0.0,0.0,0.0,0.0,0.0,0.0
01-04 09,Lisboa FIR,0.0,0.0276,0.0299,0.0,0.0,0.0
01-04 09,Ljubljana FIR,0.0,0.0,0.0,0.0,0.0,0.0
01-04 09,London FIR,0.0,0.0,0.0,0.0,0.0,0.0
01-04 09,Madrid FIR,0.0,0.0399,0.065,0.0,0.0,0.0
01-04 09,Malta FIR,0.0,0.0,0.0,0.0,0.0,0.0
01-04 09,Marseille FIR,0.0,0.0,0.0,0.0,0.0,0.0
01-04 09,Milano FIR,0.0,0.0,0.0,0.0,0.0,0.0
01-04 09,Munchen FIR,0.0,0.0,0.0,0.0,0.0,0.0
01-04 09,Paris FIR,0.0,0.0,0.0,0.0,0.0,0.0
01-04 09,Polaris FIR,0.1909,0.0777,0.0008,0.0003,0.0,0.0
01-04 09,Praha FIR,0.0209,0.0,0.0,0.0,0.0,0.0
01-04 09,Reims FIR,0.0,0.0,0.0,0.0,0.0,0.0
01-04 09,Reykjavik FIR,0.0862,0.029,0.0133,0.0,0.0,0.0
01-04 09,Riga FIR,0.0444,0.0077,0.0,0.0,0.0,0.0
01-04 09,Roma FIR,0.0,0.0,0.0,0.0,0.0,0.0
01-04 09,Santa Maria FIR,0.0,0.0007,0.0017,0.0003,0.0009,0.0
01-04 09,Sarajevo FIR,0.0,0.0,0.0,0.0,0.0,0.0
01-04 09,Scottish FIR,0.1093,0.0181,0.0,0.0,0.0,0.0
01-04 09,Shannon FIR,0.0,0.0,0.0,0.0,0.0,0.0
01-04 09,Skopje FIR,0.0,0.0,0.0,0.0,0.0,0.0
01-04 09,Sofia FIR,0.0,0.0,0.0,0.0,0.0,0.0
01-04 09,Sweden FIR,0.0,0.0,0.0,0.0,0.0,0.0
01-04 09,Switzerland FIR,0.0,0.0,0.0,0.0,0.0,0.0
01-04 09,Tallinn FIR,0.0,0.0,0.0,0.0,0.0,0.0
01-04 09,Tirana FIR,0.0,0.0,0.0,0.0,0.0,0.0
01-04 09,Vilnius FIR,0.1006,0.0,0.0,0.0,0.0,0.0
01-04 09,Warszawa FIR,0.0412,0.0,0.0,0.0,0.0,0.0
01-04 09,Wien FIR,0.0,0.0,0.0,0.0,0.0,0.0
01-04 09,Zagreb FIR,0.0,0.0,0.0,0.0,0.0,0.0
01-04 10,Global,0.021,0.0235,0.0201,0.0201,0.0288,0.0279
01-04 10,Europe,0.0191,0.0106,0.0092,0.0001,0.0,0.0
01-04 10,European Airspace,0.0235,0.0142,0.0059,0.0004,0.0,0.0
01-04 10,Africa Middle East,0.0,0.001,0.0017,0.0043,0.0107,0.011
01-04 10,East Asia,0.0044,0.0012,0.0,0.0001,0.0,0.0
01-04 10,Southeast Asia,0.0,0.0,0.0,0.015,0.1241,0.2057
01-04 10,India,0.0011,0.0057,0.0052,0.0038,0.02,0.0364
01-04 10,China,0.0249,0.0143,0.0111,0.0075,0.011,0.0031
01-04 10,Latin America,0.0002,0.0032,0.0088,0.0066,0.016,0.034
01-04 10,USA,0.0232,0.0479,0.0387,0.0127,0.0095,0.0004
01-04 10,North Atlantic,0.0133,0.0029,0.0037,0.0,0.0,0.0
01-04 10,North Pacific,0.061,0.0489,0.027,0.0123,0.0032,0.0
01-04 10,Amsterdam FIR,0.0,0.0,0.0,0.0,0.0,0.0
01-04 10,Athinai FIR,0.0,0.0,0.0,0.0,0.0,0.0
01-04 10,Barcelona FIR,0.0,0.0,0.0023,0.0008,0.0,0.0
01-04 10,Beograd FIR,0.0,0.0,0.0,0.0,0.0,0.0
01-04 10,Bordeaux FIR,0.0,0.0,0.0,0.0,0.0,0.0
01-04 10,Bratislava  FIR,0.0107,0.0,0.0,0.0,0.0,0.0
01-04 10,Bremen FIR,0.0018,0.0077,0.0,0.0,0.0,0.0
01-04 10,Brest FIR,0.0,0.0,0.0,0.0,0.0,0.0
01-04 10,Brindisi FIR,0.0,0.0,0.0,0.0,0.0,0.0
01-04 10,Brussels FIR,0.0,0.0,0.0,0.0,0.0,0.0
01-04 10,Bucarest FIR,0.0179,0.0,0.0,0.0,0.0,0.0
01-04 10,Budapest FIR,0.0,0.0,0.0,0.0,0.0,0.0
01-04 10,Canarias FIR,0.0,0.0,0.0,0.0,0.0,0.0
01-04 10,Chisinau FIR,0.0,0.0,0.0,0.0,0.0,0.0
01-04 10,Copenhagen FIR,0.1131,0.0745,0.0,0.0,0.0,0.0
01-04 10,Helsinki FIR,0.0,0.0145,0.019,0.0,0.0,0.0
01-04 10,Langen FIR,0.0,0.0,0.0,0.0,0.0,0.0
01-04 10,Lisboa FIR,0.0,0.0244,0.0257,0.0,0.0,0.0
01-04 10,Ljubljana FIR,0.0,0.0,0.0,0.0,0.0,0.0
01-04 10,London FIR,0.0,0.0,0.0,0.0,0.0,0.0
01-04 10,Madrid FIR,0.0,0.0372,0.052,0.0003,0.0,0.0
01-04 10,Malta FIR,0.0,0.0,0.0,0.0,0.0,0.0
01-04 10,Marseille FIR,0.0,0.0,0.0,0.0,0.0,0.0
01-04 10,Milano FIR,0.0,0.0,0.0,0.0,0.0,0.0
01-04 10,Munchen FIR,0.0015,0.0,0.0,0.0,0.0,0.0
01-04 10,Paris FIR,0.0,0.0,0.0,0.0,0.0,0.0
01-04 10,Polaris FIR,0.2248,0.0812,0.0,0.0,0.0,0.0
01-04 10,Praha FIR,0.0021,0.0,0.0,0.0,0.0,0.0
01-04 10,Reims FIR,0.0,0.0,0.0,0.0,0.0,0.0
01-04 10,Reykjavik FIR,0.0795,0.0289,0.0126,0.0,0.0,0.0
01-04 10,Riga FIR,0.0461,0.0031,0.0,0.0,0.0,0.0
01-04 10,Roma FIR,0.0,0.0,0.0,0.0,0.0,0.0
01-04 10,Santa Maria FIR,0.0,0.0,0.0012,0.0018,0.0025,0.0
01-04 10,Sarajevo FIR,0.0,0.0,0.0,0.0,0.0,0.0
01-04 10,Scottish FIR,0.1142,0.0164,0.0,0.0,0.0,0.0
01-04 10,Shannon FIR,0.0,0.0,0.0,0.0,0.0,0.0
01-04 10,Skopje FIR,0.0,0.0,0.0,0.0,0.0,0.0
01-04 10,Sofia FIR,0.0026,0.0,0.0,0.0,0.0,0.0
01-04 10,Sweden FIR,0.0,0.0,0.0,0.0,0.0,0.0
01-04 10,Switzerland FIR,0.0,0.0,0.0,0.0,0.0,0.0
01-04 10,Tallinn FIR,0.0,0.0,0.0,0.0,0.0,0.0
01-04 10,Tirana FIR,0.0,0.0,0.0,0.0,0.0,0.0
01-04 10,Vilnius FIR,0.1014,0.0,0.0,0.0,0.0,0.0
01-04 10,Warszawa FIR,0.0375,0.0,0.0,0.0,0.0,0.0
01-04 10,Wien FIR,0.0,0.0,0.0,0.0,0.0,0.0
01-04 10,Zagreb FIR,0.0,0.0,0.0,0.0,0.0,0.0
01-04 11,Global,0.021,0.0232,0.019,0.0199,0.0293,0.0287
01-04 11,Europe,0.0271,0.0146,0.0112,0.0016,0.0,0.0
01-04 11,European Airspace,0.0304,0.0155,0.0066,0.0008,0.0,0.0
01-04 11,Africa Middle East,0.0,0.0018,0.0024,0.0045,0.0117,0.0137
01-04 11,East Asia,0.0045,0.0009,0.0,0.0,0.0,0.0
01-04 11,Southeast Asia,0.0,0.0,0.0,0.0186,0.1338,0.2127
01-04 11,India,0.0008,0.0079,0.0089,0.0052,0.0247,0.0409
01-04 11,China,0.0243,0.0156,0.0125,0.0087,0.0124,0.0035
01-04 11,Latin America,0.0005,0.0022,0.0072,0.0056,0.0167,0.0347
01-04 11,USA,0.0182,0.0405,0.0259,0.0077,0.0066,0.0002
01-04 11,North Atlantic,0.0102,0.0031,0.0049,0.0002,0.0,0.0
01-04 11,North Pacific,0.0626,0.0489,0.0262,0.012,0.0027,0.0
01-04 11,Amsterdam FIR,0.0,0.0,0.0,0.0,0.0,0.0
01-04 11,Athinai FIR,0.0,0.0,0.0,0.0,0.0,0.0
01-04 11,Barcelona FIR,0.0,0.0,0.0423,0.0305,0.0,0.0
01-04 11,Beograd FIR,0.0,0.0,0.0,0.0,0.0,0.0
01-04 11,Bordeaux FIR,0.0,0.0,0.0,0.0,0.0,0.0
01-04 11,Bratislava  FIR,0.0179,0.0,0.0,0.0,0.0,0.0
01-04 11,Bremen FIR,0.0252,0.03,0.0,0.0,0.0,0.0
01-04 11,Brest FIR,0.0,0.0046,0.0,0.0,0.0,0.0
01-04 11,Brindisi FIR,0.0,0.0,0.0,0.0,0.0,0.0
01-04 11,Brussels FIR,0.0,0.0,0.0,0.0,0.0,0.0
01-04 11,Bucarest FIR,0.0558,0.0,0.0,0.0,0.0,0.0
01-04 11,Budapest FIR,0.0,0.0,0.0,0.0,0.0,0.0
01-04 11,Canarias FIR,0.0,0.0,0.0,0.0,0.0,0.0
01-04 11,Chisinau FIR,0.0,0.0,0.0,0.0,0.0,0.0
01-04 11,Copenhagen FIR,0.2802,0.1275,0.0,0.0,0.0,0.0
01-04 11,Helsinki FIR,0.0,0.0053,0.0053,0.0,0.0,0.0
01-04 11,Langen FIR,0.0,0.0,0.0,0.0,0.0,0.0
01-04 11,Lisboa FIR,0.0016,0.0276,0.0227,0.0,0.0,0.0
01-04 11,Ljubljana FIR,0.0,0.0,0.0,0.0,0.0,0.0
01-04 11,London FIR,0.0084,0.0,0.0,0.0,0.0,0.0
01-04 11,Madrid FIR,0.0,0.0495,0.0577,0.0033,0.0,0.0
01-04 11,Malta FIR,0.0,0.0,0.0,0.0,0.0,0.0
01-04 11,Marseille FIR,0.0,0.0,0.0,0.0,0.0,0.0
01-04 11,Milano FIR,0.0,0.0,0.0,0.0,0.0,0.0
01-04 11,Munchen FIR,0.0031,0.0,0.0,0.0,0.0,0.0
01-04 11,Paris FIR,0.0,0.0,0.0,0.0,0.0,0.0
01-04 11,Polaris FIR,0.2536,0.0759,0.0,0.0,0.0,0.0
01-04 11,Praha FIR,0.0,0.0,0.0,0.0,0.0,0.0
01-04 11,Reims FIR,0.0,0.0,0.0,0.0,0.0,0.0
01-04 11,Reykjavik FIR,0.0825,0.0283,0.0121,0.0,0.0,0.0
01-04 11,Riga FIR,0.0292,0.0,0.0,0.0,0.0,0.0
01-04 11,Roma FIR,0.0,0.0,0.0,0.0,0.0,0.0
01-04 11,Santa Maria FIR,0.0,0.0,0.002,0.004,0.0036,0.0
01-04 11,Sarajevo FIR,0.0,0.0,0.0,0.0,0.0,0.0
01-04 11,Scottish FIR,0.1373,0.0165,0.0,0.0,0.0,0.0
01-04 11,Shannon FIR,0.0,0.0,0.0,0.0,0.0,0.0
01-04 11,Skopje FIR,0.0,0.0,0.0,0.0,0.0,0.0
01-04 11,Sofia FIR,0.0013,0.0,0.0,0.0,0.0,0.0
01-04 11,Sweden FIR,0.0,0.0002,0.0,0.0,0.0,0.0
01-04 11,Switzerland FIR,0.0,0.0,0.0,0.0,0.0,0.0
01-04 11,Tallinn FIR,0.0,0.0,0.0,0.0,0.0,0.0
01-04 11,Tirana FIR,0.0,0.0,0.0,0.0,0.0,0.0
01-04 11,Vilnius FIR,0.1383,0.0,0.0,0.0,0.0,0.0
01-04 11,Warszawa FIR,0.0401,0.0,0.0,0.0,0.0,0.0
01-04 11,Wien FIR,0.0,0.0,0.0,0.0,0.0,0.0
01-04 11,Zagreb FIR,0.0,0.0,0.0,0.0,0.0,0.0
01-04 12,Global,0.0209,0.0219,0.0175,0.02,0.029,0.0293
01-04 12,Europe,0.0381,0.0226,0.0201,0.0042,0.0,0.0
01-04 12,European Airspace,0.0381,0.0186,0.0086,0.0013,0.0,0.0
01-04 12,Africa Middle East,0.0001,0.0033,0.0037,0.0058,0.0152,0.018
01-04 12,East Asia,0.0047,0.0006,0.0,0.0,0.0,0.0
01-04 12,Southeast Asia,0.0,0.0,0.0,0.0211,0.1402,0.2162
01-04 12,India,0.0004,0.0097,0.0095,0.0052,0.0259,0.0438
01-04 12,China,0.024,0.0175,0.0141,0.01,0.0135,0.0032
01-04 12,Latin America,0.001,0.002,0.0053,0.0058,0.0174,0.0332
01-04 12,USA,0.0133,0.0265,0.0132,0.0039,0.0022,0.0
01-04 12,North Atlantic,0.0113,0.0052,0.0068,0.0011,0.0,0.0
01-04 12,North Pacific,0.0625,0.0498,0.0256,0.0112,0.0016,0.0
01-04 12,Amsterdam FIR,0.0,0.0,0.0,0.0,0.0,0.0
01-04 12,Athinai FIR,0.0,0.0,0.0,0.0,0.0,0.0
01-04 12,Barcelona FIR,0.0,0.0,0.1773,0.0814,0.0,0.0
01-04 12,Beograd FIR,0.0,0.0,0.0,0.0,0.0,0.0
01-04 12,Bordeaux FIR,0.0,0.0464,0.0266,0.0,0.0,0.0
01-04 12,Bratislava  FIR,0.0357,0.0,0.0,0.0,0.0,0.0
01-04 12,Bremen FIR,0.1211,0.0439,0.0,0.0,0.0,0.0
01-04 12,Brest FIR,0.0,0.0285,0.0,0.0,0.0,0.0
01-04 12,Brindisi FIR,0.0,0.0,0.0,0.0,0.0,0.0
01-04 12,Brussels FIR,0.0,0.0,0.0,0.0,0.0,0.0
01-04 12,Bucarest FIR,0.0527,0.0,0.0,0.0,0.0,0.0
01-04 12,Budapest FIR,0.0,0.0,0.0,0.0,0.0,0.0
01-04 12,Canarias FIR,0.0,0.0,0.0,0.0,0.0,0.0
01-04 12,Chisinau FIR,0.0736,0.0097,0.0,0.0,0.0,0.0
01-04 12,Copenhagen FIR,0.4534,0.1323,0.0,0.0,0.0,0.0
01-04 12,Helsinki FIR,0.0,0.0007,0.0,0.0,0.0,0.0
01-04 12,Langen FIR,0.0,0.0,0.0,0.0,0.0,0.0
01-04 12,Lisboa FIR,0.0025,0.0369,0.0207,0.0,0.0,0.0
01-04 12,Ljubljana FIR,0.0,0.0,0.0,0.0,0.0,0.0
01-04 12,London FIR,0.0599,0.0,0.0,0.0,0.0,0.0
01-04 12,Madrid FIR,0.0003,0.0965,0.0881,0.006,0.0,0.0
01-04 12,Malta FIR,0.0,0.0,0.0,0.0,0.0,0.0
01-04 12,Marseille FIR,0.0,0.0006,0.0,0.0,0.0,0.0
01-04 12,Milano FIR,0.0,0.0,0.0,0.0,0.0,0.0
01-04 12,Munchen FIR,0.0031,0.0,0.0,0.0,0.0,0.0
01-04 12,Paris FIR,0.0,0.0282,0.0,0.0,0.0,0.0
01-04 12,Polaris FIR,0.2579,0.0732,0.0002,0.0,0.0,0.0
01-04 12,Praha FIR,0.0,0.0,0.0,0.0,0.0,0.0
01-04 12,Reims FIR,0.0,0.0,0.0,0.0,0.0,0.0
01-04 12,Reykjavik FIR,0.0922,0.0301,0.012,0.0,0.0,0.0
01-04 12,Riga FIR,0.0077,0.0,0.0,0.0,0.0,0.0
01-04 12,Roma FIR,0.0,0.0,0.0,0.0,0.0,0.0
01-04 12,Santa Maria FIR,0.0,0.0,0.0031,0.0124,0.0108,0.0001
01-04 12,Sarajevo FIR,0.0,0.0,0.0,0.0,0.0,0.0
01-04 12,Scottish FIR,0.1633,0.017,0.0,0.0,0.0,0.0
01-04 12,Shannon FIR,0.0,0.0,0.0,0.0,0.0,0.0
01-04 12,Skopje FIR,0.0,0.0,0.0,0.0,0.0,0.0
01-04 12,Sofia FIR,0.0,0.0,0.0,0.0,0.0,0.0
01-04 12,Sweden FIR,0.0,0.0014,0.0,0.0,0.0,0.0
01-04 12,Switzerland FIR,0.0,0.0,0.0,0.0,0.0,0.0
01-04 12,Tallinn FIR,0.0,0.0,0.0,0.0,0.0,0.0
01-04 12,Tirana FIR,0.0,0.0,0.0,0.0,0.0,0.0
01-04 12,Vilnius FIR,0.1398,0.0,0.0,0.0,0.0,0.0
01-04 12,Warszawa FIR,0.0391,0.0,0.0,0.0,0.0,0.0
01-04 12,Wien FIR,0.0,0.0,0.0,0.0,0.0,0.0
01-04 12,Zagreb FIR,0.0,0.0,0.0,0.0,0.0,0.0
01-04 13,Global,0.0209,0.0206,0.0169,0.0196,0.0288,0.0293
01-04 13,Europe,0.0463,0.0415,0.0412,0.0052,0.0,0.0
01-04 13,European Airspace,0.0429,0.0234,0.0141,0.0018,0.0,0.0
01-04 13,Africa Middle East,0.0001,0.0045,0.0055,0.0085,0.022,0.0228
01-04 13,East Asia,0.0053,0.0007,0.0,0.0,0.0,0.0
01-04 13,Southeast Asia,0.0,0.0,0.0,0.0234,0.1452,0.221
01-04 13,India,0.0001,0.0109,0.0094,0.0053,0.0256,0.0455
01-04 13,China,0.023,0.0189,0.0156,0.0122,0.0141,0.0028
01-04 13,Latin America,0.0014,0.002,0.0045,0.0058,0.018,0.0298
01-04 13,USA,0.0077,0.0139,0.0084,0.0027,0.0008,0.0
01-04 13,North Atlantic,0.0138,0.0072,0.0115,0.0042,0.0,0.0
01-04 13,North Pacific,0.0616,0.0516,0.0253,0.0084,0.0009,0.0
01-04 13,Amsterdam FIR,0.0,0.0,0.0,0.0,0.0,0.0
01-04 13,Athinai FIR,0.0,0.0,0.0,0.0,0.0,0.0
01-04 13,Barcelona FIR,0.0,0.0241,0.3334,0.1151,0.0,0.0
01-04 13,Beograd FIR,0.0,0.0,0.0,0.0,0.0,0.0
01-04 13,Bordeaux FIR,0.0281,0.1964,0.1291,0.0,0.0,0.0
01-04 13,Bratislava  FIR,0.0179,0.0,0.0,0.0,0.0,0.0
01-04 13,Bremen FIR,0.161,0.0474,0.0,0.0,0.0,0.0
01-04 13,Brest FIR,0.0018,0.0101,0.0006,0.0,0.0,0.0
01-04 13,Brindisi FIR,0.0,0.0,0.0,0.0,0.0,0.0
01-04 13,Brussels FIR,0.0,0.0,0.0,0.0,0.0,0.0
01-04 13,Bucarest FIR,0.0384,0.0,0.0,0.0,0.0,0.0
01-04 13,Budapest FIR,0.0,0.0,0.0,0.0,0.0,0.0
01-04 13,Canarias FIR,0.0,0.0,0.0,0.0,0.0,0.0
01-04 13,Chisinau FIR,0.1241,0.0,0.0,0.0,0.0,0.0
01-04 13,Copenhagen FIR,0.5078,0.0983,0.0,0.0,0.0,0.0
01-04 13,Helsinki FIR,0.0,0.0,0.0,0.0,0.0,0.0
01-04 13,Langen FIR,0.0,0.0,0.0,0.0,0.0,0.0
01-04 13,Lisboa FIR,0.0016,0.0352,0.0233,0.0,0.0,0.0
01-04 13,Ljubljana FIR,0.0,0.0,0.0,0.0,0.0,0.0
01-04 13,London FIR,0.0806,0.0,0.0,0.0,0.0,0.0
01-04 13,Madrid FIR,0.0049,0.2306,0.2,0.0017,0.0,0.0
01-04 13,Malta FIR,0.0,0.0,0.0,0.0,0.0,0.0
01-04 13,Marseille FIR,0.0,0.0122,0.0119,0.0,0.0,0.0
01-04 13,Milano FIR,0.0,0.0,0.0,0.0,0.0,0.0
01-04 13,Munchen FIR,0.0077,0.0,0.0,0.0,0.0,0.0
01-04 13,Paris FIR,0.0792,0.1071,0.0,0.0,0.0,0.0
01-04 13,Polaris FIR,0.2613,0.0712,0.0,0.0,0.0,0.0
01-04 13,Praha FIR,0.0,0.0,0.0,0.0,0.0,0.0
01-04 13,Reims FIR,0.0158,0.0451,0.0,0.0,0.0,0.0
01-04 13,Reykjavik FIR,0.0989,0.0313,0.0109,0.0,0.0,0.0
01-04 13,Riga FIR,0.0031,0.0,0.0,0.0,0.0,0.0
01-04 13,Roma FIR,0.0,0.0,0.0,0.0,0.0,0.0
01-04 13,Santa Maria FIR,0.0,0.0,0.0065,0.0298,0.0189,0.0
01-04 13,Sarajevo FIR,0.0,0.0,0.0,0.0,0.0,0.0
01-04 13,Scottish FIR,0.1904,0.0181,0.0,0.0,0.0,0.0
01-04 13,Shannon FIR,0.0,0.0,0.0,0.0,0.0,0.0
01-04 13,Skopje FIR,0.0,0.0,0.0,0.0,0.0,0.0
01-04 13,Sofia FIR,0.0,0.0,0.0,0.0,0.0,0.0
01-04 13,Sweden FIR,0.0005,0.0041,0.0,0.0,0.0,0.0
01-04 13,Switzerland FIR,0.0,0.0041,0.0,0.0,0.0,0.0
01-04 13,Tallinn FIR,0.0,0.0,0.0,0.0,0.0,0.0
01-04 13,Tirana FIR,0.0,0.0,0.0,0.0,0.0,0.0
01-04 13,Vilnius FIR,0.1376,0.0,0.0,0.0,0.0,0.0
01-04 13,Warszawa FIR,0.0331,0.0,0.0,0.0,0.0,0.0
01-04 13,Wien FIR,0.0,0.0,0.0,0.0,0.0,0.0
01-04 13,Zagreb FIR,0.0,0.0,0.0,0.0,0.0,0.0
01-04 14,Global,0.0207,0.0204,0.0169,0.0193,0.0284,0.0287
01-04 14,Europe,0.0601,0.08,0.0616,0.0059,0.0,0.0
01-04 14,European Airspace,0.0482,0.0324,0.0194,0.0029,0.0011,0.0
01-04 14,Africa Middle East,0.0001,0.0066,0.0073,0.0119,0.0294,0.0273
01-04 14,East Asia,0.0064,0.0011,0.0,0.0,0.0,0.0
01-04 14,Southeast Asia,0.0,0.0,0.0,0.0261,0.1489,0.2229
01-04 14,India,0.0001,0.0111,0.0087,0.0043,0.0258,0.0435
01-04 14,China,0.0233,0.0202,0.0178,0.0145,0.0151,0.0025
01-04 14,Latin America,0.0016,0.0019,0.0041,0.0053,0.0176,0.0269
01-04 14,USA,0.0011,0.0075,0.0072,0.0028,0.0009,0.0
01-04 14,North Atlantic,0.0148,0.0099,0.0209,0.0093,0.0,0.0
01-04 14,North Pacific,0.0569,0.0515,0.0232,0.0055,0.0005,0.0
01-04 14,Amsterdam FIR,0.0068,0.0,0.0,0.0,0.0,0.0
01-04 14,Athinai FIR,0.0,0.0,0.0,0.0,0.0,0.0
01-04 14,Barcelona FIR,0.0136,0.2366,0.5485,0.126,0.0,0.0
01-04 14,Beograd FIR,0.0,0.0,0.0,0.0,0.0,0.0
01-04 14,Bordeaux FIR,0.2476,0.6247,0.2388,0.0,0.0,0.0
01-04 14,Bratislava  FIR,0.0036,0.0,0.0,0.0,0.0,0.0
01-04 14,Bremen FIR,0.1582,0.0509,0.0,0.0,0.0,0.0
01-04 14,Brest FIR,0.0228,0.0272,0.0,0.0,0.0,0.0
01-04 14,Brindisi FIR,0.0,0.0,0.0,0.0,0.0,0.0
01-04 14,Brussels FIR,0.0,0.0,0.0,0.0,0.0,0.0
01-04 14,Bucarest FIR,0.0164,0.0,0.0,0.0,0.0,0.0
01-04 14,Budapest FIR,0.0,0.0,0.0,0.0,0.0,0.0
01-04 14,Canarias FIR,0.0,0.0,0.0,0.0,0.0,0.0
01-04 14,Chisinau FIR,0.0951,0.0,0.0,0.0,0.0,0.0
01-04 14,Copenhagen FIR,0.4596,0.0511,0.0,0.0,0.0,0.0
01-04 14,Helsinki FIR,0.0,0.0,0.0,0.0,0.0,0.0
01-04 14,Langen FIR,0.0,0.0,0.0,0.0,0.0,0.0
01-04 14,Lisboa FIR,0.0012,0.0281,0.0156,0.0,0.0,0.0
01-04 14,Ljubljana FIR,0.0,0.0,0.0,0.0,0.0,0.0
01-04 14,London FIR,0.0855,0.0,0.0,0.0,0.0,0.0
01-04 14,Madrid FIR,0.0308,0.3499,0.2363,0.0,0.0,0.0
01-04 14,Malta FIR,0.0,0.0,0.0,0.0,0.0,0.0
01-04 14,Marseille FIR,0.0088,0.0776,0.0908,0.0051,0.0,0.0
01-04 14,Milano FIR,0.0,0.0,0.0,0.0,0.0,0.0
01-04 14,Munchen FIR,0.0093,0.0,0.0,0.0,0.0,0.0
01-04 14,Paris FIR,0.1692,0.1843,0.0,0.0,0.0,0.0
01-04 14,Polaris FIR,0.2484,0.0692,0.0,0.0,0.0,0.0
01-04 14,Praha FIR,0.0063,0.0,0.0,0.0,0.0,0.0
01-04 14,Reims FIR,0.1889,0.0374,0.0,0.0,0.0,0.0
01-04 14,Reykjavik FIR,0.1057,0.0328,0.0093,0.0,0.0,0.0
01-04 14,Riga FIR,0.0,0.0,0.0,0.0,0.0,0.0
01-04 14,Roma FIR,0.0,0.0,0.0,0.0,0.0,0.0
01-04 14,Santa Maria FIR,0.0,0.0,0.0155,0.0558,0.0309,0.0
01-04 14,Sarajevo FIR,0.0,0.0,0.0,0.0,0.0,0.0
01-04 14,Scottish FIR,0.2255,0.0225,0.0,0.0,0.0,0.0
01-04 14,Shannon FIR,0.002,0.0,0.0,0.0,0.0,0.0
01-04 14,Skopje FIR,0.0,0.0,0.0,0.0,0.0,0.0
01-04 14,Sofia FIR,0.0,0.0,0.0,0.0,0.0,0.0
01-04 14,Sweden FIR,0.0014,0.0041,0.0,0.0,0.0,0.0
01-04 14,Switzerland FIR,0.0408,0.0612,0.0,0.0,0.0,0.0
01-04 14,Tallinn FIR,0.0,0.0,0.0,0.0,0.0,0.0
01-04 14,Tirana FIR,0.0,0.0,0.0,0.0,0.0,0.0
01-04 14,Vilnius FIR,0.1585,0.0,0.0,0.0,0.0,0.0
01-04 14,Warszawa FIR,0.0387,0.0013,0.0,0.0,0.0,0.0
01-04 14,Wien FIR,0.0,0.0,0.0,0.0,0.0,0.0
01-04 14,Zagreb FIR,0.0,0.0,0.0,0.0,0.0,0.0
01-04 15,Global,0.0202,0.0204,0.0169,0.0189,0.0274,0.0277
01-04 15,Europe,0.0777,0.1045,0.0732,0.0058,0.0,0.0
01-04 15,European Airspace,0.0531,0.0387,0.0219,0.0054,0.0041,0.0
01-04 15,Africa Middle East,0.0001,0.008,0.0077,0.0148,0.0343,0.0306
01-04 15,East Asia,0.0071,0.0013,0.0,0.0,0.0,0.0
01-04 15,Southeast Asia,0.0,0.0,0.0,0.0277,0.1495,0.2237
01-04 15,India,0.0001,0.0104,0.0077,0.0038,0.0241,0.0393
01-04 15,China,0.0238,0.0216,0.0209,0.0162,0.0163,0.0016
01-04 15,Latin America,0.0014,0.0019,0.0041,0.0051,0.0153,0.025
01-04 15,USA,0.0,0.0054,0.0073,0.0022,0.0008,0.0
01-04 15,North Atlantic,0.0163,0.0191,0.0343,0.0147,0.0,0.0
01-04 15,North Pacific,0.0474,0.0493,0.0202,0.0035,0.0003,0.0
01-04 15,Amsterdam FIR,0.0085,0.0,0.0,0.0,0.0,0.0
01-04 15,Athinai FIR,0.0,0.0,0.0,0.0,0.0,0.0
01-04 15,Barcelona FIR,0.0279,0.4324,0.6544,0.1099,0.0,0.0
01-04 15,Beograd FIR,0.0,0.0,0.0,0.0,0.0,0.0
01-04 15,Bordeaux FIR,0.4593,0.7678,0.2717,0.0,0.0,0.0
01-04 15,Bratislava  FIR,0.025,0.0,0.0,0.0,0.0,0.0
01-04 15,Bremen FIR,0.1679,0.0475,0.0,0.0,0.0,0.0
01-04 15,Brest FIR,0.075,0.0265,0.0,0.0,0.0,0.0
01-04 15,Brindisi FIR,0.0,0.0,0.0,0.0,0.0,0.0
01-04 15,Brussels FIR,0.0138,0.0046,0.0,0.0,0.0,0.0
01-04 15,Bucarest FIR,0.0036,0.0,0.0,0.0,0.0,0.0
01-04 15,Budapest FIR,0.0,0.0,0.0,0.0,0.0,0.0
01-04 15,Canarias FIR,0.0,0.0,0.0,0.0,0.0,0.0
01-04 15,Chisinau FIR,0.0253,0.0,0.0,0.0,0.0,0.0
01-04 15,Copenhagen FIR,0.3972,0.0273,0.0,0.0,0.0,0.0
01-04 15,Helsinki FIR,0.0,0.0,0.0,0.0,0.0,0.0
01-04 15,Langen FIR,0.0,0.0015,0.0,0.0,0.0,0.0
01-04 15,Lisboa FIR,0.0018,0.0181,0.0063,0.0,0.0,0.0
01-04 15,Ljubljana FIR,0.0,0.0,0.0,0.0,0.0,0.0
01-04 15,London FIR,0.0594,0.002,0.0,0.0,0.0,0.0
01-04 15,Madrid FIR,0.0654,0.359,0.2111,0.0,0.0,0.0
01-04 15,Malta FIR,0.0,0.0,0.0,0.0,0.0,0.0
01-04 15,Marseille FIR,0.1135,0.2826,0.2337,0.0217,0.0,0.0
01-04 15,Milano FIR,0.0,0.0033,0.0,0.0,0.0,0.0
01-04 15,Munchen FIR,0.0,0.0,0.0,0.0,0.0,0.0
01-04 15,Paris FIR,0.2089,0.185,0.0,0.0,0.0,0.0
01-04 15,Polaris FIR,0.2218,0.0696,0.0,0.0,0.0,0.0
01-04 15,Praha FIR,0.0,0.0,0.0,0.0,0.0,0.0
01-04 15,Reims FIR,0.2893,0.0713,0.0,0.0,0.0,0.0
01-04 15,Reykjavik FIR,0.1087,0.0338,0.0078,0.0,0.0,0.0
01-04 15,Riga FIR,0.0046,0.0077,0.0,0.0,0.0,0.0
01-04 15,Roma FIR,0.0,0.0033,0.0005,0.0,0.0,0.0
01-04 15,Santa Maria FIR,0.0,0.0001,0.0314,0.089,0.0476,0.0
01-04 15,Sarajevo FIR,0.0,0.0,0.0,0.0,0.0,0.0
01-04 15,Scottish FIR,0.2878,0.0256,0.0,0.0,0.0,0.0
01-04 15,Shannon FIR,0.0094,0.0,0.0,0.0,0.0,0.0
01-04 15,Skopje FIR,0.0,0.0,0.0,0.0,0.0,0.0
01-04 15,Sofia FIR,0.0184,0.0,0.0,0.0,0.0,0.0
01-04 15,Sweden FIR,0.0002,0.0017,0.0,0.0,0.0,0.0
01-04 15,Switzerland FIR,0.0612,0.0204,0.0,0.0,0.0,0.0
01-04 15,Tallinn FIR,0.0,0.0,0.0,0.0,0.0,0.0
01-04 15,Tirana FIR,0.0,0.0,0.0,0.0,0.0,0.0
01-04 15,Vilnius FIR,0.1297,0.0,0.0,0.0,0.0,0.0
01-04 15,Warszawa FIR,0.0372,0.0048,0.0,0.0,0.0,0.0
01-04 15,Wien FIR,0.0,0.0,0.0,0.0,0.0,0.0
01-04 15,Zagreb FIR,0.0,0.0,0.0,0.0,0.0,0.0
01-04 16,Global,0.0195,0.02,0.0175,0.0193,0.0254,0.0261
01-04 16,Europe,0.0787,0.1162,0.08,0.0063,0.0,0.0
01-04 16,European Airspace,0.053,0.0421,0.025,0.009,0.0062,0.0
01-04 16,Africa Middle East,0.0002,0.0081,0.0071,0.0193,0.0356,0.0319
01-04 16,East Asia,0.0081,0.0012,0.0,0.0,0.0,0.0
01-04 16,Southeast Asia,0.0,0.0,0.0,0.0281,0.147,0.2219
01-04 16,India,0.0,0.0089,0.0065,0.003,0.0211,0.0353
01-04 16,China,0.0225,0.0223,0.0225,0.0171,0.0151,0.0009
01-04 16,Latin America,0.0008,0.0021,0.0041,0.0056,0.0149,0.0267
01-04 16,USA,0.0,0.0051,0.0084,0.0018,0.0005,0.0
01-04 16,North Atlantic,0.0186,0.0299,0.0493,0.0175,0.0,0.0
01-04 16,North Pacific,0.0395,0.0439,0.0179,0.003,0.0001,0.0
01-04 16,Amsterdam FIR,0.0051,0.0,0.0,0.0,0.0,0.0
01-04 16,Athinai FIR,0.0,0.0,0.0,0.0,0.0,0.0
01-04 16,Barcelona FIR,0.0316,0.5669,0.6791,0.1005,0.0,0.0
01-04 16,Beograd FIR,0.0,0.0,0.0,0.0,0.0,0.0
01-04 16,Bordeaux FIR,0.4305,0.7393,0.2435,0.0,0.0,0.0
01-04 16,Bratislava  FIR,0.0179,0.0,0.0,0.0,0.0,0.0
01-04 16,Bremen FIR,0.1745,0.0355,0.0,0.0,0.0,0.0
01-04 16,Brest FIR,0.058,0.0112,0.0,0.0,0.0,0.0
01-04 16,Brindisi FIR,0.0,0.0,0.0,0.0,0.0,0.0
01-04 16,Brussels FIR,0.2255,0.0966,0.0,0.0,0.0,0.0
01-04 16,Bucarest FIR,0.0157,0.0,0.0,0.0,0.0,0.0
01-04 16,Budapest FIR,0.0,0.0,0.0,0.0,0.0,0.0
01-04 16,Canarias FIR,0.0,0.0,0.0,0.0,0.0,0.0
01-04 16,Chisinau FIR,0.0201,0.0,0.0,0.0,0.0,0.0
01-04 16,Copenhagen FIR,0.3026,0.0176,0.0,0.0,0.0,0.0
01-04 16,Helsinki FIR,0.0,0.0,0.0,0.0,0.0,0.0
01-04 16,Langen FIR,0.0059,0.0,0.0,0.0,0.0,0.0
01-04 16,Lisboa FIR,0.0009,0.0003,0.0009,0.0,0.0,0.0
01-04 16,Ljubljana FIR,0.0,0.0,0.0,0.0,0.0,0.0
01-04 16,London FIR,0.0528,0.004,0.0,0.0,0.0,0.0
01-04 16,Madrid FIR,0.0413,0.3276,0.1859,0.0,0.0,0.0
01-04 16,Malta FIR,0.0,0.0,0.0,0.0,0.0,0.0
01-04 16,Marseille FIR,0.2154,0.4915,0.3868,0.0421,0.0,0.0
01-04 16,Milano FIR,0.0088,0.0684,0.0132,0.0,0.0,0.0
01-04 16,Munchen FIR,0.0,0.0,0.0,0.0,0.0,0.0
01-04 16,Paris FIR,0.2301,0.1536,0.0,0.0,0.0,0.0
01-04 16,Polaris FIR,0.1899,0.0693,0.0,0.0,0.0,0.0
01-04 16,Praha FIR,0.0,0.0,0.0,0.0,0.0,0.0
01-04 16,Reims FIR,0.2571,0.0218,0.0,0.0,0.0,0.0
01-04 16,Reykjavik FIR,0.1099,0.035,0.0059,0.0,0.0,0.0
01-04 16,Riga FIR,0.0307,0.0062,0.0,0.0,0.0,0.0
01-04 16,Roma FIR,0.0,0.026,0.0169,0.0009,0.0,0.0
01-04 16,Santa Maria FIR,0.0001,0.0017,0.0567,0.1333,0.0561,0.0
01-04 16,Sarajevo FIR,0.0,0.0,0.0,0.0,0.0,0.0
01-04 16,Scottish FIR,0.3237,0.0313,0.0,0.0,0.0,0.0
01-04 16,Shannon FIR,0.023,0.0,0.0,0.0,0.0,0.0
01-04 16,Skopje FIR,0.0,0.0,0.0,0.0,0.0,0.0
01-04 16,Sofia FIR,0.025,0.0,0.0,0.0,0.0,0.0
01-04 16,Sweden FIR,0.0,0.0,0.0,0.0,0.0,0.0
01-04 16,Switzerland FIR,0.0245,0.0,0.0,0.0,0.0,0.0
01-04 16,Tallinn FIR,0.0,0.0,0.0,0.0,0.0,0.0
01-04 16,Tirana FIR,0.0,0.0,0.0,0.0,0.0,0.0
01-04 16,Vilnius FIR,0.0822,0.0,0.0,0.0,0.0,0.0
01-04 16,Warszawa FIR,0.0349,0.0083,0.0,0.0,0.0,0.0
01-04 16,Wien FIR,0.0,0.0,0.0,0.0,0.0,0.0
01-04 16,Zagreb FIR,0.0,0.0,0.0,0.0,0.0,0.0
01-04 17,Global,0.0187,0.0198,0.0182,0.0193,0.0233,0.0245
01-04 17,Europe,0.0714,0.1192,0.0892,0.0084,0.0,0.0
01-04 17,European Airspace,0.0504,0.0437,0.0303,0.0124,0.0076,0.0
01-04 17,Africa Middle East,0.0004,0.0078,0.0067,0.0197,0.0352,0.0322
01-04 17,East Asia,0.0087,0.0013,0.0,0.0,0.0,0.0
01-04 17,Southeast Asia,0.0,0.0,0.0,0.0263,0.1415,0.2169
01-04 17,India,0.0,0.0077,0.0058,0.0026,0.0188,0.0336
01-04 17,China,0.0207,0.0236,0.0245,0.0168,0.0121,0.0006
01-04 17,Latin America,0.0007,0.0023,0.0053,0.0081,0.0188,0.0305
01-04 17,USA,0.0004,0.006,0.0103,0.0021,0.0003,0.0
01-04 17,North Atlantic,0.0232,0.0424,0.0578,0.0206,0.0003,0.0
01-04 17,North Pacific,0.0341,0.0363,0.0148,0.0033,0.0004,0.0
01-04 17,Amsterdam FIR,0.0,0.0034,0.0,0.0,0.0,0.0
01-04 17,Athinai FIR,0.0,0.0,0.0,0.0,0.0,0.0
01-04 17,Barcelona FIR,0.0252,0.6575,0.6956,0.1077,0.0,0.0
01-04 17,Beograd FIR,0.0,0.0,0.0,0.0,0.0,0.0
01-04 17,Bordeaux FIR,0.3093,0.5485,0.2017,0.0034,0.0,0.0
01-04 17,Bratislava  FIR,0.0,0.0,0.0,0.0,0.0,0.0
01-04 17,Bremen FIR,0.1593,0.0261,0.0,0.0,0.0,0.0
01-04 17,Brest FIR,0.0263,0.0,0.0,0.0,0.0,0.0
01-04 17,Brindisi FIR,0.0,0.0,0.0,0.0,0.0,0.0
01-04 17,Brussels FIR,0.4097,0.2023,0.0,0.0,0.0,0.0
01-04 17,Bucarest FIR,0.0185,0.0,0.0,0.0,0.0,0.0
01-04 17,Budapest FIR,0.0,0.0,0.0,0.0,0.0,0.0
01-04 17,Canarias FIR,0.0,0.0,0.0,0.0,0.0,0.0
01-04 17,Chisinau FIR,0.0605,0.0,0.0,0.0,0.0,0.0
01-04 17,Copenhagen FIR,0.1867,0.0022,0.0,0.0,0.0,0.0
01-04 17,Helsinki FIR,0.0,0.0,0.0,0.0,0.0,0.0
01-04 17,Langen FIR,0.0415,0.0115,0.0,0.0,0.0,0.0
01-04 17,Lisboa FIR,0.0,0.0,0.0,0.0,0.0,0.0
01-04 17,Ljubljana FIR,0.0,0.0,0.0,0.0,0.0,0.0
01-04 17,London FIR,0.0547,0.0061,0.0,0.0,0.0,0.0
01-04 17,Madrid FIR,0.0144,0.2663,0.1672,0.0,0.0,0.0
01-04 17,Malta FIR,0.0,0.0,0.0,0.0,0.0,0.0
01-04 17,Marseille FIR,0.2057,0.628,0.5294,0.0642,0.0,0.0
01-04 17,Milano FIR,0.0762,0.1423,0.0497,0.0,0.0,0.0
01-04 17,Munchen FIR,0.0,0.0,0.0,0.0,0.0,0.0
01-04 17,Paris FIR,0.1865,0.0957,0.0,0.0,0.0,0.0
01-04 17,Polaris FIR,0.1657,0.0646,0.0,0.0,0.0,0.0
01-04 17,Praha FIR,0.0,0.0,0.0,0.0,0.0,0.0
01-04 17,Reims FIR,0.4172,0.1372,0.0,0.0,0.0,0.0
01-04 17,Reykjavik FIR,0.1151,0.0359,0.0064,0.0,0.0,0.0
01-04 17,Riga FIR,0.0552,0.0,0.0,0.0,0.0,0.0
01-04 17,Roma FIR,0.0,0.0569,0.0603,0.0091,0.0,0.0
01-04 17,Santa Maria FIR,0.0,0.0105,0.0943,0.1835,0.0575,0.0
01-04 17,Sarajevo FIR,0.0,0.0,0.0,0.0,0.0,0.0
01-04 17,Scottish FIR,0.3179,0.027,0.0,0.0,0.0,0.0
01-04 17,Shannon FIR,0.0312,0.0,0.0,0.0,0.0,0.0
01-04 17,Skopje FIR,0.0,0.0,0.0,0.0,0.0,0.0
01-04 17,Sofia FIR,0.0249,0.0,0.0,0.0,0.0,0.0
01-04 17,Sweden FIR,0.0,0.0,0.0,0.0,0.0,0.0
01-04 17,Switzerland FIR,0.0696,0.0659,0.0083,0.0,0.0,0.0
01-04 17,Tallinn FIR,0.0,0.0,0.0,0.0,0.0,0.0
01-04 17,Tirana FIR,0.0,0.0,0.0,0.0,0.0,0.0
01-04 17,Vilnius FIR,0.0649,0.0,0.0,0.0,0.0,0.0
01-04 17,Warszawa FIR,0.0472,0.0146,0.0,0.0,0.0,0.0
01-04 17,Wien FIR,0.0,0.0,0.0,0.0,0.0,0.0
01-04 17,Zagreb FIR,0.0,0.0,0.0,0.0,0.0,0.0
01-04 18,Global,0.0177,0.0199,0.0193,0.019,0.0218,0.0233
01-04 18,Europe,0.0672,0.1214,0.0994,0.011,0.0,0.0
01-04 18,European Airspace,0.0474,0.044,0.0355,0.0153,0.0082,0.0
01-04 18,Africa Middle East,0.0004,0.0076,0.0069,0.0179,0.0342,0.0314
01-04 18,East Asia,0.008,0.0014,0.0,0.0,0.0,0.0
01-04 18,Southeast Asia,0.0,0.0,0.0,0.0235,0.134,0.2036
01-04 18,India,0.0002,0.0069,0.0053,0.0027,0.0166,0.0336
01-04 18,China,0.0189,0.026,0.0266,0.0162,0.0094,0.0004
01-04 18,Latin America,0.0006,0.0031,0.0096,0.0139,0.0254,0.0368
01-04 18,USA,0.0011,0.0086,0.0148,0.0024,0.0,0.0
01-04 18,North Atlantic,0.027,0.0443,0.0603,0.02,0.0,0.0
01-04 18,North Pacific,0.0276,0.0271,0.0144,0.004,0.0006,0.0
01-04 18,Amsterdam FIR,0.0,0.0118,0.0,0.0,0.0,0.0
01-04 18,Athinai FIR,0.0,0.0,0.0,0.0,0.0,0.0
01-04 18,Barcelona FIR,0.0289,0.6703,0.729,0.1027,0.0,0.0
01-04 18,Beograd FIR,0.0,0.0,0.0,0.0,0.0,0.0
01-04 18,Bordeaux FIR,0.2686,0.3724,0.1864,0.0022,0.0,0.0
01-04 18,Bratislava  FIR,0.0,0.0,0.0,0.0,0.0,0.0
01-04 18,Bremen FIR,0.1099,0.0296,0.0,0.0,0.0,0.0
01-04 18,Brest FIR,0.0053,0.0,0.0,0.0,0.0,0.0
01-04 18,Brindisi FIR,0.0,0.0,0.0,0.0,0.0,0.0
01-04 18,Brussels FIR,0.409,0.2338,0.0,0.0,0.0,0.0
01-04 18,Bucarest FIR,0.0144,0.0,0.0,0.0,0.0,0.0
01-04 18,Budapest FIR,0.0,0.0,0.0,0.0,0.0,0.0
01-04 18,Canarias FIR,0.0,0.0,0.0,0.0028,0.0,0.0
01-04 18,Chisinau FIR,0.01,0.0,0.0,0.0,0.0,0.0
01-04 18,Copenhagen FIR,0.0879,0.0,0.0,0.0,0.0,0.0
01-04 18,Helsinki FIR,0.0,0.0,0.0,0.0,0.0,0.0
01-04 18,Langen FIR,0.2082,0.0675,0.0,0.0,0.0,0.0
01-04 18,Lisboa FIR,0.0,0.0,0.0,0.0,0.0,0.0
01-04 18,Ljubljana FIR,0.0,0.0,0.0,0.0,0.0,0.0
01-04 18,London FIR,0.0647,0.002,0.0,0.0,0.0,0.0
01-04 18,Madrid FIR,0.0098,0.2165,0.1352,0.0,0.0,0.0
01-04 18,Malta FIR,0.0,0.0,0.0,0.0,0.0,0.0
01-04 18,Marseille FIR,0.1526,0.7137,0.6279,0.1043,0.0,0.0
01-04 18,Milano FIR,0.1391,0.2221,0.1344,0.0,0.0,0.0
01-04 18,Munchen FIR,0.0,0.0,0.0,0.0,0.0,0.0
01-04 18,Paris FIR,0.1525,0.0383,0.0011,0.0,0.0,0.0
01-04 18,Polaris FIR,0.1381,0.0623,0.0,0.0,0.0,0.0
01-04 18,Praha FIR,0.0,0.0,0.0,0.0,0.0,0.0
01-04 18,Reims FIR,0.3725,0.1471,0.0,0.0,0.0,0.0
01-04 18,Reykjavik FIR,0.1239,0.036,0.0063,0.0,0.0,0.0
01-04 18,Riga FIR,0.043,0.0,0.0,0.0,0.0,0.0
01-04 18,Roma FIR,0.0,0.1146,0.1175,0.0218,0.0,0.0
01-04 18,Santa Maria FIR,0.0,0.0126,0.1176,0.2125,0.0539,0.0
01-04 18,Sarajevo FIR,0.0,0.0,0.0,0.0,0.0,0.0
01-04 18,Scottish FIR,0.3064,0.0178,0.0,0.0,0.0,0.0
01-04 18,Shannon FIR,0.0292,0.0,0.0,0.0,0.0,0.0
01-04 18,Skopje FIR,0.0,0.0,0.0,0.0,0.0,0.0
01-04 18,Sofia FIR,0.0276,0.0,0.0,0.0,0.0,0.0
01-04 18,Sweden FIR,0.0,0.0,0.0,0.0,0.0,0.0
01-04 18,Switzerland FIR,0.18,0.1644,0.0411,0.0,0.0,0.0
01-04 18,Tallinn FIR,0.0,0.0,0.0,0.0,0.0,0.0
01-04 18,Tirana FIR,0.0,0.0,0.0,0.0,0.0,0.0
01-04 18,Vilnius FIR,0.0344,0.0,0.0,0.0,0.0,0.0
01-04 18,Warszawa FIR,0.0633,0.0138,0.0,0.0,0.0,0.0
01-04 18,Wien FIR,0.0021,0.0,0.0,0.0,0.0,0.0
01-04 18,Zagreb FIR,0.0,0.0,0.0,0.0,0.0,0.0
01-04 19,Global,0.0169,0.0209,0.0206,0.019,0.021,0.0225
01-04 19,Europe,0.067,0.1262,0.1041,0.0127,0.0,0.0
01-04 19,European Airspace,0.0466,0.045,0.0378,0.017,0.0071,0.0
01-04 19,Africa Middle East,0.0005,0.0077,0.0066,0.0173,0.0335,0.0303
01-04 19,East Asia,0.0074,0.0009,0.0,0.0,0.0,0.0
01-04 19,Southeast Asia,0.0,0.0,0.0,0.0202,0.1167,0.1788
01-04 19,India,0.0003,0.0056,0.005,0.0026,0.0155,0.0336
01-04 19,China,0.0166,0.0297,0.028,0.0153,0.0071,0.0001
01-04 19,Latin America,0.0005,0.005,0.0183,0.0222,0.0347,0.045
01-04 19,USA,0.0025,0.0157,0.0221,0.0038,0.0001,0.0
01-04 19,North Atlantic,0.0265,0.0457,0.0629,0.0204,0.0,0.0
01-04 19,North Pacific,0.0249,0.0224,0.0149,0.0043,0.0012,0.0
01-04 19,Amsterdam FIR,0.0301,0.0,0.0,0.0,0.0,0.0
01-04 19,Athinai FIR,0.0,0.0,0.0,0.0,0.0,0.0
01-04 19,Barcelona FIR,0.0246,0.6591,0.6966,0.0855,0.0,0.0
01-04 19,Beograd FIR,0.0,0.0,0.0,0.0,0.0,0.0
01-04 19,Bordeaux FIR,0.1925,0.2894,0.1468,0.0,0.0,0.0
01-04 19,Bratislava  FIR,0.0,0.0,0.0,0.0,0.0,0.0
01-04 19,Bremen FIR,0.0671,0.0165,0.0,0.0,0.0,0.0
01-04 19,Brest FIR,0.0,0.0,0.0,0.0,0.0,0.0
01-04 19,Brindisi FIR,0.0,0.0,0.0,0.0,0.0,0.0
01-04 19,Brussels FIR,0.366,0.1558,0.0,0.0,0.0,0.0
01-04 19,Bucarest FIR,0.0195,0.0,0.0,0.0,0.0,0.0
01-04 19,Budapest FIR,0.0,0.0,0.0,0.0,0.0,0.0
01-04 19,Canarias FIR,0.0,0.0,0.0038,0.0076,0.0,0.0
01-04 19,Chisinau FIR,0.0395,0.0,0.0,0.0,0.0,0.0
01-04 19,Copenhagen FIR,0.0407,0.0,0.0,0.0,0.0,0.0
01-04 19,Helsinki FIR,0.0,0.0,0.0002,0.0,0.0,0.0
01-04 19,Langen FIR,0.4022,0.0975,0.0,0.0,0.0,0.0
01-04 19,Lisboa FIR,0.0,0.0,0.0,0.0,0.0,0.0
01-04 19,Ljubljana FIR,0.0,0.0,0.0,0.0,0.0,0.0
01-04 19,London FIR,0.0692,0.0,0.0,0.0,0.0,0.0
01-04 19,Madrid FIR,0.0093,0.1696,0.0877,0.0,0.0,0.0
01-04 19,Malta FIR,0.0,0.0,0.0,0.0,0.0,0.0
01-04 19,Marseille FIR,0.1284,0.7811,0.73,0.135,0.0,0.0
01-04 19,Milano FIR,0.221,0.3051,0.1869,0.0,0.0,0.0
01-04 19,Munchen FIR,0.0,0.0,0.0,0.0,0.0,0.0
01-04 19,Paris FIR,0.1475,0.0956,0.0,0.0,0.0,0.0
01-04 19,Polaris FIR,0.1351,0.0642,0.0113,0.0,0.0,0.0
01-04 19,Praha FIR,0.0,0.0,0.0,0.0,0.0,0.0
01-04 19,Reims FIR,0.2061,0.0896,0.0418,0.0,0.0,0.0
01-04 19,Reykjavik FIR,0.1255,0.0363,0.0058,0.0,0.0,0.0
01-04 19,Riga FIR,0.0261,0.0,0.0,0.0,0.0,0.0
01-04 19,Roma FIR,0.0,0.182,0.1698,0.036,0.0,0.0
01-04 19,Santa Maria FIR,0.0001,0.012,0.1236,0.2224,0.045,0.0
01-04 19,Sarajevo FIR,0.0,0.0,0.0,0.0,0.0,0.0
01-04 19,Scottish FIR,0.2929,0.0104,0.0,0.0,0.0,0.0
01-04 19,Shannon FIR,0.0102,0.0,0.0,0.0,0.0,0.0
01-04 19,Skopje FIR,0.0,0.0,0.0,0.0,0.0,0.0
01-04 19,Sofia FIR,0.0224,0.0,0.0,0.0,0.0,0.0
01-04 19,Sweden FIR,0.0,0.0,0.0,0.0,0.0,0.0
01-04 19,Switzerland FIR,0.2324,0.1106,0.0657,0.0,0.0,0.0
01-04 19,Tallinn FIR,0.0,0.0,0.0,0.0,0.0,0.0
01-04 19,Tirana FIR,0.0,0.0,0.0,0.0,0.0,0.0
01-04 19,Vilnius FIR,0.0096,0.0,0.0,0.0,0.0,0.0
01-04 19,Warszawa FIR,0.0922,0.0241,0.0,0.0,0.0,0.0
01-04 19,Wien FIR,0.0,0.0,0.0,0.0,0.0,0.0
01-04 19,Zagreb FIR,0.0,0.0,0.0,0.0,0.0,0.0
01-04 20,Global,0.0166,0.0225,0.0216,0.0187,0.0203,0.0222
01-04 20,Europe,0.0725,0.1284,0.1023,0.0123,0.0,0.0
01-04 20,European Airspace,0.0467,0.0443,0.0384,0.0172,0.0041,0.0
01-04 20,Africa Middle East,0.0007,0.0076,0.0064,0.0179,0.0332,0.0289
01-04 20,East Asia,0.0035,0.0,0.0,0.0,0.0,0.0
01-04 20,Southeast Asia,0.0,0.0,0.0,0.0144,0.0901,0.1491
01-04 20,India,0.0001,0.0041,0.0043,0.0021,0.0138,0.0304
01-04 20,China,0.0163,0.0334,0.0273,0.013,0.0049,0.0
01-04 20,Latin America,0.0004,0.0103,0.0286,0.0296,0.0454,0.0547
01-04 20,USA,0.0047,0.0292,0.0353,0.0114,0.0006,0.0
01-04 20,North Atlantic,0.0239,0.0479,0.0645,0.0212,0.0,0.0
01-04 20,North Pacific,0.025,0.0229,0.0146,0.0047,0.002,0.0
01-04 20,Amsterdam FIR,0.1007,0.0,0.0,0.0,0.0,0.0
01-04 20,Athinai FIR,0.0,0.0,0.0,0.0,0.0,0.0
01-04 20,Barcelona FIR,0.0297,0.6093,0.632,0.0553,0.0,0.0
01-04 20,Beograd FIR,0.0,0.0,0.0,0.0,0.0,0.0
01-04 20,Bordeaux FIR,0.1407,0.1627,0.118,0.0,0.0,0.0
01-04 20,Bratislava  FIR,0.0,0.0,0.0,0.0,0.0,0.0
01-04 20,Bremen FIR,0.0294,0.0009,0.0,0.0,0.0,0.0
01-04 20,Brest FIR,0.0,0.0,0.0,0.0,0.0,0.0
01-04 20,Brindisi FIR,0.0,0.0,0.0,0.0,0.0,0.0
01-04 20,Brussels FIR,0.261,0.0919,0.0,0.0,0.0,0.0
01-04 20,Bucarest FIR,0.0073,0.0,0.0,0.0,0.0,0.0
01-04 20,Budapest FIR,0.0,0.0,0.0,0.0,0.0,0.0
01-04 20,Canarias FIR,0.0,0.0,0.0084,0.0086,0.0,0.0
01-04 20,Chisinau FIR,0.0248,0.0,0.0,0.0,0.0,0.0
01-04 20,Copenhagen FIR,0.0515,0.0,0.0,0.0,0.0,0.0
01-04 20,Helsinki FIR,0.0,0.0007,0.0026,0.0,0.0,0.0
01-04 20,Langen FIR,0.4546,0.0853,0.0,0.0,0.0,0.0
01-04 20,Lisboa FIR,0.0,0.0,0.0,0.0,0.0,0.0
01-04 20,Ljubljana FIR,0.0,0.0,0.0,0.0,0.0,0.0
01-04 20,London FIR,0.0767,0.0,0.0,0.0,0.0,0.0
01-04 20,Madrid FIR,0.0251,0.1212,0.0474,0.0,0.0,0.0
01-04 20,Malta FIR,0.0,0.0,0.0,0.0,0.0,0.0
01-04 20,Marseille FIR,0.126,0.8203,0.74,0.1364,0.0,0.0
01-04 20,Milano FIR,0.2446,0.3487,0.2047,0.0,0.0,0.0
01-04 20,Munchen FIR,0.0542,0.0115,0.0,0.0,0.0,0.0
01-04 20,Paris FIR,0.1864,0.0802,0.0,0.0,0.0,0.0
01-04 20,Polaris FIR,0.1295,0.0652,0.0183,0.0,0.0,0.0
01-04 20,Praha FIR,0.0,0.0,0.0,0.0,0.0,0.0
01-04 20,Reims FIR,0.3447,0.337,0.0577,0.0,0.0,0.0
01-04 20,Reykjavik FIR,0.1168,0.0334,0.0059,0.0,0.0,0.0
01-04 20,Riga FIR,0.0153,0.0,0.0,0.0,0.0,0.0
01-04 20,Roma FIR,0.0009,0.2446,0.1993,0.0433,0.0,0.0
01-04 20,Santa Maria FIR,0.0007,0.0099,0.1311,0.2149,0.027,0.0
01-04 20,Sarajevo FIR,0.0,0.0,0.0,0.0,0.0,0.0
01-04 20,Scottish FIR,0.2691,0.004,0.0,0.0,0.0,0.0
01-04 20,Shannon FIR,0.0059,0.0,0.0,0.0,0.0,0.0
01-04 20,Skopje FIR,0.0,0.0,0.0,0.0,0.0,0.0
01-04 20,Sofia FIR,0.0092,0.0,0.0,0.0,0.0,0.0
01-04 20,Sweden FIR,0.0005,0.0,0.0003,0.0,0.0,0.0
01-04 20,Switzerland FIR,0.349,0.3057,0.1674,0.0,0.0,0.0
01-04 20,Tallinn FIR,0.0,0.0,0.0,0.0,0.0,0.0
01-04 20,Tirana FIR,0.0,0.0,0.0,0.0,0.0,0.0
01-04 20,Vilnius FIR,0.0,0.0,0.0,0.0,0.0,0.0
01-04 20,Warszawa FIR,0.1117,0.0359,0.0,0.0,0.0,0.0
01-04 20,Wien FIR,0.0041,0.0,0.0,0.0,0.0,0.0
01-04 20,Zagreb FIR,0.0,0.0,0.0,0.0,0.0,0.0
01-04 21,Global,0.0172,0.0241,0.0222,0.0182,0.0195,0.0214
01-04 21,Europe,0.0743,0.1252,0.1015,0.0116,0.0,0.0
01-04 21,European Airspace,0.0465,0.0445,0.0414,0.0179,0.0027,0.0
01-04 21,Africa Middle East,0.0007,0.0072,0.0062,0.0185,0.0325,0.0277
01-04 21,East Asia,0.0001,0.0,0.0,0.0,0.0,0.0
01-04 21,Southeast Asia,0.0,0.0,0.0,0.0071,0.0545,0.1036
01-04 21,India,0.0001,0.0022,0.0037,0.0021,0.0126,0.0272
01-04 21,China,0.0149,0.0346,0.0242,0.0094,0.0032,0.0
01-04 21,Latin America,0.0009,0.0183,0.0383,0.0368,0.0541,0.0623
01-04 21,USA,0.0116,0.0435,0.0433,0.0192,0.0012,0.0
01-04 21,North Atlantic,0.0242,0.0518,0.0684,0.0238,0.0,0.0
01-04 21,North Pacific,0.0274,0.0249,0.0159,0.0054,0.003,0.0001
01-04 21,Amsterdam FIR,0.1177,0.0177,0.0,0.0,0.0,0.0
01-04 21,Athinai FIR,0.0,0.0,0.0,0.0,0.0,0.0
01-04 21,Barcelona FIR,0.0629,0.5806,0.5273,0.029,0.0,0.0
01-04 21,Beograd FIR,0.0,0.0,0.0,0.0,0.0,0.0
01-04 21,Bordeaux FIR,0.09,0.0827,0.0649,0.0,0.0,0.0
01-04 21,Bratislava  FIR,0.0,0.0,0.0,0.0,0.0,0.0
01-04 21,Bremen FIR,0.0034,0.0,0.0,0.0,0.0,0.0
01-04 21,Brest FIR,0.0006,0.0,0.0,0.0,0.0,0.0
01-04 21,Brindisi FIR,0.0,0.0,0.0025,0.0,0.0,0.0
01-04 21,Brussels FIR,0.1203,0.0689,0.0,0.0,0.0,0.0
01-04 21,Bucarest FIR,0.0007,0.0,0.0,0.0,0.0,0.0
01-04 21,Budapest FIR,0.0,0.0,0.0,0.0,0.0,0.0
01-04 21,Canarias FIR,0.0,0.0,0.0138,0.0146,0.0,0.0
01-04 21,Chisinau FIR,0.005,0.0,0.0,0.0,0.0,0.0
01-04 21,Copenhagen FIR,0.0587,0.0,0.0,0.0,0.0,0.0
01-04 21,Helsinki FIR,0.0009,0.002,0.0054,0.0,0.0,0.0
01-04 21,Langen FIR,0.5244,0.1343,0.0,0.0,0.0,0.0
01-04 21,Lisboa FIR,0.0,0.0,0.0,0.0,0.0,0.0
01-04 21,Ljubljana FIR,0.0,0.0,0.0,0.0,0.0,0.0
01-04 21,London FIR,0.0883,0.0,0.0,0.0,0.0,0.0
01-04 21,Madrid FIR,0.0313,0.0675,0.015,0.0,0.0,0.0
01-04 21,Malta FIR,0.0,0.0,0.0,0.0,0.0,0.0
01-04 21,Marseille FIR,0.0707,0.7115,0.7381,0.145,0.0,0.0
01-04 21,Milano FIR,0.2621,0.3679,0.1984,0.0,0.0,0.0
01-04 21,Munchen FIR,0.1063,0.0248,0.0,0.0,0.0,0.0
01-04 21,Paris FIR,0.1657,0.0531,0.0,0.0,0.0,0.0
01-04 21,Polaris FIR,0.123,0.0616,0.0179,0.0,0.0,0.0
01-04 21,Praha FIR,0.0,0.0,0.0,0.0,0.0,0.0
01-04 21,Reims FIR,0.4704,0.4997,0.0321,0.0,0.0,0.0
01-04 21,Reykjavik FIR,0.1082,0.0319,0.006,0.0,0.0,0.0
01-04 21,Riga FIR,0.0561,0.0,0.0,0.0,0.0,0.0
01-04 21,Roma FIR,0.0018,0.3042,0.2631,0.0389,0.0,0.0
01-04 21,Santa Maria FIR,0.001,0.0143,0.147,0.199,0.018,0.0
01-04 21,Sarajevo FIR,0.0,0.0,0.0,0.0,0.0,0.0
01-04 21,Scottish FIR,0.2481,0.0043,0.0,0.0,0.0,0.0
01-04 21,Shannon FIR,0.004,0.0,0.0,0.0,0.0,0.0
01-04 21,Skopje FIR,0.0,0.0,0.0,0.0,0.0,0.0
01-04 21,Sofia FIR,0.0,0.0,0.0,0.0,0.0,0.0
01-04 21,Sweden FIR,0.0,0.0005,0.0,0.0,0.0,0.0
01-04 21,Switzerland FIR,0.4821,0.6581,0.2932,0.0,0.0,0.0
01-04 21,Tallinn FIR,0.0,0.0,0.0,0.0,0.0,0.0
01-04 21,Tirana FIR,0.0,0.0,0.0,0.0,0.0,0.0
01-04 21,Vilnius FIR,0.0,0.0,0.0,0.0,0.0,0.0
01-04 21,Warszawa FIR,0.1188,0.0364,0.0,0.0,0.0,0.0
01-04 21,Wien FIR,0.0643,0.0021,0.0,0.0,0.0,0.0
01-04 21,Zagreb FIR,0.0,0.0,0.0,0.0,0.0,0.0
01-04 22,Global,0.0177,0.0247,0.0221,0.0187,0.0204,0.0207
01-04 22,Europe,0.0787,0.1215,0.1049,0.0133,0.0,0.0
01-04 22,European Airspace,0.0463,0.0441,0.0447,0.0183,0.0023,0.0
01-04 22,Africa Middle East,0.0006,0.0064,0.0066,0.0191,0.0344,0.0268
01-04 22,East Asia,0.0,0.0,0.0,0.0,0.0,0.0
01-04 22,Southeast Asia,0.0,0.0,0.0,0.0019,0.0254,0.0699
01-04 22,India,0.0,0.0013,0.0018,0.0011,0.0123,0.0214
01-04 22,China,0.0117,0.0345,0.018,0.0064,0.0023,0.0
01-04 22,Latin America,0.001,0.0249,0.0442,0.0421,0.0616,0.0697
01-04 22,USA,0.0174,0.0497,0.0455,0.0258,0.0023,0.0
01-04 22,North Atlantic,0.0229,0.0526,0.0685,0.0298,0.0003,0.0
01-04 22,North Pacific,0.0339,0.0275,0.0208,0.0079,0.0051,0.0
01-04 22,Amsterdam FIR,0.1187,0.0404,0.0,0.0,0.0,0.0
01-04 22,Athinai FIR,0.0,0.0,0.0,0.0,0.0,0.0
01-04 22,Barcelona FIR,0.0881,0.4825,0.4722,0.0298,0.0,0.0
01-04 22,Beograd FIR,0.0,0.0,0.0,0.0,0.0,0.0
01-04 22,Bordeaux FIR,0.0951,0.0332,0.0132,0.0,0.0,0.0
01-04 22,Bratislava  FIR,0.0,0.0,0.0,0.0,0.0,0.0
01-04 22,Bremen FIR,0.0036,0.0,0.0,0.0,0.0,0.0
01-04 22,Brest FIR,0.0,0.0,0.0,0.0,0.0,0.0
01-04 22,Brindisi FIR,0.0,0.0202,0.0428,0.0,0.0,0.0
01-04 22,Brussels FIR,0.1989,0.0597,0.0,0.0,0.0,0.0
01-04 22,Bucarest FIR,0.0,0.0,0.0,0.0,0.0,0.0
01-04 22,Budapest FIR,0.0,0.0,0.0,0.0,0.0,0.0
01-04 22,Canarias FIR,0.0,0.0,0.0102,0.017,0.0,0.0
01-04 22,Chisinau FIR,0.0,0.0,0.0,0.0,0.0,0.0
01-04 22,Copenhagen FIR,0.0555,0.0,0.0,0.0,0.0,0.0
01-04 22,Helsinki FIR,0.0019,0.0028,0.0049,0.0,0.0,0.0
01-04 22,Langen FIR,0.6437,0.1967,0.0,0.0,0.0,0.0
01-04 22,Lisboa FIR,0.0,0.0,0.0043,0.0006,0.0,0.0
01-04 22,Ljubljana FIR,0.0,0.0,0.0,0.0,0.0,0.0
01-04 22,London FIR,0.1041,0.0,0.0,0.0,0.0,0.0
01-04 22,Madrid FIR,0.0234,0.0395,0.0,0.0,0.0,0.0
01-04 22,Malta FIR,0.0,0.0,0.0,0.0,0.0,0.0
01-04 22,Marseille FIR,0.0546,0.6109,0.6814,0.1518,0.0,0.0
01-04 22,Milano FIR,0.2653,0.3207,0.2007,0.0,0.0,0.0
01-04 22,Munchen FIR,0.1787,0.0451,0.0033,0.0,0.0,0.0
01-04 22,Paris FIR,0.1009,0.0183,0.0,0.0,0.0,0.0
01-04 22,Polaris FIR,0.1118,0.0504,0.0111,0.0,0.0,0.0
01-04 22,Praha FIR,0.0,0.0,0.0,0.0,0.0,0.0
01-04 22,Reims FIR,0.502,0.4391,0.0161,0.0,0.0,0.0
01-04 22,Reykjavik FIR,0.1024,0.0366,0.0051,0.0,0.0,0.0
01-04 22,Riga FIR,0.0213,0.0,0.0,0.0,0.0,0.0
01-04 22,Roma FIR,0.011,0.3909,0.3188,0.0534,0.0,0.0
01-04 22,Santa Maria FIR,0.0011,0.0176,0.1468,0.1778,0.0149,0.0
01-04 22,Sarajevo FIR,0.0,0.0,0.0,0.0,0.0,0.0
01-04 22,Scottish FIR,0.2322,0.0033,0.0,0.0,0.0,0.0
01-04 22,Shannon FIR,0.0026,0.0,0.0,0.0,0.0,0.0
01-04 22,Skopje FIR,0.0,0.0,0.0,0.0,0.0,0.0
01-04 22,Sofia FIR,0.0,0.0,0.0,0.0,0.0,0.0
01-04 22,Sweden FIR,0.0,0.0,0.0,0.0,0.0,0.0
01-04 22,Switzerland FIR,0.3843,0.799,0.3375,0.0,0.0,0.0
01-04 22,Tallinn FIR,0.0,0.0,0.0,0.0,0.0,0.0
01-04 22,Tirana FIR,0.0,0.0,0.0,0.0,0.0,0.0
01-04 22,Vilnius FIR,0.0,0.0,0.0,0.0,0.0,0.0
01-04 22,Warszawa FIR,0.1484,0.0514,0.0,0.0,0.0,0.0
01-04 22,Wien FIR,0.1859,0.0787,0.0207,0.0,0.0,0.0
01-04 22,Zagreb FIR,0.0,0.0,0.0,0.0,0.0,0.0
01-04 23,Global,0.0184,0.0249,0.0226,0.0194,0.0204,0.0198
01-04 23,Europe,0.0834,0.1206,0.109,0.0156,0.0,0.0
01-04 23,European Airspace,0.0482,0.0457,0.0512,0.0211,0.0022,0.0
01-04 23,Africa Middle East,0.0006,0.0058,0.0067,0.0202,0.0322,0.0232
01-04 23,East Asia,0.0,0.0,0.0,0.0,0.0,0.0
01-04 23,Southeast Asia,0.0,0.0,0.0,0.0003,0.0129,0.0631
01-04 23,India,0.0,0.0003,0.0,0.0012,0.0108,0.0161
01-04 23,China,0.0106,0.0268,0.0105,0.005,0.0022,0.0
01-04 23,Latin America,0.0023,0.0301,0.0478,0.0458,0.0681,0.0752
01-04 23,USA,0.0182,0.0495,0.0479,0.0262,0.0028,0.0
01-04 23,North Atlantic,0.0238,0.0545,0.0737,0.037,0.0012,0.0
01-04 23,North Pacific,0.0409,0.0337,0.0293,0.0114,0.0075,0.0
01-04 23,Amsterdam FIR,0.1127,0.0313,0.0,0.0,0.0,0.0
01-04 23,Athinai FIR,0.0,0.0004,0.0004,0.0,0.0,0.0
01-04 23,Barcelona FIR,0.097,0.3609,0.3802,0.0185,0.0,0.0
01-04 23,Beograd FIR,0.0,0.0,0.0,0.0,0.0,0.0
01-04 23,Bordeaux FIR,0.1214,0.0376,0.0,0.0,0.0,0.0
01-04 23,Bratislava  FIR,0.0,0.0,0.0,0.0,0.0,0.0
01-04 23,Bremen FIR,0.0542,0.0072,0.0,0.0,0.0,0.0
01-04 23,Brest FIR,0.0,0.0,0.0,0.0,0.0,0.0
01-04 23,Brindisi FIR,0.0012,0.1166,0.1253,0.0,0.0,0.0
01-04 23,Brussels FIR,0.2673,0.0186,0.0,0.0,0.0,0.0
01-04 23,Bucarest FIR,0.0,0.0,0.0,0.0,0.0,0.0
01-04 23,Budapest FIR,0.0,0.0,0.0,0.0,0.0,0.0
01-04 23,Canarias FIR,0.0,0.0,0.0236,0.0224,0.0007,0.0
01-04 23,Chisinau FIR,0.0,0.0,0.0,0.0,0.0,0.0
01-04 23,Copenhagen FIR,0.0534,0.0,0.0,0.0,0.0,0.0
01-04 23,Helsinki FIR,0.0054,0.0043,0.0032,0.0,0.0,0.0
01-04 23,Langen FIR,0.7034,0.2428,0.0,0.0,0.0,0.0
01-04 23,Lisboa FIR,0.0,0.0,0.0154,0.0203,0.0003,0.0
01-04 23,Ljubljana FIR,0.0097,0.0,0.0,0.0,0.0,0.0
01-04 23,London FIR,0.1112,0.0,0.0,0.0,0.0,0.0
01-04 23,Madrid FIR,0.0183,0.037,0.0,0.0,0.0,0.0
01-04 23,Malta FIR,0.0,0.0,0.0,0.0,0.0,0.0
01-04 23,Marseille FIR,0.0453,0.5799,0.6534,0.1574,0.0,0.0
01-04 23,Milano FIR,0.2063,0.3316,0.2365,0.0068,0.0,0.0
01-04 23,Munchen FIR,0.3628,0.1662,0.0218,0.0,0.0,0.0
01-04 23,Paris FIR,0.0257,0.0021,0.0,0.0,0.0,0.0
01-04 23,Polaris FIR,0.0989,0.0403,0.0052,0.0,0.0,0.0
01-04 23,Praha FIR,0.0022,0.0,0.0,0.0,0.0,0.0
01-04 23,Reims FIR,0.3388,0.3179,0.0096,0.0,0.0,0.0
01-04 23,Reykjavik FIR,0.0999,0.0374,0.0044,0.0,0.0,0.0
01-04 23,Riga FIR,0.0183,0.0,0.0,0.0,0.0,0.0
01-04 23,Roma FIR,0.0216,0.3917,0.3625,0.08,0.0,0.0
01-04 23,Santa Maria FIR,0.0007,0.0218,0.1666,0.1681,0.0114,0.0
01-04 23,Sarajevo FIR,0.0,0.0,0.0,0.0,0.0,0.0
01-04 23,Scottish FIR,0.2455,0.0017,0.0,0.0,0.0,0.0
01-04 23,Shannon FIR,0.0,0.0,0.0,0.0,0.0,0.0
01-04 23,Skopje FIR,0.0,0.0,0.0,0.0,0.0,0.0
01-04 23,Sofia FIR,0.0,0.0,0.0,0.0,0.0,0.0
01-04 23,Sweden FIR,0.0,0.0,0.0,0.0,0.0,0.0
01-04 23,Switzerland FIR,0.2144,0.6682,0.3295,0.0,0.0,0.0
01-04 23,Tallinn FIR,0.0,0.0,0.0,0.0,0.0,0.0
01-04 23,Tirana FIR,0.0,0.0,0.0,0.0,0.0,0.0
01-04 23,Vilnius FIR,0.0,0.0,0.0,0.0,0.0,0.0
01-04 23,Warszawa FIR,0.1715,0.0632,0.0,0.0,0.0,0.0
01-04 23,Wien FIR,0.339,0.1471,0.0497,0.0,0.0,0.0
01-04 23,Zagreb FIR,0.0,0.0,0.0,0.0,0.0,0.0
01-05 00,Global,0.0188,0.0243,0.0231,0.0196,0.0202,0.0192
01-05 00,Europe,0.0877,0.1145,0.1074,0.0162,0.0,0.0
01-05 00,European Airspace,0.0502,0.0462,0.0534,0.0238,0.0022,0.0
01-05 00,Africa Middle East,0.0007,0.0053,0.0064,0.02,0.0267,0.0177
01-05 00,East Asia,0.0,0.0,0.0,0.0,0.0,0.0
01-05 00,Southeast Asia,0.0,0.0,0.0,0.0006,0.0129,0.0695
01-05 00,India,0.0,0.0,0.0,0.0004,0.0067,0.0146
01-05 00,China,0.0066,0.0117,0.0054,0.0045,0.0028,0.0
01-05 00,Latin America,0.0046,0.0319,0.0495,0.0466,0.0734,0.0792
01-05 00,USA,0.0183,0.0504,0.0483,0.0219,0.003,0.0
01-05 00,North Atlantic,0.0234,0.0579,0.0774,0.0449,0.0024,0.0
01-05 00,North Pacific,0.0496,0.0432,0.038,0.0146,0.0092,0.0
01-05 00,Amsterdam FIR,0.0806,0.0156,0.0,0.0,0.0,0.0
01-05 00,Athinai FIR,0.0,0.0022,0.0011,0.0,0.0,0.0
01-05 00,Barcelona FIR,0.119,0.2357,0.2605,0.0022,0.0,0.0
01-05 00,Beograd FIR,0.0,0.0,0.0,0.0,0.0,0.0
01-05 00,Bordeaux FIR,0.1253,0.0473,0.0,0.0,0.0,0.0
01-05 00,Bratislava  FIR,0.0,0.0,0.0,0.0,0.0,0.0
01-05 00,Bremen FIR,0.1304,0.0288,0.0,0.0,0.0,0.0
01-05 00,Brest FIR,0.0,0.0,0.0,0.0,0.0,0.0
01-05 00,Brindisi FIR,0.0073,0.318,0.2054,0.0024,0.0,0.0
01-05 00,Brussels FIR,0.0833,0.0233,0.0,0.0,0.0,0.0
01-05 00,Bucarest FIR,0.0,0.0,0.0,0.0,0.0,0.0
01-05 00,Budapest FIR,0.0499,0.0,0.0,0.0,0.0,0.0
01-05 00,Canarias FIR,0.0,0.0,0.035,0.0298,0.0082,0.0
01-05 00,Chisinau FIR,0.0,0.0,0.0,0.0,0.0,0.0
01-05 00,Copenhagen FIR,0.0558,0.0,0.0,0.0,0.0,0.0
01-05 00,Helsinki FIR,0.0052,0.0039,0.0002,0.0,0.0,0.0
01-05 00,Langen FIR,0.6534,0.2496,0.0,0.0,0.0,0.0
01-05 00,Lisboa FIR,0.0,0.0,0.0184,0.0229,0.0,0.0
01-05 00,Ljubljana FIR,0.0,0.0,0.0,0.0,0.0,0.0
01-05 00,London FIR,0.1109,0.0,0.0,0.0,0.0,0.0
01-05 00,Madrid FIR,0.0187,0.0378,0.0,0.0,0.0,0.0
01-05 00,Malta FIR,0.0,0.0,0.0,0.0,0.0,0.0
01-05 00,Marseille FIR,0.0721,0.4905,0.627,0.1472,0.0,0.0
01-05 00,Milano FIR,0.1917,0.4588,0.3433,0.0204,0.0,0.0
01-05 00,Munchen FIR,0.5312,0.2246,0.0251,0.0,0.0,0.0
01-05 00,Paris FIR,0.0065,0.0053,0.0,0.0,0.0,0.0
01-05 00,Polaris FIR,0.0809,0.031,0.0036,0.0,0.0,0.0
01-05 00,Praha FIR,0.0317,0.0,0.0,0.0,0.0,0.0
01-05 00,Reims FIR,0.102,0.2164,0.0,0.0,0.0,0.0
01-05 00,Reykjavik FIR,0.1035,0.0392,0.0033,0.0,0.0,0.0
01-05 00,Riga FIR,0.0137,0.0,0.0,0.0,0.0,0.0
01-05 00,Roma FIR,0.027,0.3498,0.3917,0.1004,0.0,0.0
01-05 00,Santa Maria FIR,0.0004,0.0225,0.1738,0.1618,0.0079,0.0
01-05 00,Sarajevo FIR,0.0,0.0,0.0,0.0,0.0,0.0
01-05 00,Scottish FIR,0.2508,0.0022,0.0,0.0,0.0,0.0
01-05 00,Shannon FIR,0.0,0.0,0.0,0.0,0.0,0.0
01-05 00,Skopje FIR,0.0,0.0,0.0,0.0,0.0,0.0
01-05 00,Sofia FIR,0.0,0.0,0.0,0.0,0.0,0.0
01-05 00,Sweden FIR,0.0,0.0,0.0,0.0,0.0,0.0
01-05 00,Switzerland FIR,0.1012,0.5261,0.1867,0.0,0.0,0.0
01-05 00,Tallinn FIR,0.0,0.0,0.0,0.0,0.0,0.0
01-05 00,Tirana FIR,0.0,0.0162,0.0161,0.0,0.0,0.0
01-05 00,Vilnius FIR,0.0,0.0,0.0,0.0,0.0,0.0
01-05 00,Warszawa FIR,0.1977,0.072,0.0,0.0,0.0,0.0
01-05 00,Wien FIR,0.4598,0.1489,0.0704,0.0,0.0,0.0
01-05 00,Zagreb FIR,0.0,0.0,0.0,0.0,0.0,0.0
01-05 01,Global,0.019,0.0235,0.0238,0.0198,0.0198,0.0194
01-05 01,Europe,0.0882,0.1084,0.0937,0.0151,0.0,0.0
01-05 01,European Airspace,0.0509,0.0452,0.0513,0.0246,0.0027,0.0
01-05 01,Africa Middle East,0.001,0.0049,0.0057,0.0194,0.0188,0.0113
01-05 01,East Asia,0.0,0.0,0.0,0.0,0.0,0.0
01-05 01,Southeast Asia,0.0,0.0,0.0,0.0005,0.0148,0.0766
01-05 01,India,0.0,0.0,0.0,0.0,0.0016,0.0133
01-05 01,China,0.0044,0.0055,0.0043,0.0045,0.0033,0.0
01-05 01,Latin America,0.006,0.0331,0.0499,0.0474,0.0792,0.0823
01-05 01,USA,0.0206,0.0518,0.0501,0.019,0.0035,0.0
01-05 01,North Atlantic,0.0241,0.0588,0.0792,0.0482,0.0039,0.0
01-05 01,North Pacific,0.0591,0.0503,0.0432,0.0145,0.0098,0.0
01-05 01,Amsterdam FIR,0.0367,0.0,0.0,0.0,0.0,0.0
01-05 01,Athinai FIR,0.0,0.0004,0.0011,0.0,0.0,0.0
01-05 01,Barcelona FIR,0.1282,0.1489,0.1671,0.0053,0.0,0.0
01-05 01,Beograd FIR,0.0,0.0,0.0,0.0,0.0,0.0
01-05 01,Bordeaux FIR,0.0834,0.0496,0.0,0.0,0.0,0.0
01-05 01,Bratislava  FIR,0.0145,0.0,0.0,0.0,0.0,0.0
01-05 01,Bremen FIR,0.1901,0.0477,0.0,0.0,0.0,0.0
01-05 01,Brest FIR,0.0,0.0,0.0,0.0,0.0,0.0
01-05 01,Brindisi FIR,0.0379,0.5022,0.2599,0.0244,0.0,0.0
01-05 01,Brussels FIR,0.014,0.0046,0.0,0.0,0.0,0.0
01-05 01,Bucarest FIR,0.0,0.0,0.0,0.0,0.0,0.0
01-05 01,Budapest FIR,0.1033,0.0,0.0,0.0,0.0,0.0
01-05 01,Canarias FIR,0.0,0.0003,0.0463,0.0361,0.015,0.0
01-05 01,Chisinau FIR,0.0,0.0,0.0,0.0,0.0,0.0
01-05 01,Copenhagen FIR,0.0787,0.0,0.0,0.0,0.0,0.0
01-05 01,Helsinki FIR,0.0013,0.0015,0.0009,0.0,0.0,0.0
01-05 01,Langen FIR,0.5762,0.2583,0.0,0.0,0.0,0.0
01-05 01,Lisboa FIR,0.0,0.0026,0.0139,0.0105,0.0,0.0
01-05 01,Ljubljana FIR,0.0098,0.0,0.0,0.0,0.0,0.0
01-05 01,London FIR,0.0798,0.0,0.0,0.0,0.0,0.0
01-05 01,Madrid FIR,0.0249,0.0362,0.0,0.0,0.0,0.0
01-05 01,Malta FIR,0.0,0.0,0.0,0.0,0.0,0.0
01-05 01,Marseille FIR,0.1055,0.3575,0.5443,0.1209,0.0,0.0
01-05 01,Milano FIR,0.1462,0.6256,0.4102,0.034,0.0,0.0
01-05 01,Munchen FIR,0.5024,0.2291,0.005,0.0,0.0,0.0
01-05 01,Paris FIR,0.0472,0.0,0.0,0.0,0.0,0.0
01-05 01,Polaris FIR,0.082,0.0276,0.0036,0.0,0.0,0.0
01-05 01,Praha FIR,0.1356,0.0361,0.0,0.0,0.0,0.0
01-05 01,Reims FIR,0.1933,0.0971,0.0,0.0,0.0,0.0
01-05 01,Reykjavik FIR,0.1089,0.0393,0.0026,0.0,0.0,0.0
01-05 01,Riga FIR,0.0,0.0,0.0,0.0,0.0,0.0
01-05 01,Roma FIR,0.0274,0.2927,0.3573,0.0905,0.0,0.0
01-05 01,Santa Maria FIR,0.0003,0.0211,0.1724,0.15,0.0054,0.0
01-05 01,Sarajevo FIR,0.0,0.0,0.0,0.0,0.0,0.0
01-05 01,Scottish FIR,0.2641,0.0038,0.0,0.0,0.0,0.0
01-05 01,Shannon FIR,0.0,0.0,0.0,0.0,0.0,0.0
01-05 01,Skopje FIR,0.0,0.0,0.0,0.0,0.0,0.0
01-05 01,Sofia FIR,0.0,0.0,0.0,0.0,0.0,0.0
01-05 01,Sweden FIR,0.0,0.0,0.0,0.0,0.0,0.0
01-05 01,Switzerland FIR,0.0202,0.5591,0.0491,0.0,0.0,0.0
01-05 01,Tallinn FIR,0.0,0.0,0.0,0.0,0.0,0.0
01-05 01,Tirana FIR,0.0,0.0054,0.0108,0.0,0.0,0.0
01-05 01,Vilnius FIR,0.0118,0.0235,0.0,0.0,0.0,0.0
01-05 01,Warszawa FIR,0.2067,0.0681,0.0,0.0,0.0,0.0
01-05 01,Wien FIR,0.2642,0.062,0.0124,0.0,0.0,0.0
01-05 01,Zagreb FIR,0.0081,0.0526,0.0311,0.0,0.0,0.0
01-05 02,Global,0.0186,0.0236,0.0243,0.0198,0.0199,0.0204
01-05 02,Europe,0.0799,0.0993,0.0747,0.0062,0.0,0.0
01-05 02,European Airspace,0.0463,0.0421,0.0462,0.0218,0.0029,0.0
01-05 02,Africa Middle East,0.0008,0.0043,0.0047,0.0145,0.0098,0.0074
01-05 02,East Asia,0.0,0.0,0.0,0.0,0.0,0.0
01-05 02,Southeast Asia,0.0,0.0,0.0,0.0001,0.0151,0.0773
01-05 02,India,0.0,0.0,0.0,0.0,0.0011,0.0127
01-05 02,China,0.0066,0.0041,0.0048,0.0051,0.0039,0.0
01-05 02,Latin America,0.0058,0.0318,0.0494,0.0492,0.084,0.0835
01-05 02,USA,0.0228,0.0518,0.0518,0.0201,0.0028,0.0
01-05 02,North Atlantic,0.0258,0.0578,0.081,0.0495,0.0046,0.0
01-05 02,North Pacific,0.0659,0.0569,0.0465,0.0149,0.0102,0.0
01-05 02,Amsterdam FIR,0.0065,0.0,0.0,0.0,0.0,0.0
01-05 02,Athinai FIR,0.0,0.0004,0.0,0.0,0.0,0.0
01-05 02,Barcelona FIR,0.0838,0.1366,0.119,0.0007,0.0,0.0
01-05 02,Beograd FIR,0.0,0.0231,0.0089,0.0,0.0,0.0
01-05 02,Bordeaux FIR,0.0351,0.0606,0.0,0.0,0.0,0.0
01-05 02,Bratislava  FIR,0.0544,0.0,0.0,0.0,0.0,0.0
01-05 02,Bremen FIR,0.174,0.0264,0.0,0.0,0.0,0.0
01-05 02,Brest FIR,0.0,0.0,0.0,0.0,0.0,0.0
01-05 02,Brindisi FIR,0.0699,0.5217,0.2035,0.0073,0.0,0.0
01-05 02,Brussels FIR,0.0,0.0,0.0,0.0,0.0,0.0
01-05 02,Bucarest FIR,0.0,0.0,0.0,0.0,0.0,0.0
01-05 02,Budapest FIR,0.0129,0.0,0.0,0.0,0.0,0.0
01-05 02,Canarias FIR,0.0,0.0013,0.0528,0.0357,0.0125,0.0
01-05 02,Chisinau FIR,0.0,0.0,0.0,0.0,0.0,0.0
01-05 02,Copenhagen FIR,0.1083,0.0,0.0,0.0,0.0,0.0
01-05 02,Helsinki FIR,0.0,0.0,0.0004,0.0,0.0,0.0
01-05 02,Langen FIR,0.4349,0.1561,0.0,0.0,0.0,0.0
01-05 02,Lisboa FIR,0.0,0.0023,0.0066,0.0,0.0,0.0
01-05 02,Ljubljana FIR,0.0,0.0,0.0,0.0,0.0,0.0
01-05 02,London FIR,0.031,0.0,0.0,0.0,0.0,0.0
01-05 02,Madrid FIR,0.023,0.0168,0.0,0.0,0.0,0.0
01-05 02,Malta FIR,0.0,0.0,0.0,0.0,0.0,0.0
01-05 02,Marseille FIR,0.1117,0.2663,0.3822,0.029,0.0,0.0
01-05 02,Milano FIR,0.1226,0.6915,0.4134,0.0396,0.0,0.0
01-05 02,Munchen FIR,0.372,0.2385,0.0,0.0,0.0,0.0
01-05 02,Paris FIR,0.0197,0.0,0.0,0.0,0.0,0.0
01-05 02,Polaris FIR,0.0836,0.0184,0.001,0.0,0.0,0.0
01-05 02,Praha FIR,0.3162,0.0911,0.0,0.0,0.0,0.0
01-05 02,Reims FIR,0.4124,0.0764,0.0,0.0,0.0,0.0
01-05 02,Reykjavik FIR,0.1168,0.0407,0.0017,0.0,0.0,0.0
01-05 02,Riga FIR,0.0,0.0,0.0,0.0,0.0,0.0
01-05 02,Roma FIR,0.0158,0.2215,0.2905,0.0441,0.0,0.0
01-05 02,Santa Maria FIR,0.0006,0.02,0.1665,0.1321,0.0039,0.0
01-05 02,Sarajevo FIR,0.0,0.0,0.0,0.0,0.0,0.0
01-05 02,Scottish FIR,0.2742,0.0053,0.0,0.0,0.0,0.0
01-05 02,Shannon FIR,0.0,0.0,0.0,0.0,0.0,0.0
01-05 02,Skopje FIR,0.0,0.0,0.0,0.0,0.0,0.0
01-05 02,Sofia FIR,0.0,0.0,0.0,0.0,0.0,0.0
01-05 02,Sweden FIR,0.0,0.0,0.0,0.0,0.0,0.0
01-05 02,Switzerland FIR,0.0122,0.0977,0.0,0.0,0.0,0.0
01-05 02,Tallinn FIR,0.0,0.0,0.0,0.0,0.0,0.0
01-05 02,Tirana FIR,0.0,0.0212,0.0053,0.0,0.0,0.0
01-05 02,Vilnius FIR,0.0589,0.0625,0.0,0.0,0.0,0.0
01-05 02,Warszawa FIR,0.1935,0.0528,0.0,0.0,0.0,0.0
01-05 02,Wien FIR,0.2326,0.0536,0.0,0.0,0.0,0.0
01-05 02,Zagreb FIR,0.0712,0.2561,0.1044,0.0,0.0,0.0
01-05 03,Global,0.0181,0.0236,0.0243,0.0196,0.0207,0.0218
01-05 03,Europe,0.0701,0.0832,0.044,0.0009,0.0,0.0
01-05 03,European Airspace,0.0394,0.037,0.037,0.0189,0.0033,0.0
01-05 03,Africa Middle East,0.0006,0.0037,0.0033,0.0071,0.0043,0.0061
01-05 03,East Asia,0.0001,0.0,0.0,0.0,0.0,0.0
01-05 03,Southeast Asia,0.0,0.0,0.0,0.0004,0.0153,0.0736
01-05 03,India,0.0,0.0,0.0,0.0,0.0006,0.0116
01-05 03,China,0.0082,0.0043,0.0066,0.0065,0.0045,0.0
01-05 03,Latin America,0.0059,0.0303,0.047,0.0502,0.0846,0.082
01-05 03,USA,0.0238,0.0535,0.0537,0.0188,0.001,0.0
01-05 03,North Atlantic,0.0269,0.0526,0.0771,0.0457,0.0064,0.0
01-05 03,North Pacific,0.0679,0.0589,0.048,0.017,0.0103,0.0
01-05 03,Amsterdam FIR,0.0,0.0,0.0,0.0,0.0,0.0
01-05 03,Athinai FIR,0.0,0.0,0.0,0.0,0.0,0.0
01-05 03,Barcelona FIR,0.0664,0.1494,0.1018,0.0,0.0,0.0
01-05 03,Beograd FIR,0.0,0.0409,0.0107,0.0,0.0,0.0
01-05 03,Bordeaux FIR,0.0119,0.0396,0.0,0.0,0.0,0.0
01-05 03,Bratislava  FIR,0.0287,0.0,0.0,0.0,0.0,0.0
01-05 03,Bremen FIR,0.0757,0.0138,0.0,0.0,0.0,0.0
01-05 03,Brest FIR,0.0,0.0,0.0,0.0,0.0,0.0
01-05 03,Brindisi FIR,0.0649,0.3211,0.0872,0.0,0.0,0.0
01-05 03,Brussels FIR,0.0,0.0,0.0,0.0,0.0,0.0
01-05 03,Bucarest FIR,0.0,0.0,0.0,0.0,0.0,0.0
01-05 03,Budapest FIR,0.0,0.0,0.0,0.0,0.0,0.0
01-05 03,Canarias FIR,0.0,0.0011,0.0492,0.0282,0.0099,0.0
01-05 03,Chisinau FIR,0.0,0.0,0.0,0.0,0.0,0.0
01-05 03,Copenhagen FIR,0.1177,0.0,0.0,0.0,0.0,0.0
01-05 03,Helsinki FIR,0.0,0.0,0.0,0.0,0.0,0.0
01-05 03,Langen FIR,0.2773,0.0704,0.0,0.0,0.0,0.0
01-05 03,Lisboa FIR,0.0,0.003,0.001,0.0,0.0,0.0
01-05 03,Ljubljana FIR,0.0,0.0099,0.0099,0.0,0.0,0.0
01-05 03,London FIR,0.0083,0.0,0.0,0.0,0.0,0.0
01-05 03,Madrid FIR,0.0101,0.0003,0.0,0.0,0.0,0.0
01-05 03,Malta FIR,0.0,0.0,0.0,0.0,0.0,0.0
01-05 03,Marseille FIR,0.0798,0.1597,0.1482,0.0,0.0,0.0
01-05 03,Milano FIR,0.059,0.7098,0.3591,0.0158,0.0,0.0
01-05 03,Munchen FIR,0.3092,0.1592,0.0,0.0,0.0,0.0
01-05 03,Paris FIR,0.0143,0.0,0.0,0.0,0.0,0.0
01-05 03,Polaris FIR,0.0827,0.0095,0.0,0.0,0.0,0.0
01-05 03,Praha FIR,0.5212,0.1733,0.0,0.0,0.0,0.0
01-05 03,Reims FIR,0.5532,0.0889,0.0,0.0,0.0,0.0
01-05 03,Reykjavik FIR,0.1248,0.0434,0.0013,0.0,0.0,0.0
01-05 03,Riga FIR,0.0,0.0,0.0,0.0,0.0,0.0
01-05 03,Roma FIR,0.0009,0.1785,0.1725,0.0079,0.0,0.0
01-05 03,Santa Maria FIR,0.0005,0.0235,0.1588,0.107,0.0037,0.0
01-05 03,Sarajevo FIR,0.0,0.0,0.0,0.0,0.0,0.0
01-05 03,Scottish FIR,0.2523,0.0058,0.0,0.0,0.0,0.0
01-05 03,Shannon FIR,0.0,0.0,0.0,0.0,0.0,0.0
01-05 03,Skopje FIR,0.0,0.0,0.0,0.0,0.0,0.0
01-05 03,Sofia FIR,0.0,0.0,0.0,0.0,0.0,0.0
01-05 03,Sweden FIR,0.0,0.0,0.0,0.0,0.0,0.0
01-05 03,Switzerland FIR,0.2269,0.1419,0.0,0.0,0.0,0.0
01-05 03,Tallinn FIR,0.0,0.0,0.0,0.0,0.0,0.0
01-05 03,Tirana FIR,0.0,0.1951,0.0158,0.0,0.0,0.0
01-05 03,Vilnius FIR,0.1291,0.0895,0.0,0.0,0.0,0.0
01-05 03,Warszawa FIR,0.1416,0.0279,0.0,0.0,0.0,0.0
01-05 03,Wien FIR,0.3218,0.057,0.0,0.0,0.0,0.0
01-05 03,Zagreb FIR,0.1084,0.2673,0.0806,0.0,0.0,0.0
01-05 04,Global,0.0176,0.023,0.0243,0.0193,0.0222,0.023
01-05 04,Europe,0.0677,0.0409,0.0139,0.0,0.0,0.0
01-05 04,European Airspace,0.036,0.0242,0.0273,0.0151,0.0044,0.0
01-05 04,Africa Middle East,0.0005,0.0021,0.0019,0.0015,0.0034,0.0059
01-05 04,East Asia,0.0006,0.0,0.0,0.0,0.0,0.0
01-05 04,Southeast Asia,0.0,0.0,0.0,0.0007,0.0192,0.0719
01-05 04,India,0.0,0.0,0.0,0.0001,0.0007,0.0074
01-05 04,China,0.0089,0.006,0.011,0.0088,0.0051,0.0
01-05 04,Latin America,0.0057,0.0282,0.0402,0.0467,0.0827,0.0793
01-05 04,USA,0.0246,0.0584,0.0561,0.0202,0.0003,0.0
01-05 04,North Atlantic,0.0252,0.0464,0.0744,0.0395,0.0096,0.0
01-05 04,North Pacific,0.0658,0.0565,0.0487,0.0179,0.0099,0.0
01-05 04,Amsterdam FIR,0.0,0.0,0.0,0.0,0.0,0.0
01-05 04,Athinai FIR,0.0,0.0,0.0,0.0,0.0,0.0
01-05 04,Barcelona FIR,0.0603,0.1157,0.0767,0.0,0.0,0.0
01-05 04,Beograd FIR,0.0,0.0,0.0,0.0,0.0,0.0
01-05 04,Bordeaux FIR,0.0,0.0,0.0,0.0,0.0,0.0
01-05 04,Bratislava  FIR,0.1076,0.0,0.0,0.0,0.0,0.0
01-05 04,Bremen FIR,0.0922,0.0028,0.0,0.0,0.0,0.0
01-05 04,Brest FIR,0.0,0.0,0.0,0.0,0.0,0.0
01-05 04,Brindisi FIR,0.0073,0.0,0.0,0.0,0.0,0.0
01-05 04,Brussels FIR,0.0,0.0,0.0,0.0,0.0,0.0
01-05 04,Bucarest FIR,0.0,0.0,0.0,0.0,0.0,0.0
01-05 04,Budapest FIR,0.0073,0.0,0.0,0.0,0.0,0.0
01-05 04,Canarias FIR,0.0,0.002,0.0407,0.0271,0.0069,0.0
01-05 04,Chisinau FIR,0.0,0.0,0.0,0.0,0.0,0.0
01-05 04,Copenhagen FIR,0.1012,0.0,0.0,0.0,0.0,0.0
01-05 04,Helsinki FIR,0.0,0.0,0.0,0.0,0.0,0.0
01-05 04,Langen FIR,0.3285,0.0619,0.0,0.0,0.0,0.0
01-05 04,Lisboa FIR,0.0,0.0023,0.0,0.0,0.0,0.0
01-05 04,Ljubljana FIR,0.0296,0.0198,0.0,0.0,0.0,0.0
01-05 04,London FIR,0.0057,0.0,0.0,0.0,0.0,0.0
01-05 04,Madrid FIR,0.0024,0.0,0.0,0.0,0.0,0.0
01-05 04,Malta FIR,0.0,0.0,0.0,0.0,0.0,0.0
01-05 04,Marseille FIR,0.0158,0.0902,0.0737,0.0,0.0,0.0
01-05 04,Milano FIR,0.0364,0.3415,0.0911,0.0,0.0,0.0
01-05 04,Munchen FIR,0.3636,0.0904,0.0,0.0,0.0,0.0
01-05 04,Paris FIR,0.0066,0.0,0.0,0.0,0.0,0.0
01-05 04,Polaris FIR,0.083,0.0029,0.002,0.0,0.0,0.0
01-05 04,Praha FIR,0.6795,0.1556,0.0,0.0,0.0,0.0
01-05 04,Reims FIR,0.5594,0.0445,0.0,0.0,0.0,0.0
01-05 04,Reykjavik FIR,0.1307,0.0444,0.0003,0.0,0.0,0.0
01-05 04,Riga FIR,0.0,0.0,0.0,0.0,0.0,0.0
01-05 04,Roma FIR,0.0,0.0953,0.0326,0.0,0.0,0.0
01-05 04,Santa Maria FIR,0.0002,0.0257,0.1444,0.069,0.0079,0.0
01-05 04,Sarajevo FIR,0.0,0.0,0.0,0.0,0.0,0.0
01-05 04,Scottish FIR,0.2272,0.005,0.0,0.0,0.0,0.0
01-05 04,Shannon FIR,0.0,0.0,0.0,0.0,0.0,0.0
01-05 04,Skopje FIR,0.0,0.0,0.0,0.0,0.0,0.0
01-05 04,Sofia FIR,0.0,0.0,0.0,0.0,0.0,0.0
01-05 04,Sweden FIR,0.0,0.0,0.0,0.0,0.0,0.0
01-05 04,Switzerland FIR,0.4566,0.2024,0.0,0.0,0.0,0.0
01-05 04,Tallinn FIR,0.0,0.0,0.0,0.0,0.0,0.0
01-05 04,Tirana FIR,0.0,0.0,0.0,0.0,0.0,0.0
01-05 04,Vilnius FIR,0.2259,0.0854,0.0,0.0,0.0,0.0
01-05 04,Warszawa FIR,0.082,0.0106,0.0,0.0,0.0,0.0
01-05 04,Wien FIR,0.3799,0.0672,0.0,0.0,0.0,0.0
01-05 04,Zagreb FIR,0.078,0.1132,0.0048,0.0,0.0,0.0
01-05 05,Global,0.0175,0.0229,0.0243,0.0195,0.024,0.0237
01-05 05,Europe,0.0498,0.0079,0.0053,0.0,0.0,0.0
01-05 05,European Airspace,0.03,0.0138,0.0219,0.0104,0.0039,0.0
01-05 05,Africa Middle East,0.0002,0.0007,0.0011,0.0004,0.0045,0.006
01-05 05,East Asia,0.001,0.0001,0.0,0.0,0.0,0.0001
01-05 05,Southeast Asia,0.0,0.0,0.0,0.0015,0.029,0.0824
01-05 05,India,0.0,0.0,0.0,0.0,0.0011,0.0043
01-05 05,China,0.0091,0.0112,0.0163,0.0109,0.006,0.0
01-05 05,Latin America,0.0047,0.0218,0.028,0.0422,0.0794,0.0713
01-05 05,USA,0.0238,0.0653,0.0599,0.0211,0.0009,0.0
01-05 05,North Atlantic,0.0247,0.0478,0.0705,0.0295,0.0096,0.0
01-05 05,North Pacific,0.0675,0.059,0.0477,0.0179,0.01,0.0
01-05 05,Amsterdam FIR,0.0,0.0,0.0,0.0,0.0,0.0
01-05 05,Athinai FIR,0.0,0.0,0.0,0.0,0.0,0.0
01-05 05,Barcelona FIR,0.0222,0.0328,0.0356,0.0,0.0,0.0
01-05 05,Beograd FIR,0.0,0.0,0.0,0.0,0.0,0.0
01-05 05,Bordeaux FIR,0.0,0.0,0.0,0.0,0.0,0.0
01-05 05,Bratislava  FIR,0.111,0.0,0.0,0.0,0.0,0.0
01-05 05,Bremen FIR,0.0229,0.0,0.0,0.0,0.0,0.0
01-05 05,Brest FIR,0.0,0.0,0.0,0.0,0.0,0.0
01-05 05,Brindisi FIR,0.0,0.0,0.0,0.0,0.0,0.0
01-05 05,Brussels FIR,0.0,0.0,0.0,0.0,0.0,0.0
01-05 05,Bucarest FIR,0.0,0.0,0.0,0.0,0.0,0.0
01-05 05,Budapest FIR,0.0055,0.0,0.0,0.0,0.0,0.0
01-05 05,Canarias FIR,0.0,0.0013,0.0326,0.0159,0.0,0.0
01-05 05,Chisinau FIR,0.0,0.0,0.0,0.0,0.0,0.0
01-05 05,Copenhagen FIR,0.0774,0.0,0.0,0.0,0.0,0.0
01-05 05,Helsinki FIR,0.0,0.0,0.0006,0.0,0.0,0.0
01-05 05,Langen FIR,0.3306,0.0176,0.0,0.0,0.0,0.0
01-05 05,Lisboa FIR,0.0,0.0,0.0,0.0,0.0,0.0
01-05 05,Ljubljana FIR,0.0198,0.0,0.0,0.0,0.0,0.0
01-05 05,London FIR,0.0075,0.0,0.0,0.0,0.0,0.0
01-05 05,Madrid FIR,0.0,0.0,0.0,0.0,0.0,0.0
01-05 05,Malta FIR,0.0,0.0,0.0,0.0,0.0,0.0
01-05 05,Marseille FIR,0.0019,0.068,0.0667,0.0,0.0,0.0
01-05 05,Milano FIR,0.02,0.0011,0.0,0.0,0.0,0.0
01-05 05,Munchen FIR,0.5486,0.0324,0.0,0.0,0.0,0.0
01-05 05,Paris FIR,0.0,0.0,0.0,0.0,0.0,0.0
01-05 05,Polaris FIR,0.0763,0.0004,0.0046,0.0,0.0,0.0
01-05 05,Praha FIR,0.3751,0.029,0.0,0.0,0.0,0.0
01-05 05,Reims FIR,0.2833,0.0,0.0,0.0,0.0,0.0
01-05 05,Reykjavik FIR,0.1371,0.0429,0.0,0.0,0.0,0.0
01-05 05,Riga FIR,0.0,0.0031,0.0,0.0,0.0,0.0
01-05 05,Roma FIR,0.0,0.0107,0.0009,0.0,0.0,0.0
01-05 05,Santa Maria FIR,0.0,0.0246,0.1196,0.0262,0.0069,0.0
01-05 05,Sarajevo FIR,0.0,0.0,0.0,0.0,0.0,0.0
01-05 05,Scottish FIR,0.1893,0.005,0.0,0.0,0.0,0.0
01-05 05,Shannon FIR,0.0,0.0,0.0,0.0,0.0,0.0
01-05 05,Skopje FIR,0.0,0.0,0.0,0.0,0.0,0.0
01-05 05,Sofia FIR,0.0,0.0,0.0,0.0,0.0,0.0
01-05 05,Sweden FIR,0.0,0.0,0.0,0.0,0.0,0.0
01-05 05,Switzerland FIR,0.2139,0.0685,0.0,0.0,0.0,0.0
01-05 05,Tallinn FIR,0.0,0.0,0.0,0.0,0.0,0.0
01-05 05,Tirana FIR,0.0,0.0,0.0,0.0,0.0,0.0
01-05 05,Vilnius FIR,0.2543,0.0522,0.0,0.0,0.0,0.0
01-05 05,Warszawa FIR,0.0422,0.0053,0.0,0.0,0.0,0.0
01-05 05,Wien FIR,0.0968,0.0021,0.0,0.0,0.0,0.0
01-05 05,Zagreb FIR,0.0158,0.0,0.0,0.0,0.0,0.0
01-05 06,Global,0.0178,0.0233,0.0241,0.0201,0.0252,0.0243
01-05 06,Europe,0.0268,0.0014,0.0024,0.0,0.0,0.0
01-05 06,European Airspace,0.024,0.0111,0.0143,0.0045,0.0025,0.0
01-05 06,Africa Middle East,0.0,0.0004,0.0006,0.0008,0.0057,0.0061
01-05 06,East Asia,0.0009,0.0003,0.0,0.0,0.0,0.0004
01-05 06,Southeast Asia,0.0,0.0,0.0,0.003,0.0459,0.109
01-05 06,India,0.0,0.0,0.0002,0.0001,0.0017,0.0038
01-05 06,China,0.0103,0.0192,0.0221,0.0123,0.0069,0.0
01-05 06,Latin America,0.0028,0.0122,0.0154,0.0401,0.0711,0.0598
01-05 06,USA,0.0232,0.0721,0.064,0.022,0.0015,0.0
01-05 06,North Atlantic,0.0263,0.0509,0.0608,0.0159,0.006,0.0
01-05 06,North Pacific,0.0701,0.0601,0.0463,0.0195,0.0099,0.0
01-05 06,Amsterdam FIR,0.0,0.0,0.0,0.0,0.0,0.0
01-05 06,Athinai FIR,0.0,0.0,0.0,0.0,0.0,0.0
01-05 06,Barcelona FIR,0.0007,0.0038,0.009,0.0,0.0,0.0
01-05 06,Beograd FIR,0.0,0.0,0.0,0.0,0.0,0.0
01-05 06,Bordeaux FIR,0.0,0.0,0.0,0.0,0.0,0.0
01-05 06,Bratislava  FIR,0.0,0.0,0.0,0.0,0.0,0.0
01-05 06,Bremen FIR,0.0,0.0,0.0,0.0,0.0,0.0
01-05 06,Brest FIR,0.0,0.0,0.0,0.0,0.0,0.0
01-05 06,Brindisi FIR,0.0,0.0,0.0,0.0,0.0,0.0
01-05 06,Brussels FIR,0.0,0.0,0.0,0.0,0.0,0.0
01-05 06,Bucarest FIR,0.0,0.0,0.0,0.0,0.0,0.0
01-05 06,Budapest FIR,0.0,0.0,0.0,0.0,0.0,0.0
01-05 06,Canarias FIR,0.0,0.0,0.0173,0.0015,0.0,0.0
01-05 06,Chisinau FIR,0.0,0.0,0.0,0.0,0.0,0.0
01-05 06,Copenhagen FIR,0.0359,0.0,0.0,0.0,0.0,0.0
01-05 06,Helsinki FIR,0.0,0.0,0.0032,0.0,0.0,0.0
01-05 06,Langen FIR,0.1723,0.0,0.0,0.0,0.0,0.0
01-05 06,Lisboa FIR,0.0,0.0,0.0,0.0,0.0,0.0
01-05 06,Ljubljana FIR,0.0,0.0,0.0,0.0,0.0,0.0
01-05 06,London FIR,0.0037,0.0,0.0,0.0,0.0,0.0
01-05 06,Madrid FIR,0.0,0.0,0.0,0.0,0.0,0.0
01-05 06,Malta FIR,0.0,0.0,0.0,0.0,0.0,0.0
01-05 06,Marseille FIR,0.0,0.0196,0.0408,0.0,0.0,0.0
01-05 06,Milano FIR,0.0,0.0,0.0,0.0,0.0,0.0
01-05 06,Munchen FIR,0.3183,0.0,0.0,0.0,0.0,0.0
01-05 06,Paris FIR,0.0,0.0,0.0,0.0,0.0,0.0
01-05 06,Polaris FIR,0.0652,0.0001,0.0055,0.0,0.0,0.0
01-05 06,Praha FIR,0.0436,0.0,0.0,0.0,0.0,0.0
01-05 06,Reims FIR,0.0031,0.0,0.0,0.0,0.0,0.0
01-05 06,Reykjavik FIR,0.1403,0.0424,0.0,0.0,0.0,0.0
01-05 06,Riga FIR,0.0108,0.0092,0.0,0.0,0.0,0.0
01-05 06,Roma FIR,0.0,0.0,0.0,0.0,0.0,0.0
01-05 06,Santa Maria FIR,0.0,0.0252,0.0786,0.0031,0.0018,0.0
01-05 06,Sarajevo FIR,0.0,0.0,0.0,0.0,0.0,0.0
01-05 06,Scottish FIR,0.1422,0.007,0.0,0.0,0.0,0.0
01-05 06,Shannon FIR,0.0,0.0,0.0,0.0,0.0,0.0
01-05 06,Skopje FIR,0.0,0.0,0.0,0.0,0.0,0.0
01-05 06,Sofia FIR,0.0,0.0,0.0,0.0,0.0,0.0
01-05 06,Sweden FIR,0.0,0.0,0.0,0.0,0.0,0.0
01-05 06,Switzerland FIR,0.012,0.0,0.0,0.0,0.0,0.0
01-05 06,Tallinn FIR,0.0,0.0,0.0,0.0,0.0,0.0
01-05 06,Tirana FIR,0.0,0.0,0.0,0.0,0.0,0.0
01-05 06,Vilnius FIR,0.2284,0.0174,0.0,0.0,0.0,0.0
01-05 06,Warszawa FIR,0.0519,0.0029,0.0,0.0,0.0,0.0
01-05 06,Wien FIR,0.0124,0.0,0.0,0.0,0.0,0.0
01-05 06,Zagreb FIR,0.0,0.0,0.0,0.0,0.0,0.0
01-05 07,Global,0.0185,0.0236,0.0241,0.0208,0.026,0.0247
01-05 07,Europe,0.0108,0.0007,0.0035,0.0003,0.0,0.0
01-05 07,European Airspace,0.0205,0.0089,0.0061,0.0011,0.0015,0.0
01-05 07,Africa Middle East,0.0,0.0001,0.0001,0.0013,0.0058,0.0053
01-05 07,East Asia,0.0017,0.0005,0.0,0.0,0.0,0.0011
01-05 07,Southeast Asia,0.0,0.0,0.0,0.006,0.072,0.1446
01-05 07,India,0.0,0.0001,0.0004,0.0006,0.0034,0.0056
01-05 07,China,0.0149,0.0276,0.0289,0.0134,0.0075,0.0
01-05 07,Latin America,0.0007,0.0049,0.0094,0.0366,0.057,0.0429
01-05 07,USA,0.024,0.0756,0.064,0.0192,0.0003,0.0
01-05 07,North Atlantic,0.0313,0.0531,0.0492,0.0062,0.0036,0.0
01-05 07,North Pacific,0.0713,0.0598,0.0468,0.0197,0.0102,0.0
01-05 07,Amsterdam FIR,0.0,0.0,0.0,0.0,0.0,0.0
01-05 07,Athinai FIR,0.0,0.0,0.0,0.0,0.0,0.0
01-05 07,Barcelona FIR,0.0,0.0023,0.0015,0.0,0.0,0.0
01-05 07,Beograd FIR,0.0,0.0,0.0,0.0,0.0,0.0
01-05 07,Bordeaux FIR,0.0,0.0,0.0,0.0,0.0,0.0
01-05 07,Bratislava  FIR,0.0,0.0,0.0,0.0,0.0,0.0
01-05 07,Bremen FIR,0.0,0.0,0.0,0.0,0.0,0.0
01-05 07,Brest FIR,0.0,0.0,0.0,0.0,0.0,0.0
01-05 07,Brindisi FIR,0.0,0.0,0.0,0.0,0.0,0.0
01-05 07,Brussels FIR,0.0,0.0,0.0,0.0,0.0,0.0
01-05 07,Bucarest FIR,0.0,0.0,0.0,0.0,0.0,0.0
01-05 07,Budapest FIR,0.0,0.0,0.0,0.0,0.0,0.0
01-05 07,Canarias FIR,0.0,0.0,0.0,0.0,0.0,0.0
01-05 07,Chisinau FIR,0.0,0.0,0.0,0.0,0.0,0.0
01-05 07,Copenhagen FIR,0.0,0.0,0.0,0.0,0.0,0.0
01-05 07,Helsinki FIR,0.0,0.0,0.0013,0.0,0.0,0.0
01-05 07,Langen FIR,0.0042,0.0,0.0,0.0,0.0,0.0
01-05 07,Lisboa FIR,0.0,0.0,0.0,0.0,0.0,0.0
01-05 07,Ljubljana FIR,0.0,0.0,0.0,0.0,0.0,0.0
01-05 07,London FIR,0.0,0.0,0.0,0.0,0.0,0.0
01-05 07,Madrid FIR,0.0,0.0,0.0,0.0,0.0,0.0
01-05 07,Malta FIR,0.0,0.0,0.0,0.0,0.0,0.0
01-05 07,Marseille FIR,0.0,0.0051,0.0737,0.0013,0.0,0.0
01-05 07,Milano FIR,0.0,0.0,0.0011,0.0034,0.0,0.0
01-05 07,Munchen FIR,0.0016,0.0,0.0,0.0,0.0,0.0
01-05 07,Paris FIR,0.0,0.0,0.0,0.0,0.0,0.0
01-05 07,Polaris FIR,0.0478,0.0,0.0031,0.0,0.0,0.0
01-05 07,Praha FIR,0.0,0.0,0.0,0.0,0.0,0.0
01-05 07,Reims FIR,0.0,0.0,0.0,0.0,0.0,0.0
01-05 07,Reykjavik FIR,0.1445,0.0471,0.0,0.0,0.0,0.0
01-05 07,Riga FIR,0.0507,0.0153,0.0,0.0,0.0,0.0
01-05 07,Roma FIR,0.0,0.0,0.0014,0.0028,0.0,0.0
01-05 07,Santa Maria FIR,0.0,0.0191,0.0376,0.0015,0.001,0.0
01-05 07,Sarajevo FIR,0.0,0.0,0.0,0.0,0.0,0.0
01-05 07,Scottish FIR,0.0934,0.0076,0.0,0.0,0.0,0.0
01-05 07,Shannon FIR,0.0,0.0,0.0,0.0,0.0,0.0
01-05 07,Skopje FIR,0.0,0.0,0.0,0.0,0.0,0.0
01-05 07,Sofia FIR,0.0,0.0,0.0,0.0,0.0,0.0
01-05 07,Sweden FIR,0.0,0.0,0.0006,0.0,0.0,0.0
01-05 07,Switzerland FIR,0.0,0.0,0.0,0.0,0.0,0.0
01-05 07,Tallinn FIR,0.0,0.0,0.0,0.0,0.0,0.0
01-05 07,Tirana FIR,0.0,0.0,0.0,0.0,0.0,0.0
01-05 07,Vilnius FIR,0.1311,0.0096,0.0,0.0,0.0,0.0
01-05 07,Warszawa FIR,0.0153,0.0,0.0,0.0,0.0,0.0
01-05 07,Wien FIR,0.0,0.0,0.0,0.0,0.0,0.0
01-05 07,Zagreb FIR,0.0,0.0,0.0,0.0,0.0,0.0
01-05 08,Global,0.0191,0.0238,0.0243,0.0214,0.0258,0.0257
01-05 08,Europe,0.0079,0.0009,0.0056,0.001,0.0,0.0
01-05 08,European Airspace,0.0209,0.0069,0.0036,0.0004,0.0007,0.0
01-05 08,Africa Middle East,0.0,0.0,0.0001,0.0019,0.0049,0.0045
01-05 08,East Asia,0.0024,0.0004,0.0,0.0,0.0,0.0022
01-05 08,Southeast Asia,0.0,0.0,0.0,0.0093,0.0923,0.1803
01-05 08,India,0.0001,0.0007,0.0018,0.0008,0.0068,0.0102
01-05 08,China,0.0207,0.0356,0.0358,0.0135,0.0077,0.0
01-05 08,Latin America,0.0003,0.0027,0.0072,0.0332,0.036,0.0325
01-05 08,USA,0.0249,0.0766,0.058,0.0122,0.0001,0.0
01-05 08,North Atlantic,0.0327,0.0493,0.0376,0.0035,0.0016,0.0
01-05 08,North Pacific,0.0684,0.0607,0.0468,0.018,0.0092,0.0001
01-05 08,Amsterdam FIR,0.0,0.0,0.0,0.0,0.0,0.0
01-05 08,Athinai FIR,0.0,0.0,0.0,0.0,0.0,0.0
01-05 08,Barcelona FIR,0.0,0.0045,0.0038,0.0,0.0,0.0
01-05 08,Beograd FIR,0.0,0.0,0.0,0.0,0.0,0.0
01-05 08,Bordeaux FIR,0.0,0.0,0.0,0.0,0.0,0.0
01-05 08,Bratislava  FIR,0.0,0.0,0.0,0.0,0.0,0.0
01-05 08,Bremen FIR,0.0,0.0,0.0,0.0,0.0,0.0
01-05 08,Brest FIR,0.0,0.0,0.0,0.0,0.0,0.0
01-05 08,Brindisi FIR,0.0,0.0,0.0,0.0,0.0,0.0
01-05 08,Brussels FIR,0.0,0.0,0.0,0.0,0.0,0.0
01-05 08,Bucarest FIR,0.0,0.0,0.0,0.0,0.0,0.0
01-05 08,Budapest FIR,0.0,0.0,0.0,0.0,0.0,0.0
01-05 08,Canarias FIR,0.0,0.0,0.0,0.0,0.0,0.0
01-05 08,Chisinau FIR,0.0,0.0,0.0,0.0,0.0,0.0
01-05 08,Copenhagen FIR,0.0,0.0,0.0,0.0,0.0,0.0
01-05 08,Helsinki FIR,0.0006,0.0,0.0033,0.0,0.0,0.0
01-05 08,Langen FIR,0.0,0.0,0.0,0.0,0.0,0.0
01-05 08,Lisboa FIR,0.0,0.0,0.0,0.0,0.0,0.0
01-05 08,Ljubljana FIR,0.0,0.0,0.0,0.0,0.0,0.0
01-05 08,London FIR,0.0025,0.0,0.0,0.0,0.0,0.0
01-05 08,Madrid FIR,0.0,0.0,0.0,0.0,0.0,0.0
01-05 08,Malta FIR,0.0,0.0,0.0,0.0,0.0,0.0
01-05 08,Marseille FIR,0.0,0.0025,0.0924,0.0006,0.0,0.0
01-05 08,Milano FIR,0.0,0.0,0.0188,0.0056,0.0,0.0
01-05 08,Munchen FIR,0.0046,0.0,0.0,0.0,0.0,0.0
01-05 08,Paris FIR,0.0,0.0,0.0,0.0,0.0,0.0
01-05 08,Polaris FIR,0.0276,0.0,0.0008,0.0,0.0,0.0
01-05 08,Praha FIR,0.0,0.0,0.0,0.0,0.0,0.0
01-05 08,Reims FIR,0.0,0.0,0.0,0.0,0.0,0.0
01-05 08,Reykjavik FIR,0.1451,0.0541,0.0,0.0,0.0,0.0
01-05 08,Riga FIR,0.0675,0.0138,0.0,0.0,0.0,0.0
01-05 08,Roma FIR,0.0,0.0,0.0109,0.0129,0.0,0.0
01-05 08,Santa Maria FIR,0.0,0.0088,0.0169,0.0015,0.0008,0.0
01-05 08,Sarajevo FIR,0.0,0.0,0.0,0.0,0.0,0.0
01-05 08,Scottish FIR,0.076,0.0122,0.0,0.0,0.0,0.0
01-05 08,Shannon FIR,0.0,0.0,0.0,0.0,0.0,0.0
01-05 08,Skopje FIR,0.0,0.0,0.0,0.0,0.0,0.0
01-05 08,Sofia FIR,0.0,0.0,0.0,0.0,0.0,0.0
01-05 08,Sweden FIR,0.0,0.0,0.002,0.0,0.0,0.0
01-05 08,Switzerland FIR,0.0,0.0,0.0,0.0,0.0,0.0
01-05 08,Tallinn FIR,0.0,0.0,0.0,0.0,0.0,0.0
01-05 08,Tirana FIR,0.0,0.0,0.0,0.0,0.0,0.0
01-05 08,Vilnius FIR,0.0306,0.0,0.0,0.0,0.0,0.0
01-05 08,Warszawa FIR,0.0,0.0,0.0,0.0,0.0,0.0
01-05 08,Wien FIR,0.0,0.0,0.0,0.0,0.0,0.0
01-05 08,Zagreb FIR,0.0,0.0,0.0,0.0,0.0,0.0
01-05 09,Global,0.0198,0.024,0.0246,0.0216,0.0263,0.0273
01-05 09,Europe,0.01,0.0031,0.0131,0.0036,0.0,0.0
01-05 09,European Airspace,0.0242,0.008,0.0054,0.0014,0.0004,0.0
01-05 09,Africa Middle East,0.0,0.0003,0.0003,0.0022,0.0039,0.0043
01-05 09,East Asia,0.0027,0.0003,0.0,0.0,0.0,0.0031
01-05 09,Southeast Asia,0.0,0.0,0.0,0.0113,0.1067,0.2038
01-05 09,India,0.0,0.0044,0.0047,0.0014,0.0112,0.0156
01-05 09,China,0.0263,0.0444,0.0411,0.0135,0.0078,0.0
01-05 09,Latin America,0.0004,0.0022,0.0071,0.0269,0.0232,0.0317
01-05 09,USA,0.0249,0.0747,0.0466,0.0075,0.0,0.0
01-05 09,North Atlantic,0.0281,0.0419,0.0285,0.0043,0.0008,0.0
01-05 09,North Pacific,0.0657,0.0608,0.05,0.0184,0.0084,0.0004
01-05 09,Amsterdam FIR,0.0,0.0,0.0,0.0,0.0,0.0
01-05 09,Athinai FIR,0.0,0.0,0.0,0.0,0.0,0.0
01-05 09,Barcelona FIR,0.0008,0.009,0.0068,0.0,0.0,0.0
01-05 09,Beograd FIR,0.0,0.0,0.0,0.0,0.0,0.0
01-05 09,Bordeaux FIR,0.0,0.0,0.0,0.0,0.0,0.0
01-05 09,Bratislava  FIR,0.0,0.0,0.0,0.0,0.0,0.0
01-05 09,Bremen FIR,0.0009,0.0,0.0,0.0,0.0,0.0
01-05 09,Brest FIR,0.0,0.0,0.0,0.0,0.0,0.0
01-05 09,Brindisi FIR,0.0,0.0,0.0025,0.0037,0.0,0.0
01-05 09,Brussels FIR,0.0,0.0,0.0,0.0,0.0,0.0
01-05 09,Bucarest FIR,0.0,0.0,0.0,0.0,0.0,0.0
01-05 09,Budapest FIR,0.0,0.0,0.0,0.0,0.0,0.0
01-05 09,Canarias FIR,0.0,0.0,0.0,0.001,0.0,0.0
01-05 09,Chisinau FIR,0.0,0.0,0.0,0.0,0.0,0.0
01-05 09,Copenhagen FIR,0.0063,0.0,0.0,0.0,0.0,0.0
01-05 09,Helsinki FIR,0.0036,0.0,0.008,0.0,0.0,0.0
01-05 09,Langen FIR,0.0,0.0,0.0,0.0,0.0,0.0
01-05 09,Lisboa FIR,0.0,0.0,0.0,0.0,0.0,0.0
01-05 09,Ljubljana FIR,0.0,0.0,0.0985,0.0,0.0,0.0
01-05 09,London FIR,0.0029,0.0,0.0,0.0,0.0,0.0
01-05 09,Madrid FIR,0.0,0.0,0.0,0.0,0.0,0.0
01-05 09,Malta FIR,0.0,0.0,0.0,0.0,0.0,0.0
01-05 09,Marseille FIR,0.0,0.0076,0.1852,0.0069,0.0,0.0
01-05 09,Milano FIR,0.0,0.0,0.0034,0.0112,0.0,0.0
01-05 09,Munchen FIR,0.0,0.0016,0.0,0.0,0.0,0.0
01-05 09,Paris FIR,0.0,0.0,0.0,0.0,0.0,0.0
01-05 09,Polaris FIR,0.0305,0.0,0.0011,0.0,0.0,0.0
01-05 09,Praha FIR,0.0,0.0,0.0,0.0,0.0,0.0
01-05 09,Reims FIR,0.0,0.0,0.0,0.0,0.0,0.0
01-05 09,Reykjavik FIR,0.1509,0.059,0.0,0.0,0.0,0.0
01-05 09,Riga FIR,0.0504,0.0031,0.0,0.0,0.0,0.0
01-05 09,Roma FIR,0.0,0.0089,0.0464,0.0452,0.0,0.0
01-05 09,Santa Maria FIR,0.0,0.0012,0.0125,0.0031,0.0016,0.0
01-05 09,Sarajevo FIR,0.0,0.0,0.0,0.0,0.0,0.0
01-05 09,Scottish FIR,0.1004,0.0236,0.0,0.0,0.0,0.0
01-05 09,Shannon FIR,0.0,0.0,0.0,0.0,0.0,0.0
01-05 09,Skopje FIR,0.0,0.0,0.0,0.0,0.0,0.0
01-05 09,Sofia FIR,0.0,0.0,0.0,0.0,0.0,0.0
01-05 09,Sweden FIR,0.0,0.0,0.0022,0.0,0.0,0.0
01-05 09,Switzerland FIR,0.0,0.0,0.0,0.0,0.0,0.0
01-05 09,Tallinn FIR,0.0,0.0,0.0,0.0,0.0,0.0
01-05 09,Tirana FIR,0.0,0.0,0.0,0.0,0.0,0.0
01-05 09,Vilnius FIR,0.0019,0.0,0.0,0.0,0.0,0.0
01-05 09,Warszawa FIR,0.0,0.0,0.0,0.0,0.0,0.0
01-05 09,Wien FIR,0.0,0.0,0.0,0.0,0.0,0.0
01-05 09,Zagreb FIR,0.0,0.0,0.0349,0.0064,0.0,0.0
01-05 10,Global,0.0202,0.0233,0.0242,0.022,0.0284,0.0296
01-05 10,Europe,0.0127,0.0054,0.0215,0.0067,0.0,0.0
01-05 10,European Airspace,0.0278,0.0091,0.008,0.0028,0.0003,0.0
01-05 10,Africa Middle East,0.0,0.0004,0.0004,0.002,0.0038,0.0053
01-05 10,East Asia,0.003,0.0002,0.0,0.0,0.0001,0.003
01-05 10,Southeast Asia,0.0,0.0,0.0,0.0157,0.1217,0.2173
01-05 10,India,0.0004,0.0066,0.0055,0.0021,0.0175,0.021
01-05 10,China,0.0294,0.0515,0.0443,0.0141,0.0076,0.0
01-05 10,Latin America,0.0002,0.0017,0.0071,0.0198,0.0182,0.0332
01-05 10,USA,0.0248,0.0646,0.0358,0.006,0.0,0.0
01-05 10,North Atlantic,0.0173,0.0318,0.0271,0.0056,0.0003,0.0
01-05 10,North Pacific,0.0661,0.0626,0.0546,0.019,0.0096,0.0013
01-05 10,Amsterdam FIR,0.0,0.0,0.0,0.0,0.0,0.0
01-05 10,Athinai FIR,0.0,0.0,0.0,0.0,0.0,0.0
01-05 10,Barcelona FIR,0.0,0.0037,0.0022,0.0,0.0,0.0
01-05 10,Beograd FIR,0.0,0.0,0.0,0.0,0.0,0.0
01-05 10,Bordeaux FIR,0.0,0.0,0.0,0.0,0.0,0.0
01-05 10,Bratislava  FIR,0.0,0.0072,0.0,0.0,0.0,0.0
01-05 10,Bremen FIR,0.0,0.0,0.0,0.0,0.0,0.0
01-05 10,Brest FIR,0.0,0.0,0.0,0.0,0.0,0.0
01-05 10,Brindisi FIR,0.0,0.0,0.0739,0.0443,0.0,0.0
01-05 10,Brussels FIR,0.0,0.0,0.0,0.0,0.0,0.0
01-05 10,Bucarest FIR,0.0,0.0,0.0,0.0,0.0,0.0
01-05 10,Budapest FIR,0.0,0.0,0.0038,0.0,0.0,0.0
01-05 10,Canarias FIR,0.0,0.0,0.0019,0.0051,0.0,0.0
01-05 10,Chisinau FIR,0.0,0.0,0.0,0.0,0.0,0.0
01-05 10,Copenhagen FIR,0.0208,0.0,0.0,0.0,0.0,0.0
01-05 10,Helsinki FIR,0.0054,0.0,0.0072,0.0,0.0,0.0
01-05 10,Langen FIR,0.0,0.0,0.0,0.0,0.0,0.0
01-05 10,Lisboa FIR,0.0,0.0,0.0,0.0,0.0003,0.0
01-05 10,Ljubljana FIR,0.0,0.0,0.0987,0.0099,0.0,0.0
01-05 10,London FIR,0.0029,0.0,0.0,0.0,0.0,0.0
01-05 10,Madrid FIR,0.0,0.0,0.0,0.0,0.0,0.0
01-05 10,Malta FIR,0.0,0.0011,0.0,0.0,0.0,0.0
01-05 10,Marseille FIR,0.0,0.0139,0.1641,0.005,0.0,0.0
01-05 10,Milano FIR,0.0,0.0023,0.0691,0.0022,0.0,0.0
01-05 10,Munchen FIR,0.0,0.0017,0.0,0.0,0.0,0.0
01-05 10,Paris FIR,0.0011,0.0,0.0,0.0,0.0,0.0
01-05 10,Polaris FIR,0.0337,0.0,0.0008,0.0,0.0,0.0
01-05 10,Praha FIR,0.0,0.0337,0.0,0.0,0.0,0.0
01-05 10,Reims FIR,0.0317,0.0,0.0,0.0,0.0,0.0
01-05 10,Reykjavik FIR,0.1619,0.06,0.0,0.0,0.0,0.0
01-05 10,Riga FIR,0.0152,0.0,0.0,0.0,0.0,0.0
01-05 10,Roma FIR,0.0,0.0156,0.1219,0.0766,0.0,0.0
01-05 10,Santa Maria FIR,0.0,0.0005,0.0148,0.0066,0.0019,0.0
01-05 10,Sarajevo FIR,0.0,0.0,0.0,0.0,0.0,0.0
01-05 10,Scottish FIR,0.1295,0.0294,0.0,0.0,0.0,0.0
01-05 10,Shannon FIR,0.0,0.0,0.0,0.0,0.0,0.0
01-05 10,Skopje FIR,0.0,0.0,0.0,0.0,0.0,0.0
01-05 10,Sofia FIR,0.0,0.0,0.0,0.0,0.0,0.0
01-05 10,Sweden FIR,0.0,0.0,0.0008,0.0,0.0,0.0
01-05 10,Switzerland FIR,0.0,0.0,0.0,0.0,0.0,0.0
01-05 10,Tallinn FIR,0.0,0.0,0.0,0.0,0.0,0.0
01-05 10,Tirana FIR,0.0,0.0,0.0,0.0,0.0,0.0
01-05 10,Vilnius FIR,0.0,0.0,0.0,0.0,0.0,0.0
01-05 10,Warszawa FIR,0.0,0.0,0.0,0.0,0.0,0.0
01-05 10,Wien FIR,0.0,0.002,0.0,0.0,0.0,0.0
01-05 10,Zagreb FIR,0.0,0.0,0.0773,0.0286,0.0,0.0
01-05 11,Global,0.0206,0.0224,0.0232,0.0218,0.0294,0.0308
01-05 11,Europe,0.0168,0.01,0.039,0.0088,0.0,0.0
01-05 11,European Airspace,0.0318,0.0111,0.015,0.005,0.0007,0.0
01-05 11,Africa Middle East,0.0003,0.0004,0.0011,0.0025,0.005,0.0068
01-05 11,East Asia,0.0028,0.0,0.0,0.0,0.0,0.0025
01-05 11,Southeast Asia,0.0,0.0,0.0,0.0175,0.1333,0.2254
01-05 11,India,0.0006,0.0051,0.0059,0.003,0.0222,0.0248
01-05 11,China,0.0294,0.0531,0.0454,0.0151,0.0074,0.0
01-05 11,Latin America,0.0002,0.0016,0.0081,0.0148,0.021,0.0361
01-05 11,USA,0.0228,0.0472,0.0246,0.0034,0.0,0.0
01-05 11,North Atlantic,0.0128,0.0235,0.0385,0.0101,0.0002,0.0
01-05 11,North Pacific,0.0642,0.0671,0.0594,0.0208,0.0071,0.0008
01-05 11,Amsterdam FIR,0.0,0.0,0.0,0.0,0.0,0.0
01-05 11,Athinai FIR,0.0,0.0,0.0,0.0,0.0,0.0
01-05 11,Barcelona FIR,0.0,0.0,0.0,0.0,0.0,0.0
01-05 11,Beograd FIR,0.0,0.0,0.0017,0.0,0.0,0.0
01-05 11,Bordeaux FIR,0.0,0.0,0.0,0.0,0.0,0.0
01-05 11,Bratislava  FIR,0.0569,0.0789,0.0,0.0,0.0,0.0
01-05 11,Bremen FIR,0.0,0.0,0.0,0.0,0.0,0.0
01-05 11,Brest FIR,0.0,0.0,0.0,0.0,0.0,0.0
01-05 11,Brindisi FIR,0.0,0.0,0.1622,0.0945,0.0,0.0
01-05 11,Brussels FIR,0.0,0.0,0.0,0.0,0.0,0.0
01-05 11,Bucarest FIR,0.0,0.0,0.0,0.0,0.0,0.0
01-05 11,Budapest FIR,0.0,0.0094,0.0773,0.0,0.0,0.0
01-05 11,Canarias FIR,0.0,0.0,0.0055,0.0122,0.0,0.0
01-05 11,Chisinau FIR,0.0,0.0,0.0,0.0,0.0,0.0
01-05 11,Copenhagen FIR,0.0446,0.0,0.0,0.0,0.0,0.0
01-05 11,Helsinki FIR,0.0061,0.0,0.0082,0.0,0.0,0.0
01-05 11,Langen FIR,0.0,0.0,0.0,0.0,0.0,0.0
01-05 11,Lisboa FIR,0.0,0.0,0.0,0.0,0.0016,0.0
01-05 11,Ljubljana FIR,0.0,0.0,0.0197,0.0,0.0,0.0
01-05 11,London FIR,0.005,0.0,0.0,0.0,0.0,0.0
01-05 11,Madrid FIR,0.0,0.0,0.0,0.0,0.0,0.0
01-05 11,Malta FIR,0.0,0.0,0.0,0.0,0.0,0.0
01-05 11,Marseille FIR,0.0031,0.0219,0.1454,0.0062,0.0,0.0
01-05 11,Milano FIR,0.0011,0.0475,0.2242,0.0,0.0,0.0
01-05 11,Munchen FIR,0.0,0.0,0.0,0.0,0.0,0.0
01-05 11,Paris FIR,0.0,0.0,0.0,0.0,0.0,0.0
01-05 11,Polaris FIR,0.0469,0.0,0.0,0.0,0.0,0.0
01-05 11,Praha FIR,0.0126,0.0799,0.0,0.0,0.0,0.0
01-05 11,Reims FIR,0.0725,0.0,0.0,0.0,0.0,0.0
01-05 11,Reykjavik FIR,0.1765,0.0624,0.0,0.0,0.0,0.0
01-05 11,Riga FIR,0.0,0.0,0.0,0.0,0.0,0.0
01-05 11,Roma FIR,0.0013,0.0395,0.1846,0.0833,0.0,0.0
01-05 11,Santa Maria FIR,0.0,0.0008,0.0214,0.0127,0.0031,0.0
01-05 11,Sarajevo FIR,0.0,0.0,0.0666,0.0037,0.0,0.0
01-05 11,Scottish FIR,0.1436,0.0302,0.0,0.0,0.0,0.0
01-05 11,Shannon FIR,0.0,0.0,0.0,0.0,0.0,0.0
01-05 11,Skopje FIR,0.0,0.0,0.0,0.0,0.0,0.0
01-05 11,Sofia FIR,0.0,0.0,0.0,0.0,0.0,0.0
01-05 11,Sweden FIR,0.0,0.0,0.0002,0.0,0.0,0.0
01-05 11,Switzerland FIR,0.0,0.0,0.0,0.0,0.0,0.0
01-05 11,Tallinn FIR,0.0,0.0,0.0,0.0,0.0,0.0
01-05 11,Tirana FIR,0.0,0.0,0.0,0.0,0.0,0.0
01-05 11,Vilnius FIR,0.0,0.0,0.0,0.0,0.0,0.0
01-05 11,Warszawa FIR,0.005,0.0102,0.0,0.0,0.0,0.0
01-05 11,Wien FIR,0.0,0.0,0.0,0.0,0.0,0.0
01-05 11,Zagreb FIR,0.0,0.0016,0.2435,0.0584,0.0,0.0
01-05 12,Global,0.0206,0.0214,0.0227,0.0215,0.03,0.0319
01-05 12,Europe,0.0256,0.0216,0.0706,0.0083,0.0,0.0
01-05 12,European Airspace,0.0361,0.0164,0.0275,0.0087,0.0015,0.0
01-05 12,Africa Middle East,0.0005,0.0009,0.0028,0.0038,0.0083,0.0103
01-05 12,East Asia,0.0023,0.0,0.0,0.0,0.0,0.0014
01-05 12,Southeast Asia,0.0,0.0,0.0,0.0203,0.1412,0.2309
01-05 12,India,0.0003,0.0043,0.0058,0.0047,0.0244,0.027
01-05 12,China,0.0295,0.0528,0.0432,0.0152,0.0075,0.0
01-05 12,Latin America,0.0003,0.0015,0.009,0.0134,0.0243,0.0376
01-05 12,USA,0.0186,0.0266,0.0192,0.0022,0.0,0.0
01-05 12,North Atlantic,0.0103,0.0264,0.053,0.0167,0.0012,0.0
01-05 12,North Pacific,0.0639,0.07,0.062,0.0229,0.0043,0.0003
01-05 12,Amsterdam FIR,0.0,0.0,0.0,0.0,0.0,0.0
01-05 12,Athinai FIR,0.0,0.0004,0.0057,0.0,0.0,0.0
01-05 12,Barcelona FIR,0.0,0.0,0.0015,0.0,0.0,0.0
01-05 12,Beograd FIR,0.0,0.1073,0.2405,0.0,0.0,0.0
01-05 12,Bordeaux FIR,0.0,0.0,0.0,0.0,0.0,0.0
01-05 12,Bratislava  FIR,0.382,0.1257,0.0,0.0,0.0,0.0
01-05 12,Bremen FIR,0.0117,0.0,0.0,0.0,0.0,0.0
01-05 12,Brest FIR,0.0,0.0,0.0,0.0,0.0,0.0
01-05 12,Brindisi FIR,0.0024,0.0569,0.3094,0.1024,0.0,0.0
01-05 12,Brussels FIR,0.0,0.0,0.0,0.0,0.0,0.0
01-05 12,Bucarest FIR,0.0068,0.0134,0.0148,0.0,0.0,0.0
01-05 12,Budapest FIR,0.0779,0.055,0.0961,0.0,0.0,0.0
01-05 12,Canarias FIR,0.0,0.0,0.0089,0.0176,0.0013,0.0
01-05 12,Chisinau FIR,0.0,0.0,0.0,0.0,0.0,0.0
01-05 12,Copenhagen FIR,0.0683,0.0,0.0,0.0,0.0,0.0
01-05 12,Helsinki FIR,0.0063,0.0,0.0065,0.0,0.0,0.0
01-05 12,Langen FIR,0.0685,0.0235,0.0,0.0,0.0,0.0
01-05 12,Lisboa FIR,0.0,0.0,0.0003,0.0,0.0052,0.0
01-05 12,Ljubljana FIR,0.0,0.0,0.1873,0.0198,0.0,0.0
01-05 12,London FIR,0.0083,0.0,0.0,0.0,0.0,0.0
01-05 12,Madrid FIR,0.0,0.0,0.0,0.0,0.0,0.0
01-05 12,Malta FIR,0.0,0.0,0.0169,0.0,0.0,0.0
01-05 12,Marseille FIR,0.0224,0.045,0.1375,0.0,0.0,0.0
01-05 12,Milano FIR,0.0113,0.1489,0.3109,0.0022,0.0,0.0
01-05 12,Munchen FIR,0.0,0.0049,0.0,0.0,0.0,0.0
01-05 12,Paris FIR,0.0011,0.0,0.0,0.0,0.0,0.0
01-05 12,Polaris FIR,0.0573,0.0,0.0,0.0,0.0,0.0
01-05 12,Praha FIR,0.0441,0.0317,0.0,0.0,0.0,0.0
01-05 12,Reims FIR,0.1094,0.0063,0.0,0.0,0.0,0.0
01-05 12,Reykjavik FIR,0.1853,0.0667,0.0,0.0,0.0,0.0
01-05 12,Riga FIR,0.0,0.0,0.0,0.0,0.0,0.0
01-05 12,Roma FIR,0.0044,0.0791,0.3115,0.0606,0.0,0.0
01-05 12,Santa Maria FIR,0.0,0.0012,0.0241,0.0214,0.0049,0.0
01-05 12,Sarajevo FIR,0.0,0.0,0.3838,0.0114,0.0,0.0
01-05 12,Scottish FIR,0.158,0.0288,0.0,0.0,0.0,0.0
01-05 12,Shannon FIR,0.0,0.0,0.0,0.0,0.0,0.0
01-05 12,Skopje FIR,0.0,0.0229,0.061,0.0,0.0,0.0
01-05 12,Sofia FIR,0.0,0.0,0.0,0.0,0.0,0.0
01-05 12,Sweden FIR,0.0,0.0,0.0,0.0,0.0,0.0
01-05 12,Switzerland FIR,0.0,0.0,0.0,0.0,0.0,0.0
01-05 12,Tallinn FIR,0.0,0.0,0.0,0.0,0.0,0.0
01-05 12,Tirana FIR,0.0,0.0159,0.2748,0.0,0.0,0.0
01-05 12,Vilnius FIR,0.0,0.0,0.0,0.0,0.0,0.0
01-05 12,Warszawa FIR,0.0521,0.0288,0.0,0.0,0.0,0.0
01-05 12,Wien FIR,0.0061,0.0,0.0063,0.0063,0.0,0.0
01-05 12,Zagreb FIR,0.0032,0.1319,0.6122,0.1063,0.0,0.0
01-05 13,Global,0.0203,0.0211,0.0228,0.0209,0.0297,0.0319
01-05 13,Europe,0.0367,0.0483,0.1024,0.0098,0.0,0.0
01-05 13,European Airspace,0.0423,0.0298,0.0429,0.0151,0.0022,0.0
01-05 13,Africa Middle East,0.0007,0.0035,0.0054,0.0073,0.0141,0.0145
01-05 13,East Asia,0.0018,0.0,0.0,0.0,0.0,0.0006
01-05 13,Southeast Asia,0.0,0.0,0.0,0.0223,0.1484,0.2362
01-05 13,India,0.0002,0.0044,0.0054,0.0061,0.0289,0.0274
01-05 13,China,0.0284,0.0515,0.0406,0.0149,0.0069,0.0
01-05 13,Latin America,0.0001,0.0014,0.0096,0.0131,0.0255,0.037
01-05 13,USA,0.0116,0.0143,0.0141,0.0016,0.0,0.0
01-05 13,North Atlantic,0.0101,0.0369,0.071,0.0252,0.0017,0.0
01-05 13,North Pacific,0.0614,0.0654,0.0594,0.0189,0.0015,0.0
01-05 13,Amsterdam FIR,0.0035,0.0,0.0,0.0,0.0,0.0
01-05 13,Athinai FIR,0.0,0.022,0.0169,0.0,0.0,0.0
01-05 13,Barcelona FIR,0.0,0.0,0.0,0.0,0.0,0.0
01-05 13,Beograd FIR,0.0469,0.4473,0.5483,0.0139,0.0,0.0
01-05 13,Bordeaux FIR,0.0,0.0,0.0,0.0,0.0,0.0
01-05 13,Bratislava  FIR,0.3653,0.0719,0.0,0.0,0.0,0.0
01-05 13,Bremen FIR,0.0009,0.0,0.0,0.0,0.0,0.0
01-05 13,Brest FIR,0.0,0.0,0.0,0.0,0.0,0.0
01-05 13,Brindisi FIR,0.0048,0.1404,0.409,0.0977,0.0,0.0
01-05 13,Brussels FIR,0.009,0.0,0.0,0.0,0.0,0.0
01-05 13,Bucarest FIR,0.0694,0.055,0.0587,0.0,0.0,0.0
01-05 13,Budapest FIR,0.2114,0.0473,0.0885,0.0076,0.0,0.0
01-05 13,Canarias FIR,0.0,0.0,0.0107,0.023,0.005,0.0
01-05 13,Chisinau FIR,0.0,0.0,0.0,0.0,0.0,0.0
01-05 13,Copenhagen FIR,0.1014,0.0,0.0,0.0,0.0,0.0
01-05 13,Helsinki FIR,0.0052,0.0,0.0039,0.0,0.0,0.0
01-05 13,Langen FIR,0.3289,0.0381,0.0,0.0,0.0,0.0
01-05 13,Lisboa FIR,0.0,0.0,0.0013,0.0042,0.0118,0.0
01-05 13,Ljubljana FIR,0.0,0.0297,0.5116,0.2154,0.0,0.0
01-05 13,London FIR,0.0071,0.0,0.0,0.0,0.0,0.0
01-05 13,Madrid FIR,0.0,0.0,0.0,0.0,0.0,0.0
01-05 13,Malta FIR,0.0,0.0999,0.0933,0.0,0.0,0.0
01-05 13,Marseille FIR,0.0557,0.069,0.1436,0.0,0.0,0.0
01-05 13,Milano FIR,0.0248,0.2,0.3276,0.0022,0.0,0.0
01-05 13,Munchen FIR,0.3151,0.031,0.0,0.0,0.0,0.0
01-05 13,Paris FIR,0.0,0.0,0.0,0.0,0.0,0.0
01-05 13,Polaris FIR,0.0613,0.0,0.0,0.0,0.0,0.0
01-05 13,Praha FIR,0.0399,0.0364,0.0,0.0,0.0,0.0
01-05 13,Reims FIR,0.0433,0.016,0.0,0.0,0.0,0.0
01-05 13,Reykjavik FIR,0.1855,0.0651,0.0,0.0,0.0,0.0
01-05 13,Riga FIR,0.0,0.0,0.0,0.0,0.0,0.0
01-05 13,Roma FIR,0.0009,0.1921,0.5314,0.0586,0.0,0.0
01-05 13,Santa Maria FIR,0.0,0.0017,0.0328,0.0373,0.0055,0.0
01-05 13,Sarajevo FIR,0.0074,0.3818,0.6876,0.0796,0.0,0.0
01-05 13,Scottish FIR,0.1504,0.0257,0.0,0.0,0.0,0.0
01-05 13,Shannon FIR,0.0,0.0,0.0,0.0,0.0,0.0
01-05 13,Skopje FIR,0.0075,0.3111,0.2577,0.0,0.0,0.0
01-05 13,Sofia FIR,0.0368,0.0395,0.0092,0.0,0.0,0.0
01-05 13,Sweden FIR,0.0,0.0,0.0,0.0,0.0,0.0
01-05 13,Switzerland FIR,0.0,0.0162,0.0,0.0,0.0,0.0
01-05 13,Tallinn FIR,0.0121,0.0,0.0,0.0,0.0,0.0
01-05 13,Tirana FIR,0.0,0.1166,0.5087,0.0,0.0,0.0
01-05 13,Vilnius FIR,0.0,0.0,0.0,0.0,0.0,0.0
01-05 13,Warszawa FIR,0.0784,0.0186,0.0,0.0,0.0,0.0
01-05 13,Wien FIR,0.0161,0.0,0.0436,0.0604,0.0,0.0
01-05 13,Zagreb FIR,0.0303,0.3919,0.8351,0.0888,0.0,0.0
01-05 14,Global,0.0195,0.0207,0.0228,0.0206,0.0292,0.0313
01-05 14,Europe,0.0386,0.0845,0.116,0.0093,0.0,0.0
01-05 14,European Airspace,0.0445,0.0453,0.0556,0.0224,0.0033,0.0
01-05 14,Africa Middle East,0.0009,0.0069,0.0074,0.0121,0.0207,0.0182
01-05 14,East Asia,0.0016,0.0,0.0,0.0,0.0,0.0004
01-05 14,Southeast Asia,0.0,0.0,0.0,0.0241,0.157,0.245
01-05 14,India,0.0001,0.0044,0.0044,0.0075,0.0299,0.0278
01-05 14,China,0.0269,0.0501,0.0381,0.0146,0.0057,0.0
01-05 14,Latin America,0.0,0.0017,0.0098,0.0126,0.0252,0.0346
01-05 14,USA,0.0066,0.0083,0.0127,0.0015,0.0,0.0
01-05 14,North Atlantic,0.0118,0.0452,0.0906,0.0345,0.0033,0.0
01-05 14,North Pacific,0.0523,0.054,0.0537,0.0135,0.0013,0.0
01-05 14,Amsterdam FIR,0.0123,0.0,0.0,0.0,0.0,0.0
01-05 14,Athinai FIR,0.0,0.0642,0.0441,0.0,0.0,0.0
01-05 14,Barcelona FIR,0.0,0.0,0.0,0.0,0.0,0.0
01-05 14,Beograd FIR,0.0312,0.5897,0.6279,0.0192,0.0,0.0
01-05 14,Bordeaux FIR,0.0,0.0,0.0,0.0,0.0,0.0
01-05 14,Bratislava  FIR,0.1474,0.018,0.0217,0.0,0.0,0.0
01-05 14,Bremen FIR,0.0027,0.0,0.0,0.0,0.0,0.0
01-05 14,Brest FIR,0.0,0.0,0.0,0.0,0.0,0.0
01-05 14,Brindisi FIR,0.0085,0.1974,0.4071,0.101,0.0,0.0
01-05 14,Brussels FIR,0.018,0.0,0.0,0.0,0.0,0.0
01-05 14,Bucarest FIR,0.142,0.0923,0.0936,0.0,0.0,0.0
01-05 14,Budapest FIR,0.1298,0.042,0.1987,0.0186,0.0,0.0
01-05 14,Canarias FIR,0.0,0.0,0.0183,0.0345,0.0065,0.0
01-05 14,Chisinau FIR,0.0,0.0,0.0,0.0,0.0,0.0
01-05 14,Copenhagen FIR,0.1142,0.0,0.0,0.0,0.0,0.0
01-05 14,Helsinki FIR,0.0077,0.0,0.0019,0.0,0.0,0.0
01-05 14,Langen FIR,0.2229,0.0163,0.0,0.0,0.0,0.0
01-05 14,Lisboa FIR,0.0,0.0,0.019,0.0406,0.0142,0.0
01-05 14,Ljubljana FIR,0.0,0.0495,0.5598,0.0975,0.0,0.0
01-05 14,London FIR,0.0077,0.0,0.0,0.0,0.0,0.0
01-05 14,Madrid FIR,0.0,0.0,0.0,0.0,0.0,0.0
01-05 14,Malta FIR,0.0,0.289,0.1633,0.0,0.0,0.0
01-05 14,Marseille FIR,0.0582,0.0968,0.143,0.0,0.0,0.0
01-05 14,Milano FIR,0.0424,0.2325,0.3356,0.0056,0.0,0.0
01-05 14,Munchen FIR,0.3635,0.0079,0.0,0.0,0.0,0.0
01-05 14,Paris FIR,0.0145,0.0,0.0,0.0,0.0,0.0
01-05 14,Polaris FIR,0.0645,0.0002,0.0,0.0,0.0,0.0
01-05 14,Praha FIR,0.2892,0.0467,0.0,0.0,0.0,0.0
01-05 14,Reims FIR,0.0351,0.0576,0.0,0.0,0.0,0.0
01-05 14,Reykjavik FIR,0.1879,0.0647,0.0,0.0,0.0,0.0
01-05 14,Riga FIR,0.0,0.0,0.0,0.0,0.0,0.0
01-05 14,Roma FIR,0.0009,0.3713,0.6324,0.0598,0.0,0.0
01-05 14,Santa Maria FIR,0.0,0.0038,0.0555,0.0515,0.0074,0.0
01-05 14,Sarajevo FIR,0.0222,0.7931,0.7804,0.0264,0.0,0.0
01-05 14,Scottish FIR,0.1367,0.0203,0.0,0.0,0.0,0.0
01-05 14,Shannon FIR,0.0,0.0,0.0,0.0,0.0,0.0
01-05 14,Skopje FIR,0.0,0.5215,0.28,0.0,0.0,0.0
01-05 14,Sofia FIR,0.1201,0.1506,0.0475,0.0,0.0,0.0
01-05 14,Sweden FIR,0.0011,0.0,0.0,0.0,0.0,0.0
01-05 14,Switzerland FIR,0.0,0.0366,0.0,0.0,0.0,0.0
01-05 14,Tallinn FIR,0.0191,0.0,0.0,0.0,0.0,0.0
01-05 14,Tirana FIR,0.0,0.4385,0.5192,0.0106,0.0,0.0
01-05 14,Vilnius FIR,0.0,0.0,0.0,0.0,0.0,0.0
01-05 14,Warszawa FIR,0.0381,0.0044,0.0,0.0,0.0,0.0
01-05 14,Wien FIR,0.0,0.0,0.124,0.0932,0.0,0.0
01-05 14,Zagreb FIR,0.0654,0.564,0.8333,0.0457,0.0,0.0
01-05 15,Global,0.0181,0.0199,0.0223,0.0202,0.0281,0.0302
01-05 15,Europe,0.0338,0.0971,0.1191,0.0087,0.0,0.0
01-05 15,European Airspace,0.0434,0.0524,0.0678,0.0287,0.0047,0.0
01-05 15,Africa Middle East,0.0009,0.0078,0.0095,0.0169,0.0268,0.0215
01-05 15,East Asia,0.0012,0.0,0.0,0.0,0.0,0.0006
01-05 15,Southeast Asia,0.0,0.0,0.0,0.0259,0.1584,0.2509
01-05 15,India,0.0,0.0038,0.004,0.0096,0.031,0.0273
01-05 15,China,0.0262,0.0479,0.0367,0.0137,0.0042,0.0
01-05 15,Latin America,0.0,0.0019,0.0101,0.012,0.0256,0.0308
01-05 15,USA,0.0025,0.0084,0.0125,0.0013,0.0,0.0
01-05 15,North Atlantic,0.0156,0.0529,0.1091,0.0411,0.0063,0.0
01-05 15,North Pacific,0.0375,0.0421,0.0398,0.0078,0.0006,0.0
01-05 15,Amsterdam FIR,0.0263,0.0,0.0,0.0,0.0,0.0
01-05 15,Athinai FIR,0.0044,0.0997,0.0736,0.0,0.0,0.0
01-05 15,Barcelona FIR,0.0,0.0,0.0,0.0,0.0,0.0
01-05 15,Beograd FIR,0.0152,0.6307,0.5961,0.0178,0.0,0.0
01-05 15,Bordeaux FIR,0.0,0.0,0.0,0.0,0.0,0.0
01-05 15,Bratislava  FIR,0.0609,0.0286,0.2312,0.0145,0.0,0.0
01-05 15,Bremen FIR,0.0018,0.0,0.0,0.0,0.0,0.0
01-05 15,Brest FIR,0.0005,0.0,0.0,0.0,0.0,0.0
01-05 15,Brindisi FIR,0.0084,0.1935,0.3553,0.0637,0.0,0.0
01-05 15,Brussels FIR,0.0225,0.0,0.0,0.0,0.0,0.0
01-05 15,Bucarest FIR,0.1822,0.1128,0.098,0.0,0.0,0.0
01-05 15,Budapest FIR,0.0428,0.0454,0.3666,0.0629,0.0,0.0
01-05 15,Canarias FIR,0.0,0.0,0.0337,0.0527,0.0055,0.0
01-05 15,Chisinau FIR,0.0441,0.0049,0.0,0.0,0.0,0.0
01-05 15,Copenhagen FIR,0.1204,0.0,0.0,0.0,0.0,0.0
01-05 15,Helsinki FIR,0.0226,0.0,0.0009,0.0,0.0,0.0
01-05 15,Langen FIR,0.042,0.0,0.0,0.0,0.0,0.0
01-05 15,Lisboa FIR,0.0,0.0022,0.0687,0.081,0.01,0.0
01-05 15,Ljubljana FIR,0.0099,0.4135,0.3436,0.0,0.0,0.0
01-05 15,London FIR,0.0069,0.0,0.0,0.0,0.0,0.0
01-05 15,Madrid FIR,0.0,0.0,0.0,0.0,0.0,0.0
01-05 15,Malta FIR,0.0011,0.3569,0.2441,0.0,0.0,0.0
01-05 15,Marseille FIR,0.056,0.1137,0.1139,0.0,0.0,0.0
01-05 15,Milano FIR,0.018,0.204,0.3091,0.0079,0.0,0.0
01-05 15,Munchen FIR,0.2092,0.0,0.0,0.0,0.0,0.0
01-05 15,Paris FIR,0.0206,0.0,0.0,0.0,0.0,0.0
01-05 15,Polaris FIR,0.0549,0.001,0.0,0.0,0.0,0.0
01-05 15,Praha FIR,0.3851,0.0126,0.0,0.0,0.0,0.0
01-05 15,Reims FIR,0.0315,0.1238,0.0,0.0,0.0,0.0
01-05 15,Reykjavik FIR,0.1929,0.0648,0.0,0.0,0.0,0.0
01-05 15,Riga FIR,0.0,0.0,0.0,0.0,0.0,0.0
01-05 15,Roma FIR,0.0013,0.4788,0.6736,0.049,0.0,0.0
01-05 15,Santa Maria FIR,0.0001,0.011,0.0835,0.0593,0.0089,0.0
01-05 15,Sarajevo FIR,0.0222,0.8384,0.648,0.0037,0.0,0.0
01-05 15,Scottish FIR,0.1271,0.0195,0.0,0.0,0.0,0.0
01-05 15,Shannon FIR,0.0,0.0,0.0,0.0,0.0,0.0
01-05 15,Skopje FIR,0.0,0.4379,0.242,0.0,0.0,0.0
01-05 15,Sofia FIR,0.1016,0.1685,0.0648,0.0,0.0,0.0
01-05 15,Sweden FIR,0.0028,0.0,0.0,0.0,0.0,0.0
01-05 15,Switzerland FIR,0.0972,0.0977,0.0,0.0,0.0,0.0
01-05 15,Tallinn FIR,0.0225,0.0,0.0,0.0,0.0,0.0
01-05 15,Tirana FIR,0.0,0.328,0.5887,0.058,0.0,0.0
01-05 15,Vilnius FIR,0.0,0.0,0.0,0.0,0.0,0.0
01-05 15,Warszawa FIR,0.0046,0.0,0.0,0.0,0.0,0.0
01-05 15,Wien FIR,0.0,0.0063,0.1759,0.0552,0.0,0.0
01-05 15,Zagreb FIR,0.0699,0.6115,0.8213,0.096,0.0,0.0
01-05 16,Global,0.0171,0.0193,0.0213,0.0197,0.0261,0.0285
01-05 16,Europe,0.0304,0.0978,0.1158,0.0077,0.0,0.0
01-05 16,European Airspace,0.0413,0.0577,0.0776,0.032,0.0058,0.0
01-05 16,Africa Middle East,0.0007,0.0081,0.0124,0.0198,0.0312,0.0226
01-05 16,East Asia,0.0003,0.0,0.0,0.0,0.0,0.0008
01-05 16,Southeast Asia,0.0,0.0,0.0,0.0253,0.1543,0.2508
01-05 16,India,0.0001,0.0033,0.0036,0.0113,0.032,0.0246
01-05 16,China,0.0258,0.045,0.037,0.0129,0.0034,0.0
01-05 16,Latin America,0.0,0.0022,0.01,0.0115,0.0255,0.0285
01-05 16,USA,0.0019,0.0106,0.0136,0.0012,0.0,0.0
01-05 16,North Atlantic,0.0139,0.0629,0.1184,0.0486,0.0093,0.0
01-05 16,North Pacific,0.0265,0.0316,0.0247,0.0042,0.0004,0.0
01-05 16,Amsterdam FIR,0.0282,0.0,0.0,0.0,0.0,0.0
01-05 16,Athinai FIR,0.0044,0.1238,0.1141,0.0,0.0,0.0
01-05 16,Barcelona FIR,0.0066,0.0,0.0,0.0,0.0,0.0
01-05 16,Beograd FIR,0.0199,0.6649,0.4894,0.0247,0.0,0.0
01-05 16,Bordeaux FIR,0.0,0.0,0.0,0.0,0.0,0.0
01-05 16,Bratislava  FIR,0.0819,0.0678,0.439,0.0688,0.0,0.0
01-05 16,Bremen FIR,0.0255,0.0,0.0,0.0,0.0,0.0
01-05 16,Brest FIR,0.0005,0.0,0.0,0.0,0.0,0.0
01-05 16,Brindisi FIR,0.0,0.2277,0.3887,0.038,0.0,0.0
01-05 16,Brussels FIR,0.0271,0.0,0.0,0.0,0.0,0.0
01-05 16,Bucarest FIR,0.128,0.149,0.1238,0.0,0.0,0.0
01-05 16,Budapest FIR,0.0245,0.0849,0.4548,0.0055,0.0,0.0
01-05 16,Canarias FIR,0.0,0.0,0.0576,0.0663,0.0042,0.0
01-05 16,Chisinau FIR,0.3548,0.0,0.0,0.0,0.0,0.0
01-05 16,Copenhagen FIR,0.1088,0.0,0.0,0.0,0.0,0.0
01-05 16,Helsinki FIR,0.0389,0.0,0.0,0.0,0.0,0.0
01-05 16,Langen FIR,0.0177,0.025,0.0,0.0,0.0,0.0
01-05 16,Lisboa FIR,0.0,0.0181,0.1744,0.0748,0.0059,0.0
01-05 16,Ljubljana FIR,0.2355,0.8928,0.3925,0.0,0.0,0.0
01-05 16,London FIR,0.0074,0.0,0.0,0.0,0.0,0.0
01-05 16,Madrid FIR,0.0,0.0,0.0,0.0,0.0,0.0
01-05 16,Malta FIR,0.0,0.3721,0.2781,0.0,0.0,0.0
01-05 16,Marseille FIR,0.0552,0.097,0.0879,0.0,0.0,0.0
01-05 16,Milano FIR,0.0102,0.229,0.2965,0.0023,0.0,0.0
01-05 16,Munchen FIR,0.0538,0.01,0.0,0.0,0.0,0.0
01-05 16,Paris FIR,0.0227,0.0,0.0,0.0,0.0,0.0
01-05 16,Polaris FIR,0.0529,0.0018,0.0,0.0,0.0,0.0
01-05 16,Praha FIR,0.207,0.0021,0.0064,0.0,0.0,0.0
01-05 16,Reims FIR,0.1118,0.1894,0.0,0.0,0.0,0.0
01-05 16,Reykjavik FIR,0.1997,0.0593,0.0,0.0,0.0,0.0
01-05 16,Riga FIR,0.0,0.0,0.0,0.0,0.0,0.0
01-05 16,Roma FIR,0.0005,0.5008,0.6821,0.0458,0.0,0.0
01-05 16,Santa Maria FIR,0.0004,0.026,0.1117,0.0676,0.0093,0.0
01-05 16,Sarajevo FIR,0.0,0.7026,0.5993,0.0448,0.0,0.0
01-05 16,Scottish FIR,0.1174,0.0214,0.0,0.0,0.0,0.0
01-05 16,Shannon FIR,0.0,0.0,0.0,0.0,0.0,0.0
01-05 16,Skopje FIR,0.0,0.242,0.3491,0.0076,0.0,0.0
01-05 16,Sofia FIR,0.0359,0.1727,0.0673,0.0,0.0,0.0
01-05 16,Sweden FIR,0.0023,0.0,0.0,0.0,0.0,0.0
01-05 16,Switzerland FIR,0.0807,0.1585,0.0,0.0,0.0,0.0
01-05 16,Tallinn FIR,0.0138,0.0,0.0,0.0,0.0,0.0
01-05 16,Tirana FIR,0.0,0.2231,0.5357,0.0946,0.0,0.0
01-05 16,Vilnius FIR,0.0,0.0,0.0,0.0,0.0,0.0
01-05 16,Warszawa FIR,0.016,0.0,0.0,0.0,0.0,0.0
01-05 16,Wien FIR,0.0062,0.0439,0.2543,0.0061,0.0,0.0
01-05 16,Zagreb FIR,0.0635,0.5567,0.7129,0.122,0.0,0.0
01-05 17,Global,0.0163,0.0193,0.0207,0.0188,0.0249,0.0274
01-05 17,Europe,0.0267,0.0962,0.1126,0.0088,0.0,0.0
01-05 17,European Airspace,0.0389,0.0616,0.0827,0.033,0.0069,0.0
01-05 17,Africa Middle East,0.0008,0.0085,0.0149,0.0225,0.0338,0.0238
01-05 17,East Asia,0.0,0.0,0.0,0.0,0.0,0.001
01-05 17,Southeast Asia,0.0,0.0,0.0,0.0247,0.1542,0.2445
01-05 17,India,0.0001,0.0028,0.0033,0.0116,0.0311,0.0223
01-05 17,China,0.0238,0.0432,0.0365,0.013,0.0028,0.0
01-05 17,Latin America,0.0001,0.0024,0.0112,0.0113,0.0263,0.031
01-05 17,USA,0.0025,0.0138,0.0153,0.0014,0.0,0.0
01-05 17,North Atlantic,0.01,0.07,0.1158,0.0487,0.0126,0.0
01-05 17,North Pacific,0.0237,0.0221,0.0124,0.0033,0.0003,0.0
01-05 17,Amsterdam FIR,0.0247,0.0,0.0,0.0,0.0,0.0
01-05 17,Athinai FIR,0.008,0.1405,0.1731,0.0,0.0,0.0
01-05 17,Barcelona FIR,0.0014,0.0,0.0,0.0,0.0,0.0
01-05 17,Beograd FIR,0.0234,0.5684,0.4333,0.0313,0.0,0.0
01-05 17,Bordeaux FIR,0.0,0.0,0.0,0.0,0.0,0.0
01-05 17,Bratislava  FIR,0.1635,0.0392,0.4697,0.0253,0.0,0.0
01-05 17,Bremen FIR,0.0,0.0,0.0,0.0,0.0,0.0
01-05 17,Brest FIR,0.0011,0.0,0.0,0.0,0.0,0.0
01-05 17,Brindisi FIR,0.0,0.3209,0.475,0.0596,0.0,0.0
01-05 17,Brussels FIR,0.0271,0.0,0.0,0.0,0.0,0.0
01-05 17,Bucarest FIR,0.0841,0.2008,0.1576,0.0,0.0,0.0
01-05 17,Budapest FIR,0.0432,0.2441,0.5879,0.0132,0.0,0.0
01-05 17,Canarias FIR,0.0,0.001,0.0932,0.0739,0.0024,0.0
01-05 17,Chisinau FIR,0.1037,0.0,0.0,0.0,0.0,0.0
01-05 17,Copenhagen FIR,0.067,0.0,0.0,0.0,0.0,0.0
01-05 17,Helsinki FIR,0.0537,0.0018,0.0,0.0,0.0,0.0
01-05 17,Langen FIR,0.0382,0.0759,0.0,0.0,0.0,0.0
01-05 17,Lisboa FIR,0.0,0.0495,0.215,0.1022,0.0122,0.0
01-05 17,Ljubljana FIR,0.1763,0.9311,0.4801,0.0494,0.0,0.0
01-05 17,London FIR,0.0074,0.0,0.0,0.0,0.0,0.0
01-05 17,Madrid FIR,0.0,0.0,0.0,0.0,0.0,0.0
01-05 17,Malta FIR,0.0,0.3778,0.2621,0.0,0.0,0.0
01-05 17,Marseille FIR,0.0819,0.0896,0.0505,0.0,0.0,0.0
01-05 17,Milano FIR,0.01,0.2521,0.2961,0.0034,0.0,0.0
01-05 17,Munchen FIR,0.0936,0.015,0.0,0.0,0.0,0.0
01-05 17,Paris FIR,0.0216,0.0,0.0,0.0,0.0,0.0
01-05 17,Polaris FIR,0.0455,0.004,0.0,0.0,0.0,0.0
01-05 17,Praha FIR,0.0,0.0,0.0,0.0,0.0,0.0
01-05 17,Reims FIR,0.2216,0.1951,0.0,0.0,0.0,0.0
01-05 17,Reykjavik FIR,0.198,0.057,0.0013,0.0,0.0,0.0
01-05 17,Riga FIR,0.0,0.0,0.0,0.0,0.0,0.0
01-05 17,Roma FIR,0.0018,0.506,0.68,0.0411,0.0,0.0
01-05 17,Santa Maria FIR,0.0012,0.0469,0.1278,0.0673,0.0085,0.0
01-05 17,Sarajevo FIR,0.0,0.4852,0.5417,0.0861,0.0,0.0
01-05 17,Scottish FIR,0.1012,0.0216,0.0,0.0,0.0,0.0
01-05 17,Shannon FIR,0.0,0.0,0.0,0.0,0.0,0.0
01-05 17,Skopje FIR,0.0,0.1599,0.479,0.0836,0.0,0.0
01-05 17,Sofia FIR,0.0201,0.1245,0.0447,0.0,0.0,0.0
01-05 17,Sweden FIR,0.0002,0.0,0.0,0.0,0.0,0.0
01-05 17,Switzerland FIR,0.0445,0.0931,0.0,0.0,0.0,0.0
01-05 17,Tallinn FIR,0.0121,0.0,0.0,0.0,0.0,0.0
01-05 17,Tirana FIR,0.0,0.2125,0.5403,0.1361,0.0,0.0
01-05 17,Vilnius FIR,0.0,0.0,0.0,0.0,0.0,0.0
01-05 17,Warszawa FIR,0.0159,0.0,0.0025,0.0,0.0,0.0
01-05 17,Wien FIR,0.0021,0.0773,0.3816,0.0,0.0,0.0
01-05 17,Zagreb FIR,0.0297,0.5281,0.6304,0.1454,0.0,0.0
01-05 18,Global,0.0163,0.0197,0.0206,0.0185,0.0241,0.0261
01-05 18,Europe,0.0296,0.0984,0.1121,0.0108,0.0,0.0
01-05 18,European Airspace,0.0399,0.0622,0.0842,0.0335,0.0076,0.0
01-05 18,Africa Middle East,0.0009,0.008,0.0155,0.0252,0.0344,0.0247
01-05 18,East Asia,0.0,0.0,0.0,0.0,0.0,0.0013
01-05 18,Southeast Asia,0.0,0.0,0.0,0.024,0.1495,0.2295
01-05 18,India,0.0002,0.0028,0.0035,0.0128,0.0262,0.0198
01-05 18,China,0.0219,0.0436,0.0358,0.0119,0.0023,0.0
01-05 18,Latin America,0.0,0.0035,0.014,0.0139,0.035,0.037
01-05 18,USA,0.0039,0.0208,0.0176,0.0016,0.0,0.0
01-05 18,North Atlantic,0.0081,0.0709,0.1147,0.0499,0.0143,0.0
01-05 18,North Pacific,0.0228,0.0139,0.0061,0.0029,0.0003,0.0
01-05 18,Amsterdam FIR,0.0264,0.0,0.0,0.0,0.0,0.0
01-05 18,Athinai FIR,0.0052,0.1685,0.2294,0.0,0.0,0.0
01-05 18,Barcelona FIR,0.0,0.0,0.0,0.0,0.0,0.0
01-05 18,Beograd FIR,0.0168,0.5474,0.4985,0.1105,0.0,0.0
01-05 18,Bordeaux FIR,0.0,0.0,0.0,0.0,0.0,0.0
01-05 18,Bratislava  FIR,0.0995,0.0179,0.628,0.0,0.0,0.0
01-05 18,Bremen FIR,0.0,0.0,0.0,0.0,0.0,0.0
01-05 18,Brest FIR,0.0011,0.0,0.0,0.0,0.0,0.0
01-05 18,Brindisi FIR,0.0012,0.414,0.6441,0.1207,0.0,0.0
01-05 18,Brussels FIR,0.0271,0.0,0.0,0.0,0.0,0.0
01-05 18,Bucarest FIR,0.097,0.2752,0.1682,0.0,0.0,0.0
01-05 18,Budapest FIR,0.0731,0.4246,0.6063,0.0415,0.0,0.0
01-05 18,Canarias FIR,0.0,0.0048,0.0995,0.0733,0.0005,0.0
01-05 18,Chisinau FIR,0.0,0.0,0.0,0.0,0.0,0.0
01-05 18,Copenhagen FIR,0.0631,0.0,0.0,0.0,0.0,0.0
01-05 18,Helsinki FIR,0.0716,0.0042,0.0,0.0,0.0,0.0
01-05 18,Langen FIR,0.1512,0.1407,0.0,0.0,0.0,0.0
01-05 18,Lisboa FIR,0.0,0.0492,0.2158,0.1443,0.0212,0.0
01-05 18,Ljubljana FIR,0.0488,0.7443,0.4802,0.0395,0.0,0.0
01-05 18,London FIR,0.0078,0.0,0.0,0.0,0.0,0.0
01-05 18,Madrid FIR,0.0,0.0,0.0,0.0,0.0,0.0
01-05 18,Malta FIR,0.0,0.381,0.2366,0.0,0.0,0.0
01-05 18,Marseille FIR,0.0968,0.096,0.0379,0.0,0.0,0.0
01-05 18,Milano FIR,0.0134,0.2769,0.2794,0.0079,0.0,0.0
01-05 18,Munchen FIR,0.1142,0.0555,0.0,0.0,0.0,0.0
01-05 18,Paris FIR,0.0237,0.0,0.0,0.0,0.0,0.0
01-05 18,Polaris FIR,0.042,0.0054,0.0,0.0,0.0,0.0
01-05 18,Praha FIR,0.0403,0.0,0.0215,0.0,0.0,0.0
01-05 18,Reims FIR,0.3121,0.2012,0.0,0.0,0.0,0.0
01-05 18,Reykjavik FIR,0.1966,0.0579,0.0086,0.0011,0.0,0.0
01-05 18,Riga FIR,0.0,0.0,0.0,0.0,0.0,0.0
01-05 18,Roma FIR,0.0014,0.4404,0.637,0.0304,0.0,0.0
01-05 18,Santa Maria FIR,0.0011,0.0595,0.1297,0.0604,0.0125,0.0
01-05 18,Sarajevo FIR,0.0,0.4587,0.5152,0.1121,0.0,0.0
01-05 18,Scottish FIR,0.101,0.0179,0.0,0.0,0.0,0.0
01-05 18,Shannon FIR,0.0,0.0029,0.0,0.0,0.0,0.0
01-05 18,Skopje FIR,0.0,0.3801,0.7062,0.2501,0.0,0.0
01-05 18,Sofia FIR,0.0132,0.0534,0.0156,0.0,0.0,0.0
01-05 18,Sweden FIR,0.0,0.0,0.0,0.0,0.0,0.0
01-05 18,Switzerland FIR,0.0446,0.0404,0.0,0.0,0.0,0.0
01-05 18,Tallinn FIR,0.0086,0.0,0.0,0.0,0.0,0.0
01-05 18,Tirana FIR,0.0107,0.2819,0.4984,0.1201,0.0,0.0
01-05 18,Vilnius FIR,0.0,0.0,0.0,0.0,0.0,0.0
01-05 18,Warszawa FIR,0.0079,0.0,0.0035,0.0,0.0,0.0
01-05 18,Wien FIR,0.0313,0.1729,0.4263,0.0,0.0,0.0
01-05 18,Zagreb FIR,0.0205,0.5334,0.6419,0.1695,0.0,0.0
01-05 19,Global,0.0167,0.0204,0.0209,0.0182,0.024,0.0246
01-05 19,Europe,0.0353,0.1005,0.1107,0.0123,0.0,0.0
01-05 19,European Airspace,0.0413,0.0623,0.0866,0.0348,0.0083,0.0
01-05 19,Africa Middle East,0.0011,0.0076,0.014,0.0262,0.0349,0.0249
01-05 19,East Asia,0.0,0.0,0.0,0.0,0.0,0.0012
01-05 19,Southeast Asia,0.0,0.0,0.0,0.0229,0.1325,0.1923
01-05 19,India,0.0003,0.0022,0.003,0.0119,0.0191,0.0174
01-05 19,China,0.0223,0.0448,0.0352,0.0106,0.0019,0.0
01-05 19,Latin America,0.0001,0.0056,0.0185,0.0186,0.049,0.0463
01-05 19,USA,0.0086,0.03,0.0195,0.0021,0.0,0.0
01-05 19,North Atlantic,0.0094,0.0665,0.1197,0.0518,0.0152,0.0
01-05 19,North Pacific,0.0234,0.0146,0.0076,0.0028,0.0004,0.0
01-05 19,Amsterdam FIR,0.0371,0.0,0.0,0.0,0.0,0.0
01-05 19,Athinai FIR,0.0055,0.2279,0.2732,0.0,0.0,0.0
01-05 19,Barcelona FIR,0.0,0.0,0.0,0.0,0.0,0.0
01-05 19,Beograd FIR,0.0033,0.503,0.5584,0.2058,0.0,0.0
01-05 19,Bordeaux FIR,0.0,0.0,0.0,0.0,0.0,0.0
01-05 19,Bratislava  FIR,0.0,0.0,0.567,0.0037,0.0,0.0
01-05 19,Bremen FIR,0.0,0.0,0.0,0.0,0.0,0.0
01-05 19,Brest FIR,0.0005,0.0,0.0,0.0,0.0,0.0
01-05 19,Brindisi FIR,0.0,0.446,0.7657,0.1412,0.0,0.0
01-05 19,Brussels FIR,0.0406,0.0,0.0,0.0,0.0,0.0
01-05 19,Bucarest FIR,0.1005,0.3175,0.2196,0.0049,0.0,0.0
01-05 19,Budapest FIR,0.1119,0.6277,0.6613,0.0901,0.0,0.0
01-05 19,Canarias FIR,0.0,0.0018,0.1003,0.0719,0.0,0.0
01-05 19,Chisinau FIR,0.0,0.0,0.0,0.0,0.0,0.0
01-05 19,Copenhagen FIR,0.0614,0.0,0.0,0.0,0.0,0.0
01-05 19,Helsinki FIR,0.0971,0.0095,0.0,0.0,0.0,0.0
01-05 19,Langen FIR,0.2942,0.1606,0.0,0.0,0.0,0.0
01-05 19,Lisboa FIR,0.0,0.0453,0.2009,0.1787,0.0292,0.0
01-05 19,Ljubljana FIR,0.0,0.7156,0.5885,0.0297,0.0,0.0
01-05 19,London FIR,0.0069,0.0,0.0,0.0,0.0,0.0
01-05 19,Madrid FIR,0.0,0.0,0.0,0.0,0.0,0.0
01-05 19,Malta FIR,0.0,0.352,0.1771,0.0,0.0,0.0
01-05 19,Marseille FIR,0.1012,0.1012,0.0297,0.0,0.0,0.0
01-05 19,Milano FIR,0.0077,0.3356,0.2319,0.0136,0.0,0.0
01-05 19,Munchen FIR,0.1261,0.0884,0.0,0.0,0.0,0.0
01-05 19,Paris FIR,0.0185,0.0,0.0,0.0,0.0,0.0
01-05 19,Polaris FIR,0.047,0.0057,0.0,0.0,0.0,0.0
01-05 19,Praha FIR,0.1326,0.0462,0.0322,0.0,0.0,0.0
01-05 19,Reims FIR,0.3808,0.2015,0.0,0.0,0.0,0.0
01-05 19,Reykjavik FIR,0.1978,0.0562,0.0296,0.0089,0.0,0.0
01-05 19,Riga FIR,0.0,0.0,0.0,0.0,0.0,0.0
01-05 19,Roma FIR,0.0018,0.4115,0.5823,0.016,0.0,0.0
01-05 19,Santa Maria FIR,0.0015,0.0589,0.1251,0.0536,0.0171,0.0
01-05 19,Sarajevo FIR,0.0296,0.4284,0.6057,0.1161,0.0,0.0
01-05 19,Scottish FIR,0.098,0.0132,0.0,0.0,0.0,0.0
01-05 19,Shannon FIR,0.0,0.0058,0.0022,0.0,0.0,0.0
01-05 19,Skopje FIR,0.0,0.6297,0.872,0.3628,0.0,0.0
01-05 19,Sofia FIR,0.0052,0.0351,0.0173,0.0053,0.0,0.0
01-05 19,Sweden FIR,0.0,0.0,0.0,0.0,0.0,0.0
01-05 19,Switzerland FIR,0.069,0.0735,0.0,0.0,0.0,0.0
01-05 19,Tallinn FIR,0.0,0.0,0.0,0.0,0.0,0.0
01-05 19,Tirana FIR,0.0424,0.3882,0.5256,0.1255,0.0,0.0
01-05 19,Vilnius FIR,0.0,0.0,0.0,0.0,0.0,0.0
01-05 19,Warszawa FIR,0.0014,0.0,0.0049,0.0,0.0,0.0
01-05 19,Wien FIR,0.0787,0.2421,0.3991,0.0,0.0,0.0
01-05 19,Zagreb FIR,0.0666,0.5981,0.7294,0.2005,0.0,0.0
01-05 20,Global,0.0176,0.0214,0.0216,0.0182,0.0231,0.0229
01-05 20,Europe,0.0383,0.1003,0.101,0.0125,0.0,0.0
01-05 20,European Airspace,0.0415,0.065,0.0879,0.0364,0.008,0.0
01-05 20,Africa Middle East,0.0011,0.0072,0.0126,0.0272,0.0354,0.0251
01-05 20,East Asia,0.0,0.0,0.0,0.0,0.0,0.0013
01-05 20,Southeast Asia,0.0,0.0,0.0,0.0168,0.09,0.1378
01-05 20,India,0.0001,0.001,0.0012,0.0103,0.0128,0.0144
01-05 20,China,0.0236,0.0447,0.0325,0.0095,0.0013,0.0
01-05 20,Latin America,0.0003,0.0115,0.0261,0.026,0.0624,0.0546
01-05 20,USA,0.0197,0.0396,0.0262,0.0033,0.0,0.0
01-05 20,North Atlantic,0.01,0.0726,0.1229,0.0519,0.0137,0.0
01-05 20,North Pacific,0.0271,0.0172,0.0118,0.0028,0.0006,0.0
01-05 20,Amsterdam FIR,0.0476,0.0,0.0,0.0,0.0,0.0
01-05 20,Athinai FIR,0.0047,0.2569,0.294,0.0,0.0,0.0
01-05 20,Barcelona FIR,0.0,0.0,0.0,0.0,0.0,0.0
01-05 20,Beograd FIR,0.0034,0.4514,0.6593,0.2127,0.0,0.0
01-05 20,Bordeaux FIR,0.0,0.0,0.0,0.0,0.0,0.0
01-05 20,Bratislava  FIR,0.0036,0.1197,0.592,0.0,0.0,0.0
01-05 20,Bremen FIR,0.0,0.0,0.0,0.0,0.0,0.0
01-05 20,Brest FIR,0.0005,0.0,0.0,0.0,0.0,0.0
01-05 20,Brindisi FIR,0.0,0.4774,0.6946,0.1295,0.0,0.0
01-05 20,Brussels FIR,0.027,0.0,0.0,0.0,0.0,0.0
01-05 20,Bucarest FIR,0.1426,0.4427,0.3286,0.0071,0.0,0.0
01-05 20,Budapest FIR,0.1244,0.6964,0.7307,0.153,0.0,0.0
01-05 20,Canarias FIR,0.0,0.0021,0.1022,0.0755,0.0,0.0
01-05 20,Chisinau FIR,0.0,0.0,0.0,0.0,0.0,0.0
01-05 20,Copenhagen FIR,0.0275,0.0,0.0,0.0,0.0,0.0
01-05 20,Helsinki FIR,0.1218,0.0125,0.0,0.0,0.0,0.0
01-05 20,Langen FIR,0.3063,0.1401,0.0,0.0,0.0,0.0
01-05 20,Lisboa FIR,0.0,0.0429,0.2007,0.2038,0.0272,0.0
01-05 20,Ljubljana FIR,0.0099,0.7947,0.7457,0.0691,0.0,0.0
01-05 20,London FIR,0.0026,0.0,0.0,0.0,0.0,0.0
01-05 20,Madrid FIR,0.0,0.0,0.0,0.0,0.0,0.0
01-05 20,Malta FIR,0.0,0.2563,0.0986,0.0,0.0,0.0
01-05 20,Marseille FIR,0.1359,0.1078,0.0211,0.0,0.0,0.0
01-05 20,Milano FIR,0.0385,0.3237,0.1712,0.0034,0.0,0.0
01-05 20,Munchen FIR,0.1582,0.1492,0.0,0.0,0.0,0.0
01-05 20,Paris FIR,0.0051,0.0,0.0,0.0,0.0,0.0
01-05 20,Polaris FIR,0.0518,0.0078,0.0,0.0,0.0,0.0
01-05 20,Praha FIR,0.2701,0.1087,0.0342,0.0,0.0,0.0
01-05 20,Reims FIR,0.3358,0.1728,0.0,0.0,0.0,0.0
01-05 20,Reykjavik FIR,0.1939,0.0611,0.0553,0.0149,0.0,0.0
01-05 20,Riga FIR,0.0,0.0,0.0,0.0,0.0,0.0
01-05 20,Roma FIR,0.0135,0.4088,0.4994,0.0101,0.0,0.0
01-05 20,Santa Maria FIR,0.0016,0.0603,0.1205,0.0482,0.0172,0.0
01-05 20,Sarajevo FIR,0.0593,0.3536,0.5806,0.1505,0.0,0.0
01-05 20,Scottish FIR,0.0837,0.0074,0.0,0.0,0.0,0.0
01-05 20,Shannon FIR,0.0,0.0,0.0,0.0,0.0,0.0
01-05 20,Skopje FIR,0.0,0.5007,0.9469,0.3856,0.0,0.0
01-05 20,Sofia FIR,0.0065,0.0104,0.0452,0.0333,0.0,0.0
01-05 20,Sweden FIR,0.0,0.0,0.0,0.0,0.0,0.0
01-05 20,Switzerland FIR,0.0689,0.1386,0.0,0.0,0.0,0.0
01-05 20,Tallinn FIR,0.0,0.0,0.0,0.0,0.0,0.0
01-05 20,Tirana FIR,0.0,0.414,0.6725,0.1467,0.0,0.0
01-05 20,Vilnius FIR,0.0,0.0,0.0,0.0,0.0,0.0
01-05 20,Warszawa FIR,0.0143,0.0,0.0084,0.0,0.0,0.0
01-05 20,Wien FIR,0.0513,0.1297,0.3192,0.0,0.0,0.0
01-05 20,Zagreb FIR,0.0569,0.717,0.7727,0.1887,0.0,0.0
01-05 21,Global,0.0183,0.0228,0.0222,0.0182,0.0218,0.0213
01-05 21,Europe,0.0445,0.0949,0.0845,0.0099,0.0004,0.0
01-05 21,European Airspace,0.0427,0.0659,0.0881,0.0392,0.0077,0.0
01-05 21,Africa Middle East,0.001,0.0069,0.0115,0.0286,0.0355,0.0257
01-05 21,East Asia,0.0,0.0,0.0,0.0,0.0,0.001
01-05 21,Southeast Asia,0.0,0.0,0.0,0.0096,0.0454,0.092
01-05 21,India,0.0,0.0001,0.0,0.0082,0.007,0.0123
01-05 21,China,0.0233,0.0439,0.0272,0.0075,0.0009,0.0
01-05 21,Latin America,0.0013,0.0239,0.0309,0.0319,0.0716,0.0602
01-05 21,USA,0.0336,0.0486,0.0343,0.0041,0.0,0.0
01-05 21,North Atlantic,0.0096,0.0707,0.1259,0.0543,0.0129,0.0
01-05 21,North Pacific,0.0319,0.0236,0.0176,0.0041,0.0014,0.0
01-05 21,Amsterdam FIR,0.0529,0.0,0.0,0.0,0.0,0.0
01-05 21,Athinai FIR,0.0033,0.2897,0.2992,0.0011,0.0,0.0
01-05 21,Barcelona FIR,0.0029,0.0,0.0,0.0,0.0,0.0
01-05 21,Beograd FIR,0.0205,0.3291,0.5464,0.2043,0.0,0.0
01-05 21,Bordeaux FIR,0.0,0.0,0.0,0.0,0.0,0.0
01-05 21,Bratislava  FIR,0.0653,0.3395,0.5031,0.0,0.0,0.0
01-05 21,Bremen FIR,0.0092,0.0009,0.0,0.0,0.0,0.0
01-05 21,Brest FIR,0.0,0.0,0.0,0.0,0.0,0.0
01-05 21,Brindisi FIR,0.0,0.3776,0.7088,0.1089,0.0,0.0
01-05 21,Brussels FIR,0.0135,0.0,0.0,0.0,0.0,0.0
01-05 21,Bucarest FIR,0.1717,0.5628,0.3778,0.034,0.0,0.0
01-05 21,Budapest FIR,0.1191,0.705,0.8215,0.176,0.0,0.0
01-05 21,Canarias FIR,0.0,0.0018,0.1115,0.0791,0.0002,0.0
01-05 21,Chisinau FIR,0.0246,0.0256,0.0102,0.0,0.0,0.0
01-05 21,Copenhagen FIR,0.0,0.0,0.0,0.0,0.0,0.0
01-05 21,Helsinki FIR,0.1502,0.0178,0.0,0.0,0.0,0.0
01-05 21,Langen FIR,0.3685,0.1591,0.0,0.0,0.0,0.0
01-05 21,Lisboa FIR,0.0,0.0421,0.1797,0.1891,0.0235,0.0
01-05 21,Ljubljana FIR,0.088,0.8042,0.5593,0.0197,0.0,0.0
01-05 21,London FIR,0.0,0.0,0.0,0.0,0.0,0.0
01-05 21,Madrid FIR,0.0,0.0,0.0,0.0,0.0,0.0
01-05 21,Malta FIR,0.0,0.1456,0.0287,0.0,0.0,0.0
01-05 21,Marseille FIR,0.1737,0.0967,0.0093,0.0,0.0,0.0
01-05 21,Milano FIR,0.0564,0.3081,0.165,0.0,0.0,0.0
01-05 21,Munchen FIR,0.2195,0.2021,0.0,0.0,0.0,0.0
01-05 21,Paris FIR,0.001,0.0,0.0,0.0,0.0,0.0
01-05 21,Polaris FIR,0.0496,0.0096,0.0,0.0,0.0,0.0
01-05 21,Praha FIR,0.2993,0.1211,0.0364,0.0,0.0,0.0
01-05 21,Reims FIR,0.4119,0.1253,0.0,0.0,0.0,0.0
01-05 21,Reykjavik FIR,0.19,0.0806,0.0696,0.0163,0.0,0.0
01-05 21,Riga FIR,0.0,0.0,0.0,0.0,0.0,0.0
01-05 21,Roma FIR,0.0254,0.3819,0.3848,0.0095,0.0,0.0
01-05 21,Santa Maria FIR,0.0011,0.0615,0.1141,0.0513,0.0145,0.0
01-05 21,Sarajevo FIR,0.0519,0.4398,0.6549,0.1794,0.0,0.0
01-05 21,Scottish FIR,0.0718,0.0026,0.0,0.0,0.0,0.0
01-05 21,Shannon FIR,0.0,0.0,0.0,0.0,0.0,0.0
01-05 21,Skopje FIR,0.0,0.371,0.8023,0.3403,0.0,0.0
01-05 21,Sofia FIR,0.0208,0.0526,0.1392,0.0718,0.0,0.0
01-05 21,Sweden FIR,0.0,0.0,0.0,0.0,0.0,0.0
01-05 21,Switzerland FIR,0.073,0.2566,0.0,0.0,0.0,0.0
01-05 21,Tallinn FIR,0.0,0.0,0.0,0.0,0.0,0.0
01-05 21,Tirana FIR,0.0,0.3402,0.3983,0.0473,0.0,0.0
01-05 21,Vilnius FIR,0.0,0.0,0.0,0.0,0.0,0.0
01-05 21,Warszawa FIR,0.0498,0.0091,0.0133,0.0,0.0,0.0
01-05 21,Wien FIR,0.0187,0.0685,0.171,0.0,0.0,0.0
01-05 21,Zagreb FIR,0.0575,0.695,0.6069,0.0838,0.0,0.0
01-05 22,Global,0.0186,0.023,0.023,0.0191,0.0223,0.0206
01-05 22,Europe,0.0423,0.0846,0.0696,0.0086,0.0007,0.0
01-05 22,European Airspace,0.0423,0.0635,0.09,0.0428,0.0077,0.0
01-05 22,Africa Middle East,0.001,0.006,0.0111,0.0317,0.0407,0.0272
01-05 22,East Asia,0.0,0.0,0.0,0.0,0.0,0.0009
01-05 22,Southeast Asia,0.0,0.0,0.0,0.0023,0.0177,0.0726
01-05 22,India,0.0,0.0,0.0,0.0043,0.0055,0.0126
01-05 22,China,0.0202,0.0368,0.0206,0.0055,0.0007,0.0
01-05 22,Latin America,0.0029,0.0282,0.0319,0.035,0.0778,0.064
01-05 22,USA,0.0396,0.051,0.0373,0.0039,0.0,0.0
01-05 22,North Atlantic,0.0082,0.0629,0.1282,0.0604,0.0127,0.0
01-05 22,North Pacific,0.0367,0.0317,0.03,0.0097,0.0058,0.0002
01-05 22,Amsterdam FIR,0.0545,0.0,0.0,0.0,0.0,0.0
01-05 22,Athinai FIR,0.0113,0.3112,0.2887,0.0007,0.0,0.0
01-05 22,Barcelona FIR,0.0036,0.0,0.0,0.0,0.0,0.0
01-05 22,Beograd FIR,0.0308,0.2971,0.4719,0.1863,0.0,0.0
01-05 22,Bordeaux FIR,0.0,0.0,0.0,0.0,0.0,0.0
01-05 22,Bratislava  FIR,0.0072,0.3021,0.578,0.0,0.0,0.0
01-05 22,Bremen FIR,0.0337,0.0253,0.0,0.0,0.0,0.0
01-05 22,Brest FIR,0.0,0.0,0.0,0.0,0.0,0.0
01-05 22,Brindisi FIR,0.0,0.279,0.6224,0.0829,0.0,0.0
01-05 22,Brussels FIR,0.0,0.0,0.0,0.0,0.0,0.0
01-05 22,Bucarest FIR,0.191,0.6666,0.4787,0.0532,0.0,0.0
01-05 22,Budapest FIR,0.1159,0.865,0.8365,0.1673,0.0,0.0
01-05 22,Canarias FIR,0.0,0.0076,0.1481,0.0813,0.0,0.0
01-05 22,Chisinau FIR,0.0,0.0613,0.0408,0.0,0.0,0.0
01-05 22,Copenhagen FIR,0.0,0.0,0.0,0.0,0.0,0.0
01-05 22,Helsinki FIR,0.1591,0.0187,0.0,0.0,0.0,0.0
01-05 22,Langen FIR,0.3791,0.1825,0.0,0.0,0.0,0.0
01-05 22,Lisboa FIR,0.0,0.0172,0.1388,0.158,0.0299,0.0
01-05 22,Ljubljana FIR,0.078,0.7254,0.4904,0.0,0.0,0.0
01-05 22,London FIR,0.0004,0.0,0.0,0.0,0.0,0.0
01-05 22,Madrid FIR,0.0,0.0,0.0,0.0,0.0,0.0
01-05 22,Malta FIR,0.0,0.0553,0.0,0.0,0.0,0.0
01-05 22,Marseille FIR,0.1923,0.0868,0.0043,0.0,0.0,0.0
01-05 22,Milano FIR,0.037,0.2521,0.1538,0.0,0.0,0.0
01-05 22,Munchen FIR,0.2434,0.2409,0.0,0.0,0.0,0.0
01-05 22,Paris FIR,0.0,0.0,0.0,0.0,0.0,0.0
01-05 22,Polaris FIR,0.0506,0.0111,0.0,0.0,0.0,0.0
01-05 22,Praha FIR,0.2282,0.1356,0.0107,0.0,0.0,0.0
01-05 22,Reims FIR,0.3451,0.0909,0.0,0.0,0.0,0.0
01-05 22,Reykjavik FIR,0.1963,0.0913,0.0776,0.0121,0.0,0.0
01-05 22,Riga FIR,0.0,0.0,0.0,0.0,0.0,0.0
01-05 22,Roma FIR,0.0225,0.34,0.2685,0.0018,0.0,0.0
01-05 22,Santa Maria FIR,0.0006,0.0568,0.1091,0.0564,0.0146,0.0
01-05 22,Sarajevo FIR,0.0519,0.458,0.5332,0.1079,0.0,0.0
01-05 22,Scottish FIR,0.0535,0.0,0.0,0.0,0.0,0.0
01-05 22,Shannon FIR,0.0,0.0,0.0,0.0,0.0,0.0
01-05 22,Skopje FIR,0.0,0.318,0.454,0.1889,0.0,0.0
01-05 22,Sofia FIR,0.0963,0.1563,0.3006,0.0943,0.0,0.0
01-05 22,Sweden FIR,0.0,0.0,0.0,0.0,0.0,0.0
01-05 22,Switzerland FIR,0.0689,0.4383,0.0,0.0,0.0,0.0
01-05 22,Tallinn FIR,0.0,0.0,0.0,0.0,0.0,0.0
01-05 22,Tirana FIR,0.0,0.3188,0.3237,0.0,0.0,0.0
01-05 22,Vilnius FIR,0.0,0.0,0.0,0.0,0.0,0.0
01-05 22,Warszawa FIR,0.0725,0.0279,0.0152,0.0,0.0,0.0
01-05 22,Wien FIR,0.0663,0.0936,0.0704,0.0,0.0,0.0
01-05 22,Zagreb FIR,0.022,0.4652,0.5012,0.0258,0.0,0.0
01-05 23,Global,0.0188,0.0236,0.0242,0.0201,0.0222,0.0202
01-05 23,Europe,0.0383,0.0799,0.0568,0.0078,0.0005,0.0
01-05 23,European Airspace,0.0401,0.0676,0.0923,0.0436,0.0062,0.0
01-05 23,Africa Middle East,0.001,0.0065,0.0111,0.0335,0.0402,0.0251
01-05 23,East Asia,0.0,0.0,0.0,0.0,0.0,0.001
01-05 23,Southeast Asia,0.0,0.0,0.0,0.0004,0.0116,0.0759
01-05 23,India,0.0,0.0,0.0,0.0023,0.0028,0.0112
01-05 23,China,0.0149,0.0224,0.0136,0.0039,0.0005,0.0
01-05 23,Latin America,0.007,0.0313,0.0321,0.0377,0.0819,0.0665
01-05 23,USA,0.0433,0.0566,0.0372,0.0033,0.0,0.0
01-05 23,North Atlantic,0.0086,0.0646,0.1292,0.0594,0.0098,0.0
01-05 23,North Pacific,0.0399,0.045,0.0465,0.0179,0.0104,0.0003
01-05 23,Amsterdam FIR,0.0455,0.0,0.0,0.0,0.0,0.0
01-05 23,Athinai FIR,0.0266,0.3438,0.2632,0.0,0.0,0.0
01-05 23,Barcelona FIR,0.0,0.0,0.0,0.0,0.0,0.0
01-05 23,Beograd FIR,0.0497,0.2833,0.5079,0.137,0.0,0.0
01-05 23,Bordeaux FIR,0.0,0.0,0.0,0.0,0.0,0.0
01-05 23,Bratislava  FIR,0.0144,0.183,0.506,0.0,0.0,0.0
01-05 23,Bremen FIR,0.0528,0.0318,0.0,0.0,0.0,0.0
01-05 23,Brest FIR,0.0,0.0,0.0,0.0,0.0,0.0
01-05 23,Brindisi FIR,0.0135,0.3402,0.4906,0.0529,0.0,0.0
01-05 23,Brussels FIR,0.0,0.0,0.0,0.0,0.0,0.0
01-05 23,Bucarest FIR,0.2123,0.7354,0.559,0.0863,0.0,0.0
01-05 23,Budapest FIR,0.1208,0.8078,0.7404,0.1355,0.0,0.0
01-05 23,Canarias FIR,0.0,0.0083,0.1531,0.0869,0.0005,0.0
01-05 23,Chisinau FIR,0.0,0.1069,0.0758,0.0,0.0,0.0
01-05 23,Copenhagen FIR,0.0,0.0,0.0,0.0,0.0,0.0
01-05 23,Helsinki FIR,0.14,0.0159,0.0,0.0,0.0,0.0
01-05 23,Langen FIR,0.3183,0.212,0.0,0.0,0.0,0.0
01-05 23,Lisboa FIR,0.0,0.02,0.1256,0.1415,0.0316,0.0
01-05 23,Ljubljana FIR,0.0097,0.5086,0.5194,0.0,0.0,0.0
01-05 23,London FIR,0.0004,0.0,0.0,0.0,0.0,0.0
01-05 23,Madrid FIR,0.0,0.0,0.0,0.0,0.0,0.0
01-05 23,Malta FIR,0.0,0.0233,0.0,0.0,0.0,0.0
01-05 23,Marseille FIR,0.2064,0.0696,0.0,0.0,0.0,0.0
01-05 23,Milano FIR,0.0311,0.1826,0.1071,0.0,0.0,0.0
01-05 23,Munchen FIR,0.1476,0.3475,0.0,0.0,0.0,0.0
01-05 23,Paris FIR,0.0021,0.0,0.0,0.0,0.0,0.0
01-05 23,Polaris FIR,0.0536,0.0118,0.0,0.0,0.0,0.0
01-05 23,Praha FIR,0.0668,0.0624,0.0,0.0,0.0,0.0
01-05 23,Reims FIR,0.2542,0.0752,0.0,0.0,0.0,0.0
01-05 23,Reykjavik FIR,0.184,0.0811,0.0666,0.0123,0.0,0.0
01-05 23,Riga FIR,0.0,0.0,0.0,0.0,0.0,0.0
01-05 23,Roma FIR,0.0294,0.3437,0.2102,0.0009,0.0,0.0
01-05 23,Santa Maria FIR,0.0001,0.0624,0.1133,0.0552,0.0105,0.0
01-05 23,Sarajevo FIR,0.026,0.3085,0.4093,0.0186,0.0,0.0
01-05 23,Scottish FIR,0.0444,0.0,0.0,0.0,0.0,0.0
01-05 23,Shannon FIR,0.0,0.0,0.0,0.0,0.0,0.0
01-05 23,Skopje FIR,0.0,0.3641,0.3106,0.0,0.0,0.0
01-05 23,Sofia FIR,0.1268,0.2651,0.3741,0.0951,0.0,0.0
01-05 23,Sweden FIR,0.0,0.0,0.0,0.0,0.0,0.0
01-05 23,Switzerland FIR,0.0567,0.3446,0.0,0.0,0.0,0.0
01-05 23,Tallinn FIR,0.0,0.0,0.0,0.0,0.0,0.0
01-05 23,Tirana FIR,0.0,0.2654,0.2922,0.0,0.0,0.0
01-05 23,Vilnius FIR,0.0,0.0,0.0,0.0,0.0,0.0
01-05 23,Warszawa FIR,0.0775,0.0724,0.0162,0.0,0.0,0.0
01-05 23,Wien FIR,0.1826,0.2114,0.0522,0.0,0.0,0.0
01-05 23,Zagreb FIR,0.0032,0.3288,0.4565,0.0519,0.0,0.0
01-06 00,Global,0.0182,0.0244,0.0252,0.0207,0.0225,0.0207
01-06 00,Europe,0.0358,0.0734,0.0502,0.007,0.0002,0.0
01-06 00,European Airspace,0.0385,0.0708,0.0929,0.0425,0.0049,0.0
01-06 00,Africa Middle East,0.0009,0.0063,0.0109,0.0326,0.0376,0.0207
01-06 00,East Asia,0.0,0.0,0.0,0.0,0.0,0.0008
01-06 00,Southeast Asia,0.0,0.0,0.0,0.0001,0.0136,0.0842
01-06 00,India,0.0,0.0,0.0,0.0007,0.0013,0.0081
01-06 00,China,0.0082,0.0104,0.0098,0.004,0.0008,0.0
01-06 00,Latin America,0.0086,0.0331,0.0322,0.0391,0.083,0.069
01-06 00,USA,0.0455,0.0604,0.0393,0.0022,0.0,0.0
01-06 00,North Atlantic,0.0082,0.0728,0.1325,0.0583,0.0078,0.0
01-06 00,North Pacific,0.0404,0.0594,0.0623,0.0277,0.0148,0.0001
01-06 00,Amsterdam FIR,0.0401,0.0,0.0,0.0,0.0,0.0
01-06 00,Athinai FIR,0.0323,0.3678,0.2345,0.0,0.0,0.0
01-06 00,Barcelona FIR,0.0,0.0,0.0,0.0,0.0,0.0
01-06 00,Beograd FIR,0.0599,0.249,0.3816,0.0525,0.0,0.0
01-06 00,Bordeaux FIR,0.0,0.0,0.0,0.0,0.0,0.0
01-06 00,Bratislava  FIR,0.0,0.0578,0.2945,0.0144,0.0,0.0
01-06 00,Bremen FIR,0.0736,0.041,0.0,0.0,0.0,0.0
01-06 00,Brest FIR,0.0,0.0,0.0,0.0,0.0,0.0
01-06 00,Brindisi FIR,0.0281,0.3724,0.4791,0.0125,0.0,0.0
01-06 00,Brussels FIR,0.0,0.0,0.0,0.0,0.0,0.0
01-06 00,Bucarest FIR,0.249,0.7181,0.5828,0.1205,0.0,0.0
01-06 00,Budapest FIR,0.0886,0.5856,0.5035,0.0644,0.0,0.0
01-06 00,Canarias FIR,0.0,0.0099,0.1547,0.0908,0.0003,0.0
01-06 00,Chisinau FIR,0.0051,0.3226,0.2812,0.0,0.0,0.0
01-06 00,Copenhagen FIR,0.0,0.0,0.0,0.0,0.0,0.0
01-06 00,Helsinki FIR,0.0972,0.0079,0.0,0.0,0.0,0.0
01-06 00,Langen FIR,0.1696,0.2194,0.0,0.0,0.0,0.0
01-06 00,Lisboa FIR,0.0,0.0286,0.1139,0.1249,0.0358,0.0
01-06 00,Ljubljana FIR,0.0,0.1463,0.4603,0.0,0.0,0.0
01-06 00,London FIR,0.0,0.0,0.0,0.0,0.0,0.0
01-06 00,Madrid FIR,0.0,0.0,0.0,0.0,0.0,0.0
01-06 00,Malta FIR,0.0,0.0255,0.0,0.0,0.0,0.0
01-06 00,Marseille FIR,0.2017,0.0369,0.0,0.0,0.0,0.0
01-06 00,Milano FIR,0.0288,0.1745,0.097,0.0023,0.0,0.0
01-06 00,Munchen FIR,0.1558,0.3346,0.0,0.0,0.0,0.0
01-06 00,Paris FIR,0.0,0.0,0.0,0.0,0.0,0.0
01-06 00,Polaris FIR,0.0533,0.0127,0.0,0.0,0.0,0.0
01-06 00,Praha FIR,0.0877,0.0639,0.0,0.0,0.0,0.0
01-06 00,Reims FIR,0.2459,0.0625,0.0,0.0,0.0,0.0
01-06 00,Reykjavik FIR,0.1737,0.0619,0.0419,0.0125,0.0,0.0
01-06 00,Riga FIR,0.0,0.0,0.0,0.0,0.0,0.0
01-06 00,Roma FIR,0.0414,0.3039,0.1395,0.0,0.0,0.0
01-06 00,Santa Maria FIR,0.0008,0.0696,0.1157,0.0527,0.0081,0.0
01-06 00,Sarajevo FIR,0.0592,0.4092,0.4915,0.0522,0.0,0.0
01-06 00,Scottish FIR,0.0395,0.0,0.0,0.0,0.0,0.0
01-06 00,Shannon FIR,0.0,0.0,0.0,0.0,0.0,0.0
01-06 00,Skopje FIR,0.0,0.4857,0.3183,0.0,0.0,0.0
01-06 00,Sofia FIR,0.1824,0.3513,0.3262,0.0143,0.0,0.0
01-06 00,Sweden FIR,0.0,0.0,0.0,0.0,0.0,0.0
01-06 00,Switzerland FIR,0.1386,0.2352,0.0,0.0,0.0,0.0
01-06 00,Tallinn FIR,0.0,0.0,0.0,0.0,0.0,0.0
01-06 00,Tirana FIR,0.0,0.2811,0.3242,0.0214,0.0,0.0
01-06 00,Vilnius FIR,0.0,0.0,0.0,0.0,0.0,0.0
01-06 00,Warszawa FIR,0.0932,0.0954,0.0137,0.0,0.0,0.0
01-06 00,Wien FIR,0.1443,0.1605,0.0792,0.0,0.0,0.0
01-06 00,Zagreb FIR,0.0162,0.3865,0.5112,0.0506,0.0,0.0
01-06 01,Global,0.0173,0.0248,0.0261,0.021,0.0227,0.0212
01-06 01,Europe,0.0365,0.0709,0.0479,0.0067,0.0,0.0
01-06 01,European Airspace,0.0372,0.0729,0.0912,0.0414,0.0038,0.0
01-06 01,Africa Middle East,0.0008,0.0059,0.0104,0.0294,0.0289,0.0137
01-06 01,East Asia,0.0,0.0,0.0,0.0,0.0001,0.0005
01-06 01,Southeast Asia,0.0,0.0,0.0,0.0003,0.0152,0.0887
01-06 01,India,0.0,0.0001,0.0,0.0002,0.0007,0.0106
01-06 01,China,0.0063,0.0068,0.0086,0.0048,0.0009,0.0
01-06 01,Latin America,0.009,0.0343,0.033,0.0385,0.0819,0.0699
01-06 01,USA,0.0482,0.0618,0.0403,0.0026,0.0,0.0
01-06 01,North Atlantic,0.0084,0.0842,0.1389,0.057,0.0059,0.0
01-06 01,North Pacific,0.0411,0.0675,0.0705,0.0396,0.0199,0.0
01-06 01,Amsterdam FIR,0.0347,0.0,0.0,0.0,0.0,0.0
01-06 01,Athinai FIR,0.0296,0.3816,0.2157,0.0,0.0,0.0
01-06 01,Barcelona FIR,0.0,0.0,0.0,0.0,0.0,0.0
01-06 01,Beograd FIR,0.0223,0.125,0.1949,0.017,0.0,0.0
01-06 01,Bordeaux FIR,0.0,0.0,0.0,0.0,0.0,0.0
01-06 01,Bratislava  FIR,0.0,0.0543,0.2232,0.0106,0.0,0.0
01-06 01,Bremen FIR,0.0207,0.0536,0.0,0.0,0.0,0.0
01-06 01,Brest FIR,0.0,0.0,0.0,0.0,0.0,0.0
01-06 01,Brindisi FIR,0.0404,0.4941,0.4949,0.0,0.0,0.0
01-06 01,Brussels FIR,0.009,0.0,0.0,0.0,0.0,0.0
01-06 01,Bucarest FIR,0.2518,0.6355,0.5,0.0971,0.0,0.0
01-06 01,Budapest FIR,0.0477,0.3833,0.2713,0.0018,0.0,0.0
01-06 01,Canarias FIR,0.0,0.0109,0.1602,0.0938,0.0062,0.0
01-06 01,Chisinau FIR,0.0966,0.5267,0.4,0.0,0.0,0.0
01-06 01,Copenhagen FIR,0.0,0.0,0.0,0.0,0.0,0.0
01-06 01,Helsinki FIR,0.0485,0.0052,0.0,0.0,0.0,0.0
01-06 01,Langen FIR,0.1821,0.1609,0.0,0.0,0.0,0.0
01-06 01,Lisboa FIR,0.0,0.0609,0.1239,0.13,0.0406,0.0
01-06 01,Ljubljana FIR,0.0,0.128,0.3923,0.0,0.0,0.0
01-06 01,London FIR,0.0,0.0,0.0,0.0,0.0,0.0
01-06 01,Madrid FIR,0.0,0.0,0.0,0.0,0.0,0.0
01-06 01,Malta FIR,0.0,0.0149,0.0,0.0,0.0,0.0
01-06 01,Marseille FIR,0.1547,0.0253,0.0,0.0,0.0,0.0
01-06 01,Milano FIR,0.0143,0.149,0.1001,0.0,0.0,0.0
01-06 01,Munchen FIR,0.1814,0.3297,0.0,0.0,0.0,0.0
01-06 01,Paris FIR,0.0,0.0,0.0,0.0,0.0,0.0
01-06 01,Polaris FIR,0.0434,0.0099,0.0,0.0,0.0,0.0
01-06 01,Praha FIR,0.3625,0.2115,0.0,0.0,0.0,0.0
01-06 01,Reims FIR,0.2676,0.0595,0.0,0.0,0.0,0.0
01-06 01,Reykjavik FIR,0.1637,0.0552,0.0468,0.0132,0.0,0.0
01-06 01,Riga FIR,0.0,0.0,0.0,0.0,0.0,0.0
01-06 01,Roma FIR,0.0478,0.2321,0.0664,0.0,0.0,0.0
01-06 01,Santa Maria FIR,0.0015,0.0736,0.1163,0.0492,0.0049,0.0
01-06 01,Sarajevo FIR,0.089,0.521,0.7733,0.1343,0.0,0.0
01-06 01,Scottish FIR,0.0369,0.0,0.0,0.0,0.0,0.0
01-06 01,Shannon FIR,0.0,0.0262,0.0106,0.0,0.0,0.0
01-06 01,Skopje FIR,0.0,0.5157,0.3108,0.0,0.0,0.0
01-06 01,Sofia FIR,0.1705,0.3795,0.219,0.0,0.0,0.0
01-06 01,Sweden FIR,0.0,0.0,0.0,0.0,0.0,0.0
01-06 01,Switzerland FIR,0.2117,0.2269,0.0,0.0,0.0,0.0
01-06 01,Tallinn FIR,0.0,0.0,0.0,0.0,0.0,0.0
01-06 01,Tirana FIR,0.0,0.2761,0.3822,0.0266,0.0,0.0
01-06 01,Vilnius FIR,0.0,0.0,0.0,0.0,0.0,0.0
01-06 01,Warszawa FIR,0.1491,0.0644,0.0039,0.0025,0.0,0.0
01-06 01,Wien FIR,0.0809,0.0411,0.0851,0.0,0.0,0.0
01-06 01,Zagreb FIR,0.0648,0.5763,0.5621,0.0161,0.0,0.0
01-06 02,Global,0.0161,0.0251,0.0269,0.0209,0.0229,0.0225
01-06 02,Europe,0.032,0.0748,0.0459,0.0098,0.0001,0.0
01-06 02,European Airspace,0.0327,0.0733,0.0859,0.0364,0.0025,0.0
01-06 02,Africa Middle East,0.0004,0.005,0.0094,0.0218,0.0155,0.0082
01-06 02,East Asia,0.0,0.0,0.0,0.0,0.0001,0.0006
01-06 02,Southeast Asia,0.0,0.0,0.0,0.0004,0.018,0.0889
01-06 02,India,0.0,0.0001,0.0,0.0002,0.0011,0.0146
01-06 02,China,0.0068,0.0081,0.0109,0.0056,0.0008,0.0
01-06 02,Latin America,0.0082,0.0349,0.0329,0.0366,0.0782,0.072
01-06 02,USA,0.0519,0.0632,0.0414,0.0036,0.0,0.0
01-06 02,North Atlantic,0.0104,0.0949,0.1453,0.0527,0.0038,0.0
01-06 02,North Pacific,0.0408,0.0658,0.0714,0.0499,0.0261,0.0
01-06 02,Amsterdam FIR,0.0277,0.0,0.0,0.0,0.0,0.0
01-06 02,Athinai FIR,0.0139,0.3354,0.1786,0.0,0.0,0.0
01-06 02,Barcelona FIR,0.0,0.0,0.0,0.0,0.0,0.0
01-06 02,Beograd FIR,0.01,0.121,0.1906,0.0051,0.0,0.0
01-06 02,Bordeaux FIR,0.0,0.0,0.0,0.0,0.0,0.0
01-06 02,Bratislava  FIR,0.0,0.1408,0.2093,0.0,0.0,0.0
01-06 02,Bremen FIR,0.01,0.0565,0.0046,0.0,0.0,0.0
01-06 02,Brest FIR,0.0,0.0,0.0,0.0,0.0,0.0
01-06 02,Brindisi FIR,0.0515,0.5724,0.4477,0.0,0.0,0.0
01-06 02,Brussels FIR,0.0135,0.0,0.0,0.0,0.0,0.0
01-06 02,Bucarest FIR,0.2166,0.5286,0.3281,0.0286,0.0,0.0
01-06 02,Budapest FIR,0.0,0.217,0.1281,0.0,0.0,0.0
01-06 02,Canarias FIR,0.0,0.0171,0.1616,0.0949,0.0084,0.0
01-06 02,Chisinau FIR,0.1468,0.8865,0.3883,0.0,0.0,0.0
01-06 02,Copenhagen FIR,0.0,0.0,0.0,0.0,0.0,0.0
01-06 02,Helsinki FIR,0.0242,0.0035,0.0,0.0,0.0,0.0
01-06 02,Langen FIR,0.2337,0.1721,0.0,0.0,0.0,0.0
01-06 02,Lisboa FIR,0.0,0.0899,0.1447,0.1554,0.0317,0.0
01-06 02,Ljubljana FIR,0.0,0.5407,0.3236,0.0,0.0,0.0
01-06 02,London FIR,0.0,0.0,0.0,0.0,0.0,0.0
01-06 02,Madrid FIR,0.0,0.0,0.0018,0.0,0.0,0.0
01-06 02,Malta FIR,0.0,0.0021,0.0,0.0,0.0,0.0
01-06 02,Marseille FIR,0.116,0.0243,0.0,0.0,0.0,0.0
01-06 02,Milano FIR,0.0044,0.1714,0.0986,0.0,0.0,0.0
01-06 02,Munchen FIR,0.1186,0.3431,0.0093,0.0,0.0,0.0
01-06 02,Paris FIR,0.0021,0.0,0.0,0.0,0.0,0.0
01-06 02,Polaris FIR,0.0304,0.0058,0.0,0.0,0.0,0.0
01-06 02,Praha FIR,0.4998,0.3241,0.0,0.0,0.0,0.0
01-06 02,Reims FIR,0.28,0.0375,0.0,0.0,0.0,0.0
01-06 02,Reykjavik FIR,0.1503,0.0605,0.0503,0.0147,0.0,0.0
01-06 02,Riga FIR,0.0,0.0,0.0,0.0,0.0,0.0
01-06 02,Roma FIR,0.0306,0.1445,0.0215,0.0,0.0,0.0
01-06 02,Santa Maria FIR,0.0025,0.0723,0.11,0.0379,0.002,0.0
01-06 02,Sarajevo FIR,0.0854,0.6293,0.8213,0.2051,0.0,0.0
01-06 02,Scottish FIR,0.0289,0.0,0.0,0.0,0.0,0.0
01-06 02,Shannon FIR,0.0,0.0774,0.0305,0.0,0.0,0.0
01-06 02,Skopje FIR,0.0,0.31,0.2725,0.0,0.0,0.0
01-06 02,Sofia FIR,0.1284,0.2466,0.0948,0.0,0.0,0.0
01-06 02,Sweden FIR,0.0,0.0,0.0,0.0,0.0,0.0
01-06 02,Switzerland FIR,0.1017,0.1658,0.0,0.0,0.0,0.0
01-06 02,Tallinn FIR,0.0,0.0,0.0,0.0,0.0,0.0
01-06 02,Tirana FIR,0.0,0.2499,0.3293,0.016,0.0,0.0
01-06 02,Vilnius FIR,0.0,0.0,0.0,0.0,0.0,0.0
01-06 02,Warszawa FIR,0.1289,0.0983,0.012,0.001,0.0,0.0
01-06 02,Wien FIR,0.0201,0.0501,0.0353,0.0,0.0,0.0
01-06 02,Zagreb FIR,0.1103,0.6999,0.6508,0.016,0.0,0.0
01-06 03,Global,0.0154,0.0247,0.0271,0.0203,0.0239,0.0239
01-06 03,Europe,0.0282,0.0713,0.0411,0.0111,0.0004,0.0
01-06 03,European Airspace,0.0281,0.0629,0.0748,0.0274,0.0014,0.0
01-06 03,Africa Middle East,0.0002,0.0035,0.0078,0.0109,0.0079,0.0058
01-06 03,East Asia,0.0,0.0,0.0,0.0,0.0001,0.0008
01-06 03,Southeast Asia,0.0,0.0,0.0,0.0007,0.0208,0.0884
01-06 03,India,0.0,0.0001,0.0,0.0004,0.0013,0.0166
01-06 03,China,0.0081,0.0107,0.0148,0.0062,0.0007,0.0
01-06 03,Latin America,0.0071,0.0333,0.031,0.0339,0.0744,0.0721
01-06 03,USA,0.053,0.0637,0.0406,0.0035,0.0,0.0
01-06 03,North Atlantic,0.012,0.0981,0.1462,0.0417,0.0022,0.0
01-06 03,North Pacific,0.0399,0.0628,0.0732,0.0579,0.033,0.0
01-06 03,Amsterdam FIR,0.026,0.0,0.0,0.0,0.0,0.0
01-06 03,Athinai FIR,0.0063,0.2313,0.0945,0.0,0.0,0.0
01-06 03,Barcelona FIR,0.0,0.0,0.0,0.0,0.0,0.0
01-06 03,Beograd FIR,0.0218,0.1993,0.1802,0.0101,0.0,0.0
01-06 03,Bordeaux FIR,0.0,0.0,0.0,0.0,0.0,0.0
01-06 03,Bratislava  FIR,0.0,0.1116,0.0722,0.0,0.0,0.0
01-06 03,Bremen FIR,0.0128,0.0229,0.0009,0.0,0.0,0.0
01-06 03,Brest FIR,0.0,0.0,0.0,0.0,0.0,0.0
01-06 03,Brindisi FIR,0.0417,0.4948,0.2944,0.0,0.0,0.0
01-06 03,Brussels FIR,0.009,0.0,0.0,0.0,0.0,0.0
01-06 03,Bucarest FIR,0.1342,0.3192,0.1491,0.0,0.0,0.0
01-06 03,Budapest FIR,0.0037,0.1363,0.1785,0.0,0.0,0.0
01-06 03,Canarias FIR,0.0,0.0234,0.1694,0.0928,0.0064,0.0
01-06 03,Chisinau FIR,0.285,0.8286,0.2078,0.0,0.0,0.0
01-06 03,Copenhagen FIR,0.0,0.0,0.0,0.0,0.0,0.0
01-06 03,Helsinki FIR,0.0196,0.0,0.0,0.0,0.0,0.0
01-06 03,Langen FIR,0.2742,0.1687,0.0,0.0,0.0,0.0
01-06 03,Lisboa FIR,0.0,0.0923,0.1656,0.1411,0.0187,0.0
01-06 03,Ljubljana FIR,0.0,0.4614,0.265,0.0,0.0,0.0
01-06 03,London FIR,0.0,0.0,0.0,0.0,0.0,0.0
01-06 03,Madrid FIR,0.0,0.0007,0.0033,0.0,0.0,0.0
01-06 03,Malta FIR,0.0,0.0011,0.0,0.0,0.0,0.0
01-06 03,Marseille FIR,0.0807,0.0218,0.0,0.0,0.0,0.0
01-06 03,Milano FIR,0.0089,0.165,0.0603,0.0,0.0,0.0
01-06 03,Munchen FIR,0.127,0.2799,0.0015,0.0,0.0,0.0
01-06 03,Paris FIR,0.0041,0.0,0.0,0.0,0.0,0.0
01-06 03,Polaris FIR,0.0168,0.0008,0.0,0.0,0.0,0.0
01-06 03,Praha FIR,0.2745,0.1104,0.0,0.0,0.0,0.0
01-06 03,Reims FIR,0.223,0.0031,0.0,0.0,0.0,0.0
01-06 03,Reykjavik FIR,0.1321,0.0625,0.0547,0.0138,0.0,0.0
01-06 03,Riga FIR,0.0,0.0,0.0,0.0,0.0,0.0
01-06 03,Roma FIR,0.0176,0.0744,0.0075,0.0,0.0,0.0
01-06 03,Santa Maria FIR,0.0031,0.0683,0.0981,0.0262,0.0006,0.0
01-06 03,Sarajevo FIR,0.0856,0.6967,0.7761,0.1785,0.0,0.0
01-06 03,Scottish FIR,0.0258,0.0,0.0,0.0,0.0,0.0
01-06 03,Shannon FIR,0.0,0.0715,0.0261,0.0,0.0,0.0
01-06 03,Skopje FIR,0.0,0.1438,0.0229,0.0,0.0,0.0
01-06 03,Sofia FIR,0.0814,0.1437,0.0196,0.0,0.0,0.0
01-06 03,Sweden FIR,0.0,0.0,0.0,0.0,0.0,0.0
01-06 03,Switzerland FIR,0.0448,0.1214,0.0,0.0,0.0,0.0
01-06 03,Tallinn FIR,0.0,0.0,0.0,0.0,0.0,0.0
01-06 03,Tirana FIR,0.0,0.2331,0.2543,0.0,0.0,0.0
01-06 03,Vilnius FIR,0.0,0.0,0.0,0.0,0.0,0.0
01-06 03,Warszawa FIR,0.1381,0.1715,0.0288,0.0,0.0,0.0
01-06 03,Wien FIR,0.0062,0.1642,0.0479,0.0,0.0,0.0
01-06 03,Zagreb FIR,0.1089,0.8228,0.5831,0.0112,0.0,0.0
01-06 04,Global,0.0149,0.0237,0.027,0.0202,0.0252,0.0254
01-06 04,Europe,0.0259,0.0508,0.0303,0.0054,0.0006,0.0
01-06 04,European Airspace,0.0218,0.0475,0.0603,0.0146,0.0005,0.0
01-06 04,Africa Middle East,0.0001,0.002,0.0058,0.0054,0.0062,0.0047
01-06 04,East Asia,0.0,0.0,0.0,0.0,0.0001,0.0016
01-06 04,Southeast Asia,0.0,0.0,0.0,0.0014,0.0273,0.0946
01-06 04,India,0.0,0.0002,0.0,0.0004,0.0013,0.0167
01-06 04,China,0.0091,0.0156,0.0199,0.0072,0.0007,0.0
01-06 04,Latin America,0.0059,0.0288,0.0275,0.0323,0.0688,0.0694
01-06 04,USA,0.0504,0.066,0.041,0.0028,0.0001,0.0
01-06 04,North Atlantic,0.0099,0.093,0.1373,0.026,0.0008,0.0
01-06 04,North Pacific,0.0363,0.0604,0.0758,0.0632,0.0377,0.001
01-06 04,Amsterdam FIR,0.0175,0.0,0.0,0.0,0.0,0.0
01-06 04,Athinai FIR,0.0,0.0578,0.0131,0.0,0.0,0.0
01-06 04,Barcelona FIR,0.0,0.0,0.0,0.0,0.0,0.0
01-06 04,Beograd FIR,0.0185,0.1882,0.0739,0.0017,0.0,0.0
01-06 04,Bordeaux FIR,0.0,0.0,0.0,0.0,0.0,0.0
01-06 04,Bratislava  FIR,0.0,0.0108,0.0106,0.0,0.0,0.0
01-06 04,Bremen FIR,0.0347,0.0219,0.0,0.0,0.0,0.0
01-06 04,Brest FIR,0.0,0.0,0.0,0.0,0.0,0.0
01-06 04,Brindisi FIR,0.0085,0.2773,0.1906,0.0,0.0,0.0
01-06 04,Brussels FIR,0.009,0.0,0.0,0.0,0.0,0.0
01-06 04,Bucarest FIR,0.0424,0.1987,0.0179,0.0,0.0,0.0
01-06 04,Budapest FIR,0.0,0.3084,0.2169,0.0,0.0,0.0
01-06 04,Canarias FIR,0.0,0.0274,0.1633,0.0672,0.0017,0.0
01-06 04,Chisinau FIR,0.1649,0.0049,0.0,0.0,0.0,0.0
01-06 04,Copenhagen FIR,0.0,0.0,0.0,0.0,0.0,0.0
01-06 04,Helsinki FIR,0.0155,0.0,0.0,0.0,0.0,0.0
01-06 04,Langen FIR,0.2782,0.1067,0.0,0.0,0.0,0.0
01-06 04,Lisboa FIR,0.0,0.0919,0.1342,0.092,0.0114,0.0
01-06 04,Ljubljana FIR,0.0,0.344,0.2553,0.0,0.0,0.0
01-06 04,London FIR,0.0,0.0,0.0,0.0,0.0,0.0
01-06 04,Madrid FIR,0.0,0.001,0.0049,0.0028,0.0,0.0
01-06 04,Malta FIR,0.0,0.0,0.0,0.0,0.0,0.0
01-06 04,Marseille FIR,0.1044,0.0167,0.0,0.0,0.0,0.0
01-06 04,Milano FIR,0.0438,0.0605,0.0459,0.0,0.0,0.0
01-06 04,Munchen FIR,0.203,0.2363,0.0,0.0,0.0,0.0
01-06 04,Paris FIR,0.0,0.0,0.0,0.0,0.0,0.0
01-06 04,Polaris FIR,0.0054,0.0007,0.0,0.0,0.0,0.0
01-06 04,Praha FIR,0.0083,0.0063,0.0,0.0,0.0,0.0
01-06 04,Reims FIR,0.1159,0.0,0.0,0.0,0.0,0.0
01-06 04,Reykjavik FIR,0.11,0.0593,0.0543,0.0165,0.0,0.0
01-06 04,Riga FIR,0.0,0.0,0.0,0.0,0.0,0.0
01-06 04,Roma FIR,0.0157,0.017,0.0049,0.0,0.0,0.0
01-06 04,Santa Maria FIR,0.0031,0.0684,0.0871,0.0133,0.0,0.0
01-06 04,Sarajevo FIR,0.0409,0.5803,0.4502,0.0111,0.0,0.0
01-06 04,Scottish FIR,0.0228,0.0,0.0,0.0,0.0,0.0
01-06 04,Shannon FIR,0.0036,0.019,0.0,0.0,0.0,0.0
01-06 04,Skopje FIR,0.0,0.0609,0.0,0.0,0.0,0.0
01-06 04,Sofia FIR,0.0052,0.0119,0.0,0.0,0.0,0.0
01-06 04,Sweden FIR,0.0,0.0,0.0,0.0,0.0,0.0
01-06 04,Switzerland FIR,0.0851,0.1093,0.0,0.0,0.0,0.0
01-06 04,Tallinn FIR,0.0,0.0,0.0,0.0,0.0,0.0
01-06 04,Tirana FIR,0.0,0.0633,0.0105,0.0,0.0,0.0
01-06 04,Vilnius FIR,0.0,0.0,0.0,0.0,0.0,0.0
01-06 04,Warszawa FIR,0.1588,0.0579,0.0024,0.0,0.0,0.0
01-06 04,Wien FIR,0.0203,0.1796,0.0208,0.0,0.0,0.0
01-06 04,Zagreb FIR,0.0099,0.7639,0.4763,0.0032,0.0,0.0
01-06 05,Global,0.0146,0.0235,0.0265,0.0207,0.0262,0.0268
01-06 05,Europe,0.021,0.0281,0.0188,0.0026,0.0,0.0
01-06 05,European Airspace,0.0175,0.0361,0.0462,0.0073,0.0001,0.0
01-06 05,Africa Middle East,0.0001,0.0017,0.0041,0.0038,0.0069,0.0042
01-06 05,East Asia,0.0,0.0,0.0,0.0,0.0,0.003
01-06 05,Southeast Asia,0.0,0.0,0.0,0.0024,0.0409,0.1143
01-06 05,India,0.0,0.0003,0.0,0.0005,0.0016,0.0148
01-06 05,China,0.0123,0.0232,0.0259,0.0074,0.0007,0.0
01-06 05,Latin America,0.0036,0.0241,0.024,0.0308,0.0621,0.063
01-06 05,USA,0.0486,0.0665,0.0412,0.0026,0.0005,0.0
01-06 05,North Atlantic,0.0092,0.0894,0.1245,0.0183,0.0002,0.0
01-06 05,North Pacific,0.03,0.0591,0.0771,0.0652,0.0401,0.0019
01-06 05,Amsterdam FIR,0.0123,0.0,0.0,0.0,0.0,0.0
01-06 05,Athinai FIR,0.0,0.0,0.0,0.0,0.0,0.0
01-06 05,Barcelona FIR,0.0,0.0,0.0,0.0,0.0,0.0
01-06 05,Beograd FIR,0.0,0.0301,0.0216,0.0,0.0,0.0
01-06 05,Bordeaux FIR,0.0,0.0,0.0,0.0,0.0,0.0
01-06 05,Bratislava  FIR,0.0,0.0,0.0,0.0,0.0,0.0
01-06 05,Bremen FIR,0.0301,0.0,0.0,0.0,0.0,0.0
01-06 05,Brest FIR,0.0,0.0,0.0,0.0,0.0,0.0
01-06 05,Brindisi FIR,0.0,0.0688,0.0695,0.0,0.0,0.0
01-06 05,Brussels FIR,0.009,0.0,0.0,0.0,0.0,0.0
01-06 05,Bucarest FIR,0.0,0.0,0.0007,0.0014,0.0,0.0
01-06 05,Budapest FIR,0.0092,0.4605,0.3153,0.0,0.0,0.0
01-06 05,Canarias FIR,0.0,0.0254,0.1226,0.0303,0.0,0.0
01-06 05,Chisinau FIR,0.0,0.0,0.0,0.0,0.0,0.0
01-06 05,Copenhagen FIR,0.0,0.0,0.0,0.0,0.0,0.0
01-06 05,Helsinki FIR,0.0049,0.0,0.0,0.0,0.0,0.0
01-06 05,Langen FIR,0.174,0.0321,0.0,0.0,0.0,0.0
01-06 05,Lisboa FIR,0.0,0.0621,0.0598,0.0457,0.0,0.0
01-06 05,Ljubljana FIR,0.0,0.1773,0.1569,0.0,0.0,0.0
01-06 05,London FIR,0.0,0.0,0.0,0.0,0.0,0.0
01-06 05,Madrid FIR,0.0,0.0072,0.0067,0.0052,0.0,0.0
01-06 05,Malta FIR,0.0,0.0,0.0,0.0,0.0,0.0
01-06 05,Marseille FIR,0.1072,0.0043,0.0,0.0,0.0,0.0
01-06 05,Milano FIR,0.0661,0.0511,0.0423,0.0,0.0,0.0
01-06 05,Munchen FIR,0.288,0.1354,0.0,0.0,0.0,0.0
01-06 05,Paris FIR,0.0,0.0,0.0,0.0,0.0,0.0
01-06 05,Polaris FIR,0.0019,0.0013,0.0,0.0,0.0,0.0
01-06 05,Praha FIR,0.0362,0.0298,0.0,0.0,0.0,0.0
01-06 05,Reims FIR,0.075,0.0,0.0,0.0,0.0,0.0
01-06 05,Reykjavik FIR,0.1011,0.0595,0.0631,0.02,0.0,0.0
01-06 05,Riga FIR,0.0,0.0,0.0,0.0,0.0,0.0
01-06 05,Roma FIR,0.0207,0.0108,0.0022,0.0,0.0,0.0
01-06 05,Santa Maria FIR,0.0026,0.0642,0.0664,0.0049,0.0,0.0
01-06 05,Sarajevo FIR,0.0111,0.1407,0.1487,0.0075,0.0,0.0
01-06 05,Scottish FIR,0.0135,0.0,0.0,0.0,0.0,0.0
01-06 05,Shannon FIR,0.0114,0.0,0.0,0.0,0.0,0.0
01-06 05,Skopje FIR,0.0,0.0,0.0,0.0,0.0,0.0
01-06 05,Sofia FIR,0.0,0.0,0.0,0.0,0.0,0.0
01-06 05,Sweden FIR,0.0,0.0,0.0,0.0,0.0,0.0
01-06 05,Switzerland FIR,0.0243,0.0,0.0,0.0,0.0,0.0
01-06 05,Tallinn FIR,0.0,0.0,0.0,0.0,0.0,0.0
01-06 05,Tirana FIR,0.0,0.0,0.0,0.0,0.0,0.0
01-06 05,Vilnius FIR,0.0,0.0,0.0,0.0,0.0,0.0
01-06 05,Warszawa FIR,0.0564,0.0131,0.0102,0.0,0.0,0.0
01-06 05,Wien FIR,0.0183,0.0489,0.0186,0.0,0.0,0.0
01-06 05,Zagreb FIR,0.0032,0.3961,0.2408,0.0,0.0,0.0
01-06 06,Global,0.0149,0.0234,0.0257,0.0211,0.0271,0.0277
01-06 06,Europe,0.0043,0.0143,0.0129,0.0007,0.0,0.0
01-06 06,European Airspace,0.0131,0.0293,0.0316,0.0043,0.0001,0.0
01-06 06,Africa Middle East,0.0,0.001,0.0015,0.0039,0.0076,0.0039
01-06 06,East Asia,0.0,0.0,0.0,0.0,0.0,0.0043
01-06 06,Southeast Asia,0.0,0.0,0.0,0.0042,0.0636,0.1467
01-06 06,India,0.0,0.0006,0.0002,0.0006,0.0025,0.015
01-06 06,China,0.0181,0.0332,0.032,0.0078,0.0007,0.0
01-06 06,Latin America,0.0024,0.0168,0.0197,0.0275,0.0544,0.0514
01-06 06,USA,0.0448,0.0655,0.0411,0.0023,0.0006,0.0
01-06 06,North Atlantic,0.0087,0.0838,0.108,0.0157,0.0001,0.0
01-06 06,North Pacific,0.0249,0.0559,0.0737,0.0642,0.0414,0.0023
01-06 06,Amsterdam FIR,0.0106,0.0,0.0,0.0,0.0,0.0
01-06 06,Athinai FIR,0.0,0.0,0.0,0.0,0.0,0.0
01-06 06,Barcelona FIR,0.0,0.0,0.0,0.0,0.0,0.0
01-06 06,Beograd FIR,0.0,0.0086,0.0267,0.0,0.0,0.0
01-06 06,Bordeaux FIR,0.0,0.0,0.0,0.0,0.0,0.0
01-06 06,Bratislava  FIR,0.0,0.0979,0.1014,0.0,0.0,0.0
01-06 06,Bremen FIR,0.0028,0.0,0.0,0.0,0.0,0.0
01-06 06,Brest FIR,0.0,0.0,0.0,0.0,0.0,0.0
01-06 06,Brindisi FIR,0.0,0.0419,0.0231,0.0,0.0,0.0
01-06 06,Brussels FIR,0.0,0.0,0.0,0.0,0.0,0.0
01-06 06,Bucarest FIR,0.0,0.0021,0.0014,0.0057,0.0,0.0
01-06 06,Budapest FIR,0.0313,0.4059,0.3937,0.0,0.0,0.0
01-06 06,Canarias FIR,0.0,0.0167,0.0582,0.0192,0.0,0.0
01-06 06,Chisinau FIR,0.0,0.0,0.0,0.0,0.0,0.0
01-06 06,Copenhagen FIR,0.0,0.0,0.0,0.0,0.0,0.0
01-06 06,Helsinki FIR,0.0,0.0,0.0,0.0,0.0,0.0
01-06 06,Langen FIR,0.031,0.0014,0.0,0.0,0.0,0.0
01-06 06,Lisboa FIR,0.0,0.0329,0.017,0.0081,0.0,0.0
01-06 06,Ljubljana FIR,0.0,0.0098,0.0588,0.0,0.0,0.0
01-06 06,London FIR,0.0,0.0,0.0,0.0,0.0,0.0
01-06 06,Madrid FIR,0.0,0.0112,0.0058,0.0022,0.0,0.0
01-06 06,Malta FIR,0.0,0.0,0.0,0.0,0.0,0.0
01-06 06,Marseille FIR,0.0196,0.0012,0.0,0.0,0.0,0.0
01-06 06,Milano FIR,0.0225,0.0755,0.0463,0.0,0.0,0.0
01-06 06,Munchen FIR,0.0539,0.0224,0.0,0.0,0.0,0.0
01-06 06,Paris FIR,0.0,0.0,0.0,0.0,0.0,0.0
01-06 06,Polaris FIR,0.002,0.0017,0.0,0.0,0.0,0.0
01-06 06,Praha FIR,0.0042,0.0234,0.0,0.0,0.0,0.0
01-06 06,Reims FIR,0.0031,0.0,0.0,0.0,0.0,0.0
01-06 06,Reykjavik FIR,0.1017,0.0727,0.0723,0.0196,0.0,0.0
01-06 06,Riga FIR,0.0,0.0,0.0,0.0,0.0,0.0
01-06 06,Roma FIR,0.0045,0.0013,0.0,0.0,0.0,0.0
01-06 06,Santa Maria FIR,0.0016,0.0498,0.0361,0.0,0.0,0.0
01-06 06,Sarajevo FIR,0.0,0.0148,0.0596,0.0111,0.0,0.0
01-06 06,Scottish FIR,0.0031,0.0,0.0,0.0,0.0,0.0
01-06 06,Shannon FIR,0.0114,0.0,0.0,0.0,0.0,0.0
01-06 06,Skopje FIR,0.0,0.0,0.0,0.0075,0.0,0.0
01-06 06,Sofia FIR,0.0,0.0,0.0,0.0,0.0,0.0
01-06 06,Sweden FIR,0.0,0.0,0.0,0.0,0.0,0.0
01-06 06,Switzerland FIR,0.0,0.0,0.0,0.0,0.0,0.0
01-06 06,Tallinn FIR,0.0,0.0,0.0,0.0,0.0,0.0
01-06 06,Tirana FIR,0.0,0.0,0.0,0.0,0.0,0.0
01-06 06,Vilnius FIR,0.0,0.0,0.0,0.0,0.0,0.0
01-06 06,Warszawa FIR,0.0082,0.0141,0.0063,0.0,0.0,0.0
01-06 06,Wien FIR,0.0,0.0162,0.0,0.0,0.0,0.0
01-06 06,Zagreb FIR,0.0032,0.1172,0.1549,0.0,0.0,0.0
01-06 07,Global,0.0155,0.0235,0.0254,0.0215,0.0274,0.0283
01-06 07,Europe,0.0016,0.0103,0.0103,0.0001,0.0,0.0
01-06 07,European Airspace,0.0123,0.0249,0.0217,0.0039,0.0,0.0
01-06 07,Africa Middle East,0.0,0.0004,0.0004,0.0047,0.0073,0.0037
01-06 07,East Asia,0.0,0.0,0.0,0.0,0.0,0.0053
01-06 07,Southeast Asia,0.0,0.0,0.0,0.0078,0.0926,0.184
01-06 07,India,0.0002,0.0017,0.0002,0.0005,0.0031,0.0161
01-06 07,China,0.0268,0.0443,0.0354,0.0072,0.0005,0.0
01-06 07,Latin America,0.0015,0.0082,0.0143,0.0237,0.0409,0.0364
01-06 07,USA,0.0453,0.065,0.042,0.0019,0.0005,0.0
01-06 07,North Atlantic,0.0073,0.0741,0.0916,0.0164,0.0,0.0
01-06 07,North Pacific,0.0232,0.0524,0.0723,0.0616,0.0436,0.003
01-06 07,Amsterdam FIR,0.007,0.0,0.0,0.0,0.0,0.0
01-06 07,Athinai FIR,0.0,0.0,0.0,0.0,0.0,0.0
01-06 07,Barcelona FIR,0.0,0.0,0.0,0.0,0.0,0.0
01-06 07,Beograd FIR,0.0034,0.0308,0.0759,0.0018,0.0,0.0
01-06 07,Bordeaux FIR,0.0,0.0,0.0,0.0,0.0,0.0
01-06 07,Bratislava  FIR,0.0651,0.3242,0.2163,0.0,0.0,0.0
01-06 07,Bremen FIR,0.0009,0.0,0.0,0.0,0.0,0.0
01-06 07,Brest FIR,0.0,0.0,0.0,0.0,0.0,0.0
01-06 07,Brindisi FIR,0.0,0.0453,0.0073,0.0,0.0,0.0
01-06 07,Brussels FIR,0.0045,0.0,0.0,0.0,0.0,0.0
01-06 07,Bucarest FIR,0.0055,0.0255,0.009,0.0077,0.0,0.0
01-06 07,Budapest FIR,0.0183,0.3579,0.3975,0.0,0.0,0.0
01-06 07,Canarias FIR,0.0,0.003,0.0103,0.0123,0.0,0.0
01-06 07,Chisinau FIR,0.0049,0.0,0.0,0.0,0.0,0.0
01-06 07,Copenhagen FIR,0.0,0.0,0.0,0.0,0.0,0.0
01-06 07,Helsinki FIR,0.0,0.0,0.0,0.0,0.0,0.0
01-06 07,Langen FIR,0.0041,0.0,0.0,0.0,0.0,0.0
01-06 07,Lisboa FIR,0.0,0.0,0.0,0.0,0.0,0.0
01-06 07,Ljubljana FIR,0.0391,0.186,0.167,0.0,0.0,0.0
01-06 07,London FIR,0.0,0.0,0.0,0.0,0.0,0.0
01-06 07,Madrid FIR,0.0,0.0024,0.0,0.0,0.0,0.0
01-06 07,Malta FIR,0.0,0.0,0.0,0.0,0.0,0.0
01-06 07,Marseille FIR,0.0006,0.0,0.0,0.0,0.0,0.0
01-06 07,Milano FIR,0.011,0.0492,0.0547,0.0,0.0,0.0
01-06 07,Munchen FIR,0.0,0.0047,0.0,0.0,0.0,0.0
01-06 07,Paris FIR,0.0,0.0,0.0,0.0,0.0,0.0
01-06 07,Polaris FIR,0.0013,0.0015,0.0,0.0,0.0,0.0
01-06 07,Praha FIR,0.0149,0.0719,0.0021,0.0,0.0,0.0
01-06 07,Reims FIR,0.0,0.0,0.0,0.0,0.0,0.0
01-06 07,Reykjavik FIR,0.0983,0.0886,0.0787,0.0173,0.0,0.0
01-06 07,Riga FIR,0.0,0.0,0.0,0.0,0.0,0.0
01-06 07,Roma FIR,0.0,0.0049,0.0,0.0,0.0,0.0
01-06 07,Santa Maria FIR,0.0008,0.0206,0.0119,0.0,0.0,0.0
01-06 07,Sarajevo FIR,0.0,0.0,0.0749,0.0,0.0,0.0
01-06 07,Scottish FIR,0.0,0.0,0.0,0.0,0.0,0.0
01-06 07,Shannon FIR,0.0,0.0,0.0,0.0,0.0,0.0
01-06 07,Skopje FIR,0.0,0.0,0.0,0.0984,0.0,0.0
01-06 07,Sofia FIR,0.0,0.0,0.0,0.0093,0.0,0.0
01-06 07,Sweden FIR,0.0,0.0,0.0,0.0,0.0,0.0
01-06 07,Switzerland FIR,0.0,0.0,0.0,0.0,0.0,0.0
01-06 07,Tallinn FIR,0.0,0.0,0.0,0.0,0.0,0.0
01-06 07,Tirana FIR,0.0,0.0,0.0053,0.0,0.0,0.0
01-06 07,Vilnius FIR,0.0,0.0,0.0,0.0,0.0,0.0
01-06 07,Warszawa FIR,0.0032,0.0051,0.001,0.0,0.0,0.0
01-06 07,Wien FIR,0.0186,0.1141,0.0292,0.0,0.0,0.0
01-06 07,Zagreb FIR,0.0,0.035,0.1182,0.0032,0.0,0.0
01-06 08,Global,0.0161,0.0234,0.0247,0.0218,0.0272,0.0292
01-06 08,Europe,0.003,0.0105,0.0111,0.0002,0.0,0.0
01-06 08,European Airspace,0.0126,0.0221,0.0194,0.0049,0.0,0.0
01-06 08,Africa Middle East,0.0,0.0001,0.0003,0.005,0.0063,0.0037
01-06 08,East Asia,0.0,0.0,0.0,0.0,0.0,0.0056
01-06 08,Southeast Asia,0.0,0.0,0.0,0.0123,0.1195,0.2149
01-06 08,India,0.001,0.0022,0.0001,0.0004,0.0036,0.0194
01-06 08,China,0.0376,0.0538,0.0367,0.0071,0.0003,0.0
01-06 08,Latin America,0.0004,0.0035,0.0082,0.0183,0.0243,0.0271
01-06 08,USA,0.0455,0.0655,0.0395,0.0026,0.0007,0.0
01-06 08,North Atlantic,0.0057,0.061,0.0772,0.0203,0.0,0.0
01-06 08,North Pacific,0.0229,0.0498,0.0694,0.0634,0.0474,0.0061
01-06 08,Amsterdam FIR,0.0104,0.0,0.0,0.0,0.0,0.0
01-06 08,Athinai FIR,0.0,0.0,0.0022,0.0,0.0,0.0
01-06 08,Barcelona FIR,0.0,0.0,0.0,0.0,0.0,0.0
01-06 08,Beograd FIR,0.0034,0.0374,0.142,0.0083,0.0,0.0
01-06 08,Bordeaux FIR,0.0,0.0,0.0,0.0,0.0,0.0
01-06 08,Bratislava  FIR,0.1689,0.4591,0.316,0.0,0.0,0.0
01-06 08,Bremen FIR,0.0,0.0,0.0,0.0,0.0,0.0
01-06 08,Brest FIR,0.0,0.0,0.0,0.0,0.0,0.0
01-06 08,Brindisi FIR,0.0,0.0757,0.0145,0.0,0.0,0.0
01-06 08,Brussels FIR,0.0045,0.0,0.0,0.0,0.0,0.0
01-06 08,Bucarest FIR,0.0172,0.0744,0.0375,0.0185,0.0,0.0
01-06 08,Budapest FIR,0.0436,0.2473,0.3634,0.0019,0.0,0.0
01-06 08,Canarias FIR,0.0,0.0,0.0077,0.0092,0.0,0.0
01-06 08,Chisinau FIR,0.0,0.0,0.0196,0.0636,0.0,0.0
01-06 08,Copenhagen FIR,0.0,0.0,0.0,0.0,0.0,0.0
01-06 08,Helsinki FIR,0.0,0.0,0.0,0.0,0.0,0.0
01-06 08,Langen FIR,0.0,0.0,0.0,0.0,0.0,0.0
01-06 08,Lisboa FIR,0.0,0.0,0.0009,0.0,0.0,0.0
01-06 08,Ljubljana FIR,0.039,0.1468,0.3139,0.0,0.0,0.0
01-06 08,London FIR,0.0,0.0,0.0,0.0,0.0,0.0
01-06 08,Madrid FIR,0.0,0.0,0.0,0.0,0.0,0.0
01-06 08,Malta FIR,0.0,0.0,0.0,0.0,0.0,0.0
01-06 08,Marseille FIR,0.0,0.0,0.0,0.0,0.0,0.0
01-06 08,Milano FIR,0.0055,0.0525,0.0556,0.0,0.0,0.0
01-06 08,Munchen FIR,0.0,0.005,0.0034,0.0,0.0,0.0
01-06 08,Paris FIR,0.0,0.0,0.0,0.0,0.0,0.0
01-06 08,Polaris FIR,0.0041,0.0015,0.0,0.0,0.0,0.0
01-06 08,Praha FIR,0.0318,0.0634,0.0,0.0,0.0,0.0
01-06 08,Reims FIR,0.0,0.0,0.0,0.0,0.0,0.0
01-06 08,Reykjavik FIR,0.0918,0.102,0.0807,0.0163,0.0,0.0
01-06 08,Riga FIR,0.0,0.0,0.0,0.0,0.0,0.0
01-06 08,Roma FIR,0.0,0.0103,0.0004,0.0,0.0,0.0
01-06 08,Santa Maria FIR,0.0,0.0038,0.0034,0.0,0.0,0.0
01-06 08,Sarajevo FIR,0.0,0.0,0.1532,0.0,0.0,0.0
01-06 08,Scottish FIR,0.0,0.0,0.0,0.0,0.0,0.0
01-06 08,Shannon FIR,0.0,0.0,0.0,0.0,0.0,0.0
01-06 08,Skopje FIR,0.0,0.0,0.0453,0.0376,0.0,0.0
01-06 08,Sofia FIR,0.0,0.0,0.02,0.0357,0.0,0.0
01-06 08,Sweden FIR,0.0,0.0,0.0,0.0,0.0,0.0
01-06 08,Switzerland FIR,0.0,0.0,0.0,0.0,0.0,0.0
01-06 08,Tallinn FIR,0.0,0.0,0.0,0.0,0.0,0.0
01-06 08,Tirana FIR,0.0,0.0,0.0158,0.0,0.0,0.0
01-06 08,Vilnius FIR,0.0,0.0,0.0,0.0,0.0,0.0
01-06 08,Warszawa FIR,0.0088,0.0146,0.0039,0.0,0.0,0.0
01-06 08,Wien FIR,0.1009,0.2008,0.1019,0.0,0.0,0.0
01-06 08,Zagreb FIR,0.0,0.0257,0.1161,0.0,0.0,0.0
01-06 09,Global,0.0169,0.0228,0.024,0.022,0.0272,0.0301
01-06 09,Europe,0.0027,0.0141,0.0139,0.0002,0.0,0.0
01-06 09,European Airspace,0.013,0.0215,0.0246,0.0077,0.0001,0.0
01-06 09,Africa Middle East,0.0,0.0001,0.0003,0.005,0.0047,0.0038
01-06 09,East Asia,0.0,0.0,0.0,0.0,0.0,0.006
01-06 09,Southeast Asia,0.0,0.0,0.0,0.0174,0.137,0.2372
01-06 09,India,0.003,0.0017,0.0,0.0005,0.0074,0.0241
01-06 09,China,0.0482,0.0591,0.0376,0.0067,0.0001,0.0
01-06 09,Latin America,0.0001,0.0021,0.0069,0.0105,0.0133,0.0238
01-06 09,USA,0.0429,0.0624,0.0326,0.0035,0.0008,0.0
01-06 09,North Atlantic,0.0054,0.0496,0.0732,0.0246,0.0003,0.0
01-06 09,North Pacific,0.0241,0.0459,0.0683,0.0669,0.0469,0.0108
01-06 09,Amsterdam FIR,0.0122,0.0,0.0,0.0,0.0,0.0
01-06 09,Athinai FIR,0.0,0.0,0.0137,0.0057,0.0,0.0
01-06 09,Barcelona FIR,0.0,0.0,0.0,0.0,0.0,0.0
01-06 09,Beograd FIR,0.0,0.0119,0.2333,0.0066,0.0,0.0
01-06 09,Bordeaux FIR,0.0,0.0,0.0,0.0,0.0,0.0
01-06 09,Bratislava  FIR,0.1859,0.4223,0.3442,0.0,0.0,0.0
01-06 09,Bremen FIR,0.0063,0.0,0.0,0.0,0.0,0.0
01-06 09,Brest FIR,0.0,0.0,0.0,0.0,0.0,0.0
01-06 09,Brindisi FIR,0.0,0.0609,0.0048,0.0,0.0,0.0
01-06 09,Brussels FIR,0.009,0.0,0.0,0.0,0.0,0.0
01-06 09,Bucarest FIR,0.0261,0.11,0.1361,0.0481,0.0,0.0
01-06 09,Budapest FIR,0.0435,0.1543,0.3756,0.0188,0.0,0.0
01-06 09,Canarias FIR,0.0,0.0,0.0093,0.0082,0.0,0.0
01-06 09,Chisinau FIR,0.0,0.0,0.0849,0.1193,0.0,0.0
01-06 09,Copenhagen FIR,0.0,0.0,0.0,0.0,0.0,0.0
01-06 09,Helsinki FIR,0.0,0.0,0.0,0.0,0.0,0.0
01-06 09,Langen FIR,0.0082,0.0,0.0,0.0,0.0,0.0
01-06 09,Lisboa FIR,0.0,0.0006,0.0015,0.0009,0.0,0.0
01-06 09,Ljubljana FIR,0.0097,0.2251,0.2353,0.0,0.0,0.0
01-06 09,London FIR,0.0,0.0,0.0,0.0,0.0,0.0
01-06 09,Madrid FIR,0.0,0.0,0.0,0.0,0.0,0.0
01-06 09,Malta FIR,0.0,0.0,0.0,0.0,0.0,0.0
01-06 09,Marseille FIR,0.0,0.0,0.0,0.0,0.0,0.0
01-06 09,Milano FIR,0.0033,0.1024,0.0483,0.0,0.0,0.0
01-06 09,Munchen FIR,0.0,0.0133,0.0183,0.0,0.0,0.0
01-06 09,Paris FIR,0.0,0.0,0.0,0.0,0.0,0.0
01-06 09,Polaris FIR,0.0095,0.002,0.0,0.0,0.0,0.0
01-06 09,Praha FIR,0.0297,0.0529,0.017,0.0,0.0,0.0
01-06 09,Reims FIR,0.0,0.0,0.0,0.0,0.0,0.0
01-06 09,Reykjavik FIR,0.0792,0.1016,0.0881,0.0221,0.0,0.0
01-06 09,Riga FIR,0.0,0.0,0.0,0.0,0.0,0.0
01-06 09,Roma FIR,0.0,0.0181,0.0009,0.0,0.0,0.0
01-06 09,Santa Maria FIR,0.0,0.0005,0.0012,0.0,0.0,0.0
01-06 09,Sarajevo FIR,0.0,0.0226,0.2389,0.0,0.0,0.0
01-06 09,Scottish FIR,0.0,0.0,0.0,0.0,0.0,0.0
01-06 09,Shannon FIR,0.0,0.0,0.0,0.0,0.0,0.0
01-06 09,Skopje FIR,0.0,0.0,0.0303,0.0,0.0,0.0
01-06 09,Sofia FIR,0.0,0.0,0.0811,0.0857,0.0,0.0
01-06 09,Sweden FIR,0.0,0.0,0.0,0.0,0.0,0.0
01-06 09,Switzerland FIR,0.0,0.0,0.0,0.0,0.0,0.0
01-06 09,Tallinn FIR,0.0,0.0,0.0,0.0,0.0,0.0
01-06 09,Tirana FIR,0.0,0.0,0.0053,0.0,0.0,0.0
01-06 09,Vilnius FIR,0.0,0.0,0.0,0.0,0.0,0.0
01-06 09,Warszawa FIR,0.0126,0.0473,0.0147,0.0,0.0,0.0
01-06 09,Wien FIR,0.0841,0.3111,0.1907,0.0,0.0,0.0
01-06 09,Zagreb FIR,0.0016,0.0631,0.1744,0.0,0.0,0.0
01-06 10,Global,0.0176,0.0222,0.0229,0.0228,0.0295,0.0322
01-06 10,Europe,0.0042,0.0223,0.0188,0.0002,0.0,0.0
01-06 10,European Airspace,0.0146,0.0268,0.0357,0.0114,0.0004,0.0
01-06 10,Africa Middle East,0.0,0.0001,0.0007,0.0049,0.0048,0.0049
01-06 10,East Asia,0.0,0.0,0.0,0.0,0.0,0.0063
01-06 10,Southeast Asia,0.0,0.0,0.0,0.0246,0.1586,0.2609
01-06 10,India,0.0018,0.0012,0.0,0.0009,0.0146,0.0299
01-06 10,China,0.0521,0.0602,0.0359,0.0058,0.0,0.0
01-06 10,Latin America,0.0002,0.0023,0.0072,0.006,0.0097,0.0243
01-06 10,USA,0.0374,0.0528,0.0221,0.0015,0.0001,0.0001
01-06 10,North Atlantic,0.0041,0.0388,0.0715,0.0315,0.001,0.0
01-06 10,North Pacific,0.0238,0.0408,0.068,0.069,0.0479,0.0113
01-06 10,Amsterdam FIR,0.0173,0.0,0.0,0.0,0.0,0.0
01-06 10,Athinai FIR,0.0,0.0,0.0254,0.0057,0.0,0.0
01-06 10,Barcelona FIR,0.0,0.0,0.0,0.0,0.0,0.0
01-06 10,Beograd FIR,0.0,0.0,0.2477,0.0034,0.0,0.0
01-06 10,Bordeaux FIR,0.0,0.0,0.0,0.0,0.0,0.0
01-06 10,Bratislava  FIR,0.2605,0.6043,0.4231,0.0,0.0,0.0
01-06 10,Bremen FIR,0.0117,0.0,0.0,0.0,0.0,0.0
01-06 10,Brest FIR,0.0,0.0,0.0,0.0,0.0,0.0
01-06 10,Brindisi FIR,0.0,0.0727,0.0,0.0,0.0,0.0
01-06 10,Brussels FIR,0.009,0.0,0.0,0.0,0.0,0.0
01-06 10,Bucarest FIR,0.0314,0.1393,0.319,0.0814,0.0,0.0
01-06 10,Budapest FIR,0.0072,0.1106,0.4476,0.0318,0.0,0.0
01-06 10,Canarias FIR,0.0,0.0,0.0146,0.0153,0.0,0.0
01-06 10,Chisinau FIR,0.0,0.01,0.2455,0.1262,0.0,0.0
01-06 10,Copenhagen FIR,0.0,0.0,0.0,0.0,0.0,0.0
01-06 10,Helsinki FIR,0.0,0.0,0.0,0.0,0.0,0.0
01-06 10,Langen FIR,0.0041,0.0,0.0,0.0,0.0,0.0
01-06 10,Lisboa FIR,0.0,0.0,0.0061,0.0015,0.0,0.0
01-06 10,Ljubljana FIR,0.0,0.1076,0.3431,0.0,0.0,0.0
01-06 10,London FIR,0.0,0.0,0.0,0.0,0.0,0.0
01-06 10,Madrid FIR,0.0,0.0,0.0,0.0,0.0,0.0
01-06 10,Malta FIR,0.0,0.0,0.0,0.0,0.0,0.0
01-06 10,Marseille FIR,0.0013,0.0006,0.0,0.0,0.0,0.0
01-06 10,Milano FIR,0.0022,0.1392,0.0385,0.0,0.0,0.0
01-06 10,Munchen FIR,0.0,0.0362,0.0363,0.0,0.0,0.0
01-06 10,Paris FIR,0.0,0.0,0.0,0.0,0.0,0.0
01-06 10,Polaris FIR,0.0306,0.0028,0.0,0.0,0.0,0.0
01-06 10,Praha FIR,0.0705,0.1216,0.0341,0.0,0.0,0.0
01-06 10,Reims FIR,0.0,0.0,0.0,0.0,0.0,0.0
01-06 10,Reykjavik FIR,0.0673,0.1054,0.1009,0.0404,0.0,0.0
01-06 10,Riga FIR,0.0,0.0,0.0,0.0,0.0,0.0
01-06 10,Roma FIR,0.0005,0.0141,0.0,0.0,0.0,0.0
01-06 10,Santa Maria FIR,0.0,0.0005,0.0014,0.0,0.0,0.0
01-06 10,Sarajevo FIR,0.0,0.0299,0.2195,0.0,0.0,0.0
01-06 10,Scottish FIR,0.0,0.0,0.0,0.0,0.0,0.0
01-06 10,Shannon FIR,0.0,0.0,0.0,0.0,0.0,0.0
01-06 10,Skopje FIR,0.0,0.0,0.0452,0.0,0.0,0.0
01-06 10,Sofia FIR,0.0,0.0,0.1734,0.1188,0.0,0.0
01-06 10,Sweden FIR,0.0,0.0,0.0,0.0,0.0,0.0
01-06 10,Switzerland FIR,0.0081,0.0163,0.0,0.0,0.0,0.0
01-06 10,Tallinn FIR,0.0,0.0,0.0,0.0,0.0,0.0
01-06 10,Tirana FIR,0.0,0.0,0.0,0.0,0.0,0.0
01-06 10,Vilnius FIR,0.0,0.0,0.0,0.0,0.0,0.0
01-06 10,Warszawa FIR,0.0415,0.1114,0.0321,0.0,0.0,0.0
01-06 10,Wien FIR,0.098,0.4631,0.2861,0.0,0.0,0.0
01-06 10,Zagreb FIR,0.0096,0.1834,0.2027,0.0,0.0,0.0
01-06 11,Global,0.0179,0.0213,0.0218,0.0223,0.0303,0.0335
01-06 11,Europe,0.0077,0.0316,0.0229,0.0006,0.0,0.0
01-06 11,European Airspace,0.0173,0.037,0.0494,0.0152,0.0002,0.0
01-06 11,Africa Middle East,0.0,0.0003,0.0014,0.0047,0.007,0.007
01-06 11,East Asia,0.0,0.0,0.0,0.0,0.0,0.0066
01-06 11,Southeast Asia,0.0,0.0,0.0,0.0281,0.1728,0.2765
01-06 11,India,0.0013,0.0006,0.0,0.0014,0.02,0.0345
01-06 11,China,0.0546,0.0623,0.034,0.0047,0.0,0.0
01-06 11,Latin America,0.0,0.0023,0.0083,0.0046,0.011,0.0253
01-06 11,USA,0.0324,0.0314,0.0094,0.0003,0.0,0.0
01-06 11,North Atlantic,0.0029,0.0357,0.0744,0.0371,0.0006,0.0
01-06 11,North Pacific,0.0235,0.0393,0.0711,0.0683,0.0449,0.0102
01-06 11,Amsterdam FIR,0.0241,0.0,0.0,0.0,0.0,0.0
01-06 11,Athinai FIR,0.0,0.0,0.0239,0.0028,0.0,0.0
01-06 11,Barcelona FIR,0.0,0.0,0.0,0.0,0.0,0.0
01-06 11,Beograd FIR,0.0,0.0468,0.2715,0.0083,0.0,0.0
01-06 11,Bordeaux FIR,0.0,0.0,0.0,0.0,0.0,0.0
01-06 11,Bratislava  FIR,0.2353,0.5803,0.4812,0.0,0.0,0.0
01-06 11,Bremen FIR,0.017,0.0,0.0,0.0,0.0,0.0
01-06 11,Brest FIR,0.0,0.0,0.0,0.0,0.0,0.0
01-06 11,Brindisi FIR,0.039,0.0638,0.0,0.0,0.0,0.0
01-06 11,Brussels FIR,0.0,0.0,0.0,0.0,0.0,0.0
01-06 11,Bucarest FIR,0.0219,0.154,0.413,0.1531,0.0,0.0
01-06 11,Budapest FIR,0.0,0.131,0.5922,0.0428,0.0,0.0
01-06 11,Canarias FIR,0.0,0.0002,0.022,0.0216,0.0,0.0
01-06 11,Chisinau FIR,0.1124,0.5055,0.3883,0.0,0.0,0.0
01-06 11,Copenhagen FIR,0.0,0.0,0.0,0.0,0.0,0.0
01-06 11,Helsinki FIR,0.0,0.0,0.0,0.0,0.0,0.0
01-06 11,Langen FIR,0.0131,0.0,0.0,0.0,0.0,0.0
01-06 11,Lisboa FIR,0.0,0.0006,0.0146,0.0055,0.0,0.0
01-06 11,Ljubljana FIR,0.0,0.3544,0.3626,0.0,0.0,0.0
01-06 11,London FIR,0.0,0.0,0.0,0.0,0.0,0.0
01-06 11,Madrid FIR,0.0,0.0,0.0009,0.0,0.0,0.0
01-06 11,Malta FIR,0.0,0.0,0.0,0.0,0.0,0.0
01-06 11,Marseille FIR,0.0114,0.0031,0.0,0.0,0.0,0.0
01-06 11,Milano FIR,0.0067,0.2047,0.023,0.0,0.0,0.0
01-06 11,Munchen FIR,0.0216,0.0364,0.0264,0.0,0.0,0.0
01-06 11,Paris FIR,0.0,0.0,0.0,0.0,0.0,0.0
01-06 11,Polaris FIR,0.0498,0.0043,0.0,0.0,0.0,0.0
01-06 11,Praha FIR,0.147,0.4425,0.1341,0.0,0.0,0.0
01-06 11,Reims FIR,0.0,0.0,0.0,0.0,0.0,0.0
01-06 11,Reykjavik FIR,0.0562,0.115,0.1271,0.053,0.0,0.0
01-06 11,Riga FIR,0.0,0.0,0.0,0.0,0.0,0.0
01-06 11,Roma FIR,0.0091,0.0115,0.0,0.0,0.0,0.0
01-06 11,Santa Maria FIR,0.0,0.0003,0.0011,0.0,0.0,0.0
01-06 11,Sarajevo FIR,0.0076,0.1342,0.2045,0.0,0.0,0.0
01-06 11,Scottish FIR,0.0,0.0,0.0,0.0,0.0,0.0
01-06 11,Shannon FIR,0.0,0.0,0.0,0.0,0.0,0.0
01-06 11,Skopje FIR,0.0,0.0,0.0075,0.0,0.0,0.0
01-06 11,Sofia FIR,0.0,0.008,0.3552,0.1437,0.0,0.0
01-06 11,Sweden FIR,0.0,0.0,0.0,0.0,0.0,0.0
01-06 11,Switzerland FIR,0.0,0.0,0.0,0.0,0.0,0.0
01-06 11,Tallinn FIR,0.0,0.0,0.0,0.0,0.0,0.0
01-06 11,Tirana FIR,0.0,0.0,0.0,0.0,0.0,0.0
01-06 11,Vilnius FIR,0.0,0.0,0.0,0.0,0.0,0.0
01-06 11,Warszawa FIR,0.0661,0.1451,0.0381,0.0,0.0,0.0
01-06 11,Wien FIR,0.0628,0.5075,0.3249,0.0,0.0,0.0
01-06 11,Zagreb FIR,0.0112,0.3104,0.2182,0.0,0.0,0.0
01-06 12,Global,0.0176,0.0209,0.0212,0.0221,0.0307,0.0343
01-06 12,Europe,0.0145,0.0427,0.0233,0.0012,0.0,0.0
01-06 12,European Airspace,0.0199,0.0525,0.0609,0.0195,0.0002,0.0
01-06 12,Africa Middle East,0.0001,0.0009,0.002,0.0063,0.0114,0.0107
01-06 12,East Asia,0.0002,0.0002,0.0001,0.0,0.0,0.0065
01-06 12,Southeast Asia,0.0,0.0,0.0,0.0318,0.1849,0.2873
01-06 12,India,0.0013,0.0,0.0,0.0027,0.0232,0.0367
01-06 12,China,0.0575,0.0643,0.0327,0.0041,0.0,0.0
01-06 12,Latin America,0.0,0.0015,0.0093,0.0052,0.0126,0.0251
01-06 12,USA,0.0239,0.016,0.004,0.0001,0.0,0.0
01-06 12,North Atlantic,0.0022,0.0461,0.0885,0.0422,0.0004,0.0
01-06 12,North Pacific,0.0234,0.0373,0.0704,0.0615,0.0378,0.0085
01-06 12,Amsterdam FIR,0.0155,0.0,0.0,0.0,0.0,0.0
01-06 12,Athinai FIR,0.0,0.0025,0.0103,0.0,0.0,0.0
01-06 12,Barcelona FIR,0.0,0.0,0.0,0.0,0.0,0.0
01-06 12,Beograd FIR,0.0069,0.1732,0.2988,0.0,0.0,0.0
01-06 12,Bordeaux FIR,0.0,0.0,0.0,0.0,0.0,0.0
01-06 12,Bratislava  FIR,0.1499,0.5482,0.5375,0.0,0.0,0.0
01-06 12,Bremen FIR,0.0426,0.0,0.0,0.0,0.0,0.0
01-06 12,Brest FIR,0.0,0.0,0.0,0.0,0.0,0.0
01-06 12,Brindisi FIR,0.06,0.042,0.0,0.0,0.0,0.0
01-06 12,Brussels FIR,0.0,0.0,0.0,0.0,0.0,0.0
01-06 12,Bucarest FIR,0.0178,0.187,0.5529,0.1953,0.0,0.0
01-06 12,Budapest FIR,0.0,0.4066,0.6797,0.0463,0.0,0.0
01-06 12,Canarias FIR,0.0,0.0002,0.0308,0.0415,0.0,0.0
01-06 12,Chisinau FIR,0.1958,0.3474,0.2346,0.0,0.0,0.0
01-06 12,Copenhagen FIR,0.0,0.0,0.0,0.0,0.0,0.0
01-06 12,Helsinki FIR,0.0,0.0,0.0,0.0,0.0,0.0
01-06 12,Langen FIR,0.0217,0.0,0.0,0.0,0.0,0.0
01-06 12,Lisboa FIR,0.0,0.0026,0.0264,0.0116,0.0,0.0
01-06 12,Ljubljana FIR,0.0886,0.7267,0.3135,0.0,0.0,0.0
01-06 12,London FIR,0.0,0.0,0.0,0.0,0.0,0.0
01-06 12,Madrid FIR,0.0,0.0,0.0082,0.0024,0.0,0.0
01-06 12,Malta FIR,0.0,0.0,0.0,0.0,0.0,0.0
01-06 12,Marseille FIR,0.0345,0.016,0.0,0.0,0.0,0.0
01-06 12,Milano FIR,0.0186,0.2288,0.0175,0.0,0.0,0.0
01-06 12,Munchen FIR,0.0852,0.0861,0.0149,0.0,0.0,0.0
01-06 12,Paris FIR,0.0,0.0,0.0,0.0,0.0,0.0
01-06 12,Polaris FIR,0.0623,0.0032,0.0,0.0,0.0,0.0
01-06 12,Praha FIR,0.2838,0.6593,0.2115,0.0,0.0,0.0
01-06 12,Reims FIR,0.0,0.0,0.0,0.0,0.0,0.0
01-06 12,Reykjavik FIR,0.0482,0.1377,0.1525,0.0585,0.0002,0.0
01-06 12,Riga FIR,0.0,0.0,0.0,0.0,0.0,0.0
01-06 12,Roma FIR,0.0298,0.0126,0.0,0.0,0.0,0.0
01-06 12,Santa Maria FIR,0.0,0.001,0.0013,0.0,0.0,0.0
01-06 12,Sarajevo FIR,0.0,0.2867,0.1151,0.0,0.0,0.0
01-06 12,Scottish FIR,0.0,0.0,0.0,0.0,0.0,0.0
01-06 12,Shannon FIR,0.0,0.0,0.0,0.0,0.0,0.0
01-06 12,Skopje FIR,0.0,0.0,0.0,0.0,0.0,0.0
01-06 12,Sofia FIR,0.0,0.2109,0.5185,0.1537,0.0,0.0
01-06 12,Sweden FIR,0.0008,0.0,0.0,0.0,0.0,0.0
01-06 12,Switzerland FIR,0.0,0.0041,0.0,0.0,0.0,0.0
01-06 12,Tallinn FIR,0.0,0.0,0.0,0.0,0.0,0.0
01-06 12,Tirana FIR,0.0,0.0,0.0,0.0,0.0,0.0
01-06 12,Vilnius FIR,0.0,0.0,0.0,0.0,0.0,0.0
01-06 12,Warszawa FIR,0.066,0.1327,0.0501,0.0,0.0,0.0
01-06 12,Wien FIR,0.0162,0.4411,0.2732,0.0,0.0,0.0
01-06 12,Zagreb FIR,0.0325,0.3408,0.1595,0.0,0.0,0.0
01-06 13,Global,0.0173,0.0208,0.0209,0.0218,0.0303,0.0338
01-06 13,Europe,0.0237,0.0548,0.0284,0.003,0.0,0.0
01-06 13,European Airspace,0.022,0.0653,0.0698,0.0234,0.0001,0.0
01-06 13,Africa Middle East,0.0001,0.0012,0.0034,0.0103,0.0173,0.0157
01-06 13,East Asia,0.0005,0.0008,0.0003,0.0,0.0,0.0061
01-06 13,Southeast Asia,0.0,0.0,0.0,0.0343,0.1938,0.2941
01-06 13,India,0.0011,0.0,0.0,0.0044,0.0241,0.0372
01-06 13,China,0.0595,0.0658,0.033,0.0035,0.0,0.0
01-06 13,Latin America,0.0,0.0008,0.0089,0.0059,0.0135,0.0231
01-06 13,USA,0.0165,0.0098,0.0032,0.0,0.0,0.0
01-06 13,North Atlantic,0.0033,0.0612,0.1062,0.048,0.0002,0.0
01-06 13,North Pacific,0.0232,0.0371,0.0628,0.0506,0.0278,0.0065
01-06 13,Amsterdam FIR,0.0069,0.0,0.0,0.0,0.0,0.0
01-06 13,Athinai FIR,0.0,0.0007,0.0032,0.0,0.0,0.0
01-06 13,Barcelona FIR,0.0,0.0,0.0,0.0,0.0,0.0
01-06 13,Beograd FIR,0.0343,0.3651,0.2409,0.0,0.0,0.0
01-06 13,Bordeaux FIR,0.0,0.0,0.0,0.0,0.0,0.0
01-06 13,Bratislava  FIR,0.1033,0.5567,0.4266,0.0,0.0,0.0
01-06 13,Bremen FIR,0.0521,0.0,0.0,0.0,0.0,0.0
01-06 13,Brest FIR,0.0,0.0,0.0,0.0,0.0,0.0
01-06 13,Brindisi FIR,0.0609,0.0507,0.0,0.0,0.0,0.0
01-06 13,Brussels FIR,0.0,0.0,0.0,0.0,0.0,0.0
01-06 13,Bucarest FIR,0.0144,0.3226,0.7233,0.2267,0.0,0.0
01-06 13,Budapest FIR,0.0,0.6273,0.6458,0.0184,0.0,0.0
01-06 13,Canarias FIR,0.0,0.0008,0.0542,0.0694,0.0012,0.0
01-06 13,Chisinau FIR,0.1466,0.4428,0.2404,0.0256,0.0,0.0
01-06 13,Copenhagen FIR,0.0,0.0,0.0,0.0,0.0,0.0
01-06 13,Helsinki FIR,0.0,0.0,0.0,0.0,0.0,0.0
01-06 13,Langen FIR,0.0058,0.0,0.0,0.0,0.0,0.0
01-06 13,Lisboa FIR,0.0,0.0092,0.0747,0.0275,0.0,0.0
01-06 13,Ljubljana FIR,0.1277,0.805,0.3036,0.0,0.0,0.0
01-06 13,London FIR,0.0,0.0,0.0,0.0,0.0,0.0
01-06 13,Madrid FIR,0.0,0.0116,0.0411,0.0119,0.0,0.0
01-06 13,Malta FIR,0.0,0.0,0.0,0.0,0.0,0.0
01-06 13,Marseille FIR,0.0627,0.0208,0.0,0.0,0.0,0.0
01-06 13,Milano FIR,0.0726,0.281,0.0153,0.0,0.0,0.0
01-06 13,Munchen FIR,0.106,0.074,0.0033,0.0,0.0,0.0
01-06 13,Paris FIR,0.0,0.0,0.0,0.0,0.0,0.0
01-06 13,Polaris FIR,0.0623,0.0043,0.0,0.0,0.0,0.0
01-06 13,Praha FIR,0.3199,0.5852,0.2362,0.0,0.0,0.0
01-06 13,Reims FIR,0.0,0.0,0.0,0.0,0.0,0.0
01-06 13,Reykjavik FIR,0.0556,0.1502,0.1537,0.0604,0.0004,0.0
01-06 13,Riga FIR,0.0,0.0,0.0,0.0,0.0,0.0
01-06 13,Roma FIR,0.0462,0.0152,0.0,0.0,0.0,0.0
01-06 13,Santa Maria FIR,0.0,0.0017,0.0033,0.0,0.0,0.0
01-06 13,Sarajevo FIR,0.0151,0.2824,0.026,0.0,0.0,0.0
01-06 13,Scottish FIR,0.0,0.0,0.0,0.0,0.0,0.0
01-06 13,Shannon FIR,0.0,0.0,0.0,0.0,0.0,0.0
01-06 13,Skopje FIR,0.0,0.0,0.0,0.0,0.0,0.0
01-06 13,Sofia FIR,0.004,0.4054,0.5404,0.1391,0.0,0.0
01-06 13,Sweden FIR,0.009,0.0,0.0,0.0,0.0,0.0
01-06 13,Switzerland FIR,0.1343,0.0,0.0,0.0,0.0,0.0
01-06 13,Tallinn FIR,0.0,0.0,0.0,0.0,0.0,0.0
01-06 13,Tirana FIR,0.0,0.0,0.0,0.0,0.0,0.0
01-06 13,Vilnius FIR,0.0,0.0,0.0,0.0,0.0,0.0
01-06 13,Warszawa FIR,0.1179,0.1801,0.0786,0.0,0.0,0.0
01-06 13,Wien FIR,0.0579,0.4535,0.2567,0.0,0.0,0.0
01-06 13,Zagreb FIR,0.0503,0.4234,0.1134,0.0,0.0,0.0
01-06 14,Global,0.017,0.0208,0.0203,0.0213,0.0287,0.0328
01-06 14,Europe,0.0306,0.0642,0.0386,0.0057,0.0,0.0
01-06 14,European Airspace,0.0242,0.0716,0.0769,0.0265,0.0005,0.0
01-06 14,Africa Middle East,0.0002,0.002,0.0059,0.017,0.0231,0.0201
01-06 14,East Asia,0.0011,0.0016,0.0004,0.0,0.0,0.0052
01-06 14,Southeast Asia,0.0,0.0,0.0,0.036,0.2009,0.3005
01-06 14,India,0.0009,0.0001,0.0,0.0064,0.0256,0.0381
01-06 14,China,0.0618,0.0671,0.0342,0.0031,0.0,0.0
01-06 14,Latin America,0.0,0.0007,0.0079,0.0066,0.0141,0.0218
01-06 14,USA,0.0095,0.0064,0.0033,0.0,0.0,0.0
01-06 14,North Atlantic,0.0076,0.0764,0.1214,0.0545,0.0011,0.0
01-06 14,North Pacific,0.0226,0.0319,0.0503,0.0393,0.0164,0.005
01-06 14,Amsterdam FIR,0.0,0.0,0.0,0.0,0.0,0.0
01-06 14,Athinai FIR,0.0,0.0004,0.0007,0.0,0.0,0.0
01-06 14,Barcelona FIR,0.0,0.0,0.0,0.0,0.0,0.0
01-06 14,Beograd FIR,0.041,0.3226,0.1103,0.0,0.0,0.0
01-06 14,Bordeaux FIR,0.0,0.0,0.0,0.0,0.0,0.0
01-06 14,Bratislava  FIR,0.0604,0.4318,0.4093,0.0,0.0,0.0
01-06 14,Bremen FIR,0.0573,0.0,0.0,0.0,0.0,0.0
01-06 14,Brest FIR,0.0,0.0,0.0,0.0,0.0,0.0
01-06 14,Brindisi FIR,0.0668,0.079,0.0,0.0,0.0,0.0
01-06 14,Brussels FIR,0.0,0.0,0.0,0.0,0.0,0.0
01-06 14,Bucarest FIR,0.0187,0.4871,0.7841,0.1845,0.0,0.0
01-06 14,Budapest FIR,0.0,0.8159,0.5917,0.0018,0.0,0.0
01-06 14,Canarias FIR,0.0,0.002,0.101,0.1052,0.0012,0.0
01-06 14,Chisinau FIR,0.1078,0.5146,0.5144,0.1067,0.0,0.0
01-06 14,Copenhagen FIR,0.0,0.0,0.0,0.0,0.0,0.0
01-06 14,Helsinki FIR,0.0,0.0,0.0,0.0,0.0,0.0
01-06 14,Langen FIR,0.0045,0.0,0.0,0.0,0.0,0.0
01-06 14,Lisboa FIR,0.0,0.0428,0.1615,0.0476,0.0003,0.0
01-06 14,Ljubljana FIR,0.1669,0.8342,0.2741,0.0,0.0,0.0
01-06 14,London FIR,0.0,0.0,0.0,0.0,0.0,0.0
01-06 14,Madrid FIR,0.0,0.0562,0.1156,0.0275,0.0,0.0
01-06 14,Malta FIR,0.0,0.0,0.0,0.0,0.0,0.0
01-06 14,Marseille FIR,0.1139,0.0122,0.0,0.0,0.0,0.0
01-06 14,Milano FIR,0.153,0.2893,0.0011,0.0,0.0,0.0
01-06 14,Munchen FIR,0.096,0.0248,0.0016,0.0,0.0,0.0
01-06 14,Paris FIR,0.0,0.0,0.0,0.0,0.0,0.0
01-06 14,Polaris FIR,0.0536,0.0041,0.0,0.0,0.0,0.0
01-06 14,Praha FIR,0.2415,0.5483,0.2065,0.0,0.0,0.0
01-06 14,Reims FIR,0.0,0.0,0.0,0.0,0.0,0.0
01-06 14,Reykjavik FIR,0.0607,0.1416,0.1458,0.0613,0.0,0.0
01-06 14,Riga FIR,0.0,0.0,0.0,0.0,0.0,0.0
01-06 14,Roma FIR,0.0724,0.0234,0.0,0.0,0.0,0.0
01-06 14,Santa Maria FIR,0.0,0.0028,0.0061,0.0002,0.0,0.0
01-06 14,Sarajevo FIR,0.0038,0.1559,0.0,0.0,0.0,0.0
01-06 14,Scottish FIR,0.0,0.0,0.0,0.0,0.0,0.0
01-06 14,Shannon FIR,0.0,0.0029,0.0014,0.0185,0.0,0.0
01-06 14,Skopje FIR,0.0,0.0,0.0,0.0,0.0,0.0
01-06 14,Sofia FIR,0.0093,0.4117,0.5067,0.1193,0.0,0.0
01-06 14,Sweden FIR,0.0204,0.0,0.0,0.0,0.0,0.0
01-06 14,Switzerland FIR,0.1709,0.0,0.0,0.0,0.0,0.0
01-06 14,Tallinn FIR,0.0,0.0,0.0,0.0,0.0,0.0
01-06 14,Tirana FIR,0.0,0.0,0.0,0.0,0.0,0.0
01-06 14,Vilnius FIR,0.0,0.0,0.0,0.0,0.0,0.0
01-06 14,Warszawa FIR,0.1558,0.1743,0.0916,0.0,0.0,0.0
01-06 14,Wien FIR,0.0807,0.5505,0.22,0.0,0.0,0.0
01-06 14,Zagreb FIR,0.0452,0.394,0.0533,0.0,0.0,0.0
01-06 15,Global,0.0166,0.0206,0.0192,0.0205,0.0266,0.0311
01-06 15,Europe,0.0351,0.0737,0.046,0.0084,0.0,0.0
01-06 15,European Airspace,0.0254,0.0766,0.0808,0.0269,0.0006,0.0
01-06 15,Africa Middle East,0.0002,0.0035,0.0089,0.0236,0.028,0.0231
01-06 15,East Asia,0.002,0.0025,0.0006,0.0,0.0,0.0037
01-06 15,Southeast Asia,0.0,0.0,0.0,0.0367,0.2035,0.3018
01-06 15,India,0.0006,0.0,0.0,0.007,0.0279,0.0408
01-06 15,China,0.063,0.0689,0.0359,0.0023,0.0,0.0
01-06 15,Latin America,0.0,0.001,0.0069,0.0068,0.0144,0.0203
01-06 15,USA,0.0076,0.0078,0.0032,0.0,0.0,0.0
01-06 15,North Atlantic,0.0107,0.0872,0.1297,0.0586,0.0014,0.0
01-06 15,North Pacific,0.0211,0.0232,0.0335,0.0255,0.013,0.0046
01-06 15,Amsterdam FIR,0.0,0.0,0.0,0.0,0.0,0.0
01-06 15,Athinai FIR,0.0,0.0,0.0,0.0,0.0,0.0
01-06 15,Barcelona FIR,0.0,0.0,0.0,0.0,0.0,0.0
01-06 15,Beograd FIR,0.0597,0.1965,0.0232,0.0,0.0,0.0
01-06 15,Bordeaux FIR,0.0,0.0,0.0,0.0,0.0,0.0
01-06 15,Bratislava  FIR,0.0,0.6217,0.4165,0.0,0.0,0.0
01-06 15,Bremen FIR,0.0589,0.0,0.0,0.0,0.0,0.0
01-06 15,Brest FIR,0.0,0.0,0.0,0.0,0.0,0.0
01-06 15,Brindisi FIR,0.0938,0.0937,0.0,0.0,0.0,0.0
01-06 15,Brussels FIR,0.0,0.0,0.0,0.0,0.0,0.0
01-06 15,Bucarest FIR,0.0541,0.6078,0.706,0.1321,0.0,0.0
01-06 15,Budapest FIR,0.0019,0.868,0.4635,0.0,0.0,0.0
01-06 15,Canarias FIR,0.0,0.0135,0.1611,0.1315,0.001,0.0
01-06 15,Chisinau FIR,0.1535,0.7408,0.8523,0.2369,0.0,0.0
01-06 15,Copenhagen FIR,0.0,0.0,0.0,0.0,0.0,0.0
01-06 15,Helsinki FIR,0.0011,0.0,0.0,0.0,0.0,0.0
01-06 15,Langen FIR,0.0104,0.0,0.0,0.0,0.0,0.0
01-06 15,Lisboa FIR,0.0,0.1077,0.2416,0.0491,0.0,0.0
01-06 15,Ljubljana FIR,0.1471,0.7747,0.1563,0.0,0.0,0.0
01-06 15,London FIR,0.0,0.0,0.0,0.0,0.0,0.0
01-06 15,Madrid FIR,0.0,0.128,0.1945,0.0477,0.0,0.0
01-06 15,Malta FIR,0.0,0.0,0.0,0.0,0.0,0.0
01-06 15,Marseille FIR,0.1586,0.0024,0.0,0.0,0.0,0.0
01-06 15,Milano FIR,0.1587,0.249,0.0,0.0,0.0,0.0
01-06 15,Munchen FIR,0.1666,0.0497,0.0016,0.0,0.0,0.0
01-06 15,Paris FIR,0.0,0.0,0.0,0.0,0.0,0.0
01-06 15,Polaris FIR,0.0374,0.002,0.0,0.0,0.0,0.0
01-06 15,Praha FIR,0.2075,0.4653,0.116,0.0,0.0,0.0
01-06 15,Reims FIR,0.0,0.0,0.0,0.0,0.0,0.0
01-06 15,Reykjavik FIR,0.0541,0.1206,0.1213,0.0555,0.0,0.0
01-06 15,Riga FIR,0.0,0.0,0.0,0.0,0.0,0.0
01-06 15,Roma FIR,0.0935,0.0307,0.0,0.0,0.0,0.0
01-06 15,Santa Maria FIR,0.0003,0.0067,0.0092,0.0001,0.0,0.0
01-06 15,Sarajevo FIR,0.0152,0.1527,0.0,0.0,0.0,0.0
01-06 15,Scottish FIR,0.0,0.0,0.0,0.0,0.0,0.0
01-06 15,Shannon FIR,0.0,0.0115,0.0093,0.065,0.0,0.0
01-06 15,Skopje FIR,0.0,0.0,0.0,0.0,0.0,0.0
01-06 15,Sofia FIR,0.0265,0.3874,0.3619,0.0773,0.0,0.0
01-06 15,Sweden FIR,0.0359,0.0,0.0,0.0,0.0,0.0
01-06 15,Switzerland FIR,0.3256,0.0205,0.0,0.0,0.0,0.0
01-06 15,Tallinn FIR,0.0,0.0,0.0,0.0,0.0,0.0
01-06 15,Tirana FIR,0.0159,0.0106,0.0,0.0,0.0,0.0
01-06 15,Vilnius FIR,0.0,0.0,0.0,0.0,0.0,0.0
01-06 15,Warszawa FIR,0.1353,0.16,0.0648,0.0,0.0,0.0
01-06 15,Wien FIR,0.0891,0.6509,0.1995,0.0,0.0,0.0
01-06 15,Zagreb FIR,0.0292,0.264,0.0234,0.0,0.0,0.0
01-06 16,Global,0.0163,0.0204,0.0178,0.0189,0.024,0.0296
01-06 16,Europe,0.0397,0.0784,0.0473,0.0091,0.0,0.0
01-06 16,European Airspace,0.0246,0.0791,0.0795,0.0249,0.0006,0.0
01-06 16,Africa Middle East,0.0004,0.0058,0.011,0.0274,0.031,0.0252
01-06 16,East Asia,0.003,0.0034,0.0007,0.0,0.0001,0.0017
01-06 16,Southeast Asia,0.0,0.0,0.0,0.0355,0.1992,0.2948
01-06 16,India,0.0003,0.0,0.0,0.0075,0.03,0.0444
01-06 16,China,0.0627,0.0696,0.0361,0.0015,0.0,0.0
01-06 16,Latin America,0.0,0.0009,0.0061,0.0063,0.0142,0.0209
01-06 16,USA,0.0087,0.0108,0.0038,0.0002,0.0,0.0
01-06 16,North Atlantic,0.0118,0.0944,0.1318,0.0583,0.0015,0.0
01-06 16,North Pacific,0.0191,0.0175,0.0207,0.0197,0.0121,0.0048
01-06 16,Amsterdam FIR,0.0,0.0,0.0,0.0,0.0,0.0
01-06 16,Athinai FIR,0.0,0.0,0.0,0.0,0.0,0.0
01-06 16,Barcelona FIR,0.0,0.0,0.0,0.0,0.0,0.0
01-06 16,Beograd FIR,0.0993,0.138,0.0,0.0,0.0,0.0
01-06 16,Bordeaux FIR,0.0,0.0,0.0,0.0,0.0,0.0
01-06 16,Bratislava  FIR,0.0,0.8142,0.4515,0.0,0.0,0.0
01-06 16,Bremen FIR,0.0605,0.0,0.0,0.0,0.0,0.0
01-06 16,Brest FIR,0.0,0.0,0.0,0.0,0.0,0.0
01-06 16,Brindisi FIR,0.1244,0.1215,0.0,0.0,0.0,0.0
01-06 16,Brussels FIR,0.0,0.0,0.0,0.0,0.0,0.0
01-06 16,Bucarest FIR,0.0699,0.5737,0.5654,0.078,0.0,0.0
01-06 16,Budapest FIR,0.0,0.7446,0.3472,0.0,0.0,0.0
01-06 16,Canarias FIR,0.0,0.0405,0.223,0.129,0.0003,0.0
01-06 16,Chisinau FIR,0.0892,0.8083,0.9708,0.4056,0.0,0.0
01-06 16,Copenhagen FIR,0.0,0.0,0.0,0.0,0.0,0.0
01-06 16,Helsinki FIR,0.0034,0.0,0.0,0.0,0.0,0.0
01-06 16,Langen FIR,0.0531,0.0,0.0,0.0,0.0,0.0
01-06 16,Lisboa FIR,0.0015,0.1877,0.2604,0.0418,0.0,0.0
01-06 16,Ljubljana FIR,0.0,0.4205,0.0975,0.0,0.0,0.0
01-06 16,London FIR,0.0,0.0,0.0,0.0,0.0,0.0
01-06 16,Madrid FIR,0.0,0.1841,0.2407,0.0572,0.0,0.0
01-06 16,Malta FIR,0.0,0.0,0.0,0.0,0.0,0.0
01-06 16,Marseille FIR,0.1767,0.0103,0.0,0.0,0.0,0.0
01-06 16,Milano FIR,0.1301,0.201,0.0,0.0,0.0,0.0
01-06 16,Munchen FIR,0.1875,0.0478,0.0,0.0,0.0,0.0
01-06 16,Paris FIR,0.0,0.0,0.0,0.0,0.0,0.0
01-06 16,Polaris FIR,0.0221,0.0,0.0,0.0,0.0,0.0
01-06 16,Praha FIR,0.2007,0.3758,0.0384,0.0,0.0,0.0
01-06 16,Reims FIR,0.0,0.0,0.0,0.0,0.0,0.0
01-06 16,Reykjavik FIR,0.0461,0.0821,0.0935,0.0489,0.0,0.0
01-06 16,Riga FIR,0.0,0.0,0.0,0.0,0.0,0.0
01-06 16,Roma FIR,0.1314,0.0417,0.0,0.0,0.0,0.0
01-06 16,Santa Maria FIR,0.0004,0.017,0.0197,0.0005,0.0,0.0
01-06 16,Sarajevo FIR,0.0266,0.2081,0.0111,0.0,0.0,0.0
01-06 16,Scottish FIR,0.0,0.0,0.0,0.0,0.0,0.0
01-06 16,Shannon FIR,0.0,0.0222,0.0391,0.1049,0.0,0.0
01-06 16,Skopje FIR,0.0,0.0,0.0,0.0,0.0,0.0
01-06 16,Sofia FIR,0.0317,0.2792,0.1782,0.0354,0.0,0.0
01-06 16,Sweden FIR,0.0489,0.0,0.0,0.0,0.0,0.0
01-06 16,Switzerland FIR,0.521,0.0941,0.0,0.0,0.0,0.0
01-06 16,Tallinn FIR,0.0,0.0,0.0,0.0,0.0,0.0
01-06 16,Tirana FIR,0.0531,0.0106,0.0,0.0,0.0,0.0
01-06 16,Vilnius FIR,0.0,0.0,0.0,0.0,0.0,0.0
01-06 16,Warszawa FIR,0.1114,0.1512,0.0383,0.0,0.0,0.0
01-06 16,Wien FIR,0.0683,0.5156,0.1419,0.0,0.0,0.0
01-06 16,Zagreb FIR,0.0164,0.2319,0.0093,0.0,0.0,0.0
01-06 17,Global,0.0165,0.0204,0.0171,0.0173,0.0227,0.0286
01-06 17,Europe,0.0429,0.0788,0.0492,0.0082,0.0,0.0
01-06 17,European Airspace,0.0251,0.0805,0.0777,0.0223,0.0006,0.0
01-06 17,Africa Middle East,0.0005,0.0061,0.0121,0.03,0.0329,0.0268
01-06 17,East Asia,0.003,0.004,0.0006,0.0,0.0,0.0009
01-06 17,Southeast Asia,0.0,0.0,0.0,0.0328,0.1864,0.2799
01-06 17,India,0.0001,0.0,0.0,0.0076,0.033,0.0484
01-06 17,China,0.0609,0.0696,0.0348,0.0007,0.0,0.0
01-06 17,Latin America,0.0001,0.001,0.0061,0.0061,0.0169,0.0237
01-06 17,USA,0.0114,0.0143,0.0053,0.0004,0.0,0.0
01-06 17,North Atlantic,0.014,0.0964,0.1324,0.0561,0.0021,0.0
01-06 17,North Pacific,0.0198,0.0168,0.0158,0.0168,0.0121,0.0049
01-06 17,Amsterdam FIR,0.0,0.0,0.0,0.0,0.0,0.0
01-06 17,Athinai FIR,0.0,0.0,0.0,0.0,0.0,0.0
01-06 17,Barcelona FIR,0.0,0.0016,0.0008,0.0,0.0,0.0
01-06 17,Beograd FIR,0.1306,0.0662,0.0,0.0,0.0,0.0
01-06 17,Bordeaux FIR,0.0,0.0,0.0,0.0,0.0,0.0
01-06 17,Bratislava  FIR,0.0,0.7675,0.3902,0.0,0.0,0.0
01-06 17,Bremen FIR,0.0454,0.0,0.0,0.0,0.0,0.0
01-06 17,Brest FIR,0.0,0.0,0.0,0.0,0.0,0.0
01-06 17,Brindisi FIR,0.1209,0.1596,0.0,0.0,0.0,0.0
01-06 17,Brussels FIR,0.0,0.0,0.0,0.0,0.0,0.0
01-06 17,Bucarest FIR,0.0534,0.4865,0.3882,0.0279,0.0,0.0
01-06 17,Budapest FIR,0.0,0.6914,0.3064,0.0,0.0,0.0
01-06 17,Canarias FIR,0.0,0.0558,0.2789,0.1065,0.0,0.0
01-06 17,Chisinau FIR,0.0454,0.7795,0.9459,0.2996,0.0,0.0
01-06 17,Copenhagen FIR,0.0,0.0,0.0,0.0,0.0,0.0
01-06 17,Helsinki FIR,0.0072,0.0,0.0,0.0,0.0,0.0
01-06 17,Langen FIR,0.1195,0.0,0.0,0.0,0.0,0.0
01-06 17,Lisboa FIR,0.0033,0.1997,0.2461,0.0312,0.0,0.0
01-06 17,Ljubljana FIR,0.0,0.2252,0.0292,0.0,0.0,0.0
01-06 17,London FIR,0.0,0.0,0.0,0.0,0.0,0.0
01-06 17,Madrid FIR,0.0012,0.1837,0.2593,0.0565,0.0,0.0
01-06 17,Malta FIR,0.0,0.0,0.0,0.0,0.0,0.0
01-06 17,Marseille FIR,0.1726,0.0174,0.0,0.0,0.0,0.0
01-06 17,Milano FIR,0.1305,0.2236,0.0011,0.0,0.0,0.0
01-06 17,Munchen FIR,0.2085,0.0627,0.0,0.0,0.0,0.0
01-06 17,Paris FIR,0.0,0.0,0.0,0.0,0.0,0.0
01-06 17,Polaris FIR,0.0133,0.0,0.0,0.0,0.0,0.0
01-06 17,Praha FIR,0.1668,0.2953,0.0364,0.0,0.0,0.0
01-06 17,Reims FIR,0.016,0.0,0.0,0.0,0.0,0.0
01-06 17,Reykjavik FIR,0.0412,0.0727,0.0769,0.049,0.0016,0.0
01-06 17,Riga FIR,0.0,0.0,0.0,0.0,0.0,0.0
01-06 17,Roma FIR,0.1437,0.0555,0.0,0.0,0.0,0.0
01-06 17,Santa Maria FIR,0.0007,0.0264,0.0406,0.0024,0.0,0.0
01-06 17,Sarajevo FIR,0.0113,0.1561,0.0037,0.0,0.0,0.0
01-06 17,Scottish FIR,0.001,0.0,0.0,0.0,0.0,0.0
01-06 17,Shannon FIR,0.0,0.0378,0.0695,0.0876,0.0,0.0
01-06 17,Skopje FIR,0.0,0.0,0.0,0.0,0.0,0.0
01-06 17,Sofia FIR,0.0263,0.1492,0.0642,0.0078,0.0,0.0
01-06 17,Sweden FIR,0.061,0.0,0.0,0.0,0.0,0.0
01-06 17,Switzerland FIR,0.7884,0.1757,0.0,0.0,0.0,0.0
01-06 17,Tallinn FIR,0.0,0.0,0.0,0.0,0.0,0.0
01-06 17,Tirana FIR,0.0847,0.0,0.0,0.0,0.0,0.0
01-06 17,Vilnius FIR,0.0,0.0,0.0,0.0,0.0,0.0
01-06 17,Warszawa FIR,0.092,0.1429,0.0321,0.0,0.0,0.0
01-06 17,Wien FIR,0.0495,0.4654,0.1378,0.0,0.0,0.0
01-06 17,Zagreb FIR,0.0278,0.2893,0.0236,0.0,0.0,0.0
01-06 18,Global,0.017,0.0206,0.0169,0.0164,0.0221,0.0274
01-06 18,Europe,0.0468,0.078,0.0445,0.0044,0.0,0.0
01-06 18,European Airspace,0.0245,0.0809,0.0732,0.0186,0.0007,0.0
01-06 18,Africa Middle East,0.0004,0.006,0.0114,0.0296,0.0335,0.0293
01-06 18,East Asia,0.0033,0.0045,0.0008,0.0,0.0,0.0005
01-06 18,Southeast Asia,0.0,0.0,0.0,0.0302,0.1713,0.2573
01-06 18,India,0.0,0.0,0.0,0.0074,0.0341,0.0496
01-06 18,China,0.0607,0.0667,0.0309,0.0003,0.0,0.0
01-06 18,Latin America,0.0001,0.0014,0.0077,0.0074,0.0224,0.0281
01-06 18,USA,0.0174,0.0221,0.0076,0.0007,0.0,0.0
01-06 18,North Atlantic,0.0163,0.0953,0.1291,0.0508,0.0028,0.0
01-06 18,North Pacific,0.0195,0.0158,0.0138,0.0169,0.0143,0.0052
01-06 18,Amsterdam FIR,0.0,0.0,0.0,0.0,0.0,0.0
01-06 18,Athinai FIR,0.0,0.0016,0.0,0.0,0.0,0.0
01-06 18,Barcelona FIR,0.0,0.0016,0.0008,0.0,0.0,0.0
01-06 18,Beograd FIR,0.0864,0.0409,0.0,0.0,0.0,0.0
01-06 18,Bordeaux FIR,0.0,0.0,0.0,0.0,0.0,0.0
01-06 18,Bratislava  FIR,0.0,0.7778,0.3333,0.0,0.0,0.0
01-06 18,Bremen FIR,0.0296,0.0,0.0,0.0,0.0,0.0
01-06 18,Brest FIR,0.0,0.0,0.0,0.0,0.0,0.0
01-06 18,Brindisi FIR,0.1298,0.1635,0.0,0.0,0.0,0.0
01-06 18,Brussels FIR,0.0,0.0,0.0,0.0,0.0,0.0
01-06 18,Bucarest FIR,0.027,0.3478,0.2164,0.0029,0.0,0.0
01-06 18,Budapest FIR,0.0019,0.5874,0.2825,0.0,0.0,0.0
01-06 18,Canarias FIR,0.0,0.0778,0.2708,0.0771,0.0,0.0
01-06 18,Chisinau FIR,0.0,0.9253,0.8256,0.1242,0.0,0.0
01-06 18,Copenhagen FIR,0.0011,0.0,0.0,0.0,0.0,0.0
01-06 18,Helsinki FIR,0.0155,0.0,0.0,0.0,0.0,0.0
01-06 18,Langen FIR,0.2144,0.0146,0.0,0.0,0.0,0.0
01-06 18,Lisboa FIR,0.0069,0.1968,0.2136,0.0209,0.0,0.0
01-06 18,Ljubljana FIR,0.0,0.1367,0.0,0.0,0.0,0.0
01-06 18,London FIR,0.0,0.0,0.0,0.0,0.0,0.0
01-06 18,Madrid FIR,0.0021,0.1472,0.2071,0.0322,0.0,0.0
01-06 18,Malta FIR,0.0,0.0,0.0,0.0,0.0,0.0
01-06 18,Marseille FIR,0.1858,0.0203,0.0,0.0,0.0,0.0
01-06 18,Milano FIR,0.1375,0.2567,0.0,0.0,0.0,0.0
01-06 18,Munchen FIR,0.2545,0.0855,0.0,0.0,0.0,0.0
01-06 18,Paris FIR,0.0,0.0,0.0,0.0,0.0,0.0
01-06 18,Polaris FIR,0.0103,0.0,0.0,0.0,0.0,0.0
01-06 18,Praha FIR,0.1229,0.3271,0.0469,0.0,0.0,0.0
01-06 18,Reims FIR,0.1558,0.0,0.0,0.0,0.0,0.0
01-06 18,Reykjavik FIR,0.0299,0.0715,0.0777,0.0487,0.0021,0.0
01-06 18,Riga FIR,0.0,0.0,0.0,0.0,0.0,0.0
01-06 18,Roma FIR,0.1484,0.0617,0.0,0.0,0.0,0.0
01-06 18,Santa Maria FIR,0.0003,0.0308,0.0482,0.0038,0.0,0.0
01-06 18,Sarajevo FIR,0.0376,0.1763,0.0,0.0,0.0,0.0
01-06 18,Scottish FIR,0.0,0.0,0.0,0.0,0.0,0.0
01-06 18,Shannon FIR,0.0,0.0513,0.0969,0.0195,0.0,0.0
01-06 18,Skopje FIR,0.0,0.0,0.0,0.0,0.0,0.0
01-06 18,Sofia FIR,0.0105,0.0536,0.0052,0.0,0.0,0.0
01-06 18,Sweden FIR,0.0633,0.0,0.0,0.0,0.0,0.0
01-06 18,Switzerland FIR,0.7231,0.2766,0.0,0.0,0.0,0.0
01-06 18,Tallinn FIR,0.0,0.0,0.0,0.0,0.0,0.0
01-06 18,Tirana FIR,0.042,0.0,0.0,0.0,0.0,0.0
01-06 18,Vilnius FIR,0.0,0.0,0.0,0.0,0.0,0.0
01-06 18,Warszawa FIR,0.0966,0.1107,0.0226,0.0,0.0,0.0
01-06 18,Wien FIR,0.0266,0.4758,0.1555,0.0,0.0,0.0
01-06 18,Zagreb FIR,0.0341,0.3117,0.011,0.0,0.0,0.0
01-06 19,Global,0.0181,0.0211,0.017,0.0162,0.0212,0.0253
01-06 19,Europe,0.0507,0.0803,0.0366,0.0003,0.0,0.0
01-06 19,European Airspace,0.0243,0.0805,0.068,0.0156,0.0006,0.0
01-06 19,Africa Middle East,0.0004,0.0054,0.0102,0.028,0.033,0.0301
01-06 19,East Asia,0.0033,0.0043,0.0007,0.0,0.0,0.0004
01-06 19,Southeast Asia,0.0,0.0,0.0,0.0263,0.1459,0.2131
01-06 19,India,0.0,0.0,0.0,0.0071,0.0335,0.0499
01-06 19,China,0.0616,0.0612,0.0251,0.0,0.0,0.0
01-06 19,Latin America,0.0001,0.0023,0.0105,0.0093,0.0282,0.0327
01-06 19,USA,0.0295,0.0308,0.012,0.0005,0.0,0.0
01-06 19,North Atlantic,0.0169,0.1,0.1256,0.0473,0.0032,0.0
01-06 19,North Pacific,0.0183,0.013,0.0133,0.0209,0.0192,0.0046
01-06 19,Amsterdam FIR,0.0,0.0,0.0,0.0,0.0,0.0
01-06 19,Athinai FIR,0.0,0.021,0.0,0.0,0.0,0.0
01-06 19,Barcelona FIR,0.0,0.0008,0.0,0.0,0.0,0.0
01-06 19,Beograd FIR,0.0571,0.056,0.0,0.0,0.0,0.0
01-06 19,Bordeaux FIR,0.0,0.0,0.0,0.0,0.0,0.0
01-06 19,Bratislava  FIR,0.0178,0.6899,0.3621,0.0,0.0,0.0
01-06 19,Bremen FIR,0.0156,0.0,0.0,0.0,0.0,0.0
01-06 19,Brest FIR,0.0,0.0,0.0,0.0,0.0,0.0
01-06 19,Brindisi FIR,0.1349,0.1497,0.0,0.0,0.0,0.0
01-06 19,Brussels FIR,0.0,0.0,0.0,0.0,0.0,0.0
01-06 19,Bucarest FIR,0.0248,0.2348,0.0953,0.0,0.0,0.0
01-06 19,Budapest FIR,0.0132,0.5615,0.2435,0.0,0.0,0.0
01-06 19,Canarias FIR,0.0,0.0806,0.2569,0.0463,0.0,0.0
01-06 19,Chisinau FIR,0.0,0.7142,0.6946,0.0249,0.0,0.0
01-06 19,Copenhagen FIR,0.0,0.0,0.0,0.0,0.0,0.0
01-06 19,Helsinki FIR,0.0211,0.0,0.0,0.0,0.0,0.0
01-06 19,Langen FIR,0.3052,0.0486,0.0,0.0,0.0,0.0
01-06 19,Lisboa FIR,0.0155,0.1463,0.1594,0.0038,0.0,0.0
01-06 19,Ljubljana FIR,0.0,0.0981,0.0,0.0,0.0,0.0
01-06 19,London FIR,0.0,0.0,0.0,0.0,0.0,0.0
01-06 19,Madrid FIR,0.0003,0.1298,0.1297,0.0,0.0,0.0
01-06 19,Malta FIR,0.0,0.0,0.0,0.0,0.0,0.0
01-06 19,Marseille FIR,0.1826,0.0323,0.0,0.0,0.0,0.0
01-06 19,Milano FIR,0.1642,0.2715,0.0,0.0,0.0,0.0
01-06 19,Munchen FIR,0.3647,0.1228,0.0016,0.0,0.0,0.0
01-06 19,Paris FIR,0.0,0.0,0.0,0.0,0.0,0.0
01-06 19,Polaris FIR,0.0175,0.0,0.0,0.0,0.0,0.0
01-06 19,Praha FIR,0.1172,0.4689,0.0853,0.0,0.0,0.0
01-06 19,Reims FIR,0.284,0.0063,0.0,0.0,0.0,0.0
01-06 19,Reykjavik FIR,0.0195,0.0722,0.0864,0.0507,0.003,0.0
01-06 19,Riga FIR,0.0,0.0,0.0,0.0,0.0,0.0
01-06 19,Roma FIR,0.1429,0.0696,0.0,0.0,0.0,0.0
01-06 19,Santa Maria FIR,0.0002,0.0262,0.0515,0.0062,0.0,0.0
01-06 19,Sarajevo FIR,0.0866,0.1572,0.0,0.0,0.0,0.0
01-06 19,Scottish FIR,0.0,0.0,0.0,0.0,0.0,0.0
01-06 19,Shannon FIR,0.0,0.0666,0.0913,0.0007,0.0,0.0
01-06 19,Skopje FIR,0.0,0.0,0.0,0.0,0.0,0.0
01-06 19,Sofia FIR,0.0,0.0117,0.0,0.0,0.0,0.0
01-06 19,Sweden FIR,0.0561,0.0,0.0,0.0,0.0,0.0
01-06 19,Switzerland FIR,0.6257,0.264,0.0,0.0,0.0,0.0
01-06 19,Tallinn FIR,0.0,0.0,0.0,0.0,0.0,0.0
01-06 19,Tirana FIR,0.0158,0.0053,0.0,0.0,0.0,0.0
01-06 19,Vilnius FIR,0.0,0.0,0.0,0.0,0.0,0.0
01-06 19,Warszawa FIR,0.1012,0.118,0.0303,0.0,0.0,0.0
01-06 19,Wien FIR,0.0515,0.5739,0.1365,0.0,0.0,0.0
01-06 19,Zagreb FIR,0.0431,0.3487,0.0031,0.0,0.0,0.0
01-06 20,Global,0.0189,0.0213,0.017,0.0162,0.0201,0.0228
01-06 20,Europe,0.0531,0.0805,0.0314,0.0,0.0,0.0
01-06 20,European Airspace,0.024,0.0777,0.065,0.0148,0.0004,0.0
01-06 20,Africa Middle East,0.0002,0.0046,0.0091,0.0265,0.0328,0.0302
01-06 20,East Asia,0.0031,0.0035,0.0006,0.0,0.0,0.0003
01-06 20,Southeast Asia,0.0,0.0,0.0,0.0192,0.0996,0.1534
01-06 20,India,0.0,0.0,0.0,0.0062,0.0312,0.0495
01-06 20,China,0.0596,0.0506,0.0171,0.0,0.0,0.0
01-06 20,Latin America,0.0003,0.0048,0.0138,0.0117,0.0328,0.0358
01-06 20,USA,0.047,0.0368,0.0115,0.0008,0.0004,0.0
01-06 20,North Atlantic,0.0171,0.1031,0.1228,0.0472,0.0033,0.0
01-06 20,North Pacific,0.0153,0.0101,0.0151,0.028,0.0265,0.0037
01-06 20,Amsterdam FIR,0.0,0.0,0.0,0.0,0.0,0.0
01-06 20,Athinai FIR,0.0,0.0272,0.0035,0.0,0.0,0.0
01-06 20,Barcelona FIR,0.0,0.0,0.0,0.0,0.0,0.0
01-06 20,Beograd FIR,0.0623,0.0627,0.0,0.0,0.0,0.0
01-06 20,Bordeaux FIR,0.0,0.0,0.0,0.0,0.0,0.0
01-06 20,Bratislava  FIR,0.0106,0.4729,0.3409,0.0,0.0,0.0
01-06 20,Bremen FIR,0.0207,0.0,0.0,0.0,0.0,0.0
01-06 20,Brest FIR,0.0,0.0,0.0,0.0,0.0,0.0
01-06 20,Brindisi FIR,0.1101,0.1028,0.0,0.0,0.0,0.0
01-06 20,Brussels FIR,0.0,0.0,0.0,0.0,0.0,0.0
01-06 20,Bucarest FIR,0.0199,0.1407,0.0301,0.0,0.0,0.0
01-06 20,Budapest FIR,0.0281,0.5679,0.1602,0.0,0.0,0.0
01-06 20,Canarias FIR,0.0,0.0788,0.2294,0.0346,0.0,0.0
01-06 20,Chisinau FIR,0.0,0.4201,0.4143,0.0,0.0,0.0
01-06 20,Copenhagen FIR,0.0,0.0,0.0,0.0,0.0,0.0
01-06 20,Helsinki FIR,0.0294,0.0,0.0,0.0,0.0,0.0
01-06 20,Langen FIR,0.3744,0.0587,0.0,0.0,0.0,0.0
01-06 20,Lisboa FIR,0.0097,0.1192,0.1326,0.0,0.0,0.0
01-06 20,Ljubljana FIR,0.0691,0.3148,0.0099,0.0,0.0,0.0
01-06 20,London FIR,0.0,0.0,0.0,0.0,0.0,0.0
01-06 20,Madrid FIR,0.0003,0.1157,0.0965,0.0,0.0,0.0
01-06 20,Malta FIR,0.0,0.0,0.0,0.0,0.0,0.0
01-06 20,Marseille FIR,0.1645,0.0362,0.0,0.0,0.0,0.0
01-06 20,Milano FIR,0.1875,0.3162,0.0,0.0,0.0,0.0
01-06 20,Munchen FIR,0.4783,0.1806,0.0016,0.0,0.0,0.0
01-06 20,Paris FIR,0.0,0.0,0.0,0.0,0.0,0.0
01-06 20,Polaris FIR,0.0325,0.0,0.0,0.0,0.0,0.0
01-06 20,Praha FIR,0.1026,0.621,0.1406,0.0,0.0,0.0
01-06 20,Reims FIR,0.4053,0.0501,0.0,0.0,0.0,0.0
01-06 20,Reykjavik FIR,0.0149,0.0804,0.0916,0.0546,0.0036,0.0
01-06 20,Riga FIR,0.0,0.0,0.0,0.0,0.0,0.0
01-06 20,Roma FIR,0.1276,0.0633,0.0,0.0,0.0,0.0
01-06 20,Santa Maria FIR,0.0,0.0205,0.0655,0.0117,0.0,0.0
01-06 20,Sarajevo FIR,0.1204,0.1796,0.0,0.0,0.0,0.0
01-06 20,Scottish FIR,0.0,0.0,0.0,0.0,0.0,0.0
01-06 20,Shannon FIR,0.0,0.0685,0.0759,0.0,0.0,0.0
01-06 20,Skopje FIR,0.0,0.0076,0.0,0.0,0.0,0.0
01-06 20,Sofia FIR,0.0,0.0,0.0,0.0,0.0,0.0
01-06 20,Sweden FIR,0.0381,0.0,0.0,0.0,0.0,0.0
01-06 20,Switzerland FIR,0.5045,0.2971,0.0,0.0,0.0,0.0
01-06 20,Tallinn FIR,0.0,0.0,0.0,0.0,0.0,0.0
01-06 20,Tirana FIR,0.0157,0.0105,0.0,0.0,0.0,0.0
01-06 20,Vilnius FIR,0.0,0.0,0.0,0.0,0.0,0.0
01-06 20,Warszawa FIR,0.1098,0.1474,0.0575,0.0,0.0,0.0
01-06 20,Wien FIR,0.0909,0.4983,0.0832,0.0,0.0,0.0
01-06 20,Zagreb FIR,0.0984,0.3465,0.0016,0.0,0.0,0.0
01-06 21,Global,0.0192,0.0207,0.0168,0.0168,0.019,0.0205
01-06 21,Europe,0.057,0.0801,0.0291,0.0001,0.0,0.0
01-06 21,European Airspace,0.0239,0.0759,0.0639,0.0152,0.0004,0.0
01-06 21,Africa Middle East,0.0002,0.004,0.0085,0.0255,0.0317,0.0295
01-06 21,East Asia,0.0019,0.0021,0.0006,0.0,0.0,0.0003
01-06 21,Southeast Asia,0.0,0.0,0.0,0.0108,0.0509,0.0997
01-06 21,India,0.0,0.0,0.0,0.0049,0.0262,0.046
01-06 21,China,0.0506,0.0345,0.0076,0.0,0.0,0.0
01-06 21,Latin America,0.0009,0.0076,0.0181,0.0145,0.0348,0.0372
01-06 21,USA,0.0586,0.038,0.0094,0.0019,0.0009,0.0
01-06 21,North Atlantic,0.0167,0.1025,0.1182,0.0485,0.0031,0.0
01-06 21,North Pacific,0.0136,0.0084,0.0217,0.0368,0.0339,0.0042
01-06 21,Amsterdam FIR,0.0,0.0,0.0,0.0,0.0,0.0
01-06 21,Athinai FIR,0.0007,0.0253,0.0155,0.0,0.0,0.0
01-06 21,Barcelona FIR,0.0,0.0,0.0,0.0,0.0,0.0
01-06 21,Beograd FIR,0.0917,0.0608,0.0,0.0,0.0,0.0
01-06 21,Bordeaux FIR,0.0,0.0,0.0,0.0,0.0,0.0
01-06 21,Bratislava  FIR,0.0073,0.4317,0.4203,0.0,0.0,0.0
01-06 21,Bremen FIR,0.0292,0.0,0.0,0.0,0.0,0.0
01-06 21,Brest FIR,0.0,0.0,0.0,0.0,0.0,0.0
01-06 21,Brindisi FIR,0.0951,0.0538,0.0,0.0,0.0,0.0
01-06 21,Brussels FIR,0.0,0.0,0.0,0.0,0.0,0.0
01-06 21,Bucarest FIR,0.0191,0.0554,0.0027,0.0,0.0,0.0
01-06 21,Budapest FIR,0.0576,0.5282,0.0956,0.0,0.0,0.0
01-06 21,Canarias FIR,0.0,0.0741,0.2009,0.0247,0.0,0.0
01-06 21,Chisinau FIR,0.0196,0.2155,0.24,0.0,0.0,0.0
01-06 21,Copenhagen FIR,0.0,0.0,0.0,0.0,0.0,0.0
01-06 21,Helsinki FIR,0.0494,0.0007,0.0,0.0,0.0,0.0
01-06 21,Langen FIR,0.4094,0.0805,0.0,0.0,0.0,0.0
01-06 21,Lisboa FIR,0.0098,0.0995,0.117,0.0,0.0,0.0
01-06 21,Ljubljana FIR,0.2159,0.6378,0.049,0.0,0.0,0.0
01-06 21,London FIR,0.0,0.0,0.0,0.0,0.0,0.0
01-06 21,Madrid FIR,0.0022,0.1131,0.0776,0.0,0.0,0.0
01-06 21,Malta FIR,0.0,0.0,0.0,0.0,0.0,0.0
01-06 21,Marseille FIR,0.1541,0.0331,0.0,0.0,0.0,0.0
01-06 21,Milano FIR,0.2282,0.3091,0.024,0.0,0.0,0.0
01-06 21,Munchen FIR,0.4985,0.206,0.0,0.0,0.0,0.0
01-06 21,Paris FIR,0.0011,0.0,0.0,0.0,0.0,0.0
01-06 21,Polaris FIR,0.0401,0.0,0.0,0.0,0.0,0.0
01-06 21,Praha FIR,0.0801,0.6882,0.1701,0.0,0.0,0.0
01-06 21,Reims FIR,0.4265,0.085,0.0,0.0,0.0,0.0
01-06 21,Reykjavik FIR,0.0201,0.0914,0.1019,0.0641,0.0031,0.0
01-06 21,Riga FIR,0.0,0.0,0.0,0.0,0.0,0.0
01-06 21,Roma FIR,0.1387,0.0524,0.0,0.0,0.0,0.0
01-06 21,Santa Maria FIR,0.0001,0.016,0.0719,0.0212,0.0,0.0
01-06 21,Sarajevo FIR,0.2176,0.2165,0.0,0.0,0.0,0.0
01-06 21,Scottish FIR,0.0,0.0,0.0,0.0,0.0,0.0
01-06 21,Shannon FIR,0.0,0.0635,0.0653,0.0,0.0,0.0
01-06 21,Skopje FIR,0.0076,0.0226,0.0,0.0,0.0,0.0
01-06 21,Sofia FIR,0.0,0.0,0.0,0.0,0.0,0.0
01-06 21,Sweden FIR,0.0241,0.0,0.0,0.0,0.0,0.0
01-06 21,Switzerland FIR,0.4277,0.3333,0.0,0.0,0.0,0.0
01-06 21,Tallinn FIR,0.0,0.0,0.0,0.0,0.0,0.0
01-06 21,Tirana FIR,0.0106,0.0,0.0,0.0,0.0,0.0
01-06 21,Vilnius FIR,0.0,0.0,0.0,0.0,0.0,0.0
01-06 21,Warszawa FIR,0.0713,0.1817,0.0733,0.0,0.0,0.0
01-06 21,Wien FIR,0.1233,0.4361,0.0532,0.0,0.0,0.0
01-06 21,Zagreb FIR,0.1102,0.3008,0.0,0.0,0.0,0.0
01-06 22,Global,0.0186,0.0203,0.0169,0.0174,0.0189,0.02
01-06 22,Europe,0.0599,0.0736,0.0233,0.0002,0.0,0.0
01-06 22,European Airspace,0.0246,0.0739,0.0616,0.0163,0.0005,0.0
01-06 22,Africa Middle East,0.0001,0.0037,0.0079,0.0235,0.0306,0.0309
01-06 22,East Asia,0.0003,0.0003,0.0006,0.0,0.0001,0.0003
01-06 22,Southeast Asia,0.0,0.0,0.0,0.0032,0.0212,0.0802
01-06 22,India,0.0,0.0,0.0,0.0022,0.0196,0.0346
01-06 22,China,0.0316,0.0163,0.0032,0.0,0.0,0.0
01-06 22,Latin America,0.0022,0.0133,0.0199,0.0134,0.0357,0.038
01-06 22,USA,0.0638,0.0407,0.0093,0.0053,0.0057,0.0
01-06 22,North Atlantic,0.0189,0.1013,0.1163,0.0517,0.0021,0.0
01-06 22,North Pacific,0.0121,0.0087,0.0299,0.0473,0.0412,0.0067
01-06 22,Amsterdam FIR,0.0,0.0,0.0,0.0,0.0,0.0
01-06 22,Athinai FIR,0.0011,0.026,0.0396,0.0,0.0,0.0
01-06 22,Barcelona FIR,0.0,0.0,0.0,0.0,0.0,0.0
01-06 22,Beograd FIR,0.0741,0.0626,0.0,0.0,0.0,0.0
01-06 22,Bordeaux FIR,0.0,0.0,0.0,0.0,0.0,0.0
01-06 22,Bratislava  FIR,0.0472,0.5933,0.4984,0.0,0.0,0.0
01-06 22,Bremen FIR,0.0283,0.0,0.0,0.0,0.0,0.0
01-06 22,Brest FIR,0.0,0.0,0.0,0.0,0.0,0.0
01-06 22,Brindisi FIR,0.0701,0.0355,0.0,0.0,0.0,0.0
01-06 22,Brussels FIR,0.0,0.0,0.0,0.0,0.0,0.0
01-06 22,Bucarest FIR,0.0189,0.024,0.0,0.0,0.0,0.0
01-06 22,Budapest FIR,0.076,0.5049,0.0403,0.0,0.0,0.0
01-06 22,Canarias FIR,0.0,0.0744,0.1714,0.0126,0.0,0.0
01-06 22,Chisinau FIR,0.0,0.0731,0.0488,0.0,0.0,0.0
01-06 22,Copenhagen FIR,0.0,0.0,0.0,0.0,0.0,0.0
01-06 22,Helsinki FIR,0.0674,0.0,0.0,0.0,0.0,0.0
01-06 22,Langen FIR,0.4372,0.1296,0.0,0.0,0.0,0.0
01-06 22,Lisboa FIR,0.0034,0.0795,0.0917,0.0,0.0,0.0
01-06 22,Ljubljana FIR,0.2541,0.7544,0.0097,0.0,0.0,0.0
01-06 22,London FIR,0.0,0.0,0.0,0.0,0.0,0.0
01-06 22,Madrid FIR,0.0049,0.0893,0.0631,0.0,0.0,0.0
01-06 22,Malta FIR,0.0,0.0,0.0,0.0,0.0,0.0
01-06 22,Marseille FIR,0.172,0.0294,0.0,0.0,0.0,0.0
01-06 22,Milano FIR,0.2482,0.2591,0.0238,0.0,0.0,0.0
01-06 22,Munchen FIR,0.3962,0.2671,0.0,0.0,0.0,0.0
01-06 22,Paris FIR,0.0022,0.0,0.0,0.0,0.0,0.0
01-06 22,Polaris FIR,0.0347,0.0,0.0,0.0,0.0,0.0
01-06 22,Praha FIR,0.0739,0.5959,0.1146,0.0,0.0,0.0
01-06 22,Reims FIR,0.5934,0.1416,0.0,0.0,0.0,0.0
01-06 22,Reykjavik FIR,0.0324,0.1128,0.1125,0.0785,0.0052,0.0
01-06 22,Riga FIR,0.0,0.0,0.0,0.0,0.0,0.0
01-06 22,Roma FIR,0.1507,0.0446,0.0,0.0,0.0,0.0
01-06 22,Santa Maria FIR,0.0,0.0165,0.0696,0.0296,0.0,0.0
01-06 22,Sarajevo FIR,0.3106,0.198,0.0,0.0,0.0,0.0
01-06 22,Scottish FIR,0.0,0.0,0.0,0.0,0.0,0.0
01-06 22,Shannon FIR,0.0,0.0686,0.0755,0.0,0.0,0.0
01-06 22,Skopje FIR,0.0227,0.0228,0.0,0.0,0.0,0.0
01-06 22,Sofia FIR,0.0213,0.0133,0.0,0.0,0.0,0.0
01-06 22,Sweden FIR,0.0123,0.0,0.0,0.0,0.0,0.0
01-06 22,Switzerland FIR,0.4654,0.3333,0.0,0.0,0.0,0.0
01-06 22,Tallinn FIR,0.0,0.0,0.0,0.0,0.0,0.0
01-06 22,Tirana FIR,0.0053,0.0,0.0,0.0,0.0,0.0
01-06 22,Vilnius FIR,0.0,0.0,0.0,0.0,0.0,0.0
01-06 22,Warszawa FIR,0.0477,0.2138,0.0818,0.0,0.0,0.0
01-06 22,Wien FIR,0.0969,0.3577,0.0412,0.0,0.0,0.0
01-06 22,Zagreb FIR,0.1077,0.2569,0.0,0.0,0.0,0.0
01-06 23,Global,0.0181,0.0201,0.0178,0.0184,0.0193,0.0198
01-06 23,Europe,0.0614,0.0751,0.0181,0.0002,0.0,0.0
01-06 23,European Airspace,0.0249,0.0725,0.0616,0.0169,0.0005,0.0
01-06 23,Africa Middle East,0.0001,0.0038,0.0076,0.0222,0.0262,0.0295
01-06 23,East Asia,0.0,0.0,0.0004,0.0,0.0001,0.0003
01-06 23,Southeast Asia,0.0,0.0,0.0,0.0003,0.0133,0.0804
01-06 23,India,0.0,0.0,0.0,0.0013,0.0131,0.0241
01-06 23,China,0.0163,0.0077,0.0014,0.0001,0.0,0.0
01-06 23,Latin America,0.0044,0.0167,0.0208,0.0143,0.0391,0.0392
01-06 23,USA,0.0683,0.0412,0.0109,0.0085,0.0074,0.0
01-06 23,North Atlantic,0.0197,0.098,0.1164,0.052,0.0014,0.0
01-06 23,North Pacific,0.0124,0.0116,0.0388,0.0629,0.0463,0.0092
01-06 23,Amsterdam FIR,0.0,0.0,0.0,0.0,0.0,0.0
01-06 23,Athinai FIR,0.0036,0.067,0.0741,0.0,0.0,0.0
01-06 23,Barcelona FIR,0.0,0.0,0.0,0.0,0.0,0.0
01-06 23,Beograd FIR,0.0663,0.0724,0.0,0.0,0.0,0.0
01-06 23,Bordeaux FIR,0.0,0.0,0.0,0.0,0.0,0.0
01-06 23,Bratislava  FIR,0.0617,0.804,0.4583,0.0,0.0,0.0
01-06 23,Bremen FIR,0.0409,0.0,0.0,0.0,0.0,0.0
01-06 23,Brest FIR,0.0,0.0,0.0,0.0,0.0,0.0
01-06 23,Brindisi FIR,0.0579,0.0393,0.0,0.0,0.0,0.0
01-06 23,Brussels FIR,0.0233,0.0,0.0,0.0,0.0,0.0
01-06 23,Bucarest FIR,0.0189,0.0118,0.0,0.0,0.0,0.0
01-06 23,Budapest FIR,0.1338,0.4614,0.0275,0.0,0.0,0.0
01-06 23,Canarias FIR,0.0,0.0615,0.1419,0.0061,0.0,0.0
01-06 23,Chisinau FIR,0.0,0.0,0.0,0.0,0.0,0.0
01-06 23,Copenhagen FIR,0.0,0.0,0.0,0.0,0.0,0.0
01-06 23,Helsinki FIR,0.0613,0.0,0.0,0.0,0.0,0.0
01-06 23,Langen FIR,0.4768,0.1682,0.0,0.0,0.0,0.0
01-06 23,Lisboa FIR,0.0043,0.0808,0.0662,0.0,0.0,0.0
01-06 23,Ljubljana FIR,0.2049,0.6269,0.0097,0.0,0.0,0.0
01-06 23,London FIR,0.0,0.0,0.0,0.0,0.0,0.0
01-06 23,Madrid FIR,0.0062,0.0816,0.0386,0.0,0.0,0.0
01-06 23,Malta FIR,0.0,0.0,0.0,0.0,0.0,0.0
01-06 23,Marseille FIR,0.1824,0.038,0.0,0.0,0.0,0.0
01-06 23,Milano FIR,0.2206,0.2275,0.0238,0.0,0.0,0.0
01-06 23,Munchen FIR,0.3614,0.3134,0.0017,0.0,0.0,0.0
01-06 23,Paris FIR,0.0022,0.0,0.0,0.0,0.0,0.0
01-06 23,Polaris FIR,0.0253,0.0,0.0,0.0,0.0,0.0
01-06 23,Praha FIR,0.0759,0.5273,0.0997,0.0,0.0,0.0
01-06 23,Reims FIR,0.6254,0.1763,0.0,0.0,0.0,0.0
01-06 23,Reykjavik FIR,0.0479,0.1244,0.1308,0.0895,0.0086,0.0
01-06 23,Riga FIR,0.0,0.0,0.0,0.0,0.0,0.0
01-06 23,Roma FIR,0.137,0.0463,0.0,0.0,0.0,0.0
01-06 23,Santa Maria FIR,0.0,0.0201,0.0769,0.0331,0.0003,0.0
01-06 23,Sarajevo FIR,0.4332,0.2234,0.0,0.0,0.0,0.0
01-06 23,Scottish FIR,0.0,0.0,0.0,0.0,0.0,0.0
01-06 23,Shannon FIR,0.0007,0.0927,0.0863,0.0,0.0,0.0
01-06 23,Skopje FIR,0.0986,0.0,0.0,0.0,0.0,0.0
01-06 23,Sofia FIR,0.0263,0.0184,0.0,0.0,0.0,0.0
01-06 23,Sweden FIR,0.0026,0.0,0.0,0.0,0.0,0.0
01-06 23,Switzerland FIR,0.4889,0.3252,0.0,0.0,0.0,0.0
01-06 23,Tallinn FIR,0.0,0.0,0.0,0.0,0.0,0.0
01-06 23,Tirana FIR,0.0157,0.0052,0.0,0.0,0.0,0.0
01-06 23,Vilnius FIR,0.0,0.0,0.0,0.0,0.0,0.0
01-06 23,Warszawa FIR,0.039,0.2266,0.0923,0.0,0.0,0.0
01-06 23,Wien FIR,0.0955,0.4222,0.0662,0.0,0.0,0.0
01-06 23,Zagreb FIR,0.1501,0.2684,0.0,0.0,0.0,0.0
01-07 00,Global,0.0177,0.02,0.0189,0.019,0.0196,0.0201
01-07 00,Europe,0.0606,0.0725,0.0147,0.0002,0.0,0.0
01-07 00,European Airspace,0.0243,0.0681,0.0596,0.0172,0.0006,0.0
01-07 00,Africa Middle East,0.0002,0.0036,0.0067,0.02,0.02,0.028
01-07 00,East Asia,0.0,0.0,0.0001,0.0,0.0,0.0003
01-07 00,Southeast Asia,0.0,0.0,0.0,0.0006,0.0138,0.0824
01-07 00,India,0.0,0.0,0.0,0.0003,0.0076,0.021
01-07 00,China,0.0071,0.005,0.0011,0.0001,0.0,0.0
01-07 00,Latin America,0.0056,0.018,0.0209,0.0155,0.0425,0.0388
01-07 00,USA,0.0687,0.0397,0.0104,0.0089,0.0068,0.0003
01-07 00,North Atlantic,0.02,0.0914,0.1147,0.0505,0.0014,0.0
01-07 00,North Pacific,0.0142,0.0143,0.0479,0.0733,0.0496,0.012
01-07 00,Amsterdam FIR,0.0,0.0,0.0,0.0,0.0,0.0
01-07 00,Athinai FIR,0.0014,0.0767,0.0815,0.0,0.0,0.0
01-07 00,Barcelona FIR,0.0,0.0,0.0,0.0,0.0,0.0
01-07 00,Beograd FIR,0.0697,0.0656,0.0,0.0,0.0,0.0
01-07 00,Bordeaux FIR,0.0,0.0,0.0,0.0,0.0,0.0
01-07 00,Bratislava  FIR,0.0579,0.8711,0.3971,0.0,0.0,0.0
01-07 00,Bremen FIR,0.0382,0.0,0.0,0.0,0.0,0.0
01-07 00,Brest FIR,0.0,0.0,0.0,0.0,0.0,0.0
01-07 00,Brindisi FIR,0.0689,0.0441,0.0,0.0,0.0,0.0
01-07 00,Brussels FIR,0.0326,0.0,0.0,0.0,0.0,0.0
01-07 00,Bucarest FIR,0.015,0.0085,0.0,0.0,0.0,0.0
01-07 00,Budapest FIR,0.2008,0.4519,0.0707,0.0,0.0,0.0
01-07 00,Canarias FIR,0.0,0.048,0.1116,0.0008,0.0,0.0
01-07 00,Chisinau FIR,0.0,0.0,0.0,0.0,0.0,0.0
01-07 00,Copenhagen FIR,0.0,0.0,0.0,0.0,0.0,0.0
01-07 00,Helsinki FIR,0.0493,0.0,0.0,0.0,0.0,0.0
01-07 00,Langen FIR,0.5479,0.2351,0.0,0.0,0.0,0.0
01-07 00,Lisboa FIR,0.012,0.0706,0.0353,0.0,0.0,0.0
01-07 00,Ljubljana FIR,0.0777,0.4703,0.0391,0.0,0.0,0.0
01-07 00,London FIR,0.0,0.0,0.0,0.0,0.0,0.0
01-07 00,Madrid FIR,0.0035,0.0626,0.0285,0.0,0.0,0.0
01-07 00,Malta FIR,0.0,0.0,0.0,0.0,0.0,0.0
01-07 00,Marseille FIR,0.1688,0.0438,0.0,0.0,0.0,0.0
01-07 00,Milano FIR,0.1884,0.2116,0.0205,0.0,0.0,0.0
01-07 00,Munchen FIR,0.379,0.4268,0.0067,0.0,0.0,0.0
01-07 00,Paris FIR,0.0032,0.0,0.0,0.0,0.0,0.0
01-07 00,Polaris FIR,0.0188,0.0,0.0,0.0,0.0,0.0
01-07 00,Praha FIR,0.1071,0.4283,0.1038,0.0,0.0,0.0
01-07 00,Reims FIR,0.5034,0.211,0.0,0.0,0.0,0.0
01-07 00,Reykjavik FIR,0.0554,0.1313,0.1417,0.0973,0.0109,0.0
01-07 00,Riga FIR,0.0,0.0,0.0,0.0,0.0,0.0
01-07 00,Roma FIR,0.1125,0.0369,0.0,0.0,0.0,0.0
01-07 00,Santa Maria FIR,0.0,0.0221,0.0807,0.0322,0.0004,0.0
01-07 00,Sarajevo FIR,0.3535,0.1599,0.0,0.0,0.0,0.0
01-07 00,Scottish FIR,0.0,0.0003,0.0,0.0,0.0,0.0
01-07 00,Shannon FIR,0.0014,0.1149,0.0966,0.0022,0.0,0.0
01-07 00,Skopje FIR,0.159,0.0,0.0,0.0,0.0,0.0
01-07 00,Sofia FIR,0.0447,0.0198,0.0,0.0,0.0,0.0
01-07 00,Sweden FIR,0.0,0.0,0.0,0.0,0.0,0.0
01-07 00,Switzerland FIR,0.3698,0.3415,0.0,0.0,0.0,0.0
01-07 00,Tallinn FIR,0.0,0.0,0.0,0.0,0.0,0.0
01-07 00,Tirana FIR,0.0782,0.0,0.0,0.0,0.0,0.0
01-07 00,Vilnius FIR,0.0,0.0,0.0,0.0,0.0,0.0
01-07 00,Warszawa FIR,0.0541,0.2296,0.1024,0.0,0.0,0.0
01-07 00,Wien FIR,0.106,0.4694,0.0932,0.0,0.0,0.0
01-07 00,Zagreb FIR,0.207,0.2559,0.0,0.0,0.0,0.0
01-07 01,Global,0.0175,0.02,0.0198,0.0192,0.0203,0.0205
01-07 01,Europe,0.0642,0.0701,0.0141,0.0001,0.0,0.0
01-07 01,European Airspace,0.0251,0.0625,0.0562,0.0181,0.0009,0.0
01-07 01,Africa Middle East,0.0003,0.0031,0.0059,0.0157,0.0145,0.0255
01-07 01,East Asia,0.0,0.0,0.0,0.0,0.0,0.0002
01-07 01,Southeast Asia,0.0,0.0,0.0,0.0005,0.0135,0.0798
01-07 01,India,0.0,0.0,0.0,0.0002,0.0074,0.0211
01-07 01,China,0.0026,0.0051,0.0016,0.0002,0.0,0.0
01-07 01,Latin America,0.0047,0.0174,0.0198,0.0163,0.0444,0.0361
01-07 01,USA,0.065,0.0396,0.0094,0.008,0.0072,0.0003
01-07 01,North Atlantic,0.019,0.0867,0.1113,0.0483,0.0012,0.0
01-07 01,North Pacific,0.0181,0.0147,0.0563,0.0793,0.05,0.0146
01-07 01,Amsterdam FIR,0.0,0.0,0.0,0.0,0.0,0.0
01-07 01,Athinai FIR,0.0,0.0698,0.0585,0.0,0.0,0.0
01-07 01,Barcelona FIR,0.0,0.0,0.0,0.0,0.0,0.0
01-07 01,Beograd FIR,0.1218,0.037,0.0,0.0,0.0,0.0
01-07 01,Bordeaux FIR,0.0,0.0,0.0,0.0,0.0,0.0
01-07 01,Bratislava  FIR,0.0721,0.8129,0.329,0.0,0.0,0.0
01-07 01,Bremen FIR,0.0822,0.0074,0.0,0.0,0.0,0.0
01-07 01,Brest FIR,0.0,0.0,0.0,0.0,0.0,0.0
01-07 01,Brindisi FIR,0.0737,0.0502,0.0,0.0,0.0,0.0
01-07 01,Brussels FIR,0.0326,0.0,0.0,0.0,0.0,0.0
01-07 01,Bucarest FIR,0.0591,0.0207,0.0,0.0,0.0,0.0
01-07 01,Budapest FIR,0.2773,0.4699,0.1232,0.0,0.0,0.0
01-07 01,Canarias FIR,0.0,0.0309,0.0835,0.0,0.0,0.0
01-07 01,Chisinau FIR,0.0,0.0,0.0,0.0,0.0,0.0
01-07 01,Copenhagen FIR,0.0,0.0,0.0,0.0,0.0,0.0
01-07 01,Helsinki FIR,0.0415,0.0,0.0,0.0,0.0,0.0
01-07 01,Langen FIR,0.5721,0.2505,0.0,0.0,0.0,0.0
01-07 01,Lisboa FIR,0.0207,0.0484,0.0154,0.0,0.0,0.0
01-07 01,Ljubljana FIR,0.0778,0.3029,0.0293,0.0,0.0,0.0
01-07 01,London FIR,0.0,0.0,0.0,0.0,0.0,0.0
01-07 01,Madrid FIR,0.0058,0.0574,0.0279,0.0,0.0,0.0
01-07 01,Malta FIR,0.0,0.0,0.0,0.0,0.0,0.0
01-07 01,Marseille FIR,0.1529,0.0391,0.0,0.0,0.0,0.0
01-07 01,Milano FIR,0.2032,0.1996,0.0326,0.0,0.0,0.0
01-07 01,Munchen FIR,0.4539,0.4888,0.01,0.0,0.0,0.0
01-07 01,Paris FIR,0.0086,0.0,0.0,0.0,0.0,0.0
01-07 01,Polaris FIR,0.0196,0.0,0.0,0.0,0.0,0.0
01-07 01,Praha FIR,0.1695,0.4768,0.0869,0.0,0.0,0.0
01-07 01,Reims FIR,0.4909,0.2454,0.0,0.0,0.0,0.0
01-07 01,Reykjavik FIR,0.0536,0.127,0.1548,0.1128,0.0155,0.0
01-07 01,Riga FIR,0.0,0.0,0.0,0.0,0.0,0.0
01-07 01,Roma FIR,0.088,0.033,0.0,0.0,0.0,0.0
01-07 01,Santa Maria FIR,0.0,0.0234,0.0839,0.0314,0.0002,0.0
01-07 01,Sarajevo FIR,0.2264,0.0818,0.0,0.0,0.0,0.0
01-07 01,Scottish FIR,0.0,0.0005,0.0,0.0,0.0,0.0
01-07 01,Shannon FIR,0.0014,0.1478,0.1166,0.0065,0.0,0.0
01-07 01,Skopje FIR,0.1286,0.0,0.0,0.0,0.0,0.0
01-07 01,Sofia FIR,0.0445,0.0171,0.0,0.0,0.0,0.0
01-07 01,Sweden FIR,0.0,0.0,0.0,0.0,0.0,0.0
01-07 01,Switzerland FIR,0.4017,0.3252,0.0,0.0,0.0,0.0
01-07 01,Tallinn FIR,0.0,0.0,0.0,0.0,0.0,0.0
01-07 01,Tirana FIR,0.0885,0.0,0.0,0.0,0.0,0.0
01-07 01,Vilnius FIR,0.0,0.0,0.0,0.0,0.0,0.0
01-07 01,Warszawa FIR,0.0569,0.2259,0.1221,0.0,0.0,0.0
01-07 01,Wien FIR,0.1119,0.5141,0.1035,0.0,0.0,0.0
01-07 01,Zagreb FIR,0.221,0.2536,0.0157,0.0,0.0,0.0
01-07 02,Global,0.0173,0.0202,0.0203,0.0194,0.0213,0.0208
01-07 02,Europe,0.0683,0.0677,0.0131,0.0,0.0,0.0
01-07 02,European Airspace,0.0263,0.0607,0.0536,0.0195,0.0013,0.0
01-07 02,Africa Middle East,0.0004,0.0031,0.0051,0.0104,0.0098,0.0227
01-07 02,East Asia,0.0,0.0,0.0,0.0,0.0,0.0
01-07 02,Southeast Asia,0.0,0.0,0.0,0.0005,0.0131,0.0719
01-07 02,India,0.0,0.0,0.0,0.0004,0.0088,0.0203
01-07 02,China,0.0022,0.0072,0.0036,0.0001,0.0,0.0
01-07 02,Latin America,0.0036,0.0157,0.0177,0.0169,0.0445,0.0325
01-07 02,USA,0.0644,0.0372,0.0104,0.0086,0.008,0.0001
01-07 02,North Atlantic,0.0179,0.0856,0.1071,0.0449,0.0009,0.0
01-07 02,North Pacific,0.0186,0.0157,0.061,0.081,0.0508,0.0163
01-07 02,Amsterdam FIR,0.0,0.0,0.0,0.0,0.0,0.0
01-07 02,Athinai FIR,0.0,0.0593,0.0418,0.0,0.0,0.0
01-07 02,Barcelona FIR,0.0,0.0,0.0,0.0,0.0,0.0
01-07 02,Beograd FIR,0.1693,0.0427,0.0,0.0,0.0,0.0
01-07 02,Bordeaux FIR,0.0,0.0,0.0,0.0,0.0,0.0
01-07 02,Bratislava  FIR,0.1008,0.6474,0.2535,0.0,0.0,0.0
01-07 02,Bremen FIR,0.1631,0.0283,0.0,0.0,0.0,0.0
01-07 02,Brest FIR,0.0,0.0,0.0,0.0,0.0,0.0
01-07 02,Brindisi FIR,0.0811,0.0501,0.0,0.0,0.0,0.0
01-07 02,Brussels FIR,0.0605,0.0093,0.0,0.0,0.0,0.0
01-07 02,Bucarest FIR,0.1031,0.0497,0.0,0.0,0.0,0.0
01-07 02,Budapest FIR,0.2477,0.4076,0.1693,0.0,0.0,0.0
01-07 02,Canarias FIR,0.0,0.0246,0.0604,0.0,0.0,0.0
01-07 02,Chisinau FIR,0.0,0.0,0.0,0.0,0.0,0.0
01-07 02,Copenhagen FIR,0.0,0.0,0.0,0.0,0.0,0.0
01-07 02,Helsinki FIR,0.0319,0.0,0.0,0.0,0.0,0.0
01-07 02,Langen FIR,0.5837,0.272,0.0,0.0,0.0,0.0
01-07 02,Lisboa FIR,0.0232,0.037,0.0074,0.0,0.0,0.0
01-07 02,Ljubljana FIR,0.0586,0.1366,0.0,0.0,0.0,0.0
01-07 02,London FIR,0.0,0.0,0.0,0.0,0.0,0.0
01-07 02,Madrid FIR,0.0112,0.0625,0.0202,0.0,0.0,0.0
01-07 02,Malta FIR,0.0,0.0,0.0,0.0,0.0,0.0
01-07 02,Marseille FIR,0.1209,0.0301,0.0,0.0,0.0,0.0
01-07 02,Milano FIR,0.2019,0.2021,0.0282,0.0,0.0,0.0
01-07 02,Munchen FIR,0.4403,0.4946,0.015,0.0,0.0,0.0
01-07 02,Paris FIR,0.0172,0.0011,0.0,0.0,0.0,0.0
01-07 02,Polaris FIR,0.0201,0.0,0.0,0.0,0.0,0.0
01-07 02,Praha FIR,0.186,0.5084,0.07,0.0,0.0,0.0
01-07 02,Reims FIR,0.6026,0.2513,0.0,0.0,0.0,0.0
01-07 02,Reykjavik FIR,0.055,0.13,0.1742,0.1352,0.021,0.0
01-07 02,Riga FIR,0.0,0.0,0.0,0.0,0.0,0.0
01-07 02,Roma FIR,0.0874,0.0326,0.0,0.0,0.0,0.0
01-07 02,Santa Maria FIR,0.0,0.0266,0.0869,0.0308,0.0,0.0
01-07 02,Sarajevo FIR,0.1637,0.0333,0.0,0.0,0.0,0.0
01-07 02,Scottish FIR,0.0026,0.0,0.0,0.0,0.0,0.0
01-07 02,Shannon FIR,0.0022,0.1821,0.1397,0.0129,0.0,0.0
01-07 02,Skopje FIR,0.0075,0.0,0.0,0.0,0.0,0.0
01-07 02,Sofia FIR,0.0313,0.0156,0.0,0.0,0.0,0.0
01-07 02,Sweden FIR,0.0,0.0,0.0,0.0,0.0,0.0
01-07 02,Switzerland FIR,0.3934,0.272,0.0,0.0,0.0,0.0
01-07 02,Tallinn FIR,0.0,0.0,0.0,0.0,0.0,0.0
01-07 02,Tirana FIR,0.1248,0.0,0.0,0.0,0.0,0.0
01-07 02,Vilnius FIR,0.0,0.0,0.0,0.0,0.0,0.0
01-07 02,Warszawa FIR,0.0728,0.2474,0.1521,0.0,0.0,0.0
01-07 02,Wien FIR,0.165,0.5157,0.1012,0.0,0.0,0.0
01-07 02,Zagreb FIR,0.2212,0.2024,0.0298,0.0,0.0,0.0
01-07 03,Global,0.0171,0.0201,0.0203,0.0191,0.0221,0.0215
01-07 03,Europe,0.063,0.0566,0.0109,0.0,0.0,0.0
01-07 03,European Airspace,0.0243,0.0576,0.0519,0.0196,0.0018,0.0
01-07 03,Africa Middle East,0.0004,0.0029,0.0042,0.0048,0.0062,0.0203
01-07 03,East Asia,0.0,0.0001,0.0003,0.0,0.0,0.0
01-07 03,Southeast Asia,0.0,0.0,0.0,0.0006,0.0142,0.067
01-07 03,India,0.0,0.0,0.0,0.0007,0.0094,0.0174
01-07 03,China,0.004,0.0113,0.0061,0.0,0.0,0.0
01-07 03,Latin America,0.0029,0.0131,0.014,0.0171,0.0434,0.0287
01-07 03,USA,0.0653,0.0351,0.0115,0.0133,0.008,0.0
01-07 03,North Atlantic,0.0155,0.0832,0.1078,0.0388,0.0006,0.0
01-07 03,North Pacific,0.0185,0.0152,0.0628,0.0774,0.0496,0.017
01-07 03,Amsterdam FIR,0.0,0.0,0.0,0.0,0.0,0.0
01-07 03,Athinai FIR,0.0,0.0462,0.024,0.0,0.0,0.0
01-07 03,Barcelona FIR,0.0,0.0,0.0,0.0,0.0,0.0
01-07 03,Beograd FIR,0.169,0.0224,0.0,0.0,0.0,0.0
01-07 03,Bordeaux FIR,0.0,0.0,0.0,0.0,0.0,0.0
01-07 03,Bratislava  FIR,0.0864,0.3547,0.1605,0.0,0.0,0.0
01-07 03,Bremen FIR,0.1635,0.0319,0.0,0.0,0.0,0.0
01-07 03,Brest FIR,0.0,0.0,0.0,0.0,0.0,0.0
01-07 03,Brindisi FIR,0.0945,0.0475,0.0,0.0,0.0,0.0
01-07 03,Brussels FIR,0.0745,0.014,0.0,0.0,0.0,0.0
01-07 03,Bucarest FIR,0.1458,0.0899,0.0,0.0,0.0,0.0
01-07 03,Budapest FIR,0.1826,0.3613,0.1748,0.0,0.0,0.0
01-07 03,Canarias FIR,0.0,0.0293,0.052,0.0,0.0,0.0
01-07 03,Chisinau FIR,0.0,0.0,0.0,0.0,0.0,0.0
01-07 03,Copenhagen FIR,0.0,0.0,0.0,0.0,0.0,0.0
01-07 03,Helsinki FIR,0.0217,0.0,0.0,0.0,0.0,0.0
01-07 03,Langen FIR,0.5692,0.2361,0.0,0.0,0.0,0.0
01-07 03,Lisboa FIR,0.0189,0.0226,0.0025,0.0,0.0,0.0
01-07 03,Ljubljana FIR,0.0489,0.0683,0.0,0.0,0.0,0.0
01-07 03,London FIR,0.0,0.0,0.0,0.0,0.0,0.0
01-07 03,Madrid FIR,0.0155,0.0612,0.0138,0.0,0.0,0.0
01-07 03,Malta FIR,0.0,0.0,0.0,0.0,0.0,0.0
01-07 03,Marseille FIR,0.062,0.0157,0.0,0.0,0.0,0.0
01-07 03,Milano FIR,0.1796,0.1735,0.0119,0.0,0.0,0.0
01-07 03,Munchen FIR,0.4062,0.3862,0.0199,0.0,0.0,0.0
01-07 03,Paris FIR,0.0204,0.0011,0.0,0.0,0.0,0.0
01-07 03,Polaris FIR,0.0221,0.0,0.0,0.0,0.0,0.0
01-07 03,Praha FIR,0.1396,0.4657,0.0551,0.0,0.0,0.0
01-07 03,Reims FIR,0.4825,0.1818,0.0,0.0,0.0,0.0
01-07 03,Reykjavik FIR,0.0403,0.1271,0.1856,0.1594,0.0299,0.0
01-07 03,Riga FIR,0.0,0.0,0.0,0.0,0.0,0.0
01-07 03,Roma FIR,0.0791,0.0249,0.0,0.0,0.0,0.0
01-07 03,Santa Maria FIR,0.0,0.0285,0.0882,0.0265,0.0,0.0
01-07 03,Sarajevo FIR,0.1687,0.0301,0.0,0.0,0.0,0.0
01-07 03,Scottish FIR,0.005,0.0,0.0,0.0,0.0,0.0
01-07 03,Shannon FIR,0.0036,0.2018,0.156,0.0241,0.0,0.0
01-07 03,Skopje FIR,0.0,0.0,0.0,0.0,0.0,0.0
01-07 03,Sofia FIR,0.0443,0.0222,0.0,0.0,0.0,0.0
01-07 03,Sweden FIR,0.0,0.0,0.0,0.0,0.0,0.0
01-07 03,Switzerland FIR,0.3487,0.1947,0.0,0.0,0.0,0.0
01-07 03,Tallinn FIR,0.0,0.0,0.0,0.0,0.0,0.0
01-07 03,Tirana FIR,0.0674,0.0,0.0,0.0,0.0,0.0
01-07 03,Vilnius FIR,0.0,0.0,0.0,0.0,0.0,0.0
01-07 03,Warszawa FIR,0.0999,0.2291,0.1608,0.0,0.0,0.0
01-07 03,Wien FIR,0.1868,0.4754,0.0822,0.0,0.0,0.0
01-07 03,Zagreb FIR,0.1923,0.1734,0.033,0.0,0.0,0.0
01-07 04,Global,0.0171,0.0198,0.0202,0.0189,0.0232,0.0226
01-07 04,Europe,0.0518,0.0349,0.0088,0.0,0.0,0.0
01-07 04,European Airspace,0.0198,0.0483,0.0496,0.0198,0.0022,0.0
01-07 04,Africa Middle East,0.0003,0.0019,0.0033,0.0024,0.0045,0.0196
01-07 04,East Asia,0.0001,0.0005,0.001,0.0,0.0,0.0
01-07 04,Southeast Asia,0.0,0.0,0.0,0.0008,0.0183,0.0751
01-07 04,India,0.0,0.0,0.0,0.0006,0.009,0.0133
01-07 04,China,0.0088,0.0158,0.0097,0.0,0.0,0.0
01-07 04,Latin America,0.0022,0.0091,0.0092,0.0161,0.0414,0.0258
01-07 04,USA,0.0655,0.0339,0.0123,0.0148,0.0089,0.0
01-07 04,North Atlantic,0.0127,0.0806,0.1086,0.0338,0.0006,0.0
01-07 04,North Pacific,0.0184,0.0145,0.0589,0.0708,0.0459,0.017
01-07 04,Amsterdam FIR,0.0,0.0,0.0,0.0,0.0,0.0
01-07 04,Athinai FIR,0.0,0.0066,0.0016,0.0,0.0,0.0
01-07 04,Barcelona FIR,0.0,0.0,0.0,0.0,0.0,0.0
01-07 04,Beograd FIR,0.167,0.0223,0.0,0.0,0.0,0.0
01-07 04,Bordeaux FIR,0.0,0.0,0.0,0.0,0.0,0.0
01-07 04,Bratislava  FIR,0.0755,0.2188,0.1322,0.0,0.0,0.0
01-07 04,Bremen FIR,0.1243,0.0218,0.0,0.0,0.0,0.0
01-07 04,Brest FIR,0.0,0.0,0.0,0.0,0.0,0.0
01-07 04,Brindisi FIR,0.0994,0.0317,0.0,0.0,0.0,0.0
01-07 04,Brussels FIR,0.0884,0.014,0.0,0.0,0.0,0.0
01-07 04,Bucarest FIR,0.173,0.1202,0.0,0.0,0.0,0.0
01-07 04,Budapest FIR,0.1228,0.3014,0.1786,0.0,0.0,0.0
01-07 04,Canarias FIR,0.0,0.031,0.0445,0.0,0.0,0.0
01-07 04,Chisinau FIR,0.0458,0.1166,0.0,0.0,0.0,0.0
01-07 04,Copenhagen FIR,0.0,0.0,0.0,0.0,0.0,0.0
01-07 04,Helsinki FIR,0.013,0.0,0.0,0.0,0.0,0.0
01-07 04,Langen FIR,0.4829,0.1236,0.0,0.0,0.0,0.0
01-07 04,Lisboa FIR,0.0127,0.008,0.0,0.0,0.0,0.0
01-07 04,Ljubljana FIR,0.0295,0.0197,0.0,0.0,0.0,0.0
01-07 04,London FIR,0.0,0.0,0.0,0.0,0.0,0.0
01-07 04,Madrid FIR,0.0199,0.0491,0.0027,0.0,0.0,0.0
01-07 04,Malta FIR,0.0,0.0,0.0,0.0,0.0,0.0
01-07 04,Marseille FIR,0.0196,0.0036,0.0,0.0,0.0,0.0
01-07 04,Milano FIR,0.1382,0.1154,0.0054,0.0,0.0,0.0
01-07 04,Munchen FIR,0.3635,0.1607,0.0198,0.0,0.0,0.0
01-07 04,Paris FIR,0.0279,0.0,0.0,0.0,0.0,0.0
01-07 04,Polaris FIR,0.0194,0.0,0.0,0.0,0.0,0.0
01-07 04,Praha FIR,0.0922,0.2153,0.0488,0.0,0.0,0.0
01-07 04,Reims FIR,0.3415,0.0969,0.0,0.0,0.0,0.0
01-07 04,Reykjavik FIR,0.0337,0.1123,0.1955,0.1805,0.034,0.0
01-07 04,Riga FIR,0.0,0.0,0.0,0.0,0.0,0.0
01-07 04,Roma FIR,0.045,0.0125,0.0,0.0,0.0,0.0
01-07 04,Santa Maria FIR,0.0001,0.0284,0.0844,0.021,0.0001,0.0
01-07 04,Sarajevo FIR,0.2042,0.0415,0.0,0.0,0.0,0.0
01-07 04,Scottish FIR,0.0064,0.0,0.0,0.0,0.0,0.0
01-07 04,Shannon FIR,0.005,0.2138,0.1715,0.0393,0.0,0.0
01-07 04,Skopje FIR,0.0,0.0,0.0,0.0,0.0,0.0
01-07 04,Sofia FIR,0.0467,0.0365,0.0,0.0,0.0,0.0
01-07 04,Sweden FIR,0.0003,0.0,0.0,0.0,0.0,0.0
01-07 04,Switzerland FIR,0.2849,0.1136,0.0,0.0,0.0,0.0
01-07 04,Tallinn FIR,0.0,0.0,0.0,0.0,0.0,0.0
01-07 04,Tirana FIR,0.0,0.0,0.0,0.0,0.0,0.0
01-07 04,Vilnius FIR,0.0,0.0,0.0,0.0,0.0,0.0
01-07 04,Warszawa FIR,0.1316,0.2027,0.1634,0.0,0.0,0.0
01-07 04,Wien FIR,0.139,0.295,0.0552,0.0,0.0,0.0
01-07 04,Zagreb FIR,0.1218,0.1356,0.0472,0.0,0.0,0.0
01-07 05,Global,0.0173,0.0197,0.02,0.0188,0.0241,0.0241
01-07 05,Europe,0.0301,0.017,0.0064,0.0,0.0,0.0
01-07 05,European Airspace,0.0133,0.0415,0.0486,0.0179,0.0026,0.0
01-07 05,Africa Middle East,0.0003,0.001,0.0024,0.0018,0.0038,0.0217
01-07 05,East Asia,0.0005,0.0018,0.0039,0.0,0.0,0.0
01-07 05,Southeast Asia,0.0,0.0,0.0,0.0013,0.0289,0.0976
01-07 05,India,0.0,0.0,0.0,0.0008,0.0077,0.0099
01-07 05,China,0.0158,0.0232,0.0158,0.0,0.0,0.0
01-07 05,Latin America,0.001,0.005,0.0043,0.0146,0.0389,0.0232
01-07 05,USA,0.0649,0.0314,0.0126,0.0161,0.0097,0.0
01-07 05,North Atlantic,0.0155,0.0804,0.1079,0.0284,0.0007,0.0
01-07 05,North Pacific,0.0181,0.0151,0.0537,0.0619,0.0419,0.0161
01-07 05,Amsterdam FIR,0.0,0.0,0.0,0.0,0.0,0.0
01-07 05,Athinai FIR,0.0,0.0,0.0,0.0,0.0,0.0
01-07 05,Barcelona FIR,0.0,0.0,0.0,0.0,0.0,0.0
01-07 05,Beograd FIR,0.0941,0.0119,0.0,0.0,0.0,0.0
01-07 05,Bordeaux FIR,0.0,0.0,0.0,0.0,0.0,0.0
01-07 05,Bratislava  FIR,0.0073,0.1258,0.068,0.0,0.0,0.0
01-07 05,Bremen FIR,0.0736,0.0,0.0,0.0,0.0,0.0
01-07 05,Brest FIR,0.0,0.0,0.0,0.0,0.0,0.0
01-07 05,Brindisi FIR,0.055,0.0122,0.0,0.0,0.0,0.0
01-07 05,Brussels FIR,0.0419,0.0,0.0,0.0,0.0,0.0
01-07 05,Bucarest FIR,0.1199,0.1278,0.0,0.0,0.0,0.0
01-07 05,Budapest FIR,0.0555,0.2304,0.1785,0.0,0.0,0.0
01-07 05,Canarias FIR,0.0,0.0295,0.0374,0.0,0.0,0.0
01-07 05,Chisinau FIR,0.2552,0.4338,0.0,0.0,0.0,0.0
01-07 05,Copenhagen FIR,0.0,0.0,0.0,0.0,0.0,0.0
01-07 05,Helsinki FIR,0.0085,0.0,0.0,0.0,0.0,0.0
01-07 05,Langen FIR,0.2376,0.0073,0.0,0.0,0.0,0.0
01-07 05,Lisboa FIR,0.0068,0.0,0.0,0.0,0.0,0.0
01-07 05,Ljubljana FIR,0.0,0.0592,0.0,0.0,0.0,0.0
01-07 05,London FIR,0.0,0.0,0.0,0.0,0.0,0.0
01-07 05,Madrid FIR,0.0219,0.0128,0.0,0.0,0.0,0.0
01-07 05,Malta FIR,0.0,0.0,0.0,0.0,0.0,0.0
01-07 05,Marseille FIR,0.0041,0.0018,0.0,0.0,0.0,0.0
01-07 05,Milano FIR,0.0507,0.0512,0.0,0.0,0.0,0.0
01-07 05,Munchen FIR,0.267,0.0291,0.0033,0.0,0.0,0.0
01-07 05,Paris FIR,0.0096,0.0,0.0,0.0,0.0,0.0
01-07 05,Polaris FIR,0.0136,0.0,0.0,0.0,0.0,0.0
01-07 05,Praha FIR,0.0341,0.1276,0.0404,0.0,0.0,0.0
01-07 05,Reims FIR,0.1624,0.0658,0.0,0.0,0.0,0.0
01-07 05,Reykjavik FIR,0.0326,0.1357,0.214,0.1849,0.038,0.0
01-07 05,Riga FIR,0.0,0.0,0.0,0.0,0.0,0.0
01-07 05,Roma FIR,0.0219,0.0107,0.0,0.0,0.0,0.0
01-07 05,Santa Maria FIR,0.0,0.0274,0.0744,0.0114,0.0,0.0
01-07 05,Sarajevo FIR,0.1431,0.0632,0.0,0.0,0.0,0.0
01-07 05,Scottish FIR,0.0126,0.0,0.0,0.0,0.0,0.0
01-07 05,Shannon FIR,0.0085,0.2171,0.2024,0.047,0.0,0.0
01-07 05,Skopje FIR,0.0,0.0,0.0,0.0,0.0,0.0
01-07 05,Sofia FIR,0.0078,0.0273,0.0,0.0,0.0,0.0
01-07 05,Sweden FIR,0.0015,0.0,0.0,0.0,0.0,0.0
01-07 05,Switzerland FIR,0.2565,0.0284,0.0,0.0,0.0,0.0
01-07 05,Tallinn FIR,0.0,0.0,0.0,0.0,0.0,0.0
01-07 05,Tirana FIR,0.0,0.0,0.0,0.0,0.0,0.0
01-07 05,Vilnius FIR,0.0,0.0,0.0,0.0,0.0,0.0
01-07 05,Warszawa FIR,0.0675,0.1638,0.1654,0.0,0.0,0.0
01-07 05,Wien FIR,0.0935,0.1669,0.0,0.0,0.0,0.0
01-07 05,Zagreb FIR,0.09,0.1186,0.0456,0.0,0.0,0.0
01-07 06,Global,0.0181,0.0202,0.0196,0.0192,0.0251,0.026
01-07 06,Europe,0.0096,0.0104,0.0054,0.0,0.0,0.0
01-07 06,European Airspace,0.0088,0.0401,0.045,0.0162,0.0033,0.0
01-07 06,Africa Middle East,0.0001,0.0008,0.0012,0.0018,0.004,0.025
01-07 06,East Asia,0.0034,0.0071,0.0089,0.0,0.0,0.0
01-07 06,Southeast Asia,0.0,0.0,0.0,0.003,0.0469,0.1294
01-07 06,India,0.0,0.0,0.0,0.0007,0.0062,0.0064
01-07 06,China,0.0295,0.0357,0.0213,0.0,0.0,0.0
01-07 06,Latin America,0.0002,0.0011,0.001,0.0131,0.0347,0.0189
01-07 06,USA,0.0642,0.0288,0.0106,0.0152,0.0082,0.0
01-07 06,North Atlantic,0.0173,0.0798,0.1054,0.0242,0.0009,0.0
01-07 06,North Pacific,0.0182,0.0169,0.0468,0.0579,0.0399,0.0142
01-07 06,Amsterdam FIR,0.0,0.0,0.0,0.0,0.0,0.0
01-07 06,Athinai FIR,0.0,0.0,0.0,0.0,0.0,0.0
01-07 06,Barcelona FIR,0.0,0.0,0.0,0.0,0.0,0.0
01-07 06,Beograd FIR,0.0496,0.0068,0.0,0.0,0.0,0.0
01-07 06,Bordeaux FIR,0.0,0.0,0.0,0.0,0.0,0.0
01-07 06,Bratislava  FIR,0.0036,0.0469,0.0359,0.0,0.0,0.0
01-07 06,Bremen FIR,0.0,0.0,0.0,0.0,0.0,0.0
01-07 06,Brest FIR,0.0,0.0,0.0,0.0,0.0,0.0
01-07 06,Brindisi FIR,0.0365,0.0,0.0,0.0,0.0,0.0
01-07 06,Brussels FIR,0.0,0.0,0.0,0.0,0.0,0.0
01-07 06,Bucarest FIR,0.07,0.1265,0.0,0.0,0.0,0.0
01-07 06,Budapest FIR,0.0444,0.2325,0.1803,0.0,0.0,0.0
01-07 06,Canarias FIR,0.0,0.0291,0.0286,0.0,0.0,0.0
01-07 06,Chisinau FIR,0.0049,0.3068,0.0,0.0,0.0,0.0
01-07 06,Copenhagen FIR,0.0,0.0,0.0,0.0,0.0,0.0
01-07 06,Helsinki FIR,0.0061,0.0,0.0,0.0,0.0,0.0
01-07 06,Langen FIR,0.0218,0.0,0.0,0.0,0.0,0.0
01-07 06,Lisboa FIR,0.0,0.0,0.0,0.0,0.0,0.0
01-07 06,Ljubljana FIR,0.0394,0.0789,0.0097,0.0,0.0,0.0
01-07 06,London FIR,0.0,0.0,0.0,0.0,0.0,0.0
01-07 06,Madrid FIR,0.0095,0.0,0.0,0.0,0.0,0.0
01-07 06,Malta FIR,0.0,0.0,0.0,0.0,0.0,0.0
01-07 06,Marseille FIR,0.0024,0.0037,0.0,0.0,0.0,0.0
01-07 06,Milano FIR,0.0132,0.0274,0.0,0.0,0.0,0.0
01-07 06,Munchen FIR,0.0474,0.0,0.0,0.0,0.0,0.0
01-07 06,Paris FIR,0.0,0.0,0.0,0.0,0.0,0.0
01-07 06,Polaris FIR,0.012,0.0,0.0,0.0,0.0,0.0
01-07 06,Praha FIR,0.0171,0.0769,0.0042,0.0,0.0,0.0
01-07 06,Reims FIR,0.0694,0.0,0.0,0.0,0.0,0.0
01-07 06,Reykjavik FIR,0.0363,0.1572,0.2207,0.1727,0.0471,0.0
01-07 06,Riga FIR,0.0,0.0,0.0,0.0,0.0,0.0
01-07 06,Roma FIR,0.0124,0.0093,0.0,0.0,0.0,0.0
01-07 06,Santa Maria FIR,0.0,0.0248,0.0631,0.0131,0.0,0.0
01-07 06,Sarajevo FIR,0.0523,0.0593,0.0111,0.0,0.0,0.0
01-07 06,Scottish FIR,0.0154,0.0,0.0,0.0,0.0,0.0
01-07 06,Shannon FIR,0.0156,0.1888,0.1962,0.0378,0.0,0.0
01-07 06,Skopje FIR,0.0,0.0,0.0,0.0,0.0,0.0
01-07 06,Sofia FIR,0.0,0.0182,0.0,0.0,0.0,0.0
01-07 06,Sweden FIR,0.0015,0.0,0.0,0.0,0.0,0.0
01-07 06,Switzerland FIR,0.13,0.0,0.0,0.0,0.0,0.0
01-07 06,Tallinn FIR,0.0,0.0,0.0,0.0,0.0,0.0
01-07 06,Tirana FIR,0.0,0.0,0.0,0.0,0.0,0.0
01-07 06,Vilnius FIR,0.0,0.0,0.0,0.0,0.0,0.0
01-07 06,Warszawa FIR,0.0,0.1717,0.1514,0.0,0.0,0.0
01-07 06,Wien FIR,0.0303,0.0101,0.0021,0.0,0.0,0.0
01-07 06,Zagreb FIR,0.061,0.1319,0.0596,0.0,0.0,0.0
01-07 07,Global,0.019,0.0208,0.0192,0.0194,0.0264,0.0276
01-07 07,Europe,0.0038,0.0107,0.0055,0.0,0.0,0.0
01-07 07,European Airspace,0.0084,0.0376,0.0383,0.0154,0.005,0.0
01-07 07,Africa Middle East,0.0,0.0001,0.0001,0.0021,0.0052,0.0272
01-07 07,East Asia,0.0105,0.0143,0.0127,0.0,0.0,0.0
01-07 07,Southeast Asia,0.0,0.0,0.0,0.0054,0.0719,0.161
01-07 07,India,0.0,0.0,0.0,0.0004,0.0046,0.0054
01-07 07,China,0.0455,0.0484,0.0234,0.0,0.0,0.0
01-07 07,Latin America,0.0,0.0002,0.0006,0.0107,0.0288,0.013
01-07 07,USA,0.061,0.0266,0.007,0.0101,0.0062,0.0
01-07 07,North Atlantic,0.0148,0.0744,0.0925,0.0218,0.0011,0.0
01-07 07,North Pacific,0.0194,0.0198,0.0437,0.0556,0.0388,0.0111
01-07 07,Amsterdam FIR,0.0,0.0,0.0,0.0,0.0,0.0
01-07 07,Athinai FIR,0.0,0.0,0.0012,0.0,0.0,0.0
01-07 07,Barcelona FIR,0.0,0.0,0.0,0.0,0.0,0.0
01-07 07,Beograd FIR,0.0358,0.0068,0.0,0.0,0.0,0.0
01-07 07,Bordeaux FIR,0.0,0.0,0.0,0.0,0.0,0.0
01-07 07,Bratislava  FIR,0.0109,0.0434,0.0145,0.0,0.0,0.0
01-07 07,Bremen FIR,0.0,0.0,0.0,0.0,0.0,0.0
01-07 07,Brest FIR,0.0,0.0,0.0,0.0,0.0,0.0
01-07 07,Brindisi FIR,0.0061,0.0012,0.0,0.0,0.0,0.0
01-07 07,Brussels FIR,0.0,0.0,0.0,0.0,0.0,0.0
01-07 07,Bucarest FIR,0.0461,0.113,0.0,0.0,0.0,0.0
01-07 07,Budapest FIR,0.0463,0.2889,0.1785,0.0,0.0,0.0
01-07 07,Canarias FIR,0.0,0.0043,0.0026,0.0,0.0,0.0
01-07 07,Chisinau FIR,0.0,0.2772,0.0097,0.0,0.0,0.0
01-07 07,Copenhagen FIR,0.0,0.0,0.0,0.0,0.0,0.0
01-07 07,Helsinki FIR,0.0056,0.0,0.0,0.0,0.0,0.0
01-07 07,Langen FIR,0.0,0.0,0.0,0.0,0.0,0.0
01-07 07,Lisboa FIR,0.0,0.0,0.0,0.0,0.0,0.0
01-07 07,Ljubljana FIR,0.0689,0.197,0.0487,0.0,0.0,0.0
01-07 07,London FIR,0.0,0.0,0.0,0.0,0.0,0.0
01-07 07,Madrid FIR,0.0,0.0,0.0,0.0,0.0,0.0
01-07 07,Malta FIR,0.0,0.0,0.0,0.0,0.0,0.0
01-07 07,Marseille FIR,0.0079,0.0018,0.0,0.0,0.0,0.0
01-07 07,Milano FIR,0.0159,0.0343,0.0,0.0,0.0,0.0
01-07 07,Munchen FIR,0.0,0.0,0.0,0.0,0.0,0.0
01-07 07,Paris FIR,0.0,0.0,0.0,0.0,0.0,0.0
01-07 07,Polaris FIR,0.0125,0.0,0.0,0.0,0.0,0.0
01-07 07,Praha FIR,0.0,0.0021,0.0041,0.0,0.0,0.0
01-07 07,Reims FIR,0.0,0.0,0.0,0.0,0.0,0.0
01-07 07,Reykjavik FIR,0.0341,0.177,0.2229,0.1697,0.0687,0.0
01-07 07,Riga FIR,0.0,0.0,0.0,0.0,0.0,0.0
01-07 07,Roma FIR,0.0093,0.0115,0.0,0.0,0.0,0.0
01-07 07,Santa Maria FIR,0.0,0.0131,0.0371,0.0122,0.0,0.0
01-07 07,Sarajevo FIR,0.0522,0.0892,0.0,0.0,0.0,0.0
01-07 07,Scottish FIR,0.0,0.0,0.0,0.0,0.0,0.0
01-07 07,Shannon FIR,0.0162,0.1317,0.0821,0.0103,0.0,0.0
01-07 07,Skopje FIR,0.0,0.0,0.0,0.0,0.0,0.0
01-07 07,Sofia FIR,0.0,0.0052,0.0,0.0,0.0,0.0
01-07 07,Sweden FIR,0.0,0.0,0.0,0.0,0.0,0.0
01-07 07,Switzerland FIR,0.0,0.0041,0.0,0.0,0.0,0.0
01-07 07,Tallinn FIR,0.0,0.0,0.0,0.0,0.0,0.0
01-07 07,Tirana FIR,0.0,0.0,0.0,0.0,0.0,0.0
01-07 07,Vilnius FIR,0.0,0.0,0.0,0.0,0.0,0.0
01-07 07,Warszawa FIR,0.0,0.1237,0.1254,0.0,0.0,0.0
01-07 07,Wien FIR,0.0,0.0062,0.0187,0.0,0.0,0.0
01-07 07,Zagreb FIR,0.0546,0.1575,0.0721,0.0,0.0,0.0
01-07 08,Global,0.0199,0.0211,0.0191,0.0195,0.0276,0.0296
01-07 08,Europe,0.0046,0.013,0.0058,0.0,0.0,0.0
01-07 08,European Airspace,0.0093,0.0383,0.0337,0.0158,0.0059,0.0
01-07 08,Africa Middle East,0.0,0.0,0.0004,0.0023,0.0067,0.027
01-07 08,East Asia,0.0168,0.0219,0.0166,0.0,0.0,0.0
01-07 08,Southeast Asia,0.0,0.0,0.0,0.0103,0.0949,0.1878
01-07 08,India,0.0,0.0,0.0,0.0003,0.0043,0.0058
01-07 08,China,0.0588,0.0551,0.0238,0.0001,0.0,0.0
01-07 08,Latin America,0.0,0.0002,0.0006,0.0059,0.0168,0.0098
01-07 08,USA,0.0581,0.0248,0.0055,0.0069,0.0047,0.0
01-07 08,North Atlantic,0.0125,0.0726,0.0785,0.0214,0.0016,0.0
01-07 08,North Pacific,0.0209,0.0208,0.0452,0.0558,0.0395,0.0089
01-07 08,Amsterdam FIR,0.0,0.0,0.0,0.0,0.0,0.0
01-07 08,Athinai FIR,0.0,0.0,0.0105,0.0051,0.0,0.0
01-07 08,Barcelona FIR,0.0,0.0,0.0,0.0,0.0,0.0
01-07 08,Beograd FIR,0.0494,0.0067,0.0,0.0,0.0,0.0
01-07 08,Bordeaux FIR,0.0,0.0,0.0,0.0,0.0,0.0
01-07 08,Bratislava  FIR,0.0253,0.0435,0.0037,0.0,0.0,0.0
01-07 08,Bremen FIR,0.0,0.0146,0.0,0.0,0.0,0.0
01-07 08,Brest FIR,0.0,0.0,0.0,0.0,0.0,0.0
01-07 08,Brindisi FIR,0.0134,0.0172,0.0,0.0,0.0,0.0
01-07 08,Brussels FIR,0.0,0.0,0.0,0.0,0.0,0.0
01-07 08,Bucarest FIR,0.0353,0.0867,0.0,0.0,0.0,0.0
01-07 08,Budapest FIR,0.0613,0.3132,0.1636,0.0,0.0,0.0
01-07 08,Canarias FIR,0.0,0.0,0.0,0.0,0.0,0.0
01-07 08,Chisinau FIR,0.0,0.3767,0.0,0.0,0.0,0.0
01-07 08,Copenhagen FIR,0.0,0.0,0.0,0.0,0.0,0.0
01-07 08,Helsinki FIR,0.0071,0.0,0.0,0.0,0.0,0.0
01-07 08,Langen FIR,0.0014,0.007,0.0,0.0,0.0,0.0
01-07 08,Lisboa FIR,0.0,0.0,0.0,0.0,0.0,0.0
01-07 08,Ljubljana FIR,0.108,0.2362,0.1079,0.0,0.0,0.0
01-07 08,London FIR,0.0,0.0,0.0,0.0,0.0,0.0
01-07 08,Madrid FIR,0.0,0.0,0.0,0.0,0.0,0.0
01-07 08,Malta FIR,0.0,0.0,0.0,0.0,0.0,0.0
01-07 08,Marseille FIR,0.0085,0.0024,0.0,0.0,0.0,0.0
01-07 08,Milano FIR,0.0351,0.0456,0.0,0.0,0.0,0.0
01-07 08,Munchen FIR,0.0,0.0016,0.0016,0.0,0.0,0.0
01-07 08,Paris FIR,0.0,0.0,0.0,0.0,0.0,0.0
01-07 08,Polaris FIR,0.0096,0.0,0.0,0.0,0.0,0.0
01-07 08,Praha FIR,0.0,0.0,0.0021,0.0,0.0,0.0
01-07 08,Reims FIR,0.0,0.0,0.0,0.0,0.0,0.0
01-07 08,Reykjavik FIR,0.0307,0.1907,0.2272,0.175,0.081,0.0
01-07 08,Riga FIR,0.0,0.0,0.0,0.0,0.0,0.0
01-07 08,Roma FIR,0.0075,0.0164,0.0,0.0,0.0,0.0
01-07 08,Santa Maria FIR,0.0,0.0075,0.0182,0.0112,0.0001,0.0
01-07 08,Sarajevo FIR,0.0597,0.0932,0.0,0.0,0.0,0.0
01-07 08,Scottish FIR,0.0,0.0,0.0,0.0,0.0,0.0
01-07 08,Shannon FIR,0.0,0.0434,0.0061,0.0014,0.0,0.0
01-07 08,Skopje FIR,0.0,0.0,0.0,0.0,0.0,0.0
01-07 08,Sofia FIR,0.0,0.025,0.0,0.0,0.0,0.0
01-07 08,Sweden FIR,0.0,0.0,0.0,0.0,0.0,0.0
01-07 08,Switzerland FIR,0.0,0.0041,0.0,0.0,0.0,0.0
01-07 08,Tallinn FIR,0.0,0.0,0.0,0.0,0.0,0.0
01-07 08,Tirana FIR,0.0,0.0,0.0,0.0,0.0,0.0
01-07 08,Vilnius FIR,0.0,0.0,0.0,0.0,0.0,0.0
01-07 08,Warszawa FIR,0.0039,0.1046,0.1095,0.0,0.0,0.0
01-07 08,Wien FIR,0.0,0.0187,0.0435,0.0,0.0,0.0
01-07 08,Zagreb FIR,0.0482,0.1668,0.0752,0.0,0.0,0.0
01-07 09,Global,0.0205,0.0207,0.019,0.0196,0.0286,0.0316
01-07 09,Europe,0.0064,0.0153,0.006,0.0,0.0,0.0
01-07 09,European Airspace,0.0097,0.0386,0.0333,0.016,0.0065,0.0001
01-07 09,Africa Middle East,0.0,0.0,0.0008,0.0024,0.0073,0.0253
01-07 09,East Asia,0.0204,0.0257,0.0182,0.0,0.0,0.0
01-07 09,Southeast Asia,0.0,0.0,0.0,0.0137,0.1096,0.2065
01-07 09,India,0.0,0.0,0.0,0.0006,0.0052,0.0062
01-07 09,China,0.066,0.0575,0.0243,0.0002,0.0,0.0
01-07 09,Latin America,0.0,0.0002,0.0007,0.0024,0.0085,0.0102
01-07 09,USA,0.0547,0.021,0.005,0.0053,0.0032,0.0
01-07 09,North Atlantic,0.0123,0.0672,0.0693,0.0204,0.002,0.0
01-07 09,North Pacific,0.0209,0.0213,0.0476,0.0562,0.0399,0.0077
01-07 09,Amsterdam FIR,0.0,0.0,0.0,0.0,0.0,0.0
01-07 09,Athinai FIR,0.0,0.0,0.0031,0.0,0.0,0.0
01-07 09,Barcelona FIR,0.0,0.0,0.0,0.0,0.0,0.0
01-07 09,Beograd FIR,0.0596,0.015,0.0,0.0,0.0,0.0
01-07 09,Bordeaux FIR,0.0,0.0,0.0,0.0,0.0,0.0
01-07 09,Bratislava  FIR,0.0217,0.0327,0.0037,0.0,0.0,0.0
01-07 09,Bremen FIR,0.0127,0.0298,0.0,0.0,0.0,0.0
01-07 09,Brest FIR,0.0,0.0,0.0,0.0,0.0,0.0
01-07 09,Brindisi FIR,0.0259,0.0172,0.0,0.0,0.0,0.0
01-07 09,Brussels FIR,0.0,0.0,0.0,0.0,0.0,0.0
01-07 09,Bucarest FIR,0.0454,0.0859,0.0,0.0,0.0,0.0
01-07 09,Budapest FIR,0.0783,0.3396,0.1467,0.0,0.0,0.0
01-07 09,Canarias FIR,0.0,0.0,0.0002,0.0002,0.0,0.0
01-07 09,Chisinau FIR,0.0,0.4111,0.0,0.0,0.0,0.0
01-07 09,Copenhagen FIR,0.0,0.0,0.0,0.0,0.0,0.0
01-07 09,Helsinki FIR,0.0046,0.0,0.0,0.0,0.0,0.0
01-07 09,Langen FIR,0.0,0.0042,0.0,0.0,0.0,0.0
01-07 09,Lisboa FIR,0.0,0.0,0.0,0.0,0.0,0.0
01-07 09,Ljubljana FIR,0.1473,0.324,0.2351,0.0,0.0,0.0
01-07 09,London FIR,0.0,0.0,0.0,0.0,0.0,0.0
01-07 09,Madrid FIR,0.0,0.0,0.0,0.0,0.0,0.0
01-07 09,Malta FIR,0.0,0.0,0.0,0.0,0.0,0.0
01-07 09,Marseille FIR,0.0055,0.0041,0.0,0.0,0.0,0.0
01-07 09,Milano FIR,0.0597,0.0712,0.0,0.0,0.0,0.0
01-07 09,Munchen FIR,0.0046,0.0079,0.0016,0.0,0.0,0.0
01-07 09,Paris FIR,0.0,0.0,0.0,0.0,0.0,0.0
01-07 09,Polaris FIR,0.0066,0.0,0.0,0.0,0.0,0.0
01-07 09,Praha FIR,0.0,0.0,0.0041,0.0,0.0,0.0
01-07 09,Reims FIR,0.0032,0.0032,0.0,0.0,0.0,0.0
01-07 09,Reykjavik FIR,0.0314,0.2034,0.2237,0.1804,0.0905,0.002
01-07 09,Riga FIR,0.0,0.0,0.0,0.0,0.0,0.0
01-07 09,Roma FIR,0.0156,0.0191,0.0,0.0,0.0,0.0
01-07 09,Santa Maria FIR,0.0,0.0013,0.01,0.0077,0.0,0.0
01-07 09,Sarajevo FIR,0.0447,0.0749,0.0,0.0,0.0,0.0
01-07 09,Scottish FIR,0.0,0.0,0.0,0.0,0.0,0.0
01-07 09,Shannon FIR,0.0,0.0,0.0,0.0056,0.0,0.0
01-07 09,Skopje FIR,0.0,0.0,0.0,0.0,0.0,0.0
01-07 09,Sofia FIR,0.0091,0.0236,0.0,0.0,0.0,0.0
01-07 09,Sweden FIR,0.0,0.0,0.0,0.0,0.0,0.0
01-07 09,Switzerland FIR,0.0083,0.0082,0.0,0.0,0.0,0.0
01-07 09,Tallinn FIR,0.0,0.0,0.0,0.0,0.0,0.0
01-07 09,Tirana FIR,0.0,0.0,0.0,0.0,0.0,0.0
01-07 09,Vilnius FIR,0.0,0.0,0.0,0.0,0.0,0.0
01-07 09,Warszawa FIR,0.0119,0.0998,0.115,0.0,0.0,0.0
01-07 09,Wien FIR,0.0,0.0269,0.0705,0.0,0.0,0.0
01-07 09,Zagreb FIR,0.0305,0.1664,0.0578,0.0,0.0,0.0
01-07 10,Global,0.0204,0.0204,0.0187,0.0203,0.0315,0.0339
01-07 10,Europe,0.0104,0.0192,0.0065,0.0,0.0,0.0
01-07 10,European Airspace,0.0094,0.0404,0.0354,0.017,0.0064,0.0002
01-07 10,Africa Middle East,0.0,0.0001,0.0018,0.0025,0.0086,0.0229
01-07 10,East Asia,0.0228,0.0271,0.0189,0.0,0.0,0.0
01-07 10,Southeast Asia,0.0,0.0,0.0,0.0182,0.1264,0.2199
01-07 10,India,0.0,0.0,0.0,0.0019,0.0068,0.0075
01-07 10,China,0.0666,0.057,0.0241,0.0004,0.0,0.0
01-07 10,Latin America,0.0001,0.0002,0.0009,0.0012,0.0086,0.0131
01-07 10,USA,0.045,0.0169,0.0048,0.0025,0.0005,0.0
01-07 10,North Atlantic,0.0084,0.059,0.0639,0.0198,0.0023,0.0
01-07 10,North Pacific,0.0196,0.0208,0.0455,0.0565,0.0404,0.0078
01-07 10,Amsterdam FIR,0.0,0.0,0.0,0.0,0.0,0.0
01-07 10,Athinai FIR,0.0011,0.0,0.0054,0.0,0.0,0.0
01-07 10,Barcelona FIR,0.0,0.0,0.0,0.0,0.0,0.0
01-07 10,Beograd FIR,0.0442,0.0371,0.0,0.0,0.0,0.0
01-07 10,Bordeaux FIR,0.0,0.0,0.0,0.0,0.0,0.0
01-07 10,Bratislava  FIR,0.0254,0.0218,0.0109,0.0,0.0,0.0
01-07 10,Bremen FIR,0.0244,0.0369,0.0,0.0,0.0,0.0
01-07 10,Brest FIR,0.0,0.0,0.0,0.0,0.0,0.0
01-07 10,Brindisi FIR,0.0371,0.0197,0.0,0.0,0.0,0.0
01-07 10,Brussels FIR,0.0,0.0,0.0,0.0,0.0,0.0
01-07 10,Bucarest FIR,0.0614,0.0822,0.0,0.0,0.0,0.0
01-07 10,Budapest FIR,0.1905,0.3787,0.1261,0.0,0.0,0.0
01-07 10,Canarias FIR,0.0,0.0,0.0002,0.0048,0.0002,0.0
01-07 10,Chisinau FIR,0.0,0.479,0.0,0.0,0.0,0.0
01-07 10,Copenhagen FIR,0.0,0.0,0.0,0.0,0.0,0.0
01-07 10,Helsinki FIR,0.0014,0.0,0.0,0.0,0.0,0.0
01-07 10,Langen FIR,0.0,0.0117,0.0,0.0,0.0,0.0
01-07 10,Lisboa FIR,0.0,0.0,0.0,0.0,0.0,0.0
01-07 10,Ljubljana FIR,0.1079,0.2451,0.3815,0.0,0.0,0.0
01-07 10,London FIR,0.0,0.0,0.0,0.0,0.0,0.0
01-07 10,Madrid FIR,0.0,0.0,0.0,0.0,0.0,0.0
01-07 10,Malta FIR,0.0,0.0,0.0,0.0,0.0,0.0
01-07 10,Marseille FIR,0.0208,0.0048,0.0,0.0,0.0,0.0
01-07 10,Milano FIR,0.0843,0.1102,0.0022,0.0,0.0,0.0
01-07 10,Munchen FIR,0.0015,0.0719,0.0016,0.0,0.0,0.0
01-07 10,Paris FIR,0.0,0.0,0.0,0.0,0.0,0.0
01-07 10,Polaris FIR,0.0176,0.0,0.0,0.0,0.0,0.0
01-07 10,Praha FIR,0.0,0.0,0.0021,0.0,0.0,0.0
01-07 10,Reims FIR,0.0189,0.0,0.0,0.0,0.0,0.0
01-07 10,Reykjavik FIR,0.0325,0.2005,0.2134,0.1764,0.09,0.0039
01-07 10,Riga FIR,0.0,0.0,0.0,0.0,0.0,0.0
01-07 10,Roma FIR,0.0169,0.0191,0.0,0.0,0.0,0.0
01-07 10,Santa Maria FIR,0.0,0.0002,0.0048,0.0085,0.0,0.0
01-07 10,Sarajevo FIR,0.0335,0.0637,0.0,0.0,0.0,0.0
01-07 10,Scottish FIR,0.0,0.0,0.0,0.0,0.0,0.0
01-07 10,Shannon FIR,0.0,0.0,0.0042,0.009,0.0,0.0
01-07 10,Skopje FIR,0.0,0.0,0.0,0.0,0.0,0.0
01-07 10,Sofia FIR,0.0065,0.017,0.0,0.0,0.0,0.0
01-07 10,Sweden FIR,0.0,0.0,0.0,0.0,0.0,0.0
01-07 10,Switzerland FIR,0.0,0.0369,0.0,0.0,0.0,0.0
01-07 10,Tallinn FIR,0.0,0.0,0.0,0.0,0.0,0.0
01-07 10,Tirana FIR,0.0,0.0,0.0,0.0,0.0,0.0
01-07 10,Vilnius FIR,0.0,0.0,0.0,0.0,0.0,0.0
01-07 10,Warszawa FIR,0.0311,0.1208,0.1233,0.0,0.0,0.0
01-07 10,Wien FIR,0.0146,0.1142,0.1202,0.0,0.0,0.0
01-07 10,Zagreb FIR,0.027,0.142,0.0406,0.0,0.0,0.0
01-07 11,Global,0.0199,0.0201,0.0186,0.021,0.0324,0.0334
01-07 11,Europe,0.0163,0.0322,0.0068,0.0,0.0,0.0
01-07 11,European Airspace,0.0138,0.0476,0.0424,0.0192,0.0067,0.0003
01-07 11,Africa Middle East,0.0,0.0002,0.0035,0.0031,0.0096,0.0187
01-07 11,East Asia,0.0245,0.0277,0.0187,0.0,0.0,0.0
01-07 11,Southeast Asia,0.0,0.0,0.0,0.0208,0.1339,0.2276
01-07 11,India,0.0,0.0001,0.0,0.0026,0.0089,0.0098
01-07 11,China,0.0651,0.0536,0.0227,0.0004,0.0,0.0
01-07 11,Latin America,0.0001,0.0002,0.0009,0.0011,0.0095,0.0139
01-07 11,USA,0.0332,0.0111,0.0021,0.0001,0.0,0.0
01-07 11,North Atlantic,0.0077,0.0545,0.0653,0.0206,0.0023,0.0
01-07 11,North Pacific,0.0186,0.0201,0.0466,0.0569,0.0385,0.0066
01-07 11,Amsterdam FIR,0.0,0.0,0.0,0.0,0.0,0.0
01-07 11,Athinai FIR,0.0025,0.0008,0.005,0.0,0.0,0.0
01-07 11,Barcelona FIR,0.0,0.0,0.0,0.0,0.0,0.0
01-07 11,Beograd FIR,0.0617,0.0507,0.0,0.0,0.0,0.0
01-07 11,Bordeaux FIR,0.0,0.0,0.0,0.0,0.0,0.0
01-07 11,Bratislava  FIR,0.0291,0.0254,0.0146,0.0,0.0,0.0
01-07 11,Bremen FIR,0.0271,0.0324,0.0,0.0,0.0,0.0
01-07 11,Brest FIR,0.0,0.0,0.0,0.0,0.0,0.0
01-07 11,Brindisi FIR,0.0469,0.0343,0.0,0.0,0.0,0.0
01-07 11,Brussels FIR,0.0,0.0,0.0,0.0,0.0,0.0
01-07 11,Bucarest FIR,0.1267,0.0859,0.0,0.0,0.0,0.0
01-07 11,Budapest FIR,0.1917,0.358,0.1186,0.0,0.0,0.0
01-07 11,Canarias FIR,0.0,0.0,0.0012,0.012,0.0,0.0
01-07 11,Chisinau FIR,0.0248,0.4677,0.0,0.0,0.0,0.0
01-07 11,Copenhagen FIR,0.0,0.0,0.0,0.0,0.0,0.0
01-07 11,Helsinki FIR,0.0,0.0,0.0,0.0,0.0,0.0
01-07 11,Langen FIR,0.0042,0.1103,0.0,0.0,0.0,0.0
01-07 11,Lisboa FIR,0.0,0.0,0.0,0.0,0.0,0.0
01-07 11,Ljubljana FIR,0.1079,0.422,0.3814,0.0,0.0,0.0
01-07 11,London FIR,0.0,0.0,0.0,0.0,0.0,0.0
01-07 11,Madrid FIR,0.0,0.0,0.0,0.0,0.0,0.0
01-07 11,Malta FIR,0.0,0.0,0.0,0.0,0.0,0.0
01-07 11,Marseille FIR,0.042,0.0124,0.0,0.0,0.0,0.0
01-07 11,Milano FIR,0.1513,0.1482,0.0011,0.0,0.0,0.0
01-07 11,Munchen FIR,0.0109,0.2898,0.0016,0.0,0.0,0.0
01-07 11,Paris FIR,0.0,0.0011,0.0,0.0,0.0,0.0
01-07 11,Polaris FIR,0.0259,0.0,0.0,0.0,0.0,0.0
01-07 11,Praha FIR,0.0063,0.0855,0.0,0.0,0.0,0.0
01-07 11,Reims FIR,0.0281,0.0665,0.0,0.0,0.0,0.0
01-07 11,Reykjavik FIR,0.0337,0.1864,0.2087,0.1808,0.0928,0.0046
01-07 11,Riga FIR,0.0,0.0,0.0,0.0,0.0,0.0
01-07 11,Roma FIR,0.0251,0.0271,0.0,0.0,0.0,0.0
01-07 11,Santa Maria FIR,0.0,0.0001,0.0068,0.0095,0.0,0.0
01-07 11,Sarajevo FIR,0.0866,0.0898,0.0,0.0,0.0,0.0
01-07 11,Scottish FIR,0.0,0.0,0.0,0.0,0.0,0.0
01-07 11,Shannon FIR,0.0,0.0,0.02,0.0173,0.0,0.0
01-07 11,Skopje FIR,0.0,0.0,0.0,0.0,0.0,0.0
01-07 11,Sofia FIR,0.0444,0.0065,0.0,0.0,0.0,0.0
01-07 11,Sweden FIR,0.0006,0.0,0.0,0.0,0.0,0.0
01-07 11,Switzerland FIR,0.0041,0.1384,0.0,0.0,0.0,0.0
01-07 11,Tallinn FIR,0.0,0.0,0.0,0.0,0.0,0.0
01-07 11,Tirana FIR,0.0376,0.0,0.0,0.0,0.0,0.0
01-07 11,Vilnius FIR,0.0,0.0,0.0,0.0,0.0,0.0
01-07 11,Warszawa FIR,0.0691,0.1968,0.1227,0.0,0.0,0.0
01-07 11,Wien FIR,0.0313,0.1659,0.168,0.0,0.0,0.0
01-07 11,Zagreb FIR,0.0562,0.1835,0.0359,0.0,0.0,0.0
01-07 12,Global,0.0193,0.0198,0.0186,0.0216,0.0318,0.0321
01-07 12,Europe,0.0357,0.047,0.0071,0.0,0.0,0.0
01-07 12,European Airspace,0.0228,0.0576,0.0524,0.022,0.0068,0.0003
01-07 12,Africa Middle East,0.0001,0.001,0.0052,0.0046,0.0123,0.0194
01-07 12,East Asia,0.026,0.0273,0.0173,0.0,0.0,0.0
01-07 12,Southeast Asia,0.0,0.0,0.0,0.0234,0.1431,0.2354
01-07 12,India,0.0,0.0001,0.0,0.0031,0.011,0.0128
01-07 12,China,0.0616,0.0497,0.0214,0.0004,0.0,0.0
01-07 12,Latin America,0.0001,0.0004,0.0007,0.0015,0.01,0.0147
01-07 12,USA,0.0227,0.0022,0.0006,0.0001,0.0001,0.0
01-07 12,North Atlantic,0.0069,0.0548,0.0765,0.0226,0.0022,0.0
01-07 12,North Pacific,0.0175,0.0192,0.0454,0.0555,0.0341,0.0068
01-07 12,Amsterdam FIR,0.0,0.0,0.0,0.0,0.0,0.0
01-07 12,Athinai FIR,0.0072,0.0019,0.0031,0.0,0.0,0.0
01-07 12,Barcelona FIR,0.0,0.0,0.0,0.0,0.0,0.0
01-07 12,Beograd FIR,0.1232,0.0644,0.0,0.0,0.0,0.0
01-07 12,Bordeaux FIR,0.0,0.0,0.0,0.0,0.0,0.0
01-07 12,Bratislava  FIR,0.0399,0.029,0.0291,0.0,0.0,0.0
01-07 12,Bremen FIR,0.0409,0.008,0.0,0.0,0.0,0.0
01-07 12,Brest FIR,0.0,0.0,0.0,0.0,0.0,0.0
01-07 12,Brindisi FIR,0.0743,0.0564,0.0,0.0,0.0,0.0
01-07 12,Brussels FIR,0.0,0.0,0.0,0.0,0.0,0.0
01-07 12,Bucarest FIR,0.1859,0.0974,0.0,0.0,0.0,0.0
01-07 12,Budapest FIR,0.2393,0.3281,0.113,0.0,0.0,0.0
01-07 12,Canarias FIR,0.0,0.0007,0.0089,0.021,0.0,0.0
01-07 12,Chisinau FIR,0.0643,0.3783,0.0,0.0,0.0,0.0
01-07 12,Copenhagen FIR,0.0,0.0,0.0,0.0,0.0,0.0
01-07 12,Helsinki FIR,0.0004,0.0,0.0,0.0,0.0,0.0
01-07 12,Langen FIR,0.0896,0.22,0.0,0.0,0.0,0.0
01-07 12,Lisboa FIR,0.0,0.0,0.0,0.0,0.0,0.0
01-07 12,Ljubljana FIR,0.0887,0.6865,0.352,0.0,0.0,0.0
01-07 12,London FIR,0.0,0.0,0.0,0.0,0.0,0.0
01-07 12,Madrid FIR,0.0,0.0,0.0,0.0,0.0,0.0
01-07 12,Malta FIR,0.0,0.0,0.0,0.0,0.0,0.0
01-07 12,Marseille FIR,0.1135,0.0477,0.0,0.0,0.0,0.0
01-07 12,Milano FIR,0.2177,0.1765,0.0011,0.0,0.0,0.0
01-07 12,Munchen FIR,0.1232,0.4997,0.0067,0.0,0.0,0.0
01-07 12,Paris FIR,0.0522,0.0129,0.0,0.0,0.0,0.0
01-07 12,Polaris FIR,0.0225,0.0,0.0,0.0,0.0,0.0
01-07 12,Praha FIR,0.0686,0.1331,0.0,0.0,0.0,0.0
01-07 12,Reims FIR,0.1289,0.2715,0.0,0.0,0.0,0.0
01-07 12,Reykjavik FIR,0.0351,0.1896,0.2226,0.1815,0.0936,0.0044
01-07 12,Riga FIR,0.0,0.0,0.0,0.0,0.0,0.0
01-07 12,Roma FIR,0.0439,0.0307,0.0,0.0,0.0,0.0
01-07 12,Santa Maria FIR,0.0,0.0001,0.0106,0.0134,0.0001,0.0
01-07 12,Sarajevo FIR,0.169,0.1198,0.0,0.0,0.0,0.0
01-07 12,Scottish FIR,0.0,0.0,0.0,0.0,0.0,0.0
01-07 12,Shannon FIR,0.0,0.0014,0.0507,0.0214,0.0,0.0
01-07 12,Skopje FIR,0.0,0.0,0.0,0.0,0.0,0.0
01-07 12,Sofia FIR,0.103,0.0065,0.0,0.0,0.0,0.0
01-07 12,Sweden FIR,0.0058,0.0,0.0,0.0,0.0,0.0
01-07 12,Switzerland FIR,0.0451,0.1913,0.0,0.0,0.0,0.0
01-07 12,Tallinn FIR,0.0,0.0,0.0,0.0,0.0,0.0
01-07 12,Tirana FIR,0.1017,0.0,0.0,0.0,0.0,0.0
01-07 12,Vilnius FIR,0.035,0.0117,0.0,0.0,0.0,0.0
01-07 12,Warszawa FIR,0.1756,0.2741,0.1108,0.0,0.0,0.0
01-07 12,Wien FIR,0.0416,0.2321,0.2155,0.0,0.0,0.0
01-07 12,Zagreb FIR,0.1051,0.2031,0.0265,0.0,0.0,0.0
01-07 13,Global,0.0184,0.0198,0.0185,0.0207,0.0296,0.0304
01-07 13,Europe,0.0684,0.0506,0.0081,0.0,0.0,0.0
01-07 13,European Airspace,0.0311,0.0652,0.0629,0.0246,0.0073,0.0001
01-07 13,Africa Middle East,0.0,0.0021,0.0067,0.0067,0.0172,0.0259
01-07 13,East Asia,0.0264,0.0256,0.0147,0.0,0.0,0.0
01-07 13,Southeast Asia,0.0,0.0,0.0,0.0245,0.1525,0.2404
01-07 13,India,0.0,0.0001,0.0,0.0041,0.0143,0.017
01-07 13,China,0.0583,0.047,0.0199,0.0004,0.0,0.0
01-07 13,Latin America,0.0002,0.0007,0.0006,0.0017,0.009,0.0146
01-07 13,USA,0.0082,0.0015,0.0012,0.0008,0.0001,0.0
01-07 13,North Atlantic,0.0059,0.0595,0.0903,0.0259,0.0027,0.0
01-07 13,North Pacific,0.0171,0.0193,0.0437,0.0496,0.0317,0.0075
01-07 13,Amsterdam FIR,0.0,0.0,0.0,0.0,0.0,0.0
01-07 13,Athinai FIR,0.01,0.0008,0.0,0.0,0.0,0.0
01-07 13,Barcelona FIR,0.0,0.0,0.0,0.0,0.0,0.0
01-07 13,Beograd FIR,0.1622,0.0712,0.0,0.0,0.0,0.0
01-07 13,Bordeaux FIR,0.0021,0.0,0.0,0.0,0.0,0.0
01-07 13,Bratislava  FIR,0.0507,0.0363,0.0363,0.0,0.0,0.0
01-07 13,Bremen FIR,0.0793,0.0028,0.0,0.0,0.0,0.0
01-07 13,Brest FIR,0.0,0.0,0.0,0.0,0.0,0.0
01-07 13,Brindisi FIR,0.1358,0.0638,0.0,0.0,0.0,0.0
01-07 13,Brussels FIR,0.0093,0.0,0.0,0.0,0.0,0.0
01-07 13,Bucarest FIR,0.207,0.0842,0.0,0.0,0.0,0.0
01-07 13,Budapest FIR,0.3002,0.2813,0.1018,0.0,0.0,0.0
01-07 13,Canarias FIR,0.0,0.0009,0.0161,0.0282,0.0,0.0
01-07 13,Chisinau FIR,0.0894,0.3392,0.0097,0.0,0.0,0.0
01-07 13,Copenhagen FIR,0.0,0.0,0.0,0.0,0.0,0.0
01-07 13,Helsinki FIR,0.0007,0.0,0.0,0.0,0.0,0.0
01-07 13,Langen FIR,0.3268,0.2529,0.0,0.0,0.0,0.0
01-07 13,Lisboa FIR,0.0,0.0,0.0,0.0,0.0,0.0
01-07 13,Ljubljana FIR,0.1672,0.8625,0.3225,0.0,0.0,0.0
01-07 13,London FIR,0.0,0.0,0.0,0.0,0.0,0.0
01-07 13,Madrid FIR,0.0,0.0,0.0,0.0,0.0,0.0
01-07 13,Malta FIR,0.0,0.0,0.0,0.0,0.0,0.0
01-07 13,Marseille FIR,0.2224,0.0663,0.0,0.0,0.0,0.0
01-07 13,Milano FIR,0.242,0.1957,0.0054,0.0,0.0,0.0
01-07 13,Munchen FIR,0.312,0.5831,0.0564,0.0,0.0,0.0
01-07 13,Paris FIR,0.1207,0.013,0.0,0.0,0.0,0.0
01-07 13,Polaris FIR,0.0275,0.0023,0.0,0.0,0.0,0.0
01-07 13,Praha FIR,0.1459,0.0893,0.0,0.0,0.0,0.0
01-07 13,Reims FIR,0.5864,0.3087,0.0,0.0,0.0,0.0
01-07 13,Reykjavik FIR,0.0266,0.2045,0.2515,0.1858,0.0972,0.0024
01-07 13,Riga FIR,0.0,0.0,0.0,0.0,0.0,0.0
01-07 13,Roma FIR,0.0731,0.029,0.0,0.0,0.0,0.0
01-07 13,Santa Maria FIR,0.0,0.0007,0.0147,0.0152,0.0013,0.0
01-07 13,Sarajevo FIR,0.24,0.1384,0.0,0.0,0.0,0.0
01-07 13,Scottish FIR,0.0,0.0,0.0,0.0,0.0,0.0
01-07 13,Shannon FIR,0.0,0.0069,0.0904,0.0213,0.0,0.0
01-07 13,Skopje FIR,0.1217,0.0301,0.0,0.0,0.0,0.0
01-07 13,Sofia FIR,0.0902,0.013,0.0,0.0,0.0,0.0
01-07 13,Sweden FIR,0.0032,0.0,0.0,0.0,0.0,0.0
01-07 13,Switzerland FIR,0.2931,0.1789,0.0,0.0,0.0,0.0
01-07 13,Tallinn FIR,0.0,0.0,0.0,0.0,0.0,0.0
01-07 13,Tirana FIR,0.0586,0.0,0.0,0.0,0.0,0.0
01-07 13,Vilnius FIR,0.0703,0.0567,0.0,0.0,0.0,0.0
01-07 13,Warszawa FIR,0.2531,0.2603,0.1061,0.0,0.0,0.0
01-07 13,Wien FIR,0.0517,0.2697,0.2483,0.0,0.0,0.0
01-07 13,Zagreb FIR,0.2439,0.1967,0.0265,0.0,0.0,0.0
01-07 14,Global,0.0177,0.02,0.0182,0.019,0.0282,0.0294
01-07 14,Europe,0.0858,0.052,0.0093,0.0,0.0,0.0
01-07 14,European Airspace,0.0362,0.0721,0.0719,0.0278,0.0079,0.0
01-07 14,Africa Middle East,0.0,0.0033,0.0073,0.0097,0.0231,0.0329
01-07 14,East Asia,0.0254,0.0232,0.0118,0.0,0.0,0.0
01-07 14,Southeast Asia,0.0,0.0,0.0,0.0258,0.1575,0.243
01-07 14,India,0.0,0.0001,0.0,0.0047,0.0172,0.0215
01-07 14,China,0.0547,0.0439,0.0181,0.0004,0.0,0.0
01-07 14,Latin America,0.0002,0.0009,0.0005,0.0021,0.0085,0.0128
01-07 14,USA,0.0025,0.0028,0.0016,0.0007,0.0001,0.0
01-07 14,North Atlantic,0.0064,0.069,0.1016,0.0306,0.0032,0.0
01-07 14,North Pacific,0.0178,0.0195,0.0407,0.0415,0.0326,0.0067
01-07 14,Amsterdam FIR,0.0,0.0,0.0,0.0,0.0,0.0
01-07 14,Athinai FIR,0.005,0.0,0.0,0.0,0.0,0.0
01-07 14,Barcelona FIR,0.0,0.0,0.0,0.0,0.0,0.0
01-07 14,Beograd FIR,0.1517,0.0662,0.0,0.0,0.0,0.0
01-07 14,Bordeaux FIR,0.0128,0.0,0.0,0.0,0.0,0.0
01-07 14,Bratislava  FIR,0.0651,0.0327,0.029,0.0,0.0,0.0
01-07 14,Bremen FIR,0.1084,0.0347,0.0,0.0,0.0,0.0
01-07 14,Brest FIR,0.0,0.0,0.0,0.0,0.0,0.0
01-07 14,Brindisi FIR,0.1847,0.0674,0.0,0.0,0.0,0.0
01-07 14,Brussels FIR,0.1394,0.0,0.0,0.0,0.0,0.0
01-07 14,Bucarest FIR,0.2234,0.0687,0.0,0.0,0.0,0.0
01-07 14,Budapest FIR,0.3703,0.2529,0.0851,0.0,0.0,0.0
01-07 14,Canarias FIR,0.0,0.001,0.0242,0.0312,0.0018,0.0
01-07 14,Chisinau FIR,0.085,0.2654,0.0,0.0,0.0,0.0
01-07 14,Copenhagen FIR,0.0,0.0,0.0,0.0,0.0,0.0
01-07 14,Helsinki FIR,0.0073,0.0,0.0,0.0,0.0,0.0
01-07 14,Langen FIR,0.4634,0.2345,0.0,0.0,0.0,0.0
01-07 14,Lisboa FIR,0.0,0.0,0.0,0.0,0.0012,0.0
01-07 14,Ljubljana FIR,0.2947,0.9804,0.3421,0.0,0.0,0.0
01-07 14,London FIR,0.0,0.0,0.0,0.0,0.0,0.0
01-07 14,Madrid FIR,0.0,0.0,0.0003,0.0,0.0,0.0
01-07 14,Malta FIR,0.0,0.0,0.0,0.0,0.0,0.0
01-07 14,Marseille FIR,0.2898,0.0712,0.0,0.0,0.0,0.0
01-07 14,Milano FIR,0.2595,0.209,0.0196,0.0,0.0,0.0
01-07 14,Munchen FIR,0.427,0.6252,0.066,0.0,0.0,0.0
01-07 14,Paris FIR,0.119,0.0119,0.0,0.0,0.0,0.0
01-07 14,Polaris FIR,0.0435,0.0063,0.0,0.0,0.0,0.0
01-07 14,Praha FIR,0.129,0.0498,0.0,0.0,0.0,0.0
01-07 14,Reims FIR,0.8173,0.3302,0.0,0.0,0.0,0.0
01-07 14,Reykjavik FIR,0.0263,0.2048,0.279,0.2001,0.103,0.0
01-07 14,Riga FIR,0.0,0.0,0.0,0.0,0.0,0.0
01-07 14,Roma FIR,0.0866,0.0331,0.0,0.0,0.0,0.0
01-07 14,Santa Maria FIR,0.0,0.0025,0.0256,0.0202,0.0026,0.0
01-07 14,Sarajevo FIR,0.2659,0.172,0.0,0.0,0.0,0.0
01-07 14,Scottish FIR,0.0,0.0,0.0,0.0,0.0,0.0
01-07 14,Shannon FIR,0.0021,0.0584,0.1092,0.0192,0.0,0.0
01-07 14,Skopje FIR,0.2658,0.0302,0.0,0.0,0.0,0.0
01-07 14,Sofia FIR,0.0961,0.0264,0.0,0.0,0.0,0.0
01-07 14,Sweden FIR,0.0021,0.0,0.0,0.0,0.0,0.0
01-07 14,Switzerland FIR,0.3863,0.1548,0.0,0.0,0.0,0.0
01-07 14,Tallinn FIR,0.0,0.0,0.0,0.0,0.0,0.0
01-07 14,Tirana FIR,0.0053,0.0,0.0,0.0,0.0,0.0
01-07 14,Vilnius FIR,0.051,0.0549,0.0,0.0,0.0,0.0
01-07 14,Warszawa FIR,0.2942,0.2092,0.1045,0.0,0.0,0.0
01-07 14,Wien FIR,0.0558,0.3009,0.2895,0.0,0.0,0.0
01-07 14,Zagreb FIR,0.3483,0.2458,0.0265,0.0,0.0,0.0
01-07 15,Global,0.017,0.0202,0.0177,0.0178,0.0271,0.0286
01-07 15,Europe,0.0871,0.0529,0.01,0.0,0.0,0.0
01-07 15,European Airspace,0.0389,0.0763,0.0812,0.032,0.0079,0.0
01-07 15,Africa Middle East,0.0,0.0038,0.009,0.0129,0.0285,0.0387
01-07 15,East Asia,0.023,0.0214,0.0089,0.0,0.0,0.0
01-07 15,Southeast Asia,0.0,0.0,0.0,0.0245,0.1554,0.243
01-07 15,India,0.0,0.0,0.0,0.0045,0.0185,0.0244
01-07 15,China,0.0505,0.0402,0.0165,0.0004,0.0,0.0
01-07 15,Latin America,0.0001,0.0012,0.0006,0.0024,0.0084,0.0111
01-07 15,USA,0.0017,0.0047,0.0006,0.0005,0.0004,0.0006
01-07 15,North Atlantic,0.0085,0.0777,0.1113,0.0355,0.0034,0.0
01-07 15,North Pacific,0.0175,0.0187,0.0341,0.0353,0.0317,0.0046
01-07 15,Amsterdam FIR,0.0,0.0,0.0,0.0,0.0,0.0
01-07 15,Athinai FIR,0.0021,0.0004,0.0,0.0,0.0,0.0
01-07 15,Barcelona FIR,0.0,0.0,0.0,0.0,0.0,0.0
01-07 15,Beograd FIR,0.1122,0.0542,0.0,0.0,0.0,0.0
01-07 15,Bordeaux FIR,0.0245,0.0,0.0,0.0,0.0,0.0
01-07 15,Bratislava  FIR,0.0614,0.0436,0.0181,0.0,0.0,0.0
01-07 15,Bremen FIR,0.1138,0.0538,0.0,0.0,0.0,0.0
01-07 15,Brest FIR,0.0,0.0,0.0,0.0,0.0,0.0
01-07 15,Brindisi FIR,0.1711,0.0551,0.0,0.0,0.0,0.0
01-07 15,Brussels FIR,0.1763,0.0,0.0,0.0,0.0,0.0
01-07 15,Bucarest FIR,0.2341,0.0784,0.0,0.0,0.0,0.0
01-07 15,Budapest FIR,0.387,0.2597,0.0777,0.0,0.0,0.0
01-07 15,Canarias FIR,0.0,0.0,0.0502,0.0347,0.0033,0.0
01-07 15,Chisinau FIR,0.0647,0.1862,0.0,0.0,0.0,0.0
01-07 15,Copenhagen FIR,0.0,0.0,0.0,0.0,0.0,0.0
01-07 15,Helsinki FIR,0.0192,0.002,0.0,0.0,0.0,0.0
01-07 15,Langen FIR,0.4908,0.195,0.0,0.0,0.0,0.0
01-07 15,Lisboa FIR,0.0,0.0026,0.0029,0.0,0.0052,0.0
01-07 15,Ljubljana FIR,0.3832,0.9902,0.3227,0.0,0.0,0.0
01-07 15,London FIR,0.0,0.0,0.0,0.0,0.0,0.0
01-07 15,Madrid FIR,0.0,0.0052,0.0049,0.0,0.0,0.0
01-07 15,Malta FIR,0.0,0.0,0.0,0.0,0.0,0.0
01-07 15,Marseille FIR,0.3381,0.0827,0.0,0.0,0.0,0.0
01-07 15,Milano FIR,0.2212,0.2281,0.0381,0.0,0.0,0.0
01-07 15,Munchen FIR,0.438,0.5723,0.0476,0.0,0.0,0.0
01-07 15,Paris FIR,0.0962,0.0119,0.0,0.0,0.0,0.0
01-07 15,Polaris FIR,0.0635,0.0104,0.0,0.0,0.0,0.0
01-07 15,Praha FIR,0.0602,0.0436,0.0021,0.0,0.0,0.0
01-07 15,Reims FIR,0.8434,0.3272,0.0,0.0,0.0,0.0
01-07 15,Reykjavik FIR,0.0249,0.2065,0.3002,0.2285,0.0992,0.0
01-07 15,Riga FIR,0.0,0.0,0.0,0.0,0.0,0.0
01-07 15,Roma FIR,0.0903,0.0358,0.0,0.0,0.0,0.0
01-07 15,Santa Maria FIR,0.0,0.0069,0.0486,0.0288,0.0048,0.0
01-07 15,Sarajevo FIR,0.2928,0.191,0.0,0.0,0.0,0.0
01-07 15,Scottish FIR,0.0,0.0,0.0,0.0,0.0,0.0
01-07 15,Shannon FIR,0.007,0.09,0.1047,0.0165,0.0,0.0
01-07 15,Skopje FIR,0.2273,0.0302,0.0,0.0,0.0,0.0
01-07 15,Sofia FIR,0.1295,0.0449,0.0,0.0,0.0,0.0
01-07 15,Sweden FIR,0.0112,0.0003,0.0,0.0,0.0,0.0
01-07 15,Switzerland FIR,0.3256,0.1302,0.0,0.0,0.0,0.0
01-07 15,Tallinn FIR,0.0,0.0,0.0,0.0,0.0,0.0
01-07 15,Tirana FIR,0.0106,0.0,0.0,0.0,0.0,0.0
01-07 15,Vilnius FIR,0.0255,0.0098,0.0,0.0,0.0,0.0
01-07 15,Warszawa FIR,0.2922,0.2086,0.0948,0.0,0.0,0.0
01-07 15,Wien FIR,0.0393,0.3611,0.3403,0.0,0.0,0.0
01-07 15,Zagreb FIR,0.3705,0.2649,0.0265,0.0,0.0,0.0
01-07 16,Global,0.0165,0.0205,0.0173,0.0169,0.0256,0.0283
01-07 16,Europe,0.0792,0.0504,0.0107,0.0,0.0,0.0
01-07 16,European Airspace,0.0405,0.078,0.0898,0.0343,0.0075,0.0
01-07 16,Africa Middle East,0.0,0.0045,0.0097,0.0161,0.0334,0.0435
01-07 16,East Asia,0.022,0.0184,0.0068,0.0,0.0,0.0
01-07 16,Southeast Asia,0.0,0.0,0.0,0.0226,0.1484,0.2407
01-07 16,India,0.0,0.0,0.0,0.0041,0.0208,0.027
01-07 16,China,0.0467,0.0353,0.0154,0.0006,0.0,0.0
01-07 16,Latin America,0.0001,0.0009,0.0008,0.0025,0.0099,0.0117
01-07 16,USA,0.004,0.009,0.0011,0.0003,0.0011,0.0008
01-07 16,North Atlantic,0.0083,0.0805,0.1178,0.0382,0.0049,0.0
01-07 16,North Pacific,0.0153,0.0158,0.0242,0.0306,0.0299,0.004
01-07 16,Amsterdam FIR,0.0,0.0,0.0,0.0,0.0,0.0
01-07 16,Athinai FIR,0.0,0.0004,0.0,0.0,0.0,0.0
01-07 16,Barcelona FIR,0.0,0.0,0.0,0.0,0.0,0.0
01-07 16,Beograd FIR,0.1008,0.0407,0.0,0.0,0.0,0.0
01-07 16,Bordeaux FIR,0.0235,0.0,0.0,0.0,0.0,0.0
01-07 16,Bratislava  FIR,0.0254,0.0254,0.0036,0.0,0.0,0.0
01-07 16,Bremen FIR,0.1156,0.0492,0.0,0.0,0.0,0.0
01-07 16,Brest FIR,0.0,0.0,0.0,0.0,0.0,0.0
01-07 16,Brindisi FIR,0.1123,0.0465,0.0,0.0,0.0,0.0
01-07 16,Brussels FIR,0.1115,0.0,0.0,0.0,0.0,0.0
01-07 16,Bucarest FIR,0.2299,0.0816,0.0,0.0,0.0,0.0
01-07 16,Budapest FIR,0.3205,0.2019,0.0554,0.0,0.0,0.0
01-07 16,Canarias FIR,0.0,0.0003,0.0868,0.0395,0.0028,0.0
01-07 16,Chisinau FIR,0.0843,0.1663,0.0,0.0,0.0,0.0
01-07 16,Copenhagen FIR,0.0,0.0,0.0,0.0,0.0,0.0
01-07 16,Helsinki FIR,0.052,0.0045,0.0,0.0,0.0,0.0
01-07 16,Langen FIR,0.4206,0.1188,0.0,0.0,0.0,0.0
01-07 16,Lisboa FIR,0.0,0.0082,0.005,0.0,0.0162,0.0
01-07 16,Ljubljana FIR,0.4419,0.9902,0.3226,0.0,0.0,0.0
01-07 16,London FIR,0.0,0.0,0.0,0.0,0.0,0.0
01-07 16,Madrid FIR,0.0,0.0167,0.0098,0.0,0.0,0.0
01-07 16,Malta FIR,0.0,0.0,0.0,0.0,0.0,0.0
01-07 16,Marseille FIR,0.3734,0.1009,0.0,0.0,0.0,0.0
01-07 16,Milano FIR,0.1658,0.2412,0.0523,0.0,0.0,0.0
01-07 16,Munchen FIR,0.3394,0.405,0.0452,0.0,0.0,0.0
01-07 16,Paris FIR,0.0843,0.0108,0.0,0.0,0.0,0.0
01-07 16,Polaris FIR,0.0845,0.0298,0.0,0.0,0.0,0.0
01-07 16,Praha FIR,0.0626,0.0353,0.0317,0.0,0.0,0.0
01-07 16,Reims FIR,0.8344,0.318,0.0,0.0,0.0,0.0
01-07 16,Reykjavik FIR,0.0291,0.2208,0.3323,0.2565,0.0845,0.0
01-07 16,Riga FIR,0.0,0.0,0.0,0.0,0.0,0.0
01-07 16,Roma FIR,0.085,0.0299,0.0,0.0,0.0,0.0
01-07 16,Santa Maria FIR,0.0,0.0178,0.0756,0.0359,0.0096,0.0
01-07 16,Sarajevo FIR,0.3239,0.1914,0.0,0.0,0.0,0.0
01-07 16,Scottish FIR,0.0,0.0,0.0,0.0,0.0,0.0
01-07 16,Shannon FIR,0.0014,0.0736,0.0827,0.0137,0.0,0.0
01-07 16,Skopje FIR,0.257,0.0302,0.0,0.0,0.0,0.0
01-07 16,Sofia FIR,0.198,0.058,0.0,0.0,0.0,0.0
01-07 16,Sweden FIR,0.0247,0.0044,0.0,0.0,0.0,0.0
01-07 16,Switzerland FIR,0.2438,0.1139,0.0,0.0,0.0,0.0
01-07 16,Tallinn FIR,0.0,0.0,0.0,0.0,0.0,0.0
01-07 16,Tirana FIR,0.0052,0.0,0.0,0.0,0.0,0.0
01-07 16,Vilnius FIR,0.0599,0.0038,0.0,0.0,0.0,0.0
01-07 16,Warszawa FIR,0.2957,0.2496,0.0852,0.0,0.0,0.0
01-07 16,Wien FIR,0.0331,0.3881,0.3686,0.0,0.0,0.0
01-07 16,Zagreb FIR,0.3221,0.2581,0.0218,0.0,0.0,0.0
01-07 17,Global,0.0168,0.0206,0.0171,0.016,0.0247,0.0283
01-07 17,Europe,0.0708,0.0463,0.0102,0.0,0.0,0.0
01-07 17,European Airspace,0.042,0.0782,0.0925,0.035,0.0068,0.0
01-07 17,Africa Middle East,0.0,0.0044,0.0095,0.019,0.038,0.0473
01-07 17,East Asia,0.0234,0.0148,0.0052,0.0,0.0,0.0
01-07 17,Southeast Asia,0.0,0.0,0.0,0.0222,0.1436,0.2308
01-07 17,India,0.0,0.0,0.0,0.0038,0.0234,0.03
01-07 17,China,0.0438,0.0296,0.0139,0.0008,0.0,0.0
01-07 17,Latin America,0.0,0.0007,0.0012,0.0035,0.0137,0.017
01-07 17,USA,0.0091,0.0145,0.0026,0.0011,0.0015,0.001
01-07 17,North Atlantic,0.0084,0.0787,0.1161,0.0366,0.0054,0.0
01-07 17,North Pacific,0.0123,0.0106,0.0175,0.0254,0.0268,0.0033
01-07 17,Amsterdam FIR,0.0,0.0,0.0,0.0,0.0,0.0
01-07 17,Athinai FIR,0.0008,0.0004,0.0,0.0,0.0,0.0
01-07 17,Barcelona FIR,0.0,0.0,0.0,0.0,0.0,0.0
01-07 17,Beograd FIR,0.1068,0.0358,0.0,0.0,0.0,0.0
01-07 17,Bordeaux FIR,0.0181,0.0,0.0,0.0,0.0,0.0
01-07 17,Bratislava  FIR,0.0036,0.0072,0.0036,0.0,0.0,0.0
01-07 17,Bremen FIR,0.1057,0.0391,0.0,0.0,0.0,0.0
01-07 17,Brest FIR,0.0,0.0,0.0,0.0,0.0,0.0
01-07 17,Brindisi FIR,0.0595,0.0342,0.0,0.0,0.0,0.0
01-07 17,Brussels FIR,0.0697,0.0186,0.0,0.0,0.0,0.0
01-07 17,Bucarest FIR,0.2406,0.0851,0.0,0.0,0.0,0.0
01-07 17,Budapest FIR,0.2851,0.1551,0.037,0.0,0.0,0.0
01-07 17,Canarias FIR,0.0,0.0005,0.1222,0.0582,0.0021,0.0
01-07 17,Chisinau FIR,0.1595,0.1077,0.0,0.0,0.0,0.0
01-07 17,Copenhagen FIR,0.0,0.0,0.0,0.0,0.0,0.0
01-07 17,Helsinki FIR,0.1098,0.0213,0.0,0.0,0.0,0.0
01-07 17,Langen FIR,0.3491,0.0574,0.0,0.0,0.0,0.0
01-07 17,Lisboa FIR,0.0,0.0111,0.015,0.0024,0.0239,0.0
01-07 17,Ljubljana FIR,0.5205,0.9312,0.3323,0.0,0.0,0.0
01-07 17,London FIR,0.0,0.0,0.0,0.0,0.0,0.0
01-07 17,Madrid FIR,0.0,0.0207,0.0106,0.0,0.0,0.0
01-07 17,Malta FIR,0.0,0.0,0.0,0.0,0.0,0.0
01-07 17,Marseille FIR,0.3668,0.1101,0.0,0.0,0.0,0.0
01-07 17,Milano FIR,0.1473,0.2234,0.0609,0.0,0.0,0.0
01-07 17,Munchen FIR,0.2012,0.2695,0.0255,0.0,0.0,0.0
01-07 17,Paris FIR,0.0654,0.0097,0.0,0.0,0.0,0.0
01-07 17,Polaris FIR,0.0802,0.029,0.0,0.0,0.0,0.0
01-07 17,Praha FIR,0.0795,0.025,0.0889,0.0,0.0,0.0
01-07 17,Reims FIR,0.8064,0.302,0.0,0.0,0.0,0.0
01-07 17,Reykjavik FIR,0.05,0.2319,0.3621,0.2792,0.0691,0.0
01-07 17,Riga FIR,0.0,0.0,0.0,0.0,0.0,0.0
01-07 17,Roma FIR,0.076,0.0303,0.0,0.0,0.0,0.0
01-07 17,Santa Maria FIR,0.0,0.0256,0.0825,0.0396,0.0128,0.0
01-07 17,Sarajevo FIR,0.3168,0.1876,0.0,0.0,0.0,0.0
01-07 17,Scottish FIR,0.0,0.0,0.0,0.0,0.0,0.0
01-07 17,Shannon FIR,0.0,0.0212,0.0549,0.0082,0.0,0.0
01-07 17,Skopje FIR,0.2714,0.0075,0.0,0.0,0.0,0.0
01-07 17,Sofia FIR,0.2775,0.0685,0.0,0.0,0.0,0.0
01-07 17,Sweden FIR,0.0335,0.0103,0.0,0.0,0.0,0.0
01-07 17,Switzerland FIR,0.1952,0.1227,0.0,0.0,0.0,0.0
01-07 17,Tallinn FIR,0.0,0.0,0.0,0.0,0.0,0.0
01-07 17,Tirana FIR,0.0157,0.0,0.0,0.0,0.0,0.0
01-07 17,Vilnius FIR,0.0518,0.0058,0.0,0.0,0.0,0.0
01-07 17,Warszawa FIR,0.3261,0.2677,0.0767,0.0,0.0,0.0
01-07 17,Wien FIR,0.0537,0.4397,0.3482,0.0,0.0,0.0
01-07 17,Zagreb FIR,0.3294,0.2457,0.0125,0.0,0.0,0.0
01-07 18,Global,0.0176,0.0208,0.0174,0.0158,0.0244,0.0278
01-07 18,Europe,0.0685,0.0425,0.0088,0.0,0.0,0.0
01-07 18,European Airspace,0.0459,0.08,0.0918,0.0351,0.0065,0.0
01-07 18,Africa Middle East,0.0,0.0046,0.0092,0.0205,0.0401,0.0503
01-07 18,East Asia,0.0214,0.0118,0.0033,0.0,0.0,0.0
01-07 18,Southeast Asia,0.0,0.0,0.0,0.0193,0.1332,0.2112
01-07 18,India,0.0,0.0,0.0,0.0034,0.0248,0.0345
01-07 18,China,0.0374,0.0247,0.0124,0.0011,0.0,0.0
01-07 18,Latin America,0.0001,0.0013,0.0024,0.0056,0.0213,0.0232
01-07 18,USA,0.0184,0.0203,0.0039,0.0057,0.0057,0.0023
01-07 18,North Atlantic,0.0122,0.0777,0.1052,0.0326,0.0056,0.0
01-07 18,North Pacific,0.0079,0.0088,0.0196,0.023,0.0233,0.0026
01-07 18,Amsterdam FIR,0.0,0.0,0.0,0.0,0.0,0.0
01-07 18,Athinai FIR,0.0008,0.0,0.0,0.0,0.0,0.0
01-07 18,Barcelona FIR,0.0,0.0,0.0,0.0,0.0,0.0
01-07 18,Beograd FIR,0.1279,0.0496,0.0,0.0,0.0,0.0
01-07 18,Bordeaux FIR,0.018,0.0,0.0,0.0,0.0,0.0
01-07 18,Bratislava  FIR,0.0145,0.0036,0.0,0.0,0.0,0.0
01-07 18,Bremen FIR,0.0465,0.0246,0.0,0.0,0.0,0.0
01-07 18,Brest FIR,0.0,0.0,0.0,0.0,0.0,0.0
01-07 18,Brindisi FIR,0.0643,0.0244,0.0,0.0,0.0,0.0
01-07 18,Brussels FIR,0.065,0.0233,0.0,0.0,0.0,0.0
01-07 18,Bucarest FIR,0.3059,0.088,0.0,0.0,0.0,0.0
01-07 18,Budapest FIR,0.2665,0.1312,0.0296,0.0,0.0,0.0
01-07 18,Canarias FIR,0.0,0.0007,0.1466,0.0757,0.0011,0.0
01-07 18,Chisinau FIR,0.2252,0.0691,0.0,0.0,0.0,0.0
01-07 18,Copenhagen FIR,0.0,0.0,0.0,0.0,0.0,0.0
01-07 18,Helsinki FIR,0.1693,0.0332,0.0,0.0,0.0,0.0
01-07 18,Langen FIR,0.2911,0.0375,0.0,0.0,0.0,0.0
01-07 18,Lisboa FIR,0.0,0.0099,0.0393,0.0141,0.0378,0.0
01-07 18,Ljubljana FIR,0.5693,0.8526,0.2832,0.0,0.0,0.0
01-07 18,London FIR,0.0,0.0,0.0,0.0,0.0,0.0
01-07 18,Madrid FIR,0.0,0.0133,0.0069,0.0,0.0,0.0
01-07 18,Malta FIR,0.0,0.0,0.0,0.0,0.0,0.0
01-07 18,Marseille FIR,0.3954,0.1294,0.0,0.0,0.0,0.0
01-07 18,Milano FIR,0.1851,0.2335,0.0576,0.0,0.0,0.0
01-07 18,Munchen FIR,0.1062,0.1867,0.0142,0.0,0.0,0.0
01-07 18,Paris FIR,0.0666,0.0108,0.0,0.0,0.0,0.0
01-07 18,Polaris FIR,0.0239,0.0038,0.0,0.0,0.0,0.0
01-07 18,Praha FIR,0.0731,0.0188,0.1226,0.0,0.0,0.0
01-07 18,Reims FIR,0.7938,0.2735,0.0,0.0,0.0,0.0
01-07 18,Reykjavik FIR,0.0667,0.2639,0.3951,0.2836,0.0529,0.0
01-07 18,Riga FIR,0.0,0.0,0.0,0.0,0.0,0.0
01-07 18,Roma FIR,0.0599,0.0326,0.0,0.0,0.0,0.0
01-07 18,Santa Maria FIR,0.0,0.0302,0.0846,0.04,0.0157,0.0
01-07 18,Sarajevo FIR,0.3357,0.1352,0.0,0.0,0.0,0.0
01-07 18,Scottish FIR,0.0,0.0,0.0,0.0,0.0,0.0
01-07 18,Shannon FIR,0.0,0.0082,0.0232,0.0014,0.0,0.0
01-07 18,Skopje FIR,0.2485,0.0225,0.0,0.0,0.0,0.0
01-07 18,Sofia FIR,0.3215,0.0944,0.0,0.0,0.0,0.0
01-07 18,Sweden FIR,0.046,0.0166,0.0,0.0,0.0,0.0
01-07 18,Switzerland FIR,0.1873,0.1593,0.0,0.0,0.0,0.0
01-07 18,Tallinn FIR,0.0,0.0,0.0,0.0,0.0,0.0
01-07 18,Tirana FIR,0.021,0.0,0.0,0.0,0.0,0.0
01-07 18,Vilnius FIR,0.0234,0.0078,0.0,0.0,0.0,0.0
01-07 18,Warszawa FIR,0.324,0.275,0.0649,0.0,0.0,0.0
01-07 18,Wien FIR,0.0867,0.4584,0.2804,0.0,0.0,0.0
01-07 18,Zagreb FIR,0.4026,0.2097,0.0047,0.0,0.0,0.0
01-07 19,Global,0.0187,0.0213,0.0181,0.017,0.0244,0.0267
01-07 19,Europe,0.0679,0.0418,0.0091,0.0,0.0,0.0
01-07 19,European Airspace,0.0493,0.0846,0.0928,0.0367,0.0059,0.0
01-07 19,Africa Middle East,0.0,0.0048,0.0094,0.0222,0.0407,0.0534
01-07 19,East Asia,0.017,0.006,0.0009,0.0,0.0,0.0
01-07 19,Southeast Asia,0.0,0.0,0.0,0.0166,0.1122,0.1746
01-07 19,India,0.0,0.0,0.0,0.0034,0.026,0.0381
01-07 19,China,0.0276,0.0185,0.0102,0.0012,0.0,0.0
01-07 19,Latin America,0.0002,0.0027,0.0057,0.0096,0.0281,0.0273
01-07 19,USA,0.0318,0.0266,0.007,0.0151,0.0164,0.0056
01-07 19,North Atlantic,0.0178,0.0794,0.1,0.03,0.0051,0.0
01-07 19,North Pacific,0.0065,0.0092,0.0245,0.0253,0.0223,0.0027
01-07 19,Amsterdam FIR,0.0,0.0,0.0,0.0,0.0,0.0
01-07 19,Athinai FIR,0.0014,0.0,0.0,0.0,0.0,0.0
01-07 19,Barcelona FIR,0.0,0.0,0.0,0.0,0.0,0.0
01-07 19,Beograd FIR,0.1178,0.0685,0.0,0.0,0.0,0.0
01-07 19,Bordeaux FIR,0.0116,0.0,0.0,0.0,0.0,0.0
01-07 19,Bratislava  FIR,0.0,0.0,0.0,0.0,0.0,0.0
01-07 19,Bremen FIR,0.0126,0.0045,0.0,0.0,0.0,0.0
01-07 19,Brest FIR,0.0,0.0,0.0,0.0,0.0,0.0
01-07 19,Brindisi FIR,0.0912,0.0121,0.0,0.0,0.0,0.0
01-07 19,Brussels FIR,0.0419,0.0233,0.0,0.0,0.0,0.0
01-07 19,Bucarest FIR,0.3185,0.1289,0.0,0.0,0.0,0.0
01-07 19,Budapest FIR,0.2519,0.1071,0.0296,0.0,0.0,0.0
01-07 19,Canarias FIR,0.0,0.0007,0.1551,0.0854,0.0011,0.0
01-07 19,Chisinau FIR,0.301,0.0695,0.0,0.0,0.0,0.0
01-07 19,Copenhagen FIR,0.0,0.0,0.0,0.0,0.0,0.0
01-07 19,Helsinki FIR,0.2029,0.0245,0.0,0.0,0.0,0.0
01-07 19,Langen FIR,0.1674,0.0575,0.0,0.0,0.0,0.0
01-07 19,Lisboa FIR,0.0,0.0287,0.0494,0.0227,0.0415,0.0
01-07 19,Ljubljana FIR,0.6176,0.7245,0.2537,0.0,0.0,0.0
01-07 19,London FIR,0.0,0.0,0.0,0.0,0.0,0.0
01-07 19,Madrid FIR,0.0,0.0112,0.0042,0.0,0.0,0.0
01-07 19,Malta FIR,0.0,0.0,0.0,0.0,0.0,0.0
01-07 19,Marseille FIR,0.4347,0.1449,0.0,0.0,0.0,0.0
01-07 19,Milano FIR,0.2312,0.2512,0.0543,0.0,0.0,0.0
01-07 19,Munchen FIR,0.0611,0.158,0.0031,0.0,0.0,0.0
01-07 19,Paris FIR,0.0558,0.0129,0.0,0.0,0.0,0.0
01-07 19,Polaris FIR,0.0033,0.0,0.0,0.0,0.0,0.0
01-07 19,Praha FIR,0.0458,0.0126,0.188,0.0,0.0,0.0
01-07 19,Reims FIR,0.8283,0.2671,0.0,0.0,0.0,0.0
01-07 19,Reykjavik FIR,0.0615,0.3196,0.4392,0.2873,0.0433,0.0
01-07 19,Riga FIR,0.0,0.0,0.0,0.0,0.0,0.0
01-07 19,Roma FIR,0.0538,0.0308,0.0,0.0,0.0,0.0
01-07 19,Santa Maria FIR,0.0008,0.0334,0.0846,0.0437,0.0151,0.0
01-07 19,Sarajevo FIR,0.3317,0.0453,0.0,0.0,0.0,0.0
01-07 19,Scottish FIR,0.0,0.0,0.0,0.0,0.0,0.0
01-07 19,Shannon FIR,0.0,0.002,0.0027,0.0,0.0,0.0
01-07 19,Skopje FIR,0.2258,0.015,0.0,0.0,0.0,0.0
01-07 19,Sofia FIR,0.2602,0.0943,0.0,0.0,0.0,0.0
01-07 19,Sweden FIR,0.0769,0.0484,0.0,0.0,0.0,0.0
01-07 19,Switzerland FIR,0.2359,0.228,0.0,0.0,0.0,0.0
01-07 19,Tallinn FIR,0.0,0.0,0.0,0.0,0.0,0.0
01-07 19,Tirana FIR,0.0105,0.0,0.0,0.0,0.0,0.0
01-07 19,Vilnius FIR,0.0527,0.0489,0.0,0.0,0.0,0.0
01-07 19,Warszawa FIR,0.3093,0.2744,0.0542,0.0,0.0,0.0
01-07 19,Wien FIR,0.13,0.4666,0.2207,0.0,0.0,0.0
01-07 19,Zagreb FIR,0.4448,0.1747,0.0015,0.0,0.0,0.0
01-07 20,Global,0.0193,0.0217,0.0186,0.0177,0.0243,0.0258
01-07 20,Europe,0.0694,0.0414,0.0065,0.0,0.0,0.0
01-07 20,European Airspace,0.052,0.0873,0.0955,0.0382,0.005,0.0
01-07 20,Africa Middle East,0.0,0.0048,0.0104,0.0244,0.0405,0.056
01-07 20,East Asia,0.0088,0.0006,0.0,0.0,0.0,0.0
01-07 20,Southeast Asia,0.0,0.0,0.0,0.0129,0.077,0.1228
01-07 20,India,0.0,0.0,0.0,0.0035,0.0263,0.0392
01-07 20,China,0.0164,0.0133,0.0085,0.0011,0.0,0.0
01-07 20,Latin America,0.0003,0.0064,0.0096,0.0113,0.032,0.0301
01-07 20,USA,0.0459,0.0341,0.0112,0.021,0.0257,0.0101
01-07 20,North Atlantic,0.0227,0.0809,0.0958,0.0269,0.0049,0.0
01-07 20,North Pacific,0.0049,0.0103,0.0291,0.0291,0.0235,0.003
01-07 20,Amsterdam FIR,0.0,0.0,0.0,0.0,0.0,0.0
01-07 20,Athinai FIR,0.0021,0.0,0.0,0.0,0.0,0.0
01-07 20,Barcelona FIR,0.0,0.0,0.0,0.0,0.0,0.0
01-07 20,Beograd FIR,0.1261,0.089,0.0,0.0,0.0,0.0
01-07 20,Bordeaux FIR,0.0094,0.0,0.0,0.0,0.0,0.0
01-07 20,Bratislava  FIR,0.0,0.0,0.0,0.0,0.0,0.0
01-07 20,Bremen FIR,0.0063,0.0,0.0,0.0,0.0,0.0
01-07 20,Brest FIR,0.0,0.0,0.0,0.0,0.0,0.0
01-07 20,Brindisi FIR,0.112,0.0024,0.0,0.0,0.0,0.0
01-07 20,Brussels FIR,0.0651,0.0233,0.0,0.0,0.0,0.0
01-07 20,Bucarest FIR,0.3231,0.161,0.0,0.0,0.0,0.0
01-07 20,Budapest FIR,0.1558,0.0775,0.0185,0.0,0.0,0.0
01-07 20,Canarias FIR,0.0,0.0005,0.1473,0.0978,0.0002,0.0
01-07 20,Chisinau FIR,0.3358,0.0749,0.0,0.0,0.0,0.0
01-07 20,Copenhagen FIR,0.0,0.0,0.0,0.0,0.0,0.0
01-07 20,Helsinki FIR,0.1961,0.0175,0.0,0.0,0.0,0.0
01-07 20,Langen FIR,0.1864,0.093,0.0,0.0,0.0,0.0
01-07 20,Lisboa FIR,0.0,0.0384,0.054,0.0314,0.0518,0.0
01-07 20,Ljubljana FIR,0.6281,0.6068,0.2147,0.0,0.0,0.0
01-07 20,London FIR,0.0,0.0,0.0,0.0,0.0,0.0
01-07 20,Madrid FIR,0.0,0.0021,0.0,0.003,0.0037,0.0
01-07 20,Malta FIR,0.0,0.0,0.0,0.0,0.0,0.0
01-07 20,Marseille FIR,0.4709,0.1544,0.0,0.0,0.0,0.0
01-07 20,Milano FIR,0.2495,0.2768,0.0413,0.0,0.0,0.0
01-07 20,Munchen FIR,0.0618,0.1567,0.0,0.0,0.0,0.0
01-07 20,Paris FIR,0.0515,0.0261,0.0,0.0,0.0,0.0
01-07 20,Polaris FIR,0.0059,0.0002,0.0,0.0,0.0,0.0
01-07 20,Praha FIR,0.0021,0.019,0.1942,0.0,0.0,0.0
01-07 20,Reims FIR,0.8934,0.2544,0.0,0.0,0.0,0.0
01-07 20,Reykjavik FIR,0.0687,0.3406,0.4915,0.282,0.0379,0.0
01-07 20,Riga FIR,0.0,0.0,0.0,0.0,0.0,0.0
01-07 20,Roma FIR,0.0538,0.0299,0.0,0.0,0.0,0.0
01-07 20,Santa Maria FIR,0.0013,0.0398,0.0901,0.041,0.009,0.0
01-07 20,Sarajevo FIR,0.2615,0.037,0.0,0.0,0.0,0.0
01-07 20,Scottish FIR,0.0,0.0,0.0,0.0,0.0,0.0
01-07 20,Shannon FIR,0.0,0.0,0.0,0.0,0.0,0.0
01-07 20,Skopje FIR,0.1808,0.0,0.0,0.0,0.0,0.0
01-07 20,Sofia FIR,0.2723,0.0994,0.0,0.0,0.0,0.0
01-07 20,Sweden FIR,0.0937,0.0786,0.0,0.0,0.0,0.0
01-07 20,Switzerland FIR,0.3372,0.2928,0.0,0.0,0.0,0.0
01-07 20,Tallinn FIR,0.0,0.0,0.0,0.0,0.0,0.0
01-07 20,Tirana FIR,0.0052,0.0,0.0,0.0,0.0,0.0
01-07 20,Vilnius FIR,0.0781,0.0626,0.0,0.0,0.0,0.0
01-07 20,Warszawa FIR,0.2623,0.2508,0.0487,0.0,0.0,0.0
01-07 20,Wien FIR,0.1259,0.4827,0.1462,0.0,0.0,0.0
01-07 20,Zagreb FIR,0.4554,0.1237,0.0,0.0,0.0,0.0
01-07 21,Global,0.0192,0.0225,0.0192,0.0183,0.0243,0.0251
01-07 21,Europe,0.069,0.0389,0.0062,0.0001,0.0003,0.0
01-07 21,European Airspace,0.0517,0.0895,0.0987,0.0406,0.0039,0.0
01-07 21,Africa Middle East,0.0001,0.0046,0.0113,0.025,0.0393,0.0574
01-07 21,East Asia,0.0013,0.0,0.0,0.0,0.0,0.0
01-07 21,Southeast Asia,0.0,0.0,0.0,0.0078,0.0429,0.0847
01-07 21,India,0.0,0.0,0.0,0.0036,0.0239,0.04
01-07 21,China,0.0078,0.0124,0.0072,0.0008,0.0,0.0
01-07 21,Latin America,0.0009,0.0119,0.0118,0.0117,0.0341,0.0312
01-07 21,USA,0.0543,0.0422,0.0176,0.0246,0.035,0.0129
01-07 21,North Atlantic,0.0287,0.0833,0.094,0.0254,0.0038,0.0
01-07 21,North Pacific,0.0036,0.0118,0.0351,0.0332,0.0276,0.0033
01-07 21,Amsterdam FIR,0.0,0.0,0.0,0.0,0.0,0.0
01-07 21,Athinai FIR,0.0021,0.0,0.0,0.0,0.0,0.0
01-07 21,Barcelona FIR,0.0,0.0,0.0,0.0,0.0,0.0
01-07 21,Beograd FIR,0.1757,0.0955,0.0,0.0,0.0,0.0
01-07 21,Bordeaux FIR,0.0138,0.0,0.0,0.0,0.0,0.0
01-07 21,Bratislava  FIR,0.0,0.0,0.0,0.0,0.0,0.0
01-07 21,Bremen FIR,0.0,0.0,0.0,0.0,0.0,0.0
01-07 21,Brest FIR,0.0,0.0,0.0,0.0,0.0,0.0
01-07 21,Brindisi FIR,0.1242,0.0,0.0,0.0,0.0,0.0
01-07 21,Brussels FIR,0.1068,0.0233,0.0,0.0,0.0,0.0
01-07 21,Bucarest FIR,0.2855,0.1583,0.0,0.0,0.0,0.0
01-07 21,Budapest FIR,0.106,0.0666,0.0111,0.0,0.0,0.0
01-07 21,Canarias FIR,0.0,0.0011,0.1381,0.1077,0.0,0.0
01-07 21,Chisinau FIR,0.1754,0.1004,0.0,0.0,0.0,0.0
01-07 21,Copenhagen FIR,0.0,0.0,0.0,0.0,0.0,0.0
01-07 21,Helsinki FIR,0.1896,0.0288,0.0,0.0,0.0,0.0
01-07 21,Langen FIR,0.2657,0.1239,0.0,0.0,0.0,0.0
01-07 21,Lisboa FIR,0.0,0.0462,0.0676,0.0553,0.0563,0.0
01-07 21,Ljubljana FIR,0.5008,0.4791,0.2246,0.0,0.0,0.0
01-07 21,London FIR,0.0,0.0,0.0,0.0,0.0,0.0
01-07 21,Madrid FIR,0.0,0.0061,0.0006,0.0076,0.0061,0.0
01-07 21,Malta FIR,0.0,0.0,0.0,0.0,0.0,0.0
01-07 21,Marseille FIR,0.467,0.1544,0.0,0.0,0.0,0.0
01-07 21,Milano FIR,0.2469,0.3114,0.0413,0.0,0.0,0.0
01-07 21,Munchen FIR,0.1162,0.1416,0.0,0.0,0.0,0.0
01-07 21,Paris FIR,0.05,0.0283,0.0,0.0,0.0,0.0
01-07 21,Polaris FIR,0.0024,0.0039,0.0,0.0,0.0,0.0
01-07 21,Praha FIR,0.0126,0.0339,0.1903,0.0,0.0,0.0
01-07 21,Reims FIR,0.8873,0.2612,0.0,0.0,0.0,0.0
01-07 21,Reykjavik FIR,0.0761,0.3592,0.498,0.2727,0.0344,0.0
01-07 21,Riga FIR,0.0,0.0,0.0,0.0,0.0,0.0
01-07 21,Roma FIR,0.0751,0.0268,0.0,0.0,0.0,0.0
01-07 21,Santa Maria FIR,0.001,0.0477,0.0973,0.0406,0.0027,0.0
01-07 21,Sarajevo FIR,0.1376,0.0517,0.0,0.0,0.0,0.0
01-07 21,Scottish FIR,0.0,0.0,0.0,0.0,0.0,0.0
01-07 21,Shannon FIR,0.0,0.0,0.0,0.0,0.0,0.0
01-07 21,Skopje FIR,0.2564,0.0075,0.0,0.0,0.0,0.0
01-07 21,Sofia FIR,0.2605,0.0587,0.0,0.0,0.0,0.0
01-07 21,Sweden FIR,0.1147,0.0811,0.0,0.0,0.0,0.0
01-07 21,Switzerland FIR,0.3933,0.2883,0.0,0.0,0.0,0.0
01-07 21,Tallinn FIR,0.0,0.0,0.0,0.0,0.0,0.0
01-07 21,Tirana FIR,0.0105,0.0,0.0,0.0,0.0,0.0
01-07 21,Vilnius FIR,0.0431,0.0432,0.0,0.0,0.0,0.0
01-07 21,Warszawa FIR,0.2222,0.2145,0.0423,0.0,0.0,0.0
01-07 21,Wien FIR,0.1027,0.3227,0.0885,0.0,0.0,0.0
01-07 21,Zagreb FIR,0.3194,0.0809,0.0,0.0,0.0,0.0
01-07 22,Global,0.0191,0.0227,0.0203,0.0192,0.0259,0.0256
01-07 22,Europe,0.0763,0.0413,0.0061,0.0003,0.0007,0.0
01-07 22,European Airspace,0.0527,0.0882,0.0996,0.0434,0.0035,0.0
01-07 22,Africa Middle East,0.0,0.0042,0.0121,0.0249,0.0415,0.0594
01-07 22,East Asia,0.0001,0.0,0.0,0.0,0.0,0.0
01-07 22,Southeast Asia,0.0,0.0,0.0,0.0024,0.0249,0.0697
01-07 22,India,0.0,0.0,0.0,0.0042,0.0209,0.0368
01-07 22,China,0.0074,0.0114,0.0056,0.0004,0.0,0.0
01-07 22,Latin America,0.0016,0.013,0.0125,0.012,0.0374,0.0324
01-07 22,USA,0.0562,0.0481,0.0233,0.0274,0.0414,0.0146
01-07 22,North Atlantic,0.037,0.0806,0.094,0.0266,0.0025,0.0
01-07 22,North Pacific,0.0032,0.0147,0.0412,0.0394,0.0323,0.0038
01-07 22,Amsterdam FIR,0.0,0.0,0.0,0.0,0.0,0.0
01-07 22,Athinai FIR,0.0004,0.0,0.0,0.0,0.0,0.0
01-07 22,Barcelona FIR,0.0,0.0,0.0,0.0,0.0,0.0
01-07 22,Beograd FIR,0.2895,0.1091,0.0,0.0,0.0,0.0
01-07 22,Bordeaux FIR,0.0387,0.0,0.0,0.0,0.0,0.0
01-07 22,Bratislava  FIR,0.0,0.0,0.0,0.0,0.0,0.0
01-07 22,Bremen FIR,0.0018,0.0028,0.0,0.0,0.0,0.0
01-07 22,Brest FIR,0.0,0.0,0.0,0.0,0.0,0.0
01-07 22,Brindisi FIR,0.1339,0.0,0.0,0.0,0.0,0.0
01-07 22,Brussels FIR,0.0512,0.0186,0.0,0.0,0.0,0.0
01-07 22,Bucarest FIR,0.2984,0.1707,0.0,0.0,0.0,0.0
01-07 22,Budapest FIR,0.1101,0.0483,0.0056,0.0,0.0,0.0
01-07 22,Canarias FIR,0.0,0.0062,0.1406,0.113,0.0,0.0
01-07 22,Chisinau FIR,0.1256,0.1856,0.0,0.0,0.0,0.0
01-07 22,Copenhagen FIR,0.0,0.0,0.0,0.0,0.0,0.0
01-07 22,Helsinki FIR,0.1858,0.0363,0.0,0.0,0.0,0.0
01-07 22,Langen FIR,0.351,0.1326,0.0,0.0,0.0,0.0
01-07 22,Lisboa FIR,0.0,0.0416,0.075,0.0818,0.0481,0.0
01-07 22,Ljubljana FIR,0.5394,0.3906,0.2051,0.0,0.0,0.0
01-07 22,London FIR,0.0,0.0,0.0,0.0,0.0,0.0
01-07 22,Madrid FIR,0.0,0.01,0.0015,0.0055,0.008,0.0
01-07 22,Malta FIR,0.0,0.0215,0.0,0.0,0.0,0.0
01-07 22,Marseille FIR,0.4334,0.1292,0.0,0.0,0.0,0.0
01-07 22,Milano FIR,0.2248,0.3334,0.0424,0.0,0.0,0.0
01-07 22,Munchen FIR,0.3395,0.1924,0.0017,0.0,0.0,0.0
01-07 22,Paris FIR,0.0763,0.0327,0.0,0.0,0.0,0.0
01-07 22,Polaris FIR,0.0045,0.0087,0.0015,0.0,0.0,0.0
01-07 22,Praha FIR,0.0754,0.0485,0.1671,0.0,0.0,0.0
01-07 22,Reims FIR,0.9158,0.2708,0.0,0.0,0.0,0.0
01-07 22,Reykjavik FIR,0.0841,0.3576,0.5119,0.2789,0.0353,0.0
01-07 22,Riga FIR,0.0,0.0,0.0,0.0,0.0,0.0
01-07 22,Roma FIR,0.1087,0.0247,0.0,0.0,0.0,0.0
01-07 22,Santa Maria FIR,0.0041,0.0477,0.1,0.0461,0.0004,0.0
01-07 22,Sarajevo FIR,0.2388,0.0852,0.0,0.0,0.0,0.0
01-07 22,Scottish FIR,0.0,0.0,0.0,0.0,0.0,0.0
01-07 22,Shannon FIR,0.0,0.0,0.0,0.0,0.0,0.0
01-07 22,Skopje FIR,0.4529,0.0302,0.0,0.0,0.0,0.0
01-07 22,Sofia FIR,0.2499,0.0455,0.0,0.0,0.0,0.0
01-07 22,Sweden FIR,0.0885,0.0426,0.0,0.0,0.0,0.0
01-07 22,Switzerland FIR,0.3966,0.2955,0.0,0.0,0.0,0.0
01-07 22,Tallinn FIR,0.0,0.0,0.0,0.0,0.0,0.0
01-07 22,Tirana FIR,0.0159,0.0052,0.0,0.0,0.0,0.0
01-07 22,Vilnius FIR,0.0039,0.0315,0.0,0.0,0.0,0.0
01-07 22,Warszawa FIR,0.2107,0.2047,0.0323,0.0,0.0,0.0
01-07 22,Wien FIR,0.121,0.3391,0.0662,0.0,0.0,0.0
01-07 22,Zagreb FIR,0.2077,0.0557,0.0,0.0,0.0,0.0
01-07 23,Global,0.0189,0.0232,0.0218,0.0204,0.0266,0.0255
01-07 23,Europe,0.0832,0.0438,0.0055,0.0001,0.0001,0.0
01-07 23,European Airspace,0.0513,0.0878,0.1042,0.0463,0.0034,0.0
01-07 23,Africa Middle East,0.0,0.0052,0.0142,0.025,0.0391,0.0565
01-07 23,East Asia,0.0,0.0,0.0,0.0,0.0,0.0
01-07 23,Southeast Asia,0.0,0.0,0.0,0.0012,0.0163,0.0719
01-07 23,India,0.0,0.0,0.0,0.0039,0.0162,0.0248
01-07 23,China,0.0072,0.0098,0.0042,0.0001,0.0,0.0
01-07 23,Latin America,0.0022,0.0127,0.0133,0.013,0.0383,0.0308
01-07 23,USA,0.0544,0.0491,0.0252,0.0296,0.0425,0.0143
01-07 23,North Atlantic,0.0456,0.0816,0.0977,0.0303,0.0016,0.0
01-07 23,North Pacific,0.0043,0.0192,0.0475,0.044,0.0355,0.0035
01-07 23,Amsterdam FIR,0.0,0.0,0.0,0.0,0.0,0.0
01-07 23,Athinai FIR,0.0,0.0113,0.0066,0.0,0.0,0.0
01-07 23,Barcelona FIR,0.0,0.0,0.0,0.0,0.0,0.0
01-07 23,Beograd FIR,0.3152,0.1055,0.0,0.0,0.0,0.0
01-07 23,Bordeaux FIR,0.0558,0.0,0.0,0.0,0.0,0.0
01-07 23,Bratislava  FIR,0.0036,0.0,0.0,0.0,0.0,0.0
01-07 23,Bremen FIR,0.0064,0.0083,0.0,0.0,0.0,0.0
01-07 23,Brest FIR,0.0,0.0,0.0,0.0,0.0,0.0
01-07 23,Brindisi FIR,0.1243,0.0061,0.0,0.0,0.0,0.0
01-07 23,Brussels FIR,0.028,0.0186,0.0,0.0,0.0,0.0
01-07 23,Bucarest FIR,0.3076,0.1762,0.0,0.0,0.0,0.0
01-07 23,Budapest FIR,0.1307,0.0802,0.0019,0.0,0.0,0.0
01-07 23,Canarias FIR,0.0,0.0095,0.1383,0.1151,0.0,0.0
01-07 23,Chisinau FIR,0.1006,0.1652,0.0,0.0,0.0,0.0
01-07 23,Copenhagen FIR,0.0,0.0,0.0,0.0,0.0,0.0
01-07 23,Helsinki FIR,0.1861,0.0,0.0,0.0,0.0,0.0
01-07 23,Langen FIR,0.4515,0.1466,0.0,0.0,0.0,0.0
01-07 23,Lisboa FIR,0.0,0.0545,0.1109,0.1088,0.0391,0.0
01-07 23,Ljubljana FIR,0.5194,0.4491,0.1759,0.0,0.0,0.0
01-07 23,London FIR,0.0,0.0,0.0,0.0,0.0,0.0
01-07 23,Madrid FIR,0.0,0.0003,0.0003,0.0,0.0,0.0
01-07 23,Malta FIR,0.0,0.057,0.0022,0.0,0.0,0.0
01-07 23,Marseille FIR,0.3626,0.0965,0.0,0.0,0.0,0.0
01-07 23,Milano FIR,0.2731,0.3481,0.0446,0.0,0.0,0.0
01-07 23,Munchen FIR,0.4859,0.301,0.0067,0.0,0.0,0.0
01-07 23,Paris FIR,0.1134,0.0304,0.0,0.0,0.0,0.0
01-07 23,Polaris FIR,0.0,0.014,0.0032,0.0,0.0,0.0
01-07 23,Praha FIR,0.1615,0.0759,0.1314,0.0,0.0,0.0
01-07 23,Reims FIR,0.9407,0.28,0.0,0.0,0.0,0.0
01-07 23,Reykjavik FIR,0.0697,0.3686,0.5306,0.2935,0.0364,0.0
01-07 23,Riga FIR,0.0,0.0,0.0,0.0,0.0,0.0
01-07 23,Roma FIR,0.1146,0.0274,0.0,0.0,0.0,0.0
01-07 23,Santa Maria FIR,0.005,0.059,0.1043,0.0456,0.0,0.0
01-07 23,Sarajevo FIR,0.3814,0.1076,0.0,0.0,0.0,0.0
01-07 23,Scottish FIR,0.0,0.0,0.0,0.0,0.0,0.0
01-07 23,Shannon FIR,0.0,0.0051,0.005,0.0,0.0,0.0
01-07 23,Skopje FIR,0.521,0.0528,0.0,0.0,0.0,0.0
01-07 23,Sofia FIR,0.246,0.0482,0.0,0.0,0.0,0.0
01-07 23,Sweden FIR,0.0584,0.0038,0.0,0.0,0.0,0.0
01-07 23,Switzerland FIR,0.3558,0.299,0.0,0.0,0.0,0.0
01-07 23,Tallinn FIR,0.0,0.0,0.0,0.0,0.0,0.0
01-07 23,Tirana FIR,0.0473,0.0105,0.0,0.0,0.0,0.0
01-07 23,Vilnius FIR,0.0,0.0079,0.0,0.0,0.0,0.0
01-07 23,Warszawa FIR,0.2512,0.2284,0.0142,0.0,0.0,0.0
01-07 23,Wien FIR,0.1396,0.333,0.0746,0.0,0.0,0.0
01-07 23,Zagreb FIR,0.2021,0.0511,0.0,0.0,0.0,0.0
