{
"type": "FeatureCollection",
"name": "european_firs",
"crs": { "type": "name", "properties": { "name": "urn:ogc:def:crs:OGC:1.3:CRS84" } },
"features": [
{ "type": "Feature", "properties": { "designator": "BIRD", "type": "FIR", "upper": null, "lower": 0.0, "name": "Reykjavik FIR" }, "geometry": { "type": "Polygon", "coordinates": [ [ [ -5.499905499905509, 60.999990999991013 ], [ -5.146385146385143, 60.999990999991013 ], [ -4.833184833184845, 60.999990999991013 ], [ -4.00014400014399, 60.999990999991013 ], [ -3.000063000062994, 60.999990999991013 ], [ -2.50002250002251, 60.999990999991013 ], [ -1.999981999981998, 60.999990999991013 ], [ -0.034020034020045, 60.999990999991013 ], [ 0.000180000179995, 60.999990999991013 ], [ 0.000180000179995, 61.004491004491001 ], [ 0.000180000179995, 61.107271107271117 ], [ 0.000180000179995, 61.214371214371226 ], [ 0.000180000179995, 61.216711216711218 ], [ 0.000180000179995, 61.500031500031497 ], [ 0.000180000179995, 61.528651528651523 ], [ 0.000180000179995, 61.683271683271698 ], [ 0.000180000179995, 61.786591786591799 ], [ 0.000180000179995, 61.898371898371892 ], [ 0.000180000179995, 62.000072000072009 ], [ 0.000180000179995, 62.499932499932498 ], [ 0.000180000179995, 62.516672516672514 ], [ 0.000180000179995, 62.624492624492632 ], [ 0.000180000179995, 62.743112743112732 ], [ 0.000180000179995, 62.999972999973011 ], [ 0.000180000179995, 63.016713016713027 ], [ 0.000180000179995, 63.103833103833097 ], [ 0.000180000179995, 63.249993249993253 ], [ 0.000180000179995, 63.476073476073481 ], [ 0.000180000179995, 63.500013500013495 ], [ 0.000180000179995, 64.000054000054007 ], [ 0.000180000179995, 64.499914499914496 ], [ 0.000180000179995, 64.999954999955008 ], [ 0.000180000179995, 65.499995499995492 ], [ 0.000180000179995, 65.750015750015763 ], [ 0.000180000179995, 66.000036000036005 ], [ 0.000180000179995, 66.500076500076489 ], [ 0.000180000179995, 66.999936999937006 ], [ 0.000180000179995, 67.49997749997749 ], [ 0.000180000179995, 68.000018000018002 ], [ 0.000180000179995, 68.500058500058515 ], [ 0.000180000179995, 68.999918999919004 ], [ 0.000180000179995, 69.333279333279336 ], [ 0.000180000179995, 69.499959499959488 ], [ 0.000180000179995, 70.0 ], [ 0.000180000179995, 70.500040500040512 ], [ 0.000180000179995, 71.000081000080996 ], [ 0.000180000179995, 71.999981999981998 ], [ 0.000180000179995, 72.383382383382383 ], [ 0.000180000179995, 73.000063000062994 ], [ -0.782820782820778, 73.000063000062994 ], [ -6.866826866826869, 73.000063000062994 ], [ -13.30867330867332, 73.000063000062994 ], [ -20.0, 73.000063000062994 ], [ -20.0, 71.333261333261333 ], [ -20.0, 70.0 ], [ -30.000090000090012, 66.749916749916764 ], [ -39.000099000098999, 63.500013500013495 ], [ -30.000090000090012, 60.999990999991013 ], [ -29.500049500049499, 60.999990999991013 ], [ -29.000009000008987, 60.999990999991013 ], [ -28.656568656568652, 60.999990999991013 ], [ -28.499968499968503, 60.999990999991013 ], [ -27.999927999927991, 60.999990999991013 ], [ -27.499887499887507, 60.999990999991013 ], [ -27.128727128727121, 60.999990999991013 ], [ -26.999846999846994, 60.999990999991013 ], [ -26.5001665001665, 60.999990999991013 ], [ -26.16572616572617, 60.999990999991013 ], [ -26.000126000125988, 60.999990999991013 ], [ -25.500085500085504, 60.999990999991013 ], [ -25.000045000044992, 60.999990999991013 ], [ -24.500004500004508, 60.999990999991013 ], [ -23.999963999963995, 60.999990999991013 ], [ -23.499923499923511, 60.999990999991013 ], [ -22.999882999882999, 60.999990999991013 ], [ -22.499842499842487, 60.999990999991013 ], [ -22.000162000161993, 60.999990999991013 ], [ -21.777321777321788, 60.999990999991013 ], [ -21.500121500121509, 60.999990999991013 ], [ -21.000081000080996, 60.999990999991013 ], [ -20.901800901800897, 60.999990999991013 ], [ -20.500040500040512, 60.999990999991013 ], [ -20.0, 60.999990999991013 ], [ -19.737199737199745, 60.999990999991013 ], [ -19.539559539559548, 60.999990999991013 ], [ -19.499959499959488, 60.999990999991013 ], [ -19.229239229239226, 60.999990999991013 ], [ -18.999918999919004, 60.999990999991013 ], [ -18.857358857358861, 60.999990999991013 ], [ -18.499878499878491, 60.999990999991013 ], [ -18.190278190278178, 60.999990999991013 ], [ -17.999837999838007, 60.999990999991013 ], [ -17.500157500157485, 60.999990999991013 ], [ -17.466677466677453, 60.999990999991013 ], [ -17.121077121077121, 60.999990999991013 ], [ -17.000117000117001, 60.999990999991013 ], [ -16.500076500076489, 60.999990999991013 ], [ -16.397116397116406, 60.999990999991013 ], [ -16.045036045036056, 60.999990999991013 ], [ -16.000036000036005, 60.999990999991013 ], [ -15.499995499995492, 60.999990999991013 ], [ -14.999954999955008, 60.999990999991013 ], [ -14.499914499914496, 60.999990999991013 ], [ -13.999873999874012, 60.999990999991013 ], [ -13.4998334998335, 60.999990999991013 ], [ -13.000153000153006, 60.999990999991013 ], [ -12.500112500112493, 60.999990999991013 ], [ -12.000072000072009, 60.999990999991013 ], [ -11.500031500031497, 60.999990999991013 ], [ -10.999990999990985, 60.999990999991013 ], [ -10.666630666630653, 60.999990999991013 ], [ -10.499950499950501, 60.999990999991013 ], [ -9.999909999909988, 60.999990999991013 ], [ -8.06670806670806, 60.999990999991013 ], [ -7.158787158787163, 60.999990999991013 ], [ -7.000027000026989, 60.999990999991013 ], [ -6.483426483426484, 60.999990999991013 ], [ -6.074826074826063, 60.999990999991013 ], [ -5.999945999945993, 60.999990999991013 ], [ -5.499905499905509, 60.999990999991013 ] ] ] } },
{ "type": "Feature", "properties": { "designator": "EBBU", "type": "FIR", "upper": 195.0, "lower": 0.0, "name": "Brussels FIR" }, "geometry": { "type": "Polygon", "coordinates": [ [ [ 3.006903006903002, 51.405261405261399 ], [ 2.50002250002251, 51.455481455481447 ], [ 2.316782316782309, 51.471861471861473 ], [ 2.27502227502228, 51.475821475821476 ], [ 2.083502083502083, 51.492561492561492 ], [ 1.999981999981998, 51.499941499941514 ], [ 1.999981999981998, 51.489501489501492 ], [ 1.999981999981998, 51.443061443061453 ], [ 1.999981999981998, 51.400581400581387 ], [ 1.999981999981998, 51.383301383301387 ], [ 1.999981999981998, 51.359181359181349 ], [ 1.999981999981998, 51.330021330021339 ], [ 1.999981999981998, 51.246321246321259 ], [ 1.999981999981998, 51.215361215361213 ], [ 1.999981999981998, 51.211941211941223 ], [ 1.999981999981998, 51.197001197001185 ], [ 1.999981999981998, 51.13076113076113 ], [ 1.999981999981998, 51.116721116721124 ], [ 2.245142245142233, 51.101421101421096 ], [ 2.550062550062563, 51.083421083421086 ], [ 2.591822591822591, 51.013941013941007 ], [ 2.647262647262636, 50.818820818820825 ], [ 2.650142650142641, 50.808380808380804 ], [ 2.899982899982888, 50.700020700020701 ], [ 2.908262908262913, 50.691740691740705 ], [ 3.149823149823163, 50.783360783360791 ], [ 3.222903222903227, 50.678060678060689 ], [ 3.270063270063275, 50.609660609660608 ], [ 3.284103284103281, 50.594720594720599 ], [ 3.361503361503367, 50.514980514980522 ], [ 3.376623376623371, 50.495000495000482 ], [ 3.484623484623484, 50.51948051948051 ], [ 3.511623511623526, 50.526680526680536 ], [ 3.554103554103563, 50.497160497160507 ], [ 3.600543600543602, 50.483840483840481 ], [ 3.633303633303626, 50.473400473400488 ], [ 3.645543645543654, 50.451980451980461 ], [ 3.666783666783658, 50.416700416700422 ], [ 3.666783666783658, 50.349920349920353 ], [ 3.675063675063683, 50.342180342180342 ], [ 3.787383787383789, 50.339660339660327 ], [ 3.87306387306387, 50.34056034056033 ], [ 3.926703926703937, 50.333900333900345 ], [ 3.973143973143976, 50.328320328320331 ], [ 4.089784089784104, 50.314640314640315 ], [ 4.118944118944114, 50.296640296640305 ], [ 4.177984177984172, 50.22464022464024 ], [ 4.167904167904169, 50.148860148860138 ], [ 4.145944145944156, 49.980559980559974 ], [ 4.15026415026415, 49.980199980199984 ], [ 4.366624366624364, 49.961659961659961 ], [ 4.483264483264492, 49.949959949959947 ], [ 4.535104535104523, 49.965619965619965 ], [ 4.566784566784577, 49.974979974979988 ], [ 4.866664866664877, 49.983259983259984 ], [ 4.857664857664872, 49.861939861939874 ], [ 4.858384858384852, 49.800019800019811 ], [ 4.939384939384951, 49.800019800019811 ], [ 4.987984987984987, 49.800019800019811 ], [ 5.115065115065107, 49.736119736119747 ], [ 5.120465120465127, 49.734139734139745 ], [ 5.163305163305154, 49.716679716679721 ], [ 5.262665262665251, 49.693099693099697 ], [ 5.291105291105282, 49.677259677259684 ], [ 5.315945315945328, 49.64827964827964 ], [ 5.371745371745362, 49.62523962523963 ], [ 5.383265383265382, 49.616599616599615 ], [ 5.420705420705417, 49.601119601119592 ], [ 5.44230544230544, 49.567819567819555 ], [ 5.451305451305444, 49.546039546039538 ], [ 5.437625437625428, 49.518859518859529 ], [ 5.575145575145569, 49.527499527499515 ], [ 5.750105750105746, 49.541719541719544 ], [ 5.755505755505766, 49.542259542259529 ], [ 5.815985815985812, 49.549459549459556 ], [ 5.824265824265836, 49.542979542979538 ], [ 5.833265833265841, 49.542979542979538 ], [ 5.845865845865859, 49.53001953001953 ], [ 5.889065889065904, 49.509139509139516 ], [ 5.999945999945993, 49.455499455499449 ], [ 6.055386055386066, 49.466659466659479 ], [ 6.115146115146104, 49.476379476379464 ], [ 6.167706167706172, 49.491679491679491 ], [ 6.184266184266193, 49.496359496359503 ], [ 6.206586206586195, 49.503019503019516 ], [ 6.224946224946223, 49.508419508419507 ], [ 6.349146349146338, 49.465759465759476 ], [ 6.391626391626403, 49.466659466659479 ], [ 6.399906399906399, 49.466659466659479 ], [ 6.385146385146385, 49.583299583299578 ], [ 6.383346383346378, 49.600039600039594 ], [ 6.425106425106435, 49.638919638919646 ], [ 6.433386433386431, 49.666639666639668 ], [ 6.461826461826462, 49.69165969165968 ], [ 6.519426519426531, 49.728559728559731 ], [ 6.533466533466537, 49.766719766719774 ], [ 6.425106425106435, 49.815859815859824 ], [ 6.380466380466373, 49.836199836199825 ], [ 6.400986400986397, 49.859959859959872 ], [ 6.350946350946344, 49.863919863919875 ], [ 6.241506241506244, 49.893259893259881 ], [ 6.229266229266244, 49.92277992277991 ], [ 6.213786213786221, 49.949959949959947 ], [ 6.202626202626192, 49.954099954099945 ], [ 6.196146196146202, 49.956079956079947 ], [ 6.167346167346182, 49.969939969939958 ], [ 6.166266166266155, 49.978579978579972 ], [ 6.133506133506131, 50.066600066600074 ], [ 6.119826119826115, 50.078300078300089 ], [ 6.137826137826153, 50.129960129960125 ], [ 6.150066150066152, 50.149940149940164 ], [ 6.158346158346149, 50.162720162720177 ], [ 6.191826191826181, 50.18198018198018 ], [ 6.183186183186194, 50.216720216720205 ], [ 6.216666216666226, 50.233280233280226 ], [ 6.222066222066218, 50.239760239760244 ], [ 6.233226233226247, 50.260820260820253 ], [ 6.250146250146258, 50.266580266580263 ], [ 6.274986274986276, 50.267840267840256 ], [ 6.288306288306302, 50.283140283140284 ], [ 6.372186372186377, 50.313920313920306 ], [ 6.399906399906399, 50.333360333360332 ], [ 6.396666396666404, 50.344700344700357 ], [ 6.369666369666362, 50.416700416700422 ], [ 6.337626337626347, 50.474660474660482 ], [ 6.332946332946335, 50.494100494100508 ], [ 6.233226233226247, 50.500040500040512 ], [ 6.200466200466195, 50.570060570060576 ], [ 6.233226233226247, 50.583380583380574 ], [ 6.246546246546245, 50.593820593820595 ], [ 6.251946251946265, 50.602280602280615 ], [ 6.278586278586289, 50.625320625320626 ], [ 6.216666216666226, 50.633420633420627 ], [ 6.207306207306203, 50.63666063666065 ], [ 6.182106182106196, 50.656100656100648 ], [ 6.140346140346139, 50.68922068922069 ], [ 6.136386136386136, 50.695880695880703 ], [ 6.075186075186082, 50.727740727740724 ], [ 6.033426033426025, 50.750060750060754 ], [ 6.022986022986032, 50.757800757800766 ], [ 6.003186003186016, 50.753660753660768 ], [ 5.998865998865995, 50.753840753840763 ], [ 5.927585927585937, 50.755640755640769 ], [ 5.91534591534591, 50.745920745920756 ], [ 5.892665892665889, 50.754380754380747 ], [ 5.862425862425852, 50.763020763020762 ], [ 5.840105840105849, 50.762480762480777 ], [ 5.700065700065693, 50.766620766620775 ], [ 5.654705654705651, 50.82170082170083 ], [ 5.643185643185632, 50.840060840060829 ], [ 5.688185688185683, 50.891720891720894 ], [ 5.736785736785748, 50.932220932220929 ], [ 5.750105750105746, 50.950040950040943 ], [ 5.767025767025757, 50.998820998821003 ], [ 5.791505791505784, 51.062181062181054 ], [ 5.791505791505784, 51.136161136161149 ], [ 5.769545769545772, 51.182781182781184 ], [ 5.719865719865709, 51.192141192141207 ], [ 5.596745596745592, 51.215901215901226 ], [ 5.55678555678557, 51.255861255861248 ], [ 5.547065547065557, 51.270081270081278 ], [ 5.499905499905509, 51.2916812916813 ], [ 5.450225450225446, 51.274941274941284 ], [ 5.422505422505424, 51.265761265761256 ], [ 5.421065421065435, 51.265581265581261 ], [ 5.419985419985409, 51.265581265581261 ], [ 5.385785385785397, 51.268821268821256 ], [ 5.33790533790534, 51.266661266661259 ], [ 5.279585279585291, 51.264141264141273 ], [ 5.279225279225273, 51.263961263961278 ], [ 5.233505233505241, 51.310761310761308 ], [ 5.131985131985147, 51.336861336861347 ], [ 5.102465102465118, 51.416421416421429 ], [ 5.099945099945103, 51.423801423801422 ], [ 5.087345087345085, 51.458541458541447 ], [ 5.058185058185046, 51.491661491661489 ], [ 5.016785016785008, 51.475281475281463 ], [ 4.99734499734501, 51.473841473841475 ], [ 4.96314496314497, 51.442521442521439 ], [ 4.90518490518491, 51.41300141300141 ], [ 4.833184833184845, 51.416601416601424 ], [ 4.806544806544821, 51.497241497241504 ], [ 4.802944802944808, 51.508401508401505 ], [ 4.683424683424676, 51.425061425061415 ], [ 4.633384633384622, 51.429921429921421 ], [ 4.580104580104575, 51.432261432261441 ], [ 4.552384552384552, 51.42722142722144 ], [ 4.533304533304545, 51.425061425061415 ], [ 4.540504540504543, 51.460521460521448 ], [ 4.518184518184512, 51.464481464481452 ], [ 4.504504504504496, 51.466641466641477 ], [ 4.383184383184386, 51.450081450081456 ], [ 4.366264366264375, 51.405621405621417 ], [ 4.333504333504322, 51.386181386181391 ], [ 4.342144342144337, 51.375561375561375 ], [ 4.350064350064343, 51.366741366741365 ], [ 4.337464337464326, 51.365841365841362 ], [ 4.334944334944339, 51.366021366021357 ], [ 4.279504279504295, 51.371601371601372 ], [ 4.242064242064231, 51.353961353961353 ], [ 4.222984222984223, 51.338661338661353 ], [ 4.200664200664193, 51.321741321741314 ], [ 4.153504153504144, 51.287541287541302 ], [ 4.147384147384145, 51.285201285201282 ], [ 4.108504108504121, 51.270801270801286 ], [ 4.01778401778401, 51.238041238041234 ], [ 3.869823869823875, 51.235341235341224 ], [ 3.657423657423664, 51.236061236061232 ], [ 3.620343620343618, 51.285201285201282 ], [ 3.587943587943585, 51.293301293301283 ], [ 3.559863559863572, 51.293301293301283 ], [ 3.520623520623531, 51.261981261981276 ], [ 3.464823464823468, 51.24020124020123 ], [ 3.406503406503418, 51.269361269361269 ], [ 3.382743382743371, 51.284481284481274 ], [ 3.367623367623366, 51.370341370341379 ], [ 3.366903366903358, 51.370881370881364 ], [ 3.006903006903002, 51.405261405261399 ] ] ] } },
{ "type": "Feature", "properties": { "designator": "EDGG", "type": "FIR", "upper": 245.0, "lower": 0.0, "name": "Langen FIR" }, "geometry": { "type": "Polygon", "coordinates": [ [ [ 9.624429624429638, 48.621378621378625 ], [ 9.686349686349701, 48.698598698598687 ], [ 9.776349776349775, 48.810558810558803 ], [ 9.864909864909862, 48.848538848538851 ], [ 10.09711009711009, 48.948618948618957 ], [ 10.25767025767027, 49.017199017199005 ], [ 10.301230301230305, 49.035919035919051 ], [ 10.479070479070486, 49.111159111159111 ], [ 10.587790587790579, 49.178659178659188 ], [ 10.657630657630648, 49.227259227259225 ], [ 10.666630666630681, 49.233379233379225 ], [ 10.839790839790851, 49.354699354699363 ], [ 10.966510966510981, 49.441639441639438 ], [ 10.660870660870671, 49.99963999964001 ], [ 10.288990288990277, 50.226980226980231 ], [ 10.309150309150311, 50.250920250920245 ], [ 10.452790452790452, 50.419760419760422 ], [ 10.494550494550509, 50.468360468360459 ], [ 10.521550521550523, 50.500040500040512 ], [ 10.534870534870549, 50.511740511740527 ], [ 10.56403056403056, 50.537300537300524 ], [ 10.702630702630699, 50.657540657540665 ], [ 10.635310635310645, 50.877140877140874 ], [ 10.583470583470586, 51.043821043821055 ], [ 10.52911052911054, 51.218421218421213 ], [ 10.492750492750503, 51.333261333261333 ], [ 10.387630387630395, 51.333801333801347 ], [ 10.059310059310064, 51.333621333621323 ], [ 9.936189936189948, 51.333261333261333 ], [ 9.581949581949573, 51.333261333261333 ], [ 9.517149517149505, 51.333261333261333 ], [ 9.166509166509172, 51.333261333261333 ], [ 8.907668907668921, 51.333261333261333 ], [ 8.766548766548766, 51.333261333261333 ], [ 8.883188883188893, 51.499941499941514 ], [ 8.91990891990892, 51.549981549981538 ], [ 8.944388944388947, 51.583281583281575 ], [ 8.95986895986897, 51.608661608661606 ], [ 8.999828999828992, 51.666621666621666 ], [ 8.999828999828992, 51.754461754461744 ], [ 8.999828999828992, 51.796041796041806 ], [ 8.999828999828992, 52.138402138402142 ], [ 8.741708741708749, 52.133362133362141 ], [ 8.586188586188598, 52.130302130302141 ], [ 8.000108000108014, 52.116622116622125 ], [ 8.000108000108014, 52.233262233262224 ], [ 8.000108000108014, 52.283302283302277 ], [ 7.694107694107686, 52.268362268362267 ], [ 7.62210762210762, 52.264762264762254 ], [ 7.524547524547529, 52.260802260802251 ], [ 7.266427266427257, 52.247302247302258 ], [ 7.061227061227072, 52.238842238842238 ], [ 6.84306684306685, 52.152802152802167 ], [ 6.880146880146896, 52.140922140922129 ], [ 6.875106875106866, 52.138402138402142 ], [ 6.813546813546822, 52.118422118422131 ], [ 6.764226764226777, 52.023562023562022 ], [ 6.790506790506782, 51.933561933561947 ], [ 6.778266778266783, 51.922221922221922 ], [ 6.720666720666713, 51.916461916461913 ], [ 6.659106659106669, 51.910341910341913 ], [ 6.612666612666601, 51.900081900081915 ], [ 6.587826587826584, 51.894141894141882 ], [ 6.5032265032265, 51.868581868581856 ], [ 6.432666432666423, 51.865521865521856 ], [ 6.37650637650637, 51.868401868401861 ], [ 6.407466407466416, 51.828081828081821 ], [ 6.3876663876664, 51.839241839241851 ], [ 6.150066150066152, 51.900081900081915 ], [ 6.100026100026099, 51.88334188334187 ], [ 6.058986058986051, 51.855801855801843 ], [ 6.025146025146029, 51.856701856701847 ], [ 5.94990594990594, 51.833301833301846 ], [ 6.028386028386024, 51.699921699921703 ], [ 6.036666036666048, 51.672741672741665 ], [ 6.101826101826106, 51.627741627741642 ], [ 6.133506133506131, 51.58616158616158 ], [ 6.201546201546194, 51.526581526581538 ], [ 6.224946224946223, 51.466641466641477 ], [ 6.224946224946223, 51.404721404721414 ], [ 6.218466218466233, 51.400581400581387 ], [ 6.218826218826223, 51.361701361701364 ], [ 6.127026127026141, 51.278901278901287 ], [ 6.124506124506127, 51.276921276921286 ], [ 6.121626121626122, 51.274941274941284 ], [ 6.079866079866093, 51.246141246141235 ], [ 6.08238608238608, 51.175221175221168 ], [ 6.129186129186138, 51.186741186741187 ], [ 6.100386100386089, 51.139941139941129 ], [ 6.060786060786057, 51.133281133281145 ], [ 6.006786006786001, 51.080901080901072 ], [ 5.966825966825979, 51.04166104166103 ], [ 5.966825966825979, 51.000081000080996 ], [ 5.98986598986599, 50.982260982260982 ], [ 6.025146025146029, 50.98334098334098 ], [ 6.016506016506014, 50.94302094302094 ], [ 6.034146034146033, 50.932220932220929 ], [ 6.057906057906052, 50.922500922500916 ], [ 6.062586062586064, 50.909180909180918 ], [ 6.07050607050607, 50.884160884160877 ], [ 6.078066078066087, 50.861120861120867 ], [ 6.019026019026029, 50.829440829440841 ], [ 6.022626022626014, 50.82476082476083 ], [ 6.026226026226027, 50.818820818820825 ], [ 6.022986022986032, 50.757800757800766 ], [ 6.033426033426025, 50.750060750060754 ], [ 6.075186075186082, 50.727740727740724 ], [ 6.136386136386136, 50.695880695880703 ], [ 6.140346140346139, 50.68922068922069 ], [ 6.182106182106196, 50.656100656100648 ], [ 6.207306207306203, 50.63666063666065 ], [ 6.216666216666226, 50.633420633420627 ], [ 6.278586278586289, 50.625320625320626 ], [ 6.251946251946265, 50.602280602280615 ], [ 6.246546246546245, 50.593820593820595 ], [ 6.233226233226247, 50.583380583380574 ], [ 6.200466200466195, 50.570060570060576 ], [ 6.233226233226247, 50.500040500040512 ], [ 6.332946332946335, 50.494100494100508 ], [ 6.337626337626347, 50.474660474660482 ], [ 6.369666369666362, 50.416700416700422 ], [ 6.396666396666404, 50.344700344700357 ], [ 6.399906399906399, 50.333360333360332 ], [ 6.372186372186377, 50.313920313920306 ], [ 6.288306288306302, 50.283140283140284 ], [ 6.274986274986276, 50.267840267840256 ], [ 6.250146250146258, 50.266580266580263 ], [ 6.233226233226247, 50.260820260820253 ], [ 6.222066222066218, 50.239760239760244 ], [ 6.216666216666226, 50.233280233280226 ], [ 6.183186183186194, 50.216720216720205 ], [ 6.191826191826181, 50.18198018198018 ], [ 6.158346158346149, 50.162720162720177 ], [ 6.150066150066152, 50.149940149940164 ], [ 6.137826137826153, 50.129960129960125 ], [ 6.119826119826115, 50.078300078300089 ], [ 6.133506133506131, 50.066600066600074 ], [ 6.166266166266155, 49.978579978579972 ], [ 6.167346167346182, 49.969939969939958 ], [ 6.196146196146202, 49.956079956079947 ], [ 6.202626202626192, 49.954099954099945 ], [ 6.213786213786221, 49.949959949959947 ], [ 6.229266229266244, 49.92277992277991 ], [ 6.241506241506244, 49.893259893259881 ], [ 6.350946350946344, 49.863919863919875 ], [ 6.400986400986397, 49.859959859959872 ], [ 6.380466380466373, 49.836199836199825 ], [ 6.425106425106435, 49.815859815859824 ], [ 6.533466533466537, 49.766719766719774 ], [ 6.519426519426531, 49.728559728559731 ], [ 6.461826461826462, 49.69165969165968 ], [ 6.433386433386431, 49.666639666639668 ], [ 6.425106425106435, 49.638919638919646 ], [ 6.383346383346378, 49.600039600039594 ], [ 6.385146385146385, 49.583299583299578 ], [ 6.399906399906399, 49.466659466659479 ], [ 6.466506466506473, 49.466659466659479 ], [ 6.544266544266549, 49.455499455499449 ], [ 6.559746559746571, 49.432819432819429 ], [ 6.66990666990668, 49.280359280359278 ], [ 6.683226683226678, 49.249939249939246 ], [ 6.7109467109467, 49.218079218079225 ], [ 7.039267039267031, 49.17217917217917 ], [ 7.158787158787163, 49.151299151299156 ], [ 7.346707346707348, 49.119979119979121 ], [ 7.585027585027575, 49.080199080199094 ], [ 7.718227718227723, 49.05085905085906 ], [ 7.83522783522784, 49.047259047259047 ], [ 8.002268002268011, 49.01971901971902 ], [ 8.06670806670806, 48.999918999919004 ], [ 8.120708120708116, 48.988038988038994 ], [ 8.218628218628226, 48.974178974178983 ], [ 8.154188154188148, 48.916578916578914 ], [ 8.022068022068026, 48.774918774918774 ], [ 7.966627966627982, 48.716598716598725 ], [ 7.799947799947802, 48.520758520758534 ], [ 7.799587799587812, 48.506178506178514 ], [ 7.733707733707746, 48.435078435078424 ], [ 7.744867744867747, 48.328698328698323 ], [ 7.658467658467657, 48.216738216738207 ], [ 7.647667647667646, 48.199098199098188 ], [ 7.577467577467587, 48.083358083358092 ], [ 7.590427590427595, 48.014958014958012 ], [ 7.616707616707629, 48.000018000018002 ], [ 7.617067617067619, 47.987777987778003 ], [ 7.597627597627593, 47.938277938277935 ], [ 7.583227583227597, 47.908397908397916 ], [ 7.560907560907566, 47.83639783639785 ], [ 7.555507555507546, 47.830817830817836 ], [ 7.532107532107545, 47.783297783297797 ], [ 7.533907533907524, 47.688617688617683 ], [ 7.500067500067502, 47.63281763281762 ], [ 7.579987579987574, 47.603837603837604 ], [ 7.683307683307675, 47.566577566577564 ], [ 7.761427761427768, 47.58907758907759 ], [ 7.880947880947872, 47.622737622737617 ], [ 8.18154818154818, 47.704097704097705 ], [ 8.289188289188303, 47.733257733257744 ], [ 8.416988416988431, 47.772497772497786 ], [ 8.482508482508479, 47.785277785277799 ], [ 8.531828531828523, 47.798597798597797 ], [ 8.616788616788625, 47.833337833337822 ], [ 8.850068850068851, 47.883377883377875 ], [ 8.896148896148901, 47.784197784197772 ], [ 9.120429120429122, 47.789957789957782 ], [ 9.233469233469236, 47.791577791577794 ], [ 9.534429534429535, 47.794457794457799 ], [ 9.549909549909557, 47.833337833337822 ], [ 9.549909549909557, 47.883377883377875 ], [ 9.549909549909557, 47.890037890037888 ], [ 9.549909549909557, 47.956997956997952 ], [ 9.549909549909557, 47.973377973377978 ], [ 9.549909549909557, 48.035298035298041 ], [ 9.549909549909557, 48.166698166698154 ], [ 9.549909549909557, 48.294138294138293 ], [ 9.549909549909557, 48.362538362538373 ], [ 9.549909549909557, 48.393318393318395 ], [ 9.549909549909557, 48.417798417798423 ], [ 9.549909549909557, 48.441918441918432 ], [ 9.549909549909557, 48.466578466578454 ], [ 9.549909549909557, 48.512478512478509 ], [ 9.549909549909557, 48.527778527778537 ], [ 9.603189603189605, 48.594378594378583 ], [ 9.624429624429638, 48.621378621378625 ] ] ] } },
{ "type": "Feature", "properties": { "designator": "EDMM", "type": "FIR", "upper": 245.0, "lower": 0.0, "name": "Munchen FIR" }, "geometry": { "type": "Polygon", "coordinates": [ [ [ 9.549909549909557, 47.833337833337822 ], [ 9.534429534429535, 47.794457794457799 ], [ 9.233469233469236, 47.791577791577794 ], [ 9.233469233469236, 47.716877716877718 ], [ 9.233469233469236, 47.658377658377646 ], [ 9.45126945126944, 47.587457587457578 ], [ 9.543789543789558, 47.544797544797547 ], [ 9.553509553509542, 47.529677529677542 ], [ 9.73314973314973, 47.533637533637545 ], [ 9.762669762669759, 47.582237582237582 ], [ 9.783189783189783, 47.593037593037593 ], [ 9.801189801189793, 47.569997569997582 ], [ 9.816669816669815, 47.54911754911754 ], [ 9.947709947709939, 47.517437517437514 ], [ 10.085950085950088, 47.506457506457508 ], [ 10.083430083430073, 47.448857448857439 ], [ 10.216630216630222, 47.383337383337391 ], [ 10.197910197910204, 47.333117333117343 ], [ 10.174870174870165, 47.270837270837262 ], [ 10.237510237510236, 47.27695727695729 ], [ 10.3105903105903, 47.306657306657314 ], [ 10.342630342630343, 47.310797310797312 ], [ 10.433350433350427, 47.383337383337391 ], [ 10.434070434070435, 47.394497394497392 ], [ 10.441270441270433, 47.477837477837483 ], [ 10.445230445230436, 47.525537525537516 ], [ 10.449910449910448, 47.58331758331758 ], [ 10.488790488790499, 47.566037566037579 ], [ 10.665910665910673, 47.552717552717553 ], [ 10.714510714510709, 47.542457542457555 ], [ 10.729270729270723, 47.523377523377519 ], [ 10.844830844830852, 47.501417501417507 ], [ 10.983790983790982, 47.422217422217415 ], [ 10.999270999271005, 47.413397413397405 ], [ 11.106551106551109, 47.352197352197351 ], [ 11.339471339471345, 47.352197352197351 ], [ 11.493911493911497, 47.485037485037481 ], [ 11.496071496071494, 47.486657486657492 ], [ 11.606591606591621, 47.581337581337579 ], [ 11.783351783351776, 47.587817587817597 ], [ 12.047592047592047, 47.610857610857607 ], [ 12.061272061272064, 47.619137619137632 ], [ 12.164592164592165, 47.63281763281762 ], [ 12.200592200592212, 47.637137637137641 ], [ 12.232272232272237, 47.641637641637629 ], [ 12.463752463752456, 47.671337671337682 ], [ 12.511992511992503, 47.677457677457681 ], [ 12.593712593712581, 47.688077688077698 ], [ 12.744552744552749, 47.70697770697771 ], [ 12.766512766512761, 47.683397683397686 ], [ 12.778392778392771, 47.673677673677673 ], [ 12.76759276759276, 47.655497655497669 ], [ 12.776232776232774, 47.636057636057643 ], [ 12.821952821952834, 47.611397611397621 ], [ 12.782352782352774, 47.58331758331758 ], [ 12.808272808272818, 47.551637551637555 ], [ 12.847152847152842, 47.550557550557556 ], [ 12.893592893592881, 47.511317511317515 ], [ 12.967032967032964, 47.480537480537492 ], [ 12.982512982512986, 47.486477486477497 ], [ 13.010593010592999, 47.472437472437463 ], [ 13.046953046953035, 47.497817497817493 ], [ 13.036513036513043, 47.53723753723753 ], [ 13.058113058113065, 47.564237564237573 ], [ 13.041913041913034, 47.57755757755757 ], [ 13.069993069993075, 47.587457587457578 ], [ 13.07287307287308, 47.611577611577616 ], [ 13.099873099873093, 47.636417636417633 ], [ 13.076113076113074, 47.689517689517686 ], [ 13.040833040833036, 47.714177714177708 ], [ 12.930672930672927, 47.712557712557725 ], [ 12.908712908712914, 47.730017730017721 ], [ 12.944712944712933, 47.756657756657745 ], [ 12.941832941832956, 47.773037773037771 ], [ 13.012033012033015, 47.850617850617851 ], [ 12.942192942192946, 47.928557928557922 ], [ 12.94039294039294, 47.947457947457934 ], [ 12.883512883512878, 47.962217962217977 ], [ 12.855432855432866, 48.017838017838017 ], [ 12.760032760032772, 48.072738072738076 ], [ 12.770112770112775, 48.127818127818131 ], [ 12.834552834552824, 48.164358164358163 ], [ 12.865872865872859, 48.183258183258175 ], [ 12.966672966672974, 48.199998199998191 ], [ 13.01491301491302, 48.243558243558255 ], [ 13.09591309591309, 48.263538263538265 ], [ 13.166833166833158, 48.291618291618306 ], [ 13.181233181233182, 48.296478296478284 ], [ 13.321993321993318, 48.353538353538369 ], [ 13.429993429993431, 48.3961983961984 ], [ 13.455193455193466, 48.476658476658486 ], [ 13.50523350523352, 48.584658584658598 ], [ 13.720153720153718, 48.510318510318513 ], [ 13.738153738153727, 48.528318528318522 ], [ 13.809073809073823, 48.606438606438616 ], [ 13.786393786393802, 48.829998829998829 ], [ 13.688833688833682, 48.88075888075889 ], [ 13.262233262233252, 49.102159102159106 ], [ 13.114273114273118, 49.192159192159181 ], [ 13.096273096273109, 49.203319203319211 ], [ 12.608472608472596, 49.531639531639541 ], [ 12.581832581832572, 49.565479565479563 ], [ 12.572472572472577, 49.577719577719591 ], [ 12.580392580392584, 49.636039636039641 ], [ 12.539712539712554, 49.663399663399673 ], [ 12.473832473832488, 49.702279702279696 ], [ 12.472392472392471, 49.703359703359695 ], [ 12.400392400392406, 49.753939753939761 ], [ 12.446832446832445, 49.797139797139806 ], [ 12.46123246123247, 49.810819810819822 ], [ 12.492552492552505, 49.932499932499923 ], [ 12.499032499032495, 49.972459972459973 ], [ 12.457632457632457, 49.99117999117999 ], [ 12.387072387072379, 50.015840015840013 ], [ 12.323352323352339, 50.037800037800025 ], [ 12.321552321552332, 50.044640044640033 ], [ 12.306792306792318, 50.054360054360046 ], [ 12.263952263952262, 50.067500067500077 ], [ 12.214272214272228, 50.102780102780116 ], [ 12.208512208512218, 50.101700101700089 ], [ 12.211752211752213, 50.157860157860171 ], [ 12.31723231723231, 50.173880173880178 ], [ 12.338472338472343, 50.190620190620194 ], [ 12.358992358992367, 50.238320238320227 ], [ 12.38095238095238, 50.29106029106029 ], [ 12.439992439992437, 50.325620325620321 ], [ 12.487152487152485, 50.341460341460333 ], [ 12.592632592632583, 50.377280377280385 ], [ 12.633672633672631, 50.392220392220395 ], [ 12.750672750672749, 50.432540432540435 ], [ 12.911592911592919, 50.477000477000473 ], [ 13.00915300915301, 50.520560520560508 ], [ 13.628713628713626, 50.715500715500724 ], [ 13.767673767673756, 50.734220734220742 ], [ 14.333234333234344, 50.883260883260874 ], [ 14.386154386154374, 50.9027009027009 ], [ 14.398394398394402, 50.918360918360918 ], [ 14.396594396594395, 50.941580941580952 ], [ 14.300114300114302, 50.950040950040943 ], [ 14.269874269874265, 51.018261018261029 ], [ 14.39983439983439, 51.016641016641017 ], [ 14.56651456651457, 51.003321003320991 ], [ 14.575154575154585, 50.958140958140973 ], [ 14.583434583434581, 50.913860913860901 ], [ 14.633474633474634, 50.916740916740906 ], [ 14.800154800154814, 50.835020835020828 ], [ 14.823194823194825, 50.870300870300866 ], [ 14.823194823194825, 50.870480870480861 ], [ 14.824994824994832, 50.885060885060881 ], [ 14.856674856674857, 50.909720909720903 ], [ 14.916794916794913, 50.990540990540978 ], [ 14.990234990234995, 51.118341118341107 ], [ 15.010395010395001, 51.203121203121214 ], [ 14.961794961794965, 51.406881406881411 ], [ 14.968994968994963, 51.440901440901456 ], [ 14.95279495279496, 51.463941463941467 ], [ 14.919314919314928, 51.480501480501488 ], [ 14.841554841554853, 51.490761490761486 ], [ 14.828234828234827, 51.498321498321502 ], [ 14.807714807714802, 51.5116415116415 ], [ 14.738234738234752, 51.58310158310158 ], [ 14.714474714474704, 51.698661698661709 ], [ 14.712314712314708, 51.698301698301691 ], [ 14.152154152154139, 51.586341586341575 ], [ 14.05927405927406, 51.570501570501563 ], [ 13.768393768393764, 51.512001512001518 ], [ 13.750033750033765, 51.508401508401505 ], [ 13.334953334953326, 51.5085815085815 ], [ 13.248553248553236, 51.508401508401505 ], [ 13.126513126513117, 51.508401508401505 ], [ 13.099873099873093, 51.508401508401505 ], [ 12.64015264015265, 51.625041625041632 ], [ 12.20167220167221, 51.876321876321867 ], [ 12.000072000072009, 51.9067419067419 ], [ 11.208431208431222, 51.841041841041829 ], [ 11.140391140391131, 51.804501804501797 ], [ 11.034191034191025, 51.747801747801759 ], [ 11.006471006471003, 51.732861732861721 ], [ 10.98487098487098, 51.721161721161735 ], [ 10.700110700110713, 51.566721566721554 ], [ 10.645030645030658, 51.525501525501539 ], [ 10.59247059247059, 51.486981486981477 ], [ 10.387630387630395, 51.333801333801347 ], [ 10.492750492750503, 51.333261333261333 ], [ 10.52911052911054, 51.218421218421213 ], [ 10.583470583470586, 51.043821043821055 ], [ 10.635310635310645, 50.877140877140874 ], [ 10.702630702630699, 50.657540657540665 ], [ 10.56403056403056, 50.537300537300524 ], [ 10.534870534870549, 50.511740511740527 ], [ 10.521550521550523, 50.500040500040512 ], [ 10.494550494550509, 50.468360468360459 ], [ 10.452790452790452, 50.419760419760422 ], [ 10.309150309150311, 50.250920250920245 ], [ 10.288990288990277, 50.226980226980231 ], [ 10.660870660870671, 49.99963999964001 ], [ 10.966510966510981, 49.441639441639438 ], [ 10.839790839790851, 49.354699354699363 ], [ 10.666630666630681, 49.233379233379225 ], [ 10.657630657630648, 49.227259227259225 ], [ 10.587790587790579, 49.178659178659188 ], [ 10.479070479070486, 49.111159111159111 ], [ 10.301230301230305, 49.035919035919051 ], [ 10.25767025767027, 49.017199017199005 ], [ 10.09711009711009, 48.948618948618957 ], [ 9.864909864909862, 48.848538848538851 ], [ 9.776349776349775, 48.810558810558803 ], [ 9.686349686349701, 48.698598698598687 ], [ 9.624429624429638, 48.621378621378625 ], [ 9.603189603189605, 48.594378594378583 ], [ 9.549909549909557, 48.527778527778537 ], [ 9.549909549909557, 48.512478512478509 ], [ 9.549909549909557, 48.466578466578454 ], [ 9.549909549909557, 48.441918441918432 ], [ 9.549909549909557, 48.417798417798423 ], [ 9.549909549909557, 48.393318393318395 ], [ 9.549909549909557, 48.362538362538373 ], [ 9.549909549909557, 48.294138294138293 ], [ 9.549909549909557, 48.166698166698154 ], [ 9.549909549909557, 48.035298035298041 ], [ 9.549909549909557, 47.973377973377978 ], [ 9.549909549909557, 47.956997956997952 ], [ 9.549909549909557, 47.890037890037888 ], [ 9.549909549909557, 47.883377883377875 ], [ 9.549909549909557, 47.833337833337822 ] ] ] } },
{ "type": "Feature", "properties": { "designator": "EDWW", "type": "FIR", "upper": 245.0, "lower": 0.0, "name": "Bremen FIR" }, "geometry": { "type": "Polygon", "coordinates": [ [ [ 14.755514755514753, 52.058302058302047 ], [ 14.680274680274692, 52.138582138582137 ], [ 14.684954684954675, 52.143082143082154 ], [ 14.692874692874682, 52.152802152802167 ], [ 14.706194706194708, 52.162162162162161 ], [ 14.707634707634696, 52.176022176022173 ], [ 14.697914697914712, 52.187002187002179 ], [ 14.693954693954709, 52.196722196722192 ], [ 14.706554706554698, 52.2066222066222 ], [ 14.713394713394706, 52.221382221382214 ], [ 14.712674712674726, 52.228042228042227 ], [ 14.713754713754724, 52.236142236142229 ], [ 14.707994707994715, 52.245862245862241 ], [ 14.69359469359469, 52.254142254142266 ], [ 14.674514674514683, 52.257562257562256 ], [ 14.650394650394645, 52.260802260802251 ], [ 14.632034632034646, 52.264402264402264 ], [ 14.614754614754617, 52.271062271062277 ], [ 14.596034596034599, 52.274482274482267 ], [ 14.584874584874598, 52.284382284382275 ], [ 14.57875457875457, 52.293922293922293 ], [ 14.585954585954596, 52.306342306342316 ], [ 14.579114579114588, 52.318582318582315 ], [ 14.56687456687456, 52.328122328122333 ], [ 14.563994563994555, 52.338382338382331 ], [ 14.556794556794557, 52.350082350082346 ], [ 14.553914553914552, 52.364122364122352 ], [ 14.549954549954549, 52.377442377442378 ], [ 14.540954540954544, 52.385542385542379 ], [ 14.534474534474526, 52.397782397782407 ], [ 14.538794538794548, 52.409662409662417 ], [ 14.543834543834549, 52.424782424782421 ], [ 14.555714555714559, 52.431442431442434 ], [ 14.575154575154585, 52.435762435762427 ], [ 14.589914589914599, 52.443862443862457 ], [ 14.60071460071461, 52.455562455562443 ], [ 14.608994608994607, 52.464382464382453 ], [ 14.620514620514626, 52.475362475362488 ], [ 14.632394632394636, 52.486162486162499 ], [ 14.634914634914622, 52.493542493542492 ], [ 14.635634635634631, 52.499482499482497 ], [ 14.623394623394631, 52.50578250578252 ], [ 14.611154611154603, 52.515502515502504 ], [ 14.610074610074605, 52.530262530262519 ], [ 14.61871461871462, 52.543042543042532 ], [ 14.624834624834619, 52.55258255258255 ], [ 14.637074637074647, 52.561942561942573 ], [ 14.638154638154646, 52.574722574722585 ], [ 14.623754623754621, 52.583002583002582 ], [ 14.615834615834615, 52.591642591642596 ], [ 14.604314604314595, 52.601722601722599 ], [ 14.590274590274589, 52.610362610362614 ], [ 14.573714573714568, 52.617742617742607 ], [ 14.561834561834559, 52.62440262440262 ], [ 14.543114543114541, 52.631062631062633 ], [ 14.52583452583454, 52.631602631602647 ], [ 14.522954522954535, 52.637002637002638 ], [ 14.502074502074493, 52.642762642762648 ], [ 14.488034488034486, 52.648342648342663 ], [ 14.473274473274472, 52.656082656082646 ], [ 14.463554463554459, 52.666882666882657 ], [ 14.448434448434455, 52.675342675342677 ], [ 14.435114435114428, 52.681462681462676 ], [ 14.423954423954427, 52.692262692262688 ], [ 14.416034416034421, 52.700542700542712 ], [ 14.408474408474405, 52.705582705582714 ], [ 14.40523440523441, 52.7111627111627 ], [ 14.395874395874387, 52.718542718542722 ], [ 14.385434385434394, 52.728802728802719 ], [ 14.371394371394359, 52.737802737802753 ], [ 14.358074358074361, 52.746622746622734 ], [ 14.345114345114354, 52.753102753102752 ], [ 14.324594324594329, 52.758682758682767 ], [ 14.302274302274299, 52.763542763542773 ], [ 14.286794286794276, 52.771642771642775 ], [ 14.275994275994265, 52.777762777762774 ], [ 14.262674262674267, 52.786582786582784 ], [ 14.249714249714259, 52.796302796302797 ], [ 14.224874224874213, 52.81214281214281 ], [ 14.22091422091421, 52.815022815022814 ], [ 14.156834156834151, 52.906102906102916 ], [ 14.333234333234344, 53.166743166743174 ], [ 14.377514377514387, 53.17772317772318 ], [ 14.409914409914421, 53.275823275823285 ], [ 14.416754416754429, 53.333423333423326 ], [ 14.40487440487442, 53.358083358083348 ], [ 14.388674388674389, 53.378063378063388 ], [ 14.325674325674328, 53.507843507843518 ], [ 14.313434313434328, 53.644463644463656 ], [ 14.27851427851428, 53.684423684423678 ], [ 14.290034290034299, 53.737703737703725 ], [ 14.275634275634275, 53.759483759483771 ], [ 14.227754227754218, 53.853083853083859 ], [ 14.212634212634214, 53.893943893943884 ], [ 14.228474228474226, 53.929403929403918 ], [ 14.227034227034238, 53.964143964143972 ], [ 14.223434223434225, 54.05162405162406 ], [ 14.259794259794262, 54.166644166644176 ], [ 14.280674280674276, 54.333324333324327 ], [ 14.297234297234297, 54.462024462024459 ], [ 14.324594324594329, 54.66668466668466 ], [ 14.331074331074319, 54.716364716364723 ], [ 14.336834336834329, 54.759384759384773 ], [ 14.357354357354353, 54.91670491670493 ], [ 14.344034344034355, 54.91670491670493 ], [ 14.166554166554164, 54.91670491670493 ], [ 13.760833760833776, 54.91670491670493 ], [ 13.750033750033765, 54.91670491670493 ], [ 13.66075366075367, 54.91670491670493 ], [ 13.560673560673564, 54.91670491670493 ], [ 13.386073386073377, 54.91670491670493 ], [ 13.000153000153006, 54.91670491670493 ], [ 12.92239292239293, 54.91670491670493 ], [ 12.850032850032846, 54.91670491670493 ], [ 12.797112797112788, 54.888264888264899 ], [ 12.780192780192777, 54.878904878904876 ], [ 12.597672597672613, 54.780084780084792 ], [ 12.514872514872508, 54.734364734364732 ], [ 12.285552285552285, 54.608544608544605 ], [ 12.064872064872077, 54.486324486324492 ], [ 12.000072000072009, 54.449964449964455 ], [ 11.841311841311835, 54.446184446184446 ], [ 11.833391833391829, 54.445824445824456 ], [ 11.800271800271815, 54.449424449424441 ], [ 11.690111690111678, 54.461304461304451 ], [ 11.666711666711677, 54.463824463824466 ], [ 11.64835164835165, 54.468324468324482 ], [ 11.500031500031497, 54.500004500004508 ], [ 11.404271404271412, 54.533664533664535 ], [ 11.333351333351345, 54.554184554184559 ], [ 11.313551313551301, 54.559944559944569 ], [ 11.269991269991266, 54.572724572724582 ], [ 11.202671202671212, 54.592164592164579 ], [ 11.166671166671165, 54.602784602784595 ], [ 11.086031086031085, 54.622764622764635 ], [ 10.999990999991013, 54.644364644364657 ], [ 10.833310833310833, 54.652824652824648 ], [ 10.68463068463069, 54.655344655344663 ], [ 10.666630666630681, 54.655524655524658 ], [ 10.583470583470586, 54.656964656964647 ], [ 10.499950499950501, 54.658404658404663 ], [ 10.368190368190369, 54.691344691344682 ], [ 10.333270333270349, 54.699984699984697 ], [ 10.273510273510283, 54.715644715644714 ], [ 10.199710199710211, 54.734364734364732 ], [ 10.166590166590169, 54.743004743004747 ], [ 10.150030150030148, 54.746424746424736 ], [ 10.053550053550055, 54.764964764964759 ], [ 9.999909999909988, 54.790524790524785 ], [ 9.961749961749973, 54.808524808524822 ], [ 9.893349893349892, 54.841104841104851 ], [ 9.887589887589883, 54.840564840564838 ], [ 9.852669852669862, 54.83642483642484 ], [ 9.751509751509758, 54.824724824724825 ], [ 9.75042975042976, 54.824364824364835 ], [ 9.73890973890974, 54.823284823284837 ], [ 9.516789516789515, 54.849924849924861 ], [ 9.319509319509308, 54.805284805284799 ], [ 9.283509283509289, 54.837504837504838 ], [ 9.234909234909225, 54.832464832464836 ], [ 9.224829224829222, 54.862704862704874 ], [ 9.194229194229194, 54.858564858564847 ], [ 9.019269019269018, 54.899964899964914 ], [ 9.001989001989017, 54.888624888624889 ], [ 8.782748782748797, 54.899784899784891 ], [ 8.666828666828678, 54.91670491670493 ], [ 8.560988560988562, 54.991584991585 ], [ 8.514548514548522, 55.024705024705014 ], [ 8.490788490788503, 55.041625041625053 ], [ 8.457668457668461, 55.065025065025054 ], [ 8.448668448668457, 55.071325071325077 ], [ 8.416268416268423, 55.064125064125079 ], [ 8.391788391788396, 55.069165069165081 ], [ 8.333468333468346, 55.066645066645066 ], [ 8.232668232668232, 55.046665046665055 ], [ 8.110268110268123, 55.022185022185027 ], [ 8.072828072828088, 55.014805014805006 ], [ 8.000108000108014, 55.000045000044992 ], [ 7.954027954027964, 55.000045000044992 ], [ 7.876267876267889, 55.000045000044992 ], [ 7.825867825867817, 55.000045000044992 ], [ 7.809667809667815, 55.000045000044992 ], [ 7.722187722187726, 55.000045000044992 ], [ 7.715707715707708, 55.000045000044992 ], [ 7.704547704547707, 55.000045000044992 ], [ 7.654867654867644, 55.000045000044992 ], [ 7.640467640467648, 55.000045000044992 ], [ 7.628947628947628, 55.000045000044992 ], [ 7.620667620667632, 55.000045000044992 ], [ 7.415107415107428, 55.000045000044992 ], [ 7.370107370107377, 55.000045000044992 ], [ 7.249867249867265, 55.000045000044992 ], [ 7.15482715482716, 55.000045000044992 ], [ 6.819306819306831, 55.000045000044992 ], [ 6.656586656586654, 55.000045000044992 ], [ 6.615186615186616, 55.000045000044992 ], [ 6.499986499986505, 55.000045000044992 ], [ 6.499986499986505, 54.958284958284963 ], [ 6.499986499986505, 54.66668466668466 ], [ 6.499986499986505, 54.500004500004508 ], [ 6.499986499986505, 54.249984249984237 ], [ 6.499986499986505, 54.183384183384192 ], [ 6.499986499986505, 53.999963999963995 ], [ 6.499986499986505, 53.925083925083925 ], [ 6.499986499986505, 53.881703881703885 ], [ 6.499986499986505, 53.833283833283843 ], [ 6.499986499986505, 53.790623790623783 ], [ 6.499986499986505, 53.74328374328374 ], [ 6.499986499986505, 53.734643734643726 ], [ 6.499986499986505, 53.706743706743708 ], [ 6.499986499986505, 53.666603666603663 ], [ 6.606546606546601, 53.560583560583552 ], [ 6.642906642906638, 53.539523539523543 ], [ 6.741546741546756, 53.504243504243505 ], [ 6.816426816426826, 53.495783495783485 ], [ 6.863586863586875, 53.474363474363486 ], [ 6.908946908946916, 53.441603441603434 ], [ 6.949266949266956, 53.398943398943402 ], [ 6.922986922986922, 53.348363348363335 ], [ 6.993546993547, 53.336303336303331 ], [ 7.024867024867035, 53.31668331668331 ], [ 7.06806706806708, 53.30714330714332 ], [ 7.191547191547187, 53.299943299943294 ], [ 7.199827199827212, 53.283383283383273 ], [ 7.217107217107213, 53.213363213363209 ], [ 7.202347202347198, 53.10860310860312 ], [ 7.199107199107203, 53.085563085563081 ], [ 7.195867195867208, 53.07134307134308 ], [ 7.199827199827212, 53.000063000062994 ], [ 7.172467172467179, 52.952722952722951 ], [ 7.083187083187084, 52.800082800082805 ], [ 7.075267075267078, 52.766422766422778 ], [ 7.063747063747059, 52.718002718002708 ], [ 7.059787059787055, 52.686862686862696 ], [ 7.058347058347067, 52.656982656982649 ], [ 7.066627066627063, 52.533322533322547 ], [ 7.06266706266706, 52.50002250002251 ], [ 7.060147060147074, 52.480582480582484 ], [ 7.063747063747059, 52.433422433422436 ], [ 7.061227061227072, 52.397242397242394 ], [ 7.042867042867044, 52.332262332262331 ], [ 7.028827028827038, 52.282582282582297 ], [ 7.061227061227072, 52.238842238842238 ], [ 7.266427266427257, 52.247302247302258 ], [ 7.524547524547529, 52.260802260802251 ], [ 7.62210762210762, 52.264762264762254 ], [ 7.694107694107686, 52.268362268362267 ], [ 8.000108000108014, 52.283302283302277 ], [ 8.000108000108014, 52.233262233262224 ], [ 8.000108000108014, 52.116622116622125 ], [ 8.586188586188598, 52.130302130302141 ], [ 8.741708741708749, 52.133362133362141 ], [ 8.999828999828992, 52.138402138402142 ], [ 8.999828999828992, 51.796041796041806 ], [ 8.999828999828992, 51.754461754461744 ], [ 8.999828999828992, 51.666621666621666 ], [ 8.95986895986897, 51.608661608661606 ], [ 8.944388944388947, 51.583281583281575 ], [ 8.91990891990892, 51.549981549981538 ], [ 8.883188883188893, 51.499941499941514 ], [ 8.766548766548766, 51.333261333261333 ], [ 8.907668907668921, 51.333261333261333 ], [ 9.166509166509172, 51.333261333261333 ], [ 9.517149517149505, 51.333261333261333 ], [ 9.581949581949573, 51.333261333261333 ], [ 9.936189936189948, 51.333261333261333 ], [ 10.059310059310064, 51.333621333621323 ], [ 10.387630387630395, 51.333801333801347 ], [ 10.59247059247059, 51.486981486981477 ], [ 10.645030645030658, 51.525501525501539 ], [ 10.700110700110713, 51.566721566721554 ], [ 10.98487098487098, 51.721161721161735 ], [ 11.006471006471003, 51.732861732861721 ], [ 11.034191034191025, 51.747801747801759 ], [ 11.140391140391131, 51.804501804501797 ], [ 11.208431208431222, 51.841041841041829 ], [ 12.000072000072009, 51.9067419067419 ], [ 12.20167220167221, 51.876321876321867 ], [ 12.64015264015265, 51.625041625041632 ], [ 13.099873099873093, 51.508401508401505 ], [ 13.126513126513117, 51.508401508401505 ], [ 13.248553248553236, 51.508401508401505 ], [ 13.334953334953326, 51.5085815085815 ], [ 13.750033750033765, 51.508401508401505 ], [ 13.768393768393764, 51.512001512001518 ], [ 14.05927405927406, 51.570501570501563 ], [ 14.152154152154139, 51.586341586341575 ], [ 14.712314712314708, 51.698301698301691 ], [ 14.714474714474704, 51.698661698661709 ], [ 14.681714681714681, 51.716301716301729 ], [ 14.666594666594676, 51.749961749961756 ], [ 14.616554616554623, 51.800001800001809 ], [ 14.633474633474634, 51.833301833301846 ], [ 14.675234675234663, 51.903141903141915 ], [ 14.755514755514753, 52.058302058302047 ] ] ] } },
{ "type": "Feature", "properties": { "designator": "EETT", "type": "FIR", "upper": null, "lower": 0.0, "name": "Tallinn FIR" }, "geometry": { "type": "Polygon", "coordinates": [ [ [ 25.866565866565878, 59.88326988326989 ], [ 25.65848565848566, 59.893349893349892 ], [ 25.616725616725631, 59.895509895509889 ], [ 25.585045585045577, 59.896949896949906 ], [ 25.420165420165432, 59.904509904509894 ], [ 25.333405333405324, 59.908289908289902 ], [ 25.331245331245327, 59.908289908289902 ], [ 25.251685251685245, 59.904149904149904 ], [ 25.044325044325035, 59.893529893529887 ], [ 25.033165033165034, 59.892989892989903 ], [ 24.996804996804997, 59.890829890829906 ], [ 24.849924849924861, 59.88326988326989 ], [ 24.665244665244671, 59.844749844749856 ], [ 24.662364662364666, 59.843849843849853 ], [ 24.452484452484441, 59.799389799389814 ], [ 24.170604170604179, 59.73890973890974 ], [ 24.138924138924153, 59.731709731709742 ], [ 23.992043992043989, 59.700029700029688 ], [ 23.876843876843878, 59.674649674649686 ], [ 23.840843840843831, 59.666909666909675 ], [ 23.813843813843818, 59.661149661149665 ], [ 23.155763155763168, 59.514809514809514 ], [ 23.082683082683076, 59.497529497529513 ], [ 23.053163053163047, 59.4908694908695 ], [ 22.982602982602998, 59.474669474669469 ], [ 22.939402939402953, 59.464769464769461 ], [ 22.92968292968294, 59.462429462429469 ], [ 22.877122877122872, 59.45054945054946 ], [ 22.806922806922813, 59.434529434529423 ], [ 22.746802746802757, 59.420489420489417 ], [ 22.178722178722182, 59.287469287469293 ], [ 22.139842139842131, 59.278289278289293 ], [ 21.946521946521955, 59.23202923202922 ], [ 21.755721755721765, 59.186129186129193 ], [ 21.000081000080996, 59.000009000008987 ], [ 20.941400941400957, 58.904968904968911 ], [ 20.771840771840772, 58.627768627768631 ], [ 20.642600642600655, 58.413388413388418 ], [ 21.483201483201498, 58.116748116748113 ], [ 21.542601542601545, 58.021168021168023 ], [ 21.612801612801604, 57.896067896067905 ], [ 21.613161613161623, 57.894987894987906 ], [ 21.646641646641655, 57.856647856647868 ], [ 21.660321660321671, 57.842967842967852 ], [ 21.716841716841714, 57.786627786627776 ], [ 21.842841842841835, 57.763047763047751 ], [ 21.916281916281918, 57.749367749367764 ], [ 22.104562104562092, 57.774207774207781 ], [ 22.278802278802289, 57.824967824967814 ], [ 22.519642519642531, 57.906147906147908 ], [ 22.58372258372259, 57.927567927567935 ], [ 22.707562707562715, 57.940887940887933 ], [ 22.789282789282794, 57.87554787554788 ], [ 22.907722907722899, 57.780507780507776 ], [ 22.999162999162991, 57.702207702207716 ], [ 23.180963180963175, 57.586467586467592 ], [ 23.357363357363369, 57.592227592227601 ], [ 23.405963405963405, 57.593847593847585 ], [ 23.58236358236357, 57.669807669807682 ], [ 23.648603648603654, 57.782847782847796 ], [ 23.601083601083616, 57.899127899127905 ], [ 23.802323802323798, 57.902007902007909 ], [ 23.914643914643904, 57.899487899487895 ], [ 24.116604116604123, 57.902007902007909 ], [ 24.209484209484202, 57.899127899127905 ], [ 24.299484299484305, 57.900027900027908 ], [ 24.462564462564472, 57.92504792504792 ], [ 24.983484983484999, 58.010548010548007 ], [ 25.916245916245913, 57.853947853947858 ], [ 26.196326196326197, 57.719667719667711 ], [ 26.365886365886354, 57.579807579807579 ], [ 26.388206388206385, 57.574947574947572 ], [ 26.601326601326605, 57.523107523107512 ], [ 26.813726813726817, 57.583407583407592 ], [ 27.223047223047217, 57.595287595287601 ], [ 27.38324738324738, 57.599967599967613 ], [ 27.559647559647573, 57.830007830007844 ], [ 27.816687816687818, 57.900027900027908 ], [ 27.620127620127619, 58.038268038268029 ], [ 27.514647514647521, 58.329508329508343 ], [ 27.496287496287493, 58.488628488628478 ], [ 27.416727416727412, 58.699948699948692 ], [ 27.38288738288739, 58.800208800208793 ], [ 27.467847467847463, 58.843408843408838 ], [ 27.770967770967786, 59.051309051309062 ], [ 27.889047889047902, 59.186309186309188 ], [ 28.19648819648819, 59.386109386109382 ], [ 28.099288099288088, 59.456669456669459 ], [ 28.043488043488054, 59.471609471609469 ], [ 27.63668763668764, 59.611649611649625 ], [ 26.776646776646771, 59.747009747009741 ], [ 26.721566721566717, 59.755289755289766 ], [ 26.493326493326492, 59.789489789489778 ], [ 26.447966447966451, 59.796329796329786 ], [ 26.174006174006166, 59.83754983754983 ], [ 26.089046089046093, 59.849969849969852 ], [ 26.078246078246082, 59.851589851589864 ], [ 25.974925974925981, 59.866709866709868 ], [ 25.866565866565878, 59.88326988326989 ] ] ] } },
{ "type": "Feature", "properties": { "designator": "EFIN", "type": "FIR", "upper": 285.0, "lower": 0.0, "name": "Helsinki FIR" }, "geometry": { "type": "Polygon", "coordinates": [ [ [ 23.876843876843878, 59.674649674649686 ], [ 23.992043992043989, 59.700029700029688 ], [ 24.138924138924153, 59.731709731709742 ], [ 24.170604170604179, 59.73890973890974 ], [ 24.452484452484441, 59.799389799389814 ], [ 24.662364662364666, 59.843849843849853 ], [ 24.665244665244671, 59.844749844749856 ], [ 24.849924849924861, 59.88326988326989 ], [ 24.996804996804997, 59.890829890829906 ], [ 25.033165033165034, 59.892989892989903 ], [ 25.044325044325035, 59.893529893529887 ], [ 25.251685251685245, 59.904149904149904 ], [ 25.331245331245327, 59.908289908289902 ], [ 25.333405333405324, 59.908289908289902 ], [ 25.420165420165432, 59.904509904509894 ], [ 25.585045585045577, 59.896949896949906 ], [ 25.616725616725631, 59.895509895509889 ], [ 25.65848565848566, 59.893349893349892 ], [ 25.866565866565878, 59.88326988326989 ], [ 26.035046035046037, 59.945549945549942 ], [ 26.374526374526368, 60.070290070290071 ], [ 26.390366390366381, 60.07605007605008 ], [ 26.549846549846563, 60.133290133290132 ], [ 26.661446661446661, 60.144090144090143 ], [ 26.716886716886705, 60.149670149670158 ], [ 26.759006759006752, 60.152550152550162 ], [ 26.838566838566834, 60.161370161370172 ], [ 26.946566946566946, 60.17163017163017 ], [ 27.221247221247211, 60.193950193950201 ], [ 27.292887292887286, 60.200250200250196 ], [ 27.456687456687462, 60.223290223290235 ], [ 27.475047475047489, 60.233370233370238 ], [ 27.628047628047625, 60.331650331650337 ], [ 27.649287649287658, 60.344970344970335 ], [ 27.675207675207673, 60.365310365310364 ], [ 28.166608166608171, 60.749970749970743 ], [ 28.338328338328353, 60.858330858330874 ], [ 28.667728667728682, 61.029691029691037 ], [ 28.757008757008748, 61.075771075771087 ], [ 29.113769113769109, 61.25325125325125 ], [ 29.317889317889325, 61.362691362691351 ], [ 29.450009450009446, 61.433251433251428 ], [ 29.652329652329655, 61.551151551151548 ], [ 29.947529947529944, 61.721611721611737 ], [ 30.083250083250078, 61.799911799911797 ], [ 30.278730278730279, 61.919431919431929 ], [ 31.108171108171121, 62.42163242163241 ], [ 31.549891549891555, 62.949932949932958 ], [ 31.499851499851502, 62.999972999973011 ], [ 31.265131265131259, 63.146673146673152 ], [ 31.174411174411176, 63.241173241173243 ], [ 30.016650016650004, 63.733293733293721 ], [ 30.500130500130496, 64.233334233334233 ], [ 30.083250083250078, 64.700074700074708 ], [ 29.616689616689627, 64.933354933354934 ], [ 29.625689625689631, 65.056475056475051 ], [ 29.815409815409822, 65.583695583695572 ], [ 30.166770166770164, 65.666675666675673 ], [ 29.954369954369952, 66.021996021996017 ], [ 29.866889866889863, 66.166716166716157 ], [ 29.594009594009606, 66.407556407556399 ], [ 29.366489366489361, 66.621936621936612 ], [ 29.060489060489061, 66.853056853056842 ], [ 29.036009036009034, 66.917496917496919 ], [ 29.041049041049035, 66.961416961416973 ], [ 29.401049401049391, 67.203877203877198 ], [ 29.875169875169888, 67.497817497817493 ], [ 29.930609930609933, 67.522477522477516 ], [ 30.016650016650004, 67.673677673677673 ], [ 29.659889659889672, 67.803097803097813 ], [ 29.313209313209313, 68.076878076878074 ], [ 28.645768645768641, 68.196398196398206 ], [ 28.458208458208446, 68.50329850329851 ], [ 28.433728433728447, 68.539658539658546 ], [ 28.472608472608471, 68.567198567198574 ], [ 28.4898884898885, 68.579798579798592 ], [ 28.535248535248542, 68.612198612198625 ], [ 28.706248706248715, 68.732258732258742 ], [ 28.764568764568764, 68.817218817218816 ], [ 28.801288801288791, 68.86923886923887 ], [ 28.661248661248663, 68.886338886338876 ], [ 28.467928467928459, 68.885618885618896 ], [ 28.41572841572841, 68.915498915498915 ], [ 28.49564849564851, 68.930078930078935 ], [ 28.4960084960085, 68.930078930078935 ], [ 28.555408555408547, 68.946998946998946 ], [ 28.92872892872893, 69.051939051939058 ], [ 28.899928899928909, 69.074079074079066 ], [ 28.833328833328835, 69.09999909999911 ], [ 28.833328833328835, 69.128259128259117 ], [ 28.833328833328835, 69.171999171999175 ], [ 28.833328833328835, 69.179199179199173 ], [ 28.833328833328835, 69.216639216639209 ], [ 28.92296892296892, 69.26469926469926 ], [ 29.073449073449069, 69.34191934191935 ], [ 29.094329094329083, 69.356139356139352 ], [ 29.150129150129146, 69.386199386199394 ], [ 29.333369333369347, 69.483399483399495 ], [ 29.263889263889268, 69.549459549459556 ], [ 29.237609237609234, 69.574479574479568 ], [ 29.181089181089192, 69.64251964251963 ], [ 29.133209133209135, 69.699939699939705 ], [ 28.889488889488888, 69.737199737199745 ], [ 28.835128835128842, 69.745479745479741 ], [ 28.795168795168792, 69.751599751599741 ], [ 28.53092853092852, 69.797139797139806 ], [ 28.373248373248373, 69.86751986751986 ], [ 28.330048330048328, 69.886959886959886 ], [ 28.166608166608171, 69.91665991665991 ], [ 28.007488007488007, 70.097740097740086 ], [ 28.000648000647999, 70.105480105480098 ], [ 27.57908757908757, 70.075780075780074 ], [ 27.139167139167142, 69.931059931059934 ], [ 27.029007029007033, 69.917199917199923 ], [ 26.788166788166791, 69.954099954099945 ], [ 26.496926496926505, 69.917739917739908 ], [ 26.426726426726418, 69.908919908919898 ], [ 26.227646227646233, 69.791739791739786 ], [ 26.144126144126147, 69.758079758079759 ], [ 25.983205983205977, 69.693819693819705 ], [ 25.916605916605931, 69.666639666639668 ], [ 25.882045882045873, 69.596079596079591 ], [ 25.752805752805756, 69.330759330759321 ], [ 25.60016560016561, 68.999918999919004 ], [ 25.460485460485472, 68.913878913878904 ], [ 25.164565164565175, 68.802818802818791 ], [ 24.883404883404893, 68.558378558378564 ], [ 24.600084600084614, 68.633978633978643 ], [ 23.999963999963995, 68.793278793278802 ], [ 23.849843849843865, 68.833418833418847 ], [ 23.598923598923591, 68.753318753318752 ], [ 23.314883314883303, 68.666198666198653 ], [ 22.951642951642953, 68.690318690318691 ], [ 22.366642366642367, 68.733698733698731 ], [ 21.934641934641945, 69.066699066699073 ], [ 21.796041796041806, 69.17253917253916 ], [ 21.333441333441328, 69.316719316719315 ], [ 21.287361287361279, 69.3080793080793 ], [ 21.024561024561024, 69.223119223119227 ], [ 21.083241083241091, 69.049959049959057 ], [ 20.548640548640549, 69.06003906003906 ], [ 21.172881172881176, 68.833058833058828 ], [ 21.387801387801403, 68.770058770058768 ], [ 22.49696249696251, 68.44227844227845 ], [ 23.105723105723115, 68.256158256158244 ], [ 23.321723321723312, 68.141318141318152 ], [ 23.339003339003341, 68.130338130338146 ], [ 23.493443493443493, 68.023418023418031 ], [ 23.629523629523618, 67.967437967437974 ], [ 23.578763578763585, 67.896697896697901 ], [ 23.4952434952435, 67.690597690597684 ], [ 23.785043785043797, 67.423297423297413 ], [ 23.766683766683769, 67.33221733221734 ], [ 23.614043614043624, 67.214677214677209 ], [ 23.717003717003706, 67.034677034677031 ], [ 23.83544383544384, 66.933336933336932 ], [ 23.946683946683947, 66.837756837756842 ], [ 23.986283986283979, 66.803376803376807 ], [ 23.892323892323901, 66.735336735336745 ], [ 23.8012438012438, 66.576756576756566 ], [ 23.769923769923764, 66.520596520596513 ], [ 23.742203742203742, 66.471996471996476 ], [ 23.691803691803699, 66.383076383076371 ], [ 23.654723654723654, 66.317736317736319 ], [ 23.70836370836372, 66.273816273816266 ], [ 23.718443718443723, 66.266076266076254 ], [ 23.800163800163801, 66.200016200016194 ], [ 23.819603819603827, 66.174636174636163 ], [ 23.939843939843939, 66.090036090036079 ], [ 24.076644076644072, 65.940635940635929 ], [ 24.132084132084145, 65.784755784755788 ], [ 24.138924138924153, 65.76603576603577 ], [ 24.154044154044158, 65.592695592695605 ], [ 24.140004140004152, 65.530055530055535 ], [ 24.035964035964042, 65.460215460215466 ], [ 24.028764028764044, 65.455535455535454 ], [ 23.969363969363968, 65.415575415575404 ], [ 23.909603909603902, 65.374355374355389 ], [ 23.781803781803774, 65.288675288675279 ], [ 23.727443727443728, 65.251595251595262 ], [ 23.570843570843579, 65.14053514053515 ], [ 23.49560349560349, 65.091935091935085 ], [ 23.375723375723368, 65.003915003915012 ], [ 23.176643176643182, 64.868014868014882 ], [ 23.035163035163038, 64.768294768294766 ], [ 22.922122922122924, 64.681354681354691 ], [ 22.822042822042818, 64.61529461529463 ], [ 22.799002799002807, 64.598014598014601 ], [ 22.737802737802753, 64.553914553914552 ], [ 22.706122706122699, 64.530874530874542 ], [ 22.590922590922588, 64.446454446454453 ], [ 22.27232227232227, 64.209754209754209 ], [ 22.149562149562144, 64.118134118134122 ], [ 22.1114021114021, 64.088974088974084 ], [ 22.081882081882071, 64.066654066654081 ], [ 22.028602028602023, 64.025794025794028 ], [ 21.961641961641959, 63.974673974673976 ], [ 21.941121941121935, 63.960273960273952 ], [ 21.895761895761893, 63.924633924633923 ], [ 21.843201843201854, 63.883593883593875 ], [ 21.816201816201811, 63.862713862713861 ], [ 21.812241812241808, 63.860013860013851 ], [ 21.710721710721714, 63.780813780813787 ], [ 21.692001692001696, 63.766593766593758 ], [ 21.580761580761589, 63.680013680013673 ], [ 21.566721566721554, 63.669213669213661 ], [ 21.500121500121509, 63.616653616653622 ], [ 21.49976149976149, 63.616653616653622 ], [ 21.433161433161445, 63.605493605493621 ], [ 21.309681309681309, 63.584973584973596 ], [ 21.299601299601306, 63.582813582813571 ], [ 21.187641187641191, 63.564093564093554 ], [ 21.168921168921173, 63.561753561753562 ], [ 21.036801036801052, 63.538533538533528 ], [ 20.883800883800888, 63.512433512433518 ], [ 20.666720666720664, 63.466713466713458 ], [ 20.609120609120623, 63.435573435573446 ], [ 20.574200574200574, 63.418653418653406 ], [ 20.16668016668018, 63.166653166653163 ], [ 20.010800010800011, 62.830592830592821 ], [ 19.833319833319848, 62.466632466632461 ], [ 19.824319824319815, 62.414972414972425 ], [ 19.821799821799829, 62.396972396972387 ], [ 19.726759726759724, 62.1928521928522 ], [ 19.633159633159636, 62.000072000072009 ], [ 19.540279540279528, 61.761931761931777 ], [ 19.52155952155951, 61.718011718011724 ], [ 19.52155952155951, 61.71747171747171 ], [ 19.499959499959488, 61.666711666711677 ], [ 19.487359487359498, 61.620631620631627 ], [ 19.482679482679487, 61.605511605511595 ], [ 19.415719415719423, 61.362511362511356 ], [ 19.316719316719315, 61.064791064791052 ], [ 19.300159300159294, 60.999990999991013 ], [ 19.236799236799243, 60.698310698310706 ], [ 19.195399195399204, 60.541710541710529 ], [ 19.183519183519195, 60.496890496890501 ], [ 19.175959175959179, 60.468630468630465 ], [ 19.152199152199159, 60.377010377010379 ], [ 19.150399150399153, 60.370350370350366 ], [ 19.150039150039163, 60.358290358290361 ], [ 19.132399132399144, 60.300870300870315 ], [ 19.111879111879119, 60.25227025227025 ], [ 19.086679086679084, 60.191610191610181 ], [ 19.096399096399097, 60.184950184950196 ], [ 19.13455913455914, 60.158670158670162 ], [ 19.204759204759199, 60.108630108630109 ], [ 19.268839268839258, 60.066330066330067 ], [ 19.30159930159931, 60.044370044370055 ], [ 19.392679392679383, 59.981369981369994 ], [ 19.402759402759415, 59.974529974529986 ], [ 19.408159408159406, 59.970749970749978 ], [ 19.462159462159462, 59.933129933129948 ], [ 19.621999621999635, 59.821709821709817 ], [ 19.664839664839661, 59.789489789489778 ], [ 19.724239724239737, 59.749709749709751 ], [ 19.798759798759789, 59.694809694809692 ], [ 19.876879876879883, 59.638829638829634 ], [ 19.920079920079928, 59.608049608049612 ], [ 19.983079983079989, 59.56268956268957 ], [ 19.998559998560012, 59.554409554409546 ], [ 20.010440010440021, 59.548109548109551 ], [ 20.015120015120004, 59.545229545229546 ], [ 20.023760023760019, 59.540549540549534 ], [ 20.12708012708012, 59.484929484929495 ], [ 20.140400140400146, 59.477729477729468 ], [ 20.147600147600144, 59.473949473949489 ], [ 20.272520272520268, 59.405909405909398 ], [ 20.374040374040362, 59.350289350289358 ], [ 20.431640431640432, 59.318609318609333 ], [ 20.544320544320556, 59.25668925668927 ], [ 20.676080676080687, 59.182709182709175 ], [ 20.686880686880698, 59.176949176949165 ], [ 20.727200727200739, 59.154089154089149 ], [ 20.741600741600735, 59.146169146169143 ], [ 20.779760779760778, 59.124389124389126 ], [ 20.793440793440794, 59.116649116649114 ], [ 20.808200808200809, 59.108549108549113 ], [ 20.817920817920822, 59.102969102969098 ], [ 20.915840915840931, 59.047709047709048 ], [ 20.948600948600955, 59.029169029169026 ], [ 21.000081000080996, 59.000009000008987 ], [ 21.755721755721765, 59.186129186129193 ], [ 21.946521946521955, 59.23202923202922 ], [ 22.139842139842131, 59.278289278289293 ], [ 22.178722178722182, 59.287469287469293 ], [ 22.746802746802757, 59.420489420489417 ], [ 22.806922806922813, 59.434529434529423 ], [ 22.877122877122872, 59.45054945054946 ], [ 22.92968292968294, 59.462429462429469 ], [ 22.939402939402953, 59.464769464769461 ], [ 22.982602982602998, 59.474669474669469 ], [ 23.053163053163047, 59.4908694908695 ], [ 23.082683082683076, 59.497529497529513 ], [ 23.155763155763168, 59.514809514809514 ], [ 23.813843813843818, 59.661149661149665 ], [ 23.840843840843831, 59.666909666909675 ], [ 23.876843876843878, 59.674649674649686 ] ] ] } },
{ "type": "Feature", "properties": { "designator": "EGGX", "type": "FIR", "upper": null, "lower": 0.0, "name": "Shanwick FIR" }, "geometry": { "type": "Polygon", "coordinates": [ [ [ -8.000108000107986, 48.453078453078462 ], [ -8.000108000107986, 48.487458487458497 ], [ -8.000108000107986, 48.500058500058515 ], [ -8.000108000107986, 48.576918576918587 ], [ -8.000108000107986, 48.833418833418847 ], [ -8.000108000107986, 48.999918999919004 ], [ -8.000108000107986, 49.166599166599156 ], [ -8.000108000107986, 49.249939249939246 ], [ -8.000108000107986, 49.310239310239325 ], [ -8.000108000107986, 49.499959499959488 ], [ -8.000108000107986, 49.583299583299578 ], [ -8.000108000107986, 50.0 ], [ -8.000108000107986, 50.076320076320087 ], [ -8.000108000107986, 50.250020250020242 ], [ -8.000108000107986, 50.366660366660369 ], [ -8.000108000107986, 50.65772065772066 ], [ -8.000108000107986, 50.750060750060754 ], [ -8.000108000107986, 51.000081000080996 ], [ -8.500148500148498, 51.000081000080996 ], [ -12.000072000072009, 51.000081000080996 ], [ -12.500112500112493, 51.000081000080996 ], [ -13.999873999874012, 51.000081000080996 ], [ -14.999954999955008, 51.000081000080996 ], [ -14.999954999955008, 51.061641061641069 ], [ -14.999954999955008, 51.249921249921243 ], [ -14.999954999955008, 51.380781380781372 ], [ -14.999954999955008, 51.387981387981398 ], [ -14.999954999955008, 51.499941499941514 ], [ -14.999954999955008, 51.749961749961756 ], [ -14.999954999955008, 51.882261882261872 ], [ -14.999954999955008, 51.999981999981998 ], [ -14.999954999955008, 52.066582066582072 ], [ -14.999954999955008, 52.25000225000224 ], [ -14.999954999955008, 52.50002250002251 ], [ -14.999954999955008, 52.750042750042752 ], [ -14.999954999955008, 53.000063000062994 ], [ -14.999954999955008, 53.250083250083264 ], [ -14.999954999955008, 53.499923499923511 ], [ -14.999954999955008, 53.693963693963696 ], [ -14.999954999955008, 53.749943749943753 ], [ -14.999954999955008, 53.999963999963995 ], [ -13.4998334998335, 54.183384183384192 ], [ -10.666630666630653, 54.500004500004508 ], [ -9.999909999909988, 54.566604566604582 ], [ -9.999909999909988, 54.600084600084614 ], [ -9.999909999909988, 54.719424719424723 ], [ -9.999909999909988, 54.719964719964707 ], [ -9.999909999909988, 54.75002475002475 ], [ -9.999909999909988, 54.894204894204904 ], [ -9.999909999909988, 55.000045000044992 ], [ -9.999909999909988, 55.116685116685119 ], [ -9.999909999909988, 55.239445239445246 ], [ -9.999909999909988, 55.500085500085504 ], [ -9.999909999909988, 55.666585666585661 ], [ -9.999909999909988, 55.668385668385667 ], [ -9.999909999909988, 55.749925749925751 ], [ -9.999909999909988, 55.754425754425768 ], [ -9.999909999909988, 55.768285768285779 ], [ -9.999909999909988, 55.823005823005815 ], [ -9.999909999909988, 55.999945999945993 ], [ -9.999909999909988, 56.066186066186077 ], [ -9.999909999909988, 56.091746091746103 ], [ -9.999909999909988, 56.133326133326136 ], [ -9.999909999909988, 56.249966249966263 ], [ -9.999909999909988, 56.264366264366259 ], [ -9.999909999909988, 56.333306333306325 ], [ -9.999909999909988, 56.334926334926337 ], [ -9.999909999909988, 56.441666441666456 ], [ -9.999909999909988, 56.499986499986505 ], [ -9.999909999909988, 56.584946584946579 ], [ -9.999909999909988, 56.589806589806585 ], [ -9.999909999909988, 56.649926649926641 ], [ -9.999909999909988, 56.666666666666657 ], [ -9.999909999909988, 56.668286668286669 ], [ -9.999909999909988, 56.750006750006747 ], [ -9.999909999909988, 56.763326763326774 ], [ -9.999909999909988, 57.000027000026989 ], [ -9.999909999909988, 57.002547002547004 ], [ -9.999909999909988, 57.018567018567012 ], [ -9.999909999909988, 57.019107019107025 ], [ -9.999909999909988, 57.25004725004726 ], [ -9.999909999909988, 57.252207252207256 ], [ -9.999909999909988, 57.256887256887268 ], [ -9.999909999909988, 57.27308727308727 ], [ -9.999909999909988, 57.333387333387321 ], [ -9.999909999909988, 57.399987399987396 ], [ -9.999909999909988, 57.46658746658747 ], [ -9.999909999909988, 57.500067500067502 ], [ -9.999909999909988, 57.55028755028755 ], [ -9.999909999909988, 57.617427617427609 ], [ -9.999909999909988, 57.634167634167625 ], [ -9.999909999909988, 57.735327735327729 ], [ -9.999909999909988, 57.751167751167742 ], [ -9.999909999909988, 57.767727767727763 ], [ -9.999909999909988, 57.8071478071478 ], [ -9.999909999909988, 57.98300798300798 ], [ -9.999909999909988, 57.983547983547993 ], [ -9.999909999909988, 57.999927999927991 ], [ -9.999909999909988, 58.081648081648069 ], [ -9.999909999909988, 58.099108099108093 ], [ -9.999909999909988, 58.252288252288253 ], [ -9.999909999909988, 58.483048483048492 ], [ -9.999909999909988, 58.499968499968503 ], [ -9.999909999909988, 58.647748647748642 ], [ -9.999909999909988, 58.666648666648655 ], [ -9.999909999909988, 58.964368964368958 ], [ -9.999909999909988, 58.974988974988975 ], [ -9.999909999909988, 58.982188982188973 ], [ -9.999909999909988, 58.983268983268971 ], [ -9.999909999909988, 59.000009000008987 ], [ -9.999909999909988, 59.166689166689167 ], [ -9.999909999909988, 59.333369333369347 ], [ -9.999909999909988, 59.462429462429469 ], [ -9.999909999909988, 59.483309483309483 ], [ -9.999909999909988, 59.500049500049499 ], [ -9.999909999909988, 59.981189981189971 ], [ -9.999909999909988, 59.982269982269997 ], [ -9.999909999909988, 59.999909999909988 ], [ -9.999909999909988, 60.479250479250481 ], [ -9.999909999909988, 60.499950499950501 ], [ -9.999909999909988, 60.502830502830506 ], [ -9.999909999909988, 60.666630666630681 ], [ -9.999909999909988, 60.948690948690938 ], [ -9.999909999909988, 60.999990999991013 ], [ -10.499950499950501, 60.999990999991013 ], [ -10.666630666630653, 60.999990999991013 ], [ -10.999990999990985, 60.999990999991013 ], [ -11.500031500031497, 60.999990999991013 ], [ -12.000072000072009, 60.999990999991013 ], [ -12.500112500112493, 60.999990999991013 ], [ -13.000153000153006, 60.999990999991013 ], [ -13.4998334998335, 60.999990999991013 ], [ -13.999873999874012, 60.999990999991013 ], [ -14.499914499914496, 60.999990999991013 ], [ -14.999954999955008, 60.999990999991013 ], [ -15.499995499995492, 60.999990999991013 ], [ -16.000036000036005, 60.999990999991013 ], [ -16.045036045036056, 60.999990999991013 ], [ -16.397116397116406, 60.999990999991013 ], [ -16.500076500076489, 60.999990999991013 ], [ -17.000117000117001, 60.999990999991013 ], [ -17.121077121077121, 60.999990999991013 ], [ -17.466677466677453, 60.999990999991013 ], [ -17.500157500157485, 60.999990999991013 ], [ -17.999837999838007, 60.999990999991013 ], [ -18.190278190278178, 60.999990999991013 ], [ -18.499878499878491, 60.999990999991013 ], [ -18.857358857358861, 60.999990999991013 ], [ -18.999918999919004, 60.999990999991013 ], [ -19.229239229239226, 60.999990999991013 ], [ -19.499959499959488, 60.999990999991013 ], [ -19.539559539559548, 60.999990999991013 ], [ -19.737199737199745, 60.999990999991013 ], [ -20.0, 60.999990999991013 ], [ -20.500040500040512, 60.999990999991013 ], [ -20.901800901800897, 60.999990999991013 ], [ -21.000081000080996, 60.999990999991013 ], [ -21.500121500121509, 60.999990999991013 ], [ -21.777321777321788, 60.999990999991013 ], [ -22.000162000161993, 60.999990999991013 ], [ -22.499842499842487, 60.999990999991013 ], [ -22.999882999882999, 60.999990999991013 ], [ -23.499923499923511, 60.999990999991013 ], [ -23.999963999963995, 60.999990999991013 ], [ -24.500004500004508, 60.999990999991013 ], [ -25.000045000044992, 60.999990999991013 ], [ -25.500085500085504, 60.999990999991013 ], [ -26.000126000125988, 60.999990999991013 ], [ -26.16572616572617, 60.999990999991013 ], [ -26.5001665001665, 60.999990999991013 ], [ -26.999846999846994, 60.999990999991013 ], [ -27.128727128727121, 60.999990999991013 ], [ -27.499887499887507, 60.999990999991013 ], [ -27.999927999927991, 60.999990999991013 ], [ -28.499968499968503, 60.999990999991013 ], [ -28.656568656568652, 60.999990999991013 ], [ -29.000009000008987, 60.999990999991013 ], [ -29.500049500049499, 60.999990999991013 ], [ -30.000090000090012, 60.999990999991013 ], [ -30.000090000090012, 60.948690948690938 ], [ -30.000090000090012, 60.499950499950501 ], [ -30.000090000090012, 60.103950103950098 ], [ -30.000090000090012, 59.999909999909988 ], [ -30.000090000090012, 59.500049500049499 ], [ -30.000090000090012, 59.000009000008987 ], [ -30.000090000090012, 58.969948969948973 ], [ -30.000090000090012, 58.499968499968503 ], [ -30.000090000090012, 57.999927999927991 ], [ -30.000090000090012, 57.500067500067502 ], [ -30.000090000090012, 57.000027000026989 ], [ -30.000090000090012, 56.587466587466594 ], [ -30.000090000090012, 56.499986499986505 ], [ -30.000090000090012, 55.999945999945993 ], [ -30.000090000090012, 55.500085500085504 ], [ -30.000090000090012, 55.189945189945178 ], [ -30.000090000090012, 55.000045000044992 ], [ -30.000090000090012, 54.500004500004508 ], [ -30.000090000090012, 53.999963999963995 ], [ -30.000090000090012, 53.893943893943884 ], [ -30.000090000090012, 53.715563715563718 ], [ -30.000090000090012, 53.499923499923511 ], [ -30.000090000090012, 53.157563157563146 ], [ -30.000090000090012, 53.000063000062994 ], [ -30.000090000090012, 52.586962586962585 ], [ -30.000090000090012, 52.50002250002251 ], [ -30.000090000090012, 51.999981999981998 ], [ -30.000090000090012, 51.713961713961709 ], [ -30.000090000090012, 51.499941499941514 ], [ -30.000090000090012, 51.000081000080996 ], [ -30.000090000090012, 50.500040500040512 ], [ -30.000090000090012, 50.0 ], [ -30.000090000090012, 49.983259983259984 ], [ -30.000090000090012, 49.499959499959488 ], [ -30.000090000090012, 49.433359433359442 ], [ -30.000090000090012, 48.999918999919004 ], [ -30.000090000090012, 48.500058500058515 ], [ -30.000090000090012, 48.333378333378334 ], [ -30.000090000090012, 48.000018000018002 ], [ -30.000090000090012, 47.49997749997749 ], [ -30.000090000090012, 46.999936999937006 ], [ -30.000090000090012, 46.500076500076489 ], [ -30.000090000090012, 46.000036000036005 ], [ -30.000090000090012, 45.983295983295989 ], [ -30.000090000090012, 45.499995499995492 ], [ -30.000090000090012, 44.999954999955008 ], [ -29.500049500049499, 44.999954999955008 ], [ -29.000009000008987, 44.999954999955008 ], [ -28.499968499968503, 44.999954999955008 ], [ -27.999927999927991, 44.999954999955008 ], [ -27.499887499887507, 44.999954999955008 ], [ -26.999846999846994, 44.999954999955008 ], [ -26.5001665001665, 44.999954999955008 ], [ -26.000126000125988, 44.999954999955008 ], [ -25.500085500085504, 44.999954999955008 ], [ -25.000045000044992, 44.999954999955008 ], [ -24.500004500004508, 44.999954999955008 ], [ -23.999963999963995, 44.999954999955008 ], [ -23.499923499923511, 44.999954999955008 ], [ -22.999882999882999, 44.999954999955008 ], [ -22.499842499842487, 44.999954999955008 ], [ -22.000162000161993, 44.999954999955008 ], [ -21.500121500121509, 44.999954999955008 ], [ -21.000081000080996, 44.999954999955008 ], [ -20.500040500040512, 44.999954999955008 ], [ -20.0, 44.999954999955008 ], [ -19.499959499959488, 44.999954999955008 ], [ -19.248679248679252, 44.999954999955008 ], [ -18.999918999919004, 44.999954999955008 ], [ -18.499878499878491, 44.999954999955008 ], [ -18.458478458478453, 44.999954999955008 ], [ -17.999837999838007, 44.999954999955008 ], [ -17.500157500157485, 44.999954999955008 ], [ -17.000117000117001, 44.999954999955008 ], [ -16.500076500076489, 44.999954999955008 ], [ -16.000036000036005, 44.999954999955008 ], [ -15.499995499995492, 44.999954999955008 ], [ -15.190395190395179, 44.999954999955008 ], [ -14.999954999955008, 44.999954999955008 ], [ -14.518994518994532, 44.999954999955008 ], [ -14.499914499914496, 44.999954999955008 ], [ -14.383274383274369, 44.999954999955008 ], [ -13.999873999874012, 44.999954999955008 ], [ -13.683433683433691, 44.999954999955008 ], [ -13.4998334998335, 44.999954999955008 ], [ -13.416673416673405, 44.999954999955008 ], [ -13.294273294273296, 44.999954999955008 ], [ -13.000153000153006, 44.999954999955008 ], [ -12.916632916632921, 44.999954999955008 ], [ -12.583272583272588, 44.999954999955008 ], [ -12.500112500112493, 44.999954999955008 ], [ -12.283392283392288, 44.999954999955008 ], [ -12.000072000072009, 44.999954999955008 ], [ -11.565191565191554, 44.999954999955008 ], [ -11.500031500031497, 44.999954999955008 ], [ -10.999990999990985, 44.999954999955008 ], [ -10.499950499950501, 44.999954999955008 ], [ -9.999909999909988, 44.999954999955008 ], [ -9.83682983682985, 44.999954999955008 ], [ -9.685269685269674, 44.999954999955008 ], [ -9.499869499869504, 44.999954999955008 ], [ -9.130149130149135, 44.999954999955008 ], [ -8.999828999828992, 44.999954999955008 ], [ -8.749988749988745, 44.999954999955008 ], [ -8.000108000107986, 44.999954999955008 ], [ -8.000108000107986, 45.499995499995492 ], [ -8.000108000107986, 45.918675918675916 ], [ -8.000108000107986, 45.965475965475974 ], [ -8.000108000107986, 46.000036000036005 ], [ -8.000108000107986, 46.416736416736427 ], [ -8.000108000107986, 46.486756486756491 ], [ -8.000108000107986, 46.500076500076489 ], [ -8.000108000107986, 46.922176922176931 ], [ -8.000108000107986, 46.999936999937006 ], [ -8.000108000107986, 47.006417006416996 ], [ -8.000108000107986, 47.069417069417057 ], [ -8.000108000107986, 47.086337086337096 ], [ -8.000108000107986, 47.249957249957248 ], [ -8.000108000107986, 47.479097479097476 ], [ -8.000108000107986, 47.49997749997749 ], [ -8.000108000107986, 47.594477594477581 ], [ -8.000108000107986, 47.66665766665767 ], [ -8.000108000107986, 47.683397683397686 ], [ -8.000108000107986, 47.825057825057826 ], [ -8.000108000107986, 47.827757827757836 ], [ -8.000108000107986, 47.967797967797964 ], [ -8.000108000107986, 48.000018000018002 ], [ -8.000108000107986, 48.092178092178102 ], [ -8.000108000107986, 48.316638316638318 ], [ -8.000108000107986, 48.453078453078462 ] ] ] } },
{ "type": "Feature", "properties": { "designator": "EGPX", "type": "FIR", "upper": 245.0, "lower": 0.0, "name": "Scottish FIR" }, "geometry": { "type": "Polygon", "coordinates": [ [ [ -9.999909999909988, 54.566604566604582 ], [ -9.555669555669567, 54.649404649404659 ], [ -8.950148950148957, 54.789444789444786 ], [ -8.803268803268793, 54.9055449055449 ], [ -8.741708741708749, 54.950004950004939 ], [ -8.544428544428541, 55.106965106965106 ], [ -8.455148455148446, 55.175905175905172 ], [ -8.383508383508371, 55.21658521658523 ], [ -8.249948249948261, 55.333405333405324 ], [ -8.06670806670806, 55.349965349965345 ], [ -7.904707904707891, 55.365625365625363 ], [ -7.333387333387321, 55.416745416745414 ], [ -6.916506916506904, 55.333405333405324 ], [ -6.935226935226922, 55.320085320085326 ], [ -6.98814698814698, 55.282465282465296 ], [ -7.050067050067042, 55.230085230085223 ], [ -7.191547191547187, 55.13630513630514 ], [ -7.283347283347268, 55.066645066645066 ], [ -7.648387648387654, 54.803304803304798 ], [ -7.840267840267842, 54.661464661464663 ], [ -7.890667890667885, 54.623844623844633 ], [ -8.055908055908048, 54.500364500364498 ], [ -8.101988101988098, 54.465624465624472 ], [ -8.166788166788166, 54.416664416664418 ], [ -8.1070281070281, 54.406044406044401 ], [ -7.978867978867981, 54.383904383904394 ], [ -7.892467892467891, 54.368064368064381 ], [ -7.699867699867696, 54.334224334224331 ], [ -7.392787392787397, 54.278964278964281 ], [ -6.906426906426901, 54.189144189144201 ], [ -6.833346833346837, 54.174924174924172 ], [ -6.764226764226777, 54.162504162504177 ], [ -6.651186651186663, 54.14108414108415 ], [ -6.409626409626412, 54.0950040950041 ], [ -6.269586269586256, 54.068364068364076 ], [ -6.2033462033462, 54.054504054504065 ], [ -6.066186066186077, 54.028944028944039 ], [ -6.039186039186035, 54.023364023364024 ], [ -5.74218574218574, 53.965043965043975 ], [ -5.499905499905509, 53.916623916623905 ], [ -5.499905499905509, 54.899964899964914 ], [ -5.499905499905509, 55.000045000044992 ], [ -4.900144900144909, 55.000045000044992 ], [ -4.00014400014399, 55.000045000044992 ], [ -3.516663516663527, 55.000045000044992 ], [ -3.437103437103445, 55.000045000044992 ], [ -2.709542709542717, 55.000045000044992 ], [ -2.67318267318268, 55.001665001665003 ], [ -2.464382464382453, 55.000045000044992 ], [ -2.123822123822123, 55.000045000044992 ], [ -1.916821916821903, 55.000045000044992 ], [ -1.504621504621497, 55.000045000044992 ], [ -1.266661266661259, 55.000045000044992 ], [ -0.987660987660973, 55.000225000225015 ], [ -0.865980865980873, 55.000585000585005 ], [ -0.784260784260795, 55.001305001305013 ], [ 2.983502983502973, 55.000045000044992 ], [ 3.052623052623062, 55.000045000044992 ], [ 3.116703116703121, 55.000045000044992 ], [ 3.500103500103506, 55.000045000044992 ], [ 3.880623880623887, 55.000045000044992 ], [ 4.04010404010404, 55.000045000044992 ], [ 4.714024714024703, 55.000045000044992 ], [ 4.985104985104982, 55.000045000044992 ], [ 4.999864999864997, 55.000045000044992 ], [ 4.999864999864997, 55.070065070065084 ], [ 4.999864999864997, 55.082845082845097 ], [ 4.999864999864997, 55.128925128925118 ], [ 4.999864999864997, 55.179505179505185 ], [ 4.999864999864997, 55.244665244665242 ], [ 4.999864999864997, 55.305505305505307 ], [ 4.999864999864997, 55.343125343125337 ], [ 4.999864999864997, 55.385605385605373 ], [ 4.999864999864997, 55.488565488565484 ], [ 4.999864999864997, 55.583245583245571 ], [ 4.999864999864997, 55.607005607005618 ], [ 4.999864999864997, 55.796365796365791 ], [ 4.999864999864997, 55.938925938925934 ], [ 4.999864999864997, 55.95494595494597 ], [ 4.999864999864997, 56.053406053406064 ], [ 4.999864999864997, 56.249966249966263 ], [ 4.999864999864997, 56.250866250866238 ], [ 4.999864999864997, 56.417186417186429 ], [ 4.999864999864997, 56.537426537426541 ], [ 4.999864999864997, 56.583326583326595 ], [ 4.999864999864997, 57.000027000026989 ], [ 4.83642483642484, 57.110007110007103 ], [ 4.6117846117846, 57.257787257787271 ], [ 4.499464499464494, 57.333387333387321 ], [ 4.477504477504482, 57.347787347787346 ], [ 4.359424359424366, 57.425007425007436 ], [ 4.136944136944152, 57.570087570087566 ], [ 4.051264051264042, 57.623367623367614 ], [ 3.773343773343782, 57.803007803007802 ], [ 3.650223650223666, 57.88130788130789 ], [ 3.608463608463609, 57.907587907587896 ], [ 3.586503586503596, 57.921447921447935 ], [ 3.160983160983164, 58.176688176688174 ], [ 3.000063000062994, 58.299988299988314 ], [ 2.829062829062821, 58.389988389988389 ], [ 2.600102600102588, 58.516708516708519 ], [ 2.587502587502598, 58.52480852480852 ], [ 2.155142155142158, 58.793368793368785 ], [ 1.738981738981749, 59.035829035829039 ], [ 1.650061650061645, 59.083349083349077 ], [ 1.20834120834121, 59.338409338409349 ], [ 1.074061074061063, 59.413829413829404 ], [ 0.669060669060684, 59.638289638289649 ], [ 0.014940014940009, 59.991989991989982 ], [ 0.000180000179995, 59.999909999909988 ], [ 0.000180000179995, 60.494370494370486 ], [ 0.000180000179995, 60.594450594450592 ], [ 0.000180000179995, 60.69993069993069 ], [ 0.000180000179995, 60.749970749970743 ], [ 0.000180000179995, 60.999990999991013 ], [ -0.034020034020045, 60.999990999991013 ], [ -1.999981999981998, 60.999990999991013 ], [ -2.50002250002251, 60.999990999991013 ], [ -3.000063000062994, 60.999990999991013 ], [ -4.00014400014399, 60.999990999991013 ], [ -4.833184833184845, 60.999990999991013 ], [ -5.146385146385143, 60.999990999991013 ], [ -5.499905499905509, 60.999990999991013 ], [ -5.999945999945993, 60.999990999991013 ], [ -6.074826074826063, 60.999990999991013 ], [ -6.483426483426484, 60.999990999991013 ], [ -7.000027000026989, 60.999990999991013 ], [ -7.158787158787163, 60.999990999991013 ], [ -8.06670806670806, 60.999990999991013 ], [ -9.999909999909988, 60.999990999991013 ], [ -9.999909999909988, 60.948690948690938 ], [ -9.999909999909988, 60.666630666630681 ], [ -9.999909999909988, 60.502830502830506 ], [ -9.999909999909988, 60.499950499950501 ], [ -9.999909999909988, 60.479250479250481 ], [ -9.999909999909988, 59.999909999909988 ], [ -9.999909999909988, 59.982269982269997 ], [ -9.999909999909988, 59.981189981189971 ], [ -9.999909999909988, 59.500049500049499 ], [ -9.999909999909988, 59.483309483309483 ], [ -9.999909999909988, 59.462429462429469 ], [ -9.999909999909988, 59.333369333369347 ], [ -9.999909999909988, 59.166689166689167 ], [ -9.999909999909988, 59.000009000008987 ], [ -9.999909999909988, 58.983268983268971 ], [ -9.999909999909988, 58.982188982188973 ], [ -9.999909999909988, 58.974988974988975 ], [ -9.999909999909988, 58.964368964368958 ], [ -9.999909999909988, 58.666648666648655 ], [ -9.999909999909988, 58.647748647748642 ], [ -9.999909999909988, 58.499968499968503 ], [ -9.999909999909988, 58.483048483048492 ], [ -9.999909999909988, 58.252288252288253 ], [ -9.999909999909988, 58.099108099108093 ], [ -9.999909999909988, 58.081648081648069 ], [ -9.999909999909988, 57.999927999927991 ], [ -9.999909999909988, 57.983547983547993 ], [ -9.999909999909988, 57.98300798300798 ], [ -9.999909999909988, 57.8071478071478 ], [ -9.999909999909988, 57.767727767727763 ], [ -9.999909999909988, 57.751167751167742 ], [ -9.999909999909988, 57.735327735327729 ], [ -9.999909999909988, 57.634167634167625 ], [ -9.999909999909988, 57.617427617427609 ], [ -9.999909999909988, 57.55028755028755 ], [ -9.999909999909988, 57.500067500067502 ], [ -9.999909999909988, 57.46658746658747 ], [ -9.999909999909988, 57.399987399987396 ], [ -9.999909999909988, 57.333387333387321 ], [ -9.999909999909988, 57.27308727308727 ], [ -9.999909999909988, 57.256887256887268 ], [ -9.999909999909988, 57.252207252207256 ], [ -9.999909999909988, 57.25004725004726 ], [ -9.999909999909988, 57.019107019107025 ], [ -9.999909999909988, 57.018567018567012 ], [ -9.999909999909988, 57.002547002547004 ], [ -9.999909999909988, 57.000027000026989 ], [ -9.999909999909988, 56.763326763326774 ], [ -9.999909999909988, 56.750006750006747 ], [ -9.999909999909988, 56.668286668286669 ], [ -9.999909999909988, 56.666666666666657 ], [ -9.999909999909988, 56.649926649926641 ], [ -9.999909999909988, 56.589806589806585 ], [ -9.999909999909988, 56.584946584946579 ], [ -9.999909999909988, 56.499986499986505 ], [ -9.999909999909988, 56.441666441666456 ], [ -9.999909999909988, 56.334926334926337 ], [ -9.999909999909988, 56.333306333306325 ], [ -9.999909999909988, 56.264366264366259 ], [ -9.999909999909988, 56.249966249966263 ], [ -9.999909999909988, 56.133326133326136 ], [ -9.999909999909988, 56.091746091746103 ], [ -9.999909999909988, 56.066186066186077 ], [ -9.999909999909988, 55.999945999945993 ], [ -9.999909999909988, 55.823005823005815 ], [ -9.999909999909988, 55.768285768285779 ], [ -9.999909999909988, 55.754425754425768 ], [ -9.999909999909988, 55.749925749925751 ], [ -9.999909999909988, 55.668385668385667 ], [ -9.999909999909988, 55.666585666585661 ], [ -9.999909999909988, 55.500085500085504 ], [ -9.999909999909988, 55.239445239445246 ], [ -9.999909999909988, 55.116685116685119 ], [ -9.999909999909988, 55.000045000044992 ], [ -9.999909999909988, 54.894204894204904 ], [ -9.999909999909988, 54.75002475002475 ], [ -9.999909999909988, 54.719964719964707 ], [ -9.999909999909988, 54.719424719424723 ], [ -9.999909999909988, 54.600084600084614 ], [ -9.999909999909988, 54.566604566604582 ] ] ] } },
{ "type": "Feature", "properties": { "designator": "EGTT", "type": "FIR", "upper": 245.0, "lower": 0.0, "name": "London FIR" }, "geometry": { "type": "Polygon", "coordinates": [ [ [ -8.000108000107986, 48.999918999919004 ], [ -8.000108000107986, 48.833418833418847 ], [ -7.574587574587582, 48.928278928278928 ], [ -6.873666873666878, 49.080559080559084 ], [ -4.999864999864997, 49.462519462519452 ], [ -4.916344916344912, 49.477999477999475 ], [ -4.606384606384609, 49.538119538119531 ], [ -4.45014445014445, 49.567459567459565 ], [ -4.330264330264328, 49.590319590319581 ], [ -4.167544167544179, 49.620919620919608 ], [ -4.161424161424151, 49.621639621639616 ], [ -4.001224001223989, 49.65133965133964 ], [ -3.820143820143812, 49.684639684639677 ], [ -3.529623529623535, 49.737199737199745 ], [ -3.259623259623254, 49.785259785259797 ], [ -3.173583173583182, 49.801459801459799 ], [ -3.068103068103056, 49.818559818559834 ], [ -3.034263034263034, 49.824679824679833 ], [ -3.000063000062994, 49.830799830799833 ], [ -2.508662508662496, 49.915579915579912 ], [ -2.371142371142383, 49.938259938259932 ], [ -2.243342243342255, 49.95967995967996 ], [ -2.173142173142168, 49.971199971199979 ], [ -2.163782163782173, 49.972819972819963 ], [ -2.106542106542094, 49.982539982539976 ], [ -2.005022005021999, 49.999099999099997 ], [ -1.999981999981998, 50.0 ], [ -1.974781974781962, 50.0 ], [ -1.88334188334187, 50.0 ], [ -1.859221859221861, 50.0 ], [ -1.844821844821837, 50.0 ], [ -1.783261783261793, 50.0 ], [ -1.717021717021709, 50.0 ], [ -1.691461691461683, 50.0 ], [ -1.510381510381507, 50.0 ], [ -1.499941499941485, 50.0 ], [ -1.380421380421382, 50.0 ], [ -1.252621252621253, 50.0 ], [ -1.190701190701191, 50.0 ], [ -1.157941157941167, 50.0 ], [ -1.053901053901058, 50.0 ], [ -0.999900999901001, 50.0 ], [ -0.833220833220821, 50.0 ], [ -0.533340533340521, 50.0 ], [ -0.531900531900533, 50.0 ], [ -0.368460368460376, 50.0 ], [ -0.250020250020242, 50.0 ], [ -0.110700110700122, 50.055620055620068 ], [ 0.000180000179995, 50.100080100080106 ], [ 0.099900099900111, 50.133380133380143 ], [ 0.264780264780256, 50.204480204480205 ], [ 0.443700443700436, 50.274500274500269 ], [ 0.641340641340634, 50.35172035172036 ], [ 0.76986076986077, 50.401400401400394 ], [ 0.821340821340812, 50.421380421380434 ], [ 0.885060885060881, 50.445500445500443 ], [ 0.964620964620963, 50.476640476640483 ], [ 0.999900999901001, 50.500040500040512 ], [ 1.065421065421077, 50.514980514980522 ], [ 1.099621099621089, 50.532980532980531 ], [ 1.225621225621239, 50.575640575640563 ], [ 1.366741366741365, 50.633420633420627 ], [ 1.403461403461392, 50.649800649800653 ], [ 1.416781416781419, 50.653040653040648 ], [ 1.454581454581444, 50.662220662220676 ], [ 1.466821466821472, 50.666720666720664 ], [ 1.466821466821472, 50.750060750060754 ], [ 1.466821466821472, 50.779400779400788 ], [ 1.466821466821472, 50.856980856980869 ], [ 1.466821466821472, 50.904500904500907 ], [ 1.466821466821472, 50.905580905580905 ], [ 1.466821466821472, 50.916200916200921 ], [ 1.466821466821472, 50.921060921060928 ], [ 1.466821466821472, 50.957780957780955 ], [ 1.466821466821472, 50.966600966600964 ], [ 1.466821466821472, 51.000081000080996 ], [ 1.615501615501614, 51.03284103284102 ], [ 1.66986166986166, 51.044721044721058 ], [ 1.732141732141741, 51.058581058581069 ], [ 1.999981999981998, 51.116721116721124 ], [ 1.999981999981998, 51.13076113076113 ], [ 1.999981999981998, 51.197001197001185 ], [ 1.999981999981998, 51.211941211941223 ], [ 1.999981999981998, 51.215361215361213 ], [ 1.999981999981998, 51.246321246321259 ], [ 1.999981999981998, 51.330021330021339 ], [ 1.999981999981998, 51.359181359181349 ], [ 1.999981999981998, 51.383301383301387 ], [ 1.999981999981998, 51.400581400581387 ], [ 1.999981999981998, 51.443061443061453 ], [ 1.999981999981998, 51.489501489501492 ], [ 1.999981999981998, 51.499941499941514 ], [ 2.055062055062052, 51.570321570321568 ], [ 2.10762210762212, 51.637281637281632 ], [ 2.15406215406216, 51.695781695781704 ], [ 2.167022167022168, 51.71252171252172 ], [ 2.169182169182164, 51.71522171522173 ], [ 2.224262224262219, 51.784701784701781 ], [ 2.293742293742298, 51.872001872001874 ], [ 2.356382356382369, 51.950481950481958 ], [ 2.478062478062469, 52.103122103122104 ], [ 2.4881424881425, 52.114642114642123 ], [ 2.49462249462249, 52.12256212256213 ], [ 2.571302571302567, 52.217782217782229 ], [ 2.583182583182577, 52.23506223506223 ], [ 2.59830259830261, 52.250542250542253 ], [ 2.644022644022641, 52.307242307242319 ], [ 2.652302652302666, 52.317142317142327 ], [ 2.691542691542679, 52.365022365022355 ], [ 2.777942777942769, 52.474462474462484 ], [ 2.831222831222846, 52.533322533322547 ], [ 2.89890289890289, 52.617742617742607 ], [ 2.994302994302984, 52.732762732762723 ], [ 3.068463068463075, 52.821862821862823 ], [ 3.148383148383147, 52.916902916902927 ], [ 3.159903159903166, 52.931122931122928 ], [ 3.254943254943242, 53.043263043263039 ], [ 3.303543303543307, 53.100863100863108 ], [ 3.366183366183378, 53.174663174663181 ], [ 3.429543429543429, 53.249183249183261 ], [ 3.561303561303561, 53.402543402543415 ], [ 3.615663615663607, 53.465363465363453 ], [ 3.645903645903644, 53.499923499923511 ], [ 3.7060237060237, 53.56976356976358 ], [ 3.942543942543949, 53.839763839763833 ], [ 3.968463968463965, 53.866043866043867 ], [ 4.084744084744074, 53.999963999963995 ], [ 4.180144180144168, 54.105624105624116 ], [ 4.535824535824531, 54.500004500004508 ], [ 4.999864999864997, 55.000045000044992 ], [ 4.985104985104982, 55.000045000044992 ], [ 4.714024714024703, 55.000045000044992 ], [ 4.04010404010404, 55.000045000044992 ], [ 3.880623880623887, 55.000045000044992 ], [ 3.500103500103506, 55.000045000044992 ], [ 3.116703116703121, 55.000045000044992 ], [ 3.052623052623062, 55.000045000044992 ], [ 2.983502983502973, 55.000045000044992 ], [ -0.784260784260795, 55.001305001305013 ], [ -0.865980865980873, 55.000585000585005 ], [ -0.987660987660973, 55.000225000225015 ], [ -1.266661266661259, 55.000045000044992 ], [ -1.504621504621497, 55.000045000044992 ], [ -1.916821916821903, 55.000045000044992 ], [ -2.123822123822123, 55.000045000044992 ], [ -2.464382464382453, 55.000045000044992 ], [ -2.67318267318268, 55.001665001665003 ], [ -2.709542709542717, 55.000045000044992 ], [ -3.437103437103445, 55.000045000044992 ], [ -3.516663516663527, 55.000045000044992 ], [ -4.00014400014399, 55.000045000044992 ], [ -4.900144900144909, 55.000045000044992 ], [ -5.499905499905509, 55.000045000044992 ], [ -5.499905499905509, 54.899964899964914 ], [ -5.499905499905509, 53.916623916623905 ], [ -5.499905499905509, 53.804663804663818 ], [ -5.499905499905509, 53.767223767223754 ], [ -5.499905499905509, 53.766683766683769 ], [ -5.499905499905509, 53.763263763263751 ], [ -5.499905499905509, 53.691623691623704 ], [ -5.499905499905509, 53.679923679923689 ], [ -5.499905499905509, 53.666603666603663 ], [ -5.499905499905509, 53.496323496323498 ], [ -5.499905499905509, 53.479943479943472 ], [ -5.499905499905509, 53.463383463383451 ], [ -5.499905499905509, 53.383283383283384 ], [ -5.499905499905509, 53.284103284103281 ], [ -5.499905499905509, 53.280323280323273 ], [ -5.499905499905509, 53.27636327636327 ], [ -5.499905499905509, 53.250083250083264 ], [ -5.499905499905509, 53.196623196623193 ], [ -5.499905499905509, 53.194643194643191 ], [ -5.499905499905509, 53.184383184383194 ], [ -5.499905499905509, 53.176103176103169 ], [ -5.499905499905509, 53.084663084663077 ], [ -5.499905499905509, 53.063963063963058 ], [ -5.499905499905509, 53.049923049923052 ], [ -5.499905499905509, 52.951462951462958 ], [ -5.499905499905509, 52.816642816642826 ], [ -5.499905499905509, 52.752742752742762 ], [ -5.499905499905509, 52.737982737982747 ], [ -5.499905499905509, 52.671382671382673 ], [ -5.499905499905509, 52.55528255528256 ], [ -5.499905499905509, 52.554382554382556 ], [ -5.499905499905509, 52.553662553662548 ], [ -5.499905499905509, 52.41668241668242 ], [ -5.499905499905509, 52.33334233334233 ], [ -5.673065673065679, 52.245322245322257 ], [ -5.680265680265677, 52.241722241722243 ], [ -5.688185688185683, 52.23776223776224 ], [ -5.822105822105812, 52.167742167742176 ], [ -5.842265842265846, 52.158562158562148 ], [ -5.85126585126585, 52.153882153882165 ], [ -6.12234612234613, 52.013662013662014 ], [ -6.230706230706232, 51.957141957141971 ], [ -6.239346239346247, 51.952821952821949 ], [ -6.254826254826241, 51.944361944361958 ], [ -6.404226404226392, 51.866601866601854 ], [ -6.563346563346556, 51.782181782181794 ], [ -6.709866709866702, 51.704421704421719 ], [ -6.869706869706874, 51.619101619101627 ], [ -7.093627093627106, 51.498681498681492 ], [ -7.230787230787229, 51.42452142452143 ], [ -7.417627417627415, 51.322461322461322 ], [ -7.493947493947502, 51.28052128052127 ], [ -7.50690750690751, 51.273681273681262 ], [ -7.565947565947567, 51.241101241101234 ], [ -7.568107568107564, 51.240021240021235 ], [ -7.570627570627579, 51.238941238941237 ], [ -7.685107685107681, 51.182241182241171 ], [ -8.000108000107986, 51.000081000080996 ], [ -8.000108000107986, 50.750060750060754 ], [ -8.000108000107986, 50.65772065772066 ], [ -8.000108000107986, 50.366660366660369 ], [ -8.000108000107986, 50.250020250020242 ], [ -8.000108000107986, 50.076320076320087 ], [ -8.000108000107986, 50.0 ], [ -8.000108000107986, 49.583299583299578 ], [ -8.000108000107986, 49.499959499959488 ], [ -8.000108000107986, 49.310239310239325 ], [ -8.000108000107986, 49.249939249939246 ], [ -8.000108000107986, 49.166599166599156 ], [ -8.000108000107986, 48.999918999919004 ] ] ] } },
{ "type": "Feature", "properties": { "designator": "EHAA", "type": "FIR", "upper": null, "lower": 0.0, "name": "Amsterdam FIR" }, "geometry": { "type": "Polygon", "coordinates": [ [ [ 6.499986499986505, 55.000045000044992 ], [ 6.420786420786413, 55.000045000044992 ], [ 6.349866349866346, 55.000045000044992 ], [ 6.147906147906156, 55.000045000044992 ], [ 6.040626040626051, 55.000045000044992 ], [ 5.985185985185979, 55.000045000044992 ], [ 5.933345933345947, 55.000045000044992 ], [ 5.902385902385902, 55.000045000044992 ], [ 5.867105867105863, 55.000045000044992 ], [ 5.858825858825867, 55.000045000044992 ], [ 5.850545850545842, 55.000045000044992 ], [ 5.566505566505555, 55.000045000044992 ], [ 5.281385281385269, 55.000045000044992 ], [ 5.204705204705192, 55.000045000044992 ], [ 5.072585072585071, 55.000045000044992 ], [ 4.999864999864997, 55.000045000044992 ], [ 4.535824535824531, 54.500004500004508 ], [ 4.180144180144168, 54.105624105624116 ], [ 4.084744084744074, 53.999963999963995 ], [ 3.968463968463965, 53.866043866043867 ], [ 3.942543942543949, 53.839763839763833 ], [ 3.7060237060237, 53.56976356976358 ], [ 3.645903645903644, 53.499923499923511 ], [ 3.615663615663607, 53.465363465363453 ], [ 3.561303561303561, 53.402543402543415 ], [ 3.429543429543429, 53.249183249183261 ], [ 3.366183366183378, 53.174663174663181 ], [ 3.303543303543307, 53.100863100863108 ], [ 3.254943254943242, 53.043263043263039 ], [ 3.159903159903166, 52.931122931122928 ], [ 3.148383148383147, 52.916902916902927 ], [ 3.068463068463075, 52.821862821862823 ], [ 2.994302994302984, 52.732762732762723 ], [ 2.89890289890289, 52.617742617742607 ], [ 2.831222831222846, 52.533322533322547 ], [ 2.777942777942769, 52.474462474462484 ], [ 2.691542691542679, 52.365022365022355 ], [ 2.652302652302666, 52.317142317142327 ], [ 2.644022644022641, 52.307242307242319 ], [ 2.59830259830261, 52.250542250542253 ], [ 2.583182583182577, 52.23506223506223 ], [ 2.571302571302567, 52.217782217782229 ], [ 2.49462249462249, 52.12256212256213 ], [ 2.4881424881425, 52.114642114642123 ], [ 2.478062478062469, 52.103122103122104 ], [ 2.356382356382369, 51.950481950481958 ], [ 2.293742293742298, 51.872001872001874 ], [ 2.224262224262219, 51.784701784701781 ], [ 2.169182169182164, 51.71522171522173 ], [ 2.167022167022168, 51.71252171252172 ], [ 2.15406215406216, 51.695781695781704 ], [ 2.10762210762212, 51.637281637281632 ], [ 2.055062055062052, 51.570321570321568 ], [ 1.999981999981998, 51.499941499941514 ], [ 2.083502083502083, 51.492561492561492 ], [ 2.27502227502228, 51.475821475821476 ], [ 2.316782316782309, 51.471861471861473 ], [ 2.50002250002251, 51.455481455481447 ], [ 3.006903006903002, 51.405261405261399 ], [ 3.366903366903358, 51.370881370881364 ], [ 3.367623367623366, 51.370341370341379 ], [ 3.382743382743371, 51.284481284481274 ], [ 3.406503406503418, 51.269361269361269 ], [ 3.464823464823468, 51.24020124020123 ], [ 3.520623520623531, 51.261981261981276 ], [ 3.559863559863572, 51.293301293301283 ], [ 3.587943587943585, 51.293301293301283 ], [ 3.620343620343618, 51.285201285201282 ], [ 3.657423657423664, 51.236061236061232 ], [ 3.869823869823875, 51.235341235341224 ], [ 4.01778401778401, 51.238041238041234 ], [ 4.108504108504121, 51.270801270801286 ], [ 4.147384147384145, 51.285201285201282 ], [ 4.153504153504144, 51.287541287541302 ], [ 4.200664200664193, 51.321741321741314 ], [ 4.222984222984223, 51.338661338661353 ], [ 4.242064242064231, 51.353961353961353 ], [ 4.279504279504295, 51.371601371601372 ], [ 4.334944334944339, 51.366021366021357 ], [ 4.337464337464326, 51.365841365841362 ], [ 4.350064350064343, 51.366741366741365 ], [ 4.342144342144337, 51.375561375561375 ], [ 4.333504333504322, 51.386181386181391 ], [ 4.366264366264375, 51.405621405621417 ], [ 4.383184383184386, 51.450081450081456 ], [ 4.504504504504496, 51.466641466641477 ], [ 4.518184518184512, 51.464481464481452 ], [ 4.540504540504543, 51.460521460521448 ], [ 4.533304533304545, 51.425061425061415 ], [ 4.552384552384552, 51.42722142722144 ], [ 4.580104580104575, 51.432261432261441 ], [ 4.633384633384622, 51.429921429921421 ], [ 4.683424683424676, 51.425061425061415 ], [ 4.802944802944808, 51.508401508401505 ], [ 4.806544806544821, 51.497241497241504 ], [ 4.833184833184845, 51.416601416601424 ], [ 4.90518490518491, 51.41300141300141 ], [ 4.96314496314497, 51.442521442521439 ], [ 4.99734499734501, 51.473841473841475 ], [ 5.016785016785008, 51.475281475281463 ], [ 5.058185058185046, 51.491661491661489 ], [ 5.087345087345085, 51.458541458541447 ], [ 5.099945099945103, 51.423801423801422 ], [ 5.102465102465118, 51.416421416421429 ], [ 5.131985131985147, 51.336861336861347 ], [ 5.233505233505241, 51.310761310761308 ], [ 5.279225279225273, 51.263961263961278 ], [ 5.279585279585291, 51.264141264141273 ], [ 5.33790533790534, 51.266661266661259 ], [ 5.385785385785397, 51.268821268821256 ], [ 5.419985419985409, 51.265581265581261 ], [ 5.421065421065435, 51.265581265581261 ], [ 5.422505422505424, 51.265761265761256 ], [ 5.450225450225446, 51.274941274941284 ], [ 5.499905499905509, 51.2916812916813 ], [ 5.547065547065557, 51.270081270081278 ], [ 5.55678555678557, 51.255861255861248 ], [ 5.596745596745592, 51.215901215901226 ], [ 5.719865719865709, 51.192141192141207 ], [ 5.769545769545772, 51.182781182781184 ], [ 5.791505791505784, 51.136161136161149 ], [ 5.791505791505784, 51.062181062181054 ], [ 5.767025767025757, 50.998820998821003 ], [ 5.750105750105746, 50.950040950040943 ], [ 5.736785736785748, 50.932220932220929 ], [ 5.688185688185683, 50.891720891720894 ], [ 5.643185643185632, 50.840060840060829 ], [ 5.654705654705651, 50.82170082170083 ], [ 5.700065700065693, 50.766620766620775 ], [ 5.840105840105849, 50.762480762480777 ], [ 5.862425862425852, 50.763020763020762 ], [ 5.892665892665889, 50.754380754380747 ], [ 5.91534591534591, 50.745920745920756 ], [ 5.927585927585937, 50.755640755640769 ], [ 5.998865998865995, 50.753840753840763 ], [ 6.003186003186016, 50.753660753660768 ], [ 6.022986022986032, 50.757800757800766 ], [ 6.026226026226027, 50.818820818820825 ], [ 6.022626022626014, 50.82476082476083 ], [ 6.019026019026029, 50.829440829440841 ], [ 6.078066078066087, 50.861120861120867 ], [ 6.07050607050607, 50.884160884160877 ], [ 6.062586062586064, 50.909180909180918 ], [ 6.057906057906052, 50.922500922500916 ], [ 6.034146034146033, 50.932220932220929 ], [ 6.016506016506014, 50.94302094302094 ], [ 6.025146025146029, 50.98334098334098 ], [ 5.98986598986599, 50.982260982260982 ], [ 5.966825966825979, 51.000081000080996 ], [ 5.966825966825979, 51.04166104166103 ], [ 6.006786006786001, 51.080901080901072 ], [ 6.060786060786057, 51.133281133281145 ], [ 6.100386100386089, 51.139941139941129 ], [ 6.129186129186138, 51.186741186741187 ], [ 6.08238608238608, 51.175221175221168 ], [ 6.079866079866093, 51.246141246141235 ], [ 6.121626121626122, 51.274941274941284 ], [ 6.124506124506127, 51.276921276921286 ], [ 6.127026127026141, 51.278901278901287 ], [ 6.218826218826223, 51.361701361701364 ], [ 6.218466218466233, 51.400581400581387 ], [ 6.224946224946223, 51.404721404721414 ], [ 6.224946224946223, 51.466641466641477 ], [ 6.201546201546194, 51.526581526581538 ], [ 6.133506133506131, 51.58616158616158 ], [ 6.101826101826106, 51.627741627741642 ], [ 6.036666036666048, 51.672741672741665 ], [ 6.028386028386024, 51.699921699921703 ], [ 5.94990594990594, 51.833301833301846 ], [ 6.025146025146029, 51.856701856701847 ], [ 6.058986058986051, 51.855801855801843 ], [ 6.100026100026099, 51.88334188334187 ], [ 6.150066150066152, 51.900081900081915 ], [ 6.3876663876664, 51.839241839241851 ], [ 6.407466407466416, 51.828081828081821 ], [ 6.37650637650637, 51.868401868401861 ], [ 6.432666432666423, 51.865521865521856 ], [ 6.5032265032265, 51.868581868581856 ], [ 6.587826587826584, 51.894141894141882 ], [ 6.612666612666601, 51.900081900081915 ], [ 6.659106659106669, 51.910341910341913 ], [ 6.720666720666713, 51.916461916461913 ], [ 6.778266778266783, 51.922221922221922 ], [ 6.790506790506782, 51.933561933561947 ], [ 6.764226764226777, 52.023562023562022 ], [ 6.813546813546822, 52.118422118422131 ], [ 6.875106875106866, 52.138402138402142 ], [ 6.880146880146896, 52.140922140922129 ], [ 6.84306684306685, 52.152802152802167 ], [ 7.061227061227072, 52.238842238842238 ], [ 7.028827028827038, 52.282582282582297 ], [ 7.042867042867044, 52.332262332262331 ], [ 7.061227061227072, 52.397242397242394 ], [ 7.063747063747059, 52.433422433422436 ], [ 7.060147060147074, 52.480582480582484 ], [ 7.06266706266706, 52.50002250002251 ], [ 7.066627066627063, 52.533322533322547 ], [ 7.058347058347067, 52.656982656982649 ], [ 7.059787059787055, 52.686862686862696 ], [ 7.063747063747059, 52.718002718002708 ], [ 7.075267075267078, 52.766422766422778 ], [ 7.083187083187084, 52.800082800082805 ], [ 7.172467172467179, 52.952722952722951 ], [ 7.199827199827212, 53.000063000062994 ], [ 7.195867195867208, 53.07134307134308 ], [ 7.199107199107203, 53.085563085563081 ], [ 7.202347202347198, 53.10860310860312 ], [ 7.217107217107213, 53.213363213363209 ], [ 7.199827199827212, 53.283383283383273 ], [ 7.191547191547187, 53.299943299943294 ], [ 7.06806706806708, 53.30714330714332 ], [ 7.024867024867035, 53.31668331668331 ], [ 6.993546993547, 53.336303336303331 ], [ 6.922986922986922, 53.348363348363335 ], [ 6.949266949266956, 53.398943398943402 ], [ 6.908946908946916, 53.441603441603434 ], [ 6.863586863586875, 53.474363474363486 ], [ 6.816426816426826, 53.495783495783485 ], [ 6.741546741546756, 53.504243504243505 ], [ 6.642906642906638, 53.539523539523543 ], [ 6.606546606546601, 53.560583560583552 ], [ 6.499986499986505, 53.666603666603663 ], [ 6.499986499986505, 53.706743706743708 ], [ 6.499986499986505, 53.734643734643726 ], [ 6.499986499986505, 53.74328374328374 ], [ 6.499986499986505, 53.790623790623783 ], [ 6.499986499986505, 53.833283833283843 ], [ 6.499986499986505, 53.881703881703885 ], [ 6.499986499986505, 53.925083925083925 ], [ 6.499986499986505, 53.999963999963995 ], [ 6.499986499986505, 54.183384183384192 ], [ 6.499986499986505, 54.249984249984237 ], [ 6.499986499986505, 54.500004500004508 ], [ 6.499986499986505, 54.66668466668466 ], [ 6.499986499986505, 54.958284958284963 ], [ 6.499986499986505, 55.000045000044992 ] ] ] } },
{ "type": "Feature", "properties": { "designator": "EISN", "type": "FIR", "upper": 245.0, "lower": 0.0, "name": "Shannon FIR" }, "geometry": { "type": "Polygon", "coordinates": [ [ [ -5.499905499905509, 53.804663804663818 ], [ -5.499905499905509, 53.916623916623905 ], [ -5.74218574218574, 53.965043965043975 ], [ -6.039186039186035, 54.023364023364024 ], [ -6.066186066186077, 54.028944028944039 ], [ -6.2033462033462, 54.054504054504065 ], [ -6.269586269586256, 54.068364068364076 ], [ -6.409626409626412, 54.0950040950041 ], [ -6.651186651186663, 54.14108414108415 ], [ -6.764226764226777, 54.162504162504177 ], [ -6.833346833346837, 54.174924174924172 ], [ -6.906426906426901, 54.189144189144201 ], [ -7.392787392787397, 54.278964278964281 ], [ -7.699867699867696, 54.334224334224331 ], [ -7.892467892467891, 54.368064368064381 ], [ -7.978867978867981, 54.383904383904394 ], [ -8.1070281070281, 54.406044406044401 ], [ -8.166788166788166, 54.416664416664418 ], [ -8.101988101988098, 54.465624465624472 ], [ -8.055908055908048, 54.500364500364498 ], [ -7.890667890667885, 54.623844623844633 ], [ -7.840267840267842, 54.661464661464663 ], [ -7.648387648387654, 54.803304803304798 ], [ -7.283347283347268, 55.066645066645066 ], [ -7.191547191547187, 55.13630513630514 ], [ -7.050067050067042, 55.230085230085223 ], [ -6.98814698814698, 55.282465282465296 ], [ -6.935226935226922, 55.320085320085326 ], [ -6.916506916506904, 55.333405333405324 ], [ -7.333387333387321, 55.416745416745414 ], [ -7.904707904707891, 55.365625365625363 ], [ -8.06670806670806, 55.349965349965345 ], [ -8.249948249948261, 55.333405333405324 ], [ -8.383508383508371, 55.21658521658523 ], [ -8.455148455148446, 55.175905175905172 ], [ -8.544428544428541, 55.106965106965106 ], [ -8.741708741708749, 54.950004950004939 ], [ -8.803268803268793, 54.9055449055449 ], [ -8.950148950148957, 54.789444789444786 ], [ -9.555669555669567, 54.649404649404659 ], [ -9.999909999909988, 54.566604566604582 ], [ -10.666630666630653, 54.500004500004508 ], [ -13.4998334998335, 54.183384183384192 ], [ -14.999954999955008, 53.999963999963995 ], [ -14.999954999955008, 53.749943749943753 ], [ -14.999954999955008, 53.693963693963696 ], [ -14.999954999955008, 53.499923499923511 ], [ -14.999954999955008, 53.250083250083264 ], [ -14.999954999955008, 53.000063000062994 ], [ -14.999954999955008, 52.750042750042752 ], [ -14.999954999955008, 52.50002250002251 ], [ -14.999954999955008, 52.25000225000224 ], [ -14.999954999955008, 52.066582066582072 ], [ -14.999954999955008, 51.999981999981998 ], [ -14.999954999955008, 51.882261882261872 ], [ -14.999954999955008, 51.749961749961756 ], [ -14.999954999955008, 51.499941499941514 ], [ -14.999954999955008, 51.387981387981398 ], [ -14.999954999955008, 51.380781380781372 ], [ -14.999954999955008, 51.249921249921243 ], [ -14.999954999955008, 51.061641061641069 ], [ -14.999954999955008, 51.000081000080996 ], [ -13.999873999874012, 51.000081000080996 ], [ -12.500112500112493, 51.000081000080996 ], [ -12.000072000072009, 51.000081000080996 ], [ -8.500148500148498, 51.000081000080996 ], [ -8.000108000107986, 51.000081000080996 ], [ -7.685107685107681, 51.182241182241171 ], [ -7.570627570627579, 51.238941238941237 ], [ -7.568107568107564, 51.240021240021235 ], [ -7.565947565947567, 51.241101241101234 ], [ -7.50690750690751, 51.273681273681262 ], [ -7.493947493947502, 51.28052128052127 ], [ -7.417627417627415, 51.322461322461322 ], [ -7.230787230787229, 51.42452142452143 ], [ -7.093627093627106, 51.498681498681492 ], [ -6.869706869706874, 51.619101619101627 ], [ -6.709866709866702, 51.704421704421719 ], [ -6.563346563346556, 51.782181782181794 ], [ -6.404226404226392, 51.866601866601854 ], [ -6.254826254826241, 51.944361944361958 ], [ -6.239346239346247, 51.952821952821949 ], [ -6.230706230706232, 51.957141957141971 ], [ -6.12234612234613, 52.013662013662014 ], [ -5.85126585126585, 52.153882153882165 ], [ -5.842265842265846, 52.158562158562148 ], [ -5.822105822105812, 52.167742167742176 ], [ -5.688185688185683, 52.23776223776224 ], [ -5.680265680265677, 52.241722241722243 ], [ -5.673065673065679, 52.245322245322257 ], [ -5.499905499905509, 52.33334233334233 ], [ -5.499905499905509, 52.41668241668242 ], [ -5.499905499905509, 52.553662553662548 ], [ -5.499905499905509, 52.554382554382556 ], [ -5.499905499905509, 52.55528255528256 ], [ -5.499905499905509, 52.671382671382673 ], [ -5.499905499905509, 52.737982737982747 ], [ -5.499905499905509, 52.752742752742762 ], [ -5.499905499905509, 52.816642816642826 ], [ -5.499905499905509, 52.951462951462958 ], [ -5.499905499905509, 53.049923049923052 ], [ -5.499905499905509, 53.063963063963058 ], [ -5.499905499905509, 53.084663084663077 ], [ -5.499905499905509, 53.176103176103169 ], [ -5.499905499905509, 53.184383184383194 ], [ -5.499905499905509, 53.194643194643191 ], [ -5.499905499905509, 53.196623196623193 ], [ -5.499905499905509, 53.250083250083264 ], [ -5.499905499905509, 53.27636327636327 ], [ -5.499905499905509, 53.280323280323273 ], [ -5.499905499905509, 53.284103284103281 ], [ -5.499905499905509, 53.383283383283384 ], [ -5.499905499905509, 53.463383463383451 ], [ -5.499905499905509, 53.479943479943472 ], [ -5.499905499905509, 53.496323496323498 ], [ -5.499905499905509, 53.666603666603663 ], [ -5.499905499905509, 53.679923679923689 ], [ -5.499905499905509, 53.691623691623704 ], [ -5.499905499905509, 53.763263763263751 ], [ -5.499905499905509, 53.766683766683769 ], [ -5.499905499905509, 53.767223767223754 ], [ -5.499905499905509, 53.804663804663818 ] ] ] } },
{ "type": "Feature", "properties": { "designator": "EKDK", "type": "FIR", "upper": null, "lower": 0.0, "name": "Copenhagen FIR" }, "geometry": { "type": "Polygon", "coordinates": [ [ [ 7.500067500067502, 57.000027000026989 ], [ 7.456147456147448, 57.000027000026989 ], [ 7.33986733986734, 57.000027000026989 ], [ 7.227187227187216, 57.000027000026989 ], [ 7.073107073107082, 57.000027000026989 ], [ 6.93522693522695, 57.000027000026989 ], [ 6.880146880146896, 57.000027000026989 ], [ 6.831546831546831, 57.000027000026989 ], [ 6.823266823266835, 57.000027000026989 ], [ 6.803466803466819, 57.000027000026989 ], [ 6.726066726066733, 57.000027000026989 ], [ 6.697626697626703, 57.000027000026989 ], [ 6.690426690426705, 57.000027000026989 ], [ 6.556866556866566, 57.000027000026989 ], [ 6.547146547146554, 57.000027000026989 ], [ 6.469386469386478, 57.000027000026989 ], [ 6.455706455706462, 57.000027000026989 ], [ 6.273906273906277, 57.000027000026989 ], [ 6.087426087426081, 57.000027000026989 ], [ 5.999945999945993, 57.000027000026989 ], [ 5.966825966825979, 57.000027000026989 ], [ 5.900945900945914, 57.000027000026989 ], [ 5.769905769905762, 57.000027000026989 ], [ 5.714105714105727, 57.000027000026989 ], [ 5.690705690705698, 57.000027000026989 ], [ 5.599985599985615, 57.000027000026989 ], [ 5.579105579105573, 57.000027000026989 ], [ 5.52294552294552, 57.000027000026989 ], [ 5.507465507465497, 57.000027000026989 ], [ 5.431505431505428, 57.000027000026989 ], [ 5.243945243945234, 57.000027000026989 ], [ 5.174825174825173, 57.000027000026989 ], [ 5.076545076545074, 57.000027000026989 ], [ 5.054225054225043, 57.000027000026989 ], [ 4.999864999864997, 57.000027000026989 ], [ 4.999864999864997, 56.583326583326595 ], [ 4.999864999864997, 56.537426537426541 ], [ 4.999864999864997, 56.417186417186429 ], [ 4.999864999864997, 56.250866250866238 ], [ 4.999864999864997, 56.249966249966263 ], [ 4.999864999864997, 56.053406053406064 ], [ 4.999864999864997, 55.95494595494597 ], [ 4.999864999864997, 55.938925938925934 ], [ 4.999864999864997, 55.796365796365791 ], [ 4.999864999864997, 55.607005607005618 ], [ 4.999864999864997, 55.583245583245571 ], [ 4.999864999864997, 55.488565488565484 ], [ 4.999864999864997, 55.385605385605373 ], [ 4.999864999864997, 55.343125343125337 ], [ 4.999864999864997, 55.305505305505307 ], [ 4.999864999864997, 55.244665244665242 ], [ 4.999864999864997, 55.179505179505185 ], [ 4.999864999864997, 55.128925128925118 ], [ 4.999864999864997, 55.082845082845097 ], [ 4.999864999864997, 55.070065070065084 ], [ 4.999864999864997, 55.000045000044992 ], [ 5.072585072585071, 55.000045000044992 ], [ 5.204705204705192, 55.000045000044992 ], [ 5.281385281385269, 55.000045000044992 ], [ 5.566505566505555, 55.000045000044992 ], [ 5.850545850545842, 55.000045000044992 ], [ 5.858825858825867, 55.000045000044992 ], [ 5.867105867105863, 55.000045000044992 ], [ 5.902385902385902, 55.000045000044992 ], [ 5.933345933345947, 55.000045000044992 ], [ 5.985185985185979, 55.000045000044992 ], [ 6.040626040626051, 55.000045000044992 ], [ 6.147906147906156, 55.000045000044992 ], [ 6.349866349866346, 55.000045000044992 ], [ 6.420786420786413, 55.000045000044992 ], [ 6.499986499986505, 55.000045000044992 ], [ 6.615186615186616, 55.000045000044992 ], [ 6.656586656586654, 55.000045000044992 ], [ 6.819306819306831, 55.000045000044992 ], [ 7.15482715482716, 55.000045000044992 ], [ 7.249867249867265, 55.000045000044992 ], [ 7.370107370107377, 55.000045000044992 ], [ 7.415107415107428, 55.000045000044992 ], [ 7.620667620667632, 55.000045000044992 ], [ 7.628947628947628, 55.000045000044992 ], [ 7.640467640467648, 55.000045000044992 ], [ 7.654867654867644, 55.000045000044992 ], [ 7.704547704547707, 55.000045000044992 ], [ 7.715707715707708, 55.000045000044992 ], [ 7.722187722187726, 55.000045000044992 ], [ 7.809667809667815, 55.000045000044992 ], [ 7.825867825867817, 55.000045000044992 ], [ 7.876267876267889, 55.000045000044992 ], [ 7.954027954027964, 55.000045000044992 ], [ 8.000108000108014, 55.000045000044992 ], [ 8.072828072828088, 55.014805014805006 ], [ 8.110268110268123, 55.022185022185027 ], [ 8.232668232668232, 55.046665046665055 ], [ 8.333468333468346, 55.066645066645066 ], [ 8.391788391788396, 55.069165069165081 ], [ 8.416268416268423, 55.064125064125079 ], [ 8.448668448668457, 55.071325071325077 ], [ 8.457668457668461, 55.065025065025054 ], [ 8.490788490788503, 55.041625041625053 ], [ 8.514548514548522, 55.024705024705014 ], [ 8.560988560988562, 54.991584991585 ], [ 8.666828666828678, 54.91670491670493 ], [ 8.782748782748797, 54.899784899784891 ], [ 9.001989001989017, 54.888624888624889 ], [ 9.019269019269018, 54.899964899964914 ], [ 9.194229194229194, 54.858564858564847 ], [ 9.224829224829222, 54.862704862704874 ], [ 9.234909234909225, 54.832464832464836 ], [ 9.283509283509289, 54.837504837504838 ], [ 9.319509319509308, 54.805284805284799 ], [ 9.516789516789515, 54.849924849924861 ], [ 9.73890973890974, 54.823284823284837 ], [ 9.75042975042976, 54.824364824364835 ], [ 9.751509751509758, 54.824724824724825 ], [ 9.852669852669862, 54.83642483642484 ], [ 9.887589887589883, 54.840564840564838 ], [ 9.893349893349892, 54.841104841104851 ], [ 9.961749961749973, 54.808524808524822 ], [ 9.999909999909988, 54.790524790524785 ], [ 10.053550053550055, 54.764964764964759 ], [ 10.150030150030148, 54.746424746424736 ], [ 10.166590166590169, 54.743004743004747 ], [ 10.199710199710211, 54.734364734364732 ], [ 10.273510273510283, 54.715644715644714 ], [ 10.333270333270349, 54.699984699984697 ], [ 10.368190368190369, 54.691344691344682 ], [ 10.499950499950501, 54.658404658404663 ], [ 10.583470583470586, 54.656964656964647 ], [ 10.666630666630681, 54.655524655524658 ], [ 10.68463068463069, 54.655344655344663 ], [ 10.833310833310833, 54.652824652824648 ], [ 10.999990999991013, 54.644364644364657 ], [ 11.086031086031085, 54.622764622764635 ], [ 11.166671166671165, 54.602784602784595 ], [ 11.202671202671212, 54.592164592164579 ], [ 11.269991269991266, 54.572724572724582 ], [ 11.313551313551301, 54.559944559944569 ], [ 11.333351333351345, 54.554184554184559 ], [ 11.404271404271412, 54.533664533664535 ], [ 11.500031500031497, 54.500004500004508 ], [ 11.64835164835165, 54.468324468324482 ], [ 11.666711666711677, 54.463824463824466 ], [ 11.690111690111678, 54.461304461304451 ], [ 11.800271800271815, 54.449424449424441 ], [ 11.833391833391829, 54.445824445824456 ], [ 11.841311841311835, 54.446184446184446 ], [ 12.000072000072009, 54.449964449964455 ], [ 12.064872064872077, 54.486324486324492 ], [ 12.285552285552285, 54.608544608544605 ], [ 12.514872514872508, 54.734364734364732 ], [ 12.597672597672613, 54.780084780084792 ], [ 12.780192780192777, 54.878904878904876 ], [ 12.797112797112788, 54.888264888264899 ], [ 12.850032850032846, 54.91670491670493 ], [ 12.800712800712802, 55.016425016425018 ], [ 12.788112788112784, 55.041985041985043 ], [ 12.76147276147276, 55.095805095805105 ], [ 12.733752733752738, 55.151605151605139 ], [ 12.692352692352699, 55.233865233865231 ], [ 12.682632682632686, 55.253125253125262 ], [ 12.64087264087263, 55.336645336645347 ], [ 12.62863262863263, 55.373545373545369 ], [ 12.610992610992611, 55.433305433305435 ], [ 12.662112662112662, 55.459945459945459 ], [ 12.7035127035127, 55.482805482805475 ], [ 12.71503271503272, 55.491445491445489 ], [ 12.725112725112723, 55.541665541665537 ], [ 12.776952776952783, 55.565785565785575 ], [ 12.880272880272884, 55.613665613665603 ], [ 12.9000729000729, 55.644445644445653 ], [ 12.809352809352816, 55.732285732285732 ], [ 12.699912699912687, 55.833265833265841 ], [ 12.672552672552683, 55.898605898605894 ], [ 12.649872649872663, 55.916605916605931 ], [ 12.653472653472647, 55.972585972585961 ], [ 12.657072657072661, 56.032706032706045 ], [ 12.652752652752667, 56.055566055566061 ], [ 12.563832563832563, 56.100566100566112 ], [ 12.498312498312487, 56.133866133866121 ], [ 12.477792477792491, 56.145566145566136 ], [ 12.439992439992437, 56.164106164106158 ], [ 12.367992367992372, 56.214686214686225 ], [ 12.333072333072323, 56.260586260586251 ], [ 12.268632268632274, 56.344466344466355 ], [ 12.235152235152242, 56.38802638802639 ], [ 12.232272232272237, 56.391626391626403 ], [ 12.123552123552116, 56.531666531666531 ], [ 12.069912069912078, 56.600786600786591 ], [ 11.766071766071775, 56.985626985626993 ], [ 11.644031644031656, 57.137727137727126 ], [ 11.566631566631571, 57.25004725004726 ], [ 11.49823149823149, 57.318087318087322 ], [ 11.481311481311479, 57.338247338247328 ], [ 11.406791406791399, 57.429687429687419 ], [ 11.341631341631341, 57.509247509247501 ], [ 11.221391221391229, 57.654507654507654 ], [ 11.142911142911146, 57.74882774882775 ], [ 11.140391140391131, 57.751347751347765 ], [ 10.959670959670973, 57.966087966087969 ], [ 10.93879093879093, 57.990567990567996 ], [ 10.930150930150944, 57.999927999927991 ], [ 10.888750888750877, 58.049428049428059 ], [ 10.566190566190556, 58.424368424368424 ], [ 10.499950499950501, 58.499968499968503 ], [ 10.215550215550223, 58.36586836586838 ], [ 10.148950148950149, 58.334368334368349 ], [ 10.141750141750151, 58.330768330768336 ], [ 10.128790128790143, 58.324648324648336 ], [ 10.064350064350066, 58.294228294228304 ], [ 10.015750015750029, 58.271188271188265 ], [ 10.00999000999002, 58.268128268128265 ], [ 9.921789921789923, 58.225828225828224 ], [ 9.871029871029862, 58.201168201168201 ], [ 9.857709857709864, 58.194688194688183 ], [ 9.786069786069788, 58.160488160488171 ], [ 9.616509616509632, 58.078588078588069 ], [ 9.590949590949606, 58.065628065628061 ], [ 9.52506952506954, 58.033408033408023 ], [ 9.497349497349489, 58.02026802026802 ], [ 9.455949455949451, 57.999927999927991 ], [ 9.43866943866945, 57.991467991467999 ], [ 9.228429228429235, 57.887967887967875 ], [ 9.188469188469185, 57.868347868347882 ], [ 9.050949050949043, 57.799947799947802 ], [ 8.816948816948809, 57.682587682587695 ], [ 8.803268803268793, 57.675747675747687 ], [ 8.802188802188795, 57.675207675207673 ], [ 8.789228789228787, 57.668367668367665 ], [ 8.74638874638876, 57.646947646947638 ], [ 8.734508734508722, 57.640827640827638 ], [ 8.66646866646866, 57.606447606447603 ], [ 8.665388665388662, 57.606087606087613 ], [ 8.574308574308589, 57.559647559647573 ], [ 8.566028566028564, 57.555507555507546 ], [ 8.500148500148498, 57.521667521667524 ], [ 8.049428049428059, 57.289647289647291 ], [ 7.981387981387996, 57.253827253827268 ], [ 7.898227898227901, 57.210627210627223 ], [ 7.84710784710785, 57.183627183627181 ], [ 7.786627786627776, 57.151947151947155 ], [ 7.716787716787707, 57.114147114147102 ], [ 7.607347607347606, 57.057267057267069 ], [ 7.500067500067502, 57.000027000026989 ] ] ] } },
{ "type": "Feature", "properties": { "designator": "ENOR", "type": "FIR", "upper": null, "lower": 0.0, "name": "Polaris FIR" }, "geometry": { "type": "Polygon", "coordinates": [ [ [ 7.898227898227901, 57.210627210627223 ], [ 7.981387981387996, 57.253827253827268 ], [ 8.049428049428059, 57.289647289647291 ], [ 8.500148500148498, 57.521667521667524 ], [ 8.566028566028564, 57.555507555507546 ], [ 8.574308574308589, 57.559647559647573 ], [ 8.665388665388662, 57.606087606087613 ], [ 8.66646866646866, 57.606447606447603 ], [ 8.734508734508722, 57.640827640827638 ], [ 8.74638874638876, 57.646947646947638 ], [ 8.789228789228787, 57.668367668367665 ], [ 8.802188802188795, 57.675207675207673 ], [ 8.803268803268793, 57.675747675747687 ], [ 8.816948816948809, 57.682587682587695 ], [ 9.050949050949043, 57.799947799947802 ], [ 9.188469188469185, 57.868347868347882 ], [ 9.228429228429235, 57.887967887967875 ], [ 9.43866943866945, 57.991467991467999 ], [ 9.455949455949451, 57.999927999927991 ], [ 9.497349497349489, 58.02026802026802 ], [ 9.52506952506954, 58.033408033408023 ], [ 9.590949590949606, 58.065628065628061 ], [ 9.616509616509632, 58.078588078588069 ], [ 9.786069786069788, 58.160488160488171 ], [ 9.857709857709864, 58.194688194688183 ], [ 9.871029871029862, 58.201168201168201 ], [ 9.921789921789923, 58.225828225828224 ], [ 10.00999000999002, 58.268128268128265 ], [ 10.015750015750029, 58.271188271188265 ], [ 10.064350064350066, 58.294228294228304 ], [ 10.128790128790143, 58.324648324648336 ], [ 10.141750141750151, 58.330768330768336 ], [ 10.148950148950149, 58.334368334368349 ], [ 10.215550215550223, 58.36586836586838 ], [ 10.499950499950501, 58.499968499968503 ], [ 10.52947052947053, 58.583308583308593 ], [ 10.566190566190556, 58.685188685188677 ], [ 10.57015057015056, 58.696888696888692 ], [ 10.594270594270597, 58.76168876168876 ], [ 10.607950607950613, 58.805788805788808 ], [ 10.63891063891063, 58.892188892188898 ], [ 10.718470718470712, 58.906588906588894 ], [ 10.82899082899084, 58.926388926388938 ], [ 10.967950967950969, 58.956628956628947 ], [ 11.11735111735112, 59.015849015849028 ], [ 11.243351243351242, 59.092169092169087 ], [ 11.349551349551348, 59.108909108909103 ], [ 11.466551466551465, 58.883368883368888 ], [ 11.666711666711677, 58.899928899928909 ], [ 11.76931176931177, 59.124929124929139 ], [ 11.820431820431821, 59.317529317529306 ], [ 11.794511794511806, 59.366669366669356 ], [ 11.725391725391717, 59.518049518049509 ], [ 11.703431703431704, 59.569529569529578 ], [ 11.699831699831691, 59.599949599949611 ], [ 11.78083178083179, 59.642969642969632 ], [ 11.862911862911858, 59.653589653589648 ], [ 11.916551916551924, 59.700029700029688 ], [ 11.926991926991917, 59.792009792009793 ], [ 11.833391833391829, 59.833409833409831 ], [ 11.916551916551924, 59.88326988326989 ], [ 12.000072000072009, 59.895509895509889 ], [ 12.019872019872025, 59.891189891189896 ], [ 12.049032049032064, 59.890829890829906 ], [ 12.099072099072089, 59.890829890829906 ], [ 12.126072126072131, 59.893889893889906 ], [ 12.167832167832159, 59.898389898389894 ], [ 12.392112392112381, 60.012690012690001 ], [ 12.500112500112493, 60.099990099990094 ], [ 12.534672534672524, 60.17775017775017 ], [ 12.497232497232488, 60.299970299970312 ], [ 12.501192501192492, 60.306450306450301 ], [ 12.583272583272588, 60.379170379170375 ], [ 12.606672606672618, 60.512730512730514 ], [ 12.395712395712394, 60.733950733950735 ], [ 12.349992349992363, 60.833310833310833 ], [ 12.293112293112301, 60.918810918810919 ], [ 12.238752238752227, 60.999990999991013 ], [ 12.719352719352713, 61.151371151371166 ], [ 12.833472833472825, 61.366651366651354 ], [ 12.812232812232821, 61.383571383571393 ], [ 12.704952704952717, 61.46979146979146 ], [ 12.667872667872672, 61.499671499671507 ], [ 12.583272583272588, 61.566631566631571 ], [ 12.343512343512344, 61.638091638091652 ], [ 12.216792216792214, 61.675891675891677 ], [ 12.216432216432224, 61.784791784791793 ], [ 12.213192213192201, 61.916731916731919 ], [ 12.216792216792214, 62.000072000072009 ], [ 12.250272250272246, 62.099972099972092 ], [ 12.311112311112311, 62.266652266652272 ], [ 12.262152262152256, 62.319752319752325 ], [ 12.233712233712225, 62.36025236025236 ], [ 12.229032229032242, 62.366732366732379 ], [ 12.181512181512176, 62.434232434232428 ], [ 12.170712170712164, 62.499932499932498 ], [ 12.050112050112062, 62.666612666612679 ], [ 12.083232083232076, 62.916632916632921 ], [ 12.125352125352123, 62.937152937152945 ], [ 12.249912249912256, 62.999972999973011 ], [ 12.000072000072009, 63.28329328329329 ], [ 12.052632052632049, 63.330813330813328 ], [ 12.083232083232076, 63.350073350073359 ], [ 12.203832203832206, 63.434493434493447 ], [ 12.249912249912256, 63.466713466713458 ], [ 12.166752166752161, 63.599913599913606 ], [ 12.811152811152823, 63.96135396135395 ], [ 12.98071298071298, 64.05585405585407 ], [ 13.000153000153006, 64.066654066654081 ], [ 13.192033192033193, 64.073314073314066 ], [ 13.375993375993374, 64.079794079794084 ], [ 13.600633600633614, 64.058554058554051 ], [ 13.79395379395379, 64.034254034254047 ], [ 13.933273933273938, 64.000054000054007 ], [ 14.166554166554164, 64.200034200034196 ], [ 14.113994113994124, 64.461394461394462 ], [ 14.113994113994124, 64.462474462474461 ], [ 13.936513936513933, 64.500634500634504 ], [ 13.734193734193724, 64.555534555534564 ], [ 13.66651366651368, 64.599994599994602 ], [ 13.708993708993717, 64.643374643374642 ], [ 13.717993717993721, 64.65021465021465 ], [ 13.748233748233758, 64.674694674694678 ], [ 13.956673956673967, 64.842454842454856 ], [ 14.214074214074202, 65.039375039375045 ], [ 14.291834291834306, 65.094635094635095 ], [ 14.300114300114302, 65.100035100035115 ], [ 14.416754416754429, 65.266715266715266 ], [ 14.498834498834498, 65.515835515835505 ], [ 14.508194508194521, 65.557775557775557 ], [ 14.51431451431452, 65.584235584235586 ], [ 14.541674541674553, 65.701595701595693 ], [ 14.583434583434581, 65.750015750015763 ], [ 14.599994599994602, 65.800055800055787 ], [ 14.533394533394528, 66.133416133416148 ], [ 14.60071460071461, 66.135756135756139 ], [ 15.035235035235047, 66.153396153396159 ], [ 15.035595035595037, 66.153576153576154 ], [ 15.083475083475093, 66.166716166716157 ], [ 15.394875394875385, 66.257436257436268 ], [ 15.499995499995492, 66.266616266616268 ], [ 15.46075546075545, 66.331056331056345 ], [ 15.416835416835426, 66.500076500076489 ], [ 15.676035676035667, 66.636156636156642 ], [ 15.851355851355862, 66.767196767196765 ], [ 15.87583587583589, 66.785016785016779 ], [ 15.980955980955969, 66.833976833976834 ], [ 16.151956151956142, 66.914076914076929 ], [ 16.300636300636313, 66.999936999937006 ], [ 16.416556416556432, 67.066717066717075 ], [ 16.330156330156342, 67.262017262017253 ], [ 16.108396108396107, 67.457857457857472 ], [ 16.161316161316165, 67.516357516357516 ], [ 16.370116370116364, 67.53687753687754 ], [ 16.744876744876734, 67.913257913257922 ], [ 16.986796986796975, 67.994437994437988 ], [ 17.024237024237038, 68.005238005237999 ], [ 17.101277101277105, 68.02755802755803 ], [ 17.282717282717272, 68.118818118818126 ], [ 17.440397440397447, 68.084438084438091 ], [ 17.636237636237638, 68.048618048618039 ], [ 17.901557901557908, 67.968697968697967 ], [ 18.160398160398159, 68.205218205218216 ], [ 18.099918099918114, 68.411678411678423 ], [ 18.104958104958115, 68.426438426438438 ], [ 18.125118125118121, 68.538398538398553 ], [ 18.416718416718425, 68.583398583398576 ], [ 18.625158625158633, 68.506718506718499 ], [ 19.098559098559093, 68.497718497718495 ], [ 19.168759168759181, 68.484938484938482 ], [ 19.554319554319562, 68.420318420318409 ], [ 19.914679914679908, 68.359658359658368 ], [ 19.95931995931997, 68.350838350838359 ], [ 20.258480258480262, 68.48907848907848 ], [ 19.975159975159983, 68.560898560898551 ], [ 20.091440091440091, 68.609138609138597 ], [ 20.232560232560246, 68.698598698598687 ], [ 20.274320274320274, 68.739998739998754 ], [ 20.310680310680311, 68.768978768978769 ], [ 20.324720324720317, 68.791118791118805 ], [ 20.333360333360332, 68.883278883278876 ], [ 20.338040338040344, 68.929718929718945 ], [ 20.548640548640549, 69.06003906003906 ], [ 21.083241083241091, 69.049959049959057 ], [ 21.024561024561024, 69.223119223119227 ], [ 21.287361287361279, 69.3080793080793 ], [ 21.333441333441328, 69.316719316719315 ], [ 21.796041796041806, 69.17253917253916 ], [ 21.934641934641945, 69.066699066699073 ], [ 22.366642366642367, 68.733698733698731 ], [ 22.951642951642953, 68.690318690318691 ], [ 23.314883314883303, 68.666198666198653 ], [ 23.598923598923591, 68.753318753318752 ], [ 23.849843849843865, 68.833418833418847 ], [ 23.999963999963995, 68.793278793278802 ], [ 24.600084600084614, 68.633978633978643 ], [ 24.883404883404893, 68.558378558378564 ], [ 25.164565164565175, 68.802818802818791 ], [ 25.460485460485472, 68.913878913878904 ], [ 25.60016560016561, 68.999918999919004 ], [ 25.752805752805756, 69.330759330759321 ], [ 25.882045882045873, 69.596079596079591 ], [ 25.916605916605931, 69.666639666639668 ], [ 25.983205983205977, 69.693819693819705 ], [ 26.144126144126147, 69.758079758079759 ], [ 26.227646227646233, 69.791739791739786 ], [ 26.426726426726418, 69.908919908919898 ], [ 26.496926496926505, 69.917739917739908 ], [ 26.788166788166791, 69.954099954099945 ], [ 27.029007029007033, 69.917199917199923 ], [ 27.139167139167142, 69.931059931059934 ], [ 27.57908757908757, 70.075780075780074 ], [ 28.000648000647999, 70.105480105480098 ], [ 28.007488007488007, 70.097740097740086 ], [ 28.166608166608171, 69.91665991665991 ], [ 28.330048330048328, 69.886959886959886 ], [ 28.373248373248373, 69.86751986751986 ], [ 28.53092853092852, 69.797139797139806 ], [ 28.795168795168792, 69.751599751599741 ], [ 28.835128835128842, 69.745479745479741 ], [ 28.889488889488888, 69.737199737199745 ], [ 29.133209133209135, 69.699939699939705 ], [ 29.181089181089192, 69.64251964251963 ], [ 29.237609237609234, 69.574479574479568 ], [ 29.263889263889268, 69.549459549459556 ], [ 29.333369333369347, 69.483399483399495 ], [ 29.150129150129146, 69.386199386199394 ], [ 29.094329094329083, 69.356139356139352 ], [ 29.073449073449069, 69.34191934191935 ], [ 28.92296892296892, 69.26469926469926 ], [ 28.833328833328835, 69.216639216639209 ], [ 28.833328833328835, 69.179199179199173 ], [ 28.833328833328835, 69.171999171999175 ], [ 28.833328833328835, 69.128259128259117 ], [ 28.833328833328835, 69.09999909999911 ], [ 28.899928899928909, 69.074079074079066 ], [ 28.92872892872893, 69.051939051939058 ], [ 29.020169020169021, 69.024939024939016 ], [ 29.041049041049035, 69.01053901053902 ], [ 29.056529056529058, 69.015039015039008 ], [ 29.49428949428949, 69.308259308259323 ], [ 29.533169533169541, 69.333279333279336 ], [ 29.69012969012968, 69.361359361359376 ], [ 30.027810027810034, 69.422019422019417 ], [ 30.083250083250078, 69.658359658359672 ], [ 30.133290133290132, 69.672219672219683 ], [ 30.56637056637058, 69.541899541899539 ], [ 30.56673056673057, 69.541719541719544 ], [ 30.833490833490828, 69.533259533259525 ], [ 30.818730818730813, 69.794799794799786 ], [ 31.133371133371128, 70.0 ], [ 31.24137124137124, 70.069120069120061 ], [ 31.543051543051547, 70.258840258840252 ], [ 31.716571716571707, 70.366660366660369 ], [ 30.908010908010908, 70.671940671940661 ], [ 30.000090000090012, 71.000081000080996 ], [ 29.984249984249999, 71.002781002781006 ], [ 29.698049698049687, 71.052461052461041 ], [ 27.999927999927991, 71.333261333261333 ], [ 27.597447597447598, 71.333261333261333 ], [ 27.351927351927344, 71.333261333261333 ], [ 26.86376686376687, 71.333261333261333 ], [ 26.342846342846343, 71.333261333261333 ], [ 25.000045000044992, 71.333261333261333 ], [ 24.638964638964637, 71.297261297261286 ], [ 23.999963999963995, 71.211581211581205 ], [ 23.499923499923511, 71.156861156861169 ], [ 22.942282942282958, 71.116361116361105 ], [ 21.254241254241265, 70.917460917460915 ], [ 19.010719010719015, 70.622260622260626 ], [ 18.544878544878543, 70.556920556920545 ], [ 17.999837999838007, 70.466740466740475 ], [ 17.25463725463726, 70.365580365580371 ], [ 16.295956295956302, 70.214920214920227 ], [ 16.215676215676211, 70.202140202140214 ], [ 14.999954999955008, 70.0 ], [ 14.333234333234344, 69.715059715059709 ], [ 14.04127404127405, 69.585819585819593 ], [ 13.82275382275381, 69.488259488259501 ], [ 13.437913437913437, 69.31383931383931 ], [ 12.806832806832801, 69.01971901971902 ], [ 11.828711828711818, 68.542718542718546 ], [ 11.738351738351753, 68.498258498258508 ], [ 11.177831177831166, 68.199998199998191 ], [ 10.961470961470951, 68.097218097218104 ], [ 10.575550575550579, 67.89201789201789 ], [ 10.304830304830318, 67.744957744957759 ], [ 9.724509724509716, 67.422217422217415 ], [ 9.421029421029431, 67.249957249957248 ], [ 9.17982917982917, 67.109197109197112 ], [ 9.059589059589058, 67.038817038817029 ], [ 8.606708606708622, 66.768816768816777 ], [ 8.107388107388118, 66.462996462996472 ], [ 7.972387972387963, 66.380016380016372 ], [ 7.707427707427712, 66.211176211176223 ], [ 7.441027441027444, 66.039636039636036 ], [ 7.000027000026989, 65.750015750015763 ], [ 6.887346887346894, 65.657135657135655 ], [ 6.840546840546835, 65.618255618255631 ], [ 6.771786771786765, 65.550035550035545 ], [ 6.303786303786296, 65.164655164655159 ], [ 6.266706266706279, 65.133335133335123 ], [ 6.262386262386258, 65.12865512865514 ], [ 6.016506016506014, 64.91553491553492 ], [ 5.799425799425791, 64.722574722574734 ], [ 5.566145566145565, 64.513594513594512 ], [ 5.477945477945468, 64.428634428634439 ], [ 5.426825426825417, 64.386334386334397 ], [ 5.29794529794529, 64.265554265554272 ], [ 5.181305181305191, 64.158094158094173 ], [ 5.093465093465085, 64.073314073314066 ], [ 4.999864999864997, 64.000054000054007 ], [ 4.801144801144801, 63.795753795753797 ], [ 4.719064719064733, 63.716913716913723 ], [ 4.684144684144684, 63.683613683613686 ], [ 4.610344610344612, 63.611433611433625 ], [ 4.562824562824574, 63.566613566613569 ], [ 4.553104553104561, 63.555273555273544 ], [ 4.447624447624463, 63.450513450513455 ], [ 4.356184356184372, 63.359793359793372 ], [ 4.233064233064226, 63.236673236673226 ], [ 4.204624204624196, 63.207693207693211 ], [ 4.105624105624116, 63.1077931077931 ], [ 4.075024075024089, 63.071433071433063 ], [ 4.053064053064048, 63.054513054513052 ], [ 4.00014400014399, 62.999972999973011 ], [ 3.71718371718373, 62.999972999973011 ], [ 3.06594306594306, 62.999972999973011 ], [ 1.999981999981998, 62.999972999973011 ], [ 1.277821277821289, 62.999972999973011 ], [ 0.719100719100709, 62.999972999973011 ], [ 0.523980523980526, 62.999972999973011 ], [ 0.033300033300037, 62.999972999973011 ], [ 0.000180000179995, 63.016713016713027 ], [ 0.000180000179995, 62.999972999973011 ], [ 0.000180000179995, 62.743112743112732 ], [ 0.000180000179995, 62.624492624492632 ], [ 0.000180000179995, 62.516672516672514 ], [ 0.000180000179995, 62.499932499932498 ], [ 0.000180000179995, 62.000072000072009 ], [ 0.000180000179995, 61.898371898371892 ], [ 0.000180000179995, 61.786591786591799 ], [ 0.000180000179995, 61.683271683271698 ], [ 0.000180000179995, 61.528651528651523 ], [ 0.000180000179995, 61.500031500031497 ], [ 0.000180000179995, 61.216711216711218 ], [ 0.000180000179995, 61.214371214371226 ], [ 0.000180000179995, 61.107271107271117 ], [ 0.000180000179995, 61.004491004491001 ], [ 0.000180000179995, 60.999990999991013 ], [ 0.000180000179995, 60.749970749970743 ], [ 0.000180000179995, 60.69993069993069 ], [ 0.000180000179995, 60.594450594450592 ], [ 0.000180000179995, 60.494370494370486 ], [ 0.000180000179995, 59.999909999909988 ], [ 0.014940014940009, 59.991989991989982 ], [ 0.669060669060684, 59.638289638289649 ], [ 1.074061074061063, 59.413829413829404 ], [ 1.20834120834121, 59.338409338409349 ], [ 1.650061650061645, 59.083349083349077 ], [ 1.738981738981749, 59.035829035829039 ], [ 2.155142155142158, 58.793368793368785 ], [ 2.587502587502598, 58.52480852480852 ], [ 2.600102600102588, 58.516708516708519 ], [ 2.829062829062821, 58.389988389988389 ], [ 3.000063000062994, 58.299988299988314 ], [ 3.160983160983164, 58.176688176688174 ], [ 3.586503586503596, 57.921447921447935 ], [ 3.608463608463609, 57.907587907587896 ], [ 3.650223650223666, 57.88130788130789 ], [ 3.773343773343782, 57.803007803007802 ], [ 4.051264051264042, 57.623367623367614 ], [ 4.136944136944152, 57.570087570087566 ], [ 4.359424359424366, 57.425007425007436 ], [ 4.477504477504482, 57.347787347787346 ], [ 4.499464499464494, 57.333387333387321 ], [ 4.6117846117846, 57.257787257787271 ], [ 4.83642483642484, 57.110007110007103 ], [ 4.999864999864997, 57.000027000026989 ], [ 5.054225054225043, 57.000027000026989 ], [ 5.076545076545074, 57.000027000026989 ], [ 5.174825174825173, 57.000027000026989 ], [ 5.243945243945234, 57.000027000026989 ], [ 5.431505431505428, 57.000027000026989 ], [ 5.507465507465497, 57.000027000026989 ], [ 5.52294552294552, 57.000027000026989 ], [ 5.579105579105573, 57.000027000026989 ], [ 5.599985599985615, 57.000027000026989 ], [ 5.690705690705698, 57.000027000026989 ], [ 5.714105714105727, 57.000027000026989 ], [ 5.769905769905762, 57.000027000026989 ], [ 5.900945900945914, 57.000027000026989 ], [ 5.966825966825979, 57.000027000026989 ], [ 5.999945999945993, 57.000027000026989 ], [ 6.087426087426081, 57.000027000026989 ], [ 6.273906273906277, 57.000027000026989 ], [ 6.455706455706462, 57.000027000026989 ], [ 6.469386469386478, 57.000027000026989 ], [ 6.547146547146554, 57.000027000026989 ], [ 6.556866556866566, 57.000027000026989 ], [ 6.690426690426705, 57.000027000026989 ], [ 6.697626697626703, 57.000027000026989 ], [ 6.726066726066733, 57.000027000026989 ], [ 6.803466803466819, 57.000027000026989 ], [ 6.823266823266835, 57.000027000026989 ], [ 6.831546831546831, 57.000027000026989 ], [ 6.880146880146896, 57.000027000026989 ], [ 6.93522693522695, 57.000027000026989 ], [ 7.073107073107082, 57.000027000026989 ], [ 7.227187227187216, 57.000027000026989 ], [ 7.33986733986734, 57.000027000026989 ], [ 7.456147456147448, 57.000027000026989 ], [ 7.500067500067502, 57.000027000026989 ], [ 7.607347607347606, 57.057267057267069 ], [ 7.716787716787707, 57.114147114147102 ], [ 7.786627786627776, 57.151947151947155 ], [ 7.84710784710785, 57.183627183627181 ], [ 7.898227898227901, 57.210627210627223 ] ] ] } },
{ "type": "Feature", "properties": { "designator": "EPWW", "type": "FIR", "upper": null, "lower": 0.0, "name": "Warszawa FIR" }, "geometry": { "type": "Polygon", "coordinates": [ [ [ 22.766602766602773, 48.999918999919004 ], [ 22.833202833202847, 49.08883908883908 ], [ 22.738162738162742, 49.205479205479207 ], [ 22.736722736722726, 49.209979209979224 ], [ 22.656082656082646, 49.504639504639499 ], [ 22.654282654282667, 49.567819567819555 ], [ 22.940122940122933, 49.808839808839821 ], [ 22.994842994842998, 49.845919845919838 ], [ 23.058203058203048, 49.888399888399903 ], [ 23.138483138483139, 49.96579996579996 ], [ 23.211923211923221, 50.021600021600023 ], [ 23.485163485163497, 50.221040221040226 ], [ 23.825723825723827, 50.404100404100404 ], [ 24.065124065124053, 50.503280503280507 ], [ 24.058284058284073, 50.577260577260574 ], [ 24.050364050364038, 50.667800667800662 ], [ 24.100044100044101, 50.833400833400844 ], [ 23.787923787923802, 51.155241155241157 ], [ 23.645723645723649, 51.302841302841301 ], [ 23.620883620883632, 51.471681471681478 ], [ 23.61656361656361, 51.499941499941514 ], [ 23.559323559323559, 51.666621666621666 ], [ 23.543123543123556, 51.723141723141737 ], [ 23.664803664803657, 52.016362016362024 ], [ 23.552123552123561, 52.116082116082111 ], [ 23.404523404523417, 52.188082188082177 ], [ 23.209043209043216, 52.227862227862232 ], [ 23.166563166563179, 52.241722241722243 ], [ 23.933363933363921, 52.783342783342789 ], [ 23.933363933363921, 52.827802827802827 ], [ 23.92184392184393, 52.851382851382851 ], [ 23.983403983403974, 53.000063000062994 ], [ 23.894123894123908, 53.17772317772318 ], [ 23.894123894123908, 53.17808317808317 ], [ 23.767043767043759, 53.381123381123388 ], [ 23.629883629883636, 53.592803592803591 ], [ 23.553203553203559, 53.82968382968383 ], [ 23.516843516843522, 53.949923949923942 ], [ 23.48984348984348, 54.14144414144414 ], [ 23.488763488763482, 54.151884151884161 ], [ 23.407043407043403, 54.194364194364198 ], [ 23.159003159003163, 54.30812430812432 ], [ 23.059283059283047, 54.307584307584307 ], [ 22.999162999162991, 54.367704367704363 ], [ 22.874242874242867, 54.421704421704419 ], [ 22.79180279180278, 54.36338436338437 ], [ 22.175122175122169, 54.333324333324327 ], [ 21.466641466641477, 54.333324333324327 ], [ 20.69840069840069, 54.368244368244376 ], [ 20.500040500040512, 54.366624366624364 ], [ 20.280440280440274, 54.399744399744407 ], [ 20.0, 54.426384426384431 ], [ 19.868239868239868, 54.442584442584433 ], [ 19.65403965403965, 54.447804447804458 ], [ 19.575919575919585, 54.497484497484493 ], [ 19.548199548199563, 54.514764514764522 ], [ 19.453879453879466, 54.572724572724582 ], [ 19.404559404559393, 54.603144603144614 ], [ 19.355599355599367, 54.637704637704644 ], [ 19.293319293319286, 54.674964674964684 ], [ 19.256959256959249, 54.704484704484713 ], [ 19.198279198279209, 54.75002475002475 ], [ 19.007119007119002, 54.874944874944873 ], [ 18.994158994158994, 54.894384894384899 ], [ 18.958158958158947, 54.912744912744927 ], [ 18.95563895563896, 54.914184914184915 ], [ 18.904158904158919, 54.946044946044935 ], [ 18.493758493758492, 55.227205227205218 ], [ 18.44803844803846, 55.258525258525253 ], [ 18.401238401238402, 55.290205290205279 ], [ 18.391518391518389, 55.296325296325307 ], [ 18.388278388278394, 55.301905301905293 ], [ 18.167238167238168, 55.448605448605463 ], [ 17.958797958797959, 55.584505584505592 ], [ 17.944757944757953, 55.59476559476559 ], [ 17.785637785637789, 55.697545697545706 ], [ 17.549837549837548, 55.850005850005857 ], [ 17.189117189117184, 55.645525645525652 ], [ 17.161397161397161, 55.638685638685644 ], [ 17.147357147357155, 55.620505620505611 ], [ 16.925956925956939, 55.509805509805517 ], [ 16.879876879876889, 55.486585486585483 ], [ 16.713916713916717, 55.3989253989254 ], [ 16.501516501516505, 55.274365274365266 ], [ 16.233316233316231, 55.13324513324514 ], [ 16.105516105516102, 55.054945054945051 ], [ 16.070956070956072, 55.033525033525024 ], [ 16.000036000036005, 55.000045000044992 ], [ 15.949275949275943, 54.968364968364966 ], [ 15.86467586467586, 54.916344916344912 ], [ 15.844155844155836, 54.916344916344912 ], [ 15.83011583011583, 54.91670491670493 ], [ 15.787995787995783, 54.91670491670493 ], [ 15.72571572571573, 54.91670491670493 ], [ 15.711315711315706, 54.91670491670493 ], [ 15.655155655155653, 54.91670491670493 ], [ 15.296235296235295, 54.91670491670493 ], [ 15.24691524691525, 54.91670491670493 ], [ 15.140715140715145, 54.91670491670493 ], [ 15.118755118755132, 54.903564903564899 ], [ 15.09715509715511, 54.890064890064878 ], [ 15.080595080595089, 54.878364878364891 ], [ 15.058995058995066, 54.866664866664877 ], [ 15.036675036675035, 54.855864855864866 ], [ 15.013275013275006, 54.846144846144853 ], [ 14.988434988434989, 54.836964836964825 ], [ 14.963234963234953, 54.828684828684828 ], [ 14.944154944154945, 54.823104823104813 ], [ 14.909594909594915, 54.815004815004812 ], [ 14.881874881874893, 54.809424809424797 ], [ 14.857754857754855, 54.805644805644818 ], [ 14.853434853434862, 54.805284805284799 ], [ 14.824994824994832, 54.801684801684814 ], [ 14.795834795834793, 54.799524799524789 ], [ 14.766674766674754, 54.798084798084801 ], [ 14.737154737154725, 54.797724797724811 ], [ 14.707994707994715, 54.798624798624786 ], [ 14.678834678834676, 54.800604800604788 ], [ 14.650034650034655, 54.803304803304798 ], [ 14.624834624834619, 54.806904806904811 ], [ 14.621234621234635, 54.807264807264801 ], [ 14.593154593154594, 54.812304812304802 ], [ 14.56615456615458, 54.818064818064812 ], [ 14.563994563994555, 54.819684819684824 ], [ 14.539154539154538, 54.824724824724825 ], [ 14.513234513234522, 54.832464832464836 ], [ 14.488394488394476, 54.841464841464841 ], [ 14.474714474714489, 54.846684846684838 ], [ 14.464274464274467, 54.850824850824864 ], [ 14.441234441234457, 54.861444861444852 ], [ 14.419274419274416, 54.872424872424887 ], [ 14.398754398754392, 54.884484884484891 ], [ 14.379314379314394, 54.897264897264904 ], [ 14.357354357354353, 54.91670491670493 ], [ 14.336834336834329, 54.759384759384773 ], [ 14.331074331074319, 54.716364716364723 ], [ 14.324594324594329, 54.66668466668466 ], [ 14.297234297234297, 54.462024462024459 ], [ 14.280674280674276, 54.333324333324327 ], [ 14.259794259794262, 54.166644166644176 ], [ 14.223434223434225, 54.05162405162406 ], [ 14.227034227034238, 53.964143964143972 ], [ 14.228474228474226, 53.929403929403918 ], [ 14.212634212634214, 53.893943893943884 ], [ 14.227754227754218, 53.853083853083859 ], [ 14.275634275634275, 53.759483759483771 ], [ 14.290034290034299, 53.737703737703725 ], [ 14.27851427851428, 53.684423684423678 ], [ 14.313434313434328, 53.644463644463656 ], [ 14.325674325674328, 53.507843507843518 ], [ 14.388674388674389, 53.378063378063388 ], [ 14.40487440487442, 53.358083358083348 ], [ 14.416754416754429, 53.333423333423326 ], [ 14.409914409914421, 53.275823275823285 ], [ 14.377514377514387, 53.17772317772318 ], [ 14.333234333234344, 53.166743166743174 ], [ 14.156834156834151, 52.906102906102916 ], [ 14.22091422091421, 52.815022815022814 ], [ 14.224874224874213, 52.81214281214281 ], [ 14.249714249714259, 52.796302796302797 ], [ 14.262674262674267, 52.786582786582784 ], [ 14.275994275994265, 52.777762777762774 ], [ 14.286794286794276, 52.771642771642775 ], [ 14.302274302274299, 52.763542763542773 ], [ 14.324594324594329, 52.758682758682767 ], [ 14.345114345114354, 52.753102753102752 ], [ 14.358074358074361, 52.746622746622734 ], [ 14.371394371394359, 52.737802737802753 ], [ 14.385434385434394, 52.728802728802719 ], [ 14.395874395874387, 52.718542718542722 ], [ 14.40523440523441, 52.7111627111627 ], [ 14.408474408474405, 52.705582705582714 ], [ 14.416034416034421, 52.700542700542712 ], [ 14.423954423954427, 52.692262692262688 ], [ 14.435114435114428, 52.681462681462676 ], [ 14.448434448434455, 52.675342675342677 ], [ 14.463554463554459, 52.666882666882657 ], [ 14.473274473274472, 52.656082656082646 ], [ 14.488034488034486, 52.648342648342663 ], [ 14.502074502074493, 52.642762642762648 ], [ 14.522954522954535, 52.637002637002638 ], [ 14.52583452583454, 52.631602631602647 ], [ 14.543114543114541, 52.631062631062633 ], [ 14.561834561834559, 52.62440262440262 ], [ 14.573714573714568, 52.617742617742607 ], [ 14.590274590274589, 52.610362610362614 ], [ 14.604314604314595, 52.601722601722599 ], [ 14.615834615834615, 52.591642591642596 ], [ 14.623754623754621, 52.583002583002582 ], [ 14.638154638154646, 52.574722574722585 ], [ 14.637074637074647, 52.561942561942573 ], [ 14.624834624834619, 52.55258255258255 ], [ 14.61871461871462, 52.543042543042532 ], [ 14.610074610074605, 52.530262530262519 ], [ 14.611154611154603, 52.515502515502504 ], [ 14.623394623394631, 52.50578250578252 ], [ 14.635634635634631, 52.499482499482497 ], [ 14.634914634914622, 52.493542493542492 ], [ 14.632394632394636, 52.486162486162499 ], [ 14.620514620514626, 52.475362475362488 ], [ 14.608994608994607, 52.464382464382453 ], [ 14.60071460071461, 52.455562455562443 ], [ 14.589914589914599, 52.443862443862457 ], [ 14.575154575154585, 52.435762435762427 ], [ 14.555714555714559, 52.431442431442434 ], [ 14.543834543834549, 52.424782424782421 ], [ 14.538794538794548, 52.409662409662417 ], [ 14.534474534474526, 52.397782397782407 ], [ 14.540954540954544, 52.385542385542379 ], [ 14.549954549954549, 52.377442377442378 ], [ 14.553914553914552, 52.364122364122352 ], [ 14.556794556794557, 52.350082350082346 ], [ 14.563994563994555, 52.338382338382331 ], [ 14.56687456687456, 52.328122328122333 ], [ 14.579114579114588, 52.318582318582315 ], [ 14.585954585954596, 52.306342306342316 ], [ 14.57875457875457, 52.293922293922293 ], [ 14.584874584874598, 52.284382284382275 ], [ 14.596034596034599, 52.274482274482267 ], [ 14.614754614754617, 52.271062271062277 ], [ 14.632034632034646, 52.264402264402264 ], [ 14.650394650394645, 52.260802260802251 ], [ 14.674514674514683, 52.257562257562256 ], [ 14.69359469359469, 52.254142254142266 ], [ 14.707994707994715, 52.245862245862241 ], [ 14.713754713754724, 52.236142236142229 ], [ 14.712674712674726, 52.228042228042227 ], [ 14.713394713394706, 52.221382221382214 ], [ 14.706554706554698, 52.2066222066222 ], [ 14.693954693954709, 52.196722196722192 ], [ 14.697914697914712, 52.187002187002179 ], [ 14.707634707634696, 52.176022176022173 ], [ 14.706194706194708, 52.162162162162161 ], [ 14.692874692874682, 52.152802152802167 ], [ 14.684954684954675, 52.143082143082154 ], [ 14.680274680274692, 52.138582138582137 ], [ 14.755514755514753, 52.058302058302047 ], [ 14.675234675234663, 51.903141903141915 ], [ 14.633474633474634, 51.833301833301846 ], [ 14.616554616554623, 51.800001800001809 ], [ 14.666594666594676, 51.749961749961756 ], [ 14.681714681714681, 51.716301716301729 ], [ 14.714474714474704, 51.698661698661709 ], [ 14.738234738234752, 51.58310158310158 ], [ 14.807714807714802, 51.5116415116415 ], [ 14.828234828234827, 51.498321498321502 ], [ 14.841554841554853, 51.490761490761486 ], [ 14.919314919314928, 51.480501480501488 ], [ 14.95279495279496, 51.463941463941467 ], [ 14.968994968994963, 51.440901440901456 ], [ 14.961794961794965, 51.406881406881411 ], [ 15.010395010395001, 51.203121203121214 ], [ 14.990234990234995, 51.118341118341107 ], [ 14.916794916794913, 50.990540990540978 ], [ 14.856674856674857, 50.909720909720903 ], [ 14.824994824994832, 50.885060885060881 ], [ 14.823194823194825, 50.870480870480861 ], [ 14.823194823194825, 50.870300870300866 ], [ 14.863514863514865, 50.870300870300866 ], [ 15.002115002115005, 50.869940869940876 ], [ 14.992754992754982, 50.904500904500907 ], [ 15.011835011835018, 50.97992097992099 ], [ 15.002475002474995, 50.98334098334098 ], [ 15.000675000674988, 50.984420984420979 ], [ 14.974034974034964, 50.996120996120993 ], [ 15.025875025875024, 51.031581031581027 ], [ 15.034875034875029, 51.010881010881008 ], [ 15.060435060435054, 51.024201024201034 ], [ 15.094635094635095, 51.013941013941007 ], [ 15.240075240075242, 50.998100998100995 ], [ 15.29335529335529, 50.953100953100943 ], [ 15.373995373995371, 50.808020808020814 ], [ 15.373995373995371, 50.807840807840819 ], [ 15.367155367155362, 50.795240795240801 ], [ 15.52447552447552, 50.780840780840776 ], [ 15.673875673875671, 50.754200754200752 ], [ 16.085356085356096, 50.650520650520662 ], [ 16.097956097956086, 50.661860661860658 ], [ 16.15267615267615, 50.653040653040648 ], [ 16.185796185796193, 50.625320625320626 ], [ 16.220356220356223, 50.639360639360632 ], [ 16.237276237276234, 50.672840672840664 ], [ 16.333036333036347, 50.663660663660664 ], [ 16.408996408996416, 50.61164061164061 ], [ 16.440676440676441, 50.587520587520601 ], [ 16.416556416556432, 50.574920574920583 ], [ 16.1987561987562, 50.435240435240445 ], [ 16.306036306036304, 50.382860382860372 ], [ 16.425916425916427, 50.325260325260331 ], [ 16.469116469116472, 50.281340281340277 ], [ 16.503676503676502, 50.256320256320265 ], [ 16.55695655695655, 50.217800217800232 ], [ 16.567396567396571, 50.161460161460155 ], [ 16.628596628596625, 50.130320130320143 ], [ 16.691596691596686, 50.0982800982801 ], [ 16.854316854316863, 50.203940203940192 ], [ 16.981036981036993, 50.237420237420253 ], [ 17.011997011997011, 50.21888021888023 ], [ 17.016317016317004, 50.25920025920027 ], [ 17.01739701739703, 50.269640269640263 ], [ 16.995436995436989, 50.29106029106029 ], [ 16.973476973476977, 50.307980307980301 ], [ 16.904356904356916, 50.448020448020458 ], [ 17.198837198837197, 50.374940374940365 ], [ 17.350397350397344, 50.302220302220292 ], [ 17.449037449037462, 50.255060255060243 ], [ 17.467397467397461, 50.268920268920283 ], [ 17.63479763479765, 50.272700272700263 ], [ 17.696717696717684, 50.326160326160334 ], [ 17.745317745317749, 50.301140301140293 ], [ 17.748197748197754, 50.209520209520207 ], [ 17.748197748197754, 50.205200205200214 ], [ 17.736677736677734, 50.202860202860194 ], [ 17.734877734877728, 50.202500202500204 ], [ 17.734517734517738, 50.202500202500204 ], [ 17.592677592677603, 50.160020160020167 ], [ 17.592677592677603, 50.159660159660149 ], [ 17.604197604197594, 50.153360153360154 ], [ 17.680517680517681, 50.111600111600126 ], [ 17.707877707877714, 50.096660096660088 ], [ 17.75071775071774, 50.073080073080064 ], [ 17.761517761517752, 50.056880056880061 ], [ 17.784557784557791, 50.019980019980011 ], [ 17.864837864837853, 49.976059976059986 ], [ 17.932157932157935, 49.99081999082 ], [ 17.956997956997952, 50.003420003420018 ], [ 17.995517995517986, 50.030240030240037 ], [ 18.004878004878009, 50.053280053280048 ], [ 18.097038097038109, 50.026640026640024 ], [ 18.118278118278113, 49.995499995499983 ], [ 18.161478161478158, 49.982539982539976 ], [ 18.181278181278174, 50.003420003420018 ], [ 18.195318195318208, 50.00270000270001 ], [ 18.201798201798198, 50.001620001620012 ], [ 18.211158211158221, 49.991899991899999 ], [ 18.218718218718209, 49.968679968679965 ], [ 18.27487827487829, 49.962199962199975 ], [ 18.283158283158286, 49.933939933939939 ], [ 18.318438318438325, 49.917559917559913 ], [ 18.347958347958354, 49.929439929439923 ], [ 18.415998415998416, 49.933399933399926 ], [ 18.469278469278464, 49.9108999108999 ], [ 18.565398565398567, 49.880299880299873 ], [ 18.572598572598565, 49.847539847539849 ], [ 18.628758628758618, 49.720279720279734 ], [ 18.709038709038708, 49.694719694719709 ], [ 18.80623880623881, 49.66519966519968 ], [ 18.850878850878843, 49.516879516879527 ], [ 18.96211896211895, 49.511119511119517 ], [ 18.976518976518975, 49.444699444699438 ], [ 18.981198981198986, 49.390339390339392 ], [ 19.200079200079188, 49.413559413559426 ], [ 19.259479259479264, 49.53001953001953 ], [ 19.46935946935946, 49.611739611739608 ], [ 19.590319590319581, 49.504639504639499 ], [ 19.646839646839652, 49.454959454959464 ], [ 19.636039636039641, 49.427779427779427 ], [ 19.765279765279757, 49.384939384939372 ], [ 19.791559791559791, 49.376299376299386 ], [ 19.799839799839788, 49.303579303579312 ], [ 19.851679851679847, 49.196299196299208 ], [ 20.0, 49.222219222219223 ], [ 20.100080100080106, 49.220059220059227 ], [ 20.175320175320167, 49.313659313659315 ], [ 20.255240255240267, 49.349659349659362 ], [ 20.325440325440326, 49.358839358839361 ], [ 20.54792054792054, 49.3879993879994 ], [ 20.664560664560668, 49.403659403659418 ], [ 20.702360702360693, 49.417519417519429 ], [ 20.873360873360866, 49.324459324459326 ], [ 20.933120933120932, 49.291879291879297 ], [ 21.010161010160999, 49.336339336339336 ], [ 21.095481095481091, 49.367479367479376 ], [ 21.198441198441202, 49.408339408339401 ], [ 21.226881226881233, 49.419499419499431 ], [ 21.333441333441328, 49.448659448659441 ], [ 21.439281439281444, 49.412839412839418 ], [ 21.923481923481916, 49.351999351999353 ], [ 21.95012195012194, 49.336339336339336 ], [ 22.281322281322275, 49.142299142299152 ], [ 22.566802566802579, 49.088659088659085 ], [ 22.766602766602773, 48.999918999919004 ] ] ] } },
{ "type": "Feature", "properties": { "designator": "ESAA", "type": "FIR", "upper": null, "lower": 0.0, "name": "Sweden FIR" }, "geometry": { "type": "Polygon", "coordinates": [ [ [ 19.195399195399204, 60.541710541710529 ], [ 19.236799236799243, 60.698310698310706 ], [ 19.300159300159294, 60.999990999991013 ], [ 19.316719316719315, 61.064791064791052 ], [ 19.415719415719423, 61.362511362511356 ], [ 19.482679482679487, 61.605511605511595 ], [ 19.487359487359498, 61.620631620631627 ], [ 19.499959499959488, 61.666711666711677 ], [ 19.52155952155951, 61.71747171747171 ], [ 19.52155952155951, 61.718011718011724 ], [ 19.540279540279528, 61.761931761931777 ], [ 19.633159633159636, 62.000072000072009 ], [ 19.726759726759724, 62.1928521928522 ], [ 19.821799821799829, 62.396972396972387 ], [ 19.824319824319815, 62.414972414972425 ], [ 19.833319833319848, 62.466632466632461 ], [ 20.010800010800011, 62.830592830592821 ], [ 20.16668016668018, 63.166653166653163 ], [ 20.574200574200574, 63.418653418653406 ], [ 20.609120609120623, 63.435573435573446 ], [ 20.666720666720664, 63.466713466713458 ], [ 20.883800883800888, 63.512433512433518 ], [ 21.036801036801052, 63.538533538533528 ], [ 21.168921168921173, 63.561753561753562 ], [ 21.187641187641191, 63.564093564093554 ], [ 21.299601299601306, 63.582813582813571 ], [ 21.309681309681309, 63.584973584973596 ], [ 21.433161433161445, 63.605493605493621 ], [ 21.49976149976149, 63.616653616653622 ], [ 21.500121500121509, 63.616653616653622 ], [ 21.566721566721554, 63.669213669213661 ], [ 21.580761580761589, 63.680013680013673 ], [ 21.692001692001696, 63.766593766593758 ], [ 21.710721710721714, 63.780813780813787 ], [ 21.812241812241808, 63.860013860013851 ], [ 21.816201816201811, 63.862713862713861 ], [ 21.843201843201854, 63.883593883593875 ], [ 21.895761895761893, 63.924633924633923 ], [ 21.941121941121935, 63.960273960273952 ], [ 21.961641961641959, 63.974673974673976 ], [ 22.028602028602023, 64.025794025794028 ], [ 22.081882081882071, 64.066654066654081 ], [ 22.1114021114021, 64.088974088974084 ], [ 22.149562149562144, 64.118134118134122 ], [ 22.27232227232227, 64.209754209754209 ], [ 22.590922590922588, 64.446454446454453 ], [ 22.706122706122699, 64.530874530874542 ], [ 22.737802737802753, 64.553914553914552 ], [ 22.799002799002807, 64.598014598014601 ], [ 22.822042822042818, 64.61529461529463 ], [ 22.922122922122924, 64.681354681354691 ], [ 23.035163035163038, 64.768294768294766 ], [ 23.176643176643182, 64.868014868014882 ], [ 23.375723375723368, 65.003915003915012 ], [ 23.49560349560349, 65.091935091935085 ], [ 23.570843570843579, 65.14053514053515 ], [ 23.727443727443728, 65.251595251595262 ], [ 23.781803781803774, 65.288675288675279 ], [ 23.909603909603902, 65.374355374355389 ], [ 23.969363969363968, 65.415575415575404 ], [ 24.028764028764044, 65.455535455535454 ], [ 24.035964035964042, 65.460215460215466 ], [ 24.140004140004152, 65.530055530055535 ], [ 24.154044154044158, 65.592695592695605 ], [ 24.138924138924153, 65.76603576603577 ], [ 24.132084132084145, 65.784755784755788 ], [ 24.076644076644072, 65.940635940635929 ], [ 23.939843939843939, 66.090036090036079 ], [ 23.819603819603827, 66.174636174636163 ], [ 23.800163800163801, 66.200016200016194 ], [ 23.718443718443723, 66.266076266076254 ], [ 23.70836370836372, 66.273816273816266 ], [ 23.654723654723654, 66.317736317736319 ], [ 23.691803691803699, 66.383076383076371 ], [ 23.742203742203742, 66.471996471996476 ], [ 23.769923769923764, 66.520596520596513 ], [ 23.8012438012438, 66.576756576756566 ], [ 23.892323892323901, 66.735336735336745 ], [ 23.986283986283979, 66.803376803376807 ], [ 23.946683946683947, 66.837756837756842 ], [ 23.83544383544384, 66.933336933336932 ], [ 23.717003717003706, 67.034677034677031 ], [ 23.614043614043624, 67.214677214677209 ], [ 23.766683766683769, 67.33221733221734 ], [ 23.785043785043797, 67.423297423297413 ], [ 23.4952434952435, 67.690597690597684 ], [ 23.578763578763585, 67.896697896697901 ], [ 23.629523629523618, 67.967437967437974 ], [ 23.493443493443493, 68.023418023418031 ], [ 23.339003339003341, 68.130338130338146 ], [ 23.321723321723312, 68.141318141318152 ], [ 23.105723105723115, 68.256158256158244 ], [ 22.49696249696251, 68.44227844227845 ], [ 21.387801387801403, 68.770058770058768 ], [ 21.172881172881176, 68.833058833058828 ], [ 20.548640548640549, 69.06003906003906 ], [ 20.338040338040344, 68.929718929718945 ], [ 20.333360333360332, 68.883278883278876 ], [ 20.324720324720317, 68.791118791118805 ], [ 20.310680310680311, 68.768978768978769 ], [ 20.274320274320274, 68.739998739998754 ], [ 20.232560232560246, 68.698598698598687 ], [ 20.091440091440091, 68.609138609138597 ], [ 19.975159975159983, 68.560898560898551 ], [ 20.258480258480262, 68.48907848907848 ], [ 19.95931995931997, 68.350838350838359 ], [ 19.914679914679908, 68.359658359658368 ], [ 19.554319554319562, 68.420318420318409 ], [ 19.168759168759181, 68.484938484938482 ], [ 19.098559098559093, 68.497718497718495 ], [ 18.625158625158633, 68.506718506718499 ], [ 18.416718416718425, 68.583398583398576 ], [ 18.125118125118121, 68.538398538398553 ], [ 18.104958104958115, 68.426438426438438 ], [ 18.099918099918114, 68.411678411678423 ], [ 18.160398160398159, 68.205218205218216 ], [ 17.901557901557908, 67.968697968697967 ], [ 17.636237636237638, 68.048618048618039 ], [ 17.440397440397447, 68.084438084438091 ], [ 17.282717282717272, 68.118818118818126 ], [ 17.101277101277105, 68.02755802755803 ], [ 17.024237024237038, 68.005238005237999 ], [ 16.986796986796975, 67.994437994437988 ], [ 16.744876744876734, 67.913257913257922 ], [ 16.370116370116364, 67.53687753687754 ], [ 16.161316161316165, 67.516357516357516 ], [ 16.108396108396107, 67.457857457857472 ], [ 16.330156330156342, 67.262017262017253 ], [ 16.416556416556432, 67.066717066717075 ], [ 16.300636300636313, 66.999936999937006 ], [ 16.151956151956142, 66.914076914076929 ], [ 15.980955980955969, 66.833976833976834 ], [ 15.87583587583589, 66.785016785016779 ], [ 15.851355851355862, 66.767196767196765 ], [ 15.676035676035667, 66.636156636156642 ], [ 15.416835416835426, 66.500076500076489 ], [ 15.46075546075545, 66.331056331056345 ], [ 15.499995499995492, 66.266616266616268 ], [ 15.394875394875385, 66.257436257436268 ], [ 15.083475083475093, 66.166716166716157 ], [ 15.035595035595037, 66.153576153576154 ], [ 15.035235035235047, 66.153396153396159 ], [ 14.60071460071461, 66.135756135756139 ], [ 14.533394533394528, 66.133416133416148 ], [ 14.599994599994602, 65.800055800055787 ], [ 14.583434583434581, 65.750015750015763 ], [ 14.541674541674553, 65.701595701595693 ], [ 14.51431451431452, 65.584235584235586 ], [ 14.508194508194521, 65.557775557775557 ], [ 14.498834498834498, 65.515835515835505 ], [ 14.416754416754429, 65.266715266715266 ], [ 14.300114300114302, 65.100035100035115 ], [ 14.291834291834306, 65.094635094635095 ], [ 14.214074214074202, 65.039375039375045 ], [ 13.956673956673967, 64.842454842454856 ], [ 13.748233748233758, 64.674694674694678 ], [ 13.717993717993721, 64.65021465021465 ], [ 13.708993708993717, 64.643374643374642 ], [ 13.66651366651368, 64.599994599994602 ], [ 13.734193734193724, 64.555534555534564 ], [ 13.936513936513933, 64.500634500634504 ], [ 14.113994113994124, 64.462474462474461 ], [ 14.113994113994124, 64.461394461394462 ], [ 14.166554166554164, 64.200034200034196 ], [ 13.933273933273938, 64.000054000054007 ], [ 13.79395379395379, 64.034254034254047 ], [ 13.600633600633614, 64.058554058554051 ], [ 13.375993375993374, 64.079794079794084 ], [ 13.192033192033193, 64.073314073314066 ], [ 13.000153000153006, 64.066654066654081 ], [ 12.98071298071298, 64.05585405585407 ], [ 12.811152811152823, 63.96135396135395 ], [ 12.166752166752161, 63.599913599913606 ], [ 12.249912249912256, 63.466713466713458 ], [ 12.203832203832206, 63.434493434493447 ], [ 12.083232083232076, 63.350073350073359 ], [ 12.052632052632049, 63.330813330813328 ], [ 12.000072000072009, 63.28329328329329 ], [ 12.249912249912256, 62.999972999973011 ], [ 12.125352125352123, 62.937152937152945 ], [ 12.083232083232076, 62.916632916632921 ], [ 12.050112050112062, 62.666612666612679 ], [ 12.170712170712164, 62.499932499932498 ], [ 12.181512181512176, 62.434232434232428 ], [ 12.229032229032242, 62.366732366732379 ], [ 12.233712233712225, 62.36025236025236 ], [ 12.262152262152256, 62.319752319752325 ], [ 12.311112311112311, 62.266652266652272 ], [ 12.250272250272246, 62.099972099972092 ], [ 12.216792216792214, 62.000072000072009 ], [ 12.213192213192201, 61.916731916731919 ], [ 12.216432216432224, 61.784791784791793 ], [ 12.216792216792214, 61.675891675891677 ], [ 12.343512343512344, 61.638091638091652 ], [ 12.583272583272588, 61.566631566631571 ], [ 12.667872667872672, 61.499671499671507 ], [ 12.704952704952717, 61.46979146979146 ], [ 12.812232812232821, 61.383571383571393 ], [ 12.833472833472825, 61.366651366651354 ], [ 12.719352719352713, 61.151371151371166 ], [ 12.238752238752227, 60.999990999991013 ], [ 12.293112293112301, 60.918810918810919 ], [ 12.349992349992363, 60.833310833310833 ], [ 12.395712395712394, 60.733950733950735 ], [ 12.606672606672618, 60.512730512730514 ], [ 12.583272583272588, 60.379170379170375 ], [ 12.501192501192492, 60.306450306450301 ], [ 12.497232497232488, 60.299970299970312 ], [ 12.534672534672524, 60.17775017775017 ], [ 12.500112500112493, 60.099990099990094 ], [ 12.392112392112381, 60.012690012690001 ], [ 12.167832167832159, 59.898389898389894 ], [ 12.126072126072131, 59.893889893889906 ], [ 12.099072099072089, 59.890829890829906 ], [ 12.049032049032064, 59.890829890829906 ], [ 12.019872019872025, 59.891189891189896 ], [ 12.000072000072009, 59.895509895509889 ], [ 11.916551916551924, 59.88326988326989 ], [ 11.833391833391829, 59.833409833409831 ], [ 11.926991926991917, 59.792009792009793 ], [ 11.916551916551924, 59.700029700029688 ], [ 11.862911862911858, 59.653589653589648 ], [ 11.78083178083179, 59.642969642969632 ], [ 11.699831699831691, 59.599949599949611 ], [ 11.703431703431704, 59.569529569529578 ], [ 11.725391725391717, 59.518049518049509 ], [ 11.794511794511806, 59.366669366669356 ], [ 11.820431820431821, 59.317529317529306 ], [ 11.76931176931177, 59.124929124929139 ], [ 11.666711666711677, 58.899928899928909 ], [ 11.466551466551465, 58.883368883368888 ], [ 11.349551349551348, 59.108909108909103 ], [ 11.243351243351242, 59.092169092169087 ], [ 11.11735111735112, 59.015849015849028 ], [ 10.967950967950969, 58.956628956628947 ], [ 10.82899082899084, 58.926388926388938 ], [ 10.718470718470712, 58.906588906588894 ], [ 10.63891063891063, 58.892188892188898 ], [ 10.607950607950613, 58.805788805788808 ], [ 10.594270594270597, 58.76168876168876 ], [ 10.57015057015056, 58.696888696888692 ], [ 10.566190566190556, 58.685188685188677 ], [ 10.52947052947053, 58.583308583308593 ], [ 10.499950499950501, 58.499968499968503 ], [ 10.566190566190556, 58.424368424368424 ], [ 10.888750888750877, 58.049428049428059 ], [ 10.930150930150944, 57.999927999927991 ], [ 10.93879093879093, 57.990567990567996 ], [ 10.959670959670973, 57.966087966087969 ], [ 11.140391140391131, 57.751347751347765 ], [ 11.142911142911146, 57.74882774882775 ], [ 11.221391221391229, 57.654507654507654 ], [ 11.341631341631341, 57.509247509247501 ], [ 11.406791406791399, 57.429687429687419 ], [ 11.481311481311479, 57.338247338247328 ], [ 11.49823149823149, 57.318087318087322 ], [ 11.566631566631571, 57.25004725004726 ], [ 11.644031644031656, 57.137727137727126 ], [ 11.766071766071775, 56.985626985626993 ], [ 12.069912069912078, 56.600786600786591 ], [ 12.123552123552116, 56.531666531666531 ], [ 12.232272232272237, 56.391626391626403 ], [ 12.235152235152242, 56.38802638802639 ], [ 12.268632268632274, 56.344466344466355 ], [ 12.333072333072323, 56.260586260586251 ], [ 12.367992367992372, 56.214686214686225 ], [ 12.439992439992437, 56.164106164106158 ], [ 12.477792477792491, 56.145566145566136 ], [ 12.498312498312487, 56.133866133866121 ], [ 12.563832563832563, 56.100566100566112 ], [ 12.652752652752667, 56.055566055566061 ], [ 12.657072657072661, 56.032706032706045 ], [ 12.653472653472647, 55.972585972585961 ], [ 12.649872649872663, 55.916605916605931 ], [ 12.672552672552683, 55.898605898605894 ], [ 12.699912699912687, 55.833265833265841 ], [ 12.809352809352816, 55.732285732285732 ], [ 12.9000729000729, 55.644445644445653 ], [ 12.880272880272884, 55.613665613665603 ], [ 12.776952776952783, 55.565785565785575 ], [ 12.725112725112723, 55.541665541665537 ], [ 12.71503271503272, 55.491445491445489 ], [ 12.7035127035127, 55.482805482805475 ], [ 12.662112662112662, 55.459945459945459 ], [ 12.610992610992611, 55.433305433305435 ], [ 12.62863262863263, 55.373545373545369 ], [ 12.64087264087263, 55.336645336645347 ], [ 12.682632682632686, 55.253125253125262 ], [ 12.692352692352699, 55.233865233865231 ], [ 12.733752733752738, 55.151605151605139 ], [ 12.76147276147276, 55.095805095805105 ], [ 12.788112788112784, 55.041985041985043 ], [ 12.800712800712802, 55.016425016425018 ], [ 12.850032850032846, 54.91670491670493 ], [ 12.92239292239293, 54.91670491670493 ], [ 13.000153000153006, 54.91670491670493 ], [ 13.386073386073377, 54.91670491670493 ], [ 13.560673560673564, 54.91670491670493 ], [ 13.66075366075367, 54.91670491670493 ], [ 13.750033750033765, 54.91670491670493 ], [ 13.760833760833776, 54.91670491670493 ], [ 14.166554166554164, 54.91670491670493 ], [ 14.344034344034355, 54.91670491670493 ], [ 14.357354357354353, 54.91670491670493 ], [ 14.379314379314394, 54.897264897264904 ], [ 14.398754398754392, 54.884484884484891 ], [ 14.419274419274416, 54.872424872424887 ], [ 14.441234441234457, 54.861444861444852 ], [ 14.464274464274467, 54.850824850824864 ], [ 14.474714474714489, 54.846684846684838 ], [ 14.488394488394476, 54.841464841464841 ], [ 14.513234513234522, 54.832464832464836 ], [ 14.539154539154538, 54.824724824724825 ], [ 14.563994563994555, 54.819684819684824 ], [ 14.56615456615458, 54.818064818064812 ], [ 14.593154593154594, 54.812304812304802 ], [ 14.621234621234635, 54.807264807264801 ], [ 14.624834624834619, 54.806904806904811 ], [ 14.650034650034655, 54.803304803304798 ], [ 14.678834678834676, 54.800604800604788 ], [ 14.707994707994715, 54.798624798624786 ], [ 14.737154737154725, 54.797724797724811 ], [ 14.766674766674754, 54.798084798084801 ], [ 14.795834795834793, 54.799524799524789 ], [ 14.824994824994832, 54.801684801684814 ], [ 14.853434853434862, 54.805284805284799 ], [ 14.857754857754855, 54.805644805644818 ], [ 14.881874881874893, 54.809424809424797 ], [ 14.909594909594915, 54.815004815004812 ], [ 14.944154944154945, 54.823104823104813 ], [ 14.963234963234953, 54.828684828684828 ], [ 14.988434988434989, 54.836964836964825 ], [ 15.013275013275006, 54.846144846144853 ], [ 15.036675036675035, 54.855864855864866 ], [ 15.058995058995066, 54.866664866664877 ], [ 15.080595080595089, 54.878364878364891 ], [ 15.09715509715511, 54.890064890064878 ], [ 15.118755118755132, 54.903564903564899 ], [ 15.140715140715145, 54.91670491670493 ], [ 15.24691524691525, 54.91670491670493 ], [ 15.296235296235295, 54.91670491670493 ], [ 15.655155655155653, 54.91670491670493 ], [ 15.711315711315706, 54.91670491670493 ], [ 15.72571572571573, 54.91670491670493 ], [ 15.787995787995783, 54.91670491670493 ], [ 15.83011583011583, 54.91670491670493 ], [ 15.844155844155836, 54.916344916344912 ], [ 15.86467586467586, 54.916344916344912 ], [ 15.949275949275943, 54.968364968364966 ], [ 16.000036000036005, 55.000045000044992 ], [ 16.070956070956072, 55.033525033525024 ], [ 16.105516105516102, 55.054945054945051 ], [ 16.233316233316231, 55.13324513324514 ], [ 16.501516501516505, 55.274365274365266 ], [ 16.713916713916717, 55.3989253989254 ], [ 16.879876879876889, 55.486585486585483 ], [ 16.925956925956939, 55.509805509805517 ], [ 17.147357147357155, 55.620505620505611 ], [ 17.161397161397161, 55.638685638685644 ], [ 17.189117189117184, 55.645525645525652 ], [ 17.549837549837548, 55.850005850005857 ], [ 17.701757701757714, 55.931725931725936 ], [ 18.018558018558025, 56.095346095346088 ], [ 18.063558063558077, 56.118566118566122 ], [ 18.285678285678273, 56.228906228906226 ], [ 18.506358506358509, 56.345366345366358 ], [ 18.642438642438634, 56.411606411606414 ], [ 18.698238698238697, 56.438966438966446 ], [ 18.876798876798887, 56.531666531666531 ], [ 19.074799074799074, 56.628686628686637 ], [ 19.427599427599432, 56.8031068031068 ], [ 19.566559566559562, 56.871326871326886 ], [ 19.833319833319848, 57.000027000026989 ], [ 19.90711990711992, 57.136107136107142 ], [ 19.914319914319918, 57.148887148887155 ], [ 20.060480060480074, 57.416907416907407 ], [ 20.162720162720177, 57.592227592227601 ], [ 20.274680274680264, 57.784107784107789 ], [ 20.414720414720421, 58.028008028008031 ], [ 20.496800496800489, 58.167148167148156 ], [ 20.578520578520568, 58.304488304488302 ], [ 20.642600642600655, 58.413388413388418 ], [ 20.771840771840772, 58.627768627768631 ], [ 20.941400941400957, 58.904968904968911 ], [ 21.000081000080996, 59.000009000008987 ], [ 20.948600948600955, 59.029169029169026 ], [ 20.915840915840931, 59.047709047709048 ], [ 20.817920817920822, 59.102969102969098 ], [ 20.808200808200809, 59.108549108549113 ], [ 20.793440793440794, 59.116649116649114 ], [ 20.779760779760778, 59.124389124389126 ], [ 20.741600741600735, 59.146169146169143 ], [ 20.727200727200739, 59.154089154089149 ], [ 20.686880686880698, 59.176949176949165 ], [ 20.676080676080687, 59.182709182709175 ], [ 20.544320544320556, 59.25668925668927 ], [ 20.431640431640432, 59.318609318609333 ], [ 20.374040374040362, 59.350289350289358 ], [ 20.272520272520268, 59.405909405909398 ], [ 20.147600147600144, 59.473949473949489 ], [ 20.140400140400146, 59.477729477729468 ], [ 20.12708012708012, 59.484929484929495 ], [ 20.023760023760019, 59.540549540549534 ], [ 20.015120015120004, 59.545229545229546 ], [ 20.010440010440021, 59.548109548109551 ], [ 19.998559998560012, 59.554409554409546 ], [ 19.983079983079989, 59.56268956268957 ], [ 19.920079920079928, 59.608049608049612 ], [ 19.876879876879883, 59.638829638829634 ], [ 19.798759798759789, 59.694809694809692 ], [ 19.724239724239737, 59.749709749709751 ], [ 19.664839664839661, 59.789489789489778 ], [ 19.621999621999635, 59.821709821709817 ], [ 19.462159462159462, 59.933129933129948 ], [ 19.408159408159406, 59.970749970749978 ], [ 19.402759402759415, 59.974529974529986 ], [ 19.392679392679383, 59.981369981369994 ], [ 19.30159930159931, 60.044370044370055 ], [ 19.268839268839258, 60.066330066330067 ], [ 19.204759204759199, 60.108630108630109 ], [ 19.13455913455914, 60.158670158670162 ], [ 19.096399096399097, 60.184950184950196 ], [ 19.086679086679084, 60.191610191610181 ], [ 19.111879111879119, 60.25227025227025 ], [ 19.132399132399144, 60.300870300870315 ], [ 19.150039150039163, 60.358290358290361 ], [ 19.150399150399153, 60.370350370350366 ], [ 19.152199152199159, 60.377010377010379 ], [ 19.175959175959179, 60.468630468630465 ], [ 19.183519183519195, 60.496890496890501 ], [ 19.195399195399204, 60.541710541710529 ] ] ] } },
{ "type": "Feature", "properties": { "designator": "EVRR", "type": "FIR", "upper": null, "lower": 0.0, "name": "Riga FIR" }, "geometry": { "type": "Polygon", "coordinates": [ [ [ 24.299484299484305, 57.900027900027908 ], [ 24.209484209484202, 57.899127899127905 ], [ 24.116604116604123, 57.902007902007909 ], [ 23.914643914643904, 57.899487899487895 ], [ 23.802323802323798, 57.902007902007909 ], [ 23.601083601083616, 57.899127899127905 ], [ 23.648603648603654, 57.782847782847796 ], [ 23.58236358236357, 57.669807669807682 ], [ 23.405963405963405, 57.593847593847585 ], [ 23.357363357363369, 57.592227592227601 ], [ 23.180963180963175, 57.586467586467592 ], [ 22.999162999162991, 57.702207702207716 ], [ 22.907722907722899, 57.780507780507776 ], [ 22.789282789282794, 57.87554787554788 ], [ 22.707562707562715, 57.940887940887933 ], [ 22.58372258372259, 57.927567927567935 ], [ 22.519642519642531, 57.906147906147908 ], [ 22.278802278802289, 57.824967824967814 ], [ 22.104562104562092, 57.774207774207781 ], [ 21.916281916281918, 57.749367749367764 ], [ 21.842841842841835, 57.763047763047751 ], [ 21.716841716841714, 57.786627786627776 ], [ 21.660321660321671, 57.842967842967852 ], [ 21.646641646641655, 57.856647856647868 ], [ 21.613161613161623, 57.894987894987906 ], [ 21.612801612801604, 57.896067896067905 ], [ 21.542601542601545, 58.021168021168023 ], [ 21.483201483201498, 58.116748116748113 ], [ 20.642600642600655, 58.413388413388418 ], [ 20.578520578520568, 58.304488304488302 ], [ 20.496800496800489, 58.167148167148156 ], [ 20.414720414720421, 58.028008028008031 ], [ 20.274680274680264, 57.784107784107789 ], [ 20.162720162720177, 57.592227592227601 ], [ 20.060480060480074, 57.416907416907407 ], [ 19.914319914319918, 57.148887148887155 ], [ 19.90711990711992, 57.136107136107142 ], [ 19.833319833319848, 57.000027000026989 ], [ 19.566559566559562, 56.871326871326886 ], [ 19.427599427599432, 56.8031068031068 ], [ 19.074799074799074, 56.628686628686637 ], [ 18.876798876798887, 56.531666531666531 ], [ 18.698238698238697, 56.438966438966446 ], [ 18.642438642438634, 56.411606411606414 ], [ 18.506358506358509, 56.345366345366358 ], [ 18.898398898398909, 56.297846297846291 ], [ 19.260199260199272, 56.25284625284624 ], [ 19.285039285039289, 56.24978624978624 ], [ 19.57339957339957, 56.212706212706223 ], [ 20.082080082080097, 56.146106146106149 ], [ 20.185400185400198, 56.132426132426133 ], [ 20.226800226800236, 56.126666126666123 ], [ 20.495720495720491, 56.090306090306086 ], [ 20.666720666720664, 56.066726066726062 ], [ 20.747720747720763, 56.067266067266075 ], [ 20.875880875880881, 56.067986067986055 ], [ 20.97992097992099, 56.068526068526069 ], [ 21.064521064521074, 56.069246069246077 ], [ 21.093681093681084, 56.073926073926089 ], [ 21.206721206721198, 56.081666081666071 ], [ 21.227601227601241, 56.15420615420615 ], [ 21.279081279081282, 56.179766179766176 ], [ 21.312201312201324, 56.20604620604621 ], [ 21.362601362601367, 56.225846225846226 ], [ 21.434601434601433, 56.241686241686239 ], [ 21.558081558081568, 56.307206307206314 ], [ 21.608121608121621, 56.325026325026329 ], [ 21.848961848961864, 56.369666369666362 ], [ 21.94400194400194, 56.374706374706363 ], [ 22.000162000161993, 56.414666414666414 ], [ 22.000882000882001, 56.415026415026404 ], [ 22.161802161802171, 56.42258642258642 ], [ 22.356202356202346, 56.394686394686403 ], [ 22.612882612882601, 56.382806382806393 ], [ 22.789282789282794, 56.368046368046379 ], [ 22.92392292392293, 56.341406341406355 ], [ 23.102123102123102, 56.306126306126316 ], [ 23.260163260163267, 56.372186372186377 ], [ 23.401643401643412, 56.374166374166379 ], [ 23.426483426483429, 56.363006363006377 ], [ 23.755523755523768, 56.371466371466369 ], [ 23.842283842283848, 56.339426339426353 ], [ 24.031644031644021, 56.29892629892629 ], [ 24.065124065124053, 56.278586278586289 ], [ 24.30848430848431, 56.308286308286313 ], [ 24.505404505404499, 56.276606276606287 ], [ 24.516564516564529, 56.280206280206272 ], [ 24.630324630324623, 56.368946368946382 ], [ 24.894924894924884, 56.448326448326441 ], [ 24.958644958644953, 56.369486369486367 ], [ 25.067725067725064, 56.241326241326249 ], [ 25.158445158445147, 56.175266175266188 ], [ 25.364005364005379, 56.154386154386145 ], [ 25.571365571365561, 56.138906138906151 ], [ 25.856125856125857, 56.019206019206024 ], [ 25.866565866565878, 55.999945999945993 ], [ 25.948285948285957, 55.984465984465999 ], [ 26.03288603288604, 55.958545958545955 ], [ 26.168966168966165, 55.867825867825871 ], [ 26.310446310446309, 55.800325800325794 ], [ 26.630486630486644, 55.680625680625695 ], [ 26.977886977886982, 55.812745812745817 ], [ 27.566487566487581, 55.784665784665776 ], [ 27.821367821367829, 56.038826038826045 ], [ 28.15004815004815, 56.166626166626173 ], [ 28.200088200088203, 56.359946359946349 ], [ 28.128448128448127, 56.505026505026507 ], [ 27.901647901647891, 56.751626751626759 ], [ 27.686007686007684, 57.380367380367375 ], [ 27.700047700047691, 57.54992754992756 ], [ 27.38324738324738, 57.599967599967613 ], [ 27.223047223047217, 57.595287595287601 ], [ 26.813726813726817, 57.583407583407592 ], [ 26.601326601326605, 57.523107523107512 ], [ 26.388206388206385, 57.574947574947572 ], [ 26.365886365886354, 57.579807579807579 ], [ 26.196326196326197, 57.719667719667711 ], [ 25.916245916245913, 57.853947853947858 ], [ 24.983484983484999, 58.010548010548007 ], [ 24.462564462564472, 57.92504792504792 ], [ 24.299484299484305, 57.900027900027908 ] ] ] } },
{ "type": "Feature", "properties": { "designator": "EYVL", "type": "FIR", "upper": 195.0, "lower": 0.0, "name": "Vilnius FIR" }, "geometry": { "type": "Polygon", "coordinates": [ [ [ 23.260163260163267, 56.372186372186377 ], [ 23.102123102123102, 56.306126306126316 ], [ 22.92392292392293, 56.341406341406355 ], [ 22.789282789282794, 56.368046368046379 ], [ 22.612882612882601, 56.382806382806393 ], [ 22.356202356202346, 56.394686394686403 ], [ 22.161802161802171, 56.42258642258642 ], [ 22.000882000882001, 56.415026415026404 ], [ 22.000162000161993, 56.414666414666414 ], [ 21.94400194400194, 56.374706374706363 ], [ 21.848961848961864, 56.369666369666362 ], [ 21.608121608121621, 56.325026325026329 ], [ 21.558081558081568, 56.307206307206314 ], [ 21.434601434601433, 56.241686241686239 ], [ 21.362601362601367, 56.225846225846226 ], [ 21.312201312201324, 56.20604620604621 ], [ 21.279081279081282, 56.179766179766176 ], [ 21.227601227601241, 56.15420615420615 ], [ 21.206721206721198, 56.081666081666071 ], [ 21.093681093681084, 56.073926073926089 ], [ 21.064521064521074, 56.069246069246077 ], [ 20.97992097992099, 56.068526068526069 ], [ 20.875880875880881, 56.067986067986055 ], [ 20.747720747720763, 56.067266067266075 ], [ 20.666720666720664, 56.066726066726062 ], [ 20.495720495720491, 56.090306090306086 ], [ 20.226800226800236, 56.126666126666123 ], [ 20.185400185400198, 56.132426132426133 ], [ 20.082080082080097, 56.146106146106149 ], [ 19.57339957339957, 56.212706212706223 ], [ 19.285039285039289, 56.24978624978624 ], [ 19.260199260199272, 56.25284625284624 ], [ 18.898398898398909, 56.297846297846291 ], [ 18.506358506358509, 56.345366345366358 ], [ 18.285678285678273, 56.228906228906226 ], [ 18.063558063558077, 56.118566118566122 ], [ 18.018558018558025, 56.095346095346088 ], [ 19.090999090999105, 55.810225810225802 ], [ 19.329319329319333, 55.744705744705755 ], [ 19.378999378999367, 55.731385731385728 ], [ 19.602919602919599, 55.669105669105676 ], [ 19.83835983835985, 55.6035856035856 ], [ 20.291600291600304, 55.474525474525478 ], [ 20.295200295200289, 55.47380547380547 ], [ 20.916560916560911, 55.299925299925292 ], [ 20.950040950040943, 55.283365283365271 ], [ 21.438201438201446, 55.235305235305248 ], [ 21.716841716841714, 55.140805140805128 ], [ 21.862641862641851, 55.126405126405132 ], [ 22.593802593802593, 55.053865053865053 ], [ 22.734562734562729, 54.941364941364952 ], [ 22.999882999882999, 54.816984816984814 ], [ 22.755082755082753, 54.65174465174465 ], [ 22.693162693162691, 54.534744534744533 ], [ 22.759042759042757, 54.420264420264431 ], [ 22.79180279180278, 54.36338436338437 ], [ 22.874242874242867, 54.421704421704419 ], [ 22.999162999162991, 54.367704367704363 ], [ 23.059283059283047, 54.307584307584307 ], [ 23.159003159003163, 54.30812430812432 ], [ 23.407043407043403, 54.194364194364198 ], [ 23.488763488763482, 54.151884151884161 ], [ 23.48984348984348, 54.14144414144414 ], [ 23.516843516843522, 53.949923949923942 ], [ 23.613683613683605, 53.917163917163919 ], [ 23.741843741843752, 53.933363933363921 ], [ 23.805923805923811, 53.901323901323906 ], [ 23.825723825723827, 53.915003915003922 ], [ 23.80088380088381, 53.932823932823936 ], [ 23.846243846243851, 53.956943956943945 ], [ 23.898803898803891, 53.948303948303959 ], [ 23.905643905643899, 53.949743949743947 ], [ 23.920403920403913, 53.95604395604397 ], [ 23.918243918243917, 53.966303966303968 ], [ 23.935883935883936, 53.966663966663958 ], [ 23.997443997444009, 53.939663939663944 ], [ 24.155124155124156, 53.961623961623957 ], [ 24.246564246564247, 53.91914391914392 ], [ 24.385164385164387, 53.905643905643899 ], [ 24.433404433404434, 53.909243909243912 ], [ 24.56228456228456, 53.978903978903986 ], [ 24.681804681804692, 54.01778401778401 ], [ 24.70628470628472, 54.016884016884006 ], [ 24.716004716004704, 54.003024003023995 ], [ 24.696204696204688, 53.955503955503957 ], [ 24.711684711684711, 53.952263952263962 ], [ 24.719244719244728, 53.964503964503962 ], [ 24.758844758844759, 53.954423954423959 ], [ 24.812124812124807, 53.979983979983984 ], [ 24.842004842004854, 54.019764019764011 ], [ 24.837324837324843, 54.043884043884049 ], [ 24.805284805284799, 54.078084078084089 ], [ 24.831564831564833, 54.12920412920414 ], [ 24.95432495432496, 54.162864162864167 ], [ 25.055125055125046, 54.13496413496415 ], [ 25.160245160245154, 54.188604188604188 ], [ 25.195885195885211, 54.213084213084215 ], [ 25.242325242325251, 54.264384264384262 ], [ 25.374445374445372, 54.275904275904281 ], [ 25.450045450045451, 54.300564300564304 ], [ 25.492885492885506, 54.301464301464307 ], [ 25.515205515205508, 54.318384318384318 ], [ 25.586845586845584, 54.249804249804242 ], [ 25.577125577125571, 54.205344205344204 ], [ 25.524205524205513, 54.183024183024173 ], [ 25.542925542925531, 54.158544158544146 ], [ 25.655245655245665, 54.140004140004152 ], [ 25.743445743445733, 54.17024417024416 ], [ 25.793845793845804, 54.168624168624177 ], [ 25.797085797085799, 54.204444204444201 ], [ 25.778365778365782, 54.228384228384243 ], [ 25.8082458082458, 54.247284247284256 ], [ 25.729405729405727, 54.279144279144276 ], [ 25.69304569304569, 54.320544320544315 ], [ 25.595845595845589, 54.316044316044326 ], [ 25.559485559485552, 54.332784332784342 ], [ 25.569565569565583, 54.36032436032437 ], [ 25.588285588285601, 54.388404388404382 ], [ 25.610605610605603, 54.411984411984406 ], [ 25.637605637605645, 54.421704421704419 ], [ 25.615285615285615, 54.471384471384482 ], [ 25.712845712845706, 54.56534456534456 ], [ 25.765405765405774, 54.593244593244606 ], [ 25.735165735165737, 54.672984672984683 ], [ 25.760725760725762, 54.720324720324726 ], [ 25.746325746325738, 54.800244800244798 ], [ 25.778725778725772, 54.83102483102482 ], [ 25.7848457848458, 54.85910485910486 ], [ 25.85396585396586, 54.891684891684889 ], [ 25.867645867645876, 54.92282492282493 ], [ 25.984285984285975, 54.958824958824948 ], [ 26.035406035406027, 54.937764937764939 ], [ 26.068166068166079, 54.937764937764939 ], [ 26.102006102006101, 54.96584496584498 ], [ 26.221886221886223, 55.002565002565007 ], [ 26.272646272646284, 55.078885078885094 ], [ 26.262206262206263, 55.109485109485121 ], [ 26.326286326286322, 55.141705141705131 ], [ 26.372366372366372, 55.152865152865161 ], [ 26.474246474246485, 55.13666513666513 ], [ 26.498366498366494, 55.154125154125154 ], [ 26.525006525006518, 55.160245160245154 ], [ 26.674766674766687, 55.197865197865212 ], [ 26.726246726246728, 55.212805212805222 ], [ 26.743166743166739, 55.256365256365257 ], [ 26.872046872046866, 55.284805284805287 ], [ 26.84576684576686, 55.30946530946531 ], [ 26.787806787806801, 55.327285327285324 ], [ 26.728766728766743, 55.325485325485317 ], [ 26.665406665406664, 55.345285345285333 ], [ 26.593406593406598, 55.323325323325321 ], [ 26.481806481806473, 55.34636534636536 ], [ 26.558846558846568, 55.390285390285385 ], [ 26.551286551286552, 55.459225459225451 ], [ 26.549846549846563, 55.490005490005501 ], [ 26.516366516366531, 55.523665523665528 ], [ 26.573966573966572, 55.534465534465539 ], [ 26.628326628326619, 55.580905580905579 ], [ 26.631566631566642, 55.657765657765651 ], [ 26.619686619686632, 55.674505674505667 ], [ 26.630486630486644, 55.680625680625695 ], [ 26.310446310446309, 55.800325800325794 ], [ 26.168966168966165, 55.867825867825871 ], [ 26.03288603288604, 55.958545958545955 ], [ 25.948285948285957, 55.984465984465999 ], [ 25.866565866565878, 55.999945999945993 ], [ 25.856125856125857, 56.019206019206024 ], [ 25.571365571365561, 56.138906138906151 ], [ 25.364005364005379, 56.154386154386145 ], [ 25.158445158445147, 56.175266175266188 ], [ 25.067725067725064, 56.241326241326249 ], [ 24.958644958644953, 56.369486369486367 ], [ 24.894924894924884, 56.448326448326441 ], [ 24.630324630324623, 56.368946368946382 ], [ 24.516564516564529, 56.280206280206272 ], [ 24.505404505404499, 56.276606276606287 ], [ 24.30848430848431, 56.308286308286313 ], [ 24.065124065124053, 56.278586278586289 ], [ 24.031644031644021, 56.29892629892629 ], [ 23.842283842283848, 56.339426339426353 ], [ 23.755523755523768, 56.371466371466369 ], [ 23.426483426483429, 56.363006363006377 ], [ 23.401643401643412, 56.374166374166379 ], [ 23.260163260163267, 56.372186372186377 ] ] ] } },
{ "type": "Feature", "properties": { "designator": "GCCC", "type": "FIR", "upper": 195.0, "lower": 0.0, "name": "Canarias FIR" }, "geometry": { "type": "Polygon", "coordinates": [ [ [ -14.999954999955008, 21.333351333351331 ], [ -13.96675396675397, 21.333351333351331 ], [ -13.000153000153006, 21.333351333351331 ], [ -13.166833166833158, 22.83329283329283 ], [ -13.168633168633164, 22.891072891072895 ], [ -13.161433161433166, 22.971352971352971 ], [ -13.143073143073138, 23.050193050193045 ], [ -13.11355311355311, 23.126333126333122 ], [ -13.073953073953078, 23.198333198333202 ], [ -13.024633024633033, 23.264753264753267 ], [ -12.965952965952965, 23.324513324513319 ], [ -12.89971289971291, 23.376893376893378 ], [ -12.826632826632817, 23.420813420813417 ], [ -12.747792747792744, 23.455553455553456 ], [ -12.664272664272659, 23.480753480753478 ], [ -12.578592578592577, 23.495513495513492 ], [ -12.500112500112493, 23.500013500013495 ], [ -12.000072000072009, 23.500013500013495 ], [ -12.000072000072009, 26.000036000036005 ], [ -11.195111195111195, 26.000036000036005 ], [ -8.666828666828678, 26.000036000036005 ], [ -8.666828666828678, 27.333297333297338 ], [ -8.666828666828678, 27.66665766665767 ], [ -9.141669141669126, 27.66665766665767 ], [ -10.516510516510522, 27.66665766665767 ], [ -11.233271233271239, 27.66665766665767 ], [ -12.595152595152598, 27.66665766665767 ], [ -13.166833166833158, 27.66665766665767 ], [ -13.000153000153006, 28.250038250038244 ], [ -12.816552816552814, 28.906138906138906 ], [ -12.718272718272715, 29.248139248139253 ], [ -12.578232578232587, 29.731439731439735 ], [ -12.500112500112493, 30.0 ], [ -12.717192717192717, 30.104220104220104 ], [ -13.143793143793147, 30.307260307260307 ], [ -13.318753318753323, 30.390060390060384 ], [ -13.572913572913563, 30.509400509400507 ], [ -13.849033849033844, 30.637740637740634 ], [ -13.993033993034004, 30.705060705060703 ], [ -14.04775404775404, 30.730080730080729 ], [ -14.415674415674403, 30.8996408996409 ], [ -14.857394857394866, 31.100881100881097 ], [ -15.301635301635287, 31.3008613008613 ], [ -15.74335574335575, 31.48230148230148 ], [ -16.032796032796028, 31.421461421461416 ], [ -16.55695655695655, 31.406881406881411 ], [ -16.799956799956789, 31.450081450081456 ], [ -16.940716940716953, 31.483021483021489 ], [ -16.995076995077, 31.5024615024615 ], [ -17.416637416637428, 31.650061650061645 ], [ -17.456957456957468, 31.683001683001677 ], [ -20.0, 30.0 ], [ -20.391680391680381, 30.0 ], [ -21.000081000080996, 30.0 ], [ -22.000162000161993, 30.0 ], [ -22.999882999882999, 30.0 ], [ -23.999963999963995, 30.0 ], [ -25.000045000044992, 30.0 ], [ -25.000045000044992, 28.999918999919004 ], [ -25.000045000044992, 28.000018000018002 ], [ -25.000045000044992, 26.999936999937006 ], [ -25.000045000044992, 26.000036000036005 ], [ -25.000045000044992, 24.999954999954994 ], [ -25.000045000044992, 24.000054000054007 ], [ -24.416844416844413, 23.599913599913606 ], [ -23.600003600003589, 22.916632916632921 ], [ -21.973161973161979, 21.361611361611367 ], [ -20.699840699840706, 20.36495036495036 ], [ -20.0, 19.833409833409831 ], [ -19.73503973503972, 19.59508959508959 ], [ -18.999918999919004, 19.000009000009001 ], [ -17.999837999838007, 19.930069930069934 ], [ -17.74999774999776, 20.166590166590169 ], [ -17.066717066717075, 20.78327078327078 ], [ -17.035037035037021, 20.914490914490912 ], [ -17.033237033237043, 21.050031050031052 ], [ -16.933156933156937, 21.333351333351331 ], [ -16.916596916596916, 21.333351333351331 ], [ -16.866556866556863, 21.333351333351331 ], [ -16.050076050076058, 21.333351333351331 ], [ -14.999954999955008, 21.333351333351331 ] ] ] } },
{ "type": "Feature", "properties": { "designator": "LAAA", "type": "FIR", "upper": null, "lower": 0.0, "name": "Tirana FIR" }, "geometry": { "type": "Polygon", "coordinates": [ [ [ 19.366759366759368, 41.84995184995185 ], [ 19.31383931383931, 41.775251775251775 ], [ 19.144999144999133, 41.550251550251545 ], [ 19.09999909999911, 41.458271458271469 ], [ 18.908838908838902, 41.193311193311189 ], [ 18.866718866718855, 41.133371133371128 ], [ 18.951678951678957, 40.891630891630882 ], [ 18.999918999919004, 40.749970749970743 ], [ 18.999918999919004, 40.598410598410595 ], [ 18.999918999919004, 40.416610416610411 ], [ 19.449919449919463, 40.000090000090012 ], [ 19.583479583479573, 39.977769977769981 ], [ 19.583479583479573, 39.975069975069971 ], [ 19.750159750159753, 39.950049950049959 ], [ 19.844479844479849, 39.900009900009906 ], [ 19.975159975159983, 39.833409833409831 ], [ 19.984519984519977, 39.689949689949685 ], [ 20.008280008279996, 39.693009693009685 ], [ 20.030960030960046, 39.701469701469705 ], [ 20.119880119880122, 39.665829665829676 ], [ 20.226800226800236, 39.648009648009662 ], [ 20.218160218160222, 39.665289665289663 ], [ 20.231840231840238, 39.685089685089679 ], [ 20.264240264240271, 39.671949671949676 ], [ 20.26568026568026, 39.6955296955297 ], [ 20.321120321120333, 39.72972972972974 ], [ 20.292320292320284, 39.764469764469766 ], [ 20.307080307080298, 39.781389781389777 ], [ 20.289800289800297, 39.804249804249793 ], [ 20.30564030564031, 39.815589815589817 ], [ 20.379800379800372, 39.784449784449777 ], [ 20.415080415080411, 39.814689814689814 ], [ 20.417240417240407, 39.840609840609829 ], [ 20.385200385200392, 39.889209889209894 ], [ 20.338040338040344, 39.924489924489933 ], [ 20.344880344880352, 39.946089946089955 ], [ 20.312480312480318, 39.990549990549994 ], [ 20.391320391320392, 39.981909981909979 ], [ 20.410760410760417, 40.050850050850045 ], [ 20.461880461880469, 40.074250074250074 ], [ 20.47268047268048, 40.067230067230071 ], [ 20.488880488880483, 40.063630063630058 ], [ 20.511560511560504, 40.08253008253007 ], [ 20.549000549000539, 40.063270063270068 ], [ 20.594720594720599, 40.072450072450067 ], [ 20.621000621000633, 40.086670086670097 ], [ 20.677520677520675, 40.095850095850096 ], [ 20.675000675000689, 40.125910125910139 ], [ 20.693720693720707, 40.151650151650159 ], [ 20.675720675720669, 40.164970164970157 ], [ 20.677880677880665, 40.188010188010196 ], [ 20.72072072072072, 40.216990216990212 ], [ 20.721440721440729, 40.252990252990259 ], [ 20.707400707400723, 40.268290268290258 ], [ 20.741960741960753, 40.3105903105903 ], [ 20.764640764640774, 40.321030321030321 ], [ 20.762120762120759, 40.338850338850335 ], [ 20.791280791280798, 40.362790362790378 ], [ 20.792360792360796, 40.43119043119043 ], [ 20.822600822600833, 40.43965043965045 ], [ 20.843480843480847, 40.47997047997049 ], [ 20.873360873360866, 40.470250470250477 ], [ 20.906840906840898, 40.476370476370477 ], [ 20.926640926640914, 40.462510462510465 ], [ 20.955800955800953, 40.480870480870493 ], [ 20.968760968760961, 40.488610488610476 ], [ 20.968760968760961, 40.519390519390527 ], [ 20.999000999000998, 40.533970533970546 ], [ 21.005841005841006, 40.552690552690564 ], [ 21.042201042201043, 40.558090558090555 ], [ 21.057321057321047, 40.667530667530656 ], [ 20.983160983160985, 40.737730737730743 ], [ 20.981360981360979, 40.762030762030776 ], [ 20.955440955440963, 40.770490770490767 ], [ 20.983160983160985, 40.791190791190786 ], [ 20.98064098064097, 40.855270855270845 ], [ 20.978840978840992, 40.89775089775091 ], [ 20.946440946440958, 40.922770922770923 ], [ 20.912240912240918, 40.915570915570925 ], [ 20.847080847080861, 40.937170937170947 ], [ 20.826200826200818, 40.904410904410895 ], [ 20.805320805320804, 40.896130896130899 ], [ 20.731520731520732, 40.911610911610921 ], [ 20.669600669600669, 41.086931086931088 ], [ 20.60012060012059, 41.091431091431105 ], [ 20.583200583200579, 41.11159111159111 ], [ 20.596520596520605, 41.127971127971136 ], [ 20.582120582120581, 41.156951156951152 ], [ 20.516240516240515, 41.230211230211239 ], [ 20.50688050688052, 41.30473130473132 ], [ 20.494640494640493, 41.332811332811332 ], [ 20.497880497880487, 41.345231345231355 ], [ 20.504000504000516, 41.345591345591345 ], [ 20.561240561240567, 41.402471402471406 ], [ 20.539640539640544, 41.435591435591448 ], [ 20.509040509040517, 41.442971442971441 ], [ 20.493920493920484, 41.491031491031492 ], [ 20.469080469080467, 41.499671499671507 ], [ 20.476640476640483, 41.507771507771508 ], [ 20.452880452880464, 41.51857151857152 ], [ 20.473400473400488, 41.532251532251536 ], [ 20.457200457200457, 41.55313155313155 ], [ 20.557640557640553, 41.582291582291589 ], [ 20.543600543600547, 41.622971622971619 ], [ 20.52488052488053, 41.63611163611165 ], [ 20.529920529920531, 41.669951669951672 ], [ 20.529560529560541, 41.689391689391698 ], [ 20.513720513720529, 41.722691722691735 ], [ 20.532080532080528, 41.776691776691791 ], [ 20.546840546840542, 41.790011790011789 ], [ 20.572400572400568, 41.788931788931791 ], [ 20.55944055944056, 41.824211824211829 ], [ 20.55944055944056, 41.864711864711865 ], [ 20.57132057132057, 41.874251874251883 ], [ 20.5936405936406, 41.876951876951864 ], [ 20.574560574560564, 41.916731916731919 ], [ 20.61704061704063, 41.937251937251943 ], [ 20.625320625320626, 41.968031968031966 ], [ 20.595080595080589, 42.041472041472048 ], [ 20.555120555120567, 42.082692082692091 ], [ 20.568080568080575, 42.12139212139212 ], [ 20.558720558720552, 42.146952146952145 ], [ 20.496080496080509, 42.241452241452237 ], [ 20.455400455400451, 42.272232272232287 ], [ 20.399600399600388, 42.290592290592286 ], [ 20.394560394560386, 42.299412299412296 ], [ 20.353880353880356, 42.311112311112311 ], [ 20.338760338760352, 42.328032328032322 ], [ 20.306360306360318, 42.315252315252309 ], [ 20.246600246600252, 42.32533232533234 ], [ 20.234000234000234, 42.347292347292353 ], [ 20.246240246240234, 42.354492354492351 ], [ 20.241920241920241, 42.38059238059239 ], [ 20.208440208440209, 42.401472401472404 ], [ 20.226800226800236, 42.417492417492412 ], [ 20.221400221400216, 42.432792432792439 ], [ 20.192600192600196, 42.45241245241246 ], [ 20.197640197640197, 42.462132462132473 ], [ 20.16740016740016, 42.505872505872503 ], [ 20.144720144720139, 42.515592515592516 ], [ 20.098640098640089, 42.53305253305254 ], [ 20.079200079200092, 42.555192555192548 ], [ 20.055800055800063, 42.559152559152551 ], [ 20.016200016200031, 42.543312543312538 ], [ 20.001800001800007, 42.509472509472516 ], [ 19.940959940959942, 42.518112518112531 ], [ 19.905679905679904, 42.507852507852505 ], [ 19.896679896679899, 42.485352485352479 ], [ 19.875799875799885, 42.495252495252487 ], [ 19.867879867879878, 42.482292482292479 ], [ 19.850599850599849, 42.479232479232479 ], [ 19.821799821799829, 42.468972468972481 ], [ 19.791559791559791, 42.482472482472474 ], [ 19.772479772479784, 42.49921249921249 ], [ 19.744039744039753, 42.54493254493255 ], [ 19.752679752679768, 42.580572580572579 ], [ 19.77463977463978, 42.590832590832605 ], [ 19.751239751239751, 42.613872613872616 ], [ 19.756639756639771, 42.636372636372641 ], [ 19.723519723519729, 42.661032661032664 ], [ 19.704079704079703, 42.655812655812667 ], [ 19.686799686799702, 42.627732627732627 ], [ 19.662679662679665, 42.62863262863263 ], [ 19.610839610839605, 42.574452574452579 ], [ 19.617679617679613, 42.541152541152542 ], [ 19.603999603999597, 42.534132534132539 ], [ 19.56151956151956, 42.514152514152528 ], [ 19.559359559359564, 42.493632493632504 ], [ 19.499599499599498, 42.432792432792439 ], [ 19.472959472959474, 42.390852390852388 ], [ 19.426879426879424, 42.371052371052372 ], [ 19.414639414639424, 42.349632349632344 ], [ 19.422559422559431, 42.326592326592333 ], [ 19.335079335079342, 42.228312228312234 ], [ 19.281799281799294, 42.180072180072187 ], [ 19.403119403119405, 42.102312102312112 ], [ 19.378999378999367, 42.071172071172072 ], [ 19.370719370719371, 42.033012033012028 ], [ 19.382599382599381, 41.999711999711991 ], [ 19.375399375399383, 41.974691974691979 ], [ 19.3879993879994, 41.966591966591977 ], [ 19.351279351279345, 41.956151956151956 ], [ 19.349479349479338, 41.940491940491938 ], [ 19.370719370719371, 41.922491922491929 ], [ 19.34191934191935, 41.9082719082719 ], [ 19.381519381519382, 41.885231885231889 ], [ 19.378279378279387, 41.866871866871861 ], [ 19.366759366759368, 41.84995184995185 ] ] ] } },
{ "type": "Feature", "properties": { "designator": "LBSR", "type": "FIR", "upper": null, "lower": 0.0, "name": "Sofia FIR" }, "geometry": { "type": "Polygon", "coordinates": [ [ [ 28.578448578448587, 43.73869373869374 ], [ 28.501048501048501, 43.735633735633741 ], [ 28.476928476928492, 43.735273735273722 ], [ 28.242928242928258, 43.774513774513764 ], [ 28.014328014328015, 43.846693846693853 ], [ 27.997767997767994, 43.859113859113847 ], [ 27.930087930087922, 44.007974007974013 ], [ 27.903807903807916, 44.007254007254005 ], [ 27.845847845847857, 43.96945396945398 ], [ 27.792927792927799, 43.961173961173955 ], [ 27.731007731007736, 43.961893961893963 ], [ 27.657207657207664, 44.050634050634045 ], [ 27.61904761904762, 44.023814023814026 ], [ 27.500607500607515, 44.034794034794032 ], [ 27.408447408447415, 44.028134028134019 ], [ 27.369927369927382, 44.066654066654081 ], [ 27.303327303327308, 44.085554085554094 ], [ 27.277767277767282, 44.134514134514149 ], [ 27.214047214047213, 44.126414126414119 ], [ 27.137367137367136, 44.150534150534156 ], [ 27.016767016767005, 44.140634140634148 ], [ 26.991566991566998, 44.133254133254127 ], [ 26.922086922086919, 44.107694107694101 ], [ 26.826686826686824, 44.082134082134075 ], [ 26.662526662526659, 44.063954063954071 ], [ 26.575046575046571, 44.056754056754045 ], [ 26.498366498366494, 44.051714051714043 ], [ 26.216846216846221, 43.983313983313991 ], [ 26.000126000125988, 43.88341388341388 ], [ 25.976005976005979, 43.870273870273877 ], [ 25.952965952965968, 43.863613863613864 ], [ 25.816525816525825, 43.750033750033765 ], [ 25.64624564624566, 43.695493695493695 ], [ 25.640125640125632, 43.683253683253696 ], [ 25.628965628965631, 43.674433674433686 ], [ 25.546525546525544, 43.637173637173646 ], [ 25.418365418365426, 43.626373626373635 ], [ 25.362925362925353, 43.633573633573633 ], [ 25.316845316845331, 43.649953649953659 ], [ 25.13324513324514, 43.695493695493695 ], [ 24.849924849924861, 43.699993699993712 ], [ 24.696564696564707, 43.69801369801371 ], [ 24.559764559764574, 43.755793755793746 ], [ 24.53348453348454, 43.766593766593758 ], [ 24.353484353484362, 43.724473724473739 ], [ 24.239004239004231, 43.688833688833682 ], [ 24.090324090324089, 43.716913716913723 ], [ 23.999963999963995, 43.733293733293721 ], [ 23.890163890163905, 43.760473760473758 ], [ 23.82932382932384, 43.775773775773786 ], [ 23.800163800163801, 43.783333783333774 ], [ 23.691443691443681, 43.792513792513802 ], [ 23.49560349560349, 43.811053811053824 ], [ 23.250083250083264, 43.833373833373827 ], [ 22.983322983322978, 43.80007380007379 ], [ 22.850122850122858, 43.866673866673864 ], [ 23.025083025083035, 44.09995409995409 ], [ 22.666522666522667, 44.200034200034196 ], [ 22.616842616842632, 44.083394083394097 ], [ 22.433242433242441, 44.000054000054007 ], [ 22.392202392202393, 43.9122139122139 ], [ 22.37024237024238, 43.831033831033835 ], [ 22.36448236448237, 43.798633798633801 ], [ 22.417762417762418, 43.685773685773682 ], [ 22.499842499842515, 43.633393633393638 ], [ 22.488322488322495, 43.566613566613569 ], [ 22.522882522882526, 43.497853497853498 ], [ 22.666522666522667, 43.433413433413421 ], [ 22.76840276840278, 43.374193374193368 ], [ 22.76840276840278, 43.351333351333352 ], [ 22.828162828162817, 43.324513324513333 ], [ 22.999882999882999, 43.166653166653163 ], [ 22.997362997363012, 43.155853155853151 ], [ 22.989442989442978, 43.126693126693141 ], [ 22.983322983322978, 43.112833112833101 ], [ 22.918162918162921, 43.080073080073078 ], [ 22.892602892602895, 43.034713034713036 ], [ 22.79756279756279, 42.972792972792973 ], [ 22.75076275076276, 42.89161289161288 ], [ 22.641322641322631, 42.877212877212884 ], [ 22.592722592722595, 42.894132894132895 ], [ 22.541602541602543, 42.866592866592867 ], [ 22.493002493002507, 42.846432846432833 ], [ 22.444402444402442, 42.800352800352812 ], [ 22.448002448002455, 42.598392598392593 ], [ 22.466722466722473, 42.566712566712567 ], [ 22.554202554202561, 42.473112473112479 ], [ 22.54988254988254, 42.416592416592408 ], [ 22.360162360162349, 42.311112311112311 ], [ 22.599922599922593, 42.116712116712108 ], [ 22.605682605682603, 42.096912096912092 ], [ 22.883242883242872, 41.966591966591977 ], [ 22.966762966762957, 41.76661176661176 ], [ 23.033363033363031, 41.71675171675173 ], [ 22.933282933282925, 41.46673146673146 ], [ 22.983322983322978, 41.349911349911338 ], [ 23.28212328212328, 41.387171387171378 ], [ 23.455643455643468, 41.402831402831396 ], [ 23.508203508203508, 41.383391383391398 ], [ 23.633483633483621, 41.366651366651354 ], [ 23.774603774603776, 41.401751401751397 ], [ 24.039204039204037, 41.453051453051444 ], [ 24.121644121644124, 41.546471546471537 ], [ 24.168444168444182, 41.545031545031549 ], [ 24.271764271764283, 41.580311580311587 ], [ 24.313164313164322, 41.523251523251531 ], [ 24.403524403524415, 41.545571545571534 ], [ 24.460764460764466, 41.533691533691524 ], [ 24.600084600084614, 41.449991449991444 ], [ 24.70124470124469, 41.420831420831433 ], [ 24.799884799884808, 41.413271413271417 ], [ 24.876564876564885, 41.399951399951391 ], [ 25.051525051525061, 41.366111366111369 ], [ 25.091125091125093, 41.346131346131358 ], [ 25.120645120645122, 41.349911349911338 ], [ 25.240525240525244, 41.25325125325125 ], [ 25.333405333405324, 41.243531243531237 ], [ 25.483525483525483, 41.292491292491292 ], [ 25.536445536445541, 41.284211284211295 ], [ 25.57172557172558, 41.322551322551334 ], [ 25.628245628245622, 41.308871308871318 ], [ 25.659925659925648, 41.316611316611329 ], [ 25.720405720405722, 41.296451296451295 ], [ 25.738045738045741, 41.322191322191316 ], [ 25.834885834885824, 41.350271350271356 ], [ 25.890685890685887, 41.309951309951316 ], [ 26.000126000125988, 41.333351333351345 ], [ 26.135126135126143, 41.366111366111369 ], [ 26.166806166806168, 41.416691416691407 ], [ 26.066726066726062, 41.733311733311723 ], [ 26.300006300006288, 41.733311733311723 ], [ 26.568206568206563, 41.871731871731868 ], [ 26.616806616806628, 41.983331983331993 ], [ 26.766566766566768, 41.971091971091965 ], [ 27.008487008487009, 42.040752040752039 ], [ 27.133407133407133, 42.083412083412071 ], [ 27.216207216207209, 42.065592065592057 ], [ 27.283167283167273, 42.066672066672055 ], [ 27.418167418167428, 41.98855198855199 ], [ 27.569367569367557, 41.901971901971905 ], [ 27.777087777087786, 41.966591966591977 ], [ 27.851247851247848, 41.996651996651991 ], [ 28.001008001007989, 41.982251982251995 ], [ 28.31672831672833, 41.983331983331993 ], [ 28.483408483408482, 42.01663201663203 ], [ 28.701568701568704, 42.057852057852045 ], [ 28.766008766008781, 42.082152082152078 ], [ 29.000009000009015, 42.116712116712108 ], [ 29.142929142929148, 42.170532170532169 ], [ 29.264969264969267, 42.209952209952206 ], [ 29.398169398169387, 42.274932274932269 ], [ 29.541449541449538, 42.33217233217232 ], [ 29.624249624249614, 42.363852363852374 ], [ 29.870129870129858, 42.46159246159246 ], [ 30.016650016650004, 42.516672516672514 ], [ 30.072810072810086, 42.540612540612528 ], [ 30.264330264330255, 42.610632610632621 ], [ 30.596250596250599, 42.738972738972734 ], [ 30.749970749970743, 42.799992799992793 ], [ 30.657450657450653, 43.180513180513174 ], [ 30.640170640170652, 43.253413253413243 ], [ 30.612450612450601, 43.36393336393337 ], [ 30.60705060705061, 43.386073386073377 ], [ 30.591930591930605, 43.446733446733447 ], [ 30.577890577890571, 43.503253503253518 ], [ 30.533250533250538, 43.683253683253696 ], [ 29.635409635409644, 43.718353718353711 ], [ 29.443169443169438, 43.721413721413711 ], [ 29.150129150129146, 43.733293733293721 ], [ 29.143289143289138, 43.733293733293721 ], [ 29.033489033489047, 43.733293733293721 ], [ 29.000009000009015, 43.666693666693675 ], [ 28.808488808488818, 43.699993699993712 ], [ 28.578448578448587, 43.73869373869374 ] ] ] } },
{ "type": "Feature", "properties": { "designator": "LDZO", "type": "FIR", "upper": null, "lower": 0.0, "name": "Zagreb FIR" }, "geometry": { "type": "Polygon", "coordinates": [ [ [ 17.616437616437622, 41.753291753291762 ], [ 18.129078129078124, 41.502731502731507 ], [ 18.221598221598214, 41.442431442431456 ], [ 18.339318339318339, 41.494991494991496 ], [ 18.346518346518337, 41.514971514971506 ], [ 18.427878427878426, 41.740871740871739 ], [ 18.480078480078475, 41.88415188415189 ], [ 18.589878589878595, 41.865611865611868 ], [ 18.663678663678667, 41.927171927171941 ], [ 18.526878526878534, 42.014112014112015 ], [ 18.544158544158535, 42.061092061092069 ], [ 18.554958554958546, 42.091152091152082 ], [ 18.599958599958597, 42.200052200052198 ], [ 18.589878589878595, 42.218952218952211 ], [ 18.557838557838551, 42.337752337752335 ], [ 18.557478557478561, 42.346032346032359 ], [ 18.557478557478561, 42.354492354492351 ], [ 18.556038556038544, 42.379512379512391 ], [ 18.554238554238566, 42.410472410472408 ], [ 18.480078480078475, 42.450252450252464 ], [ 18.449838449838438, 42.499932499932498 ], [ 18.438318438318447, 42.540072540072543 ], [ 18.306558306558316, 42.614772614772619 ], [ 18.249318249318264, 42.602532602532591 ], [ 17.84899784899784, 42.856152856152846 ], [ 17.833157833157827, 42.866592866592867 ], [ 17.7103977103977, 42.840312840312833 ], [ 17.543357543357558, 42.905292905292896 ], [ 17.699957699957707, 42.949932949932958 ], [ 17.661797661797664, 43.041733041733039 ], [ 17.430677430677434, 43.180333180333179 ], [ 17.305397305397321, 43.24027324027324 ], [ 17.288117288117292, 43.305253305253302 ], [ 17.27731727731728, 43.351693351693342 ], [ 17.289917289917298, 43.457533457533458 ], [ 17.280557280557275, 43.468873468873483 ], [ 17.244197244197238, 43.484533484533472 ], [ 17.215397215397218, 43.496593496593505 ], [ 17.199557199557205, 43.495873495873496 ], [ 17.125037125037124, 43.516933516933506 ], [ 17.040077040077051, 43.558693558693562 ], [ 16.946836946836953, 43.633393633393638 ], [ 16.822636822636838, 43.736713736713739 ], [ 16.747396747396749, 43.801693801693801 ], [ 16.721836721836723, 43.823833823833837 ], [ 16.671076671076662, 43.876033876033887 ], [ 16.482796482796488, 44.029394029394041 ], [ 16.313236313236303, 44.130014130014132 ], [ 16.303516303516318, 44.149994149994143 ], [ 16.274356274356279, 44.167454167454167 ], [ 16.143316143316156, 44.44825444825446 ], [ 15.969435969435978, 44.678834678834676 ], [ 15.769275769275765, 44.771174771174771 ], [ 15.749835749835739, 44.900054900054897 ], [ 15.74335574335575, 44.942174942174944 ], [ 15.768195768195767, 44.982854982854974 ], [ 15.768915768915775, 44.999954999955008 ], [ 15.745155745155756, 45.010215010215006 ], [ 15.722115722115717, 45.04225504225505 ], [ 15.749475749475749, 45.092475092475098 ], [ 15.74371574371574, 45.14089514089514 ], [ 15.758475758475754, 45.17779517779519 ], [ 15.797355797355806, 45.195615195615204 ], [ 15.889875889875896, 45.220815220815211 ], [ 15.907515907515915, 45.223875223875211 ], [ 15.933435933435931, 45.216675216675213 ], [ 16.28515628515629, 45.006615006615021 ], [ 16.304956304956306, 44.996714996714985 ], [ 16.378396378396388, 45.05143505143505 ], [ 16.441036441036431, 45.130275130275123 ], [ 16.465156465156468, 45.145215145215133 ], [ 16.489276489276477, 45.197775197775201 ], [ 16.51015651015652, 45.2130752130752 ], [ 16.525996525996533, 45.224415224415225 ], [ 16.554436554436563, 45.221715221715215 ], [ 16.675756675756674, 45.201375201375214 ], [ 16.734436734436741, 45.195615195615204 ], [ 16.786276786276801, 45.190035190035189 ], [ 16.838476838476851, 45.217215217215227 ], [ 16.944316944316938, 45.238635238635226 ], [ 16.946836946836953, 45.239175239175239 ], [ 17.015237015237005, 45.22729522729523 ], [ 17.071757071757077, 45.199215199215189 ], [ 17.163917163917176, 45.153315153315162 ], [ 17.180117180117179, 45.146475146475154 ], [ 17.23159723159722, 45.141435141435153 ], [ 17.253197253197243, 45.152775152775149 ], [ 17.29531729531729, 45.173655173655163 ], [ 17.356877356877362, 45.140355140355155 ], [ 17.366957366957365, 45.13477513477514 ], [ 17.399357399357399, 45.134955134955135 ], [ 17.408717408717422, 45.134415134415121 ], [ 17.451197451197459, 45.157995157995146 ], [ 17.45587745587747, 45.12937512937512 ], [ 17.485757485757489, 45.13783513783514 ], [ 17.495837495837492, 45.113355113355112 ], [ 17.517077517077524, 45.103275103275109 ], [ 17.551277551277565, 45.116595116595107 ], [ 17.662877662877662, 45.116595116595107 ], [ 17.839277839277827, 45.044415044415047 ], [ 17.861597861597858, 45.044775044775037 ], [ 17.891837891837895, 45.061335061335058 ], [ 17.959517959517967, 45.114435114435111 ], [ 17.964917964917959, 45.114435114435111 ], [ 18.045198045198049, 45.139995139995136 ], [ 18.064638064638075, 45.133335133335123 ], [ 18.127278127278117, 45.080775080775084 ], [ 18.215478215478214, 45.093015093015083 ], [ 18.216558216558212, 45.116055116055122 ], [ 18.217638217638211, 45.131175131175127 ], [ 18.244278244278235, 45.145035145035138 ], [ 18.330678330678325, 45.105255105255111 ], [ 18.381798381798376, 45.102015102015116 ], [ 18.666558666558672, 45.08329508329507 ], [ 18.727398727398736, 44.999234999235 ], [ 18.833238833238823, 44.850014850014844 ], [ 18.986958986958996, 44.850914850914847 ], [ 19.009639009639017, 44.871434871434872 ], [ 19.035559035559032, 44.910854910854908 ], [ 19.078759078759077, 44.897534897534911 ], [ 19.092439092439093, 44.92165492165492 ], [ 19.156879156879171, 44.95279495279496 ], [ 19.141759141759138, 44.979794979794974 ], [ 19.110799110799121, 44.970074970074961 ], [ 19.081279081279092, 44.979794979794974 ], [ 19.095679095679088, 45.004095004095007 ], [ 19.071199071199061, 45.067815067815076 ], [ 19.071199071199061, 45.106155106155114 ], [ 19.077679077679079, 45.126675126675138 ], [ 19.110079110079113, 45.137295137295126 ], [ 19.245439245439258, 45.155475155475159 ], [ 19.292239292239287, 45.204975204975199 ], [ 19.318519318519321, 45.207495207495214 ], [ 19.339039339039346, 45.174915174915185 ], [ 19.351639351639363, 45.179955179955186 ], [ 19.369279369279383, 45.168615168615162 ], [ 19.441639441639438, 45.169515169515165 ], [ 19.449559449559445, 45.182835182835191 ], [ 19.421839421839422, 45.232155232155236 ], [ 19.420399420399434, 45.232155232155236 ], [ 19.400959400959408, 45.232155232155236 ], [ 19.366759366759368, 45.233415233415229 ], [ 19.244719244719249, 45.273375273375279 ], [ 18.999918999919004, 45.350055350055356 ], [ 19.012879012879011, 45.400635400635394 ], [ 19.093159093159102, 45.488295488295478 ], [ 19.133479133479142, 45.508275508275517 ], [ 19.05967905967907, 45.533295533295529 ], [ 18.930438930438925, 45.55561555561556 ], [ 18.931158931158933, 45.56479556479556 ], [ 18.898758898758899, 45.57055557055557 ], [ 18.899838899838898, 45.581175581175586 ], [ 18.936918936918943, 45.605835605835608 ], [ 18.912438912438915, 45.609795609795611 ], [ 18.918198918198925, 45.618975618975611 ], [ 18.951318951318939, 45.625635625635624 ], [ 18.934398934398928, 45.642195642195645 ], [ 18.979758979758969, 45.65695565695566 ], [ 18.96139896139897, 45.671715671715674 ], [ 18.93331893331893, 45.816615816615808 ], [ 18.805518805518801, 45.881595881595871 ], [ 18.698958698958705, 45.915255915255926 ], [ 18.665478665478673, 45.913275913275925 ], [ 18.660438660438672, 45.898695898695905 ], [ 18.639558639558629, 45.890235890235886 ], [ 18.644598644598659, 45.872775872775861 ], [ 18.625158625158633, 45.87007587007588 ], [ 18.61543861543862, 45.841095841095836 ], [ 18.573318573318573, 45.801315801315809 ], [ 18.510678510678503, 45.781695781695788 ], [ 18.487278487278502, 45.788355788355801 ], [ 18.413478413478401, 45.74605574605576 ], [ 18.385758385758379, 45.762795762795776 ], [ 18.365958365958363, 45.764415764415759 ], [ 18.346518346518337, 45.747495747495748 ], [ 18.244278244278235, 45.762975762975771 ], [ 18.199278199278211, 45.782415782415796 ], [ 18.167958167958176, 45.775755775755783 ], [ 18.133758133758136, 45.787455787455798 ], [ 18.06823806823806, 45.771615771615785 ], [ 17.998037998038001, 45.797175797175811 ], [ 17.904797904797903, 45.789975789975784 ], [ 17.864837864837853, 45.770895770895777 ], [ 17.671517671517677, 45.837135837135833 ], [ 17.566757566757559, 45.933255933255936 ], [ 17.384597384597384, 45.9111159111159 ], [ 17.296757296757306, 45.99139599139599 ], [ 17.181197181197177, 46.12081612081613 ], [ 17.147717147717145, 46.171036171036178 ], [ 16.962676962676966, 46.240336240336234 ], [ 16.943596943596958, 46.246996246996247 ], [ 16.889596889596902, 46.294156294156295 ], [ 16.88491688491689, 46.300816300816308 ], [ 16.882396882396876, 46.329256329256339 ], [ 16.892116892116888, 46.332496332496333 ], [ 16.855036855036843, 46.361116361116359 ], [ 16.803916803916792, 46.384696384696383 ], [ 16.703476703476696, 46.407196407196409 ], [ 16.633276633276637, 46.471636471636486 ], [ 16.565956565956554, 46.483696483696491 ], [ 16.530676530676544, 46.500076500076489 ], [ 16.368316368316357, 46.569916569916558 ], [ 16.23907623907624, 46.503316503316512 ], [ 16.281556281556277, 46.398376398376399 ], [ 16.273996273996289, 46.378396378396388 ], [ 16.196236196236185, 46.379116379116368 ], [ 16.056556056556047, 46.408096408096412 ], [ 16.041436041436043, 46.36885636885637 ], [ 16.023436023436034, 46.324396324396332 ], [ 15.976275976275986, 46.309636309636318 ], [ 15.926235926235933, 46.286956286956297 ], [ 15.902115902115895, 46.286596286596279 ], [ 15.89851589851591, 46.28551628551628 ], [ 15.865395865395868, 46.276336276336281 ], [ 15.826155826155826, 46.266076266076254 ], [ 15.809595809595805, 46.232416232416227 ], [ 15.77791577791578, 46.227016227016236 ], [ 15.634275634275639, 46.201096201096192 ], [ 15.626715626715622, 46.171396171396168 ], [ 15.617715617715618, 46.146916146916141 ], [ 15.6112356112356, 46.129456129456116 ], [ 15.625635625635624, 46.101376101376104 ], [ 15.724995724995722, 46.049716049716039 ], [ 15.70303570303571, 45.972855972855967 ], [ 15.709875709875718, 45.949995949995952 ], [ 15.692955692955707, 45.902835902835903 ], [ 15.694035694035705, 45.866115866115877 ], [ 15.683235683235694, 45.842535842535852 ], [ 15.678555678555682, 45.842175842175834 ], [ 15.655155655155653, 45.840195840195832 ], [ 15.542115542115539, 45.825795825795836 ], [ 15.490995490995488, 45.807435807435809 ], [ 15.427635427635437, 45.794475794475801 ], [ 15.353475353475346, 45.773055773055773 ], [ 15.31099531099531, 45.716175716175712 ], [ 15.304155304155302, 45.7003357003357 ], [ 15.316035316035311, 45.683595683595684 ], [ 15.382275382275395, 45.690075690075702 ], [ 15.407835407835421, 45.677295677295689 ], [ 15.398475398475398, 45.64273564273563 ], [ 15.389835389835383, 45.637155637155644 ], [ 15.336555336555335, 45.63589563589565 ], [ 15.312075312075308, 45.59935559935559 ], [ 15.298035298035302, 45.574695574695568 ], [ 15.313515313515325, 45.528075528075533 ], [ 15.388395388395395, 45.491175491175483 ], [ 15.340155340155349, 45.458595458595454 ], [ 15.263835263835261, 45.452295452295459 ], [ 15.217755217755212, 45.424215424215419 ], [ 15.155475155475159, 45.413055413055417 ], [ 15.111195111195116, 45.44077544077544 ], [ 15.074475074475089, 45.488655488655496 ], [ 15.031275031275044, 45.483975483975485 ], [ 15.007155007155006, 45.494955494955491 ], [ 14.932634932634926, 45.529695529695545 ], [ 14.9009549009549, 45.47497547497548 ], [ 14.867474867474868, 45.46579546579548 ], [ 14.73931473931475, 45.523395523395521 ], [ 14.728514728514739, 45.531315531315528 ], [ 14.583434583434581, 45.640215640215644 ], [ 14.547074547074544, 45.626895626895617 ], [ 14.472914472914482, 45.533115533115534 ], [ 14.403434403434403, 45.503415503415511 ], [ 14.386514386514392, 45.492975492975489 ], [ 14.351954351954362, 45.48415548415548 ], [ 14.337194337194347, 45.479655479655491 ], [ 14.30155430155429, 45.493335493335508 ], [ 14.276354276354283, 45.490815490815493 ], [ 14.267714267714268, 45.482535482535496 ], [ 14.256914256914257, 45.505755505755502 ], [ 14.240354240354236, 45.507555507555509 ], [ 14.224154224154233, 45.501615501615504 ], [ 14.203994203994199, 45.470295470295468 ], [ 14.13379413379414, 45.475515475515465 ], [ 14.014274014274008, 45.523395523395521 ], [ 14.001314001314, 45.519255519255523 ], [ 13.773433773433766, 45.465615465615457 ], [ 13.714753714753726, 45.46921546921547 ], [ 13.613953613953612, 45.469395469395465 ], [ 13.584793584793573, 45.475875475875483 ], [ 13.544473544473533, 45.494415494415506 ], [ 13.503433503433513, 45.509715509715505 ], [ 13.419553419553409, 45.544455544455559 ], [ 13.388233388233402, 45.558855558855555 ], [ 13.333153333153348, 45.525015525015533 ], [ 13.279153279153292, 45.487215487215479 ], [ 13.183393183393179, 45.422235422235417 ], [ 13.126873126873136, 45.386955386955378 ], [ 13.116793116793104, 45.377775377775379 ], [ 13.000153000153006, 45.300015300015303 ], [ 12.995472995472994, 45.262755262755263 ], [ 12.995472995472994, 45.225855225855213 ], [ 13.000153000153006, 45.183375183375176 ], [ 13.000153000153006, 45.16969516969516 ], [ 13.000153000153006, 45.16663516663516 ], [ 13.000153000153006, 45.166455166455165 ], [ 13.000153000153006, 45.158355158355164 ], [ 13.003393003393001, 45.151695151695151 ], [ 13.091233091233079, 44.985914985914974 ], [ 13.133353133353125, 44.900054900054897 ], [ 13.149193149193138, 44.876654876654868 ], [ 13.158193158193171, 44.858834858834854 ], [ 13.194553194553208, 44.789714789714793 ], [ 13.266553266553274, 44.633294633294639 ], [ 13.333153333153348, 44.533394533394528 ], [ 13.463113463113473, 44.416394416394411 ], [ 13.498033498033493, 44.386334386334397 ], [ 13.685953685953677, 44.221994221994237 ], [ 13.75975375975375, 44.157194157194169 ], [ 13.921753921753918, 44.014094014094013 ], [ 13.949833949833959, 43.979173979173993 ], [ 14.021834021834024, 43.925353925353932 ], [ 14.172314172314174, 43.791073791073785 ], [ 14.228474228474226, 43.740853740853737 ], [ 14.274914274914266, 43.698913698913714 ], [ 14.322074322074315, 43.656613656613644 ], [ 14.328914328914323, 43.649953649953659 ], [ 14.389754389754387, 43.595593595593584 ], [ 14.4055944055944, 43.581373581373583 ], [ 14.424674424674436, 43.564093564093554 ], [ 14.481554481554497, 43.515853515853507 ], [ 14.499914499914496, 43.500013500013495 ], [ 14.634194634194643, 43.416313416313415 ], [ 14.797634797634799, 43.31173331173332 ], [ 15.101835101835093, 43.119133119133124 ], [ 15.112995112995122, 43.111933111933126 ], [ 15.205515205515212, 43.055773055773045 ], [ 15.290475290475285, 42.998892998893012 ], [ 15.43735543735545, 42.907452907452921 ], [ 15.46651546651546, 42.88549288549288 ], [ 15.524835524835538, 42.848052848052845 ], [ 15.612315612315626, 42.793872793872794 ], [ 15.748395748395751, 42.703872703872719 ], [ 15.823635823635811, 42.655632655632644 ], [ 15.935955935955946, 42.581652581652577 ], [ 16.048996048996059, 42.507852507852505 ], [ 16.123516123516112, 42.434772434772441 ], [ 16.095076095076109, 42.379692379692386 ], [ 16.173196173196175, 42.331092331092322 ], [ 16.353916353916361, 42.346932346932334 ], [ 16.963036963036956, 42.063612063612055 ], [ 17.248157248157241, 41.928251928251939 ], [ 17.616437616437622, 41.753291753291762 ] ] ] } },
{ "type": "Feature", "properties": { "designator": "LECB", "type": "FIR", "upper": 195.0, "lower": 0.0, "name": "Barcelona FIR" }, "geometry": { "type": "Polygon", "coordinates": [ [ [ 4.666504666504665, 40.55215055215055 ], [ 4.666504666504665, 40.856890856890857 ], [ 4.666504666504665, 40.974250974250964 ], [ 4.666504666504665, 41.057411057411059 ], [ 4.666504666504665, 41.140751140751149 ], [ 4.666504666504665, 41.416691416691407 ], [ 4.666504666504665, 41.733311733311723 ], [ 4.666504666504665, 42.000072000072009 ], [ 4.434664434664427, 42.06883206883208 ], [ 4.414864414864411, 42.079812079812086 ], [ 4.333504333504322, 42.098532098532104 ], [ 4.115704115704119, 42.172152172152181 ], [ 4.037584037584026, 42.197172197172193 ], [ 4.00014400014399, 42.209232209232198 ], [ 3.922383922383915, 42.216972216972209 ], [ 3.828783828783827, 42.260352260352249 ], [ 3.500103500103506, 42.333252333252346 ], [ 3.375543375543373, 42.374652374652385 ], [ 3.200943200943215, 42.431172431172428 ], [ 3.176463176463187, 42.432792432792439 ], [ 3.166743166743174, 42.433332433332424 ], [ 3.128223128223141, 42.432252432252426 ], [ 3.108783108783115, 42.438552438552449 ], [ 3.077823077823069, 42.448812448812447 ], [ 2.983142983142983, 42.480312480312477 ], [ 2.907542907542904, 42.465912465912453 ], [ 2.832302832302844, 42.451332451332462 ], [ 2.810702810702821, 42.446112446112437 ], [ 2.691542691542679, 42.416592416592408 ], [ 2.533502533502542, 42.400032400032387 ], [ 2.381582381582376, 42.415872415872428 ], [ 2.223542223542239, 42.432432432432421 ], [ 2.216342216342213, 42.433332433332424 ], [ 2.166662166662178, 42.383292383292371 ], [ 2.104742104742115, 42.382572382572391 ], [ 2.100422100422094, 42.381672381672388 ], [ 2.058662058662065, 42.361692361692349 ], [ 2.008262008262022, 42.366912366912373 ], [ 1.728181728181738, 42.504432504432515 ], [ 1.696861696861703, 42.49309249309249 ], [ 1.671301671301677, 42.503892503892502 ], [ 1.647541647541658, 42.471132471132478 ], [ 1.54890154890154, 42.440532440532451 ], [ 1.512901512901522, 42.435312435312426 ], [ 1.464661464661475, 42.441072441072436 ], [ 1.437301437301443, 42.477432477432473 ], [ 1.430821430821425, 42.485352485352479 ], [ 1.464301464301457, 42.517032517032504 ], [ 1.447741447741436, 42.540612540612528 ], [ 1.423981423981417, 42.54223254223254 ], [ 1.426501426501432, 42.591912591912603 ], [ 1.440181440181448, 42.606312606312599 ], [ 1.37502137502139, 42.694512694512696 ], [ 1.229581229581242, 42.724392724392715 ], [ 1.114021114021114, 42.775332775332771 ], [ 0.997380997380986, 42.774792774792786 ], [ 0.86202086202087, 42.815832815832806 ], [ 0.750060750060754, 42.845352845352835 ], [ 0.733500733500733, 42.850032850032846 ], [ 0.558180558180567, 42.693072693072708 ], [ 0.416700416700422, 42.699912699912687 ], [ 0.366660366660369, 42.699912699912687 ], [ 0.151020151020163, 42.732132732132726 ], [ -0.066780066780069, 42.699912699912687 ], [ -0.291780291780299, 42.099972099972092 ], [ -0.391500391500387, 41.783351783351776 ], [ -0.616500616500616, 41.116631116631112 ], [ -0.772380772380785, 40.704250704250711 ], [ -0.925380925380921, 40.230850230850223 ], [ -0.971460971460971, 40.088110088110085 ], [ -0.999900999901001, 40.000090000090012 ], [ -1.040581040581031, 39.91170991170992 ], [ -1.250101250101238, 39.149949149949151 ], [ -1.263061263061275, 39.024489024489014 ], [ -1.29510129510129, 39.005229005229012 ], [ -1.333261333261333, 38.833328833328835 ], [ -1.359901359901357, 38.713268713268718 ], [ -1.456741456741469, 38.272268272268263 ], [ -1.531261531261521, 38.001728001727997 ], [ -1.557541557541555, 37.90758790758791 ], [ -1.564741564741553, 37.882747882747879 ], [ -1.724221724221735, 37.274527274527273 ], [ -1.772101772101763, 37.090027090027093 ], [ -1.833301833301846, 36.850086850086853 ], [ -1.861021861021868, 36.776106776106772 ], [ -1.88874188874189, 36.693306693306695 ], [ -2.100062100062104, 35.833265833265841 ], [ -1.999981999981998, 35.833265833265841 ], [ -1.499941499941485, 36.249966249966249 ], [ -1.494901494901484, 36.252306252306255 ], [ -1.137781137781133, 36.404946404946401 ], [ -1.02366102366102, 36.453546453546451 ], [ -0.023580023580024, 36.871146871146877 ], [ 0.099900099900111, 36.916686916686913 ], [ 0.773460773460783, 37.19244719244719 ], [ 1.06938106938108, 37.31394731394731 ], [ 1.499941499941514, 37.447147447147444 ], [ 2.124902124902121, 37.716607716607712 ], [ 2.329022329022337, 37.803547803547801 ], [ 2.589302589302577, 37.902547902547909 ], [ 3.151263151263151, 38.112968112968105 ], [ 3.202023202023213, 38.131868131868146 ], [ 3.421983421983413, 38.213408213408201 ], [ 3.550143550143559, 38.260568260568249 ], [ 3.749943749943753, 38.333288333288323 ], [ 3.949743949743947, 38.480348480348482 ], [ 4.684864684864692, 39.000009000008987 ], [ 4.666504666504665, 39.584469584469588 ], [ 4.666504666504665, 39.716589716589709 ], [ 4.666504666504665, 39.956709956709972 ], [ 4.666504666504665, 40.031050031050029 ], [ 4.666504666504665, 40.064710064710056 ], [ 4.666504666504665, 40.180270180270185 ], [ 4.666504666504665, 40.282150282150269 ], [ 4.666504666504665, 40.391050391050385 ], [ 4.666504666504665, 40.499950499950501 ], [ 4.666504666504665, 40.55215055215055 ] ] ] } },
{ "type": "Feature", "properties": { "designator": "LECM", "type": "FIR", "upper": 195.0, "lower": 0.0, "name": "Madrid FIR" }, "geometry": { "type": "Polygon", "coordinates": [ [ [ -1.333261333261333, 43.050013050013064 ], [ -1.450981450981459, 43.05829305829306 ], [ -1.464661464661475, 43.076113076113074 ], [ -1.470421470421456, 43.212013212013204 ], [ -1.473301473301461, 43.271053271053262 ], [ -1.491301491301499, 43.283833283833275 ], [ -1.572661572661559, 43.267273267273282 ], [ -1.615501615501614, 43.258273258273249 ], [ -1.720981720981712, 43.313893313893317 ], [ -1.740421740421738, 43.354933354933365 ], [ -1.780381780381788, 43.374733374733381 ], [ -1.783261783261793, 43.383373383373396 ], [ -1.783261783261793, 43.506133506133494 ], [ -1.783261783261793, 43.583353583353585 ], [ -1.962541962541962, 43.646353646353646 ], [ -2.01546201546202, 43.665253665253658 ], [ -2.066582066582072, 43.683253683253696 ], [ -2.16594216594217, 43.719433719433709 ], [ -2.519462519462508, 43.838953838953842 ], [ -2.573462573462564, 43.857853857853854 ], [ -2.630342630342625, 43.87729387729388 ], [ -2.677142677142683, 43.893313893313888 ], [ -2.685422685422679, 43.896193896193893 ], [ -2.728982728982714, 43.910773910773912 ], [ -2.738702738702727, 43.914193914193902 ], [ -2.79450279450279, 43.933093933093943 ], [ -2.84022284022285, 43.948573948573937 ], [ -2.912582912582906, 43.973593973593978 ], [ -3.030303030303031, 44.012294012294007 ], [ -3.150183150183153, 44.051354051354053 ], [ -3.891783891783888, 44.297234297234297 ], [ -3.987543987543972, 44.328914328914323 ], [ -4.23126423126422, 44.375894375894376 ], [ -4.436104436104443, 44.412434412434408 ], [ -4.607104607104617, 44.443394443394453 ], [ -4.947664947664947, 44.505314505314516 ], [ -5.139545139545135, 44.544194544194539 ], [ -5.553185553185557, 44.609714609714615 ], [ -5.624825624825633, 44.62213462213461 ], [ -5.836505836505836, 44.658854658854665 ], [ -6.916506916506904, 44.834714834714845 ], [ -6.919746919746927, 44.83525483525483 ], [ -7.405387405387415, 44.910494910494918 ], [ -7.884907884907875, 44.983034983034997 ], [ -8.000108000107986, 44.999954999955008 ], [ -8.749988749988745, 44.999954999955008 ], [ -8.999828999828992, 44.999954999955008 ], [ -9.130149130149135, 44.999954999955008 ], [ -9.499869499869504, 44.999954999955008 ], [ -9.685269685269674, 44.999954999955008 ], [ -9.83682983682985, 44.999954999955008 ], [ -9.999909999909988, 44.999954999955008 ], [ -10.499950499950501, 44.999954999955008 ], [ -10.999990999990985, 44.999954999955008 ], [ -11.500031500031497, 44.999954999955008 ], [ -11.565191565191554, 44.999954999955008 ], [ -12.000072000072009, 44.999954999955008 ], [ -12.283392283392288, 44.999954999955008 ], [ -12.500112500112493, 44.999954999955008 ], [ -12.583272583272588, 44.999954999955008 ], [ -12.916632916632921, 44.999954999955008 ], [ -13.000153000153006, 44.999954999955008 ], [ -13.000153000153006, 44.916614916614918 ], [ -13.000153000153006, 44.833274833274828 ], [ -13.000153000153006, 44.636714636714629 ], [ -13.000153000153006, 44.499914499914496 ], [ -13.000153000153006, 44.304794304794314 ], [ -13.000153000153006, 44.000054000054007 ], [ -13.000153000153006, 43.500013500013495 ], [ -13.000153000153006, 43.27717327717329 ], [ -13.000153000153006, 42.999972999973011 ], [ -12.500112500112493, 42.83329283329283 ], [ -12.000072000072009, 42.678852678852678 ], [ -10.816030816030803, 42.28303228303227 ], [ -10.396270396270381, 42.138312138312131 ], [ -10.067950067950079, 42.023832023832028 ], [ -9.999909999909988, 42.000072000072009 ], [ -9.400149400149388, 41.93329193329194 ], [ -9.361989361989373, 41.925551925551929 ], [ -9.036549036549047, 41.886131886131892 ], [ -9.010269010269013, 41.883071883071892 ], [ -8.926748926748928, 41.872811872811866 ], [ -8.843588843588833, 41.867411867411874 ], [ -8.563508563508549, 42.068112068112072 ], [ -8.228348228348239, 42.139752139752147 ], [ -8.081108081108084, 41.81503181503183 ], [ -7.775827775827764, 41.908631908631918 ], [ -7.604827604827591, 41.855531855531865 ], [ -7.472707472707469, 41.830511830511824 ], [ -7.266787266787276, 41.852831852831855 ], [ -7.117027117027106, 41.93635193635194 ], [ -7.116307116307127, 41.93671193671193 ], [ -6.624906624906629, 41.941751941751932 ], [ -6.566586566586579, 41.93329193329194 ], [ -6.499266499266497, 41.76967176967176 ], [ -6.37038637038637, 41.673551673551685 ], [ -6.250146250146258, 41.583371583371587 ], [ -6.280026280026277, 41.483111483111486 ], [ -6.392346392346383, 41.37997137997138 ], [ -6.777186777186785, 41.129771129771143 ], [ -6.833346833346837, 40.833310833310833 ], [ -6.816786816786816, 40.766170766170774 ], [ -6.766746766746763, 40.666630666630681 ], [ -6.72282672282671, 40.622710622710628 ], [ -6.799866799866805, 40.516690516690517 ], [ -6.818226818226805, 40.399510399510405 ], [ -6.783306783306784, 40.363870363870376 ], [ -6.992106992106983, 40.12555012555012 ], [ -6.874386874386886, 39.994509994509997 ], [ -6.873666873666878, 39.893529893529887 ], [ -6.873666873666878, 39.876429876429881 ], [ -7.000027000026989, 39.686169686169677 ], [ -7.000027000026989, 39.66672966672968 ], [ -7.030627030627016, 39.66672966672968 ], [ -7.50078750078751, 39.663129663129666 ], [ -7.386667386667398, 39.538929538929551 ], [ -7.366507366507363, 39.52884952884952 ], [ -7.302427302427304, 39.329949329949329 ], [ -7.223227223227212, 39.21942921942923 ], [ -7.150147150147149, 39.161109161109152 ], [ -7.060147060147045, 39.125289125289129 ], [ -7.02846702846702, 39.108909108909103 ], [ -7.01658701658701, 39.116649116649114 ], [ -7.010107010107021, 39.103689103689106 ], [ -6.975186975186972, 39.073809073809088 ], [ -6.964746964746951, 39.056889056889048 ], [ -6.963666963666952, 39.037449037449051 ], [ -6.955386955386956, 39.022509022509013 ], [ -6.973746973746984, 39.000009000008987 ], [ -7.06842706842707, 38.897768897768913 ], [ -7.150147150147149, 38.800028800028798 ], [ -7.219987219987217, 38.731448731448722 ], [ -7.249867249867236, 38.633348633348646 ], [ -7.28190728190728, 38.552528552528543 ], [ -7.299907299907289, 38.500328500328493 ], [ -7.167427167427178, 38.346068346068336 ], [ -7.000027000026989, 38.15004815004815 ], [ -7.019827019827005, 38.124668124668119 ], [ -7.000027000026989, 38.083268083268081 ], [ -7.101187101187094, 38.021348021348018 ], [ -7.125667125667121, 38.000828000827994 ], [ -7.248067248067258, 37.895527895527891 ], [ -7.316827316827329, 37.824967824967828 ], [ -7.500067500067502, 37.583407583407578 ], [ -7.443187443187441, 37.41744741744742 ], [ -7.421227421227428, 37.346347346347343 ], [ -7.428787428787416, 37.245907245907247 ], [ -7.383427383427374, 37.12890712890713 ], [ -7.383427383427374, 37.076167076167081 ], [ -7.383427383427374, 37.036747036747045 ], [ -7.383427383427374, 36.916686916686913 ], [ -7.383427383427374, 36.833346833346837 ], [ -7.383427383427374, 36.766746766746763 ], [ -7.383427383427374, 36.666666666666671 ], [ -7.383427383427374, 36.026586026586031 ], [ -7.383427383427374, 35.96664596664597 ], [ -7.383427383427374, 35.833265833265841 ], [ -7.000027000026989, 35.833265833265841 ], [ -6.80274680274681, 35.833265833265841 ], [ -6.749826749826752, 35.833265833265841 ], [ -6.717426717426719, 35.833265833265841 ], [ -6.632106632106627, 35.833265833265841 ], [ -6.450666450666461, 35.833265833265841 ], [ -6.32394632394633, 35.833265833265841 ], [ -6.239346239346247, 35.833265833265841 ], [ -6.028386028386024, 35.833265833265841 ], [ -5.954585954585951, 35.833265833265841 ], [ -5.700065700065693, 35.833265833265841 ], [ -5.666585666585661, 35.833265833265841 ], [ -5.143505143505138, 35.833265833265841 ], [ -5.11902511902511, 35.833265833265841 ], [ -4.91094491094492, 35.833265833265841 ], [ -4.900144900144909, 35.833265833265841 ], [ -4.370944370944358, 35.833265833265841 ], [ -4.048024048024047, 35.833265833265841 ], [ -4.00014400014399, 35.833265833265841 ], [ -3.958383958383962, 35.833265833265841 ], [ -3.703503703503713, 35.833265833265841 ], [ -3.500103500103506, 35.833265833265841 ], [ -3.44070344070343, 35.833265833265841 ], [ -3.433503433503432, 35.833265833265841 ], [ -3.263943263943275, 35.833265833265841 ], [ -3.235863235863235, 35.833265833265841 ], [ -3.050103050103047, 35.833265833265841 ], [ -2.686502686502678, 35.833265833265841 ], [ -2.116622116622125, 35.833265833265841 ], [ -2.100062100062104, 35.833265833265841 ], [ -1.88874188874189, 36.693306693306695 ], [ -1.861021861021868, 36.776106776106772 ], [ -1.833301833301846, 36.850086850086853 ], [ -1.772101772101763, 37.090027090027093 ], [ -1.724221724221735, 37.274527274527273 ], [ -1.564741564741553, 37.882747882747879 ], [ -1.557541557541555, 37.90758790758791 ], [ -1.531261531261521, 38.001728001727997 ], [ -1.456741456741469, 38.272268272268263 ], [ -1.359901359901357, 38.713268713268718 ], [ -1.333261333261333, 38.833328833328835 ], [ -1.29510129510129, 39.005229005229012 ], [ -1.263061263061275, 39.024489024489014 ], [ -1.250101250101238, 39.149949149949151 ], [ -1.040581040581031, 39.91170991170992 ], [ -0.999900999901001, 40.000090000090012 ], [ -0.971460971460971, 40.088110088110085 ], [ -0.925380925380921, 40.230850230850223 ], [ -0.772380772380785, 40.704250704250711 ], [ -0.616500616500616, 41.116631116631112 ], [ -0.391500391500387, 41.783351783351776 ], [ -0.291780291780299, 42.099972099972092 ], [ -0.066780066780069, 42.699912699912687 ], [ -0.193500193500199, 42.796752796752799 ], [ -0.199980199980189, 42.79909279909279 ], [ -0.273780273780261, 42.839232839232835 ], [ -0.295020295020294, 42.846612846612857 ], [ -0.436500436500438, 42.805032805032795 ], [ -0.495900495900486, 42.823932823932836 ], [ -0.656820656820656, 42.875052875052887 ], [ -0.665100665100653, 42.879912879912894 ], [ -0.750060750060754, 42.933372933372937 ], [ -0.82818082818082, 42.951192951192951 ], [ -0.979020979020987, 42.973332973332987 ], [ -1.050301050301044, 42.994932994933009 ], [ -1.107901107901114, 43.00915300915301 ], [ -1.333261333261333, 43.050013050013064 ] ] ] } },
{ "type": "Feature", "properties": { "designator": "LFBB", "type": "FIR", "upper": 195.0, "lower": 0.0, "name": "Bordeaux FIR" }, "geometry": { "type": "Polygon", "coordinates": [ [ [ 2.833382833382842, 46.749916749916764 ], [ 2.168822168822174, 47.082197082197069 ], [ 1.999981999981998, 47.166617166617158 ], [ 1.466821466821472, 47.166617166617158 ], [ 1.058221058221051, 47.166617166617158 ], [ 0.824580824580835, 47.166617166617158 ], [ 0.570780570780585, 47.166977166977176 ], [ 0.300060300060295, 47.166617166617158 ], [ 0.255420255420262, 47.166617166617158 ], [ 0.179820179820183, 47.166617166617158 ], [ 0.050940050940056, 47.166617166617158 ], [ -0.250020250020242, 47.166617166617158 ], [ -0.250020250020242, 47.044397044397044 ], [ -0.250020250020242, 46.628956628956644 ], [ -0.250020250020242, 46.625896625896615 ], [ -0.250020250020242, 46.500076500076489 ], [ -0.700020700020701, 46.500076500076489 ], [ -0.890820890820891, 46.500076500076489 ], [ -1.11006111006111, 46.500076500076489 ], [ -1.13346113346114, 46.500076500076489 ], [ -1.350901350901353, 46.500076500076489 ], [ -1.431181431181443, 46.500076500076489 ], [ -1.54314154314153, 46.500076500076489 ], [ -1.58346158346157, 46.500076500076489 ], [ -1.633501633501623, 46.500076500076489 ], [ -1.666621666621666, 45.981315981315987 ], [ -1.662301662301672, 45.937575937575929 ], [ -1.672021672021657, 45.757575757575751 ], [ -1.678141678141685, 45.561195561195575 ], [ -1.719901719901713, 44.816714816714807 ], [ -1.758421758421747, 44.200034200034196 ], [ -1.766701766701772, 44.066654066654081 ], [ -1.783261783261793, 43.583353583353585 ], [ -1.783261783261793, 43.506133506133494 ], [ -1.783261783261793, 43.383373383373396 ], [ -1.780381780381788, 43.374733374733381 ], [ -1.740421740421738, 43.354933354933365 ], [ -1.720981720981712, 43.313893313893317 ], [ -1.615501615501614, 43.258273258273249 ], [ -1.572661572661559, 43.267273267273282 ], [ -1.491301491301499, 43.283833283833275 ], [ -1.473301473301461, 43.271053271053262 ], [ -1.470421470421456, 43.212013212013204 ], [ -1.464661464661475, 43.076113076113074 ], [ -1.450981450981459, 43.05829305829306 ], [ -1.333261333261333, 43.050013050013064 ], [ -1.107901107901114, 43.00915300915301 ], [ -1.050301050301044, 42.994932994933009 ], [ -0.979020979020987, 42.973332973332987 ], [ -0.82818082818082, 42.951192951192951 ], [ -0.750060750060754, 42.933372933372937 ], [ -0.665100665100653, 42.879912879912894 ], [ -0.656820656820656, 42.875052875052887 ], [ -0.495900495900486, 42.823932823932836 ], [ -0.436500436500438, 42.805032805032795 ], [ -0.295020295020294, 42.846612846612857 ], [ -0.273780273780261, 42.839232839232835 ], [ -0.199980199980189, 42.79909279909279 ], [ -0.193500193500199, 42.796752796752799 ], [ -0.066780066780069, 42.699912699912687 ], [ 0.151020151020163, 42.732132732132726 ], [ 0.366660366660369, 42.699912699912687 ], [ 0.416700416700422, 42.699912699912687 ], [ 0.558180558180567, 42.693072693072708 ], [ 0.733500733500733, 42.850032850032846 ], [ 0.750060750060754, 42.845352845352835 ], [ 0.86202086202087, 42.815832815832806 ], [ 0.997380997380986, 42.774792774792786 ], [ 1.114021114021114, 42.775332775332771 ], [ 1.229581229581242, 42.724392724392715 ], [ 1.37502137502139, 42.694512694512696 ], [ 1.440181440181448, 42.606312606312599 ], [ 1.426501426501432, 42.591912591912603 ], [ 1.423981423981417, 42.54223254223254 ], [ 1.447741447741436, 42.540612540612528 ], [ 1.464301464301457, 42.517032517032504 ], [ 1.430821430821425, 42.485352485352479 ], [ 1.437301437301443, 42.477432477432473 ], [ 1.464661464661475, 42.441072441072436 ], [ 1.512901512901522, 42.435312435312426 ], [ 1.54890154890154, 42.440532440532451 ], [ 1.647541647541658, 42.471132471132478 ], [ 1.671301671301677, 42.503892503892502 ], [ 1.696861696861703, 42.49309249309249 ], [ 1.728181728181738, 42.504432504432515 ], [ 2.008262008262022, 42.366912366912373 ], [ 2.058662058662065, 42.361692361692349 ], [ 2.100422100422094, 42.381672381672388 ], [ 2.104742104742115, 42.382572382572391 ], [ 2.166662166662178, 42.383292383292371 ], [ 2.216342216342213, 42.433332433332424 ], [ 2.223542223542239, 42.432432432432421 ], [ 2.381582381582376, 42.415872415872428 ], [ 2.533502533502542, 42.400032400032387 ], [ 2.691542691542679, 42.416592416592408 ], [ 2.810702810702821, 42.446112446112437 ], [ 2.832302832302844, 42.451332451332462 ], [ 2.749862749862757, 42.583272583272588 ], [ 2.600102600102588, 42.712152712152715 ], [ 2.27502227502228, 42.999972999973011 ], [ 2.572382572382566, 43.258273258273249 ], [ 2.707022707022702, 43.212553212553217 ], [ 2.716742716742715, 43.716733716733728 ], [ 2.816822816822821, 44.023814023814026 ], [ 2.899982899982888, 44.250074250074249 ], [ 3.033183033183036, 44.616734616734618 ], [ 3.040383040383034, 44.65057465057464 ], [ 3.048663048663059, 44.875754875754865 ], [ 3.033183033183036, 45.150075150075139 ], [ 3.020943020943008, 45.223335223335226 ], [ 3.015183015183027, 45.398295398295403 ], [ 2.950022950022941, 46.066636066636079 ], [ 2.924822924822934, 46.255636255636261 ], [ 2.911502911502907, 46.376056376056368 ], [ 2.885942885942882, 46.499176499176514 ], [ 2.879102879102874, 46.54201654201654 ], [ 2.867942867942872, 46.577476577476574 ], [ 2.837702837702835, 46.729216729216716 ], [ 2.833382833382842, 46.749916749916764 ] ] ] } },
{ "type": "Feature", "properties": { "designator": "LFEE", "type": "FIR", "upper": 195.0, "lower": 0.0, "name": "Reims FIR" }, "geometry": { "type": "Polygon", "coordinates": [ [ [ 6.009306009306016, 46.543636543636552 ], [ 6.090666090666105, 46.546156546156539 ], [ 6.132426132426133, 46.583056583056589 ], [ 6.164466164466177, 46.611316611316624 ], [ 6.250866250866238, 46.671076671076662 ], [ 6.274986274986276, 46.68331668331669 ], [ 6.290466290466298, 46.699696699696688 ], [ 6.322146322146324, 46.711936711936715 ], [ 6.391626391626403, 46.743256743256751 ], [ 6.41034641034642, 46.751356751356752 ], [ 6.441306441306438, 46.759996759996767 ], [ 6.396666396666404, 46.782136782136774 ], [ 6.460386460386474, 46.854136854136868 ], [ 6.432666432666423, 46.925596925596921 ], [ 6.475866475866468, 46.960336960336974 ], [ 6.523746523746524, 46.971856971856965 ], [ 6.64182664182664, 47.024417024417033 ], [ 6.71670671670671, 47.053397053397049 ], [ 6.816786816786816, 47.133317133317121 ], [ 6.954306954306958, 47.243297243297235 ], [ 7.005787005786999, 47.323577323577325 ], [ 7.06266706266706, 47.344097344097349 ], [ 6.899226899226903, 47.381177381177395 ], [ 6.964746964746979, 47.463077463077468 ], [ 6.994266994267008, 47.469737469737481 ], [ 6.989586989586996, 47.49619749619751 ], [ 7.142227142227142, 47.49997749997749 ], [ 7.202347202347198, 47.425637425637433 ], [ 7.381267381267378, 47.413937413937418 ], [ 7.428787428787416, 47.49115749115748 ], [ 7.473787473787468, 47.497457497457503 ], [ 7.579987579987574, 47.603837603837604 ], [ 7.500067500067502, 47.63281763281762 ], [ 7.533907533907524, 47.688617688617683 ], [ 7.532107532107545, 47.783297783297797 ], [ 7.555507555507546, 47.830817830817836 ], [ 7.560907560907566, 47.83639783639785 ], [ 7.583227583227597, 47.908397908397916 ], [ 7.597627597627593, 47.938277938277935 ], [ 7.617067617067619, 47.987777987778003 ], [ 7.616707616707629, 48.000018000018002 ], [ 7.590427590427595, 48.014958014958012 ], [ 7.577467577467587, 48.083358083358092 ], [ 7.647667647667646, 48.199098199098188 ], [ 7.658467658467657, 48.216738216738207 ], [ 7.744867744867747, 48.328698328698323 ], [ 7.733707733707746, 48.435078435078424 ], [ 7.799587799587812, 48.506178506178514 ], [ 7.799947799947802, 48.520758520758534 ], [ 7.966627966627982, 48.716598716598725 ], [ 8.022068022068026, 48.774918774918774 ], [ 8.154188154188148, 48.916578916578914 ], [ 8.218628218628226, 48.974178974178983 ], [ 8.120708120708116, 48.988038988038994 ], [ 8.06670806670806, 48.999918999919004 ], [ 8.002268002268011, 49.01971901971902 ], [ 7.83522783522784, 49.047259047259047 ], [ 7.718227718227723, 49.05085905085906 ], [ 7.585027585027575, 49.080199080199094 ], [ 7.346707346707348, 49.119979119979121 ], [ 7.158787158787163, 49.151299151299156 ], [ 7.039267039267031, 49.17217917217917 ], [ 6.7109467109467, 49.218079218079225 ], [ 6.683226683226678, 49.249939249939246 ], [ 6.66990666990668, 49.280359280359278 ], [ 6.559746559746571, 49.432819432819429 ], [ 6.544266544266549, 49.455499455499449 ], [ 6.466506466506473, 49.466659466659479 ], [ 6.399906399906399, 49.466659466659479 ], [ 6.391626391626403, 49.466659466659479 ], [ 6.349146349146338, 49.465759465759476 ], [ 6.224946224946223, 49.508419508419507 ], [ 6.206586206586195, 49.503019503019516 ], [ 6.184266184266193, 49.496359496359503 ], [ 6.167706167706172, 49.491679491679491 ], [ 6.115146115146104, 49.476379476379464 ], [ 6.055386055386066, 49.466659466659479 ], [ 5.999945999945993, 49.455499455499449 ], [ 5.824985824985816, 49.371079371079361 ], [ 5.645345645345657, 49.301059301059297 ], [ 5.554265554265555, 49.266679266679262 ], [ 4.800064800064803, 48.950058950058946 ], [ 5.398745398745405, 48.504198504198513 ], [ 5.733185733185735, 48.250038250038244 ], [ 5.499905499905509, 48.216738216738207 ], [ 5.166545166545177, 48.166698166698154 ], [ 5.122625122625124, 48.127818127818131 ], [ 4.999864999864997, 48.016578016578023 ], [ 4.952704952704948, 47.974097974097987 ], [ 4.932544932544943, 47.956097956097949 ], [ 4.755784755784759, 47.800577800577798 ], [ 4.583344583344598, 47.649917649917654 ], [ 4.333504333504322, 47.416637416637428 ], [ 4.833184833184845, 46.500076500076489 ], [ 4.952704952704948, 46.500076500076489 ], [ 5.016785016785008, 46.500076500076489 ], [ 5.09058509058508, 46.500076500076489 ], [ 5.166545166545177, 46.500076500076489 ], [ 5.35014535014534, 46.500076500076489 ], [ 6.009306009306016, 46.543636543636552 ] ] ] } },
{ "type": "Feature", "properties": { "designator": "LFFF", "type": "FIR", "upper": 195.0, "lower": 0.0, "name": "Paris FIR" }, "geometry": { "type": "Polygon", "coordinates": [ [ [ 5.824985824985816, 49.371079371079361 ], [ 5.999945999945993, 49.455499455499449 ], [ 5.889065889065904, 49.509139509139516 ], [ 5.845865845865859, 49.53001953001953 ], [ 5.833265833265841, 49.542979542979538 ], [ 5.824265824265836, 49.542979542979538 ], [ 5.815985815985812, 49.549459549459556 ], [ 5.755505755505766, 49.542259542259529 ], [ 5.750105750105746, 49.541719541719544 ], [ 5.575145575145569, 49.527499527499515 ], [ 5.437625437625428, 49.518859518859529 ], [ 5.451305451305444, 49.546039546039538 ], [ 5.44230544230544, 49.567819567819555 ], [ 5.420705420705417, 49.601119601119592 ], [ 5.383265383265382, 49.616599616599615 ], [ 5.371745371745362, 49.62523962523963 ], [ 5.315945315945328, 49.64827964827964 ], [ 5.291105291105282, 49.677259677259684 ], [ 5.262665262665251, 49.693099693099697 ], [ 5.163305163305154, 49.716679716679721 ], [ 5.120465120465127, 49.734139734139745 ], [ 5.115065115065107, 49.736119736119747 ], [ 4.987984987984987, 49.800019800019811 ], [ 4.939384939384951, 49.800019800019811 ], [ 4.858384858384852, 49.800019800019811 ], [ 4.857664857664872, 49.861939861939874 ], [ 4.866664866664877, 49.983259983259984 ], [ 4.566784566784577, 49.974979974979988 ], [ 4.535104535104523, 49.965619965619965 ], [ 4.483264483264492, 49.949959949959947 ], [ 4.366624366624364, 49.961659961659961 ], [ 4.15026415026415, 49.980199980199984 ], [ 4.145944145944156, 49.980559980559974 ], [ 4.167904167904169, 50.148860148860138 ], [ 4.177984177984172, 50.22464022464024 ], [ 4.118944118944114, 50.296640296640305 ], [ 4.089784089784104, 50.314640314640315 ], [ 3.973143973143976, 50.328320328320331 ], [ 3.926703926703937, 50.333900333900345 ], [ 3.87306387306387, 50.34056034056033 ], [ 3.787383787383789, 50.339660339660327 ], [ 3.675063675063683, 50.342180342180342 ], [ 3.666783666783658, 50.349920349920353 ], [ 3.666783666783658, 50.416700416700422 ], [ 3.645543645543654, 50.451980451980461 ], [ 3.633303633303626, 50.473400473400488 ], [ 3.600543600543602, 50.483840483840481 ], [ 3.554103554103563, 50.497160497160507 ], [ 3.511623511623526, 50.526680526680536 ], [ 3.484623484623484, 50.51948051948051 ], [ 3.376623376623371, 50.495000495000482 ], [ 3.361503361503367, 50.514980514980522 ], [ 3.284103284103281, 50.594720594720599 ], [ 3.270063270063275, 50.609660609660608 ], [ 3.222903222903227, 50.678060678060689 ], [ 3.149823149823163, 50.783360783360791 ], [ 2.908262908262913, 50.691740691740705 ], [ 2.899982899982888, 50.700020700020701 ], [ 2.650142650142641, 50.808380808380804 ], [ 2.647262647262636, 50.818820818820825 ], [ 2.591822591822591, 51.013941013941007 ], [ 2.550062550062563, 51.083421083421086 ], [ 2.245142245142233, 51.101421101421096 ], [ 1.999981999981998, 51.116721116721124 ], [ 1.732141732141741, 51.058581058581069 ], [ 1.66986166986166, 51.044721044721058 ], [ 1.615501615501614, 51.03284103284102 ], [ 1.466821466821472, 51.000081000080996 ], [ 1.466821466821472, 50.966600966600964 ], [ 1.466821466821472, 50.957780957780955 ], [ 1.466821466821472, 50.921060921060928 ], [ 1.466821466821472, 50.916200916200921 ], [ 1.466821466821472, 50.905580905580905 ], [ 1.466821466821472, 50.904500904500907 ], [ 1.466821466821472, 50.856980856980869 ], [ 1.466821466821472, 50.779400779400788 ], [ 1.466821466821472, 50.750060750060754 ], [ 1.466821466821472, 50.666720666720664 ], [ 1.454581454581444, 50.662220662220676 ], [ 1.416781416781419, 50.653040653040648 ], [ 1.403461403461392, 50.649800649800653 ], [ 1.366741366741365, 50.633420633420627 ], [ 1.225621225621239, 50.575640575640563 ], [ 1.099621099621089, 50.532980532980531 ], [ 1.065421065421077, 50.514980514980522 ], [ 0.999900999901001, 50.500040500040512 ], [ 0.964620964620963, 50.476640476640483 ], [ 0.885060885060881, 50.445500445500443 ], [ 0.821340821340812, 50.421380421380434 ], [ 0.76986076986077, 50.401400401400394 ], [ 0.641340641340634, 50.35172035172036 ], [ 0.443700443700436, 50.274500274500269 ], [ 0.264780264780256, 50.204480204480205 ], [ 0.099900099900111, 50.133380133380143 ], [ 0.000180000179995, 50.100080100080106 ], [ -0.110700110700122, 50.055620055620068 ], [ -0.250020250020242, 50.0 ], [ -0.250020250020242, 49.816579816579804 ], [ -0.250020250020242, 49.52659952659954 ], [ -0.250020250020242, 49.446859446859435 ], [ -0.250020250020242, 49.166599166599156 ], [ -0.250020250020242, 48.950058950058946 ], [ -0.250020250020242, 48.929718929718945 ], [ -0.250020250020242, 48.88381888381889 ], [ -0.250020250020242, 48.83809883809883 ], [ -0.250020250020242, 48.737478737478739 ], [ -0.250020250020242, 48.65917865917865 ], [ -0.250020250020242, 48.550638550638553 ], [ -0.250020250020242, 48.461898461898471 ], [ -0.250020250020242, 48.172278172278169 ], [ -0.250020250020242, 47.933417933417928 ], [ -0.250020250020242, 47.853137853137866 ], [ -0.250020250020242, 47.771957771957773 ], [ -0.250020250020242, 47.444357444357451 ], [ -0.250020250020242, 47.416637416637428 ], [ -0.250020250020242, 47.166617166617158 ], [ 0.050940050940056, 47.166617166617158 ], [ 0.179820179820183, 47.166617166617158 ], [ 0.255420255420262, 47.166617166617158 ], [ 0.300060300060295, 47.166617166617158 ], [ 0.570780570780585, 47.166977166977176 ], [ 0.824580824580835, 47.166617166617158 ], [ 1.058221058221051, 47.166617166617158 ], [ 1.466821466821472, 47.166617166617158 ], [ 1.999981999981998, 47.166617166617158 ], [ 2.168822168822174, 47.082197082197069 ], [ 2.833382833382842, 46.749916749916764 ], [ 2.837702837702835, 46.729216729216716 ], [ 2.867942867942872, 46.577476577476574 ], [ 2.879102879102874, 46.54201654201654 ], [ 2.885942885942882, 46.499176499176514 ], [ 2.911502911502907, 46.376056376056368 ], [ 3.249183249183261, 46.493956493956489 ], [ 3.26682326682328, 46.500076500076489 ], [ 3.542943542943533, 46.500076500076489 ], [ 3.616743616743605, 46.500076500076489 ], [ 4.400104400104397, 46.500076500076489 ], [ 4.537984537984528, 46.500076500076489 ], [ 4.674784674784689, 46.500076500076489 ], [ 4.675144675144679, 46.500076500076489 ], [ 4.683424683424676, 46.500076500076489 ], [ 4.833184833184845, 46.500076500076489 ], [ 4.333504333504322, 47.416637416637428 ], [ 4.583344583344598, 47.649917649917654 ], [ 4.755784755784759, 47.800577800577798 ], [ 4.932544932544943, 47.956097956097949 ], [ 4.952704952704948, 47.974097974097987 ], [ 4.999864999864997, 48.016578016578023 ], [ 5.122625122625124, 48.127818127818131 ], [ 5.166545166545177, 48.166698166698154 ], [ 5.499905499905509, 48.216738216738207 ], [ 5.733185733185735, 48.250038250038244 ], [ 5.398745398745405, 48.504198504198513 ], [ 4.800064800064803, 48.950058950058946 ], [ 5.554265554265555, 49.266679266679262 ], [ 5.645345645345657, 49.301059301059297 ], [ 5.824985824985816, 49.371079371079361 ] ] ] } },
{ "type": "Feature", "properties": { "designator": "LFMM", "type": "FIR", "upper": 195.0, "lower": 0.0, "name": "Marseille FIR" }, "geometry": { "type": "Polygon", "coordinates": [ [ [ 8.283428283428293, 41.283311283311292 ], [ 8.333468333468346, 41.333351333351345 ], [ 8.443988443988445, 41.333351333351345 ], [ 8.569988569988567, 41.333351333351345 ], [ 8.690948690948687, 41.333351333351345 ], [ 8.811548811548818, 41.333351333351345 ], [ 9.036909036909037, 41.333351333351345 ], [ 9.106389106389116, 41.333351333351345 ], [ 9.268389268389257, 41.333351333351345 ], [ 9.316629316629331, 41.333351333351345 ], [ 9.499869499869504, 41.333351333351345 ], [ 9.616509616509632, 41.333351333351345 ], [ 9.750069750069741, 41.333351333351345 ], [ 9.750069750069741, 41.666711666711677 ], [ 9.750069750069741, 41.733311733311723 ], [ 9.750069750069741, 41.750051750051739 ], [ 9.750069750069741, 41.790551790551802 ], [ 9.750069750069741, 41.93329193329194 ], [ 9.750069750069741, 42.325872325872325 ], [ 9.750069750069741, 42.411732411732402 ], [ 9.750069750069741, 42.500832500832502 ], [ 9.750069750069741, 42.621432621432632 ], [ 9.750069750069741, 42.822852822852838 ], [ 9.750069750069741, 42.953892953892961 ], [ 9.750069750069741, 43.166653166653163 ], [ 9.175869175869167, 43.331713331713331 ], [ 8.958428958428954, 43.388413388413397 ], [ 8.819108819108834, 43.431613431613442 ], [ 8.800388800388788, 43.437553437553447 ], [ 8.71218871218872, 43.462213462213469 ], [ 8.598788598788587, 43.491733491733498 ], [ 8.544428544428541, 43.505593505593509 ], [ 8.321588321588337, 43.570213570213582 ], [ 7.837387837387837, 43.701973701973714 ], [ 7.713907713907702, 43.734193734193724 ], [ 7.683307683307675, 43.766593766593758 ], [ 7.533187533187544, 43.775053775053777 ], [ 7.583227583227597, 43.899973899973901 ], [ 7.666747666747682, 44.000054000054007 ], [ 7.712827712827703, 44.061074061074066 ], [ 7.625347625347615, 44.145494145494155 ], [ 7.285507285507293, 44.142254142254131 ], [ 7.081027081027088, 44.213894213894207 ], [ 7.006867006866997, 44.239994239994246 ], [ 6.916506916506904, 44.449154449154463 ], [ 7.001827001826996, 44.584154584154589 ], [ 7.041787041787046, 44.658314658314652 ], [ 7.012627012627007, 44.799974799974791 ], [ 6.899226899226903, 44.841374841374829 ], [ 6.777186777186785, 45.008595008595023 ], [ 6.644346644346655, 45.113895113895126 ], [ 6.958266958266961, 45.191655191655201 ], [ 7.086787086787098, 45.403335403335404 ], [ 7.021267021267022, 45.456435456435457 ], [ 7.032067032067033, 45.466695466695455 ], [ 7.043227043227034, 45.480015480015481 ], [ 6.866826866826869, 45.752715752715744 ], [ 7.049347049347062, 45.900315900315888 ], [ 6.985626985626993, 46.004176004176003 ], [ 6.807426807426822, 46.141876141876139 ], [ 6.807066807066803, 46.208116208116195 ], [ 6.810666810666817, 46.237456237456229 ], [ 6.784746784746773, 46.340596340596335 ], [ 6.76818676818678, 46.341136341136348 ], [ 6.742266742266736, 46.341676341676333 ], [ 6.659826659826649, 46.365076365076362 ], [ 6.530586530586532, 46.360036360036361 ], [ 6.477666477666475, 46.384516384516388 ], [ 6.293346293346303, 46.320616320616324 ], [ 6.218466218466233, 46.205056205056195 ], [ 6.080226080226083, 46.186156186156182 ], [ 6.004626004626004, 46.143316143316156 ], [ 5.976185976185974, 46.146196146196161 ], [ 5.972225972225971, 46.191736191736197 ], [ 6.123426123426128, 46.332856332856323 ], [ 6.067626067626065, 46.417456417456407 ], [ 6.094626094626108, 46.525276525276524 ], [ 6.090666090666105, 46.546156546156539 ], [ 6.009306009306016, 46.543636543636552 ], [ 5.35014535014534, 46.500076500076489 ], [ 5.166545166545177, 46.500076500076489 ], [ 5.09058509058508, 46.500076500076489 ], [ 5.016785016785008, 46.500076500076489 ], [ 4.952704952704948, 46.500076500076489 ], [ 4.833184833184845, 46.500076500076489 ], [ 4.683424683424676, 46.500076500076489 ], [ 4.675144675144679, 46.500076500076489 ], [ 4.674784674784689, 46.500076500076489 ], [ 4.537984537984528, 46.500076500076489 ], [ 4.400104400104397, 46.500076500076489 ], [ 3.616743616743605, 46.500076500076489 ], [ 3.542943542943533, 46.500076500076489 ], [ 3.26682326682328, 46.500076500076489 ], [ 3.249183249183261, 46.493956493956489 ], [ 2.911502911502907, 46.376056376056368 ], [ 2.924822924822934, 46.255636255636261 ], [ 2.950022950022941, 46.066636066636079 ], [ 3.015183015183027, 45.398295398295403 ], [ 3.020943020943008, 45.223335223335226 ], [ 3.033183033183036, 45.150075150075139 ], [ 3.048663048663059, 44.875754875754865 ], [ 3.040383040383034, 44.65057465057464 ], [ 3.033183033183036, 44.616734616734618 ], [ 2.899982899982888, 44.250074250074249 ], [ 2.816822816822821, 44.023814023814026 ], [ 2.716742716742715, 43.716733716733728 ], [ 2.707022707022702, 43.212553212553217 ], [ 2.572382572382566, 43.258273258273249 ], [ 2.27502227502228, 42.999972999973011 ], [ 2.600102600102588, 42.712152712152715 ], [ 2.749862749862757, 42.583272583272588 ], [ 2.832302832302844, 42.451332451332462 ], [ 2.907542907542904, 42.465912465912453 ], [ 2.983142983142983, 42.480312480312477 ], [ 3.077823077823069, 42.448812448812447 ], [ 3.108783108783115, 42.438552438552449 ], [ 3.128223128223141, 42.432252432252426 ], [ 3.166743166743174, 42.433332433332424 ], [ 3.176463176463187, 42.432792432792439 ], [ 3.200943200943215, 42.431172431172428 ], [ 3.375543375543373, 42.374652374652385 ], [ 3.500103500103506, 42.333252333252346 ], [ 3.828783828783827, 42.260352260352249 ], [ 3.922383922383915, 42.216972216972209 ], [ 4.00014400014399, 42.209232209232198 ], [ 4.037584037584026, 42.197172197172193 ], [ 4.115704115704119, 42.172152172152181 ], [ 4.333504333504322, 42.098532098532104 ], [ 4.414864414864411, 42.079812079812086 ], [ 4.434664434664427, 42.06883206883208 ], [ 4.666504666504665, 42.000072000072009 ], [ 4.666504666504665, 41.733311733311723 ], [ 4.666504666504665, 41.416691416691407 ], [ 4.666504666504665, 41.140751140751149 ], [ 4.666504666504665, 41.057411057411059 ], [ 4.666504666504665, 40.974250974250964 ], [ 4.666504666504665, 40.856890856890857 ], [ 4.666504666504665, 40.55215055215055 ], [ 4.666504666504665, 40.499950499950501 ], [ 4.666504666504665, 40.391050391050385 ], [ 4.666504666504665, 40.282150282150269 ], [ 4.666504666504665, 40.180270180270185 ], [ 4.666504666504665, 40.064710064710056 ], [ 4.666504666504665, 40.031050031050029 ], [ 4.666504666504665, 39.956709956709972 ], [ 4.666504666504665, 39.716589716589709 ], [ 4.666504666504665, 39.584469584469588 ], [ 4.684864684864692, 39.000009000008987 ], [ 4.999864999864997, 39.000009000008987 ], [ 5.374625374625367, 39.000009000008987 ], [ 6.08850608850608, 39.000009000008987 ], [ 6.250146250146258, 39.000009000008987 ], [ 6.71670671670671, 39.000009000008987 ], [ 7.033507033507021, 39.000009000008987 ], [ 7.331227331227325, 39.000009000008987 ], [ 7.566667566667576, 39.000009000008987 ], [ 7.633267633267621, 39.000009000008987 ], [ 7.96194796194797, 39.000009000008987 ], [ 8.000108000108014, 39.000009000008987 ], [ 8.000108000108014, 39.149949149949151 ], [ 8.000108000108014, 39.209529209529222 ], [ 8.000108000108014, 39.6985896985897 ], [ 8.000108000108014, 40.000090000090012 ], [ 8.000108000108014, 40.350010350010365 ], [ 8.000108000108014, 40.424710424710412 ], [ 8.000108000108014, 40.608130608130608 ], [ 8.000108000108014, 40.744930744930741 ], [ 8.000108000108014, 40.862290862290877 ], [ 8.000108000108014, 40.916650916650923 ], [ 8.000108000108014, 40.999990999991013 ], [ 8.161388161388174, 41.161991161991153 ], [ 8.283428283428293, 41.283311283311292 ] ] ] } },
{ "type": "Feature", "properties": { "designator": "LFRR", "type": "FIR", "upper": 195.0, "lower": 0.0, "name": "Brest FIR" }, "geometry": { "type": "Polygon", "coordinates": [ [ [ -0.250020250020242, 48.950058950058946 ], [ -0.250020250020242, 49.166599166599156 ], [ -0.250020250020242, 49.446859446859435 ], [ -0.250020250020242, 49.52659952659954 ], [ -0.250020250020242, 49.816579816579804 ], [ -0.250020250020242, 50.0 ], [ -0.368460368460376, 50.0 ], [ -0.531900531900533, 50.0 ], [ -0.533340533340521, 50.0 ], [ -0.833220833220821, 50.0 ], [ -0.999900999901001, 50.0 ], [ -1.053901053901058, 50.0 ], [ -1.157941157941167, 50.0 ], [ -1.190701190701191, 50.0 ], [ -1.252621252621253, 50.0 ], [ -1.380421380421382, 50.0 ], [ -1.499941499941485, 50.0 ], [ -1.510381510381507, 50.0 ], [ -1.691461691461683, 50.0 ], [ -1.717021717021709, 50.0 ], [ -1.783261783261793, 50.0 ], [ -1.844821844821837, 50.0 ], [ -1.859221859221861, 50.0 ], [ -1.88334188334187, 50.0 ], [ -1.974781974781962, 50.0 ], [ -1.999981999981998, 50.0 ], [ -2.005022005021999, 49.999099999099997 ], [ -2.106542106542094, 49.982539982539976 ], [ -2.163782163782173, 49.972819972819963 ], [ -2.173142173142168, 49.971199971199979 ], [ -2.243342243342255, 49.95967995967996 ], [ -2.371142371142383, 49.938259938259932 ], [ -2.508662508662496, 49.915579915579912 ], [ -3.000063000062994, 49.830799830799833 ], [ -3.034263034263034, 49.824679824679833 ], [ -3.068103068103056, 49.818559818559834 ], [ -3.173583173583182, 49.801459801459799 ], [ -3.259623259623254, 49.785259785259797 ], [ -3.529623529623535, 49.737199737199745 ], [ -3.820143820143812, 49.684639684639677 ], [ -4.001224001223989, 49.65133965133964 ], [ -4.161424161424151, 49.621639621639616 ], [ -4.167544167544179, 49.620919620919608 ], [ -4.330264330264328, 49.590319590319581 ], [ -4.45014445014445, 49.567459567459565 ], [ -4.606384606384609, 49.538119538119531 ], [ -4.916344916344912, 49.477999477999475 ], [ -4.999864999864997, 49.462519462519452 ], [ -6.873666873666878, 49.080559080559084 ], [ -7.574587574587582, 48.928278928278928 ], [ -8.000108000107986, 48.833418833418847 ], [ -8.000108000107986, 48.576918576918587 ], [ -8.000108000107986, 48.500058500058515 ], [ -8.000108000107986, 48.487458487458497 ], [ -8.000108000107986, 48.453078453078462 ], [ -8.000108000107986, 48.316638316638318 ], [ -8.000108000107986, 48.092178092178102 ], [ -8.000108000107986, 48.000018000018002 ], [ -8.000108000107986, 47.967797967797964 ], [ -8.000108000107986, 47.827757827757836 ], [ -8.000108000107986, 47.825057825057826 ], [ -8.000108000107986, 47.683397683397686 ], [ -8.000108000107986, 47.66665766665767 ], [ -8.000108000107986, 47.594477594477581 ], [ -8.000108000107986, 47.49997749997749 ], [ -8.000108000107986, 47.479097479097476 ], [ -8.000108000107986, 47.249957249957248 ], [ -8.000108000107986, 47.086337086337096 ], [ -8.000108000107986, 47.069417069417057 ], [ -8.000108000107986, 47.006417006416996 ], [ -8.000108000107986, 46.999936999937006 ], [ -8.000108000107986, 46.922176922176931 ], [ -8.000108000107986, 46.500076500076489 ], [ -8.000108000107986, 46.486756486756491 ], [ -8.000108000107986, 46.416736416736427 ], [ -8.000108000107986, 46.000036000036005 ], [ -8.000108000107986, 45.965475965475974 ], [ -8.000108000107986, 45.918675918675916 ], [ -8.000108000107986, 45.499995499995492 ], [ -8.000108000107986, 44.999954999955008 ], [ -7.884907884907875, 44.983034983034997 ], [ -7.405387405387415, 44.910494910494918 ], [ -6.919746919746927, 44.83525483525483 ], [ -6.916506916506904, 44.834714834714845 ], [ -5.836505836505836, 44.658854658854665 ], [ -5.624825624825633, 44.62213462213461 ], [ -5.553185553185557, 44.609714609714615 ], [ -5.139545139545135, 44.544194544194539 ], [ -4.947664947664947, 44.505314505314516 ], [ -4.607104607104617, 44.443394443394453 ], [ -4.436104436104443, 44.412434412434408 ], [ -4.23126423126422, 44.375894375894376 ], [ -3.987543987543972, 44.328914328914323 ], [ -3.891783891783888, 44.297234297234297 ], [ -3.150183150183153, 44.051354051354053 ], [ -3.030303030303031, 44.012294012294007 ], [ -2.912582912582906, 43.973593973593978 ], [ -2.84022284022285, 43.948573948573937 ], [ -2.79450279450279, 43.933093933093943 ], [ -2.738702738702727, 43.914193914193902 ], [ -2.728982728982714, 43.910773910773912 ], [ -2.685422685422679, 43.896193896193893 ], [ -2.677142677142683, 43.893313893313888 ], [ -2.630342630342625, 43.87729387729388 ], [ -2.573462573462564, 43.857853857853854 ], [ -2.519462519462508, 43.838953838953842 ], [ -2.16594216594217, 43.719433719433709 ], [ -2.066582066582072, 43.683253683253696 ], [ -2.01546201546202, 43.665253665253658 ], [ -1.962541962541962, 43.646353646353646 ], [ -1.783261783261793, 43.583353583353585 ], [ -1.766701766701772, 44.066654066654081 ], [ -1.758421758421747, 44.200034200034196 ], [ -1.719901719901713, 44.816714816714807 ], [ -1.678141678141685, 45.561195561195575 ], [ -1.672021672021657, 45.757575757575751 ], [ -1.662301662301672, 45.937575937575929 ], [ -1.666621666621666, 45.981315981315987 ], [ -1.633501633501623, 46.500076500076489 ], [ -1.58346158346157, 46.500076500076489 ], [ -1.54314154314153, 46.500076500076489 ], [ -1.431181431181443, 46.500076500076489 ], [ -1.350901350901353, 46.500076500076489 ], [ -1.13346113346114, 46.500076500076489 ], [ -1.11006111006111, 46.500076500076489 ], [ -0.890820890820891, 46.500076500076489 ], [ -0.700020700020701, 46.500076500076489 ], [ -0.250020250020242, 46.500076500076489 ], [ -0.250020250020242, 46.625896625896615 ], [ -0.250020250020242, 46.628956628956644 ], [ -0.250020250020242, 47.044397044397044 ], [ -0.250020250020242, 47.166617166617158 ], [ -0.250020250020242, 47.416637416637428 ], [ -0.250020250020242, 47.444357444357451 ], [ -0.250020250020242, 47.771957771957773 ], [ -0.250020250020242, 47.853137853137866 ], [ -0.250020250020242, 47.933417933417928 ], [ -0.250020250020242, 48.172278172278169 ], [ -0.250020250020242, 48.461898461898471 ], [ -0.250020250020242, 48.550638550638553 ], [ -0.250020250020242, 48.65917865917865 ], [ -0.250020250020242, 48.737478737478739 ], [ -0.250020250020242, 48.83809883809883 ], [ -0.250020250020242, 48.88381888381889 ], [ -0.250020250020242, 48.929718929718945 ], [ -0.250020250020242, 48.950058950058946 ] ] ] } },
{ "type": "Feature", "properties": { "designator": "LGGG", "type": "FIR", "upper": 245.0, "lower": 0.0, "name": "Athinai FIR" }, "geometry": { "type": "Polygon", "coordinates": [ [ [ 25.150165150165151, 33.999963999963995 ], [ 25.500085500085504, 33.999963999963995 ], [ 26.816606816606821, 33.999963999963995 ], [ 27.166527166527175, 33.999963999963995 ], [ 27.333207333207326, 33.951723951723949 ], [ 27.623007623007624, 33.923823923823932 ], [ 28.266688266688277, 33.799983799983806 ], [ 28.75016875016874, 33.713943713943721 ], [ 30.000090000090012, 33.499923499923497 ], [ 30.000090000090012, 33.733383733383732 ], [ 30.000090000090012, 34.163584163584162 ], [ 30.000090000090012, 34.323244323244325 ], [ 30.000090000090012, 34.456624456624454 ], [ 30.000090000090012, 34.583344583344584 ], [ 30.000090000090012, 34.757764757764761 ], [ 30.000090000090012, 34.870084870084867 ], [ 30.000090000090012, 34.915264915264913 ], [ 30.000090000090012, 34.966744966744969 ], [ 30.000090000090012, 35.200025200025195 ], [ 30.000090000090012, 35.529425529425524 ], [ 30.000090000090012, 35.583605583605589 ], [ 30.000090000090012, 35.665325665325668 ], [ 30.000090000090012, 35.833265833265841 ], [ 29.999369999370003, 36.082206082206085 ], [ 29.810369810369821, 36.075906075906076 ], [ 29.708489708489708, 36.083286083286083 ], [ 29.577089577089566, 36.143586143586148 ], [ 29.500049500049499, 36.171666171666175 ], [ 29.316809316809326, 36.183366183366189 ], [ 29.249849249849262, 36.083286083286083 ], [ 28.816768816768814, 36.216666216666212 ], [ 28.550008550008556, 36.383346383346378 ], [ 28.483408483408482, 36.550026550026544 ], [ 28.208368208368199, 36.533286533286528 ], [ 28.049968049968044, 36.483246483246489 ], [ 27.995247995248008, 36.494766494766495 ], [ 27.916767916767924, 36.666666666666671 ], [ 27.866727866727871, 36.699966699966694 ], [ 27.719487719487717, 36.638406638406636 ], [ 27.533367533367539, 36.566586566586565 ], [ 27.358767358767352, 36.613386613386609 ], [ 27.233487233487239, 36.716706716706724 ], [ 27.40016740016739, 36.866646866646875 ], [ 27.175167175167189, 37.050067050067057 ], [ 27.0999270999271, 37.133407133407133 ], [ 27.116487116487122, 37.433287433287433 ], [ 26.998766998766996, 37.585207585207584 ], [ 26.983286983286973, 37.624987624987625 ], [ 26.974286974286969, 37.650007650007652 ], [ 27.083367083367079, 37.700047700047705 ], [ 27.044487044487056, 37.842787842787843 ], [ 27.033327033327026, 37.883287883287878 ], [ 26.999846999846994, 37.950067950067947 ], [ 26.873846873846873, 37.958527958527966 ], [ 26.524286524286538, 37.982287982287986 ], [ 26.299286299286308, 38.107208107208095 ], [ 26.249966249966263, 38.166608166608171 ], [ 26.166806166806168, 38.24526824526825 ], [ 26.199566199566192, 38.34894834894834 ], [ 26.300006300006288, 38.483408483408482 ], [ 26.316566316566309, 38.600048600048609 ], [ 26.433206433206436, 38.833328833328835 ], [ 26.633366633366649, 38.883368883368888 ], [ 26.687726687726695, 39.01548901548901 ], [ 26.527166527166543, 39.264249264249258 ], [ 26.531846531846526, 39.282789282789281 ], [ 26.499446499446492, 39.332289332289321 ], [ 26.433206433206436, 39.416709416709409 ], [ 26.366606366606362, 39.43326943326943 ], [ 26.149886149886157, 39.366669366669356 ], [ 25.883485883485889, 39.450009450009446 ], [ 25.619605619605608, 39.904509904509894 ], [ 25.558405558405553, 40.099990099990094 ], [ 25.916605916605931, 40.383310383310373 ], [ 25.883485883485889, 40.499950499950501 ], [ 25.90004590004591, 40.56673056673057 ], [ 25.90004590004591, 40.666630666630681 ], [ 26.085806085806098, 40.781470781470773 ], [ 26.156006156006157, 40.822150822150832 ], [ 26.249606249606245, 40.882270882270888 ], [ 26.316566316566309, 40.94995094995096 ], [ 26.291726291726292, 41.066591066591059 ], [ 26.321246321246321, 41.125271125271126 ], [ 26.316566316566309, 41.250011250011255 ], [ 26.599886599886588, 41.333351333351345 ], [ 26.549846549846563, 41.63341163341164 ], [ 26.300006300006288, 41.733311733311723 ], [ 26.066726066726062, 41.733311733311723 ], [ 26.166806166806168, 41.416691416691407 ], [ 26.135126135126143, 41.366111366111369 ], [ 26.000126000125988, 41.333351333351345 ], [ 25.890685890685887, 41.309951309951316 ], [ 25.834885834885824, 41.350271350271356 ], [ 25.738045738045741, 41.322191322191316 ], [ 25.720405720405722, 41.296451296451295 ], [ 25.659925659925648, 41.316611316611329 ], [ 25.628245628245622, 41.308871308871318 ], [ 25.57172557172558, 41.322551322551334 ], [ 25.536445536445541, 41.284211284211295 ], [ 25.483525483525483, 41.292491292491292 ], [ 25.333405333405324, 41.243531243531237 ], [ 25.240525240525244, 41.25325125325125 ], [ 25.120645120645122, 41.349911349911338 ], [ 25.091125091125093, 41.346131346131358 ], [ 25.051525051525061, 41.366111366111369 ], [ 24.876564876564885, 41.399951399951391 ], [ 24.799884799884808, 41.413271413271417 ], [ 24.70124470124469, 41.420831420831433 ], [ 24.600084600084614, 41.449991449991444 ], [ 24.460764460764466, 41.533691533691524 ], [ 24.403524403524415, 41.545571545571534 ], [ 24.313164313164322, 41.523251523251531 ], [ 24.271764271764283, 41.580311580311587 ], [ 24.168444168444182, 41.545031545031549 ], [ 24.121644121644124, 41.546471546471537 ], [ 24.039204039204037, 41.453051453051444 ], [ 23.774603774603776, 41.401751401751397 ], [ 23.633483633483621, 41.366651366651354 ], [ 23.508203508203508, 41.383391383391398 ], [ 23.455643455643468, 41.402831402831396 ], [ 23.28212328212328, 41.387171387171378 ], [ 22.983322983322978, 41.349911349911338 ], [ 22.79144279144279, 41.329391329391342 ], [ 22.758322758322748, 41.247311247311245 ], [ 22.61792261792263, 41.175851175851164 ], [ 22.516762516762526, 41.12923112923113 ], [ 22.482202482202496, 41.118071118071128 ], [ 22.435402435402438, 41.115011115011129 ], [ 22.208242208242211, 41.17495117495119 ], [ 22.183402183402194, 41.166671166671165 ], [ 22.033282033282035, 41.133371133371128 ], [ 22.000162000161993, 41.133371133371128 ], [ 21.916641916641908, 41.07667107667109 ], [ 21.783441783441788, 40.933390933390939 ], [ 21.694881694881701, 40.934470934470937 ], [ 21.428481428481433, 40.923310923310936 ], [ 21.357921357921356, 40.875610875610874 ], [ 21.122121122121115, 40.854910854910855 ], [ 20.98064098064097, 40.855270855270845 ], [ 20.983160983160985, 40.791190791190786 ], [ 20.955440955440963, 40.770490770490767 ], [ 20.981360981360979, 40.762030762030776 ], [ 20.983160983160985, 40.737730737730743 ], [ 21.057321057321047, 40.667530667530656 ], [ 21.042201042201043, 40.558090558090555 ], [ 21.005841005841006, 40.552690552690564 ], [ 20.999000999000998, 40.533970533970546 ], [ 20.968760968760961, 40.519390519390527 ], [ 20.968760968760961, 40.488610488610476 ], [ 20.955800955800953, 40.480870480870493 ], [ 20.926640926640914, 40.462510462510465 ], [ 20.906840906840898, 40.476370476370477 ], [ 20.873360873360866, 40.470250470250477 ], [ 20.843480843480847, 40.47997047997049 ], [ 20.822600822600833, 40.43965043965045 ], [ 20.792360792360796, 40.43119043119043 ], [ 20.791280791280798, 40.362790362790378 ], [ 20.762120762120759, 40.338850338850335 ], [ 20.764640764640774, 40.321030321030321 ], [ 20.741960741960753, 40.3105903105903 ], [ 20.707400707400723, 40.268290268290258 ], [ 20.721440721440729, 40.252990252990259 ], [ 20.72072072072072, 40.216990216990212 ], [ 20.677880677880665, 40.188010188010196 ], [ 20.675720675720669, 40.164970164970157 ], [ 20.693720693720707, 40.151650151650159 ], [ 20.675000675000689, 40.125910125910139 ], [ 20.677520677520675, 40.095850095850096 ], [ 20.621000621000633, 40.086670086670097 ], [ 20.594720594720599, 40.072450072450067 ], [ 20.549000549000539, 40.063270063270068 ], [ 20.511560511560504, 40.08253008253007 ], [ 20.488880488880483, 40.063630063630058 ], [ 20.47268047268048, 40.067230067230071 ], [ 20.461880461880469, 40.074250074250074 ], [ 20.410760410760417, 40.050850050850045 ], [ 20.391320391320392, 39.981909981909979 ], [ 20.312480312480318, 39.990549990549994 ], [ 20.344880344880352, 39.946089946089955 ], [ 20.338040338040344, 39.924489924489933 ], [ 20.385200385200392, 39.889209889209894 ], [ 20.417240417240407, 39.840609840609829 ], [ 20.415080415080411, 39.814689814689814 ], [ 20.379800379800372, 39.784449784449777 ], [ 20.30564030564031, 39.815589815589817 ], [ 20.289800289800297, 39.804249804249793 ], [ 20.307080307080298, 39.781389781389777 ], [ 20.292320292320284, 39.764469764469766 ], [ 20.321120321120333, 39.72972972972974 ], [ 20.26568026568026, 39.6955296955297 ], [ 20.264240264240271, 39.671949671949676 ], [ 20.231840231840238, 39.685089685089679 ], [ 20.218160218160222, 39.665289665289663 ], [ 20.226800226800236, 39.648009648009662 ], [ 20.119880119880122, 39.665829665829676 ], [ 20.030960030960046, 39.701469701469705 ], [ 20.008280008279996, 39.693009693009685 ], [ 19.984519984519977, 39.689949689949685 ], [ 19.975159975159983, 39.833409833409831 ], [ 19.844479844479849, 39.900009900009906 ], [ 19.750159750159753, 39.950049950049959 ], [ 19.583479583479573, 39.975069975069971 ], [ 19.583479583479573, 39.977769977769981 ], [ 19.449919449919463, 40.000090000090012 ], [ 18.999918999919004, 40.416610416610411 ], [ 18.999918999919004, 40.350010350010365 ], [ 18.999918999919004, 40.244710244710234 ], [ 18.999918999919004, 40.056610056610054 ], [ 18.999918999919004, 39.933309933309943 ], [ 18.999918999919004, 39.816669816669815 ], [ 18.999198999198995, 39.66672966672968 ], [ 18.997038997038999, 39.55692955692956 ], [ 18.997398997398989, 39.534969534969548 ], [ 18.999918999919004, 39.393669393669398 ], [ 18.999918999919004, 39.293409293409297 ], [ 18.999918999919004, 38.883368883368888 ], [ 18.999918999919004, 38.83584883584885 ], [ 18.999918999919004, 38.724248724248724 ], [ 18.999918999919004, 38.518328518328531 ], [ 18.999918999919004, 38.342288342288356 ], [ 18.999918999919004, 38.26758826758828 ], [ 18.999918999919004, 38.100008100008097 ], [ 18.999918999919004, 37.750087750087758 ], [ 18.999918999919004, 37.399987399987396 ], [ 18.999918999919004, 36.966726966726966 ], [ 18.999918999919004, 36.766746766746763 ], [ 18.999918999919004, 36.499986499986505 ], [ 20.229320229320223, 35.947205947205944 ], [ 21.15344115344115, 35.518085518085513 ], [ 21.961281961281969, 35.13324513324514 ], [ 22.032202032202036, 35.099225099225094 ], [ 22.999882999882999, 34.625284625284621 ], [ 23.583443583443596, 34.333324333324327 ], [ 24.166644166644176, 33.999963999963995 ], [ 24.449964449964455, 33.999963999963995 ], [ 25.150165150165151, 33.999963999963995 ] ] ] } },
{ "type": "Feature", "properties": { "designator": "LHCC", "type": "FIR", "upper": null, "lower": 0.0, "name": "Budapest FIR" }, "geometry": { "type": "Polygon", "coordinates": [ [ [ 19.766719766719774, 46.133416133416148 ], [ 19.870039870039875, 46.149976149976141 ], [ 19.938439938439927, 46.17607617607618 ], [ 20.016560016560021, 46.176436176436169 ], [ 20.036000036000047, 46.146196146196161 ], [ 20.064440064440078, 46.144216144216159 ], [ 20.094320094320096, 46.163836163836152 ], [ 20.137520137520141, 46.143676143676146 ], [ 20.182160182160175, 46.160056160056172 ], [ 20.209880209880225, 46.135756135756139 ], [ 20.264240264240271, 46.126396126396116 ], [ 20.401400401400394, 46.157716157716152 ], [ 20.708120708120703, 46.163656163656157 ], [ 20.85356085356085, 46.284256284256287 ], [ 21.083241083241091, 46.250056250056247 ], [ 21.104481104481096, 46.262836262836259 ], [ 21.13040113040114, 46.302256302256296 ], [ 21.198441198441202, 46.368316368316357 ], [ 21.255681255681253, 46.419976419976422 ], [ 21.266841266841254, 46.430596430596438 ], [ 21.267201267201273, 46.493596493596499 ], [ 21.266841266841254, 46.51663651663651 ], [ 21.299961299961296, 46.583416583416579 ], [ 21.316521316521317, 46.616716616716616 ], [ 21.414441414441427, 46.63687663687665 ], [ 21.496521496521495, 46.687456687456688 ], [ 21.515961515961521, 46.7124767124767 ], [ 21.576801576801586, 46.857016857016845 ], [ 21.616761616761607, 46.866736866736858 ], [ 21.676881676881692, 47.01469701469702 ], [ 21.698481698481686, 47.058617058617074 ], [ 21.766521766521777, 47.100017100017112 ], [ 21.775161775161763, 47.116577116577105 ], [ 21.809001809001813, 47.158697158697152 ], [ 21.843201843201854, 47.181197181197177 ], [ 21.861201861201863, 47.208377208377215 ], [ 21.860121860121865, 47.248337248337236 ], [ 21.893241893241907, 47.329697329697325 ], [ 22.032202032202036, 47.370017370017365 ], [ 22.055242055242047, 47.520857520857533 ], [ 22.108162108162105, 47.573597573597567 ], [ 22.328482328482323, 47.748377748377749 ], [ 22.442242442242446, 47.793917793917785 ], [ 22.71044271044272, 47.803277803277808 ], [ 22.857682857682846, 48.003978003978006 ], [ 22.833202833202847, 48.11665811665813 ], [ 22.683442683442678, 48.09667809667809 ], [ 22.594522594522601, 48.133398133398146 ], [ 22.319842319842309, 48.340038340038348 ], [ 22.233442233442247, 48.408258408258405 ], [ 22.166842166842173, 48.433278433278446 ], [ 22.155322155322153, 48.403398403398398 ], [ 22.011322011322022, 48.384678384678381 ], [ 21.927081927081929, 48.36163836163837 ], [ 21.781281781281791, 48.339498339498334 ], [ 21.669321669321675, 48.399078399078405 ], [ 21.613881613881603, 48.509418509418509 ], [ 21.450081450081456, 48.583398583398576 ], [ 21.353241353241344, 48.560538560538561 ], [ 21.291321291321282, 48.523098523098525 ], [ 21.183321183321198, 48.519498519498512 ], [ 21.108441108441099, 48.491598491598495 ], [ 20.746280746280746, 48.570798570798559 ], [ 20.633240633240632, 48.549918549918544 ], [ 20.510120510120515, 48.515358515358514 ], [ 20.486720486720486, 48.484218484218474 ], [ 20.447840447840463, 48.449658449658443 ], [ 20.416520416520427, 48.3961983961984 ], [ 20.371520371520376, 48.32473832473832 ], [ 20.286200286200284, 48.266598266598265 ], [ 20.056880056880061, 48.174798174798184 ], [ 19.895599895599901, 48.158958158958171 ], [ 19.666639666639668, 48.250038250038244 ], [ 19.598599598599606, 48.230598230598218 ], [ 19.398439398439393, 48.083538083538087 ], [ 19.366039366039359, 48.091458091458094 ], [ 19.315999315999306, 48.088938088938079 ], [ 19.250119250119241, 48.068058068058065 ], [ 19.127359127359142, 48.073098073098066 ], [ 18.834318834318822, 48.048078048078054 ], [ 18.815958815958822, 48.021078021078011 ], [ 18.773478773478786, 47.941697941697953 ], [ 18.80011880011881, 47.823257823257819 ], [ 18.733158733158746, 47.80831780831781 ], [ 18.724878724878721, 47.791577791577794 ], [ 18.708678708678718, 47.782217782217771 ], [ 18.693198693198696, 47.780057780057774 ], [ 18.599958599958597, 47.766737766737776 ], [ 18.464598464598453, 47.764217764217761 ], [ 18.329958329958345, 47.736857736857729 ], [ 18.258318258318269, 47.738657738657736 ], [ 18.198198198198213, 47.739917739917729 ], [ 18.124398124398112, 47.754677754677743 ], [ 18.112878112878121, 47.757017757017763 ], [ 18.06211806211806, 47.756657756657745 ], [ 17.766557766557781, 47.74999774999776 ], [ 17.662517662517672, 47.787257787257801 ], [ 17.614277614277626, 47.818397818397813 ], [ 17.424917424917425, 47.919197919197927 ], [ 17.36983736983737, 47.946737946737954 ], [ 17.326277326277335, 47.946737946737954 ], [ 17.299997299997301, 47.983817983817971 ], [ 17.233397233397227, 48.019998019998013 ], [ 17.160677160677153, 48.006318006317997 ], [ 17.153477153477155, 47.980037980037991 ], [ 17.141597141597146, 47.934497934497927 ], [ 17.139437139437149, 47.921357921357924 ], [ 17.136917136917134, 47.912177912177924 ], [ 17.114597114597103, 47.830817830817836 ], [ 17.099477099477099, 47.769437769437758 ], [ 17.095157095157106, 47.75611775611776 ], [ 17.083277083277096, 47.707517707517695 ], [ 17.012717012717019, 47.677817677817671 ], [ 16.829116829116828, 47.599157599157593 ], [ 16.799596799596799, 47.58637758637758 ], [ 16.703836703836714, 47.545517545517555 ], [ 16.637956637956648, 47.471177471177469 ], [ 16.617076617076606, 47.446877446877437 ], [ 16.599796599796605, 47.42743742743744 ], [ 16.537516537516552, 47.356697356697367 ], [ 16.500436500436507, 47.313137313137304 ], [ 16.474516474516463, 47.284697284697273 ], [ 16.434556434556441, 47.239517239517227 ], [ 16.427356427356415, 47.186597186597197 ], [ 16.45291645291644, 47.188037188037185 ], [ 16.459756459756449, 47.143397143397152 ], [ 16.530316530316526, 47.135477135477146 ], [ 16.463716463716452, 47.095517095517096 ], [ 16.522396522396519, 47.058617058617074 ], [ 16.441756441756439, 47.030897030897023 ], [ 16.513396513396515, 47.001377001376994 ], [ 16.289476289476283, 47.013617013617022 ], [ 16.259596259596265, 46.973656973656972 ], [ 16.25095625095625, 46.962496962496971 ], [ 16.230796230796244, 46.98967698967698 ], [ 16.224676224676216, 46.997776997777009 ], [ 16.113796113796127, 46.869076869076878 ], [ 16.366516366516379, 46.849996849996842 ], [ 16.422676422676432, 46.68367668367668 ], [ 16.416556416556432, 46.63993663993665 ], [ 16.530676530676544, 46.500076500076489 ], [ 16.565956565956554, 46.483696483696491 ], [ 16.633276633276637, 46.471636471636486 ], [ 16.703476703476696, 46.407196407196409 ], [ 16.803916803916792, 46.384696384696383 ], [ 16.855036855036843, 46.361116361116359 ], [ 16.892116892116888, 46.332496332496333 ], [ 16.882396882396876, 46.329256329256339 ], [ 16.88491688491689, 46.300816300816308 ], [ 16.889596889596902, 46.294156294156295 ], [ 16.943596943596958, 46.246996246996247 ], [ 16.962676962676966, 46.240336240336234 ], [ 17.147717147717145, 46.171036171036178 ], [ 17.181197181197177, 46.12081612081613 ], [ 17.296757296757306, 45.99139599139599 ], [ 17.384597384597384, 45.9111159111159 ], [ 17.566757566757559, 45.933255933255936 ], [ 17.671517671517677, 45.837135837135833 ], [ 17.864837864837853, 45.770895770895777 ], [ 17.904797904797903, 45.789975789975784 ], [ 17.998037998038001, 45.797175797175811 ], [ 18.06823806823806, 45.771615771615785 ], [ 18.133758133758136, 45.787455787455798 ], [ 18.167958167958176, 45.775755775755783 ], [ 18.199278199278211, 45.782415782415796 ], [ 18.244278244278235, 45.762975762975771 ], [ 18.346518346518337, 45.747495747495748 ], [ 18.365958365958363, 45.764415764415759 ], [ 18.385758385758379, 45.762795762795776 ], [ 18.413478413478401, 45.74605574605576 ], [ 18.487278487278502, 45.788355788355801 ], [ 18.510678510678503, 45.781695781695788 ], [ 18.573318573318573, 45.801315801315809 ], [ 18.61543861543862, 45.841095841095836 ], [ 18.625158625158633, 45.87007587007588 ], [ 18.644598644598659, 45.872775872775861 ], [ 18.639558639558629, 45.890235890235886 ], [ 18.660438660438672, 45.898695898695905 ], [ 18.665478665478673, 45.913275913275925 ], [ 18.698958698958705, 45.915255915255926 ], [ 18.805518805518801, 45.881595881595871 ], [ 18.850158850158863, 45.899955899955899 ], [ 18.928998928998936, 45.931635931635924 ], [ 19.083439083439089, 45.966735966735968 ], [ 19.283239283239283, 46.000036000036005 ], [ 19.355959355959357, 46.047196047196053 ], [ 19.477639477639485, 46.100476100476101 ], [ 19.537399537399551, 46.153576153576154 ], [ 19.600039600039594, 46.173916173916183 ], [ 19.696519696519687, 46.184356184356176 ], [ 19.725679725679726, 46.168696168696158 ], [ 19.766719766719774, 46.133416133416148 ] ] ] } },
{ "type": "Feature", "properties": { "designator": "LIBB", "type": "FIR", "upper": 195.0, "lower": 0.0, "name": "Brindisi FIR" }, "geometry": { "type": "Polygon", "coordinates": [ [ [ 16.419076419076418, 39.075069075069081 ], [ 16.439236439236453, 39.05580905580905 ], [ 16.51663651663651, 38.983268983268971 ], [ 16.630756630756622, 38.84466884466886 ], [ 16.80427680427681, 38.631728631728635 ], [ 17.528597528597544, 37.729747729747729 ], [ 17.752877752877765, 37.496647496647498 ], [ 18.728838728838724, 36.953946953946954 ], [ 18.999918999919004, 36.499986499986505 ], [ 18.999918999919004, 36.766746766746763 ], [ 18.999918999919004, 36.966726966726966 ], [ 18.999918999919004, 37.399987399987396 ], [ 18.999918999919004, 37.750087750087758 ], [ 18.999918999919004, 38.100008100008097 ], [ 18.999918999919004, 38.26758826758828 ], [ 18.999918999919004, 38.342288342288356 ], [ 18.999918999919004, 38.518328518328531 ], [ 18.999918999919004, 38.724248724248724 ], [ 18.999918999919004, 38.83584883584885 ], [ 18.999918999919004, 38.883368883368888 ], [ 18.999918999919004, 39.293409293409297 ], [ 18.999918999919004, 39.393669393669398 ], [ 18.997398997398989, 39.534969534969548 ], [ 18.997038997038999, 39.55692955692956 ], [ 18.999198999198995, 39.66672966672968 ], [ 18.999918999919004, 39.816669816669815 ], [ 18.999918999919004, 39.933309933309943 ], [ 18.999918999919004, 40.056610056610054 ], [ 18.999918999919004, 40.244710244710234 ], [ 18.999918999919004, 40.350010350010365 ], [ 18.999918999919004, 40.416610416610411 ], [ 18.999918999919004, 40.598410598410595 ], [ 18.999918999919004, 40.749970749970743 ], [ 18.951678951678957, 40.891630891630882 ], [ 18.866718866718855, 41.133371133371128 ], [ 18.619038619038633, 41.259191259191255 ], [ 18.556038556038544, 41.291051291051303 ], [ 18.272358272358275, 41.43253143253142 ], [ 18.221598221598214, 41.442431442431456 ], [ 18.129078129078124, 41.502731502731507 ], [ 17.616437616437622, 41.753291753291762 ], [ 17.248157248157241, 41.928251928251939 ], [ 16.963036963036956, 42.063612063612055 ], [ 16.353916353916361, 42.346932346932334 ], [ 16.173196173196175, 42.331092331092322 ], [ 16.095076095076109, 42.379692379692386 ], [ 16.123516123516112, 42.434772434772441 ], [ 16.048996048996059, 42.507852507852505 ], [ 15.935955935955946, 42.581652581652577 ], [ 15.823635823635811, 42.655632655632644 ], [ 15.748395748395751, 42.703872703872719 ], [ 15.612315612315626, 42.793872793872794 ], [ 15.524835524835538, 42.848052848052845 ], [ 15.46651546651546, 42.88549288549288 ], [ 15.43735543735545, 42.907452907452921 ], [ 15.290475290475285, 42.998892998893012 ], [ 15.205515205515212, 43.055773055773045 ], [ 15.112995112995122, 43.111933111933126 ], [ 15.101835101835093, 43.119133119133124 ], [ 14.797634797634799, 43.31173331173332 ], [ 14.634194634194643, 43.416313416313415 ], [ 14.499914499914496, 43.500013500013495 ], [ 13.658233658233655, 43.508293508293519 ], [ 13.333153333153348, 43.516753516753511 ], [ 13.291753291753281, 43.36663336663338 ], [ 13.083313083313072, 42.916632916632921 ], [ 13.119313119313119, 42.877572877572874 ], [ 13.364833364833373, 42.603252603252599 ], [ 13.431433431433419, 42.531972531972542 ], [ 13.444393444393455, 42.517572517572518 ], [ 13.532953532953542, 42.418932418932428 ], [ 13.595593595593584, 42.348912348912336 ], [ 13.601713601713612, 42.341892341892333 ], [ 13.737433737433747, 42.188892188892197 ], [ 13.757593757593753, 42.166392166392171 ], [ 14.533754533754546, 41.467451467451468 ], [ 14.650754650754664, 41.359451359451356 ], [ 14.788994788994785, 41.232011232011246 ], [ 14.869274869274875, 41.15731115731117 ], [ 15.049635049635043, 41.004491004491001 ], [ 15.186435186435176, 40.888030888030897 ], [ 15.214155214155227, 40.864450864450873 ], [ 15.417195417195416, 40.690570690570695 ], [ 15.469035469035475, 40.604530604530595 ], [ 15.557235557235572, 40.452250452250439 ], [ 15.618435618435626, 40.34443034443035 ], [ 15.661635661635671, 40.271710271710276 ], [ 15.740115740115755, 40.133290133290132 ], [ 15.807435807435809, 40.016110016110019 ], [ 15.944235944235942, 39.776349776349775 ], [ 16.039276039276047, 39.615069615069615 ], [ 16.142596142596148, 39.424989424989434 ], [ 16.249876249876252, 39.233289233289241 ], [ 16.326196326196339, 39.162189162189151 ], [ 16.361836361836367, 39.128889128889142 ], [ 16.419076419076418, 39.075069075069081 ] ] ] } },
{ "type": "Feature", "properties": { "designator": "LIMM", "type": "FIR", "upper": 195.0, "lower": 0.0, "name": "Milano FIR" }, "geometry": { "type": "Polygon", "coordinates": [ [ [ 7.683307683307675, 43.766593766593758 ], [ 7.713907713907702, 43.734193734193724 ], [ 7.837387837387837, 43.701973701973714 ], [ 8.321588321588337, 43.570213570213582 ], [ 8.544428544428541, 43.505593505593509 ], [ 8.598788598788587, 43.491733491733498 ], [ 8.71218871218872, 43.462213462213469 ], [ 8.800388800388788, 43.437553437553447 ], [ 8.819108819108834, 43.431613431613442 ], [ 8.958428958428954, 43.388413388413397 ], [ 9.175869175869167, 43.331713331713331 ], [ 9.750069750069741, 43.166653166653163 ], [ 10.062550062550059, 43.40425340425341 ], [ 10.300150300150307, 43.588393588393586 ], [ 10.516150516150503, 43.617193617193607 ], [ 10.674550674550687, 43.639693639693633 ], [ 10.711270711270714, 43.646353646353646 ], [ 10.770670770670762, 43.659133659133659 ], [ 10.798750798750802, 43.66417366417366 ], [ 11.166671166671165, 43.716733716733728 ], [ 11.511191511191527, 43.694413694413697 ], [ 11.560151560151553, 43.683613683613686 ], [ 11.63683163683163, 43.676953676953673 ], [ 11.925191925191939, 43.653373653373649 ], [ 13.041553041553044, 43.538893538893547 ], [ 13.333153333153348, 43.516753516753511 ], [ 13.658233658233655, 43.508293508293519 ], [ 14.499914499914496, 43.500013500013495 ], [ 14.481554481554497, 43.515853515853507 ], [ 14.424674424674436, 43.564093564093554 ], [ 14.4055944055944, 43.581373581373583 ], [ 14.389754389754387, 43.595593595593584 ], [ 14.328914328914323, 43.649953649953659 ], [ 14.322074322074315, 43.656613656613644 ], [ 14.274914274914266, 43.698913698913714 ], [ 14.228474228474226, 43.740853740853737 ], [ 14.172314172314174, 43.791073791073785 ], [ 14.021834021834024, 43.925353925353932 ], [ 13.949833949833959, 43.979173979173993 ], [ 13.921753921753918, 44.014094014094013 ], [ 13.75975375975375, 44.157194157194169 ], [ 13.685953685953677, 44.221994221994237 ], [ 13.498033498033493, 44.386334386334397 ], [ 13.463113463113473, 44.416394416394411 ], [ 13.333153333153348, 44.533394533394528 ], [ 13.266553266553274, 44.633294633294639 ], [ 13.194553194553208, 44.789714789714793 ], [ 13.158193158193171, 44.858834858834854 ], [ 13.149193149193138, 44.876654876654868 ], [ 13.133353133353125, 44.900054900054897 ], [ 13.091233091233079, 44.985914985914974 ], [ 13.003393003393001, 45.151695151695151 ], [ 13.000153000153006, 45.158355158355164 ], [ 13.000153000153006, 45.166455166455165 ], [ 13.000153000153006, 45.16663516663516 ], [ 13.000153000153006, 45.16969516969516 ], [ 13.000153000153006, 45.183375183375176 ], [ 12.995472995472994, 45.225855225855213 ], [ 12.995472995472994, 45.262755262755263 ], [ 13.000153000153006, 45.300015300015303 ], [ 13.116793116793104, 45.377775377775379 ], [ 13.126873126873136, 45.386955386955378 ], [ 13.183393183393179, 45.422235422235417 ], [ 13.279153279153292, 45.487215487215479 ], [ 13.333153333153348, 45.525015525015533 ], [ 13.388233388233402, 45.558855558855555 ], [ 13.4998334998335, 45.633375633375636 ], [ 13.53403353403354, 45.630855630855621 ], [ 13.700353700353702, 45.619155619155606 ], [ 13.733473733473744, 45.616635616635619 ], [ 13.836793836793845, 45.576675576675569 ], [ 13.918873918873913, 45.632295632295637 ], [ 13.796833796833795, 45.755055755055764 ], [ 13.699993699993712, 45.783315783315771 ], [ 13.589833589833603, 45.851175851175839 ], [ 13.633393633393638, 45.941715941715955 ], [ 13.665073665073663, 45.993375993375992 ], [ 13.606753606753614, 46.013356013356002 ], [ 13.598473598473589, 45.986355986355989 ], [ 13.504873504873501, 45.994995994996003 ], [ 13.606753606753614, 46.117576117576107 ], [ 13.678033678033671, 46.16995616995618 ], [ 13.698193698193705, 46.185076185076184 ], [ 13.611793611793615, 46.19533619533621 ], [ 13.472833472833486, 46.218376218376221 ], [ 13.406233406233412, 46.309096309096304 ], [ 13.532233532233533, 46.416196416196414 ], [ 13.628713628713626, 46.440496440496446 ], [ 13.699273699273704, 46.465876465876477 ], [ 13.702513702513698, 46.491976491976487 ], [ 13.714033714033718, 46.523116523116528 ], [ 13.569313569313579, 46.541476541476555 ], [ 13.396513396513399, 46.573876573876561 ], [ 13.379593379593388, 46.563616563616563 ], [ 13.333153333153348, 46.561096561096548 ], [ 13.316233316233308, 46.556416556416565 ], [ 13.236313236313237, 46.558396558396566 ], [ 13.168633168633164, 46.588816588816599 ], [ 12.915192915192904, 46.607536607536616 ], [ 12.477072477072483, 46.675756675756674 ], [ 12.281232281232292, 46.802476802476804 ], [ 12.307872307872316, 46.824976824976829 ], [ 12.286272286272293, 46.870876870876884 ], [ 12.216792216792214, 46.877176877176879 ], [ 12.158472158472165, 46.906336906336918 ], [ 12.127872127872138, 46.999936999937006 ], [ 12.191592191592207, 47.024957024957018 ], [ 12.233352233352235, 47.066717066717075 ], [ 12.188712188712202, 47.086877086877081 ], [ 11.98891198891198, 47.047277047277049 ], [ 11.857511857511867, 47.016137016137009 ], [ 11.854991854991852, 47.002817002817011 ], [ 11.750951750951742, 47.016857016857017 ], [ 11.690111690111678, 47.017217017217007 ], [ 11.526311526311531, 47.018297018297005 ], [ 11.448911448911446, 46.987516987516983 ], [ 11.37655137655139, 46.979956979956995 ], [ 11.356391356391356, 46.979236979236987 ], [ 11.253431253431245, 46.974916974916965 ], [ 11.210591210591218, 46.943956943956948 ], [ 11.06515106515107, 46.860796860796853 ], [ 11.062271062271066, 46.813636813636805 ], [ 11.037431037431048, 46.794196794196807 ], [ 11.015831015831026, 46.770256770256765 ], [ 10.972630972630981, 46.76971676971678 ], [ 10.876510876510878, 46.767196767196765 ], [ 10.808470808470815, 46.778356778356766 ], [ 10.790110790110788, 46.795636795636796 ], [ 10.745470745470755, 46.791316791316802 ], [ 10.732870732870737, 46.793836793836789 ], [ 10.726750726750737, 46.797976797976787 ], [ 10.757350757350764, 46.830916830916834 ], [ 10.6965106965107, 46.849996849996842 ], [ 10.667350667350661, 46.875556875556867 ], [ 10.549270549270545, 46.840636840636847 ], [ 10.547110547110549, 46.851436851436858 ], [ 10.50571050571051, 46.84729684729686 ], [ 10.466830466830459, 46.866736866736858 ], [ 10.404550404550406, 46.736956736956728 ], [ 10.479070479070486, 46.562176562176575 ], [ 10.340470340470347, 46.544176544176537 ], [ 10.216630216630222, 46.633276633276637 ], [ 10.202230202230197, 46.621936621936612 ], [ 10.148230148230141, 46.616716616716616 ], [ 10.063630063630058, 46.505296505296513 ], [ 10.043470043470052, 46.478296478296471 ], [ 9.899829899829911, 46.416736416736427 ], [ 9.551349551349546, 46.306936306936308 ], [ 9.518949518949512, 46.338976338976352 ], [ 9.507069507069502, 46.350316350316348 ], [ 9.362349362349363, 46.509796509796502 ], [ 9.275229275229265, 46.481896481896484 ], [ 9.27738927738929, 46.414756414756425 ], [ 9.282429282429291, 46.309096309096304 ], [ 9.293229293229302, 46.208656208656208 ], [ 9.229869229869223, 46.153576153576154 ], [ 9.209709209709217, 46.140256140256128 ], [ 9.035109035109031, 46.024516024516032 ], [ 9.071829071829086, 45.871335871335873 ], [ 9.032949032949034, 45.863595863595862 ], [ 8.968868968868975, 45.851715851715852 ], [ 8.906588906588894, 45.909495909495917 ], [ 8.849348849348843, 45.99175599175598 ], [ 8.665028665028672, 46.104436104436104 ], [ 8.569628569628577, 46.168696168696158 ], [ 8.503388503388493, 46.225216225216229 ], [ 8.476388476388479, 46.24519624519624 ], [ 8.45910845910845, 46.25365625365626 ], [ 8.44650844650846, 46.275256275256282 ], [ 8.443628443628455, 46.279936279936294 ], [ 8.434268434268432, 46.466056466056472 ], [ 8.290628290628291, 46.414216414216412 ], [ 8.319428319428312, 46.387576387576388 ], [ 8.225468225468234, 46.333396333396337 ], [ 8.087588087588102, 46.264096264096253 ], [ 8.080388080388076, 46.260496260496268 ], [ 8.133308133308134, 46.183276183276178 ], [ 8.02566802566804, 46.078696078696083 ], [ 7.980667980667988, 46.018936018936017 ], [ 7.966627966627982, 46.000036000036005 ], [ 7.907227907227906, 45.99445599445599 ], [ 7.877347877347887, 45.954495954495968 ], [ 7.867987867987864, 45.940815940815952 ], [ 7.847827847827858, 45.924975924975939 ], [ 7.721827721827736, 45.932175932175937 ], [ 7.545427545427543, 45.969975969975962 ], [ 7.450747450747457, 45.925515925515924 ], [ 7.097227097227091, 45.877455877455873 ], [ 7.049347049347062, 45.900315900315888 ], [ 6.866826866826869, 45.752715752715744 ], [ 7.043227043227034, 45.480015480015481 ], [ 7.032067032067033, 45.466695466695455 ], [ 7.021267021267022, 45.456435456435457 ], [ 7.086787086787098, 45.403335403335404 ], [ 6.958266958266961, 45.191655191655201 ], [ 6.644346644346655, 45.113895113895126 ], [ 6.777186777186785, 45.008595008595023 ], [ 6.899226899226903, 44.841374841374829 ], [ 7.012627012627007, 44.799974799974791 ], [ 7.041787041787046, 44.658314658314652 ], [ 7.001827001826996, 44.584154584154589 ], [ 6.916506916506904, 44.449154449154463 ], [ 7.006867006866997, 44.239994239994246 ], [ 7.081027081027088, 44.213894213894207 ], [ 7.285507285507293, 44.142254142254131 ], [ 7.625347625347615, 44.145494145494155 ], [ 7.712827712827703, 44.061074061074066 ], [ 7.666747666747682, 44.000054000054007 ], [ 7.583227583227597, 43.899973899973901 ], [ 7.533187533187544, 43.775053775053777 ], [ 7.683307683307675, 43.766593766593758 ] ] ] } },
{ "type": "Feature", "properties": { "designator": "LIRR", "type": "FIR", "upper": 195.0, "lower": 0.0, "name": "Roma FIR" }, "geometry": { "type": "Polygon", "coordinates": [ [ [ 15.214155214155227, 40.864450864450873 ], [ 15.186435186435176, 40.888030888030897 ], [ 15.049635049635043, 41.004491004491001 ], [ 14.869274869274875, 41.15731115731117 ], [ 14.788994788994785, 41.232011232011246 ], [ 14.650754650754664, 41.359451359451356 ], [ 14.533754533754546, 41.467451467451468 ], [ 13.757593757593753, 42.166392166392171 ], [ 13.737433737433747, 42.188892188892197 ], [ 13.601713601713612, 42.341892341892333 ], [ 13.595593595593584, 42.348912348912336 ], [ 13.532953532953542, 42.418932418932428 ], [ 13.444393444393455, 42.517572517572518 ], [ 13.431433431433419, 42.531972531972542 ], [ 13.364833364833373, 42.603252603252599 ], [ 13.119313119313119, 42.877572877572874 ], [ 13.083313083313072, 42.916632916632921 ], [ 13.291753291753281, 43.36663336663338 ], [ 13.333153333153348, 43.516753516753511 ], [ 13.041553041553044, 43.538893538893547 ], [ 11.925191925191939, 43.653373653373649 ], [ 11.63683163683163, 43.676953676953673 ], [ 11.560151560151553, 43.683613683613686 ], [ 11.511191511191527, 43.694413694413697 ], [ 11.166671166671165, 43.716733716733728 ], [ 10.798750798750802, 43.66417366417366 ], [ 10.770670770670762, 43.659133659133659 ], [ 10.711270711270714, 43.646353646353646 ], [ 10.674550674550687, 43.639693639693633 ], [ 10.516150516150503, 43.617193617193607 ], [ 10.300150300150307, 43.588393588393586 ], [ 10.062550062550059, 43.40425340425341 ], [ 9.750069750069741, 43.166653166653163 ], [ 9.750069750069741, 42.953892953892961 ], [ 9.750069750069741, 42.822852822852838 ], [ 9.750069750069741, 42.621432621432632 ], [ 9.750069750069741, 42.500832500832502 ], [ 9.750069750069741, 42.411732411732402 ], [ 9.750069750069741, 42.325872325872325 ], [ 9.750069750069741, 41.93329193329194 ], [ 9.750069750069741, 41.790551790551802 ], [ 9.750069750069741, 41.750051750051739 ], [ 9.750069750069741, 41.733311733311723 ], [ 9.750069750069741, 41.666711666711677 ], [ 9.750069750069741, 41.333351333351345 ], [ 9.616509616509632, 41.333351333351345 ], [ 9.499869499869504, 41.333351333351345 ], [ 9.316629316629331, 41.333351333351345 ], [ 9.268389268389257, 41.333351333351345 ], [ 9.106389106389116, 41.333351333351345 ], [ 9.036909036909037, 41.333351333351345 ], [ 8.811548811548818, 41.333351333351345 ], [ 8.690948690948687, 41.333351333351345 ], [ 8.569988569988567, 41.333351333351345 ], [ 8.443988443988445, 41.333351333351345 ], [ 8.333468333468346, 41.333351333351345 ], [ 8.283428283428293, 41.283311283311292 ], [ 8.161388161388174, 41.161991161991153 ], [ 8.000108000108014, 40.999990999991013 ], [ 8.000108000108014, 40.916650916650923 ], [ 8.000108000108014, 40.862290862290877 ], [ 8.000108000108014, 40.744930744930741 ], [ 8.000108000108014, 40.608130608130608 ], [ 8.000108000108014, 40.424710424710412 ], [ 8.000108000108014, 40.350010350010365 ], [ 8.000108000108014, 40.000090000090012 ], [ 8.000108000108014, 39.6985896985897 ], [ 8.000108000108014, 39.209529209529222 ], [ 8.000108000108014, 39.149949149949151 ], [ 8.000108000108014, 39.000009000008987 ], [ 8.49942849942849, 38.794988794988797 ], [ 8.771948771948786, 38.684108684108679 ], [ 8.836748836748825, 38.657468657468655 ], [ 8.865188865188856, 38.644508644508647 ], [ 8.892188892188898, 38.632988632988628 ], [ 8.964908964908972, 38.603108603108609 ], [ 9.016749016749031, 38.583308583308593 ], [ 9.456309456309469, 38.395208395208385 ], [ 9.787149787149787, 38.254808254808268 ], [ 10.286470286470291, 38.038808038808043 ], [ 10.628470628470637, 37.889227889227897 ], [ 10.786510786510775, 37.819387819387813 ], [ 10.908550908550922, 37.76952776952777 ], [ 10.959310959310955, 37.742707742707751 ], [ 11.100071100071091, 37.683307683307689 ], [ 11.113751113751107, 37.673587673587676 ], [ 11.200151200151197, 37.641727641727641 ], [ 11.294111294111303, 37.592767592767601 ], [ 11.500031500031497, 37.500067500067502 ], [ 11.500031500031497, 37.189207189207195 ], [ 11.500031500031497, 36.839646839646846 ], [ 11.500031500031497, 36.620046620046622 ], [ 11.500031500031497, 36.607986607986604 ], [ 11.500031500031497, 36.499986499986505 ], [ 11.623151623151614, 36.499986499986505 ], [ 11.822231822231828, 36.499986499986505 ], [ 12.126792126792139, 36.499986499986505 ], [ 12.582912582912599, 36.499986499986505 ], [ 12.84211284211284, 36.499986499986505 ], [ 13.206793206793208, 36.499986499986505 ], [ 13.53979353979355, 36.499986499986505 ], [ 13.7935937935938, 36.499986499986505 ], [ 13.972153972153961, 36.499986499986505 ], [ 14.09923409923411, 36.499986499986505 ], [ 14.250074250074249, 36.499986499986505 ], [ 14.309834309834315, 36.499986499986505 ], [ 14.455634455634453, 36.499986499986505 ], [ 14.467154467154472, 36.499986499986505 ], [ 14.56687456687456, 36.499986499986505 ], [ 14.833274833274828, 36.499986499986505 ], [ 14.999954999955008, 36.499986499986505 ], [ 15.282195282195289, 36.499986499986505 ], [ 15.499995499995492, 36.499986499986505 ], [ 15.616635616635619, 36.499986499986505 ], [ 16.000036000036005, 36.499986499986505 ], [ 16.451476451476452, 36.499986499986505 ], [ 16.857196857196868, 36.499986499986505 ], [ 17.133317133317121, 36.499986499986505 ], [ 17.425997425997423, 36.499986499986505 ], [ 17.666837666837665, 36.499986499986505 ], [ 17.773037773037771, 36.499986499986505 ], [ 18.333198333198339, 36.499986499986505 ], [ 18.999918999919004, 36.499986499986505 ], [ 18.728838728838724, 36.953946953946954 ], [ 17.752877752877765, 37.496647496647498 ], [ 17.528597528597544, 37.729747729747729 ], [ 16.80427680427681, 38.631728631728635 ], [ 16.630756630756622, 38.84466884466886 ], [ 16.51663651663651, 38.983268983268971 ], [ 16.439236439236453, 39.05580905580905 ], [ 16.419076419076418, 39.075069075069081 ], [ 16.361836361836367, 39.128889128889142 ], [ 16.326196326196339, 39.162189162189151 ], [ 16.249876249876252, 39.233289233289241 ], [ 16.142596142596148, 39.424989424989434 ], [ 16.039276039276047, 39.615069615069615 ], [ 15.944235944235942, 39.776349776349775 ], [ 15.807435807435809, 40.016110016110019 ], [ 15.740115740115755, 40.133290133290132 ], [ 15.661635661635671, 40.271710271710276 ], [ 15.618435618435626, 40.34443034443035 ], [ 15.557235557235572, 40.452250452250439 ], [ 15.469035469035475, 40.604530604530595 ], [ 15.417195417195416, 40.690570690570695 ], [ 15.214155214155227, 40.864450864450873 ] ] ] } },
{ "type": "Feature", "properties": { "designator": "LJLA", "type": "FIR", "upper": null, "lower": 0.0, "name": "Ljubljana FIR" }, "geometry": { "type": "Polygon", "coordinates": [ [ [ 13.419553419553409, 45.544455544455559 ], [ 13.503433503433513, 45.509715509715505 ], [ 13.544473544473533, 45.494415494415506 ], [ 13.584793584793573, 45.475875475875483 ], [ 13.613953613953612, 45.469395469395465 ], [ 13.714753714753726, 45.46921546921547 ], [ 13.773433773433766, 45.465615465615457 ], [ 14.001314001314, 45.519255519255523 ], [ 14.014274014274008, 45.523395523395521 ], [ 14.13379413379414, 45.475515475515465 ], [ 14.203994203994199, 45.470295470295468 ], [ 14.224154224154233, 45.501615501615504 ], [ 14.240354240354236, 45.507555507555509 ], [ 14.256914256914257, 45.505755505755502 ], [ 14.267714267714268, 45.482535482535496 ], [ 14.276354276354283, 45.490815490815493 ], [ 14.30155430155429, 45.493335493335508 ], [ 14.337194337194347, 45.479655479655491 ], [ 14.351954351954362, 45.48415548415548 ], [ 14.386514386514392, 45.492975492975489 ], [ 14.403434403434403, 45.503415503415511 ], [ 14.472914472914482, 45.533115533115534 ], [ 14.547074547074544, 45.626895626895617 ], [ 14.583434583434581, 45.640215640215644 ], [ 14.728514728514739, 45.531315531315528 ], [ 14.73931473931475, 45.523395523395521 ], [ 14.867474867474868, 45.46579546579548 ], [ 14.9009549009549, 45.47497547497548 ], [ 14.932634932634926, 45.529695529695545 ], [ 15.007155007155006, 45.494955494955491 ], [ 15.031275031275044, 45.483975483975485 ], [ 15.074475074475089, 45.488655488655496 ], [ 15.111195111195116, 45.44077544077544 ], [ 15.155475155475159, 45.413055413055417 ], [ 15.217755217755212, 45.424215424215419 ], [ 15.263835263835261, 45.452295452295459 ], [ 15.340155340155349, 45.458595458595454 ], [ 15.388395388395395, 45.491175491175483 ], [ 15.313515313515325, 45.528075528075533 ], [ 15.298035298035302, 45.574695574695568 ], [ 15.312075312075308, 45.59935559935559 ], [ 15.336555336555335, 45.63589563589565 ], [ 15.389835389835383, 45.637155637155644 ], [ 15.398475398475398, 45.64273564273563 ], [ 15.407835407835421, 45.677295677295689 ], [ 15.382275382275395, 45.690075690075702 ], [ 15.316035316035311, 45.683595683595684 ], [ 15.304155304155302, 45.7003357003357 ], [ 15.31099531099531, 45.716175716175712 ], [ 15.353475353475346, 45.773055773055773 ], [ 15.427635427635437, 45.794475794475801 ], [ 15.490995490995488, 45.807435807435809 ], [ 15.542115542115539, 45.825795825795836 ], [ 15.655155655155653, 45.840195840195832 ], [ 15.678555678555682, 45.842175842175834 ], [ 15.683235683235694, 45.842535842535852 ], [ 15.694035694035705, 45.866115866115877 ], [ 15.692955692955707, 45.902835902835903 ], [ 15.709875709875718, 45.949995949995952 ], [ 15.70303570303571, 45.972855972855967 ], [ 15.724995724995722, 46.049716049716039 ], [ 15.625635625635624, 46.101376101376104 ], [ 15.6112356112356, 46.129456129456116 ], [ 15.617715617715618, 46.146916146916141 ], [ 15.626715626715622, 46.171396171396168 ], [ 15.634275634275639, 46.201096201096192 ], [ 15.77791577791578, 46.227016227016236 ], [ 15.809595809595805, 46.232416232416227 ], [ 15.826155826155826, 46.266076266076254 ], [ 15.865395865395868, 46.276336276336281 ], [ 15.89851589851591, 46.28551628551628 ], [ 15.902115902115895, 46.286596286596279 ], [ 15.926235926235933, 46.286956286956297 ], [ 15.976275976275986, 46.309636309636318 ], [ 16.023436023436034, 46.324396324396332 ], [ 16.041436041436043, 46.36885636885637 ], [ 16.056556056556047, 46.408096408096412 ], [ 16.196236196236185, 46.379116379116368 ], [ 16.273996273996289, 46.378396378396388 ], [ 16.281556281556277, 46.398376398376399 ], [ 16.23907623907624, 46.503316503316512 ], [ 16.368316368316357, 46.569916569916558 ], [ 16.530676530676544, 46.500076500076489 ], [ 16.416556416556432, 46.63993663993665 ], [ 16.422676422676432, 46.68367668367668 ], [ 16.366516366516379, 46.849996849996842 ], [ 16.113796113796127, 46.869076869076878 ], [ 15.989235989235993, 46.829116829116828 ], [ 15.995715995715983, 46.804096804096815 ], [ 16.007956007956011, 46.716436716436704 ], [ 16.039276039276047, 46.659196659196652 ], [ 15.992115992115998, 46.682416682416687 ], [ 15.865395865395868, 46.722016722016718 ], [ 15.808155808155817, 46.706716706716719 ], [ 15.791955791955786, 46.710856710856717 ], [ 15.652635652635666, 46.708876708876716 ], [ 15.629595629595627, 46.678816678816673 ], [ 15.5989955989956, 46.685836685836676 ], [ 15.580635580635573, 46.683136683136695 ], [ 15.549315549315537, 46.666396666396679 ], [ 15.549315549315537, 46.648396648396641 ], [ 15.510435510435514, 46.616356616356626 ], [ 15.482355482355473, 46.615816615816613 ], [ 15.464355464355464, 46.615636615636618 ], [ 15.420795420795429, 46.658116658116654 ], [ 15.360315360315354, 46.652536652536639 ], [ 15.342675342675335, 46.650916650916656 ], [ 15.249075249075247, 46.641376641376638 ], [ 15.209115209115197, 46.646956646956653 ], [ 15.083475083475093, 46.645876645876655 ], [ 15.043155043155053, 46.651636651636665 ], [ 14.922194922194933, 46.609696609696613 ], [ 14.865674865674862, 46.604476604476616 ], [ 14.858474858474864, 46.591696591696603 ], [ 14.83255483255482, 46.549756549756552 ], [ 14.775314775314769, 46.514116514116523 ], [ 14.749034749034763, 46.49827649827651 ], [ 14.6993546993547, 46.478836478836485 ], [ 14.625194625194638, 46.449676449676446 ], [ 14.592434592434586, 46.436896436896433 ], [ 14.565794565794562, 46.374796374796375 ], [ 14.515754515754509, 46.423396423396412 ], [ 14.446274446274458, 46.421956421956423 ], [ 14.438354438354452, 46.443376443376451 ], [ 14.410274410274411, 46.446616446616446 ], [ 14.389754389754387, 46.442296442296453 ], [ 14.365994365994368, 46.435816435816434 ], [ 14.327114327114316, 46.427536427536438 ], [ 14.296514296514289, 46.428616428616436 ], [ 14.176994176994185, 46.433116433116425 ], [ 14.115794115794131, 46.477756477756486 ], [ 14.085194085194075, 46.481356481356471 ], [ 14.032634032634036, 46.489456489456501 ], [ 13.960273960273952, 46.498816498816495 ], [ 13.912393912393924, 46.520776520776508 ], [ 13.832473832473823, 46.516456516456515 ], [ 13.714033714033718, 46.523116523116528 ], [ 13.702513702513698, 46.491976491976487 ], [ 13.699273699273704, 46.465876465876477 ], [ 13.628713628713626, 46.440496440496446 ], [ 13.532233532233533, 46.416196416196414 ], [ 13.406233406233412, 46.309096309096304 ], [ 13.472833472833486, 46.218376218376221 ], [ 13.611793611793615, 46.19533619533621 ], [ 13.698193698193705, 46.185076185076184 ], [ 13.678033678033671, 46.16995616995618 ], [ 13.606753606753614, 46.117576117576107 ], [ 13.504873504873501, 45.994995994996003 ], [ 13.598473598473589, 45.986355986355989 ], [ 13.606753606753614, 46.013356013356002 ], [ 13.665073665073663, 45.993375993375992 ], [ 13.633393633393638, 45.941715941715955 ], [ 13.589833589833603, 45.851175851175839 ], [ 13.699993699993712, 45.783315783315771 ], [ 13.796833796833795, 45.755055755055764 ], [ 13.918873918873913, 45.632295632295637 ], [ 13.836793836793845, 45.576675576675569 ], [ 13.733473733473744, 45.616635616635619 ], [ 13.700353700353702, 45.619155619155606 ], [ 13.53403353403354, 45.630855630855621 ], [ 13.4998334998335, 45.633375633375636 ], [ 13.388233388233402, 45.558855558855555 ], [ 13.419553419553409, 45.544455544455559 ] ] ] } },
{ "type": "Feature", "properties": { "designator": "LKAA", "type": "FIR", "upper": null, "lower": 0.0, "name": "Praha FIR" }, "geometry": { "type": "Polygon", "coordinates": [ [ [ 18.066798066798071, 49.035019035019047 ], [ 18.091278091278099, 49.066159066159059 ], [ 18.110718110718125, 49.127179127179119 ], [ 18.123318123318114, 49.153819153819143 ], [ 18.118998118998121, 49.17523917523917 ], [ 18.143478143478148, 49.198819198819194 ], [ 18.152118152118163, 49.216639216639209 ], [ 18.149958149958138, 49.233379233379225 ], [ 18.165798165798179, 49.246159246159237 ], [ 18.184518184518197, 49.286299286299283 ], [ 18.280278280278281, 49.303939303939302 ], [ 18.370998370998365, 49.326619326619323 ], [ 18.419598419598429, 49.3971793971794 ], [ 18.447318447318452, 49.393579393579387 ], [ 18.545598545598551, 49.433899433899427 ], [ 18.564678564678559, 49.506619506619501 ], [ 18.700398700398694, 49.497259497259506 ], [ 18.850878850878843, 49.516879516879527 ], [ 18.80623880623881, 49.66519966519968 ], [ 18.709038709038708, 49.694719694719709 ], [ 18.628758628758618, 49.720279720279734 ], [ 18.572598572598565, 49.847539847539849 ], [ 18.565398565398567, 49.880299880299873 ], [ 18.469278469278464, 49.9108999108999 ], [ 18.415998415998416, 49.933399933399926 ], [ 18.347958347958354, 49.929439929439923 ], [ 18.318438318438325, 49.917559917559913 ], [ 18.283158283158286, 49.933939933939939 ], [ 18.27487827487829, 49.962199962199975 ], [ 18.218718218718209, 49.968679968679965 ], [ 18.211158211158221, 49.991899991899999 ], [ 18.201798201798198, 50.001620001620012 ], [ 18.195318195318208, 50.00270000270001 ], [ 18.181278181278174, 50.003420003420018 ], [ 18.161478161478158, 49.982539982539976 ], [ 18.118278118278113, 49.995499995499983 ], [ 18.097038097038109, 50.026640026640024 ], [ 18.004878004878009, 50.053280053280048 ], [ 17.995517995517986, 50.030240030240037 ], [ 17.956997956997952, 50.003420003420018 ], [ 17.932157932157935, 49.99081999082 ], [ 17.864837864837853, 49.976059976059986 ], [ 17.784557784557791, 50.019980019980011 ], [ 17.761517761517752, 50.056880056880061 ], [ 17.75071775071774, 50.073080073080064 ], [ 17.707877707877714, 50.096660096660088 ], [ 17.680517680517681, 50.111600111600126 ], [ 17.604197604197594, 50.153360153360154 ], [ 17.592677592677603, 50.159660159660149 ], [ 17.592677592677603, 50.160020160020167 ], [ 17.734517734517738, 50.202500202500204 ], [ 17.734877734877728, 50.202500202500204 ], [ 17.736677736677734, 50.202860202860194 ], [ 17.748197748197754, 50.205200205200214 ], [ 17.748197748197754, 50.209520209520207 ], [ 17.745317745317749, 50.301140301140293 ], [ 17.696717696717684, 50.326160326160334 ], [ 17.63479763479765, 50.272700272700263 ], [ 17.467397467397461, 50.268920268920283 ], [ 17.449037449037462, 50.255060255060243 ], [ 17.350397350397344, 50.302220302220292 ], [ 17.198837198837197, 50.374940374940365 ], [ 16.904356904356916, 50.448020448020458 ], [ 16.973476973476977, 50.307980307980301 ], [ 16.995436995436989, 50.29106029106029 ], [ 17.01739701739703, 50.269640269640263 ], [ 17.016317016317004, 50.25920025920027 ], [ 17.011997011997011, 50.21888021888023 ], [ 16.981036981036993, 50.237420237420253 ], [ 16.854316854316863, 50.203940203940192 ], [ 16.691596691596686, 50.0982800982801 ], [ 16.628596628596625, 50.130320130320143 ], [ 16.567396567396571, 50.161460161460155 ], [ 16.55695655695655, 50.217800217800232 ], [ 16.503676503676502, 50.256320256320265 ], [ 16.469116469116472, 50.281340281340277 ], [ 16.425916425916427, 50.325260325260331 ], [ 16.306036306036304, 50.382860382860372 ], [ 16.1987561987562, 50.435240435240445 ], [ 16.416556416556432, 50.574920574920583 ], [ 16.440676440676441, 50.587520587520601 ], [ 16.408996408996416, 50.61164061164061 ], [ 16.333036333036347, 50.663660663660664 ], [ 16.237276237276234, 50.672840672840664 ], [ 16.220356220356223, 50.639360639360632 ], [ 16.185796185796193, 50.625320625320626 ], [ 16.15267615267615, 50.653040653040648 ], [ 16.097956097956086, 50.661860661860658 ], [ 16.085356085356096, 50.650520650520662 ], [ 15.673875673875671, 50.754200754200752 ], [ 15.52447552447552, 50.780840780840776 ], [ 15.367155367155362, 50.795240795240801 ], [ 15.373995373995371, 50.807840807840819 ], [ 15.373995373995371, 50.808020808020814 ], [ 15.29335529335529, 50.953100953100943 ], [ 15.240075240075242, 50.998100998100995 ], [ 15.094635094635095, 51.013941013941007 ], [ 15.060435060435054, 51.024201024201034 ], [ 15.034875034875029, 51.010881010881008 ], [ 15.025875025875024, 51.031581031581027 ], [ 14.974034974034964, 50.996120996120993 ], [ 15.000675000674988, 50.984420984420979 ], [ 15.002475002474995, 50.98334098334098 ], [ 15.011835011835018, 50.97992097992099 ], [ 14.992754992754982, 50.904500904500907 ], [ 15.002115002115005, 50.869940869940876 ], [ 14.863514863514865, 50.870300870300866 ], [ 14.823194823194825, 50.870300870300866 ], [ 14.800154800154814, 50.835020835020828 ], [ 14.633474633474634, 50.916740916740906 ], [ 14.583434583434581, 50.913860913860901 ], [ 14.575154575154585, 50.958140958140973 ], [ 14.56651456651457, 51.003321003320991 ], [ 14.39983439983439, 51.016641016641017 ], [ 14.269874269874265, 51.018261018261029 ], [ 14.300114300114302, 50.950040950040943 ], [ 14.396594396594395, 50.941580941580952 ], [ 14.398394398394402, 50.918360918360918 ], [ 14.386154386154374, 50.9027009027009 ], [ 14.333234333234344, 50.883260883260874 ], [ 13.767673767673756, 50.734220734220742 ], [ 13.628713628713626, 50.715500715500724 ], [ 13.00915300915301, 50.520560520560508 ], [ 12.911592911592919, 50.477000477000473 ], [ 12.750672750672749, 50.432540432540435 ], [ 12.633672633672631, 50.392220392220395 ], [ 12.592632592632583, 50.377280377280385 ], [ 12.487152487152485, 50.341460341460333 ], [ 12.439992439992437, 50.325620325620321 ], [ 12.38095238095238, 50.29106029106029 ], [ 12.358992358992367, 50.238320238320227 ], [ 12.338472338472343, 50.190620190620194 ], [ 12.31723231723231, 50.173880173880178 ], [ 12.211752211752213, 50.157860157860171 ], [ 12.208512208512218, 50.101700101700089 ], [ 12.214272214272228, 50.102780102780116 ], [ 12.263952263952262, 50.067500067500077 ], [ 12.306792306792318, 50.054360054360046 ], [ 12.321552321552332, 50.044640044640033 ], [ 12.323352323352339, 50.037800037800025 ], [ 12.387072387072379, 50.015840015840013 ], [ 12.457632457632457, 49.99117999117999 ], [ 12.499032499032495, 49.972459972459973 ], [ 12.492552492552505, 49.932499932499923 ], [ 12.46123246123247, 49.810819810819822 ], [ 12.446832446832445, 49.797139797139806 ], [ 12.400392400392406, 49.753939753939761 ], [ 12.472392472392471, 49.703359703359695 ], [ 12.473832473832488, 49.702279702279696 ], [ 12.539712539712554, 49.663399663399673 ], [ 12.580392580392584, 49.636039636039641 ], [ 12.572472572472577, 49.577719577719591 ], [ 12.581832581832572, 49.565479565479563 ], [ 12.608472608472596, 49.531639531639541 ], [ 13.096273096273109, 49.203319203319211 ], [ 13.114273114273118, 49.192159192159181 ], [ 13.262233262233252, 49.102159102159106 ], [ 13.688833688833682, 48.88075888075889 ], [ 13.786393786393802, 48.829998829998829 ], [ 14.060354060354058, 48.674118674118688 ], [ 14.012114012114012, 48.638118638118641 ], [ 14.067554067554056, 48.602478602478612 ], [ 14.299034299034304, 48.567558567558564 ], [ 14.348354348354349, 48.560538560538561 ], [ 14.444834444834441, 48.60967860967861 ], [ 14.458514458514458, 48.642978642978647 ], [ 14.666234666234658, 48.581958581958588 ], [ 14.70511470511471, 48.581958581958588 ], [ 14.723474723474737, 48.674658674658673 ], [ 14.775674775674787, 48.725238725238739 ], [ 14.858114858114845, 48.781038781038774 ], [ 14.957474957474972, 48.75979875979877 ], [ 14.978354978354986, 48.776358776358791 ], [ 14.954594954594967, 48.791118791118805 ], [ 14.972594972594976, 48.858618858618854 ], [ 14.978714978714976, 48.963918963918957 ], [ 15.003915003915012, 48.999918999919004 ], [ 15.135675135675143, 48.991998991998997 ], [ 15.154755154755151, 48.990918990918999 ], [ 15.16663516663516, 48.945198945198939 ], [ 15.183555183555171, 48.948078948078944 ], [ 15.267075267075256, 48.961038961038952 ], [ 15.274275274275283, 48.985878985878998 ], [ 15.364275364275358, 48.981918981918994 ], [ 15.586395586395582, 48.896418896418908 ], [ 15.615915615915611, 48.888138888138883 ], [ 15.835155835155831, 48.874638874638862 ], [ 16.047916047916061, 48.763578763578778 ], [ 16.100116100116111, 48.747198747198752 ], [ 16.2048762048762, 48.769698769698778 ], [ 16.293436293436287, 48.772218772218764 ], [ 16.621036621036609, 48.784638784638787 ], [ 16.789156789156777, 48.728838728838724 ], [ 16.9029169029169, 48.716958716958715 ], [ 16.940716940716953, 48.615618615618615 ], [ 17.079317079317093, 48.78283878283878 ], [ 17.16787716787718, 48.853398853398858 ], [ 17.175077175077178, 48.858258858258864 ], [ 17.366597366597375, 48.815058815058819 ], [ 17.411237411237408, 48.819378819378812 ], [ 17.537597537597549, 48.821358821358814 ], [ 17.605277605277593, 48.84115884115883 ], [ 17.676197676197688, 48.857718857718851 ], [ 17.677997677997666, 48.858078858078869 ], [ 17.709317709317702, 48.865278865278867 ], [ 17.901557901557908, 48.971658971658968 ], [ 17.915237915237924, 49.003339003338994 ], [ 17.950157950157944, 49.024759024759021 ], [ 17.970677970677968, 49.024399024399031 ], [ 18.066798066798071, 49.035019035019047 ] ] ] } },
{ "type": "Feature", "properties": { "designator": "LMMM", "type": "FIR", "upper": 195.0, "lower": 0.0, "name": "Malta FIR" }, "geometry": { "type": "Polygon", "coordinates": [ [ [ 16.947916947916951, 34.333324333324327 ], [ 17.086877086877081, 34.333324333324327 ], [ 18.130518130518141, 34.333324333324327 ], [ 19.036999036999049, 34.333324333324327 ], [ 20.482040482040475, 34.333324333324327 ], [ 21.466281466281458, 34.333324333324327 ], [ 23.576963576963578, 34.333324333324327 ], [ 23.583443583443596, 34.333324333324327 ], [ 22.999882999882999, 34.625284625284621 ], [ 22.032202032202036, 35.099225099225094 ], [ 21.961281961281969, 35.13324513324514 ], [ 21.15344115344115, 35.518085518085513 ], [ 20.229320229320223, 35.947205947205944 ], [ 18.999918999919004, 36.499986499986505 ], [ 18.333198333198339, 36.499986499986505 ], [ 17.773037773037771, 36.499986499986505 ], [ 17.666837666837665, 36.499986499986505 ], [ 17.425997425997423, 36.499986499986505 ], [ 17.133317133317121, 36.499986499986505 ], [ 16.857196857196868, 36.499986499986505 ], [ 16.451476451476452, 36.499986499986505 ], [ 16.000036000036005, 36.499986499986505 ], [ 15.616635616635619, 36.499986499986505 ], [ 15.499995499995492, 36.499986499986505 ], [ 15.282195282195289, 36.499986499986505 ], [ 14.999954999955008, 36.499986499986505 ], [ 14.833274833274828, 36.499986499986505 ], [ 14.56687456687456, 36.499986499986505 ], [ 14.467154467154472, 36.499986499986505 ], [ 14.455634455634453, 36.499986499986505 ], [ 14.309834309834315, 36.499986499986505 ], [ 14.250074250074249, 36.499986499986505 ], [ 14.09923409923411, 36.499986499986505 ], [ 13.972153972153961, 36.499986499986505 ], [ 13.7935937935938, 36.499986499986505 ], [ 13.53979353979355, 36.499986499986505 ], [ 13.206793206793208, 36.499986499986505 ], [ 12.84211284211284, 36.499986499986505 ], [ 12.582912582912599, 36.499986499986505 ], [ 12.126792126792139, 36.499986499986505 ], [ 11.822231822231828, 36.499986499986505 ], [ 11.623151623151614, 36.499986499986505 ], [ 11.500031500031497, 36.499986499986505 ], [ 11.500031500031497, 35.824985824985831 ], [ 11.500031500031497, 35.656685656685653 ], [ 11.500031500031497, 35.650025650025654 ], [ 11.500031500031497, 35.047565047565044 ], [ 11.500031500031497, 34.523584523584518 ], [ 11.500031500031497, 34.333324333324327 ], [ 12.637632637632635, 34.333324333324327 ], [ 12.869832869832862, 34.333324333324327 ], [ 13.246393246393239, 34.333324333324327 ], [ 13.311553311553325, 34.333324333324327 ], [ 13.730593730593739, 34.333324333324327 ], [ 14.700794700794688, 34.333324333324327 ], [ 15.16627516627517, 34.333324333324327 ], [ 16.369396369396384, 34.333324333324327 ], [ 16.947916947916951, 34.333324333324327 ] ] ] } },
{ "type": "Feature", "properties": { "designator": "LOVV", "type": "FIR", "upper": null, "lower": 0.0, "name": "Wien FIR" }, "geometry": { "type": "Polygon", "coordinates": [ [ [ 14.922194922194933, 46.609696609696613 ], [ 15.043155043155053, 46.651636651636665 ], [ 15.083475083475093, 46.645876645876655 ], [ 15.209115209115197, 46.646956646956653 ], [ 15.249075249075247, 46.641376641376638 ], [ 15.342675342675335, 46.650916650916656 ], [ 15.360315360315354, 46.652536652536639 ], [ 15.420795420795429, 46.658116658116654 ], [ 15.464355464355464, 46.615636615636618 ], [ 15.482355482355473, 46.615816615816613 ], [ 15.510435510435514, 46.616356616356626 ], [ 15.549315549315537, 46.648396648396641 ], [ 15.549315549315537, 46.666396666396679 ], [ 15.580635580635573, 46.683136683136695 ], [ 15.5989955989956, 46.685836685836676 ], [ 15.629595629595627, 46.678816678816673 ], [ 15.652635652635666, 46.708876708876716 ], [ 15.791955791955786, 46.710856710856717 ], [ 15.808155808155817, 46.706716706716719 ], [ 15.865395865395868, 46.722016722016718 ], [ 15.992115992115998, 46.682416682416687 ], [ 16.039276039276047, 46.659196659196652 ], [ 16.007956007956011, 46.716436716436704 ], [ 15.995715995715983, 46.804096804096815 ], [ 15.989235989235993, 46.829116829116828 ], [ 16.113796113796127, 46.869076869076878 ], [ 16.224676224676216, 46.997776997777009 ], [ 16.230796230796244, 46.98967698967698 ], [ 16.25095625095625, 46.962496962496971 ], [ 16.259596259596265, 46.973656973656972 ], [ 16.289476289476283, 47.013617013617022 ], [ 16.513396513396515, 47.001377001376994 ], [ 16.441756441756439, 47.030897030897023 ], [ 16.522396522396519, 47.058617058617074 ], [ 16.463716463716452, 47.095517095517096 ], [ 16.530316530316526, 47.135477135477146 ], [ 16.459756459756449, 47.143397143397152 ], [ 16.45291645291644, 47.188037188037185 ], [ 16.427356427356415, 47.186597186597197 ], [ 16.434556434556441, 47.239517239517227 ], [ 16.474516474516463, 47.284697284697273 ], [ 16.500436500436507, 47.313137313137304 ], [ 16.537516537516552, 47.356697356697367 ], [ 16.599796599796605, 47.42743742743744 ], [ 16.617076617076606, 47.446877446877437 ], [ 16.637956637956648, 47.471177471177469 ], [ 16.703836703836714, 47.545517545517555 ], [ 16.799596799596799, 47.58637758637758 ], [ 16.829116829116828, 47.599157599157593 ], [ 17.012717012717019, 47.677817677817671 ], [ 17.083277083277096, 47.707517707517695 ], [ 17.095157095157106, 47.75611775611776 ], [ 17.099477099477099, 47.769437769437758 ], [ 17.114597114597103, 47.830817830817836 ], [ 17.136917136917134, 47.912177912177924 ], [ 17.139437139437149, 47.921357921357924 ], [ 17.141597141597146, 47.934497934497927 ], [ 17.153477153477155, 47.980037980037991 ], [ 17.160677160677153, 48.006318006317997 ], [ 17.08147708147709, 48.025218025218038 ], [ 17.087957087957079, 48.06751806751808 ], [ 17.085797085797083, 48.10783810783812 ], [ 17.007677007677017, 48.126918126918127 ], [ 16.974556974556975, 48.172278172278169 ], [ 16.972396972396979, 48.179118179118177 ], [ 16.969156969156984, 48.190638190638197 ], [ 16.958356958356973, 48.216198216198222 ], [ 16.943956943956948, 48.242478242478256 ], [ 16.926316926316929, 48.270198270198279 ], [ 16.907956907956901, 48.305838305838307 ], [ 16.841356841356856, 48.374418374418383 ], [ 16.834156834156829, 48.382698382698379 ], [ 16.85611685611687, 48.427518427518436 ], [ 16.85071685071685, 48.450018450018462 ], [ 16.900396900396913, 48.541998541998538 ], [ 16.940716940716953, 48.615618615618615 ], [ 16.9029169029169, 48.716958716958715 ], [ 16.789156789156777, 48.728838728838724 ], [ 16.621036621036609, 48.784638784638787 ], [ 16.293436293436287, 48.772218772218764 ], [ 16.2048762048762, 48.769698769698778 ], [ 16.100116100116111, 48.747198747198752 ], [ 16.047916047916061, 48.763578763578778 ], [ 15.835155835155831, 48.874638874638862 ], [ 15.615915615915611, 48.888138888138883 ], [ 15.586395586395582, 48.896418896418908 ], [ 15.364275364275358, 48.981918981918994 ], [ 15.274275274275283, 48.985878985878998 ], [ 15.267075267075256, 48.961038961038952 ], [ 15.183555183555171, 48.948078948078944 ], [ 15.16663516663516, 48.945198945198939 ], [ 15.154755154755151, 48.990918990918999 ], [ 15.135675135675143, 48.991998991998997 ], [ 15.003915003915012, 48.999918999919004 ], [ 14.978714978714976, 48.963918963918957 ], [ 14.972594972594976, 48.858618858618854 ], [ 14.954594954594967, 48.791118791118805 ], [ 14.978354978354986, 48.776358776358791 ], [ 14.957474957474972, 48.75979875979877 ], [ 14.858114858114845, 48.781038781038774 ], [ 14.775674775674787, 48.725238725238739 ], [ 14.723474723474737, 48.674658674658673 ], [ 14.70511470511471, 48.581958581958588 ], [ 14.666234666234658, 48.581958581958588 ], [ 14.458514458514458, 48.642978642978647 ], [ 14.444834444834441, 48.60967860967861 ], [ 14.348354348354349, 48.560538560538561 ], [ 14.299034299034304, 48.567558567558564 ], [ 14.067554067554056, 48.602478602478612 ], [ 14.012114012114012, 48.638118638118641 ], [ 14.060354060354058, 48.674118674118688 ], [ 13.786393786393802, 48.829998829998829 ], [ 13.809073809073823, 48.606438606438616 ], [ 13.738153738153727, 48.528318528318522 ], [ 13.720153720153718, 48.510318510318513 ], [ 13.50523350523352, 48.584658584658598 ], [ 13.455193455193466, 48.476658476658486 ], [ 13.429993429993431, 48.3961983961984 ], [ 13.321993321993318, 48.353538353538369 ], [ 13.181233181233182, 48.296478296478284 ], [ 13.166833166833158, 48.291618291618306 ], [ 13.09591309591309, 48.263538263538265 ], [ 13.01491301491302, 48.243558243558255 ], [ 12.966672966672974, 48.199998199998191 ], [ 12.865872865872859, 48.183258183258175 ], [ 12.834552834552824, 48.164358164358163 ], [ 12.770112770112775, 48.127818127818131 ], [ 12.760032760032772, 48.072738072738076 ], [ 12.855432855432866, 48.017838017838017 ], [ 12.883512883512878, 47.962217962217977 ], [ 12.94039294039294, 47.947457947457934 ], [ 12.942192942192946, 47.928557928557922 ], [ 13.012033012033015, 47.850617850617851 ], [ 12.941832941832956, 47.773037773037771 ], [ 12.944712944712933, 47.756657756657745 ], [ 12.908712908712914, 47.730017730017721 ], [ 12.930672930672927, 47.712557712557725 ], [ 13.040833040833036, 47.714177714177708 ], [ 13.076113076113074, 47.689517689517686 ], [ 13.099873099873093, 47.636417636417633 ], [ 13.07287307287308, 47.611577611577616 ], [ 13.069993069993075, 47.587457587457578 ], [ 13.041913041913034, 47.57755757755757 ], [ 13.058113058113065, 47.564237564237573 ], [ 13.036513036513043, 47.53723753723753 ], [ 13.046953046953035, 47.497817497817493 ], [ 13.010593010592999, 47.472437472437463 ], [ 12.982512982512986, 47.486477486477497 ], [ 12.967032967032964, 47.480537480537492 ], [ 12.893592893592881, 47.511317511317515 ], [ 12.847152847152842, 47.550557550557556 ], [ 12.808272808272818, 47.551637551637555 ], [ 12.782352782352774, 47.58331758331758 ], [ 12.821952821952834, 47.611397611397621 ], [ 12.776232776232774, 47.636057636057643 ], [ 12.76759276759276, 47.655497655497669 ], [ 12.778392778392771, 47.673677673677673 ], [ 12.766512766512761, 47.683397683397686 ], [ 12.744552744552749, 47.70697770697771 ], [ 12.593712593712581, 47.688077688077698 ], [ 12.511992511992503, 47.677457677457681 ], [ 12.463752463752456, 47.671337671337682 ], [ 12.232272232272237, 47.641637641637629 ], [ 12.200592200592212, 47.637137637137641 ], [ 12.164592164592165, 47.63281763281762 ], [ 12.061272061272064, 47.619137619137632 ], [ 12.047592047592047, 47.610857610857607 ], [ 11.783351783351776, 47.587817587817597 ], [ 11.606591606591621, 47.581337581337579 ], [ 11.496071496071494, 47.486657486657492 ], [ 11.493911493911497, 47.485037485037481 ], [ 11.339471339471345, 47.352197352197351 ], [ 11.106551106551109, 47.352197352197351 ], [ 10.999270999271005, 47.413397413397405 ], [ 10.983790983790982, 47.422217422217415 ], [ 10.844830844830852, 47.501417501417507 ], [ 10.729270729270723, 47.523377523377519 ], [ 10.714510714510709, 47.542457542457555 ], [ 10.665910665910673, 47.552717552717553 ], [ 10.488790488790499, 47.566037566037579 ], [ 10.449910449910448, 47.58331758331758 ], [ 10.445230445230436, 47.525537525537516 ], [ 10.441270441270433, 47.477837477837483 ], [ 10.434070434070435, 47.394497394497392 ], [ 10.433350433350427, 47.383337383337391 ], [ 10.342630342630343, 47.310797310797312 ], [ 10.3105903105903, 47.306657306657314 ], [ 10.237510237510236, 47.27695727695729 ], [ 10.174870174870165, 47.270837270837262 ], [ 10.197910197910204, 47.333117333117343 ], [ 10.216630216630222, 47.383337383337391 ], [ 10.083430083430073, 47.448857448857439 ], [ 10.085950085950088, 47.506457506457508 ], [ 9.947709947709939, 47.517437517437514 ], [ 9.816669816669815, 47.54911754911754 ], [ 9.801189801189793, 47.569997569997582 ], [ 9.783189783189783, 47.593037593037593 ], [ 9.762669762669759, 47.582237582237582 ], [ 9.73314973314973, 47.533637533637545 ], [ 9.553509553509542, 47.529677529677542 ], [ 9.575109575109565, 47.489177489177479 ], [ 9.615429615429605, 47.447237447237455 ], [ 9.651789651789642, 47.408357408357404 ], [ 9.672669672669684, 47.393417393417394 ], [ 9.616509616509632, 47.369117369117362 ], [ 9.598509598509594, 47.355077355077356 ], [ 9.583029583029571, 47.310797310797312 ], [ 9.536589536589531, 47.269217269217279 ], [ 9.611109611109612, 47.158337158337162 ], [ 9.614349614349607, 47.15329715329716 ], [ 9.630549630549638, 47.130257130257121 ], [ 9.581229581229593, 47.052857052857064 ], [ 9.593469593469592, 47.049977049977059 ], [ 9.81990981990981, 47.021357021357034 ], [ 10.115830115830107, 46.843876843876842 ], [ 10.150390150390166, 46.810576810576805 ], [ 10.274950274950271, 46.910836910836906 ], [ 10.389430389430402, 47.000837000837009 ], [ 10.488790488790499, 46.948816948816955 ], [ 10.466830466830459, 46.866736866736858 ], [ 10.50571050571051, 46.84729684729686 ], [ 10.547110547110549, 46.851436851436858 ], [ 10.549270549270545, 46.840636840636847 ], [ 10.667350667350661, 46.875556875556867 ], [ 10.6965106965107, 46.849996849996842 ], [ 10.757350757350764, 46.830916830916834 ], [ 10.726750726750737, 46.797976797976787 ], [ 10.732870732870737, 46.793836793836789 ], [ 10.745470745470755, 46.791316791316802 ], [ 10.790110790110788, 46.795636795636796 ], [ 10.808470808470815, 46.778356778356766 ], [ 10.876510876510878, 46.767196767196765 ], [ 10.972630972630981, 46.76971676971678 ], [ 11.015831015831026, 46.770256770256765 ], [ 11.037431037431048, 46.794196794196807 ], [ 11.062271062271066, 46.813636813636805 ], [ 11.06515106515107, 46.860796860796853 ], [ 11.210591210591218, 46.943956943956948 ], [ 11.253431253431245, 46.974916974916965 ], [ 11.356391356391356, 46.979236979236987 ], [ 11.37655137655139, 46.979956979956995 ], [ 11.448911448911446, 46.987516987516983 ], [ 11.526311526311531, 47.018297018297005 ], [ 11.690111690111678, 47.017217017217007 ], [ 11.750951750951742, 47.016857016857017 ], [ 11.854991854991852, 47.002817002817011 ], [ 11.857511857511867, 47.016137016137009 ], [ 11.98891198891198, 47.047277047277049 ], [ 12.188712188712202, 47.086877086877081 ], [ 12.233352233352235, 47.066717066717075 ], [ 12.191592191592207, 47.024957024957018 ], [ 12.127872127872138, 46.999936999937006 ], [ 12.158472158472165, 46.906336906336918 ], [ 12.216792216792214, 46.877176877176879 ], [ 12.286272286272293, 46.870876870876884 ], [ 12.307872307872316, 46.824976824976829 ], [ 12.281232281232292, 46.802476802476804 ], [ 12.477072477072483, 46.675756675756674 ], [ 12.915192915192904, 46.607536607536616 ], [ 13.168633168633164, 46.588816588816599 ], [ 13.236313236313237, 46.558396558396566 ], [ 13.316233316233308, 46.556416556416565 ], [ 13.333153333153348, 46.561096561096548 ], [ 13.379593379593388, 46.563616563616563 ], [ 13.396513396513399, 46.573876573876561 ], [ 13.569313569313579, 46.541476541476555 ], [ 13.714033714033718, 46.523116523116528 ], [ 13.832473832473823, 46.516456516456515 ], [ 13.912393912393924, 46.520776520776508 ], [ 13.960273960273952, 46.498816498816495 ], [ 14.032634032634036, 46.489456489456501 ], [ 14.085194085194075, 46.481356481356471 ], [ 14.115794115794131, 46.477756477756486 ], [ 14.176994176994185, 46.433116433116425 ], [ 14.296514296514289, 46.428616428616436 ], [ 14.327114327114316, 46.427536427536438 ], [ 14.365994365994368, 46.435816435816434 ], [ 14.389754389754387, 46.442296442296453 ], [ 14.410274410274411, 46.446616446616446 ], [ 14.438354438354452, 46.443376443376451 ], [ 14.446274446274458, 46.421956421956423 ], [ 14.515754515754509, 46.423396423396412 ], [ 14.565794565794562, 46.374796374796375 ], [ 14.592434592434586, 46.436896436896433 ], [ 14.625194625194638, 46.449676449676446 ], [ 14.6993546993547, 46.478836478836485 ], [ 14.749034749034763, 46.49827649827651 ], [ 14.775314775314769, 46.514116514116523 ], [ 14.83255483255482, 46.549756549756552 ], [ 14.858474858474864, 46.591696591696603 ], [ 14.865674865674862, 46.604476604476616 ], [ 14.922194922194933, 46.609696609696613 ] ] ] } },
{ "type": "Feature", "properties": { "designator": "LPPC", "type": "FIR", "upper": null, "lower": 0.0, "name": "Lisboa FIR" }, "geometry": { "type": "Polygon", "coordinates": [ [ [ -6.566586566586579, 41.93329193329194 ], [ -6.624906624906629, 41.941751941751932 ], [ -7.116307116307127, 41.93671193671193 ], [ -7.117027117027106, 41.93635193635194 ], [ -7.266787266787276, 41.852831852831855 ], [ -7.472707472707469, 41.830511830511824 ], [ -7.604827604827591, 41.855531855531865 ], [ -7.775827775827764, 41.908631908631918 ], [ -8.081108081108084, 41.81503181503183 ], [ -8.228348228348239, 42.139752139752147 ], [ -8.563508563508549, 42.068112068112072 ], [ -8.843588843588833, 41.867411867411874 ], [ -8.926748926748928, 41.872811872811866 ], [ -9.010269010269013, 41.883071883071892 ], [ -9.036549036549047, 41.886131886131892 ], [ -9.361989361989373, 41.925551925551929 ], [ -9.400149400149388, 41.93329193329194 ], [ -9.999909999909988, 42.000072000072009 ], [ -10.067950067950079, 42.023832023832028 ], [ -10.396270396270381, 42.138312138312131 ], [ -10.816030816030803, 42.28303228303227 ], [ -12.000072000072009, 42.678852678852678 ], [ -12.500112500112493, 42.83329283329283 ], [ -13.000153000153006, 42.999972999973011 ], [ -13.999873999874012, 42.499932499932498 ], [ -14.999954999955008, 42.000072000072009 ], [ -14.999954999955008, 40.999990999991013 ], [ -14.999954999955008, 40.000090000090012 ], [ -14.999954999955008, 39.500049500049499 ], [ -14.999954999955008, 39.000009000008987 ], [ -14.999954999955008, 38.499968499968503 ], [ -14.999954999955008, 37.999927999928005 ], [ -14.999954999955008, 37.000027000027004 ], [ -14.999954999955008, 36.499986499986505 ], [ -15.390195390195402, 36.19452619452619 ], [ -16.234396234396229, 35.520605520605528 ], [ -17.800037800037785, 34.166644166644161 ], [ -18.069318069318058, 33.925083925083925 ], [ -18.400158400158404, 32.983322983322978 ], [ -18.130158130158122, 32.331182331182333 ], [ -17.716517716517728, 31.833301833301832 ], [ -17.456957456957468, 31.683001683001677 ], [ -17.416637416637428, 31.650061650061645 ], [ -16.995076995077, 31.5024615024615 ], [ -16.940716940716953, 31.483021483021489 ], [ -16.799956799956789, 31.450081450081456 ], [ -16.55695655695655, 31.406881406881411 ], [ -16.032796032796028, 31.421461421461416 ], [ -15.74335574335575, 31.48230148230148 ], [ -15.674595674595679, 31.502821502821504 ], [ -15.606555606555617, 31.52532152532153 ], [ -15.539955539955542, 31.549981549981553 ], [ -15.474075474075477, 31.576621576621577 ], [ -15.346275346275348, 31.636381636381643 ], [ -15.283995283995296, 31.669141669141666 ], [ -15.223515223515221, 31.70730170730171 ], [ -15.164835164835154, 31.740601740601747 ], [ -15.107235107235113, 31.778941778941785 ], [ -15.05143505143505, 31.819081819081816 ], [ -14.997434997434993, 31.861021861021868 ], [ -14.945234945234944, 31.904761904761912 ], [ -14.801234801234813, 31.999981999981998 ], [ -14.713754713754724, 32.14560214560214 ], [ -14.674154674154664, 32.197982197982199 ], [ -14.616554616554623, 32.250002250002254 ], [ -14.123354123354119, 33.000063000062994 ], [ -13.979713979713978, 33.190323190323184 ], [ -13.427113427113426, 33.999963999963995 ], [ -12.711792711792697, 35.000045000045006 ], [ -12.312552312552299, 35.546345546345549 ], [ -12.000072000072009, 35.96664596664597 ], [ -11.448191448191437, 35.96664596664597 ], [ -11.279711279711279, 35.96664596664597 ], [ -10.935550935550935, 35.96664596664597 ], [ -10.733230733230727, 35.96664596664597 ], [ -10.22347022347023, 35.96664596664597 ], [ -10.023310023310017, 35.96664596664597 ], [ -9.629469629469639, 35.96664596664597 ], [ -9.572949572949568, 35.96664596664597 ], [ -9.545229545229546, 35.96664596664597 ], [ -9.372069372069376, 35.96664596664597 ], [ -9.250029250029257, 35.96664596664597 ], [ -8.950148950148957, 35.96664596664597 ], [ -8.31402831402832, 35.96664596664597 ], [ -8.000108000107986, 35.96664596664597 ], [ -7.883467883467887, 35.96664596664597 ], [ -7.616707616707629, 35.96664596664597 ], [ -7.383427383427374, 35.96664596664597 ], [ -7.383427383427374, 36.026586026586031 ], [ -7.383427383427374, 36.666666666666671 ], [ -7.383427383427374, 36.766746766746763 ], [ -7.383427383427374, 36.833346833346837 ], [ -7.383427383427374, 36.916686916686913 ], [ -7.383427383427374, 37.036747036747045 ], [ -7.383427383427374, 37.076167076167081 ], [ -7.383427383427374, 37.12890712890713 ], [ -7.428787428787416, 37.245907245907247 ], [ -7.421227421227428, 37.346347346347343 ], [ -7.443187443187441, 37.41744741744742 ], [ -7.500067500067502, 37.583407583407578 ], [ -7.316827316827329, 37.824967824967828 ], [ -7.248067248067258, 37.895527895527891 ], [ -7.125667125667121, 38.000828000827994 ], [ -7.101187101187094, 38.021348021348018 ], [ -7.000027000026989, 38.083268083268081 ], [ -7.019827019827005, 38.124668124668119 ], [ -7.000027000026989, 38.15004815004815 ], [ -7.167427167427178, 38.346068346068336 ], [ -7.299907299907289, 38.500328500328493 ], [ -7.28190728190728, 38.552528552528543 ], [ -7.249867249867236, 38.633348633348646 ], [ -7.219987219987217, 38.731448731448722 ], [ -7.150147150147149, 38.800028800028798 ], [ -7.06842706842707, 38.897768897768913 ], [ -6.973746973746984, 39.000009000008987 ], [ -6.955386955386956, 39.022509022509013 ], [ -6.963666963666952, 39.037449037449051 ], [ -6.964746964746951, 39.056889056889048 ], [ -6.975186975186972, 39.073809073809088 ], [ -7.010107010107021, 39.103689103689106 ], [ -7.01658701658701, 39.116649116649114 ], [ -7.02846702846702, 39.108909108909103 ], [ -7.060147060147045, 39.125289125289129 ], [ -7.150147150147149, 39.161109161109152 ], [ -7.223227223227212, 39.21942921942923 ], [ -7.302427302427304, 39.329949329949329 ], [ -7.366507366507363, 39.52884952884952 ], [ -7.386667386667398, 39.538929538929551 ], [ -7.50078750078751, 39.663129663129666 ], [ -7.030627030627016, 39.66672966672968 ], [ -7.000027000026989, 39.66672966672968 ], [ -7.000027000026989, 39.686169686169677 ], [ -6.873666873666878, 39.876429876429881 ], [ -6.873666873666878, 39.893529893529887 ], [ -6.874386874386886, 39.994509994509997 ], [ -6.992106992106983, 40.12555012555012 ], [ -6.783306783306784, 40.363870363870376 ], [ -6.818226818226805, 40.399510399510405 ], [ -6.799866799866805, 40.516690516690517 ], [ -6.72282672282671, 40.622710622710628 ], [ -6.766746766746763, 40.666630666630681 ], [ -6.816786816786816, 40.766170766170774 ], [ -6.833346833346837, 40.833310833310833 ], [ -6.777186777186785, 41.129771129771143 ], [ -6.392346392346383, 41.37997137997138 ], [ -6.280026280026277, 41.483111483111486 ], [ -6.250146250146258, 41.583371583371587 ], [ -6.37038637038637, 41.673551673551685 ], [ -6.499266499266497, 41.76967176967176 ], [ -6.566586566586579, 41.93329193329194 ] ] ] } },
{ "type": "Feature", "properties": { "designator": "LPPO", "type": "FIR", "upper": null, "lower": 0.0, "name": "Santa Maria FIR" }, "geometry": { "type": "Polygon", "coordinates": [ [ [ -25.000045000044992, 28.999918999919004 ], [ -25.000045000044992, 30.0 ], [ -23.999963999963995, 30.0 ], [ -22.999882999882999, 30.0 ], [ -22.000162000161993, 30.0 ], [ -21.000081000080996, 30.0 ], [ -20.391680391680381, 30.0 ], [ -20.0, 30.0 ], [ -17.456957456957468, 31.683001683001677 ], [ -17.716517716517728, 31.833301833301832 ], [ -18.130158130158122, 32.331182331182333 ], [ -18.400158400158404, 32.983322983322978 ], [ -18.069318069318058, 33.925083925083925 ], [ -17.800037800037785, 34.166644166644161 ], [ -16.234396234396229, 35.520605520605528 ], [ -15.390195390195402, 36.19452619452619 ], [ -14.999954999955008, 36.499986499986505 ], [ -14.999954999955008, 37.000027000027004 ], [ -14.999954999955008, 37.999927999928005 ], [ -14.999954999955008, 38.499968499968503 ], [ -14.999954999955008, 39.000009000008987 ], [ -14.999954999955008, 39.500049500049499 ], [ -14.999954999955008, 40.000090000090012 ], [ -14.999954999955008, 40.999990999991013 ], [ -14.999954999955008, 42.000072000072009 ], [ -13.999873999874012, 42.499932499932498 ], [ -13.000153000153006, 42.999972999973011 ], [ -13.000153000153006, 43.27717327717329 ], [ -13.000153000153006, 43.500013500013495 ], [ -13.000153000153006, 44.000054000054007 ], [ -13.000153000153006, 44.304794304794314 ], [ -13.000153000153006, 44.499914499914496 ], [ -13.000153000153006, 44.636714636714629 ], [ -13.000153000153006, 44.833274833274828 ], [ -13.000153000153006, 44.916614916614918 ], [ -13.000153000153006, 44.999954999955008 ], [ -13.294273294273296, 44.999954999955008 ], [ -13.416673416673405, 44.999954999955008 ], [ -13.4998334998335, 44.999954999955008 ], [ -13.683433683433691, 44.999954999955008 ], [ -13.999873999874012, 44.999954999955008 ], [ -14.383274383274369, 44.999954999955008 ], [ -14.499914499914496, 44.999954999955008 ], [ -14.518994518994532, 44.999954999955008 ], [ -14.999954999955008, 44.999954999955008 ], [ -15.190395190395179, 44.999954999955008 ], [ -15.499995499995492, 44.999954999955008 ], [ -16.000036000036005, 44.999954999955008 ], [ -16.500076500076489, 44.999954999955008 ], [ -17.000117000117001, 44.999954999955008 ], [ -17.500157500157485, 44.999954999955008 ], [ -17.999837999838007, 44.999954999955008 ], [ -18.458478458478453, 44.999954999955008 ], [ -18.499878499878491, 44.999954999955008 ], [ -18.999918999919004, 44.999954999955008 ], [ -19.248679248679252, 44.999954999955008 ], [ -19.499959499959488, 44.999954999955008 ], [ -20.0, 44.999954999955008 ], [ -20.500040500040512, 44.999954999955008 ], [ -21.000081000080996, 44.999954999955008 ], [ -21.500121500121509, 44.999954999955008 ], [ -22.000162000161993, 44.999954999955008 ], [ -22.499842499842487, 44.999954999955008 ], [ -22.999882999882999, 44.999954999955008 ], [ -23.499923499923511, 44.999954999955008 ], [ -23.999963999963995, 44.999954999955008 ], [ -24.500004500004508, 44.999954999955008 ], [ -25.000045000044992, 44.999954999955008 ], [ -25.500085500085504, 44.999954999955008 ], [ -26.000126000125988, 44.999954999955008 ], [ -26.5001665001665, 44.999954999955008 ], [ -26.999846999846994, 44.999954999955008 ], [ -27.499887499887507, 44.999954999955008 ], [ -27.999927999927991, 44.999954999955008 ], [ -28.499968499968503, 44.999954999955008 ], [ -29.000009000008987, 44.999954999955008 ], [ -29.500049500049499, 44.999954999955008 ], [ -30.000090000090012, 44.999954999955008 ], [ -30.11673011673011, 44.999954999955008 ], [ -30.333450333450344, 44.999954999955008 ], [ -38.000018000018002, 44.999954999955008 ], [ -40.000180000179995, 44.999954999955008 ], [ -40.000180000179995, 40.719910719910729 ], [ -40.000180000179995, 40.220590220590225 ], [ -40.000180000179995, 38.301968301968316 ], [ -40.000180000179995, 37.801747801747808 ], [ -40.000180000179995, 30.0 ], [ -40.000180000179995, 26.999936999937006 ], [ -40.000180000179995, 22.299952299952295 ], [ -39.247059247059241, 20.744750744750746 ], [ -38.595458595458581, 19.370629370629374 ], [ -38.172818172818182, 18.46396846396847 ], [ -37.49997749997749, 17.000027000027004 ], [ -35.446535446535449, 18.254088254088259 ], [ -33.567333567333577, 19.367569367569374 ], [ -31.72053172053171, 20.428310428310425 ], [ -30.771210771210775, 20.960210960210958 ], [ -29.799929799929799, 21.496071496071494 ], [ -28.538128538128547, 22.177012177012173 ], [ -27.505647505647516, 22.720792720792716 ], [ -26.541566541566539, 23.221733221733217 ], [ -25.000045000044992, 24.000054000054007 ], [ -25.000045000044992, 24.999954999954994 ], [ -25.000045000044992, 26.000036000036005 ], [ -25.000045000044992, 26.999936999937006 ], [ -25.000045000044992, 28.000018000018002 ], [ -25.000045000044992, 28.999918999919004 ] ] ] } },
{ "type": "Feature", "properties": { "designator": "LQSB", "type": "FIR", "upper": 245.0, "lower": 0.0, "name": "Sarajevo FIR" }, "geometry": { "type": "Polygon", "coordinates": [ [ [ 19.077679077679079, 43.308133308133307 ], [ 19.216639216639209, 43.333333333333343 ], [ 18.944118944118941, 43.517293517293524 ], [ 19.144279144279153, 43.53169353169352 ], [ 19.499959499959488, 43.583353583353585 ], [ 19.52659952659954, 43.674973674973671 ], [ 19.534879534879536, 43.691713691713687 ], [ 19.504279504279509, 43.718533718533706 ], [ 19.358479358479372, 43.869373869373874 ], [ 19.300159300159294, 44.000054000054007 ], [ 19.466839466839474, 43.96675396675397 ], [ 19.606879606879602, 44.008334008334003 ], [ 19.616599616599615, 44.045774045774039 ], [ 19.586719586719596, 44.065034065034069 ], [ 19.560439560439562, 44.070794070794079 ], [ 19.466839466839474, 44.133254133254127 ], [ 19.364959364959361, 44.184914184914192 ], [ 19.122319122319112, 44.31883431883432 ], [ 19.102159102159106, 44.352854352854365 ], [ 19.105039105039111, 44.596394596394589 ], [ 19.217359217359217, 44.649134649134652 ], [ 19.298719298719305, 44.687294687294695 ], [ 19.30735930735932, 44.713034713034716 ], [ 19.364239364239353, 44.885834885834896 ], [ 19.033399033399036, 44.850014850014844 ], [ 19.009639009639017, 44.871434871434872 ], [ 18.986958986958996, 44.850914850914847 ], [ 18.833238833238823, 44.850014850014844 ], [ 18.727398727398736, 44.999234999235 ], [ 18.666558666558672, 45.08329508329507 ], [ 18.381798381798376, 45.102015102015116 ], [ 18.330678330678325, 45.105255105255111 ], [ 18.244278244278235, 45.145035145035138 ], [ 18.217638217638211, 45.131175131175127 ], [ 18.216558216558212, 45.116055116055122 ], [ 18.215478215478214, 45.093015093015083 ], [ 18.127278127278117, 45.080775080775084 ], [ 18.064638064638075, 45.133335133335123 ], [ 18.045198045198049, 45.139995139995136 ], [ 17.964917964917959, 45.114435114435111 ], [ 17.959517959517967, 45.114435114435111 ], [ 17.891837891837895, 45.061335061335058 ], [ 17.861597861597858, 45.044775044775037 ], [ 17.839277839277827, 45.044415044415047 ], [ 17.662877662877662, 45.116595116595107 ], [ 17.551277551277565, 45.116595116595107 ], [ 17.517077517077524, 45.103275103275109 ], [ 17.495837495837492, 45.113355113355112 ], [ 17.485757485757489, 45.13783513783514 ], [ 17.45587745587747, 45.12937512937512 ], [ 17.451197451197459, 45.157995157995146 ], [ 17.408717408717422, 45.134415134415121 ], [ 17.399357399357399, 45.134955134955135 ], [ 17.366957366957365, 45.13477513477514 ], [ 17.356877356877362, 45.140355140355155 ], [ 17.29531729531729, 45.173655173655163 ], [ 17.253197253197243, 45.152775152775149 ], [ 17.23159723159722, 45.141435141435153 ], [ 17.180117180117179, 45.146475146475154 ], [ 17.163917163917176, 45.153315153315162 ], [ 17.071757071757077, 45.199215199215189 ], [ 17.015237015237005, 45.22729522729523 ], [ 16.946836946836953, 45.239175239175239 ], [ 16.944316944316938, 45.238635238635226 ], [ 16.838476838476851, 45.217215217215227 ], [ 16.786276786276801, 45.190035190035189 ], [ 16.734436734436741, 45.195615195615204 ], [ 16.675756675756674, 45.201375201375214 ], [ 16.554436554436563, 45.221715221715215 ], [ 16.525996525996533, 45.224415224415225 ], [ 16.51015651015652, 45.2130752130752 ], [ 16.489276489276477, 45.197775197775201 ], [ 16.465156465156468, 45.145215145215133 ], [ 16.441036441036431, 45.130275130275123 ], [ 16.378396378396388, 45.05143505143505 ], [ 16.304956304956306, 44.996714996714985 ], [ 16.28515628515629, 45.006615006615021 ], [ 15.933435933435931, 45.216675216675213 ], [ 15.907515907515915, 45.223875223875211 ], [ 15.889875889875896, 45.220815220815211 ], [ 15.797355797355806, 45.195615195615204 ], [ 15.758475758475754, 45.17779517779519 ], [ 15.74371574371574, 45.14089514089514 ], [ 15.749475749475749, 45.092475092475098 ], [ 15.722115722115717, 45.04225504225505 ], [ 15.745155745155756, 45.010215010215006 ], [ 15.768915768915775, 44.999954999955008 ], [ 15.768195768195767, 44.982854982854974 ], [ 15.74335574335575, 44.942174942174944 ], [ 15.749835749835739, 44.900054900054897 ], [ 15.769275769275765, 44.771174771174771 ], [ 15.969435969435978, 44.678834678834676 ], [ 16.143316143316156, 44.44825444825446 ], [ 16.274356274356279, 44.167454167454167 ], [ 16.303516303516318, 44.149994149994143 ], [ 16.313236313236303, 44.130014130014132 ], [ 16.482796482796488, 44.029394029394041 ], [ 16.671076671076662, 43.876033876033887 ], [ 16.721836721836723, 43.823833823833837 ], [ 16.747396747396749, 43.801693801693801 ], [ 16.822636822636838, 43.736713736713739 ], [ 16.946836946836953, 43.633393633393638 ], [ 17.040077040077051, 43.558693558693562 ], [ 17.125037125037124, 43.516933516933506 ], [ 17.199557199557205, 43.495873495873496 ], [ 17.215397215397218, 43.496593496593505 ], [ 17.244197244197238, 43.484533484533472 ], [ 17.280557280557275, 43.468873468873483 ], [ 17.289917289917298, 43.457533457533458 ], [ 17.27731727731728, 43.351693351693342 ], [ 17.288117288117292, 43.305253305253302 ], [ 17.305397305397321, 43.24027324027324 ], [ 17.430677430677434, 43.180333180333179 ], [ 17.661797661797664, 43.041733041733039 ], [ 17.699957699957707, 42.949932949932958 ], [ 17.543357543357558, 42.905292905292896 ], [ 17.7103977103977, 42.840312840312833 ], [ 17.833157833157827, 42.866592866592867 ], [ 17.84899784899784, 42.856152856152846 ], [ 18.249318249318264, 42.602532602532591 ], [ 18.306558306558316, 42.614772614772619 ], [ 18.438318438318447, 42.540072540072543 ], [ 18.440118440118454, 42.555552555552566 ], [ 18.553158553158568, 42.583272583272588 ], [ 18.498438498438503, 42.995472995472994 ], [ 18.666558666558672, 43.033273033273048 ], [ 18.761238761238758, 43.293013293013303 ], [ 18.916758916758909, 43.333333333333343 ], [ 19.049959049959057, 43.249993249993253 ], [ 19.077679077679079, 43.308133308133307 ] ] ] } },
{ "type": "Feature", "properties": { "designator": "LRBB", "type": "FIR", "upper": null, "lower": 0.0, "name": "Bucarest FIR" }, "geometry": { "type": "Polygon", "coordinates": [ [ [ 24.559764559764574, 43.755793755793746 ], [ 24.696564696564707, 43.69801369801371 ], [ 24.849924849924861, 43.699993699993712 ], [ 25.13324513324514, 43.695493695493695 ], [ 25.316845316845331, 43.649953649953659 ], [ 25.362925362925353, 43.633573633573633 ], [ 25.418365418365426, 43.626373626373635 ], [ 25.546525546525544, 43.637173637173646 ], [ 25.628965628965631, 43.674433674433686 ], [ 25.640125640125632, 43.683253683253696 ], [ 25.64624564624566, 43.695493695493695 ], [ 25.816525816525825, 43.750033750033765 ], [ 25.952965952965968, 43.863613863613864 ], [ 25.976005976005979, 43.870273870273877 ], [ 26.000126000125988, 43.88341388341388 ], [ 26.216846216846221, 43.983313983313991 ], [ 26.498366498366494, 44.051714051714043 ], [ 26.575046575046571, 44.056754056754045 ], [ 26.662526662526659, 44.063954063954071 ], [ 26.826686826686824, 44.082134082134075 ], [ 26.922086922086919, 44.107694107694101 ], [ 26.991566991566998, 44.133254133254127 ], [ 27.016767016767005, 44.140634140634148 ], [ 27.137367137367136, 44.150534150534156 ], [ 27.214047214047213, 44.126414126414119 ], [ 27.277767277767282, 44.134514134514149 ], [ 27.303327303327308, 44.085554085554094 ], [ 27.369927369927382, 44.066654066654081 ], [ 27.408447408447415, 44.028134028134019 ], [ 27.500607500607515, 44.034794034794032 ], [ 27.61904761904762, 44.023814023814026 ], [ 27.657207657207664, 44.050634050634045 ], [ 27.731007731007736, 43.961893961893963 ], [ 27.792927792927799, 43.961173961173955 ], [ 27.845847845847857, 43.96945396945398 ], [ 27.903807903807916, 44.007254007254005 ], [ 27.930087930087922, 44.007974007974013 ], [ 27.997767997767994, 43.859113859113847 ], [ 28.014328014328015, 43.846693846693853 ], [ 28.242928242928258, 43.774513774513764 ], [ 28.476928476928492, 43.735273735273722 ], [ 28.501048501048501, 43.735633735633741 ], [ 28.578448578448587, 43.73869373869374 ], [ 28.808488808488818, 43.699993699993712 ], [ 29.000009000009015, 43.666693666693675 ], [ 29.033489033489047, 43.733293733293721 ], [ 29.143289143289138, 43.733293733293721 ], [ 29.150129150129146, 43.733293733293721 ], [ 29.443169443169438, 43.721413721413711 ], [ 29.635409635409644, 43.718353718353711 ], [ 30.533250533250538, 43.683253683253696 ], [ 30.505170505170497, 43.803313803313813 ], [ 30.438570438570451, 44.086454086454097 ], [ 30.400050400050389, 44.250074250074249 ], [ 30.357930357930371, 44.337194337194347 ], [ 30.227610227610228, 44.607014607014605 ], [ 30.169290169290178, 44.712134712134713 ], [ 30.130410130410127, 44.812574812574809 ], [ 30.080010080010084, 44.913014913014905 ], [ 30.050130050130065, 44.976374976374984 ], [ 29.96660996660998, 45.150075150075139 ], [ 29.803169803169794, 45.186615186615199 ], [ 29.66672966672968, 45.216675216675213 ], [ 29.500049500049499, 45.416655416655431 ], [ 29.110889110889104, 45.377415377415389 ], [ 28.723168723168726, 45.225315225315228 ], [ 28.578808578808577, 45.245475245475234 ], [ 28.322128322128322, 45.348075348075355 ], [ 28.304848304848292, 45.365535365535379 ], [ 28.19648819648819, 45.471375471375467 ], [ 28.155088155088151, 45.544995544995544 ], [ 28.089928089928094, 45.606735606735612 ], [ 28.161568161568169, 45.63661563661563 ], [ 28.111168111168126, 45.877275877275878 ], [ 28.096408096408112, 45.941715941715955 ], [ 28.094968094968095, 46.036756036756032 ], [ 28.100008100008097, 46.050076050076058 ], [ 28.123768123768116, 46.192276192276182 ], [ 28.113328113328123, 46.233316233316231 ], [ 28.15004815004815, 46.279936279936294 ], [ 28.205128205128204, 46.315036315036309 ], [ 28.205128205128204, 46.373356373356387 ], [ 28.237888237888228, 46.403056403056411 ], [ 28.251568251568244, 46.446616446616446 ], [ 28.231768231768228, 46.478296478296471 ], [ 28.231768231768228, 46.495036495036487 ], [ 28.223488223488232, 46.514656514656508 ], [ 28.248688248688239, 46.626436626436629 ], [ 28.174888174888167, 46.754956754956766 ], [ 28.166608166608171, 46.781596781596789 ], [ 28.116568116568118, 46.916596916596916 ], [ 28.106128106128097, 46.925776925776916 ], [ 27.858447858447846, 47.10415710415711 ], [ 27.851607851607866, 47.168417168417164 ], [ 27.759447759447767, 47.258957258957253 ], [ 27.643167643167658, 47.310077310077304 ], [ 27.581247581247595, 47.328077328077342 ], [ 27.584127584127572, 47.40673740673742 ], [ 27.553167553167555, 47.428877428877428 ], [ 27.46928746928748, 47.493317493317505 ], [ 27.458487458487468, 47.530037530037532 ], [ 27.413487413487417, 47.586737586737598 ], [ 27.266607266607281, 47.72497772497772 ], [ 27.293247293247305, 47.758277758277757 ], [ 27.25004725004726, 47.771597771597783 ], [ 27.229887229887225, 47.816597816597806 ], [ 27.234927234927227, 47.838377838377852 ], [ 27.21008721008721, 47.890037890037888 ], [ 27.205047205047208, 47.913257913257922 ], [ 27.161487161487173, 47.923337923337925 ], [ 27.178407178407184, 47.951597951597961 ], [ 27.155007155007155, 47.96995796995796 ], [ 27.156807156807162, 47.991737991738006 ], [ 27.096687096687106, 48.019998019998013 ], [ 27.033327033327026, 48.103338103338103 ], [ 27.033327033327026, 48.13663813663814 ], [ 26.971766971766982, 48.141678141678142 ], [ 26.943326943326952, 48.19495819495819 ], [ 26.833166833166842, 48.233298233298228 ], [ 26.623646623646636, 48.250578250578258 ], [ 26.469566469566473, 48.220518220518215 ], [ 26.255366255366255, 48.10783810783812 ], [ 26.180846180846174, 48.068958068958068 ], [ 26.156006156006157, 48.055818055818065 ], [ 26.057726057726057, 48.004158004158 ], [ 25.95836595836596, 47.951597951597961 ], [ 25.777645777645773, 47.940617940617955 ], [ 25.716805716805709, 47.932157932157935 ], [ 25.653445653445658, 47.918837918837909 ], [ 25.166725166725172, 47.866637866637859 ], [ 25.047565047565058, 47.735597735597736 ], [ 24.884124884124873, 47.733257733257744 ], [ 24.583164583164574, 47.964917964917959 ], [ 24.209844209844221, 47.908937908937901 ], [ 23.946323946323957, 47.953577953577962 ], [ 23.894483894483898, 47.94115794115794 ], [ 23.404523404523417, 47.989937989937999 ], [ 23.343323343323334, 48.026658026658026 ], [ 23.099963099963105, 48.016578016578023 ], [ 22.857682857682846, 48.003978003978006 ], [ 22.71044271044272, 47.803277803277808 ], [ 22.442242442242446, 47.793917793917785 ], [ 22.328482328482323, 47.748377748377749 ], [ 22.108162108162105, 47.573597573597567 ], [ 22.055242055242047, 47.520857520857533 ], [ 22.032202032202036, 47.370017370017365 ], [ 21.893241893241907, 47.329697329697325 ], [ 21.860121860121865, 47.248337248337236 ], [ 21.861201861201863, 47.208377208377215 ], [ 21.843201843201854, 47.181197181197177 ], [ 21.809001809001813, 47.158697158697152 ], [ 21.775161775161763, 47.116577116577105 ], [ 21.766521766521777, 47.100017100017112 ], [ 21.698481698481686, 47.058617058617074 ], [ 21.676881676881692, 47.01469701469702 ], [ 21.616761616761607, 46.866736866736858 ], [ 21.576801576801586, 46.857016857016845 ], [ 21.515961515961521, 46.7124767124767 ], [ 21.496521496521495, 46.687456687456688 ], [ 21.414441414441427, 46.63687663687665 ], [ 21.316521316521317, 46.616716616716616 ], [ 21.299961299961296, 46.583416583416579 ], [ 21.266841266841254, 46.51663651663651 ], [ 21.267201267201273, 46.493596493596499 ], [ 21.266841266841254, 46.430596430596438 ], [ 21.255681255681253, 46.419976419976422 ], [ 21.198441198441202, 46.368316368316357 ], [ 21.13040113040114, 46.302256302256296 ], [ 21.104481104481096, 46.262836262836259 ], [ 21.083241083241091, 46.250056250056247 ], [ 20.85356085356085, 46.284256284256287 ], [ 20.708120708120703, 46.163656163656157 ], [ 20.401400401400394, 46.157716157716152 ], [ 20.264240264240271, 46.126396126396116 ], [ 20.623160623160629, 45.85585585585585 ], [ 20.701280701280695, 45.750915750915766 ], [ 20.774000774000768, 45.755595755595749 ], [ 20.7840807840808, 45.786915786915785 ], [ 20.820800820800827, 45.774675774675785 ], [ 20.794160794160803, 45.694935694935708 ], [ 20.806760806760821, 45.658035658035658 ], [ 20.764280764280755, 45.611595611595618 ], [ 20.771840771840772, 45.582255582255584 ], [ 20.801000801000811, 45.582255582255584 ], [ 20.833040833040826, 45.535815535815544 ], [ 20.769320769320757, 45.498915498915494 ], [ 20.771840771840772, 45.488295488295478 ], [ 20.781560781560785, 45.479655479655491 ], [ 20.832320832320846, 45.479115479115478 ], [ 20.934200934200931, 45.395775395775388 ], [ 21.016641016641017, 45.324495324495331 ], [ 21.096201096201099, 45.29641529641529 ], [ 21.120681120681127, 45.3021753021753 ], [ 21.176121176121171, 45.324675324675326 ], [ 21.219321219321216, 45.249255249255242 ], [ 21.270441270441268, 45.232155232155236 ], [ 21.308241308241321, 45.240075240075242 ], [ 21.522081522081521, 45.155295155295164 ], [ 21.409761409761416, 44.988254988254994 ], [ 21.547281547281557, 44.929214929214936 ], [ 21.559881559881575, 44.888534888534878 ], [ 21.481401481401491, 44.869994869994883 ], [ 21.367641367641369, 44.867294867294873 ], [ 21.351801351801356, 44.840474840474855 ], [ 21.358281358281346, 44.821754821754837 ], [ 21.397521397521388, 44.778374778374769 ], [ 21.533241533241522, 44.771714771714784 ], [ 21.5854415854416, 44.760554760554754 ], [ 21.629001629001635, 44.65939465939465 ], [ 21.767601767601775, 44.660474660474648 ], [ 21.988641988642001, 44.635814635814626 ], [ 22.029322029322032, 44.586674586674576 ], [ 22.11068211068212, 44.483354483354475 ], [ 22.166842166842173, 44.47435447435447 ], [ 22.299682299682303, 44.649134649134652 ], [ 22.442962442962454, 44.713034713034716 ], [ 22.565362565362562, 44.643554643554637 ], [ 22.613242613242619, 44.617454617454626 ], [ 22.666522666522667, 44.617814617814616 ], [ 22.712602712602717, 44.599634599634612 ], [ 22.753642753642765, 44.564174564174579 ], [ 22.758682758682767, 44.536634536634551 ], [ 22.694242694242689, 44.516654516654512 ], [ 22.63016263016263, 44.549414549414564 ], [ 22.592362592362605, 44.551034551034547 ], [ 22.570402570402564, 44.538614538614553 ], [ 22.54952254952255, 44.48047448047447 ], [ 22.449442449442444, 44.476334476334472 ], [ 22.55528255528256, 44.311994311994312 ], [ 22.666522666522667, 44.200034200034196 ], [ 23.025083025083035, 44.09995409995409 ], [ 22.850122850122858, 43.866673866673864 ], [ 22.983322983322978, 43.80007380007379 ], [ 23.250083250083264, 43.833373833373827 ], [ 23.49560349560349, 43.811053811053824 ], [ 23.691443691443681, 43.792513792513802 ], [ 23.800163800163801, 43.783333783333774 ], [ 23.82932382932384, 43.775773775773786 ], [ 23.890163890163905, 43.760473760473758 ], [ 23.999963999963995, 43.733293733293721 ], [ 24.090324090324089, 43.716913716913723 ], [ 24.239004239004231, 43.688833688833682 ], [ 24.353484353484362, 43.724473724473739 ], [ 24.53348453348454, 43.766593766593758 ], [ 24.559764559764574, 43.755793755793746 ] ] ] } },
{ "type": "Feature", "properties": { "designator": "LSAS", "type": "FIR", "upper": 195.0, "lower": 0.0, "name": "Switzerland FIR" }, "geometry": { "type": "Polygon", "coordinates": [ [ [ 8.849348849348843, 45.99175599175598 ], [ 8.906588906588894, 45.909495909495917 ], [ 8.968868968868975, 45.851715851715852 ], [ 9.032949032949034, 45.863595863595862 ], [ 9.071829071829086, 45.871335871335873 ], [ 9.035109035109031, 46.024516024516032 ], [ 9.209709209709217, 46.140256140256128 ], [ 9.229869229869223, 46.153576153576154 ], [ 9.293229293229302, 46.208656208656208 ], [ 9.282429282429291, 46.309096309096304 ], [ 9.27738927738929, 46.414756414756425 ], [ 9.275229275229265, 46.481896481896484 ], [ 9.362349362349363, 46.509796509796502 ], [ 9.507069507069502, 46.350316350316348 ], [ 9.518949518949512, 46.338976338976352 ], [ 9.551349551349546, 46.306936306936308 ], [ 9.899829899829911, 46.416736416736427 ], [ 10.043470043470052, 46.478296478296471 ], [ 10.063630063630058, 46.505296505296513 ], [ 10.148230148230141, 46.616716616716616 ], [ 10.202230202230197, 46.621936621936612 ], [ 10.216630216630222, 46.633276633276637 ], [ 10.340470340470347, 46.544176544176537 ], [ 10.479070479070486, 46.562176562176575 ], [ 10.404550404550406, 46.736956736956728 ], [ 10.466830466830459, 46.866736866736858 ], [ 10.488790488790499, 46.948816948816955 ], [ 10.389430389430402, 47.000837000837009 ], [ 10.274950274950271, 46.910836910836906 ], [ 10.150390150390166, 46.810576810576805 ], [ 10.115830115830107, 46.843876843876842 ], [ 9.81990981990981, 47.021357021357034 ], [ 9.593469593469592, 47.049977049977059 ], [ 9.581229581229593, 47.052857052857064 ], [ 9.630549630549638, 47.130257130257121 ], [ 9.614349614349607, 47.15329715329716 ], [ 9.611109611109612, 47.158337158337162 ], [ 9.536589536589531, 47.269217269217279 ], [ 9.583029583029571, 47.310797310797312 ], [ 9.598509598509594, 47.355077355077356 ], [ 9.616509616509632, 47.369117369117362 ], [ 9.672669672669684, 47.393417393417394 ], [ 9.651789651789642, 47.408357408357404 ], [ 9.615429615429605, 47.447237447237455 ], [ 9.575109575109565, 47.489177489177479 ], [ 9.553509553509542, 47.529677529677542 ], [ 9.543789543789558, 47.544797544797547 ], [ 9.45126945126944, 47.587457587457578 ], [ 9.233469233469236, 47.658377658377646 ], [ 9.233469233469236, 47.716877716877718 ], [ 9.233469233469236, 47.791577791577794 ], [ 9.120429120429122, 47.789957789957782 ], [ 8.896148896148901, 47.784197784197772 ], [ 8.850068850068851, 47.883377883377875 ], [ 8.616788616788625, 47.833337833337822 ], [ 8.531828531828523, 47.798597798597797 ], [ 8.482508482508479, 47.785277785277799 ], [ 8.416988416988431, 47.772497772497786 ], [ 8.289188289188303, 47.733257733257744 ], [ 8.18154818154818, 47.704097704097705 ], [ 7.880947880947872, 47.622737622737617 ], [ 7.761427761427768, 47.58907758907759 ], [ 7.683307683307675, 47.566577566577564 ], [ 7.579987579987574, 47.603837603837604 ], [ 7.473787473787468, 47.497457497457503 ], [ 7.428787428787416, 47.49115749115748 ], [ 7.381267381267378, 47.413937413937418 ], [ 7.202347202347198, 47.425637425637433 ], [ 7.142227142227142, 47.49997749997749 ], [ 6.989586989586996, 47.49619749619751 ], [ 6.994266994267008, 47.469737469737481 ], [ 6.964746964746979, 47.463077463077468 ], [ 6.899226899226903, 47.381177381177395 ], [ 7.06266706266706, 47.344097344097349 ], [ 7.005787005786999, 47.323577323577325 ], [ 6.954306954306958, 47.243297243297235 ], [ 6.816786816786816, 47.133317133317121 ], [ 6.71670671670671, 47.053397053397049 ], [ 6.64182664182664, 47.024417024417033 ], [ 6.523746523746524, 46.971856971856965 ], [ 6.475866475866468, 46.960336960336974 ], [ 6.432666432666423, 46.925596925596921 ], [ 6.460386460386474, 46.854136854136868 ], [ 6.396666396666404, 46.782136782136774 ], [ 6.441306441306438, 46.759996759996767 ], [ 6.41034641034642, 46.751356751356752 ], [ 6.391626391626403, 46.743256743256751 ], [ 6.322146322146324, 46.711936711936715 ], [ 6.290466290466298, 46.699696699696688 ], [ 6.274986274986276, 46.68331668331669 ], [ 6.250866250866238, 46.671076671076662 ], [ 6.164466164466177, 46.611316611316624 ], [ 6.132426132426133, 46.583056583056589 ], [ 6.090666090666105, 46.546156546156539 ], [ 6.094626094626108, 46.525276525276524 ], [ 6.067626067626065, 46.417456417456407 ], [ 6.123426123426128, 46.332856332856323 ], [ 5.972225972225971, 46.191736191736197 ], [ 5.976185976185974, 46.146196146196161 ], [ 6.004626004626004, 46.143316143316156 ], [ 6.080226080226083, 46.186156186156182 ], [ 6.218466218466233, 46.205056205056195 ], [ 6.293346293346303, 46.320616320616324 ], [ 6.477666477666475, 46.384516384516388 ], [ 6.530586530586532, 46.360036360036361 ], [ 6.659826659826649, 46.365076365076362 ], [ 6.742266742266736, 46.341676341676333 ], [ 6.76818676818678, 46.341136341136348 ], [ 6.784746784746773, 46.340596340596335 ], [ 6.810666810666817, 46.237456237456229 ], [ 6.807066807066803, 46.208116208116195 ], [ 6.807426807426822, 46.141876141876139 ], [ 6.985626985626993, 46.004176004176003 ], [ 7.049347049347062, 45.900315900315888 ], [ 7.097227097227091, 45.877455877455873 ], [ 7.450747450747457, 45.925515925515924 ], [ 7.545427545427543, 45.969975969975962 ], [ 7.721827721827736, 45.932175932175937 ], [ 7.847827847827858, 45.924975924975939 ], [ 7.867987867987864, 45.940815940815952 ], [ 7.877347877347887, 45.954495954495968 ], [ 7.907227907227906, 45.99445599445599 ], [ 7.966627966627982, 46.000036000036005 ], [ 7.980667980667988, 46.018936018936017 ], [ 8.02566802566804, 46.078696078696083 ], [ 8.133308133308134, 46.183276183276178 ], [ 8.080388080388076, 46.260496260496268 ], [ 8.087588087588102, 46.264096264096253 ], [ 8.225468225468234, 46.333396333396337 ], [ 8.319428319428312, 46.387576387576388 ], [ 8.290628290628291, 46.414216414216412 ], [ 8.434268434268432, 46.466056466056472 ], [ 8.443628443628455, 46.279936279936294 ], [ 8.44650844650846, 46.275256275256282 ], [ 8.45910845910845, 46.25365625365626 ], [ 8.476388476388479, 46.24519624519624 ], [ 8.503388503388493, 46.225216225216229 ], [ 8.569628569628577, 46.168696168696158 ], [ 8.665028665028672, 46.104436104436104 ], [ 8.849348849348843, 45.99175599175598 ] ] ] } },
{ "type": "Feature", "properties": { "designator": "LUUU", "type": "FIR", "upper": null, "lower": 0.0, "name": "Chisinau FIR" }, "geometry": { "type": "Polygon", "coordinates": [ [ [ 29.44172944172945, 47.299997299997301 ], [ 29.388809388809392, 47.323037323037312 ], [ 29.332289332289321, 47.443817443817437 ], [ 29.189009189009198, 47.469737469737481 ], [ 29.204849204849211, 47.571437571437571 ], [ 29.223209223209238, 47.727857727857725 ], [ 29.279009279009273, 47.804357804357807 ], [ 29.232929232929223, 47.886617886617898 ], [ 29.14220914220914, 47.992997992997999 ], [ 28.730728730728742, 48.124938124938126 ], [ 27.83792783792785, 48.415638415638426 ], [ 27.828207828207837, 48.421578421578431 ], [ 27.721647721647713, 48.452178452178458 ], [ 27.304047304047316, 48.417978417978418 ], [ 26.812646812646818, 48.414738414738423 ], [ 26.709326709326717, 48.322758322758318 ], [ 26.623646623646636, 48.250578250578258 ], [ 26.833166833166842, 48.233298233298228 ], [ 26.943326943326952, 48.19495819495819 ], [ 26.971766971766982, 48.141678141678142 ], [ 27.033327033327026, 48.13663813663814 ], [ 27.033327033327026, 48.103338103338103 ], [ 27.096687096687106, 48.019998019998013 ], [ 27.156807156807162, 47.991737991738006 ], [ 27.155007155007155, 47.96995796995796 ], [ 27.178407178407184, 47.951597951597961 ], [ 27.161487161487173, 47.923337923337925 ], [ 27.205047205047208, 47.913257913257922 ], [ 27.21008721008721, 47.890037890037888 ], [ 27.234927234927227, 47.838377838377852 ], [ 27.229887229887225, 47.816597816597806 ], [ 27.25004725004726, 47.771597771597783 ], [ 27.293247293247305, 47.758277758277757 ], [ 27.266607266607281, 47.72497772497772 ], [ 27.413487413487417, 47.586737586737598 ], [ 27.458487458487468, 47.530037530037532 ], [ 27.46928746928748, 47.493317493317505 ], [ 27.553167553167555, 47.428877428877428 ], [ 27.584127584127572, 47.40673740673742 ], [ 27.581247581247595, 47.328077328077342 ], [ 27.643167643167658, 47.310077310077304 ], [ 27.759447759447767, 47.258957258957253 ], [ 27.851607851607866, 47.168417168417164 ], [ 27.858447858447846, 47.10415710415711 ], [ 28.106128106128097, 46.925776925776916 ], [ 28.116568116568118, 46.916596916596916 ], [ 28.166608166608171, 46.781596781596789 ], [ 28.174888174888167, 46.754956754956766 ], [ 28.248688248688239, 46.626436626436629 ], [ 28.223488223488232, 46.514656514656508 ], [ 28.231768231768228, 46.495036495036487 ], [ 28.231768231768228, 46.478296478296471 ], [ 28.251568251568244, 46.446616446616446 ], [ 28.237888237888228, 46.403056403056411 ], [ 28.205128205128204, 46.373356373356387 ], [ 28.205128205128204, 46.315036315036309 ], [ 28.15004815004815, 46.279936279936294 ], [ 28.113328113328123, 46.233316233316231 ], [ 28.123768123768116, 46.192276192276182 ], [ 28.100008100008097, 46.050076050076058 ], [ 28.094968094968095, 46.036756036756032 ], [ 28.096408096408112, 45.941715941715955 ], [ 28.111168111168126, 45.877275877275878 ], [ 28.161568161568169, 45.63661563661563 ], [ 28.089928089928094, 45.606735606735612 ], [ 28.155088155088151, 45.544995544995544 ], [ 28.19648819648819, 45.471375471375467 ], [ 28.313488313488307, 45.544455544455559 ], [ 28.435888435888444, 45.488115488115483 ], [ 28.509688509688516, 45.500355500355511 ], [ 28.508608508608518, 45.569655569655566 ], [ 28.546768546768561, 45.597015597015599 ], [ 28.506808506808511, 45.671715671715674 ], [ 28.734328734328727, 45.822015822015828 ], [ 28.865008865008861, 45.975015975015964 ], [ 28.955728955728944, 46.099936099936087 ], [ 29.051489051489057, 46.178596178596166 ], [ 29.088929088929092, 46.520236520236523 ], [ 29.327969327969328, 46.469116469116472 ], [ 29.691929691929687, 46.363276363276356 ], [ 29.675729675729684, 46.404496404496399 ], [ 29.754929754929748, 46.456696456696449 ], [ 29.793089793089791, 46.436356436356448 ], [ 29.829449829449828, 46.381996381996373 ], [ 29.885609885609881, 46.364356364356354 ], [ 29.947529947529944, 46.402696402696392 ], [ 30.000090000090012, 46.385596385596386 ], [ 30.065970065970077, 46.401616401616394 ], [ 30.135450135450128, 46.417276417276412 ], [ 30.126810126810142, 46.424476424476438 ], [ 30.116010116010131, 46.433296433296448 ], [ 30.077130077130079, 46.433836433836433 ], [ 30.071730071730087, 46.451656451656447 ], [ 29.978489978489989, 46.51663651663651 ], [ 29.900009900009906, 46.54471654471655 ], [ 29.943929943929959, 46.648576648576636 ], [ 30.000090000090012, 46.833256833256826 ], [ 29.888489888489886, 46.878076878076882 ], [ 29.876249876249886, 46.878616878616867 ], [ 29.761769761769756, 46.860796860796853 ], [ 29.729009729009732, 46.922176922176931 ], [ 29.578529578529583, 46.950796950796956 ], [ 29.628929628929626, 47.003537003536991 ], [ 29.611289611289607, 47.012717012717019 ], [ 29.622809622809626, 47.075537075537085 ], [ 29.532449532449533, 47.112797112797125 ], [ 29.600849600849614, 47.288117288117292 ], [ 29.585729585729581, 47.371637371637377 ], [ 29.509769509769512, 47.367857367857368 ], [ 29.483489483489478, 47.312237312237301 ], [ 29.44172944172945, 47.299997299997301 ] ] ] } },
{ "type": "Feature", "properties": { "designator": "LWSS", "type": "FIR", "upper": null, "lower": 0.0, "name": "Skopje FIR" }, "geometry": { "type": "Polygon", "coordinates": [ [ [ 21.916641916641908, 41.07667107667109 ], [ 22.000162000161993, 41.133371133371128 ], [ 22.033282033282035, 41.133371133371128 ], [ 22.183402183402194, 41.166671166671165 ], [ 22.208242208242211, 41.17495117495119 ], [ 22.435402435402438, 41.115011115011129 ], [ 22.482202482202496, 41.118071118071128 ], [ 22.516762516762526, 41.12923112923113 ], [ 22.61792261792263, 41.175851175851164 ], [ 22.758322758322748, 41.247311247311245 ], [ 22.79144279144279, 41.329391329391342 ], [ 22.983322983322978, 41.349911349911338 ], [ 22.933282933282925, 41.46673146673146 ], [ 23.033363033363031, 41.71675171675173 ], [ 22.966762966762957, 41.76661176661176 ], [ 22.883242883242872, 41.966591966591977 ], [ 22.605682605682603, 42.096912096912092 ], [ 22.599922599922593, 42.116712116712108 ], [ 22.360162360162349, 42.311112311112311 ], [ 22.242802242802242, 42.308412308412301 ], [ 22.11680211680212, 42.299952299952309 ], [ 22.105642105642119, 42.299412299412296 ], [ 21.783441783441788, 42.283392283392288 ], [ 21.665721665721662, 42.245772245772258 ], [ 21.616761616761607, 42.229932229932217 ], [ 21.397161397161398, 42.159372159372168 ], [ 21.326961326961339, 42.136692136692147 ], [ 21.316521316521317, 42.133272133272129 ], [ 21.055521055521069, 42.11257211257211 ], [ 20.90000090000089, 42.099972099972092 ], [ 20.895680895680897, 42.096912096912092 ], [ 20.5936405936406, 41.876951876951864 ], [ 20.57132057132057, 41.874251874251883 ], [ 20.55944055944056, 41.864711864711865 ], [ 20.55944055944056, 41.824211824211829 ], [ 20.572400572400568, 41.788931788931791 ], [ 20.546840546840542, 41.790011790011789 ], [ 20.532080532080528, 41.776691776691791 ], [ 20.513720513720529, 41.722691722691735 ], [ 20.529560529560541, 41.689391689391698 ], [ 20.529920529920531, 41.669951669951672 ], [ 20.52488052488053, 41.63611163611165 ], [ 20.543600543600547, 41.622971622971619 ], [ 20.557640557640553, 41.582291582291589 ], [ 20.457200457200457, 41.55313155313155 ], [ 20.473400473400488, 41.532251532251536 ], [ 20.452880452880464, 41.51857151857152 ], [ 20.476640476640483, 41.507771507771508 ], [ 20.469080469080467, 41.499671499671507 ], [ 20.493920493920484, 41.491031491031492 ], [ 20.509040509040517, 41.442971442971441 ], [ 20.539640539640544, 41.435591435591448 ], [ 20.561240561240567, 41.402471402471406 ], [ 20.504000504000516, 41.345591345591345 ], [ 20.497880497880487, 41.345231345231355 ], [ 20.494640494640493, 41.332811332811332 ], [ 20.50688050688052, 41.30473130473132 ], [ 20.516240516240515, 41.230211230211239 ], [ 20.582120582120581, 41.156951156951152 ], [ 20.596520596520605, 41.127971127971136 ], [ 20.583200583200579, 41.11159111159111 ], [ 20.60012060012059, 41.091431091431105 ], [ 20.669600669600669, 41.086931086931088 ], [ 20.731520731520732, 40.911610911610921 ], [ 20.805320805320804, 40.896130896130899 ], [ 20.826200826200818, 40.904410904410895 ], [ 20.847080847080861, 40.937170937170947 ], [ 20.912240912240918, 40.915570915570925 ], [ 20.946440946440958, 40.922770922770923 ], [ 20.978840978840992, 40.89775089775091 ], [ 20.98064098064097, 40.855270855270845 ], [ 21.122121122121115, 40.854910854910855 ], [ 21.357921357921356, 40.875610875610874 ], [ 21.428481428481433, 40.923310923310936 ], [ 21.694881694881701, 40.934470934470937 ], [ 21.783441783441788, 40.933390933390939 ], [ 21.916641916641908, 41.07667107667109 ] ] ] } },
{ "type": "Feature", "properties": { "designator": "LYBA", "type": "FIR", "upper": 285.0, "lower": 0.0, "name": "Beograd FIR" }, "geometry": { "type": "Polygon", "coordinates": [ [ [ 21.326961326961339, 42.136692136692147 ], [ 21.397161397161398, 42.159372159372168 ], [ 21.616761616761607, 42.229932229932217 ], [ 21.665721665721662, 42.245772245772258 ], [ 21.783441783441788, 42.283392283392288 ], [ 22.105642105642119, 42.299412299412296 ], [ 22.11680211680212, 42.299952299952309 ], [ 22.242802242802242, 42.308412308412301 ], [ 22.360162360162349, 42.311112311112311 ], [ 22.54988254988254, 42.416592416592408 ], [ 22.554202554202561, 42.473112473112479 ], [ 22.466722466722473, 42.566712566712567 ], [ 22.448002448002455, 42.598392598392593 ], [ 22.444402444402442, 42.800352800352812 ], [ 22.493002493002507, 42.846432846432833 ], [ 22.541602541602543, 42.866592866592867 ], [ 22.592722592722595, 42.894132894132895 ], [ 22.641322641322631, 42.877212877212884 ], [ 22.75076275076276, 42.89161289161288 ], [ 22.79756279756279, 42.972792972792973 ], [ 22.892602892602895, 43.034713034713036 ], [ 22.918162918162921, 43.080073080073078 ], [ 22.983322983322978, 43.112833112833101 ], [ 22.989442989442978, 43.126693126693141 ], [ 22.997362997363012, 43.155853155853151 ], [ 22.999882999882999, 43.166653166653163 ], [ 22.828162828162817, 43.324513324513333 ], [ 22.76840276840278, 43.351333351333352 ], [ 22.76840276840278, 43.374193374193368 ], [ 22.666522666522667, 43.433413433413421 ], [ 22.522882522882526, 43.497853497853498 ], [ 22.488322488322495, 43.566613566613569 ], [ 22.499842499842515, 43.633393633393638 ], [ 22.417762417762418, 43.685773685773682 ], [ 22.36448236448237, 43.798633798633801 ], [ 22.37024237024238, 43.831033831033835 ], [ 22.392202392202393, 43.9122139122139 ], [ 22.433242433242441, 44.000054000054007 ], [ 22.616842616842632, 44.083394083394097 ], [ 22.666522666522667, 44.200034200034196 ], [ 22.55528255528256, 44.311994311994312 ], [ 22.449442449442444, 44.476334476334472 ], [ 22.54952254952255, 44.48047448047447 ], [ 22.570402570402564, 44.538614538614553 ], [ 22.592362592362605, 44.551034551034547 ], [ 22.63016263016263, 44.549414549414564 ], [ 22.694242694242689, 44.516654516654512 ], [ 22.758682758682767, 44.536634536634551 ], [ 22.753642753642765, 44.564174564174579 ], [ 22.712602712602717, 44.599634599634612 ], [ 22.666522666522667, 44.617814617814616 ], [ 22.613242613242619, 44.617454617454626 ], [ 22.565362565362562, 44.643554643554637 ], [ 22.442962442962454, 44.713034713034716 ], [ 22.299682299682303, 44.649134649134652 ], [ 22.166842166842173, 44.47435447435447 ], [ 22.11068211068212, 44.483354483354475 ], [ 22.029322029322032, 44.586674586674576 ], [ 21.988641988642001, 44.635814635814626 ], [ 21.767601767601775, 44.660474660474648 ], [ 21.629001629001635, 44.65939465939465 ], [ 21.5854415854416, 44.760554760554754 ], [ 21.533241533241522, 44.771714771714784 ], [ 21.397521397521388, 44.778374778374769 ], [ 21.358281358281346, 44.821754821754837 ], [ 21.351801351801356, 44.840474840474855 ], [ 21.367641367641369, 44.867294867294873 ], [ 21.481401481401491, 44.869994869994883 ], [ 21.559881559881575, 44.888534888534878 ], [ 21.547281547281557, 44.929214929214936 ], [ 21.409761409761416, 44.988254988254994 ], [ 21.522081522081521, 45.155295155295164 ], [ 21.308241308241321, 45.240075240075242 ], [ 21.270441270441268, 45.232155232155236 ], [ 21.219321219321216, 45.249255249255242 ], [ 21.176121176121171, 45.324675324675326 ], [ 21.120681120681127, 45.3021753021753 ], [ 21.096201096201099, 45.29641529641529 ], [ 21.016641016641017, 45.324495324495331 ], [ 20.934200934200931, 45.395775395775388 ], [ 20.832320832320846, 45.479115479115478 ], [ 20.781560781560785, 45.479655479655491 ], [ 20.771840771840772, 45.488295488295478 ], [ 20.769320769320757, 45.498915498915494 ], [ 20.833040833040826, 45.535815535815544 ], [ 20.801000801000811, 45.582255582255584 ], [ 20.771840771840772, 45.582255582255584 ], [ 20.764280764280755, 45.611595611595618 ], [ 20.806760806760821, 45.658035658035658 ], [ 20.794160794160803, 45.694935694935708 ], [ 20.820800820800827, 45.774675774675785 ], [ 20.7840807840808, 45.786915786915785 ], [ 20.774000774000768, 45.755595755595749 ], [ 20.701280701280695, 45.750915750915766 ], [ 20.623160623160629, 45.85585585585585 ], [ 20.264240264240271, 46.126396126396116 ], [ 20.209880209880225, 46.135756135756139 ], [ 20.182160182160175, 46.160056160056172 ], [ 20.137520137520141, 46.143676143676146 ], [ 20.094320094320096, 46.163836163836152 ], [ 20.064440064440078, 46.144216144216159 ], [ 20.036000036000047, 46.146196146196161 ], [ 20.016560016560021, 46.176436176436169 ], [ 19.938439938439927, 46.17607617607618 ], [ 19.870039870039875, 46.149976149976141 ], [ 19.766719766719774, 46.133416133416148 ], [ 19.725679725679726, 46.168696168696158 ], [ 19.696519696519687, 46.184356184356176 ], [ 19.600039600039594, 46.173916173916183 ], [ 19.537399537399551, 46.153576153576154 ], [ 19.477639477639485, 46.100476100476101 ], [ 19.355959355959357, 46.047196047196053 ], [ 19.283239283239283, 46.000036000036005 ], [ 19.083439083439089, 45.966735966735968 ], [ 18.928998928998936, 45.931635931635924 ], [ 18.850158850158863, 45.899955899955899 ], [ 18.805518805518801, 45.881595881595871 ], [ 18.93331893331893, 45.816615816615808 ], [ 18.96139896139897, 45.671715671715674 ], [ 18.979758979758969, 45.65695565695566 ], [ 18.934398934398928, 45.642195642195645 ], [ 18.951318951318939, 45.625635625635624 ], [ 18.918198918198925, 45.618975618975611 ], [ 18.912438912438915, 45.609795609795611 ], [ 18.936918936918943, 45.605835605835608 ], [ 18.899838899838898, 45.581175581175586 ], [ 18.898758898758899, 45.57055557055557 ], [ 18.931158931158933, 45.56479556479556 ], [ 18.930438930438925, 45.55561555561556 ], [ 19.05967905967907, 45.533295533295529 ], [ 19.133479133479142, 45.508275508275517 ], [ 19.093159093159102, 45.488295488295478 ], [ 19.012879012879011, 45.400635400635394 ], [ 18.999918999919004, 45.350055350055356 ], [ 19.244719244719249, 45.273375273375279 ], [ 19.366759366759368, 45.233415233415229 ], [ 19.400959400959408, 45.232155232155236 ], [ 19.420399420399434, 45.232155232155236 ], [ 19.421839421839422, 45.232155232155236 ], [ 19.449559449559445, 45.182835182835191 ], [ 19.441639441639438, 45.169515169515165 ], [ 19.369279369279383, 45.168615168615162 ], [ 19.351639351639363, 45.179955179955186 ], [ 19.339039339039346, 45.174915174915185 ], [ 19.318519318519321, 45.207495207495214 ], [ 19.292239292239287, 45.204975204975199 ], [ 19.245439245439258, 45.155475155475159 ], [ 19.110079110079113, 45.137295137295126 ], [ 19.077679077679079, 45.126675126675138 ], [ 19.071199071199061, 45.106155106155114 ], [ 19.071199071199061, 45.067815067815076 ], [ 19.095679095679088, 45.004095004095007 ], [ 19.081279081279092, 44.979794979794974 ], [ 19.110799110799121, 44.970074970074961 ], [ 19.141759141759138, 44.979794979794974 ], [ 19.156879156879171, 44.95279495279496 ], [ 19.092439092439093, 44.92165492165492 ], [ 19.078759078759077, 44.897534897534911 ], [ 19.035559035559032, 44.910854910854908 ], [ 19.009639009639017, 44.871434871434872 ], [ 19.033399033399036, 44.850014850014844 ], [ 19.364239364239353, 44.885834885834896 ], [ 19.30735930735932, 44.713034713034716 ], [ 19.298719298719305, 44.687294687294695 ], [ 19.217359217359217, 44.649134649134652 ], [ 19.105039105039111, 44.596394596394589 ], [ 19.102159102159106, 44.352854352854365 ], [ 19.122319122319112, 44.31883431883432 ], [ 19.364959364959361, 44.184914184914192 ], [ 19.466839466839474, 44.133254133254127 ], [ 19.560439560439562, 44.070794070794079 ], [ 19.586719586719596, 44.065034065034069 ], [ 19.616599616599615, 44.045774045774039 ], [ 19.606879606879602, 44.008334008334003 ], [ 19.466839466839474, 43.96675396675397 ], [ 19.300159300159294, 44.000054000054007 ], [ 19.358479358479372, 43.869373869373874 ], [ 19.504279504279509, 43.718533718533706 ], [ 19.534879534879536, 43.691713691713687 ], [ 19.52659952659954, 43.674973674973671 ], [ 19.499959499959488, 43.583353583353585 ], [ 19.144279144279153, 43.53169353169352 ], [ 18.944118944118941, 43.517293517293524 ], [ 19.216639216639209, 43.333333333333343 ], [ 19.077679077679079, 43.308133308133307 ], [ 19.049959049959057, 43.249993249993253 ], [ 18.916758916758909, 43.333333333333343 ], [ 18.761238761238758, 43.293013293013303 ], [ 18.666558666558672, 43.033273033273048 ], [ 18.498438498438503, 42.995472995472994 ], [ 18.553158553158568, 42.583272583272588 ], [ 18.440118440118454, 42.555552555552566 ], [ 18.438318438318447, 42.540072540072543 ], [ 18.449838449838438, 42.499932499932498 ], [ 18.480078480078475, 42.450252450252464 ], [ 18.554238554238566, 42.410472410472408 ], [ 18.556038556038544, 42.379512379512391 ], [ 18.557478557478561, 42.354492354492351 ], [ 18.557478557478561, 42.346032346032359 ], [ 18.557838557838551, 42.337752337752335 ], [ 18.589878589878595, 42.218952218952211 ], [ 18.599958599958597, 42.200052200052198 ], [ 18.554958554958546, 42.091152091152082 ], [ 18.544158544158535, 42.061092061092069 ], [ 18.526878526878534, 42.014112014112015 ], [ 18.663678663678667, 41.927171927171941 ], [ 18.589878589878595, 41.865611865611868 ], [ 18.480078480078475, 41.88415188415189 ], [ 18.427878427878426, 41.740871740871739 ], [ 18.346518346518337, 41.514971514971506 ], [ 18.339318339318339, 41.494991494991496 ], [ 18.221598221598214, 41.442431442431456 ], [ 18.272358272358275, 41.43253143253142 ], [ 18.556038556038544, 41.291051291051303 ], [ 18.619038619038633, 41.259191259191255 ], [ 18.866718866718855, 41.133371133371128 ], [ 18.908838908838902, 41.193311193311189 ], [ 19.09999909999911, 41.458271458271469 ], [ 19.144999144999133, 41.550251550251545 ], [ 19.31383931383931, 41.775251775251775 ], [ 19.366759366759368, 41.84995184995185 ], [ 19.378279378279387, 41.866871866871861 ], [ 19.381519381519382, 41.885231885231889 ], [ 19.34191934191935, 41.9082719082719 ], [ 19.370719370719371, 41.922491922491929 ], [ 19.349479349479338, 41.940491940491938 ], [ 19.351279351279345, 41.956151956151956 ], [ 19.3879993879994, 41.966591966591977 ], [ 19.375399375399383, 41.974691974691979 ], [ 19.382599382599381, 41.999711999711991 ], [ 19.370719370719371, 42.033012033012028 ], [ 19.378999378999367, 42.071172071172072 ], [ 19.403119403119405, 42.102312102312112 ], [ 19.281799281799294, 42.180072180072187 ], [ 19.335079335079342, 42.228312228312234 ], [ 19.422559422559431, 42.326592326592333 ], [ 19.414639414639424, 42.349632349632344 ], [ 19.426879426879424, 42.371052371052372 ], [ 19.472959472959474, 42.390852390852388 ], [ 19.499599499599498, 42.432792432792439 ], [ 19.559359559359564, 42.493632493632504 ], [ 19.56151956151956, 42.514152514152528 ], [ 19.603999603999597, 42.534132534132539 ], [ 19.617679617679613, 42.541152541152542 ], [ 19.610839610839605, 42.574452574452579 ], [ 19.662679662679665, 42.62863262863263 ], [ 19.686799686799702, 42.627732627732627 ], [ 19.704079704079703, 42.655812655812667 ], [ 19.723519723519729, 42.661032661032664 ], [ 19.756639756639771, 42.636372636372641 ], [ 19.751239751239751, 42.613872613872616 ], [ 19.77463977463978, 42.590832590832605 ], [ 19.752679752679768, 42.580572580572579 ], [ 19.744039744039753, 42.54493254493255 ], [ 19.772479772479784, 42.49921249921249 ], [ 19.791559791559791, 42.482472482472474 ], [ 19.821799821799829, 42.468972468972481 ], [ 19.850599850599849, 42.479232479232479 ], [ 19.867879867879878, 42.482292482292479 ], [ 19.875799875799885, 42.495252495252487 ], [ 19.896679896679899, 42.485352485352479 ], [ 19.905679905679904, 42.507852507852505 ], [ 19.940959940959942, 42.518112518112531 ], [ 20.001800001800007, 42.509472509472516 ], [ 20.016200016200031, 42.543312543312538 ], [ 20.055800055800063, 42.559152559152551 ], [ 20.079200079200092, 42.555192555192548 ], [ 20.098640098640089, 42.53305253305254 ], [ 20.144720144720139, 42.515592515592516 ], [ 20.16740016740016, 42.505872505872503 ], [ 20.197640197640197, 42.462132462132473 ], [ 20.192600192600196, 42.45241245241246 ], [ 20.221400221400216, 42.432792432792439 ], [ 20.226800226800236, 42.417492417492412 ], [ 20.208440208440209, 42.401472401472404 ], [ 20.241920241920241, 42.38059238059239 ], [ 20.246240246240234, 42.354492354492351 ], [ 20.234000234000234, 42.347292347292353 ], [ 20.246600246600252, 42.32533232533234 ], [ 20.306360306360318, 42.315252315252309 ], [ 20.338760338760352, 42.328032328032322 ], [ 20.353880353880356, 42.311112311112311 ], [ 20.394560394560386, 42.299412299412296 ], [ 20.399600399600388, 42.290592290592286 ], [ 20.455400455400451, 42.272232272232287 ], [ 20.496080496080509, 42.241452241452237 ], [ 20.558720558720552, 42.146952146952145 ], [ 20.568080568080575, 42.12139212139212 ], [ 20.555120555120567, 42.082692082692091 ], [ 20.595080595080589, 42.041472041472048 ], [ 20.625320625320626, 41.968031968031966 ], [ 20.61704061704063, 41.937251937251943 ], [ 20.574560574560564, 41.916731916731919 ], [ 20.5936405936406, 41.876951876951864 ], [ 20.895680895680897, 42.096912096912092 ], [ 20.90000090000089, 42.099972099972092 ], [ 21.055521055521069, 42.11257211257211 ], [ 21.316521316521317, 42.133272133272129 ], [ 21.326961326961339, 42.136692136692147 ] ] ] } },
{ "type": "Feature", "properties": { "designator": "LZBB", "type": "FIR", "upper": null, "lower": 0.0, "name": "Bratislava  FIR" }, "geometry": { "type": "Polygon", "coordinates": [ [ [ 18.198198198198213, 47.739917739917729 ], [ 18.258318258318269, 47.738657738657736 ], [ 18.329958329958345, 47.736857736857729 ], [ 18.464598464598453, 47.764217764217761 ], [ 18.599958599958597, 47.766737766737776 ], [ 18.693198693198696, 47.780057780057774 ], [ 18.708678708678718, 47.782217782217771 ], [ 18.724878724878721, 47.791577791577794 ], [ 18.733158733158746, 47.80831780831781 ], [ 18.80011880011881, 47.823257823257819 ], [ 18.773478773478786, 47.941697941697953 ], [ 18.815958815958822, 48.021078021078011 ], [ 18.834318834318822, 48.048078048078054 ], [ 19.127359127359142, 48.073098073098066 ], [ 19.250119250119241, 48.068058068058065 ], [ 19.315999315999306, 48.088938088938079 ], [ 19.366039366039359, 48.091458091458094 ], [ 19.398439398439393, 48.083538083538087 ], [ 19.598599598599606, 48.230598230598218 ], [ 19.666639666639668, 48.250038250038244 ], [ 19.895599895599901, 48.158958158958171 ], [ 20.056880056880061, 48.174798174798184 ], [ 20.286200286200284, 48.266598266598265 ], [ 20.371520371520376, 48.32473832473832 ], [ 20.416520416520427, 48.3961983961984 ], [ 20.447840447840463, 48.449658449658443 ], [ 20.486720486720486, 48.484218484218474 ], [ 20.510120510120515, 48.515358515358514 ], [ 20.633240633240632, 48.549918549918544 ], [ 20.746280746280746, 48.570798570798559 ], [ 21.108441108441099, 48.491598491598495 ], [ 21.183321183321198, 48.519498519498512 ], [ 21.291321291321282, 48.523098523098525 ], [ 21.353241353241344, 48.560538560538561 ], [ 21.450081450081456, 48.583398583398576 ], [ 21.613881613881603, 48.509418509418509 ], [ 21.669321669321675, 48.399078399078405 ], [ 21.781281781281791, 48.339498339498334 ], [ 21.927081927081929, 48.36163836163837 ], [ 22.011322011322022, 48.384678384678381 ], [ 22.155322155322153, 48.403398403398398 ], [ 22.166842166842173, 48.433278433278446 ], [ 22.147402147402147, 48.464238464238463 ], [ 22.149922149922162, 48.466578466578454 ], [ 22.160002160002165, 48.540018540018536 ], [ 22.245682245682247, 48.634698634698623 ], [ 22.261522261522259, 48.651618651618662 ], [ 22.350442350442364, 48.771678771678779 ], [ 22.374922374922363, 48.823878823878829 ], [ 22.448722448722464, 48.950238950238941 ], [ 22.565722565722581, 49.0881190881191 ], [ 22.566802566802579, 49.088659088659085 ], [ 22.281322281322275, 49.142299142299152 ], [ 21.95012195012194, 49.336339336339336 ], [ 21.923481923481916, 49.351999351999353 ], [ 21.439281439281444, 49.412839412839418 ], [ 21.333441333441328, 49.448659448659441 ], [ 21.226881226881233, 49.419499419499431 ], [ 21.198441198441202, 49.408339408339401 ], [ 21.095481095481091, 49.367479367479376 ], [ 21.010161010160999, 49.336339336339336 ], [ 20.933120933120932, 49.291879291879297 ], [ 20.873360873360866, 49.324459324459326 ], [ 20.702360702360693, 49.417519417519429 ], [ 20.664560664560668, 49.403659403659418 ], [ 20.54792054792054, 49.3879993879994 ], [ 20.325440325440326, 49.358839358839361 ], [ 20.255240255240267, 49.349659349659362 ], [ 20.175320175320167, 49.313659313659315 ], [ 20.100080100080106, 49.220059220059227 ], [ 20.0, 49.222219222219223 ], [ 19.851679851679847, 49.196299196299208 ], [ 19.799839799839788, 49.303579303579312 ], [ 19.791559791559791, 49.376299376299386 ], [ 19.765279765279757, 49.384939384939372 ], [ 19.636039636039641, 49.427779427779427 ], [ 19.646839646839652, 49.454959454959464 ], [ 19.590319590319581, 49.504639504639499 ], [ 19.46935946935946, 49.611739611739608 ], [ 19.259479259479264, 49.53001953001953 ], [ 19.200079200079188, 49.413559413559426 ], [ 18.981198981198986, 49.390339390339392 ], [ 18.976518976518975, 49.444699444699438 ], [ 18.96211896211895, 49.511119511119517 ], [ 18.850878850878843, 49.516879516879527 ], [ 18.700398700398694, 49.497259497259506 ], [ 18.564678564678559, 49.506619506619501 ], [ 18.545598545598551, 49.433899433899427 ], [ 18.447318447318452, 49.393579393579387 ], [ 18.419598419598429, 49.3971793971794 ], [ 18.370998370998365, 49.326619326619323 ], [ 18.280278280278281, 49.303939303939302 ], [ 18.184518184518197, 49.286299286299283 ], [ 18.165798165798179, 49.246159246159237 ], [ 18.149958149958138, 49.233379233379225 ], [ 18.152118152118163, 49.216639216639209 ], [ 18.143478143478148, 49.198819198819194 ], [ 18.118998118998121, 49.17523917523917 ], [ 18.123318123318114, 49.153819153819143 ], [ 18.110718110718125, 49.127179127179119 ], [ 18.091278091278099, 49.066159066159059 ], [ 18.066798066798071, 49.035019035019047 ], [ 17.970677970677968, 49.024399024399031 ], [ 17.950157950157944, 49.024759024759021 ], [ 17.915237915237924, 49.003339003338994 ], [ 17.901557901557908, 48.971658971658968 ], [ 17.709317709317702, 48.865278865278867 ], [ 17.677997677997666, 48.858078858078869 ], [ 17.676197676197688, 48.857718857718851 ], [ 17.605277605277593, 48.84115884115883 ], [ 17.537597537597549, 48.821358821358814 ], [ 17.411237411237408, 48.819378819378812 ], [ 17.366597366597375, 48.815058815058819 ], [ 17.175077175077178, 48.858258858258864 ], [ 17.16787716787718, 48.853398853398858 ], [ 17.079317079317093, 48.78283878283878 ], [ 16.940716940716953, 48.615618615618615 ], [ 16.900396900396913, 48.541998541998538 ], [ 16.85071685071685, 48.450018450018462 ], [ 16.85611685611687, 48.427518427518436 ], [ 16.834156834156829, 48.382698382698379 ], [ 16.841356841356856, 48.374418374418383 ], [ 16.907956907956901, 48.305838305838307 ], [ 16.926316926316929, 48.270198270198279 ], [ 16.943956943956948, 48.242478242478256 ], [ 16.958356958356973, 48.216198216198222 ], [ 16.969156969156984, 48.190638190638197 ], [ 16.972396972396979, 48.179118179118177 ], [ 16.974556974556975, 48.172278172278169 ], [ 17.007677007677017, 48.126918126918127 ], [ 17.085797085797083, 48.10783810783812 ], [ 17.087957087957079, 48.06751806751808 ], [ 17.08147708147709, 48.025218025218038 ], [ 17.160677160677153, 48.006318006317997 ], [ 17.233397233397227, 48.019998019998013 ], [ 17.299997299997301, 47.983817983817971 ], [ 17.326277326277335, 47.946737946737954 ], [ 17.36983736983737, 47.946737946737954 ], [ 17.424917424917425, 47.919197919197927 ], [ 17.614277614277626, 47.818397818397813 ], [ 17.662517662517672, 47.787257787257801 ], [ 17.766557766557781, 47.74999774999776 ], [ 18.06211806211806, 47.756657756657745 ], [ 18.112878112878121, 47.757017757017763 ], [ 18.124398124398112, 47.754677754677743 ], [ 18.198198198198213, 47.739917739917729 ] ] ] } }
]
}
